# chapter:verse	to	votes (most first)
1:1	ROM.1.1	12
1:1	EPH.1.1	10
1:1	2CO.1.1	8
1:1	ACT.18.17	6
1:1	ACT.22.21	4
1:1	COL.1.1	4
1:1	JHN.15.16	3
1:1	1CO.9.1-1CO.9.2	3
1:1	GAL.1.1	3
1:1	GAL.1.15-GAL.1.16	3
1:1	GAL.2.7-GAL.2.8	3
1:1	EPH.4.11	3
1:1	1TI.1.1	3
1:1	1TI.2.7	3
1:1	2TI.1.1	3
1:1	LUK.6.13	2
1:1	JHN.20.21	2
1:1	ACT.1.2	2
1:1	ACT.1.25-ACT.1.26	2
1:1	ROM.1.5	2
1:1	1CO.3.9	2
1:1	1CO.6.16-1CO.6.17	2
1:1	1CO.15.9	2
1:1	2CO.11.5	2
1:1	2CO.12.12	2
1:2	ROM.1.7	10
1:2	1CO.6.9-1CO.6.11	8
1:2	ACT.26.18	7
1:2	1CO.1.30	7
1:2	1PE.1.15-1PE.1.16	6
1:2	1TH.4.7	5
1:2	HEB.13.12	5
1:2	ACT.9.14	4
1:2	2CO.4.5	4
1:2	PHP.2.9-PHP.2.11	4
1:2	HEB.10.10	4
1:2	GEN.4.26	3
1:2	GEN.12.8	3
1:2	PSA.45.11	3
1:2	ACT.7.59-ACT.7.60	3
1:2	ACT.9.21	3
1:2	ACT.10.36	3
1:2	ACT.15.9	3
1:2	ACT.18.1	3
1:2	ACT.18.8-ACT.18.11	3
1:2	ROM.3.22	3
1:2	ROM.10.12	3
1:2	ROM.14.8-ROM.14.9	3
1:2	1CO.8.6	3
1:2	2CO.1.1	3
1:2	EPH.5.26	3
1:2	2TH.2.16-2TH.2.17	3
1:2	1TI.3.15	3
1:2	2TI.1.9	3
1:2	JHN.17.17-JHN.17.19	2
1:2	1TH.1.1	2
1:2	2TH.1.1	2
1:2	2TI.2.22	2
1:2	GEN.13.4-GEN.13.13	1
1:2	ACT.22.16	1
1:2	HEB.2.11	1
1:2	JUD.1.1	1
1:2	REV.19.16	1
1:2	GAL.1.2	0
1:3	ROM.1.7	7
1:3	2CO.1.2	6
1:3	1PE.1.2	6
1:3	EPH.1.2	5
1:4	ROM.1.8	11
1:4	JHN.14.26	5
1:4	JHN.14.14	4
1:4	JHN.14.16	4
1:4	JHN.15.26	4
1:4	ROM.6.17	4
1:4	1TI.1.14	4
1:4	JHN.10.30	3
1:4	ACT.11.23	3
1:4	1CO.1.3	3
1:4	ACT.21.20	1
1:5	2CO.9.11	20
1:5	2CO.8.7	17
1:5	COL.2.3	16
1:5	PHP.1.9	10
1:5	ROM.15.14	8
1:5	1CO.12.8	7
1:5	JAS.3.13	7
1:5	EPH.1.17	6
1:5	EPH.6.19	6
1:5	COL.3.10	6
1:5	2PE.3.18	6
1:5	EPH.3.8	5
1:5	ROM.11.12	4
1:5	1CO.13.2	4
1:5	EPH.2.7	4
1:5	COL.1.9-COL.1.10	4
1:5	ACT.2.4	3
1:5	1CO.8.11	3
1:5	1CO.13.8	3
1:5	1CO.14.5-1CO.14.6	3
1:5	1CO.14.26	3
1:5	2CO.4.6	3
1:5	ROM.15.4	2
1:5	1CO.4.7-1CO.4.10	2
1:5	1CO.12.10	2
1:5	COL.4.3-COL.4.4	1
1:6	2TI.1.8	7
1:6	REV.1.2	7
1:6	1TI.2.6	6
1:6	1CO.2.1-1CO.2.2	5
1:6	ACT.20.24	4
1:6	ROM.15.19	4
1:6	2CO.12.12	4
1:6	REV.19.10	4
1:6	MRK.16.20	3
1:6	ACT.18.5	3
1:6	ACT.20.21	3
1:6	ACT.22.18	3
1:6	ACT.23.11	3
1:6	ACT.28.23	3
1:6	GAL.3.5	3
1:6	2TH.1.10	3
1:6	HEB.2.3-HEB.2.4	3
1:6	REV.12.17	3
1:6	ACT.11.21	2
1:6	1JN.5.11-1JN.5.13	2
1:6	REV.1.9	2
1:6	REV.6.9	2
1:6	REV.12.11	2
1:6	ACT.11.17	1
1:7	PHP.3.20	10
1:7	2PE.3.12	9
1:7	HEB.9.28	7
1:7	1JN.3.2	7
1:7	LUK.17.30	5
1:7	ROM.8.19	5
1:7	TIT.2.13	5
1:7	1PE.4.13	5
1:7	JUD.1.21	5
1:7	HEB.10.36-HEB.10.37	3
1:7	JAS.5.7-JAS.5.8	3
1:7	1PE.1.13	3
1:7	1PE.5.4	3
1:7	GEN.49.18	2
1:7	MAT.25.1	2
1:7	LUK.12.36	2
1:7	2CO.12.13	2
1:7	COL.3.4	2
1:7	1TH.1.10	2
1:7	2TH.1.7	2
1:7	1TI.6.14-1TI.6.15	2
1:7	2TI.4.8	2
1:7	1CO.4.5	1
1:8	1TH.5.23-1TH.5.24	50
1:8	1TH.3.13	41
1:8	COL.1.22	40
1:8	PHP.1.6	38
1:8	JUD.1.24-JUD.1.25	29
1:8	2TH.3.3	27
1:8	EPH.5.27	26
1:8	ROM.16.25	14
1:8	1PE.5.10	13
1:8	PHP.1.10	10
1:8	PHP.2.15-PHP.2.16	10
1:8	PSA.37.28	9
1:8	ROM.14.4	8
1:8	2PE.3.14	8
1:8	2CO.1.21	6
1:8	2PE.3.10	6
1:8	PSA.37.17	5
1:8	2CO.1.14	4
1:8	LUK.17.24	2
1:8	1CO.5.5	2
1:9	2TH.3.3	50
1:9	HEB.10.23	38
1:9	DEU.7.9	35
1:9	1JN.1.3	27
1:9	1CO.10.13	26
1:9	DEU.32.4	19
1:9	ROM.8.28	17
1:9	PSA.100.5	16
1:9	ISA.49.7	16
1:9	1JN.1.7	15
1:9	REV.19.11	15
1:9	NUM.23.19	14
1:9	1PE.5.10	14
1:9	2CO.1.18	13
1:9	1TH.5.23-1TH.5.24	12
1:9	ISA.25.1	11
1:9	LAM.3.22-LAM.3.23	11
1:9	JHN.15.4-JHN.15.5	11
1:9	ROM.9.24	11
1:9	HEB.11.11	11
1:9	1JN.4.13	11
1:9	PSA.89.33-PSA.89.35	10
1:9	ISA.11.5	10
1:9	GAL.2.20	10
1:9	JHN.17.21	9
1:9	ROM.8.30	9
1:9	2TH.2.14	9
1:9	HEB.3.14	9
1:9	EPH.2.20-EPH.2.22	8
1:9	EPH.3.6	8
1:9	TIT.1.2	8
1:9	MAT.24.35	7
1:9	2TI.1.9	7
1:9	HEB.6.18	7
1:9	1CO.10.16	6
1:9	1CO.1.30	5
1:9	GAL.1.15	5
1:9	HEB.2.17	5
1:9	HEB.3.1	5
1:9	1TH.2.12	4
1:9	ROM.11.17	3
1:9	COL.1.24	2
1:10	PHP.2.1-PHP.2.4	72
1:10	EPH.4.1-EPH.4.7	47
1:10	1CO.12.25	46
1:10	ROM.12.16	43
1:10	JAS.3.13-JAS.3.18	32
1:10	2CO.13.11	31
1:10	EPH.4.31-EPH.4.32	28
1:10	PSA.133.1	24
1:10	PHP.1.27	21
1:10	1CO.11.18	20
1:10	ROM.16.17	19
1:10	1PE.3.8-1PE.3.9	16
1:10	1CO.4.16	15
1:10	2CO.5.20	15
1:10	JER.32.39	14
1:10	ACT.4.32	14
1:10	ROM.15.5-ROM.15.6	14
1:10	1TH.4.1-1TH.4.2	13
1:10	JHN.17.23	10
1:10	1TH.5.13	9
1:10	ROM.12.1	8
1:10	JHN.10.19	7
1:10	JHN.13.34-JHN.13.35	7
1:10	MRK.2.21	6
1:10	JHN.7.43	6
1:10	2CO.10.1	6
1:10	PHP.3.16	6
1:10	2TI.4.1	6
1:10	PHM.1.9-PHM.1.10	6
1:10	1PE.2.11	6
1:10	MAT.9.16	5
1:10	JHN.9.16	5
1:10	ROM.15.30	5
1:10	2CO.6.1	5
1:10	GAL.4.12	4
1:10	2TH.2.1	4
1:10	1TI.5.21	4
1:11	PRO.18.6	3
1:11	GAL.5.26	3
1:11	1TI.6.4	3
1:11	2TI.2.23-2TI.2.25	3
1:11	GEN.27.42	2
1:11	GEN.37.2	2
1:11	1SA.25.14-1SA.25.17	2
1:11	PRO.13.10	2
1:11	1CO.3.3	2
1:11	2CO.12.20	2
1:11	GAL.5.15	2
1:11	GAL.5.20	2
1:11	1CO.6.1-1CO.6.7	1
1:11	1CO.11.18	1
1:11	PHP.2.14	1
1:11	JAS.4.1-JAS.4.2	1
1:12	MAT.23.9-MAT.23.10	6
1:12	JHN.1.42	5
1:12	1CO.3.21-1CO.3.23	5
1:12	1CO.3.4-1CO.3.6	4
1:12	1CO.4.6	3
1:12	1CO.7.29	3
1:12	1CO.9.5	3
1:12	1CO.15.5	3
1:12	1CO.15.50	3
1:12	1CO.16.12	3
1:12	2CO.9.6	3
1:12	GAL.2.9	3
1:12	ACT.18.24-ACT.19.1	2
1:12	GAL.3.17	2
1:13	EPH.4.5	10
1:13	2CO.11.4	8
1:13	ACT.2.38	6
1:13	ACT.10.48	5
1:13	ACT.19.5	5
1:13	1CO.10.2	5
1:13	2CO.5.14-2CO.5.15	4
1:13	MAT.28.19	3
1:13	GAL.1.7	3
1:13	ACT.8.16	2
1:13	ROM.14.9	2
1:13	1CO.1.15	2
1:13	1CO.6.19-1CO.6.20	2
1:13	TIT.2.14	2
1:14	ACT.18.8	6
1:14	ROM.16.23	5
1:14	1CO.1.4	1
1:14	1CO.14.18	1
1:14	2CO.2.14	1
1:14	EPH.5.20	1
1:14	COL.3.15	1
1:14	COL.3.17	1
1:14	1TH.5.18	1
1:14	3JN.1.1-3JN.1.4	1
1:14	1TI.1.12	0
1:14	PHM.1.4	0
1:15	JHN.3.28-JHN.3.29	1
1:15	JHN.7.18	1
1:15	2CO.11.2	1
1:16	1CO.16.15	5
1:16	1CO.16.17	4
1:16	ACT.16.15	3
1:16	ACT.16.33	3
1:17	1CO.2.1	20
1:17	1CO.2.13	12
1:17	2PE.1.16	10
1:17	1CO.2.4-1CO.2.5	8
1:17	2CO.10.10	7
1:17	JHN.4.2	6
1:17	2CO.4.2	6
1:17	ACT.26.17-ACT.26.18	5
1:17	2CO.10.3-2CO.10.4	5
1:17	2CO.11.6	5
1:17	ACT.10.48	4
1:18	1CO.2.14	76
1:18	ROM.1.16	54
1:18	2TH.2.10	44
1:18	1CO.1.23-1CO.1.25	36
1:18	2CO.4.3	32
1:18	1CO.1.21	29
1:18	2CO.2.15-2CO.2.16	22
1:18	1CO.3.19	19
1:18	1TH.1.5	15
1:18	ACT.13.41	14
1:18	1CO.2.2	14
1:18	2CO.10.4	12
1:18	HEB.4.12	11
1:18	PSA.110.2-PSA.110.3	10
1:18	ACT.17.32	10
1:18	GAL.6.12-GAL.6.14	10
1:18	1CO.15.2	9
1:18	ACT.2.47	6
1:18	ACT.17.18	5
1:19	ISA.29.14	62
1:19	JER.8.9	35
1:19	1CO.3.19	29
1:19	JOB.5.12-JOB.5.13	25
1:19	ISA.19.11	12
1:19	ISA.19.3	6
1:20	ROM.1.22	11
1:20	JOB.12.17	7
1:20	1CO.3.19	7
1:20	1CO.1.19	6
1:20	JOB.12.24	4
1:20	ISA.44.25	4
1:20	2SA.15.31	3
1:20	2SA.16.23	3
1:20	2SA.17.14	3
1:20	2SA.17.23	3
1:20	JOB.12.20	3
1:20	ISA.33.18	3
1:20	ISA.53.1	3
1:20	1CO.2.6	3
1:20	ISA.19.11-ISA.19.12	2
1:21	LUK.10.21	11
1:21	MAT.11.25	7
1:21	ROM.1.20-ROM.1.22	7
1:21	1CO.1.24	5
1:21	EPH.3.10	5
1:21	DAN.2.20	4
1:21	ROM.1.28	4
1:21	ROM.11.33	4
1:22	MAT.16.1-MAT.16.4	8
1:22	MAT.12.38-MAT.12.39	7
1:22	MRK.8.11	7
1:22	LUK.11.16	7
1:22	JHN.2.18	7
1:22	ACT.17.18-ACT.17.21	7
1:22	LUK.11.20	5
1:22	JHN.4.28	2
1:23	1CO.2.14	15
1:23	1CO.2.2	11
1:23	1PE.2.8	11
1:23	ISA.8.14-ISA.8.15	8
1:23	GAL.5.11	8
1:23	1CO.1.18	7
1:23	MAT.11.6	6
1:23	LUK.2.34	6
1:23	MAT.13.57	4
1:23	JHN.6.53-JHN.6.66	4
1:23	ROM.9.32-ROM.9.33	4
1:23	2CO.4.5	4
1:23	GAL.6.14	4
1:23	LUK.24.46-LUK.24.47	3
1:23	ACT.10.39-ACT.10.43	3
1:23	1CO.1.28	3
1:23	GAL.3.1	3
1:23	EPH.3.8	3
1:23	ACT.7.32-ACT.7.35	1
1:24	1CO.1.30	18
1:24	COL.2.3	16
1:24	1CO.1.18	14
1:24	ROM.1.16	11
1:24	1CO.1.9	11
1:24	ROM.8.28-ROM.8.30	10
1:24	ROM.1.4	8
1:24	PRO.8.22-PRO.8.30	7
1:24	LUK.7.35	7
1:24	ROM.9.24	7
1:24	1CO.1.2	6
1:24	LUK.11.49	4
1:24	PRO.8.1	3
1:25	ROM.11.33-ROM.11.36	13
1:25	1CO.1.18	10
1:25	ZEC.4.6-ZEC.4.7	9
1:25	2CO.13.4	8
1:25	JDG.7.2-JDG.7.8	5
1:25	ZEC.12.7-ZEC.12.8	5
1:25	1CO.1.27-1CO.1.29	5
1:25	EXO.14.2-EXO.14.4	3
1:25	JOS.6.2-JOS.6.5	3
1:25	JDG.15.15-JDG.15.16	3
1:25	1KI.20.14-1KI.20.22	3
1:25	1SA.17.40-1SA.17.51	2
1:25	EXO.13.17	1
1:26	JAS.2.5	17
1:26	1CO.3.18-1CO.3.20	12
1:26	1CO.2.8	8
1:26	JAS.1.9-JAS.1.11	8
1:26	MAT.11.25-MAT.11.26	7
1:26	LUK.10.21	6
1:26	LUK.18.24-LUK.18.25	6
1:26	1CO.1.20	6
1:26	ZEP.3.12	3
1:26	LUK.1.3	3
1:26	1CO.2.13	3
1:26	1CO.2.3-1CO.2.6	2
1:26	JAS.3.13-JAS.3.17	2
1:26	JHN.4.46-JHN.4.53	1
1:26	JHN.7.47-JHN.7.49	1
1:26	JHN.19.38-JHN.19.39	1
1:26	ACT.13.7	1
1:26	ACT.13.12	1
1:26	ACT.17.34	1
1:26	2JN.1.1	1
1:26	PHP.4.22	0
1:27	JAS.2.5	52
1:27	MAT.11.25	36
1:27	1CO.1.20	35
1:27	PSA.8.2	27
1:27	LUK.21.15	22
1:27	ISA.29.14	19
1:27	2CO.10.4-2CO.10.5	16
1:27	ACT.4.11-ACT.4.21	15
1:27	2CO.4.7	14
1:27	MAT.21.16	10
1:27	ZEP.3.12	9
1:27	ISA.26.5-ISA.26.6	8
1:27	ISA.29.19	8
1:27	2CO.10.10	7
1:27	MAT.4.18-MAT.4.22	6
1:27	MAT.9.9	5
1:27	ACT.24.24-ACT.24.25	5
1:27	LUK.19.39-LUK.19.40	4
1:27	ACT.6.9-ACT.6.10	4
1:27	ACT.17.18	4
1:27	ACT.7.54	2
1:27	ACT.7.35	1
1:28	JOB.34.24	12
1:28	ROM.4.17	7
1:28	ISA.2.11	6
1:28	ISA.41.12	5
1:28	JOB.34.19-JOB.34.20	4
1:28	ISA.17.13-ISA.17.14	4
1:28	PSA.37.35-PSA.37.36	3
1:28	ISA.2.17	3
1:28	ISA.37.36	2
1:28	DAN.2.34-DAN.2.35	2
1:28	DEU.28.63	1
1:28	DAN.2.44-DAN.2.45	1
1:28	REV.18.17	1
1:28	PSA.32.10	0
1:28	1CO.2.6	0
1:29	ROM.3.27	7
1:29	JER.9.23	6
1:29	EPH.2.9	6
1:29	ROM.3.19	4
1:29	ROM.15.17	4
1:29	1CO.1.31	4
1:29	1CO.4.7	4
1:29	ISA.10.15	3
1:29	ROM.4.2	3
1:29	1CO.5.6	3
1:29	PSA.49.6	2
1:30	EPH.1.7	40
1:30	PHP.3.9	36
1:30	ROM.8.1	32
1:30	1CO.1.2	27
1:30	1CO.6.11	23
1:30	COL.1.14	23
1:30	EPH.2.10	21
1:30	JHN.14.6	19
1:30	JER.33.16	15
1:30	PRO.2.6	13
1:30	JER.23.5-JER.23.6	13
1:30	GAL.3.13	12
1:30	EPH.1.17-EPH.1.18	11
1:30	2CO.5.17-2CO.5.21	10
1:30	ROM.3.21-ROM.3.24	9
1:30	1CO.1.24	9
1:30	2CO.4.6	9
1:30	GAL.1.4	9
1:30	EPH.1.3-EPH.1.4	9
1:30	JAS.1.5	9
1:30	EPH.5.26	8
1:30	2PE.1.1	8
1:30	REV.14.4	8
1:30	1CO.12.8	7
1:30	GAL.5.22-GAL.5.24	7
1:30	EPH.4.30	7
1:30	2TI.3.15-2TI.3.17	7
1:30	TIT.2.14	7
1:30	HEB.9.12	7
1:30	1PE.1.18-1PE.1.19	7
1:30	JHN.17.8	6
1:30	EPH.3.9-EPH.3.10	6
1:30	COL.2.2-COL.2.3	6
1:30	ROM.4.6	5
1:30	ROM.4.25	5
1:30	ROM.5.19	5
1:30	ROM.5.21	5
1:30	1CO.12.27	5
1:30	ISA.45.24-ISA.45.25	4
1:30	ISA.54.17	4
1:30	DAN.2.20	4
1:30	DAN.9.24	4
1:30	HOS.13.14	4
1:30	MAT.1.21	4
1:30	LUK.21.15	4
1:30	JHN.1.18	4
1:30	JHN.8.12	4
1:30	JHN.15.1-JHN.15.6	4
1:30	JHN.17.17-JHN.17.19	4
1:30	JHN.17.21-JHN.17.23	4
1:30	JHN.17.26	4
1:30	ROM.1.17	4
1:30	ROM.8.9	4
1:30	ROM.8.23	4
1:30	ROM.11.36	4
1:30	ROM.12.5	4
1:30	EPH.1.14	4
1:30	PSA.71.15-PSA.71.16	3
1:30	ISA.45.17	3
1:30	ACT.26.18	3
1:30	ROM.16.7	3
1:30	ROM.16.11	3
1:30	1CO.12.18	3
1:30	1CO.15.54-1CO.15.57	3
1:30	EPH.1.10	3
1:30	COL.3.16	3
1:30	1PE.1.2	3
1:30	1JN.5.6	3
1:30	REV.5.9	3
1:30	PRO.1.20	2
1:30	PRO.8.5	2
1:30	2CO.12.2	2
1:31	JER.9.23-JER.9.24	47
1:31	2CO.10.17	20
1:31	PHP.3.3	11
1:31	PSA.105.3	9
1:31	ISA.41.16	8
1:31	1CH.16.10	7
1:31	ISA.45.25	7
1:31	JER.4.2	7
1:31	GAL.6.13-GAL.6.14	6
1:31	1CH.16.35	5
2:1	1CO.1.17	14
2:1	1CO.2.4	9
2:1	1CO.2.13	9
2:1	EXO.4.10	5
2:1	ROM.16.18	5
2:1	JER.1.6-JER.1.7	4
2:1	2TI.1.8	4
2:1	1JN.5.11-1JN.5.13	4
2:1	2CO.11.6	3
2:1	2TH.1.10	3
2:1	ISA.8.20	2
2:1	ACT.18.1-ACT.18.4	2
2:1	ACT.20.21	2
2:1	ACT.22.18	2
2:1	1CO.1.6	2
2:1	1JN.4.14	2
2:1	REV.1.2	2
2:1	2CO.10.10	1
2:1	1TI.1.11	1
2:1	REV.1.9	1
2:1	REV.19.10	1
2:2	GAL.6.14	37
2:2	1CO.1.22-1CO.1.25	20
2:2	PHP.3.8-PHP.3.10	20
2:2	JHN.17.3	19
2:2	GAL.3.1	15
2:3	2CO.13.4	9
2:3	1CO.4.10-1CO.4.13	6
2:3	2CO.12.5-2CO.12.10	4
2:3	2CO.13.9	4
2:3	2CO.4.1	3
2:3	2CO.4.7-2CO.4.12	3
2:3	2CO.4.16	3
2:3	2CO.6.4	3
2:3	2CO.10.10	3
2:3	GAL.4.13-GAL.4.14	3
2:3	ACT.17.6-ACT.17.12	2
2:3	2CO.7.5	2
2:3	2CO.11.29-2CO.11.30	2
2:3	ACT.18.6	1
2:3	ACT.18.12	1
2:3	ACT.20.18-ACT.20.19	1
2:3	2CO.10.1	1
2:3	ACT.17.1	0
2:4	1CO.4.20	37
2:4	1TH.1.5	30
2:4	1CO.1.17	29
2:4	1CO.2.1	21
2:4	ROM.15.19	16
2:4	2PE.1.16	13
2:4	1CO.2.13	12
2:4	COL.2.4	7
2:4	JHN.16.8-JHN.16.15	5
2:4	GAL.1.10	5
2:4	1PE.1.12	5
2:4	2PE.2.18	5
2:4	2CH.18.19-2CH.18.21	3
2:4	PRO.7.21	3
2:4	EZK.13.6	3
2:4	ACT.20.27	3
2:4	ROM.16.18	3
2:4	ACT.26.28	2
2:4	JDG.14.15	1
2:4	JDG.16.5	1
2:4	2SA.14.17-2SA.14.20	1
2:4	2SA.15.2-2SA.15.6	1
2:4	1KI.22.13-1KI.22.14	1
2:4	PRO.20.19	0
2:4	JER.20.10	0
2:4	EZK.13.10-EZK.13.11	0
2:5	2CO.4.7	25
2:5	2CO.12.9	15
2:5	2CO.6.7	11
2:5	1CO.1.17	9
2:5	ACT.16.14	7
2:5	1CO.3.6	7
2:6	HEB.5.14	9
2:6	JAS.3.15	8
2:6	1CO.2.8	4
2:6	2CO.4.4	4
2:6	MAT.5.48	3
2:6	1CO.1.18-1CO.1.20	3
2:6	1CO.1.28	3
2:6	EPH.4.11-EPH.4.13	3
2:6	PHP.3.12-PHP.3.15	3
2:6	1PE.5.10	3
2:6	JOB.1.1	2
2:6	JOB.12.19	2
2:6	JOB.12.21	2
2:6	PSA.2.1-PSA.2.6	2
2:6	PSA.33.10	2
2:6	ISA.19.11-ISA.19.13	2
2:6	2CO.1.12	2
2:6	EPH.2.2	2
2:6	COL.4.12	2
2:6	PSA.37.37	1
2:6	ISA.40.23	1
2:6	MAT.13.22	1
2:6	MAT.19.21	1
2:6	LUK.16.8	1
2:6	ACT.4.25-ACT.4.28	1
2:6	1CO.2.1	1
2:6	1CO.2.13	1
2:6	1CO.14.20	1
2:6	2CO.13.11	1
2:6	JAS.3.2	1
2:7	COL.1.26-COL.1.27	24
2:7	2PE.1.3	17
2:7	ROM.16.25-ROM.16.26	15
2:7	PSA.78.2	13
2:7	MAT.11.25	13
2:7	MAT.13.35	13
2:7	1PE.5.10	12
2:7	EPH.3.4-EPH.3.9	10
2:7	EPH.1.4	9
2:7	ISA.48.6-ISA.48.7	8
2:7	2TI.1.9	8
2:7	REV.13.8	8
2:7	1PE.1.11	7
2:7	1PE.5.1	5
2:8	ACT.13.27	12
2:8	JAS.2.1	8
2:8	ACT.7.2	5
2:8	1CO.2.6	5
2:8	PSA.24.7-PSA.24.10	4
2:8	JHN.8.19	3
2:8	JHN.15.22-JHN.15.25	3
2:8	JHN.16.3	3
2:8	ACT.3.16-ACT.3.17	3
2:8	1CO.1.26-1CO.1.28	3
2:8	2CO.3.14	3
2:8	1TI.1.13	3
2:8	MAT.11.25	2
2:8	JHN.3.19-JHN.3.21	2
2:8	JHN.7.48	2
2:8	JHN.9.39-JHN.9.41	2
2:8	JHN.12.40-JHN.12.43	2
2:8	LUK.23.34	1
2:9	ISA.64.4	328
2:9	PSA.31.19	136
2:9	JAS.1.12	126
2:9	ROM.8.28	91
2:9	ISA.65.17	76
2:9	JAS.2.5	75
2:9	HEB.11.16	73
2:9	MAT.25.34	60
2:9	1JN.4.19	54
2:9	JHN.3.16	48
2:9	1PE.1.12	47
2:9	MAT.20.23	39
2:10	JHN.14.26	35
2:10	EPH.3.5	23
2:10	LUK.10.21	22
2:10	JHN.16.13	19
2:10	EPH.3.3	16
2:10	MAT.13.11	15
2:10	MAT.16.17	15
2:10	ROM.11.33-ROM.11.36	15
2:10	GAL.1.12	15
2:10	JOB.12.22	11
2:10	AMO.3.7	11
2:10	ROM.8.26-ROM.8.27	11
2:10	1CO.2.11	11
2:10	1PE.1.12	11
2:10	ISA.48.16	10
2:10	1JN.2.27	10
2:10	PSA.92.5-PSA.92.6	9
2:10	DAN.2.22	9
2:10	MAT.11.25-MAT.11.27	9
2:10	LUK.2.26	9
2:10	1CO.14.30	9
2:10	1JN.2.20	9
2:10	ISA.59.21	7
2:10	REV.1.1	7
2:10	1CO.12.8-1CO.12.11	6
2:11	PRO.20.27	17
2:11	1CO.2.10	9
2:11	PRO.14.10	8
2:11	JER.17.9	8
2:11	ROM.11.33-ROM.11.34	8
2:11	PRO.20.5	6
2:12	1JN.2.27	38
2:12	ROM.8.5-ROM.8.6	31
2:12	1JN.2.20	29
2:12	1JN.5.19-1JN.5.20	23
2:12	1JN.4.4-1JN.4.5	18
2:12	JHN.16.14-JHN.16.15	15
2:12	ROM.8.15-ROM.8.16	15
2:12	ROM.8.1	13
2:12	2CO.4.4	13
2:12	ROM.8.32	10
2:12	JAS.4.5	8
2:12	1CO.3.22	5
2:12	EPH.2.2	5
2:12	REV.22.6	5
2:12	1CO.2.6	3
2:12	1CO.1.27	2
2:13	1CO.2.14	9
2:13	1CO.2.4	8
2:13	1CO.1.17	6
2:13	1CO.2.1	4
2:13	1CO.12.1-1CO.12.3	4
2:13	COL.3.16	4
2:13	1PE.1.12	3
2:13	LUK.12.12	2
2:13	1CO.9.11	2
2:13	1CO.10.3-1CO.10.5	2
2:13	1CO.14.2	2
2:13	EPH.5.19	2
2:13	2PE.1.16	2
2:13	ACT.2.4	1
2:14	1CO.1.18	68
2:14	ROM.8.5-ROM.8.8	57
2:14	MAT.13.11-MAT.13.17	39
2:14	2CO.4.4-2CO.4.6	36
2:14	1JN.2.27	28
2:14	1CO.15.46	27
2:14	JUD.1.19	24
2:14	JAS.3.15	22
2:14	JHN.6.44-JHN.6.45	20
2:14	JHN.10.26-JHN.10.27	19
2:14	1CO.2.12	19
2:14	1JN.2.20	18
2:14	PRO.14.6	17
2:14	1CO.15.44	17
2:14	JHN.12.37	14
2:14	JHN.5.44	12
2:14	JHN.14.26	12
2:14	JHN.16.8-JHN.16.15	11
2:14	MAT.16.23	10
2:14	JHN.3.3-JHN.3.6	9
2:14	JHN.8.43	9
2:14	1CO.1.23	8
2:14	ACT.16.14	7
2:14	JHN.8.51-JHN.8.52	6
2:14	1JN.5.20	6
2:14	ACT.25.19	5
2:14	JHN.10.20	4
2:14	JHN.15.26	4
2:14	ACT.17.32	4
2:14	ACT.18.15	4
2:14	ACT.17.18	2
2:14	ACT.26.24-ACT.26.25	1
2:15	1TH.5.21	11
2:15	PRO.28.5	10
2:15	HEB.5.14	10
2:15	1JN.4.1	9
2:15	1CO.14.37	7
2:15	GAL.6.1	6
2:15	EPH.4.13-EPH.4.14	5
2:15	PHP.1.10	5
2:15	1CO.3.1	4
2:15	COL.1.9	4
2:15	2SA.12.16-2SA.12.23	3
2:15	2SA.14.17	3
2:15	1KI.3.9-1KI.3.11	3
2:15	PSA.25.14	3
2:15	ECC.8.5	3
2:15	ACT.15.1-ACT.15.5	3
2:15	ACT.16.3	3
2:15	1CO.4.5	3
2:15	GAL.2.3-GAL.2.5	3
2:15	JHN.7.17	2
2:16	ISA.40.13-ISA.40.14	39
2:16	ROM.11.34	36
2:16	JHN.16.13-JHN.16.16	33
2:16	JHN.15.15	24
2:16	JOB.15.8	14
2:16	JER.23.18	13
2:16	EPH.3.3-EPH.3.4	12
2:16	JOB.40.2	7
2:16	JHN.17.6-JHN.17.8	7
2:16	JOB.22.2	4
2:16	GEN.1.12	3
3:1	HEB.5.13	24
3:1	1CO.2.14-1CO.2.15	21
3:1	EPH.4.13-EPH.4.14	18
3:1	1CO.14.20	13
3:1	1CO.2.6	11
3:1	ROM.7.14	9
3:1	MAT.16.23	8
3:1	1CO.3.3-1CO.3.4	8
3:1	GAL.6.1	8
3:1	1JN.2.12	8
3:2	HEB.5.11-HEB.5.14	18
3:2	JHN.16.12	16
3:2	1PE.2.2	16
3:3	JAS.3.16	14
3:3	GAL.5.15	10
3:3	TIT.3.3	10
3:3	2CO.12.20	7
3:3	EPH.4.22-EPH.4.24	7
3:3	JAS.4.1-JAS.4.2	7
3:3	ROM.13.13	6
3:3	1CO.1.11	6
3:3	1CO.11.18	6
3:3	GAL.5.19-GAL.5.21	6
3:3	1PE.4.2	5
3:3	MRK.7.21-MRK.7.22	4
3:3	1CO.6.1-1CO.6.8	4
3:3	EPH.2.2-EPH.2.3	4
3:3	HOS.6.7	3
3:4	1CO.1.12	3
3:4	1CO.3.3	2
3:4	1CO.4.6	2
3:5	2CO.6.4	10
3:5	2CO.6.1	9
3:5	1PE.4.10	8
3:5	2CO.3.6	6
3:5	1CO.3.10	5
3:5	2CO.3.3	5
3:5	2CO.4.5	5
3:5	2CO.4.7	5
3:5	2CO.11.23	5
3:5	MAT.25.15	3
3:5	LUK.1.2	3
3:5	JHN.3.27	3
3:5	ROM.10.14-ROM.10.15	3
3:5	ROM.12.3-ROM.12.6	3
3:5	1CO.3.7	3
3:5	1CO.4.1-1CO.4.2	3
3:5	1CO.9.17	3
3:5	1CO.12.4-1CO.12.11	3
3:5	1CO.12.28	3
3:5	EPH.3.7	2
3:5	COL.1.25	2
3:6	1CO.3.9-1CO.3.10	16
3:6	PRO.11.25	12
3:6	2CO.10.14-2CO.10.15	11
3:6	ACT.18.4-ACT.18.11	8
3:6	1CO.9.1	8
3:6	ISA.55.10-ISA.55.11	7
3:6	ACT.19.1	7
3:6	1CO.1.30	7
3:6	PSA.92.13-PSA.92.15	5
3:6	ACT.16.14	5
3:6	ACT.18.26-ACT.18.27	5
3:6	1CO.4.14-1CO.4.15	5
3:6	1CO.9.7-1CO.9.11	5
3:6	2CO.3.2-2CO.3.5	5
3:6	PSA.62.9	4
3:6	PSA.62.11	4
3:6	PSA.127.1	4
3:6	ISA.61.11	4
3:6	ACT.14.27	4
3:6	ACT.18.24	4
3:6	ACT.21.19	4
3:6	ROM.15.18	4
3:6	ACT.11.18	3
3:6	1TH.1.5	2
3:6	1CO.15.1-1CO.15.11	1
3:7	JHN.15.5	25
3:7	GAL.6.3	15
3:7	PSA.115.1	11
3:7	2CO.12.9	11
3:7	1CO.13.2	7
3:7	ISA.40.17	5
3:7	DAN.4.35	5
3:7	ISA.41.29	4
3:8	ROM.2.6	12
3:8	PSA.62.12	9
3:8	MAT.16.27	9
3:8	JHN.4.36-JHN.4.38	9
3:8	2JN.1.8	9
3:8	1CO.15.58	8
3:8	GAL.6.7-GAL.6.8	8
3:8	REV.22.12	8
3:8	GAL.6.4	5
3:8	1PE.5.4	5
3:8	DAN.12.3	4
3:8	MAT.5.11-MAT.5.12	4
3:8	MAT.10.41-MAT.10.42	4
3:8	1CO.3.9	4
3:8	1CO.3.14	4
3:8	HEB.6.10	4
3:8	1CO.4.5-1CO.4.6	3
3:8	1CO.9.17-1CO.9.18	3
3:8	REV.2.23	3
3:9	1PE.2.5	34
3:9	EPH.2.20-EPH.2.22	31
3:9	2CO.6.1	25
3:9	1CO.3.16	22
3:9	MRK.16.20	13
3:9	EPH.2.10	12
3:9	ISA.61.11	11
3:9	MAT.9.37	11
3:9	JHN.4.35-JHN.4.38	9
3:9	JHN.15.1-JHN.15.8	9
3:9	1CO.3.6	9
3:9	1CO.6.19	9
3:9	ACT.4.11	8
3:9	COL.2.7	8
3:9	3JN.1.8	7
3:9	PSA.118.22	6
3:9	ISA.61.3	6
3:9	MAT.21.23-MAT.21.44	6
3:9	MRK.4.26-MRK.4.29	6
3:9	1TI.3.15	6
3:9	PSA.80.8-PSA.80.11	5
3:9	ZEC.6.12-ZEC.6.13	5
3:9	2CO.6.16	5
3:9	PSA.65.9-PSA.65.13	4
3:9	PSA.72.16	4
3:9	ISA.61.5	4
3:9	JER.2.21	4
3:9	AMO.9.11-AMO.9.12	4
3:9	MAT.13.3-MAT.13.9	4
3:9	MAT.13.18-MAT.13.30	4
3:9	MAT.13.36-MAT.13.42	4
3:9	MAT.16.18	4
3:9	MAT.20.1-MAT.20.14	4
3:9	HEB.3.3-HEB.3.4	4
3:9	ISA.5.1-ISA.5.7	3
3:9	ISA.27.2-ISA.27.3	3
3:9	ISA.28.24-ISA.28.29	3
3:9	ISA.32.20	3
3:9	HEB.3.6	3
3:10	1CO.3.11	28
3:10	EPH.2.20	15
3:10	ROM.15.20	13
3:10	DAN.12.3	6
3:10	MAT.24.45	6
3:10	MAT.7.24	4
3:10	1CO.3.5-1CO.3.6	4
3:10	1CO.9.2	4
3:10	1PE.4.11	4
3:10	REV.21.19	4
3:10	1KI.3.9-1KI.3.11	3
3:10	ECC.12.9	3
3:10	LUK.11.35	3
3:10	ACT.18.27	3
3:10	ROM.1.5	3
3:10	ROM.12.3	3
3:10	2CO.11.13-2CO.11.15	3
3:10	COL.4.17	3
3:10	1TI.1.11-1TI.1.14	3
3:10	2TI.2.15	3
3:10	COL.1.29	2
3:10	JAS.3.1	2
3:10	2CH.2.12	1
3:10	ZEC.4.9	1
3:10	LUK.21.8	1
3:10	ROM.15.15	1
3:10	1CO.15.10-1CO.15.12	1
3:10	EPH.3.2-EPH.3.8	1
3:10	1TI.4.16	1
3:10	2PE.2.1-2PE.2.3	1
3:10	2CO.10.15	0
3:10	REV.21.14	0
3:11	EPH.2.20	44
3:11	ISA.28.16	41
3:11	2TI.2.19	30
3:11	ACT.4.11-ACT.4.12	25
3:11	1PE.2.6-1PE.2.8	24
3:11	MAT.16.18	17
3:11	GAL.1.7-GAL.1.9	11
3:11	2CO.11.2-2CO.11.4	4
3:12	2TI.4.3	12
3:12	2TI.3.7	11
3:12	2TI.2.20	8
3:12	COL.2.18-COL.2.23	6
3:12	PSA.19.10	5
3:12	PSA.119.72	5
3:12	MAT.15.6-MAT.15.9	5
3:12	2CO.2.17	5
3:12	HEB.13.9	5
3:12	1PE.1.7	5
3:12	REV.3.18	5
3:12	REV.21.18	5
3:12	PRO.8.10	4
3:12	PRO.16.16	4
3:12	PRO.30.6	4
3:12	ISA.54.11-ISA.54.13	4
3:12	ISA.60.17	4
3:12	JER.23.28	4
3:12	ACT.20.30	4
3:12	ROM.16.17	4
3:12	COL.2.8	4
3:12	1TI.4.1-1TI.4.3	4
3:12	1TI.4.6-1TI.4.7	4
3:12	1TI.6.3	4
3:12	2TI.2.16-2TI.2.18	4
3:12	2TI.3.13	4
3:12	TIT.1.9-TIT.1.11	4
3:12	TIT.3.9-TIT.3.11	4
3:12	REV.2.14	4
3:12	2CO.4.2	3
3:13	1PE.1.7	23
3:13	1CO.3.14-1CO.3.15	19
3:13	REV.20.12	19
3:13	ZEC.13.9	15
3:13	1CO.4.5	15
3:13	1PE.4.12	14
3:13	2PE.3.10	14
3:13	ROM.2.16	13
3:13	2TH.1.7-2TH.1.10	12
3:13	MAL.3.17	9
3:13	1CO.1.8	9
3:13	ROM.2.5	8
3:13	2TI.1.18	8
3:13	JER.23.29	7
3:13	EZK.13.10-EZK.13.16	7
3:13	2TI.3.9	7
3:13	ISA.28.17	6
3:13	LUK.2.35	6
3:13	ISA.8.20	5
3:14	MAT.25.21-MAT.25.23	7
3:14	1CO.3.8	7
3:14	MAT.24.45-MAT.24.47	5
3:14	1CO.4.5	5
3:14	DAN.12.3	4
3:14	1TH.2.19	4
3:14	1PE.5.1	4
3:14	1PE.5.4	4
3:14	REV.2.8-REV.2.11	4
3:14	2TI.4.7	3
3:15	2JN.1.8	15
3:15	1CO.3.12-1CO.3.13	12
3:15	JUD.1.23	10
3:15	REV.3.18	9
3:15	1PE.4.18	6
3:15	ZEC.3.2	4
3:15	AMO.4.11	3
3:15	PSA.66.12	2
3:16	1CO.6.19	132
3:16	EZK.36.27	105
3:16	2CO.6.16	84
3:16	ROM.8.11	73
3:16	EPH.2.21-EPH.2.22	64
3:16	ROM.8.9	62
3:16	JHN.14.17	57
3:16	1PE.2.5	56
3:16	2TI.1.14	48
3:16	1JN.4.15-1JN.4.16	39
3:16	HEB.3.6	35
3:16	1JN.4.12	29
3:16	ROM.6.3	19
3:16	1CO.9.24	17
3:16	1CO.6.2-1CO.6.3	13
3:16	1CO.9.13	13
3:16	1CO.6.16	12
3:16	1CO.6.9	10
3:16	1CO.5.6	9
3:16	JAS.4.4	9
3:17	1CO.6.18-1CO.6.20	18
3:17	EZK.43.12	10
3:17	NUM.19.20	9
3:17	EZK.7.22	9
3:17	EZK.5.11	7
3:17	EZK.23.38-EZK.23.39	7
3:17	LEV.20.3	6
3:17	PSA.79.1	6
3:17	EXO.3.5	4
3:17	LEV.15.31	4
3:17	ISA.64.11	4
3:17	GEN.28.17	3
3:17	PSA.99.9	3
3:17	1CH.29.3	2
3:17	PSA.74.3	2
3:17	PSA.93.5	2
3:17	ZEP.3.4	1
3:18	PRO.3.5	28
3:18	1CO.1.18-1CO.1.21	15
3:18	ISA.5.21	14
3:18	GAL.6.3	14
3:18	LUK.18.17	10
3:18	1CO.8.1-1CO.8.2	10
3:18	MAT.18.4	9
3:18	JAS.1.22	9
3:18	MRK.10.15	8
3:18	PRO.26.12	7
3:18	JER.8.8	7
3:18	1CO.4.10	7
3:18	1CO.6.9	7
3:18	EPH.5.6	7
3:18	TIT.3.3	7
3:18	JAS.1.26	7
3:18	PRO.3.7	6
3:18	ISA.44.20	6
3:18	ROM.12.16	5
3:18	1CO.15.33	5
3:18	GAL.6.7	5
3:18	2TI.3.13	5
3:18	1JN.1.8	5
3:18	PRO.5.7	4
3:18	LUK.21.8	4
3:18	ROM.11.25	4
3:18	JER.37.9	3
3:19	JOB.5.13	50
3:19	PSA.141.10	24
3:19	1CO.1.19-1CO.1.20	19
3:19	ROM.1.21-ROM.1.22	17
3:19	ISA.44.25	16
3:19	PSA.9.15-PSA.9.16	11
3:19	1CO.2.6	11
3:19	PSA.7.14-PSA.7.15	10
3:19	ISA.29.14-ISA.29.16	9
3:19	EXO.18.11	6
3:19	2SA.16.23	6
3:19	ISA.19.11-ISA.19.14	6
3:19	2SA.15.31	5
3:19	2SA.17.14	4
3:19	2SA.17.23	4
3:19	EXO.1.10	2
3:20	PSA.94.11	28
3:20	COL.2.8	10
3:20	ROM.1.21	8
3:20	JOB.11.11-JOB.11.12	6
3:20	PSA.2.1	4
3:21	ROM.8.32	23
3:21	ROM.8.28	10
3:21	JER.9.23-JER.9.24	9
3:21	1CO.4.6	8
3:21	REV.21.7	6
3:21	ROM.4.13	5
3:21	1CO.1.12-1CO.1.17	5
3:21	1CO.3.4-1CO.3.7	5
3:21	2CO.4.5	4
3:21	2CO.4.15	3
3:22	EPH.4.11-EPH.4.12	5
3:22	PHP.1.21	4
3:22	ROM.8.37-ROM.8.39	3
3:22	1CO.3.5-1CO.3.8	3
3:22	1CO.9.19-1CO.9.22	3
3:22	2CO.4.5	3
3:22	1CO.1.12	1
3:23	GAL.3.29	10
3:23	JHN.17.9-JHN.17.10	7
3:23	JHN.17.18	7
3:23	1CO.11.3	7
3:23	1CO.15.23	7
3:23	2CO.10.7	6
3:23	JHN.17.21	5
3:23	ROM.14.8	5
3:23	1CO.6.19-1CO.6.20	4
3:23	1CO.7.22	4
3:23	1CO.8.6	4
3:23	GAL.5.24	4
3:23	PHP.2.8-PHP.2.11	4
3:23	MAT.17.5	3
3:23	EPH.1.10	3
4:1	1PE.4.10	23
4:1	1TI.3.9	12
4:1	TIT.1.7	12
4:1	EPH.6.19	9
4:1	2CO.4.5	8
4:1	COL.1.25-COL.1.27	7
4:1	ROM.16.25	6
4:1	1CO.9.16-1CO.9.18	6
4:1	COL.2.2	5
4:1	LUK.12.42	4
4:1	COL.4.3	4
4:1	MAT.24.45	3
4:1	LUK.16.1-LUK.16.3	3
4:1	2CO.11.23	3
4:1	2CO.12.6	3
4:1	EPH.1.9	3
4:1	EPH.3.3-EPH.3.9	3
4:1	MAT.13.11	2
4:1	MRK.4.11	2
4:1	1CO.2.7	2
4:1	1CO.3.5	2
4:1	1CO.4.13	2
4:1	2CO.6.4	2
4:1	1TI.3.6	2
4:1	1TI.3.16	2
4:1	LUK.8.10	1
4:2	MAT.25.21	42
4:2	LUK.12.42	26
4:2	LUK.16.10-LUK.16.12	21
4:2	NUM.12.7	14
4:2	COL.4.17	14
4:2	PRO.13.17	13
4:2	MAT.25.23	13
4:2	2CO.2.17	13
4:2	COL.1.7	8
4:2	1CO.4.17	7
4:2	1CO.7.25	7
4:2	COL.4.7	7
4:2	2CO.4.2	6
4:3	JHN.7.24	4
4:3	1CO.2.15	4
4:3	1SA.16.7	3
4:3	1CO.3.13	2
4:4	PSA.143.2	13
4:4	1JN.3.20-1JN.3.21	11
4:4	PSA.130.3	7
4:4	PRO.21.2	7
4:4	PSA.19.12	6
4:4	2CO.1.12	6
4:4	JOB.9.2-JOB.9.3	5
4:4	JOB.25.4	5
4:4	JOB.27.6	5
4:4	JOB.40.4	5
4:4	ROM.2.13	5
4:4	ROM.3.19-ROM.3.20	5
4:4	1CO.4.5	5
4:4	2CO.5.10	5
4:4	JOB.9.20	4
4:4	JOB.15.14	4
4:4	JHN.21.17	4
4:4	ACT.23.1	4
4:4	PSA.7.3-PSA.7.5	3
4:4	PSA.26.12	3
4:4	PSA.50.6	3
4:4	ROM.4.2	3
4:5	JAS.5.7	33
4:5	2CO.5.10	29
4:5	1CO.3.13	22
4:5	HEB.4.13	19
4:5	ROM.2.16	17
4:5	2CO.10.18	17
4:5	ECC.12.14	15
4:5	ROM.2.1	12
4:5	REV.20.12	10
4:5	1PE.1.7	9
4:5	ROM.2.29	8
4:5	ROM.14.10-ROM.14.13	8
4:5	JHN.5.44	7
4:5	ROM.14.4	7
4:5	2CO.4.2	7
4:5	MAT.7.1-MAT.7.2	6
4:5	MAT.24.46	6
4:5	LUK.6.37	6
4:5	JAS.4.11	6
4:5	LUK.12.1-LUK.12.3	5
4:5	JHN.21.22	5
4:5	1TH.5.2	5
4:5	1PE.5.4	5
4:5	REV.1.7	5
4:5	ECC.11.9	4
4:5	MAL.3.18	4
4:5	MAT.24.30	4
4:5	MAT.25.23	4
4:5	2PE.3.4	4
4:5	ROM.2.7	3
4:5	1CO.1.7	3
4:5	1CO.11.26	3
4:5	1CO.15.23	3
4:5	2PE.3.12	3
4:5	JUD.1.14	3
4:5	MAT.25.21	2
4:5	1CO.3.8	2
4:6	2CO.11.4	8
4:6	2CO.12.6	7
4:6	2CO.12.19	7
4:6	ROM.12.3	6
4:6	COL.2.18	6
4:6	1TH.1.5	5
4:6	JHN.3.26-JHN.3.27	4
4:6	PSA.8.4	3
4:6	1CO.1.31	3
4:6	1CO.3.4-1CO.3.7	3
4:6	1CO.3.19	3
4:6	1CO.3.21	3
4:6	1CO.5.6	3
4:6	1CO.8.1	3
4:6	1CO.9.23	3
4:6	2CO.4.15	3
4:6	2CO.10.7	3
4:6	NUM.11.28-NUM.11.29	2
4:6	JOB.11.11-JOB.11.12	2
4:6	PSA.146.3	2
4:6	ISA.2.22	2
4:6	JER.17.5-JER.17.6	2
4:6	MAT.23.8-MAT.23.10	2
4:6	1CO.1.12	2
4:6	1CO.1.19	2
4:6	1CO.4.18-1CO.4.19	2
4:6	1CO.5.2	2
4:6	2CO.10.12	2
4:6	2CO.10.15	2
4:6	2CO.11.12-2CO.11.15	2
4:6	2TI.2.10	2
4:6	1CO.13.4	1
4:7	JHN.3.27	38
4:7	JAS.1.17	28
4:7	1PE.4.10	28
4:7	1CH.29.11-1CH.29.16	22
4:7	JHN.1.16	19
4:7	ROM.12.6	19
4:7	PRO.2.6	18
4:7	LUK.19.13	10
4:7	1TI.1.12-1TI.1.15	9
4:7	2CH.32.23-2CH.32.29	8
4:7	EZK.28.2-EZK.28.5	8
4:7	ROM.9.16-ROM.9.18	8
4:7	1CO.15.10	8
4:7	1CO.7.7	7
4:7	2TH.2.12-2TH.2.14	7
4:7	TIT.3.3-TIT.3.7	7
4:7	EZK.29.3	6
4:7	DAN.4.30-DAN.4.32	6
4:7	DAN.5.18	6
4:7	DAN.5.23	6
4:7	ROM.1.5	6
4:7	ROM.12.3	6
4:7	1CO.12.4-1CO.12.11	6
4:7	ACT.12.22-ACT.12.23	5
4:7	1CO.3.5	5
4:7	EPH.3.3-EPH.3.5	5
4:7	2CH.1.7-2CH.1.12	4
4:7	MAT.25.14-MAT.25.15	4
4:7	1CO.5.6	4
4:8	PRO.13.7	6
4:8	LUK.6.25	5
4:8	ROM.12.3	5
4:8	1CO.5.6	5
4:8	2CO.13.9	5
4:8	GAL.6.3	5
4:8	ROM.12.15-ROM.12.16	4
4:8	1CO.1.5	4
4:8	1TH.2.19-1TH.2.20	4
4:8	LUK.1.51-LUK.1.53	3
4:8	REV.5.10	3
4:8	NUM.11.29	2
4:8	PSA.122.5-PSA.122.9	2
4:8	PRO.25.14	2
4:8	ISA.5.21	2
4:8	JER.28.6	2
4:8	ACT.20.29-ACT.20.30	2
4:8	ACT.26.29	2
4:8	1CO.3.1-1CO.3.2	2
4:8	1CO.4.18	2
4:8	2CO.11.1	2
4:8	PHP.1.27	2
4:8	PHP.2.12	2
4:8	1TH.3.6-1TH.3.9	2
4:8	2TI.2.11-2TI.2.12	2
4:8	REV.3.17	2
4:9	HEB.10.33	9
4:9	ROM.8.36	8
4:9	2CO.4.8-2CO.4.12	8
4:9	1CO.15.30-1CO.15.32	5
4:9	2CO.1.8-2CO.1.10	5
4:9	PHP.1.29-PHP.1.30	5
4:9	HEB.1.14	5
4:9	ACT.19.29	4
4:9	ACT.19.31	4
4:9	2CO.6.9	4
4:9	1TH.3.3	4
4:9	1TH.5.9-1TH.5.10	4
4:9	HEB.11.36	4
4:9	REV.6.9-REV.6.11	4
4:9	PSA.44.22	3
4:9	REV.7.11-REV.7.14	3
4:9	REV.17.6-REV.17.7	3
4:10	1CO.2.3	11
4:10	ACT.17.18	6
4:10	ACT.26.24	6
4:10	1CO.3.18	6
4:10	2CO.13.9	6
4:10	2CO.11.19	5
4:10	1PE.4.14	5
4:10	PRO.11.12	4
4:10	HOS.9.7	4
4:10	2KI.9.11	3
4:10	ISA.53.3	3
4:10	JER.8.8-JER.8.9	3
4:10	LUK.6.22	3
4:10	LUK.18.9	3
4:10	2CO.13.3-2CO.13.4	3
4:10	MAT.5.11	2
4:10	MAT.10.22-MAT.10.25	2
4:10	MAT.24.9	2
4:10	LUK.10.16	2
4:10	ACT.9.16	2
4:10	ACT.17.32	2
4:10	1CO.1.1-1CO.1.3	2
4:10	1CO.1.18-1CO.1.20	2
4:10	1CO.1.26-1CO.1.28	2
4:10	1CO.2.14	2
4:10	1CO.3.2	2
4:10	1CO.4.8	2
4:10	1CO.10.12	2
4:10	1CO.10.14-1CO.10.15	2
4:10	2CO.10.10	2
4:10	2CO.12.9-2CO.12.10	2
4:10	1TH.4.8	2
4:10	2CO.11.29	1
4:11	ROM.8.35	9
4:11	2CO.11.23-2CO.11.27	7
4:11	PHP.4.12	7
4:11	MAT.8.20	5
4:11	2TI.3.11	5
4:11	JOB.22.6	4
4:11	2CO.6.4-2CO.6.5	4
4:11	ACT.14.19	3
4:11	ACT.16.23	3
4:11	ACT.23.2	3
4:11	1CO.9.4	3
4:11	2CO.4.8	3
4:12	1PE.3.9	9
4:12	MAT.5.11	7
4:12	ROM.12.14	7
4:12	1PE.4.12-1PE.4.14	6
4:12	LUK.6.28	5
4:12	ACT.18.3	5
4:12	ROM.12.20	5
4:12	MAT.5.44	4
4:12	LUK.23.34	4
4:12	1PE.2.23	4
4:12	1PE.3.14	4
4:12	JHN.15.20	3
4:12	ACT.7.60	3
4:12	ACT.20.34	2
4:12	1CO.9.6	2
4:12	1TH.2.9	2
4:12	2TH.3.8	2
4:12	1TI.4.10	2
4:12	JUD.1.9	2
4:12	1PE.4.19	1
4:13	LAM.3.45	8
4:13	ACT.22.22	4
4:14	1TH.2.11	6
4:14	3JN.1.4	5
4:14	1CO.4.15	4
4:14	1CO.9.15	4
4:14	2CO.12.19	3
4:14	COL.1.28	3
4:14	1TH.5.14	3
4:14	EZK.3.21	2
4:14	ACT.20.31	2
4:14	1CO.6.5	2
4:14	1CO.15.34	2
4:14	2CO.6.11-2CO.6.13	2
4:14	2CO.7.3	2
4:14	2CO.11.11	2
4:14	2CO.12.14-2CO.12.15	2
4:15	1CO.3.10	6
4:15	GAL.4.19	6
4:15	1CO.9.14	3
4:15	1CO.9.23	3
4:15	1PE.1.23	3
4:15	ACT.18.4-ACT.18.11	2
4:15	ROM.15.20	2
4:15	1CO.3.6	2
4:15	1CO.9.12	2
4:15	1CO.9.18	2
4:15	2CO.3.1-2CO.3.3	2
4:15	2TI.4.3	2
4:15	TIT.1.4	2
4:15	PHM.1.10-PHM.1.12	2
4:15	PHM.1.19	2
4:15	JAS.1.18	2
4:15	1CO.9.1-1CO.9.2	1
4:16	1CO.11.1	13
4:16	PHP.3.17	13
4:16	2TH.3.9	13
4:16	1TH.1.6	8
4:16	PHP.4.9	6
4:16	HEB.13.7	6
4:16	JHN.10.4-JHN.10.5	5
4:16	1PE.5.3	4
4:17	1CO.16.10	9
4:17	1TI.1.2	9
4:17	1CO.7.17	8
4:17	2TI.1.2	7
4:17	1CO.14.33	6
4:17	1CO.16.1	6
4:17	1CO.7.25	5
4:17	1CO.11.2	5
4:17	1TH.3.2-1TH.3.3	5
4:17	2TI.3.10	5
4:17	REV.2.10	5
4:17	NUM.12.7	4
4:17	PRO.13.17	4
4:17	MAT.24.45	4
4:17	MAT.25.21	4
4:17	MAT.25.23	4
4:17	1CO.4.15	4
4:17	1CO.11.16	4
4:17	EPH.6.21	4
4:17	PHP.2.19	4
4:17	COL.1.7	4
4:17	COL.4.9	4
4:17	2TI.2.2	4
4:17	REV.2.13	4
4:17	1CO.4.2	3
4:17	ACT.19.21-ACT.19.22	2
4:18	1CO.4.6-1CO.4.8	3
4:18	1CO.5.2	3
4:18	1CO.4.21	2
4:19	2CO.13.1-2CO.13.4	6
4:19	ACT.18.21	5
4:19	ACT.19.21	4
4:19	ROM.15.32	3
4:19	1CO.2.6	3
4:19	1CO.4.18	3
4:19	1CO.11.34	3
4:19	1CO.14.5	3
4:19	2CO.1.23	3
4:19	HEB.6.3	3
4:19	ACT.20.2	2
4:19	1CO.16.5	2
4:19	2CO.1.15-2CO.1.17	2
4:19	JAS.4.15	2
4:19	2CO.2.1-2CO.2.2	1
4:20	1CO.2.4	54
4:20	1TH.1.5	43
4:20	2CO.10.4-2CO.10.5	38
4:20	ROM.14.17	35
4:20	ROM.1.16	27
4:20	ROM.15.19	25
4:20	1CO.1.24	23
4:21	2CO.13.2	8
4:21	2CO.13.10	6
4:21	2CO.12.20-2CO.12.21	5
4:21	1TH.2.7	5
4:21	2CO.1.23	4
4:21	2CO.2.3	4
4:21	JAS.3.17	4
4:21	2CO.2.1	3
4:21	2CO.10.1-2CO.10.2	3
4:21	2CO.10.6	3
4:21	1CO.5.5	2
4:21	2CO.3.10	2
4:21	2CO.10.8	2
5:1	REV.21.8	11
5:1	REV.2.21	10
5:1	COL.3.5	8
5:1	LEV.18.8	7
5:1	EPH.5.3	7
5:1	ACT.15.29	6
5:1	1CO.6.18	6
5:1	GAL.5.19	6
5:1	ACT.15.20	5
5:1	1CO.5.11	5
5:1	1CO.6.9	5
5:1	1CO.6.13	5
5:1	2CO.12.21	5
5:1	1TH.4.7	5
5:1	JER.2.33	4
5:1	DEU.22.30	3
5:1	DEU.27.20	3
5:1	EZK.16.47	3
5:1	EZK.16.51-EZK.16.52	3
5:1	AMO.2.7	3
5:1	1CO.1.11	3
5:1	2CO.7.12	3
5:1	GEN.35.22	2
5:1	GEN.37.2	2
5:1	GEN.49.4	2
5:1	LEV.20.11	2
5:1	1SA.2.24	2
5:1	2SA.16.22	2
5:1	2SA.20.3	2
5:1	1CH.5.1	2
5:1	EZK.22.10	2
5:2	REV.2.20-REV.2.22	5
5:2	2CO.7.7-2CO.7.11	4
5:2	1CO.5.13	3
5:2	2CO.12.21	3
5:2	NUM.25.6	2
5:2	2KI.22.19	2
5:2	EZR.9.2-EZR.9.6	2
5:2	EZR.10.1-EZR.10.6	2
5:2	PSA.119.136	2
5:2	JER.13.17	2
5:2	EZK.9.4	2
5:2	EZK.9.6	2
5:2	1CO.4.6-1CO.4.8	2
5:2	1CO.4.18	1
5:2	1CO.5.5-1CO.5.7	1
5:3	COL.2.5	13
5:3	1TH.2.17	7
5:3	2CO.13.2	3
5:3	2CO.10.11	2
5:3	2CO.10.1	1
5:4	JHN.20.23	6
5:4	MAT.16.19	5
5:4	MAT.18.16-MAT.18.18	5
5:4	2CO.13.3	5
5:4	COL.3.17	5
5:4	2TH.3.6	5
5:4	MAT.18.20	4
5:4	MAT.28.18	4
5:4	MAT.28.20	4
5:4	ACT.16.18	4
5:4	2CO.2.9-2CO.2.10	4
5:4	2CO.13.10	4
5:4	ACT.3.6	3
5:4	ACT.4.7-ACT.4.12	3
5:4	ACT.4.30	3
5:4	EPH.5.20	3
5:5	1TI.1.20	28
5:5	2TH.3.14-2TH.3.15	19
5:5	GAL.6.1-GAL.6.2	16
5:5	JAS.5.19-JAS.5.20	14
5:5	JOB.2.6	12
5:5	2CO.2.6-2CO.2.7	10
5:5	1CO.11.32	8
5:5	2CO.10.6	7
5:5	2CO.13.10	7
5:5	1CO.5.13	6
5:5	ACT.26.18	5
5:5	1CO.1.8	5
5:5	PSA.109.6	4
5:5	PRO.23.14	4
5:5	1JN.5.16	4
5:5	JUD.1.22-JUD.1.23	4
5:5	PHP.1.6	3
5:5	2PE.3.12	3
5:5	2TI.1.18	2
5:6	GAL.5.9	10
5:6	1CO.15.33	9
5:6	JAS.4.16	6
5:6	1CO.5.2	4
5:6	LUK.13.21	3
5:6	1CO.3.21	3
5:6	1CO.4.18-1CO.4.19	3
5:6	MAT.13.33	2
5:6	2TI.2.17	2
5:6	MAT.16.6-MAT.16.12	1
5:7	1PE.1.19-1PE.1.20	24
5:7	EPH.4.22	21
5:7	COL.3.5-COL.3.9	15
5:7	EXO.12.5-EXO.12.6	9
5:7	EXO.12.15	9
5:7	EXO.13.6-EXO.13.7	9
5:7	ISA.53.7-ISA.53.10	9
5:7	JHN.1.29	9
5:7	ACT.8.32-ACT.8.35	9
5:7	REV.5.12	9
5:7	MRK.14.12	8
5:7	JHN.19.14	8
5:7	1CO.10.17	8
5:7	1CO.15.3-1CO.15.4	8
5:7	JHN.1.36	7
5:7	1CO.5.13	7
5:7	REV.5.6-REV.5.9	5
5:8	1PE.2.1-1PE.2.2	8
5:8	EXO.12.15	7
5:8	DEU.16.3	7
5:8	MAT.16.6	6
5:8	MRK.8.15	6
5:8	LUK.12.1	6
5:8	MAT.16.12	5
5:8	JHN.1.47	5
5:8	1CO.5.6	5
5:8	1CO.6.9-1CO.6.11	5
5:8	EPH.6.24	5
5:8	1PE.4.2	5
5:8	LEV.23.6	4
5:8	NUM.28.16-NUM.28.17	4
5:8	PSA.32.2	4
5:8	PSA.42.4	4
5:8	ISA.25.6	4
5:8	ISA.30.29	4
5:8	EXO.13.6	3
5:8	DEU.16.16	3
5:8	JOS.24.14	3
5:8	MAT.26.4-MAT.26.5	3
5:8	JHN.18.28-JHN.18.30	3
5:8	1CO.3.3	3
5:8	1CO.5.1	3
5:8	2CO.1.12	3
5:8	2CO.8.8	3
5:8	EPH.4.17-EPH.4.22	3
5:8	1JN.3.18-1JN.3.21	3
5:8	2CO.12.20-2CO.12.21	2
5:9	EPH.5.11	13
5:9	2TH.3.14	10
5:9	2CO.6.14	6
5:9	2TH.3.6	6
5:9	PRO.9.6	2
5:9	1CO.5.2	2
5:9	1CO.5.7	2
5:9	PSA.1.1-PSA.1.2	1
5:9	2CO.6.17	0
5:10	1CO.10.27	6
5:10	JHN.17.15-JHN.17.16	3
5:10	MAT.5.14-MAT.5.16	2
5:10	JHN.8.23	2
5:10	JHN.15.19	2
5:10	1CO.1.20	2
5:10	2CO.4.4	2
5:10	EPH.2.2	2
5:10	PHP.2.15	2
5:10	1JN.4.5	2
5:10	1JN.5.19	2
5:10	REV.12.9	2
5:10	JHN.17.6	1
5:10	JHN.17.9	1
5:10	1JN.4.7	1
5:11	ROM.16.17	27
5:11	2TH.3.6	22
5:11	2TH.3.14	22
5:11	MAT.18.17	15
5:11	1CO.5.13	13
5:11	2JN.1.10	11
5:11	GAL.5.19-GAL.5.21	10
5:11	1CO.5.1-1CO.5.10	7
5:11	REV.21.8	7
5:11	MRK.7.21-MRK.7.23	5
5:11	EPH.5.5	5
5:11	1TI.3.3	5
5:11	REV.22.15	5
5:11	EZK.22.12	4
5:11	MAT.23.25	4
5:11	LUK.21.34	4
5:11	REV.2.20	4
5:11	PSA.50.16-PSA.50.21	3
5:11	PSA.101.5	3
5:11	ROM.13.13	3
5:11	1CO.6.10	3
5:11	1CO.10.7-1CO.10.8	3
5:11	COL.3.5	3
5:11	1TH.4.3-1TH.4.8	3
5:11	1TH.5.7-1TH.5.8	3
5:11	1CO.8.11	2
5:11	1CO.10.18-1CO.10.22	2
5:11	2CO.12.20-2CO.12.21	2
5:11	2PE.2.14-2PE.2.15	2
5:11	PSA.10.3	1
5:11	MAT.24.49-MAT.24.51	1
5:11	LUK.12.15-LUK.12.31	1
5:11	LUK.12.45-LUK.12.46	1
5:11	ACT.9.17	1
5:11	1CO.6.6	1
5:11	1CO.7.12	1
5:11	1CO.7.15	1
5:11	1CO.10.14	1
5:11	1CO.11.21	1
5:11	GAL.2.12	1
5:11	EPH.5.18	1
5:11	1TI.6.5	1
5:11	1TI.6.9-1TI.6.10	1
5:11	REV.2.14	1
5:11	LUK.18.11	0
5:12	MRK.4.11	5
5:12	LUK.12.14	4
5:12	1TI.3.7	4
5:12	1CO.5.3-1CO.5.5	3
5:12	1CO.6.1-1CO.6.5	2
5:12	COL.4.5	2
5:12	1TH.4.12	2
5:12	JHN.18.36	1
5:13	DEU.17.7	21
5:13	DEU.13.5	17
5:13	DEU.21.21	12
5:13	MAT.18.17	11
5:13	DEU.22.24	6
5:13	DEU.17.12	5
5:13	DEU.22.21-DEU.22.22	5
5:13	1CO.5.5	4
5:13	ECC.9.18	3
5:13	1CO.5.1	3
5:13	1CO.5.7	3
5:13	2PE.2.9	3
5:13	ROM.2.16	2
5:13	PSA.50.6	1
5:13	ACT.17.31	1
5:13	HEB.13.4	1
6:1	MAT.18.15-MAT.18.17	8
6:1	ACT.19.38	4
6:1	1CO.14.33	3
6:1	ACT.18.14-ACT.18.15	2
6:1	1CO.6.6-1CO.6.7	2
6:1	1CO.16.1	2
6:1	1CO.1.2	1
6:1	1CO.16.15	1
6:2	MAT.19.28	22
6:2	DAN.7.22	20
6:2	REV.20.4	20
6:2	LUK.22.30	19
6:2	REV.3.21	17
6:2	REV.2.26-REV.2.27	15
6:2	DAN.7.18	11
6:2	PSA.149.5-PSA.149.9	7
6:2	1CO.6.4	7
6:2	JUD.1.14-JUD.1.15	7
6:2	PSA.49.14	6
6:2	2CO.4.18	6
6:2	ZEC.14.5	5
6:2	1TH.3.13	5
6:2	1JN.2.16-1JN.2.17	5
6:3	JUD.1.6	13
6:3	MAT.25.41	8
6:3	1CO.6.4	5
6:3	LUK.8.14	3
6:3	LUK.21.34	2
6:3	2TI.2.4	2
6:3	2TI.4.10	2
6:3	2PE.2.4	2
6:3	PSA.17.14	0
6:4	1CO.5.12	5
6:4	ACT.6.2-ACT.6.4	3
6:5	1CO.4.14	6
6:5	1CO.15.34	6
6:5	JAS.3.13-JAS.3.18	4
6:5	PRO.14.8	2
6:5	1CO.3.18	2
6:5	1CO.4.10	2
6:5	1CO.11.14	2
6:5	JAS.1.5	2
6:5	ACT.1.15	1
6:6	PHP.2.14-PHP.2.15	5
6:6	2CO.6.14	3
6:6	1JN.2.9-1JN.2.11	3
6:6	1JN.3.11-1JN.3.15	3
6:6	GEN.13.7-GEN.13.9	2
6:6	GEN.45.24	2
6:6	NEH.5.8-NEH.5.9	2
6:6	ACT.7.26	2
6:6	1CO.6.1	2
6:6	1CO.6.7	2
6:6	PSA.133.1-PSA.133.3	1
6:7	ROM.12.17-ROM.12.19	16
6:7	PRO.20.22	15
6:7	MAT.5.39-MAT.5.41	13
6:7	1PE.2.19-1PE.2.23	13
6:7	1PE.3.9	13
6:7	JAS.4.1-JAS.4.3	8
6:7	1TH.5.15	7
6:7	LUK.6.29	6
6:7	PRO.2.8-PRO.2.10	5
6:7	HOS.10.2	2
6:7	PRO.2.5	1
6:8	1TH.4.6	7
6:8	COL.3.25	3
6:8	LEV.19.13	2
6:8	MIC.2.2	2
6:8	MAL.3.5	2
6:8	MRK.10.19	2
6:8	JAS.5.4	2
6:9	1TI.1.9-1TI.1.10	64
6:9	GAL.5.19-GAL.5.21	59
6:9	EPH.5.4-EPH.5.5	46
6:9	LEV.20.13	43
6:9	LEV.18.22	40
6:9	REV.21.8	40
6:9	REV.22.15	38
6:9	1CO.6.10	36
6:9	ROM.1.26-ROM.1.27	29
6:9	1CO.6.19	26
6:9	1CO.5.10	23
6:9	HEB.13.4	20
6:9	DEU.22.5	19
6:9	ROM.1.18	19
6:9	1CO.15.33	17
6:9	1CO.3.16	16
6:9	1CO.15.50	15
6:9	HEB.12.16	15
6:9	HEB.12.14	14
6:9	MAT.25.34	13
6:9	GEN.19.5	11
6:9	ISA.55.7	11
6:9	LEV.19.35-LEV.19.36	10
6:9	DEU.23.17	10
6:9	JDG.19.22	10
6:9	1CO.5.1	10
6:9	1CO.6.15-1CO.6.16	10
6:9	DEU.25.13-DEU.25.16	9
6:9	PRO.22.8	9
6:9	ZEC.5.3	9
6:9	EXO.23.1	8
6:9	LEV.19.15	8
6:9	PRO.11.1	8
6:9	ISA.10.1-ISA.10.2	8
6:9	MAT.19.29	8
6:9	1CO.6.2-1CO.6.3	8
6:9	1CO.9.24	8
6:9	JAS.1.16	8
6:9	ACT.24.25	5
6:10	1CO.5.11	15
6:10	GAL.5.21	15
6:10	EZK.22.29	9
6:10	EPH.4.28	9
6:10	EZK.22.27	8
6:10	MAT.23.33	8
6:10	1PE.4.15	8
6:10	PSA.50.17-PSA.50.18	6
6:10	EZK.22.13	6
6:10	JHN.12.6	6
6:10	1TH.4.6	6
6:10	ISA.1.23	4
6:10	MAT.21.19	4
6:10	MAT.23.13	4
6:10	JER.7.11	3
6:11	1CO.1.30	27
6:11	COL.3.5-COL.3.7	23
6:11	ROM.6.17-ROM.6.19	20
6:11	1CO.1.2	20
6:11	ACT.22.16	18
6:11	ROM.8.30	17
6:11	1PE.1.2	17
6:11	TIT.3.3-TIT.3.7	16
6:11	HEB.10.22	14
6:11	ACT.26.18	13
6:11	EPH.5.26	13
6:11	EPH.5.8	12
6:11	ACT.13.39	11
6:11	ROM.5.1	11
6:11	ROM.8.33	11
6:11	GAL.3.11	9
6:11	GAL.5.22-GAL.5.23	9
6:11	EPH.4.17-EPH.4.22	9
6:11	2TH.2.13	9
6:11	PSA.51.2	8
6:11	PSA.51.7	8
6:11	ISA.53.11	8
6:11	GAL.2.16	8
6:11	EPH.2.1-EPH.2.3	8
6:11	REV.1.5	8
6:11	EZK.36.25	7
6:11	ROM.3.24	7
6:11	1CO.12.2	7
6:11	GAL.3.8	7
6:11	REV.7.14	7
6:11	PRO.30.12	6
6:11	ISA.1.16	6
6:11	ISA.45.25	6
6:11	ROM.3.26-ROM.3.30	6
6:11	ROM.5.9	6
6:11	GAL.3.24	6
6:11	HEB.2.11	6
6:11	ROM.4.5	5
6:11	JAS.2.21-JAS.2.26	5
6:11	1PE.1.22	5
6:11	1PE.3.21	5
6:11	1PE.4.2-1PE.4.3	5
6:11	JER.4.14	4
6:11	LUK.18.14	4
6:11	JHN.13.10	2
6:12	1CO.10.23-1CO.10.33	30
6:12	1CO.9.27	21
6:12	HEB.12.15-HEB.12.16	18
6:12	ROM.14.14-ROM.14.23	14
6:12	1CO.8.7-1CO.8.13	10
6:12	2TH.3.9	7
6:12	ROM.7.14	6
6:12	1CO.8.4	6
6:12	1CO.9.12	6
6:12	JUD.1.12	6
6:13	1CO.6.19	20
6:13	1CO.3.16	15
6:13	ROM.6.12	13
6:13	1CO.6.15	10
6:13	1TH.4.3-1TH.4.7	8
6:13	MAT.15.17	7
6:13	EPH.5.23	7
6:13	ROM.12.1	5
6:13	ROM.14.7-ROM.14.9	5
6:13	ROM.14.17	5
6:13	MAT.15.20	2
6:13	MRK.7.19	2
6:13	JHN.6.27	2
6:13	JHN.6.49	2
6:13	1CO.10.3-1CO.10.5	2
6:13	2CO.5.15	2
6:13	2CO.11.2	2
6:13	COL.2.22-COL.2.23	2
6:13	ROM.7.4	1
6:14	2CO.4.14	10
6:14	ROM.8.11	9
6:14	EPH.1.19-EPH.1.20	7
6:14	PHP.3.21	6
6:14	ACT.2.24	5
6:14	JHN.6.39-JHN.6.40	4
6:14	ROM.6.4-ROM.6.8	4
6:14	1TH.4.14	3
6:14	JHN.11.25-JHN.11.26	2
6:14	ACT.17.31	2
6:14	1CO.15.15-1CO.15.20	2
6:14	1CO.15.23	2
6:14	PHP.3.10-PHP.3.11	2
6:14	JHN.5.28-JHN.5.29	1
6:15	EPH.5.30	9
6:15	ROM.12.5	8
6:15	EPH.4.15-EPH.4.16	7
6:15	COL.2.19	6
6:15	1CO.12.27	5
6:15	EPH.4.12	5
6:15	1CO.6.19	4
6:15	1CO.11.3	4
6:15	LUK.20.16	3
6:15	GAL.6.14	3
6:15	EPH.5.23	3
6:15	ROM.3.3-ROM.3.4	2
6:15	ROM.7.13	2
6:15	1CO.6.13	2
6:15	GAL.2.17	2
6:15	GAL.3.21	2
6:15	EPH.1.22-EPH.1.23	2
6:15	GEN.44.17	1
6:15	ROM.3.31	1
6:15	ROM.6.2	1
6:15	ROM.6.15	1
6:15	ROM.7.7	1
6:15	ROM.3.6	0
6:16	GEN.2.24	19
6:16	EPH.5.31	13
6:16	MRK.10.8	10
6:16	MAT.19.5-MAT.19.6	8
6:16	MAT.21.31-MAT.21.32	4
6:16	GEN.34.31	3
6:16	GEN.38.24	3
6:16	JDG.16.1	3
6:16	HEB.11.31	3
6:16	GEN.38.15	2
6:17	JHN.17.21-JHN.17.23	35
6:17	GAL.2.20	33
6:17	1CO.12.13	24
6:17	JHN.3.6	18
6:17	EPH.4.3-EPH.4.4	18
6:17	EPH.5.30	15
6:17	PHP.2.5	9
6:18	1PE.2.11	33
6:18	1TH.4.3	30
6:18	COL.3.5	27
6:18	ROM.6.12-ROM.6.13	20
6:18	2TI.2.22	19
6:18	HEB.13.4	17
6:18	1CO.6.9	14
6:18	EPH.5.3	14
6:18	PRO.6.24-PRO.6.32	12
6:18	1TH.4.5	12
6:18	2CO.12.21	11
6:18	PRO.5.3-PRO.5.15	10
6:18	GEN.39.12-GEN.39.18	8
6:18	PRO.2.16-PRO.2.19	7
6:18	PRO.7.5-PRO.7.27	7
6:18	PRO.9.16-PRO.9.18	7
6:18	ROM.1.24	7
6:19	1CO.3.16	126
6:19	2CO.6.16	94
6:19	1PE.2.5	79
6:19	EPH.2.21-EPH.2.22	66
6:19	PSA.100.3	49
6:19	1CO.6.15-1CO.6.16	49
6:19	TIT.2.14	41
6:19	ROM.14.7-ROM.14.9	35
6:19	JHN.2.21	33
6:19	2CO.5.15	32
6:19	1KI.20.4	18
6:19	1CH.29.14	17
6:19	PSA.12.4	17
6:20	1CO.7.23	62
6:20	ROM.12.1	51
6:20	1PE.2.9	46
6:20	1PE.1.18	39
6:20	HEB.9.12	27
6:20	PHP.1.20	26
6:20	ACT.20.28	25
6:20	GAL.3.13	25
6:20	1CO.10.31	24
6:20	MAT.5.16	21
6:20	REV.5.9	21
6:20	ROM.6.19	18
6:20	2PE.2.1	14
7:1	1CO.7.8	9
7:1	MAT.19.10-MAT.19.11	5
7:1	1CO.7.26-1CO.7.27	5
7:1	1CO.7.37-1CO.7.38	4
7:1	GEN.20.6	3
7:1	PRO.6.29	2
7:1	RUT.2.9	1
7:2	EPH.5.28	34
7:2	EPH.5.33	16
7:2	1CO.7.9	13
7:2	PRO.5.18-PRO.5.19	11
7:2	PRO.18.22	11
7:2	1CO.6.18	10
7:2	PRO.19.14	9
7:2	MAL.2.14	9
7:2	1TI.4.3	7
7:3	1PE.3.7	39
7:3	EXO.21.10	7
7:4	HOS.3.3	4
7:4	MAT.19.9	4
7:4	MRK.10.11-MRK.10.12	2
7:5	EXO.19.15	5
7:5	JOL.2.16	4
7:5	1SA.21.4-1SA.21.5	2
7:5	ZEC.12.12-ZEC.12.14	2
7:5	ZEC.7.3	1
7:5	MAT.4.10	1
7:5	MAT.19.11	1
7:5	1TH.3.5	1
7:6	2CO.8.8	8
7:6	1CO.7.25	7
7:6	1CO.7.12	5
7:6	2CO.11.17	2
7:7	MAT.19.11-MAT.19.12	9
7:7	ROM.12.6	6
7:7	1CO.7.8	6
7:7	1CO.9.5	6
7:7	1CO.12.4	5
7:7	1CO.12.11	4
7:7	ACT.26.29	2
7:7	1CO.9.15	1
7:8	1CO.7.32	6
7:8	1CO.7.34-1CO.7.35	4
7:8	1CO.7.7	3
7:8	1CO.7.26-1CO.7.27	3
7:8	1CO.7.1	1
7:9	1CO.7.2	9
7:9	1TI.5.14	9
7:9	1TI.5.11	8
7:9	1CO.7.28	3
7:9	1CO.7.36	2
7:9	1CO.7.39	2
7:10	MAT.5.32	13
7:10	LUK.16.18	11
7:10	MAL.2.14-MAL.2.16	8
7:10	MAT.19.3-MAT.19.9	8
7:10	MRK.10.11-MRK.10.12	7
7:10	JER.3.20	6
7:10	1CO.7.15	6
7:10	1CO.7.12	5
7:10	1CO.7.6	4
7:10	1CO.7.25	4
7:10	1CO.7.40	2
7:11	JER.3.1	4
7:11	1CO.7.10	3
7:11	DEU.22.19	2
7:11	JDG.19.2-JDG.19.3	2
7:11	ISA.50.1	2
7:11	MRK.10.2	1
7:12	1CO.7.6	6
7:12	2CO.11.17	6
7:12	1CO.7.25	4
7:12	EZR.10.2-EZR.10.3	2
7:12	EZR.10.11-EZR.10.19	2
7:14	MAL.2.15-MAL.2.16	12
7:14	ISA.52.1	5
7:14	1TI.4.5	5
7:14	TIT.1.15	5
7:14	ROM.11.16	4
7:14	EZR.9.1-EZR.9.2	3
7:14	1CO.6.15-1CO.6.17	3
7:15	ROM.14.19	10
7:15	JAS.3.17-JAS.3.18	6
7:15	2CO.13.11	5
7:15	MAT.12.50	4
7:15	ROM.12.18	4
7:15	1CO.14.33	4
7:15	GAL.5.22	3
7:15	HEB.12.14	3
7:15	JAS.2.15	2
7:16	1PE.3.1-1PE.3.2	7
7:16	ROM.11.14	4
7:16	1CO.9.22	4
7:16	LUK.15.10	3
7:16	1TI.4.16	3
7:16	JAS.5.19-JAS.5.20	3
7:16	PRO.11.30	0
7:17	1CO.4.17	10
7:17	1CO.7.24	8
7:17	ROM.12.3-ROM.12.8	7
7:17	1CO.7.20-1CO.7.21	7
7:17	1CO.7.18	6
7:17	2CO.8.18	6
7:17	2CO.11.28	6
7:17	1CO.7.7	5
7:17	MAT.19.12	4
7:17	1CO.14.33	4
7:17	1PE.4.10-1PE.4.11	3
7:17	1CO.16.1	2
7:18	ACT.15.5	6
7:18	ACT.15.19	4
7:18	ACT.15.24	4
7:18	ACT.15.28	4
7:18	GAL.5.1-GAL.5.3	4
7:18	COL.3.11	4
7:18	ACT.15.1-ACT.15.2	2
7:19	GAL.5.6	10
7:19	GAL.6.15	10
7:19	1JN.2.3-1JN.2.4	6
7:19	ROM.2.25-ROM.2.29	4
7:19	1JN.3.22-1JN.3.24	4
7:19	COL.3.11	3
7:19	REV.22.14	3
7:19	JER.7.22-JER.7.23	2
7:19	MAT.5.19	2
7:19	JHN.15.14	2
7:19	ROM.3.30	2
7:19	1CO.8.8	2
7:19	GAL.3.28	2
7:19	1JN.5.2-1JN.5.3	2
7:19	1SA.15.22	1
7:20	1CO.7.17	7
7:20	1TH.4.11	6
7:20	PRO.27.8	4
7:20	1CO.7.21-1CO.7.24	4
7:20	2TH.3.12	4
7:20	LUK.3.10-LUK.3.14	3
7:21	COL.3.11	5
7:21	1PE.2.18-1PE.2.24	5
7:21	LUK.10.40-LUK.10.41	4
7:21	LUK.12.29	4
7:21	1CO.12.13	4
7:21	LUK.21.34	2
7:21	GAL.3.28	2
7:21	PHP.4.6	2
7:21	PHP.4.11	2
7:21	HEB.13.5	2
7:21	1PE.5.7	2
7:21	1TI.6.1-1TI.6.3	1
7:22	1PE.2.16	11
7:22	PHM.1.16	7
7:22	COL.3.22-COL.3.24	5
7:22	ROM.6.18-ROM.6.22	4
7:22	GAL.5.1	4
7:22	GAL.5.13	4
7:22	PSA.116.16	3
7:22	2PE.1.1	3
7:22	LUK.1.74-LUK.1.75	2
7:22	JHN.8.32-JHN.8.36	2
7:22	ROM.1.1	2
7:22	1CO.9.19	2
7:22	GAL.1.10	2
7:22	EPH.6.5-EPH.6.6	2
7:22	COL.4.12	2
7:22	JUD.1.1	2
7:23	1CO.6.20	20
7:23	1PE.1.18-1PE.1.19	15
7:23	TIT.2.14	14
7:23	LEV.25.42	12
7:23	REV.5.9	12
7:23	ACT.20.28	8
7:23	1PE.3.18	8
7:23	GAL.2.4	3
7:23	MAT.23.8-MAT.23.11	1
7:24	1CO.7.20	6
7:24	COL.3.23-COL.3.24	5
7:24	1CO.7.17	3
7:24	GEN.17.1	2
7:24	1CO.10.31	2
7:24	GEN.5.22-GEN.5.24	1
7:24	1SA.14.45	0
7:25	1CO.7.6	8
7:25	1CO.4.2	5
7:25	1CO.7.40	4
7:25	2CO.8.8-2CO.8.10	4
7:25	1CO.7.12	3
7:25	PSA.78.63	2
7:25	1CO.7.10	2
7:25	1CO.7.28	2
7:25	1CO.7.34	2
7:25	1CO.7.36-1CO.7.38	2
7:25	1CO.15.10	2
7:25	2CO.2.17	2
7:25	2CO.4.1-2CO.4.2	2
7:25	2CO.11.17	2
7:25	1TI.1.12-1TI.1.16	1
7:26	1CO.7.1	7
7:26	1CO.7.8	7
7:26	LUK.23.28-LUK.23.29	4
7:26	1PE.4.17	4
7:26	1CO.7.28	3
7:26	1CO.7.35-1CO.7.38	3
7:26	JER.16.2-JER.16.4	2
7:26	MAT.24.19	2
7:26	LUK.21.23	2
7:27	1CO.7.12-1CO.7.14	5
7:27	1CO.7.20	3
7:28	HEB.13.4	7
7:28	1CO.7.26	4
7:28	1CO.7.32-1CO.7.36	4
7:28	2CO.1.23	3
7:29	1JN.2.17	9
7:29	ROM.13.11-ROM.13.12	8
7:29	1CO.7.31	8
7:29	HEB.13.13-HEB.13.14	6
7:29	JAS.4.13-JAS.4.16	6
7:29	ECC.12.13-ECC.12.14	5
7:29	1PE.4.7	5
7:29	2PE.3.8-2PE.3.9	5
7:29	PSA.39.4-PSA.39.7	4
7:29	PSA.103.15-PSA.103.16	4
7:29	ECC.12.7-ECC.12.8	4
7:29	1PE.1.24	4
7:29	PSA.90.5-PSA.90.10	3
7:29	ISA.24.1-ISA.24.2	3
7:29	ISA.40.6-ISA.40.8	3
7:29	JOB.14.1-JOB.14.2	2
7:29	ECC.6.12	2
7:29	ECC.9.10	2
7:30	ECC.3.4	4
7:30	LUK.6.21	4
7:30	JHN.16.22	4
7:30	PSA.30.5	3
7:30	PSA.126.5-PSA.126.6	3
7:30	LUK.6.25	3
7:30	REV.7.17	3
7:30	ISA.25.8	2
7:30	ISA.30.19	2
7:30	LUK.16.25	2
7:30	REV.18.7	2
7:31	1JN.2.17	18
7:31	1PE.4.7	12
7:31	LUK.21.34	6
7:31	JAS.4.14	6
7:31	1PE.1.24	5
7:31	ECC.9.7-ECC.9.10	4
7:31	PSA.39.6	3
7:31	ECC.1.4	3
7:31	ECC.2.24-ECC.2.25	3
7:31	ECC.3.12-ECC.3.13	3
7:31	1TI.6.17-1TI.6.18	3
7:31	PSA.73.20	2
7:31	ECC.5.18-ECC.5.20	2
7:31	ECC.11.2	2
7:31	ECC.11.9-ECC.11.10	2
7:31	MAT.24.48-MAT.24.50	2
7:31	MAT.25.14-MAT.25.29	2
7:31	LUK.12.15-LUK.12.21	2
7:31	LUK.16.1-LUK.16.2	2
7:31	LUK.19.17-LUK.19.26	2
7:31	1CO.9.18	2
7:31	JAS.1.10-JAS.1.11	2
7:31	JAS.5.1-JAS.5.5	2
7:32	MAT.6.25-MAT.6.34	14
7:32	1TI.5.5	11
7:32	PHP.4.6	7
7:32	PSA.55.22	6
7:32	MAT.13.22	4
7:33	1PE.3.7	15
7:33	COL.3.19	8
7:33	1TI.5.8	3
7:33	EPH.5.25-EPH.5.33	2
7:33	1SA.1.4-1SA.1.8	1
7:33	NEH.5.1-NEH.5.5	1
7:33	LUK.12.22	1
7:33	1CO.7.3	1
7:33	1TH.4.11-1TH.4.12	0
7:34	LUK.10.40-LUK.10.42	9
7:34	1CO.6.20	6
7:34	LUK.2.36-LUK.2.37	5
7:34	ROM.12.1-ROM.12.2	4
7:34	ROM.6.13	2
7:34	2CO.11.28	2
7:34	PHP.1.20	2
7:34	2CO.7.11-2CO.7.12	1
7:34	2CO.8.16	1
7:34	1TH.5.23	1
7:34	TIT.3.8	1
7:34	1TI.3.5	0
7:35	1CO.7.33-1CO.7.34	13
7:35	1CO.7.36	11
7:35	LUK.8.14	7
7:35	1CO.7.2	5
7:35	PHP.4.8	5
7:35	MAT.19.12	4
7:35	LUK.10.40-LUK.10.42	4
7:35	LUK.21.34	4
7:35	1CO.7.5-1CO.7.9	3
7:35	1CO.7.28	3
7:35	EPH.5.3	3
7:35	TIT.2.3	3
7:35	1TI.1.10	1
7:36	1CO.7.9	3
7:36	1CO.7.37	3
7:38	HEB.13.4	7
7:38	1CO.7.1-1CO.7.2	4
7:38	1CO.7.8	3
7:38	1CO.7.32-1CO.7.34	3
7:38	1CO.7.37	3
7:38	1CO.7.26	1
7:39	ROM.7.2-ROM.7.3	17
7:39	2CO.6.14-2CO.6.16	8
7:39	1CO.7.10	7
7:39	1CO.7.15	4
7:39	MAL.2.11	3
7:39	GEN.6.2	1
7:39	DEU.7.3-DEU.7.4	1
7:40	1CO.7.1	3
7:40	1CO.7.8	3
7:40	1CO.7.25-1CO.7.26	3
7:40	1CO.7.6	2
7:40	1CO.7.35	2
7:40	1CO.9.1-1CO.9.3	2
7:40	1CO.14.36-1CO.14.37	2
7:40	2CO.10.8-2CO.10.10	2
7:40	2CO.12.11	2
7:40	1TH.4.8	2
7:40	2PE.3.15-2PE.3.16	2
8:1	1CO.8.7	11
8:1	ISA.5.21	10
8:1	ROM.14.3	8
8:1	1CO.8.4	6
8:1	REV.2.14	5
8:1	ROM.15.14	4
8:1	1CO.8.2	4
8:1	NUM.25.2	3
8:1	ISA.47.10	3
8:1	ACT.15.19-ACT.15.20	3
8:1	ACT.15.29	3
8:1	1CO.13.1-1CO.13.13	3
8:1	1CO.15.34	3
8:1	EPH.4.16	3
8:1	ACT.15.10	2
8:1	ACT.21.25	2
8:1	ROM.12.16	2
8:1	1CO.5.6	2
8:1	1CO.10.19-1CO.10.22	2
8:1	1CO.10.28	2
8:1	1CO.14.20	2
8:1	REV.2.20	2
8:1	ROM.11.25	1
8:1	ROM.14.10	1
8:1	ROM.14.14	1
8:1	ROM.14.22	1
8:1	1CO.1.5	1
8:1	1CO.4.10	1
8:1	1CO.4.18	1
8:1	1CO.5.2	1
8:1	1CO.8.10-1CO.8.11	1
8:1	COL.2.18	1
8:2	1CO.13.12	16
8:2	1CO.3.18	14
8:2	PRO.26.12	9
8:2	GAL.6.3	9
8:2	1TI.6.3-1TI.6.4	8
8:2	1CO.13.8-1CO.13.9	7
8:2	PRO.30.2-PRO.30.4	6
8:2	1TI.1.5-1TI.1.7	6
8:2	ROM.11.25	5
8:3	REV.3.8-REV.3.9	237
8:3	EXO.33.17	124
8:3	NAM.1.7	95
8:3	2TI.2.19	91
8:3	1CO.2.9	82
8:3	GAL.4.9	81
8:3	REV.2.19	69
8:3	JAS.1.12	62
8:3	JER.1.5	59
8:3	JHN.10.14	52
8:3	ROM.8.28-ROM.8.29	50
8:3	PSA.1.6	40
8:3	MAT.7.23	40
8:3	1JN.4.19	39
8:3	REV.2.9	37
8:3	1JN.5.2-1JN.5.3	34
8:3	1PE.1.8	32
8:3	EXO.33.12	31
8:3	PSA.17.3	31
8:3	REV.3.15-REV.3.16	30
8:3	JHN.21.17	28
8:3	PSA.139.1-PSA.139.2	27
8:3	JAS.2.5	27
8:3	REV.2.13	27
8:3	ROM.11.2	25
8:4	DEU.4.39	11
8:4	EPH.4.6	9
8:4	DEU.6.4	8
8:4	1CO.10.19-1CO.10.20	8
8:4	ISA.41.24	7
8:4	1TI.2.5	7
8:4	ISA.44.6	6
8:4	ISA.44.8-ISA.44.9	6
8:4	ISA.44.24	6
8:4	MRK.12.29	6
8:4	1CO.8.6-1CO.8.7	6
8:4	DEU.3.24	4
8:4	DEU.4.35	3
8:4	DEU.32.39	3
8:4	ISA.45.5	3
8:4	ISA.45.14	3
8:4	JER.10.10	3
8:4	JER.10.14	3
8:4	JER.51.17-JER.51.18	3
8:4	HAB.2.19-HAB.2.20	3
8:4	1CO.8.10	3
8:4	1TI.1.17	3
8:4	JUD.1.25	3
8:4	PSA.115.4-PSA.115.8	2
8:4	ISA.37.16	2
8:4	ISA.37.20	2
8:4	ACT.14.15	2
8:4	ACT.19.26	2
8:4	1CO.8.1	2
8:5	JER.2.28	5
8:5	GAL.4.8	5
8:5	2TH.2.4	5
8:5	DEU.10.17	4
8:5	JER.2.11	4
8:5	JER.11.13	4
8:5	DAN.5.4	3
8:5	JHN.10.34-JHN.10.35	3
8:6	ROM.11.36	34
8:6	JHN.1.3	24
8:6	MAL.2.10	17
8:6	HEB.1.2-HEB.1.3	15
8:6	COL.1.16-COL.1.17	14
8:6	1CO.8.4	13
8:6	EPH.4.5-EPH.4.6	12
8:6	ACT.17.28	11
8:6	DEU.6.4	9
8:6	JHN.14.20	8
8:6	MAT.11.27	7
8:6	JHN.20.17	7
8:6	MAT.28.18	6
8:6	JHN.10.30	6
8:6	JHN.13.13	6
8:6	JHN.14.9-JHN.14.10	6
8:6	JHN.17.21-JHN.17.23	6
8:6	ACT.2.36	6
8:6	1CO.12.3	6
8:6	PHP.2.9-PHP.2.11	6
8:6	1TI.2.5-1TI.2.6	6
8:6	JHN.5.20-JHN.5.29	5
8:6	JHN.17.3	5
8:6	ACT.5.31	4
8:6	EPH.1.3	4
8:6	EPH.3.14	4
8:6	1PE.1.2-1PE.1.3	4
8:6	REV.1.18	4
8:6	JON.1.9	3
8:6	1CO.1.2	3
8:6	1CO.6.13	3
8:6	EPH.1.20-EPH.1.23	3
8:6	COL.1.6	3
8:6	1PE.1.21	2
8:7	ROM.14.14	9
8:7	1CO.10.28-1CO.10.29	9
8:7	ROM.14.22-ROM.14.23	6
8:7	1CO.8.9-1CO.8.10	6
8:7	1CO.1.10-1CO.1.11	3
8:8	ROM.14.17	12
8:8	HEB.13.9	9
8:8	1CO.6.13	8
8:8	COL.2.20-COL.2.23	6
8:9	GAL.5.13	18
8:9	ROM.14.20-ROM.14.21	14
8:9	1PE.2.16	11
8:9	2PE.2.19	9
8:9	ROM.14.1-ROM.14.2	8
8:9	1CO.10.24	8
8:9	ROM.14.13-ROM.14.15	6
8:9	1CO.8.12	6
8:9	1CO.10.32	5
8:9	1CO.8.10	4
8:9	1CO.9.22	4
8:9	LUK.17.1-LUK.17.2	3
8:9	LEV.19.14	2
8:9	ISA.35.3	2
8:9	ISA.57.14	2
8:9	EZK.14.3	2
8:9	ROM.15.1	2
8:9	1CO.10.29	2
8:9	2CO.11.21	2
8:9	REV.2.14	2
8:9	MAT.18.6-MAT.18.7	1
8:9	MAT.18.10	1
8:9	EZK.44.12	0
8:10	1CO.10.28-1CO.10.29	5
8:10	ROM.14.23	4
8:10	1CO.8.4	4
8:10	1CO.10.20-1CO.10.21	4
8:10	ROM.14.14	3
8:10	1CO.8.1-1CO.8.2	3
8:10	1CO.8.7	3
8:10	NUM.25.2	2
8:10	JDG.9.27	2
8:10	AMO.2.8	2
8:10	1CO.10.32	1
8:11	ROM.14.15	8
8:11	ROM.15.1-ROM.15.3	7
8:11	1CO.8.13	5
8:11	ROM.14.20-ROM.14.21	3
8:11	1CO.10.33-1CO.11.1	3
8:12	MAT.18.6	9
8:12	MAT.25.45	7
8:12	1CO.12.12	3
8:12	GEN.20.9	2
8:12	GEN.42.22	2
8:12	EXO.16.8	2
8:12	EXO.32.21	2
8:12	1SA.2.25	2
8:12	1SA.19.4-1SA.19.5	2
8:12	1SA.24.11	2
8:12	MAT.12.49-MAT.12.50	2
8:12	MAT.18.10	2
8:12	MAT.18.21	2
8:12	MAT.25.40	2
8:12	ACT.9.4-ACT.9.5	2
8:13	ROM.14.21	14
8:13	2CO.6.3	7
8:13	2CO.11.29	7
8:13	1CO.6.12	6
8:13	1CO.13.5	5
8:13	1CO.9.19-1CO.9.23	3
8:13	1CO.9.12	2
8:13	1CO.10.33-1CO.11.1	2
9:1	ACT.9.17	7
9:1	ACT.9.3	6
9:1	ACT.23.11	6
9:1	1CO.3.6	6
9:1	1CO.9.19	6
9:1	1TI.2.7	6
9:1	ROM.1.1	5
9:1	GAL.1.15-GAL.1.17	5
9:1	2TI.1.11	5
9:1	TIT.1.1-TIT.1.3	5
9:1	2CO.6.1	4
9:1	GAL.5.1	4
9:1	2CO.12.11-2CO.12.12	3
9:1	GAL.1.1	3
9:1	ACT.9.5	2
9:1	ACT.9.15	2
9:1	ACT.13.2	2
9:1	ACT.14.4	2
9:1	ACT.14.14	2
9:1	ACT.16.17-ACT.16.18	2
9:1	ACT.18.8-ACT.18.11	2
9:1	ACT.22.6-ACT.22.8	2
9:1	ACT.22.14-ACT.22.21	2
9:1	ACT.26.16-ACT.26.18	2
9:1	ROM.1.5	2
9:1	ROM.11.13	2
9:1	1CO.1.1	2
9:1	1CO.4.14-1CO.4.15	2
9:1	1CO.9.2-1CO.9.3	2
9:1	1CO.15.8-1CO.15.9	2
9:1	2CO.11.5	2
9:1	GAL.2.7-GAL.2.8	2
9:1	1TH.2.6	2
9:2	2CO.12.12	6
9:2	JHN.6.27	3
9:2	2CO.3.1-2CO.3.3	3
9:3	ACT.22.1	2
9:3	ACT.25.16	2
9:3	1CO.14.37	2
9:3	2CO.10.7-2CO.10.8	2
9:3	2CO.12.16-2CO.12.19	2
9:3	2CO.13.3	2
9:3	2CO.13.5	2
9:3	2CO.13.10	2
9:3	PHP.1.7	2
9:3	PHP.1.17	2
9:3	2TI.4.16	2
9:4	1TH.2.6	6
9:4	2TH.3.8-2TH.3.9	5
9:4	LUK.10.7	3
9:4	MAT.10.10	2
9:4	1CO.9.7-1CO.9.14	2
9:4	GAL.6.6	2
9:4	1TH.2.9	2
9:4	1TI.5.17-1TI.5.18	1
9:5	JHN.1.42	7
9:5	MAT.8.14	4
9:5	ACT.1.14	4
9:5	1CO.7.7	4
9:5	1CO.7.39	4
9:5	GAL.1.19	4
9:5	HEB.13.4	4
9:5	SNG.4.12	3
9:5	SNG.5.1-SNG.5.2	3
9:5	MAT.12.46-MAT.12.50	3
9:5	MAT.13.55	3
9:5	MRK.1.30	3
9:5	MRK.6.3	3
9:5	LUK.6.15	3
9:5	JHN.2.12	3
9:5	ROM.16.1	3
9:5	1CO.1.12	3
9:5	1CO.7.15	3
9:5	1TI.3.2	3
9:5	1TI.5.2	3
9:5	TIT.1.6	3
9:5	SNG.4.9-SNG.4.10	2
9:5	1TI.4.3	2
9:6	2TH.3.7-2TH.3.9	7
9:6	ACT.13.1-ACT.13.2	6
9:6	ACT.4.36	5
9:6	ACT.18.3	5
9:6	1TH.2.9	5
9:6	ACT.11.22	4
9:6	ACT.14.12	4
9:6	ACT.15.36-ACT.15.37	4
9:6	ACT.20.34-ACT.20.35	4
9:6	1CO.4.11-1CO.4.12	4
9:6	ACT.13.50	2
9:7	PRO.27.18	7
9:7	DEU.20.6	5
9:7	2TI.2.3-2TI.2.4	4
9:7	1CO.3.6-1CO.3.8	3
9:7	PRO.27.27	2
9:7	SNG.8.12	2
9:7	JER.23.2-JER.23.3	2
9:7	ACT.20.28	2
9:7	1TI.1.18	2
9:7	ISA.7.22	1
9:7	JHN.21.15-JHN.21.17	1
9:7	2CO.10.4-2CO.10.5	1
9:7	1TI.6.12	1
9:7	2TI.4.7	1
9:7	1PE.5.2	1
9:8	ISA.8.20	2
9:8	ROM.3.31	2
9:8	ROM.6.19	2
9:8	1CO.7.40	2
9:8	1CO.14.34	2
9:8	1TH.2.13	2
9:8	1TH.4.8	2
9:9	DEU.25.4	23
9:9	1TI.5.18	15
9:9	PSA.104.27	8
9:9	PSA.145.15-PSA.145.16	4
9:9	JON.4.11	4
9:9	NUM.22.28-NUM.22.35	3
9:9	DEU.5.14	3
9:9	DEU.22.1-DEU.22.4	3
9:9	PSA.147.8-PSA.147.9	3
9:9	LUK.12.24-LUK.12.28	3
9:9	MAT.6.26-MAT.6.30	2
9:10	ROM.15.4	6
9:10	2TI.2.6	6
9:10	ROM.4.23-ROM.4.24	4
9:10	JHN.4.35-JHN.4.38	2
9:10	1CO.3.9	2
9:10	2CO.4.15	2
9:10	MAT.24.22	1
9:10	LUK.17.7-LUK.17.8	1
9:11	ROM.15.27	14
9:11	GAL.6.6	11
9:11	MAT.10.10	5
9:11	2CO.11.15	5
9:11	2KI.5.13	3
9:11	MAL.3.8-MAL.3.9	3
9:12	1CO.9.15	8
9:12	1CO.9.18	8
9:12	2CO.11.12	8
9:12	2CO.11.7-2CO.11.10	5
9:12	1TH.2.6-1TH.2.9	5
9:12	1CO.9.2	4
9:12	GEN.24.56	3
9:12	NEH.4.8	3
9:12	LUK.11.52	3
9:12	ACT.18.3	3
9:12	ACT.20.31-ACT.20.34	3
9:12	ROM.15.22	3
9:12	1CO.4.11-1CO.4.12	3
9:12	1CO.4.14-1CO.4.15	3
9:12	1CO.6.7	3
9:12	2CO.6.3	3
9:12	2CO.11.20	3
9:12	2TH.3.8-2TH.3.9	3
9:12	2CO.12.13-2CO.12.14	2
9:13	LEV.6.26	8
9:13	NUM.5.9-NUM.5.10	8
9:13	NUM.18.8-NUM.18.20	8
9:13	DEU.18.1-DEU.18.5	5
9:13	1SA.2.28	5
9:13	1CO.10.18	5
9:13	LEV.6.16-LEV.6.18	4
9:13	LEV.7.6-LEV.7.8	4
9:13	DEU.10.9	4
9:14	MAT.10.10	23
9:14	1TI.5.17-1TI.5.18	19
9:14	1CO.9.4	15
9:14	GAL.6.6	15
9:14	LUK.10.7	12
9:15	1TH.2.9	8
9:15	2TH.3.8	7
9:15	1CO.9.12	5
9:15	ACT.18.3	4
9:15	ACT.20.24	4
9:15	ACT.20.34	4
9:15	2CO.11.9-2CO.11.12	4
9:15	MAT.18.6	3
9:15	ACT.8.3	3
9:15	1CO.4.12	3
9:15	2CO.12.13-2CO.12.18	3
9:15	PHP.1.20-PHP.1.23	3
9:16	ROM.1.14	11
9:16	JER.20.9	10
9:16	COL.4.17	8
9:16	LUK.9.62	7
9:16	ACT.4.20	6
9:16	ACT.26.16-ACT.26.20	6
9:16	AMO.3.8	5
9:16	ACT.9.6	4
9:16	ACT.9.15	4
9:16	ROM.15.17	4
9:16	ISA.6.5	3
9:16	AMO.7.15	3
9:16	ROM.4.2	3
9:16	JER.1.17	2
9:16	JER.20.7	2
9:17	GAL.2.7	6
9:17	1CO.3.8	5
9:17	1CH.28.9	4
9:17	MAT.10.41	4
9:17	COL.1.25	4
9:17	1CH.29.5	3
9:17	1CH.29.9	3
9:17	NEH.11.2	3
9:17	ISA.6.8	3
9:17	JER.20.9	3
9:17	EZK.3.14	3
9:17	1CO.3.14	3
9:17	1CO.4.1	3
9:17	1TH.2.4	3
9:17	1PE.5.2-1PE.5.4	3
9:17	EXO.4.13-EXO.4.14	2
9:17	JON.1.3	2
9:17	JON.4.1-JON.4.3	2
9:17	MAL.1.10	2
9:17	MAT.24.25	2
9:17	LUK.12.42	2
9:17	1CO.9.16	2
9:17	2CO.8.12	2
9:17	EPH.3.2-EPH.3.8	2
9:17	PHP.1.16-PHP.1.17	2
9:17	1TI.1.11-1TI.1.13	2
9:17	PHM.1.14	2
9:17	1CH.29.14	1
9:18	2CO.11.7-2CO.11.9	7
9:18	1CO.8.9	6
9:18	1CO.10.33	6
9:18	1TH.2.6	6
9:18	2TH.3.8-2TH.3.9	6
9:18	2CO.12.13-2CO.12.18	5
9:18	1CO.7.31	4
9:18	1CO.9.6-1CO.9.7	4
9:18	2CO.4.5	4
9:18	ROM.14.15	2
9:19	GAL.5.13	18
9:19	MAT.18.15	12
9:19	1CO.10.33	8
9:19	JAS.5.19-JAS.5.20	8
9:19	MAT.20.26-MAT.20.28	7
9:19	1TI.4.16	7
9:19	1CO.9.20-1CO.9.22	6
9:19	2TI.2.10	6
9:19	ROM.15.2	5
9:19	2CO.4.5	5
9:19	PRO.11.30	4
9:19	JHN.13.14-JHN.13.15	4
9:19	ROM.1.14	4
9:19	1CO.9.1	4
9:19	1PE.3.1	4
9:19	GAL.5.1	3
9:19	1CO.7.16	2
9:19	ROM.11.14	0
9:20	ACT.16.3	13
9:20	GAL.5.18	9
9:20	ACT.21.20-ACT.21.26	5
9:20	ACT.17.2-ACT.17.3	4
9:20	ACT.18.18	3
9:20	ROM.3.19	3
9:20	ROM.6.14-ROM.6.15	3
9:20	ROM.11.14	3
9:20	GAL.4.5	3
9:20	GAL.4.21	3
9:21	ROM.2.12	12
9:21	ROM.2.14	10
9:21	GAL.3.2	10
9:21	MAT.5.17-MAT.5.20	6
9:21	1CO.7.19-1CO.7.22	6
9:21	GAL.5.13-GAL.5.14	4
9:21	TIT.2.2-TIT.2.12	4
9:21	PSA.119.32	3
9:21	ACT.16.4	3
9:21	ROM.7.22	3
9:21	ROM.7.25	3
9:21	ROM.8.4	3
9:21	ROM.13.8-ROM.13.10	3
9:21	GAL.2.3-GAL.2.4	3
9:21	GAL.2.12-GAL.2.14	3
9:21	GAL.5.22-GAL.5.23	3
9:21	EPH.6.1-EPH.6.3	3
9:21	1TH.4.1-1TH.4.2	3
9:21	ACT.15.28	2
9:21	ACT.21.25	2
9:21	HEB.8.10	2
9:22	1CO.10.33	19
9:22	ROM.15.1	14
9:22	1CO.9.19	13
9:22	ROM.11.14	10
9:22	GAL.6.1	6
9:22	1CO.8.13	4
9:22	1CO.7.16	1
9:22	2CO.11.29	0
9:23	2TI.2.10	11
9:23	MRK.8.35	6
9:23	1CO.9.25-1CO.9.27	6
9:23	GAL.2.5	4
9:23	HEB.3.14	4
9:23	1JN.1.3	4
9:23	2CO.2.4	3
9:23	1CO.9.12	2
9:23	2TI.2.6	2
9:23	HEB.3.1	2
9:23	1PE.5.1	2
9:24	PHP.3.14	69
9:24	HEB.12.1	54
9:24	2TI.4.7-2TI.4.8	47
9:24	REV.3.11	42
9:24	PHP.2.16	39
9:24	1CO.9.26	30
9:24	GAL.5.7	30
9:24	JER.12.5	22
9:24	GAL.2.2	21
9:24	JAS.1.12	21
9:24	ECC.9.11	20
9:24	PSA.19.5	13
9:24	COL.2.18	12
9:24	HOS.12.10	6
9:25	2TI.2.5	31
9:25	REV.2.10	30
9:25	1TI.6.12	24
9:25	2TI.4.7-2TI.4.8	23
9:25	JAS.1.12	18
9:25	REV.3.11	15
9:25	2PE.1.6	10
9:25	1PE.1.4	9
9:25	1PE.5.4	9
9:25	EPH.6.12-EPH.6.18	7
9:25	GAL.5.23	4
9:25	HEB.12.28	3
9:25	1CO.15.54	2
9:25	HEB.12.4	2
9:25	TIT.1.8	1
9:25	REV.4.10	1
9:26	2TI.2.5	12
9:26	2PE.1.10	12
9:26	PHP.1.21	11
9:26	COL.1.29	9
9:26	LUK.13.24	4
9:26	2TI.1.12	4
9:26	1PE.5.1	3
9:26	EPH.6.12	2
9:26	1CO.14.9	1
9:26	2CO.5.1	1
9:26	2CO.5.8	1
9:26	HEB.4.1	1
9:26	MAT.11.12	0
9:27	ROM.8.13	48
9:27	1CO.9.25	47
9:27	COL.3.5	44
9:27	2CO.13.5-2CO.13.6	38
9:27	1PE.2.11	33
9:27	1CO.6.12-1CO.6.13	25
9:27	2CO.6.4-2CO.6.5	23
9:27	1CO.8.13	22
9:27	ROM.6.18-ROM.6.19	20
9:27	LUK.9.25	19
9:27	2CO.11.27	19
9:27	2TI.2.22	19
9:27	MAT.7.21-MAT.7.23	18
9:27	2PE.2.15	15
9:27	LUK.13.26-LUK.13.27	14
9:27	PSA.50.16	12
9:27	1CO.4.11-1CO.4.12	12
9:27	LUK.12.45-LUK.12.47	11
9:27	1CO.13.1-1CO.13.3	10
9:27	JER.6.30	9
9:27	ACT.1.25	9
10:1	EXO.14.29	14
10:1	NEH.9.11-NEH.9.12	11
10:1	PSA.78.13-PSA.78.14	7
10:1	PSA.105.39	6
10:1	PSA.106.7-PSA.106.11	6
10:1	EXO.13.21-EXO.13.22	5
10:1	EXO.14.19-EXO.14.22	5
10:1	PSA.77.16-PSA.77.20	4
10:1	PSA.78.53	4
10:1	1CO.14.38	4
10:1	HEB.11.29	4
10:1	EXO.40.34	3
10:1	NUM.9.15-NUM.9.22	3
10:1	NUM.14.14	3
10:1	NUM.33.8	3
10:1	DEU.1.33	3
10:1	JOS.4.23	3
10:1	NEH.9.19	3
10:1	PSA.66.6	3
10:1	PSA.114.3-PSA.114.5	2
10:1	ISA.58.11-ISA.58.13	2
10:1	ROM.4.11	2
10:1	1CO.12.1	2
10:1	PSA.136.13-PSA.136.15	1
10:1	JHN.4.20	1
10:1	ROM.11.21	1
10:1	GAL.3.29	1
10:1	REV.15.2-REV.15.3	1
10:2	HEB.3.2-HEB.3.3	6
10:2	EXO.14.31	4
10:2	ROM.6.3	4
10:2	1CO.1.13-1CO.1.16	4
10:2	JHN.9.28-JHN.9.29	2
10:2	GAL.3.27	2
10:3	DEU.8.3	10
10:3	NEH.9.15	6
10:3	EXO.16.4	5
10:3	EXO.16.35	5
10:3	NEH.9.20	5
10:3	EXO.16.15	4
10:3	PSA.105.40	4
10:3	PSA.78.23-PSA.78.25	3
10:3	JHN.6.22-JHN.6.58	2
10:4	EXO.17.6	28
10:4	JHN.7.37	19
10:4	ISA.48.21	18
10:4	JHN.4.14	16
10:4	PSA.105.41	15
10:4	NUM.20.11	14
10:4	PSA.78.15	14
10:4	PSA.78.20	14
10:4	JHN.4.10	14
10:4	ISA.43.20	10
10:4	COL.2.17	8
10:4	REV.22.17	7
10:4	MAT.26.26-MAT.26.28	6
10:4	1CO.11.24-1CO.11.25	6
10:4	HEB.10.1	2
10:4	DEU.9.21	0
10:4	DAN.2.38	0
10:4	GAL.4.25	0
10:5	HEB.3.17	14
10:5	JUD.1.5	12
10:5	NUM.26.64-NUM.26.65	10
10:5	NUM.14.37	9
10:5	NUM.14.11-NUM.14.12	6
10:5	NUM.14.28-NUM.14.35	6
10:5	PSA.78.32-PSA.78.34	6
10:5	PSA.106.26	6
10:5	DEU.1.34-DEU.1.35	5
10:5	PSA.95.11	4
10:5	DEU.2.15-DEU.2.16	3
10:5	PSA.90.1	1
10:5	PSA.90.7-PSA.90.8	1
10:6	JUD.1.7	11
10:6	1CO.10.11	9
10:6	2PE.2.6	9
10:6	HEB.4.11	8
10:6	NUM.11.4	7
10:6	ZEP.3.6-ZEP.3.7	7
10:6	NUM.11.31-NUM.11.34	6
10:6	PSA.106.14-PSA.106.15	5
10:6	1PE.3.21	4
10:6	PSA.78.27-PSA.78.31	3
10:6	ROM.5.14	2
10:6	HEB.9.24	1
10:7	EXO.32.6-EXO.32.8	39
10:7	PSA.106.19-PSA.106.20	15
10:7	DEU.9.12	9
10:7	1CO.6.9	9
10:7	1CO.10.14	8
10:7	DEU.9.16-DEU.9.21	7
10:7	1CO.5.11	5
10:7	EXO.32.17	4
10:7	EXO.32.19	4
10:7	1JN.5.21	4
10:7	EXO.32.4	3
10:7	1CO.14.20-1CO.14.22	2
10:8	NUM.25.1-NUM.25.9	34
10:8	1CO.6.18	15
10:8	PSA.106.29	13
10:8	1CO.6.9	9
10:8	REV.2.14	7
10:9	NUM.21.5-NUM.21.6	27
10:9	PSA.78.18	20
10:9	HEB.3.8-HEB.3.11	16
10:9	EXO.17.2	12
10:9	EXO.17.7	11
10:9	DEU.6.16	11
10:9	PSA.78.56	11
10:9	EXO.23.20-EXO.23.21	10
10:9	PSA.95.9	9
10:9	PSA.106.14	9
10:9	HEB.10.28-HEB.10.30	7
10:10	NUM.14.2	17
10:10	NUM.16.41	16
10:10	NUM.14.37	15
10:10	PHP.2.14	14
10:10	1CH.21.15	11
10:10	2SA.24.16	10
10:10	PSA.106.25	9
10:10	EXO.12.23	8
10:10	JUD.1.16	8
10:10	EXO.15.24	6
10:10	EXO.16.2-EXO.16.9	6
10:10	EXO.17.2-EXO.17.3	6
10:10	NUM.14.27-NUM.14.30	6
10:10	NUM.16.46-NUM.16.49	5
10:10	ACT.12.23	4
10:10	2CH.32.21	3
10:10	MAT.13.39-MAT.13.42	3
10:10	2TH.1.7-2TH.1.8	3
10:10	HEB.11.28	2
10:10	REV.16.1	2
10:11	ROM.15.4	51
10:11	ROM.13.11	11
10:11	1CO.9.10	9
10:11	PHP.4.5	8
10:11	ROM.4.23	7
10:11	1JN.2.18	7
10:11	HEB.10.25	5
10:11	HEB.10.37	5
10:11	1CO.7.29	2
10:12	ROM.11.20	41
10:12	2PE.3.17	40
10:12	PRO.16.18	36
10:12	1CO.8.2	29
10:12	MAT.26.40-MAT.26.41	27
10:12	MAT.26.33-MAT.26.34	23
10:12	PRO.28.14	22
10:12	REV.3.17-REV.3.18	14
10:12	1CO.4.6-1CO.4.8	11
10:13	2PE.2.9	174
10:13	2TI.4.18	160
10:13	2TH.3.3	141
10:13	1PE.5.8-1PE.5.9	112
10:13	HEB.12.4	83
10:13	1TH.5.24	82
10:13	ROM.8.28-ROM.8.39	77
10:13	2CO.12.8-2CO.12.10	71
10:13	EPH.6.12-EPH.6.13	70
10:13	LUK.22.46	60
10:13	JER.29.11	59
10:13	DAN.3.17	54
10:13	DEU.7.9	46
10:13	LAM.3.23	43
10:13	REV.3.10	43
10:13	JHN.10.28-JHN.10.30	42
10:13	JAS.5.10-JAS.5.11	42
10:13	REV.2.10	42
10:13	2CO.1.10	41
10:13	1PE.4.19	38
10:13	1JN.1.9	35
10:13	2TI.2.11-2TI.2.13	33
10:13	HEB.11.11	29
10:13	HEB.10.23	26
10:13	1CO.1.9	25
10:13	LUK.22.31-LUK.22.32	24
10:13	PSA.89.33	20
10:13	PSA.124.7	20
10:13	PSA.125.3	20
10:13	LUK.11.4	20
10:13	1PE.1.5-1PE.1.7	20
10:13	EXO.3.17	18
10:13	HEB.6.18	18
10:13	HEB.11.35-HEB.11.38	18
10:13	ISA.25.1	17
10:13	MAT.24.21-MAT.24.24	17
10:13	2CO.11.23-2CO.11.28	17
10:13	REV.19.11	17
10:13	ISA.11.5	16
10:13	HOS.2.20	16
10:13	ISA.49.7	14
10:13	LUK.16.26	14
10:13	JER.12.5	13
10:13	ACT.27.44	13
10:13	GEN.19.20-GEN.19.21	12
10:13	PSA.36.5	11
10:14	REV.21.8	13
10:14	1JN.5.21	12
10:14	2CO.7.1	10
10:14	1PE.2.11	10
10:14	2CO.6.17	8
10:14	REV.22.15	8
10:14	REV.2.14	6
10:14	1CO.10.7	5
10:14	1CO.10.20-1CO.10.21	5
10:14	REV.13.8	5
10:14	2CO.11.11	4
10:14	ROM.12.19	3
10:14	2CO.12.15	2
10:14	PHP.4.1	2
10:14	2CO.12.19	1
10:14	PHM.1.1	1
10:15	1TH.5.21	5
10:15	1CO.8.1	3
10:15	JOB.34.2-JOB.34.3	2
10:15	1CO.4.10	2
10:15	1CO.6.5	2
10:15	1CO.11.13	2
10:15	1CO.14.20	2
10:16	MAT.26.26-MAT.26.28	18
10:16	1CO.11.23-1CO.11.29	13
10:16	ACT.2.42	12
10:16	HEB.3.14	11
10:16	JHN.6.53-JHN.6.58	10
10:16	1JN.1.7	10
10:16	LUK.22.19-LUK.22.20	8
10:16	ACT.2.46	7
10:16	1JN.1.3	7
10:16	MRK.14.22-MRK.14.25	6
10:16	1CO.1.9	6
10:16	1CO.10.20-1CO.10.21	6
10:16	ACT.20.7	5
10:16	1CO.12.13	4
10:16	ACT.20.11	3
10:17	ROM.12.5	8
10:17	COL.3.15	7
10:17	1CO.12.12	6
10:17	1CO.12.27	6
10:17	EPH.4.4	5
10:17	EPH.4.12-EPH.4.13	5
10:17	EPH.4.16	5
10:17	EPH.4.25	5
10:17	GAL.3.26-GAL.3.28	4
10:17	EPH.2.15-EPH.2.16	3
10:17	EPH.3.6	3
10:17	COL.3.11	3
10:17	1CO.10.3-1CO.10.4	2
10:17	1CO.10.21	2
10:17	1CO.11.26-1CO.11.28	2
10:17	EPH.1.22-EPH.1.23	2
10:17	COL.2.19	2
10:18	LEV.3.11	4
10:18	LEV.7.6	4
10:18	GAL.6.16	4
10:18	EPH.2.11-EPH.2.12	4
10:18	PHP.3.3-PHP.3.5	4
10:18	LEV.3.3-LEV.3.5	3
10:18	ROM.1.3	3
10:18	ROM.4.1	3
10:18	ROM.4.12	3
10:18	1CO.9.13	3
10:18	2CO.11.18-2CO.11.22	3
10:18	1SA.9.12-1SA.9.13	2
10:18	ROM.9.3-ROM.9.8	2
10:18	LEV.7.11-LEV.7.17	1
10:18	1SA.2.13-1SA.2.16	1
10:19	1CO.8.4	8
10:19	DEU.32.21	3
10:19	ISA.40.17	3
10:19	ISA.41.29	3
10:19	1CO.1.28	3
10:19	1CO.3.7	3
10:19	1CO.13.2	3
10:19	2CO.12.11	2
10:20	REV.9.20	14
10:20	PSA.106.37-PSA.106.39	12
10:20	DEU.32.16-DEU.32.17	11
10:20	2CO.4.4	7
10:20	LEV.17.7	6
10:20	2CH.11.15	4
10:21	MAT.6.24	31
10:21	1KI.18.21	22
10:21	2CO.6.15-2CO.6.17	13
10:21	ISA.65.11	10
10:21	1CO.10.16	7
10:21	DEU.32.37-DEU.32.38	6
10:21	1CO.8.10	5
10:22	DEU.32.21	9
10:22	DEU.32.16	6
10:22	HEB.10.31	5
10:22	EXO.20.5	4
10:22	EXO.34.14	4
10:22	DEU.4.24	4
10:22	DEU.6.15	4
10:22	JOS.24.19	4
10:22	JOB.40.9-JOB.40.14	4
10:22	PSA.78.58	4
10:22	ECC.6.10	4
10:22	EZK.22.14	4
10:22	JOB.9.4	3
10:22	ISA.45.9	3
10:22	ZEP.1.18	3
10:23	1CO.6.12	35
10:23	1CO.8.9	27
10:23	EPH.4.29	19
10:23	ROM.14.19-ROM.14.20	14
10:23	1TH.5.11	10
10:23	ROM.15.1-ROM.15.2	9
10:23	ROM.14.15	8
10:23	1CO.14.17	6
10:23	1CO.14.26	4
10:23	1CO.14.12	3
10:23	1TI.1.4	3
10:23	1CO.8.1	2
10:23	1CO.14.3-1CO.14.5	2
10:23	2CO.12.19	2
10:24	ROM.15.1-ROM.15.2	19
10:24	PHP.2.4-PHP.2.5	17
10:24	1CO.10.33	15
10:24	PHP.2.21	14
10:24	1CO.9.19-1CO.9.23	12
10:24	1CO.13.5	8
10:24	2CO.12.14	3
10:25	1TI.4.4	8
10:25	1CO.8.7	7
10:25	TIT.1.15	6
10:25	ROM.14.14	4
10:25	ACT.10.15	3
10:25	ROM.13.5	3
10:25	1CO.10.27-1CO.10.29	3
10:26	PSA.24.1	19
10:26	PSA.50.12	8
10:26	EXO.19.5	7
10:26	DEU.10.14	6
10:26	JOB.41.11	4
10:26	1TI.6.17	2
10:26	1CO.10.28	1
10:27	1CO.10.25	9
10:27	LUK.10.7-LUK.10.8	7
10:27	1CO.5.9-1CO.5.11	4
10:27	LUK.5.29-LUK.5.30	3
10:27	LUK.15.23	3
10:27	LUK.19.7	3
10:27	2CO.1.13	3
10:27	2CO.4.2	3
10:27	2CO.5.11	3
10:28	1CO.8.10-1CO.8.13	8
10:28	ROM.14.15	5
10:28	1CO.8.7	5
10:28	1CO.10.26	4
10:28	PSA.115.16	3
10:28	JER.27.5-JER.27.6	3
10:28	MAT.6.31-MAT.6.32	3
10:28	EXO.9.29	2
10:28	DEU.10.14	2
10:28	PSA.24.1	2
10:29	1CO.9.19	8
10:29	ROM.14.15-ROM.14.21	7
10:29	1CO.8.9-1CO.8.13	5
10:29	1CO.10.32	4
10:29	2CO.8.21	4
10:29	1TH.5.22	3
10:30	ROM.14.6	8
10:30	1TI.4.3-1TI.4.4	2
10:31	COL.3.17	160
10:31	COL.3.23	132
10:31	1PE.4.11	67
10:31	DEU.12.7	25
10:31	DEU.12.18	24
10:31	ZEC.7.5-ZEC.7.6	19
10:31	DEU.12.12	15
10:31	LUK.11.41	13
10:31	NEH.8.16-NEH.8.18	12
10:31	1CO.7.34	10
10:32	ACT.20.28	10
10:32	1CO.10.33	9
10:32	ROM.14.13	8
10:32	ACT.24.16	6
10:32	1CO.8.13	6
10:32	2CO.6.3	6
10:32	1CO.11.22	4
10:32	1TI.3.15	4
10:32	1TI.3.5	3
10:32	PHP.1.10	2
10:33	1CO.10.24	10
10:33	GAL.1.10	10
10:33	1CO.9.19-1CO.9.23	7
10:33	ROM.15.2-ROM.15.3	4
10:33	ROM.11.14	2
10:33	2CO.12.19	2
10:33	2CO.11.28-2CO.11.29	1
11:1	PHP.3.17	41
11:1	1TH.1.6	37
11:1	EPH.5.1-EPH.5.2	33
11:1	1CO.4.16	32
11:1	HEB.6.12	32
11:1	PHP.2.4-PHP.2.5	20
11:1	2TH.3.9	17
11:1	ROM.15.2-ROM.15.3	8
11:1	1CO.10.33	6
11:2	2TH.2.15	10
11:2	1CO.4.17	7
11:2	PRO.31.28-PRO.31.31	6
11:2	1CO.11.17	5
11:2	1CO.11.22	5
11:2	1CO.15.2	5
11:2	2TH.3.6	5
11:2	LUK.1.6	4
11:2	1TH.3.6	3
11:2	1TH.4.1-1TH.4.2	3
11:2	1CO.7.17	2
11:3	GEN.3.16	18
11:3	COL.1.18	14
11:3	1CO.3.23	12
11:3	COL.3.18	12
11:3	EPH.4.15	11
11:3	EPH.5.22-EPH.5.24	7
11:3	COL.2.19	7
11:3	1PE.3.5-1PE.3.6	7
11:3	PHP.2.7-PHP.2.11	6
11:3	1TI.2.11-1TI.2.12	6
11:3	1PE.3.1	6
11:3	EPH.1.20-EPH.1.23	4
11:3	1CO.15.27-1CO.15.28	3
11:3	COL.2.10	3
11:3	JHN.14.28	2
11:3	ISA.49.3-ISA.49.6	1
11:3	ISA.52.13	1
11:3	ISA.55.4	1
11:3	ISA.61.1-ISA.61.4	1
11:3	MAT.28.18	1
11:3	JHN.3.34-JHN.3.36	1
11:3	JHN.5.20-JHN.5.30	1
11:3	JHN.17.2-JHN.17.5	1
11:4	2SA.15.30	9
11:4	2SA.19.4	1
11:4	1CO.11.14	1
11:4	1CO.12.10	1
11:4	1CO.12.28	1
11:5	DEU.21.12	11
11:5	LUK.2.36	9
11:5	ACT.2.17	6
11:5	1CO.14.34	4
11:5	ACT.21.9	3
11:6	DEU.22.5	1
11:7	1CO.11.3	8
11:7	GEN.9.6	5
11:7	GEN.1.26-GEN.1.27	4
11:7	GEN.5.1	4
11:7	PSA.8.6	4
11:7	GEN.3.16	3
11:7	JAS.3.9	2
11:8	1TI.2.13	8
11:8	GEN.2.21-GEN.2.23	7
11:9	GEN.2.18	7
11:9	GEN.2.23-GEN.2.24	2
11:9	GEN.2.20	0
11:10	GEN.24.64-GEN.24.65	10
11:10	HEB.1.14	7
11:10	MAT.18.10	1
11:11	GAL.3.28	5
11:11	1CO.7.10-1CO.7.14	4
11:11	1CO.12.12-1CO.12.22	3
11:12	ROM.11.36	5
11:12	1CO.8.6	3
11:12	PRO.16.4	2
11:12	HEB.1.2-HEB.1.3	2
11:13	LUK.12.57	2
11:13	JHN.7.24	1
11:13	1CO.10.15	1
11:16	1CO.7.17	11
11:16	1TI.6.3-1TI.6.4	8
11:16	1TH.2.14	5
11:16	ACT.21.24	4
11:16	1CO.14.33-1CO.14.34	4
11:16	ACT.21.21	3
11:16	1CO.16.1	2
11:17	HEB.10.25	5
11:17	ISA.58.1-ISA.58.4	4
11:17	1CO.11.22	4
11:17	1CO.14.23	4
11:17	1PE.2.14	4
11:17	LEV.19.17	3
11:17	1CO.11.2	3
11:17	1CO.14.26	3
11:17	JER.7.9-JER.7.10	2
11:17	ISA.1.13-ISA.1.14	1
11:17	1CO.11.20	1
11:17	1CO.11.34	1
11:17	PRO.27.5	0
11:18	1CO.3.3	10
11:18	1CO.1.10-1CO.1.12	5
11:18	1CO.5.1	2
11:18	1CO.6.1	1
11:19	1JN.2.19	16
11:19	TIT.3.10	12
11:19	ACT.20.30	9
11:19	DEU.13.3	8
11:19	LUK.17.1	8
11:19	2PE.2.1-2PE.2.2	7
11:19	MAT.18.7	6
11:19	2CO.13.5-2CO.13.7	4
11:19	GAL.5.20	4
11:19	1TI.4.1-1TI.4.2	4
11:19	ACT.5.17	2
11:19	ACT.15.5	2
11:19	ACT.24.5	2
11:19	ACT.24.14	2
11:19	ACT.26.5	2
11:19	ACT.28.22	2
11:19	LUK.2.35	1
11:21	2PE.2.13	7
11:21	JUD.1.12	7
11:21	1CO.10.16-1CO.10.18	4
11:21	1CO.11.23-1CO.11.25	3
11:22	PRO.17.5	6
11:22	ACT.20.28	5
11:22	JAS.2.5-JAS.2.6	5
11:22	1CO.10.32	4
11:22	1TI.3.15	3
11:22	1CO.11.2	2
11:22	1CO.11.17	2
11:22	1TI.3.5	2
11:22	1CO.15.9	1
11:23	LUK.22.19-LUK.22.20	18
11:23	MAT.26.26-MAT.26.28	15
11:23	MRK.14.22-MRK.14.24	13
11:23	1CO.11.23-1CO.11.25	13
11:23	1CO.15.3	11
11:23	1TH.4.2	8
11:23	DEU.4.5	7
11:23	GAL.1.11-GAL.1.12	7
11:23	MAT.28.20	5
11:23	MAT.26.2	4
11:23	MAT.26.17	4
11:23	MAT.26.34	4
11:23	ACT.20.7	4
11:23	GAL.1.1	4
11:24	JHN.6.53-JHN.6.58	20
11:24	1CO.11.27-1CO.11.28	11
11:24	1CO.10.3-1CO.10.4	10
11:24	EXO.12.14	8
11:24	ISA.26.8	8
11:24	1CO.10.16-1CO.10.17	8
11:24	SNG.5.1	7
11:24	ISA.55.1-ISA.55.3	7
11:24	1CO.5.7-1CO.5.8	7
11:24	PRO.9.5	6
11:24	ISA.25.6	6
11:24	PSA.111.4	5
11:24	SNG.1.4	5
11:24	JOS.4.7	4
11:24	PSA.22.26	4
11:24	PSA.22.29	4
11:24	MAT.26.13	4
11:25	LUK.22.20	16
11:25	HEB.9.15-HEB.9.20	12
11:25	HEB.13.20	11
11:25	2CO.3.6	5
11:25	1CO.10.16	4
11:25	2CO.3.14	4
11:25	1CO.11.27-1CO.11.28	3
11:26	HEB.9.28	13
11:26	REV.1.7	13
11:26	JHN.14.3	10
11:26	ACT.1.11	8
11:26	1JN.2.28	8
11:26	JHN.21.22	7
11:26	2PE.3.10	7
11:26	1CO.15.23	6
11:26	1TH.4.16	6
11:26	2TH.2.2-2TH.2.3	6
11:26	JUD.1.14	6
11:26	REV.20.11-REV.20.12	6
11:26	REV.22.20	6
11:26	1CO.4.5	5
11:26	2TH.1.10	5
11:27	JHN.6.51	25
11:27	1CO.10.21	20
11:27	HEB.10.29	16
11:27	NUM.9.13	14
11:27	LEV.10.1-LEV.10.3	12
11:27	NUM.9.10	12
11:27	JHN.6.63-JHN.6.64	11
11:27	2CH.30.18-2CH.30.20	10
11:27	JHN.13.18-JHN.13.27	9
11:27	MAT.22.11	8
11:28	GAL.6.4	21
11:28	2CO.13.5	17
11:28	LAM.3.40	15
11:28	MAT.5.23-MAT.5.24	10
11:28	PSA.26.2-PSA.26.7	8
11:28	HAG.1.5	8
11:28	1CO.11.31	8
11:28	HAG.1.7	7
11:28	1JN.3.20-1JN.3.21	6
11:28	NUM.9.10-NUM.9.13	5
11:28	ZEC.7.5-ZEC.7.7	5
11:29	1CO.11.27	8
11:29	ECC.8.5	5
11:29	1CO.11.24	5
11:29	1CO.11.30	5
11:29	1CO.11.32-1CO.11.34	5
11:29	HEB.5.14	5
11:29	JAS.3.1	4
11:29	JAS.5.12	4
11:29	ROM.13.2	3
11:30	REV.3.19	8
11:30	EXO.15.26	6
11:30	NUM.20.12	5
11:30	PSA.38.1-PSA.38.8	5
11:30	AMO.3.2	5
11:30	NUM.20.24	3
11:30	NUM.21.6-NUM.21.9	3
11:30	2SA.12.14-2SA.12.18	3
11:30	1KI.13.21-1KI.13.24	3
11:30	PSA.78.30-PSA.78.31	3
11:30	PSA.89.31-PSA.89.34	3
11:30	1TH.4.14	3
11:30	ACT.13.36	2
11:30	1CO.11.32	2
11:30	1CO.15.51	2
11:30	HEB.12.5-HEB.12.11	2
11:31	1JN.1.9	13
11:31	PSA.32.3-PSA.32.5	12
11:31	REV.2.5	8
11:31	1CO.11.28	7
11:31	LUK.15.18-LUK.15.20	5
11:31	REV.3.2-REV.3.3	5
11:31	JER.31.18-JER.31.20	3
11:32	PRO.3.11-PRO.3.12	9
11:32	HEB.12.5-HEB.12.11	9
11:32	PSA.118.18	8
11:32	REV.3.19	8
11:32	DEU.8.5	7
11:32	JOB.5.17-JOB.5.18	7
11:32	1CO.11.30	5
11:32	JOB.34.31-JOB.34.32	4
11:32	PSA.94.12-PSA.94.13	4
11:32	JER.7.28	4
11:32	1JN.5.19	3
11:32	JOB.33.18-JOB.33.30	2
11:32	ISA.1.5	2
11:32	ZEP.3.2	2
11:32	ROM.3.19	2
11:34	1CO.11.21-1CO.11.22	8
11:34	1CO.4.19	4
11:34	1CO.7.17	4
11:34	1CO.16.2	3
11:34	TIT.1.5	3
11:34	1CO.16.5	2
12:1	1CO.12.4-1CO.12.11	12
12:1	EPH.4.11	6
12:1	1CO.14.1-1CO.14.18	5
12:1	1CO.14.37	5
12:2	1PE.4.3	13
12:2	1TH.1.9	12
12:2	PSA.115.5	10
12:2	GAL.4.8	8
12:2	EPH.2.11-EPH.2.12	7
12:2	1CO.6.11	6
12:2	JER.10.5	5
12:2	HAB.2.18-HAB.2.19	5
12:2	PSA.115.7	4
12:2	EPH.4.17-EPH.4.18	4
12:2	PSA.135.16	3
12:2	ISA.46.7	3
12:2	MAT.15.14	3
12:2	TIT.3.3	3
12:2	1PE.1.18	3
12:3	1JN.4.2-1JN.4.3	29
12:3	MAT.16.16-MAT.16.17	13
12:3	ROM.10.9	13
12:3	2CO.3.5	10
12:3	JHN.13.13	7
12:3	JHN.15.26	6
12:3	1CO.8.6	6
12:3	MAT.22.43	5
12:3	DEU.21.23	4
12:3	MRK.9.39	4
12:3	ROM.9.3	4
12:3	1CO.16.22	4
12:3	JHN.16.14-JHN.16.15	3
12:3	2CO.11.4	3
12:3	GAL.3.13	2
12:3	REV.1.10	2
12:4	1PE.4.10	24
12:4	1CO.12.28	14
12:4	ROM.12.4-ROM.12.6	13
12:4	1CO.12.8-1CO.12.11	12
12:4	HEB.2.4	12
12:4	EPH.4.4-EPH.4.6	9
12:4	EPH.4.11	3
12:5	EPH.4.11-EPH.4.12	8
12:5	ROM.12.6-ROM.12.8	5
12:5	ROM.14.8-ROM.14.9	5
12:5	MAT.23.10	4
12:5	1CO.8.6	4
12:5	1CO.12.28-1CO.12.29	3
12:5	ACT.10.36	2
12:5	PHP.2.11	2
12:6	1CO.3.7	9
12:6	JHN.5.17	8
12:6	1CO.12.11	8
12:6	HEB.13.21	8
12:6	EPH.4.6	7
12:6	PHP.2.13	7
12:6	COL.1.29	7
12:6	COL.3.11	7
12:6	1CO.15.28	5
12:6	EPH.1.19-EPH.1.23	5
12:6	JOB.33.29	4
12:7	1PE.4.10-1PE.4.11	25
12:7	ROM.12.6-ROM.12.8	14
12:7	1CO.14.19	13
12:7	1CO.14.12	7
12:7	1CO.14.17	5
12:7	1CO.14.22-1CO.14.26	4
12:7	EPH.4.7-EPH.4.12	4
12:7	1CO.14.5	3
12:7	MAT.25.14-MAT.25.30	2
12:8	PRO.2.6	10
12:8	1CO.2.6-1CO.2.10	8
12:8	EPH.1.17-EPH.1.18	8
12:8	PSA.143.10	7
12:8	1CO.1.5	7
12:8	2CO.8.7	7
12:8	GEN.41.38-GEN.41.39	5
12:8	NEH.9.20	5
12:8	ISA.11.2-ISA.11.3	5
12:8	1CO.1.30	5
12:8	EXO.31.3	4
12:8	1KI.3.5-1KI.3.12	4
12:8	JOB.32.8	4
12:8	ISA.50.4	4
12:8	ISA.59.21	4
12:8	DAN.2.21	4
12:8	MAT.13.11	4
12:8	1CO.13.8	4
12:8	1CO.13.2	3
12:8	ACT.6.3	1
12:9	JAS.5.14-JAS.5.15	13
12:9	2CO.4.13	10
12:9	EPH.2.8	10
12:9	HEB.11.33	8
12:9	MAT.17.19-MAT.17.20	7
12:9	1CO.13.2	7
12:9	1CO.12.28	6
12:9	MAT.21.21	5
12:9	MRK.11.22-MRK.11.23	4
12:9	MRK.16.18	4
12:9	LUK.17.5-LUK.17.6	4
12:9	ACT.4.29-ACT.4.31	4
12:9	1CO.12.30	4
12:9	MAT.10.8	3
12:9	MRK.6.13	3
12:9	LUK.9.2	3
12:9	LUK.10.9	3
12:9	ACT.3.6-ACT.3.8	3
12:9	ACT.5.15	3
12:9	ACT.10.38	2
12:9	ACT.19.11-ACT.19.12	2
12:10	1CO.14.39	15
12:10	1JN.4.1	14
12:10	MRK.16.17	12
12:10	1CO.12.28-1CO.12.30	9
12:10	JOL.2.28	7
12:10	1CO.14.31-1CO.14.32	7
12:10	MRK.16.20	5
12:10	1CO.14.26-1CO.14.29	5
12:10	GAL.3.5	5
12:10	1CO.14.1-1CO.14.5	4
12:10	1CO.14.23-1CO.14.24	4
12:10	2PE.1.20-2PE.1.21	4
12:10	REV.2.2	4
12:10	NUM.11.25-NUM.11.29	3
12:10	1SA.10.10-1SA.10.13	3
12:10	1SA.19.20-1SA.19.24	3
12:10	2SA.23.1-2SA.23.2	3
12:10	LUK.24.49	3
12:10	JHN.14.12	3
12:10	JHN.16.13	3
12:10	ACT.1.8	3
12:10	ACT.2.17-ACT.2.18	3
12:10	ACT.2.29-ACT.2.30	3
12:10	ACT.5.3	3
12:10	ACT.11.28	3
12:10	ACT.19.6	3
12:10	ACT.21.9-ACT.21.10	3
12:10	ROM.12.6	3
12:10	ROM.15.19	3
12:10	1CO.13.1-1CO.13.2	3
12:10	1CO.13.8	3
12:10	1TH.5.20	3
12:10	ACT.2.4-ACT.2.12	2
12:10	ACT.10.46-ACT.10.47	2
12:10	HEB.2.4	2
12:11	1CO.12.4	7
12:11	HEB.2.4	7
12:11	2CO.10.13	5
12:11	1CO.12.6	4
12:11	EPH.4.7	3
12:11	DAN.4.35	2
12:11	MAT.11.26	2
12:11	MAT.20.15	2
12:11	JHN.3.8	2
12:11	JHN.3.27	2
12:11	JHN.5.21	2
12:11	ROM.9.18	2
12:11	ROM.12.6	2
12:11	1CO.7.7	2
12:11	1CO.7.17	2
12:11	EPH.1.11	2
12:11	JAS.1.18	2
12:12	ROM.12.4-ROM.12.5	40
12:12	COL.3.15	25
12:12	1CO.12.27	21
12:12	EPH.4.15-EPH.4.16	18
12:12	COL.2.19	14
12:12	EPH.5.30	11
12:12	1CO.10.17	10
12:12	EPH.4.4	9
12:12	GAL.3.16	8
12:12	EPH.4.12	8
12:12	EPH.5.23	8
12:12	COL.1.18	8
12:12	EPH.1.23	5
12:12	COL.1.24	5
12:13	EPH.4.5	20
12:13	GAL.3.28	16
12:13	COL.3.11	16
12:13	JHN.7.37-JHN.7.39	12
12:13	ROM.6.3-ROM.6.6	10
12:13	1PE.3.21	10
12:13	ACT.1.5	9
12:13	LUK.3.16	7
12:13	EPH.2.11-EPH.2.22	7
12:13	TIT.3.4-TIT.3.6	7
12:13	MAT.3.11	6
12:13	JHN.1.33	6
12:13	JHN.4.10	6
12:13	JHN.4.14	6
12:13	ROM.3.29	6
12:13	EZK.36.25-EZK.36.27	5
12:13	JHN.3.5	4
12:13	ROM.8.9-ROM.8.11	4
12:13	EPH.5.26	4
12:13	COL.2.11-COL.2.12	4
12:13	JHN.6.63	3
12:13	1CO.10.2	3
12:13	GAL.3.23	3
12:13	EPH.3.6	3
12:13	COL.1.27	3
12:13	ISA.41.17-ISA.41.18	2
12:13	ISA.44.3-ISA.44.5	2
12:13	JHN.1.16	2
12:13	ROM.4.11	2
12:13	1CO.7.21-1CO.7.22	2
12:13	EPH.6.8	2
12:13	SNG.5.1	1
12:13	ZEC.9.15-ZEC.9.17	1
12:13	ISA.55.1	0
12:14	1CO.12.27-1CO.12.28	6
12:14	1CO.12.12	4
12:14	1CO.12.19	3
12:14	EPH.4.25	3
12:15	JDG.9.8-JDG.9.15	4
12:15	2KI.14.9	2
12:16	ROM.12.3	7
12:16	ROM.12.10	4
12:16	1CO.12.22	4
12:16	PHP.2.3	4
12:17	PSA.139.13-PSA.139.16	4
12:17	PSA.94.9	3
12:17	PRO.20.12	3
12:17	1CO.12.21	3
12:17	1CO.12.29	2
12:17	1SA.9.9	0
12:18	1CO.12.28	10
12:18	ROM.12.3	8
12:18	1CO.12.11	7
12:18	LUK.12.32	4
12:18	1CO.3.5	4
12:18	PSA.135.6	3
12:18	LUK.10.21	3
12:18	1CO.12.24	3
12:18	ISA.46.10	2
12:18	JON.1.14	2
12:18	1CO.15.38	2
12:18	PSA.110.3	1
12:18	EPH.1.5	1
12:18	EPH.1.9	1
12:18	REV.4.11	1
12:20	1CO.12.14	4
12:20	1CO.12.12	3
12:21	EZR.10.1-EZR.10.5	3
12:21	NEH.4.16-NEH.4.21	3
12:21	JOB.29.11	1
12:21	1SA.25.32	0
12:22	PRO.14.28	7
12:22	ECC.9.14-ECC.9.15	6
12:22	ECC.4.9-ECC.4.12	2
12:22	ECC.5.9	1
12:22	2CO.1.11	1
12:22	TIT.2.9-TIT.2.10	0
12:23	GEN.3.21	1
12:24	GEN.2.25	1
12:24	GEN.3.11	1
12:25	2CO.13.11	14
12:25	1CO.1.10-1CO.1.12	11
12:25	JHN.17.21-JHN.17.26	10
12:25	2CO.8.16	6
12:25	1CO.3.3	4
12:25	2CO.7.12	4
12:26	ROM.12.15	14
12:26	GAL.6.2	13
12:26	HEB.13.3	11
12:26	1PE.3.8	5
12:26	2CO.11.28-2CO.11.29	0
12:27	EPH.4.12	17
12:27	EPH.5.30	15
12:27	ROM.12.5	14
12:27	COL.1.24	14
12:27	1CO.12.12	9
12:27	1CO.12.14-1CO.12.20	8
12:27	EPH.1.23	7
12:27	EPH.5.23	7
12:27	COL.1.18	6
12:28	EPH.4.11-EPH.4.13	26
12:28	ROM.12.6-ROM.12.8	20
12:28	1CO.12.18	13
12:28	1CO.12.7-1CO.12.11	9
12:28	1TI.5.17	7
12:28	EPH.2.20	6
12:28	EPH.3.5	6
12:28	HEB.13.24	5
12:28	HEB.13.17	4
12:28	NUM.11.17	2
12:28	ACT.20.28	2
12:28	1PE.5.1-1PE.5.4	1
12:28	ACT.2.8-ACT.2.11	0
12:28	1CO.10.32	0
12:29	1CO.12.4-1CO.12.11	4
12:29	1CO.12.14-1CO.12.20	1
12:30	1CO.12.10	8
12:31	1CO.13.1-1CO.14.1	15
12:31	1CO.14.39	8
12:31	MAT.5.6	5
12:31	PHP.3.8	5
12:31	LUK.10.42	3
12:31	1CO.8.1	3
12:31	HEB.11.4	2
13:1	1TI.1.5	64
13:1	1PE.4.8	64
13:1	GAL.5.22	46
13:1	1CO.13.8	34
13:1	GAL.5.6	32
13:1	1CO.13.2-1CO.13.3	27
13:1	1CO.8.1	26
13:1	2PE.2.18	13
13:1	MAT.25.45	12
13:1	1CO.14.6-1CO.14.8	11
13:1	ROM.14.15	10
13:1	1CO.12.8	9
13:1	1CO.12.29-1CO.12.30	8
13:1	1CO.12.16	6
13:1	2CO.12.4	4
13:2	1JN.4.8	23
13:2	1CO.13.3	16
13:2	1JN.4.20-1JN.4.21	14
13:2	MAT.17.20	11
13:2	MAT.21.21	9
13:2	1CO.16.22	8
13:2	1CO.12.8-1CO.12.10	7
13:2	1CO.13.1	5
13:2	1CO.14.1-1CO.14.2	5
13:2	GAL.5.16	5
13:2	EPH.3.4	5
13:2	COL.1.26	4
13:2	MAT.7.22-MAT.7.23	3
13:2	MRK.11.22-MRK.11.23	3
13:2	LUK.17.5-LUK.17.6	3
13:2	1CO.7.19	3
13:2	1CO.12.28	3
13:2	1CO.14.6-1CO.14.9	3
13:2	GAL.5.22	3
13:2	GAL.6.3	3
13:2	NUM.24.15-NUM.24.24	2
13:2	MAT.13.11	2
13:2	MAT.21.19	2
13:2	ROM.11.25	2
13:2	ROM.16.25	2
13:2	1CO.4.1	2
13:2	EPH.6.19	2
13:2	1TI.3.16	2
13:2	1CO.8.4	1
13:2	1CO.14.39	1
13:2	2CO.12.11	1
13:3	JAS.2.14-JAS.2.17	14
13:3	JHN.15.13	12
13:3	MAT.23.5	9
13:3	MAT.6.1-MAT.6.4	7
13:3	MAT.7.22-MAT.7.23	6
13:3	LUK.18.28	4
13:3	GAL.5.26	4
13:3	1TI.4.8	4
13:3	HEB.13.9	4
13:3	LUK.18.22	3
13:3	JHN.6.63	3
13:3	JHN.12.43	3
13:3	PHP.1.20-PHP.1.21	3
13:3	ISA.57.12	2
13:3	JER.7.8	2
13:3	DAN.3.16-DAN.3.28	2
13:3	LUK.19.8	2
13:3	JHN.13.37	2
13:3	ACT.21.13	2
13:3	PHP.1.15-PHP.1.18	2
13:3	PHP.2.3	2
13:3	LUK.21.3-LUK.21.4	0
13:4	1PE.4.8	100
13:4	EPH.4.32	77
13:4	GAL.5.21-GAL.5.22	73
13:4	PRO.10.12	60
13:4	COL.3.12	56
13:4	1JN.4.11	42
13:4	PRO.17.9	32
13:4	JAS.3.14-JAS.3.17	30
13:4	1JN.3.16-1JN.3.18	26
13:4	1PE.3.8	24
13:4	2PE.1.7	23
13:4	LUK.6.35-LUK.6.36	21
13:4	1TH.5.14	19
13:4	2CO.6.6	17
13:4	EPH.4.2	17
13:4	PRO.19.22	14
13:4	ECC.7.8-ECC.7.9	14
13:4	GAL.5.26	13
13:4	PRO.31.20	11
13:4	COL.1.11	11
13:4	2TI.4.2	11
13:4	PRO.13.10	10
13:4	PRO.17.14	10
13:4	PRO.31.26	10
13:4	1CO.4.6	10
13:4	2TI.3.10	10
13:4	1PE.2.1	10
13:4	NEH.9.17	9
13:4	ACT.7.9	9
13:4	PHP.2.1-PHP.2.5	9
13:4	1CO.3.3	8
13:4	TIT.3.3	8
13:4	PSA.10.5	7
13:4	ECC.10.4	7
13:4	2TI.2.25	7
13:4	1TI.6.4	6
13:4	PRO.25.8-PRO.25.10	5
13:4	1CO.4.18	5
13:4	1CO.8.1	5
13:4	GEN.37.11	4
13:4	1SA.25.21-1SA.25.22	4
13:4	1KI.20.10-1KI.20.11	4
13:4	DAN.3.19-DAN.3.22	4
13:4	ROM.1.29	4
13:4	ROM.13.13	4
13:4	1SA.25.33-1SA.25.34	3
13:4	MAT.27.18	3
13:4	1CO.5.2	3
13:4	2CO.12.20	3
13:4	PHP.1.15	3
13:4	COL.2.18	3
13:4	JAS.4.5	3
13:4	GEN.30.1	2
13:5	1CO.10.24	33
13:5	PHP.2.3-PHP.2.5	27
13:5	1JN.3.16-1JN.3.17	18
13:5	JAS.1.19	17
13:5	PHP.2.21	16
13:5	GAL.6.1-GAL.6.2	13
13:5	PHP.4.8	13
13:5	ROM.15.1-ROM.15.2	12
13:5	GAL.5.13	10
13:5	1CO.12.25	9
13:5	2CO.5.19	7
13:5	1CO.10.33	6
13:5	MAT.5.22	5
13:5	ROM.14.12-ROM.14.15	5
13:5	1CO.11.18	4
13:5	LUK.7.39	3
13:5	MRK.3.5	2
13:5	2SA.10.3	1
13:5	PSA.106.32-PSA.106.33	1
13:5	ISA.3.5	1
13:5	JER.18.18-JER.18.20	1
13:5	JER.40.13-JER.40.16	1
13:5	MAT.9.4	1
13:5	1CO.7.36	1
13:5	1CO.11.21-1CO.11.22	1
13:5	1CO.14.33-1CO.14.40	1
13:5	2TH.3.7	1
13:5	NUM.12.3	0
13:5	NUM.16.15	0
13:5	NUM.20.10-NUM.20.12	0
13:5	JOB.21.27	0
13:5	PRO.14.17	0
13:5	JER.11.19	0
13:5	1CO.11.13-1CO.11.16	0
13:5	2TI.2.10	0
13:6	ROM.12.9	47
13:6	3JN.1.3-3JN.1.4	25
13:6	2JN.1.4	23
13:6	ROM.1.32	18
13:6	HOS.4.8	17
13:6	2TH.2.12	17
13:6	PRO.14.9	16
13:6	MIC.7.8	14
13:6	LUK.19.41-LUK.19.42	14
13:6	JER.13.17	11
13:6	PSA.119.136	8
13:6	PHP.3.18	8
13:6	1TH.3.6-1TH.3.10	8
13:6	EXO.18.9	7
13:6	PSA.10.3	7
13:6	JER.9.1	7
13:6	JER.20.10	7
13:6	2CO.7.9-2CO.7.16	7
13:6	PHP.1.4	7
13:6	PHP.1.18	7
13:6	PHP.2.17-PHP.2.18	7
13:6	JOS.22.22-JOS.22.33	6
13:6	1SA.23.19-1SA.23.21	6
13:6	2SA.4.10-2SA.4.12	6
13:6	HOS.7.3	6
13:6	LUK.22.5	6
13:7	1PE.4.8	66
13:7	1CO.13.4	48
13:7	1PE.2.24	44
13:7	2TI.2.24	41
13:7	PRO.10.12	33
13:7	GAL.6.2	21
13:7	1CO.9.12	20
13:7	SNG.8.6-SNG.8.7	17
13:7	2TI.2.3-2TI.2.10	16
13:7	2TI.4.5	16
13:7	JAS.1.12	16
13:7	PSA.119.66	13
13:7	2TH.1.4	12
13:7	ROM.15.1	11
13:7	MAT.10.22	9
13:7	2TI.3.11	9
13:7	GEN.29.20	7
13:7	LUK.7.44-LUK.7.46	7
13:7	JOB.13.15	6
13:7	LUK.19.4-LUK.19.10	6
13:7	ROM.8.24	6
13:7	1CO.9.18-1CO.9.22	6
13:7	2CO.11.8-2CO.11.12	6
13:7	HEB.13.13	6
13:7	NUM.11.12-NUM.11.14	5
13:7	LUK.7.37-LUK.7.39	5
13:7	DEU.1.9	4
13:8	1CO.13.13	21
13:8	1CO.13.1-1CO.13.2	15
13:8	GAL.5.6	14
13:8	ACT.2.4	8
13:8	1CO.13.10	8
13:8	HEB.8.13	7
13:8	ACT.19.6	6
13:8	1CO.12.10	6
13:8	1CO.12.28-1CO.12.30	6
13:8	LUK.22.32	4
13:8	JER.49.7	3
13:8	1CO.14.39	1
13:9	COL.2.2-COL.2.3	14
13:9	EPH.3.18-EPH.3.19	12
13:9	PSA.139.6	11
13:9	1CO.2.9	11
13:9	1CO.8.2	10
13:9	1CO.13.12	10
13:9	JOB.11.7-JOB.11.8	8
13:9	PSA.40.5	7
13:9	PRO.30.4	7
13:9	MAT.11.27	7
13:9	ROM.11.34	7
13:9	EPH.3.8	6
13:9	1PE.1.10-1PE.1.12	6
13:9	1JN.3.2	5
13:9	JOB.26.14	4
13:10	ISA.60.19-ISA.60.20	11
13:10	1CO.13.12	11
13:10	2CO.5.7-2CO.5.8	10
13:10	ISA.24.23	8
13:10	REV.22.4-REV.22.5	6
13:10	REV.21.22-REV.21.23	3
13:11	1CO.14.20	84
13:11	1CO.3.1-1CO.3.2	40
13:11	GAL.4.1	26
13:11	ECC.11.10	21
13:12	1JN.3.2	47
13:12	2CO.3.18	33
13:12	1CO.13.9-1CO.13.10	29
13:12	PHP.3.12	21
13:12	REV.22.4	17
13:12	MAT.5.8	14
13:12	2CO.5.7	14
13:12	JAS.1.23	13
13:12	ROM.8.18	11
13:12	1CO.8.3	10
13:12	GEN.32.30	7
13:12	NUM.12.8	5
13:12	MAT.18.10	5
13:12	JHN.10.15	5
13:12	EXO.33.11	4
13:12	JDG.14.12-JDG.14.19	2
13:12	EZK.17.2	0
13:13	1CO.16.14	142
13:13	COL.3.14	111
13:13	1JN.4.7-1JN.4.18	81
13:13	1CO.13.1-1CO.13.8	76
13:13	GAL.5.6	63
13:13	MRK.12.29-MRK.12.31	54
13:13	PHP.1.9	46
13:13	LAM.3.21-LAM.3.26	43
13:13	1TI.1.5	40
13:13	1TH.5.8	36
13:13	2JN.1.4-2JN.1.6	36
13:13	1JN.2.10	34
13:13	GAL.5.13-GAL.5.22	32
13:13	1JN.5.1-1JN.5.5	27
13:13	2CO.5.10	26
13:13	1CO.8.3	25
13:13	COL.1.27	21
13:13	1PE.1.21	20
13:13	1JN.3.9	20
13:13	2TI.1.7	19
13:13	HEB.6.19	19
13:13	1JN.2.14	19
13:13	1JN.3.3	19
13:13	1CO.14.1	17
13:13	2CO.5.15	17
13:13	1CO.3.14	16
13:13	HEB.6.11	16
13:13	ROM.8.24-ROM.8.25	15
13:13	1JN.2.24	14
13:13	LUK.10.27	12
13:13	LUK.22.32	12
13:13	ROM.5.4-ROM.5.5	12
13:13	LUK.8.13-LUK.8.15	11
13:13	1CO.8.1	11
13:13	ROM.15.13	10
13:13	HEB.10.35	10
13:13	HEB.10.39-HEB.11.7	10
13:13	COL.1.5	8
13:13	PSA.42.11	7
13:13	PSA.43.5	7
13:13	PSA.146.5	7
14:1	1TI.4.14	13
14:1	1CO.14.39	12
14:1	1CO.16.14	12
14:1	1CO.12.1	10
14:1	1TH.5.20	10
14:1	HEB.12.14	10
14:1	1CO.14.3-1CO.14.5	9
14:1	1CO.13.13	8
14:1	PRO.15.9	6
14:1	1TI.6.11	5
14:1	1PE.3.11-1PE.3.13	5
14:1	ISA.51.1	4
14:1	1CO.12.31-1CO.13.9	4
14:1	1CO.14.24-1CO.14.25	4
14:1	1CO.14.37	4
14:1	PRO.21.21	3
14:1	EPH.1.3	3
14:1	1TI.5.10	3
14:1	2PE.1.7	3
14:1	NUM.11.25-NUM.11.29	2
14:1	ROM.12.6	2
14:1	3JN.1.11	2
14:1	2TI.2.22	1
14:1	ROM.9.30	0
14:2	MRK.16.17	12
14:2	ACT.10.46	11
14:2	ACT.19.6	11
14:2	ACT.2.4-ACT.2.11	10
14:2	1CO.13.2	9
14:2	1CO.2.10	6
14:2	1CO.14.9-1CO.14.11	5
14:2	EPH.3.3-EPH.3.9	5
14:2	COL.1.26-COL.1.27	5
14:2	1CO.2.7	4
14:2	1CO.14.18-1CO.14.23	4
14:2	EPH.6.19	4
14:2	COL.2.2	4
14:2	1TI.3.9	4
14:2	1TI.3.16	4
14:2	REV.10.7	4
14:2	GEN.42.23	3
14:2	DEU.28.49	3
14:2	MRK.4.11	3
14:2	1CO.15.51	3
14:2	GEN.11.7	2
14:2	PSA.49.3-PSA.49.4	2
14:2	PSA.78.2	2
14:2	MAT.13.11	2
14:2	ACT.22.9	2
14:2	ROM.16.25	2
14:2	2KI.18.26	1
14:2	1CO.14.16	1
14:2	1CO.14.27-1CO.14.28	1
14:3	1CO.14.12	11
14:3	1TI.4.13	11
14:3	JUD.1.20	10
14:3	2TI.4.2	9
14:3	EPH.6.22	8
14:3	ROM.14.19	7
14:3	1CO.14.26	7
14:3	TIT.1.9	7
14:3	1CO.14.31	6
14:3	1TH.5.11-1TH.5.14	6
14:3	1CO.14.4-1CO.14.5	5
14:3	TIT.2.6	5
14:3	1CO.10.23	4
14:3	1TH.2.3	4
14:3	TIT.2.9	4
14:3	LUK.3.18	3
14:3	ACT.9.31	3
14:3	ACT.13.15	3
14:3	ACT.14.22	3
14:3	ACT.15.32	3
14:3	ROM.12.8	3
14:3	ROM.15.2	3
14:3	1CO.8.1	3
14:3	1CO.14.17	3
14:3	2CO.1.4	3
14:3	2CO.2.7	3
14:3	EPH.4.12-EPH.4.16	3
14:3	EPH.4.29	3
14:3	COL.4.8	3
14:3	1TH.2.11	3
14:3	1TH.3.2	3
14:3	1TH.4.1	3
14:3	1TH.4.18	3
14:3	2TH.3.12	3
14:3	1TI.1.4	3
14:3	1TI.6.2	3
14:3	TIT.2.15	3
14:3	HEB.10.25	3
14:3	HEB.13.22	3
14:3	1PE.5.12	3
14:3	HEB.3.13	2
14:4	1CO.14.22	12
14:4	1CO.14.26	8
14:4	MRK.16.17	7
14:4	1CO.14.17-1CO.14.19	4
14:4	1CO.14.3	3
14:4	1CO.13.2	2
14:4	1CO.14.5	2
14:4	1CO.14.12	2
14:4	ROM.14.19	1
14:5	1CO.12.10	5
14:5	1CO.12.28-1CO.12.30	5
14:5	NUM.11.28-NUM.11.29	4
14:5	MRK.16.17	4
14:5	1CO.13.1	4
14:5	1CO.14.3-1CO.14.4	3
14:5	1CO.13.4	2
14:5	1CO.14.1	2
14:5	1CO.14.12-1CO.14.13	2
14:5	1CO.14.18-1CO.14.40	2
14:6	EPH.1.17	6
14:6	ROM.6.17	4
14:6	2TI.3.16	4
14:6	1CO.14.1	3
14:6	1CO.14.26-1CO.14.30	3
14:6	HEB.13.9	3
14:6	2PE.3.18	3
14:6	2JN.1.9	3
14:6	1SA.12.21	2
14:6	JER.16.19	2
14:6	JER.23.32	2
14:6	MAT.11.25	2
14:6	MAT.16.17	2
14:6	MAT.16.26	2
14:6	ACT.2.42	2
14:6	ROM.15.14	2
14:6	ROM.16.17	2
14:6	1CO.10.33	2
14:6	1CO.12.7-1CO.12.8	2
14:6	1CO.13.2-1CO.13.3	2
14:6	1CO.13.8-1CO.13.9	2
14:6	2CO.11.6	2
14:6	2CO.12.1	2
14:6	2CO.12.7	2
14:6	EPH.3.4	2
14:6	PHP.3.15	2
14:6	2TI.2.14	2
14:6	2TI.3.10	2
14:6	2TI.4.2	2
14:6	TIT.3.8	2
14:6	2PE.1.5	2
14:7	1CO.13.1	3
14:7	1CO.14.8	3
14:7	NUM.10.2-NUM.10.10	2
14:7	MAT.11.17	1
14:7	LUK.7.32	1
14:8	NUM.10.9	7
14:8	EZK.33.3-EZK.33.6	6
14:8	JER.4.19	5
14:8	NEH.4.18-NEH.4.21	3
14:8	JOB.39.24-JOB.39.25	3
14:8	ISA.27.13	3
14:8	JOL.2.1	3
14:8	AMO.3.6	3
14:8	JOS.6.4-JOS.6.20	2
14:8	JDG.7.16-JDG.7.18	2
14:8	EPH.6.11-EPH.6.18	2
14:9	1CO.9.26	5
14:11	ACT.28.2	4
14:11	ACT.28.4	2
14:11	ROM.1.14	2
14:11	1CO.14.21	2
14:11	COL.3.11	2
14:12	1CO.14.26	7
14:12	1CO.12.31	6
14:12	1CO.14.3-1CO.14.4	5
14:12	1CO.14.1	4
14:12	1CO.12.7	3
14:12	TIT.2.14	3
14:13	MRK.11.24	5
14:13	JHN.14.13-JHN.14.14	5
14:13	1CO.12.30	4
14:13	ACT.1.14	3
14:13	ACT.4.29-ACT.4.31	2
14:13	ACT.8.15	2
14:13	1CO.12.10	2
14:13	1CO.14.27-1CO.14.28	2
14:14	1CO.14.2	7
14:14	1CO.14.15-1CO.14.16	5
14:14	1CO.14.19	1
14:15	COL.3.16	18
14:15	EPH.6.18	13
14:15	JHN.4.23-JHN.4.24	12
14:15	EPH.5.17-EPH.5.20	12
14:15	JUD.1.20	11
14:15	PSA.47.7	8
14:15	ROM.12.1-ROM.12.2	8
14:15	1CO.14.19	5
14:15	ROM.1.9	2
14:15	ROM.3.5	2
14:15	1CO.10.19	2
14:15	PHP.1.18	2
14:15	ROM.8.31	1
14:16	1CH.16.36	6
14:16	PSA.106.48	6
14:16	REV.5.14	5
14:16	DEU.27.15-DEU.27.26	4
14:16	NEH.8.6	4
14:16	JER.28.6	4
14:16	1CO.11.24	4
14:16	NUM.5.22	3
14:16	REV.7.12	3
14:16	1KI.1.36	2
14:16	NEH.5.13	2
14:16	PSA.41.13	2
14:16	PSA.72.19	2
14:16	PSA.89.52	2
14:16	ISA.29.11-ISA.29.12	2
14:16	JER.11.5	2
14:16	MAT.6.13	2
14:16	MAT.28.20	2
14:16	MRK.16.20	2
14:16	JHN.7.15	2
14:16	JHN.21.25	2
14:16	ACT.4.13	2
14:16	1CO.1.4-1CO.1.8	2
14:16	1CO.14.2	2
14:16	1CO.14.14	2
14:16	1CO.14.23-1CO.14.24	2
14:16	1CO.16.24	2
14:16	REV.22.20	2
14:17	1CO.14.4	4
14:17	1CO.14.6	2
14:18	1CO.1.4-1CO.1.6	2
14:18	1CO.4.7	1
14:19	1CO.14.21-1CO.14.22	4
14:19	1CO.14.4	3
14:20	1PE.2.2	17
14:20	1CO.13.11	16
14:20	ROM.16.19	15
14:20	MAT.18.3	11
14:20	1CO.2.6	9
14:20	EPH.4.14-EPH.4.15	9
14:20	2PE.3.18	9
14:20	PHP.1.9	8
14:20	MRK.10.15	7
14:20	PSA.119.99	6
14:20	PHP.3.15	6
14:20	HEB.5.12-HEB.5.13	5
14:20	HEB.6.1-HEB.6.3	5
14:20	ISA.11.3	4
14:20	MAT.11.25	4
14:20	1CO.3.1-1CO.3.2	3
14:20	PSA.131.1-PSA.131.2	2
14:21	ISA.28.11-ISA.28.12	52
14:21	JER.5.15	19
14:21	DEU.28.49	17
14:22	ACT.2.6-ACT.2.12	7
14:22	MRK.16.17	6
14:22	1TI.1.9	3
14:22	ACT.2.32-ACT.2.36	2
14:22	1CO.14.1	2
14:23	ACT.2.13	6
14:23	1CO.11.18	3
14:23	HOS.9.7	2
14:23	JHN.10.20	2
14:23	ACT.26.24	2
14:24	ACT.2.37	4
14:24	HEB.4.12-HEB.4.13	4
14:24	JHN.4.29	3
14:24	1CO.2.15	3
14:24	JHN.1.47-JHN.1.49	2
14:25	ISA.45.14	10
14:25	ZEC.8.23	8
14:25	GEN.44.14	2
14:25	DEU.9.18	2
14:25	PSA.72.11	2
14:25	ISA.60.14	2
14:25	LUK.5.8	2
14:25	LUK.17.16	2
14:25	REV.5.8	2
14:25	LUK.8.28	1
14:25	REV.19.4	1
14:26	EPH.5.19	25
14:26	ROM.14.19	15
14:26	1CO.12.7-1CO.12.10	15
14:26	1TH.5.11	13
14:26	EPH.4.16	10
14:26	1CO.14.12-1CO.14.13	8
14:26	EPH.4.29	7
14:26	1CO.14.40	6
14:26	2CO.12.19	6
14:26	2CO.13.10	6
14:26	EPH.4.12	6
14:26	1CO.14.4-1CO.14.6	4
14:26	1CO.14.27	3
14:27	1CO.14.26	3
14:29	1CO.12.10	7
14:29	1TH.5.19-1TH.5.21	6
14:29	1JN.4.1-1JN.4.3	5
14:29	1CO.14.39	2
14:30	1TH.5.19-1TH.5.20	5
14:30	JOB.32.11	4
14:30	JOB.33.31-JOB.33.33	4
14:30	1CO.14.26	3
14:30	JOB.32.15-JOB.32.20	2
14:30	1CO.14.6	2
14:31	1CO.14.3	3
14:31	1TH.5.11	3
14:31	1TH.5.14	3
14:31	PRO.1.5	2
14:31	PRO.9.9	2
14:31	ROM.1.12	2
14:31	1CO.14.19	2
14:31	1CO.14.35	2
14:31	2CO.1.4	2
14:31	2CO.7.6-2CO.7.7	2
14:31	EPH.6.22	2
14:31	1TH.4.18	2
14:31	EPH.4.11-EPH.4.12	1
14:32	1JN.4.1	5
14:32	ACT.4.19-ACT.4.20	4
14:32	1SA.10.10-1SA.10.13	2
14:32	1SA.19.19-1SA.19.24	2
14:32	2KI.2.3	2
14:32	2KI.2.5	2
14:32	JOB.32.8-JOB.32.11	2
14:32	JER.20.9	2
14:32	1CO.14.29-1CO.14.30	2
14:33	JAS.3.17-JAS.3.18	42
14:33	1CO.14.40	34
14:33	2TH.3.16	28
14:33	GAL.5.22	22
14:33	1CO.11.16	18
14:33	HEB.13.20	14
14:33	1CO.7.17	13
14:33	ROM.15.33	12
14:33	LUK.2.14	11
14:33	1CO.7.15	11
14:33	1CO.4.17	8
14:33	ACT.9.13	7
14:34	1TI.2.11-1TI.2.12	40
14:34	GEN.3.16	25
14:34	NUM.30.3-NUM.30.13	21
14:34	1CO.14.35	18
14:34	COL.3.18	18
14:34	TIT.2.5	16
14:34	1CO.11.5	13
14:34	1PE.3.1-1PE.3.6	13
14:34	1CO.11.3	11
14:34	EPH.5.22-EPH.5.24	11
14:34	1CO.11.7-1CO.11.10	10
14:34	EPH.5.33	9
14:34	EST.1.17-EST.1.20	8
14:35	EPH.5.12	4
14:35	1PE.3.7	4
14:35	EPH.5.25-EPH.5.27	3
14:35	1CO.11.6	2
14:35	1CO.11.14	2
14:35	1CO.14.34	1
14:36	ISA.2.3	2
14:36	MIC.4.1-MIC.4.2	2
14:36	ZEC.14.8	2
14:36	ACT.13.1-ACT.13.3	2
14:36	ACT.15.35-ACT.15.36	2
14:36	ACT.16.9-ACT.16.10	2
14:36	ACT.17.1	2
14:36	ACT.17.10-ACT.17.11	2
14:36	ACT.17.15	2
14:36	ACT.18.1-ACT.18.17	2
14:36	1CO.4.7	2
14:36	2CO.10.13-2CO.10.16	2
14:36	1TH.1.8	2
14:37	1JN.4.6	12
14:37	2CO.10.7	7
14:37	2PE.3.2	6
14:37	JUD.1.17	6
14:37	1TH.4.1-1TH.4.8	3
14:37	NUM.24.3-NUM.24.4	2
14:37	LUK.10.16	2
14:37	ROM.12.3	2
14:37	1CO.7.25	2
14:37	1CO.8.2	2
14:37	1CO.13.1-1CO.13.3	2
14:37	2CO.10.12	2
14:37	2CO.11.4	2
14:37	2CO.11.12-2CO.11.15	2
14:37	GAL.6.8	2
14:37	NUM.24.16	1
14:37	1CO.7.40	1
14:38	2TI.4.3-2TI.4.4	7
14:38	MAT.7.6	5
14:38	1TI.6.3-1TI.6.5	5
14:38	REV.22.11-REV.22.12	5
14:38	HOS.4.17	4
14:38	MAT.15.14	3
14:39	1CO.12.31	9
14:39	1CO.14.1	7
14:39	1TH.5.20	5
14:39	1CO.14.3	3
14:39	1CO.14.5	3
14:39	1CO.14.24-1CO.14.25	3
14:40	COL.2.5	17
14:40	TIT.1.5	17
14:40	1CO.14.26-1CO.14.33	14
14:40	ROM.13.13	7
14:40	1CO.11.34	7
15:1	GAL.1.6-GAL.1.12	10
15:1	1CO.1.23-1CO.1.24	7
15:1	2CO.1.24	7
15:1	1PE.5.12	7
15:1	1CO.15.3-1CO.15.11	6
15:1	1TH.1.6	6
15:1	1TH.2.13	6
15:1	1TH.4.1	6
15:1	2TH.3.6	6
15:1	JHN.12.48	5
15:1	MRK.4.16-MRK.4.20	4
15:1	ACT.11.1	4
15:1	ACT.18.4-ACT.18.5	4
15:1	ROM.5.2	4
15:1	ACT.2.41	3
15:1	ROM.2.16	3
15:1	1CO.1.4-1CO.1.8	3
15:1	1CO.2.2-1CO.2.7	3
15:1	1CO.3.6	3
15:2	HEB.3.6	10
15:2	HEB.2.1	7
15:2	HEB.3.14	6
15:2	JHN.8.31-JHN.8.32	5
15:2	1CO.1.18	5
15:2	EPH.2.8	5
15:2	COL.1.23	5
15:2	2TI.1.9	5
15:2	LUK.8.13	4
15:2	HEB.10.23	4
15:2	JAS.2.14	4
15:2	JAS.2.26	4
15:2	PSA.106.12-PSA.106.13	3
15:2	PRO.3.1	3
15:2	PRO.4.13	3
15:2	PRO.6.20-PRO.6.23	3
15:2	ROM.1.16	3
15:2	1CO.15.11-1CO.15.12	3
15:2	2CO.6.1	3
15:2	GAL.3.4	3
15:2	2TH.2.15	3
15:2	HEB.4.14	3
15:2	JAS.2.17	3
15:2	PRO.23.23	2
15:2	ACT.2.47	2
15:2	ACT.8.13	2
15:2	ROM.11.22	2
15:2	1CO.1.21	2
15:2	1CO.15.14	2
15:2	2CO.2.15	2
15:3	1PE.2.24	37
15:3	GAL.1.4	31
15:3	ISA.53.1-ISA.53.12	25
15:3	1JN.2.2	18
15:3	DAN.9.24-DAN.9.26	13
15:3	ACT.26.22-ACT.26.23	13
15:3	GAL.1.12	13
15:3	ROM.4.25	12
15:3	REV.1.5	12
15:3	LUK.24.46-LUK.24.47	11
15:3	EPH.5.2	11
15:3	2CO.5.21	10
15:3	JHN.1.29	9
15:3	ACT.3.18	9
15:3	MAT.26.28	8
15:3	LUK.24.26-LUK.24.27	8
15:3	ROM.3.25	8
15:3	GAL.3.13	8
15:3	EPH.1.7	8
15:3	HEB.10.11-HEB.10.12	8
15:3	1PE.1.11	8
15:3	EZK.3.17	7
15:3	ZEC.13.7	7
15:3	1CO.11.23	6
15:3	PSA.69.1-PSA.69.36	5
15:3	MAT.20.18-MAT.20.19	5
15:3	1PE.3.18	5
15:3	PSA.22.1-PSA.22.31	3
15:3	MRK.16.15-MRK.16.16	3
15:3	HEB.5.3	3
15:3	1CO.4.1-1CO.4.2	2
15:3	HEB.5.1	2
15:3	GEN.3.15	1
15:3	1CO.11.2	0
15:4	HOS.6.2	33
15:4	MAT.12.40	21
15:4	PSA.16.10-PSA.16.11	15
15:4	ISA.53.9-ISA.53.12	12
15:4	ACT.13.29-ACT.13.37	12
15:4	ACT.26.22-ACT.26.23	12
15:4	LUK.24.46	9
15:4	JON.1.17	8
15:4	PSA.2.7	7
15:4	1CO.15.16-1CO.15.21	7
15:4	LUK.9.22	6
15:4	LUK.24.5-LUK.24.7	6
15:4	LUK.24.26	6
15:4	ACT.2.23-ACT.2.33	6
15:4	ROM.6.4	6
15:4	HEB.13.20	6
15:4	MRK.16.2-MRK.16.7	5
15:4	COL.2.12	5
15:4	MAT.16.21	4
15:4	MAT.20.19	4
15:4	MAT.27.57-MAT.27.60	4
15:4	MAT.27.63-MAT.27.64	4
15:4	MAT.28.1-MAT.28.6	4
15:4	MRK.9.31	4
15:4	MRK.10.33-MRK.10.34	4
15:4	LUK.18.32-LUK.18.33	4
15:4	LUK.23.50-LUK.23.53	4
15:4	JHN.2.19-JHN.2.22	4
15:4	ACT.1.3	4
15:4	ACT.17.31	4
15:4	MRK.15.43-MRK.15.46	3
15:4	JHN.19.38-JHN.20.9	3
15:4	1PE.1.11	3
15:5	MRK.16.14	9
15:5	JHN.20.19-JHN.20.26	4
15:5	ACT.1.2-ACT.1.14	4
15:5	LUK.24.34-LUK.24.49	3
15:5	JHN.1.42	3
15:5	1CO.1.12	3
15:5	ACT.10.41	2
15:5	1CO.3.22	2
15:5	1CO.9.5	2
15:6	MAT.28.10	9
15:6	MRK.16.7	9
15:6	ACT.13.36	4
15:6	ACT.7.60	1
15:6	1CO.15.18	1
15:6	2PE.3.4	1
15:6	MAT.28.16-MAT.28.17	0
15:6	1TH.4.13	0
15:6	1TH.4.15	0
15:7	LUK.24.50	6
15:7	ACT.1.2-ACT.1.12	4
15:7	LUK.24.33	3
15:7	LUK.24.36	2
15:7	ACT.12.17	2
15:8	1CO.9.1	12
15:8	ACT.26.16	9
15:8	ACT.18.9	8
15:8	ACT.22.18	8
15:8	ACT.9.17	7
15:8	ACT.9.3-ACT.9.6	5
15:8	ACT.22.14	5
15:8	2CO.12.1-2CO.12.6	5
15:9	EPH.3.7-EPH.3.8	9
15:9	1TI.1.13-1TI.1.15	8
15:9	ACT.8.3	6
15:9	2CO.12.11	6
15:9	ACT.26.9-ACT.26.11	5
15:9	ACT.9.1-ACT.9.19	3
15:9	GAL.1.23	3
15:9	ACT.22.4-ACT.22.5	2
15:9	2CO.11.5	2
15:9	GAL.1.13	2
15:9	PHP.3.6	2
15:10	PHP.4.13	37
15:10	2CO.3.5	26
15:10	PHP.2.13	26
15:10	EPH.3.7-EPH.3.8	17
15:10	EPH.2.7-EPH.2.8	14
15:10	ROM.12.3	13
15:10	2CO.10.12-2CO.10.16	13
15:10	GAL.2.8	13
15:10	ROM.11.5-ROM.11.6	12
15:10	2CO.12.11	11
15:10	ROM.15.17-ROM.15.20	8
15:10	1CO.4.7	8
15:10	2CO.6.1	8
15:10	COL.1.28-COL.1.29	8
15:10	MAT.10.20	7
15:10	1CO.15.2	7
15:10	ROM.11.1	6
15:10	1TI.1.15-1TI.1.16	6
15:10	1CO.3.6	5
15:10	2CO.11.23-2CO.11.30	3
15:11	1CO.2.2	3
15:11	1CO.15.3-1CO.15.4	2
15:12	ACT.26.8	9
15:12	ACT.17.32	8
15:12	2TI.2.18	7
15:12	ACT.23.8	6
15:12	1CO.15.13-1CO.15.19	5
15:12	2TH.2.17	4
15:13	JHN.11.25-JHN.11.26	9
15:13	ROM.8.11	8
15:13	1TH.4.14	8
15:13	REV.1.18	6
15:13	ROM.4.24-ROM.4.25	4
15:13	2CO.4.10-2CO.4.14	4
15:13	1PE.1.3	4
15:13	1CO.15.20	3
15:13	COL.3.1-COL.3.4	3
15:13	2TI.4.8	3
15:13	HEB.13.20	3
15:13	ACT.23.8	2
15:13	ROM.8.23	2
15:13	HEB.2.14	2
15:14	1CO.15.17	10
15:14	1TH.4.14	6
15:14	ACT.17.31	5
15:14	MAT.15.9	4
15:14	JAS.2.20	4
15:14	PSA.73.13	3
15:14	ISA.49.4	3
15:14	1CO.15.2	3
15:14	GAL.2.2	3
15:14	GEN.8.8	2
15:14	JAS.1.26	1
15:15	ACT.2.24	7
15:15	JOB.13.7-JOB.13.10	6
15:15	ACT.2.32	3
15:15	1CO.15.13	3
15:15	EXO.23.3	2
15:15	ACT.4.10	2
15:15	ACT.4.33	2
15:15	ACT.10.39-ACT.10.42	2
15:15	ACT.13.30-ACT.13.33	2
15:15	ROM.3.7-ROM.3.8	2
15:15	1CO.15.20	2
15:15	ACT.20.21	1
15:17	ROM.4.25	12
15:17	1PE.1.3	11
15:17	1CO.15.14	8
15:17	1PE.1.21	7
15:17	ROM.8.33-ROM.8.34	6
15:17	ROM.5.10	4
15:17	ACT.5.31	3
15:17	1CO.15.2	3
15:17	HEB.10.4-HEB.10.12	3
15:17	JHN.8.21-JHN.8.24	2
15:17	ACT.13.38-ACT.13.39	2
15:17	HEB.9.22-HEB.9.28	2
15:17	EZK.33.10	1
15:17	HEB.7.23-HEB.7.28	1
15:18	1TH.4.13-1TH.4.14	9
15:18	1TH.4.16	8
15:18	1CO.15.6	7
15:18	REV.14.13	7
15:19	1PE.1.21	12
15:19	REV.14.13	12
15:19	2TI.1.12	9
15:19	1CO.4.9-1CO.4.13	8
15:19	2TI.3.12	7
15:19	ACT.14.22	6
15:19	LUK.21.34	5
15:19	LUK.8.14	4
15:19	JHN.16.33	4
15:19	EPH.1.12-EPH.1.13	4
15:19	ECC.6.11	3
15:19	MAT.10.21-MAT.10.25	3
15:19	MAT.24.9	3
15:19	1TH.1.3	3
15:19	PSA.17.14	2
15:19	JHN.16.2	2
15:19	1CO.6.3-1CO.6.4	2
15:19	2TI.2.4	2
15:19	ECC.9.9	1
15:20	ACT.26.23	15
15:20	1CO.15.23	15
15:20	REV.1.5	15
15:20	1PE.1.3	12
15:20	COL.1.18	11
15:20	ROM.8.11	10
15:20	1CO.15.6	1
15:21	JHN.11.25	19
15:21	ROM.5.12-ROM.5.17	17
15:21	ROM.6.23	16
15:21	1CO.15.22	15
15:22	ROM.5.12-ROM.5.21	22
15:22	1CO.15.45-1CO.15.49	14
15:22	JHN.5.21-JHN.5.29	7
15:22	GEN.2.17	5
15:22	GEN.3.6	4
15:22	GEN.3.19	3
15:23	ISA.26.19	10
15:23	GAL.3.29	10
15:23	1CO.15.52	9
15:23	1CO.15.20	8
15:23	1TH.4.15-1TH.4.17	7
15:23	2CO.10.7	6
15:23	1TH.2.19	4
15:23	GAL.5.24	3
15:23	1CO.3.23	2
15:24	DAN.7.27	15
15:24	DAN.7.14	14
15:24	MAT.28.18	9
15:24	ISA.9.7	8
15:24	MAT.11.27	8
15:24	JHN.13.3	8
15:24	DAN.2.44	7
15:24	1TI.6.15	7
15:24	MAT.24.13	6
15:24	JHN.3.35	6
15:24	LUK.10.22	5
15:24	MAT.10.22	3
15:24	DAN.12.9	2
15:24	DAN.12.13	2
15:24	1PE.4.7	2
15:24	DAN.12.4	1
15:24	ROM.8.38	1
15:24	MAT.13.39-MAT.13.40	0
15:25	PSA.110.1	13
15:25	HEB.10.12-HEB.10.13	11
15:25	MAT.22.44	8
15:25	PSA.2.6-PSA.2.10	7
15:25	HEB.1.13	7
15:25	EPH.1.22	5
15:25	PSA.45.3-PSA.45.6	4
15:25	MRK.12.36	4
15:25	ACT.2.34	4
15:25	LUK.20.42-LUK.20.43	3
15:26	2TI.1.10	25
15:26	1CO.15.55	19
15:26	REV.21.4	19
15:26	REV.20.14	17
15:26	ISA.25.8	14
15:26	HEB.2.14	13
15:26	HOS.13.14	9
15:26	LUK.20.36	9
15:27	PSA.8.6	21
15:27	HEB.2.8	15
15:27	MAT.28.18	14
15:27	MAT.11.27	9
15:27	EPH.1.22	7
15:27	JHN.13.3	6
15:27	JHN.3.35	4
15:27	PHP.2.9-PHP.2.11	3
15:27	1PE.3.22	3
15:27	REV.1.18	2
15:27	HEB.1.13	1
15:27	HEB.10.12	1
15:27	EPH.1.20	0
15:28	COL.3.11	12
15:28	1CO.3.23	11
15:28	EPH.1.23	9
15:28	PHP.3.21	8
15:28	JHN.14.28	6
15:28	1CO.11.3	6
15:28	1CO.12.6	5
15:28	REV.19.11-REV.19.21	5
15:28	MAT.13.41-MAT.13.43	4
15:28	PSA.2.8-PSA.2.9	3
15:28	PSA.18.39	3
15:28	PSA.18.47	3
15:28	PSA.21.8-PSA.21.9	3
15:28	DAN.2.40-DAN.2.45	3
15:28	DAN.2.34-DAN.2.35	1
15:28	REV.20.2-REV.20.4	1
15:28	REV.20.10-REV.20.15	1
15:29	ROM.6.3-ROM.6.4	8
15:29	1CO.15.16	5
15:29	MAT.20.22	3
15:29	1CO.15.32	3
15:30	2CO.6.9	3
15:30	2CO.11.23-2CO.11.27	3
15:30	ROM.8.36-ROM.8.39	2
15:30	1CO.15.31	2
15:30	2CO.4.7-2CO.4.12	2
15:30	GAL.5.11	2
15:31	2CO.4.10-2CO.4.11	19
15:31	ROM.8.36	18
15:31	1CO.4.9-1CO.4.13	10
15:31	PHP.3.3	8
15:31	1TH.3.9	5
15:31	JER.11.7	4
15:31	ACT.20.23	4
15:31	2CO.11.23	4
15:31	2CO.1.12	3
15:31	1SA.8.9	2
15:31	2CO.2.14	2
15:31	1TH.2.19	2
15:31	GEN.43.3	1
15:31	ZEC.3.6	1
15:32	ISA.22.13	18
15:32	ISA.56.12	10
15:32	LUK.12.19	10
15:32	2CO.1.8-2CO.1.10	5
15:32	2PE.2.12	5
15:32	ACT.18.19	4
15:32	JUD.1.10	4
15:32	MAL.3.14-MAL.3.15	3
15:32	LUK.9.25	3
15:32	ACT.19.1	3
15:32	ROM.6.19	3
15:32	GAL.3.15	3
15:32	ECC.11.9	2
15:32	JOB.35.3	1
15:32	PSA.73.13	1
15:32	ECC.2.24	1
15:32	ACT.19.23-ACT.19.41	1
15:33	PRO.13.20	131
15:33	MAT.24.4	70
15:33	1CO.5.6	50
15:33	PRO.9.6	43
15:33	EPH.5.6	41
15:33	GAL.6.7	38
15:33	2TI.2.16-2TI.2.18	31
15:33	1CO.6.9	28
15:33	MAT.24.24	26
15:33	2PE.2.2	25
15:33	HEB.12.15	20
15:33	MAT.24.11	17
15:33	2PE.2.18-2PE.2.20	17
15:33	REV.12.9	14
15:33	2TH.2.10	11
15:33	REV.13.8-REV.13.14	9
15:34	1CO.6.5	16
15:34	ROM.13.11	14
15:34	HEB.5.11-HEB.5.12	14
15:34	JOL.1.5	12
15:34	EPH.5.14	11
15:34	1CO.8.7	10
15:34	JON.1.6	9
15:34	JHN.5.14	9
15:34	JHN.8.11	9
15:34	ROM.1.28	9
15:34	PSA.119.11	8
15:34	1TH.4.5	7
15:34	PSA.4.4	6
15:35	EZK.37.3	7
15:35	1CO.15.38-1CO.15.53	5
15:35	PHP.3.21	5
15:35	ROM.9.19	4
15:35	JOB.11.12	2
15:35	JOB.22.13	2
15:35	PSA.73.11	2
15:35	ECC.11.5	2
15:35	MAT.22.29-MAT.22.30	2
15:35	JHN.3.4	2
15:35	JHN.3.9	2
15:35	JHN.9.10	2
15:35	EZK.37.11	1
15:36	JHN.12.24	14
15:36	LUK.11.40	3
15:36	LUK.12.20	2
15:36	LUK.24.25	2
15:36	ROM.1.22	2
15:36	EPH.5.15	2
15:38	1CO.3.7	4
15:38	ISA.61.11	3
15:38	GEN.1.11-GEN.1.12	2
15:38	PSA.104.14	2
15:38	MRK.4.26-MRK.4.29	2
15:39	GEN.1.20-GEN.1.26	2
15:41	DEU.4.19	2
15:41	PSA.148.3-PSA.148.5	2
15:41	ISA.24.23	2
15:41	GEN.1.14	1
15:41	JOB.31.26	1
15:41	PSA.8.3	1
15:41	PSA.19.4-PSA.19.6	1
15:42	DAN.12.3	9
15:42	MAT.13.43	9
15:42	PHP.3.20-PHP.3.21	8
15:42	ROM.8.21	7
15:42	1PE.1.4	7
15:42	1CO.15.50-1CO.15.54	6
15:42	ACT.2.27	5
15:42	ACT.2.31	5
15:42	GEN.3.19	4
15:42	JOB.17.14	4
15:42	PSA.16.10	4
15:42	PSA.49.14	4
15:42	ISA.38.17	4
15:42	LUK.20.35-LUK.20.36	4
15:42	ACT.13.34-ACT.13.37	4
15:42	ROM.1.23	4
15:42	PSA.49.9	2
15:43	COL.3.4	6
15:43	1CO.6.14	5
15:43	PHP.3.20-PHP.3.21	5
15:43	DAN.12.1	4
15:43	MAT.22.29-MAT.22.30	4
15:43	MRK.12.24-MRK.12.25	4
15:43	2CO.13.4	4
15:43	JOB.14.10	3
15:43	MAT.13.43	3
15:43	2CO.13.14	3
15:43	PHP.3.10	3
15:43	PSA.102.23	2
15:44	1CO.15.50	7
15:44	LUK.24.31	3
15:44	JHN.20.19	3
15:44	JHN.20.26	2
15:45	JHN.5.21	26
15:45	GEN.2.7	19
15:45	ROM.8.2	15
15:45	ROM.8.10-ROM.8.11	14
15:45	ROM.5.12-ROM.5.14	12
15:45	JHN.6.63	11
15:45	JHN.6.39-JHN.6.40	10
15:45	JHN.14.6	10
15:45	JHN.6.57	9
15:45	JHN.6.33	8
15:45	1CO.15.47-1CO.15.49	7
15:45	JHN.6.54	6
15:45	1JN.1.1-1JN.1.3	6
15:45	ROM.5.17	5
15:45	JHN.14.19	4
15:45	ROM.5.21	4
15:45	REV.22.1	4
15:45	REV.22.17	4
15:45	JHN.1.4	3
15:45	JHN.4.10	3
15:45	JHN.4.14	3
15:45	JHN.6.68	3
15:45	JHN.10.10	3
15:45	JHN.10.28	3
15:45	JHN.11.25-JHN.11.26	3
15:45	JHN.17.2-JHN.17.3	3
15:45	ACT.3.15	3
15:45	PHP.3.21	3
15:45	COL.3.4	3
15:45	1JN.5.11-1JN.5.12	3
15:45	REV.21.6	3
15:45	JHN.5.25-JHN.5.29	2
15:45	REV.16.3	2
15:46	ROM.6.6	4
15:46	EPH.4.22-EPH.4.24	4
15:46	COL.3.9-COL.3.10	4
15:47	JHN.3.31	12
15:47	GEN.2.7	10
15:47	GEN.3.19	6
15:47	2CO.5.1	4
15:47	ISA.9.6	3
15:47	LUK.2.11	3
15:47	JHN.3.12-JHN.3.13	3
15:47	1CO.15.45	3
15:47	JER.23.6	2
15:47	MAT.1.23	2
15:47	LUK.1.16-LUK.1.17	2
15:47	JHN.6.33	2
15:47	ACT.10.36	2
15:47	1TI.3.16	2
15:47	EPH.4.9-EPH.4.11	1
15:48	GEN.5.3	5
15:48	JHN.3.6	4
15:48	PHP.3.20-PHP.3.21	4
15:48	JOB.14.4	3
15:48	ROM.5.12-ROM.5.21	3
15:48	1CO.15.21-1CO.15.22	2
15:49	ROM.8.29	10
15:49	2CO.3.18	8
15:49	GEN.5.3	5
15:49	2CO.4.10-2CO.4.11	5
15:49	1JN.3.2	5
15:49	MAT.13.43	3
15:50	JHN.3.3-JHN.3.6	11
15:50	MAT.16.17	9
15:50	2CO.5.1	7
15:50	EPH.4.17	7
15:50	GAL.5.16	6
15:50	1CO.6.13	4
15:50	GAL.3.17	4
15:50	1CO.1.12	2
15:50	1CO.7.29	2
15:50	2CO.9.6	2
15:50	COL.2.4	2
15:51	1TH.4.14-1TH.4.17	24
15:51	PHP.3.21	17
15:51	1CO.15.20	8
15:51	EPH.1.9	3
15:51	1CO.4.1	2
15:51	1CO.2.7	1
15:51	1CO.15.6	1
15:51	1CO.13.2	0
15:51	EPH.3.3	0
15:51	EPH.5.32	0
15:52	1TH.4.16-1TH.4.17	41
15:52	MAT.24.31	31
15:52	JHN.5.28	18
15:52	JHN.5.25	17
15:52	ISA.27.13	15
15:52	1CO.15.42	10
15:52	2PE.3.10	10
15:52	ZEC.9.14	8
15:52	ISA.18.3	7
15:52	EZK.33.6	7
15:52	1CO.15.50	7
15:52	REV.9.13-REV.9.14	7
15:52	REV.8.2	6
15:52	REV.8.13	6
15:52	EXO.19.16	4
15:52	EZK.33.3	4
15:52	EXO.20.18	3
15:52	PSA.73.19	3
15:52	EXO.33.5	2
15:52	NUM.10.4	2
15:52	NUM.16.21	1
15:52	NUM.16.45	1
15:53	2CO.5.2-2CO.5.4	15
15:53	1JN.3.2	14
15:53	EPH.4.24	12
15:53	ROM.2.7	11
15:53	ROM.13.12-ROM.13.14	11
15:53	GAL.3.27	4
15:54	ISA.25.8	38
15:54	HEB.2.14-HEB.2.15	12
15:54	REV.20.14	12
15:54	REV.21.4	12
15:54	LUK.20.36	9
15:54	ROM.8.11	8
15:54	2CO.4.11	8
15:54	2TH.1.10	8
15:54	ROM.2.7	7
15:54	ROM.6.12	7
15:55	HOS.13.14	40
15:55	PSA.89.48	11
15:55	ROM.5.14	10
15:55	ACT.2.27	9
15:55	PSA.49.8-PSA.49.15	8
15:55	ECC.2.15-ECC.2.16	7
15:55	ACT.9.5	5
15:55	ECC.9.5-ECC.9.6	4
15:55	REV.20.13-REV.20.14	4
15:55	ECC.8.8	3
15:55	LUK.16.23	2
15:55	JOB.18.13-JOB.18.14	1
15:55	ECC.3.19	1
15:55	REV.9.10	0
15:56	ROM.4.15	17
15:56	GAL.3.10-GAL.3.13	14
15:56	ROM.6.23	11
15:56	ROM.7.5-ROM.7.13	10
15:56	JHN.8.24	9
15:56	ROM.5.12-ROM.5.13	6
15:56	JHN.8.21	5
15:56	ROM.5.20	5
15:56	ROM.3.19-ROM.3.20	4
15:56	ROM.5.15	4
15:56	ROM.5.17	4
15:56	HEB.9.27	4
15:56	GEN.3.17-GEN.3.19	3
15:56	PSA.90.3-PSA.90.11	3
15:56	PRO.14.32	3
15:57	2CO.2.14	65
15:57	ROM.8.37	51
15:57	1JN.5.4-1JN.5.5	49
15:57	PRO.21.31	39
15:57	REV.12.11	33
15:57	JHN.16.33	29
15:57	2CO.9.15	24
15:57	PSA.98.1	20
15:57	REV.15.2-REV.15.3	17
15:57	ROM.7.25	15
15:57	EPH.5.20	15
15:57	1CH.22.11	9
15:57	1CO.15.51	9
15:57	2CO.1.11	9
15:57	2KI.5.1	7
15:57	ACT.27.35	6
15:58	GAL.6.9	330
15:58	2CH.15.7	289
15:58	HEB.6.10	228
15:58	PHP.2.16	171
15:58	1CO.3.8	124
15:58	2PE.3.17-2PE.3.18	111
15:58	COL.1.23	100
15:58	HEB.13.15-HEB.13.16	95
15:58	1TH.1.3	90
15:58	PSA.55.22	81
15:58	JHN.6.28-JHN.6.29	76
15:58	HEB.13.21	66
15:58	1CO.16.10	57
15:58	COL.2.7	52
15:58	1TH.3.12	52
15:58	PSA.112.6	50
15:58	2CO.7.1	49
15:58	1TH.4.1	49
15:58	TIT.2.14	43
15:58	MAT.25.31-MAT.25.40	41
15:58	2PE.3.14	39
15:58	COL.2.5	38
15:58	2PE.1.4-2PE.1.9	37
15:58	1TH.3.3	35
15:58	HEB.3.14	34
15:58	2TH.1.3	32
15:58	PHP.1.9	31
15:58	RUT.1.18	28
15:58	PSA.19.11	28
15:58	PHP.1.11	28
15:58	MAT.10.40-MAT.10.42	26
15:58	GAL.4.11	26
15:58	PHP.4.17	25
15:58	PHP.2.30	24
15:58	1TH.3.5	24
15:58	PSA.73.13	22
15:58	PSA.78.8	21
15:58	PSA.78.37	14
16:1	ROM.12.13	10
16:1	2CO.8.1-2CO.8.9	10
16:1	2CO.9.12-2CO.9.15	10
16:1	1JN.3.17	10
16:1	ROM.15.25-ROM.15.26	7
16:1	GAL.2.10	7
16:1	ACT.24.17	4
16:1	PHM.1.5	4
16:1	PHM.1.7	4
16:1	HEB.6.10	4
16:1	ACT.11.30	3
16:1	ACT.16.6	2
16:1	ACT.9.13	1
16:1	ACT.9.41	1
16:1	ACT.11.28	1
16:1	ACT.18.23	1
16:1	GAL.1.2	1
16:2	MAL.3.9-MAL.3.10	10
16:2	LUK.16.10	8
16:2	ACT.20.7	8
16:2	DEU.8.18	7
16:2	DEU.15.11-DEU.15.14	7
16:2	2CO.9.3-2CO.9.5	6
16:2	2CO.8.1-2CO.8.3	5
16:2	2CO.8.11-2CO.8.15	5
16:2	REV.1.10	5
16:2	MRK.12.41-MRK.12.44	3
16:2	LUK.24.1	3
16:2	JHN.20.19	3
16:2	GEN.26.12	2
16:2	2CH.31.10	2
16:2	HAG.2.16-HAG.2.19	2
16:2	GEN.30.30	1
16:2	GEN.32.10	1
16:2	GEN.33.11	1
16:2	MRK.14.8	1
16:2	JHN.20.26	1
16:3	2CO.8.4	3
16:3	2CO.8.6	3
16:3	2CO.8.18-2CO.8.24	3
16:3	ACT.6.1-ACT.6.6	2
16:3	1CO.4.19-1CO.4.21	2
16:3	1CO.11.34	2
16:4	ROM.15.25	2
16:4	2CO.8.4	2
16:4	2CO.8.19	2
16:5	ACT.19.21	6
16:5	1CO.4.19	3
16:5	ACT.20.1-ACT.20.3	2
16:5	2CO.1.15-2CO.1.17	2
16:6	ACT.15.3	5
16:6	ROM.15.24	3
16:6	3JN.1.6-3JN.1.7	3
16:6	ACT.17.15	2
16:6	ACT.20.38	2
16:6	ACT.21.5	2
16:6	ACT.27.12	2
16:6	ACT.28.11	2
16:6	1CO.16.11	2
16:6	2CO.1.16	2
16:6	TIT.3.12	2
16:7	ACT.18.21	8
16:7	1CO.4.19	5
16:7	JAS.4.15	5
16:7	JER.10.23	4
16:7	ROM.1.10	4
16:7	PRO.19.21	3
16:7	2CO.1.15	3
16:8	ACT.2.1	6
16:8	EXO.23.16	3
16:8	LEV.23.15-LEV.23.21	2
16:8	ACT.18.19	2
16:8	1CO.15.32	2
16:9	2CO.2.12	26
16:9	ACT.14.27	23
16:9	COL.4.3	22
16:9	REV.3.7-REV.3.8	17
16:9	2CO.1.8-2CO.1.10	12
16:9	ACT.19.8-ACT.19.10	7
16:9	1CO.15.32	7
16:9	PHP.3.18	7
16:10	1CO.15.58	6
16:10	ROM.16.21	4
16:10	1CO.4.17	4
16:10	PHP.2.19-PHP.2.22	4
16:10	1TH.3.2	4
16:10	ACT.16.1	2
16:10	ACT.19.22	2
16:10	1CO.16.11	2
16:10	2CO.1.1	2
16:10	2CO.6.1	2
16:10	1TH.4.12	2
16:11	1TI.4.12	10
16:11	ACT.15.33	5
16:11	TIT.2.15	5
16:11	1CO.16.6	4
16:11	1CO.16.10	4
16:11	LUK.10.16	2
16:11	1TH.4.8	2
16:11	3JN.1.6	2
16:12	1CO.1.12	4
16:12	1CO.3.5	3
16:12	ACT.18.24-ACT.19.1	2
16:12	1CO.3.22	2
16:12	TIT.3.4	2
16:12	ECC.3.1	1
16:12	MRK.6.21	1
16:12	ACT.24.25	1
16:13	JOS.1.9	256
16:13	EPH.6.13-EPH.6.18	242
16:13	EPH.6.10	200
16:13	1CO.15.58	166
16:13	2CO.12.9-2CO.12.10	141
16:13	GAL.5.1	130
16:13	PSA.27.14	119
16:13	PHP.4.13	104
16:13	2TH.2.15	99
16:13	JOS.1.6-JOS.1.7	91
16:13	PHP.1.27	88
16:13	PHP.4.1	87
16:13	1PE.5.8	84
16:13	ISA.35.4	81
16:13	1TH.3.8	78
16:13	2TI.2.3-2TI.2.5	64
16:13	2TI.4.7	63
16:13	MAT.26.41	58
16:13	1CO.15.1-1CO.15.2	58
16:13	2CO.1.24	57
16:13	2SA.10.12	56
16:13	1CH.28.10	55
16:13	COL.4.2	54
16:13	1PE.4.7	51
16:13	1CO.14.20	50
16:13	1TI.6.12	50
16:13	COL.4.12	49
16:13	MRK.13.33-MRK.13.37	46
16:13	COL.1.11-COL.1.12	46
16:13	2TI.2.1	45
16:13	DAN.10.19	41
16:13	COL.1.23	40
16:13	DAN.11.32	38
16:13	1TH.5.6	38
16:13	1CO.9.25-1CO.9.27	37
16:13	EPH.3.16	37
16:13	REV.3.2-REV.3.3	37
16:13	1CH.19.13	36
16:13	HAG.2.4	36
16:13	MAT.24.42-MAT.24.44	36
16:13	HEB.11.32-HEB.11.34	36
16:13	REV.16.15	36
16:13	ZEC.8.9	35
16:13	MRK.14.37-MRK.14.38	35
16:13	LUK.21.36	35
16:13	2TI.4.5	35
16:13	ZEC.8.13	34
16:13	LUK.12.35-LUK.12.40	34
16:13	1SA.4.9	32
16:13	JOS.1.18	31
16:13	1KI.2.2	30
16:13	MAT.25.13	30
16:14	JHN.13.34-JHN.13.35	31
16:14	1PE.4.8	26
16:14	1TI.1.5	21
16:14	1JN.4.7-1JN.4.8	16
16:14	1CO.12.31-1CO.14.1	11
16:14	JHN.15.17	10
16:14	ROM.13.8-ROM.13.10	8
16:14	GAL.5.22	8
16:14	GAL.5.13-GAL.5.14	7
16:14	1TH.3.12	7
16:14	1TH.4.9-1TH.4.10	7
16:14	2PE.1.7	7
16:14	ROM.14.15	6
16:14	PHP.2.1-PHP.2.3	6
16:14	1CO.8.1	5
16:14	EPH.4.1-EPH.4.3	5
16:14	1TH.3.6	5
16:14	2TH.1.3	4
16:14	HEB.13.4	4
16:15	1CO.1.16	7
16:15	ROM.16.5	6
16:15	ROM.15.25	4
16:15	ROM.12.13	3
16:15	ROM.16.2	3
16:15	2CO.8.4	3
16:15	2CO.9.1	3
16:15	1TI.5.10	3
16:15	1PE.4.10	3
16:15	ACT.9.36-ACT.9.41	2
16:15	ACT.18.12	2
16:15	ROM.15.31	2
16:15	1CO.16.17	2
16:15	2CO.9.12-2CO.9.15	2
16:15	PHM.1.7	2
16:15	HEB.6.10	2
16:15	REV.14.4	2
16:16	1TH.5.12	7
16:16	HEB.13.17	7
16:16	3JN.1.8	3
16:16	1CH.12.18	2
16:16	ROM.16.3	2
16:16	ROM.16.6	2
16:16	ROM.16.9	2
16:16	ROM.16.12	2
16:16	1CO.3.9	2
16:16	1CO.12.28	2
16:16	EPH.5.21	2
16:16	PHP.4.3	2
16:16	1TH.1.3	2
16:16	1TH.2.9	2
16:16	1TI.5.17	2
16:16	HEB.6.10	2
16:16	1PE.5.5	2
16:16	REV.2.3	2
16:17	2CO.11.9	5
16:17	PHP.2.30	5
16:17	PHM.1.13	3
16:18	PHM.1.7	7
16:18	2CO.7.13	6
16:18	ROM.15.32	5
16:18	PRO.25.13	4
16:18	PRO.25.25	4
16:18	COL.4.8	4
16:18	1TH.5.12	4
16:18	2CO.7.6-2CO.7.7	3
16:18	1TH.3.6-1TH.3.7	3
16:18	PHM.1.20	3
16:18	3JN.1.4	3
16:18	PHP.2.28-PHP.2.29	2
16:18	HEB.13.7	2
16:18	3JN.1.11-3JN.1.12	2
16:19	ACT.18.2	6
16:19	ACT.18.18	2
16:19	ACT.18.26	2
16:19	ACT.19.10	2
16:19	ROM.16.3-ROM.16.5	2
16:19	ROM.16.15	2
16:19	COL.4.15	2
16:19	2TI.4.19	2
16:19	PHM.1.2	2
16:19	1PE.1.1	2
16:19	REV.1.11	2
16:20	ROM.16.16	9
16:20	1TH.5.26	4
16:20	1PE.5.14	4
16:20	2CO.13.12-2CO.13.13	3
16:20	HEB.13.24	3
16:20	ROM.16.21	2
16:20	ROM.16.23	2
16:20	PHP.4.22	2
16:20	PHM.1.23-PHM.1.24	2
16:21	GAL.6.11	7
16:21	COL.4.18	7
16:21	2TH.3.17	5
16:21	ROM.16.22	2
16:21	PHM.1.19	2
16:22	EPH.6.24	10
16:22	JHN.14.21	8
16:22	1JN.4.19	7
16:22	MAT.10.37	6
16:22	JHN.8.42	6
16:22	2CO.5.14-2CO.5.15	6
16:22	HEB.6.10	6
16:22	1JN.5.1	6
16:22	REV.22.20	5
16:22	ROM.9.3	4
16:22	2TH.1.8-2TH.1.9	4
16:22	1PE.1.8	4
16:22	1PE.2.7	4
16:22	ACT.23.14	3
16:22	1CO.12.3	3
16:22	2CO.8.8-2CO.8.9	3
16:22	GAL.1.8-GAL.1.9	3
16:22	GAL.5.6	3
16:22	JUD.1.14-JUD.1.15	3
16:22	SNG.1.3-SNG.1.4	2
16:22	SNG.1.7	2
16:22	SNG.3.1-SNG.3.3	2
16:22	SNG.5.16	2
16:22	ISA.5.1	2
16:22	MAT.25.45-MAT.25.46	2
16:22	JHN.14.15	2
16:22	JHN.14.23	2
16:22	JHN.15.24	2
16:22	JHN.16.14	2
16:22	JHN.21.15-JHN.21.17	2
16:23	ROM.16.20	6
16:23	ROM.16.23	2
16:24	MAT.6.13	4
16:24	REV.3.19	4
16:24	1CO.14.16	3
16:24	2CO.12.15	3
16:24	MAT.28.20	2
16:24	1CO.4.14-1CO.4.15	2
16:24	1CO.16.14	2
16:24	2CO.11.11	2
16:24	PHP.1.8	2
