# chapter:verse	to	votes (most first)
1:1	JOS.23.1-JOS.23.2	7
1:1	1CH.29.27-1CH.29.28	7
1:1	1CH.23.1	6
1:1	PSA.90.10	6
1:1	2SA.5.4	5
1:1	GEN.18.11	4
1:1	GEN.24.1	4
1:1	LUK.1.7	2
1:2	ECC.4.11	10
1:2	GEN.16.5	9
1:2	MIC.7.5	8
1:2	1SA.16.21-1SA.16.22	7
1:2	DEU.10.8	5
1:2	DEU.13.6	5
1:2	2SA.12.3	5
1:2	2CH.29.11	4
1:3	JOS.19.18	6
1:3	EST.2.4	6
1:3	EST.2.2	5
1:3	2KI.4.8	4
1:3	1SA.28.4	3
1:3	1KI.2.17-1KI.2.25	2
1:3	2KI.4.25	2
1:4	MAT.1.25	3
1:5	2SA.15.1	7
1:5	2SA.3.4	6
1:5	EXO.9.17	2
1:5	DEU.17.15-DEU.17.16	2
1:5	1KI.1.11	2
1:5	1KI.2.24	2
1:5	1CH.28.5	2
1:5	1CH.29.1	2
1:5	PRO.16.18	2
1:5	PRO.18.12	2
1:5	ISA.2.7	2
1:5	LUK.14.11	2
1:5	LUK.18.14	2
1:5	JDG.9.2	1
1:5	1CH.3.2	1
1:5	1CH.22.5-1CH.22.11	1
1:6	2SA.3.3-2SA.3.4	8
1:6	1SA.3.13	5
1:6	1CH.3.2	4
1:6	PRO.22.15	4
1:6	PRO.23.13-PRO.23.14	4
1:6	PRO.29.15	4
1:6	HEB.12.5-HEB.12.6	4
1:6	1SA.9.2	3
1:6	1SA.10.23	3
1:6	2SA.14.25	3
1:7	2SA.20.25	5
1:7	1KI.2.22	4
1:7	1SA.22.20-1SA.22.23	2
1:7	2SA.8.16	2
1:7	2SA.15.12	2
1:7	2SA.15.24-2SA.15.29	2
1:7	2SA.15.35	2
1:7	2SA.20.23	2
1:7	1KI.2.26-1KI.2.35	2
1:7	1CH.11.6	2
1:7	PSA.2.2	2
1:8	1KI.4.18	5
1:8	2SA.20.25	4
1:8	2SA.23.8-2SA.23.39	4
1:8	2SA.7.2-2SA.7.4	2
1:8	2SA.8.17-2SA.8.18	2
1:8	2SA.12.1-2SA.12.15	2
1:8	1KI.2.35	2
1:8	1CH.11.10-1CH.11.47	2
1:8	1CH.27.5-1CH.27.6	2
1:8	EZK.44.15	2
1:8	ZEC.12.13	2
1:9	2SA.17.17	5
1:9	JOS.15.7	2
1:9	2SA.13.23-2SA.13.27	2
1:9	2SA.15.11-2SA.15.12	2
1:9	PRO.15.8	2
1:10	2SA.12.24	3
1:10	2SA.12.1-2SA.12.15	2
1:10	1KI.1.8	2
1:10	1KI.1.19	2
1:11	2SA.3.4	3
1:11	2SA.7.12-2SA.7.17	2
1:11	2SA.12.24-2SA.12.25	2
1:11	1CH.22.9-1CH.22.10	2
1:11	1CH.28.4-1CH.28.5	2
1:11	1CH.29.1	2
1:12	GEN.19.17	2
1:12	JDG.9.5	2
1:12	1KI.1.21	2
1:12	2KI.11.1	2
1:12	2CH.21.4	2
1:12	2CH.22.10	2
1:12	PRO.11.14	2
1:12	PRO.15.22	2
1:12	PRO.20.18	2
1:12	PRO.27.9	2
1:12	JER.38.15	2
1:12	MAT.21.38	2
1:12	ACT.27.31	2
1:13	1KI.1.30	9
1:13	1KI.1.17	5
1:13	1KI.2.12	3
1:13	1CH.22.6-1CH.22.13	3
1:13	PSA.132.11-PSA.132.12	3
1:13	LUK.1.32-LUK.1.33	3
1:13	1KI.1.11	2
1:13	1KI.1.24	2
1:13	1KI.1.48	2
1:13	1CH.29.23	2
1:13	ISA.9.7	2
1:13	JER.33.21	2
1:13	DEU.17.18	1
1:13	1KI.1.35	1
1:14	2CO.13.1	3
1:14	1KI.1.17-1KI.1.27	2
1:15	1KI.1.1	2
1:16	1SA.20.41	3
1:16	1SA.24.8	3
1:16	1SA.25.23	3
1:16	1KI.1.23	2
1:16	1KI.2.20	2
1:16	EST.7.2	2
1:16	MAT.20.21	2
1:16	MAT.20.32	2
1:17	1KI.1.13	4
1:17	1KI.1.30	2
1:17	GEN.18.12	1
1:17	1PE.3.6	1
1:18	1KI.1.24	5
1:18	2SA.15.10	2
1:18	1KI.1.5	2
1:18	1KI.1.11	2
1:18	1KI.1.27	2
1:18	ACT.3.17	2
1:19	1KI.1.7-1KI.1.10	2
1:19	1KI.1.25	2
1:20	2SA.23.2	2
1:20	1CH.22.8-1CH.22.10	2
1:20	1CH.28.5-1CH.28.6	2
1:20	1CH.28.10	2
1:20	1CH.29.1	2
1:20	2CH.20.12	2
1:20	PSA.25.15	2
1:20	PSA.123.2	2
1:20	ZEC.3.9	2
1:21	DEU.31.16	5
1:21	1KI.2.10	5
1:21	GEN.15.15	2
1:21	2SA.7.12	2
1:21	1KI.2.15	2
1:21	1KI.2.22-1KI.2.24	2
1:22	GEN.24.15	2
1:22	JOB.1.16-JOB.1.18	2
1:22	DAN.9.20	2
1:23	1KI.1.16	2
1:23	ROM.13.7	2
1:23	1PE.2.17	2
1:24	1KI.1.5	2
1:24	1KI.1.13-1KI.1.14	2
1:24	1KI.1.17-1KI.1.18	2
1:25	1SA.10.24	4
1:25	1KI.1.9	3
1:25	1KI.1.19	3
1:25	1SA.11.14-1SA.11.15	2
1:25	2SA.16.16	2
1:25	1KI.1.34	2
1:25	2KI.11.12	2
1:25	1CH.29.13	2
1:25	1CH.29.21	2
1:25	2CH.23.11	2
1:25	MAT.21.9	2
1:25	MRK.11.9-MRK.11.10	2
1:25	LUK.19.38	2
1:26	1KI.1.8	5
1:26	1KI.1.10	3
1:26	2SA.7.2	2
1:26	2SA.7.12-2SA.7.17	2
1:26	2SA.12.25	2
1:26	1KI.1.19	2
1:27	1KI.1.24	2
1:27	2KI.4.27	2
1:27	JHN.15.15	2
1:29	2SA.4.9	4
1:29	PSA.136.24	3
1:29	GEN.48.16	2
1:29	JDG.8.19	2
1:29	1SA.14.39	2
1:29	1SA.14.45	2
1:29	1SA.19.6	2
1:29	1SA.20.21	2
1:29	2SA.12.5	2
1:29	1KI.2.24	2
1:29	1KI.17.1	2
1:29	1KI.18.10	2
1:29	2KI.4.30	2
1:29	2KI.5.16	2
1:29	2KI.5.20	2
1:29	PSA.34.19-PSA.34.22	2
1:29	PSA.72.14	2
1:29	PSA.138.7	2
1:30	1KI.1.13	5
1:30	1KI.1.17	5
1:31	DAN.2.4	4
1:31	DAN.3.9	4
1:31	DAN.5.10	4
1:31	2SA.9.6	3
1:31	1KI.1.25	3
1:31	NEH.2.3	3
1:31	EST.3.2	3
1:31	DAN.6.6	3
1:31	DAN.6.21	3
1:31	MAT.21.37	3
1:31	HEB.12.9	3
1:31	EPH.5.33	1
1:32	1KI.1.8	3
1:32	1KI.1.26	2
1:32	1KI.1.38	2
1:33	2CH.32.30	5
1:33	1KI.1.38	4
1:33	2CH.33.14	3
1:33	GEN.41.43	2
1:33	LEV.19.19	2
1:33	2SA.20.6-2SA.20.7	2
1:33	1KI.1.5	2
1:33	1KI.1.44-1KI.1.45	2
1:33	EST.6.6-EST.6.11	2
1:34	1SA.10.1	5
1:34	2SA.15.10	5
1:34	1KI.1.25	5
1:34	1SA.16.3	4
1:34	2SA.5.3	4
1:34	1KI.19.16	4
1:34	2KI.9.3	4
1:34	2KI.9.13	4
1:34	2KI.11.12	4
1:34	2KI.11.14	3
1:34	ACT.10.38	3
1:34	1SA.16.12-1SA.16.13	2
1:34	2SA.2.4	2
1:34	2KI.9.6	2
1:34	2CH.23.11	2
1:34	PSA.45.7	2
1:34	PSA.89.20	2
1:34	PSA.89.36	2
1:34	PSA.98.5-PSA.98.7	2
1:34	ISA.45.1	2
1:34	2CO.1.21-2CO.1.22	2
1:35	1KI.1.13	2
1:35	1KI.1.17	2
1:35	1KI.2.12	2
1:35	1KI.2.15	2
1:35	1CH.23.1	2
1:35	1CH.28.4-1CH.28.5	2
1:35	PSA.2.6	2
1:35	PSA.72.1-PSA.72.2	2
1:36	DEU.27.15-DEU.27.26	2
1:36	1SA.25.29	2
1:36	1CH.17.27	2
1:36	PSA.18.2	2
1:36	PSA.63.1	2
1:36	PSA.72.19	2
1:36	PSA.89.20	2
1:36	PSA.89.26	2
1:36	JER.11.5	2
1:36	JER.28.6	2
1:36	MAT.6.13	2
1:36	MAT.28.20	2
1:36	1CO.14.16	2
1:37	1SA.20.13	5
1:37	1KI.1.47	5
1:37	JOS.1.5	4
1:37	JOS.1.17	4
1:37	EXO.3.12	2
1:37	2SA.24.3	2
1:37	1KI.3.7-1KI.3.9	2
1:37	2KI.2.9	2
1:37	1CH.28.20	2
1:37	2CH.1.1	2
1:37	PSA.46.7	2
1:37	PSA.46.11	2
1:37	PSA.72.8	2
1:37	PSA.72.17-PSA.72.19	2
1:37	PSA.89.27	2
1:37	ISA.8.10	2
1:37	DAN.7.14	2
1:37	MAT.1.23	2
1:37	ROM.8.31	2
1:38	2SA.8.18	5
1:38	1KI.1.8	4
1:38	1SA.30.14	2
1:38	2SA.15.18	2
1:38	2SA.20.20-2SA.20.23	2
1:38	1KI.1.26	2
1:38	1KI.1.33	2
1:38	1CH.18.17	2
1:38	ZEP.2.5	2
1:39	PSA.89.20	6
1:39	1SA.10.24	5
1:39	1KI.1.34	5
1:39	1CH.29.22	5
1:39	1SA.16.13	3
1:39	1KI.1.25	3
1:39	2KI.11.12	3
1:39	2CH.23.11	3
1:39	2CH.23.13	3
1:39	EXO.30.23-EXO.30.33	2
1:40	1SA.11.15	2
1:40	2KI.11.14	2
1:40	2KI.11.20	2
1:40	1CH.12.38-1CH.12.40	2
1:40	PSA.97.1	2
1:40	DAN.3.5	2
1:40	ZEC.9.9	2
1:40	LUK.19.37	2
1:40	REV.11.15-REV.11.18	2
1:41	EXO.32.17	2
1:41	JOB.15.21-JOB.15.22	2
1:41	JOB.20.5	2
1:41	PSA.73.18-PSA.73.20	2
1:41	PRO.14.13	2
1:41	ECC.7.4-ECC.7.6	2
1:41	MAT.21.9-MAT.21.11	2
1:41	MAT.21.15	2
1:41	MAT.24.38-MAT.24.39	2
1:41	LUK.17.26-LUK.17.29	2
1:41	ACT.21.31	2
1:42	2SA.15.36	5
1:42	2SA.17.17	4
1:42	2SA.18.27	4
1:42	2SA.15.27	3
1:42	1KI.22.18	2
1:42	2KI.9.22	2
1:42	ISA.57.21	2
1:42	1TH.5.2-1TH.5.3	2
1:45	1KI.1.40	4
1:45	1SA.4.5	2
1:45	1SA.28.14	2
1:45	1KI.14.6	2
1:45	EZR.3.13	2
1:45	DAN.5.26-DAN.5.28	2
1:46	1CH.29.23	4
1:46	PSA.132.11	3
1:46	1KI.1.13	2
1:46	HAG.2.22	2
1:47	GEN.47.31	5
1:47	1KI.1.37	5
1:47	EXO.12.32	2
1:47	2SA.8.10	2
1:47	2SA.21.3	2
1:47	EZR.6.10	2
1:47	PSA.20.1-PSA.20.4	2
1:47	LUK.19.38	2
1:47	HEB.11.21	2
1:48	1KI.3.6	5
1:48	PSA.132.11-PSA.132.12	3
1:48	GEN.14.20	2
1:48	2SA.7.12	2
1:48	2SA.24.3	2
1:48	1CH.17.11-1CH.17.14	2
1:48	1CH.17.17	2
1:48	1CH.29.10	2
1:48	1CH.29.20	2
1:48	NEH.9.5	2
1:48	PSA.34.1	2
1:48	PSA.41.13	2
1:48	PSA.72.17-PSA.72.19	2
1:48	PSA.103.1-PSA.103.2	2
1:48	PSA.128.5-PSA.128.6	2
1:48	PSA.145.2	2
1:48	PRO.17.6	2
1:48	DAN.4.34	2
1:48	LUK.1.46-LUK.1.47	2
1:48	LUK.1.68-LUK.1.69	2
1:48	EPH.1.3	2
1:48	1PE.1.3	2
1:49	PRO.28.1	2
1:49	ISA.21.4-ISA.21.5	2
1:49	DAN.5.4-DAN.5.6	2
1:50	1KI.2.28	6
1:50	EXO.21.14	3
1:50	EXO.27.2	3
1:50	EXO.38.2	3
1:50	PSA.118.27	3
1:52	1SA.14.45	6
1:52	2SA.14.11	5
1:52	PRO.13.6	4
1:52	1KI.2.21-1KI.2.25	3
1:52	JOB.15.22	3
1:52	PRO.21.12	3
1:52	ACT.27.34	2
1:52	LUK.21.18	1
1:52	MAT.10.30	0
1:53	2SA.1.2	2
1:53	2SA.14.24	2
1:53	2SA.14.28	2
1:53	1KI.1.16	2
1:53	1KI.1.31	2
1:53	1KI.2.36	2
1:53	PRO.24.21	2
2:1	GEN.47.29	5
2:1	DEU.31.14	4
2:1	NUM.27.19	2
2:1	DEU.3.28	2
2:1	DEU.31.23	2
2:1	ACT.20.28-ACT.20.31	2
2:1	1TI.1.18	2
2:1	1TI.6.13	2
2:1	2TI.4.1	2
2:1	2TI.4.6	2
2:1	2PE.1.13-2PE.1.15	2
2:1	DEU.33.1	1
2:2	JOS.1.6-JOS.1.7	11
2:2	JOS.23.14	9
2:2	EPH.6.10	9
2:2	1CO.16.13	8
2:2	DEU.31.23	5
2:2	HEB.9.27	5
2:2	DEU.17.19-DEU.17.20	4
2:2	DEU.31.6-DEU.31.7	4
2:2	1CH.28.20	4
2:2	PSA.89.48	4
2:2	ECC.12.13	4
2:2	1TI.4.12	4
2:2	2SA.10.12	3
2:2	2TI.2.1	3
2:2	1KI.3.7	2
2:2	JOB.16.22	1
2:2	JOB.30.23	1
2:3	DEU.29.9	12
2:3	PRO.3.1-PRO.3.4	8
2:3	DEU.17.18-DEU.17.20	7
2:3	PSA.119.2	7
2:3	JOS.1.7-JOS.1.8	5
2:3	1CH.22.12-1CH.22.13	5
2:3	PSA.1.2-PSA.1.3	5
2:3	1CH.29.19	4
2:3	2CH.31.20-2CH.31.21	4
2:3	DEU.6.1-DEU.6.2	3
2:3	JOS.22.5	3
2:3	1SA.18.14	3
2:3	PSA.119.111	3
2:3	PSA.119.138	3
2:3	MAL.4.4	3
2:3	DEU.4.1	2
2:3	DEU.4.5	2
2:3	DEU.4.8	2
2:3	DEU.4.45	2
2:3	DEU.5.1	2
2:3	1SA.18.5	2
2:3	1SA.18.30	2
2:3	2SA.8.6	2
2:3	2SA.8.14	2
2:3	2KI.18.7	2
2:3	1CH.28.8-1CH.28.9	2
2:3	PSA.19.7	2
2:3	PSA.119.98-PSA.119.100	2
2:4	2KI.20.3	7
2:4	2SA.7.25	6
2:4	1KI.8.25	5
2:4	PSA.132.11-PSA.132.12	4
2:4	MAT.22.37	4
2:4	PSA.89.29-PSA.89.37	3
2:4	JHN.15.9-JHN.15.10	3
2:4	GEN.17.1	2
2:4	GEN.18.19	2
2:4	LEV.26.3	2
2:4	DEU.6.5	2
2:4	DEU.7.12	2
2:4	DEU.10.12	2
2:4	DEU.11.13	2
2:4	2SA.7.11-2SA.7.16	2
2:4	1KI.3.3	2
2:4	1KI.3.14	2
2:4	1KI.8.23	2
2:4	1KI.9.5	2
2:4	2KI.23.3	2
2:4	2KI.23.25	2
2:4	1CH.17.11-1CH.17.15	2
2:4	1CH.22.9-1CH.22.11	2
2:4	1CH.28.5-1CH.28.7	2
2:4	1CH.28.9	2
2:4	2CH.17.3	2
2:4	PSA.37.9	2
2:4	PSA.37.22	2
2:4	ZEC.14.2	2
2:4	LUK.1.6	2
2:4	JUD.1.20-JUD.1.21	2
2:4	JUD.1.24	1
2:5	2SA.3.27	8
2:5	2SA.20.10	6
2:5	2SA.18.5	4
2:5	2SA.18.12	4
2:5	2SA.3.39	3
2:5	2SA.18.14	3
2:5	2SA.2.18	2
2:5	2SA.17.25	2
2:5	2SA.19.5-2SA.19.7	2
2:5	1KI.1.7	2
2:5	1KI.1.18-1KI.1.19	2
2:5	1KI.2.32	2
2:5	JER.2.34	2
2:5	JER.6.15	2
2:5	EZK.24.7-EZK.24.8	2
2:6	1KI.2.9	5
2:6	PSA.37.37	3
2:6	PRO.20.26	3
2:6	PRO.28.17	3
2:6	ECC.8.11	3
2:6	ISA.48.22	3
2:6	ISA.57.21	3
2:6	GEN.42.38	2
2:6	NUM.35.33	2
2:6	1KI.2.28-1KI.2.34	2
2:6	2KI.22.20	2
2:6	ISA.57.2	2
2:6	ISA.65.20	2
2:6	GEN.9.6	1
2:7	2SA.17.27-2SA.17.29	8
2:7	2SA.9.7	6
2:7	2SA.9.10	5
2:7	2SA.19.31-2SA.19.40	5
2:7	2SA.15.13-2SA.15.15	3
2:7	2SA.19.28	3
2:7	PRO.27.10	3
2:7	LUK.12.37	3
2:7	LUK.22.28-LUK.22.30	3
2:7	REV.3.20-REV.3.21	2
2:8	2SA.16.5-2SA.16.8	6
2:8	1KI.2.36-1KI.2.46	2
2:8	JER.4.2	2
2:8	2SA.19.16-2SA.19.23	1
2:9	1KI.2.6	5
2:9	GEN.42.38	3
2:9	GEN.44.31	3
2:9	EXO.20.7	2
2:9	EXO.22.28	2
2:9	NUM.32.23	2
2:9	1KI.3.12	2
2:9	1KI.3.28	2
2:9	JOB.9.28	2
2:10	ACT.2.29	7
2:10	ACT.13.36	6
2:10	1KI.1.21	5
2:10	1KI.11.43	5
2:10	1CH.29.28	5
2:10	2SA.5.7	4
2:10	1KI.3.1	4
2:10	1CH.11.7	2
2:11	2SA.5.4-2SA.5.5	6
2:11	1CH.29.26-1CH.29.27	4
2:12	2CH.1.1	6
2:12	1CH.29.23-1CH.29.25	3
2:12	2SA.7.12-2SA.7.13	2
2:12	2SA.7.29	2
2:12	1KI.1.46	2
2:12	PSA.72.8-PSA.72.20	2
2:12	PSA.89.36-PSA.89.37	2
2:12	PSA.132.12	2
2:13	1SA.16.4-1SA.16.5	2
2:13	1KI.1.5-1KI.1.10	2
2:13	1KI.1.50-1KI.1.53	2
2:13	2KI.9.18-2KI.9.22	2
2:13	1CH.12.17-1CH.12.18	2
2:13	LUK.10.5-LUK.10.6	2
2:14	2SA.14.12	2
2:14	LUK.7.40	2
2:15	1CH.22.9-1CH.22.10	5
2:15	1CH.28.5-1CH.28.7	5
2:15	1KI.1.5	4
2:15	1KI.1.25	4
2:15	2SA.7.12	2
2:15	2SA.16.18	2
2:15	PRO.21.30	2
2:15	JER.27.5-JER.27.8	2
2:15	DAN.2.22	2
2:15	2SA.12.24	1
2:15	2SA.15.6	1
2:15	2SA.15.13	1
2:16	PSA.132.10	2
2:16	PRO.30.7	2
2:17	2SA.3.7	2
2:17	2SA.12.8	2
2:17	1KI.1.2-1KI.1.4	2
2:18	PRO.14.15	3
2:19	PSA.45.9	5
2:19	EXO.20.12	2
2:19	LEV.19.3	2
2:19	LEV.19.32	2
2:19	1KI.15.13	2
2:19	PSA.110.1	2
2:19	MAT.25.33	1
2:20	MAT.7.7-MAT.7.11	2
2:20	MAT.10.35-MAT.10.36	2
2:20	MAT.11.24	2
2:20	MAT.18.19	2
2:20	MAT.20.20-MAT.20.21	2
2:20	LUK.11.9-LUK.11.10	2
2:20	JHN.2.3-JHN.2.4	2
2:20	JHN.14.13-JHN.14.14	2
2:20	JHN.15.16	2
2:21	2SA.16.21-2SA.16.22	2
2:21	1KI.1.3	2
2:22	1CH.3.2	3
2:22	2SA.12.8	2
2:22	1KI.1.5-1KI.1.7	2
2:22	1KI.1.11	2
2:22	1KI.1.24-1KI.1.25	2
2:22	1CH.3.5	2
2:22	MAT.20.22	2
2:22	MRK.10.38	2
2:22	JAS.4.3	2
2:23	RUT.1.17	5
2:23	PSA.64.8	3
2:23	PSA.140.9	3
2:23	1SA.14.44	2
2:23	2SA.3.9	2
2:23	2SA.3.35	2
2:23	2SA.19.13	2
2:23	1KI.20.10	2
2:23	2KI.6.31	2
2:23	PRO.18.6-PRO.18.7	2
2:23	ECC.10.12	2
2:23	LUK.19.22	2
2:24	1CH.22.10	5
2:24	EXO.1.21	2
2:24	1SA.25.28	2
2:24	2SA.7.11-2SA.7.13	2
2:24	2SA.7.27	2
2:24	1KI.1.29	2
2:24	1KI.1.52	2
2:24	1KI.3.6-1KI.3.7	2
2:24	1KI.10.9	2
2:24	1CH.17.10	2
2:24	1CH.17.17	2
2:24	1CH.17.23	2
2:24	1CH.29.23	2
2:24	2CH.1.8-2CH.1.9	2
2:24	PSA.127.1	2
2:24	ECC.8.11-ECC.8.13	2
2:25	2SA.8.18	3
2:25	JDG.8.20-JDG.8.21	2
2:25	1SA.15.33	2
2:25	2SA.1.15	2
2:25	2SA.4.12	2
2:25	1KI.2.31	2
2:25	1KI.2.34	2
2:25	1KI.2.46	2
2:26	JOS.21.18	5
2:26	1SA.22.20-1SA.22.23	4
2:26	1SA.26.16	3
2:26	2SA.15.24-2SA.15.29	3
2:26	JER.1.1	3
2:26	MAT.10.42	3
2:26	1SA.23.6-1SA.23.9	2
2:26	2SA.12.5	2
2:26	1KI.1.7	2
2:26	1KI.1.25	2
2:26	1KI.2.35	2
2:26	1CH.15.11-1CH.15.12	2
2:26	ISA.10.30	2
2:26	LUK.22.28	2
2:26	GAL.3.4	2
2:27	1SA.2.27-1SA.2.36	11
2:27	1SA.3.12-1SA.3.14	7
2:27	JER.7.12-JER.7.14	3
2:27	JOS.18.1	1
2:27	PSA.78.60	1
2:27	MAT.26.56	0
2:27	JHN.12.38	0
2:27	JHN.19.24	0
2:27	JHN.19.28	0
2:27	JHN.19.36-JHN.19.37	0
2:28	1KI.1.7	5
2:28	1KI.1.50	5
2:28	2SA.18.2	4
2:28	EXO.27.2	2
2:28	DEU.32.35	2
2:28	2SA.17.25	2
2:28	2SA.18.14-2SA.18.15	2
2:29	1KI.2.25	4
2:29	EXO.21.14	3
2:29	1KI.2.31	2
2:29	1KI.2.46	2
2:29	EZK.9.6	2
2:29	1PE.4.17	2
2:31	NUM.35.33	6
2:31	DEU.21.8-DEU.21.9	6
2:31	EXO.21.14	5
2:31	2SA.3.28	3
2:31	PRO.28.17	3
2:31	GEN.9.5-GEN.9.6	2
2:31	DEU.19.12-DEU.19.13	2
2:31	2KI.9.26	2
2:31	ACT.28.4	2
2:32	JDG.9.24	5
2:32	JDG.9.57	4
2:32	2CH.21.13	4
2:32	PSA.7.16	4
2:32	2SA.3.26-2SA.3.27	3
2:32	2SA.20.9-2SA.20.10	3
2:32	1KI.2.5	3
2:32	GEN.4.11	2
2:32	1SA.15.28	2
2:32	2SA.3.37	2
2:32	2SA.4.11	2
2:32	2SA.17.25	2
2:32	1KI.2.44	2
2:32	EST.1.19	2
2:33	1KI.2.32	3
2:33	MAT.27.25	3
2:33	2SA.3.28-2SA.3.29	2
2:33	2KI.5.27	2
2:33	PSA.89.29	2
2:33	PSA.89.36-PSA.89.37	2
2:33	PSA.101.8	2
2:33	PSA.109.6-PSA.109.15	2
2:33	PSA.132.12	2
2:33	PRO.25.5	2
2:33	ISA.9.6-ISA.9.7	2
2:33	ISA.11.1-ISA.11.9	2
2:33	LUK.1.31-LUK.1.33	2
2:33	LUK.2.14	2
2:34	JOS.15.61	3
2:34	1KI.2.25	3
2:34	MAT.3.1	3
2:34	1KI.2.31	2
2:34	1KI.2.46	2
2:34	2KI.21.18	2
2:34	2CH.33.20	2
2:35	1KI.2.27	5
2:35	1KI.4.4	3
2:35	1CH.24.3	3
2:35	1CH.29.22	3
2:35	NUM.25.11-NUM.25.13	2
2:35	1SA.2.35	2
2:35	1CH.6.4-1CH.6.15	2
2:35	1CH.6.50-1CH.6.53	2
2:35	JOB.34.24	2
2:35	PSA.109.8	2
2:35	ACT.1.20	2
2:36	2SA.16.5-2SA.16.9	3
2:36	1KI.2.8-1KI.2.9	3
2:36	2SA.14.24	2
2:36	2SA.14.28	2
2:36	1KI.1.53	2
2:36	PRO.20.8	2
2:36	PRO.20.26	2
2:37	2SA.1.16	6
2:37	2SA.15.23	5
2:37	JOS.2.19	4
2:37	LEV.20.9	3
2:37	2KI.23.6	3
2:37	EZK.18.13	3
2:37	JHN.18.1	3
2:37	1KI.2.31	2
2:37	1KI.2.33	2
2:37	1KI.15.13	2
2:37	2CH.29.16	2
2:37	JER.31.40	2
2:38	1KI.20.4	2
2:38	2KI.20.19	2
2:39	1SA.21.10	2
2:39	1SA.27.2-1SA.27.3	2
2:40	PRO.15.27	2
2:40	LUK.12.15	2
2:40	1TI.6.10	1
2:42	1KI.2.36-1KI.2.38	2
2:42	PSA.15.4	2
2:42	LUK.15.22	2
2:42	LUK.19.22	2
2:43	2SA.21.2	2
2:43	2CH.30.12	2
2:43	ECC.8.2	2
2:43	EZK.17.18-EZK.17.19	2
2:43	ROM.13.5	2
2:44	2SA.16.5-2SA.16.13	6
2:44	1SA.25.39	4
2:44	PSA.7.16	4
2:44	EZK.17.19	4
2:44	1KI.2.32-1KI.2.33	3
2:44	PRO.5.22	3
2:44	HOS.4.9	3
2:44	JHN.8.9	3
2:44	ROM.2.15	3
2:44	1JN.3.20	3
2:45	PRO.25.5	6
2:45	2SA.7.13	2
2:45	1KI.2.24	2
2:45	1KI.2.33-1KI.2.34	2
2:45	PSA.21.6	2
2:45	PSA.72.17	2
2:45	ISA.9.6-ISA.9.7	2
2:46	1KI.2.12	5
2:46	2CH.1.1	5
2:46	1KI.2.45	2
2:46	PRO.29.4	2
3:1	1KI.9.24	5
3:1	1KI.11.1	3
3:1	2SA.5.7	2
3:1	1KI.6.1-1KI.7.15	2
3:1	1KI.9.15-1KI.9.19	2
3:1	2CH.2.1-2CH.2.4	2
3:1	2CH.8.11	2
3:1	1CH.11.7	1
3:1	2CH.18.1	1
3:1	EZR.5.11	1
3:1	EZR.9.14	0
3:2	1KI.22.43	6
3:2	2CH.33.17	5
3:2	DEU.12.2-DEU.12.5	4
3:2	LEV.26.30	3
3:2	LEV.17.3-LEV.17.6	2
3:2	1KI.5.3	2
3:2	1CH.17.4-1CH.17.6	2
3:2	1CH.28.3-1CH.28.6	2
3:2	ACT.7.47-ACT.7.49	2
3:3	1CO.8.3	7
3:3	PSA.31.23	6
3:3	DEU.6.5	5
3:3	DEU.30.16	5
3:3	DEU.10.12	3
3:3	DEU.30.6	3
3:3	DEU.30.20	3
3:3	1KI.3.6	3
3:3	1KI.3.14	3
3:3	2SA.12.24-2SA.12.25	2
3:3	1KI.2.3-1KI.2.4	2
3:3	1KI.9.4	2
3:3	1KI.11.4	2
3:3	1KI.11.6	2
3:3	1KI.11.34	2
3:3	1KI.11.38	2
3:3	1KI.15.3	2
3:3	1KI.15.14	2
3:3	1KI.22.43	2
3:3	2KI.12.3	2
3:3	2KI.14.4	2
3:3	2KI.15.4	2
3:3	2KI.15.35	2
3:3	2KI.18.4	2
3:3	2KI.18.22	2
3:3	1CH.28.8-1CH.28.9	2
3:3	2CH.17.3-2CH.17.5	2
3:3	MAT.22.37	2
3:3	MRK.12.29-MRK.12.30	2
3:3	JHN.14.15	2
3:3	JHN.14.21	2
3:3	ROM.8.28	2
3:3	JAS.1.12	2
3:3	JAS.2.5	2
3:3	1JN.4.19-1JN.4.20	2
3:3	1JN.5.2-1JN.5.3	2
3:4	1CH.16.39	6
3:4	2CH.1.3	6
3:4	2CH.7.5	6
3:4	1CH.21.29	5
3:4	2CH.1.6-2CH.1.12	5
3:4	JOS.9.3	4
3:4	ISA.40.16	4
3:4	1KI.8.63	3
3:4	2CH.29.32-2CH.29.35	3
3:4	2CH.30.24	3
3:4	JOS.10.2	2
3:4	MIC.6.6-MIC.6.7	2
3:4	1KI.9.2	1
3:5	1KI.9.2	21
3:5	JAS.1.5-JAS.1.6	21
3:5	NUM.12.6	17
3:5	2CH.1.7-2CH.1.12	16
3:5	JHN.14.13-JHN.14.14	16
3:5	MRK.10.36	13
3:5	GEN.28.12-GEN.28.13	12
3:5	MAT.2.13	11
3:5	1KI.11.9	10
3:5	MAT.2.19	7
3:5	JHN.15.16	7
3:5	JOB.33.14-JOB.33.15	6
3:5	MAT.1.20	6
3:5	MAT.7.7-MAT.7.8	6
3:5	MRK.10.38-MRK.10.51	6
3:5	MRK.11.24	5
3:5	1JN.5.14-1JN.5.15	5
3:6	1KI.9.4	7
3:6	1KI.1.48	6
3:6	1KI.2.4	5
3:6	2CO.9.11	5
3:6	2SA.7.8-2SA.7.12	4
3:6	NUM.12.7	3
3:6	2SA.7.5	3
3:6	2SA.12.7-2SA.12.8	3
3:6	2KI.20.3	3
3:6	1CH.29.12-1CH.29.14	3
3:6	PSA.15.2	3
3:6	PSA.116.7	3
3:6	PSA.119.17	3
3:6	2CO.9.5	3
3:6	2SA.22.47-2SA.22.51	2
3:6	1KI.15.5	2
3:6	PSA.13.6	2
3:6	PSA.18.20-PSA.18.24	2
3:6	PSA.78.70-PSA.78.72	2
3:7	NUM.27.17	7
3:7	1CH.29.1	7
3:7	JER.1.6	5
3:7	MAT.18.3-MAT.18.4	4
3:7	1SA.18.16	3
3:7	2SA.5.2	3
3:7	JOB.32.6-JOB.32.8	3
3:7	PSA.121.8	3
3:7	ECC.10.16	3
3:7	DAN.2.21	3
3:7	DAN.4.25	3
3:7	DAN.4.32	3
3:7	DAN.5.18	3
3:7	DAN.5.21	3
3:7	JHN.10.3-JHN.10.4	3
3:7	JHN.10.9	3
3:7	DEU.31.2	2
3:8	GEN.15.5	6
3:8	GEN.13.16	4
3:8	GEN.22.17	4
3:8	1CH.21.2	4
3:8	EXO.19.5-EXO.19.6	3
3:8	DEU.7.6-DEU.7.8	3
3:8	1SA.12.22	3
3:8	1CH.21.5-1CH.21.6	3
3:8	1CH.27.23-1CH.27.24	3
3:8	PSA.78.71	3
3:9	JAS.1.5	32
3:9	PRO.16.16	19
3:9	HEB.5.14	19
3:9	JHN.5.30	18
3:9	PRO.2.3-PRO.2.9	17
3:9	2SA.14.17	13
3:9	PRO.3.13-PRO.3.18	12
3:9	1CH.22.12	10
3:9	ISA.11.2-ISA.11.4	10
3:9	EXO.4.10-EXO.4.13	8
3:9	PSA.72.1-PSA.72.2	8
3:9	PSA.119.34	8
3:9	PSA.119.144	8
3:9	ECC.9.15-ECC.9.18	8
3:9	MAT.3.14	8
3:9	1CO.2.14-1CO.2.15	8
3:9	EPH.5.17	8
3:9	EXO.3.11-EXO.3.12	7
3:9	1CH.29.19	7
3:9	2CH.1.10	7
3:9	PRO.20.12	7
3:9	ECC.7.11	7
3:9	MAT.3.11	7
3:9	2CO.2.16	7
3:9	2CO.3.5	7
3:9	JAS.3.17	7
3:9	ECC.7.19	6
3:9	PHP.1.10	6
3:9	1KI.3.28	5
3:9	PSA.119.73	5
3:9	PRO.14.8	5
3:9	JER.1.6	5
3:10	PRO.15.8	6
3:11	1KI.3.9	7
3:11	JAS.4.2-JAS.4.3	7
3:11	PRO.16.31	6
3:11	ROM.8.26	6
3:11	PSA.4.6	4
3:11	MAT.20.21-MAT.20.22	4
3:12	1JN.5.14-1JN.5.15	25
3:12	ECC.1.16	20
3:12	MAT.12.42	17
3:12	1KI.5.12	16
3:12	1KI.3.28	14
3:12	1KI.10.23-1KI.10.24	14
3:12	2CH.2.12	12
3:12	ROM.8.26-ROM.8.27	12
3:12	ISA.65.24	11
3:12	LUK.21.15	11
3:12	1KI.2.9	9
3:12	COL.2.3	9
3:12	1KI.2.6	8
3:12	1KI.10.3-1KI.10.8	8
3:12	2CH.1.11-2CH.1.12	8
3:12	PSA.10.17	8
3:12	ECC.1.13	8
3:12	1KI.4.29-1KI.4.34	7
3:12	2CH.9.5-2CH.9.8	7
3:13	EPH.3.20	21
3:13	MAT.6.33	19
3:13	PRO.3.16	16
3:13	PSA.84.11-PSA.84.12	12
3:13	ROM.8.32	12
3:13	1KI.4.21-1KI.4.24	11
3:13	1KI.10.23-1KI.10.29	8
3:13	1CO.3.22-1CO.3.23	6
3:14	PRO.3.2	9
3:14	PSA.91.16	8
3:14	1KI.15.5	6
3:14	ZEC.3.7	6
3:14	1KI.2.3-1KI.2.4	5
3:14	1KI.3.6	5
3:14	2CH.34.2	5
3:14	PRO.3.16	5
3:14	DEU.5.16	4
3:14	1KI.9.4-1KI.9.5	4
3:14	1CH.22.12-1CH.22.13	4
3:14	1CH.28.9	4
3:14	2CH.7.17-2CH.7.19	4
3:14	2CH.17.3-2CH.17.4	4
3:14	PSA.21.4	4
3:14	PSA.132.12	4
3:14	ACT.13.22	4
3:14	DEU.25.15	3
3:14	1KI.3.3	3
3:14	2CH.29.2	3
3:14	1TI.4.8	3
3:15	GEN.41.7	5
3:15	1KI.8.65	5
3:15	EST.1.3	4
3:15	DAN.5.1	4
3:15	GEN.31.54	2
3:15	GEN.40.20	2
3:15	LEV.3.1-LEV.3.17	2
3:15	LEV.7.11-LEV.7.19	2
3:15	2SA.6.17-2SA.6.19	2
3:15	1KI.8.63	2
3:15	1CH.16.1-1CH.16.2	2
3:15	2CH.7.5	2
3:15	2CH.7.7-2CH.7.10	2
3:15	2CH.30.22-2CH.30.26	2
3:15	JER.31.26	2
3:15	MRK.6.21	2
3:16	EXO.18.16	15
3:16	JDG.11.1	2
3:16	LEV.19.29	1
3:16	NUM.27.2	1
3:16	DEU.23.17	1
3:16	JOS.2.1	1
3:17	GEN.43.20	0
3:17	ROM.13.7	0
3:20	JHN.3.20	8
3:20	JOB.24.13-JOB.24.17	4
3:20	MAT.13.25	4
3:20	PSA.139.11	3
3:21	GEN.21.7	2
3:21	1SA.1.23	2
3:21	LAM.4.3-LAM.4.4	0
3:25	PRO.25.8	5
3:26	ISA.49.15	12
3:26	JER.31.20	8
3:26	1JN.3.17	7
3:26	GEN.43.30	6
3:26	HOS.11.8	5
3:26	PHP.1.8	3
3:26	PHP.2.1	3
3:26	PSA.39.3	1
3:26	ROM.1.31	1
3:26	2TI.3.3	1
3:28	1KI.3.9-1KI.3.12	8
3:28	COL.2.3	8
3:28	DAN.2.47	7
3:28	1CO.1.24	6
3:28	ECC.7.19	5
3:28	DAN.2.21	5
3:28	PRO.24.21	4
3:28	EZR.7.25	3
3:28	EXO.14.31	2
3:28	JOS.4.14	2
3:28	1SA.12.18	2
3:28	1CH.29.24	2
3:28	PSA.72.2	2
3:28	DAN.5.11	2
3:28	1CO.1.30	2
3:28	PSA.72.4	0
4:1	2SA.5.5	2
4:1	1KI.11.13	2
4:1	1KI.11.35-1KI.11.36	2
4:1	1KI.12.19-1KI.12.20	2
4:1	1CH.12.38	2
4:1	2CH.9.30	2
4:1	ECC.1.12	2
4:2	EXO.18.21	3
4:2	1CO.12.28	3
4:2	2SA.8.15-2SA.8.18	2
4:2	2SA.20.23-2SA.20.26	2
4:2	1CH.6.8-1CH.6.10	2
4:2	1CH.27.17	2
4:3	2SA.8.16	5
4:3	2SA.20.24-2SA.20.25	2
4:3	1CH.18.6	2
4:3	1CH.18.15	2
4:3	ISA.62.6	2
4:4	1KI.2.35	8
4:4	1KI.2.26-1KI.2.27	2
4:5	2SA.15.37	3
4:5	2SA.16.16	3
4:5	1CH.27.33	3
4:5	2SA.7.2	2
4:5	2SA.8.18	2
4:5	2SA.12.1-2SA.12.15	2
4:5	2SA.12.25	2
4:5	2SA.19.37-2SA.19.38	2
4:5	2SA.20.26	2
4:5	1KI.1.10-1KI.1.53	2
4:5	1KI.4.7	2
4:5	PRO.22.11	2
4:5	JHN.13.23	2
4:5	JHN.15.14-JHN.15.15	2
4:5	JAS.2.23	2
4:6	2SA.20.24	3
4:6	1KI.9.15	3
4:6	1KI.12.18	3
4:6	1KI.5.13-1KI.5.14	2
4:7	1CH.27.1-1CH.27.15	2
4:8	JOS.24.33	3
4:8	JDG.17.1	2
4:8	JDG.19.1	2
4:9	JOS.19.42	2
4:9	JOS.21.16	2
4:9	JDG.1.35	2
4:9	1SA.6.12	2
4:9	1SA.6.20	2
4:10	JOS.12.17	4
4:10	JOS.15.35	4
4:10	JOS.17.2	2
4:11	JOS.11.2	3
4:11	JOS.12.23	2
4:11	JOS.17.11	2
4:11	JDG.1.27	1
4:12	JOS.17.11	5
4:12	JOS.3.16	4
4:12	JDG.5.19	4
4:12	1KI.19.16	4
4:12	1SA.31.10	2
4:12	1KI.7.46	2
4:12	1KI.18.46	2
4:12	2KI.23.29-2KI.23.30	2
4:12	1CH.6.68	2
4:12	1SA.31.12	1
4:13	NUM.32.41	5
4:13	DEU.3.4	5
4:13	1KI.22.3	4
4:13	DEU.3.8	2
4:13	DEU.3.13-DEU.3.14	2
4:13	DEU.4.43	2
4:13	JOS.20.8	2
4:13	JOS.21.38	2
4:13	2KI.9.1	2
4:13	2KI.9.14	2
4:13	PSA.22.12	2
4:13	PSA.68.15	2
4:14	GEN.32.2	2
4:14	JOS.13.26	2
4:14	2SA.2.8	2
4:14	2SA.17.24	2
4:14	2SA.17.27	2
4:15	JOS.19.32-JOS.19.39	2
4:15	1SA.18.18	2
4:15	2SA.15.27	2
4:15	1KI.4.11	2
4:16	JOS.19.24-JOS.19.31	1
4:16	2SA.15.32	1
4:17	JOS.19.17-JOS.19.23	2
4:18	1KI.1.8	5
4:18	JOS.18.20-JOS.18.28	2
4:18	ZEC.12.13	2
4:19	DEU.2.26-DEU.3.17	3
4:19	NUM.21.21-NUM.21.35	2
4:19	JOS.13.9-JOS.13.12	2
4:20	GEN.22.17	5
4:20	1KI.3.8	5
4:20	GEN.32.12	3
4:20	GEN.13.16	2
4:20	GEN.15.5	2
4:20	1SA.30.16	2
4:20	1CH.12.39	2
4:20	JOB.1.18	2
4:20	PSA.72.3-PSA.72.7	2
4:20	PRO.14.28	2
4:20	ECC.2.24	2
4:20	ISA.22.13	2
4:20	MIC.4.4	2
4:20	ZEC.3.10	2
4:20	ZEC.9.15	2
4:20	ACT.2.46	2
4:21	GEN.15.18	7
4:21	JOS.1.4	6
4:21	PSA.68.29	4
4:21	EXO.23.31	3
4:21	1KI.4.24	3
4:21	2CH.9.26-2CH.9.31	3
4:21	DEU.11.24	2
4:21	2CH.17.5	2
4:21	2CH.32.23	2
4:21	EZR.4.20	2
4:21	PSA.72.8-PSA.72.11	2
4:21	PSA.76.11	2
4:21	1SA.10.27	1
4:21	2KI.17.3	1
4:23	NEH.5.17-NEH.5.18	2
4:24	1CH.22.9	7
4:24	PSA.72.11	5
4:24	GEN.10.19	3
4:24	1KI.4.21	3
4:24	1KI.5.4	3
4:24	PSA.72.3	3
4:24	PSA.72.7-PSA.72.8	3
4:24	ISA.9.7	3
4:24	LUK.2.14	3
4:24	HEB.7.1-HEB.7.2	3
4:24	JDG.16.1	2
4:25	MIC.4.4	7
4:25	ZEC.3.10	5
4:25	JDG.20.1	3
4:25	2KI.18.31	3
4:25	JER.23.5-JER.23.6	3
4:25	JER.33.15-JER.33.16	3
4:25	2SA.17.11	2
4:25	2SA.24.15	2
4:25	ISA.60.18	2
4:25	EZK.38.11	2
4:26	2CH.1.14	5
4:26	2CH.9.25	4
4:26	2SA.8.4	3
4:26	DEU.17.16	2
4:26	1KI.10.25-1KI.10.26	2
4:26	PSA.20.7	2
4:28	EST.8.10	6
4:28	EST.8.14	5
4:28	MIC.1.13	4
4:29	1KI.3.12	12
4:29	JAS.3.17	12
4:29	1KI.4.20	8
4:29	JAS.1.5	8
4:29	ECC.2.26	7
4:29	JAS.1.17	7
4:29	2CH.1.10-2CH.1.12	6
4:29	PRO.2.6	6
4:29	ISA.60.5	6
4:29	GEN.41.49	5
4:29	1KI.3.28	5
4:29	PSA.119.34	5
4:29	JER.33.22	5
4:29	ECC.1.16	4
4:29	JDG.7.12	3
4:29	1KI.10.23-1KI.10.24	3
4:29	HAB.1.9	1
4:30	DAN.5.11-DAN.5.12	7
4:30	GEN.25.6	6
4:30	JOB.1.3	5
4:30	DAN.1.20	5
4:30	ACT.7.22	5
4:30	ISA.19.11-ISA.19.12	4
4:30	MAT.2.1	4
4:30	MAT.2.16	4
4:30	DAN.4.7	3
4:31	1CH.2.6	6
4:31	1CH.15.19	6
4:31	1KI.3.12	5
4:31	1CH.6.33	3
4:31	PSA.89.1-PSA.89.52	3
4:31	MAT.12.42	3
4:31	LUK.11.31	3
4:31	1KI.5.7	2
4:31	1KI.10.1	2
4:31	1KI.10.6	2
4:31	1CH.15.17	2
4:31	2CH.9.23	2
4:31	PSA.88.1	2
4:31	MAT.4.24	2
4:31	COL.2.3	2
4:33	2KI.19.23	3
4:33	PSA.51.7	3
4:33	PSA.92.12	3
4:33	GEN.1.20-GEN.1.25	2
4:33	EXO.12.22	2
4:33	NUM.19.18	2
4:33	NUM.24.6	2
4:33	HEB.9.19	2
4:34	2CH.9.23	7
4:34	1KI.10.1	6
4:34	2CH.9.1	1
4:34	ISA.2.2	1
4:34	ZEC.8.23	1
5:1	1CH.14.1	11
5:1	2SA.5.11	8
5:1	1KI.5.10	8
5:1	2CH.2.3	8
5:1	PSA.45.12	6
5:1	1KI.5.13	3
5:1	1KI.9.12-1KI.9.14	3
5:1	AMO.1.9	3
5:1	2SA.8.10	2
5:1	2SA.10.1-2SA.10.2	1
5:2	2CH.2.3	3
5:3	1CH.28.3	8
5:3	1CH.22.8	5
5:3	PSA.110.1	4
5:3	1CH.22.4-1CH.22.6	3
5:3	PSA.8.6	3
5:3	1CO.15.25	3
5:3	JOS.10.24	2
5:3	2SA.7.5-2SA.7.11	2
5:3	2CH.6.6-2CH.6.8	2
5:3	MAL.4.3	2
5:3	EPH.1.22	1
5:4	1CH.22.9	12
5:4	1KI.4.24	6
5:4	ACT.9.31	4
5:4	PSA.72.7	3
5:4	ISA.9.7	3
5:5	1CH.17.12	7
5:5	1CH.22.10	7
5:5	2SA.7.12-2SA.7.13	6
5:5	1CH.28.6	5
5:5	1CH.28.10	4
5:5	ZEC.6.12-ZEC.6.13	3
5:5	2CH.2.1-2CH.2.8	1
5:6	2CH.2.8	3
5:6	GEN.10.15	2
5:6	1KI.6.9-1KI.6.10	2
5:6	1KI.6.16	2
5:6	1KI.6.20	2
5:6	2CH.2.10	2
5:6	EZR.3.7	2
5:6	PSA.29.5	2
5:6	ROM.12.17	2
5:6	1CO.12.14-1CO.12.21	2
5:6	EPH.4.7	2
5:6	PHP.4.8	2
5:7	PRO.23.24	3
5:7	ISA.9.6	3
5:7	GEN.33.5	2
5:7	1KI.1.48	2
5:7	1KI.3.9	2
5:7	1KI.10.9	2
5:7	2CH.2.11-2CH.2.12	2
5:7	2CH.9.7-2CH.9.8	2
5:7	PSA.122.6-PSA.122.7	2
5:7	PSA.137.6	2
5:7	PRO.10.1	2
5:7	PRO.13.1	2
5:7	PRO.15.20	2
5:7	ISA.8.18	2
5:8	2SA.6.5	2
5:8	1KI.6.15	2
5:8	1KI.6.34	2
5:8	2CH.3.5	2
5:9	EZR.3.7	6
5:9	EZK.27.17	6
5:9	2CH.2.16	4
5:9	ACT.12.20	4
5:9	DEU.3.25	2
5:9	2CH.1.15	2
5:11	2CH.2.10	3
5:11	1KI.4.22	2
5:12	1KI.3.12	7
5:12	AMO.1.9	4
5:12	GEN.21.32	3
5:12	1KI.15.19	3
5:12	2CH.1.12	3
5:12	JAS.1.5	3
5:12	1KI.4.29	2
5:13	1KI.9.15	5
5:13	1KI.4.6	4
5:14	1KI.4.6-1KI.4.19	2
5:14	1CH.27.1-1CH.27.15	2
5:15	1KI.9.20-1KI.9.22	4
5:15	2CH.2.17-2CH.2.18	3
5:15	2CH.8.7-2CH.8.9	2
5:15	EZR.2.58	2
5:15	NEH.7.57	2
5:15	NEH.7.60	2
5:16	1KI.9.23	5
5:16	2CH.2.2	3
5:17	1KI.6.7	5
5:17	1CH.22.2	5
5:17	1KI.7.9	2
5:17	ISA.28.16	2
5:17	1CO.3.11-1CO.3.12	2
5:17	1PE.2.6-1PE.2.7	2
5:17	REV.21.14-REV.21.21	2
5:18	JOS.13.5	5
5:18	EZK.27.9	4
5:18	PSA.83.7	2
6:1	2CH.3.1-2CH.3.2	5
6:1	ACT.7.47	4
6:1	1KI.6.37	3
6:1	1CH.29.19	3
6:1	1PE.2.5	3
6:1	NUM.1.1	2
6:1	JDG.11.26	2
6:1	ZEC.6.12-ZEC.6.13	2
6:1	ZEC.6.15	2
6:1	JHN.2.19-JHN.2.21	2
6:1	1CO.6.19	2
6:1	2CO.6.16	2
6:1	EPH.2.20-EPH.2.22	2
6:1	COL.2.7	2
6:1	HEB.9.11	2
6:1	HEB.11.10	2
6:2	EZK.40.1-EZK.40.41	3
6:2	EZK.41.1-EZK.41.15	3
6:2	EZR.6.3-EZR.6.4	2
6:2	REV.21.16-REV.21.17	2
6:3	1CH.28.11	3
6:3	2CH.3.3-2CH.3.4	3
6:3	EZK.41.15	3
6:3	MAT.4.5	3
6:3	JHN.10.23	3
6:3	ACT.3.10-ACT.3.11	3
6:4	EZK.40.16	5
6:4	EZK.41.16	3
6:4	EZK.41.26	3
6:4	SNG.2.9	2
6:5	1KI.6.16	5
6:5	1KI.6.19-1KI.6.21	3
6:5	1KI.6.31	3
6:5	2CH.4.20	3
6:5	2CH.5.7	3
6:5	2CH.5.9	3
6:5	PSA.28.2	3
6:5	EXO.25.22	2
6:5	LEV.16.2	2
6:5	NUM.7.89	2
6:5	1CH.9.26	2
6:5	1CH.23.28	2
6:5	1CH.28.11	2
6:5	2CH.31.11	2
6:5	NEH.10.37	2
6:5	NEH.12.44	2
6:5	NEH.13.5-NEH.13.9	2
6:5	SNG.1.4	2
6:5	JER.35.4	2
6:5	EZK.40.44	2
6:5	EZK.41.5-EZK.41.11	2
6:5	EZK.42.3-EZK.42.12	2
6:7	DEU.27.5-DEU.27.6	9
6:7	1PE.2.5	8
6:7	EXO.20.25	4
6:7	1KI.5.17-1KI.5.18	4
6:7	PRO.24.27	4
6:7	ISA.42.2	3
6:7	ACT.9.31	3
6:7	ROM.9.23	3
6:7	2CO.5.5	3
6:7	COL.1.12	3
6:7	JAS.3.17-JAS.3.18	2
6:7	JAS.1.20	1
6:8	EZK.41.6-EZK.41.7	3
6:9	1KI.6.14	5
6:9	1KI.6.38	5
6:12	1CH.22.10	7
6:12	COL.1.23	5
6:12	2SA.7.12-2SA.7.16	3
6:12	1KI.3.14	3
6:12	1KI.9.3-1KI.9.6	3
6:12	PSA.132.12	3
6:12	1SA.12.14-1SA.12.15	2
6:12	1KI.2.3-1KI.2.4	2
6:12	1KI.8.25	2
6:12	1CH.28.9	2
6:12	2CH.7.17-2CH.7.18	2
6:12	ZEC.3.7	2
6:13	DEU.31.6	8
6:13	EXO.25.8	7
6:13	LEV.26.11	5
6:13	REV.21.3	5
6:13	HEB.13.5	4
6:13	DEU.31.8	3
6:13	1KI.8.27	3
6:13	JOS.1.5	2
6:13	1SA.12.22	2
6:13	1CH.28.9	2
6:13	1CH.28.20	2
6:13	PSA.68.18	2
6:13	PSA.132.12-PSA.132.13	2
6:13	ISA.57.15	2
6:13	EZK.37.26-EZK.37.28	2
6:13	2CO.6.16	2
6:14	1KI.6.9	5
6:14	1KI.6.38	5
6:14	ACT.7.47-ACT.7.48	2
6:15	1KI.7.7	3
6:16	1KI.8.6	5
6:16	2CH.3.8	5
6:16	LEV.16.2	4
6:16	HEB.9.3	4
6:16	EZK.45.3	3
6:16	EXO.25.21-EXO.25.22	2
6:16	EXO.26.23	2
6:16	EXO.26.33-EXO.26.34	2
6:16	1KI.6.5	2
6:16	1KI.6.19-1KI.6.20	2
6:18	1KI.7.24	3
6:19	EXO.40.20-EXO.40.21	2
6:19	1KI.6.5	2
6:19	1KI.6.16	2
6:19	1KI.8.6-1KI.8.10	2
6:19	2CH.4.20	2
6:19	2CH.5.7	2
6:19	PSA.28.2	2
6:19	HEB.9.3-HEB.9.4	2
6:20	EXO.30.1-EXO.30.3	2
6:20	1KI.6.2-1KI.6.3	2
6:20	1KI.6.22	2
6:20	1KI.7.48	2
6:21	EXO.26.29	2
6:21	EXO.26.32-EXO.26.33	2
6:21	EXO.36.34	2
6:21	1KI.6.5	2
6:21	2CH.3.7-2CH.3.9	2
6:21	2CH.3.14-2CH.3.16	2
6:22	EXO.30.1	4
6:22	EXO.30.3	4
6:22	EXO.30.5-EXO.30.6	2
6:22	1KI.6.20	2
6:22	2CH.3.7-2CH.3.14	2
6:23	EXO.37.7-EXO.37.9	5
6:23	GEN.3.24	2
6:23	EXO.25.18-EXO.25.22	2
6:23	2CH.3.10-2CH.3.13	2
6:23	PSA.18.10	2
6:23	PSA.80.1	2
6:23	ISA.37.16	2
6:23	EZK.10.2-EZK.10.22	2
6:23	HEB.1.14	2
6:23	1PE.1.12	2
6:27	EXO.25.20	5
6:27	EXO.37.9	5
6:27	2CH.5.8	4
6:27	1KI.8.7	3
6:27	2CH.3.11	2
6:29	1KI.6.32	3
6:29	EXO.36.8	2
6:29	1KI.6.18	2
6:29	2CH.3.14	2
6:29	2CH.4.2-2CH.4.5	2
6:29	PSA.92.12-PSA.92.15	2
6:29	PSA.103.20	2
6:29	PSA.148.2	2
6:29	LUK.2.13-LUK.2.14	2
6:29	EPH.3.10	2
6:29	REV.5.11-REV.5.14	2
6:29	REV.7.9	2
6:30	ISA.54.11-ISA.54.12	2
6:30	ISA.60.17	2
6:30	REV.21.18-REV.21.21	2
6:31	HEB.10.19-HEB.10.20	3
6:31	JHN.10.9	2
6:31	JHN.14.6	2
6:31	EPH.3.18	2
6:32	1KI.6.18	2
6:32	1KI.6.29	2
6:34	EZK.41.23-EZK.41.25	3
6:34	1KI.5.8	2
6:36	1KI.7.12	3
6:36	EXO.27.9-EXO.27.19	2
6:36	EXO.38.9-EXO.38.20	2
6:36	2CH.4.9	2
6:36	2CH.7.7	2
6:36	REV.11.2	2
6:37	1KI.6.1	4
6:37	2CH.3.2	2
6:38	1KI.7.1	3
6:38	EZR.3.8-EZR.3.13	3
6:38	EZR.6.14-EZR.6.15	3
6:38	ZEC.4.9	3
6:38	1KI.6.1	2
6:38	1KI.6.9	2
6:38	ZEC.6.13-ZEC.6.15	2
6:38	JHN.2.20	2
7:1	1KI.9.10	7
7:1	2CH.8.1	6
7:1	ECC.2.4-ECC.2.5	3
7:1	MAT.6.33	3
7:1	1KI.3.1	2
7:2	1KI.10.17	5
7:2	2CH.9.16	4
7:2	1KI.9.19	2
7:2	1KI.10.21	2
7:2	SNG.7.4	2
7:3	1KI.6.5	2
7:4	1KI.6.4	2
7:4	1KI.7.5	2
7:4	ISA.54.12	2
7:4	EZK.40.16	2
7:4	EZK.40.22	2
7:4	EZK.40.25	2
7:4	EZK.40.29	2
7:4	EZK.40.33	2
7:4	EZK.40.36	2
7:4	EZK.41.26	2
7:6	1KI.7.12	2
7:6	EZK.41.25-EZK.41.26	2
7:7	PSA.122.5	5
7:7	PRO.20.8	5
7:7	1KI.3.28	3
7:7	ISA.9.7	3
7:7	1KI.3.9	2
7:7	1KI.6.3	2
7:7	1KI.6.15-1KI.6.16	2
7:7	1KI.10.18-1KI.10.20	2
7:8	2CH.8.11	6
7:8	1KI.3.1	5
7:8	1KI.9.24	3
7:8	2KI.20.4	2
7:9	1KI.5.17	2
7:9	1KI.7.10-1KI.7.11	2
7:10	REV.21.19-REV.21.20	3
7:10	ISA.28.16	2
7:10	ISA.54.11	2
7:10	1CO.3.10-1CO.3.11	2
7:11	EPH.2.20-EPH.2.22	2
7:11	1PE.2.5	2
7:12	1KI.6.36	5
7:12	1KI.7.6	2
7:12	JHN.10.23	2
7:12	ACT.3.11	2
7:12	ACT.5.12	2
7:13	2CH.4.11	3
7:13	1KI.7.40	2
7:13	2CH.2.13-2CH.2.14	2
7:14	2CH.2.14	4
7:14	2CH.4.16	4
7:14	EXO.31.2-EXO.31.6	3
7:14	EXO.35.30-EXO.36.2	2
7:14	EXO.36.8	2
7:14	2CH.4.11	2
7:14	ISA.28.26	2
7:15	JER.52.21	5
7:15	1KI.7.21	4
7:15	2CH.3.15-2CH.3.17	4
7:15	1KI.7.41	2
7:15	2KI.25.16-2KI.25.17	2
7:15	2CH.4.12-2CH.4.22	2
7:15	JER.52.13	2
7:16	EXO.36.38	2
7:16	EXO.38.17	2
7:16	EXO.38.19	2
7:16	EXO.38.28	2
7:16	2CH.4.12-2CH.4.13	2
7:17	EXO.28.14	2
7:17	EXO.28.22	2
7:17	EXO.28.24-EXO.28.25	2
7:17	EXO.39.15-EXO.39.18	2
7:17	2KI.25.17	2
7:18	EXO.28.14	2
7:18	EXO.28.22	2
7:18	EXO.28.24-EXO.28.25	2
7:18	EXO.39.15-EXO.39.18	2
7:18	2KI.25.17	2
7:19	1KI.6.18	2
7:19	1KI.6.32-1KI.6.35	2
7:19	1KI.7.22	2
7:20	2CH.3.16	5
7:20	2CH.4.13	5
7:20	1KI.7.42	2
7:20	2KI.25.17	2
7:20	JER.52.22-JER.52.23	2
7:21	2CH.3.17	5
7:21	1KI.6.3	4
7:21	RUT.4.21	2
7:21	2SA.7.12	2
7:21	1KI.7.12	2
7:21	ISA.9.7	2
7:21	ISA.45.24	2
7:21	EZK.40.48-EZK.40.49	2
7:21	MAT.16.18	2
7:21	GAL.2.9	2
7:21	REV.3.12	2
7:23	2KI.25.13	5
7:23	2CH.4.2	5
7:23	JER.52.17	4
7:23	EXO.30.18-EXO.30.21	2
7:23	EXO.38.8	2
7:23	1CH.18.8	2
7:23	JER.52.20	2
7:23	2KI.16.17	1
7:24	1KI.6.18	4
7:24	2CH.4.3	3
7:24	EXO.25.31-EXO.25.36	2
7:24	EXO.37.17-EXO.37.22	2
7:25	JER.52.20	5
7:25	2CH.4.4-2CH.4.5	4
7:25	EZK.1.10	2
7:25	MAT.28.19	2
7:25	MRK.16.15-MRK.16.16	2
7:25	LUK.24.47	2
7:25	1CO.9.9	2
7:25	REV.4.6-REV.4.7	2
7:26	2CH.4.5	4
7:26	1KI.6.18	2
7:26	1KI.6.32	2
7:26	1KI.6.35	2
7:26	1KI.7.19	2
7:26	1KI.7.38	2
7:26	JER.52.21	2
7:26	EZK.45.14	2
7:27	2CH.4.14	5
7:27	2KI.25.13	4
7:27	JER.52.17	3
7:27	1KI.7.38	2
7:27	2KI.25.16	2
7:27	JER.52.20	2
7:29	GEN.3.24	2
7:29	EXO.25.18	2
7:29	EXO.37.7	2
7:29	1KI.6.27	2
7:29	1KI.7.25	2
7:29	EZK.1.10	2
7:29	EZK.10.14	2
7:29	EZK.41.18-EZK.41.19	2
7:29	HOS.5.14	2
7:29	HEB.9.5	2
7:29	1PE.2.5	2
7:29	REV.4.6-REV.4.7	2
7:29	REV.5.5	2
7:30	EZK.1.15-EZK.1.21	2
7:30	EZK.3.13	2
7:30	EZK.10.10-EZK.10.13	2
7:33	EZK.1.16	3
7:33	EZK.1.18	3
7:36	1KI.7.29	3
7:36	1KI.6.29	2
7:36	1KI.6.32	2
7:36	1KI.6.35	2
7:36	EZK.40.31	2
7:36	EZK.40.37	2
7:36	EZK.41.18-EZK.41.20	2
7:36	EZK.41.25-EZK.41.26	2
7:38	EXO.30.17-EXO.30.21	2
7:38	EXO.30.28	2
7:38	EXO.38.8	2
7:38	EXO.40.11-EXO.40.12	2
7:38	2CH.4.6-2CH.4.22	2
7:38	ZEC.13.1	2
7:38	HEB.9.10	2
7:38	HEB.10.22	2
7:38	1JN.1.7	2
7:38	REV.7.14	2
7:39	2CH.4.6	2
7:39	2CH.4.10	2
7:40	2CH.4.11-2CH.4.16	3
7:40	EXO.24.6	2
7:40	EXO.39.32-EXO.39.43	2
7:40	1KI.7.28	2
7:40	2KI.25.14-2KI.25.15	2
7:40	2CH.4.8	2
7:40	JER.52.18-JER.52.19	2
7:41	1KI.7.15-1KI.7.22	2
7:41	2CH.4.12	2
7:42	1KI.7.20	3
7:44	1KI.7.23	2
7:44	1KI.7.25	2
7:45	EXO.27.3	5
7:45	EXO.38.3	3
7:45	2CH.4.16	3
7:45	LEV.8.31	2
7:45	1SA.2.13-1SA.2.14	2
7:45	EZK.46.20-EZK.46.24	2
7:45	ZEC.14.21	2
7:46	JOS.3.16	5
7:46	GEN.33.17	4
7:46	2CH.4.17	4
7:46	JOS.13.27	3
7:46	1KI.4.12	2
7:47	1CH.22.14	4
7:47	1CH.22.3	3
7:47	1CH.22.16	2
7:47	2CH.4.18	2
7:48	EXO.37.10-EXO.37.16	4
7:48	EXO.39.36	4
7:48	2CH.4.8	4
7:48	EXO.25.23-EXO.25.30	2
7:48	EXO.30.1-EXO.30.5	2
7:48	EXO.37.25-EXO.37.29	2
7:48	EXO.39.38	2
7:48	EXO.40.22-EXO.40.23	2
7:48	EXO.40.26	2
7:48	LEV.24.5-LEV.24.9	2
7:48	2CH.4.19	2
7:48	EZK.40.39	2
7:48	EZK.40.42	2
7:48	EZK.41.22	2
7:48	MAL.1.12	2
7:48	1CO.10.21	2
7:48	EZK.44.16	1
7:49	2CH.4.7	3
7:49	EXO.25.31-EXO.25.40	2
7:49	EXO.37.17-EXO.37.24	2
7:49	EXO.39.37	2
7:49	EXO.40.24-EXO.40.25	2
7:49	NUM.4.9	2
7:49	2CH.4.20	2
7:49	ZEC.4.1-ZEC.4.3	2
7:49	ZEC.4.11-ZEC.4.14	2
7:49	MAT.5.14-MAT.5.16	2
7:49	REV.1.20-REV.2.1	2
7:50	EXO.25.29	2
7:50	EXO.27.3	2
7:50	LEV.16.12	2
7:50	NUM.7.86	2
7:50	2CH.4.21-2CH.4.22	2
7:51	2CH.5.1	5
7:51	2SA.8.7-2SA.8.11	3
7:51	EXO.40.33	2
7:51	1CH.18.7-1CH.18.8	2
7:51	1CH.18.10-1CH.18.11	2
7:51	1CH.26.26-1CH.26.28	2
7:51	1CH.28.11-1CH.28.18	2
7:51	1CH.29.2-1CH.29.8	2
7:51	EZR.6.15	2
7:51	ZEC.4.9	2
8:1	2CH.5.2-2CH.5.10	5
8:1	1CH.15.25	4
8:1	2SA.6.12-2SA.6.17	3
8:1	NUM.7.2-NUM.7.3	2
8:1	JOS.23.2	2
8:1	JOS.24.1	2
8:1	2SA.5.7-2SA.5.9	2
8:1	2SA.6.1-2SA.6.2	2
8:1	2SA.6.6	2
8:1	1KI.3.15	2
8:1	1CH.11.7	2
8:1	1CH.13.1-1CH.13.5	2
8:1	1CH.15.3	2
8:1	1CH.15.29-1CH.16.1	2
8:1	1CH.28.1	2
8:1	2CH.30.1	2
8:1	EZR.3.1	2
8:1	PSA.9.11	2
8:1	PSA.102.21	2
8:1	ISA.28.16	2
8:1	ISA.46.13	2
8:1	1PE.2.6	2
8:2	LEV.23.34	5
8:2	2CH.7.8-2CH.7.10	4
8:2	NUM.29.12-NUM.29.40	2
8:2	DEU.16.13	2
8:2	1KI.8.65	2
8:2	2CH.5.3	2
8:2	EZR.3.4	2
8:2	NEH.8.14-NEH.8.18	2
8:2	ZEC.14.16-ZEC.14.19	2
8:2	JHN.7.2	2
8:2	JHN.7.37	2
8:3	DEU.31.9	4
8:3	JOS.3.6	4
8:3	NUM.4.15	3
8:3	JOS.3.3	3
8:3	NUM.7.9	2
8:3	JOS.3.14-JOS.3.15	2
8:3	JOS.4.9	2
8:3	JOS.6.6	2
8:3	1CH.15.2	2
8:3	1CH.15.11-1CH.15.15	2
8:3	2CH.5.5-2CH.5.8	2
8:4	1KI.3.4	5
8:4	2CH.1.3	5
8:4	EXO.40.2-EXO.40.33	2
8:5	2SA.6.13	5
8:5	1KI.8.62-1KI.8.63	2
8:5	1CH.16.1	2
8:6	2SA.6.17	4
8:6	1KI.6.19	4
8:6	1KI.6.27	4
8:6	EXO.26.33-EXO.26.34	3
8:6	EXO.25.20-EXO.25.22	2
8:6	EXO.37.9	2
8:6	EXO.40.20-EXO.40.21	2
8:6	1SA.4.4	2
8:6	2SA.6.2	2
8:6	1KI.8.4	2
8:6	2CH.5.7	2
8:6	PSA.80.1	2
8:6	PSA.99.1	2
8:6	ISA.37.16	2
8:6	EZK.10.5	2
8:8	EXO.25.13-EXO.25.15	3
8:8	EXO.37.4-EXO.37.5	3
8:8	EXO.40.20	2
8:8	JOS.4.9	2
8:8	2CH.5.9	2
8:8	MAT.28.15	2
8:9	EXO.25.21	10
8:9	HEB.9.4	8
8:9	EXO.40.20	5
8:9	DEU.10.2-DEU.10.5	4
8:9	EXO.34.27-EXO.34.28	3
8:9	DEU.4.13	3
8:9	2CH.5.10	3
8:9	2CH.7.1-2CH.7.3	3
8:9	EXO.13.21	2
8:9	EXO.14.24	2
8:9	EXO.16.10	2
8:9	EXO.16.33	2
8:9	EXO.24.7-EXO.24.8	2
8:9	EXO.24.16-EXO.24.18	2
8:9	EXO.40.34-EXO.40.35	2
8:9	LEV.16.2	2
8:9	NUM.9.15	2
8:9	NUM.17.10	2
8:9	DEU.31.26	2
8:9	1KI.8.21	2
8:9	2CH.5.13-2CH.5.14	2
8:9	EZK.10.4	2
8:9	REV.15.8	2
8:10	EXO.40.34-EXO.40.35	8
8:10	2CH.7.1-2CH.7.2	8
8:11	EZK.43.4-EZK.43.5	5
8:11	EZK.44.4	5
8:11	LEV.9.23	4
8:11	2CO.3.18	4
8:11	2CO.4.6	4
8:11	EZK.43.2	3
8:11	JHN.1.14	3
8:11	REV.21.23	3
8:11	LEV.9.6	2
8:11	ACT.7.55	2
8:11	REV.21.11	2
8:12	PSA.97.2	13
8:12	2CH.6.1-2CH.6.11	11
8:12	LEV.16.2	9
8:12	ISA.45.15	8
8:12	EXO.20.21	7
8:12	PSA.18.8-PSA.18.11	7
8:12	HEB.12.18	6
8:12	DEU.4.11	5
8:12	DEU.5.22	4
8:13	2SA.7.13	4
8:13	EXO.15.17	3
8:13	PSA.132.13-PSA.132.14	3
8:13	HEB.9.24	3
8:13	1CH.17.12	2
8:13	1CH.22.10-1CH.22.11	2
8:13	1CH.28.6	2
8:13	1CH.28.10	2
8:13	1CH.28.20	2
8:13	2CH.6.2	2
8:13	PSA.78.68-PSA.78.69	2
8:13	JHN.4.21-JHN.4.23	2
8:13	ACT.6.14	2
8:13	HEB.8.5-HEB.8.13	2
8:13	HEB.9.11-HEB.9.12	2
8:14	2SA.6.18	5
8:14	JOS.22.6	2
8:14	1KI.8.55-1KI.8.56	2
8:14	1CH.16.2	2
8:14	2CH.6.3	2
8:14	2CH.7.6	2
8:14	2CH.30.18-2CH.30.20	2
8:14	NEH.8.7	2
8:14	NEH.9.2	2
8:14	PSA.118.26	2
8:14	MAT.13.2	2
8:14	LUK.24.50-LUK.24.51	2
8:15	LUK.1.68	6
8:15	1CH.29.10	4
8:15	1CH.29.20	4
8:15	NEH.9.5	4
8:15	JOS.21.45	3
8:15	2CH.6.4	3
8:15	PSA.115.18	3
8:15	LUK.1.70	3
8:15	JOS.23.15-JOS.23.16	2
8:15	2SA.7.5	2
8:15	2SA.7.12-2SA.7.13	2
8:15	2SA.7.25	2
8:15	2SA.7.28-2SA.7.29	2
8:15	1CH.17.12	2
8:15	2CH.20.26	2
8:15	PSA.41.13	2
8:15	PSA.72.18-PSA.72.19	2
8:15	PSA.117.1-PSA.117.2	2
8:15	PSA.138.2	2
8:15	ISA.1.20	2
8:15	MAT.24.35	2
8:15	LUK.1.54-LUK.1.55	2
8:15	LUK.1.72	2
8:15	EPH.1.3	2
8:15	1PE.1.3	2
8:16	1SA.16.1	6
8:16	DEU.12.11	5
8:16	2SA.7.4-2SA.7.8	5
8:16	1KI.8.29	5
8:16	1CH.28.4	5
8:16	1CH.17.5-1CH.17.6	4
8:16	PSA.132.13	4
8:16	1KI.11.36	3
8:16	2CH.6.5-2CH.6.11	3
8:16	PSA.78.70	3
8:16	PSA.89.19-PSA.89.20	3
8:16	JER.7.12	3
8:16	DEU.12.5	2
8:16	2KI.23.27	2
8:16	NEH.1.9	2
8:17	2SA.7.2-2SA.7.3	5
8:17	1CH.17.1-1CH.17.15	2
8:17	1CH.22.7	2
8:17	1CH.28.2	2
8:18	2CH.6.7-2CH.6.9	4
8:18	2CO.8.12	1
8:19	2SA.7.5	5
8:19	1CH.22.8-1CH.22.10	5
8:19	2SA.7.12-2SA.7.13	4
8:19	1CH.17.11-1CH.17.12	4
8:19	1CH.28.6	4
8:19	1KI.5.3-1KI.5.5	3
8:19	1CH.17.4	3
8:20	1CH.28.5-1CH.28.6	4
8:20	1KI.8.15	2
8:20	NEH.9.8	2
8:20	ISA.9.7	2
8:20	JER.29.10-JER.29.11	2
8:20	EZK.12.25	2
8:20	EZK.37.14	2
8:20	MIC.7.20	2
8:20	ROM.4.21	2
8:20	PHP.1.6	2
8:21	DEU.31.26	5
8:21	1KI.8.9	5
8:21	1KI.8.5-1KI.8.6	3
8:21	EXO.34.28	2
8:21	DEU.9.9	2
8:21	DEU.9.11	2
8:22	EZR.9.5	5
8:22	EXO.9.33	4
8:22	1KI.8.54	4
8:22	EXO.9.29	3
8:22	ISA.1.15	3
8:22	2KI.11.14	2
8:22	2KI.23.3	2
8:22	2CH.6.12-2CH.6.42	2
8:22	JOB.11.13	2
8:22	PSA.28.2	2
8:22	PSA.63.4	2
8:22	1TI.2.8	2
8:23	2SA.7.22	11
8:23	DEU.7.9	10
8:23	DAN.9.4	9
8:23	NEH.1.5	8
8:23	1SA.2.2	5
8:23	NEH.9.32	5
8:23	EXO.15.11	4
8:23	PSA.89.3-PSA.89.8	3
8:23	PSA.113.5	3
8:23	ISA.40.25	3
8:23	JER.10.6	3
8:23	JER.10.16	3
8:23	LUK.1.72	3
8:23	GEN.17.1	2
8:23	GEN.33.20	2
8:23	EXO.3.15	2
8:23	1KI.2.4	2
8:23	1KI.3.6	2
8:23	1KI.6.12	2
8:23	2KI.20.3	2
8:23	PSA.35.10	2
8:23	PSA.86.8	2
8:23	ISA.40.18	2
8:23	MIC.7.18-MIC.7.20	1
8:24	2SA.7.16	5
8:24	2SA.7.12	2
8:24	1KI.8.15	2
8:24	2CH.6.14-2CH.6.15	1
8:25	1KI.2.4	12
8:25	2CH.6.16-2CH.6.17	5
8:25	1KI.9.4-1KI.9.6	4
8:25	JER.33.17-JER.33.26	4
8:25	2SA.7.27-2SA.7.29	3
8:25	LUK.1.68-LUK.1.72	3
8:25	1CH.17.23-1CH.17.27	2
8:25	1CH.28.9	2
8:26	2SA.7.25-2SA.7.29	6
8:26	1KI.8.23	5
8:26	PSA.41.13	5
8:26	PSA.119.49	5
8:26	ISA.41.17	5
8:26	EXO.24.10	4
8:26	1SA.1.17	4
8:26	2CH.1.9	4
8:26	ISA.45.3	4
8:26	JER.11.5	4
8:26	EZK.36.36-EZK.36.37	4
8:27	ISA.66.1	19
8:27	2CH.2.6	18
8:27	JER.23.24	18
8:27	2CH.6.18	15
8:27	ACT.7.48-ACT.7.49	13
8:27	PSA.139.7-PSA.139.16	12
8:27	DEU.10.14	10
8:27	JHN.1.14	9
8:27	PSA.113.4	8
8:27	ACT.17.24	6
8:27	1JN.3.1	5
8:27	2CO.12.2	4
8:27	2CO.6.16	2
8:28	LUK.18.1	3
8:28	2CH.6.19	2
8:28	PSA.4.1	2
8:28	PSA.5.1	2
8:28	PSA.86.3	2
8:28	PSA.88.1-PSA.88.2	2
8:28	PSA.141.2	2
8:28	DAN.9.17-DAN.9.19	2
8:28	LUK.18.7	2
8:28	PSA.86.6-PSA.86.7	1
8:29	2CH.6.20	5
8:29	2CH.7.15-2CH.7.16	5
8:29	DEU.12.11	4
8:29	1KI.8.16	4
8:29	NEH.1.6	4
8:29	2KI.23.27	3
8:29	2CH.6.5-2CH.6.6	3
8:29	2CH.33.4	3
8:29	NEH.1.9	3
8:29	DAN.6.10	3
8:29	DAN.9.18	3
8:29	EXO.20.24	2
8:29	DEU.16.2	2
8:29	DEU.16.6	2
8:29	DEU.26.2	2
8:29	1KI.8.43	2
8:29	1KI.8.52	2
8:29	1KI.11.36	2
8:29	2KI.19.16	2
8:29	2KI.21.4	2
8:29	2KI.21.7	2
8:29	2CH.6.40	2
8:29	2CH.16.9	2
8:29	2CH.20.8	2
8:29	2CH.33.7	1
8:29	PSA.34.15	1
8:29	JHN.14.13-JHN.14.14	1
8:30	1KI.8.34	5
8:30	1KI.8.36	5
8:30	1KI.8.39	5
8:30	DAN.9.19	4
8:30	PSA.130.3-PSA.130.4	3
8:30	ECC.5.2	3
8:30	ISA.57.15	3
8:30	1KI.8.43	2
8:30	1KI.8.49	2
8:30	2CH.6.21	2
8:30	2CH.20.8-2CH.20.9	2
8:30	NEH.1.5-NEH.1.6	2
8:30	PSA.33.13-PSA.33.14	2
8:30	PSA.85.2	2
8:30	PSA.113.5-PSA.113.6	2
8:30	PSA.123.1	2
8:30	MAT.6.9	2
8:30	MAT.6.12	2
8:30	2CH.7.14	1
8:31	EXO.22.8-EXO.22.11	3
8:31	LEV.5.1	2
8:31	NUM.5.16-NUM.5.22	2
8:31	2CH.6.22-2CH.6.23	2
8:31	PRO.30.9	2
8:32	DEU.25.1	6
8:32	EXO.34.7	3
8:32	ISA.3.10-ISA.3.11	3
8:32	EZK.18.13	3
8:32	EZK.18.20	3
8:32	ROM.2.6-ROM.2.10	3
8:32	EXO.23.7	2
8:32	NUM.5.27	2
8:32	PRO.1.31	2
8:32	PRO.17.15	2
8:32	EZK.18.30	2
8:32	ROM.2.13	2
8:32	ROM.7.9	2
8:33	LEV.26.17	6
8:33	DEU.28.25	5
8:33	LEV.26.25	4
8:33	LEV.26.39-LEV.26.42	4
8:33	DEU.28.48	4
8:33	2CH.6.24-2CH.6.25	4
8:33	JON.3.10	4
8:33	JOS.7.8	3
8:33	JOS.7.11-JOS.7.12	3
8:33	JDG.6.1-JDG.6.2	3
8:33	2KI.18.11-2KI.18.12	3
8:33	2CH.36.14-2CH.36.17	3
8:33	EZR.9.5-EZR.9.15	3
8:33	NEH.9.1-NEH.9.5	3
8:33	PSA.44.10	3
8:33	DAN.9.3-DAN.9.19	3
8:33	2KI.17.7-2KI.17.18	2
8:33	ISA.63.15-ISA.64.12	2
8:33	NEH.1.8-NEH.1.9	1
8:34	DAN.9.19	3
8:34	GEN.13.15	2
8:34	EXO.6.8	2
8:34	JOS.21.43	2
8:34	1KI.8.30	2
8:34	EZR.1.1-EZR.1.6	2
8:34	PSA.106.47	2
8:34	JER.31.4-JER.31.9	2
8:34	JER.31.27	2
8:34	JER.32.37	2
8:34	JER.33.10-JER.33.13	2
8:34	DAN.9.12	2
8:34	AMO.7.2	2
8:34	DAN.9.25	1
8:35	LEV.26.19	4
8:35	DEU.11.17	4
8:35	1KI.8.33	4
8:35	2SA.24.13	3
8:35	LUK.4.25	3
8:35	REV.11.6	3
8:35	DEU.28.12	2
8:35	DEU.28.23-DEU.28.24	2
8:35	1KI.8.29-1KI.8.30	2
8:35	1KI.17.1	2
8:35	2CH.6.24	2
8:35	2CH.6.26	2
8:35	ISA.1.15-ISA.1.16	2
8:35	ISA.9.13	2
8:35	JER.14.1-JER.14.7	2
8:35	EZK.14.13	2
8:35	EZK.18.30-EZK.18.32	2
8:35	HOS.14.1	2
8:35	JOL.1.13-JOL.1.20	2
8:35	JOL.2.15-JOL.2.17	2
8:35	MAL.3.10	2
8:35	ROM.10.9	2
8:35	ROM.15.9	2
8:36	1SA.12.23	5
8:36	PSA.27.11	5
8:36	JER.6.16	4
8:36	1KI.18.1	3
8:36	1KI.18.45	3
8:36	PSA.25.4-PSA.25.5	3
8:36	PSA.94.12	3
8:36	JER.14.22	3
8:36	1KI.18.27-1KI.18.40	2
8:36	2CH.6.26-2CH.6.27	2
8:36	PSA.5.8	2
8:36	PSA.25.8	2
8:36	PSA.25.12	2
8:36	PSA.32.8	2
8:36	PSA.68.9	2
8:36	PSA.86.11	2
8:36	PSA.119.33	2
8:36	PSA.143.8	2
8:36	ISA.30.21	2
8:36	ISA.35.8	2
8:36	JER.42.3	2
8:36	MIC.4.2	2
8:36	MAT.22.16	2
8:36	JAS.5.17-JAS.5.18	2
8:37	DEU.28.21-DEU.28.22	5
8:37	LEV.26.16	4
8:37	DEU.28.38-DEU.28.42	3
8:37	2CH.20.9	3
8:37	LEV.26.25-LEV.26.46	2
8:37	DEU.28.25	2
8:37	DEU.28.52-DEU.28.61	2
8:37	2KI.6.25-2KI.6.29	2
8:37	1CH.21.12	2
8:37	2CH.6.28-2CH.6.31	2
8:37	PSA.105.34-PSA.105.35	2
8:37	JER.32.2	2
8:37	JER.39.1-JER.39.3	2
8:37	EZK.14.21	2
8:37	JOL.1.4-JOL.1.7	2
8:37	JOL.2.25-JOL.2.26	2
8:38	1KI.8.22	4
8:38	PSA.73.21-PSA.73.22	4
8:38	AMO.7.1-AMO.7.6	4
8:38	PHP.4.6	4
8:38	2CH.20.5-2CH.20.13	3
8:38	PSA.42.6	3
8:38	PSA.42.9	3
8:38	PSA.42.11	3
8:38	PSA.50.15	3
8:38	PSA.91.15	3
8:38	PSA.142.3-PSA.142.5	3
8:38	PRO.14.10	3
8:38	ISA.1.15	3
8:38	ISA.37.4	3
8:38	ISA.37.15-ISA.37.21	3
8:38	JOL.2.17	3
8:38	2CH.6.29	2
8:38	JOB.7.11	2
8:38	PSA.32.3-PSA.32.4	2
8:38	ROM.7.24	1
8:39	1CH.28.9	9
8:39	JER.17.10	8
8:39	1SA.16.7	6
8:39	ACT.1.24	6
8:39	1KI.8.32	3
8:39	1KI.8.36	3
8:39	2CH.6.30	3
8:39	PSA.11.4-PSA.11.5	3
8:39	PSA.18.20-PSA.18.26	3
8:39	PSA.28.4	3
8:39	JER.32.19	3
8:39	JHN.2.24-JHN.2.25	3
8:39	JHN.21.17	3
8:39	HEB.4.12-HEB.4.13	3
8:39	REV.2.23	3
8:39	REV.22.12	3
8:39	EZK.18.30	2
8:40	PSA.130.4	4
8:40	REV.19.5	4
8:40	GEN.22.12	2
8:40	EXO.20.20	2
8:40	DEU.6.2	2
8:40	DEU.6.13	2
8:40	1SA.12.24	2
8:40	PSA.115.13	2
8:40	JER.32.39-JER.32.40	2
8:40	HOS.3.5	2
8:40	ACT.10.2	2
8:40	HEB.12.28	2
8:40	REV.15.4	2
8:40	ACT.9.31	1
8:41	1KI.10.1-1KI.10.2	4
8:41	EXO.18.8-EXO.18.12	3
8:41	ISA.56.3-ISA.56.7	3
8:41	ACT.8.27-ACT.8.40	3
8:41	RUT.1.16	2
8:41	RUT.2.11	2
8:41	2KI.5.1-2KI.5.7	2
8:41	2KI.5.16-2KI.5.17	2
8:41	2CH.6.32	2
8:41	ISA.60.1-ISA.60.10	2
8:41	MAT.2.1	2
8:41	MAT.8.5	2
8:41	MAT.8.10-MAT.8.11	2
8:41	MAT.12.42	2
8:41	MAT.15.22-MAT.15.28	2
8:41	LUK.17.18	2
8:41	JHN.12.20	2
8:41	ACT.10.1-ACT.10.4	2
8:42	DEU.3.24	6
8:42	EXO.3.13-EXO.3.16	2
8:42	EXO.3.19	2
8:42	EXO.9.15	2
8:42	EXO.13.14	2
8:42	EXO.15.14	2
8:42	EXO.34.5-EXO.34.7	2
8:42	DEU.4.6	2
8:42	DEU.4.34	2
8:42	DEU.11.2-DEU.11.3	2
8:42	JOS.2.10-JOS.2.11	2
8:42	JOS.7.9	2
8:42	JOS.9.9-JOS.9.10	2
8:42	2KI.17.36	2
8:42	2CH.32.31	2
8:42	PSA.86.8-PSA.86.9	2
8:42	PSA.89.13	2
8:42	PSA.136.12	2
8:42	ISA.51.9	2
8:42	ISA.63.12	2
8:42	ISA.66.19-ISA.66.20	2
8:42	JER.3.19	2
8:42	JER.31.11	2
8:42	JER.32.17	2
8:42	EZK.20.9	2
8:42	DAN.2.47	2
8:42	DAN.3.28	2
8:42	DAN.4.37	2
8:42	ZEC.14.16	2
8:42	ACT.8.27	2
8:43	1SA.17.46	4
8:43	PSA.86.9	4
8:43	PSA.102.15	4
8:43	2KI.19.19	3
8:43	PSA.22.27	3
8:43	PSA.67.2	3
8:43	ISA.11.9	3
8:43	JOS.4.24	2
8:43	2CH.6.33	2
8:43	PSA.72.10-PSA.72.11	2
8:43	PSA.117.1-PSA.117.2	2
8:43	REV.11.15	2
8:44	2CH.6.34	11
8:44	PSA.78.67-PSA.78.69	4
8:44	1KI.8.16	3
8:44	PSA.132.13-PSA.132.14	3
8:44	DAN.9.17-DAN.9.19	3
8:44	NUM.31.1-NUM.31.12	2
8:44	DEU.20.1-DEU.20.4	2
8:44	DEU.31.3-DEU.31.6	2
8:44	JOS.1.2-JOS.1.5	2
8:44	JOS.6.2-JOS.6.5	2
8:44	JOS.8.1-JOS.8.2	2
8:44	JDG.1.1-JDG.1.2	2
8:44	JDG.4.6	2
8:44	JDG.6.14	2
8:44	1SA.15.3	2
8:44	1SA.15.18	2
8:44	1SA.30.8	2
8:44	2SA.5.19	2
8:44	2SA.5.23	2
8:44	2CH.14.9-2CH.14.12	2
8:44	2CH.18.31	2
8:44	2CH.20.6-2CH.20.13	2
8:44	2CH.32.20	2
8:45	GEN.18.25	1
8:45	PSA.9.4	1
8:46	ECC.7.20	11
8:46	PRO.20.9	9
8:46	ISA.53.6	6
8:46	ISA.64.6	6
8:46	ROM.3.23	6
8:46	1JN.1.8-1JN.1.10	6
8:46	PSA.130.3	5
8:46	JAS.3.2	4
8:46	LEV.26.34-LEV.26.39	3
8:46	DEU.28.36	3
8:46	2KI.17.6	3
8:46	2KI.17.18	3
8:46	DEU.4.26-DEU.4.27	2
8:46	DEU.28.64-DEU.28.68	2
8:46	DEU.29.28	2
8:46	2KI.17.23	2
8:46	2KI.25.21	2
8:46	2CH.6.36	2
8:46	JOB.14.4	2
8:46	JOB.15.14-JOB.15.16	2
8:46	PSA.19.12	2
8:46	PSA.143.2	2
8:46	DAN.9.7-DAN.9.14	2
8:46	LUK.21.24	2
8:46	ROM.3.19	2
8:46	GAL.3.22	2
8:47	PSA.106.6	5
8:47	EZR.9.6-EZR.9.7	3
8:47	NEH.1.6-NEH.1.11	3
8:47	NEH.9.26-NEH.9.30	3
8:47	LEV.26.40-LEV.26.45	2
8:47	DEU.4.29-DEU.4.31	2
8:47	DEU.30.1-DEU.30.2	2
8:47	2CH.33.12-2CH.33.13	2
8:47	2CH.6.37	1
8:47	JOB.33.27-JOB.33.28	1
8:47	ISA.64.6-ISA.64.12	1
8:47	JER.31.18-JER.31.20	1
8:47	EZK.16.61	1
8:47	EZK.16.63	1
8:47	EZK.18.28	1
8:47	DAN.9.5-DAN.9.11	1
8:47	HAG.1.7	1
8:47	ZEC.12.10	1
8:47	LUK.15.17-LUK.15.18	1
8:48	DAN.6.10	6
8:48	DEU.4.29	5
8:48	JER.29.12-JER.29.14	5
8:48	1SA.7.3-1SA.7.4	3
8:48	NEH.1.9	3
8:48	JON.2.4	3
8:48	DEU.6.5-DEU.6.6	2
8:48	JDG.10.15-JDG.10.16	2
8:48	1KI.8.29-1KI.8.30	2
8:48	PSA.119.2	2
8:48	PSA.119.10	2
8:48	PSA.119.145	2
8:48	PRO.23.26	2
8:48	ISA.55.6-ISA.55.7	2
8:48	JER.3.10	2
8:48	JER.24.7	2
8:48	DAN.9.13	2
8:48	HOS.14.1-HOS.14.2	2
8:48	ACT.8.36	2
8:48	ROM.10.10	2
8:49	1KI.8.45	2
8:49	2KI.19.19	2
8:49	ZEC.1.15-ZEC.1.16	2
8:50	PSA.106.46	6
8:50	2CH.30.9	4
8:50	ACT.7.10	3
8:50	EZR.7.6	2
8:50	EZR.7.27-EZR.7.28	2
8:50	NEH.1.11	2
8:50	NEH.2.4-NEH.2.8	2
8:50	PRO.16.7	2
8:50	DAN.1.9-DAN.1.10	2
8:51	DEU.4.20	5
8:51	NEH.1.10	5
8:51	JER.11.4	5
8:51	EXO.32.11-EXO.32.12	3
8:51	NUM.14.13-NUM.14.19	3
8:51	DEU.9.26-DEU.9.29	3
8:51	JER.51.19	3
8:51	1KI.8.53	2
8:51	2CH.6.39	2
8:51	ISA.63.16-ISA.63.18	2
8:51	ISA.64.9	2
8:52	PSA.145.18	5
8:52	1KI.8.29	4
8:52	PSA.86.5	3
8:52	2CH.6.40	2
8:53	EXO.19.5-EXO.19.6	5
8:53	DEU.14.2	4
8:53	DEU.32.9	4
8:53	EXO.33.16	2
8:53	NUM.23.9	2
8:53	DEU.4.34	2
8:53	DEU.7.6-DEU.7.8	2
8:53	DEU.9.26-DEU.9.29	2
8:53	DEU.33.1-DEU.33.3	2
8:53	DEU.33.26-DEU.33.29	2
8:53	JER.10.16	2
8:53	2CO.6.14-2CO.6.18	2
8:53	EPH.1.18	2
8:53	TIT.2.14	2
8:53	1PE.2.9	2
8:54	2CH.6.12-2CH.6.13	4
8:54	2CH.7.1	4
8:54	LUK.22.45	4
8:54	PSA.95.6	3
8:54	1KI.8.22	2
8:54	LUK.11.1	2
8:54	LUK.22.41	2
8:54	ACT.20.36	2
8:54	ACT.21.5	2
8:55	1KI.8.14	5
8:55	2SA.6.18	4
8:55	NUM.6.23-NUM.6.26	3
8:55	1CH.16.2	2
8:56	JOS.23.14-JOS.23.15	15
8:56	JOS.21.44-JOS.21.45	14
8:56	1SA.3.19	11
8:56	LUK.21.33	11
8:56	LUK.1.72-LUK.1.73	9
8:56	2KI.10.10	7
8:56	DEU.3.20	6
8:56	DEU.12.10	6
8:56	DEU.12.12	5
8:56	2CH.14.6	5
8:56	LUK.1.54-LUK.1.55	5
8:56	HEB.4.3-HEB.4.9	5
8:57	JOS.1.5	13
8:57	DEU.31.6	11
8:57	DEU.31.8	8
8:57	HEB.13.5	8
8:57	JOS.1.9	7
8:57	1SA.12.22	5
8:57	1CH.28.9	4
8:57	MAT.1.23	4
8:57	MAT.28.20	4
8:57	ROM.8.31	4
8:57	2CH.32.7-2CH.32.8	3
8:57	PSA.46.11	3
8:57	ISA.8.10	3
8:57	ISA.41.10	3
8:57	PSA.46.7	2
8:58	PSA.119.36	10
8:58	EZK.36.26-EZK.36.27	8
8:58	JER.31.33	6
8:58	PHP.2.13	5
8:58	HEB.13.21	4
8:58	DEU.4.1	3
8:58	DEU.4.45	3
8:58	DEU.6.1	3
8:58	SNG.1.4	3
8:58	PSA.110.3	2
8:59	PSA.141.2	3
8:59	JHN.17.9	3
8:59	DEU.33.25	2
8:59	PSA.102.1-PSA.102.2	2
8:59	LUK.11.3	2
8:59	JHN.17.20-JHN.17.24	2
8:59	1JN.2.2	2
8:60	DEU.4.35	13
8:60	1KI.18.39	9
8:60	2KI.19.19	9
8:60	JER.10.10-JER.10.12	9
8:60	ISA.44.6	8
8:60	ISA.44.8	8
8:60	ISA.45.5-ISA.45.6	8
8:60	ISA.45.22	8
8:60	DEU.4.39	7
8:60	1SA.17.46	7
8:60	ISA.44.24	7
8:60	JOS.4.24	6
8:60	1KI.8.43	6
8:60	JOL.2.27	6
8:61	1KI.11.4	9
8:61	2KI.20.3	8
8:61	1KI.15.14	6
8:61	DEU.18.13	5
8:61	1KI.15.3	5
8:61	2CO.7.1	5
8:61	1CH.28.9	4
8:61	JOB.1.8	4
8:61	GEN.17.1	3
8:61	JOB.1.1	2
8:61	PSA.37.37	2
8:61	PHP.3.12-PHP.3.16	2
8:62	2SA.6.17-2SA.6.19	5
8:62	2CH.7.4-2CH.7.10	3
8:62	EZR.6.16-EZR.6.17	3
8:63	EZR.6.16-EZR.6.17	5
8:63	2CH.15.11	3
8:63	NEH.12.27	3
8:63	LEV.3.1-LEV.3.17	2
8:63	NUM.7.10-NUM.7.11	2
8:63	NUM.7.84-NUM.7.88	2
8:63	1CH.29.21	2
8:63	2CH.2.4	2
8:63	2CH.7.5	2
8:63	2CH.29.32-2CH.29.35	2
8:63	2CH.30.24	2
8:63	2CH.35.7-2CH.35.9	2
8:63	EZK.45.17	2
8:63	MIC.6.7	2
8:63	JHN.10.22	2
8:64	2CH.4.1	5
8:64	2CH.7.7	2
8:65	NUM.34.5	6
8:65	NUM.34.8	5
8:65	1KI.8.2	5
8:65	GEN.15.18	4
8:65	JOS.13.5	4
8:65	JDG.3.3	4
8:65	2KI.14.25	4
8:65	2CH.7.8-2CH.7.9	4
8:65	EXO.23.31	3
8:65	JOS.13.3	3
8:65	LEV.23.34-LEV.23.43	2
8:65	1KI.4.21	2
8:65	1KI.4.24	2
8:65	2CH.30.13	2
8:65	2CH.30.23	2
8:65	PSA.40.9-PSA.40.10	2
8:65	AMO.6.14	2
8:66	DEU.12.7	3
8:66	DEU.12.12	3
8:66	ZEC.9.17	3
8:66	ACT.2.46	3
8:66	GAL.5.22	3
8:66	PHP.4.4	3
8:66	DEU.12.18	2
8:66	DEU.16.11	2
8:66	1KI.8.1	2
8:66	1KI.8.47	2
8:66	2CH.7.10	2
8:66	2CH.29.36	2
8:66	2CH.30.26-2CH.31.1	2
8:66	NEH.8.10	2
8:66	PSA.95.1-PSA.95.2	2
8:66	PSA.100.1-PSA.100.2	2
8:66	PSA.106.4-PSA.106.5	2
8:66	PSA.122.6	2
8:66	PSA.122.9	2
8:66	ISA.61.9-ISA.61.10	2
8:66	ISA.66.13-ISA.66.14	2
8:66	JER.31.12-JER.31.14	2
8:66	ZEP.3.14	2
8:66	ZEC.9.9	2
9:1	2CH.7.11-2CH.8.6	4
9:1	1KI.9.19	3
9:1	1KI.6.37-1KI.7.1	2
9:1	1KI.7.51	2
9:1	1KI.9.11	2
9:1	ECC.2.4	2
9:1	ECC.2.10	2
9:1	ECC.6.9	2
9:2	1KI.3.5	9
9:2	2CH.7.12	7
9:2	1KI.11.9	5
9:2	2CH.1.7-2CH.1.12	4
9:3	1KI.8.29	9
9:3	2KI.20.5	9
9:3	PSA.10.17	9
9:3	1JN.5.14	9
9:3	PSA.116.1	7
9:3	DEU.11.12	6
9:3	2CH.6.40	5
9:3	PSA.132.13-PSA.132.14	5
9:3	EXO.20.11	4
9:3	MAT.6.9	4
9:3	ACT.10.31	4
9:3	NUM.16.38	3
9:3	DEU.12.11	3
9:3	DEU.16.11	3
9:3	1KI.8.10-1KI.8.11	3
9:3	2CH.7.15-2CH.7.16	3
9:3	SNG.4.9-SNG.4.10	3
9:3	JER.15.1	3
9:3	DAN.9.23	3
9:3	PSA.66.19	2
9:3	JHN.11.42	2
9:3	DEU.12.5	1
9:3	DEU.12.21	1
9:4	1KI.15.5	8
9:4	1KI.3.14	7
9:4	GEN.17.1	6
9:4	1KI.11.4	5
9:4	1KI.11.6	5
9:4	DEU.28.1	4
9:4	1KI.11.38	4
9:4	1KI.14.8	4
9:4	PSA.26.11	4
9:4	PRO.28.18	4
9:4	ZEC.3.7	4
9:4	LUK.1.6	4
9:4	1KI.8.25	3
9:4	2CH.7.17-2CH.7.18	3
9:4	JOB.23.11-JOB.23.12	3
9:4	PSA.15.2	3
9:4	PSA.26.1	3
9:4	1TH.4.1-1TH.4.2	3
9:4	PRO.10.9	2
9:4	PRO.20.7	2
9:5	1KI.2.4	6
9:5	1KI.6.12	5
9:5	2SA.7.12	4
9:5	2SA.7.16	4
9:5	1KI.8.15	3
9:5	1KI.8.20	3
9:5	1CH.22.9-1CH.22.10	3
9:5	PSA.89.28-PSA.89.39	3
9:5	PSA.132.11-PSA.132.12	3
9:6	2SA.7.14-2SA.7.16	3
9:6	1CH.28.9	3
9:6	JOS.23.15-JOS.23.16	2
9:6	1SA.2.30	2
9:6	1KI.11.4-1KI.11.10	2
9:6	2CH.7.19-2CH.7.22	2
9:6	2CH.15.2	2
9:6	PSA.89.30	2
9:6	PSA.89.32	2
9:7	PSA.44.14	7
9:7	JER.24.9	7
9:7	DEU.4.26	5
9:7	DEU.28.37	5
9:7	LEV.18.24-LEV.18.28	4
9:7	2KI.25.9	4
9:7	2KI.25.21	4
9:7	LUK.21.24	4
9:7	DEU.29.26-DEU.29.28	3
9:7	2CH.7.20	3
9:7	2CH.36.19	3
9:7	JER.26.6	3
9:7	LAM.2.6-LAM.2.7	3
9:7	EZK.33.27-EZK.33.29	3
9:7	JOL.2.17	3
9:7	MIC.3.12	3
9:7	1KI.9.3	2
9:7	2KI.17.20-2KI.17.23	2
9:7	NEH.4.1-NEH.4.4	2
9:7	ISA.65.15	2
9:7	JER.7.4-JER.7.15	2
9:7	JER.26.18	2
9:7	JER.52.13	2
9:7	LAM.2.15-LAM.2.16	2
9:7	EZK.24.21	2
9:7	MAT.24.2	2
9:8	DEU.29.24-DEU.29.26	6
9:8	JER.22.8-JER.22.9	6
9:8	2CH.7.21	4
9:8	JER.19.8	3
9:8	JER.22.28	3
9:8	ISA.64.11	2
9:8	JER.49.17	2
9:8	JER.50.13	2
9:8	DAN.9.12	2
9:9	JER.2.19	5
9:9	JER.5.19	4
9:9	DEU.29.25-DEU.29.28	3
9:9	2CH.7.22	3
9:9	JER.2.10-JER.2.13	3
9:9	JER.12.7-JER.12.8	2
9:9	JER.16.10-JER.16.13	2
9:9	JER.50.7	2
9:9	LAM.2.16-LAM.2.17	2
9:9	LAM.4.13-LAM.4.15	2
9:9	EZK.36.17-EZK.36.20	2
9:9	ZEP.1.4-ZEP.1.5	2
9:10	1KI.6.37-1KI.7.1	4
9:10	1KI.9.1	3
9:10	2CH.8.1-2CH.8.18	3
9:11	2CH.8.2	3
9:11	JOS.20.7	2
9:11	1KI.5.6-1KI.5.10	2
9:11	2CH.2.8-2CH.2.10	2
9:11	2CH.2.16	2
9:12	NUM.22.34	2
9:12	JDG.14.3	2
9:13	JOS.19.27	4
9:13	AMO.1.9	3
9:13	1KI.5.1-1KI.5.2	2
9:14	1KI.9.11	3
9:14	1KI.9.28	2
9:14	1KI.10.10	2
9:14	1KI.10.14	2
9:14	1KI.10.21	2
9:15	JOS.17.11	5
9:15	2SA.5.9	5
9:15	1KI.5.13	5
9:15	1KI.9.24	5
9:15	JOS.11.1	4
9:15	JOS.19.36	4
9:15	JOS.16.10	3
9:15	JDG.1.29	3
9:15	JOS.10.33	2
9:15	JOS.21.21	2
9:15	JDG.4.2	2
9:15	JDG.5.19	2
9:15	JDG.9.6	2
9:15	JDG.9.20	2
9:15	1KI.4.12	2
9:15	1KI.6.38-1KI.7.1	2
9:15	1KI.9.10	2
9:15	1KI.9.16-1KI.9.17	2
9:15	1KI.9.21	2
9:15	1KI.11.27	2
9:15	2KI.9.27	2
9:15	2KI.12.20	2
9:15	2KI.15.29	2
9:15	2KI.23.29-2KI.23.30	2
9:15	1CH.6.67	2
9:15	1CH.20.4	2
9:15	2CH.8.1	2
9:15	2CH.35.22	2
9:15	PSA.51.18	2
9:15	ZEC.12.11	2
9:16	1KI.3.1	4
9:16	JOS.16.10	2
9:16	1KI.7.8	2
9:16	1KI.9.24	2
9:17	JOS.16.3	4
9:17	JOS.21.22	3
9:17	JOS.10.10	2
9:17	JOS.19.44	2
9:17	2CH.8.4-2CH.8.18	2
9:18	JOS.19.44	4
9:18	2CH.8.4	2
9:19	1KI.9.1	5
9:19	EXO.1.11	2
9:19	1KI.4.26-1KI.4.28	2
9:19	1KI.10.26	2
9:19	2CH.1.14	2
9:19	ECC.2.10	2
9:19	ECC.6.9	2
9:20	GEN.15.19-GEN.15.21	2
9:20	EXO.23.23	2
9:20	EXO.23.28-EXO.23.33	2
9:20	EXO.34.11-EXO.34.12	2
9:20	DEU.7.1-DEU.7.3	2
9:20	2CH.8.7-2CH.8.18	2
9:21	JOS.15.63	5
9:21	JOS.17.12	5
9:21	JDG.1.21	5
9:21	GEN.9.25-GEN.9.26	4
9:21	EZR.2.55-EZR.2.58	3
9:21	NEH.7.57	3
9:21	NEH.11.3	3
9:21	JOS.17.16-JOS.17.18	2
9:21	JDG.1.27-JDG.1.35	2
9:21	JDG.2.20-JDG.3.4	2
9:21	1KI.5.13	2
9:21	1KI.9.15	2
9:21	PSA.106.34-PSA.106.36	2
9:22	LEV.25.39	5
9:22	1SA.8.11-1SA.8.12	2
9:22	1KI.4.1-1KI.4.27	2
9:22	2CH.8.9-2CH.8.10	2
9:23	1KI.5.16	5
9:23	2CH.8.10	4
9:23	2CH.2.18	2
9:24	1KI.7.8	6
9:24	2SA.5.9	5
9:24	1KI.11.27	5
9:24	2CH.32.5	5
9:24	1KI.3.1	4
9:24	1KI.9.15-1KI.9.16	3
9:24	2CH.8.11	2
9:25	EXO.23.14-EXO.23.17	3
9:25	DEU.16.16	3
9:25	2CH.8.12-2CH.8.13	3
9:25	2CH.8.16	3
9:25	EXO.30.7	2
9:25	EXO.34.23	2
9:25	1KI.6.38	2
9:25	1CH.23.13	2
9:25	2CH.26.16-2CH.26.21	2
9:25	2CH.29.11	2
9:25	2CH.34.25	2
9:26	1KI.22.48	6
9:26	NUM.33.35	5
9:26	DEU.2.8	5
9:26	2KI.14.22	2
9:26	2CH.8.11-2CH.8.12	2
9:26	2CH.8.17-2CH.8.18	2
9:27	1KI.5.6	3
9:27	1KI.5.9	3
9:27	1KI.10.11	3
9:27	1KI.22.49	2
9:27	2CH.20.36-2CH.20.37	2
9:28	1CH.29.4	5
9:28	2CH.8.18	5
9:28	1KI.10.11	3
9:28	JOB.22.24	3
9:28	JOB.28.16	3
9:28	PSA.45.9	3
9:28	ISA.13.12	3
9:28	GEN.10.29	2
9:28	2CH.9.10	2
10:1	MAT.12.42	11
10:1	LUK.11.31	8
10:1	GEN.10.28	7
10:1	2CH.9.1-2CH.9.12	7
10:1	PSA.72.15	7
10:1	GEN.10.7	5
10:1	GEN.25.3	3
10:1	JDG.14.12-JDG.14.14	3
10:1	1KI.4.31	3
10:1	1KI.4.34	3
10:1	JOB.6.19	3
10:1	JOB.28.28	3
10:1	PSA.49.4	3
10:1	PSA.72.10	3
10:1	PRO.1.5-PRO.1.6	3
10:1	ISA.60.6	3
10:1	JER.6.20	3
10:1	EZK.27.22-EZK.27.23	3
10:1	PRO.2.3-PRO.2.6	2
10:1	EZK.38.13	2
10:1	MAT.13.11	2
10:1	MAT.13.35	2
10:1	MRK.4.34	2
10:1	JHN.17.3	2
10:1	1CO.1.20-1CO.1.21	2
10:2	ACT.25.23	3
10:2	GEN.18.33	2
10:2	EXO.25.6	2
10:2	1KI.10.10	2
10:2	2KI.5.5	2
10:2	2KI.5.9	2
10:2	2KI.20.13	2
10:2	JOB.4.2	2
10:2	PSA.4.4	2
10:2	ISA.60.6-ISA.60.9	2
10:2	LUK.24.15	2
10:3	2SA.14.17	2
10:3	2SA.14.20	2
10:3	1KI.3.12	2
10:3	1KI.10.1	2
10:3	2CH.9.2	2
10:3	PRO.1.5-PRO.1.6	2
10:3	PRO.13.20	2
10:3	ISA.42.16	2
10:3	DAN.2.20-DAN.2.23	2
10:3	MAT.13.11	2
10:3	JHN.7.17	2
10:3	1CO.1.30	2
10:3	COL.2.3	2
10:3	HEB.4.12-HEB.4.13	2
10:4	MAT.12.42	3
10:4	1KI.3.28	2
10:4	1KI.4.29-1KI.4.31	2
10:4	1KI.6.1-1KI.6.7	2
10:4	2CH.9.3-2CH.9.4	2
10:4	ECC.12.9	2
10:5	1CH.26.16	3
10:5	JOS.5.1	2
10:5	1KI.4.22-1KI.4.23	2
10:5	2KI.16.18	2
10:5	1CH.9.18	2
10:5	2CH.9.4	2
10:5	2CH.23.13	2
10:5	EZK.44.3	2
10:5	EZK.46.2	2
10:6	2CH.9.5-2CH.9.6	3
10:7	JHN.20.25-JHN.20.29	4
10:7	1CO.2.9	4
10:7	1JN.3.2	3
10:7	ISA.64.4	2
10:7	ZEC.9.17	2
10:7	MRK.16.11	2
10:8	PRO.8.34	6
10:8	PRO.10.21	3
10:8	LUK.11.31	3
10:8	2CH.9.7-2CH.9.8	2
10:8	PRO.3.13-PRO.3.14	2
10:8	PRO.13.20	2
10:8	LUK.10.39-LUK.10.42	2
10:8	LUK.11.28	2
10:9	PSA.72.2	8
10:9	1KI.5.7	7
10:9	2SA.8.15	5
10:9	2CH.2.11	4
10:9	ISA.42.1	4
10:9	JER.23.5-JER.23.6	4
10:9	2SA.23.3	3
10:9	1CH.17.22	3
10:9	PSA.18.19	3
10:9	PSA.22.8	3
10:9	PSA.72.17-PSA.72.19	3
10:9	ISA.32.1-ISA.32.2	3
10:9	ROM.13.3-ROM.13.4	3
10:9	DEU.7.8	2
10:9	PRO.8.15-PRO.8.16	2
10:9	ISA.9.7	2
10:9	ISA.11.4-ISA.11.5	2
10:9	ISA.62.4	2
10:10	1KI.10.2	7
10:10	MAT.2.11	4
10:10	GEN.43.11	3
10:10	EXO.30.34	3
10:10	1KI.9.14	3
10:10	PSA.72.10	3
10:10	PSA.72.15	3
10:10	PRO.3.13-PRO.3.15	2
10:10	PRO.20.15	2
10:10	REV.21.11	2
10:11	1KI.9.27-1KI.9.28	5
10:11	2CH.2.8	2
10:11	2CH.8.18	2
10:11	2CH.9.10-2CH.9.11	2
10:11	PSA.45.9	2
10:12	1CH.23.5	2
10:12	1CH.25.1-1CH.25.31	2
10:12	PSA.92.1-PSA.92.3	2
10:12	PSA.150.3-PSA.150.5	2
10:12	REV.14.2-REV.14.3	2
10:13	PSA.20.4	4
10:13	PSA.37.4	4
10:13	MAT.15.28	4
10:13	1KI.9.1	3
10:13	1KI.10.2	3
10:13	JHN.14.13-JHN.14.14	3
10:13	EPH.3.20	3
10:14	1KI.9.28	3
10:14	2CH.9.13-2CH.9.28	3
10:15	1CH.9.24	2
10:15	2CH.9.13-2CH.9.14	2
10:15	PSA.72.10	2
10:15	ISA.21.13	2
10:15	GAL.4.25	2
10:16	1KI.14.26-1KI.14.28	4
10:16	2CH.12.9-2CH.12.10	3
10:16	2CH.9.15-2CH.9.16	2
10:17	1KI.7.2	5
10:17	1KI.14.26	2
10:18	1KI.10.22	5
10:18	PSA.45.8	5
10:18	REV.20.11	4
10:18	1KI.22.39	3
10:18	AMO.6.4	3
10:18	HEB.1.8	3
10:18	REV.18.12	3
10:18	2CH.9.17-2CH.9.19	2
10:18	PSA.45.6	2
10:18	PSA.110.1	2
10:18	PSA.122.5	2
10:18	EZK.27.6	2
10:18	HEB.1.3	1
10:20	GEN.49.9	3
10:20	NUM.24.9	3
10:20	NUM.23.24	2
10:20	REV.5.5	2
10:21	1KI.10.17	4
10:21	1KI.7.2	3
10:21	2CH.9.20-2CH.9.22	2
10:22	1KI.22.48	6
10:22	GEN.10.4	4
10:22	2CH.20.36-2CH.20.37	4
10:22	PSA.48.7	4
10:22	PSA.72.10	4
10:22	2CH.9.21	3
10:22	ISA.2.16	3
10:22	ISA.23.1	3
10:22	ISA.23.6	3
10:22	ISA.23.10	3
10:22	ISA.60.9	3
10:22	ISA.66.19	3
10:22	1KI.9.26	2
10:22	1KI.10.18	2
10:22	JOB.39.13	2
10:22	EZK.27.12	2
10:22	AMO.3.15	2
10:22	JON.1.3	2
10:23	1KI.3.12-1KI.3.13	5
10:23	1KI.4.29-1KI.4.34	3
10:23	2CH.9.22-2CH.9.23	3
10:23	EPH.3.8	3
10:23	COL.1.18-COL.1.19	3
10:23	COL.2.2-COL.2.3	3
10:23	PSA.89.27	2
10:24	JAS.1.5	6
10:24	1KI.3.12	5
10:24	1KI.3.28	5
10:24	1KI.3.9	4
10:24	PRO.2.6	4
10:24	DAN.1.17	4
10:24	DAN.2.21	4
10:24	DAN.2.23	4
10:24	DAN.5.11	3
10:25	EST.8.14	3
10:25	JOB.42.11	3
10:25	PSA.72.10	3
10:25	PSA.72.15	3
10:25	ISA.66.20	3
10:25	MAT.2.11	3
10:25	GEN.36.24	2
10:25	JDG.3.15	2
10:25	1SA.10.27	2
10:25	2SA.8.2	2
10:25	2SA.8.10	2
10:25	1KI.1.33	2
10:25	1KI.10.10	2
10:25	1KI.18.5	2
10:25	2KI.17.4	2
10:25	2CH.9.24	2
10:25	2CH.26.8	2
10:25	EZR.2.66	2
10:25	EST.8.10	2
10:25	ISA.36.16	2
10:25	EZK.27.14	2
10:26	2CH.9.25	7
10:26	1KI.4.26	5
10:26	DEU.17.16	3
10:26	1KI.9.19	3
10:26	2CH.1.14-2CH.1.17	2
10:26	ISA.2.7	2
10:27	DEU.17.17	2
10:27	2CH.1.15-2CH.1.17	2
10:27	2CH.9.27	2
10:27	JOB.22.24-JOB.22.25	2
10:28	DEU.17.16	7
10:28	2CH.9.28	6
10:28	ISA.31.1-ISA.31.3	5
10:28	ISA.36.9	4
10:28	2CH.1.16-2CH.1.17	3
10:28	PRO.7.16	3
10:28	GEN.41.42	2
10:28	ISA.19.9	2
10:28	EZK.27.7	2
10:29	JOS.1.4	3
10:29	2KI.7.6-2KI.7.7	3
10:29	HOS.12.10	1
10:29	MAL.1.1	1
11:1	DEU.17.17	8
11:1	PRO.6.24	5
11:1	1KI.11.8	4
11:1	NEH.13.23-NEH.13.27	4
11:1	PRO.2.16	4
11:1	PRO.7.5	4
11:1	1KI.3.1	3
11:1	PRO.5.8-PRO.5.20	3
11:1	PRO.22.14	3
11:1	PRO.23.33	2
11:1	LEV.18.18	1
11:1	GEN.6.2-GEN.6.5	0
11:2	EXO.34.16	16
11:2	DEU.7.3-DEU.7.4	14
11:2	JOS.23.12-JOS.23.13	8
11:2	EXO.23.32-EXO.23.33	7
11:2	NUM.25.1-NUM.25.3	7
11:2	1CO.15.33	7
11:2	2CO.6.14-2CO.6.16	7
11:2	ROM.12.9	6
11:2	MAL.2.11	3
11:2	ROM.1.32	3
11:2	REV.2.4	3
11:2	GEN.2.24	2
11:2	GEN.34.3	2
11:2	JDG.3.6-JDG.3.7	2
11:2	JDG.16.4-JDG.16.21	2
11:2	1KI.16.31-1KI.16.33	2
11:2	2CH.19.2	2
11:2	2CH.21.6	2
11:2	EZR.9.12	2
11:2	EZR.10.2-EZR.10.17	2
11:2	PSA.139.21	2
11:3	2SA.5.13-2SA.5.16	3
11:3	ECC.7.28	3
11:3	JDG.8.30-JDG.8.31	2
11:3	JDG.9.5	2
11:3	2SA.3.2-2SA.3.5	2
11:3	2CH.11.21	2
11:4	1KI.9.4	7
11:4	1KI.8.61	6
11:4	1KI.11.6	4
11:4	1CH.28.9	4
11:4	DEU.17.17	3
11:4	1KI.11.2	3
11:4	2CH.17.3	3
11:4	2CH.34.2	3
11:4	DEU.7.4	2
11:4	1KI.6.1	2
11:4	1KI.6.12-1KI.6.13	2
11:4	1KI.9.10	2
11:4	1KI.11.38	2
11:4	1KI.11.42	2
11:4	1KI.14.21	2
11:4	1KI.15.3	2
11:4	1KI.15.14	2
11:4	2KI.20.3	2
11:4	1CH.29.19	2
11:4	2CH.25.2	2
11:4	2CH.31.20-2CH.31.21	2
11:4	NEH.13.26-NEH.13.27	2
11:5	JDG.2.13	5
11:5	1KI.11.7	5
11:5	1KI.11.33	4
11:5	2KI.23.13	4
11:5	JDG.10.6	3
11:5	1SA.7.3-1SA.7.4	3
11:5	LEV.18.21	2
11:5	LEV.20.2-LEV.20.5	2
11:5	1SA.12.10	2
11:5	JER.2.10-JER.2.13	2
11:5	ZEP.1.5	2
11:6	NUM.14.24	4
11:6	JOS.14.8	2
11:6	JOS.14.14	2
11:7	NUM.21.29	5
11:7	JDG.11.24	4
11:7	ACT.7.43	3
11:7	GEN.33.2	2
11:7	LEV.20.2-LEV.20.5	2
11:7	LEV.26.30	2
11:7	NUM.33.52	2
11:7	DEU.13.14	2
11:7	DEU.17.3-DEU.17.4	2
11:7	DEU.27.15	2
11:7	2SA.15.30	2
11:7	2KI.21.2-2KI.21.3	2
11:7	2KI.23.10	2
11:7	2KI.23.13-2KI.23.14	2
11:7	PSA.78.58	2
11:7	ISA.44.19	2
11:7	JER.48.13	2
11:7	EZK.18.12	2
11:7	EZK.20.28-EZK.20.29	2
11:7	DAN.11.31	2
11:7	DAN.12.11	2
11:7	ZEC.14.4	2
11:7	MAT.26.30	2
11:7	ACT.1.9	2
11:7	ACT.1.12	2
11:7	REV.17.4-REV.17.5	2
11:8	1KI.11.1	3
11:8	EZK.16.22-EZK.16.29	2
11:8	HOS.4.11-HOS.4.12	2
11:8	1CO.10.11-1CO.10.12	2
11:8	1CO.10.20-1CO.10.22	2
11:9	1KI.3.5	8
11:9	1KI.9.2	8
11:9	EXO.4.14	3
11:9	NUM.12.9	3
11:9	DEU.3.26	3
11:9	DEU.7.4	3
11:9	DEU.9.8	3
11:9	2SA.6.7	3
11:9	DEU.9.20	2
11:9	2SA.11.27	1
11:9	1KI.11.2-1KI.11.4	1
11:9	1CH.21.7	1
11:9	PSA.78.58-PSA.78.60	1
11:9	PSA.90.7-PSA.90.8	1
11:9	PRO.4.23	1
11:9	ISA.29.13-ISA.29.14	1
11:9	HOS.4.11	1
11:9	2TI.4.10	1
11:10	1KI.6.12-1KI.6.13	3
11:10	1KI.9.4-1KI.9.7	2
11:10	2CH.7.17-2CH.7.22	2
11:11	1KI.11.31	5
11:11	1KI.12.15-1KI.12.16	5
11:11	1KI.12.20	3
11:11	2KI.17.21	3
11:11	ISA.29.13-ISA.29.14	3
11:11	NUM.14.23	2
11:11	NUM.14.35	2
11:11	1SA.2.30-1SA.2.32	2
11:11	1SA.13.13-1SA.13.14	2
11:11	1SA.15.26-1SA.15.28	2
11:11	2SA.12.9-2SA.12.12	2
11:12	GEN.12.2	2
11:12	GEN.19.29	2
11:12	EXO.20.5	2
11:12	1SA.9.4-1SA.9.5	2
11:12	1KI.21.29	2
11:12	2KI.20.17	2
11:12	2KI.20.19	2
11:12	2KI.22.19-2KI.22.20	2
11:13	1KI.12.20	7
11:13	DEU.12.11	5
11:13	1KI.11.32	5
11:13	DEU.12.5	4
11:13	PSA.132.13-PSA.132.14	4
11:13	LUK.1.32-LUK.1.33	4
11:13	ISA.62.7	3
11:13	JER.33.15-JER.33.26	3
11:13	DEU.9.5	2
11:13	2SA.7.15-2SA.7.16	2
11:13	1KI.11.11-1KI.11.12	2
11:13	1KI.11.35-1KI.11.36	2
11:13	1KI.11.39	2
11:13	2KI.13.23	2
11:13	2KI.19.34	2
11:13	2KI.21.4	2
11:13	2KI.23.27	2
11:13	1CH.17.13-1CH.17.14	2
11:13	PSA.89.33-PSA.89.37	2
11:13	PSA.89.49	2
11:13	PSA.132.1	2
11:13	PSA.132.17	2
11:13	ISA.9.7	2
11:13	ISA.14.32	2
11:13	ISA.62.1	2
11:14	1SA.26.19	3
11:14	2SA.7.14	3
11:14	2SA.24.1	3
11:14	1KI.12.15	3
11:14	1CH.5.26	3
11:14	PSA.89.30-PSA.89.34	3
11:14	ISA.10.26	3
11:14	ISA.13.17	3
11:14	ISA.10.5	1
11:15	2SA.8.14	8
11:15	1CH.18.12-1CH.18.13	6
11:15	DEU.20.13	4
11:15	GEN.25.23	2
11:15	GEN.27.40	2
11:15	NUM.24.18-NUM.24.19	2
11:15	NUM.31.17	2
11:15	PSA.60.1	2
11:15	PSA.108.10	2
11:15	MAL.1.2-MAL.1.3	2
11:17	EXO.2.1-EXO.2.10	2
11:17	2SA.4.4	2
11:17	2KI.11.2	2
11:17	MAT.2.13-MAT.2.14	2
11:18	NUM.10.12	5
11:18	DEU.1.1	3
11:18	DEU.33.2	3
11:18	GEN.14.6	2
11:18	GEN.21.21	2
11:18	GEN.25.2	2
11:18	GEN.25.4	2
11:18	NUM.22.4	2
11:18	NUM.25.6	2
11:18	NUM.25.14	2
11:18	NUM.25.18	2
11:18	HAB.3.3	2
11:19	GEN.39.21	5
11:19	ACT.7.10	5
11:19	GEN.39.4	4
11:19	JER.43.7-JER.43.9	3
11:19	ACT.7.21	3
11:19	GEN.41.45	2
11:20	GEN.21.7	2
11:20	1SA.1.24	2
11:21	1KI.2.10	4
11:21	GEN.45.24	2
11:21	EXO.4.19	2
11:21	JOS.2.21	2
11:21	1SA.9.26	2
11:21	2SA.3.21	2
11:21	1KI.2.34	2
11:21	MAT.2.20	2
11:22	LUK.22.35	3
11:22	2SA.18.22-2SA.18.23	2
11:22	PSA.37.8	2
11:22	JER.2.31	2
11:22	MRK.14.31	2
11:23	2SA.8.3	4
11:23	1KI.11.14	4
11:23	2SA.10.8	2
11:23	2SA.10.15-2SA.10.18	2
11:23	2SA.16.11	2
11:23	1CH.18.3-1CH.18.9	2
11:23	1CH.19.6	2
11:23	1CH.19.16-1CH.19.19	2
11:23	EZR.1.1	2
11:23	PSA.60.1	2
11:23	ISA.13.17	2
11:23	ISA.37.26	2
11:23	ISA.45.5	2
11:23	EZK.38.16	2
11:24	2SA.10.8	3
11:24	2SA.10.18	3
11:24	GEN.14.15	2
11:24	1KI.19.15	2
11:24	1KI.20.34	2
11:24	ACT.9.2	2
11:25	GEN.34.30	2
11:25	DEU.23.7	2
11:25	2SA.16.21	2
11:25	1KI.5.4	2
11:25	2CH.15.2	2
11:25	PSA.106.40	2
11:25	ZEC.11.8	2
11:26	1KI.12.2	5
11:26	2CH.13.6	5
11:26	RUT.1.2	3
11:26	1SA.1.1	3
11:26	2SA.20.21	3
11:26	1KI.11.11	3
11:26	1KI.11.28	3
11:26	GEN.35.16	2
11:26	1SA.17.12	2
11:26	1KI.9.22	2
11:26	1KI.12.20-1KI.12.24	2
11:26	1KI.13.1-1KI.13.10	2
11:26	1KI.14.16	2
11:26	1KI.15.30	2
11:26	1KI.16.3	2
11:26	1KI.21.22	2
11:26	1CH.2.19	2
11:27	1KI.9.24	5
11:27	1KI.9.15	3
11:27	2SA.5.7	2
11:27	2SA.20.21	2
11:27	NEH.4.7	2
11:27	PSA.60.2	2
11:27	PRO.30.32	2
11:27	ISA.22.9	2
11:27	ISA.26.11	2
11:27	EZK.13.5	2
11:27	AMO.9.11	2
11:28	PRO.22.29	5
11:28	DEU.1.12	2
11:28	JOS.18.5	2
11:28	JDG.1.22-JDG.1.23	2
11:28	2SA.19.20	2
11:28	1KI.5.16	2
11:28	ISA.14.25	2
11:28	AMO.5.6	2
11:28	ZEC.10.6	2
11:28	MAT.11.30	2
11:29	1KI.12.15	5
11:29	1KI.14.2	5
11:29	2CH.9.29	5
11:29	GEN.4.8	2
11:29	JOS.18.1	2
11:29	2SA.14.6	2
11:30	1SA.15.27-1SA.15.28	3
11:30	1SA.24.4-1SA.24.5	2
11:31	1KI.11.11-1KI.11.12	4
11:32	1KI.11.13	3
11:32	1KI.12.20-1KI.12.21	2
11:32	1KI.14.21	2
11:33	1KI.11.5-1KI.11.7	3
11:33	1KI.11.9	3
11:33	1KI.3.14	2
11:33	1KI.6.12-1KI.6.13	2
11:33	1KI.9.5-1KI.9.7	2
11:33	1CH.28.9	2
11:33	2CH.15.2	2
11:33	JER.2.13	2
11:33	HOS.4.17	2
11:34	1KI.11.12-1KI.11.13	2
11:34	1KI.11.31	2
11:34	JOB.11.6	2
11:34	PSA.103.10	2
11:34	ISA.55.3	2
11:34	HAB.3.2	2
11:35	EXO.20.5-EXO.20.6	2
11:35	1KI.11.12	2
11:35	1KI.12.15-1KI.12.17	2
11:35	1KI.12.20	2
11:35	2CH.10.15-2CH.10.17	2
11:36	1KI.11.13	5
11:36	1KI.15.4	5
11:36	2KI.8.19	5
11:36	2SA.21.17	3
11:36	2CH.21.7	3
11:36	PSA.132.17	3
11:36	2SA.7.16	2
11:36	2SA.7.29	2
11:36	1KI.9.3	2
11:36	1KI.11.32	2
11:36	JER.33.17-JER.33.21	2
11:36	AMO.9.11-AMO.9.12	2
11:36	LUK.1.69-LUK.1.70	2
11:36	LUK.1.78-LUK.1.79	2
11:36	ACT.15.16-ACT.15.17	2
11:36	GAL.4.25-GAL.4.26	2
11:36	HEB.12.22	2
11:36	REV.21.10	2
11:37	DEU.14.26	2
11:37	2SA.3.21	2
11:37	1KI.11.26	2
11:38	2SA.7.11	6
11:38	JOS.1.5	5
11:38	DEU.31.8	3
11:38	EXO.19.5	2
11:38	DEU.15.5	2
11:38	2SA.7.16	2
11:38	1KI.3.14	2
11:38	1KI.6.12	2
11:38	1KI.9.4-1KI.9.5	2
11:38	1KI.14.7-1KI.14.14	2
11:38	1CH.17.10	2
11:38	1CH.17.24-1CH.17.27	2
11:38	ZEC.3.7	2
11:38	2SA.7.26-2SA.7.29	1
11:39	ISA.9.7	3
11:39	ISA.11.1-ISA.11.10	3
11:39	LUK.1.32-LUK.1.33	3
11:39	LUK.2.11	3
11:39	1KI.11.36	2
11:39	1KI.12.16	2
11:39	1KI.14.8	2
11:39	1KI.14.25-1KI.14.26	2
11:39	PSA.89.30-PSA.89.34	2
11:39	PSA.89.38-PSA.89.45	2
11:39	PSA.89.49-PSA.89.51	2
11:39	ISA.7.14	2
11:39	JER.23.5-JER.23.6	2
11:39	LAM.3.31-LAM.3.32	2
11:39	LUK.2.4	2
11:40	2CH.12.2-2CH.12.9	3
11:40	1KI.14.25-1KI.14.26	2
11:40	2CH.16.10	2
11:40	PRO.21.30	2
11:40	ISA.14.24-ISA.14.27	2
11:40	ISA.46.10	2
11:40	LAM.3.37	2
11:41	2CH.9.29-2CH.9.31	4
11:42	1KI.2.11	2
11:43	1KI.2.10	5
11:43	2KI.21.18	5
11:43	MAT.1.7	4
11:43	DEU.31.16	2
11:43	1KI.1.21	2
11:43	1KI.14.20-1KI.14.21	2
11:43	1KI.14.31	2
11:43	1KI.15.8	2
11:43	1KI.15.24	2
11:43	1KI.16.6	2
11:43	2KI.16.20	2
11:43	2KI.20.21	2
11:43	2KI.21.26	2
11:43	1CH.3.10	2
11:43	2CH.9.31	2
11:43	2CH.13.7	2
11:43	2CH.21.20	2
11:43	2CH.26.23	2
11:43	2CH.28.27	2
11:43	JER.22.19	2
11:43	MAT.1.5	2
12:1	JDG.9.6	3
12:1	2CH.10.1-2CH.10.19	3
12:1	GEN.12.6	2
12:1	GEN.33.18-GEN.33.19	2
12:1	JOS.20.7	2
12:1	JOS.24.1	2
12:1	JOS.24.32	2
12:1	JDG.9.1	2
12:1	1KI.11.43	2
12:1	PSA.60.6	2
12:1	ACT.7.16	1
12:2	1KI.11.40	5
12:2	1KI.11.26-1KI.11.31	2
12:2	2CH.10.2-2CH.10.3	2
12:4	1SA.8.11-1SA.8.18	8
12:4	1KI.4.7	6
12:4	MAT.11.29-MAT.11.30	5
12:4	1KI.4.20-1KI.4.25	4
12:4	2CH.10.4-2CH.10.5	4
12:4	MAT.23.4	4
12:4	1KI.9.15	3
12:4	1KI.9.22-1KI.9.23	3
12:4	1JN.5.3	3
12:5	1KI.12.12	2
12:6	JOB.12.12	3
12:6	JOB.32.7	3
12:6	2SA.16.20	2
12:6	2SA.17.5	2
12:6	1KI.4.2	2
12:6	PRO.27.10	2
12:6	JER.42.2-JER.42.5	2
12:6	JER.43.2	2
12:7	PRO.15.1	4
12:7	2SA.15.3-2SA.15.6	2
12:7	1KI.12.13	2
12:7	2CH.10.6-2CH.10.7	2
12:7	ECC.10.4	2
12:7	ZEC.1.13	2
12:7	MRK.10.43-MRK.10.44	2
12:7	PHP.2.7-PHP.2.11	2
12:8	PRO.19.20	4
12:8	2CH.10.8	2
12:8	2CH.25.15-2CH.25.16	2
12:8	PRO.1.2-PRO.1.5	2
12:8	PRO.1.25	2
12:8	PRO.1.30	2
12:8	PRO.25.12	2
12:8	ECC.10.2-ECC.10.3	2
12:9	2SA.17.5-2SA.17.6	2
12:9	1KI.22.6-1KI.22.8	2
12:9	2CH.10.9	2
12:9	2CH.18.5-2CH.18.7	2
12:10	2CH.10.10-2CH.10.11	3
12:10	2SA.17.7-2SA.17.13	2
12:10	PRO.10.14	2
12:10	PRO.18.6-PRO.18.7	2
12:10	PRO.28.25	2
12:10	PRO.29.23	2
12:10	ISA.47.6	2
12:11	EXO.1.13-EXO.1.14	2
12:11	EXO.5.5-EXO.5.9	2
12:11	EXO.5.18	2
12:11	1SA.8.18	2
12:11	1KI.12.14	2
12:11	2CH.16.10	2
12:11	ISA.58.6	2
12:11	JER.27.11	2
12:11	JER.28.13-JER.28.14	2
12:11	EZK.2.6	2
12:11	REV.9.3-REV.9.10	2
12:12	1KI.12.5	4
12:12	2CH.10.12-2CH.10.14	2
12:13	PRO.10.11	3
12:13	PRO.10.32	3
12:13	PRO.13.20	3
12:13	PRO.18.23	3
12:13	ECC.10.12	3
12:13	JAS.3.17	3
12:13	GEN.16.6	2
12:13	GEN.42.7	2
12:13	GEN.42.30	2
12:13	EXO.5.2	2
12:13	EXO.10.28	2
12:13	JDG.12.1-JDG.12.6	2
12:13	1SA.20.10	2
12:13	1SA.20.30-1SA.20.31	2
12:13	1SA.25.10-1SA.25.11	2
12:13	2SA.19.43	2
12:13	1KI.20.6-1KI.20.11	2
12:13	PRO.15.1	1
12:14	EXO.5.5-EXO.5.9	4
12:14	EXO.5.16-EXO.5.18	4
12:14	1KI.12.10-1KI.12.11	4
12:14	EXO.1.14	2
12:14	2CH.22.4-2CH.22.5	2
12:14	EST.1.16-EST.1.21	2
12:14	EST.2.2-EST.2.4	2
12:14	PRO.12.5	2
12:14	PRO.13.10	2
12:14	PRO.16.18	2
12:14	PRO.17.14	2
12:14	ECC.7.8	2
12:14	ISA.19.11-ISA.19.13	2
12:14	DAN.6.7	2
12:14	JAS.3.14-JAS.4.2	2
12:15	DEU.2.30	7
12:15	JDG.14.4	7
12:15	1KI.11.29-1KI.11.38	7
12:15	1KI.12.24	7
12:15	2CH.25.20	7
12:15	1KI.11.11	5
12:15	2CH.10.15	5
12:15	2CH.22.7	5
12:15	2SA.17.14	3
12:15	1KI.22.23	3
12:15	2KI.9.36	3
12:15	2KI.10.10	3
12:15	2CH.25.16	3
12:15	ISA.46.10-ISA.46.11	3
12:15	DAN.4.35	3
12:15	AMO.3.6	3
12:15	JHN.19.23-JHN.19.24	3
12:15	JHN.19.28-JHN.19.29	3
12:15	JHN.19.32-JHN.19.37	3
12:15	ACT.2.23	3
12:15	ACT.4.28	3
12:15	ACT.13.27-ACT.13.29	3
12:15	1SA.15.29	2
12:15	PSA.5.10	2
12:15	ISA.14.13-ISA.14.17	2
12:15	ACT.3.17	2
12:16	2SA.20.1	4
12:16	1KI.22.17	3
12:16	1KI.22.36	3
12:16	2CH.10.16	3
12:16	JER.23.5-JER.23.6	3
12:16	JER.33.15-JER.33.16	3
12:16	JER.33.21	3
12:16	JDG.8.35	2
12:16	2SA.7.15-2SA.7.16	2
12:16	2SA.15.13	2
12:16	2SA.16.11	2
12:16	1KI.11.13	2
12:16	1KI.11.34	2
12:16	1KI.11.36	2
12:16	1KI.11.39	2
12:16	PSA.2.1-PSA.2.6	2
12:16	PSA.76.10	2
12:16	PSA.89.29-PSA.89.37	2
12:16	PSA.132.17	2
12:16	ISA.7.2	2
12:16	ISA.7.6-ISA.7.7	2
12:16	ISA.9.6-ISA.9.7	2
12:16	LUK.19.14	1
12:16	LUK.19.27	1
12:17	1KI.11.13	5
12:17	1KI.11.36	5
12:17	2CH.10.17	2
12:17	2CH.11.13-2CH.11.17	2
12:18	1KI.4.6	5
12:18	2SA.20.24	4
12:18	1KI.5.14	4
12:18	ACT.7.57-ACT.7.58	3
12:18	EXO.17.4	2
12:18	NUM.14.10	2
12:18	1KI.20.18-1KI.20.20	2
12:18	2CH.10.18	2
12:18	2CH.24.21	2
12:18	PRO.28.1-PRO.28.2	2
12:18	AMO.2.16	2
12:18	ACT.5.26	2
12:19	2KI.17.21	4
12:19	2CH.10.19	2
12:19	JOS.4.9	1
12:19	1SA.10.19	1
12:19	2CH.13.5-2CH.13.7	1
12:19	2CH.13.17	1
12:19	ISA.7.17	1
12:19	HEB.6.6	1
12:20	1KI.11.13	5
12:20	1KI.11.32	5
12:20	1SA.10.24	2
12:20	1KI.11.36	2
12:20	1KI.12.17	2
12:20	HOS.8.4	2
12:20	HOS.11.12	1
12:21	2CH.11.1-2CH.11.3	3
12:21	1CH.21.5	2
12:21	2CH.14.8	2
12:21	2CH.14.11	2
12:21	2CH.17.14-2CH.17.19	2
12:21	PRO.21.30-PRO.21.31	2
12:22	2CH.11.2	3
12:22	DEU.33.1	2
12:22	1KI.13.1	2
12:22	1KI.13.4-1KI.13.5	2
12:22	1KI.13.11	2
12:22	1KI.17.18	2
12:22	1KI.17.24	2
12:22	2KI.4.16	2
12:22	2KI.4.22	2
12:22	2KI.4.25	2
12:22	2KI.4.27	2
12:22	2CH.12.5-2CH.12.7	2
12:22	1TI.6.11	2
12:23	1KI.12.17	2
12:24	NUM.14.42	3
12:24	1KI.11.29-1KI.11.38	3
12:24	1KI.12.15	3
12:24	2CH.11.4	3
12:24	2CH.25.7-2CH.25.8	3
12:24	2CH.25.10	2
12:24	HOS.8.4	2
12:24	2CH.28.9-2CH.28.15	1
12:25	JDG.8.17	5
12:25	JDG.8.8	4
12:25	GEN.32.30-GEN.32.31	3
12:25	JDG.9.45-JDG.9.49	3
12:25	JDG.9.1	2
12:25	1KI.9.15	2
12:25	1KI.9.17-1KI.9.18	2
12:25	1KI.12.1	2
12:25	1KI.15.17	2
12:25	1KI.16.24	2
12:25	2CH.11.5-2CH.11.12	2
12:26	1SA.27.1	2
12:26	1KI.11.38	2
12:26	2CH.20.20	2
12:26	PSA.14.1	2
12:26	ISA.7.9	2
12:26	JER.38.18-JER.38.21	2
12:26	MRK.2.6-MRK.2.8	2
12:26	LUK.7.39	2
12:26	JHN.11.47-JHN.11.50	2
12:26	JHN.12.10-JHN.12.11	2
12:26	JHN.12.19	2
12:26	ACT.4.16-ACT.4.17	2
12:27	DEU.12.5-DEU.12.7	3
12:27	DEU.12.14	3
12:27	DEU.16.6	3
12:27	PRO.29.25	3
12:27	GEN.12.12-GEN.12.13	2
12:27	GEN.26.7	2
12:27	DEU.16.2	2
12:27	1KI.8.29-1KI.8.30	2
12:27	1KI.8.44	2
12:27	1KI.11.32	2
12:27	1CO.1.19-1CO.1.20	2
12:28	EXO.32.4	6
12:28	EXO.32.8	5
12:28	2KI.10.29	5
12:28	2KI.17.16	5
12:28	2CH.11.15	3
12:28	HOS.8.4-HOS.8.7	3
12:28	EXO.1.10	2
12:28	EXO.20.4	2
12:28	DEU.4.14-DEU.4.18	2
12:28	1KI.12.8-1KI.12.9	2
12:28	ISA.30.1	2
12:28	ISA.30.10	2
12:28	HOS.10.5-HOS.10.6	2
12:28	2PE.2.19	2
12:29	GEN.28.19	4
12:29	JDG.18.27-JDG.18.31	3
12:29	GEN.12.8	2
12:29	GEN.14.14	2
12:29	GEN.35.1	2
12:29	DEU.34.1	2
12:29	JDG.20.1	2
12:29	2KI.10.29	2
12:29	JER.8.16	2
12:29	HOS.4.15	2
12:29	AMO.8.14	2
12:30	2KI.17.21	6
12:30	1KI.13.34	5
12:30	2KI.10.31	2
12:31	1KI.13.32-1KI.13.33	5
12:31	2KI.17.32	5
12:31	2CH.13.9	5
12:31	NUM.3.10	4
12:31	2CH.11.14-2CH.11.15	4
12:31	DEU.24.15	2
12:31	1KI.13.24	2
12:31	EZK.16.25	2
12:31	EZK.44.6-EZK.44.8	2
12:31	HOS.12.11	2
12:32	NUM.29.12-NUM.29.40	3
12:32	1KI.8.2	3
12:32	1KI.8.5	3
12:32	AMO.7.10-AMO.7.13	3
12:32	LEV.23.33-LEV.23.44	2
12:32	EZK.43.8	2
12:32	MAT.15.8-MAT.15.9	2
12:33	1KI.13.1	5
12:33	NUM.15.39	4
12:33	1SA.13.12	2
12:33	2CH.26.6	2
12:33	PSA.106.39	2
12:33	ISA.29.13	2
12:33	MAT.15.6	2
12:33	MRK.7.13	2
13:1	1KI.12.32-1KI.12.33	9
13:1	2KI.23.17	9
13:1	1TH.4.15	6
13:1	JER.25.3	5
13:1	JER.32.29	4
13:1	NUM.16.40	2
13:1	1KI.12.22	2
13:1	1KI.13.5	2
13:1	1KI.13.9	2
13:1	1KI.13.26	2
13:1	1KI.13.32	2
13:1	1KI.20.35	2
13:1	2CH.9.29	2
13:1	2CH.26.18	2
13:1	JER.11.12	2
13:1	MAL.1.11	1
13:1	REV.8.3	1
13:2	2KI.23.15-2KI.23.18	4
13:2	EZK.36.1	4
13:2	2KI.22.1-2KI.22.2	3
13:2	JER.22.29	3
13:2	DEU.32.1	2
13:2	1KI.13.32	2
13:2	2CH.34.1	2
13:2	2CH.34.4-2CH.34.7	2
13:2	ISA.1.2	2
13:2	ISA.42.9	2
13:2	ISA.44.26-ISA.44.28	2
13:2	ISA.46.10	2
13:2	ISA.48.5-ISA.48.7	2
13:2	ISA.58.1	2
13:2	EZK.36.4	2
13:2	EZK.38.4	2
13:2	LUK.19.40	2
13:3	1CO.1.22	4
13:3	EXO.4.3-EXO.4.5	3
13:3	JDG.6.17	3
13:3	JHN.2.18	3
13:3	EXO.4.8-EXO.4.9	2
13:3	EXO.7.10	2
13:3	DEU.13.1-DEU.13.3	2
13:3	1SA.2.34	2
13:3	2KI.20.8	2
13:3	ISA.7.11-ISA.7.14	2
13:3	ISA.38.6-ISA.38.8	2
13:3	ISA.38.22	2
13:3	JER.44.29	2
13:3	MAT.12.38-MAT.12.40	2
13:4	REV.11.5	4
13:4	2CH.18.25-2CH.18.27	3
13:4	GEN.19.11	2
13:4	2KI.6.18-2KI.6.20	2
13:4	2CH.16.10	2
13:4	2CH.25.15-2CH.25.16	2
13:4	PSA.105.15	2
13:4	JER.20.2-JER.20.6	2
13:4	JER.26.8-JER.26.11	2
13:4	JER.26.20-JER.26.23	2
13:4	JER.38.4-JER.38.6	2
13:4	AMO.7.10-AMO.7.17	2
13:4	MAT.25.40	2
13:4	MAT.26.57	2
13:4	MRK.14.44-MRK.14.46	2
13:4	LUK.3.19-LUK.3.20	2
13:4	LUK.6.10	2
13:4	JHN.13.20	2
13:4	JHN.18.6	2
13:4	ACT.6.12-ACT.6.14	2
13:4	ACT.9.4-ACT.9.5	2
13:4	ACT.13.8-ACT.13.11	2
13:5	EXO.9.18-EXO.9.25	2
13:5	NUM.16.23-NUM.16.35	2
13:5	DEU.18.22	2
13:5	1KI.13.3	2
13:5	1KI.22.28	2
13:5	1KI.22.35	2
13:5	JER.28.16-JER.28.17	2
13:5	MRK.16.20	2
13:5	ACT.5.1-ACT.5.10	2
13:6	EXO.8.8	6
13:6	EXO.9.28	6
13:6	EXO.10.17	6
13:6	ACT.8.24	6
13:6	LUK.6.27-LUK.6.28	5
13:6	EXO.8.28	4
13:6	NUM.21.7	4
13:6	EXO.8.12-EXO.8.13	3
13:6	EXO.12.32	3
13:6	NUM.12.13	3
13:6	1SA.12.19	3
13:6	1SA.12.23	3
13:6	JER.37.3	3
13:6	JER.42.2-JER.42.4	3
13:6	MAT.5.44	3
13:6	LUK.23.34	3
13:6	ACT.7.60	3
13:6	ROM.12.14	3
13:6	ROM.12.21	3
13:6	REV.3.9	3
13:6	JAS.5.16-JAS.5.18	2
13:7	2KI.5.15	5
13:7	1SA.9.7-1SA.9.8	3
13:7	GEN.18.5	2
13:7	JDG.13.15	2
13:7	JDG.19.21	2
13:7	JER.40.5	2
13:7	MAL.1.10	2
13:7	ACT.8.18-ACT.8.20	2
13:7	1PE.5.2	2
13:8	NUM.24.13	7
13:8	NUM.22.18	6
13:8	EXO.5.3	3
13:8	EXO.5.6	3
13:8	EXO.7.2	3
13:8	1KI.13.16-1KI.13.17	3
13:8	2KI.5.16	3
13:8	2KI.5.26-2KI.5.27	3
13:8	MRK.6.11	3
13:8	MRK.6.23	3
13:8	2CO.11.9-2CO.11.10	3
13:9	JOB.23.12	3
13:9	JHN.13.17	3
13:9	JHN.15.9-JHN.15.10	3
13:9	JHN.15.14	3
13:9	ROM.16.17	3
13:9	NUM.16.26	2
13:9	DEU.13.13-DEU.13.18	2
13:9	1SA.15.22	2
13:9	1KI.13.1	2
13:9	1KI.13.21-1KI.13.22	2
13:9	PSA.141.4	1
13:9	1CO.5.11	1
13:9	EPH.5.11	1
13:9	2JN.1.10-2JN.1.11	1
13:9	REV.18.4	1
13:11	2KI.23.18	4
13:11	NUM.23.4-NUM.23.5	2
13:11	NUM.24.2	2
13:11	1SA.10.11	2
13:11	1KI.13.20-1KI.13.21	2
13:11	1KI.13.25	2
13:11	EZK.13.2	2
13:11	EZK.13.16	2
13:11	MAT.7.22	2
13:11	1TI.3.5	2
13:11	2PE.2.16	2
13:13	NUM.22.21	2
13:13	JDG.5.10	2
13:13	JDG.10.4	2
13:13	2SA.19.26	2
13:13	1KI.13.27	2
13:14	1KI.19.4	2
13:14	JHN.4.6	2
13:14	JHN.4.34	2
13:14	1CO.4.11-1CO.4.12	2
13:14	2CO.11.27	2
13:14	PHP.4.12-PHP.4.13	2
13:16	1KI.13.8-1KI.13.9	4
13:16	GEN.3.1-GEN.3.3	2
13:16	NUM.22.13	2
13:16	NUM.22.19	2
13:16	MAT.4.10	2
13:16	MAT.16.23	2
13:17	1KI.20.35	4
13:17	1TH.4.15	2
13:17	1KI.13.1	1
13:18	1JN.4.1	8
13:18	MAT.7.15	6
13:18	NUM.22.35	4
13:18	JER.23.32	4
13:18	JER.28.15-JER.28.16	4
13:18	ROM.16.18	4
13:18	2CO.11.13-2CO.11.15	4
13:18	2PE.2.1	4
13:18	GEN.3.4-GEN.3.5	3
13:18	ISA.9.15	3
13:18	JER.5.12	3
13:18	JER.5.31	3
13:18	JER.23.17	3
13:18	EZK.13.9-EZK.13.10	3
13:18	EZK.13.22	3
13:18	2CO.11.3	3
13:18	JDG.6.11-JDG.6.12	2
13:18	JDG.13.3	2
13:18	JER.23.14	2
13:18	MAT.24.24	2
13:18	REV.19.20	2
13:19	GEN.3.6	2
13:19	DEU.13.1	2
13:19	DEU.13.3	2
13:19	DEU.13.5	2
13:19	DEU.18.20	2
13:19	1KI.13.9	2
13:19	ACT.4.19	2
13:19	2PE.2.18-2PE.2.19	2
13:20	NUM.23.5	2
13:20	NUM.23.16	2
13:20	NUM.24.4	2
13:20	NUM.24.16-NUM.24.24	2
13:20	MAT.7.22	2
13:20	JHN.11.51	2
13:20	1CO.13.2	2
13:21	1SA.13.13-1SA.13.14	3
13:21	1SA.15.22-1SA.15.24	3
13:21	GAL.1.8-GAL.1.9	3
13:21	GEN.3.7	2
13:21	LEV.10.3	2
13:21	NUM.20.12	2
13:21	NUM.20.24	2
13:21	1SA.4.18	2
13:21	1SA.15.19	2
13:21	2SA.6.7	2
13:21	2SA.12.9-2SA.12.11	2
13:21	2SA.24.13	2
13:21	1KI.13.17	2
13:21	EST.6.13	2
13:21	JER.2.19	2
13:21	REV.3.19	2
13:22	1KI.13.30	2
13:22	1KI.14.13	2
13:22	2CH.21.19-2CH.21.20	2
13:22	ISA.14.18-ISA.14.20	2
13:22	JER.22.18-JER.22.19	2
13:24	1KI.20.36	5
13:24	2KI.2.24	2
13:24	PRO.22.13	2
13:24	PRO.26.13	2
13:24	AMO.5.19	2
13:24	1CO.11.31-1CO.11.32	2
13:24	1PE.4.17-1PE.4.18	2
13:25	1KI.13.11	2
13:26	EZK.9.6	3
13:26	LEV.10.3	2
13:26	2SA.12.10	2
13:26	2SA.12.14	2
13:26	PSA.119.120	2
13:26	PRO.11.31	2
13:26	1CO.11.30	2
13:26	HEB.12.28-HEB.12.29	2
13:26	1PE.4.17	1
13:28	1KI.17.4	3
13:28	1KI.17.6	3
13:28	JOB.38.11	3
13:28	PSA.148.7-PSA.148.8	3
13:28	JER.5.22-JER.5.23	3
13:28	DAN.3.22	3
13:28	DAN.3.27-DAN.3.28	3
13:28	DAN.6.22-DAN.6.24	3
13:28	ACT.16.26	3
13:28	HEB.11.33-HEB.11.34	3
13:28	LEV.10.2	2
13:28	LEV.10.5	2
13:30	JER.22.18	5
13:30	1KI.14.13	2
13:30	ACT.8.2	2
13:31	2KI.23.17-2KI.23.18	4
13:31	NUM.23.10	2
13:31	PSA.26.9	2
13:31	ECC.8.10	2
13:31	LUK.16.22-LUK.16.23	2
13:32	1KI.16.24	6
13:32	1KI.13.2	5
13:32	LEV.26.30	4
13:32	1KI.12.31	4
13:32	2KI.23.16-2KI.23.19	3
13:32	1KI.12.29	2
13:32	2CH.25.13	2
13:32	EZR.4.10	2
13:32	JHN.4.4-JHN.4.5	2
13:33	2CH.11.15	3
13:33	2CH.13.9	3
13:33	EXO.28.41	2
13:33	NUM.1.51	2
13:33	NUM.3.10	2
13:33	NUM.17.5	2
13:33	NUM.17.12-NUM.17.13	2
13:33	JDG.17.12	2
13:33	1KI.12.31-1KI.12.33	2
13:33	PSA.78.34	2
13:33	JER.18.4	2
13:33	AMO.6.11	2
13:33	2TI.3.13	2
13:34	1KI.12.30	5
13:34	1KI.14.10	5
13:34	1KI.15.29-1KI.15.30	5
13:34	2KI.17.21	4
13:34	1KI.12.26	3
13:34	2KI.10.31	3
13:34	PRO.13.6	2
14:1	EXO.20.5	2
14:1	1SA.4.19-1SA.4.20	2
14:1	1SA.31.2	2
14:1	2SA.12.15	2
14:1	1KI.13.33-1KI.13.34	2
14:1	1KI.14.12-1KI.14.13	2
14:2	1SA.28.8	5
14:2	2SA.14.2	5
14:2	1KI.11.29-1KI.11.38	5
14:2	2CH.18.29	4
14:2	JOS.18.1	3
14:2	1KI.14.5-1KI.14.6	3
14:2	1KI.22.30	3
14:2	LUK.12.2	3
14:3	1SA.9.7-1SA.9.8	4
14:3	1KI.13.7	3
14:3	2KI.4.42	3
14:3	2KI.1.2	2
14:3	2KI.5.5	2
14:3	2KI.5.15	2
14:3	2KI.8.7-2KI.8.9	2
14:3	LUK.7.2-LUK.7.3	2
14:3	JHN.4.47-JHN.4.48	2
14:3	JHN.11.3	2
14:4	1KI.11.29	4
14:4	1SA.3.2	3
14:4	1SA.4.15	3
14:4	GEN.27.1	2
14:4	GEN.48.10	2
14:4	DEU.34.7	2
14:4	JOS.18.1	2
14:4	1SA.4.3-1SA.4.4	2
14:4	1KI.14.2	2
14:4	PSA.90.10	2
14:4	ECC.12.3	2
14:4	JER.7.12-JER.7.14	2
14:5	2KI.4.27	2
14:5	2KI.6.8-2KI.6.12	2
14:5	PSA.139.1-PSA.139.4	2
14:5	PRO.21.30	2
14:5	AMO.3.7	2
14:5	ACT.10.19-ACT.10.20	1
14:6	1SA.15.16	2
14:6	1SA.15.26	2
14:6	1SA.28.18	2
14:6	1KI.13.20-1KI.13.22	2
14:6	1KI.14.2	2
14:6	1KI.14.5	2
14:6	1KI.14.10-1KI.14.11	2
14:6	1KI.20.42	2
14:6	1KI.21.18-1KI.21.24	2
14:6	1KI.22.8	2
14:6	JOB.5.13	2
14:6	PSA.33.10	2
14:6	JER.21.2-JER.21.7	2
14:6	EZK.2.4-EZK.2.5	2
14:6	EZK.14.3-EZK.14.5	2
14:6	EZK.14.7-EZK.14.8	2
14:6	DAN.4.19-DAN.4.25	2
14:6	DAN.5.17-DAN.5.28	2
14:6	MRK.14.21	2
14:6	LUK.20.20-LUK.20.23	2
14:6	ACT.5.3-ACT.5.5	2
14:6	ACT.5.9-ACT.5.10	2
14:6	HEB.4.13	2
14:7	1KI.16.2	5
14:7	2SA.12.7-2SA.12.8	4
14:7	1SA.2.27-1SA.2.30	2
14:7	1SA.15.16	2
14:7	1KI.12.24	2
14:8	1KI.15.5	7
14:8	1KI.11.33-1KI.11.38	4
14:8	2CH.28.1	4
14:8	ACT.13.22	4
14:8	ACT.13.36	4
14:8	1KI.3.14	3
14:8	1KI.11.30-1KI.11.31	3
14:8	2CH.17.3	3
14:9	NEH.9.26	7
14:9	PSA.50.17	7
14:9	EZK.23.35	7
14:9	1KI.12.28	6
14:9	2CH.11.15	6
14:9	EXO.34.17	5
14:9	1CO.10.22	4
14:9	PSA.78.40	3
14:9	PSA.106.29	3
14:9	PSA.115.4-PSA.115.8	3
14:9	ISA.44.9-ISA.44.20	3
14:9	JER.7.9-JER.7.10	3
14:9	JER.10.14-JER.10.16	3
14:9	EZK.8.3	3
14:9	EZK.8.17	3
14:9	DEU.9.8-DEU.9.16	2
14:9	DEU.9.24	2
14:9	DEU.32.16-DEU.32.17	2
14:9	DEU.32.21	2
14:9	JDG.5.8	2
14:9	1KI.13.33-1KI.13.34	2
14:9	1KI.14.16	2
14:9	1KI.14.22	2
14:9	1KI.15.34	2
14:9	1KI.16.31	2
14:9	2KI.21.3	2
14:9	2KI.23.26	2
14:9	2CH.33.6	2
14:9	PSA.78.56	2
14:9	PSA.106.19-PSA.106.20	2
14:10	DEU.32.36	5
14:10	1KI.21.21	5
14:10	2KI.14.26	5
14:10	2KI.9.8-2KI.9.9	3
14:10	1SA.2.30	2
14:10	1SA.25.22	2
14:10	1SA.25.34	2
14:10	1KI.15.25-1KI.15.30	2
14:10	1KI.16.11	2
14:10	2KI.9.37	2
14:10	2KI.21.13	2
14:10	JOB.20.7	2
14:10	PSA.83.10	2
14:10	ISA.5.25	2
14:10	ISA.14.19	2
14:10	ISA.14.23	2
14:10	JER.8.2	2
14:10	EZK.26.4	2
14:10	AMO.3.6	2
14:10	ZEP.1.17	2
14:10	MAL.2.3	2
14:10	LUK.14.34-LUK.14.35	2
14:11	1KI.16.4	6
14:11	1KI.21.23-1KI.21.24	3
14:11	JER.15.3	3
14:11	REV.19.17-REV.19.18	3
14:11	1KI.21.19	2
14:11	ISA.66.24	2
14:11	EZK.39.17-EZK.39.19	2
14:12	1KI.14.3	2
14:12	1KI.14.16-1KI.14.17	2
14:12	2KI.1.6	2
14:12	2KI.1.16	2
14:12	JHN.4.50-JHN.4.52	2
14:13	2CH.19.3	8
14:13	2CH.12.12	4
14:13	NUM.20.29	2
14:13	JOB.19.28	2
14:13	JER.22.10	2
14:13	JER.22.18	2
14:13	EZK.18.14-EZK.18.32	2
14:13	PHM.1.6	2
14:13	2PE.2.8-2PE.2.9	2
14:14	1KI.15.27-1KI.15.29	4
14:14	ECC.8.11	2
14:14	EZK.7.2-EZK.7.7	2
14:14	EZK.12.22-EZK.12.28	2
14:14	JAS.5.9	2
14:14	2PE.2.3	2
14:15	JOS.23.15-JOS.23.16	5
14:15	PSA.52.5	5
14:15	2KI.15.29	4
14:15	EXO.34.13-EXO.34.14	3
14:15	DEU.12.3-DEU.12.4	3
14:15	PRO.2.22	3
14:15	LEV.26.32-LEV.26.34	2
14:15	LEV.26.43	2
14:15	DEU.4.26-DEU.4.27	2
14:15	DEU.28.36	2
14:15	DEU.28.63-DEU.28.68	2
14:15	DEU.29.24-DEU.29.28	2
14:15	1SA.12.25	2
14:15	1KI.14.9	2
14:15	1KI.14.23-1KI.14.24	2
14:15	2KI.17.6-2KI.17.7	2
14:15	2KI.17.23	2
14:15	2KI.18.11-2KI.18.12	2
14:15	ISA.1.28-ISA.1.29	2
14:15	AMO.2.9	2
14:15	AMO.5.27	2
14:15	ZEP.2.4	2
14:15	MAT.11.7	2
14:15	MAT.15.13	2
14:15	LUK.7.24	2
14:15	ACT.7.43	2
14:16	1KI.13.34	5
14:16	1KI.15.30	5
14:16	1KI.15.34	5
14:16	1KI.16.2	5
14:16	1KI.12.30	4
14:16	EXO.32.21	2
14:16	EXO.32.35	2
14:16	PSA.81.12	2
14:16	ISA.40.24	2
14:16	JER.5.31	2
14:16	HOS.5.11-HOS.5.12	2
14:16	HOS.9.11-HOS.9.12	2
14:16	HOS.9.16-HOS.9.17	2
14:16	MIC.6.16	2
14:16	MAT.18.7	2
14:16	ROM.14.13	2
14:17	1KI.15.33	5
14:17	1KI.15.21	4
14:17	1KI.16.15	4
14:17	1KI.16.23	4
14:17	SNG.6.4	3
14:17	JOS.12.24	2
14:17	1SA.2.20-1SA.2.34	2
14:17	1SA.4.18-1SA.4.20	2
14:17	1KI.14.12-1KI.14.13	2
14:17	1KI.16.6-1KI.16.9	2
14:18	1KI.14.13	2
14:19	2CH.13.2-2CH.13.20	4
14:19	1KI.14.29-1KI.14.30	2
14:19	1KI.15.31	2
14:19	1KI.16.5	2
14:19	1KI.16.14	2
14:19	1KI.16.20	2
14:19	1KI.16.27	2
14:19	1KI.22.39	2
14:19	1CH.27.24	2
14:19	EST.6.1	2
14:20	JOB.14.12	3
14:20	1KI.2.10	2
14:20	1KI.11.43	2
14:20	PSA.3.5	2
14:20	1KI.15.25-1KI.15.31	1
14:20	PSA.4.8	1
14:21	2CH.12.13	9
14:21	1KI.11.36	4
14:21	1KI.14.31	3
14:21	EXO.20.24	2
14:21	DEU.12.5	2
14:21	DEU.12.21	2
14:21	DEU.23.3	2
14:21	1KI.8.16	2
14:21	1KI.8.44	2
14:21	1KI.11.32	2
14:21	1KI.11.43	2
14:21	2CH.13.7	2
14:21	PSA.78.68-PSA.78.69	2
14:21	PSA.87.1-PSA.87.2	2
14:21	PSA.132.13-PSA.132.14	2
14:21	ISA.12.6	2
14:22	2CH.12.1	6
14:22	1CO.10.22	6
14:22	PSA.78.58	5
14:22	DEU.4.24	3
14:22	DEU.29.28	3
14:22	DEU.32.16-DEU.32.21	3
14:22	JDG.3.7	3
14:22	JDG.3.12	3
14:22	JDG.4.1	3
14:22	1KI.14.9	3
14:22	1KI.16.30	3
14:22	2KI.17.19	3
14:22	2CH.12.14	3
14:22	ISA.65.3-ISA.65.4	3
14:22	2KI.21.11	2
14:22	JER.3.7-JER.3.11	2
14:22	EZK.16.47-EZK.16.48	2
14:23	DEU.12.2	8
14:23	ISA.57.5	7
14:23	2KI.17.9-2KI.17.10	3
14:23	EZK.16.24-EZK.16.25	3
14:23	LEV.26.1	2
14:23	DEU.16.22	2
14:23	1KI.3.2	2
14:23	1KI.14.15	2
14:23	2KI.21.3-2KI.21.7	2
14:23	2CH.28.4	2
14:23	JER.2.20	2
14:23	JER.3.13	2
14:23	JER.17.2	2
14:23	EZK.20.28-EZK.20.29	2
14:23	MIC.5.14	2
14:24	DEU.23.17	7
14:24	1KI.15.12	5
14:24	2KI.23.7	5
14:24	1CO.6.9	5
14:24	GEN.19.5	4
14:24	1KI.22.46	4
14:24	JDG.19.22	3
14:24	ROM.1.24-ROM.1.27	3
14:25	1KI.11.40	4
14:25	2CH.12.2-2CH.12.4	2
14:25	2CH.12.9	2
14:26	1KI.15.18	5
14:26	2CH.9.15-2CH.9.16	4
14:26	1KI.7.51	2
14:26	1KI.10.16-1KI.10.17	2
14:26	2KI.24.13	2
14:26	2CH.12.9-2CH.12.11	2
14:26	PSA.39.6	2
14:26	PSA.89.35-PSA.89.45	2
14:26	PRO.23.5	2
14:26	ECC.2.18-ECC.2.19	2
14:27	1SA.8.11	3
14:27	1SA.22.17	3
14:27	2SA.15.1	2
14:27	1KI.14.1	2
14:27	1KI.14.5	2
14:27	1KI.18.46	2
14:27	LAM.4.1-LAM.4.2	2
14:28	2CH.12.11	2
14:29	1KI.11.41	2
14:29	1KI.14.19	2
14:29	1KI.15.23	2
14:29	1KI.22.45	2
14:29	2CH.12.15-2CH.12.16	2
14:30	1KI.12.21	3
14:30	1KI.12.24	3
14:30	1KI.15.6-1KI.15.7	2
14:30	2CH.12.15	2
14:31	2CH.12.16	5
14:31	MAT.1.7	3
14:31	1KI.11.43	2
14:31	1KI.14.20-1KI.14.21	2
14:31	1KI.15.3	2
14:31	1KI.15.24	2
14:31	1KI.22.50	2
14:31	1CH.3.10	2
15:1	1KI.14.31	2
15:1	2CH.13.1-2CH.13.22	2
15:2	2CH.13.2	4
15:2	1KI.15.13	2
15:2	2CH.11.20-2CH.11.22	2
15:3	1KI.11.4	5
15:3	PSA.119.80	4
15:3	1KI.3.14	2
15:3	1KI.11.33	2
15:3	1KI.14.21-1KI.14.22	2
15:3	2KI.20.3	2
15:3	2CH.31.20-2CH.31.21	2
15:3	2CH.25.2	1
15:4	1KI.11.36	6
15:4	2CH.21.7	5
15:4	GEN.12.2	3
15:4	2SA.7.12-2SA.7.16	3
15:4	1KI.11.12	3
15:4	1KI.11.32	3
15:4	PSA.18.28	3
15:4	PSA.132.17	3
15:4	ISA.37.35	3
15:4	GEN.19.29	2
15:4	GEN.26.5	2
15:4	DEU.4.37	2
15:4	2SA.21.17	2
15:4	PSA.87.5	2
15:4	ISA.9.7	2
15:4	ISA.14.32	2
15:4	ISA.62.7	2
15:4	JER.33.2	2
15:4	JER.33.20-JER.33.26	2
15:4	MIC.4.1-MIC.4.2	2
15:4	MAT.16.18	2
15:4	LUK.1.69-LUK.1.79	2
15:4	LUK.2.32	2
15:4	JHN.8.12	2
15:4	ROM.11.28	2
15:4	REV.22.16	2
15:5	1KI.14.8	8
15:5	2SA.11.15-2SA.11.17	6
15:5	1KI.15.3	4
15:5	2CH.34.2	4
15:5	PSA.51.1	4
15:5	2SA.11.3-2SA.11.4	3
15:5	2SA.12.9-2SA.12.10	3
15:5	PSA.119.6	3
15:5	LUK.1.6	3
15:5	ACT.13.22	3
15:5	1KI.9.4	2
15:5	ACT.13.36	2
15:5	2KI.22.2	1
15:6	1KI.14.30	5
15:7	2CH.13.2-2CH.13.22	3
15:7	1KI.14.29	2
15:8	2CH.14.1	4
15:8	1KI.14.31	3
15:8	1KI.14.1	2
15:8	1CH.3.9	2
15:8	MAT.1.7-MAT.1.8	2
15:10	1KI.15.2	4
15:10	1KI.15.13	2
15:10	2CH.11.20-2CH.11.21	2
15:10	2CH.13.2	2
15:11	2CH.14.2	5
15:11	2CH.15.17	3
15:11	1KI.15.3	2
15:11	2CH.14.11	2
15:11	2CH.16.7-2CH.16.10	2
15:12	1KI.22.46	5
15:12	1KI.14.23-1KI.14.24	4
15:12	1KI.11.7-1KI.11.8	3
15:12	2CH.14.2-2CH.14.5	3
15:12	ROM.1.26-ROM.1.27	3
15:12	1PE.1.18	3
15:12	JUD.1.7	3
15:12	1KI.15.3	2
15:12	EZK.20.18-EZK.20.19	2
15:12	ZEC.1.2-ZEC.1.6	2
15:13	EXO.32.20	5
15:13	LEV.26.30	2
15:13	DEU.7.5	2
15:13	DEU.9.21	2
15:13	DEU.13.6-DEU.13.11	2
15:13	DEU.33.9	2
15:13	JOS.6.24	2
15:13	2SA.15.23	2
15:13	1KI.15.2	2
15:13	1KI.15.10	2
15:13	2KI.18.4	2
15:13	2KI.23.6	2
15:13	2KI.23.12-2KI.23.15	2
15:13	2CH.15.15-2CH.15.19	2
15:13	2CH.34.4	2
15:13	ZEC.13.3	2
15:13	MAT.10.37	2
15:13	MAT.12.46-MAT.12.50	2
15:13	JHN.18.1	2
15:13	2CO.5.16	2
15:13	GAL.2.5-GAL.2.6	2
15:13	GAL.2.14	2
15:14	1KI.22.43	6
15:14	1KI.8.61	5
15:14	1KI.15.3	5
15:14	2KI.12.3	4
15:14	2KI.14.4	3
15:14	2CH.14.3	3
15:14	2CH.14.5	3
15:14	2CH.15.17-2CH.15.18	3
15:14	1KI.11.4	2
15:14	2KI.15.4	2
15:14	2CH.16.9	2
15:14	2CH.25.2	2
15:15	1KI.7.51	5
15:15	1CH.26.26-1CH.26.28	2
15:15	2CH.14.13	2
15:15	2CH.15.18	2
15:16	1KI.15.32	5
15:16	1KI.14.30	2
15:16	1KI.15.6-1KI.15.7	2
15:16	2CH.16.1-2CH.16.6	2
15:17	1KI.12.27	5
15:17	JOS.18.25	4
15:17	2CH.16.1-2CH.16.6	4
15:17	1KI.15.21-1KI.15.22	3
15:17	1SA.15.34	2
15:17	1KI.15.27	2
15:17	2CH.11.13-2CH.11.17	2
15:17	JER.31.15	2
15:18	1KI.14.26	5
15:18	2KI.12.18	5
15:18	1KI.11.23-1KI.11.24	4
15:18	1KI.15.15	4
15:18	GEN.14.15	3
15:18	GEN.15.2	2
15:18	1KI.20.1-1KI.20.5	2
15:18	1KI.20.33-1KI.20.34	2
15:18	2KI.8.7-2KI.8.15	2
15:18	2KI.18.15-2KI.18.16	2
15:18	2CH.15.18	2
15:18	2CH.16.2-2CH.16.6	2
15:18	JER.49.27	2
15:18	AMO.1.4	2
15:19	ROM.1.31	3
15:19	2SA.21.2	2
15:19	2CH.16.3	2
15:19	2CH.16.7	2
15:19	2CH.19.2	2
15:19	ISA.31.1	2
15:19	EZK.17.13-EZK.17.16	2
15:19	ROM.3.8	2
15:20	2KI.15.29	7
15:20	JDG.18.29	5
15:20	JOS.11.2	4
15:20	JOS.12.3	3
15:20	2SA.20.14-2SA.20.15	3
15:20	1KI.12.29	3
15:20	GEN.14.14	2
15:21	1KI.14.17	4
15:21	1KI.16.15-1KI.16.18	3
15:21	1KI.15.17	2
15:21	2CH.16.5	2
15:21	SNG.6.4	2
15:22	JOS.21.17	5
15:22	JOS.18.24	4
15:22	JOS.18.26	3
15:22	2CH.16.6	3
15:22	1SA.7.5	2
15:22	JER.40.6	2
15:22	JER.40.10	2
15:23	1KI.14.29-1KI.14.31	2
15:23	1KI.15.7-1KI.15.8	2
15:23	2CH.16.11-2CH.16.14	2
15:23	PSA.90.10	2
15:24	MAT.1.8	5
15:24	1KI.22.41-1KI.22.43	3
15:24	2CH.17.1-2CH.17.9	2
15:25	1KI.14.20	4
15:25	1KI.14.12	2
15:26	1KI.14.16	5
15:26	1KI.15.30	4
15:26	1KI.15.34	4
15:26	1KI.12.28-1KI.12.33	3
15:26	1KI.13.33-1KI.13.34	3
15:26	GEN.20.9	2
15:26	EXO.32.21	2
15:26	1SA.2.24	2
15:26	1KI.16.7	2
15:26	1KI.16.19	2
15:26	1KI.16.25-1KI.16.26	2
15:26	1KI.16.30	2
15:26	1KI.21.22	2
15:26	1KI.22.52	2
15:26	2KI.3.3	2
15:26	2KI.21.11	2
15:26	2KI.23.15	2
15:26	JER.32.35	2
15:26	ROM.14.15	2
15:26	1CO.8.10-1CO.8.13	2
15:27	JOS.19.44	5
15:27	JOS.21.23	5
15:27	1KI.14.14	5
15:27	1KI.16.15	4
15:27	1KI.15.16-1KI.15.17	2
15:27	1KI.16.9	2
15:27	1KI.16.17	2
15:27	2KI.12.20	2
15:28	DEU.32.35	2
15:29	1KI.14.9-1KI.14.16	5
15:29	2KI.9.7-2KI.9.10	2
15:29	2KI.9.36-2KI.9.37	2
15:29	2KI.10.10-2KI.10.11	2
15:29	2KI.10.31	2
15:29	2KI.19.25	2
15:30	1KI.15.26	4
15:30	1KI.14.9-1KI.14.16	2
15:30	1KI.14.22	2
15:31	1KI.14.19	3
15:31	1KI.16.5	2
15:31	1KI.16.14	2
15:31	1KI.16.20	2
15:31	1KI.16.27	2
15:32	1KI.15.16	3
15:33	1KI.16.8	2
15:34	1KI.15.26	5
15:34	1KI.12.28-1KI.12.29	3
15:34	1KI.14.16	3
15:34	1KI.13.33-1KI.13.34	2
15:34	ISA.1.4	2
16:1	2CH.19.2	5
16:1	2CH.20.34	5
16:1	1KI.16.7	4
16:1	2CH.16.7-2CH.16.10	3
16:1	1KI.15.33	2
16:2	1KI.14.7	5
16:2	1KI.15.34	5
16:2	1SA.2.8	4
16:2	PSA.113.7-PSA.113.8	3
16:2	EXO.32.21	2
16:2	1SA.2.24	2
16:2	1SA.2.27-1SA.2.28	2
16:2	1SA.15.17-1SA.15.19	2
16:2	1SA.26.19	2
16:2	2SA.12.7-2SA.12.11	2
16:2	1KI.13.33-1KI.13.34	2
16:2	1KI.14.16	2
16:2	1KI.15.26	2
16:2	MAT.5.19	2
16:2	LUK.1.52	2
16:3	1KI.14.10	5
16:3	1KI.15.29-1KI.15.30	2
16:3	1KI.16.11-1KI.16.12	2
16:3	1KI.21.21-1KI.21.24	2
16:3	ISA.66.24	2
16:3	JER.22.19	2
16:4	1KI.14.11	5
16:4	1KI.21.24	2
16:5	1KI.14.19	4
16:5	1KI.15.31	4
16:5	2CH.16.1-2CH.16.6	2
16:6	1KI.14.17	5
16:6	1KI.15.21	4
16:6	1KI.14.20	2
16:6	1KI.15.25	2
16:6	1KI.16.8	2
16:6	1KI.16.13-1KI.16.14	2
16:7	1KI.14.14	3
16:7	PSA.115.4	3
16:7	ISA.2.8	3
16:7	HOS.1.4	3
16:7	EXO.20.5	2
16:7	1KI.15.27-1KI.15.29	2
16:7	1KI.16.1-1KI.16.2	2
16:7	2KI.10.30-2KI.10.31	2
16:7	ISA.10.6-ISA.10.7	2
16:7	ISA.44.9-ISA.44.20	2
16:7	ACT.2.23	2
16:7	ACT.4.27-ACT.4.28	2
16:9	GEN.24.2	3
16:9	GEN.39.4	3
16:9	1KI.18.3	3
16:9	DAN.5.1-DAN.5.4	3
16:9	GEN.15.2	2
16:9	GEN.24.10	2
16:9	GEN.39.9	2
16:9	1SA.25.36-1SA.25.38	2
16:9	2SA.13.28-2SA.13.29	2
16:9	1KI.15.27	2
16:9	1KI.20.16	2
16:9	2KI.9.14	2
16:9	2KI.9.30-2KI.9.33	2
16:9	2KI.12.20	2
16:9	2KI.15.10	2
16:9	2KI.15.25	2
16:9	2KI.15.30	2
16:9	PRO.23.29-PRO.23.35	2
16:9	JER.51.57	2
16:9	DAN.5.30	2
16:9	NAM.1.10	2
16:9	HAB.2.15-HAB.2.16	2
16:9	MAT.24.49-MAT.24.51	2
16:9	LUK.21.34	2
16:10	2KI.9.31	2
16:11	1SA.25.22	3
16:11	1KI.15.29	3
16:11	1KI.16.3	3
16:11	JDG.1.7	2
16:11	1SA.25.34	2
16:11	1KI.14.10	2
16:12	1KI.16.1	3
16:12	1KI.14.18	2
16:12	1KI.16.3	2
16:12	1KI.16.7	2
16:12	2KI.14.25	2
16:12	2CH.10.15	2
16:12	PRO.26.6	2
16:13	DEU.32.21	5
16:13	1SA.12.21	3
16:13	1KI.15.30	3
16:13	ISA.41.29	3
16:13	JER.10.15	3
16:13	2KI.17.15	2
16:13	JER.10.3-JER.10.5	2
16:13	JER.10.8	2
16:13	JON.2.8	2
16:13	ROM.1.21-ROM.1.23	2
16:13	1CO.8.4	2
16:13	1CO.10.19-1CO.10.20	2
16:15	1KI.15.27	5
16:15	JOS.19.44	3
16:15	JOS.21.23	2
16:15	1KI.16.8	2
16:15	2KI.9.31	2
16:15	JOB.20.5	2
16:15	PSA.37.35	2
16:16	1KI.16.30	2
16:16	2KI.8.26	2
16:16	2CH.22.2	2
16:16	MIC.6.16	2
16:17	JDG.9.45	2
16:17	JDG.9.50	2
16:17	JDG.9.56-JDG.9.57	2
16:17	2KI.6.24-2KI.6.25	2
16:17	2KI.18.9-2KI.18.12	2
16:17	2KI.25.1-2KI.25.4	2
16:17	LUK.19.43-LUK.19.44	2
16:18	2SA.17.23	4
16:18	1SA.31.4-1SA.31.5	3
16:18	JDG.9.54	2
16:18	JOB.2.9-JOB.2.10	2
16:18	MAT.27.5	2
16:19	1KI.15.26	4
16:19	1KI.12.28	3
16:19	1KI.14.16	3
16:19	1KI.15.34	3
16:19	1KI.15.30	2
16:19	1KI.16.7	2
16:19	1KI.16.13	2
16:19	PSA.9.16	2
16:19	PSA.58.9-PSA.58.11	2
16:20	1KI.16.5	3
16:20	1KI.16.14	3
16:20	1KI.16.27	3
16:20	1KI.14.19	2
16:20	1KI.15.31	2
16:20	1KI.22.39	2
16:21	1KI.15.25	2
16:21	1KI.15.28	2
16:21	1KI.16.8	2
16:21	1KI.16.29	2
16:21	PRO.28.2	2
16:21	ISA.9.18-ISA.9.21	2
16:21	ISA.19.2	2
16:21	MAT.12.25	2
16:21	1CO.1.12-1CO.1.13	2
16:21	EPH.4.3-EPH.4.5	2
16:23	1KI.15.21	2
16:23	1KI.16.8	2
16:23	1KI.16.29	2
16:23	2CH.22.2	2
16:24	1KI.13.32	5
16:24	1KI.16.28-1KI.16.29	3
16:24	1KI.16.32	3
16:24	1KI.18.2	3
16:24	1KI.20.1	3
16:24	1KI.22.37	3
16:24	2KI.17.1	3
16:24	2KI.17.6	3
16:24	2KI.17.24	3
16:24	JHN.4.4-JHN.4.5	3
16:24	ACT.8.5-ACT.8.8	3
16:25	MIC.6.16	5
16:25	1KI.14.9	3
16:25	1KI.16.30-1KI.16.31	3
16:25	1KI.16.33	3
16:26	1KI.16.19	5
16:26	1KI.16.13	3
16:26	1KI.12.26-1KI.12.33	2
16:26	1KI.13.33-1KI.13.34	2
16:26	1KI.16.2	2
16:26	1KI.16.7	2
16:26	PSA.31.6	2
16:26	JER.8.19	2
16:26	JER.10.3	2
16:26	JER.10.8	2
16:26	JER.14.22	2
16:26	JER.16.19	2
16:26	JER.18.15	2
16:26	ACT.14.15	2
16:26	ROM.1.21-ROM.1.23	2
16:27	1KI.15.31	2
16:27	1KI.16.5	2
16:27	1KI.16.14	2
16:27	1KI.16.20	2
16:30	1KI.16.25	6
16:30	1KI.14.9	4
16:30	1KI.21.25	4
16:30	2KI.3.2	3
16:30	1KI.16.31	2
16:30	1KI.16.33	2
16:31	2KI.17.16	6
16:31	2KI.10.18	5
16:31	JDG.18.7	4
16:31	DEU.7.3-DEU.7.4	3
16:31	JDG.2.11	3
16:31	1KI.21.25-1KI.21.26	3
16:31	GEN.6.2	2
16:31	GEN.30.15	2
16:31	NUM.16.9	2
16:31	JOS.23.12-JOS.23.13	2
16:31	JDG.3.7	2
16:31	JDG.10.6	2
16:31	JDG.10.12	2
16:31	1KI.11.1-1KI.11.2	2
16:31	1KI.11.4-1KI.11.8	2
16:31	1KI.18.4	2
16:31	1KI.18.19	2
16:31	1KI.19.1-1KI.19.2	2
16:31	1KI.21.5-1KI.21.14	2
16:31	2KI.9.30-2KI.9.37	2
16:31	NEH.13.23-NEH.13.29	2
16:31	ISA.7.13	2
16:31	EZK.8.17	2
16:31	EZK.16.20	2
16:31	EZK.16.47	2
16:31	EZK.34.18	2
16:31	REV.2.20	2
16:32	2KI.10.21	5
16:32	2KI.10.26-2KI.10.27	4
16:33	2KI.13.6	5
16:33	1KI.21.25	4
16:33	EXO.34.13	3
16:33	2KI.21.3	3
16:33	1KI.14.9	2
16:33	1KI.16.29-1KI.16.30	2
16:33	1KI.21.19	2
16:33	1KI.22.6	2
16:33	1KI.22.8	2
16:33	2KI.17.16	2
16:33	JER.17.1-JER.17.2	2
16:34	JOS.6.26	66
16:34	MAT.24.35	1
17:1	LUK.4.25-LUK.4.26	16
17:1	JAS.5.17	15
17:1	LUK.1.17	11
17:1	1KI.22.14	9
17:1	2KI.3.14	8
17:1	DEU.10.8	5
17:1	1KI.18.1	5
17:1	MAT.7.29	5
17:1	LUK.1.19	5
17:1	LUK.9.30	5
17:1	LUK.21.36	5
17:1	ACT.27.23	5
17:1	ROM.11.2	5
17:1	REV.11.6	5
17:1	JDG.12.4	4
17:1	1KI.18.10	4
17:1	1KI.18.15	4
17:1	2KI.5.16	4
17:1	ISA.49.18	4
17:1	JER.15.19	4
17:1	MAT.16.14	3
17:1	MAT.27.47	3
17:1	MAT.27.49	3
17:1	LUK.9.33	3
17:1	LUK.9.54	3
17:1	JHN.1.21	3
17:1	JHN.1.25	3
17:1	MAT.11.14	2
17:2	JER.11.1	4
17:2	JER.18.1	4
17:2	1KI.12.22	3
17:2	1CH.17.3	3
17:2	JER.7.1	3
17:2	HOS.1.1-HOS.1.2	3
17:3	1KI.22.25	4
17:3	PSA.31.20	4
17:3	PSA.83.3	4
17:3	JER.36.19	4
17:3	JER.36.26	4
17:3	JHN.8.59	4
17:3	HEB.11.38	4
17:3	REV.12.6	4
17:3	REV.12.14	4
17:3	ACT.17.14	3
17:4	1KI.17.9	11
17:4	PSA.147.9	9
17:4	JOB.38.41	8
17:4	1KI.19.5-1KI.19.8	7
17:4	MAT.4.4	7
17:4	PSA.33.8-PSA.33.9	6
17:4	JOB.34.29	4
17:4	JOB.38.8-JOB.38.13	4
17:4	MAT.4.11	4
17:4	NUM.20.8	3
17:4	AMO.9.3-AMO.9.4	3
17:5	1KI.19.9	3
17:5	PRO.3.5	3
17:5	MAT.16.24	3
17:5	JHN.15.14	3
17:6	PSA.78.23-PSA.78.24	12
17:6	MAT.6.31-MAT.6.33	9
17:6	PSA.78.15-PSA.78.16	7
17:6	JER.37.21	7
17:6	MAT.14.19-MAT.14.21	6
17:6	MAT.19.26	6
17:6	LUK.22.35	6
17:6	JDG.15.18-JDG.15.19	5
17:6	PSA.34.9-PSA.34.10	5
17:6	PSA.37.19	5
17:6	ISA.33.16	5
17:6	NUM.11.23	4
17:6	JDG.14.14	4
17:6	PSA.37.3	4
17:6	HEB.6.18	4
17:6	EXO.16.35	3
17:6	JER.40.4	3
17:6	HAB.3.17-HAB.3.18	3
17:6	HEB.13.5-HEB.13.6	3
17:7	ISA.54.10	6
17:7	ISA.40.30-ISA.40.31	5
17:8	GEN.22.14	4
17:8	1KI.17.2	2
17:8	ISA.41.17	2
17:8	HEB.13.6	2
17:9	LUK.4.26	10
17:9	OBA.1.20	7
17:9	2CO.4.7	5
17:9	1KI.17.4	4
17:9	MAT.15.21-MAT.15.22	4
17:9	ROM.4.17-ROM.4.21	3
17:9	JDG.7.2	2
17:9	JDG.7.4	2
17:10	GEN.24.17	3
17:10	JHN.4.7	3
17:10	GEN.21.15	1
17:10	2CO.11.27	1
17:10	HEB.11.37	1
17:11	GEN.18.5	2
17:11	GEN.24.18-GEN.24.19	2
17:11	1KI.17.9	2
17:11	1KI.18.4	2
17:11	MAT.10.42	2
17:11	MAT.25.35-MAT.25.40	2
17:11	HEB.13.2	2
17:12	MAT.15.33-MAT.15.34	6
17:12	1KI.17.1	4
17:12	GEN.21.16	3
17:12	2KI.4.2-2KI.4.7	3
17:12	EZK.12.18-EZK.12.19	3
17:12	1SA.14.39	2
17:12	1SA.14.45	2
17:12	1SA.20.21	2
17:12	1SA.25.26	2
17:12	1SA.26.10	2
17:12	2SA.15.21	2
17:12	JER.4.2	2
17:12	JER.5.2	2
17:12	JER.14.18	2
17:12	LAM.4.9	2
17:12	JOL.1.15-JOL.1.16	2
17:12	1SA.20.3	1
17:13	MAL.3.10	7
17:13	MAT.6.33	6
17:13	GEN.22.1-GEN.22.2	4
17:13	EXO.14.13	4
17:13	JDG.7.5-JDG.7.7	4
17:13	2KI.6.16	4
17:13	2CH.20.17	4
17:13	PRO.3.9	4
17:13	ISA.41.13	4
17:13	MAT.28.5	4
17:13	ACT.27.24	4
17:13	1PE.1.7	4
17:13	ISA.41.10	3
17:13	MAT.10.37	3
17:13	HEB.11.17	3
17:13	MAT.19.21-MAT.19.22	2
17:14	MAT.15.36-MAT.15.38	15
17:14	MAT.14.17-MAT.14.20	12
17:14	2KI.4.42-2KI.4.44	10
17:14	2KI.3.16	9
17:14	2KI.7.1	9
17:14	1KI.17.4	6
17:14	2KI.9.6	6
17:14	2KI.4.2-2KI.4.7	5
17:15	GEN.6.22	4
17:15	MAT.15.28	4
17:15	MRK.12.43	4
17:15	HEB.11.17	4
17:15	GEN.22.3	3
17:15	2CH.20.20	3
17:15	ROM.4.19-ROM.4.20	3
17:15	HEB.11.7-HEB.11.8	3
17:15	JHN.11.40	2
17:16	MAT.9.28-MAT.9.30	5
17:16	LUK.1.37	4
17:16	JHN.4.50-JHN.4.51	4
17:16	1KI.13.5	3
17:16	1KI.16.12	3
17:16	MAT.19.26	3
17:16	LUK.1.45	3
17:17	GEN.22.1-GEN.22.2	2
17:17	2KI.4.18-2KI.4.20	2
17:17	JOB.12.10	2
17:17	JOB.34.14	2
17:17	PSA.104.29	2
17:17	DAN.5.23	2
17:17	ZEC.12.10	2
17:17	JHN.11.3-JHN.11.4	2
17:17	JHN.11.14	2
17:17	JAS.1.2-JAS.1.4	2
17:17	JAS.1.12	2
17:17	JAS.2.26	2
17:17	1PE.1.7	2
17:17	1PE.4.12	2
17:18	LUK.5.8	6
17:18	2KI.3.13	4
17:18	LUK.4.34	4
17:18	JHN.2.4	4
17:18	2SA.16.10	3
17:18	GEN.42.21-GEN.42.22	2
17:18	GEN.50.15	2
17:18	GEN.50.17	2
17:18	1SA.16.4	2
17:18	2SA.19.22	2
17:18	1KI.13.1	2
17:18	1KI.18.9	2
17:18	2CH.35.21	2
17:18	JOB.13.23	2
17:18	JOB.13.26	2
17:18	EZK.21.23-EZK.21.24	2
17:18	MRK.5.7	2
17:18	MRK.5.15-MRK.5.17	2
17:18	MRK.6.16	2
17:18	LUK.8.28	2
17:19	2KI.4.32	3
17:19	2KI.4.10	2
17:19	2KI.4.21	2
17:19	ACT.9.37	2
17:20	MAT.21.22	5
17:20	JAS.5.15-JAS.5.18	5
17:20	GEN.18.23-GEN.18.25	3
17:20	EXO.17.4	3
17:20	JOS.7.8-JOS.7.9	3
17:20	1SA.7.8-1SA.7.9	3
17:20	1KI.18.36-1KI.18.37	3
17:20	2KI.19.15	3
17:20	PSA.99.6	3
17:20	2KI.19.4	2
17:20	PSA.73.13-PSA.73.14	2
17:20	JER.12.1	2
17:21	ACT.20.10	6
17:21	2KI.4.33-2KI.4.35	5
17:21	ACT.9.40	5
17:21	HEB.11.19	3
17:21	ACT.10.10	1
17:22	DEU.32.39	7
17:22	REV.11.11	7
17:22	JHN.5.28-JHN.5.29	6
17:22	ROM.14.9	6
17:22	HEB.11.35	6
17:22	1SA.2.6	5
17:22	2KI.13.21	5
17:22	JHN.11.43	5
17:22	LUK.8.54	4
17:22	ACT.20.12	4
17:23	2KI.4.36-2KI.4.37	4
17:23	LUK.7.15	3
17:23	ACT.9.41	3
17:23	HEB.11.35	1
17:24	JHN.16.30	6
17:24	JHN.2.11	5
17:24	JHN.3.2	5
17:24	JHN.4.42-JHN.4.48	4
17:24	1TH.2.13	4
17:24	1JN.2.21	4
17:24	ECC.12.10	3
17:24	JHN.11.15	3
17:24	JHN.11.42	3
17:24	JHN.15.24	3
18:1	LUK.4.25	9
18:1	JAS.5.17	7
18:1	DEU.28.12	5
18:1	1KI.17.1	5
18:1	1KI.18.15-1KI.18.40	4
18:1	1KI.18.2	3
18:1	LEV.26.4	2
18:1	JOL.2.23	2
18:1	1KI.17.7	1
18:1	1KI.17.15	1
18:1	PSA.65.9-PSA.65.13	1
18:1	ISA.5.6	1
18:1	JER.10.13	1
18:1	JER.14.22	1
18:1	AMO.4.7	1
18:1	REV.11.6	1
18:1	REV.11.2	0
18:2	LEV.26.26	2
18:2	DEU.28.23-DEU.28.24	2
18:2	2KI.6.25	2
18:2	PSA.27.1	2
18:2	PSA.51.4	2
18:2	PRO.28.1	2
18:2	ISA.51.12	2
18:2	JER.14.2-JER.14.6	2
18:2	JER.14.18	2
18:2	JOL.1.15-JOL.1.20	2
18:2	HEB.13.5-HEB.13.6	2
18:3	NEH.7.2	4
18:3	1KI.16.9	3
18:3	MAT.10.28	3
18:3	GEN.22.12	2
18:3	GEN.24.2	2
18:3	GEN.24.10	2
18:3	GEN.39.4-GEN.39.5	2
18:3	GEN.39.9	2
18:3	GEN.41.40	2
18:3	GEN.42.18	2
18:3	1KI.18.12	2
18:3	2KI.4.1	2
18:3	NEH.5.15	2
18:3	PRO.14.26	2
18:3	MAL.3.16	2
18:3	ACT.10.2	2
18:3	ACT.10.35	2
18:4	1KI.18.13	5
18:4	MAT.10.40-MAT.10.42	3
18:4	NEH.9.26	2
18:4	MAT.21.35	2
18:4	MAT.25.35	2
18:4	MAT.25.40	2
18:4	HEB.11.38	2
18:4	REV.17.4-REV.17.6	2
18:4	1KI.13.8-1KI.13.9	1
18:4	1KI.13.16	1
18:4	2KI.6.22-2KI.6.23	1
18:5	JER.14.5-JER.14.6	3
18:5	JOL.1.18	3
18:5	PSA.104.14	2
18:5	JOL.2.22	2
18:5	HAB.3.17	2
18:5	ROM.8.20-ROM.8.22	2
18:6	JER.14.3	2
18:7	2KI.1.6-2KI.1.8	4
18:7	GEN.18.2	2
18:7	GEN.18.12	2
18:7	GEN.44.16	2
18:7	GEN.44.20	2
18:7	GEN.44.33	2
18:7	GEN.50.18	2
18:7	1SA.20.41	2
18:7	2SA.19.18	2
18:7	1KI.11.29	2
18:7	ISA.60.14	2
18:7	MAT.11.8	2
18:7	NUM.12.11	1
18:7	MAT.3.4	1
18:8	1KI.18.3	3
18:8	ROM.13.7	2
18:8	1PE.2.17-1PE.2.18	2
18:9	EXO.5.21	2
18:9	1KI.17.18	2
18:9	1KI.18.12	2
18:10	1KI.17.1	5
18:10	1SA.29.6	2
18:10	1KI.1.29	2
18:10	1KI.2.24	2
18:10	1KI.17.5	2
18:10	1KI.17.9	2
18:10	1KI.17.12	2
18:10	1KI.18.15	2
18:10	PSA.10.2	2
18:10	PSA.12.7-PSA.12.8	2
18:10	PSA.31.20	2
18:10	PSA.91.1	2
18:10	JER.26.20-JER.26.23	2
18:10	JER.36.26	2
18:10	JHN.8.59	2
18:11	1KI.18.8	2
18:11	1KI.18.14	2
18:12	2KI.2.16	6
18:12	ACT.8.39	6
18:12	EZK.8.3	4
18:12	2KI.2.11	3
18:12	EZK.3.12-EZK.3.14	3
18:12	EZK.11.24	3
18:12	EZK.37.1	3
18:12	EZK.40.1-EZK.40.2	3
18:12	2CO.12.2-2CO.12.3	3
18:12	1SA.2.18	2
18:12	1SA.2.26	2
18:12	1SA.3.19-1SA.3.20	2
18:12	1SA.22.11-1SA.22.19	2
18:12	2CH.34.3	2
18:12	PSA.71.17-PSA.71.18	2
18:12	PRO.8.13	2
18:12	ECC.7.18	2
18:12	DAN.2.5-DAN.2.13	2
18:12	MAT.4.1	2
18:12	LUK.1.15	2
18:12	ACT.12.19	2
18:12	ISA.50.10	1
18:12	MAT.2.16	1
18:12	2TI.3.15	1
18:13	1KI.18.4	5
18:13	MAT.25.35	3
18:13	GEN.20.4-GEN.20.5	2
18:13	PSA.18.21-PSA.18.24	2
18:13	MAT.10.41-MAT.10.42	2
18:13	ACT.20.34	2
18:13	1TH.2.9-1TH.2.10	2
18:14	MAT.10.28	2
18:15	1KI.17.1	5
18:15	1KI.18.10	3
18:15	GEN.2.1	2
18:15	DEU.1.38	2
18:15	DEU.4.19	2
18:15	JOB.25.3	2
18:15	PSA.24.8-PSA.24.10	2
18:15	PSA.103.21	2
18:15	PSA.148.2-PSA.148.3	2
18:15	ISA.6.3	2
18:15	ISA.51.7-ISA.51.8	2
18:15	JER.8.2	2
18:15	LUK.1.19	2
18:15	LUK.2.13-LUK.2.14	2
18:15	HEB.6.16-HEB.6.17	2
18:17	JOS.7.25	7
18:17	1KI.21.20	6
18:17	ACT.16.20	4
18:17	ACT.17.6	4
18:17	AMO.7.10	3
18:17	ACT.24.5	3
18:17	JER.26.8-JER.26.9	2
18:17	JER.38.4	2
18:18	2CH.15.2	6
18:18	1KI.9.9	5
18:18	1KI.16.31	4
18:18	JER.2.19	4
18:18	1KI.21.25	3
18:18	PRO.11.19	2
18:18	PRO.13.21	2
18:18	ISA.3.11	2
18:18	JER.2.13	2
18:18	EZK.3.8	2
18:18	MAT.14.4	2
18:18	ACT.24.13	2
18:18	ACT.24.20	2
18:18	REV.2.8-REV.2.9	2
18:19	JOS.19.26	5
18:19	1KI.16.33	5
18:19	2KI.2.25	3
18:19	2PE.2.1	3
18:19	1SA.15.12	2
18:19	1KI.15.13	2
18:19	1KI.18.22	2
18:19	1KI.18.42-1KI.18.43	2
18:19	1KI.19.1-1KI.19.2	2
18:19	1KI.22.6	2
18:19	2KI.9.22	2
18:19	2KI.13.6	2
18:19	JER.46.18	2
18:19	AMO.1.2	2
18:19	AMO.9.3	2
18:19	REV.2.20	2
18:19	REV.19.20	2
18:20	1KI.22.9	2
18:21	MAT.6.24	43
18:21	JOS.24.15	31
18:21	1CO.10.21-1CO.10.22	29
18:21	2CO.6.14-2CO.6.16	21
18:21	1SA.7.3	17
18:21	2KI.17.41	17
18:21	REV.3.15-REV.3.16	13
18:21	ZEP.1.5	10
18:21	DEU.4.35	9
18:21	PSA.100.3	8
18:21	ROM.6.16-ROM.6.22	7
18:21	JOS.24.23-JOS.24.24	5
18:21	1KI.18.39	5
18:21	2CH.33.13	3
18:21	GEN.24.50	2
18:21	GEN.44.16	2
18:21	EXO.5.1-EXO.5.2	1
18:21	1CH.17.26	1
18:21	MAT.22.12	1
18:21	MAT.22.36	1
18:21	LUK.6.13	1
18:21	JOB.40.4-JOB.40.5	0
18:21	MAT.22.34	0
18:21	ROM.3.19	0
18:22	1KI.19.10	7
18:22	1KI.19.14	5
18:22	1KI.18.19-1KI.18.20	2
18:22	1KI.20.13	2
18:22	1KI.20.32	2
18:22	1KI.20.35	2
18:22	1KI.20.38	2
18:22	1KI.22.6-1KI.22.8	2
18:22	MAT.7.13-MAT.7.15	2
18:22	ROM.11.3	2
18:22	2TI.4.3-2TI.4.4	2
18:22	2PE.2.1-2PE.2.3	2
18:24	1KI.18.38	9
18:24	1CH.21.26	5
18:24	LEV.9.24	3
18:24	2CH.7.1	3
18:24	2CH.7.3	3
18:24	JDG.6.21	2
18:24	2SA.14.19	1
18:24	ISA.39.8	1
18:26	JER.10.5	4
18:26	MAT.6.7	3
18:26	1CO.8.4	3
18:26	1CO.12.2	3
18:26	1KI.18.24	2
18:26	PSA.115.4-PSA.115.8	2
18:26	PSA.135.15-PSA.135.20	2
18:26	ISA.37.38	2
18:26	ISA.44.17	2
18:26	ISA.45.20	2
18:26	DAN.5.23	2
18:26	HAB.2.18	2
18:26	ZEP.1.9	2
18:26	1CO.10.19-1CO.10.20	2
18:27	PSA.78.65-PSA.78.66	3
18:27	ISA.41.23	3
18:27	1KI.22.15	2
18:27	2CH.25.8	2
18:27	PSA.44.23	2
18:27	PSA.121.4	2
18:27	ECC.11.9	2
18:27	ISA.8.9-ISA.8.10	2
18:27	ISA.44.15-ISA.44.17	2
18:27	EZK.20.39	2
18:27	AMO.4.4-AMO.4.5	2
18:27	MAT.26.45	2
18:27	MRK.4.38-MRK.4.39	2
18:27	MRK.7.9	2
18:27	MRK.14.41	2
18:27	ISA.51.9	1
18:28	LEV.19.28	8
18:28	DEU.14.1	7
18:28	MRK.5.5	4
18:28	MIC.6.7	3
18:28	MRK.9.22	3
18:29	EXO.29.39	2
18:29	EXO.29.41	2
18:29	1SA.18.10	2
18:29	1KI.18.26	2
18:29	1KI.22.10	2
18:29	1KI.22.12	2
18:29	JER.28.6-JER.28.9	2
18:29	ACT.16.16-ACT.16.17	2
18:29	1CO.11.4-1CO.11.5	2
18:29	GAL.4.8	2
18:29	2TI.3.8-2TI.3.9	2
18:30	2CH.33.16	13
18:30	1KI.19.14	9
18:30	1KI.19.10	7
18:30	ROM.11.3	3
18:31	2KI.17.34	7
18:31	GEN.32.28	5
18:31	GEN.35.10	5
18:31	JOS.4.3-JOS.4.4	4
18:31	JOS.4.20	4
18:31	GEN.33.20	2
18:31	EXO.24.4	2
18:31	EZR.6.17	2
18:31	ISA.48.1	2
18:31	JER.31.1	2
18:31	EZK.37.16-EZK.37.22	2
18:31	EZK.47.13	2
18:31	EPH.2.20	2
18:31	EPH.4.4-EPH.4.6	2
18:31	REV.7.4-REV.7.8	2
18:31	REV.21.12	2
18:32	COL.3.17	4
18:32	EXO.20.24-EXO.20.25	3
18:32	JDG.6.26	2
18:32	JDG.21.4	2
18:32	1SA.7.9	2
18:32	1SA.7.17	2
18:32	1CO.10.31	2
18:33	GEN.22.9	4
18:33	LEV.1.6-LEV.1.8	2
18:33	JDG.6.20	2
18:33	DAN.3.19	2
18:33	DAN.3.25	2
18:33	JHN.11.39-JHN.11.40	2
18:33	JHN.19.33-JHN.19.34	2
18:34	2CO.4.2	2
18:34	2CO.8.21	2
18:35	1KI.18.32	2
18:35	1KI.18.38	2
18:36	1KI.18.29	11
18:36	EXO.3.6	10
18:36	2KI.19.19	10
18:36	1KI.8.43	8
18:36	MAT.22.32	7
18:36	PSA.83.18	5
18:36	EXO.3.15-EXO.3.16	4
18:36	NUM.16.28-NUM.16.30	4
18:36	EZK.36.23	4
18:36	DAN.8.13	4
18:36	DAN.9.21	4
18:36	DAN.12.11	4
18:36	JHN.11.42	4
18:36	ACT.3.1	4
18:36	EPH.1.17	4
18:36	EPH.3.14	4
18:36	GEN.26.24	3
18:36	GEN.31.53	3
18:36	GEN.32.9	3
18:36	EXO.29.39-EXO.29.41	3
18:36	1KI.18.21	3
18:36	1KI.22.28	3
18:36	2KI.1.3	3
18:36	2KI.1.6	3
18:36	2KI.5.15	3
18:36	1CH.29.18	3
18:36	2CH.20.6-2CH.20.7	3
18:36	EZR.9.4-EZR.9.5	3
18:36	PSA.67.1-PSA.67.2	3
18:36	PSA.141.2	3
18:36	EZK.39.7	3
18:36	GEN.46.3	2
18:36	ACT.10.30	2
18:36	1SA.17.46-1SA.17.47	1
18:37	DAN.9.17-DAN.9.19	10
18:37	LUK.1.16-LUK.1.17	5
18:37	EZK.36.25-EZK.36.27	4
18:37	1KI.18.24	3
18:37	MAL.4.5-MAL.4.6	3
18:37	GEN.32.24	2
18:37	GEN.32.26	2
18:37	GEN.32.28	2
18:37	1KI.18.29	2
18:37	1KI.18.36	2
18:37	2CH.14.11	2
18:37	2CH.32.19-2CH.32.20	2
18:37	ISA.37.17-ISA.37.20	2
18:37	JER.31.18-JER.31.19	2
18:37	LUK.11.8	2
18:37	JAS.5.16-JAS.5.17	1
18:38	LEV.9.24	11
18:38	1CH.21.26	10
18:38	2CH.7.1	9
18:38	JDG.6.21	7
18:38	1KI.18.24	6
18:38	LEV.10.2	5
18:38	2KI.1.12	5
18:38	JOB.1.16	5
18:38	GEN.15.17	4
18:38	ISA.31.9	2
18:39	1KI.18.24	6
18:39	2CH.7.3	4
18:39	1KI.18.21	3
18:39	JDG.13.20	2
18:39	1CH.21.16	2
18:39	JHN.5.35	2
18:39	ACT.2.37	2
18:39	ACT.4.16	2
18:40	DEU.18.20	5
18:40	JDG.4.7	5
18:40	DEU.13.5	4
18:40	JDG.5.21	3
18:40	ZEC.13.2-ZEC.13.3	3
18:40	2KI.10.24-2KI.10.25	2
18:40	JER.48.10	2
18:40	REV.19.20	2
18:40	REV.20.10	2
18:41	1KI.18.1	6
18:41	1KI.17.1	5
18:41	ECC.9.7	5
18:41	ACT.27.34	3
18:42	LUK.6.12	4
18:42	GEN.24.52	2
18:42	JOS.7.6	2
18:42	2SA.12.16	2
18:42	1KI.18.19-1KI.18.20	2
18:42	1KI.19.13	2
18:42	EZR.9.6	2
18:42	PSA.89.7	2
18:42	ISA.38.2	2
18:42	DAN.9.3	2
18:42	DAN.9.7	2
18:42	MAT.14.23	2
18:42	MRK.14.35	2
18:42	ACT.10.9	2
18:42	ISA.6.2	1
18:42	JAS.5.16-JAS.5.18	1
18:43	HAB.2.3	4
18:43	LUK.18.1	3
18:43	LUK.18.7	3
18:43	GEN.32.26	2
18:43	PSA.5.3	2
18:43	EPH.6.18	2
18:43	HEB.10.36-HEB.10.37	2
18:44	LUK.12.54	11
18:44	JOB.8.7	7
18:44	MIC.1.13	6
18:44	ZEC.4.10	6
18:44	1SA.6.10	3
18:44	1SA.6.7	1
18:45	NUM.25.8	1
18:45	JOS.17.16	1
18:45	JOS.19.18	1
18:45	2SA.21.14	1
18:45	1KI.18.39-1KI.18.40	1
18:45	1KI.21.1	1
18:45	1KI.21.23	1
18:45	2KI.9.16	1
18:45	2SA.2.9	0
18:46	EZK.3.14	9
18:46	EZK.1.3	8
18:46	2KI.3.15	7
18:46	2KI.9.1	7
18:46	ISA.8.11	6
18:46	JER.1.17	6
18:46	MAT.22.21	6
18:46	1PE.1.13	5
18:46	2KI.4.29	4
18:46	EPH.6.14	4
18:46	1PE.2.17	3
18:46	JOB.38.3	2
19:1	1KI.18.40	5
19:1	1KI.21.5-1KI.21.7	2
19:1	1KI.21.25	2
19:1	1KI.16.31	1
19:2	RUT.1.17	7
19:2	1KI.20.10	7
19:2	2KI.6.31	7
19:2	EXO.10.28	5
19:2	PRO.27.1	5
19:2	1KI.2.28	4
19:2	2KI.19.10-2KI.19.12	4
19:2	2KI.19.27-2KI.19.28	4
19:2	DAN.3.15	4
19:2	EXO.15.9	3
19:2	ACT.12.4-ACT.12.6	3
19:2	JAS.4.13-JAS.4.14	3
19:2	2KI.19.22	1
19:3	GEN.21.31	4
19:3	MAT.26.56	3
19:3	MAT.26.70-MAT.26.74	3
19:3	2CO.12.7	2
19:3	GEN.12.12-GEN.12.13	1
19:3	EXO.2.15	1
19:3	1SA.27.1	1
19:3	1KI.4.25	1
19:3	ISA.51.12-ISA.51.13	1
19:3	AMO.7.12-AMO.7.13	1
19:4	JON.4.3	12
19:4	NUM.11.15	10
19:4	JON.4.8	7
19:4	JER.20.14-JER.20.18	5
19:4	PHP.1.21-PHP.1.24	3
19:4	GEN.21.15-GEN.21.16	2
19:4	1KI.13.14	2
19:4	1KI.19.3	2
19:4	2KI.2.11	2
19:4	JOB.3.20-JOB.3.22	2
19:4	AMO.6.2	2
19:4	NAM.3.8	2
19:4	MAT.6.26	2
19:4	JHN.4.6	2
19:4	ROM.3.9	2
19:5	PSA.34.7	5
19:5	ACT.12.7	5
19:5	GEN.28.11-GEN.28.15	4
19:5	PSA.34.10	4
19:5	DAN.8.19	4
19:5	DAN.9.21	4
19:5	DAN.10.9-DAN.10.10	4
19:5	HEB.1.14	4
19:5	HEB.13.5	4
19:6	MAT.4.11	4
19:6	1KI.17.6	3
19:6	1KI.17.9-1KI.17.15	2
19:6	ISA.33.16	2
19:6	MAT.6.32	2
19:6	MRK.8.2-MRK.8.3	2
19:6	JHN.21.5	2
19:6	JHN.21.9	2
19:6	PSA.37.3	1
19:7	PSA.103.13-PSA.103.14	3
19:7	DEU.33.25	2
19:8	EXO.34.28	6
19:8	DEU.9.18	6
19:8	EXO.3.1	5
19:8	EXO.24.18	5
19:8	MAT.4.2	4
19:8	MAL.4.4-MAL.4.5	3
19:8	MRK.1.13	3
19:8	LUK.4.2	3
19:8	2CO.12.9	3
19:8	EXO.19.18	2
19:8	DEU.9.9-DEU.9.11	2
19:8	DAN.1.15	2
19:9	GEN.3.9	5
19:9	GEN.16.8	4
19:9	EXO.33.21-EXO.33.22	4
19:9	1KI.19.13	4
19:9	JER.2.18	4
19:9	HEB.11.38	2
19:9	JER.9.2	1
19:9	JON.1.3-JON.1.4	1
19:10	1KI.18.4	8
19:10	EXO.34.14	6
19:10	EXO.20.5	5
19:10	1KI.18.22	5
19:10	1KI.18.30	5
19:10	ROM.11.2-ROM.11.4	5
19:10	NUM.25.11	4
19:10	NUM.25.13	4
19:10	1KI.18.10	2
19:10	1KI.18.17	2
19:10	1KI.18.20	2
19:10	1KI.19.2	2
19:10	1KI.19.14	2
19:10	1KI.20.41-1KI.20.42	2
19:10	1KI.22.8	2
19:10	PSA.69.9	2
19:10	PSA.119.139	2
19:10	JER.2.30	2
19:10	HOS.5.11	2
19:10	MIC.6.16	2
19:10	MIC.7.2	2
19:10	JHN.2.17	2
19:10	1KI.20.13	1
19:10	1KI.20.22	1
19:10	1KI.20.35	1
19:11	EZK.1.4	11
19:11	PSA.50.3	9
19:11	JOB.38.1	8
19:11	ISA.30.30	8
19:11	HEB.12.26	7
19:11	EXO.19.20	6
19:11	EXO.34.2	6
19:11	PSA.68.8	6
19:11	EZK.37.7	6
19:11	HEB.12.18-HEB.12.21	6
19:11	REV.11.19	6
19:11	EXO.24.12	5
19:11	EXO.24.18	5
19:11	REV.16.18	5
19:11	REV.20.11	5
19:11	MAT.27.51-MAT.27.54	4
19:11	MAT.28.2	4
19:11	2PE.1.17-2PE.1.18	4
19:11	EXO.20.18	3
19:11	EXO.33.21-EXO.33.23	3
19:11	EXO.34.6	3
19:11	NAM.1.3	3
19:11	NAM.1.5-NAM.1.6	3
19:11	HAB.3.3-HAB.3.5	3
19:11	ZEC.4.6	3
19:11	MAT.17.1-MAT.17.3	3
19:11	ZEC.14.5	2
19:11	MAT.24.7	2
19:11	EXO.19.16	1
19:11	1SA.14.15	1
19:12	JOB.4.16	22
19:12	ZEC.4.6	15
19:12	DEU.4.33	14
19:12	EXO.34.6	10
19:12	DEU.4.11-DEU.4.12	10
19:12	JOB.33.7	10
19:12	GEN.15.17	8
19:12	EXO.3.2	8
19:12	ACT.2.2	7
19:12	HEB.12.29	7
19:12	1KI.18.38	5
19:12	2KI.2.11	5
19:12	ACT.2.36-ACT.2.37	5
19:12	2KI.1.10	3
19:13	1KI.19.9	7
19:13	GEN.16.8	2
19:13	EXO.33.23	2
19:13	1KI.18.42	2
19:13	ISA.6.2	2
19:13	ISA.6.5	2
19:13	JHN.21.15-JHN.21.17	2
19:13	EXO.3.5-EXO.3.6	1
19:14	DEU.29.25	2
19:14	DEU.31.20	2
19:14	1KI.19.9-1KI.19.10	2
19:14	PSA.78.37	2
19:14	ISA.1.4	2
19:14	ISA.62.1	2
19:14	ISA.62.6-ISA.62.7	2
19:14	JER.22.9	2
19:14	DAN.11.30	2
19:14	HOS.6.7	2
19:14	HEB.8.9	2
19:15	ISA.45.1	4
19:15	JER.1.10	4
19:15	2KI.8.7-2KI.8.15	3
19:15	GEN.14.15	2
19:15	2KI.8.28	2
19:15	2KI.9.14	2
19:15	JER.27.2-JER.27.22	2
19:15	AMO.1.4	2
19:15	ACT.9.2-ACT.9.3	1
19:16	1KI.19.19-1KI.19.21	4
19:16	2KI.2.9	4
19:16	2KI.9.1-2KI.9.14	4
19:16	2KI.2.15	3
19:16	JDG.7.22	2
19:16	1KI.4.12	2
19:16	LUK.4.27	2
19:17	2KI.8.12	5
19:17	2KI.13.3	5
19:17	2KI.13.22	5
19:17	2KI.10.32	3
19:17	HOS.6.5	3
19:17	2KI.2.23-2KI.2.24	2
19:17	2KI.9.14-2KI.10.25	2
19:17	ISA.11.4	2
19:17	ISA.24.17-ISA.24.18	2
19:17	JER.1.10	2
19:17	AMO.2.14	2
19:17	AMO.5.19	2
19:17	REV.19.21	2
19:18	ROM.11.4-ROM.11.5	21
19:18	ISA.1.9	9
19:18	ISA.10.20-ISA.10.22	8
19:18	HOS.13.2	7
19:18	PSA.2.12	5
19:18	PHP.2.10	5
19:18	EXO.20.5	3
19:18	JOB.31.27	3
19:18	ROM.14.10-ROM.14.12	3
19:18	ISA.49.23	2
19:19	2KI.2.8	7
19:19	2KI.2.13-2KI.2.14	4
19:19	1SA.28.14	3
19:19	PSA.78.70-PSA.78.72	3
19:19	EXO.3.1	2
19:19	JDG.6.11	2
19:19	1KI.19.13	2
19:19	ZEC.13.5	2
19:19	MAT.4.18-MAT.4.19	2
19:19	AMO.7.14	1
19:20	MAT.8.21-MAT.8.22	6
19:20	LUK.9.61-LUK.9.62	6
19:20	ACT.20.37	4
19:20	MAT.4.20	2
19:20	MAT.4.22	2
19:20	MAT.9.9	2
19:20	MAT.19.27	2
19:21	2SA.24.22	6
19:21	EXO.24.13	3
19:21	LUK.5.28-LUK.5.29	3
19:21	2TI.4.11	3
19:21	PHM.1.13	3
19:21	NUM.27.18-NUM.27.20	2
19:21	1KI.18.43	2
19:21	2KI.2.3	2
19:21	2KI.3.11	2
19:21	ACT.13.5	2
20:1	1KI.15.18	5
20:1	1KI.15.20	3
20:1	1KI.22.31	3
20:1	GEN.14.1-GEN.14.5	2
20:1	EXO.14.7	2
20:1	LEV.26.25	2
20:1	DEU.20.1	2
20:1	DEU.28.52	2
20:1	JDG.1.7	2
20:1	JDG.4.3	2
20:1	1SA.13.5	2
20:1	1KI.16.24	2
20:1	1KI.20.16	2
20:1	1KI.20.24	2
20:1	2KI.6.24-2KI.6.29	2
20:1	2KI.8.7-2KI.8.10	2
20:1	2KI.17.5-2KI.17.6	2
20:1	2CH.16.2-2CH.16.4	2
20:1	EZR.7.12	2
20:1	ISA.10.8	2
20:1	ISA.37.24	2
20:1	JER.49.27	2
20:1	EZK.26.7	2
20:1	DAN.2.37	2
20:1	AMO.1.4	2
20:2	2KI.19.9	2
20:2	ISA.36.2-ISA.36.22	2
20:2	ISA.37.9-ISA.37.10	2
20:3	EXO.15.9	3
20:3	ISA.10.13-ISA.10.14	2
20:4	LEV.26.36	2
20:4	DEU.28.48	2
20:4	JDG.15.11-JDG.15.13	2
20:4	1SA.13.6-1SA.13.7	2
20:4	2KI.18.14-2KI.18.16	2
20:6	GEN.27.15	2
20:6	1SA.13.19-1SA.13.21	2
20:6	2SA.24.14	2
20:6	2KI.18.31-2KI.18.32	2
20:6	EZR.8.27	2
20:6	ISA.44.9	2
20:6	JER.25.34	2
20:6	LAM.1.7	2
20:6	LAM.1.10	2
20:6	HOS.13.15	2
20:6	JOL.3.5	2
20:7	2KI.5.7	7
20:7	1KI.8.1	2
20:7	1CH.13.1	2
20:7	1CH.28.1	2
20:7	JOB.15.35	2
20:7	PSA.7.14	2
20:7	PSA.36.4	2
20:7	PSA.62.3	2
20:7	PSA.140.2	2
20:7	PRO.6.14	2
20:7	PRO.11.14	2
20:7	PRO.11.27	2
20:7	PRO.24.2	2
20:7	DAN.11.27	2
20:7	ROM.3.13-ROM.3.18	2
20:10	1KI.19.2	5
20:10	EXO.11.8	3
20:10	JDG.4.10	2
20:10	2SA.17.12-2SA.17.13	2
20:10	2KI.19.23-2KI.19.24	2
20:10	ISA.10.13-ISA.10.14	2
20:10	ISA.37.24-ISA.37.25	2
20:10	ACT.23.12	2
20:11	PRO.27.1	6
20:11	1SA.17.44-1SA.17.47	3
20:11	ECC.9.11	3
20:11	ISA.10.15-ISA.10.16	3
20:11	1SA.14.6	2
20:11	1SA.14.12-1SA.14.13	2
20:11	MAT.26.33-MAT.26.35	2
20:11	MAT.26.75	2
20:12	1KI.16.9	5
20:12	1KI.20.16	3
20:12	PRO.31.4-PRO.31.5	3
20:12	1SA.25.36	2
20:12	2SA.13.28	2
20:12	JER.43.10	2
20:12	DAN.5.2	2
20:12	DAN.5.30	2
20:12	LUK.21.34	2
20:12	EPH.5.18	2
20:13	1KI.20.28	7
20:13	EZK.20.22	4
20:13	EXO.14.18	3
20:13	EXO.16.12	3
20:13	2KI.7.1	3
20:13	ISA.7.1-ISA.7.9	3
20:13	ISA.37.20	3
20:13	EZK.20.14	3
20:13	JOL.3.17	3
20:13	1KI.18.36-1KI.18.37	2
20:13	2KI.6.8-2KI.6.12	2
20:13	2KI.13.23	2
20:13	PSA.83.18	2
20:13	EZK.6.7	2
20:14	GEN.14.14-GEN.14.16	2
20:14	JDG.7.16-JDG.7.20	2
20:14	1SA.17.50	2
20:14	1KI.18.44	2
20:14	1CO.1.27-1CO.1.29	2
20:15	JDG.7.7	2
20:15	JDG.7.16	2
20:15	1SA.14.2	2
20:15	1SA.14.6	2
20:15	1KI.19.18	2
20:15	2KI.13.7	2
20:15	2CH.14.11	2
20:15	PSA.106.40-PSA.106.43	2
20:16	1KI.16.7	2
20:16	1KI.16.9	2
20:16	1KI.20.11-1KI.20.12	2
20:16	PRO.23.29-PRO.23.32	2
20:16	ECC.10.16-ECC.10.17	2
20:16	ISA.54.15	2
20:16	HOS.4.11	2
20:17	1KI.20.14-1KI.20.15	2
20:17	1KI.20.19	2
20:18	2KI.14.8-2KI.14.12	3
20:18	1SA.2.3-1SA.2.4	2
20:18	1SA.14.11-1SA.14.12	2
20:18	1SA.17.44	2
20:18	PRO.18.12	2
20:20	LEV.26.8	2
20:20	JDG.7.20-JDG.7.22	2
20:20	1SA.14.13-1SA.14.15	2
20:20	1SA.30.16-1SA.30.17	2
20:20	2SA.2.16	2
20:20	2KI.7.6-2KI.7.7	2
20:20	2KI.19.36	2
20:20	PSA.33.16	2
20:20	PSA.46.6	2
20:20	ECC.9.11	2
20:21	JDG.3.28	2
20:21	JDG.7.23-JDG.7.25	2
20:21	1SA.14.20-1SA.14.22	2
20:21	1SA.17.52	2
20:21	2KI.3.18	2
20:21	2KI.3.24	2
20:22	2SA.11.1	6
20:22	1KI.20.13	5
20:22	1KI.20.26	5
20:22	1CH.20.1	3
20:22	1KI.19.10	2
20:22	1KI.20.38	2
20:22	1KI.22.8	2
20:22	2KI.6.12	2
20:22	2CH.25.8	2
20:22	2CH.25.11	2
20:22	PSA.27.14	2
20:22	PSA.115.2-PSA.115.3	2
20:22	PRO.18.10	2
20:22	PRO.20.18	2
20:22	ISA.8.9	2
20:22	ISA.26.11	2
20:22	ISA.42.8	2
20:22	JOL.3.9-JOL.3.10	2
20:22	EPH.6.10	1
20:23	1KI.14.23	5
20:23	1SA.4.8	4
20:23	1KI.20.28	3
20:23	2KI.19.12	3
20:23	2CH.32.13-2CH.32.19	3
20:23	PSA.50.21-PSA.50.22	3
20:23	ISA.42.8	3
20:23	ROM.1.21-ROM.1.23	3
20:23	PSA.121.1-PSA.121.2	2
20:24	1KI.22.31	3
20:24	PRO.21.30	3
20:24	1KI.20.1	2
20:24	1KI.20.16	2
20:25	PSA.10.3	2
20:26	2KI.13.17	5
20:26	1KI.20.22	3
20:26	JOS.13.4	2
20:26	JOS.19.30	2
20:26	JDG.1.31	2
20:26	1SA.4.1	2
20:26	1SA.29.1	2
20:26	1KI.20.30	2
20:27	JDG.6.5	3
20:27	1SA.13.5-1SA.13.8	3
20:27	DEU.32.30	2
20:27	JOS.1.11	2
20:27	JDG.7.8	2
20:27	1SA.14.2	2
20:27	2CH.32.7-2CH.32.8	2
20:27	ECC.9.11	2
20:28	1KI.20.13	8
20:28	1KI.17.18	4
20:28	PSA.79.10	3
20:28	EZK.12.16	3
20:28	EZK.36.21-EZK.36.23	3
20:28	EXO.6.7	2
20:28	EXO.7.5	2
20:28	EXO.8.22	2
20:28	DEU.29.6	2
20:28	DEU.32.27	2
20:28	JOS.7.8-JOS.7.9	2
20:28	1KI.13.1	2
20:28	1KI.20.22-1KI.20.23	2
20:28	2CH.20.14-2CH.20.20	2
20:28	JOB.12.16-JOB.12.19	2
20:28	PSA.58.10-PSA.58.11	2
20:28	ISA.37.29-ISA.37.37	2
20:28	JER.14.7	2
20:28	EZK.6.14	2
20:28	EZK.11.12	2
20:28	EZK.20.9	2
20:28	EZK.20.14	2
20:28	EZK.36.32	2
20:28	EZK.39.7	2
20:29	JOS.6.15	2
20:29	1SA.17.16	2
20:29	2SA.10.18	2
20:29	2CH.13.17	2
20:29	2CH.20.23-2CH.20.25	2
20:29	2CH.28.6	2
20:29	PSA.10.16	2
20:29	ISA.37.36	2
20:30	1KI.22.25	5
20:30	2CH.18.24	5
20:30	1KI.20.26	3
20:30	LUK.13.4	3
20:30	1KI.20.10	2
20:30	1KI.20.20	2
20:30	PSA.18.25	2
20:30	ISA.24.18	2
20:30	JER.48.44	2
20:30	DAN.4.37	2
20:30	AMO.2.14-AMO.2.15	2
20:30	AMO.5.19	2
20:30	AMO.9.3	2
20:31	GEN.37.34	4
20:31	2SA.3.31	4
20:31	1KI.20.23	3
20:31	2SA.14.2	2
20:31	1KI.21.27-1KI.21.29	2
20:31	2KI.5.13	2
20:31	2KI.7.4	2
20:31	2KI.19.1-2KI.19.2	2
20:31	EST.4.1-EST.4.3	2
20:31	EST.4.16	2
20:31	JOB.2.4	2
20:31	PRO.20.28	2
20:31	ISA.16.5	2
20:31	ISA.22.12	2
20:31	ISA.37.1	2
20:31	JON.3.5-JON.3.6	2
20:31	MAT.10.28	2
20:31	EPH.1.7-EPH.1.8	2
20:31	REV.11.3	2
20:32	1KI.20.3-1KI.20.6	3
20:32	1SA.15.8-1SA.15.20	2
20:32	1KI.20.31	2
20:32	1KI.20.42	2
20:32	JOB.12.17-JOB.12.18	2
20:32	JOB.40.11-JOB.40.12	2
20:32	ISA.2.11-ISA.2.12	2
20:32	ISA.10.12	2
20:32	DAN.5.20-DAN.5.23	2
20:32	OBA.1.3-OBA.1.4	2
20:33	2KI.10.15	2
20:33	PRO.25.13	2
20:33	LUK.16.8	2
20:33	ACT.8.31	2
20:34	1KI.15.20	6
20:34	1KI.20.42	3
20:34	ISA.26.10	3
20:34	1KI.22.31	2
20:34	2CH.16.4	2
20:34	2CH.18.30	2
20:34	ISA.8.12	2
20:35	1KI.13.17-1KI.13.18	4
20:35	2KI.2.15	4
20:35	2KI.4.1	3
20:35	1SA.10.12	2
20:35	1KI.13.1-1KI.13.2	2
20:35	1KI.20.37-1KI.20.38	2
20:35	2KI.2.3-2KI.2.7	2
20:35	2KI.4.38	2
20:35	ISA.8.18	2
20:35	ISA.20.2-ISA.20.3	2
20:35	JER.27.2-JER.27.3	2
20:35	EZK.4.3	2
20:35	AMO.7.14	2
20:35	MAT.16.24	2
20:36	1SA.15.22-1SA.15.23	2
20:36	1KI.13.21-1KI.13.24	2
20:36	1KI.13.26	2
20:37	EXO.21.12	2
20:37	1KI.20.35	2
20:38	1KI.14.2	3
20:38	2SA.14.2	2
20:38	1KI.22.30	2
20:38	MAT.6.16	2
20:39	2KI.10.24	5
20:39	EXO.21.30	2
20:39	JDG.9.7-JDG.9.20	2
20:39	2SA.12.1-2SA.12.7	2
20:39	2SA.14.5-2SA.14.7	2
20:39	1KI.20.42	2
20:39	JOB.36.18	2
20:39	PRO.6.35	2
20:39	PRO.13.8	2
20:39	MRK.12.1-MRK.12.12	2
20:39	1PE.1.18-1PE.1.19	2
20:39	PSA.49.7	1
20:40	2SA.12.5-2SA.12.7	2
20:40	JOB.15.6	2
20:40	MAT.25.24-MAT.25.27	2
20:40	LUK.19.22	2
20:40	MAT.21.41-MAT.21.43	1
20:41	2SA.13.19	2
20:41	1KI.20.38	2
20:41	JOB.2.8	2
20:41	JER.6.26	2
20:42	1KI.22.31-1KI.22.37	6
20:42	2CH.18.33-2CH.18.34	4
20:42	1KI.20.39	3
20:42	1SA.15.9-1SA.15.11	2
20:42	1KI.20.34	2
20:42	2KI.6.24	2
20:42	2KI.8.12	2
20:43	1KI.21.4	6
20:43	1KI.22.8	3
20:43	EST.5.13	3
20:43	EST.6.12-EST.6.13	3
20:43	JOB.5.2	3
20:43	PRO.19.3	3
21:1	JOS.19.18	4
21:1	JDG.6.33	3
21:1	1KI.18.45-1KI.18.46	3
21:1	2CH.28.22	3
21:1	1SA.29.1	2
21:1	1KI.20.35-1KI.20.43	2
21:1	EZR.9.13-EZR.9.14	2
21:1	ISA.9.13	2
21:1	JER.5.3	2
21:1	HOS.1.4-HOS.1.5	2
21:2	1SA.8.14	4
21:2	1TI.6.9	3
21:2	JAS.1.14-JAS.1.15	3
21:2	GEN.3.6	2
21:2	GEN.16.6	2
21:2	EXO.20.17	2
21:2	DEU.5.21	2
21:2	DEU.11.10	2
21:2	1SA.8.6	2
21:2	1SA.29.6	2
21:2	2KI.9.27	2
21:2	ECC.2.5	2
21:2	SNG.4.15	2
21:2	JER.22.17	2
21:2	HAB.2.9-HAB.2.11	2
21:2	LUK.12.15	2
21:3	NUM.36.7	9
21:3	LEV.25.23	8
21:3	EZK.46.18	7
21:3	GEN.44.7	2
21:3	GEN.44.17	2
21:3	JOS.22.29	2
21:3	JOS.24.16	2
21:3	1SA.12.23	2
21:3	1SA.24.6	2
21:3	1CH.11.19	2
21:3	JOB.27.5	2
21:3	ROM.3.4	2
21:3	ROM.3.6	2
21:3	ROM.3.31	2
21:3	ROM.6.2	2
21:3	ROM.6.15	2
21:3	ROM.7.7	2
21:3	ROM.7.13	2
21:3	1CO.6.15	2
21:3	GAL.6.14	2
21:3	1SA.26.9-1SA.26.11	1
21:4	1KI.20.43	5
21:4	JAS.1.14	3
21:4	GEN.4.5-GEN.4.8	2
21:4	NUM.22.13-NUM.22.14	2
21:4	2SA.13.2	2
21:4	2SA.13.4	2
21:4	1KI.21.3	2
21:4	JOB.5.2	2
21:4	ECC.6.9	2
21:4	ECC.7.8-ECC.7.9	2
21:4	ISA.57.20-ISA.57.21	2
21:4	JON.4.1	2
21:4	JON.4.9	2
21:4	HAB.2.9-HAB.2.12	2
21:4	EPH.4.27	2
21:5	GEN.3.6	2
21:5	2SA.13.4	2
21:5	1KI.16.31	2
21:5	1KI.18.4	2
21:5	1KI.19.2	2
21:5	1KI.21.25	2
21:5	NEH.2.2	2
21:5	EST.4.5	2
21:6	1KI.21.2-1KI.21.4	2
21:6	EST.5.9-EST.5.14	2
21:6	EST.6.12	2
21:6	PRO.14.30	2
21:6	1TI.6.9-1TI.6.10	2
21:6	JAS.4.2-JAS.4.7	2
21:7	1SA.8.4	2
21:7	1SA.8.14	2
21:7	2SA.13.4	2
21:7	1KI.21.15-1KI.21.16	2
21:7	PRO.30.31	2
21:7	ECC.4.1	2
21:7	ECC.8.4	2
21:7	DAN.5.19-DAN.5.21	2
21:7	MIC.2.1-MIC.2.2	2
21:7	MIC.7.3	2
21:8	NUM.11.16	2
21:8	DEU.16.18-DEU.16.19	2
21:8	DEU.21.1-DEU.21.9	2
21:8	2SA.11.14-2SA.11.15	2
21:8	1KI.20.7	2
21:8	1KI.21.1	2
21:8	2KI.10.1-2KI.10.7	2
21:8	2KI.10.11	2
21:8	2CH.32.17	2
21:8	EZR.4.7-EZR.4.8	2
21:8	EZR.4.11	2
21:8	NEH.6.5	2
21:8	EST.3.12-EST.3.15	2
21:8	EST.8.8-EST.8.13	2
21:9	ISA.58.4	2
21:9	MAT.2.8	2
21:9	MAT.23.13	2
21:9	LUK.20.47	2
21:9	JHN.18.28	2
21:9	GEN.34.13-GEN.34.17	1
21:10	EXO.22.28	6
21:10	ACT.6.11	5
21:10	LEV.24.15-LEV.24.16	4
21:10	DEU.13.13	3
21:10	DEU.19.15	3
21:10	JDG.19.22	2
21:10	MAT.26.59-MAT.26.66	2
21:10	JHN.10.33	2
21:10	ACT.6.13	2
21:11	EXO.1.17	2
21:11	EXO.1.21	2
21:11	EXO.23.1-EXO.23.2	2
21:11	LEV.19.15	2
21:11	1SA.22.17	2
21:11	1SA.23.20	2
21:11	2KI.10.6-2KI.10.7	2
21:11	2CH.24.21	2
21:11	PRO.29.12	2
21:11	PRO.29.26	2
21:11	DAN.3.18-DAN.3.25	2
21:11	HOS.5.11	2
21:11	MIC.6.16	2
21:11	MAT.2.12	2
21:11	MAT.2.16	2
21:11	ACT.4.19	2
21:11	ACT.5.29	2
21:12	ISA.58.4	6
21:12	1KI.21.8-1KI.21.10	2
21:13	2KI.9.26	4
21:13	EXO.20.16	2
21:13	LEV.24.11-LEV.24.16	2
21:13	NUM.15.35-NUM.15.36	2
21:13	DEU.5.20	2
21:13	DEU.13.10	2
21:13	DEU.19.16-DEU.19.21	2
21:13	DEU.21.21	2
21:13	DEU.22.21	2
21:13	DEU.22.24	2
21:13	JOS.7.24-JOS.7.25	2
21:13	JOB.1.5	2
21:13	JOB.1.11	2
21:13	JOB.2.9	2
21:13	PSA.27.12	2
21:13	PSA.35.11	2
21:13	PRO.6.19	2
21:13	PRO.19.5	2
21:13	PRO.19.9	2
21:13	PRO.25.18	2
21:13	ECC.4.1	2
21:13	ECC.10.20	2
21:13	ISA.8.21	2
21:13	AMO.7.10	2
21:13	MAL.3.5	2
21:13	MAT.9.3	2
21:13	MRK.14.56-MRK.14.59	2
21:13	LUK.23.2	2
21:13	JHN.19.12	2
21:13	ACT.6.11	2
21:13	ACT.7.57-ACT.7.59	2
21:13	ACT.24.5	2
21:14	2SA.11.14-2SA.11.24	2
21:14	ECC.5.8	2
21:14	ECC.8.14	2
21:15	1KI.21.7	2
21:15	PRO.1.10-PRO.1.16	2
21:15	PRO.4.17	2
21:16	2SA.1.13-2SA.1.16	2
21:16	2SA.4.9-2SA.4.12	2
21:16	2SA.11.25-2SA.11.27	2
21:16	2SA.23.15-2SA.23.17	2
21:16	PSA.50.18	2
21:16	ISA.33.15	2
21:16	OBA.1.12-OBA.1.14	2
21:16	ROM.1.32	2
21:16	2PE.2.15	2
21:17	PSA.9.12	3
21:17	2KI.1.15-2KI.1.16	2
21:17	2KI.5.26	2
21:17	ISA.26.21	2
21:18	1KI.13.32	2
21:18	2CH.22.9	2
21:19	1KI.22.38	5
21:19	2SA.12.9	3
21:19	GEN.3.11	2
21:19	GEN.4.9-GEN.4.10	2
21:19	JDG.1.7	2
21:19	2SA.12.11	2
21:19	2KI.9.25-2KI.9.26	2
21:19	EST.7.10	2
21:19	PSA.7.15-PSA.7.16	2
21:19	PSA.9.16	2
21:19	PSA.58.10-PSA.58.11	2
21:19	MIC.3.1-MIC.3.4	2
21:19	HAB.2.9	2
21:19	HAB.2.12	2
21:19	MAT.7.2	2
21:20	2KI.17.17	6
21:20	ROM.7.14	6
21:20	1KI.18.17	5
21:20	1KI.21.25	5
21:20	ISA.52.3	3
21:20	REV.11.10	3
21:20	1KI.16.30	2
21:20	1KI.22.8	2
21:20	2KI.21.2	2
21:20	2CH.18.7	2
21:20	2CH.18.17	2
21:20	2CH.33.6	2
21:20	ISA.50.1	2
21:20	AMO.5.10	2
21:20	MRK.12.12	2
21:20	GAL.4.16	2
21:20	EPH.4.19	2
21:21	1KI.14.10	8
21:21	EXO.20.5-EXO.20.6	3
21:21	1SA.25.22	3
21:21	1SA.25.34	3
21:21	2KI.10.1-2KI.10.7	3
21:21	2KI.10.11-2KI.10.14	3
21:21	2KI.10.17	3
21:21	2KI.10.30	3
21:21	2KI.14.26	3
21:21	DEU.32.36	2
21:21	2KI.9.7-2KI.9.9	2
21:22	1KI.16.3	6
21:22	1KI.14.16	4
21:22	1KI.16.11	4
21:22	1KI.12.30	2
21:22	1KI.15.29-1KI.15.30	2
21:22	1KI.15.34	2
21:22	1KI.16.26	2
21:23	2KI.9.10	4
21:23	2KI.9.30-2KI.9.37	3
21:23	1KI.21.25	2
21:24	1KI.14.11	6
21:24	1KI.16.4	6
21:24	JER.15.3	3
21:24	ISA.14.19	2
21:24	EZK.32.4-EZK.32.5	2
21:24	EZK.39.18-EZK.39.20	2
21:24	REV.19.18	2
21:25	PRO.22.14	8
21:25	1KI.21.20	7
21:25	1KI.16.30-1KI.16.33	5
21:25	ECC.7.26	4
21:25	1KI.21.7	3
21:25	ACT.14.2	3
21:25	ROM.6.19	3
21:25	1KI.11.1-1KI.11.4	2
21:25	1KI.18.4	2
21:25	1KI.19.2	2
21:25	2KI.17.17	2
21:25	2KI.23.25	2
21:25	ISA.50.1	2
21:25	ISA.52.3	2
21:25	MRK.6.17-MRK.6.27	2
21:25	ACT.6.12	2
21:25	ROM.7.14	1
21:26	2KI.21.11	6
21:26	GEN.15.16	5
21:26	LEV.18.25-LEV.18.30	4
21:26	LEV.20.22-LEV.20.23	2
21:26	DEU.12.31	2
21:26	1KI.15.12	2
21:26	2KI.16.3	2
21:26	2KI.17.12	2
21:26	2KI.21.2	2
21:26	2CH.15.8	2
21:26	2CH.33.2	2
21:26	2CH.33.9	2
21:26	2CH.36.14	2
21:26	EZR.9.11-EZR.9.14	2
21:26	PSA.106.35-PSA.106.39	2
21:26	ISA.65.4	2
21:26	JER.16.18	2
21:26	JER.44.4	2
21:26	EZK.16.47	2
21:26	EZK.18.12	2
21:26	1PE.4.3	2
21:26	REV.21.8	2
21:27	2KI.6.30	8
21:27	GEN.37.34	6
21:27	2SA.3.31	5
21:27	2SA.12.16-2SA.12.17	4
21:27	JOB.16.15	4
21:27	ISA.22.12	4
21:27	ISA.58.5-ISA.58.8	4
21:27	JOL.1.13	4
21:27	2KI.18.37	3
21:27	ISA.38.15	3
21:27	JON.3.6	2
21:29	2PE.3.9	9
21:29	MIC.7.18	7
21:29	2KI.9.25-2KI.9.26	6
21:29	PSA.86.15	6
21:29	2KI.9.33-2KI.10.7	5
21:29	2KI.10.11	4
21:29	PSA.18.44	4
21:29	EZK.33.10-EZK.33.11	4
21:29	PSA.78.34-PSA.78.37	3
21:29	JER.7.17	3
21:29	ROM.2.4	3
21:29	EXO.10.3	2
21:29	PSA.66.3	2
21:29	LUK.7.44	1
22:1	1KI.20.34	1
22:2	1KI.15.24	4
22:2	1KI.22.1	3
22:2	1KI.22.41	2
22:2	1KI.22.44	2
22:2	2KI.8.18	2
22:2	2CH.18.1-2CH.18.27	2
22:2	MAT.12.40	2
22:2	MAT.16.21	2
22:3	DEU.4.43	4
22:3	JOS.21.38	2
22:3	1KI.4.13	2
22:3	JDG.16.2	1
22:3	2SA.19.10	1
22:3	JOS.20.8	0
22:4	2KI.3.7	5
22:4	EPH.5.11	3
22:4	2CH.18.3	2
22:4	2CH.19.2	2
22:4	PSA.139.21-PSA.139.22	2
22:4	PRO.13.20	2
22:4	1CO.15.33	2
22:4	2JN.1.11	2
22:4	REV.2.26	2
22:4	2CO.6.16-2CO.6.17	1
22:5	PRO.3.5-PRO.3.6	9
22:5	2CH.18.4-2CH.18.5	6
22:5	2KI.3.11	5
22:5	JER.21.2	4
22:5	JER.42.2-JER.42.6	4
22:5	NUM.27.21	3
22:5	EZK.20.1-EZK.20.3	3
22:5	JOS.9.14	2
22:5	JDG.1.1	2
22:5	JDG.20.18	2
22:5	JDG.20.23	2
22:5	JDG.20.29	2
22:5	1SA.14.18	2
22:5	1SA.23.2	2
22:5	1SA.23.4	2
22:5	1SA.23.9-1SA.23.12	2
22:5	1SA.30.8	2
22:5	2KI.1.3	2
22:5	1CH.10.13	2
22:5	EZK.14.3	2
22:6	1KI.18.19	6
22:6	JER.23.14-JER.23.17	4
22:6	EZK.13.7-EZK.13.16	3
22:6	EZK.13.22	3
22:6	1KI.22.15	2
22:6	1KI.22.22-1KI.22.23	2
22:6	2CH.18.14	2
22:6	JER.5.31	2
22:6	JER.8.10-JER.8.11	2
22:6	JER.14.13-JER.14.14	2
22:6	JER.28.1-JER.28.9	2
22:6	MAT.7.15	2
22:6	2TI.4.3	2
22:6	2PE.2.1-2PE.2.3	2
22:6	REV.19.20	2
22:7	2KI.3.11-2KI.3.13	2
22:7	2CH.18.6-2CH.18.7	2
22:8	AMO.5.10	6
22:8	JHN.3.19-JHN.3.21	6
22:8	JHN.7.7	6
22:8	JHN.17.14	6
22:8	JER.38.4	5
22:8	MIC.2.7	5
22:8	JHN.15.18-JHN.15.19	5
22:8	GAL.4.16	5
22:8	1KI.18.4	4
22:8	1KI.19.10	4
22:8	1KI.19.14	4
22:8	1KI.21.20	4
22:8	1KI.21.27-1KI.21.29	4
22:8	1KI.22.13	4
22:8	1KI.22.27	4
22:8	2KI.9.22	4
22:8	2CH.36.16	4
22:8	PSA.34.21	4
22:8	PRO.9.8	4
22:8	PRO.15.12	4
22:8	ISA.3.11	4
22:8	ISA.30.10	4
22:8	ISA.49.7	4
22:8	ISA.57.19-ISA.57.21	4
22:8	JER.20.10	4
22:8	JER.43.3-JER.43.4	4
22:8	ZEC.11.8	4
22:8	MAT.10.22	4
22:8	REV.11.7-REV.11.10	4
22:8	1KI.20.35-1KI.20.43	3
22:8	PRO.5.12-PRO.5.14	3
22:8	JER.18.18	3
22:8	MIC.2.11	3
22:8	GEN.37.8	2
22:9	1KI.22.26-1KI.22.27	2
22:9	2KI.9.32	2
22:9	2CH.18.8	2
22:9	ISA.39.7	2
22:9	DAN.1.18	2
22:10	1KI.18.29	3
22:10	1KI.22.6	3
22:10	1KI.22.30	3
22:10	2CH.18.9-2CH.18.11	3
22:10	EST.5.1	3
22:10	EST.6.8-EST.6.9	3
22:10	JER.27.14-JER.27.16	3
22:10	EZK.13.1-EZK.13.9	3
22:10	MAT.6.20	3
22:10	MAT.11.8	3
22:10	ACT.12.21	3
22:10	ACT.25.23	3
22:11	ZEC.1.18-ZEC.1.21	4
22:11	DEU.33.17	3
22:11	JER.23.17	2
22:11	JER.23.25	2
22:11	JER.23.31	2
22:11	JER.27.2	2
22:11	JER.28.2-JER.28.3	2
22:11	JER.28.10-JER.28.14	2
22:11	JER.29.21	2
22:11	EZK.13.6-EZK.13.9	2
22:11	EZK.22.27-EZK.22.28	2
22:11	ACT.19.13-ACT.19.16	2
22:11	2CO.11.13-2CO.11.15	2
22:11	2TI.3.8	2
22:11	MIC.3.11	1
22:12	1KI.22.6-1KI.22.15	2
22:12	1KI.22.32-1KI.22.36	2
22:12	2CH.35.22	2
22:13	PSA.10.11	2
22:13	PSA.11.1	2
22:13	PSA.14.1	2
22:13	PSA.50.21	2
22:13	ISA.30.10-ISA.30.11	2
22:13	HOS.7.3	2
22:13	AMO.7.13-AMO.7.17	2
22:13	MIC.2.6-MIC.2.7	2
22:13	MIC.2.11	2
22:13	1CO.2.14-1CO.2.16	2
22:14	NUM.24.13	6
22:14	NUM.22.18	3
22:14	NUM.22.38	3
22:14	2CH.18.12-2CH.18.13	3
22:14	JER.26.2-JER.26.3	3
22:14	EZK.3.17-EZK.3.19	3
22:14	1KI.18.10	2
22:14	1KI.18.15	2
22:14	JER.42.4	2
22:14	EZK.2.4-EZK.2.8	2
22:14	ACT.20.26-ACT.20.27	2
22:14	2CO.2.17	2
22:14	2CO.4.2	2
22:14	GAL.1.10	2
22:14	JER.23.28	1
22:15	JDG.10.14	2
22:15	1KI.18.27	2
22:15	2KI.3.13	2
22:15	2CH.18.14	2
22:15	ECC.11.9	2
22:15	MAT.26.45	2
22:16	JOS.6.26	2
22:16	1SA.14.24	2
22:16	2CH.18.15	2
22:16	JER.42.3-JER.42.6	2
22:16	MAT.22.16-MAT.22.17	2
22:16	MAT.26.63	2
22:16	MRK.5.7	2
22:16	ACT.19.13	2
22:17	NUM.27.17	7
22:17	MAT.9.36	6
22:17	1KI.22.34-1KI.22.36	5
22:17	2CH.18.16-2CH.18.17	4
22:17	JER.50.6	3
22:17	JER.50.17	3
22:17	EZK.34.4-EZK.34.6	3
22:17	ZEC.13.7	3
22:17	ACT.10.11-ACT.10.17	3
22:17	1SA.9.9	2
22:17	JER.1.11-JER.1.16	2
22:17	JER.23.1-JER.23.2	2
22:17	ZEC.10.2	2
22:17	EZK.1.4	1
22:18	1KI.22.8	4
22:18	PRO.10.24	2
22:18	PRO.27.22	2
22:18	PRO.29.1	2
22:18	LUK.11.45	2
22:19	JOB.2.1	14
22:19	JOB.1.6	11
22:19	DAN.7.9-DAN.7.10	9
22:19	ISA.6.1-ISA.6.3	8
22:19	PSA.103.20-PSA.103.21	7
22:19	MAT.18.10	7
22:19	2CH.18.18-2CH.18.22	5
22:19	EZK.1.26-EZK.1.28	5
22:19	EZK.13.2	5
22:19	HEB.1.7	5
22:19	HEB.1.14	5
22:19	REV.4.2-REV.4.3	5
22:19	ISA.1.10	4
22:19	ISA.28.14	4
22:19	AMO.7.16	4
22:19	HEB.12.22	4
22:19	JER.2.4	3
22:19	JER.29.20	3
22:19	JER.42.15	3
22:19	ZEC.1.10	3
22:19	MAT.25.31	3
22:19	ACT.7.55-ACT.7.56	3
22:19	REV.5.11	3
22:20	EZK.14.9	6
22:20	JOB.12.16	5
22:20	JER.4.10	4
22:21	1KI.22.23	2
22:21	JOB.1.6-JOB.1.7	2
22:21	JOB.2.1	2
22:22	JDG.9.23	9
22:22	1SA.16.14	4
22:22	1SA.19.9	4
22:22	1SA.18.10	3
22:22	1KI.22.20	3
22:22	JOB.1.8-JOB.1.11	3
22:22	JOB.12.16	3
22:22	EZK.14.9	3
22:22	2TH.2.9-2TH.2.12	3
22:22	REV.13.14	3
22:22	REV.16.13-REV.16.14	3
22:22	REV.20.10	3
22:22	JOB.2.4-JOB.2.6	2
22:22	JHN.8.44	2
22:22	1TI.4.1	2
22:22	1JN.4.6	2
22:22	REV.12.9-REV.12.10	2
22:22	REV.17.17	2
22:22	REV.20.3	2
22:22	REV.20.7	2
22:22	PSA.109.17	1
22:22	ACT.5.3-ACT.5.4	1
22:23	EZK.14.9	8
22:23	ISA.6.9-ISA.6.10	6
22:23	MAT.24.24-MAT.24.25	6
22:23	2CH.25.16	5
22:23	ISA.3.11	5
22:23	ISA.44.20	5
22:23	DEU.2.30	4
22:23	1KI.20.42	4
22:23	NUM.23.19-NUM.23.20	3
22:23	NUM.24.13	3
22:23	1KI.22.8-1KI.22.11	3
22:23	EXO.4.21	2
22:23	EXO.10.20	2
22:23	1KI.21.19	2
22:23	EZK.14.3-EZK.14.5	2
22:23	MAT.13.13-MAT.13.15	2
22:24	ACT.23.2	5
22:24	LAM.3.30	3
22:24	MIC.5.1	3
22:24	1KI.22.11	2
22:24	2CH.18.23-2CH.18.24	2
22:24	ISA.50.5-ISA.50.6	2
22:24	JER.28.10-JER.28.11	2
22:24	JER.29.26-JER.29.27	2
22:24	MAT.5.39	2
22:24	MAT.26.68	2
22:24	MAT.27.42-MAT.27.43	2
22:24	MRK.14.65	2
22:24	MRK.15.19-MRK.15.20	2
22:24	JHN.15.18	2
22:24	JHN.15.20	2
22:25	1KI.20.30	5
22:25	2PE.2.1	3
22:25	REV.19.20	3
22:25	NUM.31.8	2
22:25	ISA.9.14-ISA.9.16	2
22:25	JER.23.15	2
22:25	JER.28.16-JER.28.17	2
22:25	JER.29.21-JER.29.22	2
22:25	JER.29.32	2
22:25	AMO.7.17	2
22:27	2CH.16.10	6
22:27	2CH.18.25-2CH.18.27	4
22:27	REV.2.10	3
22:27	DEU.16.3	2
22:27	PSA.80.5	2
22:27	PSA.102.9	2
22:27	PSA.127.2	2
22:27	ISA.30.20	2
22:27	JER.20.2	2
22:27	JER.29.26	2
22:27	JER.37.15	2
22:27	JER.38.6	2
22:27	LAM.3.53-LAM.3.55	2
22:27	MRK.6.17-MRK.6.28	2
22:27	LUK.3.20	2
22:27	LUK.12.45-LUK.12.46	2
22:27	ACT.5.18	2
22:27	ACT.16.23-ACT.16.24	2
22:27	ACT.26.10	2
22:27	EPH.3.1	2
22:27	1TH.5.2-1TH.5.3	2
22:27	JAS.4.13-JAS.4.14	2
22:27	ACT.24.25-ACT.24.27	1
22:28	NUM.16.29	5
22:28	MIC.1.2	5
22:28	MRK.12.37	3
22:28	ACT.13.10-ACT.13.11	3
22:28	DEU.18.20-DEU.18.22	2
22:28	1KI.18.21-1KI.18.24	2
22:28	1KI.18.36-1KI.18.37	2
22:28	2KI.1.10	2
22:28	2KI.1.12	2
22:28	2CH.18.27	2
22:28	ISA.44.26	2
22:28	JER.28.8-JER.28.9	2
22:28	AMO.3.1	2
22:28	MRK.7.14-MRK.7.15	2
22:29	1KI.22.2-1KI.22.9	2
22:29	2CH.18.28	2
22:30	2CH.35.22	4
22:30	1SA.28.8	3
22:30	JER.23.24	3
22:30	2SA.14.2	2
22:30	1KI.14.2	2
22:30	1KI.20.38	2
22:30	1KI.22.10	2
22:30	2CH.18.29	2
22:30	PSA.12.2	2
22:30	PRO.21.30	2
22:31	1KI.20.24	9
22:31	2CH.18.30	6
22:31	JER.16.6	4
22:31	GEN.19.11	2
22:31	1SA.30.2	2
22:31	1KI.20.1	2
22:31	1KI.20.16	2
22:31	1KI.20.33-1KI.20.42	2
22:32	PRO.13.20	4
22:32	JON.2.1-JON.2.2	4
22:32	EXO.14.10	2
22:32	2CH.18.31	2
22:32	PSA.50.15	2
22:32	PSA.91.15	2
22:32	PSA.116.1-PSA.116.2	2
22:32	PSA.130.1-PSA.130.4	2
22:33	PSA.76.10	3
22:33	1KI.22.31	2
22:34	2CH.35.23	7
22:34	MIC.6.13	4
22:34	1SA.17.49	3
22:34	REV.9.9	3
22:34	2SA.15.11	2
22:34	2KI.9.24	2
22:34	2CH.18.30	2
22:35	1KI.22.28	3
22:35	1KI.20.42	2
22:36	2KI.14.12	6
22:36	JDG.7.7-JDG.7.8	2
22:36	JDG.21.24	2
22:36	1SA.4.10	2
22:36	2SA.19.8	2
22:36	1KI.12.16	2
22:36	1KI.12.24	2
22:36	1KI.22.17	2
22:36	1KI.22.31	2
22:38	1KI.21.19	7
22:38	MAT.24.35	3
22:38	JOS.23.14-JOS.23.15	2
22:38	ISA.44.25-ISA.44.26	2
22:38	ISA.48.3-ISA.48.5	2
22:38	JER.44.21-JER.44.23	2
22:38	ZEC.1.4-ZEC.1.6	2
22:39	AMO.3.15	5
22:39	1KI.10.18	2
22:39	1KI.10.22	2
22:39	1KI.14.19	2
22:39	1KI.15.23	2
22:39	1KI.15.31	2
22:39	1KI.16.5	2
22:39	1KI.16.20	2
22:39	1KI.16.27	2
22:39	PSA.45.8	2
22:39	EZK.27.6	2
22:39	EZK.27.15	2
22:39	AMO.6.4	2
22:40	DEU.31.16	2
22:40	2SA.7.12	2
22:40	1KI.2.10	2
22:40	1KI.11.21	2
22:40	1KI.14.31	2
22:40	1KI.22.51	2
22:40	2KI.1.2	2
22:40	2KI.1.17	2
22:40	2CH.20.35	2
22:41	2CH.20.31	4
22:41	1KI.22.2	2
22:41	1CH.3.10	2
22:41	2CH.17.1	2
22:42	1KI.14.21	2
22:42	1KI.15.2	2
22:42	1KI.15.10	2
22:42	2KI.1.17	2
22:42	2KI.8.16	2
22:43	1KI.15.14	7
22:43	2KI.12.3	5
22:43	PRO.4.27	3
22:43	EXO.32.8	2
22:43	1SA.12.20-1SA.12.21	2
22:43	1KI.14.23	2
22:43	1KI.15.5	2
22:43	1KI.15.11	2
22:43	2KI.14.3-2KI.14.4	2
22:43	2KI.15.3-2KI.15.4	2
22:43	2KI.18.22	2
22:43	2CH.14.2-2CH.14.5	2
22:43	2CH.14.11	2
22:43	2CH.15.8	2
22:43	2CH.15.17	2
22:43	2CH.16.7-2CH.16.12	2
22:43	2CH.17.3-2CH.17.6	2
22:43	2CH.19.3-2CH.19.4	2
22:43	2CH.20.3-2CH.20.30	2
22:43	PSA.40.4	2
22:43	PSA.101.3	2
22:43	PSA.125.5	2
22:44	1KI.22.2	3
22:44	2KI.8.18	3
22:44	2CH.19.2	3
22:44	2CH.21.6	2
22:44	2CO.6.14	2
22:45	1KI.11.41	2
22:45	1KI.14.29	2
22:45	2CH.20.34	2
22:46	1KI.14.24	5
22:46	1KI.15.12	5
22:46	DEU.23.17	4
22:46	GEN.19.5	3
22:46	JUD.1.7	3
22:46	JDG.19.22	2
22:46	ROM.1.26-ROM.1.27	2
22:46	1CO.6.9	2
22:46	1TI.1.10	2
22:47	2SA.8.14	5
22:47	2KI.3.9	5
22:47	2KI.8.20	4
22:47	GEN.27.40	3
22:47	GEN.25.23	2
22:47	GEN.36.31-GEN.36.43	2
22:47	PSA.108.9-PSA.108.10	2
22:48	1KI.9.26	5
22:48	1KI.10.22	5
22:48	1KI.9.28	4
22:48	NUM.33.35-NUM.33.36	2
22:48	2CH.9.21	2
22:48	2CH.20.21	2
22:48	2CH.20.35-2CH.20.37	2
22:48	2CH.25.7	2
22:48	PSA.45.9	2
22:48	PSA.48.7	2
22:48	ISA.2.16	2
22:48	ISA.60.9	2
22:48	JON.1.3	2
22:50	2CH.21.1	4
22:50	1KI.2.10	2
22:50	1KI.11.43	2
22:50	1KI.14.31	2
22:50	1KI.15.24	2
22:50	1KI.22.40	2
22:50	2KI.8.16-2KI.8.18	2
22:50	2CH.21.5-2CH.21.7	2
22:51	1KI.15.25	2
22:51	1KI.22.40	2
22:51	2KI.1.17	2
22:52	1KI.15.26	5
22:52	1KI.21.25	4
22:52	1KI.12.28-1KI.12.33	2
22:52	1KI.14.9-1KI.14.16	2
22:52	1KI.15.34	2
22:52	1KI.16.30-1KI.16.33	2
22:52	2KI.1.2-2KI.1.7	2
22:52	2KI.3.3	2
22:52	2KI.8.27	2
22:52	2KI.9.22	2
22:52	2CH.22.3	2
22:52	MRK.6.24	2
22:52	REV.3.20	2
22:53	1KI.16.30-1KI.16.32	3
22:53	JDG.2.1-JDG.2.11	2
22:53	1KI.16.7	2
22:53	1KI.21.29	2
22:53	2KI.1.2	2
22:53	2KI.3.2	2
22:53	PSA.106.29	2
22:53	ISA.65.3	2
22:53	EZK.8.3	2
22:53	EZK.18.14-EZK.18.18	2
