# chapter:verse	to	votes (most first)
1:1	1CH.6.34	7
1:1	1CH.6.25-1CH.6.27	6
1:1	1SA.1.19	5
1:1	JDG.17.1	4
1:1	RUT.1.2	4
1:1	JDG.19.1	3
1:1	1SA.9.5	3
1:1	JOS.24.33	2
1:1	JDG.12.5	2
1:1	1SA.17.12	2
1:1	MAT.27.57	2
1:1	JOS.17.17-JOS.17.18	1
1:1	1KI.11.26	1
1:2	GEN.4.23	2
1:2	GEN.16.1-GEN.16.2	2
1:2	GEN.25.21	2
1:2	GEN.29.23-GEN.29.29	2
1:2	GEN.29.31	2
1:2	DEU.21.15-DEU.21.17	2
1:2	JDG.8.30	2
1:2	JDG.13.2	2
1:2	MAT.19.8	2
1:2	LUK.1.7	2
1:2	GEN.4.19	1
1:2	LUK.2.36	1
1:3	LUK.2.41	7
1:3	DEU.12.5-DEU.12.7	6
1:3	JOS.18.1	6
1:3	EXO.23.14	5
1:3	EXO.34.23	5
1:3	DEU.16.16	4
1:3	1SA.1.9	4
1:3	1SA.1.21	4
1:3	JDG.18.31	3
1:3	EXO.23.17	2
1:3	DEU.12.11-DEU.12.14	2
1:3	1SA.2.12-1SA.2.17	2
1:3	1SA.2.34	2
1:3	1SA.3.13	2
1:3	1SA.4.4	2
1:3	1SA.4.11	2
1:3	1SA.4.17-1SA.4.18	2
1:3	PSA.78.60	2
1:3	JER.7.12-JER.7.14	2
1:4	DEU.12.17-DEU.12.18	5
1:4	DEU.16.11	3
1:4	LEV.3.4	2
1:4	LEV.7.15	2
1:4	DEU.12.5-DEU.12.7	2
1:5	GEN.30.2	8
1:5	GEN.29.30-GEN.29.31	3
1:5	GEN.16.1	2
1:5	GEN.20.18	2
1:5	GEN.45.22	2
1:5	GEN.43.34	1
1:5	DEU.21.15	0
1:6	JOB.6.14	7
1:6	JOB.24.21	7
1:6	LEV.18.18	5
1:7	1SA.2.19	2
1:8	RUT.4.15	10
1:8	JOB.6.14	4
1:8	ISA.54.6	4
1:8	PSA.43.4	3
1:8	JHN.20.13	3
1:8	JHN.20.15	3
1:8	1TH.5.14	3
1:8	2SA.12.16-2SA.12.17	2
1:8	2KI.8.12	2
1:8	ISA.54.1	2
1:9	1SA.3.3	8
1:9	PSA.27.4	6
1:9	PSA.5.7	4
1:9	2SA.7.2	3
1:9	1SA.3.15	2
1:9	PSA.29.9	2
1:10	JOB.7.11	16
1:10	JOB.10.1	12
1:10	LUK.22.44	12
1:10	PSA.91.15	11
1:10	HEB.5.7	9
1:10	JDG.21.2	7
1:10	ISA.54.6	7
1:10	JOB.9.18	5
1:10	PSA.50.15	5
1:10	ISA.38.15	5
1:10	RUT.1.20	4
1:10	2KI.20.3	4
1:10	JER.22.10	3
1:10	LAM.3.15	3
1:10	2SA.13.36	2
1:10	JER.13.17	2
1:10	GEN.50.10	0
1:11	JDG.13.5	14
1:11	NUM.6.5	12
1:11	GEN.29.32	8
1:11	ECC.5.4	7
1:11	GEN.28.20	6
1:11	PSA.25.18	6
1:11	JDG.11.30	5
1:11	1SA.1.19	5
1:11	NUM.6.8	4
1:11	NUM.21.2	4
1:11	NUM.30.3-NUM.30.8	4
1:11	GEN.8.1	3
1:11	GEN.30.22	3
1:11	EXO.4.31	3
1:11	NUM.6.11	3
1:11	2SA.16.12	3
1:11	PSA.132.1-PSA.132.2	3
1:12	1TH.5.17	5
1:12	JAS.5.16	4
1:12	LUK.11.8-LUK.11.10	3
1:12	LUK.18.1	3
1:12	EPH.6.18	3
1:12	COL.4.2	3
1:13	ROM.8.26	9
1:13	GEN.24.42-GEN.24.45	7
1:13	ACT.2.13	7
1:13	PSA.25.1	4
1:13	ZEC.9.15	4
1:13	NEH.2.4	3
1:13	1CO.13.7	3
1:14	JOS.22.12-JOS.22.20	2
1:14	JOB.8.2	2
1:14	JOB.11.14	2
1:14	JOB.22.23	2
1:14	PSA.62.3	2
1:14	PRO.4.24	2
1:14	PRO.6.9	2
1:14	MAT.7.1-MAT.7.3	2
1:14	EPH.4.25	2
1:14	EPH.4.31	2
1:15	PSA.62.8	13
1:15	LAM.2.19	8
1:15	PSA.42.4	7
1:15	PSA.142.2-PSA.142.3	5
1:15	PSA.143.6	5
1:15	JOB.30.16	2
1:15	PRO.15.1	2
1:15	PRO.25.15	1
1:16	1SA.2.12	4
1:16	DEU.13.13	3
1:16	JOB.6.2-JOB.6.3	3
1:16	JOB.10.1-JOB.10.2	3
1:16	MAT.12.34-MAT.12.35	3
1:16	1SA.10.27	2
1:16	1SA.25.25	2
1:17	MRK.5.34	14
1:17	JDG.18.6	13
1:17	PSA.20.3-PSA.20.5	11
1:17	1SA.25.35	9
1:17	2KI.5.19	9
1:17	LUK.7.50	8
1:17	1CH.4.10	7
1:17	LUK.8.48	7
1:17	1SA.29.7	6
1:18	RUT.2.13	11
1:18	ECC.9.7	9
1:18	ROM.15.13	9
1:18	GEN.33.15	6
1:18	GEN.33.8	5
1:18	JHN.16.24	5
1:18	PHP.4.6-PHP.4.7	5
1:18	GEN.32.5	3
1:19	GEN.21.1	10
1:19	GEN.30.22	10
1:19	GEN.4.1	9
1:19	1SA.1.11	9
1:19	GEN.8.1	5
1:19	1SA.9.26	5
1:19	PSA.25.7	5
1:19	PSA.55.17	5
1:19	PSA.119.147	5
1:19	MRK.1.35	5
1:19	LUK.23.42	5
1:19	1SA.1.1	4
1:19	1SA.2.11	4
1:19	PSA.5.3	4
1:19	PSA.136.23	4
1:20	GEN.41.51-GEN.41.52	7
1:20	EXO.2.10	6
1:20	MAT.1.21	6
1:20	EXO.2.22	4
1:20	GEN.16.11	2
1:20	GEN.29.32-GEN.29.35	2
1:20	GEN.30.6-GEN.30.21	2
1:20	GEN.5.29	1
1:20	GEN.4.25	0
1:21	1SA.1.3	6
1:21	DEU.12.11	3
1:21	JOS.24.15	2
1:21	GEN.18.19	1
1:21	PSA.101.2	1
1:22	1SA.1.11	6
1:22	1SA.1.28	6
1:22	LUK.2.22	5
1:22	LEV.25.23	3
1:22	DEU.16.16	3
1:22	1SA.2.11	3
1:22	1SA.2.18	3
1:22	1SA.3.1	3
1:22	LUK.2.41-LUK.2.42	3
1:22	EXO.21.6	2
1:22	JOS.4.7	2
1:22	PSA.23.6	2
1:22	PSA.27.4	2
1:22	PSA.110.4	2
1:22	ISA.9.7	2
1:23	2SA.7.25	3
1:23	GEN.21.7-GEN.21.8	2
1:23	NUM.30.7-NUM.30.11	2
1:23	1SA.1.17	2
1:23	PSA.22.9	2
1:23	ISA.44.26	2
1:23	MAT.24.19	2
1:23	LUK.11.27	2
1:24	NUM.15.9-NUM.15.10	7
1:24	JOS.18.1	6
1:24	1SA.4.3-1SA.4.4	6
1:24	DEU.12.5-DEU.12.6	5
1:24	DEU.12.11	3
1:24	DEU.16.16	2
1:25	LUK.18.15-LUK.18.16	4
1:25	LUK.2.22	3
1:26	2KI.2.2	4
1:26	2KI.2.4	4
1:26	2KI.2.6	4
1:26	2KI.4.30	4
1:26	1SA.17.55	3
1:26	1SA.20.3	3
1:26	2SA.11.11	3
1:26	GEN.42.15	2
1:26	2SA.14.19	2
1:27	1JN.5.15	8
1:27	PSA.66.19-PSA.66.20	6
1:27	PSA.118.5	6
1:27	MAT.7.7	6
1:27	1SA.1.11-1SA.1.13	5
1:27	PSA.6.9	5
1:27	PSA.116.1-PSA.116.5	3
1:28	GEN.24.26	7
1:28	GEN.24.52	5
1:28	1SA.1.11	3
1:28	2TI.3.15	3
1:28	GEN.24.48	1
1:28	1SA.1.22	0
2:1	LUK.1.46-LUK.1.56	15
2:1	PSA.13.5	10
2:1	ISA.12.2-ISA.12.3	8
2:1	PSA.92.10	7
2:1	PHP.4.6	7
2:1	PSA.89.17	5
2:1	PSA.9.14	4
2:1	PSA.20.5	4
2:1	PSA.35.9	4
2:1	PHP.4.4	4
2:1	EXO.15.1	3
2:1	EXO.15.21	3
2:1	JDG.5.1-JDG.5.2	3
2:1	1SA.2.1-1SA.2.10	3
2:1	PSA.89.24	3
2:1	PSA.118.14	3
2:1	HAB.3.18	3
2:1	PHP.3.3	3
2:1	PSA.18.2	2
2:1	PSA.51.15	2
2:1	PSA.112.8-PSA.112.9	2
2:1	ROM.5.11	2
2:1	1PE.1.8	2
2:1	PSA.71.8	1
2:1	PSA.75.10	1
2:1	HAB.3.1	1
2:1	NEH.11.17	0
2:1	LUK.1.69	0
2:1	REV.18.20	0
2:2	2SA.22.32	35
2:2	ISA.44.6	30
2:2	PSA.86.8	25
2:2	EXO.15.11	21
2:2	PSA.89.8	17
2:2	JER.10.6	17
2:2	1PE.1.16	17
2:2	ISA.57.15	14
2:2	LEV.19.2	12
2:2	DEU.3.24	12
2:2	ISA.43.10-ISA.43.11	12
2:2	ISA.44.8	11
2:2	DEU.32.4	10
2:2	DEU.32.30-DEU.32.31	10
2:2	DEU.32.39	10
2:2	PSA.89.6	10
2:2	PSA.99.5	10
2:2	PSA.111.9	10
2:2	ISA.6.3	10
2:2	ISA.40.18	10
2:2	ROM.15.4	10
2:2	DEU.4.35	9
2:2	PSA.18.2	9
2:2	PSA.71.3	9
2:2	PSA.73.25	9
2:2	PSA.99.9	9
2:2	DEU.32.20	8
2:2	PSA.71.19	8
2:2	ROM.4.8	7
2:3	1KI.8.39	11
2:3	PRO.8.13	11
2:3	PRO.24.12	9
2:3	JUD.1.15-JUD.1.16	9
2:3	HEB.4.12	7
2:3	PSA.94.4	6
2:3	PRO.16.2	6
2:3	1SA.16.7	5
2:3	JOB.31.6	5
2:3	PSA.44.21	5
2:3	PSA.94.7-PSA.94.10	5
2:3	PSA.147.5	5
2:3	ISA.37.23	5
2:3	DAN.4.30-DAN.4.31	5
2:3	DAN.4.37	4
2:3	DAN.5.27	4
2:3	MAL.3.13	4
2:3	REV.2.23	4
2:3	JER.17.10	3
2:3	ISA.26.7	2
2:4	PSA.37.15	6
2:4	PSA.76.3	6
2:4	PSA.46.9	5
2:4	PHP.4.13	5
2:4	PSA.37.17	4
2:4	ISA.10.4	4
2:4	2CO.12.9	4
2:4	HEB.11.34	4
2:4	JER.37.10	3
2:4	2CO.4.9-2CO.4.10	3
2:4	EPH.6.14	2
2:5	PSA.113.9	9
2:5	JER.15.9	9
2:5	LUK.1.53	9
2:5	PSA.34.10	8
2:5	1SA.1.6	5
2:5	ISA.54.1	5
2:5	LUK.16.25	5
2:5	1SA.1.20	4
2:5	GAL.4.27	3
2:6	DEU.32.39	20
2:6	ISA.26.19	14
2:6	2KI.5.7	7
2:6	JOB.5.18	7
2:6	JON.2.2-JON.2.6	7
2:6	REV.1.18	7
2:6	JHN.5.25-JHN.5.29	6
2:6	HOS.6.1-HOS.6.2	5
2:6	JHN.11.25	5
2:6	1SA.20.3	4
2:6	PSA.116.3	4
2:6	MAT.12.40	4
2:6	2CO.1.9-2CO.1.10	4
2:6	PSA.68.20	3
2:7	PSA.75.7	21
2:7	DEU.8.17-DEU.8.18	13
2:7	JOB.5.11	13
2:7	JOB.1.21	10
2:7	JAS.4.10	10
2:7	JAS.1.9-JAS.1.10	6
2:7	ISA.2.12	5
2:7	PSA.102.10	4
2:8	PSA.113.7-PSA.113.8	25
2:8	DAN.2.48	16
2:8	JAS.2.5	16
2:8	DAN.6.3	12
2:8	1SA.15.17	11
2:8	ECC.4.14	11
2:8	REV.1.6	10
2:8	2SA.7.8	9
2:8	LUK.1.51-LUK.1.52	9
2:8	REV.5.10	9
2:8	REV.22.5	9
2:8	JOB.36.6-JOB.36.7	8
2:8	JOB.38.4-JOB.38.6	8
2:8	JOB.42.10-JOB.42.12	8
2:8	REV.3.21	8
2:8	GEN.41.14	7
2:8	PSA.24.2	7
2:8	PSA.102.25	7
2:8	PSA.104.5	7
2:8	HEB.1.3	7
2:8	GEN.41.40	6
2:8	JOB.2.8	6
2:8	DAN.4.17	5
2:9	PSA.91.11-PSA.91.12	15
2:9	PSA.121.3	13
2:9	PSA.33.16-PSA.33.17	12
2:9	1PE.1.5	10
2:9	JOB.5.24	7
2:9	PSA.37.28	7
2:9	PSA.94.18	7
2:9	PSA.97.10	7
2:9	ZEC.4.6	7
2:9	DEU.33.3	6
2:9	PSA.37.23-PSA.37.24	4
2:9	PSA.121.8	4
2:9	PRO.16.9	4
2:9	PRO.3.26	3
2:9	ECC.9.11	3
2:9	ZEP.1.15	3
2:9	MAT.8.12	3
2:9	2PE.2.17	3
2:9	1SA.17.49-1SA.17.50	2
2:9	PSA.121.5	2
2:9	PRO.2.8	2
2:9	ECC.5.17	2
2:9	JER.9.23	1
2:9	JUD.1.1	1
2:9	JUD.1.3	1
2:9	JOB.5.16	0
2:9	JER.8.14	0
2:9	MAT.22.12-MAT.22.13	0
2:9	ROM.3.19	0
2:9	JUD.1.13	0
2:10	PSA.2.9	10
2:10	PSA.89.24	9
2:10	PSA.18.13-PSA.18.14	8
2:10	PSA.96.13	8
2:10	EXO.15.6	7
2:10	1SA.7.10	6
2:10	PSA.20.6	6
2:10	PSA.21.7-PSA.21.9	6
2:10	PSA.92.9-PSA.92.10	6
2:10	PSA.98.9	6
2:10	JDG.5.31	5
2:10	PSA.2.2	5
2:10	PSA.2.6	5
2:10	PSA.21.1	5
2:10	PSA.45.7	5
2:10	PSA.50.1-PSA.50.6	5
2:10	PSA.68.1-PSA.68.2	5
2:10	ECC.11.9	5
2:10	MAT.25.31-MAT.25.32	5
2:10	MAT.28.18	5
2:10	1SA.12.3	4
2:10	1SA.12.18	4
2:10	1SA.15.28	4
2:10	1SA.16.1	4
2:10	2SA.7.8	4
2:10	2SA.7.13	4
2:10	JOB.40.9	4
2:10	PSA.28.8	4
2:10	PSA.89.17	4
2:10	PSA.148.14	4
2:10	ISA.32.1	4
2:10	MAT.25.34	4
2:10	LUK.1.69	4
2:10	ACT.10.38	4
2:10	ROM.14.10-ROM.14.12	4
2:10	2CO.5.10	4
2:10	REV.20.11-REV.20.15	4
2:10	ECC.12.14	3
2:10	LUK.19.27	3
2:10	JHN.5.21-JHN.5.22	3
2:10	1SA.12.13	2
2:10	2SA.22.14	2
2:10	ISA.45.24	2
2:10	ACT.4.27	2
2:11	1SA.2.18	6
2:11	1SA.3.1	6
2:11	1SA.1.28	3
2:11	1SA.1.19	2
2:11	1SA.3.15	2
2:12	ROM.1.28-ROM.1.30	9
2:12	JER.2.8	7
2:12	JDG.2.10	5
2:12	ROM.1.21	5
2:12	2CO.6.15	5
2:12	HOS.4.6-HOS.4.9	4
2:12	JHN.17.3	4
2:12	MAL.2.1-MAL.2.9	3
2:12	JHN.8.55	3
2:12	JHN.16.3	3
2:12	DEU.13.13	2
2:12	JDG.19.22	2
2:12	1SA.3.7	2
2:12	1SA.10.27	2
2:12	1SA.25.17	2
2:12	1KI.21.10	2
2:12	1KI.21.13	2
2:12	JER.9.6	2
2:12	JER.22.16	2
2:13	LEV.7.29-LEV.7.34	8
2:14	EXO.29.27-EXO.29.28	2
2:14	1SA.2.29	2
2:14	ISA.56.11	2
2:14	LEV.7.34	1
2:14	MAL.1.10	1
2:14	2PE.2.13-2PE.2.15	1
2:15	LEV.3.16	6
2:15	LEV.3.3-LEV.3.5	3
2:15	ROM.16.18	3
2:15	PHP.3.19	3
2:15	JUD.1.12	2
2:16	LEV.7.23-LEV.7.25	6
2:16	LEV.3.16	5
2:16	1PE.5.2-1PE.5.3	3
2:16	JDG.18.25	2
2:16	NEH.5.15	2
2:16	MIC.2.1-MIC.2.2	2
2:16	MIC.3.5	2
2:17	MAL.2.7-MAL.2.9	4
2:17	GEN.6.11	3
2:17	GEN.13.13	3
2:17	MAL.2.13	3
2:17	GEN.10.9	2
2:17	2KI.21.6	2
2:17	PSA.51.4	2
2:17	ISA.3.8	2
2:17	MAT.18.7	2
2:18	EXO.28.4	6
2:18	1SA.3.1	6
2:18	1SA.2.11	5
2:18	2SA.6.14	4
2:18	1SA.22.18	3
2:18	LEV.8.7	2
2:18	1SA.2.28	2
2:18	1CH.15.27	2
2:19	1SA.1.3	5
2:19	1SA.1.21	3
2:19	EXO.23.14	2
2:20	1SA.1.27-1SA.1.28	4
2:20	LUK.2.34	3
2:20	GEN.14.19	2
2:20	GEN.27.27-GEN.27.29	2
2:20	NUM.6.23-NUM.6.27	2
2:20	RUT.2.12	2
2:20	RUT.4.11	2
2:20	1SA.1.11	1
2:21	LUK.2.40	11
2:21	GEN.21.1	10
2:21	1SA.3.19	10
2:21	1SA.2.26	9
2:21	JDG.13.24	7
2:21	LUK.1.80	7
2:21	LUK.1.68	6
2:21	1SA.1.19-1SA.1.20	3
2:21	LUK.2.52	3
2:22	EXO.38.8	4
2:22	1SA.2.13-1SA.2.17	3
2:22	JER.7.9-JER.7.10	3
2:22	1SA.8.1	2
2:22	EZK.22.26	2
2:22	HOS.4.9-HOS.4.11	2
2:23	1KI.1.6	2
2:23	ISA.3.9	2
2:23	JER.3.3	2
2:23	JER.8.12	2
2:23	ACT.9.4	2
2:23	ACT.14.15	2
2:23	PHP.3.19	2
2:24	EXO.32.21	2
2:24	1SA.2.17	2
2:24	1SA.2.22	2
2:24	1KI.13.18-1KI.13.21	2
2:24	1KI.15.30	2
2:24	2KI.10.31	2
2:24	MAL.2.8	2
2:24	MAT.18.7	2
2:24	ACT.6.3	2
2:24	2CO.6.8	2
2:24	1TI.3.7	2
2:24	2PE.2.18	2
2:24	3JN.1.12	2
2:24	REV.2.20	2
2:25	NUM.15.30	10
2:25	JOS.11.20	10
2:25	1SA.3.14	10
2:25	HEB.10.26	10
2:25	PRO.15.10	7
2:25	1TI.2.5	7
2:25	HEB.7.25	6
2:25	DEU.1.17	3
2:25	2CH.25.16	3
2:25	PSA.51.4	3
2:25	JHN.12.39-JHN.12.40	3
2:25	DEU.2.30	2
2:25	DEU.17.8-DEU.17.12	2
2:25	DEU.25.1-DEU.25.3	2
2:25	PSA.51.16	2
2:26	LUK.2.52	24
2:26	LUK.2.40	12
2:26	1SA.2.21	11
2:26	LUK.1.80	11
2:26	ACT.2.47	11
2:26	ROM.14.18	10
2:26	PRO.3.3	7
2:27	JDG.13.6	4
2:27	EXO.4.14-EXO.4.16	3
2:27	EXO.4.27	3
2:27	DEU.33.1	3
2:27	1KI.13.1	3
2:27	EXO.12.1	2
2:27	EXO.12.43	2
2:27	JDG.6.8	2
2:27	1SA.9.4	2
2:27	1TI.6.11	2
2:27	2PE.1.21	2
2:28	EXO.28.1	8
2:28	LEV.8.7-LEV.8.8	5
2:28	NUM.18.19	4
2:28	EXO.28.4	3
2:28	LEV.2.3	3
2:28	LEV.2.10	3
2:28	LEV.6.16	3
2:28	LEV.7.7-LEV.7.8	3
2:28	LEV.7.32	3
2:28	LEV.7.34-LEV.7.35	3
2:28	LEV.10.14-LEV.10.15	3
2:28	NUM.5.9-NUM.5.10	3
2:28	NUM.16.5	3
2:28	NUM.17.5-NUM.17.8	3
2:28	EXO.28.6-EXO.28.30	2
2:28	EXO.29.4-EXO.29.37	2
2:28	EXO.39.1-EXO.39.7	2
2:28	NUM.18.1-NUM.18.8	2
2:28	DEU.18.1-DEU.18.8	2
2:28	2SA.12.7	2
2:29	MAT.10.37	8
2:29	DEU.32.15	5
2:29	1SA.2.13-1SA.2.17	5
2:29	EZK.34.2	4
2:29	MAL.1.12-MAL.1.13	4
2:29	LUK.14.26	4
2:29	DEU.12.5-DEU.12.6	3
2:29	MIC.3.5	3
2:29	LEV.19.15	2
2:29	DEU.33.9	2
2:29	JOS.18.1	2
2:29	ISA.56.11-ISA.56.12	2
2:29	HOS.4.8	2
2:29	MAT.22.16	2
2:29	ROM.16.18	2
2:29	JAS.3.17	2
2:29	EZK.13.19	1
2:29	2CO.5.16	1
2:30	JHN.12.26	30
2:30	JER.18.9-JER.18.10	24
2:30	PRO.3.9-PRO.3.10	19
2:30	MAL.1.6	16
2:30	2CH.15.2	13
2:30	PSA.91.14	13
2:30	ISA.29.13	12
2:30	PSA.50.23	11
2:30	PSA.18.20	10
2:30	EXO.29.9	9
2:30	MAL.2.8-MAL.2.9	7
2:30	1PE.1.7	7
2:30	NUM.25.11-NUM.25.13	6
2:30	2SA.12.9-2SA.12.10	6
2:30	JHN.5.23	6
2:30	JHN.5.44	6
2:30	JHN.13.31-JHN.13.32	6
2:30	JHN.17.4-JHN.17.5	6
2:30	NUM.11.20	4
2:30	DAN.4.34	4
2:30	NUM.35.34	3
2:30	JHN.8.49	3
2:30	1CO.4.5	3
2:30	EXO.28.43	2
2:30	JDG.9.10	1
2:31	1SA.22.17-1SA.22.20	5
2:31	1KI.2.26-1KI.2.27	4
2:31	1SA.4.11-1SA.4.20	3
2:31	1SA.14.3	3
2:31	1SA.4.2	2
2:31	1KI.2.35	2
2:31	JOB.22.9	2
2:31	PSA.37.17	2
2:31	EZK.30.21-EZK.30.24	2
2:31	EZK.44.10	2
2:32	ZEC.8.4	5
2:32	1SA.4.11	3
2:32	PSA.78.59-PSA.78.64	3
2:32	1SA.4.4	2
2:32	1SA.4.22	2
2:32	1KI.2.26-1KI.2.27	2
2:33	1KI.2.26-1KI.2.27	3
2:33	1SA.22.21-1SA.22.23	2
2:33	1KI.1.7	2
2:33	1KI.1.19	2
2:33	MAT.2.16-MAT.2.18	1
2:34	1SA.4.11	6
2:34	1KI.13.3	5
2:34	1SA.4.17	4
2:34	1SA.3.12	2
2:34	1KI.14.12	2
2:35	2SA.7.27	12
2:35	2SA.7.11	7
2:35	1KI.11.38	7
2:35	1SA.25.28	5
2:35	PSA.18.50	3
2:35	HEB.7.26-HEB.7.28	3
2:35	1SA.12.3	2
2:35	1SA.16.13	2
2:35	1KI.1.8	2
2:35	1KI.1.45	2
2:35	1KI.2.35	2
2:35	1CH.6.8-1CH.6.15	2
2:35	1CH.29.22	2
2:35	NEH.12.10-NEH.12.11	2
2:35	HEB.2.17	2
2:35	NUM.25.13	1
2:35	PSA.2.2	1
2:35	EZK.34.23	1
2:35	EZK.44.15-EZK.44.16	1
2:36	1KI.2.27	4
2:36	1SA.2.29-1SA.2.30	2
2:36	EZK.44.10-EZK.44.12	2
2:36	MAL.1.13	2
3:1	AMO.8.11-AMO.8.12	16
3:1	PSA.74.9	13
3:1	1SA.3.21	9
3:1	1SA.2.11	5
3:1	1SA.2.18	3
3:1	1SA.3.15	1
3:1	ISA.13.12	0
3:2	1SA.4.15	5
3:2	GEN.27.1	3
3:2	GEN.48.10	3
3:2	PSA.90.10	3
3:2	GEN.48.19	2
3:2	1SA.2.22	1
3:2	ECC.12.3	1
3:3	LEV.24.2-LEV.24.4	5
3:3	PSA.27.4	5
3:3	EXO.27.20-EXO.27.21	4
3:3	PSA.5.7	4
3:3	PSA.29.9	3
3:3	EXO.30.7-EXO.30.8	2
3:3	1SA.1.6	2
3:3	2CH.13.11	2
3:4	GEN.22.1	4
3:4	EXO.3.4	4
3:4	PSA.99.6	4
3:4	ISA.6.8	4
3:4	1CO.12.6-1CO.12.11	4
3:4	GAL.1.15-GAL.1.16	2
3:4	ACT.9.4	1
3:4	1CO.12.28	1
3:6	GEN.43.29	2
3:6	1SA.4.16	2
3:6	2SA.18.22	2
3:6	MAT.9.2	2
3:7	ACT.19.2	5
3:7	JER.9.24	4
3:8	JOB.33.14-JOB.33.15	3
3:8	1CO.13.11-1CO.13.12	2
3:9	EXO.20.19	8
3:9	ISA.6.8	8
3:9	PSA.85.8	7
3:9	ACT.9.6	4
3:9	DAN.10.19	3
3:10	1SA.3.8	1
3:11	HAB.1.5	7
3:11	2KI.21.12	6
3:11	JER.19.3	6
3:11	ACT.13.41	6
3:11	AMO.3.6-AMO.3.7	4
3:11	LUK.21.26	4
3:11	ISA.28.19	3
3:11	ISA.29.14	3
3:12	1SA.2.27-1SA.2.36	4
3:12	NUM.23.19	2
3:12	JOS.23.15	2
3:12	ZEC.1.6	2
3:12	LUK.21.33	2
3:13	PRO.19.18	12
3:13	1SA.2.12	10
3:13	1SA.2.17	9
3:13	MAT.10.37	9
3:13	PRO.23.13-PRO.23.14	7
3:13	EZK.7.3	5
3:13	EZK.18.30	5
3:13	1KI.1.6	4
3:13	PRO.29.15	4
3:13	1KI.2.44	2
3:13	2CH.20.12	2
3:13	ECC.7.22	2
3:13	JOL.3.12	2
3:13	1JN.3.20	2
3:13	1SA.2.22-1SA.2.36	1
3:14	ISA.22.14	6
3:14	NUM.15.30-NUM.15.31	3
3:14	1SA.2.25	3
3:14	JER.7.16	3
3:14	JER.15.1	3
3:14	LEV.15.31	2
3:14	PSA.51.16	2
3:14	EZK.24.13	2
3:14	HEB.10.4-HEB.10.10	2
3:14	HEB.10.26-HEB.10.31	2
3:15	JER.1.6-JER.1.8	3
3:15	1SA.1.9	2
3:15	MAL.1.10	2
3:15	1CO.16.10-1CO.16.11	2
3:17	RUT.1.17	4
3:17	2SA.3.35	4
3:17	1SA.20.13	2
3:17	2SA.19.13	2
3:17	1KI.22.16	2
3:17	PSA.141.5	2
3:17	DAN.4.19	2
3:17	MIC.2.7	2
3:17	MAT.26.63	2
3:18	JOB.2.10	5
3:18	ISA.39.8	5
3:18	JDG.10.15	4
3:18	1PE.5.6	4
3:18	JOB.1.21	3
3:18	PSA.39.9	3
3:18	LAM.3.39	3
3:18	GEN.18.25	2
3:18	2SA.16.10-2SA.16.12	2
3:19	GEN.39.2	9
3:19	1SA.9.6	8
3:19	1KI.8.56	7
3:19	LUK.2.52	7
3:19	1SA.2.21	5
3:19	2TI.4.22	5
3:19	LUK.2.40	4
3:19	2CO.13.11	4
3:19	GEN.21.22	3
3:19	GEN.39.21-GEN.39.23	3
3:19	1SA.18.14	3
3:19	ISA.43.2	3
3:19	LUK.1.80	3
3:19	2CO.13.14	3
3:19	JDG.13.24	2
3:19	ISA.44.26	2
3:19	MAT.1.23	2
3:19	LUK.1.28	2
3:20	JDG.20.1	5
3:20	2SA.3.10	4
3:20	1TI.1.12	3
3:20	2SA.17.11	2
3:21	1SA.3.1	7
3:21	GEN.12.7	6
3:21	1SA.3.4	5
3:21	GEN.15.1	4
3:21	NUM.12.6	3
3:21	1SA.3.10	3
3:21	AMO.3.7	2
3:21	HEB.1.1	2
4:1	1SA.29.1	5
4:1	1SA.5.1	3
4:1	1SA.7.12	3
4:1	JOS.12.18	2
4:1	JOS.15.53	2
4:1	JOS.19.30	2
4:1	1SA.3.11	2
4:1	1KI.20.30	2
4:2	LAM.3.40	3
4:2	JOS.7.5-JOS.7.8	2
4:2	JOS.7.12	2
4:2	1SA.17.8	2
4:2	1SA.17.21	2
4:2	PSA.44.9-PSA.44.10	2
4:2	PSA.79.7-PSA.79.8	2
4:2	PSA.106.40-PSA.106.41	2
4:3	2TI.3.5	4
4:3	NUM.10.35	3
4:3	1CO.10.1-1CO.10.5	3
4:3	NUM.10.33	2
4:3	NUM.31.6	2
4:3	DEU.29.24	2
4:3	DEU.31.26	2
4:3	JOS.4.7	2
4:3	JOS.6.4-JOS.6.5	2
4:3	JOS.7.7	2
4:3	1SA.14.18	2
4:3	2SA.15.25	2
4:3	1CH.17.1	2
4:3	PSA.74.1	2
4:3	PSA.74.11	2
4:3	ISA.1.11-ISA.1.15	2
4:3	ISA.50.1	2
4:3	ISA.58.3	2
4:3	JER.3.16	2
4:3	JER.7.4	2
4:3	JER.7.8-JER.7.15	2
4:3	AMO.5.21-AMO.5.22	2
4:3	MAT.3.9-MAT.3.10	2
4:3	ROM.2.28-ROM.2.29	2
4:3	HEB.9.4	2
4:3	1PE.3.21	2
4:3	JUD.1.5	2
4:3	MAT.23.25-MAT.23.28	1
4:4	2SA.6.2	7
4:4	NUM.7.89	5
4:4	PSA.80.1	5
4:4	PSA.99.1	4
4:4	2KI.19.15	3
4:4	EXO.25.18-EXO.25.22	2
4:4	NUM.4.5	2
4:4	NUM.4.15	2
4:4	1SA.2.12-1SA.2.17	2
4:4	1SA.2.22	2
4:4	PSA.50.16-PSA.50.17	2
4:4	MAL.1.9	2
4:4	ACT.19.15-ACT.19.16	2
4:5	JOS.6.5	4
4:5	JOB.20.5	3
4:5	JOS.6.20	2
4:5	JDG.15.14	2
4:5	JER.7.4	2
4:5	AMO.6.3	2
4:5	MIC.2.11	1
4:6	EXO.32.17-EXO.32.18	2
4:7	EXO.14.25	2
4:7	EXO.15.14-EXO.15.16	2
4:7	DEU.32.30	2
4:8	EXO.7.5	3
4:8	EXO.9.14	3
4:8	PSA.78.43-PSA.78.51	3
4:9	1CO.16.13	7
4:9	JDG.13.1	6
4:9	2SA.10.12	5
4:9	EPH.6.10-EPH.6.11	5
4:9	JDG.10.7	3
4:9	ISA.33.1	3
4:9	DEU.28.47-DEU.28.48	2
4:9	ISA.14.2	2
4:10	1SA.4.2	6
4:10	LEV.26.17	5
4:10	DEU.28.25	5
4:10	2KI.14.12	5
4:10	2SA.18.17	3
4:10	PSA.78.60-PSA.78.64	3
4:10	2SA.18.7	2
4:10	2SA.19.8	2
4:10	2SA.20.1	2
4:10	1KI.12.16	2
4:10	1KI.22.36	2
4:10	2CH.13.17	2
4:10	2CH.25.22	2
4:10	2CH.28.5-2CH.28.6	2
4:10	PSA.78.9	2
4:10	ISA.10.3-ISA.10.6	2
4:11	1SA.2.34	6
4:11	PSA.78.64	5
4:11	ISA.3.11	4
4:11	1SA.2.32	3
4:11	PSA.78.60-PSA.78.61	2
4:12	JOS.7.6	6
4:12	2SA.1.2	4
4:12	2SA.15.32	4
4:12	NEH.9.1	4
4:12	JOB.2.12	4
4:12	2SA.13.19	2
4:13	1SA.1.9	5
4:13	1SA.4.18	3
4:13	JOS.7.9	2
4:13	NEH.1.3-NEH.1.4	2
4:13	PSA.26.8	2
4:13	PSA.79.1-PSA.79.8	2
4:13	PSA.137.4-PSA.137.6	2
4:15	1SA.3.2	5
4:15	GEN.27.1	2
4:15	1KI.14.4	2
4:15	PSA.90.10	2
4:16	2SA.1.4	5
4:16	JOS.7.19	2
4:16	1SA.3.6	2
4:17	1SA.3.11	2
4:17	1SA.4.10-1SA.4.11	2
4:18	1SA.4.21-1SA.4.22	6
4:18	1PE.4.17-1PE.4.18	5
4:18	PSA.69.9	3
4:18	LEV.10.3	2
4:18	1SA.2.31-1SA.2.32	2
4:18	1SA.3.12-1SA.3.13	2
4:18	1SA.4.13	2
4:18	PSA.26.8	2
4:18	PSA.42.3	2
4:18	PSA.42.10	2
4:18	LAM.2.15-LAM.2.19	2
4:18	1CO.11.30-1CO.11.32	2
4:20	GEN.35.17-GEN.35.18	3
4:20	PSA.77.2	3
4:20	JHN.16.21	3
4:21	PSA.26.8	11
4:21	PSA.78.61	8
4:21	JER.2.11	8
4:21	PSA.78.64	6
4:21	1SA.4.11	5
4:21	HOS.9.12	5
4:21	PSA.106.20	4
4:22	PSA.137.5-PSA.137.6	2
4:22	JHN.2.17	2
5:1	1SA.7.12	5
5:1	1SA.4.1	4
5:1	JOS.13.3	3
5:1	1SA.4.22	3
5:1	JOS.11.22	2
5:1	1SA.4.11	2
5:1	1SA.4.17-1SA.4.18	2
5:1	ACT.8.40	2
5:1	PSA.78.61	1
5:2	JDG.16.23	5
5:2	1CH.10.10	3
5:2	DAN.5.2	3
5:2	DAN.5.23	3
5:2	HAB.1.11	2
5:2	HAB.1.16	2
5:3	ISA.19.1	8
5:3	ISA.46.1-ISA.46.2	7
5:3	ISA.46.7	5
5:3	MRK.3.11	4
5:3	ZEP.2.11	3
5:3	LUK.10.18-LUK.10.20	3
5:3	EXO.12.12	2
5:3	PSA.97.7	2
5:3	ISA.40.20	2
5:3	ISA.41.7	2
5:3	ISA.44.17-ISA.44.20	2
5:3	JER.10.8	2
5:3	2CO.6.14-2CO.6.16	2
5:4	MIC.1.7	6
5:4	ISA.2.18-ISA.2.19	3
5:4	JER.10.11	3
5:4	JER.50.2	3
5:4	ISA.27.9	2
5:4	EZK.6.4-EZK.6.6	2
5:4	DAN.11.8	2
5:5	ZEP.1.9	7
5:5	PSA.115.4-PSA.115.7	3
5:5	JOS.5.15	2
5:5	PSA.135.15-PSA.135.18	2
5:6	1SA.5.11	8
5:6	EXO.9.3	7
5:6	DEU.28.27	7
5:6	PSA.32.4	7
5:6	ACT.13.11	7
5:6	1SA.5.7	5
5:6	PSA.78.66	5
5:6	1SA.6.4-1SA.6.5	3
5:6	JOB.31.3	3
5:6	1SA.5.9	2
5:7	EXO.12.33	5
5:7	1CH.15.13	3
5:7	JER.48.7	3
5:7	EXO.8.8	2
5:7	EXO.8.28	2
5:7	EXO.9.28	2
5:7	EXO.10.7	2
5:7	1SA.4.8	2
5:7	1SA.5.3-1SA.5.4	2
5:7	1SA.6.20	2
5:7	2SA.6.9	2
5:7	1CH.13.11-1CH.13.13	2
5:7	JER.46.25	2
5:8	1SA.5.11	2
5:8	1SA.17.4	2
5:8	AMO.6.2	2
5:8	ZEC.12.3	2
5:9	1SA.5.6	8
5:9	DEU.2.15	7
5:9	1SA.7.13	7
5:9	1SA.12.15	6
5:9	PSA.78.66	5
5:9	1SA.5.11	3
5:9	1SA.6.4-1SA.6.5	2
5:9	1SA.6.11	2
5:9	AMO.5.19	2
5:9	AMO.9.1-AMO.9.4	2
5:10	AMO.1.8	4
5:10	JOS.15.45	2
5:10	JDG.1.18	2
5:10	2KI.1.2	2
5:11	1SA.5.6	7
5:11	1SA.5.8-1SA.5.9	3
5:11	ISA.13.7-ISA.13.9	2
5:11	JER.48.42-JER.48.44	2
5:12	EXO.12.30	5
5:12	AMO.5.19	3
5:12	1SA.9.16	2
5:12	1KI.19.17	2
5:12	ISA.15.3-ISA.15.5	2
5:12	JER.14.2	2
5:12	JER.25.34	2
5:12	JER.48.3	2
6:1	PSA.78.61	2
6:1	1SA.5.1	1
6:1	1SA.5.3	1
6:1	1SA.5.10-1SA.5.11	1
6:2	GEN.41.8	5
6:2	EXO.7.11	5
6:2	DAN.2.2	3
6:2	DAN.5.7	3
6:2	ISA.2.6	2
6:2	ISA.47.12-ISA.47.13	2
6:2	MIC.6.6-MIC.6.9	2
6:2	MAT.2.4	2
6:3	EXO.23.15	4
6:3	DEU.16.16	4
6:3	1SA.6.9	4
6:3	EXO.34.20	3
6:3	LEV.5.6	2
6:3	LEV.5.15-LEV.5.19	2
6:3	LEV.6.6	2
6:3	LEV.7.1-LEV.7.7	2
6:3	1SA.5.7	2
6:3	1SA.5.9	2
6:3	1SA.5.11	2
6:3	JOB.10.2	2
6:3	JOB.34.31-JOB.34.32	2
6:4	JOS.13.3	5
6:4	JDG.3.3	5
6:4	1SA.6.17-1SA.6.18	5
6:4	1SA.5.6	4
6:4	1SA.5.9	4
6:4	EXO.12.35	2
6:4	1SA.5.12	2
6:4	1SA.6.5	2
6:5	JOS.7.19	7
6:5	1SA.5.6-1SA.5.7	5
6:5	1SA.5.11	5
6:5	1SA.5.3-1SA.5.4	4
6:5	ISA.42.12	4
6:5	JHN.9.24	4
6:5	1SA.5.9	3
6:5	PSA.32.4	3
6:5	JER.13.16	3
6:5	JOL.1.4-JOL.1.7	3
6:5	EXO.8.5	2
6:5	EXO.8.17	2
6:5	EXO.8.24	2
6:5	EXO.10.14-EXO.10.15	2
6:5	EXO.12.12	2
6:5	NUM.33.4	2
6:5	PSA.18.44	2
6:5	PSA.39.10	2
6:5	PSA.66.3	2
6:5	ISA.19.1	2
6:5	JER.3.13	2
6:5	JOL.2.25	2
6:5	MAL.2.2	2
6:5	REV.11.13	2
6:5	REV.14.7	2
6:5	REV.16.9	2
6:6	EXO.7.13	6
6:6	EXO.8.15	6
6:6	EXO.14.17	6
6:6	EXO.9.34	5
6:6	EXO.8.32	2
6:6	EXO.9.16	2
6:6	EXO.10.3	2
6:6	EXO.12.31-EXO.12.33	2
6:6	EXO.14.23	2
6:6	EXO.15.14-EXO.15.16	2
6:6	JOB.9.4	2
6:6	PSA.95.8	2
6:6	ROM.2.5	2
6:6	HEB.3.13	2
6:7	NUM.19.2	5
6:7	2SA.6.3	5
6:7	1CH.13.7	2
6:8	1SA.6.3-1SA.6.5	2
6:9	JOS.15.10	3
6:9	JOS.21.16	3
6:9	1SA.6.3	3
6:9	2SA.1.6	3
6:9	ECC.9.11	3
6:9	LUK.10.31	3
6:9	ISA.26.11	2
6:9	AMO.3.6	2
6:11	1CH.15.13-1CH.15.15	3
6:11	2SA.6.3	2
6:11	1CH.13.7	2
6:12	NUM.20.19	2
6:14	2SA.24.22	4
6:14	JDG.21.4	3
6:14	EXO.20.24	2
6:14	JDG.6.26	2
6:14	1SA.7.9-1SA.7.17	2
6:14	1SA.11.5	2
6:14	1SA.20.29	2
6:14	2SA.24.18	2
6:14	2SA.24.25	2
6:14	1KI.18.30-1KI.18.38	2
6:14	1KI.19.21	2
6:15	JOS.3.3	2
6:16	JOS.13.3	3
6:16	JDG.3.3	3
6:16	1SA.6.4	3
6:16	JDG.16.5	2
6:16	JDG.16.23-JDG.16.30	2
6:16	1SA.5.10	2
6:16	1SA.6.12	2
6:17	2SA.1.20	3
6:17	JDG.1.18	2
6:17	JDG.16.1	2
6:17	JDG.16.21	2
6:17	1SA.5.1	2
6:17	1SA.5.8	2
6:17	1SA.5.10	2
6:17	1SA.6.4	2
6:17	2SA.21.22	2
6:17	2KI.1.2	2
6:17	2CH.26.6	2
6:17	JER.25.20	2
6:17	AMO.1.7-AMO.1.8	2
6:17	AMO.6.2	2
6:17	ZEC.9.5-ZEC.9.6	2
6:18	DEU.3.5	1
6:18	JOS.13.3	1
6:18	1SA.6.14-1SA.6.16	1
6:19	NUM.4.20	9
6:19	EXO.19.21	6
6:19	NUM.4.15	5
6:19	2SA.6.7	5
6:19	COL.2.18	3
6:19	LEV.10.1-LEV.10.3	2
6:19	NUM.4.4-NUM.4.5	2
6:19	DEU.29.29	2
6:19	1CH.13.9-1CH.13.10	2
6:19	1PE.4.17	2
6:20	2SA.6.9	7
6:20	MAL.3.2	7
6:20	REV.6.17	5
6:20	LEV.11.45	3
6:20	NUM.17.12-NUM.17.13	3
6:20	1SA.5.8-1SA.5.12	3
6:20	2SA.6.7	3
6:20	1CH.13.11-1CH.13.13	3
6:20	PSA.76.7	3
6:20	LUK.5.8	3
6:20	LUK.8.37	3
6:21	1CH.13.5-1CH.13.6	5
6:21	JOS.9.17	3
6:21	JOS.18.14	3
6:21	JOS.15.9	2
6:21	JOS.15.60	2
6:21	JDG.18.12	2
6:21	PSA.78.60	2
6:21	JER.7.12	2
6:21	JER.7.14	2
7:1	2SA.6.2-2SA.6.4	3
7:1	JOS.18.14	2
7:1	1SA.6.21	2
7:1	1CH.13.5-1CH.13.7	2
7:1	PSA.132.6	2
7:1	ISA.52.11	2
7:2	JDG.2.4	4
7:2	JER.3.13	4
7:2	JER.3.22-JER.3.25	4
7:2	JER.31.9	4
7:2	ZEC.12.10-ZEC.12.11	4
7:2	MAT.5.4	4
7:2	2CO.7.10-2CO.7.11	4
7:3	LUK.4.8	187
7:3	DEU.13.4	143
7:3	MAT.4.10	119
7:3	DEU.6.13	98
7:3	ISA.55.7	66
7:3	JOS.24.14	65
7:3	JHN.4.24	61
7:3	DEU.10.20	60
7:3	JOS.24.23	59
7:3	JOL.2.12-JOL.2.13	54
7:3	1KI.8.48	48
7:3	DEU.30.2-DEU.30.10	45
7:3	HOS.6.1-HOS.6.2	45
7:3	MAT.6.24	39
7:3	MAT.15.8	33
7:3	JDG.10.6	29
7:3	GEN.35.2	27
7:3	1CH.22.19	27
7:3	1CH.28.9	26
7:3	JER.4.3-JER.4.4	26
7:3	EZK.18.31	24
7:3	JOB.11.13-JOB.11.14	22
7:3	PRO.16.1	20
7:3	JDG.10.16	19
7:3	2CH.19.3	19
7:3	2CH.30.19	19
7:3	HOS.14.1	18
7:3	JDG.2.13	17
7:3	1SA.31.10	8
7:4	HOS.14.8	6
7:4	HOS.14.3	3
7:4	JDG.2.11	2
7:4	JDG.2.13	2
7:4	JDG.10.15-JDG.10.16	2
7:4	1KI.11.33	2
7:5	JDG.20.1	5
7:5	1SA.12.23	3
7:5	JOS.15.38	2
7:5	1SA.7.12	2
7:5	1SA.7.16	2
7:5	1SA.10.17	2
7:5	2KI.25.23	2
7:5	NEH.9.1	2
7:5	JOL.2.16	2
7:6	1SA.1.15	6
7:6	2SA.14.14	6
7:6	JDG.10.10	5
7:6	PSA.62.8	4
7:6	PSA.106.6	4
7:6	JER.9.1	4
7:6	JOL.2.12	4
7:6	1KI.8.47	3
7:6	JOB.33.27	3
7:6	PSA.119.136	3
7:6	LAM.2.18-LAM.2.19	3
7:6	LUK.15.18	3
7:6	LEV.26.40	2
7:6	JDG.3.10	2
7:6	2CH.20.3	2
7:6	EZR.8.21-EZR.8.23	2
7:6	EZR.9.5-EZR.9.10	2
7:6	NEH.9.1-NEH.9.3	2
7:6	NEH.9.27	2
7:6	JOB.16.20	2
7:6	JOB.40.4	2
7:6	JOB.42.6	2
7:6	PSA.6.6	2
7:6	PSA.38.3-PSA.38.8	2
7:6	PSA.42.3	2
7:6	JER.3.13-JER.3.14	2
7:6	JER.31.19	2
7:6	LAM.2.11	2
7:6	LAM.3.49	2
7:6	EZK.20.4	2
7:6	DAN.9.3-DAN.9.5	2
7:6	JON.3.1-JON.3.10	2
7:7	1SA.17.11	4
7:7	1SA.13.6	3
7:7	EXO.14.10	2
7:7	2CH.20.3	2
7:8	ISA.37.4	6
7:8	1SA.12.19-1SA.12.24	4
7:8	JAS.5.16	4
7:8	ISA.62.1	2
7:8	ISA.62.6-ISA.62.7	2
7:9	JER.15.1	7
7:9	PSA.99.6	6
7:9	1SA.7.17	4
7:9	PSA.50.15	4
7:9	1SA.16.2	3
7:9	JAS.5.16	3
7:9	JDG.6.28	2
7:9	1SA.6.14-1SA.6.15	2
7:9	1SA.9.12	2
7:9	1SA.10.8	2
7:9	1KI.18.30-1KI.18.38	2
7:9	JDG.6.26	1
7:10	1SA.2.10	5
7:10	JOS.10.10	4
7:10	JDG.5.20	4
7:10	1SA.12.17	4
7:10	2SA.22.14-2SA.22.15	4
7:10	DEU.20.3-DEU.20.4	3
7:10	ZEC.4.6	3
7:10	EXO.9.23-EXO.9.25	2
7:10	JDG.4.15	2
7:10	JDG.5.8	2
7:10	PSA.18.11-PSA.18.14	2
7:10	PSA.77.16-PSA.77.18	2
7:10	PSA.97.3-PSA.97.4	2
7:10	REV.16.18-REV.16.21	2
7:12	2CO.1.10	41
7:12	JOS.4.9	30
7:12	ACT.26.22	27
7:12	GEN.22.14	22
7:12	GEN.35.14	19
7:12	1SA.5.1	18
7:12	ISA.46.3-ISA.46.4	16
7:12	GEN.31.45-GEN.31.52	14
7:12	GEN.28.18-GEN.28.19	12
7:12	JOS.24.26-JOS.24.27	12
7:12	JOS.4.20-JOS.4.24	11
7:12	EXO.17.15	10
7:12	1SA.4.1	10
7:12	PSA.71.6	10
7:12	PSA.71.17	9
7:12	ISA.19.19	9
7:13	JDG.13.1	5
7:13	1SA.17.49-1SA.17.53	2
7:13	JDG.13.5	1
7:13	1SA.13.1-1SA.13.5	1
7:13	1SA.14.6-1SA.14.16	1
7:13	1SA.14.20-1SA.14.23	1
7:13	1SA.28.3-1SA.28.5	1
7:13	1SA.31.1-1SA.31.7	1
7:14	PSA.106.34	3
7:14	DEU.7.2	2
7:14	DEU.7.16	2
7:14	JDG.4.17	2
7:15	1SA.7.6	5
7:15	ACT.13.20-ACT.13.21	4
7:15	JDG.2.16	3
7:15	JDG.3.10-JDG.3.11	2
7:15	1SA.12.1	2
7:15	1SA.12.11	2
7:15	1SA.25.1	2
7:16	JDG.5.10	2
7:16	JDG.10.4	2
7:16	JDG.12.14	2
7:16	PSA.75.2	2
7:16	PSA.82.3-PSA.82.4	2
7:17	1SA.1.19	5
7:17	1SA.1.1	3
7:17	1SA.8.4	3
7:17	GEN.33.20	2
7:17	GEN.35.7	2
7:17	JDG.21.4-JDG.21.5	2
7:17	1SA.11.15	2
7:17	1SA.19.18-1SA.19.23	2
7:17	1KI.18.30-1KI.18.36	2
7:17	GEN.12.7-GEN.12.8	1
8:1	DEU.16.18-DEU.16.19	7
8:1	1TI.5.21	5
8:1	JDG.8.22-JDG.8.23	4
8:1	JDG.12.14	4
8:1	2CH.19.5-2CH.19.6	4
8:1	NEH.7.2	4
8:1	JDG.5.10	3
8:1	JDG.10.4	3
8:2	GEN.22.19	2
8:2	1KI.19.3	2
8:2	1CH.6.28	2
8:2	1CH.6.38	2
8:2	AMO.5.5	2
8:3	DEU.16.19	9
8:3	PSA.15.5	7
8:3	1TI.6.10	7
8:3	EXO.18.21	6
8:3	EXO.23.8	6
8:3	2SA.15.4	5
8:3	ISA.33.15	5
8:3	1TI.3.3	5
8:3	ECC.2.19	4
8:3	JER.22.15-JER.22.17	4
8:3	1KI.12.6-1KI.12.11	3
8:3	2KI.21.1-2KI.21.3	2
8:3	PSA.26.10	2
8:4	1SA.7.17	3
8:4	2SA.5.3	3
8:4	EXO.3.16	2
8:4	EXO.24.1	2
8:5	DEU.17.14-DEU.17.15	6
8:5	1SA.8.19-1SA.8.20	4
8:5	1SA.8.6-1SA.8.8	3
8:5	HOS.13.10-HOS.13.11	3
8:5	NUM.23.9	2
8:5	1SA.12.17	2
8:5	ACT.13.21	1
8:6	1SA.15.11	5
8:6	1SA.12.17	3
8:6	JAS.1.5	3
8:6	EXO.32.21	2
8:6	EXO.32.32	2
8:6	NUM.16.15	2
8:6	NUM.16.22	2
8:6	NUM.16.46	2
8:6	EZR.9.3-EZR.9.5	2
8:6	PSA.109.4	2
8:6	LUK.6.11-LUK.6.12	2
8:6	PHP.4.6	1
8:7	LUK.10.16	14
8:7	1SA.10.19	12
8:7	EXO.16.8	8
8:7	HOS.13.10-HOS.13.11	7
8:7	LUK.19.14	7
8:7	LUK.19.27	7
8:7	MAT.10.40	6
8:7	1SA.12.17-1SA.12.19	5
8:7	PSA.81.11-PSA.81.12	5
8:7	NUM.22.20	4
8:7	ISA.66.4	4
8:7	MAT.10.24-MAT.10.25	4
8:7	JHN.13.16	4
8:7	JHN.15.20-JHN.15.21	4
8:8	EXO.32.1	3
8:8	PSA.106.34-PSA.106.40	3
8:8	EXO.14.11-EXO.14.12	2
8:8	EXO.16.3	2
8:8	EXO.17.2	2
8:8	NUM.14.2-NUM.14.4	2
8:8	NUM.16.2-NUM.16.3	2
8:8	NUM.16.41	2
8:8	DEU.9.24	2
8:8	JDG.2.2-JDG.2.3	2
8:8	JDG.2.20	2
8:8	JDG.4.1	2
8:8	JDG.6.1	2
8:8	JDG.13.1	2
8:8	PSA.78.56-PSA.78.59	2
8:8	PSA.106.14-PSA.106.21	2
8:8	ACT.7.51-ACT.7.53	2
8:9	1SA.10.25	7
8:9	1SA.8.11-1SA.8.18	5
8:9	EZK.3.18	3
8:9	EZK.46.18	3
8:9	1SA.2.13	2
8:9	1SA.14.52	2
8:9	EZK.45.7-EZK.45.8	2
8:11	1SA.14.52	6
8:11	1SA.10.25	5
8:11	DEU.17.14-DEU.17.20	4
8:11	2SA.15.1	4
8:11	1KI.10.26	3
8:11	1KI.1.5	2
8:11	1KI.12.4	2
8:11	1KI.12.10	2
8:11	1KI.18.46	2
8:11	2CH.26.10-2CH.26.15	2
8:11	1KI.9.22-1KI.9.23	1
8:12	1SA.22.7	2
8:12	1KI.4.7	2
8:12	1KI.4.22-1KI.4.23	2
8:12	1KI.4.27-1KI.4.28	2
8:12	1CH.27.1-1CH.27.22	2
8:12	2CH.32.28-2CH.32.29	2
8:14	EZK.46.18	6
8:14	1KI.21.7	5
8:14	1SA.22.7	2
8:14	1KI.21.19	2
8:15	GEN.37.36	2
8:15	ISA.39.7	2
8:15	DAN.1.3	2
8:15	DAN.1.7-DAN.1.10	2
8:15	DAN.1.18	2
8:18	MIC.3.4	6
8:18	PRO.1.25-PRO.1.28	5
8:18	ISA.1.15	5
8:18	ISA.8.21	3
8:18	JOB.27.9	2
8:18	PSA.18.41	2
8:18	PRO.21.13	2
8:18	LUK.13.25	2
8:19	JER.44.16	4
8:19	PSA.81.11	2
8:19	ISA.66.4	2
8:19	JER.7.13	2
8:19	EZK.33.31	2
8:20	1SA.8.5	5
8:20	EXO.33.16	2
8:20	LEV.20.24-LEV.20.26	2
8:20	NUM.23.9	2
8:20	DEU.7.6	2
8:20	PSA.106.35	2
8:20	JHN.15.19	2
8:20	ROM.12.12	2
8:20	2CO.6.17	2
8:20	PHP.3.20	2
8:20	1PE.2.9	2
8:21	JDG.11.11	4
8:22	1SA.8.7	5
8:22	HOS.13.11	4
9:1	1SA.14.51	9
9:1	ACT.13.21	6
9:1	1CH.9.36-1CH.9.39	4
9:1	1SA.25.2	3
9:1	1CH.8.30-1CH.8.33	3
9:1	JOB.1.3	2
9:1	2SA.19.32	1
9:2	GEN.6.2	4
9:2	NUM.13.33	4
9:2	1SA.16.7	4
9:2	2SA.14.25-2SA.14.26	4
9:2	1SA.17.4	3
9:2	JER.9.23	3
9:2	1SA.10.23-1SA.10.24	2
9:3	JDG.5.10	3
9:3	JDG.10.4	3
9:3	1SA.10.2	1
9:4	2KI.4.42	5
9:4	JOS.24.33	3
9:4	GEN.33.18	2
9:4	JDG.17.1	2
9:4	JDG.19.1	2
9:4	JHN.3.23	2
9:5	1SA.10.2	5
9:5	1SA.1.1	4
9:5	LUK.12.11	3
9:5	MAT.6.25	2
9:5	MAT.6.28	2
9:5	LUK.12.22	2
9:5	MAT.6.34	1
9:6	1KI.13.1	5
9:6	DEU.33.1	4
9:6	1TI.6.11	4
9:6	1SA.2.27	2
9:6	1SA.3.19-1SA.3.20	2
9:6	2KI.6.6	2
9:6	ISA.44.26	2
9:6	ZEC.1.5-ZEC.1.6	2
9:6	MAT.24.35	2
9:6	1TH.2.10	2
9:6	1TH.5.13	2
9:7	1KI.14.3	7
9:7	2KI.8.8	7
9:7	2KI.4.42	4
9:7	JDG.6.18	3
9:7	JDG.13.15-JDG.13.17	3
9:7	2KI.5.5	3
9:7	2KI.5.15	3
9:9	ISA.30.10	7
9:9	2KI.17.13	6
9:9	1CH.26.28	6
9:9	1CH.29.29	6
9:9	AMO.7.12	6
9:9	2SA.24.11	4
9:9	GEN.25.22	3
9:9	ISA.29.10	3
9:9	JDG.1.1	2
9:9	1CH.9.22	2
9:9	2CH.16.7	2
9:9	2CH.16.10	2
9:10	2KI.5.13-2KI.5.14	2
9:11	GEN.24.11	5
9:11	EXO.2.16	4
9:11	GEN.24.18-GEN.24.20	2
9:11	JDG.5.11	2
9:12	GEN.31.54	6
9:12	1SA.10.5	4
9:12	1SA.16.2	4
9:12	1KI.3.2-1KI.3.4	4
9:12	DEU.12.6-DEU.12.7	3
9:12	1CO.5.7-1CO.5.8	3
9:12	NUM.28.11-NUM.28.15	1
9:12	1SA.7.17	1
9:12	1CH.16.39	1
9:13	JHN.6.11	4
9:13	MAT.26.26	3
9:13	MRK.6.41	3
9:13	LUK.24.30	3
9:13	JHN.6.23	3
9:13	1CO.10.30	3
9:13	1TI.4.4	3
9:15	ACT.13.21	11
9:15	1SA.15.1	10
9:15	2SA.7.27	8
9:15	JOB.33.16	8
9:15	PSA.25.14	8
9:15	AMO.3.7	8
9:15	1SA.20.2	7
9:15	MRK.14.13-MRK.14.16	7
9:15	1SA.9.17	6
9:15	ACT.27.23	6
9:15	MRK.11.2-MRK.11.4	4
9:16	1SA.10.1	15
9:16	EXO.3.7-EXO.3.9	13
9:16	PSA.25.18	12
9:16	PSA.106.44	12
9:16	EXO.2.23-EXO.2.25	10
9:16	1SA.15.1	10
9:16	1KI.19.15-1KI.19.16	8
9:16	2KI.9.3-2KI.9.6	7
9:16	1SA.16.3	6
9:17	HOS.13.11	3
9:17	ACT.13.21	3
9:17	1SA.3.13	2
9:17	1SA.16.6-1SA.16.12	2
9:17	2SA.23.6-2SA.23.7	2
9:17	NEH.13.19	2
9:17	NEH.13.25	2
9:17	ROM.13.3-ROM.13.4	2
9:19	1CO.14.25	5
9:19	JHN.4.29	4
9:20	1SA.8.5	6
9:20	1SA.12.13	5
9:20	1SA.9.3	4
9:20	1SA.4.20	3
9:20	1SA.8.19	3
9:20	1SA.12.15	3
9:20	1CH.29.3	3
9:20	PSA.62.10	3
9:20	COL.3.2	3
9:21	1SA.15.17	5
9:21	JDG.20.46-JDG.20.48	3
9:21	PSA.68.27	3
9:21	LUK.14.11	3
9:21	EPH.3.8	3
9:21	JDG.6.14-JDG.6.15	2
9:21	1SA.10.27	2
9:21	1SA.18.18	2
9:21	1SA.18.23	2
9:21	HOS.13.1	2
9:22	GEN.43.32	2
9:22	LUK.14.10	2
9:23	GEN.43.34	2
9:23	1SA.1.5	2
9:24	LEV.7.32-LEV.7.33	3
9:24	EZK.24.4	3
9:24	EXO.29.22	2
9:24	EXO.29.27	2
9:24	NUM.18.18	1
9:25	DEU.22.8	5
9:25	ACT.10.9	5
9:25	2SA.11.2	3
9:25	NEH.8.16	3
9:25	JER.19.13	2
9:25	MAT.10.27	2
9:26	GEN.19.14	2
9:26	GEN.44.4	2
9:26	JOS.7.13	2
9:26	JDG.19.28	2
9:27	JHN.15.14-JHN.15.15	4
9:27	1SA.20.38-1SA.20.39	3
9:27	2KI.9.5-2KI.9.6	3
9:27	1SA.15.16	2
10:1	1SA.16.13	10
10:1	PSA.78.71	8
10:1	1SA.9.16	7
10:1	PSA.2.12	6
10:1	ACT.13.21	5
10:1	DEU.32.9	4
10:1	1SA.26.11	4
10:1	2KI.9.3-2KI.9.6	4
10:1	2KI.9.1	3
10:1	2KI.20.5	3
10:1	EXO.19.5-EXO.19.6	2
10:1	JOS.5.14-JOS.5.15	2
10:1	1SA.2.10	2
10:1	1SA.8.9	2
10:1	1SA.8.19	2
10:1	1SA.13.14	2
10:1	1SA.24.6	2
10:1	2SA.5.2	2
10:1	2SA.19.39	2
10:1	1KI.19.18	2
10:1	PSA.135.4	2
10:1	JER.10.16	2
10:1	HOS.13.2	2
10:1	1TH.5.26	2
10:1	HEB.2.10	2
10:1	REV.5.8	2
10:2	1SA.9.3-1SA.9.5	4
10:2	GEN.35.19-GEN.35.20	3
10:2	JOS.18.28	2
10:2	1SA.10.16	2
10:2	JER.31.15	0
10:3	GEN.28.22	4
10:3	GEN.35.1	4
10:3	GEN.35.3	4
10:3	GEN.28.19	3
10:3	GEN.35.6-GEN.35.8	2
10:3	LEV.1.10	2
10:3	LEV.3.6	2
10:3	LEV.3.12	2
10:3	LEV.7.13	2
10:3	LEV.23.13	2
10:3	NUM.15.5-NUM.15.12	2
10:3	JOS.19.12	2
10:3	JOS.19.22	2
10:3	JDG.4.6	2
10:3	JDG.4.12	2
10:3	JDG.8.18	2
10:3	PSA.89.12	2
10:4	JDG.18.15	2
10:5	2KI.3.15	6
10:5	1SA.13.3	5
10:5	1SA.19.20	5
10:5	1SA.10.10	3
10:5	2KI.2.3	3
10:5	2KI.2.5	3
10:5	2KI.2.15	3
10:5	1CH.25.1-1CH.25.6	3
10:5	EXO.15.20-EXO.15.21	2
10:5	1SA.9.12	2
10:5	2KI.4.38	2
10:5	2KI.6.1	2
10:5	1CH.13.8	2
10:5	1CH.15.19-1CH.15.21	2
10:5	1CH.15.27-1CH.15.28	2
10:5	1CH.16.5	2
10:5	1CH.16.42	2
10:5	2CH.29.25-2CH.29.27	2
10:5	PSA.49.4	2
10:5	PSA.150.3-PSA.150.6	2
10:5	1CO.14.1	2
10:6	1SA.10.10	16
10:6	1SA.19.23-1SA.19.24	13
10:6	NUM.11.25	12
10:6	1SA.16.13	10
10:6	JDG.14.6	9
10:6	JDG.3.10	8
10:7	JDG.6.12	7
10:7	EXO.4.8	5
10:7	JOS.1.5	5
10:7	JDG.9.33	4
10:7	ISA.7.14	4
10:7	LUK.2.12	4
10:7	HEB.13.5	4
10:7	GEN.21.20	3
10:7	DEU.20.1	3
10:7	ECC.9.10	3
10:7	MAT.28.20	3
10:7	ISA.45.1-ISA.45.2	2
10:7	MAT.1.23	2
10:7	JHN.6.14	2
10:8	1SA.11.14-1SA.11.15	6
10:8	1SA.13.4	5
10:8	1SA.13.8-1SA.13.15	4
10:8	1SA.15.33	4
10:9	JDG.7.11	4
10:9	ISA.38.7-ISA.38.8	3
10:9	JDG.6.21	2
10:9	JDG.6.36-JDG.6.40	2
10:9	1SA.10.2-1SA.10.6	2
10:9	MRK.14.16	1
10:10	1SA.10.5-1SA.10.6	5
10:10	1SA.19.20-1SA.19.24	3
10:11	JHN.7.15	6
10:11	1SA.19.24	5
10:11	MAT.13.54-MAT.13.55	5
10:11	ACT.4.13	3
10:11	JHN.9.8-JHN.9.9	2
10:11	ACT.2.7-ACT.2.8	2
10:11	ACT.3.10	2
10:11	ACT.9.21	2
10:12	ISA.54.13	4
10:12	JHN.6.45	4
10:12	JHN.7.16	2
10:12	JAS.1.17	2
10:14	1SA.14.50	3
10:14	1SA.9.3-1SA.9.10	2
10:14	2KI.5.25	2
10:16	PRO.29.11	4
10:16	JDG.14.6	3
10:16	1SA.9.20	3
10:16	1SA.9.27	3
10:16	EXO.4.18	2
10:17	JDG.20.1	4
10:17	1SA.7.5-1SA.7.6	3
10:18	JDG.6.8-JDG.6.9	6
10:18	JDG.2.1	3
10:18	NEH.9.27-NEH.9.28	3
10:18	NEH.9.9-NEH.9.12	2
10:19	1SA.12.12	5
10:19	JOS.24.1	3
10:19	1SA.8.19	3
10:19	NUM.17.2	2
10:19	JOS.7.14-JOS.7.26	2
10:19	1SA.8.6-1SA.8.9	2
10:19	1SA.12.17-1SA.12.19	2
10:19	MIC.5.2	2
10:20	JOS.7.16-JOS.7.18	2
10:20	1SA.14.41	2
10:20	ACT.1.24-ACT.1.26	2
10:22	NUM.27.21	3
10:22	JDG.20.18	3
10:22	JDG.1.1	2
10:22	JDG.20.23	2
10:22	JDG.20.28	2
10:22	1SA.9.21	2
10:22	1SA.15.17	2
10:22	1SA.23.2-1SA.23.4	2
10:22	1SA.23.11-1SA.23.12	2
10:22	LUK.14.11	2
10:23	1SA.9.2	5
10:23	1SA.16.7	2
10:23	1SA.17.4	2
10:24	2SA.21.6	5
10:24	1KI.1.25	5
10:24	1KI.1.39	5
10:24	DEU.17.15	4
10:24	2KI.11.12	3
10:24	1KI.1.21	2
10:24	1KI.1.34	2
10:24	MAT.21.9	2
10:25	1SA.8.11-1SA.8.18	6
10:25	DEU.17.14-DEU.17.20	5
10:25	EZK.45.9-EZK.45.10	2
10:25	EZK.46.16-EZK.46.18	2
10:25	ROM.13.1-ROM.13.7	2
10:25	1TI.2.2	2
10:25	TIT.3.1	2
10:25	1PE.2.13-1PE.2.14	2
10:26	1SA.11.4	5
10:26	JOS.18.28	3
10:26	1SA.15.34	3
10:26	ACT.7.10	3
10:26	JDG.19.12-JDG.19.16	2
10:26	JDG.20.14	2
10:26	2SA.21.6	2
10:26	PSA.110.3	2
10:26	ACT.13.48	2
10:26	EZR.1.5	1
10:27	DEU.13.13	10
10:27	1KI.10.25	9
10:27	2CH.17.5	9
10:27	1SA.2.12	7
10:27	1KI.4.21	7
10:27	2CH.13.7	7
10:27	MAT.27.12-MAT.27.14	7
10:27	ACT.7.35	7
10:27	2SA.8.2	6
10:27	2SA.20.1	6
10:27	PSA.72.10	6
10:27	ISA.36.21	6
10:27	1SA.11.12	5
10:27	MAT.2.11	5
10:27	ACT.7.51-ACT.7.52	5
10:27	PSA.38.13	4
11:1	1SA.12.12	7
11:1	1KI.20.34	6
11:1	EZK.17.13	6
11:1	GEN.26.28	5
11:1	JDG.21.8	5
11:1	EXO.23.32	3
11:1	JOB.41.4	3
11:1	DEU.23.3	2
11:1	JDG.10.7	2
11:1	JDG.11.8-JDG.11.33	2
11:1	JDG.21.10-JDG.21.25	2
11:1	1SA.31.11-1SA.31.13	2
11:1	ISA.36.16	2
11:2	1SA.17.26	5
11:2	GEN.34.14	3
11:2	NUM.16.14	3
11:2	EXO.3.6	2
11:2	JDG.16.21	2
11:2	2KI.18.31	2
11:2	PRO.12.10	2
11:2	JER.39.7	2
11:4	JDG.2.4	5
11:4	1SA.10.26	5
11:4	JDG.21.2	4
11:4	1SA.15.34	4
11:4	1SA.30.4	4
11:4	GAL.6.2	3
11:4	1SA.14.2	2
11:4	2SA.21.6	2
11:4	ROM.12.15	2
11:4	1CO.12.26	2
11:4	HEB.13.3	2
11:5	1KI.19.19	3
11:5	GEN.21.17	2
11:5	JDG.18.23	2
11:5	1SA.9.1	2
11:5	ISA.22.1	2
11:5	PSA.78.71	1
11:6	1SA.10.10	7
11:6	JDG.6.34	6
11:6	JDG.3.10	5
11:6	1SA.16.13	5
11:6	JDG.13.25	4
11:6	JDG.14.6	4
11:6	JDG.11.29	3
11:6	EXO.32.19	2
11:6	NUM.12.3	2
11:6	MRK.3.5	2
11:6	EPH.4.26	2
11:7	JDG.19.29	5
11:7	JDG.20.1	4
11:7	GEN.35.5	2
11:7	JDG.21.5-JDG.21.11	2
11:7	2CH.14.14	2
11:7	2CH.17.10	2
11:8	JDG.1.4-JDG.1.5	3
11:8	2SA.24.9	3
11:8	JDG.20.2	2
11:8	1SA.13.15	2
11:8	1SA.15.4	2
11:8	2CH.17.12-2CH.17.19	2
11:9	PSA.18.17	6
11:10	1SA.11.2-1SA.11.3	2
11:11	JDG.7.16	4
11:11	GEN.22.14	3
11:11	EXO.14.24	3
11:11	JAS.2.13	3
11:11	JDG.1.7	2
11:11	JDG.4.16	2
11:11	JDG.9.43	2
11:11	1SA.11.2	2
11:11	1SA.30.17-1SA.30.18	2
11:11	PSA.46.1	2
11:11	MAT.7.2	2
11:12	1SA.10.27	7
11:12	LUK.19.27	6
11:12	PSA.21.8	3
11:13	EXO.14.13	5
11:13	1SA.19.5	5
11:13	2SA.19.22	5
11:13	EXO.14.30	3
11:13	1SA.14.45	3
11:13	PSA.44.4-PSA.44.8	3
11:13	ISA.59.16	2
11:13	1CO.15.10	1
11:14	1SA.10.8	4
11:14	1SA.7.16	3
11:14	1SA.5.3	2
11:14	1SA.10.24-1SA.10.25	2
11:14	1CH.12.38-1CH.12.39	2
11:15	1SA.10.8	6
11:15	1SA.10.17	5
11:15	1CH.29.21-1CH.29.24	4
11:15	EXO.24.5	2
11:15	1SA.8.19	2
11:15	1SA.12.13-1SA.12.15	2
11:15	1SA.12.17	2
11:15	HOS.13.10-HOS.13.11	2
11:15	JAS.4.16	2
12:1	1SA.10.24	6
12:1	1SA.11.14-1SA.11.15	4
12:1	1SA.10.1	3
12:1	1SA.8.5-1SA.8.8	2
12:1	1SA.8.19-1SA.8.22	2
12:2	1SA.8.5	6
12:2	1SA.8.1	4
12:2	1SA.8.20	4
12:2	NUM.27.17	3
12:2	1SA.3.19-1SA.3.20	3
12:2	1SA.8.3	3
12:2	1SA.2.22	2
12:2	1SA.2.29	2
12:2	1SA.3.13	2
12:2	1SA.3.16	2
12:2	PSA.71.18	2
12:2	ISA.46.3-ISA.46.4	2
12:2	2TI.4.6	2
12:2	2PE.1.14	2
12:3	ACT.20.33	12
12:3	NUM.16.15	8
12:3	DEU.16.19	7
12:3	1SA.24.6	7
12:3	1PE.5.2	6
12:3	EXO.23.8	5
12:3	1SA.10.1	5
12:3	1SA.12.5	5
12:3	1TH.2.5	5
12:3	1TH.2.10	5
12:3	EXO.20.17	4
12:3	ROM.13.1-ROM.13.7	4
12:3	EXO.22.4	3
12:3	LEV.6.4	3
12:3	2SA.1.14-2SA.1.16	3
12:3	MAT.22.21	3
12:3	LUK.19.8	3
12:3	2CO.12.14	2
12:4	PSA.37.5-PSA.37.6	2
12:4	DAN.6.4	2
12:4	3JN.1.12	2
12:5	EXO.22.4	5
12:5	ACT.23.9	4
12:5	ACT.24.20	4
12:5	1CO.4.4	3
12:5	2CO.1.12	3
12:5	1SA.26.9	2
12:5	JOB.31.35-JOB.31.40	2
12:5	JOB.42.7	2
12:5	PSA.17.3	2
12:5	JHN.18.38	2
12:5	ACT.24.16	2
12:6	MIC.6.4	5
12:6	EXO.6.26	4
12:6	PSA.77.19-PSA.77.20	3
12:6	PSA.99.6	3
12:6	PSA.105.41	3
12:6	PSA.78.12-PSA.78.72	2
12:6	PSA.105.26	2
12:6	ISA.63.7-ISA.63.14	2
12:6	HOS.12.13	2
12:6	NEH.9.9-NEH.9.14	1
12:7	ISA.1.18	4
12:7	ISA.5.3-ISA.5.4	3
12:7	EZK.18.25-EZK.18.30	3
12:7	MIC.6.1-MIC.6.5	3
12:7	ACT.17.3	3
12:7	JDG.5.11	2
12:8	EXO.4.14-EXO.4.16	4
12:8	EXO.2.23-EXO.2.24	3
12:8	GEN.46.5-GEN.46.7	2
12:8	EXO.3.9-EXO.3.10	2
12:8	EXO.4.27-EXO.4.31	2
12:8	EXO.6.26	2
12:8	EXO.12.51	2
12:8	EXO.14.30-EXO.14.31	2
12:8	NUM.20.15	2
12:8	JOS.1.2-JOS.1.4	2
12:8	JOS.1.6	2
12:8	JOS.3.10-JOS.3.13	2
12:8	1SA.10.18	2
12:8	1SA.12.6	2
12:8	PSA.44.1-PSA.44.3	2
12:8	PSA.78.54-PSA.78.55	2
12:8	PSA.105.44	2
12:8	ACT.7.15	2
12:9	JDG.3.12	5
12:9	JDG.4.2	5
12:9	JDG.10.7	5
12:9	JDG.13.1	5
12:9	DEU.32.18	3
12:9	DEU.32.30	2
12:9	JDG.2.14	2
12:9	JDG.3.7-JDG.3.8	2
12:9	JDG.3.31	2
12:9	PSA.106.21	2
12:9	ISA.50.1-ISA.50.2	2
12:9	ISA.63.10	2
12:9	JER.2.32	2
12:10	JDG.2.13	5
12:10	JDG.10.10	5
12:10	JDG.3.7	3
12:10	JDG.3.9	3
12:10	JDG.10.15-JDG.10.16	3
12:10	JDG.3.15	2
12:10	JDG.4.3	2
12:10	JDG.6.7	2
12:10	1SA.7.2	2
12:10	PSA.78.34-PSA.78.35	2
12:10	PSA.106.44	2
12:10	ISA.26.16	2
12:10	ISA.33.22	2
12:10	LUK.1.74-LUK.1.75	2
12:10	2CO.5.14-2CO.5.15	2
12:11	JDG.6.32	7
12:11	JDG.4.6	5
12:11	JDG.6.14	3
12:11	JDG.8.29	3
12:11	JDG.8.35	3
12:11	JDG.11.1-JDG.11.33	3
12:11	1SA.7.13	3
12:11	JDG.13.1-JDG.13.16	1
12:12	JDG.8.23	6
12:12	1SA.8.5-1SA.8.7	4
12:12	GEN.17.7	3
12:12	1SA.10.19	3
12:12	1SA.11.1-1SA.11.2	3
12:12	EXO.19.5-EXO.19.6	2
12:12	NUM.23.21	2
12:12	JDG.9.18	2
12:12	JDG.9.56-JDG.9.57	2
12:12	1SA.8.3	2
12:12	1SA.8.19-1SA.8.20	2
12:12	PSA.74.12	2
12:12	ISA.33.22	2
12:12	HOS.13.10	2
12:13	1SA.10.24	5
12:13	HOS.13.11	5
12:13	1SA.8.5	4
12:13	1SA.9.20	2
12:13	1SA.11.15	2
12:13	PSA.78.29-PSA.78.31	2
12:13	ACT.13.21	2
12:14	JOS.24.14	7
12:14	DEU.28.1-DEU.28.14	6
12:14	LEV.20.1-LEV.20.13	3
12:14	JOS.24.20	3
12:14	PSA.81.12-PSA.81.15	3
12:14	ISA.3.10	3
12:14	ROM.2.7	2
12:15	JOS.24.20	10
12:15	ISA.1.20	6
12:15	1SA.12.9	4
12:15	ISA.3.11	4
12:15	LEV.26.14-LEV.26.30	3
12:15	DEU.28.15-DEU.28.68	3
12:15	ROM.2.8-ROM.2.9	3
12:15	1SA.5.9	2
12:16	EXO.14.13	13
12:16	EXO.14.31	7
12:16	1SA.12.7	4
12:16	1SA.15.16	3
12:17	1SA.8.7	6
12:17	1SA.7.9-1SA.7.10	5
12:17	PRO.26.1	5
12:17	JAS.5.16-JAS.5.18	4
12:17	JOS.10.12	2
12:17	PSA.99.6	2
12:17	JER.15.1	2
12:18	EXO.14.31	5
12:18	EXO.9.23-EXO.9.25	3
12:18	EZR.10.9	3
12:18	PSA.106.12-PSA.106.13	2
12:18	REV.11.5-REV.11.6	2
12:19	EXO.9.28	5
12:19	1JN.5.16	4
12:19	EXO.10.17	3
12:19	1SA.12.23	3
12:19	GEN.20.7	2
12:19	1SA.7.5	2
12:19	1SA.7.8	2
12:19	JOB.42.8	2
12:19	PSA.78.34-PSA.78.35	2
12:19	ISA.26.16	2
12:19	JER.15.1	2
12:19	MAL.1.9	2
12:19	ACT.8.24	2
12:19	JAS.5.15	2
12:20	DEU.11.16	5
12:20	JOS.23.6	3
12:20	PSA.101.3	3
12:20	PSA.125.5	3
12:20	EXO.20.19-EXO.20.20	2
12:20	DEU.31.29	2
12:20	JER.3.1	2
12:20	1PE.3.16	2
12:20	PSA.40.4	1
12:21	HAB.2.18	6
12:21	JER.10.15	5
12:21	JER.16.19	5
12:21	DEU.11.16	4
12:21	JER.14.22	4
12:21	ISA.44.9-ISA.44.10	3
12:21	ISA.45.20	3
12:21	ISA.46.7	3
12:21	JER.2.13	3
12:21	JON.2.8	3
12:21	1CO.8.4	3
12:21	DEU.32.21	2
12:21	PSA.115.4-PSA.115.8	2
12:21	ISA.41.23-ISA.41.24	2
12:21	ISA.41.29	2
12:21	JER.2.5	2
12:21	JER.10.8	2
12:22	DEU.14.2	10
12:22	1KI.6.13	9
12:22	PSA.106.8	9
12:22	PHP.1.6	9
12:22	DEU.7.7-DEU.7.8	8
12:22	JER.14.21	8
12:22	JOS.7.9	7
12:22	ROM.11.29	7
12:22	PSA.94.14	6
12:22	ISA.43.25	5
12:22	LAM.3.31-LAM.3.32	5
12:22	EZK.20.9	5
12:22	EZK.20.14	5
12:22	EPH.1.12	5
12:22	MAT.11.26	4
12:22	1PE.2.9	4
12:22	EXO.32.12	3
12:22	2CH.15.2	3
12:22	JER.33.24-JER.33.26	3
12:22	1CO.4.7	3
12:22	EXO.19.5-EXO.19.6	2
12:22	NUM.14.13-NUM.14.19	2
12:22	DEU.9.5	2
12:22	DEU.31.17	2
12:22	DEU.32.26-DEU.32.27	2
12:22	2KI.21.14	2
12:22	1CH.28.9	2
12:22	ISA.37.35	2
12:22	ISA.41.17	2
12:22	ISA.42.16	2
12:22	ISA.48.11	2
12:22	JER.14.7	2
12:22	LAM.5.20	2
12:22	MAL.1.2	2
12:22	JHN.15.16	2
12:22	ROM.9.13-ROM.9.18	2
12:22	EPH.1.6	2
12:22	HEB.13.5	1
12:23	COL.1.9	23
12:23	ROM.1.9	20
12:23	2TI.1.3	17
12:23	1TH.3.10	13
12:23	1KI.8.36	11
12:23	ACT.12.5	10
12:23	PSA.34.11	9
12:23	JER.6.16	7
12:23	2CH.6.27	6
12:23	COL.1.28	6
12:23	PRO.4.11	5
12:23	ECC.12.10	5
12:23	ACT.20.20	5
12:24	DEU.10.21	25
12:24	PRO.1.7	16
12:24	ISA.5.12	13
12:24	PSA.126.2-PSA.126.3	12
12:24	ECC.12.13	12
12:24	HEB.12.29	12
12:24	PSA.111.10	11
12:24	EXO.12.13	8
12:24	PSA.119.80	8
12:24	JOB.28.28	6
12:24	ROM.12.1	5
12:24	JHN.1.47	4
12:24	EZR.9.13-EZR.9.14	1
12:25	JOS.24.20	7
12:25	DEU.28.36	4
12:25	1SA.31.1-1SA.31.5	4
12:25	HOS.10.3	4
12:25	ISA.3.11	3
12:25	DEU.32.15-DEU.32.44	2
13:1	EXO.12.5	1
13:1	MIC.6.6	1
13:2	1SA.10.26	5
13:2	1SA.13.5	4
13:2	1SA.14.31	4
13:2	1SA.13.23	3
13:2	JOS.18.28	2
13:2	JDG.19.12	2
13:2	1SA.8.11	2
13:2	1SA.14.5	2
13:2	1SA.14.52	2
13:2	1SA.15.34	2
13:2	2SA.21.6	2
13:2	ISA.10.28-ISA.10.29	2
13:3	1SA.10.5	5
13:3	JDG.3.27	4
13:3	JDG.6.34	3
13:3	JOS.18.24	2
13:3	JOS.21.17	2
13:3	1SA.13.16	2
13:3	1SA.14.1-1SA.14.6	2
13:3	2SA.2.28	2
13:3	2SA.20.1	2
13:3	2SA.23.14	2
13:3	ISA.10.29	2
13:3	ZEC.14.10	2
13:4	GEN.34.30	4
13:4	EXO.5.21	3
13:4	GEN.46.34	2
13:4	JOS.5.9	2
13:4	1SA.10.8	2
13:4	1SA.11.14-1SA.11.15	2
13:4	ZEC.11.8	2
13:5	JOS.11.4	5
13:5	1SA.14.23	5
13:5	JOS.18.12	3
13:5	GEN.22.17	2
13:5	JOS.7.2	2
13:5	JDG.7.12	2
13:5	2CH.1.9	2
13:5	ISA.48.19	2
13:5	JER.15.8	2
13:5	HOS.4.15	2
13:5	HOS.5.8	2
13:5	HOS.10.5	2
13:5	ROM.9.27	1
13:6	JDG.6.2	5
13:6	HEB.11.38	3
13:6	EXO.14.10-EXO.14.12	2
13:6	JOS.8.20	2
13:6	JDG.10.9	2
13:6	JDG.20.41	2
13:6	1SA.14.11	2
13:6	1SA.23.19	2
13:6	1SA.24.3	2
13:6	2SA.24.14	2
13:6	ISA.42.22	2
13:6	PHP.1.23	2
13:7	LEV.26.17	2
13:7	LEV.26.36-LEV.26.37	2
13:7	NUM.32.1-NUM.32.5	2
13:7	NUM.32.33-NUM.32.42	2
13:7	DEU.3.12	2
13:7	DEU.20.8	2
13:7	DEU.28.25	2
13:7	JOS.13.24-JOS.13.31	2
13:7	JDG.7.3	2
13:7	HOS.11.10-HOS.11.11	2
13:8	1SA.10.8	12
13:9	1KI.3.4	5
13:9	PRO.21.27	4
13:9	PRO.15.8	3
13:9	PRO.21.3	3
13:9	DEU.12.6	2
13:9	1SA.13.12-1SA.13.13	2
13:9	1SA.14.18	2
13:9	1SA.15.21-1SA.15.22	2
13:9	2SA.24.25	2
13:9	ISA.66.3	2
13:9	PSA.37.7	1
13:9	PRO.20.22	1
13:10	1SA.15.13	6
13:10	RUT.2.4	2
13:10	PSA.129.8	2
13:11	1SA.13.2	4
13:11	1SA.13.5	4
13:11	1SA.13.16	4
13:11	1SA.13.23	4
13:11	GEN.3.13	3
13:11	GEN.4.10	3
13:11	2KI.5.25	3
13:11	JOS.7.19	2
13:11	1SA.14.5	2
13:11	2SA.3.24	2
13:11	ISA.10.28	2
13:12	1KI.12.26-1KI.12.27	3
13:12	PSA.66.3	3
13:12	AMO.8.5	3
13:12	2CO.9.7	3
13:12	1SA.21.7	2
13:13	1SA.15.22	11
13:13	2CH.16.9	8
13:13	1SA.15.28	7
13:13	1SA.15.11	6
13:13	1KI.18.18	3
13:13	1KI.21.20	3
13:13	2CH.25.15-2CH.25.16	3
13:13	PSA.50.8-PSA.50.15	3
13:13	2SA.12.7-2SA.12.9	2
13:13	2CH.19.2	2
13:13	JOB.34.18	2
13:13	PRO.19.3	2
13:13	MAT.14.3-MAT.14.4	1
13:14	ACT.13.22	37
13:14	1SA.15.28	21
13:14	PSA.78.70	9
13:14	PSA.89.19-PSA.89.37	9
13:14	1SA.16.1	8
13:14	ACT.7.46	6
13:14	1SA.16.12	5
13:14	1SA.2.30	4
13:14	1SA.9.16	4
13:14	2SA.5.2	4
13:14	2SA.7.15-2SA.7.16	4
13:14	2KI.20.5	4
13:14	HEB.2.10	3
13:15	1SA.13.2	5
13:15	1SA.14.2	5
13:15	1SA.13.6-1SA.13.7	3
13:16	1SA.13.3	2
13:17	JOS.18.23	4
13:17	1SA.14.15	3
13:17	JOS.19.3	2
13:17	1SA.11.11	2
13:18	NEH.11.34	5
13:18	JOS.18.13-JOS.18.14	4
13:18	JOS.16.3	3
13:18	GEN.14.2	2
13:18	JOS.10.11	2
13:18	JOS.16.5	2
13:18	1CH.6.68	2
13:18	2CH.8.5	2
13:18	HOS.11.8	2
13:19	2KI.24.14	5
13:19	JDG.5.8	4
13:19	JER.24.1	4
13:19	ISA.54.16	2
13:22	JDG.5.8	5
13:22	1SA.17.47	2
13:22	1SA.17.50	2
13:22	ZEC.4.6	2
13:22	1CO.1.27-1CO.1.29	2
13:22	2CO.4.7	2
13:23	ISA.10.28	5
13:23	1SA.14.1	4
13:23	1SA.14.4-1SA.14.5	4
13:23	1SA.13.2-1SA.13.3	2
13:23	1SA.13.5	2
13:23	2SA.23.14	2
14:1	JDG.6.27	3
14:1	JDG.14.6	3
14:1	1SA.13.2	3
14:1	1SA.13.22	3
14:1	1SA.14.39-1SA.14.45	3
14:1	1SA.18.1-1SA.18.4	3
14:1	1SA.25.19	3
14:1	2SA.1.4-2SA.1.5	3
14:1	2SA.1.25-2SA.1.26	3
14:1	MIC.7.5	3
14:2	1SA.13.15-1SA.13.16	3
14:2	ISA.10.28-ISA.10.29	3
14:3	1SA.2.28	5
14:3	1SA.4.21	5
14:3	1SA.22.20	5
14:3	1SA.22.9-1SA.22.12	3
14:3	EXO.28.26-EXO.28.32	2
14:4	1SA.13.23	5
14:6	MAT.19.26	10
14:6	ROM.8.31	8
14:6	ZEC.4.6	6
14:6	DEU.32.30	5
14:6	2CH.14.11	5
14:6	JDG.7.4-JDG.7.7	4
14:6	PSA.115.1-PSA.115.3	4
14:6	2SA.16.12	3
14:6	2KI.19.4	3
14:6	JER.9.26	3
14:6	GEN.17.7-GEN.17.11	2
14:6	JDG.15.18	2
14:6	1SA.17.26	2
14:6	1SA.17.36	2
14:6	JER.9.23	2
14:6	AMO.5.15	2
14:6	EPH.2.11-EPH.2.12	2
14:6	2SA.1.20	1
14:6	ZEP.2.3	1
14:6	PHP.3.3	1
14:7	2SA.7.3	3
14:7	1SA.10.7	2
14:7	PSA.46.7	1
14:7	ZEC.8.23	1
14:8	JDG.7.9-JDG.7.14	3
14:9	GEN.24.13-GEN.24.14	2
14:9	JDG.6.36-JDG.6.40	2
14:10	GEN.24.14	5
14:10	JDG.7.11	4
14:10	1SA.10.7	3
14:10	JDG.6.36	2
14:10	ISA.7.11-ISA.7.14	2
14:11	1SA.13.6	5
14:11	1SA.14.22	3
14:11	JDG.6.2	2
14:12	1SA.17.43-1SA.17.44	4
14:12	2SA.5.24	4
14:12	GEN.24.26-GEN.24.27	2
14:12	GEN.24.42	2
14:12	GEN.24.48	2
14:12	JDG.4.14	2
14:12	JDG.7.15	2
14:12	1SA.14.10	2
14:12	2SA.2.14-2SA.2.17	2
14:12	2KI.14.8	2
14:13	LEV.26.7-LEV.26.8	2
14:13	DEU.28.7	2
14:13	DEU.32.30	2
14:13	JOS.23.10	2
14:13	PSA.18.29	2
14:13	ROM.8.31	2
14:13	HEB.11.34	2
14:15	1SA.13.17	5
14:15	GEN.35.5	4
14:15	EXO.19.18	3
14:15	2SA.5.24	3
14:15	2KI.7.6-2KI.7.7	3
14:15	LEV.26.36-LEV.26.37	2
14:15	JOS.2.9	2
14:15	JDG.7.21	2
14:15	1SA.13.23	2
14:15	JOB.18.11	2
14:15	PSA.14.5	2
14:15	DAN.5.6	2
14:15	MAT.24.6	2
14:15	MAT.27.50-MAT.27.51	2
14:16	JDG.7.22	2
14:16	1SA.14.20	2
14:16	2CH.20.22-2CH.20.25	2
14:16	PSA.58.7	2
14:16	PSA.68.2	2
14:16	ISA.19.2	2
14:18	NUM.27.21	2
14:18	JDG.20.18	2
14:18	JDG.20.23	2
14:18	JDG.20.27-JDG.20.28	2
14:18	1SA.4.3-1SA.4.5	2
14:18	1SA.5.2	2
14:18	1SA.7.1	2
14:18	1SA.30.7-1SA.30.8	2
14:18	2SA.11.11	2
14:18	2SA.15.24-2SA.15.26	2
14:19	NUM.27.21	3
14:19	1SA.14.24	3
14:19	JOS.9.14	2
14:19	1SA.13.11	2
14:19	PSA.106.13	2
14:19	ISA.28.16	2
14:20	JDG.7.22	5
14:20	2CH.20.23	5
14:20	1SA.14.16	2
14:20	ISA.9.19-ISA.9.21	2
14:20	ISA.19.2	2
14:21	1SA.29.4	6
14:21	JDG.7.23	1
14:22	1SA.13.6	5
14:22	1SA.31.7	2
14:23	EXO.14.30	7
14:23	1SA.13.5	5
14:23	PSA.44.6-PSA.44.8	4
14:23	HOS.1.7	3
14:23	JDG.2.18	2
14:23	2KI.14.27	2
14:24	JOS.6.26	5
14:24	ROM.10.2	3
14:24	LEV.27.29	2
14:24	NUM.21.2	2
14:24	DEU.27.15-DEU.27.26	2
14:24	JOS.6.17-JOS.6.19	2
14:24	JDG.1.28	2
14:24	JDG.5.2	2
14:24	JDG.11.30-JDG.11.31	2
14:24	JDG.21.1-JDG.21.5	2
14:24	1SA.14.27-1SA.14.30	2
14:24	PSA.18.47	2
14:24	PRO.11.9	2
14:24	1CO.16.22	2
14:25	EXO.3.8	2
14:25	NUM.13.27	2
14:25	DEU.9.28	2
14:25	MAT.3.4-MAT.3.5	1
14:26	ECC.9.2	2
14:27	1SA.14.29	3
14:27	1SA.14.43	3
14:27	1SA.30.12	3
14:27	PRO.25.26	3
14:28	1SA.14.24	2
14:28	1SA.14.43	2
14:29	1KI.18.18	4
14:29	JOS.7.25	2
14:30	ECC.9.18	2
14:31	JOS.10.12	5
14:31	JOS.19.42	2
14:32	LEV.3.17	5
14:32	1SA.15.19	5
14:32	GEN.9.4	4
14:32	LEV.17.10-LEV.17.14	4
14:32	LEV.19.26	4
14:32	DEU.12.16	4
14:32	DEU.12.23-DEU.12.24	3
14:32	ACT.15.20	3
14:32	LEV.7.26-LEV.7.27	2
14:32	EZK.33.25	2
14:32	ACT.15.29	2
14:33	ROM.2.1	0
14:35	1SA.7.17	6
14:35	JDG.21.4	3
14:35	1SA.7.9	3
14:35	1SA.7.12	3
14:35	HOS.8.14	3
14:35	2TI.3.5	3
14:36	PSA.73.28	4
14:36	ISA.48.1-ISA.48.2	3
14:36	NUM.27.21	2
14:36	JOS.10.9-JOS.10.14	2
14:36	JOS.10.19	2
14:36	JOS.11.14	2
14:36	1SA.11.11	2
14:36	1SA.14.3	2
14:36	1SA.14.18-1SA.14.19	2
14:36	ISA.58.2	2
14:36	JER.6.5	2
14:36	MAL.2.7	2
14:36	JAS.4.8	2
14:37	1SA.28.6	8
14:37	1SA.23.4	3
14:37	1SA.23.9-1SA.23.12	3
14:37	1SA.30.7-1SA.30.8	3
14:37	2SA.5.19	3
14:37	2SA.5.23	3
14:37	1KI.22.5	3
14:37	1KI.22.15	3
14:37	EZK.14.3-EZK.14.5	3
14:37	JDG.1.1	1
14:37	JDG.20.18	1
14:37	JDG.20.28	1
14:37	1SA.10.22	1
14:37	EZK.20.3	1
14:38	NUM.24.17	2
14:38	JOS.7.11	2
14:38	JOS.7.14-JOS.7.26	2
14:38	JDG.20.2	2
14:38	1SA.10.19-1SA.10.20	2
14:38	2SA.18.3	2
14:38	PSA.47.9	2
14:38	ZEC.10.4	2
14:38	MAT.21.42	1
14:38	EPH.2.20	1
14:39	1SA.14.44	4
14:39	2SA.12.5	4
14:39	1SA.14.24	3
14:39	1SA.19.6	2
14:39	1SA.20.31	2
14:39	1SA.22.16	2
14:39	1SA.28.10	2
14:39	ECC.9.2	2
14:40	1SA.14.7	2
14:40	1SA.14.36	2
14:40	2SA.15.15	2
14:41	ACT.1.24	7
14:41	JOS.7.16-JOS.7.18	5
14:41	1SA.10.20-1SA.10.21	5
14:41	PRO.16.33	4
14:41	JON.1.7	4
14:43	JOS.7.19	5
14:43	1SA.14.27	3
14:43	JON.1.7-JON.1.10	2
14:44	RUT.1.17	5
14:44	1SA.14.39	5
14:44	1SA.25.22	3
14:44	GEN.38.24	2
14:44	2SA.3.9	2
14:44	2SA.12.5	2
14:44	2SA.12.31	2
14:44	2SA.19.13	2
14:44	PRO.25.16	2
14:45	2SA.14.11	8
14:45	LUK.21.18	8
14:45	ACT.27.34	8
14:45	1KI.1.52	5
14:45	MAT.10.30	4
14:45	2CO.6.1	4
14:45	ISA.29.20-ISA.29.21	3
14:45	ACT.15.12	3
14:45	ACT.21.19	3
14:45	PHP.2.12-PHP.2.13	3
14:45	REV.17.14	3
14:45	REV.19.14	3
14:45	1SA.14.23	2
14:45	1SA.19.5	2
14:45	2CH.19.11	2
14:45	NEH.9.27	2
14:45	ISA.13.3	2
14:45	ACT.14.27	2
14:45	ROM.15.18	2
14:45	1CO.3.9	2
14:47	2SA.10.6	4
14:47	1SA.14.52	3
14:47	1SA.11.1-1SA.11.13	2
14:47	1SA.12.2	2
14:47	1SA.13.1	2
14:47	2SA.8.3	2
14:47	1KI.11.23	2
14:47	2KI.14.27	2
14:48	EXO.17.14	3
14:48	DEU.25.19	3
14:48	1SA.15.3-1SA.15.7	3
14:49	1SA.31.2	5
14:49	1CH.8.33	5
14:49	2SA.6.20-2SA.6.23	3
14:49	1CH.9.39	3
14:49	1SA.18.7-1SA.18.21	2
14:49	1SA.25.44	2
14:49	2SA.3.13-2SA.3.16	2
14:50	2SA.2.8	4
14:50	1SA.17.55	2
14:50	2SA.3.27	2
14:51	1SA.9.1	5
14:51	1SA.9.21	3
14:52	1SA.8.11	5
14:52	1SA.8.1	1
15:1	1SA.9.16	6
15:1	1SA.12.14	5
15:1	1SA.13.13	4
15:1	1CH.22.12-1CH.22.13	4
15:1	PSA.2.10-PSA.2.11	4
15:1	1SA.10.1	3
15:1	1SA.15.16-1SA.15.18	3
15:1	2SA.23.2-2SA.23.3	3
15:2	DEU.25.17-DEU.25.19	17
15:2	NUM.24.20	12
15:2	EXO.17.8-EXO.17.16	11
15:2	HOS.7.2	4
15:2	AMO.8.7	3
15:2	JER.31.34	0
15:3	NUM.24.20	6
15:3	DEU.20.16-DEU.20.18	6
15:3	NUM.31.17	4
15:3	1SA.22.19	4
15:3	ISA.14.21-ISA.14.22	4
15:3	LEV.27.28-LEV.27.29	3
15:3	JOS.6.17-JOS.6.21	3
15:3	GEN.3.17-GEN.3.18	2
15:3	DEU.13.15-DEU.13.16	2
15:3	ROM.8.20-ROM.8.22	2
15:3	EXO.20.5	1
15:4	JOS.15.24	3
15:4	1SA.11.8	2
15:4	1SA.13.15	2
15:6	JDG.1.16	7
15:6	NUM.10.29-NUM.10.32	5
15:6	EXO.18.19	4
15:6	NUM.24.21-NUM.24.22	4
15:6	JDG.4.11	4
15:6	EXO.18.9-EXO.18.10	3
15:6	JDG.5.24	3
15:6	1SA.27.10	3
15:6	GEN.18.25	2
15:6	GEN.19.12-GEN.19.16	2
15:6	NUM.16.26-NUM.16.27	2
15:6	NUM.16.34	2
15:6	1CH.2.55	2
15:6	PRO.9.6	2
15:6	ACT.2.40	2
15:6	2CO.6.17	2
15:6	2TI.1.16	2
15:6	REV.18.14	2
15:7	GEN.16.7	5
15:7	GEN.25.18	5
15:7	1SA.14.48	5
15:7	1SA.27.8	4
15:7	GEN.2.11	3
15:7	EXO.15.22	3
15:7	JOB.21.30	2
15:7	ECC.8.13	2
15:8	1SA.30.1	5
15:8	NUM.24.7	3
15:8	EST.3.1	3
15:8	JOS.10.39	2
15:8	JOS.11.12	2
15:8	1SA.15.3	2
15:8	1KI.20.30	2
15:8	1KI.20.34-1KI.20.42	2
15:8	1SA.27.8-1SA.27.9	1
15:9	1SA.15.15	4
15:9	1SA.15.3	3
15:9	1SA.15.19	3
15:9	JOS.7.21	2
15:9	2SA.6.13	1
15:11	GEN.6.6	7
15:11	1SA.13.13	7
15:11	2SA.24.16	5
15:11	PSA.119.136	5
15:11	1SA.15.3	4
15:11	1SA.15.9	4
15:11	1SA.15.35-1SA.16.1	4
15:11	PSA.36.3	4
15:11	JER.9.18	4
15:11	JOS.22.16	3
15:11	1SA.12.23	3
15:11	1KI.9.6-1KI.9.7	3
15:11	PSA.78.57	3
15:11	PSA.109.4	3
15:11	PSA.110.4	3
15:11	PSA.125.5	3
15:11	JER.9.1	3
15:11	JER.13.17	3
15:11	MAT.5.44	3
15:11	LUK.19.41-LUK.19.44	3
15:11	ROM.9.1-ROM.9.3	3
15:11	HEB.10.38	3
15:11	PSA.78.41	2
15:11	MAT.24.13	2
15:11	LUK.6.12	2
15:11	JER.18.7-JER.18.10	1
15:11	AMO.7.3	1
15:11	JON.3.10	1
15:11	JON.4.2	1
15:11	ZEP.1.6	1
15:12	JOS.15.55	5
15:12	1SA.25.2	3
15:12	2SA.18.18	3
15:12	JOS.4.8-JOS.4.9	2
15:12	1SA.7.12	2
15:12	1KI.18.42	2
15:13	JDG.17.2	4
15:13	RUT.3.10	4
15:13	GEN.3.12	3
15:13	GEN.14.19	3
15:13	1SA.15.9	3
15:13	1SA.15.11	3
15:13	PRO.28.13	3
15:13	PRO.30.13	3
15:13	PRO.31.31	3
15:13	LUK.17.10	3
15:13	LUK.18.11	3
15:13	1SA.13.10	1
15:13	PRO.27.2	1
15:14	PSA.36.2	2
15:14	PSA.50.16-PSA.50.21	2
15:14	JER.2.18-JER.2.19	2
15:14	JER.2.22-JER.2.23	2
15:14	JER.2.34-JER.2.37	2
15:14	MAL.3.13-MAL.3.15	2
15:14	LUK.19.22	2
15:14	ROM.3.19	2
15:14	1CO.4.5	2
15:15	1SA.15.9	4
15:15	1SA.15.21	4
15:15	GEN.3.12-GEN.3.13	3
15:15	EXO.32.22-EXO.32.23	3
15:15	JOB.31.33	2
15:15	PRO.28.13	2
15:15	MAT.2.8	2
15:15	LUK.10.29	2
15:16	1SA.9.27	2
15:16	1SA.12.7	2
15:16	1KI.22.16	2
15:17	1SA.9.21	7
15:17	1SA.10.22	7
15:17	1SA.15.1-1SA.15.3	7
15:17	1SA.10.1	6
15:17	JDG.6.15	4
15:17	MAT.18.4	4
15:17	HOS.13.1	3
15:18	GEN.13.13	3
15:18	GEN.15.16	3
15:18	NUM.16.38	3
15:18	JOB.31.3	3
15:18	PRO.10.29	3
15:18	PRO.13.21	2
15:19	1SA.14.32	4
15:19	2CH.33.2	2
15:19	2CH.33.6	2
15:19	2CH.36.12	2
15:19	PRO.15.27	2
15:19	JER.7.11	2
15:19	HAB.2.9-HAB.2.12	2
15:19	2TI.4.10	1
15:20	1SA.15.13	5
15:20	MAT.19.20	3
15:20	ROM.10.3	3
15:20	1SA.15.3	2
15:20	1SA.15.8	2
15:20	JOB.33.9	2
15:20	JOB.34.5	2
15:20	JOB.35.2	2
15:20	JOB.40.8	2
15:20	LUK.10.29	2
15:20	LUK.18.11	2
15:21	1SA.15.15	4
15:21	EXO.32.22-EXO.32.23	3
15:21	GEN.3.13	2
15:22	HOS.6.6	420
15:22	PSA.51.16-PSA.51.17	374
15:22	PRO.21.3	348
15:22	AMO.5.21-AMO.5.24	298
15:22	MRK.12.33	288
15:22	MAT.9.13	258
15:22	MIC.6.6-MIC.6.8	236
15:22	JER.7.22-JER.7.23	226
15:22	PSA.40.6-PSA.40.8	187
15:22	ECC.5.1	185
15:22	ISA.1.11-ISA.1.17	184
15:22	MAT.12.7	172
15:22	HEB.10.4-HEB.10.10	159
15:22	MAT.23.23	140
15:22	PSA.50.8-PSA.50.9	115
15:22	MAT.5.24	112
15:22	JER.26.13	102
15:22	EXO.19.5	98
15:22	JER.11.7	97
15:22	JER.11.4	91
15:23	JER.28.16	15
15:23	1SA.13.14	12
15:23	LEV.20.6	9
15:23	GAL.5.20	8
15:23	DEU.18.10-DEU.18.11	7
15:23	JER.29.32	7
15:23	2CO.6.16	7
15:23	GEN.31.34	6
15:23	EXO.22.18	6
15:23	JOS.22.16-JOS.22.19	6
15:23	EZK.2.5-EZK.2.8	6
15:23	GEN.31.19	5
15:23	2KI.17.15-2KI.17.20	5
15:23	1CH.28.9	5
15:23	PSA.107.11	5
15:23	LEV.20.27	4
15:23	DEU.9.7	4
15:23	1SA.2.30	4
15:23	JOB.34.37	4
15:23	NUM.14.9	3
15:23	DEU.9.24	3
15:23	1SA.12.14-1SA.12.15	3
15:23	1SA.16.1	3
15:23	ISA.8.19	3
15:23	ISA.19.3	3
15:23	REV.22.15	3
15:23	REV.21.8	2
15:24	2SA.12.13	7
15:24	ISA.51.12-ISA.51.13	6
15:24	NUM.22.34	4
15:24	PRO.29.25	4
15:24	GAL.1.10	4
15:24	EXO.9.27	3
15:24	EXO.23.2	3
15:24	1SA.15.30	3
15:24	MAT.27.4	3
15:24	REV.21.8	3
15:24	GEN.3.12	2
15:24	GEN.3.17	2
15:24	EXO.10.16	2
15:24	1SA.2.29	2
15:24	1SA.15.9	2
15:24	1SA.15.15	2
15:24	JOB.31.34	2
15:24	JER.38.5	2
15:24	LUK.23.20-LUK.23.25	2
15:25	EXO.10.17	4
15:26	HOS.4.6	7
15:26	1SA.13.14	6
15:26	1SA.16.1	6
15:26	1SA.15.23	5
15:26	JER.6.19	5
15:26	2JN.1.11	5
15:26	GEN.43.11-GEN.43.14	4
15:26	1SA.2.30	4
15:26	1SA.15.31	4
15:26	LUK.24.28-LUK.24.29	4
15:26	GEN.42.38	3
15:27	1KI.11.30-1KI.11.31	2
15:28	1SA.28.17-1SA.28.18	5
15:28	ACT.13.22	3
15:28	1SA.2.7-1SA.2.8	2
15:28	1SA.13.14	2
15:28	1SA.16.12	2
15:28	1KI.11.30-1KI.11.31	2
15:28	JER.27.5-JER.27.6	2
15:28	DAN.4.17	2
15:28	DAN.4.32	2
15:28	JHN.19.11	2
15:28	ROM.13.1	2
15:29	NUM.23.19	23
15:29	EZK.24.14	21
15:29	TIT.1.2	17
15:29	2TI.2.13	15
15:29	HEB.6.18	15
15:29	PSA.95.11	13
15:29	JOL.3.16	12
15:29	2CO.12.9	11
15:29	PSA.68.35	10
15:29	ISA.45.24	10
15:29	DEU.33.27	9
15:29	1CH.29.11	8
15:29	PSA.29.11	8
15:29	PHP.4.13	8
15:29	NUM.14.28-NUM.14.29	6
15:30	JHN.5.44	6
15:30	JHN.12.43	6
15:30	ISA.29.13	5
15:30	2TI.3.5	3
15:30	HAB.2.4	2
15:30	LUK.18.9-LUK.18.14	2
15:32	JER.48.44	3
15:32	1TH.5.3	3
15:32	REV.18.7	3
15:33	JDG.1.7	7
15:33	GEN.9.6	6
15:33	MAT.7.2	4
15:33	JAS.2.13	3
15:33	REV.16.6	3
15:33	REV.18.6	3
15:33	EXO.17.11	2
15:33	NUM.14.45	2
15:33	NUM.25.7-NUM.25.8	2
15:33	1KI.18.40	2
15:33	ISA.34.6	2
15:33	JER.48.10	2
15:34	1SA.11.4	5
15:34	1SA.7.17	2
15:35	1SA.15.11	6
15:35	1SA.19.24	6
15:35	1SA.16.1	4
15:35	JER.9.1-JER.9.2	3
15:35	GEN.6.6	2
15:35	PSA.119.136	1
15:35	PSA.119.158	1
15:35	ROM.9.2-ROM.9.3	1
15:35	PHP.3.18	1
16:1	1SA.15.23	9
16:1	2KI.9.1	9
16:1	1SA.15.35	8
16:1	PSA.78.68-PSA.78.71	8
16:1	1SA.10.1	7
16:1	1SA.15.26	7
16:1	1SA.16.15	7
16:1	ROM.15.12	7
16:1	1SA.9.16	6
16:1	1SA.13.13-1SA.13.14	6
16:1	1SA.15.11	5
16:1	RUT.4.17-RUT.4.22	4
16:1	1SA.16.23	4
16:1	2KI.9.6	4
16:1	1CH.2.10-1CH.2.15	4
16:1	PSA.89.19-PSA.89.20	4
16:1	JER.6.30	4
16:1	JER.7.16	4
16:1	GEN.49.8-GEN.49.10	3
16:1	2KI.9.3	3
16:1	ISA.11.10	3
16:1	ISA.55.4	3
16:1	JER.14.11-JER.14.12	3
16:1	ACT.13.21-ACT.13.22	3
16:1	ISA.11.1	2
16:1	JER.11.14	2
16:1	JER.15.1	2
16:1	1JN.5.16	2
16:2	1SA.9.12	6
16:2	1SA.20.29	4
16:2	MAT.10.16	3
16:2	EXO.3.11	2
16:2	1KI.18.9-1KI.18.14	2
16:2	JER.38.26-JER.38.27	2
16:2	LUK.1.34	2
16:3	1SA.9.16	7
16:3	1SA.16.12-1SA.16.13	4
16:3	2SA.15.11	4
16:3	ACT.9.6	3
16:3	EXO.4.15	2
16:3	DEU.17.14-DEU.17.15	2
16:3	1SA.9.12-1SA.9.13	2
16:3	MAT.22.1-MAT.22.4	1
16:4	1KI.2.13	5
16:4	1SA.21.1	4
16:4	2KI.9.22	4
16:4	1CH.12.17-1CH.12.18	4
16:4	LUK.5.8	4
16:4	1KI.17.18	3
16:4	GEN.48.7	2
16:4	2SA.6.9	2
16:4	HOS.6.5	2
16:4	HOS.11.10	2
16:4	LUK.2.4	2
16:4	LUK.8.37	2
16:5	EXO.19.10	4
16:5	LEV.20.7-LEV.20.8	4
16:5	JOS.3.5	4
16:5	EXO.19.14-EXO.19.15	3
16:5	JOS.7.13	3
16:5	1CO.11.28	3
16:5	NUM.11.8	2
16:5	2CH.30.17-2CH.30.20	2
16:5	JOB.1.5	2
16:5	PSA.26.2-PSA.26.6	2
16:5	JOL.2.16	2
16:6	1SA.17.13	2
16:6	1CH.2.13	1
16:6	JDG.8.18	0
16:6	1SA.17.22	0
16:7	JHN.7.24	155
16:7	JER.17.10	132
16:7	LUK.16.15	80
16:7	ISA.55.8-ISA.55.9	65
16:7	1PE.3.4	65
16:7	PRO.16.2	57
16:7	PRO.31.30	52
16:7	PSA.147.10-PSA.147.11	46
16:7	1CH.28.9	37
16:7	1KI.8.39	32
16:7	ACT.1.24	25
16:7	2CH.16.9	24
16:7	HEB.4.13	24
16:7	PSA.139.2	21
16:7	JER.20.12	20
16:7	REV.2.23	18
16:7	1SA.10.23-1SA.10.24	14
16:7	2CO.10.10	14
16:7	1SA.9.2	12
16:7	JOB.10.4	12
16:7	2SA.14.25	11
16:7	1PE.2.4	11
16:7	PSA.7.9	10
16:7	PRO.15.11	8
16:7	JER.11.20	7
16:7	2CO.10.7	6
16:8	1SA.17.13	5
16:8	1CH.2.13	2
16:9	1SA.17.13	3
16:9	2SA.13.3	2
16:9	1CH.2.13	2
16:10	1CH.2.13-1CH.2.15	1
16:11	PSA.78.70-PSA.78.71	7
16:11	2SA.7.8	5
16:11	1SA.17.28	4
16:11	2SA.13.3	4
16:11	1CH.17.7	4
16:11	1SA.17.12-1SA.17.15	3
16:12	SNG.5.10	5
16:12	LAM.4.7	5
16:12	1SA.17.42	4
16:12	1SA.9.17	3
16:12	PSA.89.19-PSA.89.20	3
16:12	GEN.39.6	2
16:12	PSA.2.2	2
16:12	ACT.4.27	2
16:12	ACT.7.20	2
16:12	PSA.2.6	1
16:12	HEB.11.23	1
16:13	1SA.10.6	13
16:13	HEB.1.9	10
16:13	JHN.3.34	7
16:13	1SA.10.1	6
16:13	NUM.27.18	5
16:13	JDG.11.29	5
16:13	1SA.10.9-1SA.10.10	5
16:13	JDG.3.10	4
16:13	JDG.14.6	4
16:13	ISA.11.1-ISA.11.3	4
16:13	1SA.16.18	3
16:13	2KI.9.6	3
16:13	NUM.11.17	2
16:13	JDG.13.25	2
16:13	1SA.11.6	2
16:14	PSA.51.11	15
16:14	1SA.18.12	12
16:14	JDG.9.23	11
16:14	JDG.16.20	9
16:14	1SA.18.10	9
16:14	1SA.28.15	9
16:14	ACT.19.15-ACT.19.16	7
16:14	1KI.22.22	5
16:14	HOS.9.12	5
16:14	1SA.11.6	4
16:14	1SA.19.9-1SA.19.10	3
16:14	JDG.16.29	1
16:16	2KI.3.15	7
16:16	1KI.10.8	5
16:16	1SA.16.21-1SA.16.23	4
16:16	1SA.18.10	4
16:16	1SA.19.9	4
16:16	GEN.41.46	3
16:16	1SA.10.5	3
16:18	1SA.3.19	9
16:18	GEN.39.23	8
16:18	GEN.39.2	7
16:18	1SA.17.32-1SA.17.36	7
16:18	1SA.10.7	6
16:18	MAT.1.23	5
16:18	MAT.28.20	5
16:18	1SA.18.12-1SA.18.14	4
16:18	2SA.14.20	4
16:18	2SA.17.8	4
16:18	2SA.17.10	4
16:19	1SA.16.11	3
16:19	1SA.17.15	3
16:19	PSA.78.70-PSA.78.72	3
16:19	EXO.3.1-EXO.3.10	2
16:19	1SA.17.33-1SA.17.34	2
16:19	1KI.19.19	2
16:19	PSA.113.8	2
16:19	AMO.1.1	2
16:19	AMO.7.14-AMO.7.15	2
16:19	MAT.4.18-MAT.4.22	2
16:20	1SA.10.27	4
16:20	PRO.18.16	4
16:20	1SA.17.18	3
16:20	GEN.43.11	2
16:20	1SA.25.18	2
16:20	2SA.16.1-2SA.16.2	2
16:21	GEN.41.46	7
16:21	PRO.22.29	6
16:21	PSA.146.3	4
16:21	DEU.10.8	3
16:21	PSA.118.9	3
16:21	DEU.1.38	2
16:21	1KI.10.8	2
16:21	PSA.62.9	2
16:23	1SA.16.14-1SA.16.16	4
16:23	1SA.18.10-1SA.18.11	1
17:1	JOS.15.35	5
17:1	1SA.13.5	4
17:1	1CH.11.13	4
17:1	2CH.28.18	4
17:1	JOS.10.10-JOS.10.11	3
17:1	JDG.3.3	3
17:1	1SA.7.7	2
17:1	1SA.14.46	2
17:1	1SA.14.52	2
17:1	2CH.11.7	2
17:1	JER.34.7	2
17:2	1SA.21.9	5
17:2	1SA.17.19	3
17:4	JOS.11.22	6
17:4	1SA.17.23	4
17:4	2SA.21.16-2SA.21.22	4
17:4	1CH.20.4-1CH.20.8	4
17:4	DEU.3.11	2
17:4	1SA.21.9-1SA.21.10	2
17:4	1SA.27.4	2
17:4	1CH.11.23	2
17:4	AMO.2.9	1
17:6	1SA.17.45	3
17:6	1KI.10.16	2
17:6	2CH.9.15	2
17:7	2SA.21.19	4
17:7	1SA.17.41	3
17:7	1CH.11.23	3
17:7	1CH.20.5	2
17:8	1SA.8.17	5
17:8	1SA.17.26	2
17:8	2SA.11.11	2
17:8	1CH.21.3	2
17:9	1SA.11.1	3
17:10	1SA.17.25-1SA.17.26	7
17:10	1SA.17.36	6
17:10	1SA.17.45	6
17:10	NUM.23.7-NUM.23.8	4
17:10	2SA.21.21	4
17:10	NEH.2.19	4
17:10	JOB.40.9-JOB.40.12	3
17:10	PSA.9.4-PSA.9.5	3
17:10	PRO.16.18	2
17:10	JER.9.23	2
17:10	DAN.4.37	2
17:10	2SA.23.9	1
17:11	DEU.31.8	4
17:11	JOS.1.9	4
17:11	PSA.27.1	2
17:11	PRO.28.1	2
17:11	ISA.51.12-ISA.51.13	2
17:11	ISA.57.11	2
17:12	GEN.35.19	6
17:12	1SA.16.10-1SA.16.11	6
17:12	1SA.16.18	5
17:12	RUT.4.22	4
17:12	1SA.17.58	4
17:12	1CH.2.13-1CH.2.16	4
17:12	1SA.16.1	3
17:12	MAT.1.6	3
17:12	MAT.2.6	3
17:12	LUK.3.31-LUK.3.32	3
17:12	PSA.132.6	2
17:12	MIC.5.2	2
17:12	MAT.2.1	2
17:13	1CH.2.13	4
17:13	1SA.16.6-1SA.16.9	2
17:13	1SA.17.28	2
17:13	2SA.13.3	2
17:13	2SA.13.32	2
17:13	2SA.21.21	2
17:14	1SA.16.11	4
17:14	GEN.25.23	1
17:15	1SA.16.11	3
17:15	1SA.16.19-1SA.16.23	2
17:16	MAT.4.2	2
17:16	LUK.4.2	2
17:17	1SA.25.18	4
17:17	RUT.2.14	2
17:17	2SA.17.28	2
17:17	MAT.7.11	2
17:17	LUK.11.13	2
17:18	GEN.37.14	5
17:18	1SA.16.20	4
17:18	2SA.17.29	2
17:18	JOB.10.10	2
17:18	ACT.15.36	2
17:18	1TH.3.5-1TH.3.6	2
17:20	1SA.26.5	4
17:20	LUK.19.43	4
17:20	1SA.17.28	2
17:20	1SA.26.7	2
17:20	EPH.6.1-EPH.6.2	2
17:22	GEN.37.14	2
17:22	JDG.18.15	2
17:22	ISA.10.28	2
17:22	MAT.10.12-MAT.10.13	2
17:22	LUK.10.5-LUK.10.6	2
17:23	1SA.17.8-1SA.17.10	2
17:24	LEV.26.36	2
17:24	NUM.13.33	2
17:24	DEU.32.30	2
17:24	1SA.13.6-1SA.13.7	2
17:24	1SA.17.11	2
17:24	ISA.7.2	2
17:24	ISA.30.17	2
17:25	JOS.15.16	4
17:25	REV.2.7	3
17:25	REV.3.12	3
17:25	1SA.18.17-1SA.18.27	2
17:25	EZR.7.24	2
17:25	MAT.17.26	2
17:25	REV.2.17	2
17:25	REV.3.5	2
17:25	REV.3.21	2
17:26	DEU.5.26	7
17:26	1SA.11.2	7
17:26	1SA.14.6	5
17:26	1SA.17.10	5
17:26	1SA.17.36	5
17:26	2KI.19.4	4
17:26	JOS.7.8-JOS.7.9	3
17:26	NEH.5.9	3
17:26	PSA.44.13	3
17:26	JER.10.10	3
17:26	DAN.9.16	3
17:26	PSA.79.12	2
17:26	JOL.2.19	2
17:26	1TH.1.9	2
17:26	1JN.5.20	2
17:26	PSA.74.18	1
17:27	1SA.17.25	2
17:28	MAT.10.36	7
17:28	GEN.37.4	6
17:28	GEN.37.8	6
17:28	GEN.37.11	6
17:28	PRO.18.19	6
17:28	MRK.3.21	5
17:28	1SA.16.7	3
17:28	1SA.16.13	3
17:28	PSA.35.11	3
17:28	PRO.27.4	3
17:28	ECC.4.4	3
17:28	MAT.27.18	3
17:28	JUD.1.10	3
17:29	1PE.3.9	3
17:29	PRO.15.1	1
17:29	ACT.11.2-ACT.11.4	1
17:29	1CO.2.15	1
17:30	1SA.17.26-1SA.17.27	4
17:31	PRO.22.29	3
17:32	DEU.20.1-DEU.20.3	9
17:32	1SA.16.18	9
17:32	PSA.3.6	6
17:32	ISA.35.4	5
17:32	NUM.14.9	4
17:32	PSA.27.1-PSA.27.3	4
17:32	1SA.14.6	3
17:32	HEB.12.12	3
17:32	NUM.13.30	2
17:32	JOS.14.12	2
17:33	NUM.13.31	5
17:33	DEU.9.2	4
17:33	REV.13.4	3
17:33	1SA.17.56	2
17:33	PSA.11.1	2
17:33	1SA.17.42	1
17:35	AMO.3.12	5
17:35	2TI.4.17-2TI.4.18	4
17:35	JDG.14.5-JDG.14.6	3
17:35	PSA.91.13	3
17:35	DAN.6.22	3
17:35	ACT.28.4-ACT.28.6	2
17:35	2SA.23.20	1
17:36	1SA.17.10	3
17:36	1SA.17.26	1
17:36	ISA.10.15	1
17:36	ISA.36.8-ISA.36.10	1
17:36	ISA.36.15	1
17:36	ISA.36.18	1
17:36	ISA.37.22-ISA.37.23	1
17:36	ISA.37.28-ISA.37.29	1
17:36	EZK.32.19	1
17:36	EZK.32.27-EZK.32.32	1
17:36	ZEC.2.8	1
17:36	ZEC.12.3	1
17:36	ACT.5.38-ACT.5.39	1
17:36	ACT.12.1-ACT.12.2	1
17:36	ACT.12.22-ACT.12.23	1
17:36	ROM.2.28-ROM.2.29	1
17:36	ACT.9.4-ACT.9.5	0
17:37	2TI.4.17-2TI.4.18	18
17:37	PSA.138.7-PSA.138.8	14
17:37	2CO.1.9-2CO.1.10	9
17:37	PSA.18.16-PSA.18.17	7
17:37	PSA.63.7	7
17:37	1SA.20.13	6
17:37	1CH.22.11	6
17:37	1SA.7.12	5
17:37	1CH.22.16	5
17:37	2SA.10.12	4
17:37	PSA.138.3	4
17:37	PSA.77.11	3
17:37	1SA.24.19	1
17:37	1SA.26.25	1
17:37	PSA.11.1	0
17:39	2CO.10.4-2CO.10.5	5
17:39	HOS.1.7	4
17:39	ZEC.4.6	4
17:40	1CO.1.27-1CO.1.29	7
17:40	JDG.15.15-JDG.15.16	2
17:40	JDG.20.16	2
17:40	MAT.10.10	2
17:40	JDG.3.31	1
17:40	JDG.7.16-JDG.7.20	1
17:42	1SA.16.12	5
17:42	1SA.17.33	3
17:42	PSA.123.3-PSA.123.4	3
17:42	PRO.16.18	2
17:42	2CO.11.27-2CO.11.29	2
17:42	1KI.20.18	1
17:42	2KI.18.23-2KI.18.24	1
17:42	NEH.4.2-NEH.4.4	1
17:43	1SA.24.14	5
17:43	2SA.3.8	5
17:43	2SA.9.8	5
17:43	GEN.27.29	4
17:43	2SA.16.9	4
17:43	2KI.8.13	4
17:43	PRO.26.2	4
17:43	NUM.22.6	3
17:43	JDG.9.27	2
17:43	NUM.22.11-NUM.22.12	1
17:44	1KI.20.10-1KI.20.11	2
17:44	PRO.18.12	2
17:44	EZK.28.9-EZK.28.10	2
17:44	1SA.17.46	1
17:44	ECC.9.11-ECC.9.12	1
17:44	JER.9.23	1
17:44	EZK.28.2	1
17:44	EZK.39.17-EZK.39.20	1
17:45	2CO.10.4	28
17:45	2CH.32.8	25
17:45	2CO.3.5	24
17:45	PHP.4.13	23
17:45	PSA.18.2	21
17:45	PSA.124.8-PSA.125.1	17
17:45	2SA.22.33-2SA.22.35	16
17:45	1SA.17.36	14
17:45	PSA.20.5-PSA.20.7	14
17:45	ISA.37.23	13
17:45	1SA.17.10	12
17:45	PSA.118.10-PSA.118.11	12
17:45	PSA.3.8	11
17:45	HEB.11.32-HEB.11.34	10
17:45	PSA.44.6	9
17:45	PRO.18.10	9
17:45	1SA.17.26	8
17:45	ISA.37.28	7
17:46	ISA.52.10	16
17:46	JOS.4.24	13
17:46	2KI.19.19	12
17:46	1KI.8.43	9
17:46	DEU.28.26	8
17:46	DAN.6.26-DAN.6.27	7
17:46	EXO.9.16	6
17:46	DAN.2.47	6
17:46	REV.19.17-REV.19.18	6
17:46	DAN.3.29	5
17:46	DEU.7.2	4
17:46	DEU.7.23	4
17:46	DEU.9.2-DEU.9.3	4
17:46	1SA.17.44	4
17:46	1KI.18.36-1KI.18.37	4
17:46	PSA.46.10	4
17:46	ISA.37.20	4
17:46	MAT.24.28	4
17:46	PSA.31.8	3
17:46	ISA.56.9	3
17:46	EXO.15.14-EXO.15.15	2
17:46	JOS.10.8	2
17:47	PSA.44.6-PSA.44.7	22
17:47	ZEC.4.6	17
17:47	HOS.1.7	14
17:47	PRO.21.30-PRO.21.31	10
17:47	1SA.14.6	9
17:47	2CH.20.15-2CH.20.17	8
17:47	ROM.8.31	8
17:47	2CH.14.11	7
17:47	ROM.8.37	6
17:47	PSA.33.16-PSA.33.17	4
17:47	PSA.46.11	4
17:47	ISA.9.7	4
17:48	PSA.27.1	2
17:48	PRO.28.1	2
17:49	1CO.1.27-1CO.1.28	5
17:49	1KI.22.34	2
17:49	2KI.9.24	2
17:50	JDG.15.15	4
17:50	1SA.17.39	3
17:50	1SA.21.9	3
17:50	1SA.23.21	3
17:50	JDG.3.31	2
17:50	1SA.13.22	2
17:51	1SA.21.9	6
17:51	HEB.11.34	6
17:51	2SA.23.21	4
17:51	EST.7.10	1
17:51	PSA.7.15-PSA.7.16	1
17:51	HEB.2.14	1
17:52	JOS.15.11	3
17:52	JOS.15.33-JOS.15.36	2
17:52	JOS.15.45-JOS.15.46	2
17:52	JDG.7.23	2
17:52	1SA.14.21-1SA.14.22	2
17:52	2SA.23.10	2
17:53	2KI.7.7-2KI.7.16	2
17:53	JER.4.20	2
17:53	JER.30.16	2
17:54	EXO.16.33	2
17:54	JOS.4.7-JOS.4.8	1
17:54	1SA.21.9	1
17:55	1SA.16.21-1SA.16.22	4
17:55	1SA.17.58	2
17:57	1SA.17.54	2
17:58	1SA.17.12	5
17:58	1SA.16.18-1SA.16.19	2
18:1	PRO.18.24	14
18:1	1SA.20.17	13
18:1	1SA.18.3	10
18:1	2SA.1.26	10
18:1	COL.2.2	9
18:1	GEN.44.30	7
18:1	DEU.13.6	5
18:1	1SA.19.2	5
18:1	JDG.20.11	4
18:1	1CH.12.17	4
18:1	1SA.14.1-1SA.14.14	3
18:1	1SA.14.45	3
18:1	PSA.86.11	3
18:2	1SA.17.15	4
18:2	1SA.16.21-1SA.16.23	2
18:3	1SA.20.8-1SA.20.17	6
18:3	1SA.20.42	6
18:3	2SA.21.7	5
18:3	2SA.9.1-2SA.9.3	4
18:3	1SA.23.18	3
18:4	GEN.41.42	5
18:4	EST.6.8-EST.6.9	4
18:4	ISA.61.10	4
18:4	LUK.15.22	4
18:4	2CO.5.21	3
18:4	PHP.2.7-PHP.2.8	3
18:5	1SA.18.30	7
18:5	1SA.18.14-1SA.18.15	6
18:5	COL.4.5	5
18:5	ACT.7.10	4
18:5	EPH.5.17	4
18:5	1SA.13.2	3
18:5	PSA.1.3	3
18:5	MAT.10.16	3
18:5	GEN.39.2-GEN.39.3	2
18:5	GEN.39.23	2
18:5	1SA.14.52	1
18:6	EXO.15.20	5
18:6	JDG.11.34	5
18:6	PSA.68.25	4
18:6	JER.31.11-JER.31.13	2
18:7	1SA.21.11	7
18:7	EXO.15.21	6
18:7	1SA.29.5	6
18:7	PSA.24.7-PSA.24.8	3
18:8	1SA.15.28	6
18:8	PRO.13.10	5
18:8	1SA.20.31	4
18:8	EST.3.5	4
18:8	JAS.4.5	4
18:8	PRO.27.4	3
18:8	NUM.11.1	2
18:8	NUM.22.34	2
18:8	1SA.13.14	2
18:8	1SA.16.13	2
18:8	1KI.2.22	2
18:8	ECC.4.4	2
18:9	GEN.4.5-GEN.4.6	2
18:9	GEN.31.2	2
18:9	MAT.20.15	2
18:9	MRK.7.22	2
18:9	EPH.4.27	2
18:9	JAS.5.9	2
18:10	2TH.2.11	6
18:10	1SA.19.9	5
18:10	1KI.18.29	5
18:10	1SA.16.14-1SA.16.16	3
18:10	1SA.16.23	3
18:10	1KI.22.20-1KI.22.23	3
18:10	ACT.16.16	3
18:10	1SA.19.23-1SA.19.24	2
18:10	1SA.26.19	2
18:10	1KI.22.12	2
18:10	JER.28.2-JER.28.4	2
18:10	JER.28.11	2
18:10	ZEC.13.2-ZEC.13.5	2
18:11	1SA.20.33	7
18:11	ISA.54.17	5
18:11	PSA.37.32-PSA.37.33	3
18:11	LUK.4.30	3
18:11	JHN.8.59	3
18:11	JHN.10.39	3
18:11	PRO.27.4	2
18:11	1SA.19.9-1SA.19.10	1
18:12	1SA.18.15	8
18:12	1SA.18.29	6
18:12	1SA.16.13-1SA.16.14	5
18:12	1SA.28.15	5
18:12	1SA.16.18	4
18:12	ACT.7.9	3
18:12	ACT.24.25	3
18:12	1SA.16.4	2
18:12	1SA.18.20	2
18:12	1SA.22.13	2
18:12	PSA.48.3-PSA.48.6	2
18:12	PSA.51.11	2
18:12	PSA.53.5	2
18:12	HOS.9.12	2
18:12	MAT.25.41	2
18:12	MRK.6.20	2
18:12	LUK.8.37	2
18:13	2SA.5.2	6
18:13	PSA.121.8	3
18:13	NUM.27.16-NUM.27.17	2
18:13	1SA.8.12	2
18:13	1SA.18.16-1SA.18.17	2
18:13	1SA.18.25	2
18:13	1SA.22.7	2
18:14	GEN.39.23	12
18:14	JOS.6.27	9
18:14	1SA.16.18	9
18:14	MAT.28.20	9
18:14	GEN.39.2-GEN.39.3	8
18:14	1SA.10.7	6
18:14	MAT.1.23	6
18:14	ACT.18.10	6
18:15	PSA.112.5	2
18:15	DAN.6.4-DAN.6.5	2
18:15	COL.4.5	2
18:15	JAS.1.5	2
18:15	JAS.3.17	2
18:16	1SA.18.5	5
18:16	NUM.27.17	2
18:16	2SA.5.2	2
18:16	1KI.3.7	2
18:16	LUK.19.48	2
18:16	LUK.20.19	2
18:17	1SA.17.25	5
18:17	1SA.18.25	5
18:17	1SA.25.28	5
18:17	1SA.18.21	4
18:17	1SA.17.47	3
18:17	NUM.21.14	2
18:17	NUM.32.20	2
18:17	NUM.32.27	2
18:17	NUM.32.29	2
18:17	DEU.17.7	2
18:17	2SA.11.15	2
18:17	2SA.12.9	2
18:17	PSA.12.2	2
18:17	PSA.55.21	2
18:18	2SA.7.18	6
18:18	1SA.9.21	5
18:18	1SA.18.23	5
18:18	EXO.3.11	3
18:18	RUT.2.10	3
18:18	PRO.15.33	2
18:18	PRO.18.12	2
18:18	JER.1.6	2
18:19	JDG.7.22	5
18:19	2SA.21.8	5
18:19	JDG.14.20	2
18:20	1SA.18.28	3
18:21	1SA.18.17	5
18:21	EXO.10.7	3
18:21	1SA.18.26	3
18:21	1SA.19.11-1SA.19.12	3
18:21	JER.9.8	3
18:21	PSA.7.14-PSA.7.16	2
18:21	PSA.38.12	2
18:21	PRO.26.24-PRO.26.26	2
18:21	PRO.29.5	2
18:21	JER.5.26	2
18:22	2SA.13.28-2SA.13.29	2
18:22	PSA.36.1-PSA.36.3	2
18:22	PSA.55.21	2
18:22	PRO.29.12	1
18:23	1SA.9.21	2
18:23	PSA.119.141	2
18:23	PRO.14.20	2
18:23	PRO.19.6-PRO.19.7	2
18:23	ECC.9.15-ECC.9.16	2
18:23	1JN.3.1	2
18:25	GEN.34.12	5
18:25	1SA.14.24	5
18:25	1SA.18.17	5
18:25	GEN.17.11-GEN.17.14	2
18:25	GEN.29.18	2
18:25	EXO.22.16-EXO.22.17	2
18:25	JOS.5.3	2
18:25	1SA.17.26	2
18:25	1SA.17.36	2
18:25	2SA.17.8-2SA.17.11	2
18:26	1SA.18.21	2
18:27	2SA.3.14	5
18:27	JDG.14.19	2
18:27	1SA.18.13	2
18:28	GEN.30.27	2
18:28	GEN.37.8-GEN.37.11	2
18:28	GEN.39.3	2
18:28	1SA.24.20	2
18:28	1SA.26.25	2
18:28	REV.3.9	2
18:29	ECC.4.4	3
18:29	GEN.4.4-GEN.4.8	2
18:29	1SA.18.12	2
18:29	1SA.18.15	2
18:29	PSA.37.12-PSA.37.14	2
18:29	JHN.11.53	2
18:29	JAS.2.19	2
18:29	1JN.3.12-1JN.3.15	2
18:30	1SA.18.5	6
18:30	2SA.11.1	6
18:30	1SA.2.30	3
18:30	PSA.119.99	3
18:30	DAN.1.20	3
18:30	LUK.21.15	3
18:30	EPH.5.15	3
18:30	1PE.2.4	3
18:30	1PE.2.7	3
18:30	1SA.26.21	2
18:30	2KI.1.13	2
18:30	PSA.116.15	2
19:1	1SA.18.1	3
19:1	1SA.18.9	1
19:2	PRO.17.17	4
19:2	ACT.9.24	3
19:2	1SA.18.1-1SA.18.3	2
19:2	1SA.20.2	2
19:2	PSA.16.3	2
19:2	ACT.23.16	2
19:2	1JN.3.12-1JN.3.14	2
19:2	JHN.15.17-JHN.15.19	1
19:3	1SA.20.9	3
19:3	1SA.20.13	3
19:4	JER.18.20	7
19:4	GEN.42.22	6
19:4	PRO.31.8-PRO.31.9	6
19:4	1SA.20.32	5
19:4	PRO.17.13	5
19:4	1SA.22.14	3
19:4	PSA.35.12	3
19:4	PSA.109.4-PSA.109.5	3
19:4	GEN.9.6	2
19:4	1SA.2.25	2
19:4	2CH.6.22	2
19:4	1CO.8.12	2
19:4	PRO.24.11-PRO.24.12	1
19:4	1JN.3.15	1
19:5	1SA.11.13	7
19:5	1CH.11.14	7
19:5	JDG.9.17	6
19:5	1SA.20.32	6
19:5	MAT.27.4	6
19:5	1SA.28.21	5
19:5	PSA.119.109	5
19:5	ACT.20.24	5
19:5	JER.26.15	4
19:5	MAT.27.24	4
19:5	JHN.15.25	4
19:5	PHP.2.30	4
19:5	DEU.19.10-DEU.19.13	3
19:5	JDG.12.3	3
19:5	1SA.14.45	3
19:5	1SA.17.49-1SA.17.53	3
19:5	PSA.69.4	3
19:5	EXO.14.13	2
19:5	HEB.2.3	2
19:5	PSA.25.3	1
19:6	PRO.26.24-PRO.26.25	5
19:6	JER.5.2	3
19:6	1SA.14.39	2
19:6	1SA.19.10-1SA.19.11	2
19:6	1SA.28.10	2
19:6	PSA.15.4	2
19:7	1SA.16.21	5
19:7	1SA.18.2	5
19:7	1SA.18.13	5
19:7	1SA.18.10	3
19:7	GEN.31.2	2
19:7	EXO.4.10	2
19:7	1CH.11.2	2
19:7	ISA.30.33	2
19:8	PSA.18.32-PSA.18.50	2
19:8	PSA.27.3	2
19:9	1SA.16.14	6
19:9	1SA.16.16	4
19:9	1SA.18.10-1SA.18.11	4
19:10	1SA.18.11	4
19:10	1SA.20.33	4
19:10	PRO.21.30	3
19:10	1SA.19.6	2
19:10	JOB.5.14-JOB.5.15	2
19:10	PSA.18.17	2
19:10	PSA.34.19	2
19:10	PSA.124.7	2
19:10	ISA.54.17	2
19:10	HOS.6.4	2
19:10	MAT.10.23	2
19:10	MAT.12.43-MAT.12.45	2
19:10	LUK.4.30	2
19:10	LUK.11.24-LUK.11.26	2
19:10	JHN.10.39	2
19:10	2PE.2.20-2PE.2.22	2
19:11	PSA.59.1-PSA.59.17	5
19:11	JDG.16.2	3
19:12	JOS.2.15	5
19:12	ACT.9.24-ACT.9.25	4
19:12	2CO.11.32-2CO.11.33	4
19:12	PSA.34.19	3
19:13	GEN.31.19	4
19:13	JDG.18.14	3
19:13	JDG.18.17	3
19:13	JDG.17.5	2
19:13	HOS.3.4	2
19:14	JOS.2.5	3
19:14	2SA.16.17-2SA.16.19	2
19:14	2SA.17.20	2
19:15	1SA.19.6	2
19:15	JOB.31.31	2
19:15	PSA.37.12	2
19:15	PRO.27.3-PRO.27.4	2
19:15	ROM.3.15	2
19:17	2SA.2.22	4
19:17	EXO.1.17-EXO.1.19	2
19:17	1SA.19.14	2
19:17	1SA.22.17	2
19:17	1SA.28.12	2
19:17	2SA.17.20	2
19:17	1KI.21.20	2
19:17	MAT.2.16	2
19:17	GAL.4.16	2
19:18	1SA.7.17	4
19:18	1SA.15.34	2
19:18	1SA.28.3	2
19:18	PSA.116.11	2
19:18	JAS.5.16	2
19:19	1SA.22.9-1SA.22.10	2
19:19	1SA.23.19	2
19:19	1SA.26.1	2
19:19	PRO.29.12	2
19:20	JOL.2.28	8
19:20	1SA.10.5-1SA.10.6	6
19:20	JHN.7.32	6
19:20	1CO.14.24-1CO.14.25	5
19:20	1SA.10.10	4
19:20	1CO.14.3	4
19:20	NUM.11.25-NUM.11.26	3
19:20	1SA.19.11	3
19:20	1SA.19.14	3
19:20	JHN.7.45-JHN.7.52	3
19:21	2KI.1.9-2KI.1.13	2
19:21	PRO.27.22	2
19:21	JER.13.23	2
19:21	JOL.2.28	2
19:23	PRO.16.9	6
19:23	1SA.10.10	5
19:23	NUM.24.2	3
19:23	1SA.19.20	3
19:23	NUM.23.5	2
19:23	PRO.21.1	2
19:23	MAT.7.22	2
19:23	JHN.11.51	2
19:23	1CO.13.2	2
19:24	1SA.10.10-1SA.10.12	6
19:24	2SA.6.20	6
19:24	ISA.20.2	6
19:24	MIC.1.8	6
19:24	NUM.24.4	3
19:24	2SA.6.14	3
19:24	ACT.9.21	2
20:1	2PE.2.9	4
20:1	2CO.1.12	3
20:1	1JN.3.21	3
20:1	1SA.12.3	2
20:1	1SA.19.19-1SA.19.24	2
20:1	1SA.23.26-1SA.23.28	2
20:1	1SA.24.9	2
20:1	1SA.24.11	2
20:1	1SA.24.17	2
20:1	PSA.7.3-PSA.7.5	2
20:1	PSA.18.20-PSA.18.24	2
20:1	PSA.124.6-PSA.124.8	2
20:2	1SA.9.15	5
20:2	JHN.17.8	5
20:2	GEN.44.7	4
20:2	JOS.22.29	3
20:2	JOS.24.16	3
20:2	1SA.14.45	3
20:2	1SA.20.12	3
20:2	ISA.50.5	3
20:2	PSA.40.6	2
20:2	LUK.20.16	2
20:2	JHN.15.15	2
20:3	DEU.6.13	4
20:3	1SA.25.26	4
20:3	1SA.27.1	4
20:3	2KI.2.6	4
20:3	1SA.1.26	3
20:3	2KI.2.2	3
20:3	2KI.2.4	3
20:3	DEU.28.66	2
20:3	1SA.17.55	2
20:3	2SA.15.21	2
20:3	PSA.116.3	2
20:3	JER.4.2	2
20:3	JER.38.16	2
20:3	1CO.15.30-1CO.15.31	2
20:3	2CO.1.9-2CO.1.10	2
20:3	HEB.6.16	2
20:5	NUM.10.10	6
20:5	NUM.28.11	5
20:5	1SA.19.2	5
20:5	PSA.81.3	3
20:5	1SA.20.6	2
20:5	1SA.20.19	2
20:5	PSA.55.12	2
20:5	PRO.22.3	2
20:5	JHN.8.59	2
20:5	ACT.17.14	2
20:5	COL.2.16	2
20:5	2KI.4.23	1
20:6	1SA.9.12	4
20:6	1SA.17.58	4
20:6	DEU.12.5	2
20:6	1SA.16.2-1SA.16.5	2
20:6	JHN.7.42	2
20:7	1SA.25.17	4
20:7	EST.7.7	3
20:7	DEU.1.23	2
20:7	1SA.20.9	2
20:7	2SA.17.4	2
20:8	1SA.18.3	6
20:8	2SA.14.32	6
20:8	1SA.23.18	5
20:8	1SA.20.16	3
20:8	1CH.12.17	3
20:8	GEN.24.49	2
20:8	GEN.47.29	2
20:8	JOS.2.14	2
20:8	JOS.22.22	2
20:8	RUT.1.8	2
20:8	PRO.3.3	2
20:8	ACT.25.11	2
20:8	PSA.7.4-PSA.7.5	1
20:8	PSA.116.11	1
20:9	1SA.19.2	2
20:9	1SA.20.38	2
20:9	1SA.20.42	2
20:10	GEN.42.7	2
20:10	GEN.42.30	2
20:10	1SA.20.30-1SA.20.34	2
20:10	1SA.25.10	2
20:10	1SA.25.14	2
20:10	1SA.25.17	2
20:10	1KI.12.13	2
20:10	PRO.18.23	2
20:12	JOS.22.22	2
20:12	JOB.31.4	2
20:12	PSA.17.3	2
20:12	PSA.139.1-PSA.139.4	2
20:12	PRO.20.5	2
20:12	PRO.25.2-PRO.25.3	2
20:13	JOS.1.5	5
20:13	RUT.1.17	5
20:13	1SA.17.37	5
20:13	1CH.22.11	5
20:13	1CH.22.16	5
20:13	1SA.3.17	4
20:13	1SA.10.7	2
20:13	1SA.11.6-1SA.11.13	2
20:13	1SA.14.47	2
20:13	1SA.18.12	2
20:13	1SA.25.22	2
20:13	2SA.3.35	2
20:13	2SA.7.15	2
20:13	2SA.19.13	2
20:13	1KI.19.2	2
20:13	1KI.20.10	2
20:13	MAT.28.20	2
20:13	PHP.4.9	2
20:14	2SA.9.3	6
20:14	EPH.5.1-EPH.5.2	3
20:15	2SA.21.7	3
20:15	1SA.24.21	2
20:15	2SA.9.1-2SA.9.7	2
20:16	1SA.25.22	5
20:16	1SA.18.3	3
20:16	GEN.15.18	2
20:16	1SA.31.2	2
20:16	2SA.4.7-2SA.4.8	2
20:16	2SA.21.8	2
20:17	PRO.18.24	6
20:17	1SA.18.1	4
20:17	1SA.18.3	4
20:17	2SA.1.26	3
20:17	DEU.13.6	2
20:18	1SA.20.5	4
20:18	1SA.20.25	4
20:19	1SA.19.2	4
20:19	1SA.20.5	2
20:21	JER.4.2	2
20:21	JER.5.2	2
20:21	JER.12.16	2
20:21	AMO.8.14	2
20:22	1SA.20.37	3
20:23	1SA.20.14-1SA.20.15	5
20:23	1SA.20.42	5
20:23	GEN.31.50	4
20:23	GEN.16.5	3
20:24	PSA.50.16-PSA.50.21	2
20:24	PRO.4.17	2
20:24	PRO.15.17	2
20:24	PRO.17.1	2
20:24	PRO.21.3	2
20:24	ISA.1.11-ISA.1.15	2
20:24	PRO.21.27	1
20:24	ZEC.7.6	1
20:24	JHN.18.28	1
20:25	1SA.20.18	4
20:25	JDG.16.20	2
20:26	LEV.15.5	4
20:26	LEV.11.24	3
20:26	LEV.11.27	3
20:26	LEV.7.20-LEV.7.21	2
20:26	LEV.11.31	2
20:26	LEV.11.40	2
20:26	LEV.15.16-LEV.15.17	2
20:26	LEV.15.19-LEV.15.21	2
20:26	NUM.19.16	2
20:26	1SA.16.5	2
20:27	1SA.19.15	3
20:27	1SA.18.11	2
20:27	1SA.19.9-1SA.19.10	2
20:27	1SA.22.7-1SA.22.9	2
20:27	1SA.22.13-1SA.22.14	2
20:27	1SA.25.10	2
20:27	ISA.11.1-ISA.11.2	2
20:27	MAT.13.55	2
20:27	1PE.2.4	2
20:28	1SA.20.6	3
20:29	1SA.17.28	2
20:30	PRO.21.24	4
20:30	JAS.1.19-JAS.1.20	3
20:30	JOB.5.2	2
20:30	PRO.14.29	2
20:30	PRO.15.2	2
20:30	PRO.19.12	2
20:30	PRO.19.19	2
20:30	PRO.25.28	2
20:30	PRO.27.3	2
20:30	MAT.5.22	2
20:30	EPH.4.31	2
20:30	EPH.6.4	2
20:31	1SA.19.6	3
20:31	1SA.20.8	3
20:31	1SA.19.11-1SA.19.15	2
20:31	1SA.26.16	2
20:31	2SA.19.28	2
20:31	PSA.79.11	2
20:32	MAT.27.23	6
20:32	1SA.19.5	4
20:32	GEN.31.36	3
20:32	LUK.23.22	3
20:32	1SA.18.11	2
20:32	1SA.19.10-1SA.19.11	2
20:32	1SA.20.7	2
20:32	PRO.22.24	2
20:32	PRO.24.11-PRO.24.12	2
20:32	PRO.31.8-PRO.31.9	2
20:32	ECC.7.9	2
20:32	ECC.9.3	2
20:32	JER.17.9	2
20:32	JHN.7.51	2
20:33	1SA.18.11	3
20:33	1SA.20.7	3
20:33	1SA.19.10	2
20:34	ECC.7.20	2
20:34	MRK.3.5	2
20:34	EPH.4.26	2
20:35	1SA.20.19	2
20:35	2SA.20.5	2
20:36	1SA.20.20-1SA.20.22	2
20:37	1SA.20.22	3
20:38	PSA.55.6-PSA.55.9	2
20:38	PRO.6.4-PRO.6.5	2
20:38	MAT.24.16-MAT.24.18	2
20:38	MRK.13.14-MRK.13.16	2
20:38	LUK.17.31-LUK.17.32	2
20:41	GEN.29.11	3
20:41	1SA.18.3	3
20:41	GEN.29.13	2
20:41	GEN.43.28	2
20:41	GEN.45.15	2
20:41	1SA.10.1	2
20:41	1SA.25.23	2
20:41	2SA.1.26	2
20:41	2SA.9.6	2
20:41	2SA.19.39	2
20:41	ACT.20.37	2
20:42	1SA.1.17	5
20:42	1SA.23.18	4
20:42	1SA.20.22-1SA.20.23	3
20:42	NUM.6.26	2
20:42	1SA.20.15	2
20:42	LUK.7.50	2
20:42	ACT.16.36	2
21:1	NEH.11.32	6
21:1	MRK.2.26	6
21:1	1SA.14.3	5
21:1	1SA.16.4	5
21:1	ISA.10.32	5
21:1	1SA.22.9-1SA.22.19	2
21:2	GAL.2.12	3
21:2	COL.3.9	3
21:2	GEN.27.20	1
21:2	GEN.27.24	1
21:2	1SA.19.17	1
21:2	1SA.22.22	1
21:2	1KI.13.18	1
21:2	PSA.119.29	0
21:3	JDG.9.29	2
21:3	1SA.21.4	2
21:3	ISA.3.6	2
21:4	MAT.12.3-MAT.12.4	7
21:4	EXO.19.15	6
21:4	EXO.25.30	5
21:4	LEV.24.5-LEV.24.9	3
21:4	1SA.21.6	3
21:4	ZEC.7.3	3
21:4	1CO.7.5	3
21:5	LEV.8.26	2
21:5	LEV.24.9	2
21:5	ACT.9.15	2
21:5	1TH.4.3-1TH.4.4	2
21:5	2TI.2.20-2TI.2.21	2
21:5	1PE.3.17	1
21:6	LUK.6.3-LUK.6.4	10
21:6	LEV.24.5-LEV.24.9	7
21:6	MAT.12.3-MAT.12.4	7
21:6	MRK.2.25-MRK.2.27	6
21:7	1SA.22.9	5
21:7	PSA.52.1-PSA.52.9	4
21:7	1CH.27.29	3
21:7	GEN.13.7-GEN.13.8	2
21:7	GEN.26.20	2
21:7	1SA.11.5	2
21:7	1SA.14.47	2
21:7	2CH.26.10	2
21:7	JER.7.9-JER.7.11	2
21:7	EZK.33.31	2
21:7	AMO.8.5	2
21:7	MAT.15.8	2
21:7	ACT.21.26-ACT.21.27	2
21:9	1SA.17.2	5
21:9	EXO.28.6-EXO.28.14	2
21:9	1SA.17.50-1SA.17.54	2
21:9	1SA.31.10	2
21:10	1SA.27.1-1SA.27.2	2
21:10	1KI.19.3	2
21:10	PSA.34.1-PSA.34.22	2
21:10	JER.26.21	2
21:11	1SA.29.5	7
21:11	PSA.56.1-PSA.56.13	4
21:11	1SA.16.1	3
21:11	1SA.18.7-1SA.18.8	2
21:12	PSA.56.3	4
21:12	LUK.2.19	4
21:12	PSA.34.4	3
21:12	GEN.12.11-GEN.12.13	2
21:12	GEN.26.7	2
21:12	1SA.21.10	2
21:12	PSA.119.11	2
21:12	LUK.2.51	2
21:13	PRO.29.25	8
21:13	ECC.7.7	5
21:13	PSA.34.1-PSA.34.22	3
21:14	ECC.7.7	2
22:1	PSA.57.1-PSA.57.11	5
22:1	1CH.11.15	4
22:1	PSA.34.1	4
22:1	PSA.142.1-PSA.142.7	4
22:1	JOS.12.15	3
22:1	HEB.11.38	3
22:1	1SA.21.10-1SA.21.15	2
22:1	2SA.23.13-2SA.23.14	2
22:1	MIC.1.3	2
22:1	MIC.1.15	2
22:1	JOS.15.35	1
22:2	MAT.11.28	7
22:2	PSA.72.12-PSA.72.14	6
22:2	1SA.1.10	5
22:2	1SA.25.13	5
22:2	1SA.30.6	5
22:2	1SA.30.22-1SA.30.24	5
22:2	1SA.25.15-1SA.25.16	4
22:2	JDG.11.3	3
22:2	1SA.9.16	3
22:2	1SA.23.13	3
22:2	MAT.18.25-MAT.18.34	3
22:2	JDG.18.25	2
22:2	2SA.5.2	2
22:2	2SA.17.8	2
22:2	2KI.20.5	2
22:2	1CH.11.15-1CH.11.19	2
22:2	PRO.31.6	2
22:2	MAT.9.12-MAT.9.13	2
22:2	MAT.11.12	2
22:2	HEB.2.10	2
22:3	GEN.47.11	2
22:3	EXO.20.12	2
22:3	JDG.11.29	2
22:3	RUT.1.1-RUT.1.4	2
22:3	RUT.4.10	2
22:3	RUT.4.17	2
22:3	1SA.3.18	2
22:3	1SA.14.47	2
22:3	2SA.15.25-2SA.15.26	2
22:3	MAT.15.4-MAT.15.6	2
22:3	PHP.2.23-PHP.2.24	2
22:3	1TI.5.4	1
22:4	PSA.11.1	3
22:4	1SA.23.1-1SA.23.6	2
22:4	2SA.23.13-2SA.23.14	2
22:4	2SA.24.11	2
22:4	1CH.12.16	2
22:4	1CH.21.9	2
22:4	1CH.29.29	2
22:4	2CH.29.25	2
22:4	NEH.6.11	2
22:4	ISA.8.12-ISA.8.14	2
22:4	MAT.10.23	2
22:5	1CH.21.9	2
22:5	1CH.29.29	2
22:5	2CH.29.25	2
22:5	2SA.24.11	1
22:6	GEN.21.33	2
22:6	JDG.4.5	2
22:6	1SA.18.10	2
22:6	1SA.19.9	2
22:6	1SA.20.33	2
22:7	1SA.8.14-1SA.8.15	3
22:7	1KI.12.16	3
22:7	1SA.8.11-1SA.8.12	2
22:7	1SA.18.14	2
22:7	1SA.20.27	2
22:7	1SA.20.30	2
22:7	1SA.22.9	2
22:7	1SA.22.13	2
22:7	1SA.25.10	2
22:7	2SA.20.1	2
22:7	ISA.11.1	2
22:7	ISA.11.10	2
22:8	1SA.18.3	4
22:8	1SA.23.21	3
22:8	1SA.20.2	2
22:8	1SA.20.8	2
22:8	1SA.20.13-1SA.20.17	2
22:8	1SA.20.30-1SA.20.34	2
22:8	1SA.20.42	2
22:8	1SA.23.16-1SA.23.18	2
22:8	JOB.33.16	2
22:9	PSA.52.1-PSA.52.9	3
22:9	1SA.14.3	2
22:9	1SA.21.1-1SA.21.15	2
22:9	PRO.19.5	2
22:9	PRO.29.12	2
22:9	EZK.22.9	2
22:9	MAT.26.59-MAT.26.61	2
22:10	NUM.27.21	5
22:10	1SA.23.2	3
22:10	1SA.23.4	3
22:10	1SA.30.8	3
22:10	1SA.10.22	2
22:10	1SA.21.6-1SA.21.9	2
22:10	1SA.22.13	2
22:10	1SA.22.15	2
22:10	1SA.23.12	2
22:11	ROM.3.15	2
22:12	1SA.22.7	2
22:12	1SA.22.13	2
22:12	2SA.9.6	2
22:12	ISA.65.1	2
22:13	1SA.22.8	5
22:13	PSA.119.69	2
22:13	AMO.7.10	2
22:13	LUK.23.2-LUK.23.5	2
22:14	1SA.19.4-1SA.19.5	3
22:14	1SA.20.32	3
22:14	1SA.17.25	2
22:14	1SA.18.13	2
22:14	1SA.18.27	2
22:14	1SA.21.2	2
22:14	1SA.22.13	2
22:14	1SA.24.11	2
22:14	1SA.26.23	2
22:14	2SA.22.23-2SA.22.25	2
22:14	PRO.24.11-PRO.24.12	2
22:14	PRO.31.8-PRO.31.9	2
22:15	1SA.25.36	3
22:15	1PE.3.16-1PE.3.17	3
22:15	GEN.20.5-GEN.20.6	2
22:15	2SA.15.11	2
22:15	2CO.1.12	2
22:16	PRO.28.15	3
22:16	DEU.24.16	2
22:16	1SA.14.44	2
22:16	1SA.20.31	2
22:16	1KI.18.4	2
22:16	1KI.19.2	2
22:16	EST.3.6	2
22:16	DAN.2.5	2
22:16	DAN.2.12	2
22:16	DAN.3.19-DAN.3.20	2
22:16	MAT.2.16	2
22:16	ACT.12.19	2
22:17	EXO.1.17	5
22:17	1SA.14.45	3
22:17	2KI.1.13-2KI.1.14	2
22:17	1SA.8.11	1
22:17	1SA.20.33	1
22:17	1SA.22.13	1
22:17	1SA.25.17	1
22:17	2SA.15.1	1
22:17	1KI.1.5	1
22:17	1KI.18.4	1
22:17	2KI.10.25	1
22:17	ACT.4.19	1
22:18	ACT.26.10-ACT.26.11	3
22:18	EXO.28.40	2
22:18	1SA.2.18	2
22:18	1SA.2.28	2
22:18	1SA.2.36	2
22:18	1SA.3.12-1SA.3.14	2
22:18	2CH.24.21	2
22:18	HOS.5.11	2
22:18	HOS.7.3	2
22:18	MIC.6.16	2
22:18	ZEP.3.3	2
22:18	1SA.2.30-1SA.2.33	1
22:19	1SA.15.3	5
22:19	JAS.2.13	3
22:19	JOS.6.17	2
22:19	JOS.6.21	2
22:19	1SA.15.9	2
22:19	1SA.21.1	2
22:19	1SA.22.9	2
22:19	1SA.22.11	2
22:19	NEH.11.32	2
22:19	ISA.10.32	2
22:19	HOS.10.14	2
22:20	1SA.23.6	7
22:20	1SA.30.7	5
22:20	1SA.2.33	4
22:20	1SA.23.9	4
22:20	1KI.2.26-1KI.2.27	4
22:20	1SA.4.12	3
22:20	JOB.1.19	3
22:20	2SA.20.25	2
22:20	JOB.1.15-JOB.1.17	2
22:22	1SA.21.1-1SA.21.9	2
22:22	PSA.44.22	1
22:23	JHN.10.28-JHN.10.30	8
22:23	1KI.2.26	7
22:23	HEB.12.1-HEB.12.3	6
22:23	JHN.18.9	5
22:23	JHN.15.20	3
22:23	MAT.24.9	2
22:23	JHN.17.12	2
22:23	JHN.16.2-JHN.16.3	1
23:1	JOS.15.44	6
23:1	NEH.3.17-NEH.3.18	3
23:1	MIC.6.15	3
23:1	LEV.26.16	2
23:1	DEU.28.33	2
23:1	DEU.28.51	2
23:1	JDG.6.4	2
23:1	JDG.6.11	1
23:2	1SA.23.4	9
23:2	2SA.5.19	7
23:2	2SA.5.23	7
23:2	JOS.9.14	5
23:2	1SA.23.6	5
23:2	1SA.23.9-1SA.23.12	5
23:2	1SA.30.8	5
23:2	JER.10.23	5
23:2	NUM.27.21	4
23:2	JDG.1.1	4
23:2	1CH.14.10	4
23:2	PSA.32.8	4
23:2	PRO.3.5-PRO.3.6	4
23:3	1SA.23.15	2
23:3	1SA.23.23	2
23:3	1SA.23.26	2
23:3	PSA.11.1	2
23:3	JER.12.5	2
23:4	JDG.7.7	5
23:4	JOS.8.7	4
23:4	JDG.6.39	2
23:4	1SA.28.6	2
23:4	2SA.5.19	2
23:4	2KI.3.18	2
23:6	1SA.22.20	5
23:6	EXO.28.30-EXO.28.31	2
23:6	1SA.14.3	2
23:6	1SA.14.18	2
23:6	1SA.14.36-1SA.14.37	2
23:7	1SA.24.4-1SA.24.6	4
23:7	1SA.23.14	3
23:7	1SA.26.8-1SA.26.9	3
23:7	JOB.20.5	3
23:7	PSA.71.10-PSA.71.11	3
23:7	EXO.14.3	2
23:7	EXO.15.9	2
23:7	JDG.16.2-JDG.16.3	2
23:7	LUK.19.43-LUK.19.44	1
23:9	1SA.30.7	6
23:9	1SA.23.6	5
23:9	NUM.27.21	3
23:9	1SA.14.18	2
23:9	1SA.22.20	2
23:9	JER.11.18-JER.11.19	2
23:9	JER.33.3	2
23:9	ACT.9.24	2
23:9	ACT.14.6	1
23:9	ACT.23.16-ACT.23.18	1
23:10	GEN.18.24	2
23:10	1SA.22.19	2
23:10	1SA.23.8	2
23:10	EST.3.6	2
23:10	PRO.28.15	2
23:10	ROM.3.15-ROM.3.16	2
23:11	PSA.50.15	2
23:11	JER.33.3	2
23:11	MAT.7.7-MAT.7.8	2
23:12	1SA.23.20	5
23:12	PSA.31.8	4
23:12	PSA.62.1	4
23:12	1SA.23.7	2
23:12	PSA.118.8	2
23:12	ECC.9.14-ECC.9.15	2
23:12	ISA.29.15	2
23:12	HEB.4.13	2
23:13	1SA.22.2	5
23:13	1SA.25.13	5
23:13	1SA.30.9-1SA.30.10	3
23:13	2SA.15.20	2
23:14	PSA.54.3-PSA.54.4	6
23:14	JOS.15.55	5
23:14	PSA.32.7	5
23:14	JOS.15.24	4
23:14	ROM.8.31	3
23:14	2TI.3.11	3
23:14	1SA.23.7	2
23:14	1SA.27.1	2
23:14	PSA.11.1-PSA.11.3	2
23:14	PSA.37.32-PSA.37.33	2
23:14	PRO.1.16	2
23:14	PRO.4.16	2
23:14	PRO.21.30	2
23:14	JER.36.26	2
23:14	2TI.4.17-2TI.4.18	2
23:16	ISA.35.3-ISA.35.4	205
23:16	HEB.12.12-HEB.12.13	196
23:16	JOB.4.3-JOB.4.4	138
23:16	2TI.2.1	103
23:16	EPH.6.10	96
23:16	LUK.22.32	77
23:16	1SA.30.6	74
23:16	LUK.22.43	70
23:16	NEH.2.18	66
23:16	PRO.27.9	55
23:16	PRO.27.17	52
23:16	DEU.3.28	48
23:16	ECC.4.9-ECC.4.12	47
23:16	JOB.16.5	35
23:16	EZK.13.22	20
23:17	1SA.20.31	6
23:17	1SA.24.20	5
23:17	JOB.5.11-JOB.5.15	3
23:17	ISA.54.17	3
23:17	ACT.28.16	3
23:17	HEB.13.6	3
23:17	PSA.27.1-PSA.27.3	2
23:17	PSA.46.1-PSA.46.2	2
23:17	PSA.91.1-PSA.91.2	2
23:17	PRO.14.26	2
23:17	PRO.19.21	2
23:17	ISA.41.10	2
23:17	ISA.41.14	2
23:17	LUK.12.32	2
23:17	ACT.5.39	2
23:17	ROM.15.24	2
23:18	1SA.18.3	5
23:18	1SA.20.42	5
23:18	2SA.21.7	5
23:18	2SA.9.1	4
23:18	1SA.20.12-1SA.20.17	3
23:19	1SA.26.1	7
23:19	1SA.26.3	4
23:19	PSA.54.1-PSA.54.7	3
23:19	1SA.22.7-1SA.22.8	2
23:19	PRO.29.12	2
23:20	1SA.23.12	3
23:20	DEU.18.6	2
23:20	2SA.3.21	2
23:20	1KI.21.11-1KI.21.14	2
23:20	2KI.10.5-2KI.10.7	2
23:20	PSA.54.3	2
23:20	PSA.112.10	2
23:20	PRO.11.23	2
23:20	PRO.29.26	2
23:21	1SA.22.8	5
23:21	JDG.17.2	2
23:21	PSA.10.3	2
23:21	ISA.66.5	2
23:21	MIC.3.11	2
23:22	JOB.5.13	3
23:23	NUM.10.36	2
23:23	2SA.17.11-2SA.17.13	2
23:23	1KI.18.10	2
23:23	PRO.1.16	2
23:23	MIC.5.2	2
23:23	MRK.14.1	2
23:23	MRK.14.10-MRK.14.11	2
23:23	JHN.18.2-JHN.18.3	2
23:23	ROM.3.15-ROM.3.16	2
23:24	JOS.15.55	5
23:24	1SA.25.2	5
23:25	JDG.15.8	2
23:25	1SA.23.28	2
23:26	PSA.17.9	5
23:26	1SA.19.12	3
23:26	1SA.20.38	3
23:26	2SA.15.14	3
23:26	2SA.17.21-2SA.17.22	3
23:26	2CH.20.12	3
23:26	PSA.17.11	3
23:26	PSA.22.12	3
23:26	PSA.22.16	3
23:26	PSA.31.22	3
23:26	PSA.118.11-PSA.118.13	3
23:26	PSA.140.1-PSA.140.9	3
23:26	2CO.1.8	3
23:26	REV.20.9	3
23:27	2KI.19.9	4
23:27	PSA.116.3	3
23:27	GEN.22.14	2
23:27	DEU.32.36	2
23:27	1CH.14.13	2
23:27	REV.12.16	2
23:29	2CH.20.2	5
23:29	JOS.15.62	4
23:29	SNG.1.14	3
23:29	EZK.47.10	3
23:29	GEN.14.7	2
23:29	1SA.24.1	2
24:1	1SA.23.28-1SA.23.29	4
24:1	1SA.23.19	3
24:1	PRO.25.5	3
24:1	PRO.29.12	3
24:1	EZK.22.9	3
24:1	HOS.7.3	3
24:2	1SA.26.2	3
24:2	1SA.13.2	2
24:2	PSA.37.32	2
24:2	PSA.38.12	2
24:2	PSA.104.18	2
24:2	PSA.141.6	2
24:3	JDG.3.24	5
24:3	PSA.57.1-PSA.57.11	3
24:3	PSA.142.1-PSA.142.7	3
24:3	PSA.141.6	2
24:4	1SA.26.8-1SA.26.11	8
24:4	1SA.24.10	7
24:4	1SA.26.23	7
24:4	1SA.25.28-1SA.25.30	6
24:4	1SA.23.7	3
24:4	1SA.23.17	3
24:4	1SA.24.18	3
24:4	2SA.4.8	2
24:4	JOB.31.31	2
24:5	2SA.24.10	8
24:5	2SA.12.9	4
24:5	2KI.22.19	4
24:5	1JN.3.20-1JN.3.21	4
24:6	2SA.1.14	5
24:6	1SA.26.9-1SA.26.11	4
24:6	JOB.31.29-JOB.31.30	4
24:6	ROM.12.14-ROM.13.2	4
24:6	1KI.21.3	3
24:6	MAT.5.44	3
24:6	1TH.5.15	3
24:7	PSA.7.4	3
24:7	MAT.5.44	3
24:7	1SA.25.33	2
24:7	ROM.12.17-ROM.12.21	2
24:8	1SA.25.23-1SA.25.24	4
24:8	GEN.17.3	2
24:8	EXO.20.12	2
24:8	1SA.20.41	2
24:8	1SA.26.17	2
24:8	ROM.13.7	2
24:8	1PE.2.17	1
24:9	PRO.29.12	3
24:9	ECC.7.21-ECC.7.22	3
24:9	LEV.19.16	2
24:9	1SA.26.19	2
24:9	PSA.101.5	2
24:9	PSA.141.6	2
24:9	PRO.16.28	2
24:9	PRO.17.4	2
24:9	PRO.18.8	2
24:9	PRO.25.23	2
24:9	PRO.26.20-PRO.26.22	2
24:9	PRO.26.28	2
24:9	JAS.3.6	2
24:10	1SA.24.4	5
24:10	PSA.105.15	4
24:10	1SA.26.8-1SA.26.9	3
24:11	1SA.26.20	5
24:11	1SA.23.14	4
24:11	1SA.23.23	4
24:11	1SA.26.18	3
24:11	2KI.5.13	3
24:11	JHN.15.25	3
24:11	1SA.18.27	2
24:11	JOB.10.16	2
24:11	PSA.7.3-PSA.7.4	2
24:11	PSA.35.7	2
24:11	PSA.140.11	2
24:11	PRO.15.1	2
24:11	LAM.4.18	2
24:11	EZK.13.18	2
24:11	MIC.7.2	2
24:12	JDG.11.27	9
24:12	PSA.43.1	9
24:12	PSA.35.1	8
24:12	GEN.16.5	7
24:12	JOB.5.8	6
24:12	PSA.94.1	6
24:12	ROM.12.19	6
24:12	1PE.2.23	6
24:12	PSA.7.8-PSA.7.9	5
24:12	GEN.31.53	3
24:12	1SA.26.10-1SA.26.11	3
24:12	1SA.26.23	3
24:12	REV.6.10	3
24:13	MAT.7.20	7
24:13	MAT.7.16-MAT.7.18	6
24:13	MAT.12.33-MAT.12.34	4
24:13	MAT.15.19	3
24:14	1SA.26.20	5
24:14	1SA.17.43	4
24:14	2SA.9.8	4
24:14	JDG.8.1-JDG.8.3	2
24:14	2SA.3.8	2
24:14	2SA.16.9	2
24:14	1KI.21.7	2
24:14	2SA.6.20	1
24:15	PSA.43.1	7
24:15	PSA.35.1	6
24:15	PSA.119.154	6
24:15	1SA.24.12	5
24:15	MIC.7.9	4
24:15	2CH.24.22	3
24:15	MIC.1.2	3
24:15	1SA.26.4	0
24:16	1SA.26.17	5
24:16	GEN.33.4	2
24:16	JOB.6.25	2
24:16	PRO.15.1	2
24:16	LUK.21.15	2
24:16	ACT.6.10	2
24:16	PRO.25.11	1
24:17	MAT.5.44	8
24:17	1SA.26.21	7
24:17	GEN.38.26	3
24:17	ROM.12.20-ROM.12.21	3
24:17	EXO.9.27	2
24:17	PSA.37.6	2
24:17	MAT.27.4	2
24:18	1SA.26.23	4
24:18	1SA.23.7	2
24:18	1SA.23.12	2
24:18	1SA.24.10	2
24:18	1SA.26.8	2
24:18	PSA.31.8	2
24:19	JDG.17.2	2
24:19	1SA.23.21	2
24:19	1SA.26.25	2
24:19	PSA.18.20	2
24:19	PRO.25.21-PRO.25.22	2
24:20	1SA.23.17	5
24:20	2SA.3.17-2SA.3.18	3
24:20	MAT.2.3-MAT.2.6	3
24:20	1SA.13.14	2
24:20	1SA.20.30-1SA.20.31	2
24:20	JOB.15.25	2
24:20	MAT.2.13	2
24:20	MAT.2.16	2
24:21	GEN.21.23	5
24:21	2SA.21.6-2SA.21.8	4
24:21	1SA.20.14-1SA.20.17	3
24:21	GEN.31.48	2
24:21	GEN.31.53	2
24:21	HEB.6.16	2
24:22	1SA.23.29	5
24:22	MAT.10.16-MAT.10.17	3
24:22	JHN.2.24	3
24:22	PRO.26.24-PRO.26.25	2
25:1	1SA.28.3	7
25:1	NUM.20.29	6
25:1	DEU.34.8	6
25:1	2CH.33.20	5
25:1	GEN.21.21	4
25:1	NUM.10.12	4
25:1	ACT.8.2	4
25:1	NUM.13.3	3
25:1	1KI.2.34	3
25:1	GEN.14.6	2
25:1	GEN.50.11	2
25:1	NUM.12.16	2
25:1	NUM.13.26	2
25:1	1SA.7.17	2
25:1	PSA.120.5	2
25:1	ISA.14.18	2
25:2	GEN.38.13	6
25:2	JOS.15.55	6
25:2	1SA.23.24	6
25:2	LUK.16.19-LUK.16.25	5
25:2	GEN.13.2	4
25:2	GEN.26.13	4
25:2	1SA.30.5	4
25:2	2SA.13.23-2SA.13.24	4
25:2	2SA.19.32	4
25:2	JOB.1.3	4
25:2	JOB.42.12	4
25:2	PSA.73.3-PSA.73.7	4
25:2	PSA.17.14	3
25:3	PRO.14.1	10
25:3	PRO.31.10	6
25:3	ISA.32.5-ISA.32.7	6
25:3	PSA.10.3	5
25:3	PRO.31.30-PRO.31.31	5
25:3	1SA.25.17	4
25:3	PRO.31.26	4
25:3	1SA.25.10-1SA.25.11	2
25:3	1SA.30.14	1
25:4	GEN.38.13	2
25:4	2SA.13.23	2
25:5	GEN.43.23	2
25:5	1SA.17.22	2
25:6	1CH.12.18	5
25:6	PSA.122.7	5
25:6	LUK.10.5	4
25:6	1TI.5.6	4
25:6	MAT.10.12-MAT.10.13	3
25:6	JHN.14.27	3
25:6	2TH.3.16	3
25:6	2SA.18.28	2
25:6	1TH.3.8	2
25:7	1SA.25.21	4
25:7	1SA.25.15-1SA.25.16	3
25:7	1SA.22.2	2
25:7	ISA.11.6-ISA.11.9	2
25:7	LUK.3.14	2
25:7	PHP.2.15	2
25:7	PHP.4.8	2
25:8	EST.9.19	4
25:8	NEH.8.10-NEH.8.12	3
25:8	1SA.3.6	2
25:8	1SA.24.11	2
25:8	EST.9.22	2
25:8	ECC.11.2	2
25:8	LUK.11.41	2
25:8	LUK.14.12-LUK.14.14	2
25:9	GEN.8.4	2
25:9	2KI.2.15	2
25:9	2CH.14.7	2
25:10	JDG.9.28	4
25:10	EXO.5.2	2
25:10	1SA.20.30	2
25:10	1SA.22.2	2
25:10	1SA.22.7-1SA.22.8	2
25:10	2SA.20.1	2
25:10	1KI.12.16	2
25:10	PSA.73.7-PSA.73.8	2
25:10	PSA.123.3-PSA.123.4	2
25:10	ECC.7.10	2
25:10	ISA.32.5	2
25:10	ISA.32.7	2
25:11	JDG.8.6	5
25:11	GAL.6.10	3
25:11	DEU.8.17	2
25:11	1SA.24.13	2
25:11	1SA.25.3	2
25:11	1SA.25.14-1SA.25.15	2
25:11	JOB.31.17	2
25:11	PSA.73.7-PSA.73.8	2
25:11	ECC.11.1-ECC.11.2	2
25:11	JHN.9.29-JHN.9.30	2
25:11	2CO.6.9	2
25:11	1PE.4.9	2
25:12	2SA.24.13	2
25:12	ISA.36.21-ISA.36.22	2
25:12	HEB.13.17	2
25:13	1SA.23.13	4
25:13	JOS.9.14	2
25:13	1SA.24.5-1SA.24.6	2
25:13	1SA.30.9-1SA.30.10	2
25:13	1SA.30.21-1SA.30.24	2
25:13	PRO.14.29	2
25:13	PRO.19.2	2
25:13	PRO.19.11	2
25:13	PRO.25.8	2
25:13	ROM.12.19-ROM.12.21	2
25:13	JAS.1.19-JAS.1.20	2
25:13	PRO.16.32	1
25:14	1SA.13.10	2
25:14	MRK.15.29	2
25:15	1SA.25.7	5
25:15	1SA.25.21	5
25:15	PHP.2.15	2
25:16	JOB.1.10	5
25:16	EXO.14.22	4
25:16	ZEC.2.5	3
25:16	JER.15.20	2
25:17	DEU.13.13	4
25:17	1SA.20.7	4
25:17	JDG.19.22	2
25:17	1SA.2.12	2
25:17	1SA.20.9	2
25:17	1SA.20.32-1SA.20.33	2
25:17	1SA.25.25	2
25:17	2SA.23.6-2SA.23.7	2
25:17	1KI.21.10	2
25:17	1KI.21.13	2
25:17	2KI.5.13-2KI.5.14	2
25:17	2CH.13.7	2
25:17	2CH.25.16	2
25:17	EST.7.7	2
25:18	2SA.16.1	4
25:18	PRO.6.4-PRO.6.5	3
25:18	PRO.18.16	3
25:18	MAT.5.25	3
25:18	GEN.32.13-GEN.32.20	2
25:18	GEN.43.11-GEN.43.14	2
25:18	NUM.16.46-NUM.16.48	2
25:18	1SA.25.34	2
25:18	2SA.17.28-2SA.17.29	2
25:18	1CH.12.40	2
25:18	PRO.21.14	2
25:19	GEN.32.20	4
25:19	GEN.32.16	3
25:19	PRO.31.11-PRO.31.12	2
25:19	PRO.31.27	2
25:20	2KI.4.24	2
25:21	PRO.17.13	6
25:21	ROM.12.21	4
25:21	EPH.4.26	4
25:21	EPH.4.31	4
25:21	1TH.5.15	3
25:21	1PE.2.20-1PE.2.23	3
25:21	1PE.3.17	3
25:21	GEN.44.4	2
25:21	1SA.25.13	2
25:21	JOB.30.8	2
25:21	PSA.35.12	2
25:21	PSA.37.8	2
25:21	PSA.38.20	2
25:21	PSA.109.3-PSA.109.5	2
25:21	JER.18.20	2
25:21	1PE.3.9	2
25:22	1SA.3.17	4
25:22	1SA.20.13	4
25:22	1KI.14.10	4
25:22	1KI.21.21	3
25:22	RUT.1.17	2
25:22	1SA.14.44	2
25:22	1SA.20.16	2
25:22	1KI.16.11	2
25:22	2KI.9.8	2
25:23	1SA.20.41	4
25:23	JOS.15.18	3
25:23	JDG.1.14	3
25:23	1SA.24.8	2
25:24	1SA.25.28	4
25:24	2SA.14.9	4
25:24	EST.8.3	4
25:24	2KI.4.37	3
25:24	PHM.1.18-PHM.1.19	3
25:24	GEN.44.18	2
25:24	GEN.44.33-GEN.44.34	2
25:24	2SA.14.12	2
25:24	MAT.18.29	2
25:25	1SA.25.17	5
25:25	MAL.2.2	3
25:25	2SA.13.33	2
25:25	1SA.25.26	1
25:25	ISA.42.25	1
25:26	2SA.18.32	7
25:26	ROM.12.19-ROM.12.20	6
25:26	GEN.20.6	5
25:26	1SA.25.33-1SA.25.34	4
25:26	PSA.18.47-PSA.18.48	4
25:26	DAN.4.19	4
25:26	HEB.10.30	4
25:26	PSA.44.3	3
25:26	1SA.1.26	2
25:26	1SA.22.3	2
25:26	2KI.2.2	2
25:26	2KI.4.6	2
25:26	JER.29.22	2
25:27	GEN.33.11	5
25:27	1SA.30.26	5
25:27	2KI.5.15	3
25:27	JDG.4.10	2
25:27	1SA.25.42	2
25:27	2SA.16.2	2
25:27	2CO.9.5	2
25:28	1SA.18.17	6
25:28	2SA.7.11	6
25:28	1SA.24.11	5
25:28	1CH.17.25	5
25:28	1KI.9.5	4
25:28	1CH.17.10	4
25:28	2SA.7.16	3
25:28	2SA.7.27	3
25:28	1SA.15.28	2
25:28	1SA.17.47	2
25:28	1SA.24.6-1SA.24.7	2
25:28	1SA.24.17	2
25:28	1SA.25.24	2
25:28	2SA.5.2	2
25:28	1KI.15.5	2
25:28	PSA.89.29	2
25:28	PSA.119.1-PSA.119.3	2
25:28	LUK.23.41	2
25:28	LUK.23.47	2
25:28	EPH.6.10-EPH.6.11	2
25:28	2CH.20.15	1
25:28	MAT.5.16	1
25:29	JHN.17.21	8
25:29	MAL.3.17	7
25:29	MAT.10.29-MAT.10.30	7
25:29	PSA.116.15	6
25:29	JER.10.18	6
25:29	1SA.2.9	5
25:29	PSA.66.9	5
25:29	JHN.17.23	5
25:29	1PE.1.5	5
25:29	GEN.15.1	4
25:29	DEU.33.29	4
25:29	JHN.10.27-JHN.10.30	4
25:29	COL.3.3-COL.3.4	4
25:29	JHN.14.19	3
25:30	1SA.13.14	5
25:30	1SA.15.28	2
25:30	1SA.23.17	2
25:30	PSA.89.20	2
25:31	GEN.40.14	5
25:31	1SA.25.33	4
25:31	ROM.12.19	4
25:31	1SA.24.15	3
25:31	1SA.25.40	3
25:31	1SA.26.23	3
25:31	2SA.22.48	3
25:31	PSA.94.1	3
25:31	PRO.5.12-PRO.5.13	3
25:31	LUK.23.42	3
25:31	ROM.14.21	3
25:31	2CO.1.12	2
25:32	LUK.1.68	6
25:32	GEN.24.27	5
25:32	EXO.18.10	5
25:32	PSA.72.18	5
25:32	EZR.7.27	3
25:32	2CO.8.16	3
25:32	PSA.41.12-PSA.41.13	1
25:33	1SA.25.26	7
25:33	PSA.141.5	4
25:33	PRO.9.9	4
25:33	PRO.17.10	4
25:33	PRO.25.12	4
25:33	PRO.27.21	4
25:33	PRO.28.23	4
25:33	1SA.24.19	3
25:33	1SA.25.31	3
25:33	1SA.26.9-1SA.26.10	3
25:34	JOS.10.6	2
25:34	JOS.10.9	2
25:34	1SA.11.11	2
25:34	1SA.25.18	2
25:34	1SA.25.26	2
25:35	GEN.19.21	4
25:35	1SA.20.42	4
25:35	2KI.5.19	4
25:35	2SA.15.9	2
25:35	JOB.34.19	2
25:35	LUK.7.50	2
25:35	LUK.8.48	2
25:36	1SA.25.19	4
25:36	2SA.13.23	4
25:36	2SA.13.28	4
25:36	PRO.20.1	4
25:36	1TH.5.7-1TH.5.8	4
25:36	MAT.10.16	3
25:36	ROM.13.13	3
25:36	1KI.20.16	2
25:36	EST.1.3-EST.1.7	2
25:36	PSA.112.5	2
25:36	ECC.2.2-ECC.2.3	2
25:36	ECC.10.19	2
25:36	ISA.5.11	2
25:36	ISA.28.3	2
25:36	ISA.28.7-ISA.28.8	2
25:36	JER.51.57	2
25:36	DAN.5.1-DAN.5.5	2
25:36	HOS.4.11	2
25:36	NAM.1.10	2
25:36	HAB.2.15-HAB.2.16	2
25:36	LUK.14.12	2
25:36	LUK.21.34	2
25:36	EPH.5.14	2
25:36	EPH.5.18	2
25:36	PRO.23.29-PRO.23.35	1
25:37	DEU.28.28	2
25:37	1SA.25.22	2
25:37	1SA.25.34	2
25:37	JOB.15.21-JOB.15.22	2
25:37	PRO.23.29-PRO.23.35	2
25:38	1SA.25.33	3
25:38	EXO.12.29	2
25:38	1SA.6.9	2
25:38	1SA.26.10	2
25:38	2SA.6.7	2
25:38	2KI.15.5	2
25:38	2KI.19.35	2
25:38	2CH.10.15	2
25:38	ACT.12.23	2
25:39	1SA.25.26	4
25:39	1SA.25.34	4
25:39	PRO.22.23	4
25:39	1SA.24.15	3
25:39	1SA.25.32	3
25:39	1KI.2.44	3
25:39	PSA.7.16	3
25:39	JDG.5.2	2
25:39	2SA.3.28-2SA.3.29	2
25:39	2SA.22.47-2SA.22.49	2
25:39	EST.7.10	2
25:39	PSA.58.10-PSA.58.11	2
25:39	PRO.18.22	2
25:39	PRO.19.14	2
25:39	PRO.31.10	2
25:39	PRO.31.30	2
25:39	SNG.8.8	2
25:39	LAM.3.58-LAM.3.60	2
25:39	HOS.2.6-HOS.2.7	2
25:39	MIC.7.9	2
25:39	1TH.5.23	2
25:39	2TI.4.18	2
25:39	REV.19.1-REV.19.4	2
25:39	2CO.13.7	1
25:40	GEN.24.51	4
25:40	GEN.24.37-GEN.24.38	2
25:41	1TI.5.10	6
25:41	RUT.2.10	5
25:41	JHN.13.3-JHN.13.5	5
25:41	GEN.18.4	3
25:41	PRO.15.33	3
25:41	PRO.18.12	3
25:41	RUT.2.13	1
25:42	GEN.24.61-GEN.24.67	4
25:42	PSA.45.10-PSA.45.11	1
25:43	JOS.15.56	5
25:43	1SA.27.3	5
25:43	1SA.30.5	5
25:43	2SA.3.2	3
25:43	GEN.2.24	2
25:43	2SA.5.13-2SA.5.16	2
25:43	MAT.19.5	2
25:43	MAT.19.8	2
25:44	1SA.18.27	3
25:44	2SA.3.14	3
25:44	1SA.18.20	2
25:44	ISA.10.30	2
26:1	1SA.23.19	5
26:1	PSA.54.1-PSA.54.7	3
26:1	JOS.15.24	2
26:1	JOS.15.55	2
26:1	1SA.26.3	2
26:2	1SA.24.2	5
26:2	1SA.13.2	2
26:2	1SA.23.23-1SA.23.25	2
26:2	1SA.24.17	2
26:2	PSA.38.12	2
26:2	PSA.140.4-PSA.140.9	2
26:3	1SA.23.19	2
26:3	1SA.26.1	2
26:4	MAT.10.16	3
26:4	JOS.2.1	2
26:5	1SA.17.55	5
26:5	1SA.14.50-1SA.14.51	3
26:5	1SA.17.20	3
26:5	1SA.9.1	2
26:5	2SA.2.8-2SA.2.12	2
26:5	2SA.3.7-2SA.3.8	2
26:5	2SA.3.27	2
26:5	2SA.3.33-2SA.3.38	2
26:5	1CH.9.39	2
26:6	JDG.7.10-JDG.7.11	5
26:6	2SA.2.18	3
26:6	GEN.10.15	2
26:6	GEN.15.20	2
26:6	1SA.14.6-1SA.14.7	2
26:6	2SA.11.6	2
26:6	2SA.11.21	2
26:6	2SA.11.24	2
26:6	2SA.12.9	2
26:6	2SA.16.9-2SA.16.10	2
26:6	2SA.18.5	2
26:6	2SA.23.18	2
26:6	2SA.23.39	2
26:6	1CH.2.15-1CH.2.16	2
26:7	1TH.5.2-1TH.5.3	3
26:8	1SA.24.4	4
26:8	1SA.26.23	3
26:8	DEU.32.30	2
26:8	JOS.21.44	2
26:8	JDG.1.4	2
26:8	1SA.23.14	2
26:8	1SA.24.18-1SA.24.19	2
26:8	PSA.31.8	1
26:8	NAM.1.9	1
26:8	ROM.11.32	1
26:8	GAL.3.22-GAL.3.23	1
26:9	2SA.1.14	6
26:9	2SA.1.16	5
26:9	PSA.105.15	5
26:9	1SA.24.6-1SA.24.7	4
26:10	GEN.47.29	6
26:10	DEU.31.14	6
26:10	ROM.12.19	6
26:10	1SA.25.38	5
26:10	1SA.31.6	5
26:10	PSA.37.13	5
26:10	1SA.25.26	4
26:10	DEU.32.35	3
26:10	1SA.24.15	2
26:10	JOB.7.1	2
26:10	JOB.14.5	2
26:10	JOB.14.14	2
26:10	PSA.37.10	2
26:10	PSA.94.1-PSA.94.2	2
26:10	ECC.3.2	2
26:10	LUK.18.7	2
26:10	HEB.9.27	2
26:10	REV.18.8	2
26:10	PSA.94.23	1
26:11	1SA.24.6	5
26:11	1SA.24.12	3
26:11	2SA.1.14	2
26:11	2SA.1.16	2
26:12	GEN.2.21	6
26:12	GEN.15.12	5
26:12	ISA.29.10	3
26:12	1SA.24.4	2
26:12	1SA.26.7	2
26:12	EST.6.1	2
26:13	JDG.9.7	2
26:13	1SA.24.8	2
26:16	1SA.20.31	3
26:16	1SA.26.9	3
26:16	1SA.26.11	3
26:16	2SA.12.5	3
26:16	2SA.19.28	3
26:16	PSA.79.11	3
26:16	PSA.102.20	3
26:16	EPH.2.3	3
26:16	1SA.24.6	2
26:17	1SA.24.16	5
26:17	1SA.24.8	2
26:18	1SA.24.9	6
26:18	1SA.24.11-1SA.24.14	5
26:18	PSA.7.3-PSA.7.5	3
26:18	PSA.35.7	3
26:18	PSA.69.4	3
26:18	JHN.8.46	3
26:18	JHN.10.32	3
26:18	JHN.18.23	3
26:18	1SA.17.29	2
26:19	2SA.14.16	6
26:19	2SA.16.11	5
26:19	2SA.20.19	5
26:19	GEN.8.21	4
26:19	JOS.22.25-JOS.22.27	4
26:19	1SA.18.10	4
26:19	1CH.21.1	4
26:19	PSA.120.5	4
26:19	GAL.1.8-GAL.1.9	4
26:19	GEN.44.18	3
26:19	LEV.26.31	3
26:19	DEU.4.27-DEU.4.28	3
26:19	1SA.16.14-1SA.16.23	3
26:19	1SA.25.24	3
26:19	2SA.24.1	3
26:19	1KI.22.22	3
26:19	PSA.42.1-PSA.42.2	3
26:19	PSA.119.1-PSA.119.8	3
26:19	PRO.6.16-PRO.6.19	3
26:19	PRO.30.10	3
26:19	ISA.60.5	3
26:19	ROM.14.15	3
26:19	GAL.5.12	3
26:19	2TI.4.14	3
26:20	1SA.24.14	5
26:20	1SA.2.9	2
26:20	1SA.25.29	2
26:20	MAT.26.47	2
26:20	MAT.26.55	2
26:21	1SA.15.24	5
26:21	1SA.24.17	5
26:21	EXO.9.27	4
26:21	1SA.15.30	3
26:21	MAT.27.4	3
26:21	NUM.22.34	2
26:21	1SA.18.30	2
26:21	1SA.26.24	2
26:21	1SA.27.4	2
26:21	PSA.49.8	2
26:21	PSA.116.15	2
26:23	1SA.24.6-1SA.24.7	4
26:23	PSA.62.12	4
26:23	PSA.7.8-PSA.7.9	3
26:23	PSA.18.20-PSA.18.26	3
26:23	1SA.26.9	2
26:23	1SA.26.11	2
26:23	1KI.8.32	2
26:23	NEH.13.14	2
26:24	PSA.54.7	4
26:24	PSA.34.17-PSA.34.18	3
26:24	MAT.5.7	3
26:24	2CO.1.9-2CO.1.10	3
26:24	GEN.48.16	2
26:24	PSA.18.1	2
26:24	PSA.18.25	2
26:24	PSA.18.48	2
26:24	PSA.144.2	2
26:24	MAT.7.2	2
26:24	ACT.14.22	2
26:24	2TH.3.2	2
26:24	REV.7.14	2
26:25	NUM.24.9-NUM.24.10	4
26:25	1SA.24.19	3
26:25	PRO.26.25	3
26:25	ISA.54.17	3
26:25	ROM.8.37	3
26:25	GEN.32.28	2
26:25	1SA.24.22	1
26:25	HOS.12.4	1
26:25	ROM.8.35	1
27:1	ISA.40.27-ISA.40.31	5
27:1	ISA.51.12	4
27:1	1SA.16.13	3
27:1	1SA.21.10-1SA.21.15	3
27:1	1SA.23.17	3
27:1	1SA.27.10-1SA.27.11	3
27:1	1SA.28.1-1SA.28.2	3
27:1	ISA.30.15-ISA.30.16	3
27:1	EXO.14.12	2
27:1	1SA.16.1	2
27:1	1SA.22.5	2
27:1	1SA.25.30	2
27:1	1SA.29.2-1SA.30.3	2
27:1	PSA.116.11	2
27:1	PRO.3.5-PRO.3.6	2
27:1	PRO.13.12	2
27:1	NUM.14.3	1
27:1	LAM.3.26-LAM.3.27	1
27:1	MAT.14.31	1
27:1	MRK.4.40	1
27:1	2CO.7.5	0
27:2	1SA.21.10	4
27:2	1SA.25.13	4
27:2	1SA.30.8	2
27:2	1KI.2.39-1KI.2.40	2
27:3	1SA.25.42-1SA.25.43	4
27:3	1SA.25.3	2
27:3	1SA.25.18-1SA.25.35	2
27:3	1SA.30.3	2
27:3	1SA.30.5	2
27:4	1SA.26.21	2
27:5	GEN.46.34	2
27:5	2CO.6.17	1
27:6	NEH.11.28	4
27:6	JOS.15.31	3
27:6	JOS.19.5	2
27:6	1SA.19.5	2
27:6	1SA.30.1	2
27:6	1SA.30.14	2
27:6	2SA.1.1	2
27:6	1CH.4.30	2
27:6	1CH.12.1	2
27:6	1CH.12.20	2
27:7	1SA.29.3	6
27:8	JOS.13.2	5
27:8	1SA.15.7-1SA.15.8	5
27:8	JOS.13.13	4
27:8	JOS.16.10	3
27:8	JDG.1.29	3
27:8	EXO.15.22	2
27:8	EXO.17.8	2
27:8	EXO.17.14-EXO.17.16	2
27:8	1SA.30.1	2
27:8	2SA.13.37-2SA.13.38	2
27:8	2SA.14.23	2
27:8	2SA.14.32	2
27:8	2SA.15.8	2
27:8	1KI.9.15-1KI.9.17	2
27:8	1CH.2.23	2
27:9	1SA.15.3	5
27:9	GEN.16.7	2
27:9	GEN.25.18	2
27:9	EXO.15.22	2
27:9	DEU.25.17-DEU.25.19	2
27:9	JOS.6.21	2
27:9	1SA.15.7	2
27:10	JDG.1.16	5
27:10	1CH.2.9	4
27:10	1CH.2.25	4
27:10	JDG.4.11	3
27:10	1SA.30.29	3
27:10	GAL.2.11-GAL.2.13	3
27:10	GEN.27.19-GEN.27.20	2
27:10	GEN.27.24	2
27:10	NUM.24.21	2
27:10	JOS.2.4-JOS.2.6	2
27:10	JDG.5.24	2
27:10	1SA.15.6	2
27:10	1SA.21.2	2
27:10	1SA.23.27	2
27:10	2SA.17.20	2
27:10	PSA.119.29	2
27:10	PSA.119.163	2
27:10	PRO.29.25	2
27:10	EPH.4.25	2
27:11	1SA.22.22	2
27:11	PRO.12.19	2
27:11	PRO.29.25	2
27:12	GEN.34.30	2
27:12	1SA.13.4	2
28:1	1SA.17.1	2
28:1	1SA.29.1-1SA.29.3	2
28:1	JDG.3.1-JDG.3.4	1
28:1	1SA.7.7	1
28:1	1SA.13.5	1
28:1	1SA.27.12	1
28:2	1SA.27.10	2
28:2	2SA.16.16-2SA.16.19	2
28:2	ROM.12.9	2
28:3	LEV.19.31	7
28:3	LEV.20.27	6
28:3	1SA.25.1	6
28:3	EXO.22.18	5
28:3	DEU.18.10-DEU.18.11	3
28:3	LEV.20.6	2
28:3	1SA.7.17	2
28:3	1SA.15.23	2
28:3	1SA.28.9	2
28:3	ISA.57.1-ISA.57.2	2
28:3	ACT.16.16-ACT.16.19	2
28:4	JOS.19.18	5
28:4	1SA.31.1	5
28:4	2KI.4.8	4
28:4	2SA.1.6	2
28:4	2SA.1.21	2
28:4	2SA.21.12	2
28:5	JOB.18.11	3
28:5	PSA.48.5-PSA.48.6	3
28:5	PSA.73.19	3
28:5	PRO.10.24	3
28:5	ISA.7.2	3
28:5	ISA.21.3-ISA.21.4	3
28:5	ISA.57.20-ISA.57.21	3
28:5	DAN.5.6	3
28:5	JOB.15.21	2
28:6	NUM.12.6	12
28:6	1SA.14.37	11
28:6	LAM.2.9	10
28:6	NUM.27.21	9
28:6	EZK.20.1-EZK.20.3	8
28:6	JAS.4.3	6
28:6	EXO.28.30	5
28:6	DEU.33.8	5
28:6	JER.23.28	5
28:6	JHN.9.31	5
28:6	PSA.74.9	4
28:6	MAT.1.20	4
28:6	EXO.28.20	3
28:6	PRO.1.1-PRO.1.33	3
28:6	GEN.28.12-GEN.28.15	2
28:6	GEN.46.2-GEN.46.4	2
28:6	PRO.27.1-PRO.28.28	2
28:6	1CH.10.13-1CH.10.14	1
28:6	JOB.33.14-JOB.33.16	1
28:7	ACT.16.16	5
28:7	JOS.17.11	4
28:7	1CH.10.13	4
28:7	PSA.83.10	4
28:7	LEV.19.31	3
28:7	ISA.8.19-ISA.8.20	3
28:7	HAB.2.3	3
28:7	DEU.18.11	2
28:7	2KI.1.2-2KI.1.3	2
28:7	2KI.6.33	2
28:7	ISA.19.3	2
28:7	LAM.3.25-LAM.3.26	2
28:7	1SA.28.3	1
28:8	1CH.10.13	4
28:8	ISA.8.19	4
28:8	DEU.18.10-DEU.18.11	3
28:8	1KI.22.30	3
28:8	2CH.18.29	3
28:8	2CH.35.22	3
28:8	1KI.14.2-1KI.14.3	2
28:8	JOB.24.13-JOB.24.15	2
28:8	JER.23.24	2
28:8	JHN.3.19	2
28:8	1KI.22.34	1
28:9	1SA.28.3	3
28:9	2SA.18.13	2
28:9	2KI.5.7	2
28:10	2SA.14.11	3
28:10	GEN.3.5	2
28:10	EXO.20.7	2
28:10	DEU.18.10-DEU.18.12	2
28:10	1SA.14.39	2
28:10	1SA.19.6	2
28:10	MAT.26.72	2
28:10	MRK.6.23	2
28:12	1SA.28.3	2
28:12	1KI.14.5	2
28:13	EXO.4.16	2
28:13	EXO.22.28	2
28:13	PSA.82.6-PSA.82.7	2
28:13	JHN.10.34-JHN.10.35	2
28:14	1SA.15.27	5
28:14	1SA.24.8	2
28:14	2KI.2.8	2
28:14	2KI.2.13-2KI.2.14	2
28:15	LUK.16.23-LUK.16.26	9
28:15	1SA.28.6	8
28:15	1SA.18.12	7
28:15	1SA.16.13-1SA.16.14	5
28:15	PRO.14.14	5
28:15	JER.2.17-JER.2.18	5
28:15	HOS.9.12	5
28:15	JDG.16.20	3
28:15	1SA.23.2	3
28:15	1SA.23.9-1SA.23.10	3
28:15	1SA.28.8	3
28:15	1SA.28.11	3
28:15	PSA.51.11	3
28:15	PRO.5.11-PRO.5.13	3
28:15	MAT.25.41	3
28:15	1SA.23.4	2
28:16	2KI.6.27	3
28:16	PSA.68.1-PSA.68.3	2
28:16	LAM.2.5	2
28:16	REV.18.20	2
28:16	REV.18.24-REV.19.6	2
28:16	JDG.5.31	1
28:17	1SA.15.27-1SA.15.29	4
28:17	1SA.24.20	3
28:17	1SA.13.13-1SA.13.14	2
28:17	1SA.16.13	2
28:17	PRO.16.4	1
28:18	1SA.15.9	4
28:18	1KI.20.42	4
28:18	JER.48.10	3
28:18	1SA.13.9	2
28:18	1SA.15.20	2
28:18	1SA.15.23-1SA.15.26	2
28:18	1CH.10.13	2
28:18	PSA.50.21-PSA.50.22	1
28:19	EXO.9.18	2
28:19	1SA.12.25	2
28:19	1SA.31.1-1SA.31.6	2
28:19	1KI.22.20	2
28:19	1KI.22.28	2
28:19	JER.28.16-JER.28.17	2
28:19	MAT.26.24	2
28:19	ACT.5.5	2
28:19	ACT.5.9-ACT.5.10	2
28:19	DAN.5.25-DAN.5.28	1
28:20	1SA.25.37	2
28:20	1SA.28.5	2
28:20	JOB.15.20-JOB.15.24	2
28:20	JOB.26.2	2
28:20	PSA.50.21-PSA.50.22	2
28:21	JDG.12.3	5
28:21	1SA.19.5	4
28:21	JOB.13.14	4
28:23	1KI.21.4	3
28:23	2KI.4.8	2
28:23	2KI.5.13	2
28:23	PRO.25.20	2
28:23	LUK.14.23	2
28:23	LUK.24.29	2
28:23	ACT.16.15	2
28:23	2CO.5.14	2
28:24	LUK.15.23	3
28:24	GEN.18.7-GEN.18.8	2
29:1	1SA.4.1	5
29:1	JOS.12.18	3
29:1	JOS.19.30	3
29:1	1KI.20.30	3
29:1	1KI.21.1	3
29:1	2KI.9.30	3
29:1	JOS.19.18	2
29:1	JDG.6.33	2
29:1	1SA.28.1-1SA.28.2	2
29:1	1SA.28.4	2
29:1	1KI.18.45-1KI.18.46	2
29:1	1KI.21.23	2
29:1	2KI.9.36	2
29:1	HOS.1.4-HOS.1.11	2
29:2	1SA.28.1-1SA.28.2	4
29:2	JOS.13.3	3
29:2	1SA.29.6-1SA.29.7	3
29:2	1SA.5.8-1SA.5.11	2
29:2	1SA.6.4	2
29:3	1SA.27.7	5
29:3	DAN.6.5	5
29:3	1SA.25.28	2
29:3	JHN.19.6	2
29:3	ROM.12.17	2
29:3	1PE.3.16	2
29:4	1SA.14.21	5
29:4	1SA.27.6	3
29:4	1CH.12.19	3
29:4	LUK.16.8	2
29:5	1SA.21.11	6
29:5	1SA.18.6-1SA.18.7	4
29:5	PRO.27.14	4
29:6	2SA.3.25	4
29:6	2KI.19.27	4
29:6	1SA.20.3	3
29:6	PSA.121.8	3
29:6	GEN.16.6	2
29:6	NUM.27.17	2
29:6	DEU.10.20	2
29:6	JOS.22.30	2
29:6	1SA.27.8-1SA.27.12	2
29:6	1SA.28.10	2
29:6	1SA.29.3	2
29:6	ISA.37.28	2
29:6	ISA.65.16	2
29:6	JER.12.16	2
29:6	MAT.5.16	2
29:6	1PE.2.12	2
29:6	1PE.3.16	2
29:7	NUM.22.34	2
29:8	PSA.34.13-PSA.34.14	3
29:8	MAT.6.13	3
29:8	1SA.12.3	2
29:8	1SA.17.29	2
29:8	1SA.20.8	2
29:8	1SA.26.18	2
29:8	1SA.28.2	2
29:8	2SA.16.18-2SA.16.19	2
29:9	2SA.14.17	6
29:9	2SA.14.20	6
29:9	2SA.19.27	6
29:9	GAL.4.14	4
29:9	1SA.29.4	3
29:10	1CH.12.19	3
29:10	GEN.22.14	2
29:10	1SA.30.1-1SA.30.2	2
29:10	1CH.12.22	2
29:10	PSA.37.23-PSA.37.24	2
29:10	1CO.10.13	2
29:10	2PE.2.9	2
29:11	JOS.19.18	2
29:11	1SA.29.1	2
29:11	2SA.4.4	2
30:1	1SA.15.7	6
30:1	1SA.29.11	6
30:1	JOS.11.6	4
30:1	1SA.27.8-1SA.27.10	3
30:1	1SA.29.4	3
30:1	GEN.24.62	2
30:1	2SA.1.2	2
30:2	1SA.27.11	3
30:2	1SA.30.19	2
30:2	JOB.38.11	2
30:2	PSA.76.10	2
30:2	ISA.27.8-ISA.27.9	2
30:3	PSA.34.19	3
30:3	HEB.12.6	2
30:3	1PE.1.6-1PE.1.7	2
30:3	REV.3.9	2
30:4	1SA.11.4	4
30:4	GEN.37.33-GEN.37.35	2
30:4	NUM.14.1	2
30:4	NUM.14.39	2
30:4	JDG.2.4	2
30:4	JDG.21.2	2
30:4	1SA.4.13	2
30:4	EZR.10.1	1
30:5	1SA.25.42-1SA.25.43	4
30:5	2SA.2.2	4
30:5	1SA.1.2	2
30:5	1SA.27.3	2
30:5	2SA.3.2-2SA.3.3	2
30:6	PSA.56.3-PSA.56.4	34
30:6	PSA.56.11	28
30:6	PSA.62.5	22
30:6	PSA.27.1-PSA.27.3	19
30:6	PSA.18.6	17
30:6	PSA.25.17	15
30:6	PSA.40.1-PSA.40.2	14
30:6	EXO.17.4	13
30:6	ROM.8.31	13
30:6	2CO.1.8-2CO.1.10	13
30:6	HEB.13.6	13
30:6	PSA.27.14	12
30:6	PSA.42.11	12
30:6	PSA.62.8-PSA.62.9	12
30:6	PSA.116.3-PSA.116.4	12
30:6	PSA.116.10	12
30:6	ROM.4.18	12
30:6	PSA.34.1-PSA.34.8	11
30:6	2CO.4.8	11
30:6	NUM.14.10	10
30:6	PSA.118.8-PSA.118.13	10
30:6	JHN.8.59	10
30:6	1SA.1.10	9
30:6	PRO.18.10	9
30:6	2CO.7.5	9
30:6	JOB.13.15	8
30:6	ISA.37.14-ISA.37.20	8
30:6	GEN.32.7	7
30:6	ISA.25.4	7
30:6	MAT.21.9	7
30:6	MAT.27.22	7
30:6	ROM.4.20	7
30:6	2CO.1.6	7
30:6	JDG.18.25	6
30:6	2SA.17.8	6
30:6	PSA.26.1-PSA.26.2	6
30:6	PSA.42.7	6
30:6	PSA.62.1	6
30:6	JER.16.19	6
30:6	HAB.3.17-HAB.3.18	6
30:6	PSA.42.5	4
30:6	2KI.4.27	3
30:7	1SA.22.20-1SA.22.21	3
30:7	1KI.2.26	3
30:7	1SA.23.2-1SA.23.9	2
30:7	MRK.2.26	2
30:8	1SA.30.18	40
30:8	1SA.23.2	32
30:8	PRO.3.5-PRO.3.6	31
30:8	2SA.5.19	24
30:8	2SA.5.23	20
30:8	PSA.91.15	20
30:8	JDG.20.23	19
30:8	1SA.23.4	19
30:8	PSA.50.15	17
30:8	1SA.23.10-1SA.23.12	16
30:8	NUM.27.21	12
30:8	JDG.20.18	11
30:8	JDG.20.28	11
30:8	1SA.28.6	11
30:8	1SA.14.37	8
30:8	1SA.28.15-1SA.28.16	7
30:9	1SA.27.2	2
30:10	1SA.30.9	3
30:10	1SA.30.21	3
30:10	JDG.8.4-JDG.8.5	2
30:10	1SA.14.20	2
30:10	1SA.14.31	2
30:11	DEU.23.7	3
30:11	ROM.12.20-ROM.12.21	3
30:11	DEU.15.7-DEU.15.11	2
30:11	PRO.25.21	2
30:11	MAT.25.35	2
30:11	LUK.10.36-LUK.10.37	2
30:12	JDG.15.19	5
30:12	1SA.14.27	3
30:12	1SA.30.13	2
30:12	EST.4.16	2
30:12	ISA.40.29-ISA.40.31	2
30:12	JON.1.17	2
30:12	MAT.27.63	2
30:13	PRO.12.10	3
30:13	JAS.2.13	3
30:13	JOB.31.13-JOB.31.15	2
30:14	2SA.8.18	5
30:14	1KI.1.38	5
30:14	1KI.1.44	5
30:14	EZK.25.16	5
30:14	ZEP.2.5	5
30:14	JOS.14.13	4
30:14	JOS.15.13	4
30:14	1SA.30.1	4
30:14	1SA.30.16	4
30:14	1CH.18.17	3
30:15	DEU.23.15-DEU.23.16	2
30:15	JOS.2.12	2
30:15	JOS.9.15	2
30:15	JOS.9.19-JOS.9.20	2
30:15	1SA.29.6	2
30:15	EZK.17.13	2
30:15	EZK.17.16	2
30:15	EZK.17.19	2
30:16	REV.11.10-REV.11.13	4
30:16	JDG.16.23-JDG.16.30	3
30:16	1SA.30.14	3
30:16	2SA.13.28	3
30:16	JOB.20.5	3
30:16	DAN.5.1-DAN.5.4	3
30:16	LUK.12.19-LUK.12.20	3
30:16	LUK.17.27-LUK.17.29	3
30:16	LUK.21.34-LUK.21.35	3
30:16	1TH.5.3	3
30:16	EXO.32.6	2
30:16	EXO.32.17-EXO.32.19	2
30:16	EXO.32.27-EXO.32.28	2
30:16	JDG.1.24-JDG.1.25	2
30:16	1SA.25.36-1SA.25.38	2
30:16	ISA.22.13	1
30:17	1SA.11.11	4
30:17	PSA.18.42	3
30:17	JDG.4.16	2
30:17	1SA.15.3	2
30:17	1KI.20.29-1KI.20.30	2
30:18	GEN.14.16	13
30:19	1SA.30.8	5
30:19	PSA.91.9-PSA.91.10	5
30:19	JOB.1.10	4
30:19	PSA.34.9-PSA.34.10	4
30:19	MAT.6.33	4
30:19	GEN.14.14-GEN.14.16	3
30:19	NUM.31.49	2
30:20	1SA.30.26	5
30:20	NUM.31.9-NUM.31.12	4
30:20	2CH.20.25	4
30:20	ISA.53.12	4
30:20	ROM.8.37	4
30:21	JDG.8.15	3
30:21	1SA.30.10	3
30:21	HEB.13.1	3
30:21	1PE.3.8	2
30:22	DEU.13.13	3
30:22	MAT.7.12	3
30:22	JDG.19.22	2
30:22	1SA.22.2	2
30:22	1SA.25.17	2
30:22	1SA.25.25	2
30:22	1KI.21.10	2
30:22	1KI.21.13	2
30:23	DEU.8.18	4
30:23	PSA.44.2-PSA.44.7	3
30:23	PSA.121.7-PSA.121.8	3
30:23	GEN.19.7	2
30:23	NUM.31.49-NUM.31.54	2
30:23	DEU.8.10	2
30:23	JDG.19.23	2
30:23	1SA.2.7	2
30:23	ACT.7.2	2
30:23	ACT.22.1	2
30:23	1SA.30.8	1
30:23	1CH.29.12-1CH.29.14	1
30:23	HAB.1.16	1
30:24	NUM.31.27	13
30:24	JOS.22.8	13
30:24	PSA.68.12	8
30:25	1SA.16.13	0
30:26	1SA.25.27	3
30:26	GEN.33.11	2
30:26	2KI.5.15	2
30:26	1CH.12.1-1CH.12.15	2
30:26	PSA.35.27	2
30:26	PSA.68.18	2
30:26	PRO.18.16-PRO.18.24	2
30:26	ISA.32.8	2
30:26	2CO.9.5	2
30:27	JOS.15.48	5
30:27	JOS.19.8	4
30:27	GEN.28.19	3
30:27	JOS.21.14	3
30:27	JDG.1.22-JDG.1.23	3
30:27	JOS.7.2	2
30:27	JOS.16.2	2
30:27	1KI.12.29	2
30:28	JOS.13.16	5
30:28	JOS.15.50	5
30:28	JOS.21.14	2
30:29	JDG.1.16	5
30:29	1SA.27.10	5
30:29	1SA.15.6	2
30:29	1SA.23.19	2
30:30	JDG.1.17	5
30:30	JOS.19.4	3
30:30	NUM.14.45	2
30:30	JOS.15.42	2
30:31	2SA.2.1	5
30:31	JOS.14.13-JOS.14.15	2
30:31	2SA.2.4	2
30:31	2SA.4.1	2
30:31	2SA.15.10	2
31:1	1CH.10.1-1CH.10.12	7
31:1	1SA.28.4	5
31:1	2SA.1.21	3
31:1	1SA.12.25	2
31:1	1SA.28.1	2
31:1	1SA.28.15	2
31:1	1SA.29.1	2
31:2	1CH.8.33	4
31:2	1SA.14.49	3
31:2	EXO.20.5	2
31:2	1SA.13.2	2
31:2	1SA.13.16	2
31:2	1SA.18.1-1SA.18.4	2
31:2	1SA.23.17	2
31:2	2SA.1.6	2
31:2	1CH.9.39	2
31:2	1SA.14.1-1SA.14.14	1
31:2	1SA.14.22	1
31:2	2KI.25.7	1
31:3	2SA.1.6	3
31:3	GEN.49.23	2
31:3	2SA.1.4	2
31:3	1KI.22.34	2
31:3	AMO.2.14	2
31:4	JDG.9.54	5
31:4	2SA.1.6	5
31:4	2SA.1.9-2SA.1.10	5
31:4	2SA.1.20	4
31:4	2SA.17.23	4
31:4	JDG.14.3	3
31:4	1SA.14.6	3
31:4	1SA.17.26	3
31:4	1SA.17.36	3
31:4	2SA.1.14	3
31:4	1KI.16.27	3
31:4	1CH.10.4	3
31:4	JER.9.25-JER.9.26	2
31:4	EZK.44.7-EZK.44.9	2
31:5	1CH.10.5	2
31:6	1SA.4.10-1SA.4.11	2
31:6	1SA.11.15	2
31:6	1SA.12.17	2
31:6	1SA.12.25	2
31:6	1SA.28.19	2
31:6	1CH.10.6	2
31:6	ECC.9.1-ECC.9.2	2
31:6	HOS.13.10-HOS.13.11	2
31:7	LEV.26.32	2
31:7	LEV.26.36	2
31:7	DEU.28.33	2
31:7	JDG.6.2	2
31:7	1SA.13.6	2
31:8	1CH.10.8	2
31:8	2CH.20.25	2
31:9	2SA.1.20	5
31:9	JDG.16.23-JDG.16.24	4
31:9	1SA.17.51	2
31:9	1SA.17.54	2
31:9	1SA.31.4	2
31:9	1CH.10.9-1CH.10.10	2
31:10	JOS.17.11	5
31:10	JDG.2.13	5
31:10	1SA.21.9	3
31:10	JDG.1.27	2
31:10	1SA.7.3	2
31:10	2SA.21.12-2SA.21.14	2
31:11	1SA.11.1-1SA.11.11	2
31:11	2SA.2.4	2
31:12	2CH.16.14	5
31:12	JER.34.5	4
31:12	2SA.2.4-2SA.2.7	3
31:12	AMO.6.10	3
31:13	GEN.50.10	5
31:13	2SA.21.12-2SA.21.14	5
31:13	1SA.22.6	3
31:13	2SA.1.12	3
31:13	GEN.35.8	2
31:13	2SA.2.4-2SA.2.5	2
