# chapter:verse	to	votes (most first)
1:1	1CH.29.25	7
1:1	1KI.2.12	6
1:1	GEN.39.2	5
1:1	GEN.21.22	4
1:1	GEN.39.21	3
1:1	EXO.3.12	3
1:1	1KI.2.46	3
1:1	1CH.17.8	3
1:1	PHP.2.9-PHP.2.11	3
1:1	MAT.28.20	1
1:2	1CH.28.1	4
1:2	1CH.27.1	3
1:2	1CH.13.1	2
1:2	1CH.15.3	2
1:2	1CH.15.12	2
1:2	1CH.24.4	2
1:2	1CH.24.31	2
1:2	1CH.29.1	2
1:2	2CH.29.20	2
1:2	2CH.30.2	2
1:2	2CH.34.29-2CH.34.30	2
1:3	1CH.16.39	3
1:3	1CH.21.29	3
1:3	EXO.26.1-EXO.26.37	2
1:3	EXO.36.8	2
1:3	EXO.40.2	2
1:3	EXO.40.34	2
1:3	LEV.1.1	2
1:3	DEU.34.5	2
1:3	1KI.3.4-1KI.3.15	2
1:4	2SA.6.2	4
1:4	2SA.6.17	4
1:4	1CH.15.25-1CH.15.28	4
1:4	1CH.15.1	3
1:4	1CH.16.1	3
1:4	1CH.13.5-1CH.13.6	2
1:4	PSA.132.5-PSA.132.6	2
1:5	EXO.31.2	4
1:5	EXO.38.1-EXO.38.7	3
1:5	EXO.27.1-EXO.27.8	2
1:5	1CH.2.19-1CH.2.20	2
1:5	1CH.13.3	2
1:6	1KI.3.4	4
1:6	1KI.8.63	2
1:6	1CH.29.21	2
1:6	ISA.40.16	1
1:7	MAT.7.7-MAT.7.8	15
1:7	1JN.5.14-1JN.5.15	13
1:7	JHN.16.23	9
1:7	PRO.3.5-PRO.3.6	7
1:7	1KI.3.5-1KI.3.15	5
1:7	MRK.10.36-MRK.10.37	5
1:7	MRK.10.51	5
1:8	1CH.28.5	6
1:8	ISA.55.3	3
1:8	2SA.7.8-2SA.7.9	2
1:8	2SA.12.7-2SA.12.8	2
1:8	2SA.22.51-2SA.23.1	2
1:8	1CH.29.23	2
1:8	PSA.86.13	2
1:8	PSA.89.20-PSA.89.28	2
1:8	PSA.89.49	2
1:9	GEN.13.16	5
1:9	2SA.7.12-2SA.7.16	5
1:9	GEN.22.17	3
1:9	PSA.89.35-PSA.89.37	3
1:9	PSA.132.11-PSA.132.12	3
1:9	NUM.23.10	2
1:9	2SA.7.25-2SA.7.29	2
1:9	1KI.3.7-1KI.3.8	2
1:9	1CH.17.11-1CH.17.14	2
1:9	1CH.17.23-1CH.17.27	2
1:9	1CH.28.6-1CH.28.7	2
1:10	1KI.3.9	14
1:10	PRO.2.2-PRO.2.6	7
1:10	PRO.4.7	7
1:10	JAS.1.5	7
1:10	2SA.5.2	6
1:10	PSA.119.34	6
1:10	PRO.3.13-PRO.3.18	6
1:10	NUM.27.17	5
1:10	PSA.119.73	5
1:10	2CO.3.5	5
1:10	DEU.31.2	4
1:10	2CO.2.16	3
1:11	JAS.3.17	11
1:11	PRO.23.7	8
1:11	1SA.16.7	4
1:11	1KI.3.11-1KI.3.13	3
1:11	1KI.3.28	3
1:11	1CH.29.17-1CH.29.18	3
1:11	JAS.3.13	3
1:11	1KI.8.18	2
1:11	1CH.28.2	2
1:11	PRO.14.8	2
1:11	ACT.5.4	2
1:11	HEB.4.12	2
1:12	JAS.1.5	14
1:12	2CH.9.22	13
1:12	MAT.6.33	11
1:12	EPH.3.20	10
1:12	1CH.29.25	9
1:12	ECC.2.9	8
1:13	1KI.4.24-1KI.4.25	2
1:13	2CH.1.3	2
1:14	1KI.4.26	6
1:14	1KI.10.26-1KI.10.29	5
1:14	1KI.9.19	4
1:14	2CH.9.25	4
1:14	DEU.17.16	3
1:14	1KI.10.16	3
1:15	2CH.9.27	4
1:15	1KI.10.27-1KI.10.29	2
1:15	2CH.1.12	2
1:15	JOB.22.24-JOB.22.25	2
1:15	ISA.9.10	2
1:15	ISA.60.17	2
1:15	AMO.7.14	2
1:16	1KI.10.28-1KI.10.29	2
1:16	2CH.9.28	2
1:17	2KI.10.29	2
2:1	1KI.5.5	4
2:1	1CH.22.10	3
2:1	DEU.12.5	2
2:1	DEU.12.11	2
2:1	DEU.28.58	2
2:1	1KI.7.1	2
2:1	1KI.8.18	2
2:1	1KI.8.20	2
2:1	1KI.9.1	2
2:1	MAT.6.9-MAT.6.10	1
2:2	2CH.2.18	5
2:2	1KI.5.15-1KI.5.16	4
2:3	1CH.14.1	5
2:3	2SA.5.11	3
2:3	1KI.5.1-1KI.5.11	2
2:4	EXO.30.7	6
2:4	EXO.25.30	5
2:4	2CH.2.1	4
2:4	LEV.23.1-LEV.23.17	3
2:4	LEV.24.5-LEV.24.9	3
2:4	NUM.28.1-NUM.28.29	3
2:4	1KI.8.18	3
2:4	1KI.8.63	3
2:4	EXO.29.38-EXO.29.42	2
2:5	1CH.16.25	5
2:5	EXO.15.11	4
2:5	PSA.135.5	4
2:5	1CH.29.1	2
2:5	2CH.2.9	2
2:5	PSA.86.8-PSA.86.9	2
2:5	PSA.145.3	2
2:5	JER.10.6	2
2:5	1TI.6.15	2
2:5	1KI.9.8	1
2:5	EZK.7.20	0
2:6	1KI.8.27	7
2:6	2CH.6.18	7
2:6	ISA.66.1	7
2:6	ACT.7.48-ACT.7.49	5
2:6	EXO.3.11	4
2:6	DEU.12.5-DEU.12.6	4
2:6	2SA.7.18	4
2:6	1CH.29.14	4
2:6	2CH.1.10	4
2:6	DEU.12.14	3
2:6	DEU.12.26	3
2:6	2CO.2.16	3
2:6	EPH.3.8	3
2:6	DEU.12.11	2
2:7	EXO.31.3-EXO.31.5	3
2:7	1CH.22.15-1CH.22.16	3
2:7	2CH.2.13-2CH.2.14	3
2:7	1KI.7.14	2
2:7	ISA.28.26	2
2:7	ISA.28.29	2
2:7	ISA.60.10	2
2:8	1KI.5.6	3
2:8	1KI.10.11	2
2:8	2CH.9.10-2CH.9.11	2
2:9	1KI.9.8	2
2:9	2CH.2.5	2
2:9	2CH.7.21	2
2:10	1KI.5.11	4
2:10	1KI.7.26	2
2:10	1KI.7.38	2
2:10	EZR.7.22	2
2:10	LUK.10.7	2
2:10	ROM.13.7-ROM.13.8	2
2:11	1KI.10.9	5
2:11	2CH.9.8	5
2:11	PSA.72.17	3
2:11	DEU.7.7-DEU.7.8	2
2:12	PSA.33.6	6
2:12	1PE.1.3	4
2:12	REV.4.11	4
2:12	GEN.1.1-GEN.1.2	3
2:12	1KI.5.7	3
2:12	1CH.29.20	3
2:12	2CH.1.10-2CH.1.12	3
2:12	2CH.2.1	3
2:12	PSA.72.18-PSA.72.19	3
2:12	PSA.102.25	3
2:12	PSA.124.8	3
2:12	PSA.136.5-PSA.136.6	3
2:12	PSA.146.5-PSA.146.6	3
2:12	JER.10.10	3
2:12	LUK.1.68	3
2:12	ACT.4.24	3
2:12	ACT.14.15	3
2:12	COL.1.16-COL.1.17	3
2:12	REV.10.6	3
2:12	PSA.102.5	2
2:13	2CH.4.16	2
2:14	2CH.2.7	4
2:14	EXO.31.3-EXO.31.4	3
2:14	1KI.7.13-1KI.7.14	3
2:15	2CH.2.10	5
2:15	1KI.5.11	2
2:16	JOS.19.46	4
2:16	1KI.5.8-1KI.5.9	3
2:16	EZR.3.7	2
2:16	JHN.1.3	2
2:16	ACT.9.36	2
2:16	ACT.10.32	2
2:17	1CH.22.2	5
2:17	1KI.5.13-1KI.5.16	2
2:17	1KI.9.20-1KI.9.21	2
2:17	2CH.2.2	2
2:17	2CH.8.7-2CH.8.8	2
2:18	2CH.2.2	3
3:1	GEN.22.14	7
3:1	1CH.21.18	7
3:1	GEN.22.2	4
3:1	1CH.22.1	4
3:1	1KI.6.1-1KI.6.14	3
3:1	2SA.24.18-2SA.24.25	2
3:2	1KI.6.1	3
3:3	1KI.6.2-1KI.6.3	2
3:3	1CH.28.11-1CH.28.19	2
3:4	JHN.10.23	2
3:4	ACT.3.11	2
3:4	ACT.5.12	2
3:5	1KI.6.15-1KI.6.17	2
3:5	1KI.6.21-1KI.6.22	2
3:6	1CH.29.2	2
3:6	1CH.29.8	2
3:6	ISA.54.11-ISA.54.12	2
3:6	REV.21.18-REV.21.21	2
3:7	1KI.6.20-1KI.6.22	3
3:7	EXO.26.1	2
3:7	EXO.26.29	2
3:7	1KI.6.29-1KI.6.35	2
3:7	EZK.7.20	2
3:8	EXO.26.33	5
3:8	1KI.6.16	3
3:8	1KI.6.19-1KI.6.20	3
3:8	HEB.9.3	3
3:8	HEB.9.9	3
3:8	HEB.10.19	3
3:9	1CH.28.11	2
3:10	1KI.6.23-1KI.6.28	4
3:10	EXO.25.18	2
3:13	EXO.25.20	3
3:14	HEB.9.3	3
3:14	EXO.26.31-EXO.26.35	2
3:14	MAT.27.51	2
3:14	HEB.10.20	2
3:15	1KI.7.15-1KI.7.24	2
3:15	JER.52.20-JER.52.23	2
3:16	1KI.7.20	3
3:16	1KI.6.21	2
3:17	1KI.7.21	2
4:1	1KI.8.64	4
4:1	EZK.43.13-EZK.43.17	3
4:1	EXO.27.1-EXO.27.8	2
4:1	1KI.8.22	2
4:1	1KI.9.25	2
4:1	2KI.16.14-2KI.16.15	2
4:1	2CH.1.5	2
4:2	EXO.30.18-EXO.30.21	2
4:2	1KI.7.23-1KI.7.26	2
4:2	ZEC.13.1	2
4:2	TIT.3.5	2
4:2	REV.7.14	2
4:3	1KI.7.24-1KI.7.26	4
4:3	EZK.1.10	4
4:3	EZK.10.14	4
4:3	1CO.9.9-1CO.9.10	4
4:3	REV.4.7	4
4:4	MAT.16.18	2
4:4	MAT.28.19-MAT.28.20	2
4:4	MRK.16.15	2
4:4	LUK.24.46-LUK.24.47	2
4:4	ACT.9.15	2
4:4	EPH.2.20	2
4:4	REV.21.14	2
4:5	1KI.7.26	5
4:6	1KI.7.38	5
4:6	EXO.30.18-EXO.30.21	4
4:6	1KI.7.40	3
4:6	PSA.51.2	3
4:6	EZK.40.38	3
4:6	EXO.29.4	2
4:6	LEV.1.9	2
4:6	LEV.1.13	2
4:6	2CH.4.2	2
4:6	1CO.6.11	2
4:6	HEB.9.14	2
4:6	HEB.9.23	2
4:6	1JN.1.7	2
4:6	REV.1.5-REV.1.6	2
4:6	REV.7.14	2
4:7	EXO.25.31-EXO.25.40	4
4:7	1KI.7.49	4
4:7	1CH.28.12	3
4:7	JHN.8.12	3
4:7	1CH.28.15	2
4:7	1CH.28.19	2
4:7	ZEC.4.2-ZEC.4.3	2
4:7	ZEC.4.11-ZEC.4.14	2
4:7	MAT.5.14-MAT.5.16	2
4:7	HEB.8.5	2
4:7	REV.1.20	2
4:8	1KI.7.48	5
4:8	EXO.25.23-EXO.25.30	3
4:8	EXO.37.10-EXO.37.16	3
4:8	ISA.25.6	3
4:8	EZK.44.16	3
4:8	ZEC.14.20	3
4:8	MAL.1.12	3
4:8	1CO.10.21	3
4:8	JER.52.18-JER.52.19	2
4:9	1KI.6.36	5
4:9	2KI.21.5	3
4:9	1KI.7.12	2
4:10	1KI.7.39	4
4:11	1KI.7.14	2
4:11	1KI.7.40-1KI.7.51	2
4:12	1KI.7.41	3
4:12	2CH.3.15-2CH.3.17	2
4:13	1KI.7.20	4
4:13	EXO.28.33-EXO.28.34	2
4:13	1KI.7.42	2
4:13	SNG.4.13	2
4:13	JER.52.23	2
4:14	1KI.7.27-1KI.7.43	3
4:16	2CH.2.13	4
4:16	1KI.7.13-1KI.7.14	3
4:16	1CH.28.17	3
4:16	2CH.4.11	3
4:16	EXO.27.3	2
4:16	EXO.38.3	2
4:16	1SA.2.13-1SA.2.14	2
4:16	1KI.7.45	2
4:16	ZEC.14.20-ZEC.14.21	2
4:17	1KI.7.46	2
4:18	1KI.7.47	4
4:18	JER.52.20	3
4:18	1CH.22.3	2
4:18	1CH.22.14	2
4:19	REV.9.13	3
4:19	EXO.25.23-EXO.25.30	2
4:19	EXO.30.1-EXO.30.10	2
4:19	EXO.37.25-EXO.37.29	2
4:19	LEV.24.5-LEV.24.8	2
4:19	1KI.7.48-1KI.7.50	2
4:19	2KI.24.13	2
4:19	2KI.25.13-2KI.25.15	2
4:19	1CH.28.16	2
4:19	2CH.4.8	2
4:19	2CH.26.16-2CH.26.18	2
4:19	2CH.36.10	2
4:19	2CH.36.18	2
4:19	EZR.1.7-EZR.1.11	2
4:19	JER.28.3	2
4:19	JER.52.18-JER.52.19	2
4:19	DAN.5.2-DAN.5.3	2
4:19	DAN.5.23	2
4:19	REV.8.3	2
4:20	EXO.25.31-EXO.25.37	3
4:20	2CH.4.7	3
4:20	EXO.27.20-EXO.27.21	2
4:20	1KI.6.5	2
4:20	1KI.6.16-1KI.6.17	2
4:20	1KI.8.6	2
4:20	PSA.28.2	2
4:21	EXO.25.31-EXO.25.40	2
4:21	EXO.37.20	2
4:21	1KI.6.18	2
4:21	1KI.6.29	2
4:21	1KI.6.35	2
4:21	2CH.4.5	2
4:22	EXO.37.23	2
4:22	1KI.6.31-1KI.6.32	2
4:22	1KI.7.50	2
4:22	2KI.12.13	2
4:22	2KI.25.14	2
4:22	JER.52.18	2
5:1	1KI.7.51	6
5:1	2SA.8.11	3
5:1	1CH.22.14	3
5:1	1CH.26.26-1CH.26.28	3
5:2	2SA.6.12	5
5:2	2CH.1.4	3
5:2	NUM.10.33	2
5:2	NUM.10.36	2
5:2	2SA.5.7	2
5:2	1KI.8.1-1KI.8.11	2
5:2	1CH.15.12	2
5:2	1CH.15.25	2
5:2	1CH.16.1	2
5:2	1CH.24.6	2
5:2	1CH.24.31	2
5:2	1CH.26.26	2
5:2	1CH.28.1	2
5:2	2CH.5.1	2
5:2	2CH.5.12	2
5:2	PSA.2.6	2
5:2	PSA.87.2	2
5:2	PSA.132.13-PSA.132.17	2
5:3	1KI.8.2	6
5:3	2CH.7.8-2CH.7.10	5
5:3	LEV.23.34-LEV.23.36	3
5:4	JOS.3.6	3
5:4	1KI.8.3	3
5:4	NUM.4.15	2
5:4	JOS.6.6	2
5:4	1CH.15.2	2
5:4	1CH.15.12-1CH.15.14	2
5:4	2CH.5.7	2
5:5	1KI.8.4	2
5:5	1KI.8.6	2
5:5	2CH.1.3	2
5:6	2SA.6.13	2
5:6	1CH.16.1-1CH.16.2	2
5:6	1CH.29.21	2
5:6	1KI.8.5	1
5:7	EXO.37.6-EXO.37.9	4
5:7	1KI.6.23-1KI.6.28	4
5:7	1KI.8.6-1KI.8.7	4
5:7	PSA.132.8	4
5:7	HEB.9.4-HEB.9.5	3
5:7	2CH.4.20	2
5:8	EXO.25.12-EXO.25.15	2
5:8	EXO.37.3-EXO.37.5	2
5:8	NUM.4.6	2
5:9	1KI.8.8-1KI.8.9	3
5:10	HEB.9.4	4
5:10	EXO.19.5	3
5:10	EXO.24.7-EXO.24.8	3
5:10	DEU.10.2-DEU.10.5	3
5:10	2CH.6.11	3
5:10	EXO.31.18	2
5:10	EXO.32.15-EXO.32.16	2
5:10	EXO.32.19	2
5:10	EXO.34.1	2
5:10	EXO.40.20	2
5:10	DEU.29.1	2
5:10	DEU.29.10-DEU.29.14	2
5:10	JER.31.31-JER.31.34	2
5:10	HEB.8.6-HEB.8.13	2
5:11	2CH.29.5	3
5:11	2CH.30.17-2CH.30.20	3
5:11	2CH.35.4	3
5:11	JOB.1.5	3
5:11	EXO.19.10	2
5:11	EXO.19.14-EXO.19.15	2
5:11	1CH.24.1-1CH.24.31	2
5:11	2CH.29.15	2
5:11	2CH.29.34	2
5:11	2CH.30.15	2
5:12	1CH.15.24	6
5:12	1CH.6.33	4
5:12	1CH.6.39	4
5:12	1CH.23.5	4
5:12	2CH.7.6	4
5:12	NUM.10.1-NUM.10.5	3
5:12	1CH.13.8	3
5:12	1CH.15.16-1CH.15.22	3
5:12	1CH.15.27	3
5:12	1CH.16.41-1CH.16.42	3
5:12	1CH.25.1-1CH.25.7	3
5:12	2CH.29.25	3
5:12	EZR.3.10-EZR.3.11	3
5:12	PSA.50.1	3
5:12	PSA.62.1	3
5:12	PSA.68.25	3
5:12	PSA.88.1	3
5:12	PSA.92.3	3
5:12	PSA.149.3	3
5:12	PSA.150.3-PSA.150.5	3
5:12	REV.15.6	3
5:12	REV.19.8	3
5:12	JOS.6.6-JOS.6.20	2
5:12	1CH.16.4-1CH.16.6	2
5:12	1CH.23.30	2
5:13	EZR.3.11	10
5:13	2CH.7.3	7
5:13	JER.33.11	7
5:13	ISA.52.8	6
5:13	REV.5.8-REV.5.14	6
5:13	PSA.100.5	5
5:13	PSA.136.1-PSA.136.26	5
5:13	2CH.20.21	4
5:13	PSA.95.1-PSA.95.2	4
5:13	EXO.40.34-EXO.40.35	3
5:13	1CH.16.34-1CH.16.42	3
5:13	PSA.68.25-PSA.68.26	3
5:13	JER.32.39	3
5:13	ACT.4.32	3
5:13	ROM.15.6	3
5:13	PSA.100.1-PSA.100.2	2
5:14	EXO.40.35	20
5:14	1KI.8.11	17
5:14	ISA.6.1-ISA.6.4	15
5:14	2CH.7.2	14
5:14	REV.15.8	14
5:14	EZK.10.4	13
5:14	1TI.6.16	11
6:1	EXO.20.21	6
6:1	PSA.18.8-PSA.18.11	5
6:1	LEV.16.2	4
6:1	DEU.4.11	3
6:1	1KI.8.12-1KI.8.50	3
6:1	NAM.1.3	3
6:1	HEB.12.18	3
6:1	EXO.24.15-EXO.24.18	2
6:1	PSA.97.2	2
6:2	2CH.2.4-2CH.2.6	3
6:2	2SA.7.13	2
6:2	1KI.8.13	2
6:2	1CH.17.12	2
6:2	1CH.22.10-1CH.22.11	2
6:2	1CH.28.6	2
6:2	1CH.28.20	2
6:2	PSA.132.5	2
6:2	PSA.132.13-PSA.132.14	2
6:2	PSA.135.21	2
6:2	JHN.4.21-JHN.4.23	2
6:2	HEB.9.11-HEB.9.12	2
6:2	REV.21.3	2
6:3	1KI.8.14	4
6:3	NUM.6.23-NUM.6.27	2
6:3	JOS.22.6	2
6:3	1KI.8.55-1KI.8.61	2
6:3	1CH.16.2	2
6:3	2CH.29.29	2
6:3	NEH.8.5-NEH.8.7	2
6:3	MAT.13.2	2
6:3	LUK.24.50-LUK.24.51	2
6:4	PSA.68.32-PSA.68.35	3
6:4	PSA.72.18-PSA.72.19	3
6:4	MAT.24.35	3
6:4	1KI.8.15	2
6:4	1CH.17.12	2
6:4	1CH.29.10	2
6:4	1CH.29.20	2
6:4	PSA.41.13	2
6:4	PSA.68.4	2
6:4	PSA.138.1-PSA.138.2	2
6:4	LUK.1.68-LUK.1.70	2
6:4	EPH.1.3	2
6:5	EXO.20.24	2
6:5	EXO.23.21	2
6:5	DEU.12.5	2
6:5	DEU.12.11	2
6:5	1SA.10.24	2
6:5	1SA.13.13-1SA.13.14	2
6:5	1SA.15.23	2
6:5	2SA.7.6-2SA.7.7	2
6:5	2SA.7.15-2SA.7.16	2
6:5	1KI.8.16	2
6:5	DAN.9.19	2
6:6	1CH.28.4	10
6:6	PSA.132.13	10
6:6	2CH.12.13	8
6:6	PSA.48.1	6
6:6	PSA.78.68-PSA.78.70	6
6:6	1SA.16.1	4
6:6	PSA.89.19-PSA.89.20	4
6:6	ISA.14.32	4
6:7	1KI.5.3	3
6:7	1CH.17.1	3
6:7	2SA.7.2-2SA.7.3	2
6:7	1KI.8.17	2
6:7	1CH.22.7	2
6:7	1CH.28.2-1CH.28.4	2
6:8	1KI.8.18-1KI.8.21	2
6:8	MRK.14.8	2
6:8	2CO.8.12	2
6:9	2SA.7.12-2SA.7.13	2
6:9	1CH.17.4	2
6:9	1CH.17.11-1CH.17.12	2
6:10	1KI.2.12	2
6:10	1KI.3.6-1KI.3.7	2
6:10	1CH.17.11	2
6:10	1CH.28.5	2
6:10	1CH.29.15	2
6:10	1CH.29.23	2
6:10	2CH.1.1	2
6:10	ECC.1.4	2
6:10	ECC.2.18-ECC.2.19	2
6:11	2CH.5.10	5
6:11	2CH.5.7	3
6:11	EXO.40.20	2
6:11	1KI.8.9	2
6:11	1KI.8.21	2
6:11	HEB.9.4	2
6:12	EXO.9.33	4
6:12	JOB.11.13	4
6:12	PSA.63.4	4
6:12	PSA.143.6	4
6:12	ISA.50.10	4
6:12	1KI.8.22-1KI.8.53	3
6:12	2KI.11.14	3
6:12	2KI.23.3	3
6:12	PSA.28.2	3
6:12	PSA.29.1-PSA.29.2	3
6:12	PSA.68.31	3
6:12	PSA.141.2	3
6:12	1TI.2.8	3
6:13	1KI.8.54	6
6:13	NEH.8.4	5
6:13	EZR.9.5	4
6:13	PSA.95.6	4
6:13	1KI.6.36	3
6:13	1KI.7.12	3
6:13	2CH.4.9	3
6:13	DAN.6.10	3
6:13	LUK.22.41	3
6:13	ACT.20.36	3
6:13	ACT.21.5	3
6:14	EXO.15.11	9
6:14	DEU.7.9	7
6:14	NEH.1.5	5
6:14	PSA.89.6	5
6:14	PSA.89.8	5
6:14	PSA.89.28	5
6:14	LUK.1.54-LUK.1.55	5
6:14	1TH.2.12	5
6:14	GEN.5.24	4
6:14	GEN.17.1	4
6:14	GEN.33.20	4
6:14	DEU.4.39	4
6:14	1KI.3.6	4
6:14	1KI.6.12	4
6:14	1KI.8.23	4
6:14	1KI.18.36	4
6:14	1CH.29.20	4
6:14	JER.10.6	4
6:14	LUK.1.6	4
6:14	LUK.1.50	4
6:14	MIC.7.18-MIC.7.20	3
6:14	GEN.35.10	2
6:14	EXO.3.15	2
6:14	2SA.7.22	2
6:14	1CH.29.10	2
6:14	PSA.86.8	2
6:14	PSA.103.17-PSA.103.18	2
6:14	JER.10.16	2
6:14	DAN.9.4	2
6:14	LUK.1.72	2
6:15	1CH.22.9-1CH.22.10	4
6:15	2SA.7.12	2
6:15	1KI.8.24	2
6:16	1KI.2.4	7
6:16	2CH.7.18	3
6:16	PSA.132.12	3
6:16	JHN.15.14-JHN.15.15	3
6:16	2SA.7.12-2SA.7.16	2
6:16	PSA.119.1	2
6:16	EZK.36.37	1
6:17	JER.11.5	5
6:17	EXO.24.10	4
6:17	2SA.7.25-2SA.7.29	4
6:17	2CH.6.4	4
6:17	2CH.6.14	4
6:17	ISA.41.17	4
6:17	ISA.45.3	4
6:18	2CH.2.6	6
6:18	ISA.66.1	6
6:18	PSA.139.7-PSA.139.10	5
6:18	2CH.32.15	3
6:18	PSA.113.5-PSA.113.6	3
6:18	ACT.7.48-ACT.7.49	3
6:18	ACT.17.24	3
6:18	2CO.12.2	3
6:18	EXO.29.45-EXO.29.46	2
6:18	1KI.8.27	2
6:18	JOB.4.19	2
6:18	JOB.9.14	2
6:18	JOB.25.4-JOB.25.6	2
6:18	PSA.68.18	2
6:18	ISA.57.15	2
6:18	MAT.7.11	2
6:18	JER.23.24	1
6:19	1KI.8.28	3
6:19	PSA.4.1	2
6:19	PSA.5.1-PSA.5.2	2
6:19	PSA.20.1-PSA.20.3	2
6:19	PSA.74.20	2
6:19	PSA.130.2	2
6:19	DAN.9.17-DAN.9.19	2
6:19	LUK.18.1-LUK.18.7	2
6:19	JHN.17.20	2
6:20	PSA.34.15	5
6:20	2CH.6.6	4
6:20	PSA.121.5	4
6:20	DAN.6.10	4
6:20	DEU.12.11	3
6:20	DEU.26.2	3
6:20	NEH.1.6	3
6:20	1KI.8.29-1KI.8.30	2
6:20	2KI.19.16	2
6:20	2CH.16.9	2
6:20	COL.2.9	2
6:21	MIC.7.18	6
6:21	ISA.43.25	5
6:21	DAN.9.19	5
6:21	2CH.6.39	4
6:21	2CH.30.27	3
6:21	PSA.130.3-PSA.130.4	3
6:21	ECC.5.2	2
6:21	ISA.57.15	2
6:21	MAT.6.9	2
6:21	MAT.6.12	2
6:21	JOB.22.12-JOB.22.14	1
6:21	PSA.85.2-PSA.85.3	1
6:21	PSA.123.1	1
6:21	ISA.44.22	1
6:22	EXO.22.11	3
6:22	LEV.5.1	2
6:22	NUM.5.19-NUM.5.22	2
6:22	1KI.8.31-1KI.8.32	2
6:22	PRO.30.9	2
6:22	MAT.23.18	2
6:23	PRO.17.15	3
6:23	ISA.3.10-ISA.3.11	3
6:23	JER.51.56	3
6:23	EZK.18.20	3
6:23	ROM.2.9-ROM.2.10	3
6:23	NUM.5.27	2
6:23	DEU.25.1	2
6:23	2KI.9.26	2
6:23	PSA.10.14	2
6:23	PRO.1.31	2
6:23	JER.28.16-JER.28.17	2
6:24	LEV.26.17	3
6:24	LEV.26.37	2
6:24	LEV.26.40-LEV.26.42	2
6:24	DEU.4.29-DEU.4.31	2
6:24	DEU.28.25	2
6:24	DEU.28.48	2
6:24	DEU.30.1-DEU.30.6	2
6:24	JOS.7.8	2
6:24	JOS.7.11-JOS.7.12	2
6:24	JDG.2.11	2
6:24	JDG.2.14-JDG.2.15	2
6:24	1KI.8.33-1KI.8.34	2
6:24	2KI.17.7-2KI.17.18	2
6:24	EZR.9.5-EZR.9.15	2
6:24	NEH.1.8-NEH.1.9	2
6:24	NEH.9.1-NEH.9.37	2
6:24	PSA.44.10	2
6:24	PRO.28.13	2
6:24	ISA.63.1-ISA.63.19	2
6:24	JER.3.12-JER.3.13	2
6:24	DAN.9.3-DAN.9.19	2
6:25	JER.33.6-JER.33.13	3
6:25	GEN.13.15	2
6:25	EXO.6.8	2
6:25	JOS.21.43	2
6:25	EZR.1.1-EZR.1.6	2
6:25	PSA.106.40-PSA.106.47	2
6:26	LEV.26.19	3
6:26	DEU.11.17	3
6:26	DEU.28.23	3
6:26	1KI.17.1-1KI.17.18	2
6:26	2CH.33.12-2CH.33.13	2
6:26	PRO.28.13	2
6:26	ISA.5.6	2
6:26	ISA.50.1-ISA.50.2	2
6:26	JER.14.1-JER.14.9	2
6:26	EZK.14.13	2
6:26	EZK.18.27-EZK.18.32	2
6:26	HOS.5.15-HOS.6.1	2
6:26	JOL.1.13-JOL.1.20	2
6:26	JOL.2.15-JOL.2.17	2
6:26	AMO.4.4-AMO.4.9	2
6:26	REV.11.6	2
6:26	LUK.4.25	1
6:27	1KI.8.35-1KI.8.36	3
6:27	PSA.94.12	3
6:27	JER.5.24	3
6:27	ZEC.10.1	3
6:27	1KI.18.40-1KI.18.45	2
6:27	JOB.37.11-JOB.37.14	2
6:27	PSA.25.4-PSA.25.5	2
6:27	PSA.25.8	2
6:27	PSA.25.12	2
6:27	PSA.68.9	2
6:27	PSA.119.33	2
6:27	ISA.30.21	2
6:27	JER.6.16	2
6:27	JER.14.22	2
6:27	JER.42.3	2
6:27	EZK.34.26	2
6:27	HOS.2.21-HOS.2.22	2
6:27	JOL.2.23	2
6:27	MIC.4.2	2
6:27	JHN.6.45	2
6:27	JAS.5.17-JAS.5.18	2
6:28	RUT.1.1	4
6:28	JOL.2.25	4
6:28	JAS.5.13	4
6:28	REV.9.3-REV.9.11	4
6:28	EXO.10.12-EXO.10.15	3
6:28	LEV.26.16	3
6:28	LEV.26.25-LEV.26.26	3
6:28	DEU.28.21-DEU.28.61	3
6:28	1KI.8.37-1KI.8.40	3
6:28	2KI.6.25-2KI.6.29	3
6:28	2KI.8.1	3
6:28	2CH.12.2-2CH.12.5	3
6:28	2CH.20.5-2CH.20.13	3
6:28	2CH.32.1	3
6:28	2CH.32.24	3
6:28	JOL.1.4-JOL.1.7	3
6:28	JOL.1.11	3
6:29	2CH.6.12-2CH.6.13	2
6:29	PSA.32.2-PSA.32.6	2
6:29	PSA.33.12-PSA.33.13	2
6:29	PSA.50.15	2
6:29	PSA.91.15	2
6:29	PSA.142.1-PSA.142.2	2
6:29	PRO.14.10	2
6:29	ISA.1.15	1
6:30	1CH.28.9	6
6:30	1SA.16.7	5
6:30	REV.2.23	4
6:30	MAT.16.27	3
6:30	HEB.4.13	3
6:30	1KI.8.39	2
6:30	1CH.29.17	2
6:30	PSA.11.4-PSA.11.5	2
6:30	PSA.18.20-PSA.18.26	2
6:30	PSA.62.12	2
6:30	JER.17.10	2
6:30	EZK.18.30	2
6:30	JHN.2.25	2
6:31	EXO.20.20	2
6:31	1SA.12.24	2
6:31	JOB.28.28	2
6:31	PSA.128.1	2
6:31	PSA.130.4	2
6:31	ACT.9.31	2
6:32	ISA.56.3-ISA.56.7	7
6:32	1KI.8.41-1KI.8.43	5
6:32	MAT.8.10-MAT.8.11	5
6:32	ZEC.14.16-ZEC.14.17	4
6:32	JHN.12.20	4
6:32	ACT.10.1-ACT.10.4	4
6:32	EPH.2.12-EPH.2.13	4
6:32	EXO.3.19-EXO.3.20	3
6:32	EXO.12.48-EXO.12.49	3
6:32	JOS.9.9	3
6:32	ISA.60.1-ISA.60.10	3
6:32	ISA.66.20	3
6:32	ZEC.8.22	3
6:32	MAT.2.1	3
6:32	JHN.10.16	3
6:32	ACT.2.10	3
6:32	ACT.8.27-ACT.8.39	3
6:32	EXO.13.14	2
6:32	EXO.18.8-EXO.18.12	2
6:32	JOS.2.9	2
6:32	RUT.1.16	2
6:32	RUT.2.11-RUT.2.12	2
6:32	1KI.10.1-1KI.10.2	2
6:32	2KI.5.3	2
6:32	2KI.5.8	2
6:32	2KI.5.15	2
6:32	PSA.89.13	2
6:32	MAT.12.42	2
6:33	2CH.7.14	4
6:33	NUM.6.27	2
6:33	1SA.17.46	2
6:33	1KI.8.16	2
6:33	2KI.19.19	2
6:33	PSA.22.27	2
6:33	PSA.46.10	2
6:33	PSA.67.2	2
6:33	PSA.138.4-PSA.138.5	2
6:33	ISA.11.10	2
6:33	ISA.49.6	2
6:33	ISA.54.1-ISA.54.3	2
6:33	JER.10.7	2
6:33	REV.11.15	2
6:34	2CH.20.6-2CH.20.13	3
6:34	NUM.31.2-NUM.31.6	2
6:34	DEU.20.1-DEU.20.4	2
6:34	JOS.1.2-JOS.1.5	2
6:34	JOS.8.1-JOS.8.8	2
6:34	JDG.1.1-JDG.1.2	2
6:34	1SA.15.3	2
6:34	1SA.15.18	2
6:34	1KI.8.13	2
6:34	1KI.8.44-1KI.8.45	2
6:34	2CH.6.6	2
6:34	2CH.14.9-2CH.14.12	2
6:34	2CH.18.31	2
6:34	2CH.20.4	2
6:34	2CH.32.20-2CH.32.21	2
6:34	ISA.14.32	2
6:34	DAN.6.10	2
6:35	PSA.9.3-PSA.9.4	2
6:35	ISA.37.21-ISA.37.36	2
6:35	JER.5.28	2
6:35	DAN.9.17-DAN.9.19	2
6:36	ECC.7.20	4
6:36	JAS.3.2	4
6:36	1JN.1.8-1JN.1.10	4
6:36	JOB.15.14-JOB.15.16	3
6:36	PSA.130.3	3
6:36	PSA.143.2	3
6:36	LEV.26.34-LEV.26.44	2
6:36	DEU.4.26-DEU.4.27	2
6:36	DEU.28.36	2
6:36	DEU.28.64-DEU.28.68	2
6:36	DEU.29.24-DEU.29.28	2
6:36	1KI.8.46	2
6:36	1KI.8.50	2
6:36	2KI.15.21	2
6:36	2KI.17.6	2
6:36	2KI.17.18	2
6:36	2KI.17.23	2
6:36	PRO.20.9	2
6:36	DAN.9.7-DAN.9.14	2
6:36	LUK.21.24	2
6:37	ISA.64.6-ISA.64.12	3
6:37	JER.31.18-JER.31.20	3
6:37	DAN.9.5-DAN.9.11	3
6:37	LUK.15.17-LUK.15.19	3
6:37	LEV.26.40-LEV.26.45	2
6:37	DEU.4.29-DEU.4.30	2
6:37	DEU.30.1-DEU.30.3	2
6:37	EZR.9.6-EZR.9.7	2
6:37	NEH.1.6	2
6:37	NEH.9.26-NEH.9.30	2
6:37	JOB.33.27-JOB.33.28	2
6:37	PSA.106.6	2
6:37	JER.3.12-JER.3.14	2
6:38	DEU.30.2-DEU.30.6	2
6:38	2CH.6.34	2
6:38	2CH.33.11-2CH.33.13	2
6:38	JER.29.12-JER.29.14	2
6:38	DAN.6.10	2
6:38	DAN.9.3-DAN.9.4	2
6:38	HOS.14.1-HOS.14.4	2
6:38	JOL.2.12-JOL.2.13	2
6:39	2CH.6.35	2
6:39	PSA.25.18	2
6:39	MIC.7.18-MIC.7.20	2
6:39	ZEC.1.15-ZEC.1.16	1
6:40	2CH.7.15	7
6:40	PSA.116.2	7
6:40	NEH.1.6	4
6:40	PSA.17.1	4
6:40	NEH.1.11	3
6:40	2CH.16.9	2
6:40	PSA.7.3	2
6:40	PSA.13.3	2
6:40	PSA.22.1-PSA.22.2	2
6:40	PSA.31.2	2
6:40	PSA.34.15	2
6:40	PSA.88.1	2
6:40	ISA.37.17	2
6:40	DAN.9.16-DAN.9.19	2
6:40	1KI.8.52	1
6:41	ISA.61.10	5
6:41	1CH.28.2	4
6:41	NEH.9.25	3
6:41	PSA.110.2	3
6:41	PSA.132.8-PSA.132.10	3
6:41	PSA.132.16	3
6:41	ISA.61.3	3
6:41	ISA.61.6	3
6:41	ISA.66.1	3
6:41	ZEC.9.17	3
6:41	ROM.1.16	3
6:41	ROM.13.14	3
6:41	GAL.3.27	3
6:41	EPH.4.22-EPH.4.24	3
6:41	PHP.3.3	3
6:41	PHP.4.4	3
6:41	REV.19.8	3
6:41	JOS.3.13	2
6:41	JOS.6.4-JOS.6.5	2
6:41	PSA.65.4	2
6:41	PSA.65.11	2
6:41	ISA.59.16-ISA.59.18	2
6:41	REV.19.14	2
6:41	ISA.65.18-ISA.65.19	1
6:42	ISA.55.3	4
6:42	PSA.132.1	3
6:42	1KI.1.34	2
6:42	1KI.2.16	2
6:42	PSA.2.2	2
6:42	PSA.89.24	2
6:42	PSA.89.28	2
6:42	PSA.132.10	2
6:42	ISA.61.1	2
6:42	ACT.13.34	2
7:1	1KI.18.38	11
7:1	LEV.9.23-LEV.9.24	8
7:1	1CH.21.26	8
7:1	1KI.18.24	6
7:1	EZK.43.5	6
7:1	GEN.15.17	5
7:1	EZK.44.4	5
7:1	MAL.3.1-MAL.3.2	5
7:1	EXO.40.34-EXO.40.35	4
7:1	JDG.6.21	3
7:1	1KI.8.10-1KI.8.11	3
7:1	1KI.8.54-1KI.8.61	3
7:1	2CH.5.13-2CH.5.14	3
7:1	ACT.16.25-ACT.16.26	3
7:1	EXO.29.43	2
7:1	ISA.6.1-ISA.6.4	2
7:1	ISA.65.24	2
7:1	EZK.10.3-EZK.10.4	2
7:1	DAN.9.20	2
7:1	HAG.2.7-HAG.2.9	2
7:1	ACT.4.31	2
7:1	REV.21.23	2
7:2	REV.15.8	6
7:2	2CH.5.14	4
7:2	EXO.24.17	3
7:2	ISA.6.5	2
7:3	2CH.5.13	10
7:3	2CH.20.21	9
7:3	LUK.1.50	5
7:3	HEB.7.24-HEB.7.25	5
7:3	EZR.3.11	4
7:3	ISA.63.7	4
7:3	EXO.4.31	3
7:3	PSA.136.1-PSA.136.26	3
7:3	LEV.9.24	2
7:3	NUM.14.5	2
7:3	NUM.16.22	2
7:3	1KI.18.39	2
7:3	1CH.16.41	2
7:3	1CH.29.20	2
7:3	PSA.95.6	2
7:3	PSA.103.17	2
7:3	JER.33.11	2
7:4	1KI.8.62-1KI.8.63	3
7:5	JHN.10.22	5
7:5	2CH.30.24	3
7:5	EZK.45.17	3
7:5	NUM.7.10	2
7:5	1KI.8.62-1KI.8.63	2
7:5	1CH.29.21	2
7:5	2CH.1.6	2
7:5	2CH.2.4	2
7:5	2CH.5.6	2
7:5	2CH.15.11	2
7:5	2CH.29.32-2CH.29.33	2
7:5	2CH.35.7-2CH.35.9	2
7:5	EZR.6.16-EZR.6.17	2
7:5	MIC.6.7	2
7:6	2CH.5.12	5
7:6	1CH.15.16-1CH.15.21	3
7:6	2CH.7.3	3
7:6	NUM.10.1-NUM.10.10	2
7:6	JOS.6.4	2
7:6	1CH.6.31-1CH.6.32	2
7:6	1CH.13.8	2
7:6	1CH.15.24	2
7:6	1CH.16.4-1CH.16.6	2
7:6	1CH.16.34	2
7:6	1CH.16.39-1CH.16.42	2
7:6	1CH.24.1-1CH.24.3	2
7:6	1CH.25.1-1CH.25.7	2
7:6	2CH.29.25	2
7:6	PSA.87.7	2
7:6	PSA.106.1	2
7:6	PSA.107.1	2
7:6	PSA.118.1-PSA.118.4	2
7:6	PSA.138.8	2
7:6	ISA.52.6	2
7:6	AMO.6.5	2
7:7	1KI.8.64-1KI.8.66	3
7:7	HEB.13.10-HEB.13.12	3
7:7	NUM.16.37-NUM.16.38	2
7:7	2CH.4.1	2
7:7	2CH.36.14	2
7:8	GEN.15.18	4
7:8	1KI.8.65	3
7:8	LEV.23.34-LEV.23.43	2
7:8	NUM.29.12-NUM.29.38	2
7:8	NUM.34.5-NUM.34.8	2
7:8	DEU.16.13-DEU.16.15	2
7:8	JOS.13.3-JOS.13.5	2
7:8	1KI.4.21-1KI.4.25	2
7:8	2CH.30.13	2
7:8	NEH.8.13-NEH.8.18	2
7:8	AMO.6.14	2
7:8	ZEC.14.16-ZEC.14.19	2
7:8	JHN.7.2	2
7:8	JHN.7.27-JHN.7.39	2
7:9	LEV.23.36	4
7:9	DEU.16.8	2
7:9	1KI.8.65	2
7:9	2CH.30.23	2
7:9	NEH.8.18	2
7:9	JOL.1.14	2
7:10	1KI.8.66	4
7:10	PSA.100.2	3
7:10	EXO.18.1	2
7:10	DEU.12.7	2
7:10	DEU.12.12	2
7:10	DEU.12.18	2
7:10	DEU.16.11	2
7:10	DEU.16.14	2
7:10	2CH.6.41	2
7:10	2CH.29.36	2
7:10	2CH.30.26	2
7:10	NEH.8.10	2
7:10	PSA.32.11-PSA.33.1	2
7:10	PSA.92.4	2
7:10	PSA.105.3	2
7:10	ACT.2.46	2
7:10	ACT.16.34	2
7:10	PHP.4.4	2
7:10	PSA.106.5	1
7:11	1KI.9.1-1KI.9.9	6
7:11	2CH.2.1	3
7:11	ECC.2.10-ECC.2.11	3
7:11	ECC.2.4	2
7:12	GEN.17.1	5
7:12	1KI.9.2	4
7:12	2CH.1.7	4
7:12	2CH.7.16	4
7:12	DEU.12.11	3
7:12	2KI.20.5	3
7:12	LUK.1.13	3
7:12	ACT.10.31	3
7:12	1JN.5.14-1JN.5.15	3
7:12	DEU.12.5-DEU.12.6	2
7:12	2KI.2.6	2
7:12	PSA.10.17	2
7:12	PSA.66.19	2
7:12	PSA.78.68-PSA.78.69	2
7:12	PSA.132.13-PSA.132.14	2
7:13	2CH.6.26-2CH.6.28	12
7:13	DEU.11.17	8
7:13	REV.11.6	7
7:13	REV.3.7	6
7:13	2SA.24.13-2SA.24.15	5
7:13	EXO.10.4-EXO.10.6	3
7:13	JOB.12.14	3
7:13	EZK.14.19-EZK.14.21	3
7:13	JOL.2.25	3
7:13	NUM.14.12	2
7:13	NUM.16.46-NUM.16.47	2
7:13	JOB.11.10	2
7:13	PSA.105.34	2
7:13	PSA.107.34	2
7:13	JOL.1.4-JOL.1.7	2
7:13	LUK.4.25	2
7:14	LAM.3.40-LAM.3.41	305
7:14	ISA.55.6-ISA.55.7	279
7:14	JAS.4.9-JAS.4.10	275
7:14	PRO.28.13	194
7:14	2CH.6.37-2CH.6.39	168
7:14	DEU.4.29-DEU.4.30	155
7:14	JER.33.6	138
7:14	2CH.33.12-2CH.33.13	116
7:14	EZK.33.11	112
7:14	2CH.6.27	104
7:14	LEV.26.40-LEV.26.41	103
7:14	EZK.18.27-EZK.18.30	82
7:14	JER.8.22	72
7:14	ISA.63.19	71
7:14	DEU.30.1-DEU.30.6	67
7:14	ISA.59.20	63
7:14	2CH.6.30	62
7:14	ISA.45.19	60
7:14	ACT.9.11	54
7:14	JER.51.9	53
7:14	2CH.33.18-2CH.33.19	49
7:14	PSA.60.2	46
7:15	1PE.3.12	16
7:15	2CH.6.40	13
7:15	2CH.6.20	8
7:15	NEH.1.6	8
7:15	DEU.11.12	5
7:15	PSA.65.2	5
7:15	PSA.130.2	4
7:16	2CH.7.15	12
7:16	2CH.7.12	10
7:16	2CH.6.5-2CH.6.6	8
7:16	1KI.9.3	7
7:16	2CH.6.20	6
7:16	JHN.2.19-JHN.2.21	5
7:16	COL.2.9	5
7:16	2CH.33.4-2CH.33.7	4
7:16	PSA.132.14	4
7:16	ZEC.3.2	4
7:16	DEU.12.21	3
7:16	DEU.16.11	3
7:16	1KI.8.16	3
7:16	1KI.8.35	3
7:16	1KI.8.44	3
7:16	1KI.8.48	3
7:16	2KI.21.7-2KI.21.8	3
7:16	MAT.3.17	3
7:16	2KI.21.4	2
7:17	DEU.4.40	3
7:17	1KI.11.38	3
7:17	EZK.36.27	3
7:17	ZEC.3.7	3
7:17	DEU.28.1-DEU.28.14	2
7:17	1KI.2.3	2
7:17	1KI.3.14	2
7:17	1KI.8.25	2
7:17	1KI.9.4-1KI.9.9	2
7:17	1CH.28.9	2
7:17	PSA.105.45	2
7:17	JHN.14.21	2
7:17	JHN.15.10	2
7:18	2CH.6.16	6
7:18	2SA.7.13-2SA.7.16	3
7:18	JER.33.20-JER.33.21	3
7:18	1KI.9.5	2
7:18	PSA.89.28-PSA.89.40	2
7:18	PSA.132.11-PSA.132.12	2
7:18	JER.33.25-JER.33.26	2
7:19	LEV.26.14	6
7:19	DEU.28.15	6
7:19	LEV.26.33-LEV.26.46	3
7:19	DEU.4.23-DEU.4.27	2
7:19	DEU.28.36-DEU.28.68	2
7:19	JOS.23.15-JOS.23.16	2
7:19	1SA.12.25	2
7:19	1KI.9.6-1KI.9.7	2
7:19	1KI.11.4-1KI.11.8	2
7:19	1CH.28.9	2
7:20	DEU.28.37	5
7:20	2KI.17.20	5
7:20	DEU.29.28	4
7:20	1KI.9.7	4
7:20	1KI.14.15	4
7:20	JER.24.9	4
7:20	JER.45.4	4
7:20	PSA.44.14	3
7:20	JER.31.28	3
7:20	LAM.2.15-LAM.2.16	3
7:20	NEH.4.1-NEH.4.4	2
7:20	PSA.52.5	2
7:20	JER.12.17	2
7:20	JER.18.7	2
7:20	JUD.1.12	2
7:21	JER.22.8-JER.22.9	4
7:21	JER.16.10-JER.16.12	3
7:21	JER.19.8	3
7:21	DEU.29.24-DEU.29.28	2
7:21	1KI.9.8-1KI.9.9	2
7:21	2CH.29.8	2
7:21	JER.5.19	2
7:21	JER.13.22	2
7:21	JER.22.28	2
7:21	JER.49.17	2
7:21	JER.50.13	2
7:22	LAM.4.13-LAM.4.15	3
7:22	DAN.9.12	3
7:22	JDG.2.12-JDG.2.13	2
7:22	2CH.36.17	2
7:22	JER.1.16	2
7:22	LAM.2.16-LAM.2.17	2
7:22	EZK.14.23	2
7:22	EZK.36.17-EZK.36.20	2
8:1	1KI.9.10-1KI.9.28	2
8:2	1KI.9.11-1KI.9.18	2
8:3	NUM.13.21	2
8:3	NUM.34.8	2
8:3	2SA.8.3	2
8:3	1KI.11.23-1KI.11.25	2
8:3	1CH.18.3	2
8:4	1KI.9.17-1KI.9.19	2
8:5	1CH.7.24	4
8:5	JOS.16.3	3
8:5	JOS.16.5	3
8:5	2CH.14.7	3
8:6	JOS.19.44	2
8:6	1KI.7.2	2
8:6	1KI.9.18-1KI.9.19	2
8:6	1KI.10.26	2
8:6	2CH.1.14	2
8:6	2CH.8.4	2
8:6	2CH.17.12	2
8:6	ECC.2.4	2
8:6	ECC.2.10-ECC.2.26	2
8:6	SNG.4.8	2
8:7	GEN.15.18-GEN.15.21	3
8:7	DEU.7.1	3
8:7	1KI.9.20-1KI.9.22	2
8:8	JOS.16.10	4
8:8	1KI.4.6	4
8:8	1KI.9.21	4
8:8	JOS.17.13	3
8:8	JDG.1.21-JDG.1.36	3
8:8	1KI.5.13-1KI.5.14	3
8:8	PSA.106.34	3
8:8	2CH.2.17-2CH.2.18	2
8:9	EXO.19.5-EXO.19.6	3
8:9	LEV.25.39-LEV.25.46	3
8:9	1SA.8.11-1SA.8.12	3
8:9	GAL.4.26	3
8:9	GAL.4.31	3
8:10	1KI.5.16	2
8:10	1KI.9.23	2
8:10	2CH.2.18	2
8:11	1KI.3.1	6
8:11	1KI.7.8	6
8:11	1KI.9.24	5
8:11	EXO.3.5	2
8:11	EXO.29.43	2
8:11	EZK.21.2	2
8:11	2PE.1.18	2
8:12	2CH.4.1	5
8:12	1CH.28.17	2
8:12	2CH.15.8	2
8:12	EZK.8.16	2
8:12	JOL.2.17	2
8:12	JHN.10.23	2
8:13	DEU.16.16	7
8:13	EXO.29.38-EXO.29.42	5
8:13	EZK.46.3-EZK.46.15	4
8:13	EXO.23.14-EXO.23.17	3
8:13	LEV.23.1-LEV.23.17	3
8:13	NUM.28.1-NUM.28.29	3
8:13	1KI.9.25	3
8:13	EZK.45.17	3
8:14	1CH.9.17	4
8:14	EZR.6.18	3
8:14	NEH.12.24	3
8:14	NEH.12.36	3
8:14	DEU.33.1	2
8:14	2SA.23.2	2
8:14	1KI.13.1	2
8:14	1CH.6.31-1CH.6.48	2
8:14	1CH.15.16-1CH.15.22	2
8:14	1CH.16.4-1CH.16.6	2
8:14	1CH.16.42	2
8:14	1CH.23.1-1CH.26.19	2
8:14	1CH.28.19	2
8:14	2CH.5.11	2
8:14	2CH.23.4	2
8:14	2CH.31.2	2
8:14	2CH.35.10	2
8:14	LUK.1.5	2
8:14	LUK.1.8	2
8:14	ACT.13.22	2
8:14	ACT.13.36	2
8:15	EXO.39.42-EXO.39.43	2
8:15	1KI.7.51	2
8:15	1CH.9.29	2
8:15	2CH.30.12	2
8:15	1CH.26.20-1CH.26.26	1
8:16	1KI.5.18	2
8:16	1KI.6.7	2
8:17	2KI.14.22	4
8:17	DEU.2.8	3
8:17	NUM.33.35	2
8:17	1KI.9.26-1KI.9.27	2
8:17	1KI.22.48	2
8:17	2KI.16.6	2
8:17	2CH.20.36	2
8:18	2CH.9.10	4
8:18	2CH.9.13	3
8:18	1KI.9.27-1KI.9.28	2
8:18	1KI.10.22	2
8:18	ECC.2.8	2
9:1	MAT.12.42	6
9:1	LUK.11.31	5
9:1	1KI.10.1-1KI.10.13	4
9:1	2CH.9.9	4
9:1	GEN.10.7	3
9:1	ISA.60.6	3
9:1	GEN.10.28	2
9:1	GEN.25.3	2
9:1	1SA.1.15	2
9:1	1KI.4.31	2
9:1	2CH.1.1	2
9:1	2CH.1.12	2
9:1	PSA.49.4	2
9:1	PSA.72.10	2
9:1	PSA.72.15	2
9:1	PSA.78.2	2
9:1	PSA.142.2	2
9:1	PRO.1.6	2
9:1	MAT.2.11	2
9:1	MAT.12.34	2
9:1	MAT.13.11	2
9:1	MAT.13.35	2
9:2	1KI.3.12	2
9:2	1KI.4.29	2
9:2	PRO.13.20	2
9:2	PRO.18.4	2
9:2	MRK.4.11	2
9:2	MRK.4.34	2
9:2	JHN.15.15	2
9:2	COL.2.3	2
9:2	HEB.4.12	2
9:2	JAS.1.5	2
9:3	2CH.3.1-2CH.3.4	3
9:3	1KI.6.1-1KI.6.7	2
9:3	1KI.10.3	2
9:3	ACT.11.23	1
9:4	1KI.4.22-1KI.4.23	2
9:4	1KI.10.5	2
9:4	2KI.16.18	2
9:4	1CH.9.18	2
9:4	2CH.23.13	2
9:4	NEH.1.11	2
9:4	PSA.119.81	2
9:4	PSA.143.7	2
9:4	PRO.9.5	2
9:4	SNG.5.8	2
9:4	EZK.44.3	2
9:4	EZK.46.2	2
9:4	DAN.10.17	2
9:4	LUK.12.37	2
9:4	JHN.6.53-JHN.6.57	2
9:4	REV.1.17	2
9:4	REV.3.20	2
9:5	1KI.10.6	2
9:6	1KI.4.31	2
9:6	1KI.4.34	2
9:6	1KI.10.7	2
9:6	2CH.9.5	2
9:6	PSA.31.19	2
9:6	SNG.5.9-SNG.5.16	2
9:6	ZEC.9.17	2
9:6	JHN.20.25-JHN.20.29	2
9:6	1CO.2.9	1
9:6	1JN.3.2	1
9:7	DEU.33.9	2
9:7	1KI.10.8	2
9:7	PSA.27.4	2
9:7	PSA.84.10-PSA.84.12	2
9:7	PRO.3.3	2
9:7	PRO.3.14	2
9:7	PRO.8.34	2
9:7	PRO.10.21	2
9:7	PRO.13.20	2
9:7	LUK.10.39-LUK.10.42	2
9:7	LUK.11.28	2
9:8	2CH.2.11	5
9:8	1CH.29.23	4
9:8	ISA.32.1-ISA.32.2	4
9:8	DEU.7.8	3
9:8	JER.33.15-JER.33.16	3
9:8	HEB.1.8-HEB.1.9	3
9:8	2SA.8.15	2
9:8	2SA.15.25-2SA.15.26	2
9:8	2SA.23.3	2
9:8	1KI.3.28	2
9:8	1KI.10.9	2
9:8	1CH.17.22	2
9:8	1CH.28.5	2
9:8	1CH.29.10	2
9:8	1CH.29.20	2
9:8	PSA.18.19	2
9:8	PSA.22.8	2
9:8	PSA.72.2	2
9:8	PSA.72.18-PSA.72.19	2
9:8	PSA.99.4	2
9:8	PRO.21.3	2
9:8	ISA.9.7	2
9:8	ISA.11.1-ISA.11.5	2
9:8	2CO.9.12-2CO.9.15	2
9:8	ISA.42.1	1
9:8	ISA.62.4	1
9:9	GEN.43.11	2
9:9	1KI.9.14	2
9:9	1KI.10.10	2
9:9	2CH.9.1	2
9:9	2CH.9.24	2
9:9	PSA.72.10	2
9:9	PSA.72.15	2
9:9	EXO.30.34	1
9:10	2CH.8.18	5
9:10	1KI.10.11	3
9:10	1KI.9.27-1KI.9.28	2
9:10	1KI.10.22	2
9:11	1KI.10.12	3
9:11	1CH.23.5	2
9:11	1CH.25.1	2
9:11	PSA.92.1-PSA.92.3	2
9:11	PSA.150.3-PSA.150.5	2
9:11	REV.5.8	2
9:12	1KI.10.13	3
9:12	PSA.20.4	2
9:12	EPH.3.20	2
9:13	1KI.10.14-1KI.10.28	2
9:13	PSA.68.29	2
9:13	PSA.72.10	2
9:13	PSA.72.15	2
9:14	PSA.68.29	2
9:14	PSA.72.10	2
9:15	1KI.10.16-1KI.10.17	2
9:15	2CH.12.9-2CH.12.10	2
9:16	1KI.7.2	3
9:17	1KI.10.18-1KI.10.20	3
9:17	PSA.45.8	2
9:17	REV.20.11	2
9:18	GEN.49.9-GEN.49.10	2
9:18	NUM.23.24	2
9:18	NUM.24.9	2
9:18	REV.5.5	2
9:19	MAT.19.28	2
9:19	REV.21.12	2
9:20	1KI.10.21	2
9:20	2CH.9.27	2
9:20	EST.1.7	2
9:20	ISA.2.22	2
9:20	JER.31.5	2
9:20	DAN.5.2-DAN.5.3	2
9:21	1KI.10.22	2
9:21	1KI.22.48	2
9:21	2CH.20.36-2CH.20.37	2
9:21	JOB.39.13	2
9:22	2CH.1.12	5
9:22	1KI.3.12-1KI.3.13	3
9:22	1KI.4.30-1KI.4.31	3
9:22	PSA.89.27	3
9:22	1KI.10.23-1KI.10.24	2
9:22	MAT.12.42	2
9:22	COL.2.2-COL.2.3	2
9:23	JAS.1.5	4
9:23	JAS.3.17	4
9:23	1KI.4.34	3
9:23	PRO.2.6	3
9:23	1KI.3.28	2
9:23	2CH.1.10-2CH.1.12	2
9:23	2CH.9.6-2CH.9.7	2
9:23	ISA.11.2	2
9:23	ISA.11.10	2
9:23	DAN.1.17	2
9:23	DAN.2.21-DAN.2.23	2
9:23	DAN.5.11	2
9:23	LUK.21.15	2
9:23	1CO.1.30	2
9:23	1CO.12.8	2
9:23	EPH.1.17	2
9:23	JAS.1.16-JAS.1.17	2
9:24	1SA.10.27	2
9:24	1KI.9.14	2
9:24	1KI.10.10	2
9:24	1KI.10.25	2
9:24	2CH.9.9	2
9:24	JOB.42.11	2
9:24	PSA.72.10	2
9:25	1KI.4.26	6
9:25	1KI.10.26	4
9:25	2CH.1.14	4
9:25	DEU.17.16	3
9:26	GEN.15.18	5
9:26	1KI.4.21	5
9:26	EXO.23.31	3
9:26	1KI.4.24	3
9:26	JOS.13.2-JOS.13.7	2
9:26	PSA.72.8-PSA.72.11	2
9:26	DAN.7.14	2
9:26	REV.19.16	2
9:27	2CH.1.15-2CH.1.17	3
9:27	1KI.10.27-1KI.10.29	2
9:27	1CH.27.28	2
9:27	2CH.9.20	2
9:27	JOB.22.24-JOB.22.25	2
9:27	PSA.78.47	2
9:27	ISA.9.10	2
9:27	AMO.7.14	2
9:27	LUK.19.4	2
9:28	2CH.1.16	4
9:28	1KI.10.28	2
9:28	2CH.9.25	2
9:28	ISA.2.7-ISA.2.8	2
9:28	ISA.31.1	2
9:29	1CH.29.29	5
9:29	1KI.11.29	4
9:29	1KI.11.41-1KI.11.43	4
9:29	2SA.12.1	3
9:29	2CH.12.15	3
9:29	2CH.13.22	3
9:29	2SA.7.1-2SA.7.3	2
9:29	2SA.12.25	2
9:29	1KI.1.8	2
9:29	1KI.1.10-1KI.1.11	2
9:29	1KI.1.22-1KI.1.27	2
9:29	1KI.1.32-1KI.1.38	2
9:29	1KI.14.2	2
9:30	1KI.11.42-1KI.11.43	3
9:31	1KI.2.10	5
9:31	2SA.7.12	2
9:31	1KI.1.21	2
10:1	GEN.12.6	2
10:1	GEN.37.12-GEN.37.13	2
10:1	JOS.20.7	2
10:1	JOS.24.1	2
10:1	JDG.9.1	2
10:1	1KI.4.1	2
10:1	1KI.12.1-1KI.12.20	2
10:1	1CH.3.10	2
10:1	1CH.12.38	2
10:1	MAT.1.7	2
10:2	1KI.11.40	6
10:2	1KI.11.26	3
10:2	1KI.11.28	3
10:2	1KI.12.2	3
10:3	1KI.12.3	3
10:4	1KI.12.4	3
10:4	EXO.1.13-EXO.1.14	2
10:4	EXO.2.23	2
10:4	1SA.8.11-1SA.8.18	2
10:4	1KI.4.20	2
10:4	1KI.4.25	2
10:4	1KI.5.15	2
10:4	1KI.9.22	2
10:4	ISA.47.6	2
10:4	MAT.11.29-MAT.11.30	2
10:4	MAT.23.4	2
10:4	1JN.5.3	2
10:5	1KI.12.5	2
10:5	PRO.3.28	2
10:6	JOB.32.7	4
10:6	2SA.16.20	2
10:6	2SA.17.5-2SA.17.6	2
10:6	JOB.8.8-JOB.8.9	2
10:6	JOB.12.12-JOB.12.13	2
10:6	PRO.12.15	2
10:6	PRO.19.20	2
10:6	PRO.27.10	2
10:6	JER.42.2-JER.42.5	2
10:6	JER.42.20	2
10:7	PRO.15.1	5
10:7	GEN.49.21	3
10:7	1KI.12.7	3
10:7	2SA.15.2-2SA.15.6	2
10:8	2SA.17.14	4
10:8	PRO.1.25	4
10:8	2CH.25.15-2CH.25.16	2
10:8	PRO.9.9	2
10:8	PRO.13.20	2
10:8	PRO.19.20	2
10:8	PRO.25.12	2
10:8	ECC.10.2-ECC.10.3	2
10:8	ECC.10.16	2
10:8	ISA.30.1	2
10:9	2SA.17.5-2SA.17.6	2
10:9	2CH.10.6	2
10:9	1KI.22.6-1KI.22.8	1
10:10	2SA.17.7-2SA.17.13	2
10:10	1KI.12.10-1KI.12.11	2
10:10	PRO.10.14	2
10:10	PRO.13.16	2
10:10	PRO.14.16	2
10:10	PRO.18.6-PRO.18.7	2
10:10	PRO.21.30	2
10:10	PRO.28.25	2
10:10	PRO.29.23	2
10:10	ISA.19.11-ISA.19.13	2
10:11	EXO.1.13-EXO.1.14	2
10:11	EXO.5.5-EXO.5.9	2
10:11	EXO.5.18	2
10:11	1SA.8.18	2
10:11	ISA.47.6	2
10:11	ISA.58.6	2
10:11	JER.28.13-JER.28.14	2
10:11	MAT.11.29	2
10:11	LUK.10.19	2
10:11	REV.9.3	2
10:11	REV.9.5	2
10:11	REV.9.10	2
10:12	1KI.12.12-1KI.12.15	2
10:12	2CH.10.5	2
10:13	GEN.42.7	2
10:13	GEN.42.30	2
10:13	EXO.10.28	2
10:13	1SA.25.10-1SA.25.11	2
10:13	1KI.20.6-1KI.20.11	2
10:13	2CH.10.8	2
10:13	PRO.15.1	2
10:13	PRO.19.27	2
10:14	2CH.10.10-2CH.10.11	2
10:14	2CH.22.4-2CH.22.5	2
10:14	PRO.12.5	2
10:14	PRO.17.14	2
10:14	ECC.2.19	2
10:14	ECC.7.8	2
10:14	ECC.10.16	2
10:14	DAN.6.7	2
10:14	JAS.3.14-JAS.4.2	2
10:15	1KI.11.29-1KI.11.39	11
10:15	1SA.2.25	8
10:15	2CH.25.16-2CH.25.20	5
10:15	ACT.2.23	4
10:15	JDG.14.4	3
10:15	1KI.12.15	3
10:15	1KI.12.24	3
10:15	1KI.22.20	3
10:15	ISA.19.14	3
10:15	DEU.2.30	2
10:15	2CH.9.29	2
10:15	ISA.30.12-ISA.30.13	2
10:15	JHN.12.37-JHN.12.39	2
10:15	JHN.19.24	2
10:15	JHN.19.32-JHN.19.36	2
10:15	ACT.4.28	2
10:16	2SA.20.1	5
10:16	2CH.10.19	5
10:16	JDG.8.35	2
10:16	1SA.20.27	2
10:16	1SA.20.30-1SA.20.31	2
10:16	1SA.22.7	2
10:16	1SA.22.9	2
10:16	1SA.22.13	2
10:16	2SA.7.15-2SA.7.16	2
10:16	2SA.15.13	2
10:16	2SA.16.11	2
10:16	1KI.11.13	2
10:16	1KI.11.34-1KI.11.39	2
10:16	1KI.12.16-1KI.12.17	2
10:16	1CH.17.14	2
10:16	PSA.2.1-PSA.2.6	2
10:16	PSA.76.10	2
10:16	PSA.89.29-PSA.89.37	2
10:16	PSA.132.17	2
10:16	ISA.9.6-ISA.9.7	2
10:16	ISA.11.1	2
10:16	JER.33.20-JER.33.21	2
10:16	JER.33.25-JER.33.26	2
10:16	EZK.37.24-EZK.37.25	2
10:16	AMO.9.11	2
10:16	LUK.19.27	2
10:16	JHN.6.66	2
10:16	JHN.7.53	2
10:16	ACT.2.30	2
10:16	1CO.15.25	2
10:16	REV.22.16	2
10:16	LUK.1.32-LUK.1.33	1
10:16	LUK.19.14	1
10:17	1KI.11.36	2
10:17	1KI.12.17	2
10:17	2CH.11.1	2
10:18	1KI.5.14	5
10:18	1KI.4.6	4
10:18	2CH.24.21	2
10:18	ACT.7.57-ACT.7.58	2
10:19	JOS.4.9	2
10:19	1KI.12.19-1KI.12.20	2
10:19	2KI.17.21-2KI.17.23	2
10:19	2CH.5.9	2
10:19	2CH.10.16	2
10:19	2CH.13.5-2CH.13.7	2
10:19	EZR.9.7	2
10:19	PSA.89.30	2
11:1	1KI.12.21-1KI.12.24	3
11:1	PSA.33.10	2
11:1	PSA.33.16	2
11:1	PRO.21.30-PRO.21.31	2
11:2	2CH.12.15	5
11:2	DEU.33.1	2
11:2	1SA.2.27	2
11:2	1KI.12.22-1KI.12.24	2
11:2	2CH.8.14	2
11:2	2CH.12.5-2CH.12.7	2
11:2	1TI.6.11	2
11:3	GEN.49.28	2
11:3	EXO.24.4	2
11:3	2KI.17.34	2
11:3	PHP.3.5	2
11:3	REV.7.4-REV.7.8	2
11:4	GEN.50.20	6
11:4	1KI.11.29-1KI.11.38	3
11:4	2CH.10.15-2CH.10.16	3
11:4	2CH.25.7-2CH.25.10	3
11:4	2CH.28.8-2CH.28.15	3
11:4	GEN.13.8	2
11:4	2SA.2.26	2
11:4	1KI.22.36	2
11:4	PSA.33.11	2
11:4	HOS.8.4	2
11:4	ACT.7.26	2
11:4	1CO.6.5-1CO.6.8	2
11:4	HEB.13.1	2
11:4	1PE.3.8	2
11:4	1JN.3.11-1JN.3.13	2
11:5	2CH.8.2-2CH.8.6	3
11:5	2CH.11.23	2
11:5	2CH.14.6-2CH.14.7	2
11:5	2CH.16.6	2
11:5	2CH.17.12	2
11:5	2CH.26.6	2
11:5	2CH.27.4	2
11:5	ISA.22.8-ISA.22.11	2
11:6	GEN.35.19	2
11:6	JDG.15.8	2
11:6	1SA.17.12	2
11:6	2SA.14.2	2
11:6	1CH.4.32	2
11:6	2CH.20.20	2
11:6	NEH.3.5	2
11:6	NEH.3.27	2
11:6	JER.6.1	2
11:6	AMO.1.1	2
11:6	MAT.2.5-MAT.2.6	2
11:7	JOS.15.35	4
11:7	JOS.12.15	2
11:7	JOS.15.58	2
11:7	1SA.22.1	2
11:7	2SA.23.13	2
11:7	MIC.1.15	2
11:8	JOS.15.24	2
11:8	JOS.15.44	2
11:8	1SA.23.14	2
11:8	1SA.23.19	2
11:8	1CH.18.1	2
11:8	PSA.54.1	2
11:9	JOS.10.5	2
11:9	JOS.10.11	2
11:9	JOS.15.35	2
11:9	JOS.15.39	2
11:9	2CH.32.9	2
11:10	GEN.23.2	2
11:10	NUM.13.22	2
11:10	JOS.14.14	2
11:10	JOS.15.33	2
11:10	JOS.19.41-JOS.19.42	2
11:10	JOS.20.7	2
11:10	2SA.2.11	2
11:11	2CH.11.23	2
11:11	2CH.17.19	2
11:11	ISA.22.10-ISA.22.11	2
11:12	2SA.13.19	2
11:12	2SA.13.22	2
11:12	2CH.26.14-2CH.26.15	2
11:12	2CH.32.5	2
11:14	2CH.13.9	5
11:14	NUM.35.2-NUM.35.5	4
11:14	1KI.12.28-1KI.12.33	3
11:14	LEV.27.30-LEV.27.34	2
11:14	NUM.18.21-NUM.18.28	2
11:14	JOS.21.20-JOS.21.42	2
11:14	1KI.13.33	2
11:14	1CH.6.66-1CH.6.81	2
11:15	1KI.12.28	4
11:15	DEU.32.17	3
11:15	1KI.12.31	3
11:15	1KI.13.33	3
11:15	EXO.32.4-EXO.32.8	2
11:15	EXO.32.31	2
11:15	1KI.14.9	2
11:15	PSA.106.19-PSA.106.20	2
11:15	HOS.8.5-HOS.8.6	2
11:15	HOS.13.2	2
11:15	1TI.4.1	2
11:15	REV.16.14	2
11:15	1CO.10.20-1CO.10.21	1
11:16	2CH.15.9	5
11:16	EXO.9.21	2
11:16	DEU.12.5-DEU.12.6	2
11:16	DEU.12.11	2
11:16	DEU.12.13-DEU.12.14	2
11:16	DEU.32.46	2
11:16	JOS.22.19	2
11:16	1SA.7.3-1SA.7.4	2
11:16	1CH.16.29	2
11:16	1CH.22.1	2
11:16	2CH.30.11	2
11:16	2CH.30.18-2CH.30.19	2
11:16	JOB.34.14	2
11:16	PSA.62.10	2
11:16	PSA.84.5-PSA.84.7	2
11:16	PSA.108.1	2
11:16	DAN.6.14	2
11:16	HOS.4.8	2
11:16	HAG.1.5	2
11:16	ACT.11.23	2
11:16	1CH.22.19	1
11:17	2CH.12.1	5
11:17	2CH.1.1-2CH.1.12	2
11:17	2CH.7.17-2CH.7.19	2
11:17	2CH.8.13-2CH.8.16	2
11:17	HOS.6.4	2
11:17	MAT.13.20-MAT.13.21	2
11:18	1SA.16.6	4
11:18	1SA.17.13	3
11:18	1SA.17.28	3
11:18	1CH.27.18	3
11:18	1CH.2.13	2
11:20	2CH.13.2	4
11:20	1KI.15.1-1KI.15.2	2
11:20	2CH.11.21	2
11:20	2CH.12.16	2
11:20	MAT.1.7	2
11:21	DEU.17.17	7
11:21	JDG.8.30	7
11:21	1KI.11.3	7
11:21	2SA.3.2-2SA.3.5	6
11:21	2SA.5.13	6
11:21	2CH.11.23	5
11:21	SNG.6.8-SNG.6.9	5
11:21	1CH.3.1-1CH.3.9	3
11:22	DEU.21.15-DEU.21.17	5
11:22	1CH.5.1-1CH.5.2	2
11:22	1CH.29.1	2
11:23	GEN.25.6	2
11:23	1KI.1.5-1KI.1.6	2
11:23	2CH.10.8-2CH.10.15	2
11:23	2CH.21.3	2
11:23	LUK.16.8	2
12:1	2CH.11.17	8
12:1	2CH.12.13	6
12:1	2CH.26.13-2CH.26.16	4
12:1	1KI.14.22-1KI.14.24	3
12:1	DEU.6.10-DEU.6.12	2
12:1	DEU.8.10-DEU.8.14	2
12:1	DEU.32.15	2
12:1	DEU.32.18	2
12:1	1KI.9.9	2
12:1	1KI.12.17	2
12:1	2KI.17.19	2
12:1	2CH.11.3	2
12:1	JER.2.31	2
12:1	HOS.5.10-HOS.5.11	2
12:1	HOS.13.1	2
12:1	HOS.13.6-HOS.13.8	2
12:1	MIC.6.16	2
12:2	1KI.11.40	5
12:2	2CH.7.19-2CH.7.20	3
12:2	JDG.2.13-JDG.2.15	2
12:2	1KI.14.24-1KI.14.26	2
12:2	1CH.28.9	2
12:2	2CH.36.14-2CH.36.19	2
12:2	PSA.106.43-PSA.106.44	2
12:2	ISA.63.10	2
12:2	JER.2.19	2
12:2	JER.44.22-JER.44.23	2
12:2	LAM.5.15	2
12:2	NEH.9.26-NEH.9.27	1
12:3	2CH.16.8	7
12:3	NAM.3.9	7
12:3	DAN.11.43	3
12:3	GEN.10.6-GEN.10.8	2
12:3	JDG.4.13	2
12:3	JDG.6.5	2
12:3	1SA.13.5	2
12:3	2SA.10.18	2
12:3	2CH.14.9	2
12:3	2CH.14.12	2
12:3	ISA.43.3	2
12:3	EZK.30.5	2
12:3	REV.9.16	2
12:4	2CH.11.5-2CH.11.12	4
12:4	2KI.18.17	2
12:4	ISA.8.8	2
12:4	ISA.10.11	2
12:4	ISA.36.1	2
12:4	JER.5.10	2
12:5	2CH.11.2	5
12:5	2CH.15.2	5
12:5	1KI.12.22	3
12:5	DEU.28.15-DEU.28.68	2
12:5	JDG.10.9-JDG.10.14	2
12:5	2SA.24.14	2
12:5	1CH.28.9	2
12:5	2CH.12.1-2CH.12.2	2
12:5	PSA.37.33	2
12:5	JER.2.19	2
12:5	JER.4.18	2
12:5	JER.5.19	2
12:5	JER.23.33	2
12:6	EXO.9.27	5
12:6	DAN.9.14	4
12:6	EXO.10.3	2
12:6	JDG.1.7	2
12:6	1KI.8.37-1KI.8.39	2
12:6	2CH.32.26	2
12:6	2CH.33.12	2
12:6	2CH.33.19	2
12:6	2CH.33.23	2
12:6	JOB.33.27	2
12:6	PSA.78.34-PSA.78.35	2
12:6	PSA.129.4	2
12:6	JER.13.15	2
12:6	JER.13.18	2
12:6	JER.44.10	2
12:6	LAM.1.18	2
12:6	DAN.5.22	2
12:6	HOS.5.15	2
12:6	LUK.18.14	2
12:6	ROM.10.3	2
12:6	JAS.4.6	2
12:6	JAS.4.10	2
12:6	LEV.26.40-LEV.26.41	1
12:7	2CH.34.25	4
12:7	1KI.21.28-1KI.21.29	3
12:7	ISA.42.25	3
12:7	LEV.26.41-LEV.26.42	2
12:7	JDG.10.15-JDG.10.16	2
12:7	2KI.13.4-2KI.13.7	2
12:7	2KI.13.23	2
12:7	2CH.34.21	2
12:7	PSA.78.38	2
12:7	PSA.79.6	2
12:7	JER.3.13	2
12:7	JER.7.20	2
12:7	AMO.7.6-AMO.7.8	2
12:7	LUK.15.18-LUK.15.21	2
12:7	REV.14.10	2
12:7	REV.16.2-REV.16.17	2
12:8	DEU.28.47-DEU.28.48	6
12:8	ISA.26.13	5
12:8	JDG.3.1	4
12:8	JER.10.24	4
12:8	HOS.8.10	4
12:8	NEH.9.36	1
12:9	1KI.10.16-1KI.10.17	4
12:9	2CH.9.15-2CH.9.16	4
12:9	1KI.14.25-1KI.14.28	3
12:9	2KI.16.8	3
12:9	1KI.15.18	2
12:9	2KI.18.15-2KI.18.16	2
12:9	LAM.1.10	2
12:10	2SA.8.18	2
12:10	2SA.23.23	2
12:10	1KI.14.27	2
12:10	1CH.11.25	2
12:10	SNG.3.7-SNG.3.8	2
12:10	LAM.4.1	2
12:12	2CH.19.3	7
12:12	1KI.14.13	5
12:12	2CH.12.6-2CH.12.7	5
12:12	2CH.33.12-2CH.33.13	5
12:12	LAM.3.22	5
12:12	GEN.18.24	4
12:12	ISA.6.13	4
12:12	ISA.57.15	4
12:12	LAM.3.33	4
12:12	LAM.3.42	4
12:12	1PE.5.6	2
12:13	1KI.14.21	5
12:13	DEU.12.5	4
12:13	2CH.6.6	4
12:13	EXO.20.24	3
12:13	DEU.12.11	3
12:13	DEU.23.3	3
12:13	1KI.11.1	3
12:13	2CH.13.7	3
12:13	NEH.13.1	3
12:13	NEH.13.26	3
12:13	PSA.48.1-PSA.48.3	3
12:13	PSA.78.68-PSA.78.69	3
12:13	EZK.48.35	3
12:14	2CH.19.3	8
12:14	ISA.45.19	4
12:14	ISA.55.6-ISA.55.7	4
12:14	EZK.33.31	4
12:14	1CO.15.58	4
12:14	1CO.16.13	4
12:14	2CH.11.16	3
12:14	2CH.30.19	3
12:14	PSA.78.8	3
12:14	PSA.78.37	3
12:14	PSA.105.3-PSA.105.4	3
12:14	DEU.5.29	2
12:14	1SA.7.3	2
12:14	1CH.29.18	2
12:14	PSA.57.7	2
12:14	MAT.7.7	2
12:15	2CH.9.29	8
12:15	2CH.12.5	4
12:15	1KI.12.22	3
12:15	2CH.13.22	3
12:15	1KI.14.29-1KI.14.30	2
12:16	1KI.14.29-1KI.14.31	2
12:16	1CH.3.10	2
12:16	2CH.11.20	2
12:16	2CH.13.1	2
12:16	MAT.1.7	2
13:1	2CH.12.16	3
13:1	1KI.15.1-1KI.15.8	2
13:2	2CH.11.20	4
13:2	1KI.15.6-1KI.15.7	3
13:2	JOS.18.28	2
13:2	JDG.19.14	2
13:2	JDG.19.16	2
13:2	1SA.10.26	2
13:2	1KI.15.2	2
13:3	1SA.17.1-1SA.17.3	2
13:3	1CH.21.5	2
13:3	2CH.11.1	2
13:3	2CH.14.8-2CH.14.9	2
13:3	2CH.17.14-2CH.17.18	2
13:3	2CH.26.12-2CH.26.13	2
13:4	JOS.18.22	5
13:4	JDG.9.7	3
13:4	2CH.15.2	3
13:4	GEN.10.18	2
13:5	NUM.18.19	11
13:5	LEV.2.13	10
13:5	2SA.7.12-2SA.7.16	7
13:5	MRK.9.49-MRK.9.50	7
13:5	1KI.8.20	6
13:5	PSA.89.19-PSA.89.37	6
13:5	LUK.1.31-LUK.1.33	6
13:5	1CH.17.11	5
13:5	1CH.17.14	5
13:5	1CH.28.4-1CH.28.5	5
13:5	JER.33.21-JER.33.22	5
13:5	EZK.43.24	5
13:5	DAN.4.25-DAN.4.32	5
13:5	PRO.1.29	4
13:5	JER.27.5-JER.27.7	4
13:5	JER.33.26	4
13:5	JDG.11.21-JDG.11.24	3
13:5	1SA.16.1	3
13:5	1SA.16.12	3
13:5	NEH.5.9	3
13:5	DAN.5.18	2
13:5	2PE.3.5	2
13:6	1KI.11.26	5
13:6	1KI.12.20	3
13:6	1KI.12.27	2
13:6	2CH.10.19	2
13:7	JDG.9.4	4
13:7	2CH.12.13	4
13:7	DEU.13.13	2
13:7	JDG.11.3	2
13:7	1SA.22.2	2
13:7	1KI.21.10	2
13:7	1KI.21.13	2
13:7	2CH.10.16	2
13:7	2CH.11.1-2CH.11.4	2
13:7	JOB.30.8	2
13:7	PSA.26.4	2
13:7	PRO.12.11	2
13:7	PRO.28.19	2
13:7	ECC.10.16	2
13:7	ISA.3.4	2
13:7	ACT.17.5	2
13:7	1CO.14.20	2
13:7	TIT.1.10	2
13:7	HEB.5.12	2
13:8	1KI.12.28	5
13:8	2CH.11.15	4
13:8	1KI.14.9	2
13:8	2CH.9.8	2
13:8	2CH.14.9-2CH.14.11	2
13:8	2CH.20.6	2
13:8	2CH.20.12	2
13:8	PSA.2.1-PSA.2.6	2
13:8	PSA.33.16	2
13:8	ISA.7.6-ISA.7.7	2
13:8	ISA.9.6-ISA.9.7	2
13:8	HOS.8.5-HOS.8.6	2
13:8	LUK.19.14	2
13:8	LUK.19.27	2
13:9	2CH.11.14-2CH.11.15	5
13:9	JER.2.11	4
13:9	EXO.29.35	3
13:9	EXO.29.1	2
13:9	EXO.32.29	2
13:9	LEV.8.2	2
13:9	LEV.16.32	2
13:9	DEU.32.17	2
13:9	1KI.12.31-1KI.12.33	2
13:9	1KI.13.33	2
13:9	2KI.19.18	2
13:9	1CH.29.5	2
13:9	JER.5.7	2
13:9	HOS.8.6	2
13:9	ACT.19.26	2
13:9	GAL.4.8	2
13:10	EXO.19.5-EXO.19.6	2
13:10	EXO.29.1-EXO.29.37	2
13:10	NUM.16.40	2
13:10	NUM.18.1-NUM.18.7	2
13:10	2CH.11.16-2CH.11.17	2
13:10	ZEC.13.9	2
13:11	2CH.2.4	5
13:11	LEV.24.2-LEV.24.9	4
13:11	EXO.25.30-EXO.25.39	3
13:11	EXO.27.20-EXO.27.21	3
13:11	EXO.29.38	3
13:11	GEN.26.5	2
13:11	EXO.30.1-EXO.30.10	2
13:11	LEV.2.1-LEV.2.3	2
13:11	NUM.9.19	2
13:11	NUM.16.6	2
13:11	NUM.16.46	2
13:11	EZK.44.8	2
13:11	EZK.44.15	2
13:11	EZK.48.11	2
13:11	LUK.1.9	2
13:11	REV.8.3-REV.8.4	2
13:12	ACT.5.39	5
13:12	NUM.10.8-NUM.10.9	4
13:12	ROM.8.31	4
13:12	ZEC.10.5	3
13:12	NUM.14.41	2
13:12	NUM.23.21	2
13:12	NUM.31.6	2
13:12	DEU.20.4	2
13:12	DEU.28.29	2
13:12	JOS.5.13-JOS.5.15	2
13:12	JOS.6.13-JOS.6.20	2
13:12	1SA.4.5-1SA.4.7	2
13:12	2CH.24.20	2
13:12	JOB.9.4	2
13:12	JOB.15.25-JOB.15.26	2
13:12	JOB.40.9	2
13:12	PSA.20.7	2
13:12	ISA.8.10	2
13:12	ISA.45.9	2
13:12	ISA.54.17	2
13:12	JER.2.37	2
13:12	JER.50.24	2
13:12	EZK.17.9	2
13:12	ACT.9.4-ACT.9.5	2
13:12	HEB.2.10	2
13:13	JOS.8.4	3
13:13	JOS.8.9	3
13:13	2CH.20.22	2
13:13	PRO.21.30	2
13:13	JER.4.22	2
13:14	2CH.14.11	7
13:14	EXO.14.10	4
13:14	JOS.8.20	3
13:14	JDG.20.33-JDG.20.43	3
13:14	2SA.10.8-2SA.10.14	3
13:14	PSA.50.15	3
13:14	PSA.91.5	3
13:14	2CH.18.31	2
13:15	2CH.14.12	5
13:15	NUM.32.4	2
13:15	JOS.6.16	2
13:15	JOS.6.20	2
13:15	JOS.11.8	2
13:15	JDG.4.15	2
13:15	JDG.7.18-JDG.7.22	2
13:15	2KI.5.1	2
13:15	2CH.20.21	2
13:15	PSA.47.1	2
13:15	PSA.47.5	2
13:15	PSA.118.4-PSA.118.7	2
13:15	ISA.37.36	2
13:16	2CH.16.8	3
13:16	GEN.14.20	2
13:16	DEU.2.36	2
13:16	DEU.3.3	2
13:16	JOS.10.12	2
13:16	JOS.21.44	2
13:16	JDG.1.4	2
13:16	JDG.11.21	2
13:16	1SA.23.7	2
13:17	2CH.13.3	2
13:17	2CH.13.12	2
13:17	2CH.28.6	2
13:17	ISA.10.16-ISA.10.19	2
13:17	ISA.37.36	2
13:17	NAM.1.5	2
13:17	1CO.10.22	2
13:18	1CH.5.20	6
13:18	2CH.14.11	6
13:18	NAM.1.7	6
13:18	2KI.18.5	5
13:18	2CH.16.8-2CH.16.9	5
13:18	2CH.20.20	5
13:18	PSA.22.4-PSA.22.5	5
13:18	PSA.146.5	5
13:18	DAN.3.28	5
13:18	EPH.1.12	4
13:19	JOS.15.9	3
13:19	2CH.15.8	3
13:19	JOS.10.19	2
13:19	JOS.10.39	2
13:19	JOS.11.12	2
13:19	1SA.31.7	2
13:19	JHN.11.54	2
13:20	1SA.25.38	4
13:20	1KI.14.20	4
13:20	1SA.26.10	2
13:20	1KI.15.9	2
13:20	PSA.18.37-PSA.18.38	2
13:20	EZK.24.16	2
13:20	ACT.12.23	2
13:21	JDG.8.30-JDG.8.31	2
13:21	JDG.9.5	2
13:21	JDG.10.4	2
13:21	2SA.5.12-2SA.5.13	2
13:21	2CH.11.21	2
13:22	2CH.9.29	4
13:22	2CH.12.15	3
13:22	2CH.24.27	2
14:1	1KI.2.10	2
14:1	1KI.14.31	2
14:1	1KI.15.8-1KI.15.24	2
14:1	1CH.3.10	2
14:1	2CH.9.31	2
14:1	MAT.1.7-MAT.1.8	1
14:2	1KI.15.11	4
14:2	1KI.15.14	3
14:2	2CH.31.20	3
14:2	LUK.1.75	3
14:3	DEU.7.5	6
14:3	EXO.34.13	5
14:3	2KI.23.14	5
14:3	1KI.15.12-1KI.15.14	4
14:3	2CH.15.17	3
14:3	LEV.26.30	2
14:3	DEU.7.25	2
14:3	JDG.6.25-JDG.6.28	2
14:3	1KI.11.7-1KI.11.8	2
14:3	1KI.14.22-1KI.14.24	2
14:3	2KI.18.4	2
14:3	2KI.23.6	2
14:3	2CH.34.4	2
14:4	GEN.18.19	2
14:4	JOS.24.15	2
14:4	1SA.3.13	2
14:4	2CH.11.16	2
14:4	2CH.29.21	2
14:4	2CH.29.27	2
14:4	2CH.29.30	2
14:4	2CH.30.12	2
14:4	2CH.30.19	2
14:4	2CH.33.16	2
14:4	2CH.34.32-2CH.34.33	2
14:4	EZR.10.7-EZR.10.12	2
14:4	NEH.10.29-NEH.10.39	2
14:4	NEH.13.9	2
14:4	PSA.101.2-PSA.101.8	2
14:4	PSA.119.10	2
14:4	ISA.55.6-ISA.55.7	2
14:4	AMO.5.4	2
14:4	NEH.13.19-NEH.13.22	1
14:5	2CH.34.4	5
14:5	2CH.34.7	3
14:6	2CH.15.15	6
14:6	1CH.22.9	4
14:6	JDG.3.11	3
14:6	JDG.3.30	3
14:6	JDG.5.31	3
14:6	1KI.5.4	3
14:6	2CH.11.5-2CH.11.12	3
14:6	JOB.34.29	3
14:6	PSA.46.9	3
14:6	JOS.23.1	2
14:6	2CH.8.2-2CH.8.6	2
14:7	1PE.3.12	5
14:7	2CH.14.6	4
14:7	1CH.28.9	3
14:7	JER.29.12-JER.29.14	3
14:7	JHN.12.35-JHN.12.36	3
14:7	JOS.23.1	2
14:7	2CH.8.5	2
14:7	2CH.14.4	2
14:7	2CH.32.5	2
14:7	PSA.105.3-PSA.105.4	2
14:7	MAT.11.28-MAT.11.29	2
14:7	JHN.9.4	2
14:7	ACT.9.31	2
14:7	HEB.3.13-HEB.3.15	2
14:8	2CH.13.3	4
14:8	2CH.11.1	2
14:8	2CH.17.14-2CH.17.19	2
14:8	2CH.25.5	2
14:9	2CH.16.8	5
14:9	JOS.15.44	3
14:9	2CH.11.8	3
14:9	2CH.12.2-2CH.12.3	3
14:9	2KI.19.9	2
14:9	ISA.8.9-ISA.8.10	2
14:9	EZK.30.5	2
14:9	MIC.1.15	2
14:9	REV.16.14	2
14:10	JDG.1.17	2
14:10	JOS.19.4	1
14:11	JER.1.19	25
14:11	2CO.12.9-2CO.12.10	23
14:11	PSA.22.5	20
14:11	PSA.20.7	19
14:11	2CH.13.14	17
14:11	ROM.8.31	17
14:11	ACT.2.21	16
14:11	1SA.14.6	15
14:11	2CH.13.18	15
14:11	PRO.18.10	15
14:11	ISA.26.3-ISA.26.4	15
14:11	PSA.120.1	14
14:11	ISA.40.29-ISA.40.31	13
14:11	PSA.50.15	12
14:11	ISA.41.10-ISA.41.14	12
14:11	1CH.5.20	11
14:11	PSA.37.5	11
14:11	PSA.91.15	11
14:11	2CH.32.8	10
14:11	EXO.14.10	9
14:11	PSA.9.19	9
14:11	PSA.18.6	9
14:11	JHN.14.27	9
14:11	LEV.26.8	8
14:11	DEU.32.30	8
14:11	DEU.32.36	8
14:11	JOS.7.8-JOS.7.9	8
14:11	JDG.7.7	8
14:11	1SA.2.9	8
14:11	PSA.34.6	8
14:11	ISA.2.22	8
14:11	ZEC.2.8	8
14:11	JHN.14.1	8
14:11	1SA.17.35-1SA.17.36	7
14:11	1SA.17.45-1SA.17.46	7
14:11	1KI.20.27-1KI.20.30	7
14:11	2CH.20.12	7
14:11	2CH.32.20	7
14:11	PSA.20.5	7
14:11	AMO.5.9	7
14:11	ACT.3.16	7
14:11	ACT.9.4	7
14:11	DEU.32.27	6
14:11	2CH.13.12	6
14:11	2CH.18.31	6
14:11	PSA.79.9-PSA.79.10	6
14:11	ISA.26.13	6
14:11	MAT.16.18	5
14:12	2CH.13.15	7
14:12	EXO.14.25	4
14:12	DEU.28.7	4
14:12	DEU.32.39	4
14:12	JOS.10.10	4
14:12	PSA.60.12	4
14:12	PSA.136.17-PSA.136.18	4
14:12	1CO.9.26	4
14:12	1CO.15.57	4
14:12	2CH.20.22	3
14:13	GEN.10.19	5
14:13	GEN.20.1	4
14:13	GEN.26.1	4
14:13	2CH.14.14	3
14:13	GEN.10.1	2
14:13	JOS.5.14	2
14:13	1SA.25.28	2
14:13	1CH.12.22	2
14:13	JOB.6.9	2
14:13	JOB.9.4	2
14:13	PSA.108.11	2
14:13	2TH.1.9	2
14:14	2CH.17.10	6
14:14	GEN.35.5	5
14:14	2CH.20.29	4
14:14	DEU.2.25	3
14:14	JOS.2.9-JOS.2.11	3
14:14	JOS.2.24	3
14:14	JOS.5.1	3
14:14	JDG.14.19	3
14:14	1SA.14.15	3
14:14	2KI.7.6-2KI.7.8	3
14:14	2KI.7.16	3
14:14	2CH.20.25	3
14:14	JOB.15.21	3
14:14	PSA.48.5-PSA.48.6	3
14:14	PSA.68.12	3
14:14	ISA.31.9	3
14:14	ISA.33.23	3
14:14	ROM.8.37	3
14:15	NUM.31.9	3
14:15	NUM.31.30-NUM.31.47	3
14:15	1SA.30.20	3
14:15	1CH.4.41	3
14:15	1CH.5.21	3
15:1	2CH.20.14	5
15:1	2CH.24.20	5
15:1	NUM.24.2	4
15:1	JDG.3.10	3
15:1	2PE.1.21	3
15:1	2SA.23.2	1
15:2	JAS.4.8	35
15:2	2CH.24.20	31
15:2	2CH.15.4	26
15:2	1CH.28.9	23
15:2	JER.29.12-JER.29.14	19
15:2	HEB.10.38	18
15:2	ISA.55.6-ISA.55.7	17
15:2	2CH.15.15	14
15:2	MAT.7.7-MAT.7.8	14
15:2	HEB.12.25	13
15:2	2CH.13.12	11
15:2	2CH.20.20	11
15:2	MAT.13.9	9
15:2	ROM.11.1-ROM.11.2	9
15:2	DEU.20.1	8
15:2	2CH.20.15	8
15:2	2KI.21.14	7
15:2	2CH.32.8	7
15:2	2CH.13.4	6
15:2	2CH.20.17	5
15:2	ISA.7.13	5
15:2	REV.2.7	5
15:2	REV.2.11	5
15:2	REV.2.29	5
15:2	JDG.9.7	4
15:2	2CH.12.1-2CH.12.3	4
15:2	REV.2.17	4
15:2	REV.3.6	4
15:2	REV.3.13	4
15:2	REV.3.22	4
15:2	2CH.33.12	3
15:2	PSA.49.1-PSA.49.2	3
15:3	NEH.8.9	7
15:3	LEV.10.11	6
15:3	2CH.17.8-2CH.17.9	6
15:3	JER.10.10	5
15:3	EZK.44.21-EZK.44.23	4
15:3	HOS.3.4	4
15:3	MIC.3.11	4
15:3	MAL.2.7	4
15:3	MAT.2.4-MAT.2.5	4
15:3	DEU.33.10	3
15:3	1KI.12.28-1KI.12.33	3
15:3	ROM.2.12	3
15:3	JHN.17.3	2
15:3	ROM.7.8-ROM.7.9	2
15:3	1CO.9.21	2
15:3	1TH.1.9	2
15:3	1TI.3.2	2
15:3	1JN.5.20	2
15:4	ISA.55.6	9
15:4	DEU.4.29-DEU.4.30	7
15:4	2CH.15.15	5
15:4	ISA.65.1-ISA.65.2	4
15:4	HOS.6.1	4
15:4	PSA.106.44	3
15:4	HOS.14.1-HOS.14.3	3
15:4	ROM.10.20	3
15:4	JDG.3.9-JDG.3.10	2
15:4	JDG.10.10-JDG.10.16	2
15:5	JDG.5.6	4
15:5	PSA.121.8	3
15:5	1SA.13.6	2
15:5	MAT.24.6-MAT.24.7	2
15:5	LUK.21.25	1
15:6	LUK.21.22-LUK.21.24	3
15:6	JDG.2.14	2
15:6	2CH.12.15	2
15:6	2CH.13.17	2
15:6	2CH.33.11	2
15:6	2CH.36.17	2
15:6	PSA.106.41	2
15:6	ISA.10.6	2
15:6	AMO.3.6	2
15:6	MAT.24.7	2
15:6	MRK.13.8	2
15:6	LUK.21.9-LUK.21.10	2
15:7	1CO.15.58	44
15:7	JOS.1.7	41
15:7	JOS.1.9	36
15:7	HEB.10.35	36
15:7	1CH.28.20	26
15:7	GEN.15.1	25
15:7	PSA.58.11	24
15:7	2JN.1.8	24
15:7	HEB.6.10	20
15:7	COL.3.24	19
15:7	RUT.2.12	18
15:7	1CO.3.8	18
15:7	1CO.3.14	17
15:7	EPH.6.10	17
15:7	ROM.4.4-ROM.4.5	16
15:7	MAT.6.4	14
15:7	MAT.6.6	14
15:7	MAT.10.41-MAT.10.42	14
15:7	PSA.27.14	13
15:7	DAN.10.19	12
15:7	MAT.5.46	12
15:7	MAT.6.18	12
15:7	LUK.6.35	12
15:7	1CO.16.13	12
15:7	PSA.19.11	11
15:7	ISA.35.3-ISA.35.4	11
15:7	MAT.5.12	11
15:7	MAT.6.1	11
15:7	1CO.9.17-1CO.9.18	11
15:8	2CH.8.12	6
15:8	2CH.13.19	6
15:8	2CH.4.1	4
15:8	LEV.18.30	2
15:8	DEU.27.15	2
15:8	1KI.11.5	2
15:8	1KI.11.7	2
15:8	2KI.16.14	2
15:8	2KI.18.22	2
15:8	2KI.23.13	2
15:8	2CH.19.11	2
15:8	2CH.29.18	2
15:8	ISA.44.14	2
15:8	ISA.65.4	2
15:8	JER.16.18	2
15:8	EZK.8.10	2
15:8	ACT.28.15	2
15:8	1PE.4.3	2
15:8	REV.17.4-REV.17.5	2
15:9	2CH.11.16	6
15:9	ACT.9.31	4
15:9	ZEC.8.21-ZEC.8.23	3
15:9	GEN.39.3	2
15:9	1SA.18.28	2
15:9	1KI.3.28	2
15:9	1KI.12.19	2
15:9	1CH.12.19	2
15:9	2CH.30.1-2CH.30.11	2
15:9	2CH.30.25	2
15:9	ACT.7.9-ACT.7.10	2
15:10	EST.8.9	2
15:11	2CH.14.13-2CH.14.15	4
15:11	NUM.31.28-NUM.31.29	2
15:11	NUM.31.50	2
15:11	1SA.15.15	2
15:11	1SA.15.21	2
15:11	1CH.26.26-1CH.26.27	2
15:11	2CH.1.6	2
15:11	2CH.7.5	2
15:12	ACT.24.14	5
15:12	DEU.10.12	4
15:12	2CH.23.16	4
15:12	2CH.29.10	3
15:12	DEU.4.29	2
15:12	DEU.29.1	2
15:12	DEU.29.12	2
15:12	1KI.8.48	2
15:12	2KI.23.3	2
15:12	2CH.15.4	2
15:12	2CH.34.31-2CH.34.32	2
15:12	NEH.9.38	2
15:12	NEH.10.29	2
15:12	JER.29.12-JER.29.13	2
15:12	JER.50.5	2
15:12	2CO.8.5	2
15:13	EXO.22.20	5
15:13	DEU.29.18	4
15:13	DEU.13.5-DEU.13.15	3
15:13	DEU.17.2-DEU.17.5	3
15:13	1KI.18.40	3
15:13	PSA.115.13	3
15:13	ACT.26.22	3
15:13	REV.20.12	2
15:13	GEN.19.11	1
15:13	EXO.12.29	1
15:13	JOB.3.19	1
15:13	JOB.34.19	1
15:13	REV.6.15	1
15:14	NEH.5.13	2
15:14	NEH.10.29	2
15:14	PSA.81.1-PSA.81.4	2
15:15	2CH.14.7	6
15:15	2CH.15.12	5
15:15	ISA.26.8	4
15:15	2CO.1.12	4
15:15	2CH.15.4	3
15:15	PSA.32.11	3
15:15	PSA.119.111	3
15:15	DEU.26.11	2
15:15	JOS.23.1	2
15:15	2CH.15.2	2
15:15	2CH.15.6	2
15:15	2CH.29.36	2
15:15	NEH.8.9	2
15:15	JOB.34.29	2
15:15	PSA.119.106	2
15:15	PRO.3.17	2
15:15	ISA.45.19	2
15:15	PHP.1.23	2
15:15	2CH.23.16-2CH.23.21	1
15:15	2CH.29.10	1
15:16	1KI.15.13-1KI.15.24	4
15:16	EXO.34.13	3
15:16	1KI.15.2	3
15:16	1KI.15.10	3
15:16	2KI.23.6	3
15:16	2KI.23.15	3
15:16	EXO.32.20	2
15:16	EXO.32.27-EXO.32.28	2
15:16	LEV.26.30	2
15:16	DEU.7.5	2
15:16	DEU.7.25-DEU.7.26	2
15:16	DEU.9.21	2
15:16	DEU.13.6-DEU.13.8	2
15:16	DEU.33.9	2
15:16	2KI.23.12	2
15:16	2CH.14.2-2CH.14.5	2
15:16	2CH.34.7	2
15:16	ZEC.13.3	2
15:16	MRK.3.21	2
15:16	MRK.3.31-MRK.3.35	2
15:16	2CO.5.16	2
15:17	DEU.12.13-DEU.12.14	3
15:17	1KI.11.4	3
15:17	1KI.22.43	3
15:17	2KI.12.3	3
15:17	2KI.14.4	3
15:17	2CH.14.3-2CH.14.5	3
15:17	1KI.3.2-1KI.3.4	1
15:17	2CH.16.7-2CH.16.12	1
15:18	1KI.7.51	2
15:18	1KI.15.14-1KI.15.15	2
15:18	1CH.26.20-1CH.26.26	2
15:19	1KI.15.16-1KI.15.17	2
15:19	1KI.15.31	2
15:19	1KI.15.33	2
15:19	2CH.16.1	2
16:1	2CH.15.9	3
16:1	1KI.12.27	2
16:1	1KI.15.16-1KI.15.22	2
16:1	2CH.11.13-2CH.11.17	2
16:1	2CH.15.5	2
16:2	2KI.12.18	2
16:2	2KI.16.8	2
16:2	2KI.18.15	2
16:2	2CH.28.21	2
16:3	PSA.15.4	3
16:3	GEN.20.9-GEN.20.10	2
16:3	EXO.32.21	2
16:3	JOS.9.19-JOS.9.20	2
16:3	JDG.2.2	2
16:3	2SA.21.2	2
16:3	2CH.18.3	2
16:3	2CH.19.2	2
16:3	ISA.31.1-ISA.31.3	2
16:3	EZK.17.18-EZK.17.19	2
16:3	ROM.1.31-ROM.1.32	2
16:3	2CO.6.16	2
16:3	2TI.3.3	2
16:4	GEN.14.14	2
16:4	EXO.1.11	2
16:4	JDG.18.28-JDG.18.29	2
16:4	JDG.20.1	2
16:4	1KI.9.19	2
16:4	1KI.15.20	2
16:4	2CH.8.6	2
16:4	2CH.17.12	2
16:4	1TI.6.10	1
16:4	2PE.2.15	1
16:6	JOS.15.38	2
16:6	JOS.18.24-JOS.18.26	2
16:6	1SA.7.6	2
16:6	1SA.10.17	2
16:6	1KI.15.22	2
16:6	1CH.6.60	2
16:6	2CH.21.17	2
16:6	ISA.10.29	2
16:6	ZEC.14.10	2
16:6	1SA.7.16	1
16:7	1KI.16.1	6
16:7	2CH.19.2	6
16:7	PSA.146.3-PSA.146.6	4
16:7	ISA.31.1	4
16:7	2CH.20.34	3
16:7	2CH.32.7-2CH.32.8	3
16:7	EPH.1.12-EPH.1.13	3
16:7	2KI.18.5	2
16:7	1CH.5.20	2
16:7	2CH.13.18	2
16:7	JER.17.5-JER.17.6	1
16:7	ISA.32.2	0
16:8	2CH.12.3	8
16:8	2CH.13.16	4
16:8	2CH.14.9-2CH.14.12	4
16:8	2CH.16.7	4
16:8	2CH.13.18	3
16:8	PSA.9.9-PSA.9.10	3
16:8	PSA.37.39-PSA.37.40	3
16:9	1PE.3.12	100
16:9	PRO.15.3	71
16:9	JER.16.17	62
16:9	PRO.5.21	49
16:9	PSA.34.15	47
16:9	JOB.34.21	42
16:9	HEB.4.13	38
16:9	ZEC.4.10	33
16:9	JER.32.19	32
16:9	2CH.6.20	17
16:9	PSA.113.6	15
16:9	PSA.37.37	11
16:9	1SA.13.13	10
16:9	GAL.3.1	9
16:9	2KI.20.3	8
16:9	1CH.21.8	8
16:9	LUK.12.20	8
16:9	2SA.12.7-2SA.12.12	7
16:9	1KI.15.32	6
16:9	JOB.34.18-JOB.34.19	6
16:9	2CH.15.17	3
16:9	1CO.15.36	2
16:9	JER.5.21	1
16:9	MAT.5.22	0
16:10	2CH.18.26	3
16:10	2SA.11.4	2
16:10	2SA.12.13	2
16:10	2SA.12.31	2
16:10	2SA.24.10-2SA.24.14	2
16:10	2CH.25.16	2
16:10	2CH.26.19	2
16:10	JOB.20.19	2
16:10	PSA.141.5	2
16:10	PRO.9.7-PRO.9.9	2
16:10	ISA.51.23	2
16:10	JER.20.2	2
16:10	JER.29.26	2
16:10	JER.51.34	2
16:10	LAM.3.34	2
16:10	MAT.14.3-MAT.14.4	2
16:10	LUK.3.20	2
16:10	ACT.16.23-ACT.16.24	2
16:11	1KI.15.23-1KI.15.24	2
16:11	2CH.9.29	2
16:11	2CH.12.15	2
16:11	2CH.20.34	2
16:11	2CH.25.26	2
16:11	2CH.26.22	2
16:11	2CH.27.7	2
16:11	2CH.32.32	2
16:11	2CH.34.18	2
16:11	2CH.35.27	2
16:12	JER.17.5	11
16:12	2CH.28.22	8
16:12	MRK.5.26	8
16:12	1CH.10.14	7
16:12	2CH.16.9	7
16:12	JOB.13.4	4
16:12	MAT.9.12	4
16:12	MRK.2.17	4
16:12	JER.8.22	3
16:12	MAT.7.2	3
16:12	COL.4.14	3
16:12	REV.3.19	3
16:12	GEN.50.2	2
16:12	LUK.6.37-LUK.6.38	2
16:13	1KI.15.24	2
16:14	GEN.50.2	5
16:14	2CH.21.19	5
16:14	JER.34.5	5
16:14	MRK.16.1	3
16:14	EXO.30.25-EXO.30.37	2
16:14	2CH.35.24	2
16:14	ECC.10.1	2
16:14	ISA.22.16	2
16:14	JHN.19.39-JHN.19.42	2
17:1	1KI.15.24	4
17:1	2CH.32.5	3
17:1	MAT.1.8	3
17:1	EPH.6.10	3
17:1	1SA.23.16	2
17:1	1KI.22.41	2
17:1	1CH.11.10	2
17:1	2CH.12.1	2
17:1	2CH.26.8	2
17:1	EZK.7.27	2
17:2	2CH.15.8	5
17:2	2CH.11.5	2
17:2	2CH.11.11-2CH.11.12	2
17:3	2KI.22.2	9
17:3	ISA.41.10	9
17:3	2TI.4.22	7
17:3	GEN.39.2-GEN.39.3	6
17:3	GEN.39.21	6
17:3	JOS.1.9	6
17:3	JDG.6.12	6
17:3	PSA.46.11	6
17:3	MAT.28.20	6
17:3	JOS.1.5	4
17:3	2SA.5.10	4
17:3	1CH.22.18	4
17:3	ISA.8.10	4
17:3	MAT.1.23	4
17:3	EXO.3.12	3
17:3	EXO.4.12	3
17:3	2SA.8.15	3
17:3	1KI.11.6	3
17:3	2KI.18.3	3
17:3	2CH.15.2	3
17:3	2CH.15.8-2CH.15.13	3
17:3	PSA.46.7	3
17:3	PSA.132.1-PSA.132.5	3
17:3	JER.2.23	3
17:3	MAT.18.20	3
17:3	JDG.2.11	2
17:3	JDG.2.18	2
17:3	JDG.8.33	2
17:3	1KI.15.3-1KI.15.4	2
17:3	2KI.16.2	2
17:3	2CH.14.2-2CH.14.5	2
17:3	2CH.14.11	2
17:3	2KI.14.3	0
17:4	1KI.12.28	6
17:4	LUK.1.6	4
17:4	1TH.2.12	4
17:4	2KI.8.18	3
17:4	2KI.17.19	3
17:4	HOS.4.15	3
17:4	1TH.4.1	3
17:4	1KI.12.30	2
17:4	1KI.12.33	2
17:4	1KI.13.33-1KI.13.34	2
17:4	1KI.16.31-1KI.16.33	2
17:4	JER.3.7-JER.3.8	2
17:5	2CH.18.1	11
17:5	MAT.6.33	8
17:5	PSA.127.1	7
17:5	MAT.2.11	7
17:5	JOB.42.12	6
17:5	1SA.10.27	5
17:5	2CH.32.23	5
17:5	1PE.5.10	5
17:5	PSA.68.29	4
17:5	GEN.13.2	3
17:5	GEN.26.13-GEN.26.14	3
17:5	DEU.8.13-DEU.8.14	3
17:5	2SA.7.25-2SA.7.26	3
17:5	1KI.4.21	3
17:5	1KI.9.4-1KI.9.5	3
17:5	1KI.10.25	3
17:5	1KI.10.27	3
17:5	2CH.1.15	3
17:5	2CH.9.27	3
17:5	2CH.32.27-2CH.32.29	3
17:5	PSA.72.10	3
17:5	PSA.76.11	3
17:5	PSA.132.12	3
17:6	HOS.14.9	5
17:6	2CH.15.17	4
17:6	2CH.20.33	4
17:6	PSA.119.1	4
17:6	1KI.22.43	3
17:6	2CH.19.3	3
17:6	2CH.34.3-2CH.34.7	3
17:6	PSA.18.21-PSA.18.22	3
17:6	PSA.138.5	3
17:6	DEU.28.47	2
17:6	2CH.14.3	2
17:6	2CH.31.1	2
17:6	JOB.22.26	2
17:6	ACT.13.10	2
17:7	2CH.35.3	8
17:7	ECC.12.9-ECC.12.10	6
17:7	2CH.15.3	5
17:7	NEH.8.7-NEH.8.8	5
17:7	2CH.30.22	4
17:7	NEH.8.13-NEH.8.14	4
17:7	NEH.9.3	4
17:7	PSA.51.13	4
17:7	ECC.1.12	4
17:7	LUK.4.43-LUK.4.44	4
17:7	ACT.1.1	4
17:7	DEU.4.5	3
17:7	DEU.33.10	3
17:7	PSA.34.11	3
17:7	ISA.49.23	3
17:7	MAT.4.23	3
17:7	MRK.4.2	3
17:8	2CH.19.8	3
17:8	EZR.7.1-EZR.7.6	3
17:8	MAL.2.7	3
17:9	JHN.5.46	4
17:9	ROM.3.2	3
17:9	DEU.6.4-DEU.6.9	2
17:9	DEU.31.11-DEU.31.13	2
17:9	JOS.1.7-JOS.1.8	2
17:9	2CH.35.3	2
17:9	NEH.8.7	2
17:9	ISA.8.20	2
17:9	MAT.10.23	2
17:9	MAT.11.1	2
17:9	MAT.15.2-MAT.15.9	2
17:9	MAT.28.19-MAT.28.20	2
17:9	LUK.4.17-LUK.4.19	2
17:9	JHN.5.39	2
17:9	ACT.8.40	2
17:9	ACT.13.15	2
17:9	ACT.15.21	2
17:9	ACT.28.23	2
17:9	1PE.4.11	2
17:10	2CH.14.14	6
17:10	EXO.15.14-EXO.15.16	5
17:10	EXO.34.24	5
17:10	2CH.16.9	5
17:10	PRO.16.7	5
17:10	GEN.35.5	4
17:10	JOS.2.9-JOS.2.11	3
17:11	2CH.26.8	6
17:11	2CH.9.14	5
17:11	2SA.8.2	4
17:11	2KI.3.4	3
17:11	2CH.17.5	3
17:12	2CH.8.2-2CH.8.6	4
17:12	2CH.14.6-2CH.14.7	4
17:12	2CH.18.1	4
17:12	2CH.27.4	4
17:12	2CH.32.5	4
17:12	2CH.32.27-2CH.32.29	4
17:12	2CH.26.6-2CH.26.9	3
17:12	1CH.29.25	2
17:12	2CH.11.5-2CH.11.12	2
17:13	1CH.27.25-1CH.27.31	3
17:13	2CH.26.10-2CH.26.15	3
17:14	GEN.12.2	2
17:14	GEN.13.16	2
17:14	GEN.15.5	2
17:14	NUM.1.2	2
17:14	NUM.1.18	2
17:14	2CH.11.1	2
17:14	2CH.13.3	2
17:14	2CH.14.8	2
17:14	2CH.26.13	2
17:16	JDG.5.9	5
17:16	JDG.5.2	4
17:16	1CH.29.9	4
17:16	1CH.29.14	2
17:16	1CH.29.17	2
17:16	PSA.110.3	2
17:16	2CO.8.3-2CO.8.5	2
17:16	2CO.8.12	2
17:17	2SA.1.21-2SA.1.22	2
17:17	2CH.14.8	2
17:19	2CH.17.2	4
17:19	2CH.11.12	2
17:19	2CH.11.23	2
17:19	2CH.17.12	2
18:1	2CH.17.5	6
18:1	2CH.21.6	4
18:1	2KI.8.18	3
18:1	2CH.19.2	3
18:1	1KI.16.31-1KI.16.33	2
18:1	1KI.21.25	2
18:1	2KI.8.26-2KI.8.27	2
18:1	2KI.11.1	2
18:1	2CH.1.11-2CH.1.15	2
18:1	2CH.17.12	2
18:1	2CH.18.31	2
18:1	2CH.22.2-2CH.22.3	2
18:1	MAT.6.33	2
18:1	2CO.6.14	2
18:2	1KI.1.9	3
18:2	2KI.9.1	3
18:2	2CH.19.2	3
18:2	DEU.4.43	2
18:2	JOS.20.8	2
18:2	1KI.4.13	2
18:2	1KI.17.7	2
18:2	1KI.22.2-1KI.22.35	2
18:2	NEH.13.6	2
18:2	ISA.22.12-ISA.22.13	2
18:2	LUK.17.27-LUK.17.29	2
18:3	1KI.22.4	3
18:3	2KI.3.7	3
18:3	PSA.139.21	2
18:3	EPH.5.11	2
18:3	2JN.1.10-2JN.1.11	2
18:4	JER.21.2	5
18:4	1SA.23.2	3
18:4	1SA.23.4	3
18:4	1SA.23.9-1SA.23.12	3
18:4	2SA.2.1	3
18:4	2SA.5.19	3
18:4	2SA.5.23	3
18:4	1KI.22.5-1KI.22.6	2
18:4	2CH.34.26	2
18:4	PSA.27.4	1
18:4	EZK.20.3	1
18:5	1KI.18.19	2
18:5	2KI.3.13	2
18:5	2CH.18.14	2
18:5	2CH.18.20-2CH.18.21	2
18:5	JER.8.10-JER.8.11	2
18:5	JER.23.14	2
18:5	JER.23.17	2
18:5	JER.28.1-JER.28.17	2
18:5	JER.38.14-JER.38.28	2
18:5	JER.42.2-JER.42.3	2
18:5	JER.42.20	2
18:5	EZK.13.3-EZK.13.16	2
18:5	EZK.13.22	2
18:5	MIC.2.11	2
18:5	MIC.3.11	2
18:5	2TI.4.3	2
18:5	REV.19.20	2
18:6	1KI.22.7-1KI.22.9	3
18:6	2KI.3.11-2KI.3.13	3
18:7	AMO.5.10	4
18:7	MIC.2.7	4
18:7	1KI.18.17	3
18:7	1KI.21.20	3
18:7	ISA.30.10	3
18:7	LUK.6.22	3
18:7	1KI.18.4	2
18:7	1KI.19.10	2
18:7	1KI.20.42-1KI.20.43	2
18:7	2KI.9.22	2
18:7	2CH.18.13	2
18:7	PSA.34.21	2
18:7	PSA.55.3	2
18:7	PSA.69.14	2
18:7	PRO.9.8	2
18:7	PRO.25.12	2
18:7	PRO.29.10	2
18:7	JER.18.18	2
18:7	JER.38.4	2
18:7	EZK.3.17-EZK.3.19	2
18:7	MRK.6.18-MRK.6.19	2
18:7	MRK.6.27	2
18:7	JHN.7.7	2
18:7	JHN.15.18-JHN.15.19	2
18:7	JHN.15.24	2
18:7	ACT.20.26-ACT.20.27	2
18:7	GAL.4.16	2
18:8	1SA.8.15	2
18:8	1KI.22.9	2
18:8	1CH.28.1	2
18:8	2CH.18.25-2CH.18.26	2
18:8	ISA.39.7	2
18:8	DAN.1.3	2
18:8	DAN.1.7-DAN.1.8	2
18:9	RUT.4.1	2
18:9	1KI.22.10-1KI.22.12	2
18:9	2CH.18.29	2
18:9	ISA.14.9	2
18:9	JER.27.14-JER.27.16	2
18:9	EZK.26.16	2
18:9	DAN.7.9	2
18:9	MAT.6.29	2
18:9	MAT.11.8	2
18:9	MAT.19.28	2
18:10	JER.23.17	2
18:10	JER.23.21	2
18:10	JER.23.25	2
18:10	JER.23.31	2
18:10	JER.27.2	2
18:10	JER.28.2-JER.28.3	2
18:10	JER.28.10-JER.28.14	2
18:10	JER.29.21	2
18:10	EZK.13.7	2
18:10	EZK.22.28	2
18:10	ZEC.1.18-ZEC.1.21	2
18:10	2TI.3.8	2
18:11	2CH.18.5	2
18:11	2CH.18.12	2
18:11	2CH.18.33-2CH.18.34	2
18:11	PRO.24.24-PRO.24.25	2
18:11	MIC.3.5	2
18:11	2PE.2.1-2PE.2.3	2
18:11	JUD.1.16	2
18:11	REV.16.13-REV.16.14	2
18:11	REV.19.20	2
18:12	JOS.9.2	2
18:12	JOB.22.13	2
18:12	PSA.10.11	2
18:12	ISA.30.10	2
18:12	HOS.7.3	2
18:12	AMO.7.13	2
18:12	MIC.2.6	2
18:12	MIC.2.11	2
18:12	1CO.2.14-1CO.2.16	2
18:13	NUM.22.35	5
18:13	NUM.22.18-NUM.22.20	3
18:13	NUM.24.13	3
18:13	NUM.23.12	2
18:13	NUM.23.26	2
18:13	1KI.22.14	2
18:13	JER.23.28	2
18:13	JER.42.4	2
18:13	EZK.2.7	2
18:13	MIC.2.6-MIC.2.7	2
18:13	ACT.20.27	2
18:13	1CO.11.23	2
18:13	2CO.2.17	2
18:13	GAL.1.10	2
18:13	1TH.2.4	2
18:14	1KI.18.27	2
18:14	1KI.22.15	2
18:14	ECC.11.1	2
18:14	LAM.4.21	2
18:14	AMO.4.4-AMO.4.5	2
18:14	MAT.26.45	2
18:15	1SA.14.24	2
18:15	1KI.22.16	2
18:15	MAT.26.63	2
18:15	MRK.5.7	2
18:15	ACT.19.13	2
18:16	MAT.9.36	4
18:16	NUM.27.17	3
18:16	1KI.22.17	3
18:16	EZK.34.5-EZK.34.6	3
18:16	EZK.34.8	3
18:16	MRK.6.34	3
18:16	2SA.2.7	2
18:16	2SA.5.2	2
18:16	1KI.22.34-1KI.22.36	2
18:16	2KI.10.3	2
18:16	2CH.18.33-2CH.18.34	2
18:16	JER.23.1-JER.23.2	2
18:16	ZEC.10.2	2
18:16	ZEC.13.7	2
18:16	MAT.26.64	2
18:17	1KI.22.18	2
18:17	2CH.18.7	2
18:17	PRO.29.1	2
18:17	JER.43.2-JER.43.3	2
18:18	DAN.7.9	5
18:18	ISA.6.1-ISA.6.5	4
18:18	GEN.32.2	3
18:18	1KI.22.19-1KI.22.23	3
18:18	PSA.103.20-PSA.103.21	3
18:18	ISA.39.5	3
18:18	JER.2.4	3
18:18	JER.34.4	3
18:18	AMO.7.16	3
18:18	ZEC.1.10	3
18:18	ACT.7.55-ACT.7.56	3
18:18	ISA.1.10	2
18:18	ISA.28.14	2
18:18	JER.19.3	1
18:19	1KI.22.20	2
18:19	2CH.25.8	2
18:19	2CH.25.19	2
18:19	JOB.12.16	2
18:19	PRO.11.5	2
18:19	ISA.6.9-ISA.6.10	2
18:19	ISA.54.16	2
18:19	EZK.14.9	2
18:19	2TH.2.11-2TH.2.12	2
18:19	JAS.1.13-JAS.1.14	2
18:20	JOB.1.6	3
18:20	JOB.2.1	2
18:20	2CO.11.3	2
18:20	2CO.11.13-2CO.11.15	2
18:21	JHN.8.44	4
18:21	1KI.22.21-1KI.22.22	3
18:21	GEN.3.4-GEN.3.5	2
18:21	JDG.9.23	2
18:21	2CH.18.19	2
18:21	2CH.18.22	2
18:21	JOB.1.12	2
18:21	JOB.2.6	2
18:21	PSA.109.17	2
18:21	1JN.4.6	2
18:21	REV.12.9	2
18:21	REV.13.14	2
18:21	REV.20.8	2
18:22	ISA.19.14	4
18:22	EZK.14.9	4
18:22	JOB.12.16	3
18:22	EXO.4.21	2
18:22	2CH.18.7	2
18:22	2CH.18.17	2
18:22	2CH.25.18	2
18:22	ISA.3.11	2
18:22	JER.18.11	2
18:22	EZK.14.3-EZK.14.5	2
18:22	MIC.2.3	2
18:22	MAT.24.24-MAT.24.25	2
18:22	MAT.26.24-MAT.26.25	2
18:22	MRK.14.20-MRK.14.21	2
18:22	2CO.11.11-2CO.11.13	2
18:22	2TH.2.9-2TH.2.11	2
18:22	1TI.4.1-1TI.4.2	2
18:23	MRK.14.65	5
18:23	JER.20.2	4
18:23	1KI.22.23-1KI.22.25	2
18:23	2CH.18.10	2
18:23	ISA.50.5-ISA.50.6	2
18:23	JER.29.26-JER.29.27	2
18:23	LAM.3.30	2
18:23	MIC.5.1	2
18:23	MAT.26.67-MAT.26.68	2
18:23	JHN.9.40-JHN.9.41	2
18:23	JHN.18.22-JHN.18.23	1
18:23	ACT.23.2-ACT.23.3	1
18:24	1KI.20.30	2
18:24	ISA.26.11	2
18:24	ISA.26.20	2
18:24	JER.28.16-JER.28.17	2
18:24	JER.29.21-JER.29.22	2
18:24	JER.29.32	2
18:25	2CH.18.8	3
18:25	2CH.34.8	2
18:25	JER.37.15-JER.37.21	2
18:25	JER.38.6-JER.38.7	2
18:25	ACT.24.25-ACT.24.27	2
18:26	2CH.16.10	5
18:26	DEU.29.19	2
18:26	1SA.25.21	2
18:26	1KI.22.26-1KI.22.28	2
18:26	2CH.18.15	2
18:26	PSA.10.5	2
18:26	PSA.80.5	2
18:26	PSA.102.9	2
18:26	PRO.14.16	2
18:26	ISA.30.20	2
18:26	JER.20.2-JER.20.3	2
18:26	MAT.5.12	2
18:26	MAT.12.24	2
18:26	LUK.3.19-LUK.3.20	2
18:26	LUK.23.2	2
18:26	ACT.5.18	2
18:26	ACT.22.22	2
18:26	2CO.11.23	2
18:26	1TH.5.2-1TH.5.3	2
18:26	REV.11.10	2
18:27	NUM.16.29	2
18:27	AMO.9.10	2
18:27	MIC.1.2	2
18:27	MAT.13.9	2
18:27	MAT.15.10	2
18:27	MRK.7.14	2
18:27	LUK.20.45-LUK.20.46	2
18:27	ACT.13.10-ACT.13.11	2
18:28	1KI.22.29-1KI.22.33	2
18:29	1SA.28.8	3
18:29	1KI.14.2-1KI.14.6	2
18:29	1KI.20.38	2
18:29	2CH.35.22-2CH.35.23	2
18:29	JOB.24.15	2
18:29	PSA.12.2	2
18:29	PRO.26.25	2
18:29	JER.23.24	2
18:30	GEN.19.11	2
18:30	DEU.1.17	2
18:30	1KI.20.33-1KI.20.34	2
18:30	1KI.20.42	2
18:30	2CH.15.13	2
18:31	2CH.13.14	5
18:31	PSA.118.13	4
18:31	NEH.1.11	3
18:31	PSA.34.7	3
18:31	PSA.46.1	3
18:31	PSA.46.11	3
18:31	PSA.94.17	3
18:31	PSA.116.1-PSA.116.2	3
18:31	PRO.16.7	3
18:31	PRO.21.1	3
18:31	2CO.1.9-2CO.1.10	3
18:31	EXO.14.10	2
18:31	2CH.14.11	2
18:31	2CH.26.7	2
18:31	EZR.1.1	2
18:31	EZR.7.27	2
18:32	1KI.22.33	2
18:33	2SA.15.11	2
18:33	1KI.22.34-1KI.22.35	2
18:33	2CH.35.23	2
18:34	PRO.13.21	3
18:34	NUM.32.23	2
18:34	2CH.18.16	2
18:34	2CH.18.19	2
18:34	2CH.18.27	2
18:34	PRO.28.17	2
19:1	2CH.18.31-2CH.18.32	2
19:2	PSA.139.21-PSA.139.22	8
19:2	2JN.1.10-2JN.1.11	7
19:2	2CH.18.3	6
19:2	EPH.5.11	6
19:2	JAS.4.4	6
19:2	1KI.16.1	5
19:2	2CH.16.7	5
19:2	2CH.20.34	5
19:2	2CH.24.18	5
19:2	2CH.32.25	5
19:2	1SA.9.9	4
19:2	ROM.8.7	4
19:2	EXO.20.5	3
19:2	DEU.5.9	3
19:2	DEU.7.10	3
19:2	DEU.32.41	3
19:2	DEU.33.11	3
19:2	1KI.16.7	3
19:2	1KI.16.12	3
19:2	1KI.21.25	3
19:2	2CH.18.7	3
19:2	2CH.18.28	3
19:2	PSA.15.4	3
19:2	PSA.21.8	3
19:2	PSA.68.1	3
19:2	PSA.90.7-PSA.90.8	3
19:2	PRO.1.10-PRO.1.19	3
19:2	JHN.15.18	3
19:2	JHN.15.23	3
19:2	ROM.1.18	3
19:2	ROM.1.30	3
19:2	ROM.1.32	3
19:2	1CO.11.31-1CO.11.32	3
19:2	2CH.18.1	2
19:2	PSA.71.15	2
19:3	2CH.12.12	7
19:3	1KI.14.13	5
19:3	EZR.7.10	5
19:3	2CH.30.19	4
19:3	2CH.12.14	3
19:3	2CH.17.3-2CH.17.6	3
19:3	PSA.57.7	2
19:3	ROM.7.18	2
19:4	LUK.1.17	4
19:4	1SA.7.3-1SA.7.4	3
19:4	2CH.15.8-2CH.15.13	3
19:4	2CH.29.10-2CH.29.11	3
19:4	MAL.4.6	3
19:4	GEN.21.33	2
19:4	JOS.17.15	2
19:4	JDG.19.1	2
19:4	JDG.20.1	2
19:4	1SA.7.15-1SA.7.17	2
19:5	DEU.16.18-DEU.16.20	4
19:5	2CH.19.8	2
19:5	ROM.13.1-ROM.13.5	2
19:5	1PE.2.13-1PE.2.14	2
19:6	DEU.1.17	6
19:6	LEV.19.15	5
19:6	ECC.5.8	5
19:6	LUK.12.15	4
19:6	JOS.22.5	3
19:6	1CH.28.10	3
19:6	PSA.82.1-PSA.82.6	3
19:6	LUK.21.8	3
19:6	ACT.5.35	3
19:6	ACT.22.26	2
19:7	DEU.32.4	11
19:7	GEN.18.25	9
19:7	ROM.2.11	8
19:7	DEU.10.17-DEU.10.18	7
19:7	EXO.23.8	6
19:7	ROM.9.14	6
19:7	COL.3.25	6
19:7	DEU.16.18-DEU.16.19	5
19:7	JOB.34.19	5
19:7	ISA.1.23-ISA.1.26	5
19:7	ACT.10.34	5
19:7	EXO.18.21-EXO.18.22	4
19:7	EXO.18.25-EXO.18.26	4
19:7	NEH.5.15	4
19:7	ISA.33.15	4
19:7	MIC.7.3	4
19:7	MAT.22.16	4
19:7	ROM.3.5-ROM.3.6	4
19:7	GAL.2.6	4
19:7	EPH.6.9	4
19:7	1PE.1.17	3
19:7	GEN.42.18	2
19:8	2CH.17.8-2CH.17.9	3
19:8	EXO.18.19-EXO.18.26	2
19:8	DEU.17.8-DEU.17.13	2
19:8	DEU.21.5	2
19:8	DEU.25.1	2
19:8	1CH.23.4	2
19:8	1CH.26.29	2
19:9	2SA.23.3	4
19:9	2CH.19.7	4
19:9	DEU.1.16-DEU.1.17	2
19:9	ISA.11.3-ISA.11.5	2
19:9	ISA.32.1	1
19:10	DEU.17.8-DEU.17.13	3
19:10	NUM.16.46	2
19:10	JOS.22.18-JOS.22.20	2
19:10	2CH.19.2	2
19:10	EZK.3.18-EZK.3.21	2
19:10	EZK.33.6	2
19:10	ACT.20.31	2
19:10	1TH.5.14	2
19:11	2CH.19.8	4
19:11	PSA.18.25-PSA.18.26	4
19:11	PHP.4.8-PHP.4.9	3
19:11	2TI.2.1	3
19:11	JOS.1.6	2
19:11	JOS.1.9	2
19:11	1CH.6.11	2
19:11	1CH.22.11	2
19:11	1CH.22.16	2
19:11	1CH.22.19	2
19:11	1CH.26.30	2
19:11	1CH.28.20	2
19:11	2CH.15.2	2
19:11	2CH.19.6	2
19:11	PSA.37.23	2
19:11	PSA.112.5	2
19:11	PRO.2.20	2
19:11	ECC.2.26	2
19:11	MAL.2.7	2
19:11	LUK.23.50	2
19:11	JHN.14.23-JHN.14.24	2
19:11	ACT.11.24	2
19:11	ROM.2.4-ROM.2.13	2
19:11	1CO.16.13	2
20:1	2CH.19.11	2
20:1	2CH.32.1	2
20:1	PSA.83.5-PSA.83.8	2
20:1	ISA.8.9-ISA.8.10	2
20:1	ISA.16.6	2
20:1	REV.3.19	2
20:1	1CH.4.41	1
20:1	2CH.19.2	1
20:1	2CH.19.5	1
20:1	ISA.7.1	1
20:1	JER.10.24	1
20:2	GEN.14.7	5
20:2	1SA.23.29	2
20:2	GEN.14.3	1
20:2	NUM.34.12	1
20:2	JOS.3.16	1
20:2	JOS.15.62	1
20:2	SNG.1.14	1
20:3	DAN.9.3	9
20:3	1SA.7.6	6
20:3	2CH.19.3	6
20:3	EST.4.16	6
20:3	JER.36.9	6
20:3	JOL.1.14	6
20:3	JOL.2.12-JOL.2.18	6
20:3	JON.3.5-JON.3.9	6
20:3	EZR.8.21-EZR.8.23	5
20:3	GEN.32.24-GEN.32.28	4
20:3	JDG.20.26	4
20:3	PSA.56.3-PSA.56.4	4
20:3	ISA.37.3-ISA.37.6	4
20:3	MAT.10.28	4
20:3	GEN.32.7-GEN.32.11	3
20:3	2CH.11.16	3
20:3	JON.1.16	3
20:4	PSA.50.15	9
20:4	PSA.60.10-PSA.60.12	5
20:4	PSA.34.5-PSA.34.6	3
20:4	PSA.69.35	3
20:4	2CH.19.5	1
20:5	2KI.19.15-2KI.19.19	2
20:5	2CH.6.12-2CH.6.13	2
20:5	2CH.34.31	2
20:6	DEU.4.39	8
20:6	1CH.29.11-1CH.29.12	8
20:6	DAN.4.17	5
20:6	PSA.47.8	4
20:6	JOS.2.11	3
20:6	1KI.8.23	3
20:6	PSA.115.3	3
20:6	ISA.57.15-ISA.57.16	3
20:6	ISA.66.1	3
20:6	DAN.4.25	3
20:6	MAT.6.9	3
20:6	MAT.6.13	3
20:6	ACT.11.17	3
20:6	EXO.3.6	2
20:6	EXO.3.15-EXO.3.16	2
20:6	1CH.29.18	2
20:6	PSA.47.2	2
20:6	PSA.62.11	2
20:6	JER.27.5-JER.27.8	2
20:6	DAN.4.32-DAN.4.35	2
20:7	ISA.41.8	6
20:7	JAS.2.23	6
20:7	GEN.12.7	5
20:7	PSA.44.2	5
20:7	GEN.13.15	4
20:7	JOS.24.3	4
20:7	NEH.9.8	4
20:7	EXO.6.7	3
20:7	EXO.33.2	3
20:7	1CH.17.21-1CH.17.24	3
20:7	2CH.14.11	3
20:7	GEN.17.7	2
20:7	EXO.19.5-EXO.19.7	2
20:7	EXO.20.2	2
20:7	JHN.11.11	2
20:7	JOS.24.13	1
20:7	JHN.15.15	1
20:8	2CH.2.4	2
20:8	2CH.6.10	2
20:9	2CH.6.28-2CH.6.30	16
20:9	1KI.8.33	6
20:9	2CH.6.20	6
20:9	EXO.20.24	5
20:9	1KI.8.37	3
20:9	MAT.18.20	3
20:9	EXO.23.21	2
20:10	DEU.2.4-DEU.2.5	14
20:10	DEU.2.19	14
20:10	DEU.2.9	11
20:10	NUM.20.17-NUM.20.21	5
20:10	JDG.11.15-JDG.11.18	5
20:10	2CH.20.1	5
20:10	2CH.20.22	2
20:11	PSA.83.3-PSA.83.12	5
20:11	PRO.17.13	3
20:11	JER.18.20	3
20:11	GEN.44.4	2
20:11	JDG.11.23-JDG.11.24	2
20:11	PSA.7.4	2
20:11	PSA.35.12	2
20:12	PSA.121.1-PSA.121.2	31
20:12	PSA.25.15	27
20:12	PSA.141.8	25
20:12	PSA.123.1-PSA.123.2	20
20:12	DEU.32.36	18
20:12	2CO.1.8-2CO.1.9	17
20:12	PSA.9.19	14
20:12	PSA.43.1	12
20:12	JDG.11.27	7
20:12	1SA.3.13	7
20:12	2SA.14.11	7
20:12	JON.2.4	7
20:12	PSA.7.8	6
20:12	REV.19.11	6
20:12	2KI.6.15	5
20:12	JOL.3.12	5
20:12	1SA.14.6	4
20:12	PSA.7.6	4
20:12	ISA.2.4	4
20:12	ISA.42.4	4
20:13	EZR.10.1	3
20:13	DEU.29.10	2
20:13	JON.3.5	2
20:13	ACT.21.5	2
20:14	2CH.15.1	6
20:14	2CH.24.20	4
20:14	NUM.11.25-NUM.11.26	3
20:14	NUM.24.2	3
20:14	ISA.58.9	3
20:14	ISA.65.24	3
20:14	DAN.9.20-DAN.9.21	3
20:14	ACT.10.4	3
20:14	ACT.10.31	3
20:15	2CH.32.7-2CH.32.8	43
20:15	DEU.31.6	39
20:15	EXO.14.13-EXO.14.14	38
20:15	1SA.17.47	36
20:15	DEU.1.29-DEU.1.30	34
20:15	DEU.31.8	34
20:15	ISA.41.10-ISA.41.16	27
20:15	DEU.20.4	26
20:15	DEU.20.1	25
20:15	JOS.11.6	25
20:15	ISA.43.1-ISA.43.2	23
20:15	PSA.17.1-PSA.17.2	19
20:15	NEH.4.14	18
20:17	EXO.14.13-EXO.14.14	47
20:17	2CH.15.2	38
20:17	ISA.41.10	34
20:17	PSA.46.10-PSA.46.11	32
20:17	MAT.28.20	29
20:17	2CH.32.8	27
20:17	LAM.3.26	27
20:17	NUM.14.9	24
20:17	PSA.46.7	23
20:17	ROM.8.31	23
20:17	ISA.30.15	21
20:17	MAT.1.23	21
20:17	ISA.8.9-ISA.8.10	20
20:17	AMO.5.14	18
20:17	2TI.4.22	18
20:17	EXO.14.25	17
20:17	2CH.20.22-2CH.20.23	17
20:17	ISA.30.7	15
20:18	EXO.4.31	9
20:18	2CH.7.3	6
20:18	GEN.24.26	5
20:18	JOB.1.20	5
20:18	PSA.95.6	4
20:19	1CH.15.16-1CH.15.22	4
20:19	1CH.16.5	4
20:19	1CH.16.42	4
20:19	1CH.23.5	4
20:19	1CH.25.1-1CH.25.7	3
20:19	2CH.5.13	3
20:19	EZR.3.12-EZR.3.13	3
20:19	NEH.12.42-NEH.12.43	3
20:19	PSA.44.1	3
20:19	PSA.49.1	3
20:19	PSA.81.1	3
20:19	PSA.95.1-PSA.95.2	3
20:20	ROM.8.31	33
20:20	JHN.11.40	32
20:20	JHN.14.1	32
20:20	LUK.16.31	31
20:20	HEB.11.6	31
20:20	ISA.26.3	28
20:20	JHN.13.20	26
20:20	JHN.5.46-JHN.5.47	23
20:20	EXO.14.31	20
20:20	ISA.7.9	18
20:20	JER.6.1	8
20:20	2SA.14.2	1
20:20	2CH.11.6	0
20:21	PSA.107.1	19
20:21	PSA.106.1	15
20:21	2CH.5.13	13
20:21	1CH.16.34	11
20:21	1CH.16.29	9
20:21	EZR.3.10-EZR.3.11	8
20:21	PSA.29.2	8
20:21	JER.33.11	7
20:21	2CH.7.3	4
20:21	2CH.7.6	4
20:21	1CH.13.1-1CH.13.2	3
20:21	2CH.29.25-2CH.29.30	3
20:21	NEH.12.27	3
20:21	PSA.90.17	3
20:21	PSA.96.9	3
20:21	PSA.136.1-PSA.136.26	3
20:21	1CH.16.41	2
20:21	2CH.30.21	2
20:21	PSA.50.2	2
20:21	PRO.11.14	2
20:22	1SA.14.20	7
20:22	EZK.38.21	6
20:22	JDG.7.22	5
20:22	2KI.6.17	5
20:22	ISA.19.2	5
20:22	PSA.35.5-PSA.35.6	4
20:22	2CH.13.13	3
20:22	2CH.20.10	3
20:22	1SA.14.16	2
20:23	JDG.7.22	7
20:23	1SA.14.20	6
20:23	GEN.36.8-GEN.36.9	3
20:23	JOS.24.4	3
20:23	EZK.35.2-EZK.35.3	3
20:23	GEN.14.6	2
20:23	DEU.2.5	2
20:24	ISA.37.36	3
20:24	EXO.14.30	2
20:24	1CH.5.22	2
20:24	EZR.9.14	2
20:24	PSA.110.6	2
20:24	JER.33.5	2
20:25	1SA.30.19-1SA.30.20	5
20:25	NUM.31.15	4
20:25	2KI.7.9-2KI.7.16	4
20:25	PSA.68.12	3
20:25	PRO.3.15	3
20:25	EZK.39.8-EZK.39.9	3
20:25	EXO.3.22	2
20:25	EXO.12.35-EXO.12.36	2
20:25	JDG.8.24-JDG.8.26	2
20:25	ROM.8.37	0
20:26	EXO.17.15	5
20:26	GEN.32.20	4
20:26	2CH.5.9	4
20:26	PSA.107.21-PSA.107.22	4
20:26	ISA.62.4	4
20:26	LUK.1.68	4
20:26	EXO.15.1-EXO.15.19	3
20:26	1SA.7.12	3
20:26	2SA.22.1	3
20:26	PSA.103.1-PSA.103.2	3
20:26	GEN.28.19	2
20:26	ACT.1.19	2
20:26	REV.19.1-REV.19.6	2
20:27	NEH.12.43	4
20:27	1SA.2.1	2
20:27	2SA.6.14-2SA.6.15	2
20:27	PSA.20.5	2
20:27	PSA.30.1	2
20:27	ISA.35.10	2
20:27	ISA.51.11	2
20:27	MIC.2.13	2
20:27	HEB.6.20	2
20:27	REV.18.20	2
20:28	REV.14.2-REV.14.3	3
20:28	2SA.6.5	2
20:28	1CH.13.8	2
20:28	1CH.23.5	2
20:28	1CH.25.6	2
20:28	PSA.57.8	2
20:28	PSA.92.3	2
20:28	PSA.149.3	2
20:28	PSA.150.3-PSA.150.5	2
20:29	2CH.17.10	6
20:29	EXO.23.27	4
20:29	2KI.7.6	4
20:29	GEN.35.5	3
20:29	2CH.14.14	3
20:29	EXO.15.14-EXO.15.16	2
20:29	JOS.2.9-JOS.2.11	2
20:29	JOS.5.1	2
20:29	JOS.9.9-JOS.9.11	2
20:30	2CH.15.15	6
20:30	2CH.14.6-2CH.14.7	5
20:30	JOS.23.1	2
20:30	2SA.7.1	2
20:30	JOB.34.29	2
20:30	PRO.16.7	2
20:30	JHN.14.27	2
20:31	1KI.22.41-1KI.22.44	2
20:32	1KI.15.11	3
20:32	2CH.14.2-2CH.14.5	3
20:32	2CH.14.11-2CH.14.13	3
20:32	2CH.16.7-2CH.16.12	3
20:32	2CH.17.3-2CH.17.6	3
20:32	PSA.18.21	3
20:32	PSA.36.3	3
20:33	2CH.17.6	5
20:33	2CH.19.3	4
20:33	2CH.12.14	3
20:33	DEU.29.4	2
20:33	1SA.7.3	2
20:33	2CH.14.3	2
20:33	2CH.30.19	2
20:34	1KI.16.1	4
20:34	2CH.19.2	4
20:34	1KI.16.7	3
20:34	2CH.12.15	2
20:34	2CH.13.22	2
20:34	2CH.16.11	2
20:35	1KI.22.48-1KI.22.49	5
20:35	2KI.1.2-2KI.1.16	4
20:36	1KI.9.26	2
20:36	1KI.10.22	2
20:36	2CH.9.21	2
20:37	PRO.13.20	5
20:37	JOS.7.11-JOS.7.12	3
20:37	2CH.9.21	3
20:37	2CH.19.2	3
20:37	1KI.22.48	2
20:37	2CH.16.9	2
20:37	PRO.9.6	2
20:37	HEB.12.6	2
20:37	REV.3.19	2
21:1	1KI.22.50	4
21:1	2KI.8.16-2KI.8.17	2
21:1	2CH.9.31	2
21:1	2CH.12.16	2
21:1	2CH.21.20	2
21:2	2CH.12.6	3
21:2	2CH.23.2	3
21:2	2CH.24.5	3
21:2	2CH.21.4	2
21:2	2CH.24.16	2
21:2	2CH.28.19	2
21:2	2CH.28.23	2
21:2	2CH.28.27	2
21:2	2CH.33.18	2
21:2	2CH.35.18	2
21:3	2CH.11.23	3
21:3	GEN.25.6	2
21:3	DEU.21.15-DEU.21.17	2
21:3	2CH.11.5	2
21:4	JDG.9.5	4
21:4	GEN.4.8	3
21:4	2CH.21.17	3
21:4	2CH.22.10	3
21:4	JDG.9.56-JDG.9.57	2
21:4	2CH.22.8	2
21:4	1JN.3.12	2
21:5	2KI.8.17-2KI.8.22	2
21:6	2CH.18.1	5
21:6	1KI.12.28-1KI.12.30	3
21:6	2KI.8.18	3
21:6	1KI.16.25-1KI.16.33	2
21:6	2CH.22.2	2
21:6	NEH.13.25-NEH.13.26	2
21:7	1KI.11.36	11
21:7	PSA.132.17-PSA.132.18	8
21:7	2SA.7.12-2SA.7.17	6
21:7	LUK.1.69	5
21:7	LUK.1.79	5
21:7	1KI.11.13	4
21:7	2SA.21.17	3
21:7	2SA.23.5	3
21:7	2KI.8.19	3
21:7	2CH.22.11	3
21:7	PSA.89.28-PSA.89.34	3
21:7	PSA.89.39	3
21:7	PSA.132.11	3
21:7	ISA.7.6-ISA.7.7	3
21:7	JER.33.20-JER.33.26	3
21:8	GEN.27.40	2
21:8	1KI.22.47	2
21:8	2KI.3.9	2
21:8	2KI.8.20-2KI.8.22	2
21:8	2CH.20.22-2CH.20.23	2
21:8	2CH.21.10	2
21:10	DEU.32.21	2
21:10	JOS.21.13	2
21:10	1KI.11.31	2
21:10	1KI.11.33	2
21:10	2KI.19.8	2
21:10	2CH.13.10	2
21:10	2CH.15.2	2
21:10	JER.2.13	2
21:11	LEV.20.5	4
21:11	LEV.17.7	3
21:11	1KI.11.7	3
21:11	DEU.12.2-DEU.12.4	2
21:11	1KI.14.9	2
21:11	1KI.14.16	2
21:11	2KI.9.22	2
21:11	2KI.21.11	2
21:11	2CH.21.13	2
21:11	2CH.33.9	2
21:11	PSA.78.58	2
21:11	PSA.106.39	2
21:11	EZK.16.15-EZK.16.63	2
21:11	EZK.20.28	2
21:11	DAN.3.5-DAN.3.6	2
21:11	DAN.3.15	2
21:11	HAB.2.15	2
21:11	REV.2.20-REV.2.22	2
21:11	REV.13.15-REV.13.17	2
21:11	REV.17.1-REV.17.6	2
21:12	2CH.14.2-2CH.14.5	5
21:12	2CH.17.3-2CH.17.4	5
21:12	2KI.2.1	3
21:12	1KI.15.11	2
21:12	1KI.22.43	2
21:12	2KI.2.11	2
21:12	JER.36.2	2
21:12	JER.36.23	2
21:12	JER.36.28-JER.36.32	2
21:12	DAN.5.5	2
21:12	DAN.5.25-DAN.5.29	2
21:12	EZK.2.9-EZK.2.10	1
21:13	2CH.21.4	6
21:13	2CH.21.11	4
21:13	1KI.16.30-1KI.16.33	3
21:13	2CH.21.6	3
21:13	GEN.4.10-GEN.4.12	2
21:13	GEN.42.21-GEN.42.22	2
21:13	EXO.34.15	2
21:13	DEU.31.16	2
21:13	JDG.9.56-JDG.9.57	2
21:13	1KI.2.31-1KI.2.33	2
21:13	1KI.16.25	2
21:13	2KI.9.22	2
21:13	ISA.26.21	2
21:13	JER.3.8-JER.3.9	2
21:13	HAB.2.12	2
21:13	1JN.3.12	2
21:14	LEV.26.21	5
21:14	EXO.20.5	2
21:14	HOS.5.11	2
21:14	MIC.6.16	2
21:15	2CH.21.18-2CH.21.19	8
21:15	ACT.1.18	3
21:15	NUM.5.27	2
21:15	DEU.28.27	2
21:15	DEU.28.37	2
21:15	DEU.28.59	2
21:15	DEU.28.61	2
21:15	DEU.28.67	2
21:15	PSA.109.18	2
21:15	ACT.12.23	1
21:16	2CH.17.11	5
21:16	1KI.11.14	3
21:16	1KI.11.23	3
21:16	2CH.22.1	3
21:16	2CH.33.11	3
21:16	1SA.26.19	2
21:16	2SA.24.1	2
21:16	1KI.11.11	2
21:16	2CH.26.7	2
21:16	EZR.1.1	2
21:16	EZR.1.5	2
21:16	ISA.10.5-ISA.10.6	2
21:16	ISA.45.5-ISA.45.7	2
21:16	AMO.3.6	2
21:17	2CH.22.1	7
21:17	2CH.22.6	3
21:17	2CH.25.23	3
21:17	2CH.24.7	2
21:17	JOB.5.3-JOB.5.4	2
21:18	2CH.21.15	5
21:18	ACT.12.23	3
21:18	2KI.9.29	2
21:19	2CH.16.14	6
21:19	JER.34.5	1
21:20	JER.22.18	5
21:20	2CH.24.25	4
21:20	2CH.28.27	4
21:20	JER.22.28	4
21:20	2CH.23.21	2
21:20	PRO.10.7	2
22:1	2CH.21.16-2CH.21.17	5
22:1	2KI.8.24-2KI.8.29	4
22:1	2CH.23.3	3
22:1	2CH.26.1	3
22:1	2CH.33.25	3
22:1	2CH.36.1	3
22:1	1CH.3.11	2
22:2	1KI.16.28	2
22:2	2KI.8.26	2
22:2	2CH.21.6	2
22:3	GEN.27.12-GEN.27.13	4
22:3	GEN.6.4-GEN.6.5	3
22:3	DEU.7.3-DEU.7.4	3
22:3	DEU.13.6-DEU.13.10	3
22:3	JDG.17.4-JDG.17.5	3
22:3	NEH.13.23-NEH.13.27	3
22:3	MAL.2.15	3
22:3	MAT.10.37	3
22:3	MAT.14.8-MAT.14.11	3
22:3	ACT.4.19	3
22:4	PRO.13.20	4
22:4	2CH.24.17-2CH.24.18	3
22:4	PRO.1.10	2
22:4	PRO.12.5	2
22:4	PRO.19.27	2
22:5	1KI.22.3	2
22:5	2KI.8.9	2
22:5	2KI.8.28-2KI.8.29	2
22:5	2CH.18.3	2
22:5	2CH.18.31	2
22:5	2CH.19.2	2
22:5	PSA.1.1	2
22:5	DAN.5.22	2
22:5	MIC.6.16	2
22:6	2KI.9.15	3
22:6	2KI.8.29	2
22:6	2KI.10.13-2KI.10.14	2
22:6	2CH.21.17	2
22:6	2CH.22.1	2
22:6	2CH.22.7	2
22:7	2KI.9.21	4
22:7	2CH.10.15	4
22:7	DEU.32.35	2
22:7	JDG.14.4	2
22:7	1KI.12.15	2
22:7	1KI.19.16	2
22:7	1KI.22.20	2
22:7	2KI.9.1-2KI.9.7	2
22:7	PSA.9.16	2
22:7	ISA.46.10	2
22:7	HOS.14.9	2
22:7	MAL.4.3	2
22:8	2KI.10.10-2KI.10.14	3
22:9	1KI.13.21	2
22:9	1KI.14.13	2
22:9	2KI.9.27-2KI.9.28	2
22:9	2CH.17.3-2CH.17.4	2
22:9	2CH.21.4	2
22:9	2CH.21.17	2
22:9	2CH.21.20-2CH.22.1	2
22:9	2CH.22.8	2
22:9	2KI.9.34	1
22:10	2KI.11.1-2KI.11.3	3
22:10	2CH.22.2-2CH.22.4	2
22:11	PSA.33.10	3
22:11	PRO.21.30	3
22:11	2SA.7.13	2
22:11	1KI.15.4	2
22:11	2KI.11.2	2
22:11	2CH.21.7	2
22:11	2CH.23.1	2
22:11	PSA.76.10	2
22:11	ISA.65.8	2
22:11	EZK.40.45-EZK.40.46	2
22:11	ACT.4.28	2
22:12	JER.12.1	3
22:12	PSA.12.8	2
22:12	PSA.27.5	2
22:12	PSA.73.14	2
22:12	PSA.73.18-PSA.73.19	2
22:12	HAB.1.12	2
23:1	1SA.18.3	2
23:1	2KI.11.4-2KI.11.20	2
23:1	2CH.15.12	2
23:1	NEH.9.38	2
23:2	2CH.11.13-2CH.11.17	3
23:2	1CH.15.12	2
23:2	1CH.24.6	2
23:2	2CH.21.2	2
23:2	PSA.112.5	2
23:2	MAT.10.16	2
23:2	EPH.5.15	2
23:3	2SA.7.12	4
23:3	2CH.6.16	4
23:3	2CH.21.7	4
23:3	1KI.2.4	3
23:3	2KI.11.17	3
23:3	2CH.7.18	3
23:3	2SA.5.3	2
23:3	2SA.7.16	2
23:3	1KI.9.5	2
23:3	1CH.9.9-1CH.9.27	2
23:3	1CH.11.3	2
23:3	2CH.23.16	2
23:3	PSA.89.29	2
23:3	PSA.89.36	2
23:4	1CH.9.25	2
23:4	1CH.23.3-1CH.23.6	2
23:4	1CH.24.3-1CH.24.6	2
23:4	1CH.26.13-1CH.26.16	2
23:4	LUK.1.8-LUK.1.9	2
23:5	2KI.11.5-2KI.11.6	2
23:5	EZK.44.2-EZK.44.3	2
23:5	EZK.46.2-EZK.46.3	2
23:5	ACT.3.2	2
23:6	1CH.23.28-1CH.23.32	3
23:6	2KI.11.6-2KI.11.7	2
23:7	EXO.19.12-EXO.19.13	2
23:7	EXO.21.14	2
23:7	NUM.3.10	2
23:7	NUM.3.38	2
23:7	2KI.11.8-2KI.11.9	2
23:8	2KI.11.9	3
23:8	1CH.24.1-1CH.24.26	3
23:9	1SA.21.9	2
23:9	2SA.8.7	2
23:10	EXO.40.6	2
23:10	2KI.11.11	2
23:10	2CH.6.12	2
23:11	1SA.10.24	5
23:11	EXO.25.16	4
23:11	DEU.17.18-DEU.17.20	3
23:11	2KI.11.12	3
23:11	PSA.89.39	3
23:11	EXO.31.18	2
23:11	1SA.10.1	2
23:11	2SA.1.10	2
23:11	2SA.5.3	2
23:11	2SA.16.16	2
23:11	1KI.1.34	2
23:11	1KI.1.39	2
23:11	2CH.22.11	2
23:11	PSA.2.10-PSA.2.12	2
23:11	PSA.21.3	2
23:11	PSA.78.5	2
23:11	PSA.89.20	2
23:11	PSA.132.18	2
23:11	ISA.8.16	2
23:11	ISA.8.20	2
23:11	ISA.49.23	2
23:11	MAT.21.9	2
23:11	ACT.4.26-ACT.4.27	2
23:11	HEB.2.9	2
23:11	JAS.1.12	2
23:11	JAS.2.5	2
23:11	REV.4.4	2
23:11	REV.4.10	2
23:11	REV.5.10	2
23:11	REV.19.12	2
23:12	2KI.9.32-2KI.9.37	2
23:12	2KI.11.13-2KI.11.16	2
23:13	PRO.29.2	3
23:13	NUM.10.1-NUM.10.10	2
23:13	JDG.7.8	2
23:13	JDG.7.18-JDG.7.22	2
23:13	1KI.1.39-1KI.1.40	2
23:13	1KI.18.17-1KI.18.18	2
23:13	2KI.9.13	2
23:13	2KI.9.23	2
23:13	2KI.23.3	2
23:13	1CH.12.40	2
23:13	1CH.15.16-1CH.15.22	2
23:13	1CH.15.24	2
23:13	1CH.25.1-1CH.25.8	2
23:13	2CH.34.31	2
23:13	PSA.14.5	2
23:13	PRO.11.10	2
23:13	ECC.9.12	2
23:13	ROM.2.1-ROM.2.2	2
23:13	1CH.15.27	1
23:14	EXO.21.14	2
23:14	2KI.10.25	2
23:14	2KI.11.8	2
23:14	2KI.11.15	2
23:14	EZK.9.7	2
23:15	NEH.3.28	5
23:15	2CH.22.10	3
23:15	JER.31.40	3
23:15	JDG.1.7	2
23:15	PSA.5.6	2
23:15	PSA.55.23	2
23:15	MAT.7.2	2
23:15	JAS.2.13	2
23:15	REV.16.5-REV.16.7	2
23:16	2KI.11.17	4
23:16	2CH.29.10	4
23:16	NEH.9.38	4
23:16	DEU.5.2-DEU.5.3	2
23:16	DEU.26.17-DEU.26.19	2
23:16	DEU.29.1-DEU.29.15	2
23:16	JOS.24.21-JOS.24.25	2
23:16	2CH.15.12	2
23:16	2CH.15.14	2
23:16	2CH.34.31-2CH.34.32	2
23:16	EZR.10.3	2
23:16	NEH.5.12-NEH.5.13	2
23:16	NEH.10.29-NEH.10.39	2
23:16	ISA.44.5	2
23:17	1KI.18.40	3
23:17	DEU.12.3	2
23:17	DEU.13.5-DEU.13.9	2
23:17	2KI.10.25-2KI.10.28	2
23:17	2KI.11.18-2KI.11.19	2
23:17	2KI.18.4	2
23:17	2CH.34.4	2
23:17	2CH.34.7	2
23:17	ISA.2.18	2
23:17	ZEC.13.2-ZEC.13.3	2
23:18	NUM.28.1-NUM.28.31	3
23:18	2CH.5.5	3
23:18	1CH.23.1-1CH.23.24	2
23:18	1CH.23.28-1CH.23.31	2
23:18	1CH.25.1-1CH.25.31	2
23:18	2CH.29.25	2
23:19	1CH.9.22-1CH.9.24	2
23:19	1CH.26.1-1CH.26.32	2
23:20	2KI.11.19	4
23:20	2KI.11.9-2KI.11.10	2
23:20	2KI.15.35	2
23:21	2KI.11.20	5
23:21	PSA.58.10-PSA.58.11	2
23:21	PRO.11.10	2
23:21	REV.18.20	2
23:21	REV.19.1-REV.19.4	2
24:1	2KI.11.21-2KI.12.15	2
24:1	1CH.3.11	2
24:2	2CH.25.2	4
24:2	2CH.26.4-2CH.26.5	4
24:2	2CH.24.17-2CH.24.22	3
24:2	2KI.12.2	2
24:2	PSA.78.36-PSA.78.37	2
24:2	PSA.106.12-PSA.106.13	2
24:2	ISA.29.13	2
24:2	MRK.4.16-MRK.4.17	2
24:3	GEN.4.19	2
24:3	GEN.21.21	2
24:3	GEN.24.4	2
24:3	2CH.24.15	2
24:3	MAT.19.4-MAT.19.8	2
24:5	2KI.12.4-2KI.12.7	2
24:5	2CH.21.2	2
24:5	2CH.29.3	2
24:5	2CH.34.8-2CH.34.9	2
24:6	EXO.30.12-EXO.30.16	5
24:6	NUM.1.50	4
24:6	NUM.17.7-NUM.17.8	3
24:6	NUM.18.2	2
24:6	2SA.24.3	2
24:6	ACT.7.44	2
24:7	2CH.21.17	4
24:7	DEU.32.15-DEU.32.17	2
24:7	2KI.12.4	2
24:7	2CH.28.22-2CH.28.24	2
24:7	EST.7.6	2
24:7	PRO.10.7	2
24:7	EZK.16.17-EZK.16.21	2
24:7	DAN.5.2-DAN.5.4	2
24:7	DAN.5.23	2
24:7	HOS.2.8-HOS.2.9	2
24:7	HOS.2.13	2
24:7	2TH.2.8	2
24:7	REV.2.20	2
24:8	2KI.12.8-2KI.12.9	2
24:8	MRK.12.41	2
24:9	2CH.24.6	4
24:9	MAT.17.24-MAT.17.27	2
24:10	1CH.29.9	3
24:10	ACT.2.45-ACT.2.47	3
24:10	2CO.8.2	3
24:10	2CO.9.7	3
24:10	ISA.64.5	2
24:11	2KI.12.10-2KI.12.12	2
24:11	1CO.16.2	2
24:12	1KI.5.15	2
24:12	2CH.34.9-2CH.34.11	2
24:13	1CH.22.5	2
24:13	NEH.4.7	2
24:13	HAG.2.3	2
24:13	MRK.13.1-MRK.13.2	2
24:14	EXO.29.38-EXO.29.42	2
24:14	NUM.28.2-NUM.28.29	2
24:14	1KI.7.50	2
24:14	2KI.12.13-2KI.12.14	2
24:14	PRO.27.22	2
24:15	GEN.15.15	3
24:15	GEN.25.8	3
24:15	GEN.47.9	3
24:15	1CH.23.1	3
24:15	JOB.5.26	3
24:15	PSA.90.10	3
24:15	PSA.91.16	3
24:16	HEB.6.10	5
24:16	2CH.31.20	4
24:16	NEH.13.14	3
24:16	1SA.2.30	2
24:16	1KI.2.10	2
24:16	2CH.23.1-2CH.23.21	2
24:16	ACT.2.29	2
24:17	DEU.31.27	3
24:17	2CH.10.8-2CH.10.10	2
24:17	2CH.22.3-2CH.22.4	2
24:17	PRO.7.21-PRO.7.23	2
24:17	PRO.20.19	2
24:17	PRO.26.8	2
24:17	PRO.26.28	2
24:17	PRO.29.5	2
24:17	PRO.29.12	2
24:17	DAN.11.32	2
24:17	ACT.20.29-ACT.20.30	2
24:17	2PE.1.15	2
24:18	JOS.22.20	5
24:18	2CH.19.2	4
24:18	2CH.24.4	4
24:18	EPH.5.6	4
24:18	1KI.14.23	3
24:18	2CH.28.13	3
24:18	2CH.32.25	3
24:18	HOS.5.10-HOS.5.11	3
24:18	EXO.34.13	2
24:18	JDG.5.8	2
24:18	2SA.24.1	2
24:18	1KI.11.4-1KI.11.5	2
24:18	1KI.14.9	2
24:18	2CH.21.13	2
24:18	2CH.29.8	2
24:18	2CH.33.3-2CH.33.7	2
24:18	2CH.36.14-2CH.36.16	2
24:18	HOS.5.14	2
24:18	ZEP.1.4-ZEP.1.6	2
24:19	2KI.17.13-2KI.17.15	2
24:19	2CH.36.15-2CH.36.16	2
24:19	NEH.9.26	2
24:19	PSA.95.7-PSA.95.8	2
24:19	ISA.28.23	2
24:19	ISA.42.23	2
24:19	ISA.51.4	2
24:19	ISA.55.3	2
24:19	JER.7.25-JER.7.26	2
24:19	JER.25.4-JER.25.5	2
24:19	JER.26.5	2
24:19	JER.44.4-JER.44.5	2
24:19	MAT.13.9	2
24:19	MAT.13.15-MAT.13.16	2
24:19	LUK.11.47-LUK.11.51	2
24:19	LUK.16.31	2
24:19	LUK.20.9-LUK.20.15	2
24:20	NUM.14.41	10
24:20	JER.5.25	5
24:20	2CH.15.1-2CH.15.2	4
24:20	2CH.20.14	4
24:20	1CH.12.18	3
24:20	MAT.23.35	3
24:20	DEU.29.25-DEU.29.26	2
24:20	JDG.6.34	2
24:20	1SA.13.13-1SA.13.14	2
24:20	2SA.12.9-2SA.12.10	2
24:20	1CH.28.9	2
24:20	2CH.23.11	2
24:20	JER.2.19	2
24:20	JER.4.18	2
24:20	JER.5.19	2
24:20	ZEC.7.11-ZEC.7.14	2
24:21	NEH.9.26	3
24:21	ACT.7.58-ACT.7.59	3
24:21	JER.11.19	2
24:21	JER.18.18	2
24:21	JER.38.4-JER.38.6	2
24:21	MAT.21.35	2
24:21	MAT.23.34-MAT.23.37	2
24:22	GEN.9.5	6
24:22	LUK.11.51	5
24:22	JHN.10.32	4
24:22	REV.6.9-REV.6.11	4
24:22	REV.19.2	4
24:22	PSA.10.14	3
24:22	PSA.109.4	2
24:22	PRO.17.13	2
24:22	JER.11.20	2
24:22	JER.26.14-JER.26.15	2
24:22	JER.51.56	2
24:22	LUK.17.15-LUK.17.18	2
24:22	2TI.4.14	2
24:22	2TI.4.16	2
24:22	REV.18.20	2
24:23	2KI.12.17-2KI.12.18	4
24:23	DEU.32.35	2
24:23	1KI.20.22	2
24:23	1KI.20.26	2
24:23	2CH.24.17-2CH.24.18	2
24:23	PSA.2.10-PSA.2.11	2
24:23	PSA.58.10-PSA.58.11	2
24:23	PSA.82.6-PSA.82.7	2
24:24	LEV.26.8	3
24:24	LEV.26.25	3
24:24	LEV.26.37	3
24:24	DEU.28.25	3
24:24	2CH.22.8	3
24:24	ISA.30.17	3
24:24	DEU.28.48	2
24:24	DEU.32.30	2
24:24	2CH.16.8-2CH.16.9	2
24:24	2CH.20.11-2CH.20.12	2
24:24	2CH.24.20	2
24:24	ISA.10.5-ISA.10.6	2
24:24	ISA.13.5	2
24:24	JER.37.10	2
24:24	HAB.1.12	2
24:25	2CH.24.21-2CH.24.22	3
24:25	2CH.28.27	3
24:25	2KI.12.20-2KI.12.21	2
24:25	2KI.14.19-2KI.14.20	2
24:25	2CH.21.16	2
24:25	2CH.21.18-2CH.21.20	2
24:25	2CH.22.6	2
24:25	2CH.24.16	2
24:25	PSA.10.14	2
24:25	REV.16.6	2
24:26	2KI.12.21	3
24:27	2KI.12.18	2
24:27	2KI.12.21	2
24:27	1CH.3.12	2
24:27	2CH.9.29	2
24:27	2CH.13.22	2
24:27	2CH.16.11	2
24:27	2CH.20.34	2
24:27	2CH.24.12	2
24:27	2CH.25.1	2
25:1	2KI.14.1-2KI.14.6	3
25:2	2CH.25.14	9
25:2	JAS.4.8	9
25:2	2CH.24.2	8
25:2	ISA.29.13	8
25:2	ACT.8.21	8
25:2	1SA.16.7	6
25:2	2CH.26.4	6
25:2	2KI.14.4	5
25:2	PSA.78.37	5
25:2	HOS.10.2	5
25:2	JAS.1.8	5
25:3	2KI.14.5-2KI.14.22	3
25:3	2CH.24.25-2CH.24.26	3
25:3	GEN.9.5-GEN.9.6	2
25:3	EXO.21.14	2
25:3	NUM.35.31-NUM.35.33	2
25:4	DEU.24.16	15
25:4	EZK.18.20	9
25:4	2KI.14.5-2KI.14.6	8
25:4	JER.31.29-JER.31.30	8
25:4	EZK.18.4	7
25:5	NUM.1.3	5
25:5	2CH.17.14-2CH.17.18	4
25:5	2CH.11.1	3
25:5	EXO.18.25	2
25:5	1SA.8.12	2
25:5	1CH.13.1	2
25:5	1CH.27.1	2
25:5	2CH.14.8	2
25:5	2CH.26.13	2
25:7	2CH.19.2	3
25:7	2SA.12.1	2
25:7	1KI.12.28	2
25:7	1KI.13.1	2
25:7	2CH.13.12	2
25:7	ISA.28.1-ISA.28.3	2
25:7	HOS.5.13-HOS.5.15	2
25:7	HOS.9.13	2
25:7	1TI.6.11	2
25:7	2TI.3.17	2
25:8	2CH.14.11	7
25:8	2CH.20.6	5
25:8	PHP.4.19	4
25:8	LUK.18.29-LUK.18.30	3
25:8	DEU.8.18	2
25:8	JDG.7.7	2
25:8	1SA.14.6	2
25:8	2CH.1.12	2
25:8	2CH.18.14	2
25:8	JOB.5.18	2
25:8	JOB.9.13	2
25:8	PSA.20.7	2
25:8	PSA.24.1	2
25:8	PSA.33.10	2
25:8	PSA.33.16	2
25:8	PSA.62.11	2
25:8	PRO.10.22	2
25:8	ECC.9.11	2
25:8	ECC.11.9	2
25:8	ISA.8.9-ISA.8.10	2
25:8	JOL.3.9-JOL.3.14	2
25:8	HAG.2.8	2
25:8	MAT.26.45	1
25:9	DEU.8.18	6
25:9	PRO.10.22	6
25:10	2SA.19.43	2
25:10	1KI.12.24	2
25:10	PRO.29.22	2
25:11	2KI.14.7	4
25:11	2SA.8.13	2
25:11	PSA.60.1	2
25:12	2CH.20.10	3
25:12	2SA.12.31	2
25:12	1CH.20.3	2
25:12	2CH.21.8-2CH.21.10	2
25:13	1KI.9.17	2
25:13	1KI.16.24	2
25:13	1KI.16.29	2
25:13	2CH.8.5	2
25:14	2CH.28.23	5
25:14	EXO.20.3-EXO.20.5	2
25:14	DEU.7.5	2
25:14	DEU.7.25	2
25:14	2SA.5.21	2
25:14	ISA.44.19	2
25:15	PSA.96.5	4
25:15	2CH.25.11-2CH.25.12	3
25:15	JDG.2.2	2
25:15	2SA.12.1-2SA.12.6	2
25:15	2CH.16.7-2CH.16.9	2
25:15	2CH.19.2	2
25:15	2CH.20.37	2
25:15	2CH.24.20	2
25:15	2CH.25.7	2
25:15	PSA.115.4-PSA.115.8	2
25:15	ISA.44.9-ISA.44.10	2
25:15	ISA.46.1-ISA.46.2	2
25:15	JER.2.5	2
25:15	JER.10.7	2
25:15	1CO.8.4	2
25:15	1CO.10.20	2
25:16	EXO.9.16	2
25:16	DEU.2.30	2
25:16	1SA.2.25	2
25:16	2CH.16.10	2
25:16	2CH.18.20-2CH.18.21	2
25:16	2CH.18.25	2
25:16	2CH.24.21	2
25:16	PRO.9.7-PRO.9.8	2
25:16	ISA.30.10-ISA.30.11	2
25:16	ISA.46.10	2
25:16	JER.29.26	2
25:16	AMO.7.10-AMO.7.13	2
25:16	MAT.21.23	2
25:16	ACT.4.28	2
25:16	ROM.9.22	2
25:16	EPH.1.11	2
25:16	2TI.4.3	2
25:16	REV.11.10	2
25:17	2KI.14.8-2KI.14.14	4
25:17	2SA.2.14	2
25:17	2CH.25.13	2
25:17	PRO.20.3	2
25:18	JDG.9.8-JDG.9.15	4
25:18	1KI.4.33	2
25:18	PSA.80.13	2
25:19	2CH.26.16	4
25:19	2CH.32.25	3
25:19	DEU.8.14	2
25:19	2CH.35.21	2
25:19	PRO.13.10	2
25:19	PRO.16.18	2
25:19	PRO.18.6	2
25:19	PRO.20.3	2
25:19	PRO.26.17	2
25:19	PRO.28.25	2
25:19	JER.9.23	2
25:19	DAN.5.20-DAN.5.23	2
25:19	HAB.2.4	2
25:19	LUK.14.31	2
25:19	1CO.1.29	2
25:19	JAS.4.6	2
25:19	1PE.5.5	2
25:20	1KI.12.15	3
25:20	2CH.22.7	3
25:20	2CH.25.16	2
25:20	PSA.81.11-PSA.81.12	2
25:20	ACT.28.25-ACT.28.27	2
25:20	2TH.2.9-2TH.2.11	2
25:20	1PE.2.8	2
25:21	JOS.21.16	2
25:21	1SA.6.9	2
25:21	1SA.6.19-1SA.6.20	2
25:22	1SA.4.10	2
25:22	1KI.22.36	2
25:22	2CH.28.5-2CH.28.6	2
25:23	2CH.21.17	4
25:23	NEH.8.16	4
25:23	2CH.22.1	3
25:23	2CH.26.9	3
25:23	NEH.12.39	3
25:23	JER.31.38	3
25:23	2CH.22.6	2
25:23	2CH.33.11	2
25:23	2CH.36.6	2
25:23	2CH.36.10	2
25:23	PRO.16.18	2
25:23	PRO.29.23	2
25:23	DAN.4.37	2
25:23	OBA.1.3	2
25:23	LUK.14.11	2
25:24	1CH.26.15	3
25:24	2KI.14.14	2
25:24	2CH.12.9	2
25:25	2KI.14.17-2KI.14.22	4
25:26	2KI.14.15	2
25:26	2CH.20.34	2
25:27	JOS.10.31	2
25:27	2KI.14.19	2
25:27	2CH.15.2	2
25:27	2CH.24.25	2
25:28	2KI.14.20	2
26:1	MAT.1.8-MAT.1.9	4
26:1	2CH.22.1	3
26:1	2KI.14.21	2
26:1	2KI.15.1-2KI.15.7	2
26:1	1CH.3.12	2
26:1	2CH.33.25	2
26:2	2KI.14.22	2
26:2	2KI.16.6	2
26:2	2CH.8.17	2
26:2	2CH.25.23	2
26:2	2CH.25.28	2
26:3	2KI.15.2-2KI.15.3	4
26:3	ISA.1.1	2
26:3	ISA.6.1	2
26:3	HOS.1.1	2
26:3	AMO.1.1	2
26:3	ZEC.14.5	2
26:4	2CH.25.2	2
26:5	2CH.15.2	12
26:5	2CH.24.2	9
26:5	1CH.22.13	7
26:5	GEN.41.38	6
26:5	DAN.5.16	6
26:5	GEN.41.15	5
26:5	2CH.25.8	5
26:5	DAN.1.17	5
26:5	DAN.2.19	5
26:5	DAN.10.1	5
26:5	JDG.2.7	4
26:5	1CH.22.11	4
26:5	HOS.6.4	4
26:5	PSA.1.3	3
26:5	MRK.4.16-MRK.4.17	3
26:5	ACT.20.30	3
26:6	ISA.14.29	5
26:6	1SA.5.1	2
26:6	1SA.5.6	2
26:6	2SA.8.1	2
26:6	1CH.18.1	2
26:6	2CH.21.16	2
26:7	2CH.21.16	5
26:7	1CH.5.20	3
26:7	ACT.26.22	3
26:7	1CH.12.18	2
26:7	2CH.14.11	2
26:7	2CH.17.11	2
26:7	2CH.20.1	2
26:7	PSA.18.29	2
26:7	PSA.18.34-PSA.18.35	2
26:7	ISA.14.29	2
26:8	GEN.19.38	3
26:8	2SA.8.2	3
26:8	2CH.17.11	3
26:8	GEN.12.2	2
26:8	DEU.2.19	2
26:8	JDG.11.15-JDG.11.18	2
26:8	1SA.11.1	2
26:8	2SA.8.13	2
26:8	1KI.4.31	2
26:8	2CH.20.1	2
26:8	MAT.4.24	2
26:9	NEH.3.13	6
26:9	2KI.14.13	4
26:9	2CH.25.23	4
26:9	NEH.2.13	2
26:9	NEH.2.15	2
26:9	NEH.3.19-NEH.3.20	2
26:9	NEH.3.24	2
26:9	NEH.3.32	2
26:9	JER.31.38	2
26:9	ZEC.14.10	2
26:10	GEN.26.18-GEN.26.21	3
26:10	ISA.29.17	3
26:10	2KI.3.4	2
26:10	2KI.19.23	2
26:10	1CH.27.26-1CH.27.31	2
26:11	2KI.5.2	2
26:13	2CH.11.1	2
26:13	2CH.13.3	2
26:13	2CH.14.8	2
26:13	2CH.17.14-2CH.17.19	2
26:13	2CH.25.5	2
26:14	JDG.20.16	2
26:14	1SA.17.49	2
26:15	EXO.31.4	4
26:15	MAT.4.24	4
26:15	2CH.2.7	3
26:15	2CH.2.14	3
26:16	2CH.32.25	8
26:16	2CH.25.19	7
26:16	PRO.16.18	7
26:16	HAB.2.4	7
26:16	DEU.8.14	5
26:16	DEU.8.17	5
26:16	COL.2.18	4
26:16	NUM.16.1	3
26:16	NUM.16.7	3
26:16	NUM.16.18	3
26:16	NUM.16.35	3
26:16	DEU.32.13-DEU.32.15	3
26:16	1KI.12.33-1KI.13.4	3
26:16	2KI.14.10	3
26:16	2KI.16.12-2KI.16.13	3
26:17	1CH.6.10	5
26:17	1CH.12.28	2
26:17	1CH.26.6	2
26:18	EXO.30.7-EXO.30.8	7
26:18	NUM.18.7	6
26:18	HEB.5.4	5
26:18	2CH.19.2	4
26:18	JER.13.18	4
26:18	NUM.16.39-NUM.16.40	3
26:18	NUM.16.46-NUM.16.48	3
26:18	1SA.2.30	3
26:18	2CH.16.7-2CH.16.9	3
26:18	DAN.4.37	3
26:18	MAT.10.18	3
26:18	MAT.10.28	3
26:18	MAT.14.4	3
26:18	JHN.5.44	3
26:18	1CO.5.5	3
26:18	2CO.5.16	3
26:18	GAL.2.11	3
26:18	JAS.2.1	3
26:19	NUM.12.10	4
26:19	2KI.5.25-2KI.5.27	2
26:19	2CH.25.16	2
26:19	2CH.16.10	1
26:20	LEV.14.34	2
26:20	DEU.28.22	2
26:20	DEU.28.35	2
26:20	EST.6.12	2
26:21	LEV.13.46	5
26:21	NUM.5.2-NUM.5.3	2
26:21	NUM.12.15	2
26:21	2KI.7.3	2
26:21	2KI.15.5-2KI.15.7	2
26:22	ISA.1.1	5
26:22	ISA.6.1	4
26:22	2CH.9.29	2
26:22	2CH.12.15	2
26:23	2CH.21.20	3
26:23	2CH.28.27	3
26:23	2KI.15.6-2KI.15.7	2
26:23	2CH.26.18	2
26:23	2CH.33.20	2
26:23	ISA.6.1	2
27:1	1CH.3.12	3
27:1	2KI.15.32-2KI.15.38	2
27:1	ISA.1.1	2
27:1	HOS.1.1	2
27:1	MIC.1.1	2
27:1	MAT.1.9	2
27:2	2KI.15.34-2KI.15.35	3
27:2	2CH.26.4	2
27:2	2CH.26.16-2CH.26.21	2
27:2	PSA.119.120	2
27:2	ACT.5.13	2
27:3	2CH.33.14	5
27:3	NEH.3.26-NEH.3.27	3
27:3	2CH.23.20	2
27:3	JER.20.2	2
27:4	JOS.14.12-JOS.14.13	2
27:4	2CH.11.5-2CH.11.10	2
27:4	2CH.14.7	2
27:4	2CH.26.9-2CH.26.10	2
27:4	LUK.1.39	2
27:5	JDG.11.4-JDG.11.33	2
27:5	2SA.10.1-2SA.10.14	2
27:5	2CH.20.1	2
27:5	JER.49.1-JER.49.6	2
27:6	2CH.26.5	6
27:6	2CH.19.3	3
27:7	2KI.15.36	2
27:7	2CH.20.34	2
27:7	2CH.26.22-2CH.26.23	2
27:7	2CH.32.32-2CH.32.33	2
27:8	2CH.27.1	2
27:9	2KI.15.38	3
28:1	1CH.3.13	3
28:1	ISA.1.1	3
28:1	2KI.16.1-2KI.16.20	2
28:1	2CH.17.3	2
28:1	ISA.7.1-ISA.7.12	2
28:1	HOS.1.1	2
28:1	MIC.1.1	2
28:1	MAT.1.9	2
28:2	EXO.34.17	5
28:2	JDG.2.11	3
28:2	LEV.19.4	2
28:2	JDG.2.13	2
28:2	1KI.16.31-1KI.16.33	2
28:2	2KI.10.26-2KI.10.28	2
28:2	2CH.21.6	2
28:2	2CH.22.3-2CH.22.4	2
28:2	HOS.2.13	2
28:2	HOS.2.17	2
28:3	2CH.33.2	5
28:3	2CH.33.6	5
28:3	LEV.18.21	4
28:3	JOS.15.8	3
28:3	2KI.23.10	3
28:3	DEU.12.31	2
28:3	DEU.18.9	2
28:3	2KI.16.3	2
28:3	PSA.106.37-PSA.106.38	2
28:3	JER.2.34	2
28:3	JER.7.31-JER.7.32	2
28:3	JER.19.2-JER.19.6	2
28:3	JER.19.13	2
28:3	JER.32.35	2
28:3	EZK.16.20-EZK.16.21	2
28:3	MIC.6.7	2
28:4	LEV.26.30	2
28:4	DEU.12.2-DEU.12.3	2
28:4	2KI.16.4	2
28:5	ISA.7.1	5
28:5	2KI.16.5-2KI.16.6	3
28:5	2CH.24.24	3
28:5	EXO.20.2-EXO.20.3	2
28:5	JDG.2.14	2
28:5	2CH.33.11	2
28:5	2CH.36.5	2
28:5	2CH.36.17	2
28:5	ISA.7.6	1
28:6	JER.15.6	6
28:6	ISA.1.28	5
28:6	JER.2.19	5
28:6	JOS.24.20	4
28:6	2KI.15.27	4
28:6	ISA.9.21	3
28:6	DEU.6.14-DEU.6.15	2
28:6	DEU.28.15	2
28:6	DEU.28.25	2
28:6	DEU.29.24-DEU.29.26	2
28:6	DEU.31.16-DEU.31.17	2
28:6	DEU.32.20	2
28:6	JOS.23.16	2
28:6	2KI.15.37	2
28:6	2KI.16.5	2
28:6	2CH.13.17	2
28:6	2CH.15.2	2
28:6	ISA.7.4-ISA.7.5	2
28:6	ISA.7.9	2
28:6	ISA.24.5-ISA.24.6	2
28:7	GEN.41.43	2
28:7	GEN.43.12	2
28:7	GEN.43.15	2
28:7	EST.10.3	2
28:8	2CH.11.4	5
28:8	DEU.28.25	4
28:8	DEU.28.41	4
28:8	ACT.7.26	2
28:8	ACT.13.26	2
28:9	EZR.9.6	5
28:9	ISA.47.6	5
28:9	REV.18.5	5
28:9	ZEC.1.15	3
28:9	GEN.4.10	2
28:9	GEN.11.4	2
28:9	JDG.3.8	2
28:9	1KI.20.13	2
28:9	1KI.20.22	2
28:9	1KI.20.42	2
28:9	2KI.20.14-2KI.20.15	2
28:9	2CH.19.1-2CH.19.2	2
28:9	2CH.25.15-2CH.25.16	2
28:9	2CH.28.5	2
28:9	PSA.69.26	2
28:9	ISA.10.5-ISA.10.7	2
28:9	JER.15.17-JER.15.18	2
28:9	EZK.25.12-EZK.25.17	2
28:9	EZK.26.2-EZK.26.3	2
28:9	OBA.1.10-OBA.1.16	2
28:10	LEV.25.39-LEV.25.46	3
28:10	JER.25.29	2
28:10	MAT.7.2-MAT.7.4	2
28:10	ROM.12.20-ROM.12.21	2
28:10	1PE.4.17-1PE.4.18	2
28:11	JAS.2.13	4
28:11	2CH.28.8	2
28:11	EZR.10.14	2
28:11	ISA.58.6	2
28:11	JER.34.14-JER.34.15	2
28:11	MAT.5.7	2
28:11	MAT.7.2	2
28:11	HEB.13.1-HEB.13.3	2
28:12	1CH.28.1	2
28:12	JER.26.6	2
28:13	NUM.32.14	2
28:13	JOS.22.17-JOS.22.18	2
28:13	MAT.23.32	2
28:13	MAT.23.35	2
28:13	ROM.2.5	2
28:15	DEU.34.3	5
28:15	PRO.25.21-PRO.25.22	5
28:15	JDG.1.16	4
28:15	2KI.6.22	4
28:15	JOB.31.15-JOB.31.23	3
28:15	ISA.58.7	3
28:15	MAT.25.35-MAT.25.45	3
28:15	LUK.6.27	3
28:15	JAS.2.15-JAS.2.16	3
28:15	1JN.3.17-1JN.3.18	3
28:15	2CH.28.12	2
28:15	LUK.8.27	2
28:15	LUK.8.35	2
28:15	ACT.9.39	2
28:15	ROM.12.20-ROM.12.21	2
28:15	ROM.15.1	2
28:15	1TI.5.10	2
28:16	2KI.16.5-2KI.16.7	2
28:16	ISA.7.17	2
28:16	ISA.7.1-ISA.7.9	1
28:17	OBA.1.10	3
28:17	LEV.26.18	2
28:17	2CH.25.11-2CH.25.12	2
28:17	OBA.1.13-OBA.1.14	2
28:18	EZK.16.57	5
28:18	EZK.16.27	4
28:18	JOS.15.10	2
28:18	JOS.15.41	2
28:18	JOS.15.48	2
28:18	JDG.14.1	2
28:18	1SA.6.9	2
28:18	2CH.11.10	2
28:19	2CH.21.2	5
28:19	JOB.40.12	3
28:19	GEN.3.7	2
28:19	GEN.3.11	2
28:19	EXO.32.25	2
28:19	DEU.28.43	2
28:19	1SA.2.7	2
28:19	PSA.106.41-PSA.106.43	2
28:19	PRO.29.23	2
28:19	HOS.5.11	2
28:19	MIC.6.16	2
28:19	REV.3.17-REV.3.18	2
28:19	REV.16.15	2
28:20	2KI.15.29	4
28:20	1CH.5.26	3
28:20	ISA.30.16	3
28:20	2KI.16.7-2KI.16.10	2
28:20	2KI.17.5	2
28:20	ISA.7.20	2
28:20	ISA.30.3	2
28:20	JER.2.37	2
28:20	HOS.5.13	2
28:21	2KI.16.8-2KI.16.9	3
28:21	2KI.18.15-2KI.18.16	3
28:21	2CH.12.9	3
28:21	PRO.20.25	2
28:22	ISA.1.5	3
28:22	JER.5.3	3
28:22	EZK.21.13	3
28:22	2CH.33.12	2
28:22	EST.7.6	2
28:22	PSA.50.15	2
28:22	PSA.52.7	2
28:22	HOS.5.15	2
28:22	REV.16.9-REV.16.11	2
28:23	2CH.25.14	5
28:23	2KI.16.12-2KI.16.13	2
28:23	ISA.1.28	2
28:23	JER.10.5	2
28:23	JER.44.15-JER.44.18	2
28:23	JER.44.20-JER.44.28	2
28:23	HOS.13.9	2
28:23	HAB.1.11	2
28:24	2CH.29.7	4
28:24	2KI.16.17-2KI.16.18	3
28:24	2CH.30.14	3
28:24	2CH.33.3-2CH.33.5	3
28:24	2KI.25.13-2KI.25.17	2
28:24	2CH.29.3	2
28:24	JER.2.28	2
28:24	HOS.12.11	2
28:24	ACT.17.16	2
28:24	ACT.17.23	2
28:25	2CH.28.3	3
28:26	2KI.16.19-2KI.16.20	4
28:26	2CH.20.34	2
28:26	2CH.27.7-2CH.27.9	2
28:27	2CH.21.20	4
28:27	2CH.24.25	3
28:27	1SA.2.30	2
28:27	2CH.26.23	2
28:27	2CH.33.20	2
28:27	PRO.10.7	2
28:27	ISA.14.28	1
29:1	2KI.18.1-2KI.18.3	4
29:1	1CH.3.13	3
29:1	2CH.26.5	3
29:1	ISA.1.1	2
29:1	ISA.8.2	2
29:1	HOS.1.1	2
29:1	MIC.1.1	2
29:1	MAT.1.9-MAT.1.10	2
29:2	2CH.28.1	2
29:2	2CH.34.2	2
29:3	2CH.28.24	5
29:3	2CH.29.7	4
29:3	MAT.6.33	3
29:3	2KI.16.14-2KI.16.18	2
29:3	2CH.34.3	2
29:3	PSA.101.3	2
29:3	ECC.9.10	2
29:3	GAL.1.16	2
29:4	2CH.32.6	2
29:4	NEH.3.29	2
29:4	JER.19.2	2
29:5	2CH.35.6	5
29:5	1CO.3.16-1CO.3.17	4
29:5	1CH.15.12	3
29:5	2CH.34.3-2CH.34.8	3
29:5	EZK.8.9-EZK.8.18	3
29:5	2CH.29.15-2CH.29.16	2
29:5	2CH.29.34	2
29:5	2CO.7.1	2
29:5	EXO.19.10	1
29:5	EXO.19.15	1
29:5	EZK.8.3	1
29:5	EZK.36.25	1
29:5	MAT.21.12-MAT.21.13	1
29:5	2CO.6.16	1
29:5	EPH.5.26-EPH.5.27	1
29:6	EZK.8.16	6
29:6	JER.2.27	5
29:6	2CH.28.2-2CH.28.4	2
29:6	2CH.28.23-2CH.28.25	2
29:6	2CH.34.21	2
29:6	EZR.5.12	2
29:6	EZR.9.7	2
29:6	NEH.9.16	2
29:6	NEH.9.32	2
29:6	JER.2.13	2
29:6	JER.2.17	2
29:6	JER.16.19	2
29:6	JER.44.21	2
29:6	LAM.5.7	2
29:6	DAN.9.16	2
29:6	MAT.10.37	2
29:6	MAT.23.30-MAT.23.32	2
29:7	2CH.28.24	5
29:7	LEV.24.2-LEV.24.8	3
29:7	2KI.16.17-2KI.16.18	2
29:7	2CH.29.3	2
29:7	MAL.1.10	2
29:8	JER.25.9	6
29:8	JER.25.18	6
29:8	DEU.28.25	4
29:8	2CH.24.18	4
29:8	JER.19.8	4
29:8	JER.29.18	4
29:8	LEV.26.32	3
29:8	DEU.28.15-DEU.28.20	3
29:8	DEU.28.59	3
29:8	1KI.9.8	3
29:8	2CH.34.24-2CH.34.25	3
29:8	2CH.36.14-2CH.36.16	3
29:8	JER.18.15-JER.18.16	3
29:9	2CH.28.17	6
29:9	2CH.28.5-2CH.28.8	4
29:9	LEV.26.17	2
29:9	LAM.5.7	2
29:10	JER.50.5	8
29:10	2CH.23.16	5
29:10	EZR.10.3	3
29:10	2KI.23.3	2
29:10	2KI.23.26	2
29:10	2CH.6.7-2CH.6.8	2
29:10	2CH.15.12-2CH.15.13	2
29:10	2CH.34.30-2CH.34.32	2
29:10	NEH.9.38-NEH.10.39	2
29:10	JER.34.15	2
29:10	2CO.8.5	2
29:10	JER.34.18	1
29:11	NUM.8.6-NUM.8.14	4
29:11	DEU.10.8	4
29:11	NUM.3.6-NUM.3.9	3
29:11	NUM.18.2-NUM.18.7	3
29:11	NUM.16.35-NUM.16.40	2
29:11	GAL.6.7-GAL.6.8	2
29:12	EXO.6.16-EXO.6.25	2
29:12	NUM.3.17	2
29:12	NUM.3.19-NUM.3.20	2
29:12	NUM.4.2-NUM.4.20	2
29:12	1CH.6.16-1CH.6.21	2
29:12	1CH.6.44	2
29:12	1CH.15.5-1CH.15.7	2
29:12	1CH.23.7-1CH.23.23	2
29:12	2CH.31.13	2
29:13	1CH.6.39	4
29:13	1CH.15.8	3
29:13	LEV.10.4	2
29:13	1CH.15.17	2
29:13	1CH.25.2	2
29:14	1CH.6.33	3
29:14	1CH.15.19	2
29:14	1CH.25.1	2
29:14	1CH.25.3	2
29:14	1CH.25.6	2
29:15	1CH.23.28	5
29:15	2CH.30.12	5
29:15	2CH.29.5	3
29:16	2CH.15.16	3
29:16	EXO.26.33-EXO.26.34	2
29:16	2SA.15.23	2
29:16	1KI.6.19-1KI.6.20	2
29:16	2KI.23.4-2KI.23.6	2
29:16	2CH.3.8	2
29:16	2CH.5.7	2
29:16	EZK.36.29	2
29:16	MAT.21.12-MAT.21.13	2
29:16	MAT.23.27	2
29:16	JHN.18.1	2
29:16	HEB.9.2-HEB.9.8	2
29:16	HEB.9.23-HEB.9.24	2
29:17	EXO.12.2-EXO.12.8	2
29:17	1KI.6.3	2
29:17	1CH.28.11	2
29:17	2CH.3.4	2
29:17	2CH.29.3	2
29:17	2CH.29.7	2
29:18	2CH.4.1	2
29:18	2CH.4.7-2CH.4.8	2
29:18	2CH.13.11	2
29:19	2CH.28.24	5
29:20	GEN.22.3	2
29:20	EXO.24.4	2
29:20	JOS.6.12	2
29:20	JER.25.4	2
29:21	LEV.4.3-LEV.4.14	4
29:21	JOB.42.8	3
29:21	EZK.45.23	3
29:21	NUM.23.1	2
29:21	NUM.23.14	2
29:21	NUM.23.29	2
29:21	1CH.15.26	2
29:21	EZR.8.35	2
29:21	NUM.15.22-NUM.15.24	1
29:21	2CO.5.21	0
29:22	LEV.4.18	4
29:22	LEV.8.19	3
29:22	LEV.8.24	3
29:22	LEV.1.5	2
29:22	LEV.4.7	2
29:22	LEV.4.34	2
29:22	LEV.8.14-LEV.8.15	2
29:22	HEB.9.21-HEB.9.22	2
29:23	LEV.4.15	6
29:23	LEV.1.4	2
29:23	LEV.4.24	2
29:24	LEV.4.13-LEV.4.35	2
29:24	LEV.6.30	2
29:24	LEV.8.15	2
29:24	LEV.14.20	2
29:24	EZK.45.15	2
29:24	EZK.45.17	2
29:24	DAN.9.24	2
29:24	ROM.5.10-ROM.5.11	2
29:24	2CO.5.18-2CO.5.21	2
29:24	COL.1.20-COL.1.21	2
29:24	HEB.2.17	2
29:25	2CH.8.14	7
29:25	1CH.23.5	6
29:25	2SA.24.11	3
29:25	1CH.9.33	3
29:25	1CH.15.16-1CH.15.22	3
29:25	1CH.16.4-1CH.16.5	3
29:25	1CH.16.42	3
29:25	1CH.25.1-1CH.25.7	3
29:25	2CH.35.15	3
29:25	2CH.30.12	2
29:25	2SA.7.2-2SA.7.4	1
29:25	2SA.12.1-2SA.12.7	1
29:25	1CH.21.9	1
29:25	1CH.28.12	1
29:25	1CH.28.19	1
29:25	1CH.29.29	1
29:26	1CH.23.5	5
29:26	1CH.15.24	4
29:26	AMO.6.5	3
29:26	NUM.10.8	2
29:26	NUM.10.10	2
29:26	JOS.6.4-JOS.6.9	2
29:26	1CH.16.6	2
29:26	2CH.5.12-2CH.5.13	2
29:26	PSA.81.3	2
29:26	PSA.87.7	2
29:26	PSA.98.5-PSA.98.6	2
29:26	PSA.150.3-PSA.150.5	2
29:26	ISA.38.20	2
29:27	2CH.23.18	5
29:27	2CH.7.3	2
29:27	2CH.20.21	2
29:27	PSA.136.1	2
29:27	PSA.137.3-PSA.137.4	2
29:28	PSA.68.24-PSA.68.26	2
29:28	PSA.89.15	2
29:28	REV.5.8-REV.5.14	2
29:29	2CH.20.18	5
29:29	1CH.29.20	2
29:29	PSA.72.11	2
29:29	ROM.14.11	2
29:29	PHP.2.10-PHP.2.11	2
29:30	PHP.4.4	5
29:30	PSA.32.11-PSA.33.1	4
29:30	PSA.95.1-PSA.95.2	4
29:30	1CH.16.7-1CH.16.36	3
29:30	PSA.100.1-PSA.100.2	3
29:30	PSA.149.2	3
29:30	2SA.23.1-2SA.23.2	1
29:30	PSA.95.6	1
29:31	2CH.13.9	4
29:31	EXO.35.22	3
29:31	EXO.35.5	2
29:31	LEV.1.1-LEV.1.3	2
29:31	LEV.7.12	2
29:31	LEV.23.38	2
29:31	EZR.1.4	2
29:32	1KI.3.4	2
29:32	1KI.8.63	2
29:32	1CH.29.21	2
29:32	EZR.6.17	2
29:34	2CH.35.11	5
29:34	2CH.30.3	4
29:34	NUM.8.15	2
29:34	NUM.8.19	2
29:34	NUM.18.3	2
29:34	NUM.18.6-NUM.18.7	2
29:34	1CH.29.17	2
29:34	2CH.29.5	2
29:34	2CH.30.16-2CH.30.17	2
29:34	PSA.7.10	2
29:34	PSA.26.6	2
29:34	PSA.94.15	2
29:35	EXO.29.13	4
29:35	NUM.15.5-NUM.15.10	4
29:35	GEN.35.14	2
29:35	LEV.3.15-LEV.3.16	2
29:35	LEV.23.13	2
29:35	1CH.16.37-1CH.16.42	2
29:35	EZR.6.18	1
29:35	1CO.14.40	1
29:36	1CH.29.9	2
29:36	EZR.6.22	2
29:36	PSA.10.17	2
29:36	PRO.16.1	2
29:36	ACT.2.41	2
29:36	1TH.3.8-1TH.3.9	2
29:36	1CH.29.17-1CH.29.18	1
29:36	2CH.30.12	1
30:1	1CO.5.7-1CO.5.8	3
30:1	EXO.12.3-EXO.12.20	2
30:1	DEU.16.2-DEU.16.6	2
30:1	2CH.11.13	2
30:1	2CH.11.16	2
30:1	2CH.25.7	2
30:1	2CH.30.10-2CH.30.11	2
30:1	2CH.35.6	2
30:1	HOS.5.4	2
30:1	HOS.7.8-HOS.7.9	2
30:1	HOS.11.8	2
30:2	NUM.9.10-NUM.9.11	4
30:2	1CH.13.1-1CH.13.3	2
30:2	2CH.30.13	2
30:2	2CH.30.15	2
30:2	PRO.11.14	2
30:2	PRO.15.22	2
30:2	ECC.4.13	2
30:3	2CH.29.34	6
30:3	EXO.12.6	3
30:3	EXO.12.18	3
30:3	2CH.29.17	2
30:4	1CH.13.4	2
30:5	JDG.20.1	4
30:5	LEV.23.2	2
30:5	LEV.23.4	2
30:5	DEU.12.32	2
30:5	2CH.24.9	2
30:5	2CH.35.18	2
30:5	2CH.36.22	2
30:5	EZR.6.8-EZR.6.12	2
30:5	EST.3.12-EST.3.15	2
30:5	EST.8.8-EST.8.10	2
30:5	EST.9.20-EST.9.21	2
30:5	DAN.4.1-DAN.4.33	2
30:5	DAN.6.8	2
30:5	1CO.11.2	2
30:6	JER.51.31	5
30:6	2KI.15.19	4
30:6	2KI.15.29	4
30:6	EST.8.14	4
30:6	JER.4.1	4
30:6	1CH.5.26	3
30:6	2CH.28.20	3
30:6	JOB.9.25	3
30:6	ISA.55.6-ISA.55.7	3
30:6	ISA.1.9	2
30:6	ISA.6.13	2
30:6	LAM.5.21	2
30:6	EZK.33.11	2
30:6	HOS.14.1	2
30:6	JOL.2.12-JOL.2.14	2
30:6	JAS.4.8	2
30:7	2CH.29.8	4
30:7	EZK.20.13-EZK.20.18	2
30:7	ZEC.1.3-ZEC.1.4	2
30:8	EXO.32.9	5
30:8	2CH.29.10	5
30:8	DEU.10.16	3
30:8	DEU.6.13	2
30:8	DEU.6.17	2
30:8	JOS.24.15	2
30:8	2KI.23.26	2
30:8	1CH.29.24	2
30:8	2CH.28.11	2
30:8	2CH.28.13	2
30:8	2CH.36.13	2
30:8	EZR.10.19	2
30:8	PSA.63.2	2
30:8	PSA.68.24	2
30:8	PSA.68.31	2
30:8	PSA.73.17	2
30:8	PSA.78.49	2
30:8	PSA.132.13-PSA.132.14	2
30:8	MAT.4.10	2
30:8	JHN.12.26	2
30:8	ROM.6.13-ROM.6.19	2
30:8	ROM.6.22	2
30:8	ROM.10.21	2
30:8	COL.3.22-COL.3.24	2
30:8	REV.7.15	2
30:9	ISA.55.7	13
30:9	MIC.7.18	11
30:9	DEU.30.2-DEU.30.4	7
30:9	PSA.86.5	7
30:9	PSA.106.46	6
30:9	EXO.34.6-EXO.34.7	5
30:9	1KI.8.50	5
30:9	NEH.9.17	5
30:9	LEV.26.40-LEV.26.42	4
30:9	2CH.7.14	3
30:9	2CH.15.2	3
30:9	NEH.9.31	3
30:9	PSA.86.15	3
30:9	PSA.111.4	3
30:9	PSA.145.7-PSA.145.8	3
30:9	PRO.28.13	3
30:9	JER.18.17	3
30:9	JER.29.12-JER.29.14	3
30:9	JER.31.27-JER.31.28	3
30:9	EZK.18.30-EZK.18.32	3
30:9	JON.4.2	3
30:10	2CH.36.16	5
30:10	2CH.30.6	3
30:10	GEN.19.14	2
30:10	NEH.2.19	2
30:10	EST.3.13	2
30:10	EST.3.15	2
30:10	EST.8.10	2
30:10	EST.8.14	2
30:10	JOB.9.25	2
30:10	JOB.12.4	2
30:10	LUK.8.53	2
30:10	LUK.16.14	2
30:10	LUK.22.63-LUK.22.64	2
30:10	LUK.23.35	2
30:10	ACT.17.32	2
30:10	HEB.11.36	2
30:11	2CH.30.18	4
30:11	2CH.30.21	4
30:11	2CH.30.25	3
30:11	EXO.10.3	2
30:11	LEV.26.41	2
30:11	2CH.11.16	2
30:11	2CH.12.6-2CH.12.7	2
30:11	2CH.12.12	2
30:11	2CH.33.12	2
30:11	2CH.33.19	2
30:11	2CH.33.23	2
30:11	2CH.34.27	2
30:11	DAN.5.22	2
30:11	LUK.14.11	2
30:11	LUK.18.14	2
30:11	ACT.17.34	2
30:11	JAS.4.10	2
30:11	1PE.5.6	2
30:12	JER.32.39	7
30:12	PSA.110.3	5
30:12	JER.24.7	5
30:12	PHP.2.13	5
30:12	2TH.2.13-2TH.2.14	4
30:12	DEU.4.5-DEU.4.6	3
30:12	2CH.29.25	3
30:12	2CH.29.36	3
30:12	EZK.36.26	3
30:12	DEU.4.2	2
30:12	1CH.29.18-1CH.29.19	2
30:12	EZR.7.27	2
30:12	ACT.4.19	2
30:12	1TH.4.2	2
30:13	2CH.30.2	2
30:13	PSA.84.7	2
30:14	2CH.28.24	5
30:14	2SA.15.23	3
30:14	2CH.15.16	3
30:14	2CH.29.16	3
30:14	2KI.18.22	2
30:14	2KI.23.12-2KI.23.13	2
30:14	2CH.34.4	2
30:14	2CH.34.7	2
30:14	ISA.2.18-ISA.2.20	2
30:14	JHN.18.1	2
30:15	2CH.29.34	7
30:15	EXO.19.10	2
30:15	EXO.19.22	2
30:15	2CH.5.11	2
30:15	2CH.29.15	2
30:15	2CH.30.24	2
30:15	2CH.31.18	2
30:15	EZK.16.61-EZK.16.63	2
30:15	EZK.43.10-EZK.43.11	2
30:16	DEU.33.1	3
30:16	2CH.35.15	3
30:16	LEV.1.5	2
30:16	2KI.11.14	2
30:16	2CH.35.10-2CH.35.11	2
30:16	HEB.11.28	2
30:17	2CH.29.34	6
30:17	2CH.35.3-2CH.35.6	4
30:17	EXO.12.6	2
30:18	1CO.11.28	5
30:18	JAS.5.15-JAS.5.16	5
30:18	NUM.9.10-NUM.9.14	4
30:18	2CH.6.21	4
30:18	DAN.9.19	4
30:18	GEN.20.7	3
30:18	EXO.12.43-EXO.12.51	3
30:18	NUM.19.20	3
30:18	2CH.30.11	3
30:18	2CH.30.25	3
30:18	PSA.25.8	3
30:18	GEN.20.17	2
30:18	EXO.34.6-EXO.34.9	2
30:18	NUM.14.18-NUM.14.20	2
30:18	JOB.42.8-JOB.42.9	2
30:18	PSA.86.5	2
30:18	PSA.119.68	2
30:18	1JN.5.16	2
30:18	PSA.36.5	1
30:19	2CH.19.3	7
30:19	PRO.23.26	6
30:19	JOB.11.13	4
30:19	PSA.10.17	4
30:19	1CH.29.18	3
30:19	2CH.20.33	3
30:19	EZR.7.10	3
30:19	LEV.12.4	2
30:19	LEV.15.31-LEV.15.33	2
30:19	LEV.21.17-LEV.21.23	2
30:19	LEV.22.3-LEV.22.6	2
30:19	NUM.9.6	2
30:19	NUM.19.13-NUM.19.20	2
30:19	1SA.7.3	2
30:20	EXO.15.26	5
30:20	PSA.103.3	3
30:20	JAS.5.15-JAS.5.16	3
30:21	EXO.12.15	5
30:21	EXO.13.6	5
30:21	LEV.23.6	2
30:21	DEU.12.7	2
30:21	DEU.12.12	2
30:21	DEU.16.14	2
30:21	2CH.7.10	2
30:21	2CH.20.21	2
30:21	2CH.29.25-2CH.29.27	2
30:21	2CH.30.26	2
30:21	NEH.8.10	2
30:21	PSA.150.3-PSA.150.5	2
30:21	LUK.22.1	2
30:21	LUK.22.7	2
30:21	ACT.2.46	2
30:21	1CO.5.7-1CO.5.8	2
30:21	PHP.4.4	2
30:22	2CH.32.6	4
30:22	NEH.9.3	4
30:22	EZR.10.11	3
30:22	ISA.40.1-ISA.40.2	3
30:22	DEU.26.3-DEU.26.11	2
30:22	DEU.33.10	2
30:22	2CH.15.3	2
30:22	2CH.17.9	2
30:22	2CH.35.3	2
30:22	EZR.7.10	2
30:22	EZR.7.25	2
30:22	NEH.8.7-NEH.8.8	2
30:22	NEH.8.18	2
30:22	PRO.2.6-PRO.2.7	2
30:22	PRO.8.6	2
30:22	HOS.2.14	2
30:22	JHN.17.3	2
30:22	2CO.4.6	2
30:22	PHP.3.8	2
30:22	2TI.4.2	2
30:23	1KI.8.65	5
30:23	2CH.7.9	3
30:24	2CH.29.34	5
30:24	2CH.35.7-2CH.35.8	4
30:24	1CH.29.3-1CH.29.9	2
30:24	2CH.30.3	2
30:24	EZK.45.17	2
30:24	EPH.4.8	2
30:25	2CH.30.11	5
30:25	2CH.30.18	4
30:25	EXO.12.43-EXO.12.49	2
30:25	1CH.16.10-1CH.16.11	2
30:25	PSA.92.4	2
30:25	PSA.104.34	2
30:26	2CH.7.8-2CH.7.10	3
30:27	DEU.26.15	7
30:27	PSA.68.5	6
30:27	DEU.10.8	4
30:27	2CH.23.18	4
30:27	ISA.57.15	4
30:27	ACT.10.4	4
30:27	NUM.6.23-NUM.6.26	3
30:27	1KI.8.30	3
30:27	1KI.8.39	3
30:27	ISA.63.15	3
30:27	ISA.66.1	3
31:1	2KI.18.4	7
31:1	2CH.32.12	3
31:1	GEN.19.15	2
31:1	EXO.23.24	2
31:1	DEU.7.5	2
31:1	1KI.18.38-1KI.18.40	2
31:1	2KI.17.2	2
31:1	2KI.23.2-2KI.23.20	2
31:1	2CH.14.3	2
31:1	2CH.23.17	2
31:1	2CH.30.1-2CH.30.27	2
31:1	2CH.34.3-2CH.34.7	2
31:1	EST.4.16	2
31:2	1CH.24.1	3
31:2	1CH.16.4-1CH.16.6	2
31:2	1CH.16.37	2
31:2	1CH.16.40-1CH.16.41	2
31:2	1CH.23.1-1CH.23.26	2
31:2	1CH.23.28-1CH.23.31	2
31:2	1CH.25.1-1CH.25.3	2
31:2	2CH.5.11	2
31:2	2CH.8.14	2
31:2	2CH.23.8	2
31:2	2CH.29.24-2CH.29.26	2
31:2	EZR.6.18	2
31:2	NEH.11.17	2
31:2	PSA.134.1-PSA.135.3	2
31:2	JER.33.11	2
31:2	LUK.1.5	2
31:3	EZK.45.17	6
31:3	2CH.35.7	4
31:3	COL.2.16-COL.2.17	4
31:3	EXO.29.38-EXO.29.42	3
31:3	LEV.23.2-LEV.23.44	3
31:3	NUM.28.1-NUM.29.40	3
31:3	DEU.16.1-DEU.16.17	3
31:3	1CH.26.26	3
31:3	2CH.30.24	3
31:3	PSA.81.1-PSA.81.4	3
31:3	EZK.46.12-EZK.46.18	3
31:3	EZK.46.4-EZK.46.7	2
31:4	MAL.2.7	6
31:4	NUM.18.8-NUM.18.21	5
31:4	NUM.18.26-NUM.18.28	3
31:4	NEH.13.10-NEH.13.13	3
31:4	1CO.9.9-1CO.9.14	3
31:4	GAL.6.6	3
31:4	LEV.27.30-LEV.27.33	2
31:4	2CH.31.16	2
31:4	MAL.3.8-MAL.3.10	2
31:5	NEH.13.12	6
31:5	EXO.35.5	3
31:5	EXO.35.20-EXO.35.29	3
31:5	EXO.36.5-EXO.36.6	3
31:5	2CH.24.10-2CH.24.11	3
31:5	NEH.10.35-NEH.10.39	3
31:5	NEH.12.44	3
31:5	NEH.13.31	3
31:5	PRO.3.9	3
31:5	EXO.22.29	2
31:5	EXO.23.19	2
31:5	EXO.34.22	2
31:5	EXO.34.26	2
31:5	NUM.18.12	2
31:5	1CO.15.20	2
31:5	2CO.8.2-2CO.8.5	2
31:5	JAS.1.18	2
31:5	REV.14.4	2
31:6	LEV.27.30	7
31:6	DEU.14.28	4
31:6	2CH.11.16-2CH.11.17	4
31:7	LEV.23.16-LEV.23.24	2
31:8	EPH.1.3	3
31:8	GEN.14.19-GEN.14.20	2
31:8	JDG.5.9	2
31:8	2SA.6.18	2
31:8	1KI.8.14-1KI.8.15	2
31:8	1KI.8.55	2
31:8	1CH.29.10-1CH.29.20	2
31:8	2CH.6.3	2
31:8	EZR.7.27	2
31:8	PSA.144.15	2
31:8	2CO.8.16	2
31:8	PHP.4.10	2
31:8	PHP.4.19	2
31:8	1TH.3.9	2
31:8	1PE.1.3	2
31:10	MAL.3.10	6
31:10	1CH.6.8	5
31:10	GEN.26.12	3
31:10	GEN.30.27-GEN.30.30	3
31:10	GEN.39.5	3
31:10	GEN.39.23	3
31:10	LEV.25.21	3
31:10	LEV.26.4-LEV.26.5	3
31:10	1KI.2.35	3
31:10	2KI.4.43-2KI.4.44	3
31:10	2CH.26.17	3
31:10	PRO.3.9	3
31:10	PRO.10.22	3
31:10	EZK.44.15	3
31:10	HAG.2.18	3
31:10	MAT.15.37	3
31:10	2CO.9.8-2CO.9.11	3
31:10	PHP.4.18	3
31:10	DEU.28.8	2
31:10	1CH.6.14	2
31:10	1TI.4.8	2
31:11	NEH.10.38-NEH.10.39	2
31:11	NEH.13.5	2
31:11	NEH.13.12-NEH.13.13	2
31:12	2CH.35.9	3
31:12	2KI.12.15	2
31:12	1CH.26.20-1CH.26.26	2
31:13	1CH.9.11	2
31:13	1CH.24.5	2
31:13	2CH.30.12	2
31:13	2CH.31.4	2
31:13	2CH.31.10-2CH.31.11	2
31:13	NEH.11.11	2
31:14	LEV.2.10	2
31:14	LEV.6.16-LEV.6.17	2
31:14	LEV.7.1-LEV.7.6	2
31:14	LEV.10.12-LEV.10.13	2
31:14	LEV.22.18	2
31:14	LEV.23.38	2
31:14	LEV.27.28	2
31:14	NUM.29.39	2
31:14	DEU.12.6	2
31:14	DEU.12.17	2
31:14	DEU.16.10	2
31:14	1CH.26.12	2
31:14	1CH.26.14	2
31:14	1CH.26.17	2
31:14	EZR.1.4	2
31:14	EZR.3.5	2
31:14	EZR.7.16	2
31:14	NEH.13.13	2
31:14	PSA.119.108	2
31:15	JOS.21.9-JOS.21.19	5
31:15	1CH.6.54-1CH.6.60	2
31:15	1CH.9.22	2
31:15	1CH.25.8	2
31:15	2CH.29.12	2
31:15	2CH.31.13	2
31:16	EZR.3.4	3
31:16	LEV.21.22-LEV.21.23	2
31:16	1CH.23.3	2
31:17	1CH.23.24	4
31:17	1CH.23.27	3
31:17	NUM.3.15	2
31:17	NUM.3.20	2
31:17	NUM.4.3	2
31:17	NUM.4.38	2
31:17	NUM.4.42	2
31:17	NUM.4.46	2
31:17	NUM.8.24	2
31:17	NUM.17.2-NUM.17.3	2
31:17	1CH.24.20-1CH.25.26	2
31:17	2CH.31.2	2
31:17	EZR.2.59	2
31:18	1CH.9.22	2
31:18	2CH.31.15	2
31:18	ISA.5.16	2
31:18	ROM.15.16	2
31:19	2CH.31.12-2CH.31.15	5
31:19	LEV.25.34	4
31:19	NUM.35.2-NUM.35.5	4
31:19	2CH.28.15	3
31:19	1CH.6.54	2
31:19	1CH.6.60	2
31:20	2KI.20.3	7
31:20	2KI.22.2	5
31:20	ACT.24.16	3
31:20	JHN.1.47	2
31:20	1TH.2.10	2
31:20	3JN.1.5	2
31:20	1KI.15.5	1
31:21	MAT.6.33	39
31:21	JER.29.13	27
31:21	JOS.1.7-JOS.1.8	16
31:21	DEU.6.5	8
31:21	ECC.9.10	5
31:21	MAT.7.24-MAT.7.27	5
31:21	DEU.10.12	4
31:21	1CH.22.13	4
31:21	DEU.29.9	3
31:21	1KI.2.4	3
31:21	1CH.22.19	3
31:21	2CH.14.7	3
31:21	2CH.20.26	3
31:21	2CH.26.5	3
31:21	PSA.1.2-PSA.1.3	3
32:1	2KI.18.13-2KI.18.37	3
32:1	2KI.15.19	2
32:1	2KI.17.6	2
32:1	2KI.18.11	2
32:1	2CH.20.1-2CH.20.2	2
32:1	ISA.7.17-ISA.7.18	2
32:1	ISA.8.6-ISA.8.8	2
32:1	ISA.10.5-ISA.10.11	2
32:1	ISA.36.1-ISA.37.38	2
32:1	HOS.11.5	2
32:1	MIC.2.13	2
32:2	2KI.12.17	2
32:2	LUK.9.51	2
32:2	LUK.9.53	2
32:3	PRO.15.22	3
32:3	PRO.20.18	3
32:3	PRO.24.6	3
32:3	2KI.18.20	2
32:3	2KI.20.20	2
32:3	2CH.30.2	2
32:3	ISA.22.8-ISA.22.11	2
32:3	ISA.40.13	2
32:3	ROM.11.34	2
32:4	2CH.32.30	4
32:4	1KI.3.9	2
32:4	1KI.3.16-1KI.3.17	2
32:4	1KI.19.21	2
32:4	2KI.18.9	2
32:4	2KI.18.13	2
32:4	2KI.19.17	2
32:4	2KI.20.20	2
32:4	2CH.30.14	2
32:4	2CH.32.1	2
32:4	ISA.10.8	2
32:5	2CH.25.23	5
32:5	1KI.9.24	4
32:5	2SA.5.9	3
32:5	2KI.25.4	3
32:5	ISA.22.9-ISA.22.10	3
32:5	JDG.9.6	2
32:5	1KI.11.27	2
32:5	2KI.12.20	2
32:5	2CH.12.1	2
32:5	2CH.14.5-2CH.14.7	2
32:5	2CH.17.1-2CH.17.2	2
32:5	2CH.23.1	2
32:5	2CH.26.8	2
32:5	2CH.26.14-2CH.26.15	2
32:5	JER.39.4	2
32:6	2CH.30.22	4
32:6	ISA.40.2	4
32:6	GEN.34.3	3
32:6	2CH.17.14-2CH.17.19	3
32:6	EZR.10.9	3
32:6	NEH.8.16	3
32:6	1CH.27.3-1CH.27.34	2
32:6	NEH.8.1-NEH.8.3	2
32:7	2KI.6.16	11
32:7	ROM.8.31	9
32:7	EPH.6.10	7
32:7	2CH.20.15	6
32:7	1JN.4.4	6
32:7	2KI.18.30	5
32:7	1CH.28.20	4
32:7	ISA.35.4	4
32:7	DAN.10.19	4
32:7	ZEC.8.9	4
32:7	DEU.31.6-DEU.31.7	3
32:7	DEU.31.23	3
32:7	JOS.1.6-JOS.1.9	3
32:7	2KI.19.6-2KI.19.7	3
32:7	ZEC.8.23	3
32:7	1CH.22.13	1
32:7	1CH.28.10	1
32:7	2TI.2.1	1
32:8	JER.17.5	17
32:8	2CH.20.17	12
32:8	ACT.18.10	10
32:8	2TI.4.17	10
32:8	2CH.20.15	9
32:8	ISA.41.10	9
32:8	PSA.46.11	8
32:8	1JN.4.4	8
32:8	DEU.20.1	7
32:8	2CH.13.12	7
32:8	2CH.14.11	7
32:8	DEU.20.4	6
32:8	2CH.20.20	5
32:8	JOB.40.9	5
32:8	PRO.12.25	5
32:8	ISA.8.10	5
32:8	JOS.10.42	4
32:8	PSA.46.7	4
32:8	ISA.36.18	4
32:8	2TI.4.22	4
32:8	2CH.32.15	3
32:9	JOS.10.31	3
32:9	2KI.18.17	3
32:9	JOS.12.11	2
32:9	JOS.15.39	2
32:9	ISA.36.2	2
32:9	ISA.37.8	2
32:9	MIC.1.13	2
32:10	2KI.18.19	2
32:10	ISA.36.4	2
32:11	2KI.18.27	2
32:11	2KI.18.30	2
32:11	2KI.19.10	2
32:11	2CH.32.15	2
32:11	PSA.3.2	2
32:11	PSA.11.1-PSA.11.3	2
32:11	PSA.22.8	2
32:11	PSA.42.10	2
32:11	PSA.71.11	2
32:11	ISA.36.12	2
32:11	ISA.36.18	2
32:11	MAT.27.43	2
32:12	2CH.31.1	5
32:12	EXO.27.1-EXO.27.8	2
32:12	EXO.30.1-EXO.30.6	2
32:12	EXO.40.26-EXO.40.29	2
32:12	DEU.12.13-DEU.12.14	2
32:12	DEU.12.26-DEU.12.27	2
32:12	1KI.7.48	2
32:12	2KI.18.4	2
32:12	2KI.18.22	2
32:12	2CH.4.1	2
32:12	ISA.36.7	2
32:13	2KI.18.33-2KI.18.35	3
32:13	2KI.15.29	2
32:13	2KI.17.5-2KI.17.6	2
32:13	2KI.19.11-2KI.19.13	2
32:13	2KI.19.17-2KI.19.19	2
32:13	2CH.32.19	2
32:13	PSA.115.3-PSA.115.8	2
32:13	ISA.10.9-ISA.10.10	2
32:13	ISA.10.14	2
32:13	ISA.37.12-ISA.37.13	2
32:13	ISA.37.18-ISA.37.20	2
32:13	ISA.44.8-ISA.44.10	2
32:13	JER.10.11-JER.10.12	2
32:13	JER.10.16	2
32:13	DAN.4.30	2
32:13	DAN.4.37	2
32:13	DAN.5.19	2
32:13	1CO.8.4	2
32:13	ACT.19.26	1
32:14	EXO.14.3	2
32:14	EXO.15.9-EXO.15.11	2
32:14	ISA.10.11-ISA.10.12	2
32:14	ISA.42.8	2
32:15	EXO.5.2	4
32:15	DAN.3.15	4
32:15	ISA.36.18	3
32:15	1KI.22.22	2
32:15	2KI.18.29	2
32:15	2KI.19.10	2
32:15	2CH.32.11	2
32:15	JHN.19.10-JHN.19.11	2
32:15	ACT.19.26	2
32:15	GAL.1.10	2
32:16	JOB.15.25-JOB.15.26	2
32:16	PSA.73.9	2
32:16	JHN.15.21	2
32:17	2KI.19.12	3
32:17	ISA.37.14	3
32:17	ISA.37.28-ISA.37.29	3
32:17	2KI.19.9	2
32:17	2KI.19.14	2
32:17	2KI.19.22	2
32:17	2KI.19.28	2
32:17	NEH.6.5	2
32:17	ISA.10.15	2
32:17	ISA.37.23-ISA.37.24	2
32:17	REV.13.6	2
32:18	1SA.17.10	2
32:18	1SA.17.26	2
32:18	2KI.18.26-2KI.18.28	2
32:18	NEH.6.9	2
32:18	ISA.36.13	2
32:19	2KI.19.18	3
32:19	ISA.2.8	3
32:19	DEU.4.28	2
32:19	DEU.27.15	2
32:19	1SA.17.36	2
32:19	2CH.6.6	2
32:19	2CH.32.13-2CH.32.17	2
32:19	JOB.15.25-JOB.15.26	2
32:19	PSA.10.13-PSA.10.14	2
32:19	PSA.73.8-PSA.73.11	2
32:19	PSA.76.1-PSA.76.2	2
32:19	PSA.78.68	2
32:19	PSA.87.1-PSA.87.3	2
32:19	PSA.115.4-PSA.115.8	2
32:19	PSA.132.13-PSA.132.14	2
32:19	PSA.135.15-PSA.135.18	2
32:19	PSA.139.19-PSA.139.20	2
32:19	ISA.14.32	2
32:19	ISA.37.19	2
32:19	ISA.44.16-ISA.44.20	2
32:19	JER.1.16	2
32:19	JER.10.3	2
32:19	JER.10.9	2
32:19	JER.32.30	2
32:19	HOS.8.5-HOS.8.6	2
32:19	HEB.12.22	2
32:20	PSA.91.14-PSA.91.15	6
32:20	2KI.19.2-2KI.19.4	5
32:20	2CH.14.11	5
32:20	2CH.20.6-2CH.20.12	4
32:20	ISA.37.14-ISA.37.20	4
32:20	2KI.19.14-2KI.19.19	3
32:20	PSA.50.15	3
32:20	ISA.37.1-ISA.37.4	3
32:21	PSA.76.5	3
32:21	ISA.37.36-ISA.37.38	3
32:21	2SA.24.16	2
32:21	2KI.19.20	2
32:21	2KI.19.35-2KI.19.37	2
32:21	JOB.9.4	2
32:21	PSA.18.50	2
32:21	PSA.76.7	2
32:21	PSA.76.12	2
32:21	PSA.132.18	2
32:21	PRO.11.2	2
32:21	PRO.16.18	2
32:21	ISA.10.8	2
32:21	ISA.10.16-ISA.10.19	2
32:21	ISA.10.33-ISA.10.34	2
32:21	ISA.17.12-ISA.17.14	2
32:21	ISA.30.30-ISA.30.33	2
32:21	ISA.33.10-ISA.33.12	2
32:21	ISA.36.9	2
32:21	ISA.37.21	2
32:21	ISA.42.8	2
32:21	DAN.6.22	2
32:21	MAT.13.49-MAT.13.50	2
32:21	ACT.12.23	2
32:21	REV.6.15-REV.6.16	2
32:21	ISA.29.5-ISA.29.8	1
32:21	DAN.3.28	1
32:21	REV.19.17-REV.19.18	1
32:22	ISA.31.4-ISA.31.5	4
32:22	PSA.18.48-PSA.18.50	3
32:22	PSA.37.39-PSA.37.40	3
32:22	PSA.144.10	3
32:22	HOS.1.7	3
32:22	JHN.16.13	3
32:22	2TH.3.5	3
32:22	PSA.48.14	2
32:22	PSA.71.20-PSA.71.21	2
32:22	PSA.73.24	2
32:22	ISA.10.24-ISA.10.25	2
32:22	ISA.33.22	2
32:22	ISA.58.11	2
32:23	2CH.17.5	4
32:23	2CH.1.1	3
32:23	2CH.9.24	3
32:23	MAT.2.11	3
32:23	2SA.8.10-2SA.8.11	2
32:23	1KI.4.21	2
32:23	1KI.10.10	2
32:23	1KI.10.25	2
32:23	1CH.29.25	2
32:23	2CH.9.9-2CH.9.10	2
32:23	2CH.17.11	2
32:23	EZR.7.15-EZR.7.22	2
32:23	EZR.7.27	2
32:23	PSA.68.29	2
32:23	PSA.72.10	2
32:23	ISA.60.7-ISA.60.9	2
32:24	2KI.20.1-2KI.20.11	8
32:24	ISA.38.1-ISA.38.8	8
32:24	ISA.38.21-ISA.38.22	6
32:25	2CH.24.18	6
32:25	2CH.26.16	5
32:25	2SA.24.1	4
32:25	2CH.32.31	4
32:25	DEU.8.17	3
32:25	2KI.14.10	3
32:25	1CH.21.12-1CH.21.17	3
32:25	DEU.8.12-DEU.8.14	2
32:25	DEU.32.6	2
32:25	2SA.24.10-2SA.24.17	2
32:25	2KI.20.13	2
32:25	1CH.21.1	2
32:25	2CH.19.2	2
32:25	2CH.25.19	2
32:25	PSA.116.12-PSA.116.13	2
32:25	EZK.28.2	2
32:25	EZK.28.5	2
32:25	EZK.28.17	2
32:25	DAN.5.20	2
32:25	DAN.5.23	2
32:25	HOS.14.2	2
32:25	HAB.2.4	2
32:25	LUK.17.17-LUK.17.18	2
32:25	2CO.12.7	2
32:25	1TI.3.6	2
32:25	1PE.5.5-1PE.5.6	2
32:26	JER.26.18-JER.26.19	5
32:26	2CH.33.12	4
32:26	2CH.34.27-2CH.34.28	4
32:26	JAS.4.10	3
32:26	LEV.26.40-LEV.26.41	2
32:26	1KI.21.19	2
32:26	1KI.21.29	2
32:26	2KI.20.16-2KI.20.19	2
32:26	2CH.33.19	2
32:26	2CH.33.23	2
32:26	ISA.39.6-ISA.39.8	2
32:27	1CH.27.25-1CH.27.31	2
32:27	2CH.1.12	2
32:27	2CH.9.27	2
32:27	2CH.17.5	2
32:27	PRO.10.22	2
32:28	2SA.7.8	2
32:28	1KI.4.26	2
32:28	2CH.26.10	2
32:29	1CH.29.12	4
32:29	GEN.13.2-GEN.13.6	2
32:29	DEU.8.18	2
32:29	1SA.2.7	2
32:29	1CH.27.29-1CH.27.31	2
32:29	2CH.25.9	2
32:29	2CH.26.10	2
32:29	JOB.1.3	2
32:29	JOB.1.9	2
32:29	JOB.42.12	2
32:29	PRO.10.22	2
32:29	1TI.6.17-1TI.6.18	2
32:30	1KI.1.33	5
32:30	JOS.1.7-JOS.1.8	2
32:30	1KI.1.38	2
32:30	1KI.1.45	2
32:30	2KI.20.20	2
32:30	2CH.32.4	2
32:30	PSA.1.1-PSA.1.3	2
32:30	ISA.22.9-ISA.22.11	2
32:31	DEU.8.2	9
32:31	PRO.17.3	8
32:31	JHN.15.5	7
32:31	GEN.22.1	6
32:31	2CH.32.24	6
32:31	DEU.8.16	5
32:31	ZEC.13.9	5
32:31	JOB.1.11-JOB.1.12	4
32:31	PSA.139.1-PSA.139.2	4
32:31	ISA.39.1-ISA.39.8	4
32:31	MAL.3.2-MAL.3.3	4
32:31	JAS.1.13	4
32:31	DEU.13.3	3
32:31	JDG.16.20	3
32:31	2KI.20.8-2KI.20.13	3
32:31	JOB.2.3-JOB.2.6	3
32:31	PSA.51.11-PSA.51.12	3
32:31	PSA.119.116-PSA.119.117	3
32:31	ISA.38.7-ISA.38.8	3
32:31	1PE.1.7	3
32:31	PSA.27.9	2
32:31	PSA.139.23-PSA.139.24	2
32:32	2KI.18.1-2KI.18.20	3
32:32	ISA.36.1-ISA.36.22	3
32:32	2CH.31.20-2CH.31.21	2
32:33	PRO.10.7	3
32:33	GEN.50.10-GEN.50.11	2
32:33	NUM.20.29	2
32:33	DEU.34.8	2
32:33	1SA.2.30	2
32:33	1SA.25.1	2
32:33	1KI.1.21	2
32:33	1KI.2.10	2
32:33	1KI.11.43	2
32:33	2CH.16.14	2
32:33	2CH.33.1-2CH.33.20	2
33:1	2KI.21.1-2KI.21.18	4
33:1	1CH.3.13	3
33:1	2CH.32.33	2
33:1	ECC.10.16	2
33:1	ISA.3.4	2
33:1	ISA.3.12	2
33:1	MAT.1.10	2
33:1	2CH.34.1-2CH.34.2	1
33:2	2CH.28.3	5
33:2	DEU.18.9	4
33:2	LEV.18.24-LEV.18.30	2
33:2	LEV.20.22-LEV.20.23	2
33:2	DEU.12.31	2
33:2	DEU.18.14	2
33:2	2KI.17.11	2
33:2	2KI.17.15	2
33:2	2KI.21.2	2
33:2	2KI.21.9	2
33:2	2CH.36.14	2
33:2	EZR.9.14	2
33:2	JER.15.4	2
33:2	EZK.11.12	2
33:2	PSA.106.35-PSA.106.40	1
33:3	DEU.16.21	7
33:3	DEU.17.3	6
33:3	2CH.31.1	5
33:3	2CH.30.14	4
33:3	2KI.18.4	3
33:3	2KI.23.5-2KI.23.6	3
33:3	ECC.9.18	3
33:3	JER.19.13	3
33:3	ZEP.1.5	3
33:3	DEU.4.19	2
33:3	JDG.2.11-JDG.2.13	2
33:3	1KI.14.23	2
33:3	2KI.21.3	2
33:3	2KI.23.11	2
33:3	2CH.28.2-2CH.28.4	2
33:3	2CH.32.12	2
33:3	ECC.2.19	2
33:3	JER.8.2	2
33:3	JER.17.2	2
33:3	ACT.7.42	2
33:4	2CH.7.16	5
33:4	DEU.12.11	3
33:4	1KI.8.29	3
33:4	2CH.6.6	3
33:4	1KI.9.3	2
33:4	2KI.21.4-2KI.21.5	2
33:4	2CH.32.19	2
33:4	2CH.33.15	2
33:4	2CH.34.3-2CH.34.4	2
33:4	JER.7.30	2
33:5	2CH.4.9	6
33:5	JER.32.34-JER.32.35	2
33:5	EZK.8.7-EZK.8.18	2
33:6	LEV.18.21	4
33:6	LEV.19.26	4
33:6	LEV.19.31	4
33:6	LEV.20.6	4
33:6	2KI.21.6	4
33:6	2CH.28.3	4
33:6	1CH.10.13	3
33:6	ISA.8.19	3
33:6	ISA.47.9-ISA.47.12	3
33:6	JER.7.31-JER.7.32	3
33:6	LEV.20.2	2
33:6	LEV.20.27	2
33:6	DEU.12.31	2
33:6	DEU.18.10-DEU.18.14	2
33:6	1SA.15.23	2
33:6	2KI.17.17	2
33:6	2KI.23.10	2
33:6	2KI.23.24	2
33:6	ISA.19.3	2
33:6	EZK.23.37	2
33:6	EZK.23.39	2
33:6	GAL.5.20	2
33:7	2CH.33.4	4
33:7	2CH.7.16	3
33:7	1KI.8.29	2
33:7	1KI.8.44	2
33:7	1KI.8.48	2
33:7	1KI.11.13	2
33:7	1KI.11.32	2
33:7	2KI.21.7-2KI.21.8	2
33:7	2KI.23.6	2
33:7	2CH.6.6	2
33:7	2CH.33.15	2
33:7	PSA.78.68	2
33:7	PSA.132.13-PSA.132.14	2
33:8	2SA.7.10	5
33:8	LEV.8.36	2
33:8	LEV.10.11	2
33:8	DEU.4.40	2
33:8	DEU.5.1	2
33:8	DEU.5.31-DEU.6.1	2
33:8	DEU.8.1	2
33:8	DEU.27.26-DEU.28.14	2
33:8	DEU.30.15-DEU.30.20	2
33:8	1CH.17.9	2
33:8	2CH.7.17-2CH.7.22	2
33:8	ISA.1.19-ISA.1.20	2
33:8	EZK.33.25-EZK.33.26	2
33:8	LUK.1.6	2
33:8	GAL.3.10-GAL.3.13	2
33:9	2KI.24.3-2KI.24.4	3
33:9	2CH.33.2	3
33:9	PRO.29.12	3
33:9	LEV.18.24	2
33:9	DEU.2.21	2
33:9	JOS.24.8	2
33:9	1KI.14.16	2
33:9	1KI.15.26	2
33:9	2KI.17.8-2KI.17.11	2
33:9	2KI.21.9-2KI.21.11	2
33:9	2KI.21.16	2
33:9	2KI.23.26	2
33:9	EZK.16.45-EZK.16.47	2
33:9	MIC.6.16	2
33:10	2CH.36.15-2CH.36.16	2
33:10	NEH.9.29-NEH.9.30	2
33:10	JER.25.4-JER.25.7	2
33:10	JER.44.4-JER.44.5	2
33:10	ZEC.1.4	2
33:10	ACT.7.51-ACT.7.52	2
33:11	DEU.28.36	6
33:11	2CH.36.6	3
33:11	1SA.13.6	2
33:11	2KI.23.33	2
33:11	2KI.25.6	2
33:11	NEH.9.32	2
33:11	NEH.9.37	2
33:11	JOB.36.8-JOB.36.11	2
33:11	PSA.107.10-PSA.107.14	2
33:11	ISA.5.26-ISA.5.30	2
33:11	ISA.7.18-ISA.7.20	2
33:11	ISA.10.8	2
33:11	ISA.36.9	2
33:11	LAM.3.7	2
33:12	EXO.10.3	11
33:12	2CH.32.26	9
33:12	PSA.50.15	9
33:12	LUK.18.14-LUK.18.15	5
33:12	DEU.4.30-DEU.4.31	4
33:12	HOS.5.15	4
33:12	ACT.9.11	4
33:12	JAS.4.10	4
33:12	1PE.5.5-1PE.5.6	4
33:12	LEV.26.39-LEV.26.42	3
33:12	2CH.28.5	3
33:12	2CH.28.22	3
33:12	2CH.33.23	3
33:12	JER.31.18-JER.31.20	3
33:12	MIC.6.9	3
33:12	LUK.15.16-LUK.15.18	3
33:12	2CH.33.18-2CH.33.19	2
33:13	1CH.5.20	7
33:13	EZR.8.23	5
33:13	JER.29.12-JER.29.13	5
33:13	DAN.4.25	5
33:13	MAT.6.33	5
33:13	MAT.7.7-MAT.7.8	5
33:13	JER.24.7	4
33:13	PSA.86.5	3
33:13	PRO.21.1	3
33:13	ISA.55.6-ISA.55.9	3
33:13	DAN.4.34-DAN.4.35	3
33:13	DEU.29.6	2
33:13	EZR.7.27	2
33:13	JOB.22.23	2
33:13	JOB.22.27	2
33:13	JOB.33.16-JOB.33.30	2
33:13	PSA.9.16	2
33:13	PSA.32.3-PSA.32.5	2
33:13	PSA.46.10	2
33:13	PRO.16.7	2
33:13	LUK.23.42-LUK.23.43	2
33:13	JHN.4.10	2
33:13	JHN.17.3	2
33:13	HEB.8.11	2
33:14	1KI.1.33	5
33:14	2CH.27.3	5
33:14	NEH.3.3	5
33:14	NEH.12.39	4
33:14	ZEP.1.10	4
33:14	1KI.1.45	2
33:14	2CH.11.11-2CH.11.12	2
33:14	2CH.17.19	2
33:14	2CH.32.5	2
33:14	2CH.32.30	2
33:14	NEH.3.26-NEH.3.27	2
33:15	2CH.33.3-2CH.33.7	4
33:15	2KI.21.7	2
33:15	ISA.2.17-ISA.2.21	2
33:15	EZK.18.20-EZK.18.22	2
33:15	HOS.14.1-HOS.14.3	2
33:15	MAT.3.8	2
33:16	GEN.18.19	2
33:16	LEV.3.1-LEV.3.17	2
33:16	LEV.7.11-LEV.7.18	2
33:16	1KI.18.30	2
33:16	2CH.14.4	2
33:16	2CH.29.18	2
33:16	2CH.30.12	2
33:16	2CH.33.9	2
33:16	LUK.22.32	2
33:17	2CH.32.12	5
33:17	1KI.22.43	3
33:17	2KI.15.4	3
33:17	2CH.15.17	3
33:18	2CH.33.19	5
33:18	2CH.33.12-2CH.33.13	4
33:18	2CH.20.34	3
33:18	ISA.30.10	3
33:18	AMO.7.12	3
33:18	1SA.9.9	2
33:18	1KI.14.19	2
33:18	1KI.15.31	2
33:18	2KI.17.13	2
33:18	2CH.32.32	2
33:18	2CH.33.10	2
33:18	ISA.29.10	2
33:18	MIC.3.7	2
33:18	1KI.11.41	1
33:19	ACT.9.11	5
33:19	1JN.1.9	5
33:19	JER.44.10	4
33:19	DAN.5.22	4
33:19	ROM.5.16	4
33:19	2CH.36.12	3
33:19	PSA.119.67	3
33:19	PRO.15.8	3
33:19	2CH.30.11	2
33:19	2CH.33.1-2CH.33.13	2
33:19	PSA.119.71	2
33:19	PSA.119.75	2
33:20	MAT.1.10	3
33:20	2KI.21.18-2KI.21.25	2
33:20	1CH.3.14	2
33:20	2CH.32.33	2
33:21	2KI.21.19-2KI.21.24	2
33:21	2CH.33.1	2
33:21	LUK.12.19-LUK.12.20	2
33:21	JAS.4.13-JAS.4.15	2
33:22	2KI.21.1-2KI.21.11	2
33:22	2KI.21.20	2
33:22	2CH.33.1-2CH.33.10	2
33:22	2CH.34.3-2CH.34.4	2
33:22	ISA.44.13-ISA.44.20	2
33:22	EZK.20.18	2
33:23	2CH.33.12	6
33:23	2CH.33.19	3
33:23	2CH.28.22	2
33:23	2CH.33.1	2
33:23	JER.7.26	2
33:23	JER.8.12	2
33:23	2TI.3.13	2
33:24	2SA.4.5-2SA.4.12	2
33:24	2KI.21.23-2KI.21.26	2
33:24	2CH.24.25-2CH.24.26	2
33:24	2CH.25.27-2CH.25.28	2
33:24	PSA.55.23	2
33:24	ROM.11.22	2
33:25	GEN.9.5-GEN.9.6	2
33:25	NUM.35.31	2
33:25	NUM.35.33	2
33:25	2CH.26.1	2
33:25	2CH.34.1	2
33:25	2CH.36.1	2
34:1	JER.1.2	3
34:1	ZEP.1.1	3
34:1	1SA.2.18	2
34:1	1SA.2.26	2
34:1	1KI.3.7-1KI.3.9	2
34:1	1KI.13.2	2
34:1	2KI.22.1-2KI.22.20	2
34:1	1CH.3.14-1CH.3.15	2
34:1	2CH.24.1	2
34:1	2CH.26.1	2
34:1	2CH.33.1	2
34:1	2CH.33.25	2
34:1	ECC.4.13	2
34:1	MAT.1.10-MAT.1.11	2
34:2	2CH.29.2	7
34:2	JOS.1.7	5
34:2	DEU.5.32	4
34:2	DEU.28.14	4
34:2	JOS.23.6	4
34:2	1KI.14.8	4
34:2	1KI.15.5	4
34:2	2CH.14.2	4
34:2	2CH.17.3	4
34:2	DEU.17.11	3
34:2	DEU.17.20	3
34:2	2KI.22.2	3
34:2	PRO.4.27	3
34:3	2CH.33.22	5
34:3	2CH.15.2	4
34:3	2CH.33.17	3
34:3	PRO.8.17	3
34:3	LEV.26.30	2
34:3	1KI.13.2	2
34:3	2KI.18.4	2
34:3	2KI.23.4	2
34:3	2KI.23.14	2
34:3	1CH.22.5	2
34:3	1CH.28.9	2
34:3	1CH.29.1	2
34:3	2CH.30.14	2
34:3	PSA.119.9	2
34:3	ECC.12.1	2
34:3	MAT.6.33	2
34:3	2TI.3.15	2
34:4	EXO.32.20	5
34:4	LEV.26.30	3
34:4	2KI.23.4-2KI.23.6	3
34:4	EXO.23.24	2
34:4	DEU.7.5	2
34:4	DEU.7.25	2
34:4	DEU.9.21	2
34:4	2KI.10.26-2KI.10.27	2
34:4	2KI.23.11-2KI.23.12	2
34:4	2CH.14.5	2
34:4	2CH.33.3	2
34:4	2CH.34.7	2
34:4	PSA.18.42	2
34:4	ISA.27.9	2
34:5	1KI.13.2	5
34:5	NUM.35.33	2
34:5	2KI.23.16	2
34:5	2KI.23.20	2
34:5	2CH.34.7	2
34:5	JER.3.10	2
34:5	JER.4.14	2
34:5	JER.8.1-JER.8.2	2
34:5	EZK.22.24	2
34:6	1SA.13.20-1SA.13.21	2
34:6	2KI.23.15-2KI.23.20	2
34:6	2CH.30.1	2
34:6	2CH.30.10-2CH.30.11	2
34:6	2CH.31.1	2
34:6	PRO.25.18	2
34:6	ISA.7.25	2
34:7	2CH.31.1	4
34:7	DEU.9.21	3
34:7	2CH.34.1	2
34:8	2SA.8.16	3
34:8	2SA.20.24	2
34:8	2KI.22.3-2KI.22.20	2
34:8	1CH.18.15	2
34:8	2CH.18.25	2
34:8	JER.1.2-JER.1.3	2
34:8	JER.21.1	2
34:8	JER.26.24	2
34:8	JER.29.3	2
34:8	JER.29.21	2
34:8	JER.29.25	2
34:8	JER.36.10	2
34:8	JER.39.14	2
34:8	JER.40.11	2
34:8	EZK.8.11	2
34:9	2CH.30.10	3
34:9	2CH.30.18	3
34:9	2CH.35.8	3
34:9	2KI.22.4-2KI.22.7	2
34:9	2KI.23.4	2
34:9	2CH.24.11-2CH.24.14	2
34:9	2CH.31.1	2
34:9	2CH.34.14-2CH.34.15	2
34:9	2CH.34.18	2
34:9	2CH.34.20	2
34:9	2CH.34.22	2
34:9	PHP.4.8	2
34:10	2KI.12.11-2KI.12.12	2
34:10	2KI.12.14	2
34:10	2KI.22.5-2KI.22.6	2
34:10	EZR.3.7	2
34:11	2CH.33.4-2CH.33.7	4
34:11	2CH.33.22	2
34:12	2KI.12.15	4
34:12	1CH.23.5	3
34:12	2KI.22.7	2
34:12	1CH.6.31-1CH.6.48	2
34:12	1CH.15.16-1CH.15.22	2
34:12	1CH.16.4-1CH.16.5	2
34:12	1CH.16.41	2
34:12	1CH.25.1-1CH.25.31	2
34:12	2CH.31.12	2
34:12	NEH.7.2	2
34:12	PRO.28.20	2
34:12	1CO.4.2	2
34:13	NEH.4.10	4
34:13	2CH.2.18	3
34:13	1CH.9.17	2
34:13	1CH.15.18	2
34:13	1CH.16.38	2
34:13	1CH.16.42	2
34:13	1CH.23.4-1CH.23.5	2
34:13	1CH.26.1-1CH.26.19	2
34:13	1CH.26.29-1CH.26.30	2
34:13	2CH.2.10	2
34:13	2CH.8.10	2
34:13	2CH.8.14	2
34:13	2CH.19.11	2
34:13	EZR.7.6-EZR.7.7	2
34:13	JER.8.8	2
34:13	MAT.26.3	2
34:14	LEV.8.36	2
34:14	LEV.10.11	2
34:14	LEV.26.46	2
34:14	DEU.17.18-DEU.17.19	2
34:14	DEU.31.24-DEU.31.26	2
34:14	JOS.1.8	2
34:14	2KI.22.8-2KI.22.20	2
34:14	2CH.12.1	2
34:14	2CH.31.4	2
34:14	2CH.34.9	2
34:14	2CH.35.26	2
34:14	EZR.7.10	2
34:14	PSA.1.2	2
34:14	ISA.5.24	2
34:14	ISA.30.9	2
34:14	JER.8.8	2
34:14	LUK.2.39	2
34:16	2KI.22.9-2KI.22.10	2
34:16	JER.36.20-JER.36.21	2
34:18	DEU.17.19	2
34:18	JOS.1.8	2
34:18	PSA.119.46	2
34:18	JER.36.20-JER.36.21	2
34:18	PSA.119.97-PSA.119.99	1
34:19	JOS.7.6	3
34:19	DEU.28.3-DEU.28.68	2
34:19	2KI.19.1	2
34:19	2KI.22.11	2
34:19	2KI.22.19	2
34:19	JER.36.22-JER.36.24	2
34:19	JOL.2.13	2
34:19	ROM.3.20	2
34:19	ROM.7.7-ROM.7.11	2
34:19	GAL.2.19	2
34:19	GAL.3.10-GAL.3.13	2
34:20	2KI.22.12	4
34:20	2KI.25.22	2
34:20	JER.26.22	2
34:20	JER.26.24	2
34:20	JER.40.6	2
34:20	JER.40.9	2
34:20	JER.40.14	1
34:21	2CH.28.6	3
34:21	JER.21.2	3
34:21	EZK.14.1-EZK.14.11	3
34:21	EXO.18.15	2
34:21	LEV.26.14-LEV.26.46	2
34:21	DEU.28.15	2
34:21	DEU.29.18-DEU.29.28	2
34:21	DEU.30.17-DEU.30.19	2
34:21	DEU.31.16-DEU.31.22	2
34:21	DEU.32.15-DEU.32.25	2
34:21	1SA.9.9	2
34:21	1KI.22.5-1KI.22.7	2
34:21	2KI.17.6-2KI.17.7	2
34:21	2KI.22.13	2
34:21	2CH.29.8	2
34:21	2CH.33.11	2
34:21	ISA.37.2-ISA.37.4	2
34:21	JER.42.2	2
34:21	EZK.20.1-EZK.20.7	2
34:21	ROM.1.18	2
34:21	ROM.2.8-ROM.2.12	2
34:21	ROM.4.15	2
34:22	EXO.15.20	3
34:22	LUK.2.36	3
34:22	JDG.4.4	2
34:22	2KI.22.14	2
34:22	LUK.1.41-LUK.1.45	2
34:22	ACT.21.9	2
34:23	2KI.22.15-2KI.22.20	2
34:23	JER.21.3-JER.21.7	2
34:23	JER.37.7-JER.37.10	2
34:24	2CH.36.14-2CH.36.20	4
34:24	DEU.28.15-DEU.28.68	3
34:24	JOS.23.16	3
34:24	2KI.21.12	2
34:24	2KI.23.26-2KI.23.27	2
34:24	ISA.5.4-ISA.5.6	2
34:24	JER.6.19	2
34:24	JER.19.3	2
34:24	JER.19.15	2
34:24	JER.35.17	2
34:24	JER.36.31	2
34:25	JER.7.20	5
34:25	NAM.1.6	3
34:25	MRK.9.43-MRK.9.48	3
34:25	2KI.22.17	2
34:25	2KI.24.3-2KI.24.4	2
34:25	2CH.12.2	2
34:25	2CH.15.2	2
34:25	2CH.33.3-2CH.33.9	2
34:25	ISA.2.8-ISA.2.9	2
34:25	ISA.42.25	2
34:25	JER.4.4	2
34:25	JER.15.1-JER.15.4	2
34:25	LAM.2.4	2
34:25	LAM.4.11	2
34:25	EZK.20.48	2
34:25	REV.14.10-REV.14.11	2
34:26	2CH.34.21	2
34:26	2CH.34.23	2
34:27	2CH.32.26	12
34:27	PSA.34.18	5
34:27	EZK.9.4	5
34:27	2CH.33.12	4
34:27	2CH.34.19	4
34:27	ISA.65.24	4
34:27	2KI.22.18-2KI.22.19	3
34:27	2CH.12.7	3
34:27	2CH.32.12-2CH.32.13	3
34:27	PSA.10.17	3
34:27	PSA.51.17	3
34:27	ISA.57.15	3
34:27	ISA.66.2	3
34:27	JER.36.23-JER.36.24	3
34:27	2CH.33.19	2
34:27	JAS.4.6-JAS.4.10	2
34:27	EZK.36.26	1
34:28	PSA.37.37	5
34:28	ISA.39.8	5
34:28	1KI.21.29	3
34:28	2CH.35.24	3
34:28	ISA.57.1-ISA.57.2	3
34:28	JER.15.1	3
34:28	2KI.20.19	2
34:28	2KI.22.20	2
34:28	EZK.14.14-EZK.14.21	2
34:29	2KI.23.1-2KI.23.3	4
34:29	1SA.12.23	2
34:29	1CH.29.2-1CH.29.9	2
34:29	2CH.30.2	2
34:29	MRK.14.8	2
34:30	EXO.24.7	3
34:30	2KI.23.2	3
34:30	DEU.1.17	2
34:30	DEU.17.18-DEU.17.20	2
34:30	2KI.23.21	2
34:30	2CH.6.1-2CH.6.11	2
34:30	2CH.15.12-2CH.15.13	2
34:30	2CH.17.7-2CH.17.9	2
34:30	2CH.18.30	2
34:30	2CH.34.15	2
34:30	2CH.34.18-2CH.34.19	2
34:30	2CH.34.24	2
34:30	NEH.8.1-NEH.8.5	2
34:30	JER.31.31-JER.31.32	2
34:30	JOB.3.19	1
34:30	ECC.1.12	1
34:30	ECC.12.9-ECC.12.10	1
34:31	2CH.23.16	4
34:31	2KI.11.14	3
34:31	2KI.23.3	3
34:31	2CH.6.13	3
34:31	2CH.15.12	3
34:31	2CH.29.10	3
34:31	EXO.24.6-EXO.24.8	2
34:31	DEU.6.5	2
34:31	DEU.29.10-DEU.29.15	2
34:31	JOS.24.25	2
34:31	2KI.11.4	2
34:31	2CH.15.15	2
34:31	2CH.30.16	2
34:31	2CH.31.21	2
34:31	NEH.9.38	2
34:31	NEH.10.29	2
34:31	PSA.119.106	2
34:31	PSA.119.111-PSA.119.112	2
34:31	JER.50.5	2
34:31	EZK.46.2	2
34:31	LUK.10.27-LUK.10.29	2
34:31	HEB.8.6-HEB.8.13	2
34:31	DEU.29.1	1
34:32	GEN.18.19	2
34:32	2CH.14.4	2
34:32	2CH.29.29	2
34:32	2CH.30.12	2
34:32	2CH.33.16	2
34:32	ECC.8.2	2
34:32	JER.3.10	2
34:33	2CH.34.3-2CH.34.7	4
34:33	JOS.24.31	3
34:33	1KI.11.5-1KI.11.7	2
34:33	2KI.23.4-2KI.23.20	2
34:33	JER.3.10	2
34:33	HOS.6.4	2
35:1	EXO.12.6	5
35:1	NUM.9.3	4
35:1	2KI.23.21-2KI.23.23	3
35:1	EZR.6.19	3
35:1	DEU.16.1-DEU.16.8	2
35:1	2CH.30.1-2CH.30.27	2
35:1	EZK.45.21	2
35:2	2CH.31.2	4
35:2	1CH.22.19	3
35:2	NUM.18.5-NUM.18.7	2
35:2	1CH.24.1-1CH.24.31	2
35:2	2CH.23.8	2
35:2	2CH.23.18	2
35:2	2CH.29.5-2CH.29.11	2
35:2	EZR.6.18	2
35:3	1CH.23.26	5
35:3	DEU.33.10	4
35:3	2CH.17.8-2CH.17.9	4
35:3	2CH.30.22	4
35:3	MAL.2.7	4
35:3	NUM.16.9-NUM.16.10	3
35:3	2CH.5.7	3
35:3	2CO.4.5	3
35:3	NUM.4.15-NUM.4.49	2
35:3	NUM.8.19	2
35:3	2CH.8.11	2
35:3	2CH.34.14	2
35:3	NEH.8.7-NEH.8.8	2
35:4	2CH.8.14	5
35:4	1CH.23.1-1CH.23.26	3
35:4	1CH.9.10-1CH.9.34	2
35:4	1CH.24.1	2
35:4	NEH.11.10-NEH.11.20	2
35:5	PSA.134.1	3
35:5	EZR.6.18	2
35:5	PSA.135.2	2
35:6	2CH.29.5	6
35:6	2CH.29.15	4
35:6	HEB.9.13-HEB.9.14	4
35:6	GEN.35.2	3
35:6	EXO.12.6	3
35:6	EXO.12.21-EXO.12.22	3
35:6	2CH.30.15-2CH.30.19	3
35:6	EZR.6.20-EZR.6.21	3
35:6	JOB.1.5	3
35:6	PSA.51.7	3
35:6	JOL.2.16	3
35:6	EXO.19.10	2
35:6	EXO.19.15	2
35:6	NUM.19.11-NUM.19.20	2
35:6	2CH.29.34	2
35:6	2CH.30.3	2
35:7	1KI.8.63	4
35:7	2CH.30.24	3
35:7	1CH.29.3	2
35:7	2CH.7.8-2CH.7.10	2
35:7	2CH.31.3	2
35:7	ISA.32.8	2
35:7	EZK.45.17	2
35:8	2CH.29.31-2CH.29.33	3
35:8	1CH.9.20	2
35:8	1CH.24.4-1CH.24.5	2
35:8	1CH.29.6-1CH.29.9	2
35:8	1CH.29.17	2
35:8	2CH.34.14-2CH.34.20	2
35:8	EZR.1.6	2
35:8	EZR.2.68-EZR.2.69	2
35:8	EZR.7.16	2
35:8	EZR.8.25-EZR.8.35	2
35:8	NEH.7.70-NEH.7.72	2
35:8	PSA.45.12	2
35:8	JER.29.25-JER.29.26	2
35:8	ACT.2.44-ACT.2.45	2
35:8	ACT.4.1	2
35:8	ACT.4.34-ACT.4.35	2
35:8	ACT.5.26	2
35:8	2CO.8.12	2
35:8	2CO.9.7	2
35:9	2CH.31.12	2
35:9	ISA.1.10-ISA.1.15	2
35:9	JER.3.10	2
35:9	JER.7.21-JER.7.28	2
35:9	MIC.6.6-MIC.6.8	2
35:10	2CH.30.16	4
35:10	EZR.6.18	4
35:10	2CH.35.4-2CH.35.5	3
35:11	2CH.29.34	5
35:11	LEV.1.5-LEV.1.6	2
35:11	NUM.18.3	2
35:11	NUM.18.7	2
35:11	2CH.29.22-2CH.29.24	2
35:11	2CH.30.16	2
35:11	HEB.9.21-HEB.9.22	2
35:12	LEV.3.3	2
35:12	LEV.3.5	2
35:12	LEV.3.9-LEV.3.11	2
35:12	LEV.3.14-LEV.3.16	2
35:13	EXO.12.8-EXO.12.9	5
35:13	1SA.2.13-1SA.2.15	4
35:13	LEV.6.28	3
35:13	DEU.16.7	3
35:13	NUM.6.19	2
35:13	PSA.22.14	2
35:13	LAM.1.12-LAM.1.13	2
35:13	ROM.12.11	2
35:14	ACT.6.2-ACT.6.4	2
35:15	1CH.9.17-1CH.9.19	3
35:15	1CH.25.1-1CH.25.7	3
35:15	1CH.26.12-1CH.26.19	3
35:15	1CH.16.41-1CH.16.42	2
35:15	1CH.23.5	2
35:15	2CH.29.25-2CH.29.26	2
35:15	PSA.77.1	2
35:15	PSA.78.1	2
35:15	PSA.79.1	2
35:17	EXO.12.15-EXO.12.20	3
35:17	EXO.13.6-EXO.13.7	2
35:17	EXO.23.15	2
35:17	EXO.34.18	2
35:17	LEV.23.5-LEV.23.8	2
35:17	NUM.28.16-NUM.28.25	2
35:17	DEU.16.3-DEU.16.4	2
35:17	DEU.16.8	2
35:17	2CH.30.21-2CH.30.23	2
35:17	1CO.5.7-1CO.5.8	2
35:18	2KI.23.21-2KI.23.23	3
35:18	2CH.30.5	3
35:18	2CH.30.26-2CH.30.27	2
35:20	2KI.23.29-2KI.23.30	4
35:20	ISA.10.9	4
35:20	JER.46.2-JER.46.12	2
35:21	2KI.18.25	3
35:21	2CH.25.19	3
35:21	2SA.16.10	2
35:21	ISA.36.10	2
35:21	MAT.8.29	2
35:21	JHN.2.4	2
35:22	JDG.5.19	6
35:22	2CH.18.29	4
35:22	1KI.22.30	3
35:22	2CH.35.21	3
35:22	JOS.9.14	2
35:22	1KI.14.2	2
35:22	1KI.22.34	2
35:22	2KI.9.27	2
35:22	2KI.23.30	2
35:22	2CH.18.4-2CH.18.6	2
35:22	ZEC.12.11	2
35:22	REV.16.16	2
35:23	1KI.22.34	4
35:23	GEN.49.23	2
35:23	2KI.8.29	2
35:23	2KI.9.24	2
35:23	LAM.3.13	2
35:23	2CH.18.33	1
35:24	ZEC.12.11	4
35:24	2KI.23.30	3
35:24	2CH.34.28	2
35:24	PSA.36.6	2
35:24	ECC.8.14	2
35:24	ECC.9.1-ECC.9.2	2
35:24	GEN.41.43	1
35:25	JER.22.10	4
35:25	LAM.4.20	4
35:25	JOB.3.8	3
35:25	JER.9.17-JER.9.21	3
35:25	MAT.9.23	3
35:25	JER.22.20	2
35:25	ECC.12.5	1
35:26	2CH.31.20	3
35:26	2CH.32.32	2
35:27	2KI.10.34	2
35:27	2KI.16.19	2
35:27	2KI.20.20	2
35:27	2KI.21.25	2
35:27	2CH.20.34	2
35:27	2CH.24.27	2
35:27	2CH.25.26	2
35:27	2CH.26.22	2
35:27	2CH.32.32	2
35:27	2CH.33.19	2
36:1	JER.22.11	3
36:1	2KI.23.30-2KI.23.37	2
36:1	1CH.3.15	2
36:1	2CH.26.1	2
36:1	2CH.33.25	2
36:3	2KI.23.33	2
36:4	JER.22.10-JER.22.12	4
36:4	2KI.23.34-2KI.23.35	2
36:4	1CH.3.15	2
36:4	EZK.19.3-EZK.19.4	2
36:5	2KI.23.36-2KI.23.37	4
36:5	JER.22.13-JER.22.19	3
36:5	JER.26.1	3
36:5	JER.26.21-JER.26.23	2
36:5	JER.35.1	2
36:5	JER.36.1	2
36:5	JER.36.27-JER.36.32	2
36:6	2CH.33.11	3
36:6	2KI.24.1-2KI.24.2	2
36:6	2KI.24.5-2KI.24.6	2
36:6	2KI.24.13-2KI.24.20	2
36:6	JER.25.9	2
36:6	EZK.19.5-EZK.19.9	2
36:6	DAN.1.1-DAN.1.2	2
36:6	HAB.1.5-HAB.1.10	2
36:7	2KI.24.13	5
36:7	EZR.1.7-EZR.1.11	2
36:7	JER.27.16-JER.27.18	2
36:7	JER.28.3	2
36:7	DAN.1.2	2
36:7	DAN.5.2-DAN.5.4	2
36:8	2KI.24.5-2KI.24.6	3
36:8	1CH.3.16-1CH.3.17	2
36:8	JER.22.24	2
36:8	JER.22.28	2
36:8	MAT.1.11-MAT.1.12	2
36:9	2KI.24.8-2KI.24.17	4
36:10	JER.37.1	5
36:10	2CH.36.7	3
36:10	2SA.11.1	2
36:10	2KI.24.10-2KI.24.17	2
36:10	2KI.25.27-2KI.25.30	2
36:10	1CH.3.15-1CH.3.16	2
36:10	2CH.36.18	2
36:10	JER.22.25	2
36:10	JER.24.1	2
36:10	JER.27.18-JER.27.22	2
36:10	JER.29.1-JER.29.2	2
36:10	EZK.1.2	2
36:10	EZK.17.12	2
36:10	DAN.1.1-DAN.1.2	2
36:10	DAN.5.2	2
36:10	DAN.5.23	2
36:11	2KI.24.18-2KI.24.20	4
36:11	JER.27.1	2
36:11	JER.28.1	2
36:11	JER.52.1-JER.52.3	2
36:12	2CH.33.23	4
36:12	JER.37.2-JER.37.21	3
36:12	JER.38.14-JER.38.28	3
36:12	EXO.10.3	2
36:12	2CH.32.26	2
36:12	2CH.33.12	2
36:12	2CH.33.19	2
36:12	2CH.35.22	2
36:12	JER.21.1-JER.21.10	2
36:12	JER.27.12-JER.28.17	2
36:12	JER.34.2-JER.34.22	2
36:12	DAN.5.22-DAN.5.23	2
36:12	JAS.4.10	2
36:12	1PE.5.6	2
36:13	2CH.30.8	3
36:13	JER.52.2-JER.52.3	3
36:13	EZK.17.11-EZK.17.20	3
36:13	EXO.8.15	2
36:13	EXO.8.32	2
36:13	EXO.9.17	2
36:13	JOS.9.15	2
36:13	JOS.9.19-JOS.9.20	2
36:13	2SA.21.2	2
36:13	2KI.17.4	2
36:13	2KI.24.20	2
36:13	NEH.9.16-NEH.9.17	2
36:13	NEH.9.29	2
36:13	ISA.48.4	2
36:13	ROM.2.4-ROM.2.5	2
36:13	HEB.3.8	2
36:13	HEB.3.13	2
36:14	EZK.22.6	3
36:14	DAN.9.8	3
36:14	2KI.16.10-2KI.16.16	2
36:14	2CH.28.3	2
36:14	2CH.33.4-2CH.33.7	2
36:14	2CH.33.9	2
36:14	EZR.9.7	2
36:14	JER.5.5	2
36:14	JER.37.13-JER.37.15	2
36:14	JER.38.4	2
36:14	EZK.22.26-EZK.22.28	2
36:14	DAN.9.6	2
36:14	MIC.3.1-MIC.3.4	2
36:14	MIC.3.9-MIC.3.11	2
36:14	MIC.7.2	2
36:14	ZEP.3.3-ZEP.3.4	2
36:14	EZK.8.5-EZK.8.16	1
36:15	JER.7.13	5
36:15	JER.35.15	5
36:15	JER.25.3-JER.25.4	4
36:15	JDG.10.16	3
36:15	2CH.24.18-2CH.24.21	3
36:15	JER.7.25	3
36:15	JER.26.5	3
36:15	JER.44.4-JER.44.5	3
36:15	LUK.19.41-LUK.19.44	3
36:15	2KI.13.23	2
36:15	2KI.17.13	2
36:15	2CH.33.10	2
36:15	HOS.11.8	1
36:16	JER.5.12-JER.5.13	8
36:16	2CH.30.10	5
36:16	LUK.22.63-LUK.22.64	5
36:16	PSA.74.1	4
36:16	PRO.6.15	4
36:16	JER.32.3	4
36:16	1TH.4.8	4
36:16	EZR.5.12	3
36:16	PSA.35.16	3
36:16	PRO.1.24-PRO.1.31	3
36:16	PRO.29.1	3
36:16	MAT.21.33-MAT.21.41	3
36:16	PSA.79.1-PSA.79.5	2
36:16	ISA.28.22	2
36:16	JER.20.7	2
36:16	JER.38.6	2
36:16	MAT.5.12	2
36:16	LUK.16.14	2
36:16	LUK.18.32	2
36:16	LUK.23.11	2
36:16	LUK.23.36	2
36:16	ACT.2.13	2
36:16	ACT.7.52	2
36:16	ACT.13.41	2
36:16	ACT.17.32	2
36:16	HEB.11.36	2
36:17	EZR.9.7	4
36:17	PSA.74.20	4
36:17	JER.40.3	3
36:17	EZK.9.5-EZK.9.7	3
36:17	LEV.26.14-LEV.26.46	2
36:17	DEU.28.15-DEU.28.68	2
36:17	DEU.29.18-DEU.29.28	2
36:17	DEU.30.18	2
36:17	DEU.31.16-DEU.31.18	2
36:17	DEU.32.15-DEU.32.28	2
36:17	2KI.24.2-2KI.24.3	2
36:17	2KI.25.1-2KI.25.30	2
36:17	2CH.24.21	2
36:17	2CH.33.11	2
36:17	PSA.79.2-PSA.79.3	2
36:17	JER.15.8-JER.15.9	2
36:17	JER.18.21	2
36:17	JER.32.42	2
36:17	JER.39.1-JER.39.18	2
36:17	JER.52.1-JER.52.34	2
36:17	LAM.2.20-LAM.2.22	2
36:17	DAN.9.14	2
36:17	LUK.13.1-LUK.13.2	1
36:18	2CH.36.7	5
36:18	2CH.36.10	5
36:18	2KI.20.13-2KI.20.17	2
36:18	2KI.25.13-2KI.25.17	2
36:18	ISA.39.6	2
36:18	JER.27.18-JER.27.22	2
36:18	JER.52.17-JER.52.23	2
36:18	DAN.5.3	2
36:18	ZEC.1.6	2
36:19	PSA.79.1	3
36:19	1KI.9.8	2
36:19	2KI.25.9-2KI.25.11	2
36:19	PSA.74.4-PSA.74.8	2
36:19	PSA.79.7	2
36:19	ISA.64.10-ISA.64.11	2
36:19	JER.7.4	2
36:19	JER.7.14	2
36:19	JER.52.13-JER.52.15	2
36:19	LAM.4.1	2
36:19	MIC.3.12	2
36:19	LUK.21.6	2
36:20	JER.27.7	5
36:20	EZR.1.1-EZR.1.11	3
36:20	DEU.28.47-DEU.28.48	2
36:20	2KI.25.11	2
36:20	2CH.36.22	2
36:21	JER.29.10	19
36:21	LEV.26.34-LEV.26.35	17
36:21	JER.25.11-JER.25.12	12
36:21	DAN.9.2	12
36:21	ZEC.1.12	12
36:21	LEV.26.43	11
36:21	LEV.25.4-LEV.25.6	9
36:21	JER.25.9	6
36:21	JER.26.6-JER.26.7	6
36:21	JER.27.12-JER.27.13	5
36:21	ZEC.1.4-ZEC.1.6	3
36:22	JER.25.12	9
36:22	EZR.1.1-EZR.1.3	7
36:22	JER.29.10	6
36:22	2CH.36.21	5
36:22	ISA.44.28-ISA.45.5	5
36:22	ISA.13.17-ISA.13.18	4
36:22	JER.33.10-JER.33.14	4
36:22	EZR.1.5	3
36:22	JER.32.42-JER.32.44	3
36:22	DAN.10.1	3
36:22	1SA.26.19	2
36:22	1KI.11.14	2
36:22	1KI.11.23	2
36:22	1CH.5.26	2
36:22	2CH.21.16	2
36:22	2CH.24.9	2
36:22	2CH.30.5	2
36:22	ISA.13.3-ISA.13.5	2
36:22	JER.25.14	2
36:22	HAG.1.14	2
36:22	HEB.10.23	2
36:23	EZR.7.13	3
36:23	PSA.75.5-PSA.75.7	3
36:23	ISA.44.26-ISA.44.28	3
36:23	DAN.2.21	3
36:23	DAN.2.37	3
36:23	DAN.4.35	3
36:23	DAN.5.23	3
36:23	ZEC.2.6-ZEC.2.7	3
36:23	ROM.8.31	3
36:23	1CH.22.16	2
36:23	1CH.29.5	2
36:23	DAN.5.18	2
