# chapter:verse	to	votes (most first)
1:1	2SA.8.2	6
1:1	NUM.24.7	2
1:1	2KI.3.4-2KI.3.5	2
1:1	2KI.8.20	2
1:1	2KI.8.22	2
1:1	1CH.18.2	2
1:1	PSA.60.8	2
1:2	2KI.1.16	6
1:2	2KI.8.7-2KI.8.10	5
1:2	MAT.10.25	5
1:2	MRK.3.22	5
1:2	ISA.37.19	4
1:2	1KI.11.33	3
1:2	2KI.1.3	3
1:2	2KI.1.6	3
1:2	ISA.37.12	3
1:2	LUK.11.15	3
1:2	JDG.5.28	2
1:2	JDG.11.24	2
1:2	1SA.5.10	2
1:2	1KI.14.3	2
1:2	1KI.22.34	2
1:2	2CH.21.14-2CH.21.15	2
1:2	JOB.31.3	2
1:2	SNG.2.9	2
1:2	MAT.12.24-MAT.12.27	2
1:2	ACT.20.9	2
1:3	1KI.17.1	7
1:3	JON.2.8	6
1:3	PSA.76.1	4
1:3	JER.2.11-JER.2.13	4
1:3	ACT.12.7-ACT.12.11	4
1:3	MRK.3.22	3
1:3	ACT.8.26	3
1:3	1SA.17.46	2
1:3	1KI.18.1	2
1:3	1KI.18.36	2
1:3	1KI.19.5	2
1:3	1KI.19.7	2
1:3	1KI.21.17	2
1:3	2KI.1.2	2
1:3	2KI.1.6	2
1:3	2KI.1.8	2
1:3	2KI.1.15-2KI.1.16	2
1:3	2KI.5.15	2
1:3	2KI.5.8	1
1:4	GEN.2.17	4
1:4	GEN.3.4	4
1:4	EZK.18.4	4
1:4	1SA.28.19	3
1:4	2KI.1.16	3
1:4	PRO.11.19	3
1:4	NUM.26.65	2
1:4	1KI.14.12	2
1:4	2KI.1.6	2
1:4	PRO.14.32	2
1:6	PSA.16.4	3
1:6	2KI.1.2-2KI.1.4	2
1:6	1CH.10.13-1CH.10.14	2
1:6	ISA.41.22-ISA.41.23	2
1:7	JDG.8.18	2
1:7	1SA.28.14	2
1:8	MAT.3.4	6
1:8	ZEC.13.4	5
1:8	MRK.1.6	3
1:8	ISA.20.2	2
1:8	MAT.11.8	2
1:8	LUK.1.17	2
1:8	REV.11.3	2
1:9	2KI.6.13-2KI.6.14	4
1:9	LUK.6.11-LUK.6.12	4
1:9	HEB.11.36	4
1:9	1KI.18.4	3
1:9	1KI.18.10	3
1:9	1KI.18.42	3
1:9	1KI.19.2	3
1:9	1KI.22.8	3
1:9	1KI.22.26-1KI.22.27	3
1:9	AMO.7.12	3
1:9	MAT.14.3	3
1:9	MAT.26.68	3
1:9	MAT.27.29	3
1:9	MAT.27.41-MAT.27.43	3
1:9	MRK.15.29	3
1:9	MRK.15.32	3
1:10	LUK.9.54	10
1:10	DAN.3.25	9
1:10	1KI.18.36-1KI.18.38	8
1:10	DAN.3.22	8
1:10	PSA.106.18	7
1:10	HEB.12.29	7
1:10	NUM.16.28-NUM.16.30	6
1:10	JOB.1.16	6
1:10	REV.11.5	6
1:10	NUM.16.35	5
1:10	1KI.22.28	5
1:10	2KI.2.23-2KI.2.24	5
1:10	2CH.36.16	5
1:10	PSA.105.15	5
1:10	DAN.6.24	5
1:10	MAT.21.41	5
1:10	MAT.23.34-MAT.23.37	5
1:10	ACT.5.3-ACT.5.10	5
1:10	ACT.12.19	5
1:10	NUM.11.1	4
1:11	NUM.16.41	2
1:11	1SA.6.9	2
1:11	1SA.22.17-1SA.22.19	2
1:11	PRO.29.12	2
1:11	ISA.26.11	2
1:11	ISA.32.7	2
1:11	JER.5.3	2
1:11	MAT.2.16	2
1:11	LUK.22.63-LUK.22.64	2
1:11	JHN.18.5-JHN.18.12	2
1:11	ACT.4.16-ACT.4.17	2
1:12	2KI.1.9-2KI.1.10	2
1:13	ISA.1.5	3
1:13	EXO.11.8	2
1:13	NUM.12.11-NUM.12.13	2
1:13	1SA.26.21	2
1:13	1KI.13.6	2
1:13	JOB.15.25-JOB.15.26	2
1:13	PSA.72.14	2
1:13	PSA.102.17	2
1:13	PRO.27.22	2
1:13	ECC.9.3	2
1:13	ISA.60.14	2
1:13	ISA.66.2	2
1:13	JAS.4.7	2
1:13	REV.3.9	2
1:14	ACT.20.24	4
1:14	1SA.26.21	2
1:14	1SA.26.24	2
1:14	2KI.1.10-2KI.1.11	2
1:14	PSA.49.8	2
1:14	PSA.72.14	2
1:14	PSA.116.15	2
1:14	PRO.6.26	2
1:14	MAT.16.25-MAT.16.26	2
1:15	ISA.51.12	6
1:15	EZK.2.6	5
1:15	JER.1.17	4
1:15	GEN.15.1	3
1:15	1KI.18.15	3
1:15	2KI.1.3	3
1:15	PSA.27.1	3
1:15	JER.15.20	3
1:15	MAT.10.28	3
1:15	HEB.11.27	2
1:16	2KI.1.2-2KI.1.4	3
1:16	EXO.4.22-EXO.4.23	2
1:16	1KI.14.6-1KI.14.13	2
1:16	1KI.21.18-1KI.21.24	2
1:16	1KI.22.28	2
1:16	2KI.5.21	2
1:16	PSA.132.3	2
1:16	2KI.1.6	1
1:17	2KI.3.1	5
1:17	1KI.22.51	2
1:17	2KI.8.16-2KI.8.17	2
1:18	1KI.14.19	2
1:18	1KI.22.39	2
2:1	GEN.5.24	9
2:1	HEB.11.5	7
2:1	1KI.19.16-1KI.19.21	6
2:1	1KI.19.11	4
2:1	JOS.4.19	3
2:1	JOS.5.9	3
2:1	1KI.18.12	2
2:1	1KI.19.4	2
2:1	2KI.2.11	2
2:1	2KI.4.38	2
2:1	JOB.38.1	2
2:1	LUK.9.51	2
2:1	ACT.1.9	2
2:1	REV.11.12	2
2:2	2KI.2.6	5
2:2	RUT.1.15-RUT.1.18	4
2:2	2KI.4.30	4
2:2	1SA.1.26	3
2:2	2SA.15.19-2SA.15.21	3
2:2	2KI.2.4	3
2:2	JHN.6.67-JHN.6.68	3
2:2	GEN.28.19	2
2:2	1SA.25.26	2
2:2	1KI.12.33-1KI.13.2	2
2:2	JER.4.2	2
2:2	1SA.17.55	1
2:2	1KI.12.29	1
2:2	1JN.2.19	1
2:3	2KI.4.1	5
2:3	2KI.4.38	5
2:3	1KI.20.35	3
2:3	2KI.9.1	3
2:3	1SA.10.10-1SA.10.12	2
2:3	1SA.19.20	2
2:3	1KI.18.4	2
2:3	2KI.2.5	2
2:3	2KI.2.7	2
2:3	2KI.2.15	2
2:3	2KI.5.22	2
2:3	ISA.8.18	2
2:3	ACT.22.3	2
2:3	DEU.33.3	1
2:4	2KI.2.2	7
2:4	JOS.6.26	4
2:4	1KI.16.34	2
2:4	2KI.4.30	2
2:4	LUK.19.1	2
2:4	ACT.2.42	1
2:4	ACT.11.23	1
2:5	2KI.2.3	6
2:5	GEN.48.19	2
2:5	JOS.1.1-JOS.1.2	2
2:5	ECC.3.7	2
2:5	ISA.41.1	2
2:5	HAB.2.20	2
2:5	LUK.24.51	2
2:5	JHN.17.5-JHN.17.7	2
2:5	ACT.1.2	2
2:5	ACT.1.11	2
2:5	ACT.26.25	1
2:6	2KI.2.2	3
2:6	JOS.3.15	2
2:7	1KI.18.4	2
2:7	1KI.18.13	2
2:7	2KI.2.17	2
2:8	1KI.19.19	8
2:8	EXO.14.21-EXO.14.22	7
2:8	JOS.3.14-JOS.3.17	5
2:8	2KI.2.14	4
2:8	1KI.19.13	3
2:8	PSA.114.5-PSA.114.7	3
2:8	ISA.11.15	3
2:8	HEB.11.29	3
2:8	REV.16.12	2
2:9	NUM.11.17	12
2:9	DEU.21.17	9
2:9	JHN.16.7	7
2:9	ACT.20.25-ACT.20.36	6
2:9	NUM.11.25	5
2:9	ZEC.12.8	5
2:9	ACT.1.8	5
2:9	ACT.8.17	5
2:9	DEU.34.9	4
2:9	1KI.3.9	4
2:9	2KI.13.14-2KI.13.19	4
2:9	2CH.1.9-2CH.1.10	4
2:9	PSA.72.20	4
2:9	ZEC.9.12	4
2:9	LUK.24.45-LUK.24.51	4
2:9	JHN.14.12-JHN.14.14	4
2:9	JHN.17.9-JHN.17.13	4
2:9	1CO.12.31	4
2:9	1TI.5.17	4
2:9	NUM.27.16-NUM.27.23	3
2:9	1CH.29.18-1CH.29.19	3
2:9	PSA.72.1	3
2:10	MRK.11.22-MRK.11.24	4
2:10	JHN.16.24	4
2:10	2KI.2.12	3
2:10	ACT.1.9-ACT.1.10	2
2:11	2KI.6.17	9
2:11	PSA.104.3-PSA.104.4	9
2:11	PSA.68.17	6
2:11	HEB.1.14	6
2:11	EZK.1.4-EZK.1.28	5
2:11	EZK.10.9-EZK.10.22	5
2:11	HAB.3.8	4
2:11	ZEC.3.8	4
2:11	MRK.16.19	4
2:11	GEN.5.24	3
2:11	2KI.2.1	2
2:11	ZEC.6.1-ZEC.6.8	2
2:12	2KI.13.14	7
2:12	JOB.1.20-JOB.1.21	2
2:12	PRO.30.4	2
2:12	ISA.37.15	2
2:12	ISA.37.21	2
2:12	ISA.57.1-ISA.57.2	2
2:12	MRK.16.19	2
2:12	LUK.2.15	2
2:12	LUK.24.51	2
2:12	JHN.3.13	2
2:12	ACT.1.9	2
2:12	ACT.8.2	2
2:12	2CO.5.2	2
2:12	2CO.5.4	2
2:12	EPH.4.8	2
2:12	REV.11.12	2
2:12	JOB.22.30	1
2:12	PRO.11.11	1
2:12	ECC.7.19	1
2:12	ECC.9.16-ECC.9.18	1
2:12	ISA.37.4	1
2:12	ACT.27.24	1
2:13	1KI.19.19	2
2:13	2KI.2.8	1
2:13	1KI.9.26	0
2:14	JHN.14.12	7
2:14	PSA.42.10	6
2:14	PSA.115.2	5
2:14	JOS.1.1-JOS.1.9	4
2:14	ACT.3.12-ACT.3.13	4
2:14	JDG.6.13	3
2:14	2KI.2.8-2KI.2.10	3
2:14	PSA.42.2	3
2:14	JOL.2.17	3
2:14	MRK.16.20	3
2:14	ACT.2.33	3
2:14	1KI.18.36-1KI.18.39	2
2:15	1PE.4.14	4
2:15	ACT.1.8	3
2:15	NUM.11.25-NUM.11.29	2
2:15	NUM.27.20	2
2:15	JOS.3.7	2
2:15	JOS.4.14	2
2:15	2KI.2.7	2
2:15	2KI.2.19	2
2:15	2KI.4.1-2KI.4.4	2
2:15	2KI.4.37	2
2:15	2KI.6.1-2KI.6.7	2
2:15	ISA.11.2	2
2:15	ISA.59.21	2
2:15	JHN.15.26-JHN.15.27	2
2:15	2CO.12.9	2
2:16	1KI.18.12	6
2:16	ACT.8.39	4
2:16	EZK.3.14	2
2:16	EZK.8.3	2
2:16	EZK.11.24	2
2:16	EZK.40.2	2
2:16	2CO.12.2-2CO.12.3	2
2:17	2KI.8.11	3
2:17	2SA.18.22-2SA.18.23	2
2:17	LUK.11.8	2
2:17	ROM.10.2	2
2:17	HEB.11.5	2
2:19	EXO.23.26	13
2:19	DEU.28.2-DEU.28.4	13
2:19	DEU.28.11	9
2:19	DEU.28.15-DEU.28.18	6
2:19	EXO.7.19	5
2:19	EXO.15.23	5
2:19	1KI.16.34	5
2:19	NUM.12.11	4
2:19	JOS.6.26	3
2:19	1KI.18.7	3
2:19	HOS.9.14	3
2:19	JOS.6.17	2
2:19	1KI.18.13	1
2:19	1TI.5.17	1
2:20	JDG.9.45	2
2:20	ZEP.2.9	2
2:20	EZK.47.11	1
2:21	EXO.15.25-EXO.15.26	10
2:21	2KI.4.41	7
2:21	LEV.2.13	6
2:21	2KI.6.6	5
2:21	REV.21.4	5
2:21	REV.22.2-REV.22.3	5
2:21	MRK.9.50	4
2:21	JHN.9.6	4
2:21	MAT.5.11	3
2:21	1CO.1.18-1CO.1.28	3
2:21	PSA.107.33-PSA.107.38	2
2:21	EZK.47.8-EZK.47.11	2
2:23	2CH.36.16	10
2:23	JOB.19.18	4
2:23	JOB.30.1	4
2:23	GEN.21.9	3
2:23	PSA.31.18	3
2:23	PRO.22.6	3
2:23	AMO.5.5	3
2:23	1KI.12.28-1KI.12.32	2
2:23	JOB.30.8-JOB.30.31	2
2:23	PSA.35.15	2
2:23	PRO.20.11	2
2:23	PRO.22.15	2
2:23	ECC.11.10	2
2:23	ISA.1.4	2
2:23	ISA.3.5	2
2:23	ISA.57.3-ISA.57.4	2
2:23	JER.7.18	2
2:23	HOS.4.15	2
2:23	HOS.10.5	2
2:23	HOS.10.15	2
2:23	AMO.3.14	2
2:23	AMO.4.4	2
2:23	AMO.7.13	2
2:23	MAT.27.29-MAT.27.31	2
2:23	MAT.27.40-MAT.27.43	2
2:23	GAL.4.29	2
2:23	HEB.11.36	2
2:23	2KI.2.11	1
2:24	ACT.13.9-ACT.13.11	6
2:24	HOS.13.8	5
2:24	AMO.7.17	5
2:24	ACT.5.5	5
2:24	ACT.5.9	5
2:24	GEN.9.25	4
2:24	EXO.20.5	4
2:24	DEU.28.15-DEU.28.26	4
2:24	JDG.9.57	4
2:24	2SA.17.8	4
2:24	1KI.13.24	4
2:24	1KI.19.17	4
2:24	1KI.20.36	4
2:24	2KI.1.10-2KI.1.12	4
2:24	NEH.13.25-NEH.13.27	4
2:24	JER.28.16	4
2:24	JER.29.21-JER.29.23	4
2:24	LAM.3.65	4
2:24	MRK.11.14	4
2:24	MRK.11.21	4
2:24	ACT.8.20	4
2:24	JDG.9.20	3
2:24	PRO.17.12	3
2:24	PRO.28.15	3
2:24	2CO.10.6	3
2:25	2KI.4.25	4
2:25	1KI.18.19-1KI.18.20	3
2:25	1KI.18.42	2
3:1	2KI.1.17	5
3:1	1KI.22.51	2
3:1	2KI.8.16	2
3:2	2KI.10.18	5
3:2	1KI.21.25	4
3:2	2KI.10.26-2KI.10.28	4
3:2	EXO.23.24	3
3:2	1SA.15.19	2
3:2	1KI.16.19	2
3:2	1KI.16.31-1KI.16.33	2
3:2	1KI.21.5-1KI.21.15	2
3:2	1KI.21.20	2
3:2	2KI.6.31-2KI.6.32	2
3:2	2KI.9.22	2
3:2	2KI.9.34	2
3:2	2KI.21.6	2
3:2	2KI.21.20	2
3:3	1KI.14.16	7
3:3	1KI.12.26-1KI.12.33	3
3:3	1KI.13.33	3
3:3	1KI.14.9	3
3:3	1KI.15.26	3
3:3	1KI.15.34	3
3:3	1KI.16.31	3
3:3	2KI.13.2	3
3:3	2KI.13.6	3
3:3	2KI.13.11	3
3:3	2KI.14.24	3
3:3	2KI.15.9	3
3:3	2KI.15.18	3
3:3	2KI.17.22	3
3:3	2KI.10.20-2KI.10.31	2
3:3	1CO.1.19-1CO.1.20	2
3:4	GEN.26.13-GEN.26.14	3
3:4	2SA.8.2	3
3:4	GEN.13.2	2
3:4	1CH.18.2	2
3:4	2CH.26.10	2
3:4	JOB.1.3	2
3:4	JOB.42.12	2
3:4	PSA.60.8	2
3:4	PSA.108.9-PSA.108.10	2
3:4	ISA.16.1-ISA.16.2	2
3:5	2KI.1.1	5
3:5	2KI.8.20	2
3:5	2CH.21.8-2CH.21.10	2
3:6	1SA.11.8	2
3:6	1SA.15.4	2
3:6	2SA.24.1-2SA.24.25	2
3:6	1KI.20.27	2
3:7	1KI.22.4	5
3:7	2CH.18.3	3
3:7	2CH.22.10-2CH.22.12	3
3:7	1KI.22.32-1KI.22.33	2
3:7	2CH.18.29-2CH.18.32	2
3:7	2CH.19.2	2
3:7	2CH.21.4-2CH.21.7	2
3:7	2CH.22.3-2CH.22.4	2
3:8	NUM.21.4	2
3:8	MAL.1.2-MAL.1.3	2
3:9	1KI.22.47	4
3:9	EXO.11.8	2
3:9	EXO.15.22	2
3:9	EXO.17.1	2
3:9	NUM.20.2	2
3:9	NUM.20.4	2
3:9	NUM.21.5	2
3:9	NUM.33.14	2
3:9	JDG.4.10	2
3:9	1KI.22.27	2
3:10	GEN.4.13	3
3:10	2KI.6.33	3
3:10	PSA.78.34-PSA.78.36	3
3:10	PRO.19.3	3
3:10	ISA.8.21	3
3:10	ISA.51.20	3
3:11	1KI.22.7	7
3:11	1KI.19.21	5
3:11	2KI.3.3	4
3:11	2KI.2.25-2KI.3.1	3
3:11	1CH.14.10	3
3:11	1CH.14.14	3
3:11	1CH.15.13	3
3:11	PSA.74.9	3
3:11	AMO.3.7	3
3:11	JHN.13.4-JHN.13.5	3
3:11	GEN.18.4	2
3:11	JOS.1.1	2
3:11	JOS.9.14	2
3:11	JDG.20.8-JDG.20.11	2
3:11	JDG.20.18	2
3:11	JDG.20.23	2
3:11	JDG.20.26-JDG.20.28	2
3:11	1CH.10.13	2
3:11	JHN.13.13-JHN.13.14	2
3:11	PHP.2.22	2
3:11	1TI.5.10	2
3:11	LUK.22.26-LUK.22.27	1
3:12	1SA.3.19-1SA.3.21	2
3:12	2KI.2.14-2KI.2.15	2
3:12	2KI.2.21	2
3:12	2KI.2.24-2KI.2.25	2
3:12	2KI.5.8-2KI.5.9	2
3:12	2KI.5.15	2
3:12	ISA.49.23	2
3:12	ISA.60.14	2
3:12	REV.3.9	2
3:13	1KI.18.19	4
3:13	1KI.22.6	4
3:13	DEU.32.37-DEU.32.39	3
3:13	1KI.22.10-1KI.22.11	3
3:13	1KI.22.22-1KI.22.25	3
3:13	2KI.3.10	3
3:13	JDG.10.14	2
3:13	RUT.1.15	2
3:13	PRO.1.28	2
3:13	JER.2.27-JER.2.28	2
3:13	EZK.14.3-EZK.14.5	2
3:13	HOS.6.1	2
3:13	MAT.8.29	2
3:13	JHN.2.4	2
3:13	2CO.5.16	2
3:13	2CO.6.15	2
3:14	2KI.5.16	5
3:14	1KI.17.1	4
3:14	1SA.15.26-1SA.15.31	2
3:14	1KI.14.5-1KI.14.18	2
3:14	1KI.18.15	2
3:14	1KI.21.20	2
3:14	2CH.17.3-2CH.17.9	2
3:14	2CH.19.3-2CH.19.4	2
3:14	PSA.15.4	2
3:14	JER.1.18	2
3:14	DAN.5.17-DAN.5.23	2
3:14	MAT.22.16	2
3:15	1SA.16.23	13
3:15	EPH.5.18-EPH.5.19	10
3:15	1SA.10.5	9
3:15	EZK.1.3	8
3:15	1KI.18.46	6
3:15	EZK.8.1	5
3:15	1CH.25.1-1CH.25.3	4
3:15	1SA.18.10	3
3:15	EZK.3.14	3
3:15	EZK.3.22	3
3:15	ACT.11.21	3
3:16	NUM.2.16-NUM.2.18	0
3:16	2KI.4.3	0
3:17	PSA.107.35	15
3:17	ISA.41.17-ISA.41.18	12
3:17	ISA.43.19-ISA.43.20	10
3:17	ISA.48.21	10
3:17	PSA.84.6	7
3:17	EXO.17.6	5
3:17	NUM.20.8-NUM.20.11	4
3:17	1KI.18.36-1KI.18.39	2
3:18	JER.32.27	13
3:18	LUK.1.37	13
3:18	JER.32.17	12
3:18	2KI.20.10	9
3:18	ISA.49.6	7
3:18	MRK.10.27	7
3:18	EPH.3.20	7
3:18	EZK.8.17	5
3:18	1KI.3.13	4
3:18	1KI.20.13	4
3:18	ISA.7.1-ISA.7.9	4
3:18	1KI.20.28	3
3:18	ISA.7.13	3
3:18	1KI.16.31	2
3:19	NUM.24.17	2
3:19	DEU.20.19-DEU.20.20	2
3:19	JDG.6.16	2
3:19	1SA.15.3	2
3:19	1SA.23.2	2
3:19	2KI.3.25	2
3:19	2KI.13.17	2
3:20	EXO.29.39-EXO.29.40	5
3:20	1KI.18.36	2
3:20	PSA.78.15-PSA.78.16	2
3:20	PSA.78.20	2
3:20	ISA.35.6-ISA.35.7	2
3:20	DAN.9.21	2
3:21	1KI.20.11	2
3:21	EPH.6.14	2
3:23	EXO.15.9	2
3:23	JDG.5.30	2
3:23	2KI.6.18-2KI.6.20	2
3:23	2KI.7.6	2
3:23	2CH.20.25	2
3:23	ISA.10.14	2
3:24	JOS.8.20-JOS.8.22	2
3:24	JDG.20.40-JDG.20.46	2
3:24	1TH.5.3-1TH.5.4	2
3:25	2KI.3.19	5
3:25	ISA.16.7	5
3:25	JER.48.31	5
3:25	JER.48.36	5
3:25	ISA.16.11	3
3:25	GEN.26.15	2
3:25	GEN.26.18	2
3:25	DEU.2.9	2
3:25	DEU.20.19-DEU.20.20	2
3:25	JDG.9.45	2
3:25	2SA.8.2	2
3:25	2CH.32.4	2
3:25	ISA.15.1	2
3:25	ISA.37.26-ISA.37.27	2
3:26	2KI.3.9	2
3:26	AMO.2.1	2
3:27	MIC.6.7	10
3:27	DEU.12.31	9
3:27	JDG.11.31	7
3:27	EZK.16.20	5
3:27	AMO.2.1	5
3:27	PSA.106.37-PSA.106.38	4
3:27	GEN.22.2	3
3:27	GEN.22.13	3
3:27	JDG.11.39	3
3:27	1SA.14.36-1SA.14.46	3
3:27	1KI.20.13	2
3:27	1KI.20.28	2
3:27	1KI.20.43	1
4:1	MAT.18.25	12
4:1	2KI.2.3	10
4:1	NEH.5.2-NEH.5.5	6
4:1	PSA.147.11	6
4:1	LEV.25.39-LEV.25.41	4
4:1	1SA.22.2	3
4:1	2KI.4.38	3
4:1	PSA.103.11	3
4:1	PSA.103.17	3
4:1	PSA.112.1-PSA.112.2	3
4:1	ECC.8.12	3
4:1	MAT.18.30	3
4:1	MAT.18.35	3
4:1	ACT.13.26	3
4:1	JAS.2.13	3
4:1	GEN.22.12	2
4:1	LEV.25.48	2
4:1	1KI.18.3	2
4:1	2KI.2.5	2
4:1	NEH.7.2	2
4:1	NEH.10.31	2
4:1	ECC.12.13	2
4:1	JER.34.14	2
4:1	MAL.3.16	2
4:1	MAL.4.2	2
4:1	REV.15.4	2
4:1	REV.19.5	2
4:1	1KI.20.35	1
4:1	PSA.115.13	1
4:2	1KI.17.12	10
4:2	JAS.2.5	7
4:2	2KI.2.9	4
4:2	MAT.15.34	4
4:2	JHN.6.5-JHN.6.7	4
4:2	ACT.3.6	3
4:2	2KI.6.26-2KI.6.27	2
4:2	2CO.6.10	2
4:3	JHN.2.7	4
4:3	PSA.81.10	3
4:3	JHN.16.24	3
4:3	2KI.3.16	2
4:3	2KI.13.18-2KI.13.19	2
4:4	MAT.6.6	4
4:4	MRK.8.5-MRK.8.9	4
4:4	1KI.17.19-1KI.17.20	3
4:4	2KI.4.32-2KI.4.33	3
4:4	MRK.5.40	3
4:4	MRK.6.37-MRK.6.44	3
4:4	JHN.2.7-JHN.2.9	3
4:4	JHN.6.11	3
4:4	ACT.9.40	3
4:4	EPH.3.20	3
4:4	ISA.26.20	2
4:5	2KI.5.11	3
4:5	HEB.11.7-HEB.11.8	3
4:5	1KI.17.15-1KI.17.16	2
4:5	LUK.1.45	2
4:6	MAT.14.20	6
4:6	2KI.13.19	4
4:6	LUK.6.19	3
4:6	JOS.5.12	2
4:6	1KI.17.14	2
4:6	2KI.4.43-2KI.4.44	2
4:6	2CH.6.12-2CH.6.13	2
4:6	MAT.9.29	2
4:6	MAT.13.58	2
4:6	MAT.15.37	2
4:6	JHN.6.12	2
4:7	2TH.3.7-2TH.3.12	3
4:7	1KI.12.22	1
4:7	PSA.37.21	1
4:7	ROM.12.17	1
4:7	PHP.4.8	1
4:7	1TH.2.9-1TH.2.10	0
4:7	1TH.4.12	0
4:8	JOS.19.18	7
4:8	GEN.19.3	5
4:8	1KI.1.3	5
4:8	2KI.4.11-2KI.4.12	5
4:8	JOB.1.3	5
4:8	JOB.32.9	5
4:8	LUK.24.29	5
4:8	JDG.19.20	4
4:8	2SA.19.32	4
4:8	PRO.7.21	3
4:8	LUK.1.15	3
4:8	ACT.16.15	3
4:8	1SA.28.4	2
4:8	2KI.4.18	2
4:8	LUK.14.23	0
4:9	1KI.17.24	6
4:9	PRO.31.10-PRO.31.11	5
4:9	2KI.4.7	4
4:9	1TH.2.10	3
4:9	TIT.1.8	3
4:9	1KI.17.18	2
4:9	MAT.5.16	2
4:9	DEU.33.1	1
4:9	1PE.3.1	1
4:9	1KI.13.1	0
4:9	1TI.6.11	0
4:9	2PE.1.21	0
4:9	2PE.3.2	0
4:10	ROM.12.13	8
4:10	MAT.10.41-MAT.10.42	5
4:10	MAT.25.40	5
4:10	HEB.10.24	4
4:10	HEB.13.2	3
4:10	1PE.4.9-1PE.4.10	3
4:10	ISA.32.8	2
4:10	MRK.9.41	2
4:10	LUK.8.3	2
4:10	1KI.17.19	1
4:12	2KI.8.4-2KI.8.5	7
4:12	1KI.19.3	4
4:12	2KI.3.11	4
4:12	2KI.4.29-2KI.4.31	4
4:12	2KI.5.20-2KI.5.27	4
4:12	1KI.18.43	3
4:12	ACT.13.5	3
4:13	2TI.1.16-2TI.1.18	9
4:13	PHP.4.18-PHP.4.19	7
4:13	HEB.6.10	7
4:13	1TI.6.6-1TI.6.8	6
4:13	1TH.5.12-1TH.5.13	5
4:13	ROM.16.6	4
4:13	HEB.13.5	4
4:13	2SA.19.13	3
4:13	PSA.37.3	3
4:13	MAT.10.40-MAT.10.42	3
4:13	ROM.16.2	3
4:13	GEN.14.24	2
4:13	RUT.1.1-RUT.1.4	2
4:13	2SA.19.32-2SA.19.38	2
4:13	1KI.2.32	2
4:13	2KI.3.15-2KI.3.18	2
4:13	2KI.8.1	2
4:13	2KI.8.3-2KI.8.6	2
4:13	2KI.9.5	2
4:13	LUK.9.3-LUK.9.5	2
4:14	GEN.15.2-GEN.15.3	7
4:14	1SA.1.8	7
4:14	LUK.1.7	7
4:14	GEN.18.10-GEN.18.14	6
4:14	GEN.25.21	6
4:14	JDG.13.2	6
4:14	GEN.17.17	4
4:14	GEN.30.1	4
4:14	1SA.1.2	4
4:16	GEN.18.10	21
4:16	LUK.1.13	16
4:16	2KI.4.28	14
4:16	GEN.17.21	12
4:16	GEN.18.12-GEN.18.15	12
4:16	GEN.17.16-GEN.17.17	9
4:16	2KI.2.19	9
4:16	PSA.116.11	9
4:16	LUK.1.30-LUK.1.31	9
4:16	1KI.17.18	8
4:16	LUK.1.18-LUK.1.20	8
4:16	1KI.18.9	7
4:16	2KI.5.10-2KI.5.11	5
4:17	GEN.21.1	5
4:17	PSA.113.9	5
4:17	LUK.1.36	5
4:17	HEB.11.11	4
4:17	1SA.1.19-1SA.1.20	3
4:17	LUK.1.24-LUK.1.25	3
4:18	RUT.2.4	5
4:19	JOB.14.1-JOB.14.2	2
4:19	JER.4.19	2
4:20	LUK.7.12	3
4:20	JHN.11.3	2
4:20	JHN.11.5	2
4:20	JHN.11.14	2
4:20	GEN.22.2	1
4:20	GEN.37.3	1
4:20	GEN.37.5	1
4:20	1KI.17.17	1
4:20	ISA.49.15	1
4:20	ISA.66.13	1
4:20	EZK.24.16-EZK.24.18	1
4:20	LUK.2.35	1
4:21	2KI.4.32	3
4:21	1KI.17.19	2
4:21	2KI.4.7	2
4:21	2KI.4.10	2
4:22	2KI.4.24	2
4:22	2KI.4.26	2
4:22	JHN.11.3	2
4:22	ACT.9.38	2
4:23	NUM.10.10	4
4:23	NUM.28.11	3
4:23	1CH.23.31	3
4:23	ISA.1.13-ISA.1.15	2
4:24	EXO.4.20	2
4:24	1SA.25.19-1SA.25.20	2
4:24	1KI.13.13	2
4:24	1KI.13.23	2
4:25	2KI.2.25	5
4:25	1KI.18.19	2
4:25	1KI.18.42	2
4:25	ISA.35.2	2
4:26	ACT.15.36	5
4:26	2KI.4.23	4
4:26	1SA.17.18	3
4:26	GEN.37.14	2
4:26	1SA.3.18	2
4:26	JOB.1.21-JOB.1.22	2
4:26	PSA.39.9	2
4:26	GEN.29.6	1
4:26	LEV.10.3	0
4:26	ZEC.2.4	0
4:27	GEN.18.17	3
4:27	2SA.7.3	3
4:27	1SA.1.10	2
4:27	2KI.4.25	2
4:27	2KI.6.12	2
4:27	JOB.10.1	2
4:27	PRO.14.10	2
4:27	PRO.18.14	2
4:27	AMO.3.7	2
4:27	MAT.15.23	2
4:27	MAT.20.31	1
4:27	MAT.28.9	1
4:27	MRK.10.13	1
4:27	MRK.14.6	1
4:27	LUK.7.38	1
4:27	JHN.4.27	1
4:27	JHN.12.4-JHN.12.7	1
4:27	JHN.15.15	1
4:28	GEN.30.1	4
4:28	2KI.4.16	2
4:29	2KI.2.14	7
4:29	EXO.14.16	6
4:29	1KI.18.46	6
4:29	2KI.9.1	5
4:29	LUK.10.4	5
4:29	EXO.4.17	4
4:29	EXO.7.19-EXO.7.20	4
4:29	ACT.19.12	4
4:29	2KI.2.8	3
4:29	ACT.3.16	3
4:29	EPH.6.14	3
4:29	JOS.6.4-JOS.6.5	1
4:29	1PE.1.13	1
4:30	2KI.2.2	5
4:30	RUT.1.16-RUT.1.18	4
4:30	EXO.33.12-EXO.33.16	2
4:30	2KI.2.4	2
4:31	JHN.11.11	4
4:31	1SA.14.37	2
4:31	1SA.28.6	2
4:31	1KI.18.26	2
4:31	1KI.18.29	2
4:31	JOB.14.12	2
4:31	EZK.14.3	2
4:31	DAN.12.2	2
4:31	MAT.17.16-MAT.17.20	2
4:31	MRK.5.39	2
4:31	MRK.9.19-MRK.9.29	2
4:31	JHN.11.43-JHN.11.44	2
4:31	ACT.19.13-ACT.19.17	2
4:31	EPH.5.14	2
4:32	1KI.17.17	2
4:32	LUK.8.52-LUK.8.53	2
4:32	JHN.11.17	2
4:33	MAT.6.6	8
4:33	2KI.4.4	6
4:33	ACT.9.40	5
4:33	JAS.5.13-JAS.5.18	4
4:33	1KI.17.20-1KI.17.21	3
4:33	LUK.8.51	3
4:33	1KI.18.26-1KI.18.27	2
4:33	2KI.5.11	2
4:33	2KI.6.17-2KI.6.18	2
4:33	2KI.6.20	2
4:33	JHN.11.41-JHN.11.42	2
4:34	1KI.17.21	6
4:34	ACT.20.10	4
4:35	2KI.8.5	4
4:35	2KI.13.21	4
4:35	1KI.17.22	3
4:35	2KI.8.1	3
4:35	LUK.7.14-LUK.7.15	3
4:35	LUK.8.55	3
4:35	JHN.11.43-JHN.11.44	3
4:35	ACT.9.40	3
4:36	HEB.11.35	4
4:36	1KI.17.23	2
4:36	LUK.7.15	2
4:37	HEB.11.35	4
4:37	1KI.17.24	3
4:37	2KI.2.15	3
4:37	2KI.4.27	3
4:38	2KI.2.1	5
4:38	2KI.2.3	5
4:38	2KI.8.1	5
4:38	LUK.10.39	4
4:38	ACT.22.3	4
4:38	LEV.26.26	3
4:38	DEU.28.22-DEU.28.24	2
4:38	DEU.28.38-DEU.28.40	2
4:38	1SA.7.16-1SA.7.17	2
4:38	1SA.19.20	2
4:38	2SA.21.1	2
4:38	PRO.8.34	2
4:38	JER.14.1-JER.14.6	2
4:38	EZK.14.13	2
4:38	EZK.24.3	2
4:38	MRK.6.37	2
4:38	MRK.8.2-MRK.8.6	2
4:38	LUK.4.25	2
4:38	LUK.8.35	2
4:38	LUK.8.38	2
4:38	LUK.9.13	2
4:38	JHN.21.5	2
4:38	JHN.21.9	2
4:38	ACT.10.38	2
4:38	ACT.15.36	2
4:38	LUK.2.46	1
4:39	ISA.5.4	2
4:39	JER.2.21	2
4:39	MAT.15.13	2
4:39	HEB.12.15	2
4:40	MRK.16.18	4
4:40	EXO.10.17	3
4:40	EXO.15.23	3
4:40	DEU.33.1	2
4:40	1KI.17.18	2
4:40	2KI.1.11	2
4:40	2KI.1.13	2
4:40	2KI.4.9	2
4:40	2KI.1.9	1
4:41	EXO.15.25	5
4:41	2KI.2.21	5
4:41	1CO.1.25	3
4:41	2KI.5.10	2
4:41	2KI.6.6	2
4:41	JHN.9.6	2
4:41	ACT.28.5	2
4:42	1SA.9.7	7
4:42	MAT.14.16-MAT.14.21	4
4:42	JHN.6.9	4
4:42	JHN.6.13	4
4:42	1SA.9.4	3
4:42	2KI.7.1	3
4:42	MAT.15.32-MAT.15.38	3
4:42	EXO.23.16	2
4:42	DEU.8.8	2
4:42	DEU.12.6	2
4:42	DEU.26.2-DEU.26.10	2
4:42	DEU.32.14	2
4:42	2KI.4.38	2
4:42	2KI.7.16-2KI.7.18	2
4:42	2CH.11.13-2CH.11.14	2
4:42	PRO.3.9-PRO.3.10	2
4:42	1CO.9.11	2
4:42	GAL.6.6	1
4:43	LUK.9.13	9
4:43	MAT.14.20	8
4:43	JHN.6.9	6
4:43	MAT.16.8-MAT.16.10	4
4:43	JHN.6.11-JHN.6.13	4
4:43	MAT.14.16-MAT.14.17	3
4:43	MAT.15.33-MAT.15.34	3
4:43	MAT.15.37	3
4:43	MRK.6.37-MRK.6.39	3
4:43	LUK.9.17	3
4:43	MRK.6.42-MRK.6.43	2
4:43	MRK.8.4	2
4:43	MRK.8.20	2
5:1	LUK.4.27	19
5:1	ROM.15.18	8
5:1	PRO.21.31	6
5:1	NUM.12.10-NUM.12.12	5
5:1	DEU.2.37	5
5:1	EST.9.4	5
5:1	EST.10.3	5
5:1	EXO.11.3	4
5:1	LEV.13.2-LEV.13.3	4
5:1	2KI.4.8	3
5:1	2CH.26.19-2CH.26.23	3
5:1	ISA.10.5-ISA.10.6	3
5:1	2SA.3.29	2
5:1	2KI.7.3	2
5:1	JHN.19.11	2
5:1	LEV.13.44-LEV.13.46	1
5:1	2KI.5.27	1
5:1	JER.27.5-JER.27.6	1
5:1	2CO.12.7	1
5:2	2KI.6.23	5
5:2	2KI.13.20	4
5:2	1SA.13.17-1SA.13.18	2
5:2	PSA.123.2	2
5:2	JDG.9.34	1
5:3	NUM.11.29	3
5:3	LUK.17.12-LUK.17.14	3
5:3	ACT.26.29	3
5:3	2KI.5.8	2
5:3	MAT.11.5	2
5:3	1CO.4.8	2
5:3	MAT.8.2-MAT.8.3	1
5:4	1CO.1.26-1CO.1.27	3
5:4	2KI.7.9-2KI.7.11	2
5:4	MRK.5.19	2
5:4	MRK.16.9-MRK.16.10	2
5:4	JHN.1.42-JHN.1.46	2
5:4	JHN.4.28-JHN.4.29	2
5:5	JDG.14.12	5
5:5	2KI.8.8-2KI.8.9	3
5:5	GEN.11.3	2
5:5	GEN.11.7	2
5:5	GEN.45.22	2
5:5	NUM.22.7	2
5:5	NUM.22.17-NUM.22.18	2
5:5	NUM.24.11-NUM.24.13	2
5:5	1SA.9.7-1SA.9.8	2
5:5	1KI.13.7	2
5:5	1KI.22.3	2
5:5	2KI.4.42	2
5:5	2KI.5.22-2KI.5.23	2
5:5	ECC.2.1	2
5:5	ISA.5.5	2
5:5	ACT.8.18-ACT.8.20	2
5:5	JAS.4.13	2
5:5	JAS.5.1-JAS.5.3	2
5:7	1SA.2.6	8
5:7	GEN.30.2	6
5:7	1KI.20.7	6
5:7	DEU.32.39	5
5:7	DAN.2.11	3
5:7	HOS.6.1	3
5:7	LUK.11.54	3
5:7	NUM.14.6	2
5:7	DEU.32.29	2
5:7	2KI.11.14	2
5:7	2KI.18.37-2KI.19.1	2
5:7	JER.36.24	2
5:7	MAT.26.65	2
5:7	ACT.14.14	2
5:8	EXO.11.8	2
5:8	2SA.3.31	2
5:8	1KI.17.24	2
5:8	1KI.18.36-1KI.18.37	2
5:8	2KI.1.6	2
5:8	2KI.5.3	2
5:8	2KI.5.7	2
5:8	2KI.5.15	2
5:8	EZK.2.5	2
5:8	HOS.12.13	2
5:8	ROM.11.13	2
5:9	2KI.3.12	2
5:9	2KI.6.32	2
5:9	ISA.60.14	2
5:9	ACT.16.29-ACT.16.30	2
5:9	ACT.16.37-ACT.16.39	2
5:10	JHN.9.7	9
5:10	LEV.14.7	7
5:10	1CO.6.11	7
5:10	JOS.6.4	5
5:10	MAT.15.23-MAT.15.26	5
5:10	LEV.14.16	4
5:10	LEV.14.51	4
5:10	LEV.16.14	4
5:10	LEV.16.19	4
5:10	NUM.19.4	4
5:10	NUM.19.19	4
5:10	JOS.6.13-JOS.6.16	4
5:10	2KI.4.41	4
5:10	2KI.5.14	4
5:10	EXO.4.6-EXO.4.7	3
5:10	2KI.3.16	3
5:10	2KI.2.21	2
5:11	PRO.1.32	2
5:11	PRO.3.7	2
5:11	PRO.13.10	2
5:11	ISA.55.8-ISA.55.9	2
5:11	MAT.8.8	2
5:11	MAT.15.27	2
5:11	MAT.19.22	2
5:11	LUK.14.11	2
5:11	JHN.4.48	2
5:11	JHN.6.66-JHN.6.69	2
5:11	JHN.13.20	2
5:11	1CO.1.21-1CO.1.25	2
5:11	1CO.2.14-1CO.2.16	2
5:11	1CO.3.18-1CO.3.20	2
5:11	HEB.12.25	2
5:12	MRK.1.9	4
5:12	JOS.3.15-JOS.3.17	2
5:12	2KI.2.8	2
5:12	2KI.2.14	2
5:12	2KI.5.17	2
5:12	PRO.14.17	2
5:12	PRO.19.11	2
5:12	EZK.47.1-EZK.47.8	2
5:12	ZEC.13.1	2
5:12	ZEC.14.8	1
5:13	2KI.6.21	7
5:13	2KI.2.12	5
5:13	2KI.13.14	5
5:13	JOB.32.8-JOB.32.9	5
5:13	REV.7.14	5
5:13	JER.38.7-JER.38.10	4
5:13	1PE.3.21	4
5:13	ACT.22.16	3
5:13	EPH.5.26-EPH.5.27	3
5:13	TIT.3.5	3
5:13	HEB.10.22	3
5:13	1SA.25.14-1SA.25.17	2
5:13	1KI.20.23	2
5:13	1KI.20.31	2
5:13	2KI.5.3	2
5:13	2KI.5.10	2
5:13	2KI.8.9	2
5:13	PSA.51.2	2
5:13	PSA.51.7	2
5:13	ISA.1.16	2
5:13	MAL.1.6	2
5:13	MAT.23.9	2
5:13	JHN.13.8	2
5:13	1CO.1.21	2
5:13	1CO.1.27	2
5:13	1CO.4.15	2
5:13	GEN.41.43	1
5:14	JOB.33.25	16
5:14	LUK.4.27	14
5:14	LUK.5.13	12
5:14	ZEC.14.8	9
5:14	2KI.5.10	6
5:14	EZK.47.1-EZK.47.9	6
5:14	JHN.2.5	6
5:14	JOB.31.13	5
5:14	PRO.25.11-PRO.25.12	4
5:14	ZEC.13.1	4
5:14	HEB.11.7-HEB.11.8	4
5:14	2CH.20.20	2
5:14	PRO.9.9	1
5:14	TIT.2.14	1
5:15	DAN.2.47	8
5:15	DAN.6.26-DAN.6.27	5
5:15	JOS.2.9-JOS.2.11	4
5:15	JOS.9.9	3
5:15	1SA.17.46-1SA.17.47	3
5:15	1SA.25.27	3
5:15	1KI.18.36	3
5:15	2KI.5.8	3
5:15	ISA.43.10-ISA.43.11	3
5:15	ISA.44.6	3
5:15	ISA.44.8	3
5:15	ISA.45.6	3
5:15	DAN.3.29	3
5:15	LUK.17.15-LUK.17.18	3
5:15	ROM.10.10	3
5:15	2CO.9.5	3
5:15	GEN.33.11	2
5:15	JER.10.10-JER.10.11	2
5:15	JER.16.19-JER.16.21	2
5:15	DAN.4.34	2
5:15	JOS.9.24	0
5:16	2KI.3.14	4
5:16	2KI.5.20	4
5:16	2KI.5.26	4
5:16	GEN.14.22-GEN.14.23	3
5:16	1KI.13.8	3
5:16	1KI.17.1	3
5:16	DAN.5.17	3
5:16	1KI.18.15	2
5:16	MAT.10.8	2
5:16	ACT.8.18-ACT.8.20	2
5:16	ACT.20.33-ACT.20.35	2
5:16	1CO.6.12	2
5:16	1CO.10.32-1CO.10.33	2
5:16	2CO.11.9-2CO.11.10	2
5:16	2CO.12.14	2
5:17	ACT.26.18	3
5:17	EXO.20.24	2
5:17	2KI.5.12	2
5:17	ROM.14.1	2
5:17	1PE.4.3	2
5:17	1TH.1.9	1
5:18	2KI.7.2	6
5:18	2KI.7.17	5
5:18	2KI.17.35	4
5:18	JER.50.20	4
5:18	EXO.20.5	3
5:18	1KI.19.18	3
5:18	2CH.30.18-2CH.30.19	3
5:19	1SA.1.17	6
5:19	EXO.4.18	3
5:19	MRK.5.34	3
5:19	GEN.35.16	2
5:19	1SA.25.35	2
5:19	MAT.9.16-MAT.9.17	2
5:19	LUK.7.50	2
5:19	LUK.8.48	2
5:19	JHN.16.12	2
5:19	1CO.3.2	2
5:19	HEB.5.13-HEB.5.14	2
5:20	2KI.4.12	5
5:20	2KI.4.31	4
5:20	2KI.4.36	4
5:20	2KI.6.31	4
5:20	TIT.1.7	4
5:20	2PE.2.14-2PE.2.15	4
5:20	EXO.20.7	3
5:20	ACT.8.18-ACT.8.19	3
5:20	1TI.6.9-1TI.6.11	3
5:20	2TI.4.10	3
5:20	EXO.20.17	2
5:20	1SA.14.39	2
5:20	PSA.10.3	2
5:20	PRO.26.16	2
5:20	JER.22.17	2
5:20	HAB.2.9	2
5:20	MAT.10.4	2
5:20	LUK.12.15	2
5:20	LUK.16.8	2
5:20	JHN.6.70	2
5:20	JHN.12.5-JHN.12.6	2
5:20	JHN.13.2	2
5:20	ACT.5.2	2
5:20	1PE.5.2	2
5:21	2KI.4.26	2
5:21	2KI.9.17-2KI.9.22	2
5:21	LUK.7.6-LUK.7.7	2
5:21	ACT.8.31	2
5:21	ACT.10.25-ACT.10.26	2
5:22	2KI.5.5	5
5:22	JER.9.5	3
5:22	JHN.8.44	3
5:22	ACT.5.3-ACT.5.4	3
5:22	REV.21.8	3
5:22	EXO.38.24-EXO.38.28	2
5:22	JOS.24.33	2
5:22	1KI.13.18	2
5:22	1KI.20.35	2
5:22	1KI.20.39	2
5:22	2KI.2.3	2
5:22	ISA.59.3	2
5:22	JER.9.3	2
5:22	2CO.12.16-2CO.12.18	2
5:23	1KI.20.7	2
5:23	2KI.2.17	2
5:23	2KI.5.16	2
5:23	2KI.6.3	2
5:23	2KI.12.10	2
5:23	ISA.30.6	2
5:23	LUK.11.54	2
5:24	JOS.7.1	3
5:24	JOS.7.11-JOS.7.12	3
5:24	JOS.7.21	3
5:24	1KI.21.16	3
5:24	ISA.29.15	2
5:24	HAB.2.6	2
5:24	ZEC.5.3-ZEC.5.4	2
5:25	2KI.5.22	3
5:25	GEN.3.8-GEN.3.9	2
5:25	GEN.4.9	2
5:25	GEN.16.8	2
5:25	2KI.20.14	2
5:25	PRO.30.20	2
5:25	EZK.33.31	2
5:25	MAT.26.15-MAT.26.16	2
5:25	MAT.26.21	2
5:25	JHN.13.26-JHN.13.30	2
5:25	ACT.5.3-ACT.5.4	2
5:25	JHN.13.2	1
5:26	COL.2.5	11
5:26	1CO.5.3	10
5:26	2KI.6.12	6
5:26	ACT.20.35	5
5:26	2KI.5.16	4
5:26	MAT.10.8	4
5:26	1CO.9.11-1CO.9.12	4
5:26	GEN.14.23	3
5:26	PSA.63.11	3
5:26	2TH.3.8-2TH.3.9	3
5:26	PRO.12.19	2
5:26	PRO.12.22	2
5:26	ECC.3.1-ECC.3.8	2
5:26	ACT.20.33	2
5:26	2CO.11.8-2CO.11.12	2
5:26	ACT.5.9	1
5:27	EXO.4.6	4
5:27	NUM.12.10	3
5:27	2KI.15.5	3
5:27	JOS.7.25	2
5:27	1SA.2.30-1SA.2.36	2
5:27	2SA.3.29	2
5:27	2KI.5.1	2
5:27	ISA.59.2-ISA.59.3	2
5:27	HOS.10.13	1
5:27	MAL.2.3-MAL.2.4	1
5:27	MAL.2.8-MAL.2.9	1
5:27	MAT.27.3-MAT.27.5	1
5:27	ACT.5.5	1
5:27	ACT.5.10	1
5:27	ACT.8.20	1
5:27	1TI.6.10	1
5:27	2PE.2.3	1
6:1	2KI.2.3	11
6:1	ISA.54.2-ISA.54.3	10
6:1	JOS.17.14	9
6:1	JOS.19.47	9
6:1	1SA.19.20	9
6:1	1KI.20.35	9
6:1	2KI.4.1	9
6:1	ISA.49.19-ISA.49.20	9
6:1	JOB.36.16	8
6:1	2KI.4.38	7
6:2	JHN.21.3	2
6:2	ACT.18.3	2
6:2	ACT.20.34-ACT.20.35	2
6:2	1CO.9.6	2
6:2	1TH.2.9	2
6:2	2TH.3.8	2
6:2	1TI.6.6	2
6:3	JDG.4.8	2
6:3	JDG.19.6	2
6:3	2KI.5.23	2
6:3	JOB.6.28	2
6:4	DEU.19.5	2
6:4	DEU.29.11	2
6:5	2KI.3.10	3
6:5	2KI.6.15	3
6:5	PSA.37.21	3
6:5	ECC.10.10	3
6:5	REV.18.10	3
6:5	2KI.4.7	2
6:5	REV.18.16	2
6:5	REV.18.19	2
6:5	EXO.22.14-EXO.22.15	1
6:5	ISA.10.34	1
6:6	2KI.2.21	7
6:6	EXO.15.25	4
6:6	2KI.4.41	4
6:6	MRK.8.23-MRK.8.25	4
6:6	MRK.7.33-MRK.7.34	2
6:6	JHN.9.6-JHN.9.7	2
6:7	2KI.4.36	4
6:7	EXO.4.4	3
6:7	2KI.4.7	3
6:7	LUK.7.15	2
6:7	ACT.9.41	2
6:8	2KI.6.24	3
6:8	PRO.20.18	3
6:8	PRO.21.30	3
6:8	1KI.22.31	2
6:8	JOB.5.12-JOB.5.13	2
6:8	ISA.7.5-ISA.7.7	2
6:8	ISA.8.10	2
6:8	1KI.20.1	1
6:8	1KI.20.23	1
6:8	1KI.20.34	1
6:9	AMO.3.7	3
6:9	1KI.20.13	2
6:9	1KI.20.28	2
6:9	2KI.3.17-2KI.3.19	2
6:9	2KI.4.27	2
6:9	2KI.6.12	2
6:9	REV.1.1	2
6:10	EXO.9.20-EXO.9.21	2
6:10	1KI.20.15	2
6:10	2KI.2.12	2
6:10	2KI.5.14	2
6:10	2KI.13.14	2
6:10	2CH.20.20	2
6:10	PRO.27.12	2
6:10	EZK.3.18-EZK.3.21	2
6:10	AMO.7.1-AMO.7.6	2
6:10	MAT.2.12	2
6:10	MAT.3.7	2
6:10	MAT.24.15-MAT.24.17	2
6:10	ACT.27.24	2
6:10	HEB.11.7	2
6:11	1SA.22.8	2
6:11	1SA.28.21	2
6:11	JOB.18.7-JOB.18.11	2
6:11	PSA.48.4-PSA.48.5	2
6:11	ISA.57.20-ISA.57.21	2
6:11	MAT.2.3-MAT.2.12	2
6:12	DAN.2.28-DAN.2.30	7
6:12	AMO.3.7	7
6:12	2KI.6.9-2KI.6.10	5
6:12	ECC.10.20	5
6:12	DAN.2.22-DAN.2.23	5
6:12	2KI.5.3	4
6:12	2KI.5.13-2KI.5.15	4
6:12	PSA.139.1-PSA.139.4	4
6:12	ISA.29.15	4
6:12	JER.23.23-JER.23.24	4
6:12	DAN.2.47	4
6:12	DAN.4.9-DAN.4.18	4
6:12	2KI.5.8	3
6:13	GEN.37.17	5
6:13	JHN.11.47-JHN.11.53	3
6:13	1SA.23.22-1SA.23.23	2
6:13	PSA.10.8-PSA.10.10	2
6:13	PSA.37.12-PSA.37.14	2
6:13	PSA.37.32-PSA.37.33	2
6:13	JER.36.26	2
6:13	MAT.2.4-MAT.2.8	2
6:13	ACT.23.12-ACT.23.27	2
6:14	1SA.23.26	2
6:14	1SA.24.2	2
6:14	2KI.18.17	2
6:14	MAT.26.47	2
6:14	MAT.26.55	2
6:14	JHN.18.3-JHN.18.6	2
6:14	2KI.1.9-2KI.1.13	1
6:15	MAT.8.26	8
6:15	2CH.20.12	4
6:15	EXO.24.13	3
6:15	PSA.53.5	3
6:15	1KI.19.21	2
6:15	2KI.3.11	2
6:15	2KI.5.20	2
6:15	2KI.5.27	2
6:15	2KI.6.5	2
6:15	MAT.20.26-MAT.20.28	2
6:15	ACT.13.5	2
6:16	ROM.8.31	51
6:16	ISA.41.10-ISA.41.14	50
6:16	1JN.4.4	43
6:16	2CH.32.7-2CH.32.8	36
6:16	ACT.18.9-ACT.18.10	28
6:16	EXO.14.13	27
6:16	PSA.55.18	27
6:16	ISA.8.10	26
6:16	PSA.27.3	23
6:16	PSA.118.11-PSA.118.12	22
6:16	MAT.26.53	22
6:16	PHP.1.28	20
6:16	PSA.46.11	19
6:16	2CH.16.9	16
6:16	PSA.46.7	16
6:16	ISA.8.12-ISA.8.13	16
6:16	PSA.3.6	14
6:16	PSA.11.1	13
6:16	MRK.16.6	13
6:17	PSA.68.17	28
6:17	PSA.34.7	27
6:17	ZEC.6.1-ZEC.6.7	20
6:17	ACT.26.18	18
6:17	HEB.1.14	18
6:17	2KI.2.11	17
6:17	ISA.42.7	16
6:17	MAT.26.53	14
6:17	PSA.119.18	12
6:17	PSA.91.11	10
6:17	ZEC.1.8	10
6:17	EPH.1.18	10
6:17	REV.19.14	10
6:17	REV.19.11	9
6:17	2KI.6.18-2KI.6.20	7
6:17	PSA.91.15	6
6:17	PSA.104.3	6
6:17	EZK.1.13-EZK.1.16	6
6:17	JAS.5.16-JAS.5.18	5
6:17	REV.3.7	1
6:18	ACT.13.11	7
6:18	GEN.19.11	5
6:18	JHN.12.40	5
6:18	JOB.5.14	3
6:18	JHN.9.39	3
6:18	DEU.28.28	2
6:18	ZEC.12.4	2
6:18	ROM.11.7	2
6:19	2SA.16.18-2SA.16.19	2
6:19	MAT.16.24	2
6:19	MRK.8.34	2
6:19	LUK.9.23	2
6:19	LUK.24.16	2
6:20	2KI.6.17	4
6:20	JDG.20.40-JDG.20.42	2
6:20	LUK.16.23	2
6:20	LUK.24.31	2
6:21	2KI.5.13	5
6:21	2KI.8.9	4
6:21	2KI.2.12	3
6:21	1SA.24.4	2
6:21	1SA.24.19	2
6:21	1SA.26.8	2
6:21	2KI.13.14	2
6:21	LUK.9.54-LUK.9.56	2
6:21	LUK.22.49	2
6:22	GEN.48.22	4
6:22	ROM.12.20-ROM.12.21	4
6:22	DEU.20.11-DEU.20.16	3
6:22	2CH.28.8-2CH.28.15	3
6:22	HOS.2.18	3
6:22	JOS.24.12	2
6:22	PSA.44.6	2
6:22	PRO.25.21-PRO.25.22	2
6:22	HOS.1.7	2
6:22	MAT.5.44	2
6:23	2KI.5.2	5
6:23	2KI.24.2	4
6:23	2KI.6.8-2KI.6.9	3
6:23	LUK.6.35	3
6:23	LUK.10.29-LUK.10.37	3
6:23	2CH.28.15	2
6:23	PRO.25.21-PRO.25.22	2
6:23	MAT.5.47	2
6:23	1SA.24.17-1SA.24.18	1
6:24	1KI.20.1	6
6:24	DEU.28.52	3
6:24	1KI.22.31	3
6:24	2KI.17.5	3
6:24	ECC.9.14	3
6:24	2KI.18.9	2
6:24	2KI.25.1	2
6:25	2KI.6.28-2KI.6.29	4
6:25	JER.14.13-JER.14.15	4
6:25	JER.14.18	4
6:25	JER.52.6	4
6:25	JER.32.24	3
6:25	1KI.18.2	2
6:25	2KI.7.4	2
6:25	2KI.25.3	2
6:25	EZK.4.13-EZK.4.16	2
6:25	LEV.26.26	1
6:26	2SA.14.4	4
6:26	ISA.10.3	3
6:26	LUK.18.3	3
6:26	ACT.21.28	3
6:27	PSA.118.8-PSA.118.9	5
6:27	PSA.124.1-PSA.124.3	3
6:27	PSA.60.11	2
6:27	PSA.62.8	2
6:27	PSA.127.1	2
6:27	PSA.146.3	2
6:27	JER.17.5	2
6:27	ISA.2.2	0
6:28	2SA.14.5	4
6:28	LEV.26.29	3
6:28	JDG.18.23	3
6:28	LAM.4.10	3
6:28	LUK.23.29	3
6:28	GEN.21.17	2
6:28	DEU.28.53-DEU.28.57	2
6:28	1SA.1.8	2
6:28	PSA.114.5	2
6:28	ISA.9.20-ISA.9.21	2
6:28	ISA.22.1	2
6:28	ISA.49.15	2
6:28	EZK.5.10	2
6:28	MAT.24.18-MAT.24.21	2
6:29	LEV.26.29	4
6:29	DEU.28.53	4
6:29	DEU.28.57	3
6:29	1KI.3.26	3
6:29	ISA.49.15	2
6:29	ISA.66.13	2
6:30	1KI.21.27	5
6:30	2KI.5.7	2
6:30	2KI.19.1	2
6:30	ISA.58.5-ISA.58.7	2
6:31	RUT.1.17	5
6:31	1KI.19.2	4
6:31	1SA.3.17	2
6:31	1SA.14.44	2
6:31	1SA.25.22	2
6:31	2SA.3.9	2
6:31	2SA.3.35	2
6:31	2SA.19.13	2
6:31	1KI.2.23	2
6:31	1KI.18.17	2
6:31	1KI.22.8	2
6:31	JER.37.15-JER.37.16	2
6:31	JER.38.4	2
6:31	JHN.11.50	2
6:31	ACT.23.12-ACT.23.13	2
6:32	1KI.18.4	5
6:32	EZK.8.1	5
6:32	EZK.14.1	5
6:32	EZK.20.1	5
6:32	1KI.18.13-1KI.18.14	3
6:32	1KI.21.10	3
6:32	1KI.14.6	2
6:32	1KI.21.13	2
6:32	2KI.6.12	2
6:32	EZK.33.31	2
6:32	LUK.13.32	2
6:32	2KI.5.26	1
6:33	JOB.2.9	4
6:33	ISA.8.21	3
6:33	GEN.4.13	2
6:33	EXO.16.6-EXO.16.8	2
6:33	1SA.28.6-1SA.28.8	2
6:33	1SA.31.4	2
6:33	JOB.1.11	2
6:33	JOB.1.21	2
6:33	JOB.2.5	2
6:33	PSA.27.14	2
6:33	PSA.37.7	2
6:33	PSA.37.9	2
6:33	PSA.62.5	2
6:33	PRO.19.3	2
6:33	ISA.8.17	2
6:33	ISA.26.3	2
6:33	ISA.50.10	2
6:33	JER.2.25	2
6:33	LAM.3.25-LAM.3.26	2
6:33	HAB.2.3	2
6:33	MAT.27.4-MAT.27.5	2
6:33	LUK.18.1	2
6:33	2CO.2.7	2
6:33	2CO.2.11	2
6:33	REV.16.9-REV.16.11	2
6:33	EZK.33.10	1
7:1	JOS.3.5	25
7:1	EXO.16.12	19
7:1	EZK.37.4	13
7:1	1SA.11.9	11
7:1	EXO.9.5-EXO.9.6	10
7:1	EXO.14.13	10
7:1	PSA.46.5	9
7:1	EXO.8.23	7
7:1	2KI.20.16	6
7:1	2KI.4.42	5
7:1	2KI.6.25	5
7:1	REV.6.6	5
7:1	JHN.6.9	4
7:1	2KI.6.33	3
7:1	2KI.7.18-2KI.7.19	3
7:1	ISA.1.10	1
7:1	1KI.22.19	0
7:2	GEN.7.11	8
7:2	GEN.18.12-GEN.18.14	8
7:2	MAL.3.10	8
7:2	PSA.78.41	7
7:2	ROM.3.3	7
7:2	2TI.2.13	7
7:2	NUM.11.21-NUM.11.23	6
7:2	2KI.5.18	6
7:2	2CH.20.20	6
7:2	PSA.78.19-PSA.78.21	6
7:2	ISA.7.9	6
7:2	HEB.3.17-HEB.3.19	5
7:2	DEU.3.27	4
7:2	2KI.7.17-2KI.7.20	2
7:3	LEV.13.45-LEV.13.46	8
7:3	NUM.5.2-NUM.5.4	6
7:3	2KI.7.4	4
7:3	NUM.12.14	3
7:3	2KI.8.4	3
7:3	JER.8.14	3
7:3	JER.27.13	3
7:3	2KI.5.1	2
7:4	JER.14.18	5
7:4	2SA.14.14	3
7:4	EST.4.16	3
7:4	JON.3.9	3
7:4	LUK.15.17-LUK.15.19	3
7:4	JER.8.14	2
7:4	JER.37.13-JER.37.14	2
7:4	HEB.9.27	2
7:4	1CH.12.19	1
7:5	DEU.28.7	3
7:5	LEV.27.8	2
7:5	LEV.27.26	2
7:5	DEU.32.25	2
7:5	DEU.32.30	2
7:5	1SA.30.17	2
7:5	EZK.12.6-EZK.12.7	2
7:5	EZK.12.12	2
7:6	2SA.5.24	12
7:6	ISA.31.1	6
7:6	1KI.10.29	5
7:6	REV.9.9	4
7:6	2KI.3.22-2KI.3.27	3
7:6	2CH.12.2-2CH.12.3	3
7:6	JOB.15.21	3
7:6	PSA.14.5	3
7:6	ISA.36.9	3
7:6	EZK.10.5	3
7:6	REV.6.15-REV.6.16	3
7:6	2KI.19.7	2
7:6	JER.20.3-JER.20.4	2
7:7	PSA.48.4-PSA.48.6	5
7:7	PRO.28.1	5
7:7	NUM.35.11-NUM.35.12	2
7:7	JOB.18.11	2
7:7	PSA.20.7-PSA.20.8	2
7:7	PSA.33.17	2
7:7	PRO.6.5	2
7:7	PRO.21.1	2
7:7	ISA.2.20	2
7:7	JER.48.8-JER.48.9	2
7:7	AMO.2.14-AMO.2.16	2
7:7	MAT.24.16-MAT.24.18	2
7:7	HEB.6.18	2
7:7	PSA.68.12	1
7:8	JOS.7.21	3
7:8	MAT.13.44	3
7:8	2KI.5.24	2
7:8	JER.41.8	2
7:8	MAT.25.18	2
7:9	ISA.52.7	8
7:9	PHP.2.4	4
7:9	NUM.32.23	3
7:9	2KI.7.3	3
7:9	2KI.7.6	3
7:9	ISA.41.27	3
7:9	NAM.1.15	3
7:9	HAG.1.4-HAG.1.5	3
7:9	2KI.5.26-2KI.5.27	2
7:9	PRO.24.16	2
7:9	LUK.2.10	2
7:10	2SA.18.26	2
7:10	2KI.7.6-2KI.7.7	2
7:10	2KI.7.11	2
7:10	PSA.127.1	2
7:10	MRK.13.34-MRK.13.35	2
7:12	JOS.8.4	2
7:12	2KI.6.25-2KI.6.29	2
7:13	2KI.5.13	2
7:13	2KI.6.33	2
7:13	2KI.7.4	2
7:13	JER.14.18	2
7:13	LAM.4.9	2
7:15	EST.1.7	2
7:15	JOB.2.4	2
7:15	ISA.2.20	2
7:15	ISA.10.3	2
7:15	ISA.22.24	2
7:15	ISA.31.7	2
7:15	EZK.18.31	2
7:15	MAT.16.26	2
7:15	MAT.24.16-MAT.24.18	2
7:15	PHP.3.7-PHP.3.8	2
7:15	HEB.12.1	2
7:16	2KI.7.1	6
7:16	ISA.33.4	3
7:16	ISA.33.23	3
7:16	NUM.23.19	2
7:16	1SA.17.53	2
7:16	2CH.14.12-2CH.14.15	2
7:16	2CH.20.25	2
7:16	JOB.27.16-JOB.27.17	2
7:16	PSA.68.12	2
7:16	ISA.33.1	2
7:16	ISA.44.26	2
7:16	MAT.24.35	2
7:17	2KI.6.32	3
7:17	2KI.7.2	3
7:17	JDG.20.43	2
7:17	2KI.9.33	2
7:17	ISA.25.10	2
7:17	MIC.7.10	2
7:17	HEB.10.29	2
7:18	GEN.18.14	4
7:18	2KI.6.32	3
7:18	2KI.7.1-2KI.7.2	3
7:19	2KI.7.2	5
7:20	NUM.20.12	2
7:20	2CH.20.20	2
7:20	JOB.20.23	2
7:20	ISA.7.9	2
7:20	JER.17.5-JER.17.6	2
7:20	HEB.3.18-HEB.3.19	2
8:1	RUT.1.1	5
8:1	2KI.4.31-2KI.4.35	5
8:1	PSA.105.16	5
8:1	HAG.1.11	5
8:1	GEN.12.10	4
8:1	2KI.4.18	4
8:1	GEN.41.27-GEN.41.28	3
8:1	LEV.26.26	3
8:1	1KI.17.1	3
8:1	1KI.18.2	3
8:1	LUK.4.25	3
8:1	GEN.26.1	2
8:1	GEN.41.25	2
8:1	GEN.41.32	2
8:1	GEN.47.4	2
8:1	LEV.26.19-LEV.26.20	2
8:1	DEU.28.22-DEU.28.24	2
8:1	DEU.28.38-DEU.28.40	2
8:1	2SA.21.1	2
8:1	2SA.24.13	2
8:1	PSA.107.34	2
8:1	JER.25.29	2
8:1	LUK.21.11	2
8:1	LUK.21.22	2
8:1	ACT.11.28	2
8:2	1TI.5.8	2
8:2	JDG.3.3	1
8:2	1SA.27.1-1SA.27.3	1
8:3	2SA.14.4	2
8:3	2KI.4.13	2
8:3	2KI.6.26	2
8:3	2KI.8.6	2
8:3	PSA.82.3-PSA.82.4	2
8:3	JER.22.16	2
8:3	LUK.18.3-LUK.18.5	2
8:4	2KI.5.20-2KI.5.27	3
8:4	2KI.2.14	2
8:4	2KI.2.20-2KI.2.22	2
8:4	2KI.2.24	2
8:4	2KI.3.14-2KI.3.16	2
8:4	2KI.4.3-2KI.4.6	2
8:4	2KI.4.12	2
8:4	2KI.4.16-2KI.4.17	2
8:4	2KI.5.14	2
8:4	2KI.6.6	2
8:4	2KI.6.9-2KI.6.12	2
8:4	2KI.6.17-2KI.6.20	2
8:4	2KI.6.32	2
8:4	2KI.7.1	2
8:4	2KI.7.3	2
8:4	2KI.7.10	2
8:4	2KI.7.16-2KI.7.20	2
8:4	MAT.2.8	2
8:4	LUK.9.9	2
8:4	LUK.23.8	2
8:4	JHN.9.27	2
8:4	ACT.24.24	2
8:5	2KI.4.35	4
8:5	MAT.10.29-MAT.10.30	3
8:5	RUT.2.3	2
8:5	1SA.26.17	2
8:5	2KI.6.26	2
8:5	EST.5.14	2
8:5	EST.6.11-EST.6.12	2
8:5	PSA.145.1	2
8:5	PRO.16.9	2
8:5	ECC.9.11	2
8:5	ACT.8.27-ACT.8.40	2
8:5	ROM.8.31	2
8:5	2KI.6.12	1
8:6	PRO.16.7	12
8:6	PRO.21.1	11
8:6	2SA.9.7	10
8:6	2KI.9.32	7
8:6	1CH.28.1	7
8:6	GEN.37.36	6
8:6	DEU.22.2	6
8:6	JDG.11.13	3
8:7	1KI.11.24	5
8:7	2KI.6.24	5
8:7	1KI.20.1	3
8:7	GEN.14.15	2
8:7	DEU.33.1	2
8:7	JDG.16.2	2
8:7	1KI.13.1	2
8:7	1KI.15.18	2
8:7	1KI.20.34	2
8:7	2KI.1.9-2KI.1.10	2
8:7	2KI.2.15	2
8:7	2KI.6.12	2
8:7	ISA.7.8	2
8:7	ACT.17.6	2
8:8	1KI.19.15	5
8:8	2KI.1.2	5
8:8	1SA.9.7	4
8:8	1KI.14.1-1KI.14.4	2
8:8	1KI.19.17	2
8:8	2KI.1.6	2
8:8	2KI.3.11-2KI.3.13	2
8:8	2KI.5.5	2
8:8	LUK.13.23	2
8:8	ACT.16.30	2
8:9	1SA.25.8	2
8:9	1KI.19.15	2
8:9	2KI.5.5	2
8:9	2KI.5.13	2
8:9	2KI.6.21	2
8:9	2KI.13.14	2
8:9	2KI.16.7	2
8:9	PHM.1.14	2
8:10	GEN.2.17	2
8:10	GEN.41.39	2
8:10	1KI.22.15	2
8:10	2KI.1.4	2
8:10	2KI.1.16	2
8:10	2KI.8.13-2KI.8.15	2
8:10	JER.38.21	2
8:10	EZK.11.25	2
8:10	EZK.18.13	2
8:10	AMO.3.7	2
8:10	AMO.7.1	2
8:10	AMO.7.4	2
8:10	AMO.7.7	2
8:10	AMO.8.1	2
8:10	ZEC.1.20	2
8:10	REV.22.1	2
8:11	LUK.19.41	4
8:11	PSA.119.136	3
8:11	JER.4.19	3
8:11	JER.9.18	3
8:11	ROM.9.2	3
8:11	GEN.45.2	2
8:11	2KI.2.17	2
8:11	JER.9.1	2
8:11	JER.13.17	2
8:11	JER.14.17	2
8:11	JHN.11.35	2
8:11	ACT.20.19	2
8:11	ACT.20.31	2
8:11	PHP.3.18	2
8:12	HOS.13.16	9
8:12	NAM.3.10	8
8:12	2KI.15.16	7
8:12	2KI.12.17	6
8:12	2KI.13.3	6
8:12	ISA.13.16	5
8:12	AMO.1.13	5
8:12	2KI.13.7	4
8:12	2KI.10.32-2KI.10.33	3
8:12	ISA.13.18	3
8:12	HOS.10.14	3
8:12	1KI.18.13	2
8:12	2KI.4.28	2
8:12	PSA.137.8-PSA.137.9	2
8:12	AMO.1.3-AMO.1.5	2
8:13	1SA.17.43	7
8:13	1KI.19.15	6
8:13	2SA.9.8	4
8:13	2KI.8.10	3
8:13	PSA.22.16	3
8:13	PSA.22.20	3
8:13	MIC.2.1	3
8:13	MAT.7.6	3
8:13	ISA.56.10-ISA.56.11	2
8:13	JER.17.9	2
8:13	MAT.26.33-MAT.26.35	2
8:13	PHP.3.2	2
8:13	REV.22.15	2
8:14	2KI.8.10	4
8:14	2KI.5.25	2
8:14	MAT.26.16	2
8:15	2KI.8.13	4
8:15	1SA.16.12-1SA.16.13	2
8:15	1SA.24.4-1SA.24.7	2
8:15	1SA.24.13	2
8:15	1SA.26.9-1SA.26.11	2
8:15	1KI.11.26-1KI.11.37	2
8:15	1KI.15.28	2
8:15	1KI.16.10	2
8:15	1KI.16.18	2
8:15	1KI.19.15	2
8:15	2KI.9.24	2
8:15	2KI.15.10-2KI.15.14	2
8:15	2KI.15.25	2
8:15	2KI.15.30	2
8:15	PSA.36.4	2
8:15	ISA.33.1	2
8:15	MIC.2.1	2
8:16	2KI.1.17	5
8:16	2KI.3.1	3
8:16	1KI.22.50	2
8:16	2CH.21.1-2CH.21.20	2
8:17	2CH.21.5-2CH.21.10	2
8:18	2KI.8.26	4
8:18	GEN.6.1-GEN.6.5	2
8:18	DEU.7.3-DEU.7.4	2
8:18	1KI.11.1-1KI.11.5	2
8:18	1KI.21.25	2
8:18	1KI.22.52-1KI.22.53	2
8:18	2KI.3.2-2KI.3.3	2
8:18	2KI.9.7-2KI.9.8	2
8:18	2KI.21.3	2
8:18	2KI.21.13	2
8:18	2CH.18.1	2
8:18	2CH.19.2	2
8:18	2CH.21.6	2
8:18	2CH.21.13	2
8:18	2CH.22.1-2CH.22.4	2
8:18	NEH.13.25-NEH.13.26	2
8:18	MIC.6.16	2
8:19	1KI.11.36	9
8:19	2SA.7.12-2SA.7.13	4
8:19	2SA.7.15	3
8:19	ISA.37.35	3
8:19	HOS.11.9	3
8:19	LUK.1.32-LUK.1.33	3
8:19	2SA.21.17	2
8:19	1KI.15.4-1KI.15.5	2
8:19	2KI.19.34	2
8:19	2CH.21.7	2
8:19	ISA.7.14	2
8:19	JER.33.25-JER.33.26	2
8:20	1KI.22.47	5
8:20	2KI.3.9	4
8:20	2KI.3.27	3
8:20	2KI.8.22	3
8:20	GEN.27.40	2
8:20	2SA.8.14	2
8:20	2CH.21.8-2CH.21.10	2
8:21	2SA.18.17	2
8:22	JOS.21.13	4
8:22	2KI.19.8	4
8:22	GEN.27.40	3
8:22	2CH.21.10	2
8:23	1KI.11.41	2
8:23	1KI.14.29	2
8:23	1KI.15.23	2
8:23	2KI.15.6	2
8:23	2KI.15.36	2
8:23	2CH.21.11-2CH.21.20	2
8:24	2CH.21.1	3
8:24	2CH.21.17	3
8:24	2CH.22.6	3
8:24	2CH.25.23	3
8:24	1KI.2.10	2
8:24	1KI.11.43	2
8:24	1KI.14.20	2
8:24	1KI.14.31	2
8:24	1CH.3.11	2
8:24	2CH.21.20-2CH.22.1	2
8:25	2KI.9.29	4
8:25	2KI.8.16-2KI.8.17	2
8:25	2CH.21.20-2CH.22.6	2
8:26	2CH.22.2	3
8:26	2KI.9.21-2KI.9.27	1
8:26	2KI.11.1	1
8:26	2KI.11.13-2KI.11.16	1
8:26	2CH.22.5-2CH.22.8	1
8:27	2KI.8.18	2
8:27	2CH.22.3-2CH.22.4	2
8:27	ECC.7.26	2
8:27	2CO.6.14-2CO.6.17	2
8:28	2CH.22.5	3
8:28	JOS.21.38	2
8:28	1KI.4.13	2
8:28	1KI.19.17	2
8:28	1KI.22.3-1KI.22.4	2
8:28	1KI.22.29	2
8:28	2KI.3.7	2
8:28	2KI.8.12-2KI.8.13	2
8:28	2KI.8.15	2
8:28	2KI.9.15	2
8:28	2CH.18.2-2CH.18.3	2
8:28	2CH.18.31	2
8:28	2CH.19.2	2
8:29	2KI.9.15-2KI.9.16	3
8:29	1KI.22.34	2
8:29	2KI.8.28	2
8:29	2CH.22.5-2CH.22.7	2
9:1	1SA.10.1	6
9:1	2KI.4.29	5
9:1	1SA.16.1	4
9:1	1KI.1.39	4
9:1	2KI.8.28-2KI.8.29	4
9:1	DEU.4.1	3
9:1	2KI.2.3	3
9:1	LUK.12.35-LUK.12.37	3
9:1	1PE.1.13	3
9:1	DEU.4.3	2
9:1	1KI.18.46	2
9:1	1KI.20.35	2
9:1	1KI.22.4	2
9:1	1KI.22.20	2
9:1	2KI.6.1-2KI.6.3	2
9:1	JER.1.17	2
9:1	2KI.4.1	1
9:2	2KI.9.5	5
9:2	2KI.9.11	5
9:2	2KI.9.14	5
9:2	1KI.19.16-1KI.19.17	4
9:2	1KI.20.30	3
9:2	1KI.22.25	3
9:2	2KI.9.20	3
9:3	1KI.19.16	5
9:3	EXO.29.7	3
9:3	LEV.8.12	3
9:3	1SA.9.16	3
9:3	1SA.15.1	3
9:3	1SA.15.17	3
9:3	1SA.16.2	3
9:3	1SA.16.12-1SA.16.13	3
9:3	2KI.8.13	3
9:3	2CH.22.7	3
9:3	PSA.75.6-PSA.75.7	3
9:3	PRO.8.15-PRO.8.16	3
9:3	JER.27.5-JER.27.7	3
9:3	DAN.2.1	3
9:3	DAN.4.35	3
9:3	DAN.5.18	3
9:3	MAT.2.13	3
9:3	JHN.19.10-JHN.19.11	3
9:3	MAT.10.16	2
9:5	JDG.3.19	2
9:6	1KI.19.16	4
9:6	2KI.9.3	4
9:6	2CH.22.7	4
9:6	1KI.1.34	2
9:6	1KI.3.8	2
9:6	1KI.10.9	2
9:6	1KI.14.7	2
9:6	1KI.16.2	2
9:6	PSA.2.6	2
9:6	PSA.75.6	2
9:6	ISA.45.1	2
9:6	DAN.2.21	2
9:6	DAN.4.17	2
9:6	DAN.4.32	2
9:6	DAN.5.20-DAN.5.21	2
9:6	ACT.23.18-ACT.23.19	2
9:7	DEU.32.43	5
9:7	1KI.18.4	5
9:7	1KI.21.15	5
9:7	DEU.32.35	3
9:7	1KI.21.21	3
9:7	1KI.21.25	3
9:7	2KI.9.32-2KI.9.37	3
9:7	PSA.94.1-PSA.94.7	2
9:7	MAT.23.35	2
9:7	LUK.18.7-LUK.18.8	2
9:7	ROM.12.19	2
9:7	ROM.13.4	2
9:7	HEB.10.30	2
9:7	REV.6.9-REV.6.10	2
9:7	REV.18.20	2
9:7	REV.19.2	2
9:8	DEU.32.36	5
9:8	1SA.25.22	5
9:8	2KI.14.26	4
9:8	2KI.10.17	3
9:8	1KI.14.10-1KI.14.11	2
9:8	1KI.21.21-1KI.21.22	2
9:9	1KI.15.29	5
9:9	1KI.21.22	4
9:9	1KI.14.10-1KI.14.11	3
9:9	1KI.16.3-1KI.16.5	3
9:9	1KI.16.11-1KI.16.12	3
9:10	1KI.21.23	6
9:10	2KI.9.35-2KI.9.36	6
9:10	2KI.9.3	3
9:10	JER.22.19	3
9:10	JDG.3.26	2
9:11	JER.29.26	5
9:11	HOS.9.7	4
9:11	JHN.10.20	4
9:11	ACT.26.24	4
9:11	2KI.5.21	3
9:11	2KI.9.17	3
9:11	2KI.9.19	3
9:11	2KI.9.22	3
9:11	MRK.3.21	3
9:11	2KI.4.26	2
9:11	ISA.59.15	2
9:11	ACT.17.18	2
9:11	1CO.4.10	2
9:11	2CO.5.13	2
9:13	1KI.1.34	5
9:13	1KI.1.39	5
9:13	MRK.11.7-MRK.11.8	5
9:13	2SA.15.10	3
9:13	PSA.47.5-PSA.47.7	3
9:13	PSA.98.6	3
9:13	MAT.21.7-MAT.21.8	3
9:14	2KI.8.28	5
9:14	1KI.22.3	3
9:14	1KI.15.27	2
9:14	1KI.16.7	2
9:14	1KI.16.9	2
9:14	1KI.16.16	2
9:14	2KI.8.12-2KI.8.15	2
9:14	2KI.9.31	2
9:14	2KI.10.9	2
9:14	2KI.15.30	2
9:15	2KI.8.29	5
9:15	1SA.27.9-1SA.27.11	2
9:15	2CH.22.6	2
9:16	2KI.8.28-2KI.8.29	2
9:16	2CH.22.6-2CH.22.7	2
9:17	1SA.16.4	3
9:17	1SA.17.22	2
9:17	2SA.13.34	2
9:17	2SA.18.24	2
9:17	1KI.2.15	2
9:17	2KI.7.14	2
9:17	2KI.9.19	2
9:17	ISA.21.6-ISA.21.9	2
9:17	ISA.21.11-ISA.21.12	2
9:17	ISA.56.10	2
9:17	ISA.62.6	2
9:17	EZK.33.2-EZK.33.9	2
9:17	LUK.10.5-LUK.10.6	2
9:17	ACT.20.26-ACT.20.31	2
9:18	2KI.9.19	3
9:18	2KI.9.22	3
9:18	ISA.48.22	2
9:18	ISA.59.8	2
9:18	JER.16.5	2
9:18	ROM.3.17	2
9:20	2SA.18.27	3
9:20	1KI.19.17	2
9:20	2KI.10.16	2
9:20	ECC.9.10	2
9:20	ISA.54.16	2
9:20	DAN.11.44	2
9:20	HAB.1.6	2
9:20	HAB.3.12	2
9:21	1KI.21.1-1KI.21.7	4
9:21	2CH.22.7	4
9:21	NUM.20.14	2
9:21	1KI.20.14	2
9:21	1KI.21.15-1KI.21.19	2
9:21	2KI.9.25-2KI.9.26	2
9:21	MIC.1.13	2
9:22	2CH.21.13	5
9:22	NAM.3.4	5
9:22	1KI.16.30-1KI.16.33	4
9:22	1KI.18.4	3
9:22	1KI.19.1-1KI.19.2	3
9:22	1KI.21.8-1KI.21.10	3
9:22	1KI.21.25	3
9:22	ISA.57.19-ISA.57.21	3
9:22	REV.2.20-REV.2.23	3
9:22	REV.18.3	3
9:22	REV.18.23	3
9:22	1KI.18.19	2
9:22	2KI.9.18	2
9:22	REV.17.4-REV.17.5	2
9:23	2KI.11.14	4
9:23	2CH.23.13	2
9:24	1KI.22.34	4
9:24	JOB.20.23-JOB.20.25	2
9:24	PSA.50.22	2
9:24	PRO.21.30	2
9:24	ECC.8.12-ECC.8.13	2
9:24	1TH.5.3	2
9:25	1KI.21.19	5
9:25	1KI.21.24-1KI.21.29	4
9:25	ISA.13.1	4
9:25	JER.23.33-JER.23.38	2
9:25	NAM.1.1	2
9:25	MAL.1.1	2
9:25	MAT.11.30	2
9:26	1KI.21.19	3
9:26	EXO.20.5	2
9:26	DEU.5.9	2
9:26	DEU.24.16	2
9:26	2CH.24.25	2
9:26	2CH.25.4	2
9:26	EZK.18.19	2
9:27	JDG.1.27	6
9:27	JOS.17.11	4
9:27	NUM.16.26	2
9:27	JDG.5.19	2
9:27	1KI.4.12	2
9:27	1KI.21.2	2
9:27	2KI.8.29	2
9:27	2KI.23.29-2KI.23.30	2
9:27	2CH.22.7-2CH.22.9	2
9:27	PRO.13.20	2
9:27	2CO.6.17	2
9:28	2KI.23.30	3
9:28	2CH.35.24	3
9:28	2KI.12.21	2
9:28	2KI.14.19-2KI.14.20	2
9:28	2KI.23.20	2
9:28	2CH.25.28	2
9:29	2CH.21.18-2CH.21.19	4
9:29	2KI.8.16	2
9:29	2KI.8.24-2KI.8.25	2
9:29	2CH.22.1-2CH.22.2	2
9:30	JER.4.30	8
9:30	EZK.23.40	7
9:30	EZK.24.17	4
9:30	1KI.19.1-1KI.19.2	3
9:30	ISA.3.18-ISA.3.24	3
9:30	1TI.2.9-1TI.2.10	3
9:30	1PE.3.3	3
9:31	1KI.16.9-1KI.16.20	4
9:32	EXO.32.26	2
9:32	1CH.12.18	2
9:32	2CH.11.12	2
9:32	EST.1.10	2
9:32	EST.2.15	2
9:32	EST.2.21	2
9:32	PSA.118.6	2
9:32	PSA.124.1-PSA.124.2	2
9:32	ACT.12.20	2
9:33	MIC.7.10	3
9:33	1KI.21.11	2
9:33	2KI.7.20	2
9:33	2KI.9.26	2
9:33	ISA.25.10	2
9:33	LAM.1.15	2
9:33	MAL.4.3	2
9:33	MAT.5.13	2
9:33	HEB.10.29	2
9:34	1KI.16.31	5
9:34	1KI.21.25	4
9:34	1KI.18.41	2
9:34	EST.3.15	2
9:34	PRO.10.7	2
9:34	ISA.65.15	2
9:34	MAT.25.41	2
9:34	AMO.6.4	1
9:35	JOB.31.3	2
9:35	ECC.6.3	2
9:35	ISA.14.18-ISA.14.20	2
9:35	JER.22.19	2
9:35	JER.36.30	2
9:35	ACT.12.23	2
9:36	1KI.21.23	7
9:36	LEV.8.36	2
9:36	2SA.12.25	1
9:36	2KI.14.25	1
9:37	JER.8.2	5
9:37	PSA.83.10	4
9:37	JER.16.4	4
9:37	ECC.6.3	2
9:37	ISA.14.18-ISA.14.20	2
9:37	JER.9.22	2
9:37	JER.22.19	2
9:37	JER.25.33	2
9:37	JER.36.20	2
9:37	EZK.32.23-EZK.32.30	2
10:1	JDG.8.30	3
10:1	1KI.13.32	3
10:1	DEU.16.18	2
10:1	JDG.10.4	2
10:1	JDG.12.14	2
10:1	1KI.16.24	2
10:1	1KI.16.28	2
10:1	1KI.21.8-1KI.21.14	2
10:1	2KI.5.3	2
10:1	2CH.22.9	2
10:2	2KI.5.6	3
10:3	DEU.17.14-DEU.17.15	2
10:3	1SA.10.24	2
10:3	1SA.11.15	2
10:3	2SA.2.8-2SA.2.9	2
10:3	2SA.2.12-2SA.2.17	2
10:3	1KI.1.24-1KI.1.25	2
10:3	1KI.12.20-1KI.12.21	2
10:3	JHN.18.36	2
10:4	2KI.9.24	3
10:4	2KI.9.27	3
10:4	ISA.27.4	2
10:4	JER.49.19	2
10:4	NAM.1.6	2
10:4	LUK.14.31	2
10:5	JOS.9.11	4
10:5	1KI.20.4	4
10:5	1KI.20.32	4
10:5	JOS.9.8	3
10:5	2KI.18.14	3
10:5	JOS.9.24-JOS.9.25	2
10:5	JER.27.7-JER.27.8	2
10:5	JER.27.17	2
10:5	JHN.12.26	2
10:6	REV.2.20-REV.2.23	3
10:6	NUM.25.4	2
10:6	DEU.5.9	2
10:6	JOS.7.24-JOS.7.25	2
10:6	1KI.21.8-1KI.21.11	2
10:6	2KI.9.32	2
10:6	JOB.21.19	2
10:6	ISA.14.21-ISA.14.22	2
10:6	MAT.12.30	2
10:6	LUK.9.50	2
10:7	1KI.21.21	4
10:7	2KI.11.1	3
10:7	JDG.9.5-JDG.9.57	2
10:7	2KI.10.9	2
10:7	2CH.21.4	2
10:7	MAT.14.8-MAT.14.11	2
10:8	DEU.21.23	2
10:8	2SA.11.18-2SA.11.21	2
10:8	1KI.21.14	2
10:8	MRK.6.28	2
10:9	2KI.9.14-2KI.9.24	3
10:9	1SA.12.3	2
10:9	ISA.5.3	2
10:9	HOS.1.4	2
10:10	1KI.21.29	8
10:10	1KI.21.19	7
10:10	2KI.9.7-2KI.9.10	6
10:10	1KI.21.21-1KI.21.24	4
10:10	2KI.9.36	4
10:10	ZEC.1.6	4
10:10	1SA.3.19	3
10:10	1SA.15.29	3
10:10	JER.44.28-JER.44.29	2
10:10	MRK.13.31	2
10:11	JOB.18.19	3
10:11	JOS.10.30	2
10:11	JOS.11.8	2
10:11	1KI.14.10	2
10:11	1KI.15.29	2
10:11	1KI.16.11	2
10:11	1KI.18.19	2
10:11	1KI.18.40	2
10:11	1KI.21.22	2
10:11	1KI.22.6	2
10:11	2KI.23.20	2
10:11	PSA.109.13	2
10:11	PSA.125.5	2
10:11	PRO.13.20	2
10:11	ISA.14.21-ISA.14.22	2
10:11	HOS.1.4	2
10:11	REV.19.20	2
10:11	REV.20.10	2
10:13	2KI.8.29	5
10:13	2KI.8.24	4
10:13	2CH.21.17	3
10:13	2KI.9.21-2KI.9.27	2
10:13	2CH.22.1-2CH.22.10	2
10:14	1KI.20.18	2
10:14	2KI.8.18	2
10:14	2KI.10.6	2
10:14	2KI.10.10-2KI.10.11	2
10:14	2KI.11.1	2
10:14	2CH.22.8	2
10:14	2CH.22.10	2
10:15	JER.35.14-JER.35.19	5
10:15	1CH.2.55	4
10:15	EZR.10.19	4
10:15	EZK.17.18	4
10:15	1CH.12.17-1CH.12.18	3
10:15	GAL.4.12	3
10:15	GEN.31.55	2
10:15	GEN.47.7	2
10:15	GEN.47.10	2
10:15	2KI.9.21	2
10:15	2KI.10.13	2
10:15	JER.35.6-JER.35.10	2
10:15	JHN.21.15-JHN.21.17	2
10:15	ACT.8.31	2
10:15	GAL.2.9	2
10:16	1KI.19.10	5
10:16	2KI.10.31	3
10:16	MAT.6.5	3
10:16	NUM.23.4	2
10:16	NUM.24.13-NUM.24.16	2
10:16	1KI.19.14	2
10:16	1KI.19.17	2
10:16	2KI.9.7-2KI.9.9	2
10:16	PRO.27.2	2
10:16	EZK.33.31	2
10:16	MAT.6.2	2
10:16	ROM.10.2	2
10:17	2KI.9.8	6
10:17	2CH.22.8	3
10:17	1KI.21.21	2
10:17	2KI.9.25-2KI.9.26	2
10:17	2KI.10.10-2KI.10.11	2
10:17	PSA.109.8-PSA.109.9	2
10:17	MAL.4.1	2
10:18	1KI.16.31-1KI.16.32	5
10:18	1KI.18.19	2
10:18	1KI.18.22	2
10:18	1KI.18.40	2
10:18	2KI.3.2	2
10:18	JOB.13.7	2
10:18	ROM.3.8	2
10:18	PHP.4.8	2
10:19	1KI.22.6	5
10:19	1KI.18.19	3
10:19	2KI.3.13	2
10:19	2KI.10.18	2
10:19	JOB.13.7	2
10:19	PRO.29.5	2
10:19	2CO.4.2	2
10:19	2CO.11.3	2
10:19	2CO.11.13-2CO.11.15	2
10:19	2CO.12.16-2CO.12.18	2
10:19	1TH.2.3	2
10:20	JOL.1.14	5
10:20	EXO.32.5	3
10:20	1KI.18.19-1KI.18.20	2
10:20	1KI.21.12	2
10:21	1KI.16.32	4
10:21	JDG.16.27	2
10:21	2KI.11.18	2
10:21	JOL.3.2	2
10:21	JOL.3.11-JOL.3.14	2
10:21	REV.16.16	2
10:22	EXO.28.2	2
10:22	MAT.22.11-MAT.22.12	2
10:23	MAT.13.30	2
10:23	MAT.13.41	2
10:23	MAT.25.32-MAT.25.33	2
10:24	1KI.20.30-1KI.20.42	3
10:25	REV.16.6-REV.16.7	4
10:25	1KI.18.40	3
10:25	EZK.22.21-EZK.22.22	3
10:25	EXO.32.27	2
10:25	DEU.13.6-DEU.13.11	2
10:25	EZK.9.5-EZK.9.7	2
10:26	1KI.14.23	5
10:26	2SA.5.21	2
10:26	2KI.3.2	2
10:26	2KI.19.18	2
10:27	EZR.6.11	4
10:27	DAN.2.5	4
10:27	DAN.3.29	4
10:27	1KI.16.32	3
10:27	LEV.26.30	2
10:27	DEU.7.5	2
10:27	DEU.7.25	2
10:27	2KI.18.4	2
10:27	2KI.23.7-2KI.23.14	2
10:27	2CH.34.3-2CH.34.7	2
10:29	1KI.12.28-1KI.12.30	7
10:29	1KI.13.33-1KI.13.34	3
10:29	1KI.14.16	3
10:29	GEN.20.9	2
10:29	EXO.32.4	2
10:29	EXO.32.21	2
10:29	1SA.2.24	2
10:29	2KI.13.2	2
10:29	2KI.13.11	2
10:29	2KI.14.24	2
10:29	2KI.15.9	2
10:29	2KI.15.18	2
10:29	2KI.15.24	2
10:29	2KI.15.28	2
10:29	2KI.17.22	2
10:29	HOS.8.5-HOS.8.6	2
10:29	HOS.10.5	2
10:29	HOS.13.2	2
10:29	MRK.6.24-MRK.6.26	2
10:29	1CO.8.9-1CO.8.13	2
10:29	GAL.2.12-GAL.2.13	2
10:30	2KI.10.35	5
10:30	2KI.13.1	4
10:30	2KI.13.10	3
10:30	2KI.14.23	3
10:30	1SA.15.18-1SA.15.24	2
10:30	1KI.20.42	2
10:30	1KI.21.22	2
10:30	1KI.21.29	2
10:30	2KI.15.8-2KI.15.12	2
10:30	EZK.29.18-EZK.29.20	2
10:30	HOS.1.4	2
10:31	2KI.10.29	7
10:31	PRO.4.23	7
10:31	PSA.78.10	3
10:31	HEB.2.1	3
10:31	DEU.4.15	2
10:31	DEU.4.23	2
10:31	DEU.5.33	2
10:31	DEU.10.12-DEU.10.13	2
10:31	1KI.2.4	2
10:31	1KI.14.16	2
10:31	2KI.3.3	2
10:31	2CH.6.16	2
10:31	NEH.10.29	2
10:31	PSA.39.1	2
10:31	PSA.119.9	2
10:31	EZK.36.27	2
10:31	DAN.9.10	2
10:31	HEB.12.15	1
10:32	1KI.19.17	5
10:32	2KI.8.12	5
10:32	2KI.13.22	3
10:32	2KI.13.25	3
10:32	2KI.14.25	1
10:33	AMO.1.3-AMO.1.4	4
10:33	DEU.2.36	3
10:33	NUM.32.33-NUM.32.42	2
10:33	DEU.3.12-DEU.3.17	2
10:33	JOS.13.9-JOS.13.12	2
10:34	1KI.11.41	2
10:34	1KI.14.19	2
10:34	1KI.14.29	2
10:34	2KI.12.19	2
10:34	2KI.13.8	2
10:35	2SA.7.12	2
10:35	1KI.1.21	2
10:35	1KI.2.10	2
10:35	1KI.14.20	2
10:35	1KI.14.31	2
10:35	2KI.13.1	2
10:35	2KI.13.7-2KI.13.8	2
11:1	JER.41.1	6
11:1	2KI.25.25	5
11:1	2CH.22.10-2CH.22.12	5
11:1	2CH.24.7	4
11:1	MAT.2.16	4
11:1	2KI.8.26	3
11:1	2KI.9.27	3
11:1	MAT.21.38-MAT.21.39	3
11:1	MAT.2.13	2
11:2	1KI.6.8	2
11:2	1KI.6.10	2
11:2	2KI.8.16	2
11:2	2KI.8.19	2
11:2	2KI.11.21-2KI.12.2	2
11:2	2CH.22.11	2
11:2	PRO.21.30	2
11:2	ISA.7.6-ISA.7.7	2
11:2	ISA.37.35	2
11:2	ISA.65.8-ISA.65.9	2
11:2	JER.33.17	2
11:2	JER.33.21	2
11:2	JER.33.26	2
11:2	JER.35.2	2
11:2	EZK.40.45	2
11:2	1KI.6.5-1KI.6.6	1
11:3	2CH.22.12	2
11:3	PSA.12.8	2
11:3	MAL.3.15	2
11:4	2KI.11.9	4
11:4	2KI.11.19	4
11:4	2KI.11.17	3
11:4	2CH.15.12	3
11:4	GEN.50.25	2
11:4	JOS.24.25	2
11:4	1SA.18.3	2
11:4	1SA.23.18	2
11:4	1KI.18.10	2
11:4	2KI.23.3	2
11:4	1CH.9.13	2
11:4	2CH.23.1-2CH.23.21	2
11:4	2CH.29.10	2
11:4	2CH.34.31-2CH.34.32	2
11:4	NEH.5.12	2
11:4	NEH.9.38	2
11:4	NEH.10.29	2
11:4	ACT.5.24	2
11:4	ACT.5.26	2
11:5	1CH.9.25	5
11:5	1KI.10.5	2
11:5	2KI.11.19	2
11:5	2KI.16.18	2
11:5	1CH.23.3-1CH.23.6	2
11:5	1CH.23.32	2
11:5	1CH.24.3-1CH.24.6	2
11:5	JER.26.10	2
11:5	EZK.44.2-EZK.44.3	2
11:5	EZK.46.2-EZK.46.3	2
11:5	LUK.1.8-LUK.1.9	2
11:6	1CH.26.13-1CH.26.19	2
11:6	2CH.23.4-2CH.23.5	2
11:7	2KI.11.5	2
11:7	2CH.23.6	2
11:8	2CH.23.7	3
11:8	EXO.21.14	2
11:8	NUM.27.17	2
11:8	1KI.2.28-1KI.2.31	2
11:8	2KI.11.15	2
11:9	2CH.23.8	3
11:9	2KI.11.4	2
11:9	1CH.26.26	2
11:10	2SA.8.7	5
11:10	1CH.18.7	3
11:10	1SA.21.9	2
11:10	1CH.26.26-1CH.26.27	2
11:10	2CH.5.1	2
11:10	2CH.23.9-2CH.23.10	2
11:11	EXO.40.6	2
11:11	2KI.11.8	2
11:11	2KI.11.10	2
11:11	2CH.6.12	2
11:11	EZK.8.16	2
11:11	JOL.2.17	2
11:11	MAT.23.35	2
11:11	LUK.11.51	2
11:12	1SA.10.24	6
11:12	EXO.25.16	5
11:12	EXO.31.18	4
11:12	2SA.1.10	4
11:12	1KI.1.39	4
11:12	DEU.17.18-DEU.17.20	3
11:12	1SA.10.1	3
11:12	2SA.16.16	3
11:12	2KI.11.2	3
11:12	PSA.47.1	3
11:12	PSA.98.8	3
11:12	ISA.55.12	3
11:12	1SA.16.13	2
11:12	2SA.2.4	2
11:12	2SA.2.7	2
11:12	2SA.5.3	2
11:12	2SA.12.30	2
11:12	1KI.1.34	2
11:12	2KI.9.3	2
11:12	2KI.11.4	2
11:12	2CH.23.11	2
11:12	EST.2.17	2
11:12	EST.6.8	2
11:12	PSA.21.3	2
11:12	PSA.72.15-PSA.72.17	2
11:12	PSA.78.5	2
11:12	PSA.89.39	2
11:12	PSA.132.18	2
11:12	ISA.8.16	2
11:12	ISA.8.20	2
11:12	LAM.4.20	2
11:12	DAN.3.9	2
11:12	DAN.6.21	2
11:12	MAT.21.9	2
11:12	MAT.27.29	2
11:12	ACT.4.27	2
11:12	2CO.1.21	2
11:12	HEB.1.9	2
11:12	HEB.2.9	2
11:12	REV.19.12	2
11:13	2CH.23.12-2CH.23.15	2
11:14	2CH.34.31	6
11:14	2KI.23.3	5
11:14	2KI.9.23	4
11:14	1KI.1.39-1KI.1.40	3
11:14	LUK.19.37	3
11:14	REV.19.1-REV.19.7	3
11:14	GEN.37.29	2
11:14	GEN.44.13	2
11:14	NUM.10.1-NUM.10.10	2
11:14	1KI.18.17-1KI.18.18	2
11:14	2KI.11.1-2KI.11.2	2
11:14	2KI.11.10-2KI.11.11	2
11:14	1CH.12.40	2
11:14	PRO.29.2	2
11:15	2KI.11.4	2
11:15	2KI.11.9-2KI.11.10	2
11:15	2CH.23.9	2
11:15	2CH.23.14	2
11:15	EZK.9.7	2
11:15	EZK.21.14	2
11:16	GEN.9.6	3
11:16	JDG.1.7	2
11:16	2CH.23.15	2
11:16	MAT.7.2	2
11:16	JAS.2.13	2
11:16	REV.16.5-REV.16.7	2
11:17	2SA.5.3	6
11:17	2CH.15.12-2CH.15.14	5
11:17	JOS.24.25	4
11:17	2CH.34.31	4
11:17	1SA.10.25	3
11:17	2CH.29.10	3
11:17	EZR.10.3	3
11:17	DEU.5.2-DEU.5.3	2
11:17	DEU.29.1-DEU.29.15	2
11:17	2KI.11.4	2
11:17	1CH.11.3	2
11:17	2CH.23.16	2
11:17	NEH.5.12-NEH.5.13	2
11:17	NEH.9.38	2
11:17	NEH.10.28-NEH.10.29	2
11:17	ROM.13.1-ROM.13.6	2
11:17	2CO.8.5	2
11:18	DEU.12.3	5
11:18	1KI.18.40	4
11:18	2KI.10.26	4
11:18	2KI.18.4	4
11:18	DEU.13.5	3
11:18	EXO.32.20	2
11:18	DEU.13.9	2
11:18	2KI.9.25-2KI.9.28	2
11:18	2KI.23.4-2KI.23.6	2
11:18	2KI.23.10	2
11:18	2KI.23.14	2
11:18	2CH.21.17	2
11:18	2CH.23.17-2CH.23.20	2
11:18	2CH.34.4	2
11:18	2CH.34.7	2
11:18	ISA.2.18	2
11:18	ZEC.13.2-ZEC.13.3	2
11:19	1KI.1.13	2
11:19	2KI.11.4-2KI.11.6	2
11:19	1CH.29.23	2
11:19	2CH.23.5	2
11:19	2CH.23.19	2
11:19	JER.17.25	2
11:19	JER.22.4	2
11:19	JER.22.30	2
11:19	MAT.19.28	2
11:19	MAT.25.31	2
11:20	PRO.11.10	4
11:20	PRO.29.2	3
11:20	2KI.11.14	2
11:20	2CH.23.21	2
11:21	2CH.24.1-2CH.24.14	5
11:21	2KI.11.4	2
11:21	2KI.22.1	2
12:1	2KI.9.27	2
12:1	2KI.11.1-2KI.11.4	2
12:1	2KI.11.21	2
12:1	1CH.3.11	2
12:1	2CH.24.1-2CH.24.14	2
12:2	2KI.14.3	2
12:2	2CH.24.2	2
12:2	2CH.24.17-2CH.24.22	2
12:2	2CH.25.2	2
12:2	2CH.26.4	2
12:3	2KI.14.4	6
12:3	1KI.15.14	3
12:3	1KI.22.43	3
12:3	2KI.15.35	3
12:3	2KI.18.4	3
12:3	2CH.31.4	2
12:3	JER.2.20	2
12:4	2KI.22.4	7
12:4	EXO.30.12-EXO.30.16	5
12:4	EXO.35.5	5
12:4	EXO.35.29	4
12:4	1CH.29.3-1CH.29.9	4
12:4	EXO.35.22	3
12:4	EXO.25.1-EXO.25.2	2
12:4	EXO.36.3	2
12:4	LEV.5.15-LEV.5.16	2
12:4	LEV.27.2-LEV.27.8	2
12:4	LEV.27.12-LEV.27.27	2
12:4	LEV.27.31	2
12:4	1KI.7.1	2
12:4	2KI.12.18	2
12:4	1CH.29.17	2
12:4	2CH.15.18	2
12:4	2CH.24.9-2CH.24.10	2
12:4	2CH.29.4-2CH.29.11	2
12:4	2CH.31.12	2
12:4	2CH.35.2	2
12:4	EZR.1.6	2
12:4	EZR.2.69	2
12:4	EZR.7.16	2
12:4	EZR.8.25-EZR.8.28	2
12:4	LUK.21.4	2
12:4	1CH.18.11	1
12:5	ISA.58.12	3
12:5	1KI.11.27	2
12:5	2KI.12.12	2
12:5	2KI.22.5-2KI.22.6	2
12:5	2CH.24.5	2
12:5	2CH.24.7	1
12:6	1SA.2.29-1SA.2.30	2
12:6	2CH.29.34	2
12:6	ISA.56.10-ISA.56.12	2
12:6	MAL.1.10	2
12:6	PHP.2.21	2
12:6	1PE.5.2	2
12:7	2KI.11.4	2
12:7	2KI.12.2	2
12:7	1CH.21.3	2
12:7	2CH.23.1	2
12:7	2CH.24.5-2CH.24.14	2
12:7	2CH.24.16	2
12:9	MRK.12.41	6
12:9	1CH.15.24	3
12:9	PSA.84.10	3
12:9	JER.35.4	3
12:9	LUK.21.1	3
12:9	2KI.22.4	2
12:9	2KI.23.4	2
12:9	2KI.25.18	2
12:9	1CH.15.18	2
12:9	2CH.24.8-2CH.24.14	2
12:9	JER.52.24	2
12:10	2SA.8.17	4
12:10	2KI.19.2	3
12:10	2KI.22.12	3
12:10	2SA.20.25	2
12:10	2KI.5.23	2
12:10	2KI.22.3-2KI.22.4	2
12:11	2KI.22.5-2KI.22.6	2
12:11	2CH.24.11-2CH.24.12	2
12:11	2CH.34.9-2CH.34.11	2
12:12	2KI.22.5-2KI.22.6	3
12:12	1KI.5.17-1KI.5.18	2
12:12	EZR.3.7	2
12:12	EZR.5.8	2
12:12	LUK.21.5	2
12:13	2CH.24.14	5
12:13	1KI.7.48-1KI.7.50	3
12:13	NUM.7.13-NUM.7.14	2
12:13	NUM.10.2	2
12:13	EZR.1.9-EZR.1.11	2
12:15	2KI.22.7	5
12:15	2CH.34.12	2
12:15	NEH.7.2	2
12:15	MAT.24.45	2
12:15	LUK.16.1	2
12:15	LUK.16.10-LUK.16.11	2
12:15	1CO.4.2-1CO.4.3	2
12:15	3JN.1.5	2
12:16	LEV.7.7	5
12:16	LEV.5.15-LEV.5.18	4
12:16	LEV.4.24	3
12:16	LEV.4.29	3
12:16	NUM.5.8-NUM.5.10	2
12:16	NUM.18.8-NUM.18.9	2
12:16	NUM.18.19	2
12:16	HOS.4.8	2
12:17	2CH.24.23-2CH.24.24	4
12:17	1SA.27.2	2
12:17	1KI.2.39-1KI.2.40	2
12:17	1KI.19.17	2
12:17	2KI.8.12-2KI.8.15	2
12:17	1CH.8.13	2
12:17	1CH.18.1	2
12:17	JER.42.15	2
12:17	LUK.9.51	2
12:17	LUK.9.53	2
12:18	1KI.15.18	5
12:18	2KI.18.15-2KI.18.16	4
12:18	1KI.14.26	2
12:18	2KI.12.4	2
12:18	2KI.16.8	2
12:18	2CH.16.2	2
12:19	1KI.14.29	3
12:19	1KI.11.41	2
12:19	1KI.14.19	2
12:19	2KI.8.23	2
12:20	2KI.14.5	4
12:20	2CH.24.24-2CH.24.27	4
12:20	JDG.9.6	3
12:20	2SA.5.9	3
12:20	1KI.11.27	2
12:20	2CH.25.27	1
12:20	2CH.33.24	1
12:21	2KI.14.1	2
12:21	2CH.24.26-2CH.24.27	2
13:1	2KI.8.26	2
13:1	2KI.10.35-2KI.10.36	2
13:1	2KI.11.4	2
13:1	2KI.11.21	2
13:2	1KI.12.26-1KI.12.33	4
13:2	1KI.14.16	3
13:2	2KI.10.29	2
13:2	2KI.13.11	2
13:2	HOS.5.11	2
13:3	1KI.19.17	5
13:3	2KI.13.24-2KI.13.25	5
13:3	JDG.2.14	4
13:3	2KI.12.17	3
13:3	LEV.26.17	2
13:3	DEU.4.24-DEU.4.27	2
13:3	DEU.28.25	2
13:3	JDG.3.8	2
13:3	JDG.10.7-JDG.10.14	2
13:3	2KI.8.12-2KI.8.13	2
13:3	2KI.13.22	2
13:3	ISA.10.5-ISA.10.6	2
13:3	HEB.12.29	2
13:4	2KI.14.26	8
13:4	EXO.3.7	6
13:4	PSA.78.34	5
13:4	JER.33.3	4
13:4	GEN.21.17	3
13:4	EXO.3.9	3
13:4	NUM.21.7	3
13:4	JDG.10.15-JDG.10.16	3
13:4	PSA.50.15	3
13:4	ISA.63.9	3
13:4	GEN.31.42	2
13:4	JDG.6.6-JDG.6.7	2
13:4	JDG.10.10	2
13:4	2KI.13.22	2
13:4	2CH.33.12-2CH.33.13	2
13:4	2CH.33.19	2
13:4	PSA.106.43-PSA.106.44	2
13:4	JER.2.27	2
13:4	ISA.26.16	1
13:5	2KI.13.25	4
13:5	2KI.14.25	4
13:5	2KI.14.27	4
13:5	NEH.9.27	4
13:5	EXO.4.10	2
13:5	DEU.19.4	2
13:5	1SA.19.7	2
13:5	1CH.11.2	2
13:5	ISA.19.20	2
13:5	OBA.1.21	2
13:5	LUK.2.11	2
13:6	1KI.16.33	5
13:6	2KI.13.2	4
13:6	DEU.7.5	2
13:6	DEU.32.15-DEU.32.18	2
13:6	1KI.15.3	2
13:6	1KI.16.26	2
13:6	2KI.10.29	2
13:6	2KI.17.16	2
13:6	2KI.17.20-2KI.17.23	2
13:6	2KI.18.4	2
13:6	2KI.23.4	2
13:7	AMO.1.3	4
13:7	2KI.10.32	3
13:7	1SA.13.6-1SA.13.7	2
13:7	1SA.13.15	2
13:7	1SA.13.19-1SA.13.23	2
13:7	1KI.20.15	2
13:7	1KI.20.27	2
13:7	2KI.8.12	2
13:7	PSA.18.42	2
13:7	ISA.36.8	2
13:7	ISA.41.2	2
13:7	ISA.41.15-ISA.41.16	2
13:7	JOL.3.14	2
13:8	1KI.11.4	2
13:8	1KI.14.19-1KI.14.20	2
13:8	1KI.14.29	2
13:8	1KI.14.31	2
13:8	2KI.10.34-2KI.10.35	2
13:9	1KI.14.13	2
13:9	2KI.10.35	2
13:9	2KI.13.10	2
13:9	2KI.13.13	2
13:9	2KI.14.8	2
13:11	2KI.13.2	3
13:11	2KI.3.3	2
13:11	2KI.10.29	2
13:11	2KI.13.6	2
13:12	2KI.13.14-2KI.13.25	2
13:12	2KI.14.8-2KI.14.16	2
13:12	2KI.14.25	2
13:12	2CH.25.17-2CH.25.24	2
13:13	2SA.7.12	2
13:13	1KI.1.21	2
13:13	1KI.2.10	2
13:13	1KI.11.31	2
13:13	2KI.14.28-2KI.14.29	2
13:14	2KI.2.12	6
13:14	PHP.2.26	6
13:14	GEN.48.1	5
13:14	2KI.20.1	5
13:14	JHN.11.3	5
13:14	ISA.57.1	3
13:14	MRK.6.20	3
13:14	2KI.6.21	2
13:14	PSA.12.1	2
13:14	PRO.11.11	2
13:14	EZK.14.14	2
13:14	EZK.22.30	2
13:14	ZEC.1.5	2
13:14	ACT.13.36	2
13:16	GEN.49.24	2
13:16	2KI.4.34	2
13:16	PSA.144.1	2
13:17	1KI.20.26	6
13:17	2KI.5.10-2KI.5.14	4
13:17	JHN.11.39-JHN.11.41	3
13:17	1CO.1.18	3
13:17	EXO.4.2	2
13:17	EXO.4.17	2
13:17	JDG.7.9-JDG.7.20	2
13:17	1SA.4.1	2
13:17	2SA.5.24	2
13:17	JHN.2.5-JHN.2.8	2
13:18	2KI.4.6	2
13:18	EXO.17.11	1
13:18	ISA.20.2-ISA.20.4	1
13:18	EZK.4.1-EZK.4.10	1
13:18	EZK.5.1-EZK.5.4	1
13:18	EZK.12.1-EZK.12.7	1
13:19	2KI.13.25	7
13:19	LEV.10.16	2
13:19	NUM.16.15	2
13:19	2KI.1.9-2KI.1.15	2
13:19	2KI.4.16	2
13:19	2KI.4.40	2
13:19	2KI.6.9	2
13:19	MRK.3.5	2
13:19	MRK.6.5	2
13:19	MRK.10.14	2
13:20	2KI.24.2	5
13:20	2KI.3.7	3
13:20	JDG.3.12	2
13:20	JDG.6.3-JDG.6.6	2
13:20	2KI.3.5	2
13:20	2KI.3.24-2KI.3.27	2
13:20	2KI.5.2	2
13:20	2KI.6.23	2
13:20	2CH.24.16	2
13:20	ACT.8.2	2
13:21	ACT.19.12	8
13:21	2KI.4.35	7
13:21	EZK.37.1-EZK.37.10	7
13:21	JHN.5.28-JHN.5.29	7
13:21	JHN.5.25	6
13:21	ACT.5.15	6
13:21	ISA.26.19	5
13:21	MAT.27.52-MAT.27.53	5
13:21	JHN.11.44	5
13:21	REV.11.11	5
13:22	2KI.8.12	5
13:22	2KI.13.3-2KI.13.7	2
13:22	PSA.106.40-PSA.106.42	2
13:23	PSA.105.8	8
13:23	2KI.14.27	7
13:23	MIC.7.18-MIC.7.20	7
13:23	EXO.2.24-EXO.2.25	6
13:23	PSA.86.15	6
13:23	GEN.13.16-GEN.13.17	5
13:23	GEN.17.2-GEN.17.5	3
13:23	1KI.8.28	3
13:23	2KI.17.18	3
13:23	2KI.24.20	3
13:23	GEN.6.3	2
13:23	GEN.17.7-GEN.17.8	2
13:23	EXO.3.6-EXO.3.7	2
13:23	EXO.32.13-EXO.32.14	2
13:23	EXO.33.19	2
13:23	EXO.34.6-EXO.34.7	2
13:23	LEV.26.42	2
13:23	DEU.32.36	2
13:23	JDG.10.16	2
13:23	NEH.9.31-NEH.9.32	2
13:23	PSA.51.11	2
13:23	ISA.30.18-ISA.30.19	2
13:23	JER.12.15	2
13:23	LAM.3.32	2
13:23	MAT.25.41	2
13:23	LUK.1.54-LUK.1.55	2
13:23	LUK.1.72-LUK.1.73	2
13:23	2TH.1.9	2
13:24	PSA.125.3	2
13:24	LUK.18.7	2
13:25	2KI.13.18-2KI.13.19	5
13:25	2KI.10.32	3
13:25	2KI.14.25	2
14:1	2KI.13.10	4
14:1	2CH.25.1-2CH.25.4	3
14:1	2KI.14.15	2
14:1	1CH.3.12	2
14:3	2CH.25.2-2CH.25.3	3
14:3	1KI.11.4	2
14:3	1KI.15.3	2
14:3	2KI.12.2	2
14:3	2CH.24.2	2
14:3	2CH.24.17	2
14:3	2CH.25.14-2CH.25.16	2
14:3	JER.16.19	2
14:3	ZEC.1.4-ZEC.1.6	2
14:3	1PE.1.18	2
14:4	2KI.12.3	5
14:4	2KI.16.4	3
14:4	2KI.15.4	2
14:4	2KI.15.35	2
14:5	NUM.35.33	3
14:5	2KI.12.20-2KI.12.21	3
14:5	2CH.25.3-2CH.25.4	3
14:5	GEN.9.6	2
14:5	EXO.21.12-EXO.21.14	2
14:6	DEU.24.16	22
14:6	EZK.18.20	16
14:6	EZK.18.4	14
14:6	JER.31.30	9
14:7	2SA.8.13	5
14:7	JOS.15.38	4
14:7	1CH.18.12	4
14:7	PSA.60.1	3
14:7	2KI.8.20-2KI.8.22	2
14:7	2CH.25.11-2CH.25.12	2
14:7	ISA.16.1	2
14:8	2CH.25.17-2CH.25.24	4
14:8	2SA.2.14-2SA.2.17	3
14:8	2KI.14.11	3
14:8	PRO.13.10	2
14:8	PRO.17.14	2
14:8	PRO.18.6	2
14:8	PRO.20.18	2
14:8	PRO.25.8	2
14:9	JDG.9.8-JDG.9.15	5
14:9	1SA.13.6	2
14:9	2SA.12.1-2SA.12.4	2
14:9	1KI.4.33	2
14:9	2CH.25.10-2CH.25.13	2
14:9	2CH.25.18	2
14:9	2CH.33.11	2
14:9	JOB.31.18	2
14:9	PRO.26.9	2
14:9	SNG.2.2	2
14:9	ISA.34.13	2
14:9	EZK.20.49	2
14:9	HOS.9.6	2
14:10	DEU.8.14	5
14:10	2CH.26.16	5
14:10	2CH.32.25	4
14:10	PRO.3.30	3
14:10	PRO.15.18	3
14:10	PRO.16.18	3
14:10	PRO.20.3	3
14:10	EXO.8.9	2
14:10	2KI.14.7	2
14:10	2CH.35.21	2
14:10	PRO.17.14	2
14:10	PRO.25.8	2
14:10	PRO.26.17	2
14:10	JER.9.23-JER.9.24	2
14:10	EZK.38.2	2
14:10	EZK.38.5	2
14:10	EZK.38.17	2
14:10	DAN.5.20-DAN.5.23	2
14:10	HAB.2.4	2
14:10	LUK.14.31-LUK.14.32	2
14:10	JAS.1.9	2
14:10	JAS.4.6	2
14:11	JOS.19.38	3
14:11	JOS.15.10	2
14:11	JOS.21.16	2
14:11	1SA.6.9-1SA.6.19	2
14:11	2CH.25.16	2
14:11	2CH.25.20	2
14:12	2SA.18.17	4
14:12	1SA.4.10	3
14:12	1KI.22.36	2
14:13	NEH.8.16	5
14:13	NEH.12.39	4
14:13	JER.31.38	4
14:13	ZEC.14.10	4
14:13	2KI.25.6	2
14:13	2CH.25.23-2CH.25.24	2
14:13	2CH.33.11	2
14:13	2CH.36.6	2
14:13	JOB.40.11-JOB.40.12	2
14:13	PRO.16.18	2
14:13	PRO.29.23	2
14:13	ISA.2.11-ISA.2.12	2
14:13	DAN.4.37	2
14:13	LUK.14.11	2
14:13	2CH.36.10	1
14:14	1KI.7.51	3
14:14	1KI.14.26	3
14:14	1KI.15.18	2
14:14	2KI.12.18	2
14:14	2KI.18.23	2
14:14	2KI.24.13	2
14:14	2KI.25.15	2
14:15	1KI.14.19-1KI.14.20	2
14:15	2KI.10.34-2KI.10.35	2
14:15	2KI.13.12-2KI.13.13	2
14:16	2SA.7.12	2
14:16	1KI.1.21	2
14:16	2KI.13.9	2
14:16	2KI.13.13	2
14:16	HOS.1.1	2
14:16	AMO.1.1	2
14:16	AMO.7.10-AMO.7.11	2
14:17	2CH.25.25-2CH.25.28	4
14:17	2KI.13.10	2
14:17	2KI.14.1-2KI.14.2	2
14:17	2KI.14.23	2
14:18	1KI.11.41	2
14:18	1KI.14.29	2
14:18	2KI.13.8	2
14:18	2KI.13.12	2
14:19	JOS.10.31	3
14:19	JOS.10.3	2
14:19	2KI.12.20-2KI.12.21	2
14:19	2KI.15.10	2
14:19	2KI.15.14	2
14:19	2KI.15.25	2
14:19	2KI.15.30	2
14:19	2KI.18.14	2
14:19	2KI.18.17	2
14:19	2KI.21.23	2
14:19	2CH.25.27-2CH.25.28	2
14:19	MIC.1.13	2
14:20	2KI.9.28	3
14:20	1KI.2.10	2
14:20	1KI.11.43	2
14:20	2KI.8.24	2
14:20	2KI.12.21	2
14:20	2CH.21.20	2
14:20	2CH.26.23	2
14:20	2CH.33.20	2
14:21	2KI.15.13	2
14:21	2KI.21.24	2
14:21	1CH.3.12	2
14:21	MAT.1.8-MAT.1.9	2
14:21	2CH.26.1	1
14:22	2KI.16.6	6
14:22	1KI.9.26	5
14:22	DEU.2.8	3
14:22	2CH.8.17	2
14:22	2CH.26.2	2
14:23	2KI.14.27	2
14:23	HOS.1.1	2
14:23	AMO.1.1	2
14:23	AMO.7.9-AMO.7.11	2
14:24	GEN.38.7	3
14:24	DEU.9.18	3
14:24	1KI.12.28-1KI.12.31	3
14:24	2KI.13.2	3
14:24	2KI.13.6	3
14:24	2KI.13.11	3
14:24	1KI.21.25	2
14:24	2KI.21.6	2
14:24	PSA.106.20	2
14:25	DEU.3.17	5
14:25	NUM.13.21	4
14:25	JOS.19.13	4
14:25	1KI.8.65	4
14:25	JON.1.1	4
14:25	MAT.12.39-MAT.12.40	4
14:25	GEN.14.3	3
14:25	NUM.34.7-NUM.34.8	3
14:25	2KI.13.25	3
14:25	EZK.47.16-EZK.47.18	3
14:25	MAT.16.4	3
14:25	2KI.10.32	2
14:25	AMO.6.14	2
14:26	DEU.32.36	6
14:26	EXO.3.7	4
14:26	2KI.13.4	4
14:26	EXO.3.9	3
14:26	JDG.10.16	3
14:26	PSA.106.43-PSA.106.45	3
14:26	ISA.63.9	3
14:26	1KI.14.10	1
14:26	1KI.21.21	1
14:27	2KI.13.23	6
14:27	2KI.13.5	3
14:27	EXO.32.32-EXO.32.33	2
14:27	DEU.9.14	2
14:27	DEU.25.19	2
14:27	DEU.29.20	2
14:27	2KI.5.1	2
14:27	PSA.69.28	2
14:27	HOS.1.6-HOS.1.7	2
14:27	ROM.11.2-ROM.11.12	2
14:27	TIT.3.4-TIT.3.6	2
14:27	REV.3.5	2
14:28	1KI.11.24	5
14:28	2SA.8.6	3
14:28	1CH.18.5-1CH.18.6	3
14:28	2CH.8.3-2CH.8.4	2
14:29	2KI.15.8	2
15:1	2KI.14.21	3
15:1	2KI.15.13	3
15:1	2CH.26.1	3
15:1	2CH.26.3-2CH.26.4	3
15:1	2KI.14.16-2KI.14.17	2
15:1	2KI.15.8	2
15:1	2KI.15.30-2KI.15.38	2
15:2	2CH.26.3-2CH.26.4	2
15:3	2KI.12.2-2KI.12.3	2
15:3	2KI.14.3-2KI.14.4	2
15:3	2CH.26.4	2
15:4	1KI.15.14	2
15:4	1KI.22.43	2
15:4	2KI.12.3	2
15:4	2KI.14.4	2
15:4	2KI.15.35	2
15:4	2KI.18.4	2
15:4	2CH.17.6	2
15:4	2CH.32.12	2
15:4	2CH.34.3	2
15:5	LEV.13.46	5
15:5	NUM.12.14	3
15:5	NUM.12.10	2
15:5	DEU.24.8	2
15:5	2SA.3.29	2
15:5	2SA.8.15	2
15:5	2SA.15.2-2SA.15.4	2
15:5	1KI.3.9	2
15:5	1KI.3.28	2
15:5	2KI.5.27	2
15:5	2KI.7.3	2
15:5	2CH.26.16-2CH.26.23	2
15:5	JOB.34.19	2
15:5	PSA.72.1	2
15:6	2KI.14.18	2
15:6	2CH.26.5-2CH.26.15	2
15:7	2CH.26.23	3
15:7	ISA.6.1	2
15:8	2KI.14.16-2KI.14.17	2
15:8	2KI.14.29-2KI.15.1	2
15:8	2KI.14.21	1
15:9	2KI.10.29	2
15:9	2KI.10.31	2
15:9	2KI.13.2	2
15:9	2KI.13.11	2
15:9	2KI.14.24	2
15:10	1KI.15.28	2
15:10	1KI.16.9-1KI.16.10	2
15:10	2KI.9.24	2
15:10	2KI.9.31	2
15:10	2KI.15.14	2
15:10	2KI.15.25	2
15:10	2KI.15.30	2
15:10	HOS.1.4-HOS.1.5	2
15:10	AMO.7.9	2
15:11	2KI.14.28	2
15:12	2KI.10.30	7
15:12	2KI.9.25-2KI.9.26	3
15:12	2KI.13.10	3
15:12	2KI.13.13	3
15:12	2KI.14.29	3
15:12	ZEC.1.6	3
15:12	MRK.13.31	3
15:12	JHN.10.35	3
15:12	JHN.19.24	3
15:12	JHN.19.36-JHN.19.37	3
15:12	ACT.1.16	3
15:12	NUM.23.19	2
15:12	2KI.9.36-2KI.9.37	2
15:12	2KI.13.1	2
15:12	2KI.10.10	1
15:13	2KI.15.1	3
15:13	1KI.16.15	2
15:13	1KI.16.24	2
15:13	2KI.15.8	2
15:13	JOB.20.15	2
15:13	PSA.55.23	2
15:13	PRO.28.2	2
15:13	PRO.28.17	2
15:13	MAT.1.8-MAT.1.9	2
15:14	1KI.14.17	5
15:14	1KI.15.21	2
15:14	1KI.15.33	2
15:14	1KI.16.8-1KI.16.9	2
15:14	1KI.16.15	2
15:14	1KI.16.17	2
15:15	1KI.14.19	2
15:15	1KI.14.29	2
15:15	1KI.22.39	2
15:15	2KI.15.11	2
15:16	2KI.8.12	7
15:16	1KI.4.24	4
15:16	HOS.13.16	4
15:16	AMO.1.13	3
15:19	2KI.14.5	4
15:19	2KI.18.16	3
15:19	1CH.5.25-1CH.5.26	3
15:19	2KI.12.18	2
15:19	2KI.16.8	2
15:19	2KI.17.3-2KI.17.4	2
15:19	ISA.9.1	2
15:19	JER.17.5	2
15:19	HOS.8.9-HOS.8.10	2
15:19	HOS.10.6	2
15:19	HOS.5.13	1
15:20	RUT.2.1	2
15:20	2SA.19.32	2
15:20	2KI.15.29	2
15:20	2KI.17.3-2KI.17.4	2
15:20	2KI.18.14-2KI.18.17	2
15:20	2KI.23.35	2
15:20	JOB.1.3	2
15:23	1KI.15.25	2
15:23	1KI.16.8	2
15:23	1KI.22.51	2
15:23	2KI.21.19	2
15:23	JOB.20.5	2
15:24	2KI.15.9	4
15:24	2KI.15.18	3
15:25	2CH.28.6	3
15:25	1KI.16.9	2
15:25	2KI.9.5	2
15:25	2KI.9.14	2
15:25	2KI.15.10	2
15:25	2KI.15.27	2
15:27	2KI.15.23	3
15:27	ISA.7.1	3
15:27	ISA.7.4	3
15:27	2KI.15.2	2
15:27	2KI.15.8	2
15:27	2KI.15.13	2
15:27	2KI.15.25	2
15:27	2KI.15.37	2
15:27	2CH.28.6	2
15:27	ISA.7.9	2
15:28	2KI.13.2	2
15:28	2KI.13.6	2
15:28	2KI.15.9	2
15:28	2KI.15.18	2
15:28	2KI.21.2	2
15:29	1CH.5.26	7
15:29	2KI.17.6	5
15:29	JOS.20.7	4
15:29	1KI.15.20	4
15:29	2KI.16.7	4
15:29	JOS.11.1	3
15:29	JOS.19.37	3
15:29	JDG.4.2	3
15:29	2SA.20.14-2SA.20.15	3
15:29	1CH.5.6	3
15:29	2CH.16.4	3
15:29	LEV.26.32	2
15:29	LEV.26.38-LEV.26.39	2
15:29	NUM.32.1	2
15:29	NUM.32.40	2
15:29	DEU.3.15	2
15:29	DEU.4.26-DEU.4.27	2
15:29	DEU.28.25	2
15:29	DEU.28.64-DEU.28.65	2
15:29	JOS.11.10	2
15:29	JOS.11.13	2
15:29	JOS.12.19	2
15:29	JOS.16.6	2
15:29	1KI.9.11	2
15:29	2KI.17.23	2
15:29	2CH.28.20-2CH.28.21	2
15:29	ISA.1.7	2
15:29	ISA.7.20	2
15:29	ISA.9.1-ISA.9.2	2
15:29	AMO.1.3	2
15:29	AMO.1.13	2
15:29	MAT.4.15-MAT.4.16	2
15:30	2KI.17.1	4
15:30	2KI.15.10	2
15:30	2KI.15.25	2
15:30	2KI.15.32-2KI.15.33	2
15:30	2KI.16.1	2
15:30	2CH.28.4-2CH.28.6	2
15:30	2CH.28.16	2
15:30	ISA.7.1-ISA.7.9	2
15:30	ISA.8.6	2
15:30	HOS.10.3	2
15:30	HOS.10.7	2
15:30	HOS.10.15	2
15:32	2KI.15.7	4
15:32	1CH.3.12	4
15:32	2KI.14.21	2
15:32	2KI.15.1	2
15:32	2KI.15.13	2
15:32	2KI.15.17	2
15:32	2KI.15.23	2
15:32	2KI.15.27	2
15:32	2CH.27.1-2CH.27.9	2
15:32	MAT.1.9	2
15:33	2CH.27.1	4
15:34	2CH.26.4-2CH.26.5	5
15:34	2KI.15.3-2KI.15.4	3
15:34	2CH.27.2	2
15:35	2KI.12.3	3
15:35	2CH.23.20	3
15:35	2KI.15.4	2
15:35	2KI.18.4	2
15:35	2CH.27.3-2CH.27.9	2
15:35	2CH.32.12	2
15:36	2KI.15.6-2KI.15.7	2
15:36	2CH.27.4-2CH.27.9	2
15:37	2KI.16.5	5
15:37	ISA.7.1	5
15:37	DEU.28.48	2
15:37	1SA.3.12	2
15:37	2KI.10.32	2
15:37	2CH.28.6	2
15:37	PSA.78.49	2
15:37	ISA.7.8	2
15:37	ISA.10.5-ISA.10.7	2
15:37	ISA.38.1-ISA.38.22	2
15:37	JER.16.16	2
15:37	JER.25.29	2
15:37	JER.43.10	2
15:37	HOS.5.12-HOS.5.13	2
15:37	LUK.21.28	2
15:38	2SA.7.12	2
15:38	1KI.1.2	2
15:38	1KI.14.20	2
15:38	1KI.14.31	2
15:38	2KI.16.1	2
15:38	1CH.3.13	2
15:38	2CH.28.1	2
15:38	MAT.1.9	2
16:1	ISA.1.1	3
16:1	2KI.15.27-2KI.15.30	2
16:1	2KI.15.32-2KI.15.33	2
16:1	2KI.15.38	2
16:1	2CH.28.1-2CH.28.4	2
16:1	ISA.7.1	2
16:1	HOS.1.1	2
16:1	MIC.1.1	2
16:2	2CH.28.1-2CH.28.4	3
16:2	1KI.3.14	2
16:2	1KI.9.4	2
16:2	1KI.11.4-1KI.11.8	2
16:2	1KI.15.3	2
16:2	2KI.14.3	2
16:2	2KI.15.3	2
16:2	2KI.15.34	2
16:2	2KI.18.3	2
16:2	2KI.22.2	2
16:2	2CH.17.3	2
16:2	2CH.29.2	2
16:2	2CH.34.2-2CH.34.3	2
16:3	DEU.12.31	7
16:3	LEV.18.21	5
16:3	2KI.21.2	4
16:3	2KI.17.17	3
16:3	2KI.21.11	3
16:3	PSA.106.37-PSA.106.38	3
16:3	LEV.20.2	2
16:3	DEU.18.10	2
16:3	1KI.12.28-1KI.12.30	2
16:3	1KI.14.24	2
16:3	1KI.16.31-1KI.16.33	2
16:3	1KI.21.25-1KI.21.26	2
16:3	1KI.22.52-1KI.22.53	2
16:3	2KI.8.18	2
16:3	2KI.21.6	2
16:3	2KI.23.10	2
16:3	2CH.22.3	2
16:3	2CH.28.2-2CH.28.4	2
16:3	2CH.33.2	2
16:3	2CH.33.6	2
16:3	PSA.106.35	2
16:3	JER.32.35	2
16:3	EZK.16.21	2
16:3	EZK.16.47	2
16:3	EZK.20.26	2
16:3	EZK.20.31	2
16:4	DEU.12.2	6
16:4	1KI.14.23	3
16:4	2KI.14.4	2
16:4	ISA.57.5-ISA.57.7	2
16:4	ISA.65.4	2
16:4	ISA.66.17	2
16:4	JER.17.2	2
16:4	EZK.20.28-EZK.20.29	2
16:5	2KI.15.37	5
16:5	ISA.7.1-ISA.7.9	3
16:5	ISA.7.14	3
16:5	ISA.8.9-ISA.8.10	3
16:5	ISA.9.6-ISA.9.7	3
16:5	1KI.11.36	2
16:5	1KI.15.4	2
16:5	2CH.28.5-2CH.28.15	2
16:5	ISA.8.6	2
16:6	2KI.14.22	5
16:6	DEU.2.8	4
16:6	1KI.9.26	4
16:6	2CH.26.2	4
16:7	2KI.15.29	5
16:7	1KI.20.4	2
16:7	1KI.20.32-1KI.20.33	2
16:7	1CH.5.26	2
16:7	2CH.28.16	2
16:7	2CH.28.20	2
16:7	PSA.146.3-PSA.146.5	2
16:7	JER.17.5	2
16:7	LAM.4.17	2
16:7	HOS.14.3	2
16:8	2KI.12.17-2KI.12.18	3
16:8	2KI.16.17-2KI.16.18	2
16:8	2KI.18.15-2KI.18.16	2
16:8	2CH.16.2	2
16:8	2CH.28.20-2CH.28.21	2
16:8	PSA.7.15-PSA.7.16	2
16:8	ISA.7.17	2
16:8	ISA.8.7-ISA.8.8	2
16:9	ISA.22.6	5
16:9	AMO.9.7	5
16:9	AMO.1.3-AMO.1.5	3
16:9	2CH.28.5	2
16:9	2CH.28.21	2
16:9	ISA.7.16	2
16:9	ISA.9.11	2
16:10	ISA.8.2	3
16:10	EZK.23.16-EZK.23.17	3
16:10	ROM.12.2	3
16:10	EXO.24.4	2
16:10	EXO.39.43	2
16:10	DEU.12.30	2
16:10	2KI.15.29	2
16:10	1CH.28.11-1CH.28.12	2
16:10	1CH.28.19	2
16:10	2CH.28.23-2CH.28.25	2
16:10	PSA.106.39	2
16:10	JER.10.2	2
16:10	EZK.43.8	2
16:10	EZK.43.11	2
16:10	MAT.15.6	2
16:10	MAT.15.9	2
16:10	1PE.1.18	2
16:11	1KI.21.11-1KI.21.13	2
16:11	2CH.26.17-2CH.26.18	2
16:11	ISA.8.2	2
16:11	JER.23.11	2
16:11	EZK.22.26	2
16:11	DAN.3.7	2
16:11	HOS.4.6	2
16:11	HOS.5.11	2
16:11	MAL.2.7-MAL.2.9	2
16:11	GAL.1.10	2
16:12	2CH.26.16-2CH.26.19	3
16:12	NUM.18.4-NUM.18.7	2
16:12	1KI.13.1	2
16:12	2CH.28.23	2
16:12	2CH.28.25	2
16:13	LEV.1.1-LEV.1.3	2
16:14	2CH.4.1	5
16:14	EXO.40.6	4
16:14	EXO.40.29	4
16:14	2KI.16.11	2
16:14	2CH.1.5	2
16:14	MAT.23.35	2
16:15	EXO.29.39-EXO.29.41	5
16:15	1KI.8.64	3
16:15	2KI.18.4	3
16:15	2CH.29.21-2CH.29.24	3
16:15	GEN.44.5	2
16:15	LEV.4.13-LEV.4.26	2
16:15	NUM.28.2-NUM.28.10	2
16:15	2SA.6.17-2SA.6.18	2
16:15	1KI.3.4	2
16:15	2KI.3.20	2
16:15	2KI.16.14	2
16:15	2CH.7.4-2CH.7.5	2
16:15	2CH.29.32	2
16:15	2CH.29.35	2
16:15	2CH.33.6	2
16:15	ISA.2.6	2
16:15	EZK.46.4-EZK.46.7	2
16:15	EZK.46.12-EZK.46.14	2
16:15	DAN.9.21	2
16:15	DAN.9.27	2
16:15	DAN.11.31	2
16:15	DAN.12.11	2
16:15	HOS.4.12	2
16:16	2KI.16.11	2
16:16	ACT.4.19	2
16:16	ACT.5.29	2
16:16	1TH.2.4	2
16:16	JUD.1.11	2
16:17	1KI.7.23-1KI.7.39	2
16:17	2KI.25.13-2KI.25.16	2
16:17	2CH.4.14-2CH.4.15	2
16:17	2CH.28.24	2
16:17	2CH.29.19	2
16:17	JER.52.20	2
16:18	1KI.10.5	2
16:18	2KI.11.5	2
16:18	EZK.46.2	2
16:19	1KI.14.29	2
16:19	2KI.15.6-2KI.15.7	2
16:19	2KI.15.36	2
16:19	2KI.15.38	2
16:19	2KI.20.20-2KI.20.21	2
16:19	2CH.28.26	2
16:20	ISA.1.1	3
16:20	MAT.1.9	3
16:20	2KI.18.1	2
16:20	2KI.21.18	2
16:20	1CH.3.13	2
16:20	2CH.28.27-2CH.29.1	2
16:20	HOS.1.1	2
16:20	MIC.1.1	2
16:20	2KI.21.26	1
17:1	2KI.15.30	2
17:2	2KI.3.2	2
17:2	2KI.10.31	2
17:2	2KI.13.2	2
17:2	2KI.13.11	2
17:2	2KI.15.9	2
17:2	2KI.15.18	2
17:2	2KI.15.24	2
17:2	2CH.30.5-2CH.30.11	2
17:3	HOS.10.14	5
17:3	2SA.8.2	2
17:3	2SA.8.6	2
17:3	2KI.15.19	2
17:3	2KI.15.29	2
17:3	2KI.16.7-2KI.16.8	2
17:3	2KI.18.9-2KI.18.16	2
17:3	2KI.18.31	2
17:3	2KI.19.36-2KI.19.37	2
17:3	ISA.7.7-ISA.7.8	2
17:3	ISA.10.5-ISA.10.6	2
17:3	ISA.10.11-ISA.10.12	2
17:4	2KI.18.14-2KI.18.15	2
17:4	2KI.18.21	2
17:4	2KI.24.1	2
17:4	2KI.24.20	2
17:4	2KI.25.7	2
17:4	2CH.32.11	2
17:4	PSA.149.7-PSA.149.8	2
17:4	ISA.31.1-ISA.31.3	2
17:4	EZK.17.13-EZK.17.19	2
17:4	ISA.30.1-ISA.30.4	1
17:5	HOS.13.16	3
17:5	2KI.18.9	2
17:5	2KI.25.1-2KI.25.3	2
17:5	JER.52.4-JER.52.5	2
17:6	HOS.13.16	6
17:6	DEU.28.64	5
17:6	1CH.5.26	5
17:6	LEV.26.32-LEV.26.33	4
17:6	DEU.28.36	4
17:6	DEU.29.27-DEU.29.28	4
17:6	2KI.18.10-2KI.18.11	4
17:6	ISA.13.17	4
17:6	ISA.21.2	4
17:6	AMO.5.27	4
17:6	LEV.26.38	3
17:6	DEU.4.25-DEU.4.28	3
17:6	DEU.30.18	3
17:6	1KI.14.15-1KI.14.16	3
17:6	2KI.19.12	2
17:6	ISA.37.12-ISA.37.13	2
17:6	DAN.5.28	2
17:6	HOS.1.6	2
17:6	HOS.1.9	2
17:7	JOS.23.16	4
17:7	EXO.20.2	3
17:7	JDG.2.14-JDG.2.17	3
17:7	NEH.9.26	3
17:7	PSA.106.35-PSA.106.41	3
17:7	JER.10.5	3
17:7	EXO.14.15-EXO.14.30	2
17:7	DEU.31.16-DEU.31.17	2
17:7	DEU.31.29	2
17:7	DEU.32.15-DEU.32.52	2
17:7	JDG.6.10	2
17:7	1KI.11.4	2
17:7	2KI.16.2	2
17:7	2KI.17.35	2
17:7	2CH.36.5	2
17:7	2CH.36.14-2CH.36.16	2
17:7	HOS.4.1-HOS.4.3	2
17:7	HOS.8.5-HOS.8.14	2
17:7	1KI.15.3	1
17:7	EZK.23.2-EZK.23.16	1
17:8	LEV.18.3	5
17:8	DEU.18.9	5
17:8	2KI.16.3	5
17:8	LEV.18.27-LEV.18.30	2
17:8	DEU.12.30-DEU.12.31	2
17:8	1KI.12.28	2
17:8	1KI.16.31-1KI.16.33	2
17:8	1KI.21.26	2
17:8	2KI.16.10	2
17:8	2KI.17.19	2
17:8	2KI.21.2	2
17:8	PSA.106.35	2
17:8	JER.10.2	2
17:8	HOS.5.11	2
17:8	MIC.6.16	2
17:9	2KI.18.8	5
17:9	DEU.13.6	2
17:9	DEU.27.15	2
17:9	JOB.31.27	2
17:9	EZK.8.12	2
17:9	HOS.12.11	2
17:10	1KI.14.23	7
17:10	MIC.5.14	6
17:10	EXO.34.13	5
17:10	2KI.16.4	5
17:10	DEU.12.2-DEU.12.3	3
17:10	DEU.16.21	3
17:10	ISA.57.5	3
17:10	LEV.26.1	2
17:11	1KI.13.1	2
17:11	2KI.21.6	2
17:11	2CH.28.25	2
17:11	PSA.78.56-PSA.78.58	2
17:11	JER.44.17	2
17:12	EXO.20.3-EXO.20.5	2
17:12	EXO.34.14	2
17:12	LEV.26.1	2
17:12	DEU.4.15-DEU.4.19	2
17:12	DEU.4.23-DEU.4.25	2
17:12	DEU.5.7-DEU.5.9	2
17:12	DEU.12.4	2
17:13	1SA.9.9	5
17:13	JER.35.15	5
17:13	JER.18.11	4
17:13	DEU.31.21	3
17:13	NEH.9.29-NEH.9.30	3
17:13	DEU.4.26	2
17:13	DEU.8.19	2
17:13	JOS.23.16	2
17:13	JDG.10.11-JDG.10.14	2
17:13	1SA.12.7-1SA.12.15	2
17:13	2KI.17.23	2
17:13	1CH.29.29	2
17:13	2CH.36.15-2CH.36.16	2
17:13	PSA.50.7	2
17:13	PSA.81.8-PSA.81.9	2
17:13	ISA.1.5-ISA.1.24	2
17:13	ISA.55.6-ISA.55.7	2
17:13	JER.3.8-JER.3.11	2
17:13	JER.5.29-JER.5.31	2
17:13	JER.7.3-JER.7.7	2
17:13	JER.7.22-JER.7.23	2
17:13	JER.25.4-JER.25.5	2
17:13	JER.26.4-JER.26.6	2
17:13	JER.42.19	2
17:13	EZK.18.31	2
17:13	HOS.4.15	2
17:13	HOS.14.1	2
17:13	ZEC.1.3-ZEC.1.6	2
17:13	ACT.20.21	2
17:13	2PE.3.9	2
17:13	JDG.6.10	1
17:14	DEU.31.27	3
17:14	ACT.7.51	3
17:14	EXO.32.9	2
17:14	DEU.1.32	2
17:14	2CH.36.13	2
17:14	PSA.78.22	2
17:14	PSA.78.32	2
17:14	PSA.106.24	2
17:14	PRO.29.1	2
17:14	ISA.48.4	2
17:14	JER.7.26	2
17:14	ROM.2.4-ROM.2.5	2
17:14	HEB.3.7-HEB.3.8	2
17:14	HEB.3.12	2
17:15	DEU.12.30-DEU.12.31	9
17:15	DEU.32.21	7
17:15	JER.2.5	5
17:15	ROM.1.21-ROM.1.23	5
17:15	EXO.24.6-EXO.24.8	4
17:15	1KI.16.13	4
17:15	PSA.115.8	4
17:15	JER.8.9	4
17:15	DEU.6.17-DEU.6.18	3
17:15	DEU.29.10-DEU.29.15	3
17:15	DEU.29.25-DEU.29.26	3
17:15	DEU.32.31	3
17:15	1SA.12.21	3
17:15	2KI.17.8	3
17:15	2KI.17.11-2KI.17.12	3
17:15	2CH.33.2	3
17:15	2CH.33.9	3
17:15	2CH.36.15-2CH.36.16	3
17:15	NEH.9.26	3
17:15	NEH.9.29-NEH.9.30	3
17:15	JER.10.8	3
17:15	JER.10.15	3
17:15	JER.31.32	3
17:15	JER.44.4	3
17:15	JER.44.23	3
17:15	1CO.8.4	3
17:15	JHN.2.8	1
17:16	1KI.12.28	5
17:16	1KI.14.15	5
17:16	1KI.14.23	5
17:16	1KI.16.31	5
17:16	DEU.4.19	4
17:16	1KI.15.13	3
17:16	1KI.16.33	3
17:16	1KI.22.53	3
17:16	2KI.11.18	3
17:16	2KI.21.3	3
17:16	EXO.32.4	2
17:16	EXO.32.8	2
17:16	2KI.10.18-2KI.10.28	2
17:16	2KI.17.10	2
17:16	PSA.106.18-PSA.106.20	2
17:16	ISA.44.9-ISA.44.10	2
17:16	JER.8.2	2
17:17	2KI.21.6	8
17:17	2KI.16.3	7
17:17	DEU.18.10-DEU.18.12	6
17:17	EZK.23.37	6
17:17	1KI.21.20	5
17:17	PSA.106.37-PSA.106.38	5
17:17	LEV.18.21	4
17:17	EZK.20.26	4
17:17	MIC.5.12	4
17:17	LEV.19.26	3
17:17	1KI.21.25	3
17:17	2CH.28.3	3
17:17	2CH.33.6	3
17:17	EZK.20.31	3
17:17	2KI.17.11	2
17:17	ISA.8.19	2
17:17	ISA.47.9	2
17:17	ISA.47.12-ISA.47.13	2
17:17	ISA.50.1	2
17:17	JER.27.9	2
17:17	EZK.23.39	2
17:17	ACT.16.16	2
17:17	GAL.5.26	2
17:18	1KI.11.13	5
17:18	1KI.12.20	5
17:18	DEU.32.21-DEU.32.26	4
17:18	1KI.11.32	4
17:18	1KI.11.36	4
17:18	HOS.11.12	4
17:18	2KI.23.27	3
17:18	HOS.9.3	3
17:18	DEU.29.20-DEU.29.28	2
17:18	JOS.23.13	2
17:18	JOS.23.15	2
17:18	2KI.13.23	2
17:18	JER.15.1	2
17:19	1KI.14.22-1KI.14.23	4
17:19	2KI.16.3	4
17:19	2CH.21.11	3
17:19	2CH.21.13	3
17:19	JER.3.8-JER.3.11	3
17:19	EZK.16.51-EZK.16.52	3
17:19	2KI.8.18	2
17:19	2KI.8.27	2
17:19	JER.2.28	2
17:19	EZK.22.2-EZK.22.16	2
17:19	EZK.23.4-EZK.23.13	2
17:20	2KI.15.29	5
17:20	2KI.13.3	3
17:20	JER.6.30	3
17:20	DEU.11.12	2
17:20	1SA.15.23	2
17:20	1SA.15.26	2
17:20	1SA.16.1	2
17:20	2KI.13.7	2
17:20	2KI.15.18-2KI.15.20	2
17:20	2KI.17.15	2
17:20	2KI.17.18	2
17:20	2KI.18.9	2
17:20	1CH.16.13	2
17:20	2CH.28.5-2CH.28.6	2
17:20	NEH.9.2	2
17:20	NEH.9.27-NEH.9.28	2
17:20	ISA.45.25	2
17:20	JER.31.36-JER.31.37	2
17:20	JER.33.24-JER.33.26	2
17:20	JER.46.28	2
17:20	JON.1.3	2
17:20	JON.1.10	2
17:20	MAT.25.41	2
17:20	ROM.11.1-ROM.11.2	2
17:20	2TH.1.9	2
17:21	1KI.11.11	5
17:21	1KI.11.31	4
17:21	1KI.12.28-1KI.12.30	3
17:21	1KI.14.16	3
17:21	ISA.7.17	3
17:21	GEN.20.9	2
17:21	EXO.32.21	2
17:21	1SA.2.17	2
17:21	1SA.2.24	2
17:21	1KI.12.19-1KI.12.20	2
17:21	1KI.14.8	2
17:21	2CH.10.15-2CH.10.19	2
17:21	2CH.11.11	2
17:21	2CH.11.15	2
17:21	PSA.25.11	2
17:21	JHN.19.11	2
17:22	2KI.3.3	2
17:22	2KI.10.29	2
17:22	2KI.10.31	2
17:22	2KI.13.2	2
17:22	2KI.13.6	2
17:22	2KI.13.11	2
17:22	2KI.15.9	2
17:23	2KI.17.6	6
17:23	2KI.17.13	5
17:23	1KI.14.16	3
17:23	2KI.17.20	3
17:23	2KI.18.11-2KI.18.12	3
17:23	HOS.1.4-HOS.1.9	3
17:23	AMO.5.27	3
17:23	1KI.13.2	2
17:23	2KI.17.18	2
17:23	MIC.1.6	2
17:24	2KI.18.34	4
17:24	2KI.17.30-2KI.17.31	3
17:24	2KI.19.13	3
17:24	MAT.10.5	3
17:24	1KI.8.65	2
17:24	2KI.17.6	2
17:24	2KI.18.31	2
17:24	2CH.33.11	2
17:24	ISA.10.9	2
17:24	ISA.37.13	2
17:24	EZR.4.2-EZR.4.10	1
17:24	ISA.36.19	1
17:25	2KI.17.32	3
17:25	2KI.17.34	3
17:25	2KI.17.41	3
17:25	JOS.22.25	2
17:25	1KI.13.24	2
17:25	1KI.20.36	2
17:25	2KI.2.24	2
17:25	2KI.17.28	2
17:25	JER.5.6	2
17:25	JER.10.7	2
17:25	JER.15.3	2
17:25	EZK.14.15	2
17:25	EZK.14.21	2
17:25	DAN.6.26	2
17:25	JON.1.9	2
17:26	1SA.8.9	2
17:26	1SA.10.25	2
17:26	2KI.17.27	2
17:26	AMO.8.14	2
17:27	JDG.17.13	2
17:27	1KI.12.31	2
17:27	1KI.13.2	2
17:27	2CH.11.15	2
17:28	1KI.12.29-1KI.12.32	4
17:28	ISA.29.13	1
17:28	MAT.15.14	1
17:29	1KI.12.31	3
17:29	MIC.4.5	3
17:29	1KI.13.32	2
17:29	PSA.115.4-PSA.115.8	2
17:29	PSA.135.15-PSA.135.18	2
17:29	ISA.44.9-ISA.44.20	2
17:29	JER.10.3-JER.10.5	2
17:29	HOS.8.5-HOS.8.6	2
17:29	ROM.1.23	2
17:30	2KI.17.24	2
17:31	2KI.17.24	5
17:31	2KI.17.17	4
17:31	2KI.19.37	3
17:31	LEV.18.21	2
17:31	DEU.12.28	2
17:31	DEU.12.31	2
17:31	EZR.4.9	2
17:32	1KI.12.31	6
17:32	2KI.17.29	4
17:32	1KI.13.33	3
17:32	2KI.23.19	3
17:32	ZEP.1.5	3
17:32	1KI.13.31	1
17:33	2KI.17.41	6
17:33	LUK.16.13	6
17:33	1KI.18.21	5
17:33	MAT.6.24	5
17:33	ZEP.1.5	3
17:33	HOS.10.2	1
17:34	GEN.32.28	5
17:34	GEN.35.10	5
17:34	1KI.18.31	3
17:34	2KI.17.25	3
17:34	2KI.17.27-2KI.17.28	3
17:34	2KI.17.33	3
17:34	ISA.48.1	3
17:34	GEN.33.20	2
17:34	1KI.11.31	2
17:34	1KI.18.11	2
17:35	JDG.6.10	8
17:35	EXO.20.4-EXO.20.5	4
17:35	EXO.34.12-EXO.34.17	4
17:35	DEU.4.23-DEU.4.27	4
17:35	JOS.23.7	4
17:35	JOS.23.16	4
17:35	EXO.24.6-EXO.24.8	3
17:35	DEU.13.1-DEU.13.18	3
17:35	2KI.17.15	3
17:35	JER.10.5	3
17:35	JER.31.31-JER.31.34	3
17:35	HEB.8.6-HEB.8.13	3
17:35	EXO.19.5-EXO.19.6	2
17:35	DEU.29.10-DEU.29.15	2
17:36	EXO.6.6	5
17:36	DEU.6.13	4
17:36	EXO.9.15	3
17:36	LEV.19.32	3
17:36	DEU.5.15	2
17:36	DEU.10.20	2
17:36	DEU.12.5-DEU.12.6	2
17:36	DEU.12.11-DEU.12.12	2
17:36	JER.32.21	2
17:36	MAT.10.28	2
17:36	ACT.4.30	2
17:36	REV.15.4	2
17:37	LEV.19.37	3
17:37	DEU.4.44-DEU.4.45	3
17:37	DEU.5.31-DEU.6.2	3
17:37	DEU.12.32	3
17:37	NEH.9.13-NEH.9.14	3
17:37	DEU.31.9	2
17:37	PSA.105.44-PSA.105.45	2
17:37	DEU.31.11	1
17:37	1CH.29.19	1
17:37	PSA.19.8-PSA.19.11	1
17:38	DEU.4.23	5
17:38	DEU.6.12	4
17:38	DEU.8.14-DEU.8.18	2
17:39	1SA.12.24	4
17:39	LUK.1.74-LUK.1.75	4
17:39	2KI.17.36	3
17:39	NEH.9.27	3
17:39	JER.10.7	3
17:39	MAT.10.28	3
17:39	LUK.1.50	3
17:39	ISA.8.12-ISA.8.14	2
17:39	LUK.1.71	2
17:40	DEU.4.28	2
17:40	2KI.17.8	2
17:40	2KI.17.12	2
17:40	2KI.17.34	2
17:40	JER.13.23	2
17:41	MAT.6.24	7
17:41	1KI.18.21	6
17:41	ZEP.1.5	6
17:41	2KI.17.32-2KI.17.33	5
17:41	JOS.24.14-JOS.24.20	4
17:41	EZR.4.1-EZR.4.3	3
17:41	REV.3.15-REV.3.16	3
18:1	2CH.28.27-2CH.29.1	5
18:1	1CH.3.13	3
18:1	MAT.1.9-MAT.1.10	3
18:1	2KI.16.20-2KI.17.1	2
18:1	2KI.15.30	1
18:1	2KI.16.2	1
18:1	2KI.18.9	1
18:2	2CH.29.1-2CH.29.2	2
18:3	2KI.20.3	5
18:3	EXO.15.26	2
18:3	DEU.6.18	2
18:3	1KI.3.14	2
18:3	1KI.11.4	2
18:3	1KI.11.38	2
18:3	1KI.15.5	2
18:3	1KI.15.11	2
18:3	2KI.22.2	2
18:3	2CH.29.2	2
18:3	2CH.31.20-2CH.31.21	2
18:3	JOB.33.27	2
18:3	PSA.119.128	1
18:3	ROM.7.12	1
18:3	EPH.6.1	1
18:4	2CH.31.1	8
18:4	NUM.21.8-NUM.21.9	7
18:4	2KI.18.22	4
18:4	EXO.23.24	3
18:4	LEV.26.30	3
18:4	DEU.7.5	3
18:4	DEU.12.2-DEU.12.3	3
18:4	JDG.6.25	3
18:4	JDG.6.28	3
18:4	1KI.3.2-1KI.3.3	3
18:4	1KI.15.12-1KI.15.14	3
18:4	1KI.22.43	3
18:4	2KI.12.3	3
18:4	2KI.14.4	2
18:4	2KI.15.4	2
18:4	2KI.15.35	2
18:4	2KI.16.15	2
18:4	2CH.19.3	2
18:4	2CH.33.3	2
18:4	PSA.78.58	2
18:4	EZK.20.28-EZK.20.29	2
18:4	JHN.3.14-JHN.3.15	2
18:4	2KI.23.4	1
18:5	2KI.23.25	10
18:5	2KI.19.10	8
18:5	MAT.27.43	6
18:5	EPH.1.12	5
18:5	2CH.32.7-2CH.32.8	4
18:5	JOB.13.15	4
18:5	PSA.13.5	4
18:5	PSA.27.1-PSA.27.2	4
18:5	PSA.84.12	4
18:5	PSA.146.5-PSA.146.6	4
18:5	2KI.19.15-2KI.19.19	3
18:5	2CH.14.11	3
18:5	2CH.16.7-2CH.16.9	3
18:5	2CH.20.20	3
18:5	2CH.20.35	3
18:5	PSA.46.1-PSA.46.2	2
18:5	JER.17.7-JER.17.8	2
18:6	DEU.10.20	9
18:6	JOS.23.8	9
18:6	JHN.14.15	7
18:6	ACT.11.23	5
18:6	2KI.17.13	4
18:6	JHN.15.14	4
18:6	1JN.5.3	4
18:6	2KI.17.16	3
18:6	JER.11.4	3
18:6	JHN.14.21	3
18:6	2KI.17.19	2
18:6	JHN.15.10	2
18:7	GEN.39.2-GEN.39.3	6
18:7	2KI.16.7	6
18:7	PSA.60.12	6
18:7	ROM.8.31	6
18:7	1SA.18.14	5
18:7	2CH.31.21	5
18:7	2CH.32.30	5
18:7	PSA.1.3	5
18:7	MAT.28.20	5
18:7	2KI.18.20	4
18:7	2CH.15.2	4
18:7	PSA.46.11	4
18:7	MAT.1.23	4
18:7	1SA.18.5	3
18:7	GEN.21.22	2
18:7	2SA.8.6	2
18:7	ACT.7.9-ACT.7.10	2
18:7	2SA.8.14	1
18:8	2KI.17.9	5
18:8	ISA.14.29	5
18:8	2CH.28.18	3
18:8	1CH.4.41	2
18:8	2CH.26.10	2
18:8	ISA.5.2	2
18:9	HOS.10.14	3
18:9	2KI.17.3-2KI.17.23	2
18:9	2KI.18.1	2
18:10	HOS.13.16	2
18:10	AMO.3.11-AMO.4.3	2
18:10	AMO.6.7	2
18:10	AMO.9.1-AMO.9.4	2
18:10	MIC.1.6-MIC.1.9	2
18:10	MIC.6.16	2
18:10	MIC.7.13	2
18:11	1CH.5.26	4
18:11	2KI.17.6	3
18:11	ISA.37.12	3
18:11	2KI.19.11	2
18:11	ISA.7.8	2
18:11	ISA.8.4	2
18:11	ISA.9.9-ISA.9.21	2
18:11	ISA.10.5	2
18:11	ISA.10.11	2
18:11	HOS.8.8-HOS.8.9	2
18:11	HOS.9.3	2
18:11	AMO.5.1-AMO.5.3	2
18:11	AMO.5.6	2
18:11	AMO.5.25-AMO.5.27	2
18:11	ACT.7.43	2
18:12	NUM.12.7	2
18:12	DEU.8.20	2
18:12	DEU.11.28	2
18:12	DEU.29.24-DEU.29.28	2
18:12	DEU.31.17	2
18:12	DEU.34.5	2
18:12	JOS.1.1	2
18:12	1KI.9.6	2
18:12	2KI.17.7-2KI.17.23	2
18:12	NEH.9.17	2
18:12	NEH.9.26-NEH.9.27	2
18:12	PSA.107.17	2
18:12	ISA.1.19	2
18:12	JER.3.8	2
18:12	JER.7.23	2
18:12	DAN.9.6-DAN.9.11	2
18:12	MIC.3.4	2
18:12	2TH.1.8	2
18:12	2TI.2.24	2
18:12	HEB.3.5-HEB.3.6	2
18:12	1PE.2.8	2
18:12	1PE.4.17	2
18:13	ISA.36.1-ISA.36.22	4
18:13	2CH.32.1-2CH.32.23	2
18:13	ISA.7.17-ISA.7.25	2
18:13	ISA.8.7-ISA.8.8	2
18:13	ISA.10.5	2
18:13	HOS.12.1-HOS.12.2	2
18:14	2KI.18.7	4
18:14	1KI.20.4	2
18:14	PRO.29.25	2
18:14	LUK.14.32	2
18:15	1KI.15.18-1KI.15.19	5
18:15	2KI.16.8	5
18:15	2KI.12.18	3
18:15	2CH.16.2	3
18:15	1KI.15.15	2
18:16	1KI.6.31-1KI.6.35	2
18:16	2CH.29.3	2
18:17	2KI.20.20	5
18:17	ISA.7.3	5
18:17	ISA.20.1	5
18:17	ISA.36.2	3
18:17	2CH.32.9	2
18:17	ISA.22.9-ISA.22.11	2
18:18	2KI.19.2	4
18:18	2SA.8.16-2SA.8.17	2
18:18	2SA.20.24	2
18:18	1KI.4.3	2
18:18	2CH.34.8	2
18:18	ISA.22.15-ISA.22.24	2
18:18	ISA.36.3	2
18:18	ISA.36.22	2
18:18	ISA.37.2	2
18:19	ISA.36.4	4
18:19	2KI.19.10	3
18:19	ISA.10.8-ISA.10.14	3
18:19	2KI.18.22	2
18:19	2KI.18.29-2KI.18.30	2
18:19	2CH.32.7-2CH.32.8	2
18:19	2CH.32.10-2CH.32.11	2
18:19	2CH.32.14-2CH.32.16	2
18:19	PSA.4.2	2
18:19	ISA.36.7	2
18:19	ISA.37.10	2
18:19	ISA.37.13	2
18:19	DAN.4.30	2
18:20	PRO.21.30-PRO.21.31	2
18:21	ISA.30.7	5
18:21	ISA.30.2-ISA.30.3	4
18:21	EZK.29.6-EZK.29.7	4
18:21	2KI.17.4	2
18:21	ISA.31.1-ISA.31.3	2
18:21	ISA.36.6	2
18:21	JER.46.17	2
18:22	2CH.31.1	4
18:22	2KI.18.4-2KI.18.5	2
18:22	2CH.32.12	2
18:22	ISA.36.7	2
18:22	DAN.3.15	2
18:22	MAT.27.43	2
18:22	1CO.2.15	2
18:23	1SA.17.42	2
18:23	1SA.17.44	2
18:23	1KI.20.10	2
18:23	1KI.20.18	2
18:23	NEH.4.2-NEH.4.5	2
18:23	PSA.123.3-PSA.123.4	2
18:23	ISA.10.13-ISA.10.14	2
18:23	ISA.36.8-ISA.36.9	2
18:24	ISA.10.8	3
18:24	DEU.17.16	2
18:24	2KI.18.21	2
18:24	PSA.20.7-PSA.20.8	2
18:24	ISA.31.1	2
18:24	ISA.31.3	2
18:24	ISA.36.6	2
18:24	ISA.36.9	2
18:24	JER.37.7	2
18:24	JER.42.14-JER.42.18	2
18:24	EZK.17.15	2
18:24	EZK.17.17	2
18:24	DAN.2.37-DAN.2.38	2
18:24	DAN.4.22	2
18:24	DAN.4.37	2
18:25	2KI.19.6	3
18:25	1KI.13.18	2
18:25	2KI.19.22-2KI.19.37	2
18:25	2CH.35.21	2
18:25	ISA.10.5-ISA.10.6	2
18:25	AMO.3.6	2
18:25	JHN.19.10-JHN.19.11	2
18:26	EZR.4.7	5
18:26	DAN.2.4	4
18:26	ISA.36.11-ISA.36.12	2
18:26	2KI.18.18	1
18:27	DEU.28.53-DEU.28.57	2
18:27	2KI.6.25	2
18:27	PSA.73.8	2
18:27	LAM.4.5	2
18:27	EZK.4.13	2
18:27	EZK.4.15	2
18:28	ISA.36.13-ISA.36.18	3
18:28	2KI.18.19	2
18:28	2CH.32.18	2
18:28	EZR.7.12	2
18:28	PSA.47.2	2
18:28	ISA.10.8-ISA.10.13	2
18:28	EZK.29.3	2
18:28	EZK.31.3-EZK.31.10	2
18:28	REV.19.6	2
18:29	2CH.32.15	3
18:29	2CH.32.11	2
18:29	PSA.73.8-PSA.73.9	2
18:29	DAN.3.15-DAN.3.17	2
18:29	DAN.6.16	2
18:29	JHN.19.10-JHN.19.11	2
18:29	2TH.2.4	2
18:29	2TH.2.8	2
18:30	2KI.19.10	2
18:30	2KI.19.22	2
18:30	2KI.19.32-2KI.19.34	2
18:30	PSA.4.2	2
18:30	PSA.11.1	2
18:30	PSA.22.7-PSA.22.8	2
18:30	PSA.71.9	2
18:30	PSA.71.11	2
18:30	PSA.125.1-PSA.125.2	2
18:30	MAT.27.43	2
18:30	LUK.23.35	2
18:31	1KI.4.25	7
18:31	1KI.4.20	4
18:31	ZEC.3.10	4
18:31	PRO.18.16	3
18:31	GEN.32.20	2
18:31	GEN.33.11	2
18:32	DEU.8.7-DEU.8.9	6
18:32	EXO.3.8	3
18:32	DEU.11.12	3
18:32	NUM.13.26-NUM.13.27	2
18:32	NUM.14.8	2
18:32	DEU.32.13-DEU.32.14	2
18:32	2KI.17.6	2
18:32	2KI.17.23	2
18:32	2KI.18.11	2
18:32	2KI.24.14-2KI.24.16	2
18:32	2KI.25.11	2
18:33	ISA.10.10-ISA.10.11	3
18:33	2KI.19.12-2KI.19.13	2
18:33	2KI.19.17-2KI.19.18	2
18:33	2CH.32.14-2CH.32.17	2
18:33	2CH.32.19	2
18:33	ISA.36.18-ISA.36.20	2
18:34	ISA.10.9	3
18:34	NUM.13.21	2
18:34	2SA.8.9	2
18:34	2KI.17.6	2
18:34	2KI.17.23-2KI.17.33	2
18:34	2KI.19.12-2KI.19.13	2
18:34	ISA.36.18-ISA.36.19	2
18:34	ISA.37.11-ISA.37.12	2
18:34	ISA.37.18-ISA.37.19	2
18:34	JER.49.23	2
18:35	DAN.3.15	3
18:35	EXO.5.2	2
18:35	2KI.19.17	2
18:35	2CH.32.15	2
18:35	JOB.15.25-JOB.15.26	2
18:35	PSA.2.1-PSA.2.2	2
18:35	ISA.10.15	2
18:35	ISA.37.23-ISA.37.29	2
18:36	PSA.38.13-PSA.38.14	2
18:36	PSA.39.1	2
18:36	PRO.9.7	2
18:36	PRO.26.4	2
18:36	AMO.5.13	2
18:36	MAT.7.6	2
18:37	GEN.37.29	2
18:37	GEN.37.34	2
18:37	2KI.5.7	2
18:37	2KI.6.30	2
18:37	2KI.18.26	2
18:37	2KI.22.11	2
18:37	2KI.22.19	2
18:37	JOB.1.20	2
18:37	ISA.33.7	2
18:37	ISA.36.21-ISA.36.22	2
18:37	JER.36.24	2
18:37	MAT.26.65	2
19:1	1KI.21.27	5
19:1	2KI.18.37	5
19:1	GEN.37.34	3
19:1	2CH.32.20-2CH.32.22	3
19:1	JOB.1.20-JOB.1.21	3
19:1	ISA.37.1-ISA.37.7	3
19:1	1SA.4.12	2
19:1	1KI.21.29	2
19:1	2KI.5.7	2
19:1	2KI.6.30	2
19:1	2CH.7.15-2CH.7.16	2
19:1	EZR.9.3	2
19:1	EST.4.1-EST.4.4	2
19:1	PSA.35.13	2
19:1	JER.36.24	2
19:1	JON.3.8	2
19:1	MAT.11.21	2
19:1	MAT.26.65	1
19:2	ISA.1.1	4
19:2	ISA.2.1	3
19:2	2KI.18.18	2
19:2	2KI.22.13-2KI.22.14	2
19:2	2CH.26.22	2
19:2	ISA.37.2-ISA.37.5	2
19:2	MAT.4.14	2
19:2	LUK.3.4	2
19:3	ISA.66.9	4
19:3	JER.30.5-JER.30.7	4
19:3	ISA.26.17-ISA.26.18	3
19:3	HOS.13.13	3
19:3	HEB.3.15-HEB.3.16	3
19:3	2KI.18.29	2
19:3	PSA.39.11	2
19:3	PSA.95.8	2
19:3	PSA.123.3-PSA.123.4	2
19:3	HOS.5.15-HOS.6.1	2
19:4	2SA.16.12	6
19:4	JOS.14.12	3
19:4	EZK.36.37	3
19:4	ROM.9.27	3
19:4	JAS.5.16-JAS.5.17	3
19:4	GEN.22.14	2
19:4	DEU.32.36	2
19:4	1SA.14.6	2
19:4	1SA.17.45	2
19:4	2KI.17.5-2KI.17.6	2
19:4	2KI.18.13	2
19:4	2KI.18.17-2KI.18.35	2
19:4	2KI.19.22	2
19:4	2CH.28.5-2CH.28.6	2
19:4	2CH.32.20	2
19:4	PSA.50.15	2
19:4	PSA.50.21	2
19:4	PSA.74.18	2
19:4	ISA.1.9	2
19:4	ISA.8.7-ISA.8.8	2
19:4	ISA.10.6	2
19:4	JER.33.3	2
19:6	2KI.18.17	5
19:6	2KI.18.35	5
19:6	ISA.37.6-ISA.37.38	5
19:6	2CH.20.15	4
19:6	EXO.14.13	3
19:6	LEV.26.8	3
19:6	DEU.20.1	3
19:6	DEU.20.3-DEU.20.4	3
19:6	JOS.11.6	3
19:6	2KI.6.16	3
19:6	2KI.18.30	3
19:6	2CH.20.17	3
19:6	ISA.41.10-ISA.41.14	3
19:6	ISA.51.7	3
19:6	REV.13.6	3
19:6	2KI.18.22-2KI.18.25	2
19:6	PSA.74.18	2
19:6	PSA.74.23	1
19:6	ISA.51.12-ISA.51.13	1
19:7	2KI.7.6	5
19:7	2CH.32.21	3
19:7	PSA.18.14-PSA.18.15	3
19:7	ISA.10.16-ISA.10.18	3
19:7	ISA.11.4	3
19:7	OBA.1.1	3
19:7	2KI.19.35-2KI.19.37	2
19:7	JOB.4.9	2
19:7	JOB.15.21	2
19:7	PSA.11.6	2
19:7	PSA.50.3	2
19:7	JER.49.14	2
19:7	JER.51.1	2
19:7	JER.51.46	2
19:8	2KI.18.14	5
19:8	JOS.10.29	4
19:8	JOS.12.11	2
19:8	JOS.12.15	2
19:8	JOS.15.39	2
19:8	JOS.15.42	2
19:8	2KI.8.22	2
19:8	ISA.37.8-ISA.37.9	2
19:8	MIC.1.13	2
19:9	1SA.23.27	3
19:9	2KI.18.17	2
19:9	ISA.37.9	2
19:10	2KI.18.5	6
19:10	2KI.18.29-2KI.18.30	4
19:10	2CH.32.15-2CH.32.19	2
19:10	ISA.37.10-ISA.37.14	2
19:11	2KI.17.5-2KI.17.11	2
19:11	2KI.19.17-2KI.19.18	2
19:11	2CH.32.13-2CH.32.14	2
19:11	ISA.10.8-ISA.10.11	2
19:12	2KI.17.6	5
19:12	GEN.11.31	4
19:12	EZK.27.23	4
19:12	ISA.37.12	3
19:12	GEN.2.8	2
19:12	GEN.29.4	2
19:12	2KI.18.33-2KI.18.34	2
19:12	1CH.5.26	2
19:12	ACT.7.4	2
19:13	2KI.18.34	5
19:13	NUM.13.21	2
19:13	NUM.34.8	2
19:13	2KI.17.24	2
19:13	ISA.11.11	2
19:13	ISA.37.13-ISA.37.20	2
19:13	JER.39.5	2
19:13	JER.49.23	2
19:13	ZEC.9.2	2
19:14	ISA.37.14	5
19:14	PSA.91.1-PSA.91.2	4
19:14	PSA.123.1-PSA.123.4	4
19:14	1KI.8.28-1KI.8.30	3
19:14	EZR.9.5	3
19:14	PSA.74.10-PSA.74.11	3
19:15	EXO.25.22	4
19:15	1KI.18.39	4
19:15	2KI.5.15	4
19:15	ISA.44.6	4
19:15	ISA.44.8	4
19:15	JER.10.10-JER.10.12	4
19:15	DAN.4.34-DAN.4.35	4
19:15	DAN.9.3-DAN.9.4	4
19:15	GEN.1.1	3
19:15	GEN.2.4	3
19:15	2SA.7.18-2SA.7.28	3
19:15	1KI.8.23	3
19:15	2CH.14.11	3
19:15	2CH.20.6	3
19:15	PSA.102.25	3
19:15	PSA.146.6	3
19:15	ISA.43.10	3
19:15	ISA.45.22	3
19:15	JHN.1.1-JHN.1.3	3
19:15	1SA.4.4	2
19:15	GEN.32.28	1
19:15	GEN.33.20	1
19:15	1CH.4.10	1
19:15	2CH.5.7-2CH.5.8	1
19:15	2CH.32.20	1
19:15	PSA.33.9	1
19:15	PSA.80.1	1
19:15	PSA.99.1	1
19:15	ISA.41.17	1
19:16	2KI.19.4	5
19:16	2CH.6.40	5
19:16	PSA.31.2	5
19:16	ISA.37.17	5
19:16	1KI.8.29	4
19:16	DAN.9.18	4
19:16	PSA.79.12	2
19:16	ISA.37.4	2
19:16	HEB.11.26	2
19:17	2KI.16.9	2
19:17	2KI.17.6	2
19:17	2KI.17.24	2
19:17	1CH.5.26	2
19:17	JOB.9.2	2
19:17	ISA.5.9	2
19:17	ISA.7.17-ISA.7.18	2
19:17	ISA.10.9-ISA.10.11	2
19:17	JER.26.15	2
19:17	DAN.2.47	2
19:17	LUK.22.59	2
19:17	ACT.4.27	2
19:17	1CO.14.25	2
19:17	MAT.14.33	1
19:18	ACT.17.29	4
19:18	ISA.44.9-ISA.44.20	3
19:18	JER.10.3-JER.10.9	3
19:18	2SA.5.21	2
19:18	PSA.115.4-PSA.115.8	2
19:18	ISA.37.18-ISA.37.19	2
19:18	ISA.46.1-ISA.46.2	2
19:18	JER.10.14-JER.10.16	2
19:19	PSA.83.18	5
19:19	1KI.8.43	4
19:19	PSA.67.1-PSA.67.2	3
19:19	EXO.9.15-EXO.9.16	2
19:19	JOS.7.9	2
19:19	1SA.17.45-1SA.17.47	2
19:19	1KI.18.36-1KI.18.37	2
19:19	1KI.20.28	2
19:19	DAN.4.34-DAN.4.37	2
19:19	2KI.19.15	1
19:20	2KI.20.5	8
19:20	2CH.32.20-2CH.32.21	7
19:20	ISA.65.24	6
19:20	JER.33.3	6
19:20	ACT.10.31	6
19:20	1JN.5.14-1JN.5.15	6
19:20	2SA.15.31	5
19:20	JHN.11.42	5
19:20	ACT.10.4	5
19:20	2SA.17.23	4
19:20	JOB.22.27	4
19:20	PSA.50.15	4
19:20	ISA.58.9	4
19:20	DAN.9.20-DAN.9.23	4
19:20	PSA.65.2	3
19:21	LAM.2.13	7
19:21	JOB.16.4	4
19:21	JER.14.17	4
19:21	MAT.27.39	4
19:21	PSA.22.7-PSA.22.8	3
19:21	PSA.109.25	3
19:21	ISA.37.21-ISA.37.35	3
19:21	LAM.2.15	3
19:21	PSA.9.14	2
19:21	PSA.137.8	2
19:21	ISA.1.8	2
19:21	ISA.23.10	2
19:21	ISA.23.12	2
19:21	ISA.47.1	2
19:21	ISA.47.5	2
19:21	JER.18.13	2
19:21	JER.31.4	2
19:21	JER.46.11	2
19:21	LAM.1.15	2
19:21	LAM.4.21	2
19:21	AMO.5.2	2
19:21	MIC.4.8	2
19:21	ZEC.9.9	2
19:22	ISA.5.24	5
19:22	PSA.71.22	4
19:22	ISA.30.11-ISA.30.12	3
19:22	ISA.30.15	3
19:22	JER.51.5	3
19:22	2TH.2.4	3
19:22	EXO.5.2	2
19:22	EXO.9.17	2
19:22	2KI.18.28-2KI.18.35	2
19:22	2KI.19.4	2
19:22	PSA.73.9	2
19:22	PSA.74.22-PSA.74.23	2
19:22	PRO.30.13	2
19:22	ISA.10.15	2
19:22	ISA.14.13-ISA.14.14	2
19:22	EZK.28.2-EZK.28.9	2
19:22	DAN.5.20-DAN.5.23	2
19:22	2CO.10.5	2
19:22	2KI.19.6	1
19:23	2KI.18.17	4
19:23	PSA.20.7	4
19:23	ISA.10.18	3
19:23	2KI.18.23	2
19:23	2KI.18.33-2KI.18.34	2
19:23	2CH.26.10	2
19:23	2CH.32.17	2
19:23	ISA.10.7-ISA.10.11	2
19:23	ISA.10.14	2
19:23	ISA.37.24-ISA.37.25	2
19:23	EZK.31.3-EZK.31.18	2
19:24	EXO.15.9	2
19:24	2SA.17.13	2
19:24	1KI.20.10	2
19:24	ISA.19.6	2
19:24	DAN.4.30	2
19:25	ISA.45.7	6
19:25	ISA.10.5-ISA.10.6	3
19:25	ISA.37.26-ISA.37.27	3
19:25	ISA.46.10-ISA.46.11	3
19:25	PSA.33.11	2
19:25	PSA.76.10	2
19:25	ISA.10.15	2
19:25	ISA.54.16	2
19:25	ACT.4.27-ACT.4.28	2
19:26	NUM.11.23	2
19:26	NUM.14.9	2
19:26	PSA.48.4-PSA.48.7	2
19:26	PSA.92.7	2
19:26	PSA.102.11	2
19:26	PSA.127.1	2
19:26	PSA.129.6-PSA.129.8	2
19:26	ISA.40.6-ISA.40.8	2
19:26	JER.37.10	2
19:26	JER.50.36-JER.50.37	2
19:26	JER.51.30	2
19:26	JER.51.32	2
19:26	JAS.1.10-JAS.1.11	2
19:26	1PE.1.24	2
19:27	ISA.37.28-ISA.37.29	3
19:27	JER.23.23-JER.23.24	3
19:27	DEU.28.6	2
19:27	PSA.121.8	2
19:27	PSA.139.1-PSA.139.11	2
19:27	DEU.28.19	1
19:28	EZK.29.4	6
19:28	2KI.19.33	5
19:28	EZK.38.4	5
19:28	AMO.4.2	4
19:28	JOB.41.2	3
19:28	ISA.30.28	3
19:28	2KI.19.36-2KI.19.37	2
19:28	PSA.2.1-PSA.2.5	2
19:28	PSA.7.6	2
19:28	PSA.10.13-PSA.10.14	2
19:28	PSA.32.9	2
19:28	PSA.46.6	2
19:28	PSA.65.7	2
19:28	PSA.74.4	2
19:28	PSA.74.23	2
19:28	PSA.83.2	2
19:28	PSA.93.3-PSA.93.4	2
19:28	EZK.19.9	2
19:28	LUK.6.11	2
19:28	JHN.15.18	2
19:28	JHN.15.23-JHN.15.24	2
19:28	ACT.7.51	2
19:29	LEV.25.20-LEV.25.22	6
19:29	EXO.3.12	5
19:29	2KI.20.8-2KI.20.9	5
19:29	ISA.37.30	4
19:29	LUK.2.12	4
19:29	LEV.25.4-LEV.25.5	3
19:29	1SA.2.34	3
19:29	ISA.7.11-ISA.7.14	3
19:29	2KI.19.21	2
19:29	2KI.19.31-2KI.19.34	2
19:30	2KI.19.4	5
19:30	ISA.27.6	5
19:30	2CH.32.22-2CH.32.23	4
19:30	ISA.10.20-ISA.10.22	4
19:30	ISA.1.9	3
19:30	ISA.37.31-ISA.37.32	3
19:30	PSA.80.9	1
19:31	ISA.9.7	7
19:31	ISA.10.20	3
19:31	JHN.2.17	3
19:31	ROM.9.27	3
19:31	ROM.11.5	3
19:31	ISA.59.17	2
19:31	ISA.63.15	2
19:31	JER.44.14	2
19:31	EZK.5.13	2
19:31	EZK.20.9	2
19:31	ZEC.1.14	2
19:31	2KI.19.4	1
19:32	2SA.20.15	3
19:32	ISA.8.7-ISA.8.10	3
19:32	ISA.10.24-ISA.10.25	2
19:32	ISA.10.28-ISA.10.32	2
19:32	ISA.37.33-ISA.37.35	2
19:32	EZK.21.22	2
19:32	LUK.19.43-LUK.19.44	2
19:33	2KI.19.28	6
19:33	2KI.19.36	3
19:34	1KI.11.12-1KI.11.13	18
19:34	2KI.20.6	16
19:34	1KI.15.4	14
19:34	ISA.31.5	7
19:34	JER.33.26	5
19:34	ISA.38.6	4
19:34	JER.23.5-JER.23.6	4
19:34	JER.33.21	4
19:34	DEU.32.27	3
19:34	ISA.9.7	3
19:34	ISA.43.25	3
19:34	ISA.48.11	3
19:34	EPH.1.6	3
19:34	PSA.46.5-PSA.46.6	2
19:34	PSA.48.2-PSA.48.8	2
19:34	ISA.48.9	2
19:34	EZK.36.22	2
19:34	EPH.1.14	2
19:35	2CH.32.21-2CH.32.22	12
19:35	2SA.24.16	8
19:35	EXO.12.29-EXO.12.30	6
19:35	ISA.37.36	6
19:35	PSA.76.5-PSA.76.7	5
19:35	1TH.5.2-1TH.5.3	5
19:35	ISA.10.33	4
19:35	DAN.5.30	4
19:35	HOS.1.7	4
19:35	ACT.12.23	4
19:35	1CH.21.12	3
19:35	1CH.21.16	3
19:35	PSA.35.5-PSA.35.6	3
19:35	PSA.76.10	3
19:35	ISA.10.16-ISA.10.19	3
19:35	ISA.30.30-ISA.30.33	3
19:35	EXO.12.23	2
19:36	JON.1.2	5
19:36	2KI.19.7	3
19:36	2KI.19.28	3
19:36	2KI.19.33	3
19:36	GEN.10.11-GEN.10.12	2
19:36	JON.3.2-JON.3.10	2
19:36	NAM.1.1	2
19:36	NAM.2.8	2
19:36	MAT.12.41	2
19:37	GEN.8.4	4
19:37	EZR.4.2	4
19:37	2KI.19.7	3
19:37	JER.51.27	3
19:37	DEU.32.31	2
19:37	2KI.18.5	2
19:37	2KI.18.30	2
19:37	2KI.19.10	2
19:37	2CH.32.14	2
19:37	2CH.32.19	2
19:37	2CH.32.21	2
19:37	ISA.37.37-ISA.37.38	2
20:1	ISA.38.1-ISA.38.22	15
20:1	2CH.32.24-2CH.32.26	12
20:1	PHP.2.27	11
20:1	JON.3.4-JON.3.10	8
20:1	2KI.19.20	6
20:1	2SA.17.23	5
20:1	JER.18.7-JER.18.10	5
20:1	PHP.2.30	4
20:1	JHN.11.1-JHN.11.5	3
20:1	2KI.19.2	2
20:2	PSA.50.15	5
20:2	1KI.8.30	4
20:2	ISA.38.2-ISA.38.3	4
20:2	MAT.6.6	4
20:3	NEH.13.14	7
20:3	NEH.13.22	7
20:3	2KI.18.3-2KI.18.6	6
20:3	NEH.5.19	6
20:3	NEH.13.31	5
20:3	1JN.3.21-1JN.3.22	5
20:3	LUK.1.6	4
20:3	2SA.12.21-2SA.12.22	3
20:3	1KI.8.61	3
20:3	PSA.145.18	3
20:3	ISA.38.14	3
20:3	GEN.5.22	2
20:3	GEN.5.24	2
20:3	GEN.8.1	2
20:3	GEN.17.1	2
20:3	1KI.2.4	2
20:3	1KI.3.6	2
20:3	1KI.11.4	2
20:3	1KI.15.14	2
20:3	2CH.16.9	2
20:3	2CH.31.20-2CH.31.21	2
20:3	JOB.1.1	2
20:3	JOB.1.8	2
20:3	PSA.6.6	2
20:3	PSA.25.7	2
20:3	PSA.32.2	2
20:3	PSA.89.47	2
20:3	PSA.89.50	2
20:3	PSA.102.9	2
20:3	PSA.119.49	2
20:3	ISA.63.11	2
20:3	JER.4.2	2
20:3	JHN.1.47	2
20:3	2CO.1.12	2
20:3	HEB.5.7	1
20:4	1KI.7.8	2
20:4	2KI.22.14	2
20:5	PSA.66.19-PSA.66.20	31
20:5	ISA.38.5	27
20:5	1SA.9.16	21
20:5	2KI.19.20	20
20:5	PSA.39.12	20
20:5	PSA.126.5	19
20:5	PSA.147.3	17
20:5	JAS.5.14-JAS.5.15	16
20:5	PSA.56.8	15
20:5	REV.7.17	14
20:5	PSA.118.17-PSA.118.19	12
20:5	MAT.22.32	12
20:5	LUK.1.13	12
20:5	EXO.15.26	11
20:5	JOS.5.14-JOS.5.15	11
20:5	1SA.10.1	10
20:5	JOB.33.19-JOB.33.26	9
20:5	JHN.5.14	9
20:5	DEU.32.39	6
20:5	2SA.5.2	6
20:5	1CH.17.2-1CH.17.4	6
20:5	ISA.38.22	6
20:5	HEB.2.10	6
20:5	2KI.20.7-2KI.20.8	5
20:5	PSA.65.2	5
20:5	PSA.116.12-PSA.116.14	5
20:5	ISA.55.3	5
20:5	2SA.7.3-2SA.7.5	4
20:5	2CH.13.12	4
20:5	2CH.34.3	3
20:5	PSA.66.13-PSA.66.15	3
20:6	2KI.19.34	8
20:6	ISA.10.24	4
20:6	ACT.27.24	4
20:6	2CH.32.22	3
20:6	PSA.116.15	3
20:7	ISA.38.21	5
20:7	2KI.2.20-2KI.2.22	2
20:7	2KI.4.41	2
20:8	JDG.6.17	4
20:8	ISA.7.11	4
20:8	2KI.19.29	3
20:8	2KI.20.5	3
20:8	HOS.6.2	3
20:8	ISA.7.14	2
20:8	ISA.38.22	2
20:8	JDG.6.37-JDG.6.40	1
20:9	ISA.38.7-ISA.38.8	3
20:9	MAT.16.1-MAT.16.4	2
20:9	MRK.8.11-MRK.8.12	2
20:9	LUK.11.29-LUK.11.30	2
20:10	2KI.2.10	2
20:10	2KI.3.18	2
20:10	ISA.49.6	2
20:10	MRK.9.28-MRK.9.29	2
20:10	JHN.14.12	2
20:11	ISA.38.8	4
20:11	JOS.10.12-JOS.10.14	3
20:11	2CH.32.24	3
20:11	EXO.14.15	2
20:11	1KI.17.20-1KI.17.21	2
20:11	1KI.18.36-1KI.18.38	2
20:11	2CH.32.31	2
20:11	ACT.9.40	2
20:12	2CH.32.31	4
20:12	ISA.39.1-ISA.39.8	4
20:12	GEN.10.10	2
20:12	GEN.11.9	2
20:12	2SA.8.10	2
20:12	2SA.10.2	2
20:12	ISA.13.1	2
20:12	ISA.13.19	2
20:12	ISA.14.4	2
20:13	1KI.10.2	2
20:13	1KI.10.10	2
20:13	1KI.10.15	2
20:13	1KI.10.25	2
20:13	2CH.32.25-2CH.32.27	2
20:13	PRO.23.5	2
20:13	ECC.7.20	2
20:13	ISA.39.2	2
20:14	DEU.28.49	2
20:14	JOS.9.6	2
20:14	JOS.9.9	2
20:14	2SA.12.7-2SA.12.15	2
20:14	2KI.5.25-2KI.5.26	2
20:14	2CH.16.7-2CH.16.10	2
20:14	2CH.25.7-2CH.25.9	2
20:14	2CH.25.15-2CH.25.16	2
20:14	PSA.141.5	2
20:14	PRO.25.12	2
20:14	ISA.13.5	2
20:14	ISA.39.3-ISA.39.8	2
20:14	JER.26.18-JER.26.19	2
20:14	AMO.7.12-AMO.7.13	2
20:14	MRK.6.18-MRK.6.19	2
20:15	2KI.20.13	3
20:15	JOB.31.33	2
20:15	PRO.28.13	2
20:15	1JN.1.8-1JN.1.10	2
20:15	JOS.7.19	1
20:16	1KI.22.19	2
20:16	2KI.7.1	2
20:16	ISA.1.10	2
20:16	AMO.7.16	2
20:17	2KI.24.13	6
20:17	2CH.36.10	5
20:17	JER.27.21-JER.27.22	4
20:17	JER.52.17-JER.52.19	4
20:17	2KI.25.13-2KI.25.15	3
20:17	LEV.26.19	2
20:17	2CH.36.18	2
20:18	2CH.33.11	5
20:18	2KI.24.12	4
20:18	DAN.1.3	3
20:18	2KI.25.6	2
20:19	1SA.3.18	4
20:19	LEV.10.3	2
20:19	EST.9.30	2
20:19	JOB.1.21	2
20:19	PSA.39.9	2
20:19	JER.33.6	2
20:19	LAM.3.22	2
20:19	LAM.3.39	2
20:19	ZEC.8.19	2
20:19	LUK.2.10	2
20:19	LUK.2.14	2
20:20	NEH.3.16	6
20:20	2CH.32.4	4
20:20	2CH.32.32	4
20:20	2CH.32.30	3
20:20	ISA.22.9-ISA.22.11	2
20:20	1KI.14.19	1
20:20	1KI.15.7	1
20:20	1KI.15.23	1
20:20	2KI.8.23	1
20:20	2KI.15.6	1
20:20	2KI.15.26	1
20:20	2KI.16.19	1
20:21	2CH.32.33	4
20:21	1KI.2.10	2
20:21	1KI.11.43	2
20:21	1KI.14.31	2
20:21	2KI.21.1	2
20:21	2KI.21.18	2
20:21	2CH.26.23	2
21:1	ISA.62.4	3
21:1	2KI.20.21	2
21:1	1CH.3.13	2
21:1	2CH.32.33-2CH.33.9	2
21:1	PRO.5.19	2
21:1	MAT.1.10	2
21:2	LEV.18.25-LEV.18.29	2
21:2	DEU.12.31	2
21:2	2KI.16.2-2KI.16.4	2
21:2	2KI.21.7	2
21:2	2KI.21.16	2
21:2	2KI.22.17	2
21:2	2CH.33.2-2CH.33.4	2
21:2	2CH.36.14	2
21:2	JER.15.4	2
21:2	EZK.16.51	2
21:3	2KI.17.16	5
21:3	2KI.18.4	5
21:3	DEU.17.3	4
21:3	1KI.16.31-1KI.16.33	4
21:3	DEU.4.19	3
21:3	1KI.18.21	2
21:3	1KI.18.26	2
21:3	2KI.8.18	2
21:3	2KI.8.27	2
21:3	2KI.10.18-2KI.10.20	2
21:3	2KI.18.22	2
21:3	2KI.23.4-2KI.23.5	2
21:3	2CH.32.12	2
21:3	2CH.33.3-2CH.33.5	2
21:3	2CH.34.3	2
21:3	JOB.31.26	2
21:3	MIC.6.16	2
21:4	2SA.7.13	5
21:4	1KI.8.29	5
21:4	JER.32.34	4
21:4	DEU.12.5	3
21:4	1KI.9.3	3
21:4	2KI.16.10-2KI.16.16	3
21:4	EXO.20.24	2
21:4	PSA.78.68-PSA.78.69	2
21:4	PSA.132.13-PSA.132.14	2
21:5	1KI.7.12	5
21:5	1KI.6.36	3
21:5	2KI.23.4	3
21:5	2KI.23.12	3
21:5	2KI.23.6	2
21:5	2CH.33.5	2
21:5	2CH.33.15	2
21:5	EZK.40.28	2
21:5	EZK.40.32	2
21:5	EZK.40.37	2
21:5	EZK.40.47	2
21:5	EZK.42.3	2
21:5	EZK.43.5	2
21:5	EZK.44.19	2
21:6	2KI.17.17	7
21:6	LEV.18.21	6
21:6	LEV.19.31	6
21:6	LEV.19.26	4
21:6	2KI.16.3	4
21:6	DEU.18.10-DEU.18.14	3
21:6	2CH.33.6	3
21:6	GEN.13.13	2
21:6	LEV.20.2-LEV.20.3	2
21:6	2KI.24.3-2KI.24.4	2
21:6	1CH.10.13	2
21:6	2CH.28.3	2
21:6	ISA.8.19	2
21:6	ISA.19.3	2
21:6	MIC.6.7	2
21:6	ACT.16.16	2
21:7	2CH.7.16	6
21:7	2SA.7.13	4
21:7	1KI.8.29	4
21:7	1KI.9.3	4
21:7	2CH.7.12	4
21:7	DEU.16.21	3
21:7	2KI.21.4	3
21:7	2KI.23.6	3
21:7	2KI.23.27	3
21:7	2CH.7.20	3
21:7	2CH.33.7	3
21:7	2CH.33.15	3
21:7	NEH.1.9	3
21:7	PSA.132.13-PSA.132.14	3
21:7	JER.32.34	3
21:7	1KI.8.44	2
21:7	1KI.9.7	2
21:7	PSA.74.2	2
21:7	PSA.78.68-PSA.78.69	2
21:8	2SA.7.10	4
21:8	LEV.26.3-LEV.26.13	2
21:8	DEU.5.28-DEU.5.29	2
21:8	DEU.28.1-DEU.28.14	2
21:8	JOS.23.11-JOS.23.13	2
21:8	2KI.18.11-2KI.18.12	2
21:8	1CH.17.9	2
21:8	2CH.33.8	2
21:8	PSA.37.3	2
21:8	PSA.81.11-PSA.81.16	2
21:8	ISA.1.19	2
21:8	JER.7.3-JER.7.7	2
21:8	JER.7.23	2
21:8	JER.17.20-JER.17.27	2
21:8	EZK.22.2-EZK.22.16	2
21:8	EZK.33.25-EZK.33.29	2
21:9	PRO.29.12	5
21:9	1KI.14.16	3
21:9	2CH.33.9	3
21:9	2CH.36.16	3
21:9	NEH.9.26	3
21:9	NEH.9.29-NEH.9.30	3
21:9	EZK.16.51-EZK.16.52	3
21:9	DAN.9.6	3
21:9	DAN.9.10-DAN.9.11	3
21:9	HOS.5.11	3
21:9	LUK.13.34	3
21:9	JHN.15.22	3
21:9	JAS.4.17	3
21:9	REV.2.20	3
21:9	EZR.9.10-EZR.9.11	2
21:9	PSA.12.8	2
21:9	PSA.81.10	2
21:9	EZK.16.47	2
21:10	2CH.33.10	2
21:10	2CH.36.15	2
21:10	NEH.9.26	2
21:10	NEH.9.30	2
21:10	MAT.23.34-MAT.23.37	2
21:11	1KI.21.26	5
21:11	2KI.24.3-2KI.24.4	5
21:11	2KI.21.9	4
21:11	JER.15.4	3
21:11	GEN.15.16	2
21:11	1KI.14.16	2
21:11	1KI.15.30	2
21:11	1KI.16.19	2
21:11	2KI.21.2	2
21:11	2KI.21.16	2
21:11	2KI.21.21	2
21:11	2KI.23.26-2KI.23.27	2
21:11	EZK.16.3	2
21:11	EZK.16.45	2
21:12	JER.19.3	5
21:12	1SA.3.11	4
21:12	2KI.22.16	2
21:12	DAN.9.12	2
21:12	AMO.3.2	2
21:12	MIC.3.12	2
21:12	ISA.28.16	1
21:12	MAT.24.21-MAT.24.22	1
21:12	LUK.23.28-LUK.23.29	1
21:12	REV.6.15-REV.6.17	1
21:13	AMO.7.7-AMO.7.8	7
21:13	LAM.2.8	6
21:13	ISA.34.11	5
21:13	2KI.10.11	3
21:13	ISA.10.22	3
21:13	ISA.28.17	3
21:13	JER.25.9	3
21:13	EZK.23.31-EZK.23.34	3
21:13	1KI.14.10	2
21:13	2KI.17.6	2
21:13	ISA.14.23	2
21:13	EZK.24.10-EZK.24.11	2
21:13	ZEC.1.16	2
21:13	REV.18.21-REV.18.23	2
21:13	1KI.21.21-1KI.21.24	1
21:14	JER.23.33	4
21:14	2KI.19.4	3
21:14	PSA.89.38-PSA.89.45	3
21:14	LEV.26.17	2
21:14	LEV.26.36-LEV.26.38	2
21:14	DEU.4.26-DEU.4.27	2
21:14	DEU.28.25	2
21:14	DEU.28.31-DEU.28.33	2
21:14	DEU.28.48	2
21:14	DEU.31.17	2
21:14	JDG.2.14-JDG.2.15	2
21:14	2KI.19.30-2KI.19.31	2
21:14	2KI.24.2	2
21:14	2CH.15.2	2
21:14	2CH.36.16-2CH.36.17	2
21:14	NEH.9.27-NEH.9.37	2
21:14	PSA.37.28	2
21:14	PSA.71.1-PSA.71.7	2
21:14	PSA.106.40-PSA.106.43	2
21:14	ISA.10.6	2
21:14	JER.12.7	2
21:14	LAM.1.5	2
21:14	LAM.1.10	2
21:14	LAM.5.20	2
21:14	AMO.5.2	2
21:15	DEU.9.21	2
21:15	DEU.31.27	2
21:15	DEU.31.29	2
21:15	JDG.2.11-JDG.2.13	2
21:15	PSA.106.34-PSA.106.40	2
21:15	EZK.16.15-EZK.16.22	2
21:15	EZK.20.4	2
21:15	EZK.20.13	2
21:15	EZK.20.21	2
21:15	EZK.20.30	2
21:15	EZK.23.3	2
21:15	EZK.23.8-EZK.23.21	2
21:15	DAN.9.5-DAN.9.11	2
21:16	NUM.35.33	3
21:16	2KI.21.11	3
21:16	2CH.33.9	3
21:16	EXO.32.21	2
21:16	DEU.21.8-DEU.21.9	2
21:16	1KI.14.15-1KI.14.16	2
21:16	2KI.21.7	2
21:16	2KI.24.3-2KI.24.4	2
21:16	JER.2.34	2
21:16	JER.7.6	2
21:16	JER.15.4	2
21:16	JER.19.4	2
21:16	MAT.23.30-MAT.23.31	2
21:16	MAT.27.6	2
21:16	LUK.13.34	2
21:16	HEB.11.37	2
21:17	2KI.20.20-2KI.20.21	2
21:17	2CH.33.1-2CH.33.20	2
21:18	2CH.33.20	4
21:18	2KI.21.26	3
21:18	2CH.21.20	2
21:18	2CH.24.16	2
21:18	2CH.24.25	2
21:18	2CH.28.27	2
21:18	2CH.32.33	2
21:18	JER.22.19	2
21:19	2CH.33.21-2CH.33.23	3
21:19	1KI.15.25	2
21:19	1KI.16.8	2
21:19	1KI.22.51	2
21:19	2KI.15.23	2
21:19	1CH.3.14	2
21:19	MAT.1.10	2
21:20	2KI.21.2-2KI.21.7	2
21:20	2KI.21.11	2
21:20	2CH.33.22-2CH.33.23	2
21:20	MAT.23.32	2
21:20	ACT.7.51	2
21:20	NUM.32.14	1
21:22	1KI.11.33	4
21:22	2KI.22.17	4
21:22	1CH.28.9	3
21:22	DEU.32.15	2
21:22	JER.2.13	2
21:22	JON.2.8	2
21:23	2KI.12.20	4
21:23	2KI.14.19	3
21:23	2CH.33.24-2CH.33.25	3
21:23	1KI.15.27	2
21:23	1KI.16.9	2
21:23	2KI.15.25	2
21:23	2KI.15.30	2
21:24	2KI.14.5	4
21:24	1SA.11.15	2
21:24	2SA.5.3	2
21:24	1KI.12.1	2
21:24	1KI.12.20	2
21:24	2KI.11.17	2
21:24	2KI.14.21	2
21:24	2CH.22.1	2
21:24	2CH.26.1	2
21:24	2CH.33.25	2
21:25	2KI.20.20	2
21:25	2KI.21.17	2
21:26	2KI.21.18	3
21:26	MAT.1.10	2
21:26	1KI.13.5	1
22:1	JOS.15.39	6
22:1	2CH.34.1-2CH.34.33	5
22:1	1KI.13.2	2
22:1	2KI.11.21	2
22:1	2KI.21.1	2
22:1	PSA.8.2	2
22:1	ECC.10.16	2
22:1	ISA.3.4	2
22:1	JER.1.2	2
22:1	ZEP.1.1	2
22:1	MAT.1.10	2
22:2	DEU.5.32	8
22:2	JOS.1.7	7
22:2	2KI.18.3	6
22:2	1KI.3.6	5
22:2	1KI.11.38	4
22:2	2KI.16.2	4
22:2	2CH.29.2	4
22:2	PRO.4.27	4
22:2	PRO.20.11	4
22:2	1KI.15.5	3
22:2	2CH.17.3	3
22:2	EZK.18.14-EZK.18.17	2
22:3	2CH.34.3-2CH.34.33	1
22:4	2KI.12.4	5
22:4	2KI.12.8-2KI.12.11	2
22:4	1CH.6.13	2
22:4	1CH.9.11	2
22:4	1CH.9.19	2
22:4	1CH.26.13-1CH.26.19	2
22:4	2CH.8.14	2
22:4	2CH.24.8-2CH.24.12	2
22:4	2CH.34.9-2CH.34.18	2
22:4	NEH.11.19	2
22:4	PSA.84.10	2
22:4	MRK.12.41-MRK.12.42	2
22:5	2KI.12.11-2KI.12.14	4
22:5	2KI.12.5	3
22:5	2CH.24.7	2
22:5	2CH.24.12-2CH.24.13	2
22:5	2CH.24.27	2
22:5	EZR.3.7	2
22:7	2KI.12.15	6
22:7	1CO.4.2	4
22:7	2CH.24.14	3
22:7	NEH.7.2	3
22:7	PRO.28.20	3
22:7	LUK.16.10-LUK.16.12	3
22:7	2CO.8.20-2CO.8.21	3
22:7	EXO.36.5-EXO.36.6	2
22:7	2TI.2.2	2
22:7	3JN.1.5	2
22:8	DEU.31.24-DEU.31.26	6
22:8	2CH.34.14-2CH.34.28	5
22:9	2KI.18.18	2
22:9	2KI.22.3	2
22:9	2KI.22.12	2
22:9	2KI.25.22	2
22:9	JER.26.24	2
22:9	JER.29.3	2
22:9	JER.36.10-JER.36.12	2
22:9	JER.39.14	2
22:9	JER.40.11	2
22:9	JER.41.2	2
22:9	EZK.8.11	2
22:10	JER.36.21	3
22:10	DEU.17.18-DEU.17.20	2
22:10	DEU.31.9-DEU.31.13	2
22:10	2CH.34.18	2
22:10	NEH.8.1-NEH.8.7	2
22:10	NEH.8.14-NEH.8.15	2
22:10	NEH.8.18	2
22:10	NEH.13.1	2
22:10	JER.13.18	2
22:10	JER.22.1-JER.22.2	2
22:10	JER.36.6	2
22:10	JER.36.15	2
22:11	2CH.34.19	5
22:11	JOL.2.13	5
22:11	JON.3.6-JON.3.7	4
22:11	JOS.7.6	3
22:11	2KI.22.19	3
22:11	JER.36.24	3
22:12	JER.26.24	5
22:12	2KI.25.22	3
22:12	2KI.19.2-2KI.19.3	2
22:12	2KI.22.9	2
22:12	2CH.34.19-2CH.34.21	2
22:12	ISA.37.1-ISA.37.4	2
22:12	JER.26.22	2
22:13	NEH.9.3	4
22:13	EXO.20.5	3
22:13	DEU.4.23-DEU.4.27	3
22:13	DEU.29.23-DEU.29.28	3
22:13	DEU.31.17-DEU.31.18	3
22:13	JER.37.17	3
22:13	JAS.1.22-JAS.1.25	3
22:13	1KI.22.7-1KI.22.8	2
22:13	2KI.3.11	2
22:13	1CH.10.13-1CH.10.14	2
22:13	2CH.29.6	2
22:13	2CH.34.21	2
22:13	NEH.8.8-NEH.8.9	2
22:13	PSA.25.14	2
22:13	PSA.76.7	2
22:13	PSA.106.6	2
22:13	PRO.3.6	2
22:13	JER.16.12	2
22:13	JER.21.1-JER.21.2	2
22:13	JER.44.17	2
22:13	LAM.5.7	2
22:13	EZK.14.3-EZK.14.4	2
22:13	EZK.20.1-EZK.20.3	2
22:13	DAN.9.5-DAN.9.8	2
22:13	DAN.9.10	2
22:13	AMO.3.7	2
22:13	NAM.1.6	2
22:13	ROM.3.20	2
22:13	ROM.4.15	2
22:13	ROM.7.9	2
22:13	REV.6.17	2
22:14	JDG.4.4	3
22:14	2CH.34.22	3
22:14	EXO.15.20	2
22:14	2KI.10.22	2
22:14	NEH.7.72	2
22:14	MIC.6.4	2
22:14	ZEP.1.10	2
22:14	LUK.1.41-LUK.1.56	2
22:14	LUK.2.36	2
22:14	ACT.21.9	2
22:14	1CO.11.5	1
22:15	2KI.1.6	3
22:15	2KI.1.16	3
22:15	JER.23.28	3
22:16	DAN.9.11-DAN.9.14	4
22:16	JOS.23.15	3
22:16	DEU.28.15-DEU.28.68	2
22:16	DEU.29.18-DEU.29.23	2
22:16	DEU.29.27	2
22:16	DEU.30.17-DEU.30.18	2
22:16	DEU.31.16-DEU.31.18	2
22:16	DEU.32.15-DEU.32.26	2
22:16	JOS.23.13	2
22:16	2KI.20.17	2
22:16	2KI.21.12-2KI.21.13	2
22:16	2KI.25.1-2KI.25.4	2
22:16	2CH.34.24-2CH.34.25	2
22:16	LEV.26.15-LEV.26.46	1
22:17	2KI.21.22	3
22:17	EXO.32.34	2
22:17	DEU.29.24-DEU.29.28	2
22:17	DEU.32.15-DEU.32.19	2
22:17	DEU.32.22	2
22:17	JDG.2.12-JDG.2.14	2
22:17	JDG.3.7-JDG.3.8	2
22:17	JDG.10.6-JDG.10.7	2
22:17	JDG.10.10-JDG.10.14	2
22:17	1KI.9.6-1KI.9.9	2
22:17	2CH.36.16	2
22:17	NEH.9.26-NEH.9.27	2
22:17	PSA.106.35-PSA.106.42	2
22:17	PSA.115.4-PSA.115.8	2
22:17	ISA.2.8-ISA.2.9	2
22:17	ISA.33.14	2
22:17	ISA.44.17-ISA.44.20	2
22:17	ISA.46.5-ISA.46.8	2
22:17	JER.2.11-JER.2.13	2
22:17	JER.2.27-JER.2.28	2
22:17	JER.7.20	2
22:17	JER.17.27	2
22:17	EZK.20.47-EZK.20.48	2
22:17	MIC.5.13	2
22:17	ZEP.1.18	2
22:17	1TH.2.16	2
22:18	2CH.34.26-2CH.34.28	2
22:18	ISA.3.10	2
22:18	MAL.3.16-MAL.3.17	2
22:19	PSA.51.17	14
22:19	1KI.21.29	11
22:19	EXO.10.3	9
22:19	ISA.57.15	9
22:19	1SA.24.5	7
22:19	MIC.6.8	7
22:19	1PE.5.5-1PE.5.6	7
22:19	ISA.66.5	6
22:19	JER.44.22	6
22:19	LUK.19.41	6
22:19	JAS.4.6-JAS.4.10	6
22:19	2CH.33.12	5
22:19	ISA.66.2	5
22:19	JER.26.6	5
22:19	LEV.26.31-LEV.26.32	4
22:19	2KI.20.5	4
22:19	2CH.33.19	4
22:19	DEU.29.23	3
22:19	JDG.2.4-JDG.2.5	3
22:19	JDG.20.26	3
22:19	2KI.19.20	3
22:19	2KI.22.11	3
22:19	2CH.33.23	3
22:19	EZR.10.1	3
22:19	NEH.1.4	3
22:19	LEV.26.40-LEV.26.41	2
22:19	NUM.25.6	2
22:19	EZR.9.3-EZR.9.4	2
22:19	NEH.8.9	2
22:19	PSA.119.120	2
22:19	PSA.119.136	2
22:19	ISA.46.12	2
22:19	JER.9.1	2
22:19	JER.13.17	2
22:19	JER.14.17	2
22:19	JER.36.24	2
22:19	JER.36.29-JER.36.32	2
22:19	EZK.9.4	2
22:19	ROM.2.4-ROM.2.5	2
22:19	ROM.9.2-ROM.9.3	2
22:20	PSA.37.37	8
22:20	ISA.57.1-ISA.57.2	7
22:20	1CH.17.11	5
22:20	GEN.25.8	4
22:20	JER.22.15-JER.22.16	4
22:20	2KI.23.29-2KI.23.30	3
22:20	JER.22.10	3
22:20	DEU.31.16	2
22:20	2CH.34.28	2
23:1	2CH.34.29-2CH.34.33	3
23:1	DEU.31.28	2
23:1	2CH.29.20	2
23:1	2CH.30.2	2
23:1	2SA.6.1	1
23:2	2KI.22.8	5
23:2	DEU.31.10-DEU.31.13	4
23:2	REV.20.12	3
23:2	GEN.19.11	2
23:2	DEU.31.26	2
23:2	1SA.5.9	2
23:2	1SA.30.2	2
23:2	1KI.8.9	2
23:2	2CH.15.13	2
23:2	2CH.17.9	2
23:2	NEH.8.1-NEH.8.8	2
23:2	NEH.9.3	2
23:2	NEH.13.1	2
23:2	EST.1.5	2
23:2	PSA.115.13	2
23:2	ACT.26.22	2
23:2	JOB.3.19	1
23:3	2KI.11.14	6
23:3	2KI.11.17	5
23:3	DEU.13.4	3
23:3	EXO.24.3	2
23:3	EXO.24.7-EXO.24.8	2
23:3	DEU.4.45	2
23:3	DEU.5.1-DEU.5.3	2
23:3	DEU.6.1	2
23:3	DEU.6.5	2
23:3	DEU.8.19	2
23:3	DEU.10.12	2
23:3	DEU.11.13	2
23:3	DEU.29.1	2
23:3	DEU.29.10-DEU.29.15	2
23:3	JOS.24.24-JOS.24.25	2
23:3	2CH.15.12-2CH.15.14	2
23:3	2CH.23.13	2
23:3	2CH.23.16	2
23:3	2CH.29.10	2
23:3	2CH.34.31-2CH.34.33	2
23:3	EZR.10.3	2
23:3	NEH.9.38	2
23:3	NEH.10.28-NEH.10.39	2
23:3	PSA.19.7-PSA.19.9	2
23:3	ECC.8.2	2
23:3	JER.4.2	2
23:3	JER.50.5	2
23:3	MAT.22.36-MAT.22.37	2
23:3	HEB.8.8-HEB.8.13	2
23:3	HEB.12.24	2
23:3	HEB.13.20	2
23:4	2KI.21.3	4
23:4	2KI.21.7	4
23:4	2KI.25.18	3
23:4	2CH.33.3	3
23:4	JDG.2.13	2
23:4	2SA.15.23	2
23:4	1KI.12.29	2
23:4	1KI.16.31	2
23:4	1KI.18.19	2
23:4	1KI.18.26	2
23:4	1KI.18.40	2
23:4	1KI.19.18	2
23:4	2KI.17.16	2
23:4	2KI.22.4	2
23:4	2KI.23.15	2
23:4	1CH.24.4-1CH.24.19	2
23:4	1CH.26.1-1CH.26.19	2
23:4	2CH.33.7	2
23:4	2CH.34.3-2CH.34.4	2
23:4	ISA.27.9	2
23:4	JER.7.9	2
23:4	JER.52.24	2
23:4	HOS.4.15	2
23:4	AMO.4.4	2
23:4	MAT.26.3	2
23:4	MAT.27.1	2
23:4	JHN.18.1	2
23:5	JER.44.17-JER.44.19	4
23:5	2KI.21.3-2KI.21.4	3
23:5	JER.8.1-JER.8.2	2
23:5	HOS.10.5	2
23:6	2KI.23.15	4
23:6	2CH.34.4	4
23:6	EXO.32.20	2
23:6	DEU.7.25	2
23:6	DEU.9.21	2
23:6	JDG.3.7	2
23:6	1KI.14.23	2
23:6	1KI.16.33	2
23:6	2KI.10.27	2
23:6	2KI.21.7	2
23:6	JER.17.2	2
23:7	1KI.15.12	6
23:7	EZK.16.16	6
23:7	1KI.14.24	5
23:7	EXO.35.25-EXO.35.26	3
23:7	GEN.19.4-GEN.19.5	2
23:7	1KI.22.46	2
23:7	2CH.34.33	2
23:7	EZK.8.14	2
23:7	HOS.2.13	2
23:7	ROM.1.26-ROM.1.27	2
23:8	1KI.15.22	5
23:8	JOS.21.17	3
23:8	GEN.21.31	2
23:8	GEN.26.23	2
23:8	JDG.20.1	2
23:8	1KI.19.3	2
23:8	1CH.6.60	2
23:8	ISA.10.29	2
23:8	ZEC.14.10	2
23:9	EZK.44.10-EZK.44.14	5
23:9	1SA.2.36	2
23:9	EZK.44.29-EZK.44.31	2
23:9	MAL.2.8-MAL.2.9	2
23:10	ISA.30.33	6
23:10	JER.19.6	6
23:10	LEV.18.21	5
23:10	JER.7.31-JER.7.32	5
23:10	JOS.15.8	4
23:10	JER.32.35	4
23:10	DEU.18.10	3
23:10	JER.19.11-JER.19.13	3
23:10	1KI.11.7	2
23:10	2KI.16.3	2
23:10	2KI.17.17	2
23:10	2KI.21.6	2
23:10	2CH.28.3	2
23:10	2CH.33.6	2
23:10	JER.19.2	2
23:10	EZK.16.21	2
23:10	EZK.20.26	2
23:10	EZK.20.31	2
23:10	EZK.23.37-EZK.23.39	2
23:10	MAT.5.22	2
23:11	EZK.8.16	3
23:11	DEU.4.19	2
23:11	2KI.23.5	2
23:11	2CH.14.5	2
23:11	2CH.34.4	2
23:12	2KI.21.5	5
23:12	JER.19.13	5
23:12	ZEP.1.5	5
23:12	2CH.33.5	3
23:12	DEU.22.8	2
23:12	2KI.21.21-2KI.21.22	2
23:12	2KI.23.4	2
23:12	2KI.23.6	2
23:12	2CH.33.15	2
23:13	1KI.11.5	5
23:13	1KI.11.7	5
23:13	NUM.21.29	4
23:13	JDG.2.13	2
23:13	JDG.10.6	2
23:13	JDG.11.24	2
23:13	1SA.7.4	2
23:13	1SA.12.10	2
23:13	1KI.11.33	2
23:13	NEH.13.26	2
23:13	JER.48.7	2
23:13	JER.48.13	2
23:13	JER.48.16	2
23:13	ZEP.1.5	2
23:14	EXO.23.24	4
23:14	DEU.7.5	4
23:14	2KI.23.16	3
23:14	NUM.19.16	2
23:14	NUM.19.18	2
23:14	NUM.33.52	2
23:14	DEU.7.25-DEU.7.26	2
23:14	2CH.34.3-2CH.34.4	2
23:14	JER.8.1-JER.8.2	2
23:14	EZK.39.12-EZK.39.16	2
23:14	MIC.1.7	2
23:14	MAT.23.27-MAT.23.28	2
23:15	1KI.14.16	3
23:15	2KI.23.6	3
23:15	1KI.12.28-1KI.13.1	2
23:15	1KI.15.30	2
23:15	1KI.21.22	2
23:15	2KI.10.31	2
23:16	1KI.13.1-1KI.13.2	17
23:16	1KI.13.32	6
23:16	MAT.24.35	1
23:16	JHN.10.35	1
23:17	1KI.13.1	8
23:17	1KI.13.30-1KI.13.31	7
23:18	1KI.13.31	6
23:18	1KI.13.1-1KI.13.22	3
23:19	2CH.34.6-2CH.34.7	4
23:19	1KI.12.31	2
23:19	1KI.13.32	2
23:19	1KI.16.33	2
23:19	2KI.8.18	2
23:19	2KI.17.9	2
23:19	2KI.17.16-2KI.17.18	2
23:19	2KI.21.6	2
23:19	2CH.30.6-2CH.30.11	2
23:19	2CH.31.1	2
23:19	PSA.78.58	2
23:19	JER.7.18-JER.7.19	2
23:19	EZK.8.17-EZK.8.18	2
23:19	MIC.6.16	2
23:20	2KI.11.18	5
23:20	EXO.22.20	4
23:20	2KI.10.25	4
23:20	2CH.34.5	4
23:20	1KI.13.2	3
23:20	1KI.18.40	3
23:20	DEU.13.5	2
23:20	ISA.34.6	2
23:20	ZEC.13.2-ZEC.13.3	2
23:21	DEU.16.1-DEU.16.8	4
23:21	NUM.9.2-NUM.9.5	3
23:21	EXO.12.3-EXO.12.20	2
23:21	LEV.23.5-LEV.23.8	2
23:21	NUM.28.16-NUM.28.25	2
23:21	2CH.35.1-2CH.35.19	2
23:22	2CH.30.1-2CH.30.3	2
23:22	2CH.30.13-2CH.30.20	2
23:22	2CH.35.3-2CH.35.19	2
23:24	LEV.19.31	7
23:24	GEN.31.19	4
23:24	2KI.21.6	4
23:24	LEV.20.27	3
23:24	DEU.18.10-DEU.18.12	3
23:24	JDG.17.5	2
23:24	JDG.18.17-JDG.18.18	2
23:24	1SA.28.3-1SA.28.7	2
23:24	2KI.21.3	2
23:24	2KI.21.11	2
23:24	2KI.21.21	2
23:24	2KI.22.8-2KI.22.13	2
23:24	2CH.34.14-2CH.34.19	2
23:24	ISA.8.19-ISA.8.20	2
23:24	ISA.19.3	2
23:24	HOS.3.4	2
23:24	ACT.16.16-ACT.16.18	2
23:24	ROM.3.20	2
23:24	JAS.1.25	2
23:24	REV.22.15	2
23:25	2KI.18.5	6
23:25	JER.29.13	5
23:25	DEU.6.5	3
23:25	1KI.8.48	3
23:25	2KI.23.3	3
23:25	JHN.1.17	3
23:25	DEU.4.29	2
23:25	1KI.2.4	2
23:25	1KI.15.5	2
23:25	NEH.10.29	2
23:25	MAL.4.4	2
23:25	JHN.7.19	2
23:26	2KI.21.11-2KI.21.13	3
23:26	2KI.24.4	3
23:26	2KI.22.16-2KI.22.17	2
23:26	2KI.24.2	2
23:26	2CH.36.16	2
23:26	JER.3.7-JER.3.10	2
23:26	JER.15.1-JER.15.4	2
23:27	2KI.18.11	5
23:27	2KI.21.13	5
23:27	2KI.17.18	3
23:27	2KI.17.20	3
23:27	2KI.21.4	3
23:27	JER.33.24	3
23:27	DEU.29.27-DEU.29.28	2
23:27	1KI.8.29	2
23:27	1KI.9.3	2
23:27	2KI.21.7	2
23:27	2KI.24.3	2
23:27	2KI.25.11	2
23:27	PSA.51.11	2
23:27	JER.31.37	2
23:27	LAM.2.7	2
23:27	EZK.23.32-EZK.23.35	2
23:28	2KI.20.20	2
23:29	JER.46.2	8
23:29	2CH.35.20-2CH.35.24	6
23:29	JDG.5.19	4
23:29	ZEC.12.11	4
23:29	JOS.17.11	2
23:29	JDG.1.27	2
23:29	1KI.4.12	2
23:29	2KI.9.27	2
23:29	2KI.14.8	2
23:29	2KI.14.11	2
23:29	2KI.22.20	2
23:29	2KI.23.33-2KI.23.35	2
23:29	2KI.24.7	2
23:29	ECC.8.14	2
23:29	ECC.9.1-ECC.9.2	2
23:29	ISA.57.1-ISA.57.2	2
23:29	ROM.11.33	2
23:29	REV.16.16	2
23:30	2KI.9.28	5
23:30	2CH.36.1-2CH.36.4	4
23:30	1KI.22.33-1KI.22.38	2
23:30	2KI.14.21	2
23:30	2KI.21.24	2
23:30	2CH.35.24	2
23:31	2KI.24.18	5
23:31	1CH.3.15	5
23:31	JER.22.11	5
23:32	2KI.21.2-2KI.21.7	3
23:32	2KI.21.21-2KI.21.22	2
23:33	1KI.8.65	5
23:33	2KI.25.6	5
23:33	JER.39.5-JER.39.6	3
23:33	JER.52.9-JER.52.10	3
23:33	JER.52.26-JER.52.27	3
23:33	EXO.21.22	2
23:33	NUM.13.21	2
23:33	NUM.34.11	2
23:33	2KI.18.14	2
23:33	2KI.23.29	2
23:33	2CH.36.3-2CH.36.4	2
23:33	PRO.19.19	2
23:33	EZK.19.3-EZK.19.4	2
23:34	EZK.19.3-EZK.19.4	5
23:34	2KI.24.17	4
23:34	1CH.3.15	4
23:34	JER.22.11-JER.22.12	4
23:34	DAN.1.7	3
23:34	GEN.41.45	2
23:34	JOS.18.18	2
23:34	2CH.36.3-2CH.36.4	2
23:35	2KI.23.33	3
23:35	2KI.15.19-2KI.15.20	2
23:36	2CH.36.5	4
23:36	1CH.3.15	2
23:36	JER.1.3	2
23:36	JER.26.1	2
23:37	2KI.23.32	2
23:37	2CH.28.22-2CH.28.25	2
23:37	2CH.33.4-2CH.33.10	2
23:37	2CH.33.22-2CH.33.23	2
23:37	JER.22.13-JER.22.17	2
23:37	JER.26.20-JER.26.23	2
23:37	JER.36.23-JER.36.26	2
23:37	JER.36.31	2
23:37	EZK.19.5-EZK.19.9	2
24:1	JER.25.1	6
24:1	DAN.1.1	6
24:1	JER.25.9	5
24:1	2KI.17.5	3
24:1	2CH.36.6-2CH.36.21	3
24:1	JER.46.2	3
24:2	JER.35.11	6
24:2	2KI.23.27	5
24:2	2KI.21.12-2KI.21.14	4
24:2	JER.25.9	4
24:2	JER.32.28	4
24:2	2KI.6.23	3
24:2	2KI.20.17	3
24:2	EZK.19.8	3
24:2	DEU.28.49-DEU.28.50	2
24:2	2KI.13.20-2KI.13.21	2
24:2	2CH.33.11	2
24:2	JOB.1.17	2
24:2	ISA.6.11-ISA.6.12	2
24:2	ISA.7.17	2
24:2	ISA.13.5	2
24:2	JER.26.6	2
24:2	JER.26.20	2
24:2	MIC.3.12	2
24:3	2KI.18.25	4
24:3	2KI.23.26-2KI.23.27	4
24:3	2KI.21.2-2KI.21.11	3
24:3	GEN.50.20	2
24:3	EXO.20.5	2
24:3	LEV.26.33-LEV.26.35	2
24:3	DEU.4.26-DEU.4.27	2
24:3	DEU.28.63	2
24:3	DEU.29.28	2
24:3	JOS.23.15	2
24:3	2CH.24.24	2
24:3	2CH.25.16	2
24:3	ISA.10.5-ISA.10.6	2
24:3	ISA.45.7	2
24:3	ISA.46.10-ISA.46.11	2
24:3	JER.15.1-JER.15.4	2
24:3	AMO.3.6	2
24:3	MIC.2.10	2
24:4	2KI.21.16	4
24:4	NUM.35.33	1
24:4	DEU.19.10	1
24:4	PSA.106.38	1
24:4	JER.2.34	1
24:4	JER.15.1-JER.15.2	1
24:4	EZK.33.25	1
24:4	JER.19.4	0
24:4	LAM.3.42	0
24:5	2CH.36.8	3
24:5	JER.22.13-JER.22.17	2
24:5	JER.26.1-JER.26.24	2
24:6	JER.22.18-JER.22.19	4
24:6	2CH.36.6	3
24:6	JER.36.30	3
24:6	2CH.36.8	2
24:7	JER.37.5-JER.37.7	5
24:7	JER.46.2	5
24:7	GEN.15.18	4
24:7	NUM.34.5	3
24:7	JOS.15.4	2
24:7	1KI.4.21	2
24:7	ISA.27.12	2
24:8	1CH.3.16	5
24:8	2CH.36.9	5
24:8	JER.22.24	3
24:8	JER.22.28	3
24:8	JER.24.1	3
24:8	JER.37.1	3
24:8	MAT.1.11-MAT.1.12	2
24:10	2KI.25.2	2
24:10	DAN.1.1-DAN.1.2	2
24:12	JER.24.1	5
24:12	JER.52.28	5
24:12	2KI.25.27	4
24:12	2CH.36.10	4
24:12	JER.29.1-JER.29.2	4
24:12	JER.25.1	3
24:12	EZK.17.12	3
24:12	JER.22.24-JER.22.30	2
24:12	JER.38.17-JER.38.18	2
24:12	JER.52.31	2
24:13	ISA.39.6	6
24:13	2KI.20.17	5
24:13	JER.20.5	5
24:13	1KI.7.48-1KI.7.50	4
24:13	2KI.25.13-2KI.25.15	3
24:13	DAN.5.2-DAN.5.3	3
24:13	2CH.4.7-2CH.4.22	2
24:13	EZR.1.7-EZR.1.11	2
24:13	JER.27.16-JER.27.21	2
24:13	JER.28.3-JER.28.4	2
24:13	JER.28.6	2
24:14	JER.52.28	7
24:14	2KI.25.12	5
24:14	2KI.24.16	4
24:14	2CH.36.9-2CH.36.10	3
24:14	JER.39.10	3
24:14	JER.40.7	3
24:14	JER.52.16	3
24:14	EZK.1.1-EZK.1.2	3
24:14	1SA.23.19-1SA.23.22	2
24:14	JER.24.1-JER.24.5	2
24:14	JER.29.2	2
24:14	EZK.17.14	2
24:15	2CH.36.10	4
24:15	EST.2.6	4
24:15	JER.22.24-JER.22.28	4
24:15	2KI.24.8	2
24:15	EZK.17.12	2
24:16	JER.52.28	3
24:16	2KI.24.14	2
24:16	JER.29.2	2
24:17	JER.37.1	5
24:17	2KI.23.34	3
24:17	2CH.36.4	3
24:17	1CH.3.15-1CH.3.16	2
24:17	2CH.36.10-2CH.36.13	2
24:17	JER.52.1	2
24:18	2KI.23.31	5
24:18	JER.52.1-JER.52.11	3
24:18	2CH.36.11	2
24:18	JER.37.1	2
24:19	2KI.23.37	4
24:19	2CH.36.12	2
24:19	JER.24.8	2
24:19	JER.37.1-JER.37.21	2
24:19	EZK.21.25	2
24:20	2CH.36.13	3
24:20	2TH.2.9-2TH.2.11	3
24:20	EXO.9.14-EXO.9.17	2
24:20	DEU.2.30	2
24:20	DEU.29.27	2
24:20	2KI.22.17	2
24:20	ISA.19.11-ISA.19.14	2
24:20	JER.27.12-JER.27.15	2
24:20	JER.38.17-JER.38.21	2
24:20	EZK.17.15-EZK.17.20	2
24:20	1CO.1.20	2
25:1	JER.52.4-JER.52.11	4
25:1	1CH.6.15	3
25:1	ISA.29.3	3
25:1	JER.34.1-JER.34.6	3
25:1	JER.43.10	3
25:1	2KI.24.1	2
25:1	2KI.24.10	2
25:1	2CH.36.17-2CH.36.21	2
25:1	JER.27.8	2
25:1	JER.32.24	2
25:1	JER.32.28	2
25:1	JER.39.1-JER.39.10	2
25:1	JER.51.34	2
25:1	EZK.4.1-EZK.4.8	2
25:1	EZK.21.22-EZK.21.24	2
25:1	EZK.24.1-EZK.24.14	2
25:1	EZK.26.7	2
25:1	DAN.4.1-DAN.4.18	2
25:1	LUK.19.43-LUK.19.44	2
25:3	LEV.26.26	3
25:3	DEU.28.52-DEU.28.53	3
25:3	JER.38.2	3
25:3	JER.52.6	3
25:3	LAM.4.4-LAM.4.10	3
25:3	EZK.5.12	3
25:3	EZK.7.15	3
25:3	EZK.14.21	3
25:3	JER.37.21	2
25:3	JER.39.2	2
25:3	EZK.4.9-EZK.4.17	2
25:3	EZK.5.10	2
25:3	ZEC.8.19	2
25:4	EZK.33.21	4
25:4	LEV.26.17	2
25:4	LEV.26.36	2
25:4	DEU.28.25	2
25:4	DEU.32.24-DEU.32.25	2
25:4	DEU.32.30	2
25:4	2KI.25.5	2
25:4	NEH.3.15	2
25:4	JER.5.10	2
25:4	JER.39.2-JER.39.7	2
25:4	JER.52.6-JER.52.11	2
25:4	EZK.12.12	2
25:5	ISA.30.16	2
25:5	JER.24.8	2
25:5	JER.39.5	2
25:5	JER.52.8	2
25:5	AMO.2.14-AMO.2.16	2
25:6	2KI.23.33	5
25:6	JER.34.21-JER.34.22	4
25:6	2CH.33.11	2
25:6	JER.21.7	2
25:6	JER.32.4	2
25:6	JER.38.23	2
25:6	JER.52.9	2
25:6	LAM.4.19-LAM.4.20	2
25:6	EZK.17.20-EZK.17.21	2
25:6	EZK.21.25-EZK.21.27	2
25:7	JER.32.4-JER.32.5	3
25:7	GEN.21.16	2
25:7	GEN.44.34	2
25:7	DEU.28.34	2
25:7	JDG.16.21	2
25:7	2CH.33.11	2
25:7	2CH.36.6	2
25:7	PSA.107.10-PSA.107.11	2
25:7	PSA.149.8	2
25:7	JER.22.30	2
25:7	JER.34.3	2
25:7	JER.39.6-JER.39.7	2
25:7	JER.52.10-JER.52.11	2
25:7	EZK.7.27	2
25:7	EZK.12.13-EZK.12.16	2
25:7	EZK.17.16-EZK.17.20	2
25:8	JER.52.12-JER.52.16	3
25:8	2KI.24.12	2
25:8	2KI.25.27	2
25:8	JER.39.8-JER.39.14	2
25:8	JER.40.1-JER.40.4	2
25:8	LAM.4.12	2
25:8	ZEC.8.19	1
25:9	PSA.74.3-PSA.74.7	5
25:9	AMO.2.5	5
25:9	1KI.9.8	4
25:9	2CH.36.19	4
25:9	PSA.79.1	4
25:9	MIC.3.12	4
25:9	ISA.64.10-ISA.64.11	3
25:9	JER.34.22	3
25:9	JER.37.8	3
25:9	JER.37.10	3
25:9	JER.52.13	3
25:9	ACT.6.13-ACT.6.14	3
25:9	JER.7.14	2
25:9	JER.26.9	2
25:9	JER.39.8	2
25:9	LAM.1.10	2
25:9	LAM.2.7	2
25:9	LUK.21.5-LUK.21.6	2
25:10	NEH.1.3	5
25:10	JER.5.10	2
25:10	JER.39.8	2
25:10	JER.52.14-JER.52.23	2
25:11	2CH.36.20	2
25:11	JER.15.1-JER.15.2	2
25:11	JER.39.9	2
25:11	JER.52.12	2
25:11	EZK.5.2	2
25:11	EZK.12.15-EZK.12.16	2
25:11	EZK.22.15-EZK.22.16	2
25:12	2KI.24.14	6
25:12	JER.40.7	6
25:12	JER.39.10	3
25:12	JER.52.16	3
25:12	EZK.33.24	3
25:13	2CH.36.18	4
25:13	1KI.7.15	3
25:13	2KI.20.17	3
25:13	JER.52.17-JER.52.20	3
25:13	LAM.1.10	3
25:13	EXO.27.3	2
25:13	1KI.7.23-1KI.7.45	2
25:13	2CH.4.2-2CH.4.6	2
25:13	2CH.4.12-2CH.4.16	2
25:13	JER.27.19-JER.27.22	2
25:14	EXO.27.3	5
25:14	1KI.7.47-1KI.7.50	4
25:14	EXO.38.3	2
25:14	2CH.4.20-2CH.4.22	2
25:14	2CH.24.14	2
25:15	DAN.5.2-DAN.5.3	3
25:15	EXO.37.23	2
25:15	NUM.7.13-NUM.7.14	2
25:15	1KI.7.48-1KI.7.51	2
25:15	2CH.24.14	2
25:15	EZR.1.9-EZR.1.11	2
25:16	1KI.7.47	4
25:17	1KI.7.15-1KI.7.22	2
25:17	JER.52.21-JER.52.23	2
25:18	1CH.6.14	5
25:18	EZR.7.1	5
25:18	JER.21.1	5
25:18	JER.29.25	5
25:18	JER.29.29	3
25:18	JER.52.24	3
25:18	2KI.25.24-2KI.25.26	2
25:19	EST.1.14	4
25:20	2KI.23.33	2
25:20	JER.52.26-JER.52.27	2
25:20	LAM.4.16	2
25:21	DEU.28.64	5
25:21	2KI.23.27	5
25:21	LEV.26.33-LEV.26.35	2
25:21	DEU.4.26	2
25:21	DEU.28.36	2
25:21	2KI.17.20	2
25:21	JER.24.9-JER.24.10	2
25:21	JER.25.9-JER.25.11	2
25:21	EZK.12.25-EZK.12.28	2
25:21	EZK.24.14	2
25:21	AMO.5.27	2
25:22	JER.39.14	5
25:22	2KI.22.12	3
25:22	2CH.34.20	3
25:22	JER.26.24	3
25:22	JER.41.2	3
25:22	2KI.25.25	2
25:22	JER.40.5-JER.40.12	2
25:23	JER.40.7-JER.40.9	4
25:23	JOS.18.26	2
25:23	JER.40.11-JER.40.12	2
25:24	2SA.14.11	2
25:24	2SA.19.23	2
25:24	JER.40.9-JER.40.10	2
25:24	JER.43.6	2
25:24	EZK.33.24-EZK.33.29	2
25:25	ZEC.7.5	4
25:25	ZEC.8.19	4
25:25	JER.40.15-JER.41.15	3
25:25	2KI.11.1	2
25:26	JER.43.4-JER.43.7	4
25:26	JER.41.16-JER.41.18	3
25:26	JER.42.14-JER.42.22	2
25:27	GEN.40.20	7
25:27	JER.52.31-JER.52.34	7
25:27	GEN.40.13	6
25:27	2KI.24.12	6
25:27	PRO.21.1	5
25:27	2KI.24.15	4
25:27	JER.24.5-JER.24.6	2
25:28	JER.27.6-JER.27.11	7
25:28	DAN.2.37	7
25:28	DAN.5.18-DAN.5.19	6
25:29	2SA.9.7	12
25:29	ISA.61.3	9
25:29	GEN.41.42	8
25:29	2KI.24.12	7
25:29	EST.4.4	7
25:29	EST.8.15	7
25:29	ZEC.3.4	7
25:29	LUK.15.22	7
25:29	GEN.41.14	5
25:30	LUK.11.3	8
25:30	NEH.11.23	6
25:30	MAT.6.11	6
25:30	NEH.12.47	5
25:30	DAN.1.5	5
25:30	GEN.48.15-GEN.48.16	4
25:30	ACT.6.1	4
