# chapter:verse	to	votes (most first)
1:1	LUK.1.3	33
1:1	LUK.24.19	12
1:1	MAT.4.23-MAT.4.24	10
1:1	LUK.3.23	7
1:1	MAT.11.5	5
1:1	LUK.7.21-LUK.7.23	5
1:1	JHN.10.32-JHN.10.38	5
1:1	JHN.18.19-JHN.18.21	5
1:1	1PE.2.21-1PE.2.23	5
1:1	ACT.2.22	4
1:1	LUK.1.24	0
1:2	ACT.1.9	9
1:2	ISA.59.20-ISA.59.21	7
1:2	JHN.20.21	7
1:2	ACT.10.38	7
1:2	HEB.9.24	7
1:2	JHN.13.18	6
1:2	ISA.48.16	5
1:2	MAT.28.19-MAT.28.20	5
1:2	EPH.4.8-EPH.4.10	5
1:2	LUK.24.45-LUK.24.49	4
1:2	JHN.13.3	4
1:2	ISA.11.2-ISA.11.3	3
1:2	ISA.42.1	3
1:2	ISA.61.1	3
1:2	MAT.3.16	3
1:2	MAT.10.1-MAT.10.4	3
1:2	MAT.12.28	3
1:2	MRK.3.14-MRK.3.19	3
1:2	MRK.6.30	3
1:2	MRK.16.15-MRK.16.19	3
1:2	LUK.6.13-LUK.6.16	3
1:2	LUK.9.51	3
1:2	LUK.24.51	3
1:2	JHN.1.16	3
1:2	JHN.3.34	3
1:2	JHN.6.62	3
1:2	JHN.6.70	3
1:2	JHN.13.1	3
1:2	JHN.16.28	3
1:2	JHN.17.13	3
1:2	JHN.20.17	3
1:2	ACT.1.11	3
1:2	ACT.1.13	3
1:2	ACT.10.40-ACT.10.42	3
1:2	GAL.1.1	3
1:2	EPH.2.20	3
1:2	1TI.3.16	3
1:2	HEB.6.19-HEB.6.20	3
1:2	1PE.3.22	3
1:2	2PE.3.2	3
1:2	REV.1.1	3
1:2	REV.2.7	3
1:2	REV.2.11	3
1:2	REV.2.29	3
1:2	REV.3.13	3
1:2	REV.3.16	3
1:2	REV.3.22	3
1:2	REV.21.14	3
1:2	REV.2.17	2
1:3	1CO.15.5-1CO.15.7	17
1:3	ACT.13.31	13
1:3	JHN.20.26	11
1:3	1JN.1.1	8
1:3	JHN.21.1	7
1:3	JHN.21.14	7
1:3	MAT.28.9	6
1:3	MAT.21.43	5
1:3	LUK.17.20-LUK.17.21	5
1:3	ACT.28.31	5
1:3	JHN.20.1-JHN.20.21	4
1:3	ROM.14.17	4
1:3	COL.1.13	4
1:3	1TH.2.12	4
1:3	DEU.9.9	3
1:3	DEU.9.18	3
1:3	1KI.19.8	3
1:3	MAT.3.2	3
1:3	MAT.4.2	3
1:3	MAT.28.16-MAT.28.17	3
1:3	MRK.16.10-MRK.16.14	3
1:3	LUK.24.1-LUK.24.53	3
1:3	DAN.2.44-DAN.2.45	2
1:4	LUK.24.49	43
1:4	JHN.14.16	24
1:4	JHN.15.26	18
1:4	JHN.14.26-JHN.14.28	13
1:4	LUK.12.12	11
1:4	JHN.7.39	11
1:4	ACT.2.33	11
1:4	LUK.11.13	10
1:4	JHN.16.7-JHN.16.15	10
1:4	JHN.20.22	10
1:4	MAT.10.20	7
1:4	ACT.10.41	5
1:4	LUK.24.41-LUK.24.43	1
1:5	MAT.3.11	23
1:5	ACT.11.15-ACT.11.16	18
1:5	LUK.3.16	13
1:5	1CO.12.13	13
1:5	TIT.3.5	12
1:5	MRK.1.8	9
1:5	ACT.2.1-ACT.2.4	8
1:5	ACT.10.45	6
1:5	ACT.2.16-ACT.2.21	5
1:5	JOL.2.28-JOL.2.32	4
1:5	JHN.1.31	4
1:5	ACT.19.4	4
1:5	JOL.3.18	1
1:6	LUK.19.11	14
1:6	LUK.17.20	12
1:6	DAN.7.27	11
1:6	MAT.24.3	9
1:6	EZK.37.24-EZK.37.27	7
1:6	ISA.9.6-ISA.9.7	6
1:6	JER.23.5-JER.23.6	6
1:6	JER.33.15-JER.33.17	6
1:6	LUK.22.29	5
1:6	GEN.49.10	3
1:6	ISA.1.26	3
1:6	MAT.17.11	3
1:6	JER.33.26	2
1:6	JOL.3.16-JOL.3.21	2
1:6	AMO.9.11	2
1:6	OBA.1.17-OBA.1.21	2
1:6	ZEP.3.15-ZEP.3.17	2
1:6	ZEC.9.9	2
1:6	MAT.20.21	2
1:6	HOS.3.4	1
1:6	MIC.5.2	1
1:6	MRK.9.12	1
1:6	JHN.21.21	1
1:7	MAT.24.36	39
1:7	1TH.5.1-1TH.5.2	36
1:7	MRK.13.32	18
1:7	DEU.29.29	16
1:7	MRK.10.40	15
1:7	DAN.2.21	14
1:7	EPH.1.10	9
1:7	LUK.21.24	8
1:7	MAT.20.23	7
1:7	ACT.17.26	7
1:7	1TI.6.15	7
1:7	2TI.3.1	7
1:8	MAT.28.19	140
1:8	MRK.16.15	127
1:8	ROM.15.19	111
1:8	ACT.4.33	98
1:8	ACT.5.32	91
1:8	ACT.6.8	79
1:8	LUK.24.46-LUK.24.49	78
1:8	ACT.2.1-ACT.2.4	65
1:8	ACT.10.38-ACT.10.41	64
1:8	ROM.10.18	55
1:8	JHN.15.27	52
1:8	LUK.10.19	51
1:8	ACT.1.5	47
1:8	MAT.24.14	43
1:8	ZEC.4.6	42
1:8	ACT.2.32	41
1:8	ACT.8.5-ACT.8.25	40
1:8	LUK.1.35	31
1:8	ACT.22.15	31
1:8	MIC.3.8	30
1:8	PSA.22.27	29
1:8	ACT.13.31	28
1:8	ISA.52.10	27
1:8	ACT.1.22	26
1:8	ACT.3.15	26
1:8	COL.1.23	26
1:8	ISA.66.19	23
1:8	ISA.49.6	21
1:8	ACT.8.1	18
1:8	REV.11.3-REV.11.6	17
1:8	LUK.24.29	16
1:8	PSA.98.3	15
1:8	JER.16.19	15
1:8	ISA.42.10	14
1:9	DAN.7.13	13
1:9	LUK.24.50-LUK.24.51	12
1:9	MRK.16.19	10
1:9	EXO.19.9	7
1:9	JHN.6.62	7
1:9	ACT.1.2	7
1:9	EPH.4.8-EPH.4.12	7
1:9	LUK.21.27	6
1:9	REV.11.12	6
1:9	ISA.19.1	5
1:9	PSA.68.18	4
1:9	EXO.34.5	3
1:9	REV.1.7	3
1:9	REV.14.4	3
1:10	LUK.24.4	11
1:10	JHN.20.12	9
1:10	MRK.16.5	6
1:10	REV.7.14	6
1:10	DAN.7.9	5
1:10	MAT.17.2	5
1:10	MAT.28.3	5
1:10	ACT.10.30	5
1:10	2KI.2.11-2KI.2.12	4
1:10	ACT.10.3	4
1:10	REV.3.4	4
1:11	REV.1.7	33
1:11	1TH.4.16	28
1:11	MRK.13.26	26
1:11	JHN.14.3	21
1:11	MAT.24.30	19
1:11	MAT.16.27	17
1:11	MAT.25.31	17
1:11	DAN.7.13-DAN.7.14	16
1:11	1TH.1.10	13
1:11	LUK.21.27	12
1:11	2TH.1.7-2TH.1.10	10
1:11	ACT.13.31	8
1:11	LUK.24.5	6
1:11	ACT.3.12	4
1:11	ACT.2.7	3
1:11	MRK.14.70	2
1:12	LUK.24.52	7
1:12	MAT.21.1	5
1:12	LUK.24.50	4
1:12	ZEC.14.4	3
1:12	MAT.24.3	3
1:12	MAT.26.30	3
1:12	LUK.21.37	3
1:12	JHN.11.18	2
1:13	ACT.20.8	9
1:13	LUK.22.12	6
1:13	MRK.14.15	5
1:13	MAT.10.2-MAT.10.4	4
1:13	MRK.2.14	4
1:13	MRK.3.16-MRK.3.19	3
1:13	ACT.2.38	3
1:13	ACT.10.9-ACT.10.33	3
1:13	ACT.12.17	3
1:13	JAS.1.1	3
1:13	REV.1.1-REV.1.3	3
1:13	MAT.4.18-MAT.4.22	2
1:13	MAT.9.9	2
1:13	MRK.5.37	2
1:13	MRK.9.2	2
1:13	MRK.14.33	2
1:13	LUK.5.27-LUK.5.29	2
1:13	LUK.6.13-LUK.6.16	2
1:13	JHN.1.40-JHN.1.46	2
1:13	JHN.6.5-JHN.6.7	2
1:13	JHN.11.16	2
1:13	JHN.12.21-JHN.12.22	2
1:13	JHN.13.23-JHN.13.25	2
1:13	JHN.14.8-JHN.14.9	2
1:13	JHN.18.17	2
1:13	JHN.18.25-JHN.18.27	2
1:13	JHN.20.26-JHN.20.29	2
1:13	JHN.21.2	2
1:13	JHN.21.15-JHN.21.24	2
1:13	ACT.2.14	2
1:13	ACT.3.1-ACT.3.10	2
1:13	ACT.4.13	2
1:13	ACT.4.19	2
1:13	ACT.8.14-ACT.8.25	2
1:13	ACT.9.32-ACT.9.43	2
1:13	ACT.12.2-ACT.12.3	2
1:13	ACT.15.7-ACT.15.11	2
1:13	ACT.15.13	2
1:13	GAL.1.19	2
1:13	GAL.2.9	2
1:13	1JN.1.1-1JN.1.5	2
1:13	JUD.1.1	2
1:13	1CO.15.7	1
1:13	2JN.1.1-3JN.1.14	1
1:14	ACT.6.4	18
1:14	EPH.6.18	16
1:14	ACT.2.42	13
1:14	COL.4.2	12
1:14	ROM.12.12	11
1:14	MAT.18.19-MAT.18.20	10
1:14	LUK.18.1	10
1:14	MAT.21.22	9
1:14	ACT.2.1	8
1:14	LUK.11.13	7
1:14	ACT.2.46	6
1:14	ACT.4.24-ACT.4.31	5
1:14	MAT.12.46	4
1:14	LUK.24.53	4
1:14	MRK.3.31-MRK.3.35	3
1:14	MRK.16.1	3
1:14	LUK.8.2-LUK.8.3	3
1:14	LUK.23.49	3
1:14	LUK.23.55	3
1:14	LUK.24.10	3
1:14	MAT.13.55-MAT.13.56	2
1:14	MAT.27.55	2
1:14	MRK.15.40	2
1:14	JHN.19.25-JHN.19.26	2
1:15	1CO.15.6	7
1:15	ACT.21.20	4
1:15	PSA.32.5-PSA.32.6	3
1:15	REV.3.4	3
1:15	LUK.22.32	2
1:15	JHN.21.23	2
1:15	REV.11.13	2
1:15	PSA.51.9-PSA.51.13	1
1:15	MAT.13.31	1
1:15	JHN.14.12	1
1:15	JHN.21.15-JHN.21.17	1
1:16	PSA.41.9	128
1:16	JHN.13.18	59
1:16	PSA.55.12-PSA.55.15	53
1:16	ACT.1.20	16
1:16	MAT.26.56	8
1:16	JHN.12.38-JHN.12.40	8
1:16	MAT.26.54	7
1:16	MAT.26.47	6
1:16	JHN.18.2-JHN.18.8	6
1:16	MRK.14.43	5
1:16	JHN.10.35	5
1:16	ACT.2.29-ACT.2.31	5
1:16	ACT.4.25-ACT.4.28	5
1:16	HEB.3.7-HEB.3.8	5
1:16	1PE.1.11	5
1:16	ACT.13.26-ACT.13.29	4
1:16	ACT.28.25	4
1:16	2PE.2.21	4
1:16	2SA.23.2	3
1:16	MRK.12.36	3
1:16	LUK.22.47	3
1:16	JHN.19.28-JHN.19.30	3
1:16	JHN.19.36	3
1:16	ACT.2.23	3
1:16	ACT.2.37	3
1:16	ACT.7.2	3
1:16	ACT.13.15	3
1:16	ACT.13.38	3
1:16	ACT.15.7	3
1:16	ACT.22.1	3
1:16	ACT.23.1	3
1:16	ACT.23.6	3
1:16	ACT.15.13	2
1:16	ACT.28.17	2
1:17	ACT.1.25	4
1:17	MRK.3.19	3
1:17	JHN.6.70-JHN.6.71	3
1:17	JHN.17.12	3
1:17	ACT.20.24	3
1:17	MAT.10.4	2
1:17	LUK.6.16	2
1:17	LUK.22.47	2
1:17	ACT.21.19	2
1:17	EPH.4.11-EPH.4.12	2
1:17	ACT.12.25	1
1:17	2CO.4.1	1
1:17	2CO.5.18	1
1:18	MAT.27.3-MAT.27.10	10
1:18	PSA.55.23	5
1:18	PSA.55.15	4
1:18	MAT.26.14-MAT.26.15	4
1:18	NUM.22.7	3
1:18	JOS.7.21-JOS.7.26	3
1:18	2KI.5.20-2KI.5.27	3
1:18	JOB.20.12-JOB.20.15	3
1:18	2PE.2.15-2PE.2.16	3
1:18	MAT.25.15	2
1:18	NUM.22.17	0
1:19	2SA.2.16	2
1:19	MAT.28.15	2
1:19	ACT.2.22	2
1:19	ACT.21.40	2
1:20	PSA.69.25	65
1:20	PSA.109.8-PSA.109.15	64
1:20	ACT.1.25	11
1:20	LUK.24.44	1
1:21	JHN.15.27	5
1:21	LUK.10.1-LUK.10.2	3
1:21	NUM.27.17	2
1:21	DEU.31.2	2
1:21	2SA.5.2	2
1:21	JHN.10.1-JHN.10.9	2
1:21	1KI.3.7	1
1:22	ACT.1.2	4
1:22	MRK.1.1-MRK.1.8	3
1:22	ACT.1.8-ACT.1.9	3
1:22	ACT.4.33	3
1:22	MAT.3.1-MAT.3.17	2
1:22	LUK.3.1-LUK.3.18	2
1:22	JHN.1.28-JHN.1.51	2
1:22	JHN.15.27	2
1:22	ACT.13.24-ACT.13.25	2
1:22	HEB.2.3	2
1:23	ACT.15.22	4
1:23	ACT.1.26	2
1:24	1SA.16.7	9
1:24	ACT.15.8	7
1:24	JER.17.10	6
1:24	HEB.4.13	6
1:24	ACT.14.23	5
1:24	REV.2.23	5
1:24	ACT.6.6	4
1:24	ROM.8.27	4
1:24	NUM.27.16	3
1:24	PSA.7.9	3
1:24	PSA.44.21	3
1:24	1KI.8.39	2
1:24	1CH.28.9	2
1:24	1CH.29.17	2
1:24	PRO.3.5-PRO.3.6	2
1:24	PRO.15.11	2
1:24	JER.11.20	2
1:24	JER.20.12	2
1:24	LUK.6.12-LUK.6.13	2
1:24	JHN.2.24-JHN.2.25	2
1:24	JHN.21.17	2
1:24	ACT.13.2-ACT.13.3	2
1:25	1CO.9.2	6
1:25	ROM.1.5	5
1:25	JHN.6.70-JHN.6.71	4
1:25	JHN.17.12	4
1:25	ACT.1.16-ACT.1.21	3
1:25	GAL.2.8	3
1:25	1CH.10.13-1CH.10.14	2
1:25	JUD.1.6-JUD.1.7	2
1:25	PSA.109.7	1
1:25	MAT.25.41	1
1:25	MAT.25.46	1
1:25	MAT.26.24	1
1:25	MAT.27.3-MAT.27.5	1
1:25	JHN.13.27	1
1:25	2PE.2.3-2PE.2.6	1
1:26	LEV.16.8	6
1:26	JOS.18.10	4
1:26	1SA.14.41-1SA.14.42	3
1:26	JON.1.7	3
1:26	1CH.24.5	2
1:26	ACT.2.14	0
2:1	ROM.15.6	26
2:1	PHP.2.2	16
2:1	ACT.1.13-ACT.1.15	13
2:1	PHP.1.27	9
2:1	1CO.16.8	7
2:1	ZEP.3.9	6
2:1	ACT.4.32	6
2:1	LEV.23.15-LEV.23.21	4
2:1	ACT.4.24	4
2:1	EXO.34.22	3
2:1	JER.32.39	2
2:1	DEU.16.9-DEU.16.12	1
2:1	ACT.20.16	1
2:1	EXO.23.16	0
2:1	ACT.5.12	0
2:2	ACT.4.31	24
2:2	1KI.19.11	17
2:2	PSA.18.10	12
2:2	JHN.3.8	12
2:2	ACT.16.25-ACT.16.26	8
2:2	ISA.65.24	6
2:2	EZK.3.12-EZK.3.13	6
2:2	EZK.37.9-EZK.37.10	6
2:2	MAL.3.1	6
2:2	SNG.4.16	5
2:2	LUK.2.13	1
2:3	MAT.3.11	20
2:3	JHN.1.32-JHN.1.33	9
2:3	JER.23.29	7
2:3	ACT.2.4	7
2:3	ISA.11.2-ISA.11.3	4
2:3	LUK.24.32	4
2:3	GEN.11.6	2
2:3	MAL.3.2-MAL.3.3	2
2:3	ACT.2.11	2
2:3	1CO.12.10	2
2:3	REV.14.6	1
2:3	MAT.3.15	0
2:4	MRK.16.17	31
2:4	ACT.13.52	29
2:4	ACT.4.31	26
2:4	EPH.5.18	20
2:4	1CO.12.10	18
2:4	1CO.14.21-1CO.14.23	16
2:4	JHN.14.26	15
2:4	ACT.7.55	12
2:4	ACT.10.46	11
2:4	ACT.9.17	10
2:4	ACT.19.6	10
2:4	LUK.12.12	8
2:4	ACT.1.5	8
2:4	ROM.15.13	7
2:4	JER.1.7-JER.1.9	6
2:4	ACT.2.11	6
2:4	ACT.13.9	6
2:4	1CO.13.1	6
2:4	1CO.13.8	6
2:4	1CO.14.26-1CO.14.32	6
2:4	LUK.4.1	5
2:4	JHN.20.22	5
2:4	ACT.4.8	5
2:4	1CO.14.18	5
2:4	NUM.11.25-NUM.11.29	4
2:4	2SA.23.2	4
2:4	ISA.28.11	4
2:4	ISA.59.21	4
2:4	LUK.1.15	4
2:4	ACT.1.8	4
2:4	ACT.6.3	4
2:4	ACT.6.5	4
2:4	ACT.11.15	4
2:4	1CO.12.28-1CO.12.30	4
2:4	1CO.14.5	4
2:4	1PE.1.12	4
2:4	MIC.3.8	3
2:4	LUK.1.41	3
2:4	LUK.1.67	3
2:4	LUK.21.15	3
2:4	ACT.6.8	3
2:4	ACT.11.24	3
2:4	EPH.3.19	3
2:4	EPH.6.18	3
2:4	EXO.4.11-EXO.4.12	2
2:4	1SA.10.10	2
2:4	MAT.10.19	2
2:4	EZK.3.11	1
2:4	2PE.1.21	1
2:4	JER.6.11	0
2:5	LUK.2.25	6
2:5	ACT.8.2	6
2:5	COL.1.23	5
2:5	EXO.23.16	3
2:5	DEU.2.25	3
2:5	ISA.66.18	3
2:5	ZEC.8.18	3
2:5	MAT.24.14	3
2:5	LUK.17.24	3
2:5	LUK.24.18	3
2:5	JHN.12.20	3
2:5	ACT.2.1	3
2:5	ACT.8.27	3
2:5	ACT.10.2	3
2:5	ACT.10.7	3
2:5	ACT.13.50	3
2:5	ACT.22.12	3
2:6	MAT.2.3	1
2:6	ACT.2.2	1
2:6	ACT.3.11	1
2:6	1CO.16.9	1
2:6	2CO.2.12	1
2:7	ACT.2.12	5
2:7	ACT.1.11	4
2:7	JHN.7.52	3
2:7	ACT.14.11-ACT.14.12	3
2:7	MAT.4.18-MAT.4.22	2
2:7	MAT.21.11	2
2:7	MAT.26.73	2
2:7	MRK.1.27	2
2:7	MRK.2.12	2
2:7	ACT.3.10	2
2:9	1PE.1.1	8
2:9	ACT.16.6	4
2:9	ACT.18.2	4
2:9	2TI.1.15	4
2:9	REV.1.4	4
2:9	GEN.14.1	3
2:9	GEN.24.10	3
2:9	2KI.17.6	3
2:9	ISA.11.11	3
2:9	DAN.8.2	3
2:9	ACT.6.9	3
2:9	ACT.19.10	3
2:9	ACT.19.31	3
2:9	GEN.10.22	2
2:9	DEU.23.4	2
2:9	JDG.3.8	2
2:9	1CH.19.6	2
2:9	EZR.6.2	2
2:9	ISA.21.2	2
2:9	DAN.8.20	2
2:9	ACT.7.2	2
2:9	ACT.19.27	2
2:9	ACT.20.16	2
2:9	ACT.20.18	2
2:9	ROM.16.5	2
2:9	1CO.16.19	2
2:9	2CO.1.8	2
2:9	REV.1.11	2
2:10	ZEC.8.23	4
2:10	ACT.16.6	4
2:10	ZEC.8.20	3
2:10	ACT.13.13	3
2:10	ACT.13.43	3
2:10	ACT.15.38	3
2:10	ACT.18.23	3
2:10	GEN.12.10	2
2:10	ISA.19.23-ISA.19.25	2
2:10	JER.46.9	2
2:10	EZK.30.5	2
2:10	DAN.11.43	2
2:10	HOS.11.1	2
2:10	MAT.27.32	2
2:10	MRK.15.21	2
2:10	ACT.11.20	2
2:10	ACT.14.24	2
2:10	ACT.27.5	2
2:10	ROM.1.15	2
2:10	2TI.1.17	2
2:10	EST.8.17	1
2:10	JER.9.26	1
2:10	MAT.2.15	1
2:10	ACT.6.5	1
2:10	ACT.6.9	1
2:10	ACT.13.1	1
2:10	ACT.18.2	1
2:10	ACT.28.15	1
2:10	ROM.1.7	1
2:10	REV.11.8	1
2:10	ACT.23.11	0
2:11	EXO.15.11	5
2:11	1CO.12.10	5
2:11	JOB.9.10	4
2:11	PSA.26.7	4
2:11	PSA.78.4	4
2:11	JER.25.24	4
2:11	TIT.1.12	4
2:11	HEB.2.4	4
2:11	1KI.10.15	3
2:11	2CH.17.11	3
2:11	2CH.26.7	3
2:11	PSA.40.5	3
2:11	PSA.71.17	3
2:11	PSA.77.11	3
2:11	PSA.89.5	3
2:11	PSA.96.3	3
2:11	PSA.107.8	3
2:11	PSA.107.15	3
2:11	PSA.107.21	3
2:11	PSA.111.4	3
2:11	PSA.136.4	3
2:11	ISA.13.20	3
2:11	ISA.25.1	3
2:11	ISA.28.29	3
2:11	JER.3.2	3
2:11	DAN.4.2-DAN.4.3	3
2:11	ACT.27.7	3
2:11	ACT.27.12	3
2:11	TIT.1.5	3
2:11	ISA.21.13	2
2:11	GAL.1.17	2
2:11	GAL.4.25	2
2:11	1CO.12.28	1
2:12	LUK.15.26	3
2:12	LUK.18.36	3
2:12	ACT.17.20	3
2:12	ACT.2.7	2
2:12	ACT.10.17	2
2:13	1CO.14.23	7
2:13	1SA.1.14	4
2:13	ZEC.10.7	3
2:13	ACT.2.15	3
2:13	JOB.32.19	2
2:13	ISA.25.6	2
2:13	ZEC.9.15	1
2:13	ZEC.9.17	1
2:13	EPH.5.18	1
2:13	SNG.7.9	0
2:14	ISA.51.7	4
2:14	DEU.27.9	3
2:14	ISA.51.1	3
2:14	ISA.52.8	3
2:14	ISA.58.1	3
2:14	HOS.8.1	3
2:14	ACT.2.22	3
2:14	ACT.5.35	3
2:14	ACT.7.2	3
2:14	PRO.8.32	2
2:14	ISA.51.4	2
2:14	ISA.55.2	2
2:14	ACT.1.26	2
2:14	ACT.21.28	2
2:14	ISA.40.9	1
2:14	JAS.2.5	1
2:14	ACT.13.16	0
2:15	1TH.5.5-1TH.5.8	3
2:15	1SA.1.15	2
2:15	MAT.20.3	0
2:16	JOL.2.28-JOL.2.32	28
2:17	JOL.2.28-JOL.2.32	89
2:17	ISA.44.3	37
2:17	TIT.3.4-TIT.3.6	21
2:17	ACT.10.45	19
2:17	JHN.7.39	16
2:17	ZEC.12.10	15
2:17	EZK.11.19	12
2:17	HEB.1.2	11
2:17	HOS.3.5	10
2:17	1CO.12.28	10
2:17	ZEC.2.13	9
2:17	LUK.3.6	9
2:17	ISA.66.23	8
2:17	EZK.39.29	8
2:17	ACT.21.9	8
2:17	ROM.5.5	8
2:17	1CO.12.10	8
2:17	2PE.3.3	8
2:17	PSA.72.6	7
2:17	ISA.2.2	7
2:17	ISA.32.15-ISA.32.16	7
2:17	PRO.1.23	6
2:17	GEN.49.1	5
2:17	ISA.40.5	5
2:17	MIC.4.1	5
2:17	JHN.17.2	5
2:17	ISA.49.26	4
2:17	1CO.14.26-1CO.14.31	4
2:17	GEN.6.12	3
2:17	EZK.36.25-EZK.36.27	3
2:17	DAN.10.14	3
2:17	JAS.5.3	3
2:17	PSA.65.2	1
2:17	ACT.11.28	0
2:18	GAL.3.28	3
2:18	COL.3.11	3
2:18	1CO.7.21-1CO.7.22	2
2:18	ACT.21.10	1
2:19	JOL.2.30-JOL.2.31	11
2:19	ZEP.1.14-ZEP.1.18	4
2:19	MAL.4.1-MAL.4.6	3
2:20	2PE.3.10	12
2:20	AMO.8.9	11
2:20	MAT.24.29	10
2:20	MAL.4.5	8
2:20	1TH.5.2	8
2:20	JOL.2.1	7
2:20	JOL.3.14	6
2:20	MRK.13.24	6
2:20	LUK.21.25	6
2:20	2PE.3.7	6
2:20	ISA.2.12-ISA.2.21	5
2:20	REV.6.12	5
2:20	REV.16.8	5
2:20	ISA.13.9	4
2:20	ISA.13.15	4
2:20	ISA.24.23	4
2:20	ISA.34.8	4
2:20	JER.4.23	4
2:20	ZEP.2.2-ZEP.2.3	4
2:20	MAT.27.45	4
2:20	1CO.5.5	4
2:21	ROM.10.12-ROM.10.13	36
2:21	JOL.2.32	32
2:21	PSA.86.5	24
2:21	ACT.22.16	14
2:21	HEB.4.16	12
2:21	1CO.1.2	9
2:21	MAT.28.19	5
2:21	ACT.9.15	4
2:21	ACT.9.11	0
2:22	JHN.3.2	8
2:22	MAT.12.28	7
2:22	LUK.11.20	7
2:22	JHN.14.10-JHN.14.11	7
2:22	ACT.4.10	7
2:22	MAT.9.8	6
2:22	HEB.2.4	5
2:22	JHN.11.47	4
2:22	JHN.12.17	4
2:22	JHN.15.24	4
2:22	ACT.26.26	4
2:22	2CO.12.12	4
2:22	MAT.2.23	3
2:22	MAT.11.2-MAT.11.6	3
2:22	LUK.7.20-LUK.7.23	3
2:22	JHN.4.48	3
2:22	JHN.5.17-JHN.5.20	3
2:22	JHN.5.36	3
2:22	JHN.6.14	3
2:22	JHN.6.27	3
2:22	JHN.9.33	3
2:22	JHN.10.37	3
2:22	JHN.11.40-JHN.11.42	3
2:22	JHN.19.19	3
2:22	ACT.3.12	3
2:22	ACT.5.35	3
2:22	ACT.6.14	3
2:22	ACT.10.37-ACT.10.38	3
2:22	ACT.13.16	3
2:22	ACT.14.27	3
2:22	ACT.21.28	3
2:22	ACT.22.8	3
2:22	ACT.24.5	3
2:22	ACT.26.9	3
2:22	ISA.41.14	2
2:22	LUK.24.18	2
2:22	JHN.1.45	2
2:22	JHN.7.31	2
2:23	ACT.4.28	12
2:23	GEN.50.20	11
2:23	LUK.22.22	11
2:23	ACT.3.18	11
2:23	ISA.46.10-ISA.46.11	10
2:23	1PE.1.20	9
2:23	ACT.3.13-ACT.3.15	8
2:23	MAT.26.24	6
2:23	ACT.5.30	6
2:23	ACT.13.27	6
2:23	PSA.76.10	5
2:23	DAN.4.35	5
2:23	LUK.22.37	5
2:23	LUK.24.20	5
2:23	LUK.24.44-LUK.24.46	5
2:23	JHN.19.31-JHN.19.37	5
2:23	ACT.15.18	5
2:23	ROM.4.17	5
2:23	JUD.1.4	5
2:23	REV.13.8	5
2:23	ISA.10.6-ISA.10.7	4
2:23	DAN.9.24-DAN.9.27	4
2:23	JHN.19.24	4
2:23	1PE.1.2	4
2:23	ACT.4.10-ACT.4.11	3
2:23	ACT.7.52	3
2:23	ROM.11.33-ROM.11.36	3
2:23	1PE.2.8	3
2:23	MAT.27.20-MAT.27.25	1
2:24	1CO.6.14	20
2:24	ACT.2.32	17
2:24	1PE.1.21	17
2:24	ROM.8.11	16
2:24	COL.2.12	16
2:24	ROM.6.4	15
2:24	JHN.10.18	14
2:24	2CO.4.14	14
2:24	EPH.1.20	13
2:24	HEB.13.20	13
2:24	1TH.1.10	12
2:24	JHN.2.19-JHN.2.21	10
2:24	ACT.3.15	10
2:24	ACT.13.30	10
2:24	ACT.17.31	10
2:24	ROM.4.24	10
2:24	ROM.10.9	10
2:24	ACT.3.26	9
2:24	GAL.1.1	9
2:24	LUK.24.1-LUK.24.53	8
2:24	PSA.116.3-PSA.116.4	7
2:24	PSA.116.16	7
2:24	JHN.20.9	7
2:24	ACT.4.10	7
2:24	ACT.10.40-ACT.10.41	7
2:24	ACT.13.33-ACT.13.34	7
2:24	ACT.13.37	7
2:24	1CO.15.15	7
2:24	ISA.26.19	6
2:24	ROM.8.34	6
2:24	ROM.14.9	6
2:24	1CO.15.12	6
2:24	REV.1.18	6
2:24	ISA.25.8	5
2:24	MAT.27.63	5
2:24	JHN.12.39	5
2:24	ISA.53.10	4
2:24	HOS.13.14	4
2:24	HEB.2.14	4
2:24	JHN.10.35	3
2:24	ACT.1.16	2
2:25	PSA.16.8-PSA.16.11	58
2:25	ISA.41.13	13
2:25	PSA.62.6	11
2:25	PSA.109.31	11
2:25	ISA.50.7-ISA.50.9	10
2:25	PSA.62.2	7
2:25	PSA.73.23	6
2:25	PSA.110.5	6
2:25	PSA.30.6	5
2:25	ACT.13.32-ACT.13.36	5
2:25	PSA.21.7	4
2:25	ACT.2.29-ACT.2.30	3
2:25	JHN.16.32	1
2:26	PSA.16.9	12
2:26	PSA.63.5	4
2:26	PSA.71.23	4
2:26	PSA.30.11	3
2:26	PSA.22.22-PSA.22.24	0
2:27	PSA.16.10	21
2:27	ACT.2.31	12
2:27	REV.1.18	9
2:27	REV.20.13	5
2:27	PSA.86.13	4
2:27	JHN.11.39	4
2:27	1CO.15.52	4
2:27	1CO.15.55	4
2:27	JOB.19.25-JOB.19.27	3
2:27	LUK.4.34	3
2:27	1JN.2.20	3
2:27	REV.3.7	3
2:27	PSA.49.15	2
2:27	PSA.89.19	2
2:27	PSA.116.3	2
2:27	JON.2.6	2
2:27	MAT.11.23	2
2:27	MRK.1.24	2
2:27	LUK.1.35	2
2:27	ACT.13.27-ACT.13.37	2
2:27	LUK.16.23	1
2:27	ACT.3.14	1
2:27	ACT.4.27	1
2:28	PSA.16.11	18
2:28	PSA.21.6	8
2:28	PSA.25.4	8
2:28	PSA.42.5	7
2:28	PSA.17.15	6
2:28	PRO.2.19	6
2:28	PRO.8.20	6
2:28	JHN.11.25-JHN.11.26	6
2:28	HEB.12.2	5
2:28	PSA.21.4	4
2:28	PSA.4.6-PSA.4.7	3
2:28	JHN.14.6	1
2:29	ACT.13.36	9
2:29	1KI.2.10	4
2:29	NEH.3.16	4
2:29	ACT.7.8-ACT.7.9	4
2:29	HEB.7.4	4
2:29	ACT.26.26	2
2:30	PSA.132.11-PSA.132.18	18
2:30	PSA.89.3-PSA.89.4	13
2:30	JER.33.14-JER.33.15	10
2:30	2SA.7.11-2SA.7.16	9
2:30	2SA.23.2	6
2:30	ISA.9.6-ISA.9.7	5
2:30	LUK.1.31-LUK.1.33	5
2:30	2PE.1.21	5
2:30	ROM.1.3	4
2:30	2TI.2.8	4
2:30	MRK.12.36	3
2:30	LUK.1.69-LUK.1.70	3
2:30	LUK.24.44	3
2:30	ACT.1.16	3
2:30	ROM.15.12	3
2:30	HEB.4.7	3
2:30	1CH.17.11-1CH.17.15	2
2:30	PSA.2.6-PSA.2.12	2
2:30	PSA.72.1-PSA.72.19	2
2:30	PSA.89.19-PSA.89.37	2
2:30	PSA.110.1-PSA.110.5	2
2:30	ISA.7.14	2
2:30	JER.23.5-JER.23.6	2
2:30	AMO.9.11-AMO.9.12	2
2:30	MIC.5.2	2
2:30	MAT.22.43	2
2:30	MAT.27.35	2
2:30	LUK.2.10-LUK.2.11	2
2:30	JHN.18.36-JHN.18.37	2
2:30	HEB.6.17	2
2:30	HEB.7.1-HEB.7.2	2
2:30	HEB.7.21	2
2:30	REV.17.14	2
2:30	REV.19.16	2
2:30	HEB.3.7	1
2:31	ACT.2.27	13
2:31	PSA.16.10	12
2:31	ACT.13.35	6
2:31	1PE.1.11-1PE.1.12	2
2:32	ACT.3.15	7
2:32	ACT.1.8	5
2:32	ACT.1.22	4
2:32	LUK.24.46-LUK.24.48	3
2:32	ACT.2.24	3
2:32	ACT.4.33	3
2:32	JHN.15.27	2
2:32	JHN.20.26-JHN.20.31	2
2:32	ACT.5.31-ACT.5.32	1
2:32	ACT.10.39-ACT.10.41	1
2:33	ACT.1.4	11
2:33	ACT.5.31	10
2:33	ACT.2.17	8
2:33	JHN.14.26	7
2:33	JHN.16.7-JHN.16.15	7
2:33	1PE.3.22	6
2:33	MAT.28.18	5
2:33	MRK.16.19	5
2:33	JHN.14.16	5
2:33	ACT.10.45	5
2:33	GAL.3.14	5
2:33	EPH.1.20-EPH.1.23	4
2:33	PHP.2.9-PHP.2.11	4
2:33	HEB.10.12	4
2:33	PSA.89.19	3
2:33	PSA.89.24	3
2:33	ISA.53.12	3
2:33	ROM.5.5	3
2:33	HEB.1.2-HEB.1.4	3
2:33	1PE.1.21	3
2:33	PSA.118.16	2
2:33	PSA.118.22-PSA.118.23	2
2:33	ISA.52.13	2
2:33	LUK.24.49	2
2:33	JHN.7.38-JHN.7.39	2
2:33	JHN.15.26	2
2:33	JHN.17.5	2
2:33	ACT.2.38-ACT.2.39	2
2:33	EPH.4.8	2
2:33	TIT.3.6	2
2:34	PSA.110.1	24
2:34	MAT.22.42-MAT.22.45	13
2:34	HEB.1.13	8
2:34	EPH.1.22	6
2:34	MRK.12.36	5
2:34	LUK.20.42-LUK.20.43	5
2:34	1CO.15.25	5
2:35	ROM.16.20	7
2:35	REV.19.19-REV.20.3	7
2:35	ISA.60.14	5
2:35	ISA.59.18	4
2:35	REV.20.8-REV.20.15	4
2:35	GEN.3.15	3
2:35	PSA.18.40-PSA.18.42	3
2:35	PSA.72.9	3
2:35	ISA.63.4-ISA.63.6	3
2:35	LUK.20.16-LUK.20.18	3
2:35	JOS.10.24-JOS.10.25	2
2:35	PSA.2.8-PSA.2.12	2
2:35	PSA.21.8-PSA.21.12	2
2:35	ISA.49.23	2
2:35	LUK.19.27	2
2:36	ACT.5.30-ACT.5.31	14
2:36	ROM.14.8-ROM.14.12	12
2:36	2CO.5.10	9
2:36	ACT.4.11-ACT.4.12	7
2:36	EZK.34.30	6
2:36	ZEC.13.1	5
2:36	2TH.1.7-2TH.1.10	5
2:36	ACT.2.22-ACT.2.23	4
2:36	ACT.10.36-ACT.10.42	4
2:36	PSA.2.1-PSA.2.8	3
2:36	JER.9.26	3
2:36	JER.31.31	3
2:36	JER.33.14	3
2:36	LUK.2.11	3
2:36	JHN.5.22-JHN.5.29	3
2:36	ROM.9.3-ROM.9.6	3
2:36	EZK.39.25-EZK.39.29	2
2:36	MAT.28.18-MAT.28.20	2
2:36	JHN.3.35-JHN.3.36	2
2:36	JER.2.4	1
2:37	LUK.3.10	9
2:37	ACT.22.10	7
2:37	ACT.16.29-ACT.16.31	6
2:37	HEB.4.12-HEB.4.13	6
2:37	LUK.3.12	5
2:37	LUK.3.14	5
2:37	JHN.8.9	4
2:37	EZK.7.16	2
2:37	JHN.16.8-JHN.16.11	2
2:37	ACT.9.5-ACT.9.6	2
2:37	ACT.24.25-ACT.24.26	2
2:37	ZEC.12.10	1
2:37	ACT.5.33	1
2:37	ACT.7.54	1
2:37	ROM.7.9	1
2:37	1CO.14.24-1CO.14.25	1
2:37	ACT.1.16	0
2:38	ACT.22.16	91
2:38	MRK.16.16	75
2:38	ACT.8.12	68
2:38	LUK.24.47	61
2:38	ACT.10.48	56
2:38	ACT.3.19	55
2:38	1PE.3.21	53
2:38	ACT.10.44-ACT.10.45	43
2:38	ROM.6.3	41
2:38	ACT.8.15-ACT.8.17	39
2:38	ACT.8.36-ACT.8.38	35
2:38	MAT.3.2	34
2:38	MAT.4.17	34
2:38	ACT.17.30	34
2:38	EZK.36.25-EZK.36.27	33
2:38	ACT.19.4-ACT.19.5	33
2:38	ACT.20.21	30
2:38	ACT.2.16-ACT.2.18	28
2:38	TIT.3.5	27
2:38	ACT.26.20	26
2:38	ISA.44.3-ISA.44.4	24
2:38	MAT.28.19	24
2:38	ACT.26.18	24
2:38	ACT.16.15	23
2:38	MAT.3.8-MAT.3.9	22
2:38	MRK.1.15	22
2:38	ACT.8.20	21
2:38	ACT.5.31	20
2:38	MAT.21.28-MAT.21.32	19
2:38	ACT.16.31-ACT.16.34	19
2:38	ZEC.12.10	18
2:38	1CO.1.13-1CO.1.17	18
2:38	JOL.2.28-JOL.2.29	16
2:38	ISA.32.15	15
2:38	EZK.39.29	15
2:38	ISA.59.21	14
2:38	LUK.15.1-LUK.15.32	14
2:39	ISA.44.3	17
2:39	ROM.8.30	15
2:39	GEN.17.7-GEN.17.8	13
2:39	JOL.2.32	13
2:39	ACT.15.8	9
2:39	EPH.4.4	9
2:39	1PE.5.10	9
2:39	REV.19.9	7
2:39	ISA.54.13	6
2:39	ROM.11.29	6
2:39	HEB.9.15	6
2:39	2PE.1.3	6
2:39	EPH.1.18	5
2:39	2TI.1.9	5
2:39	REV.17.14	5
2:39	PSA.115.14-PSA.115.15	4
2:39	ISA.57.19	4
2:39	JOL.2.28	4
2:39	1CO.7.14	4
2:39	2TH.1.11	4
2:39	2TH.2.13-2TH.2.14	4
2:39	HEB.3.1	4
2:39	2PE.1.10	4
2:39	JER.32.39-JER.32.40	3
2:39	EZK.37.25	3
2:39	ACT.3.25-ACT.3.26	3
2:39	ACT.10.45	3
2:39	ACT.11.15-ACT.11.18	3
2:39	ACT.14.27	3
2:39	ACT.15.3	3
2:39	ACT.15.14	3
2:39	ROM.9.4	3
2:39	ROM.9.24	3
2:39	ROM.11.16-ROM.11.17	3
2:39	EPH.2.13-EPH.2.22	3
2:39	EPH.3.5-EPH.3.8	3
2:39	ISA.59.19	2
2:40	PHP.2.15	18
2:40	DEU.32.5	12
2:40	2CO.6.17	9
2:40	1TI.4.16	9
2:40	MAT.17.17	8
2:40	EPH.4.17	8
2:40	MAT.16.4	6
2:40	MAT.23.33	6
2:40	HEB.3.12-HEB.3.13	6
2:40	ACT.28.23	5
2:40	JAS.4.8-JAS.4.10	5
2:40	NUM.16.28-NUM.16.34	4
2:40	MAT.3.7-MAT.3.10	4
2:40	MRK.8.38	4
2:40	LUK.21.36	4
2:40	ACT.20.24	4
2:40	2CO.5.20	4
2:40	GAL.5.3	4
2:40	1PE.5.12	4
2:40	JHN.21.25	3
2:40	ACT.20.21	3
2:40	1TH.2.11	3
2:40	REV.18.4-REV.18.5	3
2:40	PRO.9.6	2
2:40	MAT.12.34	2
2:40	ACT.10.42	2
2:40	ACT.15.32	2
2:40	ACT.20.2	2
2:40	ACT.20.9	2
2:40	ACT.20.11	1
2:40	REV.3.17-REV.3.19	0
2:41	ACT.4.4	12
2:41	ACT.2.47	9
2:41	ACT.16.31-ACT.16.34	7
2:41	JHN.14.12	6
2:41	ACT.1.15	5
2:41	ACT.2.37	5
2:41	ACT.13.48	4
2:41	PSA.72.16-PSA.72.17	3
2:41	MAT.13.44-MAT.13.46	3
2:41	LUK.5.5-LUK.5.7	3
2:41	ACT.8.6-ACT.8.8	3
2:41	PSA.110.3	2
2:41	GAL.4.14-GAL.4.15	1
2:41	1TH.1.6	1
2:42	HEB.10.25	49
2:42	ACT.1.14	41
2:42	1JN.1.3	36
2:42	ACT.2.46	26
2:42	1JN.1.7	26
2:42	ACT.20.7	25
2:42	EPH.6.18	18
2:42	COL.1.23	18
2:42	JUD.1.20	18
2:42	COL.4.2	17
2:42	EPH.2.20	16
2:42	2TI.3.14	16
2:42	ACT.6.4	15
2:42	ACT.14.22	15
2:42	ACT.4.31	12
2:42	HEB.10.39	11
2:42	ROM.12.12	10
2:42	JHN.8.31-JHN.8.32	9
2:42	ACT.11.23	9
2:42	1CO.10.16-1CO.10.17	9
2:42	1CO.10.21	9
2:42	1CO.11.2	9
2:42	ACT.4.23	8
2:42	ACT.20.11	8
2:42	GAL.1.6	8
2:42	2PE.3.1-2PE.3.2	8
2:42	2PE.3.17-2PE.3.18	8
2:42	ACT.5.12-ACT.5.14	7
2:42	1CO.11.20-1CO.11.26	7
2:42	MRK.4.16-MRK.4.17	6
2:42	LUK.24.35	6
2:42	1JN.2.19	5
2:43	LUK.7.16	8
2:43	LUK.8.37	8
2:43	JHN.14.12	8
2:43	MRK.16.17	6
2:43	JER.33.9	4
2:43	EST.8.17	3
2:43	HOS.3.5	3
2:43	ACT.3.6-ACT.3.9	3
2:43	ACT.4.33	3
2:43	ACT.5.15-ACT.5.16	3
2:43	ACT.9.40	3
2:43	ACT.5.11-ACT.5.13	2
2:43	ACT.9.34	2
2:44	ACT.4.32	19
2:44	1JN.3.16-1JN.3.18	8
2:44	2CO.8.14-2CO.8.15	2
2:44	ACT.6.1-ACT.6.3	1
2:44	2CO.8.9	1
2:44	2CO.9.6-2CO.9.15	1
2:44	ACT.5.4	0
2:45	1JN.3.17	11
2:45	1TI.6.18-1TI.6.19	9
2:45	ACT.4.34-ACT.5.2	7
2:45	JAS.2.14-JAS.2.16	7
2:45	PRO.19.17	6
2:45	LUK.18.22	6
2:45	PRO.11.24-PRO.11.25	4
2:45	ISA.58.7-ISA.58.12	4
2:45	MAT.19.21	4
2:45	LUK.12.33-LUK.12.34	4
2:45	ACT.11.29	4
2:45	2CO.9.9	4
2:45	PSA.112.9	3
2:45	ECC.11.1-ECC.11.2	3
2:45	LUK.19.8	3
2:45	LUK.16.9	2
2:45	JAS.5.1-JAS.5.5	2
2:45	2CO.9.1	1
2:46	ACT.5.42	17
2:46	ACT.2.42	14
2:46	PSA.86.11	12
2:46	ACT.20.7	12
2:46	2CO.1.12	11
2:46	ACT.16.34	9
2:46	COL.3.22	8
2:46	ACT.1.13-ACT.1.14	6
2:46	ROM.12.8	6
2:46	NEH.8.10	5
2:46	ECC.9.7	5
2:46	LUK.24.53	5
2:46	1CO.11.20-1CO.11.22	5
2:46	DEU.12.7	4
2:46	DEU.12.12	4
2:46	DEU.16.11	4
2:46	LUK.24.30	4
2:46	1CO.10.30-1CO.10.31	4
2:46	2CO.11.3	4
2:46	MAT.6.22	3
2:46	LUK.11.41	3
2:46	ACT.3.1	3
2:46	ACT.5.21	3
2:46	EPH.6.5	3
2:47	ACT.16.5	26
2:47	ACT.5.13-ACT.5.14	19
2:47	ACT.2.41	15
2:47	ACT.2.39	13
2:47	1CO.1.18	13
2:47	ROM.14.18	12
2:47	ACT.11.24	11
2:47	ACT.13.48	10
2:47	TIT.3.4-TIT.3.5	9
2:47	ROM.8.30	8
2:47	ROM.11.5-ROM.11.7	8
2:47	LUK.2.52	7
2:47	ACT.4.21	7
2:47	ROM.9.27	7
2:47	LUK.19.48	4
2:47	ACT.4.33	3
3:1	PSA.55.17	22
3:1	ACT.10.3	16
3:1	ACT.4.13	10
3:1	LUK.1.10	7
3:1	LUK.24.53	7
3:1	ACT.5.25	6
3:1	DAN.6.10	5
3:1	ACT.8.14	5
3:1	MAT.17.1	4
3:1	MAT.26.37	4
3:1	LUK.22.8	4
3:1	LUK.23.44-LUK.23.46	4
3:1	JHN.13.23-JHN.13.25	4
3:1	JHN.20.2-JHN.20.9	4
3:1	JHN.21.7	4
3:1	ACT.2.46	4
3:1	EXO.29.39	3
3:1	1KI.18.36	3
3:1	DAN.9.21	3
3:1	JHN.21.18-JHN.21.22	3
3:1	ACT.10.30	3
3:1	NUM.28.4	1
3:1	GAL.2.9	0
3:2	ACT.14.8	8
3:2	JHN.9.8	7
3:2	LUK.16.20	5
3:2	LUK.18.35	3
3:2	ACT.10.31	3
3:2	JHN.1.9-JHN.1.30	2
3:2	ACT.4.22	2
3:2	ACT.10.4	2
3:4	ACT.14.9-ACT.14.10	8
3:4	JHN.11.40	4
3:4	LUK.4.20	3
3:4	ACT.3.12	3
3:4	JHN.5.6	2
3:4	ACT.11.6	0
3:6	ACT.3.16	26
3:6	ACT.4.10	16
3:6	ACT.10.38	16
3:6	ACT.9.34	15
3:6	MRK.16.17	13
3:6	ACT.16.18	13
3:6	2CO.8.9	13
3:6	JAS.2.5	10
3:6	ACT.4.7	9
3:6	ACT.2.22	8
3:6	ACT.2.36	8
3:6	1PE.4.10	8
3:6	MAT.7.22	7
3:6	MAT.10.9	7
3:6	JHN.19.19	6
3:6	ACT.19.13-ACT.19.16	6
3:6	2CO.6.10	5
3:6	2CO.8.12	3
3:6	MRK.14.8	2
3:6	1CO.4.11	1
3:7	MRK.1.31	8
3:7	MRK.9.27	8
3:7	MRK.5.41	7
3:7	ACT.9.41	7
3:7	LUK.13.13	6
3:8	ISA.35.6	6
3:8	ACT.14.10	6
3:8	PSA.107.20-PSA.107.22	5
3:8	PSA.103.1-PSA.103.2	4
3:8	LUK.6.23	3
3:8	LUK.17.15-LUK.17.18	3
3:8	JHN.5.14	3
3:8	LUK.18.43	2
3:8	JHN.5.8-JHN.5.9	2
3:9	LUK.13.17	3
3:9	ACT.4.16	3
3:9	ACT.4.21	3
3:9	MRK.2.11-MRK.2.12	2
3:9	ACT.14.11	2
3:10	ACT.3.2	4
3:10	LUK.9.43	3
3:10	JHN.5.20	3
3:10	JHN.9.3	3
3:10	LUK.4.36	2
3:10	JHN.9.18-JHN.9.21	2
3:10	ACT.2.7	2
3:10	ACT.2.12	2
3:10	ACT.4.14-ACT.4.16	2
3:10	ACT.4.21-ACT.4.22	2
3:11	ACT.5.12	6
3:11	LUK.8.38	2
3:11	JHN.10.23	2
3:11	LUK.22.8	1
3:11	ACT.2.6	1
3:12	2CO.3.5	11
3:12	JHN.3.27-JHN.3.28	9
3:12	ACT.14.11-ACT.14.15	7
3:12	GEN.41.16	6
3:12	DAN.2.28-DAN.2.30	5
3:12	ACT.2.22	5
3:12	ACT.10.25-ACT.10.26	5
3:12	ROM.9.4	5
3:12	GEN.40.8	4
3:12	JHN.7.18	4
3:12	ACT.13.26	4
3:12	ROM.11.1	4
3:13	MAT.22.32	4
3:13	ACT.7.32	4
3:13	EXO.3.6	3
3:13	MAT.27.17-MAT.27.25	3
3:13	LUK.23.16-LUK.23.23	3
3:13	JHN.18.40	3
3:13	JHN.19.12	3
3:13	JHN.19.15	3
3:13	PHP.2.9-PHP.2.11	3
3:13	HEB.2.9	3
3:13	PSA.2.6-PSA.2.12	2
3:13	PSA.105.6-PSA.105.10	2
3:13	PSA.110.1-PSA.110.2	2
3:13	MAT.11.27	2
3:13	MAT.20.19	2
3:13	MAT.27.2	2
3:13	MAT.28.18	2
3:13	MRK.15.11	2
3:13	LUK.23.4	2
3:13	JHN.3.35-JHN.3.36	2
3:13	JHN.5.22-JHN.5.23	2
3:13	JHN.7.39	2
3:13	JHN.12.16	2
3:13	JHN.13.31-JHN.13.32	2
3:13	JHN.16.14-JHN.16.15	2
3:13	JHN.17.1-JHN.17.5	2
3:13	ACT.2.23-ACT.2.24	2
3:13	ACT.2.33-ACT.2.36	2
3:13	ACT.5.30-ACT.5.31	2
3:13	ACT.13.27-ACT.13.28	2
3:13	ACT.22.14	2
3:13	HEB.11.9-HEB.11.16	2
3:13	REV.1.5	2
3:13	REV.1.18	2
3:13	EPH.1.20-EPH.1.23	1
3:14	MRK.1.24	8
3:14	ACT.7.52	6
3:14	ACT.4.27	5
3:14	1PE.3.18	5
3:14	ZEC.9.9	4
3:14	LUK.23.18-LUK.23.19	4
3:14	ACT.22.14	4
3:14	JAS.5.6	4
3:14	LUK.1.35	3
3:14	LUK.23.25	3
3:14	ACT.2.27	3
3:14	2CO.5.21	3
3:14	1JN.2.1	3
3:14	REV.3.7	3
3:14	PSA.16.10	2
3:14	MRK.15.7	2
3:14	MRK.15.11	2
3:15	ACT.2.24	11
3:15	REV.21.6	9
3:15	ACT.2.32	8
3:15	JHN.1.4	6
3:15	JHN.5.26	6
3:15	ACT.13.30-ACT.13.32	6
3:15	1CO.15.45	6
3:15	HEB.2.10	6
3:15	JHN.4.10	5
3:15	JHN.4.14	5
3:15	JHN.11.25-JHN.11.26	5
3:15	JHN.14.6	5
3:15	JHN.17.2	5
3:15	HEB.5.9	5
3:15	1JN.5.20	5
3:15	REV.22.17	5
3:15	REV.22.1	4
3:15	MAT.28.2-MAT.28.5	3
3:15	JHN.10.28	3
3:15	ACT.10.40-ACT.10.41	3
3:15	ROM.8.1-ROM.8.2	3
3:15	COL.3.3-COL.3.4	3
3:15	1JN.5.11-1JN.5.12	3
3:15	ACT.1.22	2
3:15	ACT.5.31	2
3:15	EPH.1.20	2
3:16	MAT.21.21-MAT.21.22	16
3:16	ACT.3.6	13
3:16	ACT.14.9	13
3:16	MRK.16.17-MRK.16.18	11
3:16	ACT.4.10	11
3:16	ACT.16.18	11
3:16	LUK.17.5-LUK.17.6	10
3:16	MAT.9.22	9
3:16	MRK.11.22-MRK.11.23	8
3:16	JHN.14.12	7
3:16	ACT.3.8	7
3:16	ACT.4.7	7
3:16	1CO.13.2	7
3:16	DEU.32.4	6
3:16	ACT.4.30	6
3:16	ACT.19.13-ACT.19.17	6
3:16	MAT.17.19-MAT.17.20	5
3:16	JHN.7.23	5
3:16	ACT.8.14-ACT.8.16	5
3:17	LUK.23.34	6
3:17	ACT.13.27	5
3:17	JHN.16.3	4
3:17	1CO.2.8	4
3:17	1TI.1.13	3
3:17	JHN.7.26-JHN.7.27	2
3:17	ACT.26.9	2
3:17	ROM.11.2	2
3:17	2CO.3.14	2
3:17	GEN.21.26	1
3:17	GEN.39.8	1
3:17	GEN.44.15	1
3:17	EXO.32.1	1
3:17	NUM.15.24-NUM.15.31	1
3:17	NUM.22.6	1
3:17	JHN.7.52	1
3:17	ACT.7.40	1
3:17	PHP.1.22	0
3:18	ISA.53.1-ISA.53.12	8
3:18	ACT.2.23	7
3:18	ACT.26.22-ACT.26.23	7
3:18	ISA.50.6	6
3:18	ZEC.12.10	6
3:18	LUK.24.26-LUK.24.27	6
3:18	LUK.24.44	5
3:18	ACT.17.2-ACT.17.3	5
3:18	1CO.15.3-1CO.15.4	5
3:18	1PE.1.10-1PE.1.11	5
3:18	ACT.28.23	4
3:18	DAN.9.26	3
3:18	ZEC.13.7	3
3:18	REV.19.10	3
3:18	PSA.22.1-PSA.22.30	2
3:18	PSA.69.1-PSA.69.36	2
3:18	GEN.3.15	1
3:19	ISA.44.22	38
3:19	ACT.2.38	38
3:19	ISA.43.25	35
3:19	ISA.1.16-ISA.1.20	25
3:19	MAT.13.15	23
3:19	MAT.18.3	19
3:19	PSA.51.9	15
3:19	2TH.1.7	12
3:19	LAM.3.40	11
3:19	JAS.5.19-JAS.5.20	9
3:19	ACT.11.21	7
3:19	JAS.4.7-JAS.4.10	7
3:19	1KI.8.48-1KI.8.50	6
3:19	ISA.55.6-ISA.55.7	6
3:19	HOS.14.2	6
3:19	MIC.7.18-MIC.7.19	6
3:19	LUK.1.16	6
3:19	ACT.11.18	6
3:19	ACT.26.18-ACT.26.20	6
3:19	ACT.28.27	6
3:19	1PE.2.25	6
3:19	2PE.3.8	6
3:19	ISA.54.1-ISA.54.14	5
3:19	JOL.2.13	5
3:19	2TH.1.10	5
3:19	ISA.6.10	4
3:19	ISA.60.1-ISA.60.22	4
3:19	JER.31.18-JER.31.20	4
3:19	JER.31.33-JER.31.34	4
3:19	JER.50.20	4
3:19	EZK.18.30-EZK.18.32	4
3:19	DAN.9.13	4
3:19	ZEC.8.20-ZEC.8.23	4
3:19	ACT.3.21	4
3:19	DEU.4.29-DEU.4.31	3
3:19	PSA.32.1-PSA.32.5	3
3:19	PSA.51.1-PSA.51.3	3
3:19	PSA.51.13	3
3:19	PSA.72.6-PSA.72.19	3
3:19	PSA.98.1-PSA.98.9	3
3:19	PSA.103.12	3
3:19	ISA.2.1-ISA.2.3	3
3:19	ISA.49.10-ISA.49.22	3
3:19	ISA.51.11	3
3:19	ISA.52.1-ISA.52.10	3
3:19	ISA.61.3	3
3:19	ISA.61.9-ISA.62.5	3
3:19	ISA.65.17-ISA.65.25	3
3:19	ISA.66.10-ISA.66.14	3
3:19	ISA.66.18-ISA.66.22	3
3:19	JER.31.22-JER.31.26	3
3:19	JER.32.37-JER.32.41	3
3:19	JER.33.15-JER.33.26	3
3:19	LAM.5.21	3
3:19	EZK.34.23-EZK.34.31	3
3:19	EZK.37.21-EZK.37.28	3
3:19	EZK.39.25-EZK.39.29	3
3:19	JOL.3.16-JOL.3.21	3
3:19	AMO.9.13-AMO.9.15	3
3:19	MIC.7.14-MIC.7.15	3
3:19	ZEP.3.14-ZEP.3.20	3
3:19	ACT.1.6	3
3:19	ACT.15.3	3
3:19	ACT.17.26	3
3:19	ROM.11.25	3
3:19	HOS.2.19-HOS.2.23	2
3:19	2TI.2.25	2
3:19	REV.21.4	2
3:20	LUK.19.11	3
3:20	2TH.2.2	3
3:20	2TH.2.8	3
3:20	REV.1.7	3
3:20	MAT.24.30-MAT.24.36	2
3:20	REV.19.11-REV.19.16	2
3:20	MAT.16.27	1
3:20	MAT.24.3	1
3:20	MRK.13.26	1
3:20	MRK.13.30-MRK.13.37	1
3:20	LUK.21.27	1
3:20	ACT.17.31	1
3:20	HEB.9.28	1
3:21	ROM.8.21	12
3:21	ISA.1.26	10
3:21	ACT.1.11	9
3:21	MAL.4.5-MAL.4.6	6
3:21	MRK.9.11-MRK.9.13	6
3:21	MAT.17.11-MAT.17.12	5
3:21	LUK.1.70	4
3:21	REV.22.6	4
3:21	2PE.3.2	3
3:21	MAL.3.3-MAL.3.4	2
3:21	ACT.10.43	2
3:21	2PE.1.21	2
3:21	REV.18.20	1
3:22	DEU.18.15-DEU.18.19	70
3:22	ACT.7.37	17
3:22	GAL.4.4	9
3:22	JHN.1.17	7
3:22	HEB.5.9	6
3:22	ISA.55.3-ISA.55.4	5
3:22	LUK.9.30-LUK.9.35	5
3:22	JHN.5.24	5
3:22	HEB.1.1-HEB.1.2	5
3:22	HEB.2.9-HEB.2.17	5
3:22	MAT.17.4-MAT.17.5	4
3:22	MRK.9.4-MRK.9.7	4
3:22	JHN.5.39-JHN.5.47	4
3:22	JHN.12.46	4
3:22	ROM.9.5	4
3:22	REV.1.1	4
3:22	LUK.13.33	3
3:22	LUK.24.19	3
3:22	JHN.8.12	3
3:22	ROM.8.3	3
3:22	HEB.2.1	2
3:23	DEU.18.19	10
3:23	JHN.12.48	6
3:23	HEB.10.28-HEB.10.30	3
3:23	HEB.10.39	3
3:23	HEB.12.25	3
3:23	REV.20.15	3
3:23	LEV.23.29	2
3:23	MRK.16.16	2
3:23	JHN.3.18-JHN.3.20	2
3:23	JHN.8.24	2
3:23	ACT.13.38-ACT.13.41	2
3:23	2TH.1.7-2TH.1.9	2
3:23	HEB.2.3	2
3:23	REV.13.8	2
3:24	ACT.3.21	8
3:24	LUK.24.27	6
3:24	1SA.3.20	5
3:24	1SA.2.18	4
3:24	PSA.99.6	4
3:24	1SA.3.1	3
3:24	ACT.13.20	3
3:24	ROM.3.21	3
3:24	JER.15.1	2
3:24	ACT.3.19	2
3:25	GEN.22.18	18
3:25	GAL.3.8	11
3:25	1CH.16.17	9
3:25	ACT.2.39	9
3:25	ROM.9.4-ROM.9.5	8
3:25	GEN.12.3	7
3:25	GEN.26.4	4
3:25	GEN.28.14	4
3:25	NEH.9.8	4
3:25	PSA.22.27	4
3:25	PSA.105.8-PSA.105.15	4
3:25	ROM.4.13	4
3:25	GAL.3.16	4
3:25	REV.7.9	4
3:25	GEN.17.9-GEN.17.10	3
3:25	GEN.17.19	3
3:25	GEN.18.18	3
3:25	GEN.20.7	3
3:25	GEN.27.36-GEN.27.40	3
3:25	GEN.48.14-GEN.48.20	3
3:25	GAL.3.29	3
3:25	GEN.49.1-GEN.49.33	2
3:25	PSA.96.7	2
3:25	MAT.3.9-MAT.3.10	2
3:25	LUK.1.72	2
3:25	ACT.13.26	2
3:25	ROM.15.8	2
3:25	REV.5.9	2
3:25	REV.14.6	2
3:26	MAT.1.21	12
3:26	1JN.3.5-1JN.3.8	7
3:26	ACT.3.22	6
3:26	JUD.1.24	6
3:26	EZK.11.19-EZK.11.20	5
3:26	EZK.36.25-EZK.36.29	5
3:26	ACT.3.25	5
3:26	ACT.13.46-ACT.13.47	5
3:26	ROM.1.16	5
3:26	EPH.5.26-EPH.5.27	5
3:26	MAT.10.5-MAT.10.6	4
3:26	ACT.1.8	4
3:26	ACT.2.24	4
3:26	ACT.3.15	4
3:26	ACT.26.20	4
3:26	ACT.28.23-ACT.28.28	4
3:26	ROM.2.9-ROM.2.10	4
3:26	ROM.15.29	4
3:26	GAL.3.9-GAL.3.14	4
3:26	EPH.1.3	4
3:26	1PE.1.3	4
3:26	PSA.67.6-PSA.67.7	3
3:26	PSA.72.17	3
3:26	ISA.59.20-ISA.59.21	3
3:26	JER.32.38-JER.32.41	3
3:26	JER.33.8-JER.33.9	3
3:26	TIT.2.11-TIT.2.14	3
3:26	1PE.3.9	3
3:26	REV.7.4-REV.7.9	3
3:26	LUK.2.10-LUK.2.11	2
3:26	LUK.24.47	2
3:26	ACT.3.20	2
3:26	ACT.13.26	2
3:26	ACT.13.32-ACT.13.33	2
3:26	ACT.18.4-ACT.18.6	2
4:1	LUK.22.4	9
4:1	ACT.6.12	6
4:1	ACT.23.6-ACT.23.9	6
4:1	ACT.5.24	5
4:1	ACT.5.26	5
4:1	2CH.23.4-2CH.23.9	3
4:1	MAT.3.7	3
4:1	MAT.22.23-MAT.22.24	3
4:1	MAT.16.12	2
4:1	MAT.22.16	2
4:1	MAT.26.3-MAT.26.4	2
4:1	MAT.27.1-MAT.27.2	2
4:1	MAT.27.20	2
4:1	MAT.27.41	2
4:1	JHN.15.20	2
4:1	JHN.18.3	2
4:1	ACT.4.6	2
4:1	ACT.6.7	1
4:2	ACT.17.18	8
4:2	ACT.24.14-ACT.24.15	5
4:2	1TH.4.13-1TH.4.14	5
4:2	1CO.15.12-1CO.15.20	4
4:2	JHN.11.47-JHN.11.48	3
4:2	ACT.3.15	3
4:2	ACT.10.40-ACT.10.43	3
4:2	ACT.13.45	3
4:2	ACT.17.31-ACT.17.32	3
4:2	ACT.24.21	3
4:2	ACT.26.8	3
4:2	ACT.26.23	3
4:2	ROM.8.11	3
4:2	1CO.15.23	3
4:2	2CO.4.13-2CO.4.14	3
4:2	ACT.5.17	2
4:2	ACT.19.23	2
4:2	NEH.2.10	0
4:3	ACT.5.18	5
4:3	MAT.10.16-MAT.10.17	3
4:3	ACT.16.19-ACT.16.24	3
4:3	LUK.22.52	2
4:3	JHN.18.12	2
4:3	ACT.6.12	2
4:3	ACT.8.3	2
4:3	ACT.9.2	2
4:3	ACT.12.1-ACT.12.3	2
4:3	LUK.22.54	1
4:4	ACT.2.41	7
4:4	2CO.2.14-2CO.2.17	4
4:4	2TI.2.9-2TI.2.10	4
4:4	PHP.1.12-PHP.1.18	3
4:4	JHN.12.24	2
4:4	ACT.28.24	2
4:4	GEN.49.10	1
4:4	ISA.45.24	1
4:4	ISA.53.12	1
4:5	ACT.4.8	3
4:5	ISA.1.10	2
4:5	MIC.2.1	2
4:5	MAT.27.1-MAT.27.2	2
4:5	MRK.15.1	2
4:5	LUK.20.1	2
4:5	LUK.22.66	2
4:5	LUK.23.13	2
4:5	LUK.24.20	2
4:5	ACT.5.20-ACT.5.21	2
4:5	ACT.5.34	2
4:5	ACT.6.12	2
4:6	LUK.3.2	5
4:6	MAT.26.3	3
4:6	JHN.18.24	3
4:6	JHN.11.49	2
4:6	JHN.18.13-JHN.18.14	2
4:7	MAT.21.23	10
4:7	MRK.11.28	7
4:7	ACT.5.40	4
4:7	EXO.2.14	3
4:7	JHN.2.18	3
4:7	ACT.5.27-ACT.5.28	3
4:7	1KI.21.12-1KI.21.14	2
4:7	ACT.4.10	2
4:7	JHN.8.3	0
4:7	JHN.8.9	0
4:8	LUK.12.11-LUK.12.12	7
4:8	MAT.10.19-MAT.10.20	6
4:8	LUK.21.14-LUK.21.15	5
4:8	ACT.2.4	5
4:8	ACT.4.31	4
4:8	ACT.7.55	4
4:8	LUK.23.13	3
4:8	ACT.4.5	2
4:9	ACT.3.7	4
4:9	1PE.3.15-1PE.3.17	4
4:9	JHN.10.32	3
4:9	JHN.7.23	2
4:9	1PE.4.14	2
4:10	ACT.3.6	7
4:10	ACT.5.29-ACT.5.32	7
4:10	ACT.2.36	6
4:10	DAN.3.18	5
4:10	MAT.27.63-MAT.27.66	5
4:10	ACT.2.22-ACT.2.24	5
4:10	ACT.3.13-ACT.3.16	5
4:10	ACT.10.40-ACT.10.42	5
4:10	ACT.28.28	5
4:10	JER.42.19-JER.42.20	4
4:10	MAT.28.11-MAT.28.15	4
4:10	ACT.13.29-ACT.13.41	4
4:10	ROM.1.4	4
4:11	PSA.118.22-PSA.118.23	34
4:11	ISA.28.16	23
4:11	MRK.12.10-MRK.12.12	15
4:11	MAT.21.42-MAT.21.45	13
4:11	1PE.2.6-1PE.2.8	10
4:11	LUK.20.16-LUK.20.18	9
4:11	EPH.2.20-EPH.2.22	9
4:11	ZEC.3.9	7
4:11	ZEC.4.6-ZEC.4.7	6
4:11	PRO.28.1	1
4:11	ISA.58.1-ISA.58.2	1
4:11	MRK.9.12	1
4:11	ACT.7.52	1
4:11	2CO.3.12	1
4:11	EZK.2.6-EZK.2.7	0
4:11	EZK.3.7-EZK.3.11	0
4:11	EZK.3.18-EZK.3.19	0
4:11	EZK.33.7-EZK.33.9	0
4:11	ACT.20.26-ACT.20.27	0
4:11	2CO.4.1	0
4:12	JHN.14.6	178
4:12	1CO.3.11	127
4:12	JHN.3.36	121
4:12	1TI.2.5-1TI.2.6	112
4:12	1JN.5.11-1JN.5.12	110
4:12	ACT.10.42-ACT.10.43	68
4:12	LUK.24.47	65
4:12	MRK.16.15-MRK.16.16	64
4:12	MAT.1.21	61
4:12	HEB.2.3	41
4:12	REV.20.15	38
4:12	REV.7.9-REV.7.10	36
4:12	PSA.45.17	34
4:12	HEB.12.25	31
4:12	COL.1.23	27
4:12	JOB.41.11	8
4:13	1CO.1.27	34
4:13	JHN.7.15	29
4:13	MAT.11.25	24
4:13	ACT.2.7-ACT.2.12	7
4:13	MAT.26.73	5
4:13	MAT.4.18-MAT.4.22	1
4:13	MAT.26.71	1
4:13	JHN.7.49	1
4:13	JHN.18.16-JHN.18.17	1
4:13	MAT.26.57-MAT.26.58	0
4:13	LUK.22.52-LUK.22.54	0
4:13	LUK.22.56-LUK.22.60	0
4:14	ACT.3.8-ACT.3.12	3
4:14	ACT.19.36	3
4:14	ACT.4.10	2
4:14	ACT.4.16	2
4:14	ACT.4.21	1
4:15	MAT.5.22	3
4:15	ACT.5.34-ACT.5.42	3
4:15	ACT.26.30-ACT.26.32	3
4:16	LUK.21.15	4
4:16	JHN.12.18	4
4:16	ACT.6.10	4
4:16	DAN.8.5	2
4:16	DAN.8.8	2
4:16	MAT.27.16	2
4:16	LUK.6.10-LUK.6.11	2
4:16	JHN.11.47-JHN.11.48	2
4:16	ACT.3.7-ACT.3.10	2
4:17	ACT.5.28	6
4:17	ROM.15.18-ROM.15.22	4
4:17	1TH.2.15-1TH.2.16	4
4:17	ACT.5.24	3
4:17	1TH.1.8	3
4:17	2CH.25.15-2CH.25.16	2
4:17	PSA.2.1-PSA.2.4	2
4:17	ISA.30.8-ISA.30.11	2
4:17	JER.20.1-JER.20.3	2
4:17	JER.29.25-JER.29.32	2
4:17	JER.38.4	2
4:17	DAN.2.34-DAN.2.35	2
4:17	AMO.2.12	2
4:17	AMO.7.12-AMO.7.17	2
4:17	MIC.2.6-MIC.2.7	2
4:17	MAT.27.64	2
4:17	JHN.11.47-JHN.11.48	2
4:17	ACT.4.21	2
4:17	ACT.4.29-ACT.4.30	2
4:17	ACT.5.39-ACT.5.40	2
4:17	ROM.10.16-ROM.10.18	2
4:18	ACT.5.40	6
4:18	LUK.24.46-LUK.24.48	4
4:18	ACT.5.20	3
4:18	ACT.1.8	2
4:19	ACT.5.29	15
4:19	EXO.1.17	10
4:19	1CO.10.15	8
4:19	1TI.2.3	7
4:19	1KI.22.14	6
4:19	JHN.7.24	6
4:19	1KI.12.30	4
4:19	1KI.14.16	4
4:19	1KI.21.11	4
4:19	2KI.16.15	4
4:19	2CH.26.16-2CH.26.20	4
4:19	PSA.58.1	4
4:19	DAN.3.18	4
4:19	DAN.6.10	4
4:19	HOS.5.11	4
4:19	AMO.7.16	4
4:19	MAT.22.21	4
4:19	MIC.6.16	3
4:19	2CO.4.2	3
4:19	EPH.6.1	3
4:19	JAS.2.4	3
4:19	REV.13.3-REV.13.10	3
4:19	REV.14.9-REV.14.12	3
4:19	HEB.11.23	2
4:20	JER.20.9	18
4:20	ACT.22.15	17
4:20	1CO.9.16-1CO.9.17	10
4:20	1JN.1.1-1JN.1.3	9
4:20	EZK.3.11	6
4:20	ACT.5.32	6
4:20	JER.1.17-JER.1.19	4
4:20	ACT.1.8	4
4:20	ACT.10.39-ACT.10.41	4
4:20	NUM.22.38	3
4:20	NUM.23.20	3
4:20	2SA.23.2	3
4:20	JOB.32.18-JOB.32.20	3
4:20	JER.1.7	3
4:20	JER.4.19	3
4:20	MIC.3.8	3
4:20	LUK.1.2	3
4:20	ACT.2.32	3
4:20	ACT.3.15	3
4:20	ACT.18.5	3
4:20	JER.6.11	2
4:20	EZK.3.14-EZK.3.21	2
4:20	ACT.1.22	2
4:20	ACT.2.4	2
4:20	ACT.17.16-ACT.17.17	2
4:20	HEB.2.3-HEB.2.4	2
4:21	ACT.5.26	6
4:21	MAT.9.8	4
4:21	MAT.21.46	4
4:21	LUK.20.6	4
4:21	LUK.20.19	4
4:21	LUK.22.2	4
4:21	MAT.9.33	2
4:21	MAT.15.31	2
4:21	MAT.26.5	2
4:21	LUK.5.26	2
4:21	LUK.13.17	2
4:21	LUK.19.47-LUK.19.48	2
4:21	JHN.12.18-JHN.12.19	2
4:21	ACT.3.6-ACT.3.9	2
4:21	ACT.4.17	2
4:21	ACT.5.40	2
4:22	ACT.9.33	6
4:22	JHN.5.5	5
4:22	MAT.9.20	4
4:22	LUK.13.11	4
4:22	JHN.9.1	4
4:22	ACT.3.2	4
4:23	2CO.6.14-2CO.6.17	14
4:23	PSA.42.4	6
4:23	PSA.119.63	6
4:23	ACT.12.11-ACT.12.12	5
4:23	PSA.16.3	4
4:23	PRO.13.20	4
4:23	MAL.3.16	4
4:23	ACT.1.13-ACT.1.14	3
4:23	ACT.2.44-ACT.2.46	3
4:23	ACT.16.40	3
4:24	EXO.20.11	31
4:24	JER.32.17	26
4:24	NEH.9.6	17
4:24	2KI.19.15	8
4:24	JER.10.10-JER.10.12	8
4:24	PSA.146.5-PSA.146.6	7
4:24	1TH.5.16-1TH.5.18	5
4:24	ISA.51.12	4
4:24	2TI.4.17-2TI.4.18	4
4:24	2KI.19.19	3
4:24	PSA.55.16-PSA.55.18	3
4:24	PSA.62.5-PSA.62.8	3
4:24	JER.20.13	3
4:24	PSA.69.29-PSA.69.30	2
4:24	2CO.1.8-2CO.1.11	2
4:25	PSA.2.1-PSA.2.6	23
4:25	ACT.1.16	7
4:25	ACT.2.30	2
4:26	PSA.2.2	26
4:26	REV.17.12-REV.17.14	12
4:26	DAN.9.24	9
4:26	PSA.83.2-PSA.83.8	8
4:26	ACT.10.38	5
4:26	HEB.1.9	4
4:26	JOL.3.9-JOL.3.14	3
4:26	LUK.4.18	3
4:26	REV.17.17	3
4:26	REV.11.15	2
4:26	REV.12.10	2
4:26	REV.19.16-REV.19.21	1
4:27	MAT.27.2	6
4:27	ACT.4.30	5
4:27	LUK.9.22	4
4:27	JOB.14.4	2
4:27	JOB.15.14	2
4:27	JOB.25.4	2
4:27	PSA.2.2	2
4:27	PSA.2.6	2
4:27	PSA.45.7	2
4:27	ISA.49.7	2
4:27	ISA.53.3	2
4:27	ISA.61.1	2
4:27	ZEC.11.7-ZEC.11.8	2
4:27	MAT.2.13-MAT.2.16	2
4:27	MAT.14.1	2
4:27	MAT.20.18-MAT.20.19	2
4:27	MAT.21.28	2
4:27	MAT.23.37	2
4:27	MAT.26.3-MAT.26.4	2
4:27	MAT.26.59-MAT.26.68	2
4:27	MAT.27.11-MAT.27.36	2
4:27	MAT.27.40-MAT.27.43	2
4:27	MRK.10.33	2
4:27	MRK.14.1-MRK.14.2	2
4:27	MRK.14.43-MRK.14.65	2
4:27	MRK.15.1-MRK.15.27	2
4:27	MRK.15.31	2
4:27	LUK.1.35	2
4:27	LUK.4.18	2
4:27	LUK.13.31-LUK.13.33	2
4:27	LUK.18.31-LUK.18.33	2
4:27	LUK.20.13-LUK.20.19	2
4:27	LUK.22.1-LUK.22.6	2
4:27	LUK.22.47-LUK.22.52	2
4:27	LUK.22.63-LUK.23.5	2
4:27	LUK.23.7-LUK.23.38	2
4:27	JHN.1.11	2
4:27	JHN.10.36	2
4:27	JHN.18.19-JHN.18.24	2
4:27	JHN.18.28-JHN.19.24	2
4:27	JHN.19.34	2
4:27	ACT.2.27	2
4:27	ACT.3.13-ACT.3.14	2
4:27	ACT.10.38	2
4:27	HEB.7.26	2
4:27	JHN.18.1-JHN.18.14	1
4:28	ACT.2.23	7
4:28	GEN.50.20	6
4:28	ISA.46.10	6
4:28	MAT.26.24	4
4:28	ISA.53.10	3
4:28	LUK.24.44-LUK.24.46	3
4:28	ACT.3.18	3
4:28	ACT.13.27-ACT.13.29	3
4:28	JOB.12.13	2
4:28	PSA.76.10	2
4:28	PRO.21.30	2
4:28	ISA.5.19	2
4:28	ISA.28.29	2
4:28	ISA.40.13	2
4:28	MAT.26.54	2
4:28	LUK.22.22	2
4:28	EPH.1.11	2
4:28	HEB.6.17	2
4:28	1PE.2.7-1PE.2.8	2
4:29	ACT.4.13	11
4:29	ACT.14.3	10
4:29	PHP.1.14	10
4:29	ACT.4.31	9
4:29	ACT.28.31	9
4:29	2TI.4.17	9
4:29	ACT.4.17-ACT.4.18	5
4:29	ACT.9.27	5
4:29	ACT.13.46	5
4:29	ACT.19.8	5
4:29	EPH.6.18-EPH.6.20	5
4:29	2TI.1.7-2TI.1.8	5
4:29	EZK.2.6	4
4:29	DAN.9.18	4
4:29	ACT.4.21	4
4:29	1TH.2.2	4
4:29	ISA.58.1	3
4:29	ISA.63.15	3
4:29	LAM.3.50	3
4:29	LAM.5.1	3
4:29	MIC.3.8	3
4:29	ACT.20.26-ACT.20.27	3
4:29	ACT.26.26	3
4:29	ISA.37.17-ISA.37.20	2
4:30	ACT.3.6	6
4:30	ACT.4.27	6
4:30	ACT.2.22	4
4:30	ACT.3.16	4
4:30	ACT.5.12	4
4:30	ACT.9.40-ACT.9.42	4
4:30	EXO.6.6	3
4:30	DEU.4.34	3
4:30	JER.15.15	3
4:30	JER.20.11-JER.20.12	3
4:30	LUK.9.54-LUK.9.56	3
4:30	ACT.2.43	3
4:30	ACT.5.15-ACT.5.16	3
4:30	ACT.6.8	3
4:30	ACT.9.34-ACT.9.35	3
4:30	LUK.22.49-LUK.22.51	2
4:30	JHN.4.48	2
4:30	ACT.4.10	2
4:31	MAT.21.22	18
4:31	ACT.2.4	17
4:31	ISA.65.24	16
4:31	ACT.2.2	16
4:31	ACT.16.25-ACT.16.26	15
4:31	JAS.1.5	14
4:31	JHN.14.12	13
4:31	JHN.15.7	13
4:31	JHN.16.23-JHN.16.24	13
4:31	ACT.4.29	13
4:31	MAT.18.19-MAT.18.20	11
4:31	JHN.15.16	11
4:31	PHP.1.14	9
4:32	1CO.1.10	46
4:32	EPH.4.2-EPH.4.6	37
4:32	1PE.3.8	26
4:32	JHN.17.21-JHN.17.23	21
4:32	PHP.2.1-PHP.2.2	18
4:32	2CO.13.11	13
4:32	1CO.12.12-1CO.12.14	11
4:32	ACT.2.44-ACT.2.46	9
4:32	JER.32.39	8
4:32	ROM.15.5-ROM.15.6	8
4:32	EZK.11.19-EZK.11.20	7
4:32	ACT.2.1	7
4:32	PHP.1.27	7
4:32	JHN.17.11	6
4:32	ACT.1.14	6
4:32	2CH.30.12	5
4:32	ACT.5.12	4
4:32	ROM.12.5	4
4:32	1PE.4.11	4
4:32	1CH.29.14-1CH.29.16	3
4:32	LUK.16.10-LUK.16.12	3
4:33	JHN.1.16	14
4:33	ACT.1.22	10
4:33	ACT.1.8	8
4:33	MRK.16.20	7
4:33	ACT.4.30	7
4:33	LUK.2.52	6
4:33	ROM.15.18-ROM.15.19	6
4:33	1TH.1.5	6
4:33	ACT.5.12-ACT.5.16	5
4:33	HEB.2.4	5
4:33	LUK.24.48-LUK.24.49	4
4:33	ACT.2.32-ACT.2.33	4
4:33	ACT.2.47	4
4:33	ACT.3.15-ACT.3.16	4
4:34	ACT.2.45	8
4:34	LUK.12.33	6
4:34	LUK.16.9	6
4:34	DEU.2.7	5
4:34	PSA.34.9-PSA.34.10	4
4:34	MAT.19.21	4
4:34	MRK.10.21	4
4:34	LUK.22.35	4
4:34	ACT.4.37-ACT.5.3	3
4:34	1TI.6.19	3
4:34	1TH.4.12	2
4:34	JAS.1.27	2
4:35	ACT.5.2	6
4:35	ACT.2.45	5
4:35	2CO.8.20-2CO.8.21	4
4:35	ACT.4.37	3
4:35	ACT.3.6	2
4:35	ACT.6.1-ACT.6.6	2
4:36	GAL.2.1	5
4:36	GAL.2.9	5
4:36	GAL.2.13	5
4:36	ACT.15.39	4
4:36	ACT.11.22-ACT.11.25	3
4:36	ACT.11.30	3
4:36	ACT.12.25-ACT.13.1	3
4:36	ACT.15.37	3
4:36	ACT.21.16	3
4:36	1CO.9.6	3
4:36	MRK.3.17	2
4:36	ACT.9.27	2
4:36	ACT.11.19-ACT.11.20	2
4:36	ACT.15.2	2
4:36	ACT.15.12	2
4:37	MAT.19.29	3
4:37	ACT.4.34-ACT.4.35	3
4:37	ACT.5.1-ACT.5.2	3
5:1	LEV.10.1-LEV.10.3	9
5:1	2TI.2.20	6
5:1	MAT.13.47-MAT.13.48	4
5:1	JHN.6.37	2
5:2	ACT.4.37	6
5:2	2PE.2.14-2PE.2.15	3
5:2	JOS.7.11-JOS.7.12	2
5:2	2KI.5.21-2KI.5.25	2
5:2	MAL.1.14	2
5:2	MAL.3.8-MAL.3.9	2
5:2	MAT.6.2-MAT.6.3	2
5:2	MAT.23.5	2
5:2	JHN.12.6	2
5:2	ACT.4.34-ACT.4.35	2
5:2	ACT.5.3	2
5:2	PHP.2.3	1
5:2	1TI.6.10	1
5:3	JER.23.24	12
5:3	ISA.29.15	10
5:3	JHN.13.2	6
5:3	JHN.13.27	6
5:3	ACT.5.9	6
5:3	1PE.5.8	6
5:3	JOB.22.13	4
5:3	ECC.5.4	4
5:3	EPH.6.11-EPH.6.16	4
5:3	JAS.4.7	4
5:3	NUM.30.2	3
5:3	DEU.23.21	3
5:3	PSA.94.7-PSA.94.9	3
5:3	LUK.22.3	3
5:3	ACT.5.2	3
5:3	ACT.5.4	3
5:3	GEN.3.13-GEN.3.17	2
5:3	1CH.21.1-1CH.21.3	2
5:3	MAT.4.3-MAT.4.11	2
5:3	ROM.2.21-ROM.2.22	2
5:3	REV.12.9-REV.12.11	2
5:3	1KI.22.21-1KI.22.22	1
5:3	PRO.20.25	1
5:3	HOS.11.12	1
5:3	MAT.13.19	1
5:4	ACT.5.3	7
5:4	JOS.7.25-JOS.7.26	5
5:4	2KI.5.25-2KI.5.27	5
5:4	1CH.29.3	5
5:4	1TH.4.8	5
5:4	LUK.10.16	4
5:4	EXO.35.21-EXO.35.22	3
5:4	PSA.139.4	3
5:4	ISA.59.4	3
5:4	EZK.38.10	3
5:4	ACT.5.9	3
5:4	ACT.8.21-ACT.8.22	3
5:4	EXO.16.8	2
5:4	EXO.35.29	2
5:4	1SA.8.7	2
5:4	1CH.29.5	2
5:4	1CH.29.9	2
5:4	1CH.29.17	2
5:4	PSA.7.14	2
5:4	NUM.16.11	1
5:4	JOB.15.35	1
5:4	1CO.8.8	1
5:4	1CO.9.5-1CO.9.17	1
5:4	PHM.1.14	1
5:4	JAS.1.15	1
5:5	ACT.5.10-ACT.5.11	6
5:5	ACT.2.43	4
5:5	NUM.16.26-NUM.16.34	3
5:5	ACT.5.13	3
5:5	REV.11.5	3
5:5	REV.11.13	3
5:5	LEV.10.3	2
5:5	NUM.17.12-NUM.17.13	2
5:5	DEU.13.11	2
5:5	DEU.21.21	2
5:5	JOS.22.20	2
5:5	1SA.6.19-1SA.6.21	2
5:5	2KI.1.10-2KI.1.14	2
5:5	2KI.2.24	2
5:5	1CH.13.12	2
5:5	1CH.15.13	2
5:5	PSA.64.9	2
5:5	PSA.119.120	2
5:5	JER.5.14	2
5:5	EZK.11.13	2
5:5	ACT.13.11	2
5:5	1CO.4.21	2
5:5	2CO.7.11	2
5:5	2CO.10.2-2CO.10.6	2
5:5	2CO.13.2	2
5:5	2CO.13.10	1
5:6	JHN.19.40	6
5:6	LEV.10.4-LEV.10.6	2
5:6	DEU.21.23	2
5:6	2SA.18.17	2
5:8	ACT.5.2	2
5:9	1CO.10.9	6
5:9	PSA.95.8-PSA.95.11	5
5:9	ACT.5.3-ACT.5.4	5
5:9	PSA.78.56	4
5:9	PSA.78.18-PSA.78.20	3
5:9	PSA.78.40-PSA.78.41	3
5:9	ACT.15.10	3
5:9	GEN.3.9-GEN.3.13	2
5:9	EXO.17.2	2
5:9	EXO.17.7	2
5:9	NUM.14.22	2
5:9	DEU.13.6-DEU.13.8	2
5:9	2KI.6.32	2
5:9	PSA.50.18	2
5:9	PRO.11.21	2
5:9	PRO.16.5	2
5:9	MIC.7.3	2
5:9	MAT.4.7	2
5:9	LUK.16.2	2
5:9	ROM.3.19	2
5:9	ACT.5.6	1
5:9	ACT.23.20-ACT.23.22	1
5:9	ROM.10.15	1
5:10	ACT.5.5	1
5:11	ACT.5.5	9
5:11	1CO.10.11-1CO.10.12	8
5:11	ACT.19.17	7
5:11	HEB.4.1	7
5:11	PHP.2.12	6
5:11	PSA.89.7	5
5:11	HEB.12.15	5
5:11	JER.32.40	4
5:11	HEB.12.28	4
5:11	HEB.11.7	3
5:11	1PE.1.17	3
5:11	REV.15.4	3
5:12	ACT.19.11	10
5:12	2CO.12.12	9
5:12	HEB.2.4	9
5:12	ACT.14.3	8
5:12	ACT.2.42-ACT.2.43	6
5:12	ROM.15.19	6
5:12	JHN.10.23	5
5:12	ACT.3.11	5
5:12	MRK.16.17-MRK.16.18	4
5:12	MRK.16.20	4
5:12	ACT.3.6-ACT.3.7	4
5:12	ACT.4.30	4
5:12	ACT.1.14	3
5:12	ACT.4.32-ACT.4.33	3
5:12	ACT.9.33	3
5:12	ACT.9.40	3
5:12	ACT.14.8-ACT.14.10	3
5:12	ACT.16.18	3
5:12	ACT.2.46	2
5:13	ACT.2.47	5
5:13	ACT.4.21	4
5:13	JHN.12.42	3
5:13	JHN.19.38	3
5:13	ACT.19.17	3
5:13	NUM.17.12-NUM.17.13	2
5:13	NUM.24.8-NUM.24.10	2
5:13	1SA.16.4-1SA.16.5	2
5:13	1KI.17.18	2
5:13	ISA.33.14	2
5:13	LUK.12.1-LUK.12.2	2
5:13	LUK.14.26-LUK.14.35	2
5:13	LUK.19.37-LUK.19.38	2
5:13	LUK.19.48	2
5:13	JHN.9.22	2
5:13	ACT.5.5	2
5:13	2PE.2.20-2PE.2.22	2
5:14	ACT.2.47	5
5:14	ISA.55.11-ISA.55.13	4
5:14	ACT.4.4	4
5:14	EZR.10.1	3
5:14	ACT.2.41	3
5:14	ACT.6.7	3
5:14	ACT.9.31	3
5:14	ACT.9.35	3
5:14	ACT.9.42	3
5:14	EXO.35.22	2
5:14	DEU.29.11-DEU.29.12	2
5:14	DEU.31.11-DEU.31.12	2
5:14	2SA.6.19	2
5:14	NEH.8.2	2
5:14	ISA.44.3-ISA.44.5	2
5:14	ISA.45.24	2
5:14	ACT.8.3	2
5:14	ACT.8.12	2
5:14	ACT.9.2	2
5:14	ACT.22.4	2
5:14	GAL.3.28	2
5:14	1CO.11.11-1CO.11.12	1
5:15	MAT.14.36	9
5:15	ACT.19.11-ACT.19.12	9
5:15	JHN.14.12	8
5:15	MAT.9.21	7
5:16	MRK.16.17-MRK.16.18	4
5:16	MRK.2.3-MRK.2.4	3
5:16	MAT.4.24	2
5:16	MAT.8.16	2
5:16	MAT.15.30-MAT.15.31	2
5:16	MRK.6.54-MRK.6.56	2
5:16	LUK.5.17	2
5:16	LUK.9.11	2
5:16	JHN.14.12	2
5:16	ACT.4.30	2
5:16	JAS.5.16	2
5:16	1CO.12.9	0
5:17	ACT.13.45	6
5:17	ACT.7.9	5
5:17	ACT.17.5	5
5:17	1PE.2.1	4
5:17	1SA.18.12-1SA.18.16	3
5:17	JOB.5.2	3
5:17	PSA.2.1-PSA.2.3	3
5:17	PRO.14.30	3
5:17	PRO.27.4	3
5:17	ECC.4.4	3
5:17	MAT.27.18	3
5:17	JHN.11.47-JHN.11.49	3
5:17	JHN.12.10	3
5:17	JHN.12.19	2
5:17	ACT.4.1-ACT.4.2	2
5:17	ACT.4.6	2
5:17	ACT.4.26	2
5:17	ACT.15.5	2
5:17	ACT.23.6-ACT.23.8	2
5:17	GAL.5.21	2
5:17	JAS.3.14-JAS.3.16	2
5:17	JAS.4.5	2
5:18	ACT.4.3	4
5:18	LUK.21.12	3
5:18	2CO.11.23	3
5:18	ACT.8.3	2
5:18	ACT.12.5-ACT.12.7	2
5:18	ACT.16.23-ACT.16.27	2
5:18	HEB.11.36	2
5:18	REV.2.10	2
5:19	ACT.16.26	11
5:19	PSA.34.7	10
5:19	ACT.12.7-ACT.12.11	6
5:19	PSA.105.17-PSA.105.20	5
5:19	ACT.8.26	5
5:19	ACT.27.23	5
5:19	PSA.146.7	4
5:19	ISA.61.1	4
5:19	MAT.1.20	4
5:19	LUK.1.11	3
5:20	JHN.6.63	12
5:20	JHN.6.68	10
5:20	1JN.5.11-1JN.5.12	8
5:20	MAT.21.23	7
5:20	1JN.1.1-1JN.1.3	7
5:20	JHN.12.50	6
5:20	JHN.17.3	6
5:20	JER.36.10	5
5:20	JHN.18.20	5
5:20	ACT.11.14	5
5:20	ISA.58.1	4
5:20	JER.7.2	4
5:20	JER.19.14-JER.19.15	4
5:20	JER.20.2-JER.20.3	4
5:20	JER.22.1-JER.22.2	4
5:20	JER.26.2	4
5:20	EXO.24.3	3
5:20	JHN.17.8	3
5:21	JHN.8.2	5
5:21	PSA.105.22	2
5:21	MAT.5.22	2
5:21	LUK.21.37-LUK.21.38	2
5:21	LUK.22.66	2
5:21	JHN.18.35	2
5:21	ACT.4.5-ACT.4.7	2
5:21	ACT.5.17	2
5:21	ACT.5.24-ACT.5.25	2
5:21	ACT.5.27	2
5:21	ACT.5.34	2
5:21	ACT.5.41	2
5:21	ACT.12.18-ACT.12.19	2
5:21	ACT.22.2-ACT.22.3	2
5:21	ACT.22.15	2
5:23	PSA.2.4	3
5:23	PSA.33.10	3
5:23	PRO.21.30	2
5:23	LAM.3.37	2
5:23	LAM.3.55-LAM.3.58	2
5:23	DAN.3.11-DAN.3.25	2
5:23	DAN.6.22-DAN.6.24	2
5:23	MAT.27.63-MAT.27.66	2
5:23	MAT.28.12-MAT.28.15	2
5:23	JHN.8.59	2
5:23	ACT.5.19	2
5:24	ACT.4.1	4
5:24	ACT.5.26	4
5:24	ISA.9.7	2
5:24	ISA.53.1-ISA.53.2	2
5:24	DAN.2.34-DAN.2.35	2
5:24	DAN.2.44-DAN.2.45	2
5:24	ZEC.6.12-ZEC.6.13	2
5:24	MRK.4.30-MRK.4.32	2
5:24	LUK.22.4	2
5:24	LUK.22.52	2
5:24	JHN.11.47-JHN.11.48	2
5:24	JHN.12.19	2
5:24	ACT.2.12	2
5:24	ACT.4.16-ACT.4.17	2
5:24	ACT.4.21	2
5:26	ACT.5.13	4
5:26	ACT.4.21	3
5:26	MAT.14.5	2
5:26	MAT.21.26	2
5:26	MAT.26.5	2
5:26	LUK.20.6	2
5:26	LUK.20.19	2
5:26	LUK.22.2	2
5:26	ACT.5.24	2
5:27	MAT.5.22	3
5:27	LUK.22.66	2
5:27	ACT.4.7	2
5:27	ACT.6.12	2
5:27	ACT.22.30-ACT.23.1	2
5:28	MAT.27.25	10
5:28	ACT.4.18-ACT.4.21	6
5:28	ACT.7.52	6
5:28	ACT.4.10-ACT.4.11	5
5:28	JER.26.15	4
5:28	MAT.21.44	4
5:28	1TH.2.15-1TH.2.16	4
5:28	1KI.18.17-1KI.18.18	3
5:28	1KI.21.20	3
5:28	1KI.22.8	3
5:28	JER.38.4	3
5:28	AMO.7.10	3
5:28	MAT.23.35-MAT.23.36	3
5:28	ACT.2.23-ACT.2.36	3
5:28	ACT.3.14-ACT.3.15	3
5:28	ACT.5.40	3
5:29	ACT.4.19	34
5:29	1SA.15.24	32
5:29	MRK.7.7-MRK.7.9	26
5:29	GEN.3.17	23
5:29	REV.14.8-REV.14.12	8
5:30	GAL.3.13	14
5:30	1PE.2.24	12
5:30	ACT.10.39	10
5:30	ACT.13.28-ACT.13.29	7
5:30	ACT.3.13-ACT.3.15	4
5:30	ACT.4.10-ACT.4.11	4
5:30	ACT.2.22-ACT.2.24	3
5:30	1CH.12.17	2
5:30	1CH.29.18	2
5:30	EZR.7.27	2
5:30	LUK.1.55	2
5:30	LUK.1.72	2
5:30	ACT.2.32	2
5:30	ACT.3.26	2
5:30	ACT.13.33	2
5:30	ACT.22.14	2
5:31	LUK.24.47	11
5:31	ACT.2.33	9
5:31	HEB.2.10	8
5:31	LUK.2.11	7
5:31	ACT.11.18	7
5:31	1JN.4.14	6
5:31	REV.1.5	6
5:31	ISA.9.6	5
5:31	TIT.3.4-TIT.3.6	5
5:31	HEB.12.2	5
5:31	MAT.28.18	4
5:31	ACT.3.15	4
5:31	JER.31.31-JER.31.33	3
5:31	EZK.36.25-EZK.36.38	3
5:31	ZEC.12.10	3
5:31	MAT.1.21	3
5:31	ACT.2.38	3
5:31	2TI.2.25-2TI.2.26	3
5:31	2PE.1.11	3
5:31	JUD.1.25	3
5:31	PSA.2.6-PSA.2.12	2
5:31	PSA.89.19	2
5:31	PSA.89.24	2
5:31	PSA.110.1-PSA.110.2	2
5:31	ISA.43.3	2
5:31	ISA.43.11	2
5:31	ISA.45.21	2
5:31	ISA.49.26	2
5:31	EZK.17.24	2
5:31	EZK.34.24	2
5:31	EZK.37.25	2
5:31	DAN.9.25	2
5:31	DAN.10.21	2
5:31	MRK.2.10	2
5:31	MRK.4.12	2
5:31	JHN.20.21-JHN.20.23	2
5:31	ACT.2.36	2
5:31	ACT.3.19	2
5:31	ACT.3.26	2
5:31	ACT.4.11	2
5:31	ACT.13.23	2
5:31	ACT.13.38-ACT.13.39	2
5:31	ROM.11.26-ROM.11.27	2
5:31	2CO.2.10	2
5:31	EPH.1.7	2
5:31	EPH.1.20-EPH.1.23	2
5:31	PHP.2.9-PHP.2.11	2
5:31	PHP.3.20	2
5:31	COL.1.14	2
5:31	1PE.3.22	2
5:31	2PE.1.1	2
5:31	TIT.1.4	1
5:31	TIT.2.10	1
5:31	TIT.2.13	1
5:31	2PE.2.20	1
5:31	2PE.3.18	1
5:32	JHN.15.26-JHN.15.27	10
5:32	HEB.2.3-HEB.2.4	8
5:32	ACT.1.8	6
5:32	LUK.24.47-LUK.24.48	5
5:32	JHN.16.7-JHN.16.14	4
5:32	ACT.5.29	4
5:32	ACT.10.39-ACT.10.41	4
5:32	ACT.13.31	4
5:32	1PE.1.12	4
5:32	JHN.7.39	3
5:32	ACT.2.4	3
5:32	ACT.10.44	3
5:32	ACT.15.28	3
5:32	ACT.2.32	2
5:32	ACT.2.38-ACT.2.39	2
5:32	2CO.13.1	2
5:33	ACT.7.54	6
5:33	LUK.4.28-LUK.4.29	5
5:33	ACT.2.37	5
5:33	MAT.24.9	4
5:33	JHN.16.2	4
5:33	GEN.4.5-GEN.4.8	3
5:33	PSA.37.12-PSA.37.15	3
5:33	MAT.10.21	3
5:33	MAT.10.25	3
5:33	MAT.23.34-MAT.23.35	3
5:33	LUK.11.50-LUK.11.54	3
5:33	PSA.37.32-PSA.37.33	2
5:33	PSA.64.2-PSA.64.8	2
5:33	LUK.6.11	2
5:33	LUK.19.45-LUK.19.48	2
5:33	LUK.20.19	2
5:33	JHN.15.20	2
5:33	ACT.9.23	2
5:33	ACT.22.22	2
5:34	ACT.22.3	7
5:34	LUK.2.46	5
5:34	LUK.5.17	4
5:34	PSA.76.10	2
5:34	JHN.7.50-JHN.7.53	2
5:34	ACT.23.7-ACT.23.9	2
5:34	ACT.4.15	1
5:35	JER.26.19	3
5:35	MAT.27.19	3
5:35	ACT.19.36	3
5:35	ACT.22.26	3
5:36	ACT.8.9	5
5:36	2PE.2.2	4
5:36	MAT.24.24	3
5:36	ACT.21.38	3
5:36	GAL.2.6	3
5:36	GAL.6.3	3
5:36	2TH.2.3-2TH.2.7	3
5:36	JUD.1.16	3
5:36	REV.17.3	3
5:36	REV.17.5	3
5:36	MAT.24.26	2
5:36	2PE.2.18	2
5:37	LUK.2.1-LUK.2.2	4
5:37	JOB.20.5-JOB.20.9	2
5:37	PSA.7.14-PSA.7.15	2
5:37	PSA.9.15-PSA.9.16	2
5:37	MAT.26.52	2
5:37	LUK.13.1-LUK.13.2	2
5:38	MAT.15.13	11
5:38	LAM.3.37	8
5:38	ISA.8.9-ISA.8.10	6
5:38	JOB.5.12-JOB.5.14	5
5:38	PSA.33.10-PSA.33.11	4
5:38	PRO.21.30	4
5:38	ISA.7.5-ISA.7.7	4
5:38	NEH.4.15	3
5:38	ISA.14.25	3
5:38	JHN.11.48	3
5:38	1CO.1.26-1CO.1.28	3
5:38	1CO.3.19	3
5:38	ACT.5.35	1
5:39	PRO.21.30	25
5:39	ISA.46.10	18
5:39	MAT.16.18	16
5:39	ACT.7.51	13
5:39	ACT.11.17	13
5:39	1CO.1.25	13
5:39	LUK.21.15	12
5:39	ACT.6.10	12
5:39	ACT.9.5	12
5:39	JOB.34.29	10
5:39	ISA.43.13	10
5:39	REV.17.12-REV.17.14	10
5:39	DAN.4.35	9
5:39	EXO.10.3-EXO.10.7	8
5:39	JOB.15.25-JOB.15.27	8
5:39	JOB.40.9-JOB.40.14	8
5:39	ACT.23.9	8
5:39	1CO.10.22	7
5:39	2SA.5.2	6
5:39	1KI.12.24	6
5:39	2KI.19.22	6
5:39	ISA.45.9	6
5:39	GEN.24.50	5
5:40	MAT.10.17	5
5:40	PRO.12.10	3
5:40	MRK.13.9	3
5:40	JHN.19.1-JHN.19.4	3
5:40	ACT.4.17-ACT.4.21	3
5:40	ACT.5.28	3
5:40	2CO.11.24	3
5:40	ISA.30.10	2
5:40	AMO.2.12	2
5:40	MIC.2.6	2
5:40	MAT.23.34	2
5:40	LUK.20.10	2
5:41	JAS.1.2	20
5:41	1PE.4.13-1PE.4.16	19
5:41	LUK.6.22	14
5:41	PHP.1.29	13
5:41	JHN.15.21	12
5:41	MAT.5.10-MAT.5.12	10
5:41	ISA.66.5	9
5:41	2CO.12.10	9
5:41	HEB.12.2	8
5:41	ROM.5.3	7
5:41	HEB.10.34	6
5:41	ISA.65.14	5
5:41	ACT.16.23-ACT.16.25	5
5:41	ISA.61.10	4
5:42	ACT.2.46	11
5:42	ACT.20.20	8
5:42	LUK.21.37	7
5:42	ACT.8.35	6
5:42	ACT.9.20	6
5:42	ACT.17.3	5
5:42	2TI.4.2	5
5:42	ROM.1.15-ROM.1.16	4
5:42	EPH.4.20-EPH.4.21	4
5:42	ACT.4.20	3
5:42	ACT.4.29	3
5:42	ACT.8.5	3
5:42	1CO.2.2	3
5:42	2SA.6.22	2
5:42	LUK.22.53	2
5:42	ACT.3.1-ACT.3.10	2
5:42	ACT.5.20-ACT.5.21	2
5:42	ACT.11.20	2
5:42	ACT.17.18	2
5:42	GAL.6.14	2
6:1	ACT.2.41	7
6:1	ACT.4.35	7
6:1	JAS.5.9	7
6:1	ACT.2.47	6
6:1	ACT.6.7	6
6:1	ACT.9.39	6
6:1	HEB.13.1	5
6:1	MAT.23.13	4
6:1	ACT.2.45	4
6:1	ACT.4.4	4
6:1	ACT.5.14	4
6:1	ACT.9.41	4
6:1	ACT.11.20	4
6:1	PHP.3.5	4
6:1	PSA.72.16	3
6:1	ISA.1.17	3
6:1	ISA.27.6	3
6:1	JER.30.19	3
6:1	ACT.9.29	3
6:1	2CO.11.22	3
6:1	DEU.24.19-DEU.24.21	2
6:1	DEU.26.12	2
6:1	JOB.29.13	2
6:1	JOB.31.16	2
6:1	PSA.110.3	2
6:1	EZK.22.7	2
6:1	MAL.3.5	2
6:1	ACT.5.28	2
6:1	1CO.10.10	2
6:1	1TI.5.4-1TI.5.5	2
6:1	1TI.5.9	2
6:1	JAS.1.27	2
6:1	JAS.4.5	2
6:2	DEU.1.9-DEU.1.14	15
6:2	EXO.18.17-EXO.18.26	13
6:2	2TI.2.4	8
6:2	NEH.6.3	5
6:2	NUM.11.11-NUM.11.13	2
6:2	ACT.4.19	1
6:2	ACT.21.22	1
6:2	ACT.25.27	1
6:3	1TI.3.7-1TI.3.15	15
6:3	DEU.1.13	9
6:3	JAS.3.17-JAS.3.18	9
6:3	NUM.27.18-NUM.27.19	7
6:3	1TI.5.10	7
6:3	ACT.13.2-ACT.13.3	6
6:3	GEN.41.38-GEN.41.39	5
6:3	NUM.11.16-NUM.11.25	5
6:3	3JN.1.12	5
6:3	JOB.32.7-JOB.32.8	4
6:3	ISA.11.2-ISA.11.5	4
6:3	ISA.28.6	4
6:3	ISA.28.26	4
6:3	MAT.23.8	4
6:3	ACT.1.21	4
6:3	ACT.2.4	4
6:3	ACT.6.6	4
6:3	ACT.10.22	4
6:3	ACT.22.12	4
6:3	1CO.16.3	4
6:3	2CO.8.19-2CO.8.21	4
6:3	EPH.5.18	4
6:3	JAS.1.17	4
6:3	1JN.3.14-1JN.3.16	4
6:3	1CO.12.8	3
6:3	ACT.9.30	2
6:3	ACT.15.23	2
6:3	ACT.16.2	2
6:4	ACT.1.14	15
6:4	1TI.4.13-1TI.4.16	11
6:4	PHP.1.9-PHP.1.11	6
6:4	ACT.2.42	5
6:4	2TI.4.2	4
6:4	ACT.13.2-ACT.13.3	3
6:4	ROM.1.9	3
6:4	EPH.3.14-EPH.3.21	3
6:4	COL.1.9-COL.1.13	3
6:4	ACT.20.19-ACT.20.31	2
6:4	ROM.12.6-ROM.12.8	2
6:4	1CO.9.16	2
6:4	EPH.1.15-EPH.1.17	2
6:4	PHP.1.4	2
6:4	COL.2.1	2
6:4	COL.4.17	2
6:4	COL.4.12	1
6:5	ACT.11.24	7
6:5	ACT.21.8	6
6:5	ACT.8.5-ACT.8.40	5
6:5	ACT.6.3	4
6:5	ACT.6.8	4
6:5	ACT.7.1-ACT.8.2	4
6:5	PRO.15.23	3
6:5	ACT.6.10	3
6:5	ACT.11.19	3
6:5	ACT.13.1	3
6:5	GEN.41.37	2
6:5	PRO.15.1	2
6:5	PRO.25.11-PRO.25.12	2
6:5	MIC.3.8	2
6:5	MAT.23.15	2
6:5	ACT.15.22	2
6:5	REV.2.6	2
6:5	REV.2.15	2
6:6	NUM.8.10	8
6:6	2TI.1.6	8
6:6	ACT.1.24	6
6:6	ACT.8.17	5
6:6	1TI.4.14	5
6:6	ACT.9.17	4
6:6	ACT.13.3	4
6:6	1TI.5.22	3
6:6	HEB.6.2	2
6:7	ACT.19.20	20
6:7	ACT.12.24	18
6:7	COL.1.6	10
6:7	HEB.5.9	5
6:7	ROM.16.26	4
6:7	JHN.12.42	3
6:7	ACT.14.22	3
6:7	ROM.1.5	3
6:7	PSA.132.16	2
6:7	MAT.19.30	2
6:7	LUK.2.34	2
6:7	ACT.13.8	2
6:7	ACT.21.20	2
6:7	HEB.11.8	2
6:7	2CH.29.34	1
6:7	2CH.30.24	1
6:7	PSA.132.9	1
6:7	2TH.1.8	1
6:7	2TI.2.9	1
6:8	ACT.4.29-ACT.4.30	10
6:8	ACT.6.5	8
6:8	ACT.7.55	8
6:8	ACT.6.10	7
6:8	1TI.3.13	7
6:8	ACT.2.17-ACT.2.18	6
6:8	ACT.6.15	6
6:8	ACT.6.3	5
6:8	ACT.8.6	5
6:8	JHN.4.48	4
6:8	EPH.4.11	3
6:9	MAT.27.32	4
6:9	ACT.15.23	4
6:9	ACT.15.41	4
6:9	ACT.22.3	4
6:9	ACT.23.34	4
6:9	MAT.10.17	3
6:9	MRK.13.9	3
6:9	LUK.21.12	3
6:9	ACT.2.9-ACT.2.10	3
6:9	ACT.16.6	3
6:9	ACT.18.24	3
6:9	ACT.19.10	3
6:9	ACT.21.27	3
6:9	GAL.1.21	3
6:9	MAT.23.34	2
6:9	ACT.11.20	2
6:9	ACT.13.1	2
6:9	ACT.13.45	2
6:9	ACT.17.17-ACT.17.18	2
6:9	ACT.19.26	2
6:9	ACT.21.39	2
6:9	ACT.22.19	2
6:9	ACT.26.11	2
6:9	ACT.27.5-ACT.27.6	2
6:9	1CO.1.20	2
6:10	LUK.21.15	17
6:10	MAT.10.19-MAT.10.20	11
6:10	1CO.2.4	11
6:10	LUK.12.11-LUK.12.12	9
6:10	JHN.7.46	9
6:10	JOB.32.8	8
6:10	EXO.4.12	7
6:10	EZK.3.27	5
6:10	LUK.1.17	5
6:10	JOB.32.18	4
6:10	ACT.5.39	4
6:10	ACT.7.51	4
6:10	ISA.54.17	3
6:10	JER.1.18-JER.1.19	3
6:10	JER.15.20	3
6:10	MIC.3.8	3
6:11	MAT.26.59-MAT.26.60	7
6:11	1KI.21.10-1KI.21.13	3
6:11	MAT.28.12-MAT.28.15	2
6:11	JHN.1.17	2
6:11	JHN.5.45-JHN.5.47	2
6:11	JHN.9.29	2
6:11	JHN.16.3	2
6:11	ACT.6.13	2
6:11	ACT.7.37-ACT.7.39	2
6:11	ACT.15.21	2
6:11	ACT.18.6	2
6:11	ACT.21.20-ACT.21.22	2
6:11	ACT.21.28	2
6:11	ACT.23.12-ACT.23.15	2
6:11	ACT.24.1-ACT.24.13	2
6:11	ACT.25.3	2
6:11	ACT.25.7	2
6:11	ROM.3.8	2
6:11	1TI.1.13	2
6:11	HEB.3.2-HEB.3.5	2
6:11	LEV.24.16	1
6:11	JHN.10.33-JHN.10.36	1
6:11	ACT.26.11	1
6:12	PRO.15.18	6
6:12	ACT.14.2	5
6:12	MAT.26.57	3
6:12	MAT.5.22	2
6:12	ACT.4.1-ACT.4.3	2
6:12	ACT.5.18	2
6:12	ACT.5.27	2
6:12	ACT.13.50	2
6:12	ACT.16.19-ACT.16.21	2
6:12	ACT.17.5-ACT.17.6	2
6:12	ACT.17.13	2
6:12	ACT.21.27	2
6:12	ACT.18.12	1
6:13	ACT.6.11	4
6:13	ACT.21.28	3
6:13	PSA.27.12	2
6:13	PSA.35.11	2
6:13	PSA.56.5	2
6:13	MAT.24.15	2
6:13	ACT.7.58	2
6:13	ACT.25.8	2
6:14	DAN.9.26	6
6:14	ACT.21.21	6
6:14	HEB.12.26-HEB.12.28	6
6:14	ACT.15.1	5
6:14	LUK.21.6	4
6:14	JHN.4.21	4
6:14	ACT.28.17	4
6:14	GAL.3.19	4
6:14	GAL.3.23	4
6:14	GAL.4.3-GAL.4.5	4
6:14	HEB.8.6-HEB.8.13	4
6:14	HEB.9.9-HEB.9.11	4
6:14	HEB.10.1-HEB.10.18	4
6:14	ISA.66.1-ISA.66.6	3
6:14	JER.7.4-JER.7.14	3
6:14	ZEC.14.2	3
6:14	LUK.13.34-LUK.13.35	3
6:14	LUK.21.24	3
6:14	ACT.25.8	3
6:14	ACT.26.3	3
6:14	HEB.7.11-HEB.7.19	3
6:14	ISA.65.15	2
6:14	ISA.66.19-ISA.66.21	2
6:14	JER.26.6-JER.26.9	2
6:14	JER.26.12	2
6:14	JER.26.18	2
6:14	HOS.3.4	2
6:14	MIC.3.12	2
6:14	ZEC.11.1	2
6:14	MAT.24.1-MAT.24.2	2
6:14	MAT.26.61	2
6:14	MRK.14.58	2
6:15	MAT.13.43	16
6:15	ECC.8.1	9
6:15	EXO.34.29-EXO.34.35	6
6:15	MAT.17.2	5
6:15	2CO.3.18	4
6:15	2CO.3.7-2CO.3.8	3
7:1	JHN.18.19-JHN.18.21	3
7:1	MAT.26.61-MAT.26.62	2
7:1	MRK.14.58-MRK.14.60	1
7:1	JHN.18.33-JHN.18.35	1
7:1	ACT.6.13-ACT.6.14	1
7:2	ACT.22.1	8
7:2	GEN.11.31	7
7:2	PSA.29.3	5
7:2	NEH.9.7	4
7:2	JHN.1.14	4
7:2	HEB.1.3	4
7:2	GEN.15.7	3
7:2	GEN.12.1	2
7:2	GEN.12.5	2
7:2	GEN.29.4	2
7:2	JOS.24.2	2
7:2	PSA.24.7	2
7:2	PSA.24.10	2
7:2	ISA.6.3	2
7:2	ISA.51.2	2
7:2	MAT.6.13	2
7:2	JHN.12.41	2
7:2	ACT.23.7	2
7:2	1CO.2.8	2
7:2	TIT.2.13	2
7:2	REV.4.11	2
7:2	LUK.2.14	1
7:2	2CO.4.4-2CO.4.6	1
7:2	REV.5.12-REV.5.13	1
7:3	GEN.12.1	7
7:3	HEB.11.8	4
7:3	GEN.15.7	3
7:3	JOS.24.3	3
7:3	NEH.9.8	2
7:3	MAT.10.37	2
7:3	LUK.14.33	2
7:3	2CO.6.17	2
7:3	GEN.13.14-GEN.13.17	1
7:4	GEN.12.4-GEN.12.5	7
7:4	GEN.11.31-GEN.11.32	3
7:4	ISA.41.2	2
7:4	ISA.41.9	2
7:5	GEN.17.8	7
7:5	GEN.12.7	6
7:5	GEN.13.15	5
7:5	GEN.15.18	5
7:5	GEN.26.3	4
7:5	GEN.15.2-GEN.15.5	2
7:5	GEN.16.2	2
7:5	GEN.17.16-GEN.17.19	2
7:5	GEN.23.4	2
7:5	GEN.28.13-GEN.28.15	2
7:5	EXO.6.7-EXO.6.8	2
7:5	DEU.2.5	2
7:5	DEU.6.10-DEU.6.11	2
7:5	DEU.9.5	2
7:5	DEU.10.11	2
7:5	DEU.11.9	2
7:5	DEU.34.4	2
7:5	NEH.9.8	2
7:5	PSA.105.8-PSA.105.12	2
7:5	HEB.11.9-HEB.11.10	2
7:5	HEB.11.13-HEB.11.16	2
7:6	GEN.15.13	9
7:6	EXO.12.40-EXO.12.41	5
7:6	GAL.3.17	4
7:6	GEN.15.16	3
7:7	EXO.3.12	7
7:7	PSA.105.27-PSA.105.36	3
7:7	GEN.15.14-GEN.15.16	2
7:7	EXO.7.1-EXO.7.14	2
7:7	NEH.9.9-NEH.9.11	2
7:7	PSA.74.12-PSA.74.14	2
7:7	PSA.78.43-PSA.78.51	2
7:7	PSA.135.8-PSA.135.9	2
7:7	PSA.136.10-PSA.136.15	2
7:7	ISA.51.9-ISA.51.10	1
7:8	GEN.17.9-GEN.17.14	4
7:8	GEN.35.23-GEN.35.26	4
7:8	GEN.21.1-GEN.21.4	2
7:8	GEN.25.21-GEN.25.26	2
7:8	GEN.29.31-GEN.30.24	2
7:8	GEN.35.16	2
7:8	GEN.35.18	2
7:8	EXO.1.1-EXO.1.4	2
7:8	1CH.1.34	2
7:8	1CH.2.1-1CH.2.2	2
7:8	MAT.1.2	2
7:8	JHN.7.22	2
7:8	ACT.2.29	2
7:8	ROM.4.10	2
7:8	ROM.9.9-ROM.9.13	2
7:8	GAL.3.15	2
7:8	GAL.3.17	2
7:8	HEB.7.4	2
7:9	GEN.39.2	16
7:9	PSA.105.17	13
7:9	ISA.43.2	10
7:9	GEN.45.4	9
7:9	ISA.41.10	9
7:9	GEN.37.18-GEN.37.29	8
7:9	GEN.39.5	8
7:9	GEN.39.21-GEN.39.23	8
7:9	GEN.49.23-GEN.49.24	8
7:9	MAT.27.18	8
7:9	GEN.37.4-GEN.37.11	6
7:9	GEN.50.15-GEN.50.20	5
7:10	PRO.3.4	11
7:10	2TI.4.18	11
7:10	GEN.48.16	10
7:10	PRO.2.6	10
7:10	PSA.22.24	9
7:10	GEN.42.6	7
7:10	PSA.34.17-PSA.34.19	7
7:10	GEN.41.12-GEN.41.46	6
7:10	PSA.37.40	6
7:10	PSA.40.1-PSA.40.3	6
7:10	PSA.105.19-PSA.105.22	6
7:10	REV.7.14	6
7:10	GEN.45.8-GEN.45.9	5
7:10	PRO.16.7	5
7:10	JAS.5.11	5
7:10	GEN.44.18	3
7:11	GEN.41.54-GEN.41.57	4
7:11	GEN.42.5	3
7:11	GEN.43.1	3
7:11	GEN.45.5-GEN.45.6	3
7:11	GEN.45.11	3
7:11	GEN.47.13-GEN.47.15	3
7:11	PSA.105.16	3
7:12	GEN.42.1-GEN.42.24	2
7:12	GEN.43.2	1
7:13	GEN.45.1-GEN.45.18	2
7:13	GEN.46.31-GEN.47.10	2
7:14	GEN.46.26-GEN.46.27	5
7:14	DEU.10.22	5
7:14	EXO.1.5	4
7:14	GEN.45.9-GEN.45.11	2
7:14	GEN.46.12	2
7:14	1CH.2.5-1CH.2.6	2
7:14	PSA.105.23	2
7:15	GEN.49.33	5
7:15	EXO.1.6	5
7:15	GEN.46.3-GEN.46.7	4
7:15	NUM.20.15	2
7:15	DEU.10.22	2
7:15	DEU.26.5	2
7:15	JOS.24.4	2
7:15	HEB.11.21-HEB.11.22	2
7:16	JOS.24.32	8
7:16	GEN.23.16	5
7:16	EXO.13.19	4
7:16	GEN.33.9-GEN.33.20	3
7:16	GEN.34.2-GEN.34.31	3
7:16	GEN.49.29-GEN.49.32	3
7:16	GEN.50.13	3
7:16	GEN.35.19	1
7:17	EXO.1.7-EXO.1.12	4
7:17	GEN.15.13-GEN.15.16	3
7:17	PSA.105.24-PSA.105.25	3
7:17	ACT.7.6	3
7:17	ACT.13.17	3
7:17	EXO.1.20	2
7:17	2PE.3.8-2PE.3.9	2
7:18	EXO.1.8	7
7:19	PSA.105.25	4
7:19	EXO.1.9-EXO.1.22	3
7:19	PSA.83.4-PSA.83.5	2
7:19	REV.12.4-REV.12.5	2
7:19	PSA.129.1-PSA.129.3	1
7:20	HEB.11.23	7
7:20	EXO.2.2-EXO.2.10	3
7:20	1SA.16.12	2
7:21	HEB.11.24	3
7:21	EXO.2.2-EXO.2.10	2
7:21	DEU.32.26	2
7:22	ISA.19.11	4
7:22	2CH.9.22	3
7:22	DAN.1.4	3
7:22	DAN.1.17-DAN.1.20	3
7:22	LUK.24.19	3
7:22	1KI.4.29-1KI.4.30	2
7:23	EXO.2.11-EXO.2.12	4
7:23	PRO.21.1	3
7:23	PHP.2.12-PHP.2.13	3
7:23	HEB.11.24-HEB.11.26	3
7:23	EZR.7.27	2
7:23	JAS.1.17	2
7:23	REV.17.17	2
7:23	EXO.4.18	1
7:23	EXO.35.21	1
7:23	EXO.35.29	1
7:23	2CH.30.12	1
7:23	EZR.1.1	1
7:23	EZR.1.5	1
7:23	1CH.29.17-1CH.29.19	0
7:23	ACT.15.36	0
7:23	2CO.8.16	0
7:24	JHN.18.10-JHN.18.11	4
7:24	JHN.18.25-JHN.18.27	3
7:24	ACT.7.28	3
7:25	LUK.9.45	3
7:25	LUK.18.34	3
7:25	1CO.15.10	3
7:25	2CO.6.1	3
7:25	1SA.14.45	2
7:25	1SA.19.5	2
7:25	2KI.5.1	2
7:25	PSA.106.7	2
7:25	MRK.9.32	2
7:25	ACT.14.27	2
7:25	ACT.15.4	2
7:25	ACT.15.7	2
7:25	ACT.21.19	2
7:25	ROM.15.18	2
7:25	1CO.3.9	2
7:25	COL.1.29	2
7:26	EXO.2.13-EXO.2.15	4
7:26	1JN.3.11-1JN.3.15	3
7:26	GEN.13.8	2
7:26	GEN.45.24	2
7:26	PSA.133.1	2
7:26	PRO.18.19	2
7:26	JHN.15.17-JHN.15.18	2
7:26	1CO.6.6-1CO.6.8	2
7:26	PHP.2.1	2
7:26	PHP.2.3	2
7:27	LUK.12.14	4
7:27	PRO.9.7-PRO.9.8	3
7:27	ACT.7.35	3
7:27	GEN.19.19	2
7:27	1SA.25.14-1SA.25.15	2
7:27	MAT.21.23	2
7:27	JHN.18.36-JHN.18.37	2
7:27	JHN.19.12-JHN.19.15	2
7:27	ACT.3.13-ACT.3.15	2
7:27	ACT.4.7	2
7:27	ACT.4.11-ACT.4.12	2
7:27	ACT.5.33	2
7:27	ACT.7.39	2
7:27	ACT.7.54	2
7:29	EXO.18.2-EXO.18.4	3
7:29	EXO.2.14-EXO.2.22	2
7:29	EXO.4.19-EXO.4.20	2
7:30	EXO.3.1-EXO.3.2	9
7:30	ISA.43.2	5
7:30	ACT.7.35	5
7:30	EXO.3.6	4
7:30	ISA.63.9	4
7:30	ACT.7.32	4
7:30	GEN.22.15-GEN.22.18	3
7:30	GEN.48.15-GEN.48.16	3
7:30	EXO.7.7	3
7:30	DEU.4.20	3
7:30	PSA.66.12	3
7:30	DAN.3.27	3
7:30	MRK.12.26	3
7:30	ACT.7.17	3
7:30	GEN.16.7-GEN.16.13	2
7:30	GEN.32.24-GEN.32.30	2
7:30	EXO.19.1-EXO.19.2	2
7:30	DEU.33.16	2
7:30	HOS.12.3-HOS.12.5	2
7:30	MAL.3.1	2
7:30	LUK.20.37	2
7:30	GAL.4.25	2
7:30	1KI.19.8	1
7:31	EXO.3.3-EXO.3.4	3
7:32	EXO.3.6	8
7:32	MAT.22.32	3
7:32	GEN.28.13-GEN.28.17	2
7:32	GEN.50.24	2
7:32	EXO.3.15	2
7:32	EXO.4.5	2
7:32	EXO.33.20	2
7:32	1KI.19.13	2
7:32	JOB.4.14	2
7:32	JOB.37.1-JOB.37.2	2
7:32	JOB.42.5-JOB.42.6	2
7:32	PSA.89.7	2
7:32	ISA.6.1-ISA.6.5	2
7:32	DAN.10.7-DAN.10.8	2
7:32	MAT.17.6	2
7:32	LUK.5.8	2
7:32	ACT.3.13	2
7:32	ACT.9.4-ACT.9.6	2
7:32	HEB.11.16	2
7:32	REV.1.17	2
7:33	EXO.3.5	9
7:33	JOS.5.15	8
7:33	ECC.5.1	4
7:33	2PE.1.18	4
7:34	EXO.3.7-EXO.3.10	14
7:34	EXO.4.31	7
7:34	NEH.9.9	7
7:34	PSA.106.44	7
7:34	EXO.2.23-EXO.2.25	5
7:34	EXO.3.14	5
7:34	JHN.6.38	5
7:34	ISA.63.8-ISA.63.9	3
7:34	HOS.12.13	3
7:34	GEN.18.21	2
7:34	EXO.6.5-EXO.6.6	2
7:34	NUM.11.17	2
7:34	JDG.2.18	2
7:34	JDG.10.15-JDG.10.16	2
7:34	PSA.105.26	2
7:34	PSA.144.5	2
7:34	ISA.64.1	2
7:34	MIC.6.4	2
7:34	JHN.3.13	2
7:34	GEN.11.5	1
7:34	GEN.11.7	1
7:35	PSA.118.22-PSA.118.23	5
7:35	LUK.19.14	5
7:35	NUM.20.16	4
7:35	PSA.75.7	4
7:35	PSA.113.7-PSA.113.8	4
7:35	EXO.14.19	3
7:35	EXO.14.24	2
7:35	EXO.23.20-EXO.23.23	2
7:35	EXO.32.34	2
7:35	EXO.33.2	2
7:35	EXO.33.12-EXO.33.15	2
7:35	1SA.8.7-1SA.8.8	2
7:35	1SA.10.27	2
7:35	1SA.12.8	2
7:35	NEH.9.10-NEH.9.14	2
7:35	PSA.77.20	2
7:35	ISA.63.9	2
7:35	ISA.63.11-ISA.63.12	2
7:35	JHN.18.40	2
7:35	JHN.19.15	2
7:35	ACT.2.36	2
7:35	ACT.3.22	2
7:35	ACT.5.31	2
7:35	ACT.7.9-ACT.7.15	2
7:35	ACT.7.30	2
7:35	ACT.7.51	2
7:35	COL.1.15	2
7:35	HEB.2.2	2
7:35	REV.15.3	2
7:35	ACT.7.27-ACT.7.28	1
7:36	EXO.12.41	7
7:36	EXO.14.21	7
7:36	EXO.33.1	6
7:36	EXO.7.1-EXO.7.14	4
7:36	EXO.14.27-EXO.14.29	4
7:36	EXO.16.35	4
7:36	PSA.78.12-PSA.78.33	4
7:36	EXO.15.23-EXO.15.25	3
7:36	EXO.16.1-EXO.16.17	3
7:36	EXO.19.1-EXO.19.20	3
7:36	NUM.11.1-NUM.11.35	3
7:36	NUM.14.1-NUM.14.45	3
7:36	NUM.16.1-NUM.16.17	3
7:36	NUM.20.1-NUM.20.21	3
7:36	DEU.2.25-DEU.2.37	3
7:36	DEU.4.33-DEU.4.37	3
7:36	DEU.6.21-DEU.6.22	3
7:36	DEU.8.4	3
7:36	NEH.9.10	3
7:36	NEH.9.12-NEH.9.15	3
7:36	NEH.9.18-NEH.9.22	3
7:36	PSA.78.42-PSA.78.51	3
7:36	PSA.95.10	3
7:36	PSA.105.27-PSA.105.36	3
7:36	PSA.105.39-PSA.105.45	3
7:36	PSA.106.8-PSA.106.11	3
7:36	PSA.106.17-PSA.106.18	3
7:36	PSA.135.8-PSA.135.12	3
7:36	PSA.136.9-PSA.136.21	3
7:36	ACT.7.42	3
7:36	ACT.13.18	3
7:36	HEB.8.9	3
7:36	NUM.9.15-NUM.9.23	2
7:37	DEU.18.15-DEU.18.19	22
7:37	ACT.3.22-ACT.3.23	14
7:37	JHN.18.37	6
7:37	MAT.17.3-MAT.17.5	5
7:37	ACT.7.38	5
7:37	MRK.9.7	4
7:37	LUK.9.30-LUK.9.31	4
7:37	LUK.9.35	4
7:37	JHN.8.46-JHN.8.47	3
7:37	2CH.28.22	1
7:37	DAN.6.13	1
7:38	ROM.3.2	9
7:38	HEB.5.12	6
7:38	DEU.33.4	5
7:38	JHN.1.17	5
7:38	ACT.7.53	5
7:38	1PE.4.11	5
7:38	DEU.5.27-DEU.5.31	3
7:38	DEU.6.1-DEU.6.3	3
7:38	DEU.32.46-DEU.32.47	3
7:38	ISA.63.9	3
7:38	EXO.19.3-EXO.19.17	2
7:38	EXO.20.19-EXO.20.20	2
7:38	EXO.21.1-EXO.21.11	2
7:38	NUM.16.3-NUM.16.35	2
7:38	NUM.16.41-NUM.16.42	2
7:38	DEU.30.19-DEU.30.20	2
7:38	NEH.9.13-NEH.9.14	2
7:38	PSA.78.5-PSA.78.9	2
7:38	JHN.6.63	2
7:38	ACT.7.30	2
7:38	ACT.7.35	2
7:38	ROM.9.4	2
7:38	ROM.10.6-ROM.10.10	2
7:38	GAL.3.19	2
7:38	HEB.2.2	2
7:38	HEB.4.12	2
7:39	NUM.14.3-NUM.14.4	8
7:39	NUM.11.5	7
7:39	NEH.9.16-NEH.9.17	4
7:39	EXO.16.3	3
7:39	EZK.20.6-EZK.20.14	3
7:39	ACT.7.51-ACT.7.52	3
7:39	EXO.14.11-EXO.14.12	2
7:39	EXO.17.3	2
7:39	NUM.21.5	2
7:39	JDG.11.2	2
7:39	1KI.2.27	2
7:39	PSA.106.32-PSA.106.33	2
7:39	ACT.7.27	1
7:39	PSA.106.16	0
7:40	EXO.32.1	7
7:40	EXO.32.23	3
7:41	PSA.106.19-PSA.106.21	5
7:41	NEH.9.18	4
7:41	HOS.9.1	3
7:41	HOS.9.10	3
7:41	HAB.2.18-HAB.2.20	3
7:41	REV.9.20	3
7:41	EXO.32.2-EXO.32.8	2
7:41	EXO.32.17-EXO.32.20	2
7:41	DEU.9.12-DEU.9.18	2
7:41	ISA.2.8-ISA.2.9	2
7:41	ISA.44.9-ISA.44.20	2
7:42	AMO.5.25-AMO.5.26	29
7:42	EZK.20.39	11
7:42	JER.19.13	10
7:42	PSA.81.11-PSA.81.12	9
7:42	DEU.4.19	8
7:42	JOB.31.26-JOB.31.28	8
7:42	ISA.63.10	8
7:42	ROM.1.24-ROM.1.28	8
7:42	HEB.3.15-HEB.3.17	8
7:42	JOS.24.20	6
7:42	ISA.66.4	6
7:42	EZK.8.16	6
7:42	HOS.4.17	6
7:42	ACT.7.36	6
7:42	2TH.2.10-2TH.2.12	6
7:42	DEU.17.3	5
7:42	2KI.17.16	5
7:42	2KI.21.3	5
7:42	PSA.95.10	5
7:42	EZK.14.7-EZK.14.10	5
7:42	EZK.20.25	5
7:42	ISA.43.23	4
7:42	HEB.3.9	3
7:43	AMO.5.26-AMO.5.27	17
7:43	EXO.20.4-EXO.20.5	7
7:43	DEU.5.8-DEU.5.9	5
7:43	LEV.20.2-LEV.20.5	4
7:43	DEU.4.16-DEU.4.18	3
7:43	2KI.17.16-2KI.17.18	3
7:43	2KI.18.11	3
7:43	2KI.21.6	3
7:43	LEV.18.21	2
7:43	2KI.17.6	2
7:44	EXO.25.40	7
7:44	EXO.38.21	5
7:44	HEB.8.5	4
7:44	EXO.25.8-EXO.25.9	2
7:44	EXO.26.30	2
7:44	NUM.1.50-NUM.1.53	2
7:44	NUM.9.15	2
7:44	NUM.10.11	2
7:44	NUM.17.7-NUM.17.8	2
7:44	NUM.18.2	2
7:44	JOS.18.1	2
7:44	1CH.28.11	2
7:44	1CH.28.19	2
7:44	2CH.24.6	2
7:44	HEB.8.2	2
7:45	PSA.44.2	5
7:45	JOS.18.1	3
7:45	JOS.23.9	3
7:45	JOS.24.18	3
7:45	DEU.32.49	2
7:45	JOS.3.6-JOS.3.7	2
7:45	JOS.3.11-JOS.3.17	2
7:45	JDG.18.31	2
7:45	1SA.4.4	2
7:45	2SA.6.1-2SA.6.23	2
7:45	1KI.8.4	2
7:45	1CH.15.1-1CH.15.17	2
7:45	1CH.16.39	2
7:45	1CH.21.29	2
7:45	NEH.9.24	2
7:45	PSA.78.55	2
7:45	ACT.13.19	2
7:45	HEB.4.8	2
7:46	PSA.132.1-PSA.132.5	6
7:46	ACT.13.22	5
7:46	2SA.7.1-2SA.7.5	4
7:46	1SA.16.1	3
7:46	1SA.16.11-1SA.16.13	3
7:46	2SA.6.21	3
7:46	2SA.7.8-2SA.7.16	3
7:46	2SA.7.18-2SA.7.19	3
7:46	1CH.17.1-1CH.17.4	3
7:46	1CH.22.7-1CH.22.8	3
7:46	1SA.15.28	2
7:46	1KI.8.17-1KI.8.19	2
7:46	1CH.28.2-1CH.28.5	2
7:46	1CH.29.2-1CH.29.3	2
7:46	PSA.78.68-PSA.78.72	2
7:46	PSA.89.19-PSA.89.37	2
7:46	PSA.132.11	2
7:47	1KI.8.20	6
7:47	2SA.7.13	3
7:47	1KI.6.37-1KI.6.38	3
7:47	1KI.5.1-1KI.6.2	2
7:47	1KI.7.13-1KI.7.51	2
7:47	1CH.17.1	2
7:47	2CH.2.1-2CH.2.4	2
7:47	2CH.3.1	2
7:47	ZEC.6.12-ZEC.6.13	2
7:48	ACT.17.24-ACT.17.25	65
7:48	ISA.66.1-ISA.66.2	62
7:48	1KI.8.27	55
7:48	2CH.2.5-2CH.2.6	50
7:48	2CH.6.18	24
7:48	PSA.91.9	22
7:48	PSA.91.1	17
7:48	PSA.92.8	12
7:48	DAN.4.17	12
7:48	DAN.4.24-DAN.4.25	11
7:48	PSA.7.17	10
7:48	DAN.4.34	8
7:48	DEU.32.8	7
7:48	PSA.46.4	5
7:49	ISA.66.1	27
7:49	PSA.11.4	12
7:49	JHN.4.21	8
7:49	JER.23.24	6
7:49	MAT.5.34-MAT.5.35	6
7:49	REV.3.21	6
7:49	1KI.22.19	5
7:49	MAT.23.22	5
7:49	JER.7.4-JER.7.11	4
7:49	MAT.24.2	4
7:49	MAL.1.11	2
7:50	JER.32.17	5
7:50	ISA.66.2	4
7:50	PSA.33.6-PSA.33.9	3
7:50	EXO.20.11	2
7:50	PSA.50.9-PSA.50.12	2
7:50	PSA.146.5-PSA.146.6	2
7:50	ISA.40.28	2
7:50	ISA.45.7-ISA.45.8	2
7:50	ISA.45.12	2
7:50	JER.10.11	2
7:50	ACT.14.15	2
7:50	ISA.44.24	1
7:51	DEU.10.16	22
7:51	ISA.63.10	14
7:51	JER.4.4	14
7:51	EPH.4.30	14
7:51	LEV.26.41	12
7:51	PHP.3.3	10
7:51	EXO.33.5	9
7:51	JER.6.10	9
7:51	EXO.32.9	8
7:51	EXO.33.3	7
7:51	ACT.6.10	6
7:51	EXO.34.9	5
7:51	PSA.78.8	5
7:51	JER.17.23	5
7:51	ACT.7.39	5
7:51	ROM.2.25	5
7:51	COL.2.11	5
7:51	DEU.31.27	4
7:51	NEH.9.16	4
7:51	NEH.9.30	4
7:51	EZK.2.4	4
7:51	EZK.44.7	4
7:51	EZK.44.9	4
7:51	ZEC.7.11-ZEC.7.12	4
7:51	ACT.7.9	4
7:51	ACT.7.27	4
7:51	ROM.2.28-ROM.2.29	4
7:51	DEU.9.6	3
7:51	DEU.9.13	3
7:51	DEU.30.6	3
7:51	2CH.30.8	3
7:51	PSA.75.5	3
7:51	ISA.48.4	3
7:51	JER.9.25-JER.9.26	3
7:51	MAT.23.31-MAT.23.33	3
7:51	ACT.7.35	2
7:52	MAT.5.12	9
7:52	1KI.19.10	8
7:52	2CH.36.16	8
7:52	1TH.2.15	7
7:52	JER.2.30	6
7:52	MAT.23.31-MAT.23.37	6
7:52	LUK.11.47-LUK.11.51	6
7:52	ACT.3.14-ACT.3.15	6
7:52	ACT.5.28-ACT.5.30	4
7:52	REV.19.10	4
7:52	1SA.8.7-1SA.8.8	3
7:52	1KI.19.14	3
7:52	2CH.24.19-2CH.24.22	3
7:52	JER.20.2	3
7:52	JER.26.15	3
7:52	JER.26.23	3
7:52	MAT.21.35-MAT.21.41	3
7:52	LUK.13.33-LUK.13.34	3
7:52	ACT.2.23	3
7:52	ACT.3.18	3
7:52	ACT.3.24	3
7:52	ACT.22.14	3
7:52	1JN.2.1	3
7:52	NEH.9.26	2
7:52	ZEC.9.9	2
7:52	ACT.4.10	2
7:52	1PE.1.11	1
7:52	REV.3.7	1
7:53	HEB.2.2	14
7:53	GAL.3.19	13
7:53	ACT.7.38	11
7:53	DEU.33.2	6
7:53	JHN.7.19	6
7:53	GAL.6.13	4
7:53	EZK.20.18-EZK.20.21	3
7:53	ROM.2.23-ROM.2.25	3
7:53	PSA.68.17	2
7:53	EXO.19.1-EXO.19.20	1
7:54	ACT.5.33	7
7:54	PSA.35.16	4
7:54	JOB.16.9	3
7:54	MAT.13.50	3
7:54	MAT.25.30	3
7:54	LUK.13.28	3
7:54	PSA.112.10	2
7:54	LAM.2.16	2
7:54	MAT.8.12	2
7:54	MAT.13.42	2
7:54	MAT.22.13	2
7:54	MAT.24.51	2
7:54	ACT.22.22-ACT.22.23	2
7:55	MRK.16.19	10
7:55	HEB.1.3	9
7:55	2CO.4.6	6
7:55	PSA.109.31-PSA.110.1	4
7:55	ACT.6.5	4
7:55	ACT.6.8	4
7:55	ACT.6.10	4
7:55	HEB.8.1	4
7:55	REV.4.1-REV.4.3	4
7:55	JHN.12.41	3
7:55	ACT.2.4	3
7:55	ISA.6.1-ISA.6.3	2
7:55	EZK.10.4	2
7:55	EZK.10.18	2
7:55	EZK.11.23	2
7:55	MIC.3.8	2
7:55	JHN.14.3	2
7:55	ACT.6.3	2
7:55	ACT.13.9-ACT.13.10	2
7:55	2CO.12.2-2CO.12.4	2
7:55	EZK.1.26-EZK.1.28	1
7:55	ACT.1.10-ACT.1.11	1
7:55	ACT.4.8	1
7:55	2PE.1.17	1
7:55	REV.21.11	1
7:56	MAT.26.64-MAT.26.65	8
7:56	ACT.10.11	5
7:56	REV.11.19	5
7:56	MAT.3.16	4
7:56	REV.19.11	4
7:56	DAN.7.13-DAN.7.14	3
7:56	ACT.10.16	3
7:56	REV.4.1	3
7:56	MAT.8.20	2
7:56	MAT.16.27-MAT.16.28	2
7:56	MAT.25.31	2
7:56	MRK.1.10	2
7:56	LUK.3.21	2
7:56	JHN.1.51	2
7:56	JHN.5.22-JHN.5.27	2
7:56	EZK.1.1	0
7:57	ZEC.7.11	6
7:57	PSA.58.4	3
7:57	ACT.23.27	3
7:57	PRO.21.13	2
7:57	ACT.7.54	2
7:57	ACT.21.27-ACT.21.31	2
7:58	ACT.22.20	8
7:58	ACT.8.1	6
7:58	LEV.24.14-LEV.24.16	5
7:58	ACT.6.13	5
7:58	DEU.13.9-DEU.13.10	4
7:58	DEU.17.7	4
7:58	1KI.21.13	4
7:58	LUK.4.29	4
7:58	ACT.22.4	4
7:58	NUM.15.35	3
7:58	JHN.10.23-JHN.10.26	2
7:58	ACT.6.11	2
7:58	ACT.9.1-ACT.9.19	2
7:58	HEB.13.12-HEB.13.13	2
7:59	LUK.23.46	7
7:59	PSA.31.5	6
7:59	ACT.22.16	4
7:59	JOL.2.32	3
7:59	ACT.2.21	3
7:59	ACT.9.14	3
7:59	1CO.1.2	3
7:59	ACT.9.21	2
7:59	ROM.10.12-ROM.10.14	2
7:60	MAT.5.44	12
7:60	LUK.23.34	9
7:60	1CO.15.20	7
7:60	ROM.12.14-ROM.12.21	6
7:60	1TH.4.13-1TH.4.14	6
7:60	LUK.6.28	5
7:60	ACT.9.40	5
7:60	ACT.20.36	5
7:60	LUK.22.41	4
7:60	ACT.13.36	4
7:60	ACT.21.5	4
7:60	1CO.15.18	4
7:60	DAN.6.10	3
7:60	MAT.27.52	3
7:60	1CO.15.6	3
7:60	1TH.5.10	3
7:60	EZR.9.5	2
7:60	1CO.11.30	2
7:60	1CO.15.51	1
8:1	DAN.3.16-DAN.3.18	7
8:1	ACT.22.20	7
8:1	ACT.5.40	6
8:1	LUK.11.49-LUK.11.50	5
8:1	ACT.1.8	5
8:1	ACT.5.33	5
8:1	ACT.7.58	5
8:1	EXO.10.28-EXO.10.29	4
8:1	ACT.8.14	4
8:1	JHN.15.20	3
8:1	ACT.8.4	3
8:1	ACT.9.31	3
8:1	NEH.6.3	2
8:1	DAN.6.10	2
8:1	DAN.6.23	2
8:1	MAT.5.13	2
8:1	MAT.10.25-MAT.10.28	2
8:1	MAT.22.6	2
8:1	JHN.4.39-JHN.4.42	2
8:1	JHN.16.2	2
8:1	ACT.2.47	2
8:1	ACT.5.18	2
8:1	ACT.5.20	2
8:1	ACT.11.19-ACT.11.22	2
8:1	ACT.13.1	2
8:1	PHP.1.12	2
8:1	HEB.11.27	2
8:1	MAT.23.34	1
8:1	ACT.7.38	1
8:1	ACT.7.54	1
8:2	GEN.50.10-GEN.50.11	3
8:2	GEN.23.2	2
8:2	NUM.20.29	2
8:2	DEU.34.8	2
8:2	1SA.28.3	2
8:2	2SA.3.31	2
8:2	2CH.32.33	2
8:2	2CH.35.25	2
8:2	ISA.57.1-ISA.57.2	2
8:2	JER.22.10	2
8:2	JER.22.18	2
8:2	LUK.2.25	2
8:2	JHN.11.31-JHN.11.35	2
8:2	ACT.2.5	2
8:2	ACT.10.2	2
8:3	1TI.1.13	7
8:3	1CO.15.9	6
8:3	GAL.1.13	6
8:3	PHP.3.6	6
8:3	ACT.7.58	3
8:3	ACT.9.21	3
8:3	ACT.22.19	3
8:3	ACT.9.1-ACT.9.13	2
8:3	ACT.22.3-ACT.22.4	2
8:3	ACT.26.9-ACT.26.11	2
8:3	JAS.2.6	2
8:4	MAT.10.23	6
8:4	ACT.8.1	5
8:4	ACT.11.19	5
8:4	1TH.2.2	5
8:4	ACT.14.2-ACT.14.7	4
8:4	ACT.15.35	4
8:5	ACT.6.5	6
8:5	ACT.21.8	5
8:5	ACT.8.35-ACT.8.36	4
8:5	ACT.8.40	4
8:5	ACT.5.42	3
8:5	1CO.1.23	3
8:5	1CO.3.11	3
8:5	MAT.10.5-MAT.10.6	2
8:5	JHN.4.25-JHN.4.26	2
8:5	ACT.1.8	2
8:5	ACT.8.1	2
8:5	ACT.9.20	2
8:5	ACT.17.2-ACT.17.3	2
8:5	1CO.2.2	2
8:5	ACT.8.14-ACT.8.15	1
8:6	JHN.4.41-JHN.4.42	2
8:6	2CH.30.12	1
8:6	MAT.20.15-MAT.20.16	1
8:6	ACT.13.44	1
8:7	MAT.10.1	6
8:7	MRK.16.17-MRK.16.18	4
8:7	ACT.5.16	4
8:7	ACT.14.8-ACT.14.10	4
8:7	HEB.2.4	3
8:7	ISA.35.6	2
8:7	MAT.4.24	2
8:7	MAT.11.5	2
8:7	MAT.15.30-MAT.15.31	2
8:7	MRK.2.3-MRK.2.11	2
8:7	MRK.9.26	2
8:7	JHN.14.12	2
8:7	ACT.3.6-ACT.3.7	2
8:7	ACT.9.33-ACT.9.34	2
8:7	LUK.10.17	1
8:8	ACT.13.52	4
8:8	PSA.96.10-PSA.96.12	3
8:8	PSA.98.2-PSA.98.6	3
8:8	ISA.35.1-ISA.35.2	3
8:8	LUK.2.10-LUK.2.11	3
8:8	ACT.8.39	3
8:8	ACT.13.48	3
8:8	ROM.15.9-ROM.15.12	3
8:8	ISA.42.10-ISA.42.12	2
8:9	ACT.13.6	10
8:9	JHN.7.18	7
8:9	ACT.5.36	7
8:9	EXO.8.18-EXO.8.19	5
8:9	LEV.20.6	4
8:9	ACT.19.18-ACT.19.20	4
8:9	EXO.7.11	3
8:9	EXO.7.22	3
8:9	ACT.8.11	3
8:9	ACT.16.16-ACT.16.18	3
8:9	EXO.9.11	2
8:9	2TH.2.4	2
8:9	2TI.3.2	2
8:9	2TI.3.5	2
8:9	2TI.3.8-2TI.3.9	2
8:9	2PE.2.18	2
8:9	REV.13.13-REV.13.14	2
8:9	REV.22.15	2
8:9	DEU.18.10-DEU.18.12	1
8:10	JER.31.34	4
8:10	2PE.2.2	4
8:10	REV.13.3	4
8:10	JER.6.13	2
8:10	JER.8.10	2
8:10	JON.3.5	2
8:10	ACT.14.11	2
8:10	ACT.28.6	2
8:10	1CO.1.24	2
8:10	2CO.11.19	2
8:10	EPH.4.14	2
8:11	ACT.8.9	4
8:11	GAL.3.1	4
8:11	ISA.8.19	2
8:11	ISA.44.25	2
8:11	ISA.47.9-ISA.47.13	2
8:12	ACT.2.38	11
8:12	ACT.1.3	7
8:12	MAT.28.19	6
8:12	ACT.2.41	4
8:12	1PE.3.21	4
8:12	ACT.5.14	3
8:12	ACT.28.31	3
8:12	ROM.10.10	3
8:12	GAL.3.28	3
8:12	MRK.16.15-MRK.16.16	2
8:12	LUK.9.2	2
8:12	LUK.9.60	2
8:12	ACT.8.35-ACT.8.38	2
8:12	ACT.11.20	2
8:12	ACT.16.14-ACT.16.15	2
8:12	ACT.16.31-ACT.16.34	2
8:12	ACT.18.8	2
8:12	ACT.20.21	2
8:12	ACT.20.25	2
8:12	1CO.11.11	2
8:13	JHN.5.20	4
8:13	ACT.8.6-ACT.8.7	4
8:13	ACT.19.11	4
8:13	JHN.8.30-JHN.8.31	3
8:13	PSA.106.12-PSA.106.13	2
8:13	MRK.16.17	2
8:13	LUK.8.13	2
8:13	JHN.2.23-JHN.2.25	2
8:13	JHN.7.21	2
8:13	ACT.13.44	2
8:13	JAS.2.19-JAS.2.26	2
8:13	PSA.78.35-PSA.78.37	1
8:13	HAB.1.5	1
8:13	ACT.3.10	1
8:13	ACT.8.21	1
8:14	1TH.2.13	6
8:14	1TH.3.2	6
8:14	ACT.8.1	3
8:14	GAL.2.9	3
8:14	MAT.13.23	2
8:14	LUK.22.8	2
8:14	JHN.12.48	2
8:14	ACT.2.41	2
8:14	ACT.3.1-ACT.3.3	2
8:14	ACT.11.1	2
8:14	ACT.11.19-ACT.11.22	2
8:14	ACT.15.4	2
8:14	ACT.17.11	2
8:14	2TH.2.10	1
8:15	ACT.2.38	8
8:15	JHN.16.23-JHN.16.24	3
8:15	MAT.18.19	2
8:15	JHN.14.13-JHN.14.14	2
8:15	PHP.1.19	2
8:16	ACT.2.38	10
8:16	ACT.19.2	8
8:16	MAT.28.19	7
8:16	ACT.19.5-ACT.19.6	6
8:16	ACT.11.15-ACT.11.17	4
8:16	ACT.10.44-ACT.10.48	3
8:16	1CO.1.13-1CO.1.15	3
8:16	GAL.3.27	2
8:17	ACT.19.6	11
8:17	ACT.6.6	8
8:17	2TI.1.6	6
8:17	ACT.8.18	5
8:17	ACT.2.4	4
8:17	NUM.8.10	3
8:17	NUM.27.18	3
8:17	ACT.9.17	3
8:17	HEB.6.2	3
8:17	ROM.1.11	2
8:17	1TI.4.14	2
8:17	1TI.5.22	2
8:17	GAL.3.2-GAL.3.5	1
8:17	ACT.13.3	0
8:18	1TI.6.5	6
8:18	MAT.10.8	5
8:18	2KI.8.9	4
8:18	2KI.5.15-2KI.5.16	3
8:18	EZK.13.19	3
8:19	LUK.14.7-LUK.14.11	5
8:19	MAT.18.1-MAT.18.3	4
8:19	JHN.5.44	4
8:19	3JN.1.9	4
8:19	ACT.8.9-ACT.8.11	2
8:19	ACT.8.17	2
8:19	1CO.15.8-1CO.15.9	2
8:20	DAN.5.17	8
8:20	MAT.10.8	8
8:20	ACT.2.38	8
8:20	REV.18.15	6
8:20	1TI.6.9	5
8:20	JAS.5.3	5
8:20	2PE.2.14-2PE.2.17	5
8:20	2KI.5.15-2KI.5.16	4
8:20	ACT.8.22	4
8:20	ACT.10.45	4
8:20	ACT.11.17	4
8:20	DEU.15.9	3
8:20	JOS.7.24-JOS.7.25	3
8:20	2KI.5.26-2KI.5.27	3
8:20	ISA.55.1	3
8:20	HAB.2.9-HAB.2.10	3
8:20	ZEC.5.4	3
8:20	MAT.15.19	3
8:20	DEU.7.26	2
8:20	PRO.15.26	2
8:20	MAT.27.3-MAT.27.5	2
8:20	ACT.1.18	2
8:21	HEB.4.13	7
8:21	PSA.36.1	5
8:21	MAT.6.22-MAT.6.24	5
8:21	JHN.21.17	5
8:21	2CH.25.2	4
8:21	REV.2.23	4
8:21	REV.22.19	4
8:21	JOS.22.25	3
8:21	PSA.78.36-PSA.78.37	3
8:21	HAB.2.4	3
8:21	REV.20.6	3
8:21	EZK.14.3	2
8:22	2TI.2.25-2TI.2.26	8
8:22	DAN.4.27	6
8:22	HEB.4.12	6
8:22	MAT.7.7-MAT.7.8	4
8:22	LUK.11.9-LUK.11.13	4
8:22	ACT.9.11	4
8:22	ACT.17.30	4
8:22	ROM.2.4	4
8:22	DEU.4.29-DEU.4.30	3
8:22	ISA.55.6-ISA.55.7	3
8:22	JON.3.9	3
8:22	ACT.2.38	3
8:22	ACT.3.19	3
8:22	ACT.8.20	3
8:22	REV.2.21	3
8:22	1KI.8.47-1KI.8.48	2
8:22	2CH.33.12-2CH.33.13	2
8:22	JOL.2.13-JOL.2.14	2
8:22	AMO.5.6	2
8:22	AMO.5.15	2
8:22	JON.1.6	2
8:22	REV.3.17-REV.3.18	2
8:23	PRO.5.22	5
8:23	ISA.58.6	5
8:23	JHN.8.34	4
8:23	HEB.12.15	4
8:23	ISA.28.22	3
8:23	TIT.3.3	3
8:23	DEU.29.18-DEU.29.20	2
8:23	DEU.32.32-DEU.32.33	2
8:23	PSA.116.16	2
8:23	JER.4.18	2
8:23	JER.9.15	2
8:23	LAM.3.5	2
8:23	LAM.3.19	2
8:23	ROM.6.17-ROM.6.22	2
8:23	2PE.2.4	2
8:23	2PE.2.19	2
8:23	JOB.20.14	1
8:24	EXO.8.8	6
8:24	NUM.21.7	6
8:24	JOB.42.8	4
8:24	GEN.20.7	3
8:24	EXO.10.17	3
8:24	EXO.12.32	3
8:24	1KI.13.6	3
8:24	JAS.5.16	3
8:24	GEN.20.17	2
8:24	1SA.12.19	2
8:24	1SA.12.23	2
8:24	EZR.6.10	2
8:24	EZR.8.23	2
8:25	ACT.20.21	3
8:25	LUK.9.52-LUK.9.56	2
8:25	JHN.15.27	2
8:25	ACT.1.8	2
8:25	ACT.8.40	2
8:25	ACT.18.5	2
8:25	ACT.26.22-ACT.26.23	2
8:25	ACT.28.23	2
8:25	ACT.28.28	2
8:25	ACT.28.31	2
8:25	1PE.5.12	2
8:26	ACT.5.19	9
8:26	2KI.1.3	7
8:26	HEB.1.14	7
8:26	ACT.27.23	6
8:26	ACT.10.22	5
8:26	ACT.12.23	5
8:26	ACT.10.7	4
8:26	ACT.12.8-ACT.12.11	4
8:26	JOS.15.47	2
8:26	ZEC.9.5	2
8:26	MAT.3.1-MAT.3.3	2
8:26	LUK.3.2-LUK.3.4	2
8:26	JOS.13.3	1
8:26	1CH.22.16	1
8:26	ISA.60.1-ISA.60.22	1
8:27	PSA.68.31	8
8:27	ZEP.3.10	8
8:27	PSA.87.4	5
8:27	ISA.56.3-ISA.56.8	5
8:27	JER.38.7	5
8:27	1KI.8.41-1KI.8.43	4
8:27	MAT.12.42	4
8:27	JHN.12.20	4
8:27	1KI.10.1	2
8:27	PSA.68.29	2
8:27	ISA.43.6	2
8:27	ISA.45.14	2
8:27	ISA.60.3	2
8:27	ISA.60.6	2
8:27	ISA.66.19	2
8:27	JER.13.23	2
8:27	2CH.6.32-2CH.6.33	1
8:27	JER.39.16	1
8:27	MAT.21.2-MAT.21.6	1
8:27	MRK.14.13-MRK.14.16	1
8:27	JHN.2.5-JHN.2.8	1
8:27	HEB.11.8	1
8:28	COL.3.16	4
8:28	ISA.1.1	3
8:28	ACT.28.25	3
8:28	DEU.6.6-DEU.6.7	2
8:28	DEU.11.18-DEU.11.20	2
8:28	DEU.17.18-DEU.17.19	2
8:28	JOS.1.8	2
8:28	PSA.1.2-PSA.1.3	2
8:28	PSA.119.99	2
8:28	PSA.119.111	2
8:28	PRO.2.1-PRO.2.6	2
8:28	PRO.8.33-PRO.8.34	2
8:28	LUK.3.4	2
8:28	LUK.4.17	2
8:28	JHN.5.39-JHN.5.40	2
8:28	ACT.17.11-ACT.17.12	2
8:28	2TI.3.15-2TI.3.17	2
8:29	ACT.10.19	8
8:29	ACT.11.12	7
8:29	ACT.13.2-ACT.13.4	4
8:29	ACT.20.22-ACT.20.23	4
8:29	ACT.16.6-ACT.16.7	3
8:29	HOS.6.3	2
8:29	ACT.21.11	2
8:29	1TI.4.1	2
8:29	ISA.65.24	1
8:29	1CO.12.11	1
8:30	LUK.24.44-LUK.24.45	7
8:30	JHN.5.39	6
8:30	EPH.5.17	6
8:30	MAT.13.23	4
8:30	MAT.15.10	4
8:30	MAT.13.51	3
8:30	MAT.24.15	3
8:30	ECC.9.10	2
8:30	MAT.13.19	2
8:30	MRK.13.14	2
8:30	ACT.8.27	2
8:30	PSA.119.32	1
8:30	1CO.14.19	1
8:30	REV.13.18	0
8:31	ROM.10.14	9
8:31	PSA.73.16-PSA.73.17	6
8:31	ISA.29.18-ISA.29.19	6
8:31	PSA.25.8-PSA.25.9	5
8:31	PRO.30.2-PRO.30.3	5
8:31	MAT.18.3-MAT.18.4	4
8:31	1CO.8.2	4
8:31	2KI.5.26	3
8:31	1CO.14.36-1CO.14.37	3
8:31	2KI.5.9	2
8:31	2KI.10.15-2KI.10.16	2
8:31	PSA.73.22	2
8:31	ISA.35.8	2
8:31	MRK.10.15	2
8:31	1CO.3.18	2
8:31	JAS.1.10	2
8:31	JAS.1.21	2
8:31	1PE.2.1-1PE.2.2	2
8:32	ISA.53.7-ISA.53.8	68
8:32	1PE.2.21-1PE.2.24	55
8:32	JER.51.40	34
8:32	JER.11.19	25
8:32	ROM.8.36	25
8:32	PSA.44.11-PSA.44.12	24
8:32	PSA.39.9	19
8:32	PSA.39.2	18
8:32	JHN.1.29	17
8:32	MAT.26.62-MAT.26.63	14
8:32	JER.12.3	13
8:32	1PE.1.19	10
8:32	LUK.23.34	5
8:32	JHN.18.9-JHN.18.11	5
8:33	ISA.53.12	11
8:33	ISA.53.8	9
8:33	PHP.2.8-PHP.2.9	7
8:33	ZEC.13.7	4
8:33	ISA.53.10	3
8:33	JOB.27.2	2
8:33	JOB.34.5	2
8:33	PSA.22.15	2
8:33	PSA.22.30	2
8:33	ISA.5.23	2
8:33	ISA.10.2	2
8:33	DAN.9.26	2
8:33	MAT.27.12-MAT.27.26	2
8:33	HAB.1.4	1
8:33	JHN.19.12-JHN.19.16	1
8:34	MAT.15.15	4
8:34	MAT.13.36	3
8:34	MAT.2.2-MAT.2.4	2
8:35	LUK.24.27	7
8:35	ACT.18.28	5
8:35	MAT.5.2	4
8:35	ACT.28.23	4
8:35	1CO.2.2	4
8:35	ACT.5.42	3
8:35	LUK.24.44-LUK.24.47	2
8:35	ACT.3.20	2
8:35	ACT.9.20	2
8:35	ACT.10.34	2
8:35	ACT.11.20	2
8:35	ACT.17.2-ACT.17.3	2
8:35	ACT.19.13	2
8:35	ACT.26.22-ACT.26.23	2
8:35	1CO.1.23	2
8:35	2CO.6.11	2
8:35	EPH.4.21	2
8:35	1PE.1.11-1PE.1.12	2
8:35	ACT.17.18	1
8:36	ACT.10.47	8
8:36	JHN.3.5	5
8:36	JHN.3.23	4
8:36	TIT.3.5-TIT.3.6	4
8:36	EZK.36.25	3
8:36	1JN.5.6	3
8:38	JHN.4.1	3
8:38	JHN.3.22-JHN.3.23	2
8:39	1KI.18.12	13
8:39	2KI.2.16	10
8:39	EZK.8.3	9
8:39	EZK.43.5	8
8:39	EZK.11.1	7
8:39	EZK.3.12-EZK.3.14	6
8:39	EZK.11.24	6
8:39	2CO.12.2-2CO.12.4	5
8:39	MRK.1.10	4
8:39	ROM.15.10-ROM.15.13	3
8:39	PHP.3.3	1
8:39	PSA.119.14	0
8:39	PSA.119.111	0
8:39	ISA.35.1-ISA.35.2	0
8:39	ISA.61.10	0
8:39	ISA.66.13-ISA.66.14	0
8:39	MAT.3.16	0
8:39	MAT.13.44	0
8:39	ACT.8.8	0
8:39	ACT.13.52	0
8:39	ROM.5.2	0
8:39	PHP.4.4	0
8:39	JAS.1.9-JAS.1.10	0
8:39	JAS.4.16	0
8:40	ACT.21.8	6
8:40	ACT.10.1	4
8:40	ACT.23.23	4
8:40	ACT.23.33	4
8:40	ACT.25.4	4
8:40	1SA.5.1	3
8:40	JOS.15.46-JOS.15.47	2
8:40	ZEC.9.6	2
8:40	LUK.10.1-LUK.10.2	2
8:40	ACT.8.25	2
8:40	ACT.10.24	2
8:40	ACT.12.19	2
8:40	ACT.21.16	2
8:40	ACT.25.1	2
8:40	ACT.25.6	2
8:40	ACT.25.13	2
8:40	ROM.15.19	2
9:1	ACT.8.3	18
9:1	1TI.1.13	15
9:1	GAL.1.13	11
9:1	ACT.9.11-ACT.9.21	9
9:1	1CO.15.9	7
9:1	ACT.7.58	6
9:1	ACT.22.3-ACT.22.5	6
9:1	ACT.26.9-ACT.26.11	6
9:1	PHP.3.6	5
9:1	PSA.27.12	3
9:2	ACT.19.9	9
9:2	ACT.19.23	9
9:2	ACT.24.14	7
9:2	ACT.22.4-ACT.22.5	6
9:2	ACT.24.22	5
9:2	ACT.9.14	3
9:2	ACT.18.25	3
9:2	EST.3.8-EST.3.13	1
9:2	ACT.26.12	1
9:2	ACT.6.9	0
9:2	ACT.7.19	0
9:2	ACT.13.14-ACT.13.15	0
9:2	ACT.28.17-ACT.28.22	0
9:3	ACT.26.12-ACT.26.13	8
9:3	1CO.15.8	8
9:3	ACT.22.6	7
9:3	REV.21.23	7
9:3	1TI.6.16	6
9:3	PSA.104.2	4
9:3	REV.22.5	3
9:3	ACT.9.17	2
9:4	ZEC.2.8	11
9:4	1CO.12.12	9
9:4	GEN.22.11	8
9:4	ISA.63.9	8
9:4	ROM.11.22	8
9:4	JHN.21.15	7
9:4	ACT.26.14-ACT.26.15	7
9:4	GEN.3.9	6
9:4	GEN.16.8	6
9:4	MAT.25.40	6
9:4	EXO.3.4	5
9:4	MAT.25.45-MAT.25.46	5
9:4	LUK.10.41	5
9:4	ACT.22.7-ACT.22.8	5
9:4	EPH.5.30	5
9:4	JHN.20.16	4
9:4	NUM.16.45	3
9:4	1CO.4.7	3
9:4	JHN.18.6	2
9:4	ACT.5.10	1
9:5	1TI.1.13	7
9:5	1SA.3.4-1SA.3.10	6
9:5	JOB.9.4	4
9:5	JOB.40.9-JOB.40.10	4
9:5	ISA.45.9	4
9:5	ACT.26.9	4
9:5	DEU.32.15	2
9:5	PSA.2.12	2
9:5	ACT.5.39	2
9:5	1CO.10.22	2
9:6	ACT.22.10	7
9:6	ACT.26.16	4
9:6	1TI.1.14-1TI.1.16	4
9:6	ACT.9.15-ACT.9.16	3
9:6	ACT.10.22	3
9:6	ACT.10.32	3
9:6	ACT.11.13-ACT.11.14	3
9:6	ACT.16.29-ACT.16.30	3
9:6	ACT.24.25-ACT.24.26	3
9:6	ROM.5.20	3
9:6	ROM.7.9	3
9:6	ROM.9.15-ROM.9.24	3
9:6	ROM.10.3	3
9:6	ROM.10.20	3
9:6	GAL.1.15-GAL.1.16	3
9:6	PHP.2.12	3
9:6	1SA.28.5	2
9:6	PSA.25.8-PSA.25.9	2
9:6	PSA.25.12	2
9:6	PSA.94.12	2
9:6	ISA.57.18	2
9:6	ISA.66.2	2
9:6	EZK.16.6-EZK.16.8	2
9:6	HAB.3.16	2
9:6	MAT.19.30	2
9:6	LUK.3.10	2
9:6	ACT.2.37	2
9:6	ACT.10.6	2
9:6	JAS.4.6	1
9:7	ACT.22.9	15
9:7	DAN.10.7	9
9:7	ACT.26.13-ACT.26.14	9
9:7	JHN.12.29	6
9:7	MAT.24.40-MAT.24.41	5
9:8	ACT.22.11	13
9:8	ACT.9.18	8
9:8	2KI.6.17-2KI.6.20	7
9:8	ACT.13.11	3
9:8	GEN.19.11	2
9:8	EXO.4.11	0
9:9	JON.3.6-JON.3.8	5
9:9	2CH.33.12-2CH.33.13	4
9:9	2CH.33.18-2CH.33.19	4
9:9	EST.4.16	4
9:9	ACT.9.11-ACT.9.12	1
9:10	GEN.22.1	5
9:10	ACT.10.3	5
9:10	ACT.22.12	5
9:10	ISA.6.8	4
9:10	GEN.31.11	3
9:10	EXO.3.4	3
9:10	1SA.3.4	3
9:10	1SA.3.8-1SA.3.10	3
9:10	ACT.10.17-ACT.10.20	3
9:10	NUM.12.6	2
9:10	2SA.15.26	2
9:10	DAN.2.19	2
9:10	ACT.2.17	2
9:11	ACT.9.30	8
9:11	LUK.11.9-LUK.11.10	6
9:11	ACT.11.25	6
9:11	ACT.21.39	6
9:11	ACT.22.3	6
9:11	MAT.7.7-MAT.7.8	5
9:11	LUK.18.7-LUK.18.14	5
9:11	DEU.4.29	4
9:11	PSA.50.15	4
9:11	ISA.55.6-ISA.55.7	4
9:11	JER.29.12-JER.29.13	4
9:11	JER.31.18-JER.31.20	4
9:11	ZEC.12.10	4
9:11	ACT.2.21	4
9:11	ACT.11.13	4
9:11	2CH.33.12-2CH.33.13	3
9:11	2CH.33.18-2CH.33.19	3
9:11	JOB.33.18-JOB.33.28	3
9:11	PSA.32.3-PSA.32.6	3
9:11	PSA.40.1-PSA.40.2	3
9:11	JON.2.1-JON.2.4	3
9:11	LUK.23.42-LUK.23.43	3
9:11	JHN.4.10	3
9:11	ACT.8.26	3
9:11	ACT.10.5-ACT.10.6	3
9:11	PSA.130.1-PSA.130.3	2
9:11	PRO.15.8	2
9:11	ACT.8.22	2
9:12	MRK.5.23	4
9:12	ACT.9.10	2
9:12	ACT.9.17-ACT.9.18	2
9:13	1TI.1.13-1TI.1.15	7
9:13	ACT.8.3	6
9:13	EZK.3.14	4
9:13	ACT.22.19-ACT.22.20	4
9:13	ACT.9.1	3
9:13	EXO.4.13-EXO.4.19	2
9:13	1SA.16.2	2
9:13	1KI.18.9-1KI.18.14	2
9:13	JER.20.9-JER.20.10	2
9:13	JON.1.2-JON.1.3	2
9:13	MAT.10.16	2
9:13	ACT.9.32	2
9:13	ACT.22.4	2
9:13	ACT.26.10-ACT.26.11	2
9:13	ROM.1.7	2
9:13	ROM.15.25-ROM.15.26	2
9:13	ROM.15.31	2
9:13	ROM.16.2	2
9:13	ROM.16.15	2
9:14	ACT.9.21	9
9:14	ACT.7.59	6
9:14	2TI.2.22	4
9:14	ACT.9.2-ACT.9.3	3
9:14	ACT.22.16	3
9:14	1CO.1.2	3
9:14	ROM.10.12-ROM.10.14	2
9:15	GAL.1.15-GAL.1.16	22
9:15	EPH.3.7-EPH.3.8	16
9:15	ROM.11.13	13
9:15	2TI.4.16-2TI.4.17	13
9:15	ACT.26.17-ACT.26.20	11
9:15	ACT.22.21	9
9:15	JER.1.5	7
9:15	ROM.1.5	7
9:15	1TI.2.7	6
9:15	JHN.15.16	5
9:15	GAL.1.1	5
9:15	2TI.1.11	5
9:15	MAT.10.18	4
9:15	ACT.13.2	4
9:15	ROM.9.21-ROM.9.24	4
9:15	ROM.15.15-ROM.15.21	4
9:15	1CO.15.10	4
9:15	GAL.2.7-GAL.2.9	4
9:15	2TI.2.4	4
9:15	JON.3.1-JON.3.2	3
9:15	ACT.21.19	3
9:15	ACT.25.22-ACT.26.11	3
9:15	COL.1.25-COL.1.29	3
9:15	2TI.2.20-2TI.2.21	3
9:15	REV.17.14	3
9:15	EXO.4.12-EXO.4.14	2
9:15	JER.1.7	2
9:15	ACT.26.32	2
9:15	ACT.27.24	2
9:15	ROM.1.13-ROM.1.15	2
9:15	ACT.28.17-ROM.1.1	1
9:16	1TH.3.3	17
9:16	ACT.21.11	10
9:16	2CO.6.4	10
9:16	JHN.15.20	8
9:16	2TI.1.12	8
9:16	2CO.11.23-2CO.11.27	7
9:16	1PE.4.14	7
9:16	MAT.5.11	6
9:16	1CO.4.9-1CO.4.13	6
9:16	2TI.2.9-2TI.2.10	6
9:16	MAT.24.9	5
9:16	JHN.16.1-JHN.16.4	5
9:16	2TI.3.11	5
9:16	ACT.20.22-ACT.20.23	4
9:16	MAT.10.21-MAT.10.25	3
9:16	ACT.21.4	3
9:16	ISA.33.1	2
9:16	ACT.9.14	2
9:16	REV.1.9	2
9:17	ACT.8.17	9
9:17	ACT.2.4	7
9:17	ACT.6.6	6
9:17	ACT.22.12-ACT.22.14	5
9:17	ACT.13.52	4
9:17	1TI.5.22	4
9:17	1PE.1.22-1PE.1.23	3
9:17	GEN.45.4	2
9:17	MAT.19.13	2
9:17	MRK.6.5	2
9:17	LUK.1.16-LUK.1.17	2
9:17	LUK.1.76	2
9:17	LUK.2.11	2
9:17	LUK.15.30	2
9:17	LUK.15.32	2
9:17	ACT.4.31	2
9:17	ACT.9.4-ACT.9.5	2
9:17	ACT.9.8-ACT.9.15	2
9:17	ACT.10.36	2
9:17	ACT.13.3	2
9:17	ACT.19.6	2
9:17	ACT.21.20	2
9:17	ACT.26.15	2
9:17	ROM.15.7	2
9:17	1CO.15.8	2
9:17	1CO.15.47	2
9:17	1TI.4.14	2
9:17	2TI.1.6	2
9:17	PHM.1.16	2
9:17	HEB.6.2	2
9:18	ACT.22.16	6
9:18	2CO.3.14	6
9:18	ACT.2.38	5
9:18	2CO.4.6	3
9:18	ACT.13.12-ACT.13.13	2
9:18	ACT.13.37-ACT.13.38	2
9:18	ACT.2.41	1
9:19	ACT.26.20	8
9:19	1SA.30.12	3
9:19	GAL.1.17	3
9:19	ECC.9.7	2
9:19	ACT.11.26	2
9:19	ACT.27.33-ACT.27.36	2
9:19	1SA.10.10-1SA.10.12	1
9:20	JHN.20.28	8
9:20	GAL.1.23-GAL.1.24	4
9:20	GAL.2.20	4
9:20	1JN.4.14-1JN.4.15	4
9:20	PSA.2.7	3
9:20	PSA.2.12	3
9:20	MAT.4.3	3
9:20	MAT.26.63-MAT.26.66	3
9:20	MAT.27.43	3
9:20	JHN.1.49	3
9:20	JHN.20.31	3
9:20	ACT.9.22	3
9:20	ACT.9.27-ACT.9.28	3
9:20	ROM.1.4	3
9:20	JHN.19.7	2
9:20	ACT.8.36	2
9:20	ACT.13.5	2
9:20	ACT.13.14	2
9:20	REV.2.18	2
9:20	MAT.27.54	1
9:21	ACT.8.3	5
9:21	ACT.9.13-ACT.9.14	5
9:21	2TH.1.10	4
9:21	MAT.13.54-MAT.13.55	3
9:21	GAL.1.13-GAL.1.24	3
9:21	PSA.71.7	2
9:21	ISA.8.18	2
9:21	ZEC.3.8	2
9:21	MRK.5.15-MRK.5.20	2
9:21	JHN.9.8-JHN.9.9	2
9:21	ACT.2.6	2
9:21	ACT.2.12	2
9:21	ACT.3.10	2
9:21	ACT.4.13	2
9:21	ACT.9.1-ACT.9.2	2
9:21	1JN.3.1	2
9:21	NUM.23.23	1
9:22	ACT.18.5	10
9:22	ISA.40.29	7
9:22	LUK.21.15	7
9:22	ACT.18.27-ACT.18.28	5
9:22	1CO.1.27	4
9:22	ACT.6.9-ACT.6.10	3
9:22	ACT.28.23	3
9:22	PHP.4.13	3
9:22	JOB.17.9	2
9:22	PSA.84.7	2
9:22	LUK.24.44-LUK.24.45	2
9:22	ACT.17.3	2
9:22	GEN.49.24	1
9:22	2CO.12.9-2CO.12.10	1
9:23	GAL.1.17-GAL.1.18	5
9:23	1TH.2.15-1TH.2.16	4
9:23	ACT.13.50	3
9:23	ACT.14.19	3
9:23	JOS.10.1-JOS.10.6	2
9:23	MAT.10.16-MAT.10.23	2
9:23	ACT.9.16	2
9:23	ACT.14.2	2
9:23	ACT.22.21-ACT.22.23	2
9:23	2CO.11.26	2
9:24	2CO.11.32	8
9:24	ACT.25.3	4
9:24	ACT.20.3	3
9:24	ACT.20.19	3
9:24	JDG.16.2-JDG.16.3	2
9:24	PSA.21.11	2
9:24	PSA.37.32-PSA.37.33	2
9:24	ACT.9.29-ACT.9.30	2
9:24	ACT.14.5-ACT.14.6	2
9:24	ACT.17.10-ACT.17.15	2
9:24	ACT.23.12-ACT.23.21	2
9:24	ACT.23.30	2
9:24	ACT.25.11	2
9:25	JOS.2.15	7
9:25	2CO.11.33	7
9:25	1SA.19.11-1SA.19.12	4
9:26	ACT.26.20	9
9:26	GAL.1.17-GAL.1.19	6
9:26	ACT.4.23	3
9:26	ACT.9.19	3
9:26	ACT.22.17-ACT.22.20	3
9:26	MAT.10.17-MAT.10.19	2
9:26	GAL.2.4	2
9:26	MAT.24.10	1
9:27	ACT.4.36	9
9:27	ACT.4.29	4
9:27	ACT.4.13	3
9:27	EPH.6.19-EPH.6.20	3
9:27	ACT.9.3-ACT.9.6	2
9:27	ACT.9.20-ACT.9.22	2
9:27	ACT.11.22	2
9:27	ACT.11.25	2
9:27	ACT.12.25	2
9:27	ACT.13.2	2
9:27	ACT.15.2	2
9:27	ACT.15.25-ACT.15.26	2
9:27	ACT.15.35-ACT.15.39	2
9:27	1CO.9.6	2
9:27	1CO.15.8	2
9:27	GAL.1.18-GAL.1.19	2
9:27	GAL.2.9	2
9:27	ACT.9.17	1
9:27	GAL.2.13	1
9:28	ACT.1.21	3
9:28	NUM.27.16-NUM.27.17	2
9:28	2SA.5.2	2
9:28	1KI.3.7	2
9:28	PSA.121.8	2
9:28	JHN.10.9	2
9:28	GAL.1.18	2
9:29	ACT.6.1	6
9:29	ACT.11.20	3
9:29	2CO.11.26	3
9:29	JUD.1.9	3
9:29	ACT.9.20-ACT.9.23	2
9:29	ACT.9.27	2
9:29	ACT.17.17	2
9:29	ACT.18.19	2
9:29	ACT.19.8	2
9:29	ACT.6.9-ACT.6.10	1
9:29	JUD.1.3	1
9:30	ACT.8.40	4
9:30	ACT.9.11	4
9:30	ACT.11.25	4
9:30	GAL.1.21	3
9:30	MAT.10.23	2
9:30	MAT.16.13	2
9:30	ACT.9.24-ACT.9.25	2
9:30	ACT.17.10	2
9:30	ACT.17.15	2
9:31	PSA.111.10	13
9:31	JHN.14.16-JHN.14.18	10
9:31	ISA.33.6	9
9:31	PRO.14.26-PRO.14.27	8
9:31	PRO.23.17	8
9:31	NEH.5.9	6
9:31	PSA.86.11	6
9:31	PRO.1.7	6
9:31	ACT.12.24	6
9:31	ACT.16.5	6
9:31	ROM.5.5	6
9:31	ROM.15.13	6
9:31	2CO.7.1	6
9:31	EPH.6.18-EPH.6.19	6
9:31	ACT.6.7	5
9:31	NEH.5.15	4
9:31	PRO.16.6-PRO.16.7	4
9:31	ISA.11.2-ISA.11.3	4
9:31	ROM.14.17	4
9:31	2CO.10.8	4
9:31	2CO.13.10	4
9:31	GAL.5.22-GAL.5.23	4
9:31	EPH.5.21	4
9:31	COL.1.10	4
9:31	DEU.12.10	3
9:31	JOS.21.44	3
9:31	JDG.3.30	3
9:31	1CH.22.9	3
9:31	1CH.22.18	3
9:31	EST.8.16-EST.8.17	3
9:31	JOB.28.28	3
9:31	PSA.94.13	3
9:31	PRO.8.13	3
9:31	ISA.11.10	3
9:31	ZEC.8.20-ZEC.9.1	3
9:31	ACT.8.1	3
9:31	ROM.14.19	3
9:31	1CO.14.4-1CO.14.5	3
9:31	1CO.14.12	3
9:31	1CO.14.26	3
9:31	2CO.12.19	3
9:31	EPH.1.13-EPH.1.14	3
9:31	EPH.4.12	3
9:31	EPH.4.16	3
9:31	EPH.4.29	3
9:31	PHP.2.1	3
9:31	1TH.5.11	3
9:31	2TH.2.16-2TH.2.17	3
9:31	1TI.1.4	3
9:31	HEB.4.9	3
9:31	JUD.1.20	3
9:31	1CO.3.9-1CO.3.15	2
9:32	ACT.9.13	4
9:32	PRO.2.8	3
9:32	ACT.8.25	3
9:32	PSA.16.3	2
9:32	MAT.27.52	2
9:32	ACT.1.8	2
9:32	ACT.8.14	2
9:32	ACT.9.41	2
9:32	ACT.26.10	2
9:32	ROM.1.7	2
9:32	GAL.2.7-GAL.2.9	2
9:32	EPH.1.1	2
9:32	PHP.1.1	2
9:33	LUK.13.16	3
9:33	MRK.2.3-MRK.2.11	2
9:33	MRK.5.25	2
9:33	MRK.9.21	2
9:33	JHN.5.5	2
9:33	JHN.9.1	2
9:33	JHN.9.21	2
9:33	ACT.3.2	2
9:33	ACT.4.22	2
9:33	ACT.14.8	2
9:34	MAT.9.6	6
9:34	ACT.3.6	6
9:34	ACT.3.12	6
9:34	ACT.16.18	5
9:34	MAT.8.3	4
9:34	MAT.9.28-MAT.9.30	4
9:34	ACT.3.16	4
9:34	ACT.4.10	4
9:34	JHN.2.11	2
9:35	ACT.11.21	7
9:35	1CH.5.16	5
9:35	ACT.9.42	5
9:35	ISA.35.2	4
9:35	1CH.27.29	3
9:35	PSA.22.27	3
9:35	2CO.3.16	3
9:35	DEU.4.30	2
9:35	PSA.110.3	2
9:35	ISA.31.6	2
9:35	ISA.33.9	2
9:35	ISA.65.10	2
9:35	ISA.66.8	2
9:35	LAM.3.40	2
9:35	HOS.12.6	2
9:35	HOS.14.2	2
9:35	LUK.1.16-LUK.1.17	2
9:35	ACT.4.4	2
9:35	ACT.5.12-ACT.5.14	2
9:35	ACT.6.7	2
9:35	ACT.15.19	2
9:35	ACT.19.10	2
9:35	ACT.19.20	2
9:35	ACT.26.18-ACT.26.20	2
9:35	1TH.1.9-1TH.1.10	2
9:35	JOL.2.13	1
9:36	TIT.2.7	10
9:36	TIT.3.8	10
9:36	2CH.2.16	8
9:36	ACT.10.31	7
9:36	HEB.13.21	7
9:36	EZR.3.7	6
9:36	ACT.10.4-ACT.10.5	6
9:36	TIT.2.14	6
9:36	JAS.1.27	6
9:36	PRO.5.19	5
9:36	JON.1.3	5
9:36	JHN.15.5	5
9:36	JHN.15.8	5
9:36	PHP.1.11	5
9:36	1TH.4.10	5
9:36	1TI.2.9-1TI.2.10	5
9:36	1TI.5.10	5
9:36	JOS.19.46	4
9:36	SNG.2.9	4
9:36	SNG.3.5	4
9:36	SNG.8.14	4
9:36	EPH.2.10	4
9:36	COL.1.10	4
9:37	ACT.1.13	5
9:37	ACT.20.8	3
9:37	MRK.14.15	2
9:37	JHN.11.3-JHN.11.4	2
9:37	JHN.11.36-JHN.11.37	2
9:37	ACT.9.39	2
9:38	ACT.9.36	3
9:38	2KI.4.28-2KI.4.30	2
9:38	ACT.9.32	2
9:38	ACT.11.26	2
9:39	PRO.10.7	3
9:39	PRO.31.30-PRO.31.31	3
9:39	EPH.4.28	3
9:39	1TH.1.3	3
9:39	2SA.1.24	2
9:39	JOB.31.19-JOB.31.20	2
9:39	ECC.9.10	2
9:39	MAT.17.17	2
9:39	MAT.25.36-MAT.25.39	2
9:39	MAT.26.11	2
9:39	MRK.14.8	2
9:39	LUK.24.44	2
9:39	JHN.12.8	2
9:39	JHN.17.12	2
9:39	ACT.6.1	2
9:39	ACT.8.2	2
9:39	ACT.9.36-ACT.9.37	2
9:39	ACT.9.41	2
9:39	ACT.20.35	2
9:39	2CO.8.12	2
9:39	1TH.4.13	2
9:39	JAS.2.15-JAS.2.17	2
9:39	1JN.3.18	2
9:40	MAT.9.25	8
9:40	MRK.5.40-MRK.5.42	6
9:40	LUK.8.54	5
9:40	2KI.4.32-2KI.4.36	4
9:40	ACT.7.60	4
9:40	1KI.17.19-1KI.17.23	3
9:40	MRK.9.25	3
9:40	JHN.11.43-JHN.11.44	3
9:40	LUK.22.41	2
9:40	ACT.20.36	2
9:40	ACT.21.5	1
9:41	MRK.1.31	3
9:41	ACT.6.1	3
9:41	GEN.45.26	2
9:41	1KI.17.23	2
9:41	JOB.29.13	2
9:41	PSA.146.9	2
9:41	LUK.7.12	2
9:41	LUK.7.15	2
9:41	ACT.3.7	2
9:41	ACT.20.12	2
9:42	JHN.11.45	3
9:42	JHN.12.11	3
9:42	JHN.12.44	3
9:42	ACT.9.35	3
9:42	ACT.11.21	3
9:42	JHN.11.4	2
9:42	ACT.19.17-ACT.19.18	2
9:43	ACT.10.6	6
9:43	ACT.10.32	5
10:1	ACT.27.1	5
10:1	MAT.27.27	4
10:1	ACT.8.40	4
10:1	MAT.8.5-MAT.8.13	3
10:1	ACT.27.43	3
10:1	MAT.27.54	2
10:1	JHN.18.3	2
10:1	ACT.25.1	2
10:1	MRK.15.16	1
10:1	ACT.22.25	1
10:1	ACT.23.33	1
10:1	ACT.25.13	1
10:1	ACT.27.31	1
10:1	LUK.7.2	0
10:1	JHN.18.12	0
10:1	ACT.21.8	0
10:1	ACT.23.23	0
10:2	MAT.7.7-MAT.7.8	19
10:2	ACT.10.4	9
10:2	ACT.10.22	7
10:2	ACT.10.35	5
10:2	ACT.13.16	5
10:2	ISA.58.7-ISA.58.8	4
10:2	ACT.8.2	4
10:2	ACT.10.7	4
10:2	DAN.6.16	3
10:2	LUK.2.25	3
10:2	ACT.18.8	3
10:2	REV.15.4	3
10:2	GEN.18.19	2
10:2	JOS.24.15	2
10:2	1KI.8.43	2
10:2	2CH.6.33	2
10:2	JOB.1.1	2
10:2	JOB.1.5	2
10:2	PSA.25.5	2
10:2	PSA.25.8-PSA.25.9	2
10:2	PSA.41.1	2
10:2	PSA.55.17	2
10:2	PSA.86.3	2
10:2	PSA.88.1	2
10:2	PSA.101.6-PSA.101.8	2
10:2	PSA.102.15	2
10:2	PSA.119.2	2
10:2	PRO.2.3-PRO.2.5	2
10:2	ECC.7.18	2
10:2	ISA.59.19	2
10:2	DAN.6.10	2
10:2	DAN.6.20	2
10:2	DAN.6.26	2
10:2	LUK.7.4-LUK.7.5	2
10:2	LUK.18.1	2
10:2	ACT.9.11	2
10:2	ACT.9.31	2
10:2	ACT.9.36	2
10:2	ACT.10.31	2
10:2	ACT.13.26	2
10:2	ACT.13.50	2
10:2	ACT.16.14-ACT.16.15	2
10:2	ACT.22.12	2
10:2	ROM.15.26-ROM.15.27	2
10:2	2CO.9.8-2CO.9.15	2
10:2	COL.4.2	2
10:2	1TH.5.17	2
10:2	JAS.1.5	2
10:2	ACT.2.5	0
10:3	DAN.9.20-DAN.9.21	18
10:3	ACT.3.1	6
10:3	ACT.5.19	4
10:3	ACT.9.4	3
10:3	ACT.9.10	3
10:3	ACT.10.17	3
10:3	ACT.10.19	3
10:3	ACT.10.30	3
10:3	EXO.33.17	2
10:3	JOB.4.15-JOB.4.16	2
10:3	ISA.45.4	2
10:3	MAT.27.46	2
10:3	LUK.1.11	2
10:3	LUK.2.10-LUK.2.11	2
10:3	LUK.2.13	2
10:3	LUK.23.44-LUK.23.46	2
10:3	ACT.11.13	2
10:3	ACT.12.7-ACT.12.11	2
10:3	ACT.27.23	2
10:3	HEB.1.4	2
10:3	HEB.1.14	2
10:4	PHP.4.6	29
10:4	HEB.6.10	18
10:4	MAL.3.16	15
10:4	ACT.10.31	15
10:4	PSA.141.2	14
10:4	REV.8.4	12
10:4	LUK.1.12-LUK.1.13	8
10:4	HEB.13.16	8
10:4	PHP.4.18	7
10:4	DAN.10.11	6
10:4	MAT.26.13	6
10:4	LUK.1.29	6
10:4	1SA.3.10	5
10:4	2CH.6.33	5
10:4	2CH.32.24	5
10:4	ISA.43.26	5
10:4	ISA.45.19	4
10:4	LUK.24.5	4
10:4	ACT.9.5-ACT.9.6	4
10:4	ACT.22.10	4
10:5	MRK.3.16	2
10:5	JHN.1.42	2
10:5	ACT.9.36	2
10:5	ACT.9.38	2
10:5	ACT.10.32	2
10:5	ACT.15.7	2
10:5	ACT.16.9	2
10:6	ACT.9.43	5
10:6	JHN.7.17	2
10:6	ACT.9.6	2
10:6	ACT.11.13-ACT.11.14	2
10:6	ROM.10.14-ROM.10.17	2
10:6	EPH.4.8-EPH.4.12	2
10:7	JDG.7.10	3
10:7	1SA.14.6-1SA.14.7	3
10:7	MAT.8.9-MAT.8.10	3
10:7	LUK.3.14	3
10:7	PHM.1.16	3
10:7	GEN.24.1-GEN.24.10	2
10:7	GEN.24.52	2
10:7	ACT.10.1-ACT.10.2	2
10:7	1TI.6.2	2
10:8	PSA.119.59-PSA.119.60	2
10:8	ECC.9.10	2
10:8	ACT.9.36	2
10:8	ACT.10.33	2
10:8	ACT.26.19	2
10:8	GAL.1.16	2
10:9	ZEP.1.5	4
10:9	PSA.55.17	3
10:9	1SA.9.25	2
10:9	JER.19.13	2
10:9	JER.32.29	2
10:9	DAN.6.10	2
10:9	MAT.6.6	2
10:9	MAT.20.5	2
10:9	MAT.24.17	2
10:9	MAT.27.45	2
10:9	MRK.1.35	2
10:9	MRK.6.46	2
10:9	ACT.6.4	2
10:9	ACT.10.8-ACT.10.32	2
10:9	ACT.11.5-ACT.11.14	2
10:9	EPH.6.18	1
10:9	1TI.2.8	1
10:10	ACT.22.17	6
10:10	NUM.24.4	3
10:10	NUM.24.16	3
10:10	EZK.8.1-EZK.8.3	3
10:10	EZK.11.24	3
10:10	EZK.40.2	3
10:10	MAT.4.2	3
10:10	MAT.12.1-MAT.12.3	3
10:10	MAT.21.18	3
10:10	2CO.12.2-2CO.12.4	3
10:10	REV.1.10	3
10:10	REV.4.2-REV.4.3	3
10:11	EPH.3.6	7
10:11	JHN.1.51	5
10:11	ROM.16.25-ROM.16.26	4
10:11	GEN.49.10	2
10:11	ISA.11.6-ISA.11.14	2
10:11	ISA.19.23-ISA.19.25	2
10:11	ISA.43.6	2
10:11	ISA.56.8	2
10:11	EZK.1.1	2
10:11	MAT.8.11	2
10:11	MAT.13.47-MAT.13.48	2
10:11	LUK.3.21	2
10:11	JHN.11.52	2
10:11	JHN.12.32	2
10:11	ACT.7.56	2
10:11	ROM.1.16	2
10:11	ROM.3.29-ROM.3.31	2
10:11	ROM.9.4	2
10:11	ROM.15.9-ROM.15.12	2
10:11	GAL.2.15	2
10:11	GAL.3.28	2
10:11	EPH.1.10	2
10:11	COL.3.11	2
10:11	REV.4.1	2
10:11	REV.11.19	2
10:11	REV.19.11	2
10:12	GEN.7.8-GEN.7.9	3
10:12	ISA.11.6-ISA.11.9	2
10:12	ISA.65.25	2
10:12	JHN.7.37	2
10:12	1CO.6.9-1CO.6.11	2
10:13	JHN.4.31-JHN.4.34	7
10:13	JER.35.2-JER.35.5	2
10:13	ACT.10.10	1
10:14	LEV.20.25	7
10:14	EZK.4.14	5
10:14	LEV.11.1-LEV.11.25	3
10:14	DEU.14.1-DEU.14.29	3
10:14	DAN.1.8	3
10:14	EXO.10.11	2
10:14	EZK.44.31	2
10:14	MAT.16.22	2
10:14	MAT.25.9	2
10:14	LUK.1.60	2
10:14	ACT.9.5	2
10:14	ACT.10.28	2
10:14	GEN.19.18	0
10:15	1CO.10.25	18
10:15	MAT.15.11	14
10:15	TIT.1.15	14
10:15	MRK.7.19	11
10:15	ROM.14.14	10
10:15	1TI.4.3-1TI.4.5	10
10:15	ACT.10.28	8
10:15	ACT.11.9	6
10:15	ACT.15.9	5
10:15	ACT.15.20	5
10:15	ROM.14.20	5
10:15	GAL.2.12-GAL.2.13	3
10:15	ACT.15.29	2
10:15	HEB.9.9-HEB.9.10	1
10:15	REV.14.14-REV.14.17	1
10:15	REV.14.20	1
10:16	GEN.41.32	3
10:16	JHN.21.17	3
10:16	2CO.13.1	2
10:17	JHN.13.12	2
10:17	ACT.2.12	2
10:17	ACT.5.24	2
10:17	ACT.9.43	2
10:17	ACT.10.3	2
10:17	ACT.10.7-ACT.10.19	2
10:17	ACT.25.20	2
10:17	1PE.1.11	2
10:18	ACT.10.5-ACT.10.6	2
10:18	ACT.11.11	2
10:19	ACT.8.29	7
10:19	ACT.11.12	4
10:19	ACT.13.2	4
10:19	ACT.21.4	4
10:19	JHN.16.13	3
10:19	1CO.12.11	3
10:19	1TI.4.1	3
10:19	ACT.16.6-ACT.16.7	2
10:20	ACT.15.7-ACT.15.9	4
10:20	ZEC.2.9-ZEC.2.11	3
10:20	ISA.48.16	2
10:20	MRK.16.15	2
10:20	ACT.8.26	2
10:20	ACT.9.15	2
10:20	ACT.9.17	2
10:20	ACT.13.4	2
10:21	MRK.10.51	2
10:21	JHN.1.38-JHN.1.39	2
10:21	ACT.10.29	2
10:21	JHN.18.4-JHN.18.8	1
10:22	ACT.11.14	5
10:22	ACT.10.2	3
10:22	ACT.22.12	3
10:22	3JN.1.12	3
10:22	HOS.14.9	2
10:22	HAB.2.4	2
10:22	MAT.1.19	2
10:22	MRK.6.20	2
10:22	MRK.8.38	2
10:22	LUK.2.25	2
10:22	LUK.7.4-LUK.7.5	2
10:22	LUK.23.50	2
10:22	JHN.5.24	2
10:22	JHN.6.63	2
10:22	JHN.6.68	2
10:22	JHN.13.20	2
10:22	JHN.17.8	2
10:22	JHN.17.20	2
10:22	ACT.6.3	2
10:22	ACT.10.6	2
10:22	ACT.10.33	2
10:22	ACT.24.15	2
10:22	ROM.1.17	2
10:22	ROM.10.17-ROM.10.18	2
10:22	2CO.5.18	2
10:22	1TI.3.7	2
10:22	HEB.10.38	2
10:22	HEB.11.2	2
10:22	HEB.12.23	2
10:22	2PE.3.2	2
10:23	ACT.10.45	5
10:23	ACT.11.12	5
10:23	HEB.13.2	3
10:23	1PE.4.9	3
10:23	GEN.19.2-GEN.19.3	2
10:23	GEN.24.31-GEN.24.32	2
10:23	JDG.19.19-JDG.19.21	2
10:23	ECC.9.10	2
10:23	ACT.9.38	2
10:23	ACT.9.42	2
10:23	ACT.10.29	2
10:23	ACT.10.33	2
10:23	2CO.8.21	2
10:24	ACT.8.40	2
10:24	ISA.2.3	1
10:24	MIC.4.2	1
10:24	ZEC.3.10	1
10:24	ZEC.8.20-ZEC.8.23	1
10:24	MAT.9.9-MAT.9.10	1
10:24	MRK.5.19-MRK.5.20	1
10:24	LUK.5.29	1
10:24	JHN.1.1-JHN.1.3	1
10:24	JHN.1.41-JHN.1.49	1
10:24	JHN.4.28-JHN.4.29	1
10:25	REV.19.10	8
10:25	REV.22.8-REV.22.9	7
10:25	DAN.2.46	5
10:25	MAT.8.2	5
10:25	DAN.2.30	4
10:25	ACT.14.11-ACT.14.13	4
10:25	MAT.14.33	2
10:26	REV.19.10	10
10:26	REV.22.8-REV.22.9	7
10:26	MAT.4.10	5
10:26	ACT.14.14-ACT.14.15	5
10:26	ISA.42.8	4
10:26	ISA.48.13	3
10:26	2TH.2.3-2TH.2.4	2
10:26	REV.13.8	2
10:27	JHN.4.35	3
10:27	ACT.10.24	3
10:27	2CO.2.12	3
10:27	ACT.14.27	2
10:27	1CO.16.9	2
10:27	COL.4.3	1
10:28	JHN.4.9	8
10:28	EPH.3.6-EPH.3.7	5
10:28	GAL.2.12-GAL.2.14	4
10:28	ISA.65.5	3
10:28	JHN.4.27	3
10:28	JHN.18.28	3
10:28	ACT.11.9	3
10:28	LUK.18.11	2
10:28	ACT.10.34-ACT.10.35	2
10:28	ACT.11.2-ACT.11.3	2
10:28	ACT.15.8-ACT.15.9	2
10:28	ACT.22.21-ACT.22.22	2
10:28	ACT.10.14-ACT.10.15	1
10:29	PSA.119.60	3
10:29	ACT.10.19-ACT.10.20	2
10:29	1PE.3.15	2
10:30	DAN.9.20-DAN.9.21	6
10:30	ACT.10.3	6
10:30	NEH.9.1-NEH.9.3	5
10:30	EZR.9.4-EZR.9.5	3
10:30	MAT.28.3	2
10:30	MRK.16.6	2
10:30	LUK.24.4	2
10:30	ACT.1.10	2
10:30	ACT.10.23-ACT.10.24	2
10:30	ACT.3.1	1
10:30	ACT.10.7-ACT.10.9	1
10:31	ACT.10.4	11
10:31	DAN.9.23	10
10:31	LUK.1.13	10
10:31	ISA.38.5	8
10:31	DAN.10.12	8
10:31	REV.8.3-REV.8.4	8
10:31	LEV.2.9	7
10:31	REV.5.8	7
10:31	LEV.2.2	6
10:31	LEV.5.12	6
10:31	PHP.4.18	6
10:31	HEB.6.10	5
10:33	GAL.4.14	4
10:33	JAS.1.19	4
10:33	DEU.5.25-DEU.5.29	3
10:33	2CH.30.12	3
10:33	PRO.1.5	3
10:33	PRO.9.9-PRO.9.10	3
10:33	PRO.25.12	3
10:33	MAT.18.4	3
10:33	MRK.10.15	3
10:33	ACT.17.11-ACT.17.12	3
10:33	ACT.28.28	3
10:33	1CO.3.18	3
10:33	1TH.2.13	3
10:33	JAS.1.21	3
10:33	1PE.2.1-1PE.2.2	3
10:33	PRO.18.15	2
10:33	MAT.19.30	2
10:34	ROM.2.11	26
10:34	2CH.19.7	21
10:34	DEU.10.17	19
10:34	COL.3.25	15
10:34	JOB.34.19	14
10:34	LUK.20.21	13
10:34	EPH.6.9	13
10:34	1PE.1.17	13
10:34	JAS.2.9	11
10:34	GAL.2.6	8
10:34	COL.3.11	8
10:34	PSA.82.1-PSA.82.2	7
10:34	EPH.6.19-EPH.6.20	7
10:34	JAS.2.4	7
10:34	DEU.16.19	5
10:34	MAT.22.16	4
10:34	MAT.5.2	1
10:34	ACT.8.35	0
10:35	1JN.2.29	15
10:35	ACT.10.2	11
10:35	ROM.10.12-ROM.10.13	11
10:35	ACT.15.9	8
10:35	COL.3.11	8
10:35	ECC.12.13	7
10:35	ISA.56.3-ISA.56.8	7
10:35	2CO.7.1	7
10:35	PSA.85.9	5
10:35	PRO.1.7	5
10:35	PRO.16.6	5
10:35	HEB.11.4-HEB.11.6	5
10:35	PSA.111.10	4
10:35	ACT.9.31	4
10:35	ROM.3.29-ROM.3.30	4
10:35	GAL.3.28	4
10:35	EPH.5.21	4
10:35	COL.1.6	4
10:35	COL.1.23-COL.1.27	4
10:35	JOB.28.28	3
10:35	PRO.2.5	3
10:35	PRO.3.7	3
10:35	HOS.8.13	3
10:35	LUK.1.28	3
10:35	ROM.2.13	3
10:35	ROM.2.25-ROM.2.29	3
10:35	ROM.3.22	3
10:35	1CO.12.13	3
10:35	EPH.1.6	3
10:35	EPH.2.13-EPH.2.18	3
10:35	EPH.3.6-EPH.3.8	3
10:35	PSA.19.9	2
10:35	PHP.3.3	2
10:35	GEN.4.5-GEN.4.7	1
10:36	MAT.28.18	9
10:36	ACT.2.36	9
10:36	REV.17.14	8
10:36	1CO.15.27	4
10:36	1PE.3.22	4
10:36	REV.1.18	4
10:36	PSA.2.6-PSA.2.8	3
10:36	2CO.5.18-2CO.5.21	3
10:36	EPH.1.20-EPH.1.23	3
10:36	EPH.2.13-EPH.2.18	3
10:36	EPH.4.5-EPH.4.12	3
10:36	PHP.2.11	3
10:36	HEB.1.6-HEB.1.12	3
10:36	HEB.7.2-HEB.7.3	3
10:36	HEB.13.20	3
10:36	REV.1.5	3
10:36	REV.19.16	3
10:36	PSA.24.7-PSA.24.10	2
10:36	PSA.45.6	2
10:36	PSA.45.11	2
10:36	PSA.72.1-PSA.72.3	2
10:36	PSA.72.7	2
10:36	PSA.85.9-PSA.85.10	2
10:36	PSA.110.1-PSA.110.2	2
10:36	ISA.7.14	2
10:36	ISA.9.6	2
10:36	ISA.32.15-ISA.32.17	2
10:36	ISA.45.21-ISA.45.25	2
10:36	ISA.55.12	2
10:36	ISA.57.19	2
10:36	JER.23.5-JER.23.6	2
10:36	DAN.7.13-DAN.7.14	2
10:36	HOS.1.7	2
10:36	MIC.5.2	2
10:36	MAL.3.1	2
10:36	MAT.10.6	2
10:36	MAT.11.27	2
10:36	MAT.22.44-MAT.22.46	2
10:36	LUK.2.10-LUK.2.14	2
10:36	LUK.24.47	2
10:36	JHN.3.35-JHN.3.36	2
10:36	JHN.5.23-JHN.5.29	2
10:36	ACT.2.38-ACT.2.39	2
10:36	ACT.3.25-ACT.3.26	2
10:36	ACT.5.31	2
10:36	ACT.11.19	2
10:36	ACT.13.32	2
10:36	ACT.13.46	2
10:36	ROM.10.11-ROM.10.13	2
10:36	ROM.14.9	2
10:36	1CO.15.47	2
10:36	COL.1.15-COL.1.18	2
10:36	COL.1.20	1
10:36	HEB.1.2	1
10:37	LUK.4.14	4
10:37	ACT.2.22	3
10:37	ACT.28.22	3
10:37	MAT.3.1-MAT.3.3	2
10:37	MAT.4.12-MAT.4.17	2
10:37	MRK.1.1-MRK.1.5	2
10:37	MRK.1.14-MRK.1.15	2
10:37	LUK.23.5	2
10:37	JHN.4.1-JHN.4.3	2
10:37	ACT.1.22	2
10:37	ACT.13.24-ACT.13.25	2
10:37	ACT.26.26	2
10:38	LUK.4.18	45
10:38	ISA.61.1-ISA.61.3	40
10:38	ACT.2.22	37
10:38	ISA.11.2	32
10:38	JHN.3.34	30
10:38	HEB.1.9	25
10:38	PSA.45.7	22
10:38	JHN.3.2	19
10:38	MAT.12.28	17
10:38	ISA.42.1	16
10:38	LUK.3.22	14
10:38	ACT.4.26-ACT.4.27	14
10:38	MRK.7.29-MRK.7.30	12
10:38	PSA.2.2	11
10:38	JHN.10.32	11
10:38	1JN.3.8	11
10:38	LUK.4.33-LUK.4.36	10
10:38	MRK.1.38-MRK.1.39	9
10:38	JHN.6.27	9
10:38	JHN.10.36-JHN.10.38	9
10:38	JHN.16.32	9
10:38	LUK.7.21-LUK.7.23	8
10:38	HEB.2.14-HEB.2.15	8
10:38	MAT.4.23-MAT.4.25	7
10:38	MAT.9.35	7
10:38	2CH.17.9	6
10:38	MRK.5.13-MRK.5.15	6
10:38	MRK.6.54-MRK.6.56	6
10:38	LUK.9.42	6
10:38	1PE.5.8	6
10:38	PSA.2.6	5
10:38	MAT.12.15	4
10:38	MAT.15.21-MAT.15.31	4
10:38	MRK.3.7-MRK.3.11	4
10:38	MRK.6.6	4
10:38	LUK.7.10-LUK.7.17	4
10:38	LUK.9.56	3
10:39	LUK.24.48	6
10:39	ACT.1.8	4
10:39	ACT.10.41	4
10:39	ACT.2.32	3
10:39	1PE.2.24	3
10:39	LUK.1.2	2
10:39	JHN.15.27	2
10:39	ACT.1.22	2
10:39	ACT.2.23-ACT.2.24	2
10:39	ACT.3.14-ACT.3.15	2
10:39	ACT.4.10	2
10:39	ACT.5.30-ACT.5.32	2
10:39	ACT.7.52	2
10:39	ACT.13.27-ACT.13.29	2
10:39	ACT.13.31	2
10:39	GAL.3.13	2
10:40	ACT.13.30-ACT.13.31	4
10:40	1PE.1.21	4
10:40	ACT.2.24	3
10:40	1CO.15.3-1CO.15.4	3
10:40	2CO.4.14	3
10:40	MAT.28.1-MAT.28.2	2
10:40	ACT.17.31	2
10:40	ROM.1.4	2
10:40	ROM.4.24-ROM.4.25	2
10:40	ROM.6.4-ROM.6.11	2
10:40	ROM.8.11	2
10:40	ROM.14.9	2
10:40	1CO.15.12-1CO.15.20	2
10:40	HEB.13.20	2
10:41	JHN.14.22	9
10:41	ACT.10.39	6
10:41	JHN.14.17	4
10:41	JHN.21.13	4
10:41	ACT.1.2-ACT.1.3	4
10:41	ACT.13.31	4
10:41	JHN.15.16	3
10:41	ACT.1.22	3
10:41	LUK.24.30	2
10:41	LUK.24.41-LUK.24.43	2
10:41	JHN.20.1-JHN.20.21	2
10:42	2CO.5.10	13
10:42	1PE.4.5	11
10:42	2TI.4.1	10
10:42	ROM.14.9-ROM.14.10	9
10:42	ACT.17.31	8
10:42	MAT.28.19-MAT.28.20	5
10:42	REV.20.11-REV.20.15	4
10:42	REV.22.12	4
10:42	MAT.25.31-MAT.25.46	3
10:42	MRK.16.15-MRK.16.16	3
10:42	ACT.1.2	3
10:42	ACT.4.19-ACT.4.20	3
10:42	LUK.24.47-LUK.24.48	2
10:42	JHN.5.22-JHN.5.29	2
10:42	JHN.21.21-JHN.21.22	2
10:42	ACT.1.8	2
10:42	ACT.5.20	2
10:42	ACT.5.29-ACT.5.32	2
10:42	2TI.4.8	2
10:42	REV.1.7	2
10:43	ZEC.13.1	30
10:43	ACT.2.38	27
10:43	ISA.53.11	22
10:43	JER.31.34	19
10:43	ROM.10.11	16
10:43	ACT.13.38-ACT.13.39	13
10:43	JHN.3.14-JHN.3.17	12
10:43	1PE.1.11	11
10:43	MAL.4.2	10
10:43	ROM.5.1	10
10:43	JHN.5.24	8
10:43	ACT.4.10-ACT.4.12	8
10:43	ROM.8.1	8
10:43	DAN.9.24	7
10:43	MIC.7.18	7
10:43	MRK.16.16	7
10:43	JHN.20.31	7
10:43	ACT.3.16	7
10:43	ACT.15.9	7
10:43	ACT.26.18	7
10:43	ACT.26.22	7
10:43	ROM.8.34	7
10:43	GAL.3.22	7
10:43	LUK.24.44-LUK.24.46	6
10:43	REV.19.10	6
10:43	LUK.24.25-LUK.24.27	5
10:43	ROM.6.23	4
10:43	EPH.1.7	4
10:43	COL.1.14	4
10:43	HEB.13.20	4
10:43	ACT.3.18	3
10:43	JHN.1.45	2
10:43	JHN.5.39-JHN.5.40	2
10:44	ACT.11.15	13
10:44	ACT.19.6	9
10:44	ACT.15.8	7
10:44	ACT.4.31	5
10:44	ACT.2.2-ACT.2.4	4
10:44	ACT.8.15-ACT.8.17	2
10:45	ACT.2.38	6
10:45	ACT.10.23	6
10:45	GAL.3.13-GAL.3.14	5
10:45	COL.2.13-COL.2.14	4
10:45	ACT.2.33	3
10:45	ACT.11.15-ACT.11.18	3
10:45	GAL.2.15	3
10:45	EPH.2.11	3
10:45	ACT.11.3	2
10:45	EPH.3.5-EPH.3.8	2
10:46	ACT.2.4	7
10:46	ACT.19.6	7
10:46	MRK.16.17	6
10:46	ACT.2.11	5
10:46	1CO.14.20-1CO.14.25	5
10:47	ACT.8.36	8
10:47	ACT.11.15-ACT.11.17	7
10:47	ROM.10.12	7
10:47	ACT.15.8-ACT.15.9	6
10:47	GEN.17.24-GEN.17.26	3
10:47	ACT.2.4	2
10:47	ACT.8.12	2
10:47	ROM.4.11	1
10:48	ACT.2.38	10
10:48	ACT.8.16	6
10:48	GAL.3.27	5
10:48	JHN.4.2	3
10:48	ACT.8.12	3
10:48	ACT.19.5	3
10:48	1CO.1.13-1CO.1.17	3
10:48	JHN.4.40	2
10:48	ACT.16.15	1
11:1	PSA.22.27	9
11:1	MAL.1.11	8
11:1	ROM.15.7-ROM.15.12	5
11:1	ISA.32.15	4
11:1	ISA.49.6	3
11:1	ZEC.8.20-ZEC.8.23	3
11:1	ACT.14.27	3
11:1	ACT.15.3	3
11:1	GAL.1.17-GAL.1.22	3
11:1	GEN.49.10	2
11:1	PSA.96.1-PSA.96.10	2
11:1	ISA.11.10	2
11:1	ISA.35.1-ISA.35.2	2
11:1	ISA.42.1	2
11:1	ISA.42.6	2
11:1	ISA.52.10	2
11:1	ISA.60.3	2
11:1	ISA.62.2	2
11:1	JER.16.19	2
11:1	HOS.2.23	2
11:1	AMO.9.11-AMO.9.12	2
11:1	MIC.5.7	2
11:1	ZEP.2.11	2
11:1	ZEP.3.9	2
11:1	ZEC.2.11	2
11:1	ACT.8.14-ACT.8.15	2
11:1	ACT.10.34-ACT.10.38	2
11:1	MAT.8.11	1
11:1	MRK.16.5	1
11:1	LUK.2.32	1
11:2	ACT.10.45	5
11:2	ACT.10.9	2
11:2	ACT.15.1	2
11:2	ACT.21.20-ACT.21.23	2
11:2	GAL.2.12-GAL.2.14	2
11:2	ACT.15.5	1
11:3	ACT.10.28	6
11:3	GAL.2.12	4
11:3	LUK.15.2	3
11:3	ACT.10.23	2
11:3	ACT.10.48	2
11:3	1CO.5.11	2
11:3	2JN.1.10	2
11:4	LUK.1.3	3
11:4	JOS.22.21-JOS.22.31	2
11:4	PRO.15.1	2
11:4	ACT.14.27	2
11:5	ACT.10.9-ACT.10.32	4
11:5	AMO.8.2	3
11:5	JER.1.11-JER.1.14	2
11:5	EZK.2.9	2
11:5	AMO.7.4-AMO.7.7	2
11:5	ACT.9.10	2
11:5	ACT.11.5-ACT.11.14	2
11:5	ACT.22.17	2
11:5	2CO.12.1-2CO.12.3	1
11:6	LUK.4.20	3
11:6	ACT.3.4	2
11:8	ROM.14.14	6
11:8	HOS.9.3	3
11:8	1CO.7.14	3
11:8	LEV.10.10	2
11:8	LEV.11.47	2
11:8	EZR.9.11-EZR.9.12	2
11:8	MRK.7.2	2
11:9	ACT.15.9	8
11:9	HEB.9.13-HEB.9.14	4
11:9	ACT.10.15	2
11:9	ACT.10.28	2
11:9	ACT.10.34-ACT.10.35	2
11:9	1TI.4.5	2
11:10	NUM.24.10	2
11:10	JHN.13.38	2
11:10	JHN.21.17	2
11:10	2CO.12.8	2
11:11	EXO.4.14	2
11:11	EXO.4.27	2
11:11	ACT.9.10-ACT.9.12	2
11:11	ACT.10.17-ACT.10.18	2
11:12	ACT.8.29	7
11:12	ROM.3.22	5
11:12	ACT.10.23	3
11:12	2TH.2.2	3
11:12	MAT.1.20	2
11:12	JHN.16.13	2
11:12	ACT.10.45	2
11:12	ACT.15.9	2
11:12	ACT.16.6-ACT.16.7	2
11:12	ACT.10.19-ACT.10.20	1
11:12	ACT.13.2	1
11:12	ACT.13.4	1
11:12	ACT.15.7	1
11:12	REV.22.17	1
11:13	ACT.10.30-ACT.10.32	3
11:13	ACT.9.43	2
11:13	ACT.10.3-ACT.10.6	2
11:13	ACT.10.22	2
11:13	ACT.12.11	2
11:13	HEB.1.14	1
11:14	ACT.10.22	6
11:14	ACT.16.15	6
11:14	ACT.16.31-ACT.16.34	5
11:14	GEN.17.7	4
11:14	JHN.12.50	4
11:14	JHN.20.31	4
11:14	ACT.2.39	4
11:14	ACT.10.2	4
11:14	ACT.10.6	4
11:14	ACT.10.32-ACT.10.33	4
11:14	1JN.5.9-1JN.5.13	4
11:14	GEN.18.19	3
11:14	PSA.19.7-PSA.19.11	3
11:14	PSA.103.17	3
11:14	PSA.112.2	3
11:14	PSA.115.13-PSA.115.14	3
11:14	PRO.20.7	3
11:14	ISA.61.8-ISA.61.9	3
11:14	JER.32.39	3
11:14	MRK.16.16	3
11:14	LUK.19.10	3
11:14	JHN.4.53	3
11:14	JHN.6.63	3
11:14	JHN.6.68	2
11:14	ACT.10.43	2
11:14	ACT.18.8	2
11:14	ROM.1.16-ROM.1.17	2
11:14	ROM.10.9-ROM.10.10	2
11:14	1CO.1.16	2
11:15	ACT.19.6	7
11:15	ACT.2.2-ACT.2.12	4
11:15	ACT.10.34-ACT.10.46	4
11:15	ACT.4.31	1
11:16	ACT.1.5	10
11:16	MRK.1.8	9
11:16	PRO.1.23	7
11:16	MAT.3.11	6
11:16	LUK.3.16	6
11:16	JHN.14.26	5
11:16	1CO.12.13	5
11:16	EZK.36.25	4
11:16	JOL.2.28	4
11:16	JOL.3.18	4
11:16	JHN.1.26	4
11:16	JHN.1.33	4
11:16	JHN.16.4	4
11:16	ACT.19.2-ACT.19.4	4
11:16	ACT.20.35	4
11:16	ISA.44.3-ISA.44.5	3
11:16	LUK.24.8	3
11:16	TIT.3.5-TIT.3.6	3
11:16	2PE.3.1	3
11:17	ACT.10.47	7
11:17	ROM.9.20-ROM.9.26	5
11:17	JOB.33.13	3
11:17	DAN.4.35	3
11:17	ACT.15.8-ACT.15.9	3
11:17	ROM.9.15-ROM.9.16	3
11:17	ROM.11.34-ROM.11.36	3
11:17	JOB.9.12-JOB.9.14	2
11:17	JOB.40.2	2
11:17	JOB.40.8-JOB.40.9	2
11:17	MAT.20.14-MAT.20.15	2
11:17	ACT.5.39	2
11:17	ACT.10.45	2
11:17	ACT.11.15	2
11:18	ROM.10.12-ROM.10.13	16
11:18	2CO.7.10	9
11:18	EZK.36.26	8
11:18	ACT.20.21	6
11:18	2TI.2.25-2TI.2.26	6
11:18	ACT.5.31	5
11:18	JAS.1.16-JAS.1.17	5
11:18	JER.31.18-JER.31.20	4
11:18	EPH.3.5-EPH.3.8	4
11:18	ISA.61.3	3
11:18	ACT.3.26	3
11:18	ACT.21.20	3
11:18	ROM.3.29-ROM.3.30	3
11:18	2CO.3.18	3
11:18	EPH.2.11-EPH.2.18	3
11:18	LEV.10.19-LEV.10.20	2
11:18	JOS.22.30	2
11:18	ISA.60.21	2
11:18	ACT.3.19	2
11:18	ACT.11.1	2
11:18	ACT.13.47-ACT.13.48	2
11:18	ACT.14.27	2
11:18	ACT.15.3	2
11:18	ACT.22.21-ACT.22.22	2
11:18	ACT.26.17-ACT.26.20	2
11:18	ROM.9.30	2
11:18	ROM.15.9-ROM.15.16	2
11:18	GAL.3.26-GAL.3.27	2
11:18	ZEC.12.10	1
11:18	GAL.1.24	1
11:19	ACT.4.36	3
11:19	ACT.15.3	3
11:19	ACT.15.22	3
11:19	ACT.15.35	3
11:19	ACT.21.2	3
11:19	MAT.10.6	2
11:19	JHN.7.35	2
11:19	ACT.3.26	2
11:19	ACT.8.1-ACT.8.4	2
11:19	ACT.11.26-ACT.11.27	2
11:19	ACT.13.1	2
11:19	ACT.13.4	2
11:19	ACT.13.46	2
11:19	ACT.15.39	2
11:19	ACT.18.22	2
11:19	ACT.21.16	2
11:19	GAL.2.11	2
11:20	MAT.27.32	4
11:20	ACT.13.1	4
11:20	ACT.2.10	3
11:20	ACT.6.9	3
11:20	1CO.1.23-1CO.1.24	3
11:20	EPH.3.8	3
11:20	JHN.7.35	2
11:20	ACT.4.36	2
11:20	ACT.5.42-ACT.6.1	2
11:20	ACT.8.5	2
11:20	ACT.8.35	2
11:20	ACT.9.20	2
11:20	ACT.9.29	2
11:20	ACT.17.18	2
11:20	1CO.2.2	2
11:21	LUK.1.66	5
11:21	ACT.2.47	5
11:21	ACT.5.14	4
11:21	ISA.59.1	3
11:21	ACT.6.7	3
11:21	ACT.9.35	3
11:21	1CO.3.6-1CO.3.7	3
11:21	1TH.1.5	3
11:21	2CH.30.12	2
11:21	EZR.7.9	2
11:21	EZR.8.18	2
11:21	NEH.2.8	2
11:21	NEH.2.18	2
11:21	ISA.53.1	2
11:21	ACT.4.4	2
11:21	ACT.11.24	2
11:21	ACT.26.18-ACT.26.20	2
11:21	1TH.1.9-1TH.1.10	2
11:21	ACT.15.19	0
11:22	ACT.9.27	3
11:22	ACT.4.36-ACT.4.37	2
11:22	ACT.8.14	2
11:22	ACT.11.1	2
11:22	ACT.13.1-ACT.13.3	2
11:22	ACT.15.2	2
11:22	ACT.15.22	2
11:22	ACT.15.35-ACT.15.39	2
11:22	1TH.3.6	2
11:23	1CO.15.58	12
11:23	ACT.14.22	9
11:23	ACT.13.43	6
11:23	1JN.2.28	6
11:23	DEU.30.20	5
11:23	JOS.23.8	5
11:23	ACT.20.24	5
11:23	2TI.3.10	5
11:23	DEU.10.20	4
11:23	JHN.8.31-JHN.8.32	4
11:23	COL.1.6	4
11:23	JOS.22.5	3
11:23	JHN.15.4	3
11:23	ACT.14.26	3
11:23	HEB.10.19-HEB.10.26	3
11:23	2PE.1.4-2PE.1.9	3
11:23	2PE.3.17-2PE.3.18	3
11:23	3JN.1.4	3
11:23	DAN.1.8	2
11:23	MAT.16.24	2
11:23	HEB.10.32-HEB.10.39	2
11:23	PSA.17.3	1
11:23	PRO.23.15	1
11:23	PRO.23.28	1
11:23	MRK.2.5	1
11:23	ACT.15.40	1
11:23	ACT.20.32	1
11:23	2CO.1.17	1
11:23	1TH.1.3-1TH.1.4	1
11:23	1TH.3.2-1TH.3.5	1
11:23	2TI.1.4-2TI.1.5	1
11:24	ACT.5.14	6
11:24	ACT.11.21	6
11:24	PSA.112.5	5
11:24	ACT.6.5	4
11:24	ACT.9.31	4
11:24	2SA.18.27	3
11:24	ACT.6.3	3
11:24	ACT.6.8	3
11:24	ROM.15.15	3
11:24	PSA.37.23	2
11:24	PRO.12.2	2
11:24	PRO.13.22	2
11:24	PRO.14.14	2
11:24	MAT.12.35	2
11:24	MAT.19.17	2
11:24	LUK.23.50	2
11:24	JHN.7.12	2
11:24	ACT.24.16	2
11:24	ROM.5.7	2
11:25	ACT.9.11	4
11:25	ACT.9.27	3
11:25	ACT.9.30	3
11:25	ACT.21.39	2
11:26	1PE.4.16	13
11:26	ACT.26.28	11
11:26	1PE.4.14	6
11:26	MAT.28.19	4
11:26	ACT.14.27	4
11:26	1CO.4.17	4
11:26	1CO.12.12	4
11:26	1CO.14.23	4
11:26	EPH.3.15	4
11:26	1JN.2.27	4
11:26	ACT.11.20	3
11:26	ACT.11.22	3
11:26	ACT.11.27	3
11:26	ACT.13.1-ACT.13.2	3
11:26	ACT.14.23	3
11:26	1CO.11.18	3
11:26	REV.3.18	3
11:26	ISA.65.15	2
11:26	ACT.6.5	2
11:27	ACT.13.1	7
11:27	1CO.12.28	5
11:27	EPH.4.11	4
11:27	MAT.23.34	3
11:27	ACT.2.17	3
11:27	ACT.15.32	3
11:27	ACT.21.4	2
11:27	ACT.21.9	2
11:27	1CO.14.32	2
11:28	ACT.21.10	6
11:28	ACT.18.2	4
11:28	1KI.17.1-1KI.17.16	3
11:28	LUK.2.1	3
11:28	LUK.3.1	3
11:28	GEN.41.30-GEN.41.31	2
11:28	GEN.41.38	2
11:28	2KI.8.1-2KI.8.2	2
11:28	MAT.24.14	1
11:29	2CO.8.12-2CO.8.14	7
11:29	1CO.16.1-1CO.16.2	4
11:29	2CO.8.2-2CO.8.4	4
11:29	GAL.2.10	4
11:29	ROM.15.25-ROM.15.27	3
11:29	1CO.13.5	3
11:29	2CO.9.1-2CO.9.2	3
11:29	HEB.13.5-HEB.13.6	3
11:29	EZR.2.69	2
11:29	NEH.5.8	2
11:29	LUK.12.29-LUK.12.33	2
11:29	ACT.2.44-ACT.2.45	2
11:29	ACT.4.34	2
11:29	ACT.11.1	2
11:29	ACT.11.26	2
11:29	ECC.11.1-ECC.11.2	1
11:29	1PE.4.9-1PE.4.11	1
11:30	ACT.12.25	5
11:30	ACT.14.23	5
11:30	ACT.15.4	4
11:30	ACT.15.6	4
11:30	ACT.16.4	4
11:30	ACT.20.17	4
11:30	1TI.5.17	4
11:30	TIT.1.5	4
11:30	JAS.5.14	4
11:30	1PE.5.1	3
11:30	ACT.15.2	2
11:30	ACT.15.23	2
11:30	ACT.21.18	2
11:30	1CO.16.3-1CO.16.4	2
11:30	2CO.8.17-2CO.8.21	2
11:30	1TI.5.19	2
11:30	2JN.1.1-3JN.1.14	2
12:1	MAT.24.9	21
12:1	JHN.15.20	15
12:1	MAT.10.17-MAT.10.18	14
12:1	LUK.22.53	8
12:1	JHN.16.2	8
12:1	ACT.4.30	3
12:1	ACT.9.31	1
12:2	HEB.11.37	8
12:2	MAT.4.21-MAT.4.22	5
12:2	MAT.20.23	5
12:2	MRK.10.35	3
12:2	MRK.10.38	3
12:2	1KI.19.1	2
12:2	1KI.19.10	2
12:2	JER.26.23	0
12:3	EXO.23.15	11
12:3	JHN.12.43	6
12:3	ACT.24.27	6
12:3	LEV.23.6-LEV.23.14	5
12:3	EXO.12.14-EXO.12.20	4
12:3	ACT.25.9	4
12:3	EXO.13.3-EXO.13.7	3
12:3	ACT.20.6	3
12:3	1CO.5.7-1CO.5.8	3
12:3	GAL.1.10	3
12:3	PSA.76.10	2
12:3	MAT.26.17	2
12:3	JHN.19.11	2
12:3	JHN.21.18	2
12:3	1TH.2.4	2
12:3	ACT.2.14	1
12:3	ACT.4.13	1
12:4	PRO.19.21	8
12:4	LUK.22.33	7
12:4	LUK.21.12	4
12:4	JHN.13.36-JHN.13.38	3
12:4	ACT.4.28	3
12:4	EST.3.6-EST.3.7	2
12:4	EST.3.13	2
12:4	PRO.27.1	2
12:4	MAT.24.9	2
12:4	MAT.26.5	2
12:4	MAT.27.64-MAT.27.66	2
12:4	JHN.21.18	2
12:4	ACT.4.3	2
12:4	LAM.3.37	1
12:4	JHN.19.23	1
12:4	ACT.5.18	1
12:4	ACT.8.3	1
12:4	ACT.16.23-ACT.16.24	1
12:5	1CO.12.26	21
12:5	1TH.5.17	17
12:5	JAS.5.16	17
12:5	EPH.6.18-EPH.6.20	15
12:5	2CO.1.11	13
12:5	MAT.18.19	11
12:5	LUK.18.1	7
12:5	ACT.12.12	6
12:5	ISA.62.6-ISA.62.7	5
12:5	HEB.13.3	5
12:6	ACT.21.33	5
12:6	HEB.13.6	5
12:6	1SA.23.26-1SA.23.27	3
12:6	EPH.6.20	3
12:6	PHP.4.6-PHP.4.7	3
12:6	2TI.1.16	3
12:6	GEN.22.14	2
12:6	PSA.3.5-PSA.3.6	2
12:6	PSA.4.8	2
12:6	JER.40.4	2
12:6	MAT.28.4	2
12:6	ACT.5.23	2
12:6	ACT.28.20	2
12:6	ISA.26.3-ISA.26.4	1
12:7	ACT.16.26	21
12:7	ACT.5.19	20
12:7	PSA.146.7	11
12:7	PSA.105.18-PSA.105.20	10
12:7	PSA.142.6-PSA.142.7	9
12:7	GEN.19.15-GEN.19.16	7
12:7	PSA.34.7	7
12:7	PSA.107.14	7
12:7	ACT.27.23-ACT.27.24	7
12:7	ACT.10.30	6
12:7	DAN.6.22	5
12:7	MIC.7.9	5
12:7	LUK.2.9	5
12:7	LUK.24.4	5
12:7	ACT.2.24	5
12:7	EPH.5.14	5
12:7	1KI.19.7	4
12:7	DAN.3.24-DAN.3.25	4
12:7	ACT.12.23	4
12:7	1KI.19.5	3
12:7	PSA.37.32-PSA.37.33	3
12:7	PSA.116.16	3
12:7	ISA.60.1	3
12:7	EZK.43.2	3
12:7	HAB.3.4	3
12:7	ACT.9.3	3
12:7	2SA.22.29	2
12:7	ISA.37.30	2
12:7	HAB.3.11	2
12:7	ACT.12.6	2
12:7	HEB.1.14	2
12:7	REV.18.1	2
12:9	PSA.126.1	5
12:9	HEB.11.8	4
12:9	GEN.45.26	2
12:9	ACT.10.3	2
12:9	ACT.26.19	2
12:9	JHN.2.5	1
12:9	ACT.9.10	1
12:9	ACT.10.17	1
12:9	ACT.11.5	1
12:9	2CO.12.1-2CO.12.3	1
12:9	GEN.6.22	0
12:10	ACT.5.19	7
12:10	ACT.16.26	7
12:10	ISA.45.1-ISA.45.2	5
12:10	GEN.40.3	4
12:10	GEN.42.17	4
12:10	NUM.15.34	4
12:10	JHN.20.19	4
12:10	ISA.21.8	3
12:10	ACT.12.4	3
12:10	JHN.20.26	2
12:10	REV.3.7	2
12:11	DAN.6.22	13
12:11	DAN.3.28	10
12:11	2PE.2.9	9
12:11	PSA.34.7	7
12:11	PSA.33.18	6
12:11	PSA.97.10	6
12:11	ACT.5.19	6
12:11	PSA.41.2	5
12:11	PSA.109.31	5
12:11	LUK.15.17	5
12:11	PSA.34.22	4
12:11	2SA.22.1	3
12:11	DAN.3.25	3
12:11	ACT.12.7	3
12:11	2CH.16.9	2
12:11	JOB.31.31	2
12:11	ACT.23.12-ACT.23.30	2
12:11	HEB.1.14	2
12:11	GEN.15.13	1
12:11	GEN.18.13	1
12:11	GEN.26.9	1
12:11	ACT.24.27	1
12:11	ACT.25.3-ACT.25.5	1
12:11	2CO.1.8-2CO.1.10	1
12:11	JOB.5.19	0
12:12	1JN.5.14-1JN.5.15	8
12:12	ACT.12.5	7
12:12	ISA.65.24	5
12:12	MAT.18.19-MAT.18.20	5
12:12	ACT.12.25	5
12:12	ACT.13.5	5
12:12	ACT.4.23	4
12:12	ACT.13.13	4
12:12	ACT.15.37-ACT.15.39	4
12:12	ACT.16.40	4
12:12	2TI.4.11	4
12:12	PHM.1.24	4
12:12	COL.4.10	3
12:12	1PE.5.13	2
12:13	LUK.13.25	3
12:13	ACT.12.16	3
12:13	JHN.18.16-JHN.18.17	1
12:14	LUK.24.41	6
12:14	MAT.28.8	3
12:15	MAT.18.10	7
12:15	MRK.16.11	3
12:15	MRK.16.14	3
12:15	LUK.24.11	3
12:15	LUK.24.37-LUK.24.38	3
12:15	ACT.26.24	3
12:15	GEN.48.16	2
12:15	JOB.9.16	2
12:17	ACT.21.40	8
12:17	ACT.13.16	6
12:17	ACT.19.33	6
12:17	ACT.15.13	5
12:17	ACT.21.18	5
12:17	GAL.1.19	4
12:17	GAL.2.9	4
12:17	GAL.2.12	4
12:17	MAT.10.23	3
12:17	JHN.8.59	3
12:17	JHN.11.54	3
12:17	1CO.15.7	3
12:17	PSA.66.16	2
12:17	PSA.102.20-PSA.102.21	2
12:17	PSA.107.21-PSA.107.22	2
12:17	PSA.116.14-PSA.116.15	2
12:17	PSA.146.7	2
12:17	LUK.1.22	2
12:17	JHN.7.1	2
12:17	JHN.10.40	2
12:17	JHN.13.24	2
12:17	ACT.16.40	2
12:17	JAS.1.1	2
12:18	ACT.5.22-ACT.5.25	3
12:18	ACT.16.27	2
12:18	ACT.19.23	2
12:19	ACT.16.27	4
12:19	PSA.37.32-PSA.37.33	3
12:19	JHN.12.10-JHN.12.11	3
12:19	1SA.23.14	2
12:19	1KI.20.43	2
12:19	EST.6.12	2
12:19	DAN.2.11-DAN.2.13	2
12:19	MAT.2.13	2
12:19	ACT.8.40	2
12:19	ACT.12.4	2
12:19	ACT.12.6	2
12:19	ACT.21.8	2
12:19	JER.36.26	1
12:19	MAT.2.16	1
12:19	MAT.28.11-MAT.28.15	1
12:19	ACT.25.13	1
12:19	ACT.27.42	1
12:20	EZR.3.7	5
12:20	EZK.27.17	4
12:20	MAT.11.21-MAT.11.22	4
12:20	LUK.14.31-LUK.14.32	3
12:20	LUK.16.8	3
12:20	GEN.10.15	2
12:20	GEN.10.19	2
12:20	JOS.19.29	2
12:20	1KI.5.9-1KI.5.11	2
12:20	2CH.2.10	2
12:20	2CH.2.15	2
12:20	PRO.17.14	2
12:20	PRO.25.8	2
12:20	ECC.10.4	2
12:20	ISA.23.1-ISA.23.4	2
12:20	ISA.27.4-ISA.27.5	2
12:20	HOS.2.8-HOS.2.9	2
12:20	AMO.4.6-AMO.4.9	2
12:20	HAG.1.8-HAG.1.11	2
12:20	HAG.2.16-HAG.2.17	2
12:20	PRO.20.18	1
12:22	ACT.14.10-ACT.14.13	6
12:22	JUD.1.16	4
12:22	REV.13.4	4
12:22	PSA.12.2	3
12:22	DAN.6.7	3
12:23	PSA.115.1	11
12:23	ACT.10.25-ACT.10.26	11
12:23	2TH.2.4	9
12:23	ACT.14.14-ACT.14.15	7
12:23	1SA.25.38	5
12:23	DAN.4.30-DAN.4.37	5
12:23	DAN.5.18-DAN.5.24	5
12:23	EXO.12.29	4
12:23	2SA.24.16-2SA.24.17	4
12:23	ISA.37.23	4
12:23	ISA.51.8	4
12:23	ISA.66.24	4
12:23	EZK.28.2	4
12:23	EXO.9.17	3
12:23	EXO.10.3	3
12:23	EXO.12.12	3
12:23	EXO.12.23	3
12:23	2KI.19.35	3
12:23	1CH.21.14-1CH.21.18	3
12:23	2CH.21.18-2CH.21.19	3
12:23	2CH.32.21	3
12:23	JOB.7.5	3
12:23	JOB.19.26	3
12:23	ISA.14.11	3
12:23	EZK.28.9	3
12:23	MRK.9.43-MRK.9.48	3
12:23	LUK.12.47-LUK.12.48	3
12:24	ACT.6.7	9
12:24	ACT.19.20	6
12:24	2TH.3.1	6
12:24	MAT.16.18	4
12:24	ACT.11.21	4
12:24	COL.1.6	3
12:24	PRO.28.28	2
12:24	ISA.41.10-ISA.41.13	2
12:24	ISA.54.14-ISA.54.17	2
12:24	DAN.2.24	2
12:24	DAN.2.44	2
12:24	ACT.5.39	2
12:24	ISA.55.10	1
12:25	ACT.12.12	7
12:25	ACT.15.37	4
12:25	1PE.5.13	4
12:25	ACT.4.36	3
12:25	ACT.11.29-ACT.11.30	3
12:25	ACT.13.1-ACT.13.52	2
13:1	ACT.4.36	10
13:1	ACT.15.35	8
13:1	ACT.11.22-ACT.11.27	7
13:1	ACT.13.9	6
13:1	GAL.2.9	6
13:1	LUK.3.1	5
13:1	ACT.15.32	5
13:1	1CO.14.24-1CO.14.25	5
13:1	EPH.4.11	5
13:1	MAT.14.1-MAT.14.10	4
13:1	LUK.3.19-LUK.3.20	4
13:1	LUK.13.31-LUK.13.32	4
13:1	LUK.23.7-LUK.23.11	4
13:1	ACT.8.1-ACT.8.3	4
13:1	ACT.11.30	4
13:1	ACT.14.26-ACT.14.27	4
13:1	ACT.19.6	4
13:1	ACT.21.9	4
13:1	ROM.12.6-ROM.12.7	4
13:1	ROM.16.21	4
13:1	1CO.9.6	4
13:1	1CO.12.28-1CO.12.29	4
13:1	GAL.2.13	4
13:1	PHP.4.22	4
13:1	ACT.9.1	3
13:1	ACT.11.19-ACT.11.20	3
13:1	ACT.12.25	3
13:1	1TH.5.20	3
13:2	GAL.1.15	15
13:2	ACT.9.15	12
13:2	1CO.12.11	11
13:2	ROM.1.1	10
13:2	2TI.1.11	10
13:2	DAN.9.3	8
13:2	ACT.14.26	8
13:2	ACT.22.21	7
13:2	1TI.2.7	7
13:2	1SA.2.11	6
13:2	MAT.6.16	6
13:2	LUK.2.37	6
13:2	ACT.8.29	6
13:2	ACT.10.19	6
13:2	GAL.2.8-GAL.2.9	6
13:2	COL.4.17	6
13:2	2TI.2.2	6
13:2	NUM.8.11-NUM.8.14	5
13:2	DEU.10.8	5
13:2	1CH.16.4	5
13:2	MAT.9.14-MAT.9.15	5
13:2	MAT.9.38	5
13:2	ACT.10.30	5
13:2	ACT.16.6-ACT.16.7	5
13:2	ROM.15.16	5
13:2	1CO.7.5	5
13:2	EPH.3.7	5
13:2	1CH.16.37-1CH.16.43	4
13:2	ACT.6.4	4
13:2	2TI.4.11	4
13:2	HEB.5.4	4
13:2	ACT.13.3	3
13:2	ACT.20.28	3
13:2	ROM.10.15	3
13:2	2CO.6.5	3
13:2	2CO.11.27	3
13:2	LUK.10.1	2
13:2	2TI.4.5	1
13:3	ACT.6.6	10
13:3	ACT.14.26	7
13:3	2TI.2.2	7
13:3	ACT.13.2	6
13:3	ACT.14.23	6
13:3	1TI.4.14	6
13:3	NUM.27.23	5
13:3	ROM.10.15	5
13:3	1TI.5.22	5
13:3	3JN.1.8	5
13:3	ACT.8.15-ACT.8.17	4
13:3	ACT.15.40	4
13:3	2TI.1.6	4
13:3	ACT.9.17	3
13:3	3JN.1.6	3
13:4	ACT.4.36	5
13:4	ACT.13.2	4
13:4	ACT.11.19	3
13:4	ACT.20.23	2
13:4	ACT.27.4	2
13:5	ACT.13.14	6
13:5	ACT.13.46	5
13:5	ACT.9.20	3
13:5	ACT.12.12	3
13:5	ACT.14.1	3
13:5	ACT.17.17	3
13:5	ACT.18.4	3
13:5	ACT.19.8	3
13:5	ACT.12.25	2
13:5	ACT.15.37	2
13:5	ACT.17.1-ACT.17.3	2
13:5	COL.4.10	2
13:5	2TI.4.11	2
13:6	MAT.7.15	8
13:6	1JN.4.1	5
13:6	MRK.10.46	4
13:6	2CO.11.13	4
13:6	EXO.22.18	3
13:6	DEU.13.1-DEU.13.3	3
13:6	JER.23.14-JER.23.15	3
13:6	EZK.13.10-EZK.13.16	3
13:6	ZEC.13.3	3
13:6	MAT.16.17	3
13:6	MAT.24.24	3
13:6	LEV.20.6	2
13:6	DEU.18.10-DEU.18.12	2
13:6	1KI.22.22	2
13:6	1CH.10.13	2
13:6	ISA.8.19-ISA.8.20	2
13:6	JHN.21.15-JHN.21.17	2
13:6	ACT.8.9-ACT.8.11	2
13:6	ACT.19.18-ACT.19.19	2
13:6	2TI.3.8	2
13:6	2PE.2.1-2PE.2.3	2
13:6	REV.19.20	2
13:7	ACT.13.12	5
13:7	ACT.19.38	5
13:7	PRO.18.15	4
13:7	ACT.18.12	4
13:7	ACT.13.8	3
13:7	PRO.14.8	2
13:7	PRO.14.15	2
13:7	PRO.14.18	2
13:7	HOS.14.9	2
13:7	ACT.17.11-ACT.17.12	2
13:7	1TH.5.21	2
13:8	2TI.3.8	6
13:8	ACT.13.6-ACT.13.7	4
13:8	2TI.4.14-2TI.4.15	4
13:8	ACT.9.36	3
13:8	ACT.13.12	3
13:8	EXO.7.11-EXO.7.13	2
13:8	1KI.22.24	2
13:8	JER.28.1	2
13:8	JER.28.10-JER.28.11	2
13:8	JER.29.24-JER.29.32	2
13:8	JHN.1.41	2
13:8	ACT.6.7	2
13:8	ACT.8.9	2
13:9	MIC.3.8	24
13:9	ACT.4.8	7
13:9	ACT.2.4	6
13:9	ACT.7.55	5
13:9	MRK.3.5	4
13:9	ACT.4.31	1
13:10	JHN.8.44	12
13:10	MAT.13.38	8
13:10	2CO.11.3	8
13:10	HOS.14.9	7
13:10	GAL.1.7	7
13:10	LUK.11.52	6
13:10	1JN.3.8	5
13:10	ACT.8.20-ACT.8.23	4
13:10	MAT.3.7	3
13:10	MAT.15.19	3
13:10	MAT.23.13	3
13:10	MAT.23.25-MAT.23.33	3
13:10	ACT.18.25-ACT.18.26	3
13:10	ACT.20.30	3
13:10	2PE.2.15	3
13:10	GEN.3.15	2
13:10	GEN.18.19	2
13:10	2CH.17.6	2
13:10	ECC.9.3	2
13:10	JER.23.36	2
13:10	LUK.11.39	2
13:10	JHN.1.23	2
13:11	EXO.9.3	5
13:11	PSA.32.4	5
13:11	1SA.5.11	4
13:11	HEB.10.31	4
13:11	JOB.19.21	3
13:11	JHN.9.39	3
13:11	2PE.2.17	3
13:11	GEN.19.11	2
13:11	1SA.5.6-1SA.5.7	2
13:11	1SA.5.9	2
13:11	2KI.6.8	2
13:11	PSA.38.2	2
13:11	PSA.39.10-PSA.39.11	2
13:11	ISA.29.10	2
13:11	ACT.9.8-ACT.9.9	2
13:11	ACT.9.17	2
13:11	ROM.11.7-ROM.11.10	2
13:11	ROM.11.25	2
13:12	2CO.10.4-2CO.10.5	5
13:12	ACT.13.7	4
13:12	LUK.4.22	3
13:12	MAT.7.28-MAT.7.29	2
13:12	MAT.27.54	2
13:12	LUK.7.16	2
13:12	JHN.7.46	2
13:12	ACT.6.10	2
13:12	ACT.13.49	2
13:12	ACT.15.35	2
13:12	ACT.19.7	2
13:12	ACT.28.7	2
13:13	ACT.15.38	6
13:13	ACT.2.10	3
13:13	ACT.12.12	3
13:13	ACT.13.5-ACT.13.6	3
13:13	ACT.14.24-ACT.14.25	3
13:13	ACT.27.5	3
13:13	ACT.27.13	2
13:13	COL.4.10	2
13:13	2TI.4.11	2
13:14	ACT.16.13	6
13:14	ACT.13.5	5
13:14	ACT.14.19	5
13:14	ACT.17.2	5
13:14	ACT.18.4	4
13:14	ACT.9.20	3
13:14	ACT.13.42	3
13:14	ACT.13.44	3
13:14	ACT.19.8	3
13:14	ACT.14.21-ACT.14.24	2
13:15	HEB.13.22	6
13:15	ACT.15.21	5
13:15	MRK.5.22	4
13:15	LUK.4.16-LUK.4.18	3
13:15	ACT.13.27	3
13:15	ACT.18.17	3
13:15	ACT.22.1	3
13:15	ROM.12.8	3
13:15	1CO.14.3	3
13:15	LUK.16.16	2
13:15	ACT.1.16	2
13:15	ACT.2.4	2
13:15	ACT.2.29	2
13:15	ACT.2.37	2
13:15	ACT.7.2	2
13:15	ACT.15.7	2
13:15	ACT.18.8	2
13:15	ACT.20.2	2
13:16	ACT.12.17	5
13:16	ACT.10.2	4
13:16	ACT.13.26	4
13:16	DEU.32.46-DEU.32.47	2
13:16	1KI.8.40	2
13:16	PSA.49.1-PSA.49.3	2
13:16	PSA.67.7	2
13:16	PSA.78.1-PSA.78.2	2
13:16	PSA.85.9	2
13:16	PSA.135.20	2
13:16	MIC.3.8-MIC.3.9	2
13:16	MAT.11.15	2
13:16	LUK.1.50	2
13:16	ACT.2.14	2
13:16	ACT.2.22	2
13:16	ACT.3.12	2
13:16	ACT.10.35	2
13:16	ACT.13.42-ACT.13.43	2
13:16	ACT.13.46	2
13:16	ACT.19.33	2
13:16	ACT.21.40-ACT.22.1	2
13:16	ACT.22.22	2
13:16	REV.2.7	2
13:16	REV.2.11	2
13:16	REV.2.17	2
13:16	REV.2.29	2
13:16	LUK.23.40	1
13:17	DEU.7.6-DEU.7.8	8
13:17	ISA.63.9-ISA.63.14	4
13:17	GEN.17.7-GEN.17.8	3
13:17	DEU.4.20	3
13:17	DEU.4.37	3
13:17	DEU.14.2	3
13:17	PSA.105.23-PSA.105.24	3
13:17	PSA.135.4	3
13:17	PSA.136.10-PSA.136.15	3
13:17	AMO.2.10	3
13:17	MIC.6.4	3
13:17	ACT.7.2-ACT.7.53	3
13:17	1PE.2.9	3
13:17	GEN.12.1-GEN.12.3	2
13:17	EXO.1.7-EXO.1.9	2
13:17	EXO.6.1-EXO.6.14	2
13:17	EXO.13.14	2
13:17	EXO.13.16	2
13:17	EXO.15.1-EXO.15.21	2
13:17	EXO.18.11	2
13:17	DEU.4.34	2
13:17	DEU.7.19	2
13:17	DEU.9.5	2
13:17	DEU.10.22	2
13:17	1SA.4.8	2
13:17	NEH.9.7-NEH.9.12	2
13:17	PSA.77.13-PSA.77.20	2
13:17	PSA.78.12-PSA.78.13	2
13:17	PSA.78.42-PSA.78.53	2
13:17	PSA.105.6-PSA.105.12	2
13:17	PSA.105.26-PSA.105.39	2
13:17	PSA.105.42-PSA.105.43	2
13:17	PSA.106.7-PSA.106.11	2
13:17	PSA.114.1-PSA.114.8	2
13:17	PSA.135.8-PSA.135.10	2
13:17	ISA.41.8-ISA.41.9	2
13:17	ISA.44.1	2
13:17	JER.32.20-JER.32.21	2
13:17	MIC.7.15-MIC.7.16	2
13:17	JER.33.24-JER.33.26	1
13:18	ACT.7.36	6
13:18	EXO.16.2	3
13:18	EXO.16.35	3
13:18	NUM.14.22	3
13:18	NUM.14.33-NUM.14.34	3
13:18	DEU.1.31	3
13:18	DEU.9.7	3
13:18	DEU.9.21-DEU.9.24	3
13:18	NEH.9.16-NEH.9.21	3
13:18	PSA.78.17-PSA.78.42	3
13:18	PSA.95.8-PSA.95.11	3
13:18	PSA.106.13-PSA.106.29	3
13:18	EZK.20.10-EZK.20.17	3
13:18	AMO.5.25-AMO.5.26	3
13:18	ACT.7.39-ACT.7.43	3
13:18	HEB.3.7-HEB.3.10	3
13:18	HEB.3.16-HEB.3.19	3
13:18	1CO.10.1-1CO.10.10	2
13:19	DEU.7.1	9
13:19	PSA.78.55	8
13:19	ACT.7.45	6
13:19	JOS.14.1	5
13:19	JOS.19.51	5
13:19	GEN.17.8	4
13:19	GEN.12.5	3
13:19	NUM.26.53-NUM.26.56	3
13:19	JOS.18.10	3
13:19	JOS.24.11	3
13:19	NEH.9.24	3
13:19	PSA.135.11	3
13:19	JOS.23.4	1
13:20	JDG.2.16	6
13:20	1SA.3.20	4
13:20	JDG.3.10	2
13:20	RUT.1.1	2
13:20	1SA.12.11	2
13:20	2SA.7.11	2
13:20	2KI.23.22	2
13:20	1CH.17.6	2
13:20	ACT.3.24	2
13:21	1SA.10.1	8
13:21	1SA.15.1	4
13:21	1SA.8.5-1SA.9.2	3
13:21	1SA.10.21-1SA.10.26	3
13:21	1SA.11.15	3
13:21	1SA.12.12-1SA.12.19	3
13:22	1SA.13.13-1SA.13.14	38
13:22	1KI.15.5	18
13:22	1SA.16.13	16
13:22	PSA.78.70-PSA.78.72	16
13:22	1SA.16.1	15
13:22	1SA.15.26	9
13:22	1SA.15.28	9
13:22	PSA.89.19-PSA.89.37	9
13:22	EZK.37.24-EZK.37.25	9
13:22	HOS.13.10-HOS.13.11	7
13:22	1SA.15.23	6
13:22	2SA.2.4	6
13:22	2SA.7.8	6
13:22	1KI.15.3	6
13:22	ACT.7.46	6
13:22	2SA.5.3-2SA.5.5	5
13:22	1CH.10.13	5
13:22	HOS.3.5	5
13:22	1SA.12.25	4
13:22	1SA.15.11	4
13:22	1SA.31.6	4
13:22	2SA.7.15	4
13:22	1CH.28.4-1CH.28.5	4
13:22	PSA.2.6	4
13:22	JER.33.26	4
13:22	ACT.15.8	4
13:22	HEB.11.4-HEB.11.5	4
13:22	JER.33.21	3
13:22	EZK.34.23	3
13:22	1SA.28.16	2
13:23	MAT.1.1	12
13:23	PSA.132.11	8
13:23	REV.22.16	7
13:23	ACT.13.32	4
13:23	TIT.3.3-TIT.3.6	4
13:23	JUD.1.25	4
13:23	2SA.7.12	3
13:23	PSA.89.35-PSA.89.37	3
13:23	ISA.11.1	3
13:23	ISA.11.10	3
13:23	JER.23.5-JER.23.6	3
13:23	JER.33.15-JER.33.17	3
13:23	LUK.1.69	3
13:23	ROM.1.3	3
13:23	TIT.2.10-TIT.2.14	3
13:23	2PE.3.2	3
13:23	ISA.7.13	2
13:23	ISA.43.11	2
13:23	ISA.45.21	2
13:23	AMO.9.11	2
13:23	ZEC.9.9	2
13:23	MAT.1.21	2
13:23	MAT.21.9	2
13:23	MAT.22.42	2
13:23	LUK.1.31-LUK.1.33	2
13:23	LUK.2.10-LUK.2.11	2
13:23	JHN.4.42	2
13:23	JHN.7.42	2
13:23	ACT.2.30	2
13:23	ACT.2.32-ACT.2.36	2
13:23	ACT.3.26	2
13:23	ACT.4.12	2
13:23	ACT.5.30-ACT.5.31	2
13:23	ROM.11.26	2
13:23	TIT.1.4	2
13:23	2PE.1.1	2
13:23	2PE.1.11	2
13:23	2PE.2.20	2
13:23	2PE.3.18	2
13:23	1JN.4.14	2
13:24	ACT.1.22	5
13:24	MAT.3.1-MAT.3.11	3
13:24	MRK.1.2-MRK.1.8	3
13:24	LUK.3.2-LUK.3.20	3
13:24	ACT.10.37	3
13:24	ACT.19.3-ACT.19.4	3
13:24	LUK.1.76	2
13:24	JHN.1.6-JHN.1.8	2
13:24	JHN.1.15-JHN.1.18	2
13:24	JHN.3.25-JHN.3.36	2
13:24	JHN.5.33-JHN.5.36	2
13:25	MAT.3.11	10
13:25	MRK.1.7	6
13:25	JHN.1.26-JHN.1.27	6
13:25	LUK.3.15-LUK.3.16	4
13:25	JHN.1.20-JHN.1.23	4
13:25	ACT.20.24	4
13:25	MRK.6.16-MRK.6.28	2
13:25	JHN.1.29	2
13:25	JHN.1.34	2
13:25	JHN.1.36	2
13:25	JHN.3.27-JHN.3.29	2
13:25	JHN.4.34	2
13:25	JHN.7.18	2
13:25	JHN.19.28-JHN.19.30	2
13:25	ACT.13.36	2
13:25	ACT.19.4	2
13:25	2CO.4.5	2
13:25	2TI.4.7	2
13:25	REV.11.7	2
13:26	ISA.46.13	6
13:26	LUK.1.69	6
13:26	LUK.1.77	6
13:26	ROM.1.16	6
13:26	EPH.1.13	6
13:26	COL.1.5	6
13:26	PSA.147.19-PSA.147.20	5
13:26	MAT.3.9	5
13:26	MAT.10.6	5
13:26	LUK.24.47	5
13:26	ACT.4.12	5
13:26	ACT.5.20	5
13:26	ACT.10.35	5
13:26	ACT.13.43	5
13:26	ACT.13.46	5
13:26	ACT.3.26	4
13:26	ACT.13.15-ACT.13.17	4
13:26	ACT.16.17	4
13:26	2CO.5.19-2CO.5.21	4
13:26	PSA.105.6	3
13:26	ISA.48.1	3
13:26	ISA.51.1-ISA.51.2	3
13:26	ACT.28.28	3
13:26	2CH.20.7	2
13:26	ISA.41.8	2
13:27	ACT.3.17	6
13:27	LUK.24.20	4
13:27	LUK.24.24-LUK.24.27	4
13:27	ACT.15.21	4
13:27	ACT.26.22-ACT.26.23	4
13:27	ROM.11.25	4
13:27	MAT.22.29	3
13:27	JHN.8.28	3
13:27	JHN.15.21	3
13:27	ACT.28.23	3
13:27	ROM.11.8-ROM.11.10	3
13:27	1CO.2.8	3
13:27	2CO.3.14	3
13:27	2CO.4.4	3
13:27	GEN.50.20	2
13:27	MAT.26.54-MAT.26.56	2
13:27	LUK.22.34	2
13:27	LUK.24.44-LUK.24.45	2
13:27	JHN.16.3	2
13:27	JHN.19.36-JHN.19.37	2
13:27	ACT.13.14-ACT.13.15	2
13:27	1TI.1.13	2
13:27	JHN.19.28-JHN.19.30	1
13:28	MAT.27.22-MAT.27.25	3
13:28	LUK.23.14-LUK.23.16	3
13:28	LUK.23.21-LUK.23.25	3
13:28	JHN.19.4	3
13:28	MAT.27.19	2
13:28	MRK.15.13-MRK.15.15	2
13:28	LUK.23.4-LUK.23.5	2
13:28	JHN.18.38	2
13:28	ACT.3.13-ACT.3.14	2
13:28	JHN.19.12-JHN.19.16	1
13:29	LUK.23.53	7
13:29	JHN.19.28	5
13:29	JHN.19.30	5
13:29	MAT.27.57-MAT.27.60	3
13:29	MRK.15.45-MRK.15.46	3
13:29	LUK.24.44	3
13:29	JHN.19.36-JHN.19.42	3
13:29	ACT.5.30	3
13:29	1CO.15.4	3
13:29	LUK.18.31-LUK.18.33	2
13:29	ACT.2.23	2
13:29	ACT.4.28	2
13:29	ACT.13.27	2
13:30	ACT.2.24	6
13:30	ACT.17.31	4
13:30	MAT.28.6	3
13:30	JHN.2.19	2
13:30	JHN.10.17	2
13:30	ACT.2.32	2
13:30	ACT.3.13	2
13:30	ACT.3.15	2
13:30	ACT.3.26	2
13:30	ACT.4.10	2
13:30	ACT.5.30-ACT.5.31	2
13:30	ACT.10.40	2
13:30	HEB.13.20	2
13:31	LUK.24.48	6
13:31	ACT.1.3	6
13:31	MAT.28.16	3
13:31	ACT.1.8	3
13:31	ACT.1.11	3
13:31	1CO.15.5-1CO.15.7	3
13:31	MRK.16.12-MRK.16.14	2
13:31	LUK.24.36-LUK.24.42	2
13:31	JHN.15.27	2
13:31	JHN.20.19-JHN.20.29	2
13:31	JHN.21.1-JHN.21.14	2
13:31	ACT.1.22	2
13:31	ACT.2.32	2
13:31	ACT.3.15	2
13:31	ACT.5.32	2
13:31	ACT.10.39	2
13:31	ACT.10.41	2
13:31	HEB.2.3-HEB.2.4	2
13:32	ROM.4.13	8
13:32	ACT.26.6	7
13:32	EZK.34.23	4
13:32	JER.23.5	3
13:32	MIC.5.2	3
13:32	ZEC.6.12	3
13:32	ACT.13.38	3
13:32	ROM.9.4	3
13:32	GAL.3.16-GAL.3.18	3
13:32	GEN.3.15	2
13:32	GEN.12.3	2
13:32	GEN.22.18	2
13:32	GEN.26.4	2
13:32	GEN.49.10	2
13:32	DEU.18.15	2
13:32	ISA.7.14	2
13:32	ISA.9.6-ISA.9.7	2
13:32	ISA.11.1	2
13:32	ISA.40.9	2
13:32	ISA.41.27	2
13:32	ISA.52.7	2
13:32	ISA.61.1	2
13:32	DAN.9.24-DAN.9.26	2
13:32	HAG.2.7	2
13:32	ZEC.9.9	2
13:32	ZEC.13.1	2
13:32	ZEC.13.7	2
13:32	MAL.3.1	2
13:32	MAL.4.2	2
13:32	LUK.1.19	2
13:32	LUK.1.54-LUK.1.55	2
13:32	LUK.1.68-LUK.1.73	2
13:32	LUK.2.10	2
13:32	ACT.3.19	2
13:32	ACT.5.42	2
13:32	ROM.10.15	2
13:33	PSA.2.7	16
13:33	HEB.5.5	12
13:33	HEB.1.5-HEB.1.6	11
13:34	ISA.55.3	11
13:34	PSA.89.2-PSA.89.4	9
13:34	ROM.6.9	6
13:34	PSA.89.19-PSA.89.37	4
13:34	2SA.7.14-2SA.7.16	3
13:34	JER.33.15-JER.33.17	3
13:34	JER.33.26	3
13:34	EZK.34.23-EZK.34.24	3
13:34	2SA.23.5	2
13:34	EZK.37.24-EZK.37.25	2
13:34	AMO.9.11	2
13:34	ZEC.12.8	2
13:34	ACT.13.37	2
13:34	HOS.3.5	1
13:35	PSA.16.10	17
13:35	ACT.2.27-ACT.2.31	6
13:35	ACT.13.36-ACT.13.37	3
13:35	PSA.49.9	2
13:35	PSA.89.48	2
13:35	LUK.2.26	2
13:35	JHN.3.36	2
13:35	JHN.8.51	2
13:35	HEB.11.5	2
13:36	ACT.2.29	10
13:36	2SA.7.12	7
13:36	1KI.2.10	7
13:36	ACT.13.22	6
13:36	1CH.18.14	3
13:36	GEN.3.19	2
13:36	1CH.13.2-1CH.13.4	2
13:36	1CH.15.25-1CH.15.29	2
13:36	1CH.17.11	2
13:36	1CH.22.1-1CH.22.19	2
13:36	2CH.9.31	2
13:36	2CH.12.16	2
13:36	2CH.21.1	2
13:36	2CH.26.23	2
13:36	JOB.17.14	2
13:36	JOB.19.26-JOB.19.27	2
13:36	JOB.21.26	2
13:36	PSA.49.9	2
13:36	PSA.49.14	2
13:36	PSA.78.71-PSA.78.72	2
13:36	JHN.11.39	2
13:36	1CO.15.6	2
13:36	1CO.15.18	2
13:36	1CO.15.53-1CO.15.54	2
13:36	1CH.11.2	1
13:36	1CH.15.12-1CH.15.16	1
13:36	ACT.7.60	1
13:36	ACT.20.27	1
13:36	1CO.15.42-1CO.15.44	1
13:36	1TH.4.13	1
13:37	ACT.13.30	5
13:37	ACT.2.24	4
13:38	LUK.24.47	12
13:38	2CO.5.18-2CO.5.21	8
13:38	1JN.2.12	8
13:38	ACT.5.31	7
13:38	COL.1.14	7
13:38	ACT.2.38	6
13:38	ACT.28.28	6
13:38	EPH.1.7	6
13:38	JHN.1.29	5
13:38	ACT.4.10	5
13:38	ACT.10.43	5
13:38	HEB.9.9-HEB.9.14	5
13:38	1JN.2.1-1JN.2.2	5
13:38	PSA.32.1	4
13:38	PSA.130.4	4
13:38	PSA.130.7	4
13:38	JER.31.34	4
13:38	EZK.36.32	4
13:38	DAN.9.24	4
13:38	MIC.7.18-MIC.7.20	4
13:38	ACT.2.14	4
13:38	EPH.4.32	4
13:38	HEB.9.22	4
13:38	DAN.3.18	3
13:38	ZEC.13.1	3
13:38	HEB.8.6	3
13:38	HEB.8.12-HEB.8.13	3
13:38	HEB.10.4-HEB.10.18	3
13:39	ROM.10.4	16
13:39	GAL.2.16	16
13:39	ROM.8.3	12
13:39	HEB.7.19	12
13:39	ROM.10.10	11
13:39	ROM.8.1	9
13:39	ROM.3.19	8
13:39	ROM.4.15	8
13:39	ROM.4.5-ROM.4.8	7
13:39	JHN.1.17	6
13:39	ROM.5.9	6
13:39	GAL.3.21-GAL.3.25	6
13:39	ROM.5.20	5
13:39	HEB.10.11	5
13:39	JOB.9.20	4
13:39	JOB.25.4	4
13:39	PSA.143.2	4
13:39	ACT.10.43	4
13:39	ROM.3.24-ROM.3.30	4
13:39	ROM.4.24	4
13:39	ROM.5.1	4
13:39	ROM.7.9-ROM.7.11	4
13:39	PHP.3.6-PHP.3.9	4
13:39	HEB.10.4	4
13:39	LUK.10.28	3
13:39	LUK.18.14	3
13:39	JHN.5.24	3
13:39	ROM.8.30-ROM.8.34	3
13:39	ROM.9.31	3
13:39	1CO.6.11	3
13:39	GAL.2.19	3
13:39	GAL.3.8	3
13:39	GAL.3.10-GAL.3.12	3
13:39	GAL.5.3	3
13:39	HEB.9.9-HEB.9.10	3
13:39	ISA.53.11	2
13:39	JER.31.32	2
13:39	HAB.2.4	2
13:39	LUK.10.25	2
13:40	MAL.4.1	6
13:40	HAB.1.5	5
13:40	MAL.3.2	5
13:40	HEB.3.12	5
13:40	HEB.12.25	5
13:40	MAT.3.9-MAT.3.12	4
13:40	HEB.2.3	4
13:40	ISA.29.14	3
13:41	HAB.1.5	67
13:41	1PE.4.17	11
13:41	ROM.11.7-ROM.11.14	7
13:41	ISA.28.14-ISA.28.22	5
13:41	COL.1.26-COL.1.27	5
13:41	PRO.5.12	3
13:41	MAT.22.7-MAT.22.10	3
13:41	MAT.21.41-MAT.21.44	2
13:41	MAT.23.34-MAT.23.38	2
13:41	LUK.21.20-LUK.21.26	2
13:41	ACT.13.47	2
13:41	EPH.3.3-EPH.3.8	2
13:41	1TH.2.16	2
13:41	HEB.10.28-HEB.10.30	2
13:41	PRO.1.24-PRO.1.32	1
13:41	ISA.5.24	1
13:41	ISA.65.15	1
13:41	DAN.9.26-DAN.9.27	1
13:41	MAT.8.10-MAT.8.11	1
13:41	LUK.16.14	1
13:41	ACT.6.14	1
13:41	ACT.22.21	1
13:41	LUK.19.42-LUK.19.44	0
13:41	ACT.3.23	0
13:42	ACT.28.28	4
13:42	EZK.3.6	2
13:42	MAT.11.21	2
13:42	MAT.19.30	2
13:42	ACT.10.33	2
13:42	ACT.13.14	2
13:43	ACT.11.23	7
13:43	ACT.14.22	6
13:43	HEB.12.15	5
13:43	HEB.13.9	5
13:43	ACT.14.3	4
13:43	ACT.16.14	4
13:43	ACT.17.4	4
13:43	ACT.17.34	4
13:43	ROM.3.24	4
13:43	ROM.5.2	4
13:43	ROM.5.21	4
13:43	ROM.11.6	4
13:43	2CO.5.11	4
13:43	2CO.6.1	4
13:43	GAL.5.1	4
13:43	EPH.2.8	4
13:43	PHP.3.16	4
13:43	PHP.4.1	4
13:43	COL.1.23	4
13:43	COL.1.28	4
13:43	2PE.3.17-2PE.3.18	4
13:43	2JN.1.9	4
13:43	MAT.23.15	3
13:43	JHN.8.31-JHN.8.32	3
13:43	JHN.15.5-JHN.15.10	3
13:43	ACT.2.10	3
13:43	ACT.6.5	3
13:43	ACT.13.50	3
13:43	ACT.17.17	3
13:43	ACT.19.8-ACT.19.9	3
13:43	ACT.28.23	3
13:43	GAL.5.4	3
13:43	1TH.3.3-1TH.3.5	3
13:43	HEB.6.11-HEB.6.12	3
13:43	1PE.5.12	3
13:43	2PE.3.14	3
13:43	TIT.2.11	2
13:43	1JN.2.28	2
13:44	GEN.49.10	2
13:44	PSA.110.3	2
13:44	ISA.11.10	2
13:44	ISA.60.8	2
13:45	JUD.1.10	8
13:45	ACT.18.6	5
13:45	ACT.5.17	4
13:45	ACT.19.9	4
13:45	1TH.2.16	4
13:45	MAT.27.18	3
13:45	ACT.17.5	3
13:45	1CO.3.3	3
13:45	1PE.4.4	3
13:45	GEN.37.11	2
13:45	NUM.11.29	2
13:45	ECC.4.4	2
13:45	MAT.23.13	2
13:45	LUK.15.25-LUK.15.30	2
13:45	ACT.6.9-ACT.6.10	2
13:45	ROM.1.29	2
13:45	GAL.5.21	2
13:45	JAS.3.14-JAS.3.16	2
13:45	JAS.4.5	2
13:45	ISA.26.11	1
13:46	ACT.28.28	12
13:46	MAT.21.43	10
13:46	ACT.18.5-ACT.18.6	9
13:46	ACT.26.20	9
13:46	ACT.3.26	7
13:46	ROM.2.10	7
13:46	ACT.13.26	6
13:46	ACT.22.21	6
13:46	ROM.1.16	6
13:46	ROM.11.11-ROM.11.13	6
13:46	JHN.1.11	5
13:46	ACT.4.29-ACT.4.31	5
13:46	ROM.10.19-ROM.10.21	5
13:46	ISA.55.5	4
13:46	LUK.14.16-LUK.14.24	3
13:46	LUK.24.47	3
13:46	ACT.7.51	3
13:46	EXO.32.9-EXO.32.10	2
13:46	DEU.32.21	2
13:46	ISA.49.5-ISA.49.8	2
13:46	ROM.9.4-ROM.9.5	2
13:46	EPH.6.19-EPH.6.20	2
13:46	PHP.1.14	2
13:46	PRO.28.1	1
13:46	MAT.10.6	1
13:46	MAT.10.13-MAT.10.15	1
13:46	MAT.22.6-MAT.22.10	1
13:46	JHN.4.22	1
13:46	ACT.4.13	1
13:46	ACT.13.5	1
13:46	ACT.13.14	1
13:46	HEB.11.34	0
13:47	ISA.49.6	38
13:47	ISA.42.6	27
13:47	LUK.2.32	22
13:47	ISA.45.22	9
13:47	ZEC.8.20-ZEC.8.23	7
13:47	PSA.72.7-PSA.72.8	6
13:47	PSA.98.2-PSA.98.3	6
13:47	PSA.117.1-PSA.117.2	6
13:47	ISA.2.1-ISA.2.3	6
13:47	ISA.24.13-ISA.24.16	6
13:47	ISA.42.1	6
13:47	ISA.42.9-ISA.42.12	6
13:47	ISA.52.10	6
13:47	HOS.1.10	6
13:47	MIC.4.2-MIC.4.3	6
13:47	PSA.22.27-PSA.22.29	5
13:47	PSA.67.2-PSA.67.7	5
13:47	ISA.59.19-ISA.59.20	5
13:47	ISA.60.3	5
13:47	AMO.9.12	5
13:47	ZEC.2.11	5
13:47	MAT.28.19	5
13:47	MRK.16.15	5
13:47	ACT.1.8	5
13:47	ACT.9.15	5
13:47	ACT.22.21	5
13:47	ACT.26.17-ACT.26.18	5
13:47	ACT.26.23	5
13:47	PSA.96.1-PSA.96.2	4
13:47	MAL.1.11	4
13:47	LUK.24.47	4
13:47	MIC.5.7	3
13:47	ZEP.3.9-ZEP.3.10	3
13:47	ACT.15.14-ACT.15.16	3
13:47	JER.16.19	2
13:48	ROM.8.29-ROM.8.30	18
13:48	EPH.1.4	17
13:48	ROM.11.7	14
13:48	JHN.10.26-JHN.10.27	13
13:48	JHN.10.16	11
13:48	JHN.11.52	10
13:48	EPH.2.5-EPH.2.10	8
13:48	2TH.2.13-2TH.2.14	7
13:48	ACT.2.41	6
13:48	EPH.1.19	6
13:48	ACT.22.10	5
13:48	ACT.2.47	4
13:48	LUK.7.8	3
13:48	ACT.28.23	3
13:48	ROM.15.9-ROM.15.12	2
13:48	1CO.16.15	1
13:48	2TH.3.1	1
13:48	MAT.28.16	0
13:48	LUK.2.10-LUK.2.11	0
13:48	ROM.13.1	0
13:49	ACT.12.24	4
13:49	ACT.19.10	4
13:49	PHP.1.13-PHP.1.14	4
13:49	ACT.6.7	3
13:49	ACT.9.42	3
13:49	ACT.19.26	3
13:50	ACT.13.45	7
13:50	ACT.14.2	7
13:50	ACT.14.19	7
13:50	ACT.17.13	6
13:50	ACT.21.27	6
13:50	2TI.3.11	6
13:50	ACT.16.37-ACT.16.39	5
13:50	ACT.13.43	4
13:50	ROM.10.2	4
13:50	1TH.2.15-1TH.2.16	4
13:50	1KI.21.25	3
13:50	ISA.66.5	3
13:50	AMO.7.12	3
13:50	MAT.10.23	3
13:50	MRK.5.17	3
13:50	ACT.2.5	3
13:50	ACT.6.12	3
13:50	ACT.8.1	3
13:50	1CO.1.26-1CO.1.29	3
13:50	JAS.2.5-JAS.2.6	3
13:51	MAT.10.14	15
13:51	LUK.9.5	9
13:51	ACT.18.6	9
13:51	MRK.6.11	5
13:51	ACT.14.21	5
13:51	ACT.14.1	4
13:51	ACT.14.19	4
13:51	ACT.16.2	3
13:51	2TI.3.11	2
13:52	ROM.15.13	10
13:52	1TH.1.6	8
13:52	ACT.4.31	6
13:52	ROM.5.3	5
13:52	GAL.5.22	5
13:52	MAT.5.12	4
13:52	ACT.2.4	4
13:52	2CO.8.2	4
13:52	ACT.5.41	3
13:52	ROM.14.17	3
13:52	EPH.5.18-EPH.5.20	3
13:52	JAS.1.2	3
13:52	1PE.1.6-1PE.1.8	3
13:52	1PE.4.13	3
13:52	LUK.6.22-LUK.6.23	2
13:52	JHN.16.22-JHN.16.23	2
13:52	ACT.2.46	2
14:1	ACT.18.4	6
14:1	ACT.13.46	5
14:1	ACT.13.51	5
14:1	ACT.14.21	4
14:1	ACT.9.20	3
14:1	ACT.11.21	3
14:1	ACT.13.43	3
14:1	ACT.17.1-ACT.17.2	3
14:1	ACT.17.4	3
14:1	ACT.17.12	3
14:1	ACT.18.8	3
14:1	ACT.19.8	3
14:1	ACT.19.17	3
14:1	ROM.1.16	3
14:1	ROM.10.12	3
14:1	1CO.1.22-1CO.1.24	3
14:1	GAL.3.28	3
14:1	JHN.7.35	2
14:1	JHN.12.20	2
14:1	ACT.13.5	2
14:1	ACT.14.2	2
14:1	ACT.16.1	2
14:1	ACT.17.17	2
14:1	ACT.20.21	2
14:1	ACT.21.28	2
14:1	MRK.7.26	1
14:1	ACT.19.10	1
14:1	GAL.2.3	1
14:1	COL.3.11	1
14:2	ACT.13.50	9
14:2	ACT.13.45	7
14:2	ACT.14.19	7
14:2	ACT.17.5	7
14:2	ACT.21.27-ACT.21.30	7
14:2	ACT.17.13	6
14:2	1TH.2.15-1TH.2.16	6
14:2	MRK.15.10-MRK.15.11	4
14:2	ACT.18.12	4
14:2	JHN.3.36	3
14:3	HEB.2.4	12
14:3	ACT.20.32	7
14:3	EPH.6.18-EPH.6.20	7
14:3	ACT.20.24	6
14:3	MRK.16.20	5
14:3	ACT.4.29-ACT.4.30	5
14:3	ROM.1.16	5
14:3	ACT.19.10-ACT.19.12	4
14:3	1TH.2.2	4
14:3	ACT.2.22	3
14:3	ACT.5.32	3
14:3	ACT.18.9-ACT.18.11	3
14:3	1CO.16.8-1CO.16.9	3
14:3	JHN.4.48	2
14:3	ACT.5.12-ACT.5.14	2
14:3	ACT.13.46	2
14:4	ACT.28.24	5
14:4	LUK.11.21-LUK.11.23	3
14:4	ACT.14.14	3
14:4	ACT.17.4-ACT.17.5	3
14:4	ACT.19.9	3
14:4	MIC.7.6	2
14:4	MAT.10.34-MAT.10.36	2
14:4	LUK.2.34	2
14:4	LUK.12.51-LUK.12.53	2
14:4	JHN.7.43	2
14:4	ACT.13.2	2
14:4	1CO.9.5	2
14:5	ACT.14.19	6
14:5	2TI.3.11	4
14:5	ACT.4.25-ACT.4.29	3
14:5	ACT.17.5	3
14:5	PSA.2.1-PSA.2.3	2
14:5	PSA.83.5	2
14:5	MAT.5.44	2
14:5	LUK.6.28	2
14:6	MAT.10.23	4
14:6	ACT.14.20-ACT.14.21	4
14:6	2TI.3.11	4
14:6	ACT.16.1-ACT.16.2	3
14:6	ACT.17.13-ACT.17.14	3
14:6	2KI.6.8-2KI.6.12	2
14:6	ACT.9.24	2
14:6	ACT.23.12-ACT.23.22	2
14:7	ACT.14.21	5
14:7	ACT.14.15	3
14:7	ACT.16.10	3
14:7	1TH.2.2	3
14:7	2TI.4.2	3
14:7	ACT.8.4	2
14:7	ACT.11.19	2
14:7	ACT.17.2	2
14:8	ACT.3.2	7
14:8	JHN.5.3-JHN.5.5	3
14:8	JHN.5.7	3
14:8	JHN.9.1-JHN.9.2	3
14:8	ACT.4.9	3
14:9	MAT.15.28	4
14:9	ACT.3.4	4
14:9	MAT.9.28-MAT.9.29	3
14:9	MAT.8.10	2
14:9	MAT.9.22	2
14:9	MAT.13.58	2
14:9	MRK.1.40-MRK.1.41	2
14:9	MRK.2.5	2
14:9	MRK.2.11-MRK.2.12	2
14:9	MRK.9.23-MRK.9.24	2
14:9	MRK.10.52	2
14:10	ISA.35.6	4
14:10	JHN.5.8-JHN.5.9	3
14:10	JHN.14.12	3
14:10	LUK.7.14	2
14:10	LUK.13.11-LUK.13.13	2
14:10	ACT.3.6-ACT.3.8	2
14:10	ACT.9.33-ACT.9.34	2
14:11	ACT.28.6	6
14:11	ACT.8.10	5
14:11	ACT.12.22	4
14:12	ACT.19.35	5
14:13	DAN.2.46	4
14:13	ACT.10.25	2
14:14	MAT.26.65	3
14:14	2KI.5.7	2
14:14	2KI.18.37-2KI.19.2	2
14:14	EZR.9.3-EZR.9.5	2
14:14	JER.36.24	2
14:14	1CO.9.5-1CO.9.6	2
14:14	MRK.14.63	1
14:14	ACT.14.4	1
14:15	1SA.12.21	9
14:15	PSA.146.5-PSA.146.6	8
14:15	ACT.10.26	8
14:15	1CO.8.4	8
14:15	JAS.5.17	7
14:15	REV.14.7	6
14:15	GEN.1.1	5
14:15	JER.14.22	5
14:15	DEU.32.21	4
14:15	JON.2.8	4
14:15	ACT.17.24-ACT.17.30	4
14:15	ACT.26.17-ACT.26.20	4
14:15	ROM.1.20-ROM.1.23	4
14:15	EPH.4.17	4
14:15	1TH.1.9	4
14:15	EXO.20.11	3
14:15	PSA.31.6	3
14:15	JER.10.14-JER.10.15	3
14:15	JER.32.17	3
14:15	MAT.16.16	3
14:15	ACT.4.24	3
14:15	ACT.17.16-ACT.17.18	3
14:15	DEU.5.26	2
14:15	JOS.3.10	2
14:15	PSA.33.6	2
14:15	PSA.124.8	2
14:15	PRO.8.23-PRO.8.31	2
14:15	ISA.44.9-ISA.44.10	2
14:15	ISA.44.19-ISA.44.20	2
14:15	ISA.45.18	2
14:15	ISA.45.20	2
14:15	ISA.46.7	2
14:15	JER.8.19	2
14:15	JER.10.3-JER.10.5	2
14:15	JER.10.8	2
14:15	JER.10.10-JER.10.11	2
14:15	ZEC.12.1	2
14:15	JHN.7.18	2
14:15	ACT.14.21	2
14:15	1TI.3.15	2
14:15	HEB.3.12	2
14:15	GEN.41.16	1
14:15	1SA.17.26	1
14:15	1SA.17.36	1
14:15	1KI.16.13	1
14:15	1KI.16.26	1
14:15	2KI.19.4	1
14:15	2KI.19.16	1
14:15	DAN.2.28-DAN.2.30	1
14:15	DAN.6.26	1
14:15	AMO.2.4	1
14:15	JHN.5.26	1
14:15	ACT.3.12-ACT.3.13	1
14:15	ACT.7.26	1
14:15	ACT.12.22-ACT.12.23	1
14:15	ACT.13.32	1
14:15	ACT.14.7	1
14:15	ACT.16.30	1
14:15	ACT.27.10	1
14:15	ACT.27.21	1
14:15	ACT.27.25	1
14:15	REV.19.10	1
14:15	REV.19.19	1
14:15	REV.22.9	1
14:16	ACT.17.30	13
14:16	PSA.81.12	9
14:16	PSA.147.20	5
14:16	ROM.1.28	5
14:16	MIC.4.5	4
14:16	ROM.1.21-ROM.1.25	4
14:16	EPH.2.12	4
14:16	1PE.4.3	4
14:16	HOS.4.17	2
14:17	ROM.1.19-ROM.1.20	10
14:17	JOL.2.23	8
14:17	JOB.5.10	7
14:17	DEU.11.14	6
14:17	ISA.5.6	5
14:17	LEV.26.4	3
14:17	DEU.8.12-DEU.8.14	3
14:17	DEU.28.12	3
14:17	PSA.19.1-PSA.19.4	3
14:17	PSA.145.9	3
14:17	PSA.145.15-PSA.145.16	3
14:17	PSA.147.7-PSA.147.8	3
14:17	JER.5.24	3
14:17	EZK.34.26	3
14:17	1TI.6.17	3
14:17	JAS.5.17-JAS.5.18	3
14:17	1KI.18.1	2
14:17	NEH.9.25	2
14:17	JOB.37.6	2
14:17	PSA.36.5-PSA.36.7	2
14:17	PSA.52.1	2
14:17	PSA.65.9-PSA.65.13	2
14:17	PSA.68.9-PSA.68.10	2
14:17	PSA.104.24-PSA.104.28	2
14:17	JER.14.22	2
14:17	LUK.6.35	2
14:17	ACT.17.27-ACT.17.28	2
14:17	JOB.38.26-JOB.38.28	1
14:17	ISA.22.13	1
14:17	MAT.5.45	1
14:18	JER.44.16-JER.44.17	3
14:18	GEN.11.6	2
14:18	EXO.32.21-EXO.32.23	2
14:18	JHN.6.15	2
14:18	GEN.19.9	1
14:19	2CO.11.25	10
14:19	2TI.3.11	10
14:19	ACT.13.50-ACT.13.51	8
14:19	ACT.13.45	7
14:19	ACT.14.5	7
14:19	2CO.11.23	5
14:19	ACT.7.58	4
14:19	ACT.9.16	4
14:19	HEB.13.12-HEB.13.13	4
14:19	ACT.17.13	3
14:19	1CO.15.31	3
14:19	2CO.4.10-2CO.4.12	3
14:19	JER.22.19	2
14:19	MAT.27.20-MAT.27.25	2
14:19	MRK.15.11-MRK.15.14	2
14:19	ACT.14.21	2
14:19	ACT.22.20	2
14:20	2CO.1.9-2CO.1.10	4
14:20	2CO.6.9	4
14:20	ACT.14.6	3
14:20	ACT.16.40	3
14:20	ACT.20.1	3
14:20	ACT.12.17	2
14:20	ACT.14.28	2
14:20	ACT.16.1	2
14:20	ACT.20.9-ACT.20.12	2
14:20	REV.11.7-REV.11.12	2
14:20	ACT.11.26	1
14:20	ACT.14.22	1
14:21	ACT.13.51	4
14:21	ACT.14.1	4
14:21	ACT.14.19	4
14:21	MAT.28.19	3
14:21	ACT.13.14	3
14:21	ACT.14.6	3
14:21	ACT.14.8	2
14:21	ACT.15.36	2
14:21	ACT.16.2	2
14:21	2TI.3.11	2
14:22	1PE.5.10	44
14:22	2TI.3.12	40
14:22	JHN.16.33	39
14:22	1TH.3.2-1TH.3.4	23
14:22	ROM.8.17	22
14:22	REV.2.10	19
14:22	2TI.1.8	11
14:22	COL.1.23	10
14:22	LUK.22.28-LUK.22.29	9
14:22	ACT.18.23	9
14:22	MAT.10.38	8
14:22	2TI.2.11-2TI.2.12	8
14:22	REV.7.14	8
14:22	2PE.1.11	7
14:22	1CO.1.8	6
14:22	ISA.35.3	5
14:22	MAT.10.21-MAT.10.22	5
14:22	MAT.16.24	5
14:22	LUK.24.26	5
14:22	JHN.15.4-JHN.15.6	5
14:22	JHN.15.20	5
14:22	ACT.9.16	5
14:22	ACT.11.23	5
14:22	ACT.15.32	5
14:22	ACT.15.41	5
14:22	MRK.10.24-MRK.10.25	4
14:22	JHN.8.31-JHN.8.32	4
14:22	JHN.12.25-JHN.12.26	4
14:22	JHN.16.1-JHN.16.2	4
14:22	1TH.3.13	4
14:22	1PE.4.12-1PE.4.16	4
14:22	JUD.1.3	4
14:22	ACT.6.7	3
14:22	ACT.13.43	3
14:22	JUD.1.20-JUD.1.21	3
14:22	REV.1.9	3
14:22	MRK.9.47	2
14:22	MRK.10.30	2
14:22	JHN.3.5	2
14:22	JHN.15.9-JHN.15.10	2
14:22	MAT.19.24	1
14:23	TIT.1.5	10
14:23	ACT.11.30	7
14:23	JAS.5.14	7
14:23	ACT.20.32	6
14:23	2TI.2.2	6
14:23	ACT.20.17	5
14:23	1TI.5.1	5
14:23	1TI.5.22	5
14:23	ACT.13.1-ACT.13.3	4
14:23	ACT.15.4	4
14:23	ACT.15.6	4
14:23	1TI.5.17-1TI.5.19	4
14:23	1PE.5.1	4
14:23	2JN.1.1	4
14:23	3JN.1.1	4
14:23	ACT.14.26	3
14:23	ACT.15.23	3
14:23	2TH.2.16-2TH.2.17	3
14:23	2TI.1.12	3
14:23	1PE.5.10	3
14:23	1TH.3.12-1TH.3.13	2
14:23	MRK.3.14	1
14:23	LUK.23.46	1
14:23	ACT.1.22	1
14:24	ACT.13.13-ACT.13.14	3
14:24	ACT.15.38	2
14:26	ACT.15.40	5
14:26	ACT.11.19	4
14:26	ACT.11.26	3
14:26	ACT.13.1-ACT.13.3	3
14:26	ROM.15.19	3
14:26	2CO.1.12	3
14:26	COL.1.25	3
14:26	COL.1.28	3
14:26	COL.4.17	3
14:26	ACT.15.30	2
14:26	GAL.2.11	2
14:26	2TI.4.2	2
14:26	2TI.4.5-2TI.4.8	2
14:26	3JN.1.6-3JN.1.8	2
14:26	ACT.14.23	1
14:26	ACT.15.22	1
14:26	ACT.20.32	1
14:27	1CO.16.9	15
14:27	ACT.15.12	12
14:27	2CO.2.12	10
14:27	COL.4.3	10
14:27	1CO.5.4	6
14:27	JHN.9.10	5
14:27	ACT.11.18	5
14:27	ROM.15.18	5
14:27	1CO.3.5-1CO.3.9	5
14:27	1CO.11.18	5
14:27	REV.3.7-REV.3.8	5
14:27	ACT.15.3-ACT.15.6	4
14:27	ACT.21.19-ACT.21.22	4
14:27	1CO.14.23	4
14:27	1CO.15.10	4
14:28	ACT.11.26	3
14:28	ACT.15.35	2
15:1	GAL.5.6	17
15:1	ACT.15.5	14
15:1	COL.2.8	12
15:1	LEV.12.3	10
15:1	1CO.7.18-1CO.7.19	10
15:1	GAL.2.11-GAL.2.14	10
15:1	ROM.4.8-ROM.4.12	9
15:1	GAL.5.1-GAL.5.4	9
15:1	GAL.6.13-GAL.6.16	9
15:1	ACT.15.24	8
15:1	GAL.2.3-GAL.2.4	7
15:1	GEN.17.10-GEN.17.27	6
15:1	PHP.3.2-PHP.3.3	6
15:1	COL.2.11-COL.2.12	6
15:1	JHN.7.22	4
15:1	ACT.15.3	4
15:1	ACT.6.14	3
15:1	GAL.2.1	3
15:1	ACT.21.20	2
15:1	COL.2.16	2
15:1	ACT.15.22	1
15:2	ACT.15.22-ACT.15.23	6
15:2	ACT.15.6-ACT.15.7	4
15:2	GAL.2.1-GAL.2.2	4
15:2	ACT.11.30	3
15:2	ACT.15.4	3
15:2	2CO.11.5	3
15:2	GAL.1.6-GAL.1.10	3
15:2	GAL.2.5	3
15:2	EXO.18.23	2
15:2	1SA.8.7	2
15:2	ACT.10.23	2
15:2	ACT.11.12	2
15:2	ACT.15.25	2
15:2	ACT.15.27	2
15:2	ACT.16.4	2
15:2	ACT.21.18	2
15:2	1CO.1.1	2
15:2	1CO.9.19-1CO.9.23	2
15:2	JUD.1.3	2
15:2	PHM.1.8-PHM.1.9	1
15:3	ACT.14.27	6
15:3	ACT.21.5	4
15:3	ACT.11.18-ACT.11.19	3
15:3	ACT.15.12	3
15:3	ROM.15.24	3
15:3	1CO.16.6	3
15:3	1CO.16.11	3
15:3	TIT.3.13	3
15:3	ISA.60.4-ISA.60.5	2
15:3	ISA.66.12-ISA.66.14	2
15:3	LUK.15.5-LUK.15.10	2
15:3	LUK.15.23-LUK.15.24	2
15:3	LUK.15.32	2
15:3	ACT.8.14	2
15:3	ACT.13.48	2
15:3	ACT.13.52	2
15:3	ACT.21.19-ACT.21.20	2
15:3	ACT.28.15	2
15:3	2CO.1.16	2
15:3	3JN.1.6-3JN.1.8	2
15:4	ACT.14.27	5
15:4	ACT.15.12	5
15:4	ACT.15.3	4
15:4	ACT.21.17	3
15:4	ROM.15.18	3
15:4	MAT.10.40	2
15:4	ACT.18.27	2
15:4	ACT.21.19	2
15:4	ROM.15.7	2
15:4	1CO.15.10	2
15:4	2CO.5.19	2
15:4	2CO.6.1	2
15:4	COL.4.10	2
15:4	2JN.1.10	2
15:4	3JN.1.8-3JN.1.10	2
15:5	GAL.5.1-GAL.5.3	7
15:5	ACT.15.1	4
15:5	PHP.3.5-PHP.3.8	4
15:5	ACT.15.24	3
15:5	ACT.21.20	3
15:5	ACT.24.5	2
15:5	ACT.26.5-ACT.26.6	2
15:6	PRO.15.22	4
15:6	ACT.15.25	3
15:6	HEB.13.7	3
15:6	HEB.13.17	3
15:6	ACT.6.2	2
15:6	ACT.15.4	2
15:6	ACT.21.18	2
15:6	MAT.18.20	1
15:7	ROM.10.17-ROM.10.18	7
15:7	GAL.2.7-GAL.2.9	7
15:7	1CH.28.4-1CH.28.5	6
15:7	ACT.15.2	4
15:7	ACT.10.20	3
15:7	ACT.10.32-ACT.10.48	3
15:7	ACT.20.24	3
15:7	EXO.4.12	2
15:7	JER.1.9	2
15:7	MAT.16.18-MAT.16.19	2
15:7	JHN.3.27	2
15:7	JHN.15.16	2
15:7	ACT.1.16	2
15:7	ACT.1.24	2
15:7	ACT.3.18	2
15:7	ACT.4.25	2
15:7	ACT.9.15	2
15:7	ACT.10.5-ACT.10.6	2
15:7	ACT.11.12-ACT.11.18	2
15:7	ACT.13.2	2
15:7	ACT.15.39	2
15:7	PHP.2.14	1
15:8	ACT.1.24	5
15:8	ACT.10.47	4
15:8	ACT.2.4	3
15:8	ACT.14.3	3
15:8	HEB.4.13	3
15:8	1SA.16.7	2
15:8	1KI.8.39	2
15:8	1CH.28.9	2
15:8	PSA.44.21	2
15:8	PSA.139.1-PSA.139.2	2
15:8	JER.11.20	2
15:8	JER.17.10	2
15:8	JER.20.12	2
15:8	JHN.2.24-JHN.2.25	2
15:8	JHN.5.37	2
15:8	JHN.21.17	2
15:8	ACT.4.31	2
15:8	ACT.10.44-ACT.10.45	2
15:8	ACT.11.15-ACT.11.17	2
15:8	HEB.2.4	2
15:8	REV.2.23	2
15:8	1CH.29.17	1
15:9	EPH.3.6	8
15:9	ROM.3.22	6
15:9	GAL.5.6	6
15:9	ACT.10.28	5
15:9	ACT.11.12	4
15:9	1CO.1.2	4
15:9	GAL.3.28	4
15:9	COL.3.11	4
15:9	ACT.10.15	3
15:9	ACT.10.34	3
15:9	ACT.10.43-ACT.10.44	3
15:9	1PE.1.22	3
15:9	ACT.14.1	2
15:9	ACT.14.27	2
15:9	ROM.3.9	2
15:9	ROM.3.29-ROM.3.30	2
15:9	ROM.4.11-ROM.4.12	2
15:9	ROM.9.24	2
15:9	ROM.10.11-ROM.10.13	2
15:9	1CO.7.18	2
15:9	EPH.2.14-EPH.2.22	2
15:9	HEB.9.13-HEB.9.14	2
15:10	MAT.23.4	12
15:10	GAL.5.1	12
15:10	GAL.4.9	9
15:10	MAT.11.28-MAT.11.30	5
15:10	HEB.9.9	5
15:10	ISA.7.12	4
15:10	MAT.4.7	4
15:10	EXO.17.2	3
15:10	HEB.3.9	3
15:10	GAL.4.1-GAL.4.5	2
15:11	ROM.3.24	17
15:11	TIT.3.4-TIT.3.7	12
15:11	EPH.2.5-EPH.2.9	11
15:11	TIT.2.11	10
15:11	GAL.2.16	9
15:11	ROM.6.23	6
15:11	2CO.13.14	6
15:11	ROM.5.15	5
15:11	1CO.16.23	5
15:11	2CO.8.9	5
15:11	ROM.5.20-ROM.5.21	4
15:11	GAL.1.6	4
15:11	EPH.1.6-EPH.1.7	4
15:11	REV.5.9	2
15:12	ACT.14.27	6
15:12	ACT.15.4	5
15:12	JHN.4.48	3
15:12	ACT.21.19	3
15:13	ACT.12.17	5
15:13	GAL.2.9	3
15:13	GAL.2.12	3
15:13	JAS.1.1	3
15:13	MRK.15.40	2
15:13	ACT.2.14	2
15:13	ACT.2.22	2
15:13	ACT.2.29	2
15:13	ACT.7.2	2
15:13	ACT.21.18	2
15:13	ACT.22.1	2
15:13	1CO.14.30-1CO.14.33	2
15:13	GAL.1.19	2
15:13	JAS.1.19	2
15:14	2PE.1.1	6
15:14	ACT.15.7-ACT.15.9	5
15:14	LUK.2.31-LUK.2.32	4
15:14	ISA.43.21	3
15:14	1PE.2.9-1PE.2.10	3
15:14	ROM.1.5	2
15:14	ISA.55.11-ISA.55.13	1
15:15	ACT.13.47	4
15:15	ROM.15.8-ROM.15.12	4
15:16	AMO.9.11-AMO.9.12	71
15:16	LUK.1.31-LUK.1.33	7
15:16	PSA.89.35-PSA.89.49	6
15:16	EZK.17.22-EZK.17.24	5
15:16	1KI.12.16	3
15:16	ISA.9.6-ISA.9.7	3
15:16	JER.12.15	3
15:16	JER.33.24-JER.33.26	1
15:16	ZEC.13.8	1
15:16	2SA.7.11-2SA.7.16	0
15:17	ZEC.2.11	22
15:17	ZEC.8.20-ZEC.8.23	15
15:17	ISA.65.1	11
15:17	HOS.2.23	11
15:17	ISA.66.18-ISA.66.21	5
15:17	JER.16.19	5
15:17	MAL.1.11	5
15:17	ISA.43.7	4
15:17	GEN.22.18	3
15:17	GEN.49.10	3
15:17	ISA.11.10	3
15:17	JER.14.9	3
15:17	AMO.9.12	3
15:17	MIC.4.1-MIC.4.2	3
15:17	GEN.48.16	2
15:17	NUM.6.27	2
15:17	NUM.24.23	2
15:17	PSA.22.26-PSA.22.27	2
15:17	PSA.67.1-PSA.67.3	2
15:17	PSA.72.17-PSA.72.19	2
15:17	ISA.2.2-ISA.2.3	2
15:17	ISA.19.23-ISA.19.25	2
15:17	ISA.24.15-ISA.24.16	2
15:17	ISA.45.7-ISA.45.8	2
15:17	ISA.49.6-ISA.49.7	2
15:17	DAN.4.35	2
15:17	DAN.9.19	2
15:17	JOL.2.32	2
15:17	MIC.5.7	2
15:18	EPH.1.4	10
15:18	EPH.3.9	10
15:18	ISA.46.9-ISA.46.10	9
15:18	1PE.1.20	8
15:18	EPH.1.11	7
15:18	ACT.17.26	5
15:18	NUM.23.19	4
15:18	MAT.13.35	3
15:18	2TH.2.13	3
15:18	ISA.41.22-ISA.41.23	2
15:18	ISA.44.7	2
15:18	MAT.25.34	2
15:18	REV.13.8	2
15:18	REV.17.8	2
15:18	ISA.45.21	1
15:19	ACT.15.28	6
15:19	GAL.1.7-GAL.1.10	4
15:19	ACT.15.24	3
15:19	1TH.1.9	3
15:19	ISA.55.7	2
15:19	HOS.14.2	2
15:19	ACT.26.20	2
15:19	ACT.15.10	1
15:19	GAL.2.4	1
15:19	GAL.5.11-GAL.5.12	1
15:20	ACT.15.29	9
15:20	REV.2.20	9
15:20	REV.2.14	8
15:20	GEN.9.4	7
15:20	LEV.3.17	7
15:20	ACT.21.25	5
15:20	1CO.8.4-1CO.8.13	5
15:20	LEV.17.10-LEV.17.14	4
15:20	1CO.6.9	4
15:20	1CO.6.18	4
15:20	1CO.10.7-1CO.10.8	4
15:20	EXO.34.15-EXO.34.16	3
15:20	DEU.12.16	3
15:20	DEU.15.23	3
15:20	EZK.4.14	3
15:20	1CO.5.11	3
15:20	1CO.7.2	3
15:20	1CO.8.1	3
15:20	GAL.5.19	3
15:20	EPH.5.3	3
15:20	COL.3.5	3
15:20	1TH.4.3	3
15:20	HEB.13.4	3
15:20	1PE.4.3	3
15:20	REV.9.20	3
15:20	GEN.35.2	2
15:20	EXO.20.3-EXO.20.5	2
15:20	EXO.20.23	2
15:20	LEV.7.23-LEV.7.27	2
15:20	NUM.25.2	2
15:20	DEU.12.23-DEU.12.25	2
15:20	DEU.14.21	2
15:20	1SA.14.32	2
15:20	PSA.106.37-PSA.106.39	2
15:20	EZK.20.30-EZK.20.31	2
15:20	EZK.33.25	2
15:20	DAN.1.8	2
15:20	1CO.6.13	2
15:20	1CO.10.14-1CO.10.28	2
15:20	2CO.12.21	2
15:20	1TI.4.4-1TI.4.5	2
15:20	HEB.12.16	2
15:20	REV.10.2	2
15:20	REV.10.8	2
15:21	ACT.13.15	6
15:21	ACT.13.27	4
15:21	2CO.3.14-2CO.3.15	3
15:21	NEH.8.1-NEH.8.12	2
15:21	LUK.4.16	2
15:22	ACT.15.27	7
15:22	ACT.15.40	5
15:22	ACT.1.23	4
15:22	ACT.15.32	4
15:22	ACT.18.5	4
15:22	1TH.1.1	4
15:22	2TH.1.1	4
15:22	1PE.5.12	4
15:22	ACT.16.19	3
15:22	ACT.16.25	3
15:22	ACT.16.29	3
15:22	ACT.17.4	3
15:22	ACT.17.10	3
15:22	ACT.17.14	3
15:22	2SA.3.36	2
15:22	2CH.30.4	2
15:22	2CH.30.12	2
15:22	ACT.6.4-ACT.6.5	2
15:22	ACT.8.14	2
15:22	ACT.11.22	2
15:22	ACT.15.1-ACT.15.2	2
15:22	ACT.15.23	2
15:22	ACT.15.25	2
15:23	ACT.23.26	6
15:23	GAL.1.21	5
15:23	JAS.1.1	5
15:23	ACT.15.22	4
15:23	ROM.16.3-ROM.16.16	4
15:23	ACT.14.27	3
15:23	ACT.15.1	3
15:23	ACT.15.4	3
15:23	ACT.15.41	3
15:23	2JN.1.3	3
15:23	2JN.1.10	3
15:23	2JN.1.13	3
15:23	3JN.1.14	3
15:23	ACT.11.18	2
15:23	ACT.18.18	2
15:23	ACT.21.3	2
15:23	ACT.21.25	2
15:24	GAL.5.12	9
15:24	ACT.15.1	8
15:24	GAL.5.10	8
15:24	GAL.1.7	7
15:24	TIT.1.10-TIT.1.11	7
15:24	GAL.2.3-GAL.2.4	5
15:24	GAL.6.12-GAL.6.13	5
15:24	1JN.2.19	5
15:24	2TI.2.14	4
15:24	JER.23.16	2
15:24	ACT.15.9-ACT.15.10	2
15:24	GAL.5.4	2
15:25	LUK.1.3	3
15:25	ACT.1.14	3
15:25	ACT.15.2	3
15:25	ACT.15.22	3
15:25	2PE.3.15	3
15:25	MAT.11.26	2
15:25	ACT.2.1	2
15:25	ACT.2.46	2
15:25	ACT.15.6	2
15:25	ACT.15.27-ACT.15.28	2
15:25	ACT.15.35	2
15:25	ROM.16.12	2
15:25	1CO.1.10	2
15:25	GAL.2.9	2
15:25	EPH.6.21	2
15:25	COL.4.7	2
15:25	COL.4.9	2
15:25	PHM.1.16	2
15:26	ACT.14.19	7
15:26	ACT.9.23-ACT.9.25	5
15:26	PHP.2.29-PHP.2.30	5
15:26	1CO.15.30	4
15:26	2CO.11.23-2CO.11.27	4
15:26	JDG.5.18	3
15:26	ACT.13.50	3
15:27	ACT.15.22	3
15:27	ACT.15.32	2
15:27	2JN.1.12	2
15:27	3JN.1.13	2
15:28	MAT.11.30	5
15:28	JHN.16.13	5
15:28	REV.2.24	5
15:28	1CO.14.37	4
15:28	1PE.1.12	4
15:28	ACT.5.32	3
15:28	ACT.15.8	3
15:28	ACT.15.19	3
15:28	1CO.7.40	3
15:28	MAT.23.4	2
15:28	ACT.15.25	2
15:28	1CO.7.25	2
15:28	1TH.4.8	2
15:29	ACT.15.20	18
15:29	ACT.21.25	11
15:29	REV.2.14	9
15:29	REV.2.20	9
15:29	LEV.17.14	7
15:29	ROM.14.20-ROM.14.21	6
15:29	1CO.10.18-1CO.10.20	6
15:29	1JN.5.21	5
15:29	JUD.1.24	5
15:29	ROM.14.14-ROM.14.15	4
15:29	1TI.5.22	4
15:29	JAS.1.27	4
15:29	2CO.11.9	3
15:29	2CO.13.11	3
15:29	JUD.1.20-JUD.1.21	2
15:29	LUK.9.61	1
15:29	ACT.18.21	1
15:29	ACT.23.30	0
15:30	ACT.6.2	3
15:30	ACT.16.4	3
15:30	ACT.21.22	2
15:30	ACT.23.33	2
15:31	GAL.2.4-GAL.2.5	4
15:31	GAL.5.1	3
15:31	PHP.3.3	3
15:31	ACT.15.1	2
15:31	ACT.15.10	2
15:31	ACT.16.5	1
15:32	ACT.11.23	5
15:32	ACT.13.1	4
15:32	ACT.14.22	4
15:32	1CO.14.3	3
15:32	1TH.3.2	3
15:32	1TH.5.14	3
15:32	1PE.5.1	3
15:32	1PE.5.10	3
15:32	1PE.5.12	3
15:32	ISA.35.3-ISA.35.4	2
15:32	DAN.11.1	2
15:32	MAT.23.34	2
15:32	LUK.11.49	2
15:32	ACT.2.17-ACT.2.18	2
15:32	ACT.2.40	2
15:32	ACT.11.27	2
15:32	ACT.15.1	2
15:32	ACT.15.22	2
15:32	ACT.15.41	2
15:32	ACT.18.23	2
15:32	ACT.20.2	2
15:32	ROM.12.6	2
15:32	ROM.12.8	2
15:32	1CO.1.8	2
15:32	1CO.12.28-1CO.12.29	2
15:32	1CO.14.29	2
15:32	1CO.14.32	2
15:32	EPH.3.5	2
15:32	EPH.4.11-EPH.4.13	2
15:32	1TH.2.11	2
15:32	1TH.4.1	2
15:32	1TH.5.20	2
15:32	2TH.3.12	2
15:32	1TI.2.1	2
15:32	2TI.4.2	2
15:32	TIT.2.6-TIT.2.15	2
15:33	1CO.16.11	5
15:33	ACT.16.36	4
15:33	HEB.11.31	4
15:33	GEN.26.29	3
15:33	EXO.4.18	2
15:33	MRK.5.34	2
15:33	2JN.1.10	2
15:35	COL.1.28	4
15:35	2TI.4.2	4
15:35	MAT.28.19-MAT.28.20	3
15:35	ACT.13.1	3
15:35	ACT.8.4	2
15:35	ACT.14.28	2
15:35	ACT.28.31	2
15:35	1TI.2.7	2
15:36	ACT.13.4	6
15:36	ACT.14.6	6
15:36	ACT.13.13-ACT.13.14	5
15:36	ACT.13.51	5
15:36	ACT.14.24-ACT.14.25	5
15:36	2CO.11.28	4
15:36	EXO.4.18	3
15:36	ACT.14.1	3
15:36	ROM.1.11	3
15:36	1TH.3.10-1TH.3.11	3
15:36	JER.23.2	2
15:36	MAT.25.36	2
15:36	MAT.25.43	2
15:36	ACT.7.23	2
15:36	ACT.14.21	2
15:36	1TH.2.17-1TH.2.18	2
15:36	1TH.3.6	2
15:36	2TI.1.4	2
15:36	PHP.1.27	1
15:37	ACT.12.12	7
15:37	ACT.12.25	3
15:37	ACT.13.5	3
15:37	COL.4.10	3
15:37	2TI.4.11	3
15:37	PHM.1.24	3
15:37	ACT.13.13	2
15:38	ACT.13.13	13
15:38	PSA.78.9	2
15:38	PRO.25.19	2
15:38	LUK.14.27-LUK.14.34	2
15:38	JAS.1.8	2
15:38	LUK.9.61	1
15:39	COL.4.10	4
15:39	ECC.7.20	3
15:39	ACT.4.36	3
15:39	JAS.3.2	3
15:39	ROM.7.18-ROM.7.21	2
15:39	ACT.6.1	1
15:39	ACT.11.20	1
15:39	ACT.13.4-ACT.13.12	1
15:39	ACT.15.2	0
15:39	ACT.27.4	0
15:40	ACT.15.22	5
15:40	ACT.11.23	4
15:40	ACT.14.26	4
15:40	1CO.15.10	3
15:40	ACT.13.3	2
15:40	ACT.15.32	2
15:40	ACT.16.1-ACT.16.3	2
15:40	ACT.20.32	2
15:40	2CO.13.14	2
15:40	2TI.4.22	2
15:40	TIT.3.15	2
15:40	2JN.1.10-2JN.1.11	2
15:41	ACT.15.23	7
15:41	ACT.15.32	5
15:41	GAL.1.21	5
15:41	ACT.6.9	4
15:41	ACT.16.4-ACT.16.5	4
15:41	ACT.21.3	4
15:41	ACT.18.18	3
16:1	2TI.1.5	8
16:1	ACT.17.14	6
16:1	ACT.18.5	6
16:1	1CO.4.17	6
16:1	1TH.3.2	6
16:1	1TI.1.2	6
16:1	2TI.1.2	6
16:1	ACT.14.6	5
16:1	ROM.16.21	5
16:1	PHP.2.19	5
16:1	COL.1.1	5
16:1	2TH.1.1	5
16:1	ACT.19.22	4
16:1	PHP.1.1	4
16:1	1TH.1.1	4
16:1	1TI.1.18	4
16:1	HEB.13.23	4
16:1	ACT.20.4-ACT.20.5	3
16:1	2CO.1.1	3
16:1	2CO.1.19	3
16:1	1TH.3.6	3
16:1	2TI.3.11	3
16:1	2TI.3.15-2TI.3.16	3
16:1	EZR.9.2	2
16:1	ACT.14.1	2
16:1	ACT.14.21	2
16:1	1CO.7.14	2
16:2	1TI.5.10	3
16:2	2TI.3.15	3
16:2	ACT.6.3	2
16:2	ACT.13.51	2
16:2	ACT.14.21	2
16:2	ACT.16.40	2
16:2	1TI.3.7	2
16:2	2TI.3.11	2
16:2	HEB.11.2	2
16:2	1TI.5.25	1
16:3	GAL.2.3	9
16:3	1CO.9.20	7
16:3	GAL.5.6	7
16:3	GAL.5.1-GAL.5.3	5
16:3	ACT.15.20	2
16:3	ACT.15.40	2
16:3	1CO.7.19	2
16:3	GAL.2.8	2
16:3	ACT.15.37	1
16:4	ACT.15.28-ACT.15.29	5
16:4	ACT.15.2	3
16:4	ACT.11.30	2
16:4	ACT.15.6	2
16:5	ACT.9.31	10
16:5	ACT.2.47	7
16:5	ACT.6.7	6
16:5	ACT.15.41	4
16:5	EPH.4.13-EPH.4.16	4
16:5	1PE.5.10	4
16:5	ACT.4.4	3
16:5	ACT.5.14	3
16:5	ACT.12.24	3
16:5	ACT.13.48-ACT.13.49	3
16:5	ROM.16.25	3
16:5	1CO.15.58	3
16:5	COL.2.6	3
16:5	ACT.11.21	2
16:5	ACT.19.18-ACT.19.21	2
16:5	GAL.5.1	2
16:5	1TH.3.2	2
16:5	1TH.3.13	2
16:5	2TH.2.16	2
16:5	HEB.13.9	2
16:5	HEB.13.20-HEB.13.21	2
16:5	2CH.20.20	1
16:5	ISA.7.9	1
16:6	ACT.18.23	6
16:6	ACT.16.7	5
16:6	ACT.11.12	4
16:6	ACT.13.2-ACT.13.4	4
16:6	GAL.1.2	4
16:6	ACT.19.10	3
16:6	GAL.3.1	3
16:6	2TI.4.10	3
16:6	1PE.1.1	3
16:6	2CH.6.7-2CH.6.9	2
16:6	ISA.30.21	2
16:6	AMO.8.11-AMO.8.12	2
16:6	ACT.2.9-ACT.2.10	2
16:6	ACT.10.19	2
16:6	ACT.19.26-ACT.19.27	2
16:6	ACT.20.4	2
16:6	ACT.20.16	2
16:6	ACT.20.28	2
16:6	1CO.12.11	2
16:6	1CO.16.1	2
16:6	2CO.1.8	2
16:6	2TI.1.15	2
16:6	HEB.11.8	2
16:6	REV.1.4	2
16:6	REV.1.11	2
16:7	GAL.4.6	6
16:7	PHP.1.19	6
16:7	ACT.8.29	5
16:7	ROM.8.9	5
16:7	1PE.1.1	4
16:7	1PE.1.11	4
16:8	2CO.2.12	6
16:8	2TI.4.13	6
16:8	ACT.16.11	5
16:8	ACT.20.5	5
16:9	ACT.9.10-ACT.9.12	5
16:9	ACT.18.5	5
16:9	ACT.19.21	5
16:9	ACT.18.9-ACT.18.10	4
16:9	ACT.20.1	4
16:9	ROM.10.14-ROM.10.15	4
16:9	ROM.15.26	4
16:9	ACT.11.5-ACT.11.14	3
16:9	2CO.7.5	3
16:9	2CO.8.1	3
16:9	2CO.9.2	3
16:9	2CO.11.9	3
16:9	2CO.12.1-2CO.12.4	3
16:9	2CO.12.7	3
16:9	1TH.1.7-1TH.1.8	3
16:9	1TH.4.10	3
16:9	ACT.2.17-ACT.2.18	2
16:9	ACT.8.26-ACT.8.31	2
16:9	ACT.9.38	2
16:9	ACT.10.3	2
16:9	ACT.10.10-ACT.10.17	2
16:9	ACT.10.30	2
16:9	ACT.10.32-ACT.10.33	2
16:9	ACT.20.3	2
16:9	ACT.22.17-ACT.22.21	2
16:9	ACT.27.23-ACT.27.24	2
16:10	2CO.2.12-2CO.2.13	5
16:10	ACT.14.7	3
16:10	PSA.119.60	2
16:10	PRO.3.27-PRO.3.28	2
16:10	ACT.10.29	2
16:10	ACT.16.10-ACT.16.17	2
16:10	ACT.20.5-ACT.20.8	2
16:10	ACT.20.13-ACT.20.15	2
16:10	ACT.21.1-ACT.21.18	2
16:10	ACT.26.13	2
16:10	ACT.27.1-ACT.28.16	2
16:11	ACT.21.1	3
16:11	ACT.16.8	2
16:12	1TH.2.2	9
16:12	PHP.1.1	5
16:12	ACT.20.6	4
16:12	ACT.16.9	1
16:12	ACT.16.21	1
16:13	ACT.13.14	7
16:13	ACT.18.4	3
16:13	ACT.21.5	3
16:13	COL.1.23	3
16:13	MAT.5.1-MAT.5.2	2
16:13	MAT.13.2	2
16:13	MRK.16.15	2
16:13	LUK.4.20-LUK.4.21	2
16:13	LUK.13.10	2
16:13	JHN.8.2	2
16:13	ACT.13.42	2
16:13	ACT.16.6	2
16:13	ACT.17.2	2
16:13	ACT.20.7	2
16:13	GAL.3.28	2
16:14	LUK.24.45	26
16:14	EPH.1.17-EPH.1.18	24
16:14	ISA.50.5	21
16:14	JHN.6.44-JHN.6.45	21
16:14	REV.3.20	13
16:14	2CO.3.14-2CO.3.16	12
16:14	ROM.9.16	11
16:14	2CO.4.4-2CO.4.6	11
16:14	1CO.3.6-1CO.3.7	7
16:14	PHP.2.13	7
16:14	ACT.11.21	6
16:14	REV.3.7	5
16:14	ACT.18.7	3
16:14	JAS.1.16-JAS.1.17	1
16:14	REV.2.18-REV.2.24	1
16:14	PSA.110.3	0
16:14	SNG.5.4	0
16:14	JHN.12.20	0
16:14	ACT.8.27	0
16:14	ACT.10.2	0
16:14	REV.1.11	0
16:15	ACT.11.14	11
16:15	HEB.13.2	9
16:15	ACT.16.33	8
16:15	GEN.19.3	6
16:15	LUK.24.29	6
16:15	1CO.1.13-1CO.1.16	5
16:15	PHM.1.17	5
16:15	1PE.5.12	5
16:15	3JN.1.5	5
16:15	3JN.1.8	5
16:15	2CO.5.14	4
16:15	2CO.12.11	4
16:15	GAL.6.10	4
16:15	EPH.1.1	4
16:15	PHP.1.7	4
16:15	JDG.19.19-JDG.19.21	3
16:15	1SA.28.23	3
16:15	LUK.9.4-LUK.9.5	3
16:15	LUK.14.23	3
16:15	ACT.8.12	3
16:15	ACT.8.38	3
16:15	ACT.18.8	3
16:15	GEN.18.4-GEN.18.5	2
16:15	GEN.33.11	2
16:15	2KI.4.8	2
16:15	MAT.10.41	2
16:15	LUK.10.5-LUK.10.7	2
16:15	ROM.16.23	2
16:15	2JN.1.10	1
16:16	LEV.19.31	11
16:16	DEU.18.9-DEU.18.11	10
16:16	ISA.8.19	9
16:16	1SA.28.7	7
16:16	1CH.10.13	7
16:16	GAL.5.20	6
16:16	1TI.6.10	6
16:16	EXO.7.11-EXO.7.12	5
16:16	ACT.16.18	5
16:16	1SA.28.3	4
16:16	ACT.16.13	4
16:16	2TI.3.8	4
16:16	ACT.8.9-ACT.8.11	3
16:16	DEU.13.1-DEU.13.3	2
16:16	REV.18.11-REV.18.13	2
16:16	ACT.19.24	1
16:16	2PE.2.3	1
16:17	JHN.14.6	9
16:17	1PE.2.16	8
16:17	MRK.5.7	7
16:17	DAN.6.20	6
16:17	DAN.3.26	5
16:17	DAN.3.28	5
16:17	PSA.57.2	4
16:17	JON.1.9	4
16:17	LUK.1.79	4
16:17	LUK.4.34	4
16:17	LUK.4.41	4
16:17	GEN.14.18-GEN.14.22	3
16:17	PSA.78.35	3
16:17	DAN.4.2	3
16:17	DAN.5.18	3
16:17	DAN.5.21	3
16:17	DAN.6.16	3
16:17	MIC.6.6	3
16:17	MAT.7.13-MAT.7.14	3
16:17	MAT.8.29	3
16:17	MAT.22.16	3
16:17	MRK.12.14	3
16:17	LUK.1.77	3
16:17	LUK.20.21	3
16:17	ACT.16.30-ACT.16.31	3
16:17	ACT.18.26	3
16:17	ACT.19.13	3
16:17	HEB.10.19-HEB.10.22	3
16:17	MRK.1.24	2
16:17	LUK.8.28	2
16:18	MRK.16.17	11
16:18	LUK.10.17-LUK.10.19	9
16:18	MRK.1.34	5
16:18	MRK.9.25-MRK.9.26	5
16:18	ACT.3.6	5
16:18	ACT.9.34	5
16:18	ACT.19.12-ACT.19.17	5
16:18	MRK.1.25-MRK.1.26	4
16:18	COL.2.15	4
16:18	LUK.9.1	3
16:18	ACT.14.13-ACT.14.15	2
16:19	ACT.17.6	5
16:19	ACT.21.30	5
16:19	ACT.8.3	4
16:19	ACT.16.16	4
16:19	ACT.18.12-ACT.18.13	4
16:19	2CO.6.5	4
16:19	MAT.24.9	3
16:19	MRK.13.9	3
16:19	ACT.9.16	3
16:19	ACT.14.5	3
16:19	ACT.14.19	3
16:19	ACT.15.26	3
16:19	ACT.19.24-ACT.19.27	3
16:19	MAT.10.16-MAT.10.18	2
16:19	ACT.15.22	2
16:19	JAS.2.6	2
16:19	1TI.6.10	1
16:20	JAS.4.4	4
16:20	JHN.15.18-JHN.15.20	3
16:20	ACT.28.22	3
16:20	ROM.12.2	3
16:20	1KI.18.17-1KI.18.18	2
16:20	EZR.4.12-EZR.4.15	2
16:20	EST.3.8-EST.3.9	2
16:20	MAT.2.3	2
16:20	ACT.17.6-ACT.17.8	2
16:20	ACT.18.2	2
16:20	ACT.19.34	2
16:21	EST.3.8	6
16:21	JER.10.3	2
16:21	ACT.16.12	2
16:21	ACT.26.3	2
16:22	1TH.2.2	9
16:22	2CO.6.5	5
16:22	ACT.22.22-ACT.22.26	4
16:22	2CO.11.23-2CO.11.25	4
16:22	HEB.11.36	4
16:22	MAT.10.17	3
16:22	MAT.27.26	3
16:22	ACT.5.40	3
16:22	ACT.16.37	3
16:22	ACT.17.5	3
16:22	ACT.18.12	3
16:22	ACT.19.28-ACT.19.41	3
16:22	ACT.21.30-ACT.21.31	3
16:22	1PE.2.24	3
16:23	REV.2.10	6
16:23	2TI.2.9	4
16:23	1SA.23.22-1SA.23.23	3
16:23	MAT.27.63-MAT.27.66	3
16:23	MAT.26.48	2
16:23	LUK.21.12	2
16:23	ACT.5.18	2
16:23	ACT.5.23	2
16:23	ACT.8.3	2
16:23	ACT.9.2	2
16:23	ACT.12.4	2
16:23	ACT.12.18	2
16:23	ACT.16.27	2
16:23	ACT.16.36	2
16:23	EPH.3.1	2
16:23	EPH.4.1	2
16:23	PHM.1.9	2
16:23	REV.1.9	1
16:24	JOB.13.27	7
16:24	JOB.33.11	7
16:24	JER.29.26	4
16:24	JER.38.26	3
16:24	1KI.22.27	2
16:24	2CH.16.10	2
16:24	PSA.105.18	2
16:24	JER.20.2-JER.20.3	2
16:24	JER.37.15-JER.37.16	2
16:24	LAM.3.53-LAM.3.55	2
16:25	1TH.5.16-1TH.5.18	42
16:25	PSA.119.62	32
16:25	JAS.1.2	30
16:25	ROM.5.3	26
16:25	1PE.1.6-1PE.1.8	25
16:25	PHP.4.4-PHP.4.7	24
16:25	PSA.77.6	18
16:25	MAT.5.10-MAT.5.11	16
16:25	HEB.5.7	16
16:25	PSA.50.15	15
16:25	COL.3.15-COL.3.17	15
16:25	2CO.4.8-2CO.4.9	13
16:25	ROM.12.12	12
16:25	EPH.5.19	12
16:25	JOB.35.10	11
16:25	COL.1.24	11
16:25	PSA.34.1	10
16:25	ISA.30.29	10
16:25	PSA.71.7	9
16:25	LUK.6.22-LUK.6.23	9
16:25	EZR.3.12-EZR.3.13	8
16:25	PSA.42.8	8
16:25	PSA.91.15	8
16:25	PSA.119.55	8
16:25	ZEC.3.8	8
16:25	MAT.26.38-MAT.26.39	8
16:25	ACT.5.41	8
16:25	2CO.4.16-2CO.4.17	8
16:25	2CO.6.10	8
16:25	PHP.2.17	8
16:25	1PE.4.14	8
16:25	PSA.77.2	7
16:25	LUK.22.44	7
16:25	JAS.5.13	7
16:25	PSA.22.2	6
16:26	ACT.4.31	15
16:26	ACT.5.19	13
16:26	ACT.12.7	9
16:26	ACT.12.10	9
16:26	PSA.146.7	8
16:26	MAT.28.2	6
16:26	PSA.102.20	4
16:26	ISA.42.7	4
16:26	PSA.79.11	3
16:26	ISA.61.1	3
16:26	REV.11.13	3
16:26	ZEC.9.11-ZEC.9.12	2
16:26	REV.6.12	2
16:27	ACT.12.19	4
16:27	JDG.9.54	2
16:27	1SA.31.4-1SA.31.5	2
16:27	2SA.17.23	2
16:27	1KI.16.18	2
16:27	MAT.27.5	2
16:27	ACT.16.23-ACT.16.24	1
16:28	1TH.5.15	10
16:28	LUK.6.27-LUK.6.28	5
16:28	LUK.23.34	5
16:28	EXO.20.13	3
16:28	ECC.7.17	3
16:28	MAT.5.44	3
16:28	LUK.10.32-LUK.10.37	3
16:28	LEV.19.18	2
16:28	PSA.7.4	2
16:28	PSA.35.14	2
16:28	PRO.8.36	2
16:28	PRO.24.11-PRO.24.12	2
16:28	LUK.22.51	2
16:29	REV.3.9	4
16:29	JER.10.10	3
16:29	DAN.6.26	3
16:29	PSA.99.1	2
16:29	PSA.119.120	2
16:29	ISA.60.14	2
16:29	ISA.66.2	2
16:29	ISA.66.5	2
16:29	JER.5.22	2
16:29	ACT.9.5-ACT.9.6	2
16:29	ACT.24.25	2
16:30	JHN.6.27-JHN.6.29	5
16:30	ACT.2.37	5
16:30	LUK.3.10	4
16:30	ACT.22.10	4
16:30	ISA.58.9	3
16:30	MAT.3.8	3
16:30	ACT.14.15	3
16:30	JAS.2.13	3
16:30	JOB.25.4	2
16:30	ACT.9.6	2
16:30	ACT.16.17	2
16:30	ACT.16.24	2
16:30	JOB.34.32	1
16:30	ISA.1.16-ISA.1.17	1
16:30	ISA.58.6	1
16:30	MAT.5.7	1
16:31	JHN.1.12	43
16:31	JHN.3.36	42
16:31	ACT.2.38-ACT.2.39	39
16:31	ROM.10.9-ROM.10.10	38
16:31	ACT.11.13-ACT.11.14	26
16:31	MRK.16.16	22
16:31	GAL.3.26	20
16:31	ISA.45.22	17
16:31	JHN.11.25-JHN.11.26	17
16:31	GEN.17.7	15
16:31	1JN.5.10-1JN.5.13	14
16:31	ACT.18.8	13
16:31	EPH.2.7-EPH.2.8	12
16:31	JHN.7.37-JHN.7.38	11
16:31	ACT.4.12	11
16:31	JER.32.39	10
16:31	JHN.3.15-JHN.3.16	10
16:31	JHN.6.40	10
16:31	ACT.15.11	10
16:31	ACT.16.32	10
16:31	JHN.6.47	9
16:31	GAL.3.22	9
16:31	GEN.18.19	7
16:31	JHN.20.31	7
16:31	ROM.5.1-ROM.5.2	7
16:31	HAB.2.4	6
16:31	ACT.13.38-ACT.13.39	6
16:31	ACT.16.15	6
16:31	GAL.3.14	6
16:31	ROM.11.16	5
16:31	ACT.8.36	4
16:32	ROM.1.16	4
16:32	COL.1.27-COL.1.28	4
16:32	1TH.2.8	3
16:32	1TI.1.13-1TI.1.16	3
16:32	MRK.16.15	2
16:32	ACT.10.33-ACT.10.43	2
16:32	ROM.1.14	2
16:32	EPH.3.8	2
16:33	1CO.1.16	7
16:33	ACT.16.15	6
16:33	LUK.10.33-LUK.10.34	3
16:33	ACT.16.25	3
16:33	PRO.16.7	2
16:33	ISA.11.6-ISA.11.9	2
16:33	MAT.25.35-MAT.25.40	2
16:33	LUK.19.9	2
16:33	ACT.16.23	2
16:33	GAL.5.6	2
16:33	GAL.5.13	2
16:34	ROM.15.13	6
16:34	ACT.2.46	4
16:34	ISA.12.1-ISA.12.3	3
16:34	ISA.55.12	3
16:34	ISA.58.7-ISA.58.11	3
16:34	ISA.61.10	3
16:34	LUK.15.32	3
16:34	ACT.8.39	3
16:34	ACT.11.14	3
16:34	ROM.5.11	3
16:34	PHM.1.7	3
16:34	ISA.57.17-ISA.57.18	2
16:34	LUK.5.29	2
16:34	LUK.15.22-LUK.15.25	2
16:34	LUK.19.6	2
16:34	ACT.16.27-ACT.16.29	2
16:34	ROM.5.2	2
16:34	GAL.5.22	2
16:34	PHP.4.4	2
16:34	PHP.4.17	2
16:34	1TH.4.9-1TH.4.10	2
16:34	JAS.2.14-JAS.2.17	2
16:34	1PE.1.6-1PE.1.8	2
16:34	1JN.3.18	2
16:35	ACT.5.40	3
16:35	PSA.76.10	2
16:35	JER.5.22	2
16:35	ACT.4.21	2
16:36	ACT.15.33	4
16:36	JHN.14.27	3
16:36	EXO.4.18	2
16:36	JDG.18.6	2
16:36	1SA.1.17	2
16:36	1SA.20.42	2
16:36	1SA.25.35	2
16:36	1SA.29.7	2
16:36	2KI.5.19	2
16:36	MRK.5.34	2
16:36	ACT.16.27	2
16:37	ACT.22.25-ACT.22.29	7
16:37	PSA.58.1-PSA.58.2	3
16:37	PSA.94.20	3
16:37	PRO.28.1	3
16:37	DAN.3.25-DAN.3.26	3
16:37	MAT.10.16	3
16:37	ACT.16.20-ACT.16.24	3
16:37	PSA.82.1-PSA.82.2	2
16:37	DAN.6.18-DAN.6.19	2
16:38	ACT.22.29	5
16:38	MAT.14.5	2
16:38	MAT.21.46	2
16:39	MAT.8.34	4
16:39	DAN.6.23	3
16:39	MRK.5.17	3
16:39	EXO.11.8	2
16:39	ISA.45.14	2
16:39	ISA.49.23	2
16:39	ISA.60.14	2
16:39	DAN.6.16	2
16:39	MIC.7.9-MIC.7.10	2
16:39	REV.3.9	1
16:40	ACT.14.22	5
16:40	ACT.16.14	5
16:40	1TH.3.2-1TH.3.3	5
16:40	2CO.1.3-2CO.1.7	4
16:40	2CO.4.16-2CO.4.18	4
16:40	2CO.4.8-2CO.4.12	3
16:40	ACT.4.23	2
16:40	ACT.12.12-ACT.12.17	2
16:40	ACT.16.2	1
17:1	1TH.1.1	9
17:1	PHP.4.16	8
17:1	ACT.20.4	6
17:1	2TH.1.1	6
17:1	2TI.4.10	5
17:1	ACT.17.11	4
17:1	ACT.17.13	4
17:1	ACT.27.2	4
17:1	ACT.16.13	3
17:1	ACT.14.1	2
17:1	ACT.15.21	2
17:2	ACT.9.20	5
17:2	ACT.18.4	5
17:2	ISA.1.18	4
17:2	LUK.4.16	4
17:2	ACT.13.5	4
17:2	ACT.14.1	4
17:2	ACT.17.10	4
17:2	ACT.17.17	4
17:2	JHN.18.20	3
17:2	ACT.8.35	3
17:2	ACT.28.23	3
17:2	1SA.12.7	2
17:2	ACT.13.14	2
17:2	ACT.19.8	2
17:2	ACT.24.25	2
17:2	HEB.7.1-HEB.7.10	1
17:3	ACT.18.28	7
17:3	ACT.9.22	6
17:3	LUK.24.32	5
17:3	LUK.24.46	3
17:3	ACT.3.18	3
17:3	1CO.15.3-1CO.15.4	3
17:3	GAL.3.1	3
17:3	1TH.1.5-1TH.1.6	3
17:3	LUK.24.26-LUK.24.27	2
17:3	LUK.24.44	2
17:3	JHN.20.9	2
17:3	ACT.1.4	2
17:3	ACT.2.16-ACT.2.36	2
17:3	ACT.3.22-ACT.3.26	2
17:3	ACT.13.26-ACT.13.39	2
17:4	ACT.17.12	5
17:4	ACT.13.43	4
17:4	ACT.14.4	4
17:4	ACT.13.50	3
17:4	ACT.15.22	3
17:4	ACT.28.24	3
17:4	2CO.8.5	3
17:4	PRO.9.6	2
17:4	PRO.13.20	2
17:4	SNG.1.7-SNG.1.8	2
17:4	SNG.6.1	2
17:4	ZEC.8.20-ZEC.8.23	2
17:4	JHN.7.35	2
17:4	ACT.2.41-ACT.2.42	2
17:4	ACT.2.44	2
17:4	ACT.4.23	2
17:4	ACT.5.12-ACT.5.14	2
17:4	ACT.14.1	2
17:4	ACT.15.27	2
17:4	ACT.15.32	2
17:4	ACT.15.40	2
17:4	ACT.16.3	2
17:4	ACT.17.17	2
17:4	ACT.17.34	2
17:4	ACT.18.4	2
17:4	ACT.19.10	2
17:4	ACT.21.28	2
17:4	2CO.6.17-2CO.6.18	2
17:4	ZEC.2.11	1
17:5	ACT.17.13	6
17:5	GAL.5.26	6
17:5	ACT.14.2	4
17:5	ACT.17.7	4
17:5	ROM.16.21	4
17:5	GAL.5.21	4
17:5	1TH.2.14-1TH.2.16	4
17:5	JDG.9.4	3
17:5	PSA.69.12	3
17:5	MAT.27.18	3
17:5	ACT.13.45	3
17:5	ACT.14.19	3
17:5	ACT.18.12	3
17:5	ACT.19.24-ACT.19.34	3
17:5	ACT.19.40	3
17:5	1CO.3.3	3
17:5	JOB.30.1-JOB.30.10	2
17:5	PSA.35.15	2
17:5	PRO.14.30	2
17:5	ACT.7.9	2
17:5	JAS.4.5	2
17:5	ISA.26.11	1
17:6	ACT.24.5	10
17:6	ACT.16.19-ACT.16.21	9
17:6	ACT.28.22	7
17:6	LUK.23.5	6
17:6	ACT.21.28-ACT.21.31	5
17:6	1KI.18.17-1KI.18.18	4
17:6	JER.38.2-JER.38.4	4
17:6	MAT.24.14	4
17:6	ACT.6.12-ACT.6.13	4
17:6	ACT.18.12-ACT.18.13	4
17:6	ACT.22.22-ACT.22.23	4
17:6	EXO.3.8-EXO.3.9	3
17:6	AMO.7.10	3
17:7	LUK.23.2	6
17:7	JHN.19.12	4
17:7	ACT.16.21	4
17:7	EZR.4.12-EZR.4.15	1
17:7	DAN.3.12	1
17:7	DAN.6.13	1
17:7	ACT.25.8-ACT.25.11	1
17:7	1PE.2.15	1
17:8	MAT.2.3	3
17:8	JHN.11.48	3
17:9	ACT.17.5	2
17:10	ACT.17.2	4
17:10	ACT.17.13-ACT.17.14	4
17:10	1TH.2.2	4
17:10	ACT.9.25	3
17:10	ACT.20.4	3
17:10	JOS.2.15-JOS.2.16	2
17:10	1SA.19.12-1SA.19.17	2
17:10	1SA.20.42	2
17:10	ACT.14.6-ACT.14.7	2
17:10	ACT.23.23-ACT.23.24	2
17:11	ISA.34.16	28
17:11	PRO.2.1-PRO.2.5	27
17:11	JHN.5.39	23
17:11	1TH.2.13	19
17:11	MAT.13.23	16
17:11	1PE.1.10-1PE.1.12	16
17:11	PRO.9.9	12
17:11	2PE.1.19-2PE.1.21	12
17:11	PRO.1.5	11
17:11	2TI.3.15-2TI.3.17	10
17:11	JHN.3.21	9
17:11	1TH.1.6	9
17:11	2TH.2.10	8
17:11	PSA.1.2-PSA.1.3	6
17:11	PRO.8.10	6
17:11	ISA.8.20	6
17:11	LUK.24.44	6
17:11	1PE.2.2	6
17:11	PSA.119.97	5
17:11	PSA.119.100	5
17:11	PSA.119.148	5
17:11	JAS.1.21	5
17:11	JOB.23.12	4
17:11	ACT.2.41	4
17:11	ACT.10.33	4
17:11	1JN.4.5-1JN.4.6	4
17:11	JER.2.21	3
17:11	LUK.16.29	3
17:11	ACT.11.1	3
17:11	ACT.17.1	3
17:11	JHN.1.45-JHN.1.49	1
17:12	EPH.5.14	5
17:12	ACT.13.50	4
17:12	ACT.14.1	4
17:12	ACT.17.2-ACT.17.4	3
17:12	1CO.1.26	3
17:12	PSA.25.8-PSA.25.9	2
17:12	JHN.1.45-JHN.1.49	2
17:12	JHN.7.17	2
17:12	ACT.13.46	2
17:12	JAS.1.10	2
17:12	JAS.1.21	2
17:13	1TH.2.14-1TH.2.16	4
17:13	PRO.28.25	3
17:13	MAT.23.13	3
17:13	ACT.6.12	3
17:13	ACT.14.2	3
17:13	ACT.17.5	3
17:13	ACT.21.27	3
17:13	1KI.21.25	2
17:13	PRO.15.18	2
17:13	LUK.12.51	2
17:14	ACT.17.10	6
17:14	MAT.10.23	5
17:14	ACT.9.25	3
17:14	ACT.9.30	3
17:14	ACT.16.1	3
17:14	JOS.2.16	2
17:14	ACT.15.22	2
17:14	ACT.19.22	2
17:14	ACT.20.3	2
17:14	1TI.1.3	2
17:14	TIT.1.5	2
17:15	ACT.18.5	6
17:15	1TH.3.1	6
17:15	ACT.18.1	5
17:15	2TI.4.10-2TI.4.11	4
17:15	TIT.3.12	3
17:15	ACT.15.3	2
17:15	ACT.17.16	2
17:15	ACT.17.21	2
17:15	2TI.4.20-2TI.4.21	2
17:16	PSA.119.158	8
17:16	EXO.32.19-EXO.32.20	6
17:16	PSA.119.136	6
17:16	2PE.2.7	6
17:16	JOB.32.18-JOB.32.20	3
17:16	JER.20.9	3
17:16	MIC.3.8	3
17:16	MRK.3.5	3
17:16	1KI.19.10	2
17:16	1KI.19.14	2
17:16	JOB.32.2-JOB.32.3	2
17:16	PSA.69.9	2
17:16	NUM.25.6-NUM.25.11	1
17:16	ACT.17.23	1
17:16	JHN.2.13	0
17:17	ACT.9.20	3
17:17	ACT.13.16	3
17:17	ACT.14.1-ACT.14.4	3
17:17	ACT.17.2-ACT.17.4	3
17:17	PRO.1.20-PRO.1.22	2
17:17	PRO.8.1-PRO.8.4	2
17:17	PRO.8.34	2
17:17	MAT.5.1-MAT.5.2	2
17:17	MRK.16.15	2
17:17	LUK.12.3	2
17:17	JER.6.11	1
17:17	ACT.8.2	1
17:17	ACT.10.2	1
17:17	2TI.3.2	1
17:17	2TI.3.5	1
17:18	1CO.1.20-1CO.1.21	8
17:18	LUK.11.53	4
17:18	ACT.4.2	4
17:18	1CO.3.18	4
17:18	1CO.4.10	4
17:18	COL.2.8	4
17:18	PRO.23.9	3
17:18	PRO.26.12	3
17:18	MRK.9.14	3
17:18	ACT.6.9	3
17:18	ACT.17.31-ACT.17.32	3
17:18	ACT.26.23	3
17:18	ROM.1.22	3
17:18	1CO.15.3-1CO.15.4	3
17:18	ROM.14.9-ROM.14.10	2
17:19	MRK.1.27	7
17:19	ACT.17.22	5
17:19	ACT.24.24	3
17:19	ACT.25.22	3
17:19	MAT.10.18	2
17:19	JHN.13.34	2
17:19	ACT.17.20	2
17:19	ACT.26.1	2
17:19	1JN.2.7-1JN.2.8	2
17:20	HOS.8.12	5
17:20	1CO.1.23	5
17:20	1CO.2.14	5
17:20	1CO.1.18	4
17:20	1PE.4.4	4
17:20	MAT.19.23-MAT.19.25	2
17:20	MRK.9.10	2
17:20	MRK.10.24-MRK.10.26	2
17:20	JHN.6.60	2
17:20	JHN.7.35-JHN.7.36	2
17:20	ACT.2.12	2
17:20	ACT.10.17	2
17:20	HEB.5.11	2
17:21	2TI.2.16-2TI.2.17	5
17:21	EPH.5.16	3
17:21	COL.4.5	3
17:21	2TH.3.11-2TH.3.12	2
17:21	1TI.5.13	2
17:22	ACT.25.19	4
17:22	ACT.17.16	3
17:22	ACT.19.35	3
17:22	JER.10.2-JER.10.3	2
17:22	JER.50.38	2
17:23	GAL.4.8-GAL.4.9	15
17:23	JHN.4.22	14
17:23	JHN.17.3	9
17:23	JHN.17.25	7
17:23	ACT.17.30	6
17:23	ROM.1.28	5
17:23	1CO.1.21	5
17:23	2TH.2.4	5
17:23	1TI.1.17	5
17:23	1JN.5.20	4
17:23	MAT.15.9	3
17:23	JHN.8.54	3
17:23	ROM.1.20-ROM.1.25	3
17:23	1CO.8.5	3
17:23	2CO.4.4-2CO.4.6	3
17:23	EPH.2.12	3
17:23	PSA.50.21	2
17:23	PSA.147.20	2
17:24	1KI.8.27	55
17:24	DEU.10.14	35
17:24	ACT.7.48	34
17:24	ISA.66.1	32
17:24	2CH.6.18	30
17:24	MAT.11.25	24
17:24	PSA.115.16	21
17:24	2CH.2.6	20
17:24	JHN.4.22-JHN.4.23	15
17:24	ISA.42.5	12
17:24	JER.10.11	12
17:24	ACT.4.24	12
17:24	ACT.14.15	12
17:24	REV.20.11	12
17:24	2KI.19.15	11
17:24	LUK.10.21	11
17:24	ACT.17.26-ACT.17.28	9
17:24	PSA.24.1	8
17:24	JER.23.24	8
17:24	ISA.40.12	7
17:24	MAT.5.34	7
17:24	HEB.3.4	7
17:24	ISA.40.28	6
17:24	JHN.1.1	6
17:24	HEB.1.2	6
17:24	PSA.148.13	5
17:24	ISA.45.18	5
17:24	JER.32.17	5
17:24	ZEC.12.1	5
17:24	GEN.14.19	4
17:24	PSA.146.5	4
17:24	DAN.4.35	4
17:24	GEN.14.22	3
17:25	PSA.50.8-PSA.50.13	13
17:25	GEN.2.7	9
17:25	ISA.42.5	9
17:25	JOB.33.4	8
17:25	ACT.17.28	8
17:25	ROM.11.35	8
17:25	JOB.22.2	6
17:25	JOB.35.6-JOB.35.7	6
17:25	JOB.12.10	5
17:25	PSA.104.27-PSA.104.30	5
17:25	JOB.27.3	4
17:25	PSA.16.2	4
17:25	1TI.6.17	4
17:25	ZEC.12.1	3
17:25	NUM.27.16	2
17:25	JOB.34.14	2
17:25	ISA.57.16	2
17:25	JER.7.20-JER.7.23	2
17:25	AMO.5.21-AMO.5.23	2
17:25	MAT.5.45	2
17:25	MAT.9.13	2
17:25	ACT.14.17	2
17:25	NUM.16.22	1
17:26	DEU.32.7-DEU.32.8	38
17:26	GEN.3.20	21
17:26	MAL.2.10	20
17:26	ROM.5.12-ROM.5.19	17
17:26	1CO.15.22	14
17:26	1CO.15.47	11
17:26	JOB.12.23	10
17:26	JOB.14.5	10
17:26	PSA.31.15	9
17:26	GEN.9.19	8
17:26	DAN.11.35	7
17:26	DAN.11.27	4
17:26	HEB.2.3	4
17:26	ISA.14.31	3
17:26	ISA.45.21	2
17:27	JER.23.23-JER.23.24	21
17:27	DEU.4.7	19
17:27	ACT.14.17	16
17:27	ROM.1.20	16
17:27	PSA.19.1-PSA.19.6	6
17:27	ACT.15.17	6
17:27	ROM.2.4	6
17:27	PSA.139.1-PSA.139.13	2
17:27	1KI.8.27	1
17:28	JOB.12.10	65
17:28	COL.1.17	60
17:28	HEB.1.3	42
17:28	PSA.36.9	40
17:28	LUK.20.38	26
17:28	JHN.5.26	20
17:28	JHN.11.25	20
17:28	PSA.66.9	19
17:28	HEB.12.9	17
17:28	1SA.25.29	13
17:28	DAN.5.23	9
17:29	ISA.40.25	10
17:29	EXO.20.4	8
17:29	ISA.46.5-ISA.46.6	7
17:29	PSA.115.4-PSA.115.8	6
17:29	HAB.2.19-HAB.2.20	5
17:29	JER.10.4-JER.10.10	4
17:29	ROM.1.20-ROM.1.23	4
17:29	PSA.106.20	3
17:29	PSA.94.7-PSA.94.9	2
17:29	ISA.40.12-ISA.40.20	2
17:29	ISA.44.9-ISA.44.20	2
17:29	EXO.32.4	1
17:30	ACT.14.16	33
17:30	TIT.2.11-TIT.2.12	22
17:30	LUK.24.47	18
17:30	ROM.3.25	14
17:30	ACT.26.17-ACT.26.20	13
17:30	EPH.4.17-EPH.4.32	13
17:30	1PE.4.3	12
17:30	LUK.13.5	9
17:30	ACT.3.19	9
17:30	ROM.2.4	9
17:30	1PE.1.14-1PE.1.15	9
17:30	MAT.3.2	8
17:30	MRK.1.15	8
17:30	MRK.6.12	8
17:30	ACT.11.18	8
17:30	ACT.17.23	8
17:30	ACT.20.21	8
17:30	ROM.1.28	8
17:30	EPH.5.6-EPH.5.8	8
17:30	PSA.50.21	7
17:30	MAT.4.17	7
17:30	2CO.7.10	7
17:30	LUK.15.10	6
17:30	ROM.3.23	4
17:31	MAT.25.31-MAT.25.46	10
17:31	ROM.2.16	10
17:31	2PE.3.7	10
17:31	PSA.9.8	8
17:31	PSA.98.9	8
17:31	2CO.5.10	8
17:31	1CO.4.5	7
17:31	ROM.2.5	6
17:31	1CO.15.3-1CO.15.8	6
17:31	PSA.96.13	5
17:31	JHN.5.22-JHN.5.23	5
17:31	ACT.4.10	5
17:31	ACT.10.39-ACT.10.42	5
17:31	JUD.1.14-JUD.1.15	4
17:31	MAT.10.15	3
17:31	ACT.2.23-ACT.2.24	3
17:31	ACT.3.15-ACT.3.16	3
17:31	ROM.14.9-ROM.14.10	3
17:31	2TI.4.1	3
17:31	LUK.24.46-LUK.24.48	2
17:31	ACT.2.32	2
17:31	ACT.5.30-ACT.5.32	1
17:31	ACT.13.30-ACT.13.31	1
17:31	ACT.17.18	1
17:32	ACT.17.18	7
17:32	ACT.26.8	7
17:32	ACT.2.13	4
17:32	ACT.24.25	4
17:32	ACT.25.19	4
17:32	1CO.4.10	4
17:32	2CO.6.2	4
17:32	2CH.36.16	3
17:32	LUK.14.18	3
17:32	ACT.17.31	3
17:32	ACT.26.24-ACT.26.25	3
17:32	HEB.3.7-HEB.3.8	3
17:32	ACT.13.41	2
17:32	1CO.1.23	2
17:32	2CH.30.9-2CH.30.11	1
17:32	LUK.22.63	1
17:32	LUK.23.11	1
17:32	LUK.23.36	1
17:32	HEB.11.36	1
17:32	HEB.13.13	1
17:32	GEN.19.14	0
17:34	ACT.17.19	5
17:34	ROM.11.5-ROM.11.6	4
17:34	ACT.13.48	3
17:34	ACT.17.4	3
17:34	ISA.55.10-ISA.55.11	2
17:34	MAT.20.16	2
17:34	JHN.7.48-JHN.7.52	2
17:34	JHN.19.38-JHN.19.42	2
17:34	ACT.17.22	2
17:34	PHP.4.22	2
18:1	1CO.1.2	7
18:1	2TI.4.20	6
18:1	ACT.19.1	5
18:1	2CO.1.1	5
18:1	ACT.17.15	3
18:1	ACT.17.32-ACT.17.33	3
18:1	2CO.1.23	3
18:2	ROM.16.3-ROM.16.4	9
18:2	1CO.16.19	9
18:2	2TI.4.19	9
18:2	ACT.11.28	6
18:2	ACT.18.26	6
18:2	ACT.2.9	3
18:2	ACT.18.18	3
18:2	1PE.1.1	2
18:3	1CO.4.12	9
18:3	1TH.2.9	9
18:3	2CO.11.7	5
18:3	2CO.11.9	5
18:3	2TH.3.8-2TH.3.9	5
18:3	2CO.12.13	4
18:3	ACT.20.34-ACT.20.35	3
18:3	1CO.9.6-1CO.9.12	3
18:4	2CO.5.11	5
18:4	ACT.17.17	4
18:4	ACT.28.23	4
18:4	2CH.32.11	2
18:4	LUK.4.16	2
18:4	LUK.16.31	2
18:4	ACT.13.14-ACT.14.1	2
18:4	ACT.17.1-ACT.17.3	2
18:4	ACT.17.11	2
18:4	ACT.18.13	2
18:4	ACT.19.8	2
18:4	ACT.19.26	2
18:4	ACT.26.28	2
18:4	GEN.9.27	1
18:5	2CO.5.14	8
18:5	ACT.18.28	7
18:5	ACT.9.22	6
18:5	ACT.17.3	6
18:5	ACT.20.21	6
18:5	EZK.3.14	5
18:5	JOB.32.18-JOB.32.20	4
18:5	JER.6.11	4
18:5	JER.20.9	4
18:5	ACT.2.36	4
18:5	ACT.17.14-ACT.17.16	4
18:5	PHP.1.23	3
18:5	DAN.9.25-DAN.9.26	2
18:5	MIC.3.8	2
18:5	LUK.12.50	2
18:5	JHN.1.41	2
18:5	JHN.3.28	2
18:5	JHN.10.24	2
18:5	JHN.15.27	2
18:5	ACT.4.20	2
18:5	ACT.10.42	2
18:5	ACT.15.22	2
18:5	ACT.16.1	2
18:5	ACT.16.9	2
18:5	1TH.3.2	2
18:5	1PE.5.12	2
18:6	EZK.33.4	19
18:6	2SA.1.16	16
18:6	EZK.33.8-EZK.33.9	15
18:6	EZK.18.13	10
18:6	NEH.5.13	9
18:6	ACT.13.51	9
18:6	1PE.4.4	8
18:6	LUK.9.5	7
18:6	LUK.10.10-LUK.10.11	7
18:6	ACT.13.45-ACT.13.47	7
18:6	1TH.2.14-1TH.2.16	7
18:6	1PE.4.14	7
18:6	EZK.3.18-EZK.3.19	6
18:6	MAT.27.25	6
18:6	ACT.28.28	6
18:6	ROM.3.29	6
18:6	2TI.2.25	6
18:6	MAT.10.14	5
18:6	MAT.22.10	5
18:6	ACT.19.9-ACT.19.10	5
18:6	ACT.20.26-ACT.20.27	5
18:6	ACT.26.11	5
18:6	ACT.26.20	5
18:6	ROM.10.12-ROM.10.13	5
18:6	JAS.2.6-JAS.2.7	5
18:6	LEV.20.9	4
18:6	LEV.20.11-LEV.20.12	4
18:6	MAT.8.11	4
18:6	MAT.21.43	4
18:6	LUK.22.65	4
18:6	ROM.11.11-ROM.11.15	4
18:6	ROM.9.25-ROM.9.26	3
18:6	ROM.9.30-ROM.9.33	3
18:6	1TI.5.22	3
18:7	ACT.16.14	7
18:7	COL.4.11	6
18:7	ACT.10.2	3
18:7	ACT.10.22	3
18:7	ACT.13.42	3
18:7	ACT.17.4	3
18:8	1CO.1.13-1CO.1.17	6
18:8	MRK.16.15-MRK.16.16	5
18:8	ROM.10.14-ROM.10.17	5
18:8	ACT.11.14	4
18:8	ACT.8.12	3
18:8	GEN.17.27	2
18:8	GEN.18.19	2
18:8	JOS.24.15	2
18:8	MAT.28.19	2
18:8	MRK.5.22	2
18:8	MRK.5.35	2
18:8	ACT.2.37-ACT.2.41	2
18:8	ACT.8.35-ACT.8.38	2
18:8	ACT.10.2	2
18:8	ACT.13.15	2
18:8	ACT.16.14-ACT.16.15	2
18:8	ACT.16.34	2
18:8	ACT.18.17	2
18:9	ACT.23.11	12
18:9	EPH.6.19-EPH.6.20	10
18:9	EZK.2.6-EZK.2.8	9
18:9	ACT.27.23-ACT.27.25	8
18:9	JER.1.17	4
18:9	MIC.3.8	4
18:9	ACT.16.9	4
18:9	2CO.12.1-2CO.12.3	4
18:9	EZK.3.9-EZK.3.11	3
18:9	JON.3.2	3
18:9	1TH.2.2	3
18:9	ISA.58.1	2
18:9	ACT.22.18	0
18:10	2CO.12.9	17
18:10	EXO.4.12	15
18:10	ISA.41.10	13
18:10	MAT.28.20	13
18:10	ROM.8.31	12
18:10	JHN.10.16	11
18:10	2TI.4.22	10
18:10	ISA.54.17	9
18:10	JER.15.20-JER.15.21	9
18:10	JOS.1.9	8
18:10	ISA.43.2	8
18:10	MAT.10.30	8
18:10	JHN.11.52	7
18:10	ROM.10.20-ROM.10.21	7
18:10	JER.1.18-JER.1.19	6
18:10	LUK.21.18	6
18:10	ACT.15.18	6
18:10	2TI.4.17	6
18:10	JOS.1.5	4
18:10	ISA.8.10	4
18:10	MAT.1.23	4
18:10	JDG.2.18	3
18:10	ACT.15.14	3
18:10	1CO.6.9-1CO.6.11	3
18:11	ACT.14.3	2
18:11	ACT.19.10	2
18:11	ACT.20.31	1
18:12	ACT.13.7	4
18:12	ACT.13.50	4
18:12	ACT.18.27	4
18:12	MAT.27.19	3
18:12	ACT.14.2	3
18:12	ACT.14.19	3
18:12	ACT.17.13	3
18:12	ACT.18.16-ACT.18.17	3
18:12	ACT.25.10	3
18:12	ROM.15.26	3
18:12	1CO.16.15	3
18:12	2CO.1.1	3
18:12	2CO.9.2	3
18:12	2CO.11.10	3
18:12	JHN.19.13	2
18:12	ACT.13.12	2
18:12	ACT.17.5	2
18:12	ACT.21.27-ACT.21.36	2
18:12	ROM.16.5	2
18:12	1TH.1.7-1TH.1.8	2
18:12	JAS.2.6	2
18:13	ACT.6.13	3
18:13	ACT.21.28	3
18:13	ACT.24.5-ACT.24.6	3
18:13	ACT.25.8	3
18:13	ACT.18.4	2
18:13	ACT.18.15	2
18:14	1PE.3.14-1PE.3.15	3
18:14	MRK.9.19	2
18:14	LUK.21.12-LUK.21.15	2
18:14	ACT.13.18	2
18:14	ACT.21.39-ACT.22.2	2
18:14	ACT.23.27-ACT.23.29	2
18:14	ACT.25.11	2
18:14	ACT.25.18-ACT.25.20	2
18:14	ACT.25.26	2
18:14	ACT.26.1-ACT.26.2	2
18:14	ROM.13.3	2
18:14	2CO.11.1	2
18:14	2CO.11.4	2
18:14	HEB.5.2	2
18:15	ACT.23.29	6
18:15	ACT.25.19	5
18:15	1TI.6.4	4
18:15	MAT.27.24	3
18:15	ACT.25.11	3
18:15	ACT.26.3	3
18:15	1TI.1.4	3
18:15	2TI.2.23	3
18:15	TIT.3.9	3
18:15	MAT.27.4	2
18:15	JHN.18.31	2
18:15	ACT.24.6-ACT.24.8	2
18:16	PSA.76.10	2
18:16	ROM.13.3-ROM.13.4	2
18:16	REV.12.16	2
18:17	1CO.1.1	5
18:17	AMO.6.6	2
18:17	ACT.17.32	2
18:17	1CO.1.23	2
18:18	ACT.21.24	8
18:18	NUM.6.18	6
18:18	NUM.6.5-NUM.6.9	4
18:18	ACT.18.2	4
18:18	ROM.16.1	4
18:18	1CO.9.20	4
18:18	NUM.6.2	3
18:18	ACT.15.23	3
18:18	GAL.1.21	3
18:18	ACT.15.41	2
18:18	ACT.18.26	2
18:18	ACT.21.3	2
18:19	EPH.1.1	5
18:19	1TI.1.3	5
18:19	2TI.1.18	5
18:19	ACT.18.4	4
18:19	ACT.18.24	4
18:19	ACT.19.1	4
18:19	ACT.20.16	4
18:19	1CO.15.32	4
18:19	ACT.17.2-ACT.17.3	3
18:19	ACT.19.17	3
18:19	ACT.19.26	3
18:19	1CO.16.8	3
18:19	2TI.4.12	3
18:19	REV.1.11	3
18:19	REV.2.1	3
18:19	ACT.18.21	2
18:20	MRK.1.37-MRK.1.38	2
18:20	ACT.20.16	2
18:20	ACT.21.13-ACT.21.14	2
18:20	1CO.16.12	2
18:21	1CO.4.19	6
18:21	JAS.4.15	6
18:21	ACT.20.16	5
18:21	ROM.1.10	5
18:21	ROM.15.32	5
18:21	HEB.6.3	5
18:21	DEU.16.1	3
18:21	MAT.26.39	2
18:21	ACT.15.29	2
18:21	ACT.19.21	2
18:21	ACT.21.14	2
18:21	1CO.16.7	2
18:21	2CO.13.11	2
18:21	PHP.2.19-PHP.2.24	2
18:21	1PE.3.17	2
18:21	LUK.9.61	1
18:22	ACT.8.40	4
18:22	ACT.10.1	2
18:22	ACT.10.24	2
18:22	ACT.11.11	2
18:22	ACT.11.19-ACT.11.27	2
18:22	ACT.13.1	2
18:22	ACT.14.26	2
18:22	ACT.15.4	2
18:22	ACT.15.23	2
18:22	ACT.15.30	2
18:22	ACT.15.35	2
18:22	ACT.18.21-ACT.18.22	2
18:22	ACT.21.17-ACT.21.19	2
18:22	ACT.23.23	2
18:22	ACT.25.1	2
18:22	ACT.25.9	2
18:23	ACT.14.22	6
18:23	ACT.16.6	5
18:23	ACT.15.32	4
18:23	ACT.15.41	4
18:23	1CO.16.1	3
18:23	GAL.4.14	3
18:23	1TH.5.14	3
18:23	DEU.3.28	2
18:23	EZR.1.6	2
18:23	ISA.35.3-ISA.35.4	2
18:23	DAN.11.1	2
18:23	LUK.22.32	2
18:23	LUK.22.43	2
18:23	ACT.16.40	2
18:23	GAL.1.2	2
18:23	1TH.3.2	2
18:23	1TH.4.18	2
18:23	HEB.12.12-HEB.12.13	2
18:24	1CO.3.5-1CO.3.6	6
18:24	1CO.4.6	6
18:24	TIT.3.13	6
18:24	1CO.1.12	5
18:24	1CO.16.12	5
18:24	COL.3.16	3
18:24	EXO.4.10	2
18:24	EZR.7.6	2
18:24	EZR.7.12	2
18:24	ISA.3.3	2
18:24	MAT.13.52	2
18:24	LUK.24.19	2
18:24	ACT.6.9	2
18:24	ACT.7.22	2
18:24	ACT.27.6	2
18:24	1CO.2.1-1CO.2.2	2
18:24	2CO.10.10	2
18:24	ACT.18.28-ACT.19.1	1
18:25	ACT.19.3	5
18:25	ROM.12.11	5
18:25	HOS.14.9	4
18:25	MRK.12.14	3
18:25	ACT.9.2	3
18:25	ACT.19.9	3
18:25	ACT.19.23	3
18:25	GEN.18.19	2
18:25	JDG.2.22	2
18:25	1SA.12.23	2
18:25	PSA.25.8-PSA.25.9	2
18:25	PSA.119.1	2
18:25	ISA.40.3	2
18:25	JER.6.16	2
18:25	MAT.3.1-MAT.3.17	2
18:25	MRK.1.3	2
18:25	LUK.3.1-LUK.3.38	2
18:25	LUK.7.29	2
18:25	JHN.1.19-JHN.1.36	2
18:25	ACT.13.10	2
18:25	ACT.16.17	2
18:25	COL.1.28-COL.1.29	2
18:25	2TI.2.4	2
18:25	JAS.5.16	2
18:26	ACT.14.3	3
18:26	ACT.18.25	3
18:26	1CO.12.21	3
18:26	EPH.6.19-EPH.6.20	3
18:26	HEB.6.1	3
18:26	PRO.1.5	2
18:26	PRO.9.9	2
18:26	PRO.22.17-PRO.22.18	2
18:26	PRO.25.12	2
18:26	ISA.58.1	2
18:26	MAT.18.3-MAT.18.4	2
18:26	MRK.10.15	2
18:26	LUK.19.26	2
18:26	LUK.24.27	2
18:26	JHN.7.17	2
18:26	ACT.8.31	2
18:26	ACT.18.2-ACT.18.3	2
18:26	ACT.28.23	2
18:26	1CO.3.18	2
18:26	2PE.3.18	2
18:26	1CO.8.2	1
18:27	2TH.2.13-2TH.2.14	4
18:27	JAS.1.16-JAS.1.18	3
18:27	JHN.1.12-JHN.1.13	2
18:27	ACT.9.27	2
18:27	ACT.18.18	2
18:27	ACT.19.1	2
18:27	ROM.1.5	2
18:27	ROM.16.1-ROM.16.2	2
18:27	1CO.3.10-1CO.3.14	2
18:27	1CO.15.10	2
18:27	1CO.16.3	2
18:27	2CO.1.24	2
18:27	2CO.3.1-2CO.3.2	2
18:27	EPH.2.8-EPH.2.10	2
18:27	PHP.1.25	2
18:27	PHP.1.29	2
18:27	COL.2.12	2
18:27	COL.4.10	2
18:27	TIT.3.4-TIT.3.6	2
18:27	1PE.1.2-1PE.1.3	2
18:27	3JN.1.8-3JN.1.10	2
18:27	ACT.18.12	1
18:27	1CO.3.6	1
18:28	ACT.18.5	8
18:28	1CO.15.3-1CO.15.4	8
18:28	ACT.9.22	6
18:28	ACT.26.22-ACT.26.23	6
18:28	LUK.24.44	5
18:28	LUK.24.27	4
18:28	JHN.5.39	4
18:28	ACT.17.3	4
18:28	ACT.18.25	3
18:28	HEB.7.1-HEB.7.10	3
19:1	ACT.18.23-ACT.18.28	5
19:1	1CO.16.12	5
19:1	ACT.18.1	4
19:1	ACT.18.19-ACT.18.21	4
19:1	1CO.1.12	4
19:1	1CO.3.4-1CO.3.7	3
19:2	ACT.11.15-ACT.11.17	6
19:2	1CO.6.19	6
19:2	GAL.3.5	6
19:2	JHN.7.39	5
19:2	1SA.3.7	4
19:2	ACT.19.5	4
19:2	ACT.2.17	3
19:2	ACT.2.38-ACT.2.39	3
19:2	ACT.8.15-ACT.8.17	3
19:2	ACT.10.44	3
19:2	ROM.1.11	3
19:2	1CO.12.1-1CO.12.11	3
19:3	ACT.18.25	5
19:3	MAT.3.1-MAT.3.17	3
19:3	MAT.28.19	3
19:3	LUK.3.1-LUK.3.38	3
19:3	ACT.8.16	3
19:3	1CO.12.13	3
19:4	JHN.1.29-JHN.1.34	6
19:4	ACT.1.5	6
19:4	ACT.11.16	6
19:4	LUK.3.16-LUK.3.18	5
19:4	JHN.1.7	4
19:4	JHN.1.27	4
19:4	JHN.3.28-JHN.3.36	4
19:4	ACT.13.23-ACT.13.25	4
19:4	MAT.3.11-MAT.3.12	3
19:4	MAT.11.3-MAT.11.5	3
19:4	MAT.21.25-MAT.21.32	3
19:4	MRK.1.1-MRK.1.12	3
19:4	LUK.1.76-LUK.1.79	3
19:4	JHN.1.15	3
19:4	JHN.5.33-JHN.5.35	3
19:5	ACT.8.12	8
19:5	ACT.8.16	8
19:5	ACT.2.38	6
19:5	ROM.6.3-ROM.6.4	6
19:5	1CO.10.2	6
19:5	ACT.10.48	5
19:5	1CO.1.13-1CO.1.15	5
19:6	ACT.2.4	7
19:6	ACT.6.6	7
19:6	MRK.16.17	6
19:6	1TI.5.22	4
19:6	ACT.9.17	3
19:6	1CO.14.1-1CO.14.25	3
19:6	2TI.1.6	3
19:6	ACT.8.17-ACT.8.19	2
19:6	ACT.10.45-ACT.10.46	2
19:6	1CO.12.8-1CO.12.11	2
19:6	ACT.13.1-ACT.13.2	1
19:6	1CO.12.28-1CO.12.30	1
19:8	ACT.1.3	5
19:8	ACT.28.23	5
19:8	ACT.9.20-ACT.9.22	3
19:8	JUD.1.3	3
19:8	ACT.13.14	2
19:8	ACT.13.46	2
19:8	ACT.14.1	2
19:8	ACT.17.1-ACT.17.3	2
19:8	ACT.17.17	2
19:8	ACT.18.4	2
19:8	ACT.18.19	2
19:8	ACT.19.9	2
19:8	ACT.26.22-ACT.26.23	2
19:9	ACT.19.23	6
19:9	ACT.9.2	5
19:9	ACT.18.6-ACT.18.8	5
19:9	ACT.14.4	4
19:9	2PE.2.12	4
19:9	ACT.7.51	3
19:9	ACT.13.45-ACT.13.46	3
19:9	ACT.22.4	3
19:9	ROM.9.18	3
19:9	ROM.11.7	3
19:9	1TI.6.5	3
19:9	HEB.3.13	3
19:9	2PE.2.2	3
19:9	JUD.1.10	3
19:9	2KI.17.14	2
19:9	2CH.30.8	2
19:9	2CH.36.16	2
19:9	NEH.9.16-NEH.9.17	2
19:9	NEH.9.29	2
19:9	PSA.95.8	2
19:9	PRO.8.34	2
19:9	ISA.8.14	2
19:9	JER.7.26	2
19:9	JER.19.15	2
19:9	MAT.15.14	2
19:9	MAT.16.4	2
19:9	MAT.26.55	2
19:9	LUK.12.51-LUK.12.53	2
19:9	JHN.12.40	2
19:9	ACT.11.26	2
19:9	ACT.17.4	2
19:9	ACT.19.30	2
19:9	ACT.20.31	2
19:9	ACT.24.21	2
19:9	ACT.28.22	2
19:9	2TI.1.15	2
19:9	2TI.3.5	2
19:9	2TI.4.2	2
19:10	ACT.20.31	6
19:10	2TI.1.15	4
19:10	ACT.16.6	3
19:10	ROM.1.16	3
19:10	ROM.10.12	3
19:10	ROM.10.18	3
19:10	1CO.1.22-1CO.1.24	3
19:10	GAL.3.28	3
19:10	COL.3.11	3
19:10	ACT.18.4	2
19:10	ACT.18.11	2
19:10	ACT.19.8	2
19:10	ACT.19.22	2
19:10	ACT.19.26-ACT.19.27	2
19:10	ACT.20.18	2
19:10	ACT.20.20-ACT.20.21	2
19:10	1PE.1.1	2
19:10	REV.1.4	2
19:10	REV.1.11	2
19:11	MRK.16.17-MRK.16.20	16
19:11	ACT.5.12	16
19:11	ROM.15.18-ROM.15.19	15
19:11	HEB.2.4	14
19:11	ACT.8.13	10
19:11	ACT.16.18	10
19:11	GAL.3.5	10
19:11	ACT.15.12	8
19:11	JHN.14.12	7
19:11	ACT.14.3	7
19:12	ACT.5.15	14
19:12	2KI.13.20-2KI.13.21	13
19:12	MRK.16.17	10
19:12	2KI.4.29-2KI.4.31	5
19:13	MAT.12.27	10
19:13	MRK.9.38	8
19:13	LUK.11.19	6
19:13	ACT.8.18-ACT.8.19	5
19:13	MRK.5.7	4
19:13	LUK.9.49	4
19:13	1KI.22.16	3
19:13	MAT.26.63	3
19:13	JOS.6.26	2
19:13	1SA.14.24	2
19:13	GEN.4.12	1
19:13	GEN.4.14	1
19:13	PSA.109.10	0
19:15	ACT.16.17-ACT.16.18	9
19:15	MRK.1.34	8
19:15	MRK.5.9-MRK.5.13	8
19:15	LUK.4.33-LUK.4.35	8
19:15	MRK.1.24	5
19:15	MAT.8.29-MAT.8.31	4
19:15	LUK.8.28-LUK.8.32	4
19:15	GEN.3.1-GEN.3.5	3
19:15	1KI.22.21-1KI.22.23	2
19:16	MRK.5.3-MRK.5.4	3
19:16	LUK.8.29	3
19:16	MRK.5.15	2
19:16	LUK.8.35	2
19:17	2TH.1.12	4
19:17	ACT.5.5	3
19:17	ACT.5.11	3
19:17	ACT.13.12	3
19:17	PHP.1.20	3
19:17	PHP.2.9-PHP.2.11	3
19:17	2TH.3.1	3
19:17	LEV.10.3	2
19:17	1SA.6.20	2
19:17	2SA.6.9	2
19:17	PSA.64.9	2
19:17	LUK.1.65	2
19:17	LUK.7.16	2
19:17	ACT.2.43	2
19:17	ACT.5.13	2
19:17	ACT.18.19	2
19:17	HEB.2.8-HEB.2.9	2
19:17	REV.5.12-REV.5.14	2
19:18	ROM.10.10	5
19:18	PSA.32.5	3
19:18	MAT.3.6	3
19:18	LEV.16.21	2
19:18	LEV.26.40	2
19:18	JOB.33.27-JOB.33.28	2
19:18	PRO.28.13	2
19:18	JER.3.13	2
19:18	EZK.16.63	2
19:18	EZK.36.31	2
19:18	1JN.1.9	2
19:19	ACT.13.8	5
19:19	GEN.35.4	4
19:19	EXO.32.20	4
19:19	DEU.7.25-DEU.7.26	4
19:19	ISA.2.20-ISA.2.21	4
19:19	EXO.7.22	3
19:19	ISA.30.22	3
19:19	DAN.2.2	3
19:19	ACT.8.9-ACT.8.11	3
19:19	ACT.13.6	3
19:19	EXO.7.11	2
19:19	1SA.28.7-1SA.28.9	2
19:19	1CH.10.13	2
19:19	2CH.33.6	2
19:19	ISA.8.19	2
19:19	ISA.47.12-ISA.47.13	2
19:19	MAT.5.29-MAT.5.30	2
19:19	LUK.14.33	2
19:19	HEB.10.34	2
19:19	DEU.18.10-DEU.18.12	1
19:20	ACT.6.7	15
19:20	ACT.12.24	15
19:20	ISA.55.11	13
19:20	2TH.3.1	12
19:21	ACT.20.22	8
19:21	ACT.20.16	6
19:21	ACT.23.11	4
19:21	ACT.18.21	3
19:21	ROM.1.13	3
19:21	GAL.2.1	3
19:21	LAM.3.37	2
19:21	ACT.16.6-ACT.16.10	2
19:21	ACT.18.12	2
19:21	ACT.20.1-ACT.20.6	2
19:21	ACT.21.4	2
19:21	ACT.21.11-ACT.21.15	2
19:21	ACT.21.17	2
19:21	ACT.24.17-ACT.24.18	2
19:21	ACT.25.10-ACT.25.12	2
19:21	ACT.27.1	2
19:21	ACT.27.24	2
19:21	ACT.28.16	2
19:21	ACT.28.30-ACT.28.31	2
19:21	ROM.1.15	2
19:21	ROM.15.23-ROM.15.29	2
19:21	1CO.16.5	2
19:21	2CO.1.15-2CO.1.18	2
19:21	PHP.1.12-PHP.1.14	2
19:21	1TH.1.7	2
19:22	ROM.16.23	4
19:22	2TI.4.20	4
19:22	ACT.13.5	3
19:22	ACT.16.1	3
19:22	ACT.16.3	3
19:22	ACT.16.9-ACT.16.10	3
19:22	ACT.18.5	3
19:22	ACT.19.10	3
19:22	ACT.19.29	3
19:22	ACT.20.1	2
19:22	2CO.1.16	2
19:22	2CO.8.1	2
19:22	1TH.1.8	2
19:22	2CO.2.13	0
19:22	2CO.11.9	0
19:23	ACT.19.9	3
19:23	ACT.24.22	3
19:23	ACT.9.2	2
19:23	ACT.24.14	2
19:23	2CO.1.8-2CO.1.10	2
19:23	ACT.18.26	1
19:23	ACT.22.4	1
19:23	2CO.6.9	1
19:24	1TI.6.9-1TI.6.10	7
19:24	ACT.16.16	5
19:24	ACT.16.19	3
19:24	ACT.19.27-ACT.19.28	3
19:24	ACT.19.34-ACT.19.35	3
19:24	ISA.56.11-ISA.56.12	2
19:25	HOS.12.7-HOS.12.8	3
19:25	ACT.16.19	3
19:25	HOS.4.8	2
19:25	2PE.2.3	2
19:25	REV.18.3	2
19:25	REV.18.11-REV.18.19	2
19:26	ACT.17.29	6
19:26	1CO.8.4	6
19:26	ISA.44.10-ISA.44.20	5
19:26	DEU.4.28	4
19:26	ACT.14.15	4
19:26	ACT.19.10	4
19:26	REV.9.20	4
19:26	JER.10.11	3
19:26	JER.10.14-JER.10.15	3
19:26	1CO.10.19-1CO.10.20	3
19:26	1CO.12.2	3
19:26	1CO.16.8-1CO.16.9	3
19:26	GAL.4.8	3
19:26	1TH.1.9	3
19:26	PSA.115.4-PSA.115.8	2
19:26	PSA.135.15-PSA.135.18	2
19:26	ISA.46.5-ISA.46.8	2
19:26	JER.10.3-JER.10.6	2
19:26	HOS.8.6	2
19:26	ACT.18.19	2
19:26	ACT.19.18-ACT.19.20	2
19:27	ZEP.2.11	4
19:27	1TI.6.5	3
19:27	MAT.23.13	2
19:27	ACT.19.21	2
19:27	1JN.5.19	2
19:27	REV.13.3	2
19:27	REV.13.8	2
19:28	REV.13.4	3
19:28	REV.17.13	3
19:28	1SA.5.3-1SA.5.5	2
19:28	1KI.18.26-1KI.18.29	2
19:28	PSA.2.2	2
19:28	ISA.41.5-ISA.41.7	2
19:28	JER.50.38	2
19:28	ACT.7.54	2
19:28	ACT.16.19-ACT.16.24	2
19:28	ACT.18.19	2
19:28	ACT.19.34-ACT.19.35	2
19:28	ACT.21.28-ACT.21.31	2
19:28	REV.12.12	2
19:29	ACT.20.4	7
19:29	ACT.27.2	5
19:29	COL.4.10	5
19:29	PHM.1.24	5
19:29	ACT.19.22	3
19:29	ACT.21.30	3
19:29	ROM.16.23	3
19:29	1CO.1.14	3
19:29	1CO.4.9	3
19:29	ACT.16.9	2
19:29	ACT.17.8	2
19:29	ACT.19.32	2
19:29	ACT.20.34	2
19:29	ACT.21.38	2
19:29	2CO.8.19	2
19:30	ACT.21.39	3
19:30	2SA.18.2-2SA.18.3	2
19:30	2SA.21.17	2
19:30	ACT.14.14-ACT.14.18	2
19:30	ACT.17.22-ACT.17.31	2
19:31	ACT.19.10	3
19:31	PRO.16.7	2
19:31	ACT.16.6	2
19:31	ACT.21.12	2
19:32	ACT.21.34	6
19:32	MAT.11.7-MAT.11.9	2
19:32	LUK.7.24-LUK.7.26	2
19:32	ACT.19.29	2
19:32	ACT.19.40	2
19:33	ACT.12.17	5
19:33	1TI.1.20	3
19:33	2TI.4.14	3
19:33	LUK.1.22	2
19:33	ACT.13.16	2
19:33	ACT.21.40-ACT.22.1	2
19:33	ACT.24.10	2
19:33	ACT.26.1-ACT.26.2	2
19:33	PHP.1.7	2
19:34	ACT.19.28	5
19:34	MAT.6.7	3
19:34	ACT.16.20	3
19:34	REV.13.4	3
19:34	1KI.18.26	2
19:34	ACT.19.26	2
19:34	ROM.2.22	2
19:35	2TH.2.10-2TH.2.11	4
19:35	ACT.14.12-ACT.14.13	3
19:35	EPH.2.12	3
19:35	1TI.4.2	3
19:35	ACT.18.19	2
19:35	ACT.19.26	2
19:36	PRO.14.29	3
19:36	PRO.25.8	2
19:36	ACT.5.35-ACT.5.39	2
19:37	ROM.2.22	3
19:37	2CO.6.3	3
19:37	ACT.25.8	2
19:37	1CO.10.32	2
19:38	ACT.13.7	3
19:38	ACT.18.14	2
19:38	1CO.6.1	2
19:38	DEU.17.8	1
19:40	1KI.1.41	2
19:40	MAT.26.5	2
19:40	ACT.17.5-ACT.17.8	2
19:40	ACT.20.1	2
19:40	ACT.21.31	2
19:40	ACT.21.38	2
19:41	PSA.65.7	2
19:41	PRO.15.1-PRO.15.2	2
19:41	ECC.9.17	2
19:41	2CO.1.8-2CO.1.10	2
20:1	2CO.7.5	5
20:1	ACT.19.21	4
20:1	1TI.1.3	4
20:1	GEN.48.10	3
20:1	ROM.16.16	3
20:1	1CO.16.5	3
20:1	1TH.5.26	3
20:1	1SA.20.41-1SA.20.42	2
20:1	ACT.11.26	2
20:1	ACT.16.9	2
20:1	ACT.19.23-ACT.19.41	2
20:1	ACT.20.10	2
20:1	ACT.20.37	2
20:1	ACT.21.5-ACT.21.6	2
20:1	1CO.16.20	2
20:1	2CO.13.12	1
20:2	1TH.4.1	7
20:2	COL.1.28	6
20:2	1TH.2.3	6
20:2	ACT.20.11	4
20:2	1TH.2.11	4
20:2	ZEC.9.13	2
20:2	ACT.2.40	2
20:2	ACT.14.22	2
20:2	ACT.15.41	2
20:2	ACT.16.12	2
20:2	ACT.17.1	2
20:2	ACT.17.10	2
20:2	ACT.20.6-ACT.20.7	2
20:3	ACT.20.19	6
20:3	2CO.11.26	5
20:3	ACT.9.23-ACT.9.24	4
20:3	ACT.25.3	4
20:3	2CO.7.5	3
20:3	EZR.8.31	2
20:3	PRO.1.11	2
20:3	JER.5.26	2
20:3	ACT.16.9	2
20:3	ACT.18.18	2
20:3	ACT.19.21	2
20:3	ACT.21.3	2
20:3	ACT.23.12-ACT.23.15	2
20:3	2CO.1.15	2
20:3	GAL.1.21	2
20:4	ACT.19.29	9
20:4	EPH.6.21	7
20:4	2TI.4.20	7
20:4	ACT.16.1	6
20:4	ACT.21.29	6
20:4	COL.4.7	6
20:4	2TI.4.12	6
20:4	TIT.3.12	6
20:4	ACT.14.6	5
20:4	COL.4.10	4
20:4	2CO.1.1	3
20:4	2CO.1.19	3
20:4	2CO.8.23-2CO.8.24	3
20:4	PHP.2.19	3
20:4	1TI.1.1	3
20:4	2TI.1.2	3
20:4	PHM.1.24	3
20:4	3JN.1.1	3
20:4	ACT.14.20	2
20:4	ACT.17.1	2
20:4	ACT.17.10-ACT.17.12	2
20:4	ACT.27.2	2
20:4	ROM.16.21	2
20:4	ROM.16.23	2
20:5	ACT.16.8	6
20:5	ACT.16.10-ACT.16.11	3
20:5	2CO.2.12	3
20:5	2TI.4.13	3
20:5	ACT.20.6-ACT.20.8	2
20:5	ACT.20.13-ACT.20.15	2
20:6	EXO.12.14-EXO.12.15	5
20:6	ACT.12.3	5
20:6	EXO.23.15	4
20:6	ACT.16.12	4
20:6	EXO.12.18-EXO.12.20	3
20:6	EXO.13.6-EXO.13.7	3
20:6	EXO.34.18	3
20:6	1CO.5.7-1CO.5.8	3
20:6	2TI.4.13	3
20:6	ACT.16.8	2
20:6	ACT.21.4	2
20:6	ACT.21.8	2
20:6	ACT.28.14	2
20:6	PHP.1.1	2
20:6	1TH.2.2	2
20:7	1CO.16.2	14
20:7	ACT.2.42	11
20:7	JHN.20.19	10
20:7	JHN.20.1	9
20:7	ACT.20.11	7
20:7	REV.1.10	7
20:7	LUK.24.35	4
20:7	JHN.20.26	4
20:7	ACT.20.9	4
20:7	ACT.28.23	4
20:7	NEH.8.3	3
20:7	NEH.9.3	3
20:7	LUK.22.19	3
20:7	ACT.2.46	3
20:7	ACT.20.31	3
20:7	1CO.10.16	3
20:7	1CO.11.17-1CO.11.34	3
20:7	1CO.15.10	3
20:7	MRK.16.9	2
20:7	2TI.4.2	2
20:8	ACT.1.13	7
20:8	LUK.22.12	4
20:9	MRK.13.36	7
20:9	MAT.26.40-MAT.26.41	4
20:9	JON.1.5-JON.1.6	3
20:9	MRK.9.26	3
20:9	1KI.17.19	2
20:9	ACT.14.19	2
20:10	MRK.5.39	4
20:10	JHN.11.40	4
20:10	MAT.9.23-MAT.9.24	3
20:10	JHN.11.11	3
20:10	1KI.17.21-1KI.17.22	2
20:10	2KI.4.34-2KI.4.35	2
20:10	LUK.7.13	2
20:11	ACT.20.7	6
20:11	ACT.20.9	2
20:12	2TH.2.16	4
20:12	2CO.1.4	3
20:12	1TH.5.14	3
20:12	ISA.40.1	2
20:12	EPH.6.22	2
20:12	1TH.3.2	2
20:12	1TH.4.18	2
20:12	1TH.5.11	2
20:13	MRK.6.46	3
20:13	MRK.1.35	2
20:13	MRK.6.31-MRK.6.33	2
20:15	2TI.4.20	5
20:15	ACT.20.17	4
20:16	1CO.16.8	7
20:16	ACT.2.1	6
20:16	ACT.19.21	4
20:16	ACT.20.6	3
20:16	EXO.34.22	2
20:16	ACT.18.19	2
20:16	ACT.18.21	2
20:16	ACT.20.13	2
20:16	ACT.20.22	2
20:16	ACT.21.4	2
20:16	ACT.24.17	2
20:16	ROM.15.24-ROM.15.28	2
20:16	ACT.12.13	1
20:17	ACT.11.30	5
20:17	1TI.5.17	5
20:17	TIT.1.5	5
20:17	ACT.14.23	3
20:17	ACT.20.28	3
20:17	JAS.5.14	3
20:17	ACT.15.4	2
20:17	ACT.15.6	2
20:17	ACT.15.23	2
20:17	ACT.16.4	2
20:17	1PE.5.1	2
20:17	2JN.1.1	2
20:17	3JN.1.1	2
20:18	1TH.1.5-1TH.1.6	8
20:18	ACT.18.19	6
20:18	ACT.19.1	6
20:18	ACT.19.10	5
20:18	2TH.3.7-2TH.3.9	4
20:18	2CO.1.12	3
20:18	2CO.6.3-2CO.6.11	3
20:18	1TH.2.1-1TH.2.10	3
20:18	2TI.3.10	3
20:19	COL.3.24	8
20:19	2CO.2.4	7
20:19	ACT.20.3	6
20:19	ROM.12.11	6
20:19	2CO.4.7-2CO.4.11	6
20:19	JER.13.17	5
20:19	ACT.14.19-ACT.14.20	5
20:19	2CO.3.5	5
20:19	2CO.7.5	5
20:19	2CO.12.7-2CO.12.10	5
20:19	ACT.20.31	4
20:19	2CO.11.23-2CO.11.30	4
20:19	GAL.1.10	4
20:19	EPH.6.7	4
20:19	PHP.3.18	4
20:19	JAS.1.2	4
20:19	PSA.119.136	3
20:19	JER.9.1	3
20:19	LUK.19.41	3
20:19	JHN.12.26	3
20:19	ACT.9.23-ACT.9.25	3
20:19	ACT.13.50-ACT.13.51	3
20:19	ACT.14.5-ACT.14.6	3
20:19	ACT.17.13	3
20:19	ACT.27.23	3
20:19	ROM.1.1	3
20:19	ROM.1.9	3
20:19	1CO.4.9-1CO.4.13	3
20:19	GAL.4.13-GAL.4.14	3
20:19	1TH.1.9	3
20:19	1PE.1.6	3
20:19	2PE.1.1	3
20:19	2TI.1.4	2
20:19	REV.7.15	2
20:19	ACT.17.5	1
20:19	1CO.15.9-1CO.15.10	1
20:20	ACT.20.27	13
20:20	ACT.5.42	10
20:20	2TI.4.2	10
20:20	ACT.20.31	9
20:20	COL.1.28	9
20:20	DEU.4.5	8
20:20	PSA.40.9-PSA.40.10	8
20:20	1CO.15.3	7
20:20	EZK.33.7-EZK.33.9	6
20:20	MRK.4.34	6
20:20	ACT.2.46	6
20:20	1CO.12.7	6
20:20	1CO.14.6	6
20:20	2TI.3.16-2TI.3.17	6
20:20	PHP.3.1	5
20:20	ACT.5.2	3
20:21	ACT.2.38	8
20:21	ACT.11.18	7
20:21	1JN.5.11-1JN.5.13	7
20:21	LUK.13.3	6
20:21	LUK.24.47	6
20:21	ACT.20.24	6
20:21	2CO.7.10	6
20:21	2TI.2.25-2TI.2.26	6
20:21	ACT.26.18	5
20:21	ROM.10.9	5
20:21	MRK.6.12	4
20:21	ACT.26.20	4
20:21	1JN.5.5	4
20:21	MAT.4.17	3
20:21	MRK.1.15	3
20:21	ACT.17.30	3
20:21	ROM.1.16	3
20:21	ROM.4.24	3
20:21	ROM.5.1	3
20:21	GAL.2.20	3
20:21	EPH.1.15	3
20:21	PHM.1.5	3
20:21	1JN.5.1	3
20:21	EZK.18.30-EZK.18.32	2
20:21	MAT.3.2	2
20:21	MAT.21.31-MAT.21.32	2
20:21	LUK.13.5	2
20:21	LUK.15.7	2
20:21	LUK.15.10	2
20:21	JHN.3.15-JHN.3.18	2
20:21	JHN.3.36	2
20:21	JHN.20.31	2
20:21	ACT.2.40	2
20:21	ACT.3.19	2
20:21	ACT.8.25	2
20:21	ACT.10.43	2
20:21	ACT.13.38-ACT.13.39	2
20:21	ACT.16.31	2
20:21	ACT.28.23	2
20:21	ROM.1.14	2
20:21	ROM.2.4	2
20:21	ROM.3.22-ROM.3.26	2
20:21	1CO.1.22	2
20:21	GAL.2.16	2
20:21	GAL.3.22	2
20:21	ACT.18.4-ACT.18.5	1
20:21	ACT.19.17	1
20:21	ACT.24.24	1
20:21	COL.2.5	1
20:22	JAS.4.14	6
20:22	2CO.5.14	4
20:22	LUK.18.31-LUK.18.33	3
20:22	2PE.1.14	3
20:22	LUK.9.51	2
20:22	LUK.12.50	2
20:22	JHN.18.4	2
20:22	ACT.17.16	2
20:22	ACT.19.21	2
20:22	ACT.20.16	2
20:22	ACT.21.11-ACT.21.14	2
20:22	JHN.13.1	1
20:23	ACT.9.16	18
20:23	ACT.21.4	12
20:23	1TH.3.3	12
20:23	ACT.14.22	7
20:23	ACT.21.33	7
20:23	ACT.21.11	6
20:23	2TI.2.12	4
20:23	JHN.16.33	2
20:23	ACT.8.29	2
20:24	2TI.4.6-2TI.4.8	40
20:24	2CO.12.10	34
20:24	2CO.4.1	33
20:24	1CO.15.58	31
20:24	ACT.21.13	29
20:24	2CO.4.16-2CO.4.18	23
20:24	PHP.3.13-PHP.3.15	20
20:24	2CO.4.8-2CO.4.9	18
20:24	HEB.12.1-HEB.12.3	15
20:24	ROM.11.6	14
20:24	EPH.2.4-EPH.2.10	14
20:24	ROM.8.35-ROM.8.39	13
20:24	ACT.14.3	12
20:24	PHP.1.20-PHP.1.23	11
20:24	1PE.5.12	11
20:24	1CO.9.24-1CO.9.27	10
20:24	2CO.5.8	10
20:24	TIT.1.3	10
20:24	GAL.1.1	9
20:24	PHP.2.17	9
20:24	JHN.17.4	8
20:24	ACT.11.23	8
20:24	ACT.20.32	8
20:24	2CO.6.4-2CO.6.10	8
20:24	REV.12.11	8
20:24	ACT.1.17	7
20:24	ACT.9.15	7
20:24	ROM.3.24-ROM.3.26	7
20:24	2CO.7.4	7
20:24	EPH.3.13	7
20:24	COL.1.24	7
20:24	2TI.1.12	7
20:24	1JN.3.16	7
20:24	2TI.4.17	6
20:24	TIT.2.11	6
20:24	HEB.10.34	6
20:24	ACT.22.21	5
20:24	ACT.26.17-ACT.26.18	5
20:24	1TH.2.2	5
20:24	1TH.3.3	5
20:24	TIT.3.4-TIT.3.7	5
20:24	LUK.2.10-LUK.2.11	4
20:24	ACT.20.21	4
20:24	ROM.5.20-ROM.5.21	4
20:24	1CO.9.17-1CO.9.18	4
20:24	EPH.1.6	4
20:24	JHN.15.27	3
20:24	2TI.3.11	3
20:24	HEB.2.3-HEB.2.4	3
20:24	ROM.4.4	2
20:25	ACT.28.31	5
20:25	MAT.4.23	3
20:25	ACT.20.38	3
20:25	MAT.4.17	2
20:25	MAT.10.7	2
20:25	MAT.13.19	2
20:25	MAT.13.52	2
20:25	LUK.9.60	2
20:25	LUK.16.16	2
20:25	ACT.8.12	2
20:25	ROM.15.23	2
20:25	GAL.1.22	2
20:25	COL.2.1	2
20:26	ACT.18.6	9
20:26	EZK.3.18-EZK.3.21	4
20:26	EZK.33.2-EZK.33.9	4
20:26	JHN.12.17	4
20:26	2SA.3.28	2
20:26	JOB.16.19	2
20:26	JHN.19.35	2
20:26	ROM.10.2	2
20:26	2CO.1.23	2
20:26	2CO.7.2	2
20:26	2CO.8.3	2
20:26	1TH.2.10-1TH.2.12	2
20:26	1TI.5.22	1
20:27	ACT.20.20	9
20:27	1TH.2.4	7
20:27	2CO.4.2	5
20:27	GAL.1.7-GAL.1.10	4
20:27	GAL.4.16	4
20:27	JER.23.22	3
20:27	PSA.32.11	2
20:27	LUK.7.30	2
20:27	ACT.2.23	2
20:27	ACT.20.35	2
20:27	1CO.11.23	2
20:27	EPH.1.11	2
20:27	ISA.46.10-ISA.46.11	1
20:27	MAT.28.20	1
20:27	JHN.15.15	1
20:27	ACT.26.22-ACT.26.23	1
20:27	ACT.13.36	0
20:28	1PE.5.2-1PE.5.3	38
20:28	1TI.4.16	32
20:28	1PE.1.18-1PE.1.19	22
20:28	ISA.40.11	20
20:28	1TI.3.2	19
20:28	JER.3.15	16
20:28	ACT.13.2	16
20:28	PSA.78.70-PSA.78.72	13
20:28	1CO.10.32	13
20:28	HEB.13.17	13
20:28	LUK.12.32	12
20:28	JHN.21.15-JHN.21.17	12
20:28	EPH.1.7	12
20:28	PHP.1.1	12
20:28	1TI.5.17	12
20:28	EZK.34.31	11
20:28	1TI.3.5	11
20:28	ISA.53.10-ISA.53.12	10
20:28	MIC.5.4	10
20:28	MIC.7.14	10
20:28	ACT.20.17	10
20:28	1CO.12.8-1CO.12.11	10
20:28	1CO.15.9	10
20:28	GAL.1.13	10
20:28	EPH.1.14	10
20:28	1TI.4.14	10
20:28	1PE.2.25	10
20:28	REV.5.9	10
20:28	SNG.1.7-SNG.1.8	9
20:28	EZK.34.3	9
20:28	LUK.21.34	9
20:28	ACT.14.23	9
20:28	1CO.1.2	9
20:28	1CO.12.28-1CO.12.31	9
20:28	COL.4.17	9
20:28	1TI.3.15-1TI.3.16	9
20:28	TIT.1.7	9
20:28	1PE.2.9	9
20:28	2CH.19.6-2CH.19.7	8
20:28	PSA.74.2	8
20:28	PRO.10.21	8
20:28	ISA.63.11	8
20:28	JER.13.17	8
20:28	JER.13.20	8
20:28	ZEC.11.4	8
20:28	MAT.16.18	8
20:28	MRK.13.9	8
20:28	1CO.9.26-1CO.9.27	8
20:28	1CO.11.22	8
20:28	EPH.4.11	8
20:28	COL.1.14	8
20:28	HEB.9.12-HEB.9.14	8
20:28	HEB.12.15	8
20:28	1JN.1.7	8
20:28	ACT.20.29	7
20:28	MAT.2.6	6
20:28	JER.31.10	5
20:29	MAT.7.15	15
20:29	2PE.2.1	7
20:29	LUK.10.3	4
20:29	JHN.10.12	4
20:29	ACT.20.28	4
20:29	MAT.10.16	3
20:29	JER.23.1	2
20:29	EZK.34.2-EZK.34.3	2
20:29	ZEC.11.17	2
20:29	JER.13.20	1
20:29	ZEP.3.3	1
20:30	1TI.1.19-1TI.1.20	6
20:30	2TI.4.3-2TI.4.4	6
20:30	PRO.23.33	4
20:30	1JN.2.19	4
20:30	PRO.19.1	3
20:30	ACT.11.26	3
20:30	ISA.59.3	2
20:30	MAT.23.15	2
20:30	MAT.26.21-MAT.26.25	2
20:30	ACT.5.36-ACT.5.37	2
20:30	ACT.21.38	2
20:30	1CO.1.12-1CO.1.15	2
20:30	GAL.6.12-GAL.6.13	2
20:30	1TI.5.13	2
20:30	1TI.6.5	2
20:30	2TI.2.17-2TI.2.18	2
20:30	2PE.2.1-2PE.2.3	2
20:30	2PE.2.18	2
20:30	2JN.1.7	2
20:30	JUD.1.4-JUD.1.16	2
20:30	REV.2.6	2
20:31	ACT.19.8	6
20:31	ACT.19.10	5
20:31	ACT.20.19	5
20:31	EZK.3.17-EZK.3.20	4
20:31	COL.1.28	4
20:31	HEB.13.17	4
20:31	MAT.13.25	3
20:31	LUK.21.36	3
20:31	2TI.4.5	3
20:31	MAT.3.7	2
20:31	MRK.13.34-MRK.13.37	2
20:31	ACT.20.7	2
20:31	ACT.20.11	2
20:31	ACT.24.17	2
20:31	1CO.4.14	2
20:31	1TH.2.9-1TH.2.10	2
20:31	1TH.5.14	2
20:31	2TH.3.8	2
20:31	REV.16.15	2
20:32	COL.1.12	25
20:32	EPH.1.14	23
20:32	ACT.26.18	22
20:32	COL.3.24	21
20:32	EPH.1.18	20
20:32	COL.2.7	17
20:32	HEB.9.15	17
20:32	JER.3.19	14
20:32	1PE.1.4-1PE.1.5	12
20:32	JUD.1.24-JUD.1.25	12
20:32	EPH.5.5	11
20:32	HEB.13.9	10
20:32	ACT.20.24	8
20:32	JUD.1.20	7
20:32	JHN.17.17	6
20:32	ACT.14.23	6
20:32	1CO.6.11	6
20:32	ACT.14.26	5
20:32	1CO.3.9-1CO.3.10	5
20:32	EPH.2.20-EPH.2.22	5
20:32	HEB.2.11	5
20:32	HEB.10.14	5
20:32	JHN.15.3	4
20:32	ACT.14.3	4
20:32	1CO.1.2	4
20:32	EPH.4.12	4
20:32	EPH.4.16	4
20:32	JER.49.11	3
20:32	ACT.9.31	3
20:32	ACT.15.40	3
20:32	JUD.1.1	3
20:32	GEN.50.24	2
20:33	2CO.11.9	8
20:33	1CO.9.12	7
20:33	1CO.9.18	6
20:33	2CO.7.2	5
20:33	1CO.9.15	4
20:33	2CO.12.14-2CO.12.17	4
20:33	1TH.2.5	4
20:33	NUM.16.15	2
20:33	1PE.5.2	2
20:33	1SA.12.3-1SA.12.5	1
20:34	ACT.18.3	7
20:34	1CO.4.12	6
20:34	2TH.3.8-2TH.3.9	5
20:34	ACT.19.22	4
20:34	1TH.2.9	4
20:35	HEB.13.16	73
20:35	PRO.19.17	60
20:35	2CO.9.6-2CO.9.12	56
20:35	LUK.14.12-LUK.14.14	46
20:35	MAT.10.8	41
20:35	2CO.8.9	33
20:35	1TH.5.14	30
20:35	ISA.58.7-ISA.58.12	28
20:35	MAT.25.34-MAT.25.40	20
20:35	ROM.15.1	17
20:35	PHP.4.17-PHP.4.20	15
20:35	PSA.112.5-PSA.112.9	14
20:35	ISA.35.3	14
20:35	ACT.20.27	14
20:35	ISA.32.8	13
20:35	ACT.20.20	13
20:35	EPH.4.28	13
20:35	HEB.13.3	13
20:35	HEB.12.12-HEB.12.13	12
20:35	PSA.41.1-PSA.41.3	11
20:35	2CO.12.13	11
20:35	2CO.11.9	10
20:35	1TH.4.11	9
20:35	2CO.11.12	8
20:35	1CO.9.12	2
20:36	ACT.21.5	5
20:36	LUK.22.41	4
20:36	ACT.7.60	3
20:36	PHP.4.6	3
20:36	2CH.6.13	2
20:36	DAN.6.10	2
20:36	EPH.3.14	2
20:37	2TI.1.4	4
20:37	LUK.15.20	3
20:37	ROM.16.16	3
20:37	1CO.16.20	3
20:37	2CO.13.12	3
20:37	1TH.5.26	3
20:37	REV.21.4	3
20:37	GEN.45.14	2
20:37	GEN.46.29	2
20:37	1SA.20.41	2
20:37	2SA.15.30	2
20:37	2KI.20.3	2
20:37	EZR.10.1	2
20:37	JOB.2.12	2
20:37	PSA.126.5	2
20:37	REV.7.17	2
20:38	ACT.15.3	4
20:38	ACT.20.25	3
20:38	1CO.16.11	3
20:38	ACT.21.5	2
20:38	ACT.21.16	2
21:1	1TH.2.17	4
21:1	LUK.5.4	3
21:1	1SA.20.41-1SA.20.42	2
21:1	LUK.8.22	2
21:1	ACT.16.10-ACT.16.11	2
21:1	ACT.20.37-ACT.20.38	2
21:1	ACT.27.2	2
21:1	ACT.27.4	1
21:2	JON.1.3	2
21:2	ACT.11.19	2
21:2	ACT.15.3	2
21:2	ACT.27.6	2
21:3	MAT.4.24	3
21:3	ACT.4.36	3
21:3	ACT.12.20	3
21:3	ACT.21.16	3
21:3	ACT.27.4	3
21:3	JDG.10.6	2
21:3	2SA.8.6	2
21:3	PSA.45.12	2
21:3	PSA.87.4	2
21:3	ISA.7.2	2
21:3	ISA.23.17-ISA.23.18	2
21:3	MAT.11.21	2
21:3	LUK.2.2	2
21:3	LUK.10.13	2
21:3	ACT.11.19	2
21:3	ACT.13.4	2
21:3	ACT.15.23	2
21:3	ACT.15.39	2
21:3	ACT.15.41	2
21:3	ACT.18.18	2
21:4	ACT.20.22-ACT.20.23	6
21:4	ACT.21.10-ACT.21.12	6
21:4	ACT.20.6-ACT.20.7	4
21:4	MAT.10.11	3
21:4	ACT.11.26	2
21:4	ACT.19.1	2
21:4	ACT.28.14	2
21:4	2TI.1.17	1
21:4	REV.1.10	1
21:5	ACT.20.36	6
21:5	ACT.9.40	4
21:5	PSA.95.6	3
21:5	ACT.15.3	3
21:5	ACT.20.38	3
21:5	DEU.29.11-DEU.29.12	2
21:5	1KI.8.54	2
21:5	2CH.20.13	2
21:5	MAT.14.21	2
21:5	MRK.1.40	2
21:5	ACT.17.10	2
21:5	JOS.24.15	1
21:5	NEH.12.43	1
21:6	JHN.19.27	3
21:6	JHN.1.11	2
21:6	JHN.7.53	2
21:6	JHN.16.32	2
21:6	2CO.2.13	2
21:7	HEB.13.24	4
21:7	1SA.10.4	2
21:7	1SA.13.10	2
21:7	MAT.5.47	2
21:7	ACT.12.20	2
21:7	ACT.18.22	2
21:7	ACT.21.10	2
21:7	ACT.21.19	2
21:7	ACT.25.13	2
21:7	ACT.28.12	2
21:8	ACT.6.5	13
21:8	ACT.8.26-ACT.8.40	7
21:8	EPH.4.11	5
21:8	ACT.8.5-ACT.8.13	4
21:8	2TI.4.5	4
21:8	ACT.9.30	3
21:8	ACT.16.10	3
21:8	ACT.16.13	3
21:8	ACT.28.16	3
21:8	ACT.10.1	2
21:8	ACT.16.16	2
21:8	ACT.18.22	2
21:8	ACT.20.6	2
21:8	ACT.20.13	2
21:8	ACT.23.23	2
21:8	ACT.27.1	2
21:8	ACT.28.11	2
21:9	ACT.2.17	6
21:9	REV.2.20	5
21:9	EXO.15.20	4
21:9	JOL.2.28	4
21:9	LUK.2.36	4
21:9	JDG.4.4	3
21:9	2KI.22.14	3
21:9	NEH.6.14	3
21:9	ACT.13.1	3
21:9	1CO.11.4-1CO.11.5	3
21:9	1CO.7.25-1CO.7.34	2
21:9	1CO.7.38	2
21:10	ACT.11.28	8
21:10	ACT.21.4	3
21:10	ACT.20.16	1
21:10	ACT.21.7	0
21:11	ACT.21.33	7
21:11	1SA.15.27-1SA.15.28	4
21:11	JER.13.1-JER.13.11	4
21:11	1KI.11.29-1KI.11.31	3
21:11	1KI.22.11	3
21:11	2KI.13.15-2KI.13.19	3
21:11	JER.19.10-JER.19.11	3
21:11	EZK.24.19-EZK.24.25	3
21:11	ACT.20.23	3
21:11	HOS.12.10	2
21:11	MAT.20.18-MAT.20.19	2
21:11	MAT.27.1-MAT.27.2	2
21:11	ACT.9.16	2
21:11	ACT.13.2	2
21:11	ACT.16.6	2
21:11	ACT.22.25	2
21:11	ACT.24.27	2
21:11	ACT.26.29	2
21:11	ACT.28.17	2
21:11	ACT.28.20	2
21:11	ACT.28.25	2
21:11	EPH.3.1	2
21:11	EPH.4.1	2
21:11	EPH.6.20	2
21:11	2TI.2.9	2
21:11	HEB.3.7	2
21:11	HEB.10.34	2
21:11	1PE.1.12	2
21:12	MAT.16.21-MAT.16.23	4
21:12	ACT.20.22	4
21:12	ACT.21.4	2
21:13	ACT.20.24	18
21:13	PHP.1.20-PHP.1.21	10
21:13	PHP.2.17	10
21:13	ROM.8.35-ROM.8.37	8
21:13	2TI.4.6	6
21:13	ACT.20.37	5
21:13	2CO.4.10-2CO.4.17	5
21:13	COL.1.24	5
21:13	2TI.2.4-2TI.2.6	5
21:13	REV.12.11	5
21:13	ACT.5.41	4
21:13	ACT.9.16	4
21:13	2PE.1.14	4
21:13	1CO.15.31	3
21:13	2CO.11.23-2CO.11.27	3
21:13	2TI.1.4	3
21:13	REV.3.10	3
21:13	PHP.2.26	2
21:13	1SA.15.14	1
21:13	ISA.3.15	1
21:13	EZK.18.2	1
21:13	JON.1.6	1
21:13	1SA.1.8	0
21:14	LUK.22.42	8
21:14	MAT.26.39	4
21:14	MAT.26.42	4
21:14	MAT.6.10	3
21:14	2SA.15.25-2SA.15.26	2
21:14	2KI.20.19	2
21:14	GEN.43.14	1
21:14	1SA.3.18	1
21:14	LUK.11.2	1
21:15	ACT.18.22	2
21:15	ACT.25.1	2
21:15	ACT.25.6	2
21:15	ACT.25.9	2
21:16	PRO.16.31	4
21:16	PSA.92.14	3
21:16	ACT.21.3-ACT.21.4	3
21:16	ACT.21.8	3
21:16	PSA.71.17-PSA.71.18	2
21:16	ACT.8.40	2
21:16	ACT.10.24	2
21:16	ACT.10.48	2
21:16	ACT.11.19	2
21:16	ACT.15.39	2
21:16	ROM.16.7	2
21:16	PHM.1.9	2
21:16	1JN.2.13-1JN.2.14	2
21:17	ACT.15.4	5
21:17	ROM.15.7	3
21:17	HEB.13.1-HEB.13.2	3
21:17	ACT.21.7	2
21:17	3JN.1.7-3JN.1.8	2
21:18	GAL.1.19	4
21:18	ACT.11.30	3
21:18	ACT.15.13	3
21:18	GAL.2.9	3
21:18	MAT.10.2	2
21:18	ACT.12.17	2
21:18	ACT.15.2	2
21:18	ACT.15.6	2
21:18	ACT.15.23	2
21:18	ACT.20.17	2
21:18	JAS.1.1	2
21:19	ACT.14.27	7
21:19	ACT.1.17	5
21:19	ROM.15.18-ROM.15.19	4
21:19	ACT.20.24	3
21:19	1CO.15.10	3
21:19	ACT.11.4-ACT.11.18	2
21:19	ACT.15.4	2
21:19	ACT.15.12	2
21:19	1CO.3.5-1CO.3.9	2
21:19	2CO.6.1	2
21:19	2CO.12.12	2
21:19	COL.1.29	2
21:20	ROM.10.2	8
21:20	GAL.1.14	6
21:20	ACT.22.3	5
21:20	ACT.11.18	4
21:20	ACT.15.1	4
21:20	ACT.15.5	3
21:20	PSA.22.23	2
21:20	PSA.22.27	2
21:20	PSA.72.17-PSA.72.19	2
21:20	PSA.98.1-PSA.98.3	2
21:20	ISA.55.10-ISA.55.13	2
21:20	ISA.66.9-ISA.66.14	2
21:20	MAT.13.31-MAT.13.33	2
21:20	LUK.12.1	2
21:20	LUK.15.3-LUK.15.10	2
21:20	LUK.15.32	2
21:20	JHN.12.24	2
21:20	ACT.2.41	2
21:20	ACT.4.4	2
21:20	ACT.4.21	2
21:20	ACT.6.7	2
21:20	ACT.15.24	2
21:20	ROM.15.6-ROM.15.7	2
21:20	ROM.15.9-ROM.15.13	2
21:20	2TH.1.10	2
21:20	REV.19.6-REV.19.7	2
21:20	GAL.1.24	1
21:21	1CO.9.19-1CO.9.21	7
21:21	GAL.6.12-GAL.6.15	7
21:21	GAL.5.1-GAL.5.6	5
21:21	ACT.15.19-ACT.15.21	4
21:21	ACT.21.28	4
21:21	ROM.14.1-ROM.14.6	3
21:21	1CO.7.18-1CO.7.19	3
21:21	ACT.6.13-ACT.6.14	2
21:21	ACT.16.3	2
21:21	ACT.28.17	2
21:22	ACT.15.12	2
21:22	ACT.15.22	2
21:22	ACT.19.32	1
21:23	ACT.18.18	7
21:23	NUM.6.2-NUM.6.7	3
21:24	ACT.21.26	6
21:24	ACT.18.18	5
21:24	ACT.24.18	5
21:24	EXO.19.14	3
21:24	1CO.9.20	3
21:24	JDG.16.17-JDG.16.19	2
21:24	2CH.30.18-2CH.30.19	2
21:24	JOB.1.5	2
21:24	JOB.41.25	2
21:24	JHN.3.25	2
21:24	JHN.11.55	2
21:24	GAL.2.12	2
21:24	HEB.9.10-HEB.9.14	2
21:24	EXO.19.10	1
21:24	NUM.6.5	1
21:24	NUM.6.9	1
21:24	NUM.6.13	1
21:24	NUM.6.18	1
21:24	NUM.19.17-NUM.19.22	1
21:24	JDG.13.5	1
21:25	ACT.15.29	7
21:25	ACT.15.19-ACT.15.20	3
21:26	ACT.24.18	7
21:26	NUM.6.13-NUM.6.20	5
21:26	ACT.21.24	5
21:26	1CO.9.20	4
21:27	ACT.24.18	5
21:27	ACT.26.21	5
21:27	ACT.13.50	3
21:27	1KI.21.25	2
21:27	LUK.21.12	2
21:27	ACT.4.3	2
21:27	ACT.5.18	2
21:27	ACT.6.12	2
21:27	ACT.14.2	2
21:27	ACT.14.5	2
21:27	ACT.14.19	2
21:27	ACT.17.5-ACT.17.6	2
21:27	ACT.17.13	2
21:27	ACT.18.12	2
21:28	ACT.24.5-ACT.24.6	5
21:28	ACT.21.21	4
21:28	ACT.26.20-ACT.26.21	3
21:28	JER.7.4-JER.7.15	2
21:28	LAM.1.10	2
21:28	MAT.24.15	2
21:28	ACT.6.13-ACT.6.14	2
21:28	ACT.19.26-ACT.19.28	2
21:28	ACT.24.18	2
21:29	ACT.20.4	6
21:29	2TI.4.20	3
21:29	ACT.18.19	2
21:30	ACT.26.21	5
21:30	2CO.11.26	4
21:30	ACT.16.19-ACT.16.22	3
21:30	2KI.11.15	2
21:30	MAT.2.3	2
21:30	MAT.21.10	2
21:30	LUK.4.29	2
21:30	ACT.7.57-ACT.7.58	2
21:30	ACT.19.29	2
21:31	2CO.11.23-2CO.11.33	4
21:31	ACT.17.5	3
21:31	ACT.26.9-ACT.26.10	3
21:31	1KI.1.41	2
21:31	MAT.26.5	2
21:31	MRK.14.2	2
21:31	JHN.16.2	2
21:31	JHN.18.12	2
21:31	ACT.10.1	2
21:31	ACT.19.40	2
21:31	ACT.21.38	2
21:31	ACT.22.22	2
21:31	ACT.23.17	2
21:31	ACT.24.6	2
21:31	ACT.24.22	2
21:31	ACT.25.23	2
21:32	ACT.23.27	6
21:32	ISA.3.15	3
21:32	ACT.5.40	3
21:32	ACT.18.17	2
21:32	ACT.22.19	2
21:32	ACT.23.23-ACT.23.24	2
21:32	ACT.24.6	2
21:33	EPH.6.20	8
21:33	ACT.21.11	7
21:33	ACT.12.6	5
21:33	ACT.20.23	5
21:33	ACT.22.29	4
21:33	ACT.28.20	4
21:33	2TI.2.9	3
21:33	JDG.15.13	2
21:33	JDG.16.8	2
21:33	JDG.16.12	2
21:33	JDG.16.21	2
21:33	JHN.18.29-JHN.18.30	2
21:33	ACT.22.24-ACT.22.25	2
21:33	ACT.25.16	2
21:33	ACT.26.29	2
21:33	2TI.1.16	2
21:34	ACT.19.32	6
21:34	ACT.23.10	6
21:34	ACT.21.37	4
21:34	ACT.22.24	4
21:34	ACT.23.16	4
21:34	ACT.22.30	3
21:34	ACT.23.32	2
21:34	ACT.25.26	2
21:35	GEN.6.11-GEN.6.12	2
21:35	PSA.55.9	2
21:35	PSA.58.2	2
21:35	JER.23.10	2
21:35	HAB.1.2-HAB.1.3	2
21:35	ACT.21.40	2
21:36	JHN.19.15	7
21:36	ACT.22.22	6
21:36	LUK.23.18	5
21:36	1CO.4.13	4
21:36	ACT.7.54	3
21:37	MAT.10.18-MAT.10.20	2
21:37	LUK.21.15	2
21:37	ACT.19.30	2
21:37	ACT.21.19	2
21:37	ACT.21.34	2
21:38	MAT.24.26	5
21:38	ACT.5.36-ACT.5.37	4
21:38	MAT.5.11	1
21:38	1CO.4.13	1
21:39	ACT.22.3	7
21:39	ACT.9.11	6
21:39	ACT.6.9	3
21:39	ACT.23.27	3
21:39	ACT.9.30	2
21:39	ACT.15.23	2
21:39	ACT.15.41	2
21:39	ACT.16.37	2
21:39	ACT.21.37	2
21:39	ACT.22.25-ACT.22.29	2
21:39	ACT.23.34	2
21:39	1PE.3.15	2
21:39	1PE.4.15-1PE.4.16	2
21:40	ACT.12.17	5
21:40	JHN.5.2	4
21:40	ACT.22.2	4
21:40	ACT.26.14	4
21:40	ACT.19.33	3
21:40	ACT.21.35	3
21:40	2KI.9.13	2
21:40	LUK.23.38	2
21:40	JHN.19.13	2
21:40	JHN.19.17	2
21:40	JHN.19.20	2
21:40	ACT.6.1	2
21:40	ACT.13.16	2
21:40	REV.9.11	2
21:40	REV.16.16	2
22:1	ACT.7.2	6
22:1	ACT.13.26	3
22:1	ACT.23.1	3
22:1	ACT.23.6	3
22:1	ACT.28.17	3
22:1	2TI.4.16	3
22:1	LUK.12.11	2
22:1	LUK.21.14	2
22:1	ACT.19.33	2
22:1	ACT.24.10	2
22:1	ACT.25.8	2
22:1	ACT.25.16	2
22:1	ACT.26.1-ACT.26.2	2
22:1	ACT.26.24	2
22:1	ROM.2.15	2
22:1	1CO.9.3	2
22:1	2CO.7.11	2
22:1	2CO.12.19	2
22:1	PHP.1.7	2
22:1	PHP.1.17	2
22:1	1PE.3.15	2
22:2	ACT.21.40	4
22:3	PHP.3.5-PHP.3.6	9
22:3	ACT.26.5	8
22:3	ACT.5.34	7
22:3	ACT.9.11	7
22:3	ACT.21.20	6
22:3	ACT.21.39	6
22:3	LUK.10.39	5
22:3	2CO.11.22	5
22:3	DEU.33.3	4
22:3	2KI.4.38	4
22:3	2SA.21.2	3
22:3	ACT.6.9	3
22:3	ACT.15.23	3
22:3	ACT.23.6	3
22:3	ROM.11.1	3
22:3	LUK.2.46	2
22:3	LUK.8.35	2
22:3	ACT.9.30	2
22:3	ACT.11.25	2
22:3	ACT.15.41	2
22:3	ACT.23.34	2
22:3	ROM.10.2-ROM.10.3	2
22:3	GAL.1.14	2
22:3	GAL.1.21	2
22:3	GAL.4.17-GAL.4.18	2
22:4	ACT.22.19-ACT.22.20	5
22:4	ACT.26.9-ACT.26.11	4
22:4	1TI.1.13-1TI.1.15	4
22:4	ACT.8.1-ACT.8.4	3
22:4	ACT.16.17	3
22:4	1CO.15.9	3
22:4	ACT.7.58	2
22:4	ACT.9.1-ACT.9.2	2
22:4	ACT.9.13-ACT.9.14	2
22:4	ACT.9.21	2
22:4	ACT.18.26	2
22:4	ACT.19.9	2
22:4	ACT.19.23	2
22:4	ACT.24.14	2
22:4	PHP.3.6	2
22:5	ACT.9.1-ACT.9.2	5
22:5	LUK.22.66	4
22:5	ACT.5.21	3
22:5	ACT.4.5	2
22:5	ACT.9.14	2
22:5	ACT.13.26	2
22:5	ACT.22.1	2
22:5	ACT.26.10	2
22:5	ACT.26.12	2
22:5	ACT.28.21	2
22:5	ROM.9.3-ROM.9.4	2
22:5	1TI.4.14	2
22:6	ACT.9.3-ACT.9.8	4
22:6	ACT.26.12-ACT.26.18	4
22:6	REV.1.16	4
22:6	GEN.15.2	2
22:6	2SA.8.6	2
22:6	ISA.24.23	2
22:6	MAT.17.2	2
22:6	GEN.14.15	1
22:7	JER.2.9	4
22:7	MAT.25.45	3
22:7	1TI.1.13	3
22:7	GEN.3.9	2
22:7	GEN.16.8	2
22:7	GEN.22.1	2
22:7	GEN.22.11	2
22:7	EXO.3.4	2
22:7	1SA.3.10	2
22:7	ISA.43.22-ISA.43.26	2
22:7	JER.2.5	2
22:7	MAT.27.23	1
22:8	ACT.26.9	5
22:8	1SA.8.7	4
22:8	EXO.16.7-EXO.16.8	2
22:8	ZEC.2.8	2
22:8	MAT.2.23	2
22:8	MAT.10.40-MAT.10.42	2
22:8	MAT.25.45	2
22:8	ACT.3.6	2
22:8	ACT.4.10	2
22:8	ACT.6.14	2
22:8	ACT.26.14-ACT.26.15	2
22:8	MAT.25.40	1
22:8	1CO.12.12	1
22:8	1CO.12.26-1CO.12.27	1
22:9	ACT.9.7	7
22:9	DAN.10.7	6
22:9	ACT.26.13	3
22:9	JHN.12.29-JHN.12.30	2
22:10	ACT.16.30	6
22:10	ACT.2.37	3
22:10	ACT.22.12-ACT.22.16	3
22:10	ACT.26.16-ACT.26.18	3
22:10	PSA.25.8-PSA.25.9	2
22:10	PSA.143.8-PSA.143.10	2
22:10	ACT.10.33	1
22:10	ACT.9.6	0
22:11	ACT.9.8-ACT.9.9	3
22:11	ISA.42.16	2
22:11	ACT.13.11	2
22:12	ACT.10.22	5
22:12	ACT.6.3	4
22:12	3JN.1.12	3
22:12	LUK.2.25	2
22:12	ACT.8.2	2
22:12	ACT.9.10-ACT.9.18	2
22:12	ACT.17.4	2
22:12	2CO.6.8	2
22:12	1TI.3.7	2
22:12	HEB.11.2	2
22:13	ACT.9.17-ACT.9.18	2
22:13	PHM.1.16	2
22:14	GAL.1.12	8
22:14	1CO.15.8	6
22:14	ACT.26.16	5
22:14	1CO.9.1	5
22:14	ACT.9.15	4
22:14	ACT.3.13-ACT.3.14	3
22:14	ACT.7.52	3
22:14	ACT.9.17	3
22:14	ROM.1.1	3
22:14	1JN.2.1	3
22:14	EXO.15.2	2
22:14	1CH.29.18	2
22:14	EZR.7.27	2
22:14	JER.1.5	2
22:14	DAN.2.23	2
22:14	JHN.15.16	2
22:14	ACT.5.30	2
22:14	ACT.13.17	2
22:14	ACT.22.18	2
22:14	ACT.24.14	2
22:14	1CO.11.23	2
22:14	EXO.3.13-EXO.3.16	1
22:14	2KI.21.22	1
22:14	1CH.12.17	1
22:14	2CH.28.25	1
22:14	2CH.30.19	1
22:14	1CO.15.3	1
22:14	2CO.5.21	1
22:14	GAL.1.15	1
22:14	2TI.1.1	1
22:14	TIT.1.1	1
22:14	1PE.2.22	0
22:15	ACT.4.20	5
22:15	ACT.23.11	5
22:15	JHN.15.27	4
22:15	LUK.24.47-LUK.24.48	3
22:15	ACT.1.8	3
22:15	ACT.10.39-ACT.10.41	3
22:15	ACT.27.24	3
22:15	ACT.1.22	2
22:15	ACT.22.14	2
22:15	ACT.26.20	2
22:15	ACT.26.16-ACT.26.18	1
22:16	ACT.2.38	18
22:16	ACT.2.21	11
22:16	1CO.6.11	10
22:16	TIT.3.5	10
22:16	HEB.10.22	10
22:16	1PE.3.21	9
22:16	PSA.119.60	7
22:16	1CO.12.13	7
22:16	GAL.3.27	7
22:16	ACT.9.14	6
22:16	ROM.6.3-ROM.6.4	6
22:16	ROM.10.12-ROM.10.14	5
22:16	ACT.9.18	4
22:16	1CO.1.2	3
22:16	JER.8.14	2
22:17	2CO.12.1-2CO.12.4	4
22:17	ACT.9.26-ACT.9.28	2
22:17	ACT.10.9-ACT.10.10	2
22:17	ACT.26.20	2
22:17	GAL.1.18	1
22:17	REV.1.10	1
22:18	ACT.9.29	4
22:18	EZK.3.6-EZK.3.7	3
22:18	MAT.10.14	3
22:18	LUK.21.21	3
22:18	MAT.10.23	2
22:18	ACT.3.19	2
22:19	ACT.22.4	6
22:19	MAT.10.17	5
22:19	ACT.8.3	4
22:19	ACT.9.1	3
22:19	ACT.26.9-ACT.26.12	2
22:20	ACT.7.58	6
22:20	ACT.8.1	6
22:20	ROM.1.32	3
22:20	REV.2.13	3
22:20	LUK.11.48	2
22:20	ACT.26.10	2
22:20	REV.17.6	2
22:21	ACT.9.15	12
22:21	EPH.3.6-EPH.3.8	7
22:21	1TI.2.7	7
22:21	ROM.15.16	6
22:21	GAL.2.7-GAL.2.8	6
22:21	ACT.13.46-ACT.13.47	5
22:21	ROM.11.13	5
22:21	GAL.1.15-GAL.1.16	4
22:21	2TI.1.11	4
22:21	ACT.18.6	3
22:21	ACT.26.17-ACT.26.18	3
22:21	ROM.1.5	3
22:21	ROM.16.26	3
22:21	ACT.13.2	2
22:22	ACT.25.24	9
22:22	ACT.21.36	7
22:22	LUK.23.18	3
22:22	JHN.19.15	3
22:22	ACT.7.54-ACT.7.57	3
22:23	2SA.16.13	3
22:23	ECC.10.3	2
22:23	ACT.7.53	2
22:23	ACT.7.58	2
22:23	ACT.26.11	2
22:24	JHN.19.1	3
22:24	ACT.21.31-ACT.21.32	3
22:24	ACT.21.34	3
22:24	ACT.23.10	3
22:24	ACT.16.22-ACT.16.23	2
22:24	ACT.16.37	2
22:24	ACT.22.25-ACT.22.29	2
22:24	ACT.23.27	2
22:24	HEB.11.35	2
22:25	ACT.16.37	9
22:25	ACT.25.16	5
22:25	ACT.27.43	4
22:25	ACT.22.27-ACT.22.28	3
22:25	ACT.23.17	3
22:25	MAT.8.8	2
22:25	MAT.27.54	2
22:25	ACT.10.1	2
22:25	ACT.27.1	2
22:25	ACT.27.3	2
22:26	ACT.23.27	3
22:26	ACT.22.29	2
22:29	ACT.21.33	5
22:29	ACT.22.24-ACT.22.26	3
22:29	ACT.16.38-ACT.16.39	2
22:29	HEB.11.35	2
22:30	ACT.23.28	7
22:30	ACT.21.33	6
22:30	ACT.5.21	3
22:30	ACT.21.11	3
22:30	ACT.22.5	3
22:30	ACT.23.15	3
22:30	ACT.26.29	3
22:30	MAT.5.22	2
22:30	MAT.10.17	2
22:30	MAT.27.2	2
23:1	ACT.24.16	10
23:1	2CO.1.12	8
23:1	2TI.1.3	8
23:1	HEB.13.18	7
23:1	1CO.4.4	5
23:1	ACT.22.5	4
23:1	PRO.28.1	3
23:1	ACT.23.6	3
23:1	2CO.4.2	3
23:1	ACT.6.15	2
23:1	ACT.22.30	2
23:1	1PE.3.16	2
23:1	ACT.22.1	1
23:2	JHN.18.22	7
23:2	ACT.24.1	5
23:2	1KI.22.24	3
23:2	MIC.5.1	3
23:2	JER.20.2	2
23:2	MAT.26.67	2
23:3	DEU.25.1-DEU.25.2	7
23:3	JHN.7.51	6
23:3	MAT.23.27-MAT.23.28	3
23:3	LEV.19.15	2
23:3	LEV.19.35	2
23:3	PSA.58.1-PSA.58.2	2
23:3	PSA.82.1-PSA.82.2	2
23:3	PSA.94.20	2
23:3	ECC.3.16	2
23:3	AMO.5.7	2
23:3	MIC.3.8-MIC.3.11	2
23:3	JHN.18.24	1
23:5	EXO.22.28	29
23:5	ECC.10.20	15
23:5	JUD.1.8-JUD.1.9	8
23:5	2PE.2.10	7
23:6	ACT.24.15	8
23:6	ACT.24.21	8
23:6	ACT.26.5-ACT.26.8	5
23:6	ACT.28.20	4
23:6	PHP.3.5	4
23:6	MAT.22.23	3
23:6	MAT.10.16	2
23:6	ACT.22.5	2
23:7	PSA.55.9	3
23:7	MAT.10.34	3
23:7	JHN.7.40-JHN.7.43	3
23:7	ACT.14.4	3
23:8	LUK.20.27	6
23:8	MAT.22.23	5
23:8	MRK.12.18	4
23:8	ACT.4.1	1
23:9	ACT.22.7	5
23:9	ACT.22.17-ACT.22.18	5
23:9	JHN.12.29	4
23:9	PRO.16.7	3
23:9	MRK.2.16	3
23:9	ACT.23.29	3
23:9	ACT.25.25	3
23:9	ACT.26.31	3
23:9	1SA.24.17	2
23:9	LUK.5.30	2
23:9	LUK.23.4	2
23:9	LUK.23.14-LUK.23.15	2
23:9	LUK.23.22	2
23:9	ACT.5.39	2
23:9	ACT.9.4	2
23:9	ACT.11.17	2
23:9	ACT.23.8	2
23:9	ACT.26.14-ACT.26.19	2
23:9	ACT.27.23	2
23:9	1CO.10.22	2
23:10	ACT.22.24	3
23:10	JAS.1.19	3
23:10	JAS.3.14-JAS.4.2	3
23:10	PSA.7.2	2
23:10	PSA.50.22	2
23:10	MIC.3.3	2
23:10	ACT.19.28-ACT.19.31	2
23:10	ACT.21.30-ACT.21.36	2
23:10	ACT.23.16	2
23:10	ACT.23.27	2
23:10	ACT.23.32	2
23:11	ACT.18.9	15
23:11	2TI.4.17	13
23:11	MAT.14.27	12
23:11	JER.15.19-JER.15.21	9
23:11	ACT.19.21	9
23:11	MAT.9.2	7
23:11	ROM.1.15-ROM.1.16	7
23:11	ISA.41.10	6
23:11	PSA.46.1-PSA.46.2	5
23:11	PSA.109.31	5
23:11	MAT.28.20	5
23:11	JHN.16.33	5
23:11	2CO.1.8-2CO.1.10	5
23:11	PHP.1.13	5
23:11	ISA.41.14	4
23:11	ISA.43.2	4
23:11	JHN.11.8-JHN.11.10	4
23:11	ACT.22.18	4
23:11	ACT.27.22-ACT.27.25	4
23:11	ISA.46.10	3
23:11	JHN.14.18	3
23:11	ACT.2.25	3
23:11	ACT.20.22	3
23:11	ACT.28.23-ACT.28.31	3
23:12	ACT.23.30	17
23:12	ISA.8.9-ISA.8.10	15
23:12	ACT.23.21	13
23:12	ACT.23.14	11
23:12	PSA.2.1-PSA.2.3	9
23:12	PSA.31.13	9
23:12	JER.11.19	8
23:12	2KI.6.31	7
23:12	PSA.64.2-PSA.64.6	7
23:12	MAT.26.4	7
23:12	ACT.25.3	7
23:12	1CO.16.22	6
23:12	GAL.3.13	6
23:12	1KI.19.2	5
23:12	1SA.14.24	4
23:12	MRK.6.23-MRK.6.26	4
23:12	LEV.27.29	3
23:12	JOS.6.26	3
23:12	JOS.7.15	3
23:12	1SA.14.27-1SA.14.28	3
23:12	1SA.14.40-1SA.14.44	3
23:12	NEH.10.29	3
23:12	MAT.26.74	3
23:12	MAT.27.25	3
23:12	JOS.7.1	2
23:13	JHN.16.2	4
23:13	2SA.15.12	2
23:13	2SA.15.31	2
23:14	ACT.23.12	4
23:14	JER.8.12	3
23:14	PSA.52.1-PSA.52.2	2
23:14	ISA.3.9	2
23:14	HOS.4.9	2
23:14	MIC.7.3	2
23:14	JER.6.15	1
23:15	PSA.37.32-PSA.37.33	5
23:15	ISA.59.7	5
23:15	PRO.1.11-PRO.1.12	4
23:15	PRO.1.16	4
23:15	PSA.21.11	3
23:15	PRO.4.16	3
23:15	ACT.22.30-ACT.23.1	3
23:15	ROM.3.14-ROM.3.16	3
23:15	ACT.25.3	2
23:16	ACT.23.10	4
23:16	1CO.3.19	4
23:16	JOB.5.13	3
23:16	PRO.21.30	3
23:16	LAM.3.37	3
23:16	ACT.23.32	3
23:16	2SA.17.17	2
23:16	ACT.21.34	2
23:17	PRO.22.3	3
23:17	MAT.8.8-MAT.8.9	2
23:17	MAT.10.16	2
23:17	ACT.22.26	2
23:17	ACT.23.23	2
23:18	EPH.3.1	6
23:18	ACT.28.17	3
23:18	EPH.4.1	3
23:18	PHM.1.9	3
23:18	GEN.40.14-GEN.40.15	2
23:18	LUK.7.40	2
23:18	ACT.16.25	2
23:18	ACT.27.1	2
23:19	NEH.2.4	2
23:19	EST.5.3	2
23:19	EST.7.2	2
23:19	EST.9.12	2
23:19	JER.31.32	2
23:19	MRK.8.23	2
23:19	MRK.9.27	2
23:19	MRK.10.51	2
23:20	ACT.23.14-ACT.23.15	3
23:20	PSA.12.2	2
23:20	DAN.6.5-DAN.6.12	2
23:20	ACT.23.1	2
23:21	ACT.23.12-ACT.23.14	4
23:21	EXO.23.2	3
23:21	ACT.9.23-ACT.9.24	3
23:21	ACT.14.5-ACT.14.6	3
23:21	ACT.20.19	3
23:21	ACT.25.3	3
23:21	ROM.9.3	3
23:21	2CO.11.26	3
23:21	2CO.11.32-2CO.11.33	2
23:22	JOS.2.14	2
23:22	MRK.1.44	2
23:23	MAT.14.25	2
23:23	LUK.12.38	2
23:23	ACT.8.40	2
23:23	ACT.23.33	2
23:24	ACT.23.26	5
23:24	ACT.24.10	5
23:24	ACT.25.14	5
23:24	ACT.23.33-ACT.24.3	3
23:24	NEH.2.12	2
23:24	EST.8.12	2
23:24	MAT.27.2	2
23:24	LUK.3.1	2
23:24	LUK.10.34	2
23:24	ACT.24.22-ACT.24.27	2
23:26	ACT.15.23	5
23:26	LUK.1.3	4
23:26	ACT.24.3	4
23:26	ACT.26.25	4
23:26	JAS.1.1	2
23:26	3JN.1.14	2
23:27	ACT.22.25-ACT.22.29	5
23:27	ACT.21.31-ACT.21.33	3
23:27	ACT.23.10	2
23:27	ACT.24.6	2
23:28	ACT.22.30	6
23:29	ACT.26.31	6
23:29	ACT.18.15	5
23:29	ACT.25.25	5
23:29	ACT.25.7-ACT.25.8	3
23:29	ACT.25.11	3
23:29	ACT.25.19-ACT.25.20	3
23:29	ACT.28.18	3
23:29	ACT.23.6-ACT.23.9	2
23:29	ACT.24.5-ACT.24.6	2
23:29	ACT.24.10-ACT.24.21	2
23:30	ACT.23.20	3
23:30	ACT.23.35	3
23:30	ACT.24.6-ACT.24.8	3
23:30	ACT.24.19	3
23:30	ACT.25.5-ACT.25.6	3
23:30	ACT.25.16	3
23:30	ACT.9.24	2
23:30	ACT.15.29	2
23:30	ACT.23.12	2
23:30	2CO.13.11	2
23:31	LUK.7.8	2
23:31	ACT.23.23-ACT.23.24	2
23:31	2TI.2.3-2TI.2.4	2
23:32	ACT.23.10	2
23:32	ACT.23.23	2
23:33	ACT.8.40	2
23:33	ACT.23.23-ACT.23.24	2
23:33	ACT.23.26	2
23:33	ACT.28.16	2
23:34	ACT.21.39	5
23:34	ACT.25.1	4
23:34	EST.1.1	2
23:34	EST.8.9	2
23:34	DAN.2.49	2
23:34	DAN.6.1	2
23:34	LUK.23.6	2
23:34	ACT.6.9	2
23:34	ACT.15.41	2
23:35	ACT.23.30	7
23:35	ACT.25.16	6
23:35	MAT.27.27	4
23:35	MAT.2.1	3
23:35	MAT.2.3	3
23:35	MAT.2.16	3
23:35	JHN.18.28	3
23:35	ACT.24.1	3
23:35	ACT.24.10	3
23:35	ACT.24.19	3
23:35	ACT.24.22	3
23:35	ACT.24.24-ACT.24.27	3
24:1	ACT.23.2	4
24:1	ACT.24.11	4
24:1	PSA.11.2	3
24:1	ACT.21.27	3
24:1	ACT.23.24	3
24:1	ACT.23.30	3
24:1	ACT.23.35	3
24:1	ACT.25.2	3
24:1	ISA.3.3	2
24:1	ACT.12.21	2
24:1	ACT.25.15	2
24:1	1CO.2.1	2
24:1	1CO.2.4	2
24:2	PRO.29.5	4
24:2	PRO.26.28	3
24:2	ACT.24.26-ACT.24.27	3
24:2	PSA.10.3	2
24:2	PSA.12.2-PSA.12.3	2
24:2	JUD.1.16	2
24:3	ACT.23.26	4
24:3	ACT.26.25	4
24:3	LUK.1.3	3
24:4	HEB.11.32	2
24:5	ACT.28.22	8
24:5	ACT.24.14	6
24:5	ACT.15.5	4
24:5	ACT.21.28	4
24:5	ACT.26.5	4
24:5	LUK.23.2	3
24:5	ACT.5.17	3
24:5	ACT.16.20-ACT.16.21	3
24:5	ACT.17.6-ACT.17.7	3
24:5	1CO.4.13	3
24:5	1SA.22.7-1SA.22.9	2
24:5	1KI.18.17-1KI.18.18	2
24:5	EZR.4.12-EZR.4.19	2
24:5	NEH.6.5-NEH.6.8	2
24:5	EST.3.8	2
24:5	JER.38.4	2
24:5	AMO.7.10	2
24:5	MAT.2.23	2
24:5	MAT.5.11-MAT.5.12	2
24:5	MAT.10.25	2
24:5	LUK.23.5	2
24:5	LUK.23.19	2
24:5	LUK.23.25	2
24:5	ACT.6.13	2
24:5	ACT.22.22	2
24:5	1CO.11.19	2
24:5	1PE.2.12-1PE.2.15	2
24:5	1PE.2.19	2
24:6	ACT.24.12	3
24:6	JHN.18.31	2
24:6	JHN.19.7-JHN.19.8	2
24:6	ACT.19.37	2
24:6	ACT.21.27-ACT.21.32	2
24:6	ACT.23.10-ACT.23.15	2
24:6	ACT.22.23	1
24:8	ACT.23.30	2
24:8	ACT.23.35	2
24:8	ACT.25.5	2
24:8	ACT.25.15-ACT.25.16	2
24:9	1TH.2.16	4
24:9	MIC.7.2-MIC.7.3	3
24:9	PSA.4.2	2
24:9	PSA.62.3-PSA.62.4	2
24:9	PSA.64.2-PSA.64.8	2
24:9	ISA.59.4-ISA.59.7	2
24:9	JER.9.3-JER.9.6	2
24:9	EZK.22.27-EZK.22.29	2
24:9	MIC.6.12-MIC.6.13	2
24:9	MAT.26.59-MAT.26.60	2
24:9	JHN.8.44	2
24:9	ACT.6.11-ACT.6.13	2
24:10	1PE.3.15	4
24:10	1SA.2.25	3
24:10	LUK.12.14	2
24:10	LUK.18.2	2
24:10	ACT.12.17	2
24:10	ACT.13.16	2
24:10	ACT.18.15	2
24:10	ACT.19.33	2
24:10	ACT.23.24	2
24:10	ACT.26.1	2
24:10	ACT.21.40	1
24:11	ACT.24.1	4
24:11	ACT.21.18	3
24:11	ACT.21.26-ACT.21.27	2
24:11	ACT.22.30	2
24:11	ACT.23.11	2
24:11	ACT.23.23	2
24:11	ACT.23.32-ACT.23.33	2
24:11	ACT.24.17	2
24:12	ACT.25.8	6
24:12	ACT.24.18	3
24:12	ACT.28.17	3
24:12	ACT.24.5	2
24:13	ACT.25.7	6
24:13	1PE.3.16	4
24:14	ACT.9.2	7
24:14	ROM.3.21	6
24:14	ACT.3.13	5
24:14	ACT.28.23	5
24:14	ACT.24.5	4
24:14	ACT.26.22	4
24:14	ACT.13.15	3
24:14	ACT.19.9	3
24:14	ACT.24.22	3
24:14	ACT.26.27	3
24:14	2TI.1.3	3
24:14	EXO.3.15	2
24:14	1CH.29.18	2
24:14	PSA.119.46	2
24:14	AMO.8.14	2
24:14	MIC.4.2	2
24:14	MAT.7.12	2
24:14	MAT.10.32	2
24:14	MAT.22.40	2
24:14	LUK.1.70	2
24:14	LUK.16.16	2
24:14	LUK.16.29	2
24:14	LUK.24.27	2
24:14	LUK.24.44	2
24:14	JHN.1.45	2
24:14	JHN.5.39-JHN.5.47	2
24:14	ACT.3.22-ACT.3.24	2
24:14	ACT.22.14	2
24:14	ACT.26.6	2
24:14	1CO.11.19	2
24:14	1PE.1.11	2
24:14	2PE.2.1-2PE.2.2	2
24:14	REV.19.10	2
24:14	ACT.5.30	1
24:14	ACT.7.32	1
24:14	ACT.10.43	1
24:14	ACT.19.23	1
24:14	GAL.5.20	1
24:14	TIT.3.10	1
24:15	DAN.12.2	12
24:15	JHN.5.28-JHN.5.29	10
24:15	1TH.4.14-1TH.4.16	7
24:15	JOB.19.25-JOB.19.26	6
24:15	REV.20.12-REV.20.13	6
24:15	REV.20.6	4
24:15	1CO.15.12-1CO.15.27	3
24:15	PHP.3.21	3
24:15	MAT.22.31-MAT.22.32	2
24:15	ACT.23.6-ACT.23.8	2
24:15	ACT.28.20-ACT.28.31	2
24:15	ACT.24.21	1
24:15	ACT.26.6-ACT.26.7	1
24:16	ACT.23.1	12
24:16	1TI.1.5	12
24:16	2CO.4.2	11
24:16	HEB.10.22	9
24:16	ROM.2.15	7
24:16	2CO.1.12	6
24:16	1PE.3.21	6
24:16	1CO.4.4	5
24:16	2TI.1.3	5
24:16	TIT.1.15	5
24:16	1TH.2.10	4
24:16	TIT.2.11-TIT.2.13	4
24:16	HEB.9.14	4
24:16	HEB.13.18	4
24:16	1PE.2.19	4
24:16	1PE.3.16	4
24:16	1TI.1.19	3
24:16	1TI.3.9	3
24:16	ROM.9.1	2
24:17	GAL.2.10	6
24:17	ROM.15.25-ROM.15.28	5
24:17	1CO.16.1-1CO.16.4	5
24:17	ACT.11.29-ACT.11.30	4
24:17	2CO.8.1-2CO.8.4	4
24:17	ACT.20.16	3
24:17	ROM.15.31	3
24:17	2CO.8.9	3
24:17	2CO.9.1-2CO.9.2	3
24:17	2CO.9.12	3
24:17	ACT.20.31	2
24:17	ACT.21.26	2
24:18	ACT.21.26-ACT.21.30	4
24:18	ACT.26.21	4
24:18	ACT.24.12	3
24:19	ACT.23.30	5
24:19	ACT.25.16	2
24:21	ACT.23.6	8
24:21	ACT.4.2	4
24:21	ACT.26.6-ACT.26.8	4
24:21	ACT.28.20	4
24:22	DEU.19.18	2
24:22	ACT.18.20	2
24:22	ACT.24.6	2
24:22	ACT.24.10	2
24:22	ACT.24.14	2
24:22	ACT.24.24	2
24:22	ACT.25.26	2
24:22	ACT.26.3	2
24:23	ACT.27.3	5
24:23	ACT.28.16	5
24:23	PRO.16.7	2
24:23	ACT.21.8-ACT.21.14	2
24:23	ACT.23.16	2
24:23	ACT.23.35	2
24:23	ACT.24.26	2
24:23	ACT.28.31	2
24:24	ACT.20.21	5
24:24	GAL.2.16	3
24:24	MRK.6.20	2
24:24	LUK.19.3	2
24:24	LUK.23.8	2
24:24	ACT.16.31	2
24:24	ACT.26.22	2
24:24	GAL.2.20	2
24:24	GAL.3.2	2
24:24	1JN.5.1	2
24:24	JUD.1.3	2
24:24	REV.14.12	2
24:25	JHN.16.8	10
24:25	1PE.3.15	8
24:25	ACT.10.42	7
24:25	GAL.5.23	7
24:25	2PE.1.6	7
24:25	GAL.3.22	6
24:25	TIT.2.11-TIT.2.12	6
24:25	REV.20.11-REV.20.15	6
24:25	2CO.5.10	5
24:25	HEB.3.7-HEB.3.8	5
24:25	HEB.3.13	5
24:25	HEB.4.1	5
24:25	HEB.4.11-HEB.4.12	5
24:25	HEB.9.27	5
24:25	JAS.2.19	5
24:25	1PE.4.4-1PE.4.5	5
24:25	1JN.3.7	5
24:25	ACT.2.37	4
24:25	ACT.16.29-ACT.16.34	4
24:25	ACT.17.2	4
24:25	ACT.17.32	4
24:25	ACT.24.15	4
24:25	1CO.4.5	4
24:25	2CO.6.2	4
24:25	2TI.4.1	4
24:25	1JN.3.10	4
24:25	ISA.1.21	3
24:25	ISA.16.5	3
24:25	ISA.32.11	3
24:25	ISA.41.21	3
24:25	ISA.55.6	3
24:25	ISA.61.8	3
24:25	JER.22.15-JER.22.17	3
24:25	JER.23.29	3
24:25	JER.37.17-JER.37.21	3
24:25	JER.38.14-JER.38.28	3
24:25	EZK.45.9	3
24:25	DAN.4.27	3
24:25	DAN.12.2	3
24:25	HOS.7.5	3
24:25	HOS.10.4	3
24:25	HOS.10.12	3
24:25	AMO.5.24	3
24:25	AMO.6.12	3
24:25	HAB.3.16	3
24:25	HAG.1.2	3
24:25	MAT.25.1-MAT.25.10	3
24:25	MAT.25.31-MAT.25.46	3
24:25	MRK.6.18-MRK.6.24	3
24:25	LUK.13.24-LUK.13.25	3
24:25	LUK.17.26-LUK.17.29	3
24:25	HEB.6.2	3
24:25	1SA.12.7	2
24:25	2SA.23.3	2
24:25	1KI.21.27	2
24:25	1KI.22.26-1KI.22.27	2
24:25	2KI.22.19	2
24:25	EZR.10.3	2
24:25	EZR.10.9	2
24:25	JOB.29.14	2
24:25	PSA.11.7	2
24:25	PSA.45.7	2
24:25	PSA.50.3-PSA.50.4	2
24:25	PSA.58.1-PSA.58.2	2
24:25	PSA.72.2	2
24:25	PSA.82.1-PSA.82.4	2
24:25	PSA.99.1	2
24:25	PSA.119.120	2
24:25	PRO.1.24-PRO.1.32	2
24:25	PRO.6.4-PRO.6.5	2
24:25	PRO.16.12	2
24:25	PRO.31.3-PRO.31.5	2
24:25	ECC.3.16-ECC.3.17	2
24:25	ECC.5.8	2
24:25	ECC.10.16-ECC.10.17	2
24:25	ECC.11.9	2
24:25	ECC.12.14	2
24:25	ISA.1.18	2
24:25	ISA.28.6-ISA.28.7	2
24:25	ISA.66.2	2
24:25	JER.22.3	2
24:25	DAN.5.1-DAN.5.4	2
24:25	DAN.5.30	2
24:25	MAT.14.5-MAT.14.10	2
24:25	MAT.22.5	2
24:25	ACT.9.6	2
24:25	ACT.17.13	2
24:25	ACT.26.28	2
24:25	ROM.2.16	2
24:25	ROM.3.19-ROM.3.20	2
24:25	ROM.12.1	2
24:25	ROM.14.12	2
24:25	1CO.14.24-1CO.14.25	2
24:25	2TH.1.7-2TH.1.10	2
24:25	HEB.12.21	2
24:25	JAS.4.13-JAS.4.14	2
24:25	ACT.24.26	0
24:26	PRO.17.23	3
24:26	1TI.6.9-1TI.6.10	3
24:26	EXO.23.8	2
24:26	DEU.16.19	2
24:26	1SA.8.3	2
24:26	1SA.12.3	2
24:26	2CH.19.7	2
24:26	JOB.15.34	2
24:26	PSA.26.9-PSA.26.10	2
24:26	PRO.17.8	2
24:26	PRO.19.6	2
24:26	PRO.29.4	2
24:26	ISA.1.23	2
24:26	ISA.33.15	2
24:26	ISA.56.11	2
24:26	EZK.22.27	2
24:26	EZK.33.31	2
24:26	HOS.4.18	2
24:26	HOS.12.7-HOS.12.8	2
24:26	AMO.2.6-AMO.2.7	2
24:26	MIC.3.11	2
24:26	MIC.7.3	2
24:26	ACT.24.2-ACT.24.3	2
24:26	ACT.24.17	2
24:26	1CO.6.9	2
24:26	EPH.5.5-EPH.5.6	2
24:26	2PE.2.3	2
24:26	2PE.2.14-2PE.2.15	2
24:27	ACT.25.9	8
24:27	ACT.12.3	6
24:27	ACT.25.14	6
24:27	MRK.15.15	5
24:27	ACT.25.1	5
24:27	GAL.1.10	4
24:27	PRO.29.25	3
24:27	ACT.26.32	3
24:27	EXO.23.2	2
24:27	LUK.23.24-LUK.23.25	2
24:27	ACT.23.35	2
24:27	ACT.25.4	2
24:27	ACT.26.24-ACT.26.25	2
24:27	ACT.28.30	2
25:1	ACT.23.34	4
25:1	ACT.8.40	2
25:1	ACT.18.22	2
25:1	ACT.21.15	2
25:1	ACT.25.5	2
25:2	ACT.25.15	5
25:2	PRO.4.16	4
25:2	ACT.24.1	4
25:2	ROM.3.12-ROM.3.19	4
25:2	JOB.31.31	2
25:3	ACT.9.24	3
25:3	ACT.23.12-ACT.23.15	3
25:3	1SA.23.19-1SA.23.21	2
25:3	PSA.37.32-PSA.37.33	2
25:3	PSA.64.2-PSA.64.6	2
25:3	PSA.140.1-PSA.140.5	2
25:3	JER.18.18	2
25:3	JER.38.4	2
25:3	MRK.6.23-MRK.6.25	2
25:3	LUK.23.8-LUK.23.24	2
25:3	JHN.16.3	2
25:3	ACT.9.2	2
25:3	ACT.26.9-ACT.26.11	2
25:3	ROM.3.8	2
25:4	ACT.24.23	1
25:5	JHN.18.29-JHN.18.30	3
25:5	ACT.25.16	3
25:5	ACT.25.18-ACT.25.19	3
25:5	ACT.25.25	3
25:5	1SA.24.11-1SA.24.12	2
25:5	PSA.7.3-PSA.7.5	2
25:5	ACT.18.14	2
25:5	ACT.23.30	2
25:5	ACT.24.8	2
25:6	ACT.25.10	5
25:6	ACT.25.17	5
25:6	MAT.27.19	4
25:6	JHN.19.13	2
25:6	ACT.18.12-ACT.18.17	2
25:6	2CO.5.10	2
25:6	JAS.2.6	2
25:7	ACT.24.13	6
25:7	LUK.23.2	4
25:7	LUK.23.10	4
25:7	ACT.24.5-ACT.24.6	4
25:7	ACT.25.24	4
25:7	PSA.27.12	3
25:7	EZR.4.15	2
25:7	EST.3.8	2
25:7	PSA.35.11	2
25:7	MAT.5.11-MAT.5.12	2
25:7	MAT.26.60-MAT.26.62	2
25:7	MRK.15.3-MRK.15.4	2
25:7	ACT.21.28	2
25:7	1PE.4.14-1PE.4.16	2
25:8	ACT.24.12	6
25:8	ACT.28.17	6
25:8	2CO.1.12	4
25:8	JER.37.18	3
25:8	ACT.6.13-ACT.6.14	3
25:8	ACT.28.21	3
25:8	GEN.40.15	2
25:8	DAN.6.22	2
25:8	ACT.23.1	2
25:8	ACT.24.6	2
25:8	ACT.24.17-ACT.24.21	2
25:8	ACT.25.10	2
25:9	ACT.24.27	5
25:9	ACT.12.3	4
25:9	ACT.25.20	4
25:9	MRK.15.15	3
25:9	ACT.25.3	2
25:10	MAT.27.18	4
25:10	2CO.4.2	4
25:10	ACT.25.25	3
25:10	ACT.26.31	3
25:10	ACT.28.18	3
25:10	MAT.27.23-MAT.27.24	2
25:10	ACT.16.37-ACT.16.38	2
25:10	ACT.22.25-ACT.22.28	2
25:10	ACT.23.29	2
25:10	ACT.25.6	2
25:10	ACT.25.17	2
25:11	ACT.28.19	6
25:11	PSA.7.3-PSA.7.5	5
25:11	ACT.25.25	4
25:11	ACT.26.32	4
25:11	JOS.22.22	3
25:11	ACT.25.21	3
25:11	1SA.12.3-1SA.12.5	2
25:11	1SA.27.1	2
25:11	JOB.31.21	2
25:11	JOB.31.38-JOB.31.40	2
25:11	ACT.16.37	2
25:11	ACT.18.14	2
25:11	ACT.22.25	2
25:11	ACT.25.10	2
25:11	1TH.2.15	2
25:12	ACT.19.21	3
25:12	PHP.1.12-PHP.1.14	3
25:12	PHP.1.20	3
25:12	PSA.76.10	2
25:12	ISA.46.10-ISA.46.11	2
25:12	LAM.3.37	2
25:12	DAN.4.35	2
25:12	ACT.23.11	2
25:12	ACT.25.21	2
25:12	ACT.26.32-ACT.27.1	2
25:12	ACT.28.16	2
25:12	ROM.15.28-ROM.15.29	2
25:13	1SA.13.10	2
25:13	1SA.25.14	2
25:13	2SA.8.10	2
25:13	ACT.8.40	2
25:13	ACT.25.22-ACT.25.23	2
25:13	ACT.26.1	2
25:13	ACT.26.27-ACT.26.28	2
25:13	2KI.10.13	1
25:13	MRK.15.18	1
25:14	ACT.24.27	6
25:15	EST.3.9	2
25:15	LUK.18.3-LUK.18.5	2
25:15	LUK.23.23	2
25:15	ACT.24.1	2
25:15	ACT.25.1-ACT.25.3	2
25:16	JHN.7.51	8
25:16	DEU.19.17-DEU.19.18	5
25:16	ACT.23.30	4
25:16	PRO.18.17	3
25:16	ACT.25.4-ACT.25.5	3
25:16	DEU.17.4	1
25:16	PRO.18.13	1
25:16	ACT.26.1	1
25:17	ACT.25.6	3
25:17	ACT.25.10	3
25:19	ACT.23.29	6
25:19	ACT.18.15	5
25:19	1CO.15.3-1CO.15.4	4
25:19	ACT.1.22	2
25:19	ACT.2.32	2
25:19	ACT.17.22-ACT.17.23	2
25:19	ACT.17.31	2
25:19	ACT.18.19	2
25:19	ACT.25.7	2
25:19	ACT.26.22-ACT.26.23	2
25:19	1CO.15.14-1CO.15.20	2
25:19	REV.1.18	2
25:20	ACT.25.9	3
25:21	2TI.4.16	3
25:21	LUK.2.1	2
25:21	ACT.25.10-ACT.25.11	2
25:21	ACT.26.32-ACT.27.1	2
25:22	ACT.9.15	4
25:22	ISA.52.15	2
25:22	MAT.10.18	2
25:22	LUK.21.12	2
25:23	ACT.25.13	4
25:23	ACT.26.30	4
25:23	1JN.2.16	3
25:23	EST.1.4	2
25:23	ECC.1.2	2
25:23	ISA.5.14	2
25:23	ISA.14.11	2
25:23	EZK.7.24	2
25:23	EZK.30.18	2
25:23	EZK.32.12	2
25:23	EZK.33.28	2
25:23	DAN.4.30	2
25:23	ACT.9.15	2
25:23	ACT.12.21	2
25:23	1CO.7.31	2
25:23	JAS.1.11	2
25:23	1PE.1.24	2
25:24	ACT.22.22	5
25:24	ACT.25.7	5
25:24	ACT.25.2-ACT.25.3	3
25:24	LUK.23.21-LUK.23.23	2
25:25	ACT.23.29	5
25:25	ACT.25.11-ACT.25.12	4
25:25	LUK.23.4	3
25:25	ACT.23.9	3
25:25	LUK.23.14	2
25:25	JHN.18.38	2
25:25	ACT.26.31	2
25:26	ACT.26.2-ACT.26.3	2
25:27	JHN.7.51	4
25:27	PRO.18.13	2
26:1	ACT.9.15	5
26:1	PRO.1.24	3
26:1	JHN.7.51	3
26:1	ACT.26.2	3
26:1	PRO.18.13	2
26:1	PRO.18.17	2
26:1	ACT.22.1	2
26:1	ACT.25.16	2
26:1	ROM.10.21	2
26:1	EZK.16.27	1
26:3	ACT.6.14	5
26:3	ACT.26.26	4
26:3	DEU.17.18	2
26:3	ACT.21.21	2
26:3	ACT.24.4	2
26:3	ACT.24.10	2
26:3	ACT.25.19-ACT.25.20	2
26:3	ACT.25.26	2
26:3	ACT.26.7	2
26:3	ACT.28.17	2
26:3	1CO.13.2	2
26:4	GAL.1.13	4
26:4	ACT.22.3	3
26:4	PHP.3.5	3
26:4	2TI.3.10	3
26:5	ACT.23.6	6
26:5	ACT.22.3	4
26:5	ACT.22.5	3
26:5	ACT.24.5	3
26:5	ACT.24.14	2
26:5	PHP.3.5-PHP.3.6	2
26:6	TIT.2.13	6
26:6	DAN.7.13-DAN.7.14	5
26:6	ACT.24.15	5
26:6	ACT.28.20	5
26:6	ROM.15.8	4
26:6	GEN.12.3	3
26:6	GEN.22.18	3
26:6	GEN.26.4	3
26:6	DEU.18.15	3
26:6	JOB.19.25-JOB.19.27	3
26:6	ISA.9.6-ISA.9.7	3
26:6	MIC.5.2	3
26:6	ZEC.13.7	3
26:6	ACT.13.32-ACT.13.33	3
26:6	ACT.23.6	3
26:6	GEN.3.15	2
26:6	GEN.49.10	2
26:6	2SA.7.12-2SA.7.13	2
26:6	PSA.2.6-PSA.2.12	2
26:6	PSA.40.6-PSA.40.8	2
26:6	PSA.98.2	2
26:6	PSA.110.1-PSA.110.4	2
26:6	PSA.132.11	2
26:6	PSA.132.17	2
26:6	ISA.4.2	2
26:6	ISA.7.14	2
26:6	ISA.11.1-ISA.11.5	2
26:6	ISA.40.9-ISA.40.11	2
26:6	ISA.42.1-ISA.42.4	2
26:6	ISA.53.10-ISA.53.12	2
26:6	ISA.61.1-ISA.61.3	2
26:6	JER.23.5-JER.23.6	2
26:6	JER.33.14-JER.33.17	2
26:6	EZK.17.22-EZK.17.24	2
26:6	EZK.21.27	2
26:6	EZK.34.23-EZK.34.25	2
26:6	EZK.37.24	2
26:6	DAN.2.34-DAN.2.35	2
26:6	DAN.2.44-DAN.2.45	2
26:6	DAN.9.24-DAN.9.26	2
26:6	HOS.3.5	2
26:6	JOL.2.32	2
26:6	AMO.9.11-AMO.9.12	2
26:6	OBA.1.21	2
26:6	MIC.7.20	2
26:6	ZEP.3.14-ZEP.3.17	2
26:6	ZEC.2.10-ZEC.2.11	2
26:6	ZEC.6.12	2
26:6	ZEC.9.9	2
26:6	ZEC.13.1	2
26:6	MAL.3.1	2
26:6	MAL.4.2	2
26:6	LUK.1.69-LUK.1.70	2
26:6	ACT.3.24	2
26:6	ACT.24.21	2
26:6	ACT.26.8	2
26:6	GAL.3.17-GAL.3.18	2
26:6	GAL.4.4	2
26:6	1PE.1.11-1PE.1.12	2
26:7	JAS.1.1	7
26:7	PHP.3.11	4
26:7	1TI.5.5	4
26:7	EZR.6.17	3
26:7	MAT.19.28	3
26:7	LUK.22.30	3
26:7	1TH.3.10	3
26:7	EZR.8.35	2
26:7	PSA.134.1-PSA.134.2	2
26:7	PSA.135.2	2
26:7	LUK.2.25	2
26:7	LUK.2.36-LUK.2.38	2
26:7	LUK.7.19-LUK.7.20	2
26:7	ACT.20.31	2
26:7	ACT.26.2	2
26:7	REV.7.4-REV.7.8	2
26:8	1CO.15.12-1CO.15.20	7
26:8	ACT.4.2	5
26:8	ACT.17.31-ACT.17.32	5
26:8	LUK.18.27	4
26:8	ACT.10.40-ACT.10.42	4
26:8	PHP.3.21	4
26:8	GEN.18.14	3
26:8	JHN.5.28-JHN.5.29	3
26:8	ACT.13.30-ACT.13.31	3
26:8	ACT.23.6	3
26:8	ACT.25.19	3
26:8	MAT.22.29-MAT.22.32	2
26:8	LUK.1.37	2
26:9	1TI.1.13	7
26:9	ACT.22.8	5
26:9	GAL.1.13-GAL.1.14	3
26:9	PHP.3.6	3
26:9	JHN.15.21	2
26:9	JHN.16.2-JHN.16.3	2
26:9	ACT.3.6	2
26:9	ACT.9.16	2
26:9	ACT.21.13	2
26:9	ACT.24.5	2
26:9	ROM.10.2	2
26:10	ACT.8.3	6
26:10	ACT.9.13-ACT.9.14	5
26:10	ACT.9.21	5
26:10	ACT.22.4-ACT.22.5	4
26:10	ACT.7.58	3
26:10	ACT.8.1	3
26:10	ACT.9.1-ACT.9.2	3
26:10	ACT.9.26	3
26:10	ACT.22.19-ACT.22.20	3
26:10	1CO.15.9	3
26:10	PSA.16.3	2
26:10	ACT.9.32	2
26:10	ACT.9.41	2
26:10	ROM.15.25-ROM.15.26	2
26:10	GAL.1.13	2
26:10	EPH.1.1	2
26:10	REV.17.6	2
26:11	MAT.10.17	4
26:11	ACT.13.45	4
26:11	ACT.22.19	4
26:11	ACT.9.1	3
26:11	ACT.22.5	3
26:11	ECC.9.3	2
26:11	MRK.3.28	2
26:11	MRK.13.9	2
26:11	LUK.6.11	2
26:11	LUK.15.17	2
26:11	LUK.21.12	2
26:11	ACT.18.6	2
26:11	ACT.26.24-ACT.26.25	2
26:11	HEB.10.28-HEB.10.29	2
26:11	JAS.2.7	2
26:11	2PE.2.16	2
26:12	ACT.9.1-ACT.9.8	3
26:12	ACT.22.5-ACT.22.11	3
26:12	ACT.26.10	3
26:12	1KI.21.8-1KI.21.10	2
26:12	PSA.94.20-PSA.94.21	2
26:12	ISA.10.1	2
26:12	JER.26.8	2
26:12	JER.29.26-JER.29.27	2
26:12	JHN.7.45-JHN.7.48	2
26:12	JHN.11.57	2
26:13	REV.1.16	4
26:13	REV.21.23	4
26:13	MAT.17.2	3
26:13	ACT.22.6	3
26:13	ISA.24.23	2
26:13	ISA.30.26	2
26:13	ACT.9.3	2
26:14	ACT.21.40	6
26:14	ACT.9.7	5
26:14	ACT.22.2	5
26:14	ACT.22.7-ACT.22.9	3
26:14	ZEC.2.8	2
26:14	ZEC.12.2	2
26:14	ACT.9.4-ACT.9.5	2
26:14	1CO.10.22	2
26:14	PRO.13.15	1
26:15	JHN.15.20-JHN.15.21	5
26:15	MAT.25.45	3
26:15	EXO.16.8	2
26:15	MAT.25.40	2
26:16	ACT.22.14-ACT.22.15	7
26:16	EZK.2.1	5
26:16	DAN.10.11	5
26:16	ROM.15.16	4
26:16	GAL.1.12	4
26:16	1TI.1.12	4
26:16	ACT.23.11	3
26:16	ROM.1.5	3
26:16	2CO.4.1	3
26:16	2CO.12.1-2CO.12.7	3
26:16	GAL.2.2	3
26:16	EPH.3.7-EPH.3.8	3
26:16	COL.1.23	3
26:16	COL.1.25	3
26:16	ACT.9.6-ACT.9.9	2
26:16	ACT.9.15-ACT.9.16	2
26:16	ACT.13.1-ACT.13.4	2
26:16	ACT.18.9-ACT.18.10	2
26:16	ACT.20.24	2
26:16	ACT.21.19	2
26:16	ACT.22.10	2
26:16	ACT.22.17-ACT.22.21	2
26:16	ACT.27.23-ACT.27.24	2
26:16	2CO.5.18	2
26:16	COL.1.7	2
26:16	1TH.3.2	2
26:16	1TI.4.6	2
26:16	2TI.4.5	2
26:16	ACT.1.17	1
26:16	ACT.1.25	1
26:16	ACT.6.4	1
26:17	ACT.9.15	6
26:17	1TI.2.7	5
26:17	JER.1.19	4
26:17	ROM.11.13	4
26:17	JER.1.8	3
26:17	ACT.28.28	3
26:17	GAL.2.9	3
26:17	EPH.3.7-EPH.3.8	3
26:17	2TI.1.11	3
26:17	2TI.3.11	3
26:17	2TI.4.16-2TI.4.17	3
26:17	1CH.16.35	2
26:17	PSA.34.19	2
26:17	PSA.37.32-PSA.37.33	2
26:17	ACT.9.23-ACT.9.25	2
26:17	ACT.9.29-ACT.9.30	2
26:17	ACT.13.50	2
26:17	ACT.14.5-ACT.14.6	2
26:17	ACT.14.19-ACT.14.20	2
26:17	ACT.16.39	2
26:17	ACT.17.10	2
26:17	ACT.17.14	2
26:17	ACT.18.10	2
26:17	ACT.18.12-ACT.18.16	2
26:17	ACT.19.28-ACT.19.41	2
26:17	ACT.21.28-ACT.21.36	2
26:17	ACT.22.21-ACT.22.22	2
26:17	ACT.23.10-ACT.23.24	2
26:17	ACT.25.3	2
26:17	ACT.25.9-ACT.25.11	2
26:17	ACT.27.42-ACT.27.44	2
26:17	ROM.15.16	2
26:17	2CO.1.8-2CO.1.10	2
26:17	2CO.4.8-2CO.4.10	2
26:17	2CO.11.23-2CO.11.26	2
26:18	1PE.2.9	45
26:18	EPH.1.18	35
26:18	ACT.20.32	29
26:18	EPH.5.8	29
26:18	ISA.42.7	27
26:18	2CO.4.6	25
26:18	COL.1.12-COL.1.14	23
26:18	JHN.8.12	22
26:18	LUK.1.79	21
26:18	EPH.4.18	18
26:18	ISA.35.5	15
26:18	2CO.4.4	15
26:18	2CO.6.14	15
26:18	1TH.5.4-1TH.5.8	14
26:18	1JN.3.8	14
26:18	ACT.2.38	12
26:18	ACT.20.21	12
26:18	1CO.6.10-1CO.6.11	12
26:18	LUK.24.47	10
26:18	1JN.1.9	10
26:18	1JN.5.19	10
26:18	ACT.5.31	9
26:18	ACT.13.47	9
26:18	HEB.11.6	9
26:18	1JN.2.8-1JN.2.9	9
26:18	REV.21.27	9
26:18	ISA.29.18	8
26:18	JHN.1.4-JHN.1.9	8
26:18	JHN.3.19	8
26:18	JHN.9.5	8
26:18	ACT.15.9	8
26:18	HEB.2.14-HEB.2.15	8
26:18	1PE.2.25	8
26:18	ISA.60.1-ISA.60.3	7
26:18	LUK.1.77	7
26:18	JHN.17.17	7
26:18	HEB.10.14	7
26:18	1PE.1.4	7
26:18	1JN.2.12	7
26:18	REV.20.2-REV.20.3	7
26:18	PSA.119.18	6
26:18	ISA.9.2	6
26:18	ISA.43.8	6
26:18	LUK.24.45	6
26:18	GAL.3.14	6
26:18	JAS.2.5	6
26:18	JUD.1.1	6
26:18	PSA.32.1-PSA.32.2	5
26:18	PSA.146.8	5
26:18	ISA.42.16	5
26:18	ISA.49.6	5
26:18	MAL.4.2	5
26:18	MAT.4.16	5
26:18	MAT.6.22-MAT.6.23	5
26:18	LUK.2.32	5
26:18	LUK.4.18	5
26:18	JHN.12.35-JHN.12.36	5
26:18	ROM.5.1-ROM.5.2	5
26:18	1CO.1.30	5
26:18	EPH.1.11	5
26:18	EPH.2.8	5
26:18	2TI.2.26	5
26:18	ISA.49.24-ISA.49.25	4
26:18	ISA.53.8-ISA.53.12	4
26:18	JHN.4.10	4
26:18	JHN.4.14	4
26:18	JHN.7.38-JHN.7.39	4
26:18	JHN.9.39	4
26:18	ACT.3.19	4
26:18	ACT.9.17-ACT.9.18	4
26:18	ACT.10.43	4
26:18	ACT.13.38-ACT.13.39	4
26:18	ACT.26.23	4
26:18	ROM.8.17	4
26:18	1CO.1.2	4
26:18	GAL.2.20	4
26:18	GAL.3.2	4
26:18	EPH.1.7	4
26:18	EPH.1.14	4
26:18	EPH.5.14	4
26:18	TIT.3.5-TIT.3.6	4
26:18	HEB.9.15	4
26:18	HEB.10.10	4
26:18	ISA.32.3	3
26:18	LUK.11.21-LUK.11.22	3
26:18	ROM.4.6-ROM.4.9	3
26:19	ISA.50.5	9
26:19	EZK.2.7-EZK.2.8	7
26:19	GAL.1.16	6
26:19	JER.20.9	5
26:19	EXO.4.13-EXO.4.14	4
26:19	EZK.3.14	4
26:19	JON.1.3	4
26:19	ACT.26.2	4
26:19	ACT.26.26-ACT.26.27	3
26:20	MAT.3.8	10
26:20	ACT.3.19	10
26:20	ACT.2.38	8
26:20	2TI.2.25-2TI.2.26	8
26:20	MAT.9.13	6
26:20	LUK.19.8-LUK.19.9	6
26:20	2PE.1.5-2PE.1.8	6
26:20	REV.2.5	6
26:20	2CO.7.10	5
26:20	EPH.4.17-EPH.5.25	5
26:20	TIT.2.2-TIT.2.13	5
26:20	1PE.1.14-1PE.1.16	5
26:20	1PE.2.9-1PE.2.12	5
26:20	1PE.4.2-1PE.4.5	5
26:20	REV.3.3	5
26:20	EZK.18.30-EZK.18.32	4
26:20	HOS.12.6	4
26:20	HOS.14.2	4
26:20	MAT.3.2	4
26:20	MAT.4.17	4
26:20	MAT.21.30-MAT.21.32	4
26:20	MRK.6.12	4
26:20	LUK.1.16	4
26:20	LUK.13.3	4
26:20	LUK.13.5	4
26:20	LUK.15.7	4
26:20	LUK.15.10	4
26:20	LUK.24.46-LUK.24.47	4
26:20	ACT.9.15	4
26:20	ACT.9.19-ACT.9.29	4
26:20	ACT.9.35	4
26:20	ACT.11.18	4
26:20	ACT.14.15-ACT.14.21	4
26:20	ACT.15.19	4
26:20	ACT.17.30	4
26:20	ACT.20.21	4
26:20	ACT.22.17-ACT.22.22	4
26:20	ACT.26.17	4
26:20	ROM.2.4	4
26:20	ROM.11.18-ROM.11.20	4
26:20	2CO.3.16	4
26:20	EPH.6.1-EPH.6.9	4
26:20	1TH.1.9	4
26:20	PSA.22.27	3
26:20	ISA.55.7	3
26:20	JER.31.19-JER.31.20	3
26:20	LAM.3.40	3
26:20	LUK.3.8-LUK.3.14	3
26:20	ACT.13.46-ACT.13.48	3
26:20	REV.2.21	3
26:20	REV.16.11	3
26:20	ACT.11.26-ACT.11.30	2
26:21	ACT.21.30-ACT.21.31	6
26:21	ACT.21.27	3
26:21	ACT.22.22	2
26:21	ACT.23.12-ACT.23.15	2
26:21	ACT.25.3	2
26:22	JHN.5.46	5
26:22	ACT.24.14	5
26:22	LUK.24.27	4
26:22	LUK.24.44	4
26:22	ACT.10.43	4
26:22	ROM.3.21	4
26:22	1SA.7.12	3
26:22	PSA.66.12	3
26:22	PSA.118.10-PSA.118.13	3
26:22	ACT.20.20-ACT.20.27	3
26:22	2CO.1.8-2CO.1.10	3
26:22	REV.15.3	3
26:22	EZR.8.31	2
26:22	PSA.18.47	2
26:22	PSA.124.1-PSA.124.3	2
26:22	PSA.124.8	2
26:22	MAT.17.4-MAT.17.5	2
26:22	LUK.16.29-LUK.16.31	2
26:22	LUK.24.46	2
26:22	JHN.1.17	2
26:22	JHN.1.45	2
26:22	JHN.3.14-JHN.3.15	2
26:22	JHN.5.39	2
26:22	ACT.3.21-ACT.3.24	2
26:22	ACT.14.19-ACT.14.20	2
26:22	ACT.16.25-ACT.16.26	2
26:22	ACT.18.9-ACT.18.10	2
26:22	ACT.21.31-ACT.21.33	2
26:22	ACT.23.10-ACT.23.11	2
26:22	ACT.23.16-ACT.23.22	2
26:22	ACT.26.6	2
26:22	ACT.26.17	2
26:22	ACT.28.23	2
26:22	2TI.3.11	1
26:22	2TI.4.17-2TI.4.18	1
26:22	REV.11.18	1
26:22	REV.20.12	1
26:23	ISA.53.1-ISA.53.12	8
26:23	LUK.24.26	7
26:23	COL.1.18	6
26:23	REV.1.5	6
26:23	DAN.9.24-DAN.9.26	5
26:23	ZEC.12.10	5
26:23	HEB.2.10	5
26:23	GEN.3.15	4
26:23	PSA.22.1-PSA.22.31	4
26:23	ZEC.13.7	4
26:23	LUK.2.32	4
26:23	1CO.15.3	4
26:23	1CO.15.20-1CO.15.23	4
26:23	LUK.18.31-LUK.18.33	3
26:23	JHN.10.18	3
26:23	PSA.16.8-PSA.16.11	2
26:23	MAT.27.53	2
26:23	LUK.24.46	2
26:23	JHN.11.25	2
26:23	ACT.3.18	2
26:23	ACT.13.34	2
26:23	ACT.26.8	2
26:23	ACT.26.18	2
26:23	ACT.2.23-ACT.2.32	1
26:24	1CO.2.13-1CO.2.14	9
26:24	1CO.1.23	8
26:24	1CO.4.10	7
26:24	2CO.5.13	7
26:24	MRK.3.21	6
26:24	2KI.9.11	5
26:24	JER.29.26	5
26:24	HOS.9.7	4
26:24	ACT.17.32	4
26:24	ACT.26.11	4
26:24	JHN.10.20-JHN.10.21	3
26:24	JHN.7.15	2
26:24	JHN.8.48	2
26:24	JHN.8.52	2
26:24	ACT.22.1	2
26:24	ACT.24.25	2
26:24	ACT.25.19-ACT.25.20	2
26:25	ACT.23.26	5
26:25	TIT.1.9	4
26:25	TIT.2.7-TIT.2.8	4
26:25	LUK.1.3	3
26:25	JHN.8.49	3
26:25	ACT.24.3	3
26:25	1PE.2.21-1PE.2.23	3
26:25	1PE.3.9	3
26:25	1PE.3.15	3
26:26	ACT.26.2-ACT.26.3	4
26:26	ACT.2.1-ACT.2.12	3
26:26	ISA.30.20	2
26:26	MAT.27.29-MAT.27.54	2
26:26	ACT.4.16-ACT.4.21	2
26:26	ACT.5.18-ACT.5.42	2
26:26	ACT.25.22	2
26:26	MAT.26.5	1
26:27	ACT.26.22-ACT.26.23	2
26:28	MAT.10.18	4
26:28	ACT.11.26	4
26:28	EZK.33.31	3
26:28	MRK.10.17-MRK.10.22	3
26:28	ACT.24.25	3
26:28	ACT.26.29	3
26:28	2CO.4.2	3
26:28	JAS.1.23-JAS.1.24	3
26:28	1PE.4.16	3
26:28	MRK.6.20	2
26:29	EPH.6.20	4
26:29	ACT.21.33	3
26:29	ROM.10.1	3
26:29	COL.1.28	3
26:29	EXO.16.3	2
26:29	NUM.11.29	2
26:29	2SA.18.33	2
26:29	2KI.5.3	2
26:29	JER.13.17	2
26:29	LUK.19.41-LUK.19.42	2
26:29	JHN.5.34	2
26:29	ACT.12.6	2
26:29	ACT.25.14	2
26:29	ROM.9.1-ROM.9.3	2
26:29	1CO.4.8	2
26:29	1CO.7.7	2
26:29	2CO.11.1	2
26:30	ACT.18.15	2
26:30	ACT.25.23	2
26:30	ACT.28.22	2
26:31	ACT.23.29	5
26:31	ACT.23.9	4
26:31	ACT.28.18	3
26:31	2SA.24.17	2
26:31	LUK.23.4	2
26:31	LUK.23.14-LUK.23.15	2
26:31	ACT.25.25	2
26:31	1PE.3.16	2
26:31	1PE.4.14-1PE.4.16	2
26:32	ACT.28.18	5
26:32	ACT.25.11-ACT.25.12	3
26:32	ACT.25.25	2
27:1	ACT.25.25	9
27:1	ACT.10.1	5
27:1	ACT.25.12	5
27:1	ACT.18.2	4
27:1	ACT.27.11	4
27:1	HEB.13.24	3
27:1	GEN.50.20	2
27:1	PSA.33.11	2
27:1	PSA.76.10	2
27:1	PRO.19.21	2
27:1	LAM.3.27	2
27:1	DAN.4.35	2
27:1	MAT.8.5-MAT.8.10	2
27:1	MAT.27.54	2
27:1	LUK.7.2	2
27:1	LUK.23.47	2
27:1	ACT.16.10	2
27:1	ACT.19.21	2
27:1	ACT.21.32	2
27:1	ACT.22.26	2
27:1	ACT.23.11	2
27:1	ACT.23.17	2
27:1	ACT.24.23	2
27:1	ACT.27.6	2
27:1	ACT.27.43	2
27:1	ACT.28.16	2
27:1	ROM.15.22-ROM.15.29	2
27:1	ACT.10.22	1
27:2	ACT.19.29	4
27:2	COL.4.10	3
27:2	PHM.1.24	3
27:2	LUK.8.22	2
27:2	ACT.2.9	2
27:2	ACT.16.9-ACT.16.13	2
27:2	ACT.16.17	2
27:2	ACT.17.1	2
27:2	ACT.19.19	2
27:2	ACT.20.4-ACT.20.5	2
27:2	ACT.20.15-ACT.20.16	2
27:2	ACT.21.1-ACT.21.3	2
27:2	ACT.21.5	2
27:2	ACT.28.2	2
27:2	ACT.28.10	2
27:2	ACT.28.12	2
27:2	ACT.28.16	2
27:3	ACT.24.23	6
27:3	ACT.28.16	4
27:3	ACT.27.43	3
27:3	GEN.10.15	2
27:3	GEN.49.13	2
27:3	ISA.23.2-ISA.23.4	2
27:3	ISA.23.12	2
27:3	ZEC.9.2	2
27:3	MAT.11.21	2
27:3	ACT.12.20	2
27:3	ACT.27.1	2
27:4	ACT.4.36	3
27:4	MAT.14.24	2
27:4	MRK.6.48	2
27:4	ACT.11.19-ACT.11.20	2
27:4	ACT.13.4	2
27:4	ACT.15.39	2
27:4	ACT.21.3	2
27:4	ACT.21.16	2
27:4	ACT.27.7	2
27:5	ACT.6.9	4
27:5	ACT.13.13	3
27:5	ACT.2.10	2
27:5	ACT.15.23	2
27:5	ACT.15.38	2
27:5	ACT.15.41	2
27:5	ACT.21.39	2
27:5	ACT.22.3	2
27:5	GAL.1.21	2
27:6	ACT.28.11	5
27:6	ACT.6.9	2
27:6	ACT.18.24	2
27:6	ACT.27.1	2
27:7	ACT.27.21	4
27:7	ACT.2.11	3
27:7	ACT.27.12-ACT.27.13	3
27:7	TIT.1.5	3
27:7	TIT.1.12	3
27:7	ACT.27.4	2
27:9	LEV.23.27-LEV.23.29	6
27:9	NUM.29.7	6
27:9	LEV.16.29-LEV.16.31	4
27:10	DAN.2.30	4
27:10	AMO.3.7	4
27:10	ACT.27.20-ACT.27.26	4
27:10	ACT.27.41-ACT.27.44	4
27:10	PSA.25.14	3
27:10	GEN.41.16-GEN.41.25	2
27:10	GEN.41.38-GEN.41.39	2
27:10	2KI.6.9-2KI.6.10	2
27:10	ACT.27.34	2
27:10	ACT.27.31	1
27:10	1PE.4.18	1
27:11	EZK.33.4	6
27:11	EZK.3.17-EZK.3.18	5
27:11	HEB.11.7	5
27:11	PRO.27.12	4
27:11	ACT.27.21	4
27:11	EXO.9.20-EXO.9.21	3
27:11	2KI.6.10	3
27:11	REV.18.17	3
27:12	PSA.107.30	2
27:12	ACT.27.8	2
27:13	JOB.37.17	2
27:13	PSA.78.26	2
27:13	SNG.4.16	2
27:13	LUK.12.55	2
27:14	MRK.4.37	6
27:14	PSA.107.25-PSA.107.27	2
27:14	EXO.14.21-EXO.14.27	1
27:14	EZK.27.26	1
27:14	JON.1.3-JON.1.5	1
27:14	MAT.8.24	1
27:15	ACT.27.27	2
27:15	JAS.3.4	2
27:17	ACT.27.29	4
27:17	ACT.27.26	3
27:17	ACT.27.41	3
27:18	JON.1.5	6
27:18	ACT.27.38	5
27:18	MAT.16.26	4
27:18	HEB.12.1	4
27:18	ACT.27.19	3
27:18	LUK.16.8	2
27:18	PHP.3.7-PHP.3.8	2
27:18	PSA.107.27	1
27:19	JOB.2.4	3
27:19	JON.1.5	2
27:19	MRK.8.35-MRK.8.37	2
27:19	LUK.9.24-LUK.9.25	2
27:20	MAT.8.24-MAT.8.25	5
27:20	MAT.24.29	5
27:20	EXO.10.21-EXO.10.23	4
27:20	ISA.57.10	4
27:20	JER.2.25	4
27:20	EZK.37.11	4
27:20	EPH.2.12	4
27:20	1TH.4.13	4
27:20	JON.1.4	3
27:20	JON.1.11-JON.1.14	3
27:20	2CO.11.25	3
27:20	PSA.105.28	2
27:20	PSA.107.25-PSA.107.27	2
27:21	GEN.42.22	3
27:21	PSA.107.5-PSA.107.6	3
27:21	ACT.27.7	2
27:21	ACT.27.9-ACT.27.10	2
27:21	ACT.27.33-ACT.27.35	2
27:22	ACT.27.25	7
27:22	ACT.27.36	7
27:22	ISA.43.1-ISA.43.2	6
27:22	PSA.112.7	5
27:22	ACT.27.34	5
27:22	2CO.4.8-2CO.4.9	5
27:22	1SA.30.6	4
27:22	ACT.27.44	3
27:22	EZR.10.2	2
27:22	JOB.2.4	2
27:22	JOB.22.29-JOB.22.30	2
27:22	ACT.23.11	2
27:22	ACT.27.31	2
27:22	2CO.1.4-2CO.1.6	2
27:23	ACT.23.11	10
27:23	ACT.5.19	7
27:23	ROM.1.9	7
27:23	2TI.4.17	7
27:23	HEB.1.14	6
27:23	ISA.44.21	5
27:23	ACT.12.8-ACT.12.11	5
27:23	ACT.18.9	5
27:23	DAN.6.16	4
27:23	DAN.6.22	4
27:23	ACT.8.26	4
27:23	TIT.2.14	4
27:23	EXO.19.5	3
27:23	DEU.32.9	3
27:23	PSA.116.16	3
27:23	PSA.135.4	3
27:23	PSA.143.12	3
27:23	SNG.2.16	3
27:23	SNG.6.3	3
27:23	ISA.44.5	3
27:23	JER.31.33	3
27:23	JER.32.38	3
27:23	EZK.36.38	3
27:23	DAN.3.17	3
27:23	DAN.3.26	3
27:23	DAN.3.28	3
27:23	DAN.6.20	3
27:23	ZEC.13.9	3
27:23	MAL.3.17	3
27:23	JHN.12.26	3
27:23	JHN.17.9-JHN.17.10	3
27:23	ACT.12.23	3
27:23	ACT.16.17	3
27:23	ROM.1.1	3
27:23	ROM.6.22	3
27:23	1CO.6.20	3
27:23	2TI.1.3	3
27:23	2TI.2.24	3
27:23	TIT.1.1	3
27:23	1PE.2.9-1PE.2.10	3
27:23	REV.22.16	3
27:24	ACT.23.11	11
27:24	2TI.4.16-2TI.4.17	9
27:24	MAT.10.28	8
27:24	GEN.19.29	6
27:24	ACT.9.15	6
27:24	JAS.5.16	6
27:24	GEN.12.2	5
27:24	GEN.15.1	5
27:24	2KI.6.16	5
27:24	ISA.43.1-ISA.43.5	5
27:24	ACT.27.37	5
27:24	REV.1.17	5
27:24	GEN.18.23-GEN.18.32	4
27:24	ACT.18.9-ACT.18.10	4
27:24	ACT.27.44	4
27:24	REV.11.5-REV.11.7	4
27:24	GEN.19.21-GEN.19.22	3
27:24	GEN.30.27	3
27:24	GEN.39.5	3
27:24	GEN.39.23	3
27:24	GEN.46.3	3
27:24	1KI.17.13	3
27:24	ISA.41.10-ISA.41.14	3
27:24	ISA.58.11-ISA.58.12	3
27:24	MIC.5.7	3
27:24	MAT.10.18	3
27:24	JHN.11.9	3
27:24	ACT.19.21	3
27:24	ACT.25.11	3
27:25	ROM.4.20-ROM.4.21	15
27:25	LUK.1.45	9
27:25	NUM.23.19	7
27:25	2TI.1.12	7
27:25	2CH.20.20	5
27:25	ACT.27.11	5
27:25	ACT.27.21-ACT.27.22	5
27:25	ACT.27.36	2
27:26	ACT.28.1	5
27:26	ACT.27.17	3
27:26	ACT.27.29	2
27:27	1KI.9.27	2
27:27	JON.1.6	2
27:27	ACT.27.30	2
27:27	REV.18.17	2
27:29	ACT.27.17	4
27:29	HEB.6.19	3
27:29	DEU.28.67	2
27:29	PSA.130.6	2
27:29	ACT.27.26	2
27:29	ACT.27.30	2
27:29	ACT.27.40-ACT.27.41	2
27:30	ACT.27.16	5
27:30	ACT.27.32	2
27:31	2TH.2.13-2TH.2.14	6
27:31	PSA.91.11-PSA.91.12	5
27:31	JER.29.11-JER.29.13	5
27:31	ACT.27.21-ACT.27.24	3
27:31	EZK.36.36-EZK.36.37	2
27:31	LUK.1.34-LUK.1.35	2
27:31	LUK.4.9-LUK.4.12	2
27:31	JHN.6.37	2
27:31	ACT.27.11	2
27:31	ACT.27.42-ACT.27.43	2
27:32	PHP.3.7-PHP.3.9	4
27:32	LUK.16.8	3
27:34	MAT.10.30	7
27:34	1KI.1.52	6
27:34	LUK.21.18	5
27:34	MRK.8.2-MRK.8.3	4
27:34	LUK.12.7	3
27:34	1TI.5.23	3
27:34	MAT.15.32	2
27:34	PHP.2.5	2
27:35	MAT.15.36	5
27:35	1CO.10.30-1CO.10.31	3
27:35	1TI.4.3-1TI.4.4	3
27:35	2TI.1.8	3
27:35	2TI.1.12	3
27:35	1SA.9.13	2
27:35	PSA.119.46	2
27:35	MAT.14.19	2
27:35	MRK.8.6	2
27:35	LUK.24.30	2
27:35	JHN.6.11	2
27:35	JHN.6.23	2
27:35	ACT.2.46-ACT.2.47	2
27:35	ROM.1.16	2
27:35	ROM.14.6	2
27:35	1PE.4.16	2
27:36	2CO.1.4-2CO.1.6	4
27:36	PSA.27.14	3
27:36	ACT.27.22	3
27:36	ACT.27.25	2
27:37	ACT.2.41	4
27:37	ACT.7.14	3
27:37	ROM.13.1	3
27:37	1PE.3.20	3
27:38	JON.1.5	4
27:38	MAT.6.25	4
27:38	MAT.16.26	3
27:38	ACT.27.18-ACT.27.19	3
27:38	JOB.2.4	2
27:38	HEB.12.1	2
27:39	ACT.28.1	3
27:40	ISA.33.23	1
27:40	ACT.27.29-ACT.27.30	1
27:41	EZK.27.26	3
27:41	2CO.11.25-2CO.11.26	3
27:41	1KI.22.48	2
27:41	2CH.20.37	2
27:41	EZK.27.34	2
27:41	ACT.27.17	2
27:41	ACT.27.26-ACT.27.29	2
27:42	PSA.74.20	2
27:42	PRO.12.10	2
27:42	ECC.9.3	2
27:42	MRK.15.15-MRK.15.20	2
27:42	LUK.23.40-LUK.23.41	2
27:42	ACT.12.19	2
27:43	ACT.27.3	4
27:43	PRO.16.7	3
27:43	ACT.23.10	2
27:43	ACT.23.24	2
27:43	ACT.27.11	2
27:43	2CO.11.25	2
27:43	ACT.27.31	1
27:44	ACT.27.22	6
27:44	PSA.107.28-PSA.107.30	5
27:44	JHN.6.39-JHN.6.40	4
27:44	ACT.27.24	4
27:44	AMO.9.9	3
27:44	ACT.27.31	3
27:44	2CO.1.8-2CO.1.10	3
27:44	1PE.4.18	3
28:1	ACT.27.26	6
28:1	ACT.27.44	4
28:1	ACT.27.39	3
28:1	ACT.16.10	1
28:2	ROM.1.14	5
28:2	COL.3.11	5
28:2	HEB.13.2	5
28:2	ACT.28.4	4
28:2	2CO.11.27	4
28:2	PRO.24.11-PRO.24.12	3
28:2	MAT.10.42	3
28:2	1CO.14.11	3
28:2	LEV.19.34	2
28:2	ACT.27.3	2
28:2	LEV.19.18	1
28:2	EZR.10.9	1
28:2	LUK.10.30-LUK.10.37	1
28:2	JHN.18.18	1
28:2	ROM.2.14-ROM.2.15	1
28:2	ROM.2.27	1
28:3	MAT.23.33	5
28:3	MAT.12.34	3
28:3	ACT.28.4	2
28:3	2CO.11.23	2
28:3	JOB.20.16	1
28:3	ISA.30.6	1
28:3	ISA.41.24	1
28:3	ISA.59.5	1
28:3	MAT.3.7	1
28:3	2CO.6.9	1
28:3	AMO.5.19	0
28:4	LUK.13.2	7
28:4	LUK.13.4	5
28:4	JHN.7.24	3
28:4	ACT.28.2	3
28:4	ACT.28.5	3
28:4	ISA.43.20	2
28:4	MAT.23.35	2
28:4	JHN.9.1-JHN.9.2	2
28:4	GEN.3.1	1
28:4	GEN.4.8-GEN.4.11	1
28:4	GEN.9.5-GEN.9.6	1
28:4	GEN.42.21-GEN.42.22	1
28:4	NUM.35.31-NUM.35.34	1
28:4	PRO.28.17	1
28:4	ISA.26.21	1
28:4	ZEP.2.15	1
28:4	MAT.27.25	1
28:4	REV.21.8	1
28:5	LUK.10.19	18
28:5	MRK.16.18	10
28:5	PSA.91.13	8
28:5	NUM.21.6-NUM.21.9	3
28:5	REV.9.3-REV.9.4	3
28:5	JHN.3.14-JHN.3.15	2
28:5	ROM.16.20	1
28:6	ACT.12.22	3
28:6	MAT.21.9	1
28:6	ACT.14.11-ACT.14.13	1
28:6	MAT.27.22	0
28:7	MAT.10.40-MAT.10.41	3
28:7	LUK.19.6-LUK.19.9	2
28:7	ACT.13.7	2
28:7	ACT.18.12	2
28:7	ACT.23.24	2
28:7	ACT.28.2	2
28:8	ACT.9.40	10
28:8	MRK.6.5	7
28:8	MAT.9.18	5
28:8	JAS.5.14-JAS.5.16	5
28:8	MAT.10.8	4
28:8	MRK.16.18	4
28:8	MAT.10.1	3
28:8	LUK.13.13	3
28:8	ACT.19.11-ACT.19.12	3
28:8	1CO.12.9	3
28:8	1CO.12.28	3
28:8	LUK.4.40	2
28:8	LUK.9.1-LUK.9.3	2
28:8	LUK.10.8-LUK.10.9	2
28:8	1KI.17.20-1KI.17.22	1
28:8	MRK.1.30-MRK.1.31	1
28:8	MRK.5.23	1
28:8	MRK.7.32	1
28:8	ACT.9.17-ACT.9.18	1
28:9	MAT.4.24	3
28:9	MRK.6.54-MRK.6.56	3
28:9	ACT.5.12	3
28:9	ACT.5.15	3
28:10	1TH.2.6	4
28:10	MAT.6.31-MAT.6.34	3
28:10	PHP.4.11-PHP.4.12	3
28:10	PHP.4.19	3
28:10	2KI.8.9	2
28:10	EZR.7.27	2
28:10	MAT.10.8-MAT.10.10	2
28:10	MAT.15.5-MAT.15.6	2
28:10	2CO.8.2-2CO.8.6	2
28:10	2CO.9.5-2CO.9.11	2
28:10	1TI.5.3-1TI.5.4	2
28:10	1TI.5.17-1TI.5.18	2
28:11	ACT.27.6	6
28:11	ISA.45.20	2
28:11	1CO.8.4	2
28:11	JON.1.5	1
28:11	JON.1.16	1
28:11	ACT.6.9	1
28:13	ACT.27.13	2
28:14	GEN.7.4	2
28:14	GEN.8.10-GEN.8.12	2
28:14	ACT.19.1	2
28:14	ACT.20.6	2
28:14	ACT.21.4	2
28:14	ACT.21.7-ACT.21.8	2
28:14	PSA.119.63	1
28:14	MAT.10.11	1
28:14	JHN.21.23	1
28:14	ACT.9.42-ACT.9.43	1
28:15	HEB.13.3	5
28:15	ROM.15.24	3
28:15	EXO.4.14	2
28:15	JOS.1.6-JOS.1.7	2
28:15	JOS.1.9	2
28:15	1SA.30.6	2
28:15	PSA.27.14	2
28:15	JHN.12.13	2
28:15	ACT.10.25	2
28:15	ACT.21.5	2
28:15	1CO.12.21-1CO.12.22	2
28:15	GAL.4.14	2
28:15	3JN.1.6-3JN.1.8	2
28:15	2CO.2.14	1
28:15	2CO.7.5-2CO.7.7	1
28:15	1TH.3.7	1
28:16	ACT.27.3	6
28:16	ACT.24.23	5
28:16	ACT.28.30-ACT.28.31	3
28:16	ROM.1.7-ROM.1.15	3
28:16	GEN.37.36	2
28:16	GEN.39.21-GEN.39.23	2
28:16	2KI.25.8	2
28:16	JER.40.2	2
28:16	ACT.2.10	2
28:16	ACT.18.2	2
28:16	ACT.19.21	2
28:16	ACT.23.11	2
28:16	ACT.27.31	2
28:16	ACT.27.43	2
28:16	ROM.15.22-ROM.15.29	2
28:16	REV.17.9	2
28:16	REV.17.18	2
28:17	ACT.25.8	6
28:17	ACT.6.14	4
28:17	ACT.25.10	3
28:17	ACT.21.33-ACT.21.40	2
28:17	ACT.22.5	2
28:17	ACT.24.10-ACT.24.16	2
28:17	GEN.40.15	1
28:17	ACT.23.1-ACT.23.11	1
28:17	ACT.25.2	1
28:17	ACT.23.33	0
28:18	ACT.26.31-ACT.26.32	5
28:18	ACT.23.29	4
28:18	ACT.22.24-ACT.22.25	3
28:18	ACT.22.30	2
28:18	ACT.24.10	2
28:18	ACT.24.22	2
28:18	ACT.25.7-ACT.25.8	2
28:19	ACT.26.32	4
28:19	ACT.25.10-ACT.25.12	3
28:19	ACT.25.21	3
28:19	ACT.25.25	3
28:19	1PE.2.22-1PE.2.23	2
28:19	ROM.12.19-ROM.12.21	0
28:20	ACT.26.6-ACT.26.7	6
28:20	EPH.6.20	6
28:20	2TI.2.9	6
28:20	ACT.26.29	4
28:20	PHP.1.13	4
28:20	ACT.21.33	3
28:20	ACT.23.6	3
28:20	ACT.24.15	3
28:20	EPH.3.1	3
28:20	EPH.4.1	3
28:20	ACT.10.33	2
28:20	PHM.1.10	2
28:20	ACT.10.29	1
28:20	ACT.28.17	1
28:20	COL.4.18	1
28:20	2TI.1.10	1
28:20	PHM.1.13	1
28:21	ISA.41.11	3
28:21	ISA.50.8	3
28:21	ISA.54.17	3
28:21	ACT.22.5	2
28:21	EXO.11.7	1
28:22	ACT.24.14	5
28:22	1PE.2.12	5
28:22	1PE.3.16	4
28:22	ACT.16.20-ACT.16.21	3
28:22	ACT.17.6-ACT.17.7	3
28:22	ACT.24.5-ACT.24.6	3
28:22	1PE.4.14-1PE.4.16	3
28:22	LUK.2.34	2
28:22	ACT.5.17	2
28:22	ACT.15.5	2
28:22	ACT.26.5	2
28:22	1CO.11.19	2
28:23	ACT.17.2-ACT.17.3	5
28:23	ACT.19.8	5
28:23	ACT.18.28	4
28:23	LUK.24.26-LUK.24.27	3
28:23	ACT.26.22-ACT.26.23	3
28:23	LUK.24.44	2
28:23	ACT.8.35	2
28:23	ACT.26.6	2
28:23	JHN.4.34	1
28:23	ACT.18.4	1
28:23	ACT.20.9-ACT.20.11	1
28:24	ACT.14.4	7
28:24	ACT.17.4-ACT.17.5	4
28:24	ACT.19.8-ACT.19.9	3
28:24	ACT.18.6-ACT.18.8	2
28:24	ROM.3.3	2
28:24	ACT.13.48-ACT.13.50	1
28:24	ROM.11.4-ROM.11.6	1
28:25	MAT.15.7	6
28:25	MRK.7.6	5
28:25	2PE.1.21	5
28:26	ISA.6.9-ISA.6.10	35
28:26	EZK.12.2	18
28:26	ISA.42.19-ISA.42.20	13
28:26	MAT.13.14-MAT.13.15	12
28:26	MRK.4.12	10
28:26	LUK.24.45	7
28:26	2CO.4.4-2CO.4.6	7
28:26	JHN.12.38-JHN.12.40	6
28:26	ROM.11.8-ROM.11.10	6
28:26	JER.5.21	5
28:26	LUK.8.10	5
28:26	LUK.24.25	5
28:26	DEU.29.4	4
28:26	PSA.81.11-PSA.81.12	4
28:26	ISA.29.10	4
28:26	ISA.29.14	4
28:26	ISA.66.4	4
28:26	EZK.3.6-EZK.3.7	4
28:26	MRK.8.17-MRK.8.18	4
28:27	ISA.6.10	18
28:28	LUK.2.30-LUK.2.32	11
28:28	ACT.26.17-ACT.26.18	10
28:28	ROM.3.29-ROM.3.30	8
28:28	LUK.3.6	7
28:28	ROM.15.8-ROM.15.16	7
28:28	ACT.11.18	6
28:28	ACT.13.46-ACT.13.47	6
28:28	ACT.14.27	6
28:28	ACT.15.14	6
28:28	ACT.15.17	6
28:28	ACT.18.6	6
28:28	ACT.22.21	6
28:28	ISA.52.10	5
28:28	PSA.98.2-PSA.98.3	4
28:28	ISA.49.6	4
28:28	MAT.21.41-MAT.21.43	4
28:28	ACT.13.26	4
28:28	ROM.4.11	4
28:28	ROM.11.11	4
28:28	LAM.3.26	3
28:28	EZK.36.32	3
28:28	ACT.2.14	3
28:28	ACT.13.38	3
28:28	ACT.4.10	2
28:31	ACT.4.29	10
28:31	EPH.6.19-EPH.6.20	10
28:31	MAT.4.23	8
28:31	ACT.28.23	8
28:31	ACT.8.12	7
28:31	ACT.20.25	7
28:31	PHP.1.14	7
28:31	2TI.4.17	7
28:31	ACT.4.31	6
28:31	ACT.5.42	5
28:31	LUK.8.1	4
28:31	ACT.23.11	4
28:31	2TI.2.9	4
28:31	MRK.1.14	3
28:31	COL.4.3-COL.4.4	3
