# chapter:verse	to	votes (most first)
1:1	1SA.25.1	4
1:1	JOS.22.7	3
1:1	GEN.21.21	2
1:1	NUM.10.12	2
1:1	NUM.11.35	2
1:1	NUM.12.16	2
1:1	NUM.13.3	2
1:1	NUM.32.5	2
1:1	NUM.32.19	2
1:1	NUM.32.32	2
1:1	NUM.33.17-NUM.33.18	2
1:1	NUM.34.15	2
1:1	NUM.35.14	2
1:1	DEU.33.2	2
1:1	JOS.9.1	2
1:1	JOS.9.10	2
1:1	JOS.22.4	2
1:1	NUM.13.26	1
1:1	HAB.3.3	0
1:2	NUM.13.26	4
1:2	NUM.32.8	4
1:2	DEU.9.23	3
1:2	EXO.3.1	2
1:2	LEV.2.14	2
1:2	LEV.9.23	2
1:2	NUM.20.17-NUM.20.21	2
1:2	DEU.1.44	2
1:2	DEU.2.4	2
1:2	DEU.2.8	2
1:2	JOS.14.6	2
1:3	NUM.33.38	7
1:3	NUM.20.1	4
1:3	DEU.4.1-DEU.4.2	4
1:4	NUM.21.21-NUM.21.35	5
1:4	DEU.2.26-DEU.3.11	3
1:4	JOS.12.2-JOS.12.6	3
1:4	JOS.13.10-JOS.13.12	3
1:4	NEH.9.22	3
1:4	PSA.135.11	2
1:4	PSA.136.19-PSA.136.20	2
1:5	DEU.4.8	2
1:5	DEU.17.18-DEU.17.19	2
1:5	DEU.31.9	2
1:5	DEU.32.46	2
1:6	EXO.3.1	11
1:6	NUM.10.11-NUM.10.13	4
1:6	EXO.17.6	3
1:6	EXO.19.1-EXO.19.2	3
1:6	DEU.5.2	3
1:7	DEU.11.24	9
1:7	JOS.10.40	6
1:7	AMO.2.9	4
1:7	JOS.24.15	3
1:7	2SA.8.3	3
1:7	1CH.5.9	3
1:7	1CH.18.3	3
1:7	GEN.15.16-GEN.15.21	2
1:7	EXO.23.31	2
1:7	NUM.34.3-NUM.34.12	2
1:7	DEU.11.11	2
1:7	JOS.1.4	2
1:7	JOS.11.16-JOS.11.17	2
1:8	GEN.15.18	9
1:8	GEN.12.7	8
1:8	GEN.26.3-GEN.26.4	6
1:8	GEN.13.14-GEN.13.15	5
1:8	GEN.17.7-GEN.17.8	5
1:8	GEN.28.13-GEN.28.14	4
1:8	GEN.22.16-GEN.22.18	3
1:8	GEN.15.16	1
1:9	EXO.18.18	9
1:9	NUM.11.17	3
1:9	NUM.11.11-NUM.11.14	2
1:10	GEN.15.5	6
1:10	GEN.22.17	6
1:10	EXO.32.13	6
1:10	DEU.10.22	6
1:10	DEU.28.62	5
1:10	GEN.28.14	3
1:10	EXO.12.37	3
1:10	NUM.1.46	3
1:10	NEH.9.23	3
1:10	1CH.27.23	2
1:11	PSA.115.14	16
1:11	GEN.22.17	14
1:11	NUM.6.27	11
1:11	GEN.26.4	9
1:11	GEN.15.5	8
1:11	GEN.49.25	8
1:11	2SA.24.3	8
1:11	EXO.32.13	7
1:11	NUM.22.12	7
1:11	1CH.21.3	4
1:12	2CO.3.5	6
1:12	NUM.11.11-NUM.11.15	3
1:12	DEU.1.9	3
1:12	1KI.3.7-1KI.3.9	3
1:12	PSA.89.19	3
1:12	2CO.2.16	3
1:12	EXO.18.13-EXO.18.16	2
1:13	EXO.18.21	10
1:13	NUM.11.16-NUM.11.17	4
1:13	ACT.1.21-ACT.1.23	4
1:13	ACT.6.2-ACT.6.6	3
1:15	EXO.18.25-EXO.18.26	4
1:15	DEU.16.18	4
1:15	EPH.4.11	3
1:15	NUM.31.14	2
1:15	1SA.8.12	2
1:15	1SA.17.18	2
1:15	1SA.22.7	2
1:16	JHN.7.24	6
1:16	EXO.22.21	3
1:16	EXO.23.2-EXO.23.3	3
1:16	EXO.23.7-EXO.23.9	3
1:16	LEV.24.22	3
1:16	DEU.16.18-DEU.16.19	3
1:16	2CH.19.6-2CH.19.10	3
1:16	1TI.5.21	3
1:16	LEV.19.15	2
1:16	NUM.27.19	2
1:16	DEU.24.14	2
1:16	DEU.27.11	2
1:16	DEU.31.14	2
1:16	2SA.23.3	2
1:16	PSA.58.1	2
1:16	1TI.6.17	2
1:16	DEU.10.18-DEU.10.19	1
1:16	1TH.2.11	1
1:17	DEU.16.19	10
1:17	EXO.18.26	9
1:17	JAS.2.9	9
1:17	LEV.19.15	8
1:17	2CH.19.6	8
1:17	PRO.24.23	8
1:17	EXO.18.22	6
1:17	JAS.2.1-JAS.2.5	5
1:17	1PE.1.17	5
1:17	EXO.23.6-EXO.23.7	4
1:17	DEU.10.17	4
1:17	1SA.16.7	4
1:17	2SA.14.14	4
1:17	PRO.22.22-PRO.22.23	4
1:17	PRO.29.25	4
1:17	1TH.2.4	4
1:17	EXO.23.2-EXO.23.3	3
1:17	MAT.22.16	3
1:17	MRK.12.14	3
1:17	LUK.20.21	3
1:17	ROM.2.11	3
1:17	EPH.6.9	3
1:17	COL.3.25	3
1:17	EXO.18.18	2
1:17	DEU.17.8-DEU.17.10	2
1:17	DEU.24.17	2
1:17	1SA.12.3-1SA.12.4	2
1:17	1KI.21.8-1KI.21.14	2
1:17	JOB.22.6-JOB.22.9	2
1:17	JOB.29.11-JOB.29.17	2
1:17	JOB.31.13-JOB.31.16	2
1:17	JOB.31.34	2
1:17	PSA.82.3-PSA.82.4	2
1:17	JER.1.17	2
1:17	JER.5.28-JER.5.29	2
1:17	AMO.5.11-AMO.5.12	2
1:17	MIC.2.1-MIC.2.3	2
1:17	MIC.3.1-MIC.3.4	2
1:17	MIC.7.3-MIC.7.4	2
1:17	ACT.10.34-ACT.10.35	2
1:18	DEU.4.5	2
1:18	DEU.4.40	2
1:18	DEU.12.28	2
1:18	DEU.12.32	2
1:18	MAT.28.20	2
1:18	ACT.20.20	2
1:18	ACT.20.27	2
1:19	DEU.1.2	6
1:19	DEU.8.15	6
1:19	JER.2.6	5
1:19	NUM.13.26	4
1:19	DEU.32.10	4
1:19	NUM.10.12	3
1:20	DEU.1.7-DEU.1.8	3
1:21	JOS.1.9	9
1:21	NUM.14.8-NUM.14.9	4
1:21	PSA.46.1	4
1:21	HEB.13.6	4
1:21	NUM.13.30	3
1:21	DEU.20.1	2
1:21	JOS.1.6	2
1:21	PSA.27.1-PSA.27.3	2
1:21	PSA.46.7	2
1:21	PSA.46.11	2
1:21	ISA.41.10	2
1:21	ISA.43.1-ISA.43.2	2
1:21	LUK.12.32	2
1:22	NUM.13.1-NUM.13.20	3
1:23	NUM.13.3-NUM.13.33	4
1:24	NUM.13.21-NUM.13.27	3
1:24	JOS.2.1-JOS.2.2	2
1:26	NUM.14.1-NUM.14.4	5
1:26	PSA.106.24-PSA.106.25	3
1:26	ACT.7.51	3
1:26	ISA.63.10	2
1:27	DEU.9.28	7
1:27	NUM.14.3	4
1:27	PSA.106.25	4
1:27	EXO.16.3	3
1:27	EXO.16.8	3
1:27	NUM.21.5	3
1:27	MAT.25.24	3
1:27	LUK.19.21	3
1:28	NUM.13.28-NUM.13.33	4
1:28	DEU.9.1-DEU.9.2	4
1:28	JOS.11.22	3
1:28	JOS.14.8	3
1:28	JOS.15.14	3
1:28	JDG.1.20	3
1:28	2SA.21.16-2SA.21.22	3
1:28	EXO.15.15	2
1:28	DEU.20.8	2
1:28	JOS.2.9	2
1:28	JOS.2.11	2
1:28	JOS.2.24	2
1:28	JDG.1.10	2
1:28	ISA.13.7	2
1:28	EZK.21.7	2
1:30	EXO.14.14	14
1:30	NEH.4.20	12
1:30	ROM.8.37	9
1:30	ROM.8.31	8
1:30	DEU.3.22	7
1:30	JOS.10.42	7
1:30	1SA.17.45-1SA.17.46	6
1:30	PSA.46.11	6
1:30	2CH.14.11-2CH.14.12	5
1:30	ISA.8.9-ISA.8.10	5
1:30	DEU.20.1-DEU.20.4	4
1:30	2CH.32.8	4
1:30	EXO.14.25	2
1:30	EXO.7.1-EXO.7.25	0
1:30	EXO.15.1-EXO.15.27	0
1:30	PSA.78.11-PSA.78.13	0
1:30	PSA.105.27-PSA.105.36	0
1:31	ISA.46.3-ISA.46.4	14
1:31	ACT.13.18	11
1:31	DEU.32.10-DEU.32.12	10
1:31	ISA.63.9	10
1:31	HOS.11.3-HOS.11.4	10
1:31	EXO.19.4	9
1:31	ISA.40.11	8
1:31	NUM.11.14	6
1:31	EXO.16.1-EXO.16.17	5
1:31	PSA.105.39-PSA.105.41	5
1:31	NEH.9.12-NEH.9.23	4
1:31	PSA.78.14-PSA.78.28	4
1:31	NUM.11.11-NUM.11.12	3
1:32	PSA.106.24	8
1:32	JUD.1.5	7
1:32	HEB.3.18-HEB.3.19	5
1:32	PSA.78.22	3
1:32	HEB.3.12	3
1:32	2CH.20.20	2
1:32	ISA.7.9	2
1:33	NUM.10.33	7
1:33	PSA.78.14	6
1:33	EZK.20.6	5
1:33	EXO.13.21-EXO.13.22	4
1:33	NUM.9.15-NUM.9.22	4
1:33	NEH.9.12	4
1:33	EXO.14.19-EXO.14.20	3
1:33	NUM.10.11-NUM.10.12	3
1:33	NUM.14.14	3
1:33	PSA.105.39	3
1:33	ISA.4.5-ISA.4.6	3
1:33	ZEC.2.5	3
1:33	EXO.40.34-EXO.40.38	2
1:33	EXO.14.24	1
1:33	PSA.77.20	1
1:34	NUM.14.22-NUM.14.30	3
1:34	HEB.3.8-HEB.3.11	3
1:34	NUM.32.8-NUM.32.13	2
1:34	DEU.2.14-DEU.2.15	2
1:34	PSA.95.11	2
1:34	EZK.20.15	2
1:35	PSA.95.11	2
1:36	NUM.14.24	7
1:36	JOS.14.6-JOS.14.14	4
1:36	NUM.32.12	3
1:36	NUM.13.6	2
1:36	NUM.13.30	2
1:36	NUM.26.65	2
1:36	NUM.34.19	1
1:36	JDG.1.12-JDG.1.15	1
1:37	NUM.20.12	7
1:37	DEU.4.21	7
1:37	DEU.34.4	6
1:37	PSA.106.32-PSA.106.33	5
1:37	NUM.27.13-NUM.27.14	4
1:37	DEU.3.23-DEU.3.26	3
1:38	DEU.3.28	7
1:38	NUM.14.30	5
1:38	DEU.31.7-DEU.31.8	5
1:38	DEU.31.23	4
1:38	1SA.16.22	4
1:38	EXO.24.13	3
1:38	EXO.33.11	3
1:38	DEU.31.14	3
1:38	PRO.22.29	3
1:38	EXO.17.9-EXO.17.14	2
1:38	NUM.13.8	2
1:38	NUM.13.16	2
1:38	NUM.14.38	2
1:38	NUM.26.65	2
1:38	NUM.27.18-NUM.27.23	2
1:38	JOS.1.1	1
1:38	JOS.1.6-JOS.1.9	1
1:39	ISA.7.15-ISA.7.16	11
1:39	NUM.14.3	7
1:39	NUM.14.31	5
1:39	ROM.9.11	5
1:39	JON.4.11	4
1:39	EPH.2.3	2
1:40	NUM.14.25	5
1:41	NUM.14.39-NUM.14.45	3
1:41	NUM.22.34	2
1:41	PRO.19.3	2
1:42	NUM.14.41-NUM.14.43	3
1:42	JOS.7.8-JOS.7.13	3
1:42	LEV.26.17	2
1:42	1SA.4.2	2
1:42	ISA.59.1-ISA.59.2	2
1:42	HOS.9.12	2
1:42	1SA.4.10	1
1:42	ISA.30.17	1
1:43	NUM.14.44	3
1:43	ISA.63.10	2
1:43	ACT.7.51	2
1:43	ROM.8.7-ROM.8.8	2
1:44	PSA.118.12	5
1:44	NUM.14.45	4
1:44	NUM.21.3	3
1:44	ISA.7.18	3
1:44	DEU.28.25	2
1:44	DEU.32.30	2
1:45	HEB.12.17	5
1:45	PSA.78.34	2
1:46	NUM.20.1	5
1:46	NUM.20.22	4
1:46	NUM.14.25	2
1:46	NUM.14.34	2
1:46	JDG.11.16-JDG.11.17	2
2:1	NUM.21.4	6
2:1	DEU.1.40	6
2:1	NUM.14.25	4
2:1	DEU.1.2	3
2:1	JDG.11.18	3
2:3	DEU.1.6	13
2:3	DEU.2.14	6
2:3	DEU.2.7	0
2:4	NUM.20.14-NUM.20.21	4
2:4	EXO.15.15	3
2:4	DEU.23.7	3
2:4	NUM.22.3-NUM.22.4	2
2:4	OBA.1.10-OBA.1.13	2
2:4	MAT.5.16	2
2:4	LUK.12.15	2
2:4	EPH.5.15	2
2:4	PHP.2.15	2
2:4	COL.4.5	2
2:4	NUM.24.14-NUM.24.18	1
2:5	GEN.36.8	5
2:5	JOS.24.4	5
2:5	DEU.32.8	2
2:5	2CH.20.10-2CH.20.12	2
2:5	JER.27.5	2
2:5	DAN.4.25	2
2:5	DAN.4.32	2
2:5	ACT.7.5	2
2:5	ACT.17.26	2
2:6	NUM.20.19	4
2:6	DEU.2.28-DEU.2.29	4
2:6	MAT.7.12	4
2:6	ROM.12.17	4
2:6	2TH.3.7-2TH.3.8	4
2:7	DEU.8.2-DEU.8.4	16
2:7	NEH.9.21	16
2:7	LUK.22.35	16
2:7	DEU.29.5	11
2:7	PSA.90.17	9
2:7	GEN.12.2	8
2:7	GEN.24.35	8
2:7	JOB.23.10	8
2:7	PSA.31.7	8
2:7	GEN.26.12	7
2:7	GEN.30.27	6
2:7	GEN.39.5	5
2:7	PSA.1.6	5
2:7	JHN.10.27	4
2:8	1KI.9.26	5
2:8	JDG.11.18	4
2:8	2KI.16.6	4
2:8	2KI.14.22	3
2:8	NUM.20.20-NUM.20.21	2
2:8	NUM.33.35	2
2:8	DEU.1.1	2
2:9	GEN.19.36-GEN.19.37	6
2:9	NUM.21.15	5
2:9	NUM.21.28	3
2:9	NUM.22.4	2
2:9	DEU.2.5	2
2:9	DEU.2.18-DEU.2.19	2
2:9	DEU.2.29	2
2:9	JDG.11.17	2
2:9	PSA.83.8	2
2:9	2CH.20.10	1
2:10	GEN.14.5	5
2:10	NUM.13.22	2
2:10	DEU.2.11	2
2:11	GEN.14.5	2
2:11	NUM.13.22	2
2:11	NUM.13.28	2
2:11	NUM.13.33	2
2:11	DEU.1.28	2
2:11	DEU.9.2	2
2:12	DEU.2.22	7
2:12	GEN.14.6	3
2:12	GEN.36.20-GEN.36.43	2
2:12	NUM.21.21-NUM.21.35	2
2:12	DEU.2.32-DEU.3.11	2
2:12	1CH.1.38-1CH.1.54	2
2:13	NUM.21.12	3
2:13	NUM.13.23	2
2:14	NUM.14.28-NUM.14.35	5
2:14	NUM.26.64-NUM.26.65	5
2:14	DEU.1.34-DEU.1.35	4
2:14	PSA.95.11	4
2:14	EZK.20.15	4
2:14	NUM.13.26	3
2:14	DEU.1.2	3
2:14	DEU.1.19	3
2:14	PSA.106.26	3
2:14	HEB.3.8-HEB.3.19	3
2:14	NUM.32.11	2
2:14	DEU.1.46	2
2:14	PSA.90.3	2
2:14	PSA.90.9	2
2:14	1CO.10.5	2
2:14	JUD.1.5	2
2:15	PSA.106.26	3
2:15	JDG.2.15	2
2:15	1SA.5.6	2
2:15	1SA.5.9	2
2:15	1SA.5.11	2
2:15	1SA.7.13	2
2:15	PSA.32.4	2
2:15	PSA.78.33	2
2:15	PSA.90.7-PSA.90.9	2
2:15	ISA.66.14	2
2:15	1CO.10.5	2
2:18	NUM.21.23	3
2:18	NUM.21.15	2
2:18	ISA.15.1	2
2:19	DEU.2.9	6
2:19	JDG.11.13-JDG.11.27	4
2:19	GEN.19.36-GEN.19.38	3
2:19	2CH.20.10	3
2:19	DEU.2.5	2
2:20	GEN.14.5	2
2:21	DEU.1.28	2
2:21	DEU.2.10-DEU.2.11	2
2:21	DEU.2.22	2
2:21	DEU.3.11	2
2:21	JDG.11.24	2
2:21	JER.27.7-JER.27.8	2
2:21	HAB.1.10-HAB.1.11	2
2:22	GEN.36.8	4
2:22	GEN.14.6	3
2:22	GEN.36.20-GEN.36.30	3
2:22	DEU.2.12	3
2:22	1CH.1.38-1CH.1.42	2
2:23	GEN.10.14	5
2:23	JOS.13.3	5
2:23	AMO.9.7	4
2:23	JER.25.20	3
2:23	JER.47.4	3
2:23	1KI.4.24	2
2:23	ZEP.2.4	2
2:23	ZEC.9.5	2
2:23	ACT.17.26	2
2:24	JDG.11.18-JDG.11.21	5
2:24	JER.27.5	4
2:24	EZK.29.20	4
2:24	DAN.4.17	4
2:24	NUM.21.13-NUM.21.15	3
2:24	2CH.36.23	3
2:24	DAN.2.38	3
2:24	DEU.2.36	2
2:24	JOS.6.16	2
2:24	EZR.1.2	1
2:25	EXO.15.14-EXO.15.16	12
2:25	DEU.11.25	12
2:25	DEU.28.10	9
2:25	EXO.23.27	8
2:25	JOS.2.9-JOS.2.12	6
2:25	JOS.9.24	6
2:25	2KI.7.6-2KI.7.7	6
2:25	PSA.105.38	6
2:25	REV.3.9	6
2:25	JER.33.9	4
2:26	JOS.13.18	3
2:26	LUK.10.5-LUK.10.6	3
2:26	LUK.10.10-LUK.10.12	3
2:26	DEU.20.10-DEU.20.11	2
2:26	JOS.21.37	2
2:26	MAT.10.12-MAT.10.15	2
2:26	EST.9.30	1
2:27	JDG.11.19	3
2:27	NUM.21.21-NUM.21.23	2
2:27	DEU.2.6	2
2:28	NUM.20.19	5
2:29	NUM.20.18	3
2:29	DEU.23.3-DEU.23.4	3
2:29	JDG.11.17-JDG.11.18	3
2:29	EXO.20.12	2
2:29	DEU.2.9	2
2:29	DEU.4.1	2
2:29	DEU.4.21	2
2:29	DEU.4.40	2
2:29	DEU.5.16	2
2:29	DEU.9.6	2
2:29	DEU.25.15	2
2:29	JOS.1.11-JOS.1.15	2
2:30	NUM.21.23	9
2:30	EXO.4.21	8
2:30	EXO.11.10	5
2:30	JOS.11.19-JOS.11.20	5
2:30	ROM.9.17-ROM.9.23	5
2:30	JDG.11.20	3
2:30	ISA.48.4	3
2:31	DEU.1.8	3
2:31	DEU.2.24	2
2:32	NUM.21.23-NUM.21.30	3
2:32	JDG.11.20-JDG.11.23	2
2:32	NEH.9.22	2
2:32	PSA.120.7	2
2:32	PSA.135.11	2
2:32	PSA.136.19	2
2:33	DEU.7.2	4
2:33	JOS.21.44	3
2:33	GEN.14.20	2
2:33	NUM.21.24	2
2:33	DEU.3.2-DEU.3.3	2
2:33	DEU.20.16	2
2:33	DEU.29.7-DEU.29.8	2
2:33	JOS.10.30-JOS.10.42	2
2:33	JDG.1.4	2
2:33	JDG.7.2	2
2:34	DEU.7.2	5
2:34	1SA.15.3	5
2:34	DEU.3.6	4
2:34	LEV.27.28-LEV.27.29	3
2:34	NUM.21.2-NUM.21.3	3
2:34	DEU.7.26	3
2:34	DEU.20.16-DEU.20.18	3
2:34	JOS.7.11	3
2:34	JOS.8.25-JOS.8.26	3
2:34	JOS.11.14	3
2:34	1SA.15.8-1SA.15.9	3
2:34	JOS.9.24	2
2:35	NUM.31.9-NUM.31.11	2
2:35	DEU.20.14	2
2:35	JOS.8.27	2
2:36	JOS.13.9	6
2:36	DEU.3.12	5
2:36	DEU.4.48	5
2:36	PSA.44.3	4
2:36	JOS.1.5	2
2:36	JOS.12.2	2
2:36	JOS.13.16	2
2:36	ISA.17.2	2
2:36	ISA.41.15-ISA.41.16	2
2:36	JER.48.19	2
2:36	ROM.8.31	2
2:37	GEN.32.22	5
2:37	NUM.21.24	5
2:37	DEU.3.16	5
2:37	DEU.2.19	4
2:37	JOS.12.2	3
2:37	DEU.2.5	2
2:37	DEU.2.9	2
2:37	JDG.11.15	2
3:1	NUM.21.33-NUM.21.35	4
3:1	DEU.1.4	4
3:1	DEU.29.7	4
3:1	PSA.135.10-PSA.135.11	3
3:1	PSA.136.20	3
3:1	DEU.4.47	2
3:1	DEU.31.4	2
3:1	JOS.9.10	2
3:1	JOS.12.4	2
3:1	JOS.13.30	2
3:1	1KI.4.19	2
3:1	NEH.9.22	2
3:2	NUM.21.23-NUM.21.25	3
3:2	NUM.21.34	3
3:2	2CH.20.17	3
3:2	REV.2.10	3
3:2	NUM.14.9	2
3:2	DEU.2.24-DEU.2.37	2
3:2	DEU.3.11	2
3:2	DEU.20.3	2
3:2	ISA.41.10	2
3:2	ISA.43.5	2
3:2	ACT.18.9	2
3:2	ACT.27.24	2
3:3	NUM.21.35	4
3:3	DEU.2.33-DEU.2.34	2
3:3	JOS.13.12	2
3:3	JOS.13.30	2
3:4	1KI.4.13	5
3:4	NUM.32.33-NUM.32.42	2
3:4	JOS.12.4	2
3:4	JOS.13.30-JOS.13.31	2
3:5	NUM.13.28	2
3:5	DEU.1.28	2
3:5	HEB.11.30	2
3:6	DEU.2.34	7
3:6	DEU.2.24	3
3:6	PSA.135.10-PSA.135.12	3
3:6	LEV.27.28-LEV.27.29	2
3:6	NUM.21.2	2
3:6	DEU.3.2	2
3:6	DEU.20.16-DEU.20.18	2
3:6	JOS.11.14	2
3:6	PSA.136.19-PSA.136.21	2
3:7	DEU.2.35	3
3:7	JOS.8.27	2
3:7	JOS.11.11-JOS.11.14	2
3:8	JOS.12.2-JOS.12.6	3
3:8	JOS.13.9-JOS.13.12	3
3:8	NUM.32.33-NUM.32.42	2
3:9	1CH.5.23	5
3:9	PSA.29.6	5
3:9	PSA.133.3	3
3:9	SNG.4.8	3
3:9	EZK.27.5	3
3:9	DEU.4.48-DEU.4.49	2
3:9	JOS.11.17	2
3:9	PSA.89.12	2
3:10	NUM.21.33	2
3:10	DEU.4.49	2
3:10	JOS.12.4-JOS.12.5	2
3:10	JOS.13.11-JOS.13.12	2
3:10	JOS.13.31	2
3:11	GEN.14.5	5
3:11	2SA.12.26	4
3:11	JER.49.2	4
3:11	DEU.2.11	2
3:11	DEU.2.20	2
3:11	1SA.17.4	2
3:11	2SA.11.1	2
3:11	EZK.21.20	2
3:11	AMO.1.14	2
3:11	AMO.2.9	2
3:12	DEU.2.36	5
3:12	NUM.32.32-NUM.32.38	3
3:12	DEU.4.48	2
3:12	JOS.12.2-JOS.12.6	2
3:12	JOS.13.8-JOS.13.28	2
3:12	2KI.10.33	2
3:13	NUM.32.39-NUM.32.42	3
3:13	JOS.13.29-JOS.13.32	2
3:13	1CH.5.23-1CH.5.26	2
3:14	NUM.32.41	6
3:14	JOS.13.13	3
3:14	2SA.3.3	3
3:14	2SA.10.6	3
3:14	2SA.13.37	3
3:14	1CH.2.21-1CH.2.23	2
3:15	NUM.32.39-NUM.32.40	4
3:15	GEN.50.23	2
3:15	NUM.26.29	2
3:15	JOS.17.1-JOS.17.3	2
3:15	JOS.22.7	2
3:16	NUM.21.24	5
3:16	DEU.2.37	3
3:16	2SA.24.5	3
3:16	GEN.32.22	2
3:16	NUM.32.33-NUM.32.38	2
3:16	JOS.12.2-JOS.12.3	2
3:17	JOS.12.3	7
3:17	GEN.14.3	5
3:17	JOS.3.16	4
3:17	DEU.4.49	3
3:17	GEN.13.10	2
3:17	GEN.19.28-GEN.19.29	2
3:17	NUM.23.14	2
3:17	NUM.34.11-NUM.34.12	2
3:17	JOS.13.27	2
3:17	JOS.15.2	2
3:17	JOS.15.5	2
3:17	JOS.18.19	2
3:18	NUM.32.20-NUM.32.24	8
3:18	JOS.4.12-JOS.4.13	4
3:18	JOS.1.12-JOS.1.15	3
3:18	JOS.22.1-JOS.22.9	2
3:20	JOS.22.4	3
3:20	JOS.22.8	1
3:21	NUM.27.18-NUM.27.23	4
3:21	JOS.10.25	2
3:21	1SA.17.36-1SA.17.37	2
3:21	PSA.9.10	2
3:21	2CO.1.10	2
3:21	2CO.12.10	2
3:21	EPH.3.20	2
3:21	2TI.4.17-2TI.4.18	2
3:22	EXO.14.14	25
3:22	DEU.20.4	25
3:22	DEU.1.30	16
3:22	JOS.10.42	11
3:22	2CH.20.17	11
3:22	2CH.20.29	11
3:22	ISA.43.1-ISA.43.2	9
3:22	PSA.44.3	8
3:22	NUM.21.34	7
3:22	2CH.13.12	7
3:23	2CO.12.8-2CO.12.9	2
3:24	EXO.15.11	9
3:24	DEU.11.2	8
3:24	PSA.71.19	8
3:24	2SA.7.22	7
3:24	PSA.86.8	7
3:24	JER.32.18-JER.32.21	7
3:24	NEH.9.32	6
3:24	PSA.35.10	6
3:24	PSA.89.6	6
3:24	PSA.89.8	6
3:24	PSA.106.2	6
3:24	PSA.145.6	6
3:24	ISA.40.25	6
3:24	JER.10.6	6
3:24	DAN.3.29	6
3:24	PSA.145.3	5
3:24	ISA.40.18	5
3:25	DEU.4.21-DEU.4.22	2
3:25	EXO.3.8	1
3:25	DEU.11.11-DEU.11.12	1
3:25	EZK.20.6	1
3:25	NUM.32.5	0
3:26	DEU.1.37	7
3:26	DEU.31.2	5
3:26	1CH.22.7-1CH.22.9	4
3:26	1CH.28.2-1CH.28.4	4
3:26	PSA.106.32-PSA.106.33	4
3:26	ISA.53.5-ISA.53.6	4
3:26	MAT.26.39	4
3:26	2CO.12.8	4
3:26	NUM.20.7-NUM.20.12	3
3:26	NUM.27.12-NUM.27.14	2
3:26	DEU.32.51-DEU.32.52	2
3:26	DEU.34.4	2
3:26	1CH.17.4	2
3:26	1CH.17.12-1CH.17.13	2
3:26	MAT.20.22	1
3:27	NUM.27.12	7
3:27	DEU.34.1-DEU.34.4	4
3:27	GEN.13.14-GEN.13.15	3
3:28	DEU.31.3	6
3:28	DEU.1.38	4
3:28	DEU.31.7	4
3:28	DEU.31.23	4
3:28	NUM.27.18-NUM.27.23	3
3:28	ACT.7.45	3
3:28	JOS.1.2	2
3:28	JOS.3.7-JOS.3.17	2
3:28	1CH.22.6	2
3:28	1CH.22.11-1CH.22.16	2
3:28	1CH.28.9-1CH.28.10	2
3:28	1CH.28.20	2
3:28	JHN.1.17	2
3:28	1TI.6.13-1TI.6.14	2
3:28	2TI.2.1-2TI.2.3	2
3:28	2TI.4.1-2TI.4.6	2
3:28	HEB.4.8	2
3:29	DEU.4.46	5
3:29	DEU.34.6	5
3:29	NUM.25.3	3
3:29	NUM.33.48-NUM.33.49	2
3:29	DEU.4.3	2
4:1	ROM.10.5	10
4:1	EZK.20.11	7
4:1	LEV.18.5	6
4:1	DEU.8.1	6
4:1	LEV.22.31	5
4:1	DEU.5.1	5
4:1	DEU.30.16	5
4:1	LEV.20.8	4
4:1	DEU.4.8	4
4:1	DEU.4.45	4
4:1	DEU.5.33-DEU.6.2	4
4:1	DEU.11.1	4
4:1	DEU.11.32	4
4:1	DEU.30.19	4
4:1	PSA.105.45	4
4:1	PSA.119.4	4
4:1	EZK.11.20	4
4:1	EZK.20.21	4
4:1	EZK.36.27	4
4:1	EZK.37.24	4
4:1	MAT.28.20	4
4:1	LEV.19.37	3
4:1	JHN.15.14	3
4:1	DEU.16.20	2
4:1	LUK.1.6	2
4:2	PRO.30.6	40
4:2	DEU.12.32	39
4:2	REV.22.18-REV.22.19	31
4:2	JOS.1.7	24
4:2	MAT.5.18	22
4:2	GAL.3.15	19
4:2	ECC.12.13	16
4:2	MRK.7.1-MRK.7.13	9
4:2	MAT.15.2-MAT.15.9	8
4:2	MAT.5.43	2
4:3	NUM.25.1-NUM.25.9	10
4:3	PSA.106.28-PSA.106.29	6
4:3	NUM.26.64	2
4:3	NUM.31.16	2
4:3	JOS.22.17	2
4:3	HOS.9.10	2
4:4	DEU.10.20	7
4:4	JOS.23.8	6
4:4	JHN.6.67-JHN.6.69	6
4:4	ROM.12.9	5
4:4	REV.14.4	5
4:4	RUT.1.14-RUT.1.17	4
4:4	PSA.143.6-PSA.143.11	4
4:4	ISA.26.20	3
4:4	EZK.9.4	3
4:4	ACT.11.23	3
4:4	DEU.13.4	2
4:4	JOS.22.5	2
4:4	PSA.63.8	2
4:4	REV.20.4	1
4:5	MAT.28.20	9
4:5	1TH.4.1-1TH.4.2	9
4:5	DEU.4.1	7
4:5	HEB.3.5	7
4:5	PRO.22.19-PRO.22.20	6
4:5	ACT.20.27	5
4:5	1CO.15.3	4
4:5	1CO.11.28	3
4:6	JOB.28.28	8
4:6	PSA.111.10	8
4:6	2TI.3.15	8
4:6	1KI.4.34	6
4:6	1KI.10.6-1KI.10.9	6
4:6	PSA.19.7	6
4:6	PRO.1.7	6
4:6	JER.8.9	5
4:6	JAS.3.13	5
4:6	DEU.30.19-DEU.30.20	4
4:6	PSA.119.98-PSA.119.100	4
4:6	DAN.5.11-DAN.5.16	4
4:6	ZEC.8.20-ZEC.8.23	4
4:6	MAL.3.12	4
4:6	PRO.14.8	3
4:6	DAN.1.20	3
4:6	DAN.4.9	3
4:7	PSA.145.18	28
4:7	2SA.7.23	22
4:7	PSA.34.18	20
4:7	PSA.73.28	19
4:7	ISA.55.6	19
4:7	JAS.4.8	19
4:7	PSA.46.1	18
4:7	PSA.148.14	16
4:7	ISA.43.4	14
4:7	DEU.5.26	11
4:7	EPH.2.12-EPH.2.22	11
4:7	NUM.23.9	6
4:7	NUM.23.21	6
4:8	PSA.147.19-PSA.147.20	6
4:8	ROM.7.12-ROM.7.14	3
4:8	DEU.10.12-DEU.10.13	2
4:8	PSA.19.7-PSA.19.11	2
4:8	PSA.119.86	2
4:8	PSA.119.127-PSA.119.128	2
4:8	2TI.3.16-2TI.3.17	2
4:8	PSA.119.96	1
4:9	DEU.6.7	231
4:9	DEU.11.19	184
4:9	PSA.78.3-PSA.78.8	163
4:9	GEN.18.19	120
4:9	DEU.32.46	103
4:9	EPH.6.4	86
4:9	EXO.13.8-EXO.13.9	73
4:9	DEU.29.29	73
4:9	PRO.4.20-PRO.4.23	70
4:9	PRO.4.1-PRO.4.13	55
4:9	PRO.23.26	54
4:9	PRO.3.1-PRO.3.3	51
4:9	REV.3.3	51
4:9	PRO.1.8	47
4:9	PSA.71.18	45
4:9	HEB.2.1	41
4:9	JOS.4.6-JOS.4.7	39
4:9	PRO.3.21	39
4:9	PSA.34.11-PSA.34.16	37
4:9	PSA.119.11	33
4:9	JOS.4.21	30
4:9	EXO.13.14-EXO.13.16	29
4:9	PRO.7.1	29
4:9	HEB.2.3	25
4:9	DEU.4.23	24
4:9	ISA.38.19	24
4:9	DEU.31.19	23
4:9	JAS.2.22	23
4:9	DEU.4.15	21
4:9	JOS.1.18	21
4:9	LUK.8.18	21
4:10	EXO.19.9	6
4:10	HEB.12.18-HEB.12.19	5
4:10	EXO.19.16	4
4:10	DEU.17.19	4
4:10	EXO.20.18	3
4:10	EXO.20.20	3
4:10	DEU.5.2	3
4:10	ECC.12.13	2
4:10	DEU.5.29	1
4:10	DEU.14.23	1
4:10	DEU.31.12-DEU.31.13	1
4:10	1SA.12.24	1
4:10	LUK.1.50	1
4:10	HEB.12.25	1
4:10	REV.19.5	1
4:11	DEU.5.23	3
4:11	EXO.19.16-EXO.19.18	2
4:11	HEB.12.18-HEB.12.19	2
4:11	EXO.20.18-EXO.20.19	1
4:12	DEU.5.4	6
4:12	DEU.5.22	6
4:12	DEU.4.15	5
4:12	DEU.4.33	4
4:12	DEU.4.36	4
4:12	1KI.19.12-1KI.19.13	4
4:12	MAT.3.17	4
4:12	JHN.12.28-JHN.12.30	4
4:12	2PE.1.17-2PE.1.18	4
4:12	EXO.20.22	3
4:12	ISA.30.21	3
4:12	ISA.40.3	3
4:12	ISA.40.6	3
4:12	ISA.40.18	3
4:12	MAT.3.3	3
4:12	COL.1.15	3
4:12	NUM.12.8	2
4:12	MAT.17.5	2
4:13	EXO.34.28	16
4:13	EXO.31.18	11
4:13	EXO.24.12	9
4:13	DEU.9.9-DEU.9.11	9
4:13	EXO.19.5	7
4:13	DEU.10.1-DEU.10.5	6
4:13	EXO.24.17-EXO.24.18	4
4:13	DEU.5.1-DEU.5.21	4
4:13	HEB.9.19-HEB.9.20	4
4:13	2CO.3.7	3
4:13	HEB.9.4	3
4:14	PSA.105.44-PSA.105.45	2
4:14	EZK.21.1-EZK.21.23	2
4:15	DEU.4.12	5
4:15	ISA.40.18	5
4:15	2CO.4.4-2CO.4.6	5
4:15	MAL.2.15	4
4:15	DEU.4.9	3
4:15	JOS.23.11	3
4:15	1CH.28.9-1CH.28.10	3
4:15	PSA.119.9	3
4:15	PRO.4.23	3
4:15	PRO.4.27	3
4:15	JER.17.21	3
4:15	HEB.1.3	3
4:15	DEU.4.23	2
4:16	ACT.17.29	6
4:16	EXO.20.4-EXO.20.5	4
4:16	DEU.4.23	4
4:16	DEU.5.8	4
4:16	ROM.1.22-ROM.1.24	4
4:16	EXO.32.7	3
4:16	DEU.4.8-DEU.4.9	2
4:16	DEU.4.25	2
4:16	PSA.106.19-PSA.106.20	2
4:16	ISA.40.18	2
4:16	JHN.4.24	2
4:16	ACT.20.4-ACT.20.5	2
4:16	1TI.1.17	1
4:17	ROM.1.23	4
4:19	ROM.1.25	11
4:19	DEU.17.3	10
4:19	2KI.21.3	9
4:19	GEN.1.16-GEN.1.18	8
4:19	GEN.2.1	8
4:19	2KI.17.16	8
4:19	JOS.10.12-JOS.10.13	7
4:19	NEH.9.6	7
4:19	PSA.148.3-PSA.148.5	7
4:19	PSA.74.16-PSA.74.17	5
4:19	PSA.136.7-PSA.136.9	5
4:19	JER.33.25	5
4:19	AMO.5.25-AMO.5.26	5
4:19	MAT.5.45	5
4:19	JOB.31.26-JOB.31.28	4
4:19	JER.8.2	4
4:19	JER.19.13	4
4:19	JER.31.35	4
4:19	2KI.23.4-2KI.23.5	3
4:19	2KI.23.11	3
4:19	EZK.8.16	3
4:19	ZEP.1.5	3
4:19	ACT.7.42	3
4:20	1KI.8.51	7
4:20	JER.11.4	6
4:20	EXO.19.5-EXO.19.6	5
4:20	DEU.9.29	5
4:20	DEU.32.9	5
4:20	PSA.135.4	5
4:20	ISA.63.17-ISA.63.18	4
4:20	TIT.2.14	4
4:20	1PE.2.9	4
4:20	DEU.9.26	3
4:20	PSA.28.9	3
4:20	PSA.33.12	3
4:20	EPH.1.18	2
4:21	NUM.20.12	6
4:21	DEU.1.37	6
4:21	PSA.106.32-PSA.106.33	5
4:21	DEU.3.26	3
4:21	DEU.31.2	3
4:22	DEU.3.25	7
4:22	DEU.3.27	5
4:22	2PE.1.13-2PE.1.15	4
4:22	HEB.12.6-HEB.12.10	3
4:22	1KI.13.21-1KI.13.22	2
4:22	AMO.3.2	1
4:23	DEU.4.9	5
4:23	DEU.29.25	3
4:23	DEU.31.20	3
4:23	JOS.23.16	3
4:23	1CH.16.15	3
4:23	ISA.24.5	3
4:23	EZK.16.59	3
4:23	MAT.24.4	3
4:23	HEB.3.12	3
4:23	EXO.20.4-EXO.20.5	2
4:23	DEU.4.15-DEU.4.16	2
4:23	DEU.6.12	2
4:23	DEU.27.9	2
4:23	JOS.23.11	2
4:23	JER.31.22	2
4:23	LUK.12.15	2
4:23	LUK.21.8	2
4:24	HEB.12.29	16
4:24	DEU.9.3	13
4:24	EXO.24.17	12
4:24	NAM.1.6	12
4:24	ISA.33.14	11
4:24	DEU.6.15	10
4:24	EXO.20.5	9
4:24	EXO.34.14	9
4:24	ZEP.3.8	9
4:24	1CO.10.22	9
4:24	ZEP.1.18	8
4:24	ISA.42.8	7
4:24	DEU.29.20	6
4:24	PSA.21.9	6
4:24	NAM.1.2	6
4:24	DEU.5.9	5
4:24	DEU.32.21-DEU.32.22	5
4:24	JER.21.12-JER.21.14	5
4:24	DEU.32.16	4
4:24	PSA.78.58	4
4:24	ISA.30.27	3
4:24	ISA.30.33	3
4:25	DEU.4.16	5
4:25	HOS.9.9	3
4:25	1CO.10.22	3
4:25	EXO.32.7	2
4:25	DEU.31.16-DEU.31.18	2
4:25	DEU.31.29	2
4:25	JDG.2.8-JDG.2.15	2
4:25	2KI.17.17-2KI.17.19	2
4:25	2KI.21.2	2
4:25	2KI.21.14-2KI.21.16	2
4:25	2CH.36.12-2CH.36.16	2
4:26	DEU.32.1	22
4:26	MIC.6.2	18
4:26	DEU.30.18-DEU.30.19	12
4:26	ISA.1.2	12
4:26	JER.22.29	12
4:26	JER.2.12	11
4:26	EZK.36.4	11
4:26	LEV.18.28	10
4:26	JOS.23.16	10
4:26	JER.44.22	10
4:26	LEV.26.31-LEV.26.35	9
4:26	DEU.29.28	9
4:26	DEU.31.28	9
4:26	ISA.6.11	9
4:26	JER.6.19	9
4:26	LUK.21.24	9
4:26	ISA.24.1-ISA.24.3	8
4:26	EZK.33.28	8
4:26	MIC.1.2	6
4:27	DEU.28.62-DEU.28.64	18
4:27	LEV.26.33	8
4:27	NEH.1.8-NEH.1.9	5
4:27	EZK.12.15	4
4:27	EZK.32.26	4
4:27	NEH.1.3	3
4:28	DEU.28.64	11
4:28	JER.16.13	8
4:28	ISA.46.7	6
4:28	DEU.28.36	5
4:28	1SA.26.19	4
4:28	PSA.115.4-PSA.115.8	4
4:28	PSA.135.15-PSA.135.18	4
4:28	ISA.44.9	4
4:28	EZK.20.39	4
4:28	ISA.45.20	3
4:28	JER.10.3	2
4:28	JER.10.9	2
4:28	ACT.7.42	2
4:28	EZK.20.32	1
4:29	PSA.119.2	37
4:29	JER.29.12-JER.29.14	37
4:29	2CH.15.4	34
4:29	ISA.55.6-ISA.55.7	32
4:29	PSA.119.10	30
4:29	DEU.30.10	20
4:29	JER.3.12-JER.3.14	18
4:29	1KI.8.47-1KI.8.48	14
4:29	DEU.30.1-DEU.30.3	12
4:29	PSA.119.145	11
4:29	JOL.2.12	10
4:29	PSA.119.58	9
4:29	NEH.1.9	8
4:29	JER.3.10	8
4:29	LEV.26.39-LEV.26.42	7
4:29	2CH.15.15	7
4:29	2KI.10.31	6
4:29	2KI.23.3	6
4:29	2CH.15.12	6
4:29	2CH.31.21	6
4:30	JOL.2.12-JOL.2.13	9
4:30	JER.23.20	8
4:30	HOS.3.5	8
4:30	DEU.31.29	6
4:30	GEN.49.1	5
4:30	ISA.1.19	4
4:30	JER.7.23	4
4:30	NUM.24.20	3
4:30	EXO.18.8	2
4:30	DEU.30.10	2
4:30	DEU.31.17	2
4:30	1KI.8.46-1KI.8.53	2
4:30	2CH.6.36-2CH.6.39	2
4:30	DAN.9.11-DAN.9.19	2
4:30	DAN.10.14	2
4:30	HOS.14.2-HOS.14.3	2
4:30	ZEC.6.15	2
4:30	ACT.3.19	2
4:30	ACT.26.20	2
4:30	HEB.1.2	2
4:30	LAM.3.40	1
4:30	HEB.5.9	1
4:31	DEU.31.8	13
4:31	PSA.116.5	12
4:31	NEH.9.31	11
4:31	JON.4.2	10
4:31	2CH.30.9	9
4:31	EXO.34.6-EXO.34.7	8
4:31	LEV.26.42	8
4:31	DEU.31.6	6
4:31	PSA.145.8-PSA.145.9	6
4:31	LEV.26.45	5
4:31	NUM.14.18	5
4:31	JOS.1.5	5
4:31	PSA.111.5	5
4:31	PSA.111.9	5
4:31	JER.14.21	5
4:31	LUK.1.72	5
4:31	NEH.1.5	4
4:31	1CH.28.20	3
4:31	PSA.86.5	3
4:31	PSA.86.15	3
4:31	PSA.105.8	3
4:31	MIC.7.18	2
4:32	JOB.8.8	7
4:32	DEU.32.7	4
4:32	PSA.44.1	4
4:32	MAT.24.31	4
4:32	GEN.1.27	3
4:32	JOL.1.2	3
4:32	DEU.30.4	2
4:32	MRK.13.27	2
4:33	DEU.5.24	5
4:33	JDG.6.22	5
4:33	EXO.33.20	4
4:33	EXO.24.11	3
4:33	DEU.5.26	3
4:33	EXO.19.18-EXO.19.19	2
4:33	EXO.20.18-EXO.20.19	2
4:33	EXO.20.22	2
4:33	DEU.4.24-DEU.4.26	2
4:33	DEU.9.10	2
4:34	DEU.26.8	33
4:34	DEU.5.15	30
4:34	EXO.6.6	29
4:34	DEU.7.19	25
4:34	DEU.7.8-DEU.7.9	21
4:34	JER.32.21	18
4:34	DEU.6.21	16
4:34	EXO.13.3	12
4:34	PSA.78.48-PSA.78.53	11
4:34	EXO.3.17-EXO.3.20	9
4:34	DEU.34.12	8
4:34	EXO.12.30-EXO.12.33	7
4:34	EXO.3.10	6
4:34	EXO.10.7	5
4:34	1PE.5.6	5
4:34	EXO.7.3	4
4:34	EXO.9.20-EXO.9.21	4
4:34	DEU.29.3	4
4:34	EXO.1.9	1
4:34	PSA.78.12	1
4:35	ISA.45.18	15
4:35	1SA.2.2	13
4:35	ISA.45.5	12
4:35	DEU.4.39	9
4:35	ISA.44.8	9
4:35	DEU.32.39	8
4:35	PSA.83.18	8
4:35	ISA.44.6	8
4:35	ISA.45.22	8
4:35	EXO.15.11	7
4:35	1SA.17.45-1SA.17.47	6
4:35	1KI.18.36-1KI.18.37	6
4:35	MRK.12.29	6
4:35	MRK.12.32	6
4:35	DEU.32.23	5
4:35	PSA.58.11	5
4:35	2KI.19.19	4
4:35	1JN.5.20-1JN.5.21	2
4:36	EXO.19.9	5
4:36	EXO.19.19	5
4:36	DEU.4.33	4
4:36	NEH.9.13	4
4:36	EXO.20.18-EXO.20.22	3
4:36	HEB.12.25	3
4:36	EXO.24.16	2
4:36	HEB.12.18	2
4:37	DEU.10.15	6
4:37	EXO.13.3	3
4:37	EXO.13.9	3
4:37	EXO.13.14	3
4:37	EXO.33.14	3
4:37	ISA.63.9	3
4:37	ISA.63.11-ISA.63.12	3
4:37	DEU.4.34	2
4:37	DEU.7.7-DEU.7.9	2
4:37	DEU.9.5	2
4:37	2CH.16.9	2
4:37	PSA.32.8	2
4:37	PSA.34.15	2
4:37	PSA.105.6-PSA.105.10	2
4:37	PSA.114.1-PSA.114.6	2
4:37	PSA.136.10-PSA.136.15	2
4:37	ISA.41.8-ISA.41.9	2
4:37	ISA.51.9-ISA.51.11	2
4:37	JER.31.1	2
4:37	MAL.1.2	2
4:37	LUK.1.72-LUK.1.73	2
4:37	ROM.9.5	2
4:38	DEU.7.1	4
4:38	EXO.23.27-EXO.23.28	3
4:38	DEU.2.31-DEU.3.16	3
4:38	DEU.9.1-DEU.9.5	3
4:38	DEU.11.23	3
4:38	PSA.44.2-PSA.44.3	3
4:38	DEU.8.18	2
4:38	JOS.3.10	2
4:39	JOS.2.11	17
4:39	DEU.4.35	12
4:39	1CH.29.11	11
4:39	HOS.7.2	9
4:39	1CH.28.9	8
4:39	PSA.135.6	8
4:39	2CH.20.6	7
4:39	DEU.32.29	6
4:39	PSA.115.3	5
4:39	DAN.4.35	5
4:39	ISA.5.12	4
4:39	ISA.1.3	3
4:40	DEU.6.3	13
4:40	EPH.6.3	10
4:40	LEV.22.31	9
4:40	DEU.5.16	9
4:40	DEU.12.25	9
4:40	DEU.12.28	9
4:40	DEU.6.18	7
4:40	DEU.22.7	7
4:40	DEU.4.1	5
4:40	DEU.4.6	5
4:40	JER.11.4	5
4:40	DEU.5.33	4
4:40	DEU.28.1-DEU.28.14	4
4:40	JHN.14.21-JHN.14.24	3
4:40	LEV.26.1-LEV.26.13	2
4:40	JHN.14.15	2
4:40	1TI.4.8	1
4:41	NUM.35.6	4
4:41	NUM.35.14-NUM.35.15	3
4:41	JOS.20.2-JOS.20.9	2
4:42	NUM.35.6	2
4:42	NUM.35.11-NUM.35.12	2
4:42	NUM.35.15-NUM.35.28	2
4:42	DEU.19.1-DEU.19.10	2
4:42	HEB.6.18	2
4:43	JOS.20.8	4
4:43	JOS.21.27	2
4:43	JOS.21.38	2
4:43	1KI.4.13	2
4:43	1KI.22.3-1KI.22.4	2
4:43	1CH.6.71	2
4:43	1CH.6.80	2
4:44	DEU.27.26	3
4:44	LEV.27.34	2
4:44	DEU.1.5	2
4:44	DEU.17.18-DEU.17.19	2
4:44	DEU.27.3	2
4:44	DEU.27.8	2
4:44	DEU.33.4	2
4:44	MAL.4.4	2
4:44	JHN.1.17	2
4:44	NUM.36.13	1
4:45	DEU.4.1	2
4:45	DEU.6.17	2
4:45	DEU.6.20	2
4:45	1KI.2.3	2
4:45	PSA.119.2	2
4:45	PSA.119.5	2
4:45	PSA.119.7	2
4:45	PSA.119.14	2
4:45	PSA.119.22	2
4:45	PSA.119.24	2
4:45	PSA.119.111	2
4:46	DEU.3.29	7
4:46	NUM.21.21-NUM.21.32	2
4:46	NUM.32.19	2
4:46	DEU.1.4-DEU.1.5	2
4:46	DEU.2.30-DEU.2.36	2
4:46	DEU.3.8	2
4:46	DEU.4.47	2
4:47	NUM.21.33-NUM.21.35	2
4:47	DEU.3.1-DEU.3.14	2
4:47	DEU.29.7-DEU.29.8	2
4:48	DEU.3.9	6
4:48	DEU.2.36	5
4:48	DEU.3.12	3
4:48	PSA.133.3	3
4:48	JOS.13.24-JOS.13.33	2
4:49	DEU.3.17	3
4:49	DEU.34.1	2
4:49	JOS.13.20	2
5:1	DEU.4.1	6
5:1	MAT.23.3	4
5:1	DEU.29.10	2
5:1	DEU.1.1	1
5:1	DEU.29.2	1
5:2	DEU.4.23	8
5:2	EXO.19.5-EXO.19.8	7
5:2	EXO.24.8	6
5:2	HEB.8.6-HEB.8.13	3
5:2	HEB.9.19-HEB.9.23	3
5:3	DEU.29.10-DEU.29.15	3
5:3	GEN.17.7	2
5:3	GEN.17.21	2
5:3	PSA.105.8-PSA.105.10	2
5:3	JER.32.38-JER.32.40	2
5:3	MAT.13.17	2
5:3	GAL.3.17-GAL.3.21	2
5:3	HEB.8.8-HEB.8.9	2
5:4	EXO.19.18-EXO.19.19	7
5:4	DEU.34.10	6
5:4	EXO.19.9	5
5:4	DEU.4.33	5
5:4	DEU.4.36	5
5:4	EXO.20.18-EXO.20.22	4
5:4	EXO.33.11	4
5:4	NUM.12.8	4
5:4	NUM.14.14	4
5:4	DEU.5.24-DEU.5.26	4
5:5	GAL.3.19	6
5:5	EXO.19.16	5
5:5	EXO.20.18-EXO.20.21	5
5:5	HEB.12.18-HEB.12.24	4
5:5	GEN.18.22	3
5:5	EXO.24.2-EXO.24.3	3
5:5	NUM.16.48	3
5:5	DEU.5.27	3
5:5	JER.30.21	3
5:5	ZEC.3.1-ZEC.3.5	3
5:5	HEB.9.24	3
5:5	PSA.106.23	1
5:6	EXO.20.2-EXO.20.17	45
5:6	PSA.81.5-PSA.81.10	6
5:6	LEV.26.1-LEV.26.2	3
5:6	DEU.4.4	3
5:7	EXO.20.3	38
5:7	MAT.4.10	5
5:7	1JN.5.21	2
5:7	JHN.5.23	1
5:8	EXO.20.4	41
5:8	DEU.4.15-DEU.4.19	4
5:9	EXO.20.4-EXO.20.6	41
5:9	EXO.34.7	13
5:9	NUM.14.18	8
5:9	DAN.9.4-DAN.9.9	8
5:9	EXO.34.14	6
5:9	MAT.23.35-MAT.23.36	6
5:9	JER.32.18	5
5:9	ROM.11.28-ROM.11.29	1
5:10	ROM.8.28	32
5:10	1JN.1.7	28
5:10	JER.32.18	11
5:10	DEU.6.5-DEU.6.6	8
5:10	DAN.9.4	8
5:10	JHN.15.14	8
5:10	MAT.7.21-MAT.7.27	7
5:10	GAL.5.6	7
5:10	JAS.1.25	7
5:10	DEU.10.12-DEU.10.13	6
5:10	ISA.1.16-ISA.1.19	6
5:10	JHN.14.15	6
5:10	JHN.14.21-JHN.14.23	6
5:10	1JN.5.2-1JN.5.3	5
5:11	EXO.20.7	39
5:11	LEV.19.12	6
5:11	DEU.6.13	6
5:11	MAT.5.33-MAT.5.34	4
5:11	JAS.5.12	4
5:11	PSA.139.20	3
5:11	JER.4.2	3
5:12	EXO.20.8-EXO.20.11	39
5:12	ISA.58.13	6
5:12	ISA.56.6	4
5:13	EZK.20.12	6
5:13	EXO.23.12	2
5:13	EXO.35.2-EXO.35.3	2
5:13	LUK.13.14-LUK.13.16	2
5:13	LUK.23.56	2
5:14	HEB.4.4	6
5:14	GEN.2.2	4
5:14	EXO.16.29-EXO.16.30	3
5:14	EXO.23.12	3
5:14	NEH.5.5	2
5:14	NEH.13.21	2
5:14	LEV.25.44-LEV.25.46	1
5:14	NEH.13.15	1
5:15	DEU.5.6	31
5:15	DEU.15.15	6
5:15	DEU.16.12	4
5:15	DEU.24.18-DEU.24.22	3
5:15	EPH.2.11-EPH.2.12	3
5:15	DEU.4.34-DEU.4.37	2
5:15	PSA.116.16	2
5:15	ISA.51.1-ISA.51.2	2
5:15	ISA.63.9	2
5:15	LUK.1.74-LUK.1.75	2
5:15	TIT.2.14	2
5:16	EXO.20.12	43
5:16	EPH.6.1-EPH.6.3	35
5:16	COL.3.20	33
5:16	DEU.4.40	6
5:16	DEU.27.16	6
5:16	MAT.15.4-MAT.15.6	5
5:16	MAT.19.19	5
5:16	MRK.10.19	5
5:16	LEV.19.3	4
5:16	LUK.18.20	4
5:16	MRK.7.10	3
5:17	EXO.20.13	42
5:17	ROM.13.9	29
5:17	MAT.5.21-MAT.5.22	3
5:17	GEN.9.6	2
5:17	JAS.2.11	2
5:17	MAT.19.18	1
5:18	EXO.20.14	38
5:18	LUK.18.20	4
5:18	LEV.20.10	3
5:18	MAT.5.27-MAT.5.28	3
5:18	PRO.6.32-PRO.6.33	2
5:18	JAS.2.10-JAS.2.11	2
5:19	EXO.20.15	36
5:19	ROM.13.9	29
5:19	EPH.4.28	2
5:20	EXO.20.16	40
5:20	EXO.23.1	5
5:20	PRO.19.9	4
5:20	PRO.19.5	3
5:20	DEU.19.16-DEU.19.21	2
5:20	1KI.21.13	2
5:20	PRO.6.19	2
5:20	MAL.3.5	2
5:21	EXO.20.17	41
5:21	ROM.13.9	32
5:21	1KI.21.1-1KI.21.4	4
5:21	LUK.12.15	4
5:21	MIC.2.2	3
5:21	1TI.6.9-1TI.6.10	3
5:21	HAB.2.9	2
5:21	ROM.7.7-ROM.7.8	2
5:21	HEB.13.5	2
5:22	EXO.24.12	6
5:22	EXO.31.18	6
5:22	DEU.4.12-DEU.4.15	4
5:22	DEU.4.36	4
5:22	DEU.5.4	4
5:22	EXO.19.18-EXO.19.19	3
5:23	EXO.20.18-EXO.20.19	4
5:23	HEB.12.18-HEB.12.21	3
5:24	EXO.19.19	6
5:24	DEU.4.33	6
5:24	EXO.33.20	5
5:24	GEN.32.30	4
5:24	DEU.5.4-DEU.5.5	3
5:24	JDG.13.22	3
5:25	DEU.18.16	5
5:25	DEU.33.2	2
5:25	2CO.3.7-2CO.3.9	2
5:25	GAL.3.10	2
5:25	GAL.3.21-GAL.3.22	2
5:25	HEB.12.29	2
5:26	DEU.4.33	4
5:26	ROM.3.20	3
5:26	GEN.6.12	2
5:26	JOS.3.10	2
5:26	PSA.42.2	2
5:26	PSA.84.2	2
5:26	ISA.40.6	2
5:26	JER.10.10	2
5:26	DAN.6.26	2
5:26	MAT.26.63	2
5:26	ACT.14.15	2
5:26	2CO.6.16	2
5:26	1TH.1.9	2
5:27	EXO.20.19	3
5:27	HEB.12.19	1
5:28	DEU.18.17	8
5:28	NUM.27.7	2
5:28	NUM.36.5	2
5:29	ISA.48.18	17
5:29	DEU.11.1	12
5:29	EZK.33.31-EZK.33.32	12
5:29	MAT.23.37	11
5:29	LUK.19.42	10
5:29	DEU.4.40	9
5:29	DEU.5.16	7
5:29	DEU.32.29-DEU.32.30	7
5:29	PSA.81.13-PSA.81.15	6
5:29	PSA.119.1-PSA.119.5	5
5:29	2CO.5.20	5
5:29	2CO.6.1	4
5:29	EPH.6.3	4
5:29	JAS.1.25	4
5:29	REV.22.14	4
5:29	ISA.3.10	3
5:29	JER.22.14-JER.22.15	3
5:29	JER.44.4	3
5:29	LUK.11.28	3
5:29	JHN.15.14	3
5:29	DEU.6.3	2
5:29	DEU.6.18	2
5:29	DEU.12.25	2
5:29	DEU.12.28	2
5:29	DEU.19.13	2
5:29	DEU.22.7	2
5:29	RUT.3.1	2
5:29	PSA.19.11	2
5:29	PSA.106.3	2
5:29	HEB.12.25	1
5:31	GAL.3.19	3
5:31	EXO.24.12	2
5:31	DEU.4.1	2
5:31	DEU.4.5	2
5:31	DEU.4.45	2
5:31	DEU.5.1	2
5:31	DEU.11.1	2
5:31	DEU.12.1	2
5:31	EZK.20.11	2
5:31	MAL.4.4	2
5:31	DEU.6.1	1
5:32	PRO.4.27	10
5:32	JOS.23.6	9
5:32	JOS.1.7	8
5:32	DEU.17.20	6
5:32	DEU.28.14	5
5:32	DEU.8.1	4
5:32	DEU.11.32	3
5:32	DEU.12.32	3
5:32	DEU.24.8	3
5:32	EZK.37.24	3
5:32	DEU.4.1-DEU.4.2	2
5:32	DEU.6.3	2
5:32	DEU.6.25	2
5:32	PSA.125.5	2
5:32	2PE.2.21	2
5:32	2KI.21.8	1
5:33	JER.7.23	21
5:33	DEU.4.40	16
5:33	LUK.1.6	9
5:33	1TI.4.8	9
5:33	DEU.10.12	8
5:33	ROM.2.7	7
5:33	PSA.119.6	5
5:33	DEU.5.29	3
6:1	DEU.4.1	10
6:1	DEU.12.1	8
6:1	DEU.4.45	6
6:1	LEV.27.34	5
6:1	DEU.5.31	5
6:1	NUM.36.13	4
6:1	DEU.4.5	4
6:1	DEU.4.14	4
6:1	EZK.37.24	4
6:2	DEU.4.40	11
6:2	EXO.20.20	9
6:2	DEU.13.4	9
6:2	ECC.12.13	9
6:2	PSA.128.1	7
6:2	PRO.3.1-PRO.3.2	7
6:2	PRO.3.16	6
6:2	DEU.5.16	5
6:2	JOB.28.28	5
6:2	1PE.3.10-1PE.3.11	5
6:2	DEU.10.20	4
6:2	PSA.78.4-PSA.78.8	4
6:2	PSA.111.10	4
6:2	LUK.12.5	4
6:2	1PE.1.17	4
6:2	GEN.18.19	3
6:2	GEN.22.12	3
6:2	DEU.4.10	3
6:2	DEU.5.33	3
6:2	DEU.6.7	3
6:2	DEU.22.7	3
6:2	PRO.16.6	3
6:2	DEU.10.12-DEU.10.13	2
6:3	GEN.22.17	7
6:3	EXO.3.8	6
6:3	GEN.15.5	5
6:3	GEN.26.4	5
6:3	GEN.28.14	5
6:3	ISA.3.10	4
6:3	GEN.12.2	3
6:3	GEN.13.16	3
6:3	EXO.1.7	3
6:3	DEU.4.6	3
6:3	DEU.5.32-DEU.5.33	3
6:3	ECC.8.12	3
6:3	ACT.7.17	3
6:4	MRK.12.29-MRK.12.32	76
6:4	ISA.44.6	43
6:4	1TI.2.5	37
6:4	ISA.45.5-ISA.45.6	29
6:4	JHN.17.3	24
6:4	JHN.10.30	20
6:4	ISA.44.8	18
6:4	ISA.42.8	17
6:4	DEU.4.35-DEU.4.36	15
6:4	JER.10.10-JER.10.11	11
6:4	1CO.8.4-1CO.8.6	11
6:4	1KI.18.21	10
6:4	DEU.5.6	9
6:4	1CH.29.10	8
6:5	MRK.12.30	137
6:5	MAT.22.37	111
6:5	LUK.10.27	102
6:5	DEU.10.12	85
6:5	DEU.30.6	68
6:5	DEU.4.29	65
6:5	1JN.5.3	58
6:5	MRK.12.33	53
6:5	DEU.11.13	48
6:5	JHN.14.20-JHN.14.21	48
6:5	2KI.23.25	45
6:5	MAT.10.37	37
6:5	2CO.5.14-2CO.5.15	36
6:6	PRO.7.3	19
6:6	COL.3.16	19
6:6	JER.31.33	17
6:6	DEU.11.18	16
6:6	2CO.3.3	14
6:6	PSA.37.31	13
6:6	DEU.32.46	11
6:6	PSA.119.11	11
6:6	ISA.51.7	8
6:6	LUK.8.15	8
6:6	PRO.3.5	7
6:6	PSA.40.8	6
6:6	PRO.3.1-PRO.3.3	6
6:6	LUK.2.51	6
6:6	PRO.2.10-PRO.2.11	5
6:6	PSA.119.98	4
6:6	2JN.1.2	3
6:7	DEU.11.19	36
6:7	EPH.6.4	29
6:7	PSA.78.4-PSA.78.6	19
6:7	1PE.3.15	17
6:7	DEU.4.9-DEU.4.10	15
6:7	DEU.6.2	14
6:7	EPH.4.29	13
6:7	GEN.18.19	11
6:7	PRO.6.22	10
6:7	EXO.12.26-EXO.12.27	9
6:7	LUK.6.45	8
6:7	PSA.40.9-PSA.40.10	7
6:7	EXO.13.14-EXO.13.15	6
6:7	MAT.12.35	6
6:7	PRO.10.21	5
6:7	PRO.15.2	5
6:7	COL.4.6	5
6:7	PSA.119.46	4
6:7	PSA.129.8	4
6:7	PRO.15.7	4
6:7	RUT.4.11	3
6:7	PSA.37.30	3
6:7	MAL.3.16	3
6:7	RUT.2.4	2
6:7	RUT.2.12	1
6:8	PRO.6.21	17
6:8	DEU.11.18	15
6:8	PRO.3.3	14
6:8	EXO.13.9	12
6:8	PRO.7.3	12
6:8	EXO.13.16	8
6:8	NUM.15.38-NUM.15.39	8
6:8	MAT.23.5	6
6:8	HEB.2.1	6
6:9	DEU.11.20	12
6:9	ISA.30.8	8
6:9	ISA.57.8	6
6:9	HAB.2.2	4
6:9	EXO.12.7	3
6:9	JOB.19.23-JOB.19.25	3
6:10	JOS.24.13	24
6:10	PSA.105.44	17
6:10	NEH.9.25	16
6:10	GEN.26.3	10
6:10	PSA.78.55	10
6:10	GEN.13.15-GEN.13.17	9
6:10	GEN.15.18	8
6:10	GEN.28.13	8
6:11	DEU.7.12-DEU.7.18	20
6:11	DEU.8.10-DEU.8.20	18
6:11	EZK.16.10-EZK.16.20	16
6:11	DEU.32.15	7
6:11	JER.2.31-JER.2.32	7
6:11	JDG.3.7	6
6:11	PRO.30.8-PRO.30.9	6
6:11	MAT.19.23-MAT.19.24	5
6:13	LUK.4.8	14
6:13	DEU.10.20	12
6:13	DEU.13.4	11
6:13	MAT.4.10	11
6:13	LEV.19.12	8
6:13	DEU.10.12	6
6:13	PSA.63.11	6
6:13	ISA.45.23	5
6:13	ISA.65.16	5
6:13	JER.12.16	5
6:13	DEU.5.29	4
6:13	DEU.6.2	4
6:13	JOS.2.12	4
6:13	JER.4.2	4
6:13	PSA.15.4	3
6:13	JER.5.2	3
6:13	JER.5.7	3
6:14	JER.25.6	9
6:14	DEU.13.7	6
6:14	1JN.5.21	6
6:14	DEU.8.19	5
6:14	DEU.11.28	4
6:14	EXO.34.14-EXO.34.16	2
6:15	DEU.4.24	9
6:15	EXO.20.5	7
6:15	DEU.7.4	3
6:15	DEU.11.17	3
6:15	GEN.7.4	2
6:15	EXO.32.12	2
6:15	NUM.32.10-NUM.32.15	2
6:15	DEU.5.9	2
6:15	1KI.13.34	2
6:15	2CH.36.16	2
6:15	PSA.90.7	2
6:15	PSA.90.11	2
6:15	AMO.3.2	2
6:15	AMO.9.8	2
6:15	1CO.10.22	1
6:16	EXO.17.7	32
6:16	LUK.4.12	27
6:16	MAT.4.7	26
6:16	PSA.95.8-PSA.95.9	23
6:16	HEB.3.8-HEB.3.9	20
6:16	1CO.10.9	17
6:16	EXO.17.2	15
6:16	NUM.21.4-NUM.21.5	11
6:16	NUM.20.3-NUM.20.4	10
6:16	NUM.20.13	10
6:17	DEU.11.22	8
6:17	PSA.119.4	7
6:17	1CO.15.58	6
6:17	2PE.1.5-2PE.1.10	6
6:17	2PE.3.14	6
6:17	EXO.15.26	3
6:17	TIT.3.8	3
6:17	HEB.6.11	3
6:17	DEU.6.1-DEU.6.2	2
6:17	DEU.11.13	2
6:18	DEU.4.40	9
6:18	DEU.12.25	6
6:18	DEU.5.29	5
6:18	ROM.12.2	5
6:18	EZK.18.5	4
6:18	JHN.8.29	4
6:18	EXO.15.26	3
6:18	DEU.8.11	3
6:18	DEU.12.28	3
6:18	DEU.13.18	3
6:18	PSA.19.11	3
6:18	ISA.3.10	3
6:18	EZK.18.19	3
6:18	EZK.18.21	3
6:18	EZK.18.27	3
6:18	EZK.33.14	3
6:18	EZK.33.16	3
6:18	EZK.33.19	3
6:18	HOS.14.9	3
6:18	DEU.5.33	1
6:19	EXO.23.28-EXO.23.30	5
6:19	NUM.33.52-NUM.33.53	5
6:19	JDG.2.1-JDG.2.3	3
6:19	JDG.3.1-JDG.3.4	3
6:20	EXO.13.14	7
6:20	EXO.12.26	5
6:20	JOS.4.6-JOS.4.7	4
6:20	JOS.4.21-JOS.4.24	4
6:20	DEU.6.7	1
6:20	PRO.22.6	0
6:21	ROM.6.17-ROM.6.18	5
6:21	EPH.2.11-EPH.2.12	5
6:21	EXO.20.2	3
6:21	DEU.5.6	3
6:21	DEU.15.15	3
6:21	EXO.3.19	2
6:21	EXO.13.3	2
6:21	DEU.5.15	2
6:21	DEU.26.5-DEU.26.9	2
6:21	NEH.9.9-NEH.9.10	2
6:21	PSA.136.10-PSA.136.12	2
6:21	ISA.51.1	2
6:21	JER.32.20-JER.32.21	2
6:22	DEU.4.34	4
6:22	PSA.58.10-PSA.58.11	4
6:22	DEU.7.19	3
6:22	PSA.91.8	3
6:22	EXO.7.1-EXO.7.12	2
6:22	EXO.14.1-EXO.14.31	2
6:22	DEU.1.30	2
6:22	DEU.3.21	2
6:22	DEU.4.3	2
6:22	PSA.135.9	1
6:23	DEU.6.18	7
6:23	EXO.13.5	4
6:23	DEU.1.8	4
6:23	DEU.6.10	4
6:23	DEU.1.35	1
6:24	JER.32.39	13
6:24	PSA.41.2	8
6:24	DEU.10.12-DEU.10.13	6
6:24	ISA.3.10	5
6:24	DEU.4.1	4
6:24	DEU.8.1	4
6:24	ROM.10.5	4
6:24	ROM.6.21-ROM.6.22	3
6:24	DEU.4.4	2
6:24	DEU.8.3	2
6:24	JOB.35.7-JOB.35.8	2
6:24	PSA.66.9	2
6:24	PRO.9.12	2
6:24	PRO.22.4	2
6:24	MAT.6.33	2
6:25	DEU.24.13	8
6:25	ROM.10.3	8
6:25	LEV.18.5	4
6:25	ROM.10.5-ROM.10.6	4
6:25	JAS.2.10	4
6:25	PSA.106.30-PSA.106.31	3
6:25	PSA.119.6	3
6:25	PRO.12.28	3
6:25	LUK.10.28-LUK.10.29	3
6:25	EZK.20.11	2
6:25	GAL.3.12	2
7:1	DEU.31.3	10
7:1	ACT.13.19	8
7:1	DEU.4.38	6
7:1	GEN.15.18-GEN.15.21	5
7:1	EXO.33.2	5
7:1	DEU.9.1	5
7:1	DEU.20.1	5
7:1	PSA.44.2-PSA.44.3	5
7:1	DEU.4.1-DEU.4.3	4
7:1	DEU.9.4	4
7:1	EXO.6.8	3
7:1	EXO.15.7	3
7:1	NUM.14.31	3
7:1	DEU.6.1	3
7:1	DEU.6.10	3
7:1	DEU.6.19	3
7:1	DEU.6.23	3
7:1	DEU.11.29	3
7:1	DEU.31.20	3
7:1	PSA.78.55	3
7:1	EXO.23.28	2
7:2	EXO.23.32-EXO.23.33	7
7:2	JDG.2.2	7
7:2	DEU.20.16-DEU.20.17	4
7:2	LEV.27.28-LEV.27.29	3
7:2	DEU.23.14	3
7:2	JOS.2.14	3
7:2	JOS.10.30	3
7:2	JOS.11.11-JOS.11.12	3
7:2	GEN.14.20	2
7:2	EXO.34.12-EXO.34.16	2
7:2	NUM.33.52	2
7:2	DEU.3.3	2
7:2	DEU.7.23-DEU.7.24	2
7:2	DEU.13.8	2
7:2	DEU.20.10-DEU.20.11	2
7:2	JOS.6.17-JOS.6.25	2
7:2	JOS.8.24	2
7:2	JOS.9.18-JOS.9.21	2
7:2	JOS.9.24	2
7:2	JOS.10.24-JOS.10.25	2
7:2	JOS.10.28	2
7:2	JOS.10.32	2
7:2	JOS.10.40	2
7:2	JOS.10.42	2
7:2	JOS.21.44	2
7:2	JDG.1.4	2
7:2	JDG.1.24	2
7:2	2SA.21.2	2
7:2	EXO.22.20	1
7:3	1KI.11.2	15
7:3	JOS.23.12-JOS.23.13	12
7:3	EXO.34.15-EXO.34.16	10
7:3	JDG.3.6-JDG.3.7	9
7:3	NEH.13.23-NEH.13.27	9
7:3	2CO.6.14-2CO.6.17	9
7:3	GEN.6.2-GEN.6.3	7
7:3	EZR.9.1-EZR.9.2	7
7:4	DEU.6.15	10
7:4	EXO.20.5	3
7:4	DEU.4.26	3
7:4	DEU.32.16-DEU.32.17	3
7:4	JDG.2.11	3
7:4	JDG.2.20	3
7:4	JDG.3.7-JDG.3.8	3
7:4	JDG.10.6-JDG.10.7	3
7:5	EXO.23.24	7
7:5	EXO.34.13	6
7:5	DEU.12.2-DEU.12.3	6
7:5	LEV.26.1	3
7:5	DEU.7.25	3
7:5	DEU.9.21	3
7:5	DEU.16.22	3
7:5	JDG.6.25-JDG.6.26	3
7:5	2KI.23.6-2KI.23.14	2
7:5	EXO.32.20	1
7:6	DEU.14.2	40
7:6	EXO.19.5-EXO.19.6	34
7:6	1PE.2.9	32
7:6	MAL.3.17	20
7:6	DEU.26.19	16
7:6	1CO.6.19-1CO.6.20	16
7:6	JER.2.3	14
7:6	AMO.3.2	13
7:6	TIT.2.14	13
7:6	PSA.50.5	12
7:6	DEU.28.9	10
7:6	2PE.2.5	6
7:6	2PE.2.9	6
7:7	DEU.10.22	8
7:7	ROM.9.11-ROM.9.15	7
7:7	1JN.4.10	6
7:7	PSA.115.1	5
7:7	ROM.9.21	5
7:7	ISA.51.2	4
7:7	MAT.7.14	4
7:7	LUK.12.32	4
7:7	ROM.9.18	4
7:7	ROM.9.27-ROM.9.29	4
7:7	ROM.11.6	4
7:7	1JN.3.1	2
7:8	EXO.20.2	22
7:8	EXO.32.13	9
7:8	JER.31.3	9
7:8	EPH.2.4-EPH.2.5	9
7:8	DEU.10.15	7
7:8	ISA.43.4	7
7:8	EXO.13.14	6
7:8	EXO.13.3	5
7:8	LUK.1.72-LUK.1.73	5
7:8	HEB.6.13-HEB.6.17	5
7:8	LUK.1.55	4
7:8	GEN.22.16-GEN.22.18	3
7:8	EXO.12.41-EXO.12.42	3
7:8	DEU.4.20	3
7:8	DEU.4.34	3
7:8	DEU.4.37	3
7:8	DEU.9.4-DEU.9.5	3
7:8	1SA.12.22	3
7:8	2SA.22.20	3
7:8	PSA.44.3	3
7:8	PSA.105.8-PSA.105.10	3
7:8	PSA.105.42	3
7:8	ZEP.3.17	3
7:8	MAT.11.26	3
7:8	2TH.2.13-2TH.2.14	3
7:8	TIT.3.3-TIT.3.7	3
7:8	1JN.4.19	1
7:9	HEB.10.23	54
7:9	2TI.2.13	53
7:9	2TH.3.3	52
7:9	DAN.9.4	44
7:9	1CO.1.9	39
7:9	NEH.1.5	38
7:9	1TH.5.24	35
7:9	ROM.8.28	30
7:9	DEU.5.10	29
7:9	EXO.20.6	28
7:9	ISA.49.7	26
7:9	2CO.1.18	25
7:9	1JN.1.9	25
7:9	GEN.17.7	24
7:9	JAS.1.12	23
7:9	HEB.6.18	21
7:9	PSA.119.75	19
7:9	1CH.16.15	18
7:9	TIT.1.2	18
7:9	HEB.11.11	18
7:9	DEU.4.35	17
7:9	EXO.34.6-EXO.34.7	16
7:9	1CO.8.3	16
7:9	1CO.10.3	16
7:9	LAM.3.23	15
7:9	PSA.146.6	12
7:10	ISA.59.18	7
7:10	NAM.1.2	5
7:10	ROM.12.19	5
7:10	DEU.32.35	4
7:10	EXO.20.5	3
7:10	DEU.7.9	3
7:10	DEU.32.25	3
7:10	PSA.21.8-PSA.21.9	3
7:10	PRO.11.31	3
7:10	JHN.15.23-JHN.15.24	3
7:10	2PE.3.9-2PE.3.10	3
7:10	DEU.32.41	2
7:11	JHN.14.15	4
7:11	DEU.4.1	2
7:11	DEU.5.32	2
7:12	DEU.7.9	9
7:12	DEU.28.1-DEU.28.14	9
7:12	LEV.26.3-LEV.26.13	8
7:12	PSA.105.8-PSA.105.10	6
7:12	LUK.1.72-LUK.1.73	4
7:12	MIC.7.20	3
7:12	LUK.1.55	2
7:13	JHN.14.21	11
7:13	DEU.28.3-DEU.28.5	7
7:13	JHN.15.10	6
7:13	EXO.23.25	5
7:13	JHN.16.27	5
7:13	DEU.28.11	4
7:13	JOB.42.12	4
7:13	PRO.10.22	4
7:13	MAL.3.10-MAL.3.11	4
7:13	MAT.6.33	4
7:13	PSA.144.12-PSA.144.15	3
7:13	DEU.7.7	2
7:13	PSA.1.3	2
7:13	PSA.11.7	1
7:13	DEU.28.15-DEU.28.18	0
7:14	EXO.23.26-EXO.23.33	14
7:14	DEU.28.4	13
7:14	DEU.28.11	10
7:14	PSA.127.3	10
7:14	LEV.26.9	9
7:14	DEU.33.29	6
7:14	PSA.147.19-PSA.147.20	5
7:14	PSA.115.15	4
7:15	EXO.15.26	18
7:15	PSA.105.36-PSA.105.37	10
7:15	LEV.26.3-LEV.26.4	9
7:15	DEU.28.60	6
7:15	DEU.28.27	5
7:15	EXO.9.11	4
7:16	EXO.23.33	10
7:16	JDG.8.27	9
7:16	DEU.7.2	7
7:16	DEU.13.8	7
7:16	DEU.19.13	7
7:16	DEU.19.21	7
7:16	DEU.25.12	7
7:16	1CO.15.33	7
7:16	EXO.34.12-EXO.34.16	6
7:16	PSA.106.36	6
7:16	NUM.33.55	5
7:16	JDG.2.3	5
7:16	JDG.3.6	5
7:16	JER.21.7	5
7:16	JDG.2.12	4
7:16	DEU.12.30-DEU.12.31	3
7:16	JOS.23.13-JOS.23.16	3
7:17	NUM.13.32	4
7:17	NUM.33.53	4
7:17	DEU.8.17	2
7:17	DEU.15.9	2
7:17	DEU.18.21	2
7:17	JOS.17.16-JOS.17.18	2
7:17	ISA.14.13	2
7:17	ISA.47.8	2
7:17	ISA.49.21	2
7:17	LUK.9.47	2
7:17	JER.13.22	1
7:18	PSA.105.5	6
7:18	DEU.31.6	5
7:18	DEU.1.29	4
7:18	PSA.77.11	4
7:18	ISA.51.9-ISA.51.10	3
7:18	EXO.7.1-EXO.7.14	2
7:18	DEU.3.6	2
7:18	JDG.6.13	2
7:18	PSA.27.1-PSA.27.2	2
7:18	PSA.46.1-PSA.46.2	2
7:18	PSA.78.11	2
7:18	PSA.78.42-PSA.78.51	2
7:18	PSA.105.26-PSA.105.36	2
7:18	PSA.135.8-PSA.135.10	2
7:18	PSA.136.10-PSA.136.15	2
7:18	ISA.41.10-ISA.41.14	2
7:18	ISA.63.11-ISA.63.15	2
7:19	DEU.4.34	7
7:19	NEH.9.10-NEH.9.11	5
7:19	JOS.3.10	4
7:19	JER.32.20-JER.32.21	4
7:19	DEU.11.2-DEU.11.4	3
7:19	DEU.29.3	3
7:19	EZK.20.6-EZK.20.9	3
7:20	JOS.24.12	6
7:20	EXO.23.28-EXO.23.30	5
7:21	DEU.10.17	7
7:21	NEH.1.5	7
7:21	NEH.9.32	7
7:21	JOS.3.10	6
7:21	NEH.4.14	5
7:21	ISA.8.9-ISA.8.10	4
7:21	NUM.23.21	3
7:21	1SA.4.8	3
7:21	2CH.32.8	3
7:21	PSA.46.5	3
7:21	ZEC.2.10-ZEC.2.11	3
7:21	ZEC.12.2-ZEC.12.5	3
7:21	1CO.14.25	3
7:21	NUM.9.20	2
7:21	NUM.14.9	2
7:21	NUM.14.14	2
7:21	NUM.14.42	2
7:21	NUM.16.3	2
7:21	DEU.25.8	2
7:21	PSA.46.7	2
7:21	PSA.46.11	2
7:22	EXO.23.29-EXO.23.30	15
7:22	JOS.15.63	2
7:23	DEU.2.15	2
7:23	DEU.8.20	2
7:23	DEU.9.3	2
7:23	ISA.13.6	2
7:23	JER.17.18	2
7:23	JOL.1.15	2
7:23	2TH.1.9	2
7:24	JOS.10.8	7
7:24	JOS.23.9	7
7:24	JOS.1.5	6
7:24	JOS.10.42	6
7:24	DEU.9.14	5
7:24	DEU.11.25	5
7:24	JOS.10.24-JOS.10.25	4
7:24	ISA.54.17	4
7:24	ROM.8.37	4
7:24	EXO.17.14	3
7:24	DEU.25.19	3
7:24	DEU.29.20	3
7:24	JOS.12.1-JOS.12.6	3
7:24	PSA.9.5	3
7:24	PRO.10.7	3
7:24	JER.10.11	3
7:24	ZEP.1.4	3
7:24	1CO.15.57	3
7:25	EXO.32.20	6
7:25	DEU.17.1	5
7:25	1CH.14.12	5
7:25	DEU.12.3	4
7:25	JOS.7.21	4
7:25	DEU.7.5	3
7:25	DEU.7.16	3
7:25	DEU.23.18	3
7:25	JOS.7.1	3
7:25	JDG.8.24-JDG.8.27	3
7:25	ISA.30.22	3
7:25	1TI.6.9-1TI.6.10	3
7:25	ZEP.1.3	2
7:25	REV.17.5	2
7:26	DEU.13.17	8
7:26	HOS.14.8	7
7:26	ISA.30.22	5
7:26	EZK.11.18	5
7:26	ROM.2.22	5
7:26	LEV.27.28-LEV.27.29	3
7:26	JOS.6.17-JOS.6.24	3
7:26	JOS.7.1-JOS.7.26	3
7:26	EZK.14.7	3
7:26	ISA.2.20	1
7:26	HAB.2.9-HAB.2.11	1
7:26	ZEC.5.4	1
8:1	DEU.4.1	16
8:1	DEU.5.32-DEU.6.3	12
8:1	1TH.4.1-1TH.4.2	11
8:1	PSA.119.4-PSA.119.6	5
8:2	JAS.1.3	27
8:2	EXO.16.4	16
8:2	DEU.8.16	16
8:2	1PE.1.7	16
8:2	DEU.2.7	13
8:2	1PE.5.5-1PE.5.6	11
8:2	EXO.15.25	10
8:2	MAL.3.2-MAL.3.3	10
8:2	JHN.2.25	9
8:2	JAS.4.6	9
8:2	2CH.32.31	8
8:2	DEU.29.5	7
8:2	JAS.4.10	7
8:2	EPH.2.11-EPH.2.12	6
8:2	DEU.1.3	5
8:2	DEU.13.3	5
8:2	PRO.17.3	5
8:2	AMO.2.10	5
8:2	LUK.18.14	5
8:2	2PE.3.1-2PE.3.2	5
8:2	GEN.22.1	4
8:2	DEU.1.33	4
8:2	DEU.7.18	4
8:2	2CH.32.25-2CH.32.26	4
8:2	2CH.33.12	4
8:2	2CH.33.19	4
8:2	JOB.33.17	4
8:2	JOB.42.5-JOB.42.6	4
8:2	PSA.77.11	4
8:2	PSA.81.7	4
8:2	PSA.106.7	4
8:2	PSA.136.16	4
8:2	ISA.2.17	4
8:2	JER.17.9-JER.17.10	4
8:2	2PE.1.12-2PE.1.13	4
8:2	REV.2.23	3
8:3	MAT.4.4	73
8:3	LUK.4.4	47
8:3	HEB.13.5-HEB.13.6	17
8:3	EXO.16.2-EXO.16.3	15
8:3	PSA.78.23-PSA.78.25	15
8:3	1CO.10.3	15
8:3	EXO.16.12-EXO.16.35	12
8:3	LUK.12.29-LUK.12.30	11
8:3	PSA.37.3	10
8:3	PSA.105.40	10
8:3	PSA.104.27-PSA.104.29	7
8:4	DEU.29.5	18
8:4	NEH.9.21	18
8:4	MAT.26.25-MAT.26.30	0
8:5	REV.3.19	18
8:5	2SA.7.14	15
8:5	PRO.3.12	14
8:5	JOB.5.17-JOB.5.18	13
8:5	HEB.12.5-HEB.12.11	12
8:5	1CO.11.32	10
8:5	PSA.94.12	8
8:5	PSA.89.32	6
8:5	EZK.18.28	6
8:5	DEU.4.9	3
8:5	DEU.4.23	2
8:5	ISA.1.3	2
8:5	EZK.12.3	2
8:6	DEU.5.33	9
8:6	1SA.12.24	7
8:6	2CH.6.31	7
8:6	EXO.18.20	5
8:6	PSA.128.1	5
8:6	LUK.1.6	4
8:7	DEU.11.9-DEU.11.12	11
8:7	EXO.3.8	9
8:7	EZK.20.6	7
8:7	DEU.6.10-DEU.6.11	6
8:7	PSA.65.9-PSA.65.13	6
8:7	NEH.9.24-NEH.9.25	4
8:8	JHN.6.13	7
8:8	PSA.147.14	6
8:8	DEU.32.14	4
8:8	HOS.2.22	4
8:8	JHN.6.9	4
8:8	2SA.4.6	3
8:8	1KI.5.11	3
8:8	2CH.2.10-2CH.2.15	3
8:8	PSA.81.16	3
8:8	ISA.7.23	3
8:8	JER.5.17	3
8:8	EZK.27.17	3
8:8	HOS.2.8	3
8:8	MIC.4.4	3
8:8	HAB.3.17	3
8:9	JOS.22.8	8
8:9	1CH.22.14	8
8:9	DEU.33.25	7
8:9	JOB.28.2	6
8:10	PSA.103.2	14
8:10	PRO.3.9	10
8:10	ROM.14.6	10
8:10	DEU.6.11-DEU.6.12	8
8:10	1CH.29.14	8
8:10	MAT.14.19	8
8:10	1TI.4.4-1TI.4.5	8
8:10	1CO.10.31	7
8:10	1TH.5.18	6
8:10	JHN.6.23	5
8:11	PSA.106.21	13
8:11	PRO.1.32	8
8:11	PRO.30.9	8
8:11	HOS.2.8-HOS.2.9	8
8:11	EZK.16.10-EZK.16.15	6
8:12	PRO.30.9	6
8:12	DEU.28.47	5
8:12	DEU.32.15	5
8:12	HOS.13.5-HOS.13.6	5
8:12	DEU.31.20	4
8:12	ECC.2.4	4
8:12	JER.22.14-JER.22.15	4
8:12	AMO.5.11	4
8:12	HAG.1.4	4
8:12	LUK.17.28	4
8:12	EZK.11.3	2
8:13	JOB.1.3	4
8:13	GEN.13.1-GEN.13.5	3
8:13	LUK.12.13-LUK.12.21	2
8:13	PSA.39.6	1
8:14	PSA.106.21	8
8:14	1CO.4.7-1CO.4.8	5
8:14	DEU.8.11	4
8:14	2CH.26.16	4
8:14	2CH.32.25	4
8:14	DEU.17.20	3
8:14	JER.2.6	3
8:14	JER.2.31	3
8:15	NUM.20.11	7
8:15	NUM.21.6	7
8:15	JER.2.6	5
8:15	DEU.1.19	4
8:15	PSA.114.8	4
8:15	ISA.63.12-ISA.63.14	4
8:15	HOS.13.5	4
8:15	PSA.78.15-PSA.78.16	3
8:15	1CO.10.4	3
8:15	EXO.17.5-EXO.17.6	2
8:15	DEU.32.13	2
8:15	PSA.105.41	2
8:15	PSA.136.16	2
8:15	ISA.35.7	2
8:16	EXO.16.15	7
8:16	DEU.8.3	7
8:16	JAS.1.12	6
8:16	JER.24.5-JER.24.6	5
8:16	HEB.12.10-HEB.12.11	5
8:16	1PE.1.7	4
8:16	LAM.3.26-LAM.3.33	3
8:16	ROM.8.28	3
8:16	2CO.4.17	3
8:17	DEU.9.4	12
8:17	1CO.4.7	8
8:17	DAN.4.30	7
8:17	ISA.10.8-ISA.10.14	6
8:17	DEU.7.17	5
8:17	HOS.12.8	5
8:17	HAB.1.16	3
8:18	PRO.10.22	127
8:18	HOS.2.8	86
8:18	DEU.7.8	69
8:18	PSA.127.1-PSA.127.2	62
8:18	DEU.7.12	61
8:18	PSA.144.1	46
8:19	DEU.4.26	5
8:19	DEU.29.25-DEU.29.28	2
8:19	DEU.30.18-DEU.30.19	2
8:19	JOS.23.13	2
8:19	1SA.12.25	2
8:19	DAN.9.2	2
8:19	AMO.3.2	2
8:19	ZEP.1.18	2
8:19	ZEP.3.6	2
8:19	LUK.12.47-LUK.12.48	2
8:19	LUK.13.3	2
8:19	LUK.13.5	2
8:19	DEU.28.58-DEU.28.68	1
8:20	DAN.9.11-DAN.9.12	3
8:20	2CH.36.16-2CH.36.17	2
9:1	DEU.11.31	6
9:1	DEU.1.28	5
9:1	DEU.4.38	5
9:1	DEU.3.18	3
9:1	DEU.7.1	3
9:1	DEU.11.23	3
9:1	JOS.1.11	3
9:1	NUM.13.22	2
9:1	NUM.13.28-NUM.13.33	2
9:1	DEU.27.2	2
9:1	JOS.3.6	2
9:1	JOS.3.14	2
9:1	JOS.3.16	2
9:1	JOS.4.5	2
9:1	JOS.4.19	2
9:2	NUM.13.22	3
9:2	EXO.9.11	2
9:2	NUM.13.28	2
9:2	NUM.13.33	2
9:2	DEU.2.11-DEU.2.12	2
9:2	DEU.2.21	2
9:2	DEU.7.24	2
9:2	JOB.11.10	2
9:2	DAN.8.4	2
9:2	DAN.11.16	2
9:2	NAM.1.6	2
9:3	DEU.4.24	17
9:3	ROM.8.31	15
9:3	HEB.12.29	14
9:3	DEU.20.4	13
9:3	DEU.7.23-DEU.7.24	12
9:3	EXO.23.29-EXO.23.31	10
9:3	JOS.3.11	10
9:3	MIC.2.13	9
9:3	DEU.1.30	7
9:3	2TH.1.8	7
9:3	JOS.3.14	6
9:3	ISA.41.10-ISA.41.16	6
9:3	DEU.7.1-DEU.7.2	5
9:3	ISA.33.14	5
9:3	NAM.1.5-NAM.1.6	5
9:3	MAT.15.10	5
9:3	MRK.7.14	5
9:3	EPH.5.17	5
9:3	REV.19.11-REV.19.16	5
9:3	DEU.31.3-DEU.31.6	4
9:3	ISA.27.4	4
9:3	ISA.30.27	4
9:3	ISA.30.30	4
9:3	ISA.30.33	4
9:3	DEU.7.16	3
9:3	DEU.9.6	3
9:4	DEU.8.17	6
9:4	DEU.9.5	5
9:4	DEU.18.9-DEU.18.14	5
9:4	2TI.1.9	5
9:4	LEV.18.24-LEV.18.30	4
9:4	1CO.4.7	4
9:4	GEN.15.16	3
9:4	DEU.7.7-DEU.7.8	3
9:4	DEU.12.31	3
9:4	ROM.11.6	3
9:4	TIT.3.3-TIT.3.5	3
9:4	EZK.36.22	2
9:4	EZK.36.32	2
9:4	ROM.11.20	2
9:4	1CO.4.4	2
9:4	EPH.2.4-EPH.2.5	2
9:5	TIT.3.5	7
9:5	GEN.17.8	6
9:5	GEN.26.4	5
9:5	GEN.12.7	4
9:5	GEN.13.15	4
9:5	GEN.15.7	4
9:5	GEN.28.13	3
9:5	EZK.20.14	3
9:5	EXO.32.13	2
9:5	MIC.7.20	2
9:5	LUK.1.54-LUK.1.55	2
9:5	ACT.3.25	2
9:5	ACT.13.32-ACT.13.33	2
9:5	ROM.11.28	2
9:5	ROM.15.8	2
9:6	DEU.9.13	5
9:6	DEU.10.16	5
9:6	EXO.32.9	4
9:6	DEU.31.27	4
9:6	ACT.7.51	4
9:6	EXO.33.3	3
9:6	EXO.34.9	3
9:6	DEU.9.3-DEU.9.4	2
9:6	2CH.30.8	2
9:6	2CH.36.13	2
9:6	PSA.78.8	2
9:6	ISA.48.3-ISA.48.4	2
9:6	EZK.2.4	2
9:6	EZK.20.44	2
9:6	ZEC.7.11-ZEC.7.12	2
9:6	ROM.5.20-ROM.5.21	1
9:7	EXO.14.11	5
9:7	EXO.16.2	5
9:7	NUM.21.5	5
9:7	NUM.11.4	4
9:7	NUM.25.2	4
9:7	EXO.17.2	2
9:7	NUM.20.2-NUM.20.5	2
9:7	DEU.8.2	2
9:7	DEU.31.27	2
9:7	DEU.32.5-DEU.32.6	2
9:7	NEH.9.16-NEH.9.18	2
9:7	PSA.78.8-PSA.78.72	2
9:7	PSA.95.8-PSA.95.11	2
9:7	EZK.16.61-EZK.16.63	2
9:7	EZK.20.43	2
9:7	EZK.36.31	2
9:7	1CO.15.9	2
9:7	EPH.2.11	2
9:7	1TI.1.13-1TI.1.15	2
9:7	NUM.14.1-NUM.14.10	1
9:7	NUM.16.1-NUM.16.35	1
9:8	PSA.106.19-PSA.106.22	3
9:8	EXO.32.7-EXO.32.10	2
9:8	EXO.32.16	2
9:9	EXO.34.28	8
9:9	EXO.24.18	7
9:9	EXO.24.12	4
9:9	EXO.24.15	4
9:9	1KI.19.8	4
9:9	DEU.9.18	3
9:9	MAT.4.2	3
9:9	EXO.31.18	2
9:9	DEU.9.15	2
9:9	1KI.13.8-1KI.13.9	2
9:9	2KI.6.22	2
9:9	JER.31.31-JER.31.32	2
9:9	GAL.4.24	2
9:10	EXO.31.18	6
9:10	DEU.10.4	3
9:10	DEU.18.16	3
9:10	HEB.8.10	3
9:10	EXO.19.17-EXO.19.19	2
9:10	EXO.20.1-EXO.20.18	2
9:10	DEU.4.10-DEU.4.15	2
9:10	DEU.5.6-DEU.5.21	2
9:10	MAT.12.28	2
9:10	LUK.11.20	2
9:10	2CO.3.3	2
9:11	DEU.9.9	3
9:11	NUM.10.33	2
9:11	HEB.8.6-HEB.8.10	2
9:11	HEB.9.4	2
9:12	EXO.32.7-EXO.32.8	6
9:12	DEU.31.29	5
9:12	JDG.2.17	5
9:12	HOS.6.4	3
9:12	GAL.1.6	3
9:12	GEN.6.11-GEN.6.12	2
9:12	DEU.4.16	2
9:12	DEU.9.16	2
9:12	DEU.32.5	2
9:12	PSA.78.57	2
9:12	JUD.1.10	2
9:13	DEU.9.6	6
9:13	DEU.10.16	5
9:13	2KI.17.14	5
9:13	EXO.32.9-EXO.32.10	4
9:13	DEU.31.27	4
9:13	GEN.11.5	2
9:13	GEN.18.21	2
9:13	PSA.50.7	2
9:13	JER.7.11	2
9:13	JER.13.27	2
9:13	HOS.6.10	2
9:13	MAL.3.5	2
9:14	DEU.29.20	8
9:14	EXO.32.10-EXO.32.13	6
9:14	PSA.9.5	4
9:14	NUM.14.11-NUM.14.12	3
9:14	PSA.109.13	3
9:14	LUK.11.7-LUK.11.10	3
9:14	LUK.18.1-LUK.18.8	3
9:14	ACT.7.51	3
9:14	REV.3.5	3
9:14	EXO.32.32-EXO.32.33	2
9:14	PRO.10.7	2
9:14	ISA.62.6-ISA.62.7	2
9:14	JER.14.11	2
9:14	JER.15.1	2
9:15	EXO.19.18	5
9:15	DEU.5.23	4
9:15	DEU.4.11	3
9:15	EXO.9.23	2
9:15	EXO.32.14-EXO.32.35	2
9:15	HEB.12.18	2
9:16	EXO.32.19	4
9:16	ACT.7.40-ACT.7.41	2
9:18	EXO.34.28	9
9:18	DEU.9.9	5
9:18	PSA.106.23	4
9:18	EXO.32.10-EXO.32.14	3
9:18	DEU.10.10	3
9:18	2SA.12.16	3
9:19	EXO.32.14	6
9:19	DEU.10.10	6
9:19	JAS.5.16-JAS.5.17	6
9:19	EXO.32.10-EXO.32.11	4
9:19	EXO.33.17	4
9:19	PSA.99.6	4
9:19	NEH.1.2-NEH.1.7	3
9:19	AMO.7.2-AMO.7.3	3
9:19	LUK.12.4-LUK.12.5	3
9:19	DEU.9.8	2
9:19	PSA.106.23	2
9:19	AMO.7.5-AMO.7.6	2
9:20	EXO.32.21	2
9:20	EXO.32.35	2
9:20	HEB.7.26-HEB.7.28	2
9:20	EXO.32.2-EXO.32.5	1
9:21	EXO.32.20	6
9:21	ISA.31.7	3
9:21	ISA.2.18-ISA.2.21	2
9:21	ISA.30.22	2
9:21	HOS.8.11	2
9:22	EXO.17.7	8
9:22	NUM.11.34	8
9:22	NUM.11.1-NUM.11.5	5
9:23	PSA.106.24-PSA.106.25	5
9:23	HEB.4.2	4
9:23	PSA.78.22	3
9:23	ISA.63.10	3
9:23	NUM.13.1-NUM.14.4	2
9:23	NUM.14.10-NUM.14.41	2
9:23	DEU.1.19-DEU.1.33	2
9:23	HEB.3.18-HEB.3.19	2
9:24	DEU.31.27	6
9:24	ACT.7.51	4
9:24	DEU.9.6-DEU.9.7	3
9:25	DEU.9.18	7
9:25	DEU.9.16	4
9:26	EXO.32.11-EXO.32.13	4
9:26	TIT.2.14	4
9:26	EXO.15.13	3
9:26	PSA.107.2	3
9:26	JER.14.21	3
9:26	REV.5.9	3
9:26	EXO.34.9	2
9:26	NUM.14.13-NUM.14.19	2
9:26	DEU.7.8	2
9:26	DEU.9.29	2
9:26	DEU.13.5	2
9:26	DEU.15.15	2
9:26	DEU.21.8	2
9:26	DEU.26.7-DEU.26.8	2
9:26	DEU.32.9	2
9:26	2SA.7.23	2
9:26	1KI.8.51	2
9:26	NEH.1.10	2
9:26	PSA.74.1-PSA.74.2	2
9:26	PSA.77.15	2
9:26	PSA.99.6	2
9:26	PSA.106.23	2
9:26	ISA.44.23	2
9:26	ISA.63.19	2
9:26	MIC.6.4	2
9:26	HEB.9.12	2
9:27	JER.14.21	4
9:27	MIC.7.18-MIC.7.19	4
9:27	EXO.3.6	2
9:27	EXO.3.16	2
9:27	EXO.6.3-EXO.6.8	2
9:27	EXO.13.5	2
9:27	EXO.32.13	2
9:27	EXO.32.31-EXO.32.32	2
9:27	1SA.25.25	2
9:27	PSA.78.8	2
9:27	PRO.21.12	2
9:27	ISA.43.24-ISA.43.25	2
9:27	JER.50.20	2
9:28	NUM.14.16	4
9:28	EXO.32.12	3
9:29	NEH.1.10	8
9:29	DEU.4.34	5
9:29	DEU.9.26	5
9:29	1KI.8.51	5
9:29	DEU.4.20	4
9:29	PSA.95.7	4
9:29	PSA.100.3	3
9:29	ISA.63.19	3
9:29	1KI.8.15	2
10:1	EXO.34.1-EXO.34.2	6
10:1	EXO.25.10-EXO.25.15	3
10:1	EXO.34.4	2
10:1	DEU.10.3-DEU.10.4	2
10:1	HEB.9.4	2
10:2	1KI.8.9	3
10:2	EXO.25.16-EXO.25.22	2
10:2	EXO.40.20	2
10:2	DEU.4.13	2
10:2	DEU.10.5	2
10:2	HEB.9.4	2
10:3	EXO.34.4	5
10:3	EXO.25.5	4
10:3	EXO.25.10	4
10:3	EXO.37.1-EXO.37.9	4
10:3	DEU.10.1	2
10:4	DEU.9.10	6
10:4	EXO.34.28	4
10:4	DEU.4.11-DEU.4.15	3
10:4	DEU.18.16	3
10:4	HEB.12.18-HEB.12.19	3
10:4	EXO.19.17-EXO.19.18	2
10:4	EXO.20.1-EXO.20.17	2
10:4	DEU.5.4-DEU.5.26	2
10:5	EXO.34.29	6
10:5	EXO.40.20	6
10:5	DEU.10.2	4
10:5	EXO.25.16	3
10:5	EXO.32.15	3
10:5	DEU.9.15	3
10:5	JOS.4.9	3
10:5	1KI.8.8-1KI.8.9	3
10:6	NUM.33.38	5
10:6	NUM.20.23-NUM.20.28	4
10:6	NUM.33.30-NUM.33.33	3
10:6	NUM.10.6	2
10:6	NUM.10.12-NUM.10.13	2
10:6	NUM.33.1-NUM.33.2	2
10:7	NUM.33.32-NUM.33.34	2
10:8	DEU.21.5	7
10:8	DEU.18.5	6
10:8	NUM.3.6	5
10:8	NUM.4.15	5
10:8	NUM.6.23-NUM.6.26	5
10:8	NUM.16.9-NUM.16.10	4
10:8	2CH.30.27	4
10:8	JER.15.19	4
10:8	JHN.15.16	4
10:8	EXO.29.1-EXO.29.37	3
10:8	LEV.9.22	3
10:8	NUM.1.47-NUM.1.53	3
10:8	NUM.18.1-NUM.18.32	3
10:8	1CH.15.12-1CH.15.15	3
10:8	1CH.15.26	3
10:8	PSA.135.2	3
10:8	ROM.12.7	3
10:8	LEV.8.9	2
10:8	NUM.3.1-NUM.3.4	2
10:8	NUM.3.31	2
10:8	NUM.8.1-NUM.8.26	2
10:8	DEU.17.12	2
10:8	1KI.8.3-1KI.8.4	2
10:8	1KI.8.6	2
10:8	1CH.23.26	2
10:8	2CH.5.4-2CH.5.5	2
10:8	2CH.29.11	2
10:8	PSA.134.2	2
10:8	EZK.44.11	2
10:8	EZK.44.15	2
10:8	ACT.13.2	2
10:8	ROM.1.1	2
10:8	2CO.6.17	2
10:8	GAL.1.15	2
10:9	EZK.44.28	5
10:9	NUM.18.20-NUM.18.24	4
10:9	DEU.18.1-DEU.18.2	4
10:9	NUM.26.62	2
10:9	JOS.14.3	2
10:10	DEU.9.18-DEU.9.19	5
10:10	DEU.9.25	5
10:10	EXO.34.28	4
10:10	EXO.32.33-EXO.32.34	3
10:10	EXO.33.17	3
10:10	EXO.24.18	2
10:10	EXO.32.14	2
10:10	DEU.3.23-DEU.3.27	2
10:10	MAT.27.42	2
10:11	EXO.33.1	6
10:11	EXO.32.34	5
10:12	MIC.6.8	41
10:12	DEU.6.5	37
10:12	LUK.10.27	30
10:12	DEU.5.33	28
10:12	DEU.11.13	24
10:12	MRK.12.29-MRK.12.33	19
10:12	MAT.22.37	18
10:12	JER.32.39-JER.32.40	14
10:12	1JN.4.19-1JN.4.20	13
10:12	DEU.4.29	12
10:12	DEU.30.16	12
10:12	ZEP.3.9	11
10:12	TIT.2.11-TIT.2.12	10
10:12	HEB.12.28	10
10:12	1PE.1.15-1PE.1.17	10
10:12	DEU.6.13	9
10:12	DEU.30.20	9
10:12	JOS.22.5	9
10:12	PSA.81.13	9
10:12	PSA.128.1	9
10:12	PSA.145.20	9
10:12	EZK.11.20	9
10:12	JOB.36.11	8
10:12	PSA.34.9	8
10:12	MAT.11.29-MAT.11.30	8
10:12	LUK.11.42	8
10:12	1JN.5.5	8
10:12	ACT.9.31	7
10:12	ROM.8.28	7
10:12	1JN.2.15	7
10:12	1JN.5.2-1JN.5.3	7
10:12	JER.7.22-JER.7.23	6
10:12	ROM.1.9	5
10:12	PSA.18.1	4
10:13	JER.32.39	7
10:13	DEU.6.24	5
10:13	JAS.1.25	4
10:13	PRO.9.12	0
10:14	EXO.19.5	10
10:14	PSA.24.1	9
10:14	PSA.115.16	8
10:14	NEH.9.6	7
10:14	1KI.8.27	6
10:14	PSA.148.4	6
10:14	EXO.9.29	5
10:14	2CH.6.18	5
10:14	PSA.50.12	5
10:14	JER.27.5-JER.27.6	5
10:14	GEN.14.19	4
10:14	ISA.66.1	4
10:14	1CO.10.26	4
10:14	1CO.10.28	4
10:15	DEU.4.37	7
10:15	NUM.14.8	2
10:15	DEU.7.7-DEU.7.8	2
10:15	ROM.9.13-ROM.9.23	2
10:16	JER.4.4	16
10:16	DEU.30.6	15
10:16	LEV.26.41	12
10:16	COL.2.11	10
10:16	ROM.2.28-ROM.2.29	9
10:16	DEU.9.6	7
10:16	JER.4.14	5
10:16	DEU.9.13	4
10:16	DEU.31.27	3
10:16	JAS.4.6-JAS.4.7	2
10:17	ACT.10.34	19
10:17	ROM.2.11	17
10:17	JOB.34.19	14
10:17	DAN.2.47	14
10:17	GAL.2.6	13
10:17	NEH.9.32	12
10:17	DEU.7.21	11
10:17	EPH.6.9	10
10:17	REV.19.16	10
10:17	JOS.22.22	9
10:17	1CH.16.25-1CH.16.26	9
10:17	NEH.1.5	8
10:17	PSA.99.3	8
10:17	PSA.136.2-PSA.136.3	8
10:17	DAN.11.36	8
10:17	REV.17.14	8
10:17	2CH.19.7	7
10:17	NEH.4.14	7
10:17	JOB.37.22-JOB.37.23	7
10:17	JER.20.11	7
10:17	COL.3.25	5
10:17	1PE.1.17	5
10:17	MRK.12.14	4
10:18	PSA.146.9	15
10:18	PSA.68.5	11
10:18	JER.49.11	6
10:18	PSA.145.9	5
10:18	ISA.1.17	5
10:18	PSA.103.6	4
10:18	EXO.22.22	3
10:18	HOS.14.3	3
10:18	MAT.5.45	3
10:18	ACT.14.17	2
10:19	LEV.19.33-LEV.19.34	11
10:19	EXO.22.21	10
10:19	LUK.17.18	3
10:19	GAL.6.10	3
10:19	JAS.2.15-JAS.2.16	3
10:19	1JN.3.17-1JN.3.18	3
10:19	LUK.6.35	2
10:19	LUK.10.28-LUK.10.37	2
10:20	DEU.6.13	14
10:20	DEU.13.4	12
10:20	LUK.4.8	12
10:20	DEU.11.22	9
10:20	PSA.63.11	8
10:20	MAT.4.10	8
10:20	ISA.45.23	5
10:20	DEU.4.4	4
10:20	JOS.23.8	4
10:20	ACT.11.23	3
10:20	ROM.12.9	3
10:21	JER.17.14	7
10:21	EXO.15.2	5
10:21	REV.21.23	5
10:21	DEU.4.32-DEU.4.35	4
10:21	2SA.7.23	4
10:21	PSA.22.3	4
10:21	1SA.12.24	3
10:21	PSA.106.21-PSA.106.22	3
10:21	PSA.109.1	3
10:21	ISA.12.2-ISA.12.6	3
10:21	ISA.60.19	3
10:21	ISA.64.3	3
10:21	JER.32.20-JER.32.21	3
10:21	LUK.2.32	3
10:22	GEN.46.27	8
10:22	EXO.1.5	7
10:22	GEN.15.5	6
10:22	DEU.1.10	5
10:22	DEU.28.62	4
10:22	NEH.9.23	4
10:22	NUM.26.51	3
10:22	ACT.7.14	3
10:22	NUM.26.62	2
10:22	HEB.11.12	2
11:1	DEU.6.5	12
11:1	DEU.10.12	10
11:1	LUK.1.74-LUK.1.75	10
11:1	DEU.30.16-DEU.30.20	9
11:1	LEV.8.35	8
11:1	DEU.4.40	8
11:1	DEU.6.1	8
11:1	ZEC.3.7	8
11:1	DEU.4.1	7
11:1	DEU.4.5	7
11:1	PSA.105.45	7
11:1	PSA.116.1	6
11:2	DEU.4.34	2
11:2	DEU.5.24	2
11:2	DEU.7.19	2
11:2	DEU.8.2-DEU.8.5	2
11:2	DEU.8.19	2
11:2	DEU.9.26	2
11:2	DEU.29.10	2
11:2	PRO.22.19	2
11:2	ACT.26.22	2
11:3	DEU.7.19	3
11:3	DEU.4.34	2
11:3	PSA.78.12-PSA.78.13	2
11:3	PSA.105.27-PSA.105.45	2
11:3	PSA.135.9	2
11:3	JER.32.20-JER.32.21	2
11:4	EXO.14.23-EXO.14.31	3
11:4	EXO.15.9-EXO.15.10	3
11:4	EXO.15.19	3
11:4	PSA.106.11	3
11:4	EXO.15.4	2
11:4	HEB.11.29	2
11:5	PSA.77.20	2
11:5	PSA.78.14-PSA.78.72	2
11:5	PSA.105.39-PSA.105.41	2
11:5	PSA.106.12-PSA.106.48	2
11:6	NUM.26.9-NUM.26.10	10
11:6	PSA.106.17	7
11:6	NUM.16.1-NUM.16.35	6
11:6	NUM.27.3	4
11:7	PSA.145.4-PSA.145.6	3
11:7	PSA.145.12	3
11:7	PSA.150.2	3
11:7	DEU.5.3	2
11:7	DEU.7.19	2
11:7	PSA.106.2	2
11:8	JOS.1.6-JOS.1.7	7
11:8	EPH.6.10	7
11:8	EPH.3.16	5
11:8	PHP.4.13	5
11:8	DEU.31.23	4
11:8	2CO.12.9-2CO.12.10	4
11:8	DEU.8.10-DEU.8.11	3
11:8	PSA.138.3	3
11:8	DEU.10.12-DEU.10.15	2
11:8	DEU.26.16-DEU.26.19	2
11:8	DEU.28.47	2
11:8	DEU.31.6-DEU.31.7	2
11:8	PSA.116.12-PSA.116.16	2
11:8	DAN.10.19	2
11:8	COL.1.11	2
11:8	ISA.40.31	1
11:9	EXO.3.8	8
11:9	DEU.4.40	6
11:9	DEU.6.2	5
11:9	EZK.20.6	5
11:9	DEU.5.16	4
11:9	DEU.9.5	4
11:9	DEU.6.18	3
11:9	PSA.34.12-PSA.34.22	3
11:9	PRO.3.2	3
11:9	PRO.3.16	3
11:9	PRO.9.11	3
11:9	PRO.10.27	3
11:10	ZEC.14.18	4
11:11	HEB.6.7	18
11:11	DEU.8.7-DEU.8.9	17
11:11	PSA.65.12-PSA.65.13	15
11:11	GEN.27.28	13
11:11	PSA.104.10-PSA.104.13	7
11:11	ISA.28.1	7
11:11	JER.2.7	7
11:12	JER.24.6	20
11:12	1KI.9.3	18
11:12	PSA.33.18	18
11:12	PSA.34.15	15
11:12	EZR.5.5	10
11:13	DEU.4.29	6
11:13	DEU.10.12	6
11:13	DEU.6.5-DEU.6.6	4
11:13	DEU.6.17	4
11:13	DEU.11.8	4
11:13	PSA.119.4	3
11:13	DEU.11.22	2
11:14	JAS.5.7	13
11:14	LEV.26.4	10
11:14	DEU.28.12	9
11:14	EZK.34.26	8
11:14	JOL.2.22-JOL.2.23	8
11:14	JER.14.22	6
11:14	JOB.5.10-JOB.5.11	5
11:14	JOB.37.11-JOB.37.13	5
11:14	PSA.65.9-PSA.65.13	5
11:15	DEU.6.11	7
11:15	PSA.104.14	7
11:15	JOL.2.19	6
11:15	MAL.3.10-MAL.3.11	4
11:15	JOL.2.22	3
11:15	DEU.8.10	2
11:15	JOL.1.18	1
11:15	HAG.1.6	1
11:15	1KI.18.5	0
11:15	JER.14.5	0
11:16	JOB.31.27	6
11:16	HEB.3.12	6
11:16	HEB.2.1	5
11:16	DEU.29.18	4
11:16	JAS.1.26	4
11:16	DEU.4.23	3
11:16	DEU.8.19	3
11:16	DEU.30.17	3
11:16	ISA.44.20	3
11:16	LUK.21.34	3
11:16	1JN.5.21	3
11:16	DEU.4.9	2
11:16	DEU.13.3	2
11:16	LUK.21.8	2
11:16	LUK.21.36	2
11:16	HEB.4.1	2
11:16	HEB.12.15	2
11:16	REV.12.9	2
11:16	REV.13.14	2
11:16	REV.20.4	2
11:17	1KI.8.35	9
11:17	DEU.6.15	8
11:17	2CH.6.26	8
11:17	AMO.4.7	8
11:17	1KI.17.1	7
11:17	DEU.4.26	6
11:17	DEU.8.19-DEU.8.20	5
11:17	DEU.28.23-DEU.28.24	5
11:17	DEU.30.17-DEU.30.18	5
11:17	2CH.7.13	5
11:17	JER.14.1-JER.14.6	4
11:17	HAG.1.9-HAG.1.11	4
11:17	JOS.23.13-JOS.23.16	3
11:18	DEU.6.6-DEU.6.9	19
11:18	COL.3.16	19
11:18	PRO.3.1	15
11:18	PSA.119.11	14
11:18	2PE.3.1-2PE.3.2	14
11:18	EXO.13.9	13
11:18	PRO.6.20-PRO.6.23	13
11:18	2PE.1.12	11
11:18	EXO.13.16	9
11:18	DEU.32.46	9
11:18	PRO.7.2-PRO.7.3	9
11:18	HEB.2.1	9
11:18	MAT.23.5	4
11:19	DEU.6.7	13
11:19	DEU.4.9-DEU.4.10	7
11:19	PSA.34.11	7
11:19	PRO.2.1	7
11:19	ISA.38.19	7
11:19	PRO.4.1-PRO.4.27	4
11:19	PSA.78.5-PSA.78.6	3
11:20	DEU.6.9	6
11:21	PRO.3.2	6
11:21	PRO.4.10	6
11:21	PRO.9.11	5
11:21	DEU.4.40	4
11:21	PSA.72.5	4
11:21	PSA.89.28-PSA.89.29	3
11:21	DEU.5.16	2
11:21	DEU.6.2	2
11:21	PRO.3.16	2
11:21	ISA.65.20	2
11:21	REV.20.6	2
11:22	DEU.6.17	6
11:22	DEU.11.13	6
11:22	DEU.10.20	5
11:22	GEN.2.24	3
11:22	DEU.30.20	3
11:22	ACT.11.23	3
11:22	2CO.11.2-2CO.11.3	3
11:22	2TI.4.8	3
11:22	1JN.5.2-1JN.5.3	2
11:22	MAT.22.37	1
11:23	DEU.4.38	7
11:23	DEU.9.1	5
11:23	EXO.23.27-EXO.23.30	2
11:23	EXO.34.11	2
11:23	DEU.7.1-DEU.7.2	2
11:23	DEU.7.22-DEU.7.23	2
11:23	DEU.9.5	2
11:24	JOS.14.9	14
11:24	GEN.15.18-GEN.15.21	10
11:24	EXO.23.31	10
11:24	1KI.4.21	7
11:24	2CH.9.26	5
11:24	JOS.1.3-JOS.1.4	4
11:24	1KI.4.24	4
11:24	NUM.34.3-NUM.34.15	3
11:25	EXO.23.27	12
11:25	DEU.7.24	12
11:25	JOS.1.5	11
11:25	DEU.2.25	9
11:25	JOS.5.1	8
11:25	JOS.2.9	7
11:26	DEU.30.1	11
11:26	DEU.30.15-DEU.30.20	11
11:26	GAL.3.10	5
11:26	GAL.3.13-GAL.3.14	3
11:27	ISA.1.19	132
11:27	DEU.28.1-DEU.28.14	112
11:27	ISA.3.10	91
11:27	LUK.11.28	74
11:27	LEV.26.3-LEV.26.13	71
11:27	JHN.13.17	57
11:27	JHN.14.21-JHN.14.23	54
11:27	PSA.19.11	45
11:27	ROM.2.7	45
11:27	JAS.1.25	42
11:27	REV.22.14	38
11:27	MAT.5.3-MAT.5.12	37
11:27	MAT.25.31-MAT.25.46	37
11:28	DEU.28.15-DEU.28.68	3
11:28	ROM.2.8-ROM.2.9	3
11:28	GAL.3.10	3
11:28	LEV.26.14-LEV.26.32	2
11:28	DEU.29.19-DEU.29.28	2
11:28	ISA.1.20	2
11:28	ISA.3.11	2
11:28	MAT.25.41	2
11:29	DEU.27.12-DEU.27.26	3
11:29	JOS.8.30-JOS.8.35	3
11:30	GEN.12.6	4
11:30	JDG.7.1	3
11:30	JOS.4.19	2
11:30	JOS.5.9	2
11:31	JOS.1.11	6
11:31	DEU.9.1	4
11:31	JOS.3.13-JOS.3.17	2
11:32	DEU.12.32	3
11:32	MAT.28.20	3
11:32	DEU.5.32-DEU.5.33	2
11:32	PSA.119.6	2
11:32	MAT.7.21-MAT.7.27	2
11:32	LUK.1.6	2
11:32	JHN.15.14	2
11:32	1TH.4.1-1TH.4.2	2
12:1	1KI.8.40	4
12:1	JOB.7.1	3
12:1	DEU.4.1-DEU.4.2	2
12:1	DEU.4.5	2
12:1	DEU.4.9-DEU.4.10	2
12:1	DEU.4.19	2
12:1	DEU.4.45	2
12:1	DEU.6.1-DEU.6.2	2
12:1	DEU.12.19	2
12:1	PSA.104.33	2
12:1	PSA.146.2	2
12:2	DEU.7.5	8
12:2	NUM.33.51-NUM.33.52	5
12:2	2KI.16.4	5
12:2	EXO.34.12-EXO.34.17	4
12:2	DEU.7.25-DEU.7.26	4
12:2	2KI.17.10-2KI.17.11	4
12:2	JER.3.6	3
12:2	EZK.20.28-EZK.20.29	3
12:2	EXO.23.24	2
12:2	NUM.22.41	2
12:2	JDG.2.2	2
12:2	2KI.23.13	2
12:2	HOS.4.13	2
12:3	NUM.33.52	5
12:3	JDG.2.2	5
12:3	ZEC.13.2	5
12:3	PSA.16.4	4
12:3	EXO.23.13	3
12:3	DEU.7.5	3
12:3	1KI.15.13	2
12:3	2KI.18.4	2
12:3	2KI.23.14	2
12:3	2CH.19.3	2
12:3	2CH.31.1	2
12:3	2CH.34.3	2
12:3	JER.17.2	2
12:3	HOS.2.17	2
12:3	MIC.5.14	2
12:3	REV.13.1	2
12:3	2CH.14.3	1
12:4	LEV.20.23	7
12:4	DEU.20.18	5
12:4	DEU.12.30-DEU.12.31	4
12:4	DEU.16.21-DEU.16.22	4
12:5	DEU.12.11	17
12:5	DEU.26.2	13
12:5	2CH.7.12	13
12:5	DEU.16.2	10
12:5	1KI.8.29	9
12:5	DEU.12.13	7
12:5	PSA.78.68	7
12:5	PSA.132.13-PSA.132.14	7
12:5	PSA.87.2-PSA.87.3	6
12:5	ISA.66.1-ISA.66.2	6
12:5	1KI.8.16	5
12:5	1KI.8.20	5
12:5	1KI.8.27	5
12:5	COL.2.9	5
12:5	NUM.7.89	4
12:5	HEB.12.22	4
12:5	EXO.15.2	3
12:5	EXO.25.22	3
12:5	JOS.9.27	3
12:5	1KI.14.21	3
12:5	1CH.22.1	3
12:5	JHN.4.20-JHN.4.22	3
12:5	ACT.7.48-ACT.7.50	3
12:5	EPH.2.20-EPH.2.22	3
12:5	JOS.18.1	1
12:5	REV.14.1	0
12:6	DEU.15.19-DEU.15.20	3
12:6	LEV.17.3-LEV.17.9	2
12:6	LEV.27.32-LEV.27.33	2
12:6	NUM.18.15-NUM.18.17	2
12:6	DEU.12.17	2
12:6	DEU.14.22-DEU.14.26	2
12:6	DEU.26.2	2
12:6	EZK.20.40	2
12:6	MAL.3.8	2
12:6	MAL.3.10	2
12:6	LUK.11.42	2
12:6	LUK.18.12	2
12:7	DEU.12.18	7
12:7	LEV.23.40	6
12:7	DEU.14.26	6
12:7	DEU.12.12	5
12:7	PSA.128.1-PSA.128.2	4
12:7	PHP.4.4	4
12:7	DEU.14.23	3
12:7	DEU.15.20	3
12:7	DEU.16.11-DEU.16.15	3
12:7	DEU.27.7	3
12:7	DEU.26.11	2
12:7	ISA.23.18	2
12:7	MAL.2.13	2
12:7	ACT.2.46	2
12:8	JDG.21.25	9
12:8	JDG.17.6	8
12:8	PRO.21.2	5
12:8	NUM.15.39	4
12:8	ACT.7.42	4
12:8	AMO.5.25	1
12:9	1KI.8.56	5
12:9	DEU.25.19	4
12:9	PSA.95.11	4
12:9	MIC.2.10	3
12:9	HEB.4.8-HEB.4.9	3
12:9	1CH.23.25	2
12:9	1PE.1.3-1PE.1.4	2
12:10	EZK.34.28	5
12:10	JER.33.11	4
12:10	DEU.3.27	3
12:10	DEU.4.22	3
12:10	DEU.11.31	3
12:10	LEV.25.18-LEV.25.19	2
12:10	DEU.9.1	2
12:10	DEU.33.12	2
12:10	DEU.33.28	2
12:10	JOS.3.17-JOS.4.1	2
12:10	JOS.4.12	2
12:10	1SA.7.12	2
12:10	1KI.4.25	2
12:10	PSA.4.8	2
12:10	PRO.1.33	2
12:10	JER.23.6	2
12:10	JER.32.37	2
12:10	EZK.28.26	2
12:10	EZK.34.25	2
12:10	EZK.38.8	2
12:11	DEU.12.5	5
12:11	DEU.15.20	5
12:11	DEU.16.2-DEU.16.8	3
12:11	DEU.17.8	3
12:11	DEU.18.6	3
12:11	JHN.4.20-JHN.4.23	3
12:11	DEU.12.14	2
12:11	DEU.12.18	2
12:11	DEU.12.21	2
12:11	DEU.12.26	2
12:11	DEU.14.23	2
12:11	DEU.23.16	2
12:11	DEU.26.2	2
12:11	DEU.31.11	2
12:11	JOS.18.1	2
12:11	1KI.8.13	2
12:11	1KI.8.29	2
12:11	PSA.78.68	2
12:11	JER.7.12	2
12:12	DEU.12.7	7
12:12	DEU.10.9	6
12:12	DEU.26.12	6
12:12	DEU.12.19	5
12:12	DEU.14.29	5
12:12	NUM.18.20	4
12:12	JOS.13.33	4
12:12	JOS.14.4	4
12:12	1KI.8.66	4
12:12	2CH.29.36	4
12:12	2CH.30.21-2CH.30.26	4
12:12	PSA.147.1	4
12:12	NUM.18.23-NUM.18.24	3
12:12	NUM.18.26	3
12:12	JOS.13.14	3
12:12	1JN.1.3-1JN.1.4	3
12:12	DEU.14.26-DEU.14.27	2
12:12	DEU.16.11	2
12:12	DEU.16.14	2
12:12	DEU.18.1-DEU.18.2	2
12:12	DEU.18.6	2
12:12	NEH.8.10-NEH.8.12	2
12:12	PSA.100.1-PSA.100.2	2
12:13	LEV.17.2-LEV.17.5	3
12:13	DEU.12.6	3
12:13	1KI.15.34	3
12:13	2CH.15.17	3
12:13	1KI.12.28-1KI.12.32	2
12:14	DEU.12.5	3
12:14	DEU.12.11	3
12:14	2CO.5.19	3
12:14	PSA.5.7	2
12:14	PSA.9.11	2
12:14	HEB.10.19-HEB.10.22	2
12:14	HEB.13.15	2
12:15	DEU.14.5	6
12:15	DEU.12.20-DEU.12.23	3
12:15	DEU.14.26	3
12:15	DEU.15.22-DEU.15.23	3
12:15	LEV.17.3-LEV.17.5	2
12:16	GEN.9.4	5
12:16	DEU.15.23	4
12:16	DEU.12.23-DEU.12.24	3
12:16	ACT.15.29	3
12:16	LEV.7.26-LEV.7.27	2
12:16	LEV.17.10-LEV.17.13	2
12:16	1TI.4.4	2
12:17	DEU.26.14	4
12:17	DEU.12.6	3
12:17	DEU.14.22-DEU.14.29	3
12:17	LEV.27.30-LEV.27.32	2
12:17	NUM.18.21-NUM.18.24	2
12:17	DEU.12.11	2
12:17	DEU.12.26	2
12:17	DEU.26.12	2
12:18	DEU.12.7	7
12:18	DEU.14.23	4
12:18	DEU.12.5	3
12:18	DEU.12.11-DEU.12.12	2
12:18	DEU.12.19	2
12:18	DEU.15.20	2
12:18	PSA.32.11	2
12:18	PSA.68.3	2
12:18	PRO.3.17	2
12:18	ISA.12.3	2
12:18	ACT.2.46	2
12:18	ACT.16.34	2
12:18	1CO.10.31	2
12:18	GAL.5.22	2
12:18	PHP.3.1-PHP.3.3	2
12:19	2CH.31.4-2CH.31.21	5
12:19	NEH.10.34-NEH.10.39	4
12:19	DEU.14.27-DEU.14.29	3
12:19	2CH.11.13-2CH.11.14	3
12:19	1CO.9.10-1CO.9.14	3
12:20	DEU.19.8	7
12:20	DEU.11.24	6
12:20	EXO.34.24	5
12:20	GEN.28.14	4
12:20	1CH.4.10	4
12:20	GEN.15.18-GEN.15.21	3
12:20	EXO.23.31	3
12:20	DEU.12.15	3
12:20	PSA.63.1	3
12:20	PSA.107.9	3
12:20	GEN.31.30	2
12:20	NUM.11.4	2
12:20	NUM.11.20	2
12:20	NUM.11.34	2
12:20	2SA.13.39	2
12:20	2SA.23.15	2
12:20	PSA.84.2	2
12:20	PSA.119.20	2
12:20	PSA.119.40	2
12:20	PSA.119.174	2
12:20	2CO.9.14	2
12:20	PHP.1.8	2
12:20	PHP.2.26	1
12:21	DEU.12.5	3
12:21	EXO.20.24	2
12:21	DEU.12.11	2
12:21	DEU.12.15	2
12:21	DEU.14.23-DEU.14.24	2
12:21	DEU.16.6	2
12:21	DEU.16.11	2
12:21	DEU.26.2	2
12:21	1KI.14.21	2
12:21	2CH.12.13	2
12:21	EZR.6.12	2
12:22	DEU.12.15-DEU.12.16	4
12:23	LEV.17.11	14
12:23	GEN.9.4	11
12:23	LEV.17.13-LEV.17.14	7
12:23	LEV.3.16-LEV.3.17	6
12:23	DEU.12.16	6
12:23	MAT.20.28	0
12:23	REV.5.9	0
12:24	DEU.12.16	2
12:24	DEU.15.23	1
12:25	EXO.15.26	5
12:25	DEU.4.40	5
12:25	1KI.11.38	5
12:25	ISA.3.10	5
12:25	DEU.13.18	4
12:25	DEU.6.18	3
12:25	DEU.5.16	2
12:25	DEU.12.28	2
12:25	PSA.112.2	2
12:25	ECC.2.26	2
12:25	ISA.48.18-ISA.48.19	2
12:25	EZK.33.25	2
12:26	NUM.5.9-NUM.5.10	4
12:26	NUM.18.19	4
12:26	GEN.28.20	2
12:26	LEV.22.18-LEV.22.33	2
12:26	DEU.12.6	2
12:26	DEU.12.11	2
12:26	DEU.12.17-DEU.12.18	2
12:26	DEU.12.21	2
12:26	1SA.1.21-1SA.1.24	2
12:26	PSA.66.13-PSA.66.15	2
12:27	LEV.1.13	6
12:27	LEV.1.9	5
12:27	LEV.17.11	5
12:27	LEV.1.5	4
12:27	LEV.4.30	3
12:28	DEU.4.40	3
12:28	DEU.12.25	3
12:28	JHN.15.10	3
12:28	JHN.15.14	3
12:28	EXO.34.11	2
12:28	LEV.19.37	2
12:28	DEU.24.8	2
12:28	2CH.7.17	2
12:28	NEH.1.5	2
12:28	PSA.105.45	2
12:28	EZK.37.24	2
12:28	JHN.15.3	2
12:29	JOS.23.4	5
12:29	DEU.19.1	3
12:29	EXO.23.23	2
12:29	DEU.9.3	2
12:29	PSA.78.55	2
12:30	JER.10.2	5
12:30	EZK.20.32	5
12:30	EXO.23.31-EXO.23.33	4
12:30	DEU.7.16	4
12:30	PSA.106.34-PSA.106.38	4
12:30	EZK.20.28	4
12:30	EPH.4.17	4
12:30	LEV.18.3	3
12:30	NUM.33.52	3
12:30	JDG.2.2-JDG.2.3	3
12:30	2KI.17.15	3
12:30	1PE.4.3-1PE.4.4	3
12:30	ROM.12.2	2
12:31	JER.32.35	7
12:31	DEU.18.9-DEU.18.10	5
12:31	2KI.17.15-2KI.17.17	5
12:31	2KI.21.2	5
12:31	JER.7.31	5
12:31	DEU.9.5	4
12:31	DEU.12.4	4
12:31	EXO.23.2	3
12:31	LEV.18.3	3
12:31	LEV.18.21	2
12:31	LEV.18.26-LEV.18.30	2
12:31	LEV.20.2	2
12:31	2CH.33.2	2
12:31	2CH.36.14	2
12:31	EZK.20.31	2
12:31	EZK.23.27	2
12:31	MIC.6.7	2
12:32	DEU.4.2	25
12:32	REV.22.18-REV.22.19	19
12:32	JOS.1.7	16
12:32	PRO.30.6	13
12:32	DEU.13.18	7
12:32	MAT.28.20	6
13:1	JER.23.25-JER.23.28	11
13:1	1JN.4.1	11
13:1	JER.29.8	8
13:1	1KI.13.18	6
13:1	ISA.9.15	6
13:1	JER.27.9	6
13:1	MRK.13.22	5
13:1	LUK.6.26	5
13:1	2TH.2.9	5
13:1	JER.6.13	4
13:1	JER.23.11	4
13:1	EZK.13.2-EZK.13.3	4
13:1	EZK.13.23	4
13:1	ZEC.10.2	4
13:1	ZEC.13.4	4
13:1	MAT.7.15	4
13:1	MAT.24.11	4
13:1	JER.29.24	3
13:1	MAT.24.24	3
13:1	2PE.2.1	3
13:2	DEU.13.6	3
13:2	DEU.18.22	3
13:2	JER.28.9	3
13:2	MAT.7.22-MAT.7.23	3
13:2	MAT.24.24	3
13:2	2CO.11.13-2CO.11.15	3
13:2	2TH.2.9-2TH.2.11	3
13:2	REV.13.13-REV.13.14	3
13:2	EXO.7.22	2
13:2	DEU.13.13	2
13:2	1KI.13.3	2
13:3	DEU.8.2	6
13:3	PSA.66.10	5
13:3	1CO.11.19	5
13:3	DEU.6.5	4
13:3	1JN.4.1	4
13:3	ISA.8.20	3
13:3	MAT.24.24	3
13:3	2TH.2.11	3
13:3	REV.13.14	3
13:3	DEU.8.16	2
13:3	PSA.81.7	2
13:3	ACT.17.11	2
13:3	2CO.8.8	2
13:3	EPH.4.14	2
13:3	1JN.2.19	2
13:3	1JN.4.4	2
13:4	COL.1.10	18
13:4	DEU.10.20	15
13:4	1CO.6.17	12
13:4	JER.7.23	11
13:4	2KI.23.3	9
13:4	2CH.34.31	9
13:4	DEU.30.20	8
13:4	MIC.6.8	8
13:4	DEU.6.13	6
13:4	1TH.4.1-1TH.4.2	6
13:4	LUK.1.6	5
13:4	ROM.6.13	5
13:5	DEU.18.20	4
13:5	1CO.5.13	4
13:5	DEU.13.10	3
13:5	DEU.17.7	3
13:5	DEU.19.19	3
13:5	DEU.22.21	3
13:5	DEU.24.7	3
13:5	JER.14.15	3
13:5	DEU.22.24	2
13:5	1KI.18.40	2
13:5	ISA.9.14-ISA.9.15	2
13:5	ISA.28.17-ISA.28.18	2
13:5	JER.28.15-JER.28.17	2
13:5	JER.29.21-JER.29.22	2
13:5	JER.50.6	2
13:5	ZEC.13.3	2
13:5	ACT.13.8	2
13:5	2TI.4.4-2TI.4.5	2
13:5	HEB.12.14-HEB.12.15	2
13:5	REV.19.20	2
13:5	DEU.7.4	1
13:6	DEU.17.2-DEU.17.7	6
13:6	EPH.4.14	5
13:6	2PE.2.1	5
13:6	1JN.2.26-1JN.2.27	5
13:6	PRO.18.24	4
13:6	MIC.7.5-MIC.7.7	4
13:6	DEU.28.54	3
13:6	DEU.29.18	3
13:6	1SA.18.1	3
13:6	1SA.18.3	3
13:6	1SA.20.17	3
13:6	1KI.11.5-1KI.11.7	3
13:6	MAT.12.48-MAT.12.50	3
13:6	REV.12.9	3
13:6	REV.20.3	3
13:6	GEN.16.5	2
13:6	DEU.32.16-DEU.32.18	2
13:6	JDG.2.13	2
13:6	JDG.5.8	2
13:6	JDG.10.6	2
13:6	2KI.17.30-2KI.17.31	2
13:6	JOB.31.27	2
13:6	2CO.5.16	2
13:6	GAL.2.4	2
13:6	COL.2.4	2
13:6	REV.13.14	2
13:6	2SA.1.26	1
13:6	PRO.5.20	1
13:8	DEU.19.13	5
13:8	PRO.1.10	5
13:8	DEU.7.16	4
13:8	EZK.9.5-EZK.9.6	3
13:8	EXO.20.3	2
13:8	EZK.5.11	2
13:8	GAL.1.8-GAL.1.9	2
13:8	1JN.5.21	2
13:9	DEU.17.2-DEU.17.7	2
13:9	MAT.10.37	2
13:9	LUK.14.26	2
13:9	JHN.8.7	2
13:9	ACT.7.58	2
13:10	JOS.7.25	3
13:10	EXO.20.2	2
13:10	LEV.20.2	2
13:10	LEV.20.27	2
13:10	LEV.24.14-LEV.24.16	2
13:10	LEV.24.23	2
13:10	NUM.15.35-NUM.15.36	2
13:10	DEU.21.21	2
13:10	2CH.24.21	2
13:11	DEU.19.20	5
13:11	DEU.17.13	3
13:11	PRO.19.25	2
13:11	PRO.21.11	2
13:11	1TI.5.20	2
13:12	JOS.22.11-JOS.22.34	2
13:12	JDG.20.1-JDG.20.17	2
13:13	1JN.2.19	5
13:13	DEU.13.2	4
13:13	DEU.13.6	4
13:13	2CO.6.15	4
13:13	JDG.19.22	3
13:13	JDG.20.13	3
13:13	1SA.2.12	3
13:13	1SA.25.17	3
13:13	2SA.16.7	3
13:13	2SA.20.1	3
13:13	2SA.23.6	3
13:13	1KI.21.10	3
13:13	1KI.21.13	3
13:13	JHN.8.44	3
13:13	JUD.1.19	3
13:13	DEU.4.19	2
13:13	1SA.10.27	2
13:13	1SA.25.25	2
13:13	2KI.17.21	2
13:13	2CH.13.7	2
13:13	1JN.3.10	2
13:14	DEU.17.4	5
13:14	ISA.11.3-ISA.11.4	4
13:14	JHN.7.24	4
13:14	1TI.5.19	4
13:14	NUM.35.30	3
13:14	DEU.10.18	3
13:15	EXO.22.20	3
13:15	LEV.27.28	3
13:15	DEU.7.2	3
13:15	EXO.23.24	2
13:15	DEU.2.34	2
13:15	DEU.7.16	2
13:15	JOS.6.17-JOS.6.21	2
13:15	JOS.6.24	2
13:15	JDG.20.48	2
13:15	REV.17.16	2
13:15	REV.18.18-REV.18.24	2
13:15	REV.19.2-REV.19.3	2
13:16	JOS.8.28	5
13:16	JER.49.2	5
13:16	JOS.6.24	4
13:16	ISA.17.1	4
13:16	ISA.25.2	4
13:16	NUM.21.2-NUM.21.3	2
13:16	JOS.6.26	2
13:16	MIC.1.6	2
13:17	GEN.26.4	4
13:17	GEN.26.24	4
13:17	DEU.7.26	4
13:17	JOS.7.26	4
13:17	GEN.28.14	3
13:17	DEU.30.3	3
13:17	JOS.6.18	3
13:17	GEN.22.16-GEN.22.17	2
13:17	EXO.20.6	2
13:17	LEV.27.28-LEV.27.29	2
13:17	NUM.25.4	2
13:17	DEU.7.13	2
13:17	JOS.6.26	2
13:17	JOS.7.1	2
13:17	JOS.22.20	2
13:17	PSA.78.38	2
13:17	LAM.3.32	2
13:17	EZK.37.26	2
13:17	1CO.16.22	2
13:18	DEU.12.28	5
13:18	DEU.12.25	4
13:18	MAT.7.21	4
13:18	MAT.7.24	4
13:18	DEU.12.32	3
13:18	PSA.119.6	3
13:18	MAT.6.33	3
14:1	LEV.21.5	7
14:1	ROM.9.8	7
14:1	GAL.3.26	7
14:1	ROM.9.26	6
14:1	JER.16.6	5
14:1	JER.41.5	5
14:1	HOS.1.10	5
14:1	JHN.1.12	5
14:1	ROM.8.16	5
14:1	HEB.2.10	5
14:1	LEV.19.27-LEV.19.28	4
14:1	PSA.82.6-PSA.82.7	4
14:1	JER.3.19	4
14:1	JHN.11.52	4
14:1	2CO.6.18	4
14:1	1JN.3.1-1JN.3.2	4
14:1	1JN.3.10	4
14:1	GEN.6.2	3
14:1	GEN.6.4	3
14:1	EXO.4.22-EXO.4.23	2
14:1	JER.47.5	2
14:1	1TH.4.13	2
14:1	1JN.5.2	2
14:2	DEU.7.6	23
14:2	LEV.20.26	19
14:2	EXO.19.5-EXO.19.6	13
14:2	DEU.26.18-DEU.26.19	13
14:2	1PE.2.9	12
14:2	LEV.19.2	10
14:2	TIT.2.14	8
14:2	LEV.11.45	7
14:2	DEU.28.9	7
14:2	ISA.62.12	5
14:2	DEU.14.21	2
14:2	DAN.8.24	1
14:2	DAN.12.7	0
14:3	EZK.4.14	5
14:3	LEV.11.43	3
14:3	LEV.20.25	3
14:3	ROM.14.14	3
14:3	ISA.65.4	2
14:3	ACT.10.12-ACT.10.14	2
14:3	1CO.10.28	2
14:3	TIT.1.15	2
14:4	LEV.11.2-LEV.11.45	2
14:4	1KI.4.23	2
14:4	ACT.10.14	2
14:6	PSA.1.1-PSA.1.2	2
14:6	PRO.18.1	2
14:6	2CO.6.17	2
14:7	LEV.11.5	2
14:7	MAT.7.22-MAT.7.23	2
14:7	MAT.7.26	2
14:7	2TI.3.5	2
14:7	TIT.1.16	2
14:7	2PE.2.18-2PE.2.22	2
14:8	LEV.11.26-LEV.11.27	6
14:8	ISA.65.4	3
14:8	ISA.66.3	3
14:8	ISA.66.17	3
14:8	LUK.15.15-LUK.15.16	3
14:8	2PE.2.22	3
14:9	LEV.11.9-LEV.11.12	2
14:12	LEV.11.13-LEV.11.19	2
14:15	JOB.30.29	2
14:19	LEV.11.20-LEV.11.23	3
14:19	PHP.3.19	3
14:21	EXO.23.19	8
14:21	EXO.34.26	6
14:21	LEV.22.8	5
14:21	DEU.14.2	4
14:21	ROM.12.2	4
14:21	LEV.17.15	3
14:21	LEV.19.33-LEV.19.34	3
14:21	DAN.12.7	3
14:21	ACT.15.20	3
14:21	EZK.4.14	2
14:21	EXO.12.43-EXO.12.45	1
14:21	DAN.8.24	1
14:21	1PE.1.16	1
14:22	NUM.18.21	6
14:22	DEU.12.6	6
14:22	DEU.12.17	6
14:22	DEU.26.12-DEU.26.15	6
14:22	NEH.10.37	6
14:22	LEV.27.30-LEV.27.33	5
14:23	DEU.12.5-DEU.12.7	4
14:23	DEU.4.10	1
14:23	DEU.12.17-DEU.12.18	1
14:23	DEU.15.19-DEU.15.20	1
14:24	DEU.12.21	4
14:24	DEU.12.5	3
14:24	EXO.23.31	2
14:24	DEU.11.24	2
14:26	ECC.9.7	6
14:26	DEU.12.7	3
14:26	DEU.12.20-DEU.12.21	3
14:26	DEU.26.11	3
14:26	PSA.106.14	3
14:26	MAT.21.12	3
14:26	1CO.6.12-1CO.6.13	3
14:26	DEU.12.12	2
14:26	DEU.12.15	2
14:26	EZR.7.15-EZR.7.17	2
14:26	EZR.7.22	2
14:26	MRK.11.15	2
14:26	JHN.2.14-JHN.2.16	2
14:26	1CO.10.6	2
14:26	DEU.12.18	1
14:27	NUM.18.20	9
14:27	DEU.14.29	9
14:27	DEU.12.12	7
14:27	DEU.12.18-DEU.12.19	5
14:27	DEU.18.1-DEU.18.2	5
14:27	GAL.6.6	5
14:27	1TI.5.17	5
14:28	DEU.14.22	3
14:28	DEU.26.12-DEU.26.15	2
14:28	AMO.4.4	2
14:29	DEU.15.10	7
14:29	DEU.14.27	6
14:29	PRO.19.17	5
14:29	MAL.3.10-MAL.3.11	5
14:29	DEU.12.12	4
14:29	DEU.16.11	4
14:29	DEU.24.19-DEU.24.21	4
14:29	DEU.26.12-DEU.26.13	4
14:29	EXO.22.21-EXO.22.24	3
14:29	LEV.19.34	3
14:29	DEU.16.14	3
14:29	JOB.31.16-JOB.31.22	3
14:29	PSA.41.1	3
14:29	PRO.3.9-PRO.3.10	3
14:29	PRO.11.24	3
14:29	ISA.58.7-ISA.58.12	3
14:29	2CO.9.6-2CO.9.11	3
14:29	LUK.6.35	2
14:29	LUK.11.41	2
14:29	LUK.14.12-LUK.14.14	2
14:29	HEB.13.2	2
14:29	JAS.1.27	2
15:1	DEU.31.10	6
15:1	EXO.23.10-EXO.23.11	5
15:1	LEV.25.2-LEV.25.4	5
15:1	EXO.21.2	4
15:1	LUK.4.18-LUK.4.19	3
15:1	ISA.61.1-ISA.61.3	2
15:1	JER.36.8-JER.36.18	2
15:2	LUK.6.34-LUK.6.38	5
15:2	LUK.7.42	5
15:2	JAS.2.13	5
15:2	NEH.5.7-NEH.5.11	3
15:2	MAT.6.12	3
15:2	MAT.18.25-MAT.18.35	3
15:2	ISA.58.3	2
15:2	AMO.8.4-AMO.8.6	2
15:2	MAT.6.14-MAT.6.15	2
15:3	DEU.23.20	7
15:3	EXO.22.25	2
15:3	MAT.17.25-MAT.17.26	2
15:3	JHN.8.35	2
15:3	1CO.6.6-1CO.6.7	2
15:3	GAL.6.10	2
15:4	PRO.28.27	7
15:4	ISA.58.10-ISA.58.11	7
15:4	DEU.14.29	6
15:4	PRO.11.24-PRO.11.25	6
15:4	DEU.28.1-DEU.28.8	5
15:4	DEU.28.11	5
15:4	PRO.14.21	5
15:5	DEU.28.1-DEU.28.15	3
15:5	LEV.26.3-LEV.26.14	2
15:5	DEU.11.13-DEU.11.15	2
15:5	JOS.1.7	2
15:5	PSA.19.11	2
15:5	ISA.1.19-ISA.1.20	2
15:5	PHP.1.27	2
15:5	DEU.4.9	1
15:6	DEU.28.12-DEU.28.13	11
15:6	1KI.4.21	7
15:6	PRO.22.7	7
15:6	LUK.6.35	7
15:6	NEH.9.27	6
15:6	PSA.37.21	6
15:6	EZR.4.20	5
15:6	PSA.37.26	4
15:6	PSA.112.5	4
15:6	DEU.28.44	3
15:6	1KI.4.24	3
15:6	2CH.9.26	2
15:7	DEU.15.9	6
15:7	PRO.21.13	5
15:7	1JN.3.16-1JN.3.17	5
15:7	JAS.2.15-JAS.2.16	4
15:7	MAT.18.30	1
15:8	MAT.5.42	4
15:8	LUK.6.34	4
15:9	DEU.24.15	7
15:9	MAT.20.15	5
15:9	EXO.22.23	4
15:9	JER.17.10	4
15:9	MRK.7.21-MRK.7.22	4
15:9	JAS.5.9	4
15:9	EXO.3.7	3
15:9	JOB.34.28	3
15:9	PRO.23.6	3
15:9	PRO.28.22	3
15:9	MAT.15.19	3
15:9	JAS.5.4	3
15:9	DEU.15.1	2
15:9	DEU.28.54-DEU.28.56	2
15:9	PSA.9.12	2
15:9	PRO.4.23	2
15:9	PRO.21.13	2
15:9	PRO.24.9	2
15:9	MAT.25.41-MAT.25.45	2
15:9	ROM.7.8-ROM.7.9	2
15:9	JAS.4.5	2
15:9	JAS.4.17	2
15:9	1PE.4.9	2
15:9	1JN.3.15-1JN.3.17	2
15:10	PRO.22.9	10
15:10	DEU.14.29	7
15:10	HEB.13.16	7
15:10	DEU.24.19	6
15:10	PSA.41.1-PSA.41.2	6
15:10	ISA.58.10	6
15:10	1TI.6.18-1TI.6.19	6
15:10	PRO.11.24-PRO.11.25	4
15:10	ISA.32.8	4
15:10	PHP.4.18-PHP.4.19	4
15:10	DEU.15.4	3
15:10	ACT.20.35	3
15:10	2CO.9.5-2CO.9.11	3
15:10	1PE.4.11	2
15:11	MAT.26.11	11
15:11	MRK.14.7	11
15:11	JHN.12.8	10
15:11	DEU.15.8	8
15:11	PRO.22.2	7
15:11	1JN.3.16-1JN.3.18	7
15:11	ACT.4.32-ACT.4.35	6
15:11	LUK.12.33	5
15:11	MAT.5.42	4
15:11	ACT.2.45	4
15:11	2CO.8.2-2CO.8.9	4
15:11	ACT.11.28-ACT.11.30	3
15:12	JER.34.14	6
15:12	EXO.21.2-EXO.21.6	5
15:12	LEV.25.39-LEV.25.41	5
15:12	DEU.15.1	3
15:12	JHN.8.35-JHN.8.36	3
15:13	PRO.3.27-PRO.3.28	3
15:13	JER.22.13	3
15:13	MAL.3.5	3
15:13	GEN.31.42	2
15:13	EXO.3.21	2
15:13	LEV.25.42-LEV.25.44	2
15:13	COL.4.1	2
15:14	NEH.8.10	2
15:14	PSA.68.10	2
15:14	PRO.10.22	2
15:14	ACT.20.35	2
15:14	1CO.16.2	2
15:15	DEU.16.12	3
15:15	EXO.20.2	2
15:15	DEU.5.14-DEU.5.15	2
15:15	ISA.51.1	2
15:15	MAT.18.32-MAT.18.33	2
15:15	EPH.2.12	2
15:15	EPH.4.32-EPH.5.2	2
15:15	1JN.3.16	2
15:15	1JN.4.9-1JN.4.11	2
15:15	MAT.6.14-MAT.6.15	1
15:15	EPH.1.7	1
15:15	TIT.2.14	1
15:16	EXO.21.5-EXO.21.6	5
15:16	PSA.40.8	3
15:16	PSA.40.6	2
15:17	LEV.25.39-LEV.25.42	2
15:17	1SA.1.22	2
15:18	ISA.16.14	3
15:18	ISA.21.16	3
15:18	LUK.17.7-LUK.17.8	2
15:19	EXO.13.2	5
15:19	EXO.13.12	4
15:19	LEV.27.26	3
15:19	NUM.18.15	3
15:19	NUM.18.17	3
15:19	DEU.12.17	3
15:19	DEU.16.14	3
15:19	EXO.34.19	2
15:19	NUM.3.13	2
15:19	DEU.12.5-DEU.12.7	2
15:19	DEU.14.23	2
15:19	DEU.16.11	2
15:19	HEB.12.23	2
15:19	ROM.8.29	1
15:20	DEU.12.5-DEU.12.7	3
15:20	DEU.12.17	3
15:20	DEU.14.23	3
15:21	DEU.17.1	4
15:21	MAL.1.7-MAL.1.8	4
15:21	LEV.22.19-LEV.22.25	3
15:22	DEU.12.15-DEU.12.16	2
15:22	DEU.12.21-DEU.12.22	2
15:23	DEU.12.16	4
15:23	LEV.7.26	3
15:23	DEU.12.23	3
15:23	1SA.14.32	2
15:23	EZK.33.25	2
16:1	EXO.13.4	8
16:1	EXO.34.18	8
16:1	EXO.12.2-EXO.12.20	6
16:1	NUM.28.16	6
16:1	LEV.23.5	5
16:1	EXO.23.15	4
16:1	NUM.9.2-NUM.9.5	3
16:1	EXO.12.29-EXO.12.42	1
16:2	DEU.12.5	6
16:2	DEU.12.26	5
16:2	NUM.28.16-NUM.28.19	3
16:2	MAT.26.17	3
16:2	MRK.14.12	3
16:2	LUK.22.8	3
16:2	LUK.22.15	3
16:2	1CO.5.7	3
16:2	EXO.12.5-EXO.12.7	2
16:2	DEU.12.11	2
16:2	DEU.12.14	2
16:2	DEU.12.18	2
16:2	DEU.15.20	2
16:2	2CH.35.7	2
16:2	MAT.26.2	2
16:3	EXO.12.39	7
16:3	EXO.12.19-EXO.12.20	5
16:3	EXO.34.18	5
16:3	EXO.12.8	3
16:3	EXO.12.14-EXO.12.15	3
16:3	EXO.13.3-EXO.13.9	3
16:3	NUM.9.11	3
16:3	LUK.22.19	3
16:3	EXO.12.11	2
16:3	EXO.12.26-EXO.12.27	2
16:3	EXO.12.32-EXO.12.33	2
16:3	LEV.23.6	2
16:3	NUM.28.17	2
16:3	1KI.22.27	2
16:3	PSA.102.9	2
16:3	PSA.111.4	2
16:3	PSA.127.2	2
16:3	ZEC.12.10	2
16:3	1CO.5.8	2
16:3	1CO.11.24-1CO.11.26	2
16:3	2CO.7.10-2CO.7.11	2
16:3	1TH.1.6	2
16:4	EXO.12.10	6
16:4	EXO.34.25	6
16:4	EXO.13.7	5
16:4	EXO.12.15	3
16:4	EXO.12.8	2
16:5	DEU.12.5-DEU.12.6	3
16:5	DEU.16.2	3
16:6	EXO.12.6-EXO.12.9	3
16:6	DEU.12.5	3
16:6	MAT.26.20	3
16:6	HEB.9.26	3
16:6	1PE.1.19-1PE.1.20	3
16:6	NUM.9.3	2
16:6	NUM.9.11	2
16:6	HEB.1.2-HEB.1.3	2
16:7	2CH.35.13	4
16:7	EXO.12.8-EXO.12.9	2
16:7	DEU.16.2	2
16:7	DEU.16.6	2
16:7	2KI.23.23	2
16:7	PSA.22.14-PSA.22.15	2
16:7	JHN.2.13	2
16:7	JHN.2.23	2
16:7	JHN.11.55	2
16:8	EXO.12.15-EXO.12.16	2
16:8	EXO.13.6-EXO.13.8	2
16:8	LEV.23.6-LEV.23.8	2
16:8	LEV.23.36	2
16:8	NUM.28.17-NUM.28.19	2
16:8	2CH.7.9	0
16:8	JOL.1.14	0
16:9	EXO.23.16	7
16:9	EXO.34.22	7
16:9	ACT.2.1	6
16:9	LEV.23.15-LEV.23.16	3
16:9	NUM.28.26-NUM.28.30	3
16:9	DEU.16.10	3
16:9	DEU.16.16	3
16:9	2CH.8.13	3
16:9	1CO.16.8	2
16:9	HEB.2.1	2
16:10	1CO.16.2	4
16:10	2CO.8.10	3
16:10	2CO.9.5-2CO.9.11	3
16:10	LEV.5.7	2
16:10	LEV.12.8	2
16:10	LEV.25.26	2
16:10	NUM.31.28	2
16:10	NUM.31.37	2
16:10	DEU.16.16-DEU.16.17	2
16:10	PRO.3.9-PRO.3.10	2
16:10	PRO.10.22	2
16:10	JOL.2.14	2
16:10	HAG.2.15-HAG.2.19	2
16:10	MAL.3.10-MAL.3.11	2
16:10	2CO.8.12	1
16:11	DEU.12.7	6
16:11	DEU.12.12	6
16:11	DEU.12.18	4
16:11	DEU.16.14	3
16:11	ISA.64.5	3
16:11	ISA.66.10-ISA.66.14	3
16:11	HAB.3.18	3
16:11	ROM.5.11	3
16:11	2CO.1.24	3
16:11	PHP.4.4	3
16:12	DEU.15.15	4
16:12	DEU.16.15	2
16:12	LAM.3.19-LAM.3.20	2
16:12	ROM.6.17-ROM.6.18	2
16:12	EPH.2.1-EPH.2.3	2
16:12	EPH.2.11	2
16:13	EXO.23.16	5
16:13	JHN.7.2	5
16:13	LEV.23.34-LEV.23.36	4
16:13	2CH.5.3	4
16:13	EXO.34.22	3
16:13	NUM.29.12-NUM.29.40	3
16:13	ZEC.14.16-ZEC.14.18	3
16:13	DEU.31.10	2
16:13	2CH.7.8-2CH.7.10	2
16:13	2CH.8.13	2
16:13	EZR.3.4	2
16:13	NEH.8.14-NEH.8.18	2
16:14	NEH.8.9-NEH.8.12	5
16:14	DEU.16.11	3
16:14	DEU.26.11	2
16:14	ECC.9.7	2
16:14	ISA.12.1-ISA.12.6	2
16:14	ISA.25.6-ISA.25.8	2
16:14	ISA.30.29	2
16:14	ISA.35.10	2
16:14	1TH.5.16	2
16:14	DEU.12.12	1
16:15	LEV.23.36-LEV.23.42	4
16:15	DEU.30.16	4
16:15	DEU.7.13	3
16:15	DEU.16.10	3
16:15	DEU.28.8-DEU.28.12	3
16:15	NUM.29.12-NUM.29.38	2
16:16	PSA.96.8	104
16:16	PRO.3.9-PRO.3.10	104
16:16	HAG.1.9	78
16:16	EXO.23.14-EXO.23.17	74
16:16	MAT.2.11	67
16:16	EXO.34.20	62
16:16	1CH.29.14-1CH.29.17	60
16:16	1CH.29.3-1CH.29.9	56
16:16	1KI.9.25	51
16:16	EXO.34.22-EXO.34.23	48
16:16	ISA.60.6-ISA.60.9	36
16:16	ISA.23.18	33
16:16	MRK.12.3	19
16:17	2CO.9.6-2CO.9.7	14
16:17	2CO.8.12	10
16:17	DEU.16.10	5
16:17	MRK.12.41-MRK.12.44	5
16:17	LEV.27.8	4
16:17	EZR.2.63	1
16:18	1CH.23.4	5
16:18	EXO.18.25-EXO.18.26	3
16:18	EXO.21.6	3
16:18	DEU.1.15-DEU.1.17	3
16:18	DEU.17.9	3
16:18	DEU.17.12	3
16:18	DEU.19.17-DEU.19.18	3
16:18	DEU.21.2	3
16:18	1CH.26.29	3
16:18	2CH.19.5-2CH.19.11	3
16:18	ROM.13.1-ROM.13.6	3
16:18	PSA.82.2-PSA.82.3	1
16:19	LEV.19.15	9
16:19	EXO.23.2	8
16:19	PRO.17.23	8
16:19	DEU.10.17	6
16:19	DEU.24.17	6
16:19	HAB.1.4	6
16:19	DEU.27.19	5
16:19	PRO.24.23	5
16:19	ECC.7.7	5
16:19	ISA.1.17	5
16:19	EXO.23.6-EXO.23.8	4
16:19	DEU.1.16-DEU.1.17	4
16:19	1SA.8.3	4
16:19	MIC.7.3	4
16:19	ACT.10.34	4
16:19	ACT.16.37	4
16:19	1SA.12.3	3
16:19	JOB.31.21-JOB.31.22	3
16:19	PRO.24.28	3
16:19	ISA.1.23	3
16:19	ISA.33.15	3
16:19	JER.5.28	3
16:19	EZK.22.12	3
16:19	ACT.23.3	3
16:19	ZEP.3.3-ZEP.3.5	2
16:20	PHP.4.8	6
16:20	EZK.18.9	4
16:20	EZK.18.5	3
16:20	MIC.6.8	3
16:20	DEU.4.1	2
16:20	DEU.25.13-DEU.25.16	2
16:20	ROM.10.5	2
16:21	2CH.33.3	6
16:21	2KI.17.16	5
16:21	EXO.34.13	4
16:21	2KI.21.3	4
16:21	JDG.3.7	3
16:21	1KI.14.15	3
16:21	1KI.16.33	3
16:21	DEU.7.5	2
16:22	LEV.26.1	6
16:22	EXO.20.4	4
16:22	DEU.12.31	3
16:22	JER.44.4	3
16:22	ZEC.8.17	3
16:22	REV.2.6	3
16:22	REV.2.15	3
17:1	DEU.15.21	6
17:1	MAL.1.8	5
17:1	DEU.23.18	4
17:1	LEV.22.20-LEV.22.25	3
17:1	DEU.24.4	3
17:1	MAL.1.13-MAL.1.14	3
17:1	GEN.41.3-GEN.41.4	2
17:1	GEN.41.19	2
17:1	EXO.12.5	2
17:1	DEU.25.16	2
17:1	PRO.6.16	2
17:1	PRO.11.1	2
17:1	PRO.15.8	2
17:1	HEB.9.14	2
17:1	1PE.1.19	2
17:1	PRO.20.10	1
17:2	JDG.2.20	4
17:2	HOS.8.1	4
17:2	DEU.13.6-DEU.13.18	3
17:2	DEU.17.5	3
17:2	JOS.7.11	3
17:2	JOS.7.15	3
17:2	JOS.23.16	3
17:2	2KI.18.12	3
17:2	HOS.6.7	3
17:2	LEV.26.15	2
17:2	LEV.26.25	2
17:2	DEU.4.23	2
17:2	DEU.29.18	2
17:2	DEU.29.25	2
17:2	DEU.31.20	2
17:2	JER.31.32	2
17:2	EZK.16.38	2
17:2	HEB.8.9-HEB.8.10	2
17:3	JER.7.31	4
17:3	DEU.4.19	3
17:3	JOB.31.26-JOB.31.27	3
17:3	JER.7.22-JER.7.23	3
17:3	JER.19.5	3
17:3	JER.32.35	3
17:3	2KI.21.3	2
17:3	JER.8.2	2
17:3	EZK.8.16	2
17:4	DEU.13.12-DEU.13.14	3
17:4	DEU.19.18	3
17:4	JHN.7.51	3
17:4	PRO.25.2	2
17:5	LEV.24.14	5
17:5	JOS.7.25	4
17:5	LEV.24.16	3
17:5	DEU.13.10-DEU.13.11	2
17:5	DEU.22.21	2
17:5	DEU.22.24	2
17:5	DEU.21.21	1
17:6	NUM.35.30	6
17:6	HEB.10.28	6
17:6	DEU.19.15	5
17:6	MAT.18.16	5
17:6	1TI.5.19	5
17:6	JHN.8.17-JHN.8.18	4
17:6	2CO.13.1	3
17:7	DEU.13.9	6
17:7	1CO.5.13	5
17:7	DEU.13.5	4
17:7	DEU.17.12	4
17:7	DEU.19.19	2
17:7	DEU.24.7	2
17:7	JDG.20.13	2
17:7	ACT.7.58-ACT.7.59	2
17:8	DEU.12.5	5
17:8	HAG.2.11	4
17:8	DEU.1.17	3
17:8	EXO.18.26	2
17:8	EXO.21.12-EXO.21.14	2
17:8	EXO.21.20	2
17:8	EXO.21.22	2
17:8	EXO.21.28	2
17:8	EXO.22.2	2
17:8	NUM.35.11	2
17:8	NUM.35.16	2
17:8	NUM.35.19-NUM.35.34	2
17:8	DEU.19.4	2
17:8	DEU.19.17	2
17:8	1KI.3.16-1KI.3.28	2
17:8	2CH.19.8-2CH.19.10	2
17:8	PSA.122.4-PSA.122.5	2
17:8	MAL.2.7	2
17:8	DEU.19.10-DEU.19.11	1
17:9	EZK.44.24	5
17:9	HAG.2.11	4
17:9	MAL.2.7	4
17:9	DEU.19.17-DEU.19.21	3
17:9	JER.18.18	3
17:10	MAT.22.2-MAT.22.3	1
17:11	JOS.1.7	4
17:11	DEU.5.32	2
17:11	DEU.17.20	2
17:11	DEU.25.1	2
17:11	DEU.28.14	2
17:11	JOS.23.6	2
17:11	2SA.14.19	2
17:11	PRO.4.27	2
17:11	ROM.13.1-ROM.13.6	2
17:11	TIT.3.1	2
17:11	1PE.2.13-1PE.2.15	2
17:11	2PE.2.10	2
17:11	JUD.1.8	2
17:11	MAL.2.8-MAL.2.9	1
17:12	NUM.15.30	4
17:12	DEU.13.5	4
17:12	DEU.10.8	3
17:12	DEU.17.7	3
17:12	DEU.18.5	3
17:12	DEU.18.7	3
17:12	EZR.10.8	3
17:12	HOS.4.4	3
17:12	1TH.4.8	3
17:12	1TI.5.20	3
17:12	HEB.10.26-HEB.10.29	3
17:12	DEU.13.11	2
17:12	DEU.18.20	2
17:12	PSA.19.13	2
17:12	PRO.21.11	2
17:12	JER.25.3-JER.25.14	2
17:12	MAT.10.14	2
17:12	LUK.10.16	2
17:12	JHN.12.48	2
17:12	JHN.20.23	2
17:12	1TH.4.2	2
17:13	DEU.13.11	5
17:13	DEU.19.20	4
17:13	NUM.15.30-NUM.15.31	1
17:14	1SA.8.19-1SA.8.20	7
17:14	JOS.1.13	3
17:14	1SA.8.5-1SA.8.7	3
17:14	1SA.12.19	3
17:14	DEU.7.1	2
17:14	DEU.11.31	2
17:14	DEU.12.9-DEU.12.10	2
17:14	DEU.18.9	2
17:14	DEU.26.1	2
17:14	DEU.26.9	2
17:14	LEV.14.34	1
17:15	JER.30.21	9
17:15	1CH.22.10	6
17:15	1SA.9.15-1SA.9.17	4
17:15	1SA.10.24	4
17:15	1SA.16.12-1SA.16.13	4
17:15	1CH.12.23	4
17:15	2SA.5.2	3
17:15	PSA.2.2	3
17:15	PSA.2.6	3
17:15	JER.2.25	3
17:15	1CH.28.5	2
17:15	MAT.22.17	2
17:16	ISA.31.1-ISA.31.3	10
17:16	DEU.28.68	8
17:16	EZK.17.15	8
17:16	PSA.20.7	7
17:16	HOS.11.5	7
17:16	EXO.13.17	5
17:16	NUM.14.3-NUM.14.4	5
17:16	1KI.4.26	5
17:16	1KI.10.26-1KI.10.28	5
17:16	EXO.14.13	4
17:16	1KI.1.5	4
17:16	JER.42.14-JER.42.16	4
17:16	1SA.8.11	3
17:16	2SA.8.4	3
17:16	ISA.36.8-ISA.36.9	3
17:16	HOS.14.3	3
17:16	2CH.9.25	2
17:17	NEH.13.26	8
17:17	PRO.30.8-PRO.30.9	7
17:17	MAT.19.5	7
17:17	GEN.2.24	6
17:17	1KI.11.1-1KI.11.4	6
17:17	PSA.62.10	6
17:17	MAL.2.15	5
17:17	2SA.3.2-2SA.3.5	3
17:17	MAT.13.22	3
17:17	MAT.19.23-MAT.19.24	3
17:17	LUK.12.15	3
17:17	1TI.6.9	3
17:17	1TI.6.17	3
17:17	MAT.6.19-MAT.6.20	2
17:17	1KI.10.21	1
17:18	DEU.31.9	4
17:18	DEU.31.24-DEU.31.26	4
17:18	2KI.11.12	4
17:18	2KI.22.8	4
17:18	2CH.34.15	4
17:19	JOS.1.8	21
17:19	PSA.119.97-PSA.119.100	12
17:19	PSA.1.2	10
17:19	2TI.3.15-2TI.3.17	9
17:19	JHN.5.39	8
17:19	DEU.11.18	6
17:19	DEU.4.10	4
17:19	DEU.6.6-DEU.6.9	3
17:20	DEU.5.32	5
17:20	1KI.15.5	5
17:20	PSA.131.1-PSA.131.2	3
17:20	ISA.2.12	3
17:20	DAN.5.20-DAN.5.23	3
17:20	DEU.4.2	2
17:20	DEU.8.2	2
17:20	DEU.8.13-DEU.8.14	2
17:20	DEU.12.25	2
17:20	DEU.12.28	2
17:20	DEU.12.32	2
17:20	DEU.17.11	2
17:20	1SA.13.13-1SA.13.14	2
17:20	1SA.15.23	2
17:20	1KI.11.12-1KI.11.13	2
17:20	1KI.11.34	2
17:20	1KI.11.36	2
17:20	2KI.10.30	2
17:20	2KI.14.10	2
17:20	2CH.25.19	2
17:20	2CH.26.16	2
17:20	2CH.32.25-2CH.32.26	2
17:20	2CH.33.12	2
17:20	2CH.33.19	2
17:20	2CH.33.23	2
17:20	2CH.34.27	2
17:20	PSA.19.11	2
17:20	PSA.132.12	2
17:20	PRO.10.27	2
17:20	PRO.27.24	2
17:20	ECC.8.13	2
17:20	HAB.2.4	2
17:20	2CO.12.7	2
17:20	1PE.5.5	1
18:1	NUM.18.8-NUM.18.9	6
18:1	DEU.10.9	6
18:1	1CO.9.13-1CO.9.14	5
18:1	DEU.12.19	4
18:1	NUM.18.20	3
18:1	NUM.26.62	3
18:1	JOS.13.14	3
18:1	JOS.13.33	3
18:1	1PE.5.2-1PE.5.4	1
18:1	JOS.18.7	0
18:2	PSA.73.24-PSA.73.26	2
18:2	ISA.61.6	2
18:2	LAM.3.24	2
18:2	GEN.15.1	1
18:2	PSA.16.5	1
18:2	PSA.84.11	1
18:2	PSA.119.57	1
18:2	1PE.2.5	1
18:2	1PE.2.9	1
18:2	REV.1.5-REV.1.6	1
18:3	LEV.7.30-LEV.7.34	5
18:3	DEU.12.27	3
18:4	EXO.22.29	3
18:4	EXO.23.19	3
18:4	LEV.23.10	3
18:4	LEV.23.17	3
18:4	NUM.18.12-NUM.18.24	3
18:4	2CH.31.4-2CH.31.10	3
18:4	NEH.12.44-NEH.12.47	3
18:4	DEU.26.9-DEU.26.10	2
18:4	JOB.21.20	1
18:5	DEU.10.8	6
18:5	NUM.3.10	3
18:5	EXO.28.1-EXO.28.14	2
18:5	NUM.16.5	2
18:5	NUM.16.9-NUM.16.10	2
18:5	NUM.17.5-NUM.17.9	2
18:5	DEU.17.12	2
18:5	NUM.25.13	1
18:6	NUM.35.2-NUM.35.3	5
18:6	DEU.12.5	3
18:6	DEU.16.2	2
18:6	PSA.26.8	2
18:6	PSA.27.4	2
18:6	PSA.63.1-PSA.63.2	2
18:6	PSA.84.5	2
18:6	PSA.84.10	2
18:6	1TI.3.1	2
18:6	1PE.5.2	2
18:7	2CH.31.2-2CH.31.4	2
18:8	NEH.12.44	5
18:8	NEH.12.47	4
18:8	2CH.31.4	3
18:8	LUK.10.7	3
18:8	LEV.7.8-LEV.7.9	2
18:8	LEV.7.14	2
18:8	1CO.9.7-1CO.9.14	2
18:8	1TI.5.17-1TI.5.18	2
18:9	DEU.12.29-DEU.12.31	15
18:9	LEV.18.26-LEV.18.27	12
18:9	LEV.18.30	11
18:10	LEV.19.31	10
18:10	EXO.22.18	9
18:10	LEV.19.26	8
18:10	DEU.12.31	6
18:10	2CH.33.6	6
18:10	ACT.19.19	6
18:10	LEV.20.2-LEV.20.5	5
18:10	1SA.28.9	5
18:10	2KI.16.3	5
18:10	2KI.17.17	5
18:10	2KI.21.6	5
18:10	1CH.10.13	5
18:10	2CH.28.3	5
18:10	ISA.47.13	5
18:10	LEV.20.26-LEV.20.27	4
18:10	1SA.28.3	4
18:10	1SA.28.7	4
18:10	PSA.106.37-PSA.106.38	4
18:10	JER.32.35	4
18:10	LEV.18.21-LEV.18.30	3
18:10	ISA.8.19-ISA.8.20	3
18:10	JER.19.4-JER.19.6	3
18:10	GAL.5.20	3
18:11	LEV.19.31	5
18:11	1SA.28.11-1SA.28.14	5
18:12	LEV.18.24	9
18:12	DEU.9.4	8
18:12	LEV.18.27	6
18:13	GEN.17.1	8
18:13	MAT.5.48	8
18:13	GEN.6.9	5
18:13	JOB.1.1	3
18:13	JOB.1.8	3
18:13	PSA.37.37	3
18:13	PHP.3.12	3
18:13	PHP.3.15	2
18:13	REV.3.2	2
18:14	ACT.14.16	4
18:14	GEN.20.6	2
18:14	DEU.18.10	2
18:14	PSA.147.19-PSA.147.20	2
18:15	ACT.3.22-ACT.3.23	41
18:15	ACT.7.37	37
18:15	JHN.1.45	28
18:15	DEU.18.18-DEU.18.19	16
18:15	HEB.1.1-HEB.1.2	15
18:15	MAT.17.5	14
18:15	LUK.9.35	14
18:15	JHN.6.29	13
18:15	1TI.2.5	12
18:15	LUK.24.19	11
18:15	1JN.3.23	9
18:15	DEU.34.10	8
18:15	LUK.10.16	8
18:15	HEB.3.2-HEB.3.6	8
18:15	JHN.1.25	7
18:15	HEB.2.1-HEB.2.3	7
18:15	JHN.1.21	5
18:15	DEU.5.5	4
18:15	LUK.2.32	3
18:16	EXO.20.19	18
18:16	DEU.9.10	7
18:16	DEU.5.23-DEU.5.28	6
18:16	HEB.12.19	5
18:17	DEU.5.28	8
18:18	JHN.8.28	26
18:18	JHN.12.49-JHN.12.50	26
18:18	DEU.18.15	24
18:18	JHN.4.25	16
18:18	JHN.17.8	14
18:18	LUK.24.19	13
18:18	JHN.1.45	13
18:18	ISA.51.16	12
18:18	MAL.3.1	12
18:18	JHN.15.15	10
18:18	1TI.2.5	8
18:18	PSA.110.4	7
18:18	ISA.9.6-ISA.9.7	7
18:18	ZEC.6.12-ZEC.6.13	7
18:18	JHN.17.18	7
18:18	HEB.12.24-HEB.12.25	7
18:18	HEB.3.2-HEB.3.6	6
18:18	PSA.2.6	5
18:18	ISA.50.4	5
18:18	EXO.40.26-EXO.40.29	4
18:18	NUM.12.6-NUM.12.8	4
18:18	GAL.3.19-GAL.3.20	4
18:18	HEB.7.22	4
18:18	DEU.33.5	2
18:18	NUM.12.13	1
18:18	DEU.5.5	1
18:19	ACT.3.22-ACT.3.23	8
18:19	HEB.2.3	5
18:19	HEB.12.25-HEB.12.26	4
18:19	HEB.10.26	3
18:19	HEB.3.7	2
18:19	MRK.16.16	1
18:20	DEU.13.1-DEU.13.5	9
18:20	JER.27.15	9
18:20	JER.23.13-JER.23.15	8
18:20	JER.23.31	8
18:20	JER.28.15-JER.28.17	8
18:20	EZK.13.6	8
18:20	ZEC.13.3	8
18:20	MAT.7.15	8
18:20	JER.14.14-JER.14.15	7
18:20	1KI.18.27	6
18:20	JER.2.8	6
18:20	1KI.18.40	4
18:20	2PE.2.12	4
18:20	REV.19.20	3
18:20	1KI.18.19	2
18:21	1JN.4.1-1JN.4.3	7
18:21	1TH.5.24	2
18:21	REV.2.2	2
18:22	DEU.18.20	13
18:22	2KI.20.1	7
18:22	JER.28.1-JER.28.17	5
18:22	DEU.13.1-DEU.13.2	4
18:22	JON.4.2	4
18:22	ZEC.1.5-ZEC.1.6	4
18:22	PRO.26.2	3
18:22	ISA.41.22	3
18:22	JON.3.4	2
19:1	DEU.12.29	7
19:1	DEU.6.10	4
19:1	DEU.7.1-DEU.7.2	3
19:1	DEU.17.14	3
19:1	DEU.12.1	2
19:2	EXO.21.13	4
19:2	NUM.35.10-NUM.35.15	3
19:2	DEU.4.41-DEU.4.43	3
19:2	JOS.20.2-JOS.20.7	3
19:2	HEB.6.18	3
19:3	ISA.57.14	2
19:3	ISA.35.8	1
19:3	ISA.62.10	1
19:3	HEB.12.13	1
19:4	NUM.35.15-NUM.35.24	5
19:4	DEU.4.42	3
19:4	GEN.31.2	2
19:4	DEU.19.6	2
19:4	JOS.3.4	2
19:4	1CH.11.2	2
19:4	ISA.30.33	2
19:5	NUM.35.25	2
19:5	2KI.6.5-2KI.6.7	2
19:5	PRO.27.12	2
19:5	ISA.32.2	2
19:6	NUM.35.12	3
19:6	DEU.21.22	1
19:6	JOS.20.5	1
19:6	2SA.14.7	1
19:6	JER.26.15-JER.26.16	1
19:8	GEN.15.18-GEN.15.21	3
19:8	EXO.23.31	3
19:8	EXO.34.24	3
19:8	DEU.12.20	3
19:8	GEN.28.14	2
19:8	DEU.11.24-DEU.11.25	2
19:8	1KI.4.21	2
19:8	EZR.4.20	2
19:9	JOS.20.7-JOS.20.8	4
19:9	DEU.11.22-DEU.11.25	3
19:9	DEU.12.32	3
19:10	PRO.6.17	4
19:10	ISA.59.7	4
19:10	MAT.27.4-MAT.27.5	3
19:10	NUM.35.33	2
19:10	DEU.19.13	2
19:10	DEU.21.1-DEU.21.9	2
19:10	1KI.2.31	2
19:10	2KI.21.16	2
19:10	2KI.24.4	2
19:10	JER.7.6-JER.7.7	2
19:10	JOL.3.19	2
19:10	JON.1.14	2
19:10	PSA.94.21	1
19:11	NUM.35.16-NUM.35.21	3
19:11	DEU.27.24	3
19:11	GEN.9.6	2
19:11	EXO.21.12-EXO.21.14	2
19:11	NUM.35.24	2
19:11	PRO.28.17	2
19:12	1KI.2.5-1KI.2.6	2
19:12	1KI.2.28-1KI.2.34	2
19:13	1KI.2.31	7
19:13	DEU.7.2	5
19:13	DEU.7.16	5
19:13	DEU.21.9	5
19:13	NUM.35.33-NUM.35.34	4
19:13	2SA.21.1	4
19:13	GEN.9.6	3
19:13	LEV.24.17	3
19:13	LEV.24.21	3
19:13	DEU.13.8	3
19:13	DEU.25.12	3
19:13	2SA.21.14	3
19:13	EZK.16.5	3
19:14	PRO.22.28	6
19:14	DEU.27.17	5
19:14	JOB.24.2	4
19:14	PRO.23.10	4
19:14	HOS.5.10	4
19:15	NUM.35.30	12
19:15	DEU.17.6	11
19:15	2CO.13.1	11
19:15	MAT.18.16	10
19:15	HEB.10.28	10
19:15	JHN.8.17	8
19:15	1TI.5.19	8
19:15	1KI.21.10	3
19:15	1KI.21.13	3
19:15	MAT.26.60-MAT.26.61	3
19:15	REV.11.3-REV.11.7	3
19:16	PSA.27.12	5
19:16	PSA.35.11	4
19:16	EXO.23.1-EXO.23.7	3
19:16	1KI.21.10-1KI.21.13	2
19:16	MRK.14.55-MRK.14.59	2
19:16	ACT.6.13	2
19:17	DEU.17.9	9
19:17	DEU.21.5	8
19:17	MAL.2.7	5
19:18	DEU.13.14	3
19:18	DEU.17.4	3
19:18	2CH.19.6-2CH.19.7	2
19:18	JOB.19.16	2
19:19	PRO.19.5	6
19:19	PRO.19.9	5
19:19	DEU.17.7	3
19:19	DEU.22.24	3
19:19	DAN.6.24	3
19:19	DEU.13.5	2
19:19	DEU.19.20	2
19:19	DEU.21.20-DEU.21.21	2
19:19	DEU.22.21	2
19:19	DEU.24.7	2
19:19	JER.14.15	2
19:20	DEU.17.13	4
19:20	DEU.21.21	4
19:20	DEU.13.11	3
19:20	DEU.17.7	2
19:20	PRO.21.11	2
19:20	ROM.13.3-ROM.13.4	2
19:20	1TI.5.20	2
19:21	MAT.5.38-MAT.5.39	12
19:21	EXO.21.23-EXO.21.25	6
19:21	DEU.19.13	5
19:21	LEV.24.17-LEV.24.21	3
20:1	2CH.32.7-2CH.32.8	21
20:1	DEU.31.8	20
20:1	PSA.20.7	19
20:1	DEU.31.6	16
20:1	ISA.43.2	15
20:1	ROM.8.31	15
20:1	JOS.1.5	12
20:1	ISA.31.1	10
20:1	ISA.8.9-ISA.8.10	9
20:1	JOS.1.9	8
20:1	PSA.118.6	8
20:1	ISA.7.14	8
20:1	DEU.3.21-DEU.3.22	7
20:1	JDG.6.12	6
20:1	PSA.46.11	6
20:1	DEU.2.7	5
20:1	JOS.11.9	5
20:1	2CH.14.11	5
20:1	PSA.46.7	5
20:1	GEN.26.3	4
20:1	NUM.23.21	4
20:1	DEU.7.1	4
20:1	JOS.10.5-JOS.10.8	4
20:1	JOS.11.4-JOS.11.6	4
20:1	JDG.4.3-JDG.4.9	4
20:1	2CH.20.12	4
20:1	PSA.33.16-PSA.33.17	4
20:1	ISA.37.24-ISA.37.25	4
20:2	2CH.13.12	4
20:2	NUM.10.8-NUM.10.9	3
20:2	NUM.31.6	3
20:2	JDG.20.27-JDG.20.28	2
20:2	1SA.14.18	2
20:2	1SA.30.7-1SA.30.8	2
20:3	PSA.3.6	7
20:3	HEB.13.6	7
20:3	REV.2.10	6
20:3	JOS.23.10	5
20:3	PSA.27.1-PSA.27.3	5
20:3	ISA.8.12-ISA.8.13	5
20:3	MAT.10.28	4
20:3	EPH.6.11-EPH.6.18	4
20:3	1TI.6.12	4
20:3	HEB.12.12-HEB.12.13	4
20:3	MAT.10.31	3
20:3	ISA.28.16	2
20:3	ISA.35.3-ISA.35.4	2
20:3	ISA.41.10-ISA.41.14	2
20:3	ISA.57.7-ISA.57.8	2
20:3	MAT.8.26	2
20:3	MAT.10.16	2
20:3	MRK.16.6	2
20:3	MRK.16.18	2
20:3	ACT.18.9-ACT.18.10	2
20:3	ACT.27.24	2
20:3	1TH.5.15	2
20:4	EXO.14.14	23
20:4	DEU.1.30	15
20:4	DEU.3.22	15
20:4	JOS.23.10	14
20:4	DEU.11.25	11
20:4	ROM.8.37	10
20:4	PSA.144.1-PSA.144.2	8
20:4	DEU.32.30	7
20:4	2CH.32.7-2CH.32.8	7
20:4	2CH.13.12	6
20:4	JOS.10.42	5
20:5	NEH.12.27	5
20:5	NUM.31.14	1
20:5	NUM.31.48	1
20:5	DEU.1.15	1
20:5	DEU.16.18	1
20:5	1SA.17.18	1
20:5	PSA.30.1	0
20:6	LEV.19.23-LEV.19.25	3
20:6	DEU.28.1-DEU.28.30	0
20:6	ISA.65.22	0
20:6	JER.31.5	0
20:6	ZEP.1.13	0
20:7	DEU.24.5	6
20:7	DEU.28.30	3
20:7	DEU.22.23-DEU.22.25	2
20:7	MAT.1.18	2
20:7	LUK.14.18-LUK.14.20	2
20:7	2TI.2.4	2
20:8	JDG.7.3	8
20:8	DEU.1.28	5
20:8	REV.21.8	5
20:8	ACT.15.37-ACT.15.38	4
20:8	NUM.32.9	3
20:8	DEU.23.9	3
20:8	LUK.9.62	3
20:8	EXO.15.15	2
20:8	NUM.13.31-NUM.14.3	2
20:8	1CO.15.33	2
20:8	REV.3.16	1
20:10	LUK.10.5-LUK.10.6	4
20:10	2CO.5.18-2CO.6.1	3
20:10	EPH.2.17	3
20:10	2SA.20.18-2SA.20.22	2
20:10	ISA.57.19	2
20:10	ZEC.9.10	2
20:10	ACT.10.36	2
20:11	LEV.25.42-LEV.25.46	2
20:11	JOS.9.22-JOS.9.23	2
20:11	JOS.9.27	2
20:11	JOS.11.19-JOS.11.20	2
20:11	JOS.16.10	2
20:11	JDG.1.28	2
20:11	JDG.1.30-JDG.1.35	2
20:11	1KI.9.21-1KI.9.22	2
20:11	PSA.120.7	2
20:11	LUK.19.14	2
20:13	PSA.2.6-PSA.2.12	3
20:13	NUM.31.7-NUM.31.9	2
20:13	NUM.31.17-NUM.31.18	2
20:13	1KI.11.15-1KI.11.16	2
20:13	PSA.21.8-PSA.21.9	2
20:13	PSA.110.1	2
20:13	LUK.19.27	2
20:13	2TH.1.7-2TH.1.9	2
20:14	JOS.8.2	5
20:14	JOS.22.8	4
20:14	NUM.31.9	3
20:14	NUM.31.12	2
20:14	NUM.31.18	2
20:14	NUM.31.35-NUM.31.54	2
20:14	JOS.11.14	2
20:14	2CH.14.13-2CH.14.15	2
20:14	2CH.20.25	2
20:14	PSA.68.12	2
20:14	ROM.8.37	2
20:16	JOS.11.14	6
20:16	NUM.21.2-NUM.21.3	5
20:16	DEU.7.1-DEU.7.4	4
20:16	DEU.7.16	4
20:16	JOS.6.17-JOS.6.21	4
20:16	EXO.23.31-EXO.23.33	3
20:16	NUM.21.35	3
20:16	NUM.33.52	3
20:16	JOS.10.28	3
20:16	JOS.10.40	3
20:16	JOS.11.11-JOS.11.12	3
20:16	JOS.9.24	2
20:16	JOS.9.27	2
20:17	ISA.34.5-ISA.34.6	4
20:17	DEU.7.1-DEU.7.2	3
20:17	JER.48.10	3
20:17	JER.50.35-JER.50.40	3
20:17	EZK.38.21-EZK.38.23	3
20:17	REV.19.18	2
20:18	DEU.12.30-DEU.12.31	7
20:18	EXO.23.33	6
20:18	EPH.5.11	4
20:18	EXO.34.16	3
20:18	DEU.7.4-DEU.7.5	3
20:18	JOS.23.13	3
20:18	PSA.106.34-PSA.106.40	3
20:18	1CO.15.33	3
20:18	2CO.6.17	3
20:18	2TH.3.14	3
20:18	DEU.18.19	2
20:18	JDG.2.3	2
20:18	1TI.6.5	2
20:18	2TI.2.17-2TI.2.18	2
20:18	REV.18.3-REV.18.5	1
20:19	MAT.3.10	5
20:19	MAT.21.19	4
20:19	DEU.26.6	3
20:19	MAT.7.15-MAT.7.20	3
20:19	LUK.13.7-LUK.13.9	3
20:19	JHN.15.2-JHN.15.8	3
20:20	ISA.37.33	3
20:20	DEU.1.28	2
20:20	2CH.26.15	2
20:20	ECC.9.14	2
20:20	JER.6.6	2
20:20	JER.33.4	2
20:20	EZK.17.17	2
21:1	ISA.26.21	4
21:1	PSA.5.6	3
21:1	PSA.9.12	3
21:1	PRO.28.17	3
21:1	ACT.28.4	3
21:2	DEU.16.18-DEU.16.19	2
21:2	ROM.13.3-ROM.13.4	2
21:3	NUM.19.2	3
21:3	JER.31.18	2
21:3	MAT.11.28-MAT.11.30	2
21:3	PHP.2.8	2
21:4	1PE.2.21-1PE.2.24	2
21:4	1PE.3.18	2
21:5	1CH.23.13	8
21:5	DEU.10.8	6
21:5	MAL.2.7	6
21:5	DEU.19.17	5
21:5	NUM.6.22-NUM.6.27	4
21:5	DEU.18.5	4
21:5	DEU.17.8-DEU.17.12	2
21:6	PSA.26.6	3
21:6	PSA.73.13	3
21:6	JOB.9.30	2
21:6	PSA.19.12	2
21:6	PSA.51.2	2
21:6	PSA.51.7	2
21:6	PSA.51.14	2
21:6	JER.2.22	2
21:6	MAT.27.24-MAT.27.25	2
21:6	HEB.9.10	2
21:7	NUM.5.19-NUM.5.28	2
21:7	2SA.16.8	2
21:7	JOB.21.21-JOB.21.23	2
21:7	JOB.21.31-JOB.21.34	2
21:7	PSA.7.3-PSA.7.4	2
21:8	JON.1.14	4
21:8	NUM.35.33-NUM.35.34	2
21:8	2SA.3.28	2
21:8	2KI.24.4	2
21:8	PSA.19.12	2
21:8	JER.26.15	2
21:8	EZK.23.3	2
21:8	EZK.23.24-EZK.23.25	2
21:8	MAT.23.35	2
21:8	1TH.2.15-1TH.2.16	2
21:9	DEU.13.18	2
21:9	DEU.19.12-DEU.19.13	2
21:9	2KI.10.30-2KI.10.31	2
21:10	DEU.20.10-DEU.20.16	2
21:10	JOS.21.44	1
21:11	GEN.6.2	2
21:11	GEN.12.14-GEN.12.15	2
21:11	GEN.29.18-GEN.29.20	2
21:11	GEN.34.3	2
21:11	GEN.34.8	2
21:11	NUM.31.18	2
21:11	JDG.14.2-JDG.14.3	2
21:11	PRO.6.25	2
21:11	PRO.31.10	2
21:11	PRO.31.30	2
21:12	LEV.14.9	2
21:12	NUM.6.9	2
21:12	1CO.11.6	2
21:12	EPH.4.22	2
21:13	PSA.45.10-PSA.45.11	2
21:13	LUK.14.26-LUK.14.27	2
21:14	DEU.22.29	5
21:14	GEN.34.2	4
21:14	DEU.22.19	3
21:14	DEU.22.24	3
21:14	EXO.21.7-EXO.21.11	2
21:14	JDG.19.24	2
21:15	GEN.29.33	6
21:15	GEN.29.20	3
21:15	GEN.29.18	2
21:15	GEN.29.30-GEN.29.31	2
21:15	1SA.1.4-1SA.1.5	2
21:16	1CH.5.2	3
21:16	1CH.26.10	3
21:16	2CH.21.3	2
21:16	ROM.8.29	2
21:16	PHP.4.8	2
21:16	HEB.12.16-HEB.12.17	2
21:16	2CH.11.19-2CH.11.22	1
21:17	GEN.49.3	6
21:17	GEN.25.31-GEN.25.34	4
21:17	1CH.5.1-1CH.5.2	3
21:17	PSA.105.36	3
21:17	GEN.25.5-GEN.25.6	2
21:18	EXO.20.12	5
21:18	LEV.19.3	5
21:18	AMO.4.11-AMO.4.12	4
21:18	HEB.12.9-HEB.12.11	4
21:18	PRO.19.18	3
21:18	PRO.20.20	3
21:18	PRO.23.13-PRO.23.14	3
21:18	PRO.29.17	3
21:18	PRO.30.17	3
21:18	ISA.1.2	3
21:18	ISA.1.5	3
21:18	EPH.6.1-EPH.6.3	3
21:18	EXO.21.15	2
21:18	EXO.21.17	2
21:18	LEV.21.9	2
21:18	DEU.8.5	2
21:18	DEU.27.16	2
21:18	2SA.7.14	2
21:18	PRO.1.8	2
21:18	PRO.13.24	2
21:18	PRO.15.5	2
21:18	PRO.22.15	2
21:18	PRO.28.24	2
21:18	PRO.30.11	2
21:18	JER.5.3	2
21:18	JER.31.18	2
21:18	EZK.22.7	2
21:18	EZK.24.13	2
21:19	DEU.16.18	2
21:19	DEU.21.2	2
21:19	DEU.25.7	2
21:19	ZEC.13.3	2
21:20	PRO.20.1	4
21:20	PRO.23.29-PRO.23.35	4
21:20	PRO.23.19-PRO.23.21	3
21:20	PRO.29.17	3
21:20	PRO.19.26	2
21:21	DEU.19.19-DEU.19.20	4
21:21	LEV.24.16	3
21:21	DEU.13.5	3
21:21	DEU.13.10-DEU.13.11	3
21:21	DEU.17.5	2
21:21	DEU.22.21	2
21:21	DEU.22.24	2
21:22	JHN.19.31-JHN.19.38	5
21:22	ACT.26.31	5
21:22	DEU.22.26	4
21:22	MAT.26.66	4
21:22	LUK.23.33	4
21:22	ACT.23.29	4
21:22	DEU.19.6	2
21:22	JOS.8.29	2
21:22	JOS.10.26	2
21:22	1SA.26.16	2
21:22	2SA.4.12	2
21:22	2SA.21.6	2
21:22	2SA.21.9	2
21:22	MRK.14.64	2
21:22	ACT.25.11	2
21:22	NUM.25.4	1
21:22	ACT.25.25	1
21:23	GAL.3.13	21
21:23	JHN.19.31	12
21:23	2CO.5.21	5
21:23	LEV.18.25	4
21:23	NUM.25.4	3
21:23	NUM.35.33-NUM.35.34	3
21:23	JOS.8.29	3
21:23	JOS.10.26-JOS.10.27	3
21:23	ROM.9.3	3
21:23	JOS.7.12	2
21:23	1CO.16.22	1
21:23	DEU.7.26	0
21:23	2SA.21.6	0
22:1	EXO.23.4-EXO.23.5	4
22:1	DEU.22.3-DEU.22.4	3
22:1	PRO.24.11	3
22:1	ISA.58.7	3
22:1	EZK.34.16	3
22:1	LEV.20.4	2
22:1	PRO.28.27	2
22:1	ISA.8.17	2
22:1	EZK.34.4	2
22:1	MAT.10.6	2
22:1	MAT.15.24	2
22:1	MAT.18.12-MAT.18.13	2
22:1	LUK.10.31-LUK.10.32	2
22:1	LUK.15.4-LUK.15.6	2
22:1	JAS.5.19-JAS.5.20	2
22:1	1PE.2.25	2
22:2	MAT.7.12	2
22:2	1TH.4.6	2
22:4	EXO.23.4-EXO.23.5	3
22:4	MAT.5.44	3
22:4	LUK.10.29-LUK.10.37	3
22:4	ROM.15.1	3
22:4	2CO.12.15	3
22:4	GAL.6.1-GAL.6.2	3
22:4	1TH.5.14	3
22:4	HEB.12.12-HEB.12.13	3
22:5	1CO.11.4-1CO.11.15	30
22:5	DEU.18.12	19
22:6	LEV.22.28	7
22:6	PRO.12.10	4
22:6	GEN.8.17	3
22:6	LUK.12.6	3
22:6	HOS.10.14	1
22:6	GEN.32.11	0
22:7	DEU.4.40	5
22:7	PRO.22.4	1
22:8	EXO.21.28-EXO.21.36	3
22:8	2SA.11.2	3
22:8	ISA.22.1	3
22:8	JER.19.13	3
22:8	MRK.2.4	3
22:8	EXO.22.6	2
22:8	MAT.10.27	2
22:8	ACT.10.9	2
22:8	1TH.5.22	2
22:8	EZK.3.18	1
22:8	EZK.3.20	1
22:8	EZK.32.2-EZK.32.9	1
22:8	MAT.18.6-MAT.18.7	0
22:8	ACT.20.26-ACT.20.27	0
22:8	ROM.14.13	0
22:8	1CO.10.32	0
22:8	PHP.1.10	0
22:9	LEV.19.19	9
22:9	2CO.11.3	4
22:9	MAT.9.16	3
22:9	MAT.6.24	2
22:9	ROM.11.6	2
22:9	JAS.1.6-JAS.1.8	2
22:9	JAS.3.10	2
22:9	2CO.1.12	1
22:10	2CO.6.14-2CO.6.16	7
22:11	LEV.19.19	6
22:12	MAT.23.5	7
22:12	NUM.15.37-NUM.15.41	3
22:13	GEN.29.21	3
22:13	GEN.29.23	2
22:13	GEN.29.31	2
22:13	DEU.24.1	2
22:13	JDG.15.1-JDG.15.2	2
22:13	EPH.5.28-EPH.5.29	2
22:14	EXO.20.16	2
22:14	EXO.23.1	2
22:14	DEU.22.19	2
22:14	PRO.18.8	2
22:14	PRO.18.21	2
22:14	1TI.5.14	2
22:18	EXO.18.21	2
22:19	DEU.22.29	4
22:19	MAT.19.8-MAT.19.9	4
22:19	DEU.24.1-DEU.24.4	3
22:21	GEN.34.7	6
22:21	DEU.13.5	6
22:21	JDG.20.6	4
22:21	LEV.21.9	3
22:21	DEU.17.7	3
22:21	DEU.19.19	3
22:21	DEU.21.21	3
22:21	JDG.20.10	3
22:21	2SA.13.12-2SA.13.13	3
22:21	LEV.24.16	2
22:21	LEV.24.23	2
22:21	NUM.15.35-NUM.15.36	2
22:21	DEU.13.10	2
22:21	DEU.17.5	2
22:21	DEU.22.22	2
22:21	DEU.22.24	2
22:21	DEU.23.17-DEU.23.18	2
22:22	LEV.20.10	7
22:22	EZK.23.45-EZK.23.47	4
22:22	JHN.8.4-JHN.8.5	4
22:22	HEB.13.4	4
22:22	NUM.5.22-NUM.5.27	3
22:22	EZK.16.38	3
22:23	MAT.1.18-MAT.1.19	4
22:23	DEU.20.7	2
22:24	DEU.21.14	3
22:24	DEU.22.21-DEU.22.22	3
22:24	1CO.5.13	3
22:24	GEN.29.21	2
22:24	DEU.13.5	2
22:24	MAT.1.20	2
22:24	MAT.1.24	2
22:24	1CO.5.2	2
22:25	2SA.13.14	4
22:26	DEU.21.22	3
22:27	1CO.13.7	1
22:28	EXO.22.16-EXO.22.17	18
22:29	DEU.22.19	6
22:29	DEU.21.14	4
22:29	DEU.22.24	4
22:30	DEU.27.20	7
22:30	LEV.18.8	6
22:30	1CO.5.1	6
22:30	LEV.20.11	5
22:30	RUT.3.9	4
22:30	EZK.16.8	4
22:30	1CO.5.13	2
23:1	GAL.3.28	6
23:1	ISA.56.3-ISA.56.4	5
23:1	LEV.21.17-LEV.21.21	4
23:1	DEU.23.2-DEU.23.3	4
23:1	NEH.13.1-NEH.13.3	4
23:1	LEV.22.22-LEV.22.24	3
23:1	DEU.23.8	3
23:1	LAM.1.10	3
23:2	ZEC.9.6	7
23:2	ISA.57.3	5
23:2	HEB.12.8	3
23:2	JHN.8.41	2
23:3	NEH.13.1-NEH.13.2	8
23:3	RUT.4.6	3
23:3	RUT.4.10-RUT.4.22	2
23:3	NEH.13.23	2
23:3	ISA.56.3	2
23:3	NEH.4.3	1
23:3	NEH.4.7	1
23:4	NEH.13.2	6
23:4	2PE.2.15	5
23:4	DEU.2.28-DEU.2.29	4
23:4	1KI.18.4	4
23:4	NUM.22.5-NUM.22.7	3
23:4	NUM.22.17	3
23:4	NUM.23.7	3
23:4	1SA.25.11	3
23:4	ZEC.2.8	3
23:4	MAT.25.40	3
23:4	ACT.9.4	3
23:4	GEN.14.17-GEN.14.18	2
23:4	ISA.63.9	2
23:5	DEU.7.7-DEU.7.8	18
23:5	ROM.8.31	17
23:5	NUM.24.9	9
23:5	EPH.2.4-EPH.2.5	9
23:5	2CO.4.17	8
23:5	NUM.23.5-NUM.23.12	7
23:5	JER.31.3	7
23:5	MIC.6.5	7
23:5	ROM.11.28	7
23:5	DEU.33.3	6
23:5	EZK.16.8	6
23:5	PSA.73.1	5
23:5	PRO.26.2	5
23:5	NUM.22.35	4
23:5	NUM.23.16-NUM.23.26	4
23:5	ROM.9.13	4
23:5	MAL.1.2	3
23:6	EZR.9.12	6
23:6	2SA.8.2	3
23:6	2SA.12.31	3
23:6	NEH.13.23-NEH.13.25	3
23:7	EXO.22.21	7
23:7	DEU.10.19	7
23:7	EXO.23.9	6
23:7	LEV.19.34	6
23:7	GEN.25.24-GEN.25.26	4
23:7	GEN.25.30	3
23:7	NUM.20.14	3
23:7	GEN.45.17-GEN.45.18	2
23:7	GEN.46.7	2
23:7	GEN.47.6	2
23:7	GEN.47.12	2
23:7	GEN.47.27	2
23:7	PSA.105.23	2
23:7	OBA.1.10-OBA.1.12	2
23:7	MAL.1.2	2
23:7	ACT.7.10-ACT.7.18	2
23:8	EXO.20.5-EXO.20.6	5
23:8	DEU.23.1-DEU.23.3	3
23:8	EPH.2.12-EPH.2.13	3
23:8	ROM.3.29-ROM.3.30	2
23:9	JOS.6.18	5
23:9	REV.19.11-REV.19.14	2
23:9	JOS.7.11-JOS.7.13	1
23:9	JDG.20.26	1
23:9	2CH.19.4	1
23:9	2CH.20.3-2CH.20.13	1
23:9	2CH.31.20-2CH.32.22	1
23:10	LEV.15.16	6
23:10	NUM.5.2-NUM.5.3	3
23:10	1CO.5.11-1CO.5.13	2
23:11	LEV.14.9	3
23:11	LEV.15.5	3
23:11	LUK.11.38-LUK.11.39	3
23:11	EPH.5.26-EPH.5.27	3
23:11	HEB.10.22	3
23:11	LEV.11.25	2
23:11	LEV.15.11	2
23:11	LEV.15.13	2
23:11	LEV.15.17-LEV.15.23	2
23:11	LEV.22.6	2
23:11	PSA.51.2	2
23:11	PSA.51.7	2
23:11	EZK.36.25	2
23:11	MAT.3.11	2
23:11	HEB.9.9-HEB.9.10	2
23:11	1PE.3.21	2
23:11	REV.1.5	2
23:13	EZK.24.6-EZK.24.8	3
23:14	GEN.17.1	12
23:14	LEV.26.12	12
23:14	2CO.6.16	12
23:14	EXO.3.5	9
23:15	1SA.30.15	7
23:15	OBA.1.14	4
23:16	EXO.22.21	6
23:16	EXO.23.9	3
23:16	ISA.16.3-ISA.16.4	3
23:16	JER.7.6	3
23:16	ZEC.7.10	3
23:16	MAL.3.5	3
23:16	TIT.3.2-TIT.3.3	3
23:16	JAS.2.6	3
23:16	LUK.15.15-LUK.15.24	2
23:17	2KI.23.7	7
23:17	LEV.19.29	6
23:17	1KI.14.24	6
23:17	DEU.22.21	5
23:17	1KI.15.12	5
23:17	1KI.22.46	5
23:17	1TI.1.10	4
23:17	ROM.1.26-ROM.1.28	3
23:17	1CO.6.9	3
23:17	GEN.19.4-GEN.19.5	2
23:17	JDG.19.22	2
23:17	PRO.2.16	2
23:17	DEU.22.29	1
23:18	PHP.3.2	4
23:18	REV.22.15	4
23:18	MAT.7.6	3
23:18	LEV.18.22	2
23:18	PSA.5.4-PSA.5.6	2
23:18	ISA.61.8	2
23:18	EZK.16.33	2
23:18	DEU.23.21	1
23:18	PSA.22.16	1
23:18	PRO.26.11	1
23:18	ISA.56.10-ISA.56.11	1
23:18	HAB.1.13	1
23:18	2PE.2.22	1
23:18	LEV.7.16	0
23:18	DEU.12.6	0
23:18	MAL.1.14	0
23:19	EXO.22.25	6
23:19	LEV.25.35-LEV.25.37	4
23:19	PSA.15.5	4
23:19	EZK.18.7-EZK.18.8	2
23:19	EZK.18.13	2
23:19	EZK.18.16-EZK.18.18	2
23:19	EZK.22.12	2
23:19	LUK.6.34-LUK.6.35	2
23:19	NEH.5.1-NEH.5.7	0
23:20	DEU.15.10	5
23:20	DEU.15.3	4
23:20	DEU.14.21	3
23:20	LUK.14.14	3
23:20	1CO.15.58	3
23:20	DEU.28.12	2
23:20	PRO.19.17	2
23:20	ISA.1.19	2
23:20	LEV.19.33-LEV.19.34	1
23:21	ECC.5.4-ECC.5.5	11
23:21	PSA.66.13-PSA.66.14	8
23:21	PSA.116.18	6
23:21	NUM.30.1-NUM.30.16	5
23:21	PSA.56.12	5
23:21	PSA.76.11	5
23:21	GEN.28.20	4
23:21	GEN.35.1-GEN.35.3	4
23:21	LEV.27.2-LEV.27.34	4
23:21	DEU.23.18	4
23:21	JON.1.16	4
23:21	MAT.5.33	4
23:21	JON.2.9	3
23:21	NAM.1.15	3
23:23	PRO.20.25	5
23:23	JDG.11.30-JDG.11.31	3
23:23	NUM.30.2	2
23:23	1SA.1.11	2
23:23	1SA.14.24	2
23:23	PSA.66.13-PSA.66.14	2
23:23	PSA.116.18	2
23:23	ECC.5.4-ECC.5.5	2
23:23	JER.44.25-JER.44.27	2
23:23	MRK.6.22-MRK.6.23	2
23:23	ACT.23.12	2
23:23	ACT.23.21	2
23:23	JDG.11.35	1
23:24	1CO.10.26	4
23:24	ROM.12.13	3
23:24	HEB.13.5	2
23:25	MAT.12.1-MAT.12.2	5
23:25	MRK.2.23	5
23:25	LUK.6.1-LUK.6.2	2
24:1	MAT.19.7-MAT.19.9	9
24:1	DEU.22.13	5
24:1	ISA.50.1	5
24:1	MRK.10.4-MRK.10.12	5
24:1	DEU.22.19	4
24:1	DEU.22.29	4
24:1	JER.3.8	4
24:1	EXO.21.10	3
24:1	DEU.24.3	3
24:1	MAL.2.16	2
24:1	1CO.7.11-1CO.7.12	2
24:1	DEU.21.15	1
24:1	MAT.1.19	1
24:1	MAT.5.31-MAT.5.32	1
24:1	LUK.16.18	1
24:2	LEV.21.7	2
24:2	LEV.21.14	2
24:2	LEV.22.13	2
24:2	NUM.30.9	2
24:2	EZK.44.22	2
24:2	MAT.5.32	2
24:2	MRK.10.11	2
24:2	1CO.7.15	2
24:4	JER.3.1	8
24:4	LEV.18.24-LEV.18.28	0
24:4	JOS.22.17-JOS.22.18	0
24:5	DEU.20.7	8
24:5	PRO.5.18	8
24:5	GEN.2.24	7
24:5	TIT.2.4-TIT.2.5	7
24:5	MRK.10.6-MRK.10.9	6
24:5	ECC.9.9	5
24:5	MAT.19.4-MAT.19.6	5
24:5	EPH.5.28-EPH.5.29	4
24:5	1CO.7.10-1CO.7.15	3
24:5	1CO.7.29	3
24:6	DEU.20.19	3
24:6	LUK.12.15	3
24:6	GEN.44.30	2
24:6	REV.18.22	2
24:6	EXO.22.26-EXO.22.27	1
24:7	EXO.21.16	9
24:7	EXO.22.1-EXO.22.4	2
24:7	1TI.1.10	2
24:7	REV.18.13	2
24:7	DEU.19.19	1
24:7	EZK.27.13	1
24:8	LEV.14.2	3
24:8	LEV.13.1-LEV.13.46	2
24:8	LEV.13.57	2
24:8	LEV.14.9-LEV.14.10	2
24:8	MAT.8.4	2
24:8	MRK.1.44	2
24:8	LUK.5.14	2
24:8	LUK.17.14	2
24:9	NUM.12.10-NUM.12.15	9
24:9	1CO.10.11	6
24:9	1CO.10.6	3
24:9	NUM.5.2	2
24:9	2KI.7.3	2
24:9	2CH.26.20-2CH.26.21	2
24:9	LUK.17.32	1
24:10	EXO.22.27	3
24:10	DEU.15.8	3
24:12	DEU.24.17	4
24:12	JOB.22.6	0
24:12	JOB.24.3	0
24:12	JOB.24.9	0
24:13	DEU.6.25	5
24:13	DAN.4.27	5
24:13	EXO.22.26-EXO.22.27	4
24:13	DEU.24.15	3
24:13	GEN.15.6	2
24:13	DEU.15.9-DEU.15.10	2
24:13	JOB.24.7-JOB.24.8	2
24:13	JOB.29.11-JOB.29.13	2
24:13	JOB.31.16-JOB.31.20	2
24:13	PSA.106.30-PSA.106.31	2
24:13	PSA.112.9	2
24:13	ISA.58.8	2
24:13	EZK.18.7	2
24:13	EZK.18.12	2
24:13	EZK.33.15	2
24:13	AMO.2.8	2
24:13	EPH.4.26	2
24:13	2TI.1.16-2TI.1.18	2
24:13	JAS.1.27	2
24:13	JAS.2.13-JAS.2.23	2
24:13	EZK.18.16	1
24:13	2CO.9.13-2CO.9.14	1
24:14	MAL.3.5	25
24:14	PRO.14.31	20
24:14	PRO.22.16	10
24:14	JOB.24.10-JOB.24.11	6
24:14	AMO.4.1	6
24:14	LEV.25.35-LEV.25.43	5
24:14	DEU.15.12-DEU.15.18	5
24:14	JOB.31.13-JOB.31.15	5
24:14	AMO.2.7	5
24:14	LUK.10.7	5
24:14	EZK.22.7	4
24:14	AMO.8.4	4
24:15	LEV.19.13	12
24:15	PRO.3.27-PRO.3.28	10
24:15	JAS.5.4	10
24:15	JER.22.13	9
24:15	DEU.15.9	8
24:15	EXO.22.23-EXO.22.24	5
24:15	JOB.35.9	5
24:15	JOB.34.28	4
24:15	JOB.31.38	3
24:15	PSA.24.4	3
24:15	PSA.25.1	3
24:15	PSA.86.4	3
24:15	PRO.23.10-PRO.23.11	3
24:15	ISA.5.7	3
24:15	MAT.20.8	3
24:15	MRK.10.19	3
24:15	PRO.22.22-PRO.22.23	2
24:16	EZK.18.20	33
24:16	2CH.25.4	29
24:16	JER.31.29-JER.31.30	24
24:16	2KI.14.5-2KI.14.6	15
24:17	DEU.16.19	5
24:17	EXO.22.21-EXO.22.22	4
24:17	EXO.23.6	4
24:17	DEU.27.19	4
24:17	EXO.23.2	3
24:17	EXO.23.9	3
24:17	DEU.1.17	3
24:17	JOB.29.11-JOB.29.17	3
24:17	ISA.1.23	3
24:17	JER.5.28	3
24:17	MIC.7.3	3
24:17	EXO.22.26-EXO.22.27	2
24:17	DEU.10.17-DEU.10.18	2
24:17	DEU.24.6	2
24:17	DEU.24.13	2
24:17	1SA.12.3-1SA.12.4	2
24:17	JOB.22.8-JOB.22.9	2
24:17	PSA.82.1-PSA.82.5	2
24:17	PSA.94.3-PSA.94.6	2
24:17	PSA.94.20-PSA.94.21	2
24:17	PRO.22.22-PRO.22.23	2
24:17	PRO.31.5	2
24:17	ECC.5.8	2
24:17	ISA.3.15	2
24:17	ISA.33.15	2
24:17	JER.22.3	2
24:17	EZK.22.7	2
24:17	EZK.22.29	2
24:17	AMO.5.7-AMO.5.12	2
24:17	MIC.2.1-MIC.2.2	2
24:17	ZEC.7.10	2
24:17	MAL.3.5	2
24:17	LUK.3.14	2
24:17	JAS.2.6	2
24:18	DEU.5.15	6
24:18	DEU.15.15	3
24:18	DEU.16.12	3
24:18	DEU.24.22	3
24:19	LEV.23.22	12
24:19	PRO.19.17	10
24:19	LEV.19.9-LEV.19.10	9
24:19	DEU.14.29	8
24:19	LUK.14.13-LUK.14.14	8
24:19	LUK.6.38	7
24:19	PSA.41.1-PSA.41.3	6
24:19	PSA.112.9	6
24:19	PRO.11.24-PRO.11.25	6
24:19	ISA.32.8	6
24:19	ISA.58.7-ISA.58.11	6
24:19	2CO.9.6-2CO.9.8	6
24:19	DEU.26.13	5
24:19	JOB.42.12	5
24:19	DEU.15.10	4
24:19	DEU.24.20-DEU.24.21	4
24:19	RUT.2.16	4
24:19	JOB.31.16-JOB.31.22	3
24:19	PRO.14.21	3
24:19	LUK.6.35	3
24:19	1JN.3.17-1JN.3.19	3
24:20	LEV.19.10	3
24:21	LEV.19.9-LEV.19.10	2
24:21	DEU.24.19	2
24:22	DEU.24.18	4
24:22	DEU.5.14-DEU.5.15	2
24:22	DEU.7.8	2
24:22	ISA.51.1	2
24:22	2CO.8.8-2CO.8.9	2
24:22	EPH.5.1-EPH.5.2	2
24:22	1JN.4.10-1JN.4.11	2
25:1	PRO.17.15	4
25:1	DEU.1.16-DEU.1.17	3
25:1	DEU.17.8-DEU.17.9	3
25:1	EXO.23.6-EXO.23.7	2
25:1	DEU.16.18-DEU.16.20	2
25:1	DEU.19.17-DEU.19.19	2
25:1	2SA.23.3	2
25:1	2CH.19.6-2CH.19.10	2
25:1	JOB.29.7-JOB.29.17	2
25:1	PSA.58.1-PSA.58.2	2
25:1	PSA.82.2-PSA.82.4	2
25:1	PRO.31.8-PRO.31.9	2
25:1	ISA.1.17	2
25:1	ISA.1.23	2
25:1	ISA.5.23	2
25:1	ISA.11.4	2
25:1	ISA.32.1-ISA.32.2	2
25:1	JER.21.12	2
25:1	EZK.44.24	2
25:1	MIC.3.1-MIC.3.2	2
25:1	HAB.1.4	2
25:1	HAB.1.13	2
25:1	MAL.3.18	2
25:1	MAT.3.10	2
25:2	LUK.12.47-LUK.12.48	3
25:2	MAT.10.17	2
25:2	MAT.27.26	2
25:2	ACT.5.40	2
25:2	ACT.16.22-ACT.16.24	2
25:2	1PE.2.20	2
25:2	1PE.2.24	2
25:3	JOB.18.3	3
25:3	JAS.2.2-JAS.2.3	2
25:3	LUK.15.30	1
25:3	LUK.18.9-LUK.18.12	1
25:3	2CO.11.24-2CO.11.25	1
25:4	1TI.5.17-1TI.5.18	13
25:4	1CO.9.9-1CO.9.10	11
25:4	PRO.12.10	4
25:4	HOS.10.11	3
25:4	ISA.28.27	2
25:5	MAT.22.24	11
25:5	LUK.20.28	11
25:5	GEN.38.8-GEN.38.9	9
25:5	MRK.12.19	9
25:5	RUT.1.12-RUT.1.13	7
25:5	RUT.3.9	4
25:5	RUT.4.5	4
25:6	DEU.21.19	4
25:6	PSA.9.5	4
25:6	PSA.109.13	4
25:6	GEN.28.8-GEN.28.10	3
25:6	DEU.9.14	3
25:6	DEU.29.20	3
25:6	RUT.4.1-RUT.4.7	3
25:6	RUT.4.10-RUT.4.12	3
25:7	RUT.4.1-RUT.4.2	2
25:7	RUT.4.5-RUT.4.6	2
25:8	RUT.4.6	5
25:9	NUM.12.14	5
25:9	RUT.4.7-RUT.4.8	5
25:9	GEN.38.8-GEN.38.10	4
25:9	RUT.4.10-RUT.4.11	4
25:9	JOB.30.10	4
25:9	ISA.20.2	4
25:9	ISA.50.6	4
25:9	MAT.26.67	4
25:9	MAT.27.30	4
25:9	MRK.1.7	4
25:9	MRK.10.34	4
25:9	JHN.1.27	4
25:9	1SA.2.30	3
25:11	ROM.3.8	0
25:11	1TI.2.9	0
25:12	DEU.19.13	5
25:12	DEU.7.2	2
25:12	DEU.19.21	2
25:13	PRO.11.1	4
25:13	LEV.19.35-LEV.19.37	3
25:13	PRO.16.11	3
25:13	AMO.8.5	3
25:13	PRO.20.10	2
25:13	EZK.45.10-EZK.45.11	2
25:13	MIC.6.11-MIC.6.12	2
25:15	EXO.20.12	4
25:15	DEU.4.40	3
25:15	DEU.5.16	2
25:15	DEU.5.33	2
25:15	DEU.6.18	2
25:15	DEU.11.9	2
25:15	PSA.34.12	2
25:15	EPH.6.3	2
25:15	1PE.3.10	2
25:15	DEU.17.20	1
25:16	PRO.11.1	10
25:16	REV.21.27	5
25:16	DEU.22.5	4
25:16	1TH.4.6	4
25:16	DEU.18.12	3
25:16	AMO.8.5-AMO.8.7	3
25:16	1CO.6.9-1CO.6.11	3
25:16	PRO.20.23	1
25:17	EXO.17.8-EXO.17.16	5
25:17	NUM.24.20	2
25:17	NUM.25.17-NUM.25.18	2
25:18	PSA.36.1	5
25:18	ROM.3.18	5
25:18	NEH.5.15	3
25:18	NEH.5.9	2
25:18	PRO.16.6	2
25:19	EXO.17.14	4
25:19	EXO.17.16	3
25:19	DEU.9.14	3
25:19	1SA.14.48	3
25:19	JOS.6.3	2
25:19	JOS.7.12	2
25:19	JOS.7.22-JOS.7.25	2
25:19	JOS.23.1	2
25:19	1SA.15.1-1SA.15.35	2
25:19	1SA.27.8	2
25:19	1SA.30.1-1SA.30.7	2
25:19	1CH.4.43	2
25:19	EST.3.1	2
25:19	EST.7.10	2
25:19	EST.9.7-EST.9.10	2
25:19	PSA.83.7-PSA.83.17	2
26:1	DEU.17.14	3
26:1	NUM.15.2	2
26:1	NUM.15.18	2
26:1	DEU.5.31	2
26:1	DEU.6.1-DEU.6.10	2
26:1	DEU.7.1	2
26:1	DEU.13.1	2
26:1	DEU.13.9	2
26:1	DEU.18.9	2
26:2	EXO.23.19	7
26:2	EXO.23.16	5
26:2	EXO.34.26	4
26:2	DEU.16.10	4
26:2	EZK.44.30	4
26:2	1CO.15.20	4
26:2	NUM.18.12-NUM.18.13	3
26:2	DEU.12.5-DEU.12.6	3
26:2	PRO.3.9-PRO.3.10	3
26:2	EZK.20.40	3
26:2	EZK.48.14	3
26:2	ROM.8.23	3
26:2	ROM.11.16	3
26:2	1CO.16.2	3
26:2	JAS.1.18	3
26:2	EXO.22.29	2
26:2	LEV.2.12	2
26:2	LEV.2.14	2
26:2	DEU.18.4	2
26:2	JOS.18.1	2
26:2	2KI.4.42	2
26:2	2CH.31.5	2
26:2	NEH.10.35-NEH.10.37	2
26:2	NEH.12.44	2
26:2	NEH.13.31	2
26:2	JER.2.3	2
26:2	ROM.16.5	2
26:2	REV.14.4	2
26:2	2CH.6.6	1
26:2	1CO.15.23	1
26:3	GEN.17.8	2
26:3	GEN.26.3	2
26:3	DEU.19.17	2
26:3	PSA.105.9-PSA.105.10	2
26:3	LUK.1.72-LUK.1.73	2
26:3	HEB.6.16-HEB.6.18	2
26:3	HEB.7.26	2
26:3	HEB.10.21	2
26:3	HEB.13.15	2
26:3	1PE.2.5	2
26:4	MAT.5.23-MAT.5.24	2
26:4	MAT.23.19	2
26:4	HEB.13.10-HEB.13.12	2
26:5	GEN.46.27	7
26:5	DEU.10.22	7
26:5	GEN.31.20	6
26:5	GEN.43.1-GEN.43.2	6
26:5	GEN.31.24	5
26:5	GEN.43.12	5
26:5	GEN.45.7	5
26:5	GEN.45.11	5
26:5	GEN.24.4	4
26:5	GEN.25.20	4
26:5	PSA.105.23-PSA.105.24	4
26:5	ISA.51.1-ISA.51.2	4
26:5	HOS.12.12	4
26:5	ACT.7.15	4
26:5	GEN.27.41	3
26:5	GEN.28.5	3
26:5	GEN.31.40	3
26:5	GEN.46.1-GEN.46.7	3
26:5	GEN.47.27	3
26:5	EXO.1.5	3
26:5	EXO.1.7	3
26:5	EXO.1.12	3
26:5	DEU.7.7	3
26:6	EXO.1.11	5
26:6	EXO.1.14	4
26:6	EXO.1.16	2
26:6	EXO.1.22	2
26:6	EXO.5.9	2
26:6	EXO.5.23	2
26:6	DEU.4.20	2
26:6	EXO.5.19	1
26:7	EXO.2.23-EXO.3.4	5
26:7	EXO.3.9	4
26:7	EPH.3.20-EPH.3.21	4
26:7	EXO.4.31	3
26:7	EXO.6.5	3
26:7	1SA.9.16	3
26:7	PSA.50.15	3
26:7	PSA.103.1-PSA.103.2	3
26:7	PSA.116.1-PSA.116.4	3
26:7	PSA.119.132	3
26:7	JER.33.2	3
26:7	2SA.16.12	2
26:7	PSA.102.19-PSA.102.20	2
26:8	DEU.4.34	6
26:8	EXO.12.37	2
26:8	EXO.12.41	2
26:8	EXO.12.51	2
26:8	EXO.13.3	2
26:8	EXO.14.16-EXO.14.31	2
26:8	DEU.5.15	2
26:8	PSA.78.12-PSA.78.13	2
26:8	PSA.105.27-PSA.105.38	2
26:8	PSA.106.7-PSA.106.10	2
26:8	ISA.63.12	1
26:9	EXO.3.8	5
26:9	JOS.23.14	2
26:9	1SA.7.12	2
26:9	PSA.105.44	2
26:9	PSA.107.7-PSA.107.8	2
26:9	EZK.20.6	2
26:9	EZK.20.15	2
26:9	ACT.26.22	2
26:10	EXO.22.29	2
26:10	NUM.18.11-NUM.18.13	2
26:10	DEU.6.10-DEU.6.13	2
26:10	DEU.18.4	2
26:10	DEU.26.2	2
26:10	DEU.26.4	2
26:10	DEU.26.17	2
26:10	1CH.29.14	2
26:10	PSA.22.27	2
26:10	PSA.22.29	2
26:10	PSA.86.9	2
26:10	PSA.95.6	2
26:10	PRO.3.9	2
26:10	ISA.66.23	2
26:10	ROM.2.1	2
26:10	1CO.10.31	2
26:10	1PE.4.10-1PE.4.11	2
26:10	REV.22.9	2
26:11	DEU.16.11	6
26:11	DEU.12.7	5
26:11	PHP.4.4	4
26:11	DEU.28.47	3
26:11	PSA.100.1-PSA.100.2	3
26:11	ISA.65.14	3
26:11	DEU.12.12	2
26:11	PSA.63.3-PSA.63.5	2
26:11	ZEC.9.17	2
26:11	DEU.12.18	1
26:11	ACT.2.46-ACT.2.47	1
26:11	1CO.9.11	1
26:11	1TI.6.17-1TI.6.18	1
26:12	LEV.27.30	5
26:12	NUM.18.24	5
26:12	PHP.4.18-PHP.4.19	4
26:12	DEU.14.22-DEU.14.29	3
26:12	PRO.14.21	3
26:12	HEB.7.5	3
26:12	DEU.12.17-DEU.12.19	2
26:12	DEU.16.14	2
26:12	HEB.7.9	1
26:13	PSA.119.141	5
26:13	PSA.119.153	5
26:13	PSA.119.176	5
26:13	DEU.14.29	2
26:13	DEU.24.19-DEU.24.21	2
26:13	DEU.26.12	2
26:13	JOB.31.16-JOB.31.20	2
26:13	PSA.18.21-PSA.18.24	2
26:13	PSA.26.1-PSA.26.3	2
26:13	PSA.26.6	2
26:13	PSA.119.93	2
26:13	PSA.119.139	2
26:13	PRO.3.1	2
26:13	ACT.24.16	2
26:13	2CO.1.12	2
26:13	2CO.11.31	2
26:13	1JN.3.17-1JN.3.22	2
26:13	1TH.2.10	1
26:14	LEV.7.20	7
26:14	LEV.21.1	5
26:14	LEV.21.11	5
26:14	HOS.9.4	5
26:14	PSA.106.28	3
26:14	DEU.16.11	2
26:14	EZK.24.17	2
26:14	MAL.2.13	2
26:15	ISA.63.15	6
26:15	ZEC.2.13	5
26:15	1KI.8.27	3
26:15	1KI.8.43	3
26:15	ISA.66.1-ISA.66.2	3
26:15	JER.31.23	3
26:15	ACT.7.49	3
26:15	DEU.26.7	2
26:15	PSA.28.9	2
26:15	PSA.51.18	2
26:15	PSA.90.17	2
26:15	PSA.102.19-PSA.102.20	2
26:15	PSA.137.5-PSA.137.6	2
26:15	ISA.57.15	2
26:15	ISA.61.1	2
26:15	MAT.6.9	2
26:15	HEB.6.13-HEB.6.18	2
26:15	PSA.115.12-PSA.115.15	1
26:16	JHN.14.15	5
26:16	DEU.12.1	4
26:16	1JN.5.2-1JN.5.3	3
26:16	DEU.4.1-DEU.4.6	2
26:16	DEU.4.29	2
26:16	DEU.6.1	2
26:16	DEU.6.5	2
26:16	DEU.6.17	2
26:16	DEU.8.2	2
26:16	DEU.11.1	2
26:16	DEU.11.8	2
26:16	DEU.12.32	2
26:16	DEU.13.3-DEU.13.4	2
26:16	MAT.28.20	2
26:16	JHN.14.21-JHN.14.24	2
26:17	EXO.24.7	6
26:17	ISA.12.2	6
26:17	EXO.20.19	4
26:17	DEU.30.16	4
26:17	ROM.6.13	4
26:17	1CO.6.19-1CO.6.20	4
26:17	DEU.5.2-DEU.5.3	3
26:17	DEU.13.18	3
26:17	DEU.15.5	3
26:17	JOS.22.5	3
26:17	ISA.44.5	3
26:17	2CO.8.5	3
26:17	EXO.15.2	2
26:17	DEU.13.4-DEU.13.5	2
26:17	2CH.34.31	2
26:17	PSA.147.19-PSA.147.20	2
26:17	ZEC.13.9	2
26:17	ACT.27.23	2
26:17	DEU.10.12-DEU.10.13	1
26:17	1KI.2.3-1KI.2.4	1
26:18	DEU.7.6	9
26:18	DEU.14.2	9
26:18	DEU.28.9	9
26:18	EXO.6.7	7
26:18	TIT.2.14	7
26:18	EXO.19.5-EXO.19.6	4
26:18	EZK.36.25-EZK.36.27	4
26:18	ROM.16.26	4
26:18	PSA.119.6	3
26:18	JER.31.32-JER.31.34	3
26:19	1PE.2.9	14
26:19	DEU.28.1	13
26:19	DEU.7.6	12
26:19	DEU.4.7-DEU.4.8	11
26:19	EXO.19.6	10
26:19	ISA.62.12	9
26:19	1PE.2.5	8
26:19	REV.1.5-REV.1.6	8
26:19	EZK.16.12-EZK.16.14	7
26:19	DEU.28.9	6
26:19	JER.33.9	6
26:19	ZEP.3.19	6
26:19	DEU.28.13	5
26:19	PSA.148.14	5
26:19	ISA.66.20-ISA.66.21	5
26:19	JER.13.11	5
27:1	JHN.15.14	4
27:1	LUK.11.28	3
27:1	JAS.2.10	3
27:1	DEU.4.1-DEU.4.3	2
27:1	DEU.11.32	2
27:1	DEU.26.16	2
27:1	1TH.4.1-1TH.4.2	2
27:2	JOS.4.1	3
27:2	JOS.8.31	3
27:2	EZK.36.26	3
27:2	DEU.6.1	2
27:2	DEU.9.1	2
27:2	DEU.11.31	2
27:2	DEU.26.1	2
27:2	DEU.27.3	2
27:2	JOS.1.11	2
27:2	JOS.4.5-JOS.4.24	2
27:2	EZK.11.19	2
27:3	JOS.8.32	5
27:3	DEU.26.9	4
27:3	NUM.13.27	3
27:3	NUM.14.8	3
27:3	JOS.5.6	3
27:3	JER.31.31-JER.31.33	3
27:3	2CO.3.2-2CO.3.3	3
27:3	HEB.10.16	3
27:3	LEV.20.24	2
27:3	DEU.6.8	2
27:3	JER.11.5	2
27:3	JER.32.22	2
27:3	HEB.8.6-HEB.8.10	2
27:4	DEU.11.29-DEU.11.30	3
27:4	JOS.8.30-JOS.8.33	2
27:5	EXO.20.25	5
27:5	EXO.24.4	3
27:5	1KI.18.31-1KI.18.32	2
27:5	JOS.8.30-JOS.8.31	1
27:6	LEV.1.1-LEV.1.17	2
27:6	EPH.5.2	2
27:7	LEV.3.1-LEV.3.17	3
27:7	DEU.12.7	3
27:7	PSA.100.1-PSA.100.2	3
27:7	ISA.12.3	3
27:7	HAB.3.18	3
27:7	ACT.10.36	3
27:7	HEB.13.20-HEB.13.21	3
27:7	LEV.7.11-LEV.7.17	2
27:7	DEU.12.12	2
27:7	DEU.16.11	2
27:7	DEU.16.14	2
27:7	DEU.26.10-DEU.26.11	2
27:7	2CH.30.23-2CH.30.27	2
27:7	NEH.8.10	2
27:7	ISA.61.3	2
27:7	ISA.61.10	2
27:7	ROM.5.1	2
27:7	ROM.5.10	2
27:7	EPH.2.16-EPH.2.17	2
27:7	PHP.3.3	2
27:7	PHP.4.4	2
27:7	COL.1.20	2
27:8	HAB.2.2	5
27:8	JHN.16.25	3
27:8	2CO.3.12	1
27:9	DEU.26.16-DEU.26.18	4
27:9	1PE.2.10-1PE.2.11	4
27:9	1CO.6.9-1CO.6.11	3
27:9	EPH.5.8-EPH.5.9	3
27:9	ROM.6.17-ROM.6.18	2
27:9	ROM.6.22	2
27:10	DEU.11.1	5
27:10	1PE.1.14-1PE.1.16	5
27:10	DEU.11.7-DEU.11.8	4
27:10	MIC.6.8	4
27:10	MAT.5.48	4
27:10	DEU.10.12-DEU.10.13	3
27:10	1PE.4.1-1PE.4.3	3
27:10	LEV.19.2	2
27:10	MIC.4.5	2
27:10	EPH.4.17-EPH.4.24	2
27:12	JDG.9.7	3
27:12	GEN.29.33-GEN.29.35	2
27:12	GEN.30.18	2
27:12	GEN.30.24	2
27:12	GEN.35.18	2
27:12	DEU.11.26-DEU.11.29	2
27:12	JOS.8.33-JOS.8.35	2
27:13	DEU.27.4	3
27:13	GEN.29.32	2
27:13	GEN.30.6-GEN.30.13	2
27:13	GEN.30.20	2
27:13	GEN.49.3-GEN.49.4	2
27:13	DEU.11.29	2
27:13	JOS.8.33	2
27:14	DAN.9.11	3
27:14	DEU.33.9-DEU.33.10	2
27:14	JOS.8.33	2
27:14	NEH.8.7-NEH.8.8	2
27:14	MAL.2.7-MAL.2.9	2
27:15	EXO.34.17	7
27:15	EXO.20.4	6
27:15	LEV.19.4	5
27:15	LEV.26.1	5
27:15	DEU.5.8	5
27:15	EXO.20.23	4
27:15	DEU.4.16-DEU.4.23	4
27:15	HOS.13.2-HOS.13.3	4
27:15	1CO.14.16	4
27:15	GEN.9.25	3
27:15	GEN.31.19	3
27:15	GEN.31.34	3
27:15	EXO.32.1-EXO.32.4	3
27:15	NUM.5.22	3
27:15	DEU.28.16-DEU.28.19	3
27:15	DEU.29.17	3
27:15	1SA.26.19	3
27:15	1KI.11.5-1KI.11.7	3
27:15	2KI.17.19	3
27:15	2KI.23.13	3
27:15	2CH.33.2	3
27:15	PSA.44.20-PSA.44.21	3
27:15	ISA.44.9-ISA.44.10	2
27:15	ISA.44.17	2
27:15	ISA.44.19	2
27:15	JER.11.3	2
27:15	JER.11.5	2
27:15	JER.23.24	2
27:15	JER.28.6	2
27:15	EZK.7.20	2
27:15	EZK.8.7-EZK.8.12	2
27:15	EZK.14.4	1
27:15	DAN.11.31	1
27:15	MAT.6.13	1
27:15	MAT.24.15	1
27:15	REV.17.4-REV.17.5	1
27:16	LEV.19.3	8
27:16	EXO.21.17	7
27:16	EXO.20.12	4
27:16	DEU.21.18-DEU.21.21	4
27:16	LEV.20.9	3
27:16	PRO.30.11-PRO.30.17	3
27:16	EZK.22.7	3
27:16	MAT.15.4-MAT.15.6	3
27:17	DEU.19.14	7
27:17	PRO.22.28	4
27:17	PRO.23.10-PRO.23.11	2
27:18	LEV.19.14	5
27:18	PRO.28.10	4
27:18	MAT.15.14	4
27:18	JOB.29.15	3
27:18	ISA.56.10	3
27:18	REV.2.14	2
27:19	DEU.10.18	9
27:19	DEU.24.17	7
27:19	EXO.22.21-EXO.22.24	5
27:19	EXO.23.2	5
27:19	PSA.82.2-PSA.82.4	5
27:19	PRO.17.23	5
27:19	MAL.3.5	5
27:19	EXO.23.8-EXO.23.9	4
27:19	PRO.31.5	4
27:19	MIC.3.9	4
27:20	DEU.22.30	5
27:20	LEV.18.8	4
27:20	LEV.20.11	3
27:20	1CO.5.1	3
27:20	GEN.35.22	2
27:20	GEN.49.4	2
27:20	2SA.16.22	2
27:20	1CH.5.1	2
27:20	EZK.22.10	2
27:20	AMO.2.7	2
27:21	LEV.18.23	5
27:21	EXO.22.19	3
27:21	LEV.20.15	3
27:22	LEV.18.9	5
27:22	LEV.20.17	5
27:22	EZK.22.11	3
27:22	2SA.13.1	2
27:22	2SA.13.8-2SA.13.14	2
27:23	LEV.20.14	5
27:23	LEV.18.17	3
27:24	NUM.35.31	5
27:24	LEV.24.17	4
27:24	EXO.20.13	2
27:24	EXO.21.12-EXO.21.14	2
27:24	DEU.19.11-DEU.19.12	2
27:24	2SA.3.27	2
27:24	2SA.11.15-2SA.11.17	2
27:24	2SA.12.9-2SA.12.12	2
27:24	2SA.13.28	2
27:24	2SA.20.9-2SA.20.10	2
27:25	EXO.23.7-EXO.23.8	4
27:25	DEU.10.17	4
27:25	PSA.15.5	4
27:25	DEU.16.19	3
27:25	PRO.1.11-PRO.1.29	2
27:25	EZK.22.12-EZK.22.13	2
27:25	MIC.3.10-MIC.3.11	2
27:25	MIC.7.2-MIC.7.3	2
27:25	MAT.26.15	2
27:25	MAT.27.3-MAT.27.4	2
27:25	ACT.1.18	2
27:26	GAL.3.10	12
27:26	DEU.28.15-DEU.28.68	5
27:26	ROM.10.5	4
27:26	PSA.119.21	3
27:26	EZK.18.24	3
27:26	DEU.27.15	2
27:26	JER.11.3-JER.11.5	2
27:26	MAT.25.41	2
27:26	ROM.3.19-ROM.3.20	2
27:26	1CO.16.22	2
28:1	ISA.1.19	92
28:1	EXO.23.22	76
28:1	LEV.26.3-LEV.26.13	61
28:1	LUK.11.28	57
28:1	JHN.15.14	54
28:1	EXO.15.26	44
28:1	PSA.91.14	38
28:1	DEU.7.12-DEU.7.26	34
28:1	DEU.15.5	33
28:1	DEU.11.13	32
28:1	ROM.2.7	29
28:1	JAS.2.10-JAS.2.11	29
28:1	PSA.111.10	25
28:1	ISA.3.10	25
28:1	ISA.55.2-ISA.55.3	25
28:1	GAL.3.10	24
28:1	LUK.9.48	23
28:1	DEU.26.19-DEU.27.1	22
28:1	JER.17.24	22
28:1	PSA.106.3	20
28:1	JER.11.4	20
28:1	LUK.1.6	19
28:1	PSA.119.6	18
28:1	PSA.119.128	18
28:1	PSA.148.14	18
28:1	JER.12.16	18
28:2	ZEC.1.6	17
28:2	DEU.28.15	13
28:2	1TI.4.8	11
28:2	DEU.28.45	7
28:3	GEN.39.5	14
28:3	PSA.144.12-PSA.144.15	13
28:3	HAG.2.19	11
28:3	GEN.26.12	10
28:3	PSA.107.36-PSA.107.37	10
28:3	PSA.128.1-PSA.128.5	8
28:3	ISA.65.21-ISA.65.23	8
28:3	MAL.3.10-MAL.3.11	8
28:3	AMO.9.13-AMO.9.14	7
28:3	ZEC.8.3-ZEC.8.5	6
28:4	PRO.10.22	20
28:4	GEN.49.25	14
28:4	DEU.7.13	14
28:4	PSA.128.3	12
28:4	LEV.26.9	10
28:4	DEU.28.11	10
28:4	GEN.22.17	9
28:4	PSA.107.38	9
28:4	PRO.13.22	9
28:4	PSA.127.3	8
28:4	PRO.20.7	8
28:4	1TI.4.8	6
28:6	PSA.121.8	23
28:6	NUM.27.17	10
28:6	2CH.1.10	8
28:6	2SA.3.25	7
28:6	DEU.31.2	6
28:7	2SA.22.38-2SA.22.41	40
28:7	LEV.26.7-LEV.26.8	38
28:7	PSA.89.23	28
28:7	2CH.32.21-2CH.32.22	22
28:7	JOS.8.22	16
28:7	2CH.19.4	16
28:7	DEU.28.25	13
28:7	2CH.31.20-2CH.31.21	13
28:7	1SA.7.3-1SA.7.4	12
28:7	1SA.7.10-1SA.7.11	12
28:7	DEU.32.30	11
28:7	JOS.10.10-JOS.10.11	11
28:7	JOS.10.42	11
28:7	2CH.14.2-2CH.14.6	11
28:7	2CH.14.9-2CH.14.15	11
28:7	2CH.20.22-2CH.20.25	10
28:8	DEU.15.10	26
28:8	LEV.26.10	17
28:8	PRO.3.9-PRO.3.10	14
28:8	PSA.133.3	10
28:8	LEV.26.4-LEV.26.5	9
28:8	MAL.3.10-MAL.3.11	9
28:8	LUK.12.18	9
28:8	LEV.25.21	8
28:8	MAT.6.26	8
28:8	PSA.42.8	6
28:8	HAG.2.19	6
28:8	LUK.12.24-LUK.12.25	6
28:8	2KI.6.27	5
28:8	PSA.144.13	5
28:8	PSA.44.4	3
28:8	MAT.13.30	3
28:9	EXO.19.5-EXO.19.6	13
28:9	DEU.7.6	13
28:9	DEU.26.18-DEU.26.19	12
28:9	DEU.13.17	9
28:9	TIT.2.14	8
28:9	1PE.2.9-1PE.2.11	8
28:9	ISA.62.12	7
28:9	1PE.5.10	7
28:9	DEU.29.12-DEU.29.13	6
28:9	PSA.87.5	5
28:9	ISA.1.26	5
28:9	DEU.7.8	4
28:9	JER.11.5	4
28:9	2TH.3.3	4
28:9	HEB.6.13-HEB.6.18	4
28:9	GEN.17.7	3
28:10	2CH.7.14	11
28:10	DEU.11.25	10
28:10	NUM.6.27	7
28:10	JER.33.9	7
28:10	DAN.9.18-DAN.9.19	7
28:10	EXO.12.33	6
28:10	DEU.4.6-DEU.4.8	6
28:10	MAL.3.12	6
28:10	EXO.14.25	5
28:10	JOS.5.1	5
28:10	1SA.18.28-1SA.18.29	5
28:10	1CH.14.17	5
28:10	ISA.63.19	4
28:10	1SA.18.12-1SA.18.15	2
28:10	REV.3.9	2
28:11	DEU.30.9	19
28:11	PRO.10.22	15
28:11	LEV.26.9	11
28:11	DEU.28.4	11
28:11	PSA.132.11	8
28:11	JOB.19.17	2
28:12	DEU.15.6	36
28:12	JOL.2.23-JOL.2.24	24
28:12	DEU.11.14	21
28:12	LEV.26.4	18
28:12	DEU.15.10	17
28:12	DEU.14.29	15
28:12	PRO.22.7	15
28:12	PSA.135.7	13
28:12	PSA.65.9-PSA.65.13	11
28:12	DEU.28.44	6
28:12	JOB.38.22	2
28:13	DEU.28.1	28
28:13	DEU.4.6-DEU.4.9	8
28:13	PHP.1.27	6
28:13	NUM.24.18-NUM.24.19	1
28:13	ISA.9.14-ISA.9.15	1
28:14	DEU.5.32	11
28:14	ISA.30.21	11
28:14	DEU.11.16	6
28:14	PRO.4.26-PRO.4.27	6
28:14	DEU.11.26-DEU.11.28	5
28:14	2KI.22.2	5
28:14	JOS.23.6	4
28:15	MAL.2.2	12
28:15	DEU.28.2	9
28:15	LAM.2.17	8
28:15	ROM.2.8-ROM.2.9	7
28:15	LEV.26.14-LEV.26.46	6
28:15	DEU.29.20	6
28:15	DAN.9.11-DAN.9.13	6
28:15	JOS.23.15	5
28:15	DEU.27.15-DEU.27.26	4
28:15	GAL.3.10	4
28:15	ISA.3.11	2
28:16	MAL.3.9-MAL.3.12	4
28:16	PRO.3.33	3
28:16	ISA.24.6-ISA.24.12	3
28:16	JER.14.2-JER.14.5	3
28:16	JER.14.18	3
28:16	JER.44.22	3
28:16	LAM.2.11-LAM.2.22	3
28:16	JOL.1.4	3
28:16	JOL.1.8-JOL.1.18	3
28:16	JOL.2.3	3
28:16	HAG.1.9-HAG.1.11	3
28:16	HAG.2.16-HAG.2.17	3
28:16	MAL.2.2	3
28:16	GEN.3.17-GEN.3.18	2
28:16	GEN.5.29	2
28:16	GEN.8.21-GEN.8.22	2
28:16	DEU.28.3-DEU.28.14	2
28:16	DEU.28.55	2
28:16	1KI.17.1	2
28:16	1KI.17.5	2
28:16	1KI.17.12	2
28:16	ISA.43.28	2
28:16	JER.9.11	2
28:16	JER.26.6	2
28:16	LAM.1.1	2
28:16	LAM.4.1-LAM.4.13	2
28:16	LAM.5.10	2
28:16	AMO.4.6-AMO.4.9	2
28:16	MAL.4.6	2
28:16	GEN.4.11-GEN.4.12	1
28:17	DEU.28.5	3
28:17	HAG.1.6	3
28:17	PSA.69.22	2
28:17	PRO.1.32	2
28:17	ZEC.5.3-ZEC.5.4	2
28:17	MAL.2.2	2
28:17	LUK.16.25	2
28:18	LEV.26.26	4
28:18	LEV.26.19-LEV.26.20	3
28:18	DEU.5.9	3
28:18	DEU.28.4	3
28:18	DEU.28.16	3
28:18	JOB.18.16-JOB.18.19	3
28:18	PSA.109.9-PSA.109.15	3
28:18	LAM.2.20	3
28:18	HAB.3.17	3
28:18	LAM.2.11-LAM.2.12	2
28:18	HOS.9.11-HOS.9.14	2
28:18	MAL.2.3	2
28:18	LUK.23.29-LUK.23.30	2
28:19	DEU.28.6	3
28:19	JDG.5.6-JDG.5.7	2
28:19	2CH.15.5	2
28:20	ISA.51.20	7
28:20	ISA.66.15	7
28:20	MAL.2.2	7
28:20	DEU.4.26	6
28:20	JHN.3.36	5
28:20	ISA.30.17	4
28:20	LEV.26.38	3
28:20	JOS.23.16	3
28:20	ISA.28.19	3
28:20	LEV.26.31-LEV.26.33	2
28:20	1SA.14.20	2
28:20	PSA.7.11	2
28:20	PSA.80.4-PSA.80.16	2
28:20	ZEC.14.12-ZEC.14.13	2
28:20	1TH.2.16	2
28:21	LEV.26.25	8
28:21	JER.24.10	6
28:21	NUM.14.12	4
28:21	JER.15.2	4
28:21	JER.16.4	4
28:21	NUM.25.9	3
28:21	2SA.24.15	3
28:21	JER.21.6-JER.21.7	3
28:21	EXO.5.3	2
28:21	NUM.16.46-NUM.16.49	2
28:21	MAT.26.7	1
28:22	LEV.26.16	8
28:22	AMO.4.9	8
28:22	1KI.8.37	5
28:22	HAG.2.17	5
28:22	2CH.6.28	3
28:22	JER.14.12	3
28:23	LEV.26.19	8
28:23	JER.14.1-JER.14.6	6
28:23	1KI.17.1	5
28:23	1KI.18.2	5
28:23	AMO.4.7	2
28:24	DEU.28.12	4
28:24	ISA.5.24	3
28:24	AMO.4.11	3
28:24	JOB.18.15-JOB.18.21	2
28:24	GEN.19.24	1
28:25	ISA.30.17	7
28:25	EZK.23.46	7
28:25	JER.24.9	6
28:25	DEU.28.7	5
28:25	DEU.32.30	5
28:25	LEV.26.17	4
28:25	JER.15.2-JER.15.9	4
28:25	LEV.26.36-LEV.26.37	3
28:25	JER.29.18	3
28:25	JER.34.17	3
28:25	LUK.21.24	3
28:26	JER.16.4	7
28:26	JER.34.20	7
28:26	JER.7.33	6
28:26	JER.19.7	4
28:26	JER.8.1	3
28:26	1SA.17.44-1SA.17.46	2
28:26	PSA.79.1-PSA.79.3	2
28:26	ISA.34.3	2
28:26	EZK.39.17-EZK.39.20	2
28:27	1SA.5.6	6
28:27	EXO.15.26	5
28:27	EXO.9.9	4
28:27	LEV.21.20	4
28:27	DEU.28.35	4
28:27	EXO.9.11	3
28:27	DEU.28.60-DEU.28.61	3
28:27	1SA.5.9	3
28:27	1SA.5.12	3
28:27	PSA.78.66	3
28:27	ISA.3.17	3
28:27	LEV.13.2-LEV.13.8	2
28:28	2TH.2.9-2TH.2.11	5
28:28	ISA.19.11-ISA.19.17	4
28:28	1SA.16.14	3
28:28	ISA.6.9-ISA.6.10	3
28:28	JER.4.9	3
28:28	EZK.4.17	2
28:28	ACT.13.41	2
28:28	PSA.60.3	1
28:28	ISA.43.19	0
28:28	LUK.21.25-LUK.21.26	0
28:29	ISA.59.10	7
28:29	JOB.5.14	5
28:29	JDG.3.14	3
28:29	JDG.4.2-JDG.4.3	3
28:29	JDG.6.1-JDG.6.6	3
28:29	JDG.10.8	3
28:29	JDG.13.1	3
28:29	PSA.106.40-PSA.106.42	3
28:29	1SA.13.5-1SA.13.7	2
28:29	1SA.13.19-1SA.13.22	2
28:29	NEH.9.26-NEH.9.29	2
28:29	NEH.9.37	2
28:29	JOB.12.25	2
28:29	PSA.69.23-PSA.69.24	2
28:29	LAM.5.8	2
28:29	LAM.5.17	2
28:29	ZEP.1.17	2
28:29	ACT.21.24	2
28:29	ROM.11.7-ROM.11.10	2
28:29	ROM.11.25	2
28:29	2CO.4.3-2CO.4.4	2
28:30	AMO.5.11	6
28:30	JER.8.10	5
28:30	JOB.31.10	4
28:30	ISA.5.9-ISA.5.10	4
28:30	JER.12.13	4
28:30	LAM.5.2	4
28:30	DEU.20.6-DEU.20.7	3
28:30	ISA.65.21-ISA.65.22	3
28:30	HOS.4.2	3
28:30	MIC.6.15	3
28:30	ZEP.1.13	3
28:30	JOB.3.18	2
28:31	JDG.6.1	2
28:31	JOB.1.14-JOB.1.15	2
28:32	DEU.28.41	6
28:32	JOL.3.6	6
28:32	2CH.29.9	3
28:32	JOB.17.5	3
28:32	NUM.21.29	2
28:32	DEU.28.18	2
28:32	DEU.28.65	2
28:32	NEH.5.2-NEH.5.5	2
28:32	JOB.11.20	2
28:32	PSA.69.3	2
28:32	PSA.119.82	2
28:32	PSA.119.123	2
28:32	ISA.38.14	2
28:32	JER.15.7-JER.15.9	2
28:32	JER.16.2-JER.16.4	2
28:32	LAM.2.11	2
28:32	LAM.5.17	2
28:32	EZK.24.25	2
28:32	AMO.5.27	2
28:32	MIC.4.10	2
28:32	LAM.4.17	1
28:33	JER.5.17	5
28:33	LEV.26.16	3
28:33	DEU.28.29-DEU.28.30	2
28:33	DEU.28.51	2
28:33	NEH.9.36-NEH.9.37	2
28:33	ISA.1.7	2
28:33	JER.4.17	2
28:33	JER.5.15	2
28:33	JER.8.16	2
28:34	DEU.28.28	3
28:34	DEU.28.68	3
28:34	ISA.33.14	3
28:34	REV.16.10-REV.16.11	3
28:34	JER.25.15-JER.25.16	2
28:35	DEU.28.27	5
28:35	JOB.2.6-JOB.2.7	2
28:35	ISA.1.6	2
28:35	ISA.3.17	2
28:35	ISA.3.24	2
28:36	DEU.4.28	5
28:36	2KI.25.11	5
28:36	JER.16.13	5
28:36	2CH.36.6	4
28:36	2CH.36.20	4
28:36	DEU.28.64	3
28:36	2CH.33.11	3
28:36	2CH.36.17	3
28:36	JER.39.5-JER.39.7	3
28:36	2KI.17.4-2KI.17.6	2
28:36	2KI.24.12-2KI.24.15	2
28:36	2KI.25.6-2KI.25.7	2
28:36	ISA.39.7	2
28:36	JER.22.11-JER.22.12	2
28:36	JER.22.24-JER.22.27	2
28:36	JER.24.8-JER.24.10	2
28:36	JER.52.8-JER.52.11	2
28:36	LAM.4.20	2
28:36	EZK.12.12-EZK.12.13	2
28:36	EZK.20.32-EZK.20.33	2
28:36	EZK.20.39	2
28:37	JER.24.9	8
28:37	1KI.9.7-1KI.9.8	7
28:37	JER.25.9	7
28:37	2CH.7.20	5
28:37	PSA.44.13-PSA.44.14	5
28:37	ZEC.8.13	4
28:37	DEU.28.28	2
28:37	DEU.29.22-DEU.29.28	2
28:37	JOL.2.17	2
28:38	HAG.1.6	6
28:38	JOL.1.4	5
28:38	MIC.6.15	5
28:38	JOL.2.25	3
28:38	AMO.4.9	3
28:38	EXO.10.14-EXO.10.15	2
28:38	ISA.5.10	2
28:38	JOL.2.3	2
28:38	AMO.7.1-AMO.7.2	2
28:39	ISA.5.10	1
28:39	ISA.17.10-ISA.17.11	1
28:39	JOL.1.4-JOL.1.7	1
28:39	JOL.2.2-JOL.2.4	1
28:39	JON.4.7	1
28:40	MIC.6.15	6
28:40	PSA.23.5	2
28:40	PSA.104.15	2
28:41	DEU.28.32	4
28:41	LAM.1.5	3
28:41	2KI.24.14	2
28:42	AMO.7.1-AMO.7.2	3
28:42	DEU.28.38-DEU.28.39	1
28:43	DEU.28.13	4
28:43	1SA.13.19-1SA.13.23	3
28:43	JDG.2.3	2
28:43	JDG.2.11-JDG.2.15	2
28:43	JDG.4.2-JDG.4.3	2
28:43	JDG.10.7-JDG.10.10	2
28:43	JDG.14.4	2
28:43	JDG.15.11-JDG.15.12	2
28:43	2KI.17.20	2
28:43	2KI.17.23	2
28:43	2KI.24.14-2KI.24.16	2
28:43	JHN.18.31	2
28:43	JHN.19.15	2
28:43	1SA.13.3-1SA.13.7	1
28:44	DEU.28.12-DEU.28.13	5
28:44	LAM.1.5	3
28:45	DEU.28.15	7
28:45	ISA.1.20	4
28:45	ISA.65.14-ISA.65.15	3
28:45	JER.7.22-JER.7.25	3
28:45	JER.24.9-JER.24.10	3
28:45	LAM.2.15-LAM.2.17	3
28:45	LEV.26.28	2
28:45	DEU.11.27-DEU.11.28	2
28:45	DEU.28.5	2
28:45	DEU.29.20-DEU.29.21	2
28:45	2KI.17.20	2
28:45	PSA.119.21	2
28:45	PRO.13.21	2
28:45	EZK.7.15	2
28:45	EZK.14.21	2
28:46	ISA.8.18	6
28:46	DEU.28.37	4
28:46	EZK.14.8	4
28:46	JER.25.18	3
28:46	DEU.28.59	2
28:46	DEU.29.20	2
28:46	DEU.29.28	2
28:46	JER.19.8	2
28:46	EZK.23.32-EZK.23.33	2
28:46	EZK.36.20	2
28:46	1CO.10.11	2
28:47	DEU.16.11	12
28:47	DEU.12.7-DEU.12.12	6
28:47	NEH.9.35-NEH.9.37	6
28:47	1TI.6.17-1TI.6.19	6
28:47	DEU.32.13-DEU.32.15	5
28:48	JER.28.13-JER.28.14	4
28:48	NEH.9.35-NEH.9.37	3
28:48	JER.44.17-JER.44.18	3
28:48	JER.44.22	3
28:48	JER.44.27	3
28:48	LAM.5.2-LAM.5.6	3
28:48	EZK.4.16-EZK.4.17	3
28:48	EZK.17.12	3
28:48	2CH.12.8	2
28:48	ISA.47.6	2
28:48	JER.5.19	2
28:48	JER.17.4	2
28:48	JER.27.12-JER.27.13	2
28:48	EZK.17.3	2
28:48	EZK.17.7	2
28:48	MAT.11.29	2
28:49	LAM.4.19	8
28:49	JER.48.40	6
28:49	JER.49.22	6
28:49	JER.5.15-JER.5.17	5
28:49	HOS.8.1	5
28:49	ISA.5.26-ISA.5.30	4
28:49	JER.6.22-JER.6.23	4
28:49	EZK.17.3	4
28:49	EZK.17.12	4
28:49	HAB.1.6-HAB.1.7	3
28:49	LUK.19.43-LUK.19.44	3
28:49	NUM.24.24	2
28:49	JER.4.13	2
28:49	DAN.6.22-DAN.6.23	2
28:49	DAN.9.26	2
28:49	MAT.24.28	2
28:49	1CO.14.21	2
28:49	EZK.3.6	1
28:50	ISA.47.6	6
28:50	2CH.36.17	3
28:50	PRO.7.13	2
28:50	ECC.8.1	2
28:50	DAN.7.7	2
28:50	DAN.8.23	2
28:50	HOS.13.16	2
28:50	LUK.19.44	2
28:50	LUK.21.23-LUK.21.24	2
28:51	DEU.28.33	4
28:51	ISA.62.8	3
28:51	LEV.26.26	2
28:51	ISA.1.7	2
28:51	JER.15.13	2
28:51	JER.17.3	2
28:51	EZK.12.19	2
28:51	HAB.3.16-HAB.3.17	2
28:52	LEV.26.25	2
28:52	2KI.17.1-2KI.17.6	2
28:52	2KI.18.13	2
28:52	2KI.24.10-2KI.24.11	2
28:52	2KI.25.1-2KI.25.4	2
28:52	ISA.1.7	2
28:52	ISA.62.8	2
28:52	JER.10.18	2
28:52	JER.21.4-JER.21.7	2
28:52	JER.37.8	2
28:52	JER.39.1-JER.39.3	2
28:52	JER.52.4-JER.52.7	2
28:52	EZK.4.1-EZK.4.8	2
28:52	DAN.9.26	2
28:52	ZEP.1.15-ZEP.1.16	2
28:52	ZEC.12.2	2
28:52	ZEC.14.2	2
28:52	MAT.22.7	2
28:52	MAT.24.15-MAT.24.16	2
28:52	LUK.19.43-LUK.19.44	2
28:52	LUK.21.20-LUK.21.24	2
28:53	LAM.4.10	9
28:53	LEV.26.29	7
28:53	JER.19.9	7
28:53	DEU.28.57	6
28:53	2KI.6.28-2KI.6.29	6
28:53	LAM.2.20	6
28:53	EZK.5.10	5
28:53	DEU.28.55	4
28:53	DEU.28.18	2
28:53	MAT.24.19	2
28:54	DEU.15.9	4
28:54	DEU.13.6	3
28:54	MAT.20.15	3
28:54	2SA.12.3	2
28:54	PSA.103.13	2
28:54	PRO.23.6	2
28:54	PRO.28.22	2
28:54	MIC.7.5	2
28:54	MAT.7.9-MAT.7.11	2
28:54	LUK.11.11-LUK.11.13	2
28:54	ISA.49.15	1
28:55	JER.5.10	2
28:55	JER.34.2	2
28:55	JER.52.6	2
28:56	DEU.28.54	4
28:56	ISA.3.16	3
28:56	LAM.4.3-LAM.4.6	3
28:57	GEN.49.10	3
28:57	ISA.49.15	3
28:58	ISA.42.8	3
28:58	EXO.3.14-EXO.3.15	2
28:58	EXO.6.2-EXO.6.3	2
28:58	EXO.20.2	2
28:58	EXO.34.5-EXO.34.7	2
28:58	LEV.26.14-LEV.26.15	2
28:58	DEU.6.13	2
28:58	DEU.28.15	2
28:58	NEH.9.5	2
28:58	PSA.50.7	2
28:58	PSA.72.19	2
28:58	PSA.83.18	2
28:58	ISA.41.10	2
28:58	JER.5.12	2
28:58	JER.7.9-JER.7.10	2
28:58	JER.7.26-JER.7.28	2
28:58	MAL.1.14	2
28:58	MAT.10.28	2
28:58	HEB.10.30-HEB.10.31	2
28:58	HEB.12.28-HEB.12.29	2
28:59	DAN.9.12	3
28:59	MRK.13.19	3
28:59	DEU.28.46	2
28:59	DEU.29.20-DEU.29.28	2
28:59	DEU.31.17-DEU.31.18	2
28:59	DEU.32.22	2
28:59	DEU.32.26	2
28:59	1KI.9.7-1KI.9.9	2
28:59	1KI.16.3-1KI.16.4	2
28:59	LAM.1.9	2
28:59	LAM.1.12	2
28:59	LAM.4.12	2
28:59	HOS.3.4	2
28:60	DEU.7.15	4
28:60	EXO.15.26	2
28:60	DEU.28.27	1
28:61	DEU.4.25-DEU.4.26	4
28:62	DEU.4.27	5
28:62	DEU.10.22	5
28:62	NEH.9.23	5
28:62	2KI.24.14	3
28:62	NEH.7.4	3
28:62	ISA.24.6	3
28:62	JER.42.2	3
28:62	MRK.13.20	3
28:62	ROM.9.27-ROM.9.29	3
28:62	LEV.26.22	2
28:62	2KI.13.7	2
28:62	ISA.1.9	2
28:62	JER.52.28-JER.52.30	2
28:63	PRO.1.26	8
28:63	ISA.1.24	6
28:63	EZK.5.13	5
28:63	JER.18.7	4
28:63	JER.45.4	4
28:63	EZK.33.11	4
28:63	JER.31.40	3
28:63	JER.32.41	3
28:63	DEU.30.9	2
28:63	DEU.7.22	1
28:63	ISA.62.5	1
28:63	JER.12.14-JER.12.15	1
28:63	JER.24.6	1
28:63	JER.31.28	1
28:63	JER.42.10	1
28:63	DAN.7.8	1
28:63	ZEP.3.17	1
28:63	MIC.7.18	0
28:63	LUK.15.6-LUK.15.10	0
28:63	LUK.15.23-LUK.15.24	0
28:63	LUK.15.32	0
28:64	LEV.26.33	12
28:64	DEU.4.27-DEU.4.28	12
28:64	DEU.28.36	9
28:64	NEH.1.8	9
28:64	JER.16.13	9
28:64	JER.50.17	5
28:64	LUK.21.24	5
28:64	EZK.11.16-EZK.11.17	4
28:65	LEV.26.36	6
28:65	LEV.26.16	4
28:65	AMO.9.4	4
28:65	GEN.8.9	3
28:65	ROM.11.10	3
28:65	ISA.51.17	2
28:65	ISA.57.21	2
28:65	ISA.65.14	2
28:65	LAM.3.65	2
28:65	EZK.5.12-EZK.5.17	2
28:65	EZK.12.18-EZK.12.19	2
28:65	EZK.20.32-EZK.20.35	2
28:65	HOS.11.10-HOS.11.11	2
28:65	AMO.9.9-AMO.9.10	2
28:65	HAB.3.16	2
28:65	MAT.24.8	2
28:65	LUK.21.26	2
28:66	DEU.28.67	2
28:66	LAM.1.13	2
28:66	HEB.10.27	2
28:66	REV.6.15-REV.6.17	2
28:67	DEU.28.34	6
28:67	JOB.7.3-JOB.7.4	5
28:67	REV.9.6	4
28:68	JER.44.12	17
28:68	JER.43.7	11
28:68	HOS.8.13	10
28:68	HOS.9.3	10
28:68	DEU.17.16	9
28:68	EXO.20.2	7
28:68	NEH.5.8	6
28:68	EST.7.4	6
28:68	JOL.3.3-JOL.3.7	6
28:68	LUK.21.24	6
29:1	DEU.5.2-DEU.5.3	5
29:1	EXO.24.2-EXO.24.8	3
29:1	2KI.23.3	3
29:1	JER.31.32	3
29:1	HEB.8.9	3
29:1	EXO.19.3-EXO.19.5	2
29:1	LEV.26.44-LEV.26.45	2
29:1	DEU.4.10	2
29:1	DEU.4.23	2
29:1	DEU.29.12	2
29:1	DEU.29.21	2
29:1	DEU.29.25	2
29:1	JER.11.2	2
29:1	JER.11.6	2
29:1	JER.34.18	2
29:1	ACT.3.25	2
29:1	DEU.4.13	1
29:2	EXO.19.4	4
29:2	EXO.8.12	2
29:2	JOS.24.5-JOS.24.6	2
29:2	PSA.78.43-PSA.78.51	2
29:2	PSA.105.27-PSA.105.36	2
29:3	DEU.4.32-DEU.4.35	2
29:3	DEU.7.18-DEU.7.19	2
29:3	NEH.9.9-NEH.9.11	2
29:4	ISA.6.9-ISA.6.10	8
29:4	EPH.4.18	8
29:4	PRO.20.12	7
29:4	JHN.8.43	7
29:4	ISA.63.17	6
29:4	MAT.13.11-MAT.13.15	6
29:4	EZK.36.26	5
29:4	ROM.11.7-ROM.11.10	5
29:4	2CO.3.15	5
29:4	JHN.12.38-JHN.12.40	4
29:4	ACT.28.26-ACT.28.27	4
29:4	2TH.2.10-2TH.2.12	4
29:4	JAS.1.13-JAS.1.17	4
29:4	DEU.2.30	3
29:4	2TI.2.25	2
29:5	DEU.8.4	13
29:5	NEH.9.21	8
29:5	DEU.8.2	7
29:5	DEU.1.3	6
29:5	MAT.6.31-MAT.6.32	5
29:5	MAT.10.10	5
29:5	JOS.9.5	1
29:5	JOS.9.13	1
29:6	DEU.8.3	5
29:6	EPH.5.18	3
29:6	EXO.16.12	2
29:6	EXO.16.35	2
29:6	NUM.16.14	2
29:6	NUM.20.8	2
29:6	NEH.9.15	2
29:6	PSA.78.24-PSA.78.25	2
29:6	1CO.9.25	2
29:6	1CO.10.4	2
29:7	NUM.21.21-NUM.21.35	2
29:7	NUM.32.33-NUM.32.42	2
29:7	DEU.2.24-DEU.3.17	2
29:7	PSA.135.10-PSA.135.12	2
29:7	PSA.136.17-PSA.136.22	2
29:8	DEU.3.12-DEU.3.13	5
29:8	NUM.32.33	4
29:9	1KI.2.3	10
29:9	DEU.4.6	9
29:9	JOS.1.7	7
29:9	LUK.11.28	7
29:9	DEU.29.1	6
29:9	HEB.13.20-HEB.13.21	6
29:9	JER.50.5	5
29:9	PSA.25.10	4
29:9	PSA.103.17-PSA.103.18	3
29:9	ISA.56.1-ISA.56.2	3
29:9	ISA.56.4-ISA.56.7	3
29:10	DEU.4.10	2
29:10	DEU.31.12-DEU.31.13	2
29:10	2CH.34.29-2CH.34.32	2
29:10	NEH.8.2	2
29:10	NEH.9.1-NEH.9.2	2
29:10	NEH.9.38	2
29:10	NEH.10.28	2
29:10	JOL.2.16-JOL.2.17	2
29:10	REV.6.15	2
29:10	REV.20.12	2
29:10	2CH.23.16	1
29:11	EXO.12.38	3
29:11	EXO.12.48-EXO.12.49	2
29:11	NUM.11.4	2
29:11	DEU.5.14	2
29:11	JOS.9.21-JOS.9.27	2
29:11	GAL.3.28	2
29:11	COL.3.11	2
29:12	2CH.15.12-2CH.15.15	4
29:12	EXO.19.5-EXO.19.6	2
29:12	DEU.5.2-DEU.5.3	2
29:12	DEU.29.14	2
29:12	JOS.24.25	2
29:12	2KI.11.17	2
29:12	NEH.10.28-NEH.10.29	2
29:13	GEN.17.7	5
29:13	EXO.6.7	5
29:13	DEU.28.9	4
29:13	GEN.26.3-GEN.26.4	2
29:13	GEN.28.13-GEN.28.15	2
29:13	DEU.7.6	2
29:13	DEU.26.18-DEU.26.19	2
29:13	JER.31.31-JER.31.33	2
29:13	JER.32.38	2
29:13	HEB.11.16	2
29:14	JER.31.31-JER.31.34	2
29:14	HEB.8.7-HEB.8.12	2
29:15	ACT.2.39	9
29:15	1CO.7.14	5
29:15	DEU.5.3	4
29:15	JER.32.39	4
29:15	JER.50.5	4
29:16	DEU.2.4	2
29:16	DEU.2.9	2
29:16	DEU.2.19	2
29:16	DEU.2.24	2
29:16	DEU.3.1-DEU.3.2	2
29:17	DEU.28.36	2
29:18	HEB.12.15	10
29:18	DEU.11.16-DEU.11.17	9
29:18	DEU.13.1-DEU.13.15	5
29:18	JER.9.15	5
29:18	ACT.8.23	5
29:18	HOS.10.4	4
29:18	AMO.6.12	4
29:18	HEB.3.12	4
29:18	DEU.17.2-DEU.17.7	3
29:19	JER.7.24	10
29:19	NUM.15.39	8
29:19	NUM.15.30	6
29:19	ECC.11.9	5
29:19	JER.7.3-JER.7.11	5
29:19	DEU.17.2	4
29:19	DEU.29.12	4
29:19	PSA.49.18	4
29:19	JER.3.17	4
29:19	JER.44.16-JER.44.17	4
29:19	ROM.1.21	4
29:19	2CO.10.5	4
29:19	EPH.4.17	4
29:19	GEN.2.17	3
29:19	PSA.10.4-PSA.10.6	3
29:19	PSA.10.11	3
29:19	PSA.94.6-PSA.94.7	3
29:19	PRO.29.1	3
29:19	JER.5.12-JER.5.13	3
29:19	JER.28.15-JER.28.17	3
29:19	JER.44.27	3
29:19	EZK.13.16	3
29:19	EZK.13.22	3
29:19	EPH.5.6	3
29:20	PSA.74.1	8
29:20	DEU.9.14	6
29:20	PSA.79.5	6
29:20	EZK.14.7-EZK.14.8	5
29:20	EZK.23.25	5
29:20	EXO.20.5	3
29:20	EXO.34.14	3
29:20	PSA.18.8	3
29:20	NAM.1.2	3
29:20	EXO.32.32-EXO.32.33	2
29:20	DEU.25.19	2
29:20	DEU.27.15-DEU.27.26	2
29:20	DEU.28.15-DEU.28.68	2
29:20	PSA.69.28	2
29:20	PSA.78.50	2
29:20	PSA.78.58	2
29:20	PRO.6.34	2
29:20	SNG.8.6	2
29:20	ISA.27.11	2
29:20	JER.13.14	2
29:20	EZK.5.11	2
29:20	EZK.7.4	2
29:20	EZK.7.9	2
29:20	EZK.8.3	2
29:20	EZK.8.5	2
29:20	EZK.8.18	2
29:20	EZK.9.10	2
29:20	EZK.24.14	2
29:20	EZK.36.5	2
29:20	ZEP.1.18	2
29:20	ROM.8.32	2
29:20	ROM.11.21	2
29:20	1CO.10.22	2
29:20	HEB.12.29	2
29:20	2PE.2.4-2PE.2.5	2
29:20	REV.3.5	2
29:21	JOS.7.1-JOS.7.26	2
29:21	EZK.13.9	2
29:21	MAL.3.18	2
29:21	MAT.24.51	2
29:21	MAT.25.32	2
29:21	MAT.25.41	2
29:21	MAT.25.46	2
29:22	JER.19.8	3
29:23	JER.17.6	6
29:23	ZEP.2.9	6
29:23	GEN.19.24-GEN.19.25	5
29:23	GEN.14.2	4
29:23	ISA.34.9	4
29:23	JER.20.16	4
29:23	JDG.9.45	3
29:23	EZK.47.11	3
29:23	HOS.11.8-HOS.11.9	3
29:23	AMO.4.11	3
29:23	LUK.17.29	3
29:23	JOB.18.15	2
29:23	PSA.107.34	2
29:23	LUK.14.34-LUK.14.35	2
29:23	REV.19.20	2
29:24	JER.22.8-JER.22.9	6
29:24	1KI.9.8-1KI.9.9	5
29:24	2CH.7.21-2CH.7.22	2
29:24	LAM.2.15-LAM.2.17	2
29:24	LAM.4.12	2
29:24	EZK.14.23	2
29:24	ROM.2.5	2
29:25	HEB.8.9	3
29:25	1KI.19.10-1KI.19.14	2
29:25	ISA.24.1-ISA.24.6	2
29:25	ISA.47.6	2
29:25	JER.22.9	2
29:25	JER.31.32	2
29:25	JER.40.2-JER.40.3	2
29:25	JER.50.7	2
29:26	DEU.28.64	2
29:26	JDG.2.12-JDG.2.13	2
29:26	JDG.5.8	2
29:26	2KI.17.7-2KI.17.18	2
29:26	2CH.36.12-2CH.36.17	2
29:26	JER.19.3-JER.19.13	2
29:26	JER.44.2-JER.44.6	2
29:27	DAN.9.11-DAN.9.14	5
29:27	DEU.28.15-DEU.28.68	3
29:27	LEV.26.14-LEV.26.46	2
29:27	DEU.27.15-DEU.27.26	2
29:27	DEU.29.20-DEU.29.21	2
29:28	2CH.7.20	7
29:28	1KI.14.15	6
29:28	PSA.52.5	5
29:28	PRO.2.22	5
29:28	JER.42.10	3
29:28	DEU.6.24	2
29:28	DEU.8.18	2
29:28	DEU.28.25	2
29:28	DEU.28.36	2
29:28	DEU.28.64	2
29:28	2KI.17.18	2
29:28	2KI.17.23	2
29:28	EZR.9.7	2
29:28	DAN.9.7	2
29:28	LUK.21.23-LUK.21.24	2
29:29	DAN.2.22	71
29:29	ACT.1.7	67
29:29	ROM.11.33-ROM.11.34	50
29:29	MAT.13.11	45
29:29	JOB.11.6-JOB.11.7	41
29:29	1CO.2.16	36
29:29	PSA.25.14	32
29:29	AMO.3.7	30
29:29	MAT.11.27-MAT.11.30	25
29:29	2TI.3.16	25
29:29	MAT.13.35	22
29:29	JER.23.18	21
29:29	DAN.4.9	21
29:29	DAN.2.18-DAN.2.19	19
29:29	ISA.8.20	17
29:29	JHN.15.15	17
29:29	JOB.28.28	16
29:29	PRO.3.32	15
29:29	DEU.6.7	14
29:29	PSA.78.2-PSA.78.7	13
29:29	DAN.2.27-DAN.2.30	13
29:29	JHN.20.31	13
29:29	DEU.30.2	11
29:29	ROM.16.25-ROM.16.26	9
29:29	2TI.1.5	9
29:29	JHN.21.22	8
30:1	1KI.8.47-1KI.8.48	9
30:1	DEU.30.15	8
30:1	DEU.4.29-DEU.4.30	7
30:1	DEU.30.19	7
30:1	DEU.11.26-DEU.11.28	6
30:1	DEU.29.28	6
30:1	DEU.28.64	5
30:1	EZK.18.28	5
30:1	LUK.15.17	5
30:1	DEU.27.1-DEU.27.26	4
30:1	DEU.29.18-DEU.29.23	4
30:1	ISA.46.8	4
30:1	JER.8.3	3
30:1	GEN.4.14	2
30:1	LEV.26.1-LEV.26.46	2
30:2	JOL.2.12-JOL.2.13	8
30:2	NEH.1.9	7
30:2	DEU.4.28-DEU.4.31	6
30:2	LAM.3.40	5
30:2	ISA.55.6-ISA.55.7	4
30:2	2CO.3.16	4
30:2	EPH.6.24	4
30:2	1JN.1.9	4
30:2	DEU.6.5	3
30:2	DEU.13.3	3
30:2	1CH.29.9	3
30:2	1CH.29.17	3
30:2	PSA.41.12	3
30:2	PSA.119.80	3
30:2	JER.3.10	3
30:2	JER.4.14	3
30:2	JER.29.13	3
30:2	LAM.3.32	3
30:2	HOS.3.5	3
30:2	HOS.6.1-HOS.6.2	3
30:2	HOS.14.1-HOS.14.3	3
30:2	ZEC.12.10	3
30:3	JER.29.14	15
30:3	EZK.36.24	13
30:3	PSA.147.2	11
30:3	LAM.3.32	10
30:3	EZK.34.12-EZK.34.13	10
30:3	ZEC.8.7-ZEC.8.8	8
30:3	JER.32.37-JER.32.44	7
30:3	LAM.3.22	7
30:3	JER.31.10	6
30:3	ROM.11.31	6
30:3	PSA.106.45-PSA.106.47	5
30:3	ROM.11.23	5
30:3	PSA.126.1-PSA.126.4	4
30:3	ISA.56.8	4
30:3	ROM.11.26	4
30:3	EZR.1.1-EZR.1.4	3
30:4	NEH.1.9	9
30:4	DEU.28.64	6
30:4	EZK.39.25-EZK.39.29	6
30:4	ISA.11.11-ISA.11.16	5
30:4	ISA.43.6	5
30:4	ZEP.3.19-ZEP.3.20	4
30:5	JER.29.14	5
30:6	EZK.36.26-EZK.36.27	34
30:6	DEU.10.16	33
30:6	JER.32.39	21
30:6	EZK.11.19-EZK.11.20	19
30:6	ROM.2.28-ROM.2.29	14
30:6	COL.2.11	14
30:6	JER.4.4	13
30:6	DEU.6.5	11
30:6	1JN.5.3-1JN.5.4	11
30:6	2CO.5.17	9
30:6	MAT.22.37	8
30:6	1JN.4.7	8
30:6	ROM.11.26	7
30:6	1CO.8.3	7
30:6	JAS.1.12	7
30:6	EXO.20.6	6
30:6	ROM.8.28	6
30:6	1JN.4.16-1JN.4.19	6
30:6	JER.9.26	5
30:6	JHN.3.3-JHN.3.7	5
30:6	JAS.2.5	4
30:7	DEU.7.15	8
30:7	LAM.4.21-LAM.4.22	6
30:7	JER.51.24-JER.51.26	5
30:7	EZK.25.12	4
30:7	NUM.24.14	3
30:7	ISA.10.12	3
30:7	ISA.14.1-ISA.14.27	3
30:7	PSA.137.7-PSA.137.9	2
30:7	JER.25.12-JER.25.16	2
30:7	JER.25.29	2
30:7	JER.50.33-JER.50.34	2
30:7	JER.51.34-JER.51.37	2
30:7	LAM.3.54-LAM.3.66	2
30:7	EZK.25.3	2
30:7	EZK.25.6	2
30:7	EZK.25.8	2
30:7	EZK.25.15	2
30:7	AMO.1.3	2
30:7	AMO.1.9	2
30:7	AMO.1.11	2
30:7	AMO.1.13	2
30:7	OBA.1.10	2
30:7	ZEC.12.3	2
30:7	AMO.1.6	1
30:8	EZK.36.27	3
30:8	EPH.2.16	3
30:8	DEU.30.2	2
30:8	ISA.1.25-ISA.1.26	2
30:8	JER.31.33	2
30:8	JER.32.39-JER.32.40	2
30:8	EZK.11.19-EZK.11.20	2
30:8	EZK.37.24	2
30:8	PHP.2.13	2
30:8	PRO.16.1	1
30:8	ROM.11.26-ROM.11.27	1
30:9	DEU.28.11-DEU.28.14	10
30:9	JER.32.41	8
30:9	DEU.28.4	5
30:9	JER.33.9	5
30:9	LEV.26.4	4
30:9	LEV.26.6	4
30:9	LEV.26.9-LEV.26.10	4
30:9	DEU.28.63	4
30:9	ISA.65.19	4
30:9	JER.31.28	4
30:9	JHN.15.11	4
30:9	ISA.62.5	3
30:9	LUK.15.32	3
30:9	ZEP.3.17	2
30:9	LUK.15.6-LUK.15.10	0
30:10	LAM.3.40-LAM.3.41	6
30:10	DEU.4.29	4
30:10	DEU.30.8	3
30:10	DEU.30.2	2
30:10	NEH.1.9	2
30:10	ISA.55.2-ISA.55.3	2
30:10	1CO.7.19	2
30:10	EZK.18.21	1
30:10	EZK.33.11	1
30:10	EZK.33.14	1
30:10	EZK.33.19	1
30:10	ACT.3.19	1
30:10	ACT.26.20	1
30:11	ISA.45.19	8
30:11	PSA.147.19-PSA.147.20	7
30:11	ROM.16.25-ROM.16.26	6
30:11	COL.1.26-COL.1.27	4
30:12	ROM.10.6-ROM.10.8	13
30:12	PRO.30.4	3
30:12	JHN.3.13	2
30:13	PRO.2.1-PRO.2.5	2
30:13	PRO.3.13-PRO.3.18	2
30:13	PRO.8.11	2
30:13	PRO.16.6	2
30:13	MAT.12.42	2
30:13	JHN.6.27	2
30:13	ACT.8.27-ACT.8.40	2
30:13	ACT.10.22	2
30:13	ACT.10.33	2
30:13	ACT.16.9	2
30:13	ROM.10.14-ROM.10.15	2
30:14	ROM.10.8-ROM.10.10	26
30:14	JER.12.2	9
30:14	MAT.7.21	5
30:14	JHN.5.46	5
30:14	EZK.2.5	4
30:14	EZK.33.31	4
30:14	EZK.33.33	4
30:14	LUK.10.11-LUK.10.12	4
30:14	HEB.2.1-HEB.2.3	4
30:14	ACT.13.26	2
30:14	ACT.28.23-ACT.28.28	2
30:14	ACT.13.38-ACT.13.41	1
30:15	DEU.11.26	14
30:15	DEU.30.19	13
30:15	DEU.30.1	9
30:15	GAL.3.13-GAL.3.14	9
30:15	1JN.5.11-1JN.5.12	9
30:15	DEU.28.1-DEU.28.14	8
30:15	DEU.32.47	8
30:15	MRK.16.16	7
30:15	JHN.3.16	6
30:15	GAL.5.6	6
30:15	1JN.3.23	5
30:16	MAT.22.37-MAT.22.38	15
30:16	DEU.30.6	13
30:16	1JN.5.2-1JN.5.3	12
30:16	DEU.6.5	10
30:16	JHN.14.21	10
30:16	1CO.7.19	8
30:17	PRO.1.32	3
30:17	2TI.4.4	3
30:17	HEB.3.12	3
30:17	DEU.17.17	2
30:17	DEU.29.18-DEU.29.28	2
30:17	1SA.12.25	2
30:17	1KI.11.2	2
30:17	PRO.14.14	2
30:17	JHN.3.19-JHN.3.21	2
30:17	HEB.12.25	2
30:18	DEU.8.19-DEU.8.20	5
30:18	DEU.4.26	3
30:18	JOS.23.15-JOS.23.16	3
30:18	ISA.63.17-ISA.63.18	3
30:18	DEU.31.29	2
30:19	DEU.30.15	45
30:19	DEU.11.26	38
30:19	PSA.119.30	33
30:19	JOS.24.15-JOS.24.22	25
30:19	PRO.8.36	24
30:19	DEU.30.1	19
30:19	LUK.10.42	18
30:19	JER.32.39	17
30:19	DEU.4.26	14
30:19	1TI.5.21	14
30:19	DEU.31.28	11
30:19	PSA.119.173	11
30:19	ACT.2.39	11
30:19	MIC.6.1-MIC.6.2	10
30:19	PSA.119.111	9
30:19	PRO.1.29	9
30:19	DEU.32.1	8
30:19	ISA.1.2	8
30:19	JER.2.12-JER.2.13	8
30:19	JER.22.29-JER.22.30	8
30:19	ISA.56.4	5
30:20	JHN.11.25-JHN.11.26	21
30:20	DEU.10.20	18
30:20	JHN.17.3	15
30:20	JHN.14.6	14
30:20	ACT.17.25	14
30:20	ACT.17.28	12
30:20	DEU.4.40	11
30:20	DEU.10.12	11
30:20	PSA.66.9	11
30:20	DEU.5.16	10
30:20	PSA.36.9	10
30:20	PSA.27.1	9
30:20	GAL.2.20	9
30:20	JOS.23.8	8
30:20	DEU.4.4	5
30:20	DEU.6.5	5
30:20	DEU.11.9	5
30:20	ACT.11.23	5
30:20	COL.3.3-COL.3.4	5
30:20	DEU.30.16	4
30:20	ROM.12.9	4
30:20	REV.21.6	4
30:20	DEU.12.10	3
30:20	DEU.30.6	3
30:20	PSA.30.5	3
30:20	REV.22.1	3
30:20	REV.22.17	3
30:20	DEU.11.22	2
31:2	DEU.34.7	7
31:2	NUM.27.17	6
31:2	1KI.3.7	5
31:2	EXO.7.7	3
31:2	NUM.20.12	3
31:2	DEU.3.26-DEU.3.27	3
31:2	NUM.27.13-NUM.27.14	2
31:2	DEU.1.37	2
31:2	DEU.4.21-DEU.4.22	2
31:2	DEU.32.48-DEU.32.52	2
31:2	JOS.14.10-JOS.14.11	2
31:2	2SA.21.17	2
31:2	PSA.90.10	2
31:2	ACT.7.23	2
31:2	ACT.20.25	2
31:2	2PE.1.13-2PE.1.14	2
31:3	DEU.9.3	9
31:3	DEU.31.23	6
31:3	DEU.3.28	5
31:3	JOS.4.14	4
31:3	GEN.48.21	3
31:3	DEU.31.7-DEU.31.8	3
31:3	DEU.31.14	3
31:3	DEU.34.9	3
31:3	JOS.1.2	3
31:3	NUM.27.18-NUM.27.21	2
31:3	PSA.44.2-PSA.44.3	2
31:3	HEB.4.8	2
31:3	JOS.3.7	1
31:3	PSA.146.3-PSA.146.6	1
31:3	ACT.7.45	1
31:4	EXO.23.28-EXO.23.31	2
31:4	NUM.21.24-NUM.21.35	2
31:4	DEU.2.33	2
31:4	DEU.3.3-DEU.3.11	2
31:4	DEU.3.21	2
31:4	DEU.7.16	2
31:4	DEU.7.2	1
31:5	DEU.7.2	6
31:5	EXO.23.32-EXO.23.33	3
31:5	DEU.20.16-DEU.20.17	3
31:5	EXO.34.12-EXO.34.16	2
31:5	NUM.33.52-NUM.33.56	2
31:5	DEU.7.18	2
31:5	DEU.7.23-DEU.7.25	2
31:6	JOS.1.9	135
31:6	EPH.6.10	96
31:6	PSA.27.14	86
31:6	1CH.28.20	78
31:6	ISA.41.10	74
31:6	LUK.12.32	56
31:6	2TI.2.1	53
31:6	PSA.27.1	52
31:6	ISA.43.1-ISA.43.5	50
31:6	JOS.10.25	49
31:6	1CH.22.13	43
31:6	DEU.1.29	41
31:6	DEU.7.18	41
31:6	DEU.20.1	40
31:6	DEU.31.23	37
31:6	HEB.13.5	37
31:6	JOS.1.5-JOS.1.7	31
31:6	ISA.51.12	31
31:6	DEU.4.31	26
31:6	DEU.20.3-DEU.20.4	26
31:6	1CO.16.13	26
31:6	1CH.28.10	24
31:6	DEU.31.7	23
31:6	2CH.32.7	23
31:6	ISA.41.13-ISA.41.17	23
31:6	HAG.2.4	23
31:6	NUM.14.9	21
31:6	REV.21.8	19
31:6	ZEC.8.13	16
31:7	DEU.3.28	12
31:7	DEU.1.38	9
31:7	DEU.31.6	9
31:7	JOS.1.6	5
31:7	EPH.6.10	5
31:7	DEU.31.23	4
31:7	DAN.10.19	3
31:7	DEU.31.3	2
31:7	JHN.1.17	1
31:8	EXO.33.14	91
31:8	DEU.31.6	78
31:8	JOS.1.9	75
31:8	ROM.8.31	67
31:8	JOS.1.5	64
31:8	ISA.43.1-ISA.43.2	49
31:8	EXO.13.21-EXO.13.22	46
31:8	1CH.28.20	37
31:8	DEU.9.3	36
31:8	DEU.31.3	30
31:8	ISA.8.9-ISA.8.10	26
31:9	NUM.4.15	5
31:9	JOS.3.3	4
31:9	NUM.33.2	2
31:9	DEU.17.18	2
31:9	DEU.31.22-DEU.31.26	2
31:9	DEU.31.28	2
31:9	JOS.3.14-JOS.3.17	2
31:9	JOS.6.12	2
31:9	1KI.8.3	2
31:9	1CH.15.2	2
31:9	1CH.15.12-1CH.15.15	2
31:9	DAN.9.13	2
31:9	HOS.4.6	2
31:9	MAL.2.7	2
31:9	MAL.4.4	2
31:9	MRK.10.4-MRK.10.5	2
31:9	MRK.12.19	2
31:9	LUK.20.28	2
31:9	JHN.1.17	2
31:9	JHN.1.45	2
31:9	JHN.5.46	2
31:10	LEV.23.34-LEV.23.43	5
31:10	DEU.15.1-DEU.15.2	5
31:11	2KI.23.2	7
31:11	JOS.8.34-JOS.8.35	6
31:11	DEU.16.16-DEU.16.17	5
31:11	EXO.23.16-EXO.23.17	4
31:11	EXO.34.24	4
31:11	DEU.12.5	4
31:11	NEH.8.1-NEH.8.8	4
31:11	NEH.8.13	3
31:11	NEH.9.3	3
31:11	PSA.84.7	3
31:11	LUK.4.16-LUK.4.17	3
31:11	ACT.13.15	3
31:11	ACT.15.21	3
31:11	NEH.8.18	2
31:12	DEU.4.10	7
31:12	DEU.6.6-DEU.6.7	3
31:12	PSA.19.7-PSA.19.11	3
31:12	PSA.34.11-PSA.34.14	3
31:12	EZR.10.1	2
31:12	2TI.3.15-2TI.3.17	2
31:12	DEU.29.29	1
31:12	JHN.5.39	1
31:13	DEU.11.2	4
31:13	DEU.6.7	3
31:13	PSA.78.4-PSA.78.8	2
31:13	PRO.22.6	2
31:13	EPH.6.4	2
31:14	NUM.27.13	5
31:14	DEU.31.23	4
31:14	1SA.10.19	3
31:14	JOB.2.1	3
31:14	ECC.9.5	3
31:14	2TI.4.1-2TI.4.4	3
31:14	JUD.1.24	3
31:14	EXO.34.2	2
31:14	NUM.27.19-NUM.27.20	2
31:14	DEU.31.2	2
31:14	DEU.32.50	2
31:14	DEU.34.5	2
31:14	JOS.23.14	2
31:14	JOS.24.1	2
31:14	2KI.1.4	2
31:14	JOB.1.6	2
31:14	ISA.38.1	2
31:14	ACT.20.28-ACT.20.31	2
31:14	ROM.12.1	2
31:15	EXO.33.9-EXO.33.10	2
31:15	EXO.40.38	2
31:15	PSA.99.7	2
31:16	JDG.10.6	11
31:16	JDG.2.12	10
31:16	JDG.10.13	10
31:16	EXO.34.15	8
31:16	EZK.16.15	7
31:16	REV.19.2	7
31:16	DEU.32.15	6
31:16	JER.2.11-JER.2.13	6
31:16	HOS.2.2-HOS.2.5	6
31:16	2SA.7.12	4
31:16	ISA.57.2-ISA.57.8	4
31:16	EZK.16.25-EZK.16.36	4
31:16	EZK.23.5-EZK.23.21	4
31:16	ACT.13.36	4
31:16	GEN.25.8	3
31:16	EXO.32.6	3
31:16	LEV.20.3-LEV.20.6	3
31:16	LEV.26.15	3
31:16	JDG.2.17-JDG.2.20	3
31:16	JOB.20.11	3
31:16	PSA.73.27	3
31:16	PSA.106.39	3
31:16	JER.3.1-JER.3.3	3
31:16	JER.31.32	3
31:16	REV.17.2-REV.17.5	2
31:17	NUM.14.42	6
31:17	JDG.6.13	6
31:17	2CH.15.2	6
31:17	ISA.8.17	6
31:17	PSA.104.29	5
31:17	ISA.64.7	4
31:17	DEU.29.24-DEU.29.27	3
31:17	DEU.32.20-DEU.32.22	3
31:17	1CH.28.9	3
31:17	PSA.30.7	3
31:17	JER.23.33	3
31:17	EZK.39.23-EZK.39.24	3
31:17	DEU.29.20	2
31:17	JDG.2.14-JDG.2.15	2
31:17	2CH.24.20	2
31:17	NEH.9.32	2
31:17	JOB.13.24	2
31:17	JOB.34.11	2
31:17	PSA.2.12	2
31:17	PSA.27.9	2
31:17	PSA.89.46	2
31:17	PSA.90.11	2
31:17	ISA.63.17	2
31:17	JER.23.39	2
31:17	EZK.39.29	2
31:17	HOS.9.12	2
31:18	DEU.31.16-DEU.31.17	4
31:19	DEU.6.7	5
31:19	DEU.31.21-DEU.31.22	5
31:19	DEU.31.26	4
31:19	JHN.12.48	4
31:19	DEU.4.9-DEU.4.10	3
31:19	DEU.11.19	3
31:19	DEU.31.30-DEU.32.45	3
31:19	2SA.14.3	3
31:19	EXO.4.15	2
31:19	ISA.51.16	2
31:19	ISA.59.21	2
31:19	JER.1.9	2
31:19	EZK.2.5	2
31:19	MAT.10.18	2
31:20	HOS.13.6	7
31:20	DEU.6.10-DEU.6.12	6
31:20	NEH.9.25-NEH.9.26	6
31:20	EXO.3.8	5
31:20	JER.5.28	4
31:20	EZK.34.16	4
31:20	EZK.34.20	4
31:20	EXO.3.17	3
31:20	DEU.7.1	3
31:20	DEU.8.7	3
31:20	DEU.8.10-DEU.8.14	3
31:20	DEU.31.16-DEU.31.17	3
31:20	DEU.32.15-DEU.32.17	3
31:20	NEH.9.35	3
31:20	PSA.17.10	3
31:20	PSA.73.7	3
31:20	PSA.119.70	3
31:20	JER.50.11	3
31:21	HOS.5.3	4
31:21	GEN.6.5	3
31:21	PSA.139.2	3
31:21	JHN.2.24-JHN.2.25	3
31:21	GEN.8.21	2
31:21	EZK.38.10-EZK.38.11	2
31:21	HOS.13.5-HOS.13.6	2
31:21	AMO.5.25-AMO.5.26	2
31:21	ACT.2.23	2
31:21	ACT.4.28	2
31:21	ISA.46.10	1
31:22	DEU.31.19	4
31:22	DEU.31.9	2
31:23	DEU.31.7-DEU.31.8	4
31:23	DEU.31.14	4
31:23	DEU.3.28	3
31:23	ACT.7.45	3
31:23	DEU.31.3	2
31:23	JOS.1.5-JOS.1.9	2
31:24	DEU.31.9	3
31:24	DEU.17.18	2
31:25	DEU.31.9	2
31:26	DEU.31.19	4
31:26	1KI.8.9	1
31:26	2KI.22.8-2KI.22.11	1
31:26	2KI.22.13-2KI.22.19	1
31:26	2CH.34.14-2CH.34.15	1
31:26	ROM.3.19-ROM.3.20	1
31:26	GAL.2.19	1
31:27	DEU.9.24	4
31:27	DEU.32.20	4
31:27	EXO.32.8-EXO.32.9	2
31:27	DEU.9.6-DEU.9.7	2
31:27	2CH.30.8	2
31:27	PSA.78.8	2
31:27	ISA.48.4	2
31:27	ACT.7.51	2
31:28	DEU.4.26	7
31:28	DEU.32.1	7
31:28	DEU.30.19	5
31:28	LUK.19.40	4
31:28	GEN.49.1-GEN.49.2	2
31:28	NUM.11.16-NUM.11.17	2
31:28	DEU.29.10	2
31:28	DEU.31.12	2
31:28	ISA.1.2	2
31:28	EXO.18.25	1
31:29	DEU.32.5	6
31:29	JDG.2.19	6
31:29	DEU.4.30	5
31:29	HOS.9.9	5
31:29	GEN.49.1	4
31:29	ISA.1.4	4
31:29	LUK.19.42-LUK.19.44	4
31:29	LUK.21.24	4
31:29	LEV.26.14-LEV.26.46	2
31:29	DEU.29.18-DEU.29.28	2
31:29	2CH.34.24	2
31:29	JOB.19.25	2
31:29	EZK.38.8	2
31:29	ACT.20.30	2
31:29	1TI.4.1	2
31:29	2TI.3.1-2TI.3.6	2
31:29	HEB.1.2	2
31:29	2PE.1.14-2PE.1.15	2
31:29	2PE.2.1-2PE.2.2	2
31:29	2PE.3.3	2
31:29	DEU.28.15-DEU.28.68	1
31:30	DEU.4.5	3
31:30	JHN.12.49	3
31:30	HEB.3.2	3
31:30	ACT.20.27	2
31:30	HEB.3.5	2
32:1	ISA.1.2	13
32:1	DEU.4.26	11
32:1	PSA.49.1	9
32:1	JER.22.29	9
32:1	DEU.30.19	7
32:1	DEU.31.28	7
32:1	PSA.50.4	7
32:1	JER.6.19	7
32:1	JER.2.12	5
32:2	ISA.55.10-ISA.55.11	16
32:2	PSA.72.6	12
32:2	MIC.5.7	11
32:2	JOB.29.22-JOB.29.23	9
32:2	HOS.14.5	7
32:2	2SA.23.4	6
32:2	HOS.6.4	6
32:2	1CO.3.6-1CO.3.8	6
32:2	HEB.6.7	6
32:2	ZEC.10.1	5
32:3	JER.10.6	10
32:3	PSA.150.2	5
32:3	DEU.5.24	4
32:3	EPH.1.19	4
32:3	EXO.6.3	3
32:3	EXO.33.19	3
32:3	DEU.3.24	3
32:3	1CH.29.11	3
32:3	JER.23.6	3
32:3	MAT.1.23	3
32:3	JHN.17.6	3
32:3	JHN.17.26	3
32:3	EXO.3.13-EXO.3.16	2
32:3	1CH.17.19	2
32:3	PSA.29.1-PSA.29.2	2
32:3	PSA.89.16-PSA.89.18	2
32:3	PSA.105.1-PSA.105.5	2
32:3	EXO.20.24	1
32:3	EXO.34.5-EXO.34.7	1
32:3	PSA.145.1-PSA.145.10	1
32:4	PSA.18.30-PSA.18.31	27
32:4	PSA.92.15	25
32:4	ISA.26.4	20
32:4	2SA.22.31-2SA.22.32	17
32:4	PSA.18.2	17
32:4	DAN.4.37	13
32:4	REV.15.3-REV.15.4	13
32:4	DEU.32.30-DEU.32.31	11
32:4	2SA.22.2-2SA.22.3	10
32:4	MAT.5.48	10
32:4	1CO.10.4	10
32:4	PSA.100.5	9
32:4	JAS.1.17	8
32:4	GEN.18.25	6
32:4	JER.9.24	6
32:4	DEU.32.15	5
32:4	DEU.32.18	5
32:4	ISA.28.16	5
32:4	JHN.14.6	5
32:4	1SA.2.2	4
32:4	2SA.22.47	4
32:4	2SA.23.3	4
32:4	PSA.18.46	4
32:4	PSA.61.2-PSA.61.4	4
32:4	ISA.25.1	4
32:4	ISA.32.2	4
32:4	MAT.16.16-MAT.16.18	4
32:4	JHN.1.14	4
32:4	ROM.2.2	4
32:4	ROM.3.5	4
32:4	JOB.34.10	3
32:4	PSA.97.2	3
32:4	HAB.1.13	3
32:4	JHN.5.22	3
32:4	1PE.2.6	3
32:4	JOB.35.14	2
32:4	PSA.9.16	2
32:4	PSA.19.7	2
32:4	PSA.31.5	2
32:4	PSA.98.3	2
32:4	PSA.99.4	2
32:4	PSA.138.8	2
32:4	PSA.146.6	2
32:4	ECC.3.14	2
32:4	ISA.30.18	2
32:4	JER.10.10	2
32:4	JHN.1.17	2
32:4	ROM.1.32	2
32:4	ROM.2.5	2
32:4	JAS.4.12	2
32:4	EXO.34.6	1
32:4	DEU.7.9	1
32:4	DEU.10.18	1
32:4	GEN.1.31	0
32:5	PHP.2.15	10
32:5	ISA.1.4	9
32:5	DEU.31.29	7
32:5	MAT.17.17	7
32:5	LUK.9.41	6
32:5	PSA.78.8	4
32:5	HOS.9.9	4
32:5	MAT.16.4	4
32:5	GEN.6.12	3
32:5	EXO.32.7	3
32:5	JDG.2.19	3
32:5	ZEP.3.7	3
32:5	MAT.3.7	3
32:5	ACT.7.51	3
32:5	2CO.11.3	3
32:5	DEU.4.16	2
32:5	DEU.9.24	2
32:5	JHN.8.41	2
32:6	ISA.63.16	9
32:6	1JN.3.1	5
32:6	PSA.74.2	4
32:6	ISA.44.2	4
32:6	ISA.64.8	4
32:6	DEU.1.31	3
32:6	DEU.32.15	3
32:6	DEU.32.18	3
32:6	PSA.74.18	3
32:6	PSA.100.3	3
32:6	PSA.149.2	3
32:6	ISA.1.2	3
32:6	ISA.27.11	3
32:6	ISA.43.7	3
32:6	JER.4.22	3
32:6	JER.5.21	3
32:6	JHN.8.41	3
32:6	ACT.20.28	3
32:6	ROM.8.15	3
32:6	1CO.6.20	3
32:6	GAL.3.26	3
32:6	GAL.4.6	3
32:6	2PE.2.1	3
32:6	EXO.4.22	2
32:6	EXO.15.16	2
32:6	JOB.10.8	2
32:6	PSA.95.6	2
32:6	PSA.116.12	2
32:6	ISA.43.3-ISA.43.4	2
32:6	LUK.15.18-LUK.15.20	2
32:6	2CO.5.14-2CO.5.15	2
32:6	GAL.3.1-GAL.3.3	2
32:6	TIT.2.11-TIT.2.14	2
32:7	PSA.78.3-PSA.78.4	11
32:7	JOB.8.8-JOB.8.10	9
32:7	PSA.44.1	9
32:7	PSA.77.5-PSA.77.6	8
32:7	ISA.46.9	8
32:7	DEU.4.32	7
32:7	EXO.13.14	6
32:7	ISA.63.11	6
32:7	JDG.6.13	5
32:7	PSA.77.11-PSA.77.12	5
32:7	PSA.119.52	4
32:7	PSA.10.6	3
32:7	PSA.77.8	3
32:8	ACT.17.26	17
32:8	GEN.11.8-GEN.11.9	7
32:8	DAN.4.17	5
32:8	GEN.10.25	4
32:8	GEN.15.18-GEN.15.21	4
32:8	PSA.115.16	4
32:8	GEN.10.15	3
32:8	PSA.91.1	3
32:8	PSA.92.8	3
32:8	NUM.24.16	2
32:8	PSA.7.17	2
32:8	PSA.50.14	2
32:8	PSA.82.6	2
32:8	ISA.14.14	2
32:8	DAN.5.18	2
32:8	ACT.7.48	2
32:9	JER.10.16	10
32:9	1PE.2.9-1PE.2.10	9
32:9	EXO.19.5-EXO.19.6	7
32:9	1KI.8.51	7
32:9	1KI.8.53	6
32:9	JER.51.19	5
32:9	DEU.26.18-DEU.26.19	4
32:9	PSA.135.4	4
32:9	ISA.43.21	4
32:9	EXO.15.16	3
32:9	1SA.10.1	3
32:9	PSA.78.71	3
32:9	MIC.2.5	3
32:9	EPH.1.18	3
32:10	PSA.17.8	10
32:10	ZEC.2.8	10
32:10	DEU.8.15-DEU.8.16	9
32:10	HOS.13.5	9
32:10	JER.2.6	7
32:10	NEH.9.19-NEH.9.21	6
32:10	PSA.32.7-PSA.32.10	6
32:10	SNG.8.5	6
32:10	PRO.7.2	5
32:10	DEU.4.36	4
32:10	PSA.147.19-PSA.147.20	4
32:10	ROM.2.18	4
32:10	PSA.107.4-PSA.107.5	3
32:10	ROM.3.2	3
32:11	EXO.19.4	9
32:11	ISA.46.4	8
32:11	ISA.63.9	5
32:11	ISA.40.31	4
32:11	ISA.31.5	3
32:11	HEB.11.3	2
32:11	REV.12.4	2
32:12	PSA.78.52-PSA.78.53	6
32:12	ISA.46.4	6
32:12	ISA.44.7-ISA.44.8	4
32:12	DEU.1.31	3
32:12	PSA.78.14	3
32:12	PSA.136.16	3
32:12	ISA.43.11-ISA.43.12	3
32:12	ISA.63.9-ISA.63.13	3
32:12	DEU.32.39	2
32:12	NEH.9.12	2
32:12	PSA.27.11	2
32:12	PSA.80.1	1
32:13	ISA.58.14	11
32:13	JOB.29.6	9
32:13	PSA.81.16	6
32:13	DEU.33.26	5
32:13	DEU.33.29	5
32:13	EZK.36.2	5
32:13	ISA.48.21	4
32:13	EZK.21.17	3
32:14	GEN.49.11	7
32:14	PSA.81.16	5
32:14	PSA.147.14	4
32:14	GEN.18.8	2
32:14	JDG.5.25	2
32:14	2SA.17.29	2
32:14	JOB.20.17	2
32:14	PSA.22.12	2
32:14	ISA.7.15	2
32:14	ISA.7.22	2
32:14	EZK.39.18	2
32:14	AMO.4.1	2
32:14	MIC.7.14	2
32:14	MAT.26.28-MAT.26.29	2
32:14	JHN.6.55-JHN.6.56	2
32:15	DEU.31.20	12
32:15	HOS.13.6	9
32:15	DEU.33.5	7
32:15	1SA.2.29	6
32:15	PSA.89.26	6
32:15	ACT.28.27	6
32:15	JER.5.28	5
32:15	DEU.8.10-DEU.8.14	4
32:15	DEU.31.16	4
32:15	DEU.32.4	4
32:15	DEU.32.6	4
32:15	NEH.9.25	4
32:15	PSA.73.7	4
32:15	ISA.1.4	4
32:15	ISA.6.10	4
32:15	DEU.6.10-DEU.6.12	3
32:15	DEU.33.26	3
32:15	2SA.22.47	3
32:15	JOB.15.27	3
32:15	PSA.17.10	3
32:15	PSA.95.1	3
32:15	PSA.119.70	3
32:15	ISA.44.2	3
32:15	JER.2.5	3
32:15	JER.5.7	3
32:15	ROM.2.4-ROM.2.5	3
32:15	PSA.18.46	2
32:15	ACT.9.5	2
32:16	PSA.78.58	4
32:16	1CO.10.22	3
32:16	LEV.18.27	2
32:16	DEU.5.9	2
32:16	DEU.7.25	2
32:16	1KI.14.22	2
32:16	2KI.23.13	2
32:16	NAM.1.1-NAM.1.2	2
32:17	DEU.28.64	5
32:17	JDG.5.8	5
32:17	LEV.17.7	4
32:17	DEU.32.21	3
32:17	PSA.106.37-PSA.106.38	3
32:17	ISA.44.8	3
32:17	1TI.4.1	3
32:17	JER.10.15	2
32:17	1CO.8.4	2
32:17	1CO.10.19-1CO.10.20	2
32:17	REV.9.20	2
32:18	ISA.17.10	8
32:18	JER.2.32	5
32:18	DEU.32.4	4
32:18	PSA.106.21	4
32:18	DEU.6.12	3
32:18	DEU.8.11	3
32:18	DEU.8.14	3
32:18	DEU.8.19	3
32:18	DEU.32.15	3
32:18	PSA.9.17	3
32:18	PSA.44.20-PSA.44.22	3
32:18	ISA.22.10-ISA.22.11	3
32:18	HOS.8.14	3
32:18	JER.3.21	2
32:19	PSA.106.40	4
32:19	JDG.2.14	3
32:19	PSA.5.4	3
32:19	ISA.1.2	3
32:19	LEV.26.11	2
32:19	PSA.10.3	2
32:19	PSA.78.59	2
32:19	PSA.82.6-PSA.82.7	2
32:19	JER.11.15	2
32:19	JER.44.21-JER.44.23	2
32:19	LAM.2.6	2
32:19	AMO.3.2-AMO.3.3	2
32:19	ZEC.11.8	2
32:19	REV.3.16	2
32:20	DEU.31.17-DEU.31.18	5
32:20	DEU.32.5	4
32:20	LUK.7.31-LUK.7.32	4
32:20	MAT.17.17	3
32:20	DEU.31.29	2
32:20	2CH.20.20	2
32:20	JOB.13.24	2
32:20	JOB.34.29	2
32:20	ISA.7.9	2
32:20	ISA.30.9	2
32:20	ISA.64.7	2
32:20	ISA.65.2-ISA.65.5	2
32:20	JER.18.17	2
32:20	HOS.9.12	2
32:20	MAT.11.16-MAT.11.17	2
32:20	MRK.9.19	2
32:20	LUK.18.8	2
32:20	HEB.11.6	1
32:20	2TH.3.2	0
32:21	ROM.10.19	36
32:21	ROM.9.25	23
32:21	ROM.11.11-ROM.11.14	17
32:21	1KI.16.26	13
32:21	1KI.16.13	11
32:21	PSA.78.58	11
32:21	DEU.32.16	10
32:21	PSA.31.6	10
32:21	JON.2.8	10
32:21	JER.14.22	8
32:21	HOS.1.10	8
32:21	1SA.12.21	7
32:21	JER.8.19	7
32:21	ACT.11.15	7
32:21	1CO.10.22	7
32:21	JER.10.8	6
32:21	1PE.2.9-1PE.2.10	6
32:22	LAM.4.11	7
32:22	JER.15.14	5
32:22	NUM.16.35	3
32:22	JOB.9.5-JOB.9.6	3
32:22	PSA.86.13	3
32:22	ISA.24.19-ISA.24.20	3
32:22	JER.17.4	3
32:22	MIC.1.4	3
32:22	ZEP.3.8	3
32:22	DEU.29.20	2
32:22	PSA.21.9	2
32:22	PSA.46.2	2
32:22	PSA.83.14	2
32:22	PSA.97.3	2
32:22	PSA.144.5	2
32:22	ISA.24.6	2
32:22	ISA.30.33	2
32:22	ISA.54.10	2
32:22	ISA.66.15-ISA.66.16	2
32:22	JER.4.4	2
32:22	LAM.2.3	2
32:22	EZK.36.5	2
32:22	NAM.1.5-NAM.1.6	2
32:22	HAB.3.10	2
32:22	MAL.4.1-MAL.4.2	2
32:22	MAT.10.28	2
32:22	2TH.1.8	2
32:22	HEB.12.29	2
32:22	PSA.18.7-PSA.18.8	1
32:22	MAT.18.9	1
32:22	MAT.23.33	1
32:22	MRK.9.43-MRK.9.48	1
32:23	PSA.7.12-PSA.7.13	5
32:23	EZK.5.16	5
32:23	ISA.24.17-ISA.24.18	4
32:23	LEV.26.24	3
32:23	DEU.28.15	3
32:23	ISA.26.15	3
32:23	LAM.3.13	3
32:23	EZK.14.21	3
32:23	LEV.26.18	2
32:23	DEU.29.21	2
32:23	JER.15.2-JER.15.3	2
32:23	MAT.24.7-MAT.24.8	2
32:24	LEV.26.22	5
32:24	EZK.5.17	3
32:24	GEN.3.14	2
32:24	GEN.49.15	2
32:24	DEU.28.22	2
32:24	DEU.28.53	2
32:24	PSA.18.12-PSA.18.14	2
32:24	PSA.91.6	2
32:24	PSA.120.4	2
32:24	ISA.65.25	2
32:24	JER.14.18	2
32:24	JER.15.3	2
32:24	JER.16.4	2
32:24	LAM.4.4-LAM.4.9	2
32:24	LAM.5.10	2
32:24	EZK.14.15	2
32:24	EZK.14.21	2
32:24	AMO.5.18-AMO.5.19	2
32:24	AMO.9.3	2
32:24	HAB.3.5	2
32:25	EZK.7.15	5
32:25	LAM.1.20	4
32:25	LEV.26.36-LEV.26.37	2
32:25	2CH.36.17	2
32:25	ISA.30.16	2
32:25	JER.9.21	2
32:25	LAM.4.4	2
32:25	2CO.7.5	2
32:25	LAM.2.19-LAM.2.22	1
32:26	DEU.28.64	5
32:26	ISA.63.16	4
32:26	LEV.26.33	3
32:26	LEV.26.38	3
32:26	DEU.4.27	3
32:26	DEU.28.25	3
32:26	DEU.28.37	3
32:26	PSA.34.16	3
32:26	LUK.21.24	2
32:27	NUM.14.15-NUM.14.16	4
32:27	EXO.32.12	3
32:27	JOS.7.9	3
32:27	1SA.12.22	3
32:27	PSA.140.8	3
32:27	ZEC.1.14-ZEC.1.15	3
32:27	PSA.115.1-PSA.115.2	2
32:27	ISA.10.8-ISA.10.15	2
32:27	ISA.37.10	2
32:27	ISA.37.12-ISA.37.23	2
32:27	ISA.37.28-ISA.37.29	2
32:27	ISA.37.35	2
32:27	ISA.47.7	2
32:27	JER.19.4	2
32:27	LAM.1.9	2
32:27	EZK.20.13-EZK.20.14	2
32:27	EZK.20.20-EZK.20.22	2
32:27	DAN.4.30-DAN.4.37	2
32:28	JER.4.22	9
32:28	JOB.28.28	5
32:28	PRO.1.7	5
32:28	ISA.27.11	5
32:28	HOS.4.6	5
32:28	DEU.32.6	4
32:28	PSA.81.12	3
32:28	ISA.29.14	2
32:28	JER.8.9	2
32:28	MAT.13.14-MAT.13.15	2
32:28	ROM.11.25	2
32:28	1CO.3.19	2
32:29	PSA.81.13	10
32:29	DEU.5.29	9
32:29	HOS.14.9	8
32:29	LUK.19.41-LUK.19.42	7
32:29	PSA.107.43	5
32:29	LUK.12.20	5
32:29	ISA.10.3	4
32:29	ISA.47.7	4
32:29	ISA.48.18-ISA.48.19	4
32:29	LUK.16.19-LUK.16.25	4
32:29	PSA.107.15	2
32:29	JER.5.31	2
32:29	JER.17.11	2
32:29	LAM.1.9	2
32:30	LEV.26.8	36
32:30	JOS.23.10	23
32:30	ISA.30.17	13
32:30	PSA.31.8	4
32:30	PSA.44.12	4
32:30	JDG.7.22-JDG.7.23	3
32:30	JDG.3.8	2
32:30	1SA.14.15-1SA.14.17	2
32:30	2CH.24.24	2
32:30	ISA.52.3	2
32:30	JDG.2.14	1
32:30	JOB.11.10	1
32:30	ISA.50.1	1
32:30	JOB.16.11	0
32:30	MAT.18.25	0
32:31	EXO.14.25	4
32:31	1SA.4.8	4
32:31	1SA.2.2	3
32:31	JER.40.3	3
32:31	DAN.2.47	3
32:31	NUM.23.8	2
32:31	NUM.23.23	2
32:31	EZR.1.3	2
32:31	EZR.6.9-EZR.6.12	2
32:31	EZR.7.20-EZR.7.21	2
32:31	DAN.3.29	2
32:31	DAN.6.26-DAN.6.27	2
32:32	DEU.29.18	6
32:32	ISA.1.10	5
32:32	EZK.16.45-EZK.16.51	5
32:32	ISA.5.4	4
32:32	JER.2.21	4
32:32	LAM.4.6	3
32:32	MAT.11.24	3
32:32	HEB.12.15	3
32:33	PSA.58.4	5
32:33	ROM.3.13	3
32:33	JOB.20.14-JOB.20.16	2
32:33	PSA.140.3	2
32:33	JER.8.14	2
32:34	JOB.14.17	5
32:34	HOS.13.12	5
32:34	JER.2.22	4
32:34	ROM.2.5	4
32:34	1CO.4.5	3
32:34	REV.20.12-REV.20.13	2
32:35	ROM.12.19	19
32:35	HEB.10.30	16
32:35	NAM.1.2	14
32:35	PSA.73.17-PSA.73.19	9
32:35	2PE.2.3	9
32:35	DEU.32.43	7
32:35	PSA.94.1	7
32:35	JER.23.12	7
32:35	NAM.1.6	7
32:35	2PE.3.8-2PE.3.10	7
32:35	EZK.7.8-EZK.7.9	6
32:35	LUK.18.7-LUK.18.8	6
32:35	JER.6.21	5
32:35	JER.13.16	5
32:35	HAB.2.3	5
32:35	1PE.2.8	5
32:35	PRO.4.19	4
32:35	ISA.5.19	4
32:35	ISA.8.15	4
32:35	ISA.30.12-ISA.30.13	4
32:35	ISA.60.22	4
32:35	ROM.13.4	4
32:36	PSA.135.14	11
32:36	2KI.14.26	4
32:36	PSA.106.45	4
32:36	DEU.30.1-DEU.30.3	3
32:36	JDG.2.18	3
32:36	1KI.14.10	3
32:36	JER.31.20	3
32:36	JOL.2.14	3
32:36	JDG.10.15-JDG.10.16	2
32:36	1KI.21.21	2
32:36	2KI.9.8	2
32:36	PSA.7.8	2
32:36	PSA.50.4	2
32:36	PSA.90.13	2
32:36	PSA.96.13	2
32:36	AMO.7.3	2
32:36	AMO.7.6	2
32:36	HEB.10.30	2
32:37	JER.2.28	6
32:37	JDG.10.14	5
32:37	2KI.3.13	2
32:38	LEV.21.21	4
32:38	JDG.10.14	4
32:38	PSA.50.13	4
32:38	EZK.16.18-EZK.16.19	4
32:38	HOS.2.8	3
32:38	ZEP.2.11	3
32:39	1SA.2.6	49
32:39	HOS.6.1	38
32:39	JOB.5.18	36
32:39	ISA.45.5	34
32:39	ISA.45.22	32
32:39	ISA.43.13	29
32:39	ISA.46.4	29
32:39	ISA.45.18	23
32:39	PSA.68.20	21
32:39	REV.1.17-REV.1.18	18
32:39	ISA.41.4	17
32:39	DEU.4.35	16
32:39	PSA.50.22	16
32:39	2KI.5.7	14
32:39	PSA.102.27	14
32:39	JOB.10.7	13
32:39	MIC.5.8	12
32:39	REV.2.8	12
32:39	ISA.48.12	11
32:39	JHN.8.24	10
32:39	HEB.1.12	8
32:39	REV.1.11	5
32:40	GEN.14.22	4
32:40	JER.4.2	4
32:40	HEB.6.17-HEB.6.18	4
32:40	REV.10.5-REV.10.6	4
32:40	NUM.14.28-NUM.14.30	3
32:40	EXO.6.8	2
32:41	ISA.66.16	6
32:41	ISA.34.5-ISA.34.6	4
32:41	EXO.20.5	3
32:41	PSA.7.12	3
32:41	ISA.27.1	3
32:41	DEU.5.9	2
32:41	DEU.32.35	2
32:41	ISA.1.24	2
32:41	ISA.59.18	2
32:41	ISA.66.6	2
32:41	JER.50.29	2
32:41	EZK.21.9-EZK.21.15	2
32:41	EZK.21.20	2
32:41	ZEP.2.12	2
32:41	MRK.1.2	2
32:41	ROM.1.30	2
32:41	ROM.8.7	2
32:41	2TI.3.4	2
32:42	DEU.32.23	5
32:42	JER.46.10	4
32:42	JER.30.14	3
32:42	LAM.2.5	3
32:42	EZK.38.21-EZK.38.22	3
32:42	JOB.13.24	2
32:42	PSA.45.5	2
32:42	PSA.68.23	2
32:42	JER.16.10	2
32:42	JER.46.14	2
32:42	EZK.35.6-EZK.35.8	2
32:42	ISA.34.6-ISA.34.8	1
32:43	ROM.12.19	8
32:43	REV.19.2	8
32:43	PSA.85.1	5
32:43	REV.6.10	5
32:43	DEU.32.35	4
32:43	JOB.13.24	3
32:43	ROM.15.9-ROM.15.13	3
32:43	2KI.9.7	2
32:43	PSA.65.3	2
32:43	ISA.11.10	2
32:43	ISA.19.23	2
32:43	ISA.19.25	2
32:43	JER.13.14	2
32:43	LAM.2.5	2
32:43	LUK.2.10-LUK.2.11	2
32:43	LUK.2.32	2
32:43	LUK.19.27	2
32:43	LUK.21.22-LUK.21.24	2
32:43	ACT.13.47-ACT.13.48	2
32:43	REV.5.9-REV.5.10	2
32:43	REV.15.2	2
32:43	REV.15.4	2
32:43	REV.18.2	2
32:43	REV.18.20	2
32:43	GEN.12.3	1
32:43	1KI.8.43	1
32:43	PSA.22.27	1
32:43	LUK.19.43-LUK.19.44	1
32:44	NUM.13.8	5
32:44	NUM.13.16	5
32:44	DEU.31.22	2
32:44	DEU.31.30	2
32:46	1CH.22.19	6
32:46	EZK.40.4	5
32:46	DEU.11.18	3
32:46	PRO.3.1-PRO.3.4	3
32:46	DEU.4.9	2
32:46	DEU.6.6-DEU.6.7	2
32:46	LUK.9.44	2
32:46	HEB.2.1	2
32:47	LEV.18.5	9
32:47	PRO.4.22	9
32:47	2PE.1.16	8
32:47	PRO.3.22	7
32:47	1PE.3.10-1PE.3.12	7
32:47	DEU.30.19-DEU.30.20	6
32:47	PRO.3.1-PRO.3.2	6
32:47	PRO.3.18	6
32:47	ISA.45.19	4
32:47	MAT.6.33	4
32:47	ROM.10.5-ROM.10.6	4
32:47	2PE.1.3	4
32:47	1TI.4.8	3
32:47	1TI.6.6-1TI.6.8	3
32:47	REV.22.14	3
32:48	NUM.27.12-NUM.27.13	2
32:49	NUM.27.12	3
32:49	NUM.33.47-NUM.33.48	2
32:49	DEU.34.1-DEU.34.5	2
32:49	ISA.33.17	2
32:49	2CO.5.1	2
32:50	GEN.25.8	5
32:50	NUM.20.24-NUM.20.29	4
32:50	NUM.33.38	4
32:50	GEN.15.15	3
32:50	GEN.25.17	3
32:50	GEN.49.33	3
32:50	DAN.12.13	3
32:51	NUM.27.14	9
32:51	NUM.20.11-NUM.20.14	8
32:51	NUM.20.24	5
32:51	DEU.3.23-DEU.3.27	5
32:51	1KI.13.21-1KI.13.26	5
32:51	LEV.10.3	4
32:51	ISA.8.13	3
32:51	1PE.4.17	3
32:52	DEU.34.1-DEU.34.4	4
32:52	NUM.27.12	3
32:52	DEU.1.37	3
32:52	DEU.3.27	3
32:52	DEU.32.49	3
32:52	HEB.11.13	3
32:52	HEB.11.39	3
33:1	JOS.14.6	5
33:1	GEN.27.4	2
33:1	GEN.27.27-GEN.27.29	2
33:1	GEN.49.1	2
33:1	GEN.49.28	2
33:1	JDG.13.6	2
33:1	1SA.2.27	2
33:1	1SA.9.6-1SA.9.7	2
33:1	1KI.13.1	2
33:1	1KI.13.6	2
33:1	PSA.90.1	2
33:1	LUK.24.50-LUK.24.51	2
33:1	JHN.14.27	2
33:1	JHN.16.33	2
33:1	1TI.6.11	2
33:1	2TI.3.17	2
33:1	2PE.1.21	2
33:2	HAB.3.3	12
33:2	JUD.1.14	11
33:2	REV.5.11	10
33:2	JDG.5.4-JDG.5.5	9
33:2	PSA.68.17	9
33:2	ACT.7.53	9
33:2	PSA.68.7-PSA.68.8	7
33:2	HEB.2.2	6
33:2	EXO.19.18-EXO.19.20	5
33:2	DAN.7.9-DAN.7.10	5
33:2	2CO.3.7	4
33:2	2CO.3.9	4
33:2	GAL.3.10	4
33:2	GAL.3.19	4
33:2	2TH.1.7	4
33:2	HEB.12.20	4
33:2	DEU.5.22	2
33:3	LUK.10.39	9
33:3	DEU.7.6-DEU.7.8	5
33:3	MAL.1.2	5
33:3	LUK.8.35	4
33:3	ACT.22.3	4
33:3	ROM.8.35-ROM.8.39	4
33:3	EPH.2.4-EPH.2.5	4
33:3	COL.3.3-COL.3.4	4
33:3	1PE.1.5	4
33:3	EXO.19.5-EXO.19.6	3
33:3	DEU.14.2	3
33:3	1SA.2.9	3
33:3	PSA.31.15	3
33:3	PSA.47.4	3
33:3	PSA.50.5	3
33:3	PSA.147.19-PSA.147.20	3
33:3	PRO.2.1	3
33:3	JER.31.3	3
33:3	JER.32.40	3
33:3	HOS.11.1	3
33:3	LUK.2.46	3
33:3	JHN.10.28-JHN.10.29	3
33:3	JHN.17.11-JHN.17.15	3
33:3	ROM.9.11-ROM.9.13	3
33:3	1TH.1.6	1
33:3	1JN.4.19	1
33:4	PSA.119.111	4
33:4	JHN.1.17	4
33:4	JHN.7.19	4
33:4	DEU.9.26-DEU.9.29	2
33:4	PSA.119.72	2
33:5	DEU.32.15	4
33:5	JDG.17.6	3
33:5	GEN.36.31	2
33:5	EXO.18.16	2
33:5	EXO.18.19	2
33:5	NUM.16.13-NUM.16.15	2
33:5	NUM.23.21	2
33:5	JDG.8.22	2
33:5	JDG.9.2	2
33:6	GEN.49.8	8
33:6	NUM.32.31-NUM.32.32	8
33:6	JOS.22.1-JOS.22.9	7
33:6	GEN.49.3-GEN.49.4	4
33:7	GEN.49.8-GEN.49.12	5
33:7	PSA.20.2	4
33:7	PSA.21.8	4
33:7	2SA.7.9-2SA.7.12	3
33:7	PSA.11.1-PSA.11.7	3
33:7	PSA.146.5	3
33:7	ISA.9.17	3
33:7	LUK.19.27	3
33:7	1CO.15.25	3
33:7	HEB.7.14	3
33:7	REV.19.13-REV.19.16	3
33:7	REV.20.10-REV.20.15	3
33:7	JDG.1.1-JDG.1.7	2
33:7	2SA.3.1	2
33:7	2SA.5.1	2
33:7	2SA.5.19	2
33:7	2SA.5.24	2
33:7	1CH.12.22	2
33:7	2CH.17.12-2CH.17.19	2
33:7	PSA.21.1	2
33:7	PSA.78.68	2
33:7	PSA.78.70	2
33:7	PSA.110.1-PSA.110.2	2
33:7	MIC.5.2	2
33:7	MAL.3.1	1
33:8	EXO.17.7	7
33:8	EXO.28.30	6
33:8	NUM.20.13	5
33:8	LEV.8.8	4
33:8	PSA.106.16	4
33:8	EXO.28.36	3
33:8	LEV.21.7	3
33:8	NUM.16.5	3
33:8	NUM.27.21	3
33:8	DEU.8.2-DEU.8.3	3
33:8	DEU.8.16	3
33:8	1SA.28.6	3
33:8	2CH.23.6	3
33:8	EZR.2.63	3
33:8	EZR.8.28	3
33:8	NEH.7.65	3
33:8	PSA.16.10	3
33:8	PSA.81.7	3
33:8	HEB.7.26	3
33:8	REV.3.7	3
33:9	EXO.32.25-EXO.32.29	5
33:9	MAT.10.37	5
33:9	LEV.21.11	4
33:9	JER.18.18	4
33:9	MAT.12.48	4
33:9	LUK.14.26	4
33:9	GEN.29.32	3
33:9	LEV.10.6	3
33:9	1CH.17.17	3
33:9	JOB.37.24	3
33:9	MAL.2.5-MAL.2.7	3
33:9	MAT.22.16	3
33:9	2CO.5.16	3
33:9	GAL.1.10	3
33:9	1TH.2.4	2
33:9	1TI.5.21	2
33:10	LEV.10.11	5
33:10	PSA.51.19	5
33:10	EXO.30.7-EXO.30.8	3
33:10	DEU.17.9-DEU.17.11	3
33:10	1SA.2.28	3
33:10	EZK.43.27	3
33:10	LEV.1.9	2
33:10	LEV.1.13	2
33:10	LEV.1.17	2
33:10	LEV.9.12-LEV.9.13	2
33:10	NUM.16.40	2
33:10	NUM.16.46	2
33:10	DEU.24.8	2
33:10	DEU.31.9-DEU.31.13	2
33:10	2CH.17.8-2CH.17.10	2
33:10	2CH.26.18	2
33:10	2CH.30.22	2
33:10	NEH.8.1-NEH.8.9	2
33:10	NEH.8.13-NEH.8.15	2
33:10	NEH.8.18	2
33:10	EZK.44.23-EZK.44.24	2
33:10	HOS.4.6	2
33:10	MAL.2.6-MAL.2.8	2
33:10	MAT.23.2-MAT.23.3	2
33:10	LUK.1.9-LUK.1.10	2
33:10	JHN.21.15-JHN.21.16	2
33:10	HEB.7.25	2
33:10	HEB.9.24	2
33:10	REV.8.3-REV.8.5	2
33:11	2SA.24.23	3
33:11	EZK.20.40-EZK.20.41	3
33:11	EZK.43.27	3
33:11	NUM.18.8-NUM.18.20	2
33:11	NUM.35.2-NUM.35.8	2
33:11	DEU.18.1-DEU.18.5	2
33:11	PSA.20.3	2
33:11	ISA.29.21	2
33:11	JER.15.10	2
33:11	AMO.5.10	2
33:11	MAL.1.8-MAL.1.10	2
33:11	MAT.10.14-MAT.10.15	2
33:11	LUK.10.10-LUK.10.12	2
33:11	LUK.10.16	2
33:11	1TH.4.8	2
33:12	2CH.15.2	6
33:12	PSA.91.4	5
33:12	MAT.23.37	5
33:12	ISA.51.16	4
33:12	DEU.12.10	3
33:12	1KI.12.21	3
33:12	2CH.11.1	3
33:12	2CH.17.17-2CH.17.19	3
33:12	ISA.37.22	3
33:12	ISA.37.35	3
33:12	EXO.28.12	2
33:12	DEU.33.27-DEU.33.29	2
33:12	JDG.1.21	2
33:12	PSA.132.14	2
33:12	JOS.18.11-JOS.18.28	1
33:13	GEN.49.22-GEN.49.26	5
33:13	MIC.5.7	4
33:13	GEN.27.28-GEN.27.29	3
33:13	PRO.3.20	3
33:13	PRO.19.12	3
33:13	ISA.18.4	3
33:13	HOS.14.5	3
33:13	GEN.48.9	2
33:13	GEN.48.15-GEN.48.20	2
33:13	DEU.32.2	2
33:13	JOB.29.19	2
33:13	PSA.110.3	2
33:13	ZEC.8.12	2
33:13	GEN.48.5	1
33:14	LEV.26.4	2
33:14	DEU.28.8	2
33:14	2SA.23.4	2
33:14	PSA.8.3	2
33:14	PSA.65.9-PSA.65.13	2
33:14	PSA.74.16	2
33:14	PSA.84.11	2
33:14	PSA.104.19	2
33:14	MAL.4.2	2
33:14	MAT.5.45	2
33:14	ACT.14.17	2
33:14	1TI.6.17	2
33:14	REV.22.2	2
33:15	HAB.3.6	6
33:15	GEN.49.26	4
33:15	JAS.5.7	1
33:16	EXO.3.2-EXO.3.4	4
33:16	ACT.7.35	4
33:16	GEN.49.26	3
33:16	PSA.24.1	3
33:16	GEN.37.28	2
33:16	GEN.37.36	2
33:16	GEN.39.2-GEN.39.3	2
33:16	GEN.43.32	2
33:16	GEN.45.9-GEN.45.11	2
33:16	PSA.50.12	2
33:16	PSA.89.11	2
33:16	JER.8.16	2
33:16	MRK.12.26	2
33:16	ACT.7.30-ACT.7.33	2
33:16	2CO.12.7-2CO.12.10	2
33:16	LUK.2.14	1
33:16	1CO.10.26	1
33:16	1CO.10.28	1
33:16	HEB.7.26	1
33:17	NUM.23.22	8
33:17	1KI.22.11	7
33:17	PSA.44.5	7
33:17	GEN.48.19	5
33:17	NUM.24.8	4
33:17	1CH.5.1	4
33:17	PSA.92.10	4
33:17	NUM.26.34	3
33:17	NUM.26.37	3
33:17	2CH.18.10	3
33:17	JOB.39.9-JOB.39.10	3
33:17	PSA.22.21	3
33:17	PSA.29.6	3
33:17	ISA.34.7	3
33:17	HOS.5.3	3
33:17	HOS.6.4	3
33:17	HOS.7.1	3
33:18	GEN.49.13-GEN.49.15	5
33:18	JOS.19.11	2
33:18	JDG.5.14	2
33:19	PSA.4.5	6
33:19	ISA.2.3	6
33:19	ISA.60.5	6
33:19	EXO.15.17	3
33:19	PSA.50.13-PSA.50.15	3
33:19	PSA.51.16-PSA.51.17	3
33:19	DEU.32.13	2
33:19	PSA.51.19	2
33:19	PSA.107.22	2
33:19	ISA.60.16	2
33:19	ISA.66.11-ISA.66.12	2
33:19	JER.50.4-JER.50.5	2
33:19	MIC.4.2	2
33:19	HEB.13.15-HEB.13.16	2
33:19	1PE.2.5	2
33:20	GEN.49.19	3
33:20	1CH.12.8-1CH.12.14	3
33:20	GEN.9.26-GEN.9.27	2
33:20	JOS.13.8	2
33:20	JOS.13.10	2
33:20	JOS.13.24-JOS.13.28	2
33:20	1CH.4.10	2
33:20	1CH.5.18-1CH.5.21	2
33:20	1CH.12.37-1CH.12.38	2
33:20	PSA.18.19	2
33:20	PSA.18.36	2
33:20	MIC.5.8	2
33:21	JOS.4.12-JOS.4.13	3
33:21	NUM.32.1-NUM.32.6	2
33:21	JOS.1.14	2
33:21	JOS.22.1-JOS.22.4	2
33:21	JDG.5.2	2
33:21	JDG.5.11	2
33:21	NUM.32.16-NUM.32.42	1
33:22	JOS.19.47	4
33:22	JDG.18.27	3
33:22	GEN.49.16-GEN.49.17	2
33:22	JDG.13.2	2
33:22	JDG.13.24-JDG.13.25	2
33:22	JDG.14.6	2
33:22	JDG.14.19	2
33:22	JDG.15.8	2
33:22	JDG.15.15	2
33:22	JDG.16.30	2
33:22	1CH.12.35	2
33:23	GEN.49.21	10
33:23	PSA.36.8	6
33:23	JER.31.14	6
33:23	MAT.4.16	6
33:23	MAT.4.13	5
33:23	JOS.19.32-JOS.19.39	4
33:23	PSA.90.14	4
33:23	ISA.9.1-ISA.9.2	2
33:23	MAT.11.28	2
33:24	GEN.49.20	19
33:24	JOB.29.6	12
33:24	PRO.3.3-PRO.3.4	11
33:24	ROM.14.18	11
33:24	PSA.128.6	10
33:24	PSA.128.3	9
33:24	ACT.7.10	9
33:24	EXO.12.10	7
33:24	PSA.115.15	7
33:24	ROM.15.31	3
33:25	ISA.41.10	25
33:25	PSA.138.3	20
33:25	ISA.40.29	20
33:25	PHP.4.13	20
33:25	COL.1.11	20
33:25	2CH.16.9	17
33:25	EPH.6.10	17
33:25	2CO.12.9-2CO.12.10	16
33:25	DEU.8.9	13
33:25	DEU.32.47	13
33:25	DEU.4.40	12
33:25	LUK.15.22	11
33:25	1CO.10.13	11
33:25	EPH.6.15	11
33:26	EXO.15.11	12
33:26	ISA.43.11-ISA.43.13	8
33:26	JER.10.6	7
33:26	HAB.3.8	7
33:26	PSA.68.33-PSA.68.34	6
33:26	PSA.104.3	6
33:26	ISA.19.1	6
33:26	DEU.32.15	5
33:26	PSA.86.8	5
33:26	PSA.18.10	4
33:26	PSA.68.4	4
33:26	ISA.40.18	4
33:26	ISA.40.25	4
33:26	ISA.66.8	3
33:27	PSA.90.1-PSA.90.2	20
33:27	PSA.18.2	18
33:27	PSA.46.1	17
33:27	PSA.91.1-PSA.91.2	17
33:27	ISA.25.4	17
33:27	PRO.18.10	16
33:27	PSA.91.9	15
33:27	ROM.16.20	15
33:27	1PE.1.5	14
33:27	ISA.26.4	11
33:27	JUD.1.24	10
33:27	ISA.32.2	9
33:27	ISA.57.15	8
33:27	GEN.49.24	6
33:27	PSA.102.24	6
33:27	ISA.9.6	6
33:27	JER.10.10	6
33:27	JHN.10.28-JHN.10.29	6
33:27	REV.20.10	6
33:27	PSA.46.11	5
33:27	PSA.91.15	5
33:27	PRO.10.25	5
33:27	SNG.2.6	5
33:27	MIC.5.2	5
33:27	1TI.1.17	5
33:27	HEB.9.14	5
33:27	REV.20.2-REV.20.3	5
33:27	DEU.7.2	4
33:27	DEU.9.3-DEU.9.5	4
33:27	1SA.15.29	4
33:27	PSA.27.5	4
33:27	PSA.36.7	4
33:27	LUK.13.34	4
33:27	PHP.3.9	4
33:27	PSA.46.7	3
33:27	PSA.48.3	3
33:27	ROM.8.2	3
33:27	JOS.24.18	1
33:28	NUM.23.9	8
33:28	GEN.27.28	7
33:28	EXO.33.16	6
33:28	JER.23.6	6
33:28	REV.21.27	5
33:28	DEU.11.11	4
33:28	PSA.68.26	4
33:28	JER.33.16	4
33:28	DEU.32.2	3
33:28	DEU.33.13	3
33:28	PRO.5.15-PRO.5.18	3
33:28	REV.22.14-REV.22.15	3
33:28	DEU.8.7-DEU.8.8	2
33:28	ISA.48.1	2
33:28	EZK.34.25	2
33:29	ISA.12.2	10
33:29	ISA.45.17	10
33:29	DEU.4.7-DEU.4.8	8
33:29	PSA.115.9-PSA.115.11	8
33:29	2SA.7.23	7
33:29	GEN.15.1	6
33:29	NUM.23.20-NUM.23.24	6
33:29	DEU.32.13	5
33:29	2SA.22.45	5
33:29	PSA.18.44	5
33:29	PSA.84.11	5
33:29	PSA.144.15	5
33:29	ISA.34.5-ISA.34.6	5
33:29	JDG.7.20	4
33:29	PSA.33.20	4
33:29	PSA.66.3	4
33:29	HAB.3.19	4
33:29	NUM.24.5	3
33:29	JOS.10.24-JOS.10.25	3
33:29	PSA.7.12	3
33:29	PSA.33.12	3
33:29	PSA.45.3	3
33:29	ISA.27.1	3
33:29	JER.12.12	3
33:29	1TI.4.10	3
33:29	REV.1.16	3
33:29	REV.19.21	3
33:29	PSA.81.15	2
33:29	JER.47.6	2
34:1	NUM.27.12	4
34:1	DEU.32.49	4
34:1	JOS.19.47	4
34:1	EZK.40.2	4
34:1	REV.21.10	4
34:1	GEN.14.14	2
34:1	NUM.21.20	2
34:1	NUM.32.33-NUM.32.40	2
34:1	NUM.33.47	2
34:1	DEU.3.27	2
34:1	DEU.32.52	2
34:1	DEU.34.4	2
34:1	JDG.18.29	2
34:2	DEU.11.24	5
34:2	EXO.23.31	3
34:2	NUM.34.6	3
34:2	JOS.15.12	3
34:3	2CH.28.15	7
34:3	JDG.1.16	6
34:3	JDG.3.13	6
34:3	GEN.14.2	3
34:3	GEN.19.22	3
34:3	GEN.14.8	2
34:3	NUM.34.3	2
34:4	DEU.32.52	7
34:4	GEN.12.7	6
34:4	GEN.28.13	4
34:4	DEU.3.26-DEU.3.27	3
34:4	GEN.13.15	2
34:4	GEN.15.18-GEN.15.21	2
34:4	GEN.26.3	2
34:4	NUM.20.12	2
34:4	PSA.105.9-PSA.105.11	1
34:4	JHN.1.17	1
34:5	DEU.32.50	8
34:5	JOS.1.1-JOS.1.2	7
34:5	HEB.3.3-HEB.3.6	5
34:5	REV.15.3	3
34:5	NUM.12.7	2
34:5	DEU.31.14	2
34:5	MAL.4.4	2
34:5	JHN.8.35-JHN.8.36	2
34:5	2TI.2.25	2
34:5	2PE.1.1	2
34:6	JUD.1.9	12
34:6	DEU.3.29	4
34:7	DEU.31.2	17
34:7	JOS.14.10-JOS.14.11	13
34:7	GEN.27.1	11
34:7	GEN.48.10	10
34:7	ACT.7.36	8
34:7	ACT.7.30	6
34:7	ACT.7.23	3
34:8	GEN.50.3	8
34:8	NUM.20.29	8
34:8	GEN.50.10	7
34:8	1SA.25.1	4
34:8	ISA.57.1	4
34:8	ACT.8.2	4
34:9	ISA.11.2	11
34:9	DAN.6.3	9
34:9	JHN.3.34	8
34:9	ACT.8.17-ACT.8.19	8
34:9	ACT.6.6	7
34:9	NUM.27.18-NUM.27.23	6
34:9	1KI.3.9	6
34:9	1KI.3.12	6
34:9	2KI.2.9	6
34:9	2KI.2.15	6
34:9	EXO.31.3	5
34:9	NUM.11.17	5
34:9	JOS.1.16-JOS.1.18	5
34:9	COL.2.3	5
34:9	1TI.4.14	4
34:9	1TI.5.22	4
34:10	EXO.33.11	9
34:10	NUM.12.6-NUM.12.8	6
34:10	DEU.18.15-DEU.18.18	4
34:10	DEU.5.4-DEU.5.5	3
34:10	ACT.3.22-ACT.3.23	3
34:10	HEB.3.5-HEB.3.6	3
34:10	ACT.7.37	2
34:11	DEU.4.34	6
34:11	DEU.7.19	6
34:11	PSA.78.43-PSA.78.58	4
34:11	PSA.105.26-PSA.105.38	4
