# chapter:verse	to	votes (most first)
1:1	GEN.46.8-GEN.46.26	6
1:1	1CH.2.1-1CH.2.2	6
1:1	GEN.35.23-GEN.35.26	4
1:1	GEN.29.31-GEN.30.21	2
1:1	GEN.35.18	2
1:1	GEN.49.3-GEN.49.27	2
1:1	EXO.6.14-EXO.6.16	2
1:1	1CH.12.23-1CH.12.40	2
1:1	REV.7.4-REV.7.8	2
1:1	1CH.27.16-1CH.27.22	1
1:2	GEN.35.22	4
1:3	EXO.28.20	2
1:3	GEN.35.23	1
1:5	DEU.10.22	7
1:5	GEN.46.26-GEN.46.27	4
1:5	JDG.8.30	3
1:5	EXO.1.20	2
1:6	GEN.50.26	5
1:6	GEN.50.24	2
1:6	ACT.7.14-ACT.7.16	2
1:7	GEN.46.3	10
1:7	GEN.1.28	7
1:7	DEU.26.5	7
1:7	GEN.9.1	6
1:7	GEN.35.11	6
1:7	GEN.47.27	6
1:7	GEN.12.2	5
1:7	GEN.28.3-GEN.28.4	5
1:7	GEN.48.4	5
1:7	DEU.10.22	5
1:7	NEH.9.23	5
1:7	GEN.13.16	4
1:7	GEN.17.4-GEN.17.6	4
1:7	GEN.17.16	4
1:7	GEN.22.17	4
1:7	GEN.28.14	4
1:7	PSA.105.24	4
1:7	ACT.7.17-ACT.7.18	4
1:7	GEN.15.5	3
1:7	GEN.26.4	3
1:7	GEN.48.16	3
1:7	GEN.1.20	2
1:7	EXO.12.37	2
1:8	ACT.7.18	10
1:8	ECC.2.18-ECC.2.19	5
1:8	ECC.9.15	2
1:9	PSA.105.24-PSA.105.25	5
1:9	ECC.4.4	3
1:9	JAS.3.14-JAS.3.16	3
1:9	NUM.22.4-NUM.22.5	2
1:9	PRO.14.28	2
1:9	PRO.27.4	2
1:9	TIT.3.3	2
1:9	JOB.5.2	1
1:9	JAS.4.5	1
1:10	ACT.7.19	7
1:10	PSA.83.3-PSA.83.4	6
1:10	PRO.1.11	5
1:10	PSA.105.25	4
1:10	PSA.10.2	3
1:10	NUM.22.6	2
1:10	JOB.5.13	2
1:10	PRO.16.25	2
1:10	PRO.21.30	2
1:10	ACT.23.12	2
1:10	1CO.3.18-1CO.3.20	2
1:10	JAS.3.15-JAS.3.18	2
1:11	GEN.15.13	12
1:11	GEN.47.11	6
1:11	EXO.2.11	6
1:11	EXO.3.7	6
1:11	DEU.26.6	4
1:11	PSA.81.6	4
1:11	EXO.6.6-EXO.6.7	3
1:11	NUM.20.15	3
1:11	1KI.9.19	3
1:11	2CH.8.4	3
1:11	EXO.5.4-EXO.5.6	2
1:11	EXO.5.15	2
1:11	PSA.68.13	2
1:11	PSA.105.13	2
1:11	PRO.27.4	2
1:12	PSA.105.24	16
1:12	EXO.1.9	7
1:12	ROM.8.28	4
1:12	ACT.5.28-ACT.5.33	3
1:12	JHN.12.19	2
1:12	ACT.4.2-ACT.4.4	2
1:12	PRO.27.4	0
1:13	DEU.4.20	1
1:14	ACT.7.19	7
1:14	NUM.20.15	6
1:14	EXO.2.23	5
1:14	EXO.6.9	5
1:14	PSA.81.6	3
1:14	ISA.58.6	3
1:14	ACT.7.34	3
1:14	GEN.15.13	2
1:14	EXO.1.13	2
1:14	EXO.5.7-EXO.5.21	2
1:14	EXO.20.2	2
1:14	LEV.25.43	2
1:14	LEV.25.46	2
1:14	LEV.25.53	2
1:14	DEU.4.20	2
1:14	DEU.26.6	2
1:14	RUT.1.20	2
1:14	PSA.68.13	2
1:14	ISA.14.6	2
1:14	ISA.51.23	2
1:14	ISA.52.5	2
1:14	JER.50.33-JER.50.34	2
1:14	MIC.3.3	2
1:14	NAM.3.14	2
1:16	EXO.1.22	4
1:16	MAT.21.38	1
1:16	REV.12.4	0
1:17	ACT.5.29	19
1:17	EXO.1.21	12
1:17	ECC.12.13	11
1:17	MAT.10.28	11
1:17	LUK.12.5	11
1:17	ACT.4.18-ACT.4.20	6
1:17	PRO.16.6	5
1:17	DAN.3.16-DAN.3.18	5
1:17	DAN.6.13	5
1:17	GEN.42.18	4
1:17	PSA.31.19	4
1:17	ECC.8.12	4
1:17	NEH.5.15	3
1:17	PRO.8.13	3
1:17	HOS.5.11	3
1:17	MIC.6.16	2
1:17	PRO.24.11-PRO.24.12	1
1:17	GEN.20.11	0
1:18	ECC.8.4	3
1:18	2SA.13.28	1
1:19	JOS.2.4-JOS.2.24	4
1:19	2SA.17.19-2SA.17.20	4
1:19	1SA.21.2	2
1:20	ECC.8.12	8
1:20	ISA.3.10	8
1:20	PRO.11.18	5
1:20	EXO.1.12	4
1:20	PSA.111.5	4
1:20	HEB.6.10	4
1:20	EXO.1.7	3
1:20	PSA.41.1-PSA.41.2	3
1:20	PSA.61.5	3
1:20	PSA.85.9	3
1:20	PSA.103.11	3
1:20	PSA.145.19	3
1:20	PRO.19.17	3
1:20	MAT.10.42	3
1:20	MAT.25.40	3
1:20	LUK.1.50	3
1:21	1KI.11.38	12
1:21	1SA.2.35	9
1:21	PSA.37.3	8
1:21	2SA.7.27-2SA.7.29	7
1:21	ECC.8.12	7
1:21	1KI.2.24	5
1:21	1SA.25.28	4
1:21	2SA.7.11-2SA.7.13	3
1:21	PSA.127.1	3
1:21	PSA.127.3	2
1:21	PRO.24.3	2
1:21	JER.35.2	2
1:22	ACT.7.19	7
1:22	PRO.1.16	4
1:22	EXO.1.16	3
1:22	PSA.105.25	3
1:22	PRO.4.16	3
1:22	REV.16.4-REV.16.6	3
1:22	GEN.41.1	2
1:22	EXO.7.19-EXO.7.21	2
1:22	PRO.27.4	2
2:1	NUM.26.59	21
2:1	EXO.6.16-EXO.6.20	6
2:1	1CH.23.12-1CH.23.14	6
2:1	1CH.6.1-1CH.6.3	4
2:2	HEB.11.23	31
2:2	ACT.7.20	26
2:2	PSA.112.5	0
2:3	EXO.1.22	8
2:3	GEN.6.14	7
2:3	ACT.7.19	7
2:3	ISA.18.2	6
2:3	MAT.2.16	5
2:3	MAT.2.13	4
2:3	GEN.11.3	3
2:3	GEN.14.10	1
2:3	ISA.19.6	1
2:4	NUM.26.59	9
2:4	EXO.15.20	8
2:4	MIC.6.4	7
2:4	NUM.20.1	2
2:4	NUM.12.1-NUM.12.15	1
2:5	ACT.7.21	15
2:5	PSA.9.9	8
2:5	PSA.12.5	8
2:5	EXO.8.20	6
2:5	PSA.46.1	6
2:5	EXO.7.15	4
2:5	PSA.76.10	2
2:5	PRO.21.1	2
2:5	1KI.17.6	1
2:6	1KI.8.50	6
2:6	ACT.7.21	6
2:6	1PE.3.8	6
2:6	NEH.1.11	4
2:6	PSA.106.46	4
2:6	PRO.21.1	3
2:7	EXO.2.4	5
2:7	NUM.26.59	4
2:7	NUM.12.1	3
2:7	EXO.15.20	2
2:8	PSA.27.10	7
2:8	ISA.46.3-ISA.46.4	7
2:8	EXO.6.20	6
2:8	EZK.16.8	3
2:10	ACT.7.21-ACT.7.22	12
2:10	HEB.11.24	12
2:10	GEN.16.11	11
2:10	1SA.1.20	11
2:10	MAT.1.21	9
2:10	GAL.4.5	9
2:10	1JN.3.1	9
2:10	GEN.4.25	8
2:10	GEN.48.5	8
2:11	HEB.11.24-HEB.11.26	8
2:11	EXO.1.11	6
2:11	ACT.7.22-ACT.7.24	6
2:11	MAT.11.28	4
2:11	LUK.4.18	4
2:11	EXO.3.7	3
2:11	ISA.58.6	3
2:11	EXO.5.9	1
2:11	EXO.5.14	1
2:12	ACT.7.24-ACT.7.26	4
2:13	ACT.7.26-ACT.7.28	3
2:13	1CO.6.7-1CO.6.8	2
2:14	LUK.12.14	11
2:14	MAT.21.23	9
2:14	GEN.19.9	5
2:14	GEN.37.19-GEN.37.20	5
2:14	PSA.2.2-PSA.2.6	5
2:14	LUK.19.14	5
2:14	GEN.13.8	4
2:14	NUM.16.3	4
2:14	NUM.16.13	4
2:14	PRO.19.12	4
2:14	PRO.29.25	4
2:14	ACT.7.26-ACT.7.28	4
2:14	ACT.7.35	4
2:14	GEN.37.8-GEN.37.11	3
2:14	LUK.19.27	3
2:15	ACT.7.29	8
2:15	HEB.11.27	8
2:15	GEN.24.11	7
2:15	GEN.29.2	6
2:15	1KI.19.1-1KI.19.3	5
2:15	1KI.19.13-1KI.19.14	5
2:15	PRO.22.3	5
2:15	MAT.10.23	5
2:15	JHN.4.6	5
2:15	EXO.4.19	4
2:15	GEN.25.4	3
2:15	GEN.25.2	2
2:15	GEN.28.6-GEN.28.7	1
2:15	JER.26.21-JER.26.23	0
2:16	GEN.24.11	9
2:16	EXO.3.1	9
2:16	1SA.9.11	8
2:16	GEN.24.14-GEN.24.20	6
2:16	GEN.29.6-GEN.29.10	5
2:16	GEN.41.45	4
2:17	GEN.29.10	7
2:17	GEN.21.25	4
2:17	GEN.26.15-GEN.26.22	3
2:17	EXO.2.12	3
2:18	EXO.3.1	5
2:18	EXO.4.18	4
2:18	NUM.10.29	4
2:18	EXO.18.1-EXO.18.12	3
2:18	NUM.19.20	1
2:19	GEN.29.10	3
2:19	GEN.50.11	3
2:20	GEN.31.54	5
2:20	GEN.43.25	4
2:20	GEN.18.5	3
2:20	GEN.19.2-GEN.19.3	3
2:20	GEN.24.31-GEN.24.33	3
2:20	JOB.31.32	3
2:20	JOB.42.11	3
2:20	1TI.5.10	3
2:20	HEB.13.2	3
2:20	GEN.29.13	1
2:21	GEN.31.38-GEN.31.40	4
2:21	HEB.13.5	4
2:21	EXO.2.10	3
2:21	EXO.4.20-EXO.4.25	3
2:21	EXO.18.2-EXO.18.6	3
2:21	PHP.4.11-PHP.4.12	3
2:21	1TI.6.6	3
2:21	HEB.11.25	3
2:21	JAS.1.10	3
2:21	NUM.12.1	2
2:22	ACT.7.29	6
2:22	HEB.11.13-HEB.11.14	6
2:22	EXO.22.21	5
2:22	1CH.16.20	4
2:22	1CH.29.15	4
2:22	PSA.39.12	4
2:22	PSA.119.19	4
2:22	EXO.18.3-EXO.18.4	3
2:22	1CH.23.14-1CH.23.17	3
2:22	EXO.2.10	0
2:23	GEN.18.20-GEN.18.21	14
2:23	JAS.5.4	12
2:23	EXO.3.7-EXO.3.9	11
2:23	EXO.22.22-EXO.22.27	9
2:23	DEU.26.6-DEU.26.7	9
2:23	ACT.7.30	9
2:23	GEN.16.11	8
2:23	NEH.9.9	7
2:23	PSA.12.5	7
2:23	PSA.18.6	7
2:23	ISA.19.20	7
2:23	GEN.4.10	6
2:23	EXO.4.19	6
2:23	DEU.24.15	6
2:23	JDG.10.11-JDG.10.12	6
2:23	PSA.107.19-PSA.107.20	6
2:23	ACT.12.23-ACT.12.24	6
2:23	EXO.7.7	5
2:23	NUM.20.16	5
2:23	PSA.81.6-PSA.81.7	5
2:23	MAT.2.19-MAT.2.20	5
2:23	ISA.5.7	2
2:24	GEN.26.3	23
2:24	PSA.105.42	20
2:24	EXO.6.5	18
2:24	GEN.15.14-GEN.15.18	14
2:24	LUK.1.72-LUK.1.73	13
2:24	PSA.22.24	12
2:24	GEN.26.24	11
2:24	PSA.106.45	11
2:24	PSA.138.3	11
2:24	GEN.46.2-GEN.46.4	10
2:24	JDG.2.18	10
2:24	PSA.102.20	10
2:24	PSA.105.6-PSA.105.13	10
2:24	GEN.17.7	9
2:24	GEN.18.18	9
2:24	GEN.28.12-GEN.28.14	8
2:24	NEH.9.27-NEH.9.28	8
2:24	PSA.22.5	8
2:24	PSA.79.11	8
2:24	NEH.9.8-NEH.9.9	7
2:24	GEN.32.28	4
2:25	EXO.4.31	14
2:25	PSA.55.22	13
2:25	EXO.3.7-EXO.3.8	10
2:25	PSA.1.6	9
2:25	LUK.1.25	9
2:25	2SA.16.12	7
2:25	MAT.7.23	7
2:25	1SA.1.11	5
2:25	JOB.33.27	5
2:25	EXO.1.8	1
3:1	1KI.19.8	8
3:1	EXO.17.6	7
3:1	PSA.78.70-PSA.78.72	7
3:1	NUM.10.29	5
3:1	EXO.18.1-EXO.18.6	4
3:1	JDG.4.11	4
3:1	MAL.4.4	4
3:1	EXO.2.16	3
3:1	EXO.3.5	3
3:1	EXO.19.3	3
3:1	EXO.19.11	3
3:1	EXO.24.13	3
3:1	DEU.1.6	3
3:1	DEU.4.10	3
3:1	AMO.7.14-AMO.7.15	3
3:1	PSA.106.19	2
3:1	MAT.4.18-MAT.4.19	2
3:1	LUK.2.8	2
3:1	EXO.2.18	1
3:1	EXO.2.21	1
3:1	EXO.4.27	1
3:1	EXO.24.15-EXO.24.17	1
3:1	AMO.1.1	1
3:2	ACT.7.30-ACT.7.35	17
3:2	ISA.43.2	13
3:2	DEU.33.16	10
3:2	MRK.12.26	10
3:2	PSA.66.12	9
3:2	LUK.20.37	9
3:2	EXO.3.16	7
3:2	ISA.63.9	7
3:2	MAL.3.1	7
3:2	GEN.16.7-GEN.16.13	6
3:2	GEN.48.16	6
3:2	EXO.3.4-EXO.3.10	6
3:2	DEU.4.20	6
3:2	DAN.3.27	6
3:2	GEN.15.13-GEN.15.17	5
3:2	GEN.22.15-GEN.22.16	5
3:2	HOS.12.4-HOS.12.5	5
3:2	ROM.8.3	4
3:2	2CO.1.8-2CO.1.10	4
3:2	ISA.53.10-ISA.53.11	2
3:2	JHN.1.14	2
3:2	ZEC.13.7	1
3:3	ACT.7.31	8
3:3	PSA.107.8	4
3:3	JOB.37.14	3
3:3	PSA.111.2-PSA.111.4	2
3:4	DEU.33.16	6
3:4	GEN.22.1	5
3:4	GEN.22.11	5
3:4	GEN.46.2	5
3:4	1SA.3.4	5
3:4	1SA.3.6	5
3:4	1SA.3.8	5
3:4	ACT.9.4	5
3:4	PSA.62.11	4
3:4	ACT.10.3	4
3:4	1SA.3.10	3
3:4	ACT.10.13	3
3:5	JOS.5.15	25
3:5	ACT.7.33	16
3:5	EXO.19.12	13
3:5	ECC.5.1	11
3:5	GEN.28.16-GEN.28.17	8
3:5	HEB.12.20	8
3:5	EXO.19.21	7
3:5	LEV.10.3	4
3:6	LUK.20.37	11
3:6	MAT.22.32	10
3:6	EXO.4.5	9
3:6	MRK.12.26	9
3:6	GEN.28.13	8
3:6	ACT.7.32	8
3:6	REV.1.17	7
3:6	1KI.18.36	6
3:6	JDG.13.22	4
3:6	ISA.6.1-ISA.6.5	4
3:6	JER.24.7	4
3:6	JER.32.38	4
3:6	GEN.12.1	3
3:6	GEN.12.7	3
3:6	GEN.17.7-GEN.17.8	3
3:6	GEN.26.24	3
3:6	GEN.31.42	3
3:6	GEN.32.9	3
3:6	EXO.3.14-EXO.3.15	3
3:6	EXO.29.45	3
3:6	1KI.19.13	3
3:6	JOB.42.5-JOB.42.6	3
3:6	PSA.106.44-PSA.106.45	3
3:6	PSA.132.2	3
3:6	JER.31.33	3
3:6	GEN.17.3	2
3:6	NEH.9.9	2
3:6	EZK.11.20	2
3:6	DAN.10.7-DAN.10.8	2
3:6	ZEC.8.8	2
3:6	MAT.17.6	2
3:6	LUK.5.8	2
3:6	ACT.7.34	2
3:6	HEB.12.21	2
3:6	EST.3.4	1
3:7	PSA.145.19	29
3:7	PSA.106.44	26
3:7	EXO.2.23-EXO.2.25	22
3:7	PSA.34.6	18
3:7	EXO.22.23	17
3:7	NEH.9.9	17
3:7	GEN.29.32	15
3:7	EXO.1.11	14
3:7	PSA.22.24	14
3:7	PSA.34.4	14
3:7	ISA.63.9	14
3:7	1SA.9.16	13
3:7	PSA.142.3	11
3:7	GEN.18.21	10
3:7	HEB.4.15	10
3:8	GEN.50.24	22
3:8	GEN.15.18-GEN.15.21	18
3:8	EXO.3.17	18
3:8	EXO.13.5	17
3:8	DEU.1.25	16
3:8	DEU.8.7-DEU.8.9	14
3:8	JER.11.5	14
3:8	NUM.13.27	13
3:8	EZK.20.6	11
3:8	PSA.91.15	10
3:8	JHN.6.38	10
3:8	EXO.6.6-EXO.6.8	9
3:8	EXO.12.51	8
3:8	PSA.34.8	8
3:8	GEN.11.5	7
3:8	DEU.7.1	7
3:8	DEU.11.9-DEU.11.24	7
3:8	DEU.27.3	7
3:8	PSA.12.5	7
3:8	JER.32.22	7
3:8	ISA.64.1	6
3:8	JHN.3.13	6
3:8	EXO.33.2-EXO.33.3	5
3:8	EXO.34.11	5
3:8	NUM.14.7-NUM.14.8	5
3:8	NEH.9.22-NEH.9.25	5
3:8	PSA.22.4-PSA.22.5	5
3:8	GEN.15.14	4
3:8	GEN.18.21	4
3:8	EXO.22.23-EXO.22.31	4
3:8	GEN.11.7	3
3:8	GEN.13.14-GEN.13.15	3
3:8	DEU.26.9-DEU.26.15	3
3:8	DEU.28.11	3
3:8	NEH.9.8	3
3:8	DEU.1.7	2
3:8	PSA.18.9-PSA.18.19	2
3:8	JER.2.7	2
3:8	NUM.13.19	1
3:8	JOS.9.1	1
3:9	EXO.2.23	10
3:9	PRO.22.22-PRO.22.23	10
3:9	EXO.1.11	9
3:9	EXO.1.13-EXO.1.14	9
3:9	EXO.3.7	8
3:9	EXO.1.22	7
3:9	PSA.12.5	6
3:9	ECC.4.1	6
3:9	ECC.5.8	6
3:9	JER.50.33-JER.50.34	6
3:9	MIC.2.1-MIC.2.3	6
3:9	AMO.4.1	3
3:10	MIC.6.4	11
3:10	1SA.12.6	8
3:10	PSA.105.26	8
3:10	ISA.63.11-ISA.63.12	8
3:10	ACT.7.34	7
3:10	PSA.77.20	6
3:10	HOS.12.13	6
3:10	PSA.103.6-PSA.103.7	5
3:10	ACT.7.36	5
3:11	1SA.18.18	16
3:11	EXO.6.12	15
3:11	2CO.3.5	13
3:11	JER.1.6	9
3:11	2CO.2.16	7
3:11	EXO.4.10-EXO.4.13	6
3:11	2SA.7.18	6
3:11	1KI.3.9	6
3:11	ISA.6.5-ISA.6.8	6
3:11	1KI.3.7	5
3:11	ACT.7.23-ACT.7.25	5
3:12	JOS.1.5	20
3:12	ROM.8.31	19
3:12	DEU.31.23	16
3:12	ISA.41.10	16
3:12	GEN.31.3	13
3:12	EXO.4.12	13
3:12	EXO.4.15	13
3:12	MAT.28.20	12
3:12	ISA.43.2	11
3:12	ACT.11.21	10
3:12	EXO.4.1-EXO.4.9	8
3:12	HEB.13.5	8
3:12	MRK.16.20	7
3:12	EXO.19.1-EXO.19.25	6
3:12	JDG.7.11	6
3:12	PSA.86.17	6
3:12	ISA.7.14	6
3:12	ISA.37.30	6
3:12	GEN.15.1	5
3:12	JDG.6.17	5
3:12	JDG.6.21	5
3:12	JDG.6.36-JDG.6.40	5
3:12	JER.43.9-JER.43.10	5
3:12	JER.51.63-JER.51.64	5
3:12	NUM.1.1-NUM.1.10	4
3:12	LEV.1.1-LEV.1.17	3
3:12	GEN.15.8	2
3:12	JDG.7.13-JDG.7.14	2
3:13	PRO.30.4	4
3:13	ISA.9.6	4
3:13	GEN.32.29	3
3:13	EXO.3.14	3
3:13	ISA.7.14	3
3:13	JER.23.6	3
3:13	MAT.1.21	3
3:13	EXO.15.3	2
3:13	JDG.13.6	2
3:13	JDG.13.17	2
3:13	MAT.1.23	2
3:14	JHN.8.58	65
3:14	HEB.13.8	64
3:14	REV.1.8	55
3:14	PSA.90.2	46
3:14	ISA.44.6	38
3:14	EXO.6.3	26
3:14	REV.1.4	26
3:14	REV.1.17	25
3:14	REV.4.8	19
3:14	PSA.68.4	17
3:14	2CO.1.20	17
3:14	MAT.28.20	16
3:14	JHN.8.28	15
3:14	MAT.18.20	14
3:14	JOB.11.7	11
3:15	GEN.17.7-GEN.17.8	22
3:15	HEB.13.8	19
3:15	HOS.12.5	10
3:15	MAL.3.6	10
3:15	EXO.3.6	8
3:15	MIC.4.5	8
3:15	PSA.102.12	6
3:15	ISA.9.6	6
3:15	PSA.135.13	5
3:15	EXO.4.5	4
3:15	DEU.1.11	4
3:15	PSA.145.1-PSA.145.2	4
3:15	ACT.7.32	4
3:15	2CH.28.9	3
3:15	PSA.72.17	3
3:15	PSA.72.19	3
3:15	ISA.63.12	3
3:15	MAT.22.32	3
3:15	DEU.1.35	1
3:15	DEU.4.1	1
3:16	PSA.8.4	10
3:16	EXO.4.29	9
3:16	EXO.4.31	9
3:16	GEN.50.24	7
3:16	ACT.15.14	5
3:16	GEN.21.1	3
3:16	EXO.2.25	3
3:16	EXO.3.2	3
3:16	EXO.4.5	3
3:16	EXO.13.19	3
3:16	RUT.1.6	3
3:16	MAT.26.3	3
3:16	LUK.1.68	3
3:16	LUK.19.44	3
3:16	ACT.11.30	3
3:16	ACT.20.17	3
3:16	HEB.2.6-HEB.2.7	3
3:16	1PE.2.12	3
3:16	1PE.5.1	3
3:16	GEN.1.7	2
3:16	EXO.15.14	2
3:16	EXO.18.12	2
3:16	EXO.24.11	2
3:17	GEN.15.13-GEN.15.21	5
3:17	GEN.50.24	4
3:17	EXO.3.8-EXO.3.9	4
3:17	GEN.46.4	3
3:17	EXO.2.23-EXO.2.25	3
3:17	JOS.24.11	3
3:18	EXO.9.1	11
3:18	EXO.7.16	9
3:18	EXO.10.24-EXO.10.26	5
3:18	EXO.9.13	4
3:18	EXO.10.3	4
3:18	NUM.23.15-NUM.23.16	4
3:18	EXO.4.31-EXO.5.3	3
3:18	NUM.17.4	3
3:18	JOS.1.17	3
3:18	2CH.30.12	3
3:18	PSA.110.3	3
3:18	GEN.12.1	2
3:18	GEN.15.1	2
3:18	GEN.17.1	2
3:18	GEN.48.3	2
3:18	EXO.3.12	2
3:18	EXO.3.16	2
3:18	EXO.4.24	2
3:18	EXO.8.25-EXO.8.28	2
3:18	EXO.13.17-EXO.13.18	2
3:18	EXO.19.1	2
3:18	EXO.25.22	2
3:18	EXO.29.42-EXO.29.43	2
3:18	EXO.30.6	2
3:18	EXO.30.36	1
3:18	NUM.23.3-NUM.23.4	1
3:18	ISA.64.5	1
3:18	JER.2.2	1
3:18	JER.2.6	1
3:18	JER.26.5	1
3:19	EXO.5.2	7
3:19	EXO.6.1	6
3:19	EXO.7.1-EXO.7.14	3
3:19	PSA.136.11-PSA.136.12	3
3:19	ISA.63.12-ISA.63.13	3
3:20	ACT.7.36	7
3:20	EXO.9.15	6
3:20	DEU.6.22	6
3:20	NEH.9.10	6
3:20	EXO.6.6	5
3:20	EXO.12.31-EXO.12.33	4
3:20	EXO.11.8-EXO.11.9	3
3:20	PSA.105.27	3
3:20	GEN.15.14	2
3:20	EXO.6.1	2
3:20	EXO.7.3-EXO.7.5	2
3:20	EXO.11.1	2
3:20	EXO.12.39	2
3:20	DEU.4.34	2
3:20	JDG.6.8	2
3:20	JDG.8.16	2
3:20	PSA.105.38	2
3:20	PSA.106.22	2
3:20	PSA.135.8-PSA.135.9	2
3:20	ISA.19.22	2
3:20	ISA.26.11	2
3:20	JER.32.20-JER.32.21	2
3:20	EZK.20.33	2
3:20	ACT.7.1-ACT.7.13	2
3:21	EXO.12.36	18
3:21	EXO.11.3	12
3:21	PSA.105.37	12
3:21	PRO.16.7	11
3:21	PSA.106.46	9
3:21	GEN.39.21	8
3:21	ACT.7.10	8
3:21	NEH.1.11	4
3:22	EXO.11.2	6
3:22	EZK.39.10	6
3:22	GEN.15.14	5
3:22	EXO.12.35-EXO.12.36	5
3:22	PSA.105.37	5
3:22	JOB.27.16-JOB.27.17	4
3:22	PRO.13.22	3
3:22	ISA.33.1	3
4:1	EXO.3.18	4
4:1	EXO.4.31	3
4:1	EXO.2.14	2
4:1	EXO.6.30	2
4:1	JER.1.6	2
4:1	ACT.7.25	2
4:1	EZK.3.14	1
4:2	EXO.4.17	7
4:2	EXO.4.20	7
4:2	PSA.110.2	5
4:2	ISA.11.4	5
4:2	GEN.30.37	4
4:2	LEV.27.32	4
4:2	MIC.7.14	3
4:3	EXO.4.17	2
4:3	EXO.7.10-EXO.7.15	2
4:3	AMO.5.19	2
4:4	GEN.22.1-GEN.22.2	2
4:4	PSA.91.13	2
4:4	MRK.16.18	2
4:4	LUK.10.19	2
4:4	JHN.2.5	2
4:4	ACT.28.3-ACT.28.6	2
4:5	EXO.19.9	5
4:5	GEN.12.7	4
4:5	GEN.18.1	4
4:5	GEN.26.2	4
4:5	GEN.48.3	4
4:5	EXO.3.15	4
4:5	EXO.4.31	3
4:5	JHN.11.42	3
4:5	GEN.17.1	2
4:5	EXO.3.6	2
4:5	EXO.3.18	2
4:5	EXO.4.1	2
4:5	2CH.20.20	2
4:5	ISA.7.9	2
4:5	JER.31.3	2
4:5	JHN.5.36	2
4:5	JHN.11.15	2
4:5	JHN.20.27	2
4:5	JHN.20.31	2
4:5	ACT.7.2	2
4:6	NUM.12.10	9
4:6	2KI.5.27	9
4:7	DEU.32.39	5
4:7	2KI.5.14	5
4:7	MAT.8.3	4
4:7	NUM.12.13-NUM.12.15	3
4:8	EXO.4.30-EXO.4.31	3
4:8	DEU.32.39	3
4:8	ISA.28.10	3
4:8	2KI.5.7	2
4:8	JOB.5.18	2
4:9	EXO.1.22	2
4:9	EXO.7.19-EXO.7.25	2
4:9	MAT.7.2	1
4:10	JER.1.6	13
4:10	EXO.6.12	9
4:10	ACT.7.22	7
4:10	EXO.4.1	6
4:10	2CO.11.6	6
4:10	2CO.10.10	4
4:10	JOB.12.2	3
4:10	1CO.2.1-1CO.2.4	2
4:11	PSA.94.9	17
4:11	PSA.146.8	17
4:11	ISA.6.7	17
4:11	EZK.3.26-EZK.3.27	17
4:11	AMO.3.6	17
4:11	PSA.51.15	16
4:11	JER.1.6	15
4:11	JER.1.9	15
4:11	GEN.18.14	13
4:11	EZK.33.22	13
4:11	ISA.42.7	12
4:11	ISA.35.5-ISA.35.6	11
4:11	MAT.11.5	11
4:12	JER.1.9	21
4:12	LUK.12.11-LUK.12.12	20
4:12	MAT.10.19-MAT.10.20	16
4:12	LUK.21.14-LUK.21.15	15
4:12	MRK.13.11	13
4:12	ISA.50.4	11
4:12	EPH.6.19	8
4:12	JHN.14.26	7
4:12	LUK.11.1	6
4:12	PSA.25.4-PSA.25.5	5
4:12	PSA.32.9	3
4:12	PSA.143.10	3
4:12	ISA.49.2	3
4:13	EXO.4.1	4
4:13	JON.1.3	4
4:13	GEN.48.16	2
4:13	EXO.23.20	2
4:13	JDG.2.1	2
4:13	JER.1.6	2
4:13	JER.20.9	2
4:13	EZK.3.14-EZK.3.15	2
4:13	JON.1.6	2
4:13	MAT.13.41	2
4:13	JHN.6.29	2
4:13	GEN.24.7	1
4:13	1KI.19.4	1
4:14	EXO.4.27	3
4:14	1CH.21.7	3
4:14	MRK.14.13-MRK.14.15	3
4:14	EXO.4.17	2
4:14	1SA.10.1-1SA.10.7	2
4:14	2SA.6.7	2
4:14	1KI.11.9	2
4:14	LUK.9.59-LUK.9.60	2
4:14	ACT.15.28	2
4:14	2CO.2.13	2
4:14	2CO.7.6-2CO.7.7	2
4:14	PHP.2.21	2
4:14	1TH.3.6-1TH.3.7	2
4:15	ISA.51.16	8
4:15	NUM.23.5	5
4:15	NUM.23.12	5
4:15	NUM.23.16	5
4:15	DEU.18.18	5
4:15	LUK.21.15	5
4:15	ISA.59.21	4
4:15	JER.1.9	4
4:15	EXO.4.12	3
4:15	EXO.7.1-EXO.7.2	3
4:15	NUM.22.38	3
4:15	2SA.14.3	3
4:15	MAT.28.20	3
4:15	DEU.5.31	2
4:15	1CO.11.23	2
4:15	1CO.15.1	1
4:16	EXO.7.1-EXO.7.2	5
4:16	PSA.82.6	3
4:16	JHN.10.34-JHN.10.35	3
4:16	EXO.18.19	2
4:17	EXO.4.2	4
4:17	1CO.1.27	3
4:17	EXO.7.9-EXO.7.20	2
4:18	EXO.3.1	3
4:18	GEN.45.3	2
4:18	1SA.1.17	2
4:18	LUK.7.50	2
4:18	ACT.15.36	2
4:18	ACT.16.36	2
4:18	1TI.6.1	2
4:19	MAT.2.20	7
4:19	EXO.2.15	6
4:19	EXO.2.23	6
4:20	EXO.17.9	6
4:20	NUM.20.8-NUM.20.9	4
4:20	EXO.4.2	3
4:20	EXO.18.3-EXO.18.4	3
4:20	NUM.20.11	3
4:20	EXO.4.17	2
4:21	ROM.9.18	10
4:21	EXO.14.8	8
4:21	JOS.11.20	8
4:21	ISA.63.17	8
4:21	EXO.7.13	7
4:21	EXO.9.12	7
4:21	EXO.9.35-EXO.10.1	7
4:21	EXO.3.20	6
4:21	EXO.10.20	6
4:21	JHN.12.40	6
4:21	EXO.7.3	5
4:21	EXO.14.4	5
4:21	ROM.1.28	4
4:21	ROM.11.8-ROM.11.10	4
4:21	2TH.2.10-2TH.2.12	4
4:21	DEU.2.30-DEU.2.33	3
4:21	ISA.6.10	3
4:21	1PE.2.8	3
4:21	GEN.6.3	2
4:21	DEU.2.36	2
4:21	1KI.22.22	2
4:21	PSA.105.25	2
4:21	2CO.2.16	2
4:22	HOS.11.1	13
4:22	ROM.9.4	8
4:22	JER.31.9	7
4:22	HEB.12.23	7
4:22	EXO.19.5-EXO.19.6	6
4:22	DEU.14.1	6
4:22	ISA.63.16	5
4:22	ISA.64.8	5
4:22	2CO.6.18	3
4:22	JAS.1.18	3
4:23	EXO.11.5	6
4:23	EXO.12.29	6
4:23	PSA.105.36	4
4:23	PSA.135.8	4
4:23	EXO.5.1	3
4:23	EXO.7.16	3
4:23	PSA.78.51	3
4:24	GEN.17.14	15
4:24	NUM.22.22-NUM.22.23	7
4:24	1CH.21.16	5
4:24	LEV.10.3	4
4:24	EXO.3.18	3
4:24	HOS.13.8	3
4:24	1KI.13.24	2
4:24	GEN.42.27	1
4:25	JOS.5.2-JOS.5.3	6
4:25	GEN.17.14	5
4:25	2SA.16.7	3
4:27	EXO.3.1	5
4:27	GEN.29.11	2
4:27	EXO.4.14-EXO.4.16	2
4:27	EXO.19.3	2
4:27	EXO.20.18	2
4:27	EXO.24.15-EXO.24.17	2
4:27	1KI.19.8	2
4:27	ECC.4.9	2
4:27	ACT.10.5-ACT.10.6	2
4:27	ACT.10.20	2
4:28	EXO.4.8-EXO.4.9	4
4:28	EXO.4.15-EXO.4.16	4
4:28	JON.3.2	2
4:28	MAT.21.29	2
4:29	EXO.3.16	5
4:29	EXO.24.1	2
4:29	EXO.24.11	2
4:30	EXO.4.16	2
4:31	EXO.3.18	6
4:31	EXO.2.25	5
4:31	EXO.12.27	5
4:31	PSA.106.12-PSA.106.13	5
4:31	GEN.24.26	3
4:31	EXO.3.7	3
4:31	EXO.3.16	3
4:31	LUK.8.13	3
4:31	EXO.4.8-EXO.4.9	2
4:31	1CH.29.20	2
4:31	GEN.17.3	1
4:31	2CH.20.18	1
4:31	LUK.1.68	1
5:1	EXO.10.9	8
5:1	ACT.4.29	6
5:1	1KI.21.20	4
5:1	EZK.2.6	4
5:1	JON.3.3-JON.3.4	4
5:1	MAT.10.28	4
5:1	1CO.5.8	4
5:1	EXO.3.18	3
5:1	PSA.119.46	3
5:1	ISA.25.6	2
5:1	MAT.10.18	2
5:2	EXO.3.19	14
5:2	JOB.21.15	9
5:2	2KI.18.35	7
5:2	JHN.16.3	2
5:2	ROM.1.28	2
5:2	2TH.1.8	2
5:2	1SA.2.12	1
5:2	2CH.32.15	1
5:2	2CH.32.19	1
5:2	PSA.10.4	1
5:2	PSA.12.4	1
5:2	PSA.14.1	1
5:2	JER.44.16-JER.44.17	1
5:3	EXO.3.18	5
5:3	DEU.28.21	2
5:3	2KI.17.25	2
5:3	2CH.30.8	2
5:3	EZR.7.23	2
5:3	ZEC.14.16-ZEC.14.19	2
5:3	EZK.6.11	1
5:4	EXO.1.11	5
5:4	AMO.7.10	2
5:4	LUK.23.2	2
5:4	ACT.24.5	2
5:4	JER.38.4	1
5:4	ACT.16.20-ACT.16.21	1
5:5	EXO.1.7-EXO.1.11	2
5:5	PRO.14.28	2
5:6	EXO.5.10	3
5:6	EXO.5.19	3
5:6	EXO.1.11	2
5:6	EXO.3.7	2
5:6	EXO.5.13-EXO.5.15	2
5:6	NUM.11.16	2
5:6	DEU.1.15	2
5:6	DEU.16.18	2
5:6	JOS.8.33	2
5:6	JOS.24.4	2
5:6	2CH.26.11	2
5:6	JOS.24.1	1
5:6	PRO.12.10	1
5:7	GEN.24.25	2
5:7	JDG.19.19	2
5:8	PSA.106.41	2
5:9	2KI.18.20	2
5:9	JOB.16.3	2
5:9	JER.43.2	2
5:9	ZEC.1.6	2
5:9	MAL.3.14	2
5:9	EPH.5.6	2
5:10	EXO.1.11	3
5:10	EXO.3.7	2
5:10	PRO.29.12	2
5:11	EXO.5.13-EXO.5.14	2
5:12	EXO.15.7	2
5:12	ISA.5.24	2
5:12	ISA.47.14	2
5:12	JOL.2.5	2
5:12	OBA.1.18	2
5:12	NAM.1.10	2
5:12	1CO.3.12	2
5:14	ISA.10.24	2
5:17	EXO.5.8	2
5:17	MAT.26.8	2
5:17	JHN.6.27	2
5:17	2TH.3.10-2TH.3.11	2
5:18	EZK.18.18	2
5:18	DAN.2.9-DAN.2.13	2
5:19	ECC.4.1	2
5:19	ECC.5.8	2
5:19	DEU.32.36	1
5:21	GEN.34.30	4
5:21	GEN.16.5	3
5:21	EXO.6.9	3
5:21	1SA.13.4	3
5:21	1SA.27.12	3
5:21	2SA.10.6	3
5:21	1CH.19.6	3
5:21	EXO.4.31	2
5:21	EXO.14.11	2
5:21	ECC.10.1	2
5:21	JOL.2.20	2
5:21	2CO.2.15-2CO.2.16	2
5:22	JER.20.7	3
5:22	EXO.17.4	2
5:22	NUM.11.11	2
5:22	NUM.11.14-NUM.11.15	2
5:22	1SA.30.6	2
5:22	1KI.19.4	2
5:22	1KI.19.10	2
5:22	PSA.73.25	2
5:22	HAB.2.3	2
5:22	JER.12.1	1
5:23	PSA.118.26	2
5:23	ISA.26.17-ISA.26.18	2
5:23	ISA.28.16	2
5:23	JER.11.21	2
5:23	HEB.10.36-HEB.10.37	2
5:23	JHN.5.43	1
6:1	EXO.12.33	10
6:1	EXO.3.19-EXO.3.20	9
6:1	EXO.12.31	9
6:1	EXO.12.39	9
6:1	PSA.136.12	9
6:1	EXO.11.1	8
6:1	DEU.32.39	8
6:1	EZK.20.33-EZK.20.34	8
6:1	2CH.20.17	7
6:1	PSA.12.5	7
6:1	PSA.89.13	7
6:1	ISA.63.12	7
6:1	EXO.13.3	6
6:1	2KI.7.2	6
6:1	2KI.7.19	6
6:1	EXO.14.13	5
6:1	NUM.23.23	5
6:1	DEU.4.34	5
6:2	ISA.42.8	3
6:2	JER.9.24	3
6:2	MAL.3.6	3
6:2	ACT.17.24-ACT.17.25	3
6:2	GEN.15.7	2
6:2	EXO.6.6	2
6:2	EXO.6.8	2
6:2	EXO.14.18	2
6:2	EXO.17.1	2
6:2	EXO.20.2	2
6:2	ISA.43.11	2
6:2	ISA.43.15	2
6:2	ISA.44.6	2
6:3	PSA.83.18	14
6:3	GEN.17.1	11
6:3	PSA.68.4	11
6:3	EXO.3.14	10
6:3	GEN.35.11	7
6:3	GEN.48.3	7
6:3	ISA.44.6	7
6:3	GEN.12.7-GEN.12.8	6
6:3	ISA.42.8	6
6:3	ISA.52.5-ISA.52.6	6
6:3	JHN.8.58	6
6:3	GEN.22.14	5
6:3	GEN.13.18	4
6:3	REV.1.4	4
6:3	GEN.28.3	2
6:4	GEN.28.4	7
6:4	GEN.15.18	6
6:4	GEN.17.7-GEN.17.8	5
6:4	GEN.26.3	4
6:4	ISA.55.3	3
6:4	ACT.7.5	3
6:4	GEN.6.18	2
6:4	GEN.15.13	2
6:4	GEN.17.4	2
6:4	GEN.17.13	2
6:4	GEN.23.4	2
6:4	GEN.28.13	2
6:4	2SA.23.5	2
6:4	PSA.105.12	2
6:5	EXO.2.24	8
6:5	PSA.106.44-PSA.106.45	6
6:5	ISA.63.9	4
6:5	GEN.8.1	2
6:5	GEN.9.15	2
6:5	EXO.3.7	2
6:5	PSA.105.8	2
6:5	LUK.1.54	2
6:5	LUK.1.72	2
6:6	DEU.26.8	13
6:6	1CH.17.21	8
6:6	EXO.7.4	7
6:6	DEU.7.8	7
6:6	NEH.1.10	6
6:6	EXO.3.17	5
6:6	DEU.15.15	5
6:6	PSA.81.6	5
6:6	PSA.136.11-PSA.136.12	5
6:6	EXO.15.13	4
6:6	DEU.4.23	4
6:6	2KI.17.36	4
6:6	EZK.20.7-EZK.20.9	4
6:6	EXO.6.2	3
6:6	EXO.6.8	3
6:6	EXO.6.29	3
6:6	ISA.9.21	3
6:6	ISA.9.12	2
6:6	ISA.9.17	1
6:7	DEU.7.6	9
6:7	DEU.29.13	9
6:7	DEU.4.20	8
6:7	GEN.17.7-GEN.17.8	4
6:7	EXO.29.45-EXO.29.46	4
6:7	DEU.14.2	4
6:7	DEU.26.18	4
6:7	2SA.7.23-2SA.7.24	4
6:7	REV.21.7	4
6:7	EXO.5.4-EXO.5.5	3
6:7	EXO.6.6	3
6:7	EXO.16.12	3
6:7	EXO.19.5-EXO.19.6	3
6:7	PSA.81.6	3
6:7	ISA.41.20	3
6:7	JER.31.33	3
6:7	HOS.1.10	3
6:7	ZEC.13.9	3
6:7	MAT.22.32	3
6:7	ROM.8.31	3
6:7	HEB.11.16	3
6:7	1PE.2.10	3
6:7	REV.21.3	3
6:8	GEN.15.18	5
6:8	GEN.26.3	5
6:8	GEN.14.22	4
6:8	EZK.20.5-EZK.20.6	4
6:8	EZK.20.42	4
6:8	GEN.28.13	3
6:8	GEN.35.12	3
6:8	EXO.32.13	3
6:8	DEU.32.40	3
6:8	EZK.47.14	3
6:8	GEN.22.16-GEN.22.17	2
6:8	EXO.6.2	2
6:8	EXO.6.6	2
6:8	NUM.23.19	2
6:8	1SA.15.29	2
6:8	PSA.136.21-PSA.136.22	2
6:8	EZK.20.15	2
6:8	EZK.20.23	2
6:8	EZK.20.28	2
6:8	EZK.36.7	2
6:9	EXO.5.21	4
6:9	JOB.21.4	3
6:9	EXO.14.12	2
6:9	NUM.21.4	2
6:9	PRO.14.19	2
6:11	EXO.3.10	2
6:11	EXO.5.1	2
6:11	EXO.5.23	2
6:11	EXO.6.29	2
6:11	EXO.7.1	2
6:12	EXO.4.10	7
6:12	EXO.6.30	6
6:12	JER.1.6	6
6:12	JER.6.10	4
6:12	EXO.6.9	3
6:12	LEV.26.41	3
6:12	ACT.7.51	3
6:12	EXO.3.13	2
6:12	EXO.4.29-EXO.4.31	2
6:12	EXO.5.19-EXO.5.21	1
6:12	DEU.30.6	1
6:12	ISA.6.5	1
6:12	JER.9.26	1
6:13	NUM.27.23	3
6:13	DEU.31.14	3
6:13	PSA.91.11	3
6:13	1TI.1.18	3
6:13	1TI.5.21	3
6:13	1TI.6.13	3
6:13	2TI.4.1	3
6:13	NUM.27.19	2
6:13	MAT.4.6	2
6:13	1TI.6.17	2
6:13	2TI.2.4	2
6:14	GEN.46.9	5
6:14	1CH.5.3	4
6:14	NUM.26.5-NUM.26.7	3
6:14	GEN.49.3-GEN.49.4	2
6:14	EXO.6.25	2
6:14	JOS.13.15	2
6:14	JOS.13.23	2
6:14	JOS.14.1	2
6:14	1CH.5.24	2
6:14	1CH.7.2	2
6:14	1CH.7.7	2
6:14	1CH.8.6	2
6:14	JOS.19.51	1
6:15	GEN.46.10	5
6:15	1CH.4.24	5
6:15	NUM.26.12-NUM.26.13	2
6:16	GEN.46.11	5
6:16	NUM.3.17	5
6:16	1CH.6.1	4
6:16	1CH.6.16	4
6:16	NUM.26.57	3
6:16	GEN.35.28	2
6:16	GEN.47.28	2
6:16	GEN.50.26	2
6:16	EXO.6.18	2
6:16	EXO.6.20	2
6:16	1CH.23.6	2
6:17	1CH.6.17	5
6:17	NUM.3.18	4
6:17	1CH.23.7	3
6:17	GEN.46.11	2
6:18	1CH.6.2	5
6:18	1CH.6.18	5
6:18	NUM.3.19	4
6:18	NUM.26.57	3
6:19	NUM.3.20	5
6:19	1CH.6.19	5
6:19	1CH.23.21	5
6:20	EXO.2.1-EXO.2.2	5
6:20	NUM.26.59	5
6:20	EXO.6.16	3
6:20	EXO.6.18	3
6:21	NUM.16.1	4
6:21	1CH.6.37-1CH.6.38	4
6:21	EXO.6.24	2
6:21	NUM.16.32	2
6:21	NUM.26.10-NUM.26.11	2
6:22	LEV.10.4	5
6:22	NUM.3.30	3
6:22	NEH.3.20	2
6:23	RUT.4.19-RUT.4.20	7
6:23	NUM.2.3	6
6:23	NUM.1.7	5
6:23	1CH.2.10	5
6:23	1CH.6.3	5
6:23	MAT.1.4	4
6:23	EXO.24.1	3
6:23	EXO.24.9	3
6:23	LEV.10.1-LEV.10.2	3
6:23	NUM.3.2-NUM.3.4	3
6:23	NUM.20.25	3
6:23	NUM.26.60-NUM.26.61	3
6:23	1CH.24.1-1CH.24.2	3
6:23	LUK.1.5	2
6:24	1CH.6.22-1CH.6.23	3
6:24	EXO.6.21	2
6:24	NUM.16.1	2
6:24	NUM.16.32	2
6:24	NUM.26.9-NUM.26.11	2
6:24	1SA.1.1	2
6:24	1CH.6.27-1CH.6.28	2
6:24	1CH.6.33	2
6:24	1CH.6.37-1CH.6.38	2
6:24	PSA.84.1-PSA.85.1	2
6:25	JOS.24.33	6
6:25	NUM.25.7-NUM.25.13	3
6:25	NUM.31.6	2
6:25	JOS.22.13	2
6:25	JOS.22.31-JOS.22.32	2
6:25	JDG.20.28	2
6:25	PSA.106.30-PSA.106.31	2
6:26	EXO.7.4	6
6:26	EXO.12.17	6
6:26	EXO.12.51	6
6:26	EXO.6.13	5
6:26	NUM.33.1	4
6:26	GEN.2.1	3
6:26	EXO.3.10-EXO.3.11	3
6:26	EXO.6.7	3
6:26	EXO.6.20	3
6:26	EXO.13.18	3
6:26	EXO.20.2	3
6:26	EXO.32.1	3
6:26	EXO.32.7	3
6:26	EXO.32.11	3
6:26	JOS.24.5	3
6:26	1SA.12.6	3
6:26	1SA.12.8	3
6:26	1CH.6.3	3
6:26	PSA.77.20	3
6:26	PSA.99.6	3
6:26	MIC.6.4	3
6:26	ACT.7.35-ACT.7.36	3
6:27	EXO.5.1-EXO.5.3	2
6:27	EXO.6.13	2
6:27	EXO.6.26	2
6:27	EXO.7.10	2
6:27	EXO.32.7	2
6:27	EXO.33.1	2
6:27	PSA.77.20	2
6:27	MIC.6.4	2
6:29	EXO.6.11	5
6:29	EXO.7.2	5
6:29	EXO.6.2	4
6:29	EXO.6.6	3
6:29	EXO.6.8	3
6:29	JER.1.7-JER.1.8	2
6:29	JER.1.17-JER.1.19	2
6:29	JER.23.28	2
6:29	JER.26.2	2
6:29	EZK.2.6-EZK.2.7	2
6:29	EZK.3.11	2
6:29	EZK.3.17	2
6:29	MAT.28.20	2
6:29	ACT.20.27	2
6:30	EXO.6.12	5
6:30	EXO.4.10	4
6:30	1CO.9.16-1CO.9.17	3
7:1	EXO.4.15-EXO.4.16	16
7:1	PSA.82.6	13
7:1	JHN.10.35-JHN.10.36	12
7:1	JER.1.10	8
7:1	1KI.17.23	6
7:1	GEN.19.21	4
7:1	2KI.6.32	4
7:1	EXO.16.29	3
7:1	ECC.1.10	3
7:2	EXO.4.15	4
7:2	EXO.6.29	2
7:2	DEU.4.2	2
7:2	1KI.22.14	2
7:2	JER.1.7	2
7:2	JER.1.17	2
7:2	EZK.3.10	2
7:2	EZK.3.17	2
7:2	MAT.28.20	2
7:2	ACT.20.27	2
7:3	EXO.4.21	7
7:3	EXO.11.9	5
7:3	PSA.78.43-PSA.78.51	3
7:3	PSA.105.27-PSA.105.36	3
7:3	PSA.135.9	3
7:3	JHN.4.48	3
7:3	ACT.2.22	3
7:3	ACT.7.36	3
7:3	ROM.15.19	3
7:3	EXO.4.7	2
7:3	EXO.4.29	2
7:3	EXO.9.16	2
7:3	DEU.4.34	2
7:3	DEU.7.19	2
7:3	NEH.9.10	2
7:3	ISA.51.9	2
7:3	JER.32.20-JER.32.21	2
7:3	MIC.7.15	2
7:4	EXO.6.6	4
7:4	EXO.11.9	4
7:4	EXO.12.51	3
7:4	EXO.3.20	2
7:4	EXO.6.26	2
7:4	EXO.9.3	2
7:4	EXO.10.1	2
7:4	JDG.2.15	2
7:4	PRO.19.29	2
7:4	ISA.26.9	2
7:4	LAM.3.3	2
7:4	EZK.14.21	2
7:4	EZK.25.11	2
7:4	EZK.30.14	2
7:4	EZK.30.19	2
7:4	REV.15.4	2
7:4	REV.16.7	2
7:4	REV.19.2	2
7:5	EXO.14.18	10
7:5	EXO.7.17	7
7:5	EXO.8.22	7
7:5	EXO.14.4	6
7:5	EXO.3.20	5
7:5	EXO.8.10	4
7:5	EZK.25.17	4
7:5	EZK.28.22	4
7:5	EZK.36.23	4
7:5	EZK.39.7	4
7:5	EZK.39.22	4
7:5	EXO.8.19	3
7:5	PSA.9.16	3
7:6	EXO.7.2	5
7:6	GEN.6.22	3
7:6	EXO.7.10	3
7:6	GEN.22.18	2
7:6	EXO.12.28	2
7:6	EXO.39.43	2
7:6	EXO.40.16	2
7:6	PSA.119.4	2
7:6	JHN.15.10	2
7:6	JHN.15.14	2
7:7	DEU.34.7	6
7:7	DEU.31.2	5
7:7	ACT.7.23	5
7:7	ACT.7.30	5
7:7	DEU.29.5	4
7:7	GEN.41.46	2
7:7	EXO.2.23	2
7:7	PSA.90.10	2
7:9	EXO.4.2	5
7:9	ISA.7.11	5
7:9	JHN.2.18	5
7:9	EXO.4.17	4
7:9	JHN.6.30	4
7:9	EXO.10.13	3
7:9	EXO.4.20	2
7:9	EXO.7.10-EXO.7.12	2
7:9	EXO.9.23	2
7:9	PSA.74.12-PSA.74.13	2
7:9	EZK.29.3	2
7:9	MAT.12.39	2
7:9	JHN.10.38	2
7:10	EXO.4.3	3
7:10	AMO.9.3	2
7:10	MRK.16.18	2
7:10	LUK.10.19	2
7:11	EXO.7.22	6
7:11	EXO.8.7	5
7:11	EXO.8.18	5
7:11	2TI.3.8	5
7:11	GEN.41.8	4
7:11	DAN.2.2	4
7:11	2TH.2.9	4
7:11	DAN.5.7	3
7:11	EPH.4.14	3
7:11	GEN.41.38-GEN.41.39	2
7:11	DEU.13.1-DEU.13.3	2
7:11	ISA.19.11-ISA.19.12	2
7:11	ISA.47.12-ISA.47.13	2
7:11	DAN.2.27	2
7:11	DAN.4.7-DAN.4.9	2
7:11	DAN.5.11	2
7:11	MAT.24.24	2
7:11	GAL.3.1	2
7:11	REV.13.11-REV.13.15	2
7:11	REV.19.20	1
7:12	1JN.4.4	5
7:12	EXO.8.18-EXO.8.19	2
7:12	EXO.9.11	2
7:12	ACT.8.9-ACT.8.13	1
7:12	ACT.13.8-ACT.13.11	1
7:12	ACT.19.19-ACT.19.20	1
7:13	EXO.4.21	6
7:13	EXO.8.15	5
7:13	ZEC.7.11-ZEC.7.12	4
7:13	EXO.10.1	3
7:13	EXO.10.20	3
7:13	EXO.10.27	3
7:13	ROM.1.28	3
7:13	ROM.2.5	3
7:13	HEB.3.7-HEB.3.8	3
7:13	HEB.3.13	3
7:13	EXO.7.3-EXO.7.4	2
7:13	EXO.14.17	2
7:13	DEU.2.30	2
7:14	EXO.8.15	3
7:14	EXO.10.1	3
7:14	EXO.10.20	3
7:14	EXO.10.27	3
7:14	EXO.4.23	2
7:14	EXO.8.2	2
7:14	EXO.9.2	2
7:14	EXO.10.4	2
7:14	ISA.1.20	2
7:14	JER.8.5	2
7:14	JER.9.6	2
7:14	ZEC.7.12	2
7:14	HEB.12.25	2
7:15	EXO.8.20	4
7:15	EXO.2.5	3
7:15	EXO.7.10	3
7:15	EXO.4.2-EXO.4.4	2
7:15	EZK.29.3	2
7:16	EXO.3.18	9
7:16	EXO.9.1	6
7:16	EXO.9.13	5
7:16	EXO.3.12	3
7:16	EXO.5.1-EXO.5.3	3
7:16	EXO.8.1	2
7:16	EXO.8.20	2
7:16	EXO.10.3	2
7:16	EXO.13.15	2
7:16	EXO.14.5	2
7:16	1SA.4.6-1SA.4.9	2
7:16	ISA.45.13	2
7:16	JER.50.33	2
7:16	ACT.4.21-ACT.4.23	2
7:17	EXO.4.9	6
7:17	EXO.5.2	5
7:17	EXO.7.5	5
7:17	PSA.9.16	3
7:17	EZK.38.23	3
7:17	EZK.39.28	3
7:17	EXO.1.22	2
7:17	EXO.6.7	2
7:17	1SA.17.46-1SA.17.47	2
7:17	1KI.20.28	2
7:17	2KI.19.19	2
7:17	PSA.78.44	2
7:17	PSA.83.18	2
7:17	PSA.105.29	2
7:17	EZK.29.9	2
7:17	EZK.30.8	2
7:17	EZK.30.19	2
7:17	EZK.32.15	2
7:17	DAN.4.17	2
7:17	DAN.4.32	2
7:17	DAN.4.37	2
7:17	DAN.5.21	2
7:17	DAN.5.23	2
7:17	REV.8.8	2
7:17	REV.11.6	2
7:17	REV.16.3-REV.16.6	2
7:18	EXO.7.24	5
7:18	EXO.7.21	3
7:18	NUM.11.20	2
7:18	NUM.21.5	2
7:19	EXO.14.21	6
7:19	EXO.8.5-EXO.8.6	5
7:19	EXO.8.16	5
7:19	EXO.10.12	5
7:19	EXO.10.21	5
7:19	EXO.14.26	5
7:19	GEN.1.10	2
7:19	EXO.9.22-EXO.9.23	2
7:19	EXO.9.33	2
7:20	PSA.78.44	5
7:20	PSA.105.29	5
7:20	EXO.7.17-EXO.7.18	2
7:20	EXO.17.5-EXO.17.6	2
7:20	EXO.17.9-EXO.17.12	2
7:20	NUM.20.8-NUM.20.12	2
7:20	JHN.2.9-JHN.2.11	2
7:20	REV.8.8	2
7:21	EXO.7.18	3
7:21	REV.8.9	2
7:22	EXO.7.11	5
7:22	EXO.8.7-EXO.8.8	2
7:22	JER.27.18	2
7:22	2TI.3.8	2
7:23	EXO.9.21	2
7:23	DEU.32.46	2
7:23	1SA.4.20	2
7:23	JOB.7.17	2
7:23	PSA.62.10	2
7:23	PRO.22.17	2
7:23	PRO.24.32	2
7:23	PRO.29.1	2
7:23	ISA.26.11	2
7:23	JER.5.3	2
7:23	JER.36.24	2
7:23	EZK.40.4	2
7:23	AMO.4.7-AMO.4.12	2
7:23	HAB.1.5	2
7:23	MAL.2.2	2
7:25	EXO.8.9-EXO.8.10	2
7:25	EXO.10.23	2
7:25	2SA.24.13	2
8:1	EXO.3.18	5
8:1	EXO.3.12	4
8:1	EXO.5.1	3
8:1	JER.1.17-JER.1.19	2
8:1	EXO.4.23	1
8:1	EXO.7.16	1
8:1	JER.15.19-JER.15.21	1
8:1	EZK.2.6-EZK.2.7	1
8:2	EXO.7.14	3
8:2	EXO.9.2	3
8:2	PSA.78.45	3
8:2	PSA.105.30	2
8:2	REV.16.13-REV.16.14	2
8:3	PSA.105.30	3
8:3	EXO.12.34	2
8:4	PSA.107.40	2
8:4	ISA.19.11	2
8:4	ISA.19.22	2
8:4	ISA.23.9	2
8:4	DAN.4.37	2
8:4	ACT.12.22-ACT.12.23	2
8:5	EXO.7.19	5
8:6	PSA.78.45	6
8:6	PSA.105.30	6
8:6	LEV.11.12	2
8:6	REV.16.13	2
8:7	EXO.7.11	5
8:7	EXO.7.22	3
8:7	DEU.13.1-DEU.13.3	2
8:7	MAT.24.24	2
8:7	2TH.2.9-2TH.2.11	2
8:7	2TI.3.8	2
8:7	REV.13.14	2
8:8	EXO.10.17	6
8:8	EXO.8.25-EXO.8.28	5
8:8	EXO.9.28	5
8:8	EXO.12.31-EXO.12.32	4
8:8	NUM.21.7	4
8:8	1KI.13.6	4
8:8	EXO.10.8-EXO.10.11	3
8:8	ACT.8.24	3
8:8	EXO.5.2	2
8:8	EXO.10.24-EXO.10.27	2
8:8	EXO.14.5	2
8:8	1SA.12.19	2
8:8	PSA.66.3	2
8:8	PSA.78.34-PSA.78.36	2
8:8	JER.34.8-JER.34.16	2
8:9	JDG.7.2	2
8:9	1KI.18.25	2
8:9	ISA.10.15	2
8:10	2SA.7.22	6
8:10	1CH.17.20	6
8:10	PSA.86.8	6
8:10	ISA.46.9	6
8:10	EXO.9.14	5
8:10	DEU.33.26	5
8:10	JER.10.6-JER.10.7	4
8:10	EXO.9.29	2
8:10	EXO.15.11	2
8:10	DEU.4.35	2
8:10	DEU.32.31	2
8:10	PSA.9.16	2
8:10	PSA.83.18	2
8:10	PSA.89.6-PSA.89.8	2
8:10	PRO.27.1	2
8:10	ISA.40.25	2
8:10	JAS.4.14	2
8:11	EXO.8.3	2
8:11	EXO.8.9	2
8:12	JAS.5.16-JAS.5.18	6
8:12	EXO.8.8	5
8:12	EXO.8.30	5
8:12	EXO.9.33	5
8:12	EXO.10.18	5
8:12	EXO.32.11	5
8:12	1SA.12.23	5
8:12	EZK.36.37	5
8:13	DEU.34.10-DEU.34.12	4
8:14	EXO.7.21	2
8:14	EXO.8.24	2
8:14	ISA.34.2	2
8:14	EZK.39.11	2
8:14	JOL.2.20	2
8:15	ECC.8.11	6
8:15	ISA.26.10	6
8:15	EXO.7.4	5
8:15	HEB.3.8	5
8:15	HEB.3.15	5
8:15	EXO.4.21	4
8:15	EXO.7.13-EXO.7.14	4
8:15	EXO.14.5	4
8:15	JER.34.7-JER.34.11	4
8:15	ZEC.7.11-ZEC.7.12	4
8:15	PRO.29.1	3
8:15	HOS.6.4	3
8:15	REV.16.9	3
8:16	EXO.8.5	4
8:16	EXO.8.17	3
8:17	PSA.105.31	5
8:17	ISA.23.9	2
8:17	ACT.12.23	2
8:18	EXO.7.11	5
8:18	EXO.9.11	4
8:18	DAN.5.8	3
8:18	GEN.41.8	2
8:18	ISA.19.12	2
8:18	ISA.47.12-ISA.47.13	2
8:18	DAN.2.10-DAN.2.11	2
8:18	DAN.4.7	2
8:18	LUK.10.18	2
8:18	2TI.3.8-2TI.3.9	2
8:19	LUK.11.20	11
8:19	PSA.8.3	6
8:19	EXO.7.5	4
8:19	MAT.12.28	4
8:19	ACT.4.16	2
8:19	EXO.10.7	1
8:19	1SA.6.3	1
8:19	1SA.6.9	1
8:19	DAN.2.10-DAN.2.11	1
8:19	DAN.2.19	1
8:19	JHN.11.47	1
8:20	EXO.7.15	6
8:20	EXO.9.13	3
8:20	EXO.3.18	2
8:20	EXO.8.1	2
8:21	PSA.78.45	2
8:21	PSA.105.31	2
8:21	ISA.7.18	2
8:22	EXO.9.4	10
8:22	MAL.3.18	9
8:22	EXO.10.23	8
8:22	EXO.9.6	6
8:22	EZK.30.19	6
8:22	PSA.110.2	5
8:22	EXO.11.6-EXO.11.7	4
8:22	EXO.12.13	4
8:22	EXO.7.17	3
8:22	EXO.8.10	3
8:22	EXO.9.26	3
8:22	EXO.9.29	3
8:22	PSA.74.12	2
8:24	PSA.78.45	5
8:24	PSA.105.31	5
8:24	EXO.8.21	2
8:25	EXO.8.8	4
8:25	EXO.9.27	4
8:25	EXO.10.16	3
8:25	EXO.12.31	3
8:25	REV.3.9	2
8:26	GEN.43.32	5
8:26	GEN.46.34	5
8:26	EXO.3.18	2
8:26	DEU.7.25-DEU.7.26	2
8:26	DEU.12.30-DEU.12.31	2
8:26	1KI.11.5-1KI.11.7	2
8:26	2KI.23.13	2
8:26	EZR.9.1	2
8:26	ISA.44.19	2
8:26	2CO.6.14-2CO.6.17	2
8:27	EXO.3.18	6
8:27	EXO.3.12	3
8:27	EXO.5.1	2
8:27	EXO.10.26	2
8:27	EXO.34.11	2
8:27	LEV.10.1	2
8:27	MAT.28.20	1
8:28	EXO.8.8	7
8:28	EXO.9.28	5
8:28	1KI.13.6	4
8:28	ACT.8.24	3
8:28	EXO.8.29	2
8:28	EXO.10.17	2
8:28	EZR.6.10	2
8:28	ECC.6.10	1
8:28	HOS.10.2	1
8:29	EXO.8.15	5
8:29	EXO.8.8	3
8:29	JER.42.20-JER.42.21	3
8:29	PSA.66.3	2
8:29	PSA.78.34-PSA.78.37	2
8:29	ACT.5.3-ACT.5.4	2
8:29	GAL.6.7	2
8:30	EXO.8.12	4
8:30	EXO.9.33	2
8:30	JAS.5.16	2
8:32	EXO.8.15	6
8:32	EXO.4.21	5
8:32	ROM.2.5	3
8:32	EXO.7.13-EXO.7.14	2
8:32	EXO.8.8	2
8:32	ISA.63.17	2
8:32	ACT.28.26-ACT.28.27	2
8:32	JAS.1.13-JAS.1.14	2
9:1	EXO.8.1	5
9:1	EXO.10.3	4
9:1	EXO.8.20	3
9:1	EXO.9.13	3
9:1	EXO.3.18	2
9:1	EXO.4.22-EXO.4.23	2
9:1	EXO.5.1	2
9:2	EXO.8.2	3
9:2	EXO.4.23	2
9:2	EXO.10.4	2
9:2	LEV.26.14-LEV.26.16	2
9:2	LEV.26.23-LEV.26.24	2
9:2	LEV.26.27-LEV.26.28	2
9:2	PSA.7.11-PSA.7.12	2
9:2	PSA.68.21	2
9:2	ISA.1.20	2
9:2	ROM.2.8	2
9:2	REV.2.21-REV.2.22	2
9:2	REV.16.9	2
9:3	EXO.7.4	5
9:3	ACT.13.11	3
9:3	EXO.5.3	2
9:3	EXO.8.19	2
9:3	1SA.5.6-1SA.5.11	2
9:3	1SA.6.9	2
9:4	EXO.8.22	6
9:4	EXO.10.23	2
9:4	EXO.12.13	2
9:4	ISA.65.13-ISA.65.14	2
9:4	MAL.3.18	2
9:5	EXO.8.23	3
9:5	EXO.9.18	2
9:5	EXO.10.4	2
9:5	NUM.16.5	2
9:5	JOB.24.1	2
9:5	ECC.3.1-ECC.3.11	2
9:5	JER.28.16-JER.28.17	2
9:5	MAT.27.63-MAT.27.64	2
9:6	PSA.78.48	4
9:6	EXO.9.25	3
9:6	PSA.78.50	3
9:6	EXO.9.19-EXO.9.20	2
9:7	EXO.7.14	5
9:7	EXO.8.32	4
9:7	EXO.9.12	2
9:7	JOB.9.4	2
9:7	PRO.29.1	2
9:7	ISA.48.4	2
9:7	DAN.5.20	2
9:7	ROM.9.18	2
9:8	EXO.8.16	3
9:9	REV.16.2	7
9:9	DEU.28.27	6
9:9	DEU.28.35	4
9:9	JOB.2.7	4
9:9	LEV.13.18-LEV.13.20	3
9:10	DEU.28.27	2
9:11	ISA.47.12-ISA.47.14	3
9:11	2TI.3.8-2TI.3.9	3
9:11	EXO.7.11-EXO.7.12	2
9:11	EXO.8.18-EXO.8.19	2
9:11	REV.16.2	2
9:12	EXO.4.21	6
9:12	EXO.7.13-EXO.7.14	2
9:12	PSA.81.11-PSA.81.12	2
9:12	REV.16.10-REV.16.11	1
9:13	EXO.8.20	5
9:13	EXO.7.15	3
9:13	EXO.9.1	2
9:14	EXO.8.10	5
9:14	LEV.26.18	2
9:14	LEV.26.21	2
9:14	LEV.26.28	2
9:14	DEU.28.15-DEU.28.17	2
9:14	DEU.28.59-DEU.28.61	2
9:14	DEU.29.20-DEU.29.22	2
9:14	DEU.32.39-DEU.32.42	2
9:14	1SA.4.8	2
9:14	2SA.7.22	2
9:14	1KI.8.38	2
9:14	1CH.17.20	2
9:14	PSA.86.8	2
9:14	ISA.46.9	2
9:14	JER.10.6	2
9:14	JER.19.8	2
9:14	MIC.6.13	2
9:14	REV.18.8	2
9:14	REV.22.18	2
9:15	EXO.3.20	4
9:15	EXO.9.3	2
9:15	EXO.9.6	2
9:15	EXO.9.16	2
9:15	EXO.11.4-EXO.11.6	2
9:15	EXO.12.29-EXO.12.30	2
9:15	EXO.14.28	2
9:15	1KI.13.34	2
9:15	PRO.2.22	2
9:16	ROM.9.17	18
9:16	PRO.16.4	15
9:16	PSA.83.17-PSA.83.18	9
9:16	1CH.16.24	7
9:16	PSA.64.9	7
9:16	EXO.14.4	5
9:16	EXO.14.17	5
9:16	EXO.18.11	4
9:16	MAL.1.11	4
9:16	ROM.9.22	4
9:16	PSA.136.10-PSA.136.15	3
9:16	1PE.2.8	3
9:16	JUD.1.4	3
9:16	EXO.15.11-EXO.15.16	2
9:16	JOS.2.10-JOS.2.11	2
9:16	1SA.4.8	2
9:16	ISA.63.12-ISA.63.14	2
9:16	MAL.1.14	2
9:16	1PE.2.19	2
9:17	JOB.9.4	2
9:17	JOB.15.25-JOB.15.26	2
9:17	JOB.40.9	2
9:17	ISA.10.15	2
9:17	ISA.26.11	2
9:17	ISA.37.23-ISA.37.24	2
9:17	ISA.37.29	2
9:17	ISA.45.9	2
9:17	ACT.12.23	2
9:17	1CO.10.22	2
9:18	EXO.9.22-EXO.9.25	2
9:18	1KI.19.2	2
9:18	1KI.20.6	2
9:18	2KI.7.1	2
9:18	PSA.83.15	2
9:18	2KI.7.18	1
9:19	HAB.3.2	2
9:20	PRO.13.13	5
9:20	PRO.22.3	4
9:20	HEB.11.7	3
9:20	JON.3.5-JON.3.6	2
9:20	MRK.13.14-MRK.13.16	2
9:20	PRO.16.16	1
9:20	PRO.22.23	1
9:21	EXO.7.23	2
9:21	1SA.4.20	2
9:21	1CH.22.19	2
9:21	JOB.7.17	2
9:21	JOB.34.14	2
9:21	PRO.24.32	2
9:21	EZK.40.4	2
9:21	DAN.10.12	2
9:22	REV.16.21	5
9:22	EXO.7.19	2
9:22	EXO.8.5	2
9:22	EXO.8.16	2
9:23	JOS.10.11	6
9:23	PSA.18.13	6
9:23	ISA.30.30	5
9:23	EZK.38.22	5
9:23	PSA.78.47-PSA.78.48	4
9:23	PSA.148.8	4
9:23	REV.8.7	4
9:23	PSA.29.3	3
9:23	PSA.77.18	3
9:23	PSA.105.32-PSA.105.33	3
9:23	EXO.19.16	2
9:23	EXO.20.18	2
9:23	1SA.12.17-1SA.12.18	2
9:23	JOB.37.1-JOB.37.5	2
9:23	JOB.38.22-JOB.38.23	2
9:23	REV.16.21	2
9:23	REV.16.18	1
9:24	EXO.9.23	2
9:24	EXO.10.6	2
9:24	MAT.24.21	2
9:25	PSA.78.47	2
9:25	PSA.105.32-PSA.105.33	2
9:26	EXO.11.7	7
9:26	EXO.9.4	6
9:26	EXO.10.23	6
9:26	EXO.9.6	5
9:26	EXO.12.13	5
9:26	EXO.8.22-EXO.8.32	3
9:26	ISA.32.18-ISA.32.19	2
9:27	EXO.10.16	5
9:27	2CH.12.6	5
9:27	PSA.129.4	5
9:27	LAM.1.18	5
9:27	PSA.145.17	4
9:27	NUM.22.34	3
9:27	DAN.9.14	3
9:27	MAT.27.4	3
9:27	ROM.2.5	3
9:27	ROM.3.19	3
9:27	1SA.15.24	2
9:27	1SA.26.21	2
9:27	PSA.9.16	2
9:27	1SA.15.30	1
9:28	EXO.8.8	5
9:28	EXO.10.17	4
9:28	EXO.8.28	3
9:28	EXO.11.1	2
9:28	PSA.29.3-PSA.29.4	2
9:28	ACT.8.24	2
9:29	1KI.8.22	5
9:29	1KI.8.38	5
9:29	PSA.143.6	5
9:29	ISA.1.15	5
9:29	1CO.10.26	5
9:29	DEU.10.14	3
9:29	EXO.9.33	2
9:29	EXO.19.5	2
9:29	2CH.6.12-2CH.6.13	2
9:29	EZR.9.5	2
9:29	JOB.11.13	2
9:29	PSA.24.1-PSA.24.2	2
9:29	PSA.50.12	2
9:29	PSA.95.4-PSA.95.5	2
9:29	PSA.135.6	2
9:29	1CO.10.28	2
9:30	ISA.26.10	6
9:30	PRO.16.6	4
9:30	ISA.63.17	2
9:31	RUT.1.22	4
9:31	RUT.2.23	4
9:31	AMO.4.9	2
9:31	HAB.3.17	2
9:32	EXO.10.22	2
9:33	EXO.9.29	4
9:33	EXO.8.12	3
9:33	EXO.10.18-EXO.10.19	2
9:33	JAS.5.17-JAS.5.18	2
9:34	EXO.7.14	3
9:34	EXO.4.21	2
9:34	EXO.8.15	2
9:34	2CH.28.22	2
9:34	2CH.33.23	2
9:34	2CH.36.13	2
9:34	ECC.8.11	2
9:34	ROM.2.4-ROM.2.5	2
9:35	EXO.4.21	4
10:1	EXO.4.21	4
10:1	EXO.3.20	3
10:1	EXO.7.13-EXO.7.14	3
10:1	ROM.9.17	3
10:1	EXO.7.4	2
10:1	EXO.9.16	2
10:1	EXO.9.27	2
10:1	EXO.9.34-EXO.9.35	2
10:1	EXO.14.17-EXO.14.18	2
10:1	EXO.15.14-EXO.15.15	2
10:1	JOS.2.9-JOS.2.10	2
10:1	JOS.4.23-JOS.4.24	2
10:1	1SA.4.8	2
10:1	PSA.7.11	2
10:2	JOL.1.3	8
10:2	DEU.4.9	7
10:2	DEU.6.20-DEU.6.22	6
10:2	EXO.13.14	5
10:2	EXO.7.17	4
10:2	PSA.44.1	4
10:2	PSA.78.5-PSA.78.6	4
10:2	EPH.6.4	3
10:2	EXO.12.26-EXO.12.27	2
10:2	EXO.13.8-EXO.13.9	2
10:2	PSA.58.11	2
10:2	PSA.71.18	2
10:2	EZK.20.26	2
10:2	EZK.20.28	2
10:3	1PE.5.6	7
10:3	1KI.21.29	6
10:3	JAS.4.10	6
10:3	JER.13.18	3
10:3	ROM.2.4	3
10:3	HEB.12.25	3
10:3	EXO.9.17	2
10:3	EXO.16.28	2
10:3	NUM.14.27	2
10:3	1KI.18.21	2
10:3	2CH.33.12	2
10:3	2CH.33.19	2
10:3	2CH.34.27	2
10:3	JOB.42.6	2
10:3	PRO.1.22	2
10:3	PRO.1.24	2
10:3	PRO.18.12	2
10:3	ISA.1.5	2
10:3	ISA.2.11	2
10:3	JER.13.10	2
10:3	EZK.5.6	2
10:3	2CH.7.14	1
10:4	REV.9.3	4
10:4	JOL.2.25	3
10:4	EXO.8.10	2
10:4	EXO.8.23	2
10:4	EXO.9.5	2
10:4	EXO.9.18	2
10:4	EXO.11.4-EXO.11.5	2
10:4	PRO.30.27	2
10:4	JOL.1.4-JOL.1.7	2
10:4	JOL.2.2-JOL.2.11	2
10:5	EXO.9.32	4
10:5	JOL.1.4	4
10:5	JOL.2.25	3
10:6	EXO.8.3	4
10:6	EXO.8.21	4
10:6	EXO.9.24	2
10:6	EXO.10.11	2
10:6	EXO.10.14-EXO.10.15	2
10:6	EXO.11.6	2
10:6	EXO.11.8	2
10:6	JOL.2.2	2
10:6	HEB.11.27	2
10:7	1SA.18.21	5
10:7	EXO.23.33	4
10:7	JOS.23.13	4
10:7	ECC.7.26	4
10:7	EXO.8.19	2
10:7	PSA.107.34	2
10:7	PRO.29.6	2
10:7	ISA.14.20	2
10:7	ISA.51.9	2
10:7	JER.48.4	2
10:7	JER.51.8	2
10:7	ZEP.1.18	2
10:7	1CO.7.35	2
10:8	EXO.10.24	3
10:8	EXO.8.8	2
10:8	EXO.10.16	2
10:8	EXO.12.31	2
10:9	EXO.5.1	5
10:9	DEU.31.12-DEU.31.13	5
10:9	1CO.5.7-1CO.5.8	5
10:9	EXO.3.18	4
10:9	GEN.50.8	3
10:9	EXO.5.3	3
10:9	EXO.8.25-EXO.8.28	3
10:9	EXO.13.6	3
10:9	NUM.29.12	3
10:9	JOS.24.15	3
10:9	PSA.148.12-PSA.148.13	3
10:9	PRO.3.9	3
10:9	ECC.12.1	3
10:9	EPH.6.4	3
10:10	EXO.12.30-EXO.12.31	3
10:10	EXO.13.21	3
10:10	2CH.32.15	3
10:10	LAM.3.37	2
10:11	EXO.10.28	4
10:11	PSA.119.69	3
10:11	EXO.5.4	2
10:11	PSA.52.3-PSA.52.4	2
10:12	EXO.7.19	4
10:12	EXO.10.4-EXO.10.5	2
10:13	GEN.41.6	2
10:13	EXO.14.21	2
10:13	PSA.78.26	2
10:13	PSA.105.34	2
10:13	PSA.107.25-PSA.107.28	2
10:13	PSA.148.8	2
10:13	JON.1.4	2
10:13	JON.4.8	2
10:13	MAT.8.27	2
10:14	PSA.78.46	5
10:14	EXO.10.5-EXO.10.6	2
10:14	EXO.11.6	2
10:14	DEU.28.42	2
10:14	1KI.8.37	2
10:14	PSA.105.34-PSA.105.35	2
10:14	JOL.1.2-JOL.1.4	2
10:14	JOL.2.1-JOL.2.11	2
10:14	REV.9.3-REV.9.7	2
10:15	EXO.10.5	4
10:15	PSA.78.46	2
10:15	PSA.105.34-PSA.105.35	2
10:15	JOL.1.6-JOL.1.7	2
10:15	JOL.2.1-JOL.2.11	2
10:15	JOL.2.25	2
10:16	EXO.9.27	5
10:16	NUM.21.7	2
10:16	NUM.22.34	2
10:16	1SA.15.24	2
10:16	1SA.15.30	2
10:16	1SA.26.21	2
10:16	2SA.19.20	2
10:16	JOB.34.31-JOB.34.32	2
10:16	PRO.28.13	2
10:16	MAT.27.4	2
10:17	EXO.8.8	6
10:17	EXO.9.28	4
10:17	1KI.13.6	3
10:17	1SA.15.25	2
10:17	2KI.4.40	2
10:17	ISA.26.16	2
10:17	ACT.8.24	2
10:17	ROM.15.30	2
10:17	2CO.1.10	2
10:18	EXO.8.9	2
10:18	EXO.8.28-EXO.8.30	2
10:18	MAT.5.44	2
10:18	LUK.6.28	2
10:19	JOL.2.20	3
10:19	EXO.13.18	2
10:19	EXO.15.4	2
10:19	HEB.11.29	2
10:20	EXO.4.21	5
10:20	EXO.11.10	4
10:20	DEU.2.30	3
10:20	EXO.7.13-EXO.7.14	2
10:20	EXO.9.12	2
10:20	ISA.6.9-ISA.6.10	2
10:20	JHN.12.39-JHN.12.40	2
10:20	ROM.9.18	2
10:20	2TH.2.11-2TH.2.12	2
10:21	LUK.23.44	4
10:21	2PE.2.4	4
10:21	2PE.2.17	4
10:21	JUD.1.6	4
10:21	REV.16.10-REV.16.11	4
10:21	EXO.9.22	3
10:21	DEU.28.29	3
10:21	PSA.105.28	3
10:21	PRO.4.19	3
10:21	ISA.8.21-ISA.8.22	3
10:21	MAT.27.45	3
10:21	MRK.15.33	3
10:21	PSA.78.49	2
10:21	ECC.2.14	2
10:21	ECC.6.4	2
10:21	JUD.1.13	2
10:21	PSA.35.6	1
10:22	PSA.105.28	6
10:22	REV.16.10	5
10:22	EXO.20.21	2
10:22	DEU.4.11	2
10:22	DEU.5.22	2
10:22	JOL.2.2	2
10:22	JOL.2.31	2
10:22	AMO.4.13	2
10:23	EXO.8.22	5
10:23	EXO.9.4	3
10:23	ISA.42.16	3
10:23	1PE.2.9	3
10:23	EXO.9.26	2
10:23	EXO.14.20	2
10:23	JOS.24.7	2
10:23	ISA.60.1-ISA.60.3	2
10:23	ISA.65.13-ISA.65.14	2
10:23	MAL.3.18	2
10:23	COL.1.13	2
10:24	EXO.8.28	3
10:24	EXO.10.8-EXO.10.10	3
10:24	GEN.34.23	2
10:24	EXO.9.28	2
10:25	EXO.29.1-EXO.29.46	3
10:25	LEV.9.22	3
10:25	LEV.16.9	3
10:25	EXO.36.1-EXO.36.38	2
10:26	EXO.12.32	2
10:26	PRO.3.9	2
10:26	ISA.23.18	2
10:26	ISA.60.5-ISA.60.10	2
10:26	HOS.5.6	2
10:26	ZEC.14.20	2
10:26	ACT.2.44-ACT.2.45	2
10:26	2CO.8.5	2
10:26	HEB.11.8	2
10:27	EXO.10.20	5
10:27	EXO.4.21	4
10:27	EXO.14.4	3
10:27	EXO.14.8	3
10:27	EXO.10.1	2
10:27	REV.9.20	2
10:27	REV.16.10-REV.16.11	2
10:28	2CH.16.10	2
10:28	2CH.25.16	2
10:28	AMO.7.13	2
10:29	HEB.11.27	6
10:29	EXO.12.30-EXO.12.31	3
10:29	EXO.11.4-EXO.11.8	2
11:1	GEN.15.14	5
11:1	LEV.26.21	5
11:1	EXO.3.20	4
11:1	EXO.9.14	4
11:1	EXO.12.31-EXO.12.39	3
11:1	DEU.4.34	3
11:1	REV.16.9	3
11:1	1SA.6.4	2
11:1	JOB.10.17	2
11:2	EXO.3.22	6
11:2	EXO.12.35-EXO.12.36	4
11:2	PSA.24.1	3
11:2	PSA.105.37	3
11:2	PRO.13.22	3
11:2	HAG.2.8	3
11:2	MAT.20.15	3
11:2	GEN.31.9	2
11:2	EXO.12.1-EXO.12.2	2
11:2	EXO.32.2-EXO.32.4	2
11:2	EXO.32.24	2
11:2	EXO.35.22	2
11:2	JOB.27.16-JOB.27.17	2
11:2	EZK.16.10-EZK.16.13	2
11:3	EXO.3.21	5
11:3	EXO.12.36	5
11:3	GEN.39.21	4
11:3	PSA.106.46	4
11:3	ISA.60.14	4
11:3	REV.3.9	4
11:3	DEU.34.11	3
11:3	2SA.7.9	3
11:3	EST.9.4	3
11:3	ACT.7.22	3
11:3	GEN.12.2	2
11:4	EXO.12.29	7
11:4	EXO.12.12	5
11:4	JOB.34.20	5
11:4	PSA.60.10	5
11:4	AMO.4.10	5
11:4	EXO.12.23	4
11:4	2SA.5.24	4
11:4	ISA.42.13	4
11:4	AMO.5.17	4
11:4	MIC.2.13	4
11:4	MAT.25.6	4
11:5	PSA.78.51	5
11:5	EXO.4.23	4
11:5	EXO.12.12	4
11:5	EXO.12.29	4
11:5	EXO.13.15	4
11:5	PSA.105.36	4
11:5	PSA.135.8	4
11:5	PSA.136.10	4
11:5	MAT.24.41	4
11:5	HEB.11.28	2
11:5	JDG.16.21	1
11:5	ISA.47.2	1
11:5	LAM.5.13	1
11:6	EXO.12.30	5
11:6	AMO.5.17	3
11:6	EXO.3.7	2
11:6	PRO.21.13	2
11:6	ISA.15.4-ISA.15.5	2
11:6	ISA.15.8	2
11:6	JER.31.15	2
11:6	LAM.3.8	2
11:6	ZEP.1.10	2
11:6	LUK.13.28	2
11:6	REV.6.16-REV.6.17	2
11:6	REV.18.18-REV.18.19	2
11:7	JOS.10.21	13
11:7	EXO.8.22	12
11:7	EXO.10.23	11
11:7	MAL.3.18	11
11:7	EXO.9.4	9
11:7	JOB.5.16	6
11:7	EXO.7.22	3
11:7	1CO.4.7	3
11:8	EXO.12.31-EXO.12.33	5
11:8	EZK.3.14	3
11:8	DAN.3.19	3
11:8	NUM.12.3	2
11:8	DEU.29.24	2
11:8	DEU.32.24	2
11:8	JDG.4.10	2
11:8	JDG.8.5	2
11:8	1KI.20.10	2
11:8	2KI.3.9	2
11:8	PSA.6.1	2
11:8	ISA.49.23	2
11:8	ISA.49.26	2
11:8	MRK.3.5	2
11:8	REV.3.9	2
11:9	EXO.7.3-EXO.7.4	5
11:9	EXO.3.19	4
11:9	EXO.10.1	4
11:9	ROM.9.16-ROM.9.18	3
11:10	EXO.4.21	5
11:10	EXO.10.20	4
11:10	EXO.10.27	4
11:10	EXO.7.13-EXO.7.14	2
11:10	DEU.2.30	2
11:10	1SA.6.6	2
11:10	JOB.9.4	2
11:10	ROM.2.4-ROM.2.5	2
11:10	ROM.9.22	2
12:2	EXO.13.4	12
12:2	DEU.16.1	10
12:2	EXO.34.18	8
12:2	EXO.23.15	6
12:2	LEV.23.5	5
12:2	NUM.28.16	5
12:2	EST.3.7	3
12:3	LEV.1.2	3
12:3	LEV.5.6	3
12:3	JHN.1.29	3
12:3	1CO.5.7	3
12:3	GEN.4.4	2
12:3	GEN.22.8	2
12:3	EXO.4.30	2
12:3	EXO.6.6	2
12:3	EXO.12.6	2
12:3	NUM.15.11	2
12:3	2CH.35.7	2
12:3	JHN.1.36	2
12:3	JHN.12.12	2
12:3	EXO.14.15	1
12:3	EXO.20.19	1
12:3	NUM.1.1-NUM.1.54	1
12:3	JOS.7.14	1
12:3	1SA.7.9	1
12:3	REV.5.6-REV.5.13	1
12:3	REV.7.9-REV.7.14	1
12:3	REV.13.8	1
12:3	JHN.12.1	0
12:5	HEB.9.13-HEB.9.14	10
12:5	MAL.1.14	9
12:5	1PE.1.18-1PE.1.19	9
12:5	MAL.1.7-MAL.1.8	7
12:5	DEU.17.1	6
12:5	LEV.22.18-LEV.22.24	5
12:5	LEV.23.12	5
12:5	HEB.7.26	5
12:5	LEV.1.3	4
12:5	LEV.1.10	4
12:6	LEV.23.5	9
12:6	NUM.28.16	7
12:6	2CH.30.15-2CH.30.18	7
12:6	EXO.12.18	5
12:6	NUM.9.1-NUM.9.3	5
12:6	NUM.9.11	5
12:6	EXO.16.12	4
12:6	DEU.16.1-DEU.16.6	4
12:6	EZK.45.21	4
12:6	ACT.4.27	4
12:6	NUM.28.18	3
12:6	MAT.27.20	3
12:6	MAT.27.25	3
12:6	MAT.27.46-MAT.27.50	3
12:6	MRK.15.1	3
12:6	MRK.15.8	3
12:6	MRK.15.11	3
12:6	MRK.15.25	3
12:6	MRK.15.33-MRK.15.34	3
12:6	LUK.23.1	3
12:6	LUK.23.18	3
12:6	ISA.53.6	2
12:6	ACT.2.23	2
12:6	ACT.3.14	2
12:7	EXO.12.22-EXO.12.23	8
12:7	HEB.11.28	8
12:7	HEB.9.22	6
12:7	EPH.1.7	5
12:7	HEB.10.14	3
12:7	1PE.1.2	3
12:7	HEB.10.29	2
12:7	HEB.9.13-HEB.9.14	1
12:8	EXO.34.25	8
12:8	DEU.16.7	6
12:8	DEU.16.3-DEU.16.4	4
12:8	EXO.1.14	3
12:8	EXO.13.3	3
12:8	EXO.13.7	3
12:8	EXO.23.18	3
12:8	NUM.9.11-NUM.9.12	3
12:8	ISA.53.10	3
12:8	JHN.6.52-JHN.6.57	3
12:8	1CO.5.6-1CO.5.8	3
12:8	PSA.22.14	2
12:8	AMO.4.5	2
12:8	ZEC.12.10	2
12:8	MAT.16.12	2
12:8	MAT.26.26	2
12:8	GAL.5.9	2
12:8	1TH.1.6	2
12:9	EXO.12.8	4
12:9	DEU.16.7	3
12:9	LAM.1.13	2
12:10	EXO.23.18	6
12:10	EXO.34.25	5
12:10	EXO.29.34	3
12:10	LEV.22.30	3
12:10	LEV.7.15-LEV.7.17	2
12:10	DEU.16.4-DEU.16.5	2
12:11	EXO.12.27	9
12:11	EPH.6.15	9
12:11	1CO.5.7	8
12:11	1PE.1.13	8
12:11	EXO.12.21	5
12:11	EXO.12.43	5
12:11	LEV.23.5	5
12:11	NUM.28.16	5
12:11	DEU.16.2-DEU.16.6	5
12:11	MAT.26.19-MAT.26.20	5
12:11	LUK.12.35	5
12:11	EXO.12.13	4
12:11	LUK.7.38	3
12:11	LUK.15.22	3
12:12	NUM.33.4	15
12:12	PSA.82.6	8
12:12	EXO.12.23	7
12:12	PSA.82.1	6
12:12	ISA.19.1	6
12:12	JER.43.13	6
12:12	ZEP.2.11	6
12:12	EXO.6.2	5
12:12	EZK.12.16	5
12:12	JHN.10.34-JHN.10.35	5
12:12	1CH.14.12	4
12:12	ISA.43.11-ISA.43.15	4
12:12	AMO.5.17	4
12:12	EXO.11.4-EXO.11.6	3
12:12	EXO.12.29-EXO.12.30	3
12:12	EXO.22.28	3
12:12	1SA.5.3	3
12:12	EXO.21.6	2
12:12	1SA.6.5	2
12:13	HEB.11.28	37
12:13	EXO.12.23	21
12:13	1JN.1.7	18
12:13	GEN.17.11	10
12:13	JOS.2.12	10
12:13	1TH.1.10	8
12:14	2KI.23.21	11
12:14	EXO.12.17	9
12:14	EXO.12.24	9
12:14	EXO.13.9-EXO.13.10	9
12:14	1CO.5.7-1CO.5.8	7
12:14	LEV.23.4-LEV.23.5	5
12:14	EXO.12.43	4
12:14	EXO.5.1	3
12:14	DEU.16.1	3
12:14	DEU.16.11	3
12:14	PSA.111.4	3
12:14	PSA.135.13	3
12:14	MAT.26.13	3
12:14	NUM.10.8	2
12:14	NUM.16.40	2
12:14	NUM.18.8	2
12:14	JOS.4.7	2
12:14	1SA.30.25	2
12:14	NEH.8.9-NEH.8.12	2
12:14	EZK.46.14	2
12:14	ZEC.6.14	2
12:14	LUK.22.19	2
12:14	1CO.11.23-1CO.11.26	2
12:15	GEN.17.14	6
12:15	DEU.16.3	6
12:15	EXO.23.15	5
12:15	EXO.34.18	5
12:15	NUM.9.13	4
12:15	NUM.28.17	4
12:15	DEU.16.8	4
12:15	EXO.12.8	3
12:15	EXO.12.19-EXO.12.20	3
12:15	EXO.34.25	3
12:15	1CO.5.7-1CO.5.8	3
12:15	EXO.13.6-EXO.13.10	2
12:15	EXO.31.14	2
12:15	LEV.17.10	2
12:15	LEV.17.14	2
12:15	LEV.23.5-LEV.23.8	2
12:15	DEU.16.5	2
12:15	MAL.2.12	2
12:15	MAT.16.12	2
12:15	LUK.12.1	2
12:15	ACT.12.3	2
12:15	GAL.5.12	2
12:16	LEV.23.7-LEV.23.8	6
12:16	NUM.28.18	6
12:16	EXO.16.23	5
12:16	NUM.28.25	5
12:16	EXO.16.5	3
12:16	EXO.16.29	3
12:16	EXO.20.10	3
12:16	EXO.35.2-EXO.35.3	3
12:16	LEV.23.2-LEV.23.3	3
12:16	LEV.23.21	3
12:16	LEV.23.27	3
12:16	LEV.23.35	3
12:16	NUM.29.1	3
12:16	NUM.29.12	3
12:16	JER.17.21-JER.17.22	3
12:16	LEV.23.24-LEV.23.25	2
12:17	EXO.7.5	2
12:17	EXO.12.41	2
12:17	EXO.13.3	2
12:17	EXO.13.8	2
12:17	NUM.20.16	1
12:18	EXO.12.15	5
12:18	LEV.23.5-LEV.23.8	5
12:18	EXO.12.1-EXO.12.2	3
12:18	NUM.28.16-NUM.28.25	3
12:19	EXO.12.15	7
12:19	EXO.23.15	6
12:19	DEU.16.3	6
12:19	EXO.12.48	4
12:19	EXO.34.18	4
12:19	NUM.9.13	4
12:19	EXO.12.43	3
12:19	1CO.5.7-1CO.5.8	3
12:21	EXO.12.3	6
12:21	JOS.5.10	4
12:21	2KI.23.21	4
12:21	EZR.6.20	4
12:21	MRK.14.12-MRK.14.16	4
12:21	NUM.9.2-NUM.9.5	3
12:21	EXO.3.16	2
12:21	EXO.12.11	2
12:21	EXO.17.5	2
12:21	EXO.19.7	2
12:21	NUM.11.16	2
12:21	2CH.30.15-2CH.30.17	2
12:21	2CH.35.5-2CH.35.6	2
12:21	LUK.22.7-LUK.22.13	2
12:21	MAT.26.17-MAT.26.19	1
12:21	1CO.10.4	1
12:22	HEB.11.28	5
12:22	EXO.12.7	4
12:22	NUM.19.18	4
12:22	PSA.51.7	4
12:22	HEB.9.1	3
12:22	HEB.9.14	3
12:22	HEB.9.19	3
12:22	LEV.14.6-LEV.14.7	2
12:22	MAT.26.30	1
12:22	HEB.12.24	1
12:22	1PE.1.2	1
12:23	REV.7.3	12
12:23	REV.9.4	11
12:23	HEB.11.28	9
12:23	EXO.12.12-EXO.12.13	8
12:23	1CO.10.10	8
12:23	EZK.9.6	7
12:23	2SA.24.16	6
12:23	ISA.37.36	6
12:23	EZK.9.4	4
12:23	HEB.12.24	4
12:24	GEN.17.8-GEN.17.10	2
12:24	EXO.12.14	2
12:25	EXO.3.8	4
12:25	EXO.3.17	4
12:25	DEU.4.5	3
12:25	DEU.12.8-DEU.12.9	3
12:25	PSA.105.44-PSA.105.45	3
12:25	DEU.16.5-DEU.16.9	2
12:25	JOS.5.10-JOS.5.12	2
12:26	EXO.13.14-EXO.13.15	5
12:26	DEU.32.7	4
12:26	PSA.145.4	3
12:26	JOS.4.6-JOS.4.7	2
12:26	JOS.4.21-JOS.4.24	2
12:26	PSA.78.3-PSA.78.6	2
12:26	ISA.38.19	2
12:26	EPH.6.4	2
12:26	EXO.10.2	1
12:26	EXO.13.8-EXO.13.9	1
12:26	EXO.13.22	1
12:26	DEU.6.7	1
12:26	DEU.11.19	1
12:27	EXO.4.31	6
12:27	EXO.12.11	5
12:27	EXO.12.23	3
12:27	1CO.5.7	3
12:27	EXO.34.8	2
12:27	EXO.34.25	2
12:27	DEU.16.2	2
12:27	DEU.16.5	2
12:27	1CH.29.20	2
12:27	2CH.20.18	2
12:27	2CH.29.30	2
12:27	NEH.8.6	2
12:28	HEB.11.28	2
12:29	PSA.78.51	10
12:29	EXO.4.23	9
12:29	PSA.105.36	7
12:29	PSA.135.8	7
12:29	EXO.11.4-EXO.11.5	6
12:29	PSA.136.10	6
12:29	EXO.12.12	5
12:29	NUM.8.17	5
12:29	EXO.13.15	4
12:29	NUM.33.4	4
12:29	HEB.11.28	4
12:29	EXO.9.6	3
12:29	NUM.3.13	3
12:29	JOB.34.20	3
12:29	ISA.51.14	3
12:29	JER.38.6	3
12:29	JER.38.13	3
12:29	ZEC.9.11	3
12:29	1TH.5.2-1TH.5.3	3
12:29	HEB.12.23	3
12:29	ISA.24.22	1
12:30	EXO.11.6	5
12:30	AMO.5.17	3
12:30	PRO.21.13	2
12:30	MAT.25.6	2
12:30	JAS.2.13	2
12:31	EXO.6.1	4
12:31	EXO.3.19-EXO.3.20	3
12:31	EXO.8.8	3
12:31	EXO.10.9	3
12:31	PSA.105.38	3
12:31	EXO.10.29-EXO.11.1	2
12:31	EXO.11.8	2
12:32	EXO.10.26	5
12:32	GEN.27.34	3
12:32	GEN.27.38	2
12:32	EXO.8.28	2
12:32	EXO.9.28	2
12:32	EXO.10.9	2
12:33	PSA.105.38	7
12:33	EXO.11.1	6
12:33	GEN.20.3	2
12:33	NUM.17.12-NUM.17.13	1
12:34	EXO.8.3	2
12:35	EXO.3.21-EXO.3.22	10
12:35	EXO.11.2-EXO.11.3	9
12:35	GEN.15.14	8
12:35	PSA.105.37	8
12:36	GEN.15.14	9
12:36	ACT.7.10	8
12:36	EXO.3.21-EXO.3.22	7
12:36	EXO.11.3	7
12:36	PSA.105.37	7
12:36	GEN.39.21	6
12:36	DAN.1.9	6
12:36	PRO.16.7	5
12:36	ACT.2.47	5
12:37	EXO.38.26	6
12:37	NUM.1.46	6
12:37	NUM.11.21	5
12:37	NUM.33.3	5
12:37	NUM.33.5	5
12:37	GEN.47.11	4
12:37	EXO.1.11	3
12:37	GEN.12.2	2
12:37	GEN.15.5	2
12:37	GEN.46.3	2
12:37	NUM.2.32	2
12:37	NUM.26.51	2
12:38	NUM.11.4	10
12:38	ZEC.8.23	3
12:39	EXO.6.1	4
12:39	EXO.11.1	4
12:39	EXO.12.31-EXO.12.33	2
12:40	GEN.15.13	7
12:40	ACT.7.6	5
12:40	ACT.13.17	3
12:40	GEN.12.1-GEN.12.3	2
12:40	GAL.3.16-GAL.3.17	2
12:40	HEB.11.9	2
12:41	EXO.7.4	3
12:41	HAB.2.3	3
12:41	JHN.7.8	3
12:41	ACT.1.7	3
12:41	EXO.3.10	2
12:41	EXO.12.17	2
12:41	EXO.12.51	2
12:41	JOS.5.14	2
12:41	PSA.102.13	2
12:41	DAN.9.24	2
12:42	EXO.12.14	5
12:42	DEU.16.1-DEU.16.6	5
12:42	EXO.13.10	4
12:43	EXO.12.48	6
12:43	NUM.9.14	5
12:43	EXO.12.11	3
12:43	LEV.22.10	2
12:43	EPH.2.12	2
12:44	GEN.17.12-GEN.17.13	6
12:44	GEN.17.23	3
12:45	LEV.22.10	6
12:45	EPH.2.12	2
12:46	JHN.19.36	9
12:46	NUM.9.12	8
12:46	JHN.19.33	4
12:46	EPH.2.19-EPH.2.22	3
12:46	PSA.34.20	2
12:46	1CO.12.12	2
12:47	EXO.12.6	4
12:47	NUM.9.13	3
12:47	EXO.12.3	2
12:48	NUM.9.14	7
12:48	COL.3.11	5
12:48	NUM.15.15-NUM.15.16	4
12:48	GAL.3.28	4
12:48	EXO.12.19	3
12:48	EXO.12.43	3
12:48	EZK.47.22	3
12:48	GEN.17.12	2
12:48	EZK.44.9	2
12:49	NUM.15.15-NUM.15.16	7
12:49	NUM.15.29	5
12:49	LEV.24.22	4
12:49	NUM.9.14	4
12:49	GAL.3.28	1
12:49	COL.3.11	0
12:50	EXO.6.26	2
12:50	EXO.7.4	2
12:50	EXO.12.41	2
12:50	DEU.4.1-DEU.4.2	2
12:50	DEU.12.32	2
12:50	MAT.7.24-MAT.7.25	2
12:50	MAT.28.20	2
12:50	JHN.2.5	2
12:50	JHN.13.17	2
12:50	JHN.15.14	2
12:50	REV.22.15	2
12:51	EXO.12.41	4
12:51	EXO.6.26	2
13:2	LUK.2.23	24
13:2	NUM.3.13	18
13:2	DEU.15.19	14
13:2	EXO.22.29-EXO.22.30	13
13:2	NUM.8.16-NUM.8.17	12
13:2	NUM.18.15	10
13:2	EXO.13.12-EXO.13.15	9
13:2	EXO.34.19-EXO.34.20	9
13:2	LEV.27.26	8
13:2	EXO.4.22	7
13:2	EXO.23.19	4
13:2	HEB.12.23	4
13:3	DEU.24.18	31
13:3	DEU.5.15	26
13:3	EXO.20.2	23
13:3	DEU.5.6	21
13:3	DEU.16.12	21
13:3	DEU.15.15	20
13:3	DEU.6.12	18
13:3	EXO.13.14	16
13:3	DEU.8.14	16
13:3	DEU.16.3	16
13:3	DEU.13.10	13
13:3	JOS.24.17	13
13:3	EXO.12.42	10
13:3	DEU.24.22	10
13:3	DEU.13.5	8
13:3	DEU.4.34	7
13:3	EXO.23.15	6
13:3	EXO.3.20	4
13:3	EXO.6.1	4
13:3	EXO.12.8	4
13:3	EXO.12.19	4
13:3	EXO.20.8	4
13:3	EXO.12.15	3
13:3	DEU.11.2-DEU.11.3	2
13:3	PSA.105.5	2
13:3	EPH.1.19	1
13:3	1CH.16.12	0
13:3	NEH.9.10	0
13:3	MAT.10.12	0
13:3	LUK.22.19	0
13:3	1CO.5.8	0
13:3	1CO.11.24	0
13:4	EXO.34.18	7
13:4	EXO.23.15	6
13:4	EXO.12.2	5
13:4	DEU.16.1-DEU.16.3	4
13:5	EXO.3.8	8
13:5	JOS.24.11	6
13:5	EXO.6.8	5
13:5	EXO.12.25-EXO.12.26	5
13:5	EXO.3.17	4
13:5	EXO.34.11	4
13:5	GEN.15.18-GEN.15.21	3
13:5	DEU.26.1	3
13:5	GEN.17.7-GEN.17.8	2
13:5	GEN.22.16-GEN.22.18	2
13:5	GEN.26.3	2
13:5	GEN.50.24	2
13:5	EXO.33.1	2
13:5	NUM.14.16	2
13:5	NUM.14.30	2
13:5	NUM.32.11	2
13:5	DEU.7.1	2
13:5	DEU.12.29	2
13:5	DEU.19.1	2
13:6	EXO.12.15-EXO.12.20	4
13:6	EXO.34.18	2
13:6	LEV.23.8	2
13:7	EXO.12.19	5
13:7	MAT.16.6	1
13:8	EXO.13.14	4
13:8	EXO.12.26-EXO.12.27	3
13:8	PSA.44.1	3
13:8	EXO.10.2	2
13:8	PSA.78.3-PSA.78.8	2
13:8	ISA.38.19	2
13:8	DEU.4.9-DEU.4.10	1
13:8	EPH.6.4	1
13:9	DEU.6.8	9
13:9	DEU.11.18-DEU.11.19	8
13:9	EXO.13.16	7
13:9	NUM.15.39	7
13:9	EXO.12.14	5
13:9	PRO.6.20-PRO.6.23	4
13:9	ISA.59.21	4
13:9	MAT.23.5	4
13:9	ROM.10.8	4
13:9	EXO.13.3	3
13:9	DEU.30.14	3
13:9	JOS.1.8-JOS.1.9	3
13:9	EXO.6.1-EXO.6.30	2
13:9	DEU.6.6	2
13:9	NEH.1.10	2
13:9	PSA.89.13	2
13:9	PRO.1.9	2
13:9	PRO.3.21	2
13:9	ISA.27.1	2
13:9	ISA.40.10	2
13:9	ISA.49.16	2
13:9	ISA.51.9	2
13:9	JER.22.24	2
13:9	JOL.2.11	2
13:9	REV.18.8	2
13:9	PRO.7.23	1
13:9	SNG.8.6	1
13:10	EXO.12.14	3
13:10	EXO.12.24-EXO.12.25	2
13:10	EXO.23.15	2
13:10	LEV.23.6	2
13:10	DEU.16.3-DEU.16.4	2
13:11	EXO.13.5	4
13:12	NUM.18.15	7
13:12	EXO.34.19	6
13:12	LEV.27.26	6
13:12	EZK.44.30	5
13:12	EXO.13.2	4
13:12	EXO.22.29	4
13:12	DEU.15.19	4
13:12	NUM.3.12	3
13:12	NUM.8.17	3
13:12	LUK.2.23	2
13:13	EXO.34.20	6
13:13	NUM.18.15-NUM.18.17	3
13:13	EXO.12.3	2
13:13	EXO.12.21	2
13:13	NUM.3.46-NUM.3.51	2
13:13	REV.14.4	2
13:14	EXO.13.3	5
13:14	JOS.4.6	5
13:14	PSA.145.4	4
13:14	EXO.12.26-EXO.12.27	3
13:14	EXO.13.9	3
13:14	DEU.6.20-DEU.6.24	3
13:14	GEN.30.33	2
13:14	EXO.10.2	2
13:14	JOS.4.21-JOS.4.24	2
13:14	JOS.22.24	2
13:15	EXO.12.29	7
13:16	EXO.13.9	8
13:16	DEU.11.18	4
13:16	EXO.13.14	3
13:16	DEU.6.7-DEU.6.9	3
13:16	EXO.12.13	2
13:16	DEU.26.8	2
13:16	MAT.23.5	2
13:17	EXO.14.11-EXO.14.12	9
13:17	NUM.14.1-NUM.14.4	8
13:17	NEH.9.17	8
13:17	LUK.14.27-LUK.14.32	6
13:17	DEU.20.8	4
13:17	1KI.8.47	4
13:17	ACT.7.39	4
13:17	EXO.16.2-EXO.16.3	3
13:17	DEU.17.16	3
13:17	ACT.15.38	3
13:17	JDG.7.3	2
13:18	EXO.14.2	4
13:18	NUM.33.6-NUM.33.8	3
13:18	DEU.32.10	3
13:18	EXO.12.51	2
13:18	JOS.1.14	2
13:18	PSA.107.7	1
13:19	GEN.50.24-GEN.50.25	9
13:19	JOS.24.32	7
13:19	ACT.7.16	6
13:19	GEN.48.21	5
13:19	EXO.4.31	2
13:19	LUK.1.58	2
13:19	LUK.7.16	2
13:20	NUM.33.5-NUM.33.6	3
13:20	EXO.12.37	2
13:21	1CO.10.1-1CO.10.2	20
13:21	NEH.9.12	19
13:21	DEU.1.33	15
13:21	PSA.99.7	15
13:21	NEH.9.19	14
13:21	PSA.105.39	14
13:21	EXO.33.9-EXO.33.10	13
13:21	NUM.14.14	13
13:21	PSA.78.14	13
13:21	NUM.9.15-NUM.9.23	11
13:21	EXO.40.34-EXO.40.38	10
13:21	NUM.10.34	10
13:21	EXO.14.19-EXO.14.24	9
13:21	ISA.4.5-ISA.4.6	9
13:22	PSA.121.5-PSA.121.8	2
13:22	REV.10.1	2
14:2	NUM.33.7-NUM.33.8	7
14:2	JER.44.1	7
14:2	EXO.13.17-EXO.13.18	4
14:2	EXO.14.9	3
14:2	JER.46.14	3
14:2	EZK.29.10	2
14:3	ACT.4.28	4
14:3	PSA.139.4	3
14:3	EZK.38.17	3
14:3	EXO.7.3-EXO.7.4	2
14:3	DEU.31.21	2
14:3	1SA.23.7	2
14:3	1SA.23.23	2
14:3	PSA.3.2	2
14:3	PSA.71.11	2
14:3	PSA.139.2	2
14:3	JER.20.10-JER.20.11	2
14:3	EZK.38.10-EZK.38.11	2
14:3	JDG.16.2	1
14:4	ROM.9.22-ROM.9.23	6
14:4	EXO.7.5	4
14:4	ROM.9.17	4
14:4	EXO.7.3	3
14:4	EXO.9.16	3
14:4	EXO.4.21-EXO.4.31	2
14:4	EXO.7.17	2
14:4	EZK.28.22	2
14:4	EXO.7.13-EXO.7.14	1
14:4	EXO.14.8	1
14:4	EXO.14.17-EXO.14.18	1
14:4	EXO.15.10-EXO.15.11	1
14:4	EXO.15.14-EXO.15.16	1
14:4	EXO.18.11	1
14:4	NEH.9.10	1
14:4	ISA.2.11-ISA.2.12	1
14:4	EZK.20.9	1
14:4	EZK.39.13	1
14:4	DAN.4.30-DAN.4.37	1
14:4	ROM.11.8	1
14:4	REV.19.1-REV.19.6	1
14:5	PSA.105.25	5
14:5	EXO.12.33	2
14:5	JER.34.10-JER.34.17	2
14:5	LUK.11.24-LUK.11.26	2
14:5	2PE.2.20-2PE.2.22	1
14:7	EXO.15.4	5
14:7	PSA.20.7	5
14:7	EXO.14.23	4
14:7	JDG.4.3	4
14:7	JDG.4.15	4
14:7	PSA.68.17	4
14:7	ISA.37.24	4
14:7	JOS.17.16-JOS.17.18	3
14:8	NUM.33.3	6
14:8	ACT.13.17	6
14:8	EXO.6.1	5
14:8	EXO.13.16	5
14:8	EXO.14.4	5
14:8	DEU.26.8	5
14:8	EXO.13.9	4
14:8	EXO.13.18	4
14:8	DEU.32.27	4
14:8	PSA.86.13	4
14:9	EXO.15.9	5
14:9	JOS.24.6	4
14:9	EXO.14.2	2
14:10	PSA.107.6	8
14:10	JOS.24.7	7
14:10	NEH.9.9	7
14:10	PSA.34.17	7
14:10	ISA.51.12-ISA.51.13	6
14:10	MAT.8.25-MAT.8.26	6
14:10	2CH.18.31	3
14:10	PSA.53.5	3
14:10	PSA.106.44	3
14:10	MAT.14.30-MAT.14.31	3
14:10	PSA.107.13	2
14:10	PSA.107.19	2
14:10	PSA.107.28	2
14:10	ISA.7.2	2
14:10	ISA.8.12-ISA.8.13	2
14:10	ISA.26.16	2
14:10	JER.22.23	2
14:10	1JN.4.18	2
14:11	NUM.14.1-NUM.14.4	5
14:11	PSA.106.7-PSA.106.8	5
14:11	EXO.15.23-EXO.15.24	3
14:11	EXO.16.2-EXO.16.3	3
14:11	EXO.17.2-EXO.17.3	3
14:11	NUM.11.1	2
14:11	NUM.11.15	2
14:11	EXO.5.22	0
14:11	NUM.16.41	0
14:12	JON.4.3	6
14:12	EXO.6.9	5
14:12	JON.4.8	5
14:12	EXO.3.9	4
14:12	EXO.5.21	4
14:12	HOS.4.17	3
14:12	MRK.1.24	3
14:12	MRK.5.7	3
14:12	MRK.5.17-MRK.5.18	3
14:13	2CH.20.17	82
14:13	2CH.20.15	46
14:13	EXO.14.30	43
14:13	ISA.41.10-ISA.41.14	43
14:13	2KI.6.16	36
14:13	LAM.3.26	30
14:13	ISA.35.4	29
14:13	PSA.27.1-PSA.27.2	26
14:13	HOS.13.4	23
14:13	NUM.14.9	17
14:13	HAB.3.13	17
14:13	DEU.20.3	16
14:13	ISA.43.11	16
14:13	GEN.15.1	15
14:13	GEN.49.18	15
14:13	NEH.9.9	14
14:13	PSA.3.8	13
14:13	JER.3.23	13
14:13	PSA.46.1-PSA.46.3	11
14:13	ISA.26.3	10
14:13	MAT.28.5	10
14:13	EXO.15.1-EXO.15.27	8
14:13	1CH.11.14	7
14:13	ISA.30.15	7
14:13	HOS.13.9	7
14:13	HAB.3.8	6
14:14	DEU.3.22	182
14:14	DEU.20.4	133
14:14	DEU.1.30	114
14:14	2CH.20.17	114
14:14	JOS.23.3	104
14:14	ISA.30.15	70
14:14	JOS.23.10	69
14:14	EXO.15.3	62
14:14	2CH.20.29	59
14:14	PSA.50.3	57
14:14	EXO.14.25	48
14:14	NEH.4.20	45
14:14	ISA.31.4-ISA.31.5	41
14:14	JOS.10.42	40
14:14	JOS.10.14	39
14:14	PSA.83.1	39
14:14	JOS.10.10	32
14:14	JDG.5.20	30
14:15	JOS.7.10	22
14:15	EZR.10.4-EZR.10.5	18
14:15	EXO.17.4	7
14:15	NEH.9.9	6
14:16	EXO.7.19	6
14:16	EXO.4.2	4
14:16	EXO.4.17	4
14:16	EXO.4.20	4
14:16	EXO.7.9	3
14:16	EXO.14.26	3
14:16	ISA.10.26	3
14:16	EXO.14.21-EXO.14.22	2
14:16	NUM.20.8-NUM.20.9	2
14:16	NUM.20.11	2
14:17	EXO.14.8	7
14:17	EXO.14.4	6
14:17	DEU.32.39	4
14:17	EZK.34.11	4
14:17	EZK.34.20	4
14:17	EXO.7.13-EXO.7.14	3
14:17	ISA.48.15	3
14:17	ISA.51.12	3
14:17	EZK.5.8	3
14:17	EZK.6.3	3
14:17	GEN.6.17	2
14:17	GEN.9.9	2
14:17	EXO.4.23	2
14:17	EXO.7.3	2
14:17	LEV.26.28	2
14:17	JER.23.39	2
14:17	HOS.5.14	2
14:18	EXO.7.5	3
14:18	EXO.7.17	2
14:18	EXO.14.4	2
14:19	ISA.63.9	8
14:19	EXO.32.34	7
14:19	EXO.23.20-EXO.23.21	5
14:19	NUM.20.16	5
14:19	EXO.13.21-EXO.13.22	4
14:19	EXO.14.24	3
14:20	ISA.8.14	4
14:20	2CO.2.15-2CO.2.16	4
14:20	PRO.4.18-PRO.4.19	3
14:20	PSA.18.11	1
14:21	ISA.63.12	15
14:21	EXO.15.8	11
14:21	PSA.66.6	11
14:21	NEH.9.11	9
14:21	JOS.4.23	8
14:21	PSA.74.13	8
14:21	PSA.78.13	8
14:21	ISA.51.10	8
14:21	EXO.14.16	7
14:21	PSA.136.13	6
14:21	JOB.26.12	5
14:21	PSA.106.7-PSA.106.10	5
14:21	PSA.114.3-PSA.114.5	5
14:21	ISA.51.15	5
14:21	JOS.3.13-JOS.3.16	4
14:22	HEB.11.29	11
14:22	EXO.15.19	9
14:22	PSA.66.6	9
14:22	EXO.14.29	8
14:22	PSA.78.13	8
14:22	EXO.15.8	4
14:22	NEH.9.11	4
14:22	ISA.63.13	4
14:22	1CO.10.1	4
14:22	NUM.33.8	3
14:22	HAB.3.8-HAB.3.10	1
14:22	ZEC.2.5	1
14:23	EXO.14.17	3
14:23	EXO.15.19	3
14:23	EXO.15.9	2
14:23	1KI.22.20	2
14:23	ECC.9.3	2
14:23	ISA.14.24-ISA.14.27	2
14:24	EXO.13.21	5
14:24	EXO.14.25	4
14:24	PSA.77.16-PSA.77.19	4
14:24	EXO.14.19-EXO.14.20	3
14:24	JOB.23.15-JOB.23.16	3
14:24	JOB.34.20	3
14:24	JOB.34.29	3
14:24	JOB.40.12	3
14:24	PSA.18.13-PSA.18.14	3
14:24	PSA.48.5	3
14:24	1SA.11.11	2
14:24	JOB.22.13	2
14:24	PSA.104.32	2
14:25	EXO.14.14	9
14:25	DEU.3.22	6
14:25	1SA.4.7-1SA.4.8	6
14:25	JOB.20.24	6
14:25	JER.51.21	6
14:25	AMO.5.19	5
14:25	AMO.9.1	5
14:25	JOB.11.20	3
14:25	JOB.27.22	3
14:25	PSA.46.9	3
14:25	PSA.68.12	3
14:25	PSA.76.6	3
14:25	JDG.4.15	2
14:25	AMO.1.14	2
14:26	EXO.14.16	6
14:26	EXO.8.5	3
14:26	EXO.1.22	2
14:26	EXO.7.19	2
14:26	JDG.1.6-JDG.1.7	2
14:26	MAT.7.2	2
14:26	MAT.8.27	2
14:26	JAS.2.13	2
14:26	REV.16.6	2
14:27	JOS.4.18	6
14:27	PSA.78.53	4
14:27	DEU.11.4	3
14:27	HEB.11.29	3
14:27	EXO.14.21-EXO.14.22	1
14:27	EXO.15.1-EXO.15.21	1
14:27	JDG.5.20-JDG.5.21	1
14:28	PSA.78.53	8
14:28	PSA.106.9-PSA.106.11	7
14:28	PSA.136.15	4
14:28	HAB.3.8-HAB.3.10	4
14:28	HAB.3.13	4
14:28	HEB.11.29	3
14:28	EXO.14.13	2
14:28	EXO.15.10	2
14:28	DEU.11.4	2
14:28	2CH.20.24	2
14:28	NEH.9.11	2
14:29	EXO.14.22	6
14:29	JOS.3.16	2
14:29	JOB.38.8-JOB.38.11	2
14:29	PSA.77.19-PSA.77.20	2
14:29	PSA.78.52-PSA.78.53	2
14:29	ISA.43.2	2
14:29	ISA.51.10	2
14:29	ISA.51.13	2
14:29	ISA.63.12-ISA.63.13	2
14:29	PSA.66.6-PSA.66.7	1
14:30	PSA.106.8	7
14:30	PSA.106.10	7
14:30	PSA.58.10	4
14:30	PSA.92.9-PSA.92.11	4
14:30	JUD.1.5	4
14:30	EXO.14.13	3
14:30	1SA.14.23	3
14:30	PSA.59.10	3
14:30	2CH.32.22	2
14:30	PSA.91.8	2
14:30	ISA.63.9	2
14:31	JHN.2.11	11
14:31	JHN.11.45	7
14:31	PSA.106.12-PSA.106.13	5
14:31	JHN.2.23-JHN.2.25	5
14:31	JHN.8.30-JHN.8.32	5
14:31	EXO.4.31	4
14:31	EXO.19.9	4
14:31	1SA.12.18	4
14:31	2CH.20.20	4
14:31	PSA.119.120	4
14:31	LUK.8.13	4
14:31	ACT.8.13	3
15:1	REV.15.3	22
15:1	EXO.15.21	14
15:1	PSA.106.12	14
15:1	ISA.12.1-ISA.12.6	8
15:1	ISA.51.10-ISA.51.11	6
15:1	PSA.107.8	5
15:1	EXO.18.11	4
15:1	PSA.107.21-PSA.107.22	4
15:1	JDG.5.1-JDG.5.31	3
15:1	2SA.22.1-2SA.22.51	3
15:1	PSA.107.15	2
15:1	COL.2.15	2
15:1	EXO.14.17-EXO.14.18	1
15:1	EXO.14.27	1
15:2	ISA.12.2	32
15:2	PSA.118.14	28
15:2	PSA.18.46	18
15:2	PSA.59.17	14
15:2	ISA.25.1	13
15:2	PSA.18.1-PSA.18.2	8
15:2	PSA.140.7	8
15:2	PSA.99.9	7
15:2	PSA.145.1	7
15:2	ISA.45.17	7
15:2	PSA.30.1	6
15:2	PHP.4.13	6
15:2	EXO.3.15-EXO.3.16	5
15:2	PSA.99.5	5
15:2	PSA.118.28	5
15:2	2CO.5.19	5
15:2	PHP.2.11	5
15:2	REV.5.9-REV.5.14	5
15:2	EXO.3.6	4
15:2	EXO.40.34	4
15:2	PSA.27.1	4
15:2	PSA.34.3	4
15:2	EPH.2.22	4
15:2	REV.15.3	4
15:2	GEN.28.21-GEN.28.22	3
15:2	EXO.4.22	3
15:2	EXO.14.13	3
15:2	DEU.10.21	3
15:2	2SA.22.47	3
15:2	1KI.8.27	3
15:2	PSA.22.3	3
15:2	PSA.22.10	3
15:2	HAB.3.17-HAB.3.19	3
15:2	LUK.1.77	3
15:2	JHN.5.23	3
15:2	ACT.4.12	3
15:2	PSA.109.1	2
15:2	ISA.49.6	2
15:2	JER.31.33	2
15:2	GEN.17.7	1
15:2	2SA.7.5	1
15:2	2SA.22.51	1
15:2	1KI.8.13	1
15:2	PSA.28.8	1
15:2	PSA.62.6-PSA.62.7	1
15:2	PSA.68.20	1
15:2	PSA.132.5	1
15:2	ISA.66.1	1
15:2	JER.3.23	1
15:2	JER.32.38	1
15:2	ZEC.13.9	1
15:2	LUK.2.30	1
15:2	JHN.4.22	1
15:2	REV.19.1	1
15:3	PSA.24.8	25
15:3	EXO.14.14	24
15:3	REV.19.11-REV.19.21	17
15:3	ISA.42.8	14
15:3	EXO.6.6-EXO.6.8	12
15:3	PSA.83.18	12
15:3	PSA.45.3	11
15:3	EXO.3.15	10
15:3	EXO.3.13	6
15:3	EXO.6.2-EXO.6.3	5
15:4	EXO.14.13-EXO.14.28	3
15:4	EXO.14.6-EXO.14.7	2
15:5	NEH.9.11	6
15:5	EXO.14.28	4
15:5	EXO.15.10	4
15:5	JER.51.63-JER.51.64	3
15:5	EZK.27.34	2
15:5	JON.2.2	1
15:5	MIC.7.19	1
15:5	MAT.18.6	1
15:5	REV.18.21	1
15:6	PSA.118.15-PSA.118.16	9
15:6	ISA.51.9	8
15:6	1CH.29.11-1CH.29.12	7
15:6	PSA.2.9	7
15:6	PSA.60.5	6
15:6	MAT.6.13	6
15:6	REV.2.27	6
15:6	ISA.52.10	5
15:6	EXO.15.11	4
15:6	PSA.17.7	4
15:6	PSA.44.3	4
15:6	PSA.74.11	4
15:6	PSA.77.10	4
15:6	PSA.89.8-PSA.89.13	4
15:6	PSA.98.1	4
15:6	JER.13.14	4
15:6	ISA.30.14	3
15:7	ISA.5.24	4
15:7	MAL.4.1	4
15:7	ISA.47.14	3
15:7	DEU.33.26	2
15:7	PSA.83.13	2
15:7	PSA.148.13	2
15:7	ISA.5.16	2
15:7	ISA.37.29	2
15:7	EXO.9.16	1
15:7	PSA.59.13	1
15:7	PSA.68.33	1
15:7	PSA.78.49-PSA.78.50	1
15:7	ISA.37.17	1
15:7	ISA.37.23	1
15:7	ISA.37.36	1
15:7	ISA.37.38	1
15:7	JER.10.6	1
15:7	MIC.4.11	1
15:7	NAM.1.9-NAM.1.12	1
15:7	ZEC.2.8	1
15:7	ZEC.14.3	1
15:7	ZEC.14.8	1
15:7	MAT.3.12	1
15:7	ACT.9.4	1
15:8	JOB.4.9	7
15:8	PSA.78.13	5
15:8	EXO.14.21-EXO.14.22	4
15:8	2SA.22.16	3
15:8	ISA.11.4	3
15:8	ISA.37.7	3
15:8	HAB.3.10	3
15:8	2TH.2.8	3
15:9	JDG.5.30	6
15:9	EXO.14.5	5
15:9	ISA.53.12	4
15:9	LUK.11.22	4
15:9	GEN.49.27	3
15:9	ISA.36.20	3
15:9	HAB.3.14	3
15:9	EXO.14.8-EXO.14.9	2
15:9	1KI.19.2	2
15:9	1KI.20.10	2
15:9	ISA.10.8-ISA.10.13	2
15:10	EXO.14.21	3
15:10	EXO.14.27-EXO.14.28	3
15:10	EXO.15.5	3
15:10	DEU.11.4	3
15:10	ISA.11.15	3
15:10	MAT.8.27	3
15:10	GEN.8.1	2
15:10	PSA.74.13-PSA.74.14	2
15:10	PSA.135.7	2
15:10	PSA.147.18	2
15:10	JER.10.13	2
15:10	AMO.4.13	2
15:11	1KI.8.23	91
15:11	PSA.89.5-PSA.89.8	73
15:11	1SA.2.2	68
15:11	2SA.7.22	60
15:11	REV.4.8	57
15:11	ISA.6.3	49
15:11	JER.10.6-JER.10.7	49
15:11	DEU.3.24	47
15:11	PSA.86.8	44
15:11	PSA.77.14	41
15:11	DEU.33.26	33
15:11	ISA.40.25	32
15:11	REV.15.4	32
15:11	EXO.8.10	30
15:11	PSA.77.19	30
15:11	ISA.40.18	30
15:11	PSA.35.10	29
15:11	ISA.64.2-ISA.64.3	29
15:11	PSA.66.5	26
15:11	PSA.145.17	25
15:11	ISA.57.15	25
15:11	1PE.1.15-1PE.1.16	25
15:11	JER.49.19	24
15:11	REV.19.1-REV.19.6	24
15:11	JER.10.16	23
15:11	PSA.90.11	21
15:11	PSA.119.120	21
15:11	HEB.12.28-HEB.12.29	21
15:11	LUK.12.5	20
15:11	LEV.19.2	19
15:11	ISA.30.11	17
15:11	PSA.89.18	16
15:12	EXO.15.6	6
15:13	PSA.77.20	12
15:13	1PE.1.5	7
15:13	PSA.77.14-PSA.77.15	5
15:13	PSA.78.52-PSA.78.54	5
15:13	PSA.106.9	5
15:13	ISA.63.12-ISA.63.13	4
15:13	JER.2.6	4
15:13	GEN.19.16	3
15:13	PSA.80.1	3
15:13	EPH.2.4	3
15:13	NEH.9.12	2
15:14	DEU.2.25	6
15:14	JOS.2.9-JOS.2.10	5
15:14	PSA.48.6	4
15:14	NUM.14.14	3
15:14	JOS.9.24	3
15:14	ISA.14.31	3
15:14	NUM.22.5	2
15:14	DEU.2.4-DEU.2.5	2
15:14	ISA.14.29	2
15:15	JOS.5.1	5
15:15	JOS.2.9	4
15:15	JOS.2.11	4
15:15	GEN.36.40	3
15:15	DEU.2.4	3
15:15	PSA.68.2	3
15:15	NUM.20.14-NUM.20.21	2
15:15	NUM.22.3-NUM.22.5	2
15:15	DEU.20.8	2
15:15	JOS.2.24	2
15:15	JOS.14.8	2
15:15	1SA.14.16	2
15:15	2SA.17.10	2
15:15	1CH.1.51-1CH.1.54	2
15:15	ISA.13.7	2
15:15	ISA.19.1	2
15:15	EZK.21.7	2
15:15	NAM.2.10	2
15:15	HAB.3.7	2
15:15	GEN.36.15	1
15:16	PSA.74.2	6
15:16	DEU.2.25	5
15:16	JOS.2.9	4
15:16	1SA.25.37	4
15:16	EXO.11.7	3
15:16	DEU.11.25	3
15:16	ISA.43.1-ISA.43.3	3
15:16	ISA.51.10	3
15:16	JER.31.11	3
15:16	TIT.2.14	3
15:16	1PE.2.9	3
15:16	2PE.2.1	3
15:16	EXO.19.5-EXO.19.6	2
15:16	EXO.23.27	2
15:16	DEU.32.6	2
15:16	DEU.32.9	2
15:16	1SA.2.9	2
15:16	2SA.7.23	2
15:16	ACT.20.28	2
15:17	PSA.44.2	6
15:17	PSA.80.8	6
15:17	PSA.78.54-PSA.78.55	5
15:17	JER.32.41	4
15:17	PSA.78.68-PSA.78.69	3
15:17	PSA.132.13-PSA.132.14	2
15:17	ISA.5.1-ISA.5.4	2
15:17	JER.2.21	2
15:17	JER.31.23	2
15:18	PSA.10.16	6
15:18	PSA.29.10	6
15:18	PSA.146.10	4
15:18	ISA.57.15	4
15:18	DAN.2.44	4
15:18	REV.11.15-REV.11.17	3
15:18	DAN.4.3	2
15:18	DAN.7.14	2
15:18	DAN.7.27	2
15:18	MAT.6.13	1
15:19	EXO.14.28-EXO.14.29	6
15:19	HEB.11.29	4
15:19	EXO.14.22-EXO.14.23	3
15:19	PRO.21.31	2
15:20	PSA.150.4	13
15:20	1SA.18.6	10
15:20	PSA.68.25	9
15:20	PSA.149.3	9
15:20	JDG.11.34	8
15:20	NUM.26.59	7
15:20	JDG.4.4	7
15:20	PSA.81.2	7
15:20	MIC.6.4	7
15:20	EXO.2.4	6
15:20	2KI.22.14	6
15:20	PSA.30.11	6
15:20	PSA.68.11	6
15:20	LUK.2.36	6
15:20	NUM.20.1	5
15:20	JDG.21.21	5
15:20	1SA.10.5	5
15:20	2SA.6.14	5
15:20	ACT.21.9	5
15:20	2SA.6.5	4
15:20	2SA.6.16	4
15:20	1CO.11.5	4
15:20	NUM.12.1	3
15:20	1CO.14.34	3
15:21	EXO.15.1	9
15:21	REV.7.10-REV.7.12	5
15:21	REV.15.3	5
15:21	REV.5.9	4
15:21	REV.19.1-REV.19.6	3
15:21	JDG.5.3	2
15:21	1SA.18.7	2
15:21	2CH.5.13	2
15:21	PSA.24.7-PSA.24.10	2
15:21	PSA.134.1-PSA.134.3	2
15:21	ISA.5.1-ISA.5.30	2
15:21	REV.14.3	1
15:22	GEN.16.7	6
15:22	GEN.25.18	4
15:22	EXO.3.18	4
15:22	1SA.15.7	4
15:23	NUM.33.8	8
15:23	RUT.1.20	8
15:24	EXO.16.2	10
15:24	EXO.14.11	6
15:24	NUM.20.2-NUM.20.5	6
15:24	NUM.14.1-NUM.14.4	4
15:24	PSA.78.19-PSA.78.20	4
15:24	EXO.17.3-EXO.17.4	3
15:24	NUM.11.1-NUM.11.6	3
15:24	EXO.16.8-EXO.16.9	2
15:24	NUM.16.11	2
15:24	NUM.16.41	2
15:24	NUM.17.10	2
15:24	NUM.21.5	2
15:24	MAT.6.25	2
15:24	1CO.10.10	2
15:24	PHP.2.14	2
15:24	JUD.1.16	2
15:25	DEU.8.2	14
15:25	PSA.66.10	11
15:25	JDG.3.1	9
15:25	JDG.2.22	8
15:25	JDG.3.4	8
15:25	EXO.16.4	7
15:25	DEU.8.16	7
15:25	2KI.2.21	7
15:25	1PE.1.6-1PE.1.7	5
15:25	PSA.50.15	4
15:25	PSA.91.15	4
15:25	1CO.1.18	4
15:25	EXO.14.10	3
15:25	JOS.24.21-JOS.24.25	3
15:25	2KI.4.41	3
15:25	PRO.17.3	3
15:25	JER.9.7	3
15:25	EXO.17.4	2
15:25	DEU.13.3	2
15:25	PSA.81.7	2
15:25	PSA.99.6	2
15:25	JER.15.1	1
15:26	PSA.103.3	109
15:26	DEU.7.15	72
15:26	EXO.23.25	58
15:26	PSA.41.3-PSA.41.4	54
15:26	PSA.147.3	52
15:26	JER.33.6	46
15:26	HOS.6.1	38
15:26	DEU.28.1-DEU.28.15	35
15:26	LEV.26.13	32
15:26	JOB.5.18	30
15:26	JAS.5.11-JAS.5.16	30
15:26	DEU.12.28	23
15:26	DEU.28.60	23
15:26	ISA.57.18	23
15:26	DEU.7.12-DEU.7.13	21
15:26	DEU.13.18	21
15:26	DEU.28.27	21
15:26	1KI.11.33	21
15:26	2KI.20.5	21
15:26	EZK.18.5	20
15:26	JER.8.22	18
15:26	2KI.22.2	16
15:26	LEV.26.3	15
15:26	1KI.11.38	15
15:26	DEU.28.58	14
15:26	EXO.12.29	11
15:26	EXO.9.10-EXO.9.11	10
15:27	REV.22.2	41
15:27	REV.7.17	36
15:27	NUM.33.9	8
15:27	ISA.12.3	7
15:27	EZK.47.12	5
16:1	NUM.33.10-NUM.33.12	5
16:1	EXO.15.27	2
16:1	EXO.17.1	2
16:1	EZK.30.15-EZK.30.16	0
16:2	EXO.15.24	6
16:2	1CO.10.10	6
16:2	PSA.106.7	4
16:2	PSA.106.25	4
16:2	EXO.14.11	3
16:2	PSA.106.13	3
16:2	GEN.19.4	1
16:3	NUM.11.4-NUM.11.5	9
16:3	EXO.17.3	6
16:3	NUM.20.3-NUM.20.5	6
16:3	DEU.28.67	5
16:3	LAM.4.9	5
16:3	NUM.14.2	4
16:3	JER.2.6	4
16:3	EXO.2.23	3
16:3	JOS.7.7	3
16:3	1CO.4.8	3
16:3	EXO.5.21	2
16:3	NUM.11.15	2
16:3	NUM.16.13	2
16:3	NUM.16.41	2
16:3	DEU.8.3	2
16:3	2SA.18.33	2
16:3	JOB.3.1	2
16:3	JOB.3.10	2
16:3	JOB.3.20	2
16:3	JER.20.14-JER.20.18	2
16:3	JON.4.8-JON.4.9	2
16:3	ACT.26.29	2
16:3	2CO.11.1	2
16:4	1CO.10.3	5
16:4	DEU.8.2	4
16:4	PSA.78.24-PSA.78.25	4
16:4	PSA.105.40	4
16:4	EXO.15.25	3
16:4	DEU.8.16	3
16:4	NEH.9.15	3
16:4	JHN.6.31-JHN.6.32	3
16:4	MAT.6.11	2
16:4	JOS.24.15	1
16:4	NEH.11.23	1
16:4	PRO.30.8	1
16:4	LUK.11.3	1
16:4	MAT.6.32-MAT.6.33	0
16:5	EXO.16.22-EXO.16.23	5
16:5	LEV.25.21-LEV.25.22	4
16:5	EXO.35.2-EXO.35.3	3
16:6	EXO.6.7	5
16:6	EXO.16.12-EXO.16.13	4
16:6	NUM.16.28	4
16:6	NUM.16.30	4
16:6	EXO.12.51	2
16:6	EXO.16.3	2
16:6	EXO.16.8	2
16:6	EXO.32.1	2
16:6	EXO.32.7	2
16:6	EXO.32.11	2
16:6	PSA.77.20	2
16:6	ISA.63.11-ISA.63.12	2
16:7	ISA.40.5	8
16:7	NUM.16.11	7
16:7	JHN.11.40	7
16:7	EXO.16.10	6
16:7	ISA.35.2	6
16:7	JHN.11.4	6
16:7	EXO.40.34	5
16:7	NUM.14.10	4
16:7	NUM.16.42	4
16:7	EXO.24.10	3
16:7	EXO.24.16	3
16:7	NUM.14.27	3
16:7	EXO.16.2-EXO.16.3	2
16:7	EXO.16.8	2
16:7	EXO.16.12	2
16:7	LEV.9.6	2
16:8	ROM.13.2	8
16:8	1SA.8.7	6
16:8	LUK.10.16	5
16:8	NUM.14.27	4
16:8	1TH.4.8	4
16:8	NUM.21.7	3
16:8	EXO.16.9	2
16:8	EXO.16.12	2
16:8	ISA.32.6	2
16:8	ISA.37.29	2
16:8	MAT.9.4	2
16:8	MAT.10.40	2
16:8	JHN.6.41-JHN.6.43	2
16:8	JHN.13.20	2
16:8	1CO.10.10	2
16:9	NUM.16.16	5
16:9	EXO.16.2	2
16:9	EXO.16.8	2
16:10	EXO.16.7	6
16:10	NUM.16.19	5
16:10	NUM.16.42	4
16:10	EXO.13.21-EXO.13.22	3
16:10	LEV.9.6	3
16:10	1KI.8.10-1KI.8.11	3
16:10	EXO.40.34-EXO.40.38	2
16:10	NUM.14.10	2
16:10	MAT.17.5	2
16:12	JOL.3.17	4
16:12	EXO.6.7	3
16:12	EXO.16.7-EXO.16.8	3
16:12	EZK.39.22	3
16:12	EXO.4.5	2
16:12	EXO.7.17	2
16:12	JER.31.24	2
16:12	EZK.34.30	2
16:12	ZEC.13.9	2
16:13	NUM.11.9	7
16:13	PSA.78.27-PSA.78.28	6
16:13	PSA.105.40	6
16:13	NUM.11.31-NUM.11.33	4
16:14	NUM.11.7-NUM.11.9	4
16:14	DEU.8.3	4
16:14	NEH.9.15	4
16:14	PSA.78.24	4
16:14	PSA.105.40	4
16:14	EXO.16.31	2
16:14	PSA.147.16	2
16:15	EXO.16.4	11
16:15	JHN.6.31-JHN.6.32	8
16:15	JHN.6.58	8
16:15	EXO.16.31	7
16:15	DEU.8.3	6
16:15	1CO.10.3	6
16:15	JOS.5.12	5
16:15	NEH.9.15	5
16:15	NEH.9.20	5
16:15	JHN.6.49	5
16:15	EXO.16.33	3
16:15	NUM.21.5	3
16:15	DEU.8.16	3
16:15	LUK.12.30	2
16:15	HEB.9.4	2
16:15	REV.2.17	2
16:15	PRO.9.5	0
16:16	EXO.16.36	6
16:16	EXO.16.18	3
16:16	EXO.16.32-EXO.16.33	2
16:18	2CO.8.14-2CO.8.15	11
16:19	EXO.12.10	5
16:19	EXO.23.18	5
16:19	MAT.6.34	4
16:19	EXO.16.23	2
16:20	NUM.16.15	3
16:20	MAT.6.19	3
16:20	MRK.3.5	3
16:20	MRK.10.14	3
16:20	LUK.12.15	3
16:20	LUK.12.33	3
16:20	EPH.4.26	3
16:20	HEB.13.5	3
16:20	JAS.5.2-JAS.5.3	3
16:20	NUM.12.3	2
16:21	PRO.6.6-PRO.6.11	2
16:21	ECC.9.10	2
16:21	ECC.12.1	2
16:21	MAT.6.33	2
16:21	JHN.12.35	2
16:21	2CO.6.2	2
16:22	EXO.16.5	5
16:22	EXO.16.16	2
16:22	EXO.34.31	2
16:22	LEV.25.12	2
16:22	LEV.25.22	2
16:23	LEV.23.3	8
16:23	EXO.20.8-EXO.20.11	7
16:23	EXO.31.15	7
16:23	GEN.2.2-GEN.2.3	4
16:23	EXO.35.2-EXO.35.3	4
16:23	EXO.23.12	3
16:23	MRK.2.27-MRK.2.28	3
16:23	LUK.23.56	3
16:23	NUM.11.8	2
16:23	REV.1.10	2
16:24	EXO.16.20	5
16:24	EXO.16.33	2
16:25	EXO.16.23	4
16:25	EXO.16.29	3
16:25	NEH.9.14	3
16:26	EXO.20.9-EXO.20.11	4
16:26	DEU.5.13	3
16:26	EZK.46.1	3
16:26	LUK.13.14	2
16:27	PRO.20.4	2
16:28	PSA.78.10	6
16:28	2KI.17.14	4
16:28	PSA.106.13	4
16:28	NUM.14.11	3
16:28	PSA.78.22	3
16:28	EZK.20.13	3
16:28	EXO.10.3	2
16:28	NUM.20.12	2
16:28	PSA.81.13-PSA.81.14	2
16:28	ISA.7.9	2
16:28	ISA.7.13	2
16:28	JER.4.14	2
16:28	JER.9.6	2
16:28	EZK.5.6	2
16:28	EZK.20.16	2
16:28	MRK.9.19	2
16:29	EXO.31.13	5
16:29	ISA.58.13-ISA.58.14	5
16:29	EZK.20.12	4
16:29	LUK.23.56	3
16:29	NEH.9.14	2
16:30	LEV.23.3	2
16:30	DEU.5.12-DEU.5.14	2
16:30	HEB.4.9	2
16:31	NUM.11.6-NUM.11.9	4
16:31	EXO.16.15	3
16:31	SNG.2.3	3
16:32	PSA.105.5	4
16:32	PSA.111.4-PSA.111.5	3
16:32	LUK.22.19	3
16:32	PSA.103.1-PSA.103.2	2
16:32	HEB.2.1	2
16:33	HEB.9.4	6
16:34	EXO.25.16	6
16:34	EXO.25.21	6
16:34	EXO.27.21	6
16:34	EXO.40.20	5
16:34	NUM.17.10	5
16:34	EXO.30.6	3
16:34	EXO.30.36	3
16:34	EXO.31.18	3
16:34	DEU.10.5	3
16:34	EXO.38.21	2
16:34	NUM.1.50	2
16:34	NUM.1.53	2
16:34	1KI.8.9	2
16:35	JOS.5.12	7
16:35	NEH.9.20-NEH.9.21	7
16:35	DEU.8.2-DEU.8.3	5
16:35	JHN.6.30-JHN.6.58	5
16:35	NUM.33.38	3
16:35	DEU.1.8	3
16:35	PSA.78.24-PSA.78.25	3
16:35	NUM.33.48-NUM.33.50	2
16:35	DEU.34.1-DEU.34.4	2
16:35	NEH.9.15	2
16:36	EXO.16.16	3
16:36	EXO.16.32-EXO.16.33	2
17:1	EXO.16.1	3
17:1	EXO.19.2	3
17:1	EXO.17.8	2
17:1	NUM.33.12-NUM.33.14	2
17:2	PSA.78.18	7
17:2	DEU.6.16	6
17:2	PSA.78.41	6
17:2	1CO.10.9	6
17:2	ISA.7.12	5
17:2	HEB.3.9	5
17:2	NUM.20.2-NUM.20.5	4
17:2	NUM.21.5	4
17:2	PSA.95.9	4
17:2	MAT.4.7	4
17:2	ACT.15.10	4
17:2	EXO.14.11-EXO.14.12	3
17:2	EXO.17.7	3
17:2	NUM.14.22	3
17:2	PSA.78.56	3
17:2	PSA.106.14	3
17:2	MAL.3.15	3
17:2	LUK.4.12	3
17:2	ACT.5.9	3
17:2	EXO.15.24	2
17:2	EXO.16.2-EXO.16.3	2
17:2	LUK.15.12	2
17:2	GEN.30.1-GEN.30.2	1
17:2	EXO.5.21	1
17:2	NUM.11.4-NUM.11.6	1
17:2	NUM.14.2	1
17:2	1SA.8.6	1
17:2	MAT.16.1-MAT.16.3	1
17:3	EXO.16.2-EXO.16.3	6
17:3	EXO.15.24	3
17:4	1SA.30.6	7
17:4	NUM.14.10	5
17:4	JHN.8.59	3
17:4	JHN.10.31	3
17:4	ACT.14.19	3
17:4	EXO.15.25	2
17:4	NUM.16.19	2
17:4	ACT.7.50	2
17:4	EXO.14.15	1
17:4	NUM.11.11	1
17:5	EXO.7.19-EXO.7.20	6
17:5	NUM.20.8-NUM.20.11	5
17:5	EZK.2.6	3
17:5	ACT.20.23-ACT.20.24	2
17:6	1CO.10.4	24
17:6	NUM.20.9-NUM.20.11	19
17:6	NEH.9.15	19
17:6	PSA.105.41	16
17:6	DEU.8.15	15
17:6	PSA.78.15-PSA.78.16	14
17:6	JHN.4.10	14
17:6	PSA.78.20	12
17:6	PSA.114.8	12
17:6	ISA.41.17-ISA.41.18	11
17:6	PSA.46.4	10
17:6	ISA.43.19-ISA.43.20	10
17:6	ISA.48.21	10
17:6	JHN.4.14	10
17:6	JHN.7.37-JHN.7.38	10
17:6	REV.22.17	10
17:6	EXO.3.1-EXO.3.5	9
17:6	EXO.16.10	6
17:7	PSA.81.7	8
17:7	NUM.20.13	6
17:7	PSA.95.8	6
17:7	DEU.9.22	5
17:7	EXO.17.2	3
17:7	HEB.3.8-HEB.3.9	3
17:7	NUM.20.24	2
17:7	ACT.7.37-ACT.7.39	2
17:7	EXO.34.9	1
17:7	DEU.31.17	1
17:7	JOS.22.31	1
17:7	ISA.12.6	1
17:7	MIC.3.11	1
17:7	JHN.1.14	1
17:8	GEN.36.12	6
17:8	DEU.25.17-DEU.25.19	6
17:8	NUM.24.20	5
17:8	1SA.15.2	5
17:8	1SA.30.1	5
17:8	GEN.36.16	3
17:8	PSA.83.7	3
17:9	EXO.4.20	6
17:9	EXO.24.13	6
17:9	DEU.32.44	6
17:9	EXO.4.2	5
17:9	HEB.4.8	4
17:9	EXO.17.13	3
17:9	NUM.11.28	3
17:9	NUM.31.3-NUM.31.4	3
17:9	ACT.7.45	3
17:9	NUM.13.16	2
17:10	EXO.24.14	5
17:10	EXO.17.12	2
17:10	EXO.31.2	2
17:10	JOS.11.15	2
17:10	MAT.28.20	1
17:10	JHN.2.5	1
17:10	JHN.15.14	1
17:11	1TI.2.8	19
17:11	JAS.5.16	13
17:11	PSA.56.9	10
17:11	LUK.18.1	10
17:12	ISA.35.3	17
17:12	PHP.1.19	13
17:12	HEB.12.12	10
17:12	MRK.14.37-MRK.14.40	9
17:12	2CO.1.11	9
17:12	EPH.6.18	9
17:12	1TH.5.25	8
17:12	PSA.35.3	7
17:12	MAT.26.40-MAT.26.45	7
17:12	COL.4.2	7
17:12	JAS.1.6	7
17:13	JOS.10.42	3
17:13	JOS.10.28	2
17:13	JOS.10.32	2
17:13	JOS.10.37	2
17:13	JOS.11.12	2
17:14	EXO.34.27	9
17:14	1SA.30.1	6
17:14	1SA.30.17	6
17:14	NUM.24.20	5
17:14	NUM.33.2	4
17:14	DEU.25.17-DEU.25.19	4
17:14	2SA.8.12	4
17:14	EXO.12.14	3
17:14	EXO.13.9	3
17:14	EXO.24.4	3
17:14	1SA.15.2-1SA.15.3	3
17:14	1SA.15.7-1SA.15.8	3
17:14	DEU.31.9	2
17:14	JOS.4.7	2
17:14	1SA.15.18	2
17:14	1SA.27.8-1SA.27.9	2
17:14	2SA.1.1	2
17:14	2SA.1.8-2SA.1.16	2
17:14	1CH.4.43	2
17:14	EZR.9.14	2
17:14	JOB.18.17	2
17:14	JOB.19.23	2
17:14	PSA.9.6	2
17:14	PRO.10.7	2
17:14	HAG.2.2-HAG.2.3	2
17:15	GEN.22.14	39
17:15	JDG.6.24	25
17:15	PSA.60.4	8
17:15	GEN.33.20	4
17:16	PSA.21.8-PSA.21.11	5
17:16	ISA.66.1	4
17:16	ACT.7.49	2
18:1	EXO.2.16	5
18:1	EXO.3.1	5
18:1	PSA.77.14-PSA.77.15	5
18:1	JOS.2.10	3
18:1	JOS.9.9	3
18:1	PSA.34.2	3
18:1	PSA.44.1	3
18:1	PSA.78.4	3
18:1	PSA.78.50-PSA.78.53	3
18:1	PSA.105.36-PSA.105.41	3
18:1	PSA.105.43	3
18:1	PSA.106.2	3
18:1	PSA.106.8-PSA.106.11	3
18:1	PSA.136.10-PSA.136.16	3
18:1	ISA.63.11-ISA.63.13	3
18:1	ZEC.8.23	3
18:1	ACT.7.35-ACT.7.36	3
18:1	ACT.14.27	3
18:1	GAL.1.23-GAL.1.24	3
18:1	EXO.2.18	2
18:1	EXO.2.21	2
18:1	EXO.4.18	2
18:1	EXO.7.1-EXO.7.15	2
18:1	NUM.10.29	2
18:1	JDG.4.11	2
18:1	NEH.9.10-NEH.9.11	2
18:1	PSA.105.5	2
18:1	JER.33.9	2
18:1	ACT.15.12	2
18:1	ACT.21.19-ACT.21.20	2
18:1	ROM.15.18	2
18:2	EXO.2.21	4
18:2	EXO.4.25-EXO.4.26	2
18:3	EXO.2.22	6
18:3	ACT.7.29	5
18:3	EXO.4.20	3
18:3	PSA.39.12	3
18:3	HEB.11.13	3
18:3	1PE.2.11	2
18:4	ACT.12.11	4
18:4	2CO.1.8-2CO.1.10	4
18:4	2TI.4.17	4
18:4	HEB.13.6	4
18:4	EXO.2.15	3
18:4	1CH.23.15	3
18:4	PSA.18.1	3
18:4	PSA.34.4	3
18:4	PSA.46.1	3
18:4	ISA.50.7-ISA.50.9	3
18:4	DAN.6.22	3
18:4	PSA.18.48	2
18:5	EXO.3.1	5
18:5	EXO.3.12	3
18:5	EXO.19.11	2
18:5	EXO.19.20	2
18:5	EXO.24.16-EXO.24.17	2
18:5	1KI.19.8	2
18:7	GEN.29.13	5
18:7	GEN.14.17	3
18:7	GEN.18.2	3
18:7	GEN.19.1	3
18:7	2SA.11.7	3
18:7	1KI.2.19	3
18:7	GEN.31.28	2
18:7	GEN.33.3-GEN.33.7	2
18:7	GEN.43.27-GEN.43.28	2
18:7	GEN.45.15	2
18:7	GEN.46.29	2
18:7	NUM.22.36	2
18:7	JDG.11.34	2
18:7	PSA.2.12	2
18:7	LUK.7.45	2
18:7	ACT.20.37	2
18:7	ACT.28.15	2
18:8	NUM.20.14	3
18:8	NEH.9.9-NEH.9.15	3
18:8	NEH.9.32	3
18:8	PSA.78.42-PSA.78.43	3
18:8	PSA.81.7	3
18:8	PSA.106.10	3
18:8	PSA.107.2	3
18:8	PSA.145.4-PSA.145.12	3
18:8	GEN.44.34	2
18:8	EXO.15.6	2
18:8	EXO.15.16	2
18:8	EXO.15.22-EXO.15.24	2
18:8	EXO.16.3	2
18:8	EXO.18.1	2
18:8	PSA.66.16	2
18:8	PSA.71.17-PSA.71.20	2
18:8	PSA.105.1-PSA.105.2	2
18:9	ROM.12.15	3
18:9	1CO.12.26	3
18:9	ISA.66.10	2
18:9	ROM.12.10	2
18:9	ISA.44.23	1
18:10	GEN.14.20	4
18:10	2SA.18.28	4
18:10	LUK.1.68	3
18:10	1KI.8.15	2
18:10	PSA.41.13	2
18:10	PSA.68.19-PSA.68.20	2
18:10	PSA.106.47-PSA.106.48	2
18:10	EPH.1.3	2
18:10	1TH.3.9	2
18:10	1PE.1.3	2
18:10	REV.5.11-REV.5.13	2
18:10	REV.19.1-REV.19.6	2
18:11	PSA.95.3	8
18:11	EXO.15.11	7
18:11	2CH.2.5	6
18:11	PSA.135.5	5
18:11	LUK.1.51	5
18:11	1CH.16.25	4
18:11	PSA.97.9	4
18:11	DAN.4.37	4
18:11	2KI.5.15	3
18:11	NEH.9.10	3
18:11	PSA.119.21	3
18:11	JAS.4.6	3
18:11	EXO.1.10	2
18:11	EXO.1.16	2
18:11	EXO.1.22	2
18:11	EXO.5.2	2
18:11	EXO.5.7	2
18:11	EXO.9.16-EXO.9.17	2
18:11	EXO.10.3	2
18:11	EXO.12.12	2
18:11	EXO.14.8	2
18:11	EXO.14.18	2
18:11	1SA.2.3	2
18:11	1KI.17.24	2
18:11	NEH.9.16	2
18:11	NEH.9.29	2
18:11	JOB.40.11-JOB.40.12	2
18:11	PSA.31.23	2
18:11	1PE.5.5	2
18:12	GEN.31.54	4
18:12	DEU.12.7	4
18:12	EXO.24.5	3
18:12	EXO.24.11	3
18:12	GEN.4.4	2
18:12	GEN.8.20	2
18:12	GEN.12.7	2
18:12	GEN.26.25	2
18:12	GEN.43.25	2
18:12	EXO.2.20	2
18:12	LEV.7.11-LEV.7.17	2
18:12	DEU.27.7	2
18:12	2SA.9.7	2
18:12	1CH.29.21-1CH.29.22	2
18:12	2CH.30.22	2
18:12	JOB.1.5	2
18:12	JOB.42.8	2
18:12	JOB.42.11	2
18:12	DAN.10.3	2
18:12	LUK.14.1	2
18:12	LUK.14.15	2
18:12	1CO.10.18	2
18:12	1CO.10.21	2
18:12	1CO.10.31	2
18:13	JDG.5.10	2
18:13	JOB.29.7	2
18:13	ISA.16.5	2
18:13	JOL.3.12	2
18:13	MAT.23.2	2
18:13	ROM.12.8	2
18:13	ROM.13.6	2
18:15	NUM.15.34	3
18:15	NUM.27.5	3
18:15	EXO.18.19-EXO.18.20	2
18:15	LEV.24.12-LEV.24.14	2
18:15	NUM.9.6	2
18:15	NUM.9.8	2
18:15	DEU.17.8-DEU.17.13	2
18:16	EXO.24.14	4
18:16	DEU.4.5	3
18:16	DEU.5.1	3
18:16	2SA.15.3	3
18:16	1CO.6.1	3
18:16	EXO.2.13	2
18:16	EXO.23.7	2
18:16	LEV.24.15	2
18:16	NUM.15.35	2
18:16	NUM.27.6-NUM.27.11	2
18:16	NUM.36.6-NUM.36.9	2
18:16	DEU.6.1	2
18:16	DEU.17.8-DEU.17.12	2
18:16	1SA.12.23	2
18:16	JOB.31.13	2
18:16	MAT.28.20	2
18:16	ACT.18.14-ACT.18.15	2
18:16	1TH.4.1-1TH.4.2	2
18:18	NUM.11.14-NUM.11.17	6
18:18	ACT.6.1-ACT.6.4	5
18:18	2CO.12.15	3
18:18	PHP.2.30	3
18:18	DEU.1.9-DEU.1.12	2
18:18	1TH.2.8-1TH.2.9	2
18:19	NUM.27.5	6
18:19	GEN.39.2	4
18:19	EXO.3.12	4
18:19	EXO.20.19	4
18:19	DEU.5.5	4
18:19	EXO.4.12	3
18:19	EXO.4.16	3
18:19	EXO.18.15	3
18:19	EXO.18.24	3
18:19	DEU.20.1	3
18:19	JOS.1.9	3
18:19	2SA.14.17	3
18:19	PRO.9.9	3
18:19	MAT.28.20	3
18:20	DEU.5.1	8
18:20	PSA.143.8	6
18:20	DEU.1.18	5
18:20	DEU.4.1	4
18:20	DEU.4.5	4
18:20	PSA.32.8	4
18:20	EXO.18.16	3
18:20	DEU.6.1-DEU.6.2	2
18:20	DEU.7.11	2
18:20	1SA.12.23	2
18:20	NEH.9.13-NEH.9.14	2
18:20	ISA.30.21	2
18:20	JER.6.16	2
18:20	JER.42.3	2
18:20	EZK.3.17	2
18:20	MIC.4.2	2
18:20	1TH.4.1	2
18:20	MAT.28.20	1
18:20	MRK.13.34	1
18:20	2TH.3.6-2TH.3.12	1
18:21	ACT.6.3	14
18:21	DEU.1.13-DEU.1.17	8
18:21	2CH.19.5-2CH.19.10	8
18:21	DEU.16.18-DEU.16.19	7
18:21	2SA.23.3	4
18:21	GEN.22.12	3
18:21	EXO.18.25	3
18:21	EXO.23.2-EXO.23.9	3
18:21	1SA.8.3	3
18:21	NEH.5.9	3
18:21	NEH.7.2	3
18:21	JOB.29.16	3
18:21	JOB.31.13	3
18:21	PSA.15.5	3
18:21	PSA.26.9-PSA.26.10	3
18:21	PRO.28.2	3
18:21	ECC.12.13	3
18:21	ISA.59.14-ISA.59.15	3
18:21	JER.5.1	3
18:21	EZK.18.8	3
18:21	EZK.22.12	3
18:21	ZEC.7.9	3
18:21	ZEC.8.16	3
18:21	1TI.3.3	3
18:21	2PE.2.14-2PE.2.15	3
18:21	GEN.42.18	2
18:21	1SA.12.3-1SA.12.4	2
18:21	1KI.3.9-1KI.3.12	2
18:21	ISA.33.15	2
18:21	ISA.59.4	2
18:21	ACT.20.33	2
18:21	1TI.6.9-1TI.6.11	2
18:21	NUM.10.4	1
18:21	JOS.22.14	1
18:21	1SA.8.12	1
18:21	1KI.18.3	1
18:21	1KI.18.12	1
18:21	ISA.16.5	1
18:21	LUK.18.2	1
18:21	LUK.18.4	1
18:22	NUM.11.17	5
18:22	EXO.18.26	3
18:22	LEV.24.11	3
18:22	NUM.15.33	3
18:22	NUM.27.2	3
18:22	NUM.36.1	3
18:22	DEU.1.17-DEU.1.18	3
18:22	EXO.18.18	2
18:22	DEU.17.8-DEU.17.9	2
18:22	ROM.13.6	2
18:23	EXO.18.18	3
18:23	1SA.8.6-1SA.8.7	3
18:23	1SA.8.22	2
18:23	GEN.18.33	1
18:23	GEN.21.10-GEN.21.12	1
18:23	2SA.18.3	1
18:23	GEN.30.25	0
18:23	2SA.19.39	0
18:23	2SA.21.17	0
18:23	ACT.15.2	0
18:23	GAL.2.2	0
18:23	PHP.1.24-PHP.1.25	0
18:24	EXO.18.2-EXO.18.5	3
18:24	EXO.18.19	3
18:24	EZR.10.2	3
18:24	EZR.10.5	3
18:24	PRO.1.5	3
18:24	1CO.12.21	3
18:25	DEU.1.15	6
18:25	EXO.18.21	3
18:25	ACT.6.5	2
18:26	EXO.18.22	7
18:26	EXO.18.14-EXO.18.15	2
18:26	DEU.17.8	2
18:26	1KI.3.16-1KI.3.28	2
18:26	1KI.10.1	2
18:26	JOB.29.16	2
18:27	NUM.10.29-NUM.10.30	5
18:27	JDG.19.9	3
18:27	GEN.24.59	2
18:27	GEN.31.55	2
19:1	EXO.12.6	3
19:1	EXO.16.1	3
19:1	EXO.12.2	2
19:1	LEV.23.16-LEV.23.18	2
19:1	NUM.33.15	2
19:2	EXO.3.1	5
19:2	EXO.17.1	5
19:2	EXO.3.12	4
19:2	EXO.17.8	3
19:2	EXO.18.5	3
19:2	ACT.7.30	2
19:2	ACT.7.38	2
19:2	GAL.4.24	2
19:3	EXO.3.4	5
19:3	DEU.5.5-DEU.5.31	3
19:3	ACT.7.38	3
19:3	EXO.20.21	2
19:3	EXO.24.15-EXO.24.18	2
19:3	EXO.34.2	1
19:4	DEU.32.11-DEU.32.12	21
19:4	ISA.63.9	21
19:4	ISA.40.31	17
19:4	DEU.29.2	14
19:4	REV.12.14	13
19:4	DEU.4.33-DEU.4.36	9
19:4	DEU.4.9	7
19:4	EXO.7.1-EXO.7.14	4
19:5	DEU.14.2	39
19:5	DEU.7.6	37
19:5	DEU.26.18	31
19:5	EXO.15.26	26
19:5	MAL.3.17	25
19:5	DEU.10.14	16
19:5	PSA.135.4	16
19:5	EXO.23.22	15
19:5	DEU.4.20	15
19:5	EXO.9.29	14
19:5	TIT.2.14	14
19:5	PSA.24.1	12
19:5	DEU.5.2	11
19:5	JOB.41.11	11
19:5	1CO.10.26	10
19:5	DEU.32.8-DEU.32.9	9
19:5	JER.31.31-JER.31.33	9
19:5	EXO.24.7	8
19:5	JOS.24.24	8
19:5	1SA.15.22	8
19:5	1KI.8.53	8
19:5	PSA.25.10	8
19:5	PSA.103.17-PSA.103.18	8
19:5	ISA.41.8	8
19:5	ISA.43.1	8
19:5	DAN.4.34-DAN.4.35	8
19:5	HEB.11.8	8
19:5	DEU.28.1	7
19:5	ISA.1.19	7
19:5	JER.11.4-JER.11.7	6
19:5	DEU.11.27	4
19:5	DEU.14.21	4
19:5	PSA.50.11-PSA.50.12	4
19:5	ISA.56.4	4
19:5	JER.7.23	4
19:5	1CO.10.28	3
19:5	SNG.8.12	2
19:5	JER.10.16	2
19:6	REV.5.10	29
19:6	1PE.2.9	26
19:6	1PE.2.5	21
19:6	DEU.7.6	15
19:6	REV.1.6	14
19:6	DEU.28.9	12
19:6	ISA.62.12	11
19:6	DEU.26.19	10
19:6	LEV.11.44-LEV.11.45	9
19:6	LEV.19.2	9
19:6	ROM.12.1	8
19:6	1CO.3.17	8
19:6	LEV.20.26	7
19:6	ISA.61.6	7
19:6	1PE.1.15-1PE.1.16	7
19:6	REV.20.6	7
19:6	DEU.33.2-DEU.33.4	6
19:6	LEV.20.24	4
19:6	LEV.21.7-LEV.21.8	4
19:6	LEV.21.23	4
19:6	DEU.14.21	4
19:7	EXO.4.29-EXO.4.30	3
19:7	EXO.3.16	2
19:7	1CO.15.1	2
19:8	EXO.24.7	18
19:8	EXO.24.3	9
19:8	JOS.24.24	5
19:8	EXO.20.19	4
19:8	DEU.5.27-DEU.5.29	4
19:8	NEH.10.29	4
19:8	DEU.26.17-DEU.26.19	3
19:9	DEU.4.36	7
19:9	EXO.19.16	5
19:9	EXO.24.15-EXO.24.16	5
19:9	EXO.14.31	3
19:9	EXO.20.21	3
19:9	DEU.4.11-DEU.4.12	3
19:9	PSA.97.2	3
19:9	MAT.17.5	3
19:9	1KI.8.12	2
19:9	2CH.6.1	2
19:9	2CH.20.20	2
19:9	PSA.18.11-PSA.18.12	2
19:9	ISA.7.9	2
19:9	ISA.19.1	2
19:9	MRK.9.7	2
19:9	LUK.9.34-LUK.9.35	2
19:9	LUK.10.16	2
19:9	JHN.12.29-JHN.12.30	2
19:9	REV.1.7	2
19:10	HEB.10.22	12
19:10	GEN.35.2	11
19:10	LEV.11.44-LEV.11.45	11
19:10	LEV.11.25	9
19:10	LEV.15.5	7
19:10	NUM.8.21	7
19:10	1CO.6.11	7
19:10	NUM.8.7	6
19:10	JOS.3.5	6
19:10	JOS.7.13	6
19:10	ZEC.3.3-ZEC.3.4	6
19:10	2CH.30.17-2CH.30.19	5
19:10	REV.7.14	5
19:10	NUM.31.24	4
19:10	2CH.29.5	4
19:10	EXO.19.14-EXO.19.15	3
19:10	1SA.16.5	3
19:10	2CH.29.34	3
19:10	JOB.1.5	3
19:11	EXO.19.16	4
19:11	EXO.34.5	3
19:11	DEU.33.2	3
19:11	JHN.3.13	3
19:11	EXO.3.8	2
19:11	EXO.19.18	2
19:11	EXO.19.20	2
19:11	NUM.11.17	2
19:11	PSA.18.9	2
19:11	PSA.144.5	2
19:11	ISA.64.1-ISA.64.2	2
19:11	HAB.3.3-HAB.3.6	2
19:11	JHN.6.38	2
19:12	HEB.12.20-HEB.12.21	5
19:12	JOS.3.4	3
19:12	EXO.10.28	2
19:12	EXO.19.21	2
19:12	EXO.19.23	2
19:12	EXO.34.12	2
19:12	DEU.2.4	2
19:12	DEU.4.9	2
19:13	EXO.19.16	3
19:13	1TH.4.16	3
19:13	HEB.12.20	3
19:13	EXO.19.19	2
19:13	EXO.21.28-EXO.21.29	2
19:13	LEV.20.15-LEV.20.16	2
19:13	1CO.15.52	2
19:14	EXO.19.10	3
19:15	EXO.19.11	4
19:15	1SA.21.4-1SA.21.5	4
19:15	1CO.7.5	4
19:15	JOL.2.16	3
19:15	EXO.19.16	2
19:15	AMO.4.12	2
19:15	ZEC.6.3	2
19:15	ZEC.7.3	2
19:15	MAL.3.2	2
19:15	MAT.3.10-MAT.3.12	2
19:15	MAT.24.44	2
19:15	2PE.3.11-2PE.3.12	2
19:15	ZEC.12.12-ZEC.12.14	1
19:16	HEB.12.18-HEB.12.19	9
19:16	PSA.18.11-PSA.18.14	8
19:16	HEB.12.21	7
19:16	REV.4.1	7
19:16	PSA.77.18	6
19:16	REV.4.5	6
19:16	REV.8.5	6
19:16	REV.11.19	6
19:16	EXO.9.23	5
19:16	EXO.19.9	5
19:16	EXO.20.18	5
19:16	JOB.38.25	5
19:16	PSA.50.3	5
19:16	EXO.9.28-EXO.9.29	4
19:16	EXO.40.34	4
19:16	JOB.37.1-JOB.37.5	4
19:16	PSA.29.3-PSA.29.11	4
19:16	PSA.97.4	4
19:16	JER.5.22	4
19:16	REV.1.10	4
19:16	1SA.12.17-1SA.12.18	2
19:16	2CH.5.14	2
19:17	DEU.4.10	5
19:17	DEU.5.5	2
19:18	JDG.5.5	7
19:18	EXO.3.2	6
19:18	PSA.144.5	6
19:18	REV.15.8	6
19:18	GEN.19.28	4
19:18	PSA.68.7-PSA.68.8	4
19:18	JER.4.24	4
19:18	EXO.24.17	3
19:18	DEU.33.2	3
19:18	PSA.104.32	3
19:18	GEN.15.17	2
19:18	DEU.5.22	2
19:18	1KI.19.11-1KI.19.12	2
19:18	2CH.7.1-2CH.7.3	2
19:18	ISA.6.4	2
19:18	HEB.12.26	2
19:18	EXO.19.13	1
19:18	EXO.20.18	1
19:18	DEU.4.11-DEU.4.12	1
19:18	PSA.77.18	1
19:18	PSA.114.7	1
19:18	NAM.1.5-NAM.1.6	1
19:18	ZEC.14.5	1
19:18	MAT.24.7	1
19:18	2TH.1.8	1
19:18	HEB.12.18	1
19:18	2PE.3.10	1
19:19	PSA.81.7	5
19:19	EXO.19.16	3
19:19	NEH.9.13	2
19:19	EXO.19.13	1
19:19	HEB.12.21	1
19:20	NEH.9.13	3
19:20	EXO.19.3	2
19:20	EXO.19.11	2
19:20	EXO.24.12-EXO.24.13	2
19:20	EXO.24.18	2
19:20	EXO.34.2	2
19:20	EXO.34.4	2
19:20	PSA.81.7	2
19:20	DEU.9.9	1
19:21	1SA.6.19	6
19:21	EXO.3.5	4
19:21	HEB.12.28-HEB.12.29	3
19:21	EXO.3.3	2
19:21	EXO.19.12-EXO.19.13	2
19:21	EXO.33.20	2
19:21	ECC.5.1	2
19:22	EXO.24.5	3
19:22	EXO.19.5	2
19:22	EXO.19.14-EXO.19.15	2
19:22	LEV.10.1-LEV.10.3	2
19:22	2SA.6.6-2SA.6.8	2
19:22	1CH.13.9-1CH.13.11	2
19:22	1CH.15.13	2
19:22	2CH.30.3	2
19:22	2CH.30.15	2
19:22	2CH.30.18-2CH.30.19	2
19:22	ISA.52.11	2
19:22	ACT.5.5	2
19:22	ACT.5.10	2
19:22	1CO.11.30-1CO.11.32	2
19:23	EXO.19.12	5
19:23	JOS.3.4-JOS.3.5	2
19:24	HEB.4.16	5
19:24	HEB.12.18-HEB.12.25	3
19:24	HEB.12.29	3
19:24	EXO.19.12	2
19:24	EXO.19.21-EXO.19.22	2
19:24	EXO.24.1	2
19:24	EXO.24.9	2
19:24	MAT.11.12	2
19:24	LUK.13.24	2
19:24	LUK.16.16	2
19:24	JHN.1.17	2
19:24	ROM.4.15	2
19:24	2CO.3.7-2CO.3.9	2
19:24	GAL.3.10-GAL.3.11	2
19:24	GAL.3.19	2
19:24	GAL.3.22	2
19:24	HEB.10.19-HEB.10.22	2
20:1	DEU.5.22	34
20:1	DEU.5.4	9
20:1	DEU.4.36	5
20:1	DEU.4.33	3
20:1	ACT.7.38	3
20:1	ACT.7.53	2
20:2	DEU.5.6	46
20:2	HOS.13.4	24
20:2	LEV.26.13	22
20:2	PSA.81.10	22
20:2	EXO.13.3	21
20:2	LEV.19.36	16
20:2	GEN.17.7-GEN.17.8	15
20:2	DEU.26.6-DEU.26.8	14
20:2	DEU.7.8	13
20:2	DEU.5.15	11
20:2	LEV.23.43	10
20:2	LEV.26.1	8
20:2	DEU.13.10	8
20:2	DEU.15.15	8
20:2	DEU.6.4-DEU.6.5	5
20:2	JER.31.33	4
20:2	EXO.10.1-EXO.10.15	3
20:2	PSA.50.7	3
20:2	ROM.3.29	1
20:2	ROM.10.12	1
20:2	JER.31.1	0
20:3	DEU.5.7	64
20:3	MAT.4.10	47
20:3	PSA.81.9	34
20:3	ISA.46.9	31
20:3	DEU.6.5	23
20:3	DEU.6.14	23
20:3	JER.25.6	21
20:3	JOS.24.18-JOS.24.24	15
20:3	JER.35.15	14
20:3	1JN.5.20-1JN.5.21	14
20:3	1CO.8.6	12
20:3	EXO.15.11	11
20:3	ISA.26.4	11
20:3	EPH.5.5	11
20:3	PHP.3.19	11
20:3	COL.2.18	11
20:3	REV.19.10	11
20:3	EXO.20.23	9
20:3	PSA.29.2	9
20:3	PSA.73.25	9
20:3	ISA.43.10	9
20:3	ISA.44.8	9
20:3	2KI.17.29-2KI.17.35	8
20:3	REV.22.9	7
20:3	1CO.8.4	6
20:3	ISA.45.21-ISA.45.22	5
20:4	DEU.5.8	41
20:4	LEV.26.1	35
20:4	DEU.4.15-DEU.4.19	28
20:4	PSA.97.7	23
20:4	LEV.19.4	21
20:4	DEU.27.15	18
20:4	ACT.17.29	17
20:4	REV.16.2	17
20:4	PSA.115.4-PSA.115.8	14
20:4	JER.10.14-JER.10.16	12
20:4	ISA.42.8	11
20:4	ISA.45.16	11
20:4	JER.10.8-JER.10.9	11
20:4	ROM.1.23	11
20:4	PSA.135.15-PSA.135.18	10
20:4	EZK.8.10	10
20:4	DEU.4.23-DEU.4.25	8
20:4	ISA.44.9-ISA.44.20	8
20:4	JER.10.3-JER.10.5	8
20:4	ACT.19.26-ACT.19.35	8
20:4	EXO.34.17	7
20:4	ISA.46.5-ISA.46.8	7
20:4	REV.9.20	7
20:4	REV.14.9-REV.14.11	7
20:4	EXO.32.1	6
20:4	EXO.32.8	6
20:4	1KI.12.28	6
20:4	2CH.33.7	6
20:4	ISA.40.18-ISA.40.20	6
20:4	ISA.42.17	6
20:4	REV.13.14-REV.13.15	6
20:4	EXO.32.23	5
20:5	DEU.5.9	39
20:5	NUM.14.18	34
20:5	DEU.4.24	16
20:5	EXO.34.14	14
20:5	JOS.24.19	13
20:5	DEU.6.15	12
20:5	EXO.34.6-EXO.34.7	11
20:5	JOS.23.7	11
20:5	PSA.109.14	11
20:5	ISA.65.6-ISA.65.7	11
20:5	JER.32.18	11
20:5	NAM.1.2	11
20:5	EXO.23.24	8
20:5	NUM.14.33	8
20:5	PSA.79.8	8
20:5	JER.2.9	7
20:5	MAT.23.34-MAT.23.36	7
20:5	LEV.26.39-LEV.26.40	6
20:5	DEU.7.10	6
20:5	JOS.23.16	6
20:5	JOB.5.4	6
20:5	ISA.14.20-ISA.14.21	6
20:5	ROM.8.7	6
20:5	JAS.4.4	6
20:5	LEV.20.5	5
20:5	LEV.26.1	5
20:5	LEV.26.29	5
20:5	DEU.32.21	5
20:5	JDG.2.19	5
20:5	1SA.15.2-1SA.15.3	5
20:5	2SA.21.1	5
20:5	2SA.21.6	5
20:5	1KI.21.29	5
20:5	2KI.17.35	5
20:5	2KI.17.41	5
20:5	2KI.23.26	5
20:5	JOB.21.19	5
20:5	PSA.81.15	5
20:5	PRO.6.34-PRO.6.35	5
20:5	ISA.44.15	5
20:5	ISA.44.19	5
20:5	JHN.15.23-JHN.15.24	5
20:5	ROM.1.30	5
20:5	DEU.32.41	4
20:5	2CH.25.14	4
20:5	PSA.78.58	4
20:5	PRO.8.36	4
20:5	EZK.8.3	4
20:5	DAN.1.2	4
20:5	MAT.4.9	4
20:5	JHN.7.7	4
20:5	JHN.15.18	4
20:5	1CO.10.22	4
20:6	DEU.7.9	31
20:6	JHN.14.21	16
20:6	1JN.5.3	16
20:6	JER.32.39-JER.32.40	14
20:6	DEU.5.29	12
20:6	ACT.2.39	11
20:6	JHN.14.15	8
20:6	ROM.11.28-ROM.11.29	8
20:6	DEU.4.37	7
20:6	1JN.4.19	5
20:6	2JN.1.6	4
20:7	DEU.5.11	42
20:7	LEV.19.12	26
20:7	JAS.5.12	21
20:7	MAT.5.33-MAT.5.37	12
20:7	PSA.50.14-PSA.50.16	9
20:7	JER.4.2	8
20:7	JOS.9.20	7
20:7	MAT.26.63-MAT.26.64	7
20:7	JOS.2.12	6
20:7	JOS.2.17	6
20:7	MAT.23.16-MAT.23.22	6
20:7	HEB.6.16-HEB.6.17	6
20:7	LEV.24.11-LEV.24.16	5
20:7	PRO.30.9	5
20:7	DEU.10.20	3
20:7	2SA.21.1-2SA.21.2	3
20:7	1KI.2.9	1
20:7	2CO.1.23	1
20:8	LEV.26.2	19
20:8	LEV.19.3	18
20:8	GEN.2.3	16
20:8	EXO.31.13-EXO.31.16	16
20:8	LEV.23.3	15
20:8	LEV.19.30	14
20:8	EXO.16.23-EXO.16.30	13
20:8	EXO.23.12	13
20:8	ISA.56.4-ISA.56.6	13
20:9	LUK.13.14	8
20:9	EXO.23.12	5
20:9	EXO.34.21	5
20:9	LEV.23.3	4
20:9	EXO.35.2	3
20:10	DEU.5.14-DEU.5.15	25
20:10	EXO.34.21	8
20:10	EXO.16.27-EXO.16.28	6
20:10	NUM.15.32-NUM.15.36	6
20:10	GEN.2.2-GEN.2.3	4
20:10	EXO.23.9-EXO.23.12	4
20:10	EXO.31.13	4
20:10	DEU.24.14-DEU.24.22	4
20:10	NEH.10.31	4
20:10	NEH.13.15-NEH.13.21	4
20:10	LUK.23.56	4
20:10	DEU.16.11-DEU.16.12	3
20:11	GEN.1.1-GEN.1.2	36
20:11	GEN.2.2-GEN.2.3	14
20:11	EXO.31.17	12
20:11	MRK.2.27-MRK.2.28	10
20:11	PSA.95.4-PSA.95.7	6
20:11	GEN.1.28	2
20:12	EPH.6.1-EPH.6.3	75
20:12	COL.3.20	64
20:12	DEU.5.16	51
20:12	MRK.7.10	29
20:12	PRO.23.22-PRO.23.25	27
20:12	LEV.19.3	24
20:12	PRO.30.17	22
20:12	PRO.1.8-PRO.1.9	19
20:12	EXO.21.17	17
20:12	PRO.20.20	17
20:12	MAT.19.19	17
20:12	LUK.18.20	17
20:12	EXO.21.15	15
20:12	MRK.10.19	15
20:12	MAT.15.4-MAT.15.6	12
20:12	DEU.32.47	11
20:12	DEU.4.40	10
20:12	2KI.2.12	10
20:12	PRO.15.5	9
20:12	LEV.19.32	8
20:12	DEU.25.15	8
20:12	1KI.2.19	8
20:12	PRO.3.16	8
20:12	PRO.28.24	8
20:12	PRO.30.11	8
20:12	MAL.1.6	8
20:12	DEU.4.26	5
20:12	EPH.5.21	5
20:13	ROM.13.9	42
20:13	DEU.5.17	32
20:13	GEN.9.5-GEN.9.6	13
20:13	EXO.21.14	10
20:13	MAT.5.21-MAT.5.22	10
20:13	LEV.24.21	8
20:13	MAT.19.18	8
20:13	JAS.2.11	8
20:13	1JN.3.12-1JN.3.15	8
20:13	EXO.21.20	7
20:13	DEU.19.11-DEU.19.13	7
20:13	JAS.2.13	7
20:13	ISA.26.21	6
20:13	1TI.1.9	6
20:13	PRO.1.11	5
20:13	PRO.1.18	5
20:13	GAL.5.21	5
20:13	GEN.4.8-GEN.4.23	3
20:13	EXO.21.29	3
20:13	NUM.35.16-NUM.35.34	3
20:13	2SA.12.9-2SA.12.10	3
20:13	2KI.21.16	3
20:13	2CH.24.22	3
20:13	PSA.10.8-PSA.10.11	3
20:13	JER.26.15	3
20:13	ACT.28.4	3
20:14	HEB.13.4	40
20:14	DEU.5.18	34
20:14	ROM.7.2-ROM.7.3	31
20:14	ROM.13.9	30
20:14	LEV.20.10	11
20:14	MAT.5.27-MAT.5.28	10
20:14	REV.21.8	10
20:14	LEV.18.20	8
20:14	MRK.10.11-MRK.10.12	7
20:14	JER.5.8-JER.5.9	6
20:14	2SA.11.27	5
20:14	EPH.5.3-EPH.5.5	5
20:14	MAL.3.5	4
20:14	MAT.19.18	3
20:14	JAS.4.4	3
20:14	PRO.2.15-PRO.2.18	2
20:14	PRO.6.24-PRO.6.35	2
20:14	PRO.7.18-PRO.7.27	2
20:14	JER.29.22-JER.29.23	2
20:14	2SA.11.4-2SA.11.5	1
20:15	ROM.13.9	34
20:15	EPH.4.28	22
20:15	LEV.19.11	18
20:15	LEV.19.13	10
20:15	MAT.19.18	8
20:15	1CO.6.10	7
20:15	LEV.6.1-LEV.6.7	6
20:15	PRO.1.13-PRO.1.15	6
20:15	LEV.19.35-LEV.19.37	5
20:15	DEU.24.7	5
20:15	DEU.25.13-DEU.25.16	5
20:15	PRO.11.1	5
20:15	AMO.8.4-AMO.8.6	5
20:15	JHN.12.6	5
20:15	AMO.3.10	4
20:15	MIC.7.3	4
20:15	ZEC.5.3-ZEC.5.4	4
20:15	MAT.21.13	4
20:15	LUK.3.13-LUK.3.14	4
20:15	1TH.4.6	4
20:15	EXO.21.16	3
20:15	JOB.20.19-JOB.20.22	3
20:15	MAT.15.19	3
20:15	MIC.6.10-MIC.6.11	2
20:16	PRO.19.5	21
20:16	MAT.19.18	16
20:16	PSA.15.3	13
20:16	EXO.23.1	12
20:16	DEU.19.15-DEU.19.21	10
20:16	MAT.26.59-MAT.26.60	10
20:16	PRO.10.18	8
20:16	ACT.6.13	6
20:16	EXO.23.6-EXO.23.7	5
20:16	LEV.19.11	5
20:16	PSA.101.5-PSA.101.7	5
20:16	EPH.4.31	5
20:16	LEV.19.16	4
20:16	1SA.22.8-1SA.22.19	4
20:16	PRO.11.13	4
20:16	1TI.1.10	4
20:16	2TI.3.3	4
20:16	JAS.4.11	4
20:16	1KI.21.10-1KI.21.13	2
20:17	ROM.13.9	48
20:17	LUK.12.15	18
20:17	HEB.13.5	16
20:17	EPH.5.5	10
20:17	ROM.7.7	8
20:17	EPH.5.3	8
20:17	COL.3.5	8
20:17	PSA.119.36	7
20:17	PRO.4.23	7
20:17	JER.5.8	7
20:17	MIC.2.2	7
20:17	1CO.6.10	7
20:17	MAT.5.28	6
20:17	MAT.20.15	6
20:17	1SA.15.19	5
20:17	JOB.31.9	5
20:17	ECC.5.10-ECC.5.11	5
20:17	ISA.33.15	5
20:17	JER.22.17	5
20:17	EZK.33.31	5
20:17	AMO.2.6-AMO.2.7	5
20:17	HAB.2.9	5
20:17	GEN.14.23	4
20:17	JOS.7.21	4
20:17	PRO.6.24-PRO.6.25	4
20:17	LUK.16.14	4
20:17	ACT.5.4	4
20:17	ACT.20.33	4
20:17	1TI.6.6-1TI.6.10	4
20:17	GEN.3.6	3
20:17	JOB.31.1	3
20:17	PSA.10.3	3
20:17	ECC.4.8	3
20:17	ISA.57.17	3
20:17	GEN.34.23	2
20:17	2SA.11.2-2SA.11.4	2
20:17	PHP.3.19	2
20:18	EXO.19.16-EXO.19.18	8
20:18	PSA.139.7-PSA.139.8	4
20:18	JER.23.23	4
20:18	HEB.12.18-HEB.12.19	4
20:19	DEU.18.16	7
20:19	ACT.7.38	4
20:19	EXO.33.20	3
20:19	DEU.5.23-DEU.5.27	3
20:19	GEN.32.30	2
20:19	DEU.5.5	2
20:19	GAL.3.19	2
20:19	HEB.12.19	1
20:20	DEU.13.3	9
20:20	PRO.3.7	6
20:20	1SA.12.20	5
20:20	ISA.8.13	5
20:20	GEN.22.1	4
20:20	DEU.8.2	4
20:20	JOB.28.28	4
20:20	PRO.16.6	4
20:20	GEN.20.11	3
20:20	GEN.22.12	3
20:20	EXO.15.25-EXO.15.26	3
20:20	DEU.4.10	3
20:20	DEU.6.2	3
20:20	DEU.10.12	3
20:20	JOS.24.14	3
20:20	NEH.5.15	3
20:20	PRO.1.7	3
20:20	ISA.41.10	3
20:21	1KI.8.12	7
20:21	PSA.97.2	6
20:21	PSA.18.9	5
20:21	1TI.6.16	4
20:21	2CH.6.1	3
20:21	EXO.19.16-EXO.19.17	2
20:21	DEU.5.5	2
20:21	PSA.18.12	2
20:21	PSA.104.2	2
20:21	DEU.5.22	1
20:22	NEH.9.13	5
20:22	DEU.4.36	4
20:22	HEB.12.25-HEB.12.26	0
20:23	EZK.20.39	6
20:23	2KI.17.33	4
20:23	ZEP.1.5	4
20:23	EXO.20.3-EXO.20.5	3
20:23	EXO.32.31	3
20:23	1CO.10.21-1CO.10.22	3
20:23	1JN.5.20-1JN.5.21	3
20:23	REV.22.15	3
20:23	EXO.32.1-EXO.32.4	2
20:23	1SA.5.4-1SA.5.5	2
20:23	2KI.17.41	2
20:23	EZK.43.8	2
20:23	DAN.5.4	2
20:23	DAN.5.23	2
20:23	2CO.6.14-2CO.6.16	2
20:23	COL.2.18-COL.2.19	2
20:24	DEU.12.5	45
20:24	PSA.132.13-PSA.132.14	34
20:24	2CH.6.6	32
20:24	1KI.9.3	26
20:24	DEU.12.11	20
20:24	2CH.7.16	20
20:24	DEU.16.11	19
20:24	DEU.26.2	15
20:24	2CH.12.13	13
20:24	NUM.6.24-NUM.6.27	12
20:24	EZR.6.12	12
20:24	1KI.8.29	10
20:24	MAT.18.20	10
20:24	DEU.14.23	8
20:24	DEU.16.5-DEU.16.6	8
20:24	1KI.8.43	8
20:24	JHN.4.20-JHN.4.24	8
20:24	PSA.74.7	7
20:24	2SA.6.12	5
20:24	NEH.1.9	5
20:24	DEU.12.21	4
20:24	JER.7.10-JER.7.12	4
20:24	MAL.1.11	4
20:24	MAT.28.20	4
20:24	PSA.76.2	3
20:24	PSA.78.68	3
20:24	1TI.2.8	3
20:24	PSA.128.5	2
20:24	GEN.12.2	1
20:24	LEV.1.1-LEV.1.17	1
20:24	LEV.3.1-LEV.3.17	1
20:24	PSA.134.3	1
20:24	DEU.7.13	0
20:25	DEU.27.5-DEU.27.6	6
20:25	JOS.8.31	6
20:26	1PE.1.16	8
20:26	ECC.5.1	7
20:26	LEV.10.3	5
20:26	PSA.89.7	5
20:26	HEB.12.28-HEB.12.29	5
21:1	DEU.4.14	6
21:1	DEU.6.20	4
21:1	EXO.24.3-EXO.24.4	3
21:1	EXO.19.7	2
21:1	LEV.18.5	2
21:1	LEV.18.26	2
21:1	LEV.19.37	2
21:1	LEV.20.22	2
21:1	NUM.35.24	2
21:1	NUM.36.13	2
21:1	DEU.4.5	2
21:1	DEU.4.8	2
21:1	DEU.4.45	2
21:1	DEU.5.1	2
21:1	DEU.5.31	2
21:1	DEU.6.1	2
21:1	1KI.6.12	2
21:1	2CH.19.10	2
21:1	NEH.9.13-NEH.9.14	2
21:1	NEH.10.29	2
21:1	PSA.147.19	2
21:1	EZK.20.11	2
21:1	EZK.20.25	2
21:1	MAL.4.4	2
21:1	MAT.28.20	2
21:1	1TH.4.1	2
21:2	DEU.15.12-DEU.15.15	6
21:2	EXO.12.44	4
21:2	DEU.15.18	4
21:2	EXO.22.3	3
21:2	LEV.25.39-LEV.25.45	3
21:2	DEU.15.1	3
21:2	DEU.31.10	3
21:2	NEH.5.1-NEH.5.5	3
21:2	NEH.5.8	3
21:2	JER.34.8-JER.34.17	3
21:2	GEN.27.28	2
21:2	GEN.27.36	2
21:2	2KI.4.1	2
21:2	MAT.18.25	2
21:2	1CO.6.20	2
21:3	DEU.15.12-DEU.15.14	2
21:5	DEU.15.16-DEU.15.17	4
21:5	2CO.5.14-2CO.5.15	4
21:5	ISA.26.13	2
21:6	DEU.15.17	6
21:6	LEV.25.40	4
21:6	DEU.19.17-DEU.19.18	3
21:6	1SA.28.2	3
21:6	EXO.12.12	2
21:6	EXO.18.21-EXO.18.26	2
21:6	EXO.21.22	2
21:6	EXO.22.8-EXO.22.9	2
21:6	EXO.22.28	2
21:6	LEV.25.23	2
21:6	NUM.25.5-NUM.25.8	2
21:6	DEU.1.16	2
21:6	DEU.16.18	2
21:6	1SA.1.22	2
21:6	1SA.8.1-1SA.8.2	2
21:6	1SA.27.12	2
21:6	1KI.12.7	2
21:6	PSA.40.6-PSA.40.8	2
21:6	ZEP.3.3	2
21:6	ISA.1.26	1
21:7	NEH.5.5	4
21:7	EXO.21.2-EXO.21.3	3
21:8	GEN.28.8	2
21:8	EXO.8.29	2
21:8	DEU.20.7	2
21:8	DEU.21.11-DEU.21.14	2
21:8	JDG.9.19	2
21:8	JDG.14.3	2
21:8	MAL.2.11-MAL.2.15	2
21:8	1SA.8.6	1
21:8	1SA.18.8	1
21:8	JOB.6.15	1
21:10	1CO.7.1-1CO.7.6	3
21:12	GEN.9.6	7
21:12	LEV.24.17	6
21:12	NUM.35.30-NUM.35.31	6
21:12	MAT.26.52	6
21:12	NUM.35.16-NUM.35.24	4
21:12	EXO.20.13	3
21:12	DEU.19.11-DEU.19.13	3
21:12	2SA.12.13	3
21:13	JOS.20.2-JOS.20.9	6
21:13	1SA.24.18	5
21:13	DEU.4.41-DEU.4.43	4
21:13	DEU.19.1-DEU.19.13	4
21:13	1SA.24.4	4
21:13	1SA.24.10	4
21:13	NUM.35.10-NUM.35.34	3
21:13	2SA.16.10	2
21:13	ISA.10.7	2
21:13	MIC.7.2	2
21:14	1KI.2.28-1KI.2.34	5
21:14	HEB.10.26	3
21:14	NUM.15.30-NUM.15.31	2
21:14	NUM.35.20-NUM.35.21	2
21:14	DEU.1.43	2
21:14	DEU.17.12-DEU.17.13	2
21:14	DEU.18.22	2
21:14	DEU.19.11-DEU.19.13	2
21:14	DEU.27.24	2
21:14	2SA.3.27	2
21:14	2SA.20.9-2SA.20.10	2
21:14	1KI.1.50-1KI.1.51	2
21:14	2KI.11.15	2
21:14	PSA.19.13	2
21:14	2PE.2.10	2
21:15	DEU.21.18-DEU.21.21	2
21:15	DEU.27.24	2
21:15	PRO.30.11	2
21:15	PRO.30.17	2
21:15	1TI.1.9	2
21:16	DEU.24.7	10
21:16	1TI.1.10	7
21:16	GEN.37.28	4
21:16	EXO.22.4	4
21:16	GEN.40.15	3
21:16	REV.18.12	0
21:17	PRO.20.20	6
21:17	MRK.7.10-MRK.7.11	5
21:17	DEU.27.16	4
21:17	MAT.15.3-MAT.15.6	4
21:17	LEV.20.9-LEV.20.10	3
21:17	PRO.30.11	3
21:17	PRO.30.17	2
21:18	EXO.21.20	3
21:18	EXO.2.13	2
21:18	EXO.21.22	2
21:18	NUM.35.16-NUM.35.24	2
21:18	DEU.25.11	2
21:18	2SA.14.6	2
21:19	2SA.3.29	2
21:19	ZEC.8.4	1
21:20	DEU.19.21	3
21:20	PRO.29.19	3
21:20	GEN.4.15	2
21:20	GEN.4.24	2
21:20	GEN.9.6	2
21:20	EXO.21.26-EXO.21.27	2
21:20	NUM.35.19	2
21:20	NUM.35.30-NUM.35.33	2
21:20	ISA.58.3-ISA.58.4	2
21:20	ROM.13.4	2
21:21	LEV.25.44-LEV.25.46	2
21:22	DEU.22.18-DEU.22.19	6
21:22	EXO.21.30	5
21:22	DEU.16.18	2
21:23	DEU.19.21	4
21:23	NUM.35.31	2
21:23	LEV.24.19	1
21:24	DEU.19.21	6
21:24	MAT.7.2	6
21:24	MAT.5.38-MAT.5.40	5
21:24	LEV.24.19-LEV.24.20	4
21:24	JDG.1.6-JDG.1.7	3
21:24	LUK.6.38	3
21:24	REV.16.6	3
21:24	EXO.21.26-EXO.21.27	2
21:24	1SA.15.33	2
21:26	EXO.21.20	2
21:26	DEU.16.19	2
21:26	NEH.5.5	2
21:26	JOB.31.13-JOB.31.15	2
21:26	PSA.9.12	2
21:26	PSA.10.14	2
21:26	PSA.10.18	2
21:26	PSA.72.12-PSA.72.14	2
21:26	PRO.22.22-PRO.22.23	2
21:26	EPH.6.9	2
21:26	COL.4.1	2
21:28	EXO.21.32	4
21:28	GEN.9.5-GEN.9.6	2
21:28	LEV.20.15-LEV.20.16	2
21:29	DEU.21.1-DEU.21.9	2
21:30	EXO.21.22	4
21:30	EXO.30.12	3
21:30	NUM.35.31-NUM.35.33	3
21:30	PRO.13.8	2
21:32	ZEC.11.12-ZEC.11.13	5
21:32	MAT.26.15	5
21:32	MAT.27.3-MAT.27.9	3
21:32	GEN.37.28	2
21:32	EXO.21.28-EXO.21.29	2
21:32	PHP.2.7	2
21:33	PSA.9.15	2
21:33	PSA.119.85	2
21:33	PRO.28.10	2
21:33	ECC.10.8	2
21:33	JER.18.20	2
21:33	JER.18.22	2
21:34	EXO.21.29-EXO.21.30	2
21:34	EXO.22.6	2
21:34	EXO.22.14	2
22:1	2SA.12.6	8
22:1	LUK.19.8	8
22:1	PRO.6.31	6
22:1	NUM.5.7	3
22:1	LEV.6.1-LEV.6.6	2
22:1	PRO.14.4	2
22:2	MAT.24.43	10
22:2	NUM.35.27	5
22:2	MAT.6.19-MAT.6.20	5
22:2	JOB.24.14	2
22:2	JOB.30.5	2
22:2	HOS.7.1	2
22:2	JOL.2.9	2
22:2	1TH.5.2	2
22:3	EXO.21.2	5
22:3	JDG.2.14	2
22:3	JDG.10.7	2
22:3	ISA.50.1	2
22:3	MAT.18.25	2
22:4	EXO.22.1	5
22:4	EXO.22.7	5
22:4	EXO.21.16	4
22:4	EXO.22.9	4
22:4	PRO.6.31	3
22:4	REV.18.6	3
22:4	JER.16.18	2
22:4	ISA.40.2	1
22:5	EXO.21.34	2
22:5	EXO.22.3	2
22:5	EXO.22.12	2
22:5	JOB.20.18	2
22:6	EXO.22.9	3
22:6	EXO.21.33-EXO.21.34	2
22:6	EXO.22.12	2
22:6	JDG.15.4-JDG.15.5	2
22:6	2SA.14.30-2SA.14.31	2
22:7	EXO.22.4	5
22:7	PRO.6.30-PRO.6.31	3
22:7	JER.2.26	0
22:7	JHN.12.6	0
22:7	1CO.6.10	0
22:8	EXO.22.28	4
22:8	EXO.21.6	3
22:8	DEU.16.18	3
22:8	EXO.22.9	2
22:8	DEU.17.8-DEU.17.9	2
22:8	DEU.19.17-DEU.19.18	2
22:8	1CH.23.4	2
22:8	PSA.82.1	2
22:9	DEU.25.1	7
22:9	EXO.22.4	5
22:9	EXO.23.6-EXO.23.8	5
22:9	NUM.5.6-NUM.5.7	5
22:9	1KI.8.31	4
22:9	2CH.19.10	4
22:9	MAT.18.35	4
22:9	LUK.17.3-LUK.17.4	4
22:9	EXO.18.21-EXO.18.22	3
22:9	EXO.22.7-EXO.22.8	3
22:9	EXO.22.28	3
22:9	DEU.16.18-DEU.16.19	3
22:9	MAT.6.14-MAT.6.15	3
22:9	MAT.18.15	3
22:10	GEN.39.8	2
22:10	LUK.12.48	2
22:10	LUK.16.11	2
22:10	2TI.1.12	2
22:11	HEB.6.16	6
22:11	EXO.22.8	2
22:11	EXO.23.1	2
22:11	LEV.5.1	2
22:11	LEV.6.3	2
22:11	1KI.2.42-1KI.2.43	2
22:11	PRO.30.9	2
22:12	GEN.31.39	4
22:12	EXO.22.7	2
22:13	EZK.4.14	2
22:13	AMO.3.12	2
22:13	MIC.5.8	2
22:13	NAM.2.12	2
22:14	DEU.23.19-DEU.23.20	5
22:14	EXO.21.34	4
22:14	LEV.24.18	4
22:14	DEU.15.2	4
22:14	LUK.6.35	4
22:14	EXO.22.11	3
22:14	PSA.37.21	3
22:14	MAT.5.42	3
22:14	NEH.5.4	2
22:15	ZEC.8.10	2
22:16	DEU.22.28-DEU.22.29	13
22:16	GEN.34.2-GEN.34.4	1
22:17	GEN.34.12	6
22:17	1SA.18.25	5
22:17	DEU.7.3-DEU.7.4	4
22:17	DEU.22.29	4
22:17	GEN.23.16	1
22:18	LEV.20.27	22
22:18	DEU.18.10-DEU.18.11	11
22:18	1SA.28.3	10
22:18	LEV.20.6	9
22:18	LEV.19.31	7
22:18	REV.22.15	7
22:18	LEV.19.26	6
22:18	ISA.19.3	6
22:18	GAL.5.20	5
22:18	1SA.28.9	4
22:18	ACT.8.9-ACT.8.11	4
22:18	ACT.19.19	4
22:18	ACT.16.16-ACT.16.19	1
22:19	LEV.18.23	7
22:19	DEU.27.21	7
22:19	LEV.20.15-LEV.20.16	5
22:19	LEV.18.25	2
22:20	DEU.17.2-DEU.17.5	7
22:20	NUM.25.7-NUM.25.8	6
22:20	DEU.18.20	6
22:20	DEU.13.1-DEU.13.15	5
22:20	NUM.25.2-NUM.25.4	4
22:20	NUM.21.3	3
22:20	JOS.23.15-JOS.23.16	3
22:21	EXO.23.9	7
22:21	DEU.10.19	7
22:21	LEV.19.33	6
22:21	ZEC.7.10	4
22:21	EXO.20.2	3
22:21	LEV.25.35	3
22:21	DEU.23.7	3
22:21	JER.7.6	3
22:21	MAL.3.5	3
22:21	DEU.15.15	2
22:21	JER.22.3	2
22:22	DEU.24.17	7
22:22	ISA.1.17	7
22:22	ISA.1.23	6
22:22	DEU.10.18	5
22:22	DEU.27.19	5
22:22	ISA.10.2	5
22:22	EZK.22.7	5
22:22	ZEC.7.10	5
22:22	JAS.1.27	5
22:22	PSA.94.6-PSA.94.7	4
22:23	JOB.34.28	6
22:23	PSA.10.17-PSA.10.18	6
22:23	PSA.18.6	6
22:23	LUK.18.7	6
22:23	DEU.15.9	5
22:23	JOB.35.9	4
22:23	JAS.5.4	4
22:23	PSA.145.19	3
22:23	PSA.146.7-PSA.146.9	3
22:23	DEU.24.15	2
22:23	JOB.31.38-JOB.31.39	2
22:23	PSA.140.12	2
22:23	PRO.22.22-PRO.22.23	2
22:23	PRO.23.10-PRO.23.11	2
22:24	PSA.109.9	5
22:24	JER.15.8	4
22:24	PSA.69.24	3
22:24	PSA.76.7	3
22:24	PSA.78.63-PSA.78.64	3
22:24	PSA.90.11	3
22:24	LAM.5.3	3
22:24	JOB.27.13-JOB.27.15	2
22:24	JOB.31.23	2
22:24	JER.18.21	2
22:24	NAM.1.6	2
22:24	LUK.6.38	2
22:24	ROM.2.5-ROM.2.9	2
22:24	HEB.10.31	2
22:25	LEV.25.35-LEV.25.37	9
22:25	PSA.15.5	9
22:25	DEU.23.19-DEU.23.20	7
22:25	EZK.18.8	6
22:25	NEH.5.7	5
22:25	PRO.28.8	5
22:25	EZK.18.17	3
22:25	2KI.4.1	2
22:25	2KI.4.7	2
22:25	NEH.5.2-NEH.5.5	2
22:25	NEH.5.10-NEH.5.11	2
22:25	JER.15.10	2
22:25	EZK.18.13	2
22:25	EZK.22.12	1
22:25	MAT.25.27	1
22:25	LUK.19.23	1
22:26	PRO.20.16	5
22:26	AMO.2.8	4
22:26	DEU.24.6	3
22:26	DEU.24.10-DEU.24.13	2
22:26	DEU.24.17	2
22:26	JOB.24.3	2
22:26	PRO.22.27	2
22:26	EZK.18.7	2
22:26	EZK.18.16	2
22:26	JOB.22.6	1
22:26	JOB.24.9	1
22:26	EZK.33.15	1
22:27	EXO.34.6	6
22:27	2CH.30.9	4
22:27	PSA.86.15	4
22:27	EXO.22.23	3
22:27	PSA.34.6	3
22:27	PSA.72.12	3
22:27	PSA.136.10-PSA.136.11	3
22:27	EXO.2.23-EXO.2.24	2
22:27	ISA.19.20	2
22:28	ECC.10.20	8
22:28	ACT.23.5	8
22:28	JUD.1.8	7
22:28	EXO.21.17	6
22:28	EXO.22.8-EXO.22.9	6
22:28	1SA.24.6	5
22:28	1SA.24.10	5
22:28	1SA.26.9	5
22:28	PSA.32.6	5
22:28	PSA.138.1	5
22:28	ROM.13.2-ROM.13.7	5
22:28	TIT.3.1-TIT.3.2	5
22:28	2PE.2.10	5
22:28	PSA.82.1-PSA.82.7	4
22:28	JHN.10.34-JHN.10.35	4
22:28	ACT.23.3	4
22:28	1PE.2.17	4
22:28	LEV.24.16	3
22:29	EXO.13.2	6
22:29	EXO.23.16	6
22:29	EXO.23.19	5
22:29	DEU.26.2-DEU.26.10	5
22:29	JAS.1.18	5
22:29	PRO.3.9-PRO.3.10	4
22:29	ROM.8.23	4
22:29	EXO.13.12	3
22:29	EXO.34.19	3
22:29	MIC.7.1	3
22:29	MAT.6.33	3
22:29	2KI.4.42	2
22:29	2CH.31.5	2
22:29	EZK.20.40	2
22:30	LEV.22.27	8
22:30	DEU.15.19	7
22:30	EXO.13.12	3
22:30	LEV.12.3	3
22:31	LEV.19.2	7
22:31	EZK.4.14	7
22:31	LEV.22.8	4
22:31	DEU.14.21	4
22:31	EZK.44.31	4
22:31	ACT.15.20	4
22:31	1PE.1.15-1PE.1.16	4
22:31	EXO.19.5-EXO.19.6	2
22:31	LEV.11.44-LEV.11.45	2
22:31	LEV.17.15-LEV.17.16	2
22:31	LEV.20.25	2
22:31	ACT.10.14	2
23:1	PSA.101.5	15
23:1	PRO.19.5	10
23:1	DEU.19.16-DEU.19.21	7
23:1	EXO.20.16	6
23:1	MAT.26.59-MAT.26.61	6
23:1	LEV.19.16	5
23:1	DEU.5.20	5
23:1	PSA.35.11	5
23:1	ROM.3.8	5
23:1	PRO.19.9	4
23:1	ACT.6.11-ACT.6.13	4
23:1	REV.12.10	4
23:1	LEV.19.11	3
23:1	PSA.15.3	3
23:1	PRO.6.19	3
23:1	PRO.10.18	3
23:1	PRO.21.28	3
23:1	EPH.4.25	3
23:1	2TI.3.3	3
23:1	1PE.3.16	3
23:1	EXO.23.7	2
23:1	2SA.16.3	2
23:1	2SA.19.27	2
23:1	1KI.21.10-1KI.21.13	2
23:1	PSA.27.12	2
23:1	PSA.120.3	2
23:1	PRO.12.17	2
23:1	PRO.17.4	2
23:1	PRO.19.28	2
23:1	PRO.24.28	2
23:1	PRO.25.18	2
23:1	PRO.25.23	2
23:1	JER.20.10	2
23:1	MAT.19.18	2
23:1	MAT.28.14-MAT.28.15	2
23:1	LUK.3.14	2
23:1	LUK.19.8	2
23:2	PRO.1.10-PRO.1.11	11
23:2	PRO.1.15	10
23:2	LUK.23.23-LUK.23.24	7
23:2	JOB.31.34	6
23:2	MAT.27.24-MAT.27.26	6
23:2	EXO.23.6-EXO.23.7	5
23:2	DEU.1.17	5
23:2	1KI.19.10	5
23:2	EXO.32.1-EXO.32.5	4
23:2	NUM.14.1-NUM.14.10	4
23:2	JOS.24.15	4
23:2	PRO.4.14	4
23:2	MRK.15.15	4
23:2	LUK.23.51	4
23:2	JHN.7.50-JHN.7.51	4
23:2	GEN.6.12	3
23:2	GEN.19.4	3
23:2	GEN.19.7-GEN.19.9	3
23:2	LEV.19.15	3
23:2	PSA.72.2	3
23:2	JER.37.15	3
23:2	JER.37.21	3
23:2	JER.38.5-JER.38.6	3
23:2	JER.38.9	3
23:2	ACT.24.27	3
23:2	ACT.25.9	3
23:2	GEN.7.1	2
23:2	DEU.16.19	2
23:2	DEU.24.17	2
23:2	EZK.9.9	2
23:2	ROM.1.32	2
23:2	GAL.2.11-GAL.2.13	2
23:2	1SA.15.9	1
23:2	HAG.1.4	1
23:3	LEV.19.15	7
23:3	JAS.3.17	6
23:3	PSA.82.2-PSA.82.3	5
23:3	DEU.1.17	4
23:4	DEU.22.1-DEU.22.4	8
23:4	1TH.5.15	4
23:4	MAT.5.44	3
23:4	ROM.12.17-ROM.12.21	3
23:4	PRO.25.21	2
23:4	LUK.6.27-LUK.6.28	2
23:4	JOB.31.29-JOB.31.30	1
23:4	PRO.24.17-PRO.24.18	1
23:5	DEU.22.4	7
23:6	JER.5.28	4
23:6	MAL.3.5	4
23:6	EXO.23.2-EXO.23.3	3
23:6	LEV.19.15	3
23:6	DEU.16.19	3
23:6	DEU.27.19	3
23:6	ECC.5.8	3
23:6	ISA.10.1-ISA.10.2	3
23:6	JAS.2.5-JAS.2.6	3
23:6	2CH.19.7	2
23:6	JOB.31.13	2
23:6	JOB.31.21-JOB.31.22	2
23:6	PSA.82.3-PSA.82.4	2
23:6	JER.6.28	2
23:6	JER.7.6	2
23:6	AMO.5.11-AMO.5.12	2
23:6	MIC.3.1-MIC.3.4	2
23:6	ZEP.3.1-ZEP.3.4	2
23:7	EPH.4.25	11
23:7	EXO.23.1	6
23:7	DEU.27.25	6
23:7	EXO.34.7	5
23:7	ROM.1.18	5
23:7	1TH.5.22	5
23:7	LEV.19.11	4
23:7	DEU.19.16-DEU.19.21	3
23:7	EXO.20.13	2
23:7	JOB.22.23	2
23:7	PRO.4.14-PRO.4.15	2
23:7	PRO.17.15	2
23:7	ISA.33.15	2
23:7	NAM.1.3	2
23:7	LUK.3.14	2
23:7	ROM.2.5-ROM.2.6	2
23:8	DEU.16.19	11
23:8	PRO.17.23	10
23:8	ISA.5.23	10
23:8	PRO.15.27	8
23:8	1SA.8.3	6
23:8	PSA.26.10	6
23:8	DEU.10.17	5
23:8	ECC.7.7	5
23:8	1SA.12.3	4
23:8	PRO.17.8	4
23:8	PRO.19.4	4
23:8	EZK.22.12	4
23:8	AMO.5.12	4
23:8	MIC.7.3	3
23:8	ISA.1.13	2
23:8	HOS.4.18	2
23:9	EXO.22.21	4
23:9	DEU.27.19	4
23:9	DEU.24.14-DEU.24.18	3
23:9	MAT.18.33	3
23:9	EXO.21.21	2
23:9	DEU.10.19	2
23:9	PSA.94.6	2
23:9	EZK.22.7	2
23:9	HEB.2.17-HEB.2.18	2
23:10	LEV.25.3-LEV.25.4	4
23:11	LEV.25.2-LEV.25.7	4
23:11	LEV.25.11-LEV.25.12	3
23:11	LEV.26.34-LEV.26.35	3
23:11	LEV.25.20	2
23:11	LEV.25.22	2
23:12	LUK.13.14	5
23:12	EXO.20.8-EXO.20.11	3
23:12	EXO.31.15-EXO.31.16	3
23:12	EXO.34.21	3
23:12	EXO.35.3	3
23:12	DEU.5.13-DEU.5.15	2
23:12	ISA.58.3	1
23:13	JOS.23.7	14
23:13	ZEC.13.2	13
23:13	DEU.4.9	11
23:13	DEU.12.3	10
23:13	HOS.2.17	10
23:13	1TI.4.16	10
23:13	JOS.22.5	8
23:13	JOS.23.11	7
23:13	PSA.16.4	7
23:13	JER.10.11	7
23:13	DEU.4.15	6
23:13	PSA.39.1	6
23:13	EPH.5.15	6
23:13	HEB.12.15	6
23:13	1CH.28.7-1CH.28.9	5
23:13	EPH.5.12	5
23:13	NUM.32.38	1
23:14	DEU.16.16	6
23:14	EXO.23.17	2
23:14	EXO.34.22-EXO.34.24	2
23:14	LEV.23.5	2
23:14	LEV.23.16	2
23:14	LEV.23.34	2
23:15	LUK.22.7	6
23:15	EXO.34.20	5
23:15	PRO.3.9-PRO.3.10	5
23:15	NUM.28.16-NUM.28.25	4
23:15	DEU.16.16	4
23:15	LEV.23.5-LEV.23.8	3
23:15	DEU.16.1-DEU.16.8	3
23:15	2KI.23.21-2KI.23.23	3
23:15	EXO.12.14-EXO.12.28	2
23:15	EXO.12.43-EXO.12.49	2
23:15	EXO.13.4	2
23:15	EXO.13.6-EXO.13.7	2
23:15	EXO.34.18	2
23:15	LEV.23.10	2
23:15	JOS.5.10-JOS.5.11	2
23:15	MRK.14.12	2
23:15	1CO.5.7-1CO.5.8	2
23:15	NUM.9.2-NUM.9.14	1
23:16	EXO.34.22	10
23:16	LEV.23.9-LEV.23.21	4
23:16	EXO.22.29	3
23:16	LEV.23.34-LEV.23.44	3
23:16	NUM.29.12-NUM.29.39	2
23:16	DEU.16.9-DEU.16.15	2
23:16	NEH.8.14-NEH.8.18	2
23:16	ZEC.14.16-ZEC.14.19	2
23:16	JHN.7.2	2
23:16	JHN.7.37	2
23:16	ACT.2.1	2
23:16	NUM.28.26-NUM.28.31	1
23:17	DEU.16.16	7
23:17	EXO.34.23	3
23:17	EXO.23.14	2
23:17	DEU.12.5	2
23:17	DEU.31.11	2
23:17	PSA.84.7	2
23:17	LUK.2.42	2
23:18	EXO.34.25	6
23:18	EXO.12.10	5
23:18	LEV.2.11	5
23:18	DEU.16.4	5
23:18	EXO.12.8	4
23:18	LEV.7.15	4
23:18	EXO.12.15	3
23:18	LEV.7.12	3
23:19	EXO.34.26	10
23:19	DEU.14.21	8
23:19	DEU.26.10	6
23:19	NEH.10.35	6
23:19	EXO.22.29	5
23:19	NUM.18.12-NUM.18.13	4
23:19	DEU.26.2	4
23:19	PRO.12.10	3
23:19	JER.10.3	3
23:19	1CO.15.20	3
23:19	REV.14.4	3
23:19	LEV.23.10-LEV.23.17	2
23:19	DEU.12.5-DEU.12.7	2
23:20	EXO.33.14	44
23:20	PSA.91.11	40
23:20	EXO.32.34	32
23:20	EXO.14.19	31
23:20	EXO.33.2	29
23:20	ISA.63.9	28
23:20	JHN.14.3	22
23:20	MAL.3.1	20
23:20	MAT.25.34	20
23:20	NUM.20.16	17
23:20	JOS.5.13	15
23:20	JOS.6.2	14
23:20	EXO.15.17	13
23:20	EXO.3.2-EXO.3.6	12
23:20	GEN.48.16	11
23:20	GEN.15.18	9
23:20	1CO.10.9-1CO.10.10	8
23:21	PSA.78.56	15
23:21	PSA.78.40	11
23:21	HEB.12.25	11
23:21	JHN.10.30	9
23:21	JHN.10.38	9
23:21	EXO.3.14	8
23:21	JOS.24.19	8
23:21	JHN.5.23	8
23:21	EPH.4.30	8
23:21	HEB.10.26-HEB.10.29	8
23:21	COL.2.9	7
23:21	EXO.6.3	6
23:21	EXO.32.34	6
23:21	NUM.14.11	6
23:21	NUM.14.35	6
23:21	DEU.18.19	6
23:21	PSA.2.12	5
23:21	PSA.72.19	5
23:21	PSA.83.18	5
23:21	ISA.7.14	5
23:21	ISA.9.6	5
23:21	ISA.42.8	5
23:21	ISA.45.6	5
23:21	JER.23.6	5
23:21	MAT.1.23	5
23:21	REV.2.8	5
23:21	REV.2.23	5
23:21	EXO.34.5-EXO.34.7	4
23:21	ISA.57.15	4
23:21	MAT.17.5	4
23:21	JHN.14.9-JHN.14.10	4
23:21	REV.3.7	4
23:21	HEB.3.10-HEB.3.11	3
23:21	1JN.5.16	3
23:21	REV.1.8	3
23:21	JER.5.7	2
23:21	HEB.3.16	2
23:22	GEN.12.3	17
23:22	DEU.30.7	13
23:22	ZEC.2.8	8
23:22	JER.30.20	7
23:22	NUM.24.9	5
23:22	ACT.9.4-ACT.9.5	5
23:23	EXO.23.20	8
23:23	ISA.5.13	5
23:23	GEN.15.19-GEN.15.21	3
23:23	GEN.34.2	3
23:23	EXO.3.17	2
23:23	EXO.32.2	2
23:23	JOS.24.8-JOS.24.11	1
23:24	EXO.20.5	9
23:24	NUM.33.52	6
23:24	DEU.12.30-DEU.12.31	6
23:24	DEU.7.5	4
23:24	DEU.12.3	4
23:24	EXO.32.20	3
23:24	LEV.18.3	3
23:24	2CH.33.9	3
23:24	PSA.106.35-PSA.106.38	3
23:24	EXO.34.13-EXO.34.14	2
23:24	LEV.18.26-LEV.18.30	2
23:24	DEU.7.25-DEU.7.26	2
23:24	2CH.33.2	2
23:24	2CH.34.3-2CH.34.7	2
23:24	PSA.101.3	2
23:24	EZK.16.47	2
23:25	DEU.7.15	62
23:25	EXO.15.26	43
23:25	JOS.22.5	33
23:25	PSA.103.3	32
23:25	ISA.33.24	32
23:25	DEU.7.13	29
23:25	DEU.10.12	28
23:25	DEU.6.13	27
23:25	1SA.12.20	24
23:25	MAT.4.10	24
23:25	DEU.11.13-DEU.11.14	23
23:25	DEU.10.20	22
23:25	DEU.13.4	18
23:25	JOS.24.21	18
23:25	1SA.7.3	18
23:25	JOS.24.24	15
23:25	JOS.24.14-JOS.24.15	13
23:25	MAL.3.10	13
23:25	DEU.28.1-DEU.28.14	12
23:25	ISA.33.16	12
23:25	1SA.12.24	11
23:25	JER.8.2	8
23:26	DEU.7.14	26
23:26	DEU.28.4	22
23:26	JOB.5.26	20
23:26	JOB.21.10	15
23:26	ISA.65.20	14
23:26	PSA.107.38	13
23:26	PSA.144.13	13
23:26	GEN.35.29	12
23:26	1CH.23.1	12
23:26	MAL.3.10-MAL.3.11	12
23:26	GEN.25.8	11
23:26	JOB.42.17	11
23:26	PSA.55.23	5
23:26	PSA.90.10	3
23:27	DEU.2.25	16
23:27	GEN.35.5	14
23:27	DEU.7.23	12
23:27	DEU.11.25	12
23:27	EXO.15.14-EXO.15.16	8
23:27	PSA.18.40	8
23:27	DEU.11.23	6
23:27	1SA.14.15	6
23:27	2KI.7.6	6
23:27	2CH.14.14	6
23:27	JOS.2.9-JOS.2.11	5
23:28	DEU.7.20	7
23:28	JOS.24.11-JOS.24.12	6
23:29	DEU.7.22	14
23:29	JDG.3.1-JDG.3.4	8
23:29	JOS.17.12-JOS.17.13	7
23:29	JOS.15.63	6
23:29	JOS.16.10	6
23:31	GEN.15.18	10
23:31	DEU.11.24	8
23:31	JOS.21.44	7
23:31	NUM.34.3-NUM.34.15	5
23:31	JOS.1.4	5
23:31	JOS.24.18	4
23:31	1KI.4.24	4
23:31	JDG.1.4	3
23:31	JDG.11.21	3
23:31	1KI.4.21	3
23:31	PSA.72.8	3
23:31	NUM.21.34	2
23:31	DEU.3.2	2
23:31	JOS.8.7	2
23:31	JOS.8.18	2
23:31	JOS.10.8	2
23:31	JOS.10.19	2
23:31	JOS.23.14	2
23:31	JOS.24.8	2
23:31	JOS.24.12	2
23:31	1SA.23.4	2
23:31	1KI.20.13	2
23:32	EXO.34.12	11
23:32	DEU.7.2	10
23:32	EXO.34.15	7
23:32	DEU.7.16	6
23:32	PSA.106.35	6
23:32	2CO.6.15	6
23:32	NUM.25.1-NUM.25.2	5
23:32	JOS.9.14-JOS.9.23	5
23:32	2SA.21.1-2SA.21.2	3
23:33	PSA.106.36	7
23:33	DEU.7.16	6
23:33	EXO.34.12	5
23:33	JOS.23.13	5
23:33	JDG.2.3	5
23:33	DEU.12.30	4
23:33	2TI.2.26	4
23:33	1SA.18.21	3
23:33	1KI.14.16	3
23:33	2CH.33.9	3
23:33	DEU.7.2-DEU.7.3	2
24:1	NUM.11.16	7
24:1	EXO.6.23	5
24:1	LEV.10.1-LEV.10.2	4
24:1	EXO.19.24	3
24:1	EXO.28.1	3
24:1	EXO.1.5	2
24:1	EXO.3.5	2
24:1	EXO.19.9	2
24:1	EXO.19.20	2
24:1	EXO.20.21	2
24:1	EXO.24.9	2
24:1	EXO.24.15	2
24:1	EXO.34.2	2
24:1	NUM.11.24-NUM.11.25	2
24:1	1CH.6.3	2
24:1	EZK.8.11	2
24:1	LUK.10.1	2
24:1	LUK.10.17	2
24:2	EXO.24.13	3
24:2	EXO.24.15	3
24:2	EXO.24.18	3
24:2	HEB.10.21-HEB.10.22	3
24:2	NUM.16.5	2
24:2	JER.30.21	2
24:2	JER.49.19	2
24:2	HEB.9.24	2
24:2	EXO.20.21	1
24:3	EXO.19.8	12
24:3	EXO.24.7	8
24:3	JOS.24.22	6
24:3	DEU.5.1	4
24:3	DEU.6.1	4
24:3	DEU.4.1	3
24:3	DEU.4.5	3
24:3	DEU.4.45	3
24:3	DEU.5.27-DEU.5.28	3
24:3	EXO.21.1-EXO.21.23	2
24:3	DEU.5.31	2
24:3	DEU.11.1	2
24:3	GAL.3.19-GAL.3.20	2
24:4	GEN.28.18	4
24:4	DEU.31.9	4
24:4	JOS.4.8-JOS.4.9	3
24:4	LUK.22.30	3
24:4	GAL.2.9	3
24:4	REV.21.14	3
24:4	GEN.28.22	2
24:4	GEN.31.45	2
24:4	EXO.20.24-EXO.20.26	2
24:4	EXO.28.21	2
24:4	LEV.24.5	2
24:4	NUM.17.2	2
24:4	JOS.4.2-JOS.4.3	2
24:4	JOS.24.26-JOS.24.27	2
24:4	1KI.11.30	2
24:4	EZR.6.17	2
24:4	JOS.4.20	1
24:5	EXO.18.12	3
24:5	EXO.19.22	2
24:5	LEV.1.1-LEV.1.17	2
24:5	LEV.3.1-LEV.3.17	2
24:5	LEV.7.11-LEV.7.21	2
24:6	1PE.1.19	20
24:6	EXO.24.8	10
24:6	HEB.9.18	6
24:6	LEV.4.6	3
24:6	EXO.12.7	2
24:6	EXO.12.22	2
24:6	EXO.29.16	2
24:6	EXO.29.20	2
24:6	LEV.1.5	2
24:6	LEV.1.11	2
24:6	LEV.3.2	2
24:6	LEV.3.8	2
24:6	COL.1.20	2
24:6	HEB.12.24	2
24:6	1PE.1.2	2
24:7	DEU.31.11-DEU.31.13	8
24:7	EXO.24.3-EXO.24.4	6
24:7	HEB.9.18-HEB.9.23	6
24:7	JER.7.23-JER.7.24	5
24:7	ACT.13.15	5
24:7	COL.4.16	5
24:7	1TH.5.27	5
24:8	HEB.10.4-HEB.10.5	24
24:8	EXO.24.6	23
24:8	EZK.36.25	22
24:8	MAT.26.28	10
24:8	1CO.11.25	8
24:8	HEB.13.20	8
24:8	MRK.14.24	7
24:8	HEB.9.18-HEB.9.21	7
24:8	1PE.1.2	7
24:8	ZEC.9.11	5
24:8	LUK.22.20	5
24:8	ISA.52.15	4
24:8	EPH.1.7	4
24:8	LEV.8.30	3
24:9	EXO.24.1	1
24:10	JHN.1.18	10
24:10	EZK.10.1	7
24:10	GEN.32.30	5
24:10	EXO.33.20	5
24:10	EXO.33.23	5
24:10	EZK.1.26-EZK.1.28	5
24:10	ISA.6.1-ISA.6.5	4
24:10	1TI.6.16	4
24:10	REV.4.3	4
24:10	MAT.17.2	3
24:10	JHN.6.46	3
24:10	JHN.14.9	3
24:10	1JN.4.12	3
24:10	REV.21.11	3
24:10	EXO.3.6	2
24:10	JDG.13.21-JDG.13.22	2
24:10	1KI.22.19	2
24:10	SNG.6.10	2
24:10	REV.1.16	2
24:10	REV.21.18-REV.21.23	1
24:11	EXO.18.12	5
24:11	LUK.15.23-LUK.15.24	5
24:11	GEN.31.54	4
24:11	GEN.16.13	3
24:11	EXO.19.21	3
24:11	DEU.12.7	3
24:11	ECC.9.7	3
24:11	1CO.10.16-1CO.10.18	3
24:11	GEN.18.18	2
24:11	GEN.32.24-GEN.32.32	2
24:11	EXO.24.1	2
24:11	EXO.24.9-EXO.24.10	2
24:11	EXO.33.20-EXO.33.23	2
24:11	NUM.21.18	2
24:11	DEU.4.33	2
24:11	JDG.5.13	2
24:11	JDG.13.22	2
24:11	1KI.21.8	2
24:11	2CH.23.20	2
24:11	NEH.2.16	2
24:11	JER.14.3	2
24:12	DEU.5.22	10
24:12	EXO.31.18	7
24:12	EXO.32.15-EXO.32.16	6
24:12	HEB.9.4	5
24:12	JER.31.33	4
24:12	2CO.3.3	4
24:12	EXO.24.2	3
24:12	EXO.24.15	3
24:12	EXO.24.18	3
24:12	DEU.4.14	3
24:12	2CO.3.7	3
24:12	EZR.7.10	2
24:12	NEH.9.13	2
24:12	MAT.5.19	2
24:13	EXO.33.11	5
24:13	NUM.11.28	5
24:13	EXO.3.1	3
24:13	EXO.17.9-EXO.17.14	3
24:13	EXO.32.17	2
24:14	EXO.17.12	5
24:14	EXO.17.10	4
24:14	GEN.22.5	3
24:14	EXO.18.25-EXO.18.26	2
24:14	EXO.32.1	2
24:14	1SA.10.8	2
24:14	1SA.13.8-1SA.13.13	2
24:15	EXO.19.9	7
24:15	MAT.17.5	5
24:15	EXO.19.16	4
24:15	2CH.6.1	3
24:16	EXO.16.10	8
24:16	NUM.16.42	6
24:16	EZK.1.28	5
24:16	LEV.9.23	4
24:16	EXO.19.11	3
24:16	EXO.20.10	3
24:16	EXO.24.17	3
24:16	NUM.14.10	3
24:16	PSA.99.7	3
24:16	2CO.4.6	3
24:16	REV.1.10	2
24:17	HEB.12.29	7
24:17	DEU.4.24	6
24:17	EXO.3.2	5
24:17	DEU.4.36	5
24:17	HEB.12.18	5
24:17	EXO.19.18	4
24:17	HAB.3.4-HAB.3.5	4
24:17	EZK.1.27	3
24:17	NAM.1.6	2
24:18	DEU.9.9	6
24:18	EXO.34.28	5
24:18	DEU.10.10	5
24:18	DEU.9.18	4
24:18	DEU.9.25	4
24:18	EXO.9.29	2
24:18	EXO.9.33	2
24:18	EXO.19.20	2
24:18	EXO.24.17	2
24:18	1KI.19.8	2
24:18	MAT.4.2	2
24:18	MRK.1.13	2
24:18	LUK.4.2	2
24:18	PRO.28.1	1
25:2	2CO.9.7	13
25:2	NEH.11.2	9
25:2	EZR.2.68	8
25:2	EZR.1.6	7
25:2	EZR.7.16	7
25:2	EZR.3.5	5
25:2	1CH.29.1-1CH.29.30	4
25:2	PSA.110.3	4
25:2	NUM.18.24	3
25:2	DEU.16.16-DEU.16.17	3
25:2	JDG.5.9	3
25:2	EXO.35.4-EXO.35.29	2
25:2	NUM.7.3-NUM.7.88	2
25:2	2CO.8.11-2CO.8.12	1
25:3	DEU.8.9	3
25:3	JOB.28.2	2
25:4	REV.19.8	3
25:4	GEN.41.42	2
25:4	EZK.16.10	2
25:5	EXO.26.14-EXO.26.15	2
25:5	EXO.26.26	2
25:5	EXO.26.37-EXO.27.1	2
25:5	EXO.36.20	2
25:6	EXO.27.20	6
25:6	EXO.25.37	2
25:6	EXO.30.23-EXO.30.38	2
25:6	EXO.40.24-EXO.40.25	2
25:7	EXO.28.4	6
25:7	EXO.28.6-EXO.28.30	2
25:8	2CO.6.16	21
25:8	REV.21.3	15
25:8	1KI.6.13	14
25:8	EXO.29.45	10
25:8	HEB.9.1-HEB.9.2	8
25:8	ZEC.2.10	7
25:8	ISA.12.6	4
25:8	ZEC.8.3	4
25:8	HEB.3.6	4
25:8	NUM.5.3	3
25:8	EXO.15.2	1
25:8	LEV.4.6	1
25:8	LEV.21.12	1
25:8	EXO.36.1-EXO.36.5	0
25:8	LEV.10.4	0
25:9	EXO.25.40	10
25:9	HEB.8.5	7
25:9	ACT.7.44	6
25:9	HEB.9.9	4
25:9	1CH.28.11-1CH.28.19	3
25:10	HEB.9.4	5
25:10	EXO.37.1-EXO.37.3	4
25:10	DEU.10.1-DEU.10.3	3
25:10	REV.11.19	2
25:10	2CH.8.11	1
25:11	EXO.25.24	3
25:11	EXO.30.3	2
25:11	1KI.6.20	2
25:11	2CH.3.4	2
25:12	EXO.25.15	3
25:12	EXO.37.5	3
25:12	EXO.25.26	1
25:12	EXO.26.29	1
25:12	EXO.27.7	1
25:12	EXO.38.7	1
25:13	EXO.25.28	2
25:13	EXO.27.6	2
25:13	EXO.30.5	2
25:13	EXO.37.4	2
25:13	EXO.40.20	2
25:13	NUM.4.6	2
25:13	NUM.4.8	2
25:13	NUM.4.11	2
25:13	NUM.4.14	2
25:13	1CH.15.15	2
25:15	1KI.8.8	5
25:15	2CH.5.9	2
25:16	DEU.31.26	5
25:16	1KI.8.9	5
25:16	HEB.9.4	4
25:16	EXO.16.34	3
25:16	EXO.27.21	2
25:16	EXO.30.6	2
25:16	EXO.30.36	2
25:16	EXO.31.18	2
25:16	EXO.32.15	2
25:16	EXO.34.29	2
25:16	EXO.38.21	2
25:16	NUM.17.4	2
25:16	DEU.10.2-DEU.10.5	2
25:16	2KI.11.12	2
25:16	2CH.34.14-2CH.34.15	2
25:16	ACT.7.44	2
25:16	ROM.3.2	2
25:17	EXO.37.6	5
25:17	HEB.9.5	5
25:17	ROM.3.25	4
25:17	EXO.40.20	3
25:17	LEV.16.12-LEV.16.15	3
25:17	1CH.28.11	3
25:17	HEB.4.16	3
25:17	EXO.26.34	2
25:17	1JN.2.2	2
25:18	EZK.10.20	4
25:18	HEB.9.5	4
25:18	1KI.8.6-1KI.8.7	3
25:18	1CH.28.18	3
25:18	EZK.10.2	3
25:18	GEN.3.24	2
25:18	EXO.37.7-EXO.37.9	2
25:18	1SA.4.4	2
25:18	1KI.6.23-1KI.6.28	2
25:18	EZK.41.18-EZK.41.19	2
25:20	1KI.8.7	5
25:20	1CH.28.18	5
25:20	HEB.9.5	4
25:20	GEN.28.12	2
25:20	EXO.25.18	2
25:20	2CH.3.10	2
25:20	ISA.6.1-ISA.6.5	2
25:20	EZK.1.20	2
25:20	EZK.28.14	2
25:20	MAT.24.31	2
25:20	JHN.1.51	2
25:20	1CO.4.9	2
25:20	1CO.11.10	2
25:20	EPH.3.10	2
25:20	COL.2.10	2
25:20	HEB.1.14	2
25:20	1PE.1.12	2
25:20	1PE.3.22	2
25:20	REV.5.11-REV.5.12	2
25:21	EXO.26.34	5
25:21	ROM.10.4	3
25:21	EXO.25.16-EXO.25.17	2
25:22	EXO.29.42-EXO.29.43	11
25:22	NUM.7.89	9
25:22	ISA.37.16	8
25:22	2KI.19.15	6
25:22	PSA.80.1	6
25:22	LEV.16.2	5
25:22	NUM.17.4	5
25:22	1SA.4.4	5
25:22	EXO.30.6	4
25:22	EXO.30.36	4
25:22	2SA.6.2	4
25:22	PSA.99.1	4
25:22	JDG.20.27	3
25:22	GEN.18.33	2
25:22	EXO.20.24	2
25:22	EXO.31.6	2
25:22	EXO.31.18	2
25:22	LEV.1.1	2
25:22	DEU.5.26-DEU.5.31	2
25:22	PSA.90.1	2
25:23	EXO.37.10-EXO.37.16	4
25:23	HEB.9.2	4
25:23	1KI.7.48	3
25:23	2CH.4.8	3
25:23	EXO.40.22-EXO.40.23	2
25:23	LEV.24.6	2
25:23	NUM.3.31	2
25:23	1CH.28.16	2
25:23	2CH.4.19	2
25:23	EZK.40.41-EZK.40.42	2
25:24	EXO.25.11	5
25:24	1KI.6.20-1KI.6.22	2
25:25	EXO.30.3	2
25:25	EXO.37.2	2
25:27	EXO.25.14	2
25:27	EXO.25.28	2
25:28	EXO.25.14	2
25:28	EXO.25.27	2
25:28	NUM.10.17	2
25:28	ACT.9.15	2
25:29	NUM.4.7	5
25:29	EXO.37.16	4
25:29	REV.3.20	3
25:29	LEV.24.5-LEV.24.9	2
25:29	NUM.7.13	2
25:29	NUM.7.19	2
25:29	NUM.7.31-NUM.7.33	2
25:29	1KI.7.50	2
25:29	2CH.4.22	2
25:29	EZR.1.9-EZR.1.11	2
25:29	SNG.5.1	2
25:29	JER.52.18-JER.52.19	2
25:30	LEV.24.5-LEV.24.9	5
25:30	MAT.12.4	5
25:30	EXO.39.36	4
25:30	EXO.35.13	2
25:30	NUM.4.7	2
25:30	1SA.21.6	2
25:30	1CH.9.32	2
25:30	1CH.23.29	2
25:30	2CH.13.11	2
25:30	MAL.1.7	2
25:30	MAL.1.12	2
25:31	EXO.37.17-EXO.37.24	5
25:31	1KI.7.49	5
25:31	ZEC.4.2	5
25:31	HEB.9.2	4
25:31	REV.1.12	4
25:31	EXO.35.14	3
25:31	REV.1.20-REV.2.1	3
25:31	EXO.40.24-EXO.40.25	2
25:31	1KI.6.18	2
25:31	1KI.7.24	2
25:31	2CH.13.11	2
25:31	REV.4.5	2
25:31	REV.2.5	1
25:33	EXO.37.19-EXO.37.20	2
25:33	NUM.17.4-NUM.17.8	2
25:33	JER.1.11-JER.1.12	2
25:33	ZEC.4.3	2
25:36	EXO.25.18	2
25:36	NUM.8.4	2
25:36	1KI.10.16-1KI.10.17	2
25:36	2CH.9.15	2
25:37	NUM.8.2	7
25:37	REV.1.20-REV.2.1	5
25:37	EXO.27.21	3
25:37	LEV.24.2-LEV.24.4	3
25:37	2CH.13.11	3
25:37	ZEC.4.2	3
25:37	REV.1.12	3
25:37	EXO.30.8	2
25:37	EXO.37.23	2
25:37	EXO.40.24	2
25:37	PSA.119.105	2
25:37	PRO.6.23	2
25:37	ISA.8.20	2
25:37	MAT.5.14	2
25:37	LUK.1.79	2
25:37	JHN.1.9	2
25:37	JHN.8.12	2
25:37	JHN.12.5	2
25:37	ACT.26.18	2
25:37	REV.1.4	2
25:37	REV.4.5	2
25:37	REV.21.23-REV.21.25	2
25:37	REV.22.5	2
25:38	EXO.37.23	2
25:38	NUM.4.9	2
25:38	1KI.7.50	2
25:38	2KI.12.13	2
25:38	2KI.25.14	2
25:38	2CH.4.21	2
25:38	ISA.6.6	2
25:38	JER.52.18	2
25:40	EXO.26.30	7
25:40	ACT.7.44	7
25:40	HEB.8.5	7
25:40	EXO.25.9	6
25:40	NUM.8.4	6
25:40	1CH.28.19	5
25:40	EXO.39.42-EXO.39.43	4
25:40	1CH.28.11	4
25:40	EZK.43.11-EZK.43.12	2
26:1	EXO.36.8-EXO.36.19	5
26:1	EXO.26.36	4
26:1	EXO.25.18	3
26:1	EXO.26.31	3
26:1	EXO.36.35	3
26:1	EXO.25.4	2
26:1	EXO.25.8	2
26:1	EXO.35.6	2
26:1	EXO.35.35	2
26:1	EXO.40.2	2
26:1	EXO.40.17-EXO.40.19	2
26:1	1CH.17.1	2
26:1	1CH.21.29	2
26:1	JHN.1.14	2
26:1	JHN.2.21	2
26:1	HEB.8.2	2
26:1	HEB.9.9	2
26:1	HEB.9.23-HEB.9.24	2
26:1	REV.19.8	2
26:1	REV.21.3	2
26:2	NUM.4.25	3
26:2	2SA.7.2	3
26:2	1CH.17.1	3
26:2	EXO.26.7-EXO.26.8	1
26:3	EXO.26.9	2
26:3	EXO.36.10	2
26:3	JHN.17.21	2
26:3	1CO.12.4	2
26:3	1CO.12.12-1CO.12.27	2
26:3	EPH.2.21-EPH.2.22	2
26:3	EPH.4.3-EPH.4.6	2
26:3	EPH.4.16	2
26:3	COL.2.2	2
26:3	COL.2.19	2
26:4	EXO.26.5	2
26:4	EXO.26.10-EXO.26.11	2
26:4	EXO.36.11-EXO.36.12	2
26:4	EXO.36.17	2
26:6	EXO.26.11	2
26:6	EXO.26.33	2
26:6	EXO.35.11	2
26:6	EXO.36.13	2
26:6	EXO.36.18	2
26:6	EXO.39.33	2
26:6	EPH.1.22-EPH.1.23	2
26:6	EPH.4.16	2
26:6	1PE.2.4-1PE.2.5	2
26:7	EXO.26.14	3
26:7	EXO.25.4	2
26:7	EXO.26.1	2
26:7	EXO.26.9	2
26:7	EXO.26.12	2
26:7	EXO.35.6	2
26:7	EXO.35.23	2
26:7	EXO.35.26	2
26:7	EXO.36.14-EXO.36.18	2
26:7	NUM.4.25	2
26:7	NUM.31.20	2
26:7	PSA.45.13	2
26:7	ISA.4.5	2
26:7	1PE.3.4	2
26:7	1PE.5.5	2
26:8	EXO.26.2	2
26:8	EXO.26.13	2
26:11	EXO.26.3	2
26:11	EXO.26.6	2
26:13	EXO.26.2	2
26:13	EXO.26.8	2
26:14	EXO.36.19	5
26:14	EXO.25.5	3
26:14	EXO.35.7	2
26:14	EXO.35.23	2
26:14	EXO.39.34	2
26:14	NUM.4.5	2
26:14	NUM.4.10	2
26:14	PSA.27.5	2
26:14	PSA.121.4-PSA.121.5	2
26:14	ISA.4.6	2
26:14	ISA.25.4	2
26:14	EZK.16.10	2
26:15	EXO.36.20-EXO.36.33	3
26:15	EXO.25.5	2
26:15	EXO.26.18	2
26:15	EXO.26.22-EXO.26.29	2
26:15	EXO.40.17-EXO.40.18	2
26:15	NUM.4.31-NUM.4.32	2
26:15	EPH.2.20-EPH.2.21	2
26:17	EXO.26.19	2
26:17	EXO.36.22	2
26:17	EXO.36.24	2
26:19	EXO.38.27	3
26:19	EXO.26.25	2
26:19	EXO.26.37	2
26:19	EXO.27.10	2
26:19	EXO.27.12-EXO.27.18	2
26:19	EXO.36.24-EXO.36.26	2
26:19	EXO.38.30-EXO.38.31	2
26:19	EXO.40.18	2
26:19	NUM.3.36	2
26:19	NUM.4.31-NUM.4.32	2
26:19	SNG.5.15	2
26:24	EXO.36.29-EXO.36.30	2
26:24	PSA.133.1-PSA.133.3	2
26:24	1CO.1.10	2
26:24	1CO.3.16	2
26:24	1PE.2.5	2
26:26	EXO.36.31-EXO.36.38	2
26:26	NUM.3.36	2
26:26	NUM.4.31	2
26:26	ROM.15.1	2
26:26	1CO.9.19-1CO.9.20	2
26:26	GAL.6.1-GAL.6.2	2
26:26	EPH.4.16	2
26:26	COL.2.19	2
26:29	EXO.25.11-EXO.25.12	2
26:30	EXO.25.40	9
26:30	HEB.8.5	9
26:30	EXO.25.9	7
26:30	ACT.7.44	6
26:30	EXO.27.8	2
26:30	EXO.40.2	2
26:30	EXO.40.17-EXO.40.18	2
26:30	NUM.10.21	2
26:30	JOS.18.1	2
26:30	HEB.8.2	2
26:30	HEB.9.23	2
26:31	MAT.27.51	6
26:31	2CH.3.14	5
26:31	EXO.36.35	4
26:31	EXO.26.1	3
26:31	EXO.36.8	3
26:31	LEV.16.2	3
26:31	EXO.25.4	2
26:31	EXO.25.18	2
26:31	EXO.28.15	2
26:31	EXO.35.6	2
26:31	EXO.35.25	2
26:31	EXO.35.35	2
26:31	EXO.38.23	2
26:31	EXO.40.3	2
26:31	EXO.40.21	2
26:31	LEV.16.15	2
26:31	2CH.2.7-2CH.2.13	2
26:31	PSA.137.5	2
26:31	MRK.15.38	2
26:31	EPH.2.14	2
26:31	HEB.9.3-HEB.9.8	2
26:31	HEB.10.20-HEB.10.21	2
26:31	LUK.23.45	1
26:31	SNG.7.1	0
26:32	EXO.26.37	3
26:32	EXO.36.38	2
26:32	EST.1.6	2
26:33	EXO.40.21	4
26:33	LEV.16.2	4
26:33	HEB.9.2-HEB.9.3	4
26:33	EXO.25.16	3
26:33	GEN.9.4-GEN.9.5	2
26:33	EXO.27.10	2
26:33	EXO.36.36	2
26:33	1KI.8.6	2
26:33	1KI.8.10	2
26:33	2CH.5.7-2CH.5.10	2
26:34	EXO.25.21	5
26:34	EXO.40.20	5
26:34	HEB.9.5	3
26:35	EXO.40.22	5
26:35	EXO.40.24	5
26:35	HEB.9.2	4
26:35	EXO.25.31-EXO.25.37	2
26:35	HEB.9.8-HEB.9.9	2
26:36	EXO.36.37	4
26:36	EXO.26.31	2
26:36	EXO.35.11	2
26:36	EXO.39.33	2
26:36	EXO.40.28-EXO.40.29	2
26:36	NUM.3.25	2
26:36	NUM.9.15	2
26:36	2SA.7.6	2
26:36	PSA.78.60	2
26:36	JHN.10.9	2
26:36	JHN.14.6	2
26:37	EXO.36.38	3
27:1	EXO.38.1-EXO.38.7	4
27:1	EXO.20.24-EXO.20.26	2
27:1	EXO.24.4	2
27:1	EXO.40.10	2
27:1	EXO.40.29	2
27:1	2SA.24.18	2
27:1	2CH.4.1	2
27:1	EZK.43.13-EZK.43.17	2
27:1	HEB.13.10	2
27:2	PSA.118.27	6
27:2	EXO.29.12	3
27:2	LEV.4.7	3
27:2	1KI.1.50	3
27:2	LEV.4.18	2
27:2	LEV.4.25	2
27:2	LEV.8.15	2
27:2	LEV.16.18	2
27:2	NUM.16.38-NUM.16.39	2
27:2	1KI.2.28	2
27:2	1KI.8.64	2
27:2	HEB.6.18	2
27:3	1KI.7.45	4
27:3	EXO.24.6	2
27:3	EXO.38.3	2
27:3	LEV.16.12	2
27:3	NUM.4.14	2
27:3	1SA.2.13-1SA.2.14	2
27:3	1KI.7.40	2
27:3	2KI.25.15	2
27:3	1CH.28.17	2
27:3	2CH.4.11	2
27:3	2CH.4.16	2
27:3	JER.52.18-JER.52.20	2
27:4	EXO.25.12	2
27:4	EXO.35.16	2
27:4	EXO.38.4-EXO.38.5	2
27:5	EXO.38.4	2
27:6	EXO.30.4	2
27:6	EXO.35.13-EXO.35.15	2
27:6	NUM.4.44	2
27:7	EXO.25.28	2
27:7	EXO.30.4	2
27:7	NUM.4.13-NUM.4.14	2
27:8	EXO.25.40	5
27:8	EXO.25.9	4
27:8	HEB.8.5	3
27:8	EXO.26.30-EXO.26.37	2
27:8	1CH.28.11	2
27:8	1CH.28.19	2
27:8	MAT.15.9	2
27:8	COL.2.20-COL.2.23	2
27:9	EXO.38.9-EXO.38.20	4
27:9	EXO.26.31-EXO.26.37	2
27:9	EXO.36.17	2
27:9	EXO.39.40	2
27:9	EXO.40.8	2
27:9	1KI.6.36	2
27:9	1KI.8.64	2
27:9	2CH.33.5	2
27:9	PSA.84.10	2
27:9	PSA.92.13	2
27:9	PSA.100.4	2
27:9	PSA.116.19	2
27:9	EZK.40.14	2
27:9	EZK.40.20	2
27:9	EZK.40.23	2
27:9	EZK.40.28	2
27:9	EZK.40.32	2
27:9	EZK.40.44	2
27:9	EZK.42.3	2
27:9	EZK.42.19-EZK.42.20	2
27:9	EZK.46.20-EZK.46.24	2
27:10	EXO.26.19-EXO.26.21	2
27:10	EXO.36.38	2
27:10	JER.52.21	2
27:14	EXO.26.36	2
27:14	EXO.27.9	2
27:16	EXO.26.36	3
27:16	EXO.26.31	2
27:16	EXO.28.39	2
27:16	EXO.36.37	2
27:16	EXO.39.29	2
27:16	JDG.5.30	2
27:16	PSA.45.14	2
27:19	EXO.27.3	2
27:19	EXO.35.18	2
27:19	EXO.38.20	2
27:19	EXO.38.31	2
27:19	EXO.39.40	2
27:19	NUM.3.37	2
27:19	NUM.4.32	2
27:19	EZR.9.8	2
27:19	ECC.12.11	2
27:19	ISA.22.23-ISA.22.25	2
27:19	ISA.33.20	2
27:19	ZEC.10.4	2
27:20	LEV.24.1-LEV.24.4	6
27:20	PSA.23.5	5
27:20	ZEC.4.11-ZEC.4.14	5
27:20	EXO.39.37	4
27:20	JDG.9.9	4
27:20	EXO.25.31-EXO.25.37	3
27:20	REV.11.4	3
27:21	NUM.18.23	6
27:21	NUM.19.21	6
27:21	EXO.30.8	5
27:21	LEV.3.17	5
27:21	LEV.16.34	5
27:21	1SA.3.3	5
27:21	2CH.13.11	5
27:21	EXO.28.43	4
27:21	1SA.30.25	4
27:21	JHN.5.35	4
27:21	2PE.1.19	4
27:21	MAT.4.16	3
27:21	LUK.12.35	3
27:21	2CO.4.6	3
27:21	REV.2.1	3
27:21	GEN.1.5	2
27:21	GEN.1.8	2
27:21	EXO.16.34	2
27:21	EXO.25.16	2
27:21	EXO.25.21-EXO.25.22	2
27:21	EXO.26.31-EXO.26.33	2
27:21	EXO.29.9-EXO.29.10	2
27:21	EXO.29.28	2
27:21	EXO.29.42	2
27:21	EXO.29.44	2
27:21	EXO.30.36	2
27:21	EXO.40.3	2
27:21	LEV.3.8	2
27:21	LEV.24.3	2
27:21	LEV.24.9	2
27:21	NUM.8.9	2
27:21	PSA.134.1	2
27:21	MAL.2.7	2
28:1	NUM.18.7	7
28:1	HEB.5.1-HEB.5.5	5
28:1	NUM.16.9-NUM.16.11	3
28:1	NUM.17.2-NUM.17.9	3
28:1	NUM.26.61	3
28:1	DEU.10.6	3
28:1	1CH.6.10	3
28:1	2CH.26.18-2CH.26.21	3
28:1	EXO.6.23	2
28:1	EXO.24.1	2
28:1	EXO.24.9	2
28:1	EXO.28.41	2
28:1	EXO.29.1	2
28:1	EXO.29.9	2
28:1	EXO.29.44	2
28:1	EXO.30.30	2
28:1	EXO.31.10	2
28:1	EXO.35.19	2
28:1	LEV.8.2	2
28:1	LEV.10.1	2
28:1	LEV.10.12	2
28:1	NUM.2.4	2
28:1	1CH.24.1-1CH.24.4	2
28:1	2CH.11.14	1
28:1	LUK.1.8	1
28:2	EXO.31.10	10
28:2	LEV.8.30	10
28:2	REV.19.8	8
28:2	JOB.40.10	6
28:2	HEB.7.26	6
28:2	EXO.39.1-EXO.39.2	5
28:2	LEV.8.7-LEV.8.9	5
28:2	REV.5.10	5
28:2	EXO.28.40	4
28:2	PSA.90.16-PSA.90.17	4
28:2	PSA.132.9	3
28:2	PSA.132.16	3
28:2	ISA.61.3	3
28:2	ISA.61.10	3
28:2	EXO.29.5-EXO.29.9	2
28:2	EXO.19.5-EXO.19.6	1
28:2	EXO.29.29-EXO.29.30	1
28:2	EXO.40.13	1
28:2	NUM.20.26-NUM.20.28	1
28:2	NUM.27.20-NUM.27.21	1
28:2	PSA.96.6	1
28:2	PSA.149.4	1
28:2	ISA.4.2	1
28:2	ISA.64.6	1
28:2	JER.9.23-JER.9.24	1
28:2	ZEC.3.3-ZEC.3.4	1
28:2	JHN.1.14	1
28:2	ROM.3.22	1
28:2	ROM.13.14	1
28:2	1CO.1.30-1CO.1.31	1
28:2	GAL.3.27	1
28:2	HEB.2.9	1
28:2	2PE.1.17	1
28:2	1JN.3.2	1
28:3	EPH.1.17	8
28:3	1CO.12.7-1CO.12.11	7
28:3	EXO.31.3-EXO.31.6	6
28:3	EXO.35.35-EXO.36.2	6
28:3	ISA.11.2	6
28:3	JAS.1.17	6
28:3	EXO.35.30	5
28:3	DEU.34.9	5
28:3	EXO.35.25	4
28:3	PRO.2.6	4
28:3	ISA.28.24-ISA.28.26	3
28:4	EPH.6.14	4
28:4	REV.9.17	4
28:4	EXO.28.39-EXO.28.40	3
28:4	ISA.59.17	3
28:4	1TH.5.8	3
28:4	EXO.28.6-EXO.28.35	2
28:4	EXO.39.2-EXO.39.5	2
28:4	EXO.39.8-EXO.39.22	2
28:4	EXO.39.25-EXO.39.26	2
28:4	EXO.39.28	2
28:4	LEV.8.7-LEV.8.9	2
28:4	1SA.2.18	2
28:4	1SA.22.18	2
28:4	1SA.23.6	2
28:4	1SA.30.7	2
28:4	2SA.6.14	2
28:4	ISA.11.5	2
28:5	EXO.25.3-EXO.25.4	2
28:5	EXO.39.2-EXO.39.3	2
28:6	EXO.26.1	2
28:6	EXO.39.2-EXO.39.7	2
28:7	EXO.39.4	2
28:8	EXO.28.27-EXO.28.28	3
28:8	EXO.29.5	3
28:8	LEV.8.7	3
28:8	EXO.39.20-EXO.39.21	2
28:8	ISA.11.5	2
28:8	1PE.1.13	2
28:8	REV.1.13	2
28:9	EZK.28.13	3
28:9	GEN.2.12	2
28:9	EXO.28.20	2
28:9	EXO.28.36	2
28:9	EXO.39.6	2
28:9	EXO.39.13	2
28:9	2CH.2.7	2
28:9	JOB.28.16	2
28:9	SNG.8.6	2
28:9	ISA.49.16	2
28:10	GEN.43.33	2
28:10	EXO.1.1-EXO.1.4	2
28:11	EXO.28.13-EXO.28.14	2
28:11	EXO.28.21	2
28:11	EXO.28.25	2
28:11	EXO.28.36	2
28:11	EXO.39.6	2
28:11	EXO.39.13	2
28:11	EXO.39.18	2
28:11	JER.22.24	2
28:11	ZEC.3.9	2
28:11	EPH.1.13	2
28:11	EPH.4.30	2
28:11	2TI.2.19	2
28:11	REV.7.2	2
28:12	EXO.28.29	5
28:12	EXO.39.6-EXO.39.7	4
28:12	JOS.4.7	4
28:12	LEV.24.7	3
28:12	NUM.16.40	3
28:12	NUM.31.54	3
28:12	ISA.9.6	3
28:12	GEN.9.12-GEN.9.17	2
28:12	EXO.12.14	2
28:12	EXO.13.9	2
28:12	EXO.28.7	2
28:12	PSA.89.19	2
28:12	ISA.12.2	2
28:12	ISA.62.6	2
28:12	ZEC.6.13-ZEC.6.14	2
28:12	LUK.1.54	2
28:12	LUK.1.72	2
28:12	ACT.10.4	2
28:12	HEB.7.25-HEB.7.28	2
28:14	EXO.28.22-EXO.28.25	2
28:14	EXO.39.15	2
28:14	EXO.39.17-EXO.39.18	2
28:14	1KI.7.17	2
28:14	2KI.25.17	2
28:14	2CH.4.12-2CH.4.13	2
28:15	EXO.26.1	2
28:15	EXO.28.4	2
28:15	EXO.28.6	2
28:15	EXO.28.30	2
28:15	EXO.39.8-EXO.39.21	2
28:15	LEV.8.8	2
28:17	EXO.39.10-EXO.39.21	4
28:17	EZK.28.13	4
28:17	PRO.8.11	3
28:17	REV.21.19-REV.21.21	3
28:17	EXO.28.9	2
28:17	EXO.28.11	2
28:17	JOB.28.18-JOB.28.19	2
28:17	PRO.3.15	2
28:17	PRO.20.15	2
28:17	PRO.31.10	2
28:17	ISA.54.11-ISA.54.12	2
28:17	LAM.4.7	2
28:17	MAL.3.17	2
28:18	EXO.24.10	2
28:18	EXO.39.11	2
28:18	JOB.28.6	2
28:18	JOB.28.16	2
28:18	SNG.5.14	2
28:18	JER.17.1	2
28:18	EZK.1.26	2
28:18	EZK.10.1	2
28:18	EZK.27.16	2
28:18	EZK.28.13	2
28:18	REV.4.3	2
28:19	EXO.39.12	2
28:19	ISA.54.12	2
28:20	EZK.1.16	2
28:20	EZK.10.9	2
28:20	DAN.10.6	2
28:20	REV.4.3	2
28:20	REV.21.11	2
28:20	REV.21.18-REV.21.20	2
28:21	REV.7.4-REV.7.8	3
28:21	REV.21.12	3
28:21	1KI.18.31	2
28:21	LUK.22.30	2
28:21	JAS.1.1	2
28:23	EXO.25.11-EXO.25.15	2
28:25	EXO.28.14	2
28:25	EXO.39.4	2
28:25	EXO.39.15	2
28:28	NUM.15.38	3
28:28	EXO.28.31	2
28:28	EXO.28.37	2
28:28	EXO.39.30-EXO.39.31	2
28:29	EXO.28.12	8
28:29	EXO.28.30	5
28:29	ISA.49.15-ISA.49.16	4
28:29	JER.30.21	4
28:29	ROM.10.1	4
28:29	EXO.28.15	3
28:29	SNG.8.6	3
28:30	EZR.2.63	9
28:30	NEH.7.65	9
28:30	NUM.27.21	8
28:30	DEU.33.8	8
28:30	LEV.8.8	7
28:30	1SA.28.6	5
28:30	1SA.30.7-1SA.30.8	5
28:30	HEB.4.15	5
28:30	JDG.1.1	4
28:30	1SA.23.9-1SA.23.12	4
28:30	ZEC.6.13	4
28:30	2CO.6.11-2CO.6.12	4
28:30	PHP.1.7-PHP.1.8	4
28:30	HEB.9.12	4
28:30	HEB.9.24	4
28:30	JDG.20.23	3
28:30	JDG.20.27-JDG.20.28	3
28:30	JDG.20.18	2
28:30	2CO.7.3	2
28:30	2CO.12.15	2
28:30	HEB.2.17	2
28:31	EXO.28.4	2
28:31	EXO.28.28	2
28:31	EXO.39.22-EXO.39.26	2
28:31	LEV.8.7	2
28:32	EXO.39.28	2
28:32	2CH.26.14	2
28:32	NEH.4.16	2
28:32	JOB.41.26	2
28:32	JHN.19.23-JHN.19.24	2
28:32	EPH.4.3-EPH.4.16	2
28:33	EXO.39.24-EXO.39.26	2
28:33	1KI.7.18	2
28:33	2KI.25.17	2
28:33	ZEC.14.20	2
28:34	PSA.89.15	2
28:34	SNG.2.3	2
28:34	SNG.4.3	2
28:34	SNG.4.13	2
28:34	SNG.6.7	2
28:34	SNG.6.11	2
28:34	SNG.8.2	2
28:34	JHN.15.4-JHN.15.8	2
28:34	JHN.15.16	2
28:34	COL.1.5-COL.1.6	2
28:34	COL.1.10	2
28:35	HEB.9.12	3
28:35	LEV.16.2	2
28:36	LEV.8.9	5
28:36	ZEC.14.20	5
28:36	EXO.39.30	3
28:36	EXO.28.9	2
28:36	EXO.28.11	2
28:36	LEV.10.3	2
28:36	LEV.19.2	2
28:36	PSA.93.5	2
28:36	EZK.43.12	2
28:36	HEB.7.26	2
28:36	HEB.12.14	2
28:36	1PE.1.15-1PE.1.16	2
28:36	1PE.2.9	2
28:36	REV.21.27	2
28:37	EXO.28.4	2
28:37	EXO.28.28	2
28:37	EXO.28.31	2
28:37	EXO.29.6	2
28:37	EXO.39.30-EXO.39.31	2
28:37	LEV.8.9	2
28:37	NUM.15.38	2
28:37	ZEC.3.5	2
28:38	1PE.2.24	9
28:38	NUM.18.1	8
28:38	LEV.10.17	7
28:38	JHN.1.29	6
28:38	HEB.9.28	6
28:38	LEV.1.4	5
28:38	LEV.22.9	5
28:38	LEV.22.27	5
28:38	ISA.56.7	5
28:38	EZK.4.4-EZK.4.6	5
28:38	EXO.28.43	4
28:38	LEV.23.11	4
28:38	ISA.53.11-ISA.53.12	4
28:38	2CO.5.21	4
28:38	1PE.2.5	4
28:38	LEV.22.16	3
28:38	ISA.53.6	3
28:38	ISA.60.7	3
28:38	EPH.1.6	3
28:38	1PE.3.18	3
28:39	PSA.45.14	2
28:40	EXO.39.41	5
28:40	EXO.28.4	4
28:40	EXO.28.2	3
28:40	EXO.29.9	3
28:40	EZK.44.17-EZK.44.18	3
28:40	EXO.39.27-EXO.39.29	2
28:40	LEV.8.13	2
28:40	1TI.2.9-1TI.2.10	2
28:40	1TI.6.9-1TI.6.11	2
28:40	TIT.2.7	2
28:40	TIT.2.10	2
28:40	1PE.3.3-1PE.3.4	2
28:40	1PE.5.5	2
28:41	EXO.29.7	6
28:41	EXO.29.9	5
28:41	EXO.40.15	5
28:41	LEV.8.1-LEV.8.36	5
28:41	LEV.10.7	5
28:41	HEB.7.28	4
28:41	EXO.28.1	2
28:41	EXO.28.4	2
28:41	EXO.29.24	2
28:41	EXO.29.35	2
28:41	EXO.30.23-EXO.30.30	2
28:41	NUM.3.3	2
28:41	ISA.10.27	2
28:41	ISA.61.1	2
28:41	EZK.43.26	2
28:41	JHN.3.34	2
28:41	2CO.1.21-2CO.1.22	2
28:41	HEB.5.4	2
28:41	1JN.2.20	2
28:41	1JN.2.27	2
28:42	LEV.6.10	4
28:42	LEV.16.4	4
28:42	EZK.44.18	4
28:42	EXO.39.28	2
28:42	REV.3.18	2
28:42	EXO.20.26	1
28:43	EXO.27.21	6
28:43	EXO.20.26	5
28:43	LEV.5.17	4
28:43	LEV.5.1	3
28:43	LEV.17.7	3
28:43	LEV.22.9	3
28:43	NUM.18.22	3
28:43	LEV.20.19-LEV.20.20	2
28:43	NUM.9.13	2
28:43	MAT.22.12-MAT.22.13	2
29:1	EXO.12.5	4
29:1	EXO.29.21	4
29:1	LEV.4.3	4
29:1	LEV.5.15-LEV.5.16	4
29:1	LEV.6.6	4
29:1	MAL.1.13-MAL.1.14	4
29:1	MAT.6.9	4
29:1	HEB.7.26	4
29:1	1PE.1.19	4
29:1	EXO.20.11	3
29:1	EXO.28.3	3
29:1	LEV.8.2-LEV.8.36	3
29:1	LEV.9.2	3
29:1	LEV.16.3	3
29:1	LEV.22.20	3
29:1	2CH.13.9	3
29:1	EXO.28.41	1
29:2	NUM.6.15	4
29:2	EXO.12.8	2
29:2	EXO.29.23	2
29:2	LEV.2.4-LEV.2.5	2
29:2	LEV.2.15	2
29:2	LEV.6.19-LEV.6.23	2
29:2	LEV.7.10	2
29:2	LEV.7.12	2
29:2	LEV.8.2	2
29:2	LEV.8.26	2
29:2	NUM.6.19	2
29:2	1CO.5.7	2
29:3	LEV.8.2	2
29:3	LEV.8.26	2
29:3	LEV.8.31	2
29:3	NUM.6.17	2
29:4	EXO.40.12	6
29:4	HEB.10.22	5
29:4	EXO.26.36	2
29:4	EXO.30.18-EXO.30.21	2
29:4	EXO.40.28	2
29:4	LEV.8.3-LEV.8.6	2
29:4	LEV.14.8	2
29:4	DEU.23.11	2
29:4	EZK.36.25	2
29:4	JHN.13.8-JHN.13.10	2
29:4	EPH.5.26	2
29:4	TIT.3.5	2
29:4	1PE.3.21	2
29:4	REV.1.5-REV.1.6	2
29:5	EXO.28.2-EXO.28.8	2
29:5	LEV.8.7-LEV.8.8	2
29:6	LEV.8.9	5
29:6	EXO.28.36-EXO.28.39	2
29:7	LEV.21.10	5
29:7	NUM.35.25	5
29:7	EXO.28.41	4
29:7	LEV.10.7	4
29:7	PSA.89.20	4
29:7	PSA.133.2	4
29:7	ISA.61.1	4
29:7	JHN.3.34	4
29:7	EXO.30.23-EXO.30.31	3
29:7	LEV.8.10-LEV.8.12	3
29:7	1JN.2.27	3
29:8	LEV.8.13	4
29:8	EXO.28.40	3
29:9	NUM.18.7	7
29:9	LEV.8.22-LEV.8.28	5
29:9	DEU.18.5	4
29:9	EXO.40.15	3
29:9	LEV.8.33	3
29:9	NUM.3.10	3
29:9	NUM.16.10	3
29:9	NUM.16.35	3
29:9	NUM.16.40	3
29:9	NUM.25.13	3
29:9	HEB.5.4-HEB.5.5	3
29:9	EXO.28.1	2
29:9	EXO.28.40-EXO.28.41	2
29:9	EXO.32.29	2
29:9	HEB.5.10	2
29:9	HEB.7.11-HEB.7.14	2
29:9	HEB.7.23-HEB.7.28	2
29:10	LEV.1.4	4
29:10	LEV.8.14	4
29:10	EXO.29.15	3
29:10	EXO.29.19	3
29:10	LEV.3.2	2
29:10	LEV.8.18	2
29:10	LEV.16.21	2
29:10	ISA.53.6	2
29:10	2CO.5.21	2
29:11	EXO.29.4	2
29:11	LEV.1.3-LEV.1.5	2
29:11	LEV.8.15	2
29:11	LEV.9.8	2
29:11	LEV.9.12	2
29:12	EXO.27.2	5
29:12	LEV.8.15	4
29:12	LEV.9.9	4
29:12	EXO.30.2	3
29:12	EXO.38.2	2
29:12	LEV.4.7	2
29:12	LEV.4.18	2
29:12	LEV.4.25	2
29:12	LEV.4.30	2
29:12	LEV.4.34	2
29:12	LEV.5.9	2
29:12	LEV.16.14	2
29:12	LEV.16.18-LEV.16.19	2
29:12	HEB.9.13-HEB.9.14	2
29:12	HEB.9.22	2
29:12	HEB.10.4	2
29:13	LEV.3.3-LEV.3.4	4
29:13	1SA.2.16	3
29:13	EXO.29.18	2
29:13	EXO.29.22	2
29:13	EXO.29.25	2
29:13	LEV.1.9	2
29:13	LEV.1.15	2
29:13	LEV.3.9-LEV.3.10	2
29:13	LEV.3.14-LEV.3.16	2
29:13	LEV.4.8-LEV.4.9	2
29:13	LEV.4.26	2
29:13	LEV.4.31	2
29:13	LEV.4.35	2
29:13	LEV.6.12	2
29:13	LEV.7.3	2
29:13	LEV.7.31	2
29:13	LEV.8.16	2
29:13	LEV.8.25	2
29:13	LEV.9.10	2
29:13	LEV.9.19	2
29:13	LEV.16.25	2
29:13	LEV.17.6	2
29:13	NUM.18.17	2
29:13	PSA.22.14	2
29:13	ISA.1.11	2
29:13	ISA.34.6	2
29:13	ISA.43.24	2
29:14	LEV.4.11-LEV.4.12	6
29:14	LEV.4.21	6
29:14	EXO.30.10	3
29:14	2CH.29.24	3
29:14	EZR.8.35	3
29:14	HEB.13.11-HEB.13.13	3
29:14	LEV.4.3	2
29:14	LEV.4.25	2
29:14	LEV.4.29	2
29:14	LEV.4.32	2
29:14	LEV.5.6	2
29:14	LEV.5.8	2
29:14	LEV.6.25	2
29:14	LEV.8.17	2
29:14	LEV.9.2	2
29:14	LEV.16.3	2
29:14	LEV.16.11	2
29:14	LEV.16.27	2
29:14	NUM.7.16	2
29:15	EXO.29.19	3
29:15	EXO.29.3	2
29:15	EXO.29.10	2
29:15	LEV.1.4-LEV.1.9	2
29:15	LEV.8.18-LEV.8.21	2
29:16	EXO.29.11-EXO.29.12	2
29:17	LEV.1.9	2
29:17	LEV.1.13	2
29:17	LEV.8.21	2
29:17	LEV.9.14	2
29:17	JER.4.14	2
29:17	MAT.23.26	2
29:18	GEN.8.21	5
29:18	GEN.22.2	2
29:18	GEN.22.7	2
29:18	GEN.22.13	2
29:18	EXO.29.25	2
29:18	LEV.1.17	2
29:18	LEV.9.24	2
29:18	1SA.7.9	2
29:18	1KI.3.4	2
29:18	1KI.18.38	2
29:18	PSA.50.8	2
29:18	ISA.1.11	2
29:18	JER.6.20	2
29:18	JER.7.21-JER.7.22	2
29:18	MRK.12.33	2
29:18	EPH.5.2	2
29:18	PHP.4.18	2
29:18	HEB.10.6-HEB.10.10	2
29:19	EXO.29.3	3
29:19	LEV.8.22-LEV.8.29	2
29:20	ISA.50.5	3
29:20	LEV.8.24	2
29:20	LEV.14.7	2
29:20	LEV.14.14	2
29:20	LEV.14.16	2
29:20	LEV.16.14-LEV.16.15	2
29:20	LEV.16.19	2
29:20	ISA.52.15	2
29:20	MRK.7.33	2
29:20	HEB.9.19-HEB.9.23	2
29:20	HEB.10.22	2
29:20	HEB.12.24	2
29:20	1PE.1.2	2
29:21	HEB.9.22	4
29:21	EXO.29.1	3
29:21	EXO.29.7	3
29:21	LEV.8.30	3
29:21	EXO.30.25-EXO.30.31	2
29:21	LEV.14.15-LEV.14.18	2
29:21	LEV.14.29	2
29:21	PSA.133.2	2
29:21	ISA.11.2-ISA.11.5	2
29:21	ISA.61.1-ISA.61.3	2
29:21	JHN.17.19	2
29:21	HEB.10.29	2
29:22	EXO.29.13	3
29:22	LEV.3.9	2
29:22	LEV.7.3	2
29:22	LEV.7.32-LEV.7.33	2
29:22	LEV.8.25-LEV.8.27	2
29:22	LEV.9.19	2
29:22	LEV.9.21	2
29:22	LEV.10.14	2
29:22	NUM.18.18	2
29:23	EXO.29.2-EXO.29.3	3
29:23	LEV.8.26	2
29:24	LEV.7.30	4
29:24	LEV.8.27	3
29:24	EXO.29.26-EXO.29.27	2
29:24	LEV.9.21	2
29:24	LEV.10.14	2
29:25	LEV.8.28	4
29:25	EXO.29.41	3
29:25	LEV.1.9	2
29:25	LEV.1.13	2
29:25	LEV.2.2	2
29:25	LEV.2.9	2
29:25	LEV.2.16	2
29:25	LEV.3.3	2
29:25	LEV.3.5	2
29:25	LEV.3.9	2
29:25	LEV.3.11	2
29:25	LEV.3.14	2
29:25	LEV.3.16	2
29:25	LEV.7.5	2
29:25	LEV.7.25	2
29:25	LEV.7.29-LEV.7.31	2
29:25	LEV.10.13	2
29:25	1SA.2.28	2
29:25	PSA.99.6	2
29:26	LEV.8.29	4
29:26	LEV.7.31	2
29:26	PSA.99.6	2
29:26	LEV.7.34	1
29:27	LEV.10.15	4
29:27	NUM.18.11	4
29:27	DEU.18.3	3
29:27	LEV.7.31-LEV.7.34	2
29:27	LEV.7.37	2
29:27	LEV.8.28-LEV.8.31	2
29:27	LEV.9.21	2
29:27	NUM.6.20	2
29:27	NUM.18.18-NUM.18.19	2
29:27	HEB.7.28	2
29:28	EXO.29.27	2
29:28	LEV.3.1	2
29:28	LEV.7.11-LEV.7.38	2
29:28	LEV.10.14-LEV.10.15	2
29:28	NUM.15.19-NUM.15.20	2
29:28	NUM.18.24	2
29:28	NUM.18.29	2
29:28	NUM.31.29	2
29:28	NUM.31.41	2
29:28	DEU.18.3	2
29:29	NUM.18.8	3
29:29	EXO.28.3-EXO.28.4	2
29:29	EXO.29.5-EXO.29.7	2
29:29	EXO.30.30	2
29:29	EXO.40.15	2
29:29	LEV.8.7-LEV.8.12	2
29:29	NUM.20.26-NUM.20.28	2
29:29	NUM.35.25	2
29:30	NUM.20.28	3
29:30	GEN.8.10	2
29:30	GEN.8.12	2
29:30	EXO.12.15	2
29:30	EXO.29.35	2
29:30	LEV.8.33-LEV.8.35	2
29:30	LEV.9.1	2
29:30	LEV.9.8	2
29:30	LEV.12.2-LEV.12.3	2
29:30	LEV.13.5	2
29:30	JOS.6.14-JOS.6.15	2
29:30	EZK.43.26	2
29:30	ACT.20.6-ACT.20.7	2
29:30	HEB.7.26	2
29:31	LEV.8.31	4
29:31	1SA.2.13	2
29:31	1SA.2.15	2
29:31	EZK.46.20-EZK.46.24	2
29:32	MAT.12.4	4
29:32	EXO.24.9-EXO.24.11	2
29:32	EXO.29.2-EXO.29.3	2
29:32	EXO.29.23	2
29:32	LEV.10.12-LEV.10.14	2
29:33	NUM.18.4	3
29:33	LEV.10.13-LEV.10.18	2
29:33	LEV.22.10-LEV.22.13	2
29:33	NUM.1.51	2
29:33	NUM.3.10	2
29:33	NUM.3.38	2
29:33	NUM.16.5	2
29:33	NUM.16.40	2
29:33	NUM.18.7	2
29:33	PSA.22.26	2
29:33	JHN.6.53-JHN.6.55	2
29:33	1CO.11.24	2
29:33	1CO.11.26	2
29:34	EXO.12.10	4
29:34	LEV.8.32	4
29:34	EXO.16.19	2
29:34	EXO.29.22	2
29:34	EXO.29.26	2
29:34	EXO.29.28	2
29:34	LEV.7.18-LEV.7.19	2
29:34	LEV.10.16	2
29:35	EXO.29.30	2
29:35	EXO.29.37	2
29:35	EXO.39.42-EXO.39.43	2
29:35	EXO.40.12-EXO.40.16	2
29:35	LEV.8.4-LEV.8.36	2
29:35	LEV.14.8-LEV.14.11	2
29:35	JHN.16.14	2
29:36	HEB.10.11	6
29:36	EXO.30.28-EXO.30.29	4
29:36	HEB.9.22-HEB.9.23	4
29:36	EXO.30.26	3
29:36	EXO.40.9-EXO.40.11	3
29:36	EZK.48.18-EZK.48.20	3
29:36	EXO.29.10-EXO.29.14	2
29:36	LEV.8.10-LEV.8.11	2
29:36	LEV.16.16-LEV.16.19	2
29:36	LEV.16.27	2
29:36	NUM.7.1	2
29:36	EZK.43.25	2
29:36	EZK.43.27	1
29:37	EXO.40.10	5
29:37	MAT.23.19	4
29:37	EXO.30.28-EXO.30.29	2
29:37	DAN.9.24	2
29:37	MAT.23.17	2
29:38	NUM.28.3-NUM.28.8	6
29:38	1CH.16.40	6
29:38	2CH.2.4	5
29:38	DAN.12.11	5
29:38	2CH.13.11	4
29:38	2CH.31.3	4
29:38	EZR.3.3	4
29:38	DAN.9.27	3
29:38	DAN.9.21	2
29:38	JHN.1.29	2
29:38	HEB.7.27	2
29:38	1PE.1.19	2
29:38	REV.5.9-REV.5.12	1
29:39	EZK.46.13-EZK.46.15	7
29:39	2KI.16.15	3
29:39	2CH.13.11	2
29:39	PSA.5.3	2
29:39	PSA.55.16-PSA.55.17	2
29:39	LUK.1.10	2
29:39	ACT.26.7	2
29:40	PHP.2.17	4
29:40	LEV.23.13	3
29:40	ISA.57.6	3
29:40	EZK.45.17	3
29:40	EZK.46.14	3
29:40	JOL.2.14	3
29:40	GEN.35.14	2
29:40	EXO.16.36	2
29:40	EXO.30.24	2
29:40	NUM.6.15-NUM.6.17	2
29:40	NUM.15.4-NUM.15.5	2
29:40	NUM.15.7	2
29:40	NUM.15.9-NUM.15.10	2
29:40	NUM.15.24	2
29:40	NUM.28.5	2
29:40	NUM.28.10	2
29:40	NUM.28.13-NUM.28.15	2
29:40	NUM.28.24	2
29:40	NUM.29.16	2
29:40	DEU.32.38	2
29:40	EZK.4.11	2
29:40	EZK.20.28	2
29:40	EZK.45.24	2
29:40	EZK.46.5	2
29:40	EZK.46.7	2
29:40	EZK.46.11	2
29:40	JOL.1.9	2
29:40	JOL.1.13	2
29:41	1KI.18.29	3
29:41	1KI.18.36	3
29:41	2KI.16.15	3
29:41	EZR.9.4-EZR.9.5	3
29:41	PSA.141.2	3
29:41	EZK.46.13-EZK.46.15	3
29:41	DAN.9.21	2
29:42	EXO.25.22	5
29:43	1KI.8.11	4
29:43	EXO.40.34	3
29:43	2CH.5.14	3
29:43	2CH.7.1-2CH.7.3	3
29:43	EZK.43.5	3
29:43	MAL.3.1	3
29:43	ISA.6.1-ISA.6.3	2
29:43	ISA.60.1	2
29:43	HAG.2.7-HAG.2.9	2
29:43	2CO.3.18	2
29:43	2CO.4.6	2
29:43	1JN.3.2	2
29:43	REV.21.22-REV.21.23	2
29:44	LEV.21.15	4
29:44	LEV.22.9	3
29:44	LEV.22.16	3
29:44	JHN.10.36	3
29:44	REV.1.5-REV.1.6	2
29:45	LEV.26.12	10
29:45	2CO.6.16	8
29:45	EXO.25.8	7
29:45	ZEC.2.10	6
29:45	REV.21.3	6
29:45	JHN.14.17	4
29:45	EXO.15.17	3
29:45	JHN.14.23	3
29:45	PSA.68.18	2
29:45	JHN.14.20	2
29:45	EPH.2.22	2
29:46	EXO.20.2	5
29:46	JER.31.33	3
29:46	LEV.11.44	2
29:46	LEV.18.30	2
29:46	LEV.19.2	2
29:46	EZK.20.5	2
30:1	REV.8.3	6
30:1	EXO.37.25-EXO.37.28	4
30:1	EXO.40.5	3
30:1	LEV.4.7	3
30:1	EXO.30.7-EXO.30.8	2
30:1	EXO.30.10	2
30:1	LEV.4.18	2
30:1	1KI.6.20	2
30:1	2CH.26.16	2
30:2	EXO.27.2	4
30:3	EXO.25.11	2
30:3	EXO.25.24	2
30:4	EXO.25.27	3
30:4	EXO.25.12	2
30:4	EXO.25.14	2
30:4	EXO.26.29	2
30:4	EXO.27.4	2
30:4	EXO.27.7	2
30:5	EXO.25.13	2
30:5	EXO.25.27	2
30:6	EXO.25.21-EXO.25.22	4
30:6	EXO.26.31-EXO.26.35	2
30:6	EXO.29.42-EXO.29.43	2
30:6	EXO.30.36	2
30:6	EXO.40.3	2
30:6	EXO.40.5	2
30:6	EXO.40.26	2
30:6	LEV.16.13	2
30:6	NUM.17.4	2
30:6	1CH.28.11	2
30:6	MAT.27.51	2
30:6	HEB.4.16	2
30:6	HEB.9.3-HEB.9.5	2
30:7	1SA.2.28	4
30:7	EXO.27.20-EXO.27.21	3
30:7	1CH.23.13	3
30:7	LUK.1.9	3
30:7	EXO.30.34	2
30:7	1SA.3.3	2
30:7	ACT.6.4	2
30:8	HEB.9.24	6
30:8	EXO.12.6	2
30:8	ROM.8.34	2
30:8	1TH.5.17	2
30:8	HEB.7.25	2
30:9	LEV.10.1	6
30:10	LEV.16.18	8
30:10	HEB.9.22-HEB.9.23	6
30:10	EXO.29.36-EXO.29.37	4
30:10	LEV.16.5-LEV.16.6	4
30:10	LEV.16.29-LEV.16.30	4
30:10	LEV.23.27	4
30:10	HEB.9.25	4
30:10	HEB.1.3	3
30:10	HEB.9.7	3
30:12	NUM.31.50	6
30:12	EXO.38.25-EXO.38.26	5
30:12	1CH.27.24	5
30:12	1PE.1.18-1PE.1.19	5
30:12	PSA.49.7	4
30:12	MAT.20.28	4
30:12	NUM.1.2-NUM.1.5	3
30:12	NUM.26.2-NUM.26.4	3
30:12	2SA.24.1-2SA.24.15	3
30:12	1CH.21.12	3
30:12	1CH.21.14	3
30:12	2CH.24.6	3
30:12	JOB.33.24	3
30:12	JOB.36.18	3
30:12	MRK.10.45	3
30:12	1TI.2.6	3
30:13	LEV.27.25	6
30:13	NUM.3.47	5
30:13	EZK.45.12	4
30:13	EXO.38.26	3
30:13	MAT.17.24	3
30:13	MAT.27.24	2
30:14	NUM.1.20	3
30:14	NUM.1.3	2
30:14	NUM.1.18	2
30:14	NUM.14.29	2
30:14	NUM.26.2	2
30:14	NUM.32.11	2
30:15	NUM.31.50	4
30:15	EXO.30.12	3
30:15	LEV.17.11	3
30:15	JOB.34.19	3
30:15	EPH.6.9	3
30:15	2SA.21.3	2
30:15	PRO.22.2	2
30:15	COL.3.25	2
30:16	NUM.16.40	4
30:16	NEH.10.32-NEH.10.33	4
30:16	EXO.12.14	3
30:16	EXO.38.25-EXO.38.31	3
30:16	LUK.22.19	2
30:18	EXO.40.7	6
30:18	EXO.38.8	5
30:18	EXO.40.30-EXO.40.32	4
30:18	1KI.7.23	4
30:18	1KI.7.38	4
30:18	2CH.4.2	4
30:18	2CH.4.14-2CH.4.15	4
30:18	LEV.8.11	3
30:18	2CH.4.6	3
30:18	ZEC.13.1	3
30:18	TIT.3.5	3
30:18	1JN.1.7	3
30:18	EXO.31.9	1
30:19	ISA.52.11	5
30:19	EXO.40.31-EXO.40.32	4
30:19	PSA.26.6	4
30:19	HEB.10.22	3
30:19	1CO.6.9-1CO.6.11	2
30:19	TIT.3.5	2
30:19	HEB.9.10	2
30:19	JHN.13.8-JHN.13.10	1
30:19	REV.1.5-REV.1.6	1
30:20	EXO.12.15	2
30:20	LEV.10.1-LEV.10.3	2
30:20	LEV.16.1-LEV.16.2	2
30:20	1SA.6.19	2
30:20	1CH.13.10	2
30:20	PSA.89.7	2
30:20	ACT.5.5	2
30:20	HEB.12.28-HEB.12.29	2
30:20	ACT.5.10	1
30:21	EXO.28.43	4
30:21	EXO.27.21	2
30:23	SNG.4.14	5
30:23	EZK.27.19	5
30:23	EZK.27.22	4
30:23	JER.6.20	3
30:23	EXO.37.29	2
30:23	PSA.45.8	2
30:23	PRO.7.17	2
30:23	SNG.1.3	2
30:23	SNG.1.13	2
30:24	EXO.29.40	3
30:24	PSA.45.8	3
30:24	LEV.19.36	2
30:24	NUM.3.47	2
30:24	NUM.15.5	2
30:24	EZK.45.12	2
30:25	EXO.37.29	10
30:25	EXO.40.9	6
30:25	1CH.9.30	6
30:25	PSA.89.20	6
30:25	PSA.133.2	6
30:25	NUM.35.25	5
30:25	HEB.1.9	4
30:26	NUM.7.1	6
30:26	EXO.40.9-EXO.40.15	2
30:26	LEV.8.10-LEV.8.12	2
30:26	NUM.7.10	2
30:26	ISA.61.1	2
30:26	ACT.10.38	2
30:26	2CO.1.21-2CO.1.22	2
30:26	1JN.2.20	2
30:26	1JN.2.27	2
30:29	EXO.29.37	4
30:29	LEV.6.18	4
30:29	MAT.23.19	4
30:29	MAT.23.17	3
30:30	LEV.8.12	5
30:30	EXO.28.3	3
30:30	EXO.29.7-EXO.29.37	2
30:30	EXO.40.15	2
30:30	LEV.8.30	2
30:30	NUM.3.3	2
30:31	EXO.37.29	2
30:31	LEV.8.12	2
30:31	LEV.21.10	2
30:31	PSA.89.20	2
30:32	EXO.30.25	5
30:32	EXO.30.37-EXO.30.38	2
30:32	LEV.21.10	2
30:32	MAT.7.6	2
30:33	EXO.30.38	5
30:33	GEN.17.14	4
30:33	EXO.12.15	3
30:33	EXO.12.19	2
30:33	EXO.29.33	2
30:33	LEV.7.20-LEV.7.21	2
30:33	LEV.17.4	2
30:33	LEV.17.9	2
30:33	LEV.19.8	2
30:33	LEV.23.29	2
30:33	NUM.9.13	2
30:33	LUK.12.1-LUK.12.2	2
30:33	HEB.10.26-HEB.10.29	2
30:34	EXO.37.29	5
30:34	EXO.25.6	4
30:34	EXO.30.23	4
30:34	LEV.2.15	4
30:34	LEV.2.1	2
30:34	LEV.5.11	2
30:34	LEV.24.7	2
30:34	NEH.13.5	2
30:34	SNG.3.6	2
30:34	MAT.2.11	2
30:34	1CH.9.29-1CH.9.30	1
30:35	EXO.30.25	3
30:35	LEV.2.13	3
30:35	PRO.27.9	2
30:35	SNG.1.3	2
30:35	SNG.3.6	2
30:35	JHN.12.3	2
30:36	EXO.25.22	5
30:36	EXO.16.34	2
30:36	EXO.29.42-EXO.29.43	2
30:36	EXO.30.6	2
30:36	LEV.16.2	2
30:37	EXO.29.37	2
30:37	EXO.30.32-EXO.30.33	2
30:37	LEV.2.3	2
30:38	EXO.30.33	3
31:2	JHN.3.27	8
31:2	EXO.35.30	6
31:2	EXO.36.1	6
31:2	EXO.33.17	3
31:2	ISA.45.3-ISA.45.4	3
31:2	EXO.33.12	2
31:2	EXO.37.1	2
31:2	1CH.2.19-1CH.2.20	2
31:2	MRK.3.16-MRK.3.19	2
31:3	EXO.35.31	26
31:3	1KI.7.14	17
31:3	ISA.28.26	17
31:3	1CO.12.4-1CO.12.11	16
31:3	ISA.28.6	10
31:3	1KI.3.9	9
31:4	EXO.25.32-EXO.25.35	2
31:4	EXO.26.1	2
31:4	EXO.28.15	2
31:4	1KI.7.14	2
31:4	2CH.2.7	2
31:4	2CH.2.13-2CH.2.14	2
31:5	EXO.28.9-EXO.28.21	2
31:6	EXO.28.3	6
31:6	EXO.35.10	6
31:6	EXO.35.34-EXO.36.1	6
31:6	EXO.35.25-EXO.35.26	4
31:6	LUK.10.1	4
31:6	ACT.13.2	4
31:6	JAS.1.16-JAS.1.17	4
31:6	EXO.4.14-EXO.4.15	3
31:6	EXO.37.1-EXO.37.29	3
31:6	1KI.3.12	3
31:6	EZR.5.1-EZR.5.2	3
31:6	ECC.4.9-ECC.4.12	3
31:6	EXO.6.26	2
31:6	EXO.36.8	2
31:6	2CH.3.1-2CH.3.4	2
31:6	PRO.2.6-PRO.2.7	2
31:6	MAT.10.2-MAT.10.4	2
31:6	ACT.15.39-ACT.15.40	2
31:6	JAS.1.5	2
31:6	NUM.4.1-NUM.4.49	1
31:6	1KI.6.1-1KI.6.8	1
31:6	EZK.43.1-EZK.43.27	1
31:7	EXO.36.8-EXO.37.9	4
31:7	EXO.25.10-EXO.25.22	2
31:7	EXO.26.1-EXO.26.37	2
31:7	EXO.27.9-EXO.27.19	2
31:8	EXO.37.10-EXO.37.28	4
31:8	EXO.25.23-EXO.25.40	2
31:8	EXO.30.1-EXO.30.10	2
31:9	EXO.38.1-EXO.38.8	4
31:9	EXO.27.1-EXO.27.8	2
31:9	EXO.30.18-EXO.30.21	2
31:9	EXO.40.11	2
31:10	EXO.28.1-EXO.28.43	2
31:10	EXO.39.1-EXO.39.43	2
31:10	LEV.8.7-LEV.8.8	2
31:10	LEV.8.13	2
31:10	NUM.4.5-NUM.4.14	2
31:11	EXO.37.29	3
31:11	EXO.30.23-EXO.30.38	2
31:13	EZK.20.12	15
31:13	EZK.20.20	15
31:13	LEV.19.30	9
31:13	EXO.20.8-EXO.20.11	8
31:13	EXO.31.17	8
31:13	1TH.5.23	8
31:13	LEV.20.8	7
31:13	LEV.19.3	6
31:13	JHN.17.17	6
31:13	LEV.21.8	5
31:13	LEV.23.3	5
31:13	NEH.9.14	5
31:13	EZK.37.28	5
31:13	EZK.44.24	5
31:13	LEV.25.2	4
31:13	LEV.26.2	4
31:13	JHN.17.19	2
31:13	JUD.1.1	2
31:14	EXO.35.2-EXO.35.3	4
31:14	NUM.15.32-NUM.15.36	3
31:14	EXO.20.8	2
31:14	DEU.5.12-DEU.5.15	2
31:14	NEH.9.14	2
31:14	ISA.56.2-ISA.56.6	2
31:14	ISA.58.13-ISA.58.14	2
31:14	EZK.20.12-EZK.20.13	2
31:14	EZK.20.16	2
31:14	EZK.20.21	2
31:14	EZK.20.24	2
31:14	EZK.44.24	2
31:15	GEN.2.2	7
31:15	EXO.16.23	6
31:15	LEV.23.3	6
31:15	EXO.34.21	5
31:15	EXO.31.17	4
31:15	EXO.35.2	4
31:15	JER.17.24-JER.17.27	4
31:15	LUK.13.14	4
31:15	LUK.23.56	4
31:15	EXO.16.26	3
31:15	EXO.20.8-EXO.20.11	3
31:15	EXO.31.14	3
31:15	LEV.23.32	3
31:15	NUM.15.32-NUM.15.36	3
31:15	EZK.46.1	3
31:15	HEB.4.9	3
31:16	JER.50.5	3
31:16	GEN.17.11	2
31:16	GEN.9.13	1
31:17	EXO.31.13	9
31:17	GEN.1.31	8
31:17	GEN.2.2-GEN.2.3	7
31:17	EZK.20.12	6
31:17	HEB.4.10	5
31:17	EZK.20.20	4
31:17	HEB.4.3-HEB.4.4	3
31:17	PSA.104.31	2
31:17	JER.32.41	2
31:17	JOB.38.7	1
31:18	DEU.4.13	11
31:18	EXO.32.15-EXO.32.16	10
31:18	DEU.5.22	7
31:18	EXO.24.12	6
31:18	EXO.8.19	5
31:18	2CO.3.3	5
31:18	EXO.34.1-EXO.34.4	4
31:18	EXO.34.28-EXO.34.29	4
31:18	DEU.9.9-DEU.9.11	4
31:18	LUK.11.20	4
31:18	JER.31.33	3
31:18	MAT.12.28	3
31:18	2CO.3.7-2CO.3.8	3
31:18	EXO.24.18	1
32:1	ACT.7.40	14
32:1	DEU.9.9	10
32:1	EXO.24.18	7
32:1	MAT.24.48	7
32:1	2PE.3.4	7
32:1	DEU.9.11-DEU.9.12	6
32:1	EXO.13.21	5
32:1	EXO.14.11	5
32:1	DEU.4.15-DEU.4.18	5
32:1	ACT.17.29	5
32:1	EXO.16.3	4
32:1	EXO.20.3-EXO.20.5	4
32:1	EXO.32.7	4
32:1	EXO.32.11	4
32:1	EXO.33.14-EXO.33.15	4
32:1	HOS.12.13	4
32:1	MIC.6.4	4
32:1	ACT.19.26	4
32:1	EXO.33.3	3
32:1	JOS.7.13	3
32:1	GEN.19.14	2
32:1	GEN.39.8	2
32:1	GEN.44.4	2
32:1	GEN.44.15	2
32:1	GEN.21.26	1
32:1	MAT.24.43	1
32:2	EXO.12.35-EXO.12.36	4
32:2	JDG.8.24-JDG.8.27	4
32:2	EZK.16.11-EZK.16.12	3
32:2	EZK.16.17	3
32:2	HOS.2.8	3
32:2	GEN.24.47	2
32:2	EXO.35.22	2
32:2	GEN.24.22	1
32:3	JDG.17.3-JDG.17.4	2
32:3	ISA.40.19-ISA.40.20	2
32:3	ISA.46.6	2
32:3	JER.10.9	2
32:4	NEH.9.18	9
32:4	DEU.9.16	7
32:4	1KI.12.28	7
32:4	ACT.7.41	7
32:4	EXO.32.8	6
32:4	ISA.44.9-ISA.44.10	5
32:4	2KI.10.29	4
32:4	HOS.8.4-HOS.8.5	4
32:4	HOS.13.2	4
32:4	ROM.1.21-ROM.1.23	4
32:4	EXO.20.2	3
32:4	EXO.20.23	3
32:4	2CH.11.15	3
32:4	2CH.13.8	3
32:4	PSA.106.19-PSA.106.21	3
32:4	ISA.40.18-ISA.40.19	3
32:4	ISA.46.6	3
32:4	HOS.10.5	3
32:4	ACT.17.29	3
32:4	EXO.32.1	2
32:4	JDG.17.3-JDG.17.4	2
32:4	EXO.28.9	1
32:4	EXO.28.11	1
32:4	1KI.12.32	1
32:5	2KI.10.20	4
32:5	LEV.23.2	3
32:5	LEV.23.37	3
32:5	EXO.12.14	2
32:5	EXO.32.4	2
32:5	LEV.23.4	2
32:5	LEV.23.21	2
32:5	1SA.14.35	2
32:5	1KI.12.32-1KI.12.33	2
32:5	1KI.21.9	2
32:5	2KI.16.11	2
32:5	2CH.30.5	2
32:5	HOS.8.11	2
32:5	HOS.8.14	2
32:5	1CO.5.8	2
32:5	EXO.10.9	1
32:6	1CO.10.7	9
32:6	NUM.25.2	5
32:6	ACT.7.41-ACT.7.42	4
32:6	EXO.32.17-EXO.32.19	3
32:6	EXO.24.4-EXO.24.5	2
32:6	JDG.16.23-JDG.16.25	2
32:6	AMO.2.8	2
32:6	AMO.8.10	2
32:6	REV.11.10	2
32:7	EXO.32.11	7
32:7	HOS.9.9	4
32:7	GEN.6.11-GEN.6.12	3
32:7	EXO.19.24	3
32:7	DEU.9.12	3
32:7	JDG.2.19	3
32:7	EXO.32.1	2
32:7	EXO.32.4	2
32:7	EXO.33.1	2
32:7	DEU.4.16	2
32:7	DEU.32.5	2
32:7	DAN.9.24	2
32:8	EXO.20.3-EXO.20.4	5
32:8	EXO.20.23	5
32:8	1KI.12.28	5
32:8	DEU.9.16	4
32:8	EXO.22.20	3
32:8	JDG.2.17	3
32:8	EXO.32.4	2
32:9	ACT.7.51	9
32:9	ISA.48.4	8
32:9	DEU.9.13	7
32:9	EXO.33.3	6
32:9	EXO.33.5	6
32:9	EXO.34.9	6
32:9	DEU.31.27	5
32:9	2CH.30.8	5
32:9	DEU.9.6	4
32:9	DEU.10.16	3
32:9	NEH.9.17	3
32:9	PSA.78.8	3
32:9	PRO.29.1	3
32:9	ZEC.7.11-ZEC.7.12	3
32:9	JER.13.27	2
32:9	HOS.6.10	2
32:10	DEU.9.14	12
32:10	NUM.14.12	9
32:10	DEU.9.19	7
32:10	EXO.22.24	5
32:10	NUM.16.45-NUM.16.48	5
32:10	NUM.14.19-NUM.14.20	4
32:10	NUM.16.22	4
32:10	EXO.32.11	3
32:10	EXO.32.19	3
32:10	JER.14.11	3
32:10	JER.15.1	3
32:10	GEN.18.32-GEN.18.33	2
32:10	JAS.5.16	2
32:10	GEN.32.26-GEN.32.28	1
32:11	DEU.9.18-DEU.9.20	6
32:11	DEU.9.26-DEU.9.29	4
32:11	PSA.106.23	3
32:11	NUM.11.11	1
32:11	NUM.16.22	1
32:11	PSA.74.1-PSA.74.2	1
32:11	ISA.63.17	1
32:11	JER.12.1-JER.12.2	1
32:12	NUM.14.13-NUM.14.16	9
32:12	DEU.9.28	6
32:12	EXO.32.14	4
32:12	JOS.7.9	4
32:12	GEN.6.6	3
32:12	DEU.13.17	3
32:12	DEU.32.26-DEU.32.27	3
32:12	DEU.32.36	3
32:12	JOS.7.26	3
32:12	EZR.10.14	3
32:12	PSA.74.18	3
32:12	PSA.78.38	3
32:12	PSA.79.9-PSA.79.10	3
32:12	PSA.85.3	3
32:12	PSA.90.13	3
32:12	PSA.106.45	3
32:12	EZK.20.9	3
32:12	EZK.20.14	3
32:12	EZK.20.22	3
32:12	AMO.7.3	3
32:12	AMO.7.6	3
32:12	JON.3.9	3
32:12	ZEC.8.14	3
32:13	HEB.6.13	9
32:13	GEN.12.7	8
32:13	GEN.22.16	8
32:13	GEN.15.5	6
32:13	GEN.15.18	6
32:13	GEN.15.7	5
32:13	GEN.35.11-GEN.35.12	5
32:13	GEN.48.16	4
32:13	LEV.26.42	4
32:13	DEU.7.8	4
32:13	GEN.13.15-GEN.13.16	3
32:13	GEN.26.3-GEN.26.4	3
32:13	GEN.28.13-GEN.28.14	3
32:13	DEU.9.27	3
32:13	LUK.1.54-LUK.1.55	3
32:13	GEN.12.2	2
32:14	JON.3.10	12
32:14	PSA.106.45	8
32:14	JER.26.13	8
32:14	1CH.21.15	5
32:14	JER.18.8	5
32:14	2SA.24.16	4
32:14	JON.4.2	4
32:14	JER.26.19	3
32:14	JOL.2.13	3
32:14	DEU.32.26	2
32:15	DEU.9.15	6
32:15	EXO.16.34	3
32:15	EXO.24.18	3
32:15	EXO.31.18	3
32:15	EXO.40.20	3
32:15	DEU.5.22	3
32:15	PSA.19.7	3
32:15	REV.5.1	1
32:16	EXO.31.18	5
32:16	HEB.8.10	4
32:16	EXO.34.1	3
32:16	EXO.34.4	3
32:16	DEU.9.9-DEU.9.11	3
32:16	DEU.9.15	3
32:16	DEU.10.1	3
32:16	2CO.3.3	3
32:16	2CO.3.7	1
32:17	EXO.24.13	4
32:17	EXO.17.9	3
32:17	EXO.32.18	2
32:17	JOS.6.5	2
32:17	JOS.6.10	2
32:17	JOS.6.16	2
32:17	JOS.6.20	2
32:17	JDG.15.14	2
32:17	1SA.4.5-1SA.4.6	2
32:17	1SA.17.20	2
32:17	1SA.17.52	2
32:17	EZR.3.11-EZR.3.13	2
32:17	JOB.39.25	2
32:17	PSA.47.1	2
32:17	JER.51.14	2
32:17	AMO.1.14	2
32:17	AMO.2.2	2
32:18	EXO.15.1-EXO.15.18	2
32:18	DAN.5.4	2
32:18	DAN.5.23	2
32:19	DEU.9.16-DEU.9.17	5
32:19	EXO.15.20	2
32:19	EXO.32.4-EXO.32.6	2
32:19	EXO.32.11	2
32:19	NUM.12.3	2
32:19	DEU.27.26	2
32:19	2SA.6.14	2
32:19	JER.31.32	2
32:19	LAM.5.15	2
32:19	ZEC.11.10-ZEC.11.11	2
32:19	ZEC.11.14	2
32:19	MAT.5.22	2
32:19	MRK.3.5	2
32:19	MRK.10.14	2
32:19	EPH.4.26	2
32:20	DEU.9.21	4
32:20	DEU.7.5	2
32:20	DEU.7.25	2
32:20	2KI.23.6	2
32:20	2KI.23.15	2
32:20	PRO.1.31	2
32:20	PRO.14.14	2
32:21	GEN.20.9	3
32:21	JOS.7.19-JOS.7.26	3
32:21	GEN.26.10	2
32:21	DEU.13.6-DEU.13.8	2
32:21	1SA.26.19	2
32:21	1KI.14.16	2
32:21	1KI.21.22	2
32:21	2KI.21.9-2KI.21.11	2
32:22	DEU.9.24	4
32:22	EXO.14.11	3
32:22	EXO.15.24	3
32:22	EXO.16.20	3
32:22	1SA.15.24	3
32:22	PSA.36.4	3
32:22	PRO.4.16	3
32:22	EXO.16.2-EXO.16.4	2
32:22	EXO.16.28	2
32:22	EXO.17.2-EXO.17.4	2
32:22	DEU.9.7	2
32:22	DEU.31.27	2
32:23	EXO.32.1-EXO.32.4	3
32:23	EXO.32.8	2
32:24	EXO.32.4	5
32:24	GEN.3.12-GEN.3.13	2
32:24	LUK.10.29	2
32:24	ROM.3.10	2
32:25	ISA.47.3	5
32:25	MIC.1.11	3
32:25	REV.16.15	3
32:25	GEN.3.10	2
32:25	EXO.33.4-EXO.33.6	2
32:25	DEU.9.20	2
32:25	2CH.28.19	2
32:25	EZK.16.63	2
32:25	DAN.12.2	2
32:25	HOS.2.3	2
32:25	ROM.6.21	2
32:25	REV.3.17-REV.3.18	1
32:26	2KI.9.32	7
32:26	MAT.12.30	6
32:26	JOS.5.13	4
32:26	2SA.20.11	4
32:27	NUM.25.5	7
32:27	LUK.14.26	4
32:27	DEU.33.8-DEU.33.9	3
32:27	EXO.32.26	2
32:27	EXO.32.29	2
32:27	NUM.25.7-NUM.25.12	2
32:27	2CO.5.16	2
32:28	DEU.33.9	3
32:28	NUM.16.32-NUM.16.35	2
32:28	NUM.16.41	2
32:28	MAL.2.4-MAL.2.6	2
32:28	1CO.10.8	2
32:28	HEB.2.2-HEB.2.3	2
32:29	NUM.25.11-NUM.25.13	5
32:29	ZEC.13.3	4
32:29	MAT.10.37	4
32:29	DEU.13.6-DEU.13.11	3
32:29	PRO.21.3	3
32:29	DEU.33.9-DEU.33.10	2
32:29	1SA.15.18-1SA.15.22	2
32:29	JOL.2.12-JOL.2.14	2
32:30	1SA.12.20	6
32:30	NUM.25.13	5
32:30	EXO.32.31-EXO.32.32	3
32:30	NUM.16.47	3
32:30	1SA.12.23	3
32:30	2SA.16.12	3
32:30	2KI.17.21	3
32:30	AMO.5.15	3
32:30	JON.3.9	3
32:30	1SA.2.17	2
32:30	JOB.42.7-JOB.42.8	2
32:30	LUK.7.47	2
32:30	LUK.15.18	2
32:30	ROM.9.3	2
32:30	GAL.3.13	2
32:30	2TI.2.25	2
32:30	2SA.12.9	1
32:30	JAS.5.16	1
32:31	EXO.20.23	5
32:31	EXO.32.30	3
32:31	DAN.9.8	3
32:31	DAN.9.11	3
32:31	EXO.20.4	2
32:31	EXO.34.28	2
32:31	DEU.9.18-DEU.9.19	2
32:31	EZR.9.6-EZR.9.7	2
32:31	EZR.9.15	2
32:31	NEH.9.33	2
32:31	DAN.9.5	2
32:32	PSA.69.28	15
32:32	ROM.9.3	14
32:32	PHP.4.3	13
32:32	REV.21.27	13
32:32	DAN.12.1	12
32:32	REV.3.5	11
32:32	PSA.56.8	9
32:32	PSA.139.16	9
32:32	NUM.14.19	8
32:32	DEU.9.14	8
32:32	DEU.25.19	8
32:32	DEU.29.20	8
32:32	REV.17.8	8
32:32	EXO.32.10	6
32:32	EZK.13.9	6
32:32	DAN.9.18-DAN.9.19	6
32:32	AMO.7.2	6
32:32	LUK.23.34	6
32:32	REV.22.19	4
32:33	DEU.29.20	10
32:33	EZK.18.4	10
32:33	LEV.23.30	8
32:33	PSA.69.28	8
32:33	REV.20.12	8
32:33	PSA.9.5	7
32:33	PHP.4.3	5
32:33	PSA.109.13-PSA.109.14	4
32:33	REV.13.8	4
32:34	EXO.23.20	6
32:34	DEU.32.35	6
32:34	EXO.3.17	3
32:34	EXO.33.2	3
32:34	EXO.33.14-EXO.33.15	3
32:34	MAT.23.35	3
32:34	EXO.20.5	2
32:34	NUM.14.27-NUM.14.30	2
32:34	NUM.20.16	2
32:34	PSA.99.8	2
32:34	ISA.63.9	2
32:34	JER.5.9	2
32:34	JER.5.29	2
32:34	AMO.3.14	2
32:34	ROM.2.4-ROM.2.6	2
32:35	2SA.12.9-2SA.12.10	3
32:35	EXO.32.4	2
32:35	EXO.32.25	2
32:35	MAT.27.3-MAT.27.7	2
32:35	ACT.1.18	2
32:35	ACT.7.41	2
33:1	GEN.12.7	7
33:1	EXO.32.13	4
33:1	GEN.22.16-GEN.22.18	3
33:1	GEN.26.3	3
33:1	EXO.32.7	3
33:1	GEN.13.14-GEN.13.17	2
33:1	GEN.15.18	2
33:1	GEN.28.13-GEN.28.15	2
33:1	EXO.17.3	2
33:1	EXO.32.1	2
33:1	EXO.32.34	2
33:2	JOS.24.11	5
33:2	EXO.32.34	4
33:2	EXO.3.8	3
33:2	EXO.23.20	3
33:2	EXO.23.27-EXO.23.31	3
33:2	EXO.3.17	2
33:2	EXO.34.11	2
33:2	DEU.7.22	2
33:3	EXO.32.9-EXO.32.10	7
33:3	EXO.3.8	6
33:3	DEU.9.6-DEU.9.13	6
33:3	ACT.7.51	6
33:3	EXO.33.15-EXO.33.17	4
33:3	JER.11.5	4
33:3	NUM.16.21	3
33:3	NUM.16.45	3
33:3	JOS.5.6	3
33:3	EZK.33.13-EZK.33.16	3
33:3	AMO.3.13-AMO.3.14	3
33:3	EXO.13.5	2
33:3	EXO.23.21	2
33:3	EXO.32.14	2
33:3	EXO.34.9	2
33:3	LEV.20.24	2
33:3	NUM.13.27	2
33:3	NUM.14.8	2
33:3	NUM.14.12	2
33:3	NUM.16.13	2
33:3	DEU.32.26-DEU.32.27	2
33:3	1SA.2.30	2
33:3	PSA.78.8	2
33:3	JER.18.7-JER.18.10	2
33:3	EZK.3.18-EZK.3.19	2
33:3	JON.3.4	2
33:3	JON.3.10	2
33:4	NUM.14.39	6
33:4	LEV.10.6	3
33:4	NUM.14.1	3
33:4	EZK.24.17	3
33:4	EZK.24.23	3
33:4	EZK.26.16	3
33:4	2SA.19.24	2
33:4	1KI.21.27	2
33:4	2KI.19.1	2
33:4	EZR.9.3	2
33:4	EST.4.1-EST.4.4	2
33:4	JOB.1.20	2
33:4	JOB.2.12	2
33:4	ISA.32.11	2
33:4	HOS.7.14	2
33:4	JON.3.6	2
33:4	ZEC.7.3	2
33:4	ZEC.7.5	2
33:5	EXO.33.3-EXO.33.4	5
33:5	NUM.16.21	5
33:5	DEU.8.2	5
33:5	NUM.16.45-NUM.16.46	4
33:5	PSA.139.23	4
33:5	GEN.22.12	3
33:5	JOB.34.20	3
33:5	PSA.73.19	3
33:5	ISA.22.12	3
33:5	GEN.18.21	2
33:5	LAM.4.6	2
33:6	EXO.33.4	3
33:6	EXO.32.3	2
33:6	JER.2.19	2
33:7	ISA.55.6-ISA.55.7	7
33:7	PRO.15.29	5
33:7	EXO.29.42-EXO.29.43	4
33:7	ISA.59.2	4
33:7	DEU.4.29	3
33:7	2SA.21.1	3
33:7	PSA.27.8	2
33:7	MAT.7.7-MAT.7.8	2
33:7	PSA.10.1	1
33:7	PSA.35.22	1
33:7	HOS.9.12	1
33:7	HEB.13.11-HEB.13.13	1
33:8	NUM.16.27	5
33:9	PSA.99.7	5
33:9	GEN.18.33	3
33:9	EXO.31.18	3
33:9	EZK.3.22	3
33:9	GEN.17.22	2
33:9	EXO.13.21-EXO.13.22	2
33:9	EXO.25.22	2
33:9	EXO.33.11	2
33:9	EXO.34.3	2
33:9	EXO.34.9	2
33:9	NUM.11.17	2
33:10	EXO.4.31	4
33:10	1KI.8.14	3
33:10	1KI.8.22	3
33:10	LUK.18.13	3
33:11	NUM.12.8	19
33:11	DEU.34.10	14
33:11	EXO.24.13	12
33:11	EXO.33.9	11
33:11	GEN.32.30	9
33:11	DEU.5.4	9
33:11	JHN.15.14-JHN.15.15	9
33:11	JHN.11.11	6
33:11	JAS.2.23	6
33:11	JHN.3.29	5
33:11	EXO.32.17	4
33:11	2CH.20.7	4
33:11	JOB.16.21	4
33:11	ISA.42.8	4
33:11	EXO.17.9	3
33:12	EXO.33.17	14
33:12	JHN.10.14-JHN.10.15	11
33:12	EXO.32.34	10
33:12	JER.1.5	10
33:12	2TI.2.19	10
33:12	GEN.18.19	7
33:12	ISA.43.1	7
33:12	EXO.3.10	5
33:12	EXO.33.1	5
33:12	PSA.1.6	4
33:13	PSA.119.33	21
33:13	PSA.25.4	17
33:13	PSA.27.11	14
33:13	PSA.86.11	11
33:13	DEU.9.26	7
33:13	ISA.30.21	7
33:13	JHN.17.3	7
33:13	EPH.1.17	7
33:13	COL.1.10	7
33:13	DEU.9.29	6
33:13	EXO.34.9	5
33:13	JOL.2.17	5
33:13	2PE.3.18	5
33:13	EXO.33.17-EXO.33.18	3
33:13	ROM.11.28	2
33:13	EXO.32.7	1
33:13	ISA.63.17	1
33:13	ISA.63.19	1
33:13	SNG.1.7-SNG.1.8	0
33:14	MAT.11.28	38
33:14	JOS.1.5	36
33:14	JOS.21.44	36
33:14	ISA.63.9	28
33:14	HEB.4.8-HEB.4.9	21
33:14	JOS.22.4	18
33:14	PSA.95.11	18
33:14	MAT.28.20	17
33:14	EXO.13.21	16
33:14	JER.6.16	15
33:14	JOS.23.1	13
33:14	DEU.3.20	10
33:15	EXO.34.9	15
33:15	PSA.4.6	10
33:15	EXO.33.3	9
33:16	DEU.4.7	10
33:16	NUM.14.14	8
33:16	1KI.8.53	6
33:16	MAT.1.23	6
33:16	EXO.34.10	5
33:16	EXO.8.22	4
33:16	EXO.19.5-EXO.19.6	4
33:16	2SA.7.23	4
33:16	2CO.6.17	4
33:16	NUM.23.9	2
33:16	DEU.4.34	2
33:16	PSA.147.20	2
33:17	ISA.65.24	10
33:17	1JN.5.14-1JN.5.15	8
33:17	EXO.33.12	5
33:17	GEN.19.21	4
33:17	GEN.6.8	3
33:17	JHN.16.23	3
33:17	JAS.5.16	3
33:17	GEN.18.32	2
33:17	GEN.19.19	2
33:18	REV.21.23	13
33:18	TIT.2.13	12
33:18	EXO.33.20	11
33:18	1TI.6.16	10
33:18	2CO.4.6	9
33:18	JHN.1.18	8
33:18	2CO.3.18	7
33:18	PSA.4.6	5
33:19	ROM.9.15-ROM.9.18	21
33:19	EPH.1.6-EPH.1.8	12
33:19	JER.31.14	10
33:19	JER.31.12	9
33:19	ISA.7.14	8
33:19	EXO.34.5-EXO.34.7	7
33:19	EXO.3.13-EXO.3.15	6
33:19	NEH.9.25	5
33:19	ISA.12.4	5
33:19	ISA.9.6	4
33:19	PSA.65.4	3
33:19	ZEC.9.17	3
33:19	ROM.2.4	3
33:19	ROM.9.23	3
33:19	PSA.25.13	1
33:20	GEN.32.30	17
33:20	JHN.1.18	17
33:20	1TI.6.16	15
33:20	ISA.6.5	13
33:20	JDG.13.22	10
33:20	DEU.5.24	9
33:20	JDG.6.22	9
33:20	EXO.24.10	8
33:20	REV.1.16-REV.1.17	8
33:20	HEB.1.13	1
33:21	ZEC.3.7	4
33:21	DEU.5.31	3
33:21	JOS.20.4	2
33:21	ISA.56.5	2
33:21	LUK.15.1	1
33:22	PSA.91.1	11
33:22	PSA.91.4	8
33:22	ISA.2.21	8
33:22	PSA.18.2	7
33:22	1CO.10.4	7
33:22	ISA.32.2	6
33:22	SNG.2.3	5
33:22	2CO.5.19	5
33:22	DEU.33.12	4
33:23	EXO.33.20	5
33:23	JHN.1.18	5
33:23	JOB.11.7	4
33:23	1CO.13.12	4
33:23	1TI.6.16	4
33:23	JOB.26.14	3
34:1	EXO.32.19	9
34:1	EXO.31.18	7
34:1	DEU.10.1-DEU.10.4	7
34:1	PSA.119.89	7
34:1	EXO.34.28	5
34:1	EXO.32.16	4
34:1	DEU.9.15-DEU.9.17	4
34:2	EXO.19.20	4
34:2	EXO.19.11	3
34:2	DEU.9.25	3
34:2	EXO.19.24	2
34:2	EXO.24.12	2
34:3	EXO.19.12-EXO.19.13	5
34:3	EXO.19.21	4
34:3	LEV.16.17	2
34:3	1TI.2.5	2
34:3	HEB.12.20	2
34:5	EXO.33.19	9
34:5	EXO.33.9	6
34:5	NUM.11.25	6
34:5	LUK.9.34-LUK.9.35	6
34:5	NUM.11.17	5
34:5	PSA.102.21	4
34:5	PRO.18.10	4
34:5	EXO.19.18	3
34:5	DEU.32.3	3
34:5	ISA.1.10	3
34:5	NUM.14.17	2
34:5	1KI.8.10-1KI.8.12	2
34:6	PSA.86.15	147
34:6	JOL.2.13	134
34:6	PSA.103.8-PSA.103.13	111
34:6	PSA.145.8	105
34:6	NEH.9.17	93
34:6	JON.4.2	78
34:6	NUM.14.17-NUM.14.19	70
34:6	PSA.86.5	62
34:6	2CH.30.9	45
34:6	MIC.7.18	43
34:6	DEU.5.10	35
34:6	EPH.1.7-EPH.1.8	31
34:6	PSA.138.2	29
34:6	PSA.116.5	28
34:6	PSA.108.4	27
34:6	ROM.2.4	26
34:6	PSA.111.4	19
34:6	PSA.57.10	16
34:6	EXO.3.13-EXO.3.16	15
34:6	EXO.22.27	15
34:6	PSA.112.4	15
34:6	MIC.7.20	14
34:6	LAM.3.23	13
34:6	JHN.1.17	9
34:6	PSA.91.4	6
34:6	ROM.5.20-ROM.5.21	4
34:6	PSA.31.19	2
34:7	EXO.20.5-EXO.20.6	31
34:7	PSA.103.3	24
34:7	DEU.5.9-DEU.5.10	19
34:7	EPH.1.7	14
34:7	NAM.1.2-NAM.1.3	13
34:7	1JN.1.9	13
34:7	NUM.14.18-NUM.14.23	12
34:7	JER.32.18	11
34:7	PSA.130.4	10
34:7	JOB.10.14	8
34:7	DAN.9.9	8
34:7	EPH.4.32	7
34:7	ROM.3.19-ROM.3.26	6
34:7	ROM.4.7-ROM.4.8	6
34:7	EXO.23.7	5
34:7	PSA.86.15	5
34:7	HEB.12.29	5
34:7	NEH.1.5	4
34:7	NEH.9.32	4
34:7	DAN.9.4	4
34:7	MIC.7.18	4
34:7	NAM.1.6	4
34:7	ROM.9.22-ROM.9.23	4
34:7	JOS.24.19	3
34:7	ACT.5.31	3
34:7	ACT.13.38	3
34:7	ROM.2.4-ROM.2.9	3
34:7	MIC.6.11	2
34:7	EXO.23.21	1
34:7	DEU.32.35	1
34:7	PSA.9.16-PSA.9.17	1
34:7	PSA.11.5-PSA.11.6	1
34:7	REV.20.15	1
34:7	PSA.58.10-PSA.58.11	0
34:7	PSA.136.10	0
34:7	PSA.136.15	0
34:7	ISA.45.21	0
34:7	MAT.6.14-MAT.6.15	0
34:7	MAT.12.31	0
34:7	MAT.18.32-MAT.18.35	0
34:7	LUK.7.42	0
34:7	LUK.7.48	0
34:7	REV.21.8	0
34:8	EXO.4.31	5
34:8	2CH.20.18	4
34:8	GEN.17.3	3
34:9	PSA.33.12	9
34:9	DEU.32.9	8
34:9	PSA.94.14	8
34:9	EXO.33.13-EXO.33.17	7
34:9	PSA.28.9	7
34:9	PSA.135.4	7
34:9	JER.10.16	7
34:9	EXO.32.9	6
34:9	EXO.19.5	5
34:9	PSA.78.62	5
34:9	ZEC.2.12	5
34:9	ISA.48.4	3
34:9	MAT.28.20	3
34:9	EXO.33.3-EXO.33.5	2
34:9	NUM.14.19	2
34:9	PSA.25.11	2
34:10	DEU.10.21	18
34:10	PSA.77.14	18
34:10	PSA.66.5	15
34:10	ISA.64.3	15
34:10	JER.32.21	12
34:10	2SA.7.23	11
34:10	PSA.66.3	10
34:10	PSA.78.12	10
34:10	DEU.5.2-DEU.5.3	8
34:10	JOS.10.12-JOS.10.13	8
34:10	DEU.4.32-DEU.4.37	7
34:10	DEU.32.30	7
34:10	PSA.145.6	7
34:10	EXO.24.7-EXO.24.8	6
34:10	JOS.6.20	6
34:10	EXO.34.27	5
34:10	DEU.29.12-DEU.29.14	5
34:10	PSA.65.5	5
34:10	DEU.4.13	4
34:10	PSA.76.12	4
34:10	PSA.106.22	4
34:10	PSA.147.20	4
34:10	PSA.68.35	3
34:11	EXO.33.2	6
34:11	DEU.6.25-DEU.7.1	5
34:11	EXO.3.17	4
34:11	GEN.15.18-GEN.15.21	3
34:11	EXO.3.8	3
34:11	DEU.6.3	3
34:11	DEU.4.1-DEU.4.2	2
34:11	DEU.4.40	2
34:11	DEU.5.32	2
34:11	DEU.7.19	2
34:11	DEU.9.4-DEU.9.5	2
34:11	DEU.12.28	2
34:11	DEU.12.32	2
34:11	DEU.28.1	2
34:11	MAT.28.20	2
34:11	JHN.14.21	2
34:12	EXO.23.32-EXO.23.33	8
34:12	JOS.23.12-JOS.23.13	5
34:12	DEU.7.2	4
34:12	DEU.7.16	3
34:12	JDG.2.2-JDG.2.3	3
34:12	PSA.106.36	2
34:12	JDG.8.27	1
34:13	2KI.18.4	6
34:13	EXO.23.24	5
34:13	DEU.7.5	5
34:13	DEU.7.25-DEU.7.26	5
34:13	DEU.12.2-DEU.12.3	4
34:13	DEU.16.21	4
34:13	JDG.2.2	3
34:13	JDG.6.25	3
34:13	2KI.23.14	3
34:13	2CH.31.1	3
34:13	2CH.34.3-2CH.34.4	3
34:14	DEU.4.24	16
34:14	DEU.32.21	11
34:14	1CO.10.22	10
34:14	EXO.20.3-EXO.20.5	8
34:14	NAM.1.2	8
34:14	MAT.4.10	8
34:14	DEU.29.20	7
34:14	DEU.6.15	6
34:14	EXO.34.5-EXO.34.7	5
34:14	DEU.32.16	5
34:14	ISA.9.6	5
34:14	ISA.57.15	5
34:14	DEU.5.7	4
34:14	JOS.24.19	4
34:14	EXO.33.19	3
34:14	DEU.5.24	3
34:15	JDG.2.17	6
34:15	NUM.25.2	5
34:15	DEU.31.16	5
34:15	PSA.106.28	5
34:15	1CO.8.4	5
34:15	1CO.8.10	4
34:15	1CO.10.27	4
34:15	EXO.34.12	3
34:15	LEV.17.7	3
34:15	LEV.20.5-LEV.20.6	3
34:15	JER.3.9	3
34:15	1CO.8.7	3
34:15	1CO.10.20-1CO.10.21	3
34:15	EXO.23.32	2
34:15	EXO.34.10	2
34:15	NUM.15.39	2
34:15	DEU.7.2	2
34:15	EZR.6.9	2
34:15	PSA.73.27	2
34:15	HOS.4.12	2
34:15	HOS.9.1	2
34:15	REV.2.20	2
34:15	REV.17.1-REV.17.5	2
34:16	DEU.7.3-DEU.7.4	6
34:16	1KI.11.2-1KI.11.4	6
34:16	EZR.9.2	6
34:16	NUM.25.1-NUM.25.2	5
34:16	NEH.13.25	5
34:16	NEH.13.23	4
34:16	2CO.6.14-2CO.6.17	3
34:17	LEV.19.4	6
34:17	EXO.32.8	5
34:17	ISA.46.6-ISA.46.7	3
34:17	JER.10.14	2
34:17	ACT.17.29	2
34:17	ACT.19.26	2
34:18	EXO.13.4	4
34:18	LEV.23.6	4
34:18	EXO.13.6-EXO.13.7	3
34:18	DEU.16.1-DEU.16.4	3
34:18	EXO.12.2	2
34:18	EXO.12.15-EXO.12.20	2
34:18	EXO.23.15	2
34:18	MRK.14.1	2
34:18	LUK.22.1	2
34:18	ACT.12.3	2
34:19	EXO.13.2	9
34:19	EXO.22.29	6
34:19	EXO.13.12	5
34:19	NUM.18.15-NUM.18.17	5
34:19	EZK.44.30	4
34:19	LUK.2.23	4
34:20	EXO.13.13	6
34:20	EXO.23.15	5
34:20	DEU.16.16	5
34:20	EXO.13.15	4
34:20	NUM.18.15	4
34:20	1SA.9.7-1SA.9.8	3
34:20	EXO.13.10	1
34:20	NUM.3.45-NUM.3.51	1
34:20	2SA.24.24	1
34:21	EXO.23.12	6
34:21	EXO.35.2	5
34:21	LUK.13.14	5
34:21	DEU.5.12-DEU.5.15	4
34:21	DEU.21.4	4
34:21	1SA.8.12	4
34:21	LUK.23.56	4
34:21	EXO.20.9-EXO.20.11	3
34:21	ISA.30.24	3
34:21	GEN.45.6	2
34:22	EXO.23.16	7
34:22	DEU.16.10-DEU.16.15	4
34:22	NUM.28.16-NUM.28.31	3
34:22	JHN.7.2	3
34:22	NUM.29.12-NUM.29.39	2
34:22	ACT.2.1	2
34:23	EXO.23.14	7
34:23	EXO.23.17	6
34:23	DEU.16.16	6
34:23	GEN.32.28	3
34:23	GEN.33.20	2
34:23	PSA.84.7	2
34:24	PSA.78.55	9
34:24	EXO.33.2	8
34:24	DEU.12.20	7
34:24	1CH.4.10	7
34:24	PRO.16.7	7
34:24	ACT.18.10	7
34:24	GEN.35.5	6
34:24	EXO.23.27-EXO.23.31	6
34:24	DEU.7.1	6
34:24	DEU.19.8	6
34:24	PSA.80.8	6
34:24	EXO.34.11	5
34:24	LEV.18.24	5
34:24	2CH.17.10	5
34:24	JOB.1.10	5
34:25	EXO.23.18	7
34:25	EXO.12.10	6
34:25	EXO.12.8	3
34:25	EXO.12.20	3
34:25	NUM.9.12	3
34:25	DEU.16.3	3
34:25	1CO.5.7-1CO.5.8	3
34:25	EXO.29.34	2
34:25	LEV.7.15	2
34:26	EXO.23.19	7
34:26	DEU.14.21	4
34:26	DEU.26.2	3
34:26	DEU.26.10	2
34:26	PRO.3.9-PRO.3.10	2
34:26	MAT.6.33	2
34:26	1CO.15.20	2
34:26	JAS.1.18	1
34:27	EXO.24.4	6
34:27	DEU.31.9	5
34:27	EXO.17.14	3
34:27	DEU.4.13	3
34:27	EXO.24.7	2
34:27	EXO.34.10	2
34:28	EXO.34.1	8
34:28	EXO.24.18	7
34:28	DEU.4.13	7
34:28	DEU.9.18	7
34:28	DEU.9.25	7
34:28	EXO.31.18	6
34:28	EXO.32.16	6
34:28	2CO.3.7	4
34:28	DEU.9.9	2
34:28	DEU.10.2-DEU.10.4	1
34:29	MAT.17.2	13
34:29	LUK.9.29	11
34:29	EXO.32.15	9
34:29	REV.1.16	7
34:29	2CO.3.7-2CO.3.9	6
34:29	2CO.3.13	6
34:29	REV.10.1	6
34:29	ACT.6.15	5
34:29	JHN.5.13	4
34:29	ACT.12.9	2
34:29	JOS.2.4	1
34:29	JOS.8.14	1
34:29	JDG.16.20	1
34:29	MRK.9.6	1
34:29	LUK.2.49	1
34:29	ACT.23.5	1
34:29	EXO.16.15	0
34:29	MRK.14.40	0
34:30	MRK.9.3	4
34:30	LUK.5.8	3
34:30	NUM.12.8	2
34:30	MRK.9.15	2
34:31	EXO.3.15	3
34:31	EXO.24.1-EXO.24.3	2
34:31	GEN.45.3	1
34:31	GEN.45.15	1
34:32	EXO.21.1	2
34:32	EXO.24.3	2
34:32	NUM.15.40	2
34:32	1KI.22.14	2
34:32	MAT.28.20	2
34:32	1CO.11.23	2
34:32	1CO.15.3	2
34:33	2CO.4.4-2CO.4.6	5
34:33	2CO.3.13-2CO.3.18	4
34:33	ROM.10.4	2
34:34	2CO.3.16	6
34:34	HEB.4.16	3
34:34	HEB.10.19-HEB.10.22	3
34:35	EXO.34.29-EXO.34.30	3
34:35	ECC.8.1	2
34:35	DAN.12.3	2
34:35	MAT.5.16	2
34:35	MAT.13.43	2
34:35	JHN.5.35	2
34:35	PHP.2.15	2
35:1	EXO.34.32	6
35:1	EXO.25.1-EXO.25.40	2
35:1	EXO.31.1-EXO.31.11	2
35:1	MAT.7.21-MAT.7.27	2
35:1	ROM.2.13	2
35:1	JAS.1.22	2
35:2	LEV.23.3	6
35:2	LUK.13.14-LUK.13.15	6
35:2	EXO.20.9-EXO.20.10	5
35:2	EXO.34.21	5
35:2	NUM.15.32-NUM.15.36	5
35:2	EXO.23.12	4
35:2	EXO.31.13-EXO.31.16	4
35:2	HEB.10.28-HEB.10.29	4
35:2	DEU.5.12-DEU.5.15	3
35:2	JHN.5.16	3
35:2	HEB.2.2-HEB.2.3	3
35:3	EXO.16.23	7
35:3	EXO.12.16	4
35:3	NUM.15.32-NUM.15.36	4
35:3	ISA.58.13	3
35:4	EXO.25.1-EXO.25.2	8
35:5	2CO.9.7	8
35:5	EXO.25.2-EXO.25.7	6
35:5	PSA.110.3	6
35:5	JDG.5.9	4
35:5	2CO.8.11-2CO.8.12	4
35:5	MRK.12.41-MRK.12.44	3
35:6	EXO.26.1	3
35:6	EXO.26.7-EXO.26.14	3
35:6	EXO.26.31	3
35:6	EXO.26.36	3
35:6	EXO.28.5-EXO.28.6	3
35:6	EXO.28.15	3
35:6	EXO.28.33	3
35:8	EXO.25.1-EXO.25.40	3
35:8	EXO.27.20	3
35:8	EXO.30.23	3
35:8	EXO.30.28	3
35:9	EXO.25.5	3
35:9	EXO.28.9	3
35:9	EXO.28.17-EXO.28.21	3
35:9	EXO.39.6-EXO.39.14	3
35:10	EXO.31.1-EXO.31.6	1
35:10	EXO.36.1-EXO.36.4	0
35:11	EXO.26.1-EXO.26.37	4
35:11	EXO.31.7-EXO.31.9	3
35:11	EXO.36.8-EXO.36.34	3
35:12	EXO.25.10-EXO.25.22	5
35:12	EXO.26.31-EXO.26.33	4
35:12	EXO.26.7	3
35:12	EXO.36.35-EXO.36.36	3
35:12	EXO.37.1-EXO.37.9	3
35:13	EXO.25.23-EXO.25.30	6
35:13	LEV.24.5-LEV.24.6	4
35:13	EXO.37.10-EXO.37.16	3
35:14	EXO.25.31-EXO.25.39	5
35:14	EXO.37.17-EXO.37.24	3
35:14	MAT.5.14-MAT.5.15	3
35:14	PSA.148.3	1
35:15	EXO.30.1-EXO.30.10	4
35:15	EXO.26.36-EXO.26.37	3
35:15	EXO.30.22-EXO.30.38	3
35:15	EXO.36.37-EXO.36.38	3
35:15	EXO.37.25-EXO.37.28	3
35:15	PSA.141.2	3
35:16	EXO.27.1-EXO.27.8	6
35:16	EXO.30.18-EXO.30.21	4
35:16	EXO.38.1-EXO.38.8	3
35:17	EXO.27.9-EXO.27.19	3
35:17	EXO.38.9-EXO.38.20	3
35:17	2SA.7.2	3
35:18	EXO.27.19	4
35:19	EXO.31.10	5
35:19	EXO.28.1-EXO.28.43	3
35:19	EXO.39.1-EXO.39.31	3
35:19	EXO.39.41	3
35:19	NUM.4.5-NUM.4.15	3
35:21	EXO.25.2	6
35:21	EXO.35.26	5
35:21	EXO.35.29	5
35:21	1CH.29.14	5
35:21	EXO.35.5	4
35:21	EXO.35.22	3
35:21	EXO.36.2	3
35:21	JDG.5.3	2
35:21	JDG.5.9	2
35:21	JDG.5.12	2
35:21	2SA.7.27	2
35:21	1CH.28.2	2
35:21	1CH.28.9	2
35:21	1CH.29.3	2
35:21	1CH.29.5-1CH.29.6	2
35:21	1CH.29.9	2
35:21	1CH.29.17-1CH.29.18	2
35:21	EZR.1.5-EZR.1.6	2
35:21	EZR.7.27	2
35:21	PSA.110.3	2
35:21	PRO.4.23	2
35:21	JER.30.21	2
35:21	MAT.12.34	2
35:21	2CO.8.12	2
35:21	2CO.9.7	2
35:22	EZR.2.68-EZR.2.69	3
35:22	NEH.7.70-NEH.7.72	3
35:22	MAT.2.11	3
35:22	EXO.32.3	2
35:22	NUM.31.50	2
35:22	1CH.29.6-1CH.29.7	2
35:22	2CH.24.9-2CH.24.14	2
35:22	ISA.3.19	2
35:22	ISA.60.9	2
35:22	ISA.60.13	2
35:22	EZK.16.11	2
35:22	MRK.12.41-MRK.12.44	1
35:23	1CH.29.8	5
35:23	EXO.25.2-EXO.25.7	3
35:23	EXO.35.6-EXO.35.10	2
35:24	2CO.8.12	3
35:25	PRO.14.1	4
35:25	LUK.8.2-LUK.8.3	4
35:25	ROM.16.12	4
35:25	EXO.28.3	3
35:25	EXO.31.6	3
35:25	EXO.36.1	3
35:25	PRO.31.19-PRO.31.24	3
35:25	ACT.9.39	3
35:25	ROM.16.1-ROM.16.4	3
35:25	ROM.16.6	3
35:25	GAL.3.28	3
35:25	PHP.4.3	3
35:25	2KI.23.7	2
35:26	EXO.35.21	6
35:26	EXO.35.29	5
35:26	EXO.36.8	5
35:27	1CH.29.6	5
35:27	EZR.2.68	5
35:27	EXO.35.9	3
35:28	EXO.30.23-EXO.30.38	4
35:28	EXO.35.8	3
35:29	2CO.9.7	6
35:29	EXO.35.4	4
35:29	EXO.35.21-EXO.35.22	4
35:29	EXO.36.3	3
35:29	DEU.4.2	3
35:29	DEU.11.32	3
35:29	DEU.12.32	3
35:29	JDG.5.2	3
35:29	JDG.5.9	3
35:29	1CH.29.3	3
35:29	1CH.29.6	3
35:29	1CH.29.9-1CH.29.10	3
35:29	1CH.29.14	3
35:29	1CH.29.17	3
35:29	ISA.8.20	3
35:29	MAT.28.20	3
35:29	1CO.3.5	3
35:29	1CO.9.17	3
35:29	GAL.6.16	3
35:29	2TI.3.15-2TI.3.17	3
35:29	2PE.1.19	2
35:30	EXO.31.1-EXO.31.6	5
35:30	JAS.1.17	3
35:30	1KI.7.13-1KI.7.14	2
35:30	ISA.28.26	2
35:30	1CO.3.10	2
35:30	1CO.12.4	2
35:30	1CO.12.11	2
35:31	JAS.1.17	5
35:31	2CH.2.14	3
35:31	ISA.11.2-ISA.11.5	3
35:31	ISA.61.1-ISA.61.3	3
35:31	ISA.28.26	2
35:31	1CO.12.4-1CO.12.10	2
35:31	COL.2.3	2
35:34	EXO.31.6	4
35:34	2CH.2.14	4
35:34	EZR.7.27	3
35:34	1CO.1.5-1CO.1.7	3
35:34	1CO.12.7	3
35:34	JAS.1.16-JAS.1.17	3
35:34	EZR.7.10	1
35:34	NEH.2.12	1
35:34	ISA.28.24-ISA.28.29	0
35:35	EXO.35.31	10
35:35	1KI.7.14	6
35:35	ISA.28.26	5
35:35	EXO.31.3	4
35:35	EXO.31.6	3
35:35	2TI.2.15	3
35:35	EXO.26.1	2
35:35	1KI.3.12	2
35:35	2CH.2.14	2
35:35	JOB.7.6	2
35:35	ACT.19.6	2
35:35	ACT.19.8	2
35:35	1CO.1.5	2
35:35	1CO.1.7	2
35:35	1CO.12.4	2
35:35	1CO.12.8	2
35:35	1CO.12.12	2
35:35	GAL.3.2	2
35:35	GAL.3.5	2
35:35	1TI.3.15	2
35:35	1TI.4.16	2
35:35	ISA.38.12	1
36:1	EXO.28.3	9
36:1	EXO.31.1-EXO.31.6	7
36:1	EXO.35.30-EXO.35.35	7
36:1	EXO.25.8	5
36:1	EXO.39.1-EXO.40.38	5
36:1	EXO.23.21-EXO.23.22	4
36:1	MAT.28.20	4
36:1	LUK.1.6	4
36:1	PSA.119.6	3
36:1	HEB.8.2	3
36:1	EXO.36.3-EXO.36.4	2
36:1	NUM.7.9	2
36:2	COL.4.17	6
36:2	EXO.31.6	5
36:2	HEB.5.4	5
36:2	1CH.29.5	4
36:2	ACT.14.23	4
36:2	EXO.25.2	3
36:2	EXO.28.3	3
36:2	EXO.35.2	3
36:2	EXO.35.10	3
36:2	EXO.35.21-EXO.35.35	3
36:2	ACT.6.3-ACT.6.4	3
36:3	EXO.35.29	5
36:3	EXO.35.5-EXO.35.21	3
36:3	EXO.35.27	3
36:3	PSA.5.3	3
36:3	PSA.101.8	3
36:3	PRO.8.15	3
36:3	ISA.50.4	3
36:3	JER.21.12	3
36:4	LUK.12.42	3
36:4	1CO.3.10	3
36:4	2CH.24.13	2
36:4	MAT.24.45	2
36:5	2CH.31.6-2CH.31.10	6
36:5	2CO.8.2-2CO.8.3	6
36:5	2CH.24.14	5
36:5	PHP.4.17-PHP.4.18	4
36:5	PHP.2.21	3
36:5	EXO.32.3	2
36:7	2CH.31.10	3
36:8	EXO.25.18	2
36:8	EXO.25.22	2
36:8	EXO.26.1-EXO.26.37	2
36:8	EXO.31.6	2
36:8	EXO.35.10	2
36:8	1KI.6.23	2
36:8	1CH.15.1	2
36:8	2CH.3.10	2
36:8	EZK.1.5-EZK.1.28	2
36:8	EZK.10.1-EZK.10.19	2
36:10	EXO.26.3	2
36:10	PSA.122.3	2
36:10	PSA.133.1	2
36:10	ZEP.3.9	2
36:10	ACT.2.1	2
36:10	1CO.1.10	2
36:10	1CO.12.20	2
36:10	1CO.12.27	2
36:10	EPH.1.23	2
36:10	EPH.2.21-EPH.2.22	2
36:10	EPH.4.2-EPH.4.6	2
36:10	PHP.2.2	2
36:10	PHP.3.15	2
36:11	EXO.26.4	2
36:12	EXO.26.5	3
36:12	EXO.26.10	2
36:13	1CO.12.20	2
36:13	EPH.2.20-EPH.2.22	2
36:13	1PE.2.4-1PE.2.5	2
36:14	EXO.26.7-EXO.26.13	3
36:19	EXO.26.14	2
36:20	EXO.25.5	3
36:20	EXO.25.10	2
36:20	EXO.26.15-EXO.26.29	2
36:20	EXO.40.18-EXO.40.19	2
36:20	NUM.25.1	2
36:20	DEU.10.3	2
36:27	EXO.26.22	2
36:27	EXO.26.27	2
36:29	EXO.26.24	2
36:29	PSA.122.3	2
36:29	PSA.133.1	2
36:29	ACT.2.46	2
36:29	ACT.4.32	2
36:29	1CO.1.10	2
36:29	1CO.12.13	2
36:29	2CO.1.10	2
36:29	EPH.2.15	2
36:29	EPH.2.19	2
36:29	EPH.2.21	2
36:29	EPH.3.18-EPH.3.19	2
36:29	EPH.4.2-EPH.4.6	2
36:29	EPH.4.15-EPH.4.16	2
36:30	EXO.26.25	2
36:31	EXO.26.26-EXO.26.29	3
36:31	EXO.25.28	2
36:31	EXO.30.5	2
36:32	EXO.26.26	2
36:35	MAT.27.51	3
36:35	EXO.26.31-EXO.26.37	2
36:35	EXO.30.6	2
36:35	EXO.40.21	2
36:35	HEB.10.20	2
36:36	JER.1.18	2
36:37	EXO.26.36-EXO.26.37	2
36:37	EXO.40.28	2
36:38	EXO.27.10	2
37:1	EXO.25.10-EXO.25.20	3
37:1	EXO.26.33	3
37:1	NUM.10.33-NUM.10.36	3
37:1	EXO.31.7	2
37:1	EXO.40.3	2
37:1	EXO.40.20-EXO.40.21	2
37:2	EXO.30.3	2
37:4	NUM.4.14-NUM.4.15	2
37:4	ACT.9.15	2
37:4	1PE.1.7	2
37:4	1PE.1.18-1PE.1.19	2
37:5	NUM.1.50	2
37:5	NUM.4.15	2
37:5	2SA.6.3-2SA.6.7	2
37:6	HEB.9.5	3
37:6	EXO.25.17-EXO.25.22	2
37:6	LEV.16.12-LEV.16.15	2
37:6	1CH.28.11	2
37:6	ROM.3.25	2
37:6	GAL.4.4	2
37:6	TIT.2.14	2
37:6	1JN.2.2	2
37:7	1KI.6.23-1KI.6.29	2
37:7	PSA.80.1	2
37:7	PSA.104.4	2
37:7	EZK.10.2	2
37:9	GEN.3.24	2
37:9	GEN.28.12	2
37:9	EXO.25.20	2
37:9	ISA.6.2	2
37:9	EZK.10.1-EZK.10.22	2
37:9	JHN.1.51	2
37:9	2CO.3.18	2
37:9	EPH.3.10	2
37:9	PHP.3.8	2
37:9	1TI.3.16	2
37:9	HEB.1.14	2
37:9	1PE.1.12	2
37:10	EXO.25.23-EXO.25.30	2
37:10	EXO.35.13	2
37:10	EXO.40.4	2
37:10	EXO.40.22-EXO.40.23	2
37:10	EZK.40.39-EZK.40.42	2
37:10	MAL.1.12	2
37:10	JHN.1.14	2
37:10	JHN.1.16	2
37:10	COL.1.27	2
37:16	EXO.25.29	2
37:16	1KI.7.50	2
37:16	2KI.12.13	2
37:16	JER.52.18-JER.52.19	2
37:16	2TI.2.20	2
37:17	EXO.25.31-EXO.25.39	4
37:17	HEB.9.2	3
37:17	EXO.40.24-EXO.40.25	2
37:17	LEV.24.4	2
37:17	1CH.28.15	2
37:17	2CH.13.11	2
37:17	ZEC.4.2	2
37:17	ZEC.4.11	2
37:17	MAT.5.15	2
37:17	JHN.1.4-JHN.1.9	2
37:17	PHP.2.15	2
37:17	REV.1.12-REV.2.5	2
37:20	EXO.25.33	2
37:20	NUM.17.8	2
37:20	ECC.12.5	2
37:20	JER.1.11	2
37:21	EXO.25.35	2
37:22	EXO.25.31	2
37:22	PSA.51.17	2
37:22	ISA.5.4-ISA.5.5	2
37:22	ISA.5.10	2
37:22	1CO.9.27	2
37:22	COL.3.5	2
37:23	EXO.25.37	2
37:23	NUM.8.2	2
37:23	ZEC.4.2	2
37:23	REV.1.12	2
37:23	REV.1.20-REV.2.1	2
37:23	REV.4.5	2
37:23	REV.5.5	2
37:25	EXO.30.1-EXO.30.5	6
37:25	HEB.7.25	4
37:25	1PE.2.5	4
37:25	REV.8.3-REV.8.4	4
37:25	EXO.40.5	3
37:25	EXO.40.26-EXO.40.27	3
37:25	2CH.26.16	3
37:25	MAT.23.19	3
37:25	LUK.1.9-LUK.1.10	3
37:25	HEB.13.10	3
37:29	EXO.30.23-EXO.30.38	2
37:29	PSA.14.1-PSA.14.2	2
37:29	PSA.23.5	2
37:29	PSA.92.10	2
37:29	PSA.141.2	2
37:29	ECC.10.1	2
37:29	ISA.11.2	2
37:29	ISA.61.1	2
37:29	ISA.61.3	2
37:29	JHN.3.34	2
37:29	2CO.1.21-2CO.1.22	2
37:29	HEB.5.7	2
37:29	HEB.7.25	2
37:29	1JN.2.20	2
37:29	1JN.2.27	2
37:29	REV.8.3-REV.8.4	2
38:1	EXO.27.1-EXO.27.8	7
38:1	EXO.40.6	4
38:1	EXO.40.29	4
38:1	2CH.4.1	4
38:1	EZK.43.13-EZK.43.17	4
38:1	HEB.13.10	4
38:1	REV.21.16	4
38:1	JHN.6.37	2
38:1	ROM.8.3-ROM.8.4	2
38:1	ROM.12.1	2
38:1	HEB.3.1	2
38:1	HEB.9.14	2
38:1	HEB.13.8	2
38:1	1PE.2.5	2
38:2	EXO.27.2	2
38:2	JOB.6.12	2
38:3	EXO.27.3	3
38:3	1SA.2.13	3
38:5	EXO.27.4	3
38:6	DEU.10.3	3
38:6	EXO.25.6	2
38:7	ACT.9.15	3
38:7	1CO.1.24	3
38:7	1CO.2.2	3
38:8	1SA.2.22	6
38:8	LUK.2.37	6
38:8	EXO.40.7	5
38:8	1TI.5.5	4
38:8	TIT.3.5-TIT.3.6	4
38:8	PSA.26.6	3
38:8	ZEC.13.1	3
38:8	JHN.13.10	3
38:8	EXO.30.18-EXO.30.21	2
38:8	EXO.40.30-EXO.40.32	2
38:8	1KI.7.23-1KI.7.26	2
38:8	1KI.7.38	2
38:8	PRO.8.34	2
38:8	MAT.26.69	2
38:8	JHN.18.16	2
38:8	HEB.9.10	2
38:8	1JN.3.7	2
38:8	REV.1.5	2
38:9	EXO.27.9-EXO.27.19	4
38:9	PSA.89.7	3
38:9	EXO.40.8	2
38:9	EXO.40.33	2
38:9	1KI.6.36	2
38:9	PSA.84.2	2
38:9	PSA.84.10	2
38:9	PSA.92.13	2
38:9	PSA.100.4	2
38:14	EXO.27.14	2
38:18	2CH.3.14	2
38:20	EXO.27.19	2
38:20	2CH.3.9	2
38:20	EZR.9.8	2
38:20	ECC.12.11	2
38:20	ISA.22.23	2
38:20	ISA.33.20	2
38:20	EPH.2.21-EPH.2.22	2
38:20	COL.2.19	2
38:21	ACT.7.44	5
38:21	NUM.1.50	4
38:21	NUM.1.53	4
38:21	NUM.9.15	4
38:21	NUM.10.11	4
38:21	2CH.24.6	4
38:21	EXO.6.23	3
38:21	NUM.17.7-NUM.17.8	3
38:21	NUM.18.2	3
38:21	EXO.25.16	2
38:21	EXO.26.33	2
38:21	EXO.40.3	2
38:21	NUM.4.28-NUM.4.33	2
38:21	NUM.24.5	2
38:21	1CH.6.3	2
38:21	EZR.8.26-EZR.8.30	2
38:21	JOB.11.4	2
38:21	JOB.22.23	2
38:21	JOB.26.1	2
38:21	PSA.15.1	2
38:21	MAT.17.4	2
38:21	2CO.5.1	2
38:21	HEB.8.2	2
38:21	HEB.9.2-HEB.9.3	2
38:21	HEB.9.11	2
38:21	2PE.1.13	2
38:21	REV.11.19	2
38:21	REV.21.3	2
38:22	EXO.31.1-EXO.31.5	3
38:22	EXO.35.30-EXO.36.3	3
38:22	PSA.119.6	2
38:22	JER.1.7	2
38:22	MAT.28.20	2
38:23	EXO.35.34	5
38:23	EXO.31.6	3
38:24	LEV.27.25	5
38:24	NUM.3.47	5
38:24	NUM.18.16	5
38:24	EXO.25.2	2
38:24	EXO.29.24	2
38:24	EXO.30.13-EXO.30.14	2
38:24	EXO.30.24	2
38:24	EXO.35.22	2
38:24	LEV.5.15	2
38:24	LEV.27.3	2
38:24	1CH.29.2-1CH.29.7	2
38:24	HAG.2.8	2
38:24	1CH.22.14-1CH.22.16	1
38:25	EXO.30.12	2
38:26	NUM.1.46	8
38:26	EXO.30.13	5
38:26	EXO.12.37	4
38:26	EXO.30.15-EXO.30.16	3
38:27	EXO.26.19	4
38:27	EXO.26.21	3
38:27	EXO.26.25	3
38:27	EXO.26.32	3
38:28	EXO.27.17	2
38:30	EXO.26.37	3
38:30	EXO.27.10	2
38:30	EXO.27.17	2
39:1	EXO.31.10	7
39:1	EXO.35.19	6
39:1	EXO.35.23	6
39:1	HEB.9.12	4
39:1	HEB.9.25	4
39:1	EXO.28.2-EXO.28.4	3
39:1	PSA.93.5	3
39:1	EZK.42.14	3
39:1	EZK.43.12	3
39:1	EXO.25.4	2
39:1	EXO.26.1	2
39:1	EXO.39.41	2
39:2	EXO.28.6-EXO.28.12	6
39:2	LEV.8.7	4
39:2	EXO.25.7	3
39:3	EXO.26.1	2
39:3	EXO.36.8	2
39:5	MAT.28.20	3
39:5	REV.1.13	3
39:5	EXO.28.8	2
39:5	EXO.29.5	2
39:5	LEV.8.7	2
39:5	ISA.11.5	2
39:5	1CO.11.23	2
39:6	EXO.28.9	3
39:6	JOB.28.16	2
39:6	EZK.28.13	2
39:6	EXO.25.7	1
39:6	EXO.35.9	1
39:7	JOS.4.7	5
39:7	EXO.28.12	4
39:7	EXO.28.29	3
39:7	MRK.14.22-MRK.14.25	3
39:7	NEH.2.20	1
39:7	MRK.14.9	1
39:8	EXO.28.4	4
39:8	EXO.28.13-EXO.28.29	3
39:8	LEV.8.8-LEV.8.9	3
39:8	ISA.59.17	3
39:8	EPH.6.14	3
39:8	PSA.89.28	1
39:8	EXO.25.7	0
39:10	EXO.28.16-EXO.28.17	3
39:10	EXO.28.21	3
39:10	REV.21.19-REV.21.21	3
39:11	EXO.28.18	3
39:11	EZK.28.13	3
39:14	REV.21.12	8
39:15	JHN.10.28	3
39:15	EXO.28.14	2
39:15	2CH.3.5	2
39:15	SNG.1.10	2
39:15	JHN.17.12	2
39:15	1PE.1.5	2
39:15	JUD.1.1	2
39:16	EXO.25.12	2
39:18	EXO.28.14	2
39:18	SNG.1.10	2
39:20	EXO.26.3	2
39:21	MAT.16.24	2
39:21	1CO.1.25	2
39:21	1CO.1.27	2
39:22	EXO.28.31-EXO.28.35	2
39:24	EXO.28.33	2
39:24	GAL.5.22	2
39:25	EXO.28.33-EXO.28.34	2
39:25	PSA.89.15	2
39:25	SNG.4.13	2
39:26	EXO.28.34	3
39:26	DEU.22.12	2
39:26	SNG.4.3	2
39:26	SNG.4.13	2
39:26	SNG.6.7	2
39:26	MAT.9.20	2
39:27	EZK.44.18	3
39:27	EXO.28.39-EXO.28.42	2
39:27	LEV.8.13	2
39:27	ISA.61.10	2
39:27	ROM.3.22	2
39:27	ROM.13.14	2
39:27	GAL.3.27	2
39:27	PHP.2.6-PHP.2.8	2
39:27	1PE.1.13	2
39:28	EXO.28.4	3
39:28	EXO.28.39	2
39:28	EXO.28.42	2
39:28	EZK.44.18	2
39:29	EXO.28.39	2
39:30	HEB.7.26	4
39:30	REV.5.10	4
39:30	EXO.28.36-EXO.28.39	3
39:30	HEB.1.3	3
39:30	EXO.26.36	2
39:30	ZEC.14.20	2
39:30	1CO.1.30	2
39:30	2CO.5.21	2
39:30	TIT.2.14	2
39:32	EXO.39.42-EXO.39.43	4
39:32	EXO.25.40	3
39:32	MAT.28.20	3
39:32	EXO.25.1-EXO.25.31	2
39:32	EXO.35.1-EXO.35.35	2
39:32	EXO.39.33	2
39:32	EXO.40.32	2
39:32	LEV.8.1-LEV.8.9	2
39:32	NUM.3.25-NUM.3.26	2
39:32	NUM.3.31	2
39:32	NUM.3.36-NUM.3.37	2
39:32	NUM.4.4-NUM.4.32	2
39:32	DEU.12.32	2
39:32	1SA.15.22	2
39:32	1CH.28.19	2
39:32	HEB.3.2	2
39:32	HEB.8.5	2
39:33	EXO.25.1-EXO.25.30	2
39:33	EXO.31.7-EXO.31.11	2
39:33	EXO.35.11-EXO.35.19	2
39:33	EXO.36.1-EXO.36.38	2
39:35	EXO.25.17	2
39:35	HEB.9.5	2
39:35	HEB.9.8	2
39:36	EXO.25.30	2
39:36	1KI.7.48	2
39:37	PHP.2.15	3
39:37	EXO.25.31	2
39:37	EXO.27.21	2
39:37	MAT.5.14-MAT.5.16	2
39:38	EXO.30.7	3
39:38	EXO.25.6	2
39:38	EXO.30.3	2
39:38	EXO.31.11	2
39:38	EXO.35.8	2
39:38	EXO.37.29	2
39:38	2CH.2.4	2
39:39	EXO.38.30	2
39:39	1KI.8.64	2
39:40	EXO.27.9-EXO.27.16	2
39:41	EXO.28.2	2
39:41	EXO.31.10	2
39:41	EXO.39.1	2
39:42	EXO.35.10	4
39:42	EXO.23.21-EXO.23.22	2
39:42	EXO.25.1-EXO.25.31	2
39:42	EXO.39.32	2
39:42	DEU.12.32	2
39:42	MAT.28.20	2
39:42	2TI.2.15	2
39:42	2TI.4.7	2
39:43	LEV.9.22-LEV.9.23	6
39:43	NUM.6.23-NUM.6.27	6
39:43	2SA.6.18	4
39:43	1KI.8.14	4
39:43	2CH.30.27	4
39:43	GEN.1.31	3
39:43	GEN.14.19	3
39:43	JOS.22.6	3
39:43	2CH.6.3	3
39:43	PSA.104.31	3
39:43	EXO.40.25	2
39:43	1CH.16.2	2
39:43	NEH.11.2	2
39:43	PSA.19.11	2
40:2	EXO.26.30	5
40:2	EXO.13.4	4
40:2	EXO.12.1-EXO.12.2	3
40:2	EXO.40.17-EXO.40.19	3
40:2	NUM.1.1	3
40:2	NUM.7.1	3
40:2	EXO.26.1	2
40:2	EXO.26.7	2
40:2	EXO.27.21	2
40:2	EXO.30.36	2
40:2	EXO.35.11	2
40:2	EXO.36.18	2
40:2	EXO.40.6	2
40:3	EXO.35.12	5
40:3	NUM.4.5	5
40:3	REV.11.19	4
40:3	EXO.25.22	3
40:3	EXO.40.20-EXO.40.21	3
40:3	LEV.16.14	3
40:3	EXO.25.10	2
40:3	EXO.26.31	2
40:3	EXO.26.33-EXO.26.34	2
40:3	EXO.36.35-EXO.36.36	2
40:3	EXO.37.1-EXO.37.9	2
40:4	LEV.24.8	3
40:4	EXO.25.23-EXO.25.39	2
40:4	EXO.26.35-EXO.26.36	2
40:4	EXO.37.10-EXO.37.24	2
40:4	EXO.40.22-EXO.40.25	2
40:4	LEV.24.5-LEV.24.6	1
40:5	HEB.10.19-HEB.10.22	4
40:5	JHN.14.6	3
40:5	HEB.9.24	3
40:5	1JN.2.1-1JN.2.2	3
40:5	EXO.26.36-EXO.26.37	2
40:5	EXO.30.1-EXO.30.5	2
40:5	EXO.35.25-EXO.35.28	2
40:5	EXO.37.25-EXO.37.28	2
40:5	EXO.40.26-EXO.40.28	2
40:6	EXO.40.29	4
40:6	EXO.27.1-EXO.27.8	3
40:6	EXO.38.1-EXO.38.7	3
40:6	EPH.1.6-EPH.1.7	3
40:6	HEB.13.10	3
40:6	1JN.2.2	3
40:6	1JN.4.9-1JN.4.10	3
40:7	PSA.26.6	3
40:7	ZEC.13.1	3
40:7	TIT.3.5	3
40:7	HEB.10.22	3
40:7	1JN.1.7	3
40:7	EXO.30.18-EXO.30.21	2
40:7	EXO.38.8	2
40:7	EXO.40.30-EXO.40.32	2
40:7	REV.1.5-REV.1.6	1
40:8	EXO.27.9-EXO.27.19	3
40:8	EXO.38.9-EXO.38.20	3
40:8	EXO.40.33	3
40:8	MAT.16.18	3
40:8	1CO.12.28	3
40:8	EPH.4.11-EPH.4.12	3
40:9	LEV.8.10	5
40:9	NUM.7.1	3
40:9	EXO.30.23-EXO.30.33	2
40:9	EXO.37.29	2
40:9	EXO.39.39	2
40:9	PSA.45.7	2
40:9	ISA.11.2	2
40:9	ISA.61.1	2
40:9	MAT.3.16	2
40:9	JHN.3.34	2
40:9	2CO.1.4	2
40:9	2CO.1.22	2
40:9	1JN.2.20	2
40:10	EXO.29.36-EXO.29.37	4
40:10	ISA.61.1	4
40:10	LUK.1.35	4
40:10	LEV.8.11	3
40:10	ISA.11.2	3
40:10	JHN.3.34	3
40:10	JHN.17.19	3
40:10	1CO.1.30	3
40:10	2CO.5.21	3
40:10	HEB.7.26	3
40:12	LEV.8.1-LEV.8.13	5
40:12	EXO.29.1-EXO.29.35	3
40:12	LEV.9.1-LEV.9.24	3
40:12	ISA.11.1-ISA.11.5	2
40:12	ISA.61.1-ISA.61.3	2
40:12	MAT.3.16	2
40:12	LUK.1.35	2
40:12	JHN.3.34	2
40:12	ROM.8.3	2
40:12	GAL.4.4	2
40:13	EXO.28.41	6
40:13	1JN.2.20	3
40:13	1JN.2.27	3
40:13	ISA.61.1	2
40:13	JHN.3.34	2
40:13	JHN.17.19	2
40:13	HEB.10.10	2
40:13	HEB.10.29	2
40:14	ISA.44.3-ISA.44.5	2
40:14	ISA.61.10	2
40:14	JHN.1.16	2
40:14	ROM.8.30	2
40:14	ROM.13.14	2
40:14	1CO.1.9	2
40:14	1CO.1.30	2
40:15	NUM.25.13	6
40:15	PSA.110.4	3
40:15	HEB.5.1-HEB.5.14	3
40:15	HEB.7.17-HEB.7.24	3
40:15	HEB.8.1-HEB.8.10	3
40:15	EXO.12.14	2
40:15	EXO.29.9	2
40:15	EXO.30.31	2
40:15	EXO.30.33	2
40:15	HEB.7.3	2
40:15	HEB.7.7	2
40:16	EXO.40.17-EXO.40.32	3
40:16	DEU.4.1	3
40:16	1CO.4.2	3
40:16	EXO.23.21-EXO.23.22	2
40:16	EXO.39.42-EXO.39.43	2
40:16	DEU.12.32	2
40:16	ISA.8.20	2
40:16	MAT.28.20	2
40:17	NUM.7.1	5
40:17	EXO.40.1-EXO.40.2	2
40:17	NUM.9.1	2
40:18	EXO.26.15-EXO.26.30	2
40:18	EXO.36.20-EXO.36.34	2
40:18	EXO.40.2	2
40:18	LEV.26.11	2
40:18	ISA.33.24	2
40:18	EZK.37.27-EZK.37.28	2
40:18	MAT.16.18	2
40:18	GAL.4.4	2
40:18	1TI.3.15	2
40:18	1PE.1.5	2
40:18	REV.21.3	2
40:18	JHN.1.14	1
40:19	EXO.26.1-EXO.26.14	2
40:19	EXO.36.8-EXO.36.19	2
40:20	EXO.16.34	3
40:20	EXO.25.16-EXO.25.21	2
40:20	EXO.31.18	2
40:20	EXO.37.6-EXO.37.9	2
40:20	EXO.40.3	2
40:20	DEU.10.5	2
40:20	1KI.8.9	2
40:20	PSA.40.8	2
40:20	MAT.3.15	2
40:20	ROM.3.25	2
40:20	ROM.10.4	2
40:20	HEB.4.16	2
40:20	HEB.9.4	2
40:20	HEB.10.19-HEB.10.21	2
40:20	1JN.2.2	2
40:21	EXO.26.33	5
40:21	EXO.40.3	5
40:21	EXO.35.12	4
40:21	HEB.10.19-HEB.10.20	2
40:22	EXO.26.35	6
40:22	JHN.6.53-JHN.6.57	3
40:22	EPH.3.8	3
40:22	EXO.40.24	2
40:23	EXO.25.30	4
40:23	EXO.40.4	4
40:23	MAT.12.4	3
40:23	HEB.9.2	3
40:24	EXO.25.31-EXO.25.35	2
40:24	EXO.26.35	2
40:24	EXO.37.17-EXO.37.24	2
40:24	PSA.119.105	2
40:24	JHN.1.1	2
40:24	JHN.1.5	2
40:24	JHN.1.9	2
40:24	JHN.8.12	2
40:24	REV.1.20	2
40:24	REV.2.5	2
40:25	EXO.25.37	5
40:25	EXO.40.4	5
40:25	REV.4.5	2
40:26	EXO.40.5	5
40:26	EXO.30.1-EXO.30.10	2
40:26	MAT.23.19	2
40:26	JHN.11.42	2
40:26	JHN.17.1-JHN.17.26	2
40:26	HEB.7.25	2
40:26	HEB.10.1	2
40:26	1JN.2.1	2
40:27	EXO.30.7	4
40:28	EXO.40.5	3
40:28	EXO.26.36-EXO.26.37	2
40:28	EXO.38.9-EXO.38.19	2
40:28	JHN.10.9	2
40:28	JHN.14.6	2
40:28	EPH.2.18	2
40:28	HEB.10.19-HEB.10.20	2
40:29	EXO.40.6	5
40:29	EXO.27.1-EXO.27.8	2
40:29	EXO.29.38-EXO.29.46	2
40:29	EXO.38.1-EXO.38.7	2
40:29	ROM.3.24-ROM.3.26	2
40:29	HEB.9.12	2
40:29	HEB.13.5-HEB.13.6	2
40:29	HEB.13.10	2
40:29	MAT.23.19	1
40:30	EXO.40.7	4
40:30	EXO.30.18-EXO.30.21	2
40:30	EXO.38.8	2
40:30	EZK.36.25	2
40:30	HEB.10.22	2
40:31	EXO.30.19-EXO.30.20	2
40:31	PSA.26.6	2
40:31	PSA.51.6-PSA.51.7	2
40:31	JHN.13.10	2
40:31	1JN.1.7	2
40:31	1JN.1.9	2
40:32	EXO.30.19-EXO.30.20	2
40:32	EXO.40.19	2
40:32	PSA.73.19	2
40:33	EXO.40.8	5
40:33	EXO.27.9-EXO.27.16	3
40:33	EXO.39.32	2
40:33	NUM.1.50	2
40:33	1KI.6.9	2
40:33	ZEC.4.9	2
40:33	MAT.16.8	2
40:33	JHN.4.34	2
40:33	JHN.10.9	2
40:33	JHN.14.6	2
40:33	JHN.17.4	2
40:33	1CO.12.12	2
40:33	1CO.12.28	2
40:33	EPH.2.18	2
40:33	EPH.4.11-EPH.4.13	2
40:33	2TI.4.7	2
40:33	HEB.3.2-HEB.3.5	2
40:33	HEB.4.14-HEB.4.16	2
40:33	HEB.9.6-HEB.9.7	2
40:34	REV.15.8	10
40:34	NUM.9.15-NUM.9.23	9
40:34	2CH.7.2	8
40:34	EXO.14.19-EXO.14.20	7
40:34	EXO.14.24	7
40:34	EXO.29.43	7
40:34	REV.21.23-REV.21.24	7
40:34	EXO.13.21-EXO.13.22	6
40:34	EXO.33.9	6
40:34	LEV.16.2	6
40:34	EZK.43.4-EZK.43.7	5
40:34	HAG.2.7	5
40:34	HAG.2.9	5
40:34	REV.21.3	5
40:34	1KI.8.10-1KI.8.11	4
40:34	2CH.5.13	4
40:34	PSA.18.10-PSA.18.12	4
40:34	ISA.4.5-ISA.4.6	4
40:34	ISA.6.4	4
40:34	EXO.25.8	3
40:34	EXO.25.21-EXO.25.22	3
40:35	1KI.8.11	9
40:35	LEV.16.2	5
40:35	2CH.7.2	5
40:35	ISA.6.4	4
40:35	2CH.5.13-2CH.5.14	3
40:35	REV.15.8	3
40:36	NEH.9.19	6
40:36	NUM.9.17	4
40:36	EXO.13.21-EXO.13.22	3
40:36	NUM.10.11-NUM.10.13	3
40:36	NUM.10.33-NUM.10.36	2
40:36	NUM.19.17-NUM.19.22	2
40:36	PSA.78.14	2
40:36	PSA.105.39	2
40:36	1CO.10.1	2
40:36	2CO.5.19-2CO.5.20	1
40:37	NUM.9.19-NUM.9.22	5
40:37	PSA.31.15	2
40:38	PSA.78.14	10
40:38	EXO.13.21	9
40:38	NUM.9.15	9
40:38	ISA.4.5-ISA.4.6	6
40:38	PSA.105.39	5
