# chapter:verse	to	votes (most first)
1:1	JHN.1.1-JHN.1.3	379
1:1	HEB.11.3	275
1:1	ISA.45.18	251
1:1	REV.4.11	205
1:1	HEB.1.10	190
1:1	COL.1.16-COL.1.17	173
1:1	ISA.42.5	161
1:1	EXO.20.11	154
1:1	JOB.38.4	147
1:1	ACT.17.24	132
1:1	2PE.3.5	106
1:1	NEH.9.6	100
1:1	ISA.44.24	97
1:1	JER.32.17	90
1:1	JER.51.15	89
1:1	PSA.33.9	87
1:1	PRO.3.19	87
1:1	PSA.115.15	82
1:1	REV.14.7	81
1:1	PSA.136.5	78
1:1	ACT.14.15	78
1:1	JER.10.12	77
1:1	PRO.8.22-PRO.8.30	76
1:1	PSA.8.3	75
1:1	1CO.8.6	73
1:1	PSA.102.25	72
1:1	PSA.124.8	71
1:1	PSA.33.6	68
1:1	HEB.1.2	68
1:1	HEB.3.4	68
1:1	ISA.40.28	67
1:1	ZEC.12.1	67
1:1	PSA.104.24	65
1:1	PSA.121.2	65
1:1	PRO.16.4	65
1:1	PSA.89.11-PSA.89.12	63
1:1	ISA.37.16	63
1:1	PSA.90.2	62
1:1	PSA.96.5	62
1:1	ACT.4.24	62
1:1	ROM.11.36	62
1:1	REV.10.6	62
1:1	ISA.51.16	61
1:1	PSA.104.30	60
1:1	PSA.134.3	60
1:1	PSA.146.6	60
1:1	REV.22.13	60
1:1	PSA.148.4-PSA.148.5	59
1:1	ISA.40.26	59
1:1	ROM.1.19-ROM.1.20	59
1:1	1JN.1.1	59
1:1	1CH.16.26	58
1:1	MRK.13.19	58
1:1	REV.21.6	58
1:1	ISA.65.17	57
1:1	ISA.51.13	56
1:1	EPH.3.9	54
1:1	REV.3.14	47
1:1	JOB.26.13	42
1:1	ECC.12.1	27
1:1	MAT.11.25	17
1:2	JER.4.23	101
1:2	PSA.104.30	75
1:2	ISA.45.18	67
1:2	PSA.33.6	51
1:2	JOB.26.7	44
1:2	ISA.40.12-ISA.40.14	34
1:2	JOB.26.14	10
1:3	2CO.4.6	84
1:3	JHN.1.5	70
1:3	ISA.45.7	58
1:3	ISA.60.19	50
1:3	1JN.1.5	46
1:3	EPH.5.8	40
1:3	PSA.97.11	34
1:3	JHN.1.9	34
1:3	JHN.3.19	34
1:3	PSA.33.6	32
1:3	PSA.148.5	31
1:3	PSA.33.9	30
1:3	EPH.5.14	26
1:3	1JN.2.8	26
1:3	JOB.38.19	25
1:3	PSA.104.2	25
1:3	1TI.6.16	24
1:3	PSA.118.27	23
1:3	JOB.36.30	19
1:4	ECC.2.13	23
1:4	GEN.1.18	20
1:4	ECC.11.7	20
1:4	GEN.1.31	8
1:4	GEN.1.12	7
1:4	GEN.1.10	4
1:4	GEN.1.25	3
1:5	PSA.74.16	25
1:5	ISA.45.7	19
1:5	PSA.104.20	16
1:5	1TH.5.5	16
1:5	GEN.8.22	11
1:5	GEN.1.8	10
1:5	PSA.19.2	10
1:5	JER.33.20	10
1:5	EPH.5.13	9
1:5	1CO.3.13	8
1:5	GEN.1.23	7
1:5	GEN.1.31	7
1:5	GEN.1.13	6
1:5	GEN.1.19	6
1:6	JER.51.15	17
1:6	JOB.37.18	16
1:6	PSA.33.6	16
1:6	JOB.26.7-JOB.26.8	15
1:6	JER.10.12-JER.10.13	14
1:6	PSA.104.2	11
1:6	PSA.148.4	10
1:6	PSA.33.9	9
1:6	PSA.136.5-PSA.136.6	9
1:6	PSA.19.1	8
1:6	ZEC.12.1	6
1:6	GEN.1.20	5
1:6	PSA.150.1	5
1:6	GEN.7.11-GEN.7.12	4
1:6	JOB.26.13	4
1:6	JOB.37.11	3
1:6	GEN.1.14	2
1:6	JOB.38.22-JOB.38.26	2
1:6	ECC.11.3	2
1:7	PSA.148.4	14
1:7	PRO.8.28-PRO.8.29	14
1:7	MAT.8.27	6
1:7	JOB.38.8-JOB.38.11	4
1:7	GEN.1.9	3
1:7	JOB.26.8	2
1:7	GEN.1.15	0
1:8	GEN.1.5	0
1:9	2PE.3.5	18
1:9	JON.1.9	11
1:9	PSA.95.5	10
1:9	JER.5.22	10
1:9	PSA.33.7	8
1:9	PRO.8.28-PRO.8.29	8
1:9	ECC.1.7	8
1:9	JOB.26.10	7
1:9	PSA.104.5-PSA.104.9	7
1:9	JOB.38.8-JOB.38.11	6
1:9	PSA.24.1-PSA.24.2	6
1:9	PSA.136.5-PSA.136.6	5
1:9	REV.10.6	5
1:9	JOB.26.7	3
1:9	PSA.104.3	3
1:10	DEU.32.4	3
1:10	PSA.104.31	0
1:11	PSA.104.14-PSA.104.17	14
1:11	HEB.6.7	14
1:11	PSA.147.8	13
1:11	GEN.1.29	11
1:11	PSA.65.9-PSA.65.13	10
1:11	GEN.2.9	9
1:11	MAT.6.30	9
1:11	JOB.28.5	8
1:11	MAT.7.16-MAT.7.20	7
1:11	MRK.4.28	7
1:11	GEN.2.5	6
1:11	PSA.1.3	6
1:11	LUK.6.43-LUK.6.44	6
1:11	GEN.2.16	5
1:11	JER.17.8	5
1:11	MAT.3.10	5
1:11	JAS.3.12	5
1:12	MRK.4.28	10
1:12	ISA.55.10-ISA.55.11	9
1:12	MAT.13.24-MAT.13.26	8
1:12	LUK.6.44	8
1:12	GAL.6.7	8
1:12	ISA.61.11	6
1:12	2CO.9.10	5
1:14	PSA.104.19-PSA.104.20	21
1:14	DEU.4.19	18
1:14	PSA.74.16-PSA.74.17	16
1:14	PSA.148.3	15
1:14	JER.31.35	15
1:14	PSA.136.7-PSA.136.9	14
1:14	PSA.8.3-PSA.8.4	13
1:14	PSA.148.6	13
1:14	AMO.5.8	13
1:14	JOL.3.15	11
1:14	GEN.8.22	10
1:14	PSA.81.3	10
1:14	JER.10.2	10
1:14	JOL.2.30-JOL.2.31	10
1:14	LUK.21.25-LUK.21.26	9
1:14	ISA.40.26	8
1:14	EZK.32.7-EZK.32.8	7
1:14	JER.33.20	6
1:14	JER.33.25	6
1:14	JOL.2.10	6
1:14	AMO.8.9	6
1:14	MAT.24.29	6
1:14	JOB.25.5	5
1:14	EZK.46.1	5
1:14	MAT.2.2	5
1:14	MAT.16.2-MAT.16.3	5
1:14	REV.6.12	5
1:14	GEN.9.13	4
1:14	JOB.38.12-JOB.38.14	4
1:14	JOB.38.31-JOB.38.32	4
1:14	PSA.19.1-PSA.19.6	4
1:14	JOB.3.9	3
1:14	PSA.119.91	3
1:14	EZK.46.6	3
1:14	MRK.13.24	3
1:14	LUK.23.45	3
1:14	ACT.2.19-ACT.2.20	3
1:14	REV.8.12	3
1:14	JOB.25.3	2
1:14	REV.9.2	2
1:16	PSA.136.7-PSA.136.9	11
1:16	DEU.4.19	10
1:16	PSA.8.3	8
1:16	PSA.74.16	7
1:16	PSA.148.5	7
1:16	ISA.40.26	7
1:16	JOB.38.7	6
1:16	PSA.148.3	6
1:16	PSA.19.6	5
1:16	ISA.13.10	5
1:16	ISA.45.7	5
1:16	HAB.3.11	5
1:16	MAT.27.45	5
1:16	1CO.15.41	5
1:16	REV.16.8-REV.16.9	5
1:16	JOB.31.26	4
1:16	ISA.24.23	4
1:16	JOS.10.12-JOS.10.14	3
1:16	MAT.24.29	3
1:16	REV.21.23	3
1:17	PSA.8.3	8
1:17	PSA.8.1	4
1:17	JOB.38.12	2
1:17	ACT.13.47	0
1:18	JER.31.35	8
1:18	PSA.19.6	2
1:20	PSA.104.24-PSA.104.25	12
1:20	GEN.2.19	11
1:20	1KI.4.33	7
1:20	PSA.148.10	5
1:20	GEN.1.30	4
1:20	GEN.1.7	3
1:20	GEN.1.22	3
1:20	GEN.8.17	3
1:20	GEN.1.14	2
1:20	ACT.17.25	2
1:21	PSA.104.24-PSA.104.26	7
1:21	GEN.1.25	6
1:21	GEN.8.19	5
1:21	GEN.8.17	3
1:21	GEN.6.20	2
1:21	GEN.7.14	2
1:21	GEN.9.7	2
1:21	EXO.1.7	2
1:21	EXO.8.3	2
1:21	GEN.1.18	1
1:21	GEN.1.31	1
1:21	JOB.7.12	1
1:21	JOB.26.5	1
1:21	EZK.32.2	0
1:21	JON.1.17	0
1:21	MAT.12.40	0
1:22	GEN.8.17	6
1:22	JOB.40.15	6
1:22	GEN.1.28	5
1:22	PSA.107.38	5
1:22	GEN.9.1	4
1:22	GEN.35.11	4
1:22	JOB.42.12	4
1:22	GEN.30.30	3
1:22	LEV.26.9	3
1:22	PSA.107.31	3
1:22	PSA.128.3	3
1:22	PSA.144.13-PSA.144.14	3
1:22	PRO.10.22	3
1:22	GEN.30.27	2
1:24	PSA.50.9-PSA.50.10	10
1:24	GEN.6.20	6
1:24	GEN.8.19	5
1:24	JOB.40.15	5
1:24	PSA.148.10	4
1:24	GEN.7.14	3
1:24	JOB.39.5	2
1:24	JOB.38.39-JOB.38.40	1
1:24	JOB.39.19	1
1:24	PSA.104.18	1
1:24	PSA.104.23	1
1:24	JOB.39.1	0
1:24	JOB.39.9	0
1:25	JER.27.5	14
1:25	JOB.12.8-JOB.12.10	11
1:25	GEN.2.19-GEN.2.20	7
1:25	JOB.26.13	5
1:26	COL.3.10	85
1:26	EPH.4.24	77
1:26	PSA.8.4-PSA.8.8	51
1:26	GEN.3.22	44
1:26	GEN.5.1	39
1:26	PSA.100.3	39
1:26	2CO.3.18	38
1:26	GEN.9.2-GEN.9.4	37
1:26	ISA.64.8	35
1:26	COL.1.15	32
1:26	2CO.4.4	25
1:26	HEB.2.6-HEB.2.9	25
1:26	JAS.3.9	25
1:26	1CO.11.7	23
1:26	GEN.9.6	21
1:26	ACT.17.28-ACT.17.29	21
1:26	ECC.7.29	19
1:26	ACT.17.26	18
1:26	JHN.14.23	17
1:26	1JN.5.7	16
1:26	ISA.6.8	15
1:26	PSA.104.20-PSA.104.24	14
1:26	PSA.149.2	14
1:26	JAS.3.7	13
1:26	GEN.11.7	10
1:26	JER.27.6	7
1:26	JHN.5.17	5
1:26	JOB.35.10	4
1:26	JOB.5.23	1
1:27	MAT.19.4	95
1:27	GEN.5.1-GEN.5.2	51
1:27	EPH.2.10	51
1:27	MRK.10.6	49
1:27	GEN.2.21-GEN.2.25	48
1:27	EPH.4.24	36
1:27	PSA.139.14	34
1:27	ISA.43.7	31
1:27	COL.1.15	30
1:27	1CO.11.7-1CO.11.9	22
1:27	GEN.2.18	21
1:27	MAL.2.15	20
1:27	COL.1.26	6
1:28	GEN.9.1	50
1:28	GEN.9.7	40
1:28	LEV.26.9	31
1:28	PSA.128.3-PSA.128.4	24
1:28	GEN.22.17-GEN.22.18	21
1:28	GEN.1.22	19
1:28	GEN.17.20	18
1:28	PSA.127.1-PSA.127.5	18
1:28	ISA.45.18	17
1:28	GEN.8.17	16
1:28	PSA.107.38	15
1:28	GEN.26.3-GEN.26.4	14
1:28	1CH.4.10	14
1:28	GEN.26.24	12
1:28	GEN.49.25	11
1:28	GEN.17.16	10
1:28	GEN.24.60	8
1:28	JOB.42.12	8
1:28	GEN.33.5	5
1:28	1CH.26.5	5
1:28	PSA.69.34	5
1:28	1TI.4.3	2
1:29	GEN.9.3	19
1:29	PSA.104.14-PSA.104.15	15
1:29	PSA.145.15-PSA.145.16	14
1:29	PSA.104.27-PSA.104.28	12
1:29	PSA.147.9	10
1:29	ACT.14.17	10
1:29	JOB.36.31	9
1:29	PSA.24.1	9
1:29	MAT.6.11	9
1:29	MAT.6.25-MAT.6.26	9
1:29	GEN.2.16	8
1:29	PSA.115.16	8
1:29	ACT.17.28	8
1:29	PSA.111.5	7
1:29	PSA.136.25	7
1:29	PSA.146.7	7
1:29	ISA.33.16	7
1:29	HOS.2.8	7
1:29	1TI.6.17	6
1:29	ACT.17.24-ACT.17.25	5
1:30	PSA.104.14	14
1:30	PSA.145.15-PSA.145.16	13
1:30	PSA.147.9	13
1:30	JOB.38.39-JOB.38.41	7
1:30	JOB.40.15	7
1:30	JOB.40.20	7
1:30	GEN.9.3	6
1:30	JOB.39.4	3
1:30	JOB.39.8	3
1:30	JOB.39.30	2
1:31	1TI.4.4	32
1:31	PSA.104.24	24
1:31	PSA.19.1-PSA.19.2	14
1:31	EXO.20.11	13
1:31	PSA.104.31	12
1:31	LAM.3.38	10
1:31	GEN.2.2	7
1:31	JOB.38.7	7
1:31	GEN.1.23	6
1:31	GEN.1.5	5
1:31	GEN.1.8	5
1:31	GEN.1.19	3
1:31	GEN.1.13	2
2:1	EXO.31.17	11
2:1	EXO.20.11	10
2:1	PSA.33.6	9
2:1	GEN.1.1	8
2:1	ISA.45.18	8
2:1	2KI.19.15	6
2:1	ISA.42.5	6
2:1	PSA.146.6	5
2:1	ISA.45.12	5
2:1	2CH.2.12	4
2:1	NEH.9.6	4
2:1	PSA.33.9	4
2:1	PSA.89.11-PSA.89.13	4
2:1	PSA.136.5-PSA.136.8	4
2:1	ISA.40.26-ISA.40.28	4
2:1	ZEC.12.1	4
2:1	GEN.1.10	3
2:1	GEN.2.4	3
2:1	DEU.4.19	3
2:1	ISA.48.13	3
2:1	ISA.65.17	3
2:1	JER.10.12	3
2:1	JER.10.16	3
2:1	ACT.4.24	3
2:1	HEB.4.3	3
2:1	DEU.17.3	2
2:1	2KI.21.3-2KI.21.5	2
2:1	JOB.12.9	1
2:1	ISA.55.9	1
2:1	JER.8.2	1
2:1	PSA.104.2	0
2:1	ISA.34.4	0
2:1	LUK.2.13	0
2:1	ACT.7.42	0
2:2	HEB.4.4	20
2:2	EXO.31.17	16
2:2	DEU.5.14	11
2:2	EXO.20.8-EXO.20.11	9
2:2	EXO.23.12	9
2:2	JHN.5.17	8
2:2	ISA.58.13	4
2:2	GEN.1.31	1
2:3	LEV.23.3	23
2:3	EZK.20.12	22
2:3	MRK.2.27	22
2:3	EXO.31.13-EXO.31.17	16
2:3	LUK.23.56	16
2:3	EXO.34.21	14
2:3	EXO.35.2-EXO.35.3	14
2:3	LEV.25.2-LEV.25.3	13
2:3	JER.17.21-JER.17.27	13
2:3	EXO.20.8-EXO.20.11	12
2:3	EXO.23.12	12
2:3	NEH.9.14	12
2:3	ISA.56.2-ISA.56.7	12
2:3	ISA.58.13-ISA.58.14	12
2:3	EXO.16.22-EXO.16.30	11
2:3	DEU.5.12-DEU.5.14	11
2:3	HEB.4.4-HEB.4.10	11
2:3	NEH.13.15-NEH.13.22	9
2:3	PRO.10.22	7
2:4	GEN.5.1	8
2:4	REV.1.8	4
2:4	GEN.1.1	3
2:4	GEN.1.4	3
2:4	GEN.1.31	3
2:4	GEN.36.1	3
2:4	EXO.15.3	3
2:4	GEN.1.28	2
2:4	GEN.10.1	2
2:4	GEN.11.10	2
2:4	GEN.25.12	2
2:4	GEN.25.19	2
2:4	GEN.36.9	2
2:4	EXO.6.16	2
2:4	1KI.18.39	2
2:4	2CH.20.6	2
2:4	JOB.38.28	2
2:4	PSA.18.31	2
2:4	PSA.90.1-PSA.90.2	1
2:4	REV.16.5	1
2:4	ISA.44.6	0
2:4	REV.1.4	0
2:4	REV.11.17	0
2:5	GEN.3.23	8
2:5	JOB.5.10	7
2:5	HEB.6.7	7
2:5	GEN.1.11-GEN.1.12	6
2:5	GEN.4.2	6
2:5	GEN.4.12	6
2:5	JOB.38.26-JOB.38.28	6
2:5	PSA.104.14	5
2:5	PSA.135.7	5
2:5	JER.14.22	5
2:5	PSA.65.9-PSA.65.11	4
2:5	MAT.5.45	4
2:7	ECC.12.7	44
2:7	JOB.33.4	42
2:7	1CO.15.45	42
2:7	ISA.64.8	35
2:7	ACT.17.25	27
2:7	1CO.15.47	24
2:7	JOB.27.3	22
2:7	GEN.3.19	19
2:7	GEN.7.22	17
2:7	PSA.103.14	14
2:7	ECC.3.20-ECC.3.21	14
2:7	ZEC.12.1	14
2:7	PSA.100.3	13
2:7	ROM.9.20	12
2:7	ISA.2.22	11
2:7	GEN.3.23	10
2:7	NUM.16.22	9
2:7	HEB.12.9	9
2:7	JOB.33.6	8
2:7	PRO.20.27	8
2:7	JOB.4.19	6
2:7	PSA.139.14-PSA.139.15	6
2:7	2CO.5.1	6
2:7	NUM.27.16	5
2:7	JHN.20.22	5
2:7	2CO.4.7	5
2:7	ECC.3.7	0
2:8	GEN.3.24	8
2:8	EZK.28.13	8
2:8	GEN.13.10	6
2:8	GEN.4.16	5
2:8	2KI.19.12	5
2:8	EZK.31.8-EZK.31.9	5
2:8	JOL.2.3	5
2:8	ISA.51.3	4
2:8	EZK.31.16	3
2:8	EZK.27.23	2
2:8	EZK.31.18	1
2:9	GEN.3.22	23
2:9	REV.2.7	20
2:9	REV.22.14	20
2:9	REV.22.2	14
2:9	PRO.11.30	13
2:9	EZK.47.12	13
2:9	PRO.3.18	10
2:9	GEN.2.17	9
2:9	GEN.3.3	9
2:9	EZK.31.8-EZK.31.9	7
2:9	EZK.31.16	7
2:9	ISA.44.25	5
2:9	ISA.47.10	5
2:9	EZK.31.18	5
2:9	1CO.8.1	5
2:9	DEU.6.25	4
2:9	JHN.6.48	3
2:10	REV.22.1	8
2:10	PSA.46.4	7
2:11	GEN.25.18	7
2:11	GEN.10.29	6
2:11	1SA.15.7	6
2:11	GEN.10.7	5
2:12	EZK.28.13	6
2:12	EXO.28.20	5
2:12	JOB.28.16	5
2:12	EXO.39.13	4
2:12	NUM.11.7	4
2:13	GEN.10.6	4
2:13	ISA.11.11	3
2:14	DAN.10.4	5
2:14	GEN.15.18	4
2:14	GEN.10.11	2
2:14	GEN.10.22	2
2:14	GEN.25.18	2
2:14	DEU.1.7	2
2:14	DEU.11.24	2
2:14	REV.9.14	1
2:15	PSA.128.2	25
2:15	GEN.2.8	22
2:15	EPH.4.28	15
2:15	GEN.2.2	10
2:16	1SA.15.22	11
2:16	1TI.4.4	10
2:16	1TI.6.17	9
2:16	GEN.2.9	8
2:16	GEN.3.1-GEN.3.2	5
2:17	ROM.6.23	28
2:17	JAS.1.15	24
2:17	GEN.3.19	21
2:17	1CO.15.56	18
2:17	1CO.15.22	17
2:17	GAL.3.10	17
2:17	REV.21.8	17
2:17	COL.2.13	16
2:17	1JN.5.16	16
2:17	GEN.3.17	15
2:17	EZK.18.32	15
2:17	1TI.5.6	15
2:17	ROM.7.10-ROM.7.13	14
2:17	GEN.3.11	13
2:17	ROM.1.32	13
2:17	EPH.2.1-EPH.2.6	13
2:17	ROM.5.12-ROM.5.21	11
2:17	ROM.6.16	11
2:17	EPH.5.14	11
2:17	EZK.18.4	9
2:17	ROM.8.2	9
2:17	EZK.3.18-EZK.3.20	8
2:17	EZK.33.8	8
2:17	REV.20.14	8
2:17	DEU.30.15	7
2:17	DEU.30.19	7
2:17	GEN.2.9	6
2:17	GEN.20.7	6
2:17	NUM.26.65	6
2:17	DEU.27.26	6
2:17	1SA.14.39	6
2:17	1KI.2.42	6
2:17	EZK.18.13	6
2:17	EZK.33.14	6
2:17	REV.20.6	6
2:17	GEN.3.1-GEN.3.4	5
2:17	1SA.14.44	5
2:17	1SA.20.31	5
2:17	1SA.22.16	5
2:17	JER.26.8	5
2:17	REV.2.11	5
2:17	1KI.2.37	4
2:18	ECC.4.9-ECC.4.12	61
2:18	PRO.18.22	35
2:18	1CO.11.7-1CO.11.12	32
2:18	1PE.3.7	32
2:18	RUT.3.1	20
2:18	1TI.2.11-1TI.2.13	20
2:18	GEN.1.31	18
2:18	GEN.3.12	18
2:18	1CO.7.36	17
2:19	PSA.8.4-PSA.8.8	10
2:19	GEN.1.28	8
2:19	GEN.1.20-GEN.1.26	6
2:19	GEN.9.2	6
2:19	GEN.2.22-GEN.2.23	5
2:19	GEN.6.20	5
2:20	GEN.2.18	2
2:21	GEN.15.12	7
2:21	JOB.4.13	5
2:21	1SA.26.12	4
2:21	JOB.33.15	4
2:21	DAN.8.18	4
2:21	PRO.19.15	3
2:22	1CO.11.8-1CO.11.9	18
2:22	1TI.2.13	11
2:22	HEB.13.4	8
2:22	PRO.18.22	7
2:22	PRO.19.14	6
2:22	GEN.2.19	5
2:22	PSA.127.1	5
2:23	EPH.5.28-EPH.5.30	42
2:23	1CO.11.8-1CO.11.9	13
2:23	2SA.5.1	11
2:23	GEN.29.14	8
2:23	JDG.9.2	8
2:23	2SA.19.13	7
2:24	MAT.19.3-MAT.19.9	93
2:24	EPH.5.28-EPH.5.31	75
2:24	MRK.10.6-MRK.10.12	54
2:24	ROM.7.2	43
2:24	1PE.3.1-1PE.3.7	34
2:24	1CO.7.2-1CO.7.4	26
2:24	1CO.6.16-1CO.6.17	23
2:24	PRO.31.10	20
2:24	MAL.2.14-MAL.2.16	19
2:24	1CO.7.10-1CO.7.11	17
2:24	PRO.12.4	14
2:24	LEV.22.12-LEV.22.13	7
2:24	PSA.45.10	7
2:24	1TI.5.14	5
2:24	GEN.24.58-GEN.24.59	4
2:24	DEU.4.4	3
2:24	DEU.10.20	3
2:24	GEN.31.14-GEN.31.15	2
2:24	JOS.23.8	2
2:24	ACT.11.23	1
2:25	GEN.3.7	11
2:25	GEN.3.10-GEN.3.11	10
2:25	ROM.10.11	9
2:25	JER.17.13	7
2:25	JOL.2.26	7
2:25	ISA.47.3	6
2:25	ISA.54.4	6
2:25	EXO.32.25	5
2:25	PSA.25.3	5
2:25	EZK.16.61	5
2:25	LUK.9.26	5
2:25	PSA.31.17	4
2:25	ISA.44.9	4
2:25	JER.6.15	4
2:25	MRK.8.38	4
3:1	2CO.11.3	66
3:1	2CO.11.14	32
3:1	REV.12.9	29
3:1	REV.20.2	23
3:1	MAT.4.3	18
3:1	GEN.3.13-GEN.3.15	12
3:1	MAT.10.16	9
3:1	MAT.4.6	7
3:1	ISA.27.1	3
3:1	MAT.4.9	1
3:2	PSA.58.4	1
3:3	GEN.2.16-GEN.2.17	11
3:3	2CO.6.17	4
3:3	GEN.20.6	3
3:3	EXO.19.12-EXO.19.13	3
3:3	JOB.1.11	3
3:3	1CH.16.22	2
3:3	JOB.2.5	2
3:3	JOB.19.21	2
3:3	COL.2.21	2
3:3	1CO.7.1	1
3:4	JHN.8.44	13
3:4	2CO.11.3	12
3:4	1TI.2.14	6
3:4	2CO.2.11	5
3:4	GEN.3.13	4
3:4	DEU.29.19	3
3:4	2KI.1.4	3
3:4	2KI.1.6	3
3:4	2KI.1.16	3
3:4	2KI.8.10	3
3:4	PSA.10.11	2
3:5	EZK.28.2	13
3:5	2CO.11.13-2CO.11.15	10
3:5	2TH.2.4	10
3:5	2CO.4.4	9
3:5	GEN.2.17	8
3:5	ACT.26.18	8
3:5	2CO.11.3	8
3:5	EXO.20.7	7
3:5	MAT.6.23	7
3:5	ACT.12.22-ACT.12.23	7
3:5	GEN.3.22	6
3:5	GEN.3.7	5
3:5	GEN.3.10	5
3:5	1KI.22.6	4
3:5	PSA.12.4	4
3:5	ISA.14.14	4
3:5	JER.14.13-JER.14.14	4
3:5	EZK.13.2-EZK.13.6	4
3:5	EZK.28.9	4
3:5	DAN.4.30	4
3:5	REV.13.4	4
3:5	REV.13.14	4
3:5	JER.28.2-JER.28.3	3
3:5	EXO.5.2	2
3:5	2CH.32.15	2
3:5	EZK.29.3	2
3:5	DAN.6.7	2
3:5	EZK.13.22	1
3:6	1JN.2.16	35
3:6	JAS.1.14-JAS.1.15	27
3:6	1TI.2.14	19
3:6	2SA.11.2	12
3:6	JOS.7.21	10
3:6	ROM.5.12-ROM.5.19	10
3:6	GEN.6.2	9
3:6	EZK.24.16	8
3:6	EZK.24.25	8
3:6	HOS.6.7	8
3:6	GEN.3.12	7
3:6	GEN.3.17	7
3:6	GEN.39.7	6
3:6	EZK.24.21	6
3:6	JDG.16.1-JDG.16.2	5
3:6	JOB.31.1	5
3:6	MAT.5.28	5
3:7	GEN.2.25	11
3:7	ISA.59.6	11
3:7	GEN.3.5	7
3:7	JOB.9.29-JOB.9.31	4
3:7	GEN.3.10-GEN.3.11	2
3:7	ISA.28.20	2
3:7	2KI.6.20	1
3:7	DEU.28.34	0
3:8	JER.23.24	30
3:8	HEB.4.13	25
3:8	PRO.15.3	24
3:8	JOB.34.21-JOB.34.22	17
3:8	PSA.139.1-PSA.139.12	15
3:8	GEN.3.10	9
3:8	JON.1.9-JON.1.10	9
3:8	ROM.2.15	9
3:8	AMO.9.2-AMO.9.3	8
3:8	JOB.31.33	6
3:8	JON.1.3	6
3:8	DEU.4.33	5
3:8	DEU.5.25	5
3:8	DEU.23.14	5
3:8	JOB.38.1	5
3:8	JOB.22.14	4
3:9	GEN.4.9	20
3:9	GEN.16.8	7
3:9	GEN.11.5	6
3:9	GEN.18.20-GEN.18.21	6
3:9	JOS.7.17-JOS.7.19	6
3:9	REV.20.12-REV.20.13	6
3:10	GEN.2.25	11
3:10	PSA.119.120	10
3:10	ISA.57.11	8
3:10	ISA.47.3	7
3:10	EXO.3.6	6
3:10	JOB.23.15	6
3:10	1JN.3.20	6
3:10	ISA.33.14	4
3:10	GEN.3.7	3
3:10	EXO.32.25	3
3:10	REV.16.15	3
3:10	REV.3.17-REV.3.18	2
3:11	ROM.3.20	8
3:11	GEN.4.10	7
3:11	PSA.50.21	6
3:12	PRO.28.13	12
3:12	JAS.1.13-JAS.1.15	11
3:12	JOB.31.33	6
3:12	ROM.10.3	6
3:12	GEN.2.18	2
3:12	1SA.15.20-1SA.15.24	2
3:12	PRO.19.3	2
3:12	LUK.10.29	2
3:12	GEN.2.20	1
3:12	GEN.2.22	1
3:12	EXO.32.21-EXO.32.24	1
3:13	2CO.11.3	14
3:13	1TI.2.14	12
3:13	GEN.3.4-GEN.3.6	6
3:13	GEN.4.10-GEN.4.12	6
3:13	JHN.18.35	6
3:13	2SA.12.9-2SA.12.12	3
3:13	GEN.44.15	0
3:13	2SA.3.24	0
3:14	MIC.7.17	18
3:14	ISA.65.25	15
3:14	PSA.72.9	12
3:14	ISA.29.4	8
3:14	GEN.9.6	4
3:14	LEV.20.25	4
3:14	DEU.28.15-DEU.28.20	4
3:14	EXO.21.28-EXO.21.32	3
3:14	GEN.3.1	2
3:15	ROM.16.20	176
3:15	1JN.3.8	103
3:15	REV.12.17	64
3:15	ISA.7.14	57
3:15	HEB.2.14-HEB.2.15	53
3:15	GAL.4.4	50
3:15	JHN.8.44	37
3:15	MAT.1.23	31
3:15	REV.12.7-REV.12.13	29
3:15	ISA.53.3-ISA.53.4	25
3:15	MAT.13.38	18
3:15	PSA.132.11	16
3:15	LUK.10.19	16
3:15	1JN.3.10	15
3:15	COL.2.15	14
3:15	REV.2.10	13
3:15	REV.20.10	13
3:15	MIC.5.3	12
3:15	LUK.1.31-LUK.1.35	12
3:15	ACT.13.10	12
3:15	ISA.53.12	9
3:15	JER.31.22	9
3:15	1JN.5.5	9
3:15	REV.20.1-REV.20.3	9
3:15	NUM.21.6-NUM.21.7	8
3:15	MAT.23.33	8
3:15	LUK.22.53	8
3:15	JHN.12.31-JHN.12.33	8
3:15	JHN.14.30-JHN.14.31	8
3:15	HEB.5.7	8
3:15	REV.13.7	8
3:15	LUK.22.39-LUK.22.44	7
3:15	EPH.4.8	7
3:15	HEB.2.18	7
3:15	REV.15.1-REV.15.6	7
3:15	MAT.3.7	5
3:15	MAT.12.34	5
3:15	ROM.3.13	5
3:15	REV.20.7-REV.20.8	5
3:15	MAT.4.1-MAT.4.10	4
3:15	ACT.28.3-ACT.28.6	4
3:15	GEN.49.17	3
3:15	MAT.1.25	3
3:15	MRK.16.18	3
3:15	LUK.1.76	3
3:15	DAN.9.26	2
3:15	AMO.9.3	2
3:16	TIT.2.5	32
3:16	COL.3.18	26
3:16	1CO.11.3	20
3:16	1CO.14.34	14
3:16	EPH.5.22-EPH.5.24	14
3:16	1TI.2.15	14
3:16	1TI.2.11-1TI.2.12	13
3:16	JHN.16.21	12
3:16	1CO.7.4	12
3:16	GEN.4.7	11
3:16	1PE.3.1-1PE.3.6	8
3:16	JER.6.24	6
3:16	MIC.4.9-MIC.4.10	6
3:16	NUM.30.13	5
3:16	1SA.4.19-1SA.4.21	4
3:16	EST.1.20	3
3:16	ISA.13.8	3
3:16	1TH.5.3	3
3:16	GEN.35.16-GEN.35.18	2
3:16	ISA.21.3	2
3:16	ISA.26.17-ISA.26.18	2
3:16	JER.13.21	2
3:16	JER.22.23	2
3:16	NUM.30.7-NUM.30.8	1
3:16	PSA.48.6	1
3:16	ISA.53.11	1
3:16	JER.4.31	1
3:16	JER.49.24	1
3:17	ROM.8.20-ROM.8.22	16
3:17	GEN.5.29	15
3:17	ISA.24.5-ISA.24.6	11
3:17	ECC.2.22-ECC.2.23	10
3:17	JHN.16.33	8
3:17	JOB.14.1	5
3:17	JER.7.23-JER.7.24	4
3:17	GEN.2.16-GEN.2.17	3
3:17	PSA.127.2	3
3:17	ECC.5.17	3
3:17	1SA.15.23-1SA.15.24	2
3:17	JOB.5.6-JOB.5.7	2
3:17	JOB.21.17	2
3:17	MAT.25.26-MAT.25.27	2
3:17	ROM.3.19	2
3:17	GEN.3.6	1
3:17	GEN.3.11	1
3:17	ECC.1.2-ECC.1.3	1
3:17	ECC.1.13-ECC.1.14	1
3:17	ECC.2.11	1
3:17	ECC.2.17	1
3:17	MAT.25.45	1
3:17	LUK.19.22	1
3:18	JOB.5.5	4
3:18	PSA.104.14-PSA.104.15	4
3:18	ISA.7.23	4
3:18	MAT.13.7	4
3:18	JOS.23.13	3
3:18	JOB.31.40	3
3:18	PRO.22.5	3
3:18	ISA.5.6	3
3:18	ISA.32.13	3
3:18	JER.4.3	3
3:18	HEB.6.8	3
3:18	JOB.1.21	2
3:18	PSA.90.3	2
3:18	PSA.104.2	2
3:18	PRO.24.31	2
3:18	JER.12.13	2
3:18	ROM.14.2	0
3:19	ECC.12.7	26
3:19	JOB.34.15	18
3:19	PSA.104.29	14
3:19	GEN.2.7	13
3:19	PSA.90.3	10
3:19	EPH.4.28	8
3:19	ECC.3.20	7
3:19	1CO.15.21-1CO.15.22	6
3:19	GEN.18.27	5
3:19	GEN.23.4	4
3:19	PSA.22.15	4
3:19	ECC.1.3	4
3:19	DAN.12.2	4
3:19	2TH.3.10	4
3:19	JOB.21.26	3
3:19	PSA.103.14	3
3:19	JOB.1.21	2
3:19	JOB.17.13-JOB.17.16	2
3:19	JOB.19.26	2
3:19	PSA.22.29	2
3:19	PRO.21.16	2
3:19	ECC.1.13	2
3:19	ECC.5.15	2
3:19	ROM.5.12-ROM.5.21	2
3:19	1TH.2.9	2
3:20	MAT.1.23	19
3:20	GEN.2.23	18
3:20	GEN.2.20	5
3:20	GEN.5.29	5
3:20	GEN.16.11	4
3:20	GEN.29.32-GEN.29.35	3
3:20	GEN.35.18	3
3:20	EXO.2.10	3
3:20	1SA.1.20	3
3:20	MAT.1.21	3
3:20	ACT.17.26	3
3:21	ISA.61.10	26
3:21	2CO.5.21	17
3:21	2CO.5.2-2CO.5.3	14
3:21	GEN.3.7	7
3:21	ROM.3.22	3
3:22	REV.2.7	16
3:22	REV.22.14	12
3:22	PRO.3.18	10
3:22	GEN.11.6-GEN.11.7	8
3:22	REV.22.2	8
3:22	GEN.2.9	7
3:22	JHN.6.48-JHN.6.58	7
3:22	GEN.1.26	6
3:22	GEN.3.5	6
3:22	ISA.47.12-ISA.47.13	3
3:22	PSA.22.26	2
3:22	ISA.19.12-ISA.19.13	2
3:22	JER.22.23	1
3:23	GEN.4.2	5
3:23	GEN.3.19	4
3:23	GEN.4.12	4
3:23	GEN.2.5	3
3:23	ECC.5.9	3
3:23	GEN.9.20	2
3:24	HEB.1.7	9
3:24	PSA.104.4	8
3:24	EXO.25.18-EXO.25.22	7
3:24	1CH.21.16-1CH.21.17	6
3:24	HEB.10.18-HEB.10.22	5
3:24	JHN.14.6	3
3:24	GEN.2.8-GEN.2.9	2
3:24	JOS.5.13	2
3:24	PSA.80.1	2
3:24	PSA.99.1	2
3:24	EZK.10.2-EZK.10.22	2
3:24	EXO.25.2	1
3:24	NUM.22.23	1
3:24	1SA.4.4	1
3:24	1KI.6.25-1KI.6.35	1
4:1	1JN.3.12	10
4:1	GEN.3.15	3
4:1	GEN.4.25	1
4:2	1JN.3.12	6
4:2	1JN.3.15	5
4:2	LUK.11.51	4
4:2	GEN.47.3	3
4:2	JHN.8.44	3
4:2	1JN.3.10	3
4:2	EXO.3.1	2
4:2	PSA.78.70-PSA.78.72	2
4:2	GEN.3.23	1
4:2	GEN.4.25-GEN.4.26	1
4:2	GEN.9.20	1
4:2	GEN.30.29-GEN.30.31	1
4:2	GEN.37.13	1
4:2	GEN.46.32-GEN.46.34	1
4:2	PSA.127.3	1
4:2	AMO.7.15	1
4:3	NUM.18.12	6
4:3	LEV.2.1-LEV.2.11	2
4:4	HEB.11.4	29
4:4	PRO.3.9	19
4:4	EXO.13.12	13
4:4	NUM.18.17	8
4:4	1PE.1.19-1PE.1.20	7
4:4	LEV.3.16-LEV.3.17	5
4:4	2CH.7.1	5
4:4	PSA.20.3	5
4:4	HEB.9.22	5
4:4	LEV.9.24	4
4:4	1CH.21.26	4
4:4	GEN.15.17	3
4:4	NUM.16.35	3
4:4	NUM.18.12	3
4:4	JDG.6.21	3
4:4	1KI.18.38	3
4:4	1KI.18.24	2
4:4	REV.13.8	2
4:5	HEB.11.4	17
4:5	JOB.5.2	9
4:5	ISA.3.10-ISA.3.11	3
4:5	LUK.15.28-LUK.15.30	3
4:5	PSA.20.3	2
4:5	MAT.20.15	2
4:5	ACT.13.45	2
4:5	GEN.31.2	1
4:5	GEN.31.5	1
4:5	NUM.16.15	1
4:6	ISA.1.18	7
4:6	JOB.5.2	5
4:6	LUK.15.31-LUK.15.32	3
4:6	JER.2.31	1
4:6	MIC.6.3-MIC.6.5	1
4:6	MAT.20.15	1
4:6	JER.2.5	0
4:6	JHN.4.8-JHN.4.11	0
4:7	JAS.1.15	67
4:7	ROM.2.6-ROM.2.10	42
4:7	ISA.3.10-ISA.3.11	30
4:7	ROM.6.16	29
4:7	HEB.11.4	27
4:7	NUM.32.23	24
4:7	ROM.7.8-ROM.7.9	21
4:7	ROM.12.1	21
4:7	PRO.21.27	20
4:7	MAL.1.13	19
4:7	ECC.8.12-ECC.8.13	17
4:7	MAL.1.10	16
4:7	ACT.10.35	15
4:7	MAL.1.8	14
4:7	ROM.14.18	13
4:7	JER.6.20	11
4:7	PRO.18.5	9
4:7	1PE.2.5	9
4:7	JOB.42.8	8
4:7	GEN.3.16	7
4:7	ROM.15.16	7
4:7	2SA.24.23	6
4:7	GEN.4.8-GEN.4.13	4
4:7	1TI.5.4	4
4:7	GEN.19.21	3
4:7	JOB.29.4	3
4:7	EPH.1.6	3
4:7	2KI.8.28	0
4:8	MAT.23.35	12
4:8	1JN.3.12-1JN.3.15	11
4:8	JUD.1.11	11
4:8	PRO.26.24-PRO.26.26	9
4:8	LUK.11.51	7
4:8	2SA.14.6	6
4:8	PSA.24.3-PSA.24.6	5
4:8	HEB.12.24	5
4:8	2SA.13.26-2SA.13.28	3
4:8	2SA.20.9-2SA.20.10	3
4:8	PSA.55.21	3
4:8	MIC.7.6	3
4:8	JOB.11.15	2
4:8	PSA.36.3	2
4:8	2SA.3.27	1
4:8	NEH.6.2	1
4:8	PSA.139.19	1
4:8	LUK.22.48	1
4:9	PRO.28.13	9
4:9	JHN.8.44	8
4:9	PSA.9.12	4
4:9	PSA.10.13-PSA.10.14	3
4:9	GEN.37.32	1
4:9	ACT.5.4-ACT.5.9	1
4:9	GEN.3.9-GEN.3.11	0
4:9	JOB.22.13-JOB.22.14	0
4:10	HEB.12.24	24
4:10	PSA.72.14	13
4:10	HEB.11.4	13
4:10	ISA.5.7	12
4:10	JAS.5.4	10
4:10	PSA.9.12	9
4:10	NUM.35.33	8
4:10	REV.6.9-REV.6.10	8
4:10	JOB.16.18	7
4:10	JOB.31.38-JOB.31.39	7
4:10	GEN.9.5	4
4:10	EXO.3.7	2
4:10	PSA.50.21	2
4:10	GEN.3.13	1
4:10	GEN.18.20	1
4:10	JOS.7.19	1
4:10	2KI.9.26	1
4:10	JOB.24.12	1
4:10	ACT.5.3	0
4:10	ACT.5.9	0
4:11	GAL.3.10	6
4:11	JOB.16.18	5
4:11	GEN.3.14	4
4:11	DEU.28.15-DEU.28.20	4
4:11	GEN.4.14	3
4:11	DEU.27.16-DEU.27.26	3
4:11	DEU.29.19-DEU.29.21	3
4:11	JOB.31.38-JOB.31.40	3
4:11	ISA.26.21	3
4:11	REV.12.16	3
4:12	HOS.9.17	5
4:12	LEV.26.20	4
4:12	LEV.26.36	4
4:12	DEU.28.23-DEU.28.24	3
4:12	GEN.3.17-GEN.3.18	2
4:12	GEN.4.14	2
4:12	DEU.28.65-DEU.28.66	2
4:12	PSA.109.10	2
4:12	JER.20.3-JER.20.4	2
4:12	ROM.8.20	2
4:13	JOB.15.22	6
4:13	REV.16.9	3
4:14	NUM.35.19	7
4:14	JOB.15.20-JOB.15.24	5
4:14	PSA.143.7	5
4:14	DEU.28.65	4
4:14	PRO.28.1	4
4:14	2TH.1.9	4
4:14	GEN.4.15-GEN.4.16	3
4:14	GEN.9.5-GEN.9.6	3
4:14	NUM.35.21	3
4:14	NUM.35.27	3
4:14	JER.52.3	3
4:14	MAT.25.46	3
4:14	LEV.26.17	2
4:14	LEV.26.36	2
4:14	NUM.17.12-NUM.17.13	2
4:14	2SA.14.7	2
4:14	JOB.21.14-JOB.21.15	2
4:14	PSA.51.11-PSA.51.14	2
4:14	PSA.109.10	2
4:14	PRO.14.32	2
4:14	ISA.8.22	2
4:14	HOS.13.3	2
4:14	MAT.25.41	2
4:14	PSA.109.12	1
4:15	EZK.9.4	8
4:15	PSA.79.12	6
4:15	GEN.4.24	5
4:15	EZK.9.6	5
4:15	REV.14.9	3
4:15	REV.14.11	3
4:15	LEV.26.18	2
4:15	LEV.26.21	2
4:15	LEV.26.24	2
4:15	LEV.26.28	2
4:15	1KI.16.7	2
4:15	PSA.59.11	2
4:15	HOS.1.4	2
4:15	MAT.26.52	2
4:15	PRO.6.31	1
4:16	GEN.3.8	3
4:16	GEN.4.14	3
4:16	EXO.20.18	3
4:16	2KI.13.23	3
4:16	2KI.24.20	3
4:16	JOB.2.7	3
4:16	JER.23.39	3
4:16	JER.52.3	3
4:16	JOB.1.12	2
4:16	JOB.20.17	2
4:16	PSA.5.11	2
4:16	PSA.68.2	2
4:16	MAT.18.20	2
4:16	LUK.13.26	2
4:16	JHN.1.3	2
4:16	JHN.1.10	2
4:16	1TH.1.9	2
4:17	PSA.49.11	2
4:17	ECC.2.4-ECC.2.11	2
4:17	DAN.4.30	2
4:17	GEN.5.18	1
4:17	GEN.5.22	1
4:17	GEN.11.4	1
4:17	2SA.18.18	1
4:17	LUK.17.28-LUK.17.29	1
4:18	GEN.36.2	3
4:18	GEN.5.21	2
4:19	GEN.2.24	4
4:19	GEN.2.18	2
4:19	MAT.19.4-MAT.19.6	2
4:19	MAT.19.8	2
4:20	GEN.4.2	2
4:20	GEN.4.21	2
4:20	GEN.25.27	2
4:20	1CH.2.50-1CH.2.52	2
4:20	1CH.4.4-1CH.4.5	2
4:20	JER.35.9-JER.35.10	2
4:20	JHN.8.44	2
4:20	ROM.4.11-ROM.4.12	2
4:20	HEB.11.9	2
4:21	GEN.31.27	2
4:21	JOB.21.12	2
4:21	ISA.5.12	2
4:21	AMO.6.5	2
4:21	ROM.4.11-ROM.4.12	2
4:22	EXO.25.3	1
4:22	NUM.31.22	1
4:22	DEU.8.9	1
4:22	DEU.33.25	1
4:22	2CH.2.7	1
4:23	EXO.20.13	2
4:23	LEV.19.18	2
4:23	NUM.23.18	2
4:23	JDG.9.7	1
4:24	MAT.18.22	7
4:24	GEN.4.15	6
4:25	GEN.4.8	5
4:25	LUK.3.38	4
4:25	GEN.4.1-GEN.4.3	3
4:25	GEN.4.10-GEN.4.11	3
4:25	GEN.5.3-GEN.5.4	3
4:25	1CH.1.1	3
4:26	PSA.116.17	14
4:26	1KI.18.24	11
4:26	JOL.2.32	10
4:26	ZEP.3.9	10
4:26	GEN.12.8	8
4:26	GEN.26.25	7
4:26	JER.33.16	7
4:26	LUK.3.38	7
4:26	DEU.26.17-DEU.26.18	6
4:26	ACT.2.21	5
4:26	ACT.11.26	5
4:26	ROM.10.13	5
4:26	1CO.1.2	5
4:26	ISA.44.5	4
4:26	ISA.48.1	4
4:26	ISA.63.19	4
4:26	EPH.3.14-EPH.3.15	3
5:1	EPH.4.24	17
5:1	COL.3.10	13
5:1	GEN.1.26-GEN.1.27	11
5:1	HEB.1.3	9
5:1	ECC.12.1	7
5:1	1CO.11.7	7
5:1	ECC.7.29	6
5:1	MAT.1.1	6
5:1	HEB.12.9	6
5:1	2CO.3.18	5
5:1	GEN.10.1	4
5:1	1CH.1.1	4
5:1	LUK.3.36-LUK.3.38	4
5:1	GEN.2.4	3
5:1	GEN.6.9	2
5:2	MAT.19.4	8
5:2	MRK.10.6	8
5:2	GEN.2.23	7
5:2	GEN.1.27	6
5:2	MAL.2.15	6
5:2	GEN.2.15	5
5:2	ACT.17.26	5
5:3	GEN.4.25	5
5:3	JOB.14.4	3
5:3	JOB.15.14-JOB.15.16	3
5:3	JOB.25.4	3
5:3	PSA.14.2-PSA.14.3	3
5:3	LUK.1.35	3
5:3	JHN.3.6	3
5:3	ROM.5.12	3
5:3	1CO.15.39	3
5:3	EPH.2.3	3
5:3	PSA.51.5	2
5:4	1CH.1.1-1CH.1.3	5
5:4	LUK.3.36-LUK.3.38	4
5:4	GEN.5.7	3
5:4	GEN.5.10	3
5:4	GEN.5.13	3
5:4	GEN.5.19	3
5:4	GEN.5.22	3
5:4	GEN.5.26	3
5:4	GEN.5.30	3
5:4	GEN.1.28	2
5:4	GEN.9.1	2
5:4	GEN.9.7	2
5:4	GEN.11.12	2
5:4	PSA.127.3	2
5:4	PSA.144.12	2
5:5	GEN.5.8	6
5:5	GEN.5.11	6
5:5	GEN.3.19	5
5:5	2SA.14.14	5
5:5	1CO.15.21-1CO.15.22	4
5:5	JOB.30.23	3
5:5	PSA.49.7-PSA.49.10	3
5:5	PSA.89.48	3
5:5	PSA.90.10	3
5:5	ECC.9.5	3
5:5	ECC.12.5	3
5:5	ECC.12.7	3
5:5	EZK.18.4	3
5:5	ROM.5.12-ROM.5.14	3
5:5	HEB.9.27	3
5:5	GEN.5.14-GEN.5.32	2
5:5	DEU.30.20	2
5:5	ECC.9.8	2
5:6	GEN.4.26	3
5:9	LUK.3.37	3
5:9	1CH.1.2	2
5:12	LUK.3.37	2
5:15	1CH.1.2	2
5:18	JUD.1.14-JUD.1.15	4
5:18	GEN.4.17	3
5:18	1CH.1.3	3
5:18	LUK.3.37	3
5:21	LUK.3.37	1
5:22	1TH.2.12	10
5:22	GEN.17.1	9
5:22	GEN.6.9	7
5:22	MAL.2.6	7
5:22	LUK.1.6	7
5:22	PSA.116.9	6
5:22	MIC.6.8	6
5:22	1JN.1.7	6
5:22	LEV.26.12	5
5:22	HEB.11.5-HEB.11.6	5
5:22	COL.1.10	4
5:22	GEN.24.40	3
5:22	GEN.48.15	3
5:22	EPH.5.15	3
5:22	1TH.4.1	3
5:22	GEN.5.24	2
5:22	EXO.16.4	2
5:22	DEU.5.33	2
5:22	DEU.13.4	2
5:22	DEU.28.9	2
5:22	1KI.2.4	2
5:22	2KI.20.3	2
5:22	PSA.16.8	2
5:22	PSA.26.11	2
5:22	PSA.56.13	2
5:22	PSA.86.11	2
5:22	PSA.128.1	2
5:22	SNG.1.4	2
5:22	HOS.14.9	2
5:22	AMO.3.3	2
5:22	MIC.4.5	2
5:22	ACT.9.31	2
5:22	ROM.8.1	2
5:22	2CO.6.16	2
5:22	COL.4.5	2
5:22	1CO.7.17	1
5:24	HEB.11.5-HEB.11.6	26
5:24	1JN.1.7	11
5:24	GEN.5.22	9
5:24	LUK.23.43	7
5:24	2KI.2.11	6
5:24	GEN.42.36	4
5:24	GEN.37.30	2
5:24	JER.31.15	2
5:24	2KI.2.1	1
5:24	MAT.2.18	1
5:25	GEN.4.18	1
5:29	MAT.24.37	6
5:29	HEB.11.7	5
5:29	2PE.2.5	5
5:29	GEN.9.24	4
5:29	ISA.54.9	4
5:29	EZK.14.14	4
5:29	EZK.14.20	4
5:29	GEN.3.17-GEN.3.19	3
5:29	GEN.4.11-GEN.4.12	3
5:29	GEN.6.8-GEN.6.9	3
5:29	GEN.7.23	3
5:29	LUK.3.36	3
5:29	1PE.3.20	3
5:29	LUK.17.26-LUK.17.27	2
5:32	GEN.6.10	3
5:32	GEN.10.21	3
5:32	GEN.7.13	2
5:32	GEN.9.18-GEN.9.19	2
5:32	GEN.9.22-GEN.9.27	2
5:32	GEN.10.1	2
5:32	GEN.10.32	2
5:32	1CH.1.4-1CH.1.28	2
5:32	LUK.3.36	2
6:2	PSA.82.6-PSA.82.7	13
6:2	1JN.2.16	9
6:2	ROM.9.7-ROM.9.8	6
6:2	DEU.7.3-DEU.7.4	5
6:2	2SA.11.2	5
6:2	NEH.13.24-NEH.13.27	5
6:2	2PE.2.14	5
6:2	GEN.3.6	4
6:2	EZR.9.1-EZR.9.2	4
6:2	EZR.9.12	4
6:2	JHN.8.41-JHN.8.42	4
6:2	GEN.24.3	3
6:2	EXO.4.22-EXO.4.23	3
6:2	DEU.14.1	3
6:2	JOS.23.12-JOS.23.13	3
6:2	GEN.4.26	2
6:2	GEN.27.46	2
6:2	GEN.39.6-GEN.39.7	2
6:2	EXO.34.16	2
6:2	JOB.31.1	2
6:2	ISA.63.16	2
6:2	MAL.2.15	2
6:2	1CO.7.39	2
6:2	2CO.6.14-2CO.6.16	2
6:2	MAL.2.11	1
6:2	2CO.6.18	1
6:3	NEH.9.30	17
6:3	ISA.63.10	14
6:3	JER.11.11	12
6:3	1PE.3.18-1PE.3.20	12
6:3	PSA.78.39	11
6:3	GAL.5.16-GAL.5.24	10
6:3	ACT.7.51	9
6:3	NUM.11.17	6
6:3	ROM.8.1-ROM.8.13	6
6:3	1TH.5.19	6
6:3	ISA.5.4	5
6:3	JHN.3.6	5
6:3	JER.11.7	4
6:3	JUD.1.14-JUD.1.15	3
6:4	NUM.13.33	24
6:4	DEU.3.11	16
6:4	1SA.17.4	16
6:4	2SA.21.15-2SA.21.22	16
6:4	DEU.2.20-DEU.2.21	14
6:4	NUM.16.2	0
6:5	MAT.15.19	49
6:5	ROM.1.28-ROM.1.31	37
6:5	MRK.7.21-MRK.7.23	36
6:5	JER.4.14	31
6:5	JER.17.9	28
6:5	EPH.2.1-EPH.2.3	26
6:5	ECC.9.3	24
6:5	GEN.8.21	22
6:5	ECC.7.29	22
6:5	PSA.53.2	17
6:5	TIT.3.3	16
6:5	PSA.14.1-PSA.14.4	15
6:5	ROM.3.9-ROM.3.19	14
6:5	GEN.13.13	13
6:5	GEN.18.20-GEN.18.21	13
6:5	EZK.8.9	13
6:5	EZK.8.12	12
6:5	PRO.6.18	11
6:5	DEU.29.19	10
6:5	JOB.15.16	8
6:6	ISA.63.10	20
6:6	1SA.15.11	17
6:6	EPH.4.30	13
6:6	1SA.15.29	11
6:6	HEB.3.10	11
6:6	2SA.24.16	9
6:6	JON.3.10	8
6:6	NUM.23.19	7
6:6	EXO.32.14	6
6:6	JER.18.8-JER.18.10	6
6:6	LUK.19.41-LUK.19.42	6
6:6	1SA.15.35	5
6:6	EZK.33.11	5
6:6	JOL.2.13	5
6:6	1CH.21.15	4
6:6	JER.26.19	4
6:6	DEU.5.29	3
6:6	DEU.32.29	3
6:6	DEU.32.36	3
6:6	PSA.106.45	3
6:6	ISA.48.18	3
6:6	PSA.78.40	2
6:6	PSA.81.13	2
6:6	PSA.95.10	2
6:6	PSA.110.4	2
6:6	PSA.119.158	2
6:6	HOS.11.8	2
6:6	HEB.6.17-HEB.6.18	2
6:6	JAS.1.17	2
6:6	MAL.3.6	1
6:6	ROM.11.29	1
6:6	HEB.3.17	1
6:7	ZEP.1.3	10
6:7	PSA.37.20	8
6:7	ROM.3.20-ROM.3.22	5
6:7	PSA.24.1-PSA.24.2	4
6:7	PRO.10.27	4
6:7	PRO.16.4	4
6:7	JER.12.3-JER.12.4	4
6:7	JER.4.22-JER.4.27	3
6:7	HOS.4.3	3
6:8	GEN.19.19	14
6:8	HEB.4.16	14
6:8	PSA.84.11	11
6:8	PSA.145.20	10
6:8	LUK.1.30	10
6:8	1CO.15.10	9
6:8	EXO.33.12-EXO.33.17	8
6:8	PRO.3.4	8
6:8	ACT.7.46	8
6:8	TIT.2.11	8
6:8	PRO.12.2	7
6:8	ROM.4.4	7
6:8	PRO.8.35	6
6:8	2PE.2.5	6
6:8	JER.31.2	5
6:8	ROM.11.6	4
6:8	GAL.1.15	4
6:8	2TI.1.18	4
6:8	TIT.3.7	2
6:9	HEB.11.7	18
6:9	LUK.1.6	16
6:9	GAL.3.11	14
6:9	GEN.5.24	12
6:9	2PE.2.5	12
6:9	GEN.7.1	11
6:9	GEN.5.22	9
6:9	GEN.17.1	9
6:9	JOB.1.1	9
6:9	EZK.14.14	9
6:9	GEN.2.4	8
6:9	ECC.7.20	7
6:9	1PE.2.5	7
6:9	JOB.1.8	6
6:9	EZK.14.20	6
6:9	HAB.2.4	6
6:9	ACT.10.22	6
6:9	GEN.48.15	5
6:9	2CH.15.17	5
6:9	PSA.37.37	5
6:9	PRO.4.18	5
6:9	LUK.2.25	5
6:9	ROM.1.17	5
6:9	PHP.3.9-PHP.3.15	5
6:9	1KI.3.6	4
6:9	JOB.12.4	4
6:9	LUK.23.50	4
6:9	2CH.25.2	3
6:9	GEN.5.1	1
6:9	GEN.10.1	1
6:10	GEN.5.32	3
6:11	EZK.8.17	9
6:11	HOS.4.1-HOS.4.2	7
6:11	HAB.2.8	6
6:11	ROM.2.13	5
6:11	ROM.3.19	5
6:11	ISA.60.18	4
6:11	EZK.28.16	4
6:11	PSA.11.5	3
6:11	PSA.55.9	3
6:11	PSA.140.11	3
6:11	JER.6.7	3
6:11	HAB.1.2	3
6:11	LUK.1.6	3
6:11	GEN.10.9	2
6:11	GEN.13.13	2
6:11	HAB.2.17	2
6:11	GEN.7.1	1
6:11	2CH.34.27	1
6:12	PSA.53.2-PSA.53.3	13
6:12	PRO.15.3	6
6:12	PSA.14.1-PSA.14.3	5
6:12	JOB.22.15-JOB.22.17	4
6:12	2PE.2.5	4
6:12	GEN.6.4-GEN.6.5	3
6:12	GEN.6.8	3
6:12	GEN.7.1	3
6:12	JOB.33.27	3
6:12	PSA.33.13-PSA.33.14	3
6:12	1PE.3.19-1PE.3.20	3
6:12	GEN.7.21	2
6:12	GEN.9.12	2
6:12	GEN.9.16-GEN.9.17	2
6:12	GEN.18.21	2
6:12	LUK.3.6	2
6:13	HOS.4.1-HOS.4.2	10
6:13	1PE.4.7	7
6:13	GEN.6.11-GEN.6.12	6
6:13	EZK.7.2-EZK.7.6	6
6:13	2PE.3.6-2PE.3.7	5
6:13	2PE.3.10-2PE.3.12	5
6:13	GEN.6.4	4
6:13	GEN.7.23	4
6:13	AMO.8.2	4
6:13	GEN.49.5	2
6:13	JER.4.23-JER.4.28	2
6:13	JER.51.13	2
6:13	HEB.11.7	2
6:14	1PE.3.20	6
6:14	LUK.17.27	5
6:14	MAT.24.38	4
6:14	EXO.2.3	3
6:15	GEN.7.20	3
6:15	DEU.3.11	3
6:16	GEN.7.16	3
6:16	GEN.8.6	3
6:16	EZK.41.16	3
6:16	2SA.6.16	2
6:16	2KI.9.30	2
6:16	EZK.42.3	2
6:16	LUK.13.25	2
6:17	GEN.7.4	11
6:17	2PE.2.5	11
6:17	GEN.7.21-GEN.7.23	9
6:17	PSA.107.34	6
6:17	HEB.11.7	6
6:17	1PE.3.20	6
6:17	PSA.29.10	5
6:17	AMO.9.6	5
6:17	GEN.6.7	3
6:17	GEN.6.13	3
6:17	EXO.14.17	3
6:17	LEV.26.28	3
6:17	DEU.32.39	3
6:17	JOB.22.16	3
6:17	PSA.93.3-PSA.93.4	3
6:17	ISA.51.12	3
6:17	ISA.54.9	3
6:17	EZK.5.8	3
6:17	EZK.6.3	3
6:17	EZK.34.11	3
6:17	EZK.34.20	3
6:17	HOS.5.14	3
6:17	LUK.17.27	3
6:17	ROM.5.21	3
6:17	ROM.6.23	3
6:17	GEN.2.7	2
6:17	GEN.7.15	2
6:17	GEN.7.17	2
6:17	GEN.9.9	2
6:17	MAT.24.39	2
6:17	ROM.5.12-ROM.5.14	2
6:17	ROM.8.20-ROM.8.22	2
6:18	HEB.11.7	7
6:18	GEN.7.7	6
6:18	GEN.7.13	5
6:18	GEN.17.7	5
6:18	ISA.26.20	4
6:18	GEN.7.1	3
6:18	GEN.9.9-GEN.9.16	3
6:18	1PE.3.20	3
6:18	2PE.2.5	3
6:18	GEN.17.4	2
6:18	GEN.17.21	2
6:19	GEN.7.8-GEN.7.9	3
6:19	GEN.7.15-GEN.7.16	3
6:19	GEN.7.2-GEN.7.3	2
6:19	GEN.8.17	2
6:19	PSA.36.6	2
6:20	GEN.2.19	3
6:20	ACT.10.11-ACT.10.12	3
6:20	GEN.1.20-GEN.1.24	2
6:20	GEN.7.8-GEN.7.16	2
6:20	JHN.5.40	2
6:20	GEN.1.28	1
6:21	GEN.1.29-GEN.1.30	3
6:21	PSA.136.25	3
6:21	PSA.145.16	3
6:21	JOB.38.41	2
6:21	JOB.40.20	2
6:21	PSA.35.6	2
6:21	PSA.104.27-PSA.104.28	2
6:21	PSA.147.9	2
6:21	MAT.6.26	2
6:22	EXO.40.16	13
6:22	JHN.15.14	13
6:22	JHN.2.5	12
6:22	GEN.7.5	10
6:22	MAT.7.24-MAT.7.27	10
6:22	HEB.11.7-HEB.11.8	9
6:22	DEU.12.32	8
6:22	GEN.7.16	6
6:22	GEN.7.9	5
6:22	EXO.40.23	5
6:22	1JN.5.3-1JN.5.4	5
6:22	GEN.17.23	4
6:22	EXO.40.25	4
6:22	EXO.40.27	4
6:22	EXO.40.19	3
6:22	EXO.40.21	3
6:22	EXO.40.32	2
7:1	MAT.24.37-MAT.24.39	18
7:1	2PE.2.5-2PE.2.9	17
7:1	GEN.6.9	15
7:1	HEB.11.7	13
7:1	GEN.7.13	9
7:1	ISA.3.10-ISA.3.11	9
7:1	1PE.3.20	9
7:1	EZK.9.4-EZK.9.6	8
7:1	LUK.17.26	8
7:1	PSA.33.18-PSA.33.19	7
7:1	PRO.14.26	7
7:1	ACT.2.39	7
7:1	GEN.7.7	6
7:1	PSA.91.1-PSA.91.10	6
7:1	PRO.10.6-PRO.10.7	6
7:1	PRO.10.9	6
7:1	PRO.11.4-PRO.11.8	6
7:1	ISA.26.20-ISA.26.21	6
7:1	ZEP.2.3	6
7:1	PHP.2.15-PHP.2.16	6
7:1	JOB.5.19-JOB.5.24	5
7:1	PRO.18.10	5
7:2	GEN.8.20	6
7:2	LEV.10.10	6
7:2	LEV.11.1-LEV.11.47	5
7:2	GEN.7.8	4
7:2	ACT.10.11-ACT.10.15	4
7:2	EZK.44.23	3
7:2	GEN.6.19-GEN.6.21	2
7:2	DEU.14.1-DEU.14.21	2
7:4	GEN.6.13	6
7:4	GEN.7.12	6
7:4	GEN.7.17	6
7:4	GEN.6.7	5
7:4	GEN.6.17	5
7:4	PSA.69.28	4
7:4	GEN.8.12	3
7:4	JOB.22.16	3
7:4	JOB.28.25	3
7:4	JOB.37.11-JOB.37.12	3
7:4	AMO.4.7	3
7:4	REV.3.5	3
7:4	GEN.7.10	2
7:4	GEN.7.21-GEN.7.23	2
7:4	GEN.2.5	1
7:4	GEN.6.3	1
7:4	GEN.8.10	1
7:4	GEN.29.27-GEN.29.28	1
7:4	EXO.32.32-EXO.32.33	1
7:4	JOB.36.27-JOB.36.32	1
7:5	GEN.6.22	8
7:5	LUK.8.21	5
7:5	EXO.39.32	3
7:5	EXO.39.42-EXO.39.43	3
7:5	PSA.119.6	3
7:5	EXO.40.16	2
7:5	MAT.3.15	2
7:5	JHN.13.17	2
7:5	PHP.2.8	2
7:5	HEB.5.8	2
7:5	JHN.2.5	1
7:5	JHN.8.28-JHN.8.29	1
7:6	GEN.5.32	4
7:6	GEN.8.13	3
7:7	LUK.17.27	5
7:7	GEN.6.18	3
7:7	GEN.7.1	3
7:7	MAT.24.38	3
7:7	2PE.2.5	3
7:7	GEN.7.13-GEN.7.15	2
7:7	PRO.22.3	2
7:7	HEB.6.18	2
7:7	HEB.11.7	2
7:7	1PE.3.20	2
7:9	GEN.2.19	3
7:9	GEN.7.16	3
7:9	ISA.11.6-ISA.11.9	2
7:9	ISA.65.25	2
7:9	JER.8.7	2
7:9	ACT.10.11-ACT.10.12	2
7:9	GAL.3.28	2
7:9	COL.3.11	2
7:10	GEN.6.17	3
7:10	GEN.7.4	3
7:10	LUK.17.27	3
7:10	GEN.7.17-GEN.7.20	2
7:10	JOB.22.16	2
7:10	MAT.24.38-MAT.24.39	2
7:11	GEN.8.2	12
7:11	PRO.8.28-PRO.8.29	6
7:11	MAL.3.10	6
7:11	AMO.9.5-AMO.9.6	5
7:11	2KI.7.19	4
7:11	PSA.78.23-PSA.78.24	4
7:11	JER.5.22	4
7:11	JER.51.16	4
7:11	GEN.1.7	3
7:11	2KI.7.2	3
7:11	JOB.38.8-JOB.38.11	3
7:11	PSA.33.7	3
7:11	EZK.26.19	3
7:11	GEN.6.17	2
7:11	PSA.74.15	2
7:11	ISA.24.19	2
7:11	MAT.24.38	2
7:11	JOB.28.4	1
7:11	1TH.5.3	0
7:12	GEN.7.4	4
7:12	GEN.7.17	3
7:12	MAT.4.2	3
7:12	EXO.24.18	2
7:12	DEU.9.9	2
7:12	DEU.9.18	2
7:12	DEU.10.10	2
7:12	1KI.19.8	2
7:13	GEN.6.18	3
7:13	GEN.7.1	3
7:13	GEN.5.32	2
7:13	GEN.6.10	2
7:13	GEN.7.7-GEN.7.9	2
7:13	GEN.9.18-GEN.9.19	2
7:13	GEN.10.1-GEN.10.2	2
7:13	GEN.10.6	2
7:13	GEN.10.21	2
7:13	1CH.1.4-1CH.1.28	2
7:13	HEB.11.7	2
7:13	1PE.3.20	2
7:13	2PE.2.5	2
7:14	GEN.7.2-GEN.7.3	2
7:14	GEN.7.8-GEN.7.9	2
7:15	GEN.6.19-GEN.6.20	3
7:15	ISA.11.6	2
7:16	MAT.25.10	10
7:16	LUK.13.25	10
7:16	GEN.7.2-GEN.7.3	5
7:16	PSA.91.1-PSA.91.10	5
7:16	2KI.4.4-2KI.4.5	3
7:16	DEU.33.27	2
7:16	PSA.46.2	2
7:16	JHN.10.27-JHN.10.30	2
7:16	1PE.1.5	2
7:16	PRO.3.23	1
7:17	GEN.7.4	5
7:17	GEN.7.12	3
7:18	EXO.14.28	3
7:18	JOB.22.16	2
7:18	PSA.69.15	2
7:18	PSA.104.26	2
7:19	PSA.104.6-PSA.104.9	4
7:19	JOB.12.15	2
7:19	PSA.46.2-PSA.46.3	2
7:19	JER.3.23	2
7:19	2PE.3.6	2
7:20	JER.3.23	3
7:20	PSA.104.6	2
7:21	GEN.6.13	5
7:21	GEN.6.17	4
7:21	GEN.7.4	4
7:21	GEN.6.6-GEN.6.7	3
7:21	ROM.8.20	3
7:21	JOB.22.15-JOB.22.17	2
7:21	ISA.24.6	2
7:21	ISA.24.19	2
7:21	JER.4.22-JER.4.27	2
7:21	JER.12.3-JER.12.4	2
7:21	HOS.4.3	2
7:21	JOL.1.17-JOL.1.20	2
7:21	JOL.2.3	2
7:21	ZEP.1.3	2
7:21	MAT.24.39	2
7:21	LUK.17.27	2
7:21	ROM.8.22	2
7:21	2PE.2.5	2
7:22	GEN.2.7	6
7:22	GEN.6.17	4
7:23	2PE.2.5	9
7:23	HEB.11.7	8
7:23	1PE.3.20	8
7:23	LUK.17.26-LUK.17.27	6
7:23	MAT.24.37-MAT.24.39	3
7:23	2PE.3.6	3
7:23	GEN.7.21-GEN.7.22	2
7:23	JOB.22.15-JOB.22.17	2
7:23	ISA.24.1-ISA.24.8	2
7:23	MAL.3.17-MAL.3.18	2
7:23	MAT.25.46	2
7:23	EXO.14.28-EXO.14.30	1
7:23	JOB.5.19	1
7:23	PSA.91.1	1
7:23	PSA.91.9-PSA.91.10	1
7:23	EZK.14.14-EZK.14.20	1
7:23	2PE.2.9	1
7:23	PRO.11.4	0
7:24	GEN.8.3-GEN.8.4	3
8:1	GEN.30.22	23
8:1	GEN.19.29	22
8:1	PSA.136.23	20
8:1	EXO.2.24	19
8:1	1SA.1.19	18
8:1	PSA.106.4	13
8:1	AMO.8.7	12
8:1	EXO.14.21	10
8:1	PSA.132.1	10
8:1	NEH.13.14	9
8:1	NEH.13.22	9
8:1	NEH.13.31	9
8:1	HAB.3.2	9
8:1	NEH.13.29	8
8:1	PSA.137.7	8
8:1	JOB.14.13	7
8:1	ROM.8.20-ROM.8.22	6
8:1	JON.4.11	5
8:1	NUM.22.32	4
8:1	PSA.104.7-PSA.104.9	4
8:1	PRO.25.23	4
8:1	REV.16.19	4
8:1	REV.18.5	4
8:1	PSA.36.6	3
8:2	GEN.7.11	7
8:2	MAT.8.26-MAT.8.27	5
8:2	PRO.8.28	4
8:2	JOB.37.11-JOB.37.13	3
8:2	JOB.38.37	3
8:2	JON.2.3	3
8:2	MAT.8.9	3
8:3	GEN.7.24	4
8:3	GEN.7.11	2
8:4	2KI.19.37	3
8:4	ISA.37.38	3
8:4	JER.51.27	3
8:4	GEN.7.17-GEN.7.19	2
8:5	GEN.7.11	0
8:6	GEN.6.16	3
8:6	DAN.6.10	2
8:7	1KI.17.4	3
8:7	1KI.17.6	3
8:7	JOB.38.41	3
8:7	PSA.147.9	3
8:7	LEV.11.15	2
8:8	SNG.2.14	3
8:8	GEN.8.10-GEN.8.12	2
8:8	SNG.1.15	2
8:8	SNG.2.11-SNG.2.12	2
8:8	MAT.10.16	2
8:9	PSA.116.7	6
8:9	MAT.11.28	6
8:9	DEU.28.65	5
8:9	JHN.16.33	5
8:9	ISA.60.8	4
8:9	EZK.7.16	2
8:10	GEN.7.4	4
8:10	GEN.7.10	3
8:10	GEN.8.12	3
8:10	PSA.40.1	3
8:10	ISA.8.17	3
8:10	ISA.26.8	3
8:10	ROM.8.25	3
8:11	NEH.8.15	3
8:11	ZEC.4.12-ZEC.4.14	2
8:11	ROM.10.15	2
8:12	GEN.8.10	3
8:12	ISA.25.9	3
8:12	ISA.26.8	3
8:12	ISA.30.18	3
8:12	GEN.2.2-GEN.2.3	2
8:12	PSA.27.14	2
8:12	PSA.130.5-PSA.130.6	2
8:12	ISA.8.17	2
8:12	JAS.5.7-JAS.5.8	2
8:12	HAB.2.3	1
8:13	GEN.7.11	4
8:14	GEN.7.13-GEN.7.14	2
8:14	GEN.7.11	1
8:16	GEN.7.13	5
8:16	PSA.121.8	4
8:16	ZEC.9.11	4
8:16	GEN.7.1	3
8:16	GEN.7.7	3
8:16	JOS.3.17	3
8:16	JOS.4.10	3
8:16	JOS.4.16-JOS.4.18	3
8:16	PSA.91.11	3
8:16	DAN.9.25-DAN.9.26	3
8:16	ACT.16.37-ACT.16.39	3
8:16	ACT.16.27-ACT.16.28	2
8:17	GEN.1.22	7
8:17	GEN.9.1	4
8:17	PSA.107.38	4
8:17	JER.31.27-JER.31.28	4
8:17	GEN.1.28	3
8:17	GEN.7.14-GEN.7.15	2
8:17	GEN.9.7	2
8:17	PSA.144.13-PSA.144.14	2
8:18	PSA.121.8	2
8:20	HEB.13.15-HEB.13.16	9
8:20	ROM.12.1	8
8:20	GEN.22.9	7
8:20	GEN.12.7-GEN.12.8	6
8:20	LEV.11.1-LEV.11.47	5
8:20	1PE.2.9	5
8:20	GEN.13.4	4
8:20	GEN.26.25	4
8:20	GEN.35.1	4
8:20	GEN.35.7	4
8:20	EXO.10.25	4
8:20	EXO.24.4-EXO.24.8	4
8:20	HEB.13.10	4
8:20	1PE.2.5	4
8:20	GEN.4.4	2
8:20	GEN.7.2	2
8:20	GEN.13.18	2
8:20	GEN.33.20	2
8:20	EXO.20.24-EXO.20.25	2
8:20	LEV.1.1-LEV.1.17	2
8:20	GEN.22.2	1
8:21	2CO.2.15	21
8:21	EPH.5.2	15
8:21	GEN.6.5	12
8:21	JER.17.9	11
8:21	ISA.54.9-ISA.54.10	10
8:21	ROM.3.23	8
8:21	GEN.3.17	7
8:21	LEV.1.9	7
8:21	LEV.1.13	7
8:21	ECC.7.20	7
8:21	EZK.20.41	7
8:21	PHP.4.18	7
8:21	MAT.15.19	6
8:21	2PE.3.6-2PE.3.7	6
8:21	GEN.6.17	5
8:21	GEN.9.11-GEN.9.15	5
8:21	JOB.14.4	5
8:21	PSA.51.5	5
8:21	PSA.58.3	5
8:21	JHN.3.6	5
8:21	ROM.8.7-ROM.8.8	5
8:21	JAS.1.14-JAS.1.15	5
8:21	EXO.29.18	4
8:21	EXO.29.25	4
8:21	LEV.1.17	4
8:21	PRO.20.9	4
8:21	JER.18.12	4
8:21	AMO.5.21-AMO.5.22	4
8:21	ROM.1.21	4
8:21	EPH.2.1-EPH.2.3	4
8:21	JAS.4.1-JAS.4.2	4
8:21	1JN.5.19	4
8:21	ISA.47.12	3
8:21	ISA.47.15	3
8:21	ISA.48.8	3
8:21	ISA.53.6	3
8:21	ISA.65.6	3
8:21	JER.8.6	3
8:21	GEN.4.12	2
8:21	GEN.5.29	2
8:21	LEV.26.31	2
8:21	SNG.4.10-SNG.4.11	2
8:21	JOB.15.14-JOB.15.16	0
8:22	JAS.5.7	25
8:22	PSA.74.16-PSA.74.17	20
8:22	JER.5.24	20
8:22	JER.31.35	18
8:22	SNG.2.11-SNG.2.12	17
8:22	JER.33.20-JER.33.26	11
8:22	EXO.34.21	8
8:22	ISA.54.8-ISA.54.9	8
8:22	GEN.45.6	5
9:1	GEN.1.28	9
9:1	GEN.9.7	9
9:1	GEN.8.17	5
9:1	GEN.1.22	4
9:1	PSA.128.3-PSA.128.4	3
9:1	ISA.51.2	3
9:1	GEN.2.3	2
9:1	GEN.10.32	2
9:1	GEN.24.60	2
9:1	GEN.9.19	1
9:2	PSA.8.4-PSA.8.8	10
9:2	GEN.1.28	7
9:2	HOS.2.18	7
9:2	JAS.3.7	7
9:2	LEV.26.6	6
9:2	JOB.5.22-JOB.5.23	6
9:2	EZK.34.25	6
9:2	GEN.2.19	4
9:2	GEN.35.5	4
9:2	LEV.26.22	3
9:2	PSA.104.20-PSA.104.23	1
9:3	ROM.14.14	9
9:3	1TI.4.3-1TI.4.5	8
9:3	DEU.12.15	7
9:3	COL.2.21-COL.2.22	7
9:3	1CO.10.31	6
9:3	1CO.10.25-1CO.10.26	5
9:3	COL.2.16	5
9:3	PSA.104.14-PSA.104.15	4
9:3	ACT.10.12-ACT.10.15	4
9:3	1CO.10.23	4
9:3	GEN.1.29-GEN.1.30	3
9:3	LEV.11.1-LEV.11.47	3
9:3	LEV.22.8	3
9:3	ROM.14.3	3
9:3	ROM.14.17	3
9:3	ROM.14.20	3
9:3	DEU.14.3-DEU.14.21	2
9:4	DEU.12.23	16
9:4	DEU.12.16	13
9:4	DEU.15.23	13
9:4	ACT.15.20	10
9:4	LEV.7.26	9
9:4	LEV.17.10-LEV.17.14	8
9:4	ACT.15.29	8
9:4	LEV.3.17	7
9:4	LEV.19.26	5
9:4	1SA.14.33-1SA.14.34	3
9:4	1TI.4.4	3
9:4	DEU.14.21	0
9:4	ACT.15.25	0
9:5	EXO.21.28-EXO.21.29	10
9:5	EXO.21.12	6
9:5	GEN.4.9-GEN.4.10	5
9:5	NUM.35.31-NUM.35.33	4
9:5	PSA.9.12	4
9:5	EXO.20.13	3
9:5	LEV.19.16	3
9:5	DEU.21.1-DEU.21.9	3
9:5	MAT.23.35	3
9:6	LEV.24.17	18
9:6	MAT.26.52	16
9:6	REV.13.10	13
9:6	EXO.21.12-EXO.21.14	12
9:6	NUM.35.33	10
9:6	GEN.1.26-GEN.1.27	9
9:6	JAS.3.9	7
9:6	GEN.5.1	6
9:6	GEN.4.14	5
9:6	1KI.2.28-1KI.2.34	5
9:6	ROM.13.4	5
9:6	EXO.22.2-EXO.22.3	4
9:6	LEV.17.4	4
9:6	NUM.35.25	4
9:6	1KI.2.5-1KI.2.6	4
9:6	PSA.51.4	4
9:7	GEN.9.1	4
9:7	GEN.1.28	3
9:7	GEN.9.19	3
9:7	GEN.8.17	2
9:9	GEN.6.18	10
9:9	ISA.54.9-ISA.54.10	7
9:9	ROM.1.3	4
9:9	GEN.9.11	3
9:9	GEN.9.17	3
9:9	GEN.17.7-GEN.17.8	3
9:9	GEN.22.17	2
9:9	JER.33.20	2
9:9	JER.31.35-JER.31.36	1
9:10	PSA.145.9	3
9:10	GEN.8.1	2
9:10	GEN.9.15-GEN.9.16	2
9:10	JOB.38.1-JOB.38.41	2
9:10	JOB.41.1-JOB.41.34	2
9:10	PSA.36.5-PSA.36.6	2
9:10	JON.4.11	2
9:11	ISA.54.9	22
9:11	GEN.8.21-GEN.8.22	9
9:11	2PE.3.7	6
9:11	GEN.7.21-GEN.7.23	4
9:11	2PE.3.11	3
9:12	GEN.17.11	10
9:12	MAT.26.26-MAT.26.28	3
9:12	EXO.12.13	2
9:12	GEN.9.17	1
9:12	EXO.13.16	1
9:12	1CO.11.23-1CO.11.25	1
9:12	JOS.2.12	0
9:13	EZK.1.28	14
9:13	REV.4.3	11
9:13	REV.10.1	11
9:15	DEU.7.9	9
9:15	ISA.54.8-ISA.54.10	7
9:15	EZK.16.60	7
9:15	EXO.28.12	6
9:15	LEV.26.42-LEV.26.45	5
9:15	1KI.8.23	5
9:15	PSA.106.45	5
9:15	NEH.9.32	4
9:15	JER.14.21	4
9:15	LUK.1.72	4
9:16	ISA.54.8-ISA.54.10	9
9:16	JER.32.40	9
9:16	GEN.17.13	7
9:16	GEN.17.19	7
9:16	2SA.23.5	7
9:16	HEB.13.20	6
9:16	GEN.8.21-GEN.8.22	4
9:16	GEN.9.9-GEN.9.11	4
9:16	GEN.17.7	4
9:16	PSA.89.3-PSA.89.4	4
9:16	ISA.55.3	4
9:18	GEN.10.1	6
9:18	GEN.10.6	5
9:18	GEN.9.25-GEN.9.27	3
9:18	GEN.9.23	2
9:18	1CH.1.4	1
9:19	GEN.5.32	2
9:19	GEN.8.17	2
9:19	GEN.10.2-GEN.10.32	2
9:19	1CH.1.4-1CH.1.28	2
9:20	GEN.3.18-GEN.3.19	2
9:20	GEN.3.23	2
9:20	GEN.4.2	2
9:20	GEN.5.29	2
9:20	DEU.20.6	2
9:20	DEU.28.30	2
9:20	PRO.10.11	2
9:20	PRO.12.11	2
9:20	ECC.5.9	2
9:20	ISA.28.24-ISA.28.26	2
9:20	PRO.24.30	1
9:20	SNG.1.6	1
9:20	1CO.9.7	1
9:21	PRO.20.1	7
9:21	HAB.2.15-HAB.2.16	7
9:21	PRO.23.31-PRO.23.32	6
9:21	GAL.5.21	5
9:21	TIT.2.2	5
9:21	GEN.6.9	3
9:21	GEN.19.32-GEN.19.36	3
9:21	ECC.7.20	3
9:21	ROM.13.13	3
9:21	1CO.10.12	3
9:21	LUK.22.3-LUK.22.4	2
9:21	REV.3.18	1
9:22	PRO.30.17	7
9:22	GAL.6.1	6
9:22	PSA.40.15	3
9:22	MAT.18.15	3
9:22	1CO.13.6	3
9:22	GEN.10.6	2
9:22	GEN.10.15-GEN.10.19	2
9:22	PSA.70.3	2
9:22	OBA.1.12-OBA.1.13	2
9:22	GEN.9.25	1
9:22	2SA.1.19-2SA.1.20	1
9:22	1CH.1.8	1
9:22	1CH.1.13-1CH.1.16	1
9:22	PSA.35.20-PSA.35.21	1
9:22	PRO.25.9	1
9:23	GAL.6.1	6
9:23	EXO.20.12	3
9:23	LEV.19.32	2
9:23	ROM.13.7	2
9:23	1TI.5.1	2
9:23	1TI.5.17	2
9:23	1TI.5.19	2
9:23	1PE.2.17	2
9:23	1PE.4.8	2
9:25	DEU.27.16	12
9:25	JOS.9.23	11
9:25	JDG.1.28-JDG.1.30	8
9:25	JOS.9.27	7
9:25	1KI.9.20-1KI.9.21	7
9:25	JHN.8.34	7
9:25	2CH.8.7-2CH.8.8	5
9:25	GEN.9.22	3
9:25	GEN.49.7	2
9:25	DEU.28.18	2
9:25	MAT.25.41	2
9:25	GEN.3.14	0
9:25	GEN.4.11	0
9:26	PSA.144.15	4
9:26	GEN.12.1-GEN.12.3	3
9:26	HEB.11.16	3
9:26	GEN.10.10-GEN.10.26	2
9:26	GEN.27.37	2
9:26	DEU.33.26	2
9:26	LUK.3.23-LUK.3.36	2
9:26	ROM.9.5	2
9:26	GEN.27.40	1
9:27	ROM.11.12	3
9:27	ROM.15.12	3
9:27	EPH.2.13-EPH.2.14	2
9:27	EPH.3.6	2
9:27	HEB.11.9-HEB.11.10	2
9:27	ISA.11.10	1
9:27	HOS.2.14	1
9:27	MAL.1.11	1
9:27	EPH.2.19	1
9:27	EPH.3.13	1
9:27	ACT.17.14	0
9:29	GEN.5.27	3
9:29	GEN.5.32	3
9:29	PSA.90.10	3
9:29	GEN.5.5	2
9:29	GEN.5.20	2
9:29	GEN.11.11-GEN.11.25	2
10:1	GEN.2.4	4
10:1	GEN.9.7	4
10:1	GEN.5.1	3
10:1	GEN.6.9	3
10:1	GEN.9.1	3
10:1	GEN.9.19	3
10:1	MAT.1.1	3
10:2	EZK.38.2	7
10:2	EZK.38.6	6
10:2	1CH.1.5-1CH.1.7	4
10:2	ISA.66.19	4
10:2	REV.20.8	4
10:2	EZK.39.1	3
10:2	EZK.27.7	2
10:2	EZK.27.12-EZK.27.14	2
10:2	EZK.27.19	2
10:2	EZK.38.15	2
10:2	GEN.10.21	1
10:3	JER.51.27	2
10:3	EZK.27.14	2
10:4	NUM.24.24	3
10:4	ISA.23.1	3
10:4	ISA.23.12	3
10:4	DAN.11.30	3
10:4	EZK.27.12	2
10:4	EZK.27.25	2
10:5	ZEP.2.11	5
10:5	ISA.42.4	4
10:5	JER.2.10	4
10:5	GEN.10.20	3
10:5	JER.25.22	3
10:5	GEN.10.25	2
10:5	GEN.11.1-GEN.11.9	2
10:5	PSA.72.10	2
10:5	ISA.24.15	2
10:5	ISA.40.15	2
10:5	ISA.41.5	2
10:5	ISA.42.10	2
10:5	ISA.49.1	2
10:5	ISA.51.5	2
10:5	ISA.59.18	2
10:5	ISA.60.9	2
10:6	1CH.1.8-1CH.1.16	3
10:6	GEN.9.22	2
10:6	1CH.4.40	2
10:6	PSA.78.51	2
10:6	PSA.105.23	2
10:6	PSA.105.27	2
10:6	PSA.106.22	2
10:6	ISA.11.11	2
10:6	JER.46.9	2
10:6	EZK.27.10	2
10:7	EZK.27.22	4
10:7	EZK.27.15	3
10:7	GEN.2.11	2
10:7	1KI.10.1	2
10:7	PSA.72.10	2
10:7	ISA.21.13	2
10:8	MIC.5.6	4
10:9	2CH.28.22	4
10:9	GEN.6.4	3
10:9	GEN.6.11	3
10:9	GEN.13.13	3
10:9	GEN.25.27	3
10:9	GEN.27.30	3
10:9	PSA.52.7	2
10:9	JER.16.16	2
10:9	EZK.13.18	2
10:9	MIC.7.2	2
10:10	GEN.11.9	8
10:10	GEN.11.2	7
10:10	GEN.14.1	3
10:10	MIC.4.10	3
10:10	ISA.10.9	2
10:10	ISA.11.11	2
10:10	ISA.39.1	2
10:10	JER.50.21	2
10:10	AMO.6.2	2
10:10	MIC.5.6	2
10:10	ZEC.5.11	2
10:10	DAN.1.2	1
10:11	MIC.5.6	4
10:11	PSA.83.8	3
10:11	JON.1.2	3
10:11	NAM.1.1	3
10:11	NUM.24.22	2
10:11	NUM.24.24	2
10:11	2KI.19.36	2
10:11	EZR.4.2	2
10:11	ISA.37.37	2
10:11	EZK.27.23	2
10:11	EZK.32.22	2
10:11	HOS.14.3	2
10:11	JON.3.1-JON.3.10	2
10:11	NAM.2.8	2
10:11	NAM.3.7	2
10:11	ZEP.2.13	2
10:13	1CH.1.11-1CH.1.12	4
10:13	JER.46.9	4
10:13	EZK.30.5	2
10:14	JER.47.4	6
10:14	DEU.2.23	3
10:14	1CH.1.12	3
10:14	AMO.9.7	3
10:14	ISA.11.11	2
10:14	JER.44.1	2
10:15	EXO.34.11	4
10:15	NUM.34.2-NUM.34.15	4
10:15	GEN.15.18-GEN.15.21	3
10:15	GEN.23.3	3
10:15	1CH.1.13	3
10:15	GEN.28.3-GEN.28.20	2
10:15	GEN.49.13	2
10:15	EXO.3.8	2
10:15	JOS.11.8	2
10:15	JOS.12.8-JOS.12.24	2
10:15	2SA.11.3	2
10:15	ISA.23.4	2
10:16	JDG.1.21	2
10:16	2SA.24.18	2
10:16	ZEC.9.7	2
10:17	GEN.34.2	2
10:18	NUM.34.8	2
10:18	JOS.18.22	2
10:18	2SA.8.9	2
10:18	2KI.17.24	2
10:18	2KI.17.30	2
10:18	2CH.13.4	2
10:18	ISA.10.9	2
10:18	EZK.27.8	2
10:18	EZK.47.16-EZK.47.17	2
10:18	ZEC.9.2	2
10:19	GEN.14.2	3
10:19	GEN.19.24-GEN.19.25	3
10:19	GEN.13.10-GEN.13.17	2
10:19	GEN.18.20	2
10:19	GEN.20.1	2
10:19	GEN.26.1	2
10:19	NUM.34.2-NUM.34.15	2
10:19	DEU.32.8	2
10:19	JOS.12.7-JOS.12.8	2
10:19	JOS.14.1-JOS.14.15	2
10:19	JDG.16.1	2
10:19	JER.25.20	2
10:19	HOS.11.8	2
10:19	GEN.15.18-GEN.15.21	1
10:20	GEN.10.6	2
10:20	GEN.11.1-GEN.11.9	2
10:21	NUM.24.24	3
10:21	GEN.11.10-GEN.11.26	2
10:22	ISA.66.19	4
10:22	GEN.9.26	2
10:22	GEN.14.1-GEN.14.9	2
10:22	NUM.23.7	2
10:22	2KI.15.19	2
10:22	1CH.1.17-1CH.1.27	2
10:22	JOB.1.17	2
10:22	ISA.11.11	2
10:22	ISA.21.2	2
10:22	ISA.22.6	2
10:22	JER.25.25	2
10:22	JER.49.34-JER.49.39	2
10:22	ACT.2.9	2
10:23	JOB.1.1	6
10:23	JER.25.20	4
10:24	GEN.11.12-GEN.11.15	3
10:24	LUK.3.35	3
10:25	1CH.1.19	9
10:25	GEN.10.32	7
10:25	DEU.32.8	6
10:25	LUK.3.35-LUK.3.36	5
10:25	ACT.17.26	5
10:25	GEN.11.16-GEN.11.19	4
10:25	GEN.10.21	3
10:26	1CH.1.20-1CH.1.28	2
10:27	1CH.1.20-1CH.1.28	2
10:28	GEN.25.3	2
10:28	1KI.10.1	2
10:28	1CH.1.20-1CH.1.28	2
10:29	1KI.9.28	4
10:29	GEN.25.18	3
10:29	1SA.15.7	3
10:29	1KI.22.48	3
10:29	1CH.8.18	3
10:29	1CH.9.10	3
10:29	1CH.9.13	3
10:29	JOB.22.24	3
10:29	JOB.28.16	3
10:29	PSA.45.9	3
10:29	ISA.13.12	3
10:29	GEN.2.11	2
10:30	NUM.23.7	2
10:31	GEN.10.5	4
10:31	GEN.10.20	4
10:31	ACT.17.26	3
10:32	GEN.9.19	7
10:32	ACT.17.26	5
10:32	GEN.10.1	4
10:32	GEN.5.29-GEN.5.31	2
10:32	GEN.9.1	2
10:32	GEN.9.7	2
10:32	GEN.10.20	2
10:32	GEN.10.25	2
10:32	GEN.10.31	1
11:1	ACT.2.6	16
11:1	ZEP.3.9	15
11:1	ISA.19.18	3
11:2	GEN.10.10	7
11:2	DAN.1.2	7
11:2	GEN.14.1	5
11:2	ISA.11.11	4
11:2	ZEC.5.11	4
11:2	GEN.13.11	2
11:2	GEN.11.9	1
11:3	GEN.14.10	8
11:3	EXO.1.14	7
11:3	EXO.2.3	6
11:3	HEB.10.24	5
11:3	JAS.5.1	5
11:3	2SA.12.31	4
11:3	ISA.9.10	4
11:3	ISA.41.6-ISA.41.7	4
11:3	HEB.3.13	4
11:3	GEN.11.4	3
11:3	GEN.11.7	3
11:3	EXO.5.7-EXO.5.18	3
11:3	PSA.64.5	3
11:3	PRO.1.11	3
11:3	ECC.2.1	3
11:3	ISA.5.5	3
11:3	ISA.65.3	3
11:3	NAM.3.14	3
11:3	JAS.4.13	3
11:4	DEU.1.28	14
11:4	JHN.5.44	14
11:4	LUK.1.51	11
11:4	DEU.9.1	8
11:4	DAN.4.30	8
11:4	PSA.49.11-PSA.49.13	7
11:4	PRO.10.7	7
11:4	2SA.8.13	6
11:4	GEN.6.4	5
11:4	GEN.11.8-GEN.11.9	5
11:4	PSA.92.9	5
11:4	DAN.4.11	5
11:4	DEU.4.27	4
11:4	DAN.4.22	4
11:5	PSA.33.13-PSA.33.14	12
11:5	GEN.18.21	11
11:5	JHN.3.13	10
11:5	JER.23.23-JER.23.24	7
11:5	HEB.4.13	7
11:5	EXO.19.11	6
11:5	EXO.19.20	5
11:5	PSA.11.4	5
11:5	EXO.3.8	3
11:5	EXO.19.18	3
11:6	PSA.2.1-PSA.2.4	13
11:6	GEN.3.22	8
11:6	GEN.11.1	8
11:6	ECC.11.9	6
11:6	LUK.1.51	6
11:6	GEN.6.5	5
11:6	GEN.9.19	5
11:6	GEN.8.21	4
11:6	ACT.17.26	2
11:6	JDG.10.14	1
11:6	1KI.18.27	0
11:7	PSA.33.10	11
11:7	GEN.1.26	8
11:7	JOB.5.12-JOB.5.13	8
11:7	PSA.55.9	7
11:7	1CO.14.2-1CO.14.11	5
11:7	GEN.42.23	4
11:7	ACT.2.4-ACT.2.11	4
11:7	1CO.14.23	4
11:7	GEN.3.22	3
11:7	DEU.28.49	3
11:7	JOB.12.20	3
11:7	PSA.2.4	3
11:7	JER.5.15	3
11:7	GEN.10.20	2
11:7	GEN.11.5	2
11:7	ISA.6.8	2
11:7	GEN.10.5	1
11:7	GEN.10.32	1
11:8	LUK.1.51	13
11:8	GEN.10.25	6
11:8	GEN.10.32	6
11:8	DEU.32.8	5
11:8	GEN.11.4	2
11:8	GEN.11.9	2
11:8	GEN.49.7	1
11:9	GEN.10.5	10
11:9	GEN.10.10	10
11:9	GEN.10.20	9
11:9	ACT.17.26	9
11:9	1CO.14.23	7
11:9	GEN.10.25	5
11:9	JER.50.1-JER.50.46	4
11:9	GEN.10.31-GEN.10.32	3
11:9	ISA.13.1-ISA.13.14	3
11:10	1CH.1.17-1CH.1.27	3
11:10	GEN.10.21-GEN.10.22	2
11:10	GEN.11.27	2
11:10	LUK.3.34-LUK.3.36	2
11:11	GEN.9.7	3
11:11	GEN.1.28	2
11:11	GEN.5.4-GEN.5.32	2
11:11	PSA.127.3-PSA.127.4	2
11:11	PSA.128.3-PSA.128.4	2
11:11	PSA.144.12	2
11:12	LUK.3.36	2
11:16	GEN.10.21	2
11:16	GEN.10.25	2
11:16	NUM.24.24	2
11:16	1CH.1.19	2
11:16	LUK.3.35	2
11:18	LUK.3.35	2
11:20	LUK.3.35	3
11:22	JOS.24.2	2
11:24	LUK.3.34	3
11:24	JOS.24.2	2
11:26	JOS.24.2	5
11:26	GEN.12.4-GEN.12.5	3
11:26	1CH.1.26-1CH.1.27	3
11:26	GEN.22.20-GEN.22.24	2
11:26	GEN.29.4-GEN.29.5	1
11:27	GEN.11.31	4
11:27	GEN.12.4	4
11:27	GEN.14.12	4
11:27	2PE.2.7	3
11:27	GEN.13.1-GEN.13.11	2
11:27	GEN.19.1-GEN.19.29	2
11:28	GEN.15.7	3
11:28	GEN.11.31	2
11:28	NEH.9.7	2
11:28	ACT.7.2-ACT.7.4	2
11:29	GEN.17.15	5
11:29	GEN.22.20	5
11:29	GEN.20.12	3
11:29	GEN.24.15	3
11:30	GEN.15.2-GEN.15.3	2
11:30	GEN.16.1-GEN.16.2	2
11:30	GEN.18.11-GEN.18.12	2
11:30	GEN.21.1-GEN.21.2	2
11:30	GEN.25.21	2
11:30	GEN.29.31	2
11:30	GEN.30.1-GEN.30.2	2
11:30	JDG.13.2	2
11:30	1SA.1.2	2
11:30	PSA.113.9	2
11:30	LUK.1.7	2
11:30	LUK.1.36	2
11:31	NEH.9.7	11
11:31	ACT.7.2-ACT.7.4	8
11:31	GEN.12.4	6
11:31	GEN.15.7	6
11:31	GEN.24.10	6
11:31	JOS.24.2-JOS.24.3	6
11:31	GEN.11.32-GEN.12.1	5
11:31	GEN.10.19	4
11:31	GEN.27.43	4
11:31	GEN.11.26-GEN.11.28	3
11:31	GEN.24.15	3
11:31	HEB.11.8	3
11:31	GEN.29.4-GEN.29.5	2
12:1	HEB.11.8	63
12:1	NEH.9.7	33
12:1	ACT.7.2-ACT.7.6	33
12:1	ISA.51.2	25
12:1	JOS.24.2-JOS.24.3	19
12:1	GEN.11.31-GEN.11.32	15
12:1	LUK.14.26-LUK.14.33	15
12:1	GEN.15.7	14
12:1	EZK.33.24	13
12:1	2CO.6.17	12
12:1	PSA.45.10-PSA.45.11	9
12:1	ISA.41.9	6
12:1	REV.18.4	3
12:2	2SA.7.9	37
12:2	GAL.3.14	34
12:2	GEN.18.18	33
12:2	GEN.17.4-GEN.17.6	29
12:2	GEN.28.3-GEN.28.4	25
12:2	GEN.35.11	24
12:2	GEN.26.4	21
12:2	GEN.46.3	21
12:2	GEN.24.35	19
12:2	GEN.13.16	17
12:2	GEN.15.5	17
12:2	EXO.1.7	16
12:2	GEN.22.17-GEN.22.18	15
12:2	GEN.27.29	14
12:2	GAL.3.7	14
12:2	DEU.26.5	13
12:2	EXO.32.10	12
12:2	GEN.19.29	11
12:2	GEN.28.14	11
12:2	NUM.14.12	9
12:2	ROM.4.11	9
12:2	NUM.24.9-NUM.24.10	8
12:2	1KI.3.8-1KI.3.9	8
12:2	1KI.1.47	7
12:2	MIC.7.20	7
12:2	GEN.14.14-GEN.14.16	6
12:3	GAL.3.8	52
12:3	GEN.22.18	41
12:3	GEN.27.29	38
12:3	ACT.3.25-ACT.3.26	38
12:3	NUM.24.9	34
12:3	GEN.26.4	33
12:3	GEN.28.14	27
12:3	GEN.18.18	23
12:3	GAL.3.16	20
12:3	EXO.23.22	17
12:3	ROM.4.11	17
12:3	GAL.3.28	15
12:3	PSA.72.17	13
12:3	REV.7.9	12
12:3	COL.3.11	10
12:3	GEN.30.27	9
12:3	GEN.39.5	8
12:3	MAT.25.45	8
12:3	EPH.1.3	8
12:3	MAT.25.40	7
12:3	GEN.30.30	6
12:3	1CO.1.30	5
12:4	HEB.11.8	16
12:4	GEN.11.31	5
12:4	GEN.11.27	4
12:5	GEN.14.14	6
12:5	GEN.11.31	4
12:5	ACT.7.4	3
12:5	HEB.11.8-HEB.11.9	3
12:5	GEN.10.19	2
12:5	GEN.14.21	2
12:5	GEN.46.5-GEN.46.26	2
12:6	DEU.11.30	6
12:6	HEB.11.9	6
12:6	GEN.13.7	4
12:6	GEN.35.4	4
12:6	GEN.10.18-GEN.10.19	3
12:6	GEN.15.18-GEN.15.21	3
12:6	JDG.7.1	3
12:6	GEN.10.15	2
12:6	GEN.33.18	2
12:6	GEN.34.2	2
12:6	JOS.20.7	2
12:6	JOS.24.32	2
12:6	JDG.9.1	2
12:6	1KI.12.1	2
12:6	JHN.4.5	2
12:6	ACT.7.16	2
12:7	GEN.17.8	12
12:7	GEN.13.15	10
12:7	GEN.17.1	10
12:7	GEN.18.1	9
12:7	GAL.3.16	9
12:7	GEN.13.4	8
12:7	PSA.105.9-PSA.105.12	8
12:7	GEN.13.18	6
12:7	GEN.26.25	5
12:7	GEN.32.30	5
12:7	EXO.33.1	5
12:7	GEN.12.8	4
12:7	NUM.32.11	4
12:7	GEN.15.18	3
12:7	GEN.17.3	3
12:7	GEN.22.9	3
12:7	ROM.9.8	3
12:7	HEB.11.13	3
12:7	GEN.8.20	2
12:7	GEN.26.3	2
12:7	GEN.28.13	2
12:7	GEN.33.20	2
12:7	EXO.6.3	2
12:7	DEU.1.8	2
12:7	DEU.6.10	2
12:7	DEU.30.20	2
12:7	GAL.4.28	2
12:8	GEN.4.26	5
12:8	NEH.11.31	5
12:8	GEN.21.33	4
12:8	GEN.13.4	3
12:8	GEN.28.19	3
12:8	1CO.1.2	3
12:8	GEN.35.3	2
12:8	GEN.35.15-GEN.35.16	2
12:8	JOS.7.2	2
12:8	JOS.8.3	2
12:8	JOS.8.17	2
12:8	JOS.18.22	2
12:8	PSA.116.4	2
12:8	ISA.10.28	2
12:8	JOL.2.32	2
12:8	ACT.2.21	2
12:8	ROM.10.12-ROM.10.14	2
12:9	GEN.13.3	4
12:9	GEN.13.1	3
12:9	GEN.24.62	3
12:9	PSA.105.13	2
12:9	HEB.11.13-HEB.11.14	2
12:10	GEN.43.1	5
12:10	GEN.26.1-GEN.26.3	3
12:10	GEN.42.5	2
12:10	GEN.46.3-GEN.46.4	2
12:10	GEN.47.13	2
12:10	RUT.1.1	2
12:10	2SA.21.1	2
12:10	1KI.17.1-1KI.17.18	2
12:10	2KI.4.38	2
12:10	2KI.6.25	2
12:10	2KI.7.1-2KI.7.8	2
12:10	2KI.8.1-2KI.8.2	2
12:10	PSA.34.19	2
12:10	PSA.105.13	2
12:10	PSA.107.34	2
12:10	JER.14.1	2
12:10	JHN.16.33	2
12:10	ACT.7.11	2
12:10	ACT.14.22	1
12:11	GEN.26.7	4
12:11	GEN.12.14	3
12:11	GEN.29.17	3
12:11	PRO.21.30	3
12:11	GEN.39.6-GEN.39.7	2
12:11	2SA.11.2	2
12:11	SNG.1.14	2
12:12	GEN.20.11	7
12:12	GEN.26.7	6
12:12	PRO.29.25	4
12:12	MAT.10.28	4
12:12	1JN.1.8-1JN.1.10	4
12:12	1SA.27.1	1
12:13	GEN.26.7	7
12:13	GEN.20.2	6
12:13	GEN.20.12-GEN.20.13	6
12:13	GEN.20.5	4
12:13	ISA.57.11	2
12:13	JER.17.5-JER.17.8	2
12:13	EZK.18.4	2
12:13	GEN.11.29	1
12:13	PSA.146.3-PSA.146.5	1
12:13	JHN.8.44	1
12:13	MAT.26.69-MAT.26.75	0
12:13	ROM.3.6-ROM.3.8	0
12:13	ROM.6.23	0
12:13	GAL.2.12-GAL.2.13	0
12:13	COL.3.6	0
12:14	GEN.3.6	2
12:14	GEN.6.2	2
12:14	GEN.39.7	2
12:14	MAT.5.28	2
12:15	GEN.20.2	3
12:15	GEN.40.2	2
12:15	GEN.41.1	2
12:15	EXO.2.5	2
12:15	EXO.2.15	2
12:15	1KI.3.1	2
12:15	2KI.18.21	2
12:15	EST.2.2-EST.2.16	2
12:15	PSA.105.4	2
12:15	PRO.6.29	2
12:15	PRO.29.12	2
12:15	JER.46.17	2
12:15	HOS.7.4-HOS.7.5	2
12:15	HEB.13.4	2
12:15	JER.25.19	1
12:15	EZK.32.2	1
12:16	GEN.20.14	6
12:16	GEN.13.2	3
12:16	GEN.24.35	2
12:16	GEN.26.14	2
12:16	GEN.32.5	2
12:16	GEN.32.13-GEN.32.15	2
12:16	JOB.1.3	2
12:16	JOB.42.12	2
12:16	PSA.144.13-PSA.144.14	2
12:17	1CH.16.21	7
12:17	GEN.20.18	6
12:17	PSA.105.14-PSA.105.15	3
12:17	1CH.21.22	2
12:17	JOB.34.19	1
12:17	HEB.13.4	1
12:18	GEN.20.9-GEN.20.10	5
12:18	GEN.26.9-GEN.26.11	4
12:18	1SA.14.43	3
12:18	PRO.21.1	3
12:18	GEN.3.13	2
12:18	GEN.4.10	2
12:18	GEN.31.26	2
12:18	GEN.44.15	2
12:18	EXO.32.21	2
12:18	JOS.7.19	2
12:20	PSA.105.14-PSA.105.15	3
12:20	PRO.21.1	3
12:20	EXO.18.27	2
12:20	1SA.29.6-1SA.29.11	2
13:1	GEN.12.9-GEN.12.20	3
13:1	JOS.10.40	3
13:1	2SA.24.7	3
13:1	GEN.20.1	2
13:1	GEN.21.33	2
13:1	JOS.18.5	2
13:1	1SA.27.10	2
13:2	GEN.24.35	8
13:2	PSA.112.1-PSA.112.3	8
13:2	GEN.26.12-GEN.26.13	6
13:2	JOB.22.21-JOB.22.25	6
13:2	PRO.10.22	6
13:2	DEU.8.18	5
13:2	JOB.1.3	5
13:2	JOB.1.10	5
13:2	1SA.2.7	3
13:2	PRO.3.9-PRO.3.10	3
13:2	MAT.6.33	3
13:2	1TI.4.8	3
13:3	GEN.12.6	1
13:3	GEN.12.8-GEN.12.9	1
13:4	JER.29.12	6
13:4	GEN.12.7-GEN.12.8	5
13:4	ISA.58.9	5
13:4	EPH.6.18-EPH.6.19	5
13:4	PSA.65.1-PSA.65.2	4
13:4	PSA.116.2	4
13:4	ZEP.3.9	4
13:4	PSA.42.1-PSA.42.2	3
13:4	PSA.84.10	3
13:4	PSA.107.1	3
13:4	PSA.107.15	3
13:4	PSA.116.17	3
13:4	PSA.145.18	3
13:4	1CO.1.2	3
13:4	GEN.4.26	2
13:4	GEN.13.18	2
13:4	GEN.35.1-GEN.35.3	2
13:4	PSA.26.8	2
13:4	PSA.84.1-PSA.84.2	2
13:4	PSA.107.8	2
13:5	GEN.4.20	2
13:5	GEN.25.27	2
13:5	JER.49.29	2
13:6	GEN.36.6-GEN.36.7	6
13:6	ECC.5.10-ECC.5.11	5
13:6	LUK.12.17-LUK.12.18	5
13:6	1TI.6.9	5
13:7	GEN.26.20	7
13:7	GEN.12.6	5
13:7	JAS.3.16	4
13:7	GEN.34.30	3
13:7	GAL.5.20	3
13:7	JAS.4.1	3
13:7	1PE.2.12	3
13:7	GEN.21.25	2
13:7	EXO.2.17	2
13:7	NEH.5.9	2
13:7	1CO.3.3	2
13:7	PHP.2.14-PHP.2.15	2
13:7	COL.4.5	2
13:7	1TH.4.12	2
13:7	TIT.3.3	2
13:7	GEN.10.19	1
13:7	GEN.15.18-GEN.15.21	1
13:8	1CO.6.6-1CO.6.7	7
13:8	ACT.7.26	6
13:8	PSA.133.1	5
13:8	GEN.11.27-GEN.11.31	4
13:8	GEN.45.24	4
13:8	PRO.15.1	4
13:8	PRO.20.3	4
13:8	ROM.12.10	4
13:8	EPH.4.2-EPH.4.3	4
13:8	1PE.3.8	4
13:8	1PE.4.8	4
13:8	2PE.1.7	4
13:8	1JN.2.9-1JN.2.11	4
13:8	1JN.3.14-1JN.3.19	4
13:8	1JN.4.20-1JN.4.21	4
13:8	EXO.2.13	3
13:8	PRO.15.18	3
13:8	MAT.5.9	3
13:8	PHP.2.14	3
13:8	1TH.4.9	3
13:8	HEB.12.14	3
13:8	HEB.13.1	3
13:8	JAS.3.17-JAS.3.18	3
13:8	1PE.1.22	3
13:8	1PE.2.17	3
13:8	1JN.4.7	3
13:9	GEN.20.15	4
13:9	GEN.34.10	4
13:9	HEB.12.14	4
13:9	1PE.3.8-1PE.3.12	4
13:9	PSA.120.7	2
13:9	ROM.12.18	2
13:9	1CO.6.7	2
13:9	JAS.3.13-JAS.3.18	1
13:10	DEU.34.3	9
13:10	ISA.51.3	7
13:10	GEN.2.8-GEN.2.10	5
13:10	GEN.14.8	5
13:10	GEN.14.2	4
13:10	EZK.28.13	4
13:10	JOL.2.3	4
13:10	NUM.32.1-NUM.32.42	3
13:10	1KI.7.46	3
13:10	EZK.31.8	3
13:10	1JN.2.15-1JN.2.16	3
13:10	GEN.3.6	2
13:10	GEN.6.2	2
13:10	GEN.19.17-GEN.19.30	2
13:10	PSA.107.34	2
13:10	ISA.15.5	2
13:10	JER.48.34	2
13:11	GEN.13.9	5
13:11	PSA.119.63	3
13:11	PRO.27.10	3
13:11	HEB.10.25	3
13:11	1PE.2.17	3
13:11	GEN.13.14	2
13:11	PSA.16.3	2
13:11	GEN.19.17	1
13:12	GEN.19.29	6
13:12	GEN.14.12	5
13:12	GEN.19.1	5
13:12	GEN.19.25	2
13:12	PSA.26.5	2
13:12	1CO.15.33	2
13:12	2PE.2.7-2PE.2.8	2
13:13	2PE.2.10	5
13:13	2PE.2.6-2PE.2.8	4
13:13	JUD.1.7	4
13:13	ISA.3.8-ISA.3.9	3
13:13	JER.23.24	3
13:13	ROM.1.27	3
13:13	GEN.18.20	2
13:13	EZK.16.46-EZK.16.50	2
13:13	MAT.9.13	2
13:13	HEB.4.13	2
13:13	GEN.6.11	1
13:13	GEN.10.9	1
13:13	GEN.15.16	1
13:13	GEN.19.4-GEN.19.11	1
13:13	GEN.38.7	1
13:13	1SA.15.18	1
13:13	2KI.21.6	1
13:13	ISA.1.9	1
13:13	MAT.9.10	1
13:13	MAT.11.23-MAT.11.24	1
13:13	JHN.9.31	1
13:13	JHN.9.24	0
13:14	GEN.28.14	6
13:14	DEU.3.27	6
13:14	ISA.49.18	5
13:14	ISA.60.4	5
13:14	GEN.13.10	4
13:15	2CH.20.7	13
13:15	GEN.12.7	8
13:15	GEN.15.18	8
13:15	GEN.35.12	7
13:15	PSA.37.22	7
13:15	ACT.7.5	7
13:15	NEH.9.7-NEH.9.8	6
13:15	PSA.37.29	6
13:15	PSA.105.9-PSA.105.12	6
13:15	GEN.17.7-GEN.17.8	5
13:15	GEN.24.7	5
13:15	GEN.26.3-GEN.26.4	5
13:15	GEN.28.4	5
13:15	GEN.28.13	5
13:15	GEN.48.4	5
13:15	EXO.33.1	5
13:15	NUM.34.2	5
13:15	NUM.34.12-NUM.34.29	5
13:15	DEU.26.2-DEU.26.4	5
13:15	DEU.34.4	5
13:15	MAT.5.5	5
13:15	PSA.112.1-PSA.112.2	4
13:15	ISA.63.18	4
13:15	GEN.18.18	2
13:16	GEN.28.14	6
13:16	NUM.23.10	6
13:16	GEN.22.17	5
13:16	GEN.32.12	5
13:16	EXO.32.13	5
13:16	1KI.3.8	4
13:16	ROM.4.16-ROM.4.18	4
13:16	GEN.15.5	3
13:16	GEN.12.2-GEN.12.3	2
13:16	GEN.17.6	2
13:16	GEN.17.16	2
13:16	GEN.17.20	2
13:16	GEN.18.18	2
13:16	GEN.21.13	2
13:16	GEN.25.1-GEN.25.34	2
13:16	GEN.26.4	2
13:16	GEN.28.3	2
13:16	GEN.35.11	2
13:16	GEN.36.1-GEN.36.43	2
13:16	GEN.46.3	2
13:16	EXO.1.7	2
13:16	DEU.1.10	2
13:16	JDG.6.3	2
13:16	JDG.6.5	2
13:16	1KI.4.20	2
13:16	1CH.21.5	2
13:16	1CH.27.23	2
13:16	2CH.17.14-2CH.17.18	2
13:16	ISA.48.18-ISA.48.19	2
13:16	JER.33.22	2
13:16	REV.7.9	2
13:16	HEB.11.12	1
13:17	GEN.13.15	5
13:17	NUM.13.17-NUM.13.24	3
13:18	GEN.8.20	7
13:18	GEN.14.13	7
13:18	GEN.18.1	7
13:18	GEN.35.27	7
13:18	GEN.12.7-GEN.12.8	5
13:18	PSA.16.8	4
13:18	GEN.13.4	3
13:18	GEN.37.14	3
13:18	NUM.13.22	3
13:18	1TI.2.8	3
13:18	JOS.14.13	2
13:18	GEN.23.2	1
14:1	GEN.10.10	7
14:1	GEN.10.22	4
14:1	GEN.11.2	4
14:1	ISA.37.12	4
14:1	ISA.11.11	3
14:1	ISA.21.2	2
14:1	ISA.22.6	2
14:1	JER.25.25	2
14:1	JER.49.34-JER.49.39	2
14:1	EZK.32.24	2
14:1	DAN.1.2	2
14:1	ZEC.5.11	2
14:2	GEN.13.10	7
14:2	DEU.29.23	6
14:2	GEN.10.19	5
14:2	ISA.1.9-ISA.1.10	3
14:2	HOS.11.8	3
14:2	GEN.19.20-GEN.19.30	2
14:2	DEU.34.3	2
14:2	1SA.13.18	2
14:2	NEH.11.34	2
14:2	ISA.15.5	2
14:2	JER.48.34	1
14:3	NUM.34.12	5
14:3	DEU.3.17	5
14:3	JOS.3.16	5
14:3	GEN.19.24	3
14:3	PSA.107.34	2
14:4	GEN.9.25-GEN.9.26	3
14:4	EZK.17.15	3
14:5	GEN.15.20	4
14:5	DEU.1.4	4
14:5	DEU.2.10-DEU.2.11	4
14:5	DEU.3.11	4
14:5	DEU.3.22	3
14:5	DEU.2.20-DEU.2.23	2
14:5	DEU.3.20	2
14:5	JOS.12.4	2
14:5	JOS.13.12	2
14:5	JOS.13.19	2
14:5	JOS.13.31	2
14:5	2SA.5.18	2
14:5	2SA.5.22	2
14:5	2SA.23.13	2
14:5	1CH.4.40	2
14:5	1CH.11.15	2
14:5	1CH.14.9	2
14:5	PSA.78.51	2
14:5	PSA.105.23	2
14:5	PSA.105.27	2
14:5	PSA.106.22	2
14:5	ISA.17.5	2
14:5	JER.48.1	2
14:5	JER.48.23	2
14:6	DEU.2.22	6
14:6	GEN.21.21	5
14:6	DEU.2.12	5
14:6	NUM.12.16	3
14:6	NUM.13.3	3
14:6	GEN.16.7	2
14:6	GEN.36.8	2
14:6	GEN.36.20-GEN.36.30	2
14:6	NUM.10.12	2
14:6	1CH.1.38-1CH.1.42	2
14:6	HAB.3.3	2
14:7	2CH.20.2	6
14:7	GEN.16.14	3
14:7	GEN.20.1	3
14:7	GEN.36.12	2
14:7	GEN.36.16	2
14:7	EXO.17.8-EXO.17.16	2
14:7	NUM.13.26	2
14:7	NUM.14.43	2
14:7	NUM.14.45	2
14:7	NUM.20.1	2
14:7	NUM.24.20	2
14:7	DEU.1.19	2
14:7	DEU.1.46	2
14:7	JOS.15.62	2
14:7	1SA.15.1-1SA.15.35	2
14:7	1SA.27.1-1SA.27.12	2
14:7	1SA.30.1-1SA.30.31	2
14:8	GEN.13.10	3
14:8	GEN.19.20	3
14:8	GEN.19.22	3
14:8	GEN.14.2-GEN.14.3	2
14:8	GEN.14.10	2
14:10	GEN.19.17	4
14:10	GEN.11.3	3
14:10	GEN.19.30	3
14:10	ISA.24.18	3
14:10	JER.48.44	3
14:10	JOS.8.24	1
14:10	PSA.83.10	1
14:11	GEN.14.16	3
14:11	GEN.14.21	3
14:11	GEN.12.5	2
14:11	DEU.28.31	2
14:11	DEU.28.35	2
14:11	DEU.28.51	2
14:12	GEN.12.5	4
14:12	GEN.11.27	3
14:12	REV.3.19	3
14:12	GEN.13.12-GEN.13.13	2
14:12	NUM.16.26	2
14:12	JOB.9.23	2
14:12	JER.2.17-JER.2.19	2
14:12	1TI.6.9-1TI.6.11	2
14:12	REV.18.4	2
14:13	GEN.13.18	9
14:13	GEN.14.24	4
14:13	GEN.40.15	3
14:13	GEN.10.16	2
14:13	GEN.41.12	2
14:13	GEN.43.32	2
14:13	EXO.2.6	2
14:13	EXO.2.11	2
14:13	NUM.21.21	2
14:13	1SA.4.12	2
14:13	JOB.1.15	2
14:13	JON.1.9	2
14:13	2CO.11.22	2
14:13	PHP.2.5	2
14:13	GEN.39.14	1
14:14	JDG.18.29	6
14:14	GEN.15.3	5
14:14	GEN.17.12	4
14:14	GEN.17.27	4
14:14	DEU.34.1	4
14:14	PRO.24.11-PRO.24.12	4
14:14	ECC.2.7	4
14:14	GEN.12.5	3
14:14	GEN.11.27-GEN.11.31	2
14:14	GEN.12.16	2
14:14	GEN.13.8	2
14:14	GEN.18.19	2
14:14	GEN.23.6	2
14:14	JDG.20.1	2
14:14	PSA.45.3-PSA.45.5	2
14:14	PSA.68.12	2
14:14	ISA.41.2-ISA.41.3	2
14:14	1JN.2.18	2
14:14	GAL.6.1-GAL.6.2	1
14:14	PRO.17.17	0
14:15	ACT.9.2	3
14:15	DEU.15.2	2
14:15	1KI.15.18	2
14:15	PSA.112.5	2
14:15	ISA.41.2-ISA.41.3	2
14:16	1SA.30.8	4
14:16	1SA.30.18-1SA.30.19	4
14:16	GEN.12.2	2
14:16	GEN.14.11-GEN.14.12	2
14:16	ISA.41.2	2
14:17	2SA.18.18	3
14:17	PRO.19.4	2
14:17	HEB.7.1	2
14:17	JDG.11.34	1
14:17	1SA.18.6	1
14:17	PRO.14.20	1
14:18	PSA.110.4	19
14:18	HEB.6.20-HEB.7.3	18
14:18	HEB.5.6	13
14:18	HEB.5.10	11
14:18	PSA.76.2	8
14:18	PSA.57.2	5
14:18	ACT.16.17	5
14:18	HEB.7.10-HEB.7.22	4
14:18	RUT.3.10	3
14:18	PSA.7.17	3
14:18	PSA.50.14	3
14:18	MAT.26.26-MAT.26.29	3
14:18	ACT.7.48	3
14:18	GAL.6.10	2
14:18	2SA.2.5	1
14:18	MIC.6.6	1
14:19	GEN.14.22	10
14:19	HEB.7.6-HEB.7.7	10
14:19	RUT.3.10	7
14:19	NUM.6.23-NUM.6.27	6
14:19	PSA.24.1	6
14:19	MAT.11.25	5
14:19	ACT.16.17	5
14:19	EPH.1.3	5
14:19	GEN.27.25-GEN.27.29	4
14:19	GEN.47.10	4
14:19	GEN.48.9-GEN.48.16	4
14:19	GEN.49.28	4
14:19	2SA.2.5	4
14:19	PSA.115.16	4
14:19	MIC.6.6	4
14:19	LUK.10.21	4
14:19	EPH.1.6	4
14:19	GEN.27.4	3
14:19	GEN.47.7	3
14:19	PSA.50.10	2
14:19	MRK.10.16	2
14:20	GEN.28.22	8
14:20	NEH.13.12	6
14:20	HEB.7.4-HEB.7.9	6
14:20	DEU.14.28	5
14:20	MAL.3.10	5
14:20	GEN.24.27	4
14:20	NUM.28.26	4
14:20	DEU.12.17	4
14:20	DEU.14.23	4
14:20	LEV.27.30-LEV.27.32	3
14:20	JOS.10.42	3
14:20	2CH.31.5-2CH.31.6	3
14:20	2CH.31.12	3
14:20	NEH.10.37	3
14:20	PSA.44.3	3
14:20	PSA.68.19	3
14:20	PSA.72.17-PSA.72.19	3
14:20	PSA.144.1	3
14:20	AMO.4.4	3
14:20	MAL.3.8	3
14:20	LUK.18.12	3
14:20	ROM.15.16	3
14:20	EPH.1.3	3
14:20	GEN.9.26	2
14:20	1PE.1.3-1PE.1.4	2
14:22	DAN.12.7	4
14:22	EXO.6.8	3
14:22	DEU.32.40	3
14:22	JDG.11.35	3
14:22	PSA.24.1	3
14:22	PSA.83.18	3
14:22	DAN.4.34	3
14:22	REV.10.5-REV.10.6	3
14:22	GEN.14.19-GEN.14.20	2
14:22	GEN.17.1	2
14:22	GEN.21.23-GEN.21.31	2
14:22	GEN.21.33	2
14:22	ISA.57.15	2
14:22	HAG.2.8	2
14:23	2KI.5.16	6
14:23	2CO.11.9-2CO.11.12	4
14:23	EST.9.15-EST.9.16	3
14:23	HEB.13.5	3
14:23	1KI.13.8	2
14:23	2KI.5.20	2
14:23	2CO.12.14	2
14:24	GEN.14.13	3
14:24	PRO.3.27	3
14:24	MAT.7.12	3
14:24	ROM.13.7-ROM.13.8	2
14:24	1CO.9.14-1CO.9.15	2
14:24	1TI.5.18	2
15:1	ISA.41.10	55
15:1	PSA.119.114	47
15:1	PSA.84.11	42
15:1	HEB.13.5-HEB.13.6	36
15:1	GEN.26.24	35
15:1	ISA.41.14	32
15:1	DEU.33.26-DEU.33.29	30
15:1	LAM.3.24	30
15:1	LUK.12.32	27
15:1	PSA.5.12	26
15:1	PSA.18.2	26
15:1	RUT.2.12	25
15:1	LUK.1.13	24
15:1	GEN.15.14-GEN.15.16	22
15:1	PSA.3.3	22
15:1	ISA.43.5	22
15:1	PSA.142.5	21
15:1	GEN.21.17	20
15:1	PSA.58.11	19
15:1	DAN.10.1-DAN.10.16	19
15:1	LUK.1.30	19
15:1	GEN.46.2-GEN.46.3	17
15:1	PSA.27.1	17
15:1	PSA.91.4	17
15:1	PRO.11.18	17
15:1	ISA.51.12	17
15:1	MAT.8.26	17
15:1	DEU.31.6	16
15:1	EXO.14.13	15
15:1	PSA.16.5-PSA.16.6	15
15:1	ISA.35.4	15
15:1	ISA.43.1	15
15:1	ISA.44.2	15
15:1	EZK.3.4	14
15:1	REV.21.3-REV.21.4	14
15:1	REV.1.17	13
15:1	PSA.84.9	12
15:1	PRO.30.5	12
15:1	ACT.10.22	12
15:1	1CO.3.22	12
15:1	HEB.1.1	12
15:1	1SA.9.9	11
15:1	EZK.11.24	11
15:1	1CH.28.20	10
15:1	MAT.10.28-MAT.10.31	9
15:1	EZK.1.1	8
15:1	MAT.28.5	8
15:1	ACT.10.10-ACT.10.17	8
15:1	ISA.44.8	7
15:1	NUM.12.6	6
15:2	GEN.25.21	3
15:2	GEN.12.1-GEN.12.3	2
15:2	1SA.1.11	2
15:2	ACT.7.5	2
15:2	GEN.24.2	1
15:2	GEN.24.10	1
15:2	GEN.43.19	1
15:2	GEN.44.1	1
15:2	PSA.127.3	1
15:2	PRO.17.2	1
15:2	ISA.56.5	1
15:2	GEN.30.1-GEN.30.2	0
15:2	GEN.39.4-GEN.39.6	0
15:3	GEN.14.14	6
15:3	PRO.29.21	4
15:3	ECC.2.7	3
15:3	JER.12.1	0
15:3	HEB.10.35-HEB.10.36	0
15:4	GEN.17.16	6
15:4	2SA.7.12	5
15:4	GAL.4.28	5
15:4	GEN.21.12	4
15:4	2CH.32.21	3
15:4	PHM.1.12	2
15:4	2SA.16.11	1
15:5	HEB.11.12	16
15:5	ROM.4.18	13
15:5	DEU.1.10	12
15:5	EXO.32.13	11
15:5	GEN.22.17	10
15:5	DEU.10.22	9
15:5	JER.33.22	9
15:5	1CH.27.23	8
15:5	PSA.147.4	7
15:5	ROM.9.7-ROM.9.8	7
15:5	GEN.12.2	6
15:5	GEN.16.10	5
15:5	GEN.26.4	5
15:5	GEN.28.14	5
15:5	GEN.13.16	4
15:6	JAS.2.23	88
15:6	GAL.3.6-GAL.3.14	61
15:6	ROM.4.9	59
15:6	ROM.4.20-ROM.4.25	53
15:6	ROM.4.3-ROM.4.6	51
15:6	PSA.106.31	33
15:6	HEB.11.8	33
15:6	ROM.4.11	29
15:7	GEN.12.1	6
15:7	ACT.7.2-ACT.7.4	5
15:7	GEN.13.15-GEN.13.17	3
15:7	NEH.9.7-NEH.9.8	3
15:7	PSA.105.42	3
15:7	PSA.105.44	3
15:7	ROM.4.13	3
15:7	GEN.12.7	2
15:7	PSA.105.11	2
15:7	GEN.11.28-GEN.11.31	1
15:8	LUK.1.18	9
15:8	LUK.1.34	6
15:8	2KI.20.8	5
15:8	ISA.7.11	5
15:8	JDG.6.17-JDG.6.24	4
15:8	JDG.6.36-JDG.6.40	4
15:8	PSA.86.17	4
15:8	GEN.24.2-GEN.24.4	3
15:8	GEN.24.13-GEN.24.14	3
15:8	1SA.14.9-1SA.14.10	3
15:9	LEV.14.22	4
15:9	LEV.14.30	4
15:9	LUK.2.24	4
15:9	LEV.1.14	3
15:9	LEV.3.1	3
15:9	LEV.3.6	3
15:9	LEV.9.2	3
15:9	GEN.22.13	2
15:9	LEV.1.3	2
15:9	LEV.1.10	2
15:9	LEV.9.4	2
15:9	LEV.12.8	2
15:9	PSA.50.5	2
15:9	ISA.15.5	2
15:10	JER.34.18-JER.34.19	7
15:10	LEV.1.17	6
15:10	GEN.15.17	3
15:11	MAT.13.4	3
15:11	PSA.119.13	2
15:11	EZK.17.3	1
15:11	EZK.17.7	1
15:12	GEN.2.21	7
15:12	JOB.33.15	5
15:12	DAN.10.8-DAN.10.9	4
15:12	1SA.26.12	3
15:12	JOB.4.13-JOB.4.14	3
15:12	PSA.4.3-PSA.4.5	3
15:12	ACT.9.8-ACT.9.9	3
15:12	ACT.20.9	0
15:13	ACT.7.6-ACT.7.7	16
15:13	EXO.1.11	8
15:13	EXO.12.40-EXO.12.41	7
15:13	ACT.7.17	5
15:13	EXO.1.1-EXO.1.2	4
15:13	GAL.3.17	4
15:13	LEV.19.34	3
15:13	GEN.17.8	1
15:13	EXO.23.9	1
15:13	PSA.105.11-PSA.105.12	1
15:13	EXO.5.1-EXO.5.23	0
15:13	EXO.22.21	0
15:13	DEU.10.19	0
15:13	PSA.105.23-PSA.105.25	0
15:13	HEB.11.8-HEB.11.13	0
15:14	NEH.9.9-NEH.9.11	9
15:14	EXO.6.5-EXO.6.6	8
15:14	EXO.12.32-EXO.12.38	7
15:14	JOS.24.4-JOS.24.7	5
15:14	EXO.7.1-EXO.7.14	4
15:14	DEU.4.20	4
15:14	1SA.12.8	4
15:14	PSA.135.14	4
15:14	DEU.6.22	3
15:14	DEU.7.18-DEU.7.19	3
15:14	JOS.24.17	3
15:14	GEN.46.1-GEN.46.34	2
15:14	EXO.3.21-EXO.3.22	2
15:14	DEU.11.2-DEU.11.4	2
15:14	PSA.105.27-PSA.105.37	2
15:14	PSA.51.4	1
15:14	PSA.78.43-PSA.78.51	1
15:14	PSA.135.9	1
15:15	JOB.5.26	12
15:15	GEN.25.7-GEN.25.9	9
15:15	2CH.34.28	8
15:15	NUM.27.13	7
15:15	DAN.12.13	6
15:15	JDG.2.10	5
15:15	1CH.29.28	5
15:15	JOB.42.17	5
15:15	ECC.12.7	5
15:15	ACT.13.36	5
15:15	GEN.35.29	4
15:15	GEN.49.29	4
15:15	GEN.23.19	3
15:15	GEN.49.31	3
15:15	GEN.50.13	3
15:15	NUM.20.24	3
15:15	1CH.23.1	3
15:15	PSA.37.37	3
15:15	ECC.6.3	3
15:15	GEN.23.4	2
15:15	MAT.22.32	2
15:15	ISA.57.1-ISA.57.2	1
15:15	HEB.11.13-HEB.11.16	1
15:15	JER.8.1-JER.8.2	0
15:15	HEB.6.13-HEB.6.19	0
15:16	1KI.21.26	12
15:16	DAN.8.23	10
15:16	EXO.12.40	8
15:16	MAT.23.32-MAT.23.35	8
15:16	1TH.2.16	7
15:16	2PE.3.8-2PE.3.9	4
15:16	ZEC.5.5-ZEC.5.11	2
15:17	JER.34.18-JER.34.19	12
15:17	JDG.6.21	6
15:17	JER.11.4	4
15:17	EXO.3.2-EXO.3.3	3
15:17	1CH.21.26	3
15:17	DEU.4.20	2
15:17	JDG.13.20	2
15:17	2SA.22.9	2
15:17	ISA.62.1	2
15:18	JOS.1.3-JOS.1.4	18
15:18	GEN.12.7	15
15:18	GEN.24.7	12
15:18	GEN.13.15	11
15:18	DEU.11.24	10
15:18	EXO.23.27-EXO.23.31	8
15:18	NUM.34.2-NUM.34.3	8
15:18	NUM.34.5	8
15:18	NEH.9.8	8
15:18	ISA.27.12	8
15:18	DEU.34.4	7
15:18	HEB.13.20	7
15:18	GEN.26.4	6
15:18	EXO.23.23	6
15:18	2CH.9.26	6
15:18	JER.32.40	6
15:18	DEU.1.7-DEU.1.8	5
15:18	1KI.4.21	5
15:18	JER.31.31-JER.31.34	5
15:18	GEN.28.4	4
15:18	GEN.28.13-GEN.28.14	4
15:18	GEN.35.12	4
15:18	GEN.50.24	4
15:18	DEU.7.1	4
15:18	JOS.12.1-JOS.12.20	4
15:18	JOS.15.4	4
15:18	JOS.19.1-JOS.19.38	4
15:18	PSA.105.11	4
15:18	EXO.3.8	3
15:18	EXO.6.4	3
15:18	EXO.34.11	3
15:18	GEN.2.14	2
15:18	GEN.17.1-GEN.17.27	2
15:18	2SA.23.5	2
15:18	1CH.5.9	2
15:18	GAL.3.15-GAL.3.17	2
15:18	GEN.9.8-GEN.9.17	1
15:18	2SA.8.3	1
15:18	ISA.55.3	1
15:18	JER.33.20-JER.33.26	1
15:19	NUM.24.21-NUM.24.22	2
15:20	GEN.14.5	2
15:20	ISA.17.5	2
15:21	GEN.10.15-GEN.10.19	2
15:21	EXO.23.23-EXO.23.28	2
15:21	EXO.33.2	2
15:21	EXO.34.11	2
15:21	DEU.7.1	2
15:21	MAT.8.28	2
16:1	GAL.4.24	9
16:1	GEN.12.16	6
16:1	GEN.15.2-GEN.15.3	5
16:1	GEN.21.9-GEN.21.10	5
16:1	GEN.11.30	4
16:1	GEN.21.12	4
16:1	GEN.21.21	4
16:1	GEN.25.21	4
16:1	JDG.13.2	4
16:1	LUK.1.7	4
16:1	LUK.1.36	4
16:2	GEN.3.17	3
16:2	GEN.18.10	3
16:2	EXO.21.4	3
16:2	GEN.3.1-GEN.3.6	2
16:2	GEN.3.12	2
16:2	GEN.17.16	2
16:2	GEN.20.18	2
16:2	GEN.25.21	2
16:2	GEN.30.2-GEN.30.4	2
16:2	GEN.30.9-GEN.30.10	2
16:2	GEN.30.22	2
16:2	PSA.127.3	2
16:2	GEN.30.6	1
16:2	RUT.4.11	1
16:3	GEN.12.4-GEN.12.5	4
16:3	GEN.16.5	4
16:3	2SA.5.13	3
16:3	GEN.25.6	2
16:3	GEN.28.9	2
16:3	GEN.30.4	2
16:3	GEN.30.9	2
16:3	GEN.32.22	2
16:3	GEN.35.22	2
16:3	JDG.19.1-JDG.19.4	2
16:3	1KI.11.3	2
16:3	GAL.4.25	2
16:4	2SA.6.16	3
16:4	PRO.30.23	3
16:4	1SA.1.6-1SA.1.8	2
16:4	PRO.30.20-PRO.30.21	2
16:4	1CO.4.6	2
16:4	1CO.13.4-1CO.13.5	2
16:5	GEN.31.53	5
16:5	EXO.5.21	4
16:5	1SA.24.12-1SA.24.15	3
16:5	2CH.24.22	3
16:5	PSA.7.8	3
16:5	PSA.35.23	3
16:5	LUK.10.40-LUK.10.41	3
16:5	PSA.43.1	2
16:6	JER.38.5	3
16:6	GEN.13.8-GEN.13.9	2
16:6	GEN.24.10	2
16:6	EXO.2.15	2
16:6	JOB.2.6	2
16:6	PSA.106.41-PSA.106.42	2
16:6	PRO.14.29	2
16:6	PRO.15.1	2
16:6	PRO.15.17-PRO.15.18	2
16:6	PRO.27.8	2
16:6	PRO.29.19	2
16:6	ECC.10.4	2
16:6	1PE.3.7	2
16:7	GEN.21.17	5
16:7	GEN.25.18	5
16:7	EXO.15.22	5
16:7	PRO.15.3	4
16:7	GEN.20.1	3
16:7	GEN.22.11	3
16:7	GEN.22.15	3
16:7	GEN.31.11	3
16:7	1SA.15.7	3
16:8	GEN.3.9	7
16:8	GEN.4.10	5
16:8	ECC.10.4	4
16:8	JER.2.17-JER.2.18	4
16:8	1SA.26.19	2
16:8	EPH.6.5-EPH.6.8	2
16:8	1TI.6.1-1TI.6.2	2
16:8	GEN.16.1	1
16:8	GEN.16.4	1
16:9	1PE.5.5-1PE.5.6	3
16:9	ECC.10.4	2
16:9	EPH.5.21	2
16:9	EPH.6.5-EPH.6.6	2
16:9	TIT.2.9	2
16:9	1PE.2.18-1PE.2.25	2
16:10	GEN.17.20	8
16:10	PSA.83.6-PSA.83.7	4
16:10	GEN.21.13	3
16:10	GEN.21.18	3
16:10	GEN.22.15-GEN.22.18	3
16:10	GEN.25.12-GEN.25.18	3
16:10	GEN.21.16	2
16:10	GEN.31.11-GEN.31.13	2
16:10	GEN.32.24-GEN.32.30	2
16:10	GEN.48.15-GEN.48.16	2
16:10	EXO.3.2-EXO.3.6	2
16:10	JDG.2.1-JDG.2.3	2
16:10	JDG.6.11	2
16:10	JDG.6.16	2
16:10	JDG.6.21-JDG.6.24	2
16:10	JDG.13.16-JDG.13.22	2
16:10	HOS.12.3-HOS.12.5	2
16:10	ZEC.2.8-ZEC.2.9	2
16:10	MAL.3.1	2
16:10	JHN.1.18	2
16:10	ACT.7.30-ACT.7.38	2
16:10	ISA.63.9	1
16:10	1TI.6.16	1
16:11	EXO.2.23-EXO.2.24	14
16:11	EXO.3.7	12
16:11	ISA.7.14	10
16:11	GEN.17.19	9
16:11	GEN.41.51-GEN.41.52	9
16:11	1SA.1.20	9
16:11	EXO.3.9	8
16:11	JOB.38.41	8
16:11	MAT.1.21-MAT.1.23	8
16:11	LUK.1.13	8
16:11	LUK.1.31	8
16:11	LUK.1.63	8
16:11	GEN.29.32-GEN.29.35	7
16:11	PSA.22.24	7
16:12	GEN.21.20	8
16:12	GEN.25.18	8
16:12	JOB.39.5-JOB.39.8	5
16:12	GEN.27.40	3
16:12	JOB.11.12	3
16:13	PSA.139.1-PSA.139.12	25
16:13	GEN.32.30	21
16:13	PRO.15.3	16
16:13	PRO.5.21	15
16:13	GEN.16.7	12
16:13	GEN.31.42	11
16:13	GEN.22.14	9
16:13	EXO.34.5-EXO.34.7	7
16:13	GEN.28.17	6
16:13	GEN.16.9-GEN.16.10	4
16:13	EXO.33.18-EXO.33.23	4
16:13	JDG.6.24	3
16:14	GEN.24.62	4
16:14	GEN.25.11	4
16:14	GEN.21.31	3
16:14	NUM.13.26	3
16:14	GEN.14.7	2
16:15	GEN.25.12	4
16:15	GEN.16.11	2
16:15	GEN.17.18	2
16:15	GEN.17.20	2
16:15	GEN.17.25-GEN.17.26	2
16:15	GEN.21.9-GEN.21.21	2
16:15	GEN.25.9	2
16:15	GEN.28.9	2
16:15	GEN.37.27	2
16:15	1CH.1.28	2
16:15	GAL.4.22-GAL.4.23	2
17:1	PHP.4.13	46
17:1	EPH.3.20	44
17:1	LUK.1.6	28
17:1	GEN.18.14	25
17:1	GEN.6.9	24
17:1	PSA.116.9	23
17:1	MAT.5.48	23
17:1	JOB.1.1	21
17:1	ISA.38.3	21
17:1	DEU.18.13	18
17:1	MAT.19.26	16
17:1	GEN.28.3	14
17:1	2KI.20.3	14
17:1	1KI.3.6	13
17:1	JER.32.17	13
17:1	MIC.6.8	13
17:1	GEN.35.11	11
17:1	HEB.7.25	11
17:1	GEN.5.24	8
17:1	GEN.48.15	8
17:1	HEB.12.28	8
17:1	ACT.24.16	7
17:1	GEN.12.7	6
17:1	GEN.18.1	6
17:1	EXO.6.3	6
17:1	NUM.11.23	6
17:1	DEU.10.17	6
17:1	ACT.23.1	6
17:1	GEN.12.1	5
17:1	GEN.16.16	5
17:1	1KI.2.4	5
17:1	JOB.11.7	5
17:1	DAN.4.35	5
17:1	GEN.5.22	4
17:1	PSA.115.3	4
17:1	1KI.8.25	3
17:2	GEN.17.4-GEN.17.6	23
17:2	GEN.12.2	11
17:2	GEN.13.16	7
17:2	GEN.15.18	7
17:2	PSA.105.8-PSA.105.11	7
17:2	GEN.22.17	5
17:2	GAL.3.17-GAL.3.18	4
17:2	GEN.9.9	3
17:3	GEN.17.17	4
17:3	JDG.13.20	4
17:3	NUM.16.45	3
17:3	JOS.5.14	3
17:3	1KI.18.39	3
17:3	MAT.17.6	3
17:3	REV.1.17	3
17:3	EXO.3.6	2
17:3	LEV.9.23-LEV.9.24	2
17:3	NUM.14.5	2
17:3	NUM.16.22	2
17:3	EZK.1.28	2
17:3	EZK.3.23	2
17:3	DAN.8.17-DAN.8.18	2
17:3	DAN.10.9	2
17:3	EZK.9.8	1
17:4	GEN.35.11	6
17:4	ROM.4.11-ROM.4.18	5
17:4	GEN.12.2	4
17:4	GAL.3.28-GAL.3.29	4
17:4	GEN.13.16	2
17:4	GEN.16.10	2
17:4	GEN.22.17	2
17:4	GEN.25.1-GEN.25.18	2
17:4	GEN.32.12	2
17:4	GEN.36.1-GEN.36.43	2
17:4	GEN.48.19	2
17:4	NUM.1.1-NUM.1.54	1
17:4	NUM.26.1-NUM.26.65	1
17:5	MAT.1.21-MAT.1.23	23
17:5	NEH.9.7	8
17:5	ROM.4.17	6
17:5	GEN.17.15	5
17:5	GEN.32.28	4
17:5	ISA.62.2-ISA.62.4	3
17:5	JER.20.3	3
17:5	REV.2.17	3
17:5	2SA.12.25	2
17:5	ISA.65.15	2
17:5	JER.23.6	2
17:5	JHN.1.42	2
17:5	NUM.13.16	1
17:6	GEN.17.4	26
17:6	GEN.35.11	8
17:6	MAT.1.6-MAT.1.17	8
17:6	GEN.17.16	6
17:6	GEN.17.20	3
17:6	EZR.4.20	3
17:6	GEN.36.31-GEN.36.43	2
17:7	ROM.9.7-ROM.9.9	16
17:7	GEN.26.24	14
17:7	ACT.2.39	14
17:7	GEN.15.18	12
17:7	GEN.28.13	9
17:7	LEV.26.12	9
17:7	HEB.8.10	9
17:7	GAL.3.16-GAL.3.17	8
17:7	HEB.11.16	8
17:7	PSA.105.8-PSA.105.11	5
17:7	EZK.28.26	5
17:7	MIC.7.20	5
17:7	MAT.22.32	5
17:7	MRK.10.14	5
17:7	LUK.1.54-LUK.1.55	5
17:7	ROM.9.4	5
17:7	EXO.3.6	4
17:7	EXO.3.15	4
17:7	EXO.6.4	4
17:7	EXO.19.5-EXO.19.6	4
17:7	LUK.1.72-LUK.1.75	4
17:7	PSA.81.10	3
17:7	EPH.2.2	3
17:8	LEV.26.12	12
17:8	GEN.12.7	10
17:8	PSA.105.11	10
17:8	EXO.6.7	9
17:8	GEN.13.15	7
17:8	DEU.14.2	6
17:8	DEU.26.18	6
17:8	DEU.29.13	6
17:8	GEN.28.4	5
17:8	GEN.13.17	4
17:8	GEN.23.4	4
17:8	DEU.4.37	4
17:8	PSA.105.9	4
17:8	GEN.15.7-GEN.15.21	3
17:8	GEN.48.4	3
17:8	EXO.40.15	3
17:8	NUM.25.13	3
17:8	DEU.32.8	3
17:8	2SA.23.5	3
17:8	EXO.21.6	2
17:8	EXO.31.16-EXO.31.17	2
17:8	LEV.16.34	2
17:8	PSA.103.17	2
17:8	HEB.9.15	2
17:9	PSA.25.10	2
17:9	PSA.103.18	2
17:9	ISA.56.4-ISA.56.5	2
17:10	ACT.7.8	6
17:10	COL.2.11-COL.2.12	6
17:10	ROM.4.9-ROM.4.11	5
17:10	GAL.5.3-GAL.5.6	5
17:10	GEN.17.11	4
17:10	JOS.5.2	4
17:10	ROM.3.30	4
17:10	1CO.7.18-1CO.7.19	4
17:10	PHP.3.3	4
17:10	DEU.30.6	3
17:10	ROM.3.25	3
17:10	GAL.6.12	3
17:10	EPH.2.11	3
17:10	GEN.34.15	2
17:10	EXO.4.25	2
17:10	EXO.12.48	2
17:10	DEU.10.16	2
17:10	JOS.5.4	2
17:10	JER.4.4	2
17:10	JER.9.25-JER.9.26	2
17:10	JHN.7.22	2
17:10	ROM.2.28-ROM.3.1	2
17:10	ROM.3.28	2
17:10	GAL.3.28	2
17:11	ROM.4.11	7
17:11	DEU.10.16	4
17:11	ACT.7.8	4
17:11	EXO.4.25	2
17:11	EXO.12.48	2
17:11	JOS.5.3	2
17:11	1SA.18.25-1SA.18.27	2
17:11	2SA.3.14	2
17:12	LEV.12.3	9
17:12	LUK.2.21	7
17:12	EXO.12.48-EXO.12.49	5
17:12	LUK.1.59	5
17:12	PHP.3.5	5
17:12	GEN.17.23	3
17:12	GEN.21.4	3
17:12	JHN.7.22-JHN.7.23	3
17:12	ACT.7.8	3
17:12	ROM.2.28	3
17:13	EXO.12.44	4
17:13	GEN.37.36	3
17:13	NEH.5.8	3
17:13	GEN.14.14	2
17:13	GEN.15.3	2
17:13	GEN.37.27	2
17:13	GEN.39.1	2
17:13	EXO.21.2	2
17:13	EXO.21.4	2
17:13	EXO.21.16	2
17:13	NEH.5.5	2
17:13	MAT.18.25	2
17:14	EXO.4.24-EXO.4.26	5
17:14	EXO.12.19	3
17:14	NUM.15.30-NUM.15.31	3
17:14	EXO.12.15	2
17:14	EXO.30.33	2
17:14	EXO.30.38	2
17:14	LEV.7.20-LEV.7.21	2
17:14	LEV.7.25	2
17:14	LEV.7.27	2
17:14	LEV.18.29	2
17:14	LEV.19.8	2
17:14	PSA.55.20	2
17:14	ISA.24.5	2
17:14	ISA.33.8	2
17:14	JER.11.10	2
17:14	JER.31.32	2
17:14	1CO.11.27	2
17:14	1CO.11.29	2
17:14	JOS.5.2-JOS.5.12	1
17:15	GEN.17.5	3
17:15	GEN.32.28	3
17:15	2SA.12.25	3
17:16	GEN.35.11	6
17:16	GEN.17.6	3
17:16	GEN.18.10-GEN.18.14	3
17:16	ISA.49.23	3
17:16	GAL.4.26-GAL.4.31	3
17:16	1PE.3.6	3
17:16	GEN.1.28	2
17:16	GEN.12.2	2
17:16	GEN.24.60	2
17:16	ROM.9.9	2
17:17	GEN.18.12	7
17:17	GEN.21.6	7
17:17	GEN.17.3	6
17:17	JHN.8.56	6
17:17	ROM.4.19-ROM.4.20	6
17:17	REV.11.16	6
17:17	EZK.1.28	4
17:17	REV.5.8	4
17:17	JOB.1.20	3
17:17	NUM.14.5	2
17:17	NUM.16.22	2
17:17	NUM.16.45	2
17:17	DEU.9.18	2
17:17	DEU.9.25	2
17:17	JOS.5.14	2
17:17	JOS.7.6	2
17:17	JDG.13.20	2
17:17	1CH.21.16	2
17:17	DAN.8.17	2
17:17	LEV.9.24	1
17:17	MAT.2.11	0
17:18	ACT.2.39	4
17:18	PSA.4.6	3
17:18	PSA.41.12	3
17:18	GEN.4.12	2
17:18	GEN.4.14	2
17:18	ISA.59.2	2
17:18	JER.32.39	2
17:19	GEN.18.10-GEN.18.14	7
17:19	GEN.21.2-GEN.21.3	7
17:19	LUK.1.13-LUK.1.20	7
17:19	GEN.21.6	6
17:19	2KI.4.16-2KI.4.17	6
17:19	GAL.4.28-GAL.4.31	6
17:19	ROM.9.6-ROM.9.9	5
17:19	GEN.17.21	4
17:19	GEN.26.3	4
17:20	GEN.21.18	9
17:20	GEN.21.13	6
17:20	GEN.25.12-GEN.25.18	5
17:20	GEN.16.10-GEN.16.12	4
17:21	GEN.21.2-GEN.21.3	6
17:21	GEN.26.2-GEN.26.5	5
17:21	GEN.18.10	4
17:21	ROM.9.5-ROM.9.6	4
17:21	ROM.9.9	4
17:21	GAL.3.29	4
17:21	GEN.21.10-GEN.21.12	3
17:21	GEN.46.1	3
17:21	EXO.2.24	3
17:21	EXO.3.6	3
17:21	JOB.14.13	3
17:21	LUK.1.55	3
17:21	LUK.1.72	3
17:21	ACT.1.7	3
17:21	HEB.11.9	3
17:21	GEN.48.15	2
17:22	GEN.18.33	3
17:22	GEN.35.9-GEN.35.15	3
17:22	GEN.17.3	2
17:22	EXO.20.22	2
17:22	NUM.12.6-NUM.12.8	2
17:22	DEU.5.4	2
17:22	JDG.6.21	2
17:22	JDG.13.20	2
17:22	JHN.1.18	2
17:22	JHN.10.30	2
17:23	PSA.119.60	3
17:23	GEN.17.10-GEN.17.14	2
17:23	GEN.17.26-GEN.17.27	2
17:23	GEN.18.19	2
17:23	PRO.27.1	2
17:23	GEN.34.24	1
17:23	JOS.5.2-JOS.5.9	1
17:23	ECC.9.10	1
17:23	ACT.16.3	1
17:23	ROM.2.25-ROM.2.29	1
17:23	ROM.4.9-ROM.4.12	1
17:23	1CO.7.18-1CO.7.19	1
17:23	GAL.5.6	1
17:23	GAL.6.15	1
17:24	ROM.4.11	4
17:24	GEN.12.4	2
17:24	GEN.17.1	2
17:24	GEN.17.17	2
17:24	ROM.4.19-ROM.4.20	2
17:26	GEN.12.4	2
17:26	GEN.22.3-GEN.22.4	2
17:26	PSA.119.60	2
17:27	GEN.18.19	2
18:1	GEN.14.13	7
18:1	GEN.13.18	6
18:1	GEN.48.3	6
18:1	GEN.17.22	5
18:1	GEN.26.2	5
18:1	ACT.7.2	5
18:1	2CH.1.7	4
18:1	GEN.17.1-GEN.17.3	3
18:1	GEN.12.7	2
18:1	GEN.15.1	2
18:1	EXO.4.1	2
18:2	HEB.13.2	15
18:2	GEN.18.22	7
18:2	GEN.19.1	6
18:2	JDG.13.3	6
18:2	GEN.23.7	5
18:2	GEN.18.16	4
18:2	GEN.32.24	4
18:2	GEN.43.26	4
18:2	GEN.43.28	4
18:2	GEN.44.14	4
18:2	JOS.5.13	4
18:2	GEN.33.3-GEN.33.7	3
18:2	JDG.13.6-JDG.13.11	3
18:2	RUT.2.10	3
18:2	1PE.4.9	3
18:2	2KI.2.15	2
18:2	ROM.12.13	2
18:3	GEN.32.5	0
18:4	GEN.19.2	6
18:4	GEN.24.32	6
18:4	GEN.43.24	6
18:4	LUK.7.44	5
18:4	1SA.25.41	4
18:4	JHN.13.5-JHN.13.15	4
18:4	1TI.5.10	3
18:5	PSA.104.15	5
18:5	JDG.6.18	4
18:5	JDG.13.15	4
18:5	GEN.19.8	3
18:5	GEN.33.10	3
18:5	JDG.19.5	3
18:5	MAT.6.11	3
18:5	ISA.3.1	2
18:6	MAT.13.33	3
18:6	ROM.12.13	3
18:6	GAL.5.13	3
18:6	ISA.32.8	2
18:6	LUK.10.38-LUK.10.40	2
18:6	ACT.16.15	2
18:6	HEB.13.2	2
18:6	1PE.4.9	2
18:7	JDG.13.15-JDG.13.16	3
18:7	GEN.19.3	2
18:7	AMO.6.4	2
18:7	MAL.1.14	2
18:7	MAT.22.4	2
18:7	LUK.15.23	2
18:7	LUK.15.27	2
18:7	LUK.15.30	2
18:8	GEN.19.3	4
18:8	ACT.10.41	3
18:8	DEU.32.14	2
18:8	JDG.5.25	2
18:8	JDG.13.15	2
18:8	NEH.12.44	2
18:8	LUK.12.37	2
18:8	LUK.17.8	2
18:8	LUK.24.30	2
18:8	LUK.24.43	2
18:8	JHN.12.2	2
18:8	GAL.5.13	2
18:8	REV.3.20	2
18:9	TIT.2.5	4
18:9	GEN.4.9	3
18:9	GEN.24.67	3
18:9	GEN.31.33	2
18:10	GEN.21.2	11
18:10	GEN.17.21	9
18:10	ROM.9.8-ROM.9.9	7
18:10	GEN.17.16	4
18:10	GEN.17.19	4
18:10	2KI.4.16-2KI.4.17	4
18:10	GEN.16.10	3
18:10	GEN.18.13-GEN.18.14	3
18:10	GEN.22.15-GEN.22.16	3
18:10	LUK.1.13	3
18:10	GAL.4.23	3
18:10	GAL.4.28	3
18:10	JDG.13.3-JDG.13.5	2
18:11	GEN.17.17	6
18:11	HEB.11.11-HEB.11.12	6
18:11	LUK.1.36	4
18:11	ROM.4.18-ROM.4.21	3
18:11	GEN.17.24	2
18:11	LEV.15.19	2
18:11	LUK.1.7	2
18:11	LUK.1.18	2
18:11	HEB.11.19	2
18:11	GEN.31.35	1
18:12	GEN.17.17	9
18:12	1PE.3.6	9
18:12	LUK.1.18-LUK.1.20	7
18:12	GEN.18.13	3
18:12	GEN.21.6-GEN.21.7	3
18:12	LUK.1.34-LUK.1.35	3
18:12	PSA.126.2	2
18:12	EPH.5.33	2
18:12	HEB.11.11-HEB.11.12	2
18:13	JHN.2.25	2
18:14	LUK.1.37	99
18:14	MAT.19.26	76
18:14	MRK.10.27	73
18:14	JER.32.27	72
18:14	EPH.3.20	65
18:14	JOB.42.2	58
18:14	PHP.4.13	53
18:14	JER.32.17	44
18:14	ROM.4.21	31
18:14	NUM.11.23	30
18:14	2KI.4.16	23
18:14	GEN.18.10	18
18:14	DEU.7.21	18
18:14	MAT.14.31	17
18:14	LUK.1.13	17
18:14	PSA.95.3	16
18:14	DEU.30.3	15
18:14	ZEC.8.6	15
18:14	GEN.17.21	14
18:14	MIC.7.18	14
18:14	JOB.36.5	12
18:14	LUK.8.50	12
18:14	HEB.11.19	12
18:14	1SA.14.6	11
18:14	2KI.7.1-2KI.7.2	9
18:14	PSA.93.1	9
18:14	MAT.3.9	9
18:14	LUK.1.18	9
18:14	PHP.3.21	9
18:14	PSA.90.13	6
18:15	PRO.28.13	6
18:15	1JN.1.8	5
18:15	PSA.44.21	4
18:15	EPH.4.23	4
18:15	GEN.4.9	2
18:15	GEN.12.13	2
18:15	JOB.2.10	2
18:15	PRO.12.19	2
18:15	MRK.2.8	2
18:15	JHN.2.25	2
18:15	JHN.18.17	2
18:15	JHN.18.25-JHN.18.27	2
18:15	ROM.3.19	2
18:15	COL.3.9	1
18:16	ACT.21.5	3
18:16	ACT.15.3	2
18:16	ACT.20.38	2
18:16	3JN.1.6	2
18:16	ROM.15.24	1
18:17	PSA.25.14	11
18:17	AMO.3.7	11
18:17	JHN.15.15	8
18:17	GEN.19.24	5
18:17	JAS.2.23	5
18:17	2KI.4.27	4
18:17	2CH.20.7	4
18:18	GAL.3.8	11
18:18	GEN.26.4	8
18:18	GAL.3.14	5
18:18	GEN.12.2-GEN.12.3	4
18:18	GEN.22.17-GEN.22.18	4
18:18	PSA.72.17	3
18:18	ACT.3.25-ACT.3.26	3
18:18	EPH.1.3	3
18:19	1TI.3.4-1TI.3.5	20
18:19	DEU.6.6-DEU.6.7	19
18:19	DEU.4.9-DEU.4.10	18
18:19	EPH.6.4	16
18:19	2TI.3.15	15
18:19	PRO.6.20-PRO.6.22	14
18:19	DEU.32.46	13
18:19	DEU.11.19-DEU.11.21	12
18:19	1CH.28.9	12
18:19	PSA.11.4	12
18:19	PSA.34.15	12
18:19	PRO.22.6	12
18:19	1TI.3.12	12
18:19	2TI.2.19	12
18:19	PSA.78.2-PSA.78.9	11
18:19	JOS.24.15	10
18:19	JOB.1.5	9
18:19	JHN.10.14	9
18:19	1SA.2.30-1SA.2.31	8
18:19	PSA.1.6	8
18:19	ISA.38.19	8
18:19	2TI.1.5	8
18:19	2SA.7.20	7
18:19	AMO.3.2	7
18:19	JHN.21.17	7
18:19	ACT.27.31	7
18:19	ACT.27.23-ACT.27.24	6
18:19	GEN.17.23-GEN.17.27	5
18:20	GEN.19.13	6
18:20	ISA.3.9	5
18:20	EZK.16.49-EZK.16.50	5
18:20	GEN.4.10	4
18:20	GEN.13.13	4
18:20	JAS.5.4	3
18:20	ISA.5.7	2
18:20	JER.14.7	2
18:21	EXO.3.8	7
18:21	GEN.11.5	6
18:21	JOS.22.22	4
18:21	GEN.11.7	3
18:21	EXO.33.5	3
18:21	DEU.8.2	3
18:21	DEU.13.3	3
18:21	PSA.139.1-PSA.139.24	3
18:21	JER.17.10	3
18:21	MIC.1.3	3
18:21	ZEP.1.12	3
18:21	LUK.16.15	3
18:21	JOB.34.22	2
18:21	PSA.90.8	2
18:21	JER.17.1	2
18:21	JHN.6.38	2
18:21	2CO.11.11	2
18:21	1TH.4.16	2
18:21	HEB.4.13	2
18:22	GEN.19.1	8
18:22	EZK.22.30	5
18:22	ACT.7.55	5
18:22	1TI.2.1	5
18:22	PSA.106.23	4
18:22	JER.18.20	4
18:22	GEN.18.1-GEN.18.2	3
18:22	JER.15.1	3
18:22	GEN.18.16	2
18:23	NUM.16.22	12
18:23	2SA.24.17	9
18:23	GEN.20.4	6
18:23	GEN.18.25	4
18:23	JOB.34.17	4
18:23	PSA.11.4-PSA.11.7	4
18:23	ROM.3.5-ROM.3.6	4
18:23	HEB.10.22	4
18:23	JOB.8.3	3
18:23	PSA.73.28	3
18:23	JER.30.21	3
18:23	JAS.5.17	2
18:24	ISA.1.9	5
18:24	JER.5.1	5
18:24	GEN.18.32	3
18:24	MAT.7.13-MAT.7.14	3
18:24	ACT.27.24	2
18:25	JOB.8.20	10
18:25	JOB.8.3	8
18:25	ISA.3.10-ISA.3.11	8
18:25	PSA.58.11	7
18:25	DEU.32.4	6
18:25	PSA.94.2	5
18:25	ROM.3.5-ROM.3.6	5
18:25	JOB.34.17-JOB.34.19	3
18:25	PSA.98.9	3
18:25	MAL.3.18	3
18:25	JHN.5.22-JHN.5.27	3
18:25	2CO.5.10	3
18:25	ECC.7.15	2
18:25	ECC.8.12-ECC.8.13	2
18:25	ISA.57.1-ISA.57.2	2
18:25	JER.12.1	2
18:25	JOB.9.22-JOB.9.23	1
18:25	PSA.11.5-PSA.11.7	1
18:26	JER.5.1	8
18:26	MAT.24.22	5
18:26	ISA.65.8	4
18:26	EZK.22.30	4
18:26	ISA.6.13	2
18:26	ISA.10.22	2
18:26	ISA.19.24	2
18:27	ISA.6.5	6
18:27	GEN.3.19	5
18:27	LUK.5.8	5
18:27	JOB.30.19	4
18:27	ISA.64.8	4
18:27	1CO.15.47-1CO.15.48	4
18:27	GEN.2.7	3
18:27	GEN.18.30-GEN.18.32	3
18:27	JOB.4.19	3
18:27	PSA.8.4	3
18:27	PSA.144.3	3
18:27	ECC.12.7	3
18:27	LUK.18.1	3
18:27	EZR.9.6	2
18:27	JOB.42.6-JOB.42.8	2
18:27	2CO.5.1-2CO.5.2	2
18:28	GEN.18.26	2
18:28	GEN.18.29	2
18:28	NUM.14.17-NUM.14.19	2
18:28	1KI.20.32-1KI.20.33	2
18:28	JOB.23.3-JOB.23.4	2
18:29	EPH.6.18	2
18:29	HEB.4.16	2
18:30	JOB.40.4	3
18:30	PSA.10.17	3
18:30	ISA.55.8-ISA.55.9	3
18:30	GEN.44.18	2
18:30	JDG.6.39	2
18:30	EST.4.11-EST.4.16	2
18:30	PSA.9.12	2
18:30	PSA.89.7	2
18:30	ISA.6.5	2
18:30	HEB.12.28-HEB.12.29	2
18:31	LUK.11.8	3
18:31	GEN.18.27	2
18:31	MAT.7.7	2
18:31	MAT.7.11	2
18:31	LUK.18.1	2
18:31	EPH.6.18	2
18:31	HEB.4.16	2
18:31	HEB.10.20-HEB.10.22	2
18:32	JAS.5.15-JAS.5.17	7
18:32	JDG.6.39	6
18:32	MAT.7.7	5
18:32	1JN.5.15-1JN.5.16	4
18:32	MIC.7.18	3
18:32	EPH.3.20	3
18:32	GEN.18.30	2
18:32	EXO.32.9-EXO.32.10	2
18:32	EXO.32.14	2
18:32	EXO.33.13-EXO.33.14	2
18:32	EXO.34.6-EXO.34.7	2
18:32	EXO.34.9-EXO.34.10	2
18:32	NUM.14.11-NUM.14.20	2
18:32	JOB.33.23	2
18:32	PSA.86.5	2
18:32	PRO.15.8	2
18:32	ISA.42.6-ISA.42.7	2
18:32	ISA.65.8	2
18:33	GEN.32.26	5
18:33	GEN.18.22	3
18:33	GEN.18.16	1
18:33	GEN.31.55	1
19:1	GEN.18.1-GEN.18.5	8
19:1	GEN.18.22	8
19:1	HEB.13.2	8
19:1	JOB.31.32	6
19:2	GEN.18.4	5
19:2	LUK.24.28-LUK.24.29	4
19:2	ACT.16.15	3
19:2	HEB.13.2	3
19:2	JDG.19.17-JDG.19.21	2
19:3	GEN.18.6-GEN.18.8	5
19:3	JDG.6.19	4
19:3	1SA.28.24	4
19:3	EXO.12.39	3
19:3	1CO.5.8	3
19:3	HEB.13.2	3
19:3	GEN.21.8	2
19:3	EXO.12.15	2
19:3	2KI.4.8	2
19:3	LUK.5.29	2
19:3	LUK.11.8	2
19:3	LUK.14.23	2
19:3	LUK.24.28-LUK.24.29	2
19:3	JHN.12.2	2
19:3	2CO.5.14	2
19:4	GEN.13.13	8
19:4	PRO.4.16	6
19:4	GEN.18.20	5
19:4	EXO.23.2	5
19:4	EXO.16.2	3
19:4	PRO.6.18	3
19:4	JER.5.1-JER.5.6	3
19:4	JER.5.31	3
19:4	MIC.7.3	3
19:4	MAT.27.20-MAT.27.25	3
19:4	ROM.3.15	3
19:5	JDG.19.22	11
19:5	ISA.3.9	8
19:5	JUD.1.7	8
19:5	LEV.18.22	7
19:5	ROM.1.26-ROM.1.27	7
19:5	EZK.16.51	5
19:5	MAT.11.23-MAT.11.24	5
19:5	1CO.6.9	5
19:5	1TI.1.10	5
19:5	EZK.16.49	4
19:5	LEV.20.13	3
19:5	ISA.1.9	3
19:5	JER.3.3	3
19:5	JER.6.15	3
19:5	ROM.1.23-ROM.1.24	3
19:5	2TI.3.13	3
19:6	JDG.19.23	3
19:7	GEN.19.4	2
19:7	LEV.18.22	2
19:7	LEV.20.13	2
19:7	DEU.23.17	2
19:7	JDG.19.23	2
19:7	1SA.30.23-1SA.30.24	2
19:7	ACT.17.26	2
19:7	ROM.1.24	2
19:7	1CO.6.9-1CO.6.11	2
19:7	JUD.1.7	2
19:8	JDG.19.24	9
19:8	GEN.19.31-GEN.19.38	4
19:8	GEN.18.5	3
19:8	GEN.42.37	3
19:8	JDG.9.15	3
19:8	ISA.58.7	3
19:8	MRK.9.6	3
19:8	ROM.3.8	3
19:8	EXO.32.22	2
19:9	EXO.2.14	7
19:9	GEN.13.12	4
19:9	2PE.2.7-2PE.2.8	4
19:9	ECC.9.3	3
19:9	JER.6.15	3
19:9	DAN.3.19-DAN.3.22	3
19:9	MAT.7.6	3
19:9	ACT.7.26-ACT.7.28	3
19:9	GEN.11.6	2
19:9	1SA.17.44	2
19:9	1SA.25.17	2
19:9	PRO.9.7-PRO.9.8	2
19:9	PRO.14.16	2
19:9	PRO.17.12	2
19:9	PRO.27.3	2
19:9	ECC.10.13	2
19:9	ISA.65.5	2
19:9	JER.3.3	2
19:9	JER.8.12	2
19:9	1SA.2.16	1
19:11	2KI.6.18	9
19:11	ACT.13.11	6
19:11	DEU.28.28-DEU.28.29	4
19:11	JER.2.36	4
19:11	ECC.10.15	2
19:11	ISA.57.10	2
19:12	GEN.7.1	7
19:12	2PE.2.7	5
19:12	REV.18.4	5
19:12	GEN.19.17	4
19:12	NUM.16.26	4
19:12	JOS.6.22-JOS.6.23	4
19:12	2PE.2.9	4
19:12	GEN.19.14	3
19:12	GEN.19.22	3
19:12	JER.32.39	3
19:13	GEN.18.20	7
19:13	MAT.13.49-MAT.13.50	4
19:13	ACT.12.23	4
19:13	JUD.1.7	4
19:13	REV.16.1-REV.16.12	4
19:13	MAT.13.41-MAT.13.42	3
19:13	ROM.3.8-ROM.3.9	3
19:13	JAS.5.4	3
19:13	GEN.13.13	2
19:13	1CH.21.15-1CH.21.16	2
19:13	PSA.11.5-PSA.11.6	2
19:13	ISA.3.11	2
19:13	ISA.36.10	2
19:13	ISA.37.36	2
19:13	EZK.9.5-EZK.9.6	2
19:14	NUM.16.21	7
19:14	NUM.16.26	6
19:14	JER.51.6	6
19:14	NUM.16.45	5
19:14	2CH.30.10	4
19:14	REV.18.4-REV.18.8	4
19:14	2CH.36.16	3
19:14	PRO.29.1	3
19:14	ISA.28.22	3
19:14	JER.5.12-JER.5.14	3
19:14	JER.20.7	3
19:14	EZK.20.49	3
19:14	MAT.9.24	3
19:14	LUK.17.28-LUK.17.30	3
19:14	LUK.24.11	3
19:14	GEN.19.17	2
19:14	GEN.19.22	2
19:14	EXO.9.21	2
19:14	EXO.12.31	2
19:14	MAT.1.18	2
19:14	LUK.9.42	2
19:14	ACT.17.32	2
19:14	1TH.5.3	2
19:15	NUM.16.24-NUM.16.27	6
19:15	LUK.13.24-LUK.13.25	4
19:15	REV.18.4	4
19:15	GEN.19.22	3
19:15	PRO.6.4-PRO.6.5	3
19:15	2CO.6.2	3
19:15	GEN.19.17	2
19:15	HEB.3.7-HEB.3.8	2
19:16	ROM.9.15-ROM.9.16	4
19:16	TIT.3.5	3
19:16	EXO.34.6	2
19:16	NUM.14.18	2
19:16	DEU.4.31	2
19:16	1CH.16.34	2
19:16	PSA.34.12	2
19:16	PSA.86.5	2
19:16	PSA.86.15	2
19:16	PSA.103.8-PSA.103.10	2
19:16	PSA.103.13	2
19:16	PSA.106.1	2
19:16	PSA.106.8	2
19:16	PSA.107.1	2
19:16	PSA.111.4	2
19:16	PSA.118.1	2
19:16	PSA.119.60	2
19:16	PSA.136.1	2
19:16	ISA.63.9	2
19:16	LAM.3.22	2
19:16	MIC.7.18-MIC.7.19	2
19:16	LUK.6.35-LUK.6.36	2
19:16	LUK.18.13	2
19:16	JHN.6.44	2
19:16	2CO.1.3	2
19:16	EPH.2.4-EPH.2.5	2
19:16	2PE.2.9	2
19:16	JOS.6.22	1
19:16	ROM.9.18	1
19:17	MAT.24.16-MAT.24.18	21
19:17	LUK.9.62	20
19:17	PHP.3.13-PHP.3.14	19
19:17	GEN.19.26	18
19:17	GEN.19.22	16
19:17	MAT.3.7	15
19:17	LUK.17.31-LUK.17.32	15
19:17	JER.48.6	14
19:17	GEN.13.10	12
19:17	1KI.19.3	12
19:17	GEN.19.14-GEN.19.15	11
19:17	PSA.121.1	11
19:17	1SA.19.11	10
19:17	GEN.18.22	9
19:17	HEB.2.3	6
19:18	GEN.32.26	2
19:18	2KI.5.11-2KI.5.12	2
19:18	ISA.45.11	2
19:18	ACT.9.13	2
19:18	ACT.10.14	2
19:18	JHN.13.6-JHN.13.8	1
19:19	GEN.12.13	2
19:19	DEU.31.17	2
19:19	1SA.27.1	2
19:19	1KI.9.9	2
19:19	PSA.18.1-PSA.18.50	2
19:19	PSA.40.1-PSA.40.17	2
19:19	PSA.77.7-PSA.77.11	2
19:19	PSA.103.1-PSA.103.22	2
19:19	PSA.106.1-PSA.106.48	2
19:19	PSA.116.1-PSA.116.19	2
19:19	MAT.8.25-MAT.8.26	2
19:19	1TI.1.14-1TI.1.16	2
19:19	MRK.9.19	1
19:19	ROM.8.31	1
19:20	PSA.119.175	4
19:20	PRO.3.5-PRO.3.7	3
19:20	GEN.12.13	2
19:20	GEN.19.30	2
19:20	ISA.55.3	2
19:20	AMO.3.6	2
19:21	PSA.145.19	6
19:21	JOB.42.8-JOB.42.9	4
19:21	PSA.34.15	4
19:21	PSA.102.17	4
19:21	GEN.4.7	3
19:21	GEN.12.2	3
19:21	GEN.18.24	3
19:21	MAT.12.20	3
19:21	LUK.11.8	3
19:21	HEB.2.17	3
19:21	HEB.4.15-HEB.4.16	3
19:21	JER.14.10	2
19:22	GEN.13.10	6
19:22	GEN.14.2	5
19:22	GEN.32.25-GEN.32.28	4
19:22	EXO.32.10	4
19:22	DEU.9.14	4
19:22	PSA.91.1-PSA.91.10	3
19:22	MRK.6.5	3
19:22	ISA.15.5	2
19:22	ISA.65.8	2
19:22	JER.48.34	2
19:22	2TI.2.13	2
19:22	TIT.1.2	2
19:24	DEU.29.23	12
19:24	ISA.13.19	9
19:24	AMO.4.11	7
19:24	2PE.2.6	7
19:24	JUD.1.7	7
19:24	JER.50.40	6
19:24	JER.20.16	5
19:24	EZK.16.49-EZK.16.50	5
19:24	HOS.11.8	5
19:24	JOB.18.15	4
19:24	PSA.11.6	4
19:24	LAM.4.6	4
19:24	ZEP.2.9	4
19:24	LUK.17.28-LUK.17.29	4
19:24	ISA.1.9	3
19:24	JER.49.18	2
19:24	MAT.11.23-MAT.11.24	2
19:25	PSA.107.34	5
19:25	GEN.14.3	4
19:25	GEN.13.10	2
19:26	LUK.17.31-LUK.17.32	14
19:26	GEN.19.17	11
19:26	HEB.10.38	9
19:26	PRO.14.14	8
19:26	NUM.16.38	2
19:27	HAB.2.1	5
19:27	PSA.5.3	4
19:27	GEN.18.22-GEN.18.33	3
19:27	EZK.16.49-EZK.16.50	3
19:27	HEB.2.1	3
19:28	REV.18.9	7
19:28	REV.9.2	5
19:28	JUD.1.7	4
19:28	REV.18.18	4
19:28	REV.21.8	4
19:28	PSA.107.34	3
19:28	2PE.2.7	3
19:28	REV.14.10-REV.14.11	3
19:28	REV.19.3	3
19:29	GEN.8.1	6
19:29	GEN.18.23-GEN.18.33	4
19:29	DEU.9.5	4
19:29	PSA.25.7	4
19:29	PSA.105.42	3
19:29	PSA.106.4	3
19:29	PSA.145.20	3
19:29	HOS.11.8	3
19:29	2PE.2.7	3
19:29	GEN.12.2	2
19:29	GEN.30.22	2
19:29	NEH.13.14	2
19:29	NEH.13.22	2
19:29	PSA.136.23	2
19:29	EZK.36.31-EZK.36.32	2
19:29	PSA.105.8	1
19:30	GEN.19.17	3
19:30	GEN.19.19	3
19:30	GEN.13.10	2
19:30	GEN.14.22	2
19:30	GEN.49.4	2
19:30	DEU.34.3	2
19:30	ISA.15.5	2
19:30	JER.2.36-JER.2.37	2
19:30	JER.48.34	2
19:30	JAS.1.8	2
19:31	DEU.25.5	4
19:31	GEN.4.1	3
19:31	GEN.6.4	3
19:31	GEN.16.2	3
19:31	GEN.16.4	3
19:31	ISA.4.1	3
19:31	GEN.19.28	2
19:31	GEN.38.8-GEN.38.9	2
19:31	GEN.38.14-GEN.38.30	2
19:31	MRK.9.6	1
19:32	LEV.18.6-LEV.18.7	4
19:32	GEN.11.3	3
19:32	GEN.9.21	2
19:32	PRO.23.31-PRO.23.33	2
19:32	HAB.2.15-HAB.2.16	2
19:32	MRK.12.19	2
19:33	LEV.18.6-LEV.18.7	2
19:33	PRO.20.1	2
19:33	PRO.23.29-PRO.23.35	2
19:33	HAB.2.15-HAB.2.16	2
19:34	ISA.3.9	2
19:34	JER.3.3	2
19:34	JER.5.3	2
19:34	JER.6.15	2
19:34	JER.8.12	2
19:35	PSA.8.4	2
19:35	PRO.24.16	2
19:35	ECC.7.26	2
19:35	LUK.21.34	2
19:35	1CO.10.11-1CO.10.12	2
19:35	1PE.4.7	2
19:36	HAB.2.15	4
19:36	GEN.19.8	3
19:36	LEV.18.6-LEV.18.7	3
19:36	JDG.1.7	3
19:36	1SA.15.33	3
19:36	MAT.7.2	3
19:37	DEU.2.9	5
19:37	NUM.21.29	2
19:37	NUM.22.1-NUM.22.41	2
19:37	DEU.2.19	2
19:37	DEU.23.3	2
19:37	JDG.3.1-JDG.3.31	2
19:37	RUT.4.10	2
19:37	2SA.8.1-2SA.8.18	2
19:37	2KI.3.1-2KI.3.27	2
19:37	NUM.24.1-NUM.24.25	1
19:38	DEU.2.19	5
19:38	DEU.2.9	2
19:38	DEU.23.3	2
19:38	JDG.10.6-JDG.11.40	2
19:38	1SA.11.1-1SA.11.15	2
19:38	2SA.10.1-2SA.10.19	2
19:38	NEH.13.1-NEH.13.3	2
19:38	NEH.13.23-NEH.13.28	2
19:38	PSA.83.4-PSA.83.8	2
19:38	ISA.11.14	2
19:38	ZEP.2.9	2
20:1	GEN.26.1	4
20:1	GEN.26.6	4
20:1	GEN.18.1	3
20:1	2CH.14.13-2CH.14.14	3
20:1	PSA.29.8	3
20:1	GEN.10.19	2
20:1	GEN.13.1	2
20:1	GEN.24.62	2
20:1	GEN.26.20	2
20:1	GEN.26.26	2
20:1	NUM.13.26	2
20:1	NUM.20.16	2
20:1	DEU.1.19	2
20:1	DEU.32.51	2
20:1	GEN.14.7	1
20:1	GEN.16.1	1
20:1	GEN.16.7	1
20:1	GEN.16.14	1
20:1	1SA.15.7	1
20:2	GEN.12.15	7
20:2	GEN.26.7	6
20:2	GEN.12.11-GEN.12.13	3
20:2	GEN.20.12	2
20:2	GEN.26.1	2
20:2	GEN.26.16	2
20:2	2CH.19.2	2
20:2	2CH.32.31	2
20:2	PRO.24.16	2
20:2	ECC.7.20	2
20:2	GAL.2.11-GAL.2.12	2
20:2	EPH.4.25	2
20:2	COL.3.9	2
20:2	2CH.20.37	1
20:3	GEN.20.7	6
20:3	MAT.27.19	6
20:3	JOB.33.15	5
20:3	PSA.105.14	5
20:3	GEN.28.12	4
20:3	MAT.1.20	4
20:3	GEN.31.24	3
20:3	GEN.37.5	3
20:3	GEN.37.9	3
20:3	GEN.40.8	3
20:3	JOB.4.12-JOB.4.13	3
20:3	JON.3.4	3
20:3	MAT.2.12-MAT.2.13	3
20:3	EZK.33.14-EZK.33.15	2
20:3	GEN.41.1-GEN.41.36	1
20:4	GEN.18.23-GEN.18.25	3
20:4	2SA.4.11	3
20:4	1CH.21.17	3
20:4	GEN.19.24	2
20:4	GEN.20.6	2
20:4	GEN.20.17-GEN.20.18	2
20:5	1KI.9.4	3
20:5	PSA.7.8	3
20:5	JOS.22.22	2
20:5	2KI.20.3	2
20:5	1CH.29.17	2
20:5	JOB.33.9	2
20:5	PSA.24.4	2
20:5	PSA.25.21	2
20:5	PSA.26.6	2
20:5	PSA.73.13	2
20:5	PSA.78.72	2
20:5	PRO.11.3	2
20:5	PRO.20.7	2
20:5	DAN.6.22	2
20:5	2CO.1.12	2
20:5	1TH.2.10	2
20:5	1TI.1.13	2
20:6	1SA.25.34	8
20:6	1SA.25.26	7
20:6	PRO.21.1	7
20:6	GEN.31.7	6
20:6	GEN.35.5	6
20:6	EXO.34.24	4
20:6	PSA.84.11	4
20:6	2TH.2.7	4
20:6	GEN.20.18	3
20:6	GEN.39.9	3
20:6	PSA.51.4	3
20:6	PSA.81.12	3
20:6	2CO.6.17	3
20:6	LEV.6.2	2
20:6	HOS.2.6-HOS.2.7	2
20:6	1CO.7.1	2
20:6	2TH.2.11	2
20:6	GEN.3.3	1
20:6	GEN.26.11	1
20:7	JOB.42.8	6
20:7	1SA.7.5	5
20:7	HEB.13.4	5
20:7	2SA.24.17	4
20:7	NUM.16.32-NUM.16.33	3
20:7	1KI.13.6	3
20:7	2KI.5.11	3
20:7	1CH.16.22	3
20:7	REV.11.5-REV.11.6	3
20:7	GEN.2.17	2
20:7	GEN.12.15	2
20:7	GEN.12.17	2
20:7	GEN.20.18	2
20:7	EXO.4.16	2
20:7	EXO.7.1	2
20:7	EXO.12.1-EXO.12.3	2
20:7	EXO.18.17	2
20:7	LEV.6.4	2
20:7	LEV.6.7	2
20:7	1SA.7.8	2
20:7	1SA.12.19	2
20:7	1SA.12.23	2
20:7	1KI.18.1-1KI.18.46	2
20:7	2KI.19.2-2KI.19.4	2
20:7	JOB.34.19	2
20:7	PSA.25.14	2
20:7	PSA.105.9-PSA.105.15	2
20:7	JER.14.11	2
20:7	JER.15.1	2
20:7	JER.27.18	2
20:7	EZK.3.18	2
20:7	EZK.33.8	2
20:7	EZK.33.14-EZK.33.16	2
20:7	1CO.14.4	2
20:7	HEB.1.1	2
20:7	JAS.5.14-JAS.5.16	2
20:7	1JN.5.16	2
20:9	GEN.12.18	4
20:9	GEN.26.10	3
20:9	GEN.39.9	3
20:9	GEN.34.7	2
20:9	GEN.38.24	2
20:9	EXO.32.21	2
20:9	EXO.32.35	2
20:9	LEV.20.10	2
20:9	JOS.7.25	2
20:9	1SA.26.18-1SA.26.19	2
20:9	2SA.12.5	2
20:9	2SA.12.10-2SA.12.11	2
20:9	2SA.13.12	2
20:9	PRO.28.10	2
20:9	ROM.2.11	2
20:9	TIT.1.11	2
20:9	HEB.13.4	2
20:11	GEN.26.7	5
20:11	GEN.12.12	4
20:11	GEN.22.12	3
20:11	GEN.42.18	3
20:11	NEH.5.15	3
20:11	JOB.28.28	3
20:11	PSA.36.1-PSA.36.4	3
20:11	PRO.2.5	3
20:11	PRO.16.6	3
20:11	PRO.1.7	2
20:11	PRO.8.13	2
20:11	ROM.3.18	2
20:11	JOB.1.1	1
20:11	PSA.14.4	1
20:12	GEN.11.29	3
20:12	GEN.12.13	2
20:12	1TH.5.22	2
20:13	GEN.12.1	4
20:13	GEN.12.9	3
20:13	GEN.12.11-GEN.12.20	2
20:13	1SA.23.21	2
20:13	PSA.64.5	2
20:13	ACT.5.9	2
20:13	ACT.7.3-ACT.7.5	2
20:13	HEB.11.8	2
20:14	GEN.12.16	5
20:14	GEN.12.19-GEN.12.20	2
20:14	GEN.20.2	2
20:14	GEN.20.7	2
20:14	GEN.20.11	2
20:15	GEN.13.9	5
20:15	GEN.34.10	5
20:15	GEN.47.6	3
20:16	GEN.20.5	4
20:16	PRO.27.5	4
20:16	GEN.24.65	3
20:16	GEN.26.11	2
20:16	1CH.21.3-1CH.21.6	2
20:16	PRO.9.8-PRO.9.9	2
20:16	PRO.12.1	2
20:16	PRO.25.12	2
20:16	JON.1.6	2
20:16	REV.3.19	2
20:17	JAS.5.16	8
20:17	JOB.42.9-JOB.42.10	6
20:17	PRO.15.8	5
20:17	MAT.21.22	5
20:17	PHP.4.6	5
20:17	1TH.5.25	5
20:17	GEN.20.7	4
20:17	GEN.29.31	4
20:17	1SA.5.11-1SA.5.12	4
20:17	EZR.6.10	4
20:17	ISA.45.11	4
20:17	MAT.7.7	4
20:17	PRO.15.29	3
20:17	ACT.3.24	3
20:18	GEN.12.17	5
20:18	GEN.30.2	2
20:18	GEN.16.2	1
20:18	GEN.20.7	1
20:18	1SA.1.6	1
20:18	1SA.5.10	1
21:1	PSA.12.6	27
21:1	GEN.18.10	25
21:1	GEN.18.14	23
21:1	GEN.17.19	22
21:1	GAL.4.23	22
21:1	1SA.2.21	19
21:1	MAT.24.35	19
21:1	TIT.1.2	18
21:1	RUT.1.6	17
21:1	ROM.4.17-ROM.4.20	16
21:1	GAL.4.28	16
21:1	GEN.17.16	15
21:1	GEN.17.21	15
21:1	GEN.50.24	15
21:1	EXO.4.31	15
21:1	PSA.106.4	13
21:1	LUK.1.68	13
21:1	EXO.3.16	12
21:1	EXO.20.5	12
21:1	LUK.19.44	10
21:2	GAL.4.22	9
21:2	HEB.11.11	9
21:2	GEN.17.19	7
21:2	GEN.17.21	7
21:2	GEN.18.10	7
21:2	GEN.18.14	7
21:2	LUK.1.24-LUK.1.25	7
21:2	LUK.1.36	7
21:2	ACT.7.8	7
21:2	2KI.4.16-2KI.4.17	6
21:2	ROM.9.9	5
21:3	GEN.17.19	8
21:3	GEN.21.6	4
21:3	ROM.9.7	4
21:3	GEN.21.12	3
21:3	JOS.24.3	3
21:3	MAT.1.2	3
21:3	HEB.11.18	3
21:3	GEN.22.2	2
21:3	ACT.7.8	2
21:4	ACT.7.8	7
21:4	GEN.17.10-GEN.17.12	2
21:4	EXO.12.48	2
21:4	LEV.12.3	2
21:4	DEU.12.32	2
21:4	LUK.1.6	2
21:4	LUK.1.59	2
21:4	LUK.2.21	2
21:4	JHN.7.22-JHN.7.23	2
21:5	GEN.17.17	6
21:5	GEN.17.1	5
21:5	ROM.4.19	5
21:6	PSA.126.2	15
21:6	ISA.54.1	14
21:6	GEN.17.17	13
21:6	LUK.1.58	12
21:6	PSA.113.9	11
21:6	ISA.49.21	11
21:6	LUK.1.14	11
21:6	LUK.1.46-LUK.1.55	11
21:6	GAL.4.27-GAL.4.28	11
21:6	ROM.12.15	10
21:6	GEN.18.12-GEN.18.15	9
21:6	JHN.16.21-JHN.16.22	9
21:6	HEB.11.11	9
21:6	1SA.1.26-1SA.2.10	8
21:6	ISA.49.15	8
21:7	GEN.18.11-GEN.18.12	4
21:7	ISA.66.8	4
21:7	NUM.23.23	3
21:7	DEU.4.32-DEU.4.34	3
21:7	EPH.3.10	3
21:7	2TH.1.10	3
21:7	PSA.86.8	2
21:7	PSA.86.10	2
21:7	ISA.49.21	1
21:8	1SA.1.22	4
21:8	HOS.1.8	3
21:8	GEN.19.3	2
21:8	GEN.26.30	2
21:8	GEN.29.22	2
21:8	GEN.40.20	2
21:8	2SA.3.20	2
21:8	1KI.3.15	2
21:8	PSA.131.2	2
21:8	JDG.14.10	1
21:8	JDG.14.12	1
21:8	1SA.25.36	1
21:8	EST.1.3	1
21:9	GAL.4.29	9
21:9	GEN.16.15	8
21:9	GAL.4.22	5
21:9	GEN.16.1	4
21:9	2CH.30.10	3
21:9	2CH.36.16	3
21:9	PSA.22.6	3
21:9	PSA.42.10	3
21:9	PSA.44.13-PSA.44.14	3
21:9	PRO.20.11	3
21:9	LAM.1.7	3
21:9	GEN.16.3-GEN.16.6	2
21:9	GEN.17.20	2
21:9	2KI.2.23-2KI.2.24	2
21:9	NEH.4.1-NEH.4.5	2
21:9	HEB.11.36	2
21:9	JOB.30.1	1
21:10	JHN.8.35	8
21:10	GAL.4.22-GAL.4.31	6
21:10	1JN.2.19	6
21:10	GEN.36.6-GEN.36.7	5
21:10	1PE.1.4	5
21:10	GEN.25.19	4
21:10	MAT.8.11-MAT.8.12	4
21:10	MAT.22.13	4
21:10	GAL.3.18	4
21:10	GAL.4.7	4
21:10	GEN.17.19	3
21:10	GEN.17.21	3
21:10	GEN.20.11	3
21:10	GEN.22.10	3
21:10	GEN.25.6	3
21:11	HEB.12.11	5
21:11	GEN.17.18	4
21:11	MAT.10.37	3
21:11	GEN.22.1-GEN.22.2	2
21:11	2SA.18.33	2
21:12	HEB.11.18	8
21:12	ROM.9.7-ROM.9.8	7
21:12	GEN.17.19	5
21:12	1SA.8.7	3
21:12	1SA.8.9	3
21:12	GEN.17.21	2
21:12	ISA.46.10	2
21:13	GEN.16.10	7
21:13	GEN.17.20	7
21:13	GEN.21.18	6
21:13	GEN.25.12-GEN.25.18	5
21:14	GEN.16.7	3
21:14	GEN.21.31	3
21:14	GEN.25.6	3
21:14	GEN.26.31	3
21:14	1KI.19.3	3
21:14	PSA.107.4	3
21:14	PSA.119.60	3
21:14	PRO.27.14	3
21:14	ECC.9.10	3
21:14	JHN.8.35	3
21:14	GEN.19.27	2
21:14	GEN.21.33	2
21:14	GEN.22.3	2
21:14	GEN.22.19	2
21:14	GEN.24.54	2
21:14	GEN.26.33	2
21:14	GEN.36.6-GEN.36.7	2
21:14	GEN.37.15	2
21:14	GEN.46.1	2
21:14	ISA.16.8	2
21:14	GAL.4.23-GAL.4.25	2
21:15	EXO.15.22-EXO.15.25	2
21:15	2KI.3.9	2
21:15	PSA.63.1	2
21:15	JER.14.3	2
21:15	GEN.21.14	1
21:15	EXO.17.1-EXO.17.3	1
21:15	ISA.44.12	1
21:16	ISA.49.15	4
21:16	GEN.29.11	3
21:16	JDG.2.4	3
21:16	RUT.1.9	3
21:16	1SA.24.16	3
21:16	1SA.30.4	3
21:16	1KI.3.26	3
21:16	EST.8.6	3
21:16	ZEC.12.10	2
21:16	LUK.15.20	2
21:16	GEN.27.38	1
21:16	GEN.44.34	1
21:17	GEN.16.11	11
21:17	PSA.50.15	8
21:17	PSA.91.15	5
21:17	EXO.3.7	4
21:17	GEN.15.1	2
21:17	GEN.16.9	2
21:17	GEN.46.3	2
21:17	EXO.14.13	2
21:17	EXO.22.23	2
21:17	EXO.22.27	2
21:17	JDG.18.23	2
21:17	1SA.11.5	2
21:17	2KI.13.4	2
21:17	2KI.13.23	2
21:17	PSA.65.2	2
21:17	PSA.107.4-PSA.107.6	2
21:17	ISA.22.1	2
21:17	ISA.41.10	2
21:17	ISA.41.13-ISA.41.14	2
21:17	ISA.43.1-ISA.43.2	2
21:17	MAT.15.32	2
21:17	MRK.5.36	2
21:18	GEN.21.13	7
21:18	GEN.16.10	5
21:18	GEN.17.20	3
21:18	1CH.1.29-1CH.1.31	3
21:18	GEN.25.12-GEN.25.18	2
21:19	NUM.22.31	11
21:19	2KI.6.17-2KI.6.20	8
21:19	ISA.35.5-ISA.35.6	7
21:19	LUK.24.16-LUK.24.31	6
21:20	GEN.28.15	7
21:20	GEN.39.21	5
21:20	GEN.16.12	4
21:20	GEN.10.9	3
21:20	GEN.17.20	3
21:20	GEN.25.27	3
21:20	GEN.39.2-GEN.39.3	3
21:20	GEN.49.23-GEN.49.24	3
21:20	JDG.6.12	3
21:20	JDG.13.24-JDG.13.25	3
21:20	LUK.1.80	3
21:20	GEN.27.3	2
21:20	LUK.2.40	1
21:21	GEN.24.3-GEN.24.4	2
21:21	GEN.26.34-GEN.26.35	2
21:21	GEN.27.46-GEN.28.2	2
21:21	NUM.10.12	2
21:21	NUM.12.16	2
21:21	NUM.13.3	2
21:21	NUM.13.26	2
21:21	JDG.14.2	2
21:21	1SA.25.1	2
21:21	1CO.7.38	2
21:22	GEN.26.26	8
21:22	GEN.26.28	8
21:22	JOS.3.7	8
21:22	GEN.20.2	6
21:22	ISA.8.10	5
21:22	ROM.8.31	5
21:22	1CO.14.25	5
21:22	HEB.13.5	4
21:22	GEN.20.17	3
21:22	GEN.30.27	3
21:22	2CH.1.1	3
21:22	ISA.45.14	3
21:22	ZEC.8.23	3
21:22	MAT.1.23	3
21:22	REV.3.9	3
21:22	GEN.28.15	2
21:22	GEN.39.2-GEN.39.3	1
21:23	JOS.2.12	5
21:23	GEN.20.14	4
21:23	GEN.14.22-GEN.14.23	2
21:23	GEN.24.3	2
21:23	GEN.26.28	2
21:23	GEN.31.44	2
21:23	GEN.31.53	2
21:23	DEU.6.13	2
21:23	1SA.20.13	2
21:23	1SA.20.17	2
21:23	1SA.20.42	2
21:23	1SA.24.21-1SA.24.22	2
21:23	1SA.30.15	2
21:23	JER.4.2	2
21:23	2CO.1.23	2
21:23	HEB.6.16	2
21:24	GEN.14.13	2
21:24	ROM.12.18	2
21:24	HEB.6.16	2
21:25	GEN.26.15-GEN.26.22	5
21:25	GEN.13.7	2
21:25	GEN.29.8	2
21:25	EXO.2.15-EXO.2.17	2
21:25	JDG.1.15	2
21:25	PRO.17.10	2
21:25	PRO.25.9	2
21:25	PRO.27.5	2
21:25	MAT.18.15	2
21:26	GEN.13.7	2
21:26	2KI.5.20-2KI.5.24	2
21:27	GEN.14.22-GEN.14.23	2
21:27	GEN.26.28-GEN.26.31	2
21:27	GEN.31.44	2
21:27	1SA.18.3	2
21:27	PRO.17.8	2
21:27	PRO.18.16	2
21:27	PRO.18.24	2
21:27	PRO.21.14	2
21:27	ISA.32.8	2
21:27	EZK.17.13	2
21:27	ROM.1.31	2
21:27	GAL.3.15	2
21:29	GEN.33.8	2
21:29	EXO.12.26	2
21:29	1SA.15.14	1
21:30	GEN.31.52	3
21:30	GEN.31.44-GEN.31.48	2
21:30	JOS.22.27-JOS.22.28	2
21:30	JOS.24.27	2
21:31	GEN.26.33	5
21:31	GEN.21.14	3
21:31	GEN.26.23	2
21:31	JOS.15.28	2
21:31	JDG.20.1	2
21:31	2SA.17.11	2
21:31	1KI.4.25	2
21:32	GEN.10.14	2
21:32	GEN.14.13	2
21:32	GEN.21.27	2
21:32	GEN.26.8	2
21:32	GEN.26.14	2
21:32	GEN.31.53	2
21:32	EXO.13.17	2
21:32	JDG.13.1	2
21:32	1SA.18.3	2
21:33	1TI.1.17	13
21:33	ISA.40.28	10
21:33	PSA.90.2	6
21:33	JER.10.10	5
21:33	ROM.16.26	5
21:33	GEN.4.26	4
21:33	GEN.12.8	4
21:33	DEU.33.27	4
21:33	GEN.26.23	2
21:33	GEN.26.25	2
21:33	GEN.26.33	2
21:33	DEU.16.21	2
21:33	JDG.3.7	2
21:33	ISA.57.15	2
21:33	AMO.8.14	2
21:33	ROM.1.20	2
21:34	GEN.20.1	2
21:34	1CH.29.15	2
21:34	PSA.39.12	2
21:34	HEB.11.9	2
21:34	HEB.11.13	2
21:34	1PE.2.11	2
22:1	HEB.11.17	32
22:1	DEU.8.2	22
22:1	JAS.2.21	21
22:1	JAS.1.12-JAS.1.14	20
22:1	1CO.10.13	17
22:1	1PE.1.7	17
22:1	PRO.17.3	14
22:1	GEN.22.7	9
22:1	GEN.22.11	9
22:1	EXO.15.25-EXO.15.26	8
22:1	DEU.8.16	8
22:1	EXO.3.4	7
22:1	EXO.16.4	6
22:1	2CH.32.31	6
22:1	ISA.6.8	6
22:1	DEU.13.3	5
22:1	JDG.2.22	5
22:2	JHN.3.16	43
22:2	ROM.8.32	35
22:2	HEB.11.17	13
22:2	1JN.4.9-1JN.4.10	8
22:2	GEN.17.19	5
22:2	GEN.22.12	5
22:2	GEN.22.16	5
22:2	JDG.11.39	4
22:2	2KI.3.27	4
22:2	GEN.21.12	3
22:2	JDG.11.31	3
22:2	2CH.3.1	3
22:2	ROM.5.8	2
22:2	MIC.6.7	1
22:3	PSA.119.60	4
22:3	MAT.10.37	3
22:3	LUK.14.26	2
22:3	GEN.17.23	1
22:3	GEN.21.14	1
22:3	ECC.9.10	1
22:3	ISA.26.3-ISA.26.4	1
22:3	GAL.1.16	1
22:3	HEB.11.17-HEB.11.19	1
22:3	MRK.10.28-MRK.10.31	0
22:3	HEB.11.8	0
22:4	HOS.6.2	3
22:4	MAT.17.23	3
22:4	LUK.13.32	3
22:4	1CO.15.4	3
22:4	1SA.26.13	2
22:4	2KI.20.5	2
22:4	EST.5.1	2
22:4	EXO.5.3	1
22:4	EXO.15.22	1
22:4	EXO.19.11	1
22:4	EXO.19.15	1
22:4	LEV.7.17	1
22:4	NUM.10.33	1
22:4	NUM.19.12	1
22:4	NUM.19.19	1
22:4	NUM.31.19	1
22:4	JOS.1.11	1
22:5	HEB.11.19	5
22:5	HEB.12.1	0
22:6	JHN.19.17	12
22:6	1PE.2.24	3
22:6	ISA.53.6	1
22:6	MAT.8.17	1
22:6	LUK.24.26-LUK.24.27	0
22:7	ROM.8.15	3
22:7	GEN.4.2-GEN.4.4	2
22:7	GEN.8.20	2
22:7	EXO.12.3	2
22:7	MAT.26.39	2
22:7	MAT.26.42	2
22:7	JHN.18.11	2
22:8	JHN.1.36	15
22:8	JHN.1.29	13
22:8	REV.5.12	9
22:8	REV.13.8	6
22:8	GEN.18.14	5
22:8	MAT.19.26	5
22:8	REV.7.14	5
22:8	1PE.1.19-1PE.1.20	3
22:8	2CH.25.9	2
22:8	REV.5.6	2
22:9	JAS.2.21	6
22:9	HEB.11.17-HEB.11.19	4
22:9	PHP.2.7-PHP.2.8	2
22:9	GEN.8.20	1
22:9	GEN.12.7	1
22:9	GEN.22.2-GEN.22.4	1
22:9	PSA.118.27	1
22:9	ISA.53.4-ISA.53.10	1
22:9	MAT.21.1-MAT.21.46	1
22:9	MAT.26.1-MAT.26.27	1
22:9	MAT.27.2	1
22:9	MRK.15.1	1
22:9	JHN.10.17-JHN.10.18	1
22:9	ACT.8.32	1
22:9	GAL.3.13	1
22:9	EPH.5.2	1
22:9	HEB.9.28	1
22:9	1PE.2.24	1
22:10	HEB.11.17-HEB.11.19	3
22:10	JAS.2.21-JAS.2.23	3
22:11	GEN.21.17	4
22:11	EXO.3.4	4
22:11	GEN.16.9-GEN.16.10	3
22:11	GEN.22.16	3
22:11	GEN.16.7	2
22:11	GEN.22.1	2
22:11	GEN.22.12	2
22:11	1SA.3.10	2
22:11	ACT.9.4	2
22:11	ACT.26.14	2
22:12	JAS.2.21-JAS.2.22	27
22:12	JAS.2.18	15
22:12	1SA.15.22	13
22:12	MAT.10.37-MAT.10.38	11
22:12	ROM.8.32	11
22:12	GEN.22.2	9
22:12	MAT.19.29	9
22:12	1CO.10.13	9
22:12	GEN.26.5	8
22:12	ECC.12.13	8
22:12	PSA.147.11	7
22:12	JHN.3.16	7
22:12	PSA.25.12	6
22:12	ACT.9.31	6
22:12	ROM.5.8	6
22:12	EXO.20.20	5
22:12	PSA.25.14	5
22:12	PRO.1.7	5
22:12	2CO.8.12	5
22:12	GEN.20.11	4
22:12	NEH.5.15	4
22:12	JOB.28.28	4
22:12	JER.19.5	4
22:12	MIC.6.6-MIC.6.8	4
22:12	MAT.16.24	4
22:12	1JN.4.9-1JN.4.10	3
22:12	1SA.12.24-1SA.12.25	2
22:12	JOB.5.19	2
22:12	PSA.1.6	2
22:12	PSA.2.11	2
22:12	PSA.111.10-PSA.112.1	2
22:12	JER.32.40	2
22:12	MAL.4.2	2
22:12	MAT.5.16	2
22:12	HEB.12.28	2
22:12	GEN.42.18	1
22:12	HEB.11.19	1
22:12	ECC.8.12-ECC.8.13	0
22:12	REV.19.5	0
22:13	1CO.10.13	5
22:13	PSA.40.6-PSA.40.8	4
22:13	2CO.1.9-2CO.1.10	4
22:13	GEN.22.8	3
22:13	PSA.89.19-PSA.89.20	3
22:13	ISA.30.21	3
22:13	1CO.5.7-1CO.5.8	3
22:13	1PE.1.19-1PE.1.20	3
22:14	GEN.22.13	35
22:14	EXO.17.15	26
22:14	JDG.6.24	22
22:14	GEN.22.8	20
22:14	GEN.16.13-GEN.16.14	12
22:14	PSA.22.4-PSA.22.5	11
22:14	1SA.7.12	9
22:14	1TI.3.16	9
22:14	GEN.28.19	8
22:14	JHN.1.14	8
22:14	2CO.1.8-2CO.1.10	8
22:14	DEU.32.36	7
22:14	GEN.32.30	6
22:14	EZK.48.35	6
22:14	DAN.3.17-DAN.3.25	5
22:14	MIC.4.10	3
22:16	LUK.1.73	10
22:16	HEB.6.13-HEB.6.14	10
22:16	PSA.105.9	9
22:16	JER.51.14	6
22:16	JER.49.13	5
22:16	ROM.4.13-ROM.4.14	5
22:16	ISA.45.23	4
22:16	GEN.12.2	3
22:16	AMO.6.8	2
22:17	GEN.15.5	15
22:17	GEN.24.60	14
22:17	JER.33.22	14
22:17	GEN.26.4	13
22:17	GEN.13.16	12
22:17	NUM.24.17-NUM.24.19	12
22:17	PSA.2.8-PSA.2.9	12
22:17	PSA.72.8-PSA.72.9	12
22:17	EPH.1.3	8
22:17	REV.11.15	8
22:17	DEU.1.10	7
22:17	JOS.1.1-JOS.1.10	7
22:17	1CO.15.57	6
22:17	GEN.12.2	5
22:17	GEN.17.6	5
22:17	GEN.27.28-GEN.27.29	5
22:17	GEN.32.12	5
22:17	GEN.49.25-GEN.49.26	5
22:17	DEU.28.2-DEU.28.13	5
22:17	JER.32.22	5
22:17	LUK.1.68-LUK.1.75	5
22:17	GEN.28.3	4
22:17	GEN.28.14-GEN.28.22	4
22:17	DEU.21.19	4
22:17	2SA.8.1-2SA.8.18	4
22:17	DAN.2.44-DAN.2.45	4
22:17	MIC.1.9	4
22:17	2SA.10.1-2SA.10.19	3
22:17	1KI.9.26	3
22:18	ACT.3.25	27
22:18	GEN.12.3	18
22:18	GAL.3.16	18
22:18	GEN.26.4-GEN.26.5	15
22:18	GEN.18.18	12
22:18	GAL.3.8-GAL.3.9	12
22:18	JER.7.23	10
22:18	PSA.72.17	9
22:18	GAL.3.28-GAL.3.29	8
22:18	EPH.1.3	8
22:18	GAL.3.18	7
22:18	ROM.1.3	6
22:18	HEB.11.1-HEB.11.40	5
22:18	GEN.22.3	3
22:18	GEN.22.10	2
22:18	1SA.2.30	2
22:19	GEN.21.31	3
22:19	JOS.15.28	2
22:19	JDG.20.1	2
22:20	GEN.11.29	6
22:20	GEN.24.24	4
22:20	GEN.11.26	2
22:20	GEN.24.10	2
22:20	GEN.24.15	2
22:20	GEN.31.53	2
22:20	PRO.25.25	2
22:21	JOB.1.1	3
22:21	GEN.24.10	2
22:21	NUM.23.7	2
22:21	JOB.32.2	2
22:21	PSA.60.1-PSA.60.12	2
22:23	GEN.24.15	5
22:23	GEN.24.24	2
22:23	GEN.24.47	2
22:23	GEN.24.51	2
22:23	GEN.24.60	2
22:23	GEN.24.67	2
22:23	GEN.25.20	2
22:23	GEN.28.2	2
22:23	GEN.28.5	2
22:23	ROM.9.10	2
22:24	GEN.16.3	2
22:24	GEN.25.6	2
22:24	PRO.15.25	2
23:2	GEN.23.19	6
23:2	GEN.13.18	5
23:2	1CH.6.57	4
23:2	JDG.1.10	3
23:2	GEN.27.41	2
23:2	GEN.50.10	2
23:2	NUM.13.22	2
23:2	NUM.20.29	2
23:2	DEU.34.8	2
23:2	JOS.10.39	2
23:2	JOS.14.14-JOS.14.15	2
23:2	JOS.20.7	2
23:2	1SA.20.31	2
23:2	1SA.28.3	2
23:2	2SA.1.12	2
23:2	2SA.1.17	2
23:2	2SA.2.11	2
23:2	2SA.5.3	2
23:2	2SA.5.5	2
23:2	2CH.35.25	2
23:2	JER.22.10	2
23:2	JER.22.18	2
23:2	EZK.24.16-EZK.24.18	2
23:2	JHN.11.31	2
23:2	JHN.11.35	2
23:2	ACT.8.2	2
23:3	GEN.10.15	3
23:3	GEN.23.5	2
23:3	GEN.23.7	2
23:3	GEN.27.46	2
23:3	GEN.49.30	2
23:3	1SA.26.6	2
23:3	2SA.23.39	2
23:3	GEN.25.10	1
23:4	1CH.29.15	6
23:4	HEB.11.9	6
23:4	GEN.17.8	5
23:4	PSA.119.19	4
23:4	GEN.49.30	3
23:4	LEV.25.23	3
23:4	PSA.39.12	3
23:4	ACT.7.5	3
23:4	HEB.11.13-HEB.11.16	3
23:4	GEN.3.19	2
23:4	GEN.47.9	2
23:4	GEN.50.13	2
23:4	JOB.30.23	2
23:4	PSA.105.12-PSA.105.13	2
23:4	ECC.6.3	2
23:4	ECC.12.5	2
23:4	ECC.12.7	2
23:4	1PE.2.11	2
23:6	GEN.24.35	7
23:6	GEN.14.14	4
23:6	GEN.13.2	2
23:6	GEN.18.12	2
23:6	GEN.21.22	2
23:6	GEN.24.18	2
23:6	GEN.31.35	2
23:6	GEN.32.4-GEN.32.5	2
23:6	GEN.32.18	2
23:6	GEN.42.10	2
23:6	GEN.44.5	2
23:6	GEN.44.8	2
23:6	EXO.32.22	2
23:6	ISA.45.14	2
23:6	1JN.3.1-1JN.3.2	2
23:6	RUT.2.13	1
23:7	HEB.12.14	3
23:7	GEN.18.2	2
23:7	GEN.19.1	2
23:7	PRO.18.24	2
23:7	ROM.12.17-ROM.12.18	2
23:7	1PE.3.8	1
23:8	GEN.25.9	2
23:8	1KI.2.17	2
23:8	LUK.7.3-LUK.7.4	2
23:8	HEB.7.26	2
23:8	1JN.2.1-1JN.2.2	2
23:9	ROM.12.17	1
23:9	ROM.13.8	1
23:10	GEN.34.20	5
23:10	GEN.34.24	5
23:10	GEN.23.18	3
23:10	GEN.24.10	2
23:10	RUT.4.1-RUT.4.4	2
23:10	JOB.29.7	2
23:10	ISA.28.6	2
23:10	MAT.9.1	2
23:10	LUK.2.3-LUK.2.4	2
23:11	LUK.19.24	4
23:11	ISA.32.8	3
23:11	GEN.23.6	2
23:11	GEN.23.18	2
23:11	NUM.35.30	2
23:11	DEU.17.6	2
23:11	DEU.19.15	2
23:11	RUT.4.1	2
23:11	RUT.4.4	2
23:11	RUT.4.9	2
23:11	RUT.4.11	2
23:11	2SA.24.20-2SA.24.24	2
23:11	1CH.21.22-1CH.21.24	2
23:11	JER.32.7-JER.32.12	2
23:12	GEN.18.2	2
23:12	GEN.19.1	2
23:12	GEN.23.7	2
23:13	ROM.13.8	3
23:13	GEN.14.22-GEN.14.23	2
23:13	2SA.24.24	2
23:13	ACT.20.35	2
23:13	PHP.4.5-PHP.4.8	1
23:13	COL.4.5	1
23:13	HEB.13.5	1
23:15	EZK.45.12	5
23:15	EXO.30.13	2
23:15	EXO.30.15	2
23:16	JER.32.9	5
23:16	ZEC.11.12	5
23:16	GEN.23.15	2
23:16	GEN.43.21	2
23:16	EXO.30.13	2
23:16	EZR.8.25-EZR.8.30	2
23:16	JOB.28.15	2
23:16	EZK.45.12	2
23:16	MAT.7.12	2
23:16	ROM.13.8	2
23:16	PHP.4.8	2
23:16	1TH.4.6	2
23:17	GEN.25.9	6
23:17	GEN.50.13	6
23:17	GEN.23.20	4
23:17	GEN.49.29-GEN.49.32	3
23:17	ACT.7.16	3
23:17	RUT.4.7-RUT.4.10	2
23:17	PSA.112.5	2
23:17	JER.32.7-JER.32.14	2
23:17	MAT.10.16	2
23:17	EPH.5.15	2
23:17	COL.4.5	2
23:18	GEN.34.20	2
23:18	RUT.4.1	2
23:18	JER.32.12	2
23:19	GEN.3.19	2
23:19	GEN.25.9-GEN.25.10	2
23:19	GEN.35.27-GEN.35.29	2
23:19	GEN.47.30	2
23:19	GEN.49.29-GEN.49.32	2
23:19	GEN.50.13	2
23:19	GEN.50.25	2
23:19	JOB.30.23	2
23:19	ECC.6.3	2
23:19	ECC.12.5	2
23:19	ECC.12.7	2
23:20	RUT.4.7-RUT.4.10	3
23:20	JER.32.10-JER.32.14	3
23:20	GEN.25.9	2
23:20	GEN.49.31-GEN.49.32	2
23:20	GEN.50.5	2
23:20	GEN.50.13	2
23:20	GEN.50.24-GEN.50.25	2
23:20	2SA.24.24	2
23:20	2KI.21.18	2
24:1	PSA.112.1-PSA.112.3	8
24:1	GEN.13.2	7
24:1	PRO.10.22	7
24:1	GAL.3.9	7
24:1	MAT.6.33	6
24:1	GEN.12.2	5
24:1	GEN.18.11	5
24:1	EPH.1.3	4
24:1	GEN.24.35	3
24:1	ISA.51.2	3
24:1	1TI.4.8	3
24:1	GEN.21.5	2
24:1	GEN.25.20	2
24:1	GEN.49.25	2
24:1	1KI.1.1	2
24:1	LUK.1.7	2
24:2	GEN.47.29	8
24:2	GEN.39.4-GEN.39.6	6
24:2	GEN.15.2	4
24:2	GEN.24.9-GEN.24.10	3
24:2	GEN.39.8-GEN.39.9	3
24:2	GEN.44.1	3
24:2	1CH.29.24	1
24:2	1TI.5.17	0
24:3	GEN.26.34-GEN.26.35	8
24:3	2CO.6.14-2CO.6.17	7
24:3	GEN.28.8	5
24:3	DEU.7.3-DEU.7.4	5
24:3	NEH.13.25	5
24:3	GEN.10.15-GEN.10.19	4
24:3	EXO.34.16	4
24:3	2KI.19.15	4
24:3	JER.10.11	4
24:3	1CO.7.39	4
24:3	GEN.6.2	3
24:3	GEN.6.4	3
24:3	GEN.14.19	3
24:3	GEN.21.23	3
24:3	GEN.27.46-GEN.28.2	3
24:3	GEN.31.44-GEN.31.53	3
24:3	GEN.50.25	3
24:3	EXO.20.7	3
24:3	EXO.23.13	3
24:3	NUM.5.21	3
24:3	DEU.6.13	3
24:3	DEU.10.20	3
24:3	JOS.2.12	3
24:3	2CH.2.12	3
24:3	NEH.9.6	3
24:3	GEN.14.22	2
24:3	GEN.26.28-GEN.26.31	2
24:3	EXO.22.11	2
24:3	LEV.19.12	2
24:3	1SA.20.17	2
24:3	PSA.115.15	2
24:3	ISA.45.23	2
24:3	ISA.65.16	2
24:3	JER.4.2	2
24:3	JER.12.16	2
24:3	ZEP.1.5	2
24:3	ISA.48.1	1
24:3	HEB.6.16	1
24:4	GEN.28.2	4
24:4	GEN.11.25-GEN.12.1	2
24:4	GEN.12.7	2
24:4	GEN.22.20-GEN.22.23	2
24:5	JER.4.2	3
24:5	GEN.24.58	2
24:5	EXO.9.2	2
24:5	EXO.20.7	2
24:5	PRO.13.16	2
24:6	GAL.5.1	3
24:6	HEB.10.39	3
24:6	2PE.2.20-2PE.2.22	3
24:6	HEB.11.9	2
24:6	HEB.11.13-HEB.11.16	1
24:7	EXO.33.2	7
24:7	PSA.34.7	7
24:7	GEN.13.15	6
24:7	EXO.23.20-EXO.23.23	6
24:7	HEB.1.14	6
24:7	GEN.15.18	4
24:7	EXO.32.13	4
24:7	PSA.32.8	4
24:7	PSA.73.24	4
24:7	PSA.103.20	4
24:7	GEN.17.8	3
24:7	GEN.22.16-GEN.22.18	3
24:7	GEN.26.3-GEN.26.4	3
24:7	GEN.26.24	3
24:7	EXO.13.5	3
24:7	NUM.14.16	3
24:7	NUM.14.30	3
24:7	NUM.32.11	3
24:7	DEU.1.8	3
24:7	DEU.34.4	3
24:7	JOS.1.6	3
24:7	PRO.3.5-PRO.3.6	3
24:7	DAN.2.44	3
24:7	ACT.7.5	3
24:7	HEB.11.9	3
24:7	REV.11.13	3
24:7	GEN.12.1-GEN.12.7	2
24:7	JDG.2.1	2
24:7	ISA.63.9	2
24:7	EZR.1.2	1
24:7	JON.1.9	1
24:8	JOS.2.17-JOS.2.20	4
24:8	NUM.30.5	3
24:8	NUM.30.8	3
24:8	GEN.24.4-GEN.24.6	2
24:8	JOS.9.20	2
24:8	JHN.8.32	2
24:8	ACT.7.2	2
24:9	GEN.24.2	1
24:10	GEN.11.31	3
24:10	DEU.23.4	3
24:10	GEN.24.2	2
24:10	GEN.27.43	2
24:10	GEN.29.1	2
24:10	GEN.29.4-GEN.29.5	2
24:10	GEN.39.4-GEN.39.6	2
24:10	GEN.39.8-GEN.39.9	2
24:10	GEN.39.22-GEN.39.23	2
24:10	JDG.3.8-JDG.3.10	2
24:10	1CH.19.6	2
24:10	ACT.2.9	2
24:11	1SA.9.11	5
24:11	EXO.2.16	3
24:11	JHN.4.7	3
24:11	GEN.24.13-GEN.24.20	2
24:11	GEN.33.13-GEN.33.14	2
24:11	PRO.12.10	2
24:12	GEN.24.27	7
24:12	EXO.3.6	5
24:12	GEN.26.24	4
24:12	GEN.24.42	3
24:12	GEN.24.48	3
24:12	EXO.3.15	3
24:12	2KI.2.14	3
24:12	PSA.122.6	3
24:12	GEN.15.1	2
24:12	GEN.17.7-GEN.17.8	2
24:12	GEN.27.10	2
24:12	GEN.27.20	2
24:12	GEN.28.13	2
24:12	GEN.31.42	2
24:12	GEN.32.9	2
24:12	GEN.43.14	2
24:12	1KI.18.36	2
24:12	NEH.1.11	2
24:12	NEH.2.4	2
24:12	PSA.37.5	2
24:12	PSA.90.16-PSA.90.17	2
24:12	PSA.118.25	2
24:12	PSA.127.1	2
24:12	PRO.3.6	2
24:12	MAT.22.32	2
24:12	PHP.4.6	2
24:12	1TH.3.10-1TH.3.11	2
24:13	GEN.24.43	5
24:13	PSA.37.5	3
24:13	GEN.24.11	2
24:13	GEN.29.9-GEN.29.10	2
24:13	EXO.2.16	2
24:13	JDG.5.11	2
24:13	1SA.9.11	2
24:13	PRO.3.6	2
24:13	JHN.4.7	2
24:14	JDG.6.37	8
24:14	JDG.6.17	7
24:14	GEN.15.8	4
24:14	2SA.5.24	3
24:14	2KI.20.8-2KI.20.11	3
24:14	ISA.7.11	3
24:14	EXO.4.1-EXO.4.9	2
24:14	JDG.18.5	2
24:14	1SA.14.8-1SA.14.10	2
24:14	PRO.19.14	2
24:14	GEN.24.44	1
24:14	JDG.7.13-JDG.7.15	1
24:14	1SA.6.7-1SA.6.9	1
24:14	1SA.10.2-1SA.10.10	1
24:14	1SA.20.7	1
24:14	2SA.20.9	1
24:14	ROM.1.10	1
24:15	GEN.11.29	6
24:15	GEN.24.45	5
24:15	ISA.65.24	5
24:15	PSA.65.2	4
24:15	DAN.9.20-DAN.9.23	4
24:15	GEN.22.20-GEN.22.23	3
24:15	EXO.2.16	3
24:15	PSA.34.15	3
24:15	PSA.145.18-PSA.145.19	3
24:15	ISA.58.9	3
24:15	GEN.11.27	2
24:15	GEN.29.9	2
24:15	JDG.6.36-JDG.6.40	2
24:15	RUT.2.2	2
24:15	RUT.2.17	2
24:15	GEN.21.14	1
24:15	GEN.24.24	1
24:15	PRO.31.27	1
24:16	GEN.26.7	4
24:16	GEN.4.1	1
24:16	GEN.39.6	1
24:16	NUM.31.17-NUM.31.18	1
24:16	SNG.5.2	0
24:17	JHN.4.7	5
24:17	GEN.26.1-GEN.26.35	2
24:17	1KI.17.10	2
24:17	ISA.21.14	2
24:17	ISA.30.25	1
24:17	ISA.35.6-ISA.35.7	1
24:17	ISA.41.17-ISA.41.18	1
24:17	ISA.49.10	1
24:17	JHN.4.9	1
24:18	GEN.24.14	3
24:18	PRO.31.26	3
24:18	1PE.3.8	3
24:18	1PE.4.8-1PE.4.9	3
24:19	GEN.24.14	5
24:19	GEN.24.45-GEN.24.46	3
24:19	1PE.4.9	3
24:21	GEN.24.12	4
24:21	PSA.107.43	4
24:21	2SA.7.18-2SA.7.20	3
24:21	LUK.2.19	3
24:21	LUK.2.51	3
24:21	PSA.116.1-PSA.116.7	2
24:21	GEN.24.56	1
24:21	PSA.34.1-PSA.34.6	1
24:21	PSA.107.1	1
24:21	PSA.107.8	1
24:21	PSA.107.15	1
24:22	EZK.16.11-EZK.16.12	6
24:22	EXO.32.2-EXO.32.3	5
24:22	GEN.23.15-GEN.23.16	4
24:22	GEN.24.30	4
24:22	GEN.24.47	4
24:22	JER.2.32	4
24:22	EST.5.1	3
24:22	ISA.3.19-ISA.3.23	3
24:22	1TI.2.9-1TI.2.10	2
24:22	1PE.3.3	2
24:22	1PE.3.8	2
24:24	GEN.24.15	6
24:24	GEN.22.23	4
24:24	GEN.11.29	3
24:24	GEN.22.20	3
24:25	ISA.32.8	3
24:25	1PE.4.9	3
24:25	GEN.18.4-GEN.18.8	2
24:25	JDG.19.19-JDG.19.21	2
24:26	GEN.24.48	7
24:26	GEN.24.52	6
24:26	EXO.4.31	6
24:26	EXO.12.27	3
24:26	EXO.34.8	2
24:26	1CH.29.20	2
24:26	2CH.20.18	2
24:26	2CH.29.30	2
24:26	NEH.8.6	2
24:26	PSA.22.29	2
24:26	PSA.66.4	2
24:26	PSA.72.9	2
24:26	PSA.95.6	2
24:26	MIC.6.6	2
24:26	PHP.2.10	2
24:26	GEN.22.5	1
24:27	GEN.24.48	8
24:27	GEN.24.12	5
24:27	GEN.32.10	5
24:27	RUT.4.14	5
24:27	PSA.98.3	5
24:27	EXO.18.10	4
24:27	1SA.25.32	4
24:27	2SA.18.28	3
24:27	PSA.100.5	3
24:27	PRO.3.6	3
24:27	LUK.1.68	3
24:27	GEN.9.26	2
24:27	GEN.13.8	2
24:27	GEN.14.20	2
24:27	GEN.24.4	2
24:27	GEN.24.21	2
24:27	GEN.24.42	2
24:27	EXO.2.11	2
24:27	EXO.2.13	2
24:27	1SA.25.39	2
24:27	1CH.29.10-1CH.29.13	2
24:27	PSA.68.19	2
24:27	PSA.72.18-PSA.72.19	2
24:27	PRO.4.11-PRO.4.13	2
24:27	PRO.8.20	2
24:27	MIC.7.20	2
24:27	JHN.1.17	2
24:27	EPH.1.3	2
24:27	1TI.1.17	2
24:28	GEN.24.48	2
24:28	GEN.24.55	2
24:28	GEN.24.67	2
24:28	GEN.31.33	2
24:29	GEN.29.5	6
24:29	GEN.24.55	2
24:29	GEN.29.13	2
24:29	GEN.24.60	1
24:31	GEN.26.29	5
24:31	RUT.3.10	5
24:31	PSA.115.15	4
24:31	JDG.17.2	3
24:31	PRO.18.16	2
24:31	PRO.17.8	1
24:32	GEN.43.24	5
24:32	JDG.19.21	5
24:32	GEN.18.4	4
24:32	GEN.19.2	3
24:32	LUK.7.44	3
24:32	1TI.5.10	3
24:32	1SA.25.41	2
24:32	JHN.13.4-JHN.13.14	2
24:33	PSA.132.3-PSA.132.5	4
24:33	EPH.6.5-EPH.6.8	3
24:33	1TI.6.2	3
24:33	JOB.23.12	1
24:33	PRO.22.29	1
24:33	ECC.9.10	1
24:33	JHN.4.14	1
24:33	JHN.4.31-JHN.4.34	1
24:35	GEN.13.2	15
24:35	GEN.24.1	15
24:35	PSA.107.38	10
24:35	PRO.10.22	10
24:35	GEN.12.16	8
24:35	MAT.6.33	8
24:35	GEN.12.2	7
24:35	GEN.25.11	7
24:35	GEN.26.12-GEN.26.14	6
24:35	PSA.18.35	6
24:35	PRO.22.4	6
24:35	GEN.49.25	5
24:35	JOB.42.10-JOB.42.12	5
24:35	PSA.112.3	5
24:35	1TI.4.8	5
24:35	JOB.1.3	4
24:36	GEN.25.5	7
24:36	GEN.21.10	5
24:36	GEN.21.1-GEN.21.7	4
24:36	GEN.17.15-GEN.17.19	3
24:36	GEN.18.10-GEN.18.14	3
24:36	ROM.4.19	3
24:36	GEN.11.29-GEN.11.30	2
24:37	GEN.24.2-GEN.24.9	3
24:37	GEN.27.46	3
24:37	EZR.9.1-EZR.9.3	3
24:37	GEN.6.2	2
24:38	GEN.24.4	3
24:38	GEN.12.1	2
24:38	GEN.31.19	2
24:39	GEN.24.5	3
24:40	EXO.23.20	10
24:40	PSA.16.8	6
24:40	GEN.5.24	5
24:40	GEN.17.1	5
24:40	EXO.33.2	5
24:40	GEN.5.22	4
24:40	GEN.6.9	4
24:40	GEN.24.7	4
24:40	GEN.48.15	4
24:40	1KI.8.23	4
24:40	2KI.20.3	4
24:40	PSA.1.3	4
24:40	PSA.91.11	4
24:40	DAN.3.28	4
24:40	HEB.1.14	4
24:40	REV.22.16	4
24:40	REV.22.8	3
24:40	1KI.2.3	2
24:41	GEN.24.8	5
24:41	DEU.29.12	2
24:42	NEH.1.11	4
24:42	GEN.24.12-GEN.24.14	3
24:42	EZR.8.21	3
24:42	PSA.37.5	3
24:42	PSA.90.17	3
24:42	ROM.1.10	3
24:42	GEN.24.31	2
24:42	GEN.39.3	2
24:42	ACT.10.7-ACT.10.8	2
24:42	ACT.10.22	2
24:43	GEN.24.13-GEN.24.14	5
24:44	GEN.24.14	4
24:44	GEN.2.22	2
24:44	PRO.16.33	2
24:44	PRO.18.22	2
24:44	PRO.19.14	2
24:44	ISA.32.8	2
24:44	1TI.2.10	2
24:44	HEB.13.2	2
24:44	1PE.3.8	2
24:45	GEN.24.15-GEN.24.20	3
24:45	ISA.65.24	3
24:45	DAN.9.23	3
24:45	MAT.7.7	3
24:45	ACT.10.30	3
24:45	ACT.12.12-ACT.12.17	3
24:45	1SA.1.13-1SA.1.15	2
24:45	2SA.7.27	2
24:45	NEH.2.4	2
24:45	ISA.58.9	2
24:45	DAN.9.19	2
24:45	ACT.4.24-ACT.4.33	2
24:45	ROM.8.26	2
24:46	GEN.24.18-GEN.24.19	3
24:47	GEN.24.22-GEN.24.24	3
24:47	GEN.24.53	3
24:47	PSA.45.13-PSA.45.14	3
24:47	ISA.62.3-ISA.62.5	3
24:47	EZK.16.10-EZK.16.13	3
24:47	PSA.45.9	2
24:47	EPH.5.26-EPH.5.27	2
24:48	GEN.24.26-GEN.24.27	5
24:48	PRO.3.5-PRO.3.6	5
24:48	PSA.32.8	4
24:48	PSA.48.14	4
24:48	GEN.24.52	3
24:48	ISA.48.17	3
24:48	GEN.22.23	2
24:48	EXO.18.20	2
24:48	EZR.8.21	2
24:48	PSA.107.7	2
24:48	PRO.4.11	2
24:49	GEN.47.29	6
24:49	JOS.2.14	5
24:49	GEN.32.10	3
24:49	PRO.3.3	3
24:49	NUM.20.17	2
24:49	DEU.2.27	2
24:50	PSA.118.23	10
24:50	GEN.31.24	5
24:50	GEN.31.29	4
24:50	2SA.13.22	3
24:50	MRK.12.11	3
24:50	GEN.24.15	2
24:50	GEN.24.28	2
24:50	GEN.24.53	2
24:50	GEN.24.55	2
24:50	MAT.21.42	2
24:50	GEN.24.60	1
24:50	ACT.11.17	1
24:51	GEN.20.15	3
24:51	GEN.24.15	2
24:51	2SA.16.10	2
24:52	GEN.24.26	5
24:52	GEN.24.48	5
24:52	PSA.95.6	4
24:52	PSA.116.1-PSA.116.2	4
24:52	1CH.29.20	3
24:52	2CH.20.18	3
24:52	PSA.34.1-PSA.34.2	3
24:52	PSA.107.21-PSA.107.22	3
24:52	MAT.2.11	2
24:52	ACT.10.25-ACT.10.26	2
24:53	GEN.24.10	3
24:53	GEN.24.22	3
24:53	EXO.3.22	2
24:53	EXO.11.2	2
24:53	EXO.12.35	2
24:53	DEU.33.13-DEU.33.16	1
24:53	2CH.21.3	1
24:53	EZR.1.6	1
24:53	SNG.4.13	1
24:53	ISA.39.2	1
24:54	GEN.24.56	6
24:54	GEN.24.59	5
24:54	GEN.28.5-GEN.28.6	2
24:54	GEN.45.24	2
24:54	2SA.18.19	2
24:54	PRO.22.29	2
24:54	ECC.7.10	2
24:54	2SA.18.27-2SA.18.28	1
24:54	LUK.8.38-LUK.8.39	1
24:55	GEN.4.3	2
24:55	LEV.25.29	2
24:55	JDG.14.8	2
24:56	JOS.1.8	3
24:56	PRO.25.25	3
24:56	ISA.48.15	3
24:56	GEN.45.9-GEN.45.13	2
24:58	LUK.1.38	3
24:58	PSA.45.10-PSA.45.11	2
24:59	GEN.35.8	7
24:59	GEN.24.50	2
24:59	GEN.24.53	2
24:59	GEN.24.60	2
24:59	NUM.11.12	2
24:59	1TH.2.5	2
24:60	GEN.22.17	18
24:60	GEN.17.16	9
24:60	RUT.4.11-RUT.4.12	7
24:60	GEN.28.3	6
24:60	GEN.1.28	5
24:60	GEN.9.1	5
24:60	GEN.48.15-GEN.48.16	5
24:60	GEN.48.20	4
24:60	GEN.14.19	3
24:60	LEV.25.46	3
24:60	DEU.21.19	3
24:60	DAN.7.10	3
24:61	GEN.2.24	3
24:61	PSA.45.10	3
24:61	GEN.31.34	1
24:61	1SA.30.17	1
24:61	EST.8.10	1
24:61	EST.8.14	1
24:62	GEN.16.14	6
24:62	GEN.25.11	6
24:62	GEN.12.9	3
24:62	GEN.20.1	3
24:63	PSA.119.15	6
24:63	JOS.1.8	4
24:63	PSA.1.2	4
24:63	PSA.104.34	4
24:63	PSA.143.5-PSA.143.6	4
24:63	PSA.77.11-PSA.77.12	3
24:63	PSA.119.27	3
24:63	PSA.119.48	3
24:63	PSA.139.17-PSA.139.18	3
24:63	PSA.145.5	3
24:64	JOS.15.18	2
24:64	JDG.1.14	2
24:65	1TI.2.9	4
24:65	1CO.11.5-1CO.11.6	3
24:65	1CO.11.10	2
24:65	GEN.20.16	1
24:66	MRK.6.30	2
24:67	SNG.8.2	4
24:67	EPH.5.22-EPH.5.33	4
24:67	GEN.18.6	3
24:67	GEN.18.9-GEN.18.10	3
24:67	GEN.23.1-GEN.23.2	3
24:67	GEN.25.20	3
24:67	GEN.29.18	3
24:67	GEN.37.35	3
24:67	GEN.38.12	3
24:67	ISA.54.1-ISA.54.5	3
24:67	2CO.11.1-2CO.11.2	3
24:67	1TH.4.13	3
24:67	GEN.2.22-GEN.2.24	2
24:67	1TH.4.15	2
25:1	1CH.1.32-1CH.1.33	5
25:1	GEN.23.1-GEN.23.2	3
25:1	GEN.28.1	3
25:2	1CH.1.32-1CH.1.33	6
25:2	GEN.36.35	3
25:2	GEN.37.28	3
25:2	GEN.37.36	3
25:2	EXO.2.15-EXO.2.16	3
25:2	EXO.18.1-EXO.18.4	3
25:2	NUM.22.4	3
25:2	NUM.25.17-NUM.25.18	3
25:2	NUM.31.2	3
25:2	NUM.31.8	3
25:2	JOB.2.11	3
25:2	JER.25.25	3
25:2	JDG.6.1-JDG.6.8	2
25:3	EZK.25.13	4
25:3	1KI.10.1	3
25:3	JOB.6.19	3
25:3	JER.25.23	3
25:3	JER.49.8	3
25:3	EZK.27.6	3
25:3	EZK.27.20	3
25:3	2SA.2.9	2
25:3	PSA.72.10	2
25:4	ISA.60.6	3
25:5	GEN.24.36	8
25:5	GAL.3.29	5
25:5	HEB.1.2	5
25:5	GEN.21.10-GEN.21.12	4
25:5	PSA.68.18	4
25:5	MAT.11.27	4
25:5	MAT.28.18	4
25:5	JHN.3.35	4
25:5	ROM.8.17	4
25:5	ROM.8.32	4
25:5	1CO.3.21-1CO.3.23	4
25:5	JHN.17.2	3
25:5	ROM.9.7-ROM.9.9	3
25:5	GAL.4.28	3
25:5	COL.1.19	3
25:6	GEN.21.14	8
25:6	JDG.6.3	7
25:6	ACT.14.17	3
25:6	GEN.16.3	2
25:6	GEN.25.1	2
25:6	GEN.32.22	2
25:6	GEN.35.22	2
25:6	JDG.19.1-JDG.19.2	2
25:6	JDG.19.4	2
25:6	JOB.1.1	2
25:6	JOB.1.3	2
25:6	PSA.17.14-PSA.17.15	2
25:6	MAT.5.45	2
25:6	LUK.11.11-LUK.11.13	2
25:6	GEN.30.4	1
25:6	GEN.30.9	1
25:7	GEN.12.4	3
25:8	GEN.35.28-GEN.35.29	16
25:8	GEN.15.15	15
25:8	1CH.29.28	13
25:8	GEN.49.33	12
25:8	JOB.5.26	12
25:8	GEN.25.17	11
25:8	GEN.47.8-GEN.47.9	11
25:8	JDG.8.32	11
25:8	JOB.42.17	11
25:8	PRO.20.29	10
25:8	ACT.13.36	10
25:8	GEN.25.7	9
25:8	GEN.49.29	6
25:8	ACT.5.10	6
25:8	GEN.35.18	3
25:8	NUM.20.24	3
25:8	NUM.27.13	3
25:8	JDG.2.10	3
25:8	JER.6.11	3
25:8	ACT.5.5	2
25:8	ACT.12.23	2
25:9	GEN.50.13	6
25:9	GEN.35.29	5
25:9	GEN.21.9-GEN.21.10	4
25:9	GEN.49.29-GEN.49.30	4
25:9	GEN.23.9-GEN.23.20	3
25:10	GEN.23.16	5
25:10	GEN.49.31	4
25:11	GEN.16.14	6
25:11	GEN.22.17	6
25:11	GEN.12.2	5
25:11	GEN.17.19	5
25:11	GEN.24.62	5
25:11	GEN.50.24	4
25:12	PSA.83.6	5
25:12	GEN.17.20	4
25:12	GEN.21.13	4
25:12	GEN.16.10-GEN.16.15	3
25:13	1CH.1.29-1CH.1.31	5
25:13	ISA.60.7	4
25:13	PSA.120.5	3
25:13	SNG.1.5	3
25:13	ISA.42.11	3
25:13	GEN.36.3	2
25:13	ISA.21.16-ISA.21.17	2
25:14	ISA.21.11	3
25:14	ISA.21.16	3
25:15	1CH.5.19	4
25:15	JOB.2.11	3
25:16	GEN.17.20	7
25:16	GEN.17.23	3
25:17	GEN.15.15	3
25:17	GEN.25.7-GEN.25.8	3
25:18	GEN.16.12	7
25:18	GEN.20.1	6
25:18	GEN.2.11	3
25:18	GEN.10.7	3
25:18	GEN.10.29	3
25:18	GEN.13.10	3
25:18	GEN.14.10	3
25:18	GEN.21.21	3
25:18	1SA.15.7	3
25:18	2KI.23.29	3
25:18	PSA.78.64	3
25:18	ISA.19.23-ISA.19.24	3
25:18	GEN.21.14	2
25:19	MAT.1.2	5
25:19	LUK.3.34	3
25:19	ACT.7.8	2
25:19	1CH.1.32	1
25:20	GEN.24.29	6
25:20	GEN.24.67	5
25:20	GEN.22.23	4
25:20	GEN.31.24	3
25:20	DEU.26.5	3
25:20	GEN.28.5-GEN.28.6	2
25:20	GEN.31.18	2
25:20	GEN.31.20	2
25:20	GEN.35.9	1
25:20	LUK.4.27	1
25:21	2CH.33.13	17
25:21	EZR.8.23	17
25:21	ISA.58.9	16
25:21	LUK.1.13	16
25:21	1CH.5.20	14
25:21	ROM.9.10-ROM.9.12	14
25:21	GEN.15.2-GEN.15.3	13
25:21	1SA.1.27	13
25:21	LUK.1.7	11
25:21	PSA.91.15	10
25:21	PRO.10.24	10
25:21	GEN.11.30	9
25:21	1SA.1.11	9
25:21	PSA.65.2	9
25:21	PSA.127.3	9
25:21	PSA.145.19	9
25:21	GEN.16.2	8
25:21	GEN.17.16-GEN.17.19	8
25:21	1SA.1.2	8
25:21	PSA.50.15	8
25:21	ISA.45.11	8
25:21	ISA.65.24	6
25:22	1SA.9.9	5
25:22	1SA.10.22	3
25:22	1SA.28.6	3
25:22	1SA.30.8	3
25:22	EZK.20.31	2
25:22	EZK.36.37	2
25:22	1SA.22.15	1
25:23	ROM.9.10-ROM.9.13	16
25:23	GEN.27.40	14
25:23	GEN.27.29	13
25:23	2SA.8.14	11
25:23	MAL.1.2-MAL.1.5	9
25:23	GEN.17.16	7
25:23	GEN.24.60	7
25:23	1CH.18.13	7
25:23	EZK.25.12-EZK.25.14	7
25:23	NUM.20.14	5
25:23	PSA.60.8-PSA.60.9	5
25:23	ISA.34.1-ISA.34.17	5
25:23	JER.49.7-JER.49.22	5
25:23	AMO.1.11-AMO.1.12	5
25:23	OBA.1.1-OBA.1.16	5
25:23	GEN.17.4	4
25:23	GEN.25.27	4
25:23	GEN.33.3	4
25:23	GEN.36.31	4
25:23	1KI.22.47	4
25:23	2CH.25.11-2CH.25.12	4
25:23	PSA.83.5-PSA.83.15	4
25:23	ISA.63.1-ISA.63.6	4
25:23	GEN.32.6	3
25:23	EZK.35.1-EZK.35.15	3
25:25	GEN.27.11	6
25:25	GEN.27.16	4
25:25	GEN.27.23	4
25:26	GEN.27.36	7
25:26	HOS.12.3	7
25:26	GEN.38.28-GEN.38.30	4
25:27	GEN.21.20	6
25:27	HEB.11.9	6
25:27	GEN.6.9	5
25:27	GEN.10.9	5
25:27	GEN.28.10-GEN.28.11	5
25:27	GEN.27.3-GEN.27.5	4
25:27	GEN.27.40	4
25:27	GEN.31.39-GEN.31.41	4
25:27	GEN.46.34	4
25:27	JOB.1.1	4
25:27	JOB.1.8	4
25:27	PSA.37.37	4
25:27	JOB.2.3	2
25:28	GEN.27.19	5
25:28	GEN.27.4	4
25:28	GEN.27.31	4
25:28	GEN.27.9	3
25:28	GEN.27.25	3
25:28	GEN.27.6-GEN.27.7	2
25:29	PRO.13.25	7
25:29	ISA.40.30-ISA.40.31	7
25:29	1SA.14.28	2
25:29	JDG.8.4-JDG.8.5	1
25:29	1SA.14.31	1
25:30	GEN.36.1	3
25:30	GEN.36.9	3
25:30	GEN.36.43	3
25:30	EXO.15.15	3
25:30	NUM.20.14-NUM.20.21	3
25:30	DEU.23.7	3
25:30	2KI.8.20	3
25:32	JOB.21.15	5
25:32	JOB.22.17	5
25:32	JOB.34.9	5
25:32	MAL.3.14	5
25:32	EXO.22.9	3
25:33	HEB.12.16	6
25:33	GEN.27.36	4
25:33	HEB.6.16	4
25:33	GEN.24.3	3
25:33	GEN.36.6-GEN.36.7	3
25:33	MRK.6.23	3
25:33	GEN.14.22	2
25:34	HEB.12.16-HEB.12.17	8
25:34	PHP.3.18-PHP.3.19	6
25:34	ISA.22.13	5
25:34	MAT.26.15	5
25:34	1CO.15.32	5
25:34	PSA.106.24	4
25:34	ZEC.11.13	4
25:34	MAT.22.5	4
25:34	LUK.14.18-LUK.14.20	4
25:34	ACT.13.41	4
25:34	ECC.8.15	3
26:1	GEN.12.10	8
26:1	GEN.25.11	6
26:1	GEN.21.22-GEN.21.32	5
26:1	GEN.20.1-GEN.20.2	3
26:2	GEN.12.7	10
26:2	GEN.18.1	8
26:2	GEN.12.1	7
26:2	GEN.17.1	7
26:2	PSA.37.3	6
26:2	GEN.18.10-GEN.18.20	4
26:3	GEN.28.15	14
26:3	PSA.105.9	12
26:3	GEN.22.16-GEN.22.18	10
26:3	GEN.12.7	9
26:3	GEN.13.15	9
26:3	GEN.17.8	9
26:3	GEN.20.1	9
26:3	HEB.11.9	9
26:3	GEN.13.17	8
26:3	GEN.15.18	8
26:3	GEN.26.12	7
26:3	GEN.26.14	7
26:3	GEN.39.2	7
26:3	PSA.32.8	7
26:3	PSA.39.12	7
26:3	PHP.4.9	7
26:3	HEB.11.13-HEB.11.16	7
26:3	GEN.39.21	6
26:3	ISA.43.2	6
26:3	ISA.43.5	6
26:3	MIC.7.20	6
26:3	HEB.6.17	6
26:3	GEN.12.1-GEN.12.2	5
26:3	PSA.37.1-PSA.37.6	5
26:4	ACT.3.25	9
26:4	GEN.12.2-GEN.12.3	8
26:4	GEN.15.5	8
26:4	GEN.13.16	7
26:4	GEN.22.17-GEN.22.18	7
26:4	GAL.3.8	7
26:4	EXO.32.13	6
26:4	PSA.72.17	5
26:4	GAL.3.16	5
26:4	GEN.17.4-GEN.17.8	4
26:4	GEN.15.18	3
26:4	GEN.18.18	3
26:4	HEB.11.2	3
26:5	MAT.7.24	13
26:5	GEN.22.18	11
26:5	GEN.22.16	10
26:5	PSA.112.1-PSA.112.2	9
26:5	JAS.2.21	9
26:5	HEB.11.8	8
26:5	PSA.128.1-PSA.128.6	7
26:5	GAL.5.6	7
26:5	GEN.12.4	6
26:5	GEN.18.19	6
26:5	1CO.15.58	6
26:5	GEN.17.23	5
26:5	MAT.5.19	5
26:6	GEN.20.1	3
26:7	PRO.29.25	7
26:7	GEN.12.13	6
26:7	GEN.20.2	6
26:7	GEN.24.16	5
26:7	GEN.20.12-GEN.20.13	4
26:7	MAT.10.28	3
26:7	EPH.5.25	3
26:7	COL.3.9	3
26:7	GEN.20.5	2
26:8	ISA.62.5	4
26:8	JDG.5.28	3
26:8	PRO.5.18-PRO.5.19	3
26:8	PRO.7.6	3
26:8	SNG.2.9	3
26:8	ECC.9.9	2
26:10	GEN.12.18-GEN.12.19	2
26:10	GEN.20.9-GEN.20.10	2
26:11	PSA.105.15	6
26:11	GEN.20.6	5
26:11	PRO.6.29	4
26:11	ZEC.2.8	3
26:12	MRK.4.8	19
26:12	GEN.26.3	15
26:12	GEN.24.1	14
26:12	GEN.24.35	14
26:12	ZEC.8.12	14
26:12	2CO.9.10-2CO.9.11	14
26:12	JOB.42.12	13
26:12	PSA.67.6	13
26:12	ECC.11.6	13
26:12	GAL.6.7-GAL.6.8	13
26:12	1CO.3.6	12
26:12	GEN.30.30	11
26:12	MAT.13.8	10
26:12	PSA.72.16	9
26:12	GEN.26.29	8
26:12	MAT.13.23	8
26:13	PRO.10.22	6
26:13	PSA.112.3	5
26:13	GEN.24.35	4
26:14	GEN.37.11	5
26:14	GEN.12.16	4
26:14	GEN.13.2	4
26:14	1SA.18.9	4
26:14	JOB.1.3	4
26:14	JOB.5.2	4
26:14	JOB.42.12	4
26:14	PSA.112.3	4
26:14	PSA.144.13-PSA.144.14	4
26:14	PRO.10.22	4
26:14	PRO.27.4	4
26:14	ECC.4.4	4
26:14	PSA.112.10	3
26:15	GEN.21.30	5
26:15	GEN.21.25	2
26:16	EXO.1.9	5
26:18	ZEC.13.2	3
26:18	GEN.21.31	2
26:18	NUM.32.38	2
26:18	PSA.16.4	2
26:18	HOS.2.17	2
26:19	JHN.4.10-JHN.4.11	5
26:19	JHN.7.38	5
26:19	SNG.4.15	4
26:20	GEN.21.25	8
26:21	EZR.4.6	1
26:22	GEN.17.6	7
26:22	EXO.1.7	6
26:22	PSA.118.5	5
26:22	GEN.28.3	4
26:22	GEN.41.52	4
26:22	PSA.4.1	3
26:22	PSA.18.19	3
26:23	GEN.21.31	3
26:23	GEN.46.1	3
26:23	JDG.20.1	3
26:24	GEN.15.1	12
26:24	EXO.3.6	10
26:24	GEN.17.7	9
26:24	GEN.24.12	8
26:24	ISA.43.1-ISA.43.2	8
26:24	ACT.7.32	8
26:24	REV.1.17	6
26:24	GEN.13.16	5
26:24	GEN.28.13	5
26:24	GEN.31.5	5
26:24	PSA.46.1-PSA.46.2	5
26:24	ISA.12.2	5
26:24	ISA.41.10	5
26:24	ISA.41.13-ISA.41.15	5
26:24	ISA.44.2	5
26:24	MAT.22.32	5
26:24	LUK.12.32	5
26:24	HEB.13.6	5
26:24	GEN.26.2-GEN.26.4	4
26:24	PSA.27.1-PSA.27.3	4
26:24	ISA.51.7	3
26:24	ISA.51.12	3
26:24	GEN.22.19	2
26:25	GEN.13.18	6
26:25	PSA.116.17	6
26:25	GEN.12.7-GEN.12.8	4
26:25	GEN.8.20	3
26:25	GEN.13.4	3
26:25	GEN.22.9	3
26:25	GEN.33.20	3
26:25	GEN.35.1	3
26:25	EXO.17.15	3
26:26	GEN.20.3	3
26:26	GEN.21.22-GEN.21.32	3
26:27	GEN.26.16	6
26:27	JDG.11.7	4
26:27	GEN.26.14	3
26:27	ACT.7.9	3
26:27	ACT.7.14	3
26:27	ACT.7.27	3
26:27	ACT.7.35	3
26:27	REV.3.9	3
26:28	GEN.21.22-GEN.21.23	7
26:28	GEN.21.31-GEN.21.32	4
26:28	GEN.39.5	4
26:28	JOS.3.7	4
26:28	ISA.45.14	4
26:28	ISA.61.9	4
26:28	GEN.24.3	3
26:28	GEN.24.41	3
26:28	GEN.31.49-GEN.31.53	3
26:28	2CH.1.1	3
26:28	ISA.60.14	3
26:28	ISA.61.6	3
26:28	1CO.14.25	3
26:28	HEB.6.16	3
26:28	HEB.13.5	3
26:28	ROM.8.31	2
26:29	GEN.24.31	8
26:29	GEN.21.22	7
26:29	GEN.12.2	6
26:29	GEN.22.17	5
26:29	PSA.115.15	5
26:29	GEN.26.11-GEN.26.12	4
26:29	GEN.26.14-GEN.26.15	4
26:30	GEN.19.3	6
26:30	ROM.12.18	4
26:30	HEB.12.14	4
26:30	GEN.31.54	3
26:30	GEN.21.8	2
26:30	1PE.4.9	2
26:31	GEN.21.31-GEN.21.32	4
26:31	GEN.25.33	4
26:31	GEN.31.44	4
26:31	1SA.20.16-1SA.20.17	4
26:31	1SA.30.15	4
26:31	HEB.6.16	4
26:31	GEN.14.22	3
26:31	GEN.19.2	3
26:31	GEN.21.14	3
26:31	GEN.21.23	3
26:31	GEN.22.3	3
26:31	GEN.31.55	3
26:31	1SA.14.24	3
26:31	1SA.20.3	3
26:32	PRO.10.4	4
26:32	GEN.26.25	3
26:32	PRO.2.4-PRO.2.5	3
26:32	PRO.13.4	3
26:32	MAT.7.7	3
26:33	GEN.21.31	7
26:33	GEN.26.28	4
26:34	GEN.36.2	9
26:34	GEN.36.13	5
26:34	EXO.34.16	5
26:34	GEN.24.3	4
26:34	GEN.28.9	4
26:34	GEN.36.5	4
26:34	1CO.7.2	3
26:34	HEB.12.16	3
26:35	GEN.27.46-GEN.28.2	7
26:35	GEN.6.2	4
26:35	GEN.28.8	4
27:1	GEN.48.10	10
27:1	1SA.3.2	10
27:1	GEN.25.23-GEN.25.25	4
27:1	ECC.12.3	3
27:1	JHN.9.3	3
27:2	JAS.4.14	5
27:2	PRO.27.1	4
27:2	ECC.9.10	4
27:2	MRK.13.35	4
27:2	GEN.47.29	3
27:2	GEN.48.21	3
27:2	1SA.20.3	3
27:2	ISA.38.1	3
27:2	ISA.38.3	3
27:3	GEN.25.27-GEN.25.28	7
27:3	GEN.10.9	3
27:3	1CO.6.12	3
27:4	HEB.11.20	12
27:4	GEN.48.9	8
27:4	GEN.27.25	7
27:4	GEN.49.28	7
27:4	LUK.24.51	5
27:4	GEN.27.7	4
27:4	JOS.14.13	4
27:4	JOS.22.6	4
27:4	LUK.2.34	4
27:4	GEN.14.19	3
27:4	GEN.24.60	3
27:4	GEN.27.23	3
27:4	GEN.27.27	3
27:4	GEN.27.31	3
27:4	GEN.28.3	3
27:4	GEN.48.15-GEN.48.20	3
27:4	LEV.9.22-LEV.9.23	3
27:4	DEU.33.1-DEU.33.29	3
27:6	GEN.25.28	2
27:7	JOS.6.26	5
27:7	DEU.33.1	3
27:7	1SA.24.19	3
27:8	EPH.6.1	5
27:8	GEN.27.13	4
27:8	ACT.5.29	4
27:8	GEN.25.23	3
27:8	GEN.27.43	3
27:8	ACT.4.19	3
27:9	JDG.13.15	4
27:9	1SA.16.20	3
27:11	GEN.25.25	8
27:12	DEU.27.18	5
27:12	GEN.25.27	4
27:12	GEN.27.36	4
27:12	JOB.12.16	4
27:12	MAL.1.14	4
27:12	2CO.6.8	4
27:12	1TH.5.22	4
27:12	GEN.9.25	3
27:12	GEN.27.21-GEN.27.22	3
27:12	JER.48.10	3
27:13	MAT.27.25	7
27:13	1SA.25.24	5
27:13	2SA.14.9	4
27:13	GEN.25.23	3
27:13	GEN.25.33	3
27:13	GEN.27.8	3
27:13	GEN.43.9	3
27:13	1SA.14.24-1SA.14.28	3
27:13	1SA.14.36-1SA.14.45	3
27:14	GEN.25.28	3
27:14	GEN.27.4	3
27:14	GEN.27.7	3
27:14	GEN.27.9	3
27:14	GEN.27.17	3
27:14	GEN.27.31	3
27:14	PSA.141.4	3
27:14	PRO.23.2-PRO.23.3	3
27:14	LUK.21.34	3
27:15	GEN.27.27	10
27:15	LUK.20.46	4
27:15	LUK.15.22	3
27:19	ISA.28.15	4
27:19	ZEC.13.3-ZEC.13.4	4
27:19	MAT.26.70-MAT.26.74	4
27:19	GEN.25.25	3
27:19	GEN.27.4	3
27:19	GEN.27.21	3
27:19	GEN.27.24-GEN.27.25	3
27:19	GEN.29.23-GEN.29.25	3
27:19	1KI.14.2	3
27:19	1KI.13.18	2
27:20	GEN.24.12	4
27:20	EXO.20.7	4
27:20	JOB.13.7	4
27:21	ISA.57.19	4
27:21	JAS.4.8	4
27:21	GEN.27.12	3
27:21	PSA.73.28	3
27:23	GEN.27.16	5
27:23	HEB.11.20	5
27:23	ROM.9.11-ROM.9.12	3
27:24	COL.3.9	5
27:24	PRO.12.22	4
27:24	EPH.4.25	4
27:24	1SA.21.2	3
27:24	1SA.21.13	3
27:24	1SA.27.10	3
27:24	JOB.13.7-JOB.13.8	3
27:24	JOB.15.5	3
27:24	PRO.12.19	3
27:24	PRO.30.8	3
27:24	ZEC.8.16	3
27:24	ROM.3.7-ROM.3.8	3
27:24	2SA.14.5	2
27:25	GEN.27.4	3
27:27	HEB.6.7	11
27:27	PSA.65.10	9
27:27	GEN.26.12	7
27:27	HEB.11.20	7
27:27	HOS.14.6-HOS.14.7	6
27:27	SNG.4.11-SNG.4.14	5
27:27	SNG.7.12-SNG.7.13	5
27:27	SNG.2.13	4
27:28	DEU.33.28	15
27:28	DEU.33.13	12
27:28	PSA.133.3	7
27:28	HOS.14.5-HOS.14.7	6
27:28	DEU.7.13	5
27:28	2SA.1.21	5
27:28	PSA.65.9-PSA.65.13	5
27:28	ZEC.8.12	5
27:28	DEU.32.2	4
27:28	JOL.2.19	4
27:28	GEN.45.18	3
27:28	NUM.18.12	3
27:28	DEU.8.7-DEU.8.9	3
27:28	DEU.11.11-DEU.11.12	3
27:28	1KI.17.1	3
27:28	PSA.36.8	3
27:28	PSA.104.15	3
27:28	ISA.45.8	3
27:28	MIC.5.7	3
27:28	HEB.11.20	3
27:28	GEN.49.20	2
27:28	JOS.5.6	2
27:28	1KI.5.11	2
27:28	2CH.2.10	2
27:28	JER.14.22	2
27:28	ZEC.9.17	2
27:28	NUM.13.20	1
27:28	ROM.11.17	1
27:28	GEN.27.39	0
27:29	GEN.12.3	14
27:29	NUM.24.9	14
27:29	ISA.49.23	11
27:29	GEN.9.25-GEN.9.26	8
27:29	ROM.9.12	8
27:29	GEN.22.17-GEN.22.18	6
27:29	NUM.22.11-NUM.22.12	6
27:29	NUM.23.8	6
27:29	1KI.22.47	6
27:29	PSA.72.8	6
27:29	ISA.9.7	6
27:29	ISA.45.14	6
27:29	DAN.2.44-DAN.2.45	6
27:29	GEN.27.37	5
27:29	GEN.37.7	5
27:29	ISA.49.7	5
27:29	GEN.25.22-GEN.25.23	4
27:29	GEN.25.33	4
27:29	GEN.49.8-GEN.49.10	3
27:29	2SA.8.1-2SA.8.18	3
27:29	2SA.10.1-2SA.10.19	3
27:29	1KI.4.21	3
27:29	1KI.11.15-1KI.11.16	3
27:29	1CH.5.2	3
27:29	2CH.25.11-2CH.25.14	3
27:29	PSA.60.1-PSA.60.12	3
27:29	ISA.63.1-ISA.63.6	3
27:29	ZEP.2.8-ZEP.2.9	3
27:29	MAL.1.2-MAL.1.5	3
27:29	MAT.25.40	3
27:29	MAT.25.45	3
27:29	REV.19.16	3
27:29	PSA.2.6-PSA.2.9	2
27:31	GEN.27.4	2
27:32	GEN.27.18	2
27:33	GEN.28.3-GEN.28.4	5
27:33	JOB.21.6	4
27:33	ROM.11.29	4
27:33	EPH.1.3	4
27:33	JOB.37.1	2
27:33	PSA.55.5	2
27:33	JHN.10.10	2
27:33	JHN.10.28-JHN.10.29	2
27:33	ROM.5.20-ROM.5.21	1
27:33	HEB.11.20	1
27:34	HEB.12.17	7
27:34	PRO.1.31	5
27:34	1SA.30.4	3
27:34	PRO.1.24-PRO.1.28	2
27:34	PRO.19.3	2
27:34	LUK.13.24-LUK.13.28	2
27:35	1TH.4.6	3
27:35	JOB.13.7	2
27:35	MAL.2.10	2
27:35	GEN.27.19-GEN.27.23	1
27:35	2KI.10.19	1
27:35	ROM.3.7-ROM.3.8	1
27:35	2CO.4.7	1
27:36	GEN.25.26	7
27:36	GEN.25.31-GEN.25.34	2
27:36	GEN.32.28	2
27:36	JHN.1.47	2
27:37	GEN.25.23	5
27:37	GEN.27.28-GEN.27.29	5
27:37	2SA.8.14	4
27:37	ROM.9.10-ROM.9.12	4
27:38	HEB.12.17	5
27:38	GEN.27.34	3
27:38	GEN.27.36	2
27:38	GEN.49.28	2
27:38	PRO.1.24-PRO.1.26	2
27:38	ISA.32.10-ISA.32.12	2
27:38	ISA.65.14	2
27:39	GEN.27.28	9
27:39	HEB.11.20	6
27:39	GEN.36.6-GEN.36.8	3
27:39	JOS.24.4	3
27:40	GEN.25.23	9
27:40	2KI.8.20-2KI.8.22	9
27:40	2SA.8.14	7
27:40	2CH.21.8	5
27:40	2CH.21.10	5
27:40	2CH.25.11-2CH.25.12	5
27:40	2CH.28.17	4
27:40	PSA.60.8	4
27:40	GEN.32.6	3
27:40	1KI.11.15-1KI.11.17	3
27:40	2KI.14.7	3
27:40	2KI.14.10	3
27:40	1CH.18.11-1CH.18.13	3
27:40	OBA.1.17-OBA.1.21	3
27:40	MAT.10.34	2
27:41	1JN.3.12-1JN.3.15	7
27:41	GEN.37.4	6
27:41	GEN.50.3-GEN.50.4	5
27:41	GEN.32.6	3
27:41	GEN.37.8	3
27:41	PRO.6.14	3
27:41	ECC.7.9	3
27:41	EZK.25.12-EZK.25.15	3
27:41	OBA.1.10-OBA.1.14	3
27:41	EPH.4.26-EPH.4.27	3
27:41	GEN.4.2-GEN.4.8	2
27:41	GEN.32.11	2
27:41	GEN.35.29	2
27:41	GEN.50.10-GEN.50.11	2
27:41	DEU.34.8	2
27:41	2SA.13.28-2SA.13.29	2
27:41	2CH.35.24	2
27:41	PSA.35.14	2
27:41	PSA.37.12-PSA.37.13	2
27:41	PSA.37.16	2
27:41	PSA.140.4-PSA.140.5	2
27:41	PSA.142.3	2
27:41	PRO.1.12-PRO.1.13	2
27:41	PRO.1.16	2
27:41	EZK.35.5	2
27:41	AMO.1.11-AMO.1.12	2
27:41	TIT.1.15-TIT.1.16	2
27:41	TIT.3.3	2
27:42	GEN.37.18-GEN.37.20	2
27:42	GEN.42.21-GEN.42.22	2
27:42	1SA.30.5	2
27:42	JOB.20.12-JOB.20.14	2
27:42	PSA.64.5	2
27:42	PRO.2.14	2
27:42	PRO.4.16-PRO.4.17	2
27:43	GEN.11.31	4
27:43	GEN.27.8	4
27:43	GEN.27.13	3
27:43	GEN.12.4-GEN.12.5	2
27:43	GEN.24.29	2
27:43	GEN.28.7	2
27:43	PRO.30.17	2
27:43	JER.35.14	2
27:43	ACT.5.29	2
27:43	GEN.28.10	1
27:44	GEN.31.38	3
27:44	GEN.31.41	2
27:45	GEN.4.8-GEN.4.16	2
27:45	GEN.9.5-GEN.9.6	2
27:45	GEN.27.35	2
27:45	2SA.14.6-2SA.14.7	2
27:45	PRO.19.21	2
27:45	LAM.3.37	2
27:45	ACT.28.4	2
27:45	JAS.4.13-JAS.4.15	2
27:46	GEN.24.3	5
27:46	GEN.26.34-GEN.26.35	5
27:46	GEN.28.8	4
27:46	GEN.34.1-GEN.34.2	3
27:46	NUM.11.15	2
27:46	1KI.19.4	2
27:46	JOB.3.20-JOB.3.22	2
27:46	JOB.7.16	2
27:46	JOB.14.13	2
27:46	JON.4.3	1
27:46	JON.4.9	1
28:1	GEN.24.3	6
28:1	GEN.28.3-GEN.28.4	6
28:1	GEN.27.46	5
28:1	GEN.6.2	4
28:1	GEN.24.37	4
28:1	GEN.26.34-GEN.26.35	4
28:1	2CO.6.14-2CO.6.16	4
28:1	GEN.27.27-GEN.27.33	3
28:1	GEN.49.28	3
28:1	EXO.34.15-EXO.34.16	3
28:1	DEU.33.1	3
28:1	JOS.22.7	3
28:1	GEN.27.4	2
28:1	GEN.34.9	2
28:1	GEN.34.16	2
28:1	GEN.48.15	2
28:2	GEN.25.20	6
28:2	HOS.12.12	4
28:2	GEN.22.20-GEN.22.23	3
28:2	GEN.24.15-GEN.24.24	3
28:2	GEN.24.29	3
28:2	GEN.24.50	3
28:2	GEN.28.5	3
28:2	GEN.32.10	3
28:2	GEN.35.9	3
28:2	GEN.46.15	3
28:2	GEN.24.10	2
28:2	GEN.29.1	2
28:2	GEN.31.18	2
28:3	GEN.48.3	9
28:3	GEN.35.11	8
28:3	GEN.1.28	6
28:3	GEN.17.1-GEN.17.6	6
28:3	GEN.22.17-GEN.22.18	6
28:3	GEN.9.1	5
28:3	GEN.13.16	5
28:3	GEN.41.52	5
28:3	GEN.43.14	5
28:3	GEN.24.60	4
28:3	EXO.6.3	3
28:3	PSA.127.3-PSA.128.6	3
28:3	2CO.6.18	3
28:3	REV.21.22	3
28:3	PSA.127.1	2
28:4	GAL.3.14	7
28:4	GEN.12.7	6
28:4	GEN.17.6-GEN.17.8	5
28:4	EPH.1.3	5
28:4	GEN.12.1-GEN.12.3	4
28:4	GEN.13.14-GEN.13.17	4
28:4	GEN.15.5-GEN.15.7	4
28:4	GEN.15.18-GEN.15.21	4
28:4	GEN.22.17-GEN.22.18	4
28:4	PSA.72.17	4
28:4	GAL.3.8	4
28:4	PSA.39.12	3
28:4	PSA.105.6-PSA.105.12	3
28:4	ROM.4.7-ROM.4.8	3
28:4	HEB.11.9-HEB.11.13	3
28:6	GEN.27.33	3
28:6	GEN.28.1	3
28:7	GEN.27.43	3
28:7	EXO.20.12	3
28:7	LEV.19.3	3
28:7	PRO.1.8	3
28:7	PRO.30.17	3
28:7	EPH.6.1	3
28:7	EPH.6.3	3
28:7	COL.3.20	3
28:8	GEN.24.3	7
28:8	GEN.26.34-GEN.26.35	4
28:8	GEN.28.1	3
28:8	1SA.8.6	3
28:9	GEN.36.3	7
28:9	GEN.25.13-GEN.25.17	3
28:9	GEN.26.34	3
28:9	GEN.36.13	3
28:9	GEN.36.18	3
28:10	ACT.7.2	4
28:10	GEN.11.31	3
28:10	GEN.32.10	3
28:10	HOS.12.12	2
28:10	ACT.25.13	0
28:11	GEN.28.18	5
28:11	MAT.8.20	5
28:11	GEN.31.46	3
28:11	2CO.1.5	3
28:12	JHN.1.51	36
28:12	GEN.32.1-GEN.32.2	17
28:12	NUM.12.6	17
28:12	JOB.33.15-JOB.33.16	16
28:12	GEN.15.1	13
28:12	GEN.37.5-GEN.37.11	12
28:12	2TI.4.16-2TI.4.17	12
28:12	GEN.15.12	11
28:12	HEB.1.14	10
28:12	DAN.7.1	9
28:12	DAN.4.1-DAN.4.37	8
28:12	HEB.1.1	8
28:12	GEN.20.6-GEN.20.7	7
28:12	JOB.4.12-JOB.4.21	7
28:12	ISA.41.10	7
28:12	DAN.2.1-DAN.2.49	7
28:12	GEN.20.3	6
28:12	GEN.40.1-GEN.40.23	6
28:12	2CH.16.9	6
28:12	MAT.1.20	6
28:12	MAT.2.12-MAT.2.13	5
28:12	MAT.2.19	5
28:13	GEN.13.15	14
28:13	GEN.35.12	12
28:13	GEN.48.3	11
28:13	GEN.26.24	10
28:13	GEN.35.1	9
28:13	GEN.12.7	8
28:13	EXO.3.6	7
28:13	GEN.46.3	6
28:13	MAT.22.32	6
28:13	HEB.11.16	6
28:13	GEN.17.6-GEN.17.7	5
28:13	GEN.26.3	5
28:13	GEN.31.42	5
28:13	GEN.35.17	5
28:13	GEN.15.1	4
28:13	GEN.28.4	4
28:13	GEN.32.9	4
28:13	GEN.35.6-GEN.35.7	3
28:13	GEN.35.15	3
28:13	EXO.3.15-EXO.3.16	3
28:13	PSA.105.11	3
28:13	EZK.37.24-EZK.37.25	3
28:13	ACT.7.5	3
28:14	GEN.12.3	14
28:14	GEN.18.18	10
28:14	GEN.22.18	10
28:14	GEN.13.16	9
28:14	GEN.26.4	9
28:14	ACT.3.25	9
28:14	GEN.13.14	7
28:14	GAL.3.8	7
28:14	GEN.32.12	5
28:14	GEN.35.11-GEN.35.12	5
28:14	DEU.12.20	5
28:14	GAL.3.16	5
28:14	NUM.23.10	4
28:14	PSA.72.17	4
28:14	EPH.1.3	4
28:14	REV.7.9	4
28:14	MAT.8.11	3
28:14	REV.7.4	3
28:15	JOS.1.5	68
28:15	ISA.41.10	53
28:15	JER.1.19	45
28:15	DEU.31.6	44
28:15	GEN.26.24	42
28:15	GEN.31.3	40
28:15	PSA.121.5-PSA.121.8	40
28:15	HEB.13.5-HEB.13.6	40
28:15	GEN.26.3	30
28:15	ISA.43.2	25
28:15	MAT.24.35	25
28:15	1KI.8.57	24
28:15	JHN.10.28-JHN.10.29	24
28:15	PSA.46.7	23
28:15	MAT.18.20	23
28:15	MAT.28.20	20
28:15	ROM.8.31-ROM.8.32	20
28:15	GEN.28.20-GEN.28.21	18
28:15	GEN.48.21	18
28:15	NUM.23.19	18
28:15	1TI.4.8	18
28:15	JOS.23.14-JOS.23.16	16
28:15	GEN.39.21	14
28:15	JDG.6.16	14
28:15	PSA.46.11	14
28:15	ISA.8.10	14
28:15	GEN.35.6-GEN.35.7	13
28:15	GEN.39.2	13
28:15	GEN.48.16	13
28:15	EXO.3.12	13
28:15	ISA.7.14	13
28:15	JUD.1.1	13
28:15	GEN.32.9	12
28:15	GEN.46.4	10
28:16	JOS.5.15	8
28:16	EXO.3.5	6
28:16	EXO.15.11	6
28:16	JOB.9.11	6
28:16	1SA.3.4-1SA.3.7	5
28:16	JOB.33.14	5
28:16	PSA.68.35	4
28:16	ISA.8.13	4
28:17	1TI.3.15	10
28:17	GEN.35.1-GEN.35.13	9
28:17	EXO.3.6	8
28:17	ECC.5.1	8
28:17	GEN.28.22	7
28:17	2CH.5.14	7
28:17	JDG.13.22	6
28:17	LUK.2.9	6
28:17	1PE.4.17	5
28:17	REV.1.17	5
28:17	HEB.10.21	4
28:17	MAT.17.6	3
28:17	LUK.8.35	3
28:18	GEN.35.14	10
28:18	GEN.31.13	6
28:18	GEN.31.45	6
28:18	LEV.8.10-LEV.8.12	5
28:18	GEN.22.3	4
28:18	GEN.35.20	4
28:18	NUM.7.1	4
28:18	JOS.24.26-JOS.24.27	3
28:18	1SA.7.12	3
28:18	2SA.18.18	3
28:18	PSA.119.60	3
28:18	ECC.9.10	3
28:18	ISA.19.19	3
28:19	GEN.35.1	8
28:19	GEN.48.3	8
28:19	HOS.12.4-HOS.12.5	8
28:19	GEN.12.8	5
28:19	JDG.1.22-JDG.1.26	5
28:19	1KI.12.29	5
28:19	HOS.4.15	5
28:20	1TI.6.8	10
28:20	2SA.15.8	8
28:20	GEN.31.13	7
28:20	PSA.66.13	5
28:20	JHN.1.16	5
28:20	JDG.11.30-JDG.11.31	3
28:20	PSA.56.12	3
28:20	PSA.61.8	3
28:20	PSA.76.11	3
28:20	PSA.116.14	3
28:20	PSA.116.18	3
28:20	PSA.119.106	3
28:20	PSA.132.2	3
28:20	ACT.23.12-ACT.23.15	3
28:20	GEN.28.15	2
28:20	NUM.6.1-NUM.6.20	2
28:20	NUM.21.2-NUM.21.3	2
28:20	1SA.1.11	2
28:20	1SA.1.28	2
28:20	1SA.14.24	2
28:20	NEH.9.1-NEH.9.10	2
28:20	PSA.22.25	2
28:20	PSA.61.5	2
28:20	ECC.5.1-ECC.5.7	2
28:20	ISA.19.21	2
28:20	ACT.18.18	2
28:20	LEV.27.1-LEV.27.34	1
28:21	DEU.26.17	8
28:21	JDG.11.31	8
28:21	EXO.15.2	5
28:21	2SA.15.8	4
28:21	2SA.19.24	2
28:21	2SA.19.30	2
28:21	2KI.5.17	1
28:22	GEN.35.7	16
28:22	GEN.14.20	12
28:22	DEU.14.22-DEU.14.23	10
28:22	LEV.27.30-LEV.27.33	8
28:22	GEN.35.1	6
28:22	GEN.12.8	3
28:22	GEN.28.17	3
28:22	GEN.33.20	3
28:22	GEN.35.14-GEN.35.15	3
28:22	GEN.21.33	2
29:1	JDG.6.3	6
29:1	JDG.6.33	5
29:1	HOS.12.12	5
29:1	NUM.23.7	4
29:1	PSA.119.32	4
29:1	PSA.119.60	4
29:1	ECC.9.7	4
29:1	1KI.4.30	3
29:1	GEN.22.20-GEN.22.23	2
29:1	GEN.24.10	2
29:1	GEN.25.20	2
29:1	GEN.28.5-GEN.28.7	2
29:1	JDG.7.12	2
29:1	JDG.8.10	2
29:2	JHN.4.14	5
29:2	ISA.49.10	4
29:2	JHN.4.6	4
29:2	GEN.24.11	3
29:2	GEN.24.13	3
29:2	EXO.2.15-EXO.2.16	3
29:2	PSA.23.2	3
29:2	SNG.1.6-SNG.1.7	3
29:2	REV.7.17	3
29:4	GEN.28.10	5
29:4	GEN.27.43	4
29:4	GEN.11.31	3
29:4	GEN.24.10	3
29:4	ACT.7.2	3
29:4	ACT.7.4	3
29:5	GEN.24.24	4
29:5	GEN.24.29	4
29:5	GEN.31.53	3
29:6	GEN.37.14	3
29:6	GEN.43.27	3
29:6	EXO.18.7	3
29:6	1SA.17.22	3
29:6	1SA.25.5	3
29:6	2SA.20.9	3
29:7	EPH.5.16	5
29:7	GAL.6.9-GAL.6.10	3
29:8	MRK.16.3	4
29:8	LUK.24.2	4
29:8	GEN.29.3	3
29:8	GEN.34.14	3
29:8	GEN.43.32	3
29:9	EXO.2.15-EXO.2.16	4
29:9	EXO.2.21	4
29:9	SNG.1.7-SNG.1.8	4
29:9	GEN.24.15	3
29:10	EXO.2.17	8
29:11	GEN.33.4	8
29:11	GEN.43.30	6
29:11	GEN.45.2	6
29:11	GEN.45.14-GEN.45.15	6
29:11	GEN.27.26	4
29:11	GEN.29.13	4
29:11	EXO.4.27	4
29:11	EXO.18.7	4
29:11	ROM.16.16	4
29:12	GEN.24.28	7
29:12	GEN.13.8	6
29:12	GEN.14.14-GEN.14.16	3
29:13	GEN.24.29	5
29:13	GEN.45.15	3
29:13	EXO.4.27	3
29:13	EXO.18.7	3
29:13	2SA.19.39	3
29:13	LUK.7.45	3
29:13	ACT.20.37	3
29:13	ROM.16.16	3
29:13	COL.4.5	2
29:14	2SA.19.12-2SA.19.13	8
29:14	GEN.2.23	6
29:14	JDG.9.2	6
29:14	2SA.5.1	5
29:14	GEN.29.12	3
29:14	GEN.29.15	3
29:14	MIC.7.5	3
29:14	GEN.13.8	2
29:14	EPH.5.30	1
29:15	GEN.30.28	3
29:15	GEN.31.7	3
29:16	GEN.49.31	5
29:16	RUT.4.11	5
29:16	GEN.29.17	3
29:16	GEN.29.25-GEN.29.32	3
29:16	GEN.30.19	3
29:16	GEN.31.4	3
29:16	GEN.35.23	3
29:16	GEN.46.15	3
29:16	GEN.33.2	2
29:17	GEN.12.11	4
29:17	GEN.24.16	3
29:17	GEN.29.6-GEN.29.12	3
29:17	GEN.29.18	3
29:17	GEN.30.1-GEN.30.2	3
29:17	GEN.30.22	3
29:17	GEN.35.19-GEN.35.20	3
29:17	GEN.35.24	3
29:17	GEN.39.6	3
29:17	GEN.46.19-GEN.46.22	3
29:17	GEN.48.7	3
29:17	1SA.10.2	3
29:17	PRO.31.30	3
29:17	JER.31.15	3
29:17	MAT.2.18	3
29:18	HOS.12.12	7
29:18	EXO.22.16-EXO.22.17	6
29:18	GEN.34.12	4
29:18	GEN.29.20	3
29:18	GEN.29.30	3
29:18	GEN.31.41	3
29:18	2SA.3.14	3
29:18	HOS.3.2	3
29:19	ISA.6.11	4
29:19	PSA.12.2	3
29:19	ISA.6.5	3
29:20	1CO.13.7	10
29:20	HOS.12.12	7
29:20	EPH.5.2	7
29:20	SNG.8.6-SNG.8.7	5
29:20	GEN.24.67	4
29:20	GEN.30.26	3
29:20	2CO.5.14	3
29:21	JDG.15.1	6
29:21	GEN.4.1	2
29:21	GEN.29.18	2
29:21	GEN.29.20	2
29:21	GEN.31.41	2
29:21	GEN.38.16	2
29:21	MAT.1.18	2
29:22	REV.19.9	4
29:22	JDG.14.10-JDG.14.18	3
29:22	RUT.4.10-RUT.4.13	3
29:22	MAT.22.2-MAT.22.10	3
29:22	MAT.25.1-MAT.25.10	3
29:22	JHN.2.1-JHN.2.10	2
29:23	MIC.7.5	4
29:23	GEN.24.65	3
29:23	GEN.38.14-GEN.38.15	3
29:24	GEN.16.1	4
29:24	GEN.30.9-GEN.30.12	4
29:24	GEN.46.18	3
29:24	GEN.24.59	2
29:25	MAT.7.2	6
29:25	PRO.11.31	5
29:25	GEN.12.18	3
29:25	GEN.27.35-GEN.27.36	3
29:25	JDG.1.7	3
29:25	1CO.3.13	3
29:25	REV.3.19	3
29:25	MAT.7.12	2
29:25	JHN.21.17	2
29:27	LEV.18.18	5
29:27	JDG.14.12	4
29:27	GEN.2.2-GEN.2.3	3
29:27	GEN.8.10-GEN.8.12	3
29:27	JDG.14.10	3
29:27	MAL.2.15	3
29:27	1TI.6.10	2
29:29	GEN.29.24	3
29:29	GEN.30.3-GEN.30.8	3
29:29	GEN.35.22	3
29:29	GEN.35.25	2
29:29	GEN.37.2	2
29:30	GEN.31.41	6
29:30	GEN.29.18	4
29:30	GEN.29.20	4
29:30	GEN.31.15	4
29:30	GEN.44.27	4
29:30	MAT.10.37	4
29:30	GEN.29.31	3
29:30	GEN.30.25-GEN.30.26	3
29:30	GEN.44.20	3
29:30	DEU.21.15	3
29:30	1SA.18.17-1SA.18.27	3
29:30	HOS.12.12	3
29:30	JHN.12.25	3
29:30	MAT.6.24	2
29:30	LUK.14.26	2
29:31	1SA.2.21	8
29:31	PSA.127.3	7
29:31	GEN.20.18-GEN.21.2	6
29:31	GEN.30.1-GEN.30.2	6
29:31	DEU.21.15	6
29:31	1SA.1.5	6
29:31	MAT.10.37	6
29:31	GEN.29.30	5
29:31	EXO.3.7	5
29:31	JDG.13.2-JDG.13.3	5
29:31	LUK.1.7	5
29:31	GEN.25.21	4
29:31	GEN.27.41	4
29:31	GEN.30.22	4
29:31	MAL.1.3	3
29:31	LUK.14.26	3
29:31	JHN.12.25	3
29:31	1SA.1.20	2
29:31	1SA.1.27	2
29:31	MAT.6.24	2
29:31	GEN.16.1	1
29:32	DEU.26.7	8
29:32	EXO.3.7	7
29:32	EXO.4.31	7
29:32	GEN.31.42	5
29:32	GEN.37.21-GEN.37.22	5
29:32	GEN.42.22	5
29:32	GEN.42.27	5
29:32	GEN.46.8-GEN.46.9	5
29:32	GEN.49.3-GEN.49.4	5
29:32	1SA.1.11	5
29:32	1SA.1.20	5
29:32	2SA.16.12	5
29:32	PSA.25.18	5
29:32	PSA.106.44	5
29:32	LUK.1.25	5
29:32	GEN.16.11	4
29:32	1CH.5.1	4
29:32	GEN.35.22	3
29:32	GEN.37.29	3
29:33	GEN.34.25	4
29:33	GEN.30.6	3
29:33	GEN.30.8	3
29:33	GEN.30.18	3
29:33	GEN.30.20	3
29:33	GEN.34.30	3
29:33	GEN.35.23	3
29:33	GEN.42.24	3
29:33	GEN.49.5-GEN.49.6	3
29:34	EXO.32.26-EXO.32.29	5
29:34	GEN.49.5-GEN.49.7	4
29:34	GEN.34.25	3
29:34	GEN.35.23	3
29:34	GEN.46.11	3
29:34	EXO.2.1	3
29:34	NUM.18.2-NUM.18.4	3
29:34	DEU.33.8-DEU.33.10	3
29:35	GEN.49.8-GEN.49.12	6
29:35	1CH.5.2	6
29:35	MAT.1.2	6
29:35	GEN.35.26	5
29:35	DEU.33.7	5
29:35	GEN.38.1-GEN.38.30	4
29:35	GEN.43.8-GEN.43.9	4
29:35	GEN.44.18-GEN.44.34	4
29:35	GEN.46.12	4
30:1	JOB.5.2	10
30:1	GEN.29.31	9
30:1	GEN.37.11	6
30:1	PRO.14.30	5
30:1	1CO.3.3	5
30:1	2CO.7.10	5
30:1	JAS.3.14	4
30:1	JAS.4.5	4
30:1	NUM.11.15	3
30:1	NUM.11.29	3
30:1	1SA.1.4-1SA.1.8	3
30:1	1KI.19.4	3
30:1	JOB.3.1-JOB.3.3	3
30:1	JOB.3.11	3
30:1	JOB.3.20-JOB.3.22	3
30:1	JOB.13.19	3
30:1	PSA.106.16	3
30:1	ECC.4.4	3
30:1	JER.20.14-JER.20.18	3
30:1	JHN.4.3	3
30:1	JHN.4.8	3
30:1	GAL.5.21	3
30:1	TIT.3.3	3
30:1	GEN.35.16-GEN.35.19	2
30:2	GEN.16.2	6
30:2	2KI.5.7	5
30:2	PSA.127.3	5
30:2	GEN.31.36	4
30:2	GEN.50.19	4
30:2	1SA.1.5	4
30:2	GEN.20.18	3
30:2	GEN.25.21	3
30:2	GEN.29.31	3
30:2	EXO.32.19	3
30:2	1SA.2.5-1SA.2.6	3
30:2	PSA.113.9	3
30:2	MAT.5.22	3
30:2	MRK.3.5	3
30:2	EPH.4.26	3
30:2	DEU.7.13-DEU.7.14	2
30:2	LUK.1.42	2
30:3	GEN.50.23	5
30:3	JOB.3.12	4
30:3	GEN.16.2-GEN.16.3	3
30:3	GEN.30.9	3
30:3	RUT.4.11	3
30:4	GEN.35.22	4
30:4	GEN.16.3-GEN.16.4	3
30:4	GEN.21.10	3
30:4	GEN.22.24	3
30:4	GEN.25.1	3
30:4	GEN.25.6	3
30:4	GEN.33.2	3
30:4	2SA.12.11	3
30:6	LAM.3.59	6
30:6	PSA.35.24	5
30:6	PSA.43.1	5
30:6	GEN.49.16-GEN.49.17	4
30:6	GEN.29.32-GEN.29.35	3
30:6	GEN.35.25	3
30:6	GEN.46.23	3
30:6	DEU.33.22	3
30:6	JER.13.2	3
30:6	JER.13.24	3
30:6	JER.15.14-JER.15.20	3
30:8	GEN.32.24-GEN.32.25	4
30:8	GEN.23.6	3
30:8	GEN.49.21	3
30:8	MAT.4.13	3
30:8	GEN.35.25	2
30:8	GEN.46.24	2
30:8	EXO.9.28	2
30:8	DEU.33.23	2
30:8	1SA.14.15	2
30:9	GEN.30.4	5
30:9	GEN.16.3	3
30:9	GEN.29.35	3
30:9	GEN.30.17	3
30:11	GEN.49.19	6
30:11	GEN.35.26	3
30:11	GEN.46.16	3
30:11	DEU.33.20-DEU.33.21	3
30:11	ISA.65.11	3
30:13	LUK.1.48	6
30:13	GEN.35.26	4
30:13	GEN.49.20	4
30:13	PRO.31.28	4
30:13	SNG.6.9	4
30:13	GEN.46.17	3
30:13	DEU.33.24-DEU.33.25	3
30:14	SNG.7.13	5
30:14	GEN.25.30	4
30:15	NUM.16.13	4
30:15	NUM.16.9-NUM.16.10	3
30:15	ISA.7.13	3
30:15	EZK.16.47	3
30:15	1CO.4.3	3
30:17	GEN.30.6	3
30:17	GEN.30.22	3
30:17	EXO.3.7	3
30:17	1SA.1.20	3
30:17	1SA.1.26-1SA.1.27	3
30:17	LUK.1.13	3
30:18	GEN.35.23	3
30:18	GEN.46.13	3
30:18	GEN.49.14-GEN.49.15	3
30:18	DEU.33.18	3
30:18	1CH.12.32	3
30:20	GEN.35.23	4
30:20	GEN.49.13	4
30:20	MAT.4.13	4
30:20	GEN.46.14	3
30:20	JDG.4.10	3
30:20	JDG.5.14	3
30:20	PSA.68.27	3
30:20	GEN.29.34	2
30:20	GEN.30.15	2
30:21	GEN.34.1-GEN.34.3	4
30:21	GEN.34.26	3
30:21	GEN.46.15	3
30:22	GEN.29.31	14
30:22	PSA.113.9	13
30:22	1SA.1.19-1SA.1.20	11
30:22	GEN.8.1	10
30:22	GEN.21.1-GEN.21.2	10
30:22	GEN.25.21	10
30:22	PSA.127.3	10
30:22	GEN.30.2	9
30:22	PSA.105.42	9
30:23	LUK.1.25	9
30:23	GEN.29.31	5
30:23	LUK.1.27	5
30:23	1SA.1.5-1SA.1.6	4
30:23	ISA.4.1	4
30:23	LUK.1.21	3
30:24	GEN.35.24	5
30:24	GEN.49.22-GEN.49.26	5
30:24	GEN.37.2	4
30:24	REV.7.8	4
30:24	GEN.35.17-GEN.35.18	3
30:24	GEN.39.1-GEN.39.23	3
30:24	GEN.42.6	3
30:24	DEU.33.13-DEU.33.17	3
30:24	HEB.11.21-HEB.11.22	3
30:24	GEN.37.4	2
30:24	GEN.48.1-GEN.48.22	2
30:24	EZK.37.16	2
30:24	ACT.7.9-ACT.7.15	2
30:25	GEN.24.54	6
30:25	GEN.24.56	4
30:25	GEN.18.33	3
30:25	GEN.24.6-GEN.24.7	3
30:25	GEN.26.3	3
30:25	GEN.28.13	3
30:25	GEN.28.15	3
30:25	GEN.31.13	3
30:25	GEN.31.55	3
30:25	ACT.7.4-ACT.7.5	3
30:25	GEN.27.44-GEN.27.45	2
30:25	HEB.11.9	2
30:25	HEB.11.15-HEB.11.16	2
30:26	GEN.29.30	5
30:26	HOS.12.12	5
30:26	GEN.29.19-GEN.29.20	3
30:26	GEN.31.6	3
30:26	GEN.31.26	3
30:26	GEN.31.31	3
30:26	GEN.31.38-GEN.31.41	3
30:26	GEN.30.29-GEN.30.30	2
30:27	GEN.26.24	11
30:27	RUT.2.13	11
30:27	ISA.61.9	11
30:27	ACT.7.10	11
30:27	GEN.12.3	8
30:27	GEN.39.2-GEN.39.5	8
30:27	GEN.39.21-GEN.39.23	8
30:27	EXO.3.21	8
30:27	GEN.18.3	7
30:27	GEN.30.30	7
30:27	GEN.47.25	7
30:27	GEN.33.15	6
30:27	1KI.11.19	6
30:27	DAN.1.9	6
30:27	GEN.34.11	5
30:27	NUM.11.15	5
30:27	NEH.1.11	5
30:27	1SA.16.22	4
30:27	NEH.2.5	4
30:27	PSA.1.3	4
30:27	ISA.6.13	4
30:27	ISA.65.8	4
30:27	NUM.11.11	3
30:28	GEN.29.15	6
30:28	GEN.29.19	3
30:29	GEN.31.6	6
30:29	GEN.31.38-GEN.31.40	5
30:29	1PE.2.18	4
30:29	GEN.30.5	3
30:29	MAT.24.45	3
30:29	EPH.6.5-EPH.6.8	3
30:29	COL.3.22-COL.3.25	3
30:29	TIT.2.9-TIT.2.10	3
30:29	1PE.2.15	3
30:30	1TI.5.8	9
30:30	2CO.12.14	5
30:30	DEU.11.10	3
30:31	2SA.21.4-2SA.21.6	3
30:31	PSA.118.8	3
30:31	HEB.13.5	3
30:32	GEN.31.8	6
30:32	GEN.31.10	4
30:32	GEN.30.35	2
30:33	1SA.26.23	4
30:33	GEN.31.37	3
30:33	EXO.13.14	3
30:33	2SA.22.21	3
30:33	PSA.37.6	3
30:33	ISA.59.12	3
30:34	NUM.22.29	3
30:34	1CO.7.7	3
30:34	1CO.14.5	3
30:34	GAL.5.12	3
30:35	GEN.31.9	3
30:37	GEN.31.9-GEN.31.13	3
30:37	EZK.31.8	3
30:39	GEN.31.9-GEN.31.12	3
30:39	GEN.31.38	3
30:39	GEN.31.40	3
30:39	GEN.31.42	3
30:39	EXO.12.35-EXO.12.36	3
30:43	GEN.24.35	6
30:43	GEN.26.13-GEN.26.14	6
30:43	GEN.30.30	6
30:43	GEN.13.2	5
30:43	GEN.12.16	4
30:43	GEN.28.15	4
30:43	GEN.32.10	4
30:43	GEN.33.11	4
30:43	ECC.2.7	4
30:43	GEN.31.7-GEN.31.8	3
30:43	GEN.31.42	3
30:43	EZK.39.10	3
30:43	GEN.36.7	1
31:1	ECC.4.4	6
31:1	GEN.31.8-GEN.31.9	3
31:1	GEN.45.13	3
31:1	EST.5.11	3
31:1	JOB.31.24-JOB.31.25	3
31:1	JOB.31.31	3
31:1	PSA.17.14	3
31:1	PSA.49.16-PSA.49.17	3
31:1	PSA.57.4	3
31:1	PSA.64.3-PSA.64.4	3
31:1	PSA.120.3-PSA.120.5	3
31:1	PRO.14.30	3
31:1	PRO.27.4	3
31:1	ISA.5.14	3
31:1	JER.9.23	3
31:1	EZK.16.44	3
31:1	MAT.4.8	3
31:1	1TI.6.4	3
31:1	TIT.3.3	3
31:1	1PE.1.24	3
31:2	DAN.3.19	8
31:2	GEN.4.5	7
31:2	1SA.18.9-1SA.18.11	7
31:2	GEN.30.27	3
31:2	1SA.19.7	3
31:2	EXO.4.10	2
31:2	DEU.19.4	2
31:2	DEU.28.54	2
31:3	GEN.28.15	11
31:3	GEN.32.9	6
31:3	HEB.13.5	6
31:3	GEN.31.13	5
31:3	PSA.50.15	5
31:3	ISA.41.10	5
31:3	GEN.21.22	4
31:3	GEN.13.15	3
31:3	GEN.26.3-GEN.26.5	3
31:3	GEN.26.24	3
31:3	GEN.28.4	3
31:3	GEN.28.13	3
31:3	GEN.28.20-GEN.28.22	3
31:3	GEN.30.25	3
31:3	GEN.31.18	3
31:3	GEN.35.1	3
31:3	GEN.46.2-GEN.46.3	3
31:3	PSA.46.1	3
31:3	GEN.50.24	2
31:3	PSA.90.15	2
31:5	GEN.31.2-GEN.31.3	6
31:5	GEN.31.42	5
31:5	GEN.31.53	5
31:5	GEN.48.15	5
31:5	GEN.32.9	4
31:5	GEN.50.17	4
31:5	GEN.21.22	3
31:5	GEN.31.13	3
31:6	GEN.30.29	7
31:6	EPH.6.5-EPH.6.8	4
31:6	GEN.31.38-GEN.31.42	3
31:6	COL.3.22-COL.3.25	3
31:6	TIT.2.9-TIT.2.10	3
31:6	1PE.2.18	2
31:7	GEN.31.29	4
31:7	GEN.31.41	4
31:7	NUM.14.22	4
31:7	NEH.4.12	4
31:7	PSA.37.28	4
31:7	ZEC.8.23	4
31:7	GEN.20.6	3
31:7	LEV.26.26	3
31:7	JOB.1.10	3
31:7	JOB.19.3	3
31:7	ISA.4.1	3
31:7	ISA.54.17	3
31:7	JOB.19.8	2
31:7	PSA.105.14-PSA.105.15	2
31:8	GEN.30.32	6
31:9	GEN.31.1	6
31:9	GEN.31.16	5
31:9	PRO.13.22	4
31:9	EST.8.1-EST.8.2	3
31:9	PSA.50.10	3
31:9	MAT.20.15	3
31:10	DEU.13.1	4
31:10	GEN.20.6	3
31:10	GEN.28.12	3
31:10	GEN.30.39	3
31:10	GEN.31.24	3
31:10	NUM.12.6	3
31:10	1KI.3.5	3
31:11	GEN.31.13	4
31:11	ISA.58.9	4
31:11	GEN.18.17	3
31:11	GEN.22.1	3
31:11	GEN.31.5	3
31:11	GEN.48.15-GEN.48.16	3
31:11	EXO.3.4	3
31:11	1SA.3.4	3
31:11	1SA.3.6	3
31:11	1SA.3.8	3
31:11	1SA.3.16	3
31:11	GEN.16.7-GEN.16.13	2
31:11	GEN.18.1	2
31:12	EXO.3.7	7
31:12	GEN.31.42	4
31:12	DEU.24.15	4
31:12	GEN.30.37-GEN.30.43	3
31:12	EXO.3.9	3
31:12	LEV.19.13	3
31:12	PSA.12.5	3
31:12	PSA.139.3	3
31:12	ECC.5.8	3
31:12	ACT.7.34	3
31:12	EPH.6.9	3
31:13	GEN.31.3	8
31:13	GEN.32.9	7
31:13	GEN.28.12-GEN.28.22	5
31:13	GEN.35.7	4
31:14	GEN.2.24	4
31:14	RUT.4.11	4
31:14	GEN.29.24	3
31:14	GEN.29.29	3
31:15	GEN.29.15-GEN.29.20	5
31:15	GEN.29.27-GEN.29.30	3
31:15	GEN.30.26	3
31:15	GEN.31.41	3
31:15	EXO.21.7-EXO.21.11	3
31:15	NEH.5.8	3
31:16	GEN.30.35-GEN.31.1	3
31:16	GEN.31.9	3
31:16	PSA.45.10	3
31:17	GEN.24.10	3
31:17	GEN.24.61	3
31:17	1SA.30.17	3
31:18	GEN.27.1-GEN.27.2	3
31:18	GEN.27.41	3
31:18	GEN.28.21	3
31:18	GEN.35.27-GEN.35.29	3
31:19	1SA.19.13	8
31:19	GEN.31.30	7
31:19	HOS.3.4	7
31:19	GEN.35.2	6
31:19	EZK.21.21	6
31:19	GEN.31.32	4
31:19	GEN.31.34	4
31:19	JDG.17.4-JDG.17.5	4
31:19	JDG.18.14-JDG.18.24	4
31:19	JOS.24.2	3
31:19	JDG.18.31	3
31:21	2KI.12.17	4
31:21	GEN.2.14	3
31:21	GEN.15.18	3
31:21	GEN.31.23	3
31:21	GEN.37.25	3
31:21	GEN.46.28	3
31:21	NUM.24.1	3
31:21	NUM.32.1	3
31:21	DEU.3.12	3
31:21	JOS.13.8-JOS.13.9	3
31:21	JOS.24.2-JOS.24.3	3
31:21	JDG.10.18	3
31:21	1KI.17.1	3
31:21	JER.50.5	3
31:21	LUK.9.51-LUK.9.53	3
31:22	GEN.30.36	3
31:22	EXO.14.5-EXO.14.31	3
31:22	JOB.5.12-JOB.5.13	3
31:23	GEN.13.8	3
31:23	GEN.24.27	3
31:23	EXO.2.11	3
31:23	EXO.2.13	3
31:24	GEN.24.50	11
31:24	GEN.20.3	9
31:24	GEN.31.29	9
31:24	GEN.31.42	6
31:24	NUM.24.13	6
31:24	2SA.13.22	5
31:24	MAT.27.19	5
31:24	GEN.28.5	4
31:24	GEN.31.10	4
31:24	GEN.40.5	4
31:24	GEN.41.1	4
31:24	NUM.22.26	4
31:24	DEU.26.5	4
31:24	1KI.3.5	4
31:24	JOB.33.15-JOB.33.17	4
31:24	PSA.105.14-PSA.105.15	4
31:24	ISA.37.29	4
31:24	HOS.12.12	4
31:24	MAT.1.20	4
31:24	NUM.12.6	3
31:24	NUM.22.20	3
31:24	JOB.33.25	3
31:24	MAT.2.12	0
31:25	GEN.12.8	3
31:25	GEN.33.18	3
31:25	HEB.11.9	3
31:26	1SA.30.2	4
31:26	GEN.2.24	3
31:26	GEN.3.13	3
31:26	GEN.4.10	3
31:26	GEN.12.18	3
31:26	GEN.20.9-GEN.20.10	3
31:26	GEN.26.10	3
31:26	GEN.31.16	3
31:26	GEN.31.36	3
31:26	GEN.34.29	3
31:26	JOS.7.19	3
31:26	1SA.14.43	3
31:26	1SA.17.29	3
31:26	JHN.18.35	2
31:27	EXO.15.20	5
31:27	GEN.4.21	3
31:27	GEN.24.59-GEN.24.60	3
31:27	GEN.31.3-GEN.31.5	3
31:27	GEN.31.20-GEN.31.21	3
31:27	GEN.31.31	3
31:27	JDG.6.27	3
31:27	JOB.21.11-JOB.21.14	3
31:27	PRO.26.23-PRO.26.26	3
31:28	GEN.31.55	6
31:28	RUT.1.14	4
31:28	1KI.19.20	4
31:28	ACT.20.37	4
31:28	GEN.29.13	3
31:28	GEN.31.3	3
31:28	GEN.31.13	3
31:28	GEN.31.24	3
31:28	EXO.4.27	3
31:28	RUT.1.9	3
31:28	1SA.13.13	3
31:28	2CH.16.9	3
31:28	1CO.2.14	3
31:29	GEN.31.42	6
31:29	GEN.31.53	6
31:29	GEN.28.13	4
31:29	GEN.31.24	4
31:29	JOS.24.2-JOS.24.3	4
31:29	2KI.19.10	3
31:29	PSA.52.1	3
31:29	DAN.2.47	3
31:29	DAN.3.28	3
31:29	DAN.6.20	3
31:29	DAN.6.26	3
31:29	JHN.19.10-JHN.19.11	3
31:29	ACT.5.38-ACT.5.39	3
31:29	ACT.9.5	3
31:30	JER.10.11	5
31:30	GEN.31.19	4
31:30	JDG.18.24	4
31:30	EXO.12.12	3
31:30	NUM.33.4	3
31:30	JDG.6.31	3
31:30	1SA.5.2-1SA.5.6	3
31:30	2SA.5.21	3
31:30	ISA.37.19	3
31:30	ISA.46.1-ISA.46.2	3
31:30	JER.43.12	3
31:31	PRO.29.25	4
31:31	GEN.20.11	3
31:31	GEN.31.26-GEN.31.27	3
31:32	GEN.31.19	5
31:32	GEN.31.23	5
31:32	GEN.31.30	5
31:32	GEN.44.9-GEN.44.12	5
31:32	1SA.12.3-1SA.12.5	5
31:32	GEN.19.7	3
31:32	GEN.30.33	3
31:32	1SA.14.24-1SA.14.29	3
31:32	2CO.8.20-2CO.8.21	3
31:32	2CO.12.17-2CO.12.19	3
31:32	GEN.13.8	2
31:33	GEN.24.28	4
31:33	GEN.24.67	4
31:34	GEN.31.19	4
31:34	GEN.31.17	3
31:35	LEV.19.32	5
31:35	EXO.20.12	4
31:35	GEN.18.11-GEN.18.12	3
31:35	LEV.15.19	3
31:35	LEV.19.3	3
31:35	1KI.2.19	3
31:35	EPH.6.1	3
31:35	1PE.2.18	3
31:35	1PE.3.6	3
31:36	EPH.4.26	4
31:36	GEN.30.2	3
31:36	GEN.34.7	3
31:36	GEN.49.7	3
31:36	NUM.16.15	3
31:36	2KI.5.11	3
31:36	2KI.13.19	3
31:36	PRO.28.1	3
31:36	MRK.3.5	3
31:36	JAS.1.19-JAS.1.20	3
31:37	1PE.2.12	4
31:37	GEN.31.32	3
31:37	JOS.7.23	3
31:37	1SA.12.3-1SA.12.4	3
31:37	MAT.18.16	3
31:37	1CO.6.4-1CO.6.5	3
31:37	1TH.2.10	3
31:37	HEB.13.18	3
31:37	1PE.3.16	2
31:38	GEN.30.27	3
31:38	GEN.30.30	3
31:38	EXO.23.26	3
31:38	DEU.28.4	3
31:38	EZK.34.2-EZK.34.4	3
31:39	EXO.22.10-EXO.22.13	4
31:39	EXO.22.31	4
31:39	LEV.22.8	4
31:39	LUK.2.8	4
31:39	1SA.17.34-1SA.17.35	3
31:39	JHN.10.12-JHN.10.13	3
31:40	EXO.2.19-EXO.2.22	3
31:40	EXO.3.1	3
31:40	PSA.78.70-PSA.78.71	3
31:40	HOS.12.12	3
31:40	LUK.2.8	3
31:40	JHN.21.15-JHN.21.17	3
31:40	HEB.13.7	3
31:40	1PE.5.2-1PE.5.4	3
31:41	GEN.31.7	5
31:41	GEN.29.18-GEN.29.30	3
31:41	GEN.30.33-GEN.30.40	3
31:41	GEN.31.38	3
31:41	1CO.15.10	3
31:41	2CO.11.26	3
31:42	PSA.31.7	17
31:42	ISA.8.13	8
31:42	GEN.31.29	7
31:42	GEN.31.53	7
31:42	GEN.29.32	5
31:42	GEN.31.24	5
31:42	EXO.3.7	5
31:42	PSA.124.1-PSA.124.3	5
31:42	1CH.12.17	4
31:42	JUD.1.9	4
31:42	GEN.11.5	3
31:42	GEN.16.11	3
31:42	GEN.16.13	3
31:42	GEN.27.33	3
31:42	GEN.31.5	3
31:42	GEN.31.12	3
31:42	PSA.76.11-PSA.76.12	3
31:44	JOS.24.25-JOS.24.27	5
31:44	1SA.20.14-1SA.20.17	5
31:44	GEN.15.18	4
31:44	GEN.21.22-GEN.21.32	4
31:44	GEN.26.28-GEN.26.31	4
31:44	GEN.31.48	4
31:44	GEN.31.52	4
31:44	DEU.31.19	4
31:44	DEU.31.21	4
31:44	DEU.31.26	4
31:44	JOS.22.27	4
31:45	GEN.28.18-GEN.28.22	3
31:46	ECC.3.5	4
31:46	GEN.31.23	3
31:46	GEN.31.32	3
31:46	GEN.31.37	3
31:46	GEN.31.54	3
31:46	JOS.4.5-JOS.4.9	3
31:46	JOS.4.20-JOS.4.24	3
31:46	JOS.7.26	3
31:46	2SA.18.17	3
31:47	HEB.12.1	2
31:48	JOS.24.27	4
31:48	GEN.31.23	3
31:48	DEU.2.36	3
31:48	DEU.3.16	3
31:48	JOS.13.8-JOS.13.9	3
31:49	JDG.11.29	5
31:49	JDG.10.17	3
31:49	1SA.7.5-1SA.7.6	2
31:49	JDG.11.11	1
31:49	1KI.15.22	1
31:49	HOS.5.1	1
31:50	JER.42.5	6
31:50	JER.29.23	5
31:50	JDG.11.10	4
31:50	MIC.1.2	4
31:50	LEV.18.18	3
31:50	1SA.12.5	3
31:50	MAL.2.14	3
31:50	MAL.3.5	3
31:50	MAT.19.5-MAT.19.6	3
31:50	1TH.2.5	3
31:52	GEN.31.48	4
31:52	GEN.31.44-GEN.31.45	3
31:53	GEN.31.42	7
31:53	GEN.16.5	5
31:53	GEN.11.24-GEN.11.29	4
31:53	EXO.3.6	4
31:53	JOS.24.2	4
31:53	GEN.11.31	3
31:53	GEN.14.22	3
31:53	GEN.17.7	3
31:53	GEN.22.20-GEN.22.24	3
31:53	GEN.24.3-GEN.24.4	3
31:53	GEN.26.28-GEN.26.31	3
31:53	GEN.28.13	3
31:53	DEU.6.13	3
31:53	GEN.21.23-GEN.21.24	2
31:54	EXO.18.12	4
31:54	GEN.21.8	3
31:54	GEN.26.30	3
31:54	GEN.37.25	3
31:54	2SA.3.20-2SA.3.21	3
31:55	GEN.31.28	6
31:55	GEN.18.33	4
31:55	GEN.30.25	4
31:55	DEU.23.5	4
31:55	GEN.24.60	3
31:55	GEN.28.1	3
31:55	GEN.31.43	3
31:55	GEN.33.4	3
31:55	NUM.23.5	3
31:55	NUM.23.8	3
31:55	NUM.23.11	3
31:55	NUM.24.25	3
31:55	DEU.32.36	3
31:55	RUT.1.14	3
31:55	PSA.76.10	3
31:55	PRO.16.7	3
31:55	ACT.28.4-ACT.28.5	3
32:1	PSA.91.11	5
32:1	2KI.6.16-2KI.6.17	3
32:1	PSA.34.7	3
32:1	EPH.3.10	3
32:1	HEB.1.4	3
32:1	1CO.3.22	1
32:2	2SA.2.8	5
32:2	JOS.5.14	4
32:2	JOS.21.38	4
32:2	2SA.17.24	3
32:2	1KI.2.8	3
32:2	PSA.34.7	3
32:2	PSA.148.2	3
32:2	LUK.2.13	3
32:2	2SA.2.12	2
32:2	2SA.17.26-2SA.17.27	2
32:2	1KI.4.14	2
32:2	2KI.6.17	2
32:2	PSA.103.21	2
32:2	SNG.6.13	2
32:2	DAN.10.20	2
32:3	GEN.25.30	5
32:3	JOS.24.4	5
32:3	GEN.14.6	4
32:3	GEN.33.14	4
32:3	DEU.2.5	4
32:3	GEN.27.41-GEN.27.42	3
32:3	GEN.33.16	3
32:3	GEN.36.6-GEN.36.9	3
32:3	DEU.2.22	3
32:3	MAL.3.1	3
32:3	LUK.9.52	3
32:3	LUK.14.31-LUK.14.32	3
32:4	1PE.3.6	4
32:4	GEN.4.7	3
32:4	GEN.23.6	3
32:4	GEN.27.29	3
32:4	GEN.27.37	3
32:4	GEN.32.5	3
32:4	GEN.32.18	3
32:4	GEN.33.8	3
32:4	EXO.32.22	3
32:4	1SA.26.17	3
32:4	1KI.20.32	3
32:4	PRO.6.3	3
32:4	PRO.15.1	3
32:4	ECC.10.4	3
32:4	LUK.14.11	3
32:5	GEN.33.8	6
32:5	GEN.33.15	5
32:5	GEN.30.43-GEN.31.1	3
32:5	GEN.31.16	3
32:5	GEN.33.11	3
32:5	GEN.47.25	3
32:5	RUT.2.2	3
32:5	2SA.16.4	3
32:5	JOB.6.22	3
32:5	1SA.1.18	2
32:6	GEN.33.1	6
32:6	GEN.27.40-GEN.27.41	3
32:6	GEN.32.8	3
32:6	GEN.32.11	3
32:6	AMO.5.19	3
32:7	GEN.35.3	4
32:7	GEN.32.11	3
32:7	EXO.14.10	3
32:7	PSA.18.4-PSA.18.5	3
32:7	PSA.31.13	3
32:7	PSA.55.4-PSA.55.5	3
32:7	PSA.61.2	3
32:7	PSA.107.6	3
32:7	PSA.142.4	3
32:7	PRO.2.11	3
32:7	ISA.28.26	3
32:7	MAT.8.26	3
32:7	MAT.10.16	3
32:7	JHN.16.33	3
32:7	ACT.14.22	3
32:7	2CO.1.4	3
32:7	2CO.1.8-2CO.1.10	3
32:7	2TI.3.12	3
32:7	PSA.112.5	2
32:8	GEN.33.1-GEN.33.3	3
32:8	MAT.10.16	3
32:9	GEN.31.42	9
32:9	PSA.34.4-PSA.34.6	8
32:9	GEN.28.13	7
32:9	GEN.31.3	7
32:9	GEN.31.13	7
32:9	GEN.31.53	6
32:9	PSA.50.15	6
32:9	GEN.17.7	5
32:9	GEN.31.29	5
32:9	1SA.30.6	5
32:9	2CH.20.6	5
32:9	2CH.32.20	5
32:9	PSA.91.15	5
32:9	PHP.4.6-PHP.4.7	5
32:9	EXO.3.6	4
32:9	2CH.20.12	4
32:10	PSA.18.35	6
32:10	GEN.24.27	5
32:10	2SA.7.18	2
32:10	1TI.1.12-1TI.1.15	2
32:10	GEN.18.27	1
32:10	GEN.28.10-GEN.28.11	1
32:10	GEN.28.15	1
32:10	GEN.30.43	1
32:10	GEN.32.5	1
32:10	GEN.32.7	1
32:10	DEU.8.18	1
32:10	JOB.8.7	1
32:10	JOB.17.9	1
32:10	JOB.42.5-JOB.42.6	1
32:10	PSA.8.5	1
32:10	PSA.16.2	1
32:10	PSA.61.7	1
32:10	PSA.84.7	1
32:10	PSA.85.10	1
32:10	PRO.4.18	1
32:10	ISA.6.5	1
32:10	ISA.63.7	1
32:10	DAN.9.8-DAN.9.9	1
32:10	MIC.7.20	1
32:10	LUK.5.8	1
32:10	LUK.17.10	1
32:10	2CO.12.11	1
32:10	1PE.5.5	1
32:10	1JN.1.8-1JN.1.10	1
32:11	PSA.59.1-PSA.59.2	3
32:11	PRO.18.19	3
32:11	MAT.6.13	3
32:11	GEN.27.41	2
32:11	1SA.12.10	2
32:11	1SA.24.15	2
32:11	PSA.16.1	2
32:11	PSA.25.20	2
32:11	PSA.31.2	2
32:11	PSA.43.1	2
32:11	PSA.119.134	2
32:11	PSA.142.6	2
32:11	DAN.3.17	2
32:11	HOS.10.14	2
32:11	DEU.22.6	1
32:12	GEN.28.13-GEN.28.15	7
32:12	HEB.6.17	4
32:12	GEN.22.17	3
32:12	GEN.46.3-GEN.46.4	3
32:12	MAT.24.35	3
32:12	2TI.2.13	3
32:12	TIT.1.2	3
32:12	GEN.32.6	2
32:12	EXO.32.13	2
32:12	NUM.23.19	2
32:12	1SA.15.29	2
32:13	PRO.18.16	5
32:13	GEN.43.11	4
32:13	GEN.43.26	3
32:13	PRO.17.8	3
32:13	PRO.19.6	3
32:13	PRO.21.14	3
32:13	GEN.18.2	2
32:13	GEN.32.20-GEN.32.21	2
32:13	GEN.33.10	2
32:13	GEN.42.6	2
32:13	1SA.25.8	2
32:13	1SA.25.27	2
32:14	DEU.8.18	3
32:14	JOB.1.3	3
32:14	JOB.42.12	3
32:14	GEN.30.43	2
32:14	GEN.31.9	2
32:14	GEN.31.16	2
32:14	1SA.25.2	2
32:16	GEN.32.20	2
32:16	GEN.33.8-GEN.33.9	2
32:16	PSA.112.5	2
32:16	PRO.2.11	2
32:16	ISA.28.26	2
32:16	MAT.10.16	2
32:17	GEN.33.3	3
32:18	GEN.32.4-GEN.32.5	2
32:20	JOB.42.8-JOB.42.9	5
32:20	PRO.21.14	4
32:20	GEN.43.11	2
32:20	1SA.6.5	2
32:20	1SA.25.17-1SA.25.35	2
32:20	1KI.20.31	2
32:20	PRO.6.35	2
32:20	PRO.15.18	2
32:20	PRO.16.14	2
32:20	JON.3.9	2
32:20	2TI.2.25	2
32:22	DEU.3.16	8
32:22	DEU.2.37	6
32:22	JOS.12.2	5
32:22	1TI.5.8	5
32:22	GEN.35.22-GEN.35.26	3
32:22	GEN.35.18	2
32:22	GEN.29.21-GEN.30.24	1
32:24	HOS.12.3-HOS.12.5	20
32:24	EPH.6.12	15
32:24	GEN.32.28	12
32:24	LUK.13.24	12
32:24	GEN.32.30	9
32:24	GEN.30.8	8
32:24	LUK.22.44	8
32:24	EPH.6.18	8
32:24	1CO.15.47	6
32:24	GEN.48.16	4
32:24	ISA.32.2	4
32:24	SNG.2.17	3
32:24	ROM.8.26-ROM.8.27	3
32:24	ROM.15.30	3
32:24	COL.2.1	3
32:24	COL.4.12	3
32:24	HEB.5.7	3
32:24	EXO.14.27	1
32:25	2CO.12.7-2CO.12.9	9
32:25	HOS.12.3-HOS.12.4	4
32:25	GEN.32.32	2
32:25	ISA.41.14	2
32:25	ISA.45.11	2
32:25	MAT.26.41	2
32:25	GEN.19.22	1
32:25	NUM.14.13-NUM.14.14	1
32:25	PSA.30.6-PSA.30.7	1
32:25	MAT.15.22-MAT.15.28	1
32:25	MAT.26.44	0
32:25	LUK.11.5-LUK.11.8	0
32:26	HOS.12.4	19
32:26	PSA.115.12-PSA.115.13	13
32:26	2CO.12.8-2CO.12.9	12
32:26	1CH.4.10	9
32:26	PSA.67.1	9
32:26	SNG.3.4	7
32:26	LUK.18.1-LUK.18.7	5
32:26	LUK.24.28-LUK.24.29	5
32:26	ROM.8.37	4
32:26	EXO.32.10	3
32:26	DEU.9.14	2
32:26	PSA.67.6-PSA.67.7	2
32:26	SNG.7.5	2
32:26	ISA.45.11	2
32:26	ISA.64.7	2
32:26	HEB.5.7	2
32:26	1CO.15.58	1
32:28	REV.2.17	18
32:28	GEN.35.10	14
32:28	ISA.62.2-ISA.62.4	12
32:28	HOS.12.3-HOS.12.5	11
32:28	GEN.27.33-GEN.27.36	9
32:28	GEN.17.5	8
32:28	GEN.17.15	7
32:28	GEN.25.31	6
32:28	GEN.33.4	6
32:28	PRO.16.7	6
32:28	ISA.65.15	6
32:28	JHN.1.42	6
32:28	2SA.12.25	5
32:28	GEN.31.24	4
32:28	GEN.31.36-GEN.31.55	4
32:28	GEN.32.24	4
32:28	1SA.26.25	4
32:28	2KI.17.34	4
32:28	NUM.13.16	3
32:28	1KI.18.31	3
32:28	GEN.33.20	2
32:29	JDG.13.16-JDG.13.18	8
32:29	JOB.11.7	8
32:29	ISA.9.6	8
32:29	GEN.27.28-GEN.27.29	7
32:29	GEN.28.13-GEN.28.14	7
32:29	PRO.30.4	7
32:29	HOS.6.1	7
32:29	LUK.1.19	7
32:29	GEN.28.3-GEN.28.4	6
32:29	GEN.32.26-GEN.32.27	6
32:29	DEU.29.29	4
32:30	EXO.24.10-EXO.24.11	6
32:30	NUM.12.8	6
32:30	ISA.6.5	6
32:30	GEN.16.13	5
32:30	DEU.5.24	5
32:30	EXO.33.19-EXO.33.23	4
32:30	JHN.1.18	4
32:30	EXO.33.14	3
32:30	EPH.1.17	3
32:30	2TI.1.10	3
32:30	HEB.11.27	3
32:30	GEN.28.19	2
32:30	DEU.34.10	2
32:30	JDG.6.22-JDG.6.23	2
32:30	JDG.8.8	2
32:30	JDG.8.17	2
32:30	JDG.13.21-JDG.13.22	2
32:30	1KI.12.25	2
32:30	2CO.3.18	2
32:30	2CO.4.6	2
32:30	GAL.1.6	2
32:30	COL.1.15	2
32:31	MAL.4.2	3
32:31	2CO.12.7	3
32:31	GEN.19.15	2
32:31	GEN.19.23	2
32:31	GEN.32.25	2
32:31	JDG.8.8	2
32:31	PSA.38.17	2
32:31	2CO.12.9	2
32:32	1SA.5.5	3
33:1	GEN.32.6-GEN.32.7	5
33:1	GEN.27.41-GEN.27.42	2
33:1	GEN.32.16	1
33:2	GEN.29.30	2
33:2	GEN.30.22-GEN.30.24	2
33:2	GEN.37.3	2
33:2	MAL.3.17	2
33:3	GEN.42.6	5
33:3	GEN.18.2	4
33:3	LUK.14.11	4
33:3	GEN.43.26	3
33:3	1SA.2.5	2
33:3	PRO.6.3	2
33:3	ECC.10.4	2
33:3	JHN.10.4	2
33:3	JHN.10.11-JHN.10.12	2
33:3	JHN.10.15	2
33:4	GEN.45.14-GEN.45.15	11
33:4	PSA.34.4	8
33:4	LUK.15.20	7
33:4	GEN.32.28	5
33:4	GEN.45.2	4
33:4	GEN.46.29	4
33:4	ACT.20.37	4
33:4	GEN.43.30	3
33:4	NEH.1.11	3
33:4	JOB.2.12	3
33:4	PRO.16.7	3
33:4	GEN.43.34	2
33:4	PRO.21.1	2
33:5	PSA.127.3	8
33:5	ISA.8.18	7
33:5	GEN.48.9	6
33:5	GEN.30.2	3
33:5	RUT.4.13	3
33:5	1SA.1.27	3
33:5	1CH.28.5	3
33:5	HEB.2.13	3
33:8	GEN.32.5	6
33:8	GEN.32.13-GEN.32.20	3
33:8	GEN.39.5	3
33:8	EST.2.17	3
33:9	GEN.27.39	4
33:9	PHM.1.7	3
33:9	GEN.4.9	2
33:9	GEN.27.41	2
33:9	JDG.20.23	2
33:9	PRO.16.7	2
33:9	ECC.4.8	2
33:9	ACT.9.17	2
33:9	ACT.21.20	2
33:9	PHM.1.16	2
33:9	PRO.30.15	1
33:10	JOB.33.26	5
33:10	REV.22.4	4
33:10	GEN.32.30	3
33:10	JER.31.2	3
33:10	GEN.19.19	2
33:10	GEN.47.29	2
33:10	GEN.50.4	2
33:10	EXO.33.12-EXO.33.13	2
33:10	RUT.2.10	2
33:10	1SA.20.3	2
33:10	2SA.3.13	2
33:10	2SA.14.24	2
33:10	2SA.14.28	2
33:10	2SA.14.32	2
33:10	PSA.41.11	2
33:10	GEN.43.3	1
33:10	MAT.18.10	1
33:11	1SA.25.27	5
33:11	PHP.4.18	5
33:11	GEN.30.43	3
33:11	GEN.33.9	3
33:11	2KI.5.23	3
33:11	GEN.32.13-GEN.32.20	2
33:11	JOS.15.19	2
33:11	JDG.1.15	2
33:11	1SA.30.26	2
33:11	2KI.2.17	2
33:11	2KI.5.15-2KI.5.16	2
33:11	LUK.14.23	2
33:11	ROM.8.31-ROM.8.32	2
33:11	1CO.3.21	2
33:11	2CO.6.10	2
33:11	2CO.9.5-2CO.9.6	2
33:11	PHP.4.11-PHP.4.12	2
33:11	1TI.4.8	2
33:13	ISA.40.11	5
33:13	EZK.34.15-EZK.34.16	3
33:13	1CH.22.5	2
33:13	PRO.12.10	2
33:13	EZK.34.23-EZK.34.25	2
33:13	JHN.21.15-JHN.21.17	2
33:14	GEN.32.3	4
33:14	ISA.40.11	4
33:14	ROM.15.1	3
33:14	DEU.2.1	2
33:14	JDG.5.4	2
33:14	2CH.20.10	2
33:14	EZK.25.8	2
33:14	EZK.35.2-EZK.35.3	2
33:14	MRK.4.33	2
33:14	1CO.3.2	1
33:14	1CO.9.19-1CO.9.22	1
33:15	RUT.2.13	6
33:15	GEN.34.11	4
33:15	GEN.47.25	4
33:15	1SA.25.8	2
33:15	2SA.16.4	2
33:17	JOS.13.27	5
33:17	JDG.8.5	5
33:17	PSA.60.6	5
33:17	JDG.8.8	3
33:17	JDG.8.16	3
33:17	EXO.12.37	2
33:17	EXO.13.20	2
33:17	JDG.8.14	2
33:17	1KI.7.46	2
33:18	JOS.24.1	5
33:18	JDG.9.1	5
33:18	ACT.7.16	5
33:18	GEN.25.20	4
33:18	JHN.4.5	4
33:18	GEN.28.2	2
33:18	GEN.28.6-GEN.28.7	2
33:18	GEN.35.9	2
33:18	GEN.46.15	2
33:18	JHN.3.23	2
33:19	JHN.4.5	6
33:19	ACT.7.16	6
33:19	JOS.24.32	5
33:19	GEN.23.17-GEN.23.20	2
33:19	GEN.34.2-GEN.34.31	2
33:19	GEN.49.30-GEN.49.32	2
33:20	GEN.21.33	4
33:20	GEN.35.7	4
33:20	GEN.32.28	3
33:20	GEN.8.20	2
33:20	GEN.12.7-GEN.12.8	2
33:20	GEN.13.18	2
34:1	GEN.30.21	5
34:1	JER.2.36	4
34:1	GEN.26.34	2
34:1	GEN.27.46	2
34:1	GEN.28.6	2
34:1	GEN.30.13	2
34:1	GEN.46.15	2
34:1	1TI.5.13	2
34:1	TIT.2.5	1
34:2	MAT.5.28	4
34:2	JDG.14.1	3
34:2	JOB.31.1	3
34:2	JOB.31.9	3
34:2	PRO.13.20	3
34:2	GEN.6.2	2
34:2	GEN.10.17	2
34:2	GEN.20.2	2
34:2	GEN.33.19	2
34:2	GEN.39.6-GEN.39.7	2
34:2	DEU.21.14	2
34:2	DEU.22.24	2
34:2	DEU.22.29	2
34:2	JDG.19.24-JDG.19.25	2
34:2	2SA.11.2	2
34:2	EZK.22.10-EZK.22.11	2
34:3	ISA.40.2	3
34:3	HOS.2.14	3
34:3	RUT.1.14	2
34:3	1SA.18.1	2
34:3	2SA.19.7	2
34:3	2CH.30.22	2
34:4	JDG.14.2	4
34:4	GEN.21.21	2
34:4	2SA.13.13	2
34:5	2SA.13.22	2
34:5	GEN.30.35	1
34:5	GEN.37.13-GEN.37.14	1
34:5	LEV.10.3	1
34:5	1SA.10.27	1
34:5	1SA.16.11	1
34:5	1SA.17.15	1
34:5	LUK.15.25	1
34:5	LUK.15.29	1
34:5	PSA.39.9	0
34:7	JOS.7.15	4
34:7	JDG.20.6	4
34:7	DEU.22.21	3
34:7	GEN.20.9	2
34:7	HEB.13.4	2
34:7	GEN.46.7	1
34:7	EXO.19.5-EXO.19.6	1
34:7	LEV.4.2	1
34:7	LEV.4.13	1
34:7	LEV.4.27	1
34:7	DEU.23.17	1
34:7	JDG.19.22-JDG.19.25	1
34:7	2SA.13.12-2SA.13.13	1
34:7	2SA.13.21	1
34:7	PSA.93.5	1
34:7	PRO.7.7	1
34:7	1CO.6.18	1
34:7	1CO.10.8	1
34:7	EPH.5.3	1
34:7	JAS.3.10	1
34:7	1PE.2.9	1
34:7	COL.3.5	0
34:7	1TI.5.13	0
34:8	1KI.11.2	2
34:8	PSA.119.20	2
34:8	GEN.34.3	1
34:8	PSA.63.1	1
34:8	PSA.84.2	1
34:9	DEU.7.3	3
34:9	GEN.6.2	1
34:9	GEN.19.14	1
34:9	GEN.24.3	1
34:9	GEN.26.34-GEN.26.35	1
34:9	GEN.27.46	1
34:10	GEN.13.9	5
34:10	GEN.20.15	5
34:10	GEN.42.34	5
34:10	GEN.47.27	5
34:10	GEN.34.21-GEN.34.23	2
34:11	GEN.33.15	3
34:11	GEN.18.3	2
34:12	EXO.22.16-EXO.22.17	4
34:12	GEN.24.53	2
34:12	GEN.29.18	2
34:12	GEN.31.41	2
34:12	DEU.22.28-DEU.22.29	2
34:12	1SA.18.25-1SA.18.27	2
34:12	2SA.3.14	2
34:12	MAT.14.17	2
34:12	HOS.3.2	1
34:13	GEN.25.27-GEN.25.34	2
34:13	JDG.15.3	2
34:13	2SA.13.23-2SA.13.29	2
34:13	JOB.13.4	2
34:13	JOB.13.7	2
34:13	PSA.12.2	2
34:13	PRO.12.13	2
34:13	PRO.12.18-PRO.12.20	2
34:13	PRO.24.28-PRO.24.29	2
34:13	PRO.26.24-PRO.26.26	2
34:13	ISA.59.13	2
34:13	MIC.7.2	2
34:13	MAT.28.13	2
34:13	ROM.12.19	2
34:13	1TH.5.15	2
34:14	GEN.17.11	2
34:14	GEN.17.14	2
34:14	JOS.5.2-JOS.5.9	2
34:14	1SA.14.6	2
34:14	1SA.17.26	2
34:14	1SA.17.36	2
34:14	2SA.1.20	2
34:14	2SA.15.7	2
34:14	1KI.21.9	2
34:14	MAT.2.8	2
34:14	MAT.2.13	2
34:14	MAT.23.1-MAT.23.39	2
34:14	ROM.4.11	2
34:15	GAL.4.12	2
34:19	GEN.29.20	1
34:19	GEN.41.20	1
34:19	NUM.22.15	1
34:19	1SA.22.14	1
34:19	2KI.5.1	1
34:19	1CH.4.9	1
34:19	SNG.8.6	1
34:19	ISA.3.3-ISA.3.5	1
34:19	ISA.5.13	1
34:19	ISA.23.8-ISA.23.9	1
34:19	ISA.62.4	1
34:19	ACT.13.50	1
34:19	ACT.17.12	1
34:20	RUT.4.1	5
34:20	GEN.22.17	2
34:20	GEN.23.10	2
34:20	DEU.17.5	2
34:20	2SA.15.2	2
34:20	JOB.29.7	2
34:20	PRO.31.23	2
34:20	AMO.5.10	2
34:20	AMO.5.12	2
34:20	AMO.5.15	2
34:20	ZEC.8.16	2
34:23	PRO.1.12-PRO.1.13	2
34:23	PRO.23.4-PRO.23.5	1
34:23	PRO.28.20	1
34:23	JHN.2.16	1
34:23	JHN.6.26-JHN.6.27	1
34:23	ACT.19.24-ACT.19.26	1
34:23	1TI.6.6-1TI.6.10	1
34:24	GEN.23.10	4
34:24	1CO.7.19	4
34:24	GEN.17.23	2
34:24	GEN.23.18	2
34:24	ISA.1.10-ISA.1.16	2
34:24	MAT.7.6	2
34:24	ROM.2.28-ROM.2.29	2
34:25	GEN.49.5-GEN.49.7	5
34:25	GEN.29.33-GEN.29.34	3
34:25	NUM.31.7	2
34:25	NUM.31.17	2
34:25	JOS.5.6	2
34:25	JOS.5.8	2
34:25	2CH.32.25	2
34:25	PRO.4.16	2
34:25	PRO.6.34-PRO.6.35	2
34:26	DEU.32.42	2
34:26	2SA.2.26	2
34:26	ISA.31.8	2
34:27	GEN.34.2	2
34:27	GEN.34.31	2
34:27	EXO.2.14	2
34:27	JOS.7.1	2
34:27	JOS.7.13	2
34:27	JOS.7.21	2
34:27	EST.9.10	2
34:27	EST.9.16	2
34:27	1TI.6.10	2
34:28	NUM.31.17	2
34:28	DEU.8.17-DEU.8.18	2
34:28	JOB.1.15-JOB.1.16	2
34:28	JOB.20.5	2
34:30	EXO.5.21	4
34:30	JOS.7.25	4
34:30	1SA.13.4	4
34:30	PSA.105.12	4
34:30	GEN.13.7	2
34:30	GEN.28.13-GEN.28.14	2
34:30	GEN.49.5-GEN.49.7	2
34:30	1SA.27.12	2
34:30	1CH.16.19	2
34:30	1CH.19.6	2
34:30	GEN.12.2	1
34:30	GEN.12.12	1
34:30	GEN.46.27	1
34:30	DEU.4.17	1
34:30	DEU.7.7	1
34:30	1SA.16.2	1
34:30	1SA.27.1	1
34:30	2SA.10.6	1
34:30	1KI.18.18	1
34:30	1CH.2.7	1
34:30	1CH.16.12	1
34:30	PRO.11.17	1
34:30	PRO.11.29	1
34:30	PRO.15.27	1
34:30	ROM.4.18-ROM.4.20	1
34:31	PRO.6.34	3
34:31	GEN.34.13	2
34:31	GEN.49.7	1
35:1	GEN.31.13	9
35:1	HOS.12.4	6
35:1	PSA.91.15	5
35:1	GEN.31.3	4
35:1	GEN.35.7	4
35:1	DEU.32.36	4
35:1	GEN.12.8	3
35:1	GEN.13.3-GEN.13.4	3
35:1	GEN.16.8	3
35:1	GEN.27.41-GEN.27.45	3
35:1	GEN.28.10-GEN.28.22	3
35:1	EXO.2.15	3
35:1	PSA.47.4	3
35:1	ECC.5.4-ECC.5.6	3
35:1	GEN.22.14	2
35:1	PSA.46.1	2
35:1	NAM.1.15	2
35:2	EXO.19.14	10
35:2	EXO.19.10	9
35:2	EZK.18.31	7
35:2	JAS.4.8	6
35:2	GEN.18.19	5
35:2	JOS.24.15	5
35:2	JOS.24.23	5
35:2	EZK.36.25	5
35:2	2CO.7.1	5
35:2	HEB.10.22	5
35:2	1PE.2.1-1PE.2.2	5
35:2	GEN.31.19	4
35:2	GEN.31.34	4
35:2	DEU.32.16	4
35:2	1SA.7.3	4
35:2	EXO.20.3-EXO.20.4	3
35:2	EXO.23.13	3
35:2	LEV.15.5	3
35:2	LEV.17.16	3
35:2	NUM.31.24	3
35:2	DEU.5.7	3
35:2	DEU.6.14	3
35:2	DEU.7.25	3
35:2	DEU.11.28	3
35:2	JER.5.7	3
35:2	EZK.20.7	3
35:2	GEN.34.2	2
35:2	GEN.34.24-GEN.34.25	2
35:2	GEN.35.22	2
35:2	JOS.23.7	2
35:2	JOS.24.2	2
35:2	JOS.24.20	2
35:2	JDG.10.16	2
35:2	RUT.1.15	2
35:2	2SA.7.23	2
35:2	2KI.5.10	2
35:2	2KI.5.12-2KI.5.13	2
35:2	2KI.17.29	2
35:2	1CH.16.26	2
35:2	JOB.1.5	2
35:2	PSA.51.2	2
35:2	PSA.51.7	2
35:2	PSA.101.2-PSA.101.7	2
35:2	ECC.5.1	2
35:2	ISA.1.16	2
35:2	ISA.52.11	2
35:2	JER.13.27	2
35:2	JER.16.20	2
35:2	DAN.5.4	2
35:2	JHN.13.10-JHN.13.11	2
35:2	ACT.19.26	2
35:2	1CO.10.7	2
35:2	2CO.6.15-2CO.6.17	2
35:2	GAL.4.8	2
35:2	JUD.1.23	2
35:3	ISA.43.2	7
35:3	GEN.31.3	5
35:3	GEN.32.7	5
35:3	GEN.31.42	4
35:3	PRO.3.6	4
35:3	GEN.28.15	3
35:3	GEN.32.24	3
35:3	PSA.50.15	3
35:3	PSA.107.6	3
35:3	ISA.30.19	3
35:3	GEN.28.12-GEN.28.13	2
35:3	GEN.28.20-GEN.28.22	2
35:3	PSA.46.1	2
35:3	PSA.66.13-PSA.66.14	2
35:3	PSA.91.15	2
35:3	PSA.103.1-PSA.103.5	2
35:3	PSA.107.8	2
35:3	PSA.116.1-PSA.116.2	1
35:3	PSA.116.16-PSA.116.18	1
35:3	PSA.118.19-PSA.118.22	1
35:4	JDG.9.6	5
35:4	EXO.32.2-EXO.32.4	4
35:4	EXO.32.20	4
35:4	DEU.7.25	4
35:4	JDG.8.24-JDG.8.27	4
35:4	ISA.30.22	4
35:4	ISA.2.20	3
35:4	HOS.2.13	3
35:4	DEU.7.5	2
35:4	JOS.24.25-JOS.24.26	2
35:5	EXO.23.27	8
35:5	2CH.17.10	6
35:5	JOS.5.1	5
35:5	PSA.14.5	5
35:5	EXO.15.15-EXO.15.16	4
35:5	EXO.34.24	4
35:5	JOS.2.9-JOS.2.11	4
35:5	GEN.34.30	3
35:5	DEU.11.25	3
35:5	1SA.11.7	3
35:5	1SA.14.15	3
35:5	2CH.14.14	3
35:6	GEN.28.19	5
35:6	GEN.12.8	3
35:6	GEN.28.22	3
35:6	GEN.48.3	2
35:6	JDG.1.22-JDG.1.26	2
35:7	GEN.28.13	3
35:7	GEN.35.1	3
35:7	GEN.35.3	3
35:7	GEN.28.19	2
35:7	GEN.28.22	2
35:7	EXO.17.15	2
35:7	JDG.6.24	2
35:7	ECC.5.4-ECC.5.5	2
35:7	EZK.48.35	2
35:8	GEN.24.59	6
35:8	1SA.31.13	2
35:8	JDG.2.1	1
35:8	JDG.2.5	1
35:9	GEN.18.1	5
35:9	GEN.26.2	5
35:9	GEN.35.1	5
35:9	GEN.12.7	4
35:9	GEN.17.1	3
35:9	GEN.28.13	3
35:9	GEN.31.3	3
35:9	GEN.31.11-GEN.31.13	3
35:9	GEN.32.1	3
35:9	GEN.32.24-GEN.32.30	3
35:9	GEN.46.2-GEN.46.3	3
35:9	GEN.48.3-GEN.48.4	3
35:9	JER.31.3	3
35:9	ACT.7.2	2
35:9	HOS.12.4	1
35:10	GEN.17.5	10
35:10	GEN.32.27-GEN.32.28	8
35:10	GEN.17.15	6
35:10	1KI.18.31	3
35:10	2KI.17.34	2
35:11	GEN.17.1	9
35:11	GEN.9.1	8
35:11	GEN.22.17	8
35:11	GEN.17.5-GEN.17.7	6
35:11	EXO.6.3	6
35:11	2CO.6.18	5
35:11	GEN.17.16	4
35:11	GEN.28.3-GEN.28.4	4
35:11	GEN.12.2	3
35:11	GEN.15.5	3
35:11	GEN.18.18	2
35:11	GEN.28.14	2
35:11	GEN.32.12	2
35:11	GEN.43.14	2
35:11	EXO.1.7	2
35:11	NUM.1.1-NUM.1.26	2
35:11	1SA.1.1-1SA.1.28	2
35:11	GEN.13.16	1
35:11	GEN.18.14	1
35:11	GEN.48.3-GEN.48.4	1
35:11	GEN.46.3	0
35:12	GEN.12.7	8
35:12	GEN.28.13	7
35:12	GEN.26.3-GEN.26.4	5
35:12	GEN.13.14-GEN.13.17	3
35:12	GEN.48.4	3
35:12	GEN.15.18	2
35:12	EXO.3.8	2
35:12	JOS.6.1-JOS.6.21	2
35:12	NEH.13.1-NEH.13.31	2
35:12	GEN.28.3-GEN.28.4	1
35:13	GEN.17.22	5
35:13	GEN.18.33	3
35:13	GEN.11.5	2
35:13	JDG.6.21	2
35:13	JDG.13.20	2
35:13	LUK.24.31	2
35:14	GEN.28.18-GEN.28.19	4
35:14	GEN.31.45	2
35:14	GEN.35.20	2
35:14	EXO.17.15	2
35:14	1SA.7.12	2
35:15	GEN.28.19	5
35:16	MIC.5.2	5
35:16	GEN.48.7	4
35:16	GEN.3.16	2
35:16	GEN.35.19	2
35:16	RUT.1.2	2
35:16	2KI.5.19	2
35:16	1CH.2.19	2
35:16	PSA.132.6	2
35:16	MAT.2.1	2
35:16	MAT.2.16	2
35:16	MAT.2.18	2
35:16	1TI.2.15	2
35:17	GEN.30.24	5
35:17	1SA.4.19-1SA.4.21	2
35:18	1SA.4.20-1SA.4.21	2
35:18	1CH.4.9	2
35:18	LUK.12.20	2
35:18	LUK.23.46	2
35:18	ACT.7.59	2
35:18	GEN.30.1	1
35:18	GEN.42.4	1
35:18	GEN.42.38	1
35:18	GEN.43.14	1
35:18	GEN.44.27-GEN.44.31	1
35:18	EXO.12.7	1
35:18	PSA.16.10	1
35:18	PSA.80.17	1
35:18	LAM.2.12	1
35:19	MIC.5.2	7
35:19	GEN.48.7	5
35:19	RUT.1.2	4
35:19	RUT.4.11	4
35:19	MAT.2.6	4
35:19	MAT.2.1	3
35:19	JOS.19.15	2
35:19	MIC.6.2	2
35:19	MAT.2.16-MAT.2.18	2
35:20	1SA.10.2	6
35:20	GEN.35.14	3
35:20	2SA.18.17-2SA.18.18	3
35:20	GEN.35.9	2
35:21	MIC.4.8	3
35:21	LUK.2.8	2
35:22	1CH.5.1	8
35:22	LEV.18.8	4
35:22	GEN.49.1-GEN.49.28	3
35:22	2SA.16.21-2SA.16.22	3
35:22	2SA.20.3	3
35:22	1CO.5.1	3
35:22	GEN.29.31-GEN.29.35	2
35:22	GEN.30.5-GEN.30.24	2
35:22	GEN.35.18	2
35:22	GEN.46.8-GEN.46.27	2
35:22	EXO.1.1-EXO.1.5	2
35:22	EXO.6.14-EXO.6.16	2
35:22	NUM.1.5-NUM.1.15	2
35:22	NUM.1.20-NUM.1.46	2
35:22	NUM.2.3-NUM.2.33	2
35:22	NUM.7.12-NUM.7.89	2
35:22	NUM.26.5-NUM.26.51	2
35:22	NUM.26.57-NUM.26.62	2
35:22	NUM.34.14-NUM.34.28	2
35:22	DEU.33.1-DEU.33.29	2
35:22	JOS.13.1-JOS.13.21	2
35:22	1CH.2.1-1CH.2.2	2
35:22	1CH.12.23-1CH.12.40	2
35:22	1CH.27.16-1CH.27.22	2
35:22	EZK.48.1-EZK.48.35	2
35:22	ACT.7.8	2
35:22	REV.7.4-REV.7.8	2
35:22	REV.21.14	2
35:23	GEN.30.18-GEN.30.20	4
35:23	GEN.29.32-GEN.29.35	3
35:23	GEN.46.8-GEN.46.15	3
35:23	GEN.33.2	2
35:23	EXO.1.2-EXO.1.4	2
35:24	GEN.30.22-GEN.30.24	4
35:24	GEN.35.16-GEN.35.18	3
35:24	GEN.46.19-GEN.46.22	3
35:25	GEN.30.4-GEN.30.8	2
35:25	GEN.37.2	2
35:25	GEN.46.23-GEN.46.25	2
35:26	GEN.25.20	3
35:26	GEN.30.9-GEN.30.13	3
35:26	GEN.31.18	3
35:26	GEN.35.18	3
35:26	GEN.46.16-GEN.46.18	3
35:26	GEN.28.2	2
35:27	GEN.13.18	7
35:27	GEN.23.19	5
35:27	GEN.18.1	4
35:27	GEN.23.2	3
35:27	JOS.15.13	3
35:27	GEN.14.13	2
35:27	GEN.27.43-GEN.27.45	2
35:27	GEN.28.5	2
35:27	JOS.14.12-JOS.14.15	2
35:27	JOS.21.11	2
35:27	2SA.2.1	2
35:27	2SA.2.3	2
35:27	2SA.2.11	2
35:27	2SA.5.1	2
35:27	2SA.5.3	2
35:27	2SA.5.5	2
35:28	GEN.25.7	6
35:28	GEN.50.26	5
35:28	GEN.47.28	4
35:29	GEN.15.15	9
35:29	GEN.49.33	6
35:29	GEN.49.31	5
35:29	GEN.25.7-GEN.25.9	4
35:29	GEN.3.19	3
35:29	GEN.23.19-GEN.23.20	3
35:29	GEN.25.17	3
35:29	GEN.27.41	3
35:29	JOB.5.26	3
35:29	GEN.27.1-GEN.27.2	2
35:29	ECC.12.5-ECC.12.7	2
36:1	GEN.22.17	5
36:1	1CH.1.35	4
36:1	GEN.25.24-GEN.25.34	3
36:1	NUM.20.14-NUM.20.21	3
36:1	DEU.23.7	3
36:1	ISA.63.1	3
36:1	GEN.27.35-GEN.27.41	2
36:1	GEN.32.3-GEN.32.7	2
36:1	EZK.25.12	1
36:2	GEN.36.25	3
36:2	GEN.9.25	2
36:2	GEN.27.46	2
36:2	GEN.28.9	2
36:2	GEN.26.34-GEN.26.35	1
36:3	GEN.28.9	3
36:3	GEN.25.13	2
36:4	1CH.1.35	6
36:4	EXO.2.18	4
36:4	JOB.2.11	3
36:4	NUM.10.29	2
36:5	GEN.35.29	3
36:6	GEN.32.3	3
36:6	GEN.12.5	2
36:6	GEN.13.6	2
36:6	GEN.13.11	2
36:6	GEN.17.8	2
36:6	GEN.25.23	2
36:6	GEN.28.4	2
36:6	REV.18.13	2
36:6	EZK.27.13	1
36:7	GEN.13.6	8
36:7	GEN.17.8	7
36:7	GEN.28.4	5
36:7	GEN.13.11	3
36:7	HEB.11.9	3
36:8	GEN.32.3	6
36:8	MAL.1.3	5
36:8	EZK.35.2-EZK.35.7	3
36:8	GEN.14.6	2
36:8	GEN.36.1	2
36:8	GEN.36.19-GEN.36.20	2
36:8	DEU.2.5	2
36:8	JOS.24.4	2
36:8	1CH.4.42	2
36:8	2CH.20.10	2
36:8	2CH.20.23	2
36:9	GEN.19.37	2
36:10	GEN.36.3-GEN.36.4	2
36:10	1CH.1.35-1CH.1.54	2
36:11	GEN.36.15-GEN.36.16	3
36:11	1CH.1.35-1CH.1.36	3
36:12	EXO.17.8-EXO.17.16	4
36:12	DEU.25.17-DEU.25.19	4
36:12	GEN.14.7	3
36:12	GEN.36.22	3
36:12	NUM.24.18-NUM.24.20	3
36:12	DEU.23.7	3
36:12	1SA.15.2-1SA.15.9	3
36:12	1CH.1.36	2
36:13	GEN.36.17	2
36:13	1CH.1.37	2
36:14	GEN.36.2	3
36:14	GEN.36.5	2
36:14	GEN.36.18	2
36:14	1CH.1.35	2
36:15	OBA.1.9	4
36:15	GEN.36.11-GEN.36.12	3
36:15	JOB.2.11	3
36:15	GEN.36.4	2
36:15	GEN.36.18	2
36:15	EXO.15.15	2
36:15	1CH.1.35-1CH.1.36	2
36:15	1CH.1.45	2
36:15	1CH.1.51-1CH.1.54	2
36:15	JOB.4.1	2
36:15	JOB.21.8	2
36:15	PSA.37.35	2
36:15	JER.49.7	2
36:15	JER.49.20	2
36:15	EZK.25.13	2
36:15	AMO.1.12	2
36:15	HAB.3.3	2
36:16	EXO.15.15	2
36:17	GEN.36.13	3
36:17	1CH.1.37	3
36:17	GEN.36.4	2
36:18	GEN.36.14	3
36:18	GEN.36.5	2
36:18	1CH.1.35	2
36:20	GEN.14.6	5
36:20	DEU.2.12	5
36:20	DEU.2.22	5
36:20	1CH.1.38-1CH.1.42	4
36:20	GEN.36.2	2
36:20	GEN.36.22-GEN.36.30	2
36:22	1CH.1.39	2
36:23	1CH.1.40	4
36:24	LEV.19.19	1
36:24	DEU.2.10	1
36:24	2SA.13.29	1
36:24	2SA.18.9	1
36:24	1KI.1.38	1
36:24	1KI.1.44	1
36:24	1KI.4.28	1
36:24	ZEC.14.15	0
36:25	GEN.36.2	3
36:25	GEN.36.5	2
36:25	GEN.36.14	2
36:25	GEN.36.18	2
36:25	1CH.1.41	2
36:26	1CH.1.41	3
36:27	GEN.36.21	2
36:27	1CH.1.38	2
36:27	1CH.1.42	2
36:28	JOB.1.1	2
36:28	JER.25.20	2
36:28	LAM.4.21	2
36:29	GEN.36.20	5
36:29	GEN.36.28	2
36:29	1CH.1.38	2
36:29	1CH.1.41-1CH.1.42	2
36:30	2KI.11.19	2
36:30	ISA.23.15	2
36:30	DAN.7.17	2
36:30	DAN.7.23	2
36:31	GEN.17.6	6
36:31	GEN.17.16	4
36:31	1CH.1.43-1CH.1.50	4
36:31	GEN.25.23	3
36:31	NUM.20.14	3
36:31	NUM.24.17-NUM.24.18	3
36:31	DEU.17.14-DEU.17.20	3
36:31	DEU.33.5	3
36:31	DEU.33.29	2
36:33	JER.49.13	3
36:33	JER.49.22	3
36:33	ISA.34.6	2
36:33	ISA.63.1	2
36:33	AMO.1.12	2
36:33	MIC.2.12	2
36:34	GEN.36.11	2
36:34	GEN.36.15	2
36:34	JOB.2.11	2
36:34	JER.49.7	2
36:36	1CH.1.47	1
36:37	GEN.10.11	2
36:37	1CH.1.48	2
36:39	EXO.15.15	2
36:39	1CH.1.50	2
36:40	1CH.1.51-1CH.1.54	4
36:40	EXO.15.15	3
36:40	GEN.36.15-GEN.36.16	2
36:40	GEN.36.31	2
36:43	GEN.25.12	2
36:43	GEN.25.30	2
36:43	GEN.36.7-GEN.36.8	2
36:43	GEN.36.15	2
36:43	GEN.36.18-GEN.36.19	2
36:43	GEN.36.30-GEN.36.31	2
36:43	GEN.45.8	2
36:43	EXO.15.15	2
36:43	NUM.20.14	2
36:43	DEU.2.5	2
36:43	1CH.4.14	2
37:1	GEN.17.8	7
37:1	GEN.23.4	3
37:1	GEN.28.4	1
37:1	GEN.36.7	1
37:1	HEB.11.9-HEB.11.16	1
37:2	GEN.35.25-GEN.35.26	8
37:2	GEN.35.22	4
37:2	1SA.2.22-1SA.2.24	4
37:2	1CO.11.18	4
37:2	GEN.10.1	3
37:2	GEN.30.4	3
37:2	GEN.30.9	3
37:2	JHN.7.7	3
37:2	1CO.1.11	3
37:2	1CO.5.1	3
37:2	GEN.2.4	2
37:2	GEN.5.1	2
37:2	GEN.6.9	2
37:3	GEN.37.32	3
37:3	JHN.3.35	3
37:3	GEN.37.23	2
37:3	2SA.13.18	2
37:3	JHN.13.22-JHN.13.23	2
37:3	GEN.44.20-GEN.44.30	1
37:3	PSA.45.13-PSA.45.14	1
37:3	EZK.16.16	1
37:3	JDG.5.30	0
37:4	GEN.27.41	7
37:4	1JN.3.12	5
37:4	1JN.4.20	5
37:4	PSA.69.4	4
37:4	1JN.2.11	4
37:4	GEN.4.5	3
37:4	GEN.37.5	3
37:4	1SA.17.28	3
37:4	JHN.15.18-JHN.15.19	3
37:4	GEN.37.11	2
37:4	GEN.37.18-GEN.37.24	2
37:4	GEN.49.23	2
37:4	1SA.16.12-1SA.16.13	2
37:4	PSA.38.19	2
37:4	TIT.3.3	2
37:4	JHN.7.3-JHN.7.5	1
37:4	1JN.3.10	1
37:5	GEN.28.12	8
37:5	GEN.42.9	6
37:5	DAN.4.5	5
37:5	JHN.17.14	5
37:5	GEN.37.4	4
37:5	NUM.12.6	4
37:5	AMO.3.7	4
37:5	1KI.3.5	3
37:5	JOL.2.28	3
37:5	GEN.37.8	2
37:5	GEN.40.5	2
37:5	GEN.41.1	2
37:5	GEN.49.23	2
37:5	JDG.7.13-JDG.7.14	2
37:5	PSA.25.14	2
37:5	DAN.2.1	2
37:6	GEN.44.18	1
37:6	JDG.9.7	0
37:7	GEN.42.6	8
37:7	GEN.44.14	8
37:7	GEN.43.26	7
37:7	GEN.42.9	6
37:7	GEN.44.19	2
37:7	PHP.2.10	2
37:7	COL.1.18	2
37:8	1SA.10.27	4
37:8	ACT.7.35	4
37:8	GEN.49.26	3
37:8	GEN.37.4	2
37:8	EXO.2.14	2
37:8	1SA.17.28	2
37:8	PSA.2.3-PSA.2.6	2
37:8	PSA.118.22	2
37:8	LUK.19.14	2
37:8	LUK.20.17	2
37:8	ACT.4.27-ACT.4.28	2
37:8	HEB.10.29	2
37:9	ACT.7.9-ACT.7.14	6
37:9	GEN.46.29	4
37:9	GEN.37.7	3
37:9	DAN.8.10	3
37:9	GEN.37.10	2
37:9	GEN.41.25	2
37:9	GEN.41.32	2
37:9	GEN.43.28	2
37:9	GEN.44.14	2
37:9	GEN.44.19	2
37:9	GEN.45.9	2
37:9	GEN.47.12	2
37:9	GEN.50.15-GEN.50.21	2
37:9	PHP.2.15	2
37:10	GEN.27.29	5
37:10	GEN.37.7	2
37:10	ISA.60.14	2
37:10	PHP.2.10-PHP.2.11	2
37:11	ACT.7.9	8
37:11	LUK.2.19	6
37:11	LUK.2.51	6
37:11	DAN.7.28	4
37:11	GEN.26.14-GEN.26.16	2
37:11	PSA.106.16	2
37:11	ECC.4.4	2
37:11	ISA.11.13	2
37:11	ISA.26.11	2
37:11	MAT.27.18	2
37:11	MRK.15.10	2
37:11	ACT.13.45	2
37:11	GAL.5.21	2
37:11	TIT.3.3	2
37:11	JAS.3.14-JAS.3.16	2
37:11	JAS.4.5	2
37:11	GEN.24.31	1
37:12	GEN.33.18	2
37:12	GEN.34.25-GEN.34.31	2
37:12	GEN.37.1	2
37:13	EPH.6.1-EPH.6.3	3
37:13	GEN.22.1	2
37:13	GEN.27.1	2
37:13	GEN.27.18	2
37:13	1SA.3.4-1SA.3.6	2
37:13	1SA.3.8	2
37:13	1SA.3.16	2
37:13	1SA.17.17-1SA.17.20	2
37:13	MAT.10.16	2
37:13	LUK.20.13	1
37:14	GEN.35.27	5
37:14	PSA.125.5	3
37:14	LUK.19.42	3
37:14	GEN.13.18	2
37:14	GEN.23.2	2
37:14	GEN.29.6	2
37:14	GEN.41.16	2
37:14	NUM.13.22	2
37:14	JOS.14.13	2
37:14	1SA.17.17-1SA.17.18	2
37:14	2SA.18.32	2
37:14	1KI.2.33	2
37:14	JER.29.7	2
37:14	JOS.14.15	1
37:15	JDG.4.22	3
37:15	JHN.4.27	3
37:15	GEN.21.14	2
37:15	2KI.6.19	2
37:15	JHN.1.38	2
37:15	JHN.18.4	2
37:15	JHN.18.7	2
37:15	JHN.20.15	2
37:16	LUK.19.10	3
37:16	SNG.1.7	2
37:17	2KI.6.13	8
37:18	ACT.23.12	8
37:18	1SA.19.1	5
37:18	PSA.37.12	5
37:18	PSA.37.32	5
37:18	MRK.14.1	5
37:18	PSA.31.13	4
37:18	JHN.11.53	4
37:18	MAT.21.38	3
37:18	MAT.27.1	3
37:18	MRK.12.7	3
37:18	LUK.20.14-LUK.20.15	3
37:18	PSA.94.21	2
37:18	PSA.105.25	2
37:18	PSA.109.4	2
37:19	GEN.28.12	3
37:19	GEN.37.5	3
37:19	GEN.37.11	2
37:19	GEN.49.23	2
37:20	TIT.3.3	6
37:20	PRO.27.4	4
37:20	2KI.2.24	3
37:20	PRO.1.11-PRO.1.12	3
37:20	MAT.2.2-MAT.2.16	3
37:20	1SA.26.2	2
37:20	1KI.13.24	2
37:20	PSA.64.5	2
37:20	PRO.1.16	2
37:20	PRO.6.17	2
37:20	PRO.10.18	2
37:20	MAT.27.40-MAT.27.42	2
37:20	MRK.15.29-MRK.15.32	2
37:20	JHN.3.12	2
37:20	JHN.12.10-JHN.12.11	2
37:20	ACT.4.16-ACT.4.18	2
37:20	1SA.24.20	1
37:20	PRO.28.13	1
37:21	GEN.42.22	5
37:21	GEN.9.5	2
37:21	GEN.35.22	2
37:21	JOS.10.28	2
37:21	MAT.10.28	2
37:22	GEN.22.12	2
37:22	GEN.42.22	2
37:22	EXO.24.11	2
37:22	DEU.13.9	2
37:22	MAT.27.24	2
37:22	ACT.12.1	2
37:23	GEN.37.3	3
37:23	GEN.37.31-GEN.37.33	3
37:23	GEN.42.21	3
37:23	MAT.27.28	3
37:23	PSA.22.18	2
37:24	JER.38.6	4
37:24	PSA.130.1-PSA.130.2	3
37:24	ZEC.9.11	3
37:24	PSA.35.7	2
37:24	PSA.40.2	2
37:24	PSA.88.6	2
37:24	PSA.88.8	2
37:24	LAM.3.52-LAM.3.55	2
37:24	LAM.4.20	2
37:25	GEN.37.28	6
37:25	GEN.43.11	6
37:25	JER.8.22	6
37:25	GEN.16.11-GEN.16.12	4
37:25	JER.46.11	4
37:25	GEN.25.1-GEN.25.4	3
37:25	GEN.25.16-GEN.25.18	3
37:25	GEN.31.23	3
37:25	GEN.37.36	3
37:25	GEN.39.1	3
37:25	PSA.14.4	3
37:25	GEN.31.21	2
37:25	EST.3.15	2
37:25	PSA.83.6	2
37:25	PRO.30.20	2
37:25	AMO.6.6	2
37:26	GEN.37.20	5
37:26	GEN.4.10	4
37:26	GEN.25.32	2
37:26	DEU.17.8	2
37:26	2SA.1.16	2
37:26	JOB.16.18	2
37:26	PSA.30.9	2
37:26	JER.41.8	2
37:26	EZK.24.7	2
37:26	MAT.16.26	2
37:26	ROM.6.21	2
37:27	GEN.42.21	4
37:27	MAT.16.26	4
37:27	1SA.18.17	3
37:27	GEN.29.14	2
37:27	GEN.37.22	2
37:27	EXO.21.16	2
37:27	EXO.21.21	2
37:27	2SA.11.14-2SA.11.17	2
37:27	2SA.12.9	2
37:27	NEH.5.8	2
37:27	MAT.26.15	2
37:27	1TI.1.10	2
37:27	REV.18.13	2
37:28	ACT.7.9	7
37:28	PSA.105.17	6
37:28	GEN.25.2	5
37:28	GEN.45.4-GEN.45.5	5
37:28	GEN.37.25	4
37:28	GEN.37.36	4
37:28	JDG.6.1-JDG.6.3	4
37:28	MAT.26.15	4
37:28	EXO.2.16	3
37:28	NUM.25.15	3
37:28	NUM.25.17	3
37:28	NUM.31.2-NUM.31.3	3
37:28	JDG.8.22	3
37:28	JDG.8.24	3
37:28	PSA.83.9	3
37:28	ISA.60.6	3
37:28	ZEC.11.12-ZEC.11.13	3
37:28	MAT.27.9	3
37:28	NUM.31.8-NUM.31.9	2
37:29	GEN.37.34	4
37:29	JOB.1.20	4
37:29	GEN.44.13	3
37:29	NUM.14.6	3
37:29	JOL.2.13	3
37:29	ACT.14.14	3
37:29	GEN.34.13	2
37:29	JDG.11.35	2
37:29	2KI.19.1	2
37:30	GEN.42.13	5
37:30	GEN.42.32	3
37:30	JER.31.15	3
37:30	GEN.37.20	2
37:30	GEN.42.35-GEN.42.36	2
37:31	GEN.37.23	5
37:31	GEN.37.3	3
37:31	PRO.28.13	3
37:32	LUK.15.30	2
37:32	GEN.37.3	1
37:32	GEN.44.20-GEN.44.23	1
37:33	GEN.37.20	5
37:33	GEN.44.28	5
37:33	1KI.13.24	2
37:33	2KI.2.24	2
37:33	PRO.14.15	2
37:33	JHN.13.7	2
37:34	GEN.37.29	4
37:34	2SA.3.31	3
37:34	EST.4.1-EST.4.3	3
37:34	JOB.1.20	3
37:34	JOS.7.6	2
37:34	2SA.1.11	2
37:34	1KI.20.31	2
37:34	1KI.21.27	2
37:34	2KI.19.1	2
37:34	1CH.21.16	2
37:34	EZR.9.3-EZR.9.5	2
37:34	NEH.9.1	2
37:34	JOB.2.12	2
37:34	PSA.69.11	2
37:34	ISA.22.12-ISA.22.13	2
37:34	ISA.32.11	2
37:34	ISA.36.22-ISA.37.2	2
37:34	JER.36.24	2
37:34	JOL.2.13	2
37:34	JON.3.5-JON.3.8	2
37:34	MAT.11.21	2
37:34	MAT.26.65	2
37:34	ACT.14.14	2
37:34	REV.11.3	2
37:35	GEN.42.38	4
37:35	2SA.12.17	3
37:35	JOB.2.11	3
37:35	GEN.31.43	2
37:35	GEN.35.22-GEN.35.26	2
37:35	GEN.42.31	2
37:35	GEN.44.29-GEN.44.31	2
37:35	GEN.45.28	2
37:35	PSA.77.2	2
37:35	JER.31.15	2
37:36	GEN.37.28	4
37:36	GEN.40.4	4
37:36	GEN.25.1-GEN.25.2	2
37:36	GEN.39.1-GEN.39.23	2
37:36	2KI.25.8	2
37:36	ISA.56.3	2
37:36	EST.1.10	1
38:1	1SA.22.1	4
38:1	2KI.4.8	4
38:1	GEN.19.2-GEN.19.3	3
38:1	JOS.15.35	3
38:1	PRO.13.20	3
38:1	MIC.1.15	3
38:1	JOS.12.15	2
38:1	JDG.4.18	2
38:1	2SA.23.13	2
38:1	PRO.9.6	2
38:2	1CH.2.3	5
38:2	GEN.24.3	4
38:2	GEN.3.6	2
38:2	GEN.6.2	2
38:2	GEN.6.4	2
38:2	GEN.34.2	2
38:2	GEN.46.12	2
38:2	JDG.14.2	2
38:2	JDG.16.1	2
38:2	2SA.11.2	2
38:2	2CO.6.14	2
38:3	GEN.46.12	5
38:3	NUM.26.19	5
38:4	GEN.46.12	3
38:4	NUM.26.19	2
38:5	NUM.26.20	3
38:5	GEN.38.11	2
38:5	GEN.38.26	2
38:5	GEN.46.12	2
38:5	1CH.4.21	2
38:6	GEN.21.21	2
38:6	GEN.24.3	2
38:6	MAT.1.3	2
38:7	1CH.2.3	7
38:7	GEN.46.12	6
38:7	NUM.26.19	5
38:7	GEN.13.13	3
38:7	GEN.19.13	3
38:7	PSA.55.23	1
38:7	GEN.6.8	0
38:7	2CH.33.6	0
38:8	DEU.25.5-DEU.25.10	7
38:8	MAT.22.23-MAT.22.27	6
38:8	RUT.1.11	4
38:8	RUT.4.5-RUT.4.11	4
38:8	LEV.18.16	3
38:8	NUM.36.8-NUM.36.9	2
38:9	DEU.25.6	3
38:9	TIT.3.3	3
38:9	JAS.3.16	3
38:9	JAS.4.5	3
38:9	RUT.4.10	2
38:9	JOB.5.2	2
38:9	PRO.27.4	2
38:9	JAS.3.14	2
38:9	RUT.1.11	1
38:10	GEN.46.12	4
38:10	NUM.11.1	4
38:10	NUM.26.19	3
38:10	1CH.21.7	3
38:10	PRO.14.32	3
38:10	2SA.11.27	2
38:10	PRO.24.18	2
38:10	JER.44.4	2
38:10	HAG.1.13	2
38:10	NUM.22.34	1
38:11	LEV.22.13	5
38:11	RUT.1.11-RUT.1.13	2
38:12	JOS.15.10	4
38:12	GEN.24.67	3
38:12	JDG.14.1	3
38:12	2SA.13.39	3
38:12	GEN.31.19	2
38:12	GEN.38.1	2
38:12	JOS.15.35	2
38:12	JOS.15.37	2
38:12	JOS.15.57	2
38:12	JOS.19.43	2
38:12	1SA.25.4-1SA.25.8	2
38:12	1SA.25.36	2
38:12	2SA.13.23-2SA.13.29	2
38:14	GEN.38.26	4
38:14	GEN.24.65	2
38:14	GEN.38.11-GEN.38.13	2
38:14	PRO.7.12	2
38:14	JER.3.2	2
38:14	EZK.16.25	0
38:16	2SA.13.11	2
38:16	MAT.26.15	2
38:16	1TI.6.10	2
38:16	DEU.23.18	1
38:16	EZK.16.33	1
38:17	GEN.38.20	3
38:17	EZK.16.33	3
38:17	GEN.38.24-GEN.38.25	2
38:17	PRO.20.16	2
38:17	LUK.16.8	2
38:18	GEN.38.25-GEN.38.26	4
38:18	JER.22.24	2
38:18	HOS.4.11	2
38:18	LUK.15.22	2
38:19	GEN.38.14	4
38:19	2SA.14.2	2
38:19	2SA.14.5	2
38:20	GEN.20.9	2
38:20	LEV.19.17	2
38:20	JDG.14.20	2
38:20	2SA.13.3	2
38:20	LUK.23.12	2
38:23	2SA.12.9	2
38:23	PRO.6.33	2
38:23	ROM.6.21	2
38:23	2CO.4.2	2
38:23	EPH.5.12	2
38:23	REV.16.15	2
38:24	LEV.21.9	6
38:24	JDG.19.2	3
38:24	EZK.23.5	3
38:24	EZK.23.19	3
38:24	EZK.23.44	3
38:24	HOS.2.5	3
38:24	GEN.20.3	2
38:24	GEN.20.7	2
38:24	GEN.20.9	2
38:24	GEN.34.31	2
38:24	LEV.20.10	2
38:24	DEU.22.21-DEU.22.27	2
38:24	DEU.24.16	2
38:24	2SA.12.5	2
38:24	2SA.12.7	2
38:24	ECC.7.26	2
38:24	JER.2.20	2
38:24	JER.3.1	2
38:24	JER.3.6	2
38:24	JER.3.8	2
38:24	JER.29.22-JER.29.23	2
38:24	EZK.16.15	2
38:24	EZK.16.28	2
38:24	EZK.16.41	2
38:24	HOS.3.3	2
38:24	HOS.4.15	2
38:24	MAT.7.1-MAT.7.5	2
38:24	ROM.2.1-ROM.2.2	2
38:24	ROM.14.22	2
38:25	GEN.37.32	4
38:25	GEN.38.18	4
38:25	PSA.50.21	3
38:25	JER.2.26	2
38:25	1CO.4.5	2
38:25	REV.20.12	2
38:25	ROM.2.16	1
38:26	1SA.24.17	6
38:26	JHN.8.9	3
38:26	TIT.2.11-TIT.2.12	3
38:26	1PE.4.2-1PE.4.3	3
38:26	GEN.4.1	2
38:26	GEN.37.33	2
38:26	GEN.38.14	2
38:26	2SA.16.22	2
38:26	2SA.20.3	2
38:26	2SA.24.17	2
38:26	JOB.4.5	2
38:26	JOB.34.31-JOB.34.32	2
38:26	JOB.40.5	2
38:26	EZK.16.52	2
38:26	HAB.1.13	2
38:26	MAT.3.8	2
38:26	ROM.3.19	2
38:26	ROM.13.12	2
38:27	GEN.25.24	3
38:29	GEN.46.12	5
38:29	NUM.26.20	5
38:29	1CH.2.4	5
38:29	MAT.1.3	5
38:29	RUT.4.12	4
38:29	NEH.11.6	4
38:29	1CH.9.4	3
38:29	NEH.11.4	3
38:29	LUK.3.33	3
38:30	1CH.9.6	5
38:30	1CH.2.4	4
38:30	MAT.1.3	4
39:1	GEN.37.28	7
39:1	PSA.105.17	7
39:1	GEN.37.25	6
39:1	GEN.37.36	6
39:1	ACT.7.9	3
39:1	GEN.45.4	2
39:2	1SA.18.14	36
39:2	PSA.91.15	31
39:2	JER.15.20	25
39:2	GEN.26.28	24
39:2	ACT.7.9-ACT.7.10	23
39:2	GEN.21.22	18
39:2	GEN.26.24	17
39:2	ISA.43.2	17
39:2	GEN.39.21-GEN.39.22	14
39:2	GEN.28.15	13
39:2	PSA.1.3	13
39:2	ISA.41.10	13
39:2	1SA.16.18	10
39:2	PSA.46.7	10
39:2	PSA.46.11	10
39:2	1SA.3.19	9
39:2	1CO.7.20-1CO.7.24	9
39:2	1SA.18.28	8
39:2	ISA.8.9-ISA.8.10	8
39:2	TIT.2.9-TIT.2.10	6
39:2	MAT.1.23	4
39:2	ACT.8.31	1
39:2	1TI.6.1	1
39:3	PSA.1.3	14
39:3	GEN.30.27	6
39:3	1SA.18.14	6
39:3	2CH.26.5	6
39:3	MAT.5.16	5
39:3	GEN.21.22	4
39:3	GEN.26.24	3
39:3	GEN.26.28	3
39:3	PHP.2.15-PHP.2.16	3
39:3	GEN.30.30	2
39:3	GEN.39.23	2
39:3	JOS.1.7-JOS.1.8	2
39:3	1SA.18.28	2
39:3	1CH.22.13	2
39:3	NEH.2.20	2
39:3	ZEC.8.23	2
39:3	1CO.16.2	2
39:3	REV.3.9	2
39:4	GEN.39.21-GEN.39.22	5
39:4	GEN.19.19	4
39:4	GEN.24.2	4
39:4	GEN.39.8	4
39:4	PRO.27.18	4
39:4	ACT.20.28	4
39:4	GEN.18.3	3
39:4	GEN.33.10	3
39:4	PRO.16.7	3
39:4	PRO.17.2	3
39:4	PRO.22.29	3
39:4	GEN.15.2	2
39:4	GEN.32.5	2
39:4	GEN.33.8	2
39:4	GEN.41.40-GEN.41.41	2
39:4	1SA.16.22	2
39:4	NEH.2.4-NEH.2.5	2
39:4	PRO.14.35	2
39:5	GEN.30.27	11
39:5	2SA.6.11-2SA.6.12	7
39:5	ACT.27.24	6
39:5	GEN.12.2	5
39:5	PSA.72.17	5
39:5	PSA.21.6	4
39:5	EPH.1.3	4
39:5	GEN.19.29	3
39:5	DEU.28.3-DEU.28.6	3
39:6	GEN.29.17	5
39:6	1SA.16.12	5
39:6	PRO.31.11	5
39:6	LUK.19.17	5
39:6	GEN.12.14-GEN.12.15	3
39:6	GEN.39.4	3
39:6	GEN.39.8	3
39:6	GEN.39.23	3
39:6	GEN.43.32	3
39:6	LUK.16.10	3
39:6	ACT.7.20	3
39:6	1SA.17.42	2
39:7	2SA.13.11	5
39:7	EZK.16.34	5
39:7	2PE.2.14	5
39:7	JOB.31.1	3
39:7	EZK.16.32	3
39:7	EZK.23.5-EZK.23.6	3
39:7	EZK.23.12-EZK.23.16	3
39:7	MAT.5.28	3
39:7	1JN.2.16	3
39:7	GEN.6.2	2
39:7	PSA.119.37	2
39:7	PRO.2.16	2
39:7	PRO.5.9	2
39:7	PRO.7.13	2
39:7	PRO.7.15-PRO.7.18	2
39:7	JER.3.3	2
39:7	EZK.16.25	2
39:8	PRO.22.14	4
39:8	PRO.23.26-PRO.23.28	4
39:8	PRO.1.10	3
39:8	PRO.7.5	3
39:8	PRO.9.13-PRO.9.18	3
39:8	PRO.2.10	2
39:8	PRO.5.3-PRO.5.8	2
39:8	PRO.6.20-PRO.6.25	2
39:8	PRO.6.29	2
39:8	PRO.6.32-PRO.6.33	2
39:8	PRO.7.25-PRO.7.27	2
39:8	PRO.18.24	2
39:8	PRO.2.16-PRO.2.19	1
39:9	2SA.12.13	8
39:9	GEN.20.6	6
39:9	GEN.42.18	6
39:9	PSA.51.4	4
39:9	LUK.12.48	4
39:9	GAL.5.19-GAL.5.21	4
39:9	1JN.3.9	4
39:9	LEV.6.2	3
39:9	NUM.32.23	3
39:9	2SA.11.27	3
39:9	JOB.31.9-JOB.31.12	3
39:9	JOB.31.23	3
39:9	JER.28.16	3
39:9	JER.50.7	3
39:9	1CO.4.2	3
39:9	1CO.6.9-1CO.6.10	3
39:9	NEH.5.15	2
39:9	PRO.6.32	2
39:9	GEN.41.40	1
39:9	LEV.20.10	1
39:9	NEH.6.11	1
39:9	PRO.6.29	1
39:9	JER.5.8-JER.5.9	1
39:9	TIT.2.10	1
39:9	HEB.13.4	1
39:9	REV.22.15	1
39:9	GEN.20.3	0
39:9	GEN.24.2	0
39:9	REV.21.8	0
39:10	1PE.2.11	6
39:10	1CO.6.18	5
39:10	1CO.15.33	5
39:10	1TH.5.22	5
39:10	2TI.2.22	5
39:10	GEN.39.8	4
39:10	PRO.2.16	4
39:10	PRO.1.15	3
39:10	PRO.5.3	3
39:10	PRO.5.8	3
39:10	PRO.6.25-PRO.6.26	3
39:10	PRO.7.5	3
39:10	PRO.7.13	3
39:10	PRO.9.14	3
39:10	PRO.22.14	3
39:10	PRO.23.27	3
39:10	PRO.9.16	2
39:10	1TI.5.14	1
39:11	EPH.5.3	3
39:11	EPH.5.12	3
39:11	JOB.24.15	2
39:11	PRO.9.17	2
39:11	JER.23.24	2
39:11	MAL.3.5	2
39:12	2TI.2.22	9
39:12	PRO.7.13-PRO.7.27	7
39:12	PRO.5.8	6
39:12	PRO.6.5	6
39:12	ECC.7.26	6
39:12	1PE.2.11	6
39:12	GEN.39.8	4
39:12	GEN.39.10	4
39:12	MRK.14.51-MRK.14.52	4
39:12	1CO.15.33	4
39:12	PRO.1.15	3
39:12	EZK.16.30-EZK.16.31	3
39:12	1SA.15.27	2
39:14	GEN.10.21	2
39:14	GEN.14.13	2
39:14	GEN.39.7	2
39:14	GEN.39.17	2
39:14	GEN.40.15	2
39:14	PSA.35.11	2
39:14	PSA.55.3	2
39:14	PSA.120.3	2
39:14	PRO.10.18	2
39:14	ISA.51.7	2
39:14	ISA.54.17	2
39:14	MAT.5.11	2
39:14	MAT.26.59	2
39:14	LUK.23.2	2
39:14	1PE.2.20	2
39:14	1PE.3.14-1PE.3.18	2
39:14	1PE.4.14-1PE.4.19	2
39:14	EZK.22.5	1
39:14	2CO.6.8	1
39:16	PSA.37.32	5
39:16	PSA.37.12	3
39:16	JER.4.22	3
39:16	JER.9.3-JER.9.5	3
39:16	TIT.3.3	3
39:17	EXO.23.1	4
39:17	GEN.39.14	2
39:17	EXO.20.16	2
39:17	1KI.18.17	2
39:17	1KI.21.9-1KI.21.13	2
39:17	PSA.37.14	2
39:17	PSA.55.3	2
39:17	PRO.12.19	2
39:17	PRO.19.5	2
39:17	PRO.19.9	2
39:17	MAT.26.65	2
39:17	PSA.120.2-PSA.120.4	1
39:19	GEN.4.5-GEN.4.6	2
39:19	JOB.29.16	2
39:19	PRO.6.34-PRO.6.35	2
39:19	PRO.18.17	2
39:19	PRO.29.12	2
39:19	SNG.8.7	2
39:19	ACT.25.16	2
39:19	2TH.2.11	2
39:20	GEN.40.15	5
39:20	GEN.40.1-GEN.40.3	2
39:20	GEN.41.9-GEN.41.14	2
39:20	PSA.105.18-PSA.105.19	2
39:20	ISA.53.8	2
39:20	DAN.3.21-DAN.3.22	2
39:20	2TI.2.9	2
39:20	1PE.2.19	2
39:20	PSA.76.10	1
39:21	ISA.41.10	16
39:21	EXO.3.21	13
39:21	1PE.3.17	8
39:21	ACT.7.9-ACT.7.10	7
39:21	ISA.43.2	6
39:21	ROM.8.31-ROM.8.32	5
39:21	GEN.21.22	4
39:21	GEN.39.2	4
39:21	EXO.11.3	4
39:21	EXO.12.36	4
39:21	PSA.105.19	4
39:21	PRO.16.7	4
39:21	DAN.1.9	4
39:21	1PE.3.13-1PE.3.14	4
39:21	1PE.4.14-1PE.4.16	4
39:21	GEN.40.3	3
39:21	DAN.6.22	3
39:21	ROM.8.37	3
39:21	GEN.49.23-GEN.49.24	2
39:21	PSA.106.46	2
39:21	PSA.105.22	1
39:22	GEN.39.4	4
39:22	GEN.40.3-GEN.40.4	4
39:22	GEN.39.6-GEN.39.7	2
39:22	GEN.39.9	2
39:22	1SA.2.30	2
39:22	PSA.37.3	2
39:22	PSA.37.11	2
39:23	ISA.43.2	14
39:23	PSA.1.3	12
39:23	GEN.39.2-GEN.39.3	11
39:23	DAN.6.22	5
39:23	GEN.49.23-GEN.49.24	3
39:23	1SA.2.30	3
39:23	PSA.37.3-PSA.37.11	3
39:23	GEN.40.3-GEN.40.4	2
40:1	GEN.40.13	4
40:1	NEH.1.11-NEH.2.2	3
40:1	EST.6.1	3
40:1	GEN.39.20-GEN.39.23	2
40:2	PRO.16.14	6
40:2	1CH.27.27	2
40:2	PSA.76.10	2
40:2	PRO.19.12	2
40:2	PRO.19.19	2
40:2	PRO.27.4	2
40:2	ACT.12.20	2
40:3	GEN.39.20	5
40:3	GEN.39.23	1
40:4	GEN.37.36	2
40:4	GEN.39.1	2
40:4	GEN.39.21-GEN.39.23	2
40:4	PSA.37.5	2
40:5	GEN.41.11	3
40:5	GEN.12.1-GEN.12.7	2
40:5	GEN.20.3	2
40:5	GEN.37.5-GEN.37.10	2
40:5	GEN.40.8	2
40:5	GEN.41.1-GEN.41.7	2
40:5	NUM.12.6	2
40:5	JDG.7.13-JDG.7.14	2
40:5	EST.6.1	2
40:5	JOB.33.15-JOB.33.17	2
40:5	DAN.2.1-DAN.2.3	2
40:5	DAN.4.5	2
40:5	DAN.4.9	2
40:5	DAN.4.19	2
40:5	DAN.7.1-DAN.7.8	2
40:6	GEN.40.8	2
40:6	GEN.41.8	2
40:6	DAN.2.1-DAN.2.3	2
40:6	DAN.4.5	2
40:6	DAN.5.6	2
40:6	DAN.7.28	2
40:6	DAN.8.27	2
40:7	NEH.2.2	5
40:7	1SA.1.8	3
40:7	JDG.18.24	2
40:7	2SA.13.4	2
40:7	LUK.24.17	2
40:8	DAN.2.47	7
40:8	GEN.41.15-GEN.41.16	6
40:8	DAN.2.28	5
40:8	ISA.8.19	3
40:8	AMO.3.7	3
40:8	1CO.12.10-1CO.12.11	3
40:8	JOB.33.15-JOB.33.16	2
40:8	PSA.25.14	2
40:8	DAN.2.11	2
40:8	DAN.4.8	2
40:8	DAN.5.11-DAN.5.15	2
40:9	GEN.37.5-GEN.37.10	2
40:9	JDG.7.13-JDG.7.15	2
40:9	DAN.2.31	2
40:9	DAN.4.8	2
40:9	DAN.4.10-DAN.4.18	2
40:11	NEH.1.11-NEH.2.1	6
40:11	1KI.10.5	4
40:11	2CH.9.4	4
40:11	GEN.40.21	3
40:11	GEN.49.11	3
40:11	LEV.10.9	3
40:11	PRO.3.10	3
40:12	GEN.41.12	5
40:12	JDG.7.14	5
40:12	GEN.40.18	4
40:12	GEN.41.25-GEN.41.26	4
40:12	DAN.2.36-DAN.2.45	3
40:12	DAN.4.19-DAN.4.33	3
40:12	MAT.26.26	2
40:12	1CO.10.4	2
40:12	GAL.4.25	2
40:13	2KI.25.27	4
40:13	PSA.3.3	4
40:13	JER.52.31	4
40:13	GEN.7.4	2
40:13	GEN.40.19-GEN.40.22	2
40:14	JOS.2.12	5
40:14	1SA.20.14-1SA.20.15	4
40:14	LUK.23.42	4
40:14	1KI.2.7	3
40:14	1SA.25.31	2
40:14	2SA.9.1	2
40:14	1CO.7.21	1
40:15	GEN.39.20	3
40:15	1PE.3.17-1PE.3.18	3
40:15	GEN.14.13	2
40:15	GEN.39.8-GEN.39.12	2
40:15	GEN.41.12	2
40:15	EXO.21.16	2
40:15	DEU.24.7	2
40:15	1SA.24.11	2
40:15	PSA.59.3-PSA.59.4	2
40:15	DAN.6.22	2
40:15	JHN.10.32	2
40:15	JHN.15.25	2
40:15	ACT.24.12-ACT.24.21	2
40:15	ACT.25.10-ACT.25.11	2
40:15	1TI.1.10	2
40:15	GEN.37.26-GEN.37.28	1
40:16	GEN.40.1-GEN.40.2	1
40:17	GEN.49.20	3
40:17	1CH.12.20	0
40:18	GEN.40.12	5
40:18	GEN.41.26	2
40:18	1CO.10.4	2
40:18	1CO.11.24	2
40:19	GEN.40.13	3
40:19	GEN.40.22	3
40:19	GEN.40.17	2
40:19	GEN.41.13	2
40:19	DEU.21.22-DEU.21.23	2
40:19	JOS.8.29	2
40:19	JOS.10.26	2
40:19	1SA.17.44	2
40:19	1SA.17.46	2
40:19	2SA.21.6	2
40:19	2SA.21.10	2
40:19	PRO.30.17	2
40:19	EZK.39.4	2
40:19	ACT.20.27	2
40:19	GAL.3.13	2
40:20	GEN.40.13	5
40:20	GEN.40.19	5
40:20	MAT.14.6	5
40:20	MRK.6.21	4
40:20	GEN.21.8	3
40:20	2KI.25.27	3
40:20	EST.1.3	3
40:20	JOB.3.1	3
40:20	MAT.18.23-MAT.18.25	3
40:20	MAT.25.19	2
40:20	LUK.16.1-LUK.16.2	2
40:21	GEN.40.13	6
40:21	NEH.2.1	4
40:22	GEN.40.19	5
40:22	GEN.40.8	2
40:22	GEN.41.11-GEN.41.13	2
40:22	GEN.41.16	2
40:22	JER.23.28	2
40:22	DAN.2.19-DAN.2.23	2
40:22	DAN.2.30	2
40:22	DAN.5.12	2
40:22	ACT.5.30	2
40:23	JOB.19.14	4
40:23	PSA.31.12	4
40:23	PSA.105.19	3
40:23	AMO.6.6	1
41:1	GEN.20.3	4
41:1	GEN.29.14	4
41:1	GEN.31.21	3
41:1	GEN.40.5	3
41:1	EXO.1.22	3
41:1	EXO.4.9	3
41:1	DEU.11.10	3
41:1	EST.6.1	3
41:1	JOB.33.15-JOB.33.16	3
41:1	ISA.19.5	3
41:1	EZK.29.3	3
41:1	EZK.29.9	3
41:1	MAT.27.19	3
41:1	GEN.37.5-GEN.37.10	2
41:1	JDG.7.13-JDG.7.14	1
41:1	DAN.2.1-DAN.2.3	1
41:1	DAN.4.5-DAN.4.18	1
41:1	DAN.7.1-DAN.7.8	1
41:2	ISA.19.6	2
41:3	GEN.41.4	2
41:3	GEN.41.20-GEN.41.21	2
41:4	1KI.3.15	2
41:5	DEU.32.14	2
41:6	EZK.17.10	3
41:6	EZK.19.12	3
41:6	HOS.13.15	3
41:7	GEN.20.3	2
41:7	GEN.37.5	2
41:8	DAN.4.7	7
41:8	EXO.7.22	5
41:8	EXO.7.11	3
41:8	ISA.29.14	3
41:8	DAN.1.20	3
41:8	DAN.4.5	3
41:8	MAT.2.1	3
41:8	GEN.40.6	2
41:8	GEN.40.8	2
41:8	EXO.8.7	2
41:8	LEV.19.31	2
41:8	ISA.8.19	2
41:8	DAN.4.19	2
41:8	EXO.8.18-EXO.8.19	1
41:8	EXO.9.11	1
41:8	LEV.20.6	1
41:8	DEU.18.9-DEU.18.14	1
41:8	JOB.5.12-JOB.5.13	1
41:8	PSA.25.14	1
41:8	ISA.19.3	1
41:8	ISA.19.11-ISA.19.13	1
41:8	ISA.47.12-ISA.47.13	1
41:8	DAN.2.1-DAN.2.11	1
41:8	DAN.2.27-DAN.2.28	1
41:8	DAN.5.6-DAN.5.8	1
41:8	DAN.5.11	1
41:8	DAN.7.28	1
41:8	DAN.8.27	1
41:8	HAB.3.16	1
41:8	ACT.17.18	1
41:8	1CO.1.19	1
41:8	1CO.3.18-1CO.3.20	1
41:8	ACT.7.22	0
41:9	GEN.40.14	3
41:9	GEN.40.23	3
41:9	GEN.40.1-GEN.40.3	2
41:10	GEN.39.20	5
41:10	GEN.40.2-GEN.40.3	4
41:10	GEN.37.36	2
41:11	GEN.40.5-GEN.40.8	2
41:12	GEN.37.36	3
41:12	GEN.40.12-GEN.40.19	3
41:12	GEN.39.1	2
41:12	GEN.39.20	2
41:13	GEN.40.12	2
41:13	GEN.40.20-GEN.40.22	2
41:13	JER.1.10	2
41:13	EZK.43.3	2
41:14	DAN.2.25	9
41:14	PSA.113.7-PSA.113.8	8
41:14	PSA.105.19-PSA.105.22	6
41:14	1SA.2.7-1SA.2.8	5
41:14	2KI.25.29	4
41:14	EST.5.1	4
41:14	ISA.61.3	4
41:14	JER.52.32-JER.52.33	4
41:14	EXO.10.16	2
41:14	ISA.61.10	2
41:14	2SA.19.24	1
41:14	EST.4.1-EST.4.4	1
41:15	DAN.5.16	5
41:15	DAN.5.12	3
41:15	GEN.41.9-GEN.41.13	2
41:15	PSA.25.14	2
41:16	2CO.3.5	16
41:16	GEN.40.8	7
41:16	DAN.2.47	6
41:16	NUM.12.6	5
41:16	ACT.3.12	5
41:16	DAN.2.18-DAN.2.23	4
41:16	DAN.4.2	4
41:16	ACT.3.7	4
41:16	1CO.15.10	4
41:16	DAN.2.28-DAN.2.30	3
41:16	ACT.14.14-ACT.14.15	3
41:16	GEN.37.14	2
41:16	2KI.6.27	2
41:16	LUK.19.42	2
41:18	JER.24.1-JER.24.3	2
41:18	JER.24.5	2
41:18	JER.24.8	2
41:21	PSA.37.19	2
41:21	ISA.9.20	2
41:21	EZK.3.3	2
41:21	REV.10.9-REV.10.10	2
41:23	GEN.41.6	2
41:23	2KI.19.26	2
41:23	PSA.129.6-PSA.129.7	2
41:23	HOS.8.7	2
41:23	HOS.9.16	2
41:23	HOS.13.15	2
41:24	DAN.4.7	5
41:24	GEN.41.8	4
41:24	EXO.8.19	2
41:25	DAN.2.45	7
41:25	REV.4.1	4
41:25	DAN.2.28-DAN.2.29	3
41:25	GEN.41.16	2
41:25	JOS.11.6	2
41:25	PSA.98.2	2
41:25	ISA.41.22-ISA.41.23	2
41:25	ISA.43.9	2
41:25	DAN.2.47	2
41:25	AMO.3.7	2
41:25	MAT.24.40	2
41:25	MRK.13.23	2
41:25	EPH.1.17	2
41:25	EXO.9.14	1
41:26	GEN.41.2	4
41:26	GEN.41.47	4
41:26	GEN.41.5	3
41:26	GEN.41.29	3
41:26	GEN.41.53	3
41:26	EXO.12.11	3
41:26	1CO.10.4	3
41:26	1JN.5.7	3
41:26	GEN.2.24	2
41:26	GEN.40.12	2
41:26	GEN.40.18	2
41:26	EXO.26.6	1
41:27	2KI.8.1	6
41:27	2SA.24.19	2
41:28	GEN.41.25	5
41:28	GEN.41.16	2
41:29	GEN.41.46-GEN.41.47	3
41:29	GEN.41.26	2
41:29	GEN.41.49	2
41:30	GEN.41.54	5
41:30	GEN.47.13	5
41:30	PSA.105.16	2
41:30	JAS.5.17	2
41:30	GEN.41.21	1
41:30	GEN.41.27	1
41:30	GEN.41.51	1
41:30	GEN.41.56	1
41:30	2SA.24.13	1
41:30	1KI.17.1	1
41:30	2KI.8.1	1
41:30	PRO.31.7	1
41:30	ISA.65.16	1
41:30	LUK.4.25	1
41:31	ISA.24.20	3
41:31	1SA.5.6	2
41:32	NUM.23.19	9
41:32	ISA.46.10-ISA.46.11	6
41:32	ISA.14.24-ISA.14.27	2
41:32	MAT.24.35	2
41:32	2CO.13.1	2
41:32	GEN.37.7	1
41:32	GEN.37.9	1
41:32	JOB.33.14-JOB.33.15	1
41:32	ISA.30.33	1
41:32	MAT.25.34	1
41:32	MAT.25.41	1
41:32	MRK.10.40	1
41:32	1CO.2.9	1
41:32	REV.9.15	1
41:33	GEN.41.39	6
41:33	ACT.6.3	5
41:33	DEU.1.13	3
41:33	DAN.4.27	3
41:33	EXO.18.19-EXO.18.22	2
41:34	PRO.6.6-PRO.6.8	3
41:34	NUM.31.14	2
41:34	2KI.11.11-2KI.11.12	2
41:34	2CH.34.12	2
41:34	NEH.11.9	2
41:34	JOB.5.20	2
41:34	PSA.33.19	2
41:34	PRO.22.3	2
41:34	PRO.27.12	2
41:34	LUK.16.5	2
41:35	GEN.41.48-GEN.41.49	3
41:35	GEN.41.56	2
41:35	GEN.45.6-GEN.45.7	2
41:35	EXO.4.13	2
41:36	GEN.47.13-GEN.47.25	2
41:37	ACT.7.10	3
41:37	JOS.22.30	2
41:37	2SA.3.36	2
41:37	1KI.21.2	2
41:37	PSA.105.19	2
41:37	PRO.10.20	2
41:37	PRO.25.11	2
41:38	JOB.32.8	17
41:38	DAN.5.14	13
41:38	NUM.27.18	11
41:38	DAN.5.11	11
41:38	DAN.4.18	9
41:38	DAN.4.6	3
41:38	DAN.4.8-DAN.4.9	3
41:38	DAN.6.3	2
41:39	GEN.41.28	5
41:39	GEN.41.33	5
41:39	GEN.41.25	4
41:39	GEN.41.16	3
41:40	PRO.22.29	7
41:40	ACT.7.10	6
41:40	PSA.105.21-PSA.105.22	5
41:40	GEN.39.4-GEN.39.6	4
41:40	GEN.45.8-GEN.45.9	4
41:40	PSA.2.12	4
41:40	DAN.5.29	4
41:40	GEN.45.26	3
41:40	DAN.2.46-DAN.2.48	3
41:40	DAN.6.3	3
41:40	1SA.10.1	2
41:40	JOB.31.27	1
41:41	MAT.28.18	7
41:41	PHP.2.9-PHP.2.11	6
41:41	GEN.42.6	5
41:41	DAN.6.3	5
41:41	DAN.4.2-DAN.4.3	3
41:41	GEN.39.5	2
41:41	GEN.39.22	2
41:41	GEN.41.44	2
41:41	EST.10.3	2
41:41	PRO.17.2	2
41:41	PRO.22.29	2
41:41	DAN.2.7-DAN.2.8	2
41:42	DAN.5.7	8
41:42	DAN.5.29	8
41:42	EST.3.10	7
41:42	EST.8.2	5
41:42	DAN.5.16	5
41:42	EST.8.10	4
41:42	EST.8.15	4
41:42	EST.3.12	3
41:42	EST.8.8	3
41:42	PRO.31.22	3
41:42	PRO.31.24	3
41:42	SNG.1.10	3
41:42	EZK.27.7	3
41:42	DAN.2.46-DAN.2.47	2
41:42	LUK.15.22	2
41:42	LUK.19.16-LUK.19.19	2
41:42	EST.6.7-EST.6.12	1
41:42	EST.10.3	1
41:42	PRO.1.9	1
41:42	EZK.16.10-EZK.16.11	1
41:43	GEN.45.8	4
41:43	GEN.45.26	4
41:43	ACT.7.10	4
41:43	GEN.42.30	3
41:43	GEN.42.33	3
41:43	PHP.2.10	3
41:43	GEN.42.6	2
41:43	EST.6.8-EST.6.9	2
41:44	PSA.105.22	3
41:44	EXO.11.7	2
41:45	GEN.46.20	3
41:45	EXO.2.16	2
41:45	EZK.30.17	2
41:45	GEN.14.18	1
41:45	2SA.8.18	1
41:45	2SA.20.26	1
41:45	LUK.2.1	1
41:45	ACT.11.28	1
41:46	DAN.1.19	4
41:46	1KI.12.6	3
41:46	GEN.37.2	2
41:46	1SA.16.21	2
41:46	2SA.5.4	2
41:46	NUM.4.3	1
41:46	1KI.12.8	1
41:46	PRO.22.29	1
41:46	LUK.3.23	1
41:46	LUK.21.36	1
41:46	JUD.1.24	1
41:47	GEN.26.12	4
41:47	PSA.72.16	2
41:48	GEN.41.34-GEN.41.36	2
41:48	GEN.47.21	1
41:49	PSA.78.27	3
41:49	GEN.22.17	2
41:49	JDG.6.5	2
41:49	JDG.7.12	2
41:49	1SA.13.5	2
41:49	JOB.1.3	1
41:49	JER.33.22	1
41:50	GEN.46.20	6
41:50	GEN.48.5	6
41:50	GEN.41.45	2
41:50	2SA.8.18	2
41:51	PSA.30.5	6
41:51	PRO.31.7	4
41:51	GEN.41.30	3
41:51	DEU.33.17	3
41:51	PSA.30.11	3
41:51	GEN.48.5	2
41:51	GEN.48.13-GEN.48.14	2
41:51	GEN.48.18-GEN.48.20	2
41:51	PSA.45.10	2
41:51	ISA.57.16	2
41:51	ISA.65.16	2
41:52	GEN.49.22	9
41:52	GEN.50.23	6
41:52	GEN.17.6	5
41:52	GEN.28.3	3
41:52	PSA.105.17-PSA.105.18	3
41:52	ISA.40.1-ISA.40.2	3
41:52	AMO.6.6	3
41:52	GEN.29.32-GEN.29.35	2
41:52	GEN.30.6-GEN.30.13	2
41:52	GEN.48.16-GEN.48.19	2
41:52	ACT.7.10	2
41:53	GEN.41.29-GEN.41.31	2
41:53	PSA.73.20	2
41:53	LUK.16.25	2
41:54	ACT.7.11	6
41:54	GEN.45.11	5
41:54	PSA.105.16	5
41:54	GEN.41.30	4
41:54	GEN.41.3-GEN.41.4	2
41:54	GEN.41.6-GEN.41.7	2
41:54	GEN.41.27	2
41:54	GEN.42.2	2
41:54	GEN.42.5-GEN.42.6	2
41:54	GEN.43.1	2
41:54	GEN.47.13	2
41:55	JER.14.1-JER.14.6	3
41:55	MAT.3.17	3
41:55	MAT.17.5	3
41:55	GEN.41.40-GEN.41.41	2
41:55	2KI.6.25-2KI.6.29	2
41:55	PSA.105.20-PSA.105.22	2
41:55	LAM.4.3-LAM.4.10	2
41:55	JHN.1.14-JHN.1.16	2
41:55	PHP.4.19	2
41:55	COL.1.19	2
41:56	GEN.42.6	3
41:56	GEN.47.14-GEN.47.24	2
41:56	ISA.23.17	2
41:56	ZEC.5.3	2
41:56	LUK.21.35	2
41:56	ACT.17.26	2
41:57	GEN.41.54	3
41:57	GEN.41.56	3
41:57	GEN.42.1	3
41:57	GEN.42.5	3
41:57	GEN.50.20	2
41:57	DEU.9.28	2
41:57	PSA.105.16-PSA.105.17	2
42:1	ACT.7.12	5
42:1	JOS.7.10	3
42:1	GEN.41.54	2
42:1	GEN.41.57	2
42:1	GEN.42.2	2
42:1	EXO.5.19	2
42:1	EXO.20.18	2
42:1	1KI.19.3	2
42:1	2KI.8.3-2KI.8.4	2
42:1	EZR.10.4	2
42:1	JER.8.14	2
42:1	HOS.5.13	2
42:1	GAL.2.7	2
42:2	GEN.43.8	5
42:2	GEN.43.2	2
42:2	GEN.43.4	2
42:2	GEN.45.9	2
42:2	PSA.118.17	2
42:2	ISA.38.1	2
42:2	MAT.4.4	2
42:3	GEN.42.5	2
42:3	GEN.42.13	2
42:4	GEN.42.38	5
42:4	GEN.3.22	2
42:4	GEN.11.4	2
42:4	GEN.33.1-GEN.33.2	2
42:4	GEN.35.16-GEN.35.19	2
42:4	GEN.43.14	2
42:4	GEN.43.29	2
42:4	GEN.44.20-GEN.44.22	2
42:4	GEN.44.27-GEN.44.34	2
42:5	GEN.12.10	4
42:5	GEN.41.57	4
42:5	ACT.7.11	4
42:5	GEN.26.1	3
42:5	ACT.11.28	2
42:6	GEN.18.2	2
42:6	GEN.19.1	2
42:6	GEN.37.7-GEN.37.10	2
42:6	GEN.41.40-GEN.41.41	2
42:6	GEN.41.55-GEN.41.56	2
42:6	GEN.44.14	2
42:6	GEN.45.8	2
42:6	GEN.45.26	2
42:6	ACT.7.10	2
42:6	REV.3.9	2
42:6	PSA.105.16-PSA.105.21	1
42:7	GEN.42.30	4
42:7	GEN.42.9-GEN.42.12	2
42:7	GEN.42.14-GEN.42.17	2
42:7	GEN.42.19-GEN.42.20	2
42:7	MAT.15.23-MAT.15.26	2
42:8	GEN.37.2	2
42:8	LUK.24.16	2
42:8	JHN.20.14	2
42:8	JHN.21.4	2
42:9	GEN.37.5-GEN.37.9	2
42:9	EXO.32.35	2
42:9	GEN.42.16	1
42:9	GEN.42.30-GEN.42.31	1
42:9	GEN.42.34	1
42:9	NUM.13.2	1
42:9	NUM.13.16-NUM.13.20	1
42:9	JOS.2.1	1
42:9	JOS.6.23	1
42:9	JDG.1.24	1
42:9	1SA.26.4	1
42:9	LUK.20.20	1
42:9	HEB.11.31	1
42:10	GEN.37.8	3
42:10	GEN.27.29	2
42:10	GEN.27.37	2
42:10	GEN.44.9	2
42:10	1SA.26.17	2
42:10	1KI.18.7	2
42:11	GEN.42.19	3
42:11	2CO.6.4	3
42:11	GEN.42.33-GEN.42.34	2
42:11	JHN.7.18	2
42:13	GEN.37.30	5
42:13	GEN.42.32	4
42:13	GEN.44.20	4
42:13	GEN.43.7	3
42:13	GEN.29.32-GEN.29.35	2
42:13	GEN.30.6-GEN.30.24	2
42:13	GEN.35.16-GEN.35.26	2
42:13	GEN.42.11	2
42:13	GEN.42.36	2
42:13	GEN.42.38	2
42:13	GEN.44.28	2
42:13	GEN.45.26	2
42:13	GEN.46.8-GEN.46.27	2
42:13	EXO.1.2-EXO.1.5	2
42:13	NUM.1.1-NUM.1.54	2
42:13	NUM.10.1-NUM.10.36	2
42:13	NUM.26.1-NUM.26.65	2
42:13	NUM.34.1-NUM.34.29	2
42:13	1CH.2.1-1CH.2.8	2
42:13	JER.31.15	2
42:13	LAM.5.7	2
42:13	MAT.2.16	2
42:13	MAT.2.18	2
42:14	GEN.42.9-GEN.42.11	2
42:14	JOB.13.24	2
42:14	JOB.19.11	2
42:14	MAT.15.21-MAT.15.28	2
42:15	1SA.17.55	4
42:15	GEN.42.7	2
42:15	GEN.42.12	2
42:15	GEN.42.16	2
42:15	GEN.42.20	2
42:15	GEN.42.30	2
42:15	GEN.42.34	2
42:15	GEN.43.3	2
42:15	GEN.44.20-GEN.44.34	2
42:15	DEU.6.13	2
42:15	1SA.1.26	2
42:15	1SA.20.3	2
42:15	JER.5.2	2
42:15	JER.5.7	2
42:15	MAT.5.33-MAT.5.37	2
42:15	MAT.23.16-MAT.23.22	2
42:15	JAS.5.12	2
42:16	GEN.42.11	3
42:17	GEN.40.4	4
42:17	GEN.40.7	3
42:17	HEB.12.10	3
42:17	GEN.41.10	2
42:17	LEV.24.12	2
42:17	PSA.119.65	2
42:17	ISA.24.22	2
42:17	ACT.4.3	2
42:17	ACT.5.18	2
42:18	LEV.25.43	7
42:18	NEH.5.15	5
42:18	GEN.20.11	3
42:18	LUK.18.2	3
42:18	NEH.5.9	2
42:18	LUK.18.4	2
42:19	GEN.40.3	2
42:19	GEN.41.56	2
42:19	GEN.42.1-GEN.42.2	2
42:19	GEN.42.26	2
42:19	GEN.43.1-GEN.43.2	2
42:19	GEN.45.23	2
42:19	ISA.42.7	2
42:19	ISA.42.22	2
42:19	JER.37.15	2
42:20	GEN.42.34	5
42:20	GEN.43.5	5
42:20	GEN.44.23	5
42:20	GEN.42.15	3
42:20	GEN.6.22	2
42:20	GEN.42.26	2
42:20	GEN.43.19	2
42:20	JHN.2.5	2
42:21	HOS.5.15	5
42:21	GEN.37.23-GEN.37.28	4
42:21	JOB.36.8-JOB.36.9	4
42:21	MRK.9.43-MRK.9.45	4
42:21	GEN.41.9	3
42:21	NUM.32.23	3
42:21	JDG.1.7	3
42:21	2SA.12.13	3
42:21	1KI.17.18	3
42:21	JOB.34.31-JOB.34.32	3
42:21	PRO.1.27-PRO.1.28	3
42:21	PRO.21.13	3
42:21	PRO.24.11-PRO.24.12	3
42:21	PRO.28.17	3
42:21	JER.2.17	3
42:21	JER.2.19	3
42:21	JER.34.17	3
42:21	MAT.7.2	3
42:21	MAT.27.3-MAT.27.4	3
42:21	MRK.9.48	3
42:21	LUK.16.28	3
42:21	ACT.19.18	3
42:21	JAS.2.13	3
42:21	1JN.1.9	3
42:21	JOB.33.27-JOB.33.28	2
42:21	JER.4.18	2
42:22	1KI.2.32	5
42:22	2CH.24.22	5
42:22	PSA.9.12	5
42:22	GEN.37.21-GEN.37.22	4
42:22	GEN.9.5-GEN.9.6	3
42:22	LUK.11.50-LUK.11.51	3
42:22	GEN.4.10	2
42:22	GEN.37.29-GEN.37.30	2
42:22	EZK.3.18	2
42:22	LUK.23.41	2
42:22	ACT.28.4	2
42:22	ROM.2.15	2
42:22	REV.13.10	2
42:22	REV.16.9	2
42:23	JHN.16.13-JHN.16.14	2
42:23	2CO.5.20	2
42:24	GEN.43.30	4
42:24	GEN.34.25	2
42:24	GEN.43.14	2
42:24	GEN.43.23	2
42:24	GEN.45.14-GEN.45.15	2
42:24	GEN.49.5-GEN.49.7	2
42:24	ISA.63.9	2
42:24	LUK.19.41	2
42:24	ROM.12.15	2
42:24	1CO.12.26	2
42:24	HEB.4.15	2
42:24	JUD.1.22-JUD.1.23	2
42:25	1PE.3.9	3
42:25	GEN.44.1-GEN.44.2	2
42:25	GEN.45.21	2
42:25	ISA.55.1	2
42:25	MAT.5.44	2
42:25	MAT.6.33	2
42:25	ROM.12.17-ROM.12.21	2
42:27	EXO.4.24	3
42:27	GEN.43.21-GEN.43.22	2
42:27	GEN.44.11	2
42:27	LUK.2.7	2
42:27	LUK.10.34	2
42:28	ISA.45.7	3
42:28	LAM.3.37	3
42:28	GEN.27.33	2
42:28	GEN.42.36	2
42:28	GEN.43.23	2
42:28	LEV.26.36	2
42:28	DEU.28.65	2
42:28	1KI.10.5	2
42:28	PSA.61.2	2
42:28	SNG.5.6	2
42:28	LAM.2.17	2
42:28	AMO.3.6	1
42:28	LUK.21.26	1
42:30	GEN.42.7	3
42:31	GEN.42.11	2
42:33	GEN.42.19-GEN.42.20	5
42:33	GEN.42.15	3
42:34	GEN.34.10	5
42:34	GEN.34.21	3
42:34	1KI.10.15	2
42:34	EZK.17.4	2
42:35	GEN.43.21	4
42:35	GEN.42.27-GEN.42.28	2
42:35	GEN.43.12	2
42:35	GEN.43.15	2
42:36	GEN.43.14	6
42:36	ROM.8.31	4
42:36	1SA.27.1	3
42:36	JOB.7.7	3
42:36	ECC.7.8	3
42:36	ISA.27.9	3
42:36	ISA.38.10	3
42:36	ISA.41.10	3
42:36	ISA.41.13-ISA.41.14	3
42:36	MAT.14.31	3
42:36	ROM.8.28	3
42:36	GEN.37.20-GEN.37.35	2
42:36	GEN.45.28	2
42:36	GEN.47.12	2
42:36	PSA.34.19	2
42:36	1CO.10.13	2
42:36	2CO.4.17	1
42:36	JAS.5.7-JAS.5.11	1
42:37	GEN.46.9	3
42:37	MIC.6.7	3
42:37	GEN.43.9	2
42:37	GEN.44.32-GEN.44.34	2
42:38	GEN.37.35	7
42:38	GEN.37.33	5
42:38	GEN.42.4	5
42:38	GEN.42.13	4
42:38	GEN.35.16-GEN.35.18	3
42:38	GEN.30.22-GEN.30.24	2
42:38	GEN.44.20	2
42:38	GEN.44.27-GEN.44.34	2
42:38	1KI.2.6	2
42:38	PSA.71.18	2
42:38	PSA.90.10	2
42:38	ECC.1.14	2
42:38	ECC.2.26	2
42:38	ISA.38.10	2
42:38	ISA.46.4	2
43:1	GEN.12.10	3
43:1	GEN.18.13	2
43:1	GEN.41.54-GEN.41.57	2
43:1	GEN.42.5	2
43:1	ECC.9.1-ECC.9.2	2
43:1	LAM.5.10	2
43:1	ACT.7.11-ACT.7.13	2
43:2	GEN.42.1-GEN.42.2	2
43:2	GEN.43.4	2
43:2	GEN.43.20	2
43:2	PRO.15.16	2
43:2	PRO.16.18	2
43:2	PRO.31.16	2
43:2	1TI.5.8	2
43:2	1TI.6.6-1TI.6.8	2
43:3	GEN.44.23	5
43:3	GEN.43.5	3
43:3	GEN.42.15-GEN.42.20	2
43:3	GEN.42.33-GEN.42.34	2
43:3	2SA.3.13	2
43:3	2SA.14.24	2
43:3	2SA.14.28	2
43:3	2SA.14.32	2
43:3	ACT.7.34	2
43:3	ACT.20.25	2
43:3	ACT.20.38	2
43:5	GEN.42.38	2
43:5	GEN.44.26	2
43:5	EXO.20.12	2
43:7	GEN.43.3	4
43:7	GEN.42.13	3
43:7	GEN.43.27	2
43:8	GEN.42.2	5
43:8	DEU.33.6	3
43:8	GEN.42.38	2
43:8	GEN.44.26	2
43:8	GEN.45.19	2
43:8	GEN.50.8	2
43:8	GEN.50.21	2
43:8	EXO.20.12	2
43:8	NUM.14.31	2
43:8	2KI.7.4	2
43:8	2KI.7.13	2
43:8	EZR.8.21	2
43:8	PSA.118.17	2
43:9	GEN.42.37	5
43:9	GEN.44.32-GEN.44.33	3
43:9	PHM.1.18-PHM.1.19	3
43:9	HEB.7.22	3
43:9	GEN.9.5	2
43:9	GEN.31.39	2
43:9	1KI.1.21	2
43:9	JOB.17.3	2
43:9	PSA.119.122	2
43:9	EZK.3.18	2
43:9	EZK.3.20	2
43:9	EZK.33.6	2
43:9	EZK.33.8	2
43:9	LUK.11.50	1
43:10	GEN.19.16	4
43:11	GEN.37.25	8
43:11	JER.8.22	4
43:11	1SA.9.7	3
43:11	PRO.18.16	3
43:11	EZK.27.17	3
43:11	GEN.32.13-GEN.32.21	2
43:11	GEN.33.10	2
43:11	GEN.43.14	2
43:11	DEU.33.14	2
43:11	1SA.25.27	2
43:11	1KI.4.21	2
43:11	1KI.10.15	2
43:11	1KI.10.25	2
43:11	1KI.15.19	2
43:11	2KI.8.8	2
43:11	2KI.16.8	2
43:11	2KI.20.12	2
43:11	EST.4.16	2
43:11	PSA.68.29	2
43:11	PSA.72.10	2
43:11	PSA.76.11	2
43:11	PRO.17.18	2
43:11	PRO.19.6	2
43:11	PRO.21.14	2
43:11	SNG.4.10	2
43:11	SNG.4.14-SNG.5.1	2
43:11	SNG.8.14	2
43:11	EZK.27.15	2
43:11	ACT.21.14	2
43:11	LEV.20.24	1
43:12	GEN.42.25	5
43:12	GEN.42.35	4
43:12	ROM.12.17	2
43:12	ROM.13.8	2
43:12	2CO.8.21	2
43:12	PHP.4.8	2
43:12	1TH.4.6	2
43:12	1TH.5.21	2
43:12	HEB.13.8	2
43:13	GEN.42.38	1
43:14	EST.4.16	8
43:14	GEN.17.1	7
43:14	ACT.21.14	6
43:14	GEN.22.14	5
43:14	NEH.1.11	5
43:14	PRO.16.7	5
43:14	GEN.35.11	4
43:14	GEN.39.21	4
43:14	PSA.37.5-PSA.37.7	4
43:14	PSA.100.5	4
43:14	PSA.119.41	4
43:14	PRO.1.1	4
43:14	ISA.49.13	4
43:14	ACT.7.10	4
43:14	GEN.28.3	3
43:14	GEN.32.11-GEN.32.28	3
43:14	GEN.42.24	3
43:14	GEN.42.36	3
43:14	EZR.7.27	3
43:14	LUK.1.50	3
43:14	1TI.1.2	3
43:14	1TI.1.16	3
43:14	TIT.1.4	3
43:14	2JN.1.3	3
43:14	PSA.85.7	2
43:14	PRO.21.1	2
43:16	GEN.44.1	5
43:16	GEN.43.19	4
43:16	GEN.15.2	2
43:16	GEN.21.8	2
43:16	GEN.24.2-GEN.24.10	2
43:16	GEN.26.30	2
43:16	GEN.31.54	2
43:16	GEN.39.4-GEN.39.5	2
43:16	GEN.44.4	2
43:16	1SA.25.11	2
43:16	PRO.9.2	2
43:18	GEN.42.35	3
43:18	GEN.42.21	2
43:18	GEN.42.28	2
43:18	DEU.22.14	2
43:18	DEU.22.17	2
43:18	JDG.13.22	2
43:18	JDG.14.4	2
43:18	JOB.15.21	2
43:18	JOB.30.14	2
43:18	PSA.73.16	2
43:18	ISA.7.2	2
43:18	MAT.14.26-MAT.14.27	2
43:18	MRK.6.16	2
43:18	ROM.7.8	2
43:18	PSA.53.5	1
43:20	GEN.42.3	4
43:20	GEN.42.10	3
43:20	GEN.42.27	2
43:20	GEN.42.35	2
43:20	GEN.43.3	2
43:20	GEN.43.7	2
43:21	GEN.43.12	3
43:21	GEN.42.27-GEN.42.35	2
43:21	GEN.43.15	2
43:21	ROM.12.17	2
43:21	ROM.13.8	2
43:21	HEB.13.5	2
43:21	HEB.13.18	2
43:21	1PE.2.12	2
43:21	1PE.3.16	2
43:23	GEN.42.24	8
43:23	JHN.14.27	6
43:23	JHN.20.26	6
43:23	GEN.42.28	5
43:23	LUK.24.36	5
43:23	JHN.20.19	5
43:23	JHN.20.21	5
43:23	GEN.42.36	4
43:23	JDG.19.20	4
43:23	1SA.25.6	4
43:23	GEN.43.14	3
43:23	JDG.6.23	3
43:23	1CH.12.18	3
43:23	EZR.4.17	3
43:23	LUK.10.5	3
43:24	GEN.18.4	5
43:24	GEN.24.32	4
43:24	GEN.19.2	3
43:24	LUK.7.44	3
43:24	JHN.13.4-JHN.13.17	2
43:25	GEN.43.11	4
43:25	GEN.43.16	2
43:26	PHP.2.10-PHP.2.11	6
43:26	GEN.42.6	5
43:26	GEN.27.29	4
43:26	GEN.37.19-GEN.37.20	4
43:26	GEN.37.7-GEN.37.10	3
43:26	PSA.72.9	3
43:26	ROM.14.11	3
43:26	GEN.43.28	2
43:27	GEN.42.13	4
43:27	GEN.37.14	3
43:27	GEN.41.16	3
43:27	GEN.42.11	3
43:27	EXO.18.7	3
43:27	JDG.18.15	3
43:27	1SA.17.22	3
43:27	1SA.25.5	3
43:27	1CH.18.10	3
43:27	GEN.43.7	2
43:28	GEN.37.7	4
43:28	GEN.43.26	3
43:28	GEN.37.9-GEN.37.10	2
43:28	EXO.18.7	2
43:28	2SA.1.2	2
43:28	2SA.14.4	2
43:28	1KI.1.16	2
43:28	2CH.24.17	2
43:29	GEN.42.13	4
43:29	NUM.6.25	4
43:29	GEN.30.22-GEN.30.24	3
43:29	GEN.35.17-GEN.35.18	2
43:29	GEN.42.11	2
43:29	GEN.45.8	2
43:29	JOS.7.19	2
43:29	2CH.29.11	2
43:29	PSA.67.1	2
43:29	PSA.111.4	2
43:29	PSA.112.4	2
43:29	PSA.133.1-PSA.133.2	2
43:29	ISA.30.19	2
43:29	ISA.33.2	2
43:29	MAL.1.9	2
43:29	MAT.9.2	2
43:29	MAT.9.22	2
43:29	MRK.10.24	2
43:29	1TI.1.2	2
43:29	HEB.13.1	2
43:30	GEN.42.24	6
43:30	JER.31.20	4
43:30	GEN.45.2	3
43:30	GEN.45.14-GEN.45.15	3
43:30	1KI.3.26	3
43:30	HOS.11.8	3
43:30	JHN.11.33-JHN.11.38	3
43:30	PHP.1.8	3
43:30	PHP.2.1	3
43:30	COL.3.12	2
43:30	2TI.1.4	2
43:30	1JN.3.17	2
43:30	GEN.46.29	1
43:30	ACT.20.19	1
43:30	ACT.20.31	1
43:30	ACT.20.37	1
43:31	GEN.45.1	6
43:31	1PE.3.10	4
43:31	ISA.42.14	3
43:31	JER.31.16	3
43:32	GEN.46.34	6
43:32	EXO.8.26	6
43:32	GEN.31.54	2
43:32	GEN.43.16	2
43:34	GEN.45.22	5
43:34	1SA.1.5	3
43:34	2SA.11.8	3
43:34	1SA.9.22-1SA.9.24	2
43:34	PRO.31.6	2
43:34	ECC.9.7	2
43:34	ECC.10.19	2
43:34	SNG.5.1	2
43:34	HAB.1.6	2
43:34	MAT.11.19	2
43:34	JHN.2.10	2
44:1	GEN.42.25	5
44:1	GEN.43.16	3
44:1	GEN.24.2	2
44:1	GEN.43.2	2
44:1	GEN.43.19	2
44:1	ISA.3.1	2
44:2	2CO.8.8	3
44:2	GEN.42.15-GEN.42.16	2
44:2	GEN.42.20	2
44:2	GEN.43.32	2
44:2	DEU.8.2	2
44:2	DEU.8.16	2
44:2	DEU.13.3	2
44:2	MAT.10.16	2
44:4	JHN.10.32	4
44:4	PSA.35.12	3
44:4	DEU.2.16	2
44:4	1SA.24.17	2
44:4	PSA.109.5	2
44:4	PRO.17.13	2
44:4	2CH.20.11	1
44:5	GEN.30.27	5
44:5	LEV.19.26	5
44:5	2KI.21.6	5
44:5	GEN.44.15	4
44:5	DEU.18.10-DEU.18.14	4
44:5	1KI.20.33	2
44:7	GEN.38.16-GEN.38.18	3
44:7	GEN.34.25-GEN.34.31	2
44:7	GEN.35.22	2
44:7	GEN.37.18-GEN.37.32	2
44:7	JOS.22.22-JOS.22.29	2
44:7	2SA.20.20	2
44:7	2KI.8.13	2
44:7	PRO.22.1	2
44:7	ECC.7.1	2
44:7	HEB.13.18	2
44:8	GEN.42.21	2
44:8	GEN.42.27	2
44:8	GEN.42.35	2
44:8	GEN.43.12	2
44:8	GEN.43.21-GEN.43.22	2
44:8	GEN.44.7	2
44:8	EXO.20.15	2
44:8	DEU.5.19	2
44:8	MAT.19.18	2
44:8	ROM.13.9	2
44:8	JAS.2.10-JAS.2.11	2
44:9	GEN.31.32	5
44:9	GEN.43.18	2
44:9	GEN.44.16	2
44:9	JOB.31.38-JOB.31.40	2
44:9	PSA.7.3-PSA.7.5	2
44:9	ACT.25.11	2
44:10	GEN.44.17	2
44:10	GEN.44.33	2
44:10	EXO.22.3	2
44:10	MAT.18.24-MAT.18.25	2
44:12	GEN.42.36-GEN.42.38	2
44:12	GEN.43.14	2
44:12	GEN.43.33	2
44:12	GEN.44.2	2
44:12	GEN.44.26-GEN.44.32	2
44:13	2SA.1.11	5
44:13	GEN.37.29-GEN.37.34	3
44:13	NUM.14.6	3
44:13	2SA.1.2	3
44:13	2SA.13.19	3
44:14	GEN.43.16	2
44:14	GEN.43.25	2
44:14	GEN.50.18	2
44:14	PHP.2.10-PHP.2.11	2
44:14	GEN.37.7-GEN.37.10	1
44:15	GEN.44.4-GEN.44.5	3
44:15	GEN.3.13	2
44:15	GEN.21.26	2
44:15	GEN.39.8	2
44:15	GEN.4.10	1
44:15	EXO.32.1	1
44:16	GEN.44.9	6
44:16	DAN.9.7	4
44:16	NUM.32.23	3
44:16	LUK.12.2	3
44:16	GEN.37.7	2
44:16	GEN.37.9	2
44:16	GEN.37.18-GEN.37.28	2
44:16	GEN.42.21-GEN.42.22	2
44:16	GEN.43.8-GEN.43.9	2
44:16	GEN.44.32	2
44:16	DEU.25.1	2
44:16	JOS.7.1	2
44:16	JOS.7.18	2
44:16	JDG.1.7	2
44:16	EZR.9.10	2
44:16	EZR.9.15	2
44:16	JOB.40.4	2
44:16	PRO.17.15	2
44:16	PRO.28.17	2
44:16	ISA.5.3	2
44:16	ISA.27.9	2
44:16	MAT.7.2	2
44:16	ACT.2.37	2
44:17	GEN.18.25	2
44:17	GEN.26.29	2
44:17	GEN.37.32-GEN.37.33	2
44:17	GEN.42.18	2
44:17	2SA.23.3	2
44:17	PSA.75.2	2
44:17	PRO.17.15	2
44:18	EXO.32.22	5
44:18	GEN.18.30	4
44:18	GEN.41.40	4
44:18	GEN.18.32	3
44:18	GEN.41.44	3
44:18	2SA.14.12	2
44:18	EST.1.12	2
44:18	JOB.33.31	2
44:18	PSA.79.5	2
44:18	PRO.19.12	2
44:18	DAN.3.15	2
44:18	DAN.3.19-DAN.3.23	2
44:18	DAN.5.19	2
44:18	JHN.5.22	2
44:18	ACT.2.29	2
44:19	GEN.43.7	4
44:19	GEN.42.7-GEN.42.10	2
44:19	GEN.43.29	2
44:20	GEN.37.3	5
44:20	GEN.42.38	3
44:20	GEN.35.18	2
44:20	GEN.37.19	2
44:20	GEN.37.33-GEN.37.35	2
44:20	GEN.42.13	2
44:20	GEN.42.36	2
44:20	GEN.43.7-GEN.43.8	2
44:20	GEN.44.27-GEN.44.30	2
44:20	GEN.46.21	2
44:20	GEN.49.8	2
44:20	LUK.7.12	2
44:21	GEN.42.15	5
44:21	GEN.42.20	4
44:21	GEN.43.29	2
44:21	JER.24.6	2
44:21	JER.40.4	2
44:21	AMO.9.4	2
44:22	GEN.42.38	2
44:22	GEN.44.30	2
44:23	GEN.43.3	4
44:23	GEN.43.5	4
44:23	GEN.42.15-GEN.42.20	2
44:24	GEN.42.29-GEN.42.34	2
44:25	GEN.43.2	5
44:25	GEN.43.5	2
44:26	GEN.43.4-GEN.43.5	2
44:26	LUK.11.7	2
44:27	GEN.46.19	5
44:27	GEN.30.22-GEN.30.25	3
44:27	GEN.35.16-GEN.35.18	3
44:27	GEN.29.18-GEN.29.21	2
44:27	GEN.29.28	2
44:28	GEN.37.33	5
44:28	GEN.37.13-GEN.37.14	3
44:28	GEN.42.36	2
44:28	GEN.42.38	2
44:29	GEN.42.38	7
44:29	GEN.43.14	4
44:29	GEN.42.36	3
44:29	GEN.44.31	3
44:29	DEU.31.17	3
44:29	PSA.88.3-PSA.88.4	1
44:30	1SA.18.1	4
44:30	GEN.44.17	2
44:30	GEN.44.31	2
44:30	GEN.44.34	2
44:30	1SA.25.29	2
44:30	2SA.18.33	2
44:31	GEN.44.29	5
44:31	GEN.37.35	4
44:31	GEN.37.26-GEN.37.27	2
44:31	1SA.4.17-1SA.4.18	2
44:31	1SA.22.22	2
44:31	2CO.7.10	2
44:31	1TH.4.13	2
44:32	GEN.43.8-GEN.43.9	2
44:32	GEN.43.16	2
44:33	1JN.3.16	6
44:33	EXO.32.32	2
44:33	ROM.5.7-ROM.5.10	2
44:33	ROM.9.3	2
44:33	HEB.7.22	2
44:34	EST.8.6	4
44:34	EXO.18.8	2
44:34	1SA.2.33-1SA.2.34	2
44:34	2CH.34.28	2
44:34	JOB.31.29	2
44:34	PSA.116.3	2
44:34	PSA.119.143	2
44:34	JER.52.10-JER.52.11	1
45:1	GEN.43.30-GEN.43.31	4
45:1	MAT.18.15	4
45:1	ISA.42.14	3
45:1	ACT.10.41	2
45:1	2SA.1.20	1
45:1	JER.20.9	1
45:1	1CO.13.5	1
45:2	GEN.46.29	2
45:2	NUM.14.1	2
45:2	RUT.1.9	2
45:2	2KI.20.3	2
45:2	ACT.20.37	2
45:3	ACT.7.13	7
45:3	ACT.9.5	4
45:3	ZEC.12.10	3
45:3	JOB.4.5	2
45:3	JOB.23.15	2
45:3	MAT.14.26-MAT.14.27	2
45:3	MRK.6.50	2
45:3	LUK.5.8	2
45:3	LUK.24.37-LUK.24.38	2
45:3	REV.1.7	2
45:4	GEN.37.28	6
45:4	GEN.50.18	2
45:4	MAT.14.27	2
45:4	ACT.9.5	2
45:5	GEN.50.20	17
45:5	ACT.7.9-ACT.7.15	11
45:5	GEN.45.7-GEN.45.8	10
45:5	JOB.1.21	10
45:5	ACT.2.23-ACT.2.24	10
45:5	PSA.105.16-PSA.105.17	8
45:5	LUK.23.34	7
45:5	GEN.47.25	5
45:5	ISA.40.1-ISA.40.2	5
45:5	1SA.1.19	4
45:5	2SA.12.12	4
45:5	2SA.16.10-2SA.16.12	4
45:5	2SA.17.14	4
45:5	ACT.4.24-ACT.4.28	4
45:5	2CO.2.7	4
45:5	2CO.2.11	4
45:6	GEN.47.23	4
45:6	GEN.41.29-GEN.41.31	3
45:6	GEN.41.54	3
45:6	GEN.41.56	3
45:6	GEN.47.18	2
45:6	EXO.34.21	2
45:6	DEU.21.4	2
45:6	1SA.8.12	2
45:6	ISA.30.24	2
45:7	PSA.44.4	4
45:7	ACT.7.35	4
45:7	JDG.15.18	3
45:7	PSA.18.50	3
45:7	1CH.11.14	2
45:8	JHN.15.16	8
45:8	ROM.9.16	7
45:8	JHN.19.11	5
45:8	PSA.105.21-PSA.105.22	4
45:8	JDG.17.10	3
45:8	JOB.29.16	3
45:8	GEN.41.39-GEN.41.48	2
45:8	GEN.45.5	2
45:9	GEN.45.19-GEN.45.20	4
45:9	GEN.45.13	3
45:10	EXO.8.22	5
45:10	EXO.9.26	5
45:10	GEN.46.34-GEN.47.6	4
45:10	GEN.46.28-GEN.46.29	3
45:10	JHN.17.24	3
45:10	JHN.14.2-JHN.14.3	2
45:11	GEN.47.12	9
45:11	GEN.47.6	4
45:11	MAT.15.5-MAT.15.6	4
45:11	1TI.5.4	3
45:11	MRK.7.9-MRK.7.12	2
45:12	GEN.42.23	6
45:12	LUK.24.39	3
45:12	JHN.20.27	3
45:13	ACT.7.14	5
45:13	1PE.1.10-1PE.1.12	3
45:13	JHN.17.24	2
45:13	REV.21.23	2
45:14	GEN.29.11	2
45:14	GEN.33.4	2
45:14	GEN.46.29	2
45:14	ROM.1.31	2
45:15	LUK.15.20	6
45:15	GEN.29.11	2
45:15	GEN.29.13	2
45:15	GEN.33.4	2
45:15	GEN.45.2	2
45:15	EXO.4.27	2
45:15	RUT.1.9	2
45:15	RUT.1.14	2
45:15	1SA.10.1	2
45:15	1SA.20.41	2
45:15	2SA.14.33	2
45:15	PSA.77.4	2
45:15	ACT.20.37	2
45:16	GEN.16.6	2
45:16	GEN.20.15	2
45:16	GEN.34.18	2
45:16	GEN.41.33	2
45:16	DEU.1.33	2
45:16	2SA.3.36	2
45:16	2CH.30.4	2
45:16	EST.1.21	2
45:16	EST.2.4	2
45:16	EST.5.14	2
45:16	ACT.6.5	2
45:16	ACT.7.13	2
45:17	GEN.42.25-GEN.42.26	2
45:17	GEN.44.1-GEN.44.2	2
45:18	GEN.27.28	5
45:18	GEN.47.6	5
45:18	NUM.18.12	5
45:18	NUM.18.29	4
45:18	PSA.147.14	4
45:18	DEU.32.14	3
45:18	PSA.81.16	3
45:18	ISA.28.1	3
45:18	ISA.28.4	3
45:19	GEN.46.5	5
45:19	GEN.45.27	3
45:19	GEN.31.17-GEN.31.18	2
45:19	ISA.49.1	2
45:19	ISA.49.23	2
45:20	ISA.1.19	5
45:20	LUK.17.31	3
45:20	EXO.22.7	2
45:20	DEU.7.16	2
45:20	DEU.19.13	2
45:20	DEU.19.21	2
45:20	JOS.7.11	2
45:20	1SA.10.22	2
45:20	1SA.25.13	2
45:20	1SA.30.24	2
45:20	EZR.9.12	2
45:20	ISA.13.18	2
45:20	EZK.7.4	2
45:20	EZK.7.9	2
45:20	EZK.12.3-EZK.12.4	2
45:20	EZK.20.17	2
45:20	GEN.20.15	1
45:20	GEN.45.18	1
45:20	EZK.9.5	1
45:20	MAT.24.17	1
45:21	GEN.45.19	6
45:21	GEN.45.27	2
45:21	GEN.46.5	2
45:21	EXO.17.1	2
45:21	NUM.3.16	2
45:21	NUM.7.3-NUM.7.9	2
45:21	2CH.8.13	2
45:21	2CH.35.16	2
45:21	ECC.8.2	2
45:21	LAM.1.18	2
45:21	EZK.23.24	2
45:22	GEN.43.34	5
45:22	2KI.5.5	4
45:22	JDG.14.12	3
45:22	2KI.5.22-2KI.5.23	3
45:22	JDG.14.19	2
45:22	REV.6.11	2
45:23	GEN.24.10	3
45:23	GEN.43.11	3
45:23	EXO.16.3	3
45:24	1TH.5.13	5
45:24	GEN.42.21-GEN.42.22	4
45:24	PSA.133.1-PSA.133.3	4
45:24	JHN.13.34-JHN.13.35	4
45:24	EPH.4.31-EPH.4.32	4
45:24	PHP.2.2-PHP.2.5	4
45:24	COL.3.12-COL.3.13	4
45:24	GEN.37.22	3
45:26	GEN.44.28	4
45:26	GEN.37.35	3
45:26	GEN.42.36	2
45:26	GEN.42.38	2
45:26	GEN.45.8-GEN.45.9	2
45:26	JOB.9.16	2
45:26	JOB.29.24	2
45:26	PSA.105.21	2
45:26	PSA.126.1	2
45:26	JON.2.7	2
45:26	LUK.24.11	2
45:26	LUK.24.34	2
45:26	LUK.24.41	2
45:27	GEN.45.19	4
45:27	PSA.85.6	4
45:27	ISA.57.15	4
45:27	1SA.30.12	3
45:27	HOS.6.2	3
45:27	JDG.15.19	1
45:28	LUK.2.28-LUK.2.30	3
45:28	GEN.46.30	2
45:28	JHN.16.21-JHN.16.22	2
46:1	GEN.21.33	5
46:1	GEN.26.22-GEN.26.25	5
46:1	GEN.28.10	5
46:1	GEN.28.13	5
46:1	GEN.31.42	5
46:1	GEN.21.31	4
46:1	GEN.21.14	3
46:1	GEN.4.4	2
46:1	GEN.8.20	2
46:1	GEN.12.8	2
46:1	GEN.22.13	2
46:1	GEN.31.53	2
46:1	GEN.33.20	2
46:1	GEN.35.3	2
46:1	GEN.35.7	2
46:1	1SA.3.20	2
46:1	JOB.1.5	2
46:1	JOB.42.8	2
46:2	GEN.15.1	7
46:2	JOB.33.14-JOB.33.15	7
46:2	GEN.15.13	4
46:2	GEN.22.1	4
46:2	GEN.22.11	4
46:2	GEN.31.11	4
46:2	EXO.3.3-EXO.3.4	4
46:2	NUM.12.6	4
46:2	NUM.24.4	4
46:2	1SA.3.4	4
46:2	1SA.3.10	4
46:2	2CH.26.5	4
46:2	JOB.4.13	4
46:2	DAN.2.19	4
46:2	ACT.9.4	4
46:2	ACT.9.10	4
46:2	ACT.10.3	4
46:2	ACT.16.9	4
46:2	ACT.10.13	3
46:3	GEN.12.2	8
46:3	DEU.26.5	6
46:3	ISA.43.1-ISA.43.2	4
46:3	ACT.27.24	4
46:3	GEN.26.2-GEN.26.3	3
46:3	GEN.28.13-GEN.28.14	3
46:3	GEN.35.11	3
46:3	ISA.41.10	3
46:3	GEN.13.15-GEN.13.16	2
46:3	GEN.15.1	2
46:3	GEN.15.13	2
46:3	GEN.18.18	2
46:3	GEN.22.17	2
46:3	GEN.47.27	2
46:3	EXO.1.7-EXO.1.10	2
46:3	DEU.1.10	2
46:3	DEU.10.22	2
46:3	ACT.7.17	2
46:3	JER.40.9	1
46:4	GEN.28.15	7
46:4	EXO.3.8	7
46:4	GEN.48.21	6
46:4	GEN.50.1	6
46:4	GEN.15.14-GEN.15.16	3
46:4	GEN.50.5	3
46:4	GEN.50.13	3
46:4	GEN.50.24-GEN.50.25	3
46:4	ISA.43.1-ISA.43.2	3
46:5	GEN.45.19	5
46:5	GEN.45.21	5
46:5	GEN.45.27	4
46:5	GEN.31.17-GEN.31.18	2
46:5	EXO.10.24	2
46:5	EXO.10.26	2
46:5	ACT.7.15	1
46:6	JOS.24.4	5
46:6	PSA.105.23	5
46:6	ISA.52.4	5
46:6	ACT.7.15	5
46:6	DEU.26.5	4
46:6	GEN.15.13	2
46:6	NUM.20.15	2
46:6	DEU.10.22	2
46:6	1SA.12.8	2
46:8	EXO.1.1-EXO.1.5	3
46:8	DEU.33.6	3
46:8	1CH.2.1-1CH.2.55	3
46:8	GEN.29.1-GEN.29.30	2
46:8	GEN.29.32	2
46:8	GEN.35.22-GEN.35.23	2
46:8	GEN.49.1-GEN.49.33	2
46:8	EXO.6.14-EXO.6.18	2
46:8	NUM.1.5	2
46:8	NUM.1.20-NUM.1.21	2
46:8	NUM.2.10-NUM.2.13	2
46:8	NUM.26.4-NUM.26.11	2
46:8	1CH.8.1-1CH.8.40	2
46:10	EXO.6.15	5
46:10	GEN.29.33	3
46:10	GEN.28.1	2
46:10	GEN.34.25	2
46:10	GEN.34.30	2
46:10	GEN.49.5-GEN.49.7	2
46:10	NUM.1.6	2
46:10	NUM.1.22-NUM.1.23	2
46:10	NUM.2.12-NUM.2.13	2
46:10	NUM.26.12-NUM.26.13	2
46:10	1CH.2.1	2
46:10	1CH.4.24-1CH.4.43	2
46:11	GEN.29.34	3
46:11	GEN.49.5-GEN.49.7	2
46:11	EXO.6.16	2
46:11	NUM.3.17-NUM.3.22	2
46:11	NUM.4.1-NUM.4.49	2
46:11	NUM.8.1-NUM.8.26	2
46:11	NUM.26.57-NUM.26.58	2
46:11	DEU.33.8-DEU.33.11	2
46:11	1CH.2.1	2
46:11	1CH.2.11	2
46:11	1CH.2.16	2
46:11	1CH.6.1-1CH.6.3	2
46:11	1CH.6.16	2
46:11	1CH.22.1-1CH.22.19	2
46:12	GEN.29.35	3
46:12	GEN.38.7	3
46:12	GEN.38.10	3
46:12	1CH.4.21	3
46:12	GEN.38.1-GEN.38.3	2
46:12	GEN.38.24-GEN.38.30	2
46:12	GEN.49.8-GEN.49.12	2
46:12	NUM.1.7	2
46:12	NUM.1.26-NUM.1.27	2
46:12	NUM.26.19-NUM.26.21	2
46:12	DEU.33.7	2
46:12	JDG.1.2	2
46:12	1CH.2.1	2
46:12	1CH.2.3-1CH.2.5	2
46:12	1CH.3.1-1CH.4.1	2
46:12	1CH.5.2	2
46:12	PSA.78.68	2
46:12	MAT.1.1-MAT.1.3	2
46:12	HEB.7.14	2
46:12	REV.5.5	2
46:13	1CH.12.32	4
46:13	GEN.30.14-GEN.30.18	2
46:13	GEN.35.23	2
46:13	GEN.49.14-GEN.49.15	2
46:13	NUM.1.8	2
46:13	NUM.1.28-NUM.1.30	2
46:13	NUM.26.23-NUM.26.25	2
46:13	DEU.33.18	2
46:13	1CH.2.1	2
46:13	1CH.7.1-1CH.7.5	2
46:14	GEN.30.19-GEN.30.20	2
46:14	GEN.49.13	2
46:14	NUM.1.9	2
46:14	NUM.1.30-NUM.1.31	2
46:14	NUM.26.26-NUM.26.27	2
46:14	DEU.33.18-DEU.33.19	2
46:14	1CH.2.1	2
46:15	GEN.29.32-GEN.29.35	3
46:15	GEN.30.17-GEN.30.21	3
46:15	GEN.25.20	2
46:15	GEN.34.1-GEN.34.31	2
46:15	GEN.35.23	2
46:15	GEN.49.3-GEN.49.15	2
46:15	EXO.1.2-EXO.1.3	2
46:15	NUM.1.1-NUM.1.54	2
46:15	NUM.26.1-NUM.26.65	2
46:15	1CH.2.1	2
46:15	NUM.10.1-NUM.10.36	1
46:16	NUM.26.15-NUM.26.17	5
46:16	GEN.30.11	3
46:16	GEN.35.26	2
46:16	GEN.49.19	2
46:16	NUM.1.11	2
46:16	NUM.1.24-NUM.1.25	2
46:16	DEU.33.20-DEU.33.21	2
46:16	1CH.2.2	2
46:16	1CH.5.11-1CH.5.16	2
46:17	GEN.30.13	3
46:17	GEN.49.20	3
46:17	GEN.35.26	2
46:17	NUM.1.13	2
46:17	NUM.1.40-NUM.1.41	2
46:17	NUM.26.44-NUM.26.46	2
46:17	DEU.33.24	2
46:17	1CH.2.2	2
46:17	1CH.7.30-1CH.7.40	2
46:18	GEN.29.24	4
46:18	GEN.30.9-GEN.30.13	2
46:18	GEN.35.26	2
46:18	EXO.1.4	2
46:19	GEN.44.27	3
46:19	GEN.29.18	2
46:19	GEN.30.24	2
46:19	GEN.35.16-GEN.35.18	2
46:19	GEN.35.24	2
46:19	GEN.37.1-GEN.37.36	2
46:19	GEN.39.1-GEN.40.23	2
46:19	GEN.47.1-GEN.47.31	2
46:19	GEN.49.22-GEN.49.27	2
46:19	GEN.50.1-GEN.50.14	2
46:19	EXO.1.3	2
46:19	EXO.1.5	2
46:19	NUM.1.36-NUM.1.37	2
46:19	NUM.26.38-NUM.26.41	2
46:19	DEU.33.12-DEU.33.17	2
46:19	1CH.2.2	2
46:20	GEN.41.50-GEN.41.52	5
46:20	GEN.41.45	3
46:20	GEN.48.4-GEN.48.5	2
46:20	GEN.48.13-GEN.48.14	2
46:20	GEN.48.20	2
46:20	NUM.1.32-NUM.1.35	2
46:20	NUM.26.28-NUM.26.37	2
46:20	DEU.33.13-DEU.33.17	2
46:20	1CH.5.23-1CH.5.26	2
46:20	1CH.7.14-1CH.7.29	2
46:21	1CH.7.6-1CH.7.12	4
46:21	GEN.49.27	2
46:21	NUM.1.11	2
46:21	NUM.1.36-NUM.1.37	2
46:21	NUM.26.38-NUM.26.40	2
46:21	DEU.33.12	2
46:21	1CH.8.1-1CH.8.7	2
46:23	GEN.30.6	2
46:23	GEN.35.25	2
46:23	GEN.49.16-GEN.49.17	2
46:23	NUM.1.12	2
46:23	NUM.1.38-NUM.1.39	2
46:23	NUM.10.25	2
46:23	NUM.26.42-NUM.26.43	2
46:23	DEU.33.22	2
46:23	1CH.2.2	2
46:23	1CH.7.12	2
46:23	1CH.12.35	2
46:24	1CH.7.13	3
46:24	GEN.30.7-GEN.30.8	2
46:24	GEN.35.25	2
46:24	GEN.49.21	2
46:24	NUM.1.15	2
46:24	NUM.1.42-NUM.1.43	2
46:24	NUM.26.48-NUM.26.50	2
46:24	DEU.33.23	2
46:24	2KI.15.29	2
46:24	1CH.2.2	2
46:24	1CH.12.34	2
46:25	GEN.29.29	5
46:25	GEN.30.3-GEN.30.8	2
46:25	GEN.35.22	2
46:25	GEN.35.25	2
46:25	EXO.1.2	2
46:26	EXO.1.5	5
46:26	GEN.35.11	2
46:26	JDG.8.30	2
46:27	DEU.10.22	5
46:27	ACT.7.14	5
46:27	EXO.1.5	4
46:27	EXO.24.1	2
46:28	GEN.45.10	5
46:28	GEN.31.21	3
46:28	GEN.43.8	2
46:28	GEN.44.16-GEN.44.34	2
46:28	GEN.46.34-GEN.47.1	2
46:28	GEN.49.8	2
46:29	LUK.15.20	5
46:29	GEN.33.4	4
46:29	GEN.45.14-GEN.45.15	4
46:29	ACT.20.37	3
46:29	GEN.41.43	2
46:29	GEN.45.19	2
46:29	GEN.45.21	2
46:30	LUK.2.29-LUK.2.30	9
46:30	GEN.45.28	7
46:31	GEN.45.16-GEN.45.20	2
46:31	GEN.47.1-GEN.47.3	2
46:31	ACT.18.3	2
46:31	HEB.2.11	2
46:32	GEN.47.3	3
46:32	GEN.4.2	2
46:32	GEN.9.20	2
46:32	GEN.31.18	2
46:32	GEN.37.2	2
46:32	GEN.45.10	2
46:32	GEN.46.34	2
46:32	EXO.3.1	2
46:32	1SA.17.15	2
46:32	1KI.9.27	2
46:32	1KI.18.5-1KI.18.6	2
46:32	PSA.78.70-PSA.78.72	2
46:32	ISA.40.11	2
46:32	ZEC.13.5	2
46:32	1SA.16.11	1
46:33	GEN.46.32	3
46:33	GEN.47.2-GEN.47.4	2
46:33	JON.1.8	2
46:34	EXO.8.26	5
46:34	GEN.43.32	4
46:34	GEN.37.12	2
46:34	GEN.46.32	2
46:34	GEN.30.35	1
46:34	GEN.45.10	1
46:34	GEN.34.5	0
47:1	GEN.45.10	4
47:1	GEN.46.31	4
47:1	GEN.46.28	3
47:1	GEN.45.16	2
47:1	GEN.46.34	2
47:1	EXO.8.22	2
47:1	EXO.9.26	2
47:1	HEB.2.11	2
47:2	ACT.7.13	4
47:2	2CO.4.14	2
47:2	COL.1.28	2
47:2	JUD.1.24	2
47:3	GEN.46.33-GEN.46.34	4
47:3	GEN.4.2	2
47:3	AMO.7.14-AMO.7.15	2
47:3	JON.1.8	2
47:3	2TH.3.10	2
47:4	GEN.46.34	6
47:4	GEN.15.13	5
47:4	DEU.26.5	5
47:4	GEN.43.1	4
47:4	PSA.105.23	3
47:4	ACT.7.11	3
47:4	GEN.12.10	2
47:4	ISA.52.4	2
47:4	ACT.7.6	2
47:6	GEN.47.11	4
47:6	EXO.18.21	4
47:6	PRO.22.29	4
47:6	GEN.47.4	3
47:6	EXO.18.25	3
47:6	2CH.26.10	3
47:6	GEN.13.9	2
47:6	GEN.20.15	2
47:6	GEN.34.10	2
47:6	GEN.45.18-GEN.45.20	2
47:6	GEN.47.16	2
47:6	EXO.9.3-EXO.9.6	2
47:6	EXO.9.10	2
47:6	EXO.9.21	2
47:6	1SA.21.7	2
47:6	1CH.27.29-1CH.27.31	2
47:6	PRO.21.1	2
47:6	JHN.17.2	2
47:7	GEN.47.10	5
47:7	GEN.35.27	2
47:7	EXO.12.32	2
47:7	NUM.6.23-NUM.6.24	2
47:7	JOS.14.13	2
47:7	1SA.2.20	2
47:7	2SA.8.10	2
47:7	2SA.14.22	2
47:7	2SA.19.39	2
47:7	1KI.1.47	2
47:7	2KI.4.29	2
47:7	MAT.26.26	2
47:7	LUK.22.19	2
47:7	1PE.2.17	2
47:9	JOB.14.1	6
47:9	PSA.39.12	6
47:9	GEN.35.28	5
47:9	PSA.39.5	5
47:9	GEN.50.26	4
47:9	EXO.6.4	4
47:9	EXO.7.7	4
47:9	DEU.34.7	4
47:9	JOS.24.29	4
47:9	JAS.4.14	4
47:9	1PE.2.11	4
47:9	GEN.11.11	3
47:9	GEN.11.24-GEN.11.25	3
47:9	GEN.25.7-GEN.25.8	3
47:9	GEN.47.28	3
47:9	JOB.8.8-JOB.8.9	3
47:9	JOB.42.16-JOB.42.17	3
47:9	PSA.119.19	3
47:9	PSA.119.54	3
47:9	HEB.11.9-HEB.11.16	3
47:9	GEN.5.27	2
47:9	2SA.19.32-2SA.19.35	2
47:9	1CH.29.15	2
47:9	PSA.89.47-PSA.89.48	2
47:9	PSA.90.3-PSA.90.12	2
47:9	HEB.13.14	2
47:9	2CO.5.6	1
47:10	GEN.47.7	6
47:10	GEN.14.19	4
47:10	DEU.33.1	4
47:10	2SA.8.10	4
47:10	2SA.19.39	4
47:10	PSA.129.8	4
47:10	HEB.7.7	4
47:10	NUM.6.23-NUM.6.27	3
47:10	PSA.119.46	2
47:10	RUT.2.4	1
47:11	GEN.47.6	5
47:11	EXO.1.11	5
47:11	EXO.12.37	5
47:11	JHN.10.10	2
47:11	JHN.10.28	2
47:11	JHN.14.2	2
47:11	JHN.14.23	2
47:11	JHN.17.2	2
47:11	JHN.17.24	2
47:12	GEN.45.11	4
47:12	GEN.47.1	2
47:12	GEN.47.21	2
47:12	GEN.47.24	2
47:12	EXO.20.12	2
47:12	RUT.4.15	2
47:12	MAT.15.4-MAT.15.6	2
47:12	MRK.7.10-MRK.7.13	2
47:12	1TH.2.7	2
47:12	1TI.4.8	2
47:12	1TI.5.4	2
47:12	1TI.5.8	2
47:13	ACT.7.11	4
47:13	GEN.41.30-GEN.41.31	2
47:13	1KI.18.5	2
47:13	JER.9.12	2
47:13	JER.14.1-JER.14.6	2
47:13	LAM.2.19-LAM.2.20	2
47:13	LAM.4.9	2
47:13	JOL.1.10-JOL.1.12	2
47:14	GEN.41.56	5
47:14	LUK.16.10-LUK.16.12	3
47:14	LUK.16.1-LUK.16.2	2
47:14	1CO.4.2	2
47:14	1PE.4.10	2
47:15	GEN.47.18-GEN.47.19	2
47:15	GEN.47.24	2
47:15	JDG.8.5	2
47:15	JDG.8.8	2
47:15	1SA.21.3	2
47:15	1SA.25.8	2
47:15	PSA.37.3	2
47:15	MAT.6.11	2
47:15	ISA.33.16	1
47:16	PRO.12.17	2
47:16	DAN.6.5-DAN.6.7	2
47:16	1CO.10.32	2
47:16	PHP.4.8	2
47:16	COL.4.5	2
47:17	EXO.9.3	2
47:17	1KI.10.28	2
47:17	JOB.2.4	2
47:17	ISA.31.1	2
47:17	MAT.6.24	2
47:18	2KI.6.26	2
47:18	JER.38.9	2
47:19	NEH.5.2-NEH.5.3	4
47:19	JOB.2.4	4
47:19	LAM.1.11	3
47:19	LAM.5.6	3
47:19	LAM.5.9	3
47:19	MAT.16.26	2
47:19	PHP.3.8-PHP.3.9	2
47:21	GEN.41.48	3
47:22	EZR.7.24	5
47:22	GEN.14.18	2
47:22	GEN.41.45	2
47:22	GEN.41.50	2
47:22	DEU.12.19	2
47:22	JOS.21.1-JOS.21.45	2
47:22	2SA.8.18	2
47:22	NEH.13.10	2
47:22	MAT.10.10	2
47:22	1CO.9.13	2
47:22	GAL.6.6	2
47:22	2TH.3.10	2
47:22	1TI.5.17	2
47:23	GEN.41.27	2
47:23	GEN.45.6	2
47:23	PSA.41.1	2
47:23	PSA.107.36-PSA.107.37	2
47:23	PSA.112.5	2
47:23	PRO.11.26	2
47:23	PRO.12.11	2
47:23	PRO.13.23	2
47:23	ECC.11.6	2
47:23	ISA.28.24-ISA.28.25	2
47:23	ISA.55.10	2
47:23	MAT.24.45	2
47:23	2CO.9.10	2
47:24	GEN.41.34	5
47:24	PSA.41.1	3
47:24	PSA.112.5	3
47:24	GEN.47.25	2
47:24	LEV.27.32	2
47:24	1SA.8.15-1SA.8.17	2
47:25	GEN.33.15	3
47:25	GEN.6.19	2
47:25	GEN.18.3	2
47:25	GEN.41.45	2
47:25	GEN.45.6-GEN.45.8	2
47:25	GEN.50.20	2
47:25	RUT.2.13	2
47:25	PRO.11.26-PRO.11.27	2
47:26	GEN.47.22	5
47:26	EZK.7.24	1
47:27	GEN.46.3	7
47:27	EXO.1.7	6
47:27	ACT.7.17	5
47:27	PSA.107.38	4
47:27	GEN.26.4	3
47:27	DEU.26.5	3
47:27	PSA.105.24	3
47:27	ZEC.10.8	3
47:27	GEN.8.7	2
47:27	GEN.8.9	2
47:27	GEN.13.16	2
47:27	GEN.17.6	2
47:27	GEN.28.14	2
47:27	EXO.1.12	2
47:27	DEU.10.22	2
47:27	NEH.9.23	2
47:28	PSA.90.10	3
47:28	GEN.37.2	2
47:28	GEN.47.8-GEN.47.9	2
47:28	PSA.90.12	2
47:28	PSA.119.84	2
47:29	GEN.24.2	5
47:29	GEN.24.49	5
47:29	DEU.31.14	5
47:29	1KI.2.1	4
47:29	GEN.50.24-GEN.50.25	3
47:29	ACT.7.15-ACT.7.16	3
47:29	GEN.3.19	2
47:29	GEN.47.9	2
47:29	2SA.7.12	2
47:29	2SA.14.14	2
47:29	JOB.7.1	2
47:29	JOB.14.14	2
47:29	JOB.30.23	2
47:29	PSA.6.5	2
47:29	PSA.49.7	2
47:29	PSA.49.9	2
47:29	PSA.89.48	2
47:29	HEB.9.27	2
47:29	HEB.11.22	2
47:30	GEN.49.29-GEN.49.32	4
47:30	GEN.23.19	3
47:30	GEN.25.9	3
47:30	GEN.50.5-GEN.50.14	2
47:30	GEN.50.25	2
47:30	2SA.19.37	2
47:30	1KI.13.22	2
47:30	NEH.2.3	2
47:30	NEH.2.5	2
47:30	ACT.7.15-ACT.7.16	2
47:31	1KI.1.47	5
47:31	GEN.24.3	4
47:31	HEB.11.21	4
47:31	GEN.24.26	2
47:31	GEN.47.29	2
47:31	GEN.48.1-GEN.48.2	2
47:31	GEN.21.23	1
48:1	GEN.41.50-GEN.41.52	3
48:1	GEN.46.20	3
48:1	GEN.50.23	2
48:1	PSA.128.6	2
48:1	JHN.11.3	1
48:1	JOB.42.16	0
48:2	DEU.3.28	2
48:2	1SA.23.16	2
48:2	PSA.41.3	2
48:2	PRO.23.15	2
48:2	EPH.6.10	2
48:2	NEH.2.18	1
48:3	GEN.35.9-GEN.35.12	4
48:3	GEN.17.1	3
48:3	GEN.28.3	3
48:3	EXO.6.3	3
48:3	GEN.28.12-GEN.28.19	2
48:3	GEN.35.6-GEN.35.7	2
48:3	JDG.1.23	2
48:3	HOS.12.4	2
48:3	REV.21.11	2
48:4	GEN.17.8	6
48:4	GEN.35.11	4
48:4	GEN.12.2	3
48:4	GEN.13.15-GEN.13.16	3
48:4	GEN.17.13	3
48:4	GEN.22.17	3
48:4	GEN.26.4	3
48:4	GEN.28.3	3
48:4	GEN.28.13-GEN.28.15	3
48:4	GEN.32.12	3
48:4	GEN.46.3	3
48:4	GEN.47.27	3
48:4	EXO.1.7	3
48:4	DEU.32.8	3
48:4	AMO.9.14-AMO.9.15	3
48:4	EXO.1.11	2
48:5	GEN.41.50-GEN.41.52	7
48:5	GEN.46.20	6
48:5	JOS.14.4	6
48:5	JOS.13.7	4
48:5	1CH.5.1-1CH.5.2	4
48:5	2CO.6.18	3
48:5	REV.7.6-REV.7.7	3
48:5	LEV.20.26	2
48:5	NUM.1.10	2
48:5	NUM.1.32-NUM.1.35	2
48:5	NUM.26.28-NUM.26.37	2
48:5	JOS.16.1-JOS.16.10	2
48:5	ISA.43.1	2
48:5	EZK.16.8	2
48:5	MAL.3.17	2
48:5	EPH.1.5	2
48:6	JOS.14.4	2
48:7	GEN.35.9	3
48:7	GEN.35.16-GEN.35.19	3
48:7	MAT.2.18	3
48:7	GEN.25.20	2
48:7	RUT.1.2	2
48:7	1SA.1.1	2
48:7	1SA.10.2	2
48:7	1SA.17.12	2
48:7	MIC.5.2	2
48:9	GEN.27.4	5
48:9	GEN.33.5	4
48:9	HEB.11.21	3
48:9	GEN.27.28-GEN.27.29	2
48:9	GEN.27.34-GEN.27.40	2
48:9	GEN.28.3-GEN.28.4	2
48:9	GEN.30.2	2
48:9	GEN.49.28	2
48:9	DEU.33.1	2
48:9	RUT.4.11-RUT.4.14	2
48:9	1SA.1.20	2
48:9	1SA.1.27	2
48:9	1SA.2.20-1SA.2.21	2
48:9	1CH.25.5	2
48:9	1CH.26.4-1CH.26.5	2
48:9	PSA.127.3	2
48:9	ISA.8.18	2
48:9	ISA.56.3-ISA.56.5	2
48:10	GEN.27.1	5
48:10	GEN.27.27	5
48:10	GEN.31.55	2
48:10	GEN.45.15	2
48:10	1SA.3.2	2
48:10	1SA.4.15	2
48:10	1KI.19.20	2
48:10	ISA.6.10	2
48:10	ISA.59.1	2
48:11	EPH.3.20	5
48:11	GEN.45.26	3
48:11	GEN.37.33	2
48:11	GEN.37.35	2
48:11	GEN.42.36	2
48:12	GEN.42.6	3
48:12	GEN.18.2	2
48:12	GEN.19.1	2
48:12	GEN.23.7	2
48:12	GEN.33.3	2
48:12	EXO.20.12	2
48:12	EXO.34.8	2
48:12	LEV.19.3	2
48:12	LEV.19.32	2
48:12	1KI.2.19	2
48:12	2KI.4.37	2
48:12	PRO.31.28	2
48:12	EPH.6.1	2
48:14	GEN.41.51	4
48:14	GEN.46.20	2
48:14	GEN.48.18	2
48:14	EXO.15.6	2
48:14	NUM.8.10	2
48:14	NUM.8.18	2
48:14	DEU.34.9	2
48:14	PSA.110.1	2
48:14	PSA.118.16	2
48:14	MAT.6.5	2
48:14	MAT.16.18	2
48:14	MAT.19.13	2
48:14	MAT.19.15	2
48:14	LUK.4.40	2
48:14	LUK.13.13	2
48:14	ACT.6.6	2
48:14	ACT.8.17-ACT.8.19	2
48:14	ACT.13.3	2
48:14	1TI.4.14	2
48:14	1TI.5.22	2
48:15	GEN.17.1	5
48:15	COL.2.6	3
48:15	HEB.11.21	3
48:15	GEN.5.22-GEN.5.24	2
48:15	GEN.6.9	2
48:15	GEN.24.20	2
48:15	GEN.27.4	2
48:15	GEN.28.3	2
48:15	GEN.28.20	2
48:15	GEN.28.22	2
48:15	GEN.48.16	2
48:15	GEN.49.24	2
48:15	GEN.49.28	2
48:15	DEU.33.1	2
48:15	1KI.3.6	2
48:15	PSA.16.8	2
48:15	PSA.23.1	2
48:15	PSA.103.4-PSA.103.5	2
48:15	ECC.2.24-ECC.2.25	2
48:15	ECC.5.12	2
48:15	ECC.5.18	2
48:15	ECC.6.7	2
48:15	ISA.30.21	2
48:15	ISA.33.16	2
48:15	JER.8.2	2
48:15	MAT.6.25-MAT.6.34	2
48:15	LUK.1.6	2
48:15	1CO.10.31	2
48:15	2CO.1.12	2
48:15	1TI.6.6-1TI.6.10	2
48:15	PSA.37.3	1
48:15	1TH.2.12	1
48:16	PSA.34.22	8
48:16	GEN.28.13-GEN.28.15	5
48:16	GEN.48.5	5
48:16	GEN.49.22	5
48:16	NUM.26.28-NUM.26.37	4
48:16	JOS.17.17	4
48:16	PSA.121.7	4
48:16	ACT.15.17	4
48:16	2TI.4.18	4
48:16	ISA.63.9	3
48:16	AMO.9.12	3
48:16	JHN.17.15	3
48:16	HEB.11.21	3
48:16	GEN.16.7-GEN.16.13	2
48:16	1CO.10.9	2
48:16	TIT.2.14	2
48:16	GEN.1.21-GEN.1.22	1
48:16	GEN.31.11-GEN.31.13	1
48:16	GEN.32.28	1
48:16	EXO.1.7	1
48:16	EXO.3.2-EXO.3.6	1
48:16	EXO.23.20-EXO.23.21	1
48:16	NUM.1.46	1
48:16	DEU.28.10	1
48:16	DEU.33.17	1
48:16	JDG.2.1-JDG.2.4	1
48:16	JDG.6.21-JDG.6.24	1
48:16	JDG.13.21-JDG.13.22	1
48:16	2CH.7.14	1
48:16	PSA.34.2	1
48:16	PSA.34.7	1
48:16	ISA.47.4	1
48:16	JER.14.9	1
48:16	HOS.12.4-HOS.12.5	1
48:16	MAL.3.1	1
48:16	MAT.6.13	1
48:16	ACT.7.30-ACT.7.35	1
48:16	ROM.8.23	1
48:16	1CO.10.4	1
48:17	GEN.48.14	3
48:17	ROM.9.7-ROM.9.8	3
48:17	GEN.28.8	2
48:17	GEN.38.10	2
48:17	NUM.11.1	2
48:17	1SA.16.7	2
48:17	1KI.16.25	2
48:17	1CH.21.7	2
48:17	PRO.24.18	2
48:17	ROM.9.11	2
48:17	NUM.22.34	1
48:18	GEN.19.18	2
48:18	GEN.27.15	2
48:18	GEN.29.26	2
48:18	GEN.43.33	2
48:18	GEN.49.3	2
48:18	EXO.10.11	2
48:18	MAT.25.9	2
48:18	ACT.10.14	2
48:18	ACT.11.8	2
48:19	NUM.1.33-NUM.1.35	5
48:19	DEU.33.17	5
48:19	GEN.17.20-GEN.17.21	3
48:19	GEN.25.28	3
48:19	GEN.48.14	3
48:19	NUM.2.19-NUM.2.21	2
48:19	DEU.1.10	2
48:19	RUT.4.11-RUT.4.12	2
48:19	ISA.7.17	2
48:19	EZK.27.10	2
48:19	REV.7.6	2
48:19	REV.7.8	2
48:20	RUT.4.11-RUT.4.12	5
48:20	GEN.24.60	4
48:20	GEN.28.3	4
48:20	NUM.2.18-NUM.2.21	1
48:20	NUM.7.48	1
48:20	NUM.7.54	1
48:20	NUM.10.22-NUM.10.23	1
48:20	NUM.13.11	1
48:20	NUM.13.16	1
48:20	NUM.13.8	0
48:21	GEN.46.4	7
48:21	GEN.50.24	6
48:21	GEN.26.3	4
48:21	GEN.28.15	4
48:21	HEB.7.3	3
48:21	HEB.7.23-HEB.7.25	3
48:21	GEN.12.5	2
48:21	GEN.15.14	2
48:21	GEN.37.1	2
48:21	DEU.1.1-DEU.1.46	2
48:21	DEU.31.8	2
48:21	JOS.1.5	2
48:21	JOS.1.9	2
48:21	JOS.3.7	2
48:21	JOS.23.14	2
48:21	JOS.24.1-JOS.24.33	2
48:21	1KI.2.2-1KI.2.4	2
48:21	PSA.18.46	2
48:21	PSA.146.3-PSA.146.4	2
48:21	ZEC.1.5-ZEC.1.6	2
48:21	LUK.2.29	2
48:21	2TI.4.6	2
48:21	HEB.7.8	2
48:21	2PE.1.14	2
48:21	ACT.13.36	1
48:22	JHN.4.5	6
48:22	JOS.24.32	5
48:22	1CH.5.2	3
48:22	GEN.15.16	2
48:22	GEN.33.19	2
48:22	GEN.34.28	2
48:22	DEU.21.17	2
48:22	JOS.17.14-JOS.17.18	2
48:22	JDG.11.23	2
48:22	AMO.2.9	2
48:22	EZK.47.13	1
49:1	NUM.24.14	6
49:1	JER.23.20	6
49:1	DEU.4.30	5
49:1	DAN.10.14	5
49:1	DEU.31.12	3
49:1	DEU.33.1-DEU.33.29	3
49:1	PSA.25.14	3
49:1	PSA.105.15	3
49:1	ISA.2.2	3
49:1	ISA.39.6	3
49:1	AMO.3.7	3
49:1	HEB.1.2	3
49:1	HEB.10.24-HEB.10.25	3
49:1	REV.4.1	3
49:1	DEU.31.28-DEU.31.29	2
49:1	ISA.22.14	2
49:1	ISA.53.1	2
49:1	DAN.2.28-DAN.2.29	2
49:1	DAN.2.47	2
49:1	DAN.10.1	2
49:1	MIC.4.1	2
49:1	LUK.2.26	2
49:1	ACT.2.17	2
49:1	ROM.1.17-ROM.1.18	2
49:1	1TI.4.1	2
49:1	2TI.3.1	2
49:1	HEB.13.1	1
49:2	PSA.34.11	4
49:2	PRO.1.8-PRO.1.9	2
49:2	PRO.4.1-PRO.4.4	2
49:2	PRO.5.1	2
49:2	PRO.6.20	2
49:2	PRO.7.1	2
49:2	PRO.7.24	2
49:2	PRO.8.32	2
49:2	PRO.23.22	2
49:2	PRO.23.26	2
49:3	DEU.21.17	6
49:3	PSA.78.51	6
49:3	GEN.29.32	5
49:3	PSA.105.36	5
49:3	GEN.48.18	3
49:3	NUM.1.20	3
49:3	1CH.2.1	3
49:3	1CH.5.1	3
49:3	1CH.5.3	3
49:3	GEN.46.8	2
49:3	NUM.26.5	2
49:4	GEN.35.22	15
49:4	DEU.27.20	11
49:4	1CH.5.1	11
49:4	DEU.33.6	7
49:4	1CO.5.1	6
49:4	JAS.1.6-JAS.1.8	6
49:4	GEN.46.8	5
49:4	DEU.5.21	5
49:4	2PE.3.16	4
49:4	2PE.2.14	3
49:4	NUM.32.1-NUM.32.42	1
49:5	GEN.34.25-GEN.34.31	7
49:5	GEN.29.33-GEN.29.34	4
49:5	GEN.46.10-GEN.46.11	3
49:5	PRO.18.9	2
49:6	GEN.34.30	8
49:6	PSA.26.9	6
49:6	PSA.16.9	4
49:6	GEN.34.25-GEN.34.26	3
49:6	PSA.26.4-PSA.26.5	3
49:6	PSA.57.8	3
49:6	PSA.64.2	3
49:6	PRO.1.15-PRO.1.16	3
49:6	JER.4.19	3
49:6	JER.15.17	3
49:6	LUK.12.19	3
49:6	2CO.6.14	3
49:6	DEU.27.24	2
49:6	JDG.5.21	2
49:6	PSA.1.1	2
49:6	PSA.5.10	2
49:6	PSA.28.3	2
49:6	PSA.30.12	2
49:6	PSA.42.5	2
49:6	PSA.42.11	2
49:6	PSA.43.5	2
49:6	PSA.94.20-PSA.94.21	2
49:6	PSA.103.1	2
49:6	PSA.139.19	2
49:6	PRO.1.11	2
49:6	PRO.12.5	2
49:7	JOS.19.1-JOS.19.9	3
49:7	1CH.4.24-1CH.4.31	3
49:7	1CH.6.65	3
49:7	JOS.21.1-JOS.21.45	2
49:7	2SA.13.15	2
49:7	2SA.13.22-2SA.13.28	2
49:7	1CH.4.39-1CH.4.40	2
49:7	PRO.26.24-PRO.26.25	2
49:7	PRO.27.3	2
49:8	GEN.27.29	5
49:8	1CH.5.2	5
49:8	HEB.7.14	5
49:8	DEU.33.7	4
49:8	GEN.29.35	3
49:8	JOS.10.24	3
49:8	PSA.18.40-PSA.18.43	3
49:8	GEN.37.7-GEN.37.10	2
49:8	GEN.42.6	2
49:8	GEN.44.18-GEN.44.34	2
49:8	GEN.46.12	2
49:8	NUM.1.27	2
49:8	NUM.10.14	2
49:8	NUM.26.22	2
49:8	JDG.1.1-JDG.1.2	2
49:8	JDG.20.18	2
49:8	2SA.5.3	2
49:8	2SA.22.41	2
49:8	2SA.24.9	2
49:8	1KI.4.1-1KI.4.34	2
49:8	1CH.12.1-1CH.12.40	2
49:8	2CH.11.12-2CH.11.17	2
49:8	2CH.14.8	2
49:8	2CH.15.9	2
49:8	2CH.17.2	2
49:8	2CH.17.14-2CH.17.16	2
49:8	2CH.30.11	2
49:8	PSA.76.1	2
49:8	PSA.78.68-PSA.78.71	2
49:8	ISA.9.7	2
49:8	EZK.21.29	2
49:8	PHP.2.10-PHP.2.11	2
49:8	HEB.10.13	2
49:8	REV.5.5	2
49:8	REV.11.15	2
49:9	NUM.24.9	12
49:9	NUM.23.24	9
49:9	REV.5.5	9
49:9	MIC.5.8	5
49:9	HOS.5.14	4
49:9	EZK.19.5	2
49:9	HOS.5.4	1
49:9	1CO.15.24	1
49:10	NUM.24.17	20
49:10	LUK.1.32-LUK.1.33	19
49:10	PSA.60.7	13
49:10	ISA.9.6	13
49:10	ISA.33.22	12
49:10	JER.23.5-JER.23.6	12
49:10	ISA.42.1	11
49:10	ISA.11.1-ISA.11.5	7
49:10	JER.30.21	7
49:10	ZEC.10.11	7
49:10	LUK.2.30-LUK.2.32	7
49:10	HEB.7.14	7
49:10	PSA.2.6-PSA.2.9	6
49:10	PSA.72.8-PSA.72.11	6
49:10	EZK.21.27	6
49:10	JHN.12.32	6
49:10	ROM.15.12	6
49:10	REV.11.15	6
49:10	ISA.11.10	5
49:10	ISA.55.4-ISA.55.5	5
49:10	ISA.60.3-ISA.60.5	5
49:10	ZEC.2.11	5
49:10	ISA.11.12-ISA.11.13	4
49:10	ISA.42.3-ISA.42.4	4
49:10	ISA.60.1	4
49:10	ISA.62.11	4
49:10	MAT.1.21	4
49:10	NUM.21.18	3
49:10	PSA.108.8	3
49:10	ISA.2.2	3
49:10	ISA.49.6-ISA.49.7	3
49:10	ISA.49.22-ISA.49.23	3
49:10	HOS.11.12	3
49:10	ZEC.8.20-ZEC.8.23	3
49:10	MAT.21.9	3
49:10	JHN.19.15	3
49:10	EZK.19.14	2
49:10	DAN.9.25	2
49:10	HAG.2.7	2
49:10	MAT.17.5	2
49:10	MAT.25.32	2
49:10	EZK.19.11	1
49:10	JHN.18.31	1
49:10	JHN.19.12	1
49:10	2CO.5.10	1
49:11	ISA.63.1-ISA.63.3	6
49:11	JOL.3.18	3
49:11	REV.7.14	3
49:11	1KI.4.20	2
49:11	1KI.4.25	2
49:11	MIC.4.4	2
49:11	REV.19.18	2
49:11	2KI.18.32	1
49:13	DEU.33.18-DEU.33.19	6
49:13	GEN.30.20	3
49:13	JOS.19.10-JOS.19.16	3
49:14	GEN.30.18	5
49:14	1CH.12.32	5
49:14	DEU.33.18	4
49:14	JOS.19.17-JOS.19.23	3
49:14	JDG.5.15-JDG.5.16	2
49:14	JDG.10.1	2
49:15	JOS.14.15	2
49:15	JDG.3.11	2
49:15	2SA.7.1	2
49:15	PSA.81.6	2
49:15	EZK.29.18	2
49:15	MAT.23.4	2
49:16	DEU.33.22	5
49:16	GEN.30.6	4
49:16	NUM.10.25	2
49:16	JDG.13.2	2
49:16	JDG.13.24-JDG.13.25	2
49:16	JDG.15.20	2
49:16	JDG.18.1-JDG.18.2	2
49:16	JDG.18.26-JDG.18.27	2
49:17	JDG.18.22-JDG.18.31	4
49:17	1CH.12.35	4
49:17	JDG.14.1-JDG.14.15	1
49:17	JDG.16.22-JDG.16.30	0
49:18	PSA.119.166	8
49:18	PSA.119.174	8
49:18	ISA.25.9	8
49:18	MIC.7.7	7
49:18	PSA.130.5	5
49:18	PSA.25.5-PSA.25.6	4
49:18	PSA.40.1	4
49:18	LAM.3.25	4
49:18	LUK.2.25	4
49:18	1TH.1.10	4
49:18	PSA.14.7	3
49:18	PSA.62.1	3
49:18	PSA.62.5	3
49:18	PSA.85.7	3
49:18	PSA.123.2	3
49:18	ISA.8.17	3
49:18	ISA.33.2	3
49:18	MAT.1.21	3
49:18	MRK.15.43	3
49:18	LUK.1.30	3
49:18	LUK.2.30	3
49:18	LUK.23.51	3
49:18	ROM.8.19	3
49:18	ROM.8.25	3
49:18	GAL.5.5	3
49:18	PSA.119.41	2
49:18	ISA.30.18	2
49:18	ISA.36.8	2
49:19	DEU.33.20-DEU.33.21	5
49:19	1CH.5.11-1CH.5.22	5
49:19	GEN.30.11	4
49:19	1CH.3.18-1CH.3.22	3
49:19	1CH.5.26	3
49:19	GEN.46.16	2
49:19	NUM.32.1-NUM.32.42	2
49:19	JOS.13.8	2
49:19	JDG.10.1-JDG.10.11	2
49:20	DEU.33.24-DEU.33.25	8
49:20	GEN.30.13	6
49:20	GEN.46.17	4
49:20	JOS.19.24-JOS.19.31	4
49:21	DEU.33.23	6
49:21	GEN.30.8	3
49:21	GEN.46.24	2
49:21	JOS.19.32-JOS.19.39	2
49:21	JDG.4.6	2
49:21	JDG.4.10	2
49:21	JDG.5.18	2
49:21	PSA.18.33-PSA.18.34	2
49:21	MAT.4.15-MAT.4.16	2
49:22	GEN.41.52	5
49:22	PSA.1.1-PSA.1.3	4
49:22	PSA.128.3	4
49:22	GEN.30.22-GEN.30.24	3
49:22	GEN.46.27	3
49:22	JOS.16.1-JOS.16.10	3
49:22	JOS.17.14-JOS.17.17	3
49:22	GEN.48.1	2
49:22	GEN.48.5	2
49:22	GEN.48.16	2
49:22	GEN.48.19-GEN.48.20	2
49:22	NUM.32.1-NUM.32.42	2
49:22	DEU.33.13-DEU.33.17	2
49:22	PSA.128.1	2
49:22	EZK.19.11	2
49:23	GEN.37.24	5
49:23	PSA.118.13	4
49:23	GEN.37.4	3
49:23	GEN.37.28	3
49:23	PSA.64.3	3
49:23	GEN.37.18	2
49:23	GEN.39.7-GEN.39.20	2
49:23	GEN.42.21	2
49:23	JHN.16.33	2
49:23	ACT.14.22	2
49:24	PSA.132.2	8
49:24	PSA.132.5	6
49:24	ISA.28.16	6
49:24	JOB.29.20	5
49:24	PSA.80.1	5
49:24	PSA.18.30	4
49:24	2TI.4.17	4
49:24	GEN.35.10-GEN.35.11	3
49:24	GEN.45.5	3
49:24	GEN.45.11	3
49:24	GEN.47.12	3
49:24	DEU.32.4	3
49:24	PSA.37.14-PSA.37.15	3
49:24	PSA.44.7	3
49:24	PSA.118.22	3
49:24	ISA.1.24	3
49:24	ISA.41.10	3
49:24	ROM.14.4	3
49:24	EPH.2.20	3
49:24	1PE.2.4-1PE.2.8	3
49:24	GEN.45.7	2
49:24	GEN.50.21	2
49:24	EXO.3.6	2
49:24	NUM.27.16-NUM.27.18	2
49:24	DEU.34.9	2
49:24	JOS.1.1-JOS.1.9	2
49:24	JOS.24.1-JOS.24.33	2
49:24	NEH.6.9	2
49:24	PSA.18.1	2
49:24	PSA.18.32-PSA.18.35	2
49:24	PSA.23.1	2
49:24	PSA.27.14	2
49:24	PSA.28.8	2
49:24	PSA.89.1	2
49:24	ISA.29.24	2
49:24	ISA.60.16	2
49:24	ZEC.3.9	2
49:24	ZEC.10.12	2
49:24	MAT.21.42	2
49:24	MRK.12.10	2
49:24	LUK.20.17	2
49:24	ACT.4.11	2
49:24	COL.1.11	2
49:25	GEN.28.13	10
49:25	GEN.35.11	10
49:25	PHP.4.19	7
49:25	GEN.43.23	6
49:25	DEU.8.17	6
49:25	DEU.28.2-DEU.28.12	6
49:25	DEU.33.13-DEU.33.17	6
49:25	GEN.27.28	5
49:25	DEU.33.1	5
49:25	1TI.4.8	5
49:25	GEN.28.21	4
49:25	GEN.35.3	4
49:25	PSA.85.12	4
49:25	1CO.3.21-1CO.3.22	4
49:25	EPH.1.3	4
49:25	GEN.17.1	3
49:25	MAT.6.33	3
49:25	PSA.84.11	2
49:26	DEU.33.15-DEU.33.16	9
49:26	HAB.3.6	4
49:26	GEN.27.27-GEN.27.29	2
49:26	GEN.27.39-GEN.27.40	2
49:26	GEN.28.3-GEN.28.4	2
49:26	GEN.37.28	2
49:26	NUM.6.2	2
49:26	PSA.89.36	2
49:26	PSA.105.17-PSA.105.22	2
49:26	PSA.132.18	2
49:26	ISA.54.10	2
49:26	ISA.66.5	2
49:26	EZK.37.25-EZK.37.26	2
49:26	JON.2.6	2
49:26	ACT.7.9	1
49:26	EPH.1.3	1
49:27	JDG.20.21	4
49:27	JDG.20.25	4
49:27	GEN.35.18	3
49:27	GEN.46.21	3
49:27	NUM.23.24	3
49:27	EZK.22.27	3
49:27	DEU.33.12	2
49:27	JDG.3.15-JDG.3.29	2
49:27	1SA.11.4-1SA.11.11	2
49:27	1SA.14.1-1SA.14.15	2
49:27	1SA.17.1-1SA.17.58	2
49:27	JER.5.6	2
49:27	EZK.22.25	2
49:27	HOS.13.7-HOS.13.8	2
49:27	ZEP.3.3	2
49:27	MAT.7.15	2
49:27	MAT.10.16	2
49:27	ACT.8.3	2
49:27	ACT.9.1	2
49:27	ACT.20.29	2
49:27	PHP.3.5	2
49:28	EST.8.11	4
49:28	EZK.39.8-EZK.39.10	4
49:28	REV.7.4	4
49:28	GEN.35.22	3
49:28	NUM.23.24	3
49:28	1KI.18.31	3
49:28	EST.8.7	3
49:28	EST.8.9	3
49:28	EST.9.1-EST.9.10	3
49:28	ZEC.14.1-ZEC.14.7	3
49:28	ACT.26.7	3
49:28	EXO.28.21	2
49:28	JAS.1.1	2
49:29	GEN.47.30	6
49:29	GEN.50.13	6
49:29	GEN.15.15	4
49:29	GEN.25.8-GEN.25.17	3
49:29	2SA.19.37	3
49:29	GEN.35.29	2
49:29	ROM.12.6-ROM.12.21	2
49:29	HEB.12.23	1
49:30	GEN.23.8-GEN.23.9	2
49:30	GEN.23.16-GEN.23.18	2
49:30	GEN.23.20	2
49:31	GEN.25.9	5
49:31	GEN.35.29	5
49:31	GEN.23.3	2
49:31	GEN.23.16-GEN.23.20	2
49:31	GEN.47.30	2
49:31	GEN.50.13	2
49:31	ACT.7.16	2
49:32	GEN.23.17-GEN.23.20	2
49:33	GEN.49.29	6
49:33	GEN.25.8	4
49:33	GEN.35.29	3
49:33	GEN.15.5	2
49:33	GEN.25.17	2
49:33	GEN.49.1	2
49:33	GEN.49.24-GEN.49.26	2
49:33	JOS.24.27-JOS.24.29	2
49:33	JOB.5.26	2
49:33	JOB.14.10	2
49:33	JOB.30.23	2
49:33	ECC.12.7	2
49:33	ISA.57.1-ISA.57.2	2
49:33	LUK.2.29	2
49:33	ACT.7.15	2
49:33	HEB.11.13-HEB.11.16	2
49:33	HEB.11.22	2
49:33	HEB.12.23	2
50:1	GEN.46.4	4
50:1	GEN.23.2	2
50:1	DEU.6.7-DEU.6.8	2
50:1	2KI.13.14	2
50:1	MRK.5.38-MRK.5.39	2
50:1	JHN.11.35-JHN.11.38	2
50:1	ACT.8.2	2
50:1	EPH.6.4	2
50:1	1TH.4.13	2
50:2	GEN.50.26	5
50:2	2CH.16.14	5
50:2	MRK.16.1	4
50:2	JHN.19.39-JHN.19.40	4
50:2	MAT.26.12	3
50:2	MRK.14.8	2
50:2	LUK.24.1	2
50:2	JHN.12.7	2
50:3	NUM.20.29	5
50:3	DEU.34.8	5
50:3	GEN.50.10	2
50:3	DEU.21.13	2
50:4	GEN.18.3	2
50:4	EST.4.2	2
50:5	2CH.16.14	5
50:5	ISA.22.16	5
50:5	MAT.27.60	4
50:5	GEN.47.29-GEN.47.31	3
50:5	GEN.3.19	2
50:5	GEN.48.21	2
50:5	GEN.49.29-GEN.49.30	2
50:5	GEN.50.24	2
50:5	DEU.4.22	2
50:5	1SA.14.43	2
50:5	JOB.30.23	2
50:5	PSA.79.3	2
50:5	ECC.6.3	2
50:5	ECC.12.5	2
50:5	ECC.12.7	2
50:5	MAT.8.21-MAT.8.22	2
50:5	LUK.9.59-LUK.9.60	2
50:6	GEN.48.21	2
50:7	GEN.14.16	2
50:8	EXO.10.8-EXO.10.9	2
50:8	EXO.10.26	2
50:8	NUM.32.24-NUM.32.27	2
50:9	GEN.41.43	2
50:9	GEN.46.29	2
50:9	EXO.14.7	2
50:9	EXO.14.17	2
50:9	EXO.14.28	2
50:9	2KI.18.24	2
50:9	SNG.1.9	2
50:9	ACT.8.2	2
50:10	JOB.2.13	6
50:10	ACT.8.2	6
50:10	2SA.1.17	5
50:10	1SA.31.13	4
50:10	GEN.50.4	3
50:10	GEN.50.11	3
50:10	NUM.19.11	3
50:10	DEU.1.1	3
50:10	DEU.34.8	3
50:11	GEN.10.15-GEN.10.19	3
50:11	GEN.24.6	3
50:11	GEN.13.7	2
50:11	GEN.34.30	2
50:11	GEN.50.10	2
50:11	DEU.3.25	2
50:11	DEU.3.27	2
50:11	DEU.11.30	2
50:11	1SA.6.18	2
50:12	GEN.49.29-GEN.49.32	3
50:12	ACT.7.16	3
50:12	GEN.47.29-GEN.47.31	2
50:12	EXO.20.12	2
50:12	EPH.6.1	2
50:13	GEN.23.16-GEN.23.18	3
50:13	GEN.49.29-GEN.49.31	3
50:13	ACT.7.16	3
50:13	GEN.23.20	2
50:13	GEN.25.9	2
50:13	GEN.35.27	2
50:13	GEN.35.29	2
50:13	2KI.21.18	2
50:15	PRO.28.1	5
50:15	GEN.27.41-GEN.27.42	3
50:15	GEN.42.21-GEN.42.22	3
50:15	LEV.26.36	3
50:15	JOB.15.21-JOB.15.22	3
50:15	PSA.14.5	3
50:15	PSA.53.5	3
50:15	GEN.37.28	2
50:15	GEN.42.17	2
50:15	ROM.2.15	2
50:16	PRO.29.25	5
50:17	MAT.6.14-MAT.6.15	4
50:17	EPH.4.32	4
50:17	GEN.45.4-GEN.45.5	3
50:17	GEN.45.8	3
50:17	GEN.49.25	3
50:17	PSA.21.11	3
50:17	PRO.28.13	3
50:17	LUK.17.3-LUK.17.4	3
50:17	GEN.31.42	2
50:17	GEN.42.21-GEN.42.24	2
50:17	GEN.50.20	2
50:17	JOB.33.27-JOB.33.28	2
50:17	MAT.6.12	2
50:17	MAT.10.42	2
50:17	MAT.18.35	2
50:17	MAT.25.40	2
50:17	MRK.10.41	2
50:17	GAL.6.10	2
50:17	GAL.6.16	2
50:17	COL.3.12-COL.3.13	2
50:17	PHM.1.8-PHM.1.20	2
50:17	JAS.5.16	2
50:18	GEN.37.7-GEN.37.11	5
50:18	GEN.27.29	3
50:18	GEN.42.6	3
50:18	GEN.44.14	3
50:18	GEN.45.3	3
50:19	ROM.12.19	7
50:19	GEN.30.2	3
50:19	GEN.45.5	3
50:19	2KI.5.7	2
50:19	HEB.10.30	2
50:19	DEU.32.35	1
50:19	JOB.34.19-JOB.34.29	1
50:19	MAT.14.27	1
50:19	LUK.24.37-LUK.24.38	0
50:20	ROM.8.28	155
50:20	PSA.119.71	95
50:20	GEN.45.5-GEN.45.8	59
50:20	GEN.37.18-GEN.37.20	34
50:20	PSA.105.16-PSA.105.17	32
50:20	ACT.2.23	31
50:20	ACT.3.13-ACT.3.15	25
50:20	GEN.37.4	22
50:20	ACT.3.26	22
50:20	PSA.56.5	19
50:20	ISA.10.7	11
50:20	PSA.76.10	10
50:21	GEN.47.12	8
50:21	1PE.3.9	6
50:21	GEN.45.10-GEN.45.11	4
50:21	ISA.40.2	3
50:21	MAT.5.44	3
50:21	MAT.6.14	3
50:21	ROM.12.20-ROM.12.21	3
50:21	1TH.5.15	3
50:23	NUM.32.39	6
50:23	GEN.30.3	5
50:23	JOB.42.16	5
50:23	GEN.48.19	3
50:23	NUM.32.33	3
50:23	JOS.17.1	3
50:23	PSA.128.6	3
50:23	GEN.49.12	2
50:24	EXO.3.16-EXO.3.17	11
50:24	GEN.26.3	9
50:24	GEN.35.12	9
50:24	GEN.28.13	7
50:24	GEN.46.4	7
50:24	GEN.48.21	7
50:24	GEN.13.17	5
50:24	GEN.15.18	5
50:24	GEN.13.15	4
50:24	GEN.15.7	4
50:24	GEN.15.14-GEN.15.16	4
50:24	GEN.12.7	3
50:24	HEB.11.22	3
50:24	GEN.3.19	2
50:24	GEN.17.8	2
50:24	GEN.21.1	2
50:24	GEN.50.5	2
50:24	EXO.4.31	2
50:24	EXO.33.1	2
50:24	NUM.32.11	2
50:24	DEU.1.8	2
50:24	DEU.6.10	2
50:24	JOB.30.23	2
50:24	ECC.12.5	2
50:24	ECC.12.7	2
50:24	ROM.5.12	2
50:24	HEB.9.27	2
50:25	JOS.24.32	10
50:25	EXO.13.19	9
50:25	ACT.7.16	6
50:25	GEN.47.29-GEN.47.31	5
50:25	HEB.11.22	5
50:25	GEN.50.5	3
50:26	GEN.47.9	2
50:26	GEN.47.28	2
50:26	GEN.50.2-GEN.50.3	2
50:26	GEN.50.22	2
50:26	JOS.24.29	2
