# chapter:verse	to	votes (most first)
1:1	2PE.1.20-2PE.1.21	46
1:1	JOL.2.28	24
1:1	NUM.12.6-NUM.12.8	23
1:1	LUK.24.27	21
1:1	1PE.1.10-1PE.1.12	18
1:1	GEN.46.2-GEN.46.4	13
1:1	LUK.1.55	12
1:1	GEN.12.1-GEN.12.3	9
1:1	ACT.2.30	9
1:1	LUK.24.44	8
1:1	ACT.13.32	8
1:1	ACT.28.23	7
1:1	HEB.2.2	7
1:1	EXO.3.1-EXO.3.22	6
1:1	LUK.1.72	6
1:1	JHN.7.22	6
1:1	JHN.9.29	5
1:1	GEN.3.15	4
1:1	GEN.6.13-GEN.6.22	4
1:1	GEN.8.15-GEN.8.19	4
1:1	GEN.9.1-GEN.9.17	4
1:1	GEN.26.2-GEN.26.5	4
1:1	GEN.28.12-GEN.28.15	4
1:1	GEN.6.3	3
1:1	GEN.32.24-GEN.32.30	3
1:2	JHN.1.3	37
1:2	1CO.8.6	34
1:2	COL.1.16-COL.1.18	34
1:2	JHN.1.14	28
1:2	1PE.1.20	27
1:2	MAT.28.18	22
1:2	JHN.13.3	18
1:2	PHP.2.9-PHP.2.11	15
1:2	MAT.17.5	13
1:2	ROM.8.17	11
1:2	JHN.1.17-JHN.1.18	10
1:2	HEB.5.8	10
1:2	HEB.11.3	10
1:2	MAT.21.38	9
1:2	EPH.1.10	9
1:2	ISA.44.24	8
1:2	MAT.26.63	8
1:2	JHN.3.16	8
1:2	DEU.18.15	7
1:2	DEU.4.30	6
1:2	ISA.2.2	6
1:2	JHN.15.15	6
1:2	EPH.3.9	6
1:2	HEB.1.5	6
1:2	HEB.2.3	6
1:2	HEB.7.3	6
1:2	ISA.53.10-ISA.53.12	5
1:2	JER.30.24	5
1:2	MIC.4.1	5
1:2	ACT.10.36	5
1:2	GAL.4.4	5
1:2	PRO.8.22-PRO.8.31	4
1:2	ISA.9.6-ISA.9.7	4
1:2	MRK.1.1	4
1:2	MRK.12.6	4
1:2	JHN.16.15	4
1:2	JHN.17.2	4
1:2	ACT.2.17	4
1:2	ROM.1.4	4
1:2	HEB.2.8-HEB.2.9	4
1:2	JUD.1.18	4
1:2	DEU.31.29	3
1:2	PSA.2.6-PSA.2.9	3
1:2	ISA.45.18	3
1:2	EZK.38.16	3
1:2	DAN.10.14	3
1:2	1CO.15.25-1CO.15.27	3
1:2	GEN.49.1	2
1:2	HOS.3.5	2
1:2	EPH.1.20-EPH.1.23	2
1:2	HEB.1.8	2
1:2	2PE.3.3	2
1:2	NUM.24.14	1
1:2	ISA.45.12	1
1:2	HEB.9.26	1
1:2	JER.48.47	0
1:2	DAN.2.28	0
1:2	MAT.3.17	0
1:2	JHN.3.25	0
1:3	COL.1.15-COL.1.17	74
1:3	REV.4.11	40
1:3	JHN.14.9-JHN.14.10	26
1:3	JHN.1.14	25
1:3	2CO.4.4	21
1:3	JHN.1.4	17
1:3	HEB.10.12	17
1:3	HEB.12.2	17
1:3	2CO.4.6-2CO.4.7	14
1:3	HEB.9.26	13
1:3	JUD.1.25	13
1:3	1PE.3.22	11
1:3	HEB.8.1	10
1:3	1JN.1.7	10
1:3	1JN.3.5	10
1:3	MRK.16.19	9
1:3	JHN.1.29	9
1:3	ACT.2.33	9
1:3	EPH.1.20-EPH.1.22	9
1:3	HEB.4.14	9
1:3	2PE.1.16	9
1:3	REV.3.21	9
1:3	ACT.7.56	8
1:3	PSA.75.3	7
1:3	PSA.110.1	7
1:3	ROM.8.34	7
1:3	COL.3.1	7
1:3	HEB.7.27	7
1:3	HEB.9.12-HEB.9.14	7
1:3	1PE.1.21	7
1:3	1CH.29.11	6
1:3	LUK.20.42-LUK.20.43	6
1:3	JOB.37.22	4
1:3	ECC.8.4	4
1:3	MIC.5.4	4
1:3	ROM.1.16	4
1:3	HEB.9.16	1
1:4	EPH.1.21	23
1:4	PHP.2.9-PHP.2.11	19
1:4	1PE.3.22	17
1:4	HEB.2.9	13
1:4	REV.5.11-REV.5.12	11
1:4	PSA.2.7-PSA.2.8	6
1:4	2TH.1.7	6
1:4	COL.1.18	5
1:4	COL.2.10	5
1:4	HEB.1.9	3
1:5	PSA.2.7	72
1:5	ACT.13.33	46
1:5	HEB.5.5	37
1:5	2SA.7.14	25
1:5	1CH.17.13	20
1:5	1CH.22.10	18
1:5	PSA.89.26-PSA.89.27	18
1:5	1CH.28.6	9
1:6	PSA.97.7	20
1:6	DEU.32.43	19
1:6	1PE.3.22	19
1:6	COL.1.18	18
1:6	COL.1.15	17
1:6	JHN.1.14	10
1:6	REV.5.9-REV.5.12	8
1:6	REV.1.5	7
1:6	ROM.8.29	6
1:6	PRO.8.24-PRO.8.25	5
1:6	LUK.2.9-LUK.2.14	4
1:6	HEB.1.5	4
1:6	1JN.4.9	3
1:6	HEB.10.5	2
1:6	JHN.1.18	1
1:6	JHN.3.16	1
1:7	PSA.104.4	48
1:7	HEB.1.14	16
1:7	2KI.6.17	13
1:7	2KI.2.11	9
1:7	EZK.1.13-EZK.1.14	7
1:7	ZEC.6.5	7
1:7	DAN.7.10	4
1:7	ISA.6.2	0
1:8	PSA.45.6-PSA.45.7	92
1:8	ISA.9.6-ISA.9.7	23
1:8	JER.23.5-JER.23.6	16
1:8	ROM.9.5	16
1:8	1JN.5.20	16
1:8	JHN.10.30	15
1:8	ISA.7.14	12
1:8	MAT.1.23	11
1:8	HEB.3.3-HEB.3.4	10
1:8	PSA.145.13	8
1:8	ZEC.9.9	6
1:8	MAL.3.1	6
1:8	JHN.20.28	6
1:8	TIT.2.13-TIT.2.14	6
1:8	1CO.15.25	5
1:8	2SA.23.3	4
1:8	PSA.99.4	4
1:8	HOS.1.7	4
1:8	ISA.32.1-ISA.32.2	3
1:8	DEU.2.37	2
1:8	PSA.72.1-PSA.72.4	2
1:8	1TI.3.16	2
1:8	PSA.72.7	1
1:8	PSA.72.11-PSA.72.14	1
1:8	ISA.45.21-ISA.45.22	1
1:8	ISA.45.25	1
1:8	JER.38.15	1
1:8	ZEC.13.9	1
1:8	LUK.1.16-LUK.1.17	1
1:8	JHN.10.33	1
1:8	2PE.1.11	1
1:8	DEU.7.14	0
1:9	PSA.45.7	41
1:9	PSA.23.5	17
1:9	ISA.61.3	15
1:9	GAL.5.22	10
1:9	ISA.61.1	8
1:9	ROM.15.13	8
1:9	PRO.8.13	6
1:9	AMO.5.15	6
1:9	LUK.4.18	6
1:9	ISA.61.8	5
1:9	1JN.1.3	5
1:9	PSA.119.104	4
1:9	PSA.119.128	4
1:9	1PE.1.3	4
1:9	PSA.11.5	3
1:9	PSA.33.5	3
1:9	PSA.89.20	3
1:9	ZEC.8.17	3
1:9	JHN.1.41	3
1:9	JHN.20.17	3
1:9	1CO.1.9	3
1:9	EPH.1.3	3
1:9	PHP.2.9	3
1:9	HEB.7.26	3
1:9	REV.2.6-REV.2.7	3
1:9	PSA.2.2	2
1:9	PSA.2.6	2
1:9	PSA.37.28	2
1:9	PSA.40.8	2
1:9	PSA.89.26	2
1:9	JHN.3.34	2
1:9	ACT.4.27	2
1:9	ACT.10.38	2
1:9	ROM.12.9	2
1:9	2CO.11.31	2
1:9	REV.2.15	2
1:9	HEB.2.11	1
1:10	PSA.102.25-PSA.102.27	47
1:10	GEN.1.1	31
1:10	JHN.1.1-JHN.1.3	30
1:10	JER.32.17	22
1:10	ISA.48.13	15
1:10	PSA.8.3-PSA.8.4	14
1:10	ISA.42.5	10
1:10	ZEC.12.1	8
1:10	PRO.8.29	7
1:10	ISA.51.13	6
1:10	ISA.64.8	6
1:10	REV.3.14	6
1:10	DEU.4.19	5
1:10	PSA.19.1	5
1:11	ISA.51.6	23
1:11	MRK.13.31	17
1:11	LUK.21.33	13
1:11	MAT.24.35	12
1:11	ISA.34.4	7
1:11	REV.21.1	5
1:11	PSA.10.16	4
1:11	PSA.90.2	3
1:11	ISA.65.17	3
1:11	PSA.29.10	2
1:11	ISA.41.4	2
1:11	ISA.50.9	2
1:11	HEB.12.27	2
1:11	2PE.3.7-2PE.3.10	2
1:11	REV.1.11	2
1:11	REV.2.8	2
1:11	REV.20.11	2
1:11	ISA.44.6	1
1:11	ISA.51.8	1
1:11	REV.1.17-REV.1.18	1
1:12	PSA.102.26-PSA.102.27	30
1:12	HEB.13.8	14
1:12	JAS.1.17	4
1:12	JHN.8.58	2
1:12	EXO.3.14	1
1:12	PSA.90.4	1
1:13	PSA.110.1	34
1:13	MRK.12.36	19
1:13	MAT.22.44	15
1:13	HEB.10.12-HEB.10.13	15
1:13	ACT.2.34-ACT.2.36	12
1:13	1CO.15.25-1CO.15.26	12
1:13	HEB.1.3	11
1:13	PSA.132.18	7
1:13	LUK.20.42	7
1:13	ACT.7.55	7
1:13	REV.19.11-REV.19.21	6
1:13	PSA.21.8-PSA.21.9	4
1:13	JOS.10.24	3
1:13	ISA.63.3-ISA.63.6	3
1:13	LUK.19.27	3
1:13	REV.20.15	3
1:14	PSA.34.7	36
1:14	PSA.103.20-PSA.103.21	33
1:14	PSA.91.11-PSA.91.12	31
1:14	DAN.6.22	24
1:14	MAT.18.10	24
1:14	ACT.27.23	22
1:14	ACT.5.19	20
1:14	ACT.10.3-ACT.10.4	19
1:14	LUK.1.19	17
1:14	ACT.12.7	16
1:14	MAT.1.20	15
1:14	DAN.3.28	14
1:14	LUK.16.22	13
1:14	ACT.12.23	12
1:14	GEN.32.1-GEN.32.2	11
1:14	LUK.2.9	10
1:14	LUK.2.13	10
1:14	PSA.104.4	9
1:14	DAN.10.11-DAN.10.12	9
1:14	MAT.13.49-MAT.13.50	9
1:14	DAN.9.21-DAN.9.23	8
1:14	MAT.2.13	7
1:14	GEN.19.15-GEN.19.16	6
1:14	MAT.13.41	5
1:14	MAT.24.31	5
1:14	1PE.1.12	5
1:14	JOB.1.6	4
1:14	ISA.6.2-ISA.6.3	4
1:14	DAN.7.10	4
1:14	MAT.25.34	4
1:14	2TH.1.7	4
1:14	TIT.3.7	4
1:14	JUD.1.14	4
1:14	GEN.32.24	3
1:14	1KI.22.19	3
1:14	REV.5.6	3
1:14	ACT.11.22	2
1:14	ACT.13.2	2
1:14	ROM.13.6	2
1:14	ROM.15.16	2
1:14	ROM.15.27	2
1:14	2CO.9.12	2
1:14	PHP.2.25	2
1:14	HEB.6.17	2
1:14	LUK.1.23	1
1:14	ACT.16.26	1
1:14	ROM.8.17	1
1:14	GAL.3.7	1
1:14	GAL.3.9	1
1:14	HEB.6.12	1
1:14	HEB.8.6	1
1:14	HEB.10.11	1
1:14	JAS.2.5	1
1:14	1PE.1.4	1
1:14	1PE.3.7	1
1:14	GAL.3.29	0
1:14	EPH.3.6	0
1:14	PHP.2.17	0
1:14	HEB.5.9	0
2:1	LUK.8.15	35
2:1	2PE.1.12-2PE.1.13	30
2:1	PRO.7.1-PRO.7.2	29
2:1	PRO.2.1-PRO.2.6	23
2:1	DEU.4.9	22
2:1	HEB.1.1-HEB.1.2	22
2:1	2PE.3.1	21
2:1	JOS.23.11-JOS.23.12	17
2:1	2PE.1.15	17
2:1	PRO.3.21	16
2:1	PRO.4.20-PRO.4.22	15
2:1	PSA.119.9	14
2:1	PRO.4.1-PRO.4.4	14
2:1	DEU.32.46-DEU.32.47	9
2:1	1CH.22.13	9
2:1	HEB.12.5	8
2:1	DEU.4.23	7
2:1	MAT.16.9	7
2:1	MRK.8.18	7
2:1	HEB.2.2-HEB.2.4	5
2:1	HEB.12.25-HEB.12.26	5
2:1	HAB.2.16	4
2:1	LUK.9.44	3
2:2	ACT.7.53	22
2:2	GAL.3.19	12
2:2	HEB.10.28	8
2:2	JUD.1.5	8
2:2	DEU.27.26	7
2:2	NUM.21.6	4
2:2	DEU.4.3-DEU.4.4	4
2:2	DEU.17.5	4
2:2	DEU.17.12	4
2:2	HEB.10.35	4
2:2	HEB.11.26	4
2:2	EXO.32.27-EXO.32.28	3
2:2	LEV.10.1-LEV.10.2	3
2:2	LEV.24.14-LEV.24.16	3
2:2	NUM.11.33	3
2:2	NUM.14.28-NUM.14.37	3
2:2	NUM.15.30-NUM.15.36	3
2:2	NUM.16.31-NUM.16.35	3
2:2	NUM.16.49	3
2:2	NUM.20.11-NUM.20.12	3
2:2	PSA.68.17	3
2:2	1CO.10.5-1CO.10.12	3
2:2	HEB.1.1	3
2:2	HEB.11.6	3
2:2	NUM.25.9	2
2:2	DEU.17.2	2
2:2	DEU.32.2	2
2:3	HEB.10.28-HEB.10.29	18
2:3	HEB.12.25	11
2:3	HEB.5.9	9
2:3	ACT.4.12	8
2:3	EZK.17.15	7
2:3	ROM.2.3	7
2:3	1PE.4.17-1PE.4.18	7
2:3	ISA.12.2	5
2:3	MAT.23.33	5
2:3	LUK.1.2	5
2:3	JHN.3.16-JHN.3.18	5
2:3	HEB.1.2	5
2:3	HEB.4.11	5
2:3	REV.6.16-REV.6.17	5
2:3	REV.7.10	5
2:3	ISA.51.5	4
2:3	ISA.62.11	4
2:3	MRK.16.15-MRK.16.20	4
2:3	1TI.1.15	4
2:3	HEB.7.25-HEB.7.26	4
2:3	MRK.1.14	3
2:3	LUK.24.47-LUK.24.48	3
2:3	JHN.15.27	3
2:3	ACT.1.22	3
2:3	TIT.2.11	3
2:3	HEB.4.1	3
2:3	ISA.51.8	2
2:3	EZK.17.18	2
2:3	MAT.4.17	2
2:3	ACT.10.40-ACT.10.42	2
2:3	ISA.20.6	1
2:3	LUK.24.19	1
2:3	ACT.2.22	1
2:3	LUK.1.69	0
2:3	1TH.5.3	0
2:4	ACT.14.3	13
2:4	MRK.16.20	8
2:4	EPH.1.5	8
2:4	ROM.15.18-ROM.15.19	6
2:4	1CO.12.4-1CO.12.11	6
2:4	EPH.4.8-EPH.4.11	6
2:4	JHN.4.48	5
2:4	ACT.19.11-ACT.19.12	5
2:4	DAN.4.35	4
2:4	JHN.15.26	3
2:4	ACT.3.15-ACT.3.16	3
2:4	ACT.2.32-ACT.2.33	2
2:4	EPH.1.9	2
2:4	ACT.4.10	1
2:5	REV.11.15	10
2:5	2PE.3.13	9
2:5	HEB.6.5	6
2:6	PSA.8.4-PSA.8.8	42
2:6	PSA.144.3	30
2:6	JOB.7.17-JOB.7.18	22
2:6	ISA.51.12	6
2:6	JOB.15.14	4
2:6	JOB.25.6	4
2:6	HEB.4.4	3
2:6	GEN.50.24	1
2:6	LUK.7.16	1
2:6	1PE.1.11	1
2:6	ISA.40.17	0
2:6	LUK.1.68	0
2:6	LUK.1.78	0
2:6	HEB.5.6	0
2:7	PSA.8.5	23
2:7	PHP.2.6-PHP.2.7	2
2:8	JHN.13.3	18
2:8	1CO.15.27	12
2:8	PSA.8.6	10
2:8	DAN.7.14	7
2:8	1PE.3.22	7
2:8	1CO.15.24-1CO.15.25	6
2:8	EPH.1.21-EPH.1.22	6
2:8	PHP.2.9-PHP.2.11	5
2:8	JHN.3.35	4
2:8	HEB.1.13	4
2:8	REV.1.18	4
2:8	REV.5.11-REV.5.13	4
2:8	PSA.2.6	3
2:8	MAT.28.18	3
2:8	HEB.2.5	3
2:8	REV.1.5	3
2:8	JOB.30.1-JOB.30.12	2
2:8	JOB.41.1-JOB.41.34	1
2:9	PHP.2.7-PHP.2.9	19
2:9	REV.5.9	15
2:9	ROM.5.18	12
2:9	1JN.2.2	12
2:9	1JN.4.9-1JN.4.10	12
2:9	ACT.2.33	11
2:9	JHN.3.16	10
2:9	2CO.5.15	10
2:9	JHN.1.29	9
2:9	ROM.5.8	9
2:9	HEB.10.5	9
2:9	JHN.12.32	8
2:9	GEN.3.15	7
2:9	ISA.53.2-ISA.53.10	7
2:9	HEB.7.25	7
2:9	ROM.8.32	6
2:9	2CO.5.21-2CO.6.1	6
2:9	1TI.2.6	6
2:9	HEB.8.3	6
2:9	ISA.7.14	5
2:9	ACT.3.13	5
2:9	GAL.4.4	5
2:9	1PE.1.21	5
2:9	PSA.21.3-PSA.21.5	4
2:9	MAT.16.28	4
2:9	JHN.8.52	4
2:9	JHN.10.17	4
2:9	ROM.8.3	4
2:9	ISA.11.1	3
2:9	MAT.6.28	3
2:9	MRK.9.1	3
2:9	HEB.2.7	3
2:9	REV.19.12	3
2:9	LUK.9.27	2
2:10	ROM.11.36	13
2:10	COL.1.16-COL.1.17	8
2:10	HEB.5.8-HEB.5.9	8
2:10	LUK.24.26	7
2:10	LUK.24.46	7
2:10	ACT.5.31	7
2:10	1CO.8.6	7
2:10	HEB.6.20	7
2:10	HEB.12.2	7
2:10	1PE.5.10	6
2:10	1JN.3.1-1JN.3.2	6
2:10	ROM.9.25-ROM.9.26	5
2:10	EPH.3.10	5
2:10	HEB.7.28	5
2:10	JOS.5.14-JOS.5.15	4
2:10	PRO.16.4	4
2:10	ACT.3.15	4
2:10	ROM.8.29-ROM.8.30	4
2:10	ROM.9.23	4
2:10	2CO.3.18	4
2:10	GAL.3.26	4
2:10	EPH.1.5-EPH.1.8	4
2:10	EPH.2.7	4
2:10	COL.3.4	4
2:10	2TI.2.10	4
2:10	REV.4.11	4
2:10	GEN.18.25	3
2:10	ISA.43.21	3
2:10	ISA.55.4	3
2:10	HOS.8.10	3
2:10	MIC.2.13	3
2:10	LUK.2.14	3
2:10	LUK.13.32	3
2:10	JHN.11.52	3
2:10	JHN.19.30	3
2:10	ROM.8.14-ROM.8.18	3
2:10	1CO.2.7	3
2:10	2CO.4.17	3
2:10	2CO.5.18	3
2:10	2CO.6.18	3
2:10	1PE.1.12	3
2:10	1PE.5.1	3
2:10	REV.7.9	3
2:10	ROM.3.25-ROM.3.26	2
2:10	HEB.7.26	1
2:11	ROM.8.29	11
2:11	HEB.10.10	11
2:11	JHN.20.17	10
2:11	HEB.10.14	10
2:11	HEB.13.12	10
2:11	MAT.12.48-MAT.12.50	9
2:11	JHN.17.19	8
2:11	JHN.17.21	8
2:11	MAT.25.40	5
2:11	ACT.17.26	5
2:11	GAL.4.4	5
2:11	HEB.2.14	5
2:11	MAT.28.10	4
2:11	MRK.8.38	4
2:11	ACT.17.28	4
2:11	HEB.11.16	4
2:11	LUK.9.26	2
2:12	PSA.22.22	39
2:12	PSA.40.10	8
2:12	JHN.18.20	5
2:12	PSA.111.1	4
2:12	PSA.22.25	2
2:13	ISA.8.17-ISA.8.18	27
2:13	ISA.12.2	12
2:13	PSA.91.2	7
2:13	GEN.48.9	5
2:13	JHN.10.29	5
2:13	1CO.4.15	4
2:13	GEN.33.5	3
2:13	2SA.22.3	3
2:13	PSA.18.2	3
2:13	PSA.36.7-PSA.36.8	3
2:13	PSA.16.1	2
2:13	PSA.127.3	2
2:13	ISA.50.7-ISA.50.9	2
2:13	ISA.53.10	2
2:13	JHN.17.6-JHN.17.12	2
2:13	MAT.27.43	1
2:14	2TI.1.10	44
2:14	ROM.8.3	33
2:14	COL.2.15	25
2:14	1CO.15.54-1CO.15.57	24
2:14	JHN.1.14	17
2:14	ISA.25.8	15
2:14	HOS.13.14	15
2:14	JHN.12.31-JHN.12.33	15
2:14	HEB.9.15	14
2:14	1CO.15.50	11
2:14	1JN.3.8-1JN.3.10	11
2:14	PHP.2.7-PHP.2.8	9
2:14	ISA.53.12	8
2:14	ROM.14.9	8
2:14	REV.1.18	8
2:14	HEB.2.18	6
2:14	GEN.3.15	5
2:14	ISA.7.14	5
2:14	JHN.12.24	5
2:14	GAL.4.4	5
2:14	REV.2.10	5
2:14	1TI.3.16	4
2:14	HEB.4.15	4
2:14	REV.12.9	4
2:14	REV.20.2	4
2:14	MAT.25.41	3
2:15	ROM.8.15	19
2:15	2TI.1.7	14
2:15	LUK.1.74-LUK.1.75	11
2:15	PSA.55.4	9
2:15	ROM.8.21	9
2:15	2CO.1.10	9
2:15	PSA.89.48	7
2:15	1CO.15.50-1CO.15.57	7
2:15	JOB.24.17	5
2:15	JOB.33.21-JOB.33.28	5
2:15	PSA.56.13	5
2:15	JOB.18.11	4
2:15	PSA.33.19	4
2:15	JOB.18.14	3
2:15	PSA.73.19	3
2:15	GAL.4.21	2
2:16	GAL.3.29	8
2:16	ROM.4.16-ROM.4.25	5
2:16	GAL.3.16	5
2:16	GEN.22.18	3
2:16	ROM.2.25	1
2:16	HEB.6.16	1
2:16	HEB.12.10	1
2:16	MAT.1.1-MAT.1.17	0
2:16	1PE.1.20	0
2:17	PHP.2.7-PHP.2.8	15
2:17	HEB.2.14	15
2:17	HEB.4.14-HEB.5.2	15
2:17	ROM.5.10	8
2:17	2CO.5.18-2CO.5.21	6
2:17	HEB.7.26	6
2:17	DAN.9.24	5
2:17	HEB.2.11	5
2:17	HEB.3.5	5
2:17	COL.1.21	4
2:17	LEV.8.15	3
2:17	ROM.15.17	3
2:17	EPH.2.16	3
2:17	HEB.7.28	3
2:17	LEV.6.30	2
2:17	2CH.29.24	2
2:17	ISA.11.5	2
2:17	EZK.45.15	2
2:17	EZK.45.17	2
2:17	EZK.45.20	2
2:17	HEB.3.2	2
2:18	1CO.10.13	30
2:18	HEB.4.15-HEB.4.16	21
2:18	HEB.7.25-HEB.7.26	18
2:18	JUD.1.24	16
2:18	HEB.5.2	12
2:18	2TI.1.12	9
2:18	REV.3.10	9
2:18	2PE.2.9	8
2:18	JHN.10.29	7
2:18	LUK.22.53	6
2:18	MAT.4.1-MAT.4.10	5
2:18	MAT.26.37-MAT.26.39	5
2:18	HEB.5.7-HEB.5.9	5
2:18	PHP.3.21	4
2:18	2CO.12.7-2CO.12.10	1
3:1	PHP.3.14	22
3:1	2TI.1.9	21
3:1	HEB.4.14-HEB.4.15	16
3:1	1PE.2.9	14
3:1	EPH.4.1	13
3:1	HEB.7.26	13
3:1	EPH.4.4	11
3:1	HEB.2.17	11
3:1	ROM.8.28-ROM.8.30	10
3:1	HEB.10.21	10
3:1	1CO.9.23	9
3:1	1TH.2.12	9
3:1	ROM.15.8	8
3:1	1TI.6.12	8
3:1	2TI.2.7	8
3:1	HEB.2.11	8
3:1	PSA.110.4	7
3:1	HAG.1.5	7
3:1	JHN.20.21	6
3:1	JUD.1.1	6
3:1	ROM.1.6-ROM.1.7	5
3:1	ROM.9.24	5
3:1	1CO.1.2	5
3:1	2TH.1.11	5
3:1	HEB.3.14	5
3:1	ISA.1.3	4
3:1	2TH.2.14	4
3:1	ISA.5.12	3
3:1	ISA.41.20	3
3:1	EZK.12.3	3
3:1	EZK.18.28	3
3:1	HAG.2.15	3
3:1	JHN.20.27	3
3:1	ROM.11.17	3
3:1	ROM.15.27	3
3:1	2CO.1.7	3
3:1	COL.1.12	3
3:1	COL.1.22	3
3:1	COL.3.12	3
3:1	1TH.5.27	3
3:1	1TI.6.2	3
3:1	1PE.5.10	3
3:1	1CO.10.17	2
3:1	HEB.5.1-HEB.5.10	2
3:1	HEB.6.20	2
3:1	HEB.8.1-HEB.8.3	2
3:1	HEB.9.11	2
3:1	1PE.3.5	2
3:1	1PE.5.1	2
3:1	1JN.1.3	2
3:1	REV.17.14	2
3:1	REV.18.20	2
3:1	EPH.3.6	1
3:1	2PE.1.3-2PE.1.10	1
3:2	NUM.12.7	9
3:2	1TI.3.15	6
3:2	JHN.6.38-JHN.6.40	4
3:2	EPH.2.22	4
3:2	HEB.3.5-HEB.3.6	4
3:2	JHN.17.4	3
3:2	HEB.2.17	3
3:2	DEU.4.5	2
3:2	JHN.7.18	2
3:2	JHN.15.10	2
3:2	1TI.1.12	2
3:2	1SA.12.6	1
3:2	JHN.8.29	1
3:3	1CO.3.9	10
3:3	ZEC.6.12-ZEC.6.13	7
3:3	1PE.2.5-1PE.2.7	7
3:3	HEB.2.9	6
3:3	HEB.1.2-HEB.1.4	4
3:3	HEB.3.6	4
3:3	ZEC.4.9	3
3:3	MAT.16.18	3
3:3	COL.1.18	3
3:4	HEB.1.2	5
3:4	HEB.3.3	3
3:5	NUM.12.7	11
3:5	HEB.3.2	8
3:5	EXO.14.31	7
3:5	PSA.105.26	6
3:5	ACT.28.23	6
3:5	DEU.18.15-DEU.18.19	4
3:5	DEU.34.5	4
3:5	JOS.1.2	4
3:5	1TI.1.12	4
3:5	HEB.8.5	4
3:5	JOS.8.31	3
3:5	LUK.24.27	3
3:5	LUK.24.44	3
3:5	JHN.5.39	3
3:5	JHN.5.46-JHN.5.47	3
3:5	ACT.3.22-ACT.3.23	3
3:5	ROM.3.21	3
3:5	HEB.9.24	3
3:5	1PE.1.10-1PE.1.12	3
3:5	DEU.3.24	2
3:5	JOS.1.7	2
3:5	JOS.1.15	2
3:5	JOS.8.33	2
3:5	MAT.24.45	2
3:5	MAT.25.21	2
3:5	LUK.12.42	2
3:5	LUK.16.10-LUK.16.12	2
3:5	ACT.7.37	2
3:5	1CO.4.2	2
3:5	HEB.9.8-HEB.9.13	2
3:5	NEH.9.14	1
3:6	2CO.6.16	12
3:6	1CO.3.16	11
3:6	HEB.10.35	11
3:6	1PE.2.5	10
3:6	1CO.6.19	9
3:6	HEB.6.11	9
3:6	HEB.3.14	6
3:6	HEB.4.11	6
3:6	HEB.10.23	6
3:6	MAT.10.22	5
3:6	COL.1.23	5
3:6	1TI.3.15	5
3:6	HEB.1.2	5
3:6	HEB.4.14	5
3:6	HEB.10.38-HEB.10.39	5
3:6	1PE.1.3-1PE.1.6	5
3:6	REV.3.11	5
3:6	MAT.24.13	4
3:6	ROM.15.13	4
3:6	1TH.5.16	4
3:6	PSA.2.12	3
3:6	2TH.2.16	3
3:6	REV.2.18	3
3:6	REV.2.25	3
3:6	ROM.5.2	2
3:6	ROM.11.22	2
3:6	GAL.6.9	2
3:6	EPH.2.21-EPH.2.22	2
3:6	HEB.3.2-HEB.3.3	2
3:6	1PE.1.8	2
3:6	PSA.2.6-PSA.2.7	1
3:6	ISA.9.6-ISA.9.7	1
3:6	MAT.16.18	1
3:6	JHN.3.35-JHN.3.36	1
3:6	ROM.12.12	1
3:7	PSA.95.7-PSA.95.11	136
3:7	HEB.3.15	97
3:7	ISA.55.3	75
3:7	REV.3.20	71
3:7	HEB.4.7	65
3:7	JHN.10.27	58
3:7	PSA.81.13	54
3:7	HEB.3.13	51
3:7	2CO.6.1-2CO.6.2	40
3:7	PSA.81.11	38
3:7	MAT.17.5	38
3:7	JHN.10.3	36
3:7	ISA.55.6	33
3:7	JHN.5.25	33
3:7	JHN.10.16	30
3:7	ECC.9.10	28
3:7	2PE.1.21	25
3:7	2SA.23.2	24
3:7	HEB.9.8	23
3:7	PRO.27.1	22
3:7	MAT.22.43	22
3:7	ACT.28.25	21
3:7	MRK.12.36	20
3:7	JAS.4.13-JAS.4.15	19
3:7	ACT.1.16	18
3:8	PRO.28.14	12
3:8	EXO.17.7	9
3:8	ZEC.7.11-ZEC.7.12	7
3:8	MAT.13.15	7
3:8	PSA.78.18	6
3:8	PSA.78.56	6
3:8	JER.7.26	6
3:8	EZK.3.7-EZK.3.9	6
3:8	DAN.5.20	6
3:8	EXO.8.15	5
3:8	JOB.9.4	5
3:8	PRO.29.1	5
3:8	HEB.3.12-HEB.3.13	5
3:8	DEU.6.16	4
3:8	DEU.9.22-DEU.9.24	4
3:8	2CH.36.13	4
3:8	PSA.106.14	4
3:8	NUM.14.11	3
3:8	1SA.6.6	3
3:8	NEH.9.16	3
3:8	ACT.19.9	3
3:8	ROM.2.5-ROM.2.6	3
3:8	1CO.10.9	3
3:8	NUM.14.22-NUM.14.23	2
3:8	2KI.17.14	2
3:8	2CH.30.8	2
3:9	ACT.7.36	6
3:9	DEU.4.9	5
3:9	EXO.19.4	3
3:9	DEU.4.3	3
3:9	DEU.8.4	3
3:9	EXO.20.22	2
3:9	NUM.14.33	2
3:9	DEU.8.2	2
3:9	DEU.29.2	2
3:9	JOS.23.3	2
3:9	JOS.24.7	2
3:9	AMO.2.10	2
3:9	LUK.7.22	2
3:9	ACT.13.8	2
3:9	DEU.11.7	1
3:9	JOS.5.6	1
3:10	PSA.95.10	13
3:10	2TH.2.10-2TH.2.12	8
3:10	PSA.67.2	4
3:10	PSA.78.8	4
3:10	JER.4.22	4
3:10	EPH.4.30	4
3:10	ISA.63.10	3
3:10	HOS.4.12	3
3:10	JDG.10.16	2
3:10	PSA.147.20	2
3:10	ISA.28.7	2
3:10	MRK.3.5	2
3:10	JHN.8.45	2
3:10	HEB.3.12	2
3:10	GEN.6.6	1
3:10	PSA.78.40	1
3:10	JHN.3.19-JHN.3.20	1
3:10	ROM.3.7	1
3:10	ROM.1.28	0
3:11	DEU.1.34-DEU.1.35	11
3:11	HEB.4.3	7
3:11	NUM.14.20-NUM.14.23	4
3:11	NUM.14.35	4
3:11	NUM.32.10-NUM.32.13	4
3:11	DEU.2.14	4
3:11	HEB.4.5	4
3:11	NUM.14.27-NUM.14.30	3
3:11	PSA.95.11	3
3:11	HEB.4.9	3
3:11	NUM.14.25	1
3:11	HEB.3.18-HEB.3.19	0
3:12	JER.17.5	33
3:12	JER.7.24	26
3:12	JER.17.9	23
3:12	JER.18.12	18
3:12	1CO.10.12	16
3:12	HEB.12.25	14
3:12	HEB.10.38	13
3:12	JER.11.8	12
3:12	MRK.7.21-MRK.7.23	12
3:12	PRO.1.32	11
3:12	JER.16.12	11
3:12	MAT.24.4	11
3:12	HEB.12.15	11
3:12	MRK.13.33	10
3:12	HEB.3.10	10
3:12	HEB.2.1-HEB.2.3	8
3:12	JER.2.13	7
3:12	JER.3.17	7
3:12	JOB.22.17	6
3:12	PSA.18.21	6
3:12	HOS.1.2	6
3:12	MRK.13.9	6
3:12	LUK.21.8	6
3:12	ROM.11.21	6
3:12	1TH.1.9	5
3:12	GEN.8.21	4
3:12	JOB.21.14	4
3:12	ISA.59.13	4
3:12	MAT.16.16	4
3:12	MRK.13.23	4
3:13	1TH.5.11	32
3:13	HEB.10.24-HEB.10.25	28
3:13	2TI.4.2	21
3:13	1TH.4.18	14
3:13	ACT.11.23	12
3:13	JAS.1.14	12
3:13	OBA.1.3	11
3:13	ROM.7.11	11
3:13	EPH.4.22	11
3:13	PRO.28.26	10
3:13	ISA.44.20	5
3:13	1TH.2.11	5
3:14	HEB.3.6	19
3:14	HEB.6.11	16
3:14	HEB.12.10	11
3:14	1PE.4.13	11
3:14	EPH.3.6	6
3:14	HEB.6.4	6
3:14	ROM.11.17	5
3:14	HEB.3.1	5
3:14	1CO.10.17	3
3:14	1CO.1.30	1
3:14	1JN.1.3	1
3:14	1TI.6.2	0
3:14	1PE.5.1	0
3:15	HEB.3.7-HEB.3.8	16
3:15	PSA.95.7	13
3:15	HEB.10.38	8
3:15	HEB.10.29	7
3:16	NUM.14.2	7
3:16	NUM.14.30	6
3:16	NUM.26.65	5
3:16	DEU.1.38	4
3:16	PSA.78.17	4
3:16	NUM.14.4	3
3:16	NUM.14.24	3
3:16	NUM.14.38	3
3:16	DEU.1.35-DEU.1.36	2
3:16	ROM.11.4-ROM.11.5	2
3:16	HEB.3.9-HEB.3.10	2
3:16	JOS.14.7-JOS.14.11	1
3:17	NUM.14.29	9
3:17	NUM.14.22	6
3:17	NUM.14.32-NUM.14.33	6
3:17	NUM.26.64-NUM.26.65	6
3:17	JUD.1.5	6
3:17	DEU.2.15-DEU.2.16	5
3:17	1CO.10.1-1CO.10.13	4
3:17	JER.9.22	3
3:18	HEB.4.6	8
3:18	NUM.14.30	7
3:18	DEU.1.34-DEU.1.35	7
3:18	PSA.106.24-PSA.106.26	6
3:18	NUM.20.12	5
3:18	DEU.1.26-DEU.1.32	5
3:18	NUM.14.11	4
3:18	DEU.9.23	4
3:18	HEB.3.11	4
3:18	HEB.4.2	4
3:18	NUM.14.23	3
3:19	JUD.1.5	11
3:19	JHN.3.36	9
3:19	MRK.16.16	7
3:19	JHN.3.18	7
3:19	1JN.5.10	4
3:19	2TH.2.12	2
4:1	HEB.12.15	12
4:1	PRO.28.14	10
4:1	HEB.4.9	10
4:1	1CO.9.26-1CO.9.27	9
4:1	HEB.4.11	9
4:1	1CO.10.12	8
4:1	HEB.13.7	8
4:1	ROM.11.20	7
4:1	HEB.4.3-HEB.4.5	7
4:1	NUM.14.34	6
4:1	ROM.3.23	6
4:1	2TI.2.13	6
4:1	HEB.2.1-HEB.2.3	6
4:1	JER.32.40	5
4:1	MAT.7.26-MAT.7.27	5
4:1	MAT.7.21-MAT.7.23	4
4:1	ROM.3.3-ROM.3.4	3
4:1	HEB.3.11	3
4:1	HEB.12.25	3
4:1	1SA.2.30	2
4:1	PRO.14.16	2
4:1	LUK.12.45-LUK.12.46	2
4:1	LUK.13.25-LUK.13.30	2
4:1	MAT.24.48-MAT.25.3	1
4:2	1TH.2.13	19
4:2	ROM.10.16-ROM.10.17	14
4:2	HEB.11.6	12
4:2	HEB.3.18-HEB.3.19	7
4:2	1TI.4.8	4
4:2	ACT.13.46	3
4:2	JAS.1.21	3
4:2	ROM.2.25	2
4:2	1CO.13.3	2
4:2	HEB.3.12	2
4:2	HEB.4.6	2
4:2	GAL.3.8	1
4:2	1TH.1.5	1
4:2	1PE.1.12	1
4:2	ACT.3.26	0
4:2	GAL.4.13	0
4:2	2TH.2.12-2TH.2.13	0
4:3	PSA.95.11	23
4:3	MAT.11.28-MAT.11.29	14
4:3	1PE.1.20	10
4:3	EPH.1.4	8
4:3	GEN.1.31	7
4:3	HEB.9.26	7
4:3	ISA.28.12	6
4:3	JER.6.16	6
4:3	HEB.3.11	6
4:3	EXO.20.11	5
4:3	MAT.13.35	5
4:3	ROM.5.1-ROM.5.2	3
4:3	HEB.3.14	3
4:4	EXO.20.11	12
4:4	GEN.2.1-GEN.2.2	7
4:4	EXO.31.17	7
4:5	PSA.95.11	6
4:5	HEB.3.11	2
4:5	HEB.4.3	2
4:6	MAT.21.43	10
4:6	HEB.3.18-HEB.3.19	9
4:6	MAT.22.9-MAT.22.10	4
4:6	ACT.13.46-ACT.13.47	4
4:6	ACT.28.28	4
4:6	HEB.4.2	4
4:6	GAL.3.8	3
4:6	HEB.4.9	3
4:6	NUM.14.12	2
4:6	NUM.14.31	2
4:6	ISA.65.15	2
4:6	LUK.14.21-LUK.14.24	2
4:6	1CO.7.29	0
4:7	PSA.95.7	22
4:7	HEB.3.7-HEB.3.8	14
4:7	HEB.3.15	9
4:7	MAT.22.43	1
4:7	2SA.23.1-2SA.23.2	0
4:7	ACT.28.25	0
4:8	JOS.1.15	13
4:8	JOS.22.4	9
4:8	DEU.12.9	7
4:8	JOS.23.1	6
4:8	HEB.11.13-HEB.11.15	6
4:8	ACT.7.45	4
4:8	PSA.78.55	3
4:8	DEU.25.19	2
4:8	PSA.105.44	2
4:9	1PE.2.10	19
4:9	REV.21.4	18
4:9	REV.7.14-REV.7.17	13
4:9	ISA.11.10	11
4:9	HEB.3.11	11
4:9	HEB.4.3	10
4:9	HEB.4.1	9
4:9	HEB.11.25	9
4:9	ISA.60.19-ISA.60.20	7
4:9	MAT.1.21	7
4:9	TIT.2.14	7
4:9	ISA.57.2	4
4:9	PSA.47.9	3
4:10	REV.14.13	22
4:10	HEB.4.3-HEB.4.4	17
4:10	1PE.4.1-1PE.4.2	13
4:10	JHN.19.30	10
4:10	HEB.10.12	9
4:10	HEB.1.3	8
4:11	MAT.11.28-MAT.11.30	15
4:11	LUK.13.24	14
4:11	HEB.3.18-HEB.4.1	13
4:11	EPH.5.6	11
4:11	HEB.6.11	8
4:11	2PE.1.10-2PE.1.11	7
4:11	PHP.2.12	6
4:11	TIT.1.16	6
4:11	HEB.3.12	6
4:11	MAT.7.13	5
4:11	MAT.11.12	5
4:11	LUK.16.16	5
4:11	ACT.26.19	5
4:11	COL.3.6	5
4:11	TIT.3.3	5
4:11	JHN.6.27	4
4:11	ROM.11.30-ROM.11.32	4
4:11	EPH.2.2	4
4:12	JER.23.29	217
4:12	ISA.55.11	196
4:12	EPH.6.17	125
4:12	PSA.119.130	114
4:12	1PE.1.23	95
4:12	ISA.49.2	88
4:12	REV.1.16	74
4:12	1TH.2.13	72
4:12	JER.17.10	68
4:12	ROM.1.16	59
4:12	PSA.149.6	54
4:12	REV.19.15	50
4:12	EPH.5.13	48
4:12	LUK.8.11	47
4:12	2CO.10.4-2CO.10.5	47
4:12	PSA.139.2	41
4:12	JHN.6.51	40
4:12	1PE.2.4-1PE.2.5	38
4:12	1CO.14.24-1CO.14.25	34
4:12	HEB.13.7	33
4:12	REV.2.16	33
4:12	REV.19.21	33
4:12	PSA.45.3	32
4:12	ISA.11.4	32
4:12	ACT.2.37	32
4:12	ACT.4.31	32
4:12	REV.2.23	30
4:12	1TH.5.23	29
4:12	REV.20.4	28
4:12	PRO.5.4	27
4:12	2CO.4.2	27
4:12	JAS.1.18	24
4:12	ECC.12.11	22
4:12	2CO.2.17	22
4:12	PSA.110.2	18
4:12	1CO.1.24	14
4:12	ACT.5.33	9
4:13	1CO.4.5	68
4:13	PSA.33.13-PSA.33.15	41
4:13	PRO.15.3	39
4:13	ECC.12.14	38
4:13	1SA.16.7	33
4:13	JER.17.10	33
4:13	2CO.5.10	33
4:13	JOB.34.21	27
4:13	PRO.15.11	23
4:13	PSA.44.21	21
4:13	ROM.2.16	21
4:13	JOB.26.6	20
4:13	2CH.6.30	18
4:13	REV.2.23	18
4:13	PSA.7.9	16
4:13	PSA.90.8	16
4:13	1CH.28.9	13
4:13	MAT.25.31-MAT.25.32	13
4:13	ROM.14.9-ROM.14.12	12
4:13	2CH.16.9	11
4:13	JHN.2.24	10
4:13	JHN.21.17	10
4:13	JOB.38.17	9
4:13	JER.17.23-JER.17.24	7
4:13	JHN.5.22-JHN.5.29	7
4:13	ACT.17.31	7
4:13	REV.20.11-REV.20.15	7
4:13	PSA.139.11-PSA.139.12	6
4:13	MAT.7.21-MAT.7.22	5
4:14	HEB.9.24	22
4:14	HEB.12.2	18
4:14	HEB.9.12	17
4:14	HEB.10.23	17
4:14	HEB.6.20	13
4:14	EPH.4.10	10
4:14	HEB.2.17-HEB.3.1	9
4:14	HEB.8.1	8
4:14	ROM.8.34	7
4:14	HEB.3.14	6
4:14	HEB.7.25-HEB.7.26	6
4:14	HEB.10.12	6
4:14	HEB.1.2-HEB.1.3	4
4:14	HEB.3.5-HEB.3.6	3
4:14	MRK.16.19	2
4:14	LUK.24.51	2
4:14	ACT.1.11	2
4:14	ACT.3.21	1
4:14	HEB.1.8	1
4:14	MRK.1.1	0
4:14	HEB.2.1	0
4:15	HEB.2.17-HEB.2.18	72
4:15	2CO.5.21	56
4:15	ISA.53.4-ISA.53.5	35
4:15	1JN.3.5	33
4:15	1PE.2.22	32
4:15	PHP.2.7-PHP.2.8	30
4:15	HEB.7.26	25
4:15	HEB.4.14	22
4:15	MAT.8.16-MAT.8.17	16
4:15	HEB.5.2	13
4:15	JHN.8.46	12
4:15	ISA.53.9	10
4:15	LUK.22.28	9
4:15	EXO.23.9	6
4:15	HOS.11.8	6
4:15	LUK.4.2	6
4:15	MAT.12.20	5
4:16	EPH.3.12	133
4:16	HEB.7.25	94
4:16	HEB.10.19-HEB.10.23	84
4:16	HEB.13.6	70
4:16	PHP.4.6-PHP.4.7	60
4:16	ISA.55.6-ISA.55.7	58
4:16	EPH.2.18	42
4:16	MAT.7.7-MAT.7.11	40
4:16	1PE.2.10	40
4:16	2CO.12.8-2CO.12.10	37
4:16	ROM.8.15-ROM.8.17	31
4:16	HEB.7.19	21
4:16	LEV.16.2	17
4:16	HEB.9.5	11
4:16	EXO.25.17-EXO.25.22	6
4:16	1CH.28.11	5
4:16	ISA.27.11	4
5:1	HEB.8.3	10
5:1	HEB.10.11	8
5:1	LEV.9.15-LEV.9.21	5
5:1	HEB.2.17	5
5:1	HEB.7.27	5
5:1	HEB.9.9	5
5:1	HEB.11.4	5
5:1	EXO.29.1-EXO.29.37	4
5:1	LEV.8.2	4
5:1	LEV.9.7	4
5:1	NUM.18.1-NUM.18.3	3
5:1	EXO.28.1-EXO.28.14	2
5:1	NUM.16.46-NUM.16.48	2
5:2	HEB.4.15	9
5:2	HEB.2.18	8
5:2	2CO.12.9-2CO.12.10	7
5:2	HEB.7.28	6
5:2	HEB.12.13	4
5:2	NUM.15.22-NUM.15.29	3
5:2	2CO.12.5	3
5:2	GAL.4.13	3
5:2	EXO.32.21-EXO.32.24	2
5:2	NUM.12.1-NUM.12.9	2
5:2	2CO.11.30	2
5:2	1TI.1.13	2
5:2	EXO.32.2-EXO.32.5	1
5:2	EXO.32.8	1
5:2	NUM.20.10-NUM.20.12	1
5:2	ISA.30.11	1
5:2	LUK.22.32	1
5:2	JDG.2.17	0
5:3	LEV.9.7	6
5:3	LEV.16.6	6
5:3	HEB.9.7	6
5:3	HEB.7.27	5
5:3	LEV.4.3-LEV.4.12	3
5:3	LEV.16.15	3
5:3	EXO.29.12-EXO.29.19	2
5:3	LEV.8.14-LEV.8.21	2
5:4	EXO.28.1	8
5:4	NUM.16.5	6
5:4	NUM.16.40	6
5:4	1CH.23.13	5
5:4	2CH.26.18	5
5:4	NUM.16.35	4
5:4	NUM.16.46-NUM.16.48	4
5:4	NUM.18.7	4
5:4	JHN.3.27	4
5:4	NUM.16.10	3
5:4	NUM.17.3-NUM.17.11	3
5:4	NUM.18.1-NUM.18.5	3
5:4	LEV.8.2	2
5:4	NUM.16.7	2
5:4	NUM.3.3	1
5:5	PSA.2.7	21
5:5	JHN.8.54	12
5:5	JHN.7.18	10
5:5	ACT.13.33	9
5:5	HEB.1.5	9
5:5	ROM.8.3	5
5:5	MIC.5.2	4
5:5	HEB.1.1	4
5:5	JHN.3.16	3
5:6	PSA.110.4	22
5:6	HEB.7.17	13
5:6	HEB.7.21	12
5:6	HEB.7.3	7
5:6	GEN.14.18-GEN.14.19	6
5:6	HEB.5.10	6
5:6	HEB.6.20	5
5:6	HEB.7.15	4
5:7	LUK.22.41-LUK.22.44	23
5:7	MAT.27.46	21
5:7	MRK.14.32-MRK.14.39	21
5:7	JHN.17.1	21
5:7	JHN.17.4-JHN.17.5	17
5:7	JHN.12.27-JHN.12.28	16
5:7	MRK.15.34	15
5:7	MAT.26.28-MAT.26.44	14
5:7	MAT.27.50	13
5:7	PSA.22.1-PSA.22.21	12
5:7	PSA.22.24	12
5:7	JHN.11.35	12
5:7	HEB.12.28	12
5:7	MRK.15.37	11
5:7	PSA.69.1	10
5:7	PSA.69.13-PSA.69.16	10
5:7	LUK.23.46	10
5:7	HEB.2.14	10
5:7	HEB.13.20	10
5:7	ISA.53.11	9
5:7	1TI.3.16	9
5:7	LEV.2.2	8
5:7	PSA.40.1-PSA.40.3	8
5:7	ISA.49.8	8
5:7	GAL.4.4	8
5:7	PSA.18.19-PSA.18.20	7
5:7	JHN.11.42	7
5:7	1JN.4.3	7
5:7	2JN.1.7	7
5:7	LEV.4.4-LEV.4.14	6
5:7	PSA.88.1	6
5:7	ROM.8.3	6
5:7	ISA.53.3	5
5:7	MAT.26.52-MAT.26.53	5
5:7	JHN.1.14	5
5:8	PHP.2.8	34
5:8	HEB.10.5-HEB.10.9	19
5:8	JHN.4.34	16
5:8	ISA.50.5-ISA.50.6	12
5:8	JHN.15.10	11
5:8	JHN.6.38	8
5:8	HEB.3.6	2
5:8	MAT.3.15	1
5:8	HEB.1.5	1
5:8	HEB.1.8	1
5:8	HEB.1.2	0
5:9	HEB.9.15	16
5:9	HEB.2.10	15
5:9	HEB.9.12	15
5:9	HEB.12.2	15
5:9	ACT.5.32	11
5:9	2TH.1.8	6
5:9	1PE.1.22	6
5:9	ISA.50.10	5
5:9	DAN.9.24	5
5:9	ROM.1.5	5
5:9	ROM.2.8	5
5:9	HEB.11.8	5
5:9	ROM.15.18	4
5:9	2CO.10.5	4
5:9	ROM.6.17	3
5:9	ROM.10.16	3
5:9	2TI.2.10	3
5:9	PSA.51.6	2
5:9	PSA.68.18-PSA.68.20	2
5:9	ISA.45.22	2
5:9	ZEC.6.15	2
5:9	MAT.17.5	2
5:9	JHN.19.30	2
5:9	JUD.1.21	2
5:9	PSA.45.17	1
5:9	PSA.51.8	1
5:9	ISA.49.6	1
5:9	ISA.55.3	1
5:9	MAT.7.24-MAT.7.27	1
5:9	LUK.13.32	1
5:9	ACT.3.15	1
5:9	ACT.4.12	1
5:9	2TH.2.16	1
5:9	HEB.2.3	1
5:9	HEB.11.40	1
5:9	1JN.5.20	1
5:10	HEB.5.5-HEB.5.6	9
5:10	HEB.6.20	6
5:11	MAT.13.15	15
5:11	ACT.28.27	10
5:11	2PE.3.16	10
5:11	JHN.16.12	6
5:11	ISA.6.10	5
5:11	MRK.8.21	5
5:11	LUK.24.25	5
5:11	JHN.6.6	5
5:11	MRK.8.17-MRK.8.18	4
5:12	HEB.6.1	41
5:12	1CO.3.1-1CO.3.3	34
5:12	1PE.2.2	26
5:12	HEB.5.13	25
5:12	ISA.28.9-ISA.28.10	22
5:12	COL.3.16	10
5:12	EZR.7.10	8
5:12	PSA.34.11	8
5:12	ISA.28.13	8
5:12	ISA.55.1	7
5:12	MAT.17.17	7
5:12	ACT.7.38	7
5:12	TIT.2.3-TIT.2.4	7
5:12	1PE.4.11	7
5:12	2SA.16.23	6
5:12	MRK.9.19	6
5:12	ROM.3.2	6
5:12	1CO.14.19	6
5:12	PHP.3.1	4
5:13	1CO.14.20	18
5:13	1PE.2.2	18
5:13	2TI.3.16	15
5:13	ISA.28.9	13
5:13	EPH.4.14	13
5:13	1CO.3.1	12
5:13	1CO.13.11	10
5:13	2CO.3.9	8
5:13	PSA.119.123	6
5:13	MAT.11.25	6
5:13	ROM.10.5-ROM.10.6	5
5:13	MRK.10.15	4
5:13	ROM.1.17-ROM.1.18	4
5:13	ROM.2.20	2
5:14	1CO.2.14-1CO.2.15	31
5:14	1TH.5.21	17
5:14	PHP.1.9-PHP.1.10	13
5:14	ISA.7.15	12
5:14	1CO.2.6	12
5:14	EPH.1.18	12
5:14	MAT.6.22-MAT.6.23	10
5:14	EPH.4.13	10
5:14	PHP.3.15	10
5:14	1KI.3.9	9
5:14	ROM.14.1	7
5:14	GEN.3.5	6
5:14	2SA.14.17	6
5:14	1KI.3.11	5
5:14	JOB.12.11	5
5:14	PSA.119.103	5
5:14	MAT.5.48	5
5:14	JOB.6.30	4
5:14	JOB.34.3	4
5:14	SNG.1.3	3
5:14	SNG.2.3	3
5:14	JAS.3.2	3
6:1	HEB.5.12-HEB.5.14	34
6:1	2CO.7.1	20
6:1	HEB.9.14	20
6:1	ACT.26.20	12
6:1	PHP.3.12-PHP.3.15	12
6:1	HEB.12.13	12
6:1	MAT.21.32	11
6:1	HEB.7.11	11
6:1	EPH.4.12	9
6:1	1JN.5.10-1JN.5.13	9
6:1	EZK.18.30-EZK.18.32	8
6:1	MAT.3.2	8
6:1	JHN.5.24	8
6:1	JHN.12.44	8
6:1	2CO.7.10	8
6:1	1TI.3.16	7
6:1	2TI.2.19	7
6:1	JAS.1.4	7
6:1	ISA.55.6-ISA.55.7	6
6:1	MAT.4.17	6
6:1	MRK.1.1	6
6:1	MRK.6.12	6
6:1	JHN.14.1	6
6:1	ACT.3.19	6
6:1	ACT.11.18	6
6:1	ACT.20.21	6
6:1	EPH.2.5	6
6:1	COL.1.28	6
6:1	HEB.11.6	6
6:1	1PE.5.10	6
6:1	1CO.3.10-1CO.3.12	5
6:1	GAL.5.19-GAL.5.21	5
6:1	COL.4.12	5
6:1	2TI.2.25-2TI.2.26	5
6:1	1PE.1.21	5
6:1	1JN.4.12	5
6:1	PRO.4.18	4
6:1	MAT.5.48	4
6:1	MAT.7.25	4
6:1	ACT.2.38	4
6:1	ACT.17.30	4
6:1	1CO.13.10	4
6:1	EPH.2.1	4
6:1	1TI.6.19	4
6:1	ZEC.12.10	3
6:1	MAT.21.29	3
6:1	LUK.6.48	3
6:1	JHN.1.1-JHN.1.3	3
6:2	1CO.15.13-1CO.15.57	10
6:2	ACT.17.31-ACT.17.32	5
6:2	ROM.6.3-ROM.6.5	5
6:2	ACT.6.6	4
6:2	ECC.12.14	3
6:2	EZK.37.1-EZK.37.14	3
6:2	DAN.12.2	3
6:2	MAT.22.23-MAT.22.32	3
6:2	MAT.28.19	3
6:2	MRK.16.16	3
6:2	JHN.1.33	3
6:2	JHN.3.25-JHN.3.26	3
6:2	JHN.4.1-JHN.4.2	3
6:2	ACT.2.38	3
6:2	ACT.2.41	3
6:2	ACT.8.12-ACT.8.18	3
6:2	ACT.10.47	3
6:2	ACT.16.15	3
6:2	ACT.16.33	3
6:2	ACT.17.18	3
6:2	ACT.19.2-ACT.19.6	3
6:2	ACT.23.6	3
6:2	ACT.24.25	3
6:2	1CO.10.2	3
6:2	HEB.9.10	3
6:2	MAT.3.14	2
6:2	MAT.20.22-MAT.20.23	2
6:2	MAT.25.31-MAT.25.46	2
6:2	MRK.7.4	2
6:2	MRK.7.8	2
6:2	LUK.3.16	2
6:2	LUK.11.38	2
6:2	LUK.12.50	2
6:2	LUK.14.14	2
6:2	JHN.5.29	2
6:2	JHN.11.24-JHN.11.25	2
6:2	ACT.4.2	2
6:2	ACT.8.36-ACT.8.38	2
6:2	ACT.24.15	2
6:2	ACT.24.21	2
6:2	ACT.26.8	2
6:2	ROM.2.5-ROM.2.10	2
6:2	ROM.2.16	2
6:2	1CO.1.12-1CO.1.17	2
6:2	1CO.12.13	2
6:2	PHP.3.21	2
6:2	COL.2.12	2
6:2	1TH.4.14-1TH.4.18	2
6:2	2TI.2.18	2
6:2	2PE.3.7	2
6:2	JUD.1.14-JUD.1.15	2
6:2	ISA.26.19	1
6:2	ACT.13.3	1
6:2	2CO.5.10	1
6:2	HEB.11.35	1
6:2	1PE.3.20-1PE.3.21	1
6:2	REV.20.10-REV.20.15	1
6:3	ACT.18.21	4
6:3	1CO.16.7	4
6:3	1CO.4.19	3
6:3	JAS.4.15	2
6:3	ROM.15.32	1
6:4	HEB.10.26-HEB.10.29	55
6:4	2PE.2.20-2PE.2.22	41
6:4	MAT.5.13	28
6:4	JHN.15.6	25
6:4	MAT.7.21-MAT.7.22	17
6:4	HEB.12.15-HEB.12.17	14
6:4	MAT.12.31-MAT.12.32	11
6:4	LUK.11.24-LUK.11.26	10
6:4	NUM.24.15-NUM.24.16	8
6:4	HEB.10.32	8
6:4	MAT.12.45	7
6:4	JHN.3.27	7
6:4	EPH.2.8	7
6:4	GAL.3.2	6
6:4	2TI.2.25	6
6:4	1TI.4.14	5
6:4	1JN.5.16	5
6:4	ACT.11.17	3
6:4	HEB.2.4	3
6:4	JAS.1.17-JAS.1.18	3
6:4	NUM.24.3	2
6:4	LUK.10.19-LUK.10.20	2
6:4	ACT.10.45	2
6:4	1CO.13.1-1CO.13.2	2
6:4	EPH.3.7	2
6:4	JHN.6.32	1
6:4	ACT.8.20	1
6:4	EPH.4.7	1
6:4	JHN.4.10	0
6:4	ACT.15.8	0
6:4	GAL.3.5	0
6:5	LUK.8.13	7
6:5	1PE.2.3	7
6:5	MAT.13.20-MAT.13.21	4
6:5	MRK.4.16-MRK.4.17	3
6:5	2PE.2.20	3
6:5	HEB.2.5	2
6:5	MRK.6.20	1
6:6	2PE.2.21	26
6:6	HEB.10.29	20
6:6	HEB.6.4	12
6:6	1JN.5.16	11
6:6	ISA.1.28	9
6:6	PSA.51.10	4
6:6	2TI.2.25	4
6:6	MRK.15.29-MRK.15.32	3
6:6	MAT.27.38-MAT.27.44	2
6:6	ZEC.12.10-ZEC.12.14	1
6:6	MAT.19.26	1
6:6	LUK.23.35-LUK.23.39	1
6:6	HEB.12.2	1
6:6	MAT.23.31-MAT.23.32	0
6:6	LUK.11.48	0
6:7	HOS.10.12	12
6:7	ISA.44.3	11
6:7	PSA.65.9-PSA.65.13	8
6:7	ISA.55.10-ISA.55.13	8
6:7	PSA.126.6	7
6:7	JOL.2.21-JOL.2.26	7
6:7	LEV.25.21	6
6:7	PSA.24.5	6
6:7	PSA.104.11-PSA.104.13	6
6:7	EZK.34.26	6
6:7	JAS.5.7	6
6:7	MAL.3.10	5
6:7	GEN.27.27	4
6:7	DEU.28.11-DEU.28.12	3
6:8	GEN.3.17-GEN.3.18	7
6:8	JHN.15.6	7
6:8	DEU.29.28	5
6:8	LUK.13.7-LUK.13.9	5
6:8	ISA.5.1-ISA.5.7	4
6:8	JER.44.22	4
6:8	HEB.10.27	3
6:8	HEB.12.17	3
6:8	GEN.4.11	2
6:8	GEN.5.29	2
6:8	DEU.29.22-DEU.29.23	2
6:8	JOB.31.40	2
6:8	PSA.107.34	2
6:8	ISA.27.10-ISA.27.11	2
6:8	JER.17.6	2
6:8	EZK.15.2-EZK.15.7	2
6:8	EZK.20.47	2
6:8	MAL.4.1	2
6:8	MAT.3.10	2
6:8	MAT.7.19	2
6:8	MRK.11.14	2
6:8	MRK.11.21	2
6:8	REV.20.15	2
6:8	MAT.25.41	1
6:9	HEB.10.39	6
6:9	MAT.5.3-MAT.5.12	4
6:9	2CO.7.10	4
6:9	GAL.5.22-GAL.5.23	4
6:9	HEB.2.3	4
6:9	HEB.6.4-HEB.6.6	4
6:9	MRK.16.16	3
6:9	ACT.20.21	3
6:9	1CO.10.14	3
6:9	PHP.1.6-PHP.1.7	3
6:9	1TH.1.3-1TH.1.4	3
6:9	TIT.2.11-TIT.2.14	3
6:9	HEB.5.9	3
6:9	HEB.10.34	3
6:9	ISA.57.15	2
6:9	ACT.11.18	2
6:9	GAL.5.6	2
6:9	HEB.6.10	2
6:10	HEB.13.16	35
6:10	MAT.10.42	34
6:10	GAL.6.10	28
6:10	1TH.1.3	24
6:10	COL.3.17	22
6:10	ACT.10.4	21
6:10	MAT.25.35-MAT.25.40	16
6:10	1TI.6.18	16
6:10	PRO.14.31	15
6:10	MRK.9.41	13
6:10	ACT.4.34-ACT.4.35	12
6:10	GAL.5.13	11
6:10	ACT.2.44-ACT.2.45	10
6:10	ROM.12.13	10
6:10	2CO.9.11-2CO.9.15	10
6:10	JAS.2.15-JAS.2.17	10
6:10	1JN.3.14-1JN.3.18	10
6:10	2TI.1.17-2TI.1.18	9
6:10	PHM.1.5-PHM.1.7	9
6:10	JHN.13.20	8
6:10	ACT.11.29	8
6:10	2CO.8.1-2CO.8.9	8
6:10	NEH.5.19	7
6:10	PRO.19.17	7
6:10	PHP.4.16-PHP.4.18	7
6:10	DEU.32.4	6
6:10	NEH.13.22	6
6:10	NEH.13.31	6
6:10	PSA.20.3	6
6:10	JER.2.2-JER.2.3	6
6:10	JER.18.20	6
6:10	ACT.9.36-ACT.9.39	6
6:10	ACT.10.31	6
6:10	ROM.15.25-ROM.15.27	6
6:10	1CO.13.4-1CO.13.7	6
6:10	1CO.16.1-1CO.16.3	6
6:10	2CO.9.1	6
6:10	2TH.1.6-2TH.1.7	6
6:10	2TI.4.8	6
6:10	1JN.1.9	5
6:10	ROM.3.4-ROM.3.5	4
6:10	GAL.5.6	4
6:11	2PE.1.5-2PE.1.8	13
6:11	ROM.5.2-ROM.5.5	10
6:11	HEB.3.6	10
6:11	HEB.3.14	9
6:11	2PE.1.10	8
6:11	HEB.10.22	7
6:11	HEB.10.32-HEB.10.35	6
6:11	1JN.3.14	6
6:11	REV.2.26	6
6:11	ISA.32.17	5
6:11	ROM.15.13	5
6:11	2TH.3.13	5
6:11	2PE.3.14	5
6:11	1JN.3.1-1JN.3.3	5
6:11	MAT.24.13	4
6:11	ROM.12.11-ROM.12.12	4
6:11	1CO.13.13	4
6:11	1CO.15.58	4
6:11	GAL.6.9	4
6:11	PHP.3.15	4
6:11	COL.1.5	4
6:11	1TH.1.5	4
6:11	1TH.4.10	4
6:11	1PE.1.3-1PE.1.5	4
6:11	ROM.8.24-ROM.8.25	3
6:11	ROM.12.8	3
6:11	PHP.1.9-PHP.1.11	3
6:11	COL.1.23	3
6:11	COL.2.2	3
6:11	1PE.1.21	3
6:11	1JN.3.19	3
6:11	HEB.6.18-HEB.6.20	2
6:11	GAL.5.5	1
6:11	2TH.2.16-2TH.2.17	1
6:12	HEB.13.7	25
6:12	HEB.10.36	23
6:12	ROM.12.11	13
6:12	1JN.2.25	10
6:12	JER.6.16	7
6:12	ROM.2.7	6
6:12	PRO.18.9	5
6:12	PRO.24.30-PRO.24.34	5
6:12	HEB.5.11	5
6:12	JAS.1.3	5
6:12	2PE.1.10	5
6:12	REV.14.12-REV.14.13	5
6:12	LUK.8.15	4
6:12	ROM.4.12	4
6:12	ROM.8.25-ROM.8.26	4
6:12	HEB.1.14	4
6:12	HEB.6.15	4
6:12	HEB.12.1	4
6:12	JAS.5.10-JAS.5.11	4
6:12	PRO.12.24	3
6:12	PRO.13.4	3
6:12	PRO.15.19	3
6:12	MAT.22.32	3
6:12	LUK.20.37-LUK.20.38	3
6:12	2TH.1.4	3
6:12	HEB.11.8-HEB.11.17	3
6:12	HEB.11.33	3
6:12	REV.13.10	3
6:12	SNG.1.8	2
6:12	MAT.25.26	2
6:12	LUK.16.22	2
6:12	1TH.1.3	2
6:12	1PE.3.5-1PE.3.6	2
6:13	GEN.22.15-GEN.22.18	23
6:13	PSA.105.9-PSA.105.10	9
6:13	LUK.1.73	9
6:13	ISA.45.23	8
6:13	MIC.7.20	8
6:13	JER.22.5	7
6:13	HEB.6.16-HEB.6.18	7
6:13	JER.49.13	6
6:13	EZK.32.13	2
6:14	GEN.22.17	17
6:14	DEU.1.10	13
6:14	NEH.9.23	10
6:14	GEN.17.2	8
6:14	EXO.32.13	8
6:14	GEN.48.4	3
6:15	GEN.12.2-GEN.12.3	8
6:15	ROM.4.17-ROM.4.25	6
6:15	GEN.15.2-GEN.15.6	5
6:15	GEN.21.2-GEN.21.7	4
6:15	HEB.6.12	4
6:15	GEN.17.16-GEN.17.17	3
6:15	EXO.1.7	3
6:15	HAB.2.2-HAB.2.3	2
6:16	EXO.22.11	4
6:16	HEB.6.13	3
6:16	GEN.14.22	2
6:16	GEN.21.23	2
6:16	GEN.21.30-GEN.21.31	2
6:16	GEN.31.53	2
6:16	JOS.9.15-JOS.9.20	2
6:16	EZK.17.16-EZK.17.20	2
6:16	2SA.21.2	1
6:16	MAT.23.20-MAT.23.22	1
6:17	PRO.19.21	10
6:17	HEB.6.18	10
6:17	ISA.55.11	9
6:17	ISA.14.24	8
6:17	PSA.110.4	7
6:17	HEB.11.9	7
6:17	PSA.33.11	5
6:17	JHN.10.10	5
6:17	JOB.23.13-JOB.23.14	4
6:17	ISA.55.7	4
6:17	MAL.3.6	4
6:17	ROM.11.29	4
6:17	GAL.3.29	4
6:17	HEB.6.12	4
6:17	HEB.6.16	4
6:17	JAS.1.17	4
6:17	1PE.1.3	4
6:17	1PE.3.7	4
6:17	EXO.22.11	3
6:17	SNG.5.1	3
6:17	ISA.14.26-ISA.14.27	3
6:17	ISA.46.10	3
6:17	ISA.54.9-ISA.54.10	3
6:17	JER.33.20-JER.33.21	3
6:17	JER.33.25-JER.33.26	3
6:17	ROM.8.17	3
6:17	HEB.11.7	3
6:17	GEN.26.28	2
6:17	PSA.36.8	2
6:17	JAS.2.5	2
6:18	NUM.23.19	30
6:18	TIT.1.2	27
6:18	1SA.15.29	22
6:18	2TI.2.13	20
6:18	ROM.3.4	14
6:18	PSA.46.1	11
6:18	JOS.20.3	9
6:18	ISA.32.1-ISA.32.2	9
6:18	ISA.51.12	9
6:18	1JN.1.10	9
6:18	HEB.12.1-HEB.12.2	8
6:18	NUM.35.11-NUM.35.15	7
6:18	1KI.2.28	7
6:18	PRO.4.13	7
6:18	ISA.56.4	7
6:18	ISA.64.7	7
6:18	ZEC.9.12	7
6:18	ROM.3.25	7
6:18	2CO.1.5-2CO.1.7	7
6:18	1TI.1.1	7
6:18	HEB.3.11	7
6:18	PSA.110.4	6
6:18	ROM.15.5	6
6:18	1TI.6.12	6
6:18	1JN.5.10	6
6:18	GEN.19.22	5
6:18	ISA.27.5	5
6:18	ISA.66.10-ISA.66.13	5
6:18	MAT.24.35	5
6:18	LUK.2.25	5
6:18	COL.1.23	5
6:18	COL.1.27	5
6:18	1TH.1.10	5
6:18	HEB.11.7	5
6:18	PSA.62.8	4
6:18	PRO.3.18	4
6:18	MAT.3.7	4
6:18	2CO.5.18-2CO.5.21	4
6:18	PHP.2.1	4
6:18	COL.1.5	4
6:18	2TH.2.16-2TH.2.17	4
6:18	HEB.3.6	4
6:18	HEB.7.21	4
6:19	PSA.43.5	20
6:19	ROM.5.5-ROM.5.10	19
6:19	ROM.8.28-ROM.8.39	16
6:19	HEB.9.7	15
6:19	LEV.16.2	14
6:19	LEV.16.15	14
6:19	COL.3.1	12
6:19	HEB.9.3	12
6:19	PSA.62.5-PSA.62.6	11
6:19	MAT.27.51	11
6:19	ISA.25.3-ISA.25.4	10
6:19	PSA.42.11	9
6:19	2TI.2.19	9
6:19	ISA.12.2	7
6:19	JER.17.7-JER.17.8	7
6:19	ACT.27.29	7
6:19	ROM.4.16	7
6:19	PSA.146.5-PSA.146.6	6
6:19	ISA.28.16	6
6:19	ACT.27.40	6
6:19	PSA.42.5	5
6:19	HEB.4.16	5
6:19	HEB.10.20-HEB.10.21	5
6:19	1CO.15.58	4
6:19	EPH.2.6	3
6:20	HEB.4.14	11
6:20	HEB.3.1	9
6:20	HEB.5.6	8
6:20	HEB.5.10	7
6:20	JHN.14.2-JHN.14.3	6
6:20	ROM.8.34	6
6:20	HEB.1.3	6
6:20	HEB.2.10	6
6:20	HEB.8.1	6
6:20	HEB.9.12	6
6:20	HEB.9.24	6
6:20	EPH.1.3	5
6:20	EPH.1.20-EPH.1.23	5
6:20	HEB.2.17	5
6:20	HEB.7.1-HEB.7.21	5
6:20	HEB.12.2	5
6:20	1PE.3.22	5
6:20	1JN.2.12	5
7:1	GEN.14.18-GEN.14.20	21
7:1	PSA.57.2	7
7:1	MIC.6.6	7
7:1	HEB.6.20	7
7:1	GEN.16.14-GEN.16.16	5
7:1	PSA.76.2	5
7:1	PSA.78.35	5
7:1	DAN.5.18	5
7:1	MRK.5.7	5
7:1	ISA.41.2-ISA.41.3	3
7:1	DAN.4.2	3
7:1	DAN.5.21	3
7:1	ACT.16.17	3
7:1	PSA.78.56	2
7:2	NUM.18.21	4
7:2	GEN.28.22	3
7:2	1SA.8.15	3
7:2	1SA.8.17	3
7:2	2SA.8.15	3
7:2	2SA.23.3	3
7:2	1CH.22.9	3
7:2	PSA.45.4-PSA.45.7	3
7:2	PSA.85.10-PSA.85.11	3
7:2	LEV.27.32	2
7:2	1KI.4.24-1KI.4.25	2
7:2	PSA.72.1-PSA.72.3	2
7:2	PSA.72.7	2
7:2	ISA.9.6-ISA.9.7	2
7:2	ISA.32.1-ISA.32.2	2
7:2	ISA.45.22-ISA.45.25	2
7:2	JER.23.5-JER.23.6	2
7:2	JER.33.15-JER.33.16	2
7:2	MIC.5.5	2
7:2	ROM.3.26	2
7:2	ROM.5.1-ROM.5.2	2
7:2	EPH.2.14-EPH.2.18	2
7:2	LUK.2.14	1
7:3	HEB.7.17	7
7:3	EXO.6.20-EXO.6.27	6
7:3	HEB.7.6	5
7:3	HEB.7.23-HEB.7.28	5
7:3	MAT.4.3	4
7:3	EXO.6.18	3
7:3	1CH.6.1-1CH.6.3	3
7:4	GEN.14.20	7
7:4	ACT.2.29	4
7:4	GEN.12.2	3
7:4	GEN.17.5-GEN.17.6	3
7:4	ACT.7.8-ACT.7.9	3
7:4	GAL.3.28-GAL.3.29	3
7:4	ROM.4.11-ROM.4.13	2
7:4	ROM.4.17-ROM.4.18	2
7:4	JAS.2.23	2
7:5	LEV.27.30-LEV.27.33	5
7:5	2CH.31.4-2CH.31.6	4
7:5	NUM.16.10-NUM.16.11	3
7:5	NUM.18.21-NUM.18.32	3
7:5	NUM.17.3-NUM.17.10	2
7:5	NUM.18.7	2
7:5	1KI.8.19	2
7:5	NEH.13.10	2
7:5	HEB.7.10	2
7:5	GEN.46.26	1
7:5	EXO.28.1	1
7:5	EXO.1.5	0
7:5	HEB.5.4	0
7:6	ROM.4.13	7
7:6	GEN.13.14-GEN.13.17	4
7:6	GEN.17.4-GEN.17.8	4
7:6	HEB.7.3-HEB.7.4	4
7:6	HEB.11.17	3
7:6	GEN.12.2	2
7:6	GEN.14.19-GEN.14.20	2
7:6	GEN.22.17-GEN.22.18	2
7:6	ACT.3.25	2
7:6	ROM.9.4	2
7:6	GAL.3.16	2
7:6	HEB.6.13-HEB.6.15	2
7:6	HEB.7.1	2
7:6	GEN.12.13	1
7:6	HEB.11.13	1
7:7	GEN.48.15-GEN.48.20	5
7:7	2CH.30.27	5
7:7	GEN.27.20-GEN.27.40	4
7:7	NUM.6.23-NUM.6.27	4
7:7	2SA.6.20	4
7:7	1KI.8.55	4
7:7	LUK.24.50-LUK.24.51	4
7:7	2CO.13.14	4
7:7	1TI.3.16	4
7:7	GEN.49.28	3
7:7	DEU.32.1	3
7:7	HEB.11.20-HEB.11.21	3
7:7	GEN.47.7-GEN.47.10	2
7:7	GEN.28.1-GEN.28.4	1
7:8	HEB.6.20	8
7:8	HEB.5.6	7
7:8	REV.1.18	6
7:8	JHN.14.19	5
7:8	HEB.7.23	5
7:8	JHN.14.6	2
7:8	HEB.3.16	2
7:8	HEB.9.24-HEB.9.25	2
7:8	JHN.11.25-JHN.11.26	1
7:8	HEB.9.27	1
7:9	ROM.5.12	3
7:9	GEN.14.20	2
7:9	HEB.7.4	1
7:10	GEN.35.11	1
7:10	GEN.46.26	1
7:10	HEB.7.5	1
7:10	1KI.8.19	0
7:11	HEB.8.7	11
7:11	GAL.2.21	7
7:11	GAL.4.9	4
7:11	HEB.7.17-HEB.7.19	4
7:11	HEB.5.6	3
7:11	HEB.7.15	3
7:11	HEB.7.21	3
7:11	HEB.8.10-HEB.8.13	3
7:11	GAL.4.3	2
7:11	COL.2.10-COL.2.17	2
7:11	HEB.5.10	2
7:11	HEB.6.20	2
7:11	HEB.10.1-HEB.10.4	1
7:12	JER.31.31-JER.31.34	4
7:12	ISA.66.21	3
7:12	EZK.16.61	2
7:12	ACT.6.13-ACT.6.14	2
7:13	HEB.7.11	4
7:13	HEB.7.14	3
7:13	NUM.17.5	2
7:13	2CH.26.16-2CH.26.21	2
7:13	NUM.16.40	1
7:14	MIC.5.2	12
7:14	ISA.11.1	9
7:14	LUK.3.33	5
7:14	REV.5.5	5
7:14	GEN.49.10	3
7:14	ROM.1.3	3
7:14	REV.22.16	3
7:14	GEN.46.12	2
7:14	NUM.24.17	2
7:14	RUT.4.18-RUT.4.22	2
7:14	JER.23.5-JER.23.6	2
7:14	MAT.1.3-MAT.1.16	2
7:14	LUK.1.43	2
7:14	LUK.2.23-LUK.2.33	2
7:14	JHN.20.13	2
7:14	EPH.1.3	2
7:14	JHN.20.28	1
7:14	ROM.2.3	1
7:14	PHP.3.8	1
7:15	PSA.110.4	5
7:15	HEB.7.3	2
7:15	HEB.7.11	2
7:15	HEB.7.17-HEB.7.21	2
7:16	GAL.4.3	4
7:16	GAL.4.9	4
7:16	COL.2.20	4
7:16	REV.1.18	4
7:16	COL.2.14	3
7:16	HEB.7.3	3
7:16	HEB.7.28	3
7:16	HEB.10.1	3
7:16	HEB.7.17	2
7:16	HEB.7.21	2
7:16	HEB.7.24-HEB.7.25	2
7:16	HEB.9.9-HEB.9.10	1
7:17	PSA.110.4	16
7:17	HEB.5.6	9
7:17	HEB.7.21	6
7:17	HEB.7.15	5
7:17	HEB.5.10	4
7:17	HEB.6.20	3
7:18	ROM.8.3	11
7:18	ACT.13.39	9
7:18	GAL.4.9	6
7:18	HEB.7.11-HEB.7.12	6
7:18	HEB.7.19	5
7:18	HEB.8.7-HEB.8.13	5
7:18	1TI.4.8	4
7:18	GAL.3.17	3
7:18	HEB.13.9	3
7:18	ROM.3.31	2
7:18	GAL.3.15	2
7:18	GAL.4.21	2
7:18	HEB.10.1-HEB.10.9	2
7:18	HEB.9.9-HEB.9.10	1
7:19	ACT.13.39	8
7:19	HEB.4.16	6
7:19	HEB.9.9	6
7:19	ROM.8.3	5
7:19	ROM.5.2	3
7:19	HEB.6.18	3
7:19	HEB.10.1	3
7:19	HEB.11.40	3
7:19	PSA.73.28	2
7:19	JHN.14.6	2
7:19	ROM.3.20-ROM.3.21	2
7:19	GAL.2.16	2
7:19	EPH.2.13-EPH.2.18	2
7:19	HEB.7.25	2
7:19	HEB.8.6	2
7:19	HEB.10.19-HEB.10.22	2
7:19	JHN.1.17	1
7:19	GAL.3.24	1
7:19	EPH.3.12	1
7:19	COL.1.27	1
7:19	1TI.1.1	1
7:19	HEB.7.11	1
7:20	NUM.18.7	2
7:20	HEB.5.6	2
7:20	PSA.110.4	1
7:21	PSA.110.4	21
7:21	HEB.7.17	8
7:21	HEB.6.16-HEB.6.18	3
7:21	1SA.15.29	2
7:22	1CO.11.25	8
7:22	HEB.8.6-HEB.8.12	6
7:22	GEN.44.32	5
7:22	LUK.22.20	5
7:22	HEB.9.15-HEB.9.23	5
7:22	HEB.12.24	5
7:22	HEB.13.20	5
7:22	GEN.43.9	4
7:22	MAT.26.28	3
7:22	MRK.14.24	2
7:22	PRO.6.1	1
7:22	PRO.20.16	1
7:22	DAN.9.27	1
7:23	NEH.12.10-NEH.12.11	2
7:23	1CH.6.3-1CH.6.14	1
7:23	HEB.7.8	1
7:24	JHN.12.34	6
7:24	HEB.7.28	6
7:24	ISA.9.6-ISA.9.7	5
7:24	REV.1.18	4
7:24	HEB.7.8-HEB.7.25	3
7:24	HEB.13.8	3
7:24	1SA.2.35	2
7:24	ROM.6.9	2
7:25	ROM.8.34	53
7:25	1JN.2.1-1JN.2.2	39
7:25	1TI.2.5	38
7:25	JUD.1.24	24
7:25	JHN.14.6	23
7:25	EPH.2.18	16
7:25	ISA.45.22	14
7:25	ROM.5.2	14
7:25	EPH.3.20	13
7:25	HEB.9.24	13
7:25	HEB.7.19	12
7:25	HEB.11.6	12
7:25	ISA.59.16	11
7:25	JOB.23.3	10
7:25	DAN.3.17	10
7:25	DAN.6.20	10
7:25	JHN.14.13	10
7:25	ISA.53.12	9
7:25	ISA.63.1	9
7:25	HEB.5.7	9
7:25	HEB.2.18	7
7:25	HEB.7.16	7
7:25	HEB.13.15	7
7:25	JHN.10.29-JHN.10.30	6
7:25	ISA.45.24	5
7:25	JER.3.22	5
7:25	JHN.14.16	5
7:25	JHN.17.9-JHN.17.26	5
7:25	PHP.3.21	5
7:25	DAN.3.29	4
7:25	JHN.16.23-JHN.16.24	4
7:25	2TI.1.12	4
7:25	HEB.7.24	4
7:25	REV.8.3-REV.8.4	4
7:25	PSA.68.31-PSA.68.32	3
7:25	DAN.3.15	3
7:25	DAN.9.16	3
7:25	JHN.5.37-JHN.5.40	3
7:25	EPH.3.12	2
7:25	HEB.7.8	1
7:25	JOB.22.17	0
7:26	2CO.5.21	12
7:26	1PE.2.22	11
7:26	HEB.4.14-HEB.4.15	10
7:26	HEB.8.1	8
7:26	1JN.2.2	8
7:26	HEB.1.3	7
7:26	ISA.53.9	6
7:26	LUK.23.41	6
7:26	LUK.23.47	6
7:26	EPH.4.8-EPH.4.10	6
7:26	HEB.9.14	6
7:26	HEB.10.11-HEB.10.22	6
7:26	HEB.12.2	6
7:26	1JN.3.5	6
7:26	EXO.28.36	5
7:26	PSA.68.18	5
7:26	MAT.27.18	5
7:26	MRK.16.19	5
7:26	LUK.1.35	5
7:26	LUK.23.22	5
7:26	LUK.24.26	5
7:26	LUK.24.46	5
7:26	JHN.8.29	5
7:26	JHN.14.30	5
7:26	ACT.3.14	5
7:26	ACT.4.27	5
7:26	PHP.2.9-PHP.2.11	5
7:26	HEB.2.10	5
7:26	HEB.7.11	5
7:26	HEB.9.23-HEB.9.26	5
7:26	1PE.1.19	5
7:26	1PE.3.22	5
7:26	EPH.1.20-EPH.1.22	4
7:26	REV.1.17-REV.1.18	4
7:26	REV.3.7	4
7:27	HEB.9.12	13
7:27	HEB.9.28	13
7:27	HEB.9.14	8
7:27	EPH.5.2	7
7:27	HEB.10.6-HEB.10.12	7
7:27	ROM.6.10	6
7:27	TIT.2.14	6
7:27	HEB.5.3	6
7:27	HEB.9.25	5
7:27	LEV.16.11	4
7:27	LEV.9.7-LEV.9.24	3
7:27	LEV.16.15	3
7:27	ISA.53.10-ISA.53.12	3
7:27	HEB.5.1	3
7:27	HEB.9.7	3
7:27	EXO.29.36-EXO.29.42	2
7:27	LEV.4.3-LEV.4.35	2
7:27	LEV.16.6	2
7:27	NUM.28.2-NUM.28.10	2
7:27	EPH.2.22	1
7:28	HEB.2.10	8
7:28	HEB.1.2	7
7:28	HEB.7.21	7
7:28	HEB.5.1-HEB.5.2	6
7:28	PSA.110.4	3
7:28	LUK.13.32	3
7:28	EXO.32.21-EXO.32.22	2
7:28	LEV.4.3	2
7:28	JHN.19.30	2
7:28	HEB.3.6	2
7:28	HEB.5.5	2
7:28	HEB.5.8-HEB.5.9	2
7:28	HEB.7.3	2
7:28	HEB.7.24	2
7:28	HEB.4.14	1
8:1	HEB.1.3	14
8:1	COL.3.1	12
8:1	REV.3.21	11
8:1	HEB.12.2	7
8:1	HEB.7.26-HEB.7.28	6
8:1	HEB.2.17	5
8:1	1CH.29.11	4
8:1	PSA.110.1	4
8:1	HEB.10.12	4
8:1	PSA.21.5	3
8:1	PSA.45.3-PSA.45.4	3
8:1	PSA.104.1	3
8:1	MIC.5.4	3
8:1	JOB.37.22	2
8:1	PSA.145.12	2
8:1	ISA.24.14	2
8:1	EPH.6.20	2
8:1	HEB.1.13	2
8:2	EXO.33.7	7
8:2	ROM.15.8	4
8:2	2CO.5.1	4
8:2	HEB.9.23-HEB.9.24	3
8:2	EXO.28.1	2
8:2	EXO.28.35	2
8:2	LUK.24.44	2
8:2	COL.2.11	2
8:2	HEB.9.8-HEB.9.12	2
8:2	HEB.10.21	2
8:2	HEB.11.10	2
8:3	EPH.5.2	7
8:3	HEB.5.1	7
8:3	HEB.9.14	4
8:3	HEB.10.9-HEB.10.12	3
8:3	TIT.2.14	2
8:3	HEB.7.27	2
8:3	JHN.6.51	1
8:4	HEB.7.11-HEB.7.15	6
8:4	HEB.5.1	5
8:4	NUM.16.40	3
8:4	NUM.17.12-NUM.17.13	3
8:4	NUM.18.5	3
8:4	2CH.26.18-2CH.26.19	3
8:4	HEB.11.4	2
8:5	EXO.25.40	22
8:5	COL.2.17	17
8:5	HEB.10.1	15
8:5	EXO.26.30	9
8:5	EXO.27.8	8
8:5	1CH.28.19	7
8:5	NUM.8.4	6
8:5	1CH.28.12	6
8:5	HEB.9.9	5
8:5	HEB.9.23-HEB.9.24	5
8:5	ACT.7.44	4
8:5	HEB.11.7	4
8:5	HEB.12.25	4
8:6	HEB.7.22	19
8:6	GAL.3.16-GAL.3.21	12
8:6	HEB.12.24	11
8:6	LUK.22.20	8
8:6	2PE.1.4	8
8:6	ROM.9.4	7
8:6	2CO.3.6-2CO.3.11	7
8:6	TIT.1.2	7
8:6	HEB.9.15-HEB.9.20	6
8:6	HEB.8.7-HEB.8.13	5
8:7	HEB.7.11	12
8:7	GAL.3.21	8
8:7	HEB.7.18	8
8:7	HEB.8.6	6
8:8	JER.31.31-JER.31.34	86
8:8	HEB.10.16-HEB.10.17	23
8:8	HEB.12.24	9
8:8	JER.32.40	8
8:8	HEB.9.15	7
8:8	EZK.37.26	6
8:8	2CO.3.6	5
8:8	ISA.55.3	4
8:8	JER.31.38	4
8:8	JER.33.24-JER.33.26	4
8:8	EZK.16.60-EZK.16.61	4
8:8	LUK.22.20	4
8:8	1CO.11.25	4
8:8	JER.23.5	3
8:8	JER.23.7	3
8:8	JER.30.3	3
8:8	JER.31.27	3
8:8	MRK.14.24	3
8:8	MAT.26.28	2
8:8	LUK.17.22	2
8:9	JER.31.32	11
8:9	GAL.4.24	5
8:9	EZK.20.37-EZK.20.38	4
8:9	MRK.8.23	4
8:9	GEN.19.16	3
8:9	EXO.24.3-EXO.24.11	3
8:9	EXO.34.10	3
8:9	DEU.5.2-DEU.5.3	3
8:9	DEU.29.1	3
8:9	DEU.29.12	3
8:9	DEU.29.25	3
8:9	DEU.31.16-DEU.31.18	3
8:9	2KI.17.15-2KI.17.18	3
8:9	JOB.8.20	3
8:9	PSA.77.20	3
8:9	PSA.78.10-PSA.78.11	3
8:9	PSA.78.57	3
8:9	PSA.105.43	3
8:9	SNG.8.5	3
8:9	ISA.24.5-ISA.24.6	3
8:9	ISA.40.11	3
8:9	ISA.63.9	3
8:9	JER.11.7-JER.11.8	3
8:9	JER.22.8-JER.22.9	3
8:9	EZK.16.8	3
8:9	EZK.16.59	3
8:9	AMO.5.22	3
8:9	MAL.2.13	3
8:9	ACT.9.8	3
8:9	ACT.13.11	3
8:9	GAL.3.15-GAL.3.19	3
8:9	HEB.9.18-HEB.9.20	3
8:9	EXO.19.4-EXO.19.5	2
8:9	JOS.23.15-JOS.23.16	2
8:9	JDG.10.13-JDG.10.14	2
8:9	ISA.41.13	2
8:9	ISA.63.11-ISA.63.13	2
8:9	EXO.32.8	1
8:9	PSA.78.52-PSA.78.54	1
8:9	PSA.136.11-PSA.136.14	1
8:9	ISA.51.18	1
8:9	LAM.4.16	1
8:9	EXO.34.27-EXO.34.28	0
8:10	EZK.36.26-EZK.36.28	330
8:10	JER.31.33	262
8:10	2CO.3.3	212
8:10	EZK.11.19-EZK.11.20	211
8:10	HEB.10.16-HEB.10.17	183
8:10	DEU.30.6	168
8:10	JER.24.7	166
8:10	1PE.2.9	122
8:10	ROM.9.25-ROM.9.26	109
8:10	ROM.11.27	98
8:10	JAS.1.21	93
8:10	TIT.2.14	91
8:10	2CO.3.7-2CO.3.8	85
8:10	ZEC.8.8	83
8:10	1PE.1.23	82
8:10	EZK.37.27	78
8:10	JAS.1.18	78
8:10	JER.32.40	73
8:10	ZEC.13.9	70
8:10	JER.32.38	59
8:10	MAT.22.32	57
8:10	EXO.19.5-EXO.19.6	55
8:10	HEB.11.16	50
8:10	EXO.34.27	49
8:10	GEN.17.7-GEN.17.8	48
8:10	EXO.24.4	48
8:10	SNG.2.16	46
8:10	EZK.39.22	46
8:10	JER.31.1	45
8:10	HOS.1.10	45
8:10	EXO.24.7	43
8:10	HOS.2.23	43
8:10	EXO.34.1	42
8:10	1CO.6.16	40
8:11	JER.31.34	20
8:11	ISA.54.13	15
8:11	JHN.6.45	15
8:11	JER.24.7	9
8:11	1JN.2.27	9
8:11	1JN.5.20	6
8:11	1CH.28.9	5
8:11	HAB.2.14	5
8:11	ACT.8.10	5
8:11	ISA.2.3	4
8:11	2CH.30.22	3
8:11	EZR.7.25	3
8:11	EZK.34.30	3
8:11	2KI.17.27-2KI.17.28	1
8:11	JER.6.13	1
8:11	JER.44.12	1
8:11	JER.42.1	0
8:12	ISA.43.25	20
8:12	HEB.10.16-HEB.10.17	19
8:12	ROM.11.27	17
8:12	MIC.7.19	16
8:12	JER.33.8	10
8:12	ACT.13.38-ACT.13.39	10
8:12	1JN.1.7-1JN.1.9	10
8:12	JER.50.20	8
8:12	EPH.1.7	8
8:12	ISA.44.22	7
8:12	1JN.2.1-1JN.2.2	7
8:12	COL.1.14	6
8:12	PSA.25.7	5
8:12	REV.1.5	5
8:12	PSA.65.3	4
8:13	2CO.5.17	21
8:13	HEB.7.18-HEB.7.19	18
8:13	HEB.7.11-HEB.7.12	11
8:13	HEB.9.15	7
8:13	HEB.9.9-HEB.9.10	6
8:13	1CO.13.8	5
8:13	ISA.51.6	4
8:13	MAT.24.35	0
9:1	EXO.25.8	13
9:1	HEB.9.10-HEB.9.11	6
9:1	LEV.18.30	4
9:1	HEB.8.2	4
9:1	LEV.18.3-LEV.18.4	3
9:1	LEV.22.9	3
9:1	NUM.9.12	2
9:1	EZK.43.11	2
9:1	COL.2.8	2
9:1	HEB.8.7	2
9:1	LUK.1.6	1
9:1	HEB.8.13	1
9:2	EXO.40.4	8
9:2	LEV.24.5-LEV.24.8	6
9:2	EXO.26.35	4
9:2	EXO.26.33	3
9:2	EXO.40.18-EXO.40.20	3
9:2	EXO.40.22-EXO.40.24	3
9:2	EXO.25.8-EXO.25.9	2
9:2	EXO.25.23-EXO.26.30	2
9:2	EXO.29.1	2
9:2	EXO.29.35	2
9:2	EXO.36.8-EXO.36.38	2
9:2	EXO.39.32-EXO.39.34	2
9:2	EXO.39.36-EXO.39.38	2
9:2	EXO.40.2	2
9:2	EXO.37.10-EXO.37.24	1
9:3	EXO.26.31-EXO.26.33	5
9:3	EXO.40.3	4
9:3	EXO.40.21	4
9:3	MAT.27.51	4
9:3	1KI.8.6	3
9:3	HEB.9.8	3
9:3	2CH.3.14	2
9:3	ISA.25.7	2
9:3	HEB.6.19	2
9:3	HEB.10.19-HEB.10.20	2
9:3	EXO.36.35-EXO.36.38	1
9:4	NUM.17.10	10
9:4	EXO.26.33	6
9:4	EXO.40.3	6
9:4	LEV.16.12	6
9:4	2CH.5.10	6
9:4	EXO.16.32-EXO.16.34	4
9:4	EXO.34.29	4
9:4	EXO.40.20-EXO.40.21	4
9:4	NUM.17.5	4
9:4	NUM.17.8	3
9:4	DEU.10.2-DEU.10.5	3
9:4	1KI.7.50	3
9:4	1KI.8.9	3
9:4	1KI.8.21	3
9:4	REV.8.3	3
9:4	EXO.25.10-EXO.25.22	2
9:4	EXO.30.1-EXO.30.5	2
9:4	EXO.37.1-EXO.37.5	2
9:4	EXO.39.35	2
9:4	PSA.110.2-PSA.110.3	2
9:5	LEV.16.2	6
9:5	NUM.7.89	6
9:5	EXO.25.17-EXO.25.22	5
9:5	1KI.8.6-1KI.8.7	5
9:5	LEV.16.13	4
9:5	PSA.80.1	4
9:5	PSA.99.1	4
9:5	EXO.37.6-EXO.37.9	3
9:5	1SA.4.4	3
9:5	2KI.19.15	3
9:5	1CH.28.11	3
9:5	HEB.4.16	3
9:5	1PE.1.12	3
9:5	EPH.3.10	2
9:6	NUM.28.3	6
9:6	EXO.27.21	3
9:6	LUK.1.8-LUK.1.11	3
9:6	EXO.30.7-EXO.30.8	2
9:6	2CH.26.16-2CH.26.19	2
9:6	DAN.8.11	2
9:7	LEV.16.34	9
9:7	LEV.5.18	6
9:7	EXO.30.10	4
9:7	HEB.7.27	4
9:7	HEB.10.19-HEB.10.20	4
9:7	ISA.3.12	3
9:7	ISA.9.16	3
9:7	ISA.28.7	3
9:7	HOS.4.12	3
9:7	HEB.9.24-HEB.9.25	3
9:7	LEV.16.2-LEV.16.20	2
9:7	2CH.33.9	2
9:7	PSA.19.12	2
9:7	PSA.95.10	2
9:7	ISA.29.14	2
9:7	AMO.2.14	2
9:7	HEB.5.2-HEB.5.3	2
9:7	HEB.10.3	2
9:7	2SA.6.7	0
9:8	JHN.14.6	7
9:8	HEB.3.7	6
9:8	JHN.10.9	5
9:8	EPH.2.18	5
9:8	HEB.10.19-HEB.10.22	5
9:8	GAL.3.8	3
9:8	HEB.9.3	3
9:8	2PE.1.21	3
9:8	ISA.63.11	2
9:8	JHN.10.7	2
9:8	ACT.28.25	2
9:8	ACT.7.51-ACT.7.52	1
9:8	HEB.4.15-HEB.4.16	1
9:8	HEB.10.15	1
9:9	1PE.3.21	6
9:9	HEB.5.1	4
9:9	PSA.51.16-PSA.51.19	3
9:9	ROM.5.14	3
9:9	HEB.10.11	3
9:9	GAL.3.21	2
9:9	HEB.7.11	2
9:9	HEB.7.18-HEB.7.19	2
9:9	HEB.9.13-HEB.9.14	2
9:9	HEB.9.24	2
9:9	HEB.10.1-HEB.10.4	2
9:9	HEB.11.19	2
9:9	HEB.11.39-HEB.11.40	2
9:9	1PE.1.11-1PE.1.12	1
9:9	PSA.40.6-PSA.40.7	0
9:10	EPH.2.15	5
9:10	COL.2.16	5
9:10	LEV.11.2-LEV.11.47	4
9:10	HEB.7.16	4
9:10	EXO.30.19-EXO.30.21	3
9:10	EXO.40.12	3
9:10	LEV.16.4	3
9:10	LEV.16.24	3
9:10	DEU.21.6	3
9:10	DEU.23.11	3
9:10	EZK.4.14	3
9:10	GAL.4.3-GAL.4.4	3
9:10	EPH.1.10	3
9:10	HEB.2.5	3
9:10	HEB.6.5	3
9:10	HEB.9.1	3
9:10	HEB.10.22	3
9:10	EXO.29.4	2
9:10	LEV.17.15-LEV.17.16	2
9:10	LEV.22.6	2
9:10	NUM.19.7-NUM.19.21	2
9:10	DEU.14.3-DEU.14.21	2
9:10	MRK.7.4	2
9:10	ACT.10.13-ACT.10.15	2
9:10	GAL.4.9	2
9:10	COL.2.20-COL.2.22	2
9:10	HEB.6.2	2
9:10	HEB.13.9	2
9:10	LEV.14.8-LEV.14.9	1
9:11	HEB.9.23-HEB.9.24	9
9:11	ACT.17.24-ACT.17.25	8
9:11	2CO.5.1	8
9:11	HEB.8.1-HEB.8.2	8
9:11	HEB.10.1	7
9:11	MRK.14.58	6
9:11	ACT.7.48	6
9:11	HEB.2.17	6
9:11	1JN.5.20	6
9:11	PSA.40.7	5
9:11	JHN.1.14	5
9:11	JHN.4.25	5
9:11	HEB.3.1	5
9:11	HEB.5.5-HEB.5.6	5
9:11	2JN.1.7	5
9:11	ISA.59.20	4
9:11	HEB.7.1	4
9:11	1JN.4.2-1JN.4.3	4
9:11	GEN.49.10	3
9:11	MAT.2.6	3
9:11	MAT.11.3	3
9:11	COL.2.11	3
9:11	HEB.4.15	3
9:11	HEB.9.1-HEB.9.9	3
9:11	MAL.3.1	2
9:11	HEB.7.11-HEB.7.27	2
9:12	HEB.10.4	36
9:12	1PE.1.18-1PE.1.19	25
9:12	HEB.9.15	19
9:12	EPH.1.7	14
9:12	HEB.9.24-HEB.9.26	11
9:12	HEB.5.9	9
9:12	LEV.9.15	8
9:12	GAL.3.13-GAL.3.14	8
9:12	HEB.9.28	8
9:12	REV.1.5	8
9:12	HEB.7.27	7
9:12	HEB.10.9-HEB.10.14	7
9:12	HEB.10.19	7
9:12	ZEC.3.9	6
9:12	1TH.1.10	6
9:12	HEB.1.3	6
9:12	HEB.9.13	6
9:12	DAN.9.24	5
9:12	LEV.16.5-LEV.16.10	4
9:12	MRK.3.29	4
9:12	ACT.20.28	4
9:12	COL.1.14	4
9:12	LEV.8.2	3
9:12	TIT.2.14	3
9:12	REV.5.9	3
9:12	HEB.9.7	2
9:13	NUM.19.2-NUM.19.21	7
9:13	LEV.16.14-LEV.16.16	6
9:13	ACT.15.9	5
9:13	1PE.1.22	4
9:13	2CH.30.19	3
9:13	PSA.51.7	3
9:13	NUM.8.7	1
9:14	HEB.10.22	47
9:14	1PE.1.19	36
9:14	1JN.1.7	35
9:14	HEB.9.12	31
9:14	1PE.2.24	29
9:14	1PE.3.18	21
9:14	TIT.2.14	15
9:14	HEB.1.3	13
9:14	HEB.7.27	13
9:14	1PE.4.2	13
9:14	REV.1.5	12
9:14	HEB.6.1	10
9:14	ROM.6.13	9
9:14	1JN.3.5	8
9:14	JER.10.10	7
9:14	ROM.6.22	7
9:14	LUK.1.74	6
9:14	ROM.11.12	6
9:14	2CO.5.21	6
9:14	EPH.2.5	6
9:14	EPH.5.2	6
9:14	1TI.1.17	6
9:14	HEB.10.2	6
9:14	LEV.22.20	5
9:14	DAN.6.26	5
9:14	MAT.20.28	5
9:14	LUK.4.18	5
9:14	JHN.3.34	5
9:14	ROM.1.20	5
9:14	ROM.11.24	5
9:14	2CO.6.16	5
9:14	GAL.2.19	5
9:14	1PE.2.22	5
9:14	DEU.17.1	4
9:14	ACT.10.38	4
9:14	ACT.14.15	4
9:14	HEB.9.9	4
9:14	HEB.11.21	4
9:14	NUM.19.2-NUM.19.21	3
9:14	NUM.28.11	3
9:14	DEU.33.27	3
9:14	2SA.4.11	3
9:14	DAN.9.24-DAN.9.26	3
9:14	MAT.7.11	3
9:14	MAT.12.28	3
9:14	LUK.12.24	3
9:14	LUK.12.28	3
9:14	ACT.1.2	3
9:14	1TH.1.9	3
9:14	1TI.3.15	3
9:14	HEB.9.7	3
9:14	NUM.28.3	2
9:14	DEU.15.21	2
9:14	ISA.57.15	2
9:14	ROM.1.4	2
9:14	NUM.28.9	1
9:14	DEU.5.26	1
9:14	1SA.17.26	1
9:14	2KI.19.16	1
9:14	JOB.15.16	1
9:14	ISA.42.1	1
9:14	ISA.53.9	1
9:15	ROM.3.24-ROM.3.26	33
9:15	ROM.8.30	32
9:15	ROM.8.28	28
9:15	HEB.9.12	28
9:15	HEB.10.36	19
9:15	1TI.2.5	11
9:15	HEB.12.24	11
9:15	JHN.10.28	10
9:15	HEB.7.22	8
9:15	HEB.9.28	8
9:15	1PE.3.18	8
9:15	ROM.5.6	7
9:15	HEB.13.20	7
9:15	REV.5.9	7
9:15	TIT.1.2	6
9:15	HEB.2.14	6
9:15	HEB.3.1	6
9:15	HEB.6.13	6
9:15	HEB.11.39-HEB.11.40	6
9:15	MAT.19.29	5
9:15	2TI.2.10	5
9:15	TIT.3.7	5
9:15	HEB.8.13-HEB.9.1	5
9:15	ROM.6.23	4
9:15	2TH.2.14	4
9:15	HEB.8.6-HEB.8.8	4
9:15	HEB.11.13	4
9:15	JAS.1.12	4
9:15	1PE.1.3-1PE.1.4	4
9:15	1PE.5.10	4
9:15	1JN.2.25	4
9:15	REV.14.3-REV.14.4	4
9:15	PSA.37.18	3
9:15	ISA.53.10-ISA.53.12	3
9:15	DAN.9.26	3
9:15	MAT.25.34	3
9:15	MAT.25.36	3
9:15	MRK.10.17	3
9:15	LUK.18.18	3
9:15	ROM.5.8	3
9:15	ROM.5.10	3
9:15	ROM.9.24	3
9:15	2CO.3.6	3
9:15	EPH.1.7	3
9:15	HEB.9.16	3
9:16	JAS.2.10	2
9:16	1CO.15.22	1
9:16	ROM.5.12	0
9:16	ROM.6.23	0
9:17	GEN.48.21	3
9:17	JHN.14.27	2
9:17	GAL.3.15	2
9:18	EXO.24.3-EXO.24.8	7
9:18	HEB.8.7-HEB.8.9	2
9:18	HEB.9.14	2
9:18	HEB.9.22	2
9:18	EXO.12.22	1
9:19	EXO.24.5-EXO.24.11	8
9:19	NUM.19.6	5
9:19	NUM.19.18	5
9:19	EZK.36.25	5
9:19	HEB.9.12	5
9:19	HEB.10.4	5
9:19	LEV.14.4-LEV.14.7	3
9:19	LEV.16.14-LEV.16.18	3
9:19	1PE.1.2	3
9:19	EXO.12.22	2
9:19	LEV.1.2-LEV.1.3	2
9:19	LEV.1.10	2
9:19	LEV.3.6	2
9:19	LEV.14.49-LEV.14.52	2
9:19	ISA.52.15	2
9:19	MAT.27.28	2
9:19	MRK.15.17	2
9:19	MRK.15.20	2
9:19	JHN.19.2	2
9:19	JHN.19.5	2
9:19	PSA.51.7	1
9:19	HEB.12.24	0
9:20	EXO.24.8	16
9:20	MAT.26.28	13
9:20	DEU.29.12	5
9:20	ZEC.9.11	5
9:20	HEB.13.20	5
9:20	JOS.9.6	3
9:21	LEV.8.15	6
9:21	LEV.8.19	6
9:21	EXO.29.12	5
9:21	EXO.29.36	5
9:21	LEV.9.8-LEV.9.9	4
9:21	LEV.9.18	4
9:21	LEV.16.14-LEV.16.19	4
9:21	EZK.43.18-EZK.43.26	4
9:21	EXO.29.20	2
9:21	2CH.29.19-2CH.29.22	2
9:22	LEV.17.11	70
9:22	LEV.6.7	24
9:22	LEV.4.35	17
9:22	LEV.5.18	15
9:22	LEV.14.14	12
9:22	LEV.5.10	11
9:22	LEV.14.6	10
9:22	LEV.4.20	8
9:22	LEV.4.26	6
9:22	LEV.5.12	6
9:22	LEV.14.25	6
9:22	LEV.14.51-LEV.14.52	5
9:23	1PE.1.19-1PE.1.21	25
9:23	HEB.10.4	24
9:23	HEB.9.14	21
9:23	HEB.9.9-HEB.9.12	19
9:23	HEB.9.24	18
9:23	HEB.8.5	10
9:23	REV.5.9	6
9:23	LUK.24.26	3
9:23	LUK.24.46	3
9:23	COL.2.17	3
9:23	HEB.10.10-HEB.10.17	2
9:23	JHN.14.3	1
9:23	HEB.10.1	1
9:24	HEB.12.2	26
9:24	HEB.9.11-HEB.9.12	25
9:24	HEB.9.23	24
9:24	HEB.8.2	8
9:24	JHN.16.28	6
9:24	EXO.28.29	4
9:24	MRK.14.58	4
9:24	MRK.16.19	4
9:24	LUK.24.51	4
9:24	JHN.2.19-JHN.2.21	4
9:24	ACT.3.21	4
9:24	ROM.8.33	4
9:24	EPH.1.20-EPH.1.22	4
9:24	EPH.4.8-EPH.4.11	4
9:24	COL.3.2	4
9:24	EXO.28.12	3
9:24	PSA.68.18	3
9:24	ZEC.3.1	3
9:24	JHN.6.62	3
9:24	ACT.1.9-ACT.1.11	3
9:24	HEB.1.3	3
9:24	HEB.6.20	3
9:24	HEB.8.5	3
9:24	HEB.9.9	3
9:24	1PE.3.22	3
9:24	REV.8.3	3
9:24	HEB.7.25-HEB.7.26	2
9:24	1JN.2.1-1JN.2.2	2
9:25	HEB.9.12	10
9:25	HEB.9.14	8
9:25	HEB.9.7	7
9:25	HEB.9.26	6
9:25	HEB.10.19	4
9:25	EXO.30.10	3
9:25	LEV.16.2-LEV.16.34	2
9:25	HEB.10.10	2
9:26	HEB.9.12	13
9:26	HEB.10.4	11
9:26	1PE.1.20	11
9:26	HEB.1.2	10
9:26	MAT.25.34	9
9:26	HEB.9.14	9
9:26	1PE.3.18	9
9:26	1PE.2.24	8
9:26	HEB.7.27	7
9:26	1JN.3.5	7
9:26	HEB.10.12	6
9:26	HEB.10.10	5
9:26	EPH.1.10	4
9:26	EPH.5.2	4
9:26	TIT.2.14	4
9:26	HEB.4.3	4
9:26	MIC.4.1	3
9:26	JHN.1.29	3
9:26	1CO.10.11	3
9:26	HEB.10.26	3
9:26	REV.17.8	3
9:26	LEV.16.21-LEV.16.22	2
9:26	2SA.12.13	2
9:26	2SA.24.10	2
9:26	JOB.7.21	2
9:26	ISA.2.2	2
9:26	DAN.9.24	2
9:26	DAN.10.14	2
9:26	JHN.17.24	2
9:26	REV.13.8	2
9:26	GAL.4.1	1
9:27	2CO.5.10	68
9:27	ECC.12.14	41
9:27	ECC.12.7	40
9:27	ACT.17.31	39
9:27	2SA.14.14	36
9:27	JHN.5.26-JHN.5.29	32
9:27	ECC.9.5	27
9:27	JUD.1.15	22
9:27	ECC.11.9	20
9:27	MAT.25.31-MAT.25.46	20
9:27	2TI.4.1	20
9:27	ECC.3.20	17
9:27	1CO.4.5	17
9:27	ROM.5.12	16
9:27	JOB.14.5	15
9:27	ROM.14.9-ROM.14.12	11
9:27	GEN.3.19	10
9:27	JOB.30.23	10
9:27	PSA.89.48	10
9:27	HEB.6.2	10
9:27	ROM.2.5	9
9:27	REV.20.11	8
9:27	JOB.19.25	7
9:27	ECC.9.10	7
9:28	TIT.2.13	37
9:28	1PE.2.24	28
9:28	ISA.25.9	25
9:28	ROM.6.10	25
9:28	2TI.4.8	24
9:28	ROM.8.23	18
9:28	1JN.3.2	16
9:28	PHP.3.20-PHP.3.21	15
9:28	1TH.1.10	15
9:28	ACT.1.11	14
9:28	MAT.26.28	13
9:28	1PE.3.18	12
9:28	JHN.14.3	10
9:28	ROM.8.3	9
9:28	1CO.15.54	9
9:28	HEB.4.15	9
9:28	2PE.3.12	9
9:28	ISA.53.11-ISA.53.12	7
9:28	ZEC.14.5	7
9:28	1CO.1.7	7
9:28	2TH.1.5-2TH.1.10	7
9:28	2TH.2.1	7
9:28	1JN.3.5	7
9:28	REV.1.7	7
9:28	HEB.9.25	6
9:28	ROM.5.15	5
9:28	1TH.4.14-1TH.4.17	5
9:28	ISA.53.4-ISA.53.6	4
9:28	LEV.10.17	3
9:28	NUM.18.23	3
9:28	NUM.18.1	0
10:1	COL.2.17	6
10:1	HEB.8.5	6
10:1	HEB.9.11	6
10:1	HEB.9.23	5
10:1	HEB.7.18-HEB.7.19	3
10:1	HEB.9.25	2
10:1	HEB.9.8-HEB.9.9	1
10:1	HEB.10.11-HEB.10.18	1
10:1	HEB.10.3-HEB.10.4	0
10:2	ISA.43.25	10
10:2	MIC.7.19	9
10:2	PSA.103.12	8
10:2	ISA.44.22	6
10:2	HEB.9.13-HEB.9.14	4
10:2	HEB.10.17	4
10:3	HEB.9.7	8
10:3	EXO.30.10	5
10:3	LEV.16.6-LEV.16.11	3
10:3	LEV.16.34	3
10:3	LEV.23.27-LEV.23.28	3
10:3	LEV.16.21-LEV.16.22	2
10:3	LEV.16.29-LEV.16.30	2
10:3	NUM.29.7-NUM.29.11	2
10:3	1KI.17.18	2
10:3	MAT.26.28	2
10:4	HEB.10.11	20
10:4	ISA.1.11-ISA.1.15	18
10:4	MIC.6.6-MIC.6.8	13
10:4	ROM.11.27	8
10:4	1JN.3.5	7
10:4	MRK.12.33	6
10:4	HEB.10.8	6
10:4	PSA.51.16	5
10:4	HOS.6.6	5
10:4	AMO.5.21-AMO.5.22	5
10:4	JHN.1.29	5
10:4	HEB.9.9	5
10:4	HEB.9.12-HEB.9.13	4
10:4	JER.7.21-JER.7.22	3
10:4	HOS.14.2	3
10:4	PSA.50.8-PSA.50.12	2
10:4	ISA.66.3	2
10:4	JER.6.20	2
10:5	PSA.40.6-PSA.40.8	45
10:5	ISA.1.11	42
10:5	ISA.7.14	31
10:5	1PE.2.24	29
10:5	MAT.1.20-MAT.1.23	26
10:5	HEB.10.7	12
10:5	GAL.4.4	11
10:5	HEB.1.6	11
10:5	HEB.2.14	11
10:5	HEB.10.10	10
10:5	HEB.8.3	9
10:5	PSA.50.8-PSA.50.23	8
10:5	JER.6.20	8
10:5	AMO.5.21-AMO.5.22	8
10:5	LUK.1.35	8
10:5	JHN.1.14	8
10:5	1TI.3.16	8
10:5	1JN.4.2-1JN.4.3	8
10:5	2JN.1.7	8
10:5	GEN.3.15	7
10:5	JER.31.22	7
10:5	MAT.11.3	7
10:5	LUK.7.19	6
10:6	HEB.10.4	4
10:6	MAL.1.10	3
10:6	MAT.3.17	3
10:6	LEV.1.1-LEV.1.6	2
10:6	PSA.147.11	2
10:6	EPH.5.2	2
10:6	PHP.4.18	2
10:7	PSA.40.7-PSA.40.8	57
10:7	JHN.4.34	30
10:7	JHN.6.38	28
10:7	JHN.5.30	24
10:7	HEB.10.9-HEB.10.10	19
10:7	JER.36.2	8
10:7	GEN.3.15	6
10:7	PRO.8.31	3
10:8	HEB.10.5	6
10:8	MRK.12.33	4
10:9	HEB.7.18-HEB.7.19	10
10:9	HEB.12.27-HEB.12.28	7
10:9	HEB.10.7	6
10:9	HEB.9.11-HEB.9.14	5
10:9	HEB.8.7-HEB.8.13	4
10:10	HEB.10.14	22
10:10	HEB.10.12	18
10:10	1CO.6.11	16
10:10	HEB.7.27	14
10:10	JHN.17.19	12
10:10	HEB.9.12	11
10:10	HEB.13.12	11
10:10	1CO.1.30	10
10:10	HEB.9.28	8
10:10	1PE.2.24	8
10:10	ZEC.13.1	7
10:10	HEB.10.20	7
10:10	HEB.9.26	5
10:10	HEB.2.14	4
10:10	JHN.19.34	3
10:10	1JN.5.6	3
10:10	HEB.2.11	2
10:10	HEB.10.5	0
10:11	HEB.10.4	8
10:11	NUM.28.3	7
10:11	HEB.5.1	7
10:11	PSA.50.8-PSA.50.13	6
10:11	ISA.1.11	5
10:11	HEB.7.27	5
10:11	HEB.10.1	5
10:11	DAN.8.11	4
10:11	DAN.9.21	4
10:11	DAN.9.27	4
10:11	DAN.11.31	4
10:11	DAN.12.11	4
10:11	LUK.1.9-LUK.1.10	4
10:11	NUM.28.24	3
10:11	NUM.29.6	3
10:11	EZK.45.4	3
10:11	EXO.29.38-EXO.29.39	2
10:12	HEB.1.3	17
10:12	COL.3.1	12
10:12	ROM.8.34	10
10:12	HEB.8.1	7
10:12	ACT.2.33-ACT.2.34	6
10:12	HEB.9.12	6
10:13	HEB.1.13	13
10:13	PSA.110.1	11
10:13	LUK.20.43	9
10:13	1CO.15.25	7
10:13	MRK.12.36	6
10:13	MAT.22.44	5
10:13	ACT.2.35	5
10:13	DAN.2.44	2
10:14	HEB.9.14	12
10:14	HEB.7.25	11
10:14	HEB.10.1	10
10:14	HEB.2.11	8
10:14	ROM.15.16	7
10:14	HEB.13.12	7
10:14	ACT.20.32	6
10:14	EPH.5.26	5
10:14	HEB.6.13-HEB.6.14	5
10:14	HEB.7.19	5
10:14	1CO.1.2	4
10:14	HEB.9.10	3
10:14	JUD.1.1	3
10:14	ACT.26.13	1
10:15	HEB.3.7	7
10:15	2PE.1.21	5
10:15	REV.2.11	5
10:15	REV.3.6	5
10:15	JHN.15.26	4
10:15	ACT.28.25	4
10:15	2SA.23.2	3
10:15	NEH.9.30	3
10:15	HEB.9.8	3
10:15	1PE.1.11-1PE.1.12	3
10:15	REV.2.7	3
10:15	REV.2.17	3
10:15	REV.2.29	3
10:15	REV.3.13	3
10:15	REV.3.22	3
10:15	HEB.2.3-HEB.2.4	2
10:15	REV.19.10	2
10:16	JER.31.33-JER.31.34	81
10:16	HEB.8.8-HEB.8.12	42
10:16	ROM.11.27	28
10:17	HEB.8.12	22
10:17	JER.31.34	21
10:18	HEB.10.2	5
10:18	HEB.10.14	3
10:19	EPH.2.18	27
10:19	HEB.9.12	22
10:19	HEB.4.16	21
10:19	EPH.3.12	15
10:19	ROM.5.2	13
10:19	HEB.12.28	12
10:19	1JN.4.17	10
10:19	ROM.8.15	9
10:19	2TI.1.7	8
10:19	1JN.3.19-1JN.3.21	8
10:19	GAL.4.6-GAL.4.7	7
10:19	HEB.9.3	5
10:19	HEB.9.7-HEB.9.8	5
10:19	HEB.7.25	4
10:19	HEB.9.23-HEB.9.25	4
10:19	1JN.2.1-1JN.2.2	4
10:20	JHN.14.6	18
10:20	JHN.10.9	11
10:20	HEB.9.3	7
10:20	LEV.16.2	5
10:20	MAT.27.51	5
10:20	MRK.15.38	5
10:20	JHN.10.7	5
10:20	HEB.6.19	5
10:20	HEB.9.8	5
10:20	LUK.23.45	4
10:20	1TI.3.16	4
10:20	1PE.3.18	4
10:20	1JN.4.2	4
10:20	EXO.26.31-EXO.26.37	3
10:20	EXO.36.35-EXO.36.38	3
10:20	LEV.16.15	3
10:20	2JN.1.7	3
10:20	JHN.6.51-JHN.6.56	2
10:20	EPH.2.15	2
10:20	LEV.21.23	1
10:21	HEB.2.17	11
10:21	HEB.4.14-HEB.4.16	8
10:21	HEB.6.20	7
10:21	HEB.8.1	7
10:21	EPH.2.19-EPH.2.22	6
10:21	HEB.3.1	6
10:21	HEB.7.26	6
10:21	HEB.3.3-HEB.3.6	5
10:21	2CO.6.16-2CO.6.17	4
10:21	1TI.3.15	4
10:21	1CO.3.9-1CO.3.17	3
10:21	MAT.16.18	2
10:22	EZK.36.25	50
10:22	JHN.3.5	40
10:22	EPH.5.26	26
10:22	1PE.3.21	24
10:22	1CO.6.11	23
10:22	HEB.4.16	18
10:22	HEB.7.19	18
10:22	2CO.7.1	15
10:22	TIT.3.5	15
10:22	PSA.73.28	13
10:22	HEB.9.13-HEB.9.14	13
10:22	HEB.12.24	13
10:22	1PE.1.2	13
10:22	EPH.3.12	10
10:22	HEB.9.19	10
10:22	LEV.8.6	9
10:22	JAS.4.8	9
10:22	LEV.14.7	8
10:22	NUM.8.7	8
10:22	NUM.19.18-NUM.19.19	8
10:22	ISA.29.13	8
10:22	JER.24.7	8
10:22	EZK.16.9	8
10:22	MAT.3.11	8
10:22	JHN.13.8-JHN.13.10	8
10:22	EXO.29.4	7
10:22	PSA.51.10	7
10:22	PSA.119.7	7
10:22	PRO.23.26	7
10:22	ZEC.13.1	7
10:22	HEB.10.19	7
10:22	HEB.11.28	7
10:22	JAS.1.6	7
10:22	1JN.3.19-1JN.3.22	7
10:22	1CH.28.9	6
10:22	ISA.52.15	6
10:22	JER.3.10	6
10:22	JER.30.21	6
10:22	MAT.21.21-MAT.21.22	6
10:22	MRK.11.23-MRK.11.24	6
10:22	1TI.4.2	6
10:22	HEB.9.10	6
10:22	1KI.15.3	5
10:22	1CH.12.33	5
10:22	1CH.29.17	5
10:22	PSA.9.1	5
10:22	PSA.32.11	5
10:22	PSA.84.11	5
10:22	PSA.94.15	5
10:22	PSA.111.1	5
10:22	PSA.119.2	5
10:22	PSA.119.10	5
10:22	PSA.119.34	5
10:22	PSA.119.58	5
10:22	PSA.119.69	5
10:22	PSA.119.80	5
10:22	PSA.119.145	5
10:22	JHN.8.9	5
10:22	ACT.8.21	5
10:22	EPH.6.5	5
10:22	REV.1.5	5
10:23	1TH.5.24	73
10:23	1CO.1.9	69
10:23	2TH.3.3	59
10:23	HEB.6.18	50
10:23	TIT.1.2	49
10:23	HEB.3.6	45
10:23	1CO.10.13	41
10:23	REV.3.11	39
10:23	JAS.1.6	33
10:23	HEB.4.14	31
10:23	HEB.11.11	29
10:23	HEB.3.14	24
10:24	1TH.5.11	89
10:24	1JN.3.18	46
10:24	HEB.13.1	45
10:24	GAL.5.13	41
10:24	COL.3.16	36
10:24	TIT.3.8	30
10:24	1TH.3.12-1TH.3.13	29
10:24	1TI.6.18	22
10:24	GAL.6.1	17
10:24	1CO.10.33	15
10:24	HEB.6.10-HEB.6.11	15
10:24	2CO.8.8	14
10:24	GAL.5.6	13
10:24	GAL.5.22	13
10:24	HEB.13.3	13
10:24	ACT.11.29	12
10:24	ROM.15.1-ROM.15.2	11
10:24	2CO.9.2	11
10:24	2TH.3.9	11
10:24	1CO.9.22	10
10:24	PHP.1.9-PHP.1.11	9
10:24	TIT.2.4	9
10:24	ROM.11.4	8
10:24	ROM.12.15	8
10:24	PSA.41.1	7
10:24	1TH.1.3	7
10:24	PRO.29.7	6
10:24	1CO.8.12-1CO.8.13	6
10:25	ACT.2.42	96
10:25	1TH.5.11	83
10:25	MAT.18.20	79
10:25	HEB.3.13	75
10:25	HEB.10.24	58
10:25	1CO.5.4	52
10:25	1TH.4.18	46
10:25	ACT.20.7	40
10:25	ACT.2.1	38
10:25	ROM.13.11-ROM.13.13	26
10:25	1CO.11.17-1CO.11.18	25
10:25	1CO.14.3	25
10:25	ACT.1.13-ACT.1.14	21
10:25	ROM.12.8	21
10:25	2PE.3.9	17
10:25	1CO.14.23	16
10:25	PHP.4.5	16
10:25	JAS.5.8	16
10:25	MAT.24.33-MAT.24.34	15
10:25	JHN.20.19-JHN.20.29	14
10:25	2PE.3.14	12
10:25	JUD.1.19	12
10:25	2PE.3.11	11
10:25	MRK.13.29-MRK.13.30	10
10:25	1PE.4.7	10
10:25	1CO.11.20	9
10:25	ACT.16.16	8
10:25	1CO.3.13	8
10:26	2PE.2.20-2PE.2.22	54
10:26	HEB.6.4-HEB.6.6	40
10:26	JHN.9.41	24
10:26	LUK.12.47	22
10:26	MAT.12.43-MAT.12.45	18
10:26	NUM.15.28-NUM.15.31	13
10:26	MAT.12.31-MAT.12.32	12
10:26	JAS.4.17	12
10:26	1JN.5.16	12
10:26	JHN.15.22-JHN.15.24	11
10:26	2TH.2.10	11
10:26	JHN.13.17	10
10:26	1TI.1.13	10
10:26	PSA.19.12-PSA.19.13	9
10:26	DEU.17.12	7
10:26	DAN.5.22-DAN.5.23	7
10:26	LEV.4.2	6
10:26	LEV.4.13	3
10:27	ISA.26.11	13
10:27	ZEP.1.18	7
10:27	HEB.2.3	7
10:27	HEB.9.27	5
10:27	HEB.12.25	5
10:27	NAM.1.2	4
10:27	MAT.13.50	4
10:27	JER.4.4	3
10:27	NAM.1.8-NAM.1.10	3
10:27	ZEP.3.8	3
10:27	MAL.4.1	3
10:27	MAT.3.12	3
10:27	MAT.8.29	3
10:27	LUK.19.27	3
10:27	REV.20.15	3
10:27	NUM.16.35	2
10:27	DEU.32.43	2
10:27	1SA.28.19-1SA.28.20	2
10:27	PSA.21.9	2
10:27	PSA.68.1-PSA.68.2	2
10:27	ISA.33.14	2
10:27	EZK.36.5	2
10:27	EZK.38.19	2
10:27	DAN.5.6	2
10:27	JOL.2.30	2
10:27	NAM.1.5-NAM.1.6	2
10:27	MAT.3.10	2
10:27	MAT.13.42	2
10:27	MAT.25.41	2
10:27	MRK.9.43-MRK.9.49	2
10:27	JAS.5.3	2
10:27	HOS.10.8	1
10:27	LUK.16.24	1
10:27	LUK.21.26	1
10:27	LUK.23.30	1
10:27	2TH.1.7-2TH.1.8	1
10:27	HEB.12.29	1
10:27	REV.6.15-REV.6.17	1
10:27	1TH.2.15-1TH.2.16	0
10:28	HEB.2.2	6
10:28	DEU.19.15	5
10:28	DEU.17.2-DEU.17.13	4
10:28	NUM.15.30-NUM.15.31	3
10:28	NUM.15.36	3
10:28	DEU.19.13	3
10:28	MAT.18.16	3
10:28	JHN.8.17	3
10:28	2CO.13.1	3
10:28	2SA.12.9	2
10:28	2SA.12.13	2
10:28	ISA.27.11	2
10:28	JER.13.14	2
10:28	ROM.9.15	2
10:28	JAS.2.13	2
10:28	DEU.13.6-DEU.13.10	1
10:29	EPH.4.30	14
10:29	HEB.6.6	13
10:29	ISA.63.10	10
10:29	LUK.12.10	8
10:29	1CO.11.27	8
10:29	MAT.12.31-MAT.12.32	6
10:29	ACT.7.51	6
10:29	HEB.2.3	6
10:29	1CO.11.29	4
10:29	HEB.9.13	4
10:29	HEB.12.25	4
10:29	ZEC.12.10	3
10:29	MAT.7.6	3
10:29	JHN.17.19	3
10:29	HEB.2.11	3
10:29	HEB.6.4	3
10:29	2KI.9.33	2
10:29	ISA.14.19	2
10:29	MIC.7.10	2
10:29	JHN.10.36	2
10:29	HEB.13.20	2
10:29	PSA.91.13	1
10:29	PSA.143.10	1
10:29	LAM.1.15	1
10:29	MAT.26.28	1
10:29	ROM.16.20	1
10:29	1CO.15.25	1
10:29	HEB.9.20	1
10:29	ISA.28.3	0
10:29	JER.1.5	0
10:29	EZK.16.6	0
10:29	1CO.15.27	0
10:30	DEU.32.35-DEU.32.36	38
10:30	ROM.12.19	20
10:30	NAM.1.2	17
10:30	PSA.50.4	14
10:30	2CO.5.10	13
10:30	PSA.96.13	10
10:30	PSA.135.14	10
10:30	PSA.98.9	8
10:30	ISA.61.2	8
10:30	ROM.13.4	8
10:30	PSA.94.1	7
10:30	EZK.18.30	7
10:30	ISA.59.17	6
10:30	ISA.63.4	6
10:30	EZK.34.17	6
10:31	MAT.10.28	28
10:31	LUK.12.5	25
10:31	HEB.12.29	19
10:31	ISA.33.14	18
10:31	PSA.76.7	16
10:31	PSA.90.11	13
10:31	MAT.16.16	10
10:31	HEB.10.27	9
10:31	PSA.50.22	8
10:31	LUK.21.11	6
10:32	HEB.6.4	7
10:32	GAL.3.3-GAL.3.4	6
10:32	2TI.2.3-2TI.2.13	6
10:32	2TI.4.7-2TI.4.8	6
10:32	HEB.12.4	6
10:32	ACT.8.1-ACT.8.3	5
10:32	PHP.1.29-PHP.1.30	5
10:32	PHP.3.16	5
10:32	2JN.1.8	5
10:32	ACT.9.1-ACT.9.2	4
10:32	COL.2.1	4
10:32	REV.3.3	4
10:32	2CO.4.6	3
10:32	REV.2.5	3
10:32	ACT.26.18	2
10:33	1CO.4.9	7
10:33	PHP.4.14	5
10:33	PSA.74.22	3
10:33	ISA.51.7	3
10:33	2CO.12.10	3
10:33	PHP.1.7	3
10:33	HEB.11.36	3
10:33	PSA.69.9	2
10:33	PSA.71.7	2
10:33	PSA.79.12	2
10:33	PSA.89.51	2
10:33	NAM.3.6	2
10:33	ZEC.3.8	2
10:33	1TH.2.14	2
10:33	2TI.1.8	2
10:33	2TI.1.16-2TI.1.18	2
10:33	HEB.11.26	2
10:33	HEB.13.13	2
10:34	1PE.1.4	6
10:34	MAT.6.19-MAT.6.20	4
10:34	2TI.1.16	4
10:34	MAT.5.11-MAT.5.12	3
10:34	LUK.12.33	3
10:34	EPH.6.20	3
10:34	COL.1.5	3
10:34	JAS.1.2	3
10:34	MAT.19.21	2
10:34	LUK.10.42	2
10:34	ACT.5.41	2
10:34	ACT.21.33	2
10:34	EPH.3.1	2
10:34	EPH.4.1	2
10:34	PHP.1.7	2
10:34	COL.3.2-COL.3.4	2
10:34	1TI.6.19	2
10:34	HEB.11.16	2
10:34	HEB.13.3	2
10:34	1JN.3.2	2
10:34	ACT.28.20	1
10:34	2TI.2.9	1
10:34	2CO.5.1	0
10:34	2TI.4.8	0
10:35	1CO.15.58	37
10:35	GAL.6.8-GAL.6.10	33
10:35	HEB.3.6	31
10:35	LUK.14.14	24
10:35	HEB.11.26	22
10:35	MAT.5.12	20
10:35	HEB.4.14	20
10:35	HEB.3.14	18
10:35	MAT.10.32	15
10:35	PSA.19.11	13
10:35	MAT.10.42	13
10:35	HEB.2.2	12
10:36	HEB.12.1	68
10:36	PSA.37.7	58
10:36	JAS.5.7-JAS.5.11	42
10:36	1CO.13.7	39
10:36	LUK.21.19	24
10:36	HEB.6.15	20
10:36	ROM.2.7	16
10:36	ROM.8.25	15
10:36	REV.14.12	15
10:36	MAT.10.22	14
10:36	GAL.6.9	14
10:36	JAS.1.3-JAS.1.4	14
10:36	1JN.2.17	13
10:36	COL.1.11	11
10:36	COL.3.24	10
10:36	HEB.9.15	10
10:36	ROM.15.4-ROM.15.5	9
10:36	HEB.6.12	9
10:36	HEB.13.21	8
10:36	MAT.7.21	7
10:36	MAT.12.50	7
10:36	MAT.21.31	7
10:36	MAT.24.13	7
10:36	LUK.8.15	7
10:36	JHN.7.17	7
10:36	ACT.13.22	7
10:36	ROM.5.3-ROM.5.4	7
10:36	ROM.12.2	7
10:36	EPH.6.6	7
10:36	COL.4.12	7
10:36	1PE.1.9	7
10:36	PSA.40.1	6
10:36	1TH.1.3	6
10:36	HEB.6.17	6
10:36	REV.13.10	6
10:36	ACT.13.36	2
10:37	JAS.5.7-JAS.5.9	42
10:37	HAB.2.3-HAB.2.4	20
10:37	LUK.18.8	9
10:37	ISA.26.20	7
10:37	ISA.60.22	6
10:37	REV.22.20	6
10:37	2PE.3.8	4
10:38	GAL.3.11	31
10:38	HAB.2.4	26
10:38	ROM.1.17	25
10:38	PSA.85.8	16
10:38	HEB.6.4-HEB.6.6	15
10:38	EZK.3.20	13
10:38	ISA.42.1	11
10:38	MAT.13.21	11
10:38	PSA.147.11	10
10:38	ZEP.1.6	9
10:38	MAL.1.10	9
10:38	MAT.12.18	9
10:38	MAT.12.43-MAT.12.45	8
10:38	HEB.10.26-HEB.10.27	8
10:38	2PE.2.19-2PE.2.22	8
10:38	PSA.5.4	7
10:38	PSA.149.4	7
10:38	EZK.18.24	7
10:38	1TH.2.15	7
10:38	1JN.2.19	4
10:39	1JN.5.5	12
10:39	1PE.1.5	8
10:39	MRK.16.16	6
10:39	2TH.2.12-2TH.2.14	6
10:39	1SA.15.11	5
10:39	2PE.3.7	5
10:39	1JN.5.16	5
10:39	PSA.44.18	4
10:39	LUK.11.26	4
10:39	JHN.6.40	4
10:39	JHN.20.31	4
10:39	1TH.5.9	4
10:39	HEB.11.1	4
10:39	PRO.1.32	3
10:39	PRO.14.14	3
10:39	JHN.3.15-JHN.3.16	3
10:39	JHN.17.12	3
10:39	ROM.10.9-ROM.10.10	3
10:39	2TH.2.3	3
10:39	HEB.6.6-HEB.6.9	3
10:39	JHN.5.24	2
10:39	ACT.16.30-ACT.16.31	2
10:39	1TI.6.9	2
10:39	HEB.10.26	2
10:39	JUD.1.12-JUD.1.13	2
10:39	REV.17.11	2
10:39	REV.17.8	1
11:1	2CO.5.7	308
11:1	2CO.4.18	217
11:1	ROM.8.24-ROM.8.25	171
11:1	HEB.11.7	127
11:1	HEB.10.22	118
11:1	1PE.1.7-1PE.1.8	92
11:1	PSA.27.13	86
11:1	HEB.11.27	70
11:1	HEB.6.18-HEB.6.19	69
11:1	HEB.6.12	66
11:1	HEB.10.39	60
11:1	PSA.42.11	59
11:1	1CO.13.13	56
11:1	HEB.11.13	55
11:1	GAL.5.6	53
11:1	HEB.3.14	52
11:1	2CO.5.17	47
11:1	ACT.20.21	42
11:1	2PE.1.1	42
11:1	TIT.1.1	40
11:1	HEB.2.3	35
11:1	2CO.11.17	24
11:1	2CO.9.4	20
11:2	HEB.11.39	5
11:2	HEB.11.4	4
11:3	PSA.33.6	40
11:3	JHN.1.3	30
11:3	2PE.3.5	29
11:3	ROM.4.17	22
11:3	ACT.17.24	21
11:3	REV.4.11	19
11:3	HEB.1.2	17
11:3	GEN.1.1-GEN.2.1	12
11:3	JER.10.11	12
11:3	ROM.1.19-ROM.1.21	12
11:3	ISA.40.26	10
11:3	ACT.14.15	9
11:3	JER.10.16	5
11:4	GEN.4.3-GEN.4.5	12
11:4	HEB.12.24	11
11:4	1JN.3.11-1JN.3.12	11
11:4	GEN.4.10	9
11:4	PRO.15.8	9
11:4	MAT.23.35	9
11:4	JUD.1.11	8
11:4	HEB.9.22	6
11:4	GEN.4.8	5
11:4	GEN.4.15	5
11:4	GEN.4.25	4
11:4	LEV.9.24	4
11:4	PRO.21.27	4
11:4	LUK.11.51	4
11:4	HEB.12.1	4
11:4	1KI.18.38	3
11:4	TIT.1.16	3
11:5	GEN.5.21-GEN.5.24	20
11:5	JUD.1.14	15
11:5	2KI.2.11	13
11:5	HEB.11.6	13
11:5	REV.11.9-REV.11.12	9
11:5	2KI.2.16-2KI.2.17	7
11:5	PSA.89.48	7
11:5	1TH.2.4	7
11:5	1JN.3.22	7
11:5	JHN.8.51-JHN.8.52	6
11:5	ROM.8.8-ROM.8.9	6
11:5	HEB.11.3-HEB.11.4	5
11:5	LUK.3.37	4
11:5	JER.36.26	2
11:6	PRO.8.17	186
11:6	JER.29.13-JER.29.14	162
11:6	MAT.6.33	152
11:6	PSA.105.3-PSA.105.4	89
11:6	1CH.28.9	88
11:6	LUK.12.31	82
11:6	PSA.119.10	70
11:6	HEB.7.25	63
11:6	HEB.3.12	49
11:6	JHN.14.6	45
11:6	ROM.10.14	45
11:6	PSA.73.28	43
11:6	JHN.3.18-JHN.3.19	40
11:6	HEB.4.6	37
11:6	2PE.1.5	36
11:6	JHN.8.24	34
11:6	GAL.5.6	34
11:6	NUM.14.11	31
11:6	HEB.3.18-HEB.3.19	31
11:6	2PE.1.10	31
11:6	2PE.3.14	31
11:6	HEB.7.19	30
11:6	PRO.11.18	29
11:6	NUM.20.12	26
11:6	HEB.11.26	26
11:6	REV.21.8	26
11:6	PSA.78.32	25
11:6	PSA.106.21-PSA.106.22	25
11:6	HEB.4.2	25
11:6	ISA.55.3	24
11:6	MRK.16.17	24
11:6	SNG.3.1-SNG.3.4	23
11:6	ISA.7.9	23
11:6	MAT.10.41-MAT.10.42	23
11:6	GEN.15.1	22
11:6	JOB.21.14	21
11:6	PSA.58.11	21
11:6	PSA.78.22	21
11:6	PSA.106.24	21
11:6	LUK.6.35	21
11:6	JER.2.31	19
11:6	RUT.2.12	18
11:6	MAT.6.1-MAT.6.2	17
11:6	MAT.6.5	16
11:6	MAT.6.16	16
11:6	MAT.5.12	14
11:7	GEN.6.13-GEN.7.1	17
11:7	1PE.3.20	15
11:7	EZK.14.14	13
11:7	LUK.17.26	11
11:7	ROM.4.13	11
11:7	GAL.5.5	8
11:7	GEN.7.23	7
11:7	EZK.14.20	7
11:7	ROM.3.22	7
11:7	PHP.3.9	7
11:7	PRO.27.12	6
11:7	MAT.3.7	6
11:7	ROM.1.17	6
11:7	HEB.5.7	6
11:7	GEN.6.9	5
11:7	GEN.7.5	5
11:7	GEN.19.14	5
11:7	EXO.9.18-EXO.9.21	5
11:7	EZK.3.17-EZK.3.19	5
11:7	MAT.12.41-MAT.12.42	5
11:7	MAT.24.25	5
11:7	MAT.24.38	5
11:7	LUK.11.31-LUK.11.32	5
11:7	ROM.4.11	5
11:7	ROM.10.6	5
11:7	HEB.11.1	5
11:7	2PE.1.1	5
11:7	2PE.2.5	5
11:7	2PE.3.6	5
11:7	PRO.22.3	4
11:7	ROM.9.30	4
11:7	GEN.8.16	3
11:7	MAT.24.15	3
11:8	GEN.12.1-GEN.12.4	19
11:8	ACT.7.2-ACT.7.4	19
11:8	MAT.7.24-MAT.7.25	13
11:8	GEN.15.7-GEN.15.8	12
11:8	GEN.22.18	11
11:8	GEN.12.7	10
11:8	JAS.2.14-JAS.2.16	10
11:8	PSA.105.9-PSA.105.11	9
11:8	ISA.41.2	9
11:8	ROM.10.16	9
11:8	HEB.11.33	8
11:8	1PE.4.17	8
11:8	GEN.13.15-GEN.13.17	7
11:8	GEN.15.5	7
11:8	GEN.17.8	7
11:8	GEN.26.3	7
11:8	DEU.9.5	7
11:8	JOS.24.3	7
11:8	ISA.51.2	7
11:8	EZK.36.24	7
11:8	ROM.1.5	7
11:8	ROM.6.17	7
11:8	1PE.1.22	7
11:8	GEN.11.31	6
11:8	2CO.10.5	6
11:8	HEB.5.9	6
11:8	1PE.3.1	6
11:8	NEH.9.7-NEH.9.8	5
11:9	GEN.12.8	10
11:9	GEN.13.18	9
11:9	GEN.13.3	7
11:9	ACT.7.5-ACT.7.6	6
11:9	HEB.6.17	6
11:9	GEN.18.9	5
11:9	GEN.26.3-GEN.26.4	5
11:9	GEN.35.27	5
11:9	GEN.48.3-GEN.48.4	5
11:9	GEN.28.4	4
11:9	GEN.17.8	3
11:9	GEN.18.1-GEN.18.2	3
11:9	GEN.28.13-GEN.28.14	3
11:9	GEN.18.6	2
11:9	GEN.23.4	2
11:9	GEN.25.27	2
11:10	HEB.13.14	20
11:10	PHP.3.20	17
11:10	2CO.5.1	16
11:10	HEB.12.22	15
11:10	JHN.14.2	13
11:10	HEB.3.4	11
11:10	REV.21.2	10
11:10	REV.21.10-REV.21.27	9
11:10	HEB.12.28	6
11:10	ISA.14.32	4
11:11	ROM.4.20-ROM.4.21	28
11:11	HEB.10.23	28
11:11	GEN.18.11-GEN.18.14	25
11:11	GEN.21.1-GEN.21.2	17
11:11	LUK.1.36	13
11:11	1PE.3.5-1PE.3.6	11
11:11	GEN.17.17-GEN.17.19	10
11:12	GEN.22.17	18
11:12	GEN.32.12	11
11:12	GEN.15.5	9
11:12	HOS.1.10	9
11:12	JER.33.22	8
11:12	GEN.26.4	6
11:12	EXO.32.13	4
11:12	ISA.10.22	4
11:12	REV.20.8	4
11:12	DEU.1.10	3
11:12	DEU.28.62	3
11:12	JOS.11.4	3
11:12	JDG.7.12	3
11:12	1SA.12.5	3
11:12	2SA.17.11	3
11:12	1KI.4.20	3
11:12	1CH.27.23	3
11:12	NEH.9.23	3
11:12	ISA.48.19	3
11:12	ROM.4.17-ROM.4.19	3
11:12	ROM.9.27	2
11:12	HAB.1.9	0
11:13	GEN.23.4	13
11:13	PSA.39.12	13
11:13	ROM.8.24	10
11:13	HEB.11.27	10
11:13	1CH.29.14-1CH.29.15	9
11:13	JHN.8.56	9
11:13	HEB.11.39	9
11:13	1PE.2.11	9
11:13	EPH.2.19	8
11:13	1PE.1.10-1PE.1.12	8
11:13	GEN.25.8	7
11:13	GEN.27.2-GEN.27.4	7
11:13	GEN.47.9	7
11:13	GEN.49.18	7
11:13	ROM.4.21	7
11:13	1PE.1.17	7
11:13	GEN.49.33	6
11:13	JOB.19.25	6
11:13	MAT.13.17	6
11:13	1JN.3.19	6
11:13	GEN.49.10	5
11:13	NUM.24.17	5
11:13	PSA.119.19	5
11:13	GEN.48.21	4
11:13	GEN.49.28	4
11:13	GEN.50.24	4
11:13	JHN.12.41	4
11:14	2CO.4.18-2CO.5.7	7
11:14	ROM.8.23-ROM.8.25	3
11:14	HEB.11.16	3
11:14	HEB.13.14	3
11:14	PHP.1.23	2
11:15	GEN.24.6-GEN.24.8	7
11:15	GEN.12.10	1
11:15	GEN.11.31	0
11:16	HEB.13.14	16
11:16	PHP.3.20	15
11:16	HEB.11.10	13
11:16	MAT.25.34	10
11:16	JHN.14.2	10
11:16	HEB.2.11	8
11:16	HEB.12.22	8
11:16	GEN.17.7-GEN.17.8	6
11:16	EXO.3.6	6
11:16	2TI.4.18	6
11:16	EXO.3.15	5
11:16	ISA.41.8-ISA.41.10	5
11:16	MAT.22.31-MAT.22.32	5
11:16	MRK.8.38	5
11:16	HEB.11.14	5
11:16	GEN.28.13	4
11:16	LUK.12.32	4
11:16	ACT.7.32	4
11:16	GEN.26.24	3
11:16	EXO.4.5	3
11:16	JER.31.1	3
11:16	MRK.12.26	3
11:16	LUK.20.37	2
11:17	GEN.22.16	9
11:17	GEN.22.1-GEN.22.12	8
11:17	JAS.2.21-JAS.2.24	8
11:17	JAS.5.11	6
11:17	1PE.1.6-1PE.1.7	6
11:17	REV.3.10	5
11:17	PRO.17.3	4
11:17	1PE.4.12	4
11:17	2CH.32.31	3
11:17	JOB.1.11-JOB.1.12	3
11:17	JOB.2.3-JOB.2.6	3
11:17	DAN.11.35	3
11:17	ZEC.13.9	3
11:17	HEB.7.6	3
11:17	DEU.8.2	2
11:17	MAL.3.2-MAL.3.3	2
11:17	2CO.8.12	2
11:17	JHN.3.16	1
11:17	JAS.1.2-JAS.1.4	0
11:18	GEN.21.12	11
11:18	ROM.9.7	9
11:18	GEN.17.19	6
11:19	MAT.9.28	5
11:19	ROM.4.17-ROM.4.21	5
11:19	GEN.22.13	4
11:19	EPH.3.20	4
11:19	GEN.22.4-GEN.22.5	2
11:19	HEB.11.11-HEB.11.12	2
11:19	ROM.5.14	1
11:19	HEB.9.24	1
11:20	GEN.27.27-GEN.27.40	7
11:20	GEN.28.2-GEN.28.3	3
11:21	GEN.47.31-GEN.48.1	7
11:21	GEN.48.5-GEN.48.22	5
11:22	GEN.50.24-GEN.50.25	16
11:22	EXO.13.19	16
11:22	JOS.24.32	12
11:22	ACT.7.16	7
11:23	EXO.1.22	11
11:23	EXO.1.16	9
11:23	EXO.2.2-EXO.2.10	6
11:23	MAT.10.28	6
11:23	HEB.13.6	6
11:23	PSA.118.6	5
11:23	ISA.8.12-ISA.8.13	5
11:23	ISA.41.14	5
11:23	LUK.12.4-LUK.12.5	5
11:23	ACT.7.20	5
11:23	ISA.41.10	4
11:23	ISA.51.7	4
11:23	ISA.51.12	4
11:23	DAN.3.16-DAN.3.18	4
11:23	DAN.6.10	4
11:23	PSA.56.4	3
11:24	EXO.2.10-EXO.2.11	10
11:24	ACT.7.21-ACT.7.24	8
11:25	PSA.84.10	16
11:25	2TI.2.3-2TI.2.10	9
11:25	JOB.36.21	8
11:25	2CO.5.17	7
11:25	1PE.4.12-1PE.4.16	7
11:25	JOB.20.5	6
11:25	1PE.1.6-1PE.1.7	5
11:25	PSA.73.18-PSA.73.20	4
11:25	2TH.1.3-2TH.1.6	4
11:25	1PE.2.10	4
11:25	REV.18.7	4
11:25	ISA.47.8-ISA.47.9	3
11:25	MAT.5.10-MAT.5.12	3
11:25	LUK.16.25	3
11:25	ACT.7.24-ACT.7.25	3
11:25	ACT.20.23-ACT.20.24	3
11:25	ROM.5.3	3
11:25	ROM.8.35-ROM.8.39	3
11:25	COL.1.24	3
11:25	2TI.1.8	3
11:25	2TI.3.11-2TI.3.12	3
11:25	HEB.10.32	3
11:25	JAS.1.20	3
11:25	JAS.5.5	3
11:25	JOB.21.11-JOB.21.13	2
11:25	PSA.47.9	2
11:25	ISA.21.4	2
11:25	MAT.13.21	2
11:25	HEB.4.9	2
11:25	HEB.11.37	2
11:25	LUK.12.19-LUK.12.20	1
11:25	ROM.8.17-ROM.8.18	1
11:26	HEB.10.35	8
11:26	HEB.11.6	7
11:26	MAT.5.12	5
11:26	1PE.4.14	5
11:26	PSA.89.50-PSA.89.51	4
11:26	LUK.14.14	4
11:26	2CO.6.10	4
11:26	2CO.12.10	4
11:26	HEB.2.2	4
11:26	REV.3.18	4
11:26	PSA.37.16	3
11:26	JER.9.23-JER.9.24	3
11:26	EPH.3.8	3
11:26	RUT.2.12	2
11:26	PSA.69.7	2
11:26	PSA.69.20	2
11:26	PRO.11.18	2
11:26	PRO.23.18	2
11:26	ISA.51.7	2
11:26	MAT.6.1	2
11:26	MAT.10.41	2
11:26	ACT.5.41	2
11:26	EPH.1.18	2
11:26	PHP.3.7	2
11:26	HEB.10.33	2
11:26	HEB.13.13	2
11:26	1PE.1.11	2
11:26	REV.2.9	1
11:27	2CO.4.18	10
11:27	HEB.11.13	8
11:27	EXO.2.14-EXO.2.15	6
11:27	HEB.11.1	6
11:27	EXO.4.19	4
11:27	EXO.10.28-EXO.10.29	4
11:27	EXO.14.10-EXO.14.13	4
11:27	JAS.5.11	4
11:27	EXO.11.8	3
11:27	EXO.12.11	3
11:27	MAT.10.22	3
11:27	1CO.13.7	3
11:27	1TI.1.17	3
11:27	HEB.10.32	3
11:27	1PE.1.8	3
11:27	EXO.12.37-EXO.12.42	2
11:27	EXO.12.50	2
11:27	EXO.13.17-EXO.13.21	2
11:27	PSA.16.8	2
11:27	MAT.24.13	2
11:27	MRK.4.17	2
11:27	MRK.13.13	2
11:27	ACT.2.25	2
11:27	1TI.6.16	2
11:27	HEB.6.15	2
11:27	HEB.12.2-HEB.12.3	2
11:28	EXO.12.21-EXO.12.30	7
11:28	HEB.9.19	6
11:28	HEB.12.24	4
11:28	1PE.1.2	4
11:28	EXO.12.3-EXO.12.14	3
11:29	EXO.14.13-EXO.15.21	5
11:29	PSA.78.13	5
11:29	PSA.106.9-PSA.106.11	5
11:29	JOS.2.10	3
11:29	PSA.66.6	3
11:29	ISA.51.9-ISA.51.10	3
11:29	ISA.63.11-ISA.63.16	3
11:29	HAB.3.8-HAB.3.10	3
11:29	PSA.114.1-PSA.114.5	2
11:29	PSA.136.13-PSA.136.15	2
11:29	ISA.11.15-ISA.11.16	2
11:29	NEH.9.11	1
11:30	JOS.6.3-JOS.6.20	9
11:30	2CO.10.4-2CO.10.5	5
11:31	JAS.2.25	13
11:31	JOS.6.22-JOS.6.25	9
11:31	MAT.1.5	6
11:31	JOS.2.1-JOS.2.24	3
11:31	MAT.1.1	3
11:31	JOS.1.1	2
11:31	HEB.3.18	1
11:31	1PE.2.8	1
11:31	1PE.3.20	1
11:32	1SA.1.20	7
11:32	1SA.16.1	7
11:32	1SA.16.13	6
11:32	JDG.11.1-JDG.11.12	5
11:32	JDG.13.1-JDG.13.16	5
11:32	JHN.21.25	4
11:32	1SA.3.1-1SA.3.12	3
11:32	1SA.12.11	3
11:32	ACT.2.29-ACT.2.31	3
11:32	ACT.3.24	3
11:32	ACT.10.43	3
11:32	ACT.13.20	3
11:32	ROM.3.5	3
11:32	ROM.4.1	3
11:32	ROM.7.7	3
11:32	1PE.1.10-1PE.1.12	3
11:32	2PE.1.21	3
11:32	JDG.4.1-JDG.6.8	2
11:32	JDG.6.11	2
11:32	JDG.13.24	2
11:32	1SA.2.11	2
11:32	1SA.2.18	2
11:32	1SA.17.1-1SA.17.18	2
11:32	1SA.28.3-1SA.28.25	2
11:32	PSA.99.6	2
11:32	JER.15.1	2
11:32	MAT.5.12	2
11:32	LUK.13.28	2
11:32	LUK.16.31	2
11:32	ACT.13.22-ACT.13.36	2
11:32	ROM.6.1	2
11:32	JAS.5.10	2
11:32	2PE.3.2	2
11:33	PSA.144.1-PSA.144.2	6
11:33	HEB.6.12-HEB.6.15	6
11:33	2TI.4.17	5
11:33	HEB.10.36	5
11:33	JDG.14.5-JDG.14.6	4
11:33	2SA.5.4-2SA.5.25	4
11:33	PSA.144.10	4
11:33	DAN.6.20-DAN.6.23	4
11:33	GAL.3.16	4
11:33	HEB.11.4-HEB.11.8	4
11:33	1PE.5.8	4
11:33	1SA.17.33-1SA.17.36	3
11:33	2SA.8.1-2SA.8.14	3
11:33	PSA.18.32-PSA.18.34	3
11:33	PSA.91.13	3
11:33	HEB.11.17	3
11:33	JOS.6.1-JOS.6.13	2
11:33	2SA.7.11-2SA.7.17	2
11:33	PSA.44.2-PSA.44.6	2
11:34	1SA.17.51-1SA.17.52	8
11:34	2KI.6.16-2KI.6.18	7
11:34	JDG.15.8	5
11:34	PSA.144.10	5
11:34	2CH.32.20-2CH.32.22	4
11:34	2CO.12.9-2CO.12.10	4
11:34	JDG.7.19-JDG.7.25	3
11:34	JDG.8.4-JDG.8.10	3
11:34	JDG.15.14-JDG.15.20	3
11:34	1SA.14.13-1SA.14.15	3
11:34	2SA.8.1-2SA.8.18	3
11:34	2SA.10.15-2SA.10.19	3
11:34	1KI.19.3	3
11:34	2KI.6.32	3
11:34	JER.26.24	3
11:34	2KI.20.7-2KI.20.11	2
11:34	2CH.14.11-2CH.14.14	2
11:34	2CH.16.1-2CH.16.9	2
11:34	2CH.20.6-2CH.20.25	2
11:34	JOB.5.20	2
11:34	JOB.42.10	2
11:34	PSA.6.8	2
11:34	PSA.66.12	2
11:34	ISA.43.2	2
11:34	DAN.3.19-DAN.3.28	2
11:34	1PE.4.12	2
11:34	JDG.16.19-JDG.16.30	1
11:34	2SA.21.16-2SA.21.17	1
11:34	1SA.20.1	0
11:35	1KI.17.22-1KI.17.24	11
11:35	2KI.4.27-2KI.4.37	11
11:35	PHP.3.11	8
11:35	ACT.9.41	7
11:35	ACT.24.15	6
11:35	1CO.15.54	6
11:35	JHN.11.40-JHN.11.45	5
11:35	ACT.23.6	5
11:35	LUK.7.12-LUK.7.16	4
11:35	LUK.14.14	3
11:35	JHN.5.29	3
11:35	ACT.22.29	3
11:35	MAT.22.30	2
11:35	MRK.12.25	2
11:35	LUK.20.36	1
11:35	ACT.22.24-ACT.22.25	1
11:35	ACT.4.19	0
11:36	JER.20.2	13
11:36	GEN.39.20	8
11:36	JER.37.15-JER.37.21	6
11:36	2CH.30.10	5
11:36	2CH.16.10	3
11:36	JER.20.7	3
11:36	JER.32.2-JER.32.3	3
11:36	LAM.3.52-LAM.3.55	3
11:36	MAT.23.34	3
11:36	HEB.10.34	3
11:36	JDG.16.25	2
11:36	1KI.22.24	2
11:36	1KI.22.27	2
11:36	2KI.2.23	2
11:36	2CH.36.16	2
11:36	PSA.105.17-PSA.105.18	2
11:36	JER.29.26	2
11:36	JER.36.6	2
11:36	JER.38.6-JER.38.13	2
11:36	JER.38.28	2
11:36	MAT.20.19	2
11:36	MAT.21.35	2
11:36	MAT.27.26	2
11:36	MRK.10.34	2
11:36	LUK.18.32	2
11:36	LUK.23.11	2
11:36	LUK.23.36	2
11:36	ACT.4.3	2
11:36	ACT.5.18	2
11:36	ACT.5.40	2
11:36	ACT.8.3	2
11:36	ACT.12.4-ACT.12.19	2
11:36	ACT.16.22-ACT.16.40	2
11:36	ACT.21.33	2
11:36	ACT.24.27	2
11:36	2CO.11.23-2CO.11.25	2
11:36	EPH.4.1	2
11:36	2TI.1.16	2
11:36	2TI.2.9	2
11:36	REV.2.10	2
11:36	JER.32.8	1
11:36	EPH.3.1	1
11:36	JER.39.15	0
11:37	2CH.24.21	8
11:37	JER.26.23	7
11:37	1KI.19.10	6
11:37	1KI.21.13-1KI.21.15	5
11:37	2KI.1.8	4
11:37	1KI.21.10	3
11:37	ACT.7.52	3
11:37	1SA.22.17-1SA.22.19	2
11:37	1KI.18.4	2
11:37	1KI.18.13	2
11:37	1KI.19.1	2
11:37	1KI.19.14	2
11:37	JER.2.30	2
11:37	LAM.4.13-LAM.4.14	2
11:37	ZEC.13.9	2
11:37	MAT.3.4	2
11:37	MAT.8.20	2
11:37	MAT.21.35	2
11:37	MAT.23.35-MAT.23.37	2
11:37	LUK.11.51-LUK.11.54	2
11:37	LUK.13.34	2
11:37	JHN.10.31-JHN.10.33	2
11:37	ACT.7.58-ACT.7.59	2
11:37	ACT.12.2-ACT.12.3	2
11:37	ACT.14.19	2
11:37	1CO.4.9-1CO.4.13	2
11:37	2CO.11.23-2CO.11.27	2
11:37	2CO.12.10	2
11:37	HEB.12.1-HEB.12.3	2
11:37	JAS.5.10-JAS.5.11	2
11:37	REV.11.3	2
11:38	1KI.18.4	10
11:38	1SA.22.1	7
11:38	1KI.19.9	7
11:38	ISA.57.1	6
11:38	1SA.24.1-1SA.24.3	5
11:38	1SA.26.1	3
11:38	1KI.14.12-1KI.14.13	3
11:38	1KI.17.3	3
11:38	1KI.18.13	3
11:38	PSA.142.1-PSA.142.7	3
11:38	1SA.23.15	2
11:38	1SA.23.19	2
11:38	1SA.23.23	2
11:38	2KI.23.25-2KI.23.29	2
11:39	LUK.10.23-LUK.10.24	15
11:39	HEB.11.13	13
11:39	HEB.11.2	10
11:39	1PE.1.12	9
11:40	REV.6.11	11
11:40	HEB.8.6	8
11:40	HEB.10.11-HEB.10.14	8
11:40	HEB.5.9	7
11:40	HEB.7.19	7
11:40	ROM.3.25-ROM.3.26	5
11:40	HEB.9.8-HEB.9.15	5
11:40	HEB.9.23	5
11:40	HEB.12.23-HEB.12.24	3
11:40	HEB.7.22	2
12:1	2TI.4.7	171
12:1	1CO.9.24-1CO.9.27	154
12:1	PHP.2.16	134
12:1	LUK.21.34	98
12:1	HEB.10.35-HEB.10.39	83
12:1	PHP.3.10-PHP.3.14	69
12:1	GAL.5.7	68
12:1	JAS.5.7-JAS.5.11	56
12:1	1PE.2.1	56
12:1	COL.3.5-COL.3.8	55
12:1	ROM.12.12	54
12:1	EPH.4.22-EPH.4.24	53
12:1	2CO.7.1	49
12:1	ROM.13.11-ROM.13.14	48
12:1	2TI.2.4	40
12:1	ROM.5.3-ROM.5.5	39
12:1	1JN.2.15-1JN.2.16	37
12:1	JAS.1.3	36
12:1	MAT.24.13	32
12:1	MAT.10.22	30
12:1	ROM.2.7	29
12:1	HEB.6.15	28
12:1	ROM.8.24-ROM.8.25	27
12:1	LUK.12.15	26
12:1	1PE.4.2	26
12:1	REV.3.10	26
12:1	2PE.1.6	25
12:1	MAT.10.37-MAT.10.38	23
12:1	LUK.8.14-LUK.8.15	23
12:1	LUK.14.26-LUK.14.33	22
12:1	LUK.18.22-LUK.18.25	22
12:1	1TI.6.9-1TI.6.10	22
12:1	LUK.9.59-LUK.9.62	20
12:1	REV.22.16	18
12:1	1PE.5.12	16
12:1	LUK.16.28	15
12:1	HEB.11.2-HEB.11.38	15
12:1	REV.1.9	15
12:1	ISA.60.8	14
12:1	REV.13.10	14
12:1	PSA.18.23	13
12:1	EZK.38.9	13
12:1	JHN.3.32	13
12:1	JHN.4.39	13
12:1	EZK.38.16	12
12:1	JHN.4.44	6
12:2	MIC.7.7	120
12:2	1PE.3.18	71
12:2	1PE.2.23-1PE.2.24	67
12:2	HEB.1.3	56
12:2	PHP.1.6	51
12:2	EPH.5.2	47
12:2	HEB.9.28	43
12:2	PHP.2.8-PHP.2.11	42
12:2	JHN.6.40	40
12:2	TIT.2.13-TIT.2.14	40
12:2	1PE.3.22	27
12:2	ACT.5.31	26
12:2	PHP.3.20	26
12:2	ISA.45.22	24
12:2	ISA.53.3	24
12:2	LUK.24.26	24
12:2	2TI.4.8	24
12:2	JUD.1.21	24
12:2	MRK.14.36	22
12:2	1PE.4.14-1PE.4.16	22
12:2	JHN.17.1-JHN.17.4	21
12:2	HEB.8.1	21
12:2	ISA.8.17	20
12:2	HEB.5.9	20
12:2	REV.2.8	20
12:2	ACT.2.25-ACT.2.26	19
12:2	HEB.12.3	19
12:2	HEB.13.13	19
12:2	ISA.50.6-ISA.50.7	18
12:2	JHN.12.27-JHN.12.28	18
12:2	PSA.138.8	17
12:2	JHN.13.3	17
12:2	MRK.9.24	16
12:2	LUK.17.5	16
12:2	EPH.2.16	16
12:2	PSA.22.6-PSA.22.8	15
12:2	MAT.26.67-MAT.26.68	15
12:2	JHN.1.29	15
12:2	JHN.12.32	15
12:2	HEB.2.7-HEB.2.10	15
12:2	ISA.53.10-ISA.53.12	14
12:2	MAT.16.21	14
12:2	LUK.23.35-LUK.23.39	14
12:2	PSA.69.19-PSA.69.20	13
12:2	MAT.20.28	13
12:2	ACT.5.41	13
12:2	1CO.1.7-1CO.1.8	13
12:2	HEB.1.13	13
12:2	PSA.16.9-PSA.16.11	12
12:2	PSA.110.1	12
12:2	ISA.31.1	12
12:2	ISA.49.6-ISA.49.7	12
12:2	ZEC.12.10	12
12:2	MAT.20.18-MAT.20.20	12
12:2	MAT.27.27-MAT.27.50	12
12:2	MRK.9.12	12
12:2	LUK.23.11	12
12:2	JHN.8.56	12
12:2	JHN.12.24	12
12:2	ACT.2.36	12
12:2	HEB.10.14	12
12:2	1PE.1.11	12
12:2	1JN.1.1-1JN.1.3	12
12:2	REV.1.11	12
12:2	REV.1.17	12
12:2	JHN.13.31-JHN.13.32	11
12:2	HEB.7.19	11
12:2	HEB.10.5-HEB.10.12	11
12:2	HEB.11.36	11
12:2	HEB.10.33	10
12:2	REV.1.8	10
12:3	GAL.6.9	38
12:3	2CO.4.16	30
12:3	REV.2.3	24
12:3	1CO.15.58	20
12:3	HEB.12.2	19
12:3	HEB.3.1	12
12:3	JHN.15.18-JHN.15.24	11
12:3	2CO.4.1	10
12:3	JHN.5.16	9
12:3	1SA.12.24	8
12:3	MAT.10.24-MAT.10.25	7
12:3	2TH.3.13	6
12:3	HEB.12.5	6
12:3	DEU.20.3	5
12:3	LUK.14.1	5
12:3	JHN.8.52	4
12:3	2TI.2.7-2TI.2.8	4
12:3	PRO.24.10	3
12:3	ISA.40.30-ISA.40.31	3
12:3	ISA.50.4	3
12:3	MAT.21.15-MAT.21.16	3
12:3	LUK.19.39-LUK.19.40	3
12:3	JHN.18.22	3
12:3	MAT.11.19	2
12:3	MAT.12.24	2
12:3	MAT.15.2	2
12:3	MAT.21.23	2
12:3	MAT.21.46	2
12:3	MAT.22.15	2
12:3	LUK.2.34	2
12:3	LUK.4.28-LUK.4.29	2
12:3	LUK.5.21	2
12:3	LUK.11.15-LUK.11.16	2
12:3	LUK.11.53-LUK.11.54	2
12:3	LUK.13.13-LUK.13.14	2
12:3	LUK.15.2	2
12:3	LUK.16.14	2
12:3	JHN.7.12	2
12:3	JHN.8.13	2
12:3	JHN.8.48-JHN.8.49	2
12:3	JHN.8.59	1
12:3	JHN.9.40	1
12:3	JHN.10.31-JHN.10.39	1
12:3	JHN.12.9-JHN.12.10	1
12:3	JHN.10.20	0
12:4	1CO.10.13	11
12:4	HEB.10.32-HEB.10.34	8
12:4	REV.2.13	8
12:4	MAT.24.9	7
12:4	2TI.4.6-2TI.4.7	7
12:4	HEB.12.2	7
12:4	REV.12.11	7
12:4	REV.6.9-REV.6.11	3
12:4	REV.18.24	3
12:4	REV.17.6	2
12:5	PRO.3.11-PRO.3.12	74
12:5	JOB.5.17-JOB.5.18	40
12:5	REV.3.19	32
12:5	1CO.11.32	26
12:5	PSA.94.12	22
12:5	JAS.1.12	12
12:5	2CO.4.8-2CO.4.9	10
12:5	PSA.118.18	9
12:5	PSA.119.109	9
12:5	PSA.119.75	8
12:5	JER.31.18	8
12:5	HEB.12.3-HEB.12.4	5
12:5	HEB.12.7	4
12:5	DEU.4.9-DEU.4.10	3
12:5	JOS.7.7-JOS.7.11	2
12:5	2SA.6.7-2SA.6.10	2
12:5	PSA.6.1-PSA.6.2	2
12:5	PRO.3.1	2
12:5	1CH.15.12-1CH.15.13	1
12:5	JOB.34.31	1
12:5	PSA.119.16	1
12:5	PRO.4.5	1
12:5	2CO.12.9-2CO.12.10	1
12:5	PSA.119.83	0
12:5	LUK.24.6	0
12:6	REV.3.19	38
12:6	PRO.3.12	30
12:6	PSA.119.75	23
12:6	PRO.13.24	17
12:6	PSA.94.12	16
12:6	JER.10.24	11
12:6	DEU.8.5	10
12:6	2SA.7.14	10
12:6	HEB.12.7-HEB.12.8	10
12:6	PSA.32.1-PSA.32.5	9
12:6	PSA.89.30-PSA.89.34	6
12:6	PSA.119.71	6
12:6	JAS.1.12	6
12:6	JAS.5.11	5
12:6	PSA.73.14-PSA.73.15	3
12:6	ISA.27.9	2
12:7	DEU.8.5	15
12:7	PRO.19.18	15
12:7	PRO.13.24	12
12:7	PRO.29.15	11
12:7	PRO.29.17	8
12:7	PRO.23.13-PRO.23.14	6
12:7	2SA.7.14	5
12:7	JOB.34.31-JOB.34.32	4
12:7	1SA.3.13	3
12:7	1KI.2.24-1KI.2.25	3
12:7	1SA.2.29	2
12:7	1SA.2.34	2
12:7	1KI.1.6	2
12:7	PRO.22.15	2
12:7	ACT.14.22	1
12:8	HEB.12.6	11
12:8	1PE.5.9-1PE.5.10	9
12:8	PSA.73.1	7
12:8	PSA.73.14-PSA.73.15	6
12:9	NUM.16.22	25
12:9	NUM.27.16	23
12:9	ISA.42.5	21
12:9	JHN.3.6	20
12:9	JOB.12.10	18
12:9	ZEC.12.1	13
12:9	EXO.20.12	10
12:9	ISA.38.16	10
12:9	JAS.4.7	8
12:9	ISA.57.16	7
12:9	1PE.5.6	7
12:9	LEV.19.3	6
12:9	PRO.30.17	6
12:9	DEU.27.16	5
12:9	ROM.9.5	5
12:9	DEU.21.18-DEU.21.21	4
12:9	ECC.12.7	4
12:9	EPH.6.1-EPH.6.4	4
12:9	EZK.22.7	3
12:9	MAL.1.6	3
12:9	JAS.4.10	3
12:9	ACT.2.30	2
12:9	ROM.1.3	2
12:9	ROM.9.3	2
12:10	2PE.1.4	15
12:10	LEV.11.44-LEV.11.45	9
12:10	TIT.2.14	8
12:10	EZK.36.25-EZK.36.27	7
12:10	EPH.5.26-EPH.5.27	7
12:10	LEV.19.2	5
12:10	PSA.17.15	4
12:10	EPH.4.24	4
12:10	COL.1.22	4
12:10	1PE.1.15-1PE.1.16	3
12:10	1PE.2.5	3
12:10	1PE.2.9	3
12:10	HEB.12.5-HEB.12.6	2
12:11	ROM.5.3-ROM.5.5	52
12:11	2CO.4.17	38
12:11	HEB.12.5-HEB.12.6	34
12:11	1PE.1.6	25
12:11	HEB.12.10	24
12:11	PSA.118.18	23
12:11	ISA.32.17	21
12:11	PRO.19.18	20
12:11	JAS.3.17-JAS.3.18	20
12:11	PSA.119.165	19
12:11	PRO.15.10	18
12:11	1TI.4.7-1TI.4.8	15
12:11	HEB.5.14	15
12:11	ROM.14.17	12
12:11	GAL.5.22-GAL.5.23	12
12:11	PSA.89.32	11
12:11	2PE.2.14	9
12:12	ISA.35.3	26
12:12	HEB.12.3	13
12:12	JOB.4.3-JOB.4.4	12
12:12	1TH.5.14	12
12:12	EZK.21.7	9
12:12	EZK.7.17	6
12:12	HEB.12.5	6
12:12	DAN.5.6	5
12:12	NAM.2.10	4
12:13	PRO.4.26-PRO.4.27	19
12:13	GAL.6.1	14
12:13	ISA.35.3	12
12:13	ISA.35.6	10
12:13	ISA.40.3-ISA.40.4	10
12:13	JAS.5.16	8
12:13	JUD.1.22-JUD.1.23	8
12:13	JER.31.8-JER.31.9	7
12:13	LUK.3.5	7
12:13	ISA.35.8-ISA.35.10	6
12:13	ISA.42.16	6
12:13	JER.18.15	5
12:13	ISA.58.12	4
12:14	2CO.7.1	60
12:14	1PE.1.15-1PE.1.16	55
12:14	1TH.4.7	49
12:14	MAT.5.8-MAT.5.9	47
12:14	ROM.12.18	37
12:14	1PE.3.11	37
12:14	PRO.16.7	28
12:14	ROM.14.19	26
12:14	PSA.34.14	24
12:14	ROM.6.22	23
12:14	1TH.3.13	23
12:14	EPH.5.5	21
12:14	3JN.1.11	21
12:14	ISA.51.1	18
12:14	REV.22.11-REV.22.15	17
12:14	PRO.15.1	16
12:14	HEB.12.10	16
12:14	1TI.6.11	15
12:14	1PE.3.13	15
12:14	PSA.120.6	14
12:14	MRK.9.50	14
12:14	GAL.5.22-GAL.5.23	14
12:14	1JN.3.2-1JN.3.3	13
12:14	JAS.3.17-JAS.3.18	12
12:14	1CO.1.10	11
12:14	GEN.13.7-GEN.13.9	10
12:14	PRO.17.14	10
12:14	2PE.3.11	10
12:14	LUK.1.75	9
12:14	2TI.2.22	9
12:14	REV.21.24-REV.21.27	9
12:14	JOB.19.26	8
12:14	PSA.38.20	8
12:14	PSA.94.15	8
12:14	PSA.133.1	8
12:14	REV.22.3-REV.22.4	8
12:14	GEN.32.30	7
12:14	JOB.33.26	7
12:14	ISA.11.6-ISA.11.9	7
12:14	EPH.4.1-EPH.4.8	7
12:14	PHP.3.12	7
12:14	1TH.5.15	7
12:14	1CO.13.12	6
12:14	2CO.6.17	6
12:14	GAL.3.21	5
12:14	2PE.3.18	5
12:15	HEB.3.12	19
12:15	DEU.29.18	16
12:15	GAL.5.4	12
12:15	2CO.6.1	9
12:15	2JN.1.8	8
12:15	1CO.15.33	7
12:15	2PE.3.14	7
12:15	PRO.4.23	6
12:15	JER.2.21	6
12:15	1CO.5.6	6
12:15	HEB.4.1	6
12:15	2CO.13.5	5
12:15	HEB.4.11	5
12:15	JUD.1.20-JUD.1.21	5
12:15	1KI.14.16	4
12:15	1CO.10.12	4
12:15	2TI.2.16-2TI.2.17	4
12:15	DEU.4.9	3
12:15	DEU.32.32	3
12:15	EPH.5.3	3
12:15	COL.3.5	3
12:15	HEB.6.11	3
12:15	HEB.10.23-HEB.10.35	3
12:15	EXO.32.21	2
12:15	JOS.7.25-JOS.7.26	2
12:15	JOS.22.17-JOS.22.20	2
12:15	MAT.7.16-MAT.7.18	2
12:15	1CO.9.24-1CO.9.27	2
12:15	1CO.13.8	2
12:15	GAL.2.13	2
12:15	2PE.2.1-2PE.2.2	2
12:15	2PE.2.18	2
12:15	JOS.6.18	1
12:15	ISA.5.4	1
12:15	ISA.5.7	1
12:15	LUK.22.32	1
12:15	ACT.20.30-ACT.20.31	1
12:15	HEB.2.1-HEB.2.2	1
12:15	2PE.1.10	1
12:15	2PE.3.11	1
12:16	GEN.25.31-GEN.25.34	14
12:16	1CO.6.15-1CO.6.20	7
12:16	HEB.13.4	5
12:16	REV.22.15	5
12:16	MRK.7.21	4
12:16	ACT.15.29	3
12:16	1TH.4.3-1TH.4.7	3
12:16	GEN.27.36	2
12:16	ACT.15.20	2
12:16	1CO.5.1-1CO.5.6	2
12:16	1CO.5.9-1CO.5.11	2
12:16	1CO.10.8	2
12:16	2CO.12.21	2
12:16	GAL.5.19-GAL.5.21	2
12:16	EPH.5.5	2
12:16	COL.3.5	2
12:16	REV.2.20-REV.2.23	2
12:16	EPH.5.3	1
12:16	REV.21.8	1
12:17	PRO.1.24-PRO.1.31	10
12:17	MAT.25.11-MAT.25.12	8
12:17	MAT.7.23	6
12:17	HEB.6.8	5
12:17	HEB.10.26-HEB.10.29	5
12:17	GEN.27.30-GEN.27.41	4
12:17	JER.6.30	4
12:17	LUK.13.24-LUK.13.27	4
12:17	HEB.6.4-HEB.6.6	4
12:18	DEU.4.11	12
12:18	EXO.24.17	9
12:18	DEU.5.22-DEU.5.26	7
12:18	EXO.20.18	6
12:18	EXO.19.12-EXO.19.22	4
12:18	ROM.6.14	4
12:18	2CO.3.9	4
12:18	ROM.8.15	2
12:18	2TI.1.7	2
12:19	DEU.18.16	6
12:19	1CO.15.52	5
12:19	EXO.20.1-EXO.20.19	4
12:19	DEU.4.12	4
12:19	EXO.20.22	3
12:19	DEU.4.33	3
12:19	DEU.5.3-DEU.5.22	3
12:19	EXO.19.16-EXO.19.19	2
12:19	DEU.5.24-DEU.5.27	2
12:19	1TH.4.16	2
12:20	EXO.19.12-EXO.19.13	12
12:20	EXO.19.16	2
12:20	DEU.33.2	2
12:20	GAL.2.19	2
12:20	GAL.3.10	2
12:20	ROM.3.19-ROM.3.20	1
12:21	EXO.19.16	14
12:21	DEU.9.19	10
12:21	ISA.6.3-ISA.6.5	7
12:21	EXO.19.19	6
12:21	PSA.119.120	6
12:21	REV.1.17	6
12:21	DAN.10.17	4
12:21	DAN.10.8	3
12:22	GAL.4.26	11
12:22	PHP.3.20	11
12:22	PSA.48.2	9
12:22	REV.14.1	8
12:22	ISA.51.11	7
12:22	JOL.2.32	6
12:22	HEB.11.10	6
12:22	HEB.13.14	6
12:22	REV.3.12	6
12:22	REV.21.2	6
12:22	REV.22.19	6
12:22	ISA.12.6	5
12:22	ISA.28.16	5
12:22	ISA.59.20	5
12:22	ISA.60.14	5
12:22	DAN.7.10	5
12:22	HOS.1.10	5
12:22	REV.5.11-REV.5.12	5
12:22	2KI.19.4	4
12:22	DEU.5.26	3
12:22	PSA.2.6	3
12:22	PSA.84.2	3
12:22	PSA.87.3	3
12:22	PSA.132.13-PSA.132.14	3
12:22	ISA.51.16	3
12:22	JER.10.10	3
12:22	DAN.6.26	3
12:22	JUD.1.14	3
12:22	REV.7.2	3
12:22	REV.21.10	3
12:22	DEU.33.2	2
12:22	JOS.3.10	2
12:22	PSA.68.17	2
12:22	ISA.14.32	2
12:22	MAT.5.35	2
12:22	ROM.9.26	2
12:22	ROM.11.26	2
12:22	1TH.1.9	2
12:22	HEB.3.12	2
12:22	HEB.9.14	2
12:22	HEB.10.31	2
12:22	PSA.42.2	1
12:22	MAT.16.16	1
12:23	JAS.1.18	10
12:23	LUK.10.20	8
12:23	HEB.11.40	8
12:23	GEN.18.25	6
12:23	EXO.4.22	6
12:23	REV.14.4	6
12:23	REV.20.15	6
12:23	PSA.94.2	5
12:23	PSA.96.13	4
12:23	2TH.1.5-2TH.1.7	4
12:23	HEB.6.10-HEB.6.12	4
12:23	HEB.9.27	4
12:23	REV.7.14-REV.7.17	4
12:23	PSA.98.9	3
12:23	MAT.25.31-MAT.25.34	3
12:23	JHN.5.27	3
12:23	ACT.20.28	3
12:23	EPH.1.22	3
12:23	PHP.4.3	3
12:23	1TI.3.5	3
12:23	HEB.11.4	3
12:23	1PE.2.23	3
12:23	REV.13.8	3
12:23	EXO.13.2	2
12:23	DEU.21.17	2
12:23	PSA.50.5-PSA.50.6	2
12:23	PSA.69.28	2
12:23	PSA.89.7	2
12:23	PSA.89.27	2
12:23	PSA.111.1	2
12:23	ECC.12.7	2
12:23	JER.31.9	2
12:23	1CO.13.12	2
12:23	1CO.15.54	2
12:23	2CO.5.8	2
12:23	EPH.5.24-EPH.5.27	2
12:23	PHP.1.21-PHP.1.23	2
12:23	PHP.3.12-PHP.3.21	2
12:23	COL.1.12	2
12:23	COL.1.24	2
12:23	EXO.32.32	1
12:23	1CO.15.49	0
12:24	HEB.9.15	26
12:24	HEB.8.6	16
12:24	HEB.11.28	16
12:24	HEB.11.4	15
12:24	GEN.4.10	14
12:24	MAT.26.28	14
12:24	MAT.23.35	13
12:24	1TI.2.5	13
12:24	EXO.24.8	11
12:24	LUK.22.20	11
12:24	1PE.1.2	11
12:24	HEB.10.22	10
12:24	HEB.9.21	9
12:24	ISA.55.3	8
12:24	JER.31.31-JER.31.33	8
12:24	MRK.14.24	8
12:24	LUK.11.51	7
12:24	HEB.7.22	7
12:24	HEB.13.20	7
12:24	HEB.8.8	6
12:25	HEB.8.5	8
12:25	DEU.30.17	6
12:25	HEB.2.1-HEB.2.3	6
12:25	PRO.13.18	5
12:25	ZEC.7.11	5
12:25	HEB.11.7	5
12:25	EXO.20.22	4
12:25	EXO.16.29	3
12:25	NUM.32.15	3
12:25	JOS.22.16	3
12:25	1KI.12.16	3
12:25	2CH.7.19	3
12:25	PRO.1.24	3
12:25	PRO.1.32	3
12:25	PRO.8.33	3
12:25	MAT.8.4	3
12:25	HEB.10.28-HEB.10.29	3
12:25	PRO.15.32	2
12:25	ISA.48.6	2
12:25	ISA.64.9	2
12:25	JER.11.10	2
12:25	EZK.5.6	2
12:25	ACT.7.35	2
12:25	1TH.5.15	2
12:25	2TI.4.4	2
12:25	MAT.17.5	1
12:25	HEB.3.17	0
12:25	1PE.1.22	0
12:25	REV.19.10	0
12:25	REV.22.9	0
12:26	HAG.2.6-HAG.2.7	26
12:26	ISA.13.13	21
12:26	EXO.19.18	13
12:26	ISA.2.19	10
12:26	JOL.3.16	10
12:26	PSA.114.6-PSA.114.7	6
12:26	HAB.3.10	6
12:26	HEB.12.27	6
12:26	HAG.2.22	4
12:27	MAT.24.35	5
12:27	1CO.7.31	5
12:27	REV.21.1	4
12:27	2PE.3.10-2PE.3.11	3
12:27	REV.11.15	3
12:27	PSA.102.26-PSA.102.27	2
12:27	EZK.21.27	2
12:28	ROM.12.1-ROM.12.2	21
12:28	PSA.2.11	19
12:28	HEB.13.15	18
12:28	DAN.2.44	16
12:28	HEB.4.16	13
12:28	HEB.10.22-HEB.10.23	12
12:28	REV.1.6	11
12:28	PSA.19.14	10
12:28	1PE.2.5	10
12:28	DAN.7.27	9
12:28	1PE.1.4-1PE.1.5	9
12:28	1PE.1.17	9
12:28	ROM.11.20	7
12:28	ISA.56.7	6
12:28	MAT.25.34	5
12:28	HEB.3.6	5
12:28	1PE.2.20	5
12:28	REV.5.10	5
12:28	REV.15.4	5
12:28	LEV.10.3	4
12:28	LUK.17.20-LUK.17.21	4
12:28	HEB.10.19	4
12:28	DAN.7.14	3
12:28	PSA.89.7	2
12:28	ISA.9.7	2
12:28	EPH.1.6	2
12:28	PHP.4.18	2
12:28	EPH.5.10	1
12:28	HEB.5.7	1
12:28	PRO.28.24	0
12:28	LUK.1.33	0
12:29	DEU.4.24	30
12:29	DEU.9.3	19
12:29	ISA.66.15	17
12:29	2TH.1.8	17
12:29	HEB.10.27	17
12:29	EXO.24.17	16
12:29	DAN.7.9	14
12:29	PSA.97.3	12
12:29	NUM.16.35	11
12:29	NUM.11.1	10
12:29	PSA.50.3	10
13:1	1JN.4.20-1JN.5.1	18
13:1	1PE.3.8	17
13:1	1PE.1.22	13
13:1	1PE.2.17	10
13:1	2PE.1.7	10
13:1	ROM.12.9-ROM.12.10	7
13:1	HEB.10.24	7
13:1	1JN.2.9-1JN.2.10	7
13:1	2JN.1.5-2JN.1.6	7
13:1	2TH.1.3	6
13:1	HEB.6.10-HEB.6.11	5
13:1	JHN.13.34-JHN.13.35	4
13:1	GAL.5.22	4
13:1	1PE.4.8	4
13:1	1JN.3.10-1JN.3.18	4
13:1	GAL.5.13	3
13:1	PHP.2.1-PHP.2.3	3
13:1	1TH.4.9-1TH.4.10	3
13:1	1JN.3.23	3
13:1	JHN.15.17	2
13:1	GAL.5.6	2
13:1	1JN.4.7-1JN.4.11	2
13:1	REV.2.4	2
13:1	ACT.2.1	1
13:1	ACT.2.44-ACT.2.46	1
13:1	ACT.4.32	1
13:1	EPH.4.3	1
13:1	EPH.5.2	1
13:2	MAT.25.35	44
13:2	GEN.18.1-GEN.19.3	29
13:2	1PE.4.9	24
13:2	ROM.12.13	21
13:2	MAT.25.43	15
13:2	MAT.25.40	13
13:2	LEV.19.34	11
13:2	DEU.10.18-DEU.10.19	10
13:2	1KI.17.10-1KI.17.16	10
13:2	TIT.1.8	10
13:2	JDG.13.15-JDG.13.25	9
13:2	JOB.31.32	9
13:2	ISA.58.7	7
13:2	1TI.5.10	6
13:2	ROM.16.23	5
13:2	1TI.3.2	5
13:2	JOB.31.19	4
13:2	ACT.16.15	4
13:2	2KI.4.8	2
13:3	MAT.25.36	16
13:3	HEB.10.34	14
13:3	ROM.12.15	13
13:3	1CO.12.26	12
13:3	COL.4.18	8
13:3	GAL.6.1-GAL.6.2	7
13:3	1PE.3.8	7
13:3	MAT.25.43	6
13:3	ACT.24.23	4
13:3	GEN.40.14-GEN.40.15	3
13:3	GEN.40.23	3
13:3	PHP.4.14-PHP.4.19	3
13:3	2TI.1.16-2TI.1.18	3
13:3	JER.38.7-JER.38.13	2
13:3	ACT.16.29-ACT.16.34	2
13:3	EPH.4.1	2
13:3	NEH.1.3-NEH.1.4	1
13:3	ACT.27.3	1
13:4	GEN.2.24	77
13:4	PRO.5.15-PRO.5.23	31
13:4	1CO.7.2-1CO.7.16	29
13:4	GAL.5.19	26
13:4	GEN.1.27-GEN.1.28	20
13:4	1CO.6.9	13
13:4	GAL.5.21	13
13:4	1CO.5.13	12
13:4	COL.3.5-COL.3.6	12
13:4	EPH.5.5	9
13:4	GEN.2.21	8
13:4	MAL.3.5	8
13:4	1CO.7.38	8
13:4	1TI.3.4	8
13:4	1TI.3.12	8
13:4	LEV.21.13-LEV.21.15	7
13:4	1CO.9.5	7
13:4	2CO.5.10	7
13:4	1TI.4.3	7
13:4	1TI.5.14	7
13:4	TIT.1.6	7
13:4	REV.22.15	7
13:4	1TI.3.2	6
13:4	2KI.22.14	5
13:4	ISA.8.3	5
13:4	PSA.50.16-PSA.50.22	4
13:4	HEB.12.16	4
13:5	DEU.31.8	203
13:5	JOS.1.5	159
13:5	DEU.31.6	139
13:5	1SA.12.22	90
13:5	ISA.41.17	84
13:5	PSA.37.25	82
13:5	ISA.41.10	79
13:5	1CH.28.20	70
13:5	MAT.6.25	61
13:5	GEN.28.15	59
13:5	MAT.6.34	48
13:5	PSA.37.28	47
13:5	PHP.4.11-PHP.4.12	35
13:5	1TI.6.6-1TI.6.10	32
13:5	LUK.16.13-LUK.16.14	27
13:5	COL.3.5	23
13:5	EZK.33.31	22
13:5	LUK.12.15-LUK.12.21	22
13:5	LUK.3.14	21
13:5	PSA.119.36	19
13:5	PSA.10.3	13
13:5	2PE.2.3	13
13:5	2PE.2.14	13
13:5	JER.6.13	12
13:5	ROM.1.29	12
13:5	1TI.3.3	11
13:5	LUK.8.14	10
13:5	EPH.5.3	10
13:5	EPH.5.5	10
13:5	EXO.2.21	9
13:5	MRK.7.22	9
13:5	1CO.5.11	9
13:5	1CO.6.10	8
13:5	JUD.1.11	7
13:5	EXO.20.17	6
13:5	JOS.7.21	0
13:6	PSA.118.6-PSA.118.9	314
13:6	ISA.41.10	274
13:6	ROM.8.31	233
13:6	PSA.27.1-PSA.27.3	225
13:6	PSA.124.8	174
13:6	HEB.4.16	164
13:6	PSA.56.4	160
13:6	PSA.56.11-PSA.56.12	137
13:6	PSA.54.4	130
13:6	MAT.10.28	130
13:6	PSA.33.20	123
13:6	PSA.63.7	118
13:6	DAN.3.16-DAN.3.18	107
13:6	PSA.94.17	106
13:6	PSA.40.17	105
13:6	LUK.12.4-LUK.12.5	105
13:6	GEN.15.1	100
13:6	EPH.3.12	93
13:6	DEU.33.29	90
13:6	PSA.27.9	87
13:6	ISA.41.14	87
13:6	PSA.115.9-PSA.115.11	85
13:6	EXO.18.4	79
13:6	PSA.146.3	79
13:6	DEU.33.26	78
13:6	HEB.10.19	70
13:6	PSA.18.1-PSA.18.2	68
13:7	1TH.5.12-1TH.5.13	35
13:7	HEB.13.17	32
13:7	PHP.3.17	25
13:7	HEB.6.12	20
13:7	1TH.1.6	13
13:7	MAT.24.45	8
13:7	ACT.14.23	8
13:7	1TH.2.13	8
13:7	1TI.3.5	8
13:7	ACT.4.31	7
13:7	ROM.10.17	7
13:7	SNG.1.8	6
13:7	1CO.4.16	6
13:7	HEB.13.24	6
13:7	REV.6.9	5
13:7	REV.20.4	5
13:7	LUK.8.11	3
13:7	LUK.12.42	3
13:7	1CO.11.1	3
13:7	2TH.3.9	3
13:7	REV.1.9	3
13:7	ACT.7.55-ACT.7.60	2
13:7	ACT.13.46	2
13:7	1CO.10.13	2
13:7	2TH.3.7	2
13:8	MAL.3.6	138
13:8	JAS.1.17	102
13:8	REV.1.8	94
13:8	HEB.1.12	71
13:8	ISA.44.6	70
13:8	PSA.102.27-PSA.102.28	64
13:8	PSA.90.2	63
13:8	PSA.103.17	47
13:8	ISA.41.4	40
13:8	PSA.90.4	38
13:8	REV.1.17-REV.1.18	36
13:8	REV.1.4	31
13:8	JHN.8.56-JHN.8.58	29
13:8	2CO.1.19	26
13:8	REV.1.11	6
13:9	EPH.4.14	19
13:9	1TI.6.3-1TI.6.5	16
13:9	EPH.5.6	14
13:9	ROM.14.6	13
13:9	1JN.4.1	13
13:9	MAT.24.4	10
13:9	ACT.20.30	10
13:9	ROM.16.17-ROM.16.18	10
13:9	GAL.1.6-GAL.1.9	10
13:9	COL.2.7-COL.2.8	9
13:9	1TI.6.20	9
13:9	JUD.1.12	9
13:9	2CO.11.11-2CO.11.15	8
13:9	2TH.2.17	8
13:9	HEB.9.9-HEB.9.10	8
13:9	JUD.1.3	8
13:9	MAT.24.24	7
13:9	ACT.20.32	7
13:9	ROM.14.17	7
13:9	1CO.8.8	7
13:9	2CO.1.21	7
13:9	COL.2.4	7
13:9	COL.2.16-COL.2.20	7
13:9	1TI.4.1-1TI.4.5	7
13:9	TIT.1.14-TIT.1.15	7
13:9	LEV.11.1-LEV.11.47	6
13:9	ACT.10.14-ACT.10.16	6
13:9	1CO.6.13	6
13:9	2TH.2.2	6
13:9	ROM.14.2	5
13:9	GAL.6.1	5
13:9	2TI.2.1-2TI.2.2	5
13:9	DEU.14.3-DEU.14.21	3
13:10	1CO.5.7-1CO.5.8	6
13:10	1CO.10.20	6
13:10	1CO.9.13	3
13:10	NUM.7.5	2
13:10	1CO.10.17-1CO.10.18	2
13:10	NUM.3.7-NUM.3.8	0
13:11	LEV.16.27	11
13:11	EXO.29.14	7
13:11	LEV.9.11	5
13:11	NUM.19.3	5
13:11	LEV.6.30	4
13:11	LEV.4.5-LEV.4.7	3
13:11	LEV.4.11-LEV.4.12	3
13:11	LEV.4.16-LEV.4.21	3
13:11	LEV.9.9	3
13:11	LEV.16.14-LEV.16.19	3
13:12	HEB.9.12-HEB.9.14	11
13:12	JHN.19.17-JHN.19.18	10
13:12	MRK.15.20-MRK.15.24	7
13:12	ACT.7.58	6
13:12	1CO.6.11	6
13:12	LEV.24.23	5
13:12	NUM.15.36	5
13:12	JHN.19.34	5
13:12	EPH.5.26	5
13:12	HEB.10.29	5
13:12	JOS.7.24	4
13:12	JHN.17.19	4
13:12	1JN.5.6-1JN.5.8	4
13:12	HEB.2.11	3
13:12	HEB.9.18-HEB.9.19	3
13:13	HEB.11.26	11
13:13	1PE.4.14-1PE.4.16	8
13:13	MAT.16.24	7
13:13	LUK.6.22	7
13:13	ACT.5.41	7
13:13	1CO.4.10-1CO.4.13	6
13:13	MAT.5.11	5
13:13	MAT.27.39-MAT.27.44	5
13:13	2CO.12.10	5
13:13	MAT.10.24-MAT.10.25	3
13:13	HEB.12.3	3
13:13	1PE.4.4	2
13:13	MAT.27.32	0
13:14	PHP.3.20	23
13:14	COL.3.1-COL.3.3	14
13:14	HEB.11.12-HEB.11.16	11
13:14	HEB.12.22	11
13:14	2PE.3.13-2PE.3.14	10
13:14	EPH.2.19	8
13:14	2CO.4.17-2CO.5.8	7
13:14	MIC.2.10	6
13:14	HEB.11.9-HEB.11.10	6
13:14	1CO.7.29	5
13:14	HEB.4.9	5
13:14	1PE.4.7	5
13:15	PSA.107.21-PSA.107.22	37
13:15	PSA.50.14	29
13:15	ROM.12.1	20
13:15	PSA.145.1-PSA.145.21	18
13:15	1PE.2.5	17
13:15	HOS.14.2	15
13:15	EPH.5.19-EPH.5.20	11
13:15	PSA.50.23	10
13:15	ISA.57.19	10
13:15	2CH.33.16	8
13:15	PSA.116.17-PSA.116.19	7
13:15	REV.5.9-REV.5.14	7
13:15	LEV.7.12	6
13:15	REV.19.1-REV.19.6	6
13:15	2CH.7.6	5
13:15	PSA.69.30-PSA.69.31	5
13:15	MAT.11.25	5
13:15	2CH.29.31	4
13:15	NEH.12.43	4
13:15	PSA.18.49	4
13:15	PSA.118.19	4
13:15	EPH.2.18	4
13:15	COL.3.16-COL.3.17	4
13:15	1PE.4.11	4
13:15	GEN.4.3-GEN.4.4	3
13:15	EZR.3.11	3
13:15	NEH.12.40	3
13:15	PSA.136.1-PSA.136.26	3
13:15	ISA.12.1-ISA.12.2	3
13:15	JHN.10.9	3
13:15	ROM.6.19	3
13:15	COL.1.12	3
13:15	HEB.7.25	3
13:15	REV.7.9-REV.7.12	3
13:15	LUK.10.21	2
13:15	JHN.14.6	2
13:15	REV.4.8-REV.4.11	1
13:16	GAL.6.10	49
13:16	2TH.3.13	49
13:16	ROM.12.13	46
13:16	HEB.6.10	37
13:16	HEB.13.1-HEB.13.2	31
13:16	1TI.6.18	29
13:16	EPH.4.28	27
13:16	2CO.9.12-2CO.9.13	22
13:16	PHP.4.18	22
13:16	MAT.25.35-MAT.25.40	21
13:16	PSA.37.3	18
13:16	LUK.18.22	18
13:16	MIC.6.7-MIC.6.8	17
13:16	ACT.10.38	17
13:16	1TH.5.15	17
13:16	LUK.6.35-LUK.6.36	15
13:16	GAL.6.6	15
13:16	3JN.1.11	13
13:16	ACT.9.36	12
13:16	PHM.1.6	11
13:16	PSA.51.19	10
13:16	PHP.4.14	10
13:17	1TH.5.12-1TH.5.13	66
13:17	1TI.5.17	60
13:17	HEB.13.7	55
13:17	1PE.5.5	39
13:17	ACT.20.28	37
13:17	1PE.5.2-1PE.5.3	26
13:17	1CO.16.16	22
13:17	JER.13.17	20
13:17	EZK.3.17-EZK.3.21	19
13:17	EZK.33.7-EZK.33.9	19
13:17	PHP.2.12	18
13:17	EXO.32.31	16
13:17	PHP.2.29	16
13:17	ROM.14.12	15
13:17	2CO.5.10-2CO.5.11	15
13:17	1CO.4.1-1CO.4.2	14
13:17	1SA.15.19-1SA.15.20	11
13:17	ISA.62.6	11
13:17	PHP.4.1	11
13:17	1TH.2.19-1TH.2.20	11
13:17	2TH.3.14	11
13:17	HEB.13.24	11
13:17	PHP.3.18	10
13:17	1SA.8.19	9
13:17	PHP.1.4	9
13:17	1TH.3.9-1TH.3.10	9
13:17	JAS.4.7	9
13:17	GEN.16.9	8
13:17	PRO.5.13	6
13:17	LUK.16.2	6
13:17	ACT.20.24-ACT.20.26	6
13:17	PHP.2.16	6
13:17	EZK.33.2	5
13:17	EPH.5.21	5
13:18	1TH.5.25	10
13:18	2TH.3.1	6
13:18	COL.4.3	5
13:18	1TI.1.5	5
13:18	ACT.24.16	4
13:18	ROM.15.30	4
13:18	ACT.23.1	3
13:18	EPH.6.19-EPH.6.20	3
13:18	1TH.4.12	3
13:18	1PE.2.12	3
13:18	1PE.3.16	3
13:18	1PE.3.21	3
13:18	ROM.12.17	2
13:18	ROM.13.13	2
13:18	2CO.1.12	2
13:18	PHP.4.8	2
13:19	PHM.1.22	6
13:19	ROM.1.10-ROM.1.12	2
13:19	ROM.15.31-ROM.15.32	2
13:20	JHN.10.11	25
13:20	HEB.10.22	21
13:20	PSA.23.1	15
13:20	ROM.15.33	15
13:20	JHN.10.14	14
13:20	2TH.3.16	13
13:20	EZK.37.26	12
13:20	ZEC.9.11	9
13:20	EXO.24.8	8
13:20	ACT.2.24	8
13:20	ISA.55.3	7
13:20	1PE.2.25	7
13:20	ISA.40.11	6
13:20	ISA.63.11	6
13:20	JER.32.40	6
13:20	ACT.3.15	6
13:20	HEB.9.16-HEB.9.17	6
13:20	1CH.16.17	5
13:20	COL.2.12	5
13:20	1TH.1.10	5
13:20	1PE.1.21	5
13:20	1PE.5.4	5
13:20	2SA.23.5	4
13:20	EZK.34.23	4
13:20	MAT.26.28	4
13:20	ACT.5.30	4
13:20	ROM.8.11	4
13:20	PHP.4.9	4
13:20	1TH.5.23	4
13:20	HEB.9.20	4
13:20	HEB.10.29	4
13:20	ISA.61.8	3
13:20	EZK.37.24	3
13:20	MRK.14.24	3
13:20	LUK.22.20	3
13:20	ACT.2.32	3
13:20	ACT.10.40-ACT.10.41	3
13:20	ACT.13.30	3
13:20	ACT.17.31	3
13:20	ROM.4.24-ROM.4.25	3
13:20	1CO.6.14	3
13:20	1CO.14.33	3
13:20	1CO.15.15	3
13:20	2CO.4.14	3
13:20	2CO.13.11	3
13:20	GAL.1.1	3
13:20	EPH.1.20	3
13:20	PSA.80.1	2
13:20	ACT.4.10	2
13:20	ROM.1.4	2
13:20	ROM.16.20	2
13:21	PHP.2.13	30
13:21	2TH.2.17	23
13:21	PHP.4.13	20
13:21	1PE.5.10-1PE.5.11	19
13:21	1PE.2.5	11
13:21	PHP.1.11	10
13:21	2TI.4.18	10
13:21	1TH.5.23	8
13:21	2CO.9.8	7
13:21	EPH.2.10	7
13:21	COL.3.17	6
13:21	HEB.10.36	6
13:21	DEU.32.4	5
13:21	PSA.72.18-PSA.72.19	5
13:21	1PE.4.2	5
13:21	JUD.1.25	5
13:21	REV.5.9	5
13:21	PSA.138.8	4
13:21	MAT.6.13	4
13:21	ROM.14.17-ROM.14.18	4
13:21	1TI.1.17	4
13:21	1JN.2.17	4
13:21	1JN.3.22	4
13:21	MAT.28.20	3
13:21	EPH.2.18	3
13:21	PHP.4.18	3
13:21	COL.1.9-COL.1.12	3
13:21	COL.4.12	3
13:21	1TH.3.13	3
13:21	1TI.5.10	3
13:21	1TI.6.16	3
13:21	HEB.13.16	3
13:21	ROM.11.36-ROM.12.2	2
13:21	GAL.1.5	2
13:21	EPH.3.16-EPH.3.19	2
13:21	PHP.2.11	2
13:21	COL.3.20	2
13:21	1TH.4.3	2
13:21	HEB.12.23	2
13:21	2PE.3.18	2
13:21	REV.4.6	2
13:21	REV.5.13	2
13:21	MAT.7.21	1
13:21	MAT.21.31	1
13:21	JHN.7.17	1
13:21	JHN.16.23-JHN.16.24	1
13:21	JHN.17.23	1
13:21	ROM.16.27	1
13:21	MAT.12.50	0
13:22	2CO.6.1	4
13:22	HEB.3.1	4
13:22	1PE.5.12	4
13:22	GAL.6.11	3
13:22	2CO.5.20	2
13:22	HEB.10.19-HEB.10.39	2
13:22	HEB.12.1-HEB.12.2	2
13:22	HEB.13.1-HEB.13.3	2
13:22	2CO.10.1	1
13:22	PHM.1.8-PHM.1.9	1
13:22	HEB.2.1	1
13:22	HEB.3.12-HEB.3.13	1
13:22	HEB.4.1	1
13:22	HEB.4.11	1
13:22	HEB.6.11-HEB.6.12	1
13:22	HEB.12.12-HEB.12.16	1
13:22	HEB.12.25-HEB.12.28	1
13:22	HEB.13.12-HEB.13.16	1
13:23	1TH.3.2	3
13:23	PHM.1.1	3
13:23	2TI.1.8	2
13:23	ACT.16.1-ACT.16.3	1
13:23	ROM.15.25	1
13:23	ROM.15.28	1
13:23	1TI.6.12	1
13:23	PHM.1.22	1
13:23	REV.7.14	1
13:24	HEB.13.7	4
13:24	HEB.13.17	4
13:24	ACT.18.2	3
13:24	PHM.1.5	3
13:24	ROM.16.1-ROM.16.16	1
13:24	ROM.16.21-ROM.16.23	1
13:24	2CO.1.1	1
13:24	2CO.13.13	1
13:24	PHP.4.22	1
13:24	COL.1.2	1
13:24	ACT.27.1	0
13:24	PHP.1.1	0
13:25	COL.4.18	4
13:25	ROM.16.20	3
13:25	EPH.6.24	3
13:25	2TI.4.22	3
13:25	TIT.3.15	3
13:25	REV.22.21	3
13:25	ROM.1.7	1
13:25	ROM.16.23	1
