# chapter:verse	to	votes (most first)
1:1	2CH.26.1-2CH.32.33	4
1:1	2KI.18.1-2KI.20.21	2
1:2	DEU.32.1	15
1:2	DEU.30.19	14
1:2	MIC.1.2	11
1:2	DEU.4.26	10
1:2	PSA.50.4	8
1:2	MIC.6.1-MIC.6.2	6
1:2	MAL.1.6	6
1:2	ISA.30.1	4
1:2	ISA.30.9	4
1:2	ISA.46.3-ISA.46.4	4
1:2	ISA.63.9-ISA.63.10	4
1:2	ISA.65.2	4
1:2	JER.6.19	4
1:2	EZK.36.4	4
1:2	AMO.3.1	4
1:2	MIC.3.8	4
1:2	DEU.1.31	3
1:2	DEU.4.7-DEU.4.8	3
1:2	DEU.9.22-DEU.9.24	3
1:2	ISA.5.1-ISA.5.2	3
1:2	JER.13.15	3
1:2	JER.31.9	3
1:2	EZK.16.6-EZK.16.14	3
1:2	JER.2.5-JER.2.13	2
1:2	JER.22.29	2
1:2	EZK.20.5-EZK.20.32	2
1:2	ACT.4.20	2
1:2	ROM.3.1-ROM.3.2	2
1:2	ROM.9.4-ROM.9.5	2
1:3	JER.8.7	24
1:3	JER.4.22	17
1:3	ISA.44.18	15
1:3	ISA.5.12	14
1:3	MAT.13.13-MAT.13.15	14
1:3	PSA.94.8	13
1:3	ROM.1.28	13
1:3	ISA.27.11	11
1:3	DEU.32.28-DEU.32.29	10
1:3	2PE.3.5	10
1:3	PRO.6.6	9
1:3	JER.9.3-JER.9.6	8
1:3	JER.10.8	7
1:3	JER.10.14	7
1:3	MAT.13.19	6
1:4	ISA.5.24	7
1:4	JER.2.17	6
1:4	JER.2.13	5
1:4	ROM.8.7	4
1:4	ISA.5.19	3
1:4	JER.2.19	3
1:4	JER.7.19	3
1:4	MAT.3.7	3
1:4	ACT.7.51-ACT.7.52	3
1:4	GEN.13.13	2
1:4	NUM.32.14	2
1:4	DEU.29.25	2
1:4	DEU.31.16	2
1:4	DEU.32.19	2
1:4	JDG.10.10	2
1:4	PSA.58.3	2
1:4	PSA.78.8	2
1:4	PSA.78.40	2
1:4	PSA.89.18	2
1:4	ISA.1.23	2
1:4	ISA.3.8	2
1:4	ISA.10.6	2
1:4	ISA.14.20	2
1:4	ISA.29.19	2
1:4	ISA.30.9	2
1:4	ISA.30.11-ISA.30.12	2
1:4	ISA.30.15	2
1:4	ISA.37.23	2
1:4	ISA.41.14	2
1:4	ISA.41.16	2
1:4	ISA.41.20	2
1:4	ISA.57.3-ISA.57.4	2
1:4	ISA.65.3	2
1:4	JER.2.5	2
1:4	JER.2.31	2
1:4	JER.2.33	2
1:4	JER.7.26	2
1:4	JER.16.11-JER.16.12	2
1:4	JER.50.29	2
1:4	JER.51.5	2
1:4	EZK.16.33	2
1:4	MAT.11.28	2
1:4	MAT.23.33	2
1:4	1CO.10.22	2
1:4	COL.1.24	2
1:4	ISA.12.6	1
1:4	REV.18.5	1
1:5	DAN.9.8-DAN.9.11	7
1:5	EZK.24.13	6
1:5	JER.5.3	5
1:5	REV.16.8-REV.16.11	5
1:5	ISA.31.6	4
1:5	JER.5.31	4
1:5	ZEP.3.1-ZEP.3.4	4
1:5	ISA.33.24	3
1:5	JER.2.30	3
1:5	JER.6.28-JER.6.30	3
1:5	JER.9.3	3
1:5	HEB.12.5-HEB.12.8	3
1:5	2CH.28.22	2
1:5	NEH.9.34	2
1:5	ISA.1.23	2
1:5	ISA.9.13	2
1:5	ISA.9.21	2
1:5	JER.5.5	2
1:6	JER.6.14	5
1:6	JER.33.6	4
1:6	MAT.9.12	4
1:6	JOB.5.18	3
1:6	PSA.38.3-PSA.38.5	3
1:6	PSA.77.2	3
1:6	MAL.4.2	3
1:6	LUK.10.34	3
1:6	2CH.6.28-2CH.6.29	2
1:6	JOB.2.7-JOB.2.8	2
1:6	JER.8.21-JER.8.22	2
1:6	JER.30.12	2
1:6	HOS.5.12-HOS.5.13	2
1:6	NAM.3.19	2
1:6	LUK.16.20-LUK.16.21	2
1:7	DEU.28.33	6
1:7	DEU.28.43	6
1:7	LAM.5.2	6
1:7	EZK.30.12	4
1:7	HOS.7.9	4
1:7	DEU.28.48-DEU.28.52	3
1:7	2CH.28.5	3
1:7	2CH.28.16-2CH.28.21	3
1:7	LEV.26.34	2
1:7	PSA.107.34	2
1:7	PSA.107.39	2
1:7	ISA.5.9	2
1:7	ISA.5.17	2
1:7	ISA.6.11	2
1:7	ISA.9.5	2
1:7	ISA.24.10-ISA.24.12	2
1:7	ISA.34.9	2
1:7	JER.2.15	2
1:7	JER.6.8	2
1:7	HOS.8.7	2
1:7	ISA.5.5-ISA.5.6	1
1:8	ZEC.9.9	46
1:8	JHN.12.15	24
1:8	ZEC.2.10	17
1:8	ISA.62.11	14
1:8	ISA.10.32	6
1:8	LAM.2.6	4
1:8	JOB.27.18	3
1:8	PSA.9.14	3
1:8	ISA.4.4	3
1:8	ISA.37.22	3
1:8	LAM.2.1	3
1:8	ISA.8.8	2
1:8	JER.4.17	2
1:8	LUK.19.43-LUK.19.44	2
1:9	ROM.9.29	14
1:9	ISA.37.31-ISA.37.32	12
1:9	GEN.19.24	8
1:9	LAM.3.22	6
1:9	AMO.4.11	4
1:9	ROM.11.4-ROM.11.6	4
1:9	GEN.18.32	3
1:9	ISA.6.13	3
1:9	ISA.10.20-ISA.10.22	3
1:9	ISA.17.6	3
1:9	ISA.24.13	3
1:9	ISA.37.4	3
1:9	DEU.29.23	2
1:9	1KI.19.18	2
1:9	LAM.4.6	2
1:9	EZK.6.8	2
1:9	HAB.3.2	2
1:9	ZEP.2.9	2
1:9	ZEC.13.8-ZEC.13.9	2
1:9	MAT.7.14	2
1:9	LUK.17.29-LUK.17.30	2
1:9	ROM.9.27	2
1:9	GEN.18.26	1
1:9	EZK.14.22	1
1:9	JOL.2.32	1
1:9	2PE.2.6	1
1:10	DEU.32.32	6
1:10	ISA.3.9	6
1:10	EZK.16.49	6
1:10	REV.11.8	6
1:10	GEN.13.13	5
1:10	1KI.22.19-1KI.22.23	5
1:10	ISA.8.20	5
1:10	ISA.28.14	5
1:10	JER.9.26	5
1:10	JER.23.14	5
1:10	EZK.16.46	5
1:10	AMO.9.7	4
1:10	AMO.3.1	3
1:10	AMO.3.8	3
1:10	MIC.3.8-MIC.3.12	3
1:10	ROM.9.29	2
1:11	1SA.15.22	17
1:11	AMO.5.21	16
1:11	JER.6.20	13
1:11	ISA.66.3	12
1:11	MIC.6.7	11
1:11	PRO.15.8	9
1:11	MAL.1.10	9
1:11	MAT.9.13	9
1:11	PSA.50.8	8
1:11	PRO.21.27	8
1:11	PSA.51.16	7
1:11	JER.7.21	3
1:12	EXO.34.23	5
1:12	EXO.23.17	4
1:12	PSA.40.6	4
1:12	ECC.5.1	4
1:12	ISA.58.1-ISA.58.2	4
1:12	MIC.6.8	4
1:12	MAT.23.5	3
1:12	DEU.16.16	2
1:13	ISA.66.3	10
1:13	MAL.1.10	9
1:13	MAT.15.9	7
1:13	EZK.20.39	6
1:13	LAM.2.6	5
1:13	EXO.12.16	4
1:13	DEU.16.1-DEU.16.22	4
1:13	1CH.23.31	4
1:13	JOL.2.15	4
1:13	1CO.11.17	4
1:13	LEV.23.1-LEV.23.44	3
1:13	PSA.78.40	3
1:13	PRO.21.27	3
1:13	JER.7.9-JER.7.10	3
1:13	JOL.1.14	3
1:13	LUK.11.42	3
1:13	EPH.4.30	3
1:13	NUM.28.1-NUM.28.29	2
1:13	PHP.1.15	1
1:14	AMO.5.21	11
1:14	ISA.43.24	8
1:14	ISA.7.13	3
1:14	ISA.61.8	3
1:14	ISA.29.1	2
1:14	AMO.2.13	2
1:14	ZEC.11.8	2
1:14	MAL.2.17	2
1:15	MIC.3.4	20
1:15	ISA.59.2-ISA.59.3	14
1:15	PRO.1.28	13
1:15	ZEC.7.13	10
1:15	JER.7.8-JER.7.10	8
1:15	PSA.66.18	7
1:15	ISA.58.7	6
1:15	JER.14.12	6
1:15	LUK.13.25-LUK.13.28	6
1:15	1KI.8.22	5
1:15	PSA.55.1	5
1:15	MAT.23.13	5
1:15	1KI.8.54	4
1:15	JOB.27.20	4
1:15	MIC.3.9-MIC.3.11	4
1:15	MAT.6.7	4
1:15	JOB.27.8-JOB.27.9	3
1:15	PSA.134.2	3
1:15	ISA.8.17	3
1:15	EZK.8.17-EZK.8.18	3
1:15	1TI.2.8	3
1:15	EZR.9.5	2
1:16	ISA.55.6-ISA.55.7	18
1:16	1PE.3.11	18
1:16	1PE.2.1	16
1:16	2CO.7.1	15
1:16	JAS.4.8	13
1:16	EZK.18.30-EZK.18.31	12
1:16	TIT.2.11-TIT.2.14	11
1:16	MAT.3.8	10
1:16	REV.7.14	10
1:16	JER.4.14	9
1:16	ZEC.1.3-ZEC.1.4	9
1:16	ISA.52.11	8
1:16	PSA.26.6	7
1:16	JER.25.5	7
1:16	AMO.5.15	7
1:16	ACT.22.16	7
1:16	ROM.12.9	7
1:16	EPH.4.22-EPH.4.29	7
1:16	JOB.11.13-JOB.11.14	6
1:16	PSA.37.27	6
1:16	PSA.34.14	5
1:17	MIC.6.8	31
1:17	JER.22.3	27
1:17	PSA.82.3-PSA.82.4	26
1:17	PRO.31.9	25
1:17	ISA.1.23	23
1:17	ZEC.7.9-ZEC.7.10	22
1:17	JER.22.15-JER.22.16	19
1:17	DAN.4.27	18
1:17	ZEC.8.16	18
1:17	ZEP.2.3	17
1:18	ISA.44.22	92
1:18	REV.7.14	61
1:18	PSA.51.7	56
1:18	MIC.7.18-MIC.7.19	53
1:18	ISA.43.24-ISA.43.26	48
1:18	EPH.1.6-EPH.1.8	38
1:18	ISA.41.21	25
1:18	ISA.41.1	24
1:18	ROM.5.20	20
1:18	1SA.12.7	17
1:18	ACT.17.2	15
1:18	ACT.18.4	15
1:18	JER.2.5	12
1:18	ACT.24.25	11
1:18	MIC.6.2	6
1:19	DEU.30.15-DEU.30.16	58
1:19	ISA.3.10	43
1:19	JOL.2.26	31
1:19	HEB.5.9	23
1:19	ISA.55.6-ISA.55.7	20
1:19	ISA.55.1-ISA.55.3	16
1:19	MAT.21.28-MAT.21.32	16
1:19	JER.31.18-JER.31.20	13
1:19	JER.3.12-JER.3.14	12
1:19	HOS.14.1-HOS.14.4	11
1:20	ISA.65.12	9
1:20	ISA.58.14	7
1:20	NUM.23.19	5
1:20	ISA.40.5	5
1:20	ISA.3.11	4
1:20	ISA.3.25	4
1:20	LEV.26.33	3
1:20	1SA.12.25	3
1:20	2CH.36.14-2CH.36.16	3
1:20	MIC.4.4	3
1:20	TIT.1.2	3
1:20	1SA.15.29	2
1:20	HEB.2.1-HEB.2.3	2
1:21	EZK.22.1-EZK.22.23	3
1:21	ZEP.3.1-ZEP.3.3	3
1:21	ZEC.8.3	3
1:21	2SA.8.15	2
1:21	2CH.19.9	2
1:21	NEH.11.1	2
1:21	PSA.46.4	2
1:21	PSA.48.1	2
1:21	PSA.48.8	2
1:21	ISA.5.7	2
1:21	ISA.48.2	2
1:21	ISA.57.3-ISA.57.9	2
1:21	JER.2.20-JER.2.21	2
1:21	JER.3.1	2
1:21	LAM.1.8-LAM.1.9	2
1:21	EZK.16.1-EZK.16.63	2
1:21	HOS.11.12	2
1:21	MIC.3.2-MIC.3.3	2
1:21	LUK.13.34	2
1:21	ACT.7.52	2
1:21	HEB.12.22	2
1:21	REV.11.2	2
1:21	REV.11.8	2
1:22	JER.6.28-JER.6.30	3
1:22	LAM.4.1-LAM.4.2	3
1:22	EZK.22.18-EZK.22.22	3
1:22	HOS.4.18	3
1:22	HOS.6.4	2
1:22	2CO.2.17	2
1:23	MIC.7.3	7
1:23	EXO.23.8	6
1:23	ZEC.7.10	6
1:23	LUK.18.2-LUK.18.5	4
1:23	ACT.4.5-ACT.4.11	4
1:23	ISA.3.14	3
1:23	ISA.10.1-ISA.10.2	3
1:23	JER.5.28-JER.5.29	3
1:23	MAL.3.5	3
1:23	LUK.19.46	3
1:23	DEU.16.19	2
1:23	2CH.24.17-2CH.24.21	2
1:23	2CH.36.14	2
1:23	PRO.17.23	2
1:23	PRO.29.24	2
1:23	ISA.33.15	2
1:23	JER.5.5	2
1:23	JER.22.17	2
1:23	EZK.22.6-EZK.22.12	2
1:23	DAN.9.5-DAN.9.6	2
1:23	HOS.4.18	2
1:23	HOS.7.3-HOS.7.5	2
1:23	HOS.9.15	2
1:23	MIC.3.1-MIC.3.3	2
1:23	MAT.21.13	2
1:23	MRK.11.17	2
1:23	MIC.3.11	1
1:24	ISA.60.16	5
1:24	DEU.28.63	4
1:24	ISA.49.26	4
1:24	PSA.132.2	3
1:24	ISA.35.4	3
1:24	ISA.61.2	3
1:24	EZK.5.13	3
1:24	DEU.32.43	2
1:24	PRO.1.25-PRO.1.26	2
1:24	ISA.30.29	2
1:24	EZK.16.42	2
1:24	EZK.21.17	2
1:24	HEB.10.13	2
1:24	REV.18.8	2
1:24	ISA.63.4	1
1:24	JER.50.34	1
1:25	MAL.3.3	8
1:25	ISA.1.22	4
1:25	ISA.4.4	4
1:25	JER.9.7	4
1:25	ISA.6.11-ISA.6.13	3
1:25	JER.6.29	3
1:25	EZK.20.38	3
1:25	EZK.22.22	3
1:25	ZEP.3.11	3
1:25	EZK.22.20	2
1:25	ZEC.13.7-ZEC.13.9	2
1:25	MAT.3.12	2
1:25	REV.3.19	2
1:26	JER.33.7	7
1:26	ZEC.8.3	6
1:26	ISA.62.1-ISA.62.2	5
1:26	NUM.12.3	3
1:26	ISA.1.21	3
1:26	ISA.32.1-ISA.32.2	3
1:26	ISA.33.5	3
1:26	ISA.60.14	3
1:26	ISA.60.17-ISA.60.18	3
1:26	ISA.60.21	3
1:26	JER.31.23	3
1:26	JER.33.11	3
1:26	JER.33.15-JER.33.17	3
1:26	EZK.34.23-EZK.34.24	3
1:26	EZK.37.24-EZK.37.25	3
1:26	EZK.45.8	3
1:26	ZEP.3.13	3
1:26	ZEC.8.8	3
1:26	NUM.16.15	2
1:26	1SA.12.2-1SA.12.5	2
1:26	ZEP.3.9	2
1:26	REV.21.27	2
1:27	ISA.62.12	4
1:27	ISA.5.16	3
1:27	ISA.45.21-ISA.45.25	3
1:27	ISA.63.4	3
1:27	ROM.3.24-ROM.3.26	1
1:27	ROM.11.26-ROM.11.27	1
1:27	1CO.1.30	1
1:27	2CO.5.21	1
1:27	EPH.1.7-EPH.1.8	1
1:27	TIT.2.14	1
1:27	1PE.1.18-1PE.1.19	1
1:28	PSA.1.6	5
1:28	2TH.1.8-2TH.1.9	5
1:28	JOB.31.3	3
1:28	ISA.30.13	3
1:28	REV.21.8	3
1:28	1SA.12.25	2
1:28	1KI.9.6-1KI.9.9	2
1:28	1CH.28.9	2
1:28	PSA.5.6	2
1:28	PSA.9.5	2
1:28	PSA.37.38	2
1:28	PSA.73.27	2
1:28	PSA.92.9	2
1:28	PSA.104.35	2
1:28	PSA.125.5	2
1:28	PRO.29.1	2
1:28	ISA.50.11	2
1:28	ISA.65.11	2
1:28	ISA.66.24	2
1:28	ZEP.1.4-ZEP.1.6	2
1:28	LUK.12.45-LUK.12.46	2
1:28	1TH.5.3	2
1:28	2PE.3.7	2
1:29	ISA.57.5	5
1:29	ISA.65.3	5
1:29	ISA.66.17	5
1:29	EZK.16.63	3
1:29	HOS.4.13	3
1:29	ISA.30.22	2
1:29	ISA.31.7	2
1:29	ISA.45.16	2
1:29	JER.2.20	2
1:29	JER.3.6	2
1:29	EZK.6.13	2
1:29	EZK.36.31	2
1:29	HOS.14.3	2
1:29	HOS.14.8	2
1:29	ROM.6.21	2
1:30	JER.17.5-JER.17.6	3
1:30	ISA.5.6	2
1:30	ISA.58.11	2
1:30	JER.31.12	2
1:30	EZK.17.9-EZK.17.10	2
1:30	EZK.17.24	2
1:30	EZK.31.4-EZK.31.18	2
1:30	MAT.21.19	2
1:31	ISA.66.24	8
1:31	EZK.32.21	3
1:31	MAL.4.1	3
1:31	JDG.15.14	2
1:31	ISA.5.24	2
1:31	ISA.9.19	2
1:31	ISA.26.11	2
1:31	ISA.27.4	2
1:31	ISA.33.14	2
1:31	ISA.34.9-ISA.34.10	2
1:31	ISA.43.17	2
1:31	ISA.50.11	2
1:31	EZK.20.47-EZK.20.48	2
1:31	MAT.3.10	2
1:31	MRK.9.43-MRK.9.49	2
1:31	REV.6.14-REV.6.17	2
1:31	REV.14.10-REV.14.11	2
1:31	REV.19.20	2
1:31	REV.20.10	2
2:1	ISA.1.1	7
2:1	ISA.13.1	4
2:1	AMO.1.1	3
2:1	MIC.1.1	3
2:1	HAB.1.1	3
2:1	MIC.6.9	2
2:2	MIC.4.1-MIC.4.3	31
2:2	ISA.56.7	19
2:2	ZEC.8.3	11
2:2	ISA.27.13	10
2:2	REV.11.15	10
2:2	HEB.1.2	7
2:2	NUM.24.14	6
2:2	ISA.11.10	6
2:2	JER.49.39	6
2:2	DAN.2.28	6
2:2	DAN.10.14	6
2:2	2TI.3.1	6
2:2	2PE.3.3	6
2:2	REV.21.10-REV.21.27	6
2:2	PSA.86.9	5
2:2	ISA.60.11-ISA.60.12	5
2:2	ISA.66.20	5
2:2	JER.3.17	5
2:2	JER.48.47	5
2:2	EZK.38.16	5
2:2	DAN.2.35	5
2:2	DAN.2.45	5
2:2	ACT.2.17	5
2:2	JOB.19.25	4
2:2	PSA.2.8	4
2:2	ISA.49.6	4
2:2	JER.23.20	4
2:2	JER.30.24	4
2:2	MAL.3.12	4
2:2	REV.20.4	4
2:2	PSA.22.27	3
2:2	PSA.72.8	3
2:2	PSA.72.17-PSA.72.19	3
2:2	ISA.30.29	3
2:2	GEN.49.1	2
2:2	PSA.68.15-PSA.68.16	2
2:3	JER.50.4-JER.50.5	18
2:3	ZEC.8.20-ZEC.8.23	15
2:3	LUK.24.47	15
2:3	ISA.51.4-ISA.51.5	13
2:3	PSA.25.8-PSA.25.9	9
2:3	PSA.110.2	9
2:3	DEU.6.1	7
2:3	JHN.7.17	7
2:3	JER.31.6	6
2:3	ROM.10.18	5
2:3	MAT.7.24	4
2:3	LUK.11.28	3
2:3	ACT.1.8	3
2:3	ACT.10.33	3
2:3	ACT.13.46-ACT.13.48	3
2:3	JAS.1.25	3
2:4	HOS.2.18	23
2:4	MIC.4.3	22
2:4	ISA.11.6-ISA.11.9	15
2:4	ZEC.9.10	15
2:4	ISA.60.17-ISA.60.18	13
2:4	PSA.46.9	12
2:4	ISA.32.18	10
2:4	ISA.9.7	9
2:4	JOL.3.10	7
2:4	PSA.72.3-PSA.72.7	6
2:4	PSA.82.8	6
2:4	ISA.11.3-ISA.11.4	6
2:4	1SA.2.10	5
2:4	PSA.96.13	3
2:4	PSA.110.6	3
2:4	ISA.9.5	3
2:4	JHN.16.8-JHN.16.11	3
2:4	ACT.17.31	3
2:4	REV.19.11	3
2:5	EPH.5.8	8
2:5	ISA.60.19-ISA.60.20	6
2:5	LUK.1.79	6
2:5	1JN.1.7	6
2:5	JHN.12.35-JHN.12.36	4
2:5	1JN.1.5	4
2:5	REV.21.23-REV.21.24	4
2:5	PSA.89.15	3
2:5	ISA.2.3	3
2:5	ISA.50.10-ISA.50.11	3
2:5	ISA.58.1	3
2:5	1TH.5.5-1TH.5.6	3
2:5	ISA.60.1-ISA.60.2	2
2:5	ROM.13.12-ROM.13.14	1
2:6	ROM.11.20	5
2:6	DEU.18.10-DEU.18.14	4
2:6	2KI.1.2	4
2:6	EXO.22.18	3
2:6	EXO.34.16	3
2:6	LEV.19.31	3
2:6	LEV.20.6	3
2:6	NUM.23.7	3
2:6	NUM.25.1-NUM.25.2	3
2:6	DEU.21.11-DEU.21.13	3
2:6	DEU.31.16-DEU.31.17	3
2:6	1KI.11.1-1KI.11.2	3
2:6	2KI.16.7-2KI.16.8	3
2:6	1CH.10.13	3
2:6	2CH.15.2	3
2:6	2CH.24.20	3
2:6	NEH.13.23	3
2:6	PSA.106.35	3
2:6	PRO.6.1	3
2:6	ISA.8.19	3
2:6	ISA.47.12-ISA.47.13	3
2:6	JER.10.2	3
2:6	LAM.5.20	3
2:6	ROM.11.1-ROM.11.2	1
2:7	DEU.17.16-DEU.17.17	4
2:7	PSA.20.7	4
2:7	ISA.30.16	4
2:7	ISA.31.1	4
2:7	MIC.5.10	3
2:7	1KI.4.26	2
2:7	1KI.10.21-1KI.10.27	2
2:7	2CH.9.20-2CH.9.25	2
2:7	JER.5.27-JER.5.28	2
2:7	HOS.14.3	2
2:7	JAS.5.1-JAS.5.3	2
2:7	REV.18.3	2
2:7	REV.18.11-REV.18.17	2
2:8	PSA.115.4-PSA.115.8	7
2:8	REV.9.20	4
2:8	ISA.37.19	3
2:8	JER.2.28	3
2:8	DEU.4.28	2
2:8	2CH.27.2	2
2:8	2CH.28.2-2CH.28.4	2
2:8	2CH.28.23-2CH.28.25	2
2:8	2CH.33.3-2CH.33.7	2
2:8	ISA.10.10-ISA.10.11	2
2:8	ISA.17.8	2
2:8	ISA.44.15-ISA.44.20	2
2:8	ISA.57.5	2
2:8	JER.11.13	2
2:8	EZK.16.23-EZK.16.25	2
2:8	HOS.12.11	2
2:8	HOS.13.2	2
2:8	HOS.14.3	2
2:8	ACT.17.16	2
2:8	HOS.8.6	1
2:9	ISA.5.15	5
2:9	JOS.24.19	3
2:9	NEH.4.5	3
2:9	ISA.27.11	3
2:9	JER.18.23	3
2:9	MRK.3.29	3
2:9	ROM.3.23	3
2:9	PSA.49.2	2
2:9	PSA.62.9	2
2:9	ISA.57.9	2
2:9	COL.2.23	2
2:9	JER.5.4-JER.5.5	1
2:9	COL.2.18	1
2:9	REV.6.15-REV.6.17	1
2:10	REV.6.15-REV.6.16	14
2:10	ISA.2.19-ISA.2.21	8
2:10	HOS.10.8	7
2:10	LUK.23.30	7
2:10	JDG.6.1-JDG.6.2	4
2:10	JOB.37.22-JOB.37.24	4
2:10	ISA.6.3-ISA.6.5	4
2:10	JER.10.7	4
2:10	REV.15.3-REV.15.4	4
2:10	JOB.30.5-JOB.30.6	3
2:10	JOB.31.23	3
2:10	PSA.90.11	3
2:10	ISA.10.3	3
2:10	ISA.42.22	3
2:10	JER.10.10	3
2:10	LUK.12.5	3
2:10	2TH.1.9	3
2:11	ISA.5.15-ISA.5.16	11
2:11	PSA.18.27	10
2:11	ISA.2.17	6
2:11	ISA.12.4	5
2:11	ISA.13.11	5
2:11	ISA.24.21	5
2:11	MAL.4.1	5
2:11	MIC.4.6	4
2:11	JER.30.7-JER.30.8	3
2:11	JER.50.31-JER.50.32	3
2:11	EZK.38.19	3
2:11	EZK.39.22	3
2:11	HOS.2.18	3
2:11	2CO.10.17	3
2:11	JOB.40.10-JOB.40.12	2
2:11	ISA.4.1	2
2:11	ISA.11.10-ISA.11.11	2
2:11	ISA.12.1	2
2:11	ISA.25.9	2
2:11	ISA.26.1	2
2:11	ISA.27.1-ISA.27.2	2
2:11	ISA.27.12-ISA.27.13	2
2:11	ISA.28.5	2
2:11	ISA.29.18	2
2:11	ISA.30.23	2
2:11	ISA.37.23	2
2:11	ISA.52.6	2
2:11	JER.9.24	2
2:11	EZK.38.14	2
2:11	EZK.39.11	2
2:11	HOS.2.16	2
2:11	HOS.2.21	2
2:11	JOL.3.18	2
2:11	AMO.9.11	2
2:11	OBA.1.8	2
2:11	MIC.5.10	2
2:11	MIC.7.11-MIC.7.12	2
2:11	ZEP.3.11	2
2:11	ZEP.3.16	2
2:11	ZEC.9.16	2
2:11	LUK.18.14	2
2:11	1CO.1.29-1CO.1.31	2
2:11	2CO.10.5	2
2:11	1PE.5.5	2
2:12	MAL.4.1	5
2:12	ISA.23.9	4
2:12	PRO.16.5	3
2:12	LUK.14.11	3
2:12	JOB.40.11-JOB.40.12	2
2:12	ISA.13.6	2
2:12	ISA.13.9	2
2:12	ISA.24.4	2
2:12	ISA.24.21	2
2:12	JER.46.10	2
2:12	EZK.13.5	2
2:12	DAN.4.37	2
2:12	DAN.5.20-DAN.5.24	2
2:12	AMO.5.18	2
2:12	MAL.4.5	2
2:12	MAT.23.12	2
2:12	1CO.5.5	2
2:12	1TH.5.2	2
2:12	JAS.4.6	2
2:12	PRO.6.16-PRO.6.17	1
2:13	ISA.14.8	3
2:13	ZEC.11.1-ZEC.11.2	3
2:13	ISA.10.33-ISA.10.34	2
2:13	ISA.37.24	2
2:13	EZK.31.3-EZK.31.12	2
2:13	AMO.2.5	2
2:14	ISA.30.25	4
2:14	ISA.40.4	4
2:14	PSA.68.16	2
2:14	PSA.110.5-PSA.110.6	2
2:14	2CO.10.5	2
2:15	ISA.25.12	2
2:16	1KI.10.22	5
2:16	ISA.23.1	3
2:16	NUM.33.52	2
2:16	1KI.22.48-1KI.22.49	2
2:16	PSA.47.7	2
2:16	ISA.60.9	2
2:16	REV.18.11	2
2:16	REV.18.17-REV.18.19	2
2:17	ISA.2.11	5
2:17	JER.48.29-JER.48.30	5
2:17	ISA.13.11	4
2:17	EZK.28.2-EZK.28.7	3
2:18	ISA.21.9	3
2:18	ISA.27.9	3
2:18	EZK.36.25	3
2:18	EZK.37.23	3
2:18	ZEP.1.3	3
2:18	ZEC.13.2	3
2:18	HOS.14.8	2
2:19	ISA.2.10	7
2:19	LUK.23.30	6
2:19	ISA.2.21	5
2:19	HOS.10.8	5
2:19	HAG.2.6	3
2:19	HEB.12.26	3
2:19	REV.6.12-REV.6.15	3
2:19	REV.11.19	3
2:19	1SA.13.6	2
2:19	1SA.14.11	2
2:19	PSA.7.6	2
2:19	PSA.18.6-PSA.18.15	2
2:19	PSA.76.7-PSA.76.9	2
2:19	PSA.114.5-PSA.114.7	2
2:19	ISA.30.32	2
2:19	JER.16.16	2
2:19	MIC.1.3-MIC.1.4	2
2:19	MIC.7.17	2
2:19	NAM.1.3-NAM.1.6	2
2:19	HAB.3.3-HAB.3.14	2
2:19	HAG.2.21-HAG.2.22	2
2:19	2TH.1.9	2
2:19	HEB.11.38	2
2:19	2PE.3.10-2PE.3.13	2
2:19	REV.9.6	2
2:19	REV.11.13	2
2:19	REV.16.18	2
2:19	REV.20.11	2
2:20	ISA.30.22	5
2:20	ISA.31.7	4
2:20	LEV.11.19	2
2:20	ISA.46.1	2
2:20	ISA.46.6	2
2:20	HOS.14.8	2
2:20	PHP.3.7-PHP.3.8	2
2:21	ISA.2.19	8
2:21	EXO.33.22	3
2:21	JOB.30.6	3
2:21	SNG.2.14	3
2:21	ISA.2.10	3
2:22	JER.17.5	24
2:22	PSA.146.3	20
2:22	JAS.4.14	14
2:22	PSA.144.3-PSA.144.4	12
2:22	PSA.8.4	10
2:22	GEN.2.7	8
2:22	PSA.62.9	7
2:22	ISA.40.15	7
2:22	GEN.7.22	6
2:22	JOB.27.3	6
2:22	JOB.7.15-JOB.7.21	5
3:1	LEV.26.26	7
3:1	ISA.1.24	4
3:1	EZK.4.16-EZK.4.17	4
3:1	EZK.14.13	4
3:1	PSA.105.16	3
3:1	ISA.2.22	3
3:1	ISA.5.13	3
3:1	ISA.36.12	3
3:1	ISA.51.22	3
3:1	JER.37.21	3
3:1	JER.38.9	3
3:2	2KI.24.14-2KI.24.16	3
3:2	ISA.9.14-ISA.9.15	3
3:2	PSA.74.9	2
3:2	ISA.2.13-ISA.2.15	2
3:2	LAM.5.12-LAM.5.14	2
3:2	EZK.8.12	2
3:2	EZK.9.5	2
3:2	EZK.17.13	2
3:2	AMO.2.3	2
3:3	EXO.18.21	3
3:3	DEU.1.15	3
3:3	JDG.8.18	3
3:3	1SA.8.12	3
3:3	EXO.4.10	2
3:3	EXO.4.14-EXO.4.16	2
3:4	ECC.10.16	9
3:4	1KI.3.7-1KI.3.9	2
3:4	2CH.33.1	2
3:4	2CH.36.5	2
3:4	2CH.36.9	2
3:4	2CH.34.1	1
3:4	2CH.36.2	1
3:4	2CH.36.11	1
3:5	JER.9.3-JER.9.8	3
3:5	MAL.3.5	3
3:5	LEV.19.32	2
3:5	2SA.16.5-2SA.16.9	2
3:5	2KI.2.23	2
3:5	JOB.30.1-JOB.30.12	2
3:5	ECC.10.5-ECC.10.7	2
3:5	ISA.1.4	2
3:5	ISA.9.19-ISA.9.21	2
3:5	ISA.11.13	2
3:5	JER.22.17	2
3:5	EZK.22.6-EZK.22.7	2
3:5	EZK.22.12	2
3:5	AMO.4.1	2
3:5	MIC.3.1-MIC.3.3	2
3:5	MIC.3.11	2
3:5	ZEC.7.9-ZEC.7.11	2
3:5	MAT.26.67	2
3:5	MAT.27.28-MAT.27.30	2
3:5	MRK.14.65	2
3:5	LUK.22.64	2
3:5	JAS.2.6	2
3:5	JAS.5.4	2
3:5	MIC.7.3-MIC.7.6	1
3:6	ISA.4.1	5
3:6	JDG.11.6-JDG.11.8	3
3:6	JHN.6.15	3
3:7	HOS.5.13	4
3:7	GEN.14.22	2
3:7	DEU.32.40	2
3:7	ISA.58.12	2
3:7	JER.14.19	2
3:7	LAM.2.13	2
3:7	EZK.34.4	2
3:7	HOS.6.1	2
3:7	REV.10.5-REV.10.6	2
3:8	EZK.9.9	4
3:8	1CO.10.22	4
3:8	HOS.7.16	3
3:8	MAL.3.13-MAL.3.15	3
3:8	2CH.28.5-2CH.28.7	2
3:8	2CH.28.18	2
3:8	2CH.33.6-2CH.33.7	2
3:8	2CH.33.11	2
3:8	2CH.36.17-2CH.36.19	2
3:8	PSA.73.8-PSA.73.11	2
3:8	ISA.1.7	2
3:8	ISA.5.18-ISA.5.19	2
3:8	ISA.9.17	2
3:8	ISA.57.4	2
3:8	ISA.65.3-ISA.65.5	2
3:8	JER.26.6	2
3:8	JER.26.18	2
3:8	LAM.5.16-LAM.5.17	2
3:8	EZK.8.4-EZK.8.6	2
3:8	EZK.8.12	2
3:8	EZK.8.17-EZK.8.18	2
3:8	MIC.3.12	2
3:8	HAB.1.13	2
3:8	MAT.12.36-MAT.12.37	2
3:8	JUD.1.15	2
3:9	GEN.13.13	8
3:9	GEN.18.20-GEN.18.21	3
3:9	JER.6.15	3
3:9	GEN.19.5-GEN.19.9	2
3:9	1SA.15.32	2
3:9	2KI.9.30	2
3:9	PSA.10.4	2
3:9	PSA.73.6-PSA.73.7	2
3:9	PRO.8.36	2
3:9	PRO.30.13	2
3:9	ISA.3.16	2
3:9	JER.3.3	2
3:9	JER.44.16-JER.44.17	2
3:9	LAM.5.16	2
3:9	EZK.23.16	2
3:9	ROM.6.23	2
3:9	DAN.7.20	1
3:9	HOS.13.9	1
3:10	PSA.128.1-PSA.128.2	39
3:10	HEB.6.10	31
3:10	GAL.6.7-GAL.6.8	26
3:10	ECC.8.12	25
3:10	EZK.18.9-EZK.18.19	19
3:10	DEU.28.1-DEU.28.14	18
3:10	PSA.18.23-PSA.18.24	17
3:10	MAL.3.18	15
3:10	ISA.26.20-ISA.26.21	12
3:10	JER.15.11	12
3:10	ZEP.2.3	12
3:10	ROM.2.5-ROM.2.11	11
3:10	EZK.9.4	10
3:11	ECC.8.13	10
3:11	JAS.2.13	9
3:11	PSA.120.3-PSA.120.4	8
3:11	PSA.28.4	7
3:11	PSA.62.12	6
3:11	PRO.1.31	6
3:11	ISA.48.22	6
3:11	ISA.65.13-ISA.65.15	6
3:11	ISA.65.20	6
3:11	DEU.28.15-DEU.28.68	5
3:11	PSA.1.3-PSA.1.5	5
3:11	PSA.11.5-PSA.11.6	5
3:11	ISA.57.20-ISA.57.21	5
3:11	2CO.5.10	5
3:12	ISA.3.4	10
3:12	NAM.3.13	6
3:12	2KI.11.1	3
3:12	ISA.28.14-ISA.28.15	3
3:12	NUM.6.23-NUM.6.27	2
3:12	ISA.9.15-ISA.9.16	2
3:12	JER.5.31	2
3:12	MAT.15.14	2
3:12	MAT.23.13	1
3:13	MIC.6.2	4
3:13	HOS.4.1-HOS.4.2	3
3:13	PSA.12.5	2
3:13	PRO.22.22-PRO.22.23	2
3:13	PRO.23.10-PRO.23.11	2
3:14	JOB.22.4	4
3:14	JOB.24.9	3
3:14	PSA.14.4	3
3:14	PSA.143.2	3
3:14	ISA.3.2-ISA.3.3	3
3:14	ISA.5.7	3
3:14	JER.5.27	3
3:14	AMO.4.1	3
3:14	JAS.2.6	3
3:14	JOB.24.2-JOB.24.7	2
3:14	JOB.34.23	2
3:14	MIC.2.2	2
3:14	MIC.6.10	2
3:14	MAT.21.33	2
3:15	PSA.94.5	4
3:15	MIC.3.2-MIC.3.3	4
3:15	AMO.2.6-AMO.2.7	3
3:15	AMO.8.4-AMO.8.6	3
3:15	EXO.5.14	1
3:15	ISA.58.4	1
3:15	EZK.18.2	1
3:15	JON.1.6	0
3:16	ISA.32.9-ISA.32.11	10
3:16	EZK.16.49-EZK.16.50	9
3:16	PRO.30.13	7
3:16	ISA.4.4	6
3:16	LUK.23.28	6
3:16	PRO.16.18	5
3:16	SNG.3.11	5
3:16	ISA.1.8	5
3:16	ISA.3.18	5
3:16	ISA.24.4	5
3:16	MAT.21.5	5
3:16	ZEP.3.11	4
3:17	JER.13.22	4
3:17	LEV.13.29-LEV.13.30	3
3:17	LEV.13.43-LEV.13.44	3
3:17	ISA.20.4	3
3:17	MIC.1.11	3
3:17	REV.16.2	3
3:17	DEU.28.27	2
3:17	ISA.47.2-ISA.47.3	2
3:17	EZK.16.36-EZK.16.37	2
3:17	EZK.23.25-EZK.23.29	2
3:17	NAM.3.5	2
3:18	JDG.8.21	5
3:18	JDG.8.26	2
3:19	EZK.16.11	3
3:19	GEN.24.22	2
3:19	GEN.24.30	2
3:19	GEN.24.53	2
3:19	GEN.38.18	2
3:19	EXO.35.22	2
3:19	NUM.31.50	2
3:19	GEN.38.25	1
3:20	EXO.39.28	3
3:20	GEN.35.4	2
3:20	EXO.32.2	2
3:20	EZK.16.12	2
3:20	HOS.2.13	2
3:21	GEN.24.47	5
3:21	1PE.3.3-1PE.3.4	3
3:21	GEN.41.42	2
3:21	EST.8.12	2
3:21	SNG.5.14	2
3:21	EZK.16.12	2
3:21	LUK.15.22	2
3:21	1TI.2.9-1TI.2.10	2
3:21	JAS.2.2	2
3:23	GEN.24.65	2
3:23	GEN.41.42	2
3:23	EXO.38.8	2
3:23	RUT.3.15	2
3:23	1CH.15.27	2
3:23	SNG.5.7	2
3:23	EZK.16.10	2
3:23	LUK.16.19	2
3:23	REV.19.8	2
3:23	REV.19.14	2
3:24	LAM.2.10	6
3:24	EZK.27.31	6
3:24	ISA.15.3	5
3:24	ISA.22.12	5
3:24	MIC.1.16	5
3:24	1PE.3.3	5
3:24	LEV.26.16	4
3:24	EST.2.12	4
3:24	ISA.32.9-ISA.32.11	4
3:24	AMO.8.10	4
3:24	REV.18.9	4
3:24	DEU.28.22	3
3:24	DEU.32.24	3
3:24	JOB.16.15	3
3:24	PRO.7.17	3
3:24	PRO.31.24	3
3:24	ISA.57.9	3
3:24	JER.4.8	3
3:24	JER.6.26	3
3:24	JER.48.37	3
3:24	EZK.7.18	3
3:24	JOL.1.8	3
3:24	REV.11.3	3
3:24	REV.16.9	3
3:24	ISA.4.4	1
3:24	JER.49.3	1
3:25	2CH.29.9	2
3:25	ISA.1.20	2
3:25	JER.11.22	2
3:25	JER.14.18	2
3:25	JER.18.21	2
3:25	JER.19.7	2
3:25	JER.21.9	2
3:25	LAM.2.21	2
3:25	AMO.9.10	2
3:26	JER.14.2	5
3:26	LAM.2.10	5
3:26	LAM.1.4	4
3:26	JOB.2.13	3
3:26	JOB.2.8	2
3:26	EZK.26.16	2
3:26	LUK.19.44	2
3:26	ISA.47.1	1
4:1	GEN.30.23	15
4:1	ISA.2.17	12
4:1	ISA.13.12	8
4:1	LUK.1.25	8
4:1	LUK.21.22	8
4:1	2TH.3.12	5
4:1	1SA.1.6	3
4:1	ISA.3.25-ISA.3.26	3
4:1	ISA.10.20	3
4:1	ISA.2.11	2
4:1	ISA.17.7	2
4:2	JER.23.5	14
4:2	ZEC.6.12	11
4:2	ZEC.3.8	10
4:2	ISA.27.6	6
4:2	JOL.2.32	5
4:2	JER.33.15	4
4:2	ROM.11.4-ROM.11.5	4
4:2	EXO.28.2	3
4:2	PSA.72.16	3
4:2	ISA.37.31-ISA.37.32	3
4:2	ISA.53.2	3
4:2	ISA.60.21	3
4:2	JER.44.14	3
4:2	EZK.17.22-EZK.17.23	3
4:2	HOS.2.22-HOS.2.23	3
4:2	OBA.1.17	3
4:2	2CO.4.6	3
4:2	PSA.67.6	2
4:2	PSA.85.11-PSA.85.12	2
4:2	ISA.10.20-ISA.10.22	2
4:2	ISA.11.1-ISA.11.2	2
4:2	ISA.11.4	2
4:2	ISA.27.12-ISA.27.13	2
4:2	ISA.30.23	2
4:2	ISA.45.8	2
4:2	JER.44.28	2
4:2	EZK.7.16	2
4:2	JOL.3.18	2
4:2	ZEC.9.17	2
4:2	MAT.24.22	2
4:2	LUK.21.36	2
4:2	JHN.1.14	2
4:2	2PE.1.16	2
4:2	REV.7.9-REV.7.14	2
4:3	LUK.10.20	8
4:3	EXO.32.32-EXO.32.33	5
4:3	PSA.69.28	5
4:3	ISA.52.1	5
4:3	ISA.60.21	5
4:3	REV.21.27	5
4:3	EZK.36.24-EZK.36.28	4
4:3	EZK.43.12	4
4:3	ROM.11.5	4
4:3	PHP.4.3	4
4:3	COL.3.12	4
4:3	HEB.12.14	4
4:3	REV.3.5	4
4:3	REV.13.8	4
4:3	REV.17.8	4
4:3	REV.20.15	4
4:3	ISA.1.27	3
4:3	EZK.13.9	3
4:3	ZEC.14.20-ZEC.14.21	3
4:3	ACT.13.48	3
4:3	EPH.1.4	3
4:3	1PE.2.9	3
4:4	MAL.3.2-MAL.3.3	13
4:4	EZK.22.18-EZK.22.22	8
4:4	EZK.36.25	7
4:4	ZEC.13.9	7
4:4	MAT.3.11-MAT.3.12	6
4:4	ISA.28.6	5
4:4	EZK.36.29	5
4:4	MAT.23.37	5
4:4	ISA.1.15	4
4:4	ISA.1.31	4
4:4	ISA.3.16-ISA.3.26	4
4:4	ISA.9.5	4
4:4	ISA.26.20-ISA.26.21	4
4:4	LAM.1.9	4
4:4	EZK.16.6-EZK.16.9	4
4:4	EZK.22.15	4
4:4	EZK.24.7-EZK.24.14	4
4:4	JOL.3.21	4
4:4	ZEC.3.3-ZEC.3.4	4
4:4	ZEC.13.1	4
4:4	MAL.4.1	4
4:4	JHN.16.8-JHN.16.11	4
4:4	ZEP.3.1	2
4:5	EXO.13.21-EXO.13.22	13
4:5	NEH.9.12	11
4:5	EXO.40.34-EXO.40.38	10
4:5	NUM.9.15-NUM.9.22	9
4:5	PSA.78.14	8
4:5	PSA.85.9	3
4:5	ISA.33.20	3
4:5	ISA.46.13	3
4:5	ISA.60.1	3
4:5	EXO.14.24	2
4:5	PSA.89.7	2
4:5	ISA.31.4-ISA.31.5	2
4:5	ZEC.2.5-ZEC.2.10	2
4:5	MAT.28.20	2
4:5	EXO.14.19-EXO.14.20	1
4:5	EXO.26.7	1
4:5	PSA.87.2-PSA.87.3	1
4:5	PSA.111.1	1
4:5	ISA.32.18	1
4:5	ISA.37.35	1
4:5	EXO.26.1	0
4:5	MAT.18.20	0
4:6	ISA.25.4	10
4:6	PSA.27.5	9
4:6	ISA.32.2	6
4:6	PRO.18.10	4
4:6	ISA.8.14	4
4:6	PSA.91.1	3
4:6	PSA.121.5-PSA.121.6	3
4:6	ISA.32.18-ISA.32.19	3
4:6	HEB.6.18	3
4:6	HEB.11.7	3
4:6	REV.7.16	3
4:6	EZK.11.16	2
4:6	MAT.7.24-MAT.7.27	1
5:1	MRK.12.1	11
5:1	LUK.20.9	9
5:1	JHN.15.1	8
5:1	PSA.80.8	7
5:1	JER.2.21	7
5:1	MAT.21.33	7
5:1	DEU.31.19-DEU.31.22	5
5:1	SNG.2.16	5
5:1	ISA.27.2-ISA.27.3	4
5:1	SNG.5.2	3
5:1	SNG.5.16	3
5:1	SNG.6.3	3
5:1	SNG.8.11-SNG.8.12	3
5:1	PSA.45.1	2
5:1	JDG.5.1-JDG.5.31	1
5:1	PSA.101.1	1
5:2	JER.2.21	15
5:2	DEU.32.32-DEU.32.33	10
5:2	ISA.1.2-ISA.1.4	7
5:2	MRK.11.13	6
5:2	LUK.13.6-LUK.13.7	6
5:2	1CO.9.7	6
5:2	REV.14.18-REV.14.20	6
5:2	LUK.20.10-LUK.20.18	4
5:2	HOS.10.1	3
5:2	ROM.9.4	3
5:2	EXO.33.16	2
5:2	NUM.23.9	2
5:2	DEU.32.6	2
5:2	DEU.32.8-DEU.32.9	2
5:2	JDG.16.4	2
5:2	NEH.13.15	2
5:2	PSA.44.1-PSA.44.3	2
5:2	ISA.1.8	2
5:2	ISA.1.21-ISA.1.23	2
5:2	ISA.5.7	2
5:2	ISA.63.2-ISA.63.3	2
5:2	MIC.4.8	2
5:2	MAT.21.19	2
5:2	MAT.21.34	2
5:2	MRK.12.2	2
5:3	PSA.50.4-PSA.50.6	2
5:3	PSA.51.4	2
5:3	JER.2.4-JER.2.5	2
5:3	MIC.6.2-MIC.6.3	2
5:3	MAT.21.40-MAT.21.41	2
5:3	MRK.12.9-MRK.12.12	2
5:3	LUK.20.15-LUK.20.16	2
5:3	ROM.2.5	2
5:3	ROM.3.4	2
5:4	MAT.23.37	7
5:4	MIC.6.3-MIC.6.4	5
5:4	JER.2.5	4
5:4	ACT.7.51-ACT.7.60	4
5:4	ISA.1.5	3
5:4	JER.2.30-JER.2.31	3
5:4	JER.6.29-JER.6.30	3
5:4	EZK.24.13	3
5:4	2CH.36.14-2CH.36.16	2
5:5	ISA.28.18	4
5:5	LAM.1.15	4
5:5	LUK.21.24	4
5:5	GEN.11.4	3
5:5	GEN.11.7	3
5:5	DEU.28.49-DEU.28.52	3
5:5	ISA.10.6	3
5:5	ISA.28.3	3
5:5	REV.11.2	3
5:5	LEV.26.31-LEV.26.35	2
5:5	2CH.36.4-2CH.36.10	2
5:5	PSA.74.1-PSA.74.10	2
5:5	PSA.80.12-PSA.80.16	2
5:5	ISA.25.10	2
5:5	ISA.27.10-ISA.27.11	2
5:5	LAM.1.2-LAM.1.9	2
5:5	LAM.4.12	2
5:5	DAN.8.13	2
5:5	NEH.2.3	1
5:6	ISA.7.23-ISA.7.25	5
5:6	JER.25.11	4
5:6	ISA.24.1-ISA.24.3	3
5:6	LEV.26.33-LEV.26.35	2
5:6	DEU.28.23-DEU.28.24	2
5:6	DEU.29.23	2
5:6	1KI.17.1	2
5:6	2CH.36.19-2CH.36.21	2
5:6	ISA.5.9-ISA.5.10	2
5:6	ISA.6.11-ISA.6.12	2
5:6	ISA.24.12	2
5:6	ISA.30.23	2
5:6	ISA.32.13-ISA.32.14	2
5:6	JER.14.1	2
5:6	JER.14.22	2
5:6	JER.45.4	2
5:6	HOS.3.4	2
5:6	AMO.4.7	2
5:6	ZEC.14.16-ZEC.14.17	2
5:6	LUK.21.24	2
5:6	HEB.6.6-HEB.6.8	2
5:6	REV.11.6	2
5:7	PSA.80.8-PSA.80.11	8
5:7	JER.12.10	4
5:7	MAT.3.8-MAT.3.10	4
5:7	JAS.5.4	4
5:7	EXO.3.7	3
5:7	DEU.15.9	3
5:7	NEH.5.1-NEH.5.5	3
5:7	JOB.31.38-JOB.31.39	3
5:7	JOB.34.28	3
5:7	PSA.80.15	3
5:7	PSA.147.11	3
5:7	PSA.149.4	3
5:7	PRO.21.13	3
5:7	SNG.7.6	3
5:7	ISA.1.6	3
5:7	ISA.3.14	3
5:7	ISA.3.17	3
5:7	ISA.5.2	3
5:7	ISA.58.6-ISA.58.8	3
5:7	ISA.62.5	3
5:7	MIC.6.8	3
5:7	ZEP.3.17	3
5:7	ZEC.7.9-ZEC.7.14	3
5:7	MAT.23.23	3
5:7	LUK.18.7	3
5:7	JHN.15.2	3
5:7	1CO.6.8-1CO.6.11	3
5:7	GEN.4.10	2
5:7	EXO.2.23-EXO.2.24	2
5:7	EXO.22.21-EXO.22.27	2
5:7	1JN.3.7-1JN.3.8	1
5:8	MIC.2.2	9
5:8	HAB.2.9-HAB.2.12	8
5:8	JER.22.13-JER.22.17	6
5:8	LUK.12.16-LUK.12.24	4
5:8	1KI.21.16-1KI.21.20	3
5:8	EZK.11.15	1
5:8	EZK.33.24	1
5:8	MAT.23.13	1
5:9	MAT.23.38	5
5:9	ISA.22.14	3
5:9	AMO.3.7	3
5:9	AMO.5.11	3
5:9	2CH.36.21	2
5:9	ISA.5.6	2
5:9	ISA.6.11-ISA.6.12	2
5:9	ISA.27.10	2
5:9	AMO.6.11	2
5:9	MAT.22.7	2
5:10	LEV.26.26	5
5:10	HAG.1.6	4
5:10	HAG.2.16	4
5:10	HAG.1.9-HAG.1.11	3
5:10	LEV.27.16	2
5:10	EZK.45.10-EZK.45.11	2
5:10	JOL.1.17	2
5:11	PRO.23.29-PRO.23.30	10
5:11	PRO.20.1	9
5:11	ROM.13.13	9
5:11	ISA.5.22	8
5:11	ECC.10.16-ECC.10.17	6
5:11	ISA.28.7-ISA.28.8	5
5:11	HAB.2.15	4
5:11	LUK.21.34	4
5:11	1CO.6.10	4
5:11	1TH.5.6-1TH.5.7	4
5:11	ISA.28.1	3
5:11	HOS.7.5-HOS.7.6	3
5:11	GAL.5.21	3
5:11	PRO.23.32	2
5:12	PSA.28.5	6
5:12	JOB.21.11-JOB.21.14	5
5:12	JOB.34.27	5
5:12	AMO.6.4-AMO.6.6	5
5:12	DAN.5.23	3
5:12	JUD.1.12	3
5:12	GEN.31.27	2
5:12	PSA.92.5-PSA.92.6	2
5:12	ISA.5.19	2
5:12	ISA.22.13	2
5:12	DAN.5.1-DAN.5.4	2
5:12	HOS.4.10-HOS.4.11	2
5:12	LUK.16.19	2
5:13	HOS.4.6	12
5:13	ISA.1.3	8
5:13	ISA.1.7	4
5:13	ISA.27.11	4
5:13	JHN.3.19-JHN.3.20	3
5:13	ROM.1.28	3
5:13	ISA.42.22-ISA.42.25	2
5:13	JER.8.7	2
5:13	JER.14.3	2
5:13	JER.14.18	2
5:13	LAM.4.4-LAM.4.5	2
5:13	LAM.4.9	2
5:13	MAT.23.16-MAT.23.27	2
5:13	2PE.3.5	2
5:13	2KI.17.6	1
5:13	2CH.28.5-2CH.28.8	1
5:13	AMO.8.13	1
5:13	LUK.19.44	1
5:14	PRO.30.16	7
5:14	HAB.2.5	7
5:14	LUK.21.34	7
5:14	PSA.55.15	6
5:14	PRO.27.20	5
5:14	ISA.30.33	5
5:14	MAT.7.13	5
5:14	REV.20.13-REV.20.15	5
5:14	NUM.16.30-NUM.16.34	4
5:14	ISA.14.9	4
5:14	PSA.49.14	3
5:14	PRO.1.12	3
5:14	ISA.21.4	3
5:14	EZK.32.18-EZK.32.30	3
5:14	LUK.12.19-LUK.12.20	3
5:14	LUK.16.20-LUK.16.23	3
5:14	LUK.17.27	3
5:14	ACT.12.21-ACT.12.23	3
5:14	1SA.25.36-1SA.25.38	2
5:14	2SA.13.28-2SA.13.29	2
5:14	DAN.5.3-DAN.5.6	2
5:14	DAN.5.30	2
5:14	NAM.1.10	1
5:15	ISA.2.9	4
5:15	ISA.2.11	4
5:15	JER.5.4-JER.5.5	3
5:15	EXO.9.17	2
5:15	JOB.40.11-JOB.40.12	2
5:15	PSA.62.9	2
5:15	ISA.2.17	2
5:15	ISA.9.14-ISA.9.17	2
5:15	ISA.10.12	2
5:15	ISA.10.33	2
5:15	ISA.13.11	2
5:15	ISA.24.2-ISA.24.4	2
5:15	ISA.37.23	2
5:15	ISA.37.29	2
5:15	JER.5.9	2
5:15	DAN.4.37	2
5:15	JAS.1.9-JAS.1.11	2
5:15	1PE.5.5	2
5:15	REV.6.15-REV.6.16	2
5:16	PSA.46.10	19
5:16	1CH.29.11	12
5:16	ISA.12.4	11
5:16	ISA.29.23	10
5:16	EZK.36.23	10
5:16	1PE.2.15	10
5:16	ISA.8.13	8
5:16	ISA.33.5	8
5:16	ISA.57.15	8
5:16	EZK.38.23	8
5:16	REV.3.7	8
5:16	ISA.2.17	7
5:16	PSA.21.13	5
5:16	ISA.6.3	5
5:16	ISA.28.17	5
5:16	ISA.61.8	5
5:16	REV.4.8	5
5:16	REV.19.1-REV.19.5	5
5:16	LEV.10.3	4
5:16	PSA.9.16	4
5:16	ISA.2.11	4
5:16	ISA.30.18	4
5:16	REV.15.3-REV.15.4	4
5:16	EZK.28.22	3
5:16	ROM.2.5	3
5:16	1PE.1.16	3
5:17	ZEP.2.6	5
5:17	ISA.7.25	4
5:17	ZEP.2.14	4
5:17	DEU.28.33	2
5:17	DEU.32.15	2
5:17	NEH.9.37	2
5:17	PSA.17.10	2
5:17	PSA.17.14	2
5:17	PSA.73.7	2
5:17	PSA.119.70	2
5:17	ISA.1.7	2
5:17	ISA.7.21-ISA.7.22	2
5:17	ISA.10.16	2
5:17	ISA.17.2	2
5:17	ISA.32.14	2
5:17	ISA.40.11	2
5:17	ISA.65.10	2
5:17	JER.5.28	2
5:17	LAM.5.2	2
5:17	HOS.8.7	2
5:17	AMO.4.1-AMO.4.3	2
5:17	MIC.2.12	2
5:17	LUK.21.24	2
5:18	JER.23.14	4
5:18	PSA.36.2	3
5:18	JER.5.31	3
5:18	JER.23.10	3
5:18	EZK.13.22	3
5:18	JDG.17.5	2
5:18	JDG.17.13	2
5:18	2SA.16.20-2SA.16.23	2
5:18	PSA.10.11	2
5:18	PSA.14.1	2
5:18	PSA.94.5-PSA.94.11	2
5:18	ISA.28.15	2
5:18	ISA.59.4-ISA.59.8	2
5:18	JER.8.5-JER.8.9	2
5:18	JER.23.24	2
5:18	JER.28.15-JER.28.16	2
5:18	JER.44.15-JER.44.19	2
5:18	EZK.13.10-EZK.13.11	2
5:18	ZEP.1.12	2
5:18	JHN.16.2	2
5:18	ACT.26.9	2
5:19	EZK.12.22	6
5:19	JER.17.15	4
5:19	ISA.66.5	3
5:19	JER.5.12-JER.5.13	3
5:19	JER.23.36	3
5:19	AMO.5.18-AMO.5.19	3
5:19	2PE.3.3-2PE.3.4	3
5:19	ISA.30.11	2
5:19	JER.23.18	2
5:19	EZK.12.27	2
5:20	PRO.17.15	109
5:20	2TI.3.1-2TI.3.5	71
5:20	LUK.16.15	65
5:20	MAL.2.17	43
5:20	JOB.17.12	32
5:20	MAT.6.22-MAT.6.23	30
5:20	AMO.5.7	27
5:20	2PE.2.1	27
5:20	2PE.2.18-2PE.2.19	27
5:20	LUK.11.34-LUK.11.35	23
5:20	MAL.3.15	22
5:20	MAT.15.3-MAT.15.6	14
5:20	MAT.23.16-MAT.23.23	13
5:21	1CO.3.18-1CO.3.20	13
5:21	PRO.3.7	10
5:21	ROM.12.16	9
5:21	PRO.26.12	8
5:21	PRO.26.16	7
5:21	JOB.11.12	5
5:21	JHN.9.41	5
5:21	ROM.1.22	5
5:21	ROM.11.25	4
5:22	ISA.5.11	9
5:22	HAB.2.15	7
5:22	ISA.28.7	6
5:22	PRO.23.19-PRO.23.20	5
5:22	ISA.56.12	5
5:22	ISA.28.1-ISA.28.3	4
5:23	ISA.10.2	6
5:23	PSA.94.21	5
5:23	PRO.17.15	5
5:23	JAS.5.6	5
5:23	PRO.31.4-PRO.31.5	4
5:23	ISA.1.23	4
5:23	MIC.3.11	4
5:23	MIC.7.3	4
5:23	DEU.16.19	3
5:23	2CH.19.7	3
5:23	PRO.17.23	3
5:23	PRO.24.24	3
5:23	MAT.27.24-MAT.27.25	3
5:23	EXO.23.6-EXO.23.9	2
5:23	1KI.21.13	2
5:23	MAT.23.35	2
5:24	JOB.18.16	6
5:24	ISA.30.12	6
5:24	JOL.2.5	6
5:24	LUK.3.17	6
5:24	ISA.47.14	5
5:24	EXO.15.7	4
5:24	ISA.30.9	4
5:24	1SA.15.23	3
5:24	1SA.15.26	3
5:24	2SA.12.9-2SA.12.10	3
5:24	2KI.17.14-2KI.17.15	3
5:24	NEH.9.26	3
5:24	PSA.50.17	3
5:24	ISA.8.6	3
5:24	ISA.9.14-ISA.9.17	3
5:24	JER.6.19	3
5:24	JER.8.9	3
5:24	HOS.5.12	3
5:24	HOS.9.16	3
5:24	AMO.2.9	3
5:24	NAM.1.10	3
5:24	MAL.4.1	3
5:24	MAT.3.12	3
5:24	LUK.7.30	3
5:24	ACT.13.41	3
5:24	1CO.3.12-1CO.3.13	3
5:24	1TH.4.8	3
5:24	LUK.10.16	2
5:24	JHN.12.48	2
5:24	HEB.10.28-HEB.10.29	2
5:25	ISA.9.21	7
5:25	ISA.10.4	7
5:25	2KI.9.37	6
5:25	ISA.9.17	6
5:25	JER.4.24	5
5:25	DAN.9.16	5
5:25	2CH.36.16	4
5:25	PSA.18.7	4
5:25	JER.16.4	4
5:25	NAM.1.5	4
5:25	1TH.2.16	4
5:25	HOS.14.4	3
5:25	MIC.1.4	3
5:25	HAB.3.10	3
5:25	ZEP.1.17	3
5:25	REV.20.11	3
5:25	LEV.26.14-LEV.26.46	2
5:25	DEU.31.17	2
5:25	DEU.32.19-DEU.32.22	2
5:25	1KI.14.11	2
5:25	1KI.16.4	2
5:25	1KI.21.24	2
5:25	2KI.13.3	2
5:25	2KI.22.13-2KI.22.17	2
5:25	PSA.68.8	2
5:25	PSA.77.18	2
5:25	PSA.78.38	2
5:25	PSA.83.10	2
5:25	PSA.106.40	2
5:25	PSA.114.7	2
5:25	ISA.9.12-ISA.9.13	2
5:25	ISA.14.26-ISA.14.27	2
5:25	JER.4.8	2
5:25	JER.8.2	2
5:25	JER.9.22	2
5:25	JER.15.3	2
5:25	LAM.2.1-LAM.2.3	2
5:25	LAM.5.22	2
5:26	ZEC.10.8	8
5:26	DEU.28.49	6
5:26	ISA.7.18	6
5:26	ISA.18.3	5
5:26	ISA.11.12	4
5:26	MAL.1.11	3
5:26	PSA.72.8	2
5:26	ISA.13.2	2
5:26	ISA.13.5	2
5:26	ISA.30.16	2
5:26	ISA.39.3	2
5:26	JER.4.13	2
5:26	JER.5.15	2
5:26	JER.51.27	2
5:26	LAM.4.19	2
5:26	JOL.2.7	2
5:26	HAB.1.8	2
5:27	JOB.12.18	4
5:27	JOL.2.7-JOL.2.8	4
5:27	JOB.12.21	3
5:27	DEU.32.25	2
5:27	1KI.2.5	2
5:27	PSA.18.32	2
5:27	PSA.93.1	2
5:27	ISA.11.5	2
5:27	ISA.45.1	2
5:27	ISA.45.5	2
5:27	DAN.5.6	2
5:27	EPH.6.13-EPH.6.14	2
5:28	PSA.45.5	4
5:28	EZK.21.9-EZK.21.11	3
5:28	NAM.2.3-NAM.2.4	3
5:28	JDG.5.22	2
5:28	PSA.7.12-PSA.7.13	2
5:28	PSA.120.4	2
5:28	ISA.21.1	2
5:28	JER.5.16	2
5:28	JER.47.3	2
5:28	MIC.4.13	2
5:28	NAM.3.2	2
5:29	ISA.42.22	5
5:29	ISA.49.24-ISA.49.25	4
5:29	MIC.5.8	4
5:29	ZEC.11.3	4
5:29	GEN.49.9	2
5:29	NUM.24.9	2
5:29	PSA.50.22	2
5:29	ISA.10.6	2
5:29	ISA.31.4	2
5:29	JER.4.7	2
5:29	JER.49.19	2
5:29	JER.50.17	2
5:29	JER.51.38	2
5:29	HOS.11.10	2
5:29	AMO.3.8	2
5:29	ZEP.3.3	2
5:30	ISA.8.22	8
5:30	JOL.2.10	6
5:30	JER.4.23-JER.4.28	5
5:30	REV.16.10-REV.16.11	4
5:30	PSA.93.3-PSA.93.4	3
5:30	ISA.13.10	3
5:30	JER.6.23	3
5:30	EZK.32.7-EZK.32.8	3
5:30	MAT.24.29	3
5:30	LUK.21.25-LUK.21.26	3
5:30	REV.6.12	3
5:30	EXO.10.21-EXO.10.23	2
5:30	JER.50.42	2
5:30	LAM.3.2	2
5:30	AMO.8.9	2
6:1	JHN.12.41	45
6:1	REV.15.8	24
6:1	DAN.7.9	22
6:1	PSA.113.5	21
6:1	REV.7.15-REV.7.17	21
6:1	MAT.25.31	19
6:1	ISA.66.1	17
6:1	JHN.1.18	17
6:1	REV.3.21	17
6:1	PSA.108.5	16
6:1	PSA.46.10	15
6:1	REV.4.2	15
6:1	EXO.24.10-EXO.24.11	12
6:1	EZK.1.25-EZK.1.28	11
6:1	EPH.1.20-EPH.1.21	11
6:1	1TI.6.16	11
6:1	REV.5.1	11
6:1	NUM.12.8	9
6:1	1KI.22.19	9
6:1	ISA.1.1	9
6:1	EZK.10.1	9
6:1	ISA.57.15	8
6:1	EZK.1.1	8
6:1	REV.4.10	8
6:1	1KI.8.10-1KI.8.11	7
6:1	2CH.26.22-2CH.26.23	7
6:1	ISA.12.4	7
6:1	REV.6.16	6
6:1	2KI.15.7	5
6:1	REV.5.7	4
6:2	REV.4.8	18
6:2	EZK.1.11	9
6:2	PSA.103.20	8
6:2	PSA.104.4	8
6:2	1KI.6.24	4
6:2	PSA.18.10	4
6:2	ISA.6.6	4
6:2	ZEC.3.4	4
6:2	EXO.25.20	3
6:2	EXO.37.9	3
6:2	1KI.6.27	3
6:2	1KI.8.7	3
6:2	1KI.22.19	3
6:2	JOB.1.6	3
6:2	JOB.15.15	3
6:2	EZK.1.6	3
6:2	EZK.1.9	3
6:2	EZK.1.24	3
6:2	EZK.10.21	3
6:2	DAN.7.10	3
6:2	REV.7.11	3
6:2	REV.8.13	3
6:2	REV.14.6	3
6:2	GEN.17.3	2
6:2	EXO.3.6	2
6:2	1KI.19.13	2
6:2	JOB.4.18	2
6:2	PSA.89.7	2
6:2	DAN.9.21	2
6:2	EZK.1.4	1
6:2	EZK.10.16	1
6:2	LUK.1.10	1
6:2	HEB.1.7	1
6:3	REV.4.8-REV.4.9	25
6:3	PSA.72.19	23
6:3	NUM.14.21	7
6:3	EXO.15.11	6
6:3	EZR.3.11	6
6:3	EXO.15.20-EXO.15.21	4
6:3	ISA.11.9-ISA.11.10	4
6:3	ISA.40.5	4
6:3	PSA.24.7-PSA.24.10	3
6:3	PSA.57.11	3
6:3	ISA.24.16	3
6:3	HAB.2.14	3
6:3	ZEC.14.9	3
6:3	PSA.19.1-PSA.19.3	2
6:3	REV.15.3-REV.15.4	2
6:3	EPH.1.18	1
6:4	REV.15.8	9
6:4	EXO.40.34	4
6:4	1KI.8.10-1KI.8.12	4
6:4	2CH.5.13-2CH.6.1	4
6:4	REV.11.19	4
6:4	EZK.10.5	3
6:4	PSA.18.8	2
6:4	AMO.9.1	2
6:4	EZK.1.24	1
6:5	LUK.5.8-LUK.5.9	25
6:5	JAS.3.6-JAS.3.10	21
6:5	JER.1.6	16
6:5	JER.9.3-JER.9.8	16
6:5	MAT.12.34-MAT.12.37	14
6:5	EXO.6.30	12
6:5	EXO.4.10	9
6:5	ISA.29.13	9
6:5	EZK.2.6-EZK.2.8	9
6:5	EXO.6.12	6
6:5	EZK.33.31	6
6:5	REV.1.16-REV.1.17	6
6:5	EXO.33.20	5
6:5	JDG.6.22	5
6:5	JOB.42.5-JOB.42.6	5
6:5	JAS.3.1-JAS.3.2	5
6:5	JDG.13.22	4
6:5	ZEC.3.1-ZEC.3.7	4
6:5	ISA.33.17	3
6:5	JER.51.57	3
6:5	DAN.10.6-DAN.10.8	3
6:5	REV.1.5-REV.1.7	3
6:5	HAB.3.16	1
6:6	REV.8.3-REV.8.5	8
6:6	HEB.9.22-HEB.9.26	6
6:6	EZK.10.2	5
6:6	LEV.16.12	4
6:6	ISA.6.2	4
6:6	HEB.1.7	4
6:6	HEB.13.10	4
6:6	DAN.9.21-DAN.9.23	3
6:6	MAT.3.11	3
6:6	ACT.2.3	3
6:6	HEB.1.14	3
6:7	JER.1.9	12
6:7	1JN.1.7	10
6:7	ISA.43.25	9
6:7	DAN.10.16	8
6:7	ISA.53.5	4
6:7	ISA.53.10	4
6:7	MAT.9.2	4
6:7	HEB.9.13-HEB.9.14	4
6:7	1JN.2.1-1JN.2.2	3
6:8	EXO.4.10-EXO.4.13	42
6:8	ACT.26.16-ACT.26.17	39
6:8	EPH.3.8	33
6:8	ACT.22.21	31
6:8	ISA.65.1	28
6:8	MAT.4.20-MAT.4.22	22
6:8	ACT.20.24	21
6:8	DEU.4.33-DEU.4.36	16
6:8	ACT.28.25-ACT.28.28	15
6:8	GEN.3.8-GEN.3.10	10
6:8	GEN.1.26	9
6:8	GEN.11.7	8
6:8	1KI.22.20	7
6:8	EZK.1.24	7
6:8	GEN.3.22	3
6:8	EZK.10.5	2
6:8	ACT.9.4	2
6:9	MAT.13.14-MAT.13.15	106
6:9	LUK.8.10	87
6:9	MRK.4.12	81
6:9	JHN.12.40	69
6:9	ACT.28.26-ACT.28.27	61
6:9	ROM.11.8	55
6:9	ISA.29.13	48
6:9	ISA.43.8	37
6:9	ISA.44.18-ISA.44.20	37
6:9	ISA.30.8-ISA.30.11	22
6:9	JER.15.1-JER.15.2	8
6:9	EXO.32.7-EXO.32.10	3
6:9	HOS.1.9	3
6:10	MAT.13.15	30
6:10	ACT.28.27	20
6:10	JER.5.21	19
6:10	JER.6.10	14
6:10	JHN.3.19-JHN.3.20	12
6:10	ZEC.7.11	9
6:10	ISA.29.10	7
6:10	ISA.63.17	7
6:10	DEU.2.30	6
6:10	PSA.17.10	5
6:10	EZK.3.6-EZK.3.11	5
6:10	DEU.32.15	3
6:10	EXO.10.27	2
6:10	EXO.11.10	2
6:10	EXO.14.17	2
6:10	PSA.119.70	2
6:10	ISA.19.22	2
6:10	EXO.7.3	1
6:10	ACT.3.19	1
6:10	2CO.2.16	1
6:11	LEV.26.31	3
6:11	PSA.90.13	3
6:11	PSA.94.3	3
6:11	ISA.1.7	3
6:11	ISA.3.26	3
6:11	ISA.24.1-ISA.24.12	3
6:11	PSA.79.5	2
6:11	PSA.74.10	1
6:12	JER.4.29	5
6:12	DEU.28.64	3
6:12	2KI.25.11	2
6:12	2KI.25.21	2
6:12	ISA.26.15	2
6:12	JER.12.7	2
6:12	JER.15.4	2
6:12	JER.52.28-JER.52.30	2
6:12	LAM.5.20	2
6:12	ROM.11.1-ROM.11.2	2
6:12	ROM.11.15	1
6:13	JOB.14.7-JOB.14.9	14
6:13	ROM.11.5-ROM.11.6	10
6:13	GEN.22.18	7
6:13	ISA.65.8-ISA.65.9	6
6:13	ROM.11.16-ROM.11.29	6
6:13	EZR.9.2	5
6:13	ISA.1.9	5
6:13	GAL.3.16-GAL.3.19	5
6:13	GAL.3.28-GAL.3.29	5
6:13	MRK.13.20	4
6:13	ISA.4.3	3
6:13	ISA.10.20-ISA.10.22	3
6:13	MAL.2.15	3
6:13	ROM.9.5	3
6:13	JHN.15.1-JHN.15.3	2
6:13	MAT.24.22	1
7:1	2KI.15.37	6
7:1	2KI.16.1	5
7:1	PSA.83.3-PSA.83.5	3
7:1	ISA.1.1	3
7:1	ISA.7.4-ISA.7.9	3
7:1	ISA.8.6	3
7:1	ISA.8.9-ISA.8.10	3
7:1	2KI.15.25	2
7:1	2CH.28.1-2CH.28.6	2
7:2	ISA.7.13	4
7:2	ISA.8.12	4
7:2	PRO.28.1	3
7:2	ISA.9.9	3
7:2	LEV.26.36-LEV.26.37	2
7:2	NUM.14.1-NUM.14.3	2
7:2	DEU.28.65-DEU.28.66	2
7:2	2SA.7.16	2
7:2	1KI.11.32	2
7:2	1KI.12.16	2
7:2	1KI.13.2	2
7:2	2KI.7.6-2KI.7.7	2
7:2	2CH.25.10	2
7:2	2CH.28.12	2
7:2	PSA.11.1	2
7:2	PSA.27.1-PSA.27.2	2
7:2	PSA.112.7-PSA.112.8	2
7:2	ISA.6.13	2
7:2	ISA.7.17	2
7:2	ISA.11.13	2
7:2	ISA.22.22	2
7:2	ISA.37.27	2
7:2	ISA.37.35	2
7:2	JER.21.12	2
7:2	EZK.37.16-EZK.37.19	2
7:2	HOS.12.1	2
7:2	MAT.2.3	2
7:3	2KI.18.17	5
7:3	ISA.36.2	5
7:3	ROM.9.27	4
7:3	ISA.6.13	3
7:3	EXO.7.15	2
7:3	2KI.20.20	2
7:3	ISA.10.21	2
7:3	ISA.55.7	2
7:3	JER.19.2-JER.19.3	2
7:3	JER.22.1	2
7:4	ISA.35.4	11
7:4	DEU.20.3	9
7:4	LAM.3.26	9
7:4	ISA.30.15	8
7:4	MAT.24.6	8
7:4	EXO.14.13-EXO.14.14	5
7:4	ZEC.3.2	5
7:4	2CH.20.17	4
7:4	ISA.51.12-ISA.51.13	4
7:4	1SA.17.32	3
7:4	2KI.15.29-2KI.15.30	3
7:4	ISA.7.8	3
7:4	ISA.8.11-ISA.8.14	3
7:4	ISA.10.24	3
7:4	ISA.30.7	3
7:4	AMO.4.11	3
7:4	ISA.8.4	2
7:4	ISA.41.14	2
7:4	MAT.10.28	2
7:4	ISA.7.1	1
7:5	PSA.83.3-PSA.83.4	4
7:5	ZEC.1.15	3
7:5	PSA.2.2	2
7:5	NAM.1.11	2
7:7	ISA.8.10	24
7:7	LAM.3.37	15
7:7	ISA.46.10-ISA.46.11	11
7:7	PSA.33.11	10
7:7	PRO.21.30	8
7:7	ACT.4.25-ACT.4.28	6
7:7	ISA.37.29	5
7:7	PSA.2.4-PSA.2.6	4
7:7	ISA.10.6-ISA.10.12	3
7:7	DAN.4.35	2
7:7	PSA.76.10	1
7:8	ISA.17.1-ISA.17.3	4
7:8	GEN.14.15	3
7:8	2SA.8.6	2
7:8	2KI.17.5-2KI.17.23	2
7:8	EZR.4.2	2
7:8	ISA.8.4	2
7:8	HOS.1.6-HOS.1.10	2
7:9	HEB.11.6	19
7:9	ROM.11.20	14
7:9	2CH.20.20	12
7:9	1JN.5.10	9
7:9	ACT.27.25	7
7:9	ISA.8.6-ISA.8.8	6
7:9	ISA.30.12-ISA.30.14	6
7:9	1KI.16.24-1KI.16.29	5
7:9	ACT.27.11	4
7:9	2KI.15.27	3
7:10	ISA.8.5	3
7:10	ISA.1.5	2
7:10	ISA.1.13	2
7:10	ISA.10.20	2
7:10	HOS.13.2	2
7:11	ISA.37.30	10
7:11	ISA.38.7-ISA.38.8	9
7:11	2KI.19.29	7
7:11	JDG.6.36-JDG.6.40	6
7:11	2KI.20.8-2KI.20.11	6
7:11	ISA.38.22	6
7:11	JER.19.10	5
7:11	MAT.12.38-MAT.12.40	5
7:11	JER.19.1	3
7:11	JER.51.63-JER.51.64	3
7:11	MAT.16.1-MAT.16.4	3
7:12	DEU.6.16	2
7:12	2KI.16.15	2
7:12	2CH.28.22	2
7:12	EZK.33.31	2
7:12	MAL.3.15	2
7:12	ACT.5.9	2
7:12	1CO.10.9	2
7:13	ISA.43.24	10
7:13	MAL.2.17	4
7:13	JER.6.11	3
7:13	HEB.3.10	3
7:13	ISA.7.2	2
7:13	ISA.63.10	2
7:13	EZK.16.47	2
7:13	EZK.34.18	2
7:13	AMO.3.13	2
7:13	GEN.30.15	1
7:13	NUM.16.9	1
7:13	NUM.16.13	1
7:13	2CH.21.7	1
7:13	2CH.36.15-2CH.36.16	1
7:13	ISA.1.24	1
7:13	ISA.25.1	1
7:13	ISA.65.3-ISA.65.5	1
7:13	JER.21.12	1
7:13	EZK.16.20	1
7:13	LUK.1.69	0
7:13	ACT.7.51	0
7:14	MAT.1.23	146
7:14	ISA.9.6	78
7:14	LUK.1.31	49
7:14	JHN.1.1-JHN.1.2	42
7:14	JHN.1.14	34
7:14	LUK.1.35	31
7:14	1TI.3.16	22
7:14	ISA.8.8	15
7:14	GEN.3.15	12
7:14	ISA.8.10	9
7:14	ROM.9.5	7
7:14	JER.31.22	6
7:14	GEN.4.1-GEN.4.2	4
7:14	GEN.29.32	3
7:14	GEN.30.6	2
7:14	GEN.30.8	1
7:14	1SA.1.20	1
7:14	1SA.4.21	1
7:14	GEN.4.25	0
7:14	GEN.16.11	0
7:15	ISA.7.22	8
7:15	AMO.5.15	6
7:15	MAT.3.4	3
7:15	PHP.1.9-PHP.1.10	3
7:15	PSA.51.5	2
7:15	LUK.1.35	2
7:15	ROM.12.9	2
7:15	LUK.2.40	1
7:15	LUK.2.52	1
7:16	ISA.8.4	5
7:16	DEU.1.39	4
7:16	2KI.15.29-2KI.15.30	2
7:16	2KI.16.9	2
7:16	ISA.9.11	2
7:16	ISA.17.1-ISA.17.3	2
7:16	HOS.5.9	2
7:16	AMO.1.3-AMO.1.5	2
7:16	JON.4.11	2
7:17	ISA.8.7-ISA.8.8	3
7:17	ISA.10.5-ISA.10.6	3
7:17	1KI.12.16-1KI.12.19	2
7:17	2KI.18.1-2KI.18.19	2
7:17	2CH.10.16-2CH.10.19	2
7:17	2CH.28.19-2CH.28.21	2
7:17	2CH.32.1-2CH.32.33	2
7:17	2CH.33.11	2
7:17	2CH.36.6-2CH.36.20	2
7:17	NEH.9.32	2
7:17	ISA.36.1-ISA.36.22	2
7:18	ISA.5.26	6
7:18	DEU.1.44	3
7:18	DEU.7.20	3
7:18	JOS.24.12	3
7:18	ISA.31.1	3
7:18	EXO.8.21	2
7:18	EXO.8.24	2
7:18	2KI.23.33-2KI.23.34	2
7:18	PSA.118.12	2
7:18	ISA.7.17	2
7:18	ISA.13.5	2
7:18	ISA.30.1-ISA.30.2	1
7:19	ISA.2.19	5
7:19	JER.16.16	4
7:19	2CH.33.11	2
7:19	ISA.2.21	2
7:19	MIC.7.17	2
7:20	ISA.8.7	4
7:20	ISA.10.15	3
7:20	EZK.5.1-EZK.5.4	3
7:20	EZK.29.18	3
7:20	2KI.16.7-2KI.16.8	2
7:20	2KI.18.13-2KI.18.16	2
7:20	2CH.28.20-2CH.28.21	2
7:20	ISA.1.5	2
7:20	ISA.9.14-ISA.9.17	2
7:20	ISA.10.5-ISA.10.6	2
7:20	ISA.11.15	2
7:20	ISA.24.1-ISA.24.2	2
7:20	JER.27.6-JER.27.7	2
7:20	EZK.29.20	2
7:21	ISA.5.17	3
7:21	JER.39.10	3
7:21	ISA.17.2	2
7:21	ISA.37.30	2
7:21	ISA.7.25	1
7:22	ISA.7.15	3
7:22	2SA.17.29	2
7:22	MAT.3.4	2
7:23	ISA.5.6	5
7:23	SNG.8.11-SNG.8.12	3
7:23	MAT.21.33	3
7:23	ISA.32.12-ISA.32.14	2
7:23	JER.4.26	2
7:23	HEB.6.8	2
7:24	GEN.27.3	2
7:25	ISA.5.17	2
7:25	ISA.7.21-ISA.7.22	2
7:25	ISA.13.20-ISA.13.22	2
7:25	ISA.17.2	2
7:25	ZEP.2.6	2
8:1	ISA.30.8	7
8:1	JOB.19.23-JOB.19.24	4
8:1	ISA.8.3	4
8:1	HAB.2.2-HAB.2.3	4
8:1	JER.36.2	3
8:1	JER.36.28	3
8:1	JER.36.32	3
8:1	REV.13.18	3
8:1	REV.21.17	3
8:2	2KI.16.10-2KI.16.11	4
8:2	2KI.16.15-2KI.16.16	2
8:2	2KI.18.2	2
8:2	2CO.13.1	2
8:2	RUT.4.2	1
8:2	RUT.4.10-RUT.4.11	1
8:3	HOS.1.3-HOS.1.9	3
8:3	JDG.4.4	2
8:3	2KI.22.14	2
8:3	ISA.7.13-ISA.7.14	2
8:4	ROM.9.11	5
8:4	DEU.1.39	3
8:4	2KI.16.9	3
8:4	2KI.17.3	3
8:4	2KI.17.5-2KI.17.6	3
8:4	ISA.7.8-ISA.7.9	3
8:4	ISA.7.15-ISA.7.16	3
8:4	ISA.10.6-ISA.10.14	3
8:4	ISA.17.3	3
8:4	JON.4.11	3
8:4	2KI.15.29	2
8:5	ISA.7.10	3
8:6	JHN.9.7	4
8:6	NEH.3.15	3
8:6	JDG.9.16-JDG.9.20	2
8:6	1KI.7.16	2
8:6	2CH.13.8-2CH.13.18	2
8:6	ISA.5.24	2
8:6	ISA.7.1-ISA.7.2	2
8:6	ISA.7.6	2
8:6	JER.2.13	2
8:6	JER.2.18	2
8:6	JER.18.14	2
8:7	ISA.17.12-ISA.17.13	5
8:7	GEN.6.17	3
8:7	ISA.7.17	3
8:7	ISA.7.20	3
8:7	AMO.8.8	3
8:7	AMO.9.5	3
8:7	DEU.28.49-DEU.28.52	2
8:7	2KI.17.3-2KI.17.6	2
8:7	2KI.18.9-2KI.18.12	2
8:7	PSA.72.8	2
8:7	ISA.7.1-ISA.7.6	2
8:7	ISA.10.8-ISA.10.14	2
8:7	ISA.28.17	2
8:7	ISA.59.19	2
8:7	JER.46.7-JER.46.8	2
8:7	EZK.31.3-EZK.31.18	2
8:7	DAN.9.26	2
8:7	DAN.11.10	2
8:7	DAN.11.22	2
8:7	NAM.1.8	2
8:7	REV.12.15-REV.12.16	2
8:7	REV.17.15	2
8:7	EZR.4.10	1
8:7	LUK.6.48	1
8:8	ISA.7.14	8
8:8	ISA.30.28	4
8:8	MAT.1.23	4
8:8	ISA.28.14-ISA.28.22	3
8:8	ISA.10.28-ISA.10.32	2
8:8	ISA.22.1-ISA.22.7	2
8:8	ISA.29.1-ISA.29.9	2
8:8	ISA.36.1-ISA.36.22	2
8:8	EZK.17.3	2
8:9	ISA.14.5-ISA.14.6	7
8:9	1KI.20.11	5
8:9	PSA.37.14-PSA.37.15	5
8:9	PRO.11.21	5
8:9	ISA.7.1-ISA.7.2	4
8:9	ISA.17.12-ISA.17.13	4
8:9	JOL.3.9-JOL.3.14	4
8:9	ISA.28.13	2
8:9	ISA.37.36	2
8:9	ISA.54.15	2
8:9	MIC.4.11-MIC.4.13	2
8:9	ZEC.14.1-ZEC.14.3	2
8:9	REV.17.12-REV.17.14	2
8:9	REV.20.8-REV.20.9	2
8:9	JER.46.9-JER.46.11	1
8:9	DAN.2.34-DAN.2.35	1
8:9	EZK.38.9-EZK.38.23	0
8:10	LAM.3.37	59
8:10	ROM.8.31	56
8:10	JOB.5.12	53
8:10	PRO.21.30	35
8:10	2SA.15.31	34
8:10	PSA.46.11	34
8:10	ISA.7.5-ISA.7.7	33
8:10	PSA.33.10-PSA.33.11	30
8:10	ISA.41.10	29
8:10	2CH.13.12	28
8:10	PSA.46.7	28
8:10	DEU.20.1	26
8:10	2SA.17.23	25
8:10	PSA.46.1	25
8:10	JOS.1.5	24
8:10	PSA.83.3-PSA.83.18	23
8:10	ROM.8.13	23
8:10	1JN.4.4	20
8:10	ISA.7.14	16
8:10	MAT.28.20	16
8:10	2CH.33.7-2CH.33.8	15
8:10	ACT.5.38-ACT.5.39	15
8:10	PSA.2.1-PSA.2.2	14
8:10	ISA.9.6	14
8:10	ISA.8.8	13
8:10	NAM.1.9-NAM.1.12	13
8:10	MAT.1.23	13
8:10	2SA.17.4	12
8:11	EZK.3.14	5
8:11	PRO.1.15	3
8:11	PSA.32.8	2
8:11	JER.15.19	2
8:11	JER.20.7	2
8:11	JER.20.9	2
8:11	ACT.4.20	2
8:11	EZK.2.6-EZK.2.8	1
8:12	1PE.3.14-1PE.3.15	15
8:12	LUK.21.9	9
8:12	PSA.53.5	8
8:12	ISA.51.12-ISA.51.13	8
8:12	ISA.30.1	7
8:12	LUK.12.4-LUK.12.5	7
8:12	2KI.16.5-2KI.16.7	4
8:12	ISA.57.9-ISA.57.11	3
8:12	ISA.7.2-ISA.7.6	2
8:12	MAT.28.2-MAT.28.5	2
8:13	LUK.12.5	11
8:13	ISA.26.3-ISA.26.4	9
8:13	REV.15.4	9
8:13	MAT.10.28	8
8:13	PSA.76.7	7
8:13	MAL.2.5	6
8:13	NUM.20.12-NUM.20.13	5
8:13	GEN.31.53	3
8:13	ISA.29.23	3
8:13	NUM.27.14	2
8:13	ROM.4.20	2
8:13	LEV.10.3	1
8:14	1PE.2.8	21
8:14	ROM.9.32-ROM.9.33	11
8:14	ISA.28.16	9
8:14	LUK.2.34	7
8:14	EZK.11.16	5
8:14	PSA.46.1-PSA.46.2	4
8:14	PSA.11.6	3
8:14	PSA.69.22	3
8:14	PRO.18.10	3
8:14	ISA.24.17-ISA.24.18	2
8:14	ISA.26.20	2
8:14	MAT.13.57	2
8:14	ROM.11.9-ROM.11.11	2
8:14	LUK.21.35	1
8:14	ROM.11.35	1
8:14	ISA.4.6	0
8:15	MAT.21.44	4
8:15	ISA.28.13	3
8:15	LUK.20.17-LUK.20.18	3
8:15	ISA.59.10	2
8:15	MAT.11.6	2
8:15	MAT.15.14	2
8:15	JHN.6.66	2
8:15	ROM.9.32	2
8:15	1CO.1.23	2
8:16	DAN.12.4	5
8:16	HEB.3.5	4
8:16	DEU.4.45	3
8:16	ISA.29.11-ISA.29.12	3
8:16	MAT.13.11	3
8:16	MRK.4.10-MRK.4.11	3
8:16	MRK.4.34	3
8:16	1CO.2.14	3
8:16	REV.19.10	3
8:16	2KI.11.12	2
8:16	PSA.25.14	2
8:16	PRO.8.8-PRO.8.9	2
8:16	ISA.8.1-ISA.8.2	2
8:16	ISA.8.20	2
8:16	ISA.54.13	2
8:16	DAN.9.24	2
8:16	DAN.12.9-DAN.12.10	2
8:16	MRK.10.10	2
8:16	JHN.3.32-JHN.3.33	2
8:16	1JN.5.9-1JN.5.12	2
8:16	REV.2.17	2
8:16	REV.5.1	2
8:16	REV.5.5	2
8:16	REV.10.4	2
8:17	HEB.10.36-HEB.10.39	53
8:17	HAB.2.3	45
8:17	LAM.3.25-LAM.3.26	30
8:17	ISA.25.9	29
8:17	PSA.33.20	28
8:17	ISA.54.8	23
8:17	DEU.31.17-DEU.31.18	21
8:17	HEB.9.28	19
8:17	PSA.27.14	18
8:17	ISA.50.10	17
8:17	ISA.59.2	17
8:17	MIC.3.4	16
8:17	MIC.7.7	16
8:17	1TH.1.10	16
8:17	DEU.32.20	15
8:17	EZK.39.23-EZK.39.24	15
8:17	HOS.12.6	15
8:17	PSA.39.7	14
8:17	ISA.1.15	14
8:17	ISA.64.7	14
8:17	2TH.3.5	14
8:17	GEN.49.18	13
8:17	PSA.130.5	13
8:17	ISA.26.8	13
8:17	PSA.37.34	11
8:17	PSA.40.1	11
8:17	ISA.33.2	11
8:17	ISA.64.4	11
8:17	LUK.2.38	11
8:18	HEB.2.13-HEB.2.14	23
8:18	LUK.2.34	11
8:18	ZEC.8.3	9
8:18	PSA.71.7	5
8:18	ISA.53.10	5
8:18	HEB.12.22	5
8:18	1CH.23.25	4
8:18	PSA.9.11	4
8:18	PSA.22.30	4
8:18	ISA.24.23	4
8:18	ZEC.3.8	4
8:18	ISA.12.6	3
8:18	ISA.14.32	3
8:18	ISA.7.3	2
8:18	ISA.7.16	2
8:18	HEB.10.33	2
8:18	ISA.8.3	1
8:18	1CO.4.9-1CO.4.13	1
8:19	1CH.10.13	21
8:19	LEV.20.6	18
8:19	2CH.33.6	17
8:19	PSA.106.28	14
8:19	LEV.19.31	12
8:19	DEU.18.11	11
8:19	1SA.28.8	11
8:19	ISA.19.3	11
8:19	ISA.29.4	11
8:19	JER.10.10	10
8:19	2KI.1.3	9
8:19	2KI.21.6	8
8:19	2KI.23.24	8
8:19	1SA.28.16	7
8:19	1SA.28.11	6
8:19	2PE.2.1	6
8:19	1TH.1.9	5
8:20	2PE.1.19	17
8:20	2TI.3.15-2TI.3.17	15
8:20	PSA.119.130	13
8:20	JHN.5.39	13
8:20	ACT.17.11	13
8:20	ISA.30.8-ISA.30.11	11
8:20	JHN.5.46-JHN.5.47	11
8:20	JER.8.9	10
8:20	HOS.6.3	10
8:20	MRK.7.7-MRK.7.9	10
8:20	ROM.1.22	10
8:20	PRO.4.18	9
8:20	ISA.8.16	9
8:20	MIC.3.6	9
8:20	MAL.4.2	9
8:20	MAT.22.29	9
8:20	GAL.3.8-GAL.3.29	9
8:20	PSA.19.7-PSA.19.8	8
8:20	MAT.6.23	8
8:20	GAL.4.21-GAL.4.22	8
8:20	ISA.1.10	7
8:20	2PE.1.9	7
8:20	LUK.10.26	5
8:20	LUK.16.29-LUK.16.31	5
8:21	PRO.19.3	3
8:21	ISA.9.20	3
8:21	EXO.22.28	2
8:21	DEU.28.33-DEU.28.34	2
8:21	DEU.28.53-DEU.28.57	2
8:21	2KI.25.3	2
8:21	JOB.1.11	2
8:21	JOB.2.5	2
8:21	JOB.2.9	2
8:21	ISA.8.7-ISA.8.8	2
8:21	JER.14.18	2
8:21	JER.52.6	2
8:21	LAM.4.4-LAM.4.5	2
8:21	LAM.4.9-LAM.4.10	2
8:21	REV.9.20-REV.9.21	2
8:21	REV.16.9-REV.16.11	2
8:21	2KI.6.33	1
8:22	ISA.5.30	6
8:22	JER.13.16	4
8:22	MAT.8.12	4
8:22	MAT.22.13	4
8:22	JOB.18.18	3
8:22	PRO.14.32	3
8:22	JER.30.6-JER.30.7	3
8:22	ZEP.1.14-ZEP.1.15	3
8:22	JUD.1.13	3
8:22	2CH.15.5-2CH.15.6	2
8:22	ISA.8.20	2
8:22	ISA.9.1	2
8:22	JER.23.12	2
8:22	AMO.5.18-AMO.5.20	2
8:22	MAT.24.29	2
8:22	LUK.21.25-LUK.21.26	2
9:1	MAT.4.15-MAT.4.16	26
9:1	2KI.15.29	7
9:1	ISA.8.22	5
9:1	1CH.5.26	4
9:1	2KI.17.5-2KI.17.6	3
9:1	2CH.16.4	3
9:1	LEV.26.24	2
9:1	LEV.26.28	2
9:1	1KI.15.19-1KI.15.20	2
9:2	MAT.4.16	71
9:2	EPH.5.8	54
9:2	JHN.8.12	49
9:2	JHN.12.46	47
9:2	LUK.1.78-LUK.1.79	38
9:2	1PE.2.9	34
9:2	1JN.1.5-1JN.1.7	29
9:2	ISA.60.1-ISA.60.3	28
9:2	LUK.2.32	23
9:2	ISA.60.19	21
9:2	EPH.5.13-EPH.5.14	21
9:2	PSA.23.4	18
9:2	PSA.107.14	18
9:2	PSA.107.10	17
9:2	ISA.50.10	17
9:2	MIC.7.8-MIC.7.9	15
9:2	JHN.12.35	15
9:2	ISA.9.1	14
9:2	AMO.5.8	12
9:2	JOB.10.21	8
9:3	PSA.119.162	7
9:3	ISA.26.15	7
9:3	ISA.35.10	7
9:3	ISA.65.18	7
9:3	ISA.66.10	7
9:3	ISA.61.7	5
9:3	JER.31.7	5
9:3	JER.31.12-JER.31.14	5
9:3	1PE.1.8	5
9:3	1SA.30.16	4
9:3	2CH.20.25-2CH.20.28	4
9:3	PSA.4.7	4
9:3	PSA.126.5-PSA.126.6	4
9:3	ISA.12.1	4
9:3	ISA.25.9	4
9:3	ISA.55.12	4
9:3	PHP.4.4	4
9:3	ISA.61.10	2
9:3	ZEC.2.11	2
9:3	ZEC.8.23	2
9:3	LUK.11.22	2
9:3	JDG.5.3	1
9:3	NEH.9.23	1
9:3	PSA.107.38	1
9:3	ISA.16.9-ISA.16.10	1
9:3	ISA.35.2	1
9:3	ISA.49.20-ISA.49.22	1
9:3	ISA.54.1	1
9:3	HOS.4.7	1
9:3	ZEC.10.8	1
9:3	ACT.8.8	0
9:4	ISA.14.25	12
9:4	JER.30.8	12
9:4	ISA.10.26-ISA.10.27	11
9:4	NAM.1.13	10
9:4	ISA.54.14	9
9:4	ISA.49.26	8
9:4	ISA.14.3-ISA.14.5	7
9:4	GEN.27.40	6
9:4	LEV.26.13	6
9:4	ISA.30.31-ISA.30.32	6
9:4	JDG.6.1-JDG.6.6	4
9:4	JDG.7.22-JDG.7.25	4
9:4	JDG.8.10-JDG.8.12	4
9:4	PSA.83.9-PSA.83.11	4
9:4	PSA.125.3	4
9:4	ISA.10.5	4
9:4	ISA.47.6	3
9:4	ISA.51.13	3
9:5	2TH.1.8	6
9:5	PSA.46.9	4
9:5	ISA.30.33	4
9:5	EZK.39.8-EZK.39.10	4
9:5	ISA.4.4	3
9:5	ISA.10.16-ISA.10.17	3
9:5	ISA.66.15-ISA.66.16	3
9:5	JOL.2.5	2
9:5	NAM.3.2	2
9:5	MAL.3.2-MAL.3.3	2
9:5	MAT.3.11	2
9:5	LEV.3.11	1
9:5	LEV.3.16	1
9:5	1SA.14.19	1
9:5	ACT.2.19	1
9:5	ISA.13.4	0
9:5	ISA.37.36	0
9:5	JER.47.3	0
9:5	ACT.2.3	0
9:6	LUK.2.11	178
9:6	MAT.28.18	118
9:6	JER.23.5-JER.23.6	112
9:6	ISA.7.14	97
9:6	MAT.1.23	80
9:6	1JN.5.20	68
9:6	REV.19.16	65
9:6	JHN.1.1-JHN.1.2	48
9:6	1TI.3.16	43
9:6	ISA.53.5	42
9:6	ISA.28.29	41
9:6	HEB.2.13-HEB.2.14	38
9:6	ROM.8.32	33
9:6	PSA.45.6	32
9:6	EPH.2.14-EPH.2.18	31
9:6	ISA.10.21	30
9:6	1CO.15.25	30
9:6	JHN.14.27	26
9:6	JDG.13.18	23
9:6	JHN.1.14	23
9:6	JHN.3.16-JHN.3.17	23
9:6	HEB.1.8	23
9:6	ISA.11.1-ISA.11.2	21
9:6	ISA.63.16	21
9:6	ZEC.9.9-ZEC.9.10	21
9:6	MAT.11.27	20
9:6	LUK.1.35	20
9:6	JHN.1.16	19
9:6	HEB.13.20	19
9:6	PSA.72.7	18
9:6	ACT.10.36	18
9:6	1CO.1.30	18
9:6	TIT.2.13	18
9:6	DEU.10.17	17
9:6	PRO.8.23	17
9:6	ACT.20.28	17
9:6	EPH.1.21-EPH.1.22	17
9:6	COL.2.3	17
9:6	HEB.7.2-HEB.7.3	17
9:6	PSA.2.6-PSA.2.12	16
9:6	ISA.53.10	16
9:6	MIC.5.4-MIC.5.5	16
9:6	LUK.2.14	16
9:6	COL.1.20-COL.1.21	16
9:6	ISA.53.2	15
9:6	LUK.21.15	15
9:6	ROM.5.1-ROM.5.10	15
9:6	2CO.5.19	15
9:6	PSA.72.3	14
9:6	DAN.9.24-DAN.9.25	13
9:6	ZEC.6.12-ZEC.6.13	13
9:6	PSA.110.1-PSA.110.4	12
9:6	ISA.26.3	12
9:6	ISA.26.12	12
9:6	PSA.72.17	11
9:6	PSA.85.10	11
9:6	ISA.22.21-ISA.22.22	11
9:6	JER.31.22	11
9:6	ROM.9.5	11
9:6	1JN.4.10-1JN.4.14	11
9:6	NEH.9.32	10
9:6	PSA.45.3	10
9:6	ISA.11.6-ISA.11.9	10
9:6	ISA.8.18	9
9:6	ISA.66.12	9
9:6	PSA.50.1	8
9:6	ISA.45.24-ISA.45.25	8
9:7	LUK.1.32-LUK.1.33	41
9:7	DAN.2.44	25
9:7	DAN.7.14	21
9:7	2SA.7.16	18
9:7	PSA.45.4-PSA.45.6	18
9:7	DAN.7.27	17
9:7	DAN.2.35	14
9:7	JER.23.5	12
9:7	JER.33.15-JER.33.21	12
9:7	1CO.15.24-1CO.15.28	12
9:7	ISA.32.1-ISA.32.2	11
9:7	HEB.1.8	11
9:7	ISA.16.5	10
9:7	PSA.89.35-PSA.89.37	9
9:7	ISA.42.3-ISA.42.4	9
9:7	PSA.2.8	8
9:7	ISA.37.32	8
9:7	ISA.59.16-ISA.59.17	8
9:7	PSA.72.1-PSA.72.3	7
9:7	PSA.72.7-PSA.72.11	7
9:7	EZK.36.21-EZK.36.23	7
9:7	2KI.19.31	5
9:7	ISA.63.4-ISA.63.6	5
9:7	ISA.11.3-ISA.11.5	4
9:7	REV.19.11	4
9:8	ISA.7.7-ISA.7.8	2
9:8	ISA.8.4-ISA.8.8	2
9:8	MIC.1.1-MIC.1.9	2
9:8	ZEC.1.6	2
9:8	ZEC.5.1-ZEC.5.4	2
9:8	MAT.24.35	0
9:9	ISA.46.12	4
9:9	1KI.22.25	2
9:9	JOB.21.19-JOB.21.20	2
9:9	PRO.16.18	2
9:9	ISA.7.8-ISA.7.9	2
9:9	ISA.10.9-ISA.10.11	2
9:9	ISA.26.11	2
9:9	ISA.48.4	2
9:9	JER.32.24	2
9:9	JER.44.28-JER.44.29	2
9:9	EZK.7.9	2
9:9	EZK.7.27	2
9:9	EZK.30.19	2
9:9	EZK.33.33	2
9:9	MAL.4.1	2
9:9	1PE.5.5	2
9:9	MAL.3.13	1
9:10	MAL.1.4	10
9:10	1KI.10.27	2
9:10	1KI.7.9-1KI.7.12	1
9:11	2KI.15.29	2
9:11	2KI.16.9	2
9:11	ISA.7.8	2
9:11	ISA.8.4-ISA.8.7	2
9:11	ISA.10.9-ISA.10.11	2
9:11	ISA.17.1-ISA.17.5	2
9:12	2CH.28.18	5
9:12	ISA.5.25	5
9:12	2KI.16.6	4
9:12	PSA.79.7	4
9:12	ISA.9.17	3
9:12	ISA.9.21	3
9:12	ISA.10.4	3
9:12	JER.10.25	3
9:12	DEU.31.17	2
9:12	PSA.129.3-PSA.129.6	2
9:12	JER.4.8	2
9:12	JER.35.11	2
9:13	JER.5.3	5
9:13	HOS.7.10	5
9:13	ISA.31.1	4
9:13	ISA.1.5	3
9:13	DEU.4.29	2
9:13	2CH.28.22	2
9:13	JOB.36.13	2
9:13	ISA.26.11	2
9:13	ISA.57.17	2
9:13	JER.29.11	2
9:13	JER.31.18-JER.31.20	2
9:13	JER.50.4-JER.50.5	2
9:13	EZK.24.13	2
9:13	HOS.3.4-HOS.3.5	2
9:13	HOS.5.15	2
9:13	HOS.7.16	2
9:14	ISA.19.15	4
9:14	REV.18.8	4
9:14	2KI.17.6-2KI.17.20	2
9:14	ISA.3.2-ISA.3.3	2
9:14	ISA.30.13	2
9:14	HOS.1.4	2
9:14	HOS.1.6	2
9:14	HOS.1.9	2
9:14	HOS.4.5	2
9:14	HOS.5.12-HOS.5.14	2
9:14	HOS.8.8	2
9:14	HOS.9.11-HOS.9.17	2
9:14	HOS.10.15	2
9:14	HOS.13.3	2
9:14	AMO.2.14-AMO.2.16	2
9:14	AMO.3.12	2
9:14	AMO.5.2-AMO.5.3	2
9:14	AMO.6.11	2
9:14	AMO.7.8-AMO.7.9	2
9:14	AMO.7.17	2
9:14	AMO.9.1-AMO.9.9	2
9:14	MIC.1.6-MIC.1.8	2
9:14	REV.18.10	2
9:14	REV.18.17	2
9:14	ISA.10.17	1
9:15	ISA.29.10	4
9:15	MAT.24.24	4
9:15	1SA.9.6	3
9:15	ISA.3.2-ISA.3.3	3
9:15	JER.29.21-JER.29.22	3
9:15	EZK.13.19	3
9:15	2TI.4.2-2TI.4.3	3
9:15	1KI.13.18	2
9:15	1KI.22.22-1KI.22.24	2
9:15	ISA.3.5	2
9:15	ISA.5.13	2
9:15	ISA.28.17	2
9:15	JER.5.31	2
9:15	JER.14.14-JER.14.15	2
9:15	JER.23.9	2
9:15	JER.23.14-JER.23.15	2
9:15	JER.23.25-JER.23.27	2
9:15	JER.27.9-JER.27.10	2
9:15	JER.27.14-JER.27.15	2
9:15	JER.28.15-JER.28.16	2
9:15	EZK.13.1-EZK.13.16	2
9:15	EZK.13.22	2
9:15	HOS.9.8	2
9:15	MAL.2.9	2
9:15	MAT.7.15	2
9:15	2CO.11.13-2CO.11.15	2
9:15	GAL.1.8-GAL.1.9	2
9:15	2TH.2.9-2TH.2.12	2
9:15	2PE.2.1-2PE.2.3	2
9:15	1JN.4.1	2
9:15	REV.19.20	2
9:16	ISA.3.12	6
9:16	MAT.15.14	6
9:16	MAT.23.16-MAT.23.36	3
9:16	NUM.6.23-NUM.6.26	2
9:16	1KI.8.55-1KI.8.56	2
9:16	2CH.30.27	2
9:16	HEB.7.7	2
9:17	ISA.5.25	5
9:17	ISA.10.6	5
9:17	JER.18.21	5
9:17	ISA.9.12	4
9:17	ISA.27.11	4
9:17	MAT.12.34	4
9:17	PSA.147.10	3
9:17	ISA.9.21	3
9:17	ISA.10.4	3
9:17	ISA.1.4	2
9:17	ISA.10.2	2
9:17	ISA.13.18	2
9:17	ISA.32.6-ISA.32.7	2
9:17	ISA.62.5	2
9:17	ISA.65.19	2
9:17	JER.5.1	2
9:17	EZK.20.33	2
9:17	MIC.7.2	2
9:17	ZEC.9.17	2
9:17	MAT.16.3	2
9:17	JOB.15.34	1
9:18	PSA.83.14	4
9:18	MAL.4.1	4
9:18	ISA.5.24	3
9:18	ISA.34.8-ISA.34.10	3
9:18	NAM.1.10	3
9:18	NUM.11.1-NUM.11.3	2
9:18	DEU.32.22	2
9:18	JOB.31.11-JOB.31.12	2
9:18	PSA.37.20	2
9:18	ISA.1.31	2
9:18	ISA.10.16-ISA.10.18	2
9:18	ISA.27.4	2
9:18	ISA.30.30	2
9:18	ISA.30.33	2
9:18	ISA.33.12	2
9:18	ISA.66.16-ISA.66.17	2
9:18	EZK.20.47-EZK.20.48	2
9:18	HOS.13.3	2
9:18	JOL.2.20	2
9:18	AMO.7.4	2
9:18	NAM.1.6	2
9:18	MAT.13.49-MAT.13.50	2
9:18	MAT.25.41	2
9:18	MRK.9.43-MRK.9.50	2
9:18	HEB.6.8	2
9:18	REV.14.11	2
9:19	MIC.7.2	5
9:19	MIC.7.6	3
9:19	ISA.1.31	2
9:19	ISA.5.30	2
9:19	ISA.8.22	2
9:19	ISA.13.9	2
9:19	ISA.13.13	2
9:19	ISA.13.18	2
9:19	ISA.24.6	2
9:19	ISA.24.11-ISA.24.12	2
9:19	ISA.60.2	2
9:19	JER.13.16	2
9:19	EZK.9.5	2
9:19	JOL.2.2	2
9:19	AMO.5.18	2
9:19	MAT.27.45	2
9:19	ACT.2.20	2
9:19	2PE.2.4	2
9:20	ISA.49.26	6
9:20	JER.19.9	3
9:20	LEV.26.26-LEV.26.29	2
9:20	ISA.8.21	2
9:20	LAM.4.10	2
9:21	ISA.5.25	4
9:21	2CH.28.6-2CH.28.8	3
9:21	ISA.9.12	3
9:21	GAL.5.15	3
9:21	JDG.7.2	2
9:21	1SA.14.20	2
9:21	2KI.15.30	2
9:21	ISA.9.17	2
9:21	ISA.10.4	2
9:21	ISA.11.13	2
9:21	JER.4.8	2
9:21	MAT.24.10	2
10:1	LUK.11.52	9
10:1	MIC.3.1-MIC.3.4	8
10:1	PSA.94.20-PSA.94.21	6
10:1	MAT.23.23	6
10:1	HAB.2.6	4
10:1	LUK.11.42-LUK.11.44	4
10:1	JHN.9.22	4
10:1	JHN.19.6	4
10:1	ISA.5.8	3
10:1	ISA.5.18	3
10:1	MIC.6.16	3
10:1	HAB.2.9	3
10:1	HAB.2.12	3
10:1	MAT.23.27	3
10:1	MAT.23.29	3
10:1	MAT.26.24	3
10:1	LUK.11.46-LUK.11.47	3
10:1	JUD.1.11	3
10:1	EST.3.10-EST.3.13	2
10:1	PSA.58.2	2
10:1	ISA.3.11	2
10:1	JER.22.13	2
10:1	DAN.6.8-DAN.6.9	2
10:1	MIC.3.9-MIC.3.11	2
10:1	HAB.2.15	2
10:1	HAB.2.19	2
10:1	MAT.11.21	2
10:1	MAT.23.13-MAT.23.16	2
10:1	1KI.21.13	1
10:1	ISA.5.11	1
10:1	ISA.5.20-ISA.5.22	0
10:2	MAL.3.5	5
10:2	ISA.3.14	4
10:2	ISA.1.23	3
10:2	ISA.5.23	3
10:2	ISA.29.21	3
10:2	EZK.22.7	3
10:2	ISA.5.7	2
10:2	JER.7.6	2
10:2	LAM.3.35	2
10:2	AMO.2.7	2
10:2	AMO.5.11-AMO.5.12	2
10:2	MAT.23.13	2
10:3	HOS.9.7	6
10:3	LUK.19.44	6
10:3	JOB.31.14	5
10:3	PRO.11.4	4
10:3	ISA.5.26	4
10:3	ISA.20.6	4
10:3	ISA.26.21	4
10:3	ZEP.1.18	4
10:3	1PE.2.12	4
10:3	DEU.28.49	3
10:3	REV.6.15-REV.6.16	3
10:3	GEN.31.1	2
10:3	2KI.7.6-2KI.7.8	2
10:3	2KI.7.15	2
10:3	PSA.49.16-PSA.49.17	2
10:3	ISA.2.20-ISA.2.21	2
10:3	ISA.5.14	2
10:3	ISA.30.1-ISA.30.3	2
10:3	ISA.30.16	2
10:3	ISA.30.27-ISA.30.28	2
10:3	ISA.31.1-ISA.31.3	2
10:3	ISA.33.14	2
10:3	ISA.39.3	2
10:3	ISA.39.6-ISA.39.7	2
10:3	JER.5.31	2
10:3	EZK.24.13-EZK.24.14	2
10:3	HOS.5.13	1
10:4	ISA.5.25	4
10:4	DEU.32.30	3
10:4	ISA.9.12	3
10:4	JER.37.10	3
10:4	LEV.26.17	2
10:4	LEV.26.36-LEV.26.37	2
10:4	DEU.31.15-DEU.31.18	2
10:4	ISA.9.17	2
10:4	ISA.9.21	2
10:4	ISA.22.2	2
10:4	ISA.24.22	2
10:4	ISA.34.3	2
10:4	ISA.66.16	2
10:4	HOS.9.12	2
10:5	ISA.10.15	4
10:5	ISA.14.25	4
10:5	ISA.30.30	4
10:5	JER.51.20-JER.51.24	4
10:5	ZEP.2.13	4
10:5	ISA.13.5	3
10:5	ISA.14.5-ISA.14.6	3
10:5	ISA.66.14	3
10:5	GEN.10.11	2
10:5	PSA.17.14	2
10:5	PSA.125.3	2
10:5	ISA.8.4	2
10:6	ISA.9.17	5
10:6	ISA.10.13-ISA.10.14	3
10:6	ISA.19.17	3
10:6	ISA.37.26-ISA.37.27	3
10:6	JER.25.9	3
10:6	JER.34.22	3
10:6	JER.47.6-JER.47.7	3
10:6	ZEC.10.5	3
10:6	2SA.22.43	2
10:6	ISA.5.29	2
10:6	ISA.22.5	2
10:6	ISA.29.13	2
10:6	ISA.30.9-ISA.30.11	2
10:6	ISA.33.14	2
10:6	ISA.41.25	2
10:6	ISA.45.1-ISA.45.5	2
10:6	ISA.63.3	2
10:6	ISA.63.6	2
10:6	JER.3.10	2
10:6	JER.4.14	2
10:6	MIC.7.10	2
10:6	MAT.15.7	2
10:6	ISA.9.19	1
10:7	GEN.50.20	5
10:7	MIC.4.11-MIC.4.12	4
10:7	ACT.2.23	4
10:7	ISA.36.18-ISA.36.20	3
10:7	ISA.37.11-ISA.37.13	3
10:7	ACT.13.27-ACT.13.30	3
10:8	2KI.18.24	4
10:8	2KI.19.10	3
10:8	ISA.36.8	2
10:8	EZK.26.7	2
10:8	DAN.2.37	2
10:9	2KI.16.9	5
10:9	2CH.35.20	5
10:9	GEN.10.10	3
10:9	JER.46.2	3
10:9	2SA.8.9	2
10:9	2KI.17.5-2KI.17.6	2
10:9	2KI.17.24	2
10:9	2KI.18.9-2KI.18.10	2
10:9	ISA.7.8	2
10:9	ISA.17.3	2
10:9	ISA.36.19	2
10:9	ISA.37.13	2
10:9	JER.49.23	2
10:9	AMO.6.1-AMO.6.2	2
10:10	2KI.18.33-2KI.18.35	2
10:10	2KI.19.12-2KI.19.13	2
10:10	2KI.19.17-2KI.19.19	2
10:10	2CH.32.12-2CH.32.16	2
10:10	2CH.32.19	2
10:10	ISA.10.14	2
10:11	ISA.37.10-ISA.37.13	3
10:11	ISA.2.8	2
10:11	ISA.36.19-ISA.36.20	2
10:12	JER.50.18	5
10:12	2KI.19.31	3
10:12	JOB.40.11-JOB.40.12	3
10:12	PSA.18.27	3
10:12	ISA.2.11	3
10:12	ISA.5.15	3
10:12	ISA.9.9	3
10:12	ISA.10.5-ISA.10.6	3
10:12	ISA.10.16-ISA.10.19	3
10:12	ISA.10.25-ISA.10.34	3
10:12	ISA.14.24-ISA.14.27	3
10:12	ISA.17.12-ISA.17.14	3
10:12	ISA.27.9	3
10:12	ISA.28.21-ISA.28.22	3
10:12	ISA.30.30-ISA.30.33	3
10:12	ISA.31.5-ISA.31.9	3
10:12	ISA.46.10-ISA.46.11	3
10:12	ISA.50.11	3
10:12	EZK.31.10	3
10:12	EZK.31.14	3
10:12	DAN.4.37	3
10:12	PSA.21.10	2
10:12	PSA.76.10	2
10:12	PRO.30.13	2
10:12	ISA.29.7-ISA.29.8	2
10:12	ISA.65.7	2
10:12	MAT.12.33	2
10:12	ISA.37.36-ISA.37.38	1
10:12	MAT.15.19	1
10:12	1PE.4.17	1
10:13	DEU.8.17	5
10:13	DAN.4.30	4
10:13	2KI.15.29	2
10:13	2KI.16.8	2
10:13	2KI.17.6	2
10:13	2KI.17.24	2
10:13	2KI.18.11	2
10:13	2KI.18.15	2
10:13	2KI.18.32	2
10:13	2KI.19.22-2KI.19.24	2
10:13	1CH.5.26	2
10:13	ISA.10.8	2
10:13	ISA.37.23-ISA.37.25	2
10:13	EZK.25.3	2
10:13	EZK.26.2	2
10:13	EZK.28.2-EZK.28.9	2
10:13	EZK.29.3	2
10:13	HOS.13.15-HOS.13.16	2
10:13	AMO.5.27-AMO.6.2	2
10:13	AMO.6.13	2
10:13	HAB.1.16	2
10:14	JOB.31.25	3
10:14	PRO.18.12	2
10:14	PRO.21.6-PRO.21.7	2
10:14	ISA.5.8	2
10:14	JER.49.16	2
10:14	HOS.12.7-HOS.12.8	2
10:14	OBA.1.4	2
10:14	NAM.2.9-NAM.3.1	2
10:14	HAB.2.5-HAB.2.11	2
10:15	ROM.9.20-ROM.9.21	10
10:15	ISA.45.9	8
10:15	ISA.10.5	7
10:15	ISA.29.16	6
10:15	JER.51.20-JER.51.23	4
10:15	EZK.28.9	4
10:15	PSA.17.13-PSA.17.14	2
10:16	2CH.32.21	4
10:16	PSA.106.15	3
10:16	ACT.12.23	3
10:16	ISA.5.17	2
10:16	ISA.9.5	2
10:16	ISA.10.18	2
10:16	ISA.14.24-ISA.14.27	2
10:16	ISA.17.4	2
10:16	ISA.29.5-ISA.29.8	2
10:16	ISA.30.30-ISA.30.33	2
10:16	ISA.33.10-ISA.33.14	2
10:16	ISA.37.6-ISA.37.7	2
10:16	ISA.37.29	2
10:16	ISA.37.36	2
10:16	ISA.8.7	1
10:17	ISA.27.4	5
10:17	NUM.11.1-NUM.11.3	3
10:17	NUM.16.35	3
10:17	ISA.37.23	3
10:17	JER.4.4	3
10:17	JER.7.20	3
10:17	NAM.1.10	3
10:17	REV.22.5	3
10:17	PSA.18.8	2
10:17	PSA.21.9	2
10:17	PSA.27.1	2
10:17	PSA.50.3	2
10:17	PSA.83.14-PSA.83.15	2
10:17	PSA.84.11	2
10:17	PSA.97.3	2
10:17	ISA.9.18	2
10:17	ISA.30.27-ISA.30.28	2
10:17	ISA.31.9	2
10:17	ISA.33.14	2
10:17	ISA.37.36	2
10:17	ISA.60.19	2
10:17	ISA.64.1-ISA.64.2	2
10:17	ISA.66.15-ISA.66.16	2
10:17	ISA.66.24	2
10:17	NAM.1.5-NAM.1.6	2
10:17	MAL.4.1-MAL.4.3	2
10:17	MAT.3.12	2
10:17	2TH.1.7-2TH.1.9	2
10:17	HEB.12.29	2
10:17	REV.21.23	2
10:18	2KI.19.23	3
10:18	ISA.10.33-ISA.10.34	3
10:18	2KI.19.28	2
10:18	ISA.9.18	2
10:18	JER.21.14	2
10:18	EZK.20.47-EZK.20.48	2
10:19	ISA.21.17	2
10:19	ISA.37.36	2
10:20	ISA.37.31-ISA.37.32	4
10:20	2KI.16.7	3
10:20	2CH.28.20	3
10:20	ISA.1.9	3
10:20	ISA.17.7-ISA.17.8	3
10:20	ISA.50.10	3
10:20	EZR.9.14	2
10:20	ISA.4.2-ISA.4.3	2
10:20	ISA.6.13	2
10:20	ISA.11.11	2
10:20	ISA.26.3-ISA.26.4	2
10:20	ISA.37.4	2
10:20	ISA.48.1-ISA.48.2	2
10:20	HOS.5.13	2
10:20	HOS.14.3	2
10:20	ROM.9.27-ROM.9.29	2
10:21	ISA.9.6	7
10:21	HOS.6.1	3
10:21	2CO.3.14-2CO.3.16	3
10:21	ISA.7.3	2
10:21	ISA.9.13	2
10:21	ISA.19.22	2
10:21	ISA.55.7	2
10:21	ISA.65.8-ISA.65.9	2
10:21	HOS.7.10	2
10:21	HOS.7.16	2
10:21	HOS.14.1	2
10:21	ACT.26.20	2
10:22	ROM.9.27-ROM.9.28	11
10:22	ISA.6.13	4
10:22	DAN.9.27	3
10:22	ROM.11.5-ROM.11.6	3
10:22	REV.20.8	3
10:22	GEN.18.25	2
10:22	1KI.4.20	2
10:22	ISA.6.11	2
10:22	ISA.8.8	2
10:22	ISA.27.10-ISA.27.11	2
10:22	ISA.28.15-ISA.28.22	2
10:22	HOS.1.10	2
10:22	ACT.17.31	2
10:22	ROM.2.5	2
10:22	ROM.3.5-ROM.3.6	1
10:23	ISA.28.22	3
10:23	ISA.14.26-ISA.14.27	2
10:23	ISA.24.1-ISA.24.23	2
10:23	DAN.4.35	2
10:23	ROM.9.28	2
10:24	HEB.12.22-HEB.12.24	5
10:24	ISA.37.6	3
10:24	ISA.61.3	3
10:24	EXO.1.10-EXO.1.16	2
10:24	EXO.5.14	2
10:24	EXO.14.9	2
10:24	EXO.14.21-EXO.14.31	2
10:24	EXO.15.6-EXO.15.10	2
10:24	PSA.87.5-PSA.87.6	2
10:24	ISA.4.3	2
10:24	ISA.8.12-ISA.8.13	2
10:24	ISA.9.4	2
10:24	ISA.10.5	2
10:24	ISA.12.6	2
10:24	ISA.14.29	2
10:24	ISA.27.7	2
10:24	ISA.30.19	2
10:24	ISA.33.14-ISA.33.16	2
10:24	ISA.35.4	2
10:24	ISA.37.22	2
10:24	ISA.37.33-ISA.37.35	2
10:24	ISA.46.13	2
10:25	DAN.11.36	5
10:25	2KI.19.35	4
10:25	HEB.10.37	4
10:25	PSA.37.10	2
10:25	ISA.10.5	2
10:25	ISA.10.33-ISA.10.34	2
10:25	ISA.12.1-ISA.12.2	2
10:25	ISA.14.24-ISA.14.25	2
10:25	ISA.17.12-ISA.17.14	2
10:25	ISA.30.30-ISA.30.33	2
10:25	ISA.31.4-ISA.31.9	2
10:25	ISA.37.36-ISA.37.38	2
10:25	ISA.54.7	2
10:26	ISA.9.4	7
10:26	JDG.7.25	6
10:26	2KI.19.35	4
10:26	EXO.14.16	3
10:26	EXO.14.25-EXO.14.27	2
10:26	NEH.9.10-NEH.9.11	2
10:26	PSA.35.23	2
10:26	PSA.83.11	2
10:26	PSA.106.10-PSA.106.11	2
10:26	ISA.10.16-ISA.10.19	2
10:26	ISA.10.24	2
10:26	ISA.11.16	2
10:26	ISA.37.36-ISA.37.38	2
10:26	ISA.51.9-ISA.51.10	2
10:26	HAB.3.7-HAB.3.15	2
10:26	REV.11.18	2
10:26	REV.19.15	2
10:27	ISA.9.4	35
10:27	LUK.4.18	31
10:27	ISA.14.25	28
10:27	PSA.105.15	26
10:27	1JN.2.20	22
10:27	PSA.45.7	20
10:27	PSA.20.6	18
10:27	NAM.1.9-NAM.1.13	18
10:27	1JN.2.27	15
10:27	PSA.2.1-PSA.2.3	10
10:27	PSA.132.17-PSA.132.18	10
10:27	2SA.1.21	9
10:27	PSA.84.9	6
10:27	PSA.89.20-PSA.89.52	6
10:27	2KI.18.13-2KI.18.14	5
10:27	PSA.132.10	5
10:27	ISA.37.35	5
10:27	ACT.4.27	5
10:27	DAN.9.24-DAN.9.26	4
10:27	PSA.2.6	3
10:27	JHN.1.41	2
10:28	1SA.14.2	5
10:28	1SA.13.2	4
10:28	1SA.13.5	3
10:28	JOS.7.2	2
10:28	JDG.18.21	2
10:28	1SA.14.5	2
10:28	1SA.14.31	2
10:28	1SA.17.22	2
10:28	NEH.11.31	2
10:29	1SA.7.17	4
10:29	1SA.13.23	4
10:29	JOS.21.17	3
10:29	1SA.11.4	3
10:29	JER.31.15	3
10:29	JOS.18.24-JOS.18.25	2
10:29	JDG.19.12-JDG.19.15	2
10:29	1SA.13.2	2
10:29	1SA.13.16	2
10:29	1SA.14.4	2
10:29	1SA.15.34	2
10:29	1KI.15.23	2
10:29	HOS.5.8	2
10:29	HOS.9.9	2
10:29	HOS.10.9	2
10:30	1SA.25.44	5
10:30	JER.1.1	4
10:30	JOS.21.18	3
10:30	JDG.18.7	2
10:30	JDG.18.29	2
10:30	1KI.2.26	2
10:30	JER.32.8	2
10:31	JOS.15.31	2
10:32	1SA.21.1	5
10:32	1SA.22.19	3
10:32	ISA.19.16	3
10:32	ISA.37.22	3
10:32	ZEC.2.9	3
10:32	NEH.11.32	2
10:32	ISA.1.8	2
10:32	ISA.2.2	2
10:32	ISA.10.24	2
10:32	ISA.11.15	2
10:32	ISA.13.2	2
10:32	JER.6.23	2
10:33	AMO.2.9	5
10:33	ISA.37.38	3
10:33	DAN.4.37	3
10:33	2KI.19.21-2KI.19.37	2
10:33	2CH.32.21	2
10:33	JOB.40.11-JOB.40.12	2
10:33	ISA.2.11-ISA.2.17	2
10:33	ISA.10.16-ISA.10.19	2
10:33	ISA.37.24-ISA.37.36	2
10:33	LUK.14.11	2
10:34	ISA.37.24	3
10:34	PSA.103.20	2
10:34	ISA.10.18	2
10:34	ISA.31.8	2
10:34	ISA.37.36	2
10:34	JER.22.7	2
10:34	JER.46.22-JER.46.23	2
10:34	JER.48.2	2
10:34	DAN.4.13-DAN.4.14	2
10:34	DAN.4.23	2
10:34	NAM.1.12	2
10:34	ZEC.11.1-ZEC.11.2	2
10:34	2TH.1.7	2
10:34	2PE.2.11	2
10:34	REV.10.1	2
10:34	REV.18.21	2
11:1	JER.23.5	37
11:1	REV.22.16	34
11:1	ZEC.6.12	28
11:1	REV.5.5	25
11:1	ACT.13.22-ACT.13.23	23
11:1	JER.33.15	22
11:1	ISA.53.2	21
11:1	ZEC.3.8	21
11:1	ISA.9.7	18
11:1	ROM.15.12	18
11:1	ISA.4.2	17
11:1	ISA.11.10	16
11:1	MAT.1.6-MAT.1.16	11
11:1	1SA.17.58	10
11:1	RUT.4.17	7
11:1	LUK.2.23-LUK.2.32	5
11:2	ISA.61.1	48
11:2	JHN.16.13	38
11:2	EPH.1.17-EPH.1.18	34
11:2	2TI.1.7	28
11:2	ISA.42.1	27
11:2	MAT.3.16	24
11:2	COL.1.8-COL.1.9	22
11:2	JHN.3.34	20
11:2	JAS.3.17-JAS.3.18	19
11:2	1CO.1.30	14
11:2	DEU.34.9	13
11:2	ISA.48.16	13
11:2	ISA.59.21	13
11:2	JHN.14.17	13
11:2	JHN.1.32-JHN.1.33	12
11:2	JHN.15.26	9
11:2	ACT.10.38	9
11:2	NUM.11.25-NUM.11.26	8
11:2	COL.2.2-COL.2.3	8
11:3	JHN.7.24	16
11:3	LUK.2.52	14
11:3	1SA.16.7	13
11:3	JHN.8.15-JHN.8.16	13
11:3	PRO.2.5	9
11:3	1CO.2.13-1CO.2.15	9
11:3	1KI.3.28	8
11:3	JHN.2.25	8
11:3	PHP.1.9-PHP.1.10	8
11:3	HEB.5.14	8
11:3	2SA.14.17	7
11:3	1KI.3.9	7
11:3	PRO.2.9	7
11:3	JOB.12.11	6
11:3	JOB.34.3	6
11:3	ISA.33.6	5
11:3	1CO.4.3-1CO.4.5	4
11:4	2TH.2.8	13
11:4	REV.19.15	13
11:4	JOB.4.9	9
11:4	PRO.31.8-PRO.31.9	9
11:4	MAL.4.6	9
11:4	PSA.72.12-PSA.72.14	8
11:4	ISA.61.1	8
11:4	MAT.5.5	8
11:4	GAL.5.23	7
11:4	JAS.3.13	7
11:4	PSA.2.9	5
11:4	PSA.72.1-PSA.72.4	5
11:4	ISA.9.7	5
11:4	ISA.30.33	5
11:4	JER.33.15	5
11:4	REV.1.16	5
11:4	REV.2.16	5
11:4	PSA.45.6-PSA.45.7	4
11:4	ISA.16.5	4
11:4	ISA.29.19	4
11:4	ISA.32.1	4
11:4	JER.23.5-JER.23.6	4
11:4	TIT.3.2	4
11:4	2SA.23.2-2SA.23.4	3
11:4	1KI.10.8-1KI.10.9	3
11:4	PSA.18.8	3
11:4	PSA.82.2-PSA.82.4	3
11:4	PSA.110.2	3
11:4	ISA.1.17	3
11:4	ISA.3.14	3
11:4	JER.5.28	3
11:4	ZEP.2.3	3
11:4	MAT.11.5	3
11:4	ACT.9.1	3
11:4	2CO.10.1	3
11:4	REV.19.11	3
11:4	2SA.8.15	2
11:5	EPH.6.14	7
11:5	1JN.1.9	5
11:5	ISA.25.1	4
11:5	ISA.59.17	4
11:5	2CO.6.7	4
11:5	HOS.2.20	3
11:5	1PE.4.1	3
11:5	REV.1.13	3
11:5	REV.3.14	3
11:5	PSA.93.1	2
11:5	HEB.2.17	2
11:6	ISA.65.25	31
11:6	HOS.2.18	19
11:6	EZK.34.25	15
11:6	REV.5.9-REV.5.10	7
11:6	GAL.3.26-GAL.3.27	6
11:6	COL.3.3-COL.3.8	5
11:6	TIT.3.3-TIT.3.5	5
11:6	ROM.14.17	4
11:6	1CO.6.9-1CO.6.11	4
11:6	ACT.9.13-ACT.9.20	2
11:6	2CO.5.14-2CO.5.21	2
11:6	EPH.4.22-EPH.4.32	2
11:6	PHM.1.9-PHM.1.16	0
11:8	PSA.140.3	2
11:8	ISA.59.5	2
11:9	HAB.2.14	21
11:9	PSA.98.2-PSA.98.3	10
11:9	ISA.52.10	10
11:9	MIC.4.2-MIC.4.4	7
11:9	JOB.5.23	5
11:9	ISA.60.1-ISA.60.22	4
11:9	PSA.72.19	3
11:9	ISA.59.19	3
11:9	REV.21.27	3
11:9	PSA.22.27-PSA.22.31	2
11:9	ISA.45.6	2
11:9	ISA.49.6	2
11:9	ZEC.14.9	2
11:9	ISA.2.4	1
11:9	ISA.11.13	1
11:9	ISA.30.26	1
11:9	ISA.35.9	1
11:9	MAT.5.44-MAT.5.45	1
11:9	ACT.2.41-ACT.2.47	1
11:9	ACT.4.29-ACT.4.35	1
11:9	ROM.11.25-ROM.11.26	1
11:9	ROM.12.17-ROM.12.21	1
11:9	GAL.5.22-GAL.5.24	1
11:9	PHP.2.14-PHP.2.15	1
11:9	REV.20.2-REV.20.6	1
11:9	1TH.5.15	0
11:10	ROM.15.9-ROM.15.12	19
11:10	LUK.2.32	18
11:10	ISA.11.1	16
11:10	MAT.2.1-MAT.2.2	13
11:10	MAT.12.21	11
11:10	JHN.12.32	11
11:10	MAT.8.11	10
11:10	ISA.32.17-ISA.32.18	9
11:10	ACT.11.18	9
11:10	MAT.11.28-MAT.11.30	8
11:10	JHN.3.14-JHN.3.15	8
11:10	REV.22.16	7
11:10	PSA.91.1	6
11:10	ISA.49.22	6
11:10	HAG.2.9	6
11:10	ISA.60.3	4
11:10	2TH.1.7-2TH.1.12	4
11:10	1PE.1.7-1PE.1.9	4
11:10	GEN.49.10	3
11:10	ISA.66.10-ISA.66.12	3
11:10	ACT.26.17-ACT.26.18	3
11:10	ACT.28.28	3
11:10	HEB.4.1	3
11:10	HEB.4.9-HEB.4.16	3
11:10	1PE.5.10	3
11:10	PSA.91.4	2
11:10	PSA.116.7	2
11:10	PSA.149.5	2
11:10	ISA.2.11	2
11:10	ISA.28.12	2
11:10	ISA.59.19	2
11:10	ISA.60.5	2
11:10	ISA.66.19	2
11:10	ISA.14.3	1
11:10	JER.6.16	1
11:10	JHN.12.20-JHN.12.21	1
11:11	ZEC.10.8-ZEC.10.12	8
11:11	ISA.10.20	7
11:11	MIC.7.12	7
11:11	HOS.3.4-HOS.3.5	6
11:11	LEV.26.40-LEV.26.42	5
11:11	DEU.4.27-DEU.4.31	5
11:11	JER.30.8-JER.30.11	5
11:11	HOS.11.11	5
11:11	ROM.11.26	5
11:11	DEU.30.3-DEU.30.6	4
11:11	GEN.10.10	3
11:11	GEN.10.22	3
11:11	GEN.11.2	3
11:11	ISA.10.9	3
11:11	ISA.24.15	3
11:11	ISA.42.4	3
11:11	ISA.66.19	3
11:11	EZK.11.16-EZK.11.20	3
11:11	EZK.36.24-EZK.36.28	3
11:11	AMO.9.14-AMO.9.15	3
11:11	GEN.10.5-GEN.10.7	2
11:11	PSA.68.22	2
11:11	ISA.11.16	2
11:11	ISA.19.23-ISA.19.24	2
11:11	ISA.27.12-ISA.27.13	2
11:11	ISA.42.10	2
11:11	ISA.42.12	2
11:11	ISA.45.14	2
11:11	ISA.60.1-ISA.60.22	2
11:11	JER.23.7-JER.23.8	2
11:11	JER.25.25	2
11:11	JER.31.10	2
11:11	JER.31.36-JER.31.40	2
11:11	JER.33.24-JER.33.26	2
11:11	JER.44.1	2
11:11	JER.49.23	2
11:11	EZK.27.6	2
11:11	EZK.30.14	2
11:11	EZK.34.23-EZK.34.28	2
11:11	EZK.37.1-EZK.37.28	2
11:11	DAN.8.2	2
11:11	DAN.11.18	2
11:11	HOS.1.11	2
11:11	JOL.3.1-JOL.3.21	2
11:11	MIC.7.14-MIC.7.15	2
11:11	ZEP.2.11	2
11:11	ZEC.5.11	2
11:11	ZEC.9.2	2
11:11	ZEC.12.1-ZEC.12.14	2
11:11	ROM.11.15	2
11:11	2CO.3.16	2
11:11	GEN.14.1	1
11:12	ISA.43.6	10
11:12	ISA.56.8	8
11:12	PSA.147.2	7
11:12	ZEP.3.10	7
11:12	ISA.11.10	6
11:12	ZEC.10.6	6
11:12	PSA.68.22	4
11:12	ISA.27.13	4
11:12	ISA.49.11-ISA.49.12	3
11:12	DEU.32.26	2
11:12	ISA.18.3	2
11:12	ISA.59.19	2
11:12	JHN.7.35	2
11:12	JAS.1.1	2
11:12	REV.5.9	2
11:12	ISA.62.10	1
11:13	JER.3.18	7
11:13	EZK.37.16-EZK.37.24	5
11:13	HOS.1.11	5
11:13	ISA.9.21	3
11:13	ISA.7.1-ISA.7.6	1
11:14	JOL.3.19	5
11:14	ISA.25.10	4
11:14	JER.49.28	4
11:14	DAN.11.41	4
11:14	AMO.9.12	3
11:14	MAT.8.11	3
11:14	NUM.24.17	2
11:14	ISA.16.14	2
11:14	ISA.33.1	2
11:14	ISA.34.5-ISA.34.6	2
11:14	ISA.59.19	2
11:14	ISA.60.14	2
11:14	ISA.66.19-ISA.66.20	2
11:14	EZK.38.1-EZK.38.23	2
11:14	OBA.1.18-OBA.1.19	2
11:14	ZEP.2.5	2
11:14	ZEC.9.5-ZEC.9.7	2
11:15	ZEC.10.11	7
11:15	REV.16.12	7
11:15	ISA.50.2	6
11:15	ISA.7.20	5
11:15	ISA.19.16	5
11:15	ISA.19.5-ISA.19.10	4
11:15	ISA.51.9-ISA.51.10	4
11:15	EZK.29.10	4
11:15	EZK.30.12	4
11:15	EXO.7.19-EXO.7.21	3
11:15	EXO.14.21	3
11:15	PSA.74.13-PSA.74.15	3
11:16	ISA.19.23	11
11:16	ISA.35.8-ISA.35.10	8
11:16	ISA.11.11	5
11:16	EXO.14.26-EXO.14.29	4
11:16	ISA.62.10	4
11:16	ISA.40.3-ISA.40.4	3
11:16	ISA.51.10	3
11:16	ISA.57.14	3
11:16	ISA.27.13	2
11:16	ISA.42.15-ISA.42.16	2
11:16	ISA.48.20-ISA.48.21	2
11:16	ISA.49.12	2
11:16	ISA.63.12-ISA.63.13	2
12:1	PSA.30.5	22
12:1	ISA.25.1	17
12:1	ISA.54.8	17
12:1	ZEC.14.9	9
12:1	ISA.40.1-ISA.40.2	8
12:1	HOS.6.1	8
12:1	ISA.14.3	6
12:1	ISA.27.1-ISA.27.3	6
12:1	ISA.35.10	6
12:1	ISA.51.3	6
12:1	ISA.49.13	5
12:1	ISA.57.15-ISA.57.18	5
12:1	ISA.60.18-ISA.60.19	5
12:1	EZK.39.24-EZK.39.29	5
12:1	DEU.30.1-DEU.30.3	4
12:1	PSA.34.1-PSA.34.22	4
12:1	PSA.67.1-PSA.67.4	4
12:1	PSA.69.34-PSA.69.36	4
12:1	PSA.72.15-PSA.72.19	4
12:1	PSA.85.1-PSA.85.3	4
12:1	ISA.10.25	4
12:1	ISA.11.10-ISA.11.11	4
12:1	ISA.11.16	4
12:1	ISA.25.9	4
12:1	ISA.26.1	4
12:1	ISA.66.13	4
12:1	JER.31.18-JER.31.20	4
12:1	HOS.11.8	4
12:1	HOS.14.4-HOS.14.9	4
12:1	ROM.11.15	4
12:1	PSA.149.6-PSA.149.9	3
12:1	ISA.27.12-ISA.27.13	3
12:1	ZEC.14.20	3
12:1	REV.19.1-REV.19.7	3
12:1	ISA.2.11	2
12:1	ISA.10.4	2
12:1	REV.15.3-REV.15.4	2
12:2	EXO.15.2	58
12:2	PSA.118.14	50
12:2	PSA.27.1	46
12:2	REV.7.10	33
12:2	ISA.26.3-ISA.26.4	30
12:2	JON.2.9	21
12:2	ISA.45.17	20
12:2	ISA.45.22-ISA.45.25	18
12:2	MAT.1.21-MAT.1.23	18
12:2	LUK.2.30-LUK.2.32	17
12:2	PSA.83.18	16
12:2	ISA.62.11	16
12:2	JER.23.6	16
12:2	HOS.1.7	16
12:2	1TI.3.16	16
12:2	ISA.7.14	15
12:2	ISA.9.6-ISA.9.7	15
12:2	ISA.32.2	15
12:2	JER.3.23	14
12:2	ROM.1.16	13
12:3	REV.22.1	17
12:3	REV.22.17	15
12:3	JER.2.13	14
12:3	JHN.4.10-JHN.4.14	13
12:3	REV.7.17	12
12:3	ISA.55.1-ISA.55.3	10
12:3	JHN.7.37-JHN.7.39	10
12:3	ISA.49.10	7
12:3	JHN.1.16	6
12:3	PSA.36.9	5
12:4	PSA.105.1	14
12:4	PSA.145.4-PSA.145.6	8
12:4	1CH.29.11	7
12:4	PSA.117.1-PSA.117.2	6
12:4	JHN.17.26	5
12:4	PHP.2.9-PHP.2.11	5
12:4	EXO.15.2	4
12:4	EXO.33.19	4
12:4	NEH.9.5	4
12:4	PSA.18.46	4
12:4	PSA.57.5	4
12:4	PSA.71.16-PSA.71.18	4
12:4	PSA.113.1-PSA.113.3	4
12:4	JER.50.2	4
12:4	JER.51.9-JER.51.10	4
12:4	EXO.34.5-EXO.34.7	3
12:4	PSA.9.11	3
12:4	PSA.21.13	3
12:4	PSA.22.31	3
12:4	PSA.40.5	3
12:4	PSA.46.10	3
12:4	PSA.73.28	3
12:4	PSA.96.3	3
12:4	PSA.97.9	3
12:4	PSA.106.47-PSA.106.48	3
12:4	PSA.107.22	3
12:4	PSA.113.5	3
12:4	ISA.2.11	3
12:4	ISA.25.1	3
12:4	ISA.33.5	3
12:4	1CH.16.8	1
12:4	PSA.34.3	1
12:4	ISA.2.17	1
12:4	ISA.12.1	1
12:4	ISA.24.15	1
12:4	ISA.66.19	1
12:5	PSA.98.1	8
12:5	EXO.15.1	7
12:5	HAB.2.14	4
12:5	EXO.15.21	3
12:5	ISA.40.9	3
12:5	REV.15.3	3
12:5	REV.19.1-REV.19.3	3
12:5	PSA.72.19	2
12:5	PSA.105.2	2
12:5	REV.11.15-REV.11.17	2
12:5	PSA.68.32-PSA.68.35	1
12:6	ZEC.2.10-ZEC.2.11	8
12:6	ZEC.2.5	7
12:6	PSA.9.11	5
12:6	ZEP.3.14-ZEP.3.17	5
12:6	ISA.41.14	4
12:6	PSA.71.22	3
12:6	ISA.40.9	3
12:6	ISA.41.16	3
12:6	ISA.54.1	3
12:6	EZK.48.35	3
12:6	LUK.19.37-LUK.19.40	3
12:6	PSA.68.16	2
12:6	PSA.89.18	2
12:6	PSA.132.14	2
12:6	ISA.8.18	2
12:6	ISA.10.24	2
12:6	ISA.24.23	2
12:6	ISA.30.19	2
12:6	ISA.33.24	2
12:6	ISA.49.26	2
12:6	ISA.52.7-ISA.52.10	2
12:6	EZK.43.7	2
12:6	ZEP.2.5	2
12:6	ZEC.8.3-ZEC.8.8	2
13:1	ISA.47.1-ISA.47.15	6
13:1	JER.50.1-JER.51.64	6
13:1	ISA.1.1	5
13:1	DAN.5.6	4
13:1	DAN.5.28	4
13:1	REV.17.1-REV.17.18	4
13:1	ISA.13.19	3
13:1	ISA.14.4-ISA.14.23	3
13:1	ISA.14.28	3
13:1	ISA.15.1	3
13:1	ISA.21.1-ISA.21.11	3
13:1	JER.25.12-JER.25.26	3
13:1	ISA.17.1	2
13:1	ISA.19.1	2
13:1	ISA.21.13	2
13:1	ISA.22.1	2
13:1	ISA.22.25-ISA.23.1	2
13:1	ISA.43.14	2
13:1	ISA.44.1-ISA.44.2	2
13:1	JER.23.33-JER.23.38	2
13:1	EZK.12.10	2
13:1	NAM.1.1	2
13:1	HAB.1.1	2
13:1	ZEC.9.1	2
13:1	MAL.1.1	2
13:1	ZEC.12.1	1
13:2	ISA.5.26	10
13:2	JER.51.58	10
13:2	JER.50.2	9
13:2	ISA.45.1-ISA.45.3	8
13:2	JER.51.25	8
13:2	ISA.10.32	7
13:2	ISA.18.3	6
13:2	ISA.11.12	5
13:2	ISA.11.15	5
13:2	JER.51.27-JER.51.28	5
13:3	JOL.3.11	4
13:3	JER.51.20-JER.51.24	3
13:3	REV.17.12-REV.17.18	3
13:3	EZR.1.1-EZR.1.11	2
13:3	EZR.6.1-EZR.6.22	2
13:3	EZR.7.12-EZR.7.26	2
13:3	PSA.149.2	2
13:3	PSA.149.5-PSA.149.9	2
13:3	ISA.23.11	2
13:3	ISA.44.27-ISA.44.28	2
13:3	ISA.45.4-ISA.45.5	2
13:3	JER.50.21-JER.50.46	2
13:3	REV.18.20-REV.19.7	2
13:3	REV.18.4-REV.18.8	1
13:4	JOL.3.14	5
13:4	EZK.38.3-EZK.38.23	3
13:4	JOL.2.1-JOL.2.11	3
13:4	JOL.2.25	3
13:4	REV.19.11-REV.19.21	3
13:4	ISA.10.5-ISA.10.6	2
13:4	ISA.22.1-ISA.22.9	2
13:4	ISA.45.1-ISA.45.2	2
13:4	JER.50.2-JER.50.3	2
13:4	JER.50.14-JER.50.15	2
13:4	JER.50.21-JER.50.46	2
13:4	JER.51.6-JER.51.25	2
13:4	JER.51.27-JER.51.28	2
13:4	ZEC.14.1-ZEC.14.3	2
13:4	ZEC.14.13-ZEC.14.14	2
13:4	REV.9.7-REV.9.19	2
13:4	REV.18.8	2
13:5	JER.50.9	3
13:5	JER.51.20-JER.51.46	3
13:5	MAT.24.31	3
13:5	ISA.5.26	2
13:5	ISA.13.17	2
13:5	ISA.24.1	2
13:5	JER.50.3	2
13:5	JER.51.11	2
13:6	JOL.1.15	9
13:6	AMO.5.18	6
13:6	ISA.13.9	5
13:6	EZK.30.2-EZK.30.3	5
13:6	ZEP.1.7	5
13:6	1TH.5.2-1TH.5.3	5
13:6	ISA.2.12	4
13:6	ISA.34.8	4
13:6	JER.51.8	4
13:6	JOL.2.11	4
13:6	ZEP.1.14	4
13:6	REV.18.10	4
13:6	JOB.31.23	3
13:6	ISA.14.31	3
13:6	JOL.1.5	3
13:6	JOL.1.13	3
13:6	JOL.2.31	3
13:6	ZEP.2.2-ZEP.2.3	3
13:6	MAL.4.5	3
13:6	JAS.5.1	3
13:6	ISA.23.1	2
13:6	ISA.52.5	2
13:6	ISA.65.14	2
13:6	JER.49.3	2
13:6	EZK.21.12	2
13:6	JOL.1.11	2
13:6	JER.25.34	1
13:7	EZK.21.7	5
13:7	ISA.19.1	3
13:7	EZK.7.17	3
13:7	NAM.1.6	3
13:7	NAM.2.10	3
13:7	EXO.15.15	2
13:7	ISA.10.3-ISA.10.4	2
13:7	ISA.37.27	2
13:7	ISA.51.20	2
13:7	JER.50.43	2
13:8	ISA.26.17	4
13:8	NAM.2.10	4
13:8	1TH.5.3	4
13:8	ISA.21.3-ISA.21.4	3
13:8	PSA.48.5-PSA.48.6	2
13:8	JER.4.31	2
13:8	JER.30.6	2
13:8	JER.50.43	2
13:8	DAN.5.5-DAN.5.6	2
13:8	JOL.2.6	2
13:8	JHN.16.21	2
13:9	NAM.1.6	8
13:9	MAL.4.1	8
13:9	ISA.13.15-ISA.13.18	6
13:9	ISA.13.6	5
13:9	PSA.104.35	4
13:9	ISA.47.10-ISA.47.15	4
13:9	JER.6.22-JER.6.23	4
13:9	JER.50.40-JER.50.42	4
13:9	JER.51.35-JER.51.58	4
13:9	NAM.1.2	4
13:9	REV.17.16-REV.17.17	4
13:9	PRO.2.22	3
13:9	REV.18.8	2
13:9	REV.19.17-REV.19.21	1
13:10	JOL.2.31	10
13:10	MAT.24.29	9
13:10	EZK.32.7-EZK.32.8	8
13:10	MRK.13.24	8
13:10	ISA.5.30	6
13:10	ISA.24.23	6
13:10	JOL.2.10	6
13:10	JOL.3.15	6
13:10	LUK.21.25	6
13:10	REV.6.12-REV.6.14	6
13:10	REV.8.12	6
13:10	ZEP.1.15-ZEP.1.16	5
13:10	ISA.24.21	3
13:10	AMO.8.9-AMO.8.10	3
13:11	ISA.2.11	8
13:11	ISA.5.15	4
13:11	JER.50.29-JER.50.32	3
13:11	DAN.5.22-DAN.5.23	3
13:11	ISA.2.17	2
13:11	ISA.3.11	2
13:11	ISA.11.4	2
13:11	ISA.14.12-ISA.14.16	2
13:11	ISA.14.21	2
13:11	ISA.24.4-ISA.24.6	2
13:11	ISA.26.21	2
13:11	JER.51.34-JER.51.38	2
13:11	REV.12.9-REV.12.10	1
13:11	REV.18.2-REV.18.3	1
13:12	ISA.4.1	6
13:12	ISA.24.6	4
13:12	JOB.28.16	3
13:12	PSA.137.9	3
13:12	ISA.13.15-ISA.13.18	2
13:13	HEB.12.26-HEB.12.27	10
13:13	JOL.3.16	8
13:13	MAT.24.29	7
13:13	NAM.1.4-NAM.1.6	5
13:13	HAG.2.6-HAG.2.7	5
13:13	ISA.34.4	4
13:13	ISA.51.6	4
13:13	JER.4.23-JER.4.24	4
13:13	LAM.1.12	4
13:13	HAG.2.21-HAG.2.22	4
13:13	MAT.24.35	4
13:13	2PE.3.10	4
13:13	REV.6.13-REV.6.14	4
13:13	REV.20.11	4
13:13	PSA.110.5-PSA.110.6	3
13:14	1KI.22.17	7
13:14	JER.50.16	7
13:14	1KI.22.36	5
13:14	JER.51.9	3
13:14	ISA.17.13	1
13:14	ISA.47.15	1
13:14	REV.18.9-REV.18.10	1
13:15	ISA.14.19-ISA.14.22	2
13:15	ISA.47.9-ISA.47.14	2
13:15	JER.50.25	2
13:15	JER.50.27	2
13:15	JER.50.35-JER.50.42	2
13:15	JER.51.3-JER.51.4	2
13:16	HOS.10.14	4
13:16	NAM.3.10	4
13:16	PSA.137.8-PSA.137.9	3
13:16	ISA.13.18	3
13:16	LAM.5.11	2
13:16	ZEC.14.2	2
13:17	JER.51.11	8
13:17	DAN.5.28-DAN.5.31	8
13:17	ISA.41.25	6
13:17	JER.50.9	6
13:17	JER.51.27-JER.51.28	6
13:17	PRO.6.34-PRO.6.35	5
13:17	ISA.13.3-ISA.13.5	5
13:17	ISA.21.2	5
13:18	2KI.8.12	5
13:18	2CH.36.17	4
13:18	ISA.13.16	3
13:18	EZK.9.5-EZK.9.6	3
13:18	EZK.9.10	3
13:18	HOS.13.16	3
13:18	NAM.2.1	2
13:18	NAM.3.10	2
13:19	DAN.4.30	6
13:19	GEN.19.24	5
13:19	DEU.29.23	5
13:19	JER.49.18	5
13:19	JER.50.40	5
13:19	JER.51.41	5
13:19	AMO.4.11	5
13:19	ZEP.2.9	5
13:19	ISA.14.4-ISA.14.6	4
13:19	ISA.14.12-ISA.14.15	4
13:19	DAN.2.37-DAN.2.38	4
13:20	ISA.14.23	5
13:20	JER.51.43	5
13:20	2CH.17.11	3
13:20	ISA.34.10-ISA.34.15	3
13:20	JER.50.3	3
13:20	JER.50.13	3
13:20	JER.50.21	3
13:20	JER.50.39	3
13:20	JER.50.45	3
13:20	JER.51.25	3
13:20	JER.51.29	3
13:20	JER.51.37	2
13:20	JER.51.62-JER.51.64	2
13:20	REV.18.21-REV.18.23	2
13:21	REV.18.2	3
13:21	ISA.34.11-ISA.34.15	2
13:22	ISA.25.2	3
13:22	ISA.35.7	3
13:22	JER.51.33	3
13:22	DEU.32.35	2
13:22	ISA.34.13	2
13:22	EZK.7.7-EZK.7.10	2
13:22	HAB.2.3	2
13:22	2PE.2.3	2
13:22	2PE.3.9-2PE.3.10	2
14:1	PSA.102.13	11
14:1	ZEC.1.17	8
14:1	ISA.54.7-ISA.54.8	6
14:1	ZEC.8.22-ZEC.8.23	6
14:1	EPH.2.12-EPH.2.19	6
14:1	MAL.1.11	5
14:1	JER.12.15-JER.12.16	4
14:1	JER.31.8-JER.31.12	4
14:1	JER.32.37-JER.32.41	4
14:1	JER.50.4-JER.50.6	4
14:1	ZEC.2.11-ZEC.2.12	4
14:1	ACT.15.14-ACT.15.17	4
14:1	LEV.26.40-LEV.26.45	3
14:1	DEU.4.29-DEU.4.31	3
14:1	DEU.30.3-DEU.30.5	3
14:1	RUT.1.14-RUT.1.18	3
14:1	ISA.49.13	3
14:1	JER.24.6-JER.24.7	3
14:1	JER.30.18-JER.30.22	3
14:1	JER.50.33	3
14:1	EZK.39.25-EZK.39.29	3
14:1	LUK.1.72-LUK.1.74	3
14:1	NEH.1.8-NEH.1.9	2
14:1	EST.8.17	2
14:1	PSA.98.3	2
14:1	PSA.136.10-PSA.136.24	2
14:1	PSA.143.12	2
14:1	ISA.19.24-ISA.19.25	2
14:1	ISA.27.6	2
14:1	ISA.40.1-ISA.40.2	2
14:1	ISA.41.8	2
14:1	ISA.44.1	2
14:1	ISA.44.21-ISA.44.22	2
14:1	ISA.49.7	2
14:1	ISA.49.16-ISA.49.23	2
14:1	ISA.56.6-ISA.56.8	2
14:1	ISA.60.3-ISA.60.5	2
14:1	ISA.66.20	2
14:1	JER.29.14	2
14:1	JER.50.17-JER.50.20	2
14:1	JER.51.4-JER.51.6	2
14:1	JER.51.34-JER.51.37	2
14:1	EZK.36.24-EZK.36.28	2
14:1	LUK.1.54	1
14:1	LUK.2.32	1
14:2	ISA.61.5	9
14:2	ISA.60.14	8
14:2	JER.30.16	5
14:2	ISA.60.9-ISA.60.12	4
14:2	DAN.7.25-DAN.7.27	4
14:2	ISA.49.23	3
14:2	DAN.7.18	3
14:2	REV.18.20-REV.18.24	3
14:2	PSA.68.18	2
14:2	ISA.18.7	2
14:2	ZEC.14.2-ZEC.14.3	2
14:2	ROM.15.27	2
14:2	REV.3.9	2
14:2	REV.11.11-REV.11.18	2
14:2	EZR.2.65	1
14:2	2CO.8.4-2CO.8.5	1
14:2	2CO.10.5	1
14:2	GAL.5.13	1
14:2	EPH.4.8	1
14:3	JER.30.10	7
14:3	EZR.9.8-EZR.9.9	5
14:3	ISA.32.18	4
14:3	JER.46.27-JER.46.28	3
14:3	ZEC.8.8	3
14:3	DEU.28.48	2
14:3	DEU.28.65-DEU.28.68	2
14:3	ISA.11.10	2
14:3	ISA.12.1	2
14:3	JER.50.34	2
14:3	EZK.28.24	2
14:3	REV.18.20	2
14:3	REV.19.1-REV.19.3	2
14:3	ZEC.8.2	1
14:4	ISA.49.26	3
14:4	2CH.36.18	2
14:4	ISA.13.19	2
14:4	ISA.14.6	2
14:4	ISA.14.17	2
14:4	ISA.45.2-ISA.45.3	2
14:4	ISA.47.5	2
14:4	ISA.51.23	2
14:4	JER.24.9	2
14:4	JER.25.9-JER.25.14	2
14:4	JER.27.6-JER.27.7	2
14:4	JER.50.22-JER.50.23	2
14:4	JER.51.20-JER.51.24	2
14:4	JER.51.34-JER.51.35	2
14:4	LAM.4.1	2
14:4	EZK.5.15	2
14:4	DAN.2.38	2
14:4	DAN.7.19-DAN.7.25	2
14:4	HAB.1.2-HAB.1.10	2
14:4	HAB.2.6-HAB.2.12	2
14:4	HAB.2.17	2
14:4	REV.13.15-REV.13.17	2
14:4	REV.16.5-REV.16.6	2
14:4	REV.17.6	2
14:4	REV.18.5-REV.18.8	2
14:4	REV.18.16	2
14:4	REV.18.20	2
14:4	ISA.9.4	1
14:5	PSA.125.3	4
14:5	ISA.9.4	3
14:5	ISA.14.29	2
14:5	JER.48.15-JER.48.17	2
14:5	ISA.10.5	1
14:6	DAN.7.19-DAN.7.21	5
14:6	JER.50.31	3
14:6	JAS.2.13	3
14:6	REV.17.16-REV.17.17	3
14:6	REV.18.8-REV.18.10	3
14:6	2CH.36.17	2
14:6	JOB.9.13	2
14:6	PRO.21.30	2
14:6	ISA.10.14	2
14:6	ISA.13.14-ISA.13.18	2
14:6	ISA.21.1-ISA.21.10	2
14:6	ISA.33.1	2
14:6	ISA.46.10-ISA.46.11	2
14:6	ISA.47.1-ISA.47.15	2
14:6	JER.25.9	2
14:6	JER.25.26	2
14:6	DAN.4.35	2
14:7	PSA.126.1-PSA.126.3	5
14:7	PSA.96.11-PSA.96.13	4
14:7	PSA.98.7-PSA.98.9	4
14:7	ISA.49.13	4
14:7	PRO.11.10	3
14:7	REV.18.20	3
14:7	REV.19.1-REV.19.6	3
14:7	PSA.98.1	2
14:7	JER.51.48	2
14:8	EZK.31.16	5
14:8	ISA.55.12-ISA.55.13	2
14:8	ZEC.11.2	2
14:9	EZK.32.21-EZK.32.32	5
14:9	JER.50.8	2
14:9	PRO.15.24	1
14:10	PSA.49.6-PSA.49.14	2
14:10	PSA.49.20	2
14:10	PSA.82.6-PSA.82.7	2
14:10	ECC.2.16	2
14:10	EZK.32.21	2
14:10	LUK.16.20-LUK.16.23	1
14:11	DAN.5.25-DAN.5.30	3
14:11	JOB.17.13-JOB.17.14	2
14:11	JOB.21.11-JOB.21.15	2
14:11	JOB.24.19-JOB.24.20	2
14:11	ISA.21.4-ISA.21.5	2
14:11	ISA.22.2	2
14:11	ISA.66.24	2
14:11	EZK.26.13	2
14:11	EZK.32.19-EZK.32.20	2
14:11	DAN.5.1-DAN.5.4	2
14:11	AMO.6.3-AMO.6.7	2
14:11	MRK.9.43-MRK.9.48	2
14:11	REV.18.11-REV.18.19	2
14:12	EZK.28.13-EZK.28.17	36
14:12	LUK.10.18	23
14:12	REV.12.7-REV.12.10	22
14:12	REV.8.10	13
14:12	ISA.34.4	12
14:12	2PE.1.19	12
14:12	REV.22.16	12
14:12	2PE.2.4	9
14:12	REV.2.28	9
14:12	ISA.14.4-ISA.14.6	8
14:12	JER.50.23	8
14:12	JER.51.20-JER.51.24	8
14:12	ISA.13.10	7
14:12	REV.9.1	7
14:13	DAN.8.10-DAN.8.12	9
14:13	EZK.28.2	8
14:13	EZK.28.12-EZK.28.16	5
14:13	EZK.29.3	3
14:13	DAN.5.22-DAN.5.23	3
14:13	2TH.2.4	3
14:13	PSA.48.2	2
14:13	ISA.2.2	2
14:13	ISA.47.7-ISA.47.10	2
14:13	EZK.27.3	2
14:13	ZEP.2.15	2
14:13	MAT.11.23	2
14:13	EZK.28.9	1
14:13	DAN.4.30-DAN.4.31	1
14:13	REV.18.7-REV.18.8	1
14:14	ISA.47.8	9
14:14	GEN.3.5	6
14:14	2TH.2.4	5
14:14	ISA.37.23-ISA.37.24	3
14:15	MAT.11.23	8
14:15	EZK.32.23	4
14:15	ACT.12.22-ACT.12.23	4
14:15	LUK.10.15	3
14:15	REV.19.20	3
14:15	ISA.14.3-ISA.14.11	2
14:15	EZK.28.8-EZK.28.9	2
14:16	JER.50.23	7
14:16	PSA.58.10-PSA.58.11	6
14:16	JER.51.20-JER.51.23	5
14:16	PSA.52.7	3
14:16	PSA.64.9	3
14:16	ISA.14.4-ISA.14.5	3
14:17	JOL.2.3	3
14:17	2CH.28.8-2CH.28.15	2
14:17	EZR.1.2-EZR.1.4	2
14:17	ISA.13.19-ISA.13.22	2
14:17	ISA.45.13	2
14:17	ISA.58.6	2
14:17	ISA.64.10	2
14:17	EZK.6.14	2
14:17	ZEP.2.13-ZEP.2.14	2
14:18	2CH.24.16	2
14:18	2CH.24.25	2
14:18	JOB.30.23	2
14:18	ISA.22.16	2
14:18	EZK.32.18-EZK.32.32	2
14:18	ECC.6.3	1
14:18	ECC.12.5	1
14:19	JER.41.7	4
14:19	JER.41.9	4
14:19	1KI.21.19	2
14:19	1KI.21.24	2
14:19	2KI.9.25	2
14:19	2KI.9.34-2KI.9.36	2
14:19	ISA.22.16-ISA.22.18	2
14:19	JER.8.1-JER.8.2	2
14:19	JER.16.6	2
14:19	JER.22.19	2
14:19	EZK.32.23	2
14:20	JOB.18.19	6
14:20	PSA.21.10	6
14:20	PSA.37.28	4
14:20	PSA.109.13	4
14:20	JOB.18.16	3
14:20	PSA.137.8-PSA.137.9	3
14:20	ISA.1.4	3
14:20	ISA.13.15-ISA.13.19	3
14:21	EXO.20.5	3
14:21	LEV.26.39	3
14:21	HAB.2.8-HAB.2.12	3
14:21	MAT.23.35	3
14:21	ISA.27.6	2
14:22	1KI.14.10	4
14:22	PRO.10.7	4
14:22	JER.50.29-JER.50.35	4
14:22	JOB.18.16-JOB.18.19	3
14:22	ISA.13.5	3
14:22	ISA.21.9	3
14:22	ISA.43.14	3
14:22	ISA.47.9-ISA.47.14	3
14:22	JER.50.26-JER.50.27	3
14:22	JER.51.3-JER.51.4	3
14:22	JER.51.56-JER.51.57	3
14:22	JER.51.62-JER.51.64	3
14:23	ZEP.2.14	7
14:23	1KI.14.10	5
14:23	ISA.13.21-ISA.13.22	5
14:23	ISA.34.11-ISA.34.15	5
14:23	REV.14.8	5
14:23	2KI.21.13	4
14:23	JER.51.25-JER.51.26	4
14:23	JER.51.42-JER.51.43	4
14:23	REV.18.2	4
14:23	REV.18.21-REV.18.23	4
14:23	JER.50.39-JER.50.40	3
14:24	PRO.19.21	28
14:24	JOB.23.13	24
14:24	ISA.46.10-ISA.46.11	24
14:24	JER.29.11	20
14:24	ACT.4.28	17
14:24	EPH.1.9	16
14:24	MAT.11.25	15
14:24	AMO.8.7	13
14:24	EXO.17.16	12
14:24	PSA.92.5	12
14:24	PSA.110.4	12
14:24	JER.23.20	12
14:24	PRO.21.30	11
14:24	LAM.3.37	11
14:24	HEB.4.3	11
14:24	PSA.33.10	10
14:24	HEB.6.16-HEB.6.18	10
14:24	JER.44.26	9
14:25	ISA.9.4	6
14:25	ISA.37.36-ISA.37.38	4
14:25	NAM.1.13	4
14:25	ISA.10.12	3
14:25	ISA.10.16-ISA.10.19	3
14:25	ISA.10.32-ISA.10.34	3
14:25	ISA.14.5	3
14:25	ISA.30.30-ISA.30.33	3
14:25	ISA.10.24-ISA.10.27	2
14:25	ISA.17.12-ISA.17.14	2
14:25	ISA.31.8-ISA.31.9	2
14:25	EZK.39.4	2
14:26	ISA.23.9	4
14:26	EXO.15.12	3
14:26	ISA.5.25	3
14:26	ZEP.3.6-ZEP.3.8	3
14:27	ISA.43.13	32
14:27	JOB.23.13	28
14:27	2CH.20.6	23
14:27	PRO.21.30	22
14:27	JOB.9.12	20
14:27	PRO.19.21	18
14:27	ROM.8.28	17
14:27	PSA.33.11	16
14:27	ROM.8.31	14
14:27	ISA.46.11	12
14:27	JER.4.28	12
14:27	ISA.23.9	11
14:27	JOB.40.8	9
14:27	DAN.4.31-DAN.4.35	9
14:27	ISA.9.12	5
14:28	2KI.16.20	5
14:28	2CH.28.27	3
14:28	ISA.13.1	3
14:28	ISA.6.1	2
14:29	2CH.26.6	5
14:29	ISA.11.8	5
14:29	ISA.30.6	5
14:29	2CH.28.18	4
14:29	JOS.13.3	3
14:29	2KI.18.8	3
14:29	PRO.24.17	3
14:29	EZK.26.2	3
14:29	EZK.35.15	3
14:29	HOS.9.1	3
14:29	OBA.1.12	3
14:29	MIC.7.8	3
14:29	ZEP.3.11	3
14:29	1SA.6.17-1SA.6.18	2
14:30	ISA.7.21-ISA.7.22	4
14:30	ZEP.2.4-ZEP.2.7	3
14:30	JOB.18.13	2
14:30	ISA.3.15	2
14:30	ISA.5.17	2
14:30	ISA.8.21	2
14:30	ISA.9.20	2
14:30	ISA.30.23-ISA.30.24	2
14:30	ISA.33.16	2
14:30	ISA.37.30	2
14:30	ISA.51.19	2
14:30	ISA.65.13-ISA.65.14	2
14:30	JER.47.1-JER.47.7	2
14:30	EZK.25.15-EZK.25.17	2
14:30	JOL.3.4-JOL.3.8	2
14:30	AMO.1.6-AMO.1.8	2
14:30	ZEC.9.5-ZEC.9.7	2
14:31	ISA.20.1	4
14:31	JER.1.14	4
14:31	ISA.13.6	3
14:31	ISA.14.29	3
14:31	JER.25.16-JER.25.20	3
14:31	ISA.3.26	2
14:31	ISA.16.7	2
14:31	ISA.24.12	2
14:32	PSA.87.5	6
14:32	PSA.102.16	6
14:32	PSA.87.1	5
14:32	ZEP.3.12	5
14:32	JAS.2.5	5
14:32	ISA.25.4	4
14:32	PSA.102.28	3
14:32	ISA.4.6	3
14:32	ISA.28.16	3
14:32	ISA.39.1	3
14:32	ISA.44.28	3
14:32	ZEC.11.11	3
14:32	2SA.8.10	2
14:32	2KI.20.12-2KI.20.19	2
14:32	PSA.132.13-PSA.132.14	2
14:32	PRO.18.10	2
14:32	ISA.11.4	2
14:32	ISA.12.6	2
14:32	ISA.37.9	2
14:32	ISA.37.32	2
14:32	ISA.54.11	2
14:32	ZEC.11.7	2
14:32	MAT.16.18	2
14:32	MAT.24.15-MAT.24.16	2
14:32	HEB.12.22	2
15:1	AMO.2.1-AMO.2.3	6
15:1	JER.48.1-JER.48.47	5
15:1	NUM.21.28	4
15:1	ISA.11.14	4
15:1	EZK.25.8-EZK.25.11	4
15:1	ISA.14.28	3
15:1	ISA.16.7	3
15:1	ISA.16.11	3
15:1	ISA.25.10	3
15:1	ZEP.2.8-ZEP.2.11	3
15:1	1TH.5.1-1TH.5.3	3
15:1	EXO.12.29-EXO.12.30	2
15:1	DEU.2.9	2
15:1	DEU.2.18	2
15:1	2KI.3.25	2
15:1	ISA.13.1	2
15:1	JER.9.26	2
15:2	LEV.21.5	4
15:2	JER.48.1	4
15:2	NUM.21.30	3
15:2	DEU.34.1	3
15:2	ISA.3.24	3
15:2	JER.47.5	3
15:2	JER.48.18	3
15:2	LEV.19.27-LEV.19.28	2
15:2	NUM.32.3	2
15:2	NUM.32.38	2
15:2	DEU.14.1	2
15:2	JOS.13.16-JOS.13.17	2
15:2	JOB.1.20	2
15:2	ISA.14.31	2
15:2	ISA.15.3	2
15:2	ISA.16.7	2
15:2	ISA.16.12	2
15:2	ISA.22.12	2
15:2	JER.7.29	2
15:2	JER.48.22-JER.48.23	2
15:2	JER.48.31	2
15:2	EZK.7.18	2
15:2	JER.48.37-JER.48.39	1
15:3	JON.3.6-JON.3.8	4
15:3	DEU.22.8	2
15:3	2SA.3.31	2
15:3	2KI.6.30	2
15:3	ISA.15.2	2
15:3	ISA.22.1	2
15:3	ISA.22.4	2
15:3	JER.19.13	2
15:3	JER.48.38-JER.48.39	2
15:3	MAT.11.21	2
15:4	JER.48.34	4
15:4	GEN.27.46	2
15:4	NUM.11.15	2
15:4	NUM.21.23	2
15:4	NUM.32.3-NUM.32.4	2
15:4	DEU.2.32	2
15:4	JOS.13.18	2
15:4	JDG.11.20	2
15:4	1KI.19.4	2
15:4	JOB.3.20-JOB.3.22	2
15:4	JOB.7.15-JOB.7.16	2
15:4	ISA.16.8-ISA.16.9	2
15:4	JER.8.3	2
15:4	JER.20.18	2
15:4	JON.4.3	2
15:4	JON.4.8	2
15:4	REV.9.6	2
15:5	JER.48.5	5
15:5	JER.4.20	4
15:5	JER.48.31-JER.48.36	3
15:5	LUK.19.41-LUK.19.44	3
15:5	GEN.13.10	2
15:5	GEN.14.2	2
15:5	GEN.19.22	2
15:5	2SA.15.23	2
15:5	2SA.15.30	2
15:5	ISA.16.9-ISA.16.11	2
15:5	ISA.16.14	2
15:5	ISA.22.5	2
15:5	JER.8.18-JER.8.19	2
15:5	JER.9.10	2
15:5	JER.9.18-JER.9.19	2
15:5	JER.13.17	2
15:5	JER.17.16	2
15:5	ROM.9.1-ROM.9.3	1
15:6	NUM.32.36	3
15:6	ISA.19.5-ISA.19.7	3
15:6	JOL.1.10-JOL.1.12	3
15:6	NUM.32.3	2
15:6	JOS.13.27	2
15:6	ISA.16.9-ISA.16.10	2
15:6	HAB.3.17-HAB.3.18	2
15:6	REV.8.7	2
15:6	JER.48.34	1
15:7	JER.48.36	4
15:7	PSA.137.1-PSA.137.2	2
15:7	ISA.5.29	2
15:7	ISA.10.6	2
15:7	ISA.10.14	2
15:7	ISA.30.6	2
15:7	NAM.2.12-NAM.2.13	2
15:8	ISA.15.2-ISA.15.5	2
15:8	JER.48.20-JER.48.24	2
15:8	JER.48.31-JER.48.34	2
15:8	EZK.47.10	2
15:9	2KI.17.25	5
15:9	LEV.26.18	2
15:9	LEV.26.21-LEV.26.22	2
15:9	LEV.26.24	2
15:9	LEV.26.28	2
15:9	JER.15.3	2
15:9	JER.48.43-JER.48.45	2
15:9	JER.50.17	2
15:9	AMO.5.19	2
16:1	2KI.3.4	6
16:1	ISA.10.32	6
16:1	2KI.14.7	5
16:1	2SA.8.2	3
16:1	EZR.7.17	2
16:1	ISA.42.11	2
16:1	MIC.4.8	1
16:2	PRO.27.8	4
16:2	JDG.11.18	3
16:2	NUM.21.13-NUM.21.15	2
16:2	DEU.2.36	2
16:2	DEU.3.8	2
16:2	DEU.3.12	2
16:2	JOS.13.16	2
16:2	ISA.13.14	2
16:2	JER.48.20	2
16:3	1KI.18.4	3
16:3	ISA.32.2	3
16:3	JDG.9.15	2
16:3	PSA.82.3-PSA.82.4	2
16:3	ISA.1.17	2
16:3	ISA.9.6	2
16:3	ISA.25.4	2
16:3	ISA.56.8	2
16:3	JER.21.12	2
16:3	JER.22.3	2
16:3	EZK.45.9-EZK.45.12	2
16:3	DAN.4.27	2
16:3	OBA.1.12-OBA.1.14	2
16:3	JON.4.5-JON.4.8	2
16:3	ZEC.7.9	2
16:3	MAT.25.35	2
16:3	HEB.13.2	2
16:4	ISA.14.4	4
16:4	ISA.9.4	3
16:4	ISA.51.13	3
16:4	MAL.4.3	3
16:4	DEU.23.15-DEU.23.16	2
16:4	DEU.24.14	2
16:4	ISA.15.6	2
16:4	ISA.25.10	2
16:4	ISA.33.1	2
16:4	JER.21.12	2
16:4	JER.48.8	2
16:4	JER.48.18	2
16:4	ZEC.10.5	2
16:4	LUK.21.24	2
16:4	REV.11.2	2
16:4	ZEC.9.8	1
16:4	ROM.16.20	1
16:5	DAN.7.14	11
16:5	MIC.4.7	7
16:5	ISA.9.6-ISA.9.7	6
16:5	DAN.7.27	5
16:5	ISA.32.1-ISA.32.2	4
16:5	ZEC.9.9	4
16:5	LUK.1.31-LUK.1.33	4
16:5	2SA.7.16	3
16:5	PRO.20.28	3
16:5	ACT.15.16-ACT.15.17	3
16:5	2PE.3.11-2PE.3.12	3
16:5	2SA.5.9	2
16:5	2SA.23.3	2
16:5	1KI.10.9	2
16:5	2CH.31.20	2
16:5	PSA.61.6-PSA.61.7	2
16:5	PSA.72.2-PSA.72.4	2
16:5	PSA.85.10	2
16:5	PSA.89.1-PSA.89.2	2
16:5	PSA.89.14	2
16:5	PSA.96.13	2
16:5	PSA.98.9	2
16:5	PSA.99.4	2
16:5	PRO.29.14	2
16:5	ISA.11.1-ISA.11.5	2
16:5	ISA.55.4	2
16:5	JER.23.5-JER.23.6	2
16:5	AMO.9.11	2
16:5	LUK.1.69-LUK.1.75	2
16:5	HEB.1.8-HEB.1.9	2
16:6	AMO.2.1	5
16:6	JER.48.29-JER.48.30	4
16:6	OBA.1.3-OBA.1.4	4
16:6	JER.48.26	3
16:6	JER.48.42	3
16:6	ZEP.2.8-ZEP.2.10	3
16:6	ISA.2.11	2
16:6	ISA.28.15	2
16:6	ISA.28.18	2
16:6	ISA.44.25	2
16:6	JER.50.36	2
16:6	1PE.5.5	1
16:7	2KI.3.25	4
16:7	1CH.16.3	3
16:7	JER.48.20	3
16:7	ISA.8.19	2
16:7	ISA.15.1-ISA.15.5	2
16:7	ISA.16.11	2
16:8	NUM.32.38	3
16:8	ISA.15.4	3
16:8	NUM.32.3	2
16:8	JOS.13.19	2
16:8	JOS.13.25	2
16:8	2SA.1.21	2
16:8	ISA.10.7	2
16:8	ISA.16.9	2
16:8	ISA.24.7	2
16:8	JER.27.6-JER.27.7	2
16:8	JER.48.32	2
16:9	JER.40.12	3
16:9	ISA.15.4-ISA.15.5	2
16:9	JER.40.10	2
16:9	JDG.9.27	1
16:9	ISA.9.3	1
16:9	JER.48.32-JER.48.34	1
16:10	JER.48.33	4
16:10	JDG.9.27	3
16:10	AMO.5.11	3
16:10	AMO.5.17	3
16:10	JOB.24.11	2
16:10	ISA.24.7-ISA.24.9	2
16:10	ISA.32.10	2
16:10	HAB.3.17-HAB.3.18	2
16:10	ZEP.1.13	2
16:11	ISA.15.5	5
16:11	ISA.63.15	4
16:11	JER.48.36	4
16:11	HOS.11.8	4
16:11	PHP.2.1	4
16:11	JER.31.20	3
16:11	JER.4.19	2
16:12	ISA.15.2	5
16:12	1KI.18.29	4
16:12	JER.48.35	4
16:12	NUM.22.39	3
16:12	NUM.23.14	3
16:12	NUM.23.28	3
16:12	JER.48.7	3
16:12	JER.48.46	3
16:12	NUM.22.41-NUM.23.3	2
16:12	NUM.24.17	2
16:12	1KI.11.7	2
16:12	2KI.3.27	2
16:12	2KI.19.12	2
16:12	2KI.19.16-2KI.19.19	2
16:12	PSA.115.3-PSA.115.7	2
16:12	PRO.1.28	2
16:12	ISA.26.16	2
16:12	ISA.37.38	2
16:12	ISA.47.13	2
16:12	JER.10.5	2
16:12	JER.48.13	2
16:13	ISA.44.8	2
16:14	ISA.21.16	3
16:14	ISA.23.9	3
16:14	JER.48.42	3
16:14	JER.48.46-JER.48.47	3
16:14	GEN.31.1	2
16:14	DEU.15.8	2
16:14	EST.5.11	2
16:14	ISA.7.16	2
16:14	ISA.15.5	2
16:14	ISA.17.4	2
16:14	ISA.25.10	2
16:14	JER.9.23	2
16:14	NAM.2.9-NAM.2.10	1
17:1	AMO.1.3-AMO.1.5	6
17:1	ISA.25.2	5
17:1	ZEC.9.1	5
17:1	GEN.14.15	3
17:1	ISA.7.8	3
17:1	JER.49.2	3
17:1	JER.49.23-JER.49.27	3
17:1	MIC.1.6	3
17:1	ACT.9.2	3
17:1	GEN.15.2	2
17:1	2KI.16.9	2
17:1	2CH.28.5	2
17:1	2CH.28.23	2
17:1	ISA.8.4	2
17:1	ISA.10.9	2
17:1	ISA.13.1	2
17:1	ISA.15.1	2
17:1	ISA.19.1	2
17:1	ISA.37.26	2
17:1	MIC.3.12	2
17:1	1KI.11.24	1
17:1	1CH.18.5	1
17:2	EZK.25.5	6
17:2	DEU.2.36	5
17:2	JER.7.33	5
17:2	ZEP.2.6	5
17:2	NUM.32.34	4
17:2	MIC.4.4	4
17:2	DEU.3.12	3
17:2	JER.48.19	3
17:2	JOS.13.16	2
17:2	ISA.5.17	2
17:2	ISA.7.21	2
17:2	ISA.7.23-ISA.7.25	2
17:3	ISA.7.16	5
17:3	ISA.8.4	5
17:3	HOS.9.11	5
17:3	ISA.7.8	4
17:3	MIC.1.4-MIC.1.9	3
17:3	2KI.16.9	2
17:3	2KI.17.6	2
17:3	ISA.10.9	2
17:3	ISA.16.14	2
17:3	ISA.17.4	2
17:3	ISA.28.1-ISA.28.4	2
17:3	HOS.1.4	2
17:3	HOS.1.6	2
17:3	HOS.3.4	2
17:3	HOS.5.13-HOS.5.14	2
17:3	HOS.8.8	2
17:3	HOS.9.16-HOS.9.17	2
17:3	HOS.10.14	2
17:3	HOS.13.7-HOS.13.8	2
17:3	AMO.2.6-AMO.2.9	2
17:3	AMO.3.9-AMO.3.15	2
17:3	AMO.5.25-AMO.5.27	2
17:3	AMO.6.7-AMO.6.11	2
17:3	AMO.8.14-AMO.9.10	2
17:3	HOS.13.15-HOS.13.16	1
17:4	ISA.10.16	5
17:4	DEU.32.15-DEU.32.27	3
17:4	ISA.9.8	2
17:4	ISA.9.21	2
17:4	ISA.10.4	2
17:4	ISA.24.13	2
17:4	ISA.24.16	2
17:4	EZK.34.20	2
17:4	ZEP.2.11	2
17:5	MAT.13.30	6
17:5	JER.51.33	5
17:5	JOL.3.13	5
17:5	2SA.5.18	4
17:5	REV.14.15-REV.14.20	4
17:5	2SA.5.22	3
17:5	MAT.13.39-MAT.13.42	3
17:5	JOS.15.8	2
17:5	ISA.17.11	2
17:5	JER.9.22	2
17:5	HOS.6.11	2
17:5	JOS.18.16	1
17:6	ISA.24.13	5
17:6	DEU.4.27	4
17:6	JDG.8.2	3
17:6	OBA.1.5	3
17:6	ROM.9.27	3
17:6	ROM.11.4-ROM.11.6	3
17:6	1KI.19.18	2
17:6	ISA.1.9	2
17:6	ISA.10.22	2
17:6	ISA.27.12	2
17:6	EZK.36.8-EZK.36.15	2
17:6	EZK.37.19-EZK.37.25	2
17:6	EZK.39.29	2
17:6	MIC.7.1	2
17:6	ROM.11.26	2
17:7	MIC.7.7	8
17:7	HOS.6.1	5
17:7	HOS.3.5	3
17:7	JDG.10.15-JDG.10.16	2
17:7	2CH.30.10-2CH.30.11	2
17:7	2CH.30.18-2CH.30.20	2
17:7	2CH.31.1	2
17:7	2CH.35.17-2CH.35.18	2
17:7	ISA.10.20-ISA.10.21	2
17:7	ISA.19.22	2
17:7	ISA.22.11	2
17:7	ISA.24.14-ISA.24.15	2
17:7	ISA.29.18-ISA.29.19	2
17:7	ISA.29.24	2
17:7	JER.3.12-JER.3.14	2
17:7	JER.3.18-JER.3.23	2
17:7	JER.31.4-JER.31.10	2
17:7	HOS.14.1-HOS.14.3	2
17:8	ISA.30.22	5
17:8	ISA.27.9	4
17:8	ISA.2.8	3
17:8	MIC.5.13-MIC.5.14	3
17:8	EXO.34.13	2
17:8	2CH.14.5	2
17:8	2CH.34.4	2
17:8	2CH.34.6-2CH.34.7	2
17:8	ISA.1.29	2
17:8	ISA.2.18-ISA.2.21	2
17:8	ISA.31.6-ISA.31.7	2
17:8	ISA.44.15	2
17:8	ISA.44.19-ISA.44.20	2
17:8	EZK.36.25	2
17:8	HOS.8.4-HOS.8.6	2
17:8	HOS.10.1-HOS.10.2	2
17:8	HOS.13.1-HOS.13.2	2
17:8	HOS.14.8	2
17:8	ZEP.1.3	2
17:8	ZEC.13.2	2
17:9	ISA.27.10	3
17:9	AMO.3.11-AMO.3.15	3
17:9	ISA.6.11-ISA.6.13	2
17:9	ISA.7.16-ISA.7.20	2
17:9	ISA.9.9-ISA.9.12	2
17:9	ISA.17.4-ISA.17.5	2
17:9	ISA.24.1-ISA.24.12	2
17:9	ISA.28.1-ISA.28.4	2
17:9	HOS.10.14	2
17:9	HOS.13.15-HOS.13.16	2
17:9	AMO.7.9	2
17:9	MIC.5.11	2
17:9	MIC.6.16	2
17:9	MIC.7.13	2
17:10	DEU.32.18	6
17:10	PSA.106.21	6
17:10	ISA.26.4	6
17:10	JER.2.32	6
17:10	DEU.32.4	5
17:10	HOS.13.6-HOS.13.7	5
17:10	DEU.32.31	4
17:10	PSA.85.4	4
17:10	PSA.106.13	4
17:10	ISA.12.2	4
17:10	ISA.51.13	4
17:10	JER.12.13	4
17:10	JER.17.13	4
17:10	HOS.8.14	4
17:10	LEV.26.16	3
17:10	LEV.26.20	3
17:10	DEU.6.12	3
17:10	DEU.8.11	3
17:10	DEU.8.14	3
17:10	DEU.8.19	3
17:10	DEU.28.30	3
17:10	DEU.28.38-DEU.28.42	3
17:10	DEU.32.15	3
17:10	1CH.16.35	3
17:10	PSA.68.19-PSA.68.20	3
17:10	PSA.79.9	3
17:10	ISA.65.21-ISA.65.22	3
17:10	PSA.9.17	2
17:10	PSA.18.2	2
17:10	PSA.31.2	2
17:10	PSA.65.5	2
17:10	HOS.2.13-HOS.2.14	2
17:10	HOS.4.6	2
17:10	AMO.5.11	2
17:10	HAB.3.18	2
17:10	ZEP.1.13	2
17:11	JOB.4.8	5
17:11	HOS.8.7	5
17:11	PSA.90.6	3
17:11	ISA.18.5-ISA.18.6	3
17:11	ISA.65.13-ISA.65.14	3
17:11	JER.5.31	3
17:11	HOS.9.1-HOS.9.4	3
17:11	HOS.9.16	3
17:11	HOS.10.12-HOS.10.15	3
17:11	JOL.1.5-JOL.1.12	3
17:11	MAT.8.11-MAT.8.12	3
17:11	ROM.2.5	3
17:11	ROM.2.8-ROM.2.9	3
17:11	GAL.6.7-GAL.6.8	3
17:12	PSA.18.4	5
17:12	JER.6.23	5
17:12	LUK.21.25	5
17:12	EZK.43.2	3
17:12	REV.17.1	3
17:12	REV.17.15	3
17:12	PSA.29.3	2
17:12	PSA.46.1-PSA.46.3	2
17:12	PSA.65.6-PSA.65.7	2
17:12	ISA.5.26-ISA.5.30	2
17:12	ISA.8.7-ISA.8.8	2
17:12	ISA.28.17	2
17:12	PSA.93.3-PSA.93.4	1
17:12	ISA.9.5	1
17:13	PSA.9.5	5
17:13	JOB.21.18	4
17:13	PSA.1.4	4
17:13	ISA.41.15-ISA.41.16	4
17:13	ISA.29.5	3
17:13	JOB.38.11	2
17:13	PSA.35.5	2
17:13	PSA.46.5-PSA.46.11	2
17:13	PSA.83.13-PSA.83.15	2
17:13	ISA.10.15-ISA.10.16	2
17:13	ISA.10.33-ISA.10.34	2
17:13	ISA.14.25	2
17:13	ISA.25.4-ISA.25.5	2
17:13	ISA.27.1	2
17:13	ISA.30.30-ISA.30.33	2
17:13	ISA.31.8-ISA.31.9	2
17:13	ISA.33.1-ISA.33.3	2
17:13	ISA.33.9-ISA.33.12	2
17:13	ISA.37.29-ISA.37.38	2
17:13	DAN.2.35	2
17:13	HOS.13.3	2
17:13	MRK.4.39-MRK.4.41	2
17:14	2KI.19.35	4
17:14	PRO.22.23	3
17:14	JDG.5.31	2
17:14	2KI.19.3	2
17:14	JOB.20.29	2
17:14	PSA.37.36	2
17:14	ISA.10.28-ISA.10.32	2
17:14	ISA.33.1	2
17:14	JER.2.3	2
17:14	JER.13.25	2
17:14	EZK.39.10	2
17:14	HAB.2.16-HAB.2.17	2
17:14	ZEP.2.9-ZEP.2.10	2
18:1	ZEP.3.10	8
18:1	2KI.19.9	6
18:1	EZK.30.4-EZK.30.5	5
18:1	ZEP.2.12	5
18:1	PSA.63.7	4
18:1	RUT.2.12	3
18:1	PSA.17.8	3
18:1	PSA.36.7	3
18:1	PSA.57.1	3
18:1	PSA.61.4	3
18:1	PSA.91.4	3
18:1	ISA.20.3-ISA.20.6	3
18:1	ISA.30.2-ISA.30.3	3
18:1	ISA.31.1	3
18:1	EZK.30.9	3
18:1	MAT.23.37	3
18:2	GEN.10.8-GEN.10.9	4
18:2	ISA.18.7	4
18:2	2CH.12.2-2CH.12.4	3
18:2	2CH.14.9	3
18:2	2CH.16.8	3
18:2	EXO.2.3	2
18:2	ISA.19.5-ISA.19.7	2
18:2	ISA.30.2-ISA.30.4	2
18:2	EZK.30.9	2
18:3	ISA.5.26	5
18:3	ISA.26.11	3
18:3	MAT.13.16	3
18:3	PSA.49.1-PSA.49.2	2
18:3	PSA.50.1	2
18:3	ISA.1.2	2
18:3	ISA.7.18	2
18:3	ISA.13.2	2
18:3	ISA.13.4	2
18:3	JER.22.29	2
18:3	AMO.3.6-AMO.3.8	2
18:3	MIC.6.2	2
18:3	MIC.6.9	2
18:3	ZEC.9.14	2
18:3	MAT.13.9	2
18:4	HOS.5.15	8
18:4	ISA.26.21	6
18:4	ISA.18.7	4
18:4	2SA.23.4	3
18:4	PSA.132.13-PSA.132.14	3
18:4	ISA.12.6	3
18:4	ISA.14.32	3
18:4	PSA.72.6	2
18:4	ISA.26.19	2
18:4	ISA.31.9	2
18:4	ISA.46.13	2
18:4	HOS.14.5	2
18:4	JOL.3.17	1
18:5	ISA.17.10-ISA.17.11	4
18:5	SNG.2.13	3
18:5	SNG.2.15	2
18:5	EZK.17.6-EZK.17.10	2
18:6	JER.7.33	4
18:6	EZK.32.4-EZK.32.6	3
18:6	EZK.39.17-EZK.39.20	3
18:6	ISA.14.19	2
18:6	ISA.34.1-ISA.34.7	2
18:6	ISA.56.9	2
18:6	JER.15.3	2
18:6	REV.19.17-REV.19.18	2
18:7	ZEP.3.10	7
18:7	ACT.8.27-ACT.8.28	6
18:7	ZEC.14.16-ZEC.14.17	5
18:7	2CH.32.23	4
18:7	ISA.18.4	4
18:7	ISA.45.14	4
18:7	MIC.4.13	4
18:7	MAL.1.11	4
18:7	PSA.68.29-PSA.68.31	3
18:7	PSA.72.9-PSA.72.15	3
18:7	ISA.16.1	3
18:7	ISA.23.17-ISA.23.18	3
18:7	ISA.60.6-ISA.60.9	3
18:7	MAT.2.11	3
19:1	EXO.12.12	6
19:1	REV.1.7	5
19:1	JOS.2.11	4
19:1	EZK.30.13	4
19:1	JOL.3.19	4
19:1	DEU.33.26	3
19:1	PSA.104.3	3
19:1	ISA.13.1	3
19:1	JER.50.2	3
19:1	JER.51.44	3
19:1	EZK.29.1-EZK.29.21	3
19:1	EXO.15.14-EXO.15.16	2
19:1	JOS.2.9	2
19:1	JOS.2.24	2
19:1	1SA.5.2-1SA.5.4	2
19:1	PSA.18.10-PSA.18.12	2
19:1	PSA.68.4	2
19:1	PSA.68.33-PSA.68.34	2
19:1	PSA.104.34	2
19:1	ISA.13.7	2
19:1	ISA.19.16	2
19:1	ISA.21.9	2
19:1	ISA.46.1-ISA.46.2	2
19:1	JER.25.19	2
19:1	JER.43.8-JER.43.13	2
19:1	JER.44.29-JER.44.30	2
19:1	JER.46.1-JER.46.28	2
19:1	ZEC.10.11	2
19:1	ZEC.14.18	2
19:1	MAT.26.64-MAT.26.65	1
19:2	JDG.7.22	7
19:2	1SA.14.20	6
19:2	MAT.10.36	5
19:2	EZK.38.21	4
19:2	MAT.10.21	4
19:2	MAT.12.25	4
19:2	REV.17.12-REV.17.17	4
19:2	2CH.20.22-2CH.20.23	3
19:2	ISA.9.21	3
19:2	ISA.19.13-ISA.19.14	3
19:2	JDG.9.23	2
19:2	1SA.14.16	2
19:3	ISA.8.19	7
19:3	DAN.2.2	5
19:3	1CH.10.13	4
19:3	PRO.21.30	3
19:3	ISA.44.25	3
19:3	1SA.25.37	2
19:3	2SA.15.31	2
19:3	2SA.17.14	2
19:3	2SA.17.23	2
19:3	2CH.25.16-2CH.25.20	2
19:3	JOB.5.12-JOB.5.13	2
19:3	PSA.76.12	2
19:3	PSA.107.27	2
19:3	ISA.14.27	2
19:3	ISA.15.2	2
19:3	ISA.19.1	2
19:3	ISA.19.11-ISA.19.13	2
19:3	ISA.47.12	2
19:3	ISA.57.16	2
19:3	JER.46.15	2
19:3	DAN.4.6-DAN.4.7	2
19:3	DAN.5.7	2
19:3	EZK.21.7	1
19:3	EZK.22.14	1
19:3	1CO.3.19-1CO.3.20	1
19:4	ISA.20.4	6
19:4	JER.46.26	5
19:4	EZK.29.19	5
19:4	1SA.23.7	2
19:4	PSA.31.8	2
19:4	ISA.19.2	2
19:5	JER.51.36	4
19:5	EZK.30.12	4
19:5	ZEC.14.18	3
19:5	ZEC.10.11	2
19:6	ISA.37.25	4
19:6	EXO.7.18	3
19:6	JOB.8.11	3
19:6	EXO.2.3	2
19:6	2KI.19.24	2
19:6	ISA.15.6	1
19:6	ISA.18.2	1
19:7	ISA.23.3	2
19:7	ISA.32.20	2
19:7	JER.14.4	2
19:7	EZK.19.13	2
19:7	JOL.1.17-JOL.1.18	2
19:8	EZK.47.10	4
19:8	HAB.1.15	4
19:8	NUM.11.5	3
19:8	EXO.7.21	2
19:9	EZK.27.7	5
19:9	PRO.7.16	4
19:9	1KI.10.28	2
19:10	EXO.8.5	3
19:10	EXO.7.19	2
19:10	DEU.11.10	2
19:11	NUM.13.22	5
19:11	1KI.4.30	4
19:11	PSA.78.43	4
19:11	ISA.30.4	4
19:11	ACT.7.22	4
19:11	GEN.41.38-GEN.41.39	3
19:11	PSA.78.12	3
19:11	JOB.5.12-JOB.5.13	2
19:11	JOB.12.17	2
19:11	PSA.33.10	2
19:11	PSA.73.22	2
19:11	PSA.92.6	2
19:11	PRO.30.2	2
19:11	ISA.19.3	2
19:11	ISA.19.13	2
19:11	ISA.29.14	2
19:11	ISA.44.25	2
19:11	JER.10.14	2
19:11	JER.10.21	2
19:11	JER.49.7	2
19:11	EZK.7.26	2
19:11	EZK.30.14	2
19:11	1CO.1.19-1CO.1.20	2
19:12	1CO.1.20	3
19:12	JDG.9.38	2
19:12	JOB.11.6-JOB.11.7	2
19:12	ISA.5.21	2
19:12	ISA.14.24	2
19:12	ISA.40.13-ISA.40.14	2
19:12	ISA.41.22-ISA.41.23	2
19:12	ISA.44.7	2
19:12	ISA.47.10-ISA.47.13	2
19:12	JER.2.28	2
19:12	ROM.9.17	2
19:12	ROM.11.33-ROM.11.34	2
19:13	JER.2.16	5
19:13	EZK.30.13	5
19:13	JER.46.14	4
19:13	JER.46.19	4
19:13	ZEC.10.4	4
19:13	ISA.19.11	3
19:13	NUM.24.17	2
19:13	1SA.14.38	2
19:13	EZK.30.16	2
19:13	ROM.1.22	2
19:13	1PE.2.7	2
19:14	1KI.22.20-1KI.22.23	4
19:14	EZK.14.7-EZK.14.9	4
19:14	2TH.2.11	4
19:14	JOB.12.25	3
19:14	ISA.47.10-ISA.47.11	3
19:14	JER.25.27	3
19:14	JOB.12.16	2
19:14	ISA.19.2	2
19:14	ISA.28.7-ISA.28.8	2
19:14	ISA.29.9-ISA.29.10	2
19:14	ISA.29.14	2
19:14	JER.25.15-JER.25.16	2
19:14	JER.48.26	2
19:14	MAT.17.17	2
19:15	ISA.9.14-ISA.9.15	3
19:15	PSA.128.2	2
19:15	PRO.14.23	2
19:15	HAB.3.17	2
19:15	HAG.1.11	2
19:15	1TH.4.11-1TH.4.12	2
19:16	JER.51.30	5
19:16	NAM.3.13	5
19:16	ISA.11.15	4
19:16	JER.30.5-JER.30.7	4
19:16	JER.50.37	4
19:16	ISA.10.32	3
19:16	ZEC.2.9	3
19:16	PSA.48.6	2
19:16	ISA.30.17	2
19:16	ISA.30.30-ISA.30.32	2
19:16	HEB.10.31	2
19:17	ISA.14.24	4
19:17	DAN.4.35	3
19:17	ISA.14.26-ISA.14.27	2
19:17	ISA.20.2-ISA.20.5	2
19:17	ISA.36.1	2
19:17	ISA.46.10-ISA.46.11	2
19:17	JER.25.19	2
19:17	JER.25.27-JER.25.31	2
19:17	JER.43.8-JER.43.13	2
19:17	JER.44.28-JER.44.30	2
19:17	EZK.29.6-EZK.29.7	2
19:18	ZEP.3.9	7
19:18	ISA.19.21	4
19:18	ZEC.2.11	4
19:18	ISA.11.11	3
19:18	JER.12.16	3
19:18	DEU.10.20	2
19:18	ISA.2.11	2
19:18	ISA.19.19	2
19:18	ISA.27.13	2
19:18	ISA.45.23-ISA.45.24	2
19:18	GEN.11.1	1
19:18	NEH.10.29	1
19:18	PSA.68.31	1
19:19	GEN.28.18	6
19:19	JOS.22.10	4
19:19	EXO.24.4	3
19:19	JOS.22.26	3
19:19	GEN.12.7	2
19:19	ISA.66.23	2
19:19	ZEC.6.15	2
19:19	HEB.13.10	1
19:20	PSA.50.15	6
19:20	TIT.2.13	5
19:20	ISA.45.21-ISA.45.22	3
19:20	LUK.2.11	3
19:20	EXO.2.23	2
19:20	EXO.3.7	2
19:20	JOS.4.20-JOS.4.21	2
19:20	JOS.22.27-JOS.22.28	2
19:20	JOS.22.34	2
19:20	JOS.24.26-JOS.24.27	2
19:20	2KI.13.4-2KI.13.5	2
19:20	ISA.19.4	2
19:20	ISA.20.4	2
19:20	ISA.37.36	2
19:20	ISA.49.25-ISA.49.26	2
19:20	ISA.52.5	2
19:20	ISA.55.13	2
19:20	JAS.5.4	2
19:21	ISA.11.9	3
19:21	MAL.1.11	3
19:21	1SA.17.46	2
19:21	1KI.8.43	2
19:21	PSA.67.2	2
19:21	PSA.98.2-PSA.98.3	2
19:21	ECC.5.4	2
19:21	ISA.37.20	2
19:21	ISA.44.5	2
19:21	ISA.55.5	2
19:21	ISA.56.7	2
19:21	JON.1.16	2
19:21	HAB.2.14	2
19:21	ZEP.3.10	2
19:21	ZEC.14.16-ZEC.14.18	2
19:21	JHN.4.21-JHN.4.24	2
19:21	JHN.17.3	2
19:21	ROM.15.27-ROM.15.28	2
19:21	1PE.2.5	2
19:21	1PE.2.9	2
19:21	GAL.4.8-GAL.4.9	1
19:22	HEB.12.11	7
19:22	DEU.32.39	6
19:22	HOS.14.1	5
19:22	JOB.5.18	2
19:22	ISA.6.10	2
19:22	ISA.19.1-ISA.19.15	2
19:22	ISA.45.14	2
19:22	ISA.55.7	2
19:22	HOS.5.15	2
19:22	HOS.6.2	2
19:22	AMO.4.6-AMO.4.12	2
19:22	ACT.26.17-ACT.26.20	2
19:22	ACT.28.26-ACT.28.27	1
19:23	ISA.11.16	6
19:23	ISA.27.13	2
19:23	ISA.35.8-ISA.35.10	2
19:23	ISA.40.3-ISA.40.5	2
19:23	EPH.2.18-EPH.2.22	2
19:23	EPH.3.6-EPH.3.8	2
19:24	GEN.12.2	4
19:24	ISA.65.8	4
19:24	ROM.10.11-ROM.10.13	3
19:24	DEU.32.43	2
19:24	PSA.117.1-PSA.117.2	2
19:24	ISA.6.13	2
19:24	ISA.49.6	2
19:24	ISA.49.22	2
19:24	ISA.65.22	2
19:24	ISA.66.12	2
19:24	ISA.66.19-ISA.66.21	2
19:24	EZK.34.26	2
19:24	ZEC.2.10-ZEC.2.11	2
19:24	ZEC.8.13	2
19:24	ZEC.8.20-ZEC.8.23	2
19:24	LUK.2.32	2
19:24	ROM.15.9-ROM.15.12	2
19:24	ROM.15.27	2
19:24	GAL.3.14	2
19:25	ISA.29.23	9
19:25	HOS.2.23	7
19:25	ROM.9.24-ROM.9.25	7
19:25	DEU.32.9	5
19:25	PSA.115.15	5
19:25	PSA.138.8	5
19:25	NUM.6.24	4
19:25	NUM.6.27	4
19:25	ISA.60.21	4
19:25	ISA.61.9	4
19:25	PSA.67.6-PSA.67.7	3
19:25	PSA.100.3	3
19:25	ISA.45.11	3
19:25	ISA.64.8	3
19:25	ISA.65.23	3
19:25	GAL.6.15	3
19:25	EPH.1.3	3
19:25	PHP.1.6	3
19:25	NUM.24.1	2
19:25	ROM.3.29	2
19:25	EPH.2.10	2
19:25	1PE.2.10	2
19:25	COL.3.10-COL.3.11	1
20:1	2KI.18.17	6
20:1	1SA.5.1	2
20:1	1SA.6.17	2
20:1	JER.25.20	2
20:1	JER.25.29-JER.25.30	2
20:1	AMO.1.8	2
20:2	1SA.19.24	5
20:2	MIC.1.8	5
20:2	MAT.3.4	5
20:2	EZK.24.17	4
20:2	EZK.24.23	4
20:2	ZEC.13.4	4
20:2	ISA.13.1	3
20:2	MIC.1.11	3
20:2	EXO.3.5	2
20:2	JOS.5.15	2
20:2	2SA.6.20	2
20:2	2KI.1.8	2
20:2	JOB.1.20-JOB.1.21	2
20:2	JER.13.1-JER.13.11	2
20:2	JER.19.1-JER.19.15	2
20:2	EZK.4.5	2
20:2	MAT.16.24	2
20:2	JHN.21.7	2
20:2	ACT.19.16	2
20:2	REV.11.3	2
20:3	ISA.8.18	5
20:3	NUM.14.34	2
20:3	ISA.18.1-ISA.18.7	2
20:3	ISA.37.9	2
20:3	ISA.43.3	2
20:3	EZK.4.5-EZK.4.6	2
20:3	REV.11.2-REV.11.3	2
20:4	ISA.19.4	5
20:4	JER.13.22	3
20:4	JER.13.26	3
20:4	2SA.10.4	2
20:4	ISA.3.17	2
20:4	ISA.47.3	2
20:4	JER.46.26	2
20:4	EZK.30.18	2
20:4	MIC.1.11	2
20:4	REV.3.18	2
20:5	ISA.30.3	4
20:5	ISA.30.5	4
20:5	2KI.18.21	3
20:5	JER.9.23-JER.9.24	3
20:5	JER.17.5	3
20:5	EZK.29.6-EZK.29.7	3
20:5	1CO.3.21	3
20:5	ISA.2.22	2
20:5	ISA.30.7	2
20:5	ISA.36.6	2
20:6	HEB.2.3	5
20:6	MAT.23.33	4
20:6	1TH.5.3	4
20:6	JOB.6.20	2
20:6	JOB.22.30	2
20:6	ISA.10.3	2
20:6	ISA.28.17	2
20:6	ISA.30.1-ISA.30.7	2
20:6	ISA.30.15-ISA.30.16	2
20:6	ISA.31.1-ISA.31.3	2
20:6	JER.30.15-JER.30.17	2
20:6	JER.47.4	2
21:1	ISA.14.23	6
21:1	ISA.13.1	5
21:1	JER.51.42	5
21:1	ZEC.9.14	4
21:1	ISA.13.20-ISA.13.22	3
21:1	ISA.17.1	3
21:1	JOB.37.9	2
21:1	ISA.13.4-ISA.13.5	2
21:1	EZK.31.12	2
21:1	DAN.11.40	2
21:1	ISA.13.17-ISA.13.18	1
21:1	EZK.30.11	1
21:2	ISA.33.1	5
21:2	JER.49.34	5
21:2	PSA.60.3	4
21:2	ISA.24.16	4
21:2	DAN.5.28	3
21:2	REV.13.10	3
21:2	1SA.24.13	2
21:2	PSA.12.5	2
21:2	PSA.79.11	2
21:2	PSA.137.1-PSA.137.3	2
21:2	PRO.13.15	2
21:2	ISA.13.2-ISA.13.4	2
21:2	ISA.13.17-ISA.13.18	2
21:2	ISA.14.1-ISA.14.3	2
21:2	ISA.22.6	2
21:2	ISA.35.10	2
21:2	ISA.47.6	2
21:2	JER.31.11-JER.31.12	2
21:2	JER.31.20	2
21:2	JER.31.25	2
21:2	JER.45.3	2
21:2	JER.50.14	2
21:2	JER.50.34	2
21:2	JER.51.3-JER.51.4	2
21:2	JER.51.11	2
21:2	JER.51.27-JER.51.28	2
21:2	JER.51.44	2
21:2	JER.51.48-JER.51.49	2
21:2	JER.51.53	2
21:2	LAM.1.22	2
21:2	DAN.8.20	2
21:2	MIC.7.8-MIC.7.10	2
21:2	ZEC.1.15-ZEC.1.16	2
21:3	ISA.13.8	5
21:3	PSA.48.6	4
21:3	ISA.26.17	4
21:3	ISA.16.11	3
21:3	JER.48.41	3
21:3	MIC.4.9-MIC.4.10	3
21:3	1TH.5.3	3
21:3	DEU.28.67	2
21:3	ISA.15.5	2
21:3	ISA.16.9	2
21:3	JER.49.22	2
21:3	JER.50.43	2
21:3	DAN.5.5-DAN.5.6	2
21:3	HAB.3.16	2
21:4	LUK.21.34-LUK.21.36	3
21:4	DEU.28.67	2
21:4	1SA.25.36-1SA.25.38	2
21:4	2SA.13.28-2SA.13.29	2
21:4	EST.5.12	2
21:4	EST.7.6-EST.7.10	2
21:4	JOB.21.11-JOB.21.13	2
21:4	ISA.5.11-ISA.5.14	2
21:4	JER.51.39	2
21:4	JER.51.57	2
21:4	DAN.5.1	2
21:4	DAN.5.5	2
21:4	NAM.1.10	2
21:4	DAN.5.30	1
21:5	JER.51.11	4
21:5	JER.51.39	4
21:5	JER.51.57	4
21:5	DAN.5.1-DAN.5.5	3
21:5	ISA.13.2	2
21:5	ISA.13.17-ISA.13.18	2
21:5	ISA.22.13-ISA.22.14	2
21:5	ISA.45.1-ISA.45.3	2
21:5	JER.51.27-JER.51.28	2
21:5	1CO.15.32	2
21:6	EZK.33.2-EZK.33.7	6
21:6	HAB.2.1-HAB.2.2	6
21:6	EZK.3.17	5
21:6	2KI.9.17-2KI.9.20	4
21:6	ISA.62.6	3
21:6	JER.51.12-JER.51.13	3
21:7	ISA.21.9	4
21:7	ISA.37.24	2
21:7	HEB.2.1	2
21:8	HAB.2.1-HAB.2.2	3
21:8	PSA.63.6	2
21:8	PSA.127.1	2
21:8	ISA.5.29	2
21:8	ISA.56.10	2
21:8	ISA.62.6	2
21:8	JER.4.7	2
21:8	JER.25.38	2
21:8	JER.49.19	2
21:8	JER.50.44	2
21:8	1PE.5.8	2
21:9	REV.18.2	7
21:9	JER.51.8	5
21:9	REV.14.8	5
21:9	JER.51.44	4
21:9	ISA.13.19	3
21:9	ISA.14.4	2
21:9	ISA.46.1-ISA.46.2	2
21:9	JER.50.2-JER.50.3	2
21:9	JER.50.9	2
21:9	JER.50.29	2
21:9	JER.50.38	2
21:9	JER.50.42	2
21:9	JER.51.27	2
21:9	JER.51.47	2
21:9	JER.51.52	2
21:9	JER.51.64	2
21:9	REV.18.21	1
21:10	JER.51.33	7
21:10	MIC.4.13	6
21:10	2KI.13.7	4
21:10	ISA.41.15-ISA.41.16	4
21:10	EZK.3.17-EZK.3.19	4
21:10	MAT.3.12	4
21:10	HAB.3.12	2
21:10	1KI.22.14	1
21:10	ACT.20.26-ACT.20.27	1
21:11	GEN.25.14	7
21:11	OBA.1.1-OBA.1.16	6
21:11	AMO.1.6	5
21:11	JOL.3.19	4
21:11	GEN.32.3	3
21:11	NUM.24.18	3
21:11	DEU.2.5	3
21:11	1CH.1.30	3
21:11	PSA.137.7	3
21:11	ISA.21.6	3
21:11	ISA.34.1-ISA.34.17	3
21:11	ISA.63.1-ISA.63.6	3
21:11	JER.37.17	3
21:11	JER.49.7-JER.49.22	3
21:11	EZK.35.1-EZK.35.15	3
21:11	MAL.1.2-MAL.1.4	3
21:11	AMO.1.11-AMO.1.12	2
21:12	ACT.17.30-ACT.17.32	5
21:12	ACT.2.37-ACT.2.38	3
21:12	ISA.17.14	2
21:12	ISA.55.7	2
21:12	JER.42.19-JER.42.22	2
21:12	EZK.7.5-EZK.7.7	2
21:12	EZK.7.10	2
21:12	EZK.7.12	2
21:12	EZK.14.1-EZK.14.6	2
21:12	EZK.18.30-EZK.18.32	2
21:12	ACT.17.19-ACT.17.20	2
21:12	JER.50.27	1
21:13	JER.25.23-JER.25.24	5
21:13	GEN.25.3	3
21:13	1CH.1.32	3
21:13	EZK.27.15	3
21:13	1KI.10.15	2
21:13	1CH.1.9	2
21:13	ISA.13.1	2
21:13	ISA.13.20	2
21:13	JER.49.28-JER.49.33	2
21:13	EZK.27.20-EZK.27.21	2
21:13	GAL.4.25	2
21:14	GEN.25.15	4
21:14	JOB.6.19	4
21:14	ROM.12.20	4
21:14	PRO.25.21	3
21:14	JDG.8.4-JDG.8.8	2
21:14	1CH.1.30	2
21:14	ISA.16.3-ISA.16.4	2
21:14	1PE.4.9	2
21:15	JOB.6.19-JOB.6.20	3
21:15	ISA.13.14	2
21:16	PSA.120.5	5
21:16	SNG.1.5	5
21:16	ISA.16.14	5
21:16	ISA.60.7	5
21:16	JER.49.28	4
21:16	EZK.27.21	4
21:16	GEN.25.13	3
21:16	ISA.42.11	3
21:16	1CH.1.29	2
21:16	JOB.7.1	2
21:17	NUM.23.19	4
21:17	ZEC.1.6	4
21:17	ISA.1.20	3
21:17	MAT.24.35	3
21:17	PSA.107.39	2
21:17	ISA.10.18-ISA.10.19	2
21:17	ISA.17.4-ISA.17.5	2
21:17	JER.44.29	2
22:1	JER.21.13	5
22:1	PSA.125.2	4
22:1	ISA.15.3	3
22:1	JOL.3.12	3
22:1	JOL.3.14	3
22:1	GEN.21.17	2
22:1	DEU.22.8	2
22:1	JDG.18.23	2
22:1	1SA.3.1	2
22:1	1SA.11.5	2
22:1	2SA.14.5	2
22:1	2KI.6.28	2
22:1	PSA.114.5	2
22:1	PSA.147.19-PSA.147.20	2
22:1	PRO.29.18	2
22:1	ISA.13.1	2
22:1	JER.48.38	2
22:1	MIC.3.6	2
22:1	ROM.3.2	2
22:1	ROM.9.4-ROM.9.5	2
22:2	ISA.32.13	5
22:2	ISA.23.7	3
22:2	JER.14.18	3
22:2	LAM.2.20	3
22:2	ISA.22.12-ISA.22.13	2
22:2	ISA.37.33	2
22:2	ISA.37.36	2
22:2	JER.38.2	2
22:2	JER.52.6	2
22:2	LAM.4.9-LAM.4.10	2
22:2	AMO.6.3-AMO.6.6	2
22:3	2KI.25.4-2KI.25.7	2
22:3	2KI.25.18-2KI.25.21	2
22:3	ISA.3.1-ISA.3.8	2
22:3	JER.39.4-JER.39.7	2
22:3	JER.52.24-JER.52.27	2
22:4	JER.9.1	5
22:4	MAT.2.18	4
22:4	PSA.77.2	3
22:4	JER.13.17	3
22:4	JER.31.15	3
22:4	MIC.1.8	3
22:4	RUT.1.20-RUT.1.21	2
22:4	ISA.15.3	2
22:4	ISA.33.7	2
22:4	JER.4.19	2
22:4	JER.6.26	2
22:4	JER.8.18	2
22:4	MAT.26.75	2
22:4	LUK.1.2	2
22:4	LUK.19.41	2
22:5	ISA.10.6	4
22:5	ISA.37.3	4
22:5	LAM.1.5	4
22:5	MIC.7.4	4
22:5	LUK.23.30	4
22:5	ISA.22.1	3
22:5	JER.30.7	3
22:5	LAM.2.2	3
22:5	HOS.10.8	3
22:5	AMO.5.18-AMO.5.20	3
22:5	2KI.19.3	2
22:5	2KI.25.10	2
22:5	EST.3.15	2
22:5	ISA.5.5	2
22:5	ISA.25.10	2
22:5	MAT.24.16	2
22:5	REV.6.16-REV.6.17	2
22:6	2KI.16.9	5
22:6	ISA.21.2	4
22:6	AMO.1.5	3
22:6	AMO.9.7	3
22:6	GEN.10.22	2
22:6	ISA.15.1	2
22:6	JER.49.35-JER.49.39	2
22:7	ISA.8.7-ISA.8.8	2
22:7	ISA.10.28-ISA.10.32	2
22:7	JER.39.1-JER.39.3	2
22:7	ISA.37.34	1
22:8	1KI.7.2	4
22:8	1KI.10.17	4
22:8	1KI.14.27-1KI.14.28	2
22:8	SNG.4.4	2
22:8	ISA.36.1-ISA.36.3	2
22:9	2KI.20.20	3
22:9	2CH.32.1-2CH.32.6	2
22:9	2CH.32.30	2
22:9	NEH.3.16	2
22:11	JER.33.2-JER.33.3	5
22:11	MIC.7.7	5
22:11	2KI.25.4	3
22:11	ISA.17.7	3
22:11	ISA.31.1	3
22:11	2KI.20.20	2
22:11	2CH.6.6	2
22:11	2CH.16.7-2CH.16.9	2
22:11	2CH.32.3-2CH.32.4	2
22:11	NEH.3.16	2
22:11	ISA.8.17	2
22:11	ISA.37.26	2
22:11	JER.39.4	2
22:12	JOL.1.13	6
22:12	MIC.1.16	6
22:12	JOL.2.17	5
22:12	ECC.3.4	4
22:12	AMO.8.10	4
22:12	JAS.5.1	4
22:12	EZR.9.3	3
22:12	NEH.9.9	3
22:12	JOB.1.20	3
22:12	JON.3.6	3
22:12	2CH.35.25	2
22:12	NEH.8.9-NEH.8.12	2
22:12	ECC.3.11	2
22:12	ISA.15.2	2
22:12	JAS.4.8-JAS.4.10	2
22:13	ISA.56.12	9
22:13	LUK.17.26-LUK.17.29	5
22:13	1CO.15.32	5
22:13	JAS.5.5	3
22:13	ISA.5.12	2
22:13	ISA.5.22	2
22:13	ISA.21.4-ISA.21.5	2
22:13	AMO.6.3-AMO.6.7	2
22:13	ISA.28.7-ISA.28.8	1
22:14	EZK.24.13	6
22:14	1SA.3.14	4
22:14	ISA.5.9	4
22:14	ISA.13.11	3
22:14	ISA.26.21	3
22:14	REV.22.11-REV.22.12	3
22:14	NUM.15.25-NUM.15.31	2
22:14	1SA.9.15	2
22:14	AMO.3.7	2
22:14	JHN.8.21-JHN.8.24	2
22:14	HEB.10.26-HEB.10.27	2
22:14	ISA.30.13	1
22:15	ISA.36.3	6
22:15	2KI.18.18	5
22:15	2KI.18.37	4
22:15	2KI.19.2	4
22:15	ISA.37.2	4
22:15	1KI.4.6	2
22:15	2KI.10.5	2
22:15	2KI.18.26	2
22:15	1CH.27.25	2
22:15	ISA.36.11	2
22:15	ISA.36.22	2
22:15	ACT.8.27	2
22:16	MAT.27.60	5
22:16	2SA.18.18	4
22:16	2CH.16.14	4
22:16	JOB.3.14	3
22:16	ISA.14.18	2
22:16	ISA.52.5	2
22:16	MIC.2.10	2
22:17	JER.14.3	3
22:17	EST.7.8	2
22:17	JOB.9.24	2
22:18	ISA.17.13	5
22:18	AMO.7.17	2
22:19	EZK.17.24	4
22:19	JOB.40.11-JOB.40.12	2
22:19	PSA.75.6-PSA.75.7	2
22:19	LUK.1.52	2
22:20	2KI.18.18	7
22:20	ISA.36.3	7
22:20	ISA.37.2	6
22:20	2KI.18.37	5
22:20	ISA.36.22	5
22:20	ISA.36.11	4
22:21	GEN.45.8	4
22:21	GEN.41.42-GEN.41.43	2
22:21	1SA.18.4	2
22:21	EST.8.2	2
22:21	EST.8.15	2
22:21	ISA.9.6-ISA.9.7	2
22:22	REV.3.7	40
22:22	MAT.16.18-MAT.16.19	39
22:22	JOB.12.14	23
22:22	MAT.18.18-MAT.18.19	17
22:22	REV.1.18	15
22:23	JOB.36.7	6
22:23	EZR.9.8	5
22:23	1SA.2.8	4
22:23	ZEC.10.4	4
22:23	ECC.12.11	3
22:23	LUK.22.29-LUK.22.30	3
22:23	REV.3.21	3
22:23	GEN.45.9-GEN.45.13	2
22:23	EST.4.14	2
22:23	EST.10.3	2
22:24	DAN.6.1-DAN.6.3	3
22:24	MAT.28.18	3
22:24	JHN.5.22-JHN.5.27	3
22:24	JHN.20.21-JHN.20.23	3
22:24	2TI.2.20-2TI.2.21	3
22:24	GEN.41.44-GEN.41.45	2
22:24	GEN.47.11-GEN.47.25	2
22:24	EZK.15.3	1
22:24	ROM.9.22-ROM.9.23	1
22:25	ISA.46.11	4
22:25	EST.9.24-EST.9.25	3
22:25	PSA.146.3	3
22:25	ISA.22.23	3
22:25	JER.17.5-JER.17.6	3
22:25	MIC.4.4	3
22:25	EST.9.5-EST.9.14	2
22:25	PSA.52.5	2
22:25	ISA.22.15-ISA.22.16	2
22:25	ISA.48.15	2
22:25	JER.4.28	2
22:25	EZK.5.13	2
22:25	EZK.5.15	2
22:25	EZK.5.17	2
23:1	JOL.3.4-JOL.3.8	6
23:1	GEN.10.4	5
23:1	AMO.1.9-AMO.1.10	5
23:1	ISA.2.16	4
23:1	JER.25.22	4
23:1	JER.47.4	4
23:1	1KI.10.22	3
23:1	1KI.22.48	3
23:1	ISA.23.12	3
23:1	JER.2.10	3
23:1	ZEC.9.2-ZEC.9.4	3
23:1	NUM.24.24	2
23:1	JOS.19.29	2
23:1	1KI.5.1	2
23:1	2CH.9.21	2
23:1	PSA.48.7	2
23:1	ISA.15.1-ISA.15.2	2
23:1	ISA.15.8	2
23:1	ISA.24.10	2
23:1	ISA.60.9	2
23:1	JER.25.10-JER.25.11	2
23:1	JER.25.15	2
23:1	EZK.26.1-EZK.28.24	2
23:1	DAN.11.30	2
23:1	REV.18.17-REV.18.19	2
23:1	REV.18.22-REV.18.23	2
23:2	ISA.47.5	3
23:2	PSA.46.10	2
23:2	ISA.41.1	2
23:2	EZK.27.3-EZK.27.4	2
23:2	EZK.27.8-EZK.27.36	2
23:2	EZK.28.2	2
23:2	HAB.2.20	2
23:3	1CH.13.5	3
23:3	JER.2.18	3
23:3	DEU.11.10	2
23:3	ISA.19.7	2
23:3	ISA.23.8	2
23:3	ISA.32.20	2
23:3	EZK.27.3-EZK.27.23	2
23:3	EZK.27.33	2
23:3	EZK.28.4	2
23:3	JOL.3.5	2
23:3	REV.18.11-REV.18.13	2
23:4	REV.18.23	3
23:4	GEN.10.15	2
23:4	GEN.10.19	2
23:4	JER.47.3-JER.47.4	2
23:4	EZK.26.3-EZK.26.6	2
23:4	HOS.9.11-HOS.9.14	2
23:5	EXO.15.14-EXO.15.16	3
23:5	JOS.2.9-JOS.2.11	3
23:5	EZK.26.15-EZK.26.21	2
23:5	EZK.27.29-EZK.27.36	2
23:5	EZK.28.19	2
23:5	REV.18.17-REV.18.19	2
23:5	ISA.19.16	1
23:6	ISA.23.12	3
23:6	ISA.16.7	2
23:6	ISA.21.15	2
23:6	ISA.23.10	2
23:6	ISA.23.1-ISA.23.2	1
23:7	ISA.22.2	4
23:7	JOS.19.29	2
23:7	ECC.10.7	2
23:7	ISA.32.13	2
23:7	ISA.47.1-ISA.47.2	2
23:8	DEU.29.24-DEU.29.28	2
23:8	ISA.10.8	2
23:8	ISA.36.9	2
23:8	JER.50.44-JER.50.45	2
23:8	EZK.28.2-EZK.28.6	2
23:8	EZK.28.12-EZK.28.18	2
23:8	REV.18.8	2
23:9	ISA.13.11	8
23:9	JAS.4.6	8
23:9	JOB.40.11-JOB.40.12	6
23:9	ISA.2.11	5
23:9	DAN.4.37	4
23:9	JOB.12.21	2
23:9	PSA.107.40	2
23:9	ISA.2.17	2
23:9	ISA.5.13	2
23:9	ISA.5.15-ISA.5.16	2
23:9	ISA.9.15	2
23:9	ISA.10.33	2
23:9	ISA.14.24	2
23:9	ISA.14.27	2
23:9	ISA.46.10-ISA.46.11	2
23:9	JER.47.6-JER.47.7	2
23:9	JER.51.62	2
23:9	MAL.4.1	2
23:9	ACT.4.28	2
23:9	1CO.1.26-1CO.1.29	2
23:9	EPH.1.11	2
23:9	EPH.3.11	2
23:10	1SA.28.20	3
23:10	JOB.12.21	3
23:10	PSA.18.32	3
23:10	ISA.23.14	3
23:10	LAM.1.6	2
23:10	HAG.2.22	2
23:10	ROM.5.6	2
23:11	ZEC.9.3-ZEC.9.4	4
23:11	EXO.14.21	3
23:11	GEN.9.25	2
23:11	GEN.10.15-GEN.10.19	2
23:11	EXO.15.8-EXO.15.10	2
23:11	PSA.46.6	2
23:11	PSA.71.3	2
23:11	ISA.2.19	2
23:11	ISA.10.6	2
23:11	ISA.14.16-ISA.14.17	2
23:11	ISA.23.3	2
23:11	ISA.25.2	2
23:11	JER.47.7	2
23:11	EZK.26.10	2
23:11	EZK.26.15-EZK.26.19	2
23:11	EZK.27.34-EZK.27.35	2
23:11	EZK.31.16	2
23:11	HOS.12.7-HOS.12.8	2
23:11	NAM.1.14	2
23:11	HAG.2.7	2
23:11	ZEC.14.21	2
23:11	MRK.11.17	2
23:11	JHN.2.16	2
23:12	REV.18.22	4
23:12	ISA.23.1-ISA.23.2	3
23:12	ISA.47.1	3
23:12	EZK.26.13-EZK.26.14	3
23:12	GEN.10.15-GEN.10.19	2
23:12	GEN.49.13	2
23:12	NUM.24.24	2
23:12	DEU.28.64-DEU.28.67	2
23:12	JOS.11.8	2
23:12	ISA.23.7	2
23:12	ISA.37.22	2
23:12	ISA.47.5	2
23:12	JER.14.17	2
23:12	JER.46.11	2
23:12	LAM.1.3	2
23:12	LAM.1.15	2
23:12	LAM.4.15	2
23:12	EZK.27.6	2
23:13	HAB.1.6	3
23:13	GEN.2.14	2
23:13	GEN.10.10-GEN.10.11	2
23:13	GEN.11.9	2
23:13	GEN.11.28	2
23:13	GEN.11.31	2
23:13	2KI.17.24	2
23:13	2KI.20.12	2
23:13	2CH.33.11	2
23:13	EZR.4.9-EZR.4.10	2
23:13	JOB.1.17	2
23:13	PSA.72.9	2
23:13	ISA.10.5	2
23:13	ISA.10.7	2
23:13	ISA.13.19	2
23:13	EZK.26.7-EZK.26.21	2
23:13	EZK.29.18	2
23:13	DAN.4.30	2
23:13	ACT.7.4	2
23:14	ISA.23.1	3
23:14	ISA.2.16	2
23:14	ISA.23.6	2
23:14	EZK.27.25-EZK.27.30	2
23:14	REV.18.11-REV.18.19	2
23:15	JER.25.22	5
23:15	JER.25.9-JER.25.11	2
23:15	JER.27.3-JER.27.7	2
23:15	JER.29.10	2
23:15	EZK.27.25	2
23:15	EZK.29.11	2
23:15	DAN.7.14	2
23:15	DAN.8.21	2
23:15	HOS.2.15	2
23:15	REV.17.10	2
23:16	PRO.7.10-PRO.7.12	3
23:16	JER.30.14	3
23:17	NAM.3.4	5
23:17	EZK.27.6-EZK.27.36	4
23:17	REV.19.2	3
23:17	DEU.23.18	2
23:17	JER.29.10	2
23:17	EZK.16.26	2
23:17	EZK.16.31	2
23:17	EZK.22.13	2
23:17	HOS.12.7-HOS.12.8	2
23:17	MIC.1.7	2
23:17	MIC.3.11	2
23:17	ZEP.2.7	2
23:17	ACT.15.14	2
23:17	1TI.3.3	2
23:17	1TI.3.8	2
23:17	1PE.5.2	2
23:17	REV.17.1-REV.17.5	2
23:17	REV.18.9-REV.18.14	2
23:18	PSA.72.10	5
23:18	DEU.26.12-DEU.26.14	4
23:18	PHP.4.17-PHP.4.18	4
23:18	EXO.28.36	3
23:18	DEU.12.18-DEU.12.19	3
23:18	GAL.6.6	3
23:18	2CH.2.7-2CH.2.9	2
23:18	2CH.2.11-2CH.2.16	2
23:18	PSA.45.12	2
23:18	PRO.3.9-PRO.3.10	2
23:18	PRO.13.22	2
23:18	PRO.28.8	2
23:18	ECC.2.26	2
23:18	ISA.60.5-ISA.60.9	2
23:18	MIC.4.13	2
23:18	ZEC.14.20-ZEC.14.21	2
23:18	MAL.3.10	2
23:18	MAT.6.19-MAT.6.21	2
23:18	MAT.25.35-MAT.25.40	2
23:18	MRK.3.8	2
23:18	LUK.8.3	2
23:18	LUK.12.18-LUK.12.20	2
23:18	LUK.12.33	2
23:18	LUK.16.9-LUK.16.13	2
23:18	ACT.9.39	2
23:18	ACT.21.3-ACT.21.5	2
23:18	ROM.15.25-ROM.15.27	2
24:1	ISA.2.19	6
24:1	NAM.2.10	6
24:1	ISA.24.20	5
24:1	ISA.42.15	5
24:1	2KI.21.13	4
24:1	ISA.6.11-ISA.6.12	4
24:1	EZK.12.20	4
24:1	EZK.35.14	4
24:1	DEU.4.27	3
24:1	DEU.28.64	3
24:1	DEU.32.26	3
24:1	NEH.1.8	3
24:1	PSA.146.9	3
24:1	ISA.1.7-ISA.1.9	3
24:1	ISA.5.6	3
24:1	ISA.7.17-ISA.7.25	3
24:1	ISA.27.10	3
24:1	ISA.29.16	3
24:1	ISA.32.13-ISA.32.14	3
24:1	ISA.33.9	3
24:1	JER.9.16	3
24:1	EZK.5.2	3
24:1	EZK.5.14	3
24:1	EZK.6.6	3
24:1	LUK.21.24	3
24:1	JER.40.15	2
24:1	EZK.24.11	2
24:1	ZEC.13.7-ZEC.13.9	2
24:1	JER.4.7	1
24:1	JER.50.17	1
24:1	ACT.17.6	1
24:1	JAS.1.1	1
24:2	HOS.4.9	5
24:2	LAM.5.12-LAM.5.14	3
24:2	EZK.7.12-EZK.7.13	3
24:2	GEN.41.50	2
24:2	LEV.25.36-LEV.25.37	2
24:2	DEU.23.19-DEU.23.20	2
24:2	2CH.36.14-2CH.36.17	2
24:2	2CH.36.20	2
24:2	ISA.2.9	2
24:2	ISA.3.2-ISA.3.8	2
24:2	ISA.5.15	2
24:2	ISA.9.14-ISA.9.17	2
24:2	JER.5.3-JER.5.6	2
24:2	JER.23.11-JER.23.13	2
24:2	JER.41.2	2
24:2	JER.42.18	2
24:2	JER.44.11-JER.44.13	2
24:2	JER.52.24-JER.52.30	2
24:2	LAM.4.13	2
24:2	EZK.14.8-EZK.14.10	2
24:2	DAN.9.5-DAN.9.8	2
24:2	EPH.6.8-EPH.6.9	2
24:3	ISA.24.1	5
24:3	ISA.6.11	4
24:3	LEV.26.30-LEV.26.35	2
24:3	DEU.29.23	2
24:3	DEU.29.28	2
24:3	2CH.36.21	2
24:3	ISA.21.17	2
24:3	ISA.22.25	2
24:3	EZK.36.4	2
24:3	MIC.4.4	2
24:3	JER.13.15	1
24:4	HOS.4.3	4
24:4	ISA.2.11-ISA.2.12	3
24:4	ISA.3.26	3
24:4	ISA.33.9	3
24:4	ISA.28.1	2
24:4	ISA.64.6	2
24:4	JER.4.28	2
24:4	JER.12.4	2
24:5	HEB.13.20	9
24:5	ROM.8.20-ROM.8.21	5
24:5	DAN.7.25	4
24:5	HEB.9.1	4
24:5	GEN.3.17-GEN.3.18	3
24:5	GEN.6.11-GEN.6.13	3
24:5	LEV.18.24-LEV.18.28	3
24:5	LEV.20.22	3
24:5	NUM.35.33-NUM.35.34	3
24:5	2KI.17.7-2KI.17.23	3
24:5	2KI.22.13-2KI.22.17	3
24:5	2KI.23.26-2KI.23.27	3
24:5	2CH.33.9	3
24:5	PSA.106.36-PSA.106.39	3
24:5	ISA.1.2-ISA.1.5	3
24:5	ISA.50.1	3
24:5	ISA.59.1-ISA.59.3	3
24:5	ISA.59.12-ISA.59.15	3
24:5	JER.3.1-JER.3.2	3
24:5	EZK.7.20-EZK.7.24	3
24:5	EZK.20.13	3
24:5	EZK.20.24	3
24:5	DAN.9.10	3
24:5	MRK.7.7-MRK.7.9	3
24:5	DEU.32.15	2
24:5	DEU.32.20	2
24:5	JOS.24.25	2
24:5	2SA.23.5	2
24:5	PSA.55.5	2
24:5	PSA.105.10	2
24:5	ISA.10.6	2
24:5	JER.50.5	2
24:5	EZK.22.24-EZK.22.31	2
24:5	MIC.2.10	2
24:5	LUK.1.6	2
24:5	GEN.17.13-GEN.17.14	1
24:5	EZR.9.6-EZR.9.7	1
24:5	EZK.37.26	1
24:5	DAN.9.5	1
24:6	MAL.4.1	6
24:6	ZEC.5.3-ZEC.5.4	4
24:6	MAT.7.14	4
24:6	LEV.26.22	3
24:6	EZK.5.3	3
24:6	MAL.4.6	3
24:6	ROM.9.27	3
24:6	DEU.4.27	2
24:6	DEU.28.15-DEU.28.20	2
24:6	DEU.28.62	2
24:6	DEU.29.22-DEU.29.28	2
24:6	DEU.30.18-DEU.30.19	2
24:6	JOS.23.15-JOS.23.16	2
24:6	ISA.1.31	2
24:6	ISA.42.24-ISA.42.25	2
24:6	MAL.2.2	2
24:6	MAL.3.9	2
24:6	2PE.3.10	2
24:6	MAT.27.25	1
24:7	ISA.16.10	4
24:7	ISA.16.8	3
24:7	JOL.1.10-JOL.1.12	3
24:7	ISA.32.9-ISA.32.13	2
24:7	HOS.9.1-HOS.9.2	2
24:8	HOS.2.11	5
24:8	JER.7.34	4
24:8	EZK.26.13	4
24:8	REV.18.22	4
24:8	JER.16.9	3
24:8	JER.25.10	3
24:8	ISA.5.12	2
24:8	ISA.23.15-ISA.23.16	2
24:9	ECC.9.7	3
24:9	ISA.5.22	3
24:9	PSA.69.12	2
24:9	ISA.5.11-ISA.5.12	2
24:9	ISA.5.20	2
24:9	AMO.6.5-AMO.6.7	2
24:9	AMO.8.3	2
24:9	AMO.8.10	2
24:9	EPH.5.18-EPH.5.19	2
24:9	ZEC.9.15	1
24:10	REV.18.2	4
24:10	REV.17.5-REV.17.6	3
24:10	GEN.11.9	2
24:10	2KI.25.4	2
24:10	2KI.25.9-2KI.25.10	2
24:10	ISA.23.1	2
24:10	ISA.24.12	2
24:10	ISA.25.2	2
24:10	ISA.27.10	2
24:10	ISA.32.14	2
24:10	ISA.34.11	2
24:10	ISA.34.13-ISA.34.15	2
24:10	JER.9.25-JER.9.26	2
24:10	JER.39.4	2
24:10	JER.39.8	2
24:10	JER.52.7	2
24:10	JER.52.13-JER.52.14	2
24:10	MIC.2.13	2
24:10	MIC.3.12	2
24:10	MAT.23.34-MAT.23.35	2
24:10	LUK.19.43	2
24:10	LUK.21.24	2
24:10	REV.11.7-REV.11.8	2
24:11	HOS.7.14	3
24:11	PRO.31.6	2
24:11	ISA.8.22	2
24:11	ISA.9.19	2
24:11	ISA.16.10	2
24:11	ISA.24.7-ISA.24.9	2
24:11	ISA.32.13	2
24:11	JER.48.33	2
24:11	LAM.5.14-LAM.5.15	2
24:11	JOL.1.15	2
24:11	AMO.5.16-AMO.5.20	2
24:11	MAT.22.11-MAT.22.13	2
24:11	LUK.16.25	2
24:12	ISA.32.14	2
24:12	JER.9.11	2
24:12	LAM.1.1	2
24:12	LAM.1.4	2
24:12	LAM.2.9	2
24:12	LAM.5.18	2
24:12	MIC.1.9	2
24:12	MIC.1.12	2
24:12	MAT.22.7	1
24:13	ISA.1.9	4
24:13	ISA.6.13	2
24:13	ISA.10.20-ISA.10.22	2
24:13	ISA.17.5-ISA.17.6	2
24:13	JER.44.28	2
24:13	EZK.6.8-EZK.6.11	2
24:13	EZK.7.16	2
24:13	EZK.9.4-EZK.9.6	2
24:13	EZK.11.16-EZK.11.20	2
24:13	EZK.14.22-EZK.14.23	2
24:13	MIC.2.12	2
24:13	MAT.24.22	2
24:13	ROM.11.2-ROM.11.6	2
24:13	REV.3.4	2
24:13	REV.11.2-REV.11.3	2
24:14	ISA.12.1-ISA.12.6	2
24:14	ISA.25.1	2
24:14	ISA.26.1	2
24:14	ISA.27.2	2
24:14	ISA.35.2	2
24:14	ISA.35.10	2
24:14	ISA.40.9	2
24:14	ISA.44.23	2
24:14	ISA.51.11	2
24:14	ISA.52.7-ISA.52.9	2
24:14	ISA.54.1	2
24:14	JER.30.19	2
24:14	JER.31.12	2
24:14	JER.33.11	2
24:14	ZEP.3.14-ZEP.3.20	2
24:14	ZEC.2.10	2
24:14	ISA.42.10-ISA.42.12	1
24:15	MAL.1.11	4
24:15	ISA.42.4	3
24:15	ISA.42.10	3
24:15	ISA.49.1	3
24:15	ISA.51.5	3
24:15	ISA.60.9	3
24:15	GEN.10.4-GEN.10.5	2
24:15	JOB.35.9-JOB.35.10	2
24:15	ISA.11.11-ISA.11.12	2
24:15	ISA.25.3	2
24:15	ISA.41.5	2
24:15	ISA.66.19	2
24:15	HAB.3.17-HAB.3.18	2
24:15	ZEP.2.11	2
24:15	ZEC.10.9-ZEC.10.12	2
24:15	ZEC.13.8-ZEC.13.9	2
24:15	ACT.16.25	2
24:15	1PE.1.7	2
24:15	1PE.3.15	2
24:15	1PE.4.12-1PE.4.14	2
24:15	REV.15.2-REV.15.4	2
24:16	ISA.21.2	5
24:16	ISA.33.1	4
24:16	JER.3.20	3
24:16	JER.5.11	3
24:16	EXO.15.11	2
24:16	PSA.2.8	2
24:16	PSA.22.27-PSA.22.31	2
24:16	PSA.58.10	2
24:16	PSA.67.7	2
24:16	PSA.72.8-PSA.72.11	2
24:16	PSA.98.3	2
24:16	PSA.106.15	2
24:16	PSA.107.1-PSA.107.43	2
24:16	ISA.10.16	2
24:16	ISA.17.4	2
24:16	ISA.26.15	2
24:16	ISA.28.5	2
24:16	ISA.45.22-ISA.45.25	2
24:16	ISA.48.8	2
24:16	ISA.52.10	2
24:16	ISA.60.21	2
24:16	ISA.66.19-ISA.66.20	2
24:16	JER.12.6	2
24:16	LAM.1.2	2
24:16	HOS.5.7	2
24:16	HOS.6.7	2
24:16	MIC.5.4	2
24:16	HAB.1.3	2
24:16	MRK.13.27	2
24:16	ACT.13.47	2
24:16	REV.15.3	2
24:16	REV.16.5-REV.16.7	2
24:16	REV.19.1-REV.19.6	2
24:16	JER.12.1	1
24:17	JER.48.43-JER.48.44	4
24:17	LEV.26.21-LEV.26.22	2
24:17	1KI.19.17	2
24:17	JER.8.3	2
24:17	EZK.14.21	2
24:17	AMO.5.19	2
24:18	GEN.7.11	6
24:18	PSA.18.7	6
24:18	JOS.10.10-JOS.10.11	3
24:18	JOB.20.24	3
24:18	PSA.18.15	3
24:18	PSA.46.2-PSA.46.3	3
24:18	AMO.5.19	3
24:18	GEN.19.24	2
24:18	DEU.32.22-DEU.32.26	2
24:18	1KI.20.29-1KI.20.30	2
24:18	2KI.7.2	2
24:18	JOB.18.8-JOB.18.16	2
24:19	ISA.34.4-ISA.34.10	4
24:19	DEU.11.6	3
24:19	ISA.24.1-ISA.24.5	3
24:19	JER.4.23-JER.4.28	3
24:19	NAM.1.5	3
24:19	REV.20.11	3
24:19	HAB.3.6	2
24:19	MAT.24.3	2
24:20	ISA.19.14	6
24:20	ISA.29.9	5
24:20	DAN.11.19	5
24:20	HOS.4.1-HOS.4.5	4
24:20	AMO.8.14	4
24:20	REV.18.21	4
24:20	LAM.1.14	3
24:20	ZEC.5.5-ZEC.5.8	3
24:20	PSA.38.4	2
24:20	PSA.107.27	2
24:20	ISA.1.8	2
24:20	ISA.1.28	2
24:20	ISA.5.7-ISA.5.30	2
24:20	ISA.38.12	2
24:20	ISA.43.27	2
24:20	JER.8.4	2
24:20	JER.25.27	2
24:20	MAT.23.35-MAT.23.36	1
24:21	PSA.76.12	7
24:21	ZEC.14.12-ZEC.14.19	6
24:21	ISA.34.2-ISA.34.17	5
24:21	PSA.149.6-PSA.149.9	4
24:21	ISA.10.12	4
24:21	REV.6.14-REV.6.17	4
24:21	REV.17.14	4
24:21	REV.18.9	4
24:21	REV.19.18-REV.19.21	4
24:21	ISA.10.25-ISA.10.27	3
24:21	ISA.14.1-ISA.14.2	3
24:21	ISA.25.10-ISA.25.12	3
24:21	EZK.38.1-EZK.38.23	3
24:21	JOL.3.19	3
24:21	JOL.3.9-JOL.3.17	2
24:21	HAG.2.21-HAG.2.22	2
24:22	ZEC.9.11	5
24:22	ISA.42.22	3
24:22	JER.38.6-JER.38.13	3
24:22	JOS.10.16-JOS.10.17	2
24:22	JOS.10.22-JOS.10.26	2
24:22	ISA.2.19	2
24:22	ISA.10.4	2
24:22	ISA.24.17	2
24:22	EZK.38.8	2
24:23	ISA.60.19	8
24:23	ISA.13.10	6
24:23	REV.21.23	6
24:23	REV.22.5	5
24:23	HEB.12.22	4
24:23	ISA.12.6	3
24:23	ISA.30.26	3
24:23	MIC.4.7	3
24:23	REV.6.12-REV.6.14	3
24:23	EXO.15.21	2
24:23	JOB.38.4-JOB.38.7	2
24:23	PSA.97.1	2
24:23	ISA.52.7	2
24:23	EZK.32.7-EZK.32.8	2
24:23	DAN.7.9-DAN.7.10	2
24:23	DAN.7.18	2
24:23	DAN.7.27	2
24:23	JOL.2.31	2
24:23	JOL.3.15	2
24:23	ZEC.9.9	2
24:23	MRK.13.24-MRK.13.26	2
24:23	REV.11.15	2
24:23	REV.14.1	2
24:23	REV.19.4	2
24:23	REV.19.6	2
24:23	MAT.6.10	1
25:1	EXO.15.2	33
25:1	PSA.118.28	30
25:1	NUM.23.19	23
25:1	PSA.98.1	17
25:1	PSA.40.5	15
25:1	ISA.28.29	14
25:1	ISA.61.10	14
25:1	EPH.1.11	13
25:1	PSA.46.10	11
25:1	ISA.46.10	10
25:1	PSA.33.10-PSA.33.11	9
25:1	REV.19.11	9
25:1	1CH.29.10-1CH.29.20	8
25:1	PSA.146.2	8
25:1	REV.5.9-REV.5.14	8
25:1	PSA.78.4	7
25:1	PSA.99.5	7
25:1	HEB.6.17-HEB.6.18	7
25:1	REV.7.12	7
25:1	PSA.111.4	6
25:1	ISA.26.13	6
25:1	JER.32.17-JER.32.24	6
25:1	EZK.38.17-EZK.38.23	6
25:1	DAN.4.2-DAN.4.3	6
25:1	ROM.11.25-ROM.11.29	6
25:1	REV.15.3	6
25:1	PSA.107.8-PSA.107.43	5
25:1	PSA.145.1	5
25:2	ISA.13.22	4
25:2	ISA.17.1	4
25:2	ISA.25.12	3
25:2	DEU.13.16	2
25:2	ISA.14.23	2
25:2	ISA.21.9	2
25:2	ISA.23.13	2
25:2	JER.51.26	2
25:2	NAM.3.12-NAM.3.15	2
25:2	REV.18.2-REV.18.3	2
25:2	REV.18.19	2
25:2	ISA.17.3	1
25:3	PSA.46.10-PSA.46.11	3
25:3	ISA.49.23-ISA.49.26	3
25:3	ZEC.14.9	3
25:3	ZEC.14.16	3
25:3	PSA.66.3	2
25:3	PSA.72.8-PSA.72.11	2
25:3	ISA.13.11	2
25:3	ISA.60.10-ISA.60.14	2
25:3	ISA.66.18-ISA.66.20	2
25:3	EZK.38.23	2
25:3	EZK.39.21-EZK.39.22	2
25:3	REV.11.13	2
25:3	REV.11.15-REV.11.17	2
25:4	ZEP.3.12	12
25:4	JAS.2.5	9
25:4	ISA.32.2	8
25:4	MAT.7.25-MAT.7.27	7
25:4	JOB.5.15-JOB.5.16	5
25:4	PSA.12.5	5
25:4	PSA.107.41	4
25:4	ISA.4.5-ISA.4.6	4
25:4	ISA.29.19	4
25:4	ISA.32.18-ISA.32.19	4
25:4	ISA.33.16	4
25:4	ISA.49.25	4
25:4	ISA.66.2	4
25:4	PSA.72.4	3
25:4	PSA.72.13	3
25:4	PSA.119.31	3
25:4	ISA.11.4	3
25:4	ISA.14.32	3
25:4	ISA.17.10	3
25:4	ISA.27.5	3
25:4	ISA.29.5	3
25:4	ISA.33.2	3
25:4	ISA.37.36	3
25:4	PSA.35.10	2
25:4	ISA.37.3-ISA.37.4	2
25:4	EZK.13.11-EZK.13.13	2
25:5	ISA.54.15-ISA.54.17	3
25:5	JOB.8.16-JOB.8.19	2
25:5	PSA.74.3-PSA.74.23	2
25:5	PSA.79.10-PSA.79.12	2
25:5	PSA.105.39	2
25:5	ISA.10.8-ISA.10.15	2
25:5	ISA.10.32-ISA.10.34	2
25:5	ISA.13.11	2
25:5	ISA.14.10-ISA.14.16	2
25:5	ISA.14.19	2
25:5	ISA.17.12-ISA.17.14	2
25:5	ISA.18.4	2
25:5	ISA.30.30-ISA.30.33	2
25:5	ISA.49.10	2
25:5	ISA.49.25-ISA.49.26	2
25:5	ISA.64.1-ISA.64.2	2
25:5	JER.50.11-JER.50.15	2
25:5	JER.51.38-JER.51.43	2
25:5	JER.51.53-JER.51.57	2
25:5	EZK.32.18-EZK.32.32	2
25:5	EZK.38.9-EZK.39.10	2
25:5	DAN.7.23-DAN.7.27	2
25:5	DAN.11.36-DAN.11.45	2
25:5	REV.16.1-REV.16.19	2
25:5	REV.20.8-REV.20.9	2
25:5	JON.4.5-JON.4.6	1
25:6	MAT.8.11	19
25:6	PSA.63.5	11
25:6	JER.31.12-JER.31.13	11
25:6	ZEC.9.16-ZEC.9.17	10
25:6	REV.19.9	10
25:6	LUK.22.30	9
25:6	HEB.12.22	8
25:6	ISA.2.2-ISA.2.3	7
25:6	ISA.1.19	6
25:6	ZEC.8.3	6
25:6	MAT.26.29	6
25:6	ISA.55.1-ISA.55.2	5
25:6	PSA.72.14-PSA.72.16	4
25:6	PSA.78.68	4
25:6	PRO.9.1-PRO.9.5	4
25:6	ISA.25.10	4
25:6	MIC.4.1-MIC.4.2	4
25:6	MAT.22.1-MAT.22.10	4
25:6	SNG.1.2	3
25:6	SNG.1.4	3
25:6	SNG.2.3-SNG.2.5	3
25:6	SNG.5.1	3
25:6	DAN.7.14	3
25:6	LUK.5.39	2
25:6	LUK.14.16-LUK.14.23	2
25:6	JER.48.11	1
25:6	ISA.49.6-ISA.49.10	0
25:6	MRK.16.15	0
25:7	EPH.4.18	13
25:7	ISA.60.1-ISA.60.3	9
25:7	MAT.27.51	9
25:7	2CO.3.13-2CO.3.18	8
25:7	HEB.10.19-HEB.10.21	7
25:7	ACT.17.30	6
25:7	EPH.3.5-EPH.3.6	3
25:7	EPH.5.8	3
25:7	HEB.9.24	3
25:7	LUK.2.32	2
25:7	HEB.9.8	1
25:8	REV.21.4	56
25:8	REV.7.17	39
25:8	1CO.15.54	35
25:8	HOS.13.14	26
25:8	1CO.15.26	20
25:8	ISA.35.10	18
25:8	REV.20.14	18
25:8	2TI.1.10	15
25:8	ISA.30.26	13
25:8	MAL.3.17-MAL.3.18	11
25:8	ISA.54.4	10
25:8	ISA.65.19	10
25:8	ISA.30.19	9
25:8	ISA.51.11	9
25:8	ISA.60.15	9
25:8	HEB.2.14-HEB.2.15	9
25:8	PSA.69.9	8
25:8	ISA.61.7	8
25:8	ISA.66.5	8
25:8	1PE.4.14	8
25:8	PSA.89.50-PSA.89.51	7
25:8	ISA.37.3	7
25:8	MAT.5.11-MAT.5.12	7
25:9	PSA.27.14	25
25:9	GEN.49.18	19
25:9	MIC.7.7	17
25:9	ISA.26.8-ISA.26.9	14
25:9	PSA.20.5	12
25:9	ISA.35.2	12
25:9	REV.1.7	12
25:9	REV.19.1-REV.19.7	12
25:9	TIT.2.13	11
25:9	2PE.3.12	10
25:9	PSA.62.1-PSA.62.2	9
25:9	ISA.35.10	9
25:9	ISA.49.25-ISA.49.26	9
25:9	PSA.37.5-PSA.37.7	8
25:9	PSA.100.1	8
25:9	ISA.8.17	8
25:9	PSA.9.14	7
25:9	ISA.12.1-ISA.12.6	7
25:9	ISA.40.9	7
25:9	ISA.60.16	7
25:9	ROM.8.23-ROM.8.25	7
25:9	REV.22.20	7
25:9	ISA.35.4	6
25:9	ISA.66.10-ISA.66.14	6
25:9	ZEP.3.14-ZEP.3.20	6
25:9	LUK.2.25	6
25:9	LUK.2.28-LUK.2.30	6
25:9	ROM.5.2-ROM.5.3	6
25:9	1PE.1.6	6
25:9	1PE.1.8	6
25:9	PSA.21.1	5
25:9	PSA.62.5-PSA.62.7	5
25:9	ISA.33.22	5
25:9	PHP.3.1	5
25:9	PSA.95.1	4
25:9	ISA.30.18-ISA.30.19	4
25:9	PHP.3.3	4
25:9	ZEC.9.9	1
25:10	ISA.18.4	3
25:10	ISA.25.6	3
25:10	ISA.26.6	3
25:10	JER.48.2	3
25:10	AMO.2.1-AMO.2.3	3
25:10	ZEP.2.9	3
25:10	ZEP.3.15-ZEP.3.17	3
25:10	NUM.24.17	2
25:10	PSA.83.10	2
25:10	PSA.132.13-PSA.132.14	2
25:10	ISA.5.25	2
25:10	ISA.10.6	2
25:10	ISA.10.31	2
25:10	ISA.11.10	2
25:10	ISA.11.14	2
25:10	ISA.12.6	2
25:10	ISA.14.19	2
25:10	ISA.41.15-ISA.41.16	2
25:10	LAM.1.15	2
25:10	MIC.4.13	2
25:10	ZEC.9.9-ZEC.9.11	2
25:10	ISA.15.1-ISA.15.9	1
25:10	EZK.48.35	1
25:11	ISA.2.11	5
25:11	ISA.5.25	5
25:11	ISA.14.26	5
25:11	ISA.16.6	5
25:11	ISA.16.14	5
25:11	ISA.65.2	4
25:11	JER.48.42	4
25:11	JER.50.31-JER.50.32	4
25:11	JER.51.44	4
25:11	DAN.4.37	4
25:11	COL.2.15	4
25:11	JAS.4.6	4
25:11	PSA.2.5	3
25:11	ISA.10.33	3
25:11	ISA.13.11	3
25:11	ISA.25.5	3
25:11	ISA.53.12	3
25:11	PSA.2.8-PSA.2.12	2
25:11	PSA.110.1-PSA.110.7	2
25:11	JER.48.29	2
25:11	REV.18.6-REV.18.8	2
25:11	REV.19.18-REV.19.20	2
25:12	ISA.26.5	3
25:12	REV.18.21	3
25:12	ISA.13.19-ISA.13.22	2
25:12	ISA.14.23	2
25:12	ISA.15.1	2
25:12	JER.51.58	2
25:12	JER.51.64	2
25:12	2CO.10.4-2CO.10.5	2
25:12	HEB.11.30	2
26:1	ISA.60.18	6
26:1	ISA.62.11	6
26:1	ZEC.2.5	6
26:1	EPH.5.19-EPH.5.20	5
26:1	2SA.22.1-2SA.22.51	4
26:1	PSA.31.21	4
26:1	PSA.48.12	4
26:1	ISA.25.9	4
26:1	ISA.27.1-ISA.27.2	4
26:1	JER.33.11	4
26:1	EXO.15.2-EXO.15.21	3
26:1	NUM.21.17	3
26:1	JDG.5.1-JDG.5.31	3
26:1	EZR.3.11	3
26:1	ISA.2.11	3
26:1	ISA.2.20	3
26:1	ISA.12.1	3
26:1	ISA.24.21-ISA.24.23	3
26:1	MAT.16.18	3
26:1	REV.21.12-REV.21.22	3
26:1	PSA.137.3-PSA.137.4	2
26:1	ISA.5.1	2
26:1	REV.19.1-REV.19.7	2
26:2	REV.5.9	18
26:2	PSA.118.20	9
26:2	ISA.60.11	9
26:2	1PE.2.9	9
26:2	ISA.62.10	6
26:2	ISA.62.2	5
26:2	EXO.19.6	3
26:2	PSA.106.5	3
26:2	ISA.54.14	3
26:2	ISA.60.21	3
26:2	EZK.48.31-EZK.48.34	3
26:2	ACT.2.47	3
26:2	DEU.4.6-DEU.4.8	2
26:2	ISA.58.8	2
26:2	ZEC.8.20	2
26:2	REV.21.24	2
26:2	2PE.3.13	1
26:2	JUD.1.3	1
26:3	PHP.4.7	245
26:3	JHN.16.33	221
26:3	JHN.14.27	195
26:3	JER.17.7-JER.17.8	166
26:3	PSA.9.10	146
26:3	ROM.5.1	115
26:3	PSA.85.7-PSA.85.8	94
26:3	ROM.4.18-ROM.4.21	64
26:3	EPH.2.14-EPH.2.16	59
26:3	ISA.31.1	58
26:3	ISA.9.6-ISA.9.7	45
26:3	MIC.5.5	44
26:3	2CH.16.8	37
26:3	ISA.57.19-ISA.57.21	35
26:3	2CH.13.18	31
26:3	1CH.5.20	30
26:3	ISA.48.2	23
26:4	ISA.12.2	47
26:4	PSA.62.8	43
26:4	PHP.4.13	35
26:4	PSA.55.22	33
26:4	PSA.18.2	30
26:4	PSA.62.11	23
26:4	PSA.46.1	21
26:4	PRO.3.5-PRO.3.6	21
26:4	1SA.2.2	20
26:4	MAT.6.13	17
26:4	ISA.32.2	16
26:4	ISA.45.24	16
26:4	ISA.50.10	15
26:4	DEU.32.15	14
26:4	PSA.66.7	14
26:4	ISA.45.17	14
26:4	2CH.20.20	13
26:4	2CH.32.8	13
26:4	JOB.9.19	13
26:4	PSA.125.1	13
26:4	ISA.17.10	13
26:4	DEU.32.4	12
26:4	ISA.63.1	12
26:4	MAT.28.18	12
26:4	PSA.93.1	11
26:5	JOB.40.11-JOB.40.13	5
26:5	JER.51.37	5
26:5	REV.18.2	5
26:5	ISA.13.11	4
26:5	JER.51.25-JER.51.26	4
26:5	JER.51.64	4
26:5	ISA.2.12	3
26:5	ISA.14.13	3
26:5	ISA.25.11-ISA.25.12	3
26:5	ISA.32.19	3
26:5	ISA.47.1	3
26:5	JER.50.31-JER.50.32	3
26:6	LUK.10.19	5
26:6	ROM.16.20	5
26:6	REV.2.26	4
26:6	JOS.10.24	3
26:6	JAS.2.5	3
26:6	ISA.3.15	2
26:6	ISA.25.10	2
26:6	ISA.37.25	2
26:6	ISA.60.14	2
26:6	JER.50.45	2
26:6	DAN.7.27	2
26:6	ZEP.3.11	2
26:6	MAL.4.3	2
26:6	LUK.1.51-LUK.1.53	2
26:6	1CO.1.26	2
26:6	REV.3.9	0
26:7	EPH.2.10	8
26:7	ISA.42.16	7
26:7	2CO.1.12	6
26:7	1JN.3.7	6
26:7	1JN.3.10	6
26:7	JOB.27.5-JOB.27.6	5
26:7	PSA.11.7	5
26:7	PRO.20.7	5
26:7	1SA.2.2-1SA.2.4	4
26:7	1CH.29.17	4
26:7	JOB.31.6	4
26:7	PSA.1.6	4
26:7	PSA.18.23-PSA.18.26	4
26:7	ISA.35.8	4
26:7	1CO.4.5	4
26:7	PSA.11.4	3
26:7	ZEP.3.5	3
26:8	PSA.37.3-PSA.37.7	8
26:8	JAS.5.7-JAS.5.11	8
26:8	ISA.33.2	5
26:8	EXO.3.15	4
26:8	PSA.65.6	4
26:8	2TH.3.5	4
26:8	ACT.1.4	3
26:8	ROM.8.25	3
26:8	NUM.36.13	2
26:8	2SA.23.5	2
26:8	JOB.23.10-JOB.23.12	2
26:8	PSA.18.23	2
26:8	PSA.44.17-PSA.44.18	2
26:8	PSA.63.1-PSA.63.3	2
26:8	PSA.73.25	2
26:8	PSA.77.10-PSA.77.12	2
26:8	PSA.84.2	2
26:8	PSA.106.3	2
26:8	PSA.143.5-PSA.143.6	2
26:8	SNG.1.2-SNG.1.4	2
26:8	SNG.2.3-SNG.2.5	2
26:8	SNG.5.8	2
26:8	ISA.12.4	2
26:8	ISA.25.9	2
26:8	ISA.56.1	2
26:8	ISA.64.4-ISA.64.5	2
26:8	PSA.13.1-PSA.13.2	1
26:8	ISA.30.18	1
26:8	MIC.7.7	1
26:8	MAL.4.4	1
26:8	LUK.1.6	1
26:9	MAT.6.33	17
26:9	PSA.63.1	11
26:9	PSA.119.62	11
26:9	SNG.3.1-SNG.3.4	10
26:9	PSA.63.6-PSA.63.7	9
26:9	PSA.58.11	8
26:9	MRK.1.35	8
26:9	LUK.6.12	8
26:9	REV.11.13	8
26:9	PSA.77.2-PSA.77.3	7
26:9	PRO.8.17	7
26:9	ISA.55.6	7
26:9	PSA.64.9	6
26:9	PSA.78.34	6
26:9	PSA.83.18	6
26:9	PSA.130.6	6
26:9	SNG.5.2-SNG.5.8	6
26:9	ISA.27.9	6
26:9	HOS.5.15	6
26:9	NUM.14.21-NUM.14.23	4
26:10	HOS.11.7	5
26:10	JHN.5.37-JHN.5.38	5
26:10	ROM.2.4-ROM.2.5	4
26:10	EXO.8.15	3
26:10	EXO.8.31-EXO.8.32	3
26:10	EXO.9.34	3
26:10	DEU.32.15	3
26:10	PSA.106.43	3
26:10	PRO.1.32	3
26:10	ECC.3.16	3
26:10	JER.2.7	3
26:10	MIC.2.10	3
26:10	MIC.3.10-MIC.3.12	3
26:10	REV.2.21	3
26:10	1SA.15.17	2
26:10	PSA.28.4-PSA.28.5	2
26:10	PSA.78.54-PSA.78.58	2
26:10	PSA.143.10	2
26:10	ISA.2.10	2
26:10	ISA.5.12	2
26:10	ISA.22.12-ISA.22.13	2
26:10	ISA.24.5	2
26:10	ISA.27.13	2
26:10	JER.31.23	2
26:10	EZK.22.2-EZK.22.16	2
26:10	HOS.9.3	2
26:10	HOS.13.6	2
26:10	ISA.32.6	1
26:10	ISA.63.9-ISA.63.10	1
26:10	MAT.4.5	0
26:11	HEB.10.27	4
26:11	ISA.5.24	3
26:11	MIC.5.9	3
26:11	EXO.9.14	2
26:11	1SA.5.6-1SA.5.11	2
26:11	1SA.6.9	2
26:11	JOB.34.27	2
26:11	PSA.10.12	2
26:11	PSA.21.8	2
26:11	PSA.86.17	2
26:11	ISA.11.13	2
26:11	ISA.18.3	2
26:11	ISA.44.18	2
26:11	ISA.60.14	2
26:11	JER.5.3	2
26:11	JER.44.28	2
26:11	MAL.4.1	2
26:11	MAT.25.41	2
26:11	ACT.28.27	2
26:11	2TH.1.8	2
26:11	1PE.3.16	2
26:11	REV.3.9	2
26:11	ISA.44.9	1
26:11	LUK.16.23	1
26:11	REV.19.20	1
26:12	EPH.2.10	14
26:12	PSA.57.2	12
26:12	PSA.29.11	9
26:12	EZK.20.14	5
26:12	DEU.30.6	4
26:12	JER.33.6	4
26:12	HEB.13.20	4
26:12	ISA.57.10	2
26:12	JHN.14.27	2
26:12	EZK.20.9	1
26:12	EZK.20.22	1
26:12	EZK.36.25	1
26:13	ISA.2.8	3
26:13	ISA.63.7	3
26:13	JOS.23.7	2
26:13	2CH.12.8	2
26:13	ISA.10.11	2
26:13	ISA.12.4	2
26:13	ISA.51.22	2
26:13	AMO.6.10	2
26:13	ROM.6.22	2
26:13	HEB.13.15	2
26:13	JHN.8.32	1
26:13	1CO.4.7	1
26:14	PRO.10.7	5
26:14	REV.18.2-REV.18.3	5
26:14	PSA.106.28	4
26:14	ISA.8.19	4
26:14	ISA.14.19-ISA.14.22	4
26:14	ISA.51.12-ISA.51.13	4
26:14	HAB.2.18-HAB.2.20	4
26:14	EXO.14.30	3
26:14	DEU.4.28	3
26:14	PSA.9.6	3
26:14	PSA.109.13	3
26:14	ISA.10.3	3
26:14	MAT.2.20	3
26:14	REV.20.5	3
26:14	ISA.26.19	2
26:14	REV.19.19-REV.19.21	2
26:15	ISA.9.3	5
26:15	GEN.12.2	3
26:15	GEN.13.16	3
26:15	NUM.23.10	3
26:15	DEU.10.22	3
26:15	NEH.9.23	3
26:15	ISA.33.17	3
26:15	ISA.44.23	3
26:15	ISA.54.2-ISA.54.3	3
26:15	ISA.60.21	3
26:15	JER.30.19	3
26:15	JER.32.37	3
26:15	EZK.5.12	3
26:15	EZK.36.24	3
26:15	JHN.12.23-JHN.12.28	3
26:15	JHN.13.31-JHN.13.32	3
26:15	JHN.15.8	3
26:15	JHN.17.1	3
26:15	REV.11.15-REV.11.18	3
26:15	DEU.28.64	2
26:15	DEU.32.26-DEU.32.27	2
26:15	1KI.8.46	2
26:15	2KI.17.6	2
26:15	2KI.17.23	2
26:15	2KI.23.27	2
26:15	PSA.86.9-PSA.86.10	2
26:15	ISA.6.12	2
26:15	ISA.10.22	2
26:15	LUK.21.24	2
26:15	DEU.4.27-DEU.4.28	1
26:15	DEU.28.25	1
26:16	HOS.5.15	6
26:16	PSA.50.15	3
26:16	DEU.4.29-DEU.4.30	2
26:16	JDG.10.9-JDG.10.10	2
26:16	1SA.1.15	2
26:16	2CH.6.37-2CH.6.38	2
26:16	2CH.33.12-2CH.33.13	2
26:16	PSA.42.4	2
26:16	PSA.77.1-PSA.77.2	2
26:16	PSA.91.15	2
26:16	PSA.142.2	2
26:16	ISA.37.3	2
26:16	JER.22.23	2
26:16	LAM.2.19	2
26:16	HOS.7.14	2
26:16	REV.3.19	2
26:17	ISA.13.8	4
26:17	ISA.21.3	4
26:17	JHN.16.21	4
26:17	JER.4.31	3
26:17	1TH.5.3	3
26:17	PSA.48.6	2
26:17	JER.6.24	2
26:17	JER.30.6	2
26:18	PSA.17.14	5
26:18	HOS.13.13	5
26:18	2KI.19.3	4
26:18	ISA.37.3	4
26:18	ISA.59.4	4
26:18	ISA.33.11	3
26:18	EXO.5.22-EXO.5.23	1
26:18	JOS.7.7-JOS.7.9	1
26:18	1SA.11.13	1
26:18	1SA.14.45	1
26:18	JHN.7.7	1
26:18	1JN.5.19	1
26:19	DAN.12.2	35
26:19	EZK.37.1-EZK.37.14	23
26:19	MAT.27.52	18
26:19	EPH.5.14	17
26:19	HOS.13.14	14
26:19	PSA.71.20	13
26:19	REV.20.12-REV.20.13	13
26:19	HOS.6.2	12
26:19	ISA.25.8	10
26:19	1TH.4.14-1TH.4.15	10
26:19	JHN.5.28-JHN.5.29	9
26:19	PHP.3.21	9
26:19	JHN.11.25-JHN.11.26	8
26:19	ISA.60.1-ISA.60.2	7
26:19	1CO.15.22-1CO.15.23	7
26:19	REV.20.5-REV.20.6	7
26:19	ZEC.8.12	6
26:19	1CO.15.20	5
26:19	HOS.14.5	4
26:19	REV.11.8-REV.11.11	4
26:19	DEU.33.28	3
26:19	PSA.22.15	3
26:19	ISA.52.1-ISA.52.2	3
26:19	PHP.3.10	3
26:19	DEU.33.13	2
26:19	ISA.51.17	2
26:19	ACT.24.15	2
26:19	DEU.32.2	1
26:19	MAT.27.58	1
26:19	JOB.29.19	0
26:19	PSA.110.3	0
26:20	PSA.30.5	132
26:20	PSA.27.5	107
26:20	ISA.54.7-ISA.54.8	101
26:20	MAT.6.6	86
26:20	PSA.91.4	77
26:20	PRO.18.10	73
26:20	PSA.17.8	67
26:20	2CO.4.17	64
26:20	PSA.32.7	60
26:20	ISA.10.25	59
26:20	ISA.51.4	56
26:20	PSA.91.1	55
26:20	EXO.12.22-EXO.12.23	51
26:20	PSA.31.20	45
26:20	EZK.11.16	41
26:20	PSA.143.9	40
26:20	ISA.32.18-ISA.32.19	40
26:20	ISA.51.16	40
26:20	GEN.7.1	39
26:20	PSA.57.1	39
26:20	JER.31.14	37
26:20	GEN.7.16	36
26:20	JER.7.23	34
26:20	MAT.23.37	34
26:21	ISA.13.11	6
26:21	JUD.1.14-JUD.1.15	6
26:21	REV.6.9-REV.6.11	6
26:21	JOB.16.18	5
26:21	ISA.18.4	5
26:21	MIC.1.3-MIC.1.8	4
26:21	NUM.35.32-NUM.35.33	3
26:21	REV.16.6	3
26:21	GEN.4.10-GEN.4.11	2
26:21	PSA.50.2-PSA.50.3	2
26:21	ISA.30.12-ISA.30.14	2
26:21	EZK.8.6	2
26:21	EZK.9.3-EZK.9.6	2
26:21	EZK.24.7-EZK.24.8	2
26:21	LUK.11.40	2
26:21	LUK.11.50	2
26:21	2TH.1.7-2TH.1.10	2
26:21	EZK.10.3-EZK.10.5	1
26:21	EZK.10.18-EZK.10.19	1
26:21	HOS.5.14-HOS.5.15	1
26:21	REV.18.24	1
27:1	ISA.51.9	12
27:1	ISA.66.16	12
27:1	EZK.29.3	12
27:1	REV.12.3-REV.13.2	11
27:1	JOB.26.13	10
27:1	PSA.104.26	10
27:1	REV.20.2	10
27:1	PSA.74.13-PSA.74.14	8
27:1	REV.19.21	6
27:1	JOB.40.19	5
27:1	JER.51.34	5
27:1	EZK.32.2-EZK.32.5	5
27:1	DEU.32.41-DEU.32.42	4
27:1	JOB.3.8	4
27:1	JOB.12.1-JOB.12.25	4
27:1	PSA.45.3	4
27:1	ISA.26.21	4
27:1	ISA.34.5-ISA.34.6	4
27:1	ISA.65.25	4
27:1	JER.47.6	4
27:1	JER.51.13	4
27:1	REV.2.16	4
27:1	REV.13.4	4
27:1	REV.13.11	4
27:1	REV.16.13	4
27:1	REV.17.1	4
27:1	REV.17.15	4
27:2	JER.2.21	4
27:2	NUM.21.17	2
27:2	PSA.80.8-PSA.80.19	2
27:2	ISA.5.1-ISA.5.7	2
27:2	MAT.21.33-MAT.21.46	2
27:2	LUK.20.9-LUK.20.18	2
27:3	ISA.58.11	13
27:3	JHN.15.1-JHN.15.2	10
27:3	1SA.2.9	9
27:3	PSA.121.3-PSA.121.5	7
27:3	EZK.34.11	5
27:3	EZK.37.14	5
27:3	ISA.46.9	4
27:3	ISA.55.10-ISA.55.11	4
27:3	ISA.60.16	4
27:3	EZK.34.24	4
27:3	GEN.6.17	3
27:3	DEU.33.26-DEU.33.29	3
27:3	PSA.46.5	3
27:3	PSA.46.11	3
27:3	ISA.5.6	3
27:3	ISA.35.6-ISA.35.7	3
27:3	ISA.41.13-ISA.41.19	3
27:3	ISA.46.4	3
27:3	GEN.9.9	2
27:3	EZK.37.28	2
27:3	JHN.10.27-JHN.10.30	2
27:4	ISA.10.17	5
27:4	HEB.6.8	5
27:4	MAT.3.12	4
27:4	2SA.23.6	3
27:4	PSA.85.3	3
27:4	PSA.103.9	2
27:4	ISA.12.1	2
27:4	ISA.26.20-ISA.26.21	2
27:4	ISA.54.6-ISA.54.10	2
27:4	EZK.16.63	2
27:4	NAM.1.3-NAM.1.7	2
27:4	MAL.4.3	2
27:4	2PE.2.9	2
27:4	ISA.9.18	1
27:5	JOB.22.21	5
27:5	ISA.25.4	5
27:5	ISA.57.19	4
27:5	EPH.2.16-EPH.2.17	4
27:5	JOS.10.6	3
27:5	ISA.26.3-ISA.26.4	3
27:5	ISA.45.24	3
27:5	ISA.56.2	3
27:5	EZK.34.25-EZK.34.26	3
27:5	HOS.2.18-HOS.2.20	3
27:5	2CO.5.19-2CO.5.21	3
27:5	COL.1.20-COL.1.21	3
27:5	HEB.6.18	3
27:5	JOS.9.24-JOS.9.25	2
27:5	ISA.64.7	2
27:5	LUK.19.42	2
27:5	ROM.5.1-ROM.5.10	2
27:5	LUK.13.34	1
27:5	LUK.14.32	1
27:6	ISA.37.31	11
27:6	HOS.14.5-HOS.14.6	9
27:6	ROM.11.16-ROM.11.26	4
27:6	PSA.92.13-PSA.92.15	3
27:6	ISA.54.1-ISA.54.3	3
27:6	HOS.2.23	3
27:6	ZEC.2.11	3
27:6	ISA.60.22	2
27:6	JER.30.19	2
27:6	ZEC.10.8-ZEC.10.9	2
27:6	ISA.6.13	1
27:6	ISA.49.20-ISA.49.23	1
27:6	GAL.3.29	0
27:6	PHP.3.3	0
27:6	REV.11.15	0
27:7	ISA.37.36-ISA.37.38	3
27:7	ISA.10.20-ISA.10.25	2
27:7	ISA.14.22-ISA.14.23	2
27:7	ISA.17.3	2
27:7	ISA.17.14	2
27:7	JER.30.11-JER.30.16	2
27:7	JER.50.33-JER.50.34	2
27:7	JER.50.40	2
27:7	JER.51.24	2
27:7	DAN.2.31-DAN.2.35	2
27:7	NAM.1.14	2
27:7	NAM.3.19	2
27:8	JER.4.11	4
27:8	JER.10.24	4
27:8	EZK.19.12	4
27:8	HOS.4.1	4
27:8	JER.2.17-JER.2.37	3
27:8	JER.4.27	3
27:8	JER.30.11	3
27:8	JER.46.28	3
27:8	HOS.6.1-HOS.6.2	3
27:8	HOS.13.15	3
27:8	1PE.1.6	3
27:8	JDG.10.10-JDG.10.16	2
27:8	JOB.23.6	2
27:8	PSA.6.1	2
27:8	PSA.38.1	2
27:8	PSA.76.10	2
27:8	PSA.78.38	2
27:8	PSA.103.14	2
27:8	ISA.1.5	2
27:8	ISA.1.18-ISA.1.20	2
27:8	ISA.5.3-ISA.5.4	2
27:8	ISA.10.5-ISA.10.6	2
27:8	ISA.10.12	2
27:8	ISA.50.1	2
27:8	ISA.54.7	2
27:8	ISA.57.16	2
27:8	HOS.11.7-HOS.11.9	2
27:8	MIC.6.2-MIC.6.5	2
27:8	1CO.10.13	2
27:9	ISA.48.10	4
27:9	ROM.11.27	4
27:9	ISA.17.8	3
27:9	DAN.11.35	3
27:9	EXO.34.13	2
27:9	2KI.25.9	2
27:9	2KI.25.13-2KI.25.17	2
27:9	2CH.14.5	2
27:9	2CH.34.4	2
27:9	2CH.36.19	2
27:9	EZR.3.2-EZR.3.3	2
27:9	PSA.119.67	2
27:9	PSA.119.71	2
27:9	PRO.20.30	2
27:9	ISA.1.24-ISA.1.25	2
27:9	ISA.1.29	2
27:9	ISA.2.12-ISA.2.21	2
27:9	ISA.4.4	2
27:9	EZK.11.18	2
27:9	EZK.20.38	2
27:9	EZK.24.11-EZK.24.14	2
27:9	HOS.14.8	2
27:9	MIC.5.13-MIC.5.14	2
27:9	ZEC.13.2	2
27:9	MAL.3.2-MAL.3.3	2
27:9	1CO.11.32	2
27:9	HEB.12.6	2
27:9	HEB.12.9-HEB.12.11	2
27:10	ISA.17.2	4
27:10	ISA.17.9	3
27:10	ISA.32.13-ISA.32.14	3
27:10	JER.26.6	3
27:10	JER.26.18	3
27:10	MIC.3.12	3
27:10	ISA.5.9-ISA.5.10	2
27:10	ISA.6.11-ISA.6.12	2
27:10	ISA.7.25	2
27:10	ISA.25.2	2
27:10	ISA.64.10	2
27:10	LAM.1.4	2
27:10	LAM.2.5-LAM.2.9	2
27:10	LAM.5.18	2
27:10	EZK.36.4	2
27:10	LUK.19.43-LUK.19.44	2
27:10	LUK.21.20-LUK.21.24	2
27:11	ISA.1.3	4
27:11	ISA.43.1	4
27:11	ISA.43.7	4
27:11	ISA.44.24	4
27:11	JER.8.7	4
27:11	JER.4.22	3
27:11	EZK.9.10	3
27:11	MAT.3.10	3
27:11	JHN.15.6	3
27:11	GEN.6.6-GEN.6.7	2
27:11	DEU.4.6	2
27:11	DEU.32.18-DEU.32.25	2
27:11	DEU.32.28-DEU.32.29	2
27:11	2CH.36.16-2CH.36.17	2
27:11	PSA.80.15-PSA.80.16	2
27:11	PSA.106.40	2
27:11	ISA.9.17	2
27:11	ISA.44.2	2
27:11	ISA.44.18-ISA.44.21	2
27:11	JER.5.4-JER.5.5	2
27:11	JER.5.21-JER.5.22	2
27:11	EZK.15.2-EZK.15.8	2
27:11	EZK.20.47	2
27:11	HOS.4.6	2
27:11	MAT.13.15	2
27:11	MAT.13.19	2
27:11	ROM.1.31	2
27:11	1TH.2.16	2
27:11	2TH.1.8-2TH.1.9	2
27:11	JAS.2.13	2
27:11	ROM.1.28	1
27:12	GEN.15.18	6
27:12	DEU.30.3-DEU.30.4	4
27:12	NEH.1.9	4
27:12	ISA.56.8	4
27:12	PSA.68.22	3
27:12	PSA.72.8	3
27:12	ISA.11.11-ISA.11.16	3
27:12	ISA.17.6	3
27:12	ISA.24.13-ISA.24.16	3
27:12	JER.3.14	3
27:12	AMO.9.9	3
27:12	MAT.18.12-MAT.18.14	3
27:12	LUK.15.4	3
27:12	JHN.10.16	3
27:12	JHN.6.37	2
27:13	MAT.24.31	7
27:13	LEV.25.9	6
27:13	ISA.19.23-ISA.19.25	5
27:13	HEB.12.22	5
27:13	1CH.15.24	4
27:13	ISA.11.16	4
27:13	ZEC.14.16	4
27:13	LUK.4.18	4
27:13	NUM.10.2-NUM.10.4	3
27:13	PSA.47.5	3
27:13	PSA.81.3	3
27:13	PSA.89.15	3
27:13	ISA.2.3	3
27:13	ISA.2.11	3
27:13	ISA.11.12	3
27:13	ISA.16.3-ISA.16.4	3
27:13	ISA.18.3	3
27:13	ISA.19.21	3
27:13	ISA.25.6	3
27:13	ISA.56.8	3
27:13	ISA.66.18	3
27:13	JER.43.7	3
27:13	JER.44.28	3
27:13	HOS.8.13	3
27:13	HOS.9.3	3
27:13	ZEC.9.13-ZEC.9.16	3
27:13	ZEC.10.8-ZEC.10.12	3
27:13	JHN.4.21-JHN.4.24	3
27:13	ROM.10.18	3
27:13	1TH.4.16	3
27:13	REV.8.2	3
27:13	REV.8.6-REV.9.1	3
27:13	REV.9.14	3
27:13	REV.10.7	3
27:13	REV.11.15-REV.11.18	3
27:13	2KI.17.6	2
27:13	HOS.11.11	2
27:13	MAL.1.11	2
28:1	HOS.7.5	5
28:1	ISA.28.7	4
28:1	2KI.14.25-2KI.14.27	3
28:1	ISA.28.3-ISA.28.4	3
28:1	2KI.15.29	2
28:1	2KI.18.10-2KI.18.12	2
28:1	2CH.28.6	2
28:1	2CH.30.6-2CH.30.7	2
28:1	PRO.23.29	2
28:1	ISA.5.11	2
28:1	ISA.5.22	2
28:1	ISA.7.8-ISA.7.9	2
28:1	ISA.8.4	2
28:1	ISA.9.9	2
28:1	HOS.4.11	2
28:1	HOS.5.5	2
28:1	HOS.6.10	2
28:1	AMO.2.8	2
28:1	AMO.2.12	2
28:1	AMO.6.1	2
28:1	AMO.6.6	2
28:2	ISA.30.30	4
28:2	EZK.13.11	4
28:2	NAM.1.8	4
28:2	ISA.27.1	3
28:2	ISA.29.6	3
28:2	ISA.8.7-ISA.8.8	2
28:2	ISA.9.9-ISA.9.12	2
28:2	ISA.25.4	2
28:2	ISA.28.15-ISA.28.19	2
28:2	ISA.40.10	2
28:2	EZK.30.10-EZK.30.11	2
28:2	MAT.7.25-MAT.7.27	2
28:2	REV.18.8	2
28:3	ISA.26.6	3
28:3	HEB.10.29	3
28:3	2KI.9.33	2
28:3	ISA.28.1	2
28:3	DAN.8.13	2
28:3	REV.11.2	2
28:3	ISA.25.10	1
28:3	LAM.1.15	1
28:4	NAM.3.12	5
28:4	MIC.7.1	4
28:4	ISA.28.1	3
28:4	HOS.6.4	3
28:4	PSA.73.19-PSA.73.20	2
28:4	HOS.9.10-HOS.9.11	2
28:4	HOS.9.16	2
28:4	HOS.13.1	2
28:4	HOS.13.15	2
28:4	JAS.1.10-JAS.1.11	2
28:4	REV.6.13	2
28:5	1PE.5.4	8
28:5	ISA.62.3	7
28:5	ISA.60.19	6
28:5	ROM.11.5-ROM.11.6	5
28:5	JOB.29.14	4
28:5	PSA.90.16-PSA.90.17	4
28:5	ISA.41.16	4
28:5	ISA.45.25	4
28:5	JER.9.23-JER.9.24	4
28:5	1CO.1.30-1CO.1.31	3
28:5	ISA.10.20-ISA.10.21	2
28:5	ISA.11.16	2
28:5	ISA.37.31-ISA.37.32	2
28:5	ISA.60.1-ISA.60.3	2
28:5	ZEC.6.13-ZEC.6.15	2
28:5	2CO.4.17	2
28:5	LUK.2.32	1
28:6	PSA.18.32-PSA.18.34	7
28:6	JHN.5.30	6
28:6	NUM.11.16-NUM.11.17	5
28:6	JOS.1.9	5
28:6	ISA.11.2-ISA.11.4	5
28:6	ISA.32.15-ISA.32.16	4
28:6	JHN.3.34	4
28:6	GEN.41.38-GEN.41.39	3
28:6	NUM.27.16-NUM.27.18	3
28:6	DEU.20.4	3
28:6	1KI.3.28	3
28:6	2CH.32.8	3
28:6	PSA.46.1	3
28:6	PSA.46.11	3
28:6	PSA.72.1-PSA.72.4	3
28:6	PRO.20.8	3
28:6	1CO.12.8	3
28:7	ISA.56.10-ISA.56.12	6
28:7	LUK.21.34	5
28:7	PRO.20.1	4
28:7	ECC.10.17	4
28:7	ISA.19.14	4
28:7	MIC.2.11	4
28:7	MAT.24.29	4
28:7	LEV.10.9-LEV.10.10	3
28:7	PSA.107.27	3
28:7	ISA.3.12	3
28:7	JER.14.14	3
28:7	JER.23.13	3
28:7	JER.23.16	3
28:7	EZK.44.21	3
28:7	PRO.31.4-PRO.31.5	2
28:7	ISA.5.11	2
28:7	ISA.5.22	2
28:7	ISA.9.15-ISA.9.16	2
28:7	ISA.22.13	2
28:7	ISA.24.2	2
28:7	ISA.29.11	2
28:7	LAM.2.4	2
28:7	EZK.13.7	2
28:7	HOS.4.11-HOS.4.12	2
28:7	EPH.5.28	2
28:8	JER.48.26	4
28:8	PRO.26.11	3
28:8	HAB.2.15-HAB.2.16	2
28:9	PSA.131.2	14
28:9	JER.6.10	13
28:9	JHN.12.38	9
28:9	MAT.11.25	8
28:9	MAT.21.15-MAT.21.16	8
28:9	ISA.53.1	7
28:9	ISA.54.13	7
28:9	JER.5.31	7
28:9	JHN.3.19	7
28:9	1PE.2.2	7
28:9	PSA.50.17	5
28:9	PRO.1.29	5
28:9	ISA.30.10-ISA.30.12	5
28:9	ISA.50.4	5
28:9	MRK.10.15	5
28:9	JHN.12.47-JHN.12.48	5
28:9	ISA.48.17	3
28:9	ISA.28.26	2
28:9	ISA.30.20	2
28:10	ISA.28.13	12
28:10	2TI.3.7	11
28:10	JER.11.7	8
28:10	JER.25.3-JER.25.7	5
28:10	NEH.9.29-NEH.9.30	4
28:10	HEB.5.12	4
28:10	DEU.6.1-DEU.6.6	3
28:10	2CH.36.15-2CH.36.16	3
28:10	ISA.5.4	3
28:10	MAT.21.34-MAT.21.41	3
28:10	PHP.3.1	2
28:11	1CO.14.21	21
28:11	DEU.28.49	14
28:11	JER.5.15	12
28:11	ISA.33.19	10
28:12	MAT.11.28-MAT.11.29	12
28:12	ISA.30.15	11
28:12	JER.6.16	8
28:12	ISA.11.10	6
28:12	JER.44.16	5
28:12	ZEC.7.14	5
28:12	HEB.12.25	5
28:12	2CH.14.11	4
28:12	PSA.81.11-PSA.81.13	4
28:12	ZEC.7.11	4
28:12	2CH.16.8-2CH.16.9	3
28:13	MAT.13.14	7
28:13	ISA.6.9-ISA.6.10	5
28:13	PSA.69.22	4
28:13	ISA.8.14-ISA.8.15	4
28:13	ISA.28.10	4
28:13	JER.23.36-JER.23.38	4
28:13	MAT.21.44	4
28:13	2PE.3.16	4
28:13	1PE.2.7-1PE.2.8	3
28:13	HOS.6.5	2
28:13	HOS.8.12	2
28:13	ROM.11.9	2
28:13	2CO.2.16	2
28:14	ISA.28.22	5
28:14	ISA.1.10	4
28:14	ISA.29.20	4
28:14	ACT.13.41	3
28:14	PRO.1.22	2
28:14	PRO.3.34	2
28:14	PRO.29.8	2
28:14	ISA.5.9	2
28:14	HOS.7.5	2
28:15	ISA.8.7-ISA.8.8	5
28:15	ECC.8.8	4
28:15	ISA.28.18	4
28:15	JER.5.31	4
28:15	EZK.13.22	4
28:15	DAN.11.22	4
28:15	HOS.2.18	4
28:15	AMO.2.4	4
28:15	JOB.5.23	3
28:15	JOB.15.25-JOB.15.27	3
28:15	ISA.5.18-ISA.5.19	3
28:15	ISA.9.15	3
28:15	ISA.28.2	3
28:15	ISA.29.15	3
28:15	ISA.30.10	3
28:15	ISA.30.28	3
28:15	JER.14.13	3
28:15	JER.16.19	3
28:15	JER.28.15-JER.28.17	3
28:15	JER.44.17	3
28:15	EZK.8.12	3
28:15	EZK.13.16	3
28:15	JON.2.8	3
28:15	ZEP.1.12	3
28:15	2TH.2.9-2TH.2.11	3
28:16	PSA.118.22	104
28:16	ACT.4.11-ACT.4.12	91
28:16	1PE.2.6-1PE.2.8	85
28:16	LUK.20.17-LUK.20.18	75
28:16	ROM.9.33	70
28:16	MRK.12.10	56
28:16	MAT.21.42	53
28:16	ISA.8.14-ISA.8.15	51
28:16	EPH.2.20	46
28:16	1CO.3.11	38
28:16	ROM.10.11	34
28:16	ZEC.3.9	22
28:16	GEN.49.24	17
28:16	PSA.112.7-PSA.112.8	15
28:16	ISA.30.18	13
28:16	HAB.2.3-HAB.2.4	12
28:16	JAS.5.7-JAS.5.8	10
28:16	GEN.49.10	8
28:17	2KI.21.13	6
28:17	AMO.7.7-AMO.7.9	4
28:17	REV.16.21	4
28:17	ISA.28.2	3
28:17	JER.7.14	3
28:17	ROM.2.2	3
28:17	ROM.2.5	3
28:17	REV.11.19	3
28:17	EXO.9.18-EXO.9.19	2
28:17	JOS.10.11	2
28:17	JOB.22.16	2
28:17	PSA.94.15	2
28:17	ISA.5.16	2
28:17	ISA.10.22	2
28:17	ISA.25.4	2
28:17	ISA.30.28	2
28:17	ISA.32.2	2
28:17	ISA.32.18-ISA.32.19	2
28:17	JER.7.4-JER.7.8	2
28:17	JER.7.20	2
28:17	JER.23.19	2
28:17	JER.30.23-JER.30.24	2
28:17	EZK.13.10-EZK.13.16	2
28:17	EZK.38.22	2
28:17	DAN.11.22	2
28:17	MAT.7.27	2
28:17	ROM.9.28	2
28:17	2PE.3.6-2PE.3.7	2
28:17	REV.8.7	2
28:17	REV.19.2	2
28:17	ISA.28.15	1
28:18	ISA.7.7	10
28:18	ISA.8.10	9
28:18	ISA.28.15	6
28:18	ISA.28.3	3
28:18	DAN.11.40	3
28:18	MAL.4.1-MAL.4.3	3
28:18	ISA.2.15	2
28:18	ISA.8.8	2
28:18	JER.44.28	2
28:18	JER.47.2	2
28:18	EZK.17.15	2
28:18	DAN.8.9-DAN.8.13	2
28:18	DAN.9.26-DAN.9.27	2
28:18	ZEC.1.6	2
28:18	REV.12.15	2
28:18	REV.17.15	2
28:19	HAB.3.16	4
28:19	2KI.24.2	3
28:19	ISA.10.5-ISA.10.6	3
28:19	ISA.33.7	3
28:19	ISA.36.22	3
28:19	ISA.37.3	3
28:19	ISA.50.4	3
28:19	JER.19.3	3
28:19	DAN.7.28	3
28:19	DAN.8.27	3
28:19	LUK.21.25-LUK.21.26	3
28:19	1SA.3.11	2
28:19	2KI.17.6	2
28:19	2KI.18.13	2
28:19	2KI.21.12	2
28:19	JOB.18.11	2
28:19	EZK.21.19-EZK.21.23	2
28:20	ISA.64.6	5
28:20	1CO.1.18-1CO.1.31	5
28:20	ROM.9.30-ROM.9.32	4
28:20	ISA.57.12-ISA.57.13	3
28:20	ISA.59.5-ISA.59.6	3
28:20	ISA.66.3-ISA.66.6	3
28:20	JER.7.8-JER.7.10	3
28:21	1CH.14.11	10
28:21	JOS.10.12	8
28:21	2SA.5.20	8
28:21	JOS.10.10	6
28:21	2SA.5.25	4
28:21	1CH.14.16	4
28:21	LAM.2.15	4
28:21	DEU.29.21-DEU.29.24	3
28:21	ISA.28.19	3
28:21	ISA.29.14	3
28:21	LUK.19.41-LUK.19.44	3
28:21	ISA.10.12	2
28:21	JER.30.14	2
28:21	LAM.3.33	1
28:21	EZK.33.21	1
28:22	ISA.10.22-ISA.10.23	7
28:22	ISA.24.1-ISA.24.23	5
28:22	2CH.30.10	3
28:22	2CH.36.16	3
28:22	PSA.107.16	3
28:22	ISA.28.14-ISA.28.15	3
28:22	ISA.32.12-ISA.32.14	3
28:22	JER.15.17	3
28:22	JER.20.7	3
28:22	JER.25.11	3
28:22	JER.39.7	3
28:22	LAM.1.14	3
28:22	DAN.9.26-DAN.9.27	3
28:22	MAT.27.39	3
28:22	MAT.27.44	3
28:22	LUK.21.24	3
28:22	ACT.13.40-ACT.13.41	3
28:22	ACT.17.32	3
28:22	REV.22.18-REV.22.19	3
28:22	2CH.33.11	2
28:23	ISA.1.2	3
28:23	JER.22.29	3
28:23	DEU.32.1	2
28:23	REV.2.7	2
28:23	REV.2.11	2
28:23	REV.2.14	2
28:23	REV.2.29	2
28:24	JER.4.3	3
28:24	HOS.10.11-HOS.10.12	3
28:25	EZK.4.9	4
28:25	MAT.23.23	3
28:25	EXO.9.31-EXO.9.32	2
28:26	EXO.31.3-EXO.31.6	4
28:26	EXO.36.2	4
28:26	EXO.28.3	3
28:26	JOB.35.11	3
28:26	JOB.39.17	3
28:26	PSA.144.1	3
28:26	DAN.1.17	3
28:26	JAS.1.17	3
28:27	ISA.41.15	3
28:27	2KI.13.7	2
28:27	ISA.27.7-ISA.27.8	2
28:27	JER.10.24	2
28:27	JER.46.28	2
28:27	AMO.1.3	2
28:28	ISA.21.10	2
28:28	AMO.9.9	2
28:28	MAT.3.12	2
28:28	MAT.13.37-MAT.13.43	2
28:28	JHN.12.24	2
28:28	1CO.3.9	2
28:28	1CO.9.9-1CO.9.10	2
28:28	LUK.22.31-LUK.22.32	1
28:29	ROM.11.33	11
28:29	JOB.5.9	8
28:29	JER.32.19	8
28:29	ISA.9.6	7
28:29	PSA.40.5	5
28:29	PSA.92.5	5
28:29	JOB.37.23	4
28:29	DAN.4.2-DAN.4.3	4
28:29	ISA.28.21-ISA.28.22	3
29:1	2SA.5.9	5
29:1	AMO.4.4-AMO.4.5	5
29:1	MIC.6.6-MIC.6.7	4
29:1	ISA.66.3	3
29:1	EZK.43.15-EZK.43.16	3
29:1	HOS.5.6	3
29:1	HOS.8.13	3
29:1	HOS.9.4	3
29:1	ISA.31.9	2
29:1	HEB.10.1	2
29:1	ISA.1.11-ISA.1.15	1
29:1	ISA.22.12-ISA.22.13	1
29:1	JER.7.21	1
29:2	ISA.5.25-ISA.5.30	3
29:2	ISA.3.26	2
29:2	ISA.10.5-ISA.10.6	2
29:2	ISA.10.32	2
29:2	ISA.17.14	2
29:2	ISA.24.1-ISA.24.12	2
29:2	ISA.33.7-ISA.33.9	2
29:2	ISA.34.6	2
29:2	ISA.36.22	2
29:2	ISA.37.3	2
29:2	JER.32.28-JER.32.32	2
29:2	JER.39.4-JER.39.5	2
29:2	LAM.2.5	2
29:2	EZK.22.31	2
29:2	EZK.39.17	2
29:2	ZEP.1.7-ZEP.1.8	2
29:2	REV.19.17-REV.19.18	2
29:2	EZK.24.3-EZK.24.13	1
29:3	LUK.19.43-LUK.19.44	4
29:3	EZK.21.22	3
29:3	2KI.18.17	2
29:3	2KI.19.32	2
29:3	2KI.24.11-2KI.24.12	2
29:3	2KI.25.1-2KI.25.4	2
29:3	MAT.22.7	2
29:4	ISA.8.19	9
29:4	PSA.44.25	5
29:4	ISA.3.8	4
29:4	ISA.2.11-ISA.2.21	3
29:4	ISA.51.23	3
29:4	LAM.1.9	3
29:5	1TH.5.3	6
29:5	ISA.30.13	4
29:5	ISA.37.36	4
29:5	ISA.17.13-ISA.17.14	3
29:5	ISA.31.3	3
29:5	JOB.21.18	2
29:5	PSA.1.4	2
29:5	PSA.35.5	2
29:5	PSA.46.5-PSA.46.6	2
29:5	PSA.76.5-PSA.76.6	2
29:5	ISA.10.16-ISA.10.19	2
29:5	ISA.25.5	2
29:5	ISA.31.8	2
29:6	MRK.13.8	6
29:6	1SA.2.10	5
29:6	MAT.24.7	5
29:6	REV.11.19	5
29:6	REV.16.18	5
29:6	1SA.12.17-1SA.12.18	4
29:6	2SA.22.14	4
29:6	ISA.5.26-ISA.5.30	4
29:6	ISA.28.2	4
29:6	ISA.30.30	4
29:6	LUK.21.11	4
29:6	REV.11.13	4
29:6	ISA.33.11-ISA.33.14	3
29:7	JOB.20.8	5
29:7	MIC.4.11-MIC.4.12	4
29:7	ZEC.12.9	4
29:7	PSA.73.20	3
29:7	ISA.17.14	3
29:7	ZEC.12.3-ZEC.12.5	3
29:7	ZEC.14.12-ZEC.14.15	3
29:7	REV.20.8-REV.20.9	3
29:7	ISA.37.36	2
29:7	ISA.41.11-ISA.41.12	2
29:7	JER.25.31-JER.25.33	2
29:7	JER.51.42-JER.51.44	2
29:7	NAM.1.3-NAM.1.12	2
29:7	ZEC.14.1-ZEC.14.3	2
29:8	PSA.73.20	3
29:8	ISA.44.12	3
29:8	ISA.10.7-ISA.10.16	2
29:8	2CH.32.21	1
29:9	ISA.51.21-ISA.51.22	7
29:9	ISA.19.14	5
29:9	ISA.33.13-ISA.33.14	5
29:9	ISA.49.26	5
29:9	REV.17.6	5
29:9	ISA.28.7-ISA.28.8	4
29:9	ISA.1.2	3
29:9	ISA.22.12-ISA.22.13	3
29:9	ISA.29.10	3
29:9	ISA.51.17	3
29:9	JER.2.12	3
29:9	JER.23.9	3
29:9	JER.25.27	3
29:9	JER.51.7	3
29:9	LAM.4.21	3
29:9	HAB.1.5	3
29:9	MAT.26.45	3
29:9	MRK.14.41	3
29:9	ACT.13.40-ACT.13.41	3
29:10	ROM.11.8	9
29:10	ISA.44.18	8
29:10	2TH.2.9-2TH.2.12	6
29:10	ISA.6.9-ISA.6.10	5
29:10	ISA.30.10	5
29:10	ACT.28.26-ACT.28.27	5
29:10	1SA.9.9	4
29:10	JER.26.8-JER.26.11	4
29:10	2CO.4.4	4
29:10	1SA.26.12	3
29:10	PSA.69.23	3
29:10	ISA.3.2-ISA.3.3	3
29:10	EZK.14.9	3
29:10	MIC.3.6	3
29:10	ISA.29.14	2
29:10	AMO.7.12-AMO.7.13	2
29:10	MIC.3.1	2
29:11	MAT.13.11	6
29:11	ISA.8.16	5
29:11	DAN.12.4	5
29:11	DAN.12.9	4
29:11	MAT.11.25	3
29:11	MAT.16.17	2
29:11	REV.5.1-REV.5.9	2
29:11	REV.6.1	2
29:12	JHN.7.15-JHN.7.16	7
29:12	ISA.29.18	4
29:12	ISA.28.12-ISA.28.13	2
29:12	JER.5.4	2
29:12	HOS.4.6	2
29:13	JER.12.2	33
29:13	EZK.33.31-EZK.33.33	33
29:13	MRK.7.2-MRK.7.13	29
29:13	MAT.15.2-MAT.15.9	20
29:13	JER.3.10	19
29:13	ISA.58.2-ISA.58.3	15
29:13	PRO.30.6	11
29:13	JER.5.2	10
29:13	ISA.48.1-ISA.48.2	9
29:13	JER.42.2-JER.42.4	9
29:13	COL.2.22	9
29:13	JER.42.20	6
29:13	2CH.29.1-2CH.29.31	5
29:13	PSA.17.1	5
29:13	ISA.10.6	1
29:14	HAB.1.5	11
29:14	1CO.1.19-1CO.1.24	9
29:14	ISA.28.21	7
29:14	JER.49.7	6
29:14	JHN.9.39-JHN.9.41	6
29:14	JOB.5.13	5
29:14	ISA.6.9-ISA.6.10	5
29:14	OBA.1.8	5
29:14	LUK.10.24	5
29:14	JHN.9.29-JHN.9.34	5
29:14	ISA.19.3	4
29:14	ISA.19.11-ISA.19.14	4
29:14	ISA.29.9-ISA.29.10	4
29:14	JER.8.7-JER.8.9	4
29:14	ACT.28.26-ACT.28.27	4
29:14	ROM.1.28	4
29:14	1CO.3.19	4
29:14	ROM.1.21-ROM.1.22	3
29:15	EZK.8.12	13
29:15	ISA.47.10	11
29:15	ISA.30.1	10
29:15	PSA.94.7-PSA.94.9	8
29:15	PSA.10.11-PSA.10.13	7
29:15	PSA.59.7	7
29:15	PSA.139.1-PSA.139.8	7
29:15	ISA.28.15	7
29:15	JER.23.24	7
29:15	EZK.9.9	7
29:15	ZEP.1.12	7
29:15	MAL.2.17	7
29:15	LUK.12.1-LUK.12.3	7
29:15	JOB.22.13-JOB.22.14	6
29:15	JOB.24.13-JOB.24.17	6
29:15	JOB.34.22	6
29:15	1CO.4.5	6
29:15	PSA.64.5-PSA.64.6	5
29:15	PSA.73.11	5
29:15	ISA.5.18-ISA.5.19	5
29:15	ISA.57.12	5
29:15	2CO.4.2	5
29:15	ISA.28.17	4
29:15	JHN.3.19	4
29:15	REV.2.23	4
29:16	ROM.9.19-ROM.9.21	15
29:16	ISA.64.8	12
29:16	ISA.45.9-ISA.45.11	10
29:16	PSA.94.8-PSA.94.9	7
29:16	JER.18.1-JER.18.10	6
29:16	ISA.24.1	1
29:17	ISA.32.15	8
29:17	MAT.19.30	4
29:17	HEB.10.37	3
29:17	PSA.84.6	2
29:17	PSA.107.33	2
29:17	PSA.107.35	2
29:17	ISA.5.6	2
29:17	ISA.35.1-ISA.35.2	2
29:17	ISA.41.19	2
29:17	ISA.49.5-ISA.49.6	2
29:17	ISA.55.13	2
29:17	ISA.63.18	2
29:17	ISA.65.12-ISA.65.16	2
29:17	EZK.20.46-EZK.20.47	2
29:17	HOS.1.9-HOS.1.10	2
29:17	HOS.3.4	2
29:17	MIC.3.12	2
29:17	HAB.2.3	2
29:17	HAG.2.6	2
29:17	ZEC.11.1-ZEC.11.2	2
29:17	MAT.21.18-MAT.21.19	2
29:17	ROM.11.11-ROM.11.17	2
29:17	ROM.11.19-ROM.11.27	2
29:17	MAT.21.43	1
29:18	ISA.35.5	9
29:18	MAT.11.5	9
29:18	PRO.20.12	7
29:18	PSA.119.18	6
29:18	ISA.32.3	6
29:18	MRK.7.37	6
29:18	EPH.1.17-EPH.1.19	6
29:18	ACT.26.18	5
29:18	ISA.42.16-ISA.42.18	4
29:18	2CO.4.2-2CO.4.6	4
29:18	DEU.29.4	3
29:18	ISA.29.10-ISA.29.12	3
29:18	ISA.29.24	3
29:18	LUK.7.22	3
29:18	MAT.13.14-MAT.13.16	2
29:18	MAT.16.17	2
29:18	LUK.4.18	2
29:18	JHN.6.45	2
29:18	2CO.3.14-2CO.3.18	2
29:18	EPH.5.14	2
29:18	1PE.2.9	2
29:18	REV.3.18	2
29:18	JER.31.33-JER.31.34	1
29:19	JAS.2.5	8
29:19	ISA.61.1	7
29:19	MAT.11.29	6
29:19	PSA.25.9	5
29:19	MAT.5.5	5
29:19	MAT.11.5	5
29:19	PSA.37.11	4
29:19	MAT.5.3	4
29:19	JAS.1.9	4
29:19	PSA.12.5	3
29:19	ISA.11.4	3
29:19	ISA.61.10	3
29:19	ZEP.2.3	3
29:19	PSA.9.18	2
29:19	PSA.149.4	2
29:19	ISA.14.30	2
29:19	ISA.14.32	2
29:19	ISA.41.16-ISA.41.18	2
29:19	ISA.57.15	2
29:19	ISA.66.2	2
29:19	HAB.3.18	2
29:19	ZEP.3.12-ZEP.3.18	2
29:19	1CO.1.26-1CO.1.29	2
29:19	GAL.5.22-GAL.5.23	2
29:19	EPH.4.2	2
29:19	PHP.2.1-PHP.2.3	2
29:19	PHP.3.1-PHP.3.3	2
29:19	PHP.4.4	2
29:19	JAS.1.21	2
29:19	JAS.3.13-JAS.3.18	2
29:19	1PE.2.1-1PE.2.3	2
29:20	MIC.2.1	7
29:20	ISA.28.14-ISA.28.22	4
29:20	ISA.13.3	3
29:20	ISA.29.5	3
29:20	ISA.59.4	3
29:20	LUK.16.14	3
29:20	ISA.25.4-ISA.25.5	2
29:20	ISA.49.25	2
29:20	ISA.51.13	2
29:20	DAN.7.7	2
29:20	DAN.7.19-DAN.7.25	2
29:20	HAB.1.6-HAB.1.7	2
29:20	MRK.2.6-MRK.2.7	2
29:20	MRK.3.2-MRK.3.6	2
29:20	LUK.6.7	2
29:20	LUK.13.14-LUK.13.17	2
29:20	LUK.20.20-LUK.20.23	2
29:20	LUK.23.11	2
29:20	LUK.23.35	2
29:20	REV.12.10	2
29:21	AMO.5.10-AMO.5.12	6
29:21	JAS.5.6	5
29:21	ACT.3.14	3
29:21	JDG.12.6	2
29:21	PRO.28.21	2
29:21	ISA.32.7	2
29:21	JER.18.18	2
29:21	JER.20.7-JER.20.10	2
29:21	JER.26.2-JER.26.8	2
29:21	EZK.13.19	2
29:21	AMO.7.10-AMO.7.17	2
29:21	MIC.2.6-MIC.2.7	2
29:21	MAL.3.5	2
29:21	MAT.22.15	2
29:21	MAT.26.15	2
29:21	LUK.11.53-LUK.11.54	2
29:22	ISA.45.17	5
29:22	ISA.51.2	5
29:22	JER.30.10	5
29:22	ISA.54.4	4
29:22	JOL.2.27	4
29:22	1PE.1.18-1PE.1.19	4
29:22	LUK.1.68	3
29:22	GEN.48.16	2
29:22	JOS.24.2-JOS.24.5	2
29:22	NEH.9.7-NEH.9.8	2
29:22	ISA.41.8-ISA.41.9	2
29:22	ISA.41.14	2
29:22	ISA.44.21-ISA.44.26	2
29:22	ISA.45.25	2
29:22	ISA.46.3-ISA.46.4	2
29:22	ISA.49.7-ISA.49.26	2
29:22	ISA.51.11	2
29:22	ISA.60.1-ISA.60.9	2
29:22	ISA.61.7-ISA.61.11	2
29:22	ISA.63.16	2
29:22	JER.30.5-JER.30.7	2
29:22	JER.31.10-JER.31.12	2
29:22	JER.33.24-JER.33.26	2
29:22	EZK.37.24	2
29:22	EZK.37.28	2
29:22	EZK.39.25-EZK.40.48	2
29:22	ROM.11.11-ROM.11.24	2
29:22	REV.5.9	2
29:23	ISA.19.25	5
29:23	EPH.2.10	5
29:23	ISA.8.13	4
29:23	ISA.45.11	4
29:23	ISA.5.16	3
29:23	ISA.49.20-ISA.49.26	3
29:23	ISA.60.21	3
29:23	LEV.10.3	2
29:23	ISA.43.21	2
29:23	HOS.3.5	2
29:23	MAT.6.9	2
29:23	REV.11.15-REV.11.17	2
29:23	REV.15.4	2
29:23	REV.19.5	2
29:24	ISA.28.7	4
29:24	LUK.15.17-LUK.15.19	4
29:24	HEB.5.2	4
29:24	1TI.1.13-1TI.1.15	3
29:24	REV.20.2-REV.20.3	3
29:24	ISA.29.10-ISA.29.11	2
29:24	ISA.30.21	2
29:24	ISA.41.20	2
29:24	ISA.60.16	2
29:24	ZEC.12.10	2
29:24	MAT.21.28-MAT.21.32	2
29:24	LUK.7.47	2
29:24	ACT.2.37	2
29:24	ACT.6.7	2
29:24	ACT.9.19-ACT.9.20	2
29:24	1CO.6.11	2
30:1	ISA.65.2	14
30:1	ISA.1.2	13
30:1	ISA.63.10	9
30:1	HOS.7.13	9
30:1	ISA.29.15	8
30:1	HOS.4.10-HOS.4.12	8
30:1	ROM.2.5	8
30:1	ACT.7.51-ACT.7.52	7
30:1	2TI.3.13	7
30:1	PSA.61.4	6
30:1	ISA.30.9	6
30:1	EZK.3.9	6
30:1	DEU.29.19	5
30:1	1CH.10.13-1CH.10.14	5
30:1	PSA.91.1-PSA.91.4	5
30:1	JER.5.23	5
30:1	EZK.2.3	5
30:1	EZK.12.2-EZK.12.3	5
30:1	DEU.9.24	4
30:1	ISA.8.12	4
30:1	ISA.1.5	3
30:1	ISA.4.5	3
30:1	ISA.32.2	3
30:1	JER.4.17	3
30:1	EZK.3.26-EZK.3.27	3
30:1	ISA.5.18	2
30:1	HOS.13.2	2
30:1	NUM.32.14	1
30:1	DEU.9.7	1
30:1	ISA.8.19	1
30:1	ISA.28.15	1
30:1	ISA.28.20	1
30:2	ISA.36.6	6
30:2	NUM.27.21	4
30:2	DEU.28.68	3
30:2	JER.42.20	3
30:2	JER.43.7	3
30:2	LAM.4.20	3
30:2	EZK.29.6-EZK.29.7	3
30:2	JOS.9.14	2
30:2	JDG.9.15	2
30:2	1KI.22.7	2
30:2	2KI.17.4	2
30:2	ISA.16.3	2
30:2	ISA.18.1	2
30:2	ISA.20.5-ISA.20.6	2
30:2	ISA.31.1-ISA.31.3	2
30:2	ISA.36.9	2
30:2	JER.21.2	2
30:2	JER.37.5	2
30:2	JER.42.2	2
30:3	ISA.20.5	6
30:3	JER.17.5-JER.17.6	4
30:3	ROM.10.11	4
30:3	ROM.5.5	3
30:3	ISA.30.5-ISA.30.7	2
30:3	ISA.36.6	2
30:3	ISA.45.16-ISA.45.17	2
30:3	JER.37.5-JER.37.10	2
30:4	ISA.19.11	5
30:4	ISA.57.9	3
30:4	JER.43.7	3
30:4	NUM.13.22	2
30:4	2KI.17.4	2
30:4	EZK.30.14	2
30:4	EZK.30.18	2
30:4	HOS.7.11-HOS.7.12	2
30:4	HOS.7.16	2
30:5	JER.2.36	5
30:5	ISA.30.7	4
30:5	ISA.20.5-ISA.20.6	2
30:5	ISA.30.16	2
30:5	ISA.31.1-ISA.31.3	2
30:6	DEU.8.15	10
30:6	ISA.46.1-ISA.46.2	5
30:6	DEU.4.20	4
30:6	JER.11.4	4
30:6	1KI.10.2	3
30:6	HOS.8.9-HOS.8.10	3
30:6	EXO.1.14	2
30:6	EXO.5.10-EXO.5.21	2
30:6	NUM.21.6-NUM.21.7	2
30:6	DEU.17.16	2
30:6	2CH.9.1	2
30:6	2CH.16.2	2
30:6	2CH.28.20-2CH.28.23	2
30:6	ISA.8.22	2
30:6	ISA.15.7	2
30:6	ISA.19.4	2
30:6	ISA.57.9	2
30:6	JER.2.6	2
30:6	HOS.12.1	2
30:6	MAT.12.42	2
30:7	ISA.2.22	7
30:7	PSA.118.8-PSA.118.9	6
30:7	ISA.7.4	6
30:7	ISA.31.1-ISA.31.5	6
30:7	LAM.3.26	6
30:7	HOS.5.13	6
30:7	EXO.14.13	5
30:7	ISA.28.12	4
30:7	ISA.51.9	4
30:7	JER.37.7	4
30:7	ISA.30.15	3
30:7	PSA.76.8-PSA.76.9	2
30:8	DEU.31.22	9
30:8	ISA.8.1	8
30:8	HAB.2.2	8
30:8	DEU.31.19	7
30:8	JER.36.2	7
30:8	JER.36.28-JER.36.32	7
30:8	JER.51.60	7
30:8	NUM.24.14	6
30:8	JOB.19.23-JOB.19.25	6
30:8	DEU.4.30	5
30:8	JER.23.20	4
30:8	1TI.4.1	4
30:8	2PE.3.3	4
30:8	JUD.1.18	4
30:8	DEU.31.29	3
30:8	ISA.2.2	3
30:8	JER.48.47	3
30:8	EZK.38.16	3
30:8	HOS.3.5	3
30:9	ISA.30.1	6
30:9	ACT.7.51	4
30:9	PRO.28.9	3
30:9	ISA.1.4	3
30:9	ZEP.3.2	3
30:9	ZEC.1.4-ZEC.1.6	3
30:9	ZEC.7.11-ZEC.7.12	3
30:9	REV.21.8	3
30:9	DEU.31.27-DEU.31.29	2
30:9	DEU.32.20	2
30:9	2CH.33.10	2
30:9	2CH.36.15-2CH.36.16	2
30:9	NEH.9.29-NEH.9.30	2
30:9	ISA.1.10	2
30:9	ISA.28.15	2
30:9	ISA.59.3-ISA.59.4	2
30:9	ISA.63.8	2
30:9	JER.7.13	2
30:9	JER.9.3	2
30:9	JER.44.2-JER.44.17	2
30:9	MAT.23.31-MAT.23.33	2
30:9	ROM.2.21-ROM.2.23	2
30:9	REV.22.15	2
30:9	HOS.4.2	1
30:10	EZK.13.7-EZK.13.10	7
30:10	ROM.16.18	7
30:10	JER.11.21	6
30:10	AMO.2.12	6
30:10	AMO.7.13	6
30:10	JER.23.17	4
30:10	JER.23.26-JER.23.29	4
30:10	REV.11.7	4
30:10	1KI.21.20	3
30:10	1KI.22.27	3
30:10	MIC.2.6	3
30:10	JHN.7.7	3
30:10	1TH.2.15-1TH.2.16	3
30:10	1KI.22.8-1KI.22.13	2
30:10	2CH.16.10	2
30:10	2CH.18.7-2CH.18.27	2
30:10	2CH.25.16	2
30:10	JER.5.31	2
30:10	JER.6.13-JER.6.14	2
30:10	JER.8.10-JER.8.11	2
30:10	JER.26.11	2
30:10	JER.29.27	2
30:10	JER.38.4	2
30:10	EZK.13.18-EZK.13.22	2
30:10	MIC.2.11	2
30:10	JHN.8.45	2
30:10	ACT.4.17	2
30:10	ACT.5.28	2
30:10	GAL.4.16	2
30:10	2CH.24.19-2CH.24.21	1
30:10	JER.26.20-JER.26.23	0
30:11	ROM.8.7	3
30:11	JOB.21.14	2
30:11	ISA.29.21	2
30:11	AMO.7.13	2
30:11	JHN.15.23-JHN.15.24	2
30:11	ROM.1.28	2
30:11	ROM.1.30	2
30:11	EPH.4.18	2
30:12	ISA.31.1-ISA.31.3	5
30:12	ISA.5.24	4
30:12	AMO.2.4	4
30:12	1TH.4.8	4
30:12	ISA.47.10	3
30:12	LUK.10.16	3
30:12	2SA.12.9-2SA.12.10	2
30:12	PSA.52.7	2
30:12	PSA.62.10	2
30:12	ISA.5.7	2
30:12	ISA.28.15	2
30:12	ISA.30.1	2
30:12	ISA.30.7	2
30:12	ISA.30.15-ISA.30.17	2
30:12	JER.13.25	2
30:13	ISA.29.5	5
30:13	EZK.13.10-EZK.13.15	5
30:13	1KI.20.30	4
30:13	PSA.62.3	4
30:13	PRO.29.1	4
30:13	1TH.5.1-1TH.5.3	3
30:13	JOB.36.18	2
30:13	PSA.73.19-PSA.73.20	2
30:13	MAT.7.27	2
30:13	LUK.6.49	2
30:14	PSA.2.9	9
30:14	JER.19.10-JER.19.11	8
30:14	REV.2.27	5
30:14	2PE.2.4-2PE.2.5	4
30:14	JER.13.14	3
30:14	JER.48.38	3
30:14	EZK.5.11	3
30:14	EZK.7.4	3
30:14	EZK.7.9	3
30:14	EZK.24.14	3
30:14	ROM.11.21	3
30:14	DEU.29.20	2
30:14	JOB.27.22	2
30:14	PSA.31.12	2
30:14	ISA.27.11	2
30:14	ISA.47.14	2
30:14	EZK.8.18	2
30:14	EZK.9.10	2
30:14	EZK.15.3-EZK.15.8	2
30:14	LUK.4.2	2
30:14	ROM.8.32	2
30:15	ISA.26.3-ISA.26.4	44
30:15	ISA.32.17	35
30:15	PSA.125.1-PSA.125.2	19
30:15	JER.3.22-JER.3.23	19
30:15	1CH.5.20	18
30:15	JHN.5.40	18
30:15	2CH.16.8	16
30:15	LUK.13.34	15
30:15	2CH.32.8	14
30:15	ISA.7.4	13
30:15	ISA.30.7	11
30:15	HOS.14.1-HOS.14.3	9
30:15	HEB.12.25	9
30:15	MAT.23.37	7
30:15	MAT.22.3	5
30:15	JER.44.16-JER.44.17	3
30:15	ISA.30.11	2
30:15	JER.23.36	2
30:15	PSA.80.11-PSA.80.13	1
30:16	ISA.31.1	5
30:16	DEU.28.25	3
30:16	PSA.33.17	3
30:16	ISA.31.3	3
30:16	JER.4.13	3
30:16	AMO.9.1	3
30:16	DEU.28.49	2
30:16	PSA.147.10	2
30:16	ISA.5.26-ISA.5.30	2
30:16	ISA.10.28-ISA.10.32	2
30:16	JER.52.7	2
30:16	LAM.4.19	2
30:16	AMO.2.14-AMO.2.16	2
30:16	MIC.1.13	2
30:16	HAB.1.8	2
30:16	2KI.25.5	1
30:17	DEU.28.25	7
30:17	LEV.26.36	5
30:17	DEU.32.30	5
30:17	JOS.23.10	5
30:17	LEV.26.8	4
30:17	PRO.28.1	3
30:17	JHN.15.2-JHN.15.6	3
30:17	ROM.11.17	2
30:17	NEH.1.2-NEH.1.3	1
30:17	ISA.1.7-ISA.1.8	1
30:17	ISA.6.13	1
30:17	ISA.27.11	1
30:17	ISA.37.3-ISA.37.4	1
30:17	JER.37.10	1
30:17	ZEP.3.12	1
30:17	ZEC.13.8-ZEC.13.9	1
30:17	MAT.24.21-MAT.24.22	1
30:18	2PE.3.9	44
30:18	LAM.3.25-LAM.3.26	42
30:18	PRO.16.20	32
30:18	ISA.25.9	22
30:18	ISA.8.17	21
30:18	PSA.34.8	20
30:18	PSA.27.14	15
30:18	ISA.55.8	15
30:18	LUK.15.20	15
30:18	2PE.3.15	15
30:18	PSA.28.6-PSA.28.7	13
30:18	PSA.40.1-PSA.40.3	12
30:18	PSA.46.10-PSA.46.11	12
30:18	ISA.33.5	12
30:18	PSA.62.5-PSA.62.8	11
30:18	JER.17.7	11
30:18	ROM.9.22	10
30:18	PSA.62.1-PSA.62.2	9
30:18	ACT.2.33-ACT.2.39	9
30:18	JER.31.18-JER.31.20	8
30:18	MAT.15.22-MAT.15.28	8
30:18	ROM.8.25-ROM.8.28	8
30:18	JAS.5.11	8
30:18	1SA.2.3	7
30:18	PSA.76.5-PSA.76.10	7
30:18	EPH.1.20-EPH.1.23	7
30:18	ISA.33.10-ISA.33.12	6
30:18	LUK.2.25	6
30:18	ISA.26.7-ISA.26.8	5
30:18	MAL.2.17	5
30:18	LUK.24.26-LUK.24.27	5
30:18	ACT.5.31	5
30:18	ROM.5.20	5
30:18	EPH.1.8	5
30:18	EXO.34.6	4
30:18	PSA.2.12	4
30:18	ISA.5.16	4
30:18	MIC.7.18-MIC.7.20	4
30:18	DEU.32.4	3
30:18	JOB.35.14	3
30:18	PSA.84.12	3
30:18	PSA.99.4	3
30:18	ISA.18.4	3
30:18	HOS.5.15-HOS.6.2	3
30:18	HOS.11.8-HOS.11.9	3
30:18	ROM.2.2-ROM.2.10	3
30:18	EPH.1.6	3
30:18	ISA.40.31	2
30:18	ISA.42.1-ISA.42.4	2
30:18	ISA.42.14	2
30:18	ISA.57.17-ISA.57.18	2
30:18	JER.10.24-JER.10.25	2
30:18	HOS.2.14	2
30:18	JON.3.4-JON.3.10	2
30:18	MIC.7.7-MIC.7.9	2
30:18	ROM.9.15-ROM.9.18	2
30:19	ISA.60.20	19
30:19	PSA.50.15	17
30:19	ISA.65.24	17
30:19	ISA.58.9	14
30:19	MAT.7.7-MAT.7.11	14
30:19	1JN.5.14-1JN.5.15	12
30:19	REV.7.17	11
30:19	ISA.25.8	10
30:19	LUK.6.21	10
30:19	JER.33.3	9
30:19	ISA.65.9	8
30:19	ISA.61.1-ISA.61.3	7
30:19	JER.31.12	7
30:19	JER.50.4-JER.50.5	7
30:19	ZEC.1.16-ZEC.1.17	7
30:19	EPH.3.20	7
30:19	ISA.10.24	6
30:19	ISA.40.1-ISA.40.2	6
30:19	JER.30.12	6
30:19	JER.31.6	6
30:19	JER.50.28	6
30:19	EZK.36.37	6
30:19	MIC.4.9	6
30:19	ROM.11.26	6
30:19	REV.5.4	6
30:19	ISA.12.3-ISA.12.6	5
30:19	ISA.35.10	5
30:19	ISA.46.13	5
30:19	ISA.54.6-ISA.54.14	5
30:19	JER.29.11-JER.29.13	5
30:19	JER.31.9	5
30:19	JER.51.10	5
30:19	EZK.20.40	5
30:19	EZK.37.25-EZK.37.28	5
30:19	ZEP.3.14-ZEP.3.20	5
30:19	ZEC.2.4-ZEC.2.7	5
30:19	ZEC.8.3-ZEC.8.8	5
30:19	ISA.65.18	4
30:20	1KI.22.27	10
30:20	PSA.80.5	10
30:20	AMO.8.11-AMO.8.12	9
30:20	PSA.127.2	7
30:20	ACT.14.22	7
30:20	PSA.74.9	5
30:20	DEU.16.3	4
30:20	PSA.30.5	4
30:20	PSA.102.9	4
30:20	EZK.4.13-EZK.4.17	2
30:20	EPH.4.11	2
30:20	2CH.18.26	1
30:20	EZK.24.22-EZK.24.23	1
30:21	PSA.32.8	188
30:21	PRO.3.5-PRO.3.6	159
30:21	ISA.58.11	134
30:21	ISA.42.16	111
30:21	DEU.5.32	109
30:21	ISA.35.8-ISA.35.9	96
30:21	PSA.143.8-PSA.143.10	90
30:21	ISA.48.17	86
30:21	JER.6.16	85
30:21	JOS.1.7	81
30:21	PSA.25.8-PSA.25.9	77
30:21	PRO.4.27	72
30:21	ISA.29.24	68
30:21	2KI.22.2	66
30:21	1JN.2.27	64
30:21	JOS.23.6	62
30:21	1JN.2.20	54
30:22	JDG.17.3-JDG.17.4	5
30:22	ISA.31.7	5
30:22	ISA.46.6	4
30:22	ZEC.13.2	4
30:22	EXO.32.2-EXO.32.4	3
30:22	ISA.2.20-ISA.2.21	3
30:22	ISA.17.7-ISA.17.8	3
30:22	EZK.36.31	3
30:22	HOS.14.8	3
30:22	2KI.23.4-2KI.23.20	2
30:22	2CH.31.1	2
30:22	2CH.34.3-2CH.34.7	2
30:22	LAM.1.17	2
30:22	EZK.18.6	2
30:22	MIC.5.10-MIC.5.14	2
30:22	REV.19.20	2
30:22	ISA.27.9	1
30:23	ZEC.8.11-ZEC.8.12	6
30:23	PSA.65.9-PSA.65.13	5
30:23	ISA.32.20	5
30:23	ISA.58.11	4
30:23	ZEC.10.1	4
30:23	GEN.41.18	3
30:23	PSA.36.8	3
30:23	PSA.104.13-PSA.104.14	3
30:23	PSA.144.12-PSA.144.14	3
30:23	JOL.2.21-JOL.2.26	3
30:23	AMO.4.7-AMO.4.8	3
30:23	MAL.3.10	3
30:23	1TI.4.8	3
30:23	GEN.41.26	2
30:23	PSA.107.35-PSA.107.38	2
30:23	ISA.4.2	2
30:23	ISA.5.6	2
30:23	ISA.44.2-ISA.44.4	2
30:23	ISA.55.10-ISA.55.11	2
30:23	JER.14.22	2
30:23	EZK.36.25-EZK.36.26	2
30:23	HOS.2.21-HOS.2.23	2
30:23	MAL.4.2	2
30:23	MAT.6.33	2
30:23	GEN.41.47	1
30:23	HOS.4.16	1
30:24	GEN.45.6	3
30:24	DEU.25.4	2
30:24	EXO.34.21	1
30:24	DEU.21.4	1
30:24	1SA.8.12	1
30:24	MAT.3.12	1
30:24	LUK.3.17	1
30:24	1CO.9.9-1CO.9.10	1
30:25	ISA.2.14-ISA.2.15	3
30:25	ISA.35.6-ISA.35.7	3
30:25	ISA.43.19-ISA.43.20	3
30:25	ISA.32.14	2
30:25	ISA.34.2-ISA.34.10	2
30:25	ISA.37.36	2
30:25	ISA.41.18-ISA.41.19	2
30:25	ISA.44.3-ISA.44.4	2
30:25	ISA.63.1-ISA.63.6	2
30:25	EZK.17.22	2
30:25	EZK.34.13	2
30:25	EZK.34.26	2
30:25	EZK.39.17-EZK.39.20	2
30:25	NAM.3.12	2
30:25	JHN.7.38	2
30:25	2CO.10.4	2
30:25	REV.16.1-REV.16.19	2
30:25	REV.22.1	2
30:26	ISA.60.19-ISA.60.20	15
30:26	DEU.32.39	12
30:26	REV.22.5	12
30:26	REV.21.23	10
30:26	JOB.5.18	8
30:26	ISA.24.23	8
30:26	ZEC.14.7	8
30:26	JER.33.5-JER.33.6	6
30:26	ZEC.12.8	6
30:26	HOS.6.1	5
30:26	ISA.1.5-ISA.1.6	4
30:26	ISA.11.9	4
30:26	LAM.2.13	4
30:26	HEB.6.1-HEB.6.2	4
30:26	AMO.9.11	2
30:27	ZEP.3.8	4
30:27	2TH.2.8	4
30:27	DEU.32.22	3
30:27	DEU.33.2	3
30:27	PSA.18.7-PSA.18.9	3
30:27	PSA.79.5	3
30:27	ISA.9.5	3
30:27	ISA.10.5	3
30:27	ISA.10.16-ISA.10.17	3
30:27	ISA.33.12	3
30:27	ISA.34.9	3
30:27	ISA.59.19	3
30:27	ISA.66.14	3
30:27	LAM.1.12-LAM.1.13	3
30:27	DAN.7.9	3
30:27	NAM.1.5-NAM.1.6	3
30:27	HEB.12.29	3
30:28	ISA.37.29	7
30:28	ISA.8.8	5
30:28	ISA.11.4	5
30:28	2TH.2.8	5
30:28	2KI.19.28	4
30:28	AMO.9.9	4
30:28	LUK.22.31	4
30:28	HEB.4.12	3
30:28	REV.2.16	3
30:28	2SA.17.14	2
30:28	1KI.22.20-1KI.22.22	2
30:28	JOB.39.17	2
30:28	PSA.18.15	2
30:28	PSA.32.9	2
30:28	PRO.26.3	2
30:28	ISA.19.3	2
30:28	ISA.19.12-ISA.19.14	2
30:28	ISA.28.17-ISA.28.18	2
30:28	ISA.29.6	2
30:28	ISA.33.10-ISA.33.12	2
30:28	EZK.14.7-EZK.14.9	2
30:28	HOS.13.3	2
30:28	HAB.3.12-HAB.3.15	2
30:28	MAT.3.12	2
30:28	2TH.2.11	2
30:28	REV.1.16	2
30:29	PSA.42.4	6
30:29	EXO.15.1-EXO.15.21	5
30:29	PSA.95.1-PSA.95.2	5
30:29	DEU.16.6	4
30:29	DEU.32.4	4
30:29	PSA.81.1-PSA.81.4	4
30:29	ISA.2.3	4
30:29	ISA.26.4	4
30:29	MAT.26.30	4
30:29	REV.15.3	4
30:29	LEV.23.32	3
30:29	DEU.16.14	3
30:29	DEU.32.31	3
30:29	1CH.13.7-1CH.13.8	3
30:29	2CH.20.27-2CH.20.28	3
30:29	PSA.18.31	3
30:29	PSA.32.7	3
30:29	ISA.12.1	3
30:29	JER.19.1-JER.19.7	3
30:29	ISA.26.1	2
30:29	JER.33.11	2
30:29	PSA.150.3-PSA.150.5	1
30:30	PSA.18.13-PSA.18.14	6
30:30	ISA.29.6	6
30:30	JOS.10.11	5
30:30	ISA.28.2	4
30:30	EZK.38.19-EZK.38.22	4
30:30	NAM.1.2-NAM.1.6	4
30:30	REV.11.19	4
30:30	REV.16.18-REV.16.21	4
30:30	ISA.32.19	3
30:30	MIC.1.4	3
30:30	MAT.24.7	3
30:30	2TH.1.8	3
30:30	EXO.15.16	2
30:30	1SA.7.10	2
30:30	JOB.37.2-JOB.37.5	2
30:30	JOB.40.9	2
30:30	PSA.2.5	2
30:30	PSA.29.3-PSA.29.9	2
30:30	PSA.46.6	2
30:30	PSA.50.1-PSA.50.3	2
30:30	PSA.76.5-PSA.76.8	2
30:30	PSA.97.3-PSA.97.5	2
30:30	PSA.98.1	2
30:30	ISA.51.9	2
30:30	ISA.62.8	2
30:30	EZK.10.5	2
30:30	LUK.1.51	2
30:30	REV.1.15	2
30:30	REV.6.12-REV.6.17	2
30:30	REV.14.16-REV.14.20	2
30:31	ISA.9.4	3
30:31	ISA.10.5	3
30:31	ISA.11.4	3
30:31	MIC.5.5-MIC.5.6	3
30:31	PSA.17.13-PSA.17.14	2
30:31	PSA.125.5	2
30:31	ISA.10.12	1
30:31	ISA.10.15	1
30:31	ISA.10.24	1
30:31	ISA.30.30	1
30:31	ISA.37.32-ISA.37.38	1
30:32	ISA.11.15	4
30:32	PSA.81.1-PSA.81.2	3
30:32	ISA.2.19	3
30:32	ISA.19.16	3
30:32	EZK.32.10	3
30:32	GEN.31.27	2
30:32	1SA.10.5	2
30:32	JOB.16.12	2
30:32	JOB.21.11-JOB.21.12	2
30:32	ISA.24.8	2
30:32	ISA.30.29	2
30:32	HEB.12.26	2
30:33	2KI.23.10	7
30:33	GEN.19.24	6
30:33	JER.19.6	6
30:33	HEB.13.8	5
30:33	1PE.1.8	5
30:33	JER.7.31-JER.7.32	4
30:33	JER.19.11-JER.19.14	4
30:33	MAT.4.22	4
30:33	REV.14.10-REV.14.11	4
30:33	REV.19.18-REV.19.20	4
30:33	ISA.14.9-ISA.14.20	3
30:33	ISA.30.27-ISA.30.28	3
30:33	ISA.37.38	3
30:33	EZK.32.22-EZK.32.23	3
30:33	MAT.18.8-MAT.18.9	3
30:33	MAT.25.41	3
30:33	JUD.1.4	3
30:33	PSA.40.5-PSA.40.6	1
31:1	PSA.20.7	19
31:1	JER.17.5	17
31:1	DEU.17.16	15
31:1	JER.2.13	11
31:1	ISA.36.9	10
31:1	PSA.33.16-PSA.33.17	9
31:1	ISA.30.16	9
31:1	DAN.9.13	9
31:1	ISA.30.1-ISA.30.7	8
31:1	AMO.5.4-AMO.5.8	8
31:1	ISA.36.6	7
31:1	ISA.9.13	5
31:1	EZK.17.15	5
31:1	HOS.7.7	5
31:1	HOS.14.3	5
31:1	2CH.16.7	4
31:1	ISA.22.11	4
31:1	HOS.7.13-HOS.7.16	4
31:1	ISA.2.7	3
31:1	ISA.5.12	3
31:1	ISA.17.7-ISA.17.8	3
31:1	ISA.57.9	2
31:1	ISA.64.7	2
31:1	HOS.11.5	2
31:2	NUM.23.19	9
31:2	ISA.45.7	8
31:2	JER.10.12	4
31:2	AMO.3.6	4
31:2	ZEP.3.8	4
31:2	MAT.24.35	4
31:2	ROM.16.27	4
31:2	1CO.1.21-1CO.1.29	4
31:2	JUD.1.25	4
31:2	NUM.10.35	3
31:2	JOS.23.15	3
31:2	1SA.2.3	3
31:2	PSA.12.5-PSA.12.6	3
31:2	PSA.68.1-PSA.68.2	3
31:2	PSA.78.65-PSA.78.66	3
31:2	ISA.20.4-ISA.20.6	3
31:2	ISA.22.14	3
31:2	ISA.28.21	3
31:2	ISA.30.3	3
31:2	ISA.30.13-ISA.30.14	3
31:2	ISA.31.3	3
31:2	ISA.32.6	3
31:2	ISA.63.4-ISA.63.5	3
31:2	JER.10.7	3
31:2	JER.36.32	3
31:2	EZK.29.6	3
31:2	ZEC.1.6	3
31:2	JOB.5.13	2
31:2	JER.44.29-JER.44.30	2
31:3	ISA.9.17	6
31:3	EZK.20.33-EZK.20.34	6
31:3	PSA.9.20	5
31:3	PSA.33.17	5
31:3	ISA.30.7	5
31:3	JER.15.6	5
31:3	EZK.28.9	5
31:3	DEU.32.30-DEU.32.31	4
31:3	PSA.146.3-PSA.146.5	4
31:3	ISA.30.5	4
31:3	ISA.36.6	4
31:3	ISA.36.9	4
31:3	JER.37.7-JER.37.10	4
31:3	ACT.12.22-ACT.12.23	3
31:3	2TH.2.4-2TH.2.8	3
31:4	HOS.11.10	8
31:4	AMO.3.8	8
31:4	ISA.42.13	7
31:4	ZEC.2.5	7
31:4	ZEC.12.8	5
31:4	ZEC.14.3	4
31:4	REV.5.5	4
31:4	NUM.24.8-NUM.24.9	3
31:4	2CH.20.15	3
31:4	PSA.125.1-PSA.125.2	3
31:4	ISA.10.16	3
31:4	ISA.12.6	3
31:4	ISA.37.35-ISA.37.36	3
31:4	JER.50.44	3
31:4	ZEC.9.8	3
31:4	ZEC.9.15	3
31:5	PSA.91.4	8
31:5	PSA.37.40	5
31:5	DEU.32.11	4
31:5	ISA.37.35	4
31:5	ISA.38.6	4
31:5	EXO.19.4	3
31:5	PSA.46.5	3
31:5	ISA.10.14	3
31:5	EXO.12.27	2
31:6	JER.3.22	7
31:6	JER.3.14	5
31:6	ISA.55.7	4
31:6	JER.3.10	4
31:6	2CH.33.9-2CH.33.16	3
31:6	ISA.1.4-ISA.1.5	3
31:6	JER.5.23	3
31:6	JER.31.18-JER.31.20	3
31:6	HOS.9.9	3
31:6	JOL.2.12-JOL.2.13	3
31:6	ACT.3.19	3
31:6	ACT.26.20	3
31:6	HOS.14.1-HOS.14.3	2
31:6	2CH.36.14	1
31:6	ISA.29.15	1
31:6	ISA.48.8	1
31:7	ISA.30.22	7
31:7	ISA.2.20	5
31:7	EZK.36.25	4
31:7	DEU.7.25	3
31:7	HOS.14.8	3
31:7	1KI.12.28-1KI.12.30	2
31:7	HOS.8.11	2
31:8	ISA.14.25	4
31:8	GEN.49.15	3
31:8	2KI.19.34-2KI.19.37	2
31:8	ISA.10.12	2
31:8	ISA.10.16-ISA.10.19	2
31:8	ISA.10.33-ISA.10.34	2
31:8	ISA.29.5	2
31:8	ISA.30.27-ISA.30.33	2
31:8	ISA.37.7	2
31:8	ISA.37.35-ISA.37.38	2
31:8	HOS.1.7	2
31:8	2CH.32.21	1
31:9	ISA.29.6	4
31:9	MAL.4.1	4
31:9	LEV.6.13	3
31:9	DEU.32.37	3
31:9	ISA.4.4	3
31:9	ISA.10.17	3
31:9	ISA.18.3	3
31:9	ZEC.2.5	3
31:9	ISA.11.10	2
31:9	ISA.30.33	2
31:9	DEU.32.31	1
31:9	EZK.22.18-EZK.22.22	0
32:1	ISA.9.6-ISA.9.7	5
32:1	JER.33.15	4
32:1	HEB.1.8-HEB.1.9	4
32:1	REV.19.11	4
32:1	2SA.23.3	3
32:1	PSA.45.1	2
32:1	PSA.45.6-PSA.45.7	2
32:1	PSA.72.1-PSA.72.4	2
32:1	PSA.99.4	2
32:1	ISA.11.4	2
32:1	ISA.28.6	2
32:1	ISA.40.1-ISA.40.5	2
32:1	JER.23.5-JER.23.6	2
32:1	EZK.37.24	2
32:1	HOS.3.5	2
32:1	ZEC.9.9	2
32:1	ROM.5.21	2
32:1	REV.17.14	2
32:1	2CH.31.20-2CH.31.21	1
32:2	ISA.25.4	6
32:2	ISA.9.6	4
32:2	ISA.44.3	4
32:2	PSA.143.9	3
32:2	ISA.7.14	3
32:2	ISA.41.18	3
32:2	ISA.43.20	3
32:2	MIC.5.4-MIC.5.5	3
32:2	ZEC.13.7	3
32:2	PSA.31.2-PSA.31.3	2
32:2	PSA.32.7	2
32:2	PSA.63.1	2
32:2	PSA.146.3-PSA.146.5	2
32:2	ISA.4.5-ISA.4.6	2
32:2	ISA.8.10-ISA.8.14	2
32:2	ISA.26.20-ISA.26.21	2
32:2	ISA.28.17	2
32:2	ISA.32.18-ISA.32.19	2
32:2	ISA.35.6-ISA.35.7	2
32:2	MAT.7.24-MAT.7.27	2
32:2	JHN.7.37	2
32:2	1TI.3.16	2
32:2	REV.22.1	2
32:3	ISA.29.18	8
32:3	ISA.35.5-ISA.35.6	5
32:3	ACT.26.18	5
32:3	2CO.4.6	5
32:3	1JN.2.20-1JN.2.21	4
32:3	ISA.29.24	3
32:3	ISA.54.13	3
32:3	MRK.7.37	3
32:3	ISA.30.26	2
32:3	ISA.60.1-ISA.60.2	2
32:3	JER.31.34	2
32:3	MAT.13.11	2
32:3	MRK.8.22-MRK.8.25	2
32:4	ISA.29.24	4
32:4	LUK.21.14-LUK.21.15	3
32:4	EXO.4.11	2
32:4	NEH.8.8-NEH.8.12	2
32:4	SNG.7.9	2
32:4	MAT.11.25	2
32:4	MAT.16.17	2
32:4	ACT.2.4-ACT.2.12	2
32:4	ACT.4.13	2
32:4	ACT.6.7	2
32:4	ACT.26.9-ACT.26.11	2
32:4	GAL.1.23	2
32:5	ISA.5.20	4
32:5	PSA.15.4	3
32:5	MAL.3.18	3
32:5	1SA.25.3-1SA.25.8	2
32:5	1SA.25.25	2
32:5	PRO.23.6-PRO.23.8	2
32:6	MAT.15.19	5
32:6	1SA.24.13	3
32:6	PRO.11.24-PRO.11.26	3
32:6	ISA.3.15	3
32:6	MAT.23.13	3
32:6	ACT.5.3-ACT.5.4	3
32:6	ACT.8.21-ACT.8.22	3
32:6	1SA.25.10-1SA.25.11	2
32:6	JOB.22.5-JOB.22.9	2
32:6	JOB.24.2-JOB.24.16	2
32:6	PSA.58.1-PSA.58.2	2
32:6	PRO.19.3	2
32:6	ISA.9.17	2
32:6	JER.13.23	2
32:6	HOS.7.6-HOS.7.7	2
32:6	AMO.2.6-AMO.2.7	2
32:6	AMO.8.6	2
32:6	MIC.2.1-MIC.2.2	2
32:6	MIC.3.1-MIC.3.3	2
32:6	MAT.12.34-MAT.12.36	2
32:6	JAS.1.14-JAS.1.15	2
32:6	JAS.1.27	2
32:6	JAS.3.5-JAS.3.6	2
32:7	JER.5.26-JER.5.28	7
32:7	PSA.64.4-PSA.64.6	3
32:7	ISA.5.23	3
32:7	MAT.26.14-MAT.26.16	3
32:7	MAT.26.59-MAT.26.60	3
32:7	ACT.6.11-ACT.6.13	3
32:7	1KI.21.10-1KI.21.14	2
32:7	PSA.10.7-PSA.10.10	2
32:7	PSA.82.2-PSA.82.5	2
32:7	ISA.1.23	2
32:7	ISA.59.3-ISA.59.4	2
32:7	ISA.61.1	2
32:7	JER.18.18	2
32:7	MIC.2.11	2
32:7	MIC.7.2-MIC.7.3	2
32:7	MAT.26.4	2
32:8	2SA.9.1-2SA.9.13	1
32:8	PRO.11.24-PRO.11.25	1
32:8	ACT.11.29-ACT.11.30	1
32:8	JOB.31.16-JOB.31.21	0
32:8	PSA.112.9	0
32:8	LUK.6.33-LUK.6.35	0
32:8	ACT.9.39	0
32:8	2CO.8.2	0
32:8	2CO.9.6-2CO.9.11	0
32:9	ISA.3.16	6
32:9	ISA.28.23	6
32:9	MAT.13.9	6
32:9	JDG.9.7	2
32:9	PSA.49.1-PSA.49.2	2
32:9	ISA.47.7-ISA.47.8	2
32:9	JER.6.2-JER.6.6	2
32:9	JER.48.11-JER.48.12	2
32:9	LAM.4.5	2
32:9	AMO.6.1-AMO.6.6	2
32:9	ZEP.2.15	2
32:9	DEU.28.56	1
32:10	ISA.7.23	3
32:10	JER.8.13	3
32:10	ISA.3.17-ISA.3.26	2
32:10	ISA.5.5-ISA.5.6	2
32:10	ISA.16.10	2
32:10	ISA.24.7-ISA.24.12	2
32:10	JER.25.10-JER.25.11	2
32:10	HOS.2.12	2
32:10	HOS.3.4	2
32:10	JOL.1.7	2
32:10	JOL.1.12	2
32:10	HAB.3.17	2
32:10	ZEP.1.13	2
32:11	ISA.3.24	3
32:11	DEU.28.48	2
32:11	ISA.2.19	2
32:11	ISA.2.21	2
32:11	ISA.15.3	2
32:11	ISA.20.4	2
32:11	ISA.22.4-ISA.22.5	2
32:11	ISA.33.14	2
32:11	ISA.47.1-ISA.47.3	2
32:11	JER.4.8	2
32:11	JER.6.26	2
32:11	JER.49.3	2
32:11	HOS.2.3	2
32:11	MIC.1.8-MIC.1.11	2
32:11	LUK.23.27-LUK.23.30	2
32:11	JAS.5.5	2
32:12	DEU.8.7-DEU.8.8	2
32:12	DEU.11.11-DEU.11.12	2
32:12	LAM.2.11	2
32:12	LAM.4.3-LAM.4.4	2
32:12	EZK.20.6	2
32:12	EZK.20.15	2
32:12	NAM.2.7	2
32:13	ISA.22.2	4
32:13	HOS.9.6	4
32:13	ISA.7.23	3
32:13	ISA.34.13	3
32:13	PSA.107.34	2
32:13	ISA.5.6	2
32:13	ISA.6.11	2
32:13	ISA.22.12-ISA.22.13	2
32:13	JER.39.8	2
32:13	HOS.10.8	2
32:13	REV.18.7-REV.18.8	2
32:14	ISA.24.10	3
32:14	ISA.24.12	3
32:14	ISA.25.2	3
32:14	ISA.27.10	3
32:14	2KI.25.9	2
32:14	PSA.104.11	2
32:14	ISA.5.9	2
32:14	ISA.6.11	2
32:14	ISA.13.19-ISA.13.22	2
32:14	ISA.24.1-ISA.24.3	2
32:14	ISA.34.11-ISA.34.17	2
32:14	LUK.21.20	2
32:14	LUK.21.24	2
32:14	REV.18.2-REV.18.3	2
32:15	ISA.29.17	17
32:15	EZK.39.29	17
32:15	ISA.44.3	16
32:15	TIT.3.5-TIT.3.6	14
32:15	LUK.24.49	12
32:15	ISA.59.19-ISA.60.22	11
32:15	JOL.2.28-JOL.2.29	11
32:15	ISA.11.2-ISA.11.3	9
32:15	ZEC.12.10	9
32:15	ACT.2.33	9
32:15	PSA.104.30	8
32:15	ISA.35.1-ISA.35.2	8
32:15	2CO.3.8	8
32:15	ISA.63.11	7
32:15	PSA.107.33	6
32:15	ISA.45.8	6
32:15	ISA.61.3-ISA.61.5	6
32:15	PSA.107.35	5
32:15	PRO.1.23	5
32:15	ISA.35.7	5
32:15	ISA.55.11-ISA.55.13	5
32:15	HOS.1.10-HOS.1.11	5
32:15	JHN.7.39	5
32:15	ACT.2.17-ACT.2.18	4
32:15	ROM.11.18-ROM.11.26	4
32:15	ISA.54.1-ISA.54.3	3
32:16	PSA.94.14-PSA.94.15	2
32:16	ISA.35.8	2
32:16	ISA.42.4	2
32:16	ISA.56.6-ISA.56.8	2
32:16	ISA.60.21	2
32:16	HOS.3.5	2
32:16	1CO.6.9-1CO.6.11	2
32:16	TIT.2.11-TIT.2.12	2
32:16	1PE.2.9-1PE.2.12	2
32:16	1PE.4.1-1PE.4.4	2
32:17	ISA.26.3	19
32:17	PSA.119.165	16
32:17	ROM.14.17	15
32:17	JAS.3.17-JAS.3.18	15
32:17	PSA.85.8	14
32:17	PHP.4.6-PHP.4.9	14
32:17	2PE.1.10-2PE.1.11	11
32:17	1JN.3.18-1JN.3.24	9
32:17	1JN.4.17	9
32:17	ISA.11.6-ISA.11.9	7
32:17	EZK.39.29	7
32:17	ISA.55.12	6
32:17	ISA.57.19	6
32:17	ISA.48.18	5
32:17	HEB.6.11	5
32:17	ISA.54.13-ISA.54.14	4
32:17	ISA.66.12	4
32:17	MIC.4.3-MIC.4.4	4
32:17	2CO.1.12	4
32:17	PSA.72.2-PSA.72.3	3
32:17	PSA.112.6-PSA.112.9	3
32:17	PRO.14.26	3
32:17	ISA.2.3-ISA.2.4	3
32:17	ISA.11.13	3
32:17	ISA.30.15	3
32:17	EZK.37.21-EZK.37.22	3
32:17	EZK.37.25	3
32:17	ISA.9.7	2
32:18	ZEC.2.5	10
32:18	HOS.2.18-HOS.2.23	9
32:18	JER.33.16	8
32:18	EZK.34.25-EZK.34.26	7
32:18	ISA.33.20-ISA.33.22	5
32:18	ISA.35.9-ISA.35.10	5
32:18	ISA.60.17-ISA.60.18	4
32:18	JER.23.5-JER.23.6	4
32:18	HEB.4.9	4
32:18	1JN.4.16	4
32:18	ZEC.2.8	3
32:19	ISA.28.17	5
32:19	ISA.26.5	4
32:19	ISA.28.2	4
32:19	ISA.30.30	4
32:19	ZEC.11.2	3
32:19	EXO.9.18-EXO.9.26	2
32:19	ISA.10.19	2
32:19	ISA.14.22-ISA.14.23	2
32:19	ISA.24.10	2
32:19	ISA.25.4	2
32:19	ISA.27.10	2
32:19	ISA.37.24	2
32:19	EZK.13.11-EZK.13.13	2
32:19	NAM.1.1	2
32:19	NAM.1.8	2
32:19	NAM.2.10-NAM.2.13	2
32:19	MAT.7.25	2
32:19	REV.8.7	2
32:19	REV.18.21	2
32:20	ECC.11.1	6
32:20	ISA.30.23-ISA.30.24	5
32:20	ISA.55.10-ISA.55.11	3
32:20	ISA.19.5-ISA.19.7	2
32:20	ACT.2.41	2
32:20	ACT.4.4	2
32:20	ACT.5.14	2
32:20	1CO.3.6	2
32:20	1CO.9.9-1CO.9.11	2
32:20	JAS.3.18	2
33:1	MAT.7.2	8
33:1	ISA.24.16	4
33:1	ISA.10.12	3
33:1	ISA.21.2	3
33:1	JER.25.12-JER.25.14	3
33:1	OBA.1.10-OBA.1.16	3
33:1	REV.17.17	3
33:1	JDG.1.7	2
33:1	2KI.18.13-2KI.18.17	2
33:1	2CH.28.16-2CH.28.21	2
33:1	ISA.10.5-ISA.10.6	2
33:1	ISA.17.14	2
33:1	ISA.37.36-ISA.37.38	2
33:1	HAB.2.5-HAB.2.8	2
33:1	ZEC.14.1-ZEC.14.3	2
33:1	REV.13.10	2
33:1	REV.17.12-REV.17.14	2
33:1	REV.16.6	1
33:2	2CO.1.3-2CO.1.4	13
33:2	ISA.30.18-ISA.30.19	9
33:2	ISA.59.16	9
33:2	PSA.60.11	8
33:2	PSA.62.8	8
33:2	EXO.14.27	7
33:2	PSA.46.1	7
33:2	PSA.62.1	7
33:2	PSA.130.4-PSA.130.8	7
33:2	ISA.25.9	7
33:2	LAM.3.25-LAM.3.26	7
33:2	PSA.25.3	6
33:2	PSA.27.13-PSA.27.14	6
33:2	PSA.37.39	6
33:2	PSA.46.5	6
33:2	PSA.50.15	6
33:2	PSA.62.5	6
33:2	PSA.90.15	6
33:2	PSA.91.15	6
33:2	PSA.123.2	6
33:2	ISA.25.4	6
33:2	ISA.26.8	6
33:2	ISA.26.16	6
33:2	ISA.40.10	6
33:2	JER.2.27-JER.2.28	6
33:2	JER.14.8	6
33:2	LAM.3.23	6
33:2	HOS.14.2	6
33:2	PSA.143.8	5
33:3	ISA.10.13-ISA.10.14	3
33:3	PSA.46.6	2
33:3	ISA.10.32-ISA.10.34	2
33:3	ISA.17.12-ISA.17.14	2
33:3	ISA.37.11-ISA.37.18	2
33:3	ISA.59.16-ISA.59.18	2
33:3	ISA.37.29-ISA.37.36	1
33:4	2CH.14.13	2
33:4	2CH.20.25	2
33:4	ISA.33.23	2
33:4	JOL.2.9	2
33:4	JOL.2.25	2
33:4	2KI.7.15-2KI.7.16	1
33:5	ISA.2.17	5
33:5	ISA.32.15-ISA.32.18	3
33:5	DAN.4.37	3
33:5	ROM.11.26	3
33:5	EPH.1.20-EPH.1.21	3
33:5	REV.19.2-REV.19.6	3
33:5	EXO.9.16-EXO.9.17	2
33:5	EXO.15.1	2
33:5	EXO.15.6	2
33:5	EXO.18.11	2
33:5	2CH.31.20-2CH.31.21	2
33:5	JOB.40.9-JOB.40.14	2
33:5	PSA.21.11-PSA.21.13	2
33:5	PSA.46.9-PSA.46.10	2
33:5	PSA.97.8-PSA.97.9	2
33:5	PSA.113.5-PSA.113.6	2
33:5	PSA.115.1-PSA.115.2	2
33:5	PSA.118.16	2
33:5	PSA.123.1	2
33:5	ISA.1.26-ISA.1.27	2
33:5	ISA.2.11	2
33:5	ISA.4.2-ISA.4.4	2
33:5	ISA.12.4	2
33:5	ISA.28.6	2
33:5	ISA.32.1	2
33:5	ISA.33.10	2
33:5	ISA.37.20	2
33:5	ISA.54.11-ISA.54.14	2
33:5	ISA.57.15	2
33:5	ISA.60.21	2
33:5	ISA.61.3	2
33:5	ISA.61.11-ISA.62.1	2
33:5	ISA.66.1	2
33:5	ROM.3.26	2
33:5	ISA.52.1	1
33:6	PSA.112.1-PSA.112.3	17
33:6	PRO.19.23	15
33:6	1TI.4.8	14
33:6	PRO.14.27	11
33:6	MAT.6.33	11
33:6	1TI.6.6	9
33:6	PSA.27.1-PSA.27.2	7
33:6	PSA.28.8	7
33:6	ECC.7.19	7
33:6	ISA.11.2-ISA.11.5	7
33:6	ISA.51.6	7
33:6	PRO.24.3-PRO.24.7	6
33:6	ISA.38.5-ISA.38.6	6
33:6	ECC.7.12	5
33:6	2CH.32.27-2CH.32.29	4
33:6	PSA.45.4	4
33:6	PSA.140.7	4
33:6	PRO.15.16	4
33:6	PRO.28.2	4
33:6	PRO.28.15-PRO.28.16	4
33:6	ECC.9.14-ECC.9.18	4
33:6	2CH.32.20-2CH.32.21	3
33:6	PRO.29.4	3
33:6	JER.22.15-JER.22.17	3
33:6	2CO.6.10	3
33:7	2KI.18.18	3
33:7	2KI.18.37-2KI.19.3	3
33:7	ISA.36.22	3
33:7	ISA.36.3	2
33:8	JDG.5.6	4
33:8	ISA.35.8	3
33:8	1SA.17.10	2
33:8	1SA.17.26	2
33:8	2KI.18.13-2KI.18.17	2
33:8	2KI.18.20-2KI.18.21	2
33:8	PSA.10.5	2
33:8	ISA.10.9-ISA.10.11	2
33:8	ISA.10.13-ISA.10.14	2
33:8	ISA.10.29-ISA.10.31	2
33:8	ISA.36.1	2
33:8	LAM.1.4	2
33:8	LUK.18.2-LUK.18.4	2
33:9	ISA.35.2	4
33:9	ISA.65.10	3
33:9	NAM.1.4	3
33:9	DEU.3.4	2
33:9	SNG.2.1	2
33:9	ISA.1.7-ISA.1.8	2
33:9	ISA.2.13	2
33:9	ISA.3.26	2
33:9	ISA.14.8	2
33:9	ISA.24.1	2
33:9	ISA.24.4-ISA.24.6	2
33:9	ISA.24.19-ISA.24.20	2
33:9	ISA.37.24	2
33:9	JER.4.20-JER.4.26	2
33:9	JER.50.19	2
33:9	MIC.7.14	2
33:9	ZEC.11.1-ZEC.11.3	2
33:10	PSA.12.5	8
33:10	PSA.102.13-PSA.102.18	7
33:10	ISA.42.13-ISA.42.14	5
33:10	ISA.59.16-ISA.59.17	5
33:10	AMO.6.1	5
33:10	ISA.30.17-ISA.30.18	4
33:10	ZEP.3.8	4
33:10	EXO.14.18	3
33:10	EXO.15.9-EXO.15.12	3
33:10	DEU.32.36-DEU.32.43	3
33:10	PSA.7.6	3
33:10	PSA.46.10	3
33:10	PSA.78.65	3
33:10	ISA.10.16	3
33:10	ISA.10.33	3
33:10	ISA.2.21	2
33:11	PSA.7.14	6
33:11	ISA.59.4	6
33:11	JAS.1.15	5
33:11	ACT.5.4	3
33:11	JOB.15.35	2
33:11	PSA.2.1	2
33:11	PSA.83.5-PSA.83.18	2
33:11	ISA.1.31	2
33:11	ISA.5.24	2
33:11	ISA.8.9-ISA.8.10	2
33:11	ISA.10.7-ISA.10.14	2
33:11	ISA.17.13	2
33:11	ISA.26.18	2
33:11	ISA.29.5-ISA.29.8	2
33:11	ISA.30.30-ISA.30.33	2
33:11	ISA.31.8-ISA.31.9	2
33:11	ISA.37.23-ISA.37.29	2
33:11	NAM.1.5-NAM.1.10	2
33:12	2SA.23.6-2SA.23.7	3
33:12	ISA.27.4	3
33:12	ISA.9.18	2
33:12	ISA.10.17	2
33:12	ISA.37.36	2
33:12	AMO.2.1	2
33:13	PSA.48.10	4
33:13	EPH.2.11-EPH.2.18	4
33:13	ISA.49.1	3
33:13	DAN.3.27-DAN.4.3	3
33:13	JOS.2.9-JOS.2.11	2
33:13	JOS.9.9-JOS.9.10	2
33:13	1SA.17.46	2
33:13	PSA.46.6-PSA.46.11	2
33:13	PSA.97.8	2
33:13	PSA.98.1-PSA.98.2	2
33:13	PSA.99.2-PSA.99.3	2
33:13	PSA.147.12-PSA.147.14	2
33:13	PSA.148.14	2
33:13	ISA.18.3	2
33:13	ISA.37.20	2
33:13	ISA.57.19	2
33:13	DAN.6.25-DAN.6.27	2
33:13	ACT.2.5-ACT.2.11	2
33:13	EXO.15.14	1
33:14	HEB.12.29	9
33:14	ISA.66.24	6
33:14	MAT.25.46	6
33:14	DEU.5.24-DEU.5.25	5
33:14	MAT.18.8	5
33:14	MAT.25.41	5
33:14	REV.14.10	5
33:14	ISA.29.13	4
33:14	JOB.18.11	3
33:14	NAM.1.6	3
33:14	2TH.1.8	3
33:14	REV.6.15-REV.6.17	3
33:14	REV.20.10	3
33:14	NUM.17.12-NUM.17.13	2
33:14	DEU.32.21-DEU.32.24	2
33:14	JOB.15.21-JOB.15.22	2
33:14	PSA.11.6	2
33:14	PSA.21.9	2
33:14	PSA.50.3	2
33:14	PSA.53.5	2
33:14	PRO.28.1	2
33:14	ISA.5.24	2
33:14	ISA.7.2	2
33:14	ISA.9.17	2
33:14	ISA.10.6	2
33:14	ISA.28.14-ISA.28.15	2
33:14	ISA.28.17-ISA.28.22	2
33:14	ISA.29.6	2
33:14	ISA.30.8-ISA.30.11	2
33:14	ISA.30.27-ISA.30.33	2
33:14	ISA.32.11	2
33:14	ISA.34.9	2
33:14	MAT.22.12	2
33:14	MAT.24.51	2
33:14	MRK.9.43-MRK.9.49	2
33:14	LUK.16.23-LUK.16.26	2
33:15	PSA.119.37	13
33:15	1JN.3.7	7
33:15	EPH.5.11-EPH.5.13	6
33:15	DEU.16.19	5
33:15	PSA.1.1-PSA.1.3	5
33:15	PSA.24.4-PSA.24.5	5
33:15	PSA.106.3	5
33:15	ISA.56.1-ISA.56.2	5
33:15	ROM.2.7	5
33:15	TIT.2.11-TIT.2.12	5
33:15	PSA.15.1-PSA.15.2	4
33:15	PSA.26.1-PSA.26.2	4
33:15	PSA.26.9-PSA.26.11	4
33:15	EZK.18.15-EZK.18.17	4
33:15	LUK.1.6	4
33:15	LUK.19.8	4
33:15	ACT.8.18-ACT.8.23	4
33:15	JAS.5.4	4
33:15	2PE.2.14-2PE.2.16	4
33:15	NUM.16.15	3
33:15	1SA.12.3	3
33:15	1SA.24.4-1SA.24.7	3
33:15	1SA.26.8-1SA.26.11	3
33:15	NEH.5.7-NEH.5.13	3
33:15	JOB.31.13-JOB.31.25	3
33:15	JOB.31.29-JOB.31.31	3
33:15	PSA.26.4-PSA.26.6	3
33:15	JER.5.26-JER.5.28	3
33:15	MIC.7.3-MIC.7.4	3
33:15	MAT.26.15	3
33:15	LUK.3.12-LUK.3.14	3
33:15	ISA.58.8	2
33:15	JER.40.15-JER.40.16	2
33:15	MAL.2.6	2
33:15	EXO.23.6-EXO.23.9	1
33:16	LUK.12.29-LUK.12.31	9
33:16	ISA.32.18	7
33:16	PRO.1.33	6
33:16	ISA.49.10	6
33:16	PSA.37.3	5
33:16	PSA.90.1	5
33:16	PSA.107.41	5
33:16	PRO.18.10	5
33:16	PSA.18.33	4
33:16	PSA.33.18	4
33:16	PSA.91.14	4
33:16	PSA.111.5	4
33:16	ISA.25.4	4
33:16	HAB.3.19	4
33:16	PSA.34.10	3
33:16	ISA.26.1-ISA.26.5	3
33:16	PSA.15.1	2
33:16	PSA.91.1-PSA.91.10	1
33:17	ZEC.9.17	5
33:17	JHN.14.21	4
33:17	2CO.4.18	4
33:17	1JN.3.2	4
33:17	ISA.6.5	3
33:17	JHN.1.14	3
33:17	JHN.17.24	3
33:17	2CH.32.23	2
33:17	PSA.31.8	2
33:17	PSA.45.2	2
33:17	SNG.5.10	2
33:17	ISA.26.15	2
33:17	ISA.32.1-ISA.32.2	2
33:17	ISA.37.1	2
33:17	MAT.17.2	2
33:17	HEB.11.13-HEB.11.15	2
33:18	1CO.1.20	3
33:18	GEN.23.16	2
33:18	1SA.25.33-1SA.25.36	2
33:18	1SA.30.6	2
33:18	2KI.15.19	2
33:18	2KI.18.14	2
33:18	2KI.18.31	2
33:18	PSA.31.7-PSA.31.8	2
33:18	PSA.31.22	2
33:18	PSA.71.20	2
33:18	ISA.10.16-ISA.10.19	2
33:18	ISA.17.14	2
33:18	ISA.38.9-ISA.38.22	2
33:18	2CO.1.8-2CO.1.10	1
33:18	2TI.3.11	1
33:19	ISA.28.11	9
33:19	DEU.28.49-DEU.28.50	8
33:19	JER.5.15	7
33:19	EXO.14.13	4
33:19	2KI.19.32	4
33:19	EZK.3.5-EZK.3.6	4
33:19	1CO.14.21	3
33:20	PSA.46.5	4
33:20	ISA.32.18	3
33:20	ISA.54.2	3
33:20	DEU.12.5	2
33:20	PSA.48.12-PSA.48.13	2
33:20	PSA.78.68-PSA.78.69	2
33:20	PSA.125.1-PSA.125.2	2
33:20	PSA.128.5	2
33:20	ISA.37.33	2
33:20	EZK.48.35	2
33:20	MAT.16.18	2
33:20	REV.3.12	2
33:21	PSA.46.4-PSA.46.5	4
33:21	ISA.41.18	3
33:21	ISA.48.18	3
33:21	ISA.66.12	3
33:21	ACT.7.2	2
33:21	2CO.4.4-2CO.4.6	2
33:21	PSA.29.3	1
33:22	ACT.5.31	13
33:22	JAS.4.12	13
33:22	ZEP.3.15-ZEP.3.17	9
33:22	PSA.89.18	8
33:22	ISA.12.2	8
33:22	ISA.25.9	8
33:22	ISA.35.4	8
33:22	ZEC.9.9	6
33:22	REV.19.16	6
33:22	PSA.50.6	5
33:22	PSA.75.7	5
33:22	MAT.25.34	4
33:22	GEN.18.25	3
33:22	DEU.33.2	3
33:22	PSA.98.9	3
33:22	ISA.11.4	3
33:22	ISA.16.5	3
33:22	JER.23.5-JER.23.6	3
33:22	PSA.44.4	2
33:22	PSA.74.12	2
33:22	PSA.147.19-PSA.147.20	2
33:22	2CO.5.10	2
33:22	NEH.10.14	1
33:22	MAT.1.21-MAT.1.23	1
33:22	MAT.21.5	1
33:22	TIT.3.4-TIT.3.6	1
33:22	HEB.5.9	1
33:22	LUK.2.11	0
33:23	2KI.7.8	4
33:23	PSA.68.12	3
33:23	1CO.1.27	3
33:23	1SA.30.10	2
33:23	1SA.30.22-1SA.30.24	2
33:23	2KI.7.16	2
33:23	2CH.20.25	2
33:23	ISA.33.1	2
33:23	ISA.33.4	2
33:23	ISA.33.21	2
33:23	EZK.27.26-EZK.27.34	2
33:23	ACT.27.19	2
33:23	ACT.27.30-ACT.27.32	2
33:23	ACT.27.40-ACT.27.41	2
33:24	JER.50.20	13
33:24	REV.21.4	12
33:24	EXO.15.26	10
33:24	1JN.1.7-1JN.1.9	10
33:24	ISA.58.8	9
33:24	JER.33.6-JER.33.8	9
33:24	JAS.5.14	9
33:24	ISA.44.22	8
33:24	DEU.7.15	7
33:24	ISA.30.26	7
33:24	MIC.7.18-MIC.7.19	7
33:24	2CH.30.20	6
33:24	REV.22.2	6
33:24	DEU.28.27	4
34:1	ISA.1.2	5
34:1	ISA.41.1	5
34:1	ISA.43.9	5
34:1	1CO.10.26	5
34:1	DEU.32.1	4
34:1	ISA.33.13	4
34:1	JER.22.29	4
34:1	MIC.6.1-MIC.6.2	4
34:1	PSA.49.1-PSA.49.2	3
34:1	PSA.50.1	3
34:1	PSA.96.10	3
34:1	ISA.18.3	3
34:1	ISA.49.1	3
34:1	MRK.16.15-MRK.16.16	3
34:1	DEU.4.26	2
34:1	JDG.5.3	2
34:1	JDG.5.31	2
34:1	PSA.24.1	2
34:1	REV.2.7	2
34:2	JER.25.15-JER.25.29	3
34:2	ZEP.3.8	3
34:2	ISA.13.5	2
34:2	ISA.30.25	2
34:2	ISA.30.27-ISA.30.30	2
34:2	JOL.3.9-JOL.3.14	2
34:2	AMO.1.1-AMO.1.2	2
34:2	ZEC.14.3	2
34:2	ZEC.14.12-ZEC.14.16	2
34:2	ISA.24.1-ISA.24.23	1
34:2	NAM.1.2-NAM.1.6	1
34:2	ROM.1.18	1
34:2	REV.6.12-REV.6.17	1
34:2	REV.14.15-REV.14.20	1
34:2	REV.19.15-REV.19.21	1
34:2	REV.20.9	1
34:2	REV.20.15	1
34:3	JOL.2.20	5
34:3	ISA.34.7	3
34:3	EZK.39.4	3
34:3	2KI.9.35-2KI.9.37	2
34:3	ISA.14.19-ISA.14.20	2
34:3	JER.8.1-JER.8.2	2
34:3	JER.22.19	2
34:3	EZK.14.19	2
34:3	EZK.32.5-EZK.32.6	2
34:3	EZK.35.6	2
34:3	EZK.38.22	2
34:3	EZK.39.11	2
34:3	AMO.4.10	2
34:3	REV.14.20	2
34:3	REV.16.3-REV.16.4	2
34:4	REV.6.13-REV.6.14	16
34:4	MAT.24.29	12
34:4	EZK.32.7-EZK.32.8	7
34:4	JOL.3.15	7
34:4	PSA.102.25-PSA.102.26	4
34:4	MRK.13.24-MRK.13.25	4
34:4	2PE.3.7-2PE.3.12	4
34:4	JER.4.23-JER.4.24	3
34:4	JOL.2.30-JOL.2.31	3
34:4	MAT.24.35	3
34:4	REV.8.12	3
34:4	ISA.13.10	2
34:4	ACT.2.19-ACT.2.20	2
34:4	REV.20.11	2
34:4	ISA.13.13	1
34:4	ISA.14.12	0
34:5	JER.46.10	5
34:5	ISA.63.1	4
34:5	AMO.1.11-AMO.1.12	4
34:5	MAL.1.4	4
34:5	JER.49.7-JER.49.22	3
34:5	EZK.25.12-EZK.25.14	3
34:5	DEU.29.18-DEU.29.21	2
34:5	DEU.32.14	2
34:5	DEU.32.41-DEU.32.42	2
34:5	PSA.17.13	2
34:5	PSA.137.7	2
34:5	ISA.24.6	2
34:5	JER.47.6	2
34:5	EZK.21.3-EZK.21.5	2
34:5	EZK.21.9-EZK.21.11	2
34:5	OBA.1.1-OBA.1.14	2
34:5	ZEP.2.12	2
34:5	MAT.25.41	2
34:5	DEU.27.15-DEU.27.26	1
34:5	1CO.16.22	1
34:5	GAL.3.10	1
34:5	2PE.2.14	1
34:5	REV.1.16	1
34:6	ISA.63.1	5
34:6	JER.49.13	3
34:6	DEU.32.14	2
34:6	ISA.34.5	2
34:6	ISA.63.3	2
34:6	JER.50.27	2
34:6	JER.51.40	2
34:6	EZK.21.4-EZK.21.5	2
34:6	EZK.39.17-EZK.39.20	2
34:6	ZEP.1.7	2
34:6	REV.19.17-REV.19.18	2
34:6	EZK.21.10	1
34:7	NUM.23.22	4
34:7	PSA.68.30	4
34:7	JER.50.27	3
34:7	NUM.24.8	2
34:7	DEU.33.17	2
34:7	JOB.39.9-JOB.39.10	2
34:7	PSA.92.10	2
34:7	JER.46.21	2
34:7	JER.50.11	2
34:8	ISA.63.4	6
34:8	ISA.61.2	5
34:8	PSA.94.1	4
34:8	ISA.35.4	4
34:8	JER.46.10	4
34:8	DEU.32.35	3
34:8	ISA.26.21	3
34:8	ISA.49.26	3
34:8	REV.6.10-REV.6.11	3
34:8	REV.18.20	3
34:8	REV.19.2	3
34:8	DEU.32.41-DEU.32.43	2
34:8	ISA.59.17-ISA.59.18	2
34:8	MIC.6.1	2
34:8	LUK.18.7	2
34:8	ROM.2.5	2
34:8	ROM.2.8-ROM.2.9	2
34:8	2TH.1.6-2TH.1.10	2
34:9	DEU.29.23	4
34:9	PSA.11.6	3
34:9	REV.21.8	3
34:9	GEN.19.28	2
34:9	JOB.18.15	2
34:9	LUK.17.29	2
34:9	JUD.1.7	2
34:9	REV.19.20	2
34:10	REV.19.3	6
34:10	ISA.13.20	4
34:10	ISA.66.24	4
34:10	MAL.1.3-MAL.1.4	4
34:10	ISA.1.31	3
34:10	EZK.29.11	3
34:10	REV.14.10-REV.14.11	3
34:10	REV.18.18	3
34:10	ISA.24.1	2
34:10	JER.7.20	2
34:10	EZK.20.47-EZK.20.48	2
34:10	MRK.9.43-MRK.9.48	2
34:11	2KI.21.13	6
34:11	LAM.2.8	6
34:11	ZEP.2.14	5
34:11	REV.18.2	4
34:11	2SA.8.2	3
34:11	ISA.14.23	3
34:11	ISA.13.20-ISA.13.22	2
34:11	ISA.24.10	2
34:11	MAL.1.3-MAL.1.4	2
34:11	REV.18.21-REV.18.23	2
34:12	ISA.3.6-ISA.3.8	3
34:12	ECC.10.16-ECC.10.17	2
34:12	ISA.41.11-ISA.41.12	2
34:12	ISA.41.24	2
34:12	JER.27.20	2
34:12	JER.39.6	2
34:12	1CO.8.4	2
34:12	1CO.13.2	2
34:12	2CO.12.11	2
34:13	JER.9.11	5
34:13	JER.10.22	5
34:13	PSA.44.19	4
34:13	MAL.1.3	4
34:13	ISA.13.21-ISA.13.22	3
34:13	ISA.32.13-ISA.32.14	3
34:13	ISA.35.7	3
34:13	JER.49.33	3
34:13	JER.50.39-JER.50.40	3
34:13	JER.51.37	3
34:13	HOS.9.6	3
34:13	ZEP.2.9	3
34:13	REV.18.2	2
34:13	REV.18.20-REV.18.24	2
34:14	ISA.13.21-ISA.13.22	3
34:15	DEU.14.13	2
34:16	PSA.33.9	28
34:16	JOS.1.8	25
34:16	MAT.5.18	24
34:16	ISA.30.8	22
34:16	PSA.33.6	21
34:16	PRO.23.12	19
34:16	LUK.21.33	17
34:16	JHN.10.35	17
34:16	DAN.10.21	16
34:16	MAL.3.16	14
34:16	ISA.58.14	13
34:16	AMO.3.7	13
34:16	2PE.1.19	13
34:16	ISA.1.20	11
34:16	GEN.6.17	10
34:16	DEU.31.21	10
34:16	JHN.5.39	10
34:17	ISA.34.10	5
34:17	ACT.17.26	3
34:17	JOS.18.8	2
34:17	PSA.78.55	2
34:17	ISA.13.20-ISA.13.22	2
34:17	ISA.17.14	2
34:17	JER.13.25	2
34:17	ACT.13.19	1
35:1	ISA.51.3	17
35:1	EZK.36.35	17
35:1	ISA.55.12-ISA.55.13	13
35:1	ISA.27.6	11
35:1	ISA.52.9-ISA.52.10	11
35:1	ISA.4.2	10
35:1	REV.19.1-REV.19.7	9
35:1	PSA.48.11	8
35:1	PSA.97.8	8
35:1	ISA.29.17	8
35:1	ISA.32.15-ISA.32.16	8
35:1	ISA.40.3	8
35:1	ISA.41.18-ISA.41.19	8
35:1	ISA.61.10-ISA.61.11	8
35:1	ISA.66.10-ISA.66.14	8
35:1	HOS.14.5-HOS.14.6	8
35:1	ISA.27.10	6
35:2	ISA.25.9	8
35:2	ISA.60.13	8
35:2	ROM.10.15	8
35:2	HAB.2.14	7
35:2	AMO.9.13-AMO.9.15	6
35:2	ISA.60.1-ISA.60.3	5
35:2	ISA.40.5	4
35:2	ISA.55.12-ISA.55.13	4
35:2	PSA.50.2	3
35:2	PSA.72.16	3
35:2	PSA.72.19	3
35:2	PSA.98.7-PSA.98.9	3
35:2	SNG.7.5	3
35:2	ISA.6.3	3
35:2	ISA.32.15	3
35:2	ISA.33.9	3
35:2	ISA.60.19	3
35:2	ISA.61.3	3
35:2	ISA.66.18-ISA.66.19	3
35:2	HOS.14.6-HOS.14.7	3
35:2	ZEP.3.19-ZEP.3.20	3
35:2	JHN.17.24	3
35:2	2CO.4.6	3
35:2	REV.21.23	3
35:2	EXO.33.18-EXO.33.19	2
35:2	1CH.16.33	2
35:2	PSA.65.12-PSA.65.13	2
35:2	PSA.89.12	2
35:2	PSA.96.11-PSA.96.13	2
35:2	PSA.97.6	2
35:2	PSA.102.15-PSA.102.16	2
35:2	PSA.148.9-PSA.148.13	2
35:2	ISA.41.19	2
35:2	ISA.42.10-ISA.42.12	2
35:2	ISA.49.13	2
35:2	ISA.60.21	2
35:2	ISA.65.8-ISA.65.10	2
35:2	EZK.34.25-EZK.34.26	2
35:2	MIC.7.14-MIC.7.15	2
35:2	ZEC.10.7	2
35:2	ZEC.14.20-ZEC.14.21	2
35:2	JHN.12.41	2
35:2	ACT.4.32-ACT.4.33	2
35:2	ROM.15.10	2
35:2	2CO.3.18	2
35:3	HEB.12.12	14
35:3	JOB.4.3-JOB.4.4	13
35:3	LUK.22.32	13
35:3	ISA.57.14-ISA.57.16	11
35:3	JOB.16.5	7
35:3	LUK.22.43	7
35:3	ACT.18.23	7
35:3	JDG.7.11	6
35:3	ISA.52.1-ISA.52.2	5
35:3	ISA.40.1-ISA.40.2	4
35:4	JAS.5.7-JAS.5.9	19
35:4	ISA.41.10-ISA.41.14	15
35:4	ZEP.3.16-ZEP.3.17	14
35:4	ISA.34.8	13
35:4	HAG.2.4	13
35:4	EPH.6.10	13
35:4	1CH.28.20	11
35:4	ISA.33.22	11
35:4	ISA.61.2	10
35:4	ISA.25.9	9
35:4	ISA.52.7-ISA.52.10	8
35:4	LUK.21.28	8
35:4	ISA.44.2	7
35:4	DAN.10.19	7
35:4	ZEC.2.8-ZEC.2.10	7
35:4	DEU.32.35-DEU.32.43	5
35:4	ISA.32.4	5
35:4	ISA.40.9-ISA.40.11	5
35:4	HEB.10.37-HEB.10.38	5
35:4	REV.2.10	5
35:4	REV.22.20	5
35:4	JOS.1.6-JOS.1.7	4
35:4	ISA.28.16	4
35:4	ISA.54.4-ISA.54.5	4
35:4	ISA.66.15	4
35:4	HOS.1.7	4
35:4	MAT.1.21-MAT.1.23	4
35:4	2TI.2.1	4
35:4	HEB.9.28	4
35:4	REV.1.7	4
35:4	PSA.50.3	3
35:4	PSA.116.11	3
35:4	ISA.26.20-ISA.26.21	3
35:4	HAB.2.3	3
35:4	MAL.3.1	3
35:4	ISA.1.24	2
35:4	ISA.43.1-ISA.43.6	2
35:5	ISA.42.6-ISA.42.7	114
35:5	LUK.7.20-LUK.7.23	76
35:5	ISA.29.18	71
35:5	MAT.11.3-MAT.11.5	59
35:5	ISA.32.3-ISA.32.4	49
35:5	PSA.146.8	39
35:5	JHN.9.39	31
35:5	ISA.50.4	30
35:5	MAT.9.27-MAT.9.30	29
35:5	EPH.1.17-EPH.1.18	29
35:5	MAT.12.22	26
35:5	MAT.20.30-MAT.20.34	25
35:5	MAT.21.14	25
35:5	LUK.4.18	24
35:5	JHN.9.1-JHN.9.7	22
35:5	ISA.42.16	20
35:5	ISA.43.8	20
35:5	MRK.7.32-MRK.7.37	19
35:5	EPH.5.14	19
35:5	PRO.20.12	18
35:5	EXO.4.11	17
35:5	MRK.9.25-MRK.9.26	17
35:5	ACT.9.17-ACT.9.18	17
35:5	MRK.8.22-MRK.8.25	16
35:5	ISA.48.8	15
35:5	ACT.26.18	15
35:5	JHN.11.37	14
35:5	JOB.33.16	13
35:5	JER.6.10	11
35:6	JHN.5.8-JHN.5.9	8
35:6	LUK.11.14	6
35:6	JHN.7.37-JHN.7.39	6
35:6	ISA.32.4	5
35:6	MAT.12.22	5
35:6	PSA.51.15	4
35:6	MAT.9.32-MAT.9.33	4
35:6	LUK.1.64	3
35:6	EXO.17.6	2
35:6	NUM.20.11	2
35:6	NEH.9.15	2
35:6	PSA.46.4	2
35:6	PSA.78.15-PSA.78.16	2
35:6	ISA.35.1	2
35:6	ISA.41.17-ISA.41.18	2
35:6	ISA.43.19-ISA.43.20	2
35:6	ISA.48.21	2
35:6	ISA.49.10-ISA.49.11	2
35:6	EZK.47.1-EZK.47.11	2
35:6	ZEC.14.8	2
35:6	MAT.11.5	2
35:6	MAT.15.30-MAT.15.31	2
35:6	MAT.21.14	2
35:6	MRK.7.32-MRK.7.37	2
35:6	MRK.9.17-MRK.9.25	2
35:6	ACT.3.2	2
35:6	ACT.3.6-ACT.3.8	2
35:6	ACT.8.7	2
35:6	ACT.14.8-ACT.14.10	2
35:6	COL.3.16	2
35:6	REV.22.1	2
35:6	REV.22.17	2
35:7	ACT.26.18	7
35:7	ISA.49.10	6
35:7	JHN.4.14	5
35:7	ISA.34.13	4
35:7	ISA.13.22	3
35:7	JHN.7.38	3
35:7	1JN.5.19-1JN.5.20	3
35:7	REV.18.2	3
35:7	ISA.19.6	2
35:7	ISA.29.17	2
35:7	ISA.44.3-ISA.44.4	2
35:7	HOS.1.10-HOS.1.11	2
35:7	MAT.21.43	2
35:7	LUK.13.29	2
35:7	1CO.6.9-1CO.6.11	2
35:7	REV.12.9-REV.12.12	2
35:7	REV.20.2-REV.20.3	2
35:8	MAT.7.13-MAT.7.14	37
35:8	ISA.42.16	30
35:8	JHN.14.6	25
35:8	1PE.1.14-1PE.1.15	18
35:8	REV.21.27	18
35:8	HEB.10.20-HEB.10.23	17
35:8	2TI.1.9	16
35:8	1PE.2.9-1PE.2.10	16
35:8	JER.31.21	14
35:8	TIT.2.11-TIT.2.14	14
35:8	HEB.12.14	14
35:8	ISA.30.21	11
35:8	EZK.44.9	11
35:8	JER.32.39-JER.32.40	10
35:8	1TH.4.7	10
35:8	ISA.60.21	9
35:8	PSA.25.8-PSA.25.9	8
35:8	PRO.4.18	8
35:8	EPH.2.10	7
35:8	PSA.19.7	6
35:8	PSA.23.4	6
35:8	PSA.119.130	6
35:8	PRO.8.20	6
35:8	ISA.4.3	6
35:8	ISA.40.3-ISA.40.4	6
35:8	ISA.49.10-ISA.49.12	6
35:8	ISA.57.14	6
35:8	ISA.62.10	6
35:8	JER.50.4-JER.50.5	6
35:8	JOL.3.17	6
35:8	JHN.7.17	6
35:8	REV.7.15-REV.7.17	6
35:8	ISA.11.16	5
35:8	ISA.19.23	5
35:8	ISA.33.8	5
35:8	ISA.52.1	5
35:8	ISA.52.11	5
35:8	EZK.43.12	5
35:8	2PE.3.13	5
35:8	1JN.2.20	5
35:8	MAT.1.23	4
35:8	1JN.2.27	4
35:8	ZEC.14.20-ZEC.14.21	3
35:9	ISA.62.12	3
35:9	EZK.34.25	3
35:9	EXO.15.13	2
35:9	LEV.26.6	2
35:9	PSA.107.2	2
35:9	ISA.11.6-ISA.11.9	2
35:9	ISA.30.6	2
35:9	ISA.63.4	2
35:9	ISA.65.25	2
35:9	HOS.2.18	2
35:9	GAL.3.13	1
35:9	TIT.2.14	1
35:9	1PE.1.18	1
35:9	REV.5.9	1
35:9	REV.20.1-REV.20.3	1
35:10	ISA.30.19	15
35:10	REV.21.4	15
35:10	ISA.25.8	12
35:10	ISA.51.10-ISA.51.11	8
35:10	ISA.65.19	7
35:10	JER.33.11	5
35:10	JUD.1.21	5
35:10	REV.14.1-REV.14.4	5
35:10	JER.31.11-JER.31.14	4
35:10	JHN.16.22	4
35:10	1TI.2.6	4
35:10	REV.19.1-REV.19.7	4
35:10	ISA.60.20	3
35:10	MAT.20.28	3
35:10	REV.15.2-REV.15.4	3
35:10	PSA.84.7	2
35:10	REV.7.9-REV.7.17	2
35:10	REV.18.20	2
36:1	2CH.32.1	6
36:1	2KI.18.13	5
36:1	2KI.18.17	3
36:1	ISA.10.28-ISA.10.32	3
36:1	ISA.1.7-ISA.1.8	2
36:1	ISA.7.17	2
36:1	ISA.8.7-ISA.8.8	2
36:1	ISA.33.7-ISA.33.8	2
36:2	2CH.32.9-2CH.32.23	6
36:2	ISA.7.3	6
36:2	2KI.18.17-2KI.18.37	4
36:2	ISA.22.9-ISA.22.11	2
36:3	2SA.8.16-2SA.8.17	2
36:3	2SA.20.24-2SA.20.25	2
36:3	ISA.22.15-ISA.22.21	2
36:4	2KI.18.19-2KI.18.37	3
36:4	2KI.18.5	2
36:4	2KI.19.10	2
36:4	2CH.32.7-2CH.32.10	2
36:4	2CH.32.14-2CH.32.16	2
36:4	PSA.42.3	2
36:4	PSA.42.10	2
36:4	PSA.71.10-PSA.71.11	2
36:4	PRO.16.18	2
36:4	ISA.10.8-ISA.10.14	2
36:4	ISA.37.11-ISA.37.15	2
36:4	EZK.31.3-EZK.31.18	2
36:4	ACT.12.22-ACT.12.23	2
36:4	JUD.1.16	2
36:4	DAN.4.30	1
36:5	2KI.18.7	5
36:5	2KI.24.1	2
36:5	NEH.2.19-NEH.2.20	2
36:5	PRO.21.30-PRO.21.31	2
36:5	PRO.24.5-PRO.24.6	2
36:5	JER.52.3	2
36:5	EZK.17.15	2
36:6	EZK.29.6-EZK.29.7	10
36:6	2KI.18.21	5
36:6	2KI.17.4	4
36:6	ISA.20.5-ISA.20.6	4
36:6	ISA.30.1-ISA.30.7	4
36:6	ISA.31.3	4
36:6	JER.37.5-JER.37.8	4
36:7	2KI.18.4-2KI.18.5	4
36:7	PSA.42.5	3
36:7	PSA.42.10-PSA.42.11	3
36:7	1CO.2.15	3
36:7	DEU.12.2-DEU.12.6	2
36:7	DEU.12.13-DEU.12.14	2
36:7	2KI.18.22	2
36:7	1CH.5.20	2
36:7	2CH.16.7-2CH.16.9	2
36:7	2CH.30.14	2
36:7	2CH.31.1	2
36:7	2CH.32.7-2CH.32.8	2
36:7	2CH.32.12	2
36:7	PSA.22.4-PSA.22.5	2
36:8	1SA.17.40-1SA.17.43	3
36:8	1KI.20.10	2
36:8	1KI.20.18	2
36:8	2KI.14.14	2
36:8	2KI.18.23	2
36:8	NEH.4.2-NEH.4.5	2
36:8	PSA.20.7-PSA.20.8	2
36:8	PSA.123.3-PSA.123.4	2
36:8	ISA.10.13-ISA.10.14	1
36:9	ISA.10.8	3
36:9	DEU.17.16	2
36:9	2KI.18.24	2
36:9	PRO.21.31	2
36:9	ISA.20.5	2
36:9	ISA.30.2-ISA.30.5	2
36:9	ISA.30.7	2
36:9	ISA.30.16-ISA.30.17	2
36:9	ISA.31.3	2
36:9	ISA.36.6	2
36:9	JER.2.36	2
36:10	2KI.18.25	5
36:10	ISA.10.5-ISA.10.7	5
36:10	1KI.13.18	3
36:10	2CH.35.21	3
36:10	ISA.37.28	2
36:10	AMO.3.6	2
36:11	EZR.4.7	6
36:11	DAN.2.4	5
36:11	2KI.18.26-2KI.18.27	4
36:12	LEV.26.29	4
36:12	2KI.18.27	4
36:12	DEU.28.53-DEU.28.57	3
36:12	2KI.6.25-2KI.6.29	3
36:12	ISA.9.20	3
36:12	JER.19.9	3
36:12	LAM.4.9-LAM.4.10	3
36:12	EZK.4.16	3
36:13	2CH.32.18	4
36:13	1SA.17.8-1SA.17.11	2
36:13	2KI.18.28-2KI.18.32	2
36:13	PSA.17.10-PSA.17.13	2
36:13	PSA.73.8-PSA.73.9	2
36:13	PSA.82.6-PSA.82.7	2
36:13	ISA.8.7	2
36:13	ISA.10.8-ISA.10.13	2
36:13	ISA.36.4	2
36:13	EZK.31.3-EZK.31.10	2
36:13	DAN.4.37	2
36:14	2TH.2.4	3
36:14	REV.13.5-REV.13.6	3
36:14	2KI.19.10-2KI.19.13	2
36:14	2KI.19.22	2
36:14	2CH.32.11	2
36:14	2CH.32.13-2CH.32.19	2
36:14	ISA.37.10-ISA.37.13	2
36:14	DAN.3.15-DAN.3.17	2
36:14	DAN.6.20	2
36:14	DAN.7.25	2
36:15	PSA.4.2	2
36:15	PSA.22.7-PSA.22.8	2
36:15	PSA.71.9-PSA.71.11	2
36:15	ISA.36.7	2
36:15	ISA.37.10	2
36:15	ISA.37.23-ISA.37.24	2
36:15	MAT.27.43	2
36:16	1KI.4.25	4
36:16	ZEC.3.10	4
36:16	MIC.4.4	3
36:16	GEN.32.20	2
36:16	GEN.33.11	2
36:16	1SA.11.3	2
36:16	1SA.25.27	2
36:16	2SA.8.6	2
36:16	1KI.4.20	2
36:16	2KI.5.15	2
36:16	2KI.18.31	2
36:16	2KI.24.12-2KI.24.16	2
36:16	PRO.5.15	2
36:16	2CO.9.5	2
36:17	2KI.18.32	3
36:17	EXO.3.8	2
36:17	DEU.8.7-DEU.8.9	2
36:17	DEU.11.12	2
36:17	2KI.17.6-2KI.17.23	2
36:17	2KI.18.9-2KI.18.12	2
36:17	2KI.24.11	2
36:17	JOB.20.17	2
36:17	PRO.12.10	2
36:18	ISA.36.15	4
36:18	ISA.37.17-ISA.37.18	4
36:18	2KI.18.33-2KI.18.35	3
36:18	2KI.19.12-2KI.19.13	3
36:18	2KI.19.17-2KI.19.18	3
36:18	2CH.32.13-2CH.32.17	3
36:18	PSA.12.4	3
36:18	PSA.92.5-PSA.92.7	3
36:18	PSA.115.2-PSA.115.8	3
36:18	PSA.135.5-PSA.135.6	3
36:18	PSA.135.15-PSA.135.18	3
36:18	ISA.36.7	3
36:18	ISA.36.10	3
36:18	ISA.37.10	3
36:18	ISA.37.12-ISA.37.13	3
36:18	JER.10.10-JER.10.12	3
36:18	DAN.3.15	3
36:18	HAB.2.19-HAB.2.20	3
36:18	JER.10.3-JER.10.5	1
36:19	ISA.10.9-ISA.10.11	5
36:19	JER.49.23	5
36:19	NUM.34.8	3
36:19	2SA.8.9	3
36:19	2KI.17.5-2KI.17.7	3
36:19	2KI.17.24	3
36:19	ISA.37.11-ISA.37.13	3
36:19	2KI.18.10-2KI.18.12	1
36:20	2CH.32.19	4
36:20	PSA.50.21	4
36:20	EXO.5.2	3
36:20	1KI.20.23	3
36:20	2KI.19.22-2KI.19.37	3
36:20	2CH.32.15	3
36:20	JOB.15.25-JOB.15.26	3
36:20	PSA.73.9	3
36:20	ISA.37.18-ISA.37.19	3
36:20	ISA.37.23-ISA.37.29	3
36:20	ISA.45.16-ISA.45.17	3
36:20	DAN.3.15	3
36:20	JOB.40.9-JOB.40.12	2
36:21	PRO.26.4	4
36:21	2KI.18.26	2
36:21	2KI.18.37	2
36:21	PSA.38.13-PSA.38.15	2
36:21	PSA.39.1	2
36:21	PRO.9.7-PRO.9.8	2
36:21	AMO.5.13	2
36:21	MAT.7.6	2
36:22	ISA.36.3	4
36:22	ISA.33.7	3
36:22	2KI.5.7	2
36:22	EZR.9.3	2
36:22	ISA.36.11	2
36:22	ISA.37.1-ISA.37.2	2
36:22	MAT.26.65	2
37:1	2KI.19.1-2KI.19.37	4
37:1	2KI.22.11	2
37:1	EZR.9.5	2
37:1	JOB.1.20-JOB.1.21	2
37:1	ISA.36.22-ISA.37.38	2
37:1	JON.3.5-JON.3.6	2
37:1	JER.36.24	1
37:1	MAT.11.21	1
37:2	ISA.1.1	3
37:2	2KI.18.18	2
37:2	2KI.19.2	2
37:2	2KI.22.12-2KI.22.14	2
37:2	2CH.20.20	2
37:2	ISA.36.3	2
37:2	ISA.37.14	2
37:2	JOL.1.13	2
37:3	ISA.66.9	11
37:3	HOS.13.13	10
37:3	2KI.19.3	8
37:3	PSA.50.15	8
37:3	ISA.26.17-ISA.26.18	8
37:3	ISA.33.2	6
37:3	2CH.15.4	4
37:3	PSA.91.15	4
37:3	PSA.95.8	3
37:3	REV.3.19	3
37:3	ISA.22.5	2
37:3	HOS.5.15-HOS.6.1	2
37:3	PSA.116.3-PSA.116.4	1
37:3	JER.30.7	1
37:3	ISA.25.8	0
37:4	ISA.1.9	4
37:4	ISA.36.20	4
37:4	PSA.106.23	3
37:4	ISA.10.22	3
37:4	JOS.14.12	2
37:4	1SA.7.8	2
37:4	1SA.12.19	2
37:4	1SA.12.23	2
37:4	1SA.14.6	2
37:4	1SA.17.26	2
37:4	1SA.17.36	2
37:4	2SA.16.12	2
37:4	2KI.17.18	2
37:4	2KI.18.9-2KI.18.16	2
37:4	2KI.19.4	2
37:4	2KI.19.22-2KI.19.23	2
37:4	2CH.28.19	2
37:4	2CH.32.15-2CH.32.20	2
37:4	PSA.50.21	2
37:4	ISA.8.7-ISA.8.8	2
37:4	ISA.10.5-ISA.10.6	2
37:4	ISA.36.13	2
37:4	ISA.36.18	2
37:4	ISA.37.23-ISA.37.24	2
37:4	ISA.51.7-ISA.51.8	2
37:4	JOL.2.17	2
37:4	AMO.5.15	2
37:4	ROM.9.27	2
37:4	JAS.5.16	2
37:6	ISA.7.4	5
37:6	ISA.35.4	4
37:6	MRK.5.36	3
37:6	EXO.14.13	2
37:6	LEV.26.8	2
37:6	JOS.11.6	2
37:6	2KI.19.5-2KI.19.7	2
37:6	2KI.22.15-2KI.22.20	2
37:6	2CH.20.15-2CH.20.20	2
37:6	ISA.10.24-ISA.10.25	2
37:6	ISA.41.10-ISA.41.14	2
37:6	ISA.43.1-ISA.43.2	2
37:6	ISA.51.12-ISA.51.13	2
37:6	MRK.4.40	2
37:7	2CH.32.21	4
37:7	ISA.31.8-ISA.31.9	4
37:7	2KI.7.6	3
37:7	JOB.4.9	3
37:7	JOB.15.21	3
37:7	ISA.10.16-ISA.10.18	3
37:7	ISA.10.33-ISA.10.34	3
37:7	ISA.17.13-ISA.17.14	3
37:7	ISA.29.5-ISA.29.8	3
37:7	ISA.30.28-ISA.30.33	3
37:7	ISA.33.10-ISA.33.12	3
37:7	ISA.37.9	3
37:7	ISA.37.36-ISA.37.38	3
37:7	PSA.58.9	2
37:8	JOS.10.29	3
37:8	NUM.33.20-NUM.33.21	2
37:8	JOS.10.31-JOS.10.34	2
37:8	JOS.12.11	2
37:8	JOS.15.39	2
37:8	JOS.21.13	2
37:8	2KI.8.22	2
37:8	2KI.19.8-2KI.19.9	2
37:8	2CH.21.10	2
37:9	1SA.23.27-1SA.23.28	2
37:9	ISA.18.1	2
37:9	ISA.20.5	2
37:9	ISA.37.7	2
37:10	ISA.36.15	4
37:10	2KI.18.5	3
37:10	2KI.19.10-2KI.19.13	2
37:10	2CH.32.7-2CH.32.8	2
37:10	2CH.32.15-2CH.32.19	2
37:10	PSA.22.8	2
37:10	ISA.36.4	2
37:10	ISA.36.20	2
37:10	MAT.27.43	2
37:11	ISA.36.18-ISA.36.20	4
37:11	2KI.17.4-2KI.17.6	2
37:11	2KI.18.33-2KI.18.35	2
37:11	ISA.10.7-ISA.10.14	2
37:11	ISA.14.17	2
37:11	ISA.37.18-ISA.37.19	2
37:12	GEN.11.31	5
37:12	2KI.17.6	4
37:12	2KI.18.11	4
37:12	2KI.19.12	4
37:12	ACT.7.2	4
37:12	GEN.2.8	2
37:12	GEN.12.1-GEN.12.4	2
37:12	GEN.12.14	2
37:12	GEN.28.10	2
37:12	GEN.29.4	2
37:12	ISA.36.20	2
37:12	ISA.46.5-ISA.46.7	2
37:12	EZK.27.23	2
37:12	EZK.28.13	2
37:12	AMO.1.5	2
37:13	2KI.17.24	2
37:13	2KI.17.30-2KI.17.31	2
37:13	2KI.18.34	2
37:13	2KI.19.13	2
37:13	ISA.10.9	2
37:13	ISA.36.19	2
37:13	JER.49.23	2
37:14	2KI.19.14	3
37:14	PSA.123.1-PSA.123.4	3
37:14	1KI.8.28-1KI.8.30	2
37:14	1KI.8.38	2
37:14	1KI.9.3	2
37:14	2CH.6.20-2CH.6.42	2
37:14	PSA.27.5	2
37:14	PSA.62.1-PSA.62.3	2
37:14	PSA.74.10	2
37:14	PSA.76.1-PSA.76.3	2
37:14	PSA.143.6	2
37:14	ISA.37.1	2
37:14	JOL.2.17-JOL.2.20	2
37:15	1SA.7.8-1SA.7.9	2
37:15	2SA.7.18-2SA.7.29	2
37:15	2KI.19.15-2KI.19.19	2
37:15	2CH.14.11	2
37:15	2CH.20.6-2CH.20.12	2
37:15	DAN.9.3-DAN.9.4	2
37:15	PHP.4.6-PHP.4.7	2
37:15	JAS.5.13	2
37:16	EXO.25.22	6
37:16	PSA.99.1	6
37:16	PSA.86.10	5
37:16	1SA.4.4	4
37:16	PSA.80.1	4
37:16	ISA.44.24	4
37:16	JHN.1.3	3
37:16	COL.1.16	3
37:16	HEB.4.16	3
37:16	GEN.1.1	2
37:16	DEU.10.17	2
37:16	2SA.7.26	2
37:16	1KI.18.32	2
37:16	2KI.5.15	2
37:16	PSA.46.7	2
37:16	PSA.46.11	2
37:16	PSA.136.2-PSA.136.3	2
37:16	PSA.146.6	2
37:16	ISA.6.3	2
37:16	ISA.8.13	2
37:16	ISA.37.20	2
37:16	ISA.40.28	2
37:16	ISA.43.10-ISA.43.11	2
37:16	ISA.44.6	2
37:16	ISA.45.22	2
37:16	ISA.54.5	2
37:16	JER.10.10-JER.10.12	2
37:16	REV.11.15-REV.11.17	2
37:17	2CH.6.40	6
37:17	PSA.17.6	5
37:17	1PE.3.12	4
37:17	PSA.10.14-PSA.10.15	3
37:17	PSA.74.22	3
37:17	ISA.37.4	3
37:17	2SA.16.12	2
37:17	JOB.36.7	2
37:17	PSA.71.2	2
37:17	PSA.74.10	2
37:17	PSA.79.12	2
37:17	PSA.89.50-PSA.89.51	2
37:17	PSA.130.1-PSA.130.2	2
37:17	DAN.9.17-DAN.9.19	2
37:18	2KI.15.29	4
37:18	NAM.2.11-NAM.2.12	4
37:18	2KI.16.9	3
37:18	2KI.17.6	3
37:18	2KI.17.24	3
37:18	1CH.5.26	3
37:19	EXO.32.20	2
37:19	2SA.5.21	2
37:19	PSA.115.4-PSA.115.8	2
37:19	ISA.10.9-ISA.10.11	2
37:19	ISA.26.14	2
37:19	ISA.36.18-ISA.36.20	2
37:19	ISA.40.19-ISA.40.21	2
37:19	ISA.41.7	2
37:19	ISA.41.24	2
37:19	ISA.41.29	2
37:19	ISA.44.9-ISA.44.10	2
37:19	ISA.44.17	2
37:19	ISA.46.1-ISA.46.2	2
37:19	JER.10.3-JER.10.6	2
37:19	JER.10.11	2
37:19	HOS.8.6	2
37:20	PSA.46.10	6
37:20	1KI.18.36-1KI.18.37	4
37:20	PSA.83.17-PSA.83.18	4
37:20	PSA.67.1-PSA.67.2	3
37:20	ISA.42.8	3
37:20	EZK.36.23	3
37:20	MAL.1.11	3
37:20	EXO.9.15-EXO.9.16	2
37:20	JOS.7.8-JOS.7.9	2
37:20	1SA.17.45-1SA.17.47	2
37:20	1KI.8.43	2
37:20	PSA.59.13	2
37:21	2SA.15.31	2
37:21	2SA.17.23	2
37:21	2KI.19.20-2KI.19.21	2
37:21	JOB.22.27	2
37:21	PSA.91.15	2
37:21	ISA.37.2	2
37:21	ISA.38.3-ISA.38.6	2
37:21	ISA.58.9	2
37:21	ISA.65.24	2
37:21	DAN.9.20-DAN.9.23	2
37:21	ACT.4.31	2
37:22	JOB.16.4	4
37:22	PSA.9.14	3
37:22	PSA.22.7-PSA.22.8	3
37:22	ISA.1.8	3
37:22	JER.14.17	3
37:22	LAM.2.13	3
37:22	ZEP.3.14	3
37:22	ZEC.2.10	3
37:22	1SA.17.36	2
37:22	1SA.17.44-1SA.17.47	2
37:22	PSA.2.2-PSA.2.4	2
37:22	PSA.27.1-PSA.27.3	2
37:22	PSA.31.18	2
37:22	PSA.46.1-PSA.46.7	2
37:22	ISA.8.9-ISA.8.10	2
37:22	ISA.10.32	2
37:22	ISA.62.11	2
37:22	LAM.1.15	2
37:22	JOL.3.9-JOL.3.12	2
37:22	AMO.5.2	2
37:22	ZEC.9.9	2
37:22	MAT.21.5	2
37:22	MAT.27.39	2
37:22	ISA.23.12	1
37:23	EZK.39.7	4
37:23	DAN.5.20-DAN.5.23	4
37:23	ISA.17.7	3
37:23	ISA.41.16	3
37:23	EZK.28.9	3
37:23	DAN.7.25	3
37:23	2TH.2.4	3
37:23	EXO.5.2	2
37:23	EXO.9.17	2
37:23	EXO.15.11	2
37:23	2KI.19.4	2
37:23	2KI.19.22	2
37:23	2CH.32.17	2
37:23	PSA.44.16	2
37:23	PSA.73.9	2
37:23	PSA.74.18	2
37:23	PSA.74.23	2
37:23	PRO.30.13	2
37:23	ISA.2.11	2
37:23	ISA.10.13-ISA.10.15	2
37:23	ISA.10.20	2
37:23	ISA.12.6	2
37:23	ISA.14.13-ISA.14.14	2
37:23	ISA.30.11-ISA.30.12	2
37:23	ISA.37.4	2
37:23	ISA.37.10-ISA.37.13	2
37:23	ISA.41.14	2
37:23	ISA.43.3	2
37:23	ISA.43.14	2
37:23	EZK.28.2	2
37:23	HAB.1.12-HAB.1.13	2
37:23	REV.13.1-REV.13.6	2
37:24	ISA.14.8	5
37:24	ISA.10.18	3
37:24	EXO.15.9	2
37:24	2KI.19.22-2KI.19.23	2
37:24	PSA.20.7	2
37:24	ISA.10.13-ISA.10.14	2
37:24	ISA.29.17	2
37:24	ISA.36.9	2
37:24	ISA.36.15-ISA.36.20	2
37:24	ISA.37.4	2
37:24	EZK.31.3-EZK.31.18	2
37:24	DAN.4.8-DAN.4.14	2
37:24	DAN.4.20-DAN.4.22	2
37:24	DAN.4.30	2
37:24	ZEC.11.1-ZEC.11.2	2
37:25	1KI.20.10	3
37:25	DEU.11.10	2
37:25	2KI.19.23-2KI.19.24	2
37:25	ISA.36.12	2
37:26	ACT.4.27-ACT.4.28	7
37:26	ACT.2.23	6
37:26	ISA.10.15	5
37:26	ISA.46.10-ISA.46.11	5
37:26	1PE.2.8	5
37:26	ISA.10.5-ISA.10.6	4
37:26	GEN.50.20	3
37:26	AMO.3.6	3
37:26	JUD.1.4	3
37:26	PSA.17.13	2
37:26	PSA.76.10	2
37:26	ISA.25.1-ISA.25.2	2
37:26	ISA.45.7	2
37:27	PSA.129.6	4
37:27	NUM.14.9	2
37:27	2KI.19.26	2
37:27	PSA.37.2	2
37:27	PSA.90.5-PSA.90.6	2
37:27	PSA.92.7	2
37:27	PSA.103.15	2
37:27	PSA.127.1-PSA.127.2	2
37:27	ISA.19.16	2
37:27	ISA.40.6-ISA.40.8	2
37:27	JER.5.10	2
37:27	JER.37.10	2
37:27	JAS.1.10-JAS.1.11	2
37:27	1PE.1.24	2
37:28	PSA.139.1-PSA.139.11	3
37:28	REV.2.13	3
37:28	PRO.5.21	2
37:28	PRO.15.3	2
37:28	JER.23.23-JER.23.24	2
37:29	ISA.10.12	4
37:29	ISA.30.28	4
37:29	ISA.37.34	4
37:29	EZK.38.4	4
37:29	EZK.29.4	3
37:29	2KI.19.27-2KI.19.28	2
37:29	JOB.15.25-JOB.15.26	2
37:29	JOB.41.2	2
37:29	PSA.2.1-PSA.2.3	2
37:29	PSA.32.9	2
37:29	PSA.46.6	2
37:29	PSA.74.4	2
37:29	PSA.74.23	2
37:29	PSA.83.2	2
37:29	PSA.93.3-PSA.93.4	2
37:29	ISA.36.4	2
37:29	ISA.36.10	2
37:29	ISA.37.10	2
37:29	AMO.4.2	2
37:29	NAM.1.9-NAM.1.11	2
37:29	MAT.27.24	2
37:29	ACT.9.4	2
37:29	ACT.22.22	2
37:29	JHN.15.22-JHN.15.23	1
37:30	2KI.19.29	7
37:30	EXO.3.12	3
37:30	LEV.25.4-LEV.25.5	3
37:30	1KI.13.3-1KI.13.5	3
37:30	2KI.20.9	3
37:30	ISA.7.14	3
37:30	LEV.25.20-LEV.25.22	2
37:30	ISA.7.21-ISA.7.25	2
37:30	ISA.38.7	2
37:31	ISA.27.6	8
37:31	2KI.19.30-2KI.19.31	7
37:31	PSA.80.9	5
37:31	ISA.1.9	3
37:31	ISA.10.20-ISA.10.22	3
37:31	JER.44.28	3
37:31	ROM.9.27	3
37:31	ROM.11.5	3
37:31	ISA.65.9	2
37:31	JER.30.19	2
37:31	GAL.3.29	2
37:31	ISA.6.13	0
37:32	ISA.9.7	5
37:32	2KI.19.31	4
37:32	ISA.59.17	3
37:32	JOL.2.18	3
37:32	ZEC.1.14	3
37:32	ISA.37.20	2
37:33	2KI.19.32-2KI.19.35	2
37:33	ISA.8.7-ISA.8.10	2
37:33	ISA.10.32-ISA.10.34	2
37:33	ISA.17.12	2
37:33	ISA.17.14	2
37:33	ISA.33.20	2
37:33	EZK.21.22	2
37:33	LUK.19.43-LUK.19.44	2
37:34	ISA.37.29	4
37:34	PRO.21.30	2
37:35	2KI.20.6	10
37:35	ISA.31.5	10
37:35	ISA.38.6	10
37:35	ISA.43.25	7
37:35	JER.23.5-JER.23.6	7
37:35	JER.33.15-JER.33.16	7
37:35	EPH.1.14	7
37:35	JER.30.9	6
37:35	EZK.37.24-EZK.37.25	6
37:35	DEU.32.27	5
37:35	1KI.11.36	5
37:35	1KI.15.4	5
37:35	ISA.48.9-ISA.48.11	5
37:35	EZK.20.9	5
37:35	EZK.36.22	5
37:35	EPH.1.6	5
37:35	1KI.11.12-1KI.11.13	4
37:36	2KI.19.35	8
37:36	ISA.10.12	8
37:36	2SA.24.16	6
37:36	ISA.10.33-ISA.10.34	6
37:36	ISA.31.8	6
37:36	1TH.5.2-1TH.5.3	6
37:36	PSA.35.5-PSA.35.6	5
37:36	ISA.33.10-ISA.33.12	5
37:36	ACT.12.23	5
37:36	1CH.21.16	4
37:36	JOB.24.24	4
37:36	PSA.76.5-PSA.76.7	4
37:36	ISA.10.16-ISA.10.19	4
37:36	ISA.30.30-ISA.30.33	4
37:36	EXO.12.23	3
37:36	EXO.12.30	3
37:36	1CH.21.12	3
37:36	2CH.32.21-2CH.32.22	3
37:36	PSA.46.6-PSA.46.11	3
37:36	JOB.20.5-JOB.20.7	2
37:37	JON.1.2	4
37:37	JON.3.3	4
37:37	GEN.10.11-GEN.10.12	2
37:37	ISA.31.9	2
37:37	ISA.37.7	2
37:37	ISA.37.29	2
37:37	JON.4.11	2
37:37	NAM.1.1	2
37:37	MAT.12.41	2
37:38	GEN.8.4	6
37:38	JER.51.27	5
37:38	EZR.4.2	4
37:38	2KI.19.36-2KI.19.37	3
37:38	2CH.32.14	3
37:38	2CH.32.19	3
37:38	2CH.32.21	3
37:38	ISA.14.9	3
37:38	ISA.14.12	3
37:38	ISA.36.15	3
37:38	ISA.36.18	3
37:38	ISA.37.10	3
38:1	2CH.32.24	21
38:1	ISA.38.1-ISA.38.8	21
38:1	2KI.20.1-2KI.20.11	13
38:1	2SA.17.23	9
38:1	JON.3.10	8
38:1	ACT.9.37	6
38:1	ISA.37.21	5
38:1	PHP.2.27-PHP.2.30	5
38:1	ECC.9.10	4
38:1	ISA.1.1	4
38:1	ISA.37.2	4
38:1	JER.18.7-JER.18.10	4
38:1	JON.3.4	4
38:1	JHN.11.1-JHN.11.5	3
38:1	ISA.39.3-ISA.39.4	2
38:2	MAT.6.6	5
38:2	1KI.8.30	4
38:2	PSA.50.15	4
38:2	PSA.91.15	2
38:3	HEB.5.7	13
38:3	HEB.6.10	11
38:3	PSA.18.20-PSA.18.27	10
38:3	NEH.13.14	8
38:3	2CH.31.20-2CH.31.21	6
38:3	DEU.6.18	5
38:3	NEH.5.19	5
38:3	NEH.13.22	5
38:3	JHN.1.47	5
38:3	2CO.1.12	5
38:3	1CH.29.19	4
38:3	PSA.6.8	4
38:3	PSA.32.2	3
38:3	PSA.102.9	3
38:3	PSA.119.80	3
38:3	HOS.12.4	3
38:3	GEN.5.22-GEN.5.23	2
38:3	GEN.6.9	2
38:3	GEN.17.1	2
38:3	2SA.12.21-2SA.12.22	2
38:3	1KI.2.4	2
38:3	2KI.18.5-2KI.18.6	2
38:3	1CH.29.9	2
38:3	2CH.16.9	2
38:3	2CH.25.2	2
38:3	EZR.10.1	2
38:3	NEH.1.4	2
38:3	NEH.13.31	2
38:3	JOB.23.11-JOB.23.12	2
38:3	PSA.16.8	2
38:3	PSA.20.1-PSA.20.3	2
38:3	PSA.26.3	2
38:3	PSA.101.2	2
38:3	1JN.3.21-1JN.3.22	2
38:3	1KI.15.14	1
38:5	PSA.34.5-PSA.34.6	21
38:5	1JN.5.14-1JN.5.15	21
38:5	REV.7.17	12
38:5	LUK.1.13	11
38:5	PSA.147.3	9
38:5	PSA.56.8	8
38:5	2KI.19.20	7
38:5	PSA.116.15	6
38:5	MAT.22.32	6
38:5	2CO.7.6	6
38:5	PSA.89.3-PSA.89.4	5
38:5	ISA.7.13-ISA.7.14	5
38:5	2SA.7.3-2SA.7.5	3
38:5	1KI.8.25	3
38:5	1KI.11.12-1KI.11.13	3
38:5	1KI.15.4	3
38:5	2KI.18.2	3
38:5	ACT.27.24	3
38:5	1KI.9.4-1KI.9.5	2
38:5	2KI.18.13	2
38:5	1CH.17.2-1CH.17.4	2
38:5	2CH.34.3	2
38:5	JOB.14.5	2
38:5	PSA.39.12	2
38:6	ISA.37.35	6
38:6	ISA.12.6	4
38:6	ISA.31.4-ISA.31.5	4
38:6	2CH.32.22	3
38:6	2TI.4.17	3
38:7	JDG.6.37-JDG.6.39	5
38:7	ISA.37.30	5
38:7	JDG.6.17-JDG.6.22	4
38:7	2KI.20.8-2KI.20.21	4
38:7	ISA.7.11-ISA.7.14	4
38:7	GEN.9.13	3
38:7	ISA.38.22	2
38:8	2KI.20.9-2KI.20.11	6
38:8	JOS.10.12-JOS.10.14	4
38:8	2CH.32.24	3
38:8	MAT.16.1	3
38:8	2CH.32.31	2
38:9	EXO.15.1-EXO.15.21	2
38:9	DEU.32.39	2
38:9	JDG.5.1-JDG.5.31	2
38:9	1SA.2.1-1SA.2.10	2
38:9	2CH.29.30	2
38:9	JOB.5.18	2
38:9	PSA.18.1	2
38:9	PSA.30.11-PSA.30.12	2
38:9	PSA.116.1-PSA.116.4	2
38:9	PSA.118.18-PSA.118.19	2
38:9	ISA.12.1-ISA.12.6	2
38:9	HOS.6.1-HOS.6.2	2
38:9	JON.2.1-JON.2.9	2
38:9	PSA.107.17-PSA.107.22	1
38:10	PSA.102.24	5
38:10	2CO.1.9	5
38:10	JOB.7.7	3
38:10	PSA.107.18	3
38:10	JOB.6.11	2
38:10	JOB.17.11-JOB.17.16	2
38:10	ISA.38.1	2
38:11	PSA.27.13	6
38:11	PSA.116.8-PSA.116.9	3
38:11	JOB.35.14-JOB.35.15	2
38:11	PSA.6.4-PSA.6.5	2
38:11	PSA.31.22	2
38:11	ECC.9.5-ECC.9.6	2
38:12	PSA.73.14	3
38:12	2CO.5.1	3
38:12	HEB.1.12	3
38:12	JOB.4.20	2
38:12	JOB.6.9	2
38:12	JOB.7.3-JOB.7.7	2
38:12	JOB.9.25-JOB.9.26	2
38:12	JOB.14.2	2
38:12	JOB.17.1	2
38:12	PSA.31.22	2
38:12	PSA.89.45-PSA.89.47	2
38:12	PSA.102.11	2
38:12	PSA.102.23-PSA.102.24	2
38:12	PSA.119.23	2
38:12	ISA.1.8	2
38:12	ISA.13.20	2
38:12	2CO.5.4	2
38:12	JAS.4.14	2
38:12	2PE.1.13-2PE.1.14	2
38:13	PSA.51.8	4
38:13	DAN.6.24	4
38:13	1KI.13.24-1KI.13.26	3
38:13	JOB.10.16-JOB.10.17	2
38:13	JOB.16.12-JOB.16.14	2
38:13	PSA.39.10	2
38:13	PSA.50.22	2
38:13	HOS.5.14	2
38:13	1CO.11.30-1CO.11.32	2
38:13	1KI.20.36	1
38:14	ISA.59.11	9
38:14	PSA.69.3	8
38:14	JOB.30.29	7
38:14	PSA.119.122-PSA.119.123	7
38:14	PSA.123.1-PSA.123.4	7
38:14	EZK.7.16	7
38:14	NAM.2.7	7
38:14	JOB.17.3	6
38:14	PSA.102.4-PSA.102.7	6
38:14	PSA.119.82	6
38:14	PSA.143.7	6
38:14	LAM.4.17	6
38:15	1KI.21.27	5
38:15	JOB.7.11	5
38:15	JOB.10.1	3
38:15	JOS.7.8	2
38:15	1SA.1.10	2
38:15	2KI.4.27	2
38:15	EZR.9.10	2
38:15	JOB.21.25	2
38:15	PSA.39.9-PSA.39.10	2
38:15	JHN.12.27	2
38:16	PSA.119.25	3
38:16	MAT.4.4	3
38:16	1CO.11.32	3
38:16	HEB.12.10-HEB.12.11	3
38:16	DEU.8.3	2
38:16	JOB.33.19-JOB.33.28	2
38:16	ISA.64.5	2
38:16	PSA.71.20	1
38:16	2CO.4.17	1
38:17	ISA.43.25	12
38:17	JON.2.6	9
38:17	MIC.7.18-MIC.7.19	9
38:17	PSA.30.3	7
38:17	JER.31.34	7
38:17	PSA.86.13	6
38:17	JOB.3.25-JOB.3.26	5
38:17	PSA.30.6-PSA.30.7	5
38:17	PSA.40.2	5
38:17	PSA.85.2	5
38:17	JOB.29.18	4
38:17	PSA.10.2	4
38:17	PSA.88.4-PSA.88.6	4
38:18	ECC.9.10	9
38:18	PSA.6.5	8
38:18	PSA.30.9	8
38:18	PSA.88.10-PSA.88.11	5
38:18	PSA.115.17-PSA.115.18	5
38:18	NUM.16.33	3
38:18	PRO.14.32	2
38:18	MAT.8.12	2
38:18	MAT.25.46	2
38:18	LUK.16.26-LUK.16.31	2
38:19	DEU.6.7	10
38:19	PSA.119.175	6
38:19	DEU.4.9	5
38:19	PSA.78.3-PSA.78.6	5
38:19	GEN.18.19	4
38:19	EXO.12.26-EXO.12.27	4
38:19	EXO.13.14-EXO.13.15	4
38:19	DEU.11.19	4
38:19	JOS.4.21-JOS.4.22	4
38:19	PSA.118.17	4
38:19	PSA.145.4	4
38:19	PSA.146.2	4
38:19	JOL.1.3	4
38:19	ECC.9.10	3
38:19	JHN.9.4	2
38:20	PSA.116.2	4
38:20	PSA.145.2	4
38:20	PSA.150.4	3
38:20	PSA.9.13-PSA.9.14	2
38:20	PSA.27.5-PSA.27.6	2
38:20	PSA.30.11-PSA.30.12	2
38:20	PSA.33.2	2
38:20	PSA.51.15	2
38:20	PSA.66.13-PSA.66.15	2
38:20	PSA.68.25	2
38:20	PSA.116.17-PSA.116.19	2
38:20	HAB.3.19	2
38:21	2KI.20.7-2KI.20.8	5
38:21	MRK.7.33	4
38:21	JHN.9.6	4
38:22	2KI.20.8	4
38:22	PSA.118.18-PSA.118.19	3
38:22	JHN.5.14	3
38:22	PSA.42.1-PSA.42.2	2
38:22	PSA.84.1-PSA.84.2	2
38:22	PSA.84.10-PSA.84.12	2
38:22	PSA.122.1	2
39:1	2KI.20.12-2KI.20.19	5
39:1	2SA.10.2	3
39:1	2CH.32.23	3
39:1	2SA.8.10	2
39:1	ISA.13.19	2
39:1	ISA.39.1-ISA.39.8	2
39:1	2CH.32.31	1
39:1	ISA.13.1	1
39:1	ISA.14.4	1
39:1	ISA.23.13	1
39:2	2CH.32.25	5
39:2	2CH.32.31	5
39:2	JOB.31.25	3
39:2	PSA.146.3-PSA.146.4	3
39:2	JER.17.9	3
39:2	1KI.10.2	2
39:2	1KI.10.10	2
39:2	1KI.10.15	2
39:2	1KI.10.25	2
39:2	2KI.20.13	2
39:2	2CH.9.1	2
39:2	2CH.9.9	2
39:2	2CH.32.27	2
39:2	PRO.4.23	2
39:2	ECC.7.20	2
39:2	2CO.12.7	2
39:2	2KI.18.15-2KI.18.16	1
39:2	1JN.1.8	1
39:3	DEU.28.49	5
39:3	2SA.12.1	4
39:3	2CH.16.7	4
39:3	JER.5.15	4
39:3	JOS.9.6	3
39:3	JOS.9.9	3
39:3	2KI.20.14-2KI.20.15	3
39:3	2CH.25.15	3
39:3	ISA.38.1	3
39:3	ISA.38.5	3
39:3	JER.22.1-JER.22.2	3
39:3	2CH.19.2	2
39:4	JOS.7.19	2
39:4	JOB.31.33	2
39:4	PRO.23.5	2
39:4	PRO.28.13	2
39:4	1JN.1.9	2
39:5	1SA.13.13-1SA.13.14	3
39:5	1SA.15.16	3
39:6	2KI.25.13-2KI.25.15	7
39:6	2KI.24.13	6
39:6	JER.20.5	6
39:6	DAN.1.2	4
39:6	2KI.20.17-2KI.20.19	3
39:6	2CH.36.10	3
39:6	2CH.36.18	3
39:6	JER.27.21-JER.27.22	3
39:6	JER.52.17-JER.52.19	3
39:7	DAN.1.1-DAN.1.7	5
39:7	2KI.24.12	3
39:7	2CH.36.10	3
39:7	2KI.24.15	2
39:7	2KI.25.6-2KI.25.7	2
39:7	2CH.33.11	2
39:7	2CH.36.20	2
39:7	JER.39.7	2
39:7	EZK.17.12-EZK.17.20	2
39:8	2CH.32.26	7
39:8	2CH.34.28	6
39:8	1PE.5.6	4
39:8	LEV.10.3	3
39:8	1SA.3.18	3
39:8	JOB.1.21	3
39:8	PSA.39.9	3
39:8	LAM.3.39	3
39:8	ZEC.8.16	3
39:8	ZEC.8.19	3
39:8	2SA.15.26	1
39:8	LAM.3.22	1
40:1	2CO.1.4	31
40:1	ISA.51.12	27
40:1	ISA.51.3	23
40:1	ZEP.3.14-ZEP.3.17	20
40:1	JER.31.10-JER.31.14	14
40:1	ZEC.1.13	14
40:1	1TH.4.18	14
40:1	ISA.49.13-ISA.49.16	13
40:1	ISA.66.10-ISA.66.14	12
40:1	ISA.12.1	9
40:1	ISA.60.1-ISA.61.3	9
40:1	ZEC.9.9	9
40:1	ISA.52.9	8
40:1	ISA.62.11-ISA.62.12	7
40:1	ISA.41.10-ISA.41.14	6
40:1	ISA.3.10	5
40:1	ISA.35.3-ISA.35.4	5
40:1	ISA.41.27	5
40:1	NEH.8.10	4
40:1	PSA.85.8	4
40:1	ISA.50.10	4
40:1	ISA.57.15-ISA.57.19	4
40:1	ISA.65.13-ISA.65.14	4
40:1	HEB.6.17-HEB.6.18	3
40:2	ZEC.9.12	19
40:2	ISA.61.7	16
40:2	HOS.2.14	13
40:2	JER.33.8-JER.33.9	9
40:2	REV.18.6	9
40:2	ISA.43.25	8
40:2	SNG.2.11-SNG.2.13	7
40:2	ISA.44.22	7
40:2	JER.16.18	7
40:2	ISA.35.4	6
40:2	JER.29.11	6
40:2	HAB.2.3	6
40:2	ISA.12.1	5
40:2	PSA.102.13-PSA.102.28	4
40:2	DAN.11.35	4
40:2	JOB.42.10-JOB.42.12	3
40:2	PSA.32.1	3
40:2	ISA.33.24	3
40:2	ISA.41.11-ISA.41.13	3
40:2	ISA.49.25	3
40:2	JER.31.33-JER.31.34	3
40:2	REV.11.15-REV.11.18	3
40:2	GEN.34.3	2
40:2	2CH.30.22	2
40:2	JER.17.18	2
40:2	DAN.9.2	2
40:2	DAN.9.12	2
40:2	DAN.9.24-DAN.9.27	2
40:2	DAN.12.4	2
40:2	DAN.12.9	2
40:2	ZEC.1.15	2
40:2	ACT.1.7	2
40:2	GAL.4.4	2
40:2	1CO.6.9-1CO.6.11	1
40:2	REV.6.10-REV.6.11	0
40:3	MAL.3.1	108
40:3	MRK.1.2-MRK.1.5	93
40:3	JHN.1.23	77
40:3	MAT.3.1-MAT.3.3	72
40:3	LUK.1.16-LUK.1.17	54
40:3	LUK.1.76-LUK.1.77	53
40:3	MAL.4.5-MAL.4.6	51
40:3	ISA.57.14	48
40:3	ISA.43.19	43
40:3	ISA.62.10-ISA.62.11	38
40:3	ISA.35.8	36
40:3	LUK.3.2-LUK.3.6	31
40:3	ISA.49.11	30
40:3	ISA.11.15-ISA.11.16	22
40:3	PSA.68.4	21
40:4	LUK.3.5	23
40:4	EZK.21.26	14
40:4	LUK.18.14	11
40:4	ISA.42.15-ISA.42.16	9
40:4	ISA.45.2	8
40:4	EZK.17.24	7
40:4	JOB.40.11-JOB.40.13	5
40:4	PSA.113.7-PSA.113.8	4
40:4	ISA.2.12-ISA.2.15	4
40:4	LUK.1.52-LUK.1.53	4
40:4	1SA.2.8	3
40:4	ISA.42.11	3
40:4	PRO.2.15	0
40:5	HAB.2.14	16
40:5	ISA.52.10	12
40:5	JOL.2.28	11
40:5	LUK.3.6	9
40:5	2CO.4.6	9
40:5	ISA.60.1	8
40:5	PSA.72.19	7
40:5	ISA.6.3	7
40:5	ISA.11.9	7
40:5	ACT.2.17	7
40:5	ISA.58.14	6
40:5	JHN.1.14	6
40:5	ISA.66.23	5
40:5	REV.21.23	5
40:5	ISA.1.20	4
40:5	ISA.35.2	4
40:5	ZEC.2.13	4
40:5	JHN.12.41	4
40:5	2CO.3.18	4
40:5	HEB.1.3	4
40:5	PSA.96.6	3
40:5	PSA.102.16	3
40:5	ISA.49.6	3
40:5	JER.9.12	3
40:5	MIC.4.4	3
40:5	JHN.17.2	3
40:5	ISA.66.16	2
40:5	JER.32.27	2
40:5	LUK.2.10-LUK.2.14	2
40:5	LUK.2.32	2
40:6	PSA.103.15-PSA.103.16	15
40:6	1PE.1.24-1PE.1.25	15
40:6	PSA.102.11	13
40:6	JAS.1.10-JAS.1.11	13
40:6	JOB.14.2	10
40:6	ISA.58.1	6
40:6	PSA.90.5-PSA.90.6	5
40:6	PSA.92.7	4
40:6	ISA.37.27	3
40:6	ISA.40.3	3
40:6	ISA.61.1-ISA.61.2	3
40:6	JER.2.2	3
40:6	JER.31.6	3
40:6	ISA.12.6	2
40:6	HOS.5.8	1
40:7	JOB.41.21	3
40:8	MRK.13.31	83
40:8	MAT.24.35	60
40:8	1PE.1.25	58
40:8	PSA.119.89-PSA.119.91	40
40:8	MAT.5.18	39
40:8	ISA.55.10-ISA.55.11	37
40:8	ISA.46.10-ISA.46.11	19
40:8	JHN.10.35	16
40:8	ISA.59.21	15
40:8	JHN.12.34	11
40:8	ZEC.1.6	10
40:8	ROM.3.1-ROM.3.3	9
40:9	ISA.52.7-ISA.52.8	8
40:9	ISA.12.2	6
40:9	EPH.6.19	6
40:9	ISA.25.9	5
40:9	ISA.61.1	5
40:9	ACT.2.14	5
40:9	JDG.9.7	3
40:9	1SA.26.13-1SA.26.14	3
40:9	2CH.13.4	3
40:9	EZR.1.1-EZR.1.2	3
40:9	ISA.35.3-ISA.35.4	3
40:9	ISA.41.27	3
40:9	ISA.51.7	3
40:9	ISA.51.12	3
40:9	ISA.58.4	3
40:9	JER.22.20	3
40:9	LUK.24.47	3
40:9	ACT.4.13	3
40:9	ACT.4.29	3
40:9	ACT.5.41-ACT.5.42	3
40:9	ROM.10.18	3
40:9	PHP.1.28-PHP.1.29	3
40:9	1TI.3.16	3
40:9	1PE.3.14	3
40:9	1JN.5.20-1JN.5.21	3
40:10	REV.22.12	22
40:10	ISA.62.11	16
40:10	REV.17.14	16
40:10	MAT.28.18	13
40:10	ISA.49.4	9
40:10	ISA.9.6-ISA.9.7	8
40:10	PHP.2.10-PHP.2.11	8
40:10	JHN.12.15	6
40:10	ISA.59.15-ISA.60.22	5
40:10	ZEC.2.8-ZEC.2.11	5
40:10	EPH.1.20-EPH.1.22	5
40:10	1JN.3.8	5
40:10	PSA.110.6	4
40:10	PSA.2.8-PSA.2.9	3
40:10	PSA.66.3	3
40:10	PSA.110.1-PSA.110.2	3
40:10	ISA.49.24-ISA.49.25	3
40:10	ISA.53.12	3
40:10	JHN.12.13	3
40:10	HEB.2.14	3
40:10	REV.2.26-REV.2.27	3
40:10	MAL.3.1	2
40:10	REV.20.11	2
40:10	REV.19.11-REV.19.16	1
40:11	REV.7.17	32
40:11	PSA.23.1-PSA.23.6	28
40:11	MIC.5.4	27
40:11	EZK.34.23	21
40:11	JHN.10.11-JHN.10.16	20
40:11	ISA.49.9-ISA.49.10	16
40:11	EZK.34.12-EZK.34.14	16
40:11	1PE.2.25	16
40:11	EZK.34.31	15
40:11	JHN.21.15-JHN.21.17	14
40:11	PSA.78.71-PSA.78.72	12
40:11	PSA.80.1	10
40:11	1PE.5.4	10
40:11	GEN.33.13	9
40:11	EZK.34.16	9
40:11	ZEC.11.7	9
40:11	HEB.13.20	9
40:11	EZK.37.24	8
40:11	ISA.63.11	7
40:11	GEN.49.24	6
40:11	ISA.42.3	5
40:11	1CO.3.1-1CO.3.2	2
40:12	PRO.30.4	21
40:12	HEB.1.10-HEB.1.12	20
40:12	JOB.38.4-JOB.38.11	17
40:12	PSA.102.25-PSA.102.26	17
40:12	ISA.48.13	14
40:12	PRO.8.26-PRO.8.28	12
40:12	JOB.11.7-JOB.11.9	9
40:12	JOB.28.25	9
40:12	REV.20.11	9
40:12	PSA.104.2-PSA.104.3	8
40:13	1CO.2.16	17
40:13	ROM.11.34	16
40:13	JOB.21.22	11
40:13	JOB.36.22-JOB.36.23	11
40:13	LUK.10.22	7
40:13	EPH.1.11	4
40:13	JHN.1.13	3
40:14	JOB.21.22	5
40:14	COL.2.3	3
40:14	1CO.12.4-1CO.12.6	2
40:14	JAS.1.17	1
40:15	ISA.40.22	5
40:15	JER.10.10	5
40:15	JOB.34.14-JOB.34.15	4
40:15	ISA.29.5	4
40:15	ISA.11.11	3
40:15	GEN.10.5	2
40:15	ISA.41.5	2
40:15	ISA.59.18	1
40:15	ISA.66.19	1
40:15	DAN.11.18	1
40:15	ZEP.2.11	1
40:16	MIC.6.6-MIC.6.7	4
40:16	PSA.40.6	3
40:16	PSA.50.9-PSA.50.12	3
40:16	HEB.10.5-HEB.10.10	1
40:17	PSA.62.9	11
40:17	DAN.4.34-DAN.4.35	9
40:17	ISA.29.7	5
40:17	JOB.25.6	0
40:17	2CO.12.11	0
40:18	ISA.46.5	21
40:18	1SA.2.2	18
40:18	ISA.40.25	17
40:18	EXO.15.11	16
40:18	ACT.17.29	15
40:18	PSA.89.6	13
40:18	JER.10.6	13
40:18	EXO.8.10	12
40:18	JOB.40.9	12
40:18	MIC.7.18	12
40:18	EXO.9.14	11
40:18	PSA.89.8	11
40:18	EXO.20.4	10
40:18	DEU.33.26	10
40:18	PSA.86.8-PSA.86.10	10
40:18	ISA.46.9	10
40:18	PSA.113.5	9
40:18	COL.1.15	9
40:18	HEB.1.3	9
40:18	JER.10.16	8
40:19	JER.10.9	4
40:19	EXO.32.2-EXO.32.4	3
40:19	JDG.17.4	3
40:19	PSA.115.4-PSA.115.8	3
40:19	ISA.46.6-ISA.46.7	3
40:19	HAB.2.18-HAB.2.19	3
40:19	PSA.135.15	2
40:19	PSA.135.18	2
40:19	ISA.2.20	2
40:19	ISA.37.18-ISA.37.19	2
40:19	ISA.44.10-ISA.44.12	2
40:19	JER.10.3-JER.10.5	2
40:19	HOS.8.6	2
40:19	ISA.41.6-ISA.41.7	1
40:20	ISA.41.7	5
40:20	ISA.46.7	5
40:20	JER.10.3-JER.10.4	5
40:20	ISA.2.8-ISA.2.9	4
40:20	DAN.5.23	3
40:20	1SA.5.3-1SA.5.4	2
40:20	ISA.44.13-ISA.44.19	2
40:21	PSA.50.6	2
40:21	ISA.46.8	2
40:21	ISA.48.13	2
40:21	ACT.14.17	2
40:21	ROM.1.19-ROM.1.21	2
40:21	PSA.115.8	1
40:21	ROM.1.28	1
40:21	PSA.19.1-PSA.19.5	0
40:21	ISA.27.11	0
40:21	ISA.44.20	0
40:21	ISA.51.13	0
40:21	JER.10.8-JER.10.12	0
40:21	ROM.3.1-ROM.3.2	0
40:22	PRO.8.27	12
40:22	PSA.104.2	9
40:22	ISA.42.5	9
40:22	ISA.66.1	9
40:22	JOB.22.14	6
40:22	JER.10.12	6
40:22	NUM.13.33	4
40:22	JOB.9.8	4
40:22	JOB.38.4-JOB.38.9	4
40:22	PSA.68.33	4
40:22	ISA.40.15	4
40:22	ISA.44.24	4
40:22	ISA.51.13	4
40:22	HEB.1.10-HEB.1.12	4
40:22	PSA.29.10	3
40:22	PSA.102.25-PSA.102.26	3
40:22	ISA.40.17	3
40:22	ZEC.12.1	3
40:22	JOB.36.29	2
40:22	PSA.2.4	2
40:22	JOB.37.18	1
40:22	ISA.19.1	1
40:23	JOB.12.21	5
40:23	PSA.107.40	5
40:23	ISA.34.12	4
40:23	JER.25.18-JER.25.27	4
40:23	JOB.34.19-JOB.34.20	2
40:23	PSA.76.12	2
40:23	ISA.19.13-ISA.19.14	2
40:23	ISA.23.9	2
40:23	ISA.24.21-ISA.24.22	2
40:23	LUK.1.51-LUK.1.52	2
40:23	REV.19.18-REV.19.20	2
40:24	ISA.41.16	5
40:24	ISA.17.13	3
40:24	JER.23.19	3
40:24	HAG.1.9	3
40:24	2SA.22.16	2
40:24	1KI.21.21-1KI.21.22	2
40:24	2KI.10.11	2
40:24	JOB.4.9	2
40:24	JOB.15.30-JOB.15.33	2
40:24	JOB.18.16-JOB.18.19	2
40:24	JOB.21.18	2
40:24	PSA.58.9	2
40:24	PRO.1.27	2
40:24	ISA.11.4	2
40:24	ISA.14.21-ISA.14.22	2
40:24	ISA.17.11	2
40:24	ISA.37.7	2
40:24	ISA.40.7	2
40:24	JER.22.30	2
40:24	HOS.13.3	2
40:24	HOS.13.15	2
40:24	NAM.1.14	2
40:24	ZEC.7.14	2
40:24	ZEC.9.14	2
40:24	ISA.30.33	1
40:25	ISA.40.18	13
40:25	DEU.4.15-DEU.4.18	6
40:25	DEU.4.33	6
40:25	DEU.5.8	5
40:26	COL.1.16-COL.1.17	12
40:26	JER.32.17-JER.32.19	9
40:26	ISA.48.13	8
40:26	ISA.51.6	7
40:26	PSA.89.11-PSA.89.13	5
40:26	PSA.147.4-PSA.147.5	5
40:26	ISA.44.24	5
40:26	GEN.2.1-GEN.2.2	3
40:26	DEU.4.19	3
40:26	JOB.31.26-JOB.31.28	3
40:26	PSA.19.1	3
40:26	PSA.148.3-PSA.148.6	3
40:26	ISA.42.5	3
40:26	ISA.45.7	3
40:26	PSA.8.3-PSA.8.4	2
40:26	PSA.102.25	2
40:26	ISA.34.16	2
40:26	JER.10.11-JER.10.12	2
40:27	ISA.49.4	6
40:27	LUK.18.7-LUK.18.8	6
40:27	ISA.49.14	4
40:27	JOB.27.2	3
40:28	ROM.11.33-ROM.11.34	52
40:28	PSA.147.5	46
40:28	1TI.1.17	35
40:28	ISA.55.8-ISA.55.9	34
40:28	PHP.1.6	26
40:28	ISA.40.21	24
40:28	1CO.2.16	22
40:28	GEN.21.33	21
40:28	LUK.24.25	21
40:28	JER.4.22	18
40:28	JHN.14.9	17
40:28	HEB.9.14	17
40:28	PSA.90.2	15
40:28	ISA.57.15	15
40:28	1CO.6.19	15
40:28	PSA.139.6	14
40:28	ISA.45.22	14
40:28	1CO.6.9	14
40:28	MRK.8.17-MRK.8.18	13
40:28	PSA.138.8	12
40:28	DEU.33.27	11
40:28	ISA.59.1	10
40:28	MRK.9.19	10
40:28	MRK.16.14	10
40:28	JHN.5.17	10
40:28	ACT.13.47	10
40:28	ROM.16.26	9
40:28	1CO.6.16	9
40:28	1SA.2.10	8
40:28	ISA.66.9	8
40:28	JER.10.10	8
40:28	1CO.6.3-1CO.6.5	7
40:29	ISA.41.10	75
40:29	PHP.4.13	63
40:29	2CO.12.9-2CO.12.10	59
40:29	COL.1.11	52
40:29	ZEC.10.12	49
40:29	JER.31.25	46
40:29	PSA.29.11	37
40:29	ISA.50.4	31
40:29	DEU.33.25	29
40:29	HEB.11.34	22
40:29	GEN.49.24	17
40:30	AMO.2.14	12
40:30	PSA.34.10	10
40:30	PSA.33.16	7
40:30	ECC.9.11	1
40:30	ISA.9.17	1
40:30	ISA.13.18	1
40:30	PSA.39.5	0
40:30	JER.6.11	0
40:31	LAM.3.25-LAM.3.26	383
40:31	2CO.4.16	330
40:31	PSA.27.13-PSA.27.14	274
40:31	PSA.103.5	263
40:31	2CO.12.9-2CO.12.10	216
40:31	HEB.12.1	180
40:31	GAL.6.9	170
40:31	ROM.8.25	144
40:31	ISA.30.18	141
40:31	PSA.84.7	130
40:31	PSA.37.34	127
40:31	LUK.18.1	124
40:31	2CO.4.8-2CO.4.10	116
40:31	ISA.25.9	113
40:31	PSA.138.3	111
40:31	PSA.25.5	101
40:31	PSA.25.3	93
40:31	EXO.19.4	91
40:31	PSA.25.21	87
40:31	HEB.12.3	86
40:31	2CO.1.8-2CO.1.10	84
40:31	JOB.17.9	83
40:31	PSA.40.1	83
40:31	REV.2.3	82
40:31	PSA.123.2	78
40:31	ZEC.10.12	76
40:31	2CO.4.1	73
40:31	ISA.8.17	68
40:31	1TH.1.10	66
40:31	PSA.92.13	65
40:31	JDG.16.28	60
40:31	JOB.33.24-JOB.33.26	56
40:31	PSA.92.1	47
40:31	SNG.8.5	40
40:31	REV.4.7	34
41:1	ISA.1.18	13
41:1	HAB.2.20	11
41:1	ZEC.2.13	8
41:1	PSA.46.10	5
41:1	ISA.41.6-ISA.41.7	4
41:1	JOB.38.3	3
41:1	JOB.40.7-JOB.40.10	3
41:1	ISA.11.11	3
41:1	ISA.34.1	3
41:1	JOL.3.10-JOL.3.11	3
41:1	JOB.23.3-JOB.23.7	2
41:1	JOB.31.35-JOB.31.36	2
41:1	ISA.8.9-ISA.8.10	2
41:1	ISA.41.21-ISA.41.22	2
41:1	ISA.48.16	2
41:1	ISA.49.1	2
41:1	ISA.50.8	2
41:1	MIC.6.1-MIC.6.3	2
41:2	ISA.45.1	7
41:2	2SA.22.43	6
41:2	EZR.1.2	5
41:2	ISA.40.24	5
41:2	ISA.41.25	5
41:2	ISA.46.11	5
41:2	2CH.36.23	3
41:2	ISA.45.13	3
41:2	GEN.11.31	2
41:2	GEN.12.1-GEN.12.3	2
41:2	GEN.14.14-GEN.14.15	2
41:2	GEN.17.1	2
41:2	2KI.13.7	2
41:2	HEB.7.1	2
41:2	HEB.11.8-HEB.11.10	2
41:2	ISA.41.15-ISA.41.16	1
41:3	ISA.57.2	3
41:3	JOB.5.24	2
41:4	ISA.48.12	18
41:4	REV.22.13	18
41:4	REV.1.17	14
41:4	ISA.44.6-ISA.44.7	10
41:4	ISA.46.10	10
41:4	ISA.41.26	8
41:4	ISA.43.10	8
41:4	REV.1.8	8
41:4	DEU.32.7-DEU.32.8	6
41:4	ACT.17.26	6
41:4	REV.2.8	5
41:4	ISA.42.24	4
41:4	ISA.40.12	3
41:4	ISA.48.3-ISA.48.7	3
41:4	REV.1.11	3
41:4	ISA.40.26	2
41:4	ISA.46.3-ISA.46.4	2
41:4	MAT.1.23	2
41:4	MAT.28.20	2
41:4	ACT.15.18	2
41:5	EZK.26.15-EZK.26.16	4
41:5	JOS.5.1	3
41:5	PSA.65.8	3
41:5	PSA.66.3	3
41:5	PSA.67.7	3
41:5	GEN.10.5	2
41:5	EXO.15.14	2
41:5	JOS.2.10	2
41:6	1SA.4.7-1SA.4.9	3
41:6	ISA.35.4	3
41:6	ISA.40.19	3
41:6	ISA.44.12	3
41:6	DAN.3.1-DAN.3.7	3
41:6	JOL.3.9-JOL.3.11	2
41:6	ACT.19.24-ACT.19.28	2
41:6	1SA.5.3-1SA.5.5	1
41:7	ISA.40.19-ISA.40.20	3
41:7	DAN.3.1-DAN.3.7	2
41:7	JDG.18.17-JDG.18.18	1
41:7	JDG.18.24	1
41:7	ISA.44.12-ISA.44.15	1
41:7	ISA.46.6-ISA.46.7	1
41:7	JER.10.3-JER.10.5	1
41:7	JER.10.9	1
41:8	JAS.2.23	15
41:8	EXO.19.5-EXO.19.6	14
41:8	DEU.14.2	14
41:8	2CH.20.7	14
41:8	JHN.15.14-JHN.15.15	11
41:8	ISA.44.21	10
41:8	ISA.51.2	10
41:8	PSA.33.12	9
41:8	ISA.29.22	9
41:8	ISA.44.1-ISA.44.2	9
41:8	PSA.135.4	6
41:8	ISA.43.1	6
41:8	ISA.48.12	5
41:8	JER.33.24	5
41:8	GAL.4.22-GAL.4.31	5
41:8	LEV.25.42	4
41:8	DEU.10.15	4
41:8	ISA.49.3	4
41:8	ISA.63.16	4
41:8	MAT.3.9	4
41:8	JHN.8.33-JHN.8.44	4
41:8	ROM.9.4-ROM.9.8	3
41:8	DEU.7.6-DEU.7.8	2
41:8	PSA.105.6	2
41:8	PSA.105.42-PSA.105.45	2
41:8	ROM.4.12-ROM.4.13	1
41:8	GAL.3.19	1
41:9	1SA.12.22	15
41:9	PSA.94.14	11
41:9	DEU.7.6-DEU.7.7	9
41:9	JOS.24.2-JOS.24.4	6
41:9	JAS.2.5	6
41:9	ROM.11.1-ROM.11.2	5
41:9	1CO.1.26-1CO.1.29	5
41:9	ISA.41.2	4
41:9	ISA.41.8	4
41:9	ISA.43.5-ISA.43.6	4
41:9	REV.5.9	4
41:9	NEH.9.7-NEH.9.38	3
41:9	PSA.107.2-PSA.107.3	3
41:9	JER.33.25-JER.33.26	3
41:9	LUK.13.29	3
41:10	JOS.1.9	776
41:10	ISA.43.1-ISA.43.2	590
41:10	ROM.8.31	547
41:10	DEU.31.6-DEU.31.8	467
41:10	PHP.4.13	444
41:10	ISA.40.29-ISA.40.31	393
41:10	2CO.12.9	338
41:10	ISA.41.13-ISA.41.14	329
41:10	PSA.27.1	316
41:10	PSA.63.8	286
41:10	2CH.20.17	258
41:10	ISA.12.2	246
41:10	PSA.145.14	241
41:10	ISA.60.19	229
41:10	DEU.20.1	200
41:10	ZEC.13.9	195
41:10	ISA.51.12-ISA.51.13	189
41:10	PSA.29.11	185
41:10	PSA.37.24	181
41:10	EPH.3.16	172
41:10	PSA.89.13-PSA.89.14	166
41:10	2CH.32.8	164
41:10	ISA.43.5	156
41:10	ZEC.10.12	151
41:10	PSA.46.11	145
41:10	ISA.49.8	140
41:10	PSA.37.17	139
41:10	ISA.44.2	131
41:10	DEU.33.27-DEU.33.29	126
41:10	PSA.144.11	123
41:10	PSA.41.12	117
41:10	ISA.52.7	117
41:10	PSA.46.7	116
41:10	PSA.46.1-PSA.46.2	115
41:10	GEN.15.1	111
41:10	PSA.65.5	108
41:10	LUK.1.30	108
41:10	JHN.8.54-JHN.8.55	108
41:10	PSA.147.12	104
41:10	LUK.2.10-LUK.2.11	104
41:10	1CH.12.18	100
41:10	LUK.1.13	93
41:10	PSA.99.4	92
41:10	PSA.144.8	49
41:10	HOS.1.9	41
41:11	EXO.23.22	19
41:11	ISA.45.24	15
41:11	REV.3.9	12
41:11	ISA.54.17	11
41:11	ACT.16.39	11
41:11	ACT.13.8-ACT.13.11	8
41:11	EXO.11.8	7
41:11	ISA.49.26	7
41:11	DAN.4.35	7
41:11	ISA.29.8	6
41:11	ISA.41.29	6
41:11	ISA.60.12-ISA.60.14	6
41:11	ZEC.12.3	6
41:11	ISA.40.17	5
41:11	ISA.41.24	5
41:12	PSA.37.35-PSA.37.36	14
41:12	JOB.20.7-JOB.20.9	10
41:12	ISA.17.14	9
41:13	ISA.41.10	63
41:13	PSA.73.23	54
41:13	PSA.63.8	47
41:13	PSA.109.31	36
41:13	ISA.42.6	28
41:13	2TI.4.17	26
41:13	ISA.45.1	24
41:13	DEU.33.26-DEU.33.29	22
41:13	ISA.43.6	16
41:13	ISA.51.18	8
41:14	PSA.22.6	8
41:14	ISA.43.14	8
41:14	ISA.54.5	8
41:14	JER.50.34	7
41:14	JOB.25.6	5
41:14	PSA.19.14	5
41:14	JOB.19.25	4
41:14	ISA.44.6	3
41:14	ISA.44.24	3
41:14	ISA.47.4	3
41:14	ISA.48.17	3
41:14	ISA.49.26	3
41:14	ISA.63.16	3
41:14	MAT.7.14	3
41:14	GAL.3.13	3
41:14	TIT.2.14	3
41:14	ISA.49.7	2
41:14	ISA.54.8	2
41:14	ISA.59.20	2
41:14	ISA.60.16	2
41:14	LUK.12.32	2
41:14	ROM.9.27	2
41:14	REV.5.9	2
41:14	DEU.7.7	1
41:15	MIC.4.13	23
41:15	2CO.10.4-2CO.10.5	15
41:15	ZEC.4.7	9
41:15	HAB.3.12	8
41:15	ISA.21.10	7
41:15	ISA.28.27	6
41:15	PSA.18.42	4
41:16	JER.51.2	6
41:16	ISA.45.24-ISA.45.25	5
41:16	ISA.61.10-ISA.61.11	5
41:16	HAB.3.18	4
41:16	JER.9.23-JER.9.24	3
41:16	JER.15.7	3
41:16	1SA.2.1-1SA.2.2	2
41:16	PSA.1.4	2
41:16	ISA.12.6	2
41:16	ISA.17.13	2
41:16	ISA.25.1-ISA.25.3	2
41:16	MAT.3.12	2
41:16	LUK.1.46-LUK.1.47	2
41:16	ROM.5.11	2
41:16	1CO.1.30-1CO.1.31	2
41:16	PHP.3.3	2
41:17	ISA.55.1	15
41:17	ISA.44.3	11
41:17	ISA.30.19	10
41:17	MAT.5.6	10
41:17	PSA.34.6	5
41:17	PSA.72.12-PSA.72.13	5
41:17	ISA.42.16	5
41:17	ISA.61.1	5
41:17	GEN.28.15	4
41:17	PSA.50.15	4
41:17	PSA.63.1-PSA.63.2	4
41:17	JHN.4.10-JHN.4.15	4
41:17	HEB.13.5-HEB.13.6	4
41:17	REV.22.17	4
41:17	EXO.17.3	3
41:17	EXO.17.6	3
41:17	JDG.15.18-JDG.15.19	3
41:17	PSA.22.15	3
41:17	PSA.42.2	3
41:17	PSA.68.9-PSA.68.10	3
41:17	PSA.94.14	3
41:17	PSA.102.16-PSA.102.17	3
41:17	PSA.107.5-PSA.107.6	3
41:17	ISA.43.20	3
41:17	ISA.66.2	3
41:17	LAM.4.4	3
41:17	AMO.8.11-AMO.8.13	3
41:17	MAT.5.3	3
41:17	LUK.16.24	3
41:17	JHN.7.37-JHN.7.39	3
41:17	2CO.12.9	3
41:17	REV.21.6	3
41:18	ISA.35.6-ISA.35.7	18
41:18	PSA.107.35	17
41:18	ISA.58.11	15
41:18	ISA.30.25	11
41:18	ISA.43.19-ISA.43.20	9
41:18	EZK.47.1-EZK.47.8	9
41:18	REV.7.17	9
41:18	ISA.44.3	8
41:18	ISA.32.2	7
41:18	ISA.49.9-ISA.49.10	7
41:18	JOL.3.18	7
41:18	REV.22.1	7
41:18	ISA.12.3	6
41:18	ZEC.14.8	6
41:18	PSA.105.41	5
41:18	ISA.48.21	5
41:18	PSA.78.15-PSA.78.16	4
41:18	PSA.46.4	3
41:19	ISA.55.13	13
41:19	ISA.37.31-ISA.37.32	11
41:19	ISA.35.1	10
41:19	ISA.60.13	9
41:19	ISA.60.21	8
41:19	ISA.61.11	8
41:19	ISA.27.6	7
41:19	EZK.17.22-EZK.17.24	7
41:19	PSA.92.13-PSA.92.14	6
41:19	ISA.32.15	6
41:19	ISA.51.3	6
41:19	ISA.61.3	6
41:19	EZK.47.12	6
41:20	JOB.12.9	7
41:20	PSA.109.27	5
41:20	ISA.43.21	5
41:20	ISA.44.23	5
41:20	EXO.9.16	4
41:20	ISA.43.7-ISA.43.13	3
41:20	ISA.45.6-ISA.45.8	3
41:20	2TH.1.10	3
41:20	NUM.23.23	2
41:20	ISA.66.18	2
41:20	EPH.2.6-EPH.2.10	2
41:21	JOB.23.3-JOB.23.4	7
41:21	JOB.38.3	2
41:21	MIC.6.1-MIC.6.2	2
41:21	JOB.31.37	0
41:21	JOB.40.7-JOB.40.9	0
41:22	ISA.45.21	5
41:22	ISA.46.10	4
41:22	ISA.44.7	3
41:22	ISA.48.14	3
41:22	ISA.42.9	2
41:22	ISA.43.9-ISA.43.12	2
41:22	JHN.13.19	2
41:22	JHN.16.14	2
41:23	ISA.42.9	5
41:23	JHN.13.19	5
41:23	JER.10.5	4
41:23	ISA.44.7-ISA.44.8	3
41:23	ISA.45.3	2
41:23	ISA.45.7-ISA.45.8	2
41:23	ISA.46.7	2
41:23	ISA.46.9-ISA.46.10	2
41:23	ACT.15.18	0
41:24	PSA.115.8	6
41:24	1CO.8.4	6
41:24	ISA.41.29	4
41:24	JER.10.8	3
41:24	JER.10.14	3
41:24	DEU.7.26	2
41:24	DEU.27.15	2
41:24	ISA.37.19	2
41:24	ISA.44.9-ISA.44.10	2
41:24	ISA.66.24	2
41:24	JER.51.17-JER.51.18	2
41:24	REV.17.5	2
41:25	ISA.41.2	8
41:25	2SA.22.43	6
41:25	ISA.10.6	6
41:25	ISA.44.28-ISA.45.6	5
41:25	ISA.46.10-ISA.46.11	5
41:25	MIC.7.10	5
41:25	ZEC.10.5	5
41:25	EZR.1.2-EZR.1.3	4
41:25	ISA.21.2	4
41:25	ISA.45.13	4
41:25	JER.50.3	4
41:25	JER.51.27-JER.51.29	4
41:26	ISA.41.22	5
41:26	ISA.44.7	5
41:26	ISA.45.21	4
41:26	ISA.43.9	3
41:26	HAB.2.18-HAB.2.20	3
41:27	ISA.40.9	6
41:27	ISA.52.7	5
41:27	ISA.44.28	4
41:27	ISA.48.3	3
41:27	NAM.1.15	3
41:27	EZR.1.1-EZR.1.2	2
41:27	ISA.41.4	2
41:27	ISA.43.10	2
41:27	ISA.44.6	2
41:27	ISA.48.12	2
41:27	LUK.2.10-LUK.2.11	2
41:27	ROM.10.15	2
41:27	REV.2.8	2
41:28	ISA.63.5	4
41:28	ISA.40.13-ISA.40.14	2
41:28	ISA.50.2	2
41:28	ISA.59.16	2
41:28	DAN.2.10-DAN.2.11	2
41:28	DAN.4.7-DAN.4.8	2
41:28	DAN.5.8	2
41:29	JER.5.13	5
41:29	ISA.41.24	4
41:29	PSA.115.4-PSA.115.8	2
41:29	PSA.135.15-PSA.135.18	2
41:29	ISA.44.9-ISA.44.20	2
41:29	JER.10.2-JER.10.16	2
41:29	HAB.2.18	2
42:1	MAT.12.18-MAT.12.21	43
42:1	LUK.3.22	30
42:1	ISA.52.13	22
42:1	ISA.61.1	20
42:1	ISA.43.10	19
42:1	PHP.2.7	19
42:1	MAT.17.5	13
42:1	MAT.3.16-MAT.3.17	12
42:1	ISA.53.11	9
42:1	1PE.2.4	9
42:1	ISA.41.8	8
42:1	EPH.1.6	8
42:1	EPH.3.8	8
42:1	JHN.3.34	7
42:1	PSA.89.19-PSA.89.20	6
42:1	ISA.11.2-ISA.11.5	6
42:1	ZEC.3.8	6
42:1	COL.1.13	6
42:1	ISA.49.3-ISA.49.8	5
42:1	1PE.2.6	5
42:1	ISA.2.4	4
42:1	ISA.50.4-ISA.50.9	4
42:1	ISA.59.21	4
42:1	ACT.9.15	4
42:1	ACT.10.38	4
42:1	ACT.11.18	4
42:1	ACT.26.17-ACT.26.18	4
42:1	EPH.1.4	4
42:1	MRK.1.10-MRK.1.11	3
42:1	LUK.9.35	3
42:1	ROM.15.8-ROM.15.16	3
42:1	ISA.32.16	2
42:1	MAL.1.11	2
42:1	JHN.1.32-JHN.1.34	2
42:1	JHN.6.27	2
42:1	JHN.16.32	2
42:1	ACT.28.28	2
42:2	MAT.12.16-MAT.12.20	11
42:2	2TI.2.24	6
42:2	1PE.2.23	5
42:2	MAT.11.29	4
42:2	LUK.17.20	3
42:2	ZEC.9.9	2
42:3	EZK.34.16	23
42:3	JER.31.25	17
42:3	PSA.147.3	15
42:3	ISA.40.11	15
42:3	MAT.11.28	14
42:3	ISA.11.3-ISA.11.4	12
42:3	JHN.5.30	12
42:3	MAT.18.10-MAT.18.14	10
42:3	REV.19.11	10
42:3	JHN.20.19-JHN.20.21	9
42:3	ISA.50.10	8
42:3	PSA.96.13	7
42:3	PSA.72.2-PSA.72.4	6
42:3	PSA.98.9	6
42:3	ISA.35.3-ISA.35.4	6
42:3	ISA.40.29-ISA.40.31	6
42:3	LUK.22.31-LUK.22.32	6
42:3	PSA.103.13-PSA.103.14	5
42:3	ISA.66.2	5
42:3	JER.31.18-JER.31.20	5
42:3	MIC.7.9	5
42:3	HEB.2.17-HEB.2.18	5
42:3	JER.30.12-JER.30.17	4
42:3	ISA.50.4	3
42:3	ISA.61.1-ISA.61.3	3
42:3	JHN.20.27	3
42:3	ISA.57.15-ISA.57.18	2
42:4	GEN.49.10	6
42:4	ISA.53.2-ISA.53.12	6
42:4	ISA.55.5	6
42:4	PSA.22.27	5
42:4	ISA.52.13-ISA.52.15	5
42:4	ISA.9.7	4
42:4	MAT.12.21	4
42:4	PSA.72.8-PSA.72.11	3
42:4	PSA.98.2-PSA.98.3	3
42:4	ISA.11.9-ISA.11.12	3
42:4	ISA.24.15-ISA.24.16	3
42:4	ISA.42.12	3
42:4	ISA.60.9	3
42:4	ISA.66.19	3
42:4	MIC.4.1-MIC.4.3	3
42:4	ZEC.2.11	3
42:4	1CO.9.21	3
42:4	ISA.2.2-ISA.2.4	2
42:4	ISA.41.5	2
42:4	ISA.49.1	2
42:4	ISA.49.5-ISA.49.10	2
42:4	JHN.17.4-JHN.17.5	2
42:4	ROM.16.26	2
42:4	HEB.12.2-HEB.12.4	2
42:4	1PE.2.22-1PE.2.24	2
42:5	ISA.40.22	59
42:5	ISA.45.12	49
42:5	JER.10.12	38
42:5	ZEC.12.1	37
42:5	ISA.48.13	33
42:5	PSA.104.2-PSA.104.35	30
42:5	ISA.44.24	26
42:5	PSA.102.25-PSA.102.26	17
42:5	HEB.1.10-HEB.1.12	16
42:5	JER.32.17	15
42:5	JOB.33.4	14
42:5	PSA.33.6	14
42:5	ISA.45.18	14
42:5	JOB.12.10	11
42:5	ACT.17.25	11
42:5	PSA.136.6	10
42:5	ISA.40.12	10
42:5	GEN.2.7	9
42:5	AMO.9.6	9
42:5	HEB.1.2	9
42:5	GEN.1.10-GEN.1.12	8
42:5	JOB.27.3	8
42:5	PSA.24.1-PSA.24.2	8
42:5	ISA.40.28	8
42:5	GEN.1.24-GEN.1.25	7
42:5	JOB.34.14	7
42:5	DAN.5.23	6
42:6	JHN.8.12	31
42:6	LUK.2.32	30
42:6	ISA.26.3	24
42:6	ISA.49.8	23
42:6	ACT.13.47	23
42:6	ISA.49.6	20
42:6	1PE.2.9	15
42:6	ISA.60.1-ISA.60.3	14
42:6	JER.23.5-JER.23.6	13
42:6	HEB.13.20	9
42:6	ISA.51.4-ISA.51.5	8
42:6	ACT.26.23	8
42:6	ROM.3.25-ROM.3.26	8
42:6	HEB.9.15	8
42:6	PSA.45.6-PSA.45.7	7
42:6	ISA.41.13	7
42:6	ISA.42.1	7
42:6	ISA.43.1	7
42:6	ROM.15.8-ROM.15.9	7
42:6	2CO.1.20	7
42:6	ISA.45.13	6
42:6	HEB.7.26	6
42:6	HEB.8.6	6
42:6	MAT.26.28	5
42:6	HEB.1.8-HEB.1.9	5
42:6	HEB.12.24	5
42:6	ISA.49.1-ISA.49.3	4
42:6	JER.33.15-JER.33.16	4
42:6	LUK.1.69-LUK.1.72	3
42:6	GAL.3.15-GAL.3.17	3
42:6	ISA.32.1	2
42:6	HEB.7.2	1
42:7	EPH.1.17-EPH.1.18	18
42:7	ISA.61.1	17
42:7	ISA.35.5	13
42:7	ISA.49.9	13
42:7	2TI.2.26	10
42:7	MAT.11.5	8
42:7	HEB.2.14-HEB.2.15	8
42:7	LUK.4.18-LUK.4.21	7
42:7	LUK.24.45	7
42:7	1PE.2.9	7
42:7	ISA.29.18	6
42:7	JHN.9.39	6
42:7	REV.3.18	6
42:7	PSA.146.7-PSA.146.8	5
42:7	ZEC.9.11-ZEC.9.12	5
42:7	ACT.26.18	5
42:7	ISA.9.2	4
42:7	PSA.107.10-PSA.107.16	3
42:7	ISA.42.16	3
42:7	ISA.42.22	3
42:7	2CO.4.6	3
42:8	ISA.48.11	41
42:8	ISA.43.11	27
42:8	EXO.34.14	24
42:8	EXO.20.3-EXO.20.5	22
42:8	PSA.83.18	18
42:8	EXO.3.13-EXO.3.15	16
42:8	EXO.4.5	13
42:8	JHN.5.23	9
42:8	JHN.8.58	5
42:9	ISA.43.19	26
42:9	ISA.46.9-ISA.46.10	24
42:9	JHN.13.19	21
42:9	2PE.1.19-2PE.1.21	14
42:9	ISA.44.7-ISA.44.8	11
42:9	JOS.23.14-JOS.23.15	10
42:9	1KI.8.15-1KI.8.20	9
42:9	ISA.41.22-ISA.41.23	9
42:9	JOS.21.45	8
42:9	1PE.1.10-1PE.1.12	7
42:9	GEN.15.12-GEN.15.16	5
42:9	1KI.11.36	4
42:9	ACT.15.18	1
42:10	PSA.33.3	7
42:10	PSA.40.3	5
42:10	ISA.42.4	5
42:10	ROM.15.9-ROM.15.11	5
42:10	PSA.98.1-PSA.98.4	4
42:10	ISA.49.13	3
42:10	REV.5.9	3
42:10	1CH.16.32	2
42:10	PSA.96.1-PSA.96.3	2
42:10	PSA.96.11	2
42:10	PSA.97.1	2
42:10	PSA.107.23-PSA.107.32	2
42:10	PSA.117.1-PSA.117.2	2
42:10	PSA.148.1-PSA.148.14	2
42:10	PSA.150.6	2
42:10	ISA.24.14-ISA.24.16	2
42:10	ISA.44.23	2
42:10	ISA.49.6	2
42:10	ISA.51.5	2
42:10	ISA.60.9	2
42:10	ISA.65.14	2
42:10	ZEP.2.11	2
42:10	REV.14.3	2
42:11	ISA.32.16	6
42:11	ISA.60.7	5
42:11	PSA.72.8-PSA.72.10	4
42:11	ISA.41.18-ISA.41.19	4
42:11	GEN.25.23	3
42:11	PSA.120.5	3
42:11	ISA.16.1	3
42:11	ISA.21.16	3
42:11	ISA.35.6	3
42:11	ISA.52.7	3
42:11	NAM.1.15	3
42:11	ISA.35.1	2
42:11	ISA.43.19	2
42:11	JER.21.13	2
42:11	JER.48.28	2
42:11	JER.49.16	2
42:11	ISA.40.3	1
42:11	OBA.1.3	1
42:12	PSA.117.1-PSA.117.2	3
42:12	ROM.15.9-ROM.15.11	3
42:12	PSA.22.27	2
42:12	ISA.24.15-ISA.24.16	2
42:12	ISA.42.4	2
42:12	ISA.66.18-ISA.66.19	2
42:12	REV.5.9-REV.5.10	2
42:12	REV.7.9-REV.7.12	2
42:12	PSA.96.3-PSA.96.10	1
42:13	EXO.15.1-EXO.15.3	7
42:13	PSA.78.65	6
42:13	ISA.59.16-ISA.59.19	6
42:13	PSA.110.5-PSA.110.6	5
42:13	AMO.1.2	5
42:13	ZEP.3.8	5
42:13	ISA.26.11	4
42:13	ISA.31.4	4
42:13	ISA.63.1-ISA.63.4	4
42:13	JER.25.30	4
42:13	HOS.11.10	4
42:13	NAM.1.2	4
42:13	ZEP.1.18	4
42:13	PSA.118.16	3
42:13	ISA.9.7	3
42:13	ISA.66.14	3
42:13	JOL.3.16	2
42:14	PSA.83.1-PSA.83.2	4
42:14	ECC.8.11-ECC.8.12	4
42:14	JER.15.6	4
42:14	JER.44.22	4
42:14	LUK.18.7	4
42:14	2PE.3.9-2PE.3.10	4
42:14	2PE.3.15	4
42:14	JOB.32.18	3
42:14	JOB.32.20	3
42:14	PSA.50.2	3
42:15	ISA.50.2	6
42:15	NAM.1.4-NAM.1.6	5
42:15	ISA.44.27	4
42:15	ISA.2.12-ISA.2.16	3
42:15	REV.20.11	3
42:15	PSA.18.7	2
42:15	PSA.107.33-PSA.107.34	2
42:15	PSA.114.3-PSA.114.7	2
42:15	ISA.11.15-ISA.11.16	2
42:15	ISA.49.11	2
42:15	JER.4.24	2
42:15	EZK.38.20	2
42:15	HAB.3.6-HAB.3.10	2
42:15	HAG.2.6	2
42:15	ZEC.10.11	2
42:15	REV.6.12-REV.6.17	2
42:15	REV.8.7-REV.8.12	2
42:15	REV.11.13	2
42:15	REV.16.12	2
42:15	REV.16.18	2
42:16	ISA.30.21	28
42:16	LUK.3.5	19
42:16	ISA.35.8	14
42:16	ISA.60.19-ISA.60.20	14
42:16	ISA.40.4	13
42:16	LUK.1.78-LUK.1.79	13
42:16	EPH.5.8	11
42:16	ISA.32.3	10
42:16	JER.32.39-JER.32.41	9
42:16	PSA.94.14	8
42:16	HEB.13.5	8
42:16	ISA.29.18	7
42:16	ISA.35.5	7
42:16	ISA.45.2	7
42:16	ISA.48.17	7
42:16	JER.31.8-JER.31.9	7
42:16	ISA.29.24	6
42:16	ROM.5.8-ROM.5.10	6
42:16	1PE.1.3-1PE.1.5	6
42:16	HOS.2.14	5
42:16	ISA.60.1-ISA.60.2	4
42:16	HOS.2.6	4
42:16	JOS.3.4	3
42:16	ROM.8.29-ROM.8.31	3
42:16	ECC.1.15	2
42:16	ECC.7.13	2
42:16	ISA.54.13	2
42:16	EZK.14.23	2
42:16	2TH.2.13-2TH.2.14	2
42:16	ISA.41.3	1
42:17	PSA.97.7	6
42:17	ISA.1.29	5
42:17	ISA.44.11	5
42:17	ISA.45.16-ISA.45.17	3
42:17	EXO.32.4	2
42:17	EXO.32.8	2
42:17	ISA.44.17	2
42:17	JER.2.26-JER.2.27	2
42:17	HAB.2.18-HAB.2.20	2
42:18	ISA.43.8	4
42:18	PRO.20.12	3
42:18	ISA.29.18	3
42:18	ISA.35.5	3
42:18	MRK.7.34-MRK.7.37	3
42:18	EXO.4.11	2
42:18	LUK.7.22	2
42:18	REV.3.17-REV.3.18	2
42:19	2CO.4.4	4
42:19	JER.5.21	3
42:19	EZK.12.2	3
42:19	ISA.6.9	2
42:19	ISA.26.3	2
42:19	ISA.29.9-ISA.29.14	2
42:19	ISA.41.8	2
42:19	ISA.44.26	2
42:19	ISA.56.10	2
42:19	JER.4.22	2
42:19	MAT.13.14-MAT.13.15	2
42:19	MAT.15.14-MAT.15.16	2
42:19	MAT.23.16-MAT.23.24	2
42:19	MRK.8.17-MRK.8.18	2
42:19	JHN.7.47-JHN.7.49	2
42:19	JHN.9.39	2
42:19	JHN.9.41	2
42:19	JHN.12.40	2
42:19	ROM.2.17-ROM.2.23	2
42:19	ROM.11.7-ROM.11.10	2
42:19	ROM.11.25	2
42:19	2CO.3.14-2CO.3.15	2
42:20	DEU.29.2-DEU.29.4	3
42:20	NUM.14.22	2
42:20	DEU.4.9	2
42:20	NEH.9.10-NEH.9.17	2
42:20	PSA.106.7-PSA.106.13	2
42:20	PSA.107.43	2
42:20	ISA.1.3	2
42:20	ISA.48.6-ISA.48.8	2
42:20	ISA.58.2	2
42:20	JER.6.10	2
42:20	JER.42.2-JER.42.5	2
42:20	EZK.33.31	2
42:20	MRK.6.19-MRK.6.20	2
42:20	JHN.9.37-JHN.9.40	2
42:20	JHN.11.37-JHN.11.50	2
42:20	ACT.28.22-ACT.28.27	2
42:20	ROM.2.21	2
42:21	ROM.3.31	6
42:21	HEB.8.10	6
42:21	MAT.5.17-MAT.5.20	5
42:21	ROM.7.12	5
42:21	PSA.40.8	4
42:21	PSA.71.19	4
42:21	ISA.1.24-ISA.1.27	4
42:21	ISA.42.4	4
42:21	ISA.46.12-ISA.46.13	4
42:21	MAT.3.15	4
42:21	PSA.71.16	3
42:21	PSA.85.9-PSA.85.12	3
42:21	MAT.3.17	3
42:21	MAT.17.5	3
42:21	JHN.8.29	3
42:21	JHN.13.31-JHN.13.32	3
42:21	JHN.15.10	3
42:21	JHN.17.4-JHN.17.5	3
42:21	ROM.3.25-ROM.3.26	3
42:21	ROM.8.3-ROM.8.4	3
42:21	ROM.10.4	3
42:21	GAL.3.13	3
42:21	GAL.3.21	3
42:21	GAL.5.22-GAL.5.23	3
42:21	PHP.3.9	3
42:21	1JN.3.4-1JN.3.5	3
42:21	DAN.9.24-DAN.9.27	2
42:21	2CO.5.19-2CO.5.21	2
42:22	PSA.102.20	9
42:22	JER.50.17	8
42:22	ISA.51.23	7
42:22	PSA.50.22	6
42:22	ISA.24.22	6
42:22	ISA.42.7	5
42:22	ISA.52.4-ISA.52.5	5
42:22	JER.51.34-JER.51.35	5
42:22	LUK.19.41-LUK.19.44	5
42:22	ISA.18.2	4
42:22	ISA.24.18	4
42:22	ISA.1.7	3
42:22	ISA.14.17	3
42:22	DEU.28.29-DEU.28.33	2
42:22	ISA.36.1	2
42:22	ISA.45.13	2
42:22	ISA.56.9	2
42:22	JER.52.4-JER.52.11	2
42:22	JER.52.31	2
42:22	LUK.21.20-LUK.21.24	2
42:23	ISA.48.18	3
42:23	ACT.3.22-ACT.3.23	3
42:23	LEV.26.40-LEV.26.42	2
42:23	DEU.4.29-DEU.4.31	2
42:23	DEU.32.29	2
42:23	PRO.1.22-PRO.1.23	2
42:23	ISA.1.18-ISA.1.20	2
42:23	JER.3.4-JER.3.7	2
42:23	JER.3.13	2
42:23	MIC.6.9	2
42:23	MAT.21.28-MAT.21.31	2
42:23	ACT.3.19	2
42:23	1PE.4.2-1PE.4.3	2
42:24	DEU.28.49	2
42:24	DEU.32.30	2
42:24	JDG.2.14	2
42:24	JDG.3.8	2
42:24	JDG.10.7	2
42:24	2CH.15.6	2
42:24	2CH.36.17	2
42:24	NEH.9.26-NEH.9.27	2
42:24	PSA.106.40-PSA.106.42	2
42:24	ISA.10.5-ISA.10.6	2
42:24	ISA.30.15	2
42:24	ISA.45.7	2
42:24	ISA.47.6	2
42:24	ISA.50.1-ISA.50.2	2
42:24	ISA.59.1-ISA.59.2	2
42:24	ISA.63.10	2
42:24	JER.5.15	2
42:24	JER.25.8-JER.25.9	2
42:24	LAM.1.14	2
42:24	LAM.1.18	2
42:24	AMO.3.6	2
42:24	MAT.22.7	2
42:25	ISA.57.11	5
42:25	HOS.7.9	5
42:25	EZK.7.8-EZK.7.9	4
42:25	MAL.2.2	4
42:25	LEV.26.15-LEV.26.46	3
42:25	DEU.32.22	3
42:25	PSA.79.5-PSA.79.6	3
42:25	ISA.9.13	3
42:25	JER.5.3	3
42:25	EZK.20.34	3
42:25	NAM.1.6	3
42:25	REV.9.18-REV.9.21	3
42:25	REV.16.1-REV.16.21	3
42:25	2KI.25.9	2
42:25	ISA.29.13	2
42:25	ISA.47.7	2
42:25	ISA.57.1	2
42:25	EZK.22.21-EZK.22.22	2
43:1	PSA.100.3	65
43:1	ISA.43.7	60
43:1	ZEC.13.9	54
43:1	ISA.54.4-ISA.54.5	46
43:1	TIT.2.14	37
43:1	REV.5.9	33
43:1	ISA.45.3-ISA.45.4	30
43:1	ISA.42.6	28
43:1	EPH.2.10	28
43:1	ISA.43.21	25
43:1	ISA.44.2	22
43:1	2TI.2.19	21
43:1	HEB.8.8-HEB.8.10	20
43:1	ISA.41.14	19
43:1	EXO.33.17	17
43:1	ISA.44.21-ISA.44.24	17
43:1	JER.31.3	16
43:1	JER.50.34	16
43:1	EZK.16.8	16
43:1	MAL.3.17	15
43:1	ACT.27.25	15
43:1	GEN.32.28	12
43:1	PSA.102.18	12
43:1	DEU.32.9	10
43:1	ISA.35.9-ISA.35.10	10
43:1	ISA.44.5-ISA.44.6	9
43:1	ISA.49.1	9
43:1	EXO.15.13	8
43:1	JER.33.24	8
43:1	EXO.19.5-EXO.19.6	7
43:1	ISA.62.12	7
43:1	ISA.48.17	6
43:1	ISA.43.14-ISA.43.15	4
43:1	ISA.63.16	4
43:1	JER.33.26	4
43:1	ACT.27.20	1
43:2	ISA.41.10	147
43:2	JOS.1.9	128
43:2	PSA.66.12	115
43:2	PSA.23.4	101
43:2	DAN.3.25-DAN.3.27	84
43:2	2CO.12.9-2CO.12.10	80
43:2	PSA.91.15	72
43:2	1PE.4.12-1PE.4.13	62
43:2	DEU.31.6-DEU.31.8	50
43:2	PSA.91.3-PSA.91.5	42
43:2	JOS.1.5	39
43:2	PSA.66.10	36
43:2	EXO.14.29	33
43:2	MAT.1.23	33
43:2	MAT.7.25-MAT.7.27	33
43:2	HEB.11.29	33
43:2	PSA.46.4-PSA.46.7	28
43:2	1CO.3.13-1CO.3.15	26
43:2	2TI.4.17	24
43:2	ISA.29.6	23
43:2	JOS.3.15-JOS.3.17	22
43:2	ISA.8.7-ISA.8.10	22
43:2	ISA.41.14	22
43:2	ZEC.13.9	22
43:2	MAL.3.2-MAL.3.3	22
43:2	ISA.11.15-ISA.11.16	21
43:2	MAL.4.1	21
43:2	2TI.4.22	21
43:2	ISA.30.27	20
43:2	LUK.21.12-LUK.21.18	20
43:2	AMO.9.8-AMO.9.9	19
43:2	HEB.11.33-HEB.11.38	19
43:3	ISA.60.16	17
43:3	ISA.45.15	15
43:3	ISA.49.26	13
43:3	EXO.20.2	12
43:3	2CH.14.9-2CH.14.14	12
43:3	PRO.21.18	11
43:3	ISA.45.21	9
43:3	TIT.3.4-TIT.3.6	8
43:3	JUD.1.25	8
43:3	HOS.13.4	7
43:3	PRO.11.8	6
43:3	ISA.30.11	6
43:3	ISA.41.14	5
43:3	EXO.10.7	3
43:3	ISA.20.3	3
43:3	TIT.2.10-TIT.2.14	3
43:4	DEU.7.6-DEU.7.8	24
43:4	1PE.2.9	16
43:4	JER.31.3	15
43:4	REV.3.9	12
43:4	GEN.12.2	11
43:4	HOS.11.1	11
43:4	JHN.16.27	11
43:4	DEU.32.9-DEU.32.14	10
43:4	JHN.17.23	10
43:4	EXO.19.5-EXO.19.6	7
43:4	DEU.14.2	6
43:4	DEU.26.18	6
43:4	PSA.135.4	5
43:4	MAL.1.2	5
43:4	PSA.112.9	4
43:4	ISA.63.9	4
43:4	MAL.3.17	4
43:4	JHN.5.44	4
43:4	JHN.17.26	4
43:4	1PE.1.7	4
43:4	TIT.2.14	3
43:5	DEU.30.3	25
43:5	LUK.13.29	18
43:5	ISA.49.12	17
43:5	EZK.39.25-EZK.39.29	17
43:5	ISA.44.2	15
43:5	ISA.60.1-ISA.60.11	15
43:5	EZK.36.24-EZK.36.27	14
43:5	ACT.18.9-ACT.18.10	14
43:5	ISA.43.2	11
43:5	JER.30.10-JER.30.11	11
43:5	JER.31.8-JER.31.9	11
43:5	ZEC.8.7	11
43:5	ISA.27.12-ISA.27.13	10
43:5	ISA.41.10	10
43:5	ISA.41.14	10
43:5	EZK.37.21-EZK.37.28	10
43:5	PSA.22.27-PSA.22.31	9
43:5	PSA.106.47	9
43:5	ISA.41.8	9
43:5	ISA.66.19-ISA.66.20	9
43:5	JHN.10.16	9
43:5	MIC.2.12	8
43:5	PSA.107.3	7
43:5	ISA.11.11-ISA.11.12	7
43:5	JER.30.18-JER.30.19	7
43:5	1KI.8.46-1KI.8.51	6
43:5	JER.46.27-JER.46.28	6
43:6	2CO.6.17-2CO.6.18	5
43:6	JER.3.14	4
43:6	JER.3.18-JER.3.19	4
43:6	HOS.1.10-HOS.1.11	3
43:6	ROM.9.7-ROM.9.8	3
43:6	GAL.3.26-GAL.3.29	3
43:6	PSA.107.3	2
43:6	ISA.18.7	2
43:6	ROM.9.25-ROM.9.26	1
43:7	EPH.2.10	29
43:7	ISA.43.21	27
43:7	EPH.1.12	18
43:7	1PE.2.9	16
43:7	ROM.9.23	14
43:7	ISA.62.2-ISA.62.5	13
43:7	ISA.43.1	11
43:7	PSA.100.3	10
43:7	ISA.48.11	9
43:7	ISA.56.5	9
43:7	JHN.15.8	9
43:7	PSA.50.23	8
43:7	REV.3.12	7
43:7	PSA.95.6-PSA.95.7	6
43:7	ISA.29.23	6
43:7	JER.33.16	6
43:7	JHN.3.3-JHN.3.7	5
43:7	ACT.11.26	5
43:7	ISA.63.19	4
43:7	GAL.6.15	4
43:7	EPH.1.6	4
43:7	EPH.2.4-EPH.2.7	4
43:7	JAS.2.7	4
43:7	2CO.5.17	3
43:7	TIT.3.5-TIT.3.7	3
43:7	1PE.4.14	3
43:7	1PE.4.11	2
43:8	ISA.6.9	9
43:8	EZK.12.2	8
43:8	DEU.29.2-DEU.29.4	5
43:8	ISA.42.18-ISA.42.20	5
43:8	2CO.4.4-2CO.4.6	5
43:8	JER.5.21	4
43:8	ISA.44.18-ISA.44.20	3
43:9	ISA.44.7-ISA.44.9	5
43:9	ISA.46.10	5
43:9	ISA.41.21-ISA.41.26	4
43:9	PSA.50.1	3
43:9	ISA.41.1	3
43:9	ISA.43.26	3
43:9	JOL.3.11	3
43:9	JOS.24.15-JOS.24.24	2
43:9	1KI.18.21-1KI.18.24	2
43:9	1KI.18.36-1KI.18.39	2
43:9	PSA.49.1-PSA.49.2	2
43:9	ISA.45.20-ISA.45.21	2
43:9	ISA.48.5-ISA.48.6	2
43:9	ISA.48.14	2
43:10	ISA.41.4	25
43:10	ISA.45.6	23
43:10	ISA.46.8-ISA.46.9	21
43:10	ISA.43.12	17
43:10	ISA.40.21-ISA.40.22	13
43:10	ACT.1.8	13
43:10	ISA.44.6-ISA.44.8	12
43:10	PHP.2.7	12
43:10	ISA.42.1	10
43:10	ISA.41.20	9
43:10	REV.1.2	8
43:10	JHN.1.7-JHN.1.8	7
43:10	JHN.15.27	7
43:10	ISA.41.8	6
43:10	JHN.20.31	6
43:10	1CO.15.15	5
43:10	REV.1.5	5
43:10	ISA.55.4	4
43:10	REV.3.14	4
43:10	COL.1.7	3
43:11	HOS.13.4	27
43:11	ISA.44.6	25
43:11	ISA.43.3	18
43:11	ISA.45.21-ISA.45.22	18
43:11	ACT.4.12	14
43:11	REV.7.10-REV.7.12	14
43:11	ISA.12.2	13
43:11	DEU.6.4	11
43:11	ISA.44.8	10
43:11	JUD.1.25	8
43:11	HOS.1.7	7
43:11	LUK.1.47	5
43:11	LUK.2.11	5
43:11	TIT.3.4-TIT.3.6	5
43:11	1JN.5.20-1JN.5.21	5
43:11	REV.1.17-REV.1.18	5
43:11	TIT.2.10	4
43:11	TIT.2.13	4
43:11	2PE.3.18	4
43:11	1JN.4.14	4
43:11	REV.1.11	4
43:11	JHN.10.28-JHN.10.30	2
43:12	DEU.32.12	6
43:12	PSA.81.9-PSA.81.10	6
43:12	ISA.44.8	6
43:12	ISA.43.10	5
43:12	ISA.37.7	4
43:12	ISA.37.20	4
43:12	ISA.46.9-ISA.46.10	4
43:12	ISA.48.4-ISA.48.7	4
43:12	ISA.37.35-ISA.37.36	3
43:13	ISA.14.27	16
43:13	ISA.46.10	14
43:13	PSA.90.2	12
43:13	HEB.13.8	11
43:13	JHN.8.58	10
43:13	DEU.32.39	9
43:13	JOB.9.12	9
43:13	1TI.1.17	9
43:13	REV.1.8	9
43:13	PSA.93.2	7
43:13	ISA.41.4	7
43:13	ISA.57.15	7
43:13	JOB.34.29	6
43:13	PSA.50.22	6
43:13	PRO.8.23	6
43:13	MIC.5.2	6
43:13	HAB.1.12	6
43:13	EPH.1.11	6
43:13	DEU.28.31	4
43:13	JOB.34.14-JOB.34.15	4
43:13	PRO.21.30	4
43:13	DAN.4.35	4
43:13	JHN.1.1-JHN.1.2	4
43:13	ROM.9.18-ROM.9.19	4
43:13	HOS.2.10	3
43:13	HOS.5.14	3
43:14	ISA.23.13	4
43:14	ISA.44.6	4
43:14	JER.51.24	4
43:14	ISA.44.24-ISA.45.5	3
43:14	PSA.19.14	2
43:14	ISA.43.1	2
43:14	ISA.43.3-ISA.43.4	2
43:14	ISA.54.5-ISA.54.8	2
43:14	JER.50.2-JER.50.11	2
43:14	JER.50.17-JER.50.18	2
43:14	JER.50.27-JER.50.34	2
43:14	JER.51.1-JER.51.11	2
43:14	JER.51.34-JER.51.37	2
43:14	EZK.27.29-EZK.27.36	2
43:14	REV.5.9	2
43:14	REV.18.11-REV.18.21	2
43:15	PSA.74.12	4
43:15	ISA.43.1	4
43:15	ISA.48.17	4
43:15	JER.51.5	4
43:15	HAB.1.12	4
43:15	MAT.25.34	4
43:15	REV.3.7	4
43:15	ISA.30.11	3
43:15	ISA.33.22	3
43:15	ISA.40.25	3
43:15	ISA.41.14	3
43:15	ISA.41.16	3
43:15	ISA.43.3	3
43:15	ISA.43.7	3
43:15	ISA.45.11	3
43:15	ISA.43.21	2
43:16	PSA.77.19	10
43:16	ISA.43.2	10
43:16	ISA.51.10	10
43:16	JER.31.35	8
43:16	NEH.9.11	5
43:16	PSA.78.13	5
43:16	PSA.106.9	5
43:16	ISA.51.15	5
43:16	ISA.63.11-ISA.63.13	5
43:16	EXO.14.21-EXO.14.22	4
43:16	EXO.14.29	4
43:16	PSA.74.13-PSA.74.14	4
43:16	PSA.114.3-PSA.114.5	4
43:16	PSA.136.13-PSA.136.15	4
43:16	ISA.11.15-ISA.11.16	4
43:16	REV.16.12	4
43:16	EXO.14.16	3
43:16	JOS.3.13-JOS.3.16	3
43:17	EXO.14.4-EXO.14.9	4
43:17	ISA.1.31	4
43:17	PSA.76.5-PSA.76.6	3
43:17	PSA.118.12	3
43:17	EZK.38.8-EZK.38.18	3
43:17	REV.20.8-REV.20.9	3
43:17	EXO.14.23-EXO.14.28	2
43:17	EXO.15.4	2
43:17	PSA.46.8-PSA.46.9	2
43:17	ISA.14.20-ISA.14.22	2
43:17	REV.19.17-REV.19.21	2
43:18	ISA.65.17	96
43:18	2CO.3.10	53
43:18	1CH.16.12	42
43:18	DEU.8.2	40
43:18	ISA.46.9	38
43:18	JER.16.14-JER.16.15	38
43:18	DEU.7.18	32
43:18	JER.23.7-JER.23.8	22
43:19	ISA.48.6	187
43:19	ISA.42.9	161
43:19	2CO.5.17	151
43:19	REV.21.5	116
43:19	ISA.41.18	111
43:19	LUK.3.4-LUK.3.5	66
43:19	ISA.35.6-ISA.35.10	64
43:19	JER.31.22	49
43:19	PSA.78.16-PSA.78.20	42
43:19	ISA.40.3-ISA.40.4	42
43:19	EXO.17.6	41
43:19	DEU.8.15	39
43:19	ISA.48.21-ISA.48.22	39
43:19	PSA.105.41	37
43:19	NUM.20.11	35
43:20	ISA.41.17	7
43:20	ISA.48.21	5
43:20	ISA.49.10	4
43:20	ISA.13.22	3
43:20	JHN.4.14	3
43:20	1PE.2.9	3
43:20	REV.17.14	3
43:20	1CH.16.13	2
43:20	PSA.33.12	2
43:20	PSA.104.21	2
43:20	PSA.148.10	2
43:20	ISA.11.6-ISA.11.10	2
43:20	ISA.43.19	2
43:20	ISA.55.1-ISA.55.2	2
43:20	ISA.65.15	2
43:20	JER.31.9	2
43:20	JOL.3.18	2
43:20	MRK.13.20	2
43:20	JHN.4.10	2
43:20	JHN.7.37-JHN.7.39	2
43:20	REV.21.6	2
43:20	REV.22.17	2
43:21	1PE.2.9	17
43:21	HEB.13.15	15
43:21	PSA.102.18	14
43:21	1CO.6.19-1CO.6.20	14
43:21	LUK.1.74-LUK.1.75	12
43:21	1CO.10.31	11
43:21	ISA.61.3	10
43:21	ISA.60.21	8
43:21	EPH.1.5-EPH.1.12	8
43:21	COL.1.16	8
43:21	PSA.4.3	5
43:21	EPH.3.21	5
43:21	TIT.2.14	5
43:21	ISA.50.7	4
43:21	PRO.16.4	3
43:22	MIC.6.3	7
43:22	MAL.3.14	6
43:22	MAL.1.13	5
43:22	JER.10.25	3
43:22	JAS.4.2-JAS.4.3	3
43:22	JOB.21.14-JOB.21.15	2
43:22	JOB.27.9-JOB.27.10	2
43:22	PSA.14.4	2
43:22	PSA.79.6	2
43:22	ISA.64.7	2
43:22	JER.2.5	2
43:22	JER.2.11-JER.2.13	2
43:22	DAN.9.13	2
43:22	HOS.7.10-HOS.7.14	2
43:22	HOS.14.1-HOS.14.2	2
43:22	JHN.6.66-JHN.6.69	2
43:22	JER.2.31-JER.2.32	1
43:23	AMO.5.25	8
43:23	ZEC.7.5-ZEC.7.6	4
43:23	LEV.2.1	2
43:23	PRO.15.8	2
43:23	PRO.21.27	2
43:23	ISA.66.3	2
43:23	JER.7.22	2
43:23	AMO.5.21-AMO.5.22	2
43:23	MAL.1.6-MAL.1.8	2
43:23	MAL.1.13-MAL.1.14	2
43:23	MAL.3.8	2
43:23	MAT.11.30	2
43:23	ISA.1.11-ISA.1.15	1
43:24	ISA.7.13	6
43:24	JER.6.20	6
43:24	ISA.1.14	5
43:24	EZK.6.9	4
43:24	PSA.50.9-PSA.50.13	3
43:24	PSA.95.10	3
43:24	ISA.63.10	3
43:24	MAL.2.13-MAL.2.17	3
43:24	EXO.30.7	2
43:24	EXO.30.23-EXO.30.24	2
43:24	EXO.30.34	2
43:24	LEV.3.16	2
43:24	LEV.4.31	2
43:24	ISA.1.24	2
43:24	EZK.16.43	2
43:24	AMO.2.13	2
43:24	MAL.1.14	2
43:25	HEB.8.12	384
43:25	MIC.7.18-MIC.7.19	356
43:25	HEB.10.17	299
43:25	JER.31.34	289
43:25	ISA.1.18	263
43:25	ISA.44.22	260
43:25	PSA.25.7	194
43:25	PSA.79.8-PSA.79.9	172
43:25	ISA.38.17	159
43:25	ACT.3.19	148
43:25	ROM.5.20	124
43:25	ISA.43.11	112
43:25	MRK.2.7	111
43:25	PSA.25.11	110
43:25	PSA.51.9	104
43:25	JER.50.20	92
43:25	ISA.48.8-ISA.48.10	85
43:25	EZK.36.22	76
43:25	EZK.20.14	68
43:25	EZK.20.9	66
43:25	ISA.37.35	60
43:25	EZK.20.22	57
43:25	EZK.36.32	54
43:25	EPH.1.6	52
43:25	EPH.1.8	48
43:26	ISA.1.18	15
43:26	ISA.43.9	11
43:26	ROM.8.33	9
43:26	PSA.141.2	7
43:26	JER.2.21-JER.2.35	6
43:26	JOB.40.7-JOB.40.8	5
43:26	ISA.41.1	5
43:26	ROM.10.3	5
43:26	GEN.32.12	4
43:26	JOB.16.21	4
43:26	JOB.23.3-JOB.23.6	4
43:26	ISA.50.8	4
43:26	LUK.16.15	4
43:26	EZK.36.37	3
43:26	ROM.11.35	3
43:26	JOB.40.4-JOB.40.5	1
43:26	LUK.10.29	1
43:26	LUK.18.9-LUK.18.14	1
43:27	ISA.28.7	5
43:27	JER.5.31	5
43:27	LAM.4.13-LAM.4.14	4
43:27	EZK.16.3	4
43:27	EZK.22.25-EZK.22.28	4
43:27	ISA.3.12	3
43:27	ISA.56.10-ISA.56.12	3
43:27	JER.3.25	3
43:27	JER.23.11-JER.23.15	3
43:27	HOS.4.6	3
43:27	MIC.3.11	3
43:27	ZEC.1.4-ZEC.1.6	3
43:27	MAL.2.4-MAL.2.8	3
43:27	MAL.3.7	3
43:27	MAT.15.14	3
43:27	MAT.27.1	3
43:27	MAT.27.41	3
43:27	JHN.11.49-JHN.11.53	3
43:27	ACT.5.17-ACT.5.18	3
43:27	ACT.7.51	3
43:27	ROM.5.12	3
43:27	NUM.32.14	2
43:27	PSA.78.8	2
43:27	PSA.106.6-PSA.106.7	2
43:27	ISA.9.15	1
43:28	JER.24.9	6
43:28	ISA.65.15	4
43:28	ZEC.8.13	4
43:28	DEU.28.15-DEU.28.20	3
43:28	PSA.79.4	3
43:28	ISA.47.6	3
43:28	LAM.2.2	3
43:28	1TH.2.16	3
43:28	DEU.29.21-DEU.29.28	2
43:28	2SA.1.21	2
43:28	PSA.82.6-PSA.82.7	2
43:28	PSA.89.39	2
43:28	ISA.42.24-ISA.42.25	2
43:28	LAM.2.6-LAM.2.7	2
43:28	LAM.4.20	2
43:28	EZK.5.15	2
43:28	DAN.9.14	2
43:28	LUK.21.21-LUK.21.24	2
44:1	ISA.41.8	5
44:1	JER.30.10	4
44:1	ROM.11.5-ROM.11.6	4
44:1	PSA.105.6	3
44:1	JER.4.7	3
44:1	JER.46.27-JER.46.28	3
44:1	HEB.3.7-HEB.3.8	3
44:1	GEN.17.7	2
44:1	DEU.7.6-DEU.7.8	2
44:1	PSA.81.11-PSA.81.13	2
44:1	PSA.105.42-PSA.105.43	2
44:1	ISA.42.23	2
44:1	ISA.43.1	2
44:1	ISA.48.16-ISA.48.18	2
44:1	ISA.55.3	2
44:1	LUK.13.34	2
44:2	JER.1.5	200
44:2	ISA.43.1	137
44:2	ISA.46.3-ISA.46.4	103
44:2	ISA.44.24	91
44:2	ISA.43.7	88
44:2	ISA.49.1	81
44:2	EPH.1.4	74
44:2	ISA.41.10	73
44:2	EZK.16.4-EZK.16.8	70
44:2	ROM.8.30	62
44:2	PSA.71.6	57
44:2	ISA.43.21	48
44:2	1TH.1.4	44
44:2	LUK.12.32	41
44:2	ISA.44.21	40
44:2	HEB.4.16	40
44:2	PSA.46.5	33
44:2	ISA.43.5	24
44:2	EZK.20.5-EZK.20.12	24
44:2	ISA.41.14	22
44:2	DEU.33.5	21
44:2	DEU.32.15	19
44:3	JOL.2.28	1000
44:3	ACT.2.17	882
44:3	ISA.59.21	597
44:3	JHN.7.37-JHN.7.39	489
44:3	PRO.1.23	437
44:3	REV.21.6	382
44:3	ACT.2.39	317
44:3	ZEC.12.10	314
44:3	EZK.39.29	306
44:3	ISA.32.15	269
44:3	ACT.10.45	247
44:3	TIT.3.5-TIT.3.6	245
44:3	PSA.107.35	230
44:3	ISA.43.19-ISA.43.20	221
44:3	ISA.41.17	213
44:3	JOL.3.18	208
44:3	ACT.2.33	194
44:3	EZK.34.26	182
44:3	ISA.35.6-ISA.35.7	180
44:3	ISA.61.9	176
44:3	PSA.78.15-PSA.78.16	169
44:3	REV.22.17	168
44:3	ISA.48.21	165
44:3	ISA.65.23	159
44:3	PSA.63.1	157
44:3	ISA.49.10	156
44:3	ISA.32.2	149
44:3	MAT.12.43	144
44:4	ISA.58.11	11
44:4	PSA.1.3	8
44:4	PSA.92.13-PSA.92.15	7
44:4	EZK.17.5	6
44:4	PSA.137.1-PSA.137.2	4
44:4	ACT.4.4	4
44:4	ISA.61.11	3
44:4	ACT.2.41-ACT.2.47	3
44:4	ACT.5.14	3
44:4	LEV.23.40	2
44:4	JOB.40.22	2
44:5	ZEC.13.9	4
44:5	EXO.13.9	3
44:5	DEU.26.17-DEU.26.19	3
44:5	NEH.9.38-NEH.10.29	3
44:5	2CO.8.5	3
44:5	GAL.6.16	3
44:5	1PE.2.9	3
44:5	PSA.116.16	2
44:5	MIC.4.2	2
44:5	ZEC.8.20-ZEC.8.23	2
44:5	JER.50.5	1
44:6	ISA.41.4	74
44:6	ISA.43.10-ISA.43.11	69
44:6	REV.1.8	67
44:6	REV.22.13	56
44:6	ISA.44.8	52
44:6	ISA.45.5-ISA.45.6	49
44:6	ISA.48.17	45
44:6	ISA.48.12	42
44:6	DEU.32.39	39
44:6	ISA.42.8	37
44:6	ISA.44.24	36
44:6	DEU.6.4	33
44:6	ISA.45.21-ISA.45.22	33
44:6	DEU.4.39	31
44:6	ISA.43.1	31
44:6	ISA.37.16	28
44:6	DEU.4.35	27
44:6	ISA.33.22	26
44:6	ISA.43.14-ISA.43.15	25
44:6	ISA.41.14	24
44:6	ISA.54.5	22
44:6	REV.1.17-REV.1.18	22
44:6	REV.2.8	22
44:6	MAT.25.34	21
44:6	ISA.59.20	20
44:6	JER.50.34	20
44:6	MAL.1.14	20
44:6	ISA.37.20	19
44:6	MAT.27.37	19
44:6	ISA.41.21	17
44:6	1TI.3.16	16
44:6	REV.1.11	9
44:7	ISA.41.26	7
44:7	ISA.41.22	5
44:7	ISA.46.9-ISA.46.10	5
44:7	ISA.45.21	4
44:7	GEN.17.7-GEN.17.8	2
44:7	DEU.32.8	2
44:7	ISA.41.4	2
44:7	ISA.43.9	2
44:7	ISA.43.12	2
44:7	ISA.48.3-ISA.48.8	2
44:7	ACT.17.26	2
44:8	ISA.43.10	20
44:8	1SA.2.2	18
44:8	DEU.4.35	14
44:8	DEU.4.39	12
44:8	JHN.10.30	11
44:8	PSA.18.31	10
44:8	DEU.32.39	9
44:8	2SA.22.32	9
44:8	ISA.44.6	9
44:8	JOL.2.27	9
44:8	JHN.1.1	9
44:8	ISA.45.5-ISA.45.6	8
44:8	ISA.46.9	8
44:8	ISA.44.2	7
44:8	GEN.15.13-GEN.15.21	6
44:8	JER.30.10-JER.30.11	6
44:8	DAN.2.28	6
44:8	DAN.4.25	6
44:8	DAN.5.23-DAN.5.30	6
44:8	DAN.6.22	6
44:8	ACT.17.23-ACT.17.31	6
44:8	GEN.28.13-GEN.28.15	5
44:8	GEN.46.3	5
44:8	GEN.48.19	5
44:8	GEN.49.1-GEN.49.28	5
44:8	LEV.26.1-LEV.26.46	5
44:8	DEU.4.25-DEU.4.31	5
44:8	DEU.28.1-DEU.28.68	5
44:8	DEU.32.4	5
44:8	DEU.32.31	5
44:8	EZR.1.2	5
44:8	EZR.8.22	5
44:8	PRO.3.25-PRO.3.26	5
44:8	ISA.30.29	5
44:8	ISA.41.10-ISA.41.14	5
44:8	ISA.42.9	5
44:8	ISA.43.12	5
44:8	ISA.48.5	5
44:8	JER.10.7	5
44:8	DAN.2.47	5
44:8	DAN.3.16-DAN.3.28	5
44:8	JHN.6.10	4
44:8	ACT.1.8	4
44:8	ACT.14.15	4
44:8	HEB.12.1	4
44:8	1JN.1.2	4
44:9	ISA.41.24	6
44:9	JER.10.14-JER.10.15	6
44:9	PSA.97.7	5
44:9	ISA.41.29	5
44:9	HAB.2.18-HAB.2.20	5
44:9	1KI.18.26-1KI.18.40	4
44:9	PSA.115.8	4
44:9	PSA.135.18	4
44:9	ISA.2.20-ISA.2.21	4
44:9	ISA.37.18-ISA.37.20	4
44:9	ISA.42.18	4
44:9	ISA.43.8	4
44:9	ISA.44.18	4
44:9	ISA.44.20	4
44:9	ISA.45.20	4
44:9	ISA.46.1-ISA.46.2	4
44:9	ISA.46.6-ISA.46.7	4
44:9	JER.2.11	4
44:9	JER.2.27-JER.2.28	4
44:9	JER.10.3-JER.10.8	4
44:9	JER.14.22	4
44:9	JER.16.19-JER.16.20	4
44:9	DAN.5.23	4
44:9	DAN.11.38	4
44:9	HOS.8.4-HOS.8.6	4
44:9	ROM.1.22	4
44:9	1CO.8.4	4
44:9	2CO.4.4	4
44:9	EPH.5.8	4
44:9	DEU.27.15	3
44:9	JDG.10.14	3
44:9	EPH.4.18	3
44:10	JER.10.5	6
44:10	HAB.2.18	5
44:10	ACT.19.26	4
44:10	1KI.12.28	2
44:10	ISA.41.29	2
44:10	DAN.3.1	2
44:10	DAN.3.14	2
44:10	1CO.8.4	2
44:11	ISA.42.17	5
44:11	ISA.45.16	4
44:11	PSA.97.7	3
44:11	ISA.1.29	3
44:11	JDG.6.29-JDG.6.32	2
44:11	JDG.16.23-JDG.16.30	2
44:11	1SA.5.3-1SA.5.7	2
44:11	1SA.6.4-1SA.6.5	2
44:11	1KI.18.19-1KI.18.29	2
44:11	1KI.18.40	2
44:11	ISA.41.5-ISA.41.7	2
44:11	JER.2.26-JER.2.27	2
44:11	JER.10.14	2
44:11	JER.51.17	2
44:11	DAN.3.1-DAN.3.7	2
44:11	DAN.5.1-DAN.5.6	2
44:11	ACT.19.24-ACT.19.34	2
44:11	REV.19.19-REV.19.21	2
44:12	ISA.40.19	4
44:12	ISA.41.6-ISA.41.7	4
44:12	ISA.46.6-ISA.46.7	3
44:12	EXO.32.4	2
44:12	EXO.32.8	2
44:12	JER.10.3-JER.10.11	2
44:12	HAB.2.13	2
44:13	JDG.17.4-JDG.17.5	5
44:13	DEU.4.16-DEU.4.18	3
44:13	PSA.115.5-PSA.115.7	3
44:13	ACT.17.29	3
44:13	ROM.1.23	3
44:13	GEN.31.19	2
44:13	GEN.31.30	2
44:13	GEN.31.32	2
44:13	GEN.35.2	2
44:13	EXO.20.4-EXO.20.5	2
44:13	DEU.4.28	2
44:13	DEU.27.15	2
44:13	JDG.18.24	2
44:13	ISA.41.7	2
44:13	EZK.8.12	2
44:14	ISA.40.20	3
44:14	JER.10.3-JER.10.8	2
44:14	HOS.4.12	2
44:14	HAB.2.19	2
44:15	2CH.25.14	4
44:15	JDG.2.19	2
44:15	ISA.44.10	2
44:15	ISA.45.20	2
44:15	REV.9.20	2
44:17	ISA.45.20	3
44:17	1KI.18.26	2
44:17	ISA.36.19-ISA.36.20	2
44:17	ISA.37.38	2
44:17	DAN.3.17	2
44:17	DAN.3.29	2
44:17	DAN.6.16	2
44:17	DAN.6.20-DAN.6.22	2
44:17	DAN.6.27	2
44:18	ISA.6.9-ISA.6.10	187
44:18	2CO.4.3-2CO.4.4	182
44:18	JHN.12.39-JHN.12.40	153
44:18	2TH.2.9-2TH.2.12	137
44:18	JER.5.21	132
44:18	PSA.81.12	102
44:18	PRO.2.5-PRO.2.9	86
44:18	MAT.13.14-MAT.13.15	82
44:18	JHN.5.44	76
44:18	ROM.1.21-ROM.1.23	76
44:18	JHN.8.43	75
44:18	ISA.29.10	65
44:18	ROM.1.28	61
44:18	DAN.12.10	60
44:18	ROM.11.8-ROM.11.10	58
44:18	PRO.28.5	53
44:18	ISA.1.3	51
44:18	ISA.44.20	45
44:18	JER.10.14	45
44:18	ISA.45.20	43
44:18	ACT.14.16	43
44:18	ISA.56.11	41
44:18	JER.10.8	41
44:18	HOS.14.9	41
44:18	MAT.12.34	41
44:18	PSA.92.6	40
44:18	ISA.44.9	39
44:18	ISA.46.7-ISA.46.8	38
44:18	2PE.2.14	34
44:19	DEU.27.15	9
44:19	1KI.11.5	5
44:19	1KI.11.7	5
44:19	EXO.7.23	4
44:19	DEU.32.46	4
44:19	2KI.23.13	4
44:19	ISA.5.13	4
44:19	ISA.45.20	4
44:19	EZK.40.4	4
44:19	HOS.7.2	4
44:19	ISA.46.8	3
44:19	HAG.1.5	3
44:20	JOB.15.31	5
44:20	PSA.102.9	5
44:20	HOS.12.1	5
44:20	ROM.1.28	5
44:20	HOS.4.12	4
44:20	ROM.1.25	4
44:20	2TI.2.13	4
44:20	1KI.22.20-1KI.22.23	3
44:20	JOB.15.2	3
44:20	PRO.15.14	3
44:20	ISA.28.15-ISA.28.17	3
44:20	ISA.59.3-ISA.59.4	3
44:20	ISA.59.13	3
44:20	JER.16.19	3
44:20	HAB.2.18	3
44:20	LUK.15.16	3
44:20	ROM.1.20-ROM.1.22	3
44:20	2TH.2.9-2TH.2.11	3
44:20	1TI.4.2	3
44:20	2TI.3.13	3
44:20	REV.12.9	3
44:20	REV.13.14	3
44:20	REV.18.23	3
44:20	REV.20.3	3
44:21	ISA.44.1-ISA.44.2	11
44:21	ISA.49.15-ISA.49.16	10
44:21	DEU.4.23	4
44:21	ISA.43.1	4
44:21	ISA.43.15	4
44:21	ISA.46.8-ISA.46.9	4
44:21	DEU.31.19-DEU.31.21	3
44:21	DEU.32.18	3
44:21	ISA.41.8-ISA.41.9	3
44:21	ISA.42.23	3
44:21	ISA.43.7	3
44:21	ZEC.10.9	3
44:21	ROM.11.28-ROM.11.29	3
44:21	DEU.4.9	2
44:22	ISA.43.25	29
44:22	1CO.6.20	20
44:22	ACT.3.18-ACT.3.19	17
44:22	ISA.43.1	16
44:22	1PE.1.18-1PE.1.19	15
44:22	PSA.103.12	14
44:22	ISA.55.7	10
44:22	JER.33.8	8
44:22	TIT.2.12-TIT.2.14	8
44:22	PSA.51.1	5
44:22	PSA.51.9	5
44:22	ISA.48.20	5
44:22	JER.3.12-JER.3.14	5
44:22	ISA.1.27	4
44:22	ISA.59.20-ISA.59.21	4
44:22	HOS.14.1-HOS.14.4	4
44:22	NEH.4.5	3
44:22	JOB.37.11	3
44:22	PSA.109.14	3
44:22	ISA.1.18	3
44:22	ISA.51.11	3
44:22	LAM.3.42-LAM.3.44	3
44:22	LUK.1.73-LUK.1.74	3
44:22	JER.3.1	2
44:22	JER.18.23	0
44:23	EPH.1.6-EPH.1.7	10
44:23	REV.5.8-REV.5.14	7
44:23	PSA.69.34	5
44:23	PSA.96.11-PSA.96.12	4
44:23	PSA.98.7-PSA.98.8	4
44:23	ISA.49.3	4
44:23	JER.51.48	4
44:23	REV.19.1-REV.19.6	4
44:23	ISA.49.13	3
44:23	ISA.55.12-ISA.55.13	3
44:23	PSA.148.7	2
44:23	ISA.26.15	2
44:23	ISA.42.10-ISA.42.12	2
44:23	ISA.60.21	2
44:23	ISA.61.3	2
44:23	EZK.36.1	2
44:23	EZK.36.8	2
44:23	LUK.2.10-LUK.2.14	2
44:23	EPH.3.21	2
44:23	2TH.1.10-2TH.1.12	2
44:23	1PE.4.11	2
44:23	REV.12.12	2
44:23	REV.18.20	2
44:23	EZK.39.13	1
44:24	ISA.42.5	17
44:24	ISA.45.12	17
44:24	ISA.54.5	15
44:24	ISA.45.18	13
44:24	ISA.44.2	10
44:24	JOB.9.8	9
44:24	ISA.43.14	9
44:24	ISA.51.13	9
44:24	REV.5.9	9
44:24	ISA.40.22	8
44:24	JOB.26.7	7
44:24	ISA.43.1	7
44:24	ISA.44.6	7
44:24	ISA.48.13	7
44:24	JER.51.15	7
44:24	JHN.1.3	7
44:24	EPH.3.9	7
44:24	COL.1.16-COL.1.17	7
44:24	HEB.1.2	7
44:24	HEB.1.10-HEB.1.12	7
44:24	PSA.104.2	6
44:24	GAL.1.15	6
44:24	ISA.49.1	5
44:24	ISA.63.16	5
44:24	JER.50.34	5
44:24	PSA.71.6	4
44:24	PSA.78.35	4
44:24	PSA.139.13-PSA.139.16	4
44:24	ISA.43.7	4
44:24	ISA.59.20	4
44:24	ISA.60.16	4
44:24	JOB.31.15	3
44:24	ISA.46.3-ISA.46.4	3
44:24	ISA.48.17	3
44:24	ISA.49.7	3
44:24	ISA.49.26	3
44:24	ISA.54.8	3
44:25	PSA.33.10	16
44:25	JOB.5.12-JOB.5.14	15
44:25	2SA.15.31	12
44:25	JER.50.36	11
44:25	ISA.47.12-ISA.47.14	7
44:25	JER.51.57	7
44:25	1CO.1.20-1CO.1.27	7
44:25	ISA.29.14	6
44:25	ISA.19.11-ISA.19.14	5
44:25	JER.27.9-JER.27.10	5
44:25	DAN.5.6-DAN.5.8	5
44:25	1CO.3.19-1CO.3.20	5
44:25	2CH.18.11	4
44:25	2CH.18.34	4
44:25	JER.28.9-JER.28.17	4
44:25	JER.49.7	4
44:25	DAN.1.20	4
44:25	DAN.2.10-DAN.2.12	4
44:25	DAN.4.7	4
44:25	EXO.9.11	3
44:25	2SA.16.23	3
44:25	2SA.17.23	3
44:25	1KI.22.11-1KI.22.12	3
44:25	1KI.22.22-1KI.22.25	3
44:25	1KI.22.37	2
44:26	1KI.18.36-1KI.18.38	8
44:26	ISA.42.9	8
44:26	ACT.2.25-ACT.2.28	6
44:26	2PE.1.19-2PE.1.21	6
44:26	NEH.1.3	5
44:26	ISA.60.10	5
44:26	JER.30.18	5
44:26	JER.33.7	5
44:26	DAN.9.25	5
44:26	EZR.2.70	4
44:26	ISA.54.11-ISA.54.12	4
44:26	EZK.38.17	4
44:26	AMO.9.14	4
44:26	ZEC.1.6	4
44:26	EXO.11.4-EXO.11.6	3
44:26	EXO.12.29-EXO.12.30	3
44:26	1KI.13.3-1KI.13.5	3
44:26	NEH.2.3	3
44:26	PSA.102.13-PSA.102.16	3
44:26	PSA.147.2	3
44:26	ISA.54.3	3
44:26	ISA.58.12	3
44:26	JER.31.4	3
44:26	JER.31.38-JER.31.40	3
44:26	JER.32.15	3
44:26	JER.32.44	3
44:26	EZK.36.10	3
44:26	EZK.36.33-EZK.36.36	3
44:26	ZEC.2.4	3
44:26	ZEC.12.6	3
44:26	ZEC.14.10-ZEC.14.11	3
44:26	MAT.5.18	3
44:26	MAT.26.56	3
44:26	LUK.24.44	3
44:26	NEH.3.1-NEH.3.32	2
44:26	ISA.61.4	2
44:27	ISA.42.15	3
44:27	JER.50.38	3
44:27	JER.51.36	3
44:27	PSA.74.15	2
44:27	ISA.11.15-ISA.11.16	2
44:27	ISA.43.16	2
44:27	ISA.51.15	2
44:27	JER.51.32	2
44:27	REV.16.12	2
44:28	2CH.36.22-EZR.1.3	13
44:28	ISA.45.1	9
44:28	EZR.6.3-EZR.6.18	8
44:28	DAN.10.1	8
44:28	ISA.45.13	7
44:28	ISA.46.11	5
44:28	ISA.63.11	5
44:28	PSA.78.71-PSA.78.72	4
44:28	ISA.45.3	3
44:28	ISA.48.14-ISA.48.15	3
44:28	ISA.42.15	1
45:1	JER.51.20-JER.51.24	14
45:1	ISA.42.6	11
45:1	ISA.44.28	11
45:1	PSA.73.23	9
45:1	ISA.41.13	8
45:1	EZR.1.1	7
45:1	ISA.45.5	6
45:1	JER.50.35	6
45:1	JER.51.11	6
45:1	JOB.12.21	4
45:1	ISA.13.3	4
45:1	DAN.5.6	4
45:1	DAN.7.5	4
45:1	NAM.2.6	4
45:1	1KI.19.15	3
45:1	ISA.41.2	3
45:1	JER.27.6	3
45:1	EZK.30.21-EZK.30.24	3
45:1	ISA.41.25	2
45:1	JER.50.3	2
45:1	DAN.5.28-DAN.5.30	2
45:1	DAN.8.3	2
45:2	ISA.40.4	41
45:2	ISA.42.16	38
45:2	LUK.3.5	36
45:2	PSA.107.16	34
45:2	JER.51.30	17
45:2	ISA.13.4-ISA.13.17	10
45:2	ACT.1.15	3
45:3	ISA.48.15	24
45:3	ISA.43.1	20
45:3	EXO.33.17	19
45:3	EXO.33.12	18
45:3	EZR.1.2	15
45:3	JER.50.37	10
45:3	JER.51.53	10
45:3	ISA.49.1	9
45:3	EZK.29.19-EZK.29.20	8
45:3	JER.27.5-JER.27.7	7
45:3	JER.41.8	7
45:3	ISA.41.23	6
45:4	ISA.41.8-ISA.41.9	5
45:4	EXO.19.5-EXO.19.6	3
45:4	ISA.44.1	3
45:4	ACT.17.23	3
45:4	ROM.11.7	3
45:4	ISA.43.14	2
45:4	ISA.44.28-ISA.45.1	2
45:4	JER.50.17-JER.50.20	2
45:4	MAT.24.22	2
45:4	MRK.13.20	2
45:4	ROM.9.6	2
45:4	GAL.4.8-GAL.4.9	2
45:4	ISA.43.3-ISA.43.4	1
45:4	EPH.2.12	1
45:4	1TH.4.5	1
45:5	ISA.44.6	24
45:5	ISA.44.8	24
45:5	ISA.46.9	22
45:5	JOL.2.27	20
45:5	1KI.8.60	18
45:5	ISA.45.21-ISA.45.22	16
45:5	DEU.4.35	14
45:5	DEU.32.39	14
45:5	ISA.45.14-ISA.45.18	12
45:5	DEU.4.39	11
45:5	JOB.12.21	9
45:5	PSA.18.39	7
45:5	EZR.1.2	6
45:5	PSA.18.32	6
45:5	JHN.1.1	6
45:5	JOB.12.18	4
45:5	ISA.22.21	4
45:5	HEB.1.8-HEB.1.9	3
45:6	ISA.37.20	5
45:6	ISA.45.5	5
45:6	MAL.1.11	5
45:6	PSA.46.10	4
45:6	PSA.83.18	3
45:6	EZK.38.23	3
45:6	1SA.17.46-1SA.17.47	2
45:6	PSA.102.15-PSA.102.16	2
45:6	EZK.39.21	1
45:7	ECC.7.13-ECC.7.14	45
45:7	AMO.3.6	44
45:7	PSA.75.7	33
45:7	JOB.2.10	26
45:7	ISA.31.2	25
45:7	AMO.4.13	23
45:7	JER.13.16	18
45:7	JER.31.35	17
45:7	JER.51.20	16
45:7	NAM.1.8	16
45:7	AMO.5.6	14
45:7	PSA.104.20-PSA.104.23	12
45:7	EZK.32.8	11
45:7	ACT.4.28	11
45:7	EXO.10.21-EXO.10.23	9
45:7	JER.18.7-JER.18.10	9
45:7	EZK.14.15-EZK.14.21	9
45:7	JOB.34.29	8
45:7	PSA.8.3	8
45:7	PSA.29.11	8
45:7	ISA.10.5-ISA.10.6	8
45:7	JOL.2.2	7
45:7	GEN.1.17-GEN.1.18	6
45:7	EXO.14.20	6
45:7	2CO.4.6	6
45:7	JUD.1.6	6
45:7	JUD.1.13	6
45:7	GEN.1.3-GEN.1.5	4
45:7	JAS.1.17	4
45:8	HOS.10.12	14
45:8	ISA.61.11	13
45:8	PSA.72.6	9
45:8	1CO.3.6-1CO.3.9	8
45:8	ISA.44.3	7
45:8	TIT.3.3-TIT.3.6	7
45:8	JOL.3.18	6
45:8	PSA.85.9-PSA.85.12	5
45:8	ISA.4.2	5
45:8	ISA.11.1	5
45:8	ISA.32.15	5
45:8	PSA.72.3	4
45:8	ISA.53.2	4
45:8	ISA.60.21	4
45:8	ISA.65.17-ISA.65.18	4
45:8	HOS.14.5-HOS.14.8	4
45:8	JOL.2.28-JOL.2.29	4
45:8	ISA.61.3	3
45:8	ISA.66.22	3
45:8	JER.31.22	3
45:8	EZK.34.26	3
45:8	ACT.2.33	3
45:8	EPH.2.10	3
45:8	EPH.4.24	3
45:9	ISA.64.8	14
45:9	ROM.9.20-ROM.9.21	14
45:9	ISA.10.15	8
45:9	ISA.29.16	7
45:9	JER.18.6	7
45:9	PRO.21.30	6
45:9	JOB.40.8-JOB.40.9	5
45:9	PSA.2.2-PSA.2.9	5
45:9	EXO.9.16-EXO.9.17	4
45:9	JOB.15.24-JOB.15.26	4
45:9	JER.50.24	4
45:9	1CO.10.22	4
45:10	DEU.27.16	3
45:10	MAL.1.6	3
45:10	HEB.12.9	2
45:11	JER.33.3	10
45:11	ISA.48.17	9
45:11	EZK.36.37	9
45:11	MRK.11.24	9
45:11	ISA.29.23	6
45:11	EPH.2.10	6
45:11	JOS.10.12	5
45:11	ISA.43.21	5
45:11	ISA.60.21	5
45:11	HOS.1.10	5
45:11	GEN.32.26	4
45:11	ISA.43.3	4
45:11	ISA.43.7	4
45:11	ISA.43.15	4
45:11	ISA.64.8	4
45:11	JER.31.9	4
45:11	HOS.12.4	4
45:11	ISA.19.25	3
45:11	JER.3.19	3
45:11	EZK.39.7	3
45:11	DAN.2.18	3
45:11	DAN.9.2-DAN.9.3	3
45:11	ROM.9.4-ROM.9.8	3
45:11	2CO.6.18	3
45:11	GAL.3.26-GAL.3.29	3
45:11	JDG.16.23	2
45:11	JER.31.1	2
45:11	DAN.9.24-DAN.9.27	2
45:12	ISA.42.5	10
45:12	ISA.44.24	10
45:12	JER.27.5	10
45:12	GEN.2.1	9
45:12	NEH.9.6	9
45:12	ISA.45.18	8
45:12	JER.32.17	8
45:12	ISA.40.28	6
45:12	HEB.11.3	6
45:12	ZEC.12.1	5
45:12	GEN.1.26-GEN.1.27	4
45:12	PSA.102.25	4
45:12	ISA.40.12	4
45:12	ISA.40.22	4
45:13	ISA.41.2	5
45:13	2CH.36.22-2CH.36.23	4
45:13	ISA.13.17	4
45:13	ISA.41.25	4
45:13	ISA.49.25	4
45:13	ISA.42.6	3
45:13	ISA.46.11	3
45:13	EZR.1.3	2
45:13	PSA.65.5	2
45:13	ISA.44.28-ISA.45.6	2
45:13	ISA.48.14-ISA.48.15	2
45:13	ISA.52.2-ISA.52.3	2
45:13	ISA.52.5	2
45:13	1PE.1.18-1PE.1.19	2
45:13	ROM.3.24-ROM.3.26	0
45:14	ISA.49.23	12
45:14	JER.16.19	7
45:14	1CO.14.25	7
45:14	ISA.61.5-ISA.61.6	6
45:14	ACT.10.25-ACT.10.26	6
45:14	ZEC.8.20-ZEC.8.23	5
45:14	EXO.11.8	4
45:14	PSA.149.8	4
45:14	ISA.10.33	4
45:14	ISA.18.7	4
45:14	ISA.23.18	4
45:14	ISA.43.3	4
45:14	EZK.23.42	4
45:14	JOL.3.8	4
45:14	REV.3.9	4
45:14	NUM.13.32	3
45:14	2SA.21.20	3
45:14	EST.8.17	3
45:14	JOB.1.15	3
45:14	PSA.68.30-PSA.68.31	3
45:14	PSA.72.10-PSA.72.15	3
45:14	PSA.149.6	3
45:14	ISA.14.1-ISA.14.2	3
45:14	ISA.19.23-ISA.19.25	3
45:14	ISA.44.8	3
45:14	ISA.45.5-ISA.45.6	3
45:14	ISA.45.24	3
45:14	ISA.60.5-ISA.60.16	3
45:14	ISA.61.9	3
45:14	ISA.66.19-ISA.66.20	3
45:14	EZK.31.3	3
45:14	1CO.8.4-1CO.8.6	3
45:14	1TH.1.9	3
45:15	ISA.8.17	8
45:15	PSA.44.24	7
45:15	ISA.57.17	6
45:15	PSA.77.19	4
45:15	ISA.46.13	4
45:15	ROM.11.33-ROM.11.34	3
45:15	ISA.45.17	1
45:15	JHN.4.22	1
45:15	PSA.68.26	0
45:15	ISA.12.2	0
45:15	ISA.43.3	0
45:15	ISA.43.11	0
45:16	ISA.42.17	5
45:16	ISA.44.9	5
45:16	ISA.44.11	5
45:16	PSA.97.7	2
45:16	ISA.41.19	2
45:16	ISA.45.20	2
45:16	JER.2.26-JER.2.27	2
45:16	JER.10.14-JER.10.15	2
45:17	ROM.10.11	329
45:17	PSA.25.3	267
45:17	ISA.54.4	235
45:17	1PE.2.6	220
45:17	JOL.2.26-JOL.2.27	205
45:17	ISA.49.23	184
45:17	ROM.9.33	178
45:17	ISA.26.4	121
45:17	PSA.103.17	85
45:17	JER.31.3	82
45:17	1JN.4.15	78
45:17	JHN.5.24	74
45:17	ROM.8.1	72
45:17	ISA.60.19	67
45:17	HEB.5.9	66
45:17	JHN.10.28	61
45:17	2TH.2.16	61
45:17	ROM.11.26	60
45:17	ISA.29.22	59
45:17	JHN.6.40	58
45:17	ISA.54.8	57
45:17	ISA.45.25	56
45:17	PHP.3.8-PHP.3.9	53
45:17	1JN.5.11-1JN.5.13	50
45:17	ZEP.3.11	47
45:17	1CO.1.30-1CO.1.31	47
45:17	ISA.51.8	46
45:17	HOS.1.7	42
45:17	ISA.51.6	41
45:17	2TH.2.13-2TH.2.14	40
45:17	2CO.5.17-2CO.5.21	39
45:17	ROM.2.28-ROM.2.29	37
45:18	PSA.115.16	20
45:18	JER.10.12	14
45:18	ISA.42.5	12
45:18	ISA.45.12	11
45:18	GEN.1.2	10
45:18	EZK.36.10-EZK.36.12	8
45:18	GEN.1.26	7
45:18	GEN.1.28	5
45:18	GEN.9.1	5
45:18	ISA.45.5-ISA.45.6	4
45:18	JER.51.15	4
45:19	ISA.48.16	19
45:19	NUM.23.19-NUM.23.20	15
45:19	AMO.5.4	15
45:19	JER.29.13-JER.29.14	13
45:19	PRO.30.5	7
45:19	JHN.18.20	6
45:19	PSA.9.10	5
45:19	PSA.69.32	4
45:19	PSA.111.7-PSA.111.8	4
45:19	PRO.15.8	4
45:19	MAL.3.13-MAL.3.14	4
45:19	JAS.4.3	4
45:19	DEU.29.29	3
45:19	1CH.28.8	3
45:19	PSA.19.7-PSA.19.10	3
45:19	PSA.69.13	3
45:19	PSA.119.137-PSA.119.138	3
45:19	PRO.8.1-PRO.8.4	3
45:19	ISA.1.15	3
45:19	ISA.8.19	3
45:19	DEU.30.11-DEU.30.14	2
45:19	DEU.32.4	2
45:19	2CH.15.2	2
45:19	EZR.8.22	2
45:19	PSA.12.6	2
45:19	PSA.24.6	2
45:19	PRO.1.21	2
45:19	ISA.58.1-ISA.58.3	2
45:19	ISA.63.1	2
45:19	MAT.15.8-MAT.15.9	2
45:19	JHN.7.26	2
45:19	JHN.7.28	2
45:19	JHN.7.37-JHN.7.39	2
45:19	ACT.2.4-ACT.2.8	2
45:19	PRO.8.6	1
45:19	ISA.43.9-ISA.43.10	1
45:19	ISA.45.23	1
45:19	ISA.55.6-ISA.55.7	1
45:20	ISA.43.9	5
45:20	ISA.44.17-ISA.44.20	5
45:20	JER.10.5	5
45:20	ISA.4.2	4
45:20	ISA.46.1	4
45:20	PSA.115.8	3
45:20	1KI.18.26-1KI.18.29	2
45:20	ISA.41.5-ISA.41.6	2
45:20	ISA.41.21	2
45:20	ISA.42.17-ISA.42.18	2
45:20	ISA.46.6-ISA.46.7	2
45:20	ISA.48.5-ISA.48.7	2
45:20	JER.2.27-JER.2.28	2
45:20	JER.10.8	2
45:20	JER.10.14	2
45:20	JER.25.15-JER.25.29	2
45:20	JER.50.28	2
45:20	JER.51.6-JER.51.9	2
45:20	JER.51.17-JER.51.18	2
45:20	HAB.2.18-HAB.2.20	2
45:20	ROM.1.21-ROM.1.23	2
45:20	EPH.2.12	2
45:20	EPH.2.16	2
45:20	REV.18.3-REV.18.18	2
45:21	ISA.45.5	10
45:21	ISA.43.11	7
45:21	ISA.46.9-ISA.46.10	7
45:21	ISA.43.9	6
45:21	ISA.44.7-ISA.44.8	6
45:21	TIT.2.13-TIT.2.14	6
45:21	ISA.43.3	5
45:21	ISA.45.14	5
45:21	ISA.45.18	5
45:21	ISA.45.25	5
45:21	ISA.41.1-ISA.41.4	4
45:21	ISA.41.22-ISA.41.23	4
45:21	ISA.48.14	4
45:21	JER.23.5-JER.23.6	4
45:21	JOL.3.9-JOL.3.12	4
45:21	ZEP.3.17	4
45:21	ROM.3.25-ROM.3.26	4
45:21	PSA.26.7	3
45:21	PSA.71.17-PSA.71.18	3
45:21	PSA.96.10	3
45:21	ISA.41.26	3
45:21	ISA.48.3	3
45:21	ISA.63.1	3
45:21	JER.50.2	2
45:21	ZEC.9.9	2
45:21	ZEP.3.5	1
45:22	JHN.6.40	33
45:22	MIC.7.7	22
45:22	HEB.12.2	18
45:22	NUM.21.8-NUM.21.9	17
45:22	ZEC.12.10	16
45:22	JHN.3.13-JHN.3.16	14
45:22	2CH.20.12	12
45:22	ISA.45.21	11
45:22	ISA.49.6	9
45:22	JHN.10.28-JHN.10.30	9
45:22	PSA.65.5	8
45:22	TIT.2.13	8
45:22	PSA.22.17	5
45:22	2PE.1.1	5
45:22	ISA.49.12	3
45:23	PHP.2.10	29
45:23	ROM.14.10-ROM.14.12	20
45:23	ISA.55.11	15
45:23	HEB.6.13-HEB.6.18	10
45:23	DEU.6.13	7
45:23	PSA.63.11	6
45:23	ISA.45.19	6
45:23	ISA.65.16	6
45:23	PSA.132.2	5
45:23	ISA.44.3-ISA.44.5	5
45:23	GEN.22.15-GEN.22.18	4
45:23	GEN.31.53	4
45:23	NUM.23.19	4
45:23	2CH.15.14-2CH.15.15	4
45:23	NEH.10.29	4
45:23	ISA.19.18-ISA.19.21	4
45:23	JER.49.13	4
45:23	ROM.11.4	4
45:23	JER.22.5	3
45:23	AMO.6.8	1
45:24	ISA.41.11	9
45:24	ISA.54.17	5
45:24	PHP.4.13	5
45:24	JHN.12.32	4
45:24	EPH.6.10	4
45:24	2TI.4.17-2TI.4.18	4
45:24	GEN.49.10	3
45:24	PSA.2.1-PSA.2.12	3
45:24	PSA.21.8-PSA.21.9	3
45:24	PSA.72.9	3
45:24	PSA.110.2	3
45:24	ISA.26.4	3
45:24	ISA.44.8	3
45:24	ISA.45.25	3
45:24	ISA.55.5	3
45:24	ISA.60.9	3
45:24	ISA.61.10	3
45:24	JER.23.5-JER.23.6	3
45:24	JER.33.16	3
45:24	ZEC.10.6	3
45:24	ZEC.10.12	3
45:24	MAT.11.27-MAT.11.28	3
45:24	LUK.13.17	3
45:24	LUK.19.27	3
45:24	JHN.7.37	3
45:24	1CO.1.30	3
45:24	2CO.5.21	3
45:24	2CO.12.9-2CO.12.10	3
45:24	EPH.3.16	3
45:24	COL.1.11	3
45:24	2PE.1.1	3
45:24	REV.11.18	3
45:24	REV.22.17	3
45:25	ISA.41.16	4
45:25	1CO.6.11	3
45:25	GAL.3.27-GAL.3.29	3
45:25	1CH.16.13	2
45:25	PSA.22.23	2
45:25	PSA.64.10	2
45:25	ISA.45.17	2
45:25	ISA.45.19	2
45:25	ISA.45.24	2
45:25	ISA.61.9	2
45:25	ISA.65.9	2
45:25	ISA.65.23	2
45:25	JER.9.23-JER.9.24	2
45:25	ACT.13.39	2
45:25	ROM.3.24-ROM.3.25	2
45:25	ROM.4.16	2
45:25	ROM.5.1	2
45:25	ROM.5.18-ROM.5.19	2
45:25	ROM.8.1	2
45:25	ROM.8.30	2
45:25	ROM.8.33-ROM.8.34	2
45:25	ROM.9.6-ROM.9.8	2
45:25	1CO.1.31	2
45:25	2CO.5.21	1
45:25	2CO.10.17	1
45:25	GAL.6.14	1
45:25	PHP.3.3	1
46:1	ISA.21.9	6
46:1	JER.51.44	6
46:1	JER.50.2	5
46:1	EXO.12.12	3
46:1	1SA.5.3	3
46:1	ISA.2.20	3
46:1	ISA.41.6-ISA.41.7	3
46:1	JER.10.5	3
46:1	JER.48.1-JER.48.25	3
46:1	JER.51.47	3
46:1	JER.51.52	3
46:2	JER.48.7	5
46:2	JDG.18.17-JDG.18.18	4
46:2	JDG.18.24	3
46:2	2SA.5.21	3
46:2	JER.43.12-JER.43.13	3
46:2	ISA.36.18-ISA.36.19	2
46:2	ISA.37.12	2
46:2	ISA.37.19	2
46:2	ISA.44.17	2
46:2	ISA.45.20	2
46:2	HOS.10.5-HOS.10.6	2
46:3	DEU.1.31	12
46:3	ISA.51.7	8
46:3	PSA.71.6	7
46:3	ISA.51.1	7
46:3	EXO.19.4	6
46:3	DEU.32.11-DEU.32.12	6
46:3	PSA.22.9-PSA.22.10	6
46:3	ISA.1.9	6
46:3	ISA.10.22	6
46:3	ISA.44.1-ISA.44.2	6
46:3	ISA.48.1	6
46:3	ISA.49.1-ISA.49.2	6
46:3	PSA.81.8-PSA.81.13	5
46:3	ISA.11.11	5
46:3	ISA.37.4	5
46:3	ISA.46.12	5
46:3	ISA.44.21	4
46:3	ISA.48.17-ISA.48.18	4
46:3	EZK.16.6-EZK.16.16	4
46:3	ISA.63.9	3
46:4	PSA.71.18	69
46:4	PSA.48.14	49
46:4	PSA.92.14	40
46:4	HEB.13.8	38
46:4	JAS.1.17	32
46:4	PSA.102.26-PSA.102.27	26
46:4	ROM.11.29	23
46:4	HEB.1.12	21
46:4	ISA.41.4	20
46:4	MAL.3.6	18
46:4	ISA.43.25	17
46:4	ISA.43.13	14
46:4	MAL.2.16	12
46:5	ISA.40.18	10
46:5	ISA.40.25	8
46:5	PSA.89.6	6
46:5	EXO.15.11	4
46:5	PSA.86.8	4
46:5	PSA.113.5	4
46:5	JER.10.6-JER.10.7	4
46:5	JER.10.16	4
46:5	PHP.2.6	4
46:5	COL.1.15	4
46:5	PSA.89.8	3
46:5	HEB.1.3	2
46:6	ACT.17.29	4
46:6	ISA.40.19-ISA.40.20	3
46:6	JER.10.14	3
46:6	EXO.32.2-EXO.32.4	2
46:6	JDG.17.3-JDG.17.4	2
46:6	1KI.12.28	2
46:6	ISA.2.8	2
46:6	ISA.44.12-ISA.44.19	2
46:6	JER.10.3-JER.10.4	2
46:6	JER.10.9	2
46:6	DAN.3.5-DAN.3.15	2
46:6	HOS.8.4-HOS.8.6	2
46:6	HAB.2.18-HAB.2.20	2
46:6	ISA.41.6-ISA.41.7	1
46:6	ISA.45.20	1
46:7	ISA.45.20	7
46:7	JER.10.5	5
46:7	1SA.5.3	3
46:7	ISA.46.1	3
46:7	JDG.10.12-JDG.10.14	2
46:7	1KI.18.26	2
46:7	1KI.18.40	2
46:7	JER.2.28	2
46:7	DAN.3.1	2
46:7	JON.1.5	2
46:7	JON.1.14-JON.1.16	2
46:7	ISA.37.38	1
46:8	DEU.32.29	2
46:8	PSA.115.8	2
46:8	PSA.135.18	2
46:8	ISA.44.18-ISA.44.21	2
46:8	ISA.47.7	2
46:8	EZK.18.28	2
46:8	HAG.1.5	2
46:8	HAG.1.7	2
46:8	LUK.15.17	2
46:8	1CO.14.20	2
46:8	JER.10.8	1
46:8	EPH.5.14	1
46:9	ISA.45.21-ISA.45.22	19
46:9	ISA.42.9	18
46:9	PSA.111.4	17
46:9	ISA.46.5	17
46:9	DEU.33.26	15
46:9	DEU.32.7	13
46:9	ISA.45.18	13
46:9	ISA.65.17	10
46:9	NEH.9.7-NEH.9.37	8
46:9	ISA.45.5-ISA.45.6	8
46:9	JER.23.7-JER.23.8	6
46:9	ISA.45.14	5
46:9	DAN.9.6-DAN.9.15	5
46:9	PSA.105.1-PSA.105.45	4
46:9	PSA.78.1-PSA.78.72	1
46:10	PRO.19.21	65
46:10	PSA.33.11	58
46:10	EPH.1.9-EPH.1.11	41
46:10	ISA.43.13	38
46:10	PRO.21.30	30
46:10	ISA.45.21	30
46:10	PSA.135.6	26
46:10	ISA.44.7	24
46:10	ACT.5.39	22
46:10	ISA.46.11	20
46:10	HEB.6.17	18
46:10	DAN.4.35	16
46:10	ACT.4.27-ACT.4.28	16
46:10	ROM.11.33-ROM.11.34	15
46:10	GEN.49.10	12
46:10	NUM.24.17-NUM.24.24	10
46:10	GEN.12.2-GEN.12.3	9
46:10	DEU.4.24-DEU.4.31	7
46:10	ACT.15.18	7
46:10	GEN.3.15	6
46:10	ISA.41.22-ISA.41.23	6
46:10	DEU.28.15-DEU.28.68	5
46:10	GEN.49.22-GEN.49.26	4
46:10	ACT.3.23	2
46:11	NUM.23.19	24
46:11	ISA.14.24-ISA.14.27	15
46:11	JOB.23.13	12
46:11	ISA.41.2	9
46:11	EPH.1.11	9
46:11	ACT.5.39	7
46:11	EZR.1.2	6
46:11	PSA.119.24	6
46:11	ISA.38.15	6
46:11	ISA.48.14-ISA.48.15	6
46:11	PSA.76.10	5
46:11	ISA.13.2-ISA.13.4	5
46:11	ISA.41.25	5
46:11	ISA.44.28-ISA.45.6	5
46:11	ISA.45.13	5
46:11	JER.50.45	5
46:11	EPH.3.11	5
46:11	JER.50.29	4
46:11	JER.51.20-JER.51.29	4
46:11	EZK.39.4	4
46:11	ACT.4.28	4
46:11	ISA.21.7-ISA.21.9	3
46:12	JER.2.5	5
46:12	ISA.46.3	4
46:12	EPH.2.13	4
46:12	PSA.49.1	3
46:12	PSA.76.5	3
46:12	PSA.119.150	3
46:12	PSA.119.155	3
46:12	PRO.1.22-PRO.1.23	3
46:12	PRO.8.1-PRO.8.5	3
46:12	ISA.28.23	3
46:12	ISA.48.4	3
46:12	ZEC.7.11-ZEC.7.12	3
46:12	ISA.45.20	2
46:12	ISA.48.1	2
46:12	MAL.3.13-MAL.3.15	2
46:12	ACT.7.51	2
46:12	EPH.5.14	2
46:12	REV.3.17-REV.3.18	2
46:13	ISA.12.2	6
46:13	ISA.62.11	6
46:13	ISA.51.5	5
46:13	ISA.61.3	5
46:13	ISA.43.7	4
46:13	ISA.44.23	4
46:13	ISA.61.11	3
46:13	JOL.3.17	3
46:13	HAB.2.3	3
46:13	2TH.1.10	3
46:13	1PE.2.6	3
46:13	PSA.14.7	2
46:13	PSA.46.1	2
46:13	PSA.46.5	2
46:13	ISA.28.16	2
46:13	ISA.60.21	2
46:13	JER.33.9	2
46:13	HAG.1.8	2
46:13	ROM.1.17	2
46:13	ROM.3.21-ROM.3.26	2
46:13	ROM.10.3-ROM.10.15	2
46:13	EPH.1.6	2
46:13	2TH.1.12	2
46:13	HEB.10.37	2
46:13	JHN.17.10	1
47:1	PSA.137.8	7
47:1	JER.51.33	7
47:1	JER.46.11	6
47:1	JER.50.42	6
47:1	ZEC.2.7	6
47:1	ISA.3.26	5
47:1	PSA.18.27	4
47:1	ISA.14.13-ISA.14.14	4
47:1	ISA.37.22	4
47:1	JER.48.18	4
47:1	DEU.28.56-DEU.28.57	3
47:1	JOB.2.8	3
47:1	JOB.2.13	3
47:1	PSA.89.44	3
47:1	ISA.23.12	3
47:1	ISA.26.5	3
47:1	ISA.47.7-ISA.47.9	3
47:1	ISA.52.2	3
47:1	JER.13.18	3
47:1	LAM.2.10	3
47:1	LAM.2.21	3
47:1	LAM.4.5	3
47:1	EZK.26.16	3
47:1	EZK.28.17	3
47:1	REV.18.7	3
47:1	ISA.32.9-ISA.32.11	2
47:1	OBA.1.3-OBA.1.4	2
47:1	JON.3.6	2
47:1	HAG.2.22	2
47:2	EXO.11.5	4
47:2	JDG.16.21	4
47:2	ISA.20.4	4
47:2	MAT.24.41	4
47:2	GEN.24.65	3
47:2	JOB.31.10	3
47:2	ISA.32.11	3
47:2	EZK.16.37-EZK.16.39	3
47:2	HOS.2.3	3
47:2	NAM.3.5-NAM.3.6	3
47:2	LUK.17.35	3
47:2	ISA.3.17	2
47:2	JER.13.22	2
47:2	JER.13.26	2
47:2	JER.27.7	2
47:2	LAM.5.13	2
47:2	MIC.1.11	2
47:3	NAM.3.5	5
47:3	JER.51.20-JER.51.24	4
47:3	JER.50.27-JER.50.28	3
47:3	REV.16.19	3
47:3	DEU.32.35	2
47:3	DEU.32.41-DEU.32.43	2
47:3	PSA.94.1-PSA.94.2	2
47:3	PSA.137.8-PSA.137.9	2
47:3	ISA.34.1-ISA.34.8	2
47:3	ISA.59.17-ISA.59.18	2
47:3	ISA.63.4-ISA.63.6	2
47:3	JER.13.22	2
47:3	JER.13.26	2
47:3	JER.51.4	2
47:3	JER.51.11	2
47:3	JER.51.34-JER.51.36	2
47:3	JER.51.56	2
47:3	EZK.16.37	2
47:3	ROM.12.19	2
47:3	HEB.10.30-HEB.10.31	2
47:3	REV.6.9-REV.6.10	2
47:3	REV.18.5-REV.18.8	2
47:3	REV.18.20	1
47:4	ISA.41.14	3
47:4	ISA.43.14	3
47:4	ISA.44.6	3
47:4	ISA.49.26	3
47:4	JER.50.33-JER.50.34	3
47:4	ISA.43.3	2
47:4	ISA.54.5	2
47:4	JER.31.11	2
47:5	ISA.47.7	3
47:5	HAB.2.20	3
47:5	REV.18.16-REV.18.19	3
47:5	1SA.2.9	2
47:5	PSA.31.17	2
47:5	PSA.46.10	2
47:5	ISA.13.10	2
47:5	ISA.13.19-ISA.13.20	2
47:5	ISA.14.4	2
47:5	ISA.14.23	2
47:5	ISA.47.1	2
47:5	JER.8.14	2
47:5	JER.25.10	2
47:5	LAM.1.1	2
47:5	DAN.2.37-DAN.2.38	2
47:5	ZEC.2.13	2
47:5	MAT.22.12-MAT.22.13	2
47:5	JUD.1.13	2
47:5	REV.17.3-REV.17.5	2
47:5	REV.17.18	2
47:5	REV.18.7	2
47:5	REV.18.21-REV.18.24	2
47:6	2CH.28.9	9
47:6	ZEC.1.15	9
47:6	DEU.28.50	8
47:6	OBA.1.10	7
47:6	JAS.2.13	6
47:6	PSA.69.26	5
47:6	ISA.10.6	4
47:6	ISA.14.17	4
47:6	ISA.42.24-ISA.42.25	4
47:6	OBA.1.16	4
47:6	2SA.24.14	3
47:6	ISA.13.16	3
47:6	ISA.43.28	3
47:6	LAM.2.2	3
47:6	EZK.24.21	3
47:6	EZK.28.16	3
47:6	MAT.7.2	3
47:7	DEU.32.29	5
47:7	ISA.47.5	4
47:7	JER.5.31	3
47:7	ISA.42.25	2
47:7	ISA.46.8-ISA.46.9	2
47:7	EZK.7.3-EZK.7.9	2
47:7	EZK.28.2	2
47:7	EZK.28.12-EZK.28.14	2
47:7	EZK.29.3	2
47:7	DAN.4.29	2
47:7	DAN.5.18-DAN.5.23	2
47:8	ISA.32.9	6
47:8	ZEP.2.15	5
47:8	ISA.47.10	4
47:8	ISA.45.6	3
47:8	JER.50.11	3
47:8	REV.18.3-REV.18.8	3
47:8	JDG.18.7	2
47:8	JDG.18.27	2
47:8	PSA.10.5-PSA.10.6	2
47:8	ISA.21.4-ISA.21.5	2
47:8	ISA.22.12-ISA.22.13	2
47:8	ISA.45.18	2
47:8	JER.50.31-JER.50.32	2
47:8	JER.51.53	2
47:8	DAN.4.22	2
47:8	DAN.4.30	2
47:8	DAN.5.1-DAN.5.4	2
47:8	DAN.5.23	2
47:8	DAN.5.30	2
47:8	DAN.11.36	2
47:8	NAM.1.10	2
47:8	HAB.2.5-HAB.2.8	2
47:8	LUK.12.18-LUK.12.20	2
47:8	2TH.2.4	2
47:8	LUK.17.27-LUK.17.29	1
47:9	PSA.73.19	5
47:9	1TH.5.3	5
47:9	ISA.47.12-ISA.47.13	4
47:9	NAM.3.4	4
47:9	REV.18.8-REV.18.10	4
47:9	RUT.1.5	2
47:9	RUT.1.20	2
47:9	ISA.13.18-ISA.13.22	2
47:9	ISA.14.22-ISA.14.23	2
47:9	ISA.51.18-ISA.51.19	2
47:9	JER.51.29	2
47:9	JER.51.62-JER.51.64	2
47:9	DAN.2.2	2
47:9	DAN.4.7	2
47:9	DAN.5.7	2
47:9	LUK.7.12-LUK.7.13	2
47:9	REV.9.20-REV.9.21	2
47:9	REV.18.21-REV.18.23	2
47:9	REV.21.8	2
47:9	REV.22.15	2
47:9	2TH.2.9-2TH.2.10	1
47:10	ISA.5.21	14
47:10	ROM.1.22	11
47:10	ISA.29.15	10
47:10	PSA.52.7	8
47:10	ISA.59.4	6
47:10	EZK.8.12	6
47:10	JER.23.24	5
47:10	1CO.3.19	5
47:10	PSA.94.7-PSA.94.9	4
47:10	EZK.9.9	4
47:10	1CO.1.19-1CO.1.21	4
47:10	JOB.22.13-JOB.22.14	3
47:10	PSA.64.5	3
47:10	ECC.8.8	3
47:10	ISA.44.20	3
47:10	EZK.28.2-EZK.28.6	3
47:10	PSA.10.11	2
47:10	PSA.62.9-PSA.62.10	2
47:10	ISA.28.15	2
47:11	1TH.5.3	5
47:11	REV.18.9-REV.18.10	3
47:11	EXO.12.29-EXO.12.30	2
47:11	NEH.4.11	2
47:11	PSA.50.22	2
47:11	JER.51.39-JER.51.42	2
47:11	DAN.5.25-DAN.5.30	2
47:11	LUK.12.59	2
47:11	REV.3.3	2
47:11	ISA.37.36	1
47:11	MAT.18.34	1
47:12	ACT.13.8-ACT.13.12	4
47:12	ISA.47.9-ISA.47.10	3
47:12	JER.2.28	3
47:12	NAM.3.4	3
47:12	EXO.7.11	2
47:12	EXO.8.7	2
47:12	EXO.8.18-EXO.8.19	2
47:12	EXO.9.11	2
47:12	ISA.8.19	2
47:12	ISA.19.3	2
47:12	ISA.44.25	2
47:12	DAN.5.7-DAN.5.9	2
47:12	REV.17.4-REV.17.6	2
47:12	2TH.2.9-2TH.2.12	1
47:13	ISA.44.25	6
47:13	ISA.57.10	3
47:13	JER.51.58	3
47:13	EZK.24.12	3
47:13	DAN.2.2-DAN.2.10	3
47:13	ISA.47.15	2
47:13	DAN.5.7-DAN.5.8	2
47:13	DAN.5.15-DAN.5.16	2
47:13	DAN.5.30	2
47:13	HAB.2.13	2
47:14	NAM.1.10	5
47:14	MAL.4.1	5
47:14	ISA.10.17	4
47:14	EZK.15.7	4
47:14	ISA.41.2	3
47:14	MAT.10.28	3
47:14	PSA.83.13-PSA.83.15	2
47:14	ISA.5.24	2
47:14	ISA.30.14	2
47:14	ISA.40.24	2
47:14	JER.51.25-JER.51.26	2
47:14	JER.51.30	2
47:14	JER.51.32	2
47:14	JER.51.58	2
47:14	JOL.2.5	2
47:14	OBA.1.18	2
47:14	MAT.16.26	2
47:14	REV.18.21	2
47:15	ISA.56.11	2
47:15	JER.51.6-JER.51.9	2
47:15	EZK.27.12-EZK.27.25	2
47:15	REV.18.11-REV.18.19	2
48:1	JER.4.2	5
48:1	PSA.68.26	4
48:1	GEN.32.28	3
48:1	DEU.6.13	3
48:1	ISA.1.10-ISA.1.14	3
48:1	ISA.65.16	3
48:1	JER.5.2	3
48:1	JER.7.9-JER.7.10	3
48:1	MAT.15.8-MAT.15.9	3
48:1	GEN.35.10	2
48:1	EXO.23.13	2
48:1	LEV.19.12	2
48:1	NUM.24.7	2
48:1	DEU.5.28	2
48:1	DEU.10.20	2
48:1	DEU.33.28	2
48:1	2KI.17.34	2
48:1	PSA.50.16-PSA.50.20	2
48:1	PSA.63.11	2
48:1	PSA.66.3	2
48:1	PRO.5.16	2
48:1	ISA.26.13	2
48:1	ISA.44.5	2
48:1	ISA.45.23	2
48:1	ISA.58.2	2
48:1	ISA.62.8	2
48:1	ZEP.1.5	2
48:1	MAL.3.5	2
48:1	MAT.23.13	2
48:1	JHN.1.47	2
48:1	JHN.4.24	2
48:1	ROM.2.17	2
48:1	ROM.2.28-ROM.2.29	2
48:1	ROM.9.6	2
48:1	ROM.9.8	2
48:1	1TI.4.2	2
48:1	2TI.3.2-2TI.3.5	2
48:1	REV.2.9	2
48:1	REV.3.9	2
48:2	MIC.3.11	5
48:2	ISA.10.20	4
48:2	ISA.52.1	4
48:2	ROM.2.17	4
48:2	JER.21.2	3
48:2	MAT.27.53	3
48:2	JDG.17.13	2
48:2	1SA.4.3-1SA.4.5	2
48:2	NEH.11.1	2
48:2	NEH.11.18	2
48:2	PSA.48.1	2
48:2	PSA.87.3	2
48:2	ISA.47.4	2
48:2	ISA.51.13	2
48:2	ISA.64.10-ISA.64.11	2
48:2	JER.7.4-JER.7.11	2
48:2	JER.10.16	2
48:2	DAN.9.24	2
48:2	MAT.4.5	2
48:2	JHN.8.40-JHN.8.41	2
48:2	REV.11.2	2
48:2	REV.21.2	2
48:2	REV.22.19	2
48:3	ISA.42.9	13
48:3	JOS.21.45	11
48:3	ISA.41.22	11
48:3	ISA.44.7-ISA.44.8	8
48:3	ISA.45.21	8
48:3	ISA.43.9	7
48:3	ISA.46.9-ISA.46.10	7
48:3	JOS.23.14-JOS.23.15	6
48:3	ISA.37.7	5
48:3	ISA.10.33-ISA.10.34	3
48:3	ISA.37.29	3
48:3	ISA.10.12-ISA.10.19	2
48:3	ISA.37.36-ISA.37.38	2
48:4	ACT.7.51	31
48:4	EXO.32.9	22
48:4	ZEC.7.11-ZEC.7.12	17
48:4	PRO.29.1	15
48:4	EZK.3.4-EZK.3.9	14
48:4	ROM.2.5	14
48:4	JER.5.3	13
48:4	JER.19.15	13
48:4	DEU.31.27	12
48:4	EXO.33.5	11
48:4	EXO.33.3	10
48:4	PSA.75.5	10
48:4	PSA.78.8	10
48:4	2CH.36.13	9
48:4	ISA.46.12	9
48:4	DEU.10.16	8
48:4	2KI.17.14	8
48:4	2CH.30.8	8
48:4	JER.3.3	8
48:4	JER.7.26	8
48:4	DAN.5.20	8
48:4	HEB.3.13	8
48:4	NEH.9.16-NEH.9.17	7
48:4	NEH.9.28	7
48:5	ISA.48.3	5
48:5	LUK.1.70	4
48:5	JER.44.15-JER.44.18	3
48:5	ACT.15.18	3
48:5	ISA.42.8-ISA.42.9	2
48:5	ISA.44.7	2
48:5	ISA.46.10	2
48:6	REV.4.1	7
48:6	ISA.42.9	6
48:6	ROM.16.25-ROM.16.26	6
48:6	ISA.43.19	4
48:6	ISA.43.8-ISA.43.10	3
48:6	MAT.10.27	3
48:6	JHN.15.15	3
48:6	PSA.40.9-PSA.40.10	2
48:6	PSA.71.15-PSA.71.18	2
48:6	PSA.78.3-PSA.78.6	2
48:6	PSA.107.43	2
48:6	PSA.119.13	2
48:6	PSA.145.4-PSA.145.5	2
48:6	ISA.21.10	2
48:6	JER.2.31	2
48:6	JER.50.2	2
48:6	DAN.12.8-DAN.12.13	2
48:6	AMO.3.6	2
48:6	ACT.1.8	2
48:6	1CO.2.9	2
48:6	1PE.1.10-1PE.1.12	2
48:6	MIC.6.9	1
48:6	REV.1.19	1
48:6	REV.5.1-REV.5.2	1
48:6	REV.6.1-REV.6.17	1
48:8	PSA.58.3	5
48:8	HOS.5.7	4
48:8	ISA.42.19-ISA.42.20	3
48:8	JER.6.10	3
48:8	EZK.16.3-EZK.16.5	3
48:8	MAL.2.11	3
48:8	MAT.13.13-MAT.13.15	3
48:8	JHN.12.39-JHN.12.40	3
48:8	DEU.9.7-DEU.9.24	2
48:8	PSA.40.6	2
48:8	PSA.51.5	2
48:8	PSA.139.1-PSA.139.4	2
48:8	ISA.6.9-ISA.6.10	2
48:8	ISA.21.2	2
48:8	ISA.26.11	2
48:8	ISA.29.10-ISA.29.11	2
48:8	ISA.46.8	2
48:8	ISA.48.4	2
48:8	ISA.50.5	2
48:8	JER.3.7-JER.3.11	2
48:8	JER.3.20	2
48:8	JER.5.11	2
48:8	EPH.2.3	2
48:8	JER.5.21	1
48:8	HOS.6.7	1
48:9	PSA.79.9	6
48:9	PSA.78.38	5
48:9	PSA.106.8	5
48:9	PSA.143.11	5
48:9	ISA.37.35	5
48:9	1SA.12.22	4
48:9	PSA.25.11	4
48:9	PSA.103.8-PSA.103.10	4
48:9	ISA.30.18	4
48:9	ISA.43.25	4
48:9	ISA.48.11	4
48:9	JER.14.7	4
48:9	EZK.20.14	4
48:9	EZK.20.22	4
48:9	EZK.20.44	4
48:9	DAN.9.17-DAN.9.19	4
48:9	JOS.7.9	3
48:9	NEH.9.30-NEH.9.31	3
48:9	PRO.19.11	3
48:9	EZK.20.9	3
48:10	1PE.4.12	31
48:10	PRO.17.3	24
48:10	JOB.23.10	23
48:10	PSA.66.10	20
48:10	HEB.12.10-HEB.12.11	20
48:10	1PE.1.7	18
48:10	JER.9.7	17
48:10	MAL.3.2-MAL.3.3	15
48:10	ZEC.13.8-ZEC.13.9	13
48:10	DEU.4.20	12
48:10	REV.3.19	12
48:10	EZK.22.18-EZK.22.22	10
48:10	ISA.1.25-ISA.1.26	7
48:10	1KI.8.51	6
48:10	EZK.20.38	6
48:11	ISA.42.8	22
48:11	EZK.20.9	15
48:11	EZK.20.14	14
48:11	ISA.37.35	13
48:11	1SA.12.22	12
48:11	ISA.43.25	12
48:11	EZK.20.22	12
48:11	JER.14.7	10
48:11	NUM.14.15-NUM.14.16	8
48:11	EZK.20.44	8
48:11	DEU.32.26-DEU.32.27	6
48:11	EZK.20.39	6
48:11	ISA.48.5	5
48:11	ISA.52.5	5
48:11	JHN.5.23	5
48:11	ROM.2.24	5
48:12	ISA.41.4	13
48:12	REV.1.8	11
48:12	REV.22.13	11
48:12	ISA.44.6	10
48:12	ROM.8.28	10
48:12	REV.17.14	10
48:12	ISA.43.11	8
48:12	ISA.55.3	8
48:12	1PE.2.9	6
48:12	REV.2.8	6
48:12	DEU.32.39	5
48:12	ISA.46.3	5
48:12	ISA.49.1	5
48:12	REV.1.17-REV.1.18	5
48:12	PRO.7.24	3
48:12	PRO.8.32	3
48:12	ISA.34.1	3
48:12	ISA.51.1	3
48:12	ISA.51.4	3
48:12	ISA.51.7	3
48:12	MAT.20.16	3
48:12	ROM.1.6	3
48:12	1CO.1.24	3
48:12	REV.1.11	3
48:13	PSA.102.25	18
48:13	HEB.1.10-HEB.1.12	18
48:13	EXO.20.11	16
48:13	ISA.45.18	13
48:13	ISA.40.26	12
48:13	ISA.42.5	11
48:13	PSA.119.89-PSA.119.91	8
48:13	ISA.40.12	8
48:13	PSA.148.5-PSA.148.8	7
48:13	ISA.40.22	7
48:13	PSA.147.4	6
48:13	JOB.37.18	5
48:14	ISA.43.9	5
48:14	ISA.13.17-ISA.13.18	4
48:14	JER.50.21-JER.50.29	4
48:14	ISA.13.4-ISA.13.5	3
48:14	ISA.41.22	3
48:14	ISA.45.20-ISA.45.21	3
48:14	ISA.46.10-ISA.46.11	3
48:14	JER.51.20-JER.51.24	3
48:14	ISA.44.7	2
48:14	ISA.44.28-ISA.45.3	2
48:14	MRK.10.21	1
48:15	JOS.1.8	8
48:15	ISA.45.1-ISA.45.2	5
48:15	PSA.45.4	4
48:15	EZK.1.2	1
48:16	JHN.18.20	13
48:16	JHN.20.21-JHN.20.22	10
48:16	ISA.45.19	7
48:16	ISA.61.1-ISA.61.3	7
48:16	JHN.3.34	7
48:16	ISA.11.1-ISA.11.5	6
48:16	LUK.4.18	6
48:16	ISA.48.3-ISA.48.6	3
48:16	ZEC.2.8-ZEC.2.11	2
48:16	ISA.41.1	1
48:17	PSA.32.8	251
48:17	PSA.25.12	194
48:17	JOB.22.21-JOB.22.22	155
48:17	DEU.8.17-DEU.8.18	139
48:17	ISA.30.20	112
48:17	PSA.73.24	103
48:17	ISA.54.13	102
48:17	JOB.36.22	98
48:17	JHN.6.45	88
48:17	PSA.25.8-PSA.25.9	79
48:17	MIC.4.2	70
48:17	PSA.71.17	65
48:17	ISA.54.5	63
48:17	JER.6.16	63
48:17	ISA.43.16	55
48:17	1KI.8.36	54
48:17	JER.31.33-JER.31.34	52
48:17	ISA.2.3	47
48:17	EPH.4.21	43
48:17	ISA.49.9-ISA.49.10	39
48:17	ISA.44.6-ISA.44.24	36
48:17	ISA.49.7	31
48:17	ISA.48.20	22
48:17	ISA.43.14	21
48:18	DEU.5.29	15
48:18	PSA.119.165	13
48:18	ISA.66.12	13
48:18	PSA.81.13-PSA.81.16	11
48:18	DEU.32.29	10
48:18	PSA.36.8	8
48:18	ISA.45.8	8
48:18	LUK.19.41-LUK.19.42	8
48:18	ISA.32.15-ISA.32.18	6
48:18	AMO.5.24	6
48:18	ROM.14.17	6
48:18	MAT.23.37	5
48:19	ISA.10.22	6
48:19	GEN.22.17	5
48:19	JER.33.22	3
48:19	HOS.1.10	3
48:19	ROM.9.27	3
48:19	GEN.13.16	2
48:19	JOS.7.9	2
48:19	RUT.4.10	2
48:19	1KI.9.7	2
48:19	PSA.9.5	2
48:19	PSA.109.13	2
48:19	ISA.9.14	2
48:19	ISA.14.22	2
48:19	ISA.48.9	2
48:19	ISA.56.5	2
48:19	ISA.66.22	2
48:19	ZEP.1.4	2
48:20	ISA.52.9	7
48:20	JER.50.8	7
48:20	JER.51.45	7
48:20	JER.51.6	6
48:20	REV.18.4	6
48:20	ZEC.2.6-ZEC.2.7	5
48:20	EXO.15.1-EXO.15.21	3
48:20	EXO.19.4-EXO.19.6	3
48:20	ISA.26.1	3
48:20	ISA.45.22-ISA.45.23	3
48:20	ISA.49.13	3
48:20	ISA.63.9	3
48:20	REV.19.1-REV.19.6	3
48:20	PSA.126.1	2
48:20	ISA.48.6	2
48:20	ISA.52.11	2
48:20	JER.31.10	2
48:20	JER.31.12-JER.31.13	2
48:20	JER.50.2	2
48:20	JER.51.48	2
48:20	REV.18.20	2
48:20	2SA.7.23	1
48:20	ISA.12.1	1
48:21	PSA.105.41	7
48:21	ISA.43.19-ISA.43.20	7
48:21	ISA.41.17-ISA.41.18	6
48:21	EXO.17.6	5
48:21	NUM.20.11	5
48:21	PSA.78.20	5
48:21	ISA.35.6-ISA.35.7	5
48:21	NEH.9.15	4
48:21	ISA.30.25	4
48:21	PSA.78.15	3
48:21	ISA.49.10	3
48:21	JER.31.9	2
48:22	ISA.57.21	18
48:22	JOB.15.20-JOB.15.24	13
48:22	LUK.19.42	9
48:22	ROM.3.17	7
49:1	JER.1.5	17
49:1	GAL.1.15	14
49:1	ISA.44.2	10
49:1	ISA.49.5	9
49:1	LUK.1.31	8
49:1	PSA.71.5-PSA.71.6	7
49:1	ZEP.2.11	7
49:1	MAT.1.20-MAT.1.21	7
49:1	LUK.2.10-LUK.2.11	7
49:1	1PE.1.20	7
49:1	ISA.46.3	5
49:1	ISA.57.19	5
49:1	ISA.60.9	5
49:1	JHN.10.36	5
49:1	HEB.12.25	5
49:1	ISA.9.6	4
49:1	ISA.42.1-ISA.42.4	4
49:1	ISA.44.24	4
49:1	ISA.55.3	4
49:1	LUK.1.15	4
49:1	ISA.7.14	3
49:1	ISA.41.1	3
49:1	ISA.42.12	3
49:1	ISA.45.22	3
49:1	ISA.51.5	3
49:1	ISA.66.19	3
49:1	EPH.2.17	3
49:2	HEB.4.12	12
49:2	REV.1.16	11
49:2	ISA.50.4	9
49:2	REV.2.12	8
49:2	ISA.11.4	7
49:2	ISA.51.16	7
49:2	PSA.91.1	6
49:2	JER.1.18	6
49:2	JER.15.19-JER.15.20	5
49:2	HOS.6.5	5
49:2	ISA.61.1-ISA.61.3	4
49:2	PSA.45.2-PSA.45.5	3
49:2	ISA.42.1	3
49:2	LUK.23.46	3
49:2	REV.19.15	3
49:3	ISA.42.1	10
49:3	1PE.2.9	10
49:3	ISA.44.23	9
49:3	ISA.52.13	5
49:3	JHN.17.1	5
49:3	ZEC.3.8	4
49:3	JHN.17.4	4
49:3	ISA.53.10	3
49:3	LUK.2.10-LUK.2.14	3
49:3	JHN.13.31-JHN.13.32	3
49:3	MAT.17.5	2
49:3	JHN.12.28	2
49:3	JHN.15.8	2
49:3	EPH.1.6	2
49:3	PHP.2.6-PHP.2.11	2
49:3	ISA.43.21	1
49:4	ISA.35.4	5
49:4	GAL.4.11	4
49:4	ISA.40.10	3
49:4	ISA.53.10-ISA.53.12	3
49:4	ISA.62.11	3
49:4	ISA.65.23	3
49:4	EZK.3.19	3
49:4	MAT.17.17	3
49:4	MAT.23.37	3
49:4	2CO.2.15	3
49:4	2CO.12.15	3
49:4	LEV.26.20	2
49:4	PSA.22.22-PSA.22.31	2
49:4	ISA.65.2	2
49:4	LUK.24.26	2
49:4	JHN.1.11	2
49:4	JHN.17.4-JHN.17.5	2
49:4	ROM.10.21	2
49:4	PHP.2.9-PHP.2.10	2
49:4	HEB.12.2	2
49:5	MAT.17.5	4
49:5	JHN.3.35	4
49:5	MAT.28.18	3
49:5	ROM.15.8	3
49:5	1PE.3.22	3
49:5	PSA.110.1-PSA.110.3	2
49:5	ISA.11.12	2
49:5	ISA.12.2	2
49:5	ISA.43.4	2
49:5	ISA.49.1	2
49:5	ISA.50.4	2
49:5	ISA.52.13	2
49:5	ISA.56.8	2
49:5	MAT.3.17	2
49:5	MAT.11.27	2
49:5	MAT.15.24	2
49:5	MAT.21.37-MAT.21.41	2
49:5	MAT.23.37	2
49:5	LUK.19.42	2
49:5	JHN.5.20-JHN.5.27	2
49:5	EPH.1.20-EPH.1.22	2
49:5	1TH.2.15-1TH.2.16	2
49:5	ACT.10.36	1
49:6	ACT.13.47	56
49:6	ISA.42.6	44
49:6	LUK.2.32	34
49:6	PSA.98.2-PSA.98.3	28
49:6	ISA.52.10	24
49:6	ISA.60.3	22
49:6	LUK.24.46-LUK.24.47	22
49:6	ACT.26.18	18
49:6	ISA.11.10	17
49:6	JHN.1.4-JHN.1.9	15
49:6	ISA.46.13	9
49:6	ISA.24.14-ISA.24.16	4
49:7	1PE.2.4	13
49:7	ISA.53.3	12
49:7	MAT.26.67	12
49:7	ISA.48.17	11
49:7	PSA.22.6-PSA.22.8	10
49:7	PSA.72.10-PSA.72.11	10
49:7	ISA.49.23	8
49:7	PSA.69.7-PSA.69.9	5
49:7	ISA.49.1	5
49:7	MAT.20.28	5
49:7	ISA.42.1	4
49:7	ISA.52.15	4
49:7	ZEC.11.8	4
49:7	MAT.27.38-MAT.27.44	4
49:7	PSA.2.10-PSA.2.12	3
49:7	PSA.68.31	3
49:7	ISA.48.7	3
49:7	ISA.50.6	3
49:7	ISA.60.3	3
49:7	ISA.60.10	3
49:7	LUK.23.23	3
49:7	LUK.23.35	3
49:7	JHN.19.15	3
49:7	PSA.69.19	2
49:7	ISA.60.16	2
49:7	LUK.22.27	2
49:7	LUK.23.18	2
49:7	JHN.18.40	2
49:7	JHN.19.6	2
49:7	REV.3.7	2
49:7	REV.11.15	2
49:8	2CO.6.2	26
49:8	ISA.42.6	17
49:8	PSA.69.13	13
49:8	ISA.61.4	9
49:8	HEB.12.24	9
49:8	ISA.58.12	8
49:8	ISA.44.26	7
49:8	ISA.51.16	7
49:8	EPH.2.12-EPH.2.19	7
49:8	HEB.5.7	7
49:8	JHN.11.41-JHN.11.42	6
49:8	EPH.1.6	6
49:8	PSA.2.8	5
49:8	PSA.75.3	5
49:8	ISA.26.3	5
49:8	ISA.42.1	5
49:8	ISA.49.19	5
49:8	ISA.50.7-ISA.50.9	5
49:8	ISA.54.3	5
49:8	ISA.51.3	4
49:8	MAT.26.28	4
49:8	ACT.2.24-ACT.2.32	4
49:8	HEB.8.6	4
49:9	ISA.42.7	5
49:9	ISA.42.16	5
49:9	1PE.2.9	5
49:9	LUK.4.18	4
49:9	PSA.69.33	3
49:9	PSA.102.20	3
49:9	ISA.9.2	3
49:9	ISA.61.1	3
49:9	ZEC.9.11-ZEC.9.12	3
49:9	DEU.32.13	2
49:9	PSA.22.26	2
49:9	PSA.23.1-PSA.23.2	2
49:9	PSA.107.10-PSA.107.16	2
49:9	PSA.146.7	2
49:9	ISA.5.17	2
49:9	ISA.41.18	2
49:9	ISA.55.1-ISA.55.2	2
49:9	ISA.60.1-ISA.60.2	2
49:9	ISA.65.13	2
49:9	EZK.34.13-EZK.34.15	2
49:9	EZK.34.23	2
49:9	EZK.34.29	2
49:9	JOL.3.18	2
49:9	LUK.1.79	2
49:9	JHN.6.53-JHN.6.58	2
49:9	JHN.8.12	2
49:9	JHN.10.9	2
49:9	2CO.4.4-2CO.4.6	2
49:9	EPH.5.8	2
49:9	EPH.5.14	2
49:9	COL.1.13	2
49:9	1TH.5.5-1TH.5.6	2
49:9	ACT.26.18	1
49:10	REV.7.16-REV.7.17	16
49:10	MAT.5.6	12
49:10	EZK.34.23	9
49:10	ISA.33.16	7
49:10	PSA.121.5-PSA.121.6	6
49:10	ISA.40.11	5
49:10	JER.31.9	5
49:10	JHN.10.3-JHN.10.4	5
49:10	ISA.4.6	4
49:10	ISA.25.4	4
49:10	ISA.32.2	4
49:10	ISA.35.7	4
49:10	PSA.23.2-PSA.23.4	3
49:10	ISA.54.10	3
49:10	ISA.14.1	2
49:10	JHN.6.35	1
49:11	ISA.11.16	4
49:11	ISA.35.8-ISA.35.10	3
49:11	ISA.62.10	3
49:11	LUK.3.4-LUK.3.5	3
49:11	PSA.107.7	2
49:11	ISA.40.3-ISA.40.4	2
49:11	ISA.43.19	2
49:11	ISA.57.14	2
49:11	JHN.14.6	2
49:11	PSA.107.4	1
49:12	ISA.43.5-ISA.43.6	6
49:12	PSA.22.27	2
49:12	PSA.72.10-PSA.72.11	2
49:12	PSA.72.17	2
49:12	ISA.2.2-ISA.2.3	2
49:12	ISA.11.10-ISA.11.11	2
49:12	ISA.60.9-ISA.60.14	2
49:12	ISA.66.19-ISA.66.20	2
49:12	MIC.4.2	2
49:12	ZEC.2.11	2
49:12	ZEC.8.20-ZEC.8.23	2
49:12	MAT.8.11	2
49:12	LUK.13.29	2
49:12	REV.7.9	2
49:12	REV.11.15	2
49:13	ISA.44.23	12
49:13	ISA.51.3	7
49:13	PSA.96.11-PSA.96.13	6
49:13	ISA.40.1-ISA.40.2	5
49:13	ISA.52.9	5
49:13	LUK.2.13-LUK.2.14	5
49:13	PSA.98.4-PSA.98.9	3
49:13	ISA.12.1	3
49:13	ISA.42.10-ISA.42.11	3
49:13	ISA.55.12	3
49:13	ISA.66.13-ISA.66.14	3
49:13	2TH.2.16-2TH.2.17	3
49:13	ISA.61.2-ISA.61.3	2
49:13	JER.31.13	2
49:13	LUK.15.10	2
49:13	2CO.7.6	2
49:13	REV.7.9-REV.7.12	1
49:13	REV.5.8-REV.5.13	0
49:14	ISA.40.27	4
49:14	ROM.11.1-ROM.11.5	3
49:14	PSA.22.1	2
49:14	PSA.31.22	2
49:14	PSA.89.38-PSA.89.46	2
49:14	JER.23.39	2
49:14	LAM.5.20	2
49:14	PSA.13.1	1
49:14	PSA.77.6-PSA.77.9	1
49:15	PSA.103.13	37
49:15	ISA.44.21	37
49:15	MAT.7.11	35
49:15	JER.31.20	22
49:15	HOS.11.1	20
49:15	MAL.3.17	13
49:15	LAM.4.10	10
49:15	1KI.3.26-1KI.3.27	6
49:15	2KI.6.28-2KI.6.29	6
49:15	2KI.11.1-2KI.11.2	4
49:15	ROM.11.28-ROM.11.29	2
49:15	DEU.28.56-DEU.28.57	0
49:15	LAM.4.3	0
49:16	HAG.2.23	17
49:16	ISA.60.18	15
49:16	ISA.62.6	15
49:16	SNG.8.6	12
49:16	EXO.13.9	6
49:16	ISA.26.1	6
49:16	PSA.48.12-PSA.48.13	5
49:16	ISA.54.12	5
49:16	JER.22.24	4
49:16	REV.21.10-REV.21.21	4
49:17	ISA.51.13	4
49:17	ISA.62.5	4
49:17	ISA.51.22-ISA.51.23	3
49:17	EZK.28.24	3
49:17	EZR.1.5	2
49:17	NEH.2.4-NEH.2.9	2
49:17	ISA.10.6	2
49:17	ISA.49.19	2
49:17	ISA.51.18-ISA.51.20	2
49:17	NEH.2.17	1
49:18	ISA.54.1-ISA.54.3	7
49:18	ISA.61.10	6
49:18	ISA.66.12-ISA.66.13	6
49:18	ISA.54.9	5
49:18	ISA.43.5-ISA.43.6	4
49:18	ISA.49.12	4
49:18	ISA.54.7	4
49:18	ISA.66.20	4
49:18	JER.2.32	4
49:18	GEN.13.14	3
49:18	GEN.22.16	3
49:18	PRO.17.6	3
49:18	ISA.45.23	3
49:18	ISA.49.22	3
49:18	ISA.52.1	3
49:18	ISA.60.4-ISA.60.11	3
49:18	JER.31.8	3
49:18	MAT.13.41-MAT.13.42	3
49:18	GAL.3.28-GAL.3.29	3
49:18	HEB.6.13-HEB.6.18	3
49:18	REV.21.2	3
49:18	REV.22.15	3
49:19	ZEC.10.10	6
49:19	ISA.54.1-ISA.54.2	5
49:19	JER.30.18-JER.30.19	4
49:19	PSA.56.1-PSA.56.2	3
49:19	ISA.49.25-ISA.49.26	3
49:19	ISA.51.3	3
49:19	HOS.1.10-HOS.1.11	3
49:19	PSA.124.3	2
49:19	PRO.1.12	2
49:19	ISA.5.6	2
49:19	ISA.49.8	2
49:19	ISA.49.17	2
49:19	JER.30.16	2
49:19	JER.33.10-JER.33.11	2
49:19	JER.51.33	2
49:19	JER.51.44	2
49:19	EZK.36.3	2
49:19	EZK.36.9-EZK.36.15	2
49:19	ZEC.2.4	2
49:19	ZEC.2.11	2
49:20	JOS.17.14-JOS.17.16	2
49:20	2KI.6.1	1
49:20	ISA.51.3	1
49:20	ISA.54.1-ISA.54.3	1
49:20	ISA.60.4	1
49:20	HOS.1.10	1
49:20	MAT.3.9	1
49:20	GAL.4.26-GAL.4.28	1
49:21	ISA.1.8	2
49:21	ISA.3.26	2
49:21	ISA.5.13	2
49:21	ISA.51.17-ISA.51.20	2
49:21	ISA.52.2	2
49:21	ISA.54.3-ISA.54.8	2
49:21	ISA.60.15	2
49:21	ISA.62.4	2
49:21	ISA.64.10	2
49:21	JER.31.15-JER.31.17	2
49:21	LAM.1.1-LAM.1.3	2
49:21	MAT.24.29-MAT.24.30	2
49:21	ROM.11.11-ROM.11.17	2
49:21	ROM.11.24	2
49:21	GAL.3.29	2
49:21	GAL.4.26-GAL.4.29	2
49:21	LUK.21.24	1
49:21	ROM.11.26-ROM.11.31	1
49:22	PSA.86.9	3
49:22	ISA.14.2	3
49:22	LUK.13.29	3
49:22	PSA.22.27	2
49:22	PSA.67.4-PSA.67.7	2
49:22	PSA.72.8	2
49:22	PSA.72.17	2
49:22	ISA.2.2-ISA.2.3	2
49:22	ISA.11.10-ISA.11.12	2
49:22	ISA.42.1-ISA.42.4	2
49:22	ISA.49.12	2
49:22	ISA.60.3-ISA.60.11	2
49:22	ISA.66.20	2
49:22	MAL.1.11	2
49:23	ISA.60.14	38
49:23	ISA.60.16	38
49:23	ISA.60.3	37
49:23	MIC.7.17	36
49:23	ISA.45.14	34
49:23	ISA.60.10-ISA.60.11	33
49:23	ROM.10.11	32
49:23	PSA.25.3	28
49:23	ISA.64.4	24
49:23	ISA.49.7	23
49:23	REV.3.9	23
49:23	PSA.34.22	22
49:23	ISA.25.9	22
49:23	PSA.2.10-PSA.2.12	19
49:23	REV.21.24-REV.21.26	18
49:23	NUM.11.12	17
49:23	PSA.72.9-PSA.72.11	17
49:23	ISA.62.2	17
49:23	1PE.2.6	17
49:23	ROM.9.33	16
49:23	PSA.68.31	15
49:23	PSA.138.4	15
49:23	ISA.52.15	15
49:23	ROM.5.5	15
49:23	EST.8.1-EST.8.10	14
49:23	JOL.2.27	14
49:23	EZR.1.2-EZR.1.4	13
49:23	EZR.6.7-EZR.6.12	13
49:23	NEH.2.6-NEH.2.10	12
49:23	PSA.69.6	12
49:23	GEN.43.26	11
49:23	EZR.7.11-EZR.7.28	11
49:24	LUK.11.21-LUK.11.22	16
49:24	PSA.124.6-PSA.124.7	15
49:24	MAT.12.29	12
49:24	EZK.37.3	8
49:24	ISA.42.22	7
49:24	EZR.9.13	6
49:24	EZR.9.9	5
49:24	PSA.126.1-PSA.126.3	5
49:24	ISA.53.12	4
49:24	NEH.9.37	3
49:24	EZK.37.11	3
49:24	NEH.9.33	2
49:24	JER.25.6-JER.25.9	2
49:24	JER.25.11-JER.25.14	0
49:25	ISA.54.15-ISA.54.17	65
49:25	ISA.35.4	60
49:25	ISA.41.11-ISA.41.12	50
49:25	JER.50.33-JER.50.34	48
49:25	ISA.54.13	46
49:25	ROM.8.31-ROM.8.39	39
49:25	ZEC.14.12	32
49:25	ISA.10.27	29
49:25	GEN.12.3	27
49:25	ISA.14.2	27
49:25	JER.29.10	26
49:25	ZEC.9.11	26
49:25	1JN.3.8	26
49:25	ISA.25.9	25
49:25	JER.50.17-JER.50.19	25
49:25	JER.51.35-JER.51.36	25
49:25	HEB.2.14-HEB.2.15	25
49:25	GAL.4.26	22
49:25	NUM.23.8-NUM.23.9	21
49:25	REV.18.20	21
49:25	ISA.52.2-ISA.52.5	19
49:25	ZEC.9.13-ZEC.9.16	19
49:25	ZEC.12.3-ZEC.12.6	19
49:25	ZEC.14.3	19
49:26	ISA.9.20	12
49:26	ISA.41.14-ISA.41.20	10
49:26	ISA.9.4	8
49:26	REV.16.6	8
49:26	PSA.9.16	7
49:26	ISA.43.3	7
49:26	ISA.60.16	7
49:26	EZK.39.7	7
49:26	PSA.58.10-PSA.58.11	5
49:26	JDG.7.22	3
49:26	PSA.83.18	3
49:26	ISA.45.6	3
49:26	REV.14.20	3
49:26	REV.17.6	3
49:26	REV.15.3-REV.15.4	2
50:1	DEU.32.30	14
50:1	JER.3.8	9
50:1	MAT.18.25	7
50:1	2KI.4.1	6
50:1	NEH.5.5	6
50:1	ISA.52.3	5
50:1	DEU.24.1-DEU.24.4	4
50:1	HOS.2.2-HOS.2.4	4
50:1	2KI.17.17	3
50:1	PSA.44.12	3
50:1	ISA.59.1-ISA.59.2	3
50:1	JER.3.1	3
50:1	JER.4.18	3
50:1	MRK.10.4-MRK.10.12	3
50:1	EXO.21.7	2
50:1	1KI.21.25	2
50:1	EST.7.4	1
50:1	LEV.25.39	0
50:2	ISA.59.1	13
50:2	NUM.11.23	12
50:2	ISA.66.4	12
50:2	JOS.3.16	10
50:2	GEN.18.14	9
50:2	PRO.1.24	9
50:2	EXO.14.21	8
50:2	EXO.7.21	7
50:2	ISA.42.15	7
50:2	ISA.43.16	7
50:2	ISA.59.16	7
50:2	ISA.65.12	7
50:2	HOS.11.7	7
50:2	NAM.1.4	7
50:2	EXO.7.18	6
50:2	JER.35.15	6
50:2	DAN.3.15	6
50:2	DAN.3.29	6
50:2	DAN.6.20	6
50:2	HOS.11.2	6
50:2	MRK.4.39	6
50:2	JHN.1.11	6
50:2	EXO.14.29	5
50:2	2CH.32.15	5
50:2	PSA.106.9	5
50:2	PSA.107.33	5
50:2	PSA.114.3-PSA.114.7	5
50:2	ISA.19.5	5
50:2	ISA.36.20	5
50:2	ISA.41.28	5
50:2	ISA.51.10	5
50:2	ISA.63.13	5
50:2	JER.5.1	5
50:2	JHN.3.19	5
50:2	JER.8.6	4
50:2	JER.7.13	3
50:2	DAN.6.27	3
50:3	REV.6.12	6
50:3	PSA.18.11-PSA.18.12	4
50:3	EXO.10.21	3
50:3	MAT.27.45	2
50:4	LUK.21.15	56
50:4	JER.1.9	40
50:4	EXO.4.11-EXO.4.12	32
50:4	JHN.7.15-JHN.7.17	32
50:4	PRO.25.11	31
50:4	PRO.15.23	26
50:4	PSA.143.8	25
50:4	PSA.119.147	22
50:4	PSA.5.3	21
50:4	ISA.57.15-ISA.57.19	17
50:4	MAT.22.46	17
50:4	JHN.7.46	17
50:4	MAT.13.54	14
50:4	LUK.4.22	14
50:4	MAT.11.28	13
50:4	PSA.45.2	12
50:5	JHN.14.31	9
50:5	HEB.5.8	8
50:5	ISA.35.5	7
50:5	PHP.2.8	7
50:5	JHN.8.29	6
50:5	ISA.48.8	5
50:5	MAT.26.39	5
50:5	JHN.15.10	5
50:5	PSA.40.6-PSA.40.8	4
50:5	ACT.26.19	3
50:5	HEB.10.5-HEB.10.9	3
50:6	MAT.26.67	26
50:6	MRK.14.65	21
50:6	MRK.15.19	17
50:6	MAT.27.30	14
50:6	LUK.22.63-LUK.22.64	14
50:6	ISA.53.5	11
50:6	LAM.3.30	10
50:6	JHN.18.22	8
50:6	MAT.5.39	5
50:6	HEB.12.2	5
50:6	NEH.13.25	4
50:6	MAT.27.26	4
50:6	MIC.5.1	2
50:7	HEB.13.6	24
50:7	EZK.3.8-EZK.3.9	22
50:7	JHN.16.33	19
50:7	ISA.42.1	18
50:7	ROM.1.16	17
50:7	PSA.89.21-PSA.89.27	16
50:7	LUK.9.51	16
50:7	1PE.4.16	15
50:7	ISA.49.8	13
50:7	1PE.4.1	13
50:7	ISA.50.9	11
50:7	JER.1.18	10
50:7	PSA.110.1	9
50:7	MAT.23.13-MAT.23.36	9
50:7	LUK.11.39-LUK.11.54	3
50:8	ROM.8.32-ROM.8.34	6
50:8	ISA.41.1	4
50:8	REV.12.10	4
50:8	ISA.41.21	3
50:8	ISA.43.26	3
50:8	EXO.22.9	2
50:8	DEU.19.17	2
50:8	ZEC.3.1-ZEC.3.10	2
50:8	MAT.5.25	2
50:8	1TI.3.16	2
50:8	JOB.23.3-JOB.23.7	1
50:9	JOB.13.28	5
50:9	PSA.102.26	4
50:9	ISA.41.10	4
50:9	HEB.1.11-HEB.1.12	4
50:9	PSA.39.11	3
50:9	ISA.51.6-ISA.51.8	3
50:10	JHN.12.46	29
50:10	ISA.26.3-ISA.26.4	21
50:10	MIC.7.7-MIC.7.9	21
50:10	PSA.23.4	19
50:10	JHN.8.12	19
50:10	PSA.27.13-PSA.27.14	13
50:10	LAM.3.25-LAM.3.26	12
50:10	PSA.25.14	11
50:10	HEB.5.9	10
50:10	ISA.9.2	9
50:10	PSA.28.7	8
50:10	PSA.42.11	8
50:10	1PE.5.7	8
50:10	JOB.29.3	6
50:10	PSA.25.12	6
50:10	ISA.50.4	6
50:10	ISA.53.11	6
50:10	MAL.3.16	6
50:10	2CO.1.8-2CO.1.10	6
50:10	ISA.49.2-ISA.49.3	5
50:10	PSA.62.8	4
50:10	PSA.111.10-PSA.112.1	4
50:10	PSA.128.1	4
50:10	2CH.20.20	3
50:10	JOB.23.8-JOB.23.10	3
50:10	PSA.40.1-PSA.40.4	3
50:10	PSA.145.21	3
50:10	1SA.30.6	2
50:10	1CH.5.20	2
50:10	2CH.20.12	2
50:10	JOB.13.15	2
50:10	ECC.12.13	2
50:10	ISA.42.1	2
50:10	ISA.59.9	1
50:10	LAM.3.2	0
50:11	JER.17.5-JER.17.7	9
50:11	ROM.1.21-ROM.1.22	7
50:11	JHN.8.24	6
50:11	ROM.10.3	6
50:11	MAT.15.6-MAT.15.8	5
50:11	PSA.20.7-PSA.20.8	4
50:11	ISA.28.15-ISA.28.20	3
50:11	JON.2.8	3
50:11	REV.19.20	3
50:11	EXO.11.9-EXO.11.10	2
50:11	PSA.32.10	2
50:11	ISA.8.22	2
50:11	ISA.30.15-ISA.30.16	2
50:11	ISA.65.13-ISA.65.16	2
50:11	EZK.20.39	2
50:11	JHN.9.39	2
50:11	2TH.1.8-2TH.1.9	2
50:11	PSA.16.4	1
50:11	PRO.26.18	1
50:11	ISA.55.2	1
50:11	AMO.4.4-AMO.4.5	1
50:11	MAT.8.12	1
50:11	MAT.22.13	1
50:11	JAS.3.6	1
50:11	REV.20.15	1
51:1	ISA.51.7	14
51:1	PSA.94.15	11
51:1	PSA.105.3-PSA.105.4	10
51:1	HEB.12.14	10
51:1	ROM.9.30-ROM.9.32	9
51:1	ROM.14.19	9
51:1	PRO.21.21	7
51:1	ISA.48.12	7
51:1	AMO.5.6	7
51:1	EPH.2.11-EPH.2.12	7
51:1	2TI.2.22	7
51:1	GEN.17.15-GEN.17.17	5
51:1	PSA.24.6	5
51:1	ISA.45.19	5
51:1	ISA.46.3-ISA.46.4	5
51:1	MAT.5.6	5
51:1	MAT.6.33	5
51:1	PHP.3.13	5
51:1	1TI.6.11	5
51:1	PRO.15.9	4
51:1	ISA.51.4	4
51:1	ISA.55.2-ISA.55.3	4
51:1	ISA.55.6	4
51:1	ZEP.2.3	4
51:2	EZK.33.24	8
51:2	ROM.4.1-ROM.4.5	7
51:2	GAL.3.9-GAL.3.14	7
51:2	HEB.11.8-HEB.11.12	6
51:2	GEN.18.11-GEN.18.13	5
51:2	GEN.24.1	5
51:2	ISA.29.22	5
51:2	GEN.12.1-GEN.12.3	4
51:2	GEN.13.14-GEN.13.17	4
51:2	GEN.15.1-GEN.15.2	4
51:2	GEN.15.4-GEN.15.5	4
51:2	GEN.22.17	4
51:2	GEN.24.35	4
51:2	ROM.4.16-ROM.4.24	4
51:2	JOS.24.3	3
51:2	NEH.9.7-NEH.9.8	3
51:3	ISA.49.13	11
51:3	ISA.52.9	8
51:3	JOL.2.3	8
51:3	GEN.13.10	4
51:3	JER.31.12-JER.31.14	4
51:3	JER.31.25	4
51:3	JER.33.11-JER.33.13	4
51:3	ZEP.3.14-ZEP.3.20	4
51:3	1PE.1.8	4
51:3	ISA.35.7-ISA.35.10	3
51:3	ISA.40.1-ISA.40.2	3
51:3	ISA.41.18-ISA.41.19	3
51:3	EZK.31.8-EZK.31.10	3
51:3	2CO.1.3-2CO.1.4	3
51:3	GEN.2.8-GEN.2.9	2
51:3	PSA.85.8	2
51:3	PSA.102.13-PSA.102.14	2
51:3	ISA.12.1	2
51:3	ISA.25.9	2
51:3	ISA.35.1-ISA.35.2	2
51:3	ISA.44.26	2
51:3	ISA.51.12	2
51:3	ISA.54.6-ISA.54.8	2
51:3	ISA.61.1-ISA.61.4	2
51:3	ISA.66.10-ISA.66.14	2
51:3	REV.19.1-REV.19.7	2
51:3	ISA.49.8	1
51:4	1PE.2.9	6
51:4	ISA.2.3	5
51:4	1CO.9.21	5
51:4	ISA.42.6	4
51:4	ISA.49.6	4
51:4	PSA.78.1	3
51:4	MIC.4.2	3
51:4	EXO.19.6	2
51:4	EXO.33.13	2
51:4	PSA.33.12	2
51:4	PSA.50.7	2
51:4	PSA.106.5	2
51:4	PSA.147.20	2
51:4	PRO.6.23	2
51:4	ISA.26.2	2
51:4	ISA.42.1-ISA.42.4	2
51:4	MAT.12.18-MAT.12.20	2
51:4	LUK.2.32	2
51:4	JHN.16.8-JHN.16.11	2
51:4	ROM.8.2-ROM.8.4	2
51:5	ROM.10.17-ROM.10.18	15
51:5	ISA.46.13	7
51:5	ISA.42.4	6
51:5	ISA.60.9	6
51:5	ROM.10.6-ROM.10.10	6
51:5	2CO.5.10	5
51:5	PSA.67.4	4
51:5	PSA.85.9	4
51:5	JOL.3.12	4
51:5	MAT.3.2	4
51:5	MAT.28.18	4
51:5	MRK.16.15	4
51:5	LUK.24.47	4
51:5	ROM.2.16	4
51:5	DEU.30.14	3
51:5	1SA.2.10	3
51:5	PSA.50.4-PSA.50.6	3
51:5	PSA.98.9	3
51:5	ISA.2.2-ISA.2.3	3
51:5	ISA.40.10	3
51:5	ISA.49.1	3
51:5	ISA.56.1	3
51:5	ISA.63.5	3
51:5	EZK.47.1-EZK.47.5	3
51:5	JHN.5.22-JHN.5.23	3
51:5	ACT.17.31	3
51:5	ROM.1.16-ROM.1.17	3
51:5	ROM.15.9-ROM.15.12	3
51:5	PSA.96.13	2
51:5	PSA.110.6	2
51:5	ZEP.2.11	2
51:6	MAT.24.35	42
51:6	PSA.102.25-PSA.102.26	35
51:6	HEB.1.10-HEB.1.12	31
51:6	ISA.34.4	30
51:6	REV.6.12-REV.6.14	26
51:6	JHN.3.15-JHN.3.16	23
51:6	2PE.3.10-2PE.3.12	21
51:6	JHN.10.27-JHN.10.29	20
51:6	ISA.51.8	16
51:6	ISA.13.13	12
51:6	REV.20.11	10
51:6	PSA.8.3-PSA.8.4	8
51:6	ISA.40.26	8
51:6	DEU.4.19	7
51:6	DAN.9.24	6
51:6	HEB.9.15	5
51:6	ISA.45.17	4
51:6	ISA.50.9	4
51:6	JHN.5.24	3
51:6	2TH.2.16	3
51:6	HEB.9.12	3
51:6	PSA.103.17	2
51:6	HEB.5.9	2
51:7	MAT.5.11	16
51:7	PSA.37.31	13
51:7	EZK.2.6	13
51:7	1PE.4.14	11
51:7	ISA.51.1	7
51:7	ACT.5.41	7
51:7	PSA.40.8	6
51:7	JER.1.17	6
51:7	LUK.12.4-LUK.12.5	6
51:7	2CO.3.3	6
51:7	PHP.3.8	6
51:7	TIT.2.11-TIT.2.12	6
51:7	1PE.4.4	6
51:7	JER.31.33-JER.31.34	5
51:7	MAT.10.28	5
51:7	LUK.6.22	5
51:7	PHP.3.10	5
51:7	HEB.10.16	5
51:8	ISA.51.6	7
51:8	ISA.50.9	6
51:8	ISA.66.24	4
51:8	JOB.4.19	3
51:8	HOS.5.12	3
51:8	LUK.1.50	3
51:8	JOB.13.28	2
51:8	ISA.45.17	2
51:8	ISA.46.13	2
51:9	PSA.74.13-PSA.74.14	13
51:9	PSA.89.10	11
51:9	ISA.52.1	11
51:9	ISA.27.1	10
51:9	ISA.30.7	8
51:9	EZK.29.3	7
51:9	JOB.26.12	6
51:9	PSA.44.1	6
51:9	ISA.51.17	6
51:9	PSA.7.6	5
51:9	ISA.59.16-ISA.59.17	5
51:9	ISA.62.8	5
51:9	NEH.9.7-NEH.9.15	4
51:9	PSA.44.23	4
51:9	PSA.87.4	4
51:9	PSA.93.1	4
51:9	ISA.51.5	4
51:9	ISA.53.1	4
51:9	HAB.3.13	4
51:9	LUK.1.51	4
51:9	DEU.4.34	3
51:9	JDG.6.13	3
51:9	PSA.21.13	3
51:9	PSA.78.65	3
51:9	HAB.2.19	3
51:9	REV.11.17	3
51:9	REV.12.9	3
51:9	PSA.59.4	2
51:9	JHN.12.38	2
51:10	ISA.43.16	5
51:10	EXO.14.21-EXO.14.22	4
51:10	EXO.15.13	4
51:10	ISA.50.2	4
51:10	ISA.63.11-ISA.63.12	4
51:10	PSA.74.13	2
51:10	ISA.42.15	2
51:11	ISA.25.8	47
51:11	REV.21.4	46
51:11	REV.7.17	38
51:11	ISA.35.10	36
51:11	2TH.2.16	22
51:11	ISA.61.7	20
51:11	JER.33.11	19
51:11	ISA.60.19-ISA.60.20	18
51:11	2CO.4.17-2CO.4.18	16
51:11	REV.22.3	16
51:11	ISA.65.19	15
51:11	JUD.1.24	15
51:11	ISA.44.23	12
51:11	JER.30.18-JER.30.19	11
51:11	ACT.2.41-ACT.2.47	10
51:11	REV.19.1-REV.19.7	10
51:11	ISA.48.20	8
51:11	ISA.49.13	8
51:11	JER.31.11-JER.31.12	8
51:11	REV.5.9-REV.5.13	7
51:11	REV.7.9-REV.7.10	7
51:11	REV.21.1	7
51:11	REV.14.1-REV.14.4	6
51:12	PSA.118.6	23
51:12	ISA.2.22	15
51:12	1PE.1.24	15
51:12	JHN.14.26-JHN.14.27	14
51:12	JHN.14.18	12
51:12	2CO.1.3-2CO.1.5	12
51:12	JAS.1.10-JAS.1.11	11
51:12	ISA.66.13	9
51:12	ISA.51.3	8
51:12	ISA.57.15-ISA.57.18	8
51:12	MAT.10.28	8
51:12	LUK.12.4-LUK.12.5	8
51:12	PSA.90.5-PSA.90.6	7
51:12	PSA.103.15-PSA.103.16	7
51:12	ISA.40.6-ISA.40.7	7
51:12	ISA.43.25	7
51:12	2CO.7.5-2CO.7.6	7
51:12	PSA.146.4	5
51:12	PRO.29.26	5
51:12	ISA.51.7-ISA.51.8	5
51:12	PSA.92.7	4
51:12	DAN.3.16-DAN.3.18	4
51:12	ACT.9.31	3
51:13	PSA.104.2	5
51:13	ISA.17.10	5
51:13	ISA.40.22	5
51:13	ISA.45.12	5
51:13	JOB.9.8	4
51:13	ISA.44.24	4
51:13	ISA.48.13	4
51:13	DAN.3.19	4
51:13	1CO.1.20	4
51:13	ISA.14.16-ISA.14.17	3
51:13	ISA.33.18-ISA.33.19	3
51:13	ISA.42.5	3
51:13	JER.2.32	3
51:13	JER.10.11-JER.10.12	3
51:13	JER.51.15	3
51:13	DAN.3.15	3
51:13	DAN.4.32-DAN.4.33	3
51:13	MAT.2.16-MAT.2.20	3
51:13	1CO.15.55	3
51:13	HEB.1.9-HEB.1.12	3
51:13	HEB.11.15	3
51:13	REV.19.20	3
51:13	REV.20.9	3
51:13	EXO.14.10-EXO.14.13	2
51:13	EXO.15.9-EXO.15.10	2
51:13	DEU.32.18	2
51:13	EST.5.14	2
51:13	EST.7.10	2
51:13	JOB.20.5-JOB.20.9	2
51:13	JOB.37.18	2
51:13	PSA.9.6-PSA.9.7	2
51:13	PSA.37.35-PSA.37.36	2
51:13	PSA.76.10	2
51:13	PSA.102.25-PSA.102.26	2
51:13	ISA.7.4	2
51:13	ISA.8.12-ISA.8.13	2
51:13	ISA.10.29-ISA.10.34	2
51:13	ISA.16.4	2
51:13	ISA.37.36-ISA.37.38	2
51:13	ISA.57.11	1
51:13	ACT.12.23	1
51:14	ISA.48.20	11
51:14	ZEC.9.11	10
51:14	ISA.52.2	9
51:14	ACT.12.7-ACT.12.8	8
51:14	ISA.49.10	6
51:14	EZR.1.5	4
51:14	JER.38.6-JER.38.13	4
51:14	JER.37.16	3
51:14	LAM.3.53-LAM.3.54	3
51:15	JER.31.35	9
51:15	ISA.54.5	6
51:15	AMO.9.5-AMO.9.6	4
51:15	PSA.74.13	3
51:15	PSA.114.3-PSA.114.5	3
51:15	PSA.136.13	3
51:15	ISA.47.4	3
51:15	ISA.51.10	3
51:15	JER.10.16	3
51:15	JOB.26.12	2
51:15	ISA.48.2	2
51:15	NEH.9.11	1
51:16	ISA.59.21	18
51:16	ISA.49.2	14
51:16	JHN.17.8	14
51:16	DEU.18.18	13
51:16	JER.31.33	11
51:16	ISA.66.22	8
51:16	ISA.48.13	6
51:16	ISA.50.4	6
51:16	ZEC.13.9	6
51:16	JHN.8.38-JHN.8.40	6
51:16	ISA.65.17	5
51:16	2PE.3.13	5
51:16	DEU.33.27	4
51:16	PSA.92.13	4
51:16	ISA.49.8	4
51:16	ISA.60.14-ISA.60.15	4
51:16	JHN.3.34	4
51:16	HEB.8.10	4
51:16	EXO.33.22	3
51:16	PSA.75.3	3
51:16	ISA.45.18	2
51:16	ISA.60.21	2
51:16	JER.32.38	2
51:16	ZEC.8.8	2
51:16	REV.1.1	2
51:16	ISA.61.3	1
51:17	ISA.52.1	9
51:17	REV.14.10	8
51:17	1CO.15.34	7
51:17	JOB.21.20	6
51:17	PSA.60.3	6
51:17	ISA.51.9	6
51:17	EPH.5.14	6
51:17	PSA.11.6	5
51:17	PSA.75.8	5
51:17	ZEC.12.2	5
51:17	REV.18.6	5
51:17	JDG.5.12	4
51:17	PSA.75.10	4
51:17	ISA.60.1-ISA.60.2	4
51:17	JER.25.15-JER.25.17	4
51:17	JER.25.27	4
51:17	EZK.23.31-EZK.23.34	4
51:17	REV.16.19	4
51:17	DEU.28.28	3
51:17	DEU.28.34	3
51:18	PSA.88.18	4
51:18	ISA.49.21	4
51:18	PSA.142.4	3
51:18	ISA.41.13	3
51:18	ISA.45.1	3
51:18	MAT.9.36	3
51:18	MAT.15.14	3
51:18	MRK.8.23	3
51:18	JOB.8.20	2
51:18	ISA.3.4-ISA.3.8	2
51:18	JER.31.32	2
51:18	ACT.9.8	2
51:18	ACT.13.11	2
51:18	HEB.8.9	2
51:19	ISA.47.9	4
51:19	AMO.7.2	4
51:19	JOB.2.11	2
51:19	JOB.42.11	2
51:19	PSA.69.20	2
51:19	ECC.4.1	2
51:19	ISA.14.30	2
51:19	ISA.22.4	2
51:19	ISA.61.2	2
51:19	JER.9.17-JER.9.21	2
51:19	LAM.1.9	2
51:19	LAM.1.12	2
51:19	LAM.1.16-LAM.1.17	2
51:19	EZK.14.21	2
51:19	2CO.7.6-2CO.7.7	2
51:19	2CO.7.13	2
51:19	2TH.2.16-2TH.2.17	1
51:20	LAM.2.11-LAM.2.12	4
51:20	REV.16.9-REV.16.11	4
51:20	DEU.14.5	3
51:20	PSA.88.15-PSA.88.16	3
51:20	ISA.5.25	3
51:20	ISA.8.21	3
51:20	ISA.9.19-ISA.9.21	3
51:20	ISA.29.9	3
51:20	ISA.49.26	3
51:20	ISA.51.17	3
51:20	ISA.51.21	3
51:20	JER.14.16	3
51:20	JER.14.18	3
51:20	LAM.1.15	3
51:20	LAM.1.19	3
51:20	LAM.3.15-LAM.3.16	3
51:20	LAM.4.2	3
51:20	LAM.5.13	3
51:20	EZK.12.13	3
51:20	EZK.17.20	3
51:20	EZK.39.19	3
51:20	REV.14.10	3
51:20	ISA.40.30	2
51:21	ISA.29.9	2
51:21	ISA.51.17	2
51:21	ISA.54.11	2
51:22	PRO.22.23	7
51:22	ISA.51.17	6
51:22	ISA.62.8	6
51:22	JER.50.34	6
51:22	ISA.49.25	5
51:22	PSA.35.1	4
51:22	1SA.25.39	3
51:22	JOL.3.2	3
51:22	MIC.7.9	3
51:22	JER.51.36	2
51:22	EZK.39.29	2
51:22	ISA.54.7-ISA.54.9	1
51:23	JOS.10.24	5
51:23	ZEC.12.2	4
51:23	PSA.65.11-PSA.65.12	2
51:23	PRO.11.8	2
51:23	PRO.21.18	2
51:23	ISA.49.25-ISA.49.26	2
51:23	JER.25.15-JER.25.29	2
51:23	REV.11.2	2
51:23	REV.13.16-REV.13.17	2
51:23	REV.17.6-REV.17.8	2
51:23	REV.17.18	2
52:1	REV.21.27	14
52:1	ISA.51.17	13
52:1	ZEC.3.4	12
52:1	REV.21.2	11
52:1	ISA.51.9	10
52:1	ISA.35.8	7
52:1	ISA.48.2	6
52:1	EPH.6.10	6
52:1	NAM.1.15	5
52:1	HAG.2.4	5
52:1	MAT.4.5	5
52:1	ROM.13.14	5
52:1	EXO.28.2	4
52:1	EXO.28.40	4
52:1	NEH.11.1	4
52:1	ISA.1.21	4
52:1	ISA.26.2	4
52:1	ISA.60.21	4
52:1	ISA.61.10	4
52:1	EZK.44.9	3
52:1	DAN.10.16-DAN.10.19	3
52:1	ZEC.14.20-ZEC.14.21	3
52:1	LUK.15.22	3
52:1	EPH.4.24	3
52:1	REV.19.8	3
52:1	REV.19.14	3
52:1	ISA.1.26	2
52:1	ISA.61.3	2
52:1	JER.31.23	2
52:1	DAN.10.9	2
52:1	ROM.3.22	2
52:1	PSA.110.3	1
52:2	ISA.51.14	6
52:2	ISA.61.1	5
52:2	JER.51.45	5
52:2	JER.51.50	5
52:2	LUK.4.18	5
52:2	REV.18.4	4
52:2	ZEC.2.6	3
52:2	ISA.3.26	2
52:2	ISA.29.4	2
52:2	LUK.21.24	2
52:2	ISA.49.21	1
52:2	ISA.51.23	1
52:2	JER.51.6	0
52:3	ISA.45.13	9
52:3	1PE.1.18	9
52:3	PSA.44.12	6
52:3	ISA.50.1	3
52:3	JER.15.13	3
52:3	ROM.7.14-ROM.7.25	2
52:4	GEN.46.6	6
52:4	PSA.69.4	4
52:4	JOB.2.3	3
52:4	ACT.7.14-ACT.7.15	3
52:4	PSA.25.3	2
52:4	ISA.14.25	1
52:4	ISA.36.1-ISA.36.22	1
52:4	JER.50.17	1
52:4	JHN.15.25	1
52:5	ROM.2.24	10
52:5	EXO.1.13-EXO.1.16	2
52:5	EXO.2.23-EXO.2.24	2
52:5	EXO.3.7	2
52:5	JDG.18.3	2
52:5	PSA.44.12	2
52:5	PSA.44.16	2
52:5	PSA.74.10	2
52:5	PSA.74.18	2
52:5	PSA.74.22-PSA.74.23	2
52:5	PSA.137.1-PSA.137.2	2
52:5	ISA.22.16	2
52:5	ISA.37.6	2
52:5	ISA.37.28	2
52:5	ISA.47.6	2
52:5	ISA.51.20	2
52:5	ISA.51.23	2
52:5	ISA.52.3	2
52:5	JER.50.17	2
52:5	LAM.1.21	2
52:5	LAM.2.3	2
52:5	LAM.5.13-LAM.5.15	2
52:5	EZK.20.9	2
52:5	EZK.20.14	2
52:5	EZK.36.20-EZK.36.23	2
52:5	ZEP.1.10	2
52:6	EZK.37.13-EZK.37.14	10
52:6	EZK.20.44	9
52:6	ZEC.10.9-ZEC.10.12	9
52:6	HEB.8.10-HEB.8.11	9
52:6	EXO.33.19	7
52:6	NUM.23.19	6
52:6	EZK.39.27-EZK.39.29	6
52:6	PSA.48.10	4
52:6	EXO.34.5-EXO.34.7	2
52:6	HEB.6.14-HEB.6.18	2
52:6	ISA.42.9	1
52:6	ISA.49.23	1
52:7	ROM.10.12-ROM.10.15	37
52:7	NAM.1.15	33
52:7	ISA.61.1-ISA.61.3	27
52:7	MRK.16.15	27
52:7	PSA.93.1	16
52:7	ISA.40.9	16
52:7	EPH.6.15	16
52:7	MAT.28.18	13
52:7	ISA.24.23	12
52:7	PSA.68.11	11
52:7	MRK.13.10	10
52:7	LUK.2.10	10
52:7	ZEC.9.9	9
52:7	LUK.24.47	9
52:7	REV.14.6	9
52:7	PSA.99.1	8
52:7	REV.11.15	7
52:7	PSA.96.10	6
52:7	SNG.2.8	6
52:7	ISA.33.22	6
52:7	MIC.4.7	6
52:7	ACT.10.36-ACT.10.38	6
52:7	MAT.25.34	4
52:7	PSA.59.13	3
52:7	PSA.97.1	3
52:8	ISA.62.6	7
52:8	JER.32.39	5
52:8	EZK.33.7	5
52:8	ISA.30.26	4
52:8	ISA.35.10	4
52:8	ISA.40.9	4
52:8	ISA.48.20	4
52:8	ISA.56.10	4
52:8	ISA.58.1	4
52:8	JER.6.17	4
52:8	JER.31.6-JER.31.7	4
52:8	JER.33.11	4
52:8	EZK.3.17	4
52:8	ZEP.3.9	4
52:8	1CO.1.10	4
52:8	1CO.13.12	4
52:8	SNG.3.3	3
52:8	SNG.5.7	3
52:8	ISA.12.4-ISA.12.6	3
52:8	ISA.24.14	3
52:8	ISA.26.1	3
52:8	ISA.27.2	3
52:8	ZEC.12.8	3
52:8	ACT.2.1	3
52:8	ACT.2.46-ACT.2.47	3
52:8	ACT.4.32	3
52:8	EPH.1.17-EPH.1.18	3
52:8	REV.5.8-REV.5.10	2
52:8	REV.18.20	2
52:8	REV.19.4	2
52:8	HEB.13.17	1
52:9	PSA.98.4	7
52:9	ISA.51.3	7
52:9	ISA.48.20	5
52:9	PSA.96.11-PSA.96.12	4
52:9	ISA.14.7	4
52:9	ISA.42.10-ISA.42.11	4
52:9	ISA.44.23	4
52:9	ISA.44.26	4
52:9	ISA.49.13	4
52:9	ISA.55.12	4
52:9	ISA.61.4	4
52:9	ZEP.3.14-ZEP.3.15	4
52:9	ISA.54.1-ISA.54.3	3
52:9	ISA.65.18-ISA.65.19	3
52:9	ISA.66.10-ISA.66.13	3
52:9	GAL.4.27	3
52:10	LUK.3.6	14
52:10	REV.14.6	10
52:10	PSA.98.1-PSA.98.3	9
52:10	ISA.51.9	9
52:10	REV.15.4	9
52:10	ISA.49.6	8
52:10	ISA.66.18-ISA.66.19	8
52:10	ACT.2.5-ACT.2.11	8
52:10	ACT.13.47	8
52:10	REV.11.15-REV.11.17	6
52:10	PSA.22.27	4
52:11	2CO.6.17	15
52:11	ZEC.2.6-ZEC.2.7	9
52:11	ISA.48.20	7
52:11	EPH.5.11	7
52:11	LEV.10.3	6
52:11	ISA.1.16	6
52:11	EZR.1.7-EZR.1.11	5
52:11	HAG.2.13-HAG.2.14	5
52:11	LEV.5.2-LEV.5.3	4
52:11	LEV.11.26-LEV.11.27	4
52:11	LEV.11.47	4
52:11	LEV.22.2-LEV.22.33	4
52:11	EZR.8.25-EZR.8.30	4
52:11	JER.50.8	4
52:11	JER.51.6	4
52:11	JER.51.45	4
52:11	EZK.44.23	4
52:11	ACT.10.14	4
52:11	ACT.10.28	4
52:11	ROM.14.14	4
52:11	1PE.1.14-1PE.1.16	4
52:11	1PE.2.11	4
52:11	REV.18.4	4
52:11	LEV.11.45	3
52:11	LEV.15.5-LEV.15.33	3
52:11	1PE.2.5	3
52:12	DEU.20.4	17
52:12	ISA.58.8	17
52:12	EXO.14.19-EXO.14.20	10
52:12	EXO.13.21-EXO.13.22	8
52:12	ISA.45.2	6
52:12	EXO.12.11	3
52:12	MIC.2.13	3
52:12	NUM.10.25	2
52:12	1CH.14.15	2
52:12	JDG.4.14	1
52:12	EXO.12.33	0
52:12	EXO.12.39	0
52:13	PHP.2.7-PHP.2.11	12
52:13	MAT.28.18	11
52:13	ISA.42.1	8
52:13	JHN.3.31	8
52:13	JER.23.5	6
52:13	REV.5.6-REV.5.13	5
52:13	ISA.9.6-ISA.9.7	4
52:13	JHN.5.22-JHN.5.23	4
52:13	ISA.11.2-ISA.11.3	3
52:13	ISA.49.3	3
52:13	ISA.53.10-ISA.53.11	3
52:13	ZEC.3.8	3
52:13	EPH.1.20-EPH.1.23	3
52:13	HEB.1.3	3
52:13	PSA.2.6-PSA.2.9	2
52:13	PSA.110.1-PSA.110.2	2
52:13	ISA.49.1	2
52:13	ISA.57.15	2
52:13	EZK.34.23	1
52:13	ISA.49.5-ISA.49.7	0
52:14	ISA.50.6	14
52:14	MAT.26.67	14
52:14	ISA.53.2-ISA.53.5	10
52:14	PSA.22.6-PSA.22.7	8
52:14	PSA.22.17	8
52:14	MAT.27.14	7
52:14	PSA.22.15	5
52:14	PSA.71.7	5
52:14	PSA.102.3-PSA.102.5	5
52:14	MAT.27.29-MAT.27.30	5
52:14	LUK.22.64	5
52:14	MAT.7.28	4
52:14	MAT.22.22-MAT.22.23	4
52:14	LUK.4.36	4
52:14	LUK.5.26	4
52:14	MRK.5.42	3
52:14	MRK.6.51	3
52:14	MRK.7.37	3
52:14	LUK.2.47	3
52:14	MRK.10.26	2
52:14	MRK.10.32	2
52:15	ROM.15.20-ROM.15.21	9
52:15	ISA.49.7	7
52:15	PSA.72.9-PSA.72.11	4
52:15	ISA.55.5	4
52:15	EZK.36.25	4
52:15	1PE.1.2	4
52:15	ISA.49.23	3
52:15	MIC.7.16-MIC.7.17	3
52:15	ZEC.2.13	3
52:15	MAT.28.19	3
52:15	ACT.2.33	3
52:15	ROM.16.25-ROM.16.26	3
52:15	EPH.3.5-EPH.3.9	3
52:15	TIT.3.5-TIT.3.6	3
52:15	HEB.9.13-HEB.9.14	3
52:15	HEB.10.22	3
52:15	HEB.11.28	3
52:15	HEB.12.24	3
52:15	NUM.8.7	2
52:15	JOB.29.9-JOB.29.10	2
52:15	JOB.40.4	2
52:15	ISA.51.5	2
53:1	JHN.12.38	76
53:1	ROM.10.16-ROM.10.17	54
53:1	1CO.1.18	28
53:1	JHN.1.12	20
53:1	MAT.16.17	18
53:1	MAT.11.25	15
53:1	1CO.1.24	15
53:1	ISA.52.10	14
53:1	ISA.40.5	13
53:1	JHN.1.7	13
53:1	ROM.1.16-ROM.1.18	13
53:1	ISA.51.9	12
53:1	ISA.62.8	12
53:1	EPH.1.18-EPH.1.19	11
53:2	PHP.2.6-PHP.2.7	39
53:2	ISA.52.14	21
53:2	ISA.11.1	17
53:2	JHN.1.10-JHN.1.14	17
53:2	MRK.6.3	11
53:2	JER.23.5	10
53:2	EZK.17.22-EZK.17.24	10
53:2	JHN.19.14-JHN.19.15	8
53:2	MRK.9.12	7
53:2	ROM.8.3	5
53:2	JHN.9.28-JHN.9.29	4
53:2	JHN.18.40	4
53:2	JHN.19.5	4
53:2	1PE.2.14	4
53:2	ZEC.6.12	3
53:2	LUK.2.39-LUK.2.40	3
53:2	LUK.2.51-LUK.2.52	3
53:2	LUK.9.58	3
53:2	LUK.2.7	2
53:3	JHN.1.10-JHN.1.11	39
53:3	MAT.26.67	37
53:3	HEB.12.2-HEB.12.3	25
53:3	ISA.53.10	24
53:3	ISA.49.7	20
53:3	PSA.22.6-PSA.22.8	19
53:3	ISA.53.4	18
53:3	MRK.14.34	18
53:3	HEB.5.7	14
53:3	LUK.9.22	12
53:3	ISA.50.6	11
53:3	HEB.4.15	11
53:3	JHN.11.35	10
53:3	PSA.69.19-PSA.69.20	9
53:3	ZEC.11.12-ZEC.11.13	9
53:3	LUK.16.14	9
53:3	MAT.27.39-MAT.27.44	8
53:3	LUK.8.53	8
53:3	LUK.18.31-LUK.18.33	8
53:3	PSA.69.10-PSA.69.12	7
53:3	MRK.9.12	7
53:3	MRK.15.19	7
53:3	HEB.2.15-HEB.2.18	7
53:3	PSA.69.29	6
53:3	MIC.5.1	6
53:3	MAT.27.63	6
53:3	JHN.8.48	6
53:3	ACT.3.13-ACT.3.15	6
53:3	DEU.32.15	5
53:3	ZEC.11.8	5
53:3	MAT.26.37-MAT.26.38	4
53:3	MAT.27.9-MAT.27.10	4
53:3	LUK.23.18-LUK.23.25	4
53:3	LUK.19.41	3
53:4	1PE.2.24	84
53:4	MAT.8.17	77
53:4	GAL.3.13	46
53:4	1JN.2.2	42
53:4	1PE.3.18	36
53:4	ISA.53.5-ISA.53.6	27
53:4	HEB.9.28	24
53:4	ISA.53.11-ISA.53.12	22
53:4	JHN.19.7	11
53:4	PSA.69.26	9
53:5	1PE.2.24-1PE.2.25	250
53:5	1PE.3.18	131
53:5	MAT.20.28	113
53:5	2CO.5.21	98
53:5	ROM.5.6-ROM.5.10	80
53:5	ISA.53.10-ISA.53.12	69
53:5	HEB.10.14	65
53:5	ROM.4.25	55
53:5	HEB.9.12-HEB.9.15	54
53:5	HEB.10.10	48
53:5	1CO.15.3	42
53:5	ISA.53.6-ISA.53.8	41
53:5	HEB.9.28	41
53:5	ROM.3.24-ROM.3.26	39
53:5	ROM.5.15-ROM.5.21	36
53:5	EPH.5.2	32
53:5	DAN.9.24	28
53:5	GEN.3.15	27
53:5	ZEC.13.7	8
53:6	1PE.2.25	57
53:6	1PE.3.18	38
53:6	PSA.119.176	34
53:6	ISA.55.7	24
53:6	ROM.4.25	23
53:6	ROM.3.10-ROM.3.19	19
53:6	JAS.5.20	16
53:6	MAT.18.12-MAT.18.14	13
53:6	LUK.15.3-LUK.15.7	11
53:6	ISA.53.10	10
53:6	ISA.56.11	9
53:6	PSA.69.4	6
53:6	EZK.3.18	4
53:7	ACT.8.32-ACT.8.33	37
53:7	MAT.26.63	29
53:7	1PE.2.23	25
53:7	MRK.14.61	23
53:7	MAT.27.12-MAT.27.14	19
53:7	JHN.19.9	19
53:7	LUK.23.9	17
53:7	MRK.15.5	14
53:8	ACT.8.33	14
53:8	1PE.3.18	14
53:8	MAT.26.65-MAT.26.66	10
53:8	JHN.19.7	10
53:8	PSA.22.12-PSA.22.21	9
53:8	JHN.11.49-JHN.11.52	9
53:8	ISA.53.12	8
53:8	ISA.53.5	6
53:8	DAN.9.26	5
53:8	ROM.1.4	5
53:8	PSA.69.12	4
53:8	MAT.1.1	1
53:9	MAT.27.57-MAT.27.60	20
53:9	1PE.2.22	20
53:9	MRK.15.43-MRK.15.46	10
53:9	1JN.3.5	10
53:9	2CO.5.21	9
53:9	LUK.23.50-LUK.23.53	7
53:9	JHN.19.38-JHN.19.42	6
53:9	ISA.42.1-ISA.42.3	5
53:9	HEB.4.15	3
53:9	1CO.15.4	2
53:9	HEB.7.26	2
53:10	2CO.5.21	19
53:10	ROM.8.32	18
53:10	GAL.3.13	14
53:10	ZEC.13.7	12
53:10	EPH.1.5	11
53:10	ISA.53.3-ISA.53.6	10
53:10	HEB.10.6-HEB.10.12	10
53:10	1JN.4.9-1JN.4.10	10
53:10	ISA.53.12	8
53:10	ROM.6.9	8
53:10	HEB.13.10-HEB.13.12	8
53:10	1PE.2.24	8
53:10	REV.1.18	8
53:10	ISA.42.1	6
53:10	ISA.46.10	6
53:10	LUK.15.23-LUK.15.24	6
53:10	ROM.8.8	6
53:10	MAT.3.17	5
53:10	LUK.15.5-LUK.15.7	5
53:10	JHN.6.37-JHN.6.40	5
53:10	JHN.12.24	5
53:10	PSA.16.9-PSA.16.11	4
53:10	PSA.22.30	4
53:10	PSA.45.16-PSA.45.17	4
53:10	PSA.72.17	4
53:10	PSA.85.10-PSA.85.12	4
53:10	PSA.89.29	4
53:10	PSA.149.4	4
53:10	ISA.55.11-ISA.55.13	4
53:10	JER.32.41	4
53:10	EZK.33.11	4
53:10	EZK.37.25	4
53:10	DAN.7.13-DAN.7.14	4
53:10	DAN.9.24	4
53:10	MIC.7.18	4
53:10	ZEP.3.17	4
53:10	MAT.17.5	4
53:10	LUK.1.33	4
53:10	ACT.2.24-ACT.2.28	4
53:10	EPH.1.9	4
53:10	EPH.5.2	4
53:10	HEB.2.13	4
53:10	HEB.7.27	4
53:10	HEB.9.14	4
53:10	PSA.147.11	3
53:10	PSA.21.4	2
53:10	PSA.69.26	2
53:10	PSA.72.7	2
53:10	PSA.89.36	2
53:10	ISA.9.7	2
53:10	ISA.62.3-ISA.62.5	2
53:10	2TH.1.11	2
53:10	HEB.9.25-HEB.9.26	2
53:10	PSA.110.3	1
53:11	ROM.5.18-ROM.5.19	13
53:11	ISA.53.4-ISA.53.6	9
53:11	1PE.2.24	9
53:11	REV.5.9-REV.5.10	8
53:11	ISA.53.12	7
53:11	1PE.3.18	7
53:11	JHN.12.27-JHN.12.32	6
53:11	JHN.17.3	6
53:11	ROM.4.24-ROM.5.1	5
53:11	MAT.20.28	4
53:11	JHN.10.14-JHN.10.18	4
53:11	JHN.16.21	4
53:11	PHP.3.8-PHP.3.10	4
53:11	HEB.9.28	4
53:11	HEB.12.2	4
53:11	ISA.42.1	3
53:11	ISA.45.25	3
53:11	ISA.53.8	3
53:11	1CO.6.11	3
53:11	TIT.3.6-TIT.3.7	3
53:11	1JN.2.1	3
53:11	ISA.49.3	2
53:11	LUK.22.44	2
53:11	JHN.12.24	2
53:11	ROM.3.22-ROM.3.24	2
53:11	ROM.5.9	2
53:11	2CO.4.6	2
53:11	GAL.4.19	2
53:11	2PE.3.18	2
53:11	2JN.1.1	2
53:11	2JN.1.3	2
53:11	REV.7.9-REV.7.17	2
53:11	2PE.1.2-2PE.1.3	1
53:12	LUK.22.37	19
53:12	HEB.9.28	14
53:12	MRK.15.27	11
53:12	LUK.23.32-LUK.23.34	11
53:12	COL.1.13-COL.1.14	10
53:12	1JN.2.12	10
53:12	ISA.53.6	8
53:12	ROM.8.34	8
53:12	1TI.2.5-1TI.2.6	8
53:12	HEB.9.26	8
53:12	TIT.2.14	7
53:12	HEB.2.14-HEB.2.15	7
53:12	HEB.12.2	6
53:12	1JN.2.1	6
53:12	PSA.2.8	5
53:12	PSA.22.14	5
53:12	ISA.52.13	5
53:12	ISA.53.8	5
53:12	ISA.53.10-ISA.53.11	5
53:12	COL.2.15	5
53:12	HEB.9.24	5
53:12	ISA.52.15	4
53:12	DAN.2.45	4
53:12	MAT.26.38-MAT.26.39	4
53:12	MAT.26.42	4
53:12	LUK.23.25	4
53:12	ACT.26.18	4
53:12	PHP.2.8-PHP.2.11	4
53:12	HEB.7.25	4
53:12	GEN.3.15	3
53:12	ISA.49.24-ISA.49.25	3
53:12	MAT.12.28-MAT.12.29	3
53:12	PHP.2.17	2
54:1	GAL.4.27	42
54:1	ISA.62.4	29
54:1	1SA.2.5	18
54:1	PSA.113.9	15
54:1	ZEC.9.9	15
54:1	HEB.11.11-HEB.11.12	15
54:1	ISA.49.13	13
54:1	ZEP.3.14	12
54:1	PSA.98.3-PSA.98.9	11
54:1	PSA.67.3-PSA.67.5	9
54:1	ISA.49.20	8
54:1	ISA.42.10-ISA.42.11	7
54:1	ISA.55.12-ISA.55.13	7
54:1	ISA.44.23	6
54:1	REV.7.9-REV.7.10	6
54:1	SNG.8.8	4
54:2	ISA.33.20	17
54:2	ISA.49.19-ISA.49.20	13
54:2	JER.10.20	13
54:2	EXO.39.40	12
54:2	EXO.35.18	5
54:3	GEN.28.14	5
54:3	PSA.72.8-PSA.72.11	5
54:3	ISA.43.5-ISA.43.6	5
54:3	ISA.49.18-ISA.49.19	5
54:3	ISA.60.3-ISA.60.13	5
54:3	EZK.36.35-EZK.36.36	5
54:3	ISA.52.9	4
54:3	GEN.49.10	3
54:3	ISA.2.2-ISA.2.4	3
54:3	ISA.42.1-ISA.42.12	3
54:3	ISA.49.12	3
54:3	ISA.11.9-ISA.11.12	2
54:3	ISA.55.5	2
54:3	ISA.61.5-ISA.61.9	2
54:3	ISA.35.1-ISA.35.2	1
54:3	ISA.49.8	1
54:3	ROM.9.25-ROM.9.26	1
54:3	ROM.10.18	1
54:3	ROM.11.12	1
54:3	COL.1.23	1
54:4	ISA.41.10	28
54:4	1PE.2.6	20
54:4	ISA.61.7	18
54:4	JER.31.19	18
54:4	ISA.45.16-ISA.45.17	15
54:4	ISA.51.7	15
54:4	ISA.41.14	10
54:4	EZK.16.60-EZK.16.63	9
54:4	HOS.3.1-HOS.3.5	9
54:4	EZK.16.43	4
54:4	EZK.16.22	3
54:5	EPH.5.25-EPH.5.27	30
54:5	HOS.2.19-HOS.2.20	28
54:5	2CO.11.2-2CO.11.3	17
54:5	ISA.48.17	15
54:5	EZK.16.8	13
54:5	JHN.3.29	9
54:5	ROM.3.29-ROM.3.30	9
54:5	PSA.45.10-PSA.45.17	6
54:5	ZEC.14.9	5
54:5	EPH.5.32	3
54:5	ISA.6.3	2
54:5	ISA.43.14	2
54:5	JER.3.14	2
54:5	JER.51.19	2
54:5	LUK.1.32	2
54:5	JER.10.16	1
54:5	REV.11.15	1
54:5	ISA.48.2	0
54:5	ISA.51.15	0
54:6	ISA.62.4	14
54:6	PRO.5.18	9
54:6	ECC.9.9	9
54:6	HOS.2.1-HOS.2.2	9
54:6	HOS.2.14-HOS.2.15	9
54:6	ISA.49.14-ISA.49.21	7
54:6	ISA.50.1-ISA.50.2	5
54:6	MAL.2.14	5
54:6	2CO.7.9-2CO.7.10	5
54:6	MAT.11.28	4
54:6	2CO.7.6	3
54:7	PSA.30.5	16
54:7	ISA.26.20	11
54:7	MIC.4.6	11
54:7	2PE.3.8	11
54:7	DEU.30.3	9
54:7	ISA.60.4	9
54:7	ISA.66.18	8
54:7	2CO.4.17	7
54:7	MAT.23.37	6
54:7	ISA.56.8	5
54:7	PSA.106.47	4
54:7	ISA.27.12	4
54:7	ISA.40.11	4
54:7	ISA.43.5-ISA.43.6	4
54:7	ISA.60.10	4
54:7	EZK.36.24	4
54:7	ISA.11.11	3
54:7	ISA.49.18	3
54:7	EPH.1.10	3
54:8	JER.31.3	13
54:8	ISA.60.10	11
54:8	1TI.1.16	11
54:8	EZK.39.23-EZK.39.24	9
54:8	ISA.54.10	7
54:8	ISA.57.16-ISA.57.17	6
54:8	ZEC.1.15	6
54:8	ISA.8.17	5
54:8	ISA.55.3	5
54:8	ISA.47.6	4
54:8	ISA.48.17	4
54:8	ISA.54.5	4
54:8	PSA.13.1	3
54:8	PSA.103.17	3
54:8	ISA.45.15	3
54:8	ISA.49.26	3
54:8	2TH.2.16	3
54:8	PSA.27.9	2
54:9	ISA.12.1	8
54:9	GEN.8.21	5
54:9	GEN.9.11-GEN.9.16	3
54:9	HEB.6.16-HEB.6.18	3
54:9	PSA.104.9	2
54:9	ISA.55.11	2
54:9	JER.31.35-JER.31.36	2
54:9	JER.33.20-JER.33.26	2
54:9	EZK.39.20	2
54:10	PSA.89.33-PSA.89.34	58
54:10	PSA.46.2	51
54:10	EPH.2.4-EPH.2.5	40
54:10	MAT.24.35	39
54:10	ROM.11.29	30
54:10	ISA.51.6-ISA.51.7	24
54:10	ISA.55.3	24
54:10	ISA.54.8	20
54:10	MAL.2.5	19
54:10	HEB.13.20-HEB.13.21	15
54:10	ISA.49.10	13
54:10	2SA.23.5	12
54:10	TIT.3.5	12
54:10	HEB.8.6-HEB.8.13	12
54:10	MAT.5.18	10
54:10	MAT.16.18	9
54:10	2PE.3.10-2PE.3.13	8
54:11	1PE.2.4-1PE.2.6	13
54:11	JER.30.17	11
54:11	ACT.14.22	11
54:11	ISA.54.6	7
54:11	1CH.29.2	6
54:11	PSA.34.19	6
54:11	EXO.2.23	5
54:11	REV.21.18-REV.21.21	5
54:11	ISA.14.32	4
54:11	ISA.28.16	4
54:11	ISA.49.14	4
54:11	ISA.51.21	4
54:11	LAM.1.1-LAM.1.2	4
54:11	EZK.10.1	4
54:11	REV.12.13-REV.12.17	4
54:11	EXO.3.2	3
54:11	EXO.3.7	3
54:11	EXO.24.10	3
54:11	EXO.28.17-EXO.28.20	3
54:11	EXO.39.10-EXO.39.14	3
54:11	DEU.31.17	3
54:11	1KI.5.17	3
54:11	PSA.129.1-PSA.129.3	3
54:11	SNG.5.14	3
54:11	ISA.51.17-ISA.51.19	3
54:11	ISA.51.23-ISA.52.5	3
54:11	ISA.60.15	3
54:11	LAM.1.16-LAM.1.17	3
54:11	LAM.1.21	3
54:11	EZK.1.26	3
54:11	EZK.40.1-EZK.40.42	3
54:11	MAT.8.24	3
54:11	JHN.16.20-JHN.16.22	3
54:11	JHN.16.33	3
54:11	ACT.27.18-ACT.27.20	3
54:11	EPH.2.20	3
54:11	REV.11.3-REV.11.10	3
54:13	JHN.6.45	43
54:13	PHP.4.7	25
54:13	PSA.119.165	24
54:13	JER.31.34	21
54:13	HEB.8.10	18
54:13	JHN.14.26-JHN.14.27	17
54:13	GAL.5.22	16
54:13	ISA.26.3	15
54:13	JHN.16.33	15
54:13	ROM.15.13	15
54:13	LUK.24.45	14
54:13	ROM.5.1	14
54:13	1JN.2.27	13
54:13	EZK.34.28	12
54:13	MAT.11.25-MAT.11.29	11
54:13	ROM.14.17	10
54:13	PSA.71.17	9
54:13	ISA.11.9	8
54:13	ISA.48.18	8
54:13	JER.33.6	8
54:13	EZK.37.26	8
54:13	MAT.16.17	8
54:13	1JN.2.20	8
54:13	PSA.25.8-PSA.25.12	7
54:13	ISA.55.12	7
54:13	1CO.2.10	7
54:13	1TH.4.9	7
54:13	ISA.2.3	6
54:13	ISA.32.15-ISA.32.18	6
54:13	EZK.34.25	6
54:13	LUK.10.21-LUK.10.22	6
54:13	HOS.2.18	5
54:13	EPH.4.21	5
54:14	PRO.3.25-PRO.3.26	16
54:14	JER.30.10	14
54:14	ZEC.9.8	11
54:14	EZK.36.27-EZK.36.28	9
54:14	ZEC.2.4-ZEC.2.5	9
54:14	ZEC.8.3	9
54:14	ISA.9.4	8
54:14	ISA.1.26	7
54:14	ISA.61.10-ISA.62.1	7
54:14	ISA.2.4	6
54:14	ISA.60.21	6
54:14	MIC.4.3-MIC.4.4	6
54:14	2PE.3.13	6
54:14	ISA.45.24	5
54:14	ZEP.3.13-ZEP.3.16	5
54:14	ISA.51.13	4
54:14	ISA.52.1	4
54:14	JER.23.3-JER.23.4	4
54:14	JER.31.23	4
54:14	EZK.37.23-EZK.37.26	4
54:14	JOL.3.17-JOL.3.21	4
54:15	ISA.41.11-ISA.41.16	26
54:15	PSA.37.12-PSA.37.13	18
54:15	ZEC.12.9	17
54:15	ZEC.2.8	16
54:15	ISA.43.3-ISA.43.4	13
54:15	REV.20.8-REV.20.9	8
54:15	ISA.43.14	7
54:15	ZEC.14.2-ZEC.14.3	7
54:15	EZK.38.8-EZK.38.23	5
54:15	ZEC.12.3	5
54:15	REV.16.14	4
54:15	JOL.3.9-JOL.3.14	1
54:15	REV.19.19-REV.19.21	1
54:16	EXO.9.16	11
54:16	PRO.16.4	11
54:16	ISA.46.11	4
54:16	ISA.10.5-ISA.10.6	3
54:16	ISA.10.15	3
54:16	ISA.37.26	2
54:16	DAN.4.34-DAN.4.35	2
54:16	JHN.19.11	1
54:17	ROM.8.28-ROM.8.39	166
54:17	ISA.54.15	157
54:17	JHN.10.28-JHN.10.30	130
54:17	ISA.50.8	104
54:17	ROM.8.1	89
54:17	PSA.32.6	69
54:17	PSA.2.1-PSA.2.6	67
54:17	MAT.16.18	65
54:17	REV.12.10	61
54:17	DAN.6.20	57
54:17	ROM.10.4	49
54:17	ISA.29.8	48
54:17	2CO.5.21	45
54:17	PSA.61.5	42
54:17	ISA.58.14	42
54:17	PHP.3.9	40
54:17	ISA.61.10	39
54:17	JER.23.6	38
54:17	PSA.71.19	37
54:17	DAN.3.26	35
54:17	ZEC.3.1-ZEC.3.4	35
54:17	ROM.6.22-ROM.6.23	33
54:17	1CO.1.30	33
54:17	PSA.71.16	30
54:17	JOB.42.7	29
54:17	ISA.45.24-ISA.45.25	26
54:17	2PE.1.1	26
54:17	ROM.3.22	25
54:17	EZK.38.9-EZK.38.10	24
54:17	JOB.22.5-JOB.22.30	19
54:17	JOB.2.5	11
54:17	JOB.1.11	6
55:1	JHN.7.37-JHN.7.38	79
55:1	REV.21.6	76
55:1	REV.22.17	47
55:1	ISA.44.3	39
55:1	JHN.4.10-JHN.4.14	39
55:1	ISA.41.17-ISA.41.18	31
55:1	PSA.143.6	27
55:1	REV.22.1	23
55:1	1PE.2.2	16
55:1	PSA.63.1	15
55:1	PSA.42.1-PSA.42.2	14
55:1	JOL.3.18	14
55:1	MAT.10.8	14
55:1	MAT.13.44	14
55:1	ISA.52.3	13
55:1	ROM.3.24	13
55:1	PRO.1.21-PRO.1.23	12
55:1	HOS.14.4	12
55:1	EPH.2.4-EPH.2.8	12
55:1	REV.3.18	12
55:1	SNG.5.1	11
55:1	PRO.8.4	10
55:1	SNG.1.4	8
55:1	ZEC.9.15	8
55:1	MAT.26.29	8
55:1	1CO.3.2	8
55:1	ZEC.10.7	6
55:1	ZEC.2.6	5
55:1	JHN.2.3-JHN.2.10	5
55:1	RUT.4.1	2
55:1	SNG.1.2	0
55:1	LAM.5.4	0
55:2	JHN.6.48-JHN.6.58	15
55:2	PSA.22.26	13
55:2	JER.2.13	13
55:2	PSA.36.8	12
55:2	ROM.10.2-ROM.10.3	12
55:2	HEB.13.9	9
55:2	ISA.51.7	8
55:2	JER.31.14	8
55:2	HAB.2.13	7
55:2	MRK.7.14	7
55:2	PSA.34.11	6
55:2	HOS.8.7	6
55:2	MAT.22.4	6
55:2	PSA.63.5	5
55:2	ISA.51.1	5
55:2	PRO.9.5	4
55:2	ISA.1.19	4
55:2	ISA.51.4	4
55:2	MAT.15.9	4
55:2	ROM.9.31	4
55:2	ISA.46.6	3
55:2	HOS.12.1	3
55:2	LUK.15.23	3
55:2	ROM.10.17	3
55:2	EXO.15.26	2
55:2	DEU.11.13	2
55:2	PRO.8.32	2
55:2	ECC.6.2	2
55:2	ISA.25.6	2
55:2	PHP.3.4-PHP.3.7	2
55:2	PRO.1.33	1
55:2	PRO.7.23	1
55:2	ISA.44.20	1
55:2	LUK.15.15-LUK.15.16	1
55:3	JER.32.40	25
55:3	PRO.4.20	16
55:3	MAT.11.28	16
55:3	JHN.10.27	15
55:3	ACT.13.34	12
55:3	GEN.17.7	8
55:3	ISA.61.8	7
55:3	JHN.6.37	7
55:3	PSA.78.1	6
55:3	JHN.5.24-JHN.5.25	6
55:3	LEV.18.5	5
55:3	PSA.89.28	5
55:3	PSA.89.35-PSA.89.37	5
55:3	ISA.54.8	5
55:3	2SA.7.8-2SA.7.17	4
55:3	2SA.23.5	4
55:3	PSA.119.112	4
55:3	JER.30.9	4
55:3	JER.33.20-JER.33.21	4
55:3	JER.33.26	4
55:3	JER.50.5	4
55:3	EZK.37.24-EZK.37.25	4
55:3	MAT.17.5	4
55:3	JHN.8.47	4
55:3	HEB.13.20	4
55:3	MAT.13.16	3
55:3	JHN.6.44-JHN.6.45	3
55:3	JHN.7.37	2
55:3	ROM.10.5	2
55:4	REV.1.5	8
55:4	ISA.9.6-ISA.9.7	7
55:4	HEB.2.10	6
55:4	REV.3.14	6
55:4	PSA.18.43	5
55:4	JER.30.9	5
55:4	EZK.34.23-EZK.34.24	5
55:4	DAN.9.25	5
55:4	MAT.28.18-MAT.28.20	5
55:4	JHN.12.26	5
55:4	1TI.6.13	5
55:4	PSA.2.6	4
55:4	HOS.3.5	4
55:4	MIC.5.2-MIC.5.4	4
55:4	MAT.2.6	4
55:4	JHN.3.16	4
55:4	JHN.10.27	4
55:4	2TH.1.8	4
55:4	HEB.5.9	4
55:4	JHN.10.3	3
55:4	ISA.49.8-ISA.49.10	2
55:4	JHN.18.37	2
55:4	EPH.5.24	2
55:4	JHN.13.13	1
55:5	ISA.60.5	9
55:5	ISA.60.9	9
55:5	ZEC.2.11	9
55:5	ISA.56.8	6
55:5	JHN.17.1	6
55:5	ROM.15.20	6
55:5	GEN.49.10	5
55:5	PSA.18.43	5
55:5	ISA.55.4	5
55:5	PSA.110.1-PSA.110.3	4
55:5	ISA.45.23	4
55:5	ACT.5.31	4
55:5	ISA.11.10-ISA.11.11	3
55:5	ISA.49.6	3
55:5	ACT.3.13	3
55:5	HEB.5.5	3
55:5	ISA.52.15	2
55:5	HOS.1.10	2
55:5	JHN.13.31-JHN.13.32	2
55:5	EPH.3.5	2
55:5	ZEC.8.20-ZEC.8.23	1
55:5	LUK.24.26	1
55:5	1PE.1.11	1
55:6	JER.29.12-JER.29.14	221
55:6	PSA.145.18	159
55:6	ISA.45.19	105
55:6	PSA.32.6	95
55:6	PSA.14.2	92
55:6	ISA.65.24	85
55:6	MAT.7.7-MAT.7.8	83
55:6	2CO.6.1-2CO.6.2	63
55:6	AMO.5.6	57
55:6	PSA.27.8	54
55:6	1CH.28.9	53
55:6	JHN.12.35-JHN.12.36	53
55:6	HEB.2.3	53
55:6	JOB.8.5	52
55:6	DEU.4.7	47
55:6	JHN.7.33-JHN.7.34	37
55:6	PSA.95.7	35
55:6	ISA.49.8	35
55:6	HEB.3.13	32
55:6	MAT.25.11-MAT.25.12	31
55:6	ISA.46.13	29
55:6	LUK.13.25	29
55:6	JHN.8.21	27
55:6	PSA.148.14	25
55:6	2CH.19.3	23
55:6	EZK.8.6	23
55:6	PSA.75.1	18
55:6	EPH.3.13	17
55:6	ISA.12.6	16
55:6	MAT.5.25	16
55:7	PRO.28.13	61
55:7	JAS.4.8-JAS.4.10	54
55:7	EZK.18.21-EZK.18.23	50
55:7	LUK.15.10	41
55:7	ISA.44.22	40
55:7	JON.3.10	32
55:7	ISA.43.25	31
55:7	EZK.33.14-EZK.33.16	31
55:7	1TI.1.15-1TI.1.16	30
55:7	2CH.7.14	28
55:7	EZK.18.27-EZK.18.32	27
55:7	JER.4.14	25
55:7	EZK.33.11	25
55:7	ACT.3.19	25
55:7	MAT.9.13	23
55:7	PSA.66.18	22
55:7	1CO.6.9-1CO.6.11	21
55:7	JER.3.12-JER.3.13	20
55:7	EZK.3.18-EZK.3.19	20
55:7	ISA.1.16-ISA.1.18	19
55:7	ACT.8.21-ACT.8.22	18
55:7	MAT.23.25-MAT.23.26	17
55:7	ACT.26.20	17
55:7	EPH.1.6-EPH.1.8	16
55:7	ISA.40.2	15
55:7	LUK.11.39-LUK.11.40	15
55:7	ISA.54.10	14
55:7	JER.8.4-JER.8.6	14
55:7	HOS.14.1-HOS.14.2	14
55:7	MRK.7.23	14
55:7	LUK.7.47	14
55:7	LUK.15.24	14
55:7	NUM.14.18-NUM.14.19	13
55:7	EXO.34.6-EXO.34.7	12
55:7	PSA.51.1	12
55:7	PSA.130.7	11
55:7	MRK.7.21	11
55:7	GEN.6.5	10
55:7	MAT.15.18-MAT.15.19	10
55:7	ROM.5.16-ROM.5.21	10
55:7	ISA.32.7	9
55:7	ISA.59.7	9
55:7	JER.3.3	9
55:7	ZEC.8.17	9
55:7	JAS.1.15	9
55:8	PSA.92.5	90
55:8	PSA.40.5	70
55:8	HOS.14.9	54
55:8	PSA.25.10	35
55:8	EZK.18.29	33
55:8	DAN.4.37	23
55:8	ISA.53.6	20
55:8	PRO.21.8	18
55:8	PRO.25.3	11
55:9	PSA.103.11	27
55:9	ROM.11.31-ROM.11.36	26
55:9	MAT.11.25	23
55:9	PSA.77.19	19
55:9	PSA.36.5	10
55:9	PSA.89.2	8
55:10	2CO.9.9-2CO.9.11	23
55:10	DEU.32.2	20
55:10	ISA.30.23	17
55:10	EZK.34.26	14
55:10	HOS.10.12	12
55:10	ISA.61.11	9
55:10	PSA.65.9-PSA.65.13	8
55:10	1SA.23.4	5
55:10	PSA.72.6-PSA.72.7	5
55:10	ISA.5.6	5
55:10	REV.11.6	5
55:11	MAT.24.35	167
55:11	ISA.46.10	116
55:11	ROM.10.17	92
55:11	JHN.6.63	75
55:11	ISA.45.23	73
55:11	LUK.8.11-LUK.8.16	45
55:11	1CO.1.18	44
55:11	1TH.2.13	41
55:11	1PE.1.23	35
55:11	JAS.1.18	34
55:11	1CO.3.6-1CO.3.9	33
55:11	EPH.1.9-EPH.1.11	28
55:11	DEU.32.2	25
55:11	ISA.54.9	25
55:11	HEB.6.7	25
55:11	ISA.44.26-ISA.44.28	24
55:12	GAL.5.22	41
55:12	ROM.15.13	30
55:12	ISA.44.23	23
55:12	PSA.105.43	21
55:12	PSA.96.11-PSA.96.13	19
55:12	PSA.98.7-PSA.98.9	16
55:12	REV.19.1-REV.19.6	16
55:12	ISA.49.13	14
55:12	1CH.16.32-1CH.16.33	13
55:12	ISA.35.10	12
55:12	PSA.65.13	11
55:12	ISA.35.1-ISA.35.2	9
55:12	PSA.148.4-PSA.148.13	8
55:12	ISA.48.20	8
55:12	ISA.54.10	8
55:12	JER.33.6	8
55:12	ROM.5.1	8
55:12	ISA.14.8	7
55:12	ISA.51.11	7
55:12	ISA.54.13	7
55:12	JER.30.19	7
55:12	COL.1.11	7
55:12	ISA.42.10-ISA.42.11	5
55:12	JER.33.11	5
55:12	LUK.15.10	5
55:12	PSA.47.1	4
55:12	ISA.65.13-ISA.65.14	4
55:12	ZEC.2.7-ZEC.2.10	4
55:12	ROM.5.11	4
55:12	ISA.49.9-ISA.49.10	3
55:12	JER.31.12-JER.31.14	3
55:13	EPH.3.20-EPH.3.21	24
55:13	1PE.2.9-1PE.2.10	10
55:13	ISA.41.19	9
55:13	ISA.61.3	7
55:13	JER.33.9	7
55:13	2CO.5.17	7
55:13	ISA.60.13	6
55:13	JER.50.5	5
55:13	ROM.6.19	5
55:13	1PE.4.11	5
55:13	LUK.2.14	4
55:13	1CO.6.9-1CO.6.11	4
55:13	ISA.11.6-ISA.11.9	3
55:13	ISA.43.21	3
55:13	ISA.54.10	3
55:13	ISA.60.21	3
55:13	ISA.63.12	3
55:13	JER.13.11	3
55:13	JHN.15.8	3
55:13	MIC.7.4	1
55:13	ISA.5.6	0
56:1	PSA.85.9	17
56:1	ROM.13.11-ROM.13.14	17
56:1	ISA.1.16-ISA.1.19	12
56:1	MAT.3.2	12
56:1	ROM.1.17	11
56:1	PSA.24.4-PSA.24.6	10
56:1	ROM.10.6-ROM.10.10	10
56:1	ISA.55.7	9
56:1	ISA.46.13	8
56:1	ISA.51.5	8
56:1	MAT.4.17	8
56:1	ISA.26.7-ISA.26.8	7
56:1	LUK.3.3-LUK.3.9	7
56:1	JER.7.3-JER.7.11	6
56:1	MRK.1.15	6
56:1	JHN.7.17	6
56:1	PSA.50.23	4
56:1	MAL.4.4	4
56:2	EXO.31.13-EXO.31.16	11
56:2	ISA.58.13	9
56:2	PSA.112.1	7
56:2	EZK.20.12	7
56:2	EXO.20.10	6
56:2	JER.17.21-JER.17.22	6
56:2	EZK.20.20	6
56:2	LUK.11.28	6
56:2	PSA.106.3	5
56:2	JHN.13.17	5
56:2	EXO.20.8	4
56:2	LEV.19.30	4
56:2	PSA.119.1-PSA.119.5	4
56:2	PSA.119.101	4
56:2	PRO.4.13	4
56:2	PRO.4.27	4
56:2	PRO.14.16	4
56:2	PRO.16.6	4
56:2	PRO.16.17	4
56:2	NEH.13.17	3
56:2	PSA.34.14	3
56:2	PSA.37.27	3
56:2	PSA.128.1	3
56:2	ISA.56.6	3
56:2	LUK.12.43	3
56:2	REV.22.14	3
56:2	PSA.1.1-PSA.1.3	2
56:2	PSA.15.1-PSA.15.5	2
56:2	ECC.7.18	2
56:2	ISA.56.4	2
56:2	ROM.12.9	2
56:3	1CO.6.17	6
56:3	MAT.19.12-MAT.19.30	5
56:3	ACT.10.34	5
56:3	NUM.18.4	4
56:3	NUM.18.7	4
56:3	ISA.14.1	4
56:3	ISA.39.7	4
56:3	ISA.56.5	4
56:3	JER.39.16-JER.39.17	4
56:3	JER.50.5	4
56:3	DAN.1.3-DAN.1.21	4
56:3	ZEP.2.11	4
56:3	ZEC.8.20-ZEC.8.23	4
56:3	MAT.8.10-MAT.8.11	4
56:3	MAT.15.26-MAT.15.27	4
56:3	LUK.7.6-LUK.7.8	4
56:3	ACT.10.1-ACT.10.2	4
56:3	ACT.17.4	4
56:3	ROM.2.10-ROM.2.11	4
56:3	ROM.15.9-ROM.15.12	4
56:3	ROM.15.16	4
56:3	EPH.2.22	4
56:3	DEU.23.1-DEU.23.3	3
56:3	JER.38.7-JER.38.13	3
56:3	ACT.8.26-ACT.8.40	3
56:3	ACT.13.47-ACT.13.48	3
56:3	ACT.18.7	3
56:3	1PE.1.1	3
56:3	EPH.2.12	2
56:4	JOS.24.15	5
56:4	PSA.119.111	5
56:4	ISA.27.5	5
56:4	LUK.10.42	5
56:4	2SA.23.5	4
56:4	ISA.56.6	4
56:4	ISA.55.3	3
56:4	ISA.56.2	3
56:4	JER.50.5	3
56:4	HEB.6.17	3
56:5	REV.3.12	14
56:5	REV.3.5	11
56:5	1JN.3.1	10
56:5	ISA.55.13	9
56:5	JHN.1.12	9
56:5	1TI.3.15	9
56:5	ISA.26.1	8
56:5	ISA.48.19	8
56:5	ISA.60.18	8
56:5	ISA.62.12	8
56:5	MAT.16.18	8
56:5	EPH.2.22	7
56:5	HEB.3.6	7
56:5	1SA.1.8	5
56:6	JER.50.5	7
56:6	ISA.56.2-ISA.56.4	5
56:6	ISA.58.13	5
56:6	ISA.44.5	4
56:6	GAL.5.6	4
56:6	JAS.2.5	4
56:6	MRK.12.30-MRK.12.34	3
56:6	ACT.2.41	3
56:6	REV.1.10	3
56:6	ISA.60.10	2
56:6	ISA.61.5	2
56:6	ACT.11.23	2
56:6	ROM.8.28	2
56:6	1CO.16.22	2
56:6	2CO.8.5	2
56:6	EPH.6.24	2
56:6	1TH.1.9-1TH.1.10	2
56:6	JAS.1.12	2
56:7	MRK.11.17	23
56:7	ISA.2.2-ISA.2.3	18
56:7	MAL.1.11	15
56:7	LUK.19.46	14
56:7	MAT.21.13	13
56:7	MIC.4.1-MIC.4.2	11
56:7	ROM.12.1	9
56:7	PSA.2.6	7
56:7	EPH.2.11-EPH.2.13	7
56:7	JHN.4.21-JHN.4.23	6
56:7	HEB.12.22	6
56:7	ZEC.8.3	5
56:7	1TI.2.8	5
56:7	JHN.12.20-JHN.12.26	4
56:7	HEB.13.15	4
56:7	1PE.2.5	4
56:7	ISA.66.19-ISA.66.20	3
56:7	1PE.1.1-1PE.1.2	2
56:8	JHN.10.16	14
56:8	ISA.54.7	6
56:8	ISA.60.3-ISA.60.11	6
56:8	GEN.49.10	4
56:8	ISA.66.18-ISA.66.21	4
56:8	JER.30.17	4
56:8	JER.31.10	4
56:8	ZEC.10.8-ZEC.10.10	4
56:8	EPH.1.10	4
56:8	EPH.2.14-EPH.2.16	4
56:8	PSA.106.47	3
56:8	PSA.147.2	3
56:8	ISA.11.11-ISA.11.12	3
56:8	ISA.27.12-ISA.27.13	3
56:8	ISA.43.6	3
56:8	ISA.49.12	3
56:8	ISA.49.22	3
56:8	HOS.1.11	3
56:8	MIC.4.6	3
56:8	JHN.11.52	3
56:8	PSA.107.2-PSA.107.3	2
56:8	ZEP.3.18-ZEP.3.20	2
56:9	JER.12.9	4
56:9	DEU.28.26	2
56:9	ISA.18.6	2
56:9	EZK.29.5	2
56:9	EZK.39.17	2
56:9	REV.19.17-REV.19.18	2
56:10	ISA.29.10	10
56:10	EZK.33.6	10
56:10	ISA.58.1	9
56:10	MAT.15.14	9
56:10	PHP.3.2	9
56:10	HOS.9.7-HOS.9.8	8
56:10	NAM.3.18	8
56:10	MRK.13.34-MRK.13.37	8
56:10	PRO.6.4-PRO.6.10	7
56:10	PRO.24.30-PRO.24.34	7
56:10	EZK.3.15-EZK.3.18	7
56:10	EZK.13.16	7
56:10	HOS.4.6	7
56:10	LUK.6.39-LUK.6.40	7
56:10	ISA.52.8	6
56:10	JER.14.13-JER.14.14	6
56:10	JER.23.13-JER.23.14	6
56:10	JON.1.2-JON.1.6	6
56:10	MAT.23.16-MAT.23.26	6
56:10	EZK.3.26-EZK.3.27	5
56:10	JER.6.13-JER.6.14	3
56:11	EZK.34.2-EZK.34.3	9
56:11	EZK.13.19	7
56:11	MIC.3.11	6
56:11	JHN.8.43	6
56:11	ISA.1.3	5
56:11	ISA.57.17	5
56:11	MIC.3.5-MIC.3.6	5
56:11	ZEC.11.15-ZEC.11.17	5
56:11	TIT.1.7	5
56:11	REV.22.15	5
56:11	1SA.2.12-1SA.2.17	4
56:11	1TI.3.8	4
56:11	TIT.1.11	4
56:11	1PE.5.2	4
56:11	2PE.2.3	4
56:11	2PE.2.14-2PE.2.16	4
56:11	JUD.1.11	4
56:11	JUD.1.16	4
56:11	EXO.23.3	3
56:11	1SA.2.29	3
56:11	ECC.5.10	3
56:11	JER.22.17	3
56:11	MAL.1.10	3
56:11	MAT.13.14-MAT.13.15	3
56:11	ACT.20.29	3
56:11	ACT.20.33	3
56:11	2CO.4.4	3
56:11	PHP.3.19	3
56:11	1TI.3.3	3
56:11	PHP.3.2	2
56:12	PSA.10.6	7
56:12	PRO.27.1	6
56:12	LUK.12.19-LUK.12.20	6
56:12	ISA.5.22	5
56:12	PRO.23.35	4
56:12	HOS.4.11	4
56:12	LUK.12.45-LUK.12.46	4
56:12	1CO.15.32	4
56:12	ISA.28.7-ISA.28.8	3
56:12	JER.18.18	3
56:12	AMO.6.3-AMO.6.6	3
56:12	LUK.21.34	3
56:12	TIT.1.7	3
56:12	ISA.5.11	2
56:12	ISA.22.13-ISA.22.14	2
56:12	PRO.31.4-PRO.31.5	1
56:12	MAT.24.49-MAT.24.51	1
57:1	2KI.22.20	32
57:1	2CH.34.28	18
57:1	PSA.12.1	18
57:1	MIC.7.2	12
57:1	ISA.42.25	10
57:1	ISA.47.7	7
57:1	1KI.14.13	5
57:1	2CH.35.24	5
57:1	MAL.2.2	5
57:1	2CH.32.33	4
57:1	ISA.57.11	3
57:2	REV.14.13	15
57:2	2CO.5.1	10
57:2	JOB.3.17	8
57:2	LUK.2.29	8
57:2	ECC.12.7	7
57:2	2CO.5.8	7
57:2	2CH.16.14	6
57:2	MAT.25.21	6
57:2	LUK.7.50	6
57:2	EZK.32.25	5
57:2	LUK.16.22	5
57:2	PHP.1.23	5
57:2	GEN.17.1	4
57:2	ISA.14.18	4
57:2	ISA.26.7	4
57:2	LUK.1.6	4
57:3	MAT.16.4	5
57:3	1JN.3.10	5
57:3	HOS.1.2	4
57:3	JAS.4.4	4
57:3	GEN.3.15	3
57:3	ISA.1.21	3
57:3	ISA.45.20	3
57:3	JOL.3.9-JOL.3.11	3
57:3	MAT.3.7	3
57:3	MAT.12.34	3
57:3	MAT.23.33	3
57:3	LUK.3.7	3
57:3	JHN.8.40-JHN.8.44	3
57:3	REV.17.1-REV.17.5	3
57:4	2PE.2.13	4
57:4	EXO.9.17	3
57:4	PSA.35.21	3
57:4	ISA.1.4	3
57:4	EXO.16.7-EXO.16.8	2
57:4	NUM.16.11	2
57:4	JOS.10.21	2
57:4	JDG.16.25-JDG.16.27	2
57:4	JOB.16.9-JOB.16.10	2
57:4	PSA.22.7	2
57:4	PSA.22.13	2
57:4	PSA.22.17	2
57:4	PSA.69.12	2
57:4	ISA.10.15	2
57:4	ISA.30.1	2
57:4	ISA.30.9	2
57:4	ISA.37.23	2
57:4	ISA.37.29	2
57:4	LAM.2.15-LAM.2.16	2
57:4	EZK.2.4	2
57:4	HOS.10.9	2
57:4	MAT.13.38	2
57:4	MAT.27.29	2
57:4	MAT.27.39-MAT.27.44	2
57:4	LUK.10.16	2
57:4	ACT.9.4	2
57:4	EPH.2.2-EPH.2.3	2
57:4	EPH.5.6	2
57:4	COL.3.6	2
57:5	2KI.16.3-2KI.16.4	4
57:5	ISA.1.29	4
57:5	EZK.16.20	4
57:5	LEV.18.21	3
57:5	2KI.23.10	3
57:5	JER.2.20	3
57:5	JER.3.13	3
57:5	JER.7.31	3
57:5	EXO.32.6	2
57:5	LEV.20.2-LEV.20.5	2
57:5	NUM.25.1-NUM.25.2	2
57:5	NUM.25.6	2
57:5	DEU.12.2	2
57:5	1KI.14.23	2
57:5	2KI.17.10	2
57:5	2CH.28.3	2
57:5	PSA.106.37-PSA.106.38	2
57:5	JER.17.2	2
57:5	JER.32.35	2
57:5	JER.50.38	2
57:5	JER.51.7	2
57:5	EZK.6.13	2
57:5	EZK.20.26	2
57:5	EZK.20.31	2
57:5	HOS.4.11-HOS.4.13	2
57:5	HOS.7.4-HOS.7.7	2
57:5	AMO.2.7-AMO.2.8	2
57:5	REV.17.1-REV.17.5	2
57:5	REV.18.3	2
57:5	JER.3.6	1
57:6	JER.3.9	4
57:6	JER.7.18	4
57:6	HAB.2.19	3
57:6	DEU.32.37-DEU.32.38	2
57:6	ISA.65.11	2
57:6	ISA.66.3	2
57:6	JER.5.9	2
57:6	JER.5.29	2
57:6	JER.9.9	2
57:6	JER.19.13	2
57:6	JER.32.29	2
57:6	JER.44.17-JER.44.25	2
57:6	EZK.20.39	2
57:7	EZK.16.16	5
57:7	EZK.23.41	5
57:7	JER.2.20	4
57:7	JER.3.6	3
57:7	EZK.16.25	3
57:7	EZK.20.28-EZK.20.29	3
57:7	JER.3.2	2
57:7	EZK.23.17	1
57:8	EZK.8.8-EZK.8.12	3
57:8	EZK.16.25-EZK.16.28	3
57:8	EZK.16.32	3
57:8	EZK.23.2-EZK.23.20	3
57:8	EZK.23.41	3
57:9	EZK.23.16	4
57:9	ISA.30.1-ISA.30.6	3
57:9	ISA.31.1-ISA.31.3	3
57:9	EZK.23.40	3
57:9	COL.2.18	3
57:9	2KI.16.7-2KI.16.11	2
57:9	PRO.7.17	2
57:9	ISA.2.9	2
57:9	EZK.16.33	2
57:9	HOS.7.11	2
57:9	HOS.12.1	2
57:10	JER.2.25	5
57:10	JER.18.12	4
57:10	JER.5.3	3
57:10	2CH.28.22-2CH.28.23	2
57:10	ISA.47.13	2
57:10	JER.2.36	2
57:10	JER.3.3	2
57:10	JER.9.5	2
57:10	JER.44.17-JER.44.18	2
57:10	EZK.24.12	2
57:10	HAB.2.13	2
57:10	ROM.7.9	2
57:11	ISA.51.12-ISA.51.13	7
57:11	PSA.50.21	6
57:11	PRO.29.25	6
57:11	JER.3.21	4
57:11	ECC.8.11	3
57:11	ISA.26.10	3
57:11	ISA.30.9	3
57:11	ISA.59.3-ISA.59.4	3
57:11	JER.2.32	3
57:11	JER.9.3-JER.9.5	3
57:11	JER.42.20	2
57:11	EZK.13.22	2
57:11	HOS.11.12	2
57:11	MAT.26.69-MAT.26.75	2
57:11	ACT.5.3	2
57:11	GAL.2.12-GAL.2.13	2
57:11	2TH.2.9	2
57:11	1TI.4.2	2
57:11	REV.21.8	2
57:11	REV.22.15	2
57:12	ISA.1.11-ISA.1.15	4
57:12	JER.7.4-JER.7.11	4
57:12	MIC.3.2-MIC.3.4	4
57:12	MAT.23.13	4
57:12	ROM.3.10-ROM.3.20	4
57:12	ISA.29.15	3
57:12	ISA.58.2-ISA.58.6	3
57:12	ISA.59.6-ISA.59.8	3
57:12	ISA.64.5	3
57:12	ISA.66.3-ISA.66.4	3
57:12	MAT.23.5	3
57:12	ROM.10.2-ROM.10.3	3
57:13	PSA.37.9	8
57:13	PSA.37.3	5
57:13	ISA.56.7	4
57:13	ISA.65.25	4
57:13	JDG.10.14	3
57:13	PSA.125.1	3
57:13	ISA.11.9	3
57:13	ISA.65.9	3
57:13	ISA.66.20	3
57:13	EZK.20.40	3
57:13	JOL.3.17	3
57:13	ZEC.7.13	3
57:13	2KI.3.13	2
57:13	JOB.21.18	2
57:13	PSA.1.4	2
57:13	PSA.58.9	2
57:13	PSA.84.12	2
57:13	PRO.28.25	2
57:13	ISA.26.3-ISA.26.4	2
57:13	ISA.40.24	2
57:13	ISA.41.16	2
57:13	ISA.57.9-ISA.57.10	2
57:13	ISA.65.11	2
57:13	JER.17.7-JER.17.8	2
57:13	JER.22.20	2
57:13	JER.22.22	2
57:13	HOS.13.3	2
57:14	ISA.62.10	25
57:14	LUK.3.5-LUK.3.6	15
57:14	ISA.35.8	14
57:14	ISA.40.3	14
57:14	JER.18.15	12
57:14	ROM.14.13	10
57:14	1CO.8.13	10
57:14	HEB.12.13	9
57:14	2CO.6.3	7
57:14	1CO.1.23	6
57:14	1CO.8.9	6
57:14	1CO.10.32-1CO.10.33	5
57:15	PSA.34.18	50
57:15	ISA.66.1-ISA.66.2	35
57:15	PSA.138.6	33
57:15	PSA.147.3	25
57:15	EXO.15.11	21
57:15	PSA.51.17	21
57:15	DAN.4.34	19
57:15	2CH.34.27	17
57:15	ISA.52.13	17
57:15	MAT.5.3-MAT.5.4	17
57:15	JAS.4.6	17
57:15	PSA.90.2	16
57:15	PSA.113.4-PSA.113.6	16
57:15	ISA.40.28	16
57:15	DEU.33.27	15
57:15	PSA.83.18	15
57:15	PSA.93.2	13
57:15	ROM.1.20	13
57:15	1TI.1.17	13
57:15	REV.3.7	13
57:15	PSA.68.4-PSA.68.5	12
57:15	JER.10.10	12
57:15	LUK.1.49	12
57:15	REV.15.4	12
57:15	2CH.33.12-2CH.33.13	11
57:15	1PE.5.5	11
57:15	ISA.61.1-ISA.61.3	10
57:15	MIC.5.2	10
57:15	1TI.6.16	10
57:15	PSA.115.3	9
57:15	PSA.123.1	9
57:15	ISA.6.3	9
57:15	1SA.2.2	8
57:15	PSA.97.9	8
57:15	PRO.8.23	8
57:15	LUK.4.18	8
57:15	JOB.6.10	7
57:15	EZK.9.4	7
57:15	MAT.6.9	7
57:15	2CO.7.6	7
57:15	HEB.9.14	7
57:15	REV.4.8	7
57:15	PSA.99.3	6
57:15	PSA.111.9	6
57:15	EZK.16.63	6
57:15	ZEC.2.13	6
57:15	LUK.15.20-LUK.15.24	5
57:15	2CO.1.4	5
57:15	1KI.8.27	3
57:15	ISA.6.1	3
57:15	DAN.4.17	3
57:15	ACT.3.14	3
57:15	2CO.2.7	3
57:15	GEN.21.33	2
57:15	DAN.4.24-DAN.4.25	1
57:16	MIC.7.18	11
57:16	JER.10.24	9
57:16	PSA.85.5	8
57:16	PSA.103.9-PSA.103.16	8
57:16	HEB.12.9	7
57:16	PSA.78.38-PSA.78.39	6
57:16	GEN.6.3	5
57:16	NUM.16.22	5
57:16	JOB.34.14-JOB.34.15	5
57:16	ISA.42.5	4
57:16	JER.38.16	4
57:16	ECC.12.7	2
57:16	ZEC.12.1	2
57:17	ISA.56.11	7
57:17	JER.6.13	4
57:17	COL.3.5	4
57:17	EPH.5.3-EPH.5.5	3
57:17	2PE.2.14	3
57:17	ECC.6.9	2
57:17	ISA.1.4	2
57:17	ISA.5.8-ISA.5.9	2
57:17	ISA.8.17	2
57:17	ISA.9.13	2
57:17	ISA.45.15	2
57:17	JER.2.30	2
57:17	JER.5.3	2
57:17	JER.8.10	2
57:17	JER.22.17	2
57:17	EZK.33.31	2
57:17	MIC.2.2-MIC.2.3	2
57:17	LUK.12.15	2
57:17	1TI.6.9	2
57:17	LUK.15.14-LUK.15.16	1
57:17	2PE.2.3	1
57:18	JER.33.6	17
57:18	REV.7.17	14
57:18	JER.3.22	9
57:18	HOS.14.4-HOS.14.8	7
57:18	JER.31.3	6
57:18	ISA.61.1-ISA.61.3	4
57:18	JER.13.17	4
57:18	JER.31.18-JER.31.20	4
57:18	EZK.16.60-EZK.16.63	4
57:18	PSA.23.2	3
57:18	PSA.51.12	3
57:18	ECC.9.4	3
57:18	ISA.1.18	3
57:18	ISA.12.1	3
57:18	ISA.30.26	3
57:18	ISA.49.10	3
57:18	ISA.57.15	3
57:18	ISA.66.10-ISA.66.13	3
57:18	ISA.43.24-ISA.43.25	2
57:18	ISA.48.8-ISA.48.11	2
57:18	EZK.36.22-EZK.36.38	2
57:18	LUK.15.20	2
57:18	ROM.5.20	2
57:19	ACT.2.39	14
57:19	HEB.13.15	13
57:19	LUK.2.14	5
57:19	LUK.10.5-LUK.10.6	5
57:19	ACT.10.36	5
57:19	EPH.6.19	5
57:19	LUK.21.15	4
57:19	EXO.4.11-EXO.4.12	3
57:19	ISA.6.7	3
57:19	HOS.14.2	3
57:19	MAT.10.13	3
57:19	2CO.5.20-2CO.5.21	3
57:19	COL.4.3-COL.4.4	3
57:19	MRK.16.15	2
57:19	EPH.2.14-EPH.2.17	2
57:20	PRO.4.16-PRO.4.17	7
57:20	ISA.3.11	7
57:20	JOB.18.5-JOB.18.14	6
57:20	JOB.15.20-JOB.15.24	3
57:20	JOB.20.11-JOB.20.29	3
57:20	PSA.73.18-PSA.73.20	3
57:20	JUD.1.12	3
57:21	ISA.48.22	10
57:21	ISA.3.11	6
57:21	2KI.9.22	4
57:21	ISA.59.8	3
57:21	ROM.3.16-ROM.3.17	3
58:1	TIT.2.15	23
58:1	HOS.8.1	15
58:1	ACT.20.26-ACT.20.27	14
58:1	EZK.3.17-EZK.3.21	12
58:1	ACT.7.51-ACT.7.52	12
58:1	MAT.3.7-MAT.3.9	11
58:1	EZK.3.5-EZK.3.9	9
58:1	ISA.40.9-ISA.40.10	8
58:1	EZK.20.4	8
58:1	MIC.3.8-MIC.3.12	8
58:1	REV.14.9-REV.14.10	8
58:1	JER.7.8-JER.7.11	7
58:1	JER.15.19-JER.15.20	7
58:1	ISA.40.6	6
58:1	ISA.56.10	6
58:1	JER.1.17-JER.1.19	6
58:1	EZK.22.2	6
58:1	JER.1.7-JER.1.10	5
58:1	PSA.40.9-PSA.40.10	4
58:1	EZK.2.3-EZK.2.8	4
58:1	REV.1.10	3
58:1	ISA.27.13	2
58:1	REV.4.1	2
58:2	TIT.1.16	13
58:2	ISA.29.13	12
58:2	MAT.15.7-MAT.15.9	8
58:2	MRK.4.16-MRK.4.17	4
58:2	JAS.1.21-JAS.1.22	4
58:2	1PE.2.1-1PE.2.2	4
58:2	1SA.15.21-1SA.15.25	3
58:2	EZK.33.30-EZK.33.33	3
58:2	MRK.12.14	3
58:2	HEB.6.4-HEB.6.6	3
58:2	DEU.5.28-DEU.5.29	2
58:2	PRO.15.8	2
58:2	ISA.1.11-ISA.1.15	2
58:2	ISA.48.1-ISA.48.2	2
58:2	JER.42.2	2
58:2	JER.42.20	2
58:2	MRK.6.20	2
58:2	JHN.5.35	2
58:2	JAS.4.8	1
58:3	LUK.18.9-LUK.18.12	9
58:3	PRO.28.9	6
58:3	MAL.3.14	6
58:3	MAT.20.11-MAT.20.12	5
58:3	LEV.16.29	4
58:3	EXO.2.23-EXO.2.24	3
58:3	NEH.5.7	3
58:3	DAN.10.2-DAN.10.3	3
58:3	JON.3.6-JON.3.8	3
58:3	LEV.16.31	2
58:3	LEV.23.27	2
58:3	NUM.23.4	2
58:3	PSA.69.10	2
58:3	ISA.22.13	2
58:3	ISA.47.6	2
58:3	JER.34.9-JER.34.17	2
58:3	MIC.3.9-MIC.3.11	2
58:3	ZEC.7.5-ZEC.7.7	2
58:3	MAT.18.28-MAT.18.35	2
58:3	LUK.15.29	2
58:4	1KI.21.9-1KI.21.13	4
58:4	PRO.21.27	3
58:4	ISA.59.2	3
58:4	MAT.6.16-MAT.6.18	3
58:4	ISA.59.6	2
58:4	JOL.2.13-JOL.2.14	2
58:4	JON.3.7	2
58:4	MAT.23.13	2
58:4	LUK.20.47	2
58:4	JHN.18.28	2
58:4	ACT.23.1-ACT.23.2	2
58:4	PHP.1.14-PHP.1.15	2
58:5	DAN.9.3-DAN.9.19	9
58:5	ZEC.7.5	7
58:5	ISA.49.8	6
58:5	EST.4.16	5
58:5	ISA.61.2	5
58:5	ROM.12.2	5
58:5	LEV.16.29	4
58:5	2CH.20.3	4
58:5	PSA.69.13	4
58:5	LUK.4.19	4
58:5	1KI.21.27-1KI.21.29	3
58:5	EZR.10.6	3
58:5	NEH.9.1-NEH.9.2	3
58:5	EST.4.3	3
58:5	JOB.2.8	3
58:5	ISA.58.3	3
58:5	1PE.2.5	3
58:5	JON.3.5-JON.3.8	2
58:5	2KI.6.30	1
58:6	NEH.5.10-NEH.5.12	21
58:6	ISA.58.9	18
58:6	1TI.6.1	12
58:6	JER.34.8-JER.34.11	11
58:6	MIC.3.2-MIC.3.4	4
58:7	MAT.25.35-MAT.25.45	20
58:7	EZK.18.7	17
58:7	LUK.3.11	17
58:7	PRO.28.27	16
58:7	1JN.3.17-1JN.3.18	16
58:7	PRO.25.21	15
58:7	ISA.58.10	13
58:7	ROM.12.20-ROM.12.21	13
58:7	PRO.22.9	12
58:7	EZK.18.16	12
58:7	HEB.13.2-HEB.13.3	12
58:7	JAS.2.15-JAS.2.16	12
58:7	ISA.16.3-ISA.16.4	9
58:7	2CO.9.6-2CO.9.10	9
58:7	LUK.11.41	8
58:7	PSA.112.9	5
58:7	JOB.31.18-JOB.31.21	4
58:7	DAN.4.27	4
58:7	ACT.16.34	4
58:7	1TI.5.10	4
58:7	JOB.22.7	3
58:7	ROM.12.13	3
58:7	PHM.1.7	3
58:7	GEN.19.2	2
58:7	JDG.19.20-JDG.19.21	2
58:7	2CH.28.15	2
58:7	NEH.5.5	2
58:7	LUK.19.8	2
58:7	GEN.18.2-GEN.18.5	1
58:7	GEN.19.14	1
58:7	ECC.11.1-ECC.11.2	1
58:7	LUK.10.26-LUK.10.36	1
58:7	ACT.16.15	1
58:7	JDG.9.2	0
58:8	ISA.52.12	45
58:8	JER.33.6	43
58:8	PSA.37.6	42
58:8	JER.30.17	38
58:8	PSA.85.13	35
58:8	MAL.4.2	35
58:8	ISA.58.10-ISA.58.11	31
58:8	ACT.10.35	29
58:8	EXO.14.19	28
58:8	PSA.97.11	28
58:8	PRO.4.18	28
58:8	JOB.11.17	27
58:8	ISA.57.18	26
58:8	HOS.14.4	25
58:8	HOS.6.2-HOS.6.3	24
58:8	ISA.30.26	22
58:8	PSA.112.4	20
58:8	MAT.13.15	19
58:8	ACT.10.4	19
58:8	ACT.10.31	18
58:9	PSA.50.15	17
58:9	JER.29.12-JER.29.13	17
58:9	ISA.65.24	14
58:9	PSA.91.15	10
58:9	MAT.7.7-MAT.7.8	10
58:9	ISA.1.15	9
58:9	PSA.34.15-PSA.34.17	7
58:9	PSA.118.5	7
58:9	PSA.12.2	6
58:9	PRO.6.13	6
58:9	PSA.37.4	5
58:9	PSA.66.18-PSA.66.19	5
58:9	1JN.3.21-1JN.3.22	5
58:9	ISA.57.4	4
58:9	ISA.58.6	4
58:9	ISA.59.13	4
58:9	ZEC.10.2	4
58:9	GEN.27.18	3
58:9	1SA.3.4-1SA.3.8	3
58:9	ISA.30.19	3
58:9	ISA.59.3-ISA.59.4	3
58:9	EZK.13.8	2
58:10	PRO.11.24-PRO.11.25	15
58:10	PSA.37.6	8
58:10	ISA.42.16	8
58:10	ISA.58.7-ISA.58.8	8
58:10	JOB.11.17	7
58:10	DEU.15.7-DEU.15.10	6
58:10	LUK.18.22	5
58:10	PSA.112.5-PSA.112.9	4
58:10	PRO.14.31	4
58:10	PRO.28.27	3
58:10	ISA.29.18	3
58:10	PSA.41.1	2
58:11	JHN.4.14	52
58:11	PSA.32.8	36
58:11	JER.31.12	36
58:11	ISA.49.10	35
58:11	JHN.16.13	27
58:11	PSA.25.9	26
58:11	PRO.11.25	23
58:11	SNG.4.15	22
58:11	PRO.3.8	21
58:11	JER.17.8	20
58:11	PSA.73.24	19
58:11	PRO.28.25	17
58:11	EZK.36.35	16
58:11	PSA.48.14	15
58:11	PSA.92.14	15
58:11	HOS.13.5	15
58:11	PSA.34.9-PSA.34.10	14
58:11	PSA.33.19	13
58:11	PSA.107.9	13
58:11	PSA.37.19	11
58:11	JOB.5.20	9
58:11	1TH.3.11	8
58:11	ISA.61.11	6
58:11	ISA.33.16	5
58:11	PRO.13.4	2
58:11	JOB.6.15-JOB.6.20	1
58:12	ISA.61.4	19
58:12	AMO.9.14	14
58:12	EZK.36.33	13
58:12	NEH.2.17	11
58:12	AMO.9.11	11
58:12	ISA.51.3	7
58:12	EZK.36.8-EZK.36.11	7
58:12	JER.31.38	6
58:12	ISA.49.8	4
58:12	EZK.36.4	3
58:12	NEH.2.5	2
58:12	NEH.4.1-NEH.4.7	2
58:12	NEH.6.1	2
58:12	ISA.44.28	2
58:12	ISA.52.9	2
58:12	DAN.9.25	2
58:13	JER.17.21-JER.17.27	31
58:13	PSA.92.1-PSA.92.2	23
58:13	ISA.56.2-ISA.56.6	22
58:13	NEH.13.15-NEH.13.22	21
58:13	REV.1.10	19
58:13	EXO.20.8-EXO.20.11	18
58:13	PSA.84.10	17
58:13	EXO.31.13-EXO.31.17	16
58:13	DEU.5.12-DEU.5.15	16
58:13	PSA.84.2	16
58:13	PSA.27.4	12
58:13	PSA.42.4	12
58:13	PSA.122.1	11
58:13	EXO.36.2-EXO.36.3	5
58:14	DEU.32.13	18
58:14	JOB.22.26	16
58:14	ISA.1.19-ISA.1.20	13
58:14	ISA.33.16	12
58:14	HAB.3.18-HAB.3.19	12
58:14	DEU.33.29	9
58:14	PSA.37.4	8
58:14	ISA.40.5	8
58:14	PSA.36.8	6
58:14	MIC.4.4	6
58:14	PSA.105.9-PSA.105.11	5
58:14	JER.3.19	5
58:14	PHP.4.4	5
58:14	JOB.27.10	4
58:14	MAT.24.35	4
58:14	1PE.1.8	4
58:14	JOB.34.9	3
58:14	PSA.37.11	3
58:14	PSA.135.12	3
58:14	PSA.136.21	3
59:1	JER.32.17	63
59:1	ISA.50.2	51
59:1	NUM.11.23	48
59:1	ISA.65.24	47
59:1	GEN.18.14	34
59:1	ISA.58.9	33
59:1	MAT.13.15	33
59:1	HEB.7.25	33
59:1	ISA.6.10	18
59:1	ISA.63.1	14
59:2	PRO.15.29	43
59:2	JER.5.25	42
59:2	MIC.3.4	38
59:2	ISA.1.15	32
59:2	DEU.31.17-DEU.31.18	26
59:2	EZK.39.23-EZK.39.24	24
59:2	DEU.32.19-DEU.32.20	20
59:2	ISA.57.17	16
59:2	EZK.39.29	14
59:2	JOS.7.11	10
59:2	ISA.58.4	9
59:2	ISA.50.1	7
59:3	ISA.1.15	8
59:3	EZK.13.8	7
59:3	JER.2.34	6
59:3	ISA.1.21	4
59:3	JER.2.30	4
59:3	JER.7.8	3
59:3	EZK.7.23	3
59:3	EZK.9.9	3
59:3	EZK.35.6	3
59:3	HOS.4.2	3
59:3	HOS.7.13	3
59:3	MIC.6.12	3
59:3	MIC.7.2	3
59:3	JER.9.3-JER.9.6	2
59:3	JER.22.17	2
59:3	EZK.22.2	2
59:3	HOS.7.3	2
59:3	MIC.3.10-MIC.3.12	2
59:3	MAT.27.4	2
59:3	1TI.4.2	2
59:4	JOB.15.35	10
59:4	MIC.7.2-MIC.7.5	8
59:4	JAS.1.15	7
59:4	JER.7.4	6
59:4	JER.7.8	6
59:4	PRO.4.16	5
59:4	ISA.30.12	5
59:4	ISA.59.16	5
59:4	MIC.2.1	5
59:4	PSA.7.13-PSA.7.14	4
59:4	PSA.62.10	4
59:4	ISA.59.3	4
59:4	ISA.59.13-ISA.59.14	4
59:4	JER.5.4-JER.5.5	4
59:4	EZK.22.29-EZK.22.31	4
59:4	PSA.62.4	3
59:4	JER.5.1	3
59:4	JOB.15.31	1
59:5	MAT.3.7	6
59:5	ISA.14.29	5
59:5	JOB.8.14	4
59:5	PRO.23.32	4
59:5	MAT.12.34	4
59:6	ISA.57.12	3
59:6	JER.6.7	3
59:6	REV.3.17-REV.3.18	3
59:6	GEN.6.11	2
59:6	JOB.8.14-JOB.8.15	2
59:6	PSA.58.2	2
59:6	ISA.5.7	2
59:6	ISA.28.18-ISA.28.20	2
59:6	ISA.30.1	2
59:6	ISA.30.12-ISA.30.14	2
59:6	ISA.58.4	2
59:6	ISA.64.6	2
59:6	EZK.7.11	2
59:6	EZK.7.23	2
59:6	AMO.3.10	2
59:6	AMO.6.3	2
59:6	MIC.2.1-MIC.2.3	2
59:6	MIC.2.8	2
59:6	MIC.3.1-MIC.3.11	2
59:6	MIC.6.12	2
59:6	HAB.1.2-HAB.1.4	2
59:6	ZEP.1.9	2
59:6	ZEP.3.3-ZEP.3.4	2
59:6	ROM.3.20-ROM.3.22	2
59:6	ROM.4.6-ROM.4.8	2
59:7	PRO.6.17	7
59:7	ROM.3.15-ROM.3.17	7
59:7	PRO.1.16	5
59:7	MRK.7.21-MRK.7.22	5
59:7	PRO.15.26	2
59:7	PRO.24.9	2
59:7	ISA.59.3	2
59:7	ISA.60.18	2
59:7	JER.22.17	2
59:7	LAM.4.13	2
59:7	EZK.9.9	2
59:7	EZK.22.6	2
59:7	ACT.8.20-ACT.8.22	2
59:7	REV.17.6	2
59:7	MAT.23.31-MAT.23.37	1
59:8	ISA.57.20-ISA.57.21	9
59:8	ROM.3.17	6
59:8	PSA.58.1-PSA.58.2	5
59:8	ISA.5.7	5
59:8	LUK.1.79	5
59:8	JER.5.1	4
59:8	HOS.4.1-HOS.4.2	4
59:8	MAT.23.23	4
59:8	PSA.125.5	3
59:8	PRO.2.15	3
59:8	PRO.28.18	3
59:8	ISA.48.22	3
59:8	ISA.59.14-ISA.59.15	3
59:8	AMO.6.1-AMO.6.6	3
59:8	PRO.3.17	2
59:9	ISA.5.30	4
59:9	JOB.30.26	3
59:9	JER.8.15	2
59:9	JER.14.19	2
59:9	LAM.5.16-LAM.5.17	2
59:9	AMO.5.18-AMO.5.20	2
59:9	MIC.1.12	2
59:9	HAB.1.13	2
59:9	1TH.5.3	2
59:10	DEU.28.29	5
59:10	JOB.5.14	4
59:10	LAM.3.6	3
59:10	PRO.4.19	2
59:10	ISA.8.15	2
59:10	JER.13.16	2
59:10	LAM.4.14	2
59:10	AMO.8.9	2
59:10	JHN.11.9-JHN.11.10	2
59:10	JHN.12.35	2
59:10	JHN.12.40	2
59:10	1JN.2.11	2
59:11	ISA.38.14	5
59:11	EZK.7.16	4
59:11	JOB.30.28-JOB.30.29	2
59:11	PSA.32.3-PSA.32.4	2
59:11	PSA.38.8	2
59:11	PSA.85.9	2
59:11	PSA.119.155	2
59:11	ISA.51.20	2
59:11	ISA.59.9	2
59:11	JER.8.15	2
59:11	JER.9.1	2
59:11	HOS.7.14	2
59:12	EZR.9.6	5
59:12	JER.14.7	4
59:12	HOS.5.5	4
59:12	ISA.1.4	3
59:12	EZK.5.6	3
59:12	HOS.4.2	3
59:12	EZR.9.13	2
59:12	NEH.9.33	2
59:12	ISA.3.9	2
59:12	JER.3.2	2
59:12	JER.5.3-JER.5.9	2
59:12	JER.5.25-JER.5.29	2
59:12	JER.7.8-JER.7.10	2
59:12	EZK.7.23	2
59:12	EZK.8.8-EZK.8.16	2
59:12	EZK.16.51-EZK.16.52	2
59:12	EZK.22.2-EZK.22.12	2
59:12	EZK.22.24-EZK.22.30	2
59:12	EZK.23.2-EZK.23.49	2
59:12	EZK.24.6-EZK.24.14	2
59:12	DAN.9.5-DAN.9.8	2
59:12	HOS.7.10	2
59:12	MAT.23.32-MAT.23.33	2
59:12	ROM.3.19-ROM.3.20	2
59:12	1TH.2.15-1TH.2.16	2
59:13	MRK.7.21-MRK.7.22	4
59:13	HEB.3.12	3
59:13	JAS.3.6	3
59:13	PSA.18.21	2
59:13	PSA.78.36	2
59:13	PRO.30.9	2
59:13	ISA.5.7	2
59:13	ISA.31.6	2
59:13	ISA.32.6	2
59:13	ISA.48.8	2
59:13	ISA.57.11	2
59:13	ISA.59.3-ISA.59.4	2
59:13	JER.2.13	2
59:13	JER.2.19-JER.2.21	2
59:13	JER.3.10	2
59:13	JER.3.20	2
59:13	JER.5.23	2
59:13	JER.9.2-JER.9.5	2
59:13	JER.17.13	2
59:13	JER.32.40	2
59:13	JER.42.20	2
59:13	EZK.6.9	2
59:13	EZK.18.25	2
59:13	HOS.1.2	2
59:13	HOS.6.7	2
59:13	HOS.7.13	2
59:13	HOS.11.12	2
59:13	MAT.10.33	2
59:13	MAT.12.34-MAT.12.36	2
59:13	ACT.5.3-ACT.5.4	2
59:13	ROM.3.10-ROM.3.18	2
59:13	TIT.1.16	2
59:13	JAS.1.15	2
59:14	ECC.3.16	6
59:14	HAB.1.4	6
59:14	ISA.1.21	5
59:14	ISA.5.23	5
59:14	ISA.10.1-ISA.10.2	5
59:14	JER.5.27-JER.5.28	5
59:14	JER.5.31	5
59:14	AMO.5.11	5
59:14	MIC.3.9-MIC.3.11	5
59:14	ISA.59.4	4
59:14	AMO.5.7	4
59:14	ZEP.3.1-ZEP.3.3	4
59:14	PSA.82.2-PSA.82.5	3
59:14	MIC.7.3-MIC.7.5	3
59:15	MIC.7.2	6
59:15	JER.7.28	4
59:15	HEB.11.36-HEB.11.38	4
59:15	1JN.3.11-1JN.3.12	4
59:15	PSA.5.9	3
59:15	PSA.12.1-PSA.12.2	3
59:15	JER.5.1-JER.5.2	3
59:15	ROM.8.36	3
59:15	2CH.21.7	2
59:15	ISA.48.1	2
59:15	JER.29.26	2
59:15	HOS.9.7	2
59:15	HAB.1.13-HAB.1.14	2
59:15	MRK.3.21	2
59:15	ACT.9.1	2
59:15	ACT.9.23	2
59:15	ACT.26.24	2
59:15	2CO.5.13	2
59:15	GEN.38.10	1
59:15	2SA.11.27	1
59:15	2KI.9.11	1
59:15	HOS.4.1-HOS.4.2	1
59:15	JHN.8.52	1
59:15	JHN.10.20	0
59:16	EZK.22.30	15
59:16	PSA.98.1	9
59:16	PSA.106.23	9
59:16	ISA.64.7	9
59:16	ISA.41.28	7
59:16	ISA.52.10	7
59:16	ISA.63.3-ISA.63.5	7
59:16	MRK.6.6	7
59:16	GEN.18.23-GEN.18.32	6
59:16	ISA.50.2	5
59:16	JER.5.1	5
59:17	EPH.6.17	24
59:17	EPH.6.14	17
59:17	1TH.5.8	16
59:17	ROM.13.12-ROM.13.14	12
59:17	ISA.11.5	10
59:17	HEB.10.30	7
59:17	JOB.29.14	6
59:17	ISA.51.9	6
59:17	JHN.2.17	6
59:17	ISA.9.7	5
59:17	REV.19.11	5
59:17	DEU.32.35-DEU.32.43	4
59:17	PSA.69.9	4
59:17	2CO.6.7	4
59:17	ISA.63.3	3
59:17	ISA.63.15	3
59:17	ZEC.1.14	3
59:17	2TH.1.8	3
59:17	PSA.94.1	2
59:18	JER.17.10	7
59:18	ISA.63.6	6
59:18	MAT.16.27	5
59:18	ROM.2.6	5
59:18	NAM.1.2	4
59:18	JOB.34.11	3
59:18	PSA.18.24-PSA.18.26	3
59:18	PSA.21.8-PSA.21.9	3
59:18	PSA.62.12	3
59:18	ISA.1.24	3
59:18	ISA.49.25-ISA.49.26	3
59:18	ISA.63.3	3
59:18	ISA.66.15	3
59:18	LAM.4.11	3
59:18	LUK.21.22	3
59:18	JER.50.29	2
59:18	EZK.5.13	2
59:18	EZK.6.12	2
59:18	EZK.38.18	2
59:18	LUK.19.27	2
59:18	REV.16.19	2
59:18	REV.19.15	2
59:18	REV.20.12-REV.20.13	2
59:19	DAN.7.27	17
59:19	PSA.113.3	15
59:19	ZEC.4.6	12
59:19	REV.12.15-REV.12.17	11
59:19	PSA.22.27	9
59:19	REV.17.14-REV.17.15	9
59:19	ZEP.3.8-ZEP.3.9	8
59:19	MAL.1.11	8
59:19	REV.12.10	8
59:19	REV.20.1-REV.20.3	8
59:19	PSA.102.15-PSA.102.16	7
59:19	ISA.11.9-ISA.11.16	7
59:19	REV.11.15	6
59:19	ISA.49.12	5
59:19	2TH.2.8	5
59:19	ISA.24.14-ISA.24.16	4
59:19	ISA.66.18-ISA.66.20	2
59:20	ROM.11.26-ROM.11.27	29
59:20	TIT.2.11-TIT.2.14	10
59:20	EZK.18.30-EZK.18.31	7
59:20	ACT.3.19	7
59:20	HEB.12.14	6
59:20	JOL.2.32	5
59:20	OBA.1.17-OBA.1.21	5
59:20	DEU.30.1-DEU.30.10	4
59:20	ISA.40.9	4
59:20	DAN.9.13	4
59:20	ACT.3.26	4
59:20	ACT.26.20	4
59:20	ACT.2.36-ACT.2.39	3
59:21	JER.31.31-JER.31.34	322
59:21	HEB.10.16	266
59:21	EZK.36.25-EZK.36.27	224
59:21	JER.32.38-JER.32.41	178
59:21	HEB.8.6-HEB.8.13	134
59:21	2CO.3.17-2CO.3.18	111
59:21	ISA.51.16	102
59:21	ISA.44.3	101
59:21	ISA.61.1-ISA.61.3	91
59:21	JHN.4.14	80
59:21	ISA.55.3	78
59:21	ROM.8.9	74
59:21	JHN.7.16-JHN.7.17	73
59:21	JHN.3.34	65
59:21	JHN.7.39	59
59:21	ISA.11.1-ISA.11.3	55
59:21	ISA.49.8	53
59:21	EZK.37.25-EZK.37.27	52
59:21	EZK.39.25-EZK.39.29	49
59:21	1CO.15.3-1CO.15.58	47
59:21	2CO.3.8	46
59:21	JHN.1.33	42
59:21	JHN.17.8	39
59:21	JHN.8.38	38
60:1	EPH.5.14	112
60:1	EPH.5.8	97
60:1	JHN.8.12	80
60:1	ISA.52.1-ISA.52.2	70
60:1	ISA.60.19-ISA.60.20	68
60:1	ISA.58.8	62
60:1	JHN.12.46	60
60:1	MAT.5.16	54
60:1	MAL.4.2	49
60:1	LUK.1.78-LUK.1.79	45
60:1	1PE.4.14	38
60:1	JHN.1.9	37
60:1	REV.22.5	36
60:1	MAT.4.16	35
60:1	PHP.2.15	35
60:1	ISA.9.2	34
60:1	LUK.2.32	34
60:1	REV.21.23	32
60:1	JHN.3.19	30
60:2	COL.1.13	27
60:2	1PE.2.9	20
60:2	ACT.17.30-ACT.17.31	18
60:2	HAG.2.7-HAG.2.9	8
60:2	ACT.26.18	8
60:2	ROM.1.21-ROM.1.32	8
60:2	2CO.4.4-2CO.4.6	8
60:2	EPH.4.17-EPH.4.20	8
60:2	MAL.4.2	7
60:2	2CO.3.18	7
60:2	LEV.9.23	6
60:2	NUM.16.19	6
60:2	EZK.10.4	6
60:2	ACT.17.23	6
60:2	HAB.3.3-HAB.3.4	5
60:2	JHN.1.14	5
60:2	JHN.1.18	5
60:2	JHN.8.55	5
60:2	ACT.14.16	5
60:2	1KI.8.11	4
60:2	JER.13.16	4
60:2	MAT.15.14	4
60:2	MAT.23.19	4
60:2	JHN.1.1	4
60:2	HEB.1.2-HEB.1.3	4
60:2	PSA.80.1	3
60:2	MAT.23.24	2
60:3	ISA.49.23	27
60:3	ACT.13.47	26
60:3	REV.21.24	23
60:3	PSA.117.1-PSA.117.2	15
60:3	ISA.2.2-ISA.2.5	15
60:3	MIC.4.1-MIC.4.2	15
60:3	PSA.68.29	13
60:3	ISA.45.14	13
60:3	ZEC.8.20-ZEC.8.23	13
60:3	PSA.138.4	12
60:3	JHN.12.32	12
60:3	PSA.67.1-PSA.67.4	11
60:3	PSA.72.11	11
60:3	PSA.72.17-PSA.72.19	11
60:3	PSA.98.2-PSA.98.3	11
60:3	ISA.66.19-ISA.66.20	11
60:3	PSA.22.27	10
60:3	ISA.11.10	10
60:3	ISA.49.6-ISA.49.7	10
60:3	ISA.49.12	10
60:3	ISA.54.1-ISA.54.3	10
60:3	GEN.49.10	9
60:3	ZEC.2.11	9
60:3	ACT.15.17	9
60:3	ROM.11.11-ROM.11.15	9
60:3	ROM.15.9-ROM.15.12	9
60:3	PSA.2.10	8
60:3	ISA.19.23-ISA.19.25	8
60:3	ISA.60.10	8
60:3	ISA.60.16	8
60:3	ISA.66.12	8
60:3	JHN.12.20-JHN.12.21	8
60:3	REV.11.15	8
60:3	AMO.9.12	7
60:3	MAT.2.1-MAT.2.11	7
60:3	MAT.28.19	7
60:3	LUK.24.47	6
60:4	ISA.42.6	6
60:4	ISA.49.18	5
60:4	ISA.49.20-ISA.49.22	5
60:4	GAL.3.28-GAL.3.29	4
60:4	ISA.43.6	3
60:4	ISA.66.11-ISA.66.12	2
60:4	MAT.8.11	2
60:4	ACT.13.44	2
60:4	ISA.11.12	1
60:4	JHN.4.35	1
60:5	ISA.61.6	7
60:5	ISA.23.18	6
60:5	PSA.98.7-PSA.98.9	5
60:5	ACT.10.45	5
60:5	1SA.2.1	4
60:5	PSA.34.5	4
60:5	PSA.96.7-PSA.96.9	4
60:5	ISA.24.14-ISA.24.15	4
60:5	ISA.54.2	4
60:5	ISA.60.11	4
60:5	JER.33.9	4
60:5	HOS.1.10-HOS.1.11	4
60:5	HOS.3.5	4
60:5	ACT.11.17	4
60:5	ACT.24.17	3
60:5	ROM.11.25	3
60:5	ROM.15.26	3
60:5	2CO.6.1-2CO.6.13	3
60:5	2CO.10.15	3
60:5	REV.21.26	3
60:6	MAT.2.11	14
60:6	PSA.72.10	11
60:6	PSA.72.15	9
60:6	GEN.25.3-GEN.25.4	8
60:6	JDG.6.5	8
60:6	1PE.2.9	8
60:6	1PE.2.5	7
60:6	REV.5.9-REV.5.10	7
60:6	PHP.2.17	6
60:6	REV.7.9-REV.7.12	6
60:6	GEN.10.7	5
60:6	1KI.10.2	5
60:6	ISA.42.10	5
60:6	ISA.45.14	5
60:6	ISA.61.6	5
60:6	MAL.1.11	5
60:6	GEN.25.13	4
60:6	JDG.7.12	4
60:6	2KI.8.9	4
60:6	ISA.30.6	4
60:6	ROM.15.9	4
60:6	2CH.9.1	2
60:7	ISA.56.7	8
60:7	GEN.25.13	6
60:7	HEB.13.15-HEB.13.16	5
60:7	JOB.42.8	4
60:7	HAG.2.7-HAG.2.9	4
60:7	ROM.12.1	4
60:7	ROM.15.16	4
60:7	ISA.42.11	3
60:7	ISA.60.13	3
60:7	HEB.13.10	2
60:8	REV.7.9	5
60:8	LUK.13.29	4
60:8	ISA.49.21	3
60:8	ISA.60.4	3
60:8	HEB.12.1	3
60:8	GEN.8.8-GEN.8.11	2
60:8	ISA.45.22	2
60:9	ISA.55.5	6
60:9	ISA.2.16	5
60:9	ISA.11.11	4
60:9	ISA.51.5	4
60:9	ISA.42.4	3
60:9	ISA.42.10	3
60:9	ISA.49.1	3
60:9	ISA.66.19-ISA.66.20	3
60:9	GAL.4.26	3
60:9	GEN.9.27	2
60:9	GEN.10.2-GEN.10.5	2
60:9	EXO.33.19	2
60:9	EXO.34.5-EXO.34.7	2
60:9	JOS.9.9	2
60:9	1KI.8.41	2
60:9	1KI.10.1	2
60:9	1KI.10.22	2
60:9	1KI.22.48	2
60:9	PSA.68.30-PSA.68.31	2
60:9	PSA.72.10	2
60:9	PRO.18.20	2
60:9	ISA.14.1-ISA.14.2	2
60:9	ISA.43.4	2
60:9	ISA.43.6	2
60:9	ISA.52.1-ISA.52.6	2
60:9	ISA.57.17	2
60:9	ISA.60.4	2
60:9	JER.3.17	2
60:9	JER.30.19	2
60:9	ZEP.2.11	2
60:9	ZEC.14.14	2
60:9	LUK.2.32	2
60:9	JHN.17.26	2
60:9	ACT.9.15	2
60:9	2CO.8.4-2CO.8.5	2
60:9	GAL.3.26	2
60:10	ISA.61.5	14
60:10	ISA.49.23	13
60:10	REV.21.26	8
60:10	ISA.14.1-ISA.14.2	7
60:10	ISA.60.3	7
60:10	ZEC.6.15	7
60:10	REV.21.24	7
60:10	PSA.30.5	6
60:10	ISA.12.1	6
60:10	ISA.54.7-ISA.54.8	6
60:10	ISA.57.17-ISA.57.18	6
60:10	EZR.6.3-EZR.6.12	3
60:10	EZR.7.12-EZR.7.28	3
60:10	NEH.2.7-NEH.2.9	3
60:10	ISA.66.21	3
60:11	REV.21.25-REV.21.26	14
60:11	ISA.60.5	11
60:11	ISA.60.18	8
60:11	ISA.62.10	5
60:11	PSA.149.8	1
60:12	ISA.54.15	6
60:12	ZEC.14.12-ZEC.14.19	6
60:12	PSA.2.12	5
60:12	ISA.14.2	5
60:12	ISA.41.11	5
60:12	DAN.2.44-DAN.2.45	5
60:12	DAN.2.35	4
60:12	ZEC.12.2-ZEC.12.4	4
60:12	MAT.21.44	4
60:12	LUK.19.27	4
60:12	REV.2.26-REV.2.27	4
60:13	ISA.35.2	5
60:13	1CH.28.2	4
60:13	PSA.96.6	4
60:13	PSA.132.7	4
60:13	EZR.7.27	2
60:13	ISA.41.19-ISA.41.20	2
60:13	ISA.55.13	2
60:13	ISA.66.1	2
60:13	HOS.14.6-HOS.14.7	2
60:14	REV.3.9	20
60:14	ISA.49.23	16
60:14	ISA.45.14	11
60:14	HEB.12.22	11
60:14	ISA.1.26	9
60:14	ISA.14.1-ISA.14.2	9
60:14	ISA.62.12	9
60:14	REV.3.12	8
60:14	JER.16.19	7
60:14	PSA.87.3	6
60:14	REV.14.1	6
60:15	ISA.61.7	19
60:15	JER.30.17	16
60:15	ISA.49.14-ISA.49.23	11
60:15	ISA.35.10	8
60:15	JER.33.11	8
60:15	ISA.4.2	7
60:15	ISA.6.12	7
60:15	ISA.54.6-ISA.54.14	7
60:15	REV.11.15-REV.11.17	7
60:15	ISA.65.18	6
60:15	REV.11.2	6
60:15	LAM.1.1-LAM.1.2	4
60:15	ISA.1.7-ISA.1.9	2
60:15	PSA.78.60-PSA.78.61	1
60:16	ISA.49.23	15
60:16	ISA.66.11-ISA.66.12	13
60:16	ISA.66.14	13
60:16	ISA.61.6	12
60:16	ISA.43.3-ISA.43.4	10
60:16	EZK.34.30	9
60:16	ISA.59.20	8
60:17	HEB.11.40	9
60:17	ISA.30.26	7
60:17	ISA.1.26	6
60:17	ZEC.12.8	6
60:17	1KI.10.21-1KI.10.27	5
60:17	ISA.32.1-ISA.32.2	4
60:17	2PE.3.13	4
60:18	ISA.26.1	15
60:18	ISA.11.9	13
60:18	ZEC.9.8	11
60:18	PSA.72.3-PSA.72.7	8
60:18	ISA.2.4	7
60:18	MIC.4.3	6
60:18	REV.19.1-REV.19.6	4
60:19	REV.21.23	19
60:19	REV.22.5	14
60:19	ZEC.2.5	12
60:19	PSA.36.9	9
60:19	PSA.3.3	7
60:19	PSA.62.7	6
60:19	LUK.2.32	4
60:19	PSA.4.2	2
60:20	REV.21.4	25
60:20	PSA.84.11	20
60:20	ISA.35.10	17
60:20	PSA.27.1	12
60:20	MAL.4.2	11
60:20	ISA.30.26	10
60:20	ISA.25.8	9
60:20	REV.7.15-REV.7.17	9
60:20	ISA.30.19	8
60:20	ISA.65.19	8
60:20	AMO.8.9	4
60:21	MAT.15.13	10
60:21	PSA.37.22	9
60:21	PSA.37.11	8
60:21	PSA.92.13	5
60:21	ISA.29.23	5
60:21	ISA.61.3	5
60:21	JHN.15.2	5
60:21	ISA.43.7	4
60:21	ISA.43.21	4
60:21	ISA.45.11	4
60:21	ISA.51.2	4
60:21	ISA.52.1	4
60:21	ISA.57.13	4
60:21	ISA.61.7	4
60:21	ISA.62.4	4
60:21	MAT.5.5	4
60:21	EPH.2.7	4
60:21	EPH.2.10	4
60:21	REV.21.27	4
60:21	ISA.4.3-ISA.4.4	3
60:21	ISA.19.25	3
60:21	ISA.44.23	3
60:21	ISA.49.3	3
60:21	ZEC.14.20-ZEC.14.21	3
60:21	EPH.1.6	3
60:21	EPH.1.12	3
60:21	2TH.1.10	3
60:21	2PE.3.13	3
60:21	REV.5.10	3
60:21	REV.21.7	3
60:22	HAB.2.3	60
60:22	HEB.10.36	42
60:22	LUK.18.7	29
60:22	MAT.13.31-MAT.13.32	23
60:22	2PE.3.8	19
60:22	ISA.66.8	17
60:22	ISA.5.19	14
60:22	REV.7.9	13
60:22	DAN.2.44	12
60:22	ACT.5.14	12
60:22	ACT.2.41	9
60:22	DAN.2.35	7
61:1	LUK.4.18-LUK.4.19	299
61:1	LUK.7.22	163
61:1	ISA.42.7	151
61:1	MAT.11.5	136
61:1	PSA.147.3	119
61:1	ISA.42.1	112
61:1	ZEC.9.11-ZEC.9.12	91
61:1	ACT.10.38	88
61:1	ISA.11.2-ISA.11.5	86
61:1	ISA.57.15	86
61:1	PSA.34.18	77
61:1	ISA.49.9	73
61:1	ISA.48.16	68
61:1	JHN.3.34	63
61:1	ACT.26.18	63
61:1	MAT.3.16	54
61:1	HOS.6.1	52
61:1	JHN.8.32-JHN.8.36	52
61:1	MAT.5.3-MAT.5.5	50
61:1	PSA.22.26	46
61:1	PSA.45.7	46
61:1	PSA.102.20	43
61:1	JHN.1.32-JHN.1.33	43
61:1	2TI.2.25-2TI.2.26	42
61:1	ISA.49.24-ISA.49.25	41
61:1	PSA.51.17	39
61:1	ISA.59.21	39
61:1	PSA.2.6	38
61:1	2CO.7.6	35
61:1	PSA.69.32	34
61:1	DAN.9.24	34
61:1	ROM.6.16-ROM.6.22	34
61:1	HEB.1.9	34
61:1	ISA.66.2	33
61:1	ROM.7.23-ROM.7.25	32
61:1	PSA.25.9	31
61:1	PSA.149.4	30
61:1	JHN.1.41	30
61:1	ACT.4.27	27
61:1	ISA.52.9	25
61:1	JER.34.8	24
61:2	MAT.5.4	20
61:2	ISA.34.8	16
61:2	LUK.4.19	11
61:2	ISA.57.18	10
61:2	2TH.2.16-2TH.2.17	9
61:2	JHN.16.20-JHN.16.22	8
61:2	ISA.25.8	7
61:2	ISA.35.4	7
61:2	ISA.49.8	7
61:2	JER.31.13	7
61:2	1TH.2.16	7
61:2	ISA.63.1-ISA.63.6	6
61:2	ISA.66.10-ISA.66.12	6
61:2	ISA.66.14	6
61:2	MAL.4.1-MAL.4.3	6
61:2	LUK.7.44-LUK.7.50	6
61:2	LUK.21.22-LUK.21.24	6
61:2	2CO.1.4-2CO.1.5	6
61:2	JER.46.10	5
61:2	LUK.6.21	5
61:2	2TH.1.7-2TH.1.9	5
61:2	LEV.25.9-LEV.25.13	4
61:2	ISA.59.17-ISA.59.18	4
61:2	2CO.6.2	4
61:2	PSA.110.5-PSA.110.6	3
61:3	PSA.30.11	51
61:3	JER.17.7-JER.17.8	46
61:3	JHN.16.20	40
61:3	ISA.61.10	34
61:3	PSA.45.7	29
61:3	ECC.9.8	27
61:3	1PE.2.9	20
61:3	PSA.23.5	19
61:3	ISA.60.20-ISA.60.21	19
61:3	EZK.16.8-EZK.16.13	18
61:3	ZEC.3.5	15
61:3	1CO.6.20	15
61:3	MAT.7.17-MAT.7.19	14
61:3	PHP.1.11	13
61:3	EST.4.1-EST.4.3	12
61:3	MAT.5.16	11
61:3	EST.8.15	10
61:3	EST.9.22	10
61:3	PSA.92.12-PSA.92.15	9
61:3	LUK.15.22	9
61:3	JHN.15.8	9
61:3	1PE.4.14	9
61:3	REV.7.9-REV.7.14	9
61:3	PSA.104.15	8
61:3	2TH.1.10	7
61:3	ISA.12.1	5
61:3	1PE.4.9-1PE.4.11	4
61:4	ISA.58.12	17
61:4	AMO.9.14-AMO.9.15	10
61:4	EZK.36.33-EZK.36.36	9
61:4	EZK.36.23-EZK.36.26	7
61:4	ISA.49.6-ISA.49.8	5
61:5	ISA.60.10-ISA.60.14	6
61:5	ISA.14.1-ISA.14.2	5
61:5	EPH.2.12-EPH.2.20	3
61:6	EXO.19.6	11
61:6	1PE.2.5	7
61:6	1PE.2.9	7
61:6	ISA.60.5-ISA.60.7	6
61:6	ISA.66.21	5
61:6	REV.5.10	5
61:6	2CO.11.23	4
61:6	REV.20.6	4
61:6	ISA.60.16-ISA.60.17	3
61:6	ISA.66.12	3
61:6	EZK.14.11	3
61:6	ROM.12.1	3
61:6	1CO.4.1	3
61:6	ISA.23.18	2
61:6	ISA.60.10-ISA.60.11	2
61:6	ACT.11.28-ACT.11.30	2
61:6	ROM.15.26-ROM.15.27	2
61:6	1CO.3.5	2
61:6	2CO.6.4	2
61:6	EPH.4.11-EPH.4.12	2
61:6	REV.1.6	1
61:7	JOB.42.10	40
61:7	ZEC.9.12	37
61:7	ISA.40.2	29
61:7	ISA.60.19-ISA.60.20	27
61:7	PSA.16.11	26
61:7	2KI.2.9	23
61:7	ISA.51.11	21
61:7	2CO.4.17	20
61:7	ISA.35.10	19
61:7	MAT.25.46	14
61:7	2TH.2.16	14
61:7	DEU.21.17	13
61:8	PSA.11.7	17
61:8	JER.9.24	13
61:8	ZEC.8.16-ZEC.8.17	12
61:8	GEN.17.7	10
61:8	ISA.55.3	10
61:8	JER.32.40	10
61:8	PSA.25.8-PSA.25.12	9
61:8	PSA.37.28	9
61:8	PSA.99.4	6
61:8	PRO.8.20	6
61:8	1SA.15.21-1SA.15.24	5
61:8	2SA.23.5	5
61:8	PSA.33.5	5
61:8	PSA.45.7	5
61:8	PRO.3.6	5
61:8	PSA.32.8	4
61:8	PSA.50.5	4
61:8	ISA.5.16	4
61:8	2TH.3.5	4
61:8	HEB.13.20-HEB.13.21	4
61:8	ISA.1.11-ISA.1.13	3
61:8	JER.7.8-JER.7.11	3
61:8	AMO.5.21-AMO.5.24	3
61:8	MAT.23.13	3
61:9	ISA.44.3	11
61:9	PSA.115.14	8
61:9	GEN.22.18	5
61:9	ACT.3.26	5
61:9	ISA.65.23	3
61:9	ZEC.8.13	3
61:9	ROM.9.3-ROM.9.4	3
61:9	ROM.11.16-ROM.11.24	0
61:10	REV.19.7-REV.19.8	30
61:10	PSA.132.9	18
61:10	PSA.132.16	18
61:10	PHP.3.9	18
61:10	REV.21.2	16
61:10	ISA.49.18	15
61:10	ROM.5.11	14
61:10	ROM.14.17	14
61:10	REV.7.9-REV.7.14	13
61:10	ISA.52.1	11
61:10	GAL.3.27	10
61:10	1SA.2.1	9
61:10	ISA.61.3	9
61:10	LUK.15.22	9
61:10	ROM.13.14	9
61:10	2CH.6.41	8
61:10	ISA.51.11	8
61:10	HAB.3.18	8
61:10	ROM.3.22	8
61:10	1PE.1.8	8
61:10	ISA.25.9	7
61:10	EZK.16.8-EZK.16.16	7
61:10	ISA.35.10	6
61:10	PHP.4.4	6
61:10	REV.21.9	6
61:10	EXO.28.2-EXO.28.43	4
61:10	NEH.8.10	4
61:10	PSA.28.7	4
61:10	PSA.45.13-PSA.45.14	4
61:10	JER.2.32	4
61:10	ZEC.10.7	4
61:10	PHP.3.1-PHP.3.3	4
61:10	GEN.24.53	3
61:10	PSA.45.8-PSA.45.9	2
61:10	LUK.1.46-LUK.1.47	2
61:10	REV.4.4	0
61:11	ISA.58.11	9
61:11	MRK.4.26-MRK.4.32	9
61:11	1PE.2.9	9
61:11	ISA.55.10-ISA.55.11	6
61:11	PSA.85.11	5
61:11	SNG.4.16-SNG.5.1	5
61:11	ISA.45.8	5
61:11	ISA.62.1	5
61:11	ISA.62.7	5
61:11	PSA.72.3	4
61:11	PSA.72.16	4
61:11	ISA.60.18	4
61:11	MAT.13.3	4
61:11	MAT.13.23	4
61:11	MAT.13.8	3
62:1	ISA.62.6-ISA.62.7	23
62:1	PRO.4.18	18
62:1	PSA.102.13-PSA.102.16	14
62:1	ISA.32.15-ISA.32.17	12
62:1	LUK.2.30-LUK.2.32	10
62:1	1PE.2.9	10
62:1	ISA.51.5-ISA.51.6	6
62:1	PHP.2.15-PHP.2.16	6
62:1	HEB.7.25	6
62:1	PSA.98.1-PSA.98.3	5
62:1	PSA.122.6-PSA.122.9	5
62:1	ISA.1.26-ISA.1.27	5
62:1	ISA.51.9	5
62:1	PSA.51.18	4
62:1	PSA.137.6	4
62:1	ISA.61.10-ISA.61.11	4
62:1	MIC.4.2	4
62:1	MAT.5.16	4
62:1	ZEC.2.12	3
62:1	2TH.3.1	3
62:1	LUK.10.2	2
62:2	ISA.62.12	13
62:2	ISA.65.15	11
62:2	REV.2.17	11
62:2	GEN.17.5	9
62:2	ISA.60.1-ISA.60.3	9
62:2	ISA.66.12	9
62:2	GEN.17.15	8
62:2	ISA.49.23	8
62:2	ISA.62.4	7
62:2	ISA.66.19	7
62:2	GEN.32.28	6
62:2	PSA.72.10-PSA.72.11	6
62:2	ISA.49.6	6
62:2	ISA.52.10	6
62:2	ISA.61.9	6
62:2	ACT.11.26	6
62:2	ISA.60.16	5
62:2	JER.33.16	5
62:2	MIC.5.8	5
62:2	ISA.60.11	4
62:2	ACT.9.15	4
62:2	ACT.26.23	4
62:2	COL.1.23	4
62:2	PSA.138.4-PSA.138.5	3
62:3	ISA.28.5	19
62:3	ZEC.9.16	15
62:3	1TH.2.19	15
62:3	LUK.2.14	1
62:4	ZEP.3.17	27
62:4	HOS.2.19-HOS.2.20	26
62:4	ISA.62.12	25
62:4	ISA.54.5-ISA.54.7	23
62:4	JER.32.41	21
62:4	ISA.61.10	19
62:4	1PE.2.10	19
62:4	PSA.149.4	17
62:4	ISA.54.1	17
62:4	ISA.60.15	16
62:4	JER.3.14	16
62:4	ISA.62.5	15
62:4	2CO.11.2	14
62:4	EPH.5.25-EPH.5.27	14
62:4	REV.21.2	12
62:4	ISA.32.14-ISA.32.15	10
62:4	ISA.49.14	10
62:4	REV.21.9-REV.21.10	8
62:4	ROM.9.25-ROM.9.27	7
62:4	HOS.1.9-HOS.1.10	6
62:4	HEB.13.5	6
62:4	JHN.3.29	5
62:5	ISA.62.4	6
62:5	ISA.65.19	6
62:5	HEB.12.2	5
62:5	PSA.45.11-PSA.45.16	3
62:5	ISA.49.18-ISA.49.22	3
62:5	JER.32.41	3
62:5	SNG.3.11	2
62:6	ISA.52.8	15
62:6	EZK.3.17-EZK.3.21	11
62:6	PSA.134.1-PSA.134.2	10
62:6	1TH.5.17	9
62:6	JER.6.17	7
62:6	ISA.56.10	6
62:6	HEB.13.17	6
62:6	EZK.33.2-EZK.33.9	5
62:6	LUK.11.5-LUK.11.13	5
62:6	GEN.32.26	4
62:6	PSA.74.2	4
62:6	GEN.32.12	3
62:6	2CH.8.14	3
62:6	PSA.74.18	3
62:6	ISA.62.1	3
62:6	LUK.18.39	3
62:6	EPH.4.11-EPH.4.12	3
62:6	ISA.43.26	2
62:6	ACT.10.4	2
62:6	1CO.12.28	2
62:6	REV.6.10	2
62:6	SNG.3.3	1
62:6	SNG.5.7	1
62:6	LUK.18.1-LUK.18.8	1
62:6	ACT.10.31	1
62:6	REV.4.6-REV.4.8	1
62:6	NUM.14.17-NUM.14.19	0
62:6	MAT.15.22-MAT.15.27	0
62:7	JER.33.9	12
62:7	ZEP.3.19-ZEP.3.20	12
62:7	ISA.60.18	11
62:7	LUK.18.1-LUK.18.8	10
62:7	MAT.6.9-MAT.6.10	9
62:7	ISA.61.11-ISA.62.3	7
62:7	REV.11.15	6
62:7	MAT.6.13	5
62:8	ISA.65.21-ISA.65.23	14
62:8	JDG.6.3-JDG.6.6	9
62:8	DEU.28.31	7
62:8	DEU.28.33	7
62:8	EZK.20.5	6
62:8	LEV.26.16	5
62:8	DEU.32.40	5
62:8	ISA.1.7	5
62:8	JER.5.17	5
62:9	DEU.16.11	5
62:9	DEU.12.7	4
62:9	DEU.12.12	4
62:9	DEU.14.23-DEU.14.29	3
62:9	DEU.16.14	3
62:10	ISA.57.14	18
62:10	ISA.40.3	16
62:10	HEB.12.13	15
62:10	ISA.49.22	14
62:10	ISA.11.10	10
62:10	MAT.22.9	9
62:10	EXO.17.15	7
62:10	ISA.11.12	7
62:10	ISA.18.3	7
62:10	ISA.11.16	4
62:10	ISA.48.20	4
62:10	ISA.52.11	4
62:10	ISA.60.11	3
62:11	ZEC.9.9	127
62:11	MAT.21.5	59
62:11	JHN.12.15	51
62:11	REV.22.12	34
62:11	ISA.40.9-ISA.40.10	31
62:11	ROM.10.11-ROM.10.18	24
62:11	PSA.98.1-PSA.98.3	23
62:11	ISA.49.4	18
62:11	ISA.49.6	16
62:11	MRK.16.15	13
62:12	1PE.2.9	10
62:12	DEU.26.19	8
62:12	ISA.62.4	8
62:12	DEU.28.9	7
62:12	DEU.7.6	6
62:12	ISA.35.9	6
62:12	PSA.107.2	5
62:12	ISA.42.16	4
62:12	MAT.16.18	4
62:12	HEB.13.5	4
62:12	ISA.65.1	3
62:12	EZK.34.11-EZK.34.16	3
62:12	MAT.18.10-MAT.18.13	3
62:12	MAT.28.20	3
62:12	LUK.19.10	3
62:12	JHN.4.23	3
62:12	JHN.10.16	3
62:12	1PE.1.18-1PE.1.19	3
62:12	ISA.60.21	2
62:12	LUK.15.4-LUK.15.5	2
62:12	REV.5.9	2
63:1	REV.19.13	17
63:1	ISA.34.5-ISA.34.6	12
63:1	PSA.137.7	10
63:1	ISA.63.2-ISA.63.3	9
63:1	NUM.23.19	5
63:1	AMO.1.11-AMO.1.12	5
63:1	SNG.8.5	4
63:1	MAT.21.10	3
63:1	SNG.3.6	2
63:1	SNG.6.10	2
63:1	ISA.45.19	2
63:1	ZEP.3.17	2
63:1	JUD.1.24-JUD.1.25	2
63:1	PSA.24.7-PSA.24.10	1
63:1	PSA.45.3-PSA.45.4	1
63:1	ISA.9.5	1
63:1	ISA.45.23	1
63:1	JHN.10.28-JHN.10.30	1
63:1	HEB.7.25	1
63:1	1PE.1.5	0
63:1	REV.11.17-REV.11.18	0
63:2	REV.19.13	23
63:2	REV.19.15	2
63:3	REV.19.13-REV.19.15	27
63:3	REV.14.19-REV.14.20	9
63:3	MIC.7.10	6
63:3	MAL.4.3	6
63:3	LAM.1.15	5
63:3	ZEC.10.5	5
63:3	ISA.63.6	4
63:3	ISA.22.5	3
63:3	EZK.38.18-EZK.38.22	3
63:3	2KI.9.33	2
63:3	ISA.25.10	2
63:3	ISA.34.2-ISA.34.5	1
63:4	ISA.34.8	9
63:4	ISA.61.2	8
63:4	ISA.35.4	7
63:4	JER.51.6	7
63:4	REV.18.20	5
63:4	LUK.21.22	4
63:4	REV.6.9-REV.6.17	4
63:4	REV.11.13	4
63:4	ZEC.3.8	2
63:5	PSA.44.3	7
63:5	PSA.98.1	4
63:5	ISA.40.10	4
63:5	ISA.41.28	4
63:5	ISA.50.2	4
63:5	ISA.52.10	4
63:5	ISA.59.16-ISA.59.18	4
63:5	HOS.1.7	4
63:5	ISA.63.3	3
63:5	JHN.16.32	3
63:5	1CO.1.24	3
63:5	HEB.2.14-HEB.2.15	3
63:5	ISA.51.9	2
63:6	ISA.49.26	3
63:6	REV.14.10	3
63:6	REV.16.19	3
63:6	JOB.21.20	2
63:6	PSA.60.3	2
63:6	PSA.75.8	2
63:6	ISA.25.10-ISA.25.12	2
63:6	ISA.26.5-ISA.26.6	2
63:6	ISA.29.9	2
63:6	ISA.51.21-ISA.51.23	2
63:6	ISA.63.2-ISA.63.3	2
63:6	JER.25.16-JER.25.17	2
63:6	JER.25.26-JER.25.27	2
63:6	LAM.3.15	2
63:6	REV.16.6	2
63:6	REV.18.3-REV.18.6	2
63:6	REV.18.21	2
63:7	EPH.2.4	9
63:7	PSA.86.5	8
63:7	PSA.86.15	7
63:7	ROM.2.4	4
63:7	EPH.1.6-EPH.1.7	4
63:7	1KI.8.66	3
63:7	PSA.51.1	3
63:7	EZK.16.6-EZK.16.14	3
63:7	EXO.34.6-EXO.34.7	2
63:7	NUM.14.18-NUM.14.19	2
63:7	2CH.7.10	2
63:7	NEH.9.7-NEH.9.15	2
63:7	NEH.9.19-NEH.9.21	2
63:7	NEH.9.25	2
63:7	NEH.9.27	2
63:7	NEH.9.31	2
63:7	NEH.9.35	2
63:7	PSA.63.3	2
63:7	PSA.78.11-PSA.78.72	2
63:7	PSA.105.5-PSA.105.45	2
63:7	PSA.107.8	2
63:7	PSA.107.15	2
63:7	PSA.107.21	2
63:7	PSA.107.31	2
63:7	PSA.136.1-PSA.136.26	2
63:7	PSA.147.19-PSA.147.20	2
63:7	ISA.41.8-ISA.41.9	2
63:7	ISA.51.2	2
63:7	ISA.54.8	2
63:7	ISA.55.7	2
63:7	LAM.3.32	2
63:7	HOS.2.19	2
63:7	ZEC.9.17	2
63:7	ROM.5.20	2
63:7	1TI.1.14	2
63:7	TIT.3.4-TIT.3.7	2
63:8	GEN.17.7	4
63:8	EXO.6.7	3
63:8	ISA.12.2	3
63:8	EXO.3.7	2
63:8	EXO.4.22-EXO.4.23	2
63:8	EXO.19.5-EXO.19.6	2
63:8	EXO.24.7	2
63:8	DEU.33.29	2
63:8	PSA.78.36-PSA.78.37	2
63:8	PSA.106.21	2
63:8	ISA.41.8	2
63:8	ISA.43.3	2
63:8	ISA.43.11	2
63:8	ISA.51.4	2
63:8	ISA.57.11	2
63:8	JER.14.8	2
63:8	HOS.13.4	2
63:8	ZEP.3.7	2
63:8	JHN.1.47	2
63:8	ROM.11.1-ROM.11.2	2
63:8	ROM.11.28	2
63:8	EPH.4.25	2
63:8	COL.3.9	2
63:8	1JN.4.14	2
63:8	JUD.1.25	2
63:9	EXO.33.14	22
63:9	EXO.23.20-EXO.23.21	15
63:9	MAL.3.1	14
63:9	ACT.7.34-ACT.7.35	13
63:9	ACT.12.11	13
63:9	EXO.14.19	12
63:9	EXO.19.4	12
63:9	DEU.1.31	12
63:9	DEU.7.7-DEU.7.8	12
63:9	PSA.106.7-PSA.106.10	11
63:9	JDG.10.16	10
63:9	PSA.78.38	9
63:9	GEN.48.16	8
63:9	EXO.3.7-EXO.3.9	8
63:9	DEU.32.10-DEU.32.12	8
63:9	HEB.4.15	8
63:9	1JN.4.9-1JN.4.10	8
63:9	REV.1.5	8
63:9	ISA.46.3-ISA.46.4	7
63:9	HOS.12.3-HOS.12.5	7
63:9	ZEC.2.8	7
63:9	TIT.2.14	7
63:9	REV.5.9	7
63:9	GEN.22.11-GEN.22.17	6
63:9	HEB.2.18	6
63:9	ACT.7.30-ACT.7.32	5
63:9	ACT.7.38	5
63:9	HOS.1.7	4
63:9	MAT.25.40	4
63:9	MAT.25.45	3
63:9	LUK.15.5	3
63:9	ACT.9.4	1
63:9	1CO.10.9	1
63:10	ACT.7.51	17
63:10	EPH.4.30	14
63:10	PSA.78.56	12
63:10	PSA.78.40	11
63:10	JER.21.5	7
63:10	NEH.9.16-NEH.9.17	6
63:10	EZK.20.8	6
63:10	PSA.51.11	5
63:10	EXO.15.24	4
63:10	EXO.16.8	4
63:10	EXO.23.21	4
63:10	DEU.9.7	4
63:10	DEU.32.19-DEU.32.25	4
63:10	NEH.9.29	4
63:10	PSA.78.8	4
63:10	PSA.95.9-PSA.95.11	4
63:10	EZK.2.7	4
63:10	EZK.6.9	4
63:10	EZK.20.21	4
63:10	EXO.32.8	3
63:10	LEV.26.17-LEV.26.46	3
63:10	NUM.14.9-NUM.14.11	3
63:10	NUM.16.1-NUM.16.35	3
63:10	DEU.28.15-DEU.28.68	3
63:10	NEH.9.26	3
63:10	PSA.78.49	3
63:10	ISA.1.2	3
63:10	ISA.65.2	3
63:10	LAM.1.18	3
63:10	LAM.2.4-LAM.2.5	3
63:10	EZK.2.3	3
63:10	EZK.20.13	3
63:10	MAT.22.7	3
63:10	DEU.9.22-DEU.9.24	2
63:10	JER.30.14	2
63:10	LAM.1.20	2
63:11	NUM.11.17	5
63:11	EXO.14.22	4
63:11	NUM.11.25	4
63:11	PSA.77.20	4
63:11	HAG.2.5	4
63:11	NUM.11.29	3
63:11	ZEC.4.6	3
63:11	LUK.1.54-LUK.1.55	3
63:11	EXO.14.30	2
63:11	EXO.32.11-EXO.32.12	2
63:11	LEV.26.40-LEV.26.45	2
63:11	NUM.14.13-NUM.14.25	2
63:11	DEU.4.30-DEU.4.31	2
63:11	NEH.9.20	2
63:11	PSA.25.6	2
63:11	PSA.77.5-PSA.77.11	2
63:11	PSA.89.47-PSA.89.50	2
63:11	PSA.143.5	2
63:11	ISA.51.9-ISA.51.10	2
63:11	ISA.63.15	2
63:11	JER.2.6	2
63:11	DAN.4.8	2
63:12	EXO.15.16	5
63:12	JOS.3.16	4
63:12	PSA.78.13	4
63:12	EXO.14.16-EXO.14.17	3
63:12	EXO.14.21-EXO.14.22	3
63:12	NEH.9.11	3
63:12	PSA.80.1	3
63:12	PSA.114.5-PSA.114.7	3
63:12	ISA.55.13	3
63:12	EXO.15.6	2
63:12	EXO.15.13	2
63:12	PSA.136.13-PSA.136.16	2
63:12	ISA.11.15	2
63:12	ROM.9.17	1
63:13	JER.31.9	3
63:13	PSA.106.9	2
63:13	HAB.3.15	2
63:14	JOS.23.1	4
63:14	ISA.63.12	4
63:14	HEB.4.8-HEB.4.11	3
63:14	NUM.14.21	2
63:14	JOS.22.4	2
63:14	2SA.7.23	2
63:14	1CH.29.13	2
63:14	NEH.9.5	2
63:14	LUK.2.14	2
63:14	EPH.1.6	2
63:14	EPH.1.12	2
63:15	DEU.26.15	6
63:15	JER.31.20	6
63:15	PSA.80.14	5
63:15	PSA.123.1	5
63:15	HOS.11.8	5
63:15	PSA.33.14	4
63:15	PHP.2.1	3
63:15	1JN.3.17	3
63:15	1KI.8.27	2
63:15	2CH.30.27	2
63:15	PSA.25.6	2
63:15	PSA.77.7-PSA.77.9	2
63:15	PSA.89.49	2
63:15	PSA.102.19-PSA.102.20	2
63:15	PSA.113.5-PSA.113.6	2
63:15	ISA.9.7	2
63:15	ISA.26.11	2
63:15	ISA.49.15	2
63:15	ISA.51.9-ISA.51.10	2
63:15	ISA.57.15	2
63:15	ISA.59.17	2
63:15	ISA.63.9	2
63:15	ISA.66.1	2
63:15	LAM.3.50	2
63:15	LUK.1.78	2
63:16	ISA.64.8	8
63:16	MAL.2.10	6
63:16	DEU.32.6	5
63:16	JER.3.19	5
63:16	ISA.41.14	4
63:16	ISA.44.6	4
63:16	MAL.1.6	4
63:16	1CH.29.10	3
63:16	JOB.14.21	3
63:16	ISA.43.14	3
63:16	JER.31.9	3
63:16	EXO.4.22	2
63:16	ECC.9.5	2
63:16	ISA.54.5	2
63:16	ISA.63.12	2
63:16	MAT.6.9	2
63:16	1PE.1.18-1PE.1.21	1
63:17	ISA.6.10	7
63:17	JOS.11.20	6
63:17	EZK.14.7-EZK.14.9	6
63:17	DEU.2.30	5
63:17	ISA.29.13	4
63:17	NUM.10.36	3
63:17	PSA.90.13	3
63:17	JHN.12.40	3
63:17	ZEC.1.12	2
63:17	ROM.9.18-ROM.9.20	2
63:17	2TH.2.11-2TH.2.12	2
63:17	PSA.74.1-PSA.74.2	1
63:17	PSA.80.14	1
63:17	PSA.119.10	1
63:17	PSA.119.36	1
63:17	PSA.141.4	1
63:18	PSA.74.3-PSA.74.7	4
63:18	EXO.19.4-EXO.19.6	2
63:18	DEU.7.6	2
63:18	DEU.26.19	2
63:18	ISA.62.12	2
63:18	ISA.64.11-ISA.64.12	2
63:18	LAM.1.10	2
63:18	LAM.4.1	2
63:18	DAN.8.24	2
63:18	MAT.24.2	2
63:18	1PE.2.9	2
63:18	REV.11.2	2
63:19	ROM.9.4	6
63:19	PSA.79.6	5
63:19	PSA.135.4	5
63:19	ACT.14.16	5
63:19	ISA.65.1	4
63:19	AMO.9.12	4
63:19	ACT.15.17	4
63:19	EPH.2.12	4
63:19	JER.10.25	3
64:1	MIC.1.3-MIC.1.4	13
64:1	EXO.19.18-EXO.19.19	8
64:1	NAM.1.5-NAM.1.6	8
64:1	MRK.1.10	8
64:1	REV.20.11	8
64:1	PSA.68.8	7
64:1	PSA.144.5-PSA.144.6	7
64:1	ISA.63.15	6
64:1	HAB.3.1-HAB.3.13	6
64:1	EXO.3.8	5
64:1	AMO.9.13	5
64:1	EXO.19.11	4
64:1	JDG.5.4-JDG.5.5	4
64:1	PSA.18.7-PSA.18.15	4
64:1	PSA.46.6	4
64:1	PSA.114.4-PSA.114.7	4
64:1	2PE.3.10-2PE.3.12	4
64:1	AMO.9.5	3
64:2	PSA.99.1	6
64:2	JER.33.9	5
64:2	EXO.14.4	3
64:2	PSA.46.10	3
64:2	PSA.102.15-PSA.102.16	3
64:2	ISA.37.20	3
64:2	JER.5.22	3
64:2	EZK.38.22-EZK.38.23	3
64:2	DAN.4.32-DAN.4.37	3
64:2	DAN.6.25-DAN.6.27	3
64:2	EXO.15.14-EXO.15.16	2
64:2	DEU.2.25	2
64:2	1SA.17.46-1SA.17.47	2
64:2	1KI.8.41-1KI.8.43	2
64:2	PSA.9.20	2
64:2	PSA.48.4-PSA.48.6	2
64:2	PSA.67.1-PSA.67.2	2
64:2	PSA.79.10	2
64:2	PSA.83.13	2
64:2	PSA.98.1-PSA.98.2	2
64:2	PSA.106.8	2
64:2	ISA.63.12	2
64:2	EZK.39.27-EZK.39.28	2
64:2	DAN.4.1-DAN.4.3	2
64:2	JOL.3.16-JOL.3.17	2
64:2	MIC.7.15-MIC.7.17	2
64:2	REV.11.11-REV.11.13	2
64:3	EXO.34.10	4
64:3	DEU.10.21	3
64:3	PSA.65.5-PSA.65.6	3
64:3	PSA.66.3	3
64:3	PSA.66.5	3
64:3	PSA.106.22	3
64:3	HAB.3.3	3
64:3	DEU.4.34	2
64:3	JDG.5.4-JDG.5.5	2
64:3	2SA.7.23	2
64:3	PSA.68.8	2
64:3	PSA.76.12	2
64:3	PSA.105.27-PSA.105.36	2
64:3	ISA.64.1	2
64:3	HAB.3.6	2
64:4	1CO.2.9-1CO.2.10	43
64:4	PSA.31.19	29
64:4	JAS.5.7	18
64:4	ISA.25.9	17
64:4	PSA.130.5	14
64:4	COL.1.26-COL.1.27	14
64:4	GEN.49.18	13
64:4	EPH.3.17-EPH.3.21	13
64:4	LAM.3.25-LAM.3.26	11
64:4	ISA.30.18	10
64:4	1JN.3.1-1JN.3.2	9
64:4	JHN.14.3	8
64:4	MAT.25.34	7
64:4	EPH.3.5-EPH.3.10	7
64:4	1TI.3.16	7
64:4	HEB.11.16	7
64:4	PSA.62.1	6
64:4	LUK.2.25	6
64:4	ROM.8.19	6
64:4	1CO.1.7	6
64:4	ROM.8.23-ROM.8.25	5
64:4	1JN.4.10	5
64:4	1TH.1.10	4
64:4	REV.21.1-REV.21.4	4
64:4	REV.22.1-REV.22.5	4
64:4	REV.21.22-REV.21.24	3
64:5	ACT.10.35	3
64:5	PHP.3.13-PHP.3.15	3
64:5	HEB.4.16	3
64:5	EXO.20.24	2
64:5	EXO.25.22	2
64:5	EXO.29.42-EXO.29.43	2
64:5	EXO.30.6	2
64:5	PSA.25.10	2
64:5	PSA.37.4	2
64:5	PSA.90.7-PSA.90.9	2
64:5	PSA.103.17	2
64:5	PSA.112.1	2
64:5	ISA.26.8-ISA.26.9	2
64:5	ISA.56.1-ISA.56.7	2
64:5	ISA.63.10	2
64:5	JER.31.18-JER.31.20	2
64:5	HOS.11.8	2
64:5	MAL.3.6	2
64:5	ACT.10.2-ACT.10.4	2
64:5	HOS.6.3	1
64:6	ROM.7.18	36
64:6	ROM.7.24	28
64:6	EPH.2.1-EPH.2.2	22
64:6	REV.3.17-REV.3.18	17
64:6	ZEC.3.3	16
64:6	ISA.53.6	13
64:6	JOB.42.5-JOB.42.6	11
64:6	TIT.3.3	11
64:6	JOB.14.4	9
64:6	JOB.25.4	9
64:6	PHP.3.9	6
64:6	PSA.51.5	4
64:6	ISA.46.12	4
64:6	JOB.15.14-JOB.15.16	3
64:6	PSA.90.5-PSA.90.6	3
64:6	ISA.6.5	3
64:6	ISA.57.12-ISA.57.13	3
64:6	JOB.40.4	2
64:6	ISA.40.6-ISA.40.8	2
64:6	REV.7.13	2
64:6	PSA.1.4	0
64:6	ISA.48.1	0
64:6	HOS.4.19	0
64:6	1PE.1.24-1PE.1.25	0
64:7	EZK.22.30	6
64:7	ISA.50.2	5
64:7	ISA.59.16	5
64:7	HOS.7.14	5
64:7	ISA.27.5	4
64:7	ISA.54.8	4
64:7	ISA.59.2	4
64:7	HOS.7.7	4
64:7	DEU.31.17-DEU.31.18	3
64:7	DEU.32.19-DEU.32.25	3
64:7	JOB.8.4	3
64:7	PSA.14.4	3
64:7	ISA.1.15	3
64:7	ISA.56.4	3
64:7	ISA.57.17	3
64:7	ISA.59.4	3
64:7	JER.9.7	3
64:7	EZK.22.18-EZK.22.22	3
64:7	EZK.24.11	3
64:7	HOS.5.15	3
64:8	EPH.2.10	36
64:8	PSA.119.73	32
64:8	JER.18.2-JER.18.6	30
64:8	PSA.138.8	28
64:8	PSA.100.3	26
64:8	ISA.29.16	22
64:8	ISA.44.24	22
64:8	ISA.45.9	21
64:8	ISA.63.16	20
64:8	ISA.43.7	15
64:8	ISA.44.21	13
64:8	ROM.9.20-ROM.9.24	13
64:8	DEU.32.6	12
64:8	JOB.10.8-JOB.10.9	12
64:8	GAL.3.26	7
64:8	GAL.3.29	5
64:8	EXO.4.22	3
64:9	PSA.74.1-PSA.74.2	3
64:9	PSA.79.13	3
64:9	MIC.7.18-MIC.7.20	3
64:9	PSA.6.1	2
64:9	PSA.38.1	2
64:9	PSA.79.5-PSA.79.9	2
64:9	PSA.119.94	2
64:9	ISA.43.25	2
64:9	ISA.57.17	2
64:9	ISA.60.10	2
64:9	ISA.63.19	2
64:9	JER.3.12	2
64:9	JER.10.24	2
64:9	LAM.5.20	2
64:9	HAB.3.2	2
64:9	MAL.1.4	2
64:9	2PE.2.17	2
64:9	REV.20.10	2
64:10	ISA.1.7	5
64:10	LUK.21.24	3
64:10	2KI.25.9	2
64:10	2CH.36.19-2CH.36.21	2
64:10	PSA.79.1-PSA.79.7	2
64:10	LAM.1.1-LAM.1.4	2
64:10	LAM.2.4-LAM.2.8	2
64:10	LAM.5.18	2
64:10	DAN.9.26-DAN.9.27	2
64:10	DAN.12.7	2
64:10	MIC.3.12	2
64:10	REV.11.1-REV.11.2	2
64:10	LUK.21.21	1
64:11	2KI.25.9	6
64:11	PSA.74.5-PSA.74.7	6
64:11	2CH.36.19	5
64:11	LAM.1.7	5
64:11	LAM.1.10-LAM.1.11	5
64:11	JER.52.13	4
64:11	LAM.2.7	4
64:11	EZK.24.21	4
64:11	1KI.8.14	2
64:11	1KI.8.56	2
64:11	2CH.6.4	2
64:11	2CH.7.3	2
64:11	2CH.7.6	2
64:11	2CH.29.25-2CH.29.30	2
64:11	EZK.7.20-EZK.7.21	2
64:11	EZK.24.25	2
64:11	MAT.24.2	2
64:12	ISA.42.14	5
64:12	PSA.74.10-PSA.74.11	4
64:12	PSA.74.18-PSA.74.19	3
64:12	PSA.83.1	3
64:12	ZEC.1.12	3
64:12	PSA.10.1	2
64:12	PSA.79.5	2
64:12	PSA.80.3-PSA.80.4	2
64:12	PSA.89.46-PSA.89.51	2
64:12	REV.6.10	2
65:1	ROM.10.20	39
65:1	ROM.9.24-ROM.9.26	21
65:1	1PE.2.10	18
65:1	EPH.2.12-EPH.2.13	14
65:1	ISA.45.22	12
65:1	HOS.1.10	12
65:1	PSA.22.27	11
65:1	ISA.55.5	10
65:1	ZEC.8.22-ZEC.8.23	10
65:1	ISA.43.1	9
65:1	ZEC.2.11	9
65:1	ISA.11.10	8
65:1	ISA.2.2-ISA.2.3	7
65:1	JHN.1.29	7
65:1	ROM.9.30	7
65:1	ISA.41.27	6
65:1	ISA.63.19	6
65:1	ISA.40.9	3
65:2	ROM.10.21	15
65:2	PRO.1.24	13
65:2	JER.4.14	13
65:2	PSA.81.11-PSA.81.12	9
65:2	ISA.1.2	8
65:2	ISA.63.10	7
65:2	JER.5.23	7
65:2	JER.7.24	7
65:2	MAT.23.37	6
65:2	LUK.13.34	6
65:2	LUK.19.41-LUK.19.42	6
65:2	ACT.7.51-ACT.7.52	6
65:2	ROM.2.5	6
65:2	GEN.6.5	5
65:2	DEU.9.7	5
65:2	DEU.29.19	5
65:2	DEU.31.27	5
65:2	PSA.36.4	5
65:2	ISA.1.23	5
65:2	ISA.66.18	5
65:2	JER.3.17	5
65:2	EZK.2.3-EZK.2.7	5
65:2	MAT.15.19	5
65:2	NUM.15.39	4
65:2	PRO.16.29	4
65:2	ISA.55.7	4
65:2	ISA.59.7-ISA.59.8	4
65:2	MAT.12.33-MAT.12.34	4
65:2	JAS.1.14-JAS.1.15	4
65:2	1TH.2.15-1TH.2.16	3
65:3	ISA.1.29	6
65:3	DEU.32.21	5
65:3	ISA.66.17	5
65:3	DEU.32.16-DEU.32.19	4
65:3	2KI.17.14-2KI.17.17	4
65:3	JOB.1.11	4
65:3	ISA.3.8	4
65:3	JER.32.30-JER.32.35	4
65:3	2KI.22.17	3
65:3	JOB.2.5	3
65:3	PSA.78.40	3
65:3	PSA.78.58	3
65:3	JER.3.6	3
65:3	EZK.8.17-EZK.8.18	3
65:3	EZK.20.28	3
65:3	EXO.20.24-EXO.20.25	2
65:3	EXO.30.1-EXO.30.10	2
65:3	LEV.17.5	2
65:3	MAT.23.32-MAT.23.36	2
65:4	ISA.66.17	6
65:4	LEV.11.7	5
65:4	DEU.14.8	3
65:4	ISA.66.3	3
65:4	DEU.14.3	2
65:4	DEU.18.11	2
65:4	EZK.4.14	2
65:4	MAT.8.28	2
65:4	MRK.5.2-MRK.5.5	2
65:4	LUK.8.27	2
65:4	EXO.23.19	1
65:4	EXO.34.26	1
65:4	NUM.19.11	1
65:4	NUM.19.16-NUM.19.20	1
65:4	DEU.14.21	1
65:5	LUK.18.9-LUK.18.12	10
65:5	LUK.7.39	7
65:5	PRO.16.5	5
65:5	LUK.15.28-LUK.15.30	4
65:5	ROM.2.17-ROM.2.29	4
65:5	DEU.29.20	3
65:5	LUK.5.30	3
65:5	DEU.32.20-DEU.32.22	2
65:5	PRO.6.16-PRO.6.17	2
65:5	PRO.10.26	2
65:5	MAT.9.11	2
65:5	ACT.22.21-ACT.22.22	2
65:5	1PE.5.5	2
65:5	JUD.1.19	2
65:5	LUK.15.2	1
65:5	JAS.4.6	1
65:6	PSA.50.3	10
65:6	JER.16.18	7
65:6	PSA.50.21	6
65:6	PSA.79.12	6
65:6	ISA.42.14	4
65:6	ISA.64.12	4
65:6	EZK.22.31	3
65:6	JOL.3.4	3
65:6	MAL.3.16	3
65:6	REV.20.12	3
65:6	EXO.17.14	2
65:6	DEU.32.34	2
65:6	PSA.56.8	2
65:6	EZK.11.21	2
65:7	ISA.57.7	6
65:7	EZK.20.27-EZK.20.28	6
65:7	EXO.20.5	5
65:7	ISA.22.14	4
65:7	ISA.65.6	4
65:7	JER.13.25	4
65:7	LEV.26.39	3
65:7	PSA.106.6-PSA.106.7	3
65:7	JER.5.9	3
65:7	JER.5.29	3
65:7	JER.7.19-JER.7.20	3
65:7	NUM.32.14	2
65:7	1KI.22.43	2
65:7	2KI.12.3	2
65:7	2KI.14.4	2
65:7	2KI.15.35	2
65:7	2KI.16.4	2
65:7	EZK.18.6	2
65:7	DAN.9.8	2
65:7	MAT.23.31-MAT.23.36	2
65:7	1TH.2.16	2
65:8	ROM.9.27-ROM.9.29	8
65:8	AMO.9.8-AMO.9.9	7
65:8	ISA.6.13	5
65:8	JER.30.11	5
65:8	MRK.13.20	5
65:8	ROM.11.5-ROM.11.6	5
65:8	ROM.11.24-ROM.11.26	5
65:8	JOL.2.14	3
65:8	MAT.24.22	3
65:9	AMO.9.11-AMO.9.15	6
65:9	ISA.27.6	5
65:9	ROM.11.5-ROM.11.7	4
65:9	ISA.10.20-ISA.10.22	2
65:9	ISA.11.11-ISA.11.16	2
65:9	ISA.32.18	2
65:9	ISA.45.19	2
65:9	ISA.65.15	2
65:9	ISA.65.22	2
65:9	JER.31.36-JER.31.40	2
65:9	JER.33.17-JER.33.26	2
65:9	EZK.36.8-EZK.36.15	2
65:9	EZK.36.24	2
65:9	EZK.37.21-EZK.37.28	2
65:9	EZK.39.25-EZK.39.29	2
65:9	OBA.1.17-OBA.1.21	2
65:9	ZEP.3.20	2
65:9	ZEC.10.6-ZEC.10.12	2
65:9	MAT.24.22	2
65:9	ROM.11.28	2
65:10	ISA.35.2	6
65:10	ISA.33.9	5
65:10	HOS.2.15	4
65:10	ISA.51.1	3
65:10	JOS.7.24-JOS.7.26	2
65:10	EZK.34.13-EZK.34.14	2
65:11	DEU.32.17	4
65:11	ISA.1.28	4
65:11	ISA.2.2	4
65:11	1CO.10.20-1CO.10.21	3
65:11	DEU.29.24-DEU.29.25	2
65:11	1CH.28.9	2
65:11	PSA.132.13	2
65:11	ISA.11.9	2
65:11	ISA.56.7	2
65:11	ISA.57.5-ISA.57.10	2
65:11	ISA.57.13	2
65:11	ISA.65.25	2
65:11	JER.2.28	2
65:11	JER.17.13	2
65:11	EZK.23.41-EZK.23.42	2
65:11	HEB.12.22	2
65:11	REV.21.2-REV.21.3	1
65:12	JER.7.13	7
65:12	2CH.36.15-2CH.36.16	5
65:12	ISA.50.2	3
65:12	ZEC.7.11-ZEC.7.13	3
65:12	MAT.21.34-MAT.21.43	3
65:12	LEV.26.25	2
65:12	DEU.32.25	2
65:12	PRO.1.24-PRO.1.33	2
65:12	ISA.1.16	2
65:12	ISA.3.25	2
65:12	ISA.10.4	2
65:12	ISA.27.1	2
65:12	ISA.41.28	2
65:12	ISA.65.3	2
65:12	ISA.66.3-ISA.66.4	2
65:12	JER.16.17	2
65:12	JER.18.21	2
65:12	JER.34.17	2
65:12	EZK.14.17-EZK.14.21	2
65:12	ZEP.1.4-ZEP.1.6	2
65:12	ZEC.7.7	2
65:12	MAT.22.3	2
65:12	MAT.22.7	2
65:12	JHN.1.11	2
65:13	MAL.3.18	10
65:13	ISA.66.14	6
65:13	ISA.61.7	5
65:13	LUK.16.24-LUK.16.25	5
65:13	ISA.66.5	4
65:13	ISA.44.9	3
65:13	LUK.14.23-LUK.14.24	3
65:13	PSA.34.10	2
65:13	PSA.37.19-PSA.37.20	2
65:13	ISA.1.19	2
65:13	ISA.41.17	1
65:13	DAN.12.2	1
65:14	PSA.66.4	4
65:14	MAT.8.12	4
65:14	ISA.24.14	3
65:14	ISA.52.8-ISA.52.9	3
65:14	JER.31.7	3
65:14	MAT.13.42	3
65:14	MAT.22.13	3
65:14	LUK.13.28	3
65:14	JAS.5.1	3
65:14	JAS.5.13	3
65:14	JOB.29.13	1
65:15	ISA.62.2	11
65:15	ROM.9.26	7
65:15	ZEC.8.13	5
65:15	ACT.11.26	5
65:15	JER.29.22	4
65:15	ISA.65.9	3
65:15	ISA.65.22	3
65:15	1PE.2.9-1PE.2.10	3
65:15	PRO.10.7	2
65:15	ISA.65.12	2
65:15	ISA.66.15	2
65:15	MAT.21.41	2
65:15	1TH.2.16	2
65:15	MAT.22.7	0
65:16	ISA.19.18	5
65:16	JER.4.2	5
65:16	PSA.31.5	4
65:16	PHP.2.11	4
65:16	HEB.6.17-HEB.6.18	4
65:16	DEU.32.4	3
65:16	ISA.45.23-ISA.45.25	3
65:16	ISA.65.19	3
65:16	JHN.1.17	3
65:16	ROM.14.11	3
65:16	REV.20.4	3
65:16	DEU.6.13	2
65:16	DEU.10.20	2
65:16	PSA.63.11	2
65:16	PSA.72.17	2
65:16	PSA.86.15	2
65:16	ISA.11.16-ISA.12.1	2
65:16	ISA.35.10	2
65:16	ISA.48.1	2
65:16	ISA.54.4	2
65:16	JER.10.10	2
65:16	JER.12.16	2
65:16	JER.31.12	2
65:16	EZK.36.25-EZK.36.27	2
65:16	DAN.12.1	2
65:16	DAN.12.11	2
65:16	ZEP.1.5	2
65:16	ZEP.3.14-ZEP.3.20	2
65:16	JHN.1.14	2
65:16	JHN.14.6	2
65:17	2PE.3.13	38
65:17	ISA.66.22	31
65:17	REV.21.1-REV.21.5	30
65:17	ISA.43.18	25
65:17	JER.3.16	15
65:17	ISA.51.16	12
65:18	PSA.98.1-PSA.98.9	5
65:18	ISA.66.10-ISA.66.14	4
65:18	REV.11.15-REV.11.18	4
65:18	REV.19.1-REV.19.6	4
65:18	PSA.67.3-PSA.67.5	3
65:18	PSA.96.10-PSA.96.13	2
65:18	ISA.12.4-ISA.12.6	2
65:18	ISA.25.9	2
65:18	ISA.44.23	2
65:18	ISA.49.13	2
65:18	ISA.52.7-ISA.52.10	2
65:18	ZEC.9.9	2
65:18	1TH.5.16	2
65:18	ISA.42.10-ISA.42.12	1
65:18	ISA.51.11	1
65:18	ZEP.3.14	1
65:19	REV.21.4	8
65:19	ISA.25.8	7
65:19	REV.7.17	7
65:19	ISA.35.10	6
65:19	JER.32.41	6
65:19	ISA.51.11	5
65:19	ISA.60.20	5
65:19	ISA.51.3	4
65:19	ISA.62.4-ISA.62.5	4
65:19	SNG.3.11	3
65:19	JER.31.12	3
65:19	ZEP.3.17	3
65:19	LUK.15.5	3
65:19	LUK.15.3	1
65:20	JOB.5.26	14
65:20	ECC.8.12-ECC.8.13	12
65:20	DEU.4.40	9
65:20	PSA.34.12	7
65:20	ISA.3.11	5
65:20	ROM.2.5-ROM.2.9	4
65:21	AMO.9.14	25
65:21	ISA.62.8-ISA.62.9	16
65:21	JER.31.4-JER.31.5	15
65:21	ISA.32.18	13
65:21	ISA.37.30	11
65:21	JDG.6.1-JDG.6.6	4
65:21	LEV.26.16	1
65:22	PSA.92.12-PSA.92.14	12
65:22	PSA.91.16	11
65:22	PSA.21.4	8
65:22	ISA.65.15	5
65:22	ISA.65.9	4
65:22	GEN.5.5	2
65:22	GEN.5.27	2
65:22	LEV.26.16	1
65:23	ISA.61.9	17
65:23	JER.32.38-JER.32.39	10
65:23	DEU.28.3-DEU.28.12	8
65:23	PSA.115.14-PSA.115.15	7
65:23	ACT.2.39	7
65:23	ISA.49.4	4
65:23	ISA.55.2	4
65:23	ROM.9.7-ROM.9.8	4
65:23	GEN.12.2	3
65:23	GEN.17.7	3
65:23	LEV.26.3-LEV.26.10	3
65:23	HAG.2.19	3
65:23	ZEC.10.8-ZEC.10.9	3
65:23	LEV.26.20	2
65:23	LEV.26.22	2
65:23	LEV.26.29	2
65:23	DEU.28.38-DEU.28.42	2
65:23	HOS.9.11-HOS.9.14	2
65:23	HAG.1.6	2
65:23	MAL.3.10	2
65:23	ROM.4.16	2
65:23	1CO.15.58	2
65:23	ACT.3.25-ACT.3.26	1
65:23	GAL.3.29	1
65:24	DAN.10.12	78
65:24	1JN.5.14-1JN.5.15	56
65:24	MRK.11.24	52
65:24	ISA.58.9	48
65:24	PSA.91.15	46
65:24	PSA.50.15	40
65:24	ISA.55.6	38
65:24	ACT.4.31	36
65:24	ACT.10.30-ACT.10.32	33
65:24	DAN.9.20-DAN.9.23	31
65:24	PSA.32.5	30
65:24	LUK.15.18-LUK.15.20	26
65:24	ACT.12.5-ACT.12.16	25
65:25	ISA.11.6-ISA.11.9	7
65:25	MIC.4.3	5
65:25	ACT.9.19-ACT.9.21	4
65:25	ISA.35.9	3
65:25	ISA.65.11	3
65:25	EZK.43.11	3
65:25	MIC.7.17	3
65:25	ZEC.8.3	3
65:25	ZEC.14.20-ZEC.14.21	3
65:25	ACT.9.1	3
65:25	ROM.16.20	3
65:25	1CO.6.9-1CO.6.11	3
65:25	TIT.3.3-TIT.3.7	3
65:25	REV.12.7-REV.12.9	3
65:25	REV.14.1	3
65:25	GEN.3.14-GEN.3.15	2
65:25	ISA.2.4	2
65:25	REV.20.2-REV.20.3	2
66:1	ACT.7.48-ACT.7.50	38
66:1	ACT.17.24	38
66:1	MAT.5.34-MAT.5.35	32
66:1	1KI.8.27	28
66:1	PSA.132.7	23
66:1	2SA.7.5-2SA.7.7	18
66:1	JHN.4.20-JHN.4.21	18
66:1	1CH.28.2	15
66:1	2CH.6.18	15
66:1	PSA.11.4	15
66:1	JER.7.4-JER.7.11	15
66:1	MAT.23.21-MAT.23.22	15
66:1	PSA.99.9	12
66:1	MAT.24.2	12
66:1	MAL.1.11	11
66:2	ISA.57.15	50
66:2	PSA.34.18	45
66:2	PSA.51.17	43
66:2	MAT.5.3-MAT.5.4	39
66:2	2CH.34.27-2CH.34.28	31
66:2	PRO.28.14	28
66:2	PHP.2.12	26
66:2	PSA.119.120	25
66:2	PSA.138.6	23
66:2	LUK.18.13-LUK.18.14	21
66:2	ISA.66.5	19
66:2	EZR.10.3	17
66:2	ISA.61.1	17
66:2	HAB.3.16	15
66:2	EZR.9.4	14
66:2	2KI.22.19-2KI.22.20	12
66:2	PSA.119.161	12
66:2	JER.31.19-JER.31.20	11
66:2	EZK.9.4-EZK.9.6	11
66:2	ACT.16.29-ACT.16.30	10
66:2	ISA.40.26	6
66:2	COL.1.17	3
66:2	GEN.1.1-GEN.1.31	0
66:2	HEB.1.2-HEB.1.3	0
66:3	PRO.15.8	8
66:3	ISA.1.11-ISA.1.15	7
66:3	AMO.5.21-AMO.5.22	7
66:3	LEV.2.2	6
66:3	ISA.65.12	6
66:3	ISA.66.17	6
66:3	DEU.14.8	5
66:3	DEU.23.18	5
66:3	PRO.21.27	5
66:3	ISA.65.3-ISA.65.4	5
66:3	JDG.10.14	4
66:3	JDG.5.8	3
66:3	ISA.57.17	3
66:4	ISA.65.12	10
66:4	PRO.1.24	5
66:4	PRO.10.24	5
66:4	JER.7.13	5
66:4	2KI.21.2	4
66:4	2KI.21.6	4
66:4	PSA.81.12	3
66:4	PRO.1.31-PRO.1.32	3
66:4	1KI.22.19-1KI.22.23	2
66:4	ISA.50.2	2
66:4	ISA.65.3	2
66:4	MAT.22.2-MAT.22.7	2
66:4	MAT.24.24	2
66:4	2TH.2.10-2TH.2.12	2
66:5	ISA.66.2	10
66:5	JHN.15.18-JHN.15.20	8
66:5	MAT.5.10-MAT.5.12	7
66:5	PSA.38.20	5
66:5	MAT.10.22	5
66:5	LUK.6.22-LUK.6.23	5
66:5	ISA.5.19	4
66:5	JER.36.16	4
66:5	JHN.9.34	4
66:5	1JN.3.13	4
66:5	PRO.13.13	3
66:5	SNG.1.6	3
66:5	LUK.13.17	3
66:5	1PE.4.12-1PE.4.14	3
66:5	JER.36.23-JER.36.25	2
66:5	JHN.16.2	2
66:5	ACT.26.9-ACT.26.10	2
66:5	2TH.1.6-2TH.1.10	2
66:5	TIT.2.13	2
66:5	HEB.9.28	2
66:5	ISA.60.15	1
66:5	ACT.2.33-ACT.2.47	1
66:5	1TH.2.15-1TH.2.16	1
66:6	JOL.3.7-JOL.3.16	3
66:6	ISA.34.8	2
66:6	AMO.1.2	2
66:6	ISA.59.18	1
66:6	ISA.65.5-ISA.65.7	1
66:7	REV.12.1-REV.12.5	8
66:7	GAL.4.26	3
66:8	ISA.64.4	8
66:8	ISA.49.20-ISA.49.22	3
66:8	1CO.2.9	3
66:8	ROM.15.18-ROM.15.21	1
66:9	ISA.37.3	13
66:9	GEN.18.14	11
66:10	DEU.32.43	5
66:10	PSA.26.8	5
66:10	PSA.137.6	5
66:10	ISA.65.18	3
66:10	EZK.9.4	3
66:10	PSA.84.1-PSA.84.4	2
66:10	PSA.122.6	2
66:10	ISA.44.23	2
66:10	ISA.61.2-ISA.61.3	2
66:10	JHN.16.20-JHN.16.22	2
66:10	REV.11.3-REV.11.15	2
66:10	ROM.15.9-ROM.15.12	1
66:11	ISA.60.16	6
66:11	JOL.3.18	4
66:11	PSA.36.8	3
66:11	ISA.60.5	3
66:11	1PE.2.2	2
66:12	ISA.48.18	13
66:12	ISA.60.16	13
66:12	ISA.45.14	12
66:12	ISA.66.11	11
66:12	ISA.49.19-ISA.49.23	10
66:12	ISA.54.3	10
66:12	ISA.61.6	10
66:12	ISA.9.7	8
66:12	ISA.66.19-ISA.66.20	7
66:12	PSA.72.3-PSA.72.7	6
66:12	ISA.60.4-ISA.60.14	6
66:13	2CO.1.4	21
66:13	ISA.51.3	15
66:13	ISA.40.1	14
66:13	1TH.2.7	13
66:13	ISA.65.18-ISA.65.19	8
66:13	ISA.66.10	8
66:13	PSA.137.6	7
66:14	ZEC.10.7	7
66:14	EZR.7.9	5
66:14	EZR.8.22	5
66:14	EZR.8.31	5
66:14	PRO.3.8	5
66:14	PRO.17.22	5
66:14	EZK.37.1-EZK.37.14	5
66:14	ISA.65.12-ISA.65.16	4
66:14	MAL.3.18	4
66:14	JHN.16.22	4
66:14	EZR.8.18	3
66:14	ISA.10.5	3
66:14	ISA.26.19	3
66:14	ISA.58.11	3
66:14	ISA.66.5	3
66:14	HOS.14.4-HOS.14.8	3
66:14	HEB.10.27	3
66:15	ISA.30.33	9
66:15	2TH.1.6-2TH.1.9	8
66:15	2PE.3.10-2PE.3.12	8
66:15	MAT.22.7	7
66:15	PSA.11.6	6
66:15	PSA.21.9	6
66:15	PSA.68.17	6
66:15	PSA.97.3	6
66:15	PSA.50.3	5
66:15	ISA.30.27-ISA.30.28	5
66:15	JER.4.3	5
66:15	DAN.11.40	4
66:15	AMO.7.4	4
66:16	EZK.38.21-EZK.38.22	6
66:16	ISA.30.30	5
66:16	EZK.39.2-EZK.39.10	5
66:16	ISA.27.1	3
66:16	REV.19.11-REV.19.21	3
66:16	ISA.34.5-ISA.34.10	2
66:17	ISA.65.3-ISA.65.4	13
66:17	DEU.14.3-DEU.14.8	8
66:17	LEV.11.2-LEV.11.8	6
66:17	ISA.1.28-ISA.1.29	6
66:18	PSA.86.9	7
66:18	REV.11.15	5
66:18	ISA.2.2	4
66:18	JHN.5.42	4
66:18	2CO.4.4-2CO.4.6	4
66:18	ROM.15.8-ROM.15.12	3
66:18	ROM.16.26	3
66:18	1CO.3.20	3
66:18	HEB.4.12	3
66:18	DEU.31.21	2
66:18	JOB.42.2	2
66:18	PSA.67.2	2
66:18	PSA.72.11	2
66:18	PSA.72.17	2
66:18	PSA.82.8	2
66:18	ISA.37.28	2
66:18	ISA.66.10	2
66:18	EZK.38.10	2
66:18	EZK.39.21	2
66:18	JOL.3.2	2
66:18	AMO.5.12	2
66:18	MAT.9.4	2
66:18	MAT.12.25	2
66:18	LUK.5.22	2
66:18	JHN.17.24	2
66:18	REV.2.2	1
66:18	REV.2.9	1
66:18	REV.2.13	1
66:19	ISA.52.15	17
66:19	ROM.15.21	9
66:19	ISA.55.5	6
66:19	EZK.27.10	6
66:19	ISA.60.9	5
66:19	1CH.16.24	4
66:19	ISA.62.10	4
66:19	ISA.65.1	4
66:19	GEN.10.2	3
66:19	ISA.11.10-ISA.11.11	3
66:19	ISA.18.3	3
66:19	ISA.29.24	3
66:19	ISA.42.4	3
66:19	EZK.27.13	3
66:19	EZK.30.5	3
66:19	MAT.7.11-MAT.7.12	3
66:19	MAT.28.19	3
66:19	MRK.16.15	3
66:19	LUK.2.34	3
66:19	ROM.11.1-ROM.11.6	3
66:19	EPH.3.8	3
66:19	GEN.10.4	2
66:19	GEN.10.13	2
66:19	1CH.1.7	2
66:19	1CH.1.11	2
66:19	PSA.72.10	2
66:19	ISA.2.16	2
66:19	ISA.18.7	2
66:19	ISA.24.15-ISA.24.16	2
66:19	ISA.43.6	2
66:19	ISA.49.1	2
66:19	ISA.49.12	2
66:19	ISA.49.22	2
66:19	ISA.51.5	2
66:19	EZK.38.2-EZK.38.3	2
66:19	EZK.39.1	2
66:19	ZEP.2.11	2
66:19	MAL.1.11	2
66:20	ISA.60.3-ISA.60.14	4
66:20	ISA.11.9	3
66:20	ISA.43.6	3
66:20	ISA.56.7	3
66:20	ISA.65.11	3
66:20	ISA.65.25	3
66:20	ROM.15.16	3
66:20	ISA.49.12-ISA.49.26	2
66:20	ISA.52.11	2
66:20	ISA.54.3	2
66:20	ROM.12.1-ROM.12.2	2
66:20	PHP.2.17	2
66:20	1PE.2.5	2
66:21	1PE.2.9	7
66:21	EXO.19.6	6
66:21	ISA.61.6	5
66:21	1PE.2.5	5
66:21	REV.1.6	5
66:21	REV.5.10	3
66:21	REV.20.6	3
66:21	JER.13.18-JER.13.22	1
66:22	ISA.65.17	8
66:22	2PE.3.13	7
66:22	REV.21.1	7
66:22	JHN.10.27-JHN.10.29	6
66:22	1PE.1.4-1PE.1.5	6
66:22	MAT.28.20	3
66:22	HEB.12.26-HEB.12.28	2
66:23	EZK.46.1	9
66:23	PSA.86.9	7
66:23	EZK.46.6	6
66:23	ZEC.14.16	6
66:23	COL.2.16-COL.2.17	6
66:23	REV.15.4	6
66:23	PSA.65.2	5
66:23	PSA.81.3-PSA.81.4	5
66:23	ISA.1.13-ISA.1.14	5
66:23	ZEC.8.20-ZEC.8.23	5
66:23	ZEC.14.14	5
66:23	MAL.1.11	5
66:23	JHN.4.23	5
66:23	2KI.4.23	4
66:23	ISA.19.21	3
66:24	ISA.14.11	11
66:24	REV.14.10-REV.14.11	11
66:24	DAN.12.2	10
66:24	1TH.2.15-1TH.2.16	10
66:24	REV.21.8	9
66:24	PSA.58.10-PSA.58.11	6
66:24	ISA.34.10	6
66:24	MRK.9.43-MRK.9.49	6
66:24	ISA.1.31	5
66:24	ZEC.14.12	5
66:24	MAT.3.12	5
66:24	REV.19.17-REV.19.21	5
66:24	ISA.65.15	4
66:24	ISA.66.16	4
66:24	EZK.39.9-EZK.39.16	4
66:24	ZEC.14.18-ZEC.14.19	2
