# chapter:verse	to	votes (most first)
1:1	1CH.6.60	3
1:1	2CH.36.21	3
1:1	JER.11.21	3
1:1	JER.32.7-JER.32.9	3
1:1	EZK.1.3	3
1:1	JOS.21.17-JOS.21.18	2
1:1	ISA.1.1	2
1:1	AMO.1.1	2
1:1	AMO.7.10	2
1:1	ISA.2.1	1
1:2	1KI.13.20	3
1:2	JER.1.4	3
1:2	JER.1.11	3
1:2	HOS.1.1	3
1:2	JON.1.1	3
1:2	MIC.1.1	3
1:2	2KI.21.24-2KI.22.20	2
1:2	2CH.34.1-2CH.34.33	2
1:2	JER.25.3	2
1:2	JER.36.2	2
1:3	2KI.23.34	4
1:3	2CH.36.5-2CH.36.8	4
1:3	JER.39.2	4
1:3	ZEC.7.5	3
1:3	2KI.24.1-2KI.24.9	2
1:3	2KI.24.17-2KI.25.30	2
1:3	1CH.3.15	2
1:3	2CH.36.11-2CH.36.21	2
1:3	JER.21.1-JER.21.14	2
1:3	JER.25.1-JER.25.3	2
1:3	JER.26.1-JER.26.24	2
1:3	JER.28.1-JER.28.17	2
1:3	JER.34.1-JER.35.19	2
1:3	JER.37.1-JER.37.21	2
1:3	JER.52.1-JER.52.34	2
1:3	ZEC.8.19	2
1:4	EZK.3.16	5
1:4	EZK.1.3	4
1:4	JER.1.2	3
1:5	PSA.139.16	136
1:5	ISA.49.1	118
1:5	GAL.1.15-GAL.1.16	106
1:5	PSA.71.5-PSA.71.6	87
1:5	ROM.8.29	77
1:5	ISA.49.5	58
1:5	ISA.44.2	50
1:5	2TI.2.19-2TI.2.21	36
1:5	LUK.1.41	30
1:5	LUK.1.76	28
1:5	EXO.33.17	24
1:5	LUK.1.15	20
1:5	EXO.33.12	19
1:5	JER.1.10	17
1:5	ROM.1.1	15
1:5	JER.50.34	10
1:5	EPH.4.11-EPH.4.12	10
1:5	EPH.1.22	8
1:5	JER.25.15-JER.25.26	3
1:6	EXO.4.10-EXO.4.16	10
1:6	EXO.6.12	9
1:6	1KI.3.7-1KI.3.9	7
1:6	JER.32.17	7
1:6	EXO.4.1	5
1:6	EXO.6.30	5
1:6	JER.14.13	5
1:6	JER.4.10	2
1:6	ISA.6.5	1
1:7	EZK.3.27	8
1:7	MRK.16.15-MRK.16.16	7
1:7	NUM.22.20	6
1:7	EZK.3.17-EZK.3.21	5
1:7	NUM.22.38	4
1:7	2CH.18.13	4
1:7	MAT.28.20	4
1:7	JER.1.17-JER.1.18	3
1:7	EZK.2.3-EZK.2.5	3
1:7	EXO.7.1-EXO.7.2	2
1:7	1KI.22.14	2
1:7	ACT.20.27	1
1:8	JOS.1.5	28
1:8	JOS.1.9	26
1:8	ISA.51.7	16
1:8	LUK.12.4-LUK.12.5	16
1:8	DEU.31.6	15
1:8	JER.15.20-JER.15.21	14
1:8	HEB.13.5-HEB.13.6	14
1:8	EZK.2.6-EZK.2.7	13
1:8	EXO.3.12	12
1:8	DEU.31.8	12
1:8	EZK.3.8-EZK.3.9	12
1:8	2TI.4.17-2TI.4.18	12
1:8	ISA.43.2	11
1:8	ACT.4.13	11
1:8	MAT.10.26	10
1:8	ACT.4.29	10
1:8	ACT.18.10	10
1:8	ACT.26.17	10
1:8	ISA.51.12	9
1:8	JER.1.17	9
1:8	JER.20.11	9
1:8	MAT.28.20	9
1:8	2CO.1.8-2CO.1.10	9
1:8	ACT.7.9-ACT.7.10	8
1:8	EPH.6.20	7
1:9	LUK.21.15	83
1:9	EXO.4.11-EXO.4.12	78
1:9	LUK.12.12	75
1:9	ISA.51.16	67
1:9	ISA.50.4	64
1:9	MAT.10.19	61
1:9	JER.5.14	57
1:9	EZK.3.10	54
1:9	EXO.4.15-EXO.4.16	52
1:9	ISA.49.2	51
1:9	ISA.6.6-ISA.6.7	49
1:10	JER.31.28	36
1:10	2CO.10.4-2CO.10.5	29
1:10	ISA.44.26-ISA.44.28	23
1:10	JER.31.4-JER.31.5	19
1:10	JER.24.6	16
1:10	EZK.36.36	14
1:10	AMO.9.11	14
1:10	REV.11.3-REV.11.6	14
1:10	AMO.3.7	13
1:10	ZEC.1.6	13
1:10	EZK.32.18	12
1:10	JER.27.2-JER.27.7	11
1:10	REV.19.19-REV.19.21	11
1:10	JER.18.7-JER.18.10	10
1:10	JER.25.15-JER.25.27	10
1:10	EZK.43.3	10
1:10	1KI.19.17	9
1:10	JER.46.1-JER.46.28	9
1:10	1KI.17.1	6
1:11	AMO.7.8	10
1:11	AMO.8.2	9
1:11	ZEC.5.2	8
1:11	JER.24.3	7
1:11	ZEC.4.2	7
1:11	NUM.17.8	6
1:11	EZK.7.10	3
1:12	EZK.12.28	55
1:12	EZK.12.25	41
1:12	EZK.12.22-EZK.12.23	27
1:12	LUK.10.28	7
1:12	DEU.5.28	6
1:12	AMO.8.2	6
1:12	DEU.18.17	3
1:12	DEU.32.35	3
1:13	EZK.11.3	3
1:13	EZK.11.7	3
1:13	GEN.41.32	2
1:13	EZK.24.3-EZK.24.14	2
1:13	ZEC.4.2	2
1:13	2CO.13.1-2CO.13.2	2
1:14	ISA.41.25	3
1:14	JER.4.6	3
1:14	JER.6.1	3
1:14	JER.10.22	3
1:14	JER.6.22	2
1:14	JER.31.8	2
1:14	JER.46.20	2
1:14	JER.50.9	2
1:14	JER.50.41	2
1:14	EZK.1.4	2
1:15	JER.4.16	4
1:15	JER.9.11	4
1:15	JER.25.9	4
1:15	JER.43.10	4
1:15	ISA.22.7	3
1:15	JER.10.25	3
1:15	JER.39.3	3
1:15	DEU.28.49-DEU.28.53	2
1:15	JER.5.15	2
1:15	JER.6.22	2
1:15	JER.10.22	2
1:15	JER.25.28	2
1:15	JER.25.31-JER.25.32	2
1:15	JER.33.10	2
1:15	JER.34.22	2
1:15	JER.44.6	2
1:15	LAM.5.11	2
1:16	JER.7.9	6
1:16	JER.19.4	6
1:16	DEU.28.20	5
1:16	ACT.7.41	5
1:16	ISA.2.8	4
1:16	DEU.31.16	3
1:16	JOS.24.20	3
1:16	2KI.22.17	3
1:16	ISA.37.19	3
1:16	JER.4.12	3
1:16	JER.17.13	3
1:16	JER.44.17	3
1:16	HOS.8.6	3
1:16	HOS.11.2	3
1:16	2CH.7.19	2
1:16	2CH.15.2	2
1:16	2CH.34.25	2
1:16	ISA.44.15	2
1:16	ISA.65.3	2
1:16	JER.2.13	2
1:16	JER.2.17	2
1:16	JER.4.28	2
1:16	JER.5.9	2
1:16	JER.5.29	2
1:16	JER.10.8-JER.10.9	2
1:16	JER.10.15	2
1:16	JER.11.12	2
1:16	JER.11.17	2
1:16	JER.15.6	2
1:16	JER.16.11	2
1:16	JER.51.17	2
1:16	EZK.8.9-EZK.8.11	2
1:16	EZK.24.14	2
1:16	MAT.23.35-MAT.23.36	2
1:16	JOL.2.11	1
1:17	1KI.18.46	9
1:17	JER.1.7-JER.1.8	9
1:17	LUK.12.35	8
1:17	1PE.1.13	8
1:17	EZK.3.14-EZK.3.18	6
1:17	EXO.7.2	5
1:17	JER.23.28	5
1:17	JOB.38.3	4
1:17	EZK.3.10-EZK.3.11	4
1:17	EXO.3.12	3
1:17	EZK.33.6-EZK.33.8	3
1:17	ACT.20.20	3
1:17	ACT.20.27	3
1:17	2KI.4.29	2
1:17	JER.17.18	2
1:17	EZK.2.6-EZK.2.7	2
1:17	JON.3.2	2
1:17	1CO.9.16	2
1:17	2KI.9.1	1
1:17	1TH.2.2	1
1:18	ISA.50.7	48
1:18	EZK.3.8-EZK.3.9	39
1:18	JER.15.20	25
1:18	JER.6.27	17
1:18	MIC.3.8-MIC.3.9	11
1:18	JER.34.20-JER.34.22	7
1:18	JER.36.27-JER.36.32	7
1:18	JER.37.7	7
1:18	JER.26.12-JER.26.15	5
1:18	JER.38.2	5
1:18	JER.21.4-JER.22.30	4
1:18	JER.34.3	4
1:18	JER.42.22	4
1:18	JHN.1.42	1
1:18	JER.38.18	0
1:19	JOS.1.9	37
1:19	JER.1.8	36
1:19	JER.20.11	31
1:19	PSA.129.2	22
1:19	JER.29.25-JER.29.32	14
1:19	JER.11.19	8
1:19	JER.15.10-JER.15.21	8
1:19	JER.26.11-JER.26.24	8
1:19	JER.37.11-JER.37.21	7
1:19	JER.20.1-JER.20.6	4
1:19	JER.38.6-JER.38.13	3
2:1	JER.23.28	5
2:1	JER.1.11	3
2:1	JER.7.1	3
2:1	EZK.7.1	3
2:1	HEB.1.1	3
2:1	2PE.1.21	2
2:2	EZK.16.60	15
2:2	EZK.16.8	12
2:2	JER.11.6	8
2:2	DEU.2.7	5
2:2	ISA.63.7-ISA.63.14	5
2:2	JER.7.2	5
2:2	HOS.2.15	5
2:2	EXO.14.31-EXO.15.20	4
2:2	DEU.8.2	4
2:2	NEH.9.12-NEH.9.21	4
2:2	JER.2.6	4
2:2	EXO.24.3-EXO.24.8	3
2:2	DEU.8.15-DEU.8.16	2
2:2	PRO.8.1-PRO.8.4	2
2:2	MAT.11.15	2
2:2	EXO.16.8	1
2:2	PRO.1.20	1
2:2	SNG.3.11	1
2:2	ISA.58.1	1
2:2	JER.19.2	1
2:2	EZK.16.22	1
2:2	EZK.23.3	1
2:2	EZK.23.8	1
2:2	EZK.23.19	1
2:2	HOS.8.1	1
2:2	JON.1.2	1
2:2	LUK.12.13	1
2:3	JAS.1.18	6
2:3	REV.14.4	6
2:3	EXO.4.22-EXO.4.23	5
2:3	DEU.7.6	5
2:3	ISA.41.11	5
2:3	ROM.11.16	5
2:3	EXO.19.5-EXO.19.6	4
2:3	DEU.14.2	4
2:3	JER.50.7	4
2:3	ZEC.2.8	4
2:3	EPH.1.4	4
2:3	1PE.2.9	4
2:3	NUM.18.12	3
2:3	DEU.26.19	3
2:3	JER.12.14	3
2:3	ZEC.14.20-ZEC.14.21	3
2:3	EXO.22.29	2
2:3	EXO.23.16	2
2:3	PSA.81.14-PSA.81.15	2
2:3	PSA.105.14-PSA.105.15	2
2:3	PSA.105.25-PSA.105.36	2
2:3	ISA.47.6	2
2:3	JER.30.16	2
2:3	JOL.1.3	2
2:3	JOL.1.7-JOL.1.8	2
2:3	ZEC.1.15	2
2:3	ZEC.12.2-ZEC.12.4	2
2:3	ACT.9.4-ACT.9.5	2
2:3	ROM.16.5	2
2:3	AMO.6.1	1
2:4	ISA.51.1-ISA.51.4	2
2:4	JER.5.21	2
2:4	JER.7.2	2
2:4	JER.13.15	2
2:4	JER.19.3	2
2:4	JER.31.1	2
2:4	JER.33.24	2
2:4	JER.34.4	2
2:4	JER.44.24-JER.44.26	2
2:4	HOS.4.1	2
2:4	MIC.6.1	2
2:5	2KI.17.15	8
2:5	ROM.1.21	7
2:5	JER.10.14-JER.10.15	6
2:5	JON.2.8	6
2:5	PSA.115.8	5
2:5	DEU.32.21	4
2:5	1SA.12.21	4
2:5	ISA.44.9	4
2:5	JER.51.17-JER.51.18	4
2:5	ACT.14.15	4
2:5	ISA.5.3-ISA.5.4	3
2:5	JER.2.31	3
2:5	MIC.6.2-MIC.6.3	3
2:5	ISA.29.13	2
2:5	ISA.43.22-ISA.43.23	2
2:5	JER.10.8	2
2:5	JER.12.2	2
2:5	JER.14.22	2
2:5	EZK.11.15	2
2:5	MAT.15.8	2
2:6	DEU.32.10	6
2:6	DEU.8.14-DEU.8.16	5
2:6	ISA.63.11-ISA.63.13	4
2:6	HOS.13.4	4
2:6	EXO.14.1-EXO.14.15	2
2:6	JDG.6.13	2
2:6	2KI.2.14	2
2:6	JOB.3.5	2
2:6	JOB.10.21-JOB.10.22	2
2:6	JOB.35.10	2
2:6	PSA.23.4	2
2:6	PSA.77.5	2
2:6	ISA.63.9	2
2:6	ISA.64.7	2
2:6	JER.2.2	2
2:6	JER.2.8	2
2:6	JER.5.2	2
2:6	HOS.12.13	2
2:6	MAT.4.16	2
2:7	DEU.8.7-DEU.8.9	10
2:7	JER.16.18	8
2:7	NUM.13.27	6
2:7	EZK.36.17	4
2:7	PSA.106.38-PSA.106.39	3
2:7	JER.3.1	3
2:7	JER.3.9	3
2:7	LEV.18.24-LEV.18.28	2
2:7	NUM.14.7-NUM.14.8	2
2:7	NUM.35.33-NUM.35.34	2
2:7	DEU.6.10-DEU.6.11	2
2:7	DEU.6.18	2
2:7	DEU.11.10-DEU.11.12	2
2:7	DEU.21.23	2
2:7	NEH.9.25	2
2:7	PSA.78.58-PSA.78.59	2
2:7	EZK.20.6	2
2:7	MIC.2.10	2
2:8	HAB.2.18	5
2:8	JER.5.31	4
2:8	JER.10.21	4
2:8	HOS.4.6	4
2:8	ROM.2.17-ROM.2.24	4
2:8	2CO.4.2	4
2:8	ISA.29.10	3
2:8	ISA.30.5	3
2:8	LUK.11.52	3
2:8	JHN.16.3	3
2:8	DEU.33.10	2
2:8	1SA.2.12	2
2:8	1SA.12.21	2
2:8	1KI.18.22	2
2:8	1KI.18.29	2
2:8	1KI.18.40	2
2:8	ISA.28.7	2
2:8	ISA.56.9-ISA.56.12	2
2:8	JER.2.6	2
2:8	JER.2.11	2
2:8	JER.4.22	2
2:8	JER.8.8-JER.8.11	2
2:8	JER.12.10	2
2:8	JER.16.19	2
2:8	JER.23.1-JER.23.2	2
2:8	JER.23.9-JER.23.15	2
2:8	MAL.2.6-MAL.2.9	2
2:8	MAT.16.26	2
2:8	JHN.8.55	2
2:8	JER.7.8	1
2:9	EZK.20.35-EZK.20.36	6
2:9	EXO.20.5	5
2:9	JER.2.35	5
2:9	MIC.6.2	4
2:9	LEV.20.5	3
2:9	ISA.3.13	3
2:9	ISA.43.26	3
2:9	JER.2.29	3
2:9	HOS.2.2	3
2:10	PSA.120.5	4
2:10	GEN.10.4-GEN.10.5	2
2:10	GEN.25.13	2
2:10	NUM.24.24	2
2:10	JDG.19.30	2
2:10	1CH.1.7	2
2:10	1CH.23.1	2
2:10	1CH.23.12	2
2:10	ISA.21.16	2
2:10	JER.18.13-JER.18.14	2
2:10	EZK.27.6	2
2:10	DAN.11.30	2
2:10	1CO.5.1	2
2:11	ROM.1.23	12
2:11	ISA.37.19	11
2:11	PSA.106.20	9
2:11	JER.16.20	9
2:11	MIC.4.5	7
2:11	PSA.115.4	5
2:11	JER.2.8	5
2:11	1CO.8.4	5
2:11	DEU.33.29	3
2:11	PSA.3.3	3
2:11	JER.2.5	3
2:11	1PE.1.18	2
2:12	ISA.1.2	6
2:12	DEU.32.1	4
2:12	JER.6.19	4
2:12	JER.22.29	4
2:12	MIC.6.2	4
2:12	MAT.27.45	3
2:12	MAT.27.50-MAT.27.53	3
2:13	JHN.4.14	35
2:13	JHN.7.37	24
2:13	JER.17.13	22
2:13	REV.21.6	22
2:13	PSA.36.9	20
2:13	REV.22.1	18
2:13	REV.22.17	13
2:13	ISA.55.2	12
2:13	PSA.81.11-PSA.81.13	10
2:13	JER.4.22	10
2:13	JER.2.11	9
2:13	JER.2.17	9
2:13	JER.2.31-JER.2.32	8
2:13	2PE.2.17	8
2:13	ISA.1.3	7
2:13	ISA.44.9-ISA.44.20	7
2:13	ISA.46.6-ISA.46.7	7
2:13	JER.1.16	7
2:13	JER.15.6	7
2:13	1SA.12.10	6
2:13	PSA.115.4-PSA.115.8	6
2:13	PSA.146.3-PSA.146.4	6
2:13	ECC.1.2	6
2:13	ECC.2.11	6
2:13	ECC.2.26	6
2:13	ISA.5.13	6
2:13	ISA.63.8	6
2:13	ECC.4.4	5
2:13	JER.5.31	5
2:13	JDG.10.13	4
2:13	ECC.1.14	4
2:13	ECC.2.21	4
2:13	JER.2.26	4
2:13	ECC.12.8	3
2:13	JER.5.26	3
2:13	JER.18.14	3
2:13	MIC.2.8	3
2:13	MIC.6.3	3
2:14	EXO.4.22	5
2:14	GEN.15.3	3
2:14	ECC.2.7	3
2:14	ISA.50.1	3
2:15	JER.4.7	5
2:15	JER.50.17	4
2:15	ISA.1.7	3
2:15	ISA.5.29	3
2:15	JER.9.11	3
2:15	JDG.14.5	2
2:15	JOB.4.10	2
2:15	PSA.57.4	2
2:15	ISA.5.9	2
2:15	ISA.6.11	2
2:15	ISA.24.1	2
2:15	JER.5.6	2
2:15	JER.25.30	2
2:15	JER.26.9	2
2:15	JER.33.10	2
2:15	JER.34.22	2
2:15	JER.44.22	2
2:15	EZK.5.14	2
2:15	HOS.5.14	2
2:15	HOS.11.10	2
2:15	HOS.13.7-HOS.13.8	2
2:15	AMO.3.4	2
2:15	AMO.3.8	2
2:15	AMO.3.12	2
2:15	NAM.2.11	2
2:15	ZEP.1.18	2
2:15	ZEP.2.5	2
2:15	ZEP.3.6	2
2:16	JER.46.14	6
2:16	JER.43.7-JER.43.9	5
2:16	DEU.33.20	4
2:16	ISA.19.13	4
2:16	JER.44.1	4
2:16	EZK.30.16	3
2:16	2KI.18.21	2
2:16	2KI.23.33	2
2:16	ISA.1.6-ISA.1.7	2
2:16	ISA.8.8	2
2:16	ISA.30.1-ISA.30.6	2
2:16	ISA.31.1-ISA.31.3	2
2:16	JER.46.19	2
2:16	EZK.30.13	2
2:17	JER.4.18	9
2:17	JER.2.19	6
2:17	JER.2.13	5
2:17	DEU.28.15-DEU.28.68	4
2:17	LEV.26.15-LEV.26.46	3
2:17	DEU.32.10	3
2:17	PSA.77.20	3
2:17	PSA.107.7	3
2:17	HOS.13.9	3
2:17	NUM.32.23	2
2:17	DEU.32.19	2
2:17	1CH.28.9	2
2:17	2CH.7.19-2CH.7.20	2
2:17	JOB.4.8	2
2:17	PSA.78.53-PSA.78.54	2
2:17	PSA.136.16	2
2:17	ISA.1.4	2
2:17	ISA.63.11-ISA.63.14	2
2:18	JOS.13.3	4
2:18	ISA.31.1	3
2:18	JER.2.36	3
2:18	HOS.7.11	3
2:18	2KI.16.7-2KI.16.9	2
2:18	2CH.28.20-2CH.28.21	2
2:18	ISA.30.1-ISA.30.7	2
2:18	JER.37.5-JER.37.10	2
2:18	LAM.4.17	2
2:18	EZK.17.15	2
2:18	HOS.5.13	2
2:19	ISA.3.9	9
2:19	PSA.36.1	6
2:19	JER.2.17	6
2:19	JER.4.18	6
2:19	HOS.5.5	5
2:19	HOS.11.7	5
2:19	JER.5.6	4
2:19	AMO.8.10	4
2:19	JER.3.6-JER.3.8	3
2:19	JER.8.5	3
2:19	HOS.14.1	3
2:19	ZEC.7.11	3
2:19	ROM.3.18	3
2:19	JOB.20.11-JOB.20.16	2
2:19	PRO.1.31	2
2:19	PRO.5.22	2
2:19	ISA.5.5	2
2:19	ISA.50.1	2
2:19	JER.3.11-JER.3.14	2
2:19	JER.3.22	2
2:19	JER.5.22	2
2:19	JER.36.23-JER.36.24	2
2:19	HOS.4.16	2
2:20	DEU.12.2	8
2:20	LEV.26.13	6
2:20	JER.17.2	4
2:20	ISA.1.21	3
2:20	JER.30.8	3
2:20	HOS.3.3	3
2:20	EXO.3.8	2
2:20	EXO.19.8	2
2:20	EXO.24.3	2
2:20	EXO.34.14-EXO.34.16	2
2:20	DEU.4.20	2
2:20	DEU.4.34	2
2:20	DEU.5.27	2
2:20	DEU.15.15	2
2:20	DEU.26.17	2
2:20	JOS.1.16	2
2:20	JOS.24.24	2
2:20	JOS.24.26	2
2:20	1SA.12.10	2
2:20	1KI.12.32	2
2:20	PSA.78.58	2
2:20	ISA.9.4	2
2:20	ISA.10.27	2
2:20	ISA.14.25	2
2:20	ISA.57.5-ISA.57.7	2
2:20	JER.3.1-JER.3.2	2
2:20	EZK.16.15-EZK.16.16	2
2:20	EZK.16.24-EZK.16.25	2
2:20	EZK.16.28	2
2:20	EZK.16.31	2
2:20	EZK.16.41	2
2:20	EZK.20.28	2
2:20	EZK.23.5	2
2:20	HOS.2.5	2
2:20	NAM.1.13	2
2:20	JER.3.6-JER.3.8	1
2:21	ISA.5.4	13
2:21	EXO.15.17	11
2:21	JHN.15.1	11
2:21	PSA.44.2	7
2:21	PSA.80.8	7
2:21	DEU.4.37	6
2:21	GEN.26.3-GEN.26.5	5
2:21	DEU.32.32	5
2:21	MRK.12.1	5
2:21	LUK.20.9	5
2:21	ISA.61.3	4
2:21	MAT.21.33	4
2:21	JOS.24.31	3
2:21	ISA.1.21	3
2:21	ISA.5.1-ISA.5.2	3
2:21	ISA.41.8	3
2:21	ISA.60.21	3
2:21	GEN.18.19	2
2:21	GEN.32.28	2
2:21	PSA.105.6	2
2:21	LAM.4.1	2
2:22	JER.17.1	8
2:22	JOB.14.17	5
2:22	HOS.13.12	5
2:22	JOB.9.30-JOB.9.31	4
2:22	PSA.90.8	4
2:22	PSA.130.3	4
2:22	JER.16.17	4
2:22	DEU.32.34	3
2:22	AMO.8.7	3
2:23	JER.7.31	5
2:23	PRO.30.12	4
2:23	GEN.3.12-GEN.3.13	2
2:23	1SA.15.13-1SA.15.14	2
2:23	EST.8.16	2
2:23	PSA.36.2	2
2:23	PSA.50.21	2
2:23	PRO.28.13	2
2:23	PRO.30.20	2
2:23	ISA.57.5-ISA.57.6	2
2:23	JER.2.33-JER.2.35	2
2:23	JER.3.2	2
2:23	JER.9.14	2
2:23	JER.31.22	2
2:23	EZK.16.1-EZK.16.63	2
2:23	EZK.23.1-EZK.23.49	2
2:23	LUK.10.29	2
2:23	ROM.3.19	2
2:23	1JN.1.8-1JN.1.10	2
2:23	REV.3.17-REV.3.18	2
2:24	JER.14.6	5
2:24	JOB.39.5-JOB.39.8	2
2:24	JER.2.27	2
2:24	HOS.5.15	2
2:24	JOB.11.12	1
2:25	DEU.32.16	5
2:25	JER.3.13	4
2:25	JER.18.12	4
2:25	ROM.8.24	4
2:25	DEU.28.48	3
2:25	DEU.29.19-DEU.29.20	3
2:25	2CH.28.22	3
2:25	ISA.2.6	3
2:25	ISA.20.2-ISA.20.4	3
2:25	ISA.57.10	3
2:25	JER.13.22	3
2:25	JER.14.10	3
2:25	LAM.4.4	3
2:25	JER.44.17	2
2:25	HOS.2.3	2
2:25	LUK.15.22	2
2:25	LUK.16.24	2
2:25	ROM.2.4-ROM.2.5	2
2:26	EZR.9.7	2
2:26	NEH.9.32-NEH.9.34	2
2:26	JER.32.32	2
2:26	PRO.6.30-PRO.6.31	1
2:26	ISA.1.29	1
2:26	JER.2.36	1
2:26	JER.3.24-JER.3.25	1
2:26	JER.48.27	1
2:26	DAN.9.6-DAN.9.8	1
2:26	ROM.6.21	1
2:27	ISA.26.16	6
2:27	HOS.7.14	3
2:27	JDG.10.8-JDG.10.16	2
2:27	PSA.78.34-PSA.78.37	2
2:27	PSA.115.4-PSA.115.8	2
2:27	ISA.44.9-ISA.44.20	2
2:27	ISA.46.6-ISA.46.8	2
2:27	JER.2.24	2
2:27	JER.10.8	2
2:27	JER.18.17	2
2:27	JER.22.23	2
2:27	JER.32.33	2
2:27	EZK.8.16	2
2:27	EZK.23.35	2
2:27	HOS.5.15	2
2:27	HAB.2.18-HAB.2.19	2
2:28	DEU.32.37	6
2:28	JER.11.13	6
2:28	JDG.10.14	5
2:28	ISA.45.20	5
2:28	2KI.17.30-2KI.17.31	3
2:28	ISA.46.7	3
2:28	2KI.3.13	2
2:28	ISA.46.2	2
2:28	HOS.10.1	2
2:29	JER.5.1	4
2:29	JER.6.13	4
2:29	DAN.9.11	4
2:29	JER.2.23	2
2:29	JER.2.35	2
2:29	JER.3.2	2
2:29	JER.9.2-JER.9.6	2
2:29	ROM.3.19	2
2:30	NEH.9.26	7
2:30	ACT.7.52	5
2:30	1TH.2.15	5
2:30	ISA.1.5	4
2:30	JER.5.3	4
2:30	JER.26.20-JER.26.24	4
2:30	ISA.9.13	3
2:30	JER.7.28	3
2:30	MAT.23.29	3
2:30	1KI.19.10	2
2:30	1KI.19.14	2
2:30	2CH.24.21	2
2:30	2CH.28.22	2
2:30	2CH.36.16	2
2:30	JER.6.29-JER.6.30	2
2:30	JER.31.18	2
2:30	EZK.24.13	2
2:30	ZEP.3.2	2
2:30	MAT.21.35-MAT.21.36	2
2:30	MAT.23.34-MAT.23.37	2
2:30	MRK.12.2-MRK.12.8	2
2:30	LUK.11.47-LUK.11.51	2
2:30	LUK.13.33-LUK.13.34	2
2:30	REV.9.20-REV.9.21	2
2:30	REV.16.9	2
2:31	DEU.32.15	3
2:31	2SA.12.7-2SA.12.9	3
2:31	DEU.8.12-DEU.8.14	2
2:31	DEU.31.20	2
2:31	2CH.31.10	2
2:31	NEH.9.21-NEH.9.25	2
2:31	PSA.10.4	2
2:31	PSA.12.4	2
2:31	PRO.30.9	2
2:31	ISA.45.19	2
2:31	JER.2.5-JER.2.6	2
2:31	HOS.2.7-HOS.2.8	2
2:31	HOS.13.6	2
2:31	AMO.1.1	2
2:31	MIC.6.9	2
2:31	MAL.3.9-MAL.3.11	2
2:31	1CO.4.8	2
2:31	REV.3.15-REV.3.17	2
2:32	PSA.106.21	8
2:32	JER.13.25	7
2:32	JER.2.11	6
2:32	JER.3.21	6
2:32	ISA.17.10	5
2:32	PSA.9.17	4
2:32	ISA.61.10	4
2:32	HOS.8.14	4
2:32	JER.13.10	3
2:32	JER.18.15	3
2:32	GEN.24.22	1
2:32	EZK.22.12	1
2:32	1PE.3.3-1PE.3.5	1
2:32	REV.21.2	1
2:32	GEN.24.30	0
2:32	GEN.24.53	0
2:32	2SA.1.24	0
2:32	PSA.45.13-PSA.45.14	0
2:32	EZK.16.10-EZK.16.13	0
2:33	ISA.57.7-ISA.57.10	3
2:33	EZK.16.47	3
2:33	2CH.33.9	2
2:33	JER.2.23	2
2:33	JER.2.36	2
2:33	JER.3.1-JER.3.2	2
2:33	EZK.16.27	2
2:33	EZK.16.51-EZK.16.52	2
2:33	HOS.2.5-HOS.2.7	2
2:33	HOS.2.13	1
2:34	2KI.21.16	5
2:34	2KI.24.4	4
2:34	JER.19.4	4
2:34	EXO.22.2	3
2:34	PSA.106.37-PSA.106.38	2
2:34	ISA.57.5	2
2:34	ISA.59.7	2
2:34	JER.6.15	2
2:34	JER.7.31	2
2:34	EZK.16.20-EZK.16.21	2
2:34	EZK.20.31	2
2:34	EZK.24.7	2
2:34	JER.8.12	1
2:35	PRO.28.13	5
2:35	1JN.1.8-1JN.1.10	3
2:35	JOB.33.9	2
2:35	ISA.58.3	2
2:35	JER.2.9	2
2:35	JER.2.23	2
2:35	JER.2.29	2
2:35	JER.25.31	2
2:35	ROM.7.9	2
2:36	JER.31.22	6
2:36	HOS.5.13	5
2:36	2CH.28.16	4
2:36	2CH.28.20-2CH.28.21	4
2:36	JER.2.23	4
2:36	HOS.12.1	4
2:36	ISA.20.5	3
2:36	ISA.30.1-ISA.30.7	3
2:36	JER.2.18	3
2:36	JER.2.33	3
2:36	JER.37.7	3
2:36	LAM.4.17	3
2:36	LAM.5.6	3
2:36	EZK.29.7	3
2:36	HOS.7.11	3
2:36	HOS.10.6	3
2:36	HOS.14.3	3
2:36	ISA.31.1-ISA.31.3	2
2:37	2SA.13.19	5
2:37	JER.17.5	3
2:37	JER.37.7-JER.37.10	3
2:37	EZK.17.15-EZK.17.20	3
2:37	NUM.14.41	2
2:37	2CH.13.12	2
2:37	ISA.10.4	2
2:37	JER.2.36	2
2:37	JER.32.5	2
3:1	DEU.24.1-DEU.24.4	11
3:1	EZK.16.26	5
3:1	DEU.4.29-DEU.4.31	4
3:1	JER.2.20	4
3:1	JER.4.1	4
3:1	EZK.16.28-EZK.16.29	4
3:1	EZK.23.4-EZK.23.49	4
3:1	HOS.2.5-HOS.2.7	4
3:1	HOS.14.1-HOS.14.4	4
3:1	EZK.33.11	3
3:1	HOS.1.2	3
3:1	ZEC.1.3	3
3:1	LUK.15.16-LUK.15.24	3
3:1	LEV.18.24-LEV.18.28	2
3:1	JDG.19.2	2
3:1	ISA.55.6-ISA.55.9	2
3:1	JER.2.23	2
3:1	JER.3.9	2
3:1	JER.4.14	2
3:1	JER.8.4-JER.8.6	2
3:1	DEU.22.21	1
3:1	JER.2.7	1
3:1	JER.3.12-JER.3.14	1
3:1	JER.3.22	1
3:1	MIC.2.10	1
3:1	ISA.24.5	0
3:2	GEN.38.14	4
3:2	JER.2.7	4
3:2	JER.2.20	4
3:2	EZK.8.4-EZK.8.6	4
3:2	EZK.16.24-EZK.16.25	4
3:2	DEU.12.2	3
3:2	JER.3.1	3
3:2	1KI.11.3	2
3:2	2KI.23.13	2
3:2	PRO.7.11	2
3:2	PRO.23.28	2
3:2	JER.2.23	2
3:2	JER.3.9	2
3:2	JER.3.21	2
3:2	JER.7.29	2
3:2	EZK.16.16	2
3:2	LUK.16.23	2
3:2	EZK.20.28	1
3:3	LEV.26.19	10
3:3	JER.5.24	9
3:3	DEU.28.23	8
3:3	ISA.5.6	8
3:3	JER.14.4	8
3:3	JER.14.22	8
3:3	AMO.4.7	8
3:3	HAG.1.11	7
3:3	JOL.1.16-JOL.1.20	6
3:3	EZK.16.30-EZK.16.34	2
3:3	JER.6.15	1
3:3	JER.8.12	1
3:3	JER.9.12	1
3:3	EZK.3.7	1
3:3	JER.5.3	0
3:3	JER.44.16-JER.44.17	0
3:3	ZEP.3.5	0
3:4	JER.2.2	6
3:4	JER.3.19	5
3:4	JER.31.9	4
3:4	PSA.71.17	3
3:4	PRO.2.17	3
3:4	JER.2.27	3
3:4	JER.31.18-JER.31.20	3
3:4	HOS.2.15	3
3:4	PSA.48.14	2
3:4	PSA.71.5	2
3:4	PSA.119.9	2
3:4	PRO.1.4	2
3:4	HOS.14.1-HOS.14.3	2
3:4	MAL.2.14	2
3:5	ISA.57.16	3
3:5	JER.3.12	3
3:5	EZK.22.6	3
3:5	MIC.2.1	3
3:5	MIC.7.3	3
3:5	PSA.77.7-PSA.77.9	2
3:5	PSA.85.5	2
3:5	PSA.103.8-PSA.103.9	2
3:5	ISA.64.9	2
3:5	ZEP.3.1-ZEP.3.5	2
3:6	1KI.14.23	2
3:6	2KI.17.7-2KI.17.17	2
3:6	ISA.57.7	2
3:6	JER.2.19-JER.2.20	2
3:6	JER.3.8	2
3:6	JER.3.11-JER.3.14	2
3:6	JER.7.24	2
3:6	JER.17.2	2
3:6	EZK.16.24-EZK.16.25	2
3:6	EZK.16.31	2
3:6	EZK.20.28	2
3:6	EZK.23.11	2
3:7	EZK.16.46	4
3:7	2KI.17.13-2KI.17.14	2
3:7	2CH.30.6-2CH.30.12	2
3:7	JER.3.8-JER.3.11	2
3:7	EZK.23.2-EZK.23.4	2
3:7	HOS.6.1-HOS.6.4	2
3:7	HOS.14.1	2
3:8	DEU.24.1	6
3:8	2KI.18.9-2KI.18.11	4
3:8	ISA.50.1	4
3:8	HOS.2.2-HOS.2.3	4
3:8	HOS.3.4	4
3:8	HOS.4.15-HOS.4.17	4
3:8	DEU.24.3	3
3:8	2KI.17.6-2KI.17.19	3
3:8	JER.3.1	3
3:8	EZK.16.47	3
3:8	EZK.23.9	3
3:8	EZK.23.11-EZK.23.21	3
3:8	HOS.9.15-HOS.9.17	3
3:9	JER.2.27	6
3:9	ISA.57.6	5
3:9	JER.3.2	4
3:9	JER.2.7	3
3:9	JER.10.8	3
3:9	HAB.2.19	3
3:9	EZK.16.17	2
3:9	EZK.23.10	2
3:9	HOS.4.12	2
3:10	HOS.7.14	6
3:10	JER.12.2	4
3:10	2CH.34.33-2CH.35.18	3
3:10	PSA.18.44	3
3:10	PSA.66.3	3
3:10	PSA.78.36-PSA.78.37	3
3:10	ISA.10.6	3
3:11	EZK.16.51-EZK.16.52	5
3:11	EZK.23.11	5
3:11	HOS.11.7	4
3:11	EZK.16.47	3
3:11	HOS.4.16	3
3:11	JER.3.8	2
3:11	JER.3.22	2
3:12	PSA.86.15	11
3:12	EZK.33.11	11
3:12	DEU.4.29-DEU.4.31	7
3:12	JER.3.22	6
3:12	HOS.14.1-HOS.14.3	6
3:12	MIC.7.18-MIC.7.20	6
3:12	PSA.145.8	5
3:12	JER.3.18	5
3:12	JER.31.20	5
3:12	JER.33.26	5
3:12	DEU.30.2	4
3:12	2KI.17.23	4
3:12	2KI.18.1	4
3:12	JER.3.5	4
3:12	JER.4.1	4
3:12	JER.23.8	4
3:12	JER.30.11	4
3:12	2KI.15.29	3
3:12	2KI.17.6	3
3:12	2CH.30.9	3
3:12	PSA.79.5	3
3:12	PSA.86.5	3
3:12	PSA.103.17	3
3:12	PRO.28.13	3
3:12	ISA.44.22	3
3:12	JER.3.1	3
3:12	JER.3.7	3
3:12	JER.3.14	3
3:12	JER.31.8	3
3:12	EZK.39.25	3
3:12	HOS.6.1	3
3:12	HOS.11.8-HOS.11.9	3
3:12	PSA.103.8	2
3:12	ROM.5.20-ROM.5.21	2
3:13	DEU.12.2	4
3:13	DEU.30.1-DEU.30.3	4
3:13	JER.2.25	4
3:13	JER.3.6	4
3:13	JER.3.25	4
3:13	JER.2.20	3
3:13	JER.3.2	3
3:13	JER.14.20	3
3:13	LUK.15.18-LUK.15.21	3
3:13	1JN.1.8-1JN.1.10	3
3:13	LEV.26.40-LEV.26.42	2
3:13	JOB.33.27-JOB.33.28	2
3:13	PRO.28.13	2
3:13	JER.31.18-JER.31.20	2
3:13	EZK.16.15	2
3:13	EZK.16.24-EZK.16.25	2
3:14	HOS.2.19-HOS.2.20	10
3:14	JER.2.19	9
3:14	JER.31.32	8
3:14	ISA.54.5	7
3:14	JER.31.8-JER.31.10	6
3:14	EZK.34.11-EZK.34.14	6
3:14	ZEC.13.7-ZEC.13.9	6
3:14	ISA.6.13	5
3:14	ISA.10.22	5
3:14	ISA.11.11-ISA.11.12	5
3:14	JER.2.2	5
3:14	JER.3.8	5
3:14	JER.23.3	5
3:14	ISA.1.9	4
3:14	ISA.17.6	4
3:14	ISA.24.13-ISA.24.15	4
3:14	JER.3.1	4
3:14	ROM.9.27	4
3:14	ROM.11.4-ROM.11.6	4
3:15	JER.23.4	49
3:15	ACT.20.28	40
3:15	EPH.4.11-EPH.4.12	34
3:15	EZK.34.23	30
3:15	JHN.21.15-JHN.21.17	20
3:15	ISA.30.20-ISA.30.21	19
3:15	PRO.10.21	16
3:15	LUK.12.42	15
3:15	1CO.3.1-1CO.3.2	15
3:15	EZK.37.24	14
3:15	1CO.2.6	14
3:15	1CO.2.12-1CO.2.13	13
3:15	JHN.10.1-JHN.10.5	12
3:15	MIC.5.4-MIC.5.5	11
3:15	1PE.2.2	11
3:15	1PE.5.1-1PE.5.4	11
3:15	1SA.13.14	10
3:15	HEB.5.12-HEB.5.14	7
3:16	AMO.9.14-AMO.9.15	8
3:16	ISA.65.17	7
3:16	EZK.37.26	7
3:16	ISA.66.1-ISA.66.2	4
3:16	HOS.1.10-HOS.1.11	4
3:16	ZEC.8.4-ZEC.8.5	4
3:16	ISA.60.22	3
3:16	ISA.61.4	3
3:16	JER.30.19	3
3:16	JER.31.8	3
3:16	EZK.36.8-EZK.36.12	3
3:16	ZEC.10.7-ZEC.10.9	3
3:16	MAT.3.9	3
3:16	HEB.10.19-HEB.10.21	3
3:16	JER.7.4	2
3:16	JER.31.27	2
3:16	AMO.9.9	2
3:16	ZEP.3.11	2
3:16	MAT.1.11	2
3:16	JHN.4.20-JHN.4.24	2
3:16	HEB.9.9-HEB.9.12	2
3:16	HEB.10.8-HEB.10.9	2
3:17	EZK.43.7	9
3:17	JER.17.12	7
3:17	MIC.4.1-MIC.4.5	7
3:17	ZEC.2.11	6
3:17	JER.11.8	5
3:17	ZEC.8.20-ZEC.8.23	5
3:17	ISA.2.2-ISA.2.4	4
3:17	ISA.49.18-ISA.49.23	3
3:17	ISA.56.6	3
3:17	ISA.60.3-ISA.60.9	3
3:17	ISA.66.20	3
3:17	GEN.8.21	2
3:17	NUM.15.39	2
3:17	DEU.29.29	2
3:17	JDG.2.19	2
3:17	PSA.78.8	2
3:17	PSA.87.3	2
3:17	ISA.6.1	2
3:17	ISA.26.8	2
3:17	ISA.59.19	2
3:17	ISA.66.1	2
3:17	JER.7.24	2
3:17	JER.9.14	2
3:17	JER.14.21	2
3:17	JER.16.12	2
3:17	JER.18.12	2
3:17	JER.31.23	2
3:17	ROM.1.21	2
3:17	GAL.4.26	2
3:17	EZK.1.26	1
3:17	ROM.6.14	1
3:17	2CO.10.4-2CO.10.5	1
3:17	EPH.4.17-EPH.4.19	1
3:18	JER.31.8	6
3:18	JER.23.8	5
3:18	JER.50.4	5
3:18	HOS.1.11	5
3:18	AMO.9.15	5
3:18	JER.3.12	4
3:18	JER.16.15	4
3:18	ZEC.10.6	3
3:18	ISA.11.11-ISA.11.13	2
3:18	JER.30.3	2
3:18	JER.50.20	2
3:18	EZK.37.16-EZK.37.22	2
3:18	EZK.39.25-EZK.39.28	2
3:18	HOS.11.12	2
3:19	JER.3.4	7
3:19	ROM.8.15-ROM.8.17	7
3:19	JER.31.9	6
3:19	ISA.63.16	5
3:19	JER.32.39-JER.32.40	3
3:19	MAT.6.8-MAT.6.9	3
3:19	1JN.3.1-1JN.3.3	3
3:19	PSA.106.24	2
3:19	PRO.3.35	2
3:19	ISA.64.8	2
3:19	JER.5.7	2
3:19	JER.12.10	2
3:19	JER.31.20	2
3:19	EZK.20.6	2
3:19	DAN.8.9	2
3:19	DAN.11.16	2
3:19	DAN.11.41	2
3:19	DAN.11.45	2
3:19	HOS.11.8	2
3:19	JHN.1.11-JHN.1.13	2
3:19	2CO.6.17-2CO.6.18	2
3:19	GAL.3.26	2
3:19	GAL.4.5-GAL.4.7	2
3:19	EPH.1.5	2
3:19	HEB.10.39	2
3:19	1PE.1.3-1PE.1.4	1
3:20	ISA.48.8	5
3:20	JER.5.11	3
3:20	JER.3.1-JER.3.2	2
3:20	JER.3.8-JER.3.10	2
3:20	EZK.16.15-EZK.16.52	2
3:20	HOS.3.1	2
3:20	HOS.5.7	2
3:20	HOS.6.7	2
3:20	MAL.2.11	2
3:21	JER.2.32	4
3:21	JER.3.2	4
3:21	JER.31.9	4
3:21	2CO.7.10	4
3:21	ISA.15.2	3
3:21	ISA.17.10	3
3:21	NUM.22.32	2
3:21	JOB.33.27	2
3:21	PRO.10.9	2
3:21	PRO.19.3	2
3:21	JER.30.15-JER.30.17	2
3:21	JER.31.18-JER.31.20	2
3:21	JER.50.4-JER.50.5	2
3:21	EZK.7.16	2
3:21	EZK.23.35	2
3:21	HOS.8.14	2
3:21	HOS.13.6	2
3:21	MIC.3.9	2
3:21	ZEC.12.10-ZEC.12.14	2
3:22	HOS.14.1	10
3:22	HOS.14.4	10
3:22	ZEC.13.9	6
3:22	JER.30.17	5
3:22	HOS.6.1-HOS.6.2	5
3:22	HOS.3.5	4
3:22	HOS.13.4	4
3:22	SNG.1.4	3
3:22	JER.31.18	3
3:22	JER.33.6	2
3:22	HOS.14.8	2
3:22	ISA.27.8	1
3:23	PSA.121.1-PSA.121.2	7
3:23	PSA.3.8	6
3:23	ISA.12.2	4
3:23	EZK.20.28	3
3:23	HOS.1.7	3
3:23	JHN.4.22	3
3:23	PSA.37.39-PSA.37.40	2
3:23	ISA.43.11	2
3:23	ISA.44.9	2
3:23	ISA.45.15	2
3:23	ISA.45.17	2
3:23	ISA.45.20	2
3:23	ISA.46.7-ISA.46.8	2
3:23	ISA.63.1	2
3:23	ISA.63.16	2
3:23	JER.3.6	2
3:23	JER.10.14-JER.10.16	2
3:23	JER.14.8	2
3:23	JER.17.14	1
3:23	JON.2.8-JON.2.9	0
3:24	HOS.9.10	4
3:24	JER.11.13	2
3:24	EZK.16.61	2
3:24	EZK.16.63	2
3:24	HOS.2.8	2
3:24	HOS.10.6	2
3:25	JER.22.21	5
3:25	PRO.5.13	4
3:25	JER.2.26	4
3:25	LAM.5.16	4
3:25	EZK.7.18	4
3:25	DEU.31.17-DEU.31.18	3
3:25	JDG.2.2	3
3:25	NEH.9.32-NEH.9.34	3
3:25	PSA.106.7	3
3:25	PSA.109.29	3
3:25	ISA.50.11	3
3:25	JER.2.2	3
3:25	JER.2.17	3
3:25	LAM.5.7	3
3:25	DAN.9.6-DAN.9.10	3
3:25	ROM.6.21	3
3:25	ISA.48.8	2
3:25	JER.2.19	2
3:25	JER.6.26	2
3:25	EZK.36.32	2
3:25	DAN.12.2	2
3:25	EZR.9.6-EZR.9.15	1
4:1	JOL.2.12	9
4:1	JER.3.22	8
4:1	GEN.35.2	5
4:1	JER.3.1	5
4:1	JER.3.12	5
4:1	JER.25.5	5
4:1	EZK.43.9	5
4:1	JDG.10.16	3
4:1	1SA.7.3	3
4:1	2KI.23.13	3
4:1	2KI.23.24	3
4:1	2CH.15.8	3
4:1	2CH.33.8	3
4:1	HOS.2.2	3
4:1	HOS.14.1	3
4:1	EPH.4.22-EPH.4.31	3
4:1	ISA.31.6	2
4:1	JER.3.14	2
4:1	JER.4.4	2
4:1	JER.15.4	2
4:1	JER.22.3-JER.22.5	2
4:1	JER.24.9	2
4:1	JER.35.15	2
4:1	JER.36.3	2
4:1	EZK.11.18	2
4:1	EZK.18.13	2
4:1	EZK.20.7-EZK.20.8	2
4:1	HOS.7.16	2
4:1	DEU.27.15	1
4:1	JOS.24.14	1
4:2	ISA.65.16	8
4:2	GEN.22.18	6
4:2	JER.9.24	6
4:2	DEU.10.20	5
4:2	1CO.1.31	5
4:2	2CO.10.17	5
4:2	PSA.72.17	4
4:2	ISA.45.25	4
4:2	JER.12.16	4
4:2	GAL.3.8	4
4:2	1KI.3.6	3
4:2	ISA.45.23	3
4:2	ZEC.8.8	3
4:2	PSA.99.4	2
4:2	ISA.48.1-ISA.48.2	2
4:2	JER.5.2	2
4:2	HOS.2.19	2
4:2	PHP.3.3	2
4:3	HOS.10.12	22
4:3	LUK.8.7	10
4:3	LUK.8.14	10
4:3	GAL.6.7-GAL.6.8	9
4:3	MAT.13.7	8
4:3	MRK.4.18-MRK.4.19	8
4:3	MAT.13.22	7
4:3	MRK.4.7	7
4:3	GEN.3.18	4
4:4	DEU.10.16	19
4:4	DEU.30.6	15
4:4	ROM.2.28-ROM.2.29	15
4:4	COL.2.11	15
4:4	JER.9.26	12
4:4	JER.21.12	8
4:4	EZK.20.33	6
4:4	AMO.5.6	6
4:4	MRK.9.43-MRK.9.50	6
4:4	EZK.24.13	5
4:4	ZEP.2.2	5
4:4	LEV.26.28	4
4:4	JER.21.5	4
4:4	JER.23.19	4
4:4	JER.36.7	4
4:4	LAM.4.11	4
4:4	EZK.8.18	4
4:4	ISA.30.27-ISA.30.28	3
4:4	ISA.51.17	3
4:4	EZK.5.13-EZK.5.15	3
4:4	EZK.6.12	3
4:4	EZK.16.38	3
4:4	EZK.20.47-EZK.20.48	3
4:4	EZK.21.17	3
4:4	EZK.24.8	3
4:4	DEU.32.22	2
4:4	EZK.18.31	2
4:5	JER.8.14	5
4:5	JOS.10.20	4
4:5	JER.6.1	4
4:5	HOS.8.1	3
4:5	JER.5.20	2
4:5	JER.9.12	2
4:5	JER.11.2	2
4:5	JER.35.11	2
4:5	EZK.33.2-EZK.33.6	2
4:5	AMO.3.6	2
4:5	AMO.3.8	2
4:6	JER.1.13-JER.1.15	6
4:6	JER.50.2	6
4:6	JER.51.27	5
4:6	JER.4.21	4
4:6	JER.6.1	4
4:6	JER.6.22	4
4:6	JER.51.12	4
4:6	ISA.62.10	3
4:6	JER.25.9	3
4:6	JER.21.7	2
4:6	JER.50.22	2
4:6	JER.51.54	2
4:6	ZEP.1.10	2
4:7	ISA.1.7	6
4:7	ISA.6.11	6
4:7	JER.2.15	6
4:7	JER.5.6	6
4:7	EZK.26.7-EZK.26.10	6
4:7	JER.25.9	5
4:7	JER.50.17	5
4:7	DAN.7.4	5
4:7	2KI.24.1	4
4:7	ISA.5.9	4
4:7	JER.25.38	4
4:7	JER.26.9	4
4:7	JER.33.10	4
4:7	JER.34.22	4
4:7	JER.49.19	4
4:7	2KI.25.1	3
4:7	JER.9.11	3
4:7	JER.27.8	3
4:7	JER.50.44	3
4:7	EZK.30.10-EZK.30.11	3
4:7	DAN.5.19	3
4:7	EZK.21.19-EZK.21.21	1
4:8	ISA.22.12	6
4:8	JER.6.26	6
4:8	ISA.5.25	3
4:8	ISA.10.4	3
4:8	ISA.32.11	3
4:8	NUM.25.4	2
4:8	PSA.78.49	2
4:8	ISA.9.12	2
4:8	ISA.9.17	2
4:8	ISA.9.21	2
4:8	ISA.13.6	2
4:8	ISA.15.2-ISA.15.3	2
4:8	JER.30.24	2
4:8	JER.48.20	2
4:8	EZK.21.12	2
4:8	EZK.30.2	2
4:8	JOL.2.12-JOL.2.13	2
4:8	AMO.8.10	2
4:9	ISA.22.3-ISA.22.5	3
4:9	ISA.29.9-ISA.29.10	3
4:9	EZK.13.9-EZK.13.16	3
4:9	1SA.25.37-1SA.25.38	2
4:9	2KI.25.4	2
4:9	PSA.102.4	2
4:9	ISA.19.3	2
4:9	ISA.19.11-ISA.19.12	2
4:9	ISA.19.16	2
4:9	ISA.21.3-ISA.21.4	2
4:9	JER.5.31	2
4:9	JER.6.13-JER.6.14	2
4:9	JER.37.19	2
4:9	JER.39.4-JER.39.5	2
4:9	JER.52.7	2
4:9	ACT.13.41	2
4:10	JER.5.12	4
4:10	2TH.2.9-2TH.2.12	4
4:10	ISA.37.35	3
4:10	JER.14.13-JER.14.14	3
4:10	EXO.9.14	2
4:10	1KI.22.20-1KI.22.23	2
4:10	ISA.30.10	2
4:10	ISA.63.17	2
4:10	JER.1.6	2
4:10	JER.4.18	2
4:10	JER.6.14	2
4:10	JER.8.11	2
4:10	JER.23.17	2
4:10	JER.32.17	2
4:10	LAM.2.21	2
4:10	EZK.11.13	2
4:10	EZK.14.9-EZK.14.10	2
4:10	ROM.1.24	2
4:10	ROM.1.26	2
4:10	ROM.1.28	2
4:11	EZK.17.10	4
4:11	HOS.13.15	4
4:11	ISA.41.16	3
4:11	ISA.22.4	2
4:11	ISA.27.8	2
4:11	ISA.64.6	2
4:11	JER.8.19	2
4:11	JER.9.1	2
4:11	JER.9.7	2
4:11	JER.14.17	2
4:11	JER.23.19	2
4:11	JER.30.23-JER.30.24	2
4:11	JER.51.1-JER.51.2	2
4:11	LAM.2.11	2
4:11	LAM.3.48	2
4:11	LAM.4.3	2
4:11	LAM.4.6	2
4:11	EZK.19.12	2
4:11	HOS.13.3	2
4:11	MAT.3.12	2
4:11	LUK.3.17	2
4:11	LAM.4.10	1
4:12	JER.1.16	4
4:12	EZK.5.8	3
4:12	EZK.6.11-EZK.6.13	2
4:12	EZK.7.8-EZK.7.9	2
4:13	ISA.19.1	7
4:13	ISA.66.15	6
4:13	ISA.5.28	5
4:13	LAM.4.19	5
4:13	HAB.1.8	5
4:13	DEU.28.49	4
4:13	ISA.13.5	4
4:13	NAM.1.3	4
4:13	JER.4.31	3
4:13	REV.1.7	3
4:13	JER.10.19	2
4:13	DAN.7.4	2
4:13	HOS.8.1	2
4:13	NAM.2.3-NAM.2.4	2
4:13	MAT.24.30	2
4:14	JAS.4.8	12
4:14	ISA.55.7	7
4:14	LUK.11.39	6
4:14	ACT.8.22	6
4:14	ROM.1.21	6
4:14	1CO.3.20	5
4:14	PSA.66.18	4
4:14	PRO.1.22	4
4:14	ISA.1.16-ISA.1.19	4
4:14	JER.13.27	4
4:14	MAT.12.33	4
4:14	PSA.119.113	3
4:14	EZK.18.31	3
4:14	MAT.15.19-MAT.15.20	3
4:14	MAT.23.26-MAT.23.27	3
4:15	JER.8.16	5
4:15	JOS.17.15	2
4:15	JOS.20.7	2
4:15	JDG.18.29	2
4:15	JDG.20.1	2
4:15	JER.6.1	2
4:16	JER.5.15	4
4:16	EZK.21.22	4
4:16	ISA.39.3	3
4:16	DEU.28.49-DEU.28.52	2
4:16	ISA.34.1	2
4:16	JER.2.15	2
4:16	JER.4.17	2
4:16	JER.5.6	2
4:16	JER.6.18	2
4:16	JER.16.6	2
4:16	JER.31.10	2
4:16	JER.39.1	2
4:16	JER.50.2	2
4:17	JER.5.23	4
4:17	2KI.25.1-2KI.25.4	3
4:17	NEH.9.26	2
4:17	NEH.9.30	2
4:17	ISA.1.8	2
4:17	ISA.1.20-ISA.1.23	2
4:17	ISA.30.9	2
4:17	JER.6.2-JER.6.3	2
4:17	LAM.1.8	2
4:17	LAM.1.18	2
4:17	EZK.2.3-EZK.2.7	2
4:17	DAN.9.7-DAN.9.19	2
4:17	LUK.19.43-LUK.19.44	2
4:17	LUK.21.20-LUK.21.24	2
4:18	PSA.107.17	6
4:18	JER.2.19	6
4:18	PRO.1.31	5
4:18	JER.2.17	5
4:18	ISA.50.1	4
4:18	JER.6.19	4
4:18	PRO.5.22	3
4:18	JOB.20.5-JOB.20.16	2
4:18	JER.5.19	2
4:18	JER.26.19	2
4:19	HAB.3.16	7
4:19	ISA.16.11	5
4:19	ISA.22.4	5
4:19	ISA.21.3	4
4:19	JER.9.1	4
4:19	JER.9.10	4
4:19	PSA.116.7	3
4:19	ISA.15.5	3
4:19	LAM.3.48-LAM.3.51	3
4:19	DAN.7.15	3
4:19	DAN.8.27	3
4:19	ROM.9.2-ROM.9.3	3
4:19	GAL.4.19	3
4:19	GEN.49.6	2
4:19	NUM.10.9	2
4:19	JDG.5.21	2
4:19	PSA.16.2	2
4:19	PSA.42.5-PSA.42.6	2
4:19	PSA.103.1	2
4:19	PSA.119.53	2
4:19	PSA.119.136	2
4:19	PSA.146.1	2
4:19	JER.4.5	2
4:19	JER.4.21	2
4:19	JER.13.17	2
4:19	JER.14.17-JER.14.18	2
4:19	JER.20.9	2
4:19	JER.23.9	2
4:19	JER.48.31-JER.48.32	2
4:19	LAM.1.16	2
4:19	LAM.2.11	2
4:19	DAN.7.28	2
4:19	AMO.3.6	2
4:19	ZEP.1.15-ZEP.1.16	2
4:19	LUK.19.41-LUK.19.42	2
4:19	ROM.10.1	2
4:20	PSA.42.7	6
4:20	EZK.7.25-EZK.7.26	5
4:20	JOL.1.15	5
4:20	MAT.10.28	5
4:20	2TH.1.9	5
4:20	EXO.33.5	3
4:20	LEV.26.18	3
4:20	LEV.26.21	3
4:20	LEV.26.24	3
4:20	ISA.13.6	3
4:20	ISA.33.20	3
4:20	JER.10.19-JER.10.20	3
4:20	JER.17.18	3
4:20	LAM.3.47	3
4:20	EZK.14.21	3
4:20	LEV.26.28	2
4:20	NUM.16.21	2
4:20	NUM.16.45	2
4:20	PSA.72.19	2
4:20	ISA.47.9	2
4:20	ISA.54.2	2
4:20	JER.4.6	2
4:20	LAM.2.6-LAM.2.9	2
4:20	HAB.3.7	2
4:21	2CH.35.25	2
4:21	2CH.36.3	2
4:21	2CH.36.6-2CH.36.7	2
4:21	2CH.36.10	2
4:21	2CH.36.17	2
4:21	JER.4.5-JER.4.6	2
4:21	JER.6.1	2
4:21	JER.4.19	1
4:22	1CO.14.20	17
4:22	ROM.16.19	14
4:22	JER.5.21	13
4:22	HOS.4.6	12
4:22	ROM.3.11	12
4:22	ROM.1.22	11
4:22	HOS.5.4	10
4:22	MIC.2.1	9
4:22	JHN.16.3	9
4:22	DEU.32.28	8
4:22	ISA.6.9-ISA.6.10	8
4:22	ROM.1.28	8
4:22	ISA.27.11	7
4:22	JER.13.23	7
4:22	ISA.1.3	6
4:22	JER.10.8	6
4:22	PSA.14.1-PSA.14.4	5
4:22	ISA.42.19-ISA.42.20	5
4:22	JER.5.4	5
4:22	1CO.1.20-1CO.1.21	5
4:22	DEU.32.6	3
4:22	2SA.16.21-2SA.16.23	3
4:22	ISA.29.10-ISA.29.12	3
4:22	JER.8.7-JER.8.9	3
4:22	HOS.4.1	3
4:22	MAT.23.16-MAT.23.26	3
4:22	LUK.16.8	3
4:22	2SA.13.3	2
4:23	MAT.24.29	35
4:23	MRK.13.24-MRK.13.25	29
4:23	ISA.13.10	26
4:23	JOL.3.15-JOL.3.16	26
4:23	GEN.1.2	22
4:23	LUK.21.25-LUK.21.26	21
4:23	EZK.32.7-EZK.32.8	20
4:23	JOL.2.10	18
4:23	AMO.8.9	18
4:23	JOL.2.30-JOL.2.31	17
4:23	ACT.2.19-ACT.2.20	17
4:23	ISA.5.30	16
4:23	MAT.24.35	15
4:23	ISA.24.19-ISA.24.23	12
4:23	REV.20.11	12
4:23	JER.9.10	8
4:24	EZK.38.20	4
4:24	ISA.5.25	3
4:24	JER.10.10	3
4:24	NAM.1.5-NAM.1.6	3
4:24	JDG.5.4-JDG.5.5	2
4:24	1KI.19.11	2
4:24	PSA.18.7	2
4:24	PSA.97.4	2
4:24	PSA.114.4-PSA.114.7	2
4:24	MIC.1.4	2
4:24	PSA.77.18	1
4:24	JER.8.16	1
4:24	HAB.3.6	1
4:24	HAB.3.10	1
4:25	ZEP.1.2-ZEP.1.3	5
4:25	JER.12.4	4
4:25	JER.9.10	3
4:25	HOS.4.3	3
4:26	PSA.107.34	4
4:26	DEU.29.23-DEU.29.28	2
4:26	PSA.76.7	2
4:26	ISA.5.9-ISA.5.10	2
4:26	ISA.7.20-ISA.7.25	2
4:26	JER.12.4	2
4:26	JER.14.2-JER.14.6	2
4:26	MIC.3.12	2
4:27	JER.5.10	5
4:27	JER.5.18	5
4:27	JER.46.28	5
4:27	JER.30.11	4
4:27	LEV.26.44	3
4:27	EZK.11.13	3
4:27	ROM.9.27-ROM.9.29	3
4:27	ROM.11.1-ROM.11.7	3
4:27	2CH.36.21	2
4:27	ISA.6.11-ISA.6.12	2
4:27	ISA.24.1	2
4:27	ISA.24.3-ISA.24.13	2
4:27	JER.4.7	2
4:27	JER.7.34	2
4:27	JER.12.11-JER.12.12	2
4:27	JER.18.16	2
4:27	EZK.6.14	2
4:27	EZK.33.28	2
4:27	AMO.9.8-AMO.9.9	2
4:28	NUM.23.19	6
4:28	ISA.50.3	5
4:28	JER.12.4	5
4:28	HOS.4.3	5
4:28	ISA.5.30	4
4:28	JOL.2.30-JOL.2.31	4
4:28	1SA.15.29	2
4:28	ISA.14.24-ISA.14.27	2
4:28	ISA.24.4	2
4:28	ISA.33.8-ISA.33.9	2
4:28	ISA.34.4	2
4:28	ISA.46.10-ISA.46.11	2
4:28	JER.4.23-JER.4.26	2
4:28	JER.7.16	2
4:28	JER.12.11	2
4:28	JER.14.2	2
4:28	JER.14.11-JER.14.12	2
4:28	JER.15.1-JER.15.9	2
4:28	JER.23.10	2
4:28	JER.23.20	2
4:28	JER.30.24	2
4:28	EZK.24.14	2
4:28	HOS.13.14	2
4:28	JOL.1.10	2
4:28	MAT.27.45	2
4:28	MRK.15.33	2
4:28	LUK.23.44	2
4:28	EPH.1.9	2
4:28	EPH.1.11	2
4:28	HEB.7.21	2
4:28	REV.6.12	2
4:29	ISA.2.19-ISA.2.21	3
4:29	JER.4.7	3
4:29	1SA.13.6	2
4:29	2KI.25.4-2KI.25.7	2
4:29	2CH.33.11	2
4:29	ISA.30.17	2
4:29	JER.39.4-JER.39.6	2
4:29	JER.52.7	2
4:29	AMO.9.1	2
4:29	LUK.23.30	2
4:29	REV.6.15-REV.6.17	2
4:30	2KI.9.30	5
4:30	LAM.1.2	5
4:30	LAM.1.19	5
4:30	ISA.10.3	4
4:30	EZK.16.36-EZK.16.41	4
4:30	EZK.23.9-EZK.23.10	4
4:30	ISA.20.6	3
4:30	JER.13.21	3
4:30	EZK.23.22-EZK.23.24	3
4:30	EZK.28.13	3
4:30	ISA.33.14	2
4:30	JER.5.31	2
4:30	JER.22.20-JER.22.22	2
4:30	LAM.4.17	2
4:30	EZK.23.28-EZK.23.29	2
4:30	EZK.23.40-EZK.23.41	2
4:30	EZK.28.9	2
4:30	HEB.2.3	2
4:30	REV.17.2	2
4:30	REV.17.4	2
4:30	REV.17.13	2
4:30	REV.17.16-REV.17.18	1
4:31	ISA.1.15	5
4:31	LAM.1.17	5
4:31	JER.13.21	3
4:31	GEN.27.46	2
4:31	JOB.10.1	2
4:31	PSA.120.5	2
4:31	ISA.6.5	2
4:31	ISA.13.8	2
4:31	ISA.21.3	2
4:31	ISA.42.14	2
4:31	JER.6.2	2
4:31	JER.6.23-JER.6.24	2
4:31	JER.10.19	2
4:31	JER.14.18	2
4:31	JER.15.18	2
4:31	JER.18.21	2
4:31	JER.22.23	2
4:31	JER.30.6	2
4:31	JER.45.2	2
4:31	JER.48.41	2
4:31	JER.49.22	2
4:31	JER.49.24	2
4:31	JER.50.43	2
4:31	LAM.1.20	2
4:31	LAM.2.21	2
4:31	EZK.9.5-EZK.9.6	2
4:31	EZK.23.46-EZK.23.47	2
4:31	HOS.13.13	2
4:31	MIC.7.1	2
4:31	MAT.21.5	2
4:31	1CO.9.16	2
4:31	1TH.5.3	2
5:1	GEN.18.23-GEN.18.32	11
5:1	2CH.16.9	8
5:1	EZK.22.30	8
5:1	PSA.14.3	5
5:1	PSA.53.2-PSA.53.4	5
5:1	ISA.59.4	5
5:1	ISA.59.14-ISA.59.15	5
5:1	MIC.7.1-MIC.7.2	5
5:1	PRO.20.6	4
5:1	PSA.12.1	3
5:1	PRO.2.4-PRO.2.6	2
5:1	PRO.8.3	2
5:1	PRO.23.23	2
5:1	SNG.3.2	2
5:1	DAN.12.4	2
5:1	JOL.2.9	2
5:1	AMO.8.12	2
5:1	ZEC.2.4	2
5:1	LUK.14.21	2
5:1	2TH.2.10	2
5:1	1KI.19.10	1
5:2	TIT.1.16	5
5:2	JER.4.2	4
5:2	LEV.19.12	3
5:2	ISA.48.1	3
5:2	JER.7.9	3
5:2	HOS.4.1-HOS.4.2	3
5:2	HOS.10.4	3
5:2	2TI.3.5	3
5:2	HOS.4.15	2
5:2	ZEC.5.3-ZEC.5.4	2
5:2	MAL.3.5	2
5:2	1TI.1.10	2
5:3	JER.2.30	5
5:3	JER.7.28	5
5:3	2CH.16.9	4
5:3	ISA.9.13	4
5:3	ZEP.3.7	4
5:3	PSA.11.4-PSA.11.7	3
5:3	ISA.42.25	3
5:3	EZK.3.7-EZK.3.9	3
5:3	ZEP.3.1-ZEP.3.2	3
5:3	2CH.28.22	2
5:3	PSA.51.6	2
5:3	PRO.21.29	2
5:3	PRO.22.12	2
5:3	PRO.23.35	2
5:3	PRO.27.22	2
5:3	ISA.1.5-ISA.1.6	2
5:3	ISA.48.4	2
5:3	JER.7.26	2
5:3	JER.19.15	2
5:3	JER.32.19	2
5:3	EZK.24.13	2
5:3	ZEC.7.11-ZEC.7.12	2
5:3	ROM.2.2	2
5:3	ROM.2.4-ROM.2.5	2
5:3	HEB.12.9	2
5:4	JER.8.7	5
5:4	HOS.4.6	5
5:4	ISA.28.9-ISA.28.13	3
5:4	MAT.11.5	3
5:4	ISA.27.11	2
5:4	JER.4.22	2
5:4	JER.7.8	2
5:4	JHN.7.48-JHN.7.49	2
5:5	JER.2.20	4
5:5	JAS.2.5-JAS.2.7	3
5:5	PSA.2.2-PSA.2.3	2
5:5	JER.6.13	2
5:5	EZK.22.6-EZK.22.8	2
5:5	EZK.22.25-EZK.22.29	2
5:5	AMO.4.1	2
5:5	MIC.3.1-MIC.3.4	2
5:5	MIC.3.11	2
5:5	MIC.7.3-MIC.7.4	2
5:5	ZEP.3.3-ZEP.3.5	2
5:5	MAL.2.7	2
5:5	MAT.19.23-MAT.19.26	2
5:5	LUK.18.24	2
5:5	LUK.19.14	2
5:5	ACT.4.26-ACT.4.27	2
5:6	JER.4.7	5
5:6	HAB.1.8	5
5:6	EZK.22.27	4
5:6	ZEP.3.3	4
5:6	NUM.32.14	3
5:6	EZR.9.6	3
5:6	EZR.10.10	3
5:6	PSA.104.20	3
5:6	ISA.59.12	3
5:6	JER.2.15	3
5:6	JER.2.17	3
5:6	JER.2.19	3
5:6	JER.9.12-JER.9.14	3
5:6	JER.14.7	3
5:6	JER.16.10-JER.16.12	3
5:6	JER.25.38	3
5:6	JER.30.14	3
5:6	JER.30.24	3
5:6	JER.49.19	3
5:6	LAM.1.5	3
5:6	EZK.14.16-EZK.14.21	3
5:6	EZK.16.25	3
5:6	EZK.23.19	3
5:6	DAN.7.4	3
5:6	DAN.7.6	3
5:6	HOS.5.14	3
5:6	HOS.13.7-HOS.13.8	3
5:6	AMO.5.18-AMO.5.19	3
5:6	NAM.2.11-NAM.2.12	3
5:6	REV.13.2	3
5:7	JOS.23.7	7
5:7	GAL.4.8	7
5:7	DEU.32.21	6
5:7	JER.2.11	6
5:7	ZEP.1.5	5
5:7	1CO.8.4	5
5:7	DEU.32.15	4
5:7	JER.23.10	4
5:7	JAS.4.4	4
5:7	JER.12.16	3
5:7	JER.13.27	3
5:7	EZK.22.11	3
5:7	HOS.4.2	3
5:7	LEV.20.10	2
5:7	NUM.25.1-NUM.25.3	2
5:7	PSA.50.18	2
5:7	JER.2.31	2
5:7	JER.3.19	2
5:7	JER.9.2	2
5:7	JER.29.22-JER.29.23	2
5:7	EZK.16.49-EZK.16.50	2
5:7	HOS.4.13-HOS.4.15	2
5:7	HOS.7.4	2
5:7	HOS.11.8	2
5:7	HOS.13.6	2
5:7	AMO.8.14	2
5:7	MAL.3.5	2
5:7	MAT.23.37-MAT.23.38	2
5:7	1CO.6.9	2
5:7	JAS.5.1-JAS.5.5	2
5:7	HEB.13.4	1
5:8	JER.13.27	4
5:8	DEU.5.18	3
5:8	2SA.11.2-2SA.11.4	3
5:8	EZK.22.11	3
5:8	GEN.39.9	2
5:8	EXO.20.14	2
5:8	EXO.20.17	2
5:8	DEU.5.21	2
5:8	JOB.31.9	2
5:8	JER.29.23	2
5:8	MAT.5.27-MAT.5.28	2
5:9	JER.9.9	5
5:9	JER.5.29	4
5:9	ISA.1.24	3
5:9	LEV.26.25	2
5:9	DEU.32.35	2
5:9	DEU.32.43	2
5:9	JER.23.2	2
5:9	JER.44.22	2
5:9	LAM.4.22	2
5:9	EZK.5.13-EZK.5.15	2
5:9	EZK.7.9	2
5:9	HOS.2.13	2
5:9	HOS.8.13	2
5:9	NAM.1.2	2
5:10	JER.4.27	4
5:10	PSA.78.61-PSA.78.62	3
5:10	JER.39.8	3
5:10	EZK.12.16	3
5:10	HOS.1.9	3
5:10	AMO.9.8	3
5:10	MAT.22.7	3
5:10	2KI.24.2-2KI.24.4	2
5:10	2CH.36.17	2
5:10	ISA.10.5-ISA.10.7	2
5:10	ISA.13.1-ISA.13.5	2
5:10	JER.5.18	2
5:10	JER.6.4-JER.6.6	2
5:10	JER.7.4-JER.7.12	2
5:10	JER.25.9	2
5:10	JER.30.11	2
5:10	JER.46.28	2
5:10	JER.51.20-JER.51.23	2
5:10	EZK.9.5-EZK.9.7	2
5:10	EZK.14.17	2
5:11	JER.3.20	5
5:11	ISA.48.8	3
5:11	JER.3.6-JER.3.11	2
5:11	HOS.5.7	2
5:11	HOS.6.7	2
5:12	2CH.36.16	4
5:12	DEU.29.19	3
5:12	1SA.6.9	3
5:12	PSA.10.6	3
5:12	ISA.28.14-ISA.28.15	3
5:12	JER.5.31	3
5:12	JER.14.13-JER.14.14	3
5:12	JER.23.14-JER.23.17	3
5:12	JER.28.4	3
5:12	JER.28.15-JER.28.17	3
5:12	JER.43.2-JER.43.3	3
5:12	EZK.12.22-EZK.12.28	3
5:12	EZK.13.6	2
5:12	MIC.2.11	2
5:12	MIC.3.11	2
5:12	HAB.1.5-HAB.1.6	2
5:12	1TH.5.2-1TH.5.3	2
5:12	1JN.5.10	2
5:12	JER.4.10	1
5:13	JER.14.15	5
5:13	JOB.8.2	4
5:13	JER.14.13	4
5:13	JOB.6.26	2
5:13	JER.18.18	2
5:13	JER.20.8-JER.20.11	2
5:13	JER.28.3	2
5:13	HOS.9.7	2
5:14	JER.23.29	16
5:14	JER.1.9	15
5:14	HOS.6.5	10
5:14	REV.11.5-REV.11.6	8
5:14	ZEC.1.6	6
5:14	2KI.1.10-2KI.1.14	5
5:14	JER.28.15-JER.28.17	5
5:15	DEU.28.49	9
5:15	JER.4.16	7
5:15	ISA.5.26	6
5:15	ISA.28.11	6
5:15	ISA.33.19	6
5:15	JER.25.9	5
5:15	JER.1.15	4
5:15	ISA.5.7	3
5:15	JER.5.11	3
5:15	JER.6.22	3
5:15	HAB.1.5-HAB.1.10	3
5:15	1CO.14.21	3
5:15	ISA.29.3	2
5:15	ISA.29.6	2
5:15	JER.2.26	2
5:15	JER.9.26	2
5:15	EZK.18.31	2
5:15	DAN.2.37-DAN.2.38	2
5:15	MAT.3.9-MAT.3.10	2
5:15	DAN.7.7	1
5:16	PSA.5.9	5
5:16	ISA.5.28	5
5:16	ROM.3.13	2
5:17	LEV.26.16	4
5:17	DEU.28.33	4
5:17	HOS.8.14	3
5:17	DEU.28.30-DEU.28.31	2
5:17	JDG.6.3-JDG.6.4	2
5:17	ISA.62.9	2
5:17	ISA.65.22	2
5:17	JER.1.15	2
5:17	JER.4.7	2
5:17	JER.4.26	2
5:17	JER.8.16	2
5:17	JER.50.7	2
5:17	EZK.36.4	2
5:17	HAB.3.17-HAB.3.18	2
5:17	ZEP.3.6	2
5:17	JER.50.17	1
5:17	LAM.2.2	1
5:18	JER.4.27	4
5:18	JER.5.10	4
5:18	ROM.11.1-ROM.11.5	3
5:18	EZK.9.8	2
5:18	EZK.11.13	2
5:19	1KI.9.8-1KI.9.9	8
5:19	DEU.28.47-DEU.28.48	7
5:19	JER.22.8-JER.22.9	6
5:19	JER.13.22	5
5:19	JER.16.13	5
5:19	DEU.29.24-DEU.29.28	4
5:19	JER.16.10-JER.16.11	4
5:19	DEU.4.25-DEU.4.28	3
5:19	2CH.7.21-2CH.7.22	3
5:19	JER.2.13	3
5:19	JER.2.35	3
5:19	LAM.5.8	3
5:21	EZK.12.2	15
5:21	ACT.28.26	15
5:21	ISA.6.9-ISA.6.10	12
5:21	ROM.11.8	11
5:21	JHN.12.40	10
5:21	JER.4.22	9
5:21	MAT.13.13-MAT.13.15	9
5:21	MRK.8.18	8
5:21	PSA.94.8	6
5:21	JER.8.7	6
5:21	PRO.17.16	5
5:21	ISA.44.18	5
5:21	JER.5.4	5
5:21	DEU.29.4	4
5:21	DEU.32.6	4
5:21	ISA.27.11	4
5:21	JER.10.8	3
5:21	HOS.7.11	3
5:22	JOB.38.10-JOB.38.11	16
5:22	PSA.104.9	16
5:22	JOB.26.10	15
5:22	DEU.28.58	14
5:22	PSA.119.120	14
5:22	PRO.8.29	14
5:22	JER.10.7	12
5:22	NAM.1.4	12
5:22	MRK.4.39	11
5:22	REV.15.4	9
5:22	AMO.9.6	8
5:22	PSA.33.7	7
5:22	PSA.99.1	7
5:22	PSA.93.3-PSA.93.4	6
5:22	ISA.50.2	6
5:22	MAT.10.28	6
5:22	ISA.66.5	5
5:22	DAN.6.26	5
5:22	LUK.12.5	5
5:23	JER.6.28	4
5:23	DEU.21.18	3
5:23	PSA.95.10	3
5:23	HOS.11.7	3
5:23	HEB.3.12	3
5:23	ISA.1.5	2
5:23	ISA.31.6	2
5:23	JER.5.5	2
5:23	JER.17.9	2
5:23	HOS.4.8	2
5:24	PSA.147.8	8
5:24	GEN.8.22	6
5:24	JOL.2.23	6
5:24	JER.14.22	5
5:24	MAT.5.45	5
5:24	ACT.14.17	5
5:24	DEU.11.13-DEU.11.14	3
5:24	DEU.28.12	3
5:24	1KI.17.1	3
5:24	JOB.36.27-JOB.36.28	3
5:24	JOB.38.37	3
5:24	ISA.64.7	3
5:24	JER.5.22	3
5:24	JER.50.5	3
5:24	HOS.6.1	3
5:24	AMO.4.7	3
5:24	ZEC.10.1	3
5:24	JAS.5.7	3
5:24	JAS.5.17-JAS.5.18	3
5:24	REV.11.6	3
5:24	JOB.5.10	2
5:24	HOS.3.5	2
5:25	ISA.59.2	9
5:25	PSA.107.34	8
5:25	PSA.107.17	7
5:25	DEU.28.23-DEU.28.24	5
5:25	JER.2.17-JER.2.19	5
5:25	JER.3.3	4
5:25	LAM.3.39	4
5:25	LAM.4.22	4
5:26	PRO.1.11	10
5:26	PSA.64.5	7
5:26	JER.18.22	6
5:26	EZK.22.2-EZK.22.12	6
5:26	PSA.10.9-PSA.10.10	5
5:26	1SA.19.10-1SA.19.11	4
5:26	ISA.58.1	4
5:26	JER.4.22	4
5:26	HAB.1.14-HAB.1.15	4
5:26	LUK.5.10	4
5:26	PRO.1.17-PRO.1.18	3
5:27	PRO.1.11-PRO.1.13	2
5:27	JER.9.6	2
5:27	HOS.12.7-HOS.12.8	2
5:27	AMO.8.4-AMO.8.6	2
5:27	MIC.1.12	2
5:27	HAB.2.9-HAB.2.11	2
5:27	REV.18.2	2
5:27	MIC.6.10-MIC.6.11	1
5:28	ISA.1.23	6
5:28	DEU.32.15	5
5:28	PSA.73.12	4
5:28	JER.7.6	4
5:28	ZEC.7.10	4
5:28	JOB.12.6	2
5:28	JOB.15.27-JOB.15.28	2
5:28	JOB.21.23-JOB.21.24	2
5:28	JOB.29.12-JOB.29.14	2
5:28	PSA.72.4	2
5:28	PSA.73.6-PSA.73.7	2
5:28	PSA.82.2-PSA.82.4	2
5:28	PSA.119.70	2
5:28	JER.2.33	2
5:28	JER.12.1	2
5:28	JER.22.15-JER.22.19	2
5:28	EZK.5.6-EZK.5.7	2
5:28	EZK.16.47-EZK.16.52	2
5:28	AMO.4.1	2
5:28	1CO.5.1	2
5:28	JAS.5.4-JAS.5.5	2
5:29	JER.5.9	4
5:29	MAL.3.5	4
5:29	JAS.5.4	3
5:29	JER.9.9	2
5:30	JER.23.14	5
5:30	HOS.6.10	5
5:30	ISA.1.2	2
5:30	JER.2.12	2
5:31	EZK.13.6	9
5:31	JER.14.14	7
5:31	MIC.2.11	6
5:31	2TH.2.9-2TH.2.11	5
5:31	2TI.4.3-2TI.4.4	5
5:31	2CO.11.13-2CO.11.15	4
5:31	DEU.32.29	3
5:31	ISA.10.3	3
5:31	EZK.22.14	3
5:31	ZEP.2.2-ZEP.2.3	3
5:31	JHN.3.19-JHN.3.21	3
5:31	2PE.2.1-2PE.2.2	3
5:31	ISA.20.6	2
5:31	ISA.30.10-ISA.30.11	2
5:31	ISA.33.14	2
5:31	JER.4.30-JER.4.31	2
5:31	JER.22.22-JER.22.23	2
5:31	JER.23.25-JER.23.26	2
5:31	LAM.1.9	2
5:31	LAM.2.14	2
5:31	MIC.2.6	2
5:31	MAT.7.15-MAT.7.17	2
5:31	MIC.3.11	1
6:1	NEH.3.14	5
6:1	JOS.18.21-JOS.18.28	3
6:1	JDG.1.21	3
6:1	2SA.14.2	3
6:1	2CH.11.6	3
6:1	JER.4.5-JER.4.6	3
6:1	JER.6.22	3
6:1	JOS.15.63	2
6:1	JER.1.14-JER.1.15	2
6:1	JER.4.19-JER.4.20	2
6:1	JER.4.29	2
6:1	JER.10.17-JER.10.18	2
6:1	JER.10.22	2
6:1	JER.25.9	2
6:1	EZK.26.7-EZK.26.21	2
6:1	AMO.1.1	2
6:2	JER.4.31	4
6:2	ISA.1.8	3
6:2	ISA.3.16-ISA.3.17	2
6:2	LAM.2.1	2
6:2	LAM.2.13	2
6:3	LUK.19.43	5
6:3	JER.39.1-JER.39.3	3
6:3	2KI.24.2	2
6:3	2KI.24.10-2KI.24.12	2
6:3	2KI.25.1-2KI.25.4	2
6:3	JER.4.16-JER.4.17	2
6:3	JER.12.10	2
6:3	NAM.3.18	2
6:4	JER.15.8	5
6:4	JOL.3.9	4
6:4	ZEP.2.4	4
6:4	JER.8.20	3
6:4	SNG.2.17	2
6:4	ISA.5.26-ISA.5.30	2
6:4	ISA.13.2-ISA.13.5	2
6:4	JER.5.10	2
6:4	JER.51.27-JER.51.28	2
6:5	ISA.32.14	3
6:5	JER.52.13	3
6:5	2CH.36.19	2
6:5	PSA.48.3	2
6:5	JER.9.21	2
6:5	JER.17.27	2
6:5	HOS.8.14	2
6:5	AMO.2.5	2
6:5	AMO.3.10-AMO.3.11	2
6:5	ZEC.11.1	2
6:6	DEU.20.19-DEU.20.20	3
6:6	JER.32.24	3
6:7	JER.20.8	5
6:7	EZK.7.11	5
6:7	EZK.7.23	5
6:7	ISA.57.20	3
6:7	JAS.3.10-JAS.3.12	3
6:7	PSA.55.9-PSA.55.11	2
6:7	EZK.22.3-EZK.22.12	2
6:7	MIC.2.1-MIC.2.2	2
6:7	MIC.2.8-MIC.2.10	2
6:7	MIC.3.1-MIC.3.3	2
6:7	MIC.3.9-MIC.3.12	2
6:7	MIC.7.2-MIC.7.3	2
6:7	PRO.4.23	1
6:7	EZK.24.7	1
6:8	EZK.23.18	5
6:8	HOS.9.12	5
6:8	JER.17.23	4
6:8	PSA.50.17	3
6:8	JER.32.33	3
6:8	JER.35.13-JER.35.15	3
6:8	ZEP.3.7	3
6:8	LEV.26.34	2
6:8	DEU.32.29	2
6:8	PSA.2.10	2
6:8	PSA.94.12	2
6:8	PRO.4.13	2
6:8	JER.2.15	2
6:8	JER.4.14	2
6:8	JER.7.3-JER.7.7	2
6:8	JER.7.20	2
6:8	JER.7.34	2
6:8	JER.9.11	2
6:8	JER.31.19	2
6:8	ZEC.11.8-ZEC.11.9	2
6:9	JER.16.16	3
6:9	JER.49.9	3
6:9	OBA.1.5-OBA.1.6	3
6:9	JER.52.28-JER.52.30	2
6:9	REV.14.18	2
6:10	ACT.7.51	10
6:10	JER.7.26	9
6:10	JHN.7.7	8
6:10	HEB.11.7	8
6:10	EXO.6.12	6
6:10	ISA.53.1	6
6:10	DEU.29.4	5
6:10	2CH.36.15-2CH.36.16	5
6:10	PSA.1.2	5
6:10	PSA.40.8	5
6:10	PSA.119.16	5
6:10	PSA.119.24	5
6:10	PSA.119.35	5
6:10	PSA.119.70	5
6:10	PSA.119.77	5
6:10	PSA.119.174	5
6:10	ISA.6.9-ISA.6.10	5
6:10	ISA.28.9-ISA.28.13	5
6:10	ISA.42.23-ISA.42.25	5
6:10	JER.4.4	5
6:10	JER.5.4-JER.5.5	5
6:10	JER.20.8-JER.20.9	5
6:10	EZK.3.18-EZK.3.21	5
6:10	EZK.33.3	5
6:10	EZK.33.9	5
6:10	AMO.7.10	5
6:10	MAT.3.7	5
6:10	LUK.11.45	5
6:10	LUK.20.19	5
6:10	JHN.9.40	5
6:10	ACT.7.60	5
6:10	ROM.7.22	5
6:10	COL.1.28	5
6:10	2TI.4.3	5
6:11	JER.9.21	5
6:11	JER.20.9	5
6:11	JOB.32.18-JOB.32.19	3
6:11	MIC.3.8	3
6:11	JER.7.20	2
6:11	JER.18.21	2
6:11	EZK.3.14	2
6:11	EZK.9.6	2
6:11	LUK.17.34	2
6:11	ACT.4.20	2
6:11	ACT.17.16	2
6:11	ACT.18.5	2
6:11	REV.16.1	2
6:12	JER.8.10	5
6:12	ISA.5.25	3
6:12	DEU.28.30-DEU.28.33	2
6:12	DEU.28.39-DEU.28.43	2
6:12	1CH.21.16	2
6:12	ISA.9.12	2
6:12	ISA.9.17	2
6:12	ISA.9.21	2
6:12	ISA.10.4	2
6:12	ISA.65.21-ISA.65.22	2
6:12	JER.38.22	2
6:12	LAM.2.4-LAM.2.5	2
6:12	LAM.2.8	2
6:12	LAM.3.3	2
6:12	LAM.5.3	2
6:12	LAM.5.11	2
6:12	ZEP.1.13	2
6:13	JER.23.11	9
6:13	JER.8.10	7
6:13	MIC.3.11	5
6:13	JER.22.17	4
6:13	MIC.3.2-MIC.3.3	4
6:13	ISA.57.17	3
6:13	JER.5.31	3
6:13	JER.14.18	3
6:13	EZK.22.25-EZK.22.28	3
6:13	MIC.3.5	3
6:13	ZEP.3.3-ZEP.3.4	3
6:13	ISA.28.7	2
6:13	ISA.56.9-ISA.56.12	2
6:13	JER.2.8	2
6:13	JER.2.26	2
6:13	JER.23.14-JER.23.15	2
6:13	JER.26.7-JER.26.8	2
6:13	JER.32.32	2
6:13	LAM.4.13	2
6:13	EZK.22.12	2
6:13	EZK.33.31	2
6:13	MIC.2.1-MIC.2.2	2
6:13	LUK.16.14	2
6:13	1TI.3.3	2
6:13	2PE.2.3	2
6:13	2PE.2.14-2PE.2.15	2
6:14	EZK.13.10	16
6:14	JER.23.17	12
6:14	JER.4.10	8
6:14	LAM.2.14	7
6:14	JER.14.13	6
6:14	JER.8.11-JER.8.12	5
6:14	MIC.2.11	4
6:14	2PE.2.18-2PE.2.19	4
6:14	ISA.30.26	3
6:14	JER.5.12	3
6:14	2PE.2.1	3
6:14	JER.14.17	2
6:14	EZK.13.22	2
6:14	ISA.1.6	1
6:14	JER.28.3	1
6:15	JER.8.12	8
6:15	MAT.15.14	7
6:15	JER.3.3	5
6:15	PHP.3.19	4
6:15	EXO.32.34	2
6:15	PRO.29.1	2
6:15	ISA.3.9	2
6:15	ISA.10.4	2
6:15	JER.5.9	2
6:15	JER.5.29	2
6:15	JER.23.12	2
6:15	EZK.2.4	2
6:15	EZK.7.6-EZK.7.9	2
6:15	EZK.14.9-EZK.14.10	2
6:15	EZK.16.24-EZK.16.25	2
6:15	EZK.24.7	2
6:15	HOS.9.7	2
6:15	MIC.3.6	2
6:15	MIC.7.4	2
6:15	ZEP.3.5	2
6:16	ISA.30.21	103
6:16	DEU.32.7	90
6:16	JER.18.15	84
6:16	MAT.11.28-MAT.11.29	65
6:16	JER.7.23	63
6:16	COL.2.6	44
6:16	ISA.2.5	42
6:16	JER.18.12	27
6:16	JHN.12.35	27
6:16	JER.22.21	24
6:16	HEB.11.2-HEB.12.1	23
6:16	JER.44.16	20
6:16	MAL.4.4	20
6:16	JHN.13.17	20
6:16	LUK.16.29	18
6:16	HEB.6.12	18
6:16	ISA.8.20	16
6:16	ISA.28.12	16
6:16	JHN.5.39	16
6:16	MAT.21.28-MAT.21.32	15
6:16	ROM.4.1-ROM.4.6	15
6:16	SNG.1.7-SNG.1.8	14
6:16	ACT.17.11	14
6:16	JHN.5.46-JHN.5.47	13
6:16	ROM.4.12	12
6:16	JER.2.25	11
6:17	JER.25.4	9
6:17	ISA.58.1	7
6:17	ISA.21.11	5
6:17	ZEC.7.11	5
6:17	ISA.56.10	4
6:17	HAB.2.1	4
6:17	EZK.3.17-EZK.3.21	3
6:17	EZK.33.2-EZK.33.9	3
6:17	HOS.8.1	3
6:17	AMO.3.6-AMO.3.8	3
6:17	ACT.20.27-ACT.20.31	3
6:17	HEB.13.17	3
6:18	DEU.29.24-DEU.29.28	2
6:18	PSA.50.4-PSA.50.6	2
6:18	ISA.5.3	2
6:18	JER.4.10	2
6:18	JER.31.10	2
6:18	MIC.6.5	2
6:19	ISA.1.2	7
6:19	JER.8.9	5
6:19	JER.17.10	5
6:19	ACT.8.22	5
6:19	JER.6.10	4
6:19	JER.22.29	4
6:19	HOS.4.6	4
6:19	HOS.10.13	4
6:19	MIC.6.2	4
6:19	JHN.3.19-JHN.3.21	4
6:19	JHN.12.48	4
6:19	ISA.66.18	3
6:19	JER.19.15	3
6:19	DEU.4.26	2
6:19	DEU.30.19	2
6:19	DEU.32.1	2
6:19	1SA.15.23	2
6:19	1SA.15.26	2
6:19	PRO.1.24-PRO.1.31	2
6:19	PRO.15.26	2
6:19	PRO.28.9	2
6:19	ISA.59.7	2
6:19	JER.4.4	1
6:20	ISA.1.11	9
6:20	AMO.5.21-AMO.5.22	5
6:20	MIC.6.6-MIC.6.8	5
6:20	PSA.40.6	4
6:20	EXO.30.23	3
6:20	PSA.50.7-PSA.50.13	3
6:20	ISA.43.23-ISA.43.24	3
6:20	ISA.60.6	3
6:20	ISA.66.3	3
6:20	JER.7.21-JER.7.23	3
6:20	1KI.10.1-1KI.10.2	2
6:20	1KI.10.10	2
6:20	PSA.50.16-PSA.50.17	2
6:20	PSA.66.3	2
6:20	EZK.20.39	2
6:20	EZK.27.22	2
6:21	ISA.8.14	5
6:21	JER.13.16	4
6:21	EZK.3.20	4
6:21	ISA.9.14-ISA.9.17	3
6:21	2CH.36.17	2
6:21	ISA.24.2-ISA.24.3	2
6:21	JER.9.21-JER.9.22	2
6:21	JER.15.2-JER.15.9	2
6:21	JER.16.3-JER.16.9	2
6:21	JER.18.21	2
6:21	JER.19.7-JER.19.9	2
6:21	JER.21.7	2
6:21	LAM.2.20-LAM.2.22	2
6:21	EZK.5.10	2
6:21	EZK.9.5-EZK.9.7	2
6:21	ROM.9.33	2
6:21	ROM.11.9	2
6:21	1PE.2.8	2
6:22	JER.10.22	4
6:22	JER.50.41-JER.50.43	4
6:22	JER.1.14-JER.1.15	2
6:22	JER.5.15	2
6:22	JER.6.1	2
6:22	JER.25.9	2
6:23	ISA.13.18	7
6:23	JER.50.42	3
6:23	ISA.5.26-ISA.5.30	2
6:23	ISA.19.4	2
6:23	JER.4.13	2
6:23	JER.4.29	2
6:23	JER.5.16	2
6:23	JER.30.14	2
6:23	EZK.23.22-EZK.23.25	2
6:23	HAB.1.6-HAB.1.10	2
6:23	LUK.21.25-LUK.21.26	2
6:24	JER.4.31	4
6:24	JER.49.24	4
6:24	JER.50.43	4
6:24	ISA.21.3	3
6:24	ISA.28.19	3
6:24	JER.4.19-JER.4.21	3
6:24	JER.13.21	3
6:24	JER.30.6	3
6:24	PSA.48.6	2
6:24	PRO.1.27-PRO.1.28	2
6:24	JER.4.6-JER.4.9	2
6:24	JER.22.23	2
6:24	EZK.21.6-EZK.21.7	2
6:24	MIC.4.9-MIC.4.10	2
6:24	HAB.3.16	2
6:24	1TH.5.3	2
6:25	JER.49.29	4
6:25	JOB.18.11	3
6:25	PSA.31.13	3
6:25	JER.14.18	3
6:25	JER.20.10	3
6:25	JDG.5.6-JDG.5.7	2
6:25	2CH.15.5	2
6:25	ISA.1.20	2
6:25	JER.4.5	2
6:25	JER.4.10	2
6:25	JER.8.14	2
6:25	JER.20.3-JER.20.4	2
6:25	LUK.19.43	2
6:26	JER.4.8	5
6:26	ZEC.12.10	5
6:26	ISA.22.4	2
6:26	ISA.22.12	2
6:26	ISA.30.13	2
6:26	ISA.32.11	2
6:26	JER.4.11	2
6:26	JER.4.20	2
6:26	JER.6.14	2
6:26	JER.8.19	2
6:26	JER.8.21-JER.9.1	2
6:26	JER.9.10	2
6:26	JER.9.17-JER.9.22	2
6:26	JER.12.12	2
6:26	JER.13.17	2
6:26	JER.14.17	2
6:26	JER.15.8	2
6:26	JER.25.33-JER.25.34	2
6:26	LAM.1.2	2
6:26	LAM.1.16	2
6:26	LAM.2.11	2
6:26	LAM.3.48	2
6:26	LAM.4.3	2
6:26	LAM.4.6	2
6:26	LAM.4.10	2
6:26	EZK.7.16-EZK.7.18	2
6:26	EZK.27.30-EZK.27.31	2
6:26	AMO.8.10	2
6:26	MIC.1.8-MIC.1.10	2
6:26	LUK.7.12	2
6:26	JAS.4.9	2
6:26	JAS.5.1	2
6:27	JER.1.18	6
6:27	JER.15.20	5
6:27	JER.9.7	2
6:27	EZK.3.8-EZK.3.10	2
6:27	EZK.20.4	2
6:27	EZK.22.2	2
6:28	JER.9.4	6
6:28	JER.5.23	5
6:28	JER.18.18	3
6:28	EZK.22.18-EZK.22.22	3
6:28	PSA.50.20	2
6:28	ISA.1.4-ISA.1.5	2
6:28	ISA.31.6	2
6:28	JER.6.30	2
6:28	JER.20.10	2
6:28	REV.11.18	2
6:28	REV.19.2	2
6:29	PRO.17.3	2
6:29	ISA.49.4	2
6:29	JER.9.7	2
6:29	EZK.24.13	2
6:29	HOS.11.7	2
6:29	ZEC.13.9	2
6:29	MAL.3.2-MAL.3.3	2
6:29	1PE.4.12	2
6:29	1PE.1.7	1
6:30	HOS.9.17	5
6:30	PSA.119.119	4
6:30	ISA.1.22	4
6:30	ISA.1.25	3
6:30	PRO.25.4	2
6:30	JER.7.29	2
6:30	JER.14.19	2
6:30	LAM.5.22	2
6:30	EZK.22.18-EZK.22.19	2
6:30	MAT.5.13	2
6:30	ROM.11.1	2
7:2	JER.26.2	8
7:2	REV.3.22	5
7:2	ISA.1.10	4
7:2	JER.22.1-JER.22.2	4
7:2	EZK.2.4-EZK.2.5	4
7:2	AMO.7.16	4
7:2	1KI.22.19	3
7:2	PRO.1.20-PRO.1.21	3
7:2	PRO.8.2-PRO.8.3	3
7:2	JER.2.4	3
7:2	JER.10.1	3
7:2	JER.17.19-JER.17.20	3
7:2	JER.19.2-JER.19.3	3
7:2	JER.19.14	3
7:2	JER.34.4	3
7:2	JER.44.24	3
7:2	HOS.5.1	3
7:2	MIC.1.2	3
7:2	JER.36.6	2
7:2	JER.36.10	2
7:2	JHN.18.20	2
7:2	ACT.5.20	2
7:2	ACT.5.42	2
7:2	MIC.3.1	1
7:2	MIC.3.9	1
7:2	MAT.13.9	1
7:2	REV.2.7	1
7:2	REV.2.11	1
7:2	REV.2.17	1
7:2	REV.2.29	1
7:2	REV.3.13	1
7:2	REV.3.6	0
7:3	JER.18.11	7
7:3	JER.26.13	6
7:3	PRO.28.13	5
7:3	ISA.1.16-ISA.1.19	4
7:3	ISA.55.7	4
7:3	JER.7.5-JER.7.7	3
7:3	EZK.18.30-EZK.18.31	3
7:3	EZK.33.4-EZK.33.11	3
7:3	MAT.3.8-MAT.3.10	3
7:3	JER.35.15	2
7:3	JAS.4.8	2
7:4	MIC.3.11	8
7:4	ZEP.3.11	5
7:4	MAT.3.9-MAT.3.10	5
7:4	JER.29.31	4
7:4	EZK.13.19	4
7:4	1SA.4.3-1SA.4.4	3
7:4	JER.6.14	3
7:4	JER.7.8-JER.7.12	3
7:4	JER.28.15	3
7:4	LUK.3.8	3
7:4	JER.29.23	2
7:5	1KI.6.12-1KI.6.13	3
7:5	ISA.1.19	3
7:5	JER.4.1-JER.4.2	3
7:5	JER.7.3	3
7:5	ISA.16.3	2
7:5	JER.22.3	2
7:5	EZK.18.8	2
7:5	EZK.18.17	2
7:5	JDG.21.12	1
7:6	EXO.22.21-EXO.22.24	7
7:6	DEU.8.19	6
7:6	JER.13.10	6
7:6	ZEC.7.9-ZEC.7.12	6
7:6	DEU.11.28	5
7:6	DEU.6.14-DEU.6.15	4
7:6	JER.2.34	4
7:6	DEU.24.17	3
7:6	DEU.27.19	3
7:6	PSA.82.3-PSA.82.4	3
7:6	ISA.59.7	3
7:6	JER.19.4	3
7:6	JER.22.3-JER.22.4	3
7:6	MAL.3.5	3
7:6	MAT.23.35-MAT.23.37	3
7:6	JAS.1.27	3
7:6	2KI.21.6	2
7:6	2KI.24.4	2
7:6	JOB.31.13-JOB.31.22	2
7:6	PSA.106.38	2
7:6	JER.2.30	2
7:6	JER.7.5	2
7:6	JER.22.15-JER.22.17	2
7:6	JER.26.15	2
7:6	JER.26.23	2
7:6	LAM.4.13	2
7:6	EZK.18.6	2
7:6	EZK.22.3-EZK.22.6	2
7:6	MAT.27.4	2
7:6	MAT.27.25	2
7:7	DEU.4.40	7
7:7	JER.25.5	5
7:7	JER.3.18	4
7:7	JER.18.7-JER.18.8	4
7:7	2CH.33.8	3
7:7	JER.17.20-JER.17.27	1
7:8	ISA.28.15	4
7:8	ISA.30.10	2
7:8	JER.4.10	2
7:8	JER.5.31	2
7:8	JER.7.4	2
7:8	JER.8.10	2
7:8	JER.14.13-JER.14.14	2
7:8	JER.23.14-JER.23.16	2
7:8	JER.23.26	2
7:8	JER.23.32	2
7:8	EZK.13.6-EZK.13.16	2
7:9	EXO.20.3	5
7:9	JER.7.6	5
7:9	JER.11.13	4
7:9	JER.11.17	4
7:9	JAS.4.1-JAS.4.4	4
7:9	1KI.18.21	3
7:9	ROM.2.2	3
7:9	GAL.5.19-GAL.5.21	3
7:9	REV.22.15	3
7:9	DEU.32.17	2
7:9	JDG.5.8	2
7:9	PSA.50.16-PSA.50.21	2
7:9	ISA.59.1-ISA.59.8	2
7:9	JER.9.2-JER.9.9	2
7:9	JER.13.10	2
7:9	JER.32.29	2
7:9	JER.44.3	2
7:9	EZK.18.10-EZK.18.13	2
7:9	EZK.18.18	2
7:9	EZK.33.25-EZK.33.26	2
7:9	HOS.4.1-HOS.4.3	2
7:9	MIC.3.8-MIC.3.12	2
7:9	ZEP.1.5	2
7:9	ZEC.5.3-ZEC.5.4	2
7:9	MAL.3.5	2
7:9	ROM.2.17-ROM.2.29	2
7:9	1CO.6.9-1CO.6.10	2
7:9	EPH.5.5-EPH.5.7	2
7:9	2TI.3.2-2TI.3.5	2
7:9	REV.21.8	2
7:10	JER.32.34	6
7:10	EZK.23.37	4
7:10	EZK.23.39	4
7:10	JER.7.11	3
7:10	JER.7.14	3
7:10	JER.7.30	3
7:10	JER.34.15	3
7:10	2KI.21.4	2
7:10	2CH.33.4	2
7:10	2CH.33.7	2
7:10	PRO.7.14-PRO.7.15	2
7:10	ISA.1.10-ISA.1.15	2
7:10	ISA.48.2	2
7:10	ISA.58.2-ISA.58.4	2
7:10	EZK.20.39	2
7:10	EZK.23.29	2
7:10	MAT.23.13	2
7:10	JHN.13.18	2
7:10	JHN.13.26-JHN.13.27	2
7:10	JHN.18.28	2
7:10	PRO.15.8	1
7:10	EZK.33.31	1
7:11	ISA.56.7	10
7:11	LUK.19.45-LUK.19.46	10
7:11	MAT.21.13	9
7:11	MRK.11.17	8
7:11	2CH.6.33	6
7:11	JHN.2.16	5
7:11	JER.23.24	4
7:11	JER.2.34	3
7:11	JER.16.16-JER.16.17	3
7:11	JER.29.23	3
7:11	HEB.4.13	3
7:11	REV.2.18-REV.2.19	3
7:12	JOS.18.1	7
7:12	1SA.4.10-1SA.4.11	7
7:12	JER.26.6	7
7:12	JDG.18.31	5
7:12	PSA.78.60-PSA.78.64	5
7:12	1SA.4.22	4
7:12	DEU.12.11	3
7:12	1SA.1.3	3
7:12	1SA.4.3-1SA.4.4	3
7:12	DEU.12.5	2
7:13	ISA.65.12	7
7:13	2CH.36.15-2CH.36.16	5
7:13	PRO.1.24	5
7:13	JER.7.25	5
7:13	HOS.11.2	4
7:13	ZEC.7.13	4
7:13	NEH.9.29-NEH.9.30	3
7:13	ISA.50.2	3
7:13	ISA.66.4	3
7:13	JER.11.7	3
7:13	JER.25.3	3
7:13	JER.35.15	3
7:13	JER.35.17	3
7:13	JER.44.4	3
7:13	HOS.11.7	3
7:13	MAT.23.37	3
7:14	2KI.25.9	5
7:14	PSA.78.60	5
7:14	JER.7.4	4
7:14	DEU.28.52	3
7:14	JER.7.10	3
7:14	DEU.12.5	2
7:14	1SA.4.10-1SA.4.11	2
7:14	1KI.9.7-1KI.9.8	2
7:14	2CH.7.21	2
7:14	2CH.36.18-2CH.36.19	2
7:14	PSA.74.6-PSA.74.8	2
7:14	ISA.64.11	2
7:14	JER.7.12	2
7:14	JER.26.6-JER.26.9	2
7:14	JER.26.18	2
7:14	JER.52.13-JER.52.23	2
7:14	LAM.2.7	2
7:14	LAM.4.1	2
7:14	EZK.7.20-EZK.7.22	2
7:14	EZK.9.5-EZK.9.7	2
7:14	EZK.24.21	2
7:14	MIC.3.11-MIC.3.12	2
7:14	MAT.24.1-MAT.24.2	2
7:14	ACT.6.13-ACT.6.14	2
7:15	JER.15.1	4
7:15	2KI.17.23	3
7:15	JER.52.3	3
7:15	HOS.9.16-HOS.9.17	3
7:15	HOS.13.16	3
7:15	2KI.17.18-2KI.17.20	2
7:15	2KI.24.20	2
7:15	2CH.15.9	2
7:15	PSA.78.67-PSA.78.68	2
7:15	JER.3.8	2
7:15	JER.23.39	2
7:15	HOS.1.4	2
7:15	HOS.9.3	2
7:15	HOS.9.9	2
7:15	HOS.12.1	2
7:16	JER.11.14	11
7:16	JER.14.11-JER.14.12	10
7:16	ISA.1.15	8
7:16	JER.15.1	8
7:16	EZK.14.14-EZK.14.20	7
7:16	EXO.32.10	6
7:16	JER.18.20	5
7:16	MIC.3.4	5
7:16	DEU.9.14	4
7:16	1JN.5.16	4
7:17	EZK.8.6-EZK.8.18	4
7:17	EZK.14.23	4
7:17	JER.6.27	3
7:18	JER.19.13	6
7:18	JER.44.17-JER.44.19	5
7:18	1KI.14.9	3
7:18	1CO.10.22	3
7:18	DEU.4.19	2
7:18	DEU.32.16	2
7:18	DEU.32.21	2
7:18	DEU.32.37-DEU.32.38	2
7:18	1KI.16.2	2
7:18	JER.11.17	2
7:18	JER.25.7	2
7:18	JER.32.29	2
7:18	JOB.31.26-JOB.31.28	1
7:18	PSA.16.4	1
7:18	ISA.3.8	1
7:18	ISA.57.6	1
7:18	ISA.65.3	1
7:18	ISA.65.11	1
7:18	JER.44.25	1
7:18	EZK.20.28	1
7:19	JOB.35.6	3
7:19	JER.2.19	3
7:19	JER.9.19	3
7:19	JER.20.11	3
7:19	EZK.8.17-EZK.8.18	3
7:19	DAN.9.7-DAN.9.8	3
7:19	1CO.10.22	3
7:19	DEU.32.16	2
7:19	DEU.32.21-DEU.32.22	2
7:19	EZR.9.7	2
7:19	ISA.1.20	2
7:19	ISA.1.24	2
7:19	ISA.45.16	2
7:19	JER.2.17	1
7:20	JER.42.18	6
7:20	ISA.42.25	5
7:20	JER.17.27	5
7:20	LAM.2.3-LAM.2.5	5
7:20	JER.44.6	4
7:20	LAM.4.11	4
7:20	EZK.22.22	4
7:20	NAM.1.6	4
7:20	2KI.22.17	3
7:20	ISA.66.24	3
7:20	JER.4.23-JER.4.26	3
7:20	REV.16.1-REV.16.21	3
7:20	JER.9.10-JER.9.11	2
7:20	JER.12.4	2
7:20	JER.14.16	2
7:20	EZK.20.47-EZK.20.48	2
7:20	DAN.9.11	2
7:20	MAL.4.1	2
7:20	MRK.9.43-MRK.9.48	2
7:20	REV.14.10	2
7:21	HOS.8.13	6
7:21	JER.6.20	5
7:21	ISA.1.11-ISA.1.15	3
7:21	AMO.5.21-AMO.5.23	3
7:22	HOS.6.6	14
7:22	1SA.15.22	12
7:22	PSA.51.16-PSA.51.17	11
7:22	MAT.9.13	10
7:22	PSA.40.6	9
7:22	PSA.50.8-PSA.50.17	9
7:22	MRK.12.33	8
7:23	EXO.15.26	29
7:23	DEU.5.33	21
7:23	EXO.19.5-EXO.19.6	19
7:23	JER.42.6	15
7:23	HEB.5.9	15
7:23	DEU.6.3	12
7:23	DEU.13.4	11
7:23	DEU.30.20	11
7:23	JER.11.4	10
7:23	DEU.5.29	9
7:23	2CO.10.5	8
7:23	DEU.30.2	7
7:23	DEU.30.8	6
7:23	JER.11.7	6
7:23	LEV.26.3-LEV.26.12	5
7:23	DEU.4.10	5
7:23	DEU.5.16	5
7:23	DEU.11.27	5
7:23	ROM.16.26	5
7:23	JER.31.33	4
7:24	PSA.81.11-PSA.81.12	7
7:24	DEU.29.19	5
7:24	JER.7.26	5
7:24	JER.8.5	5
7:24	JER.32.33	4
7:24	EZK.20.13	4
7:24	EXO.32.7-EXO.32.8	3
7:24	NEH.9.29	3
7:24	JER.2.27	3
7:24	JER.3.17	3
7:24	JER.11.7-JER.11.8	3
7:24	JER.15.6	3
7:24	EZK.20.8	3
7:24	EZK.20.21	3
7:24	HOS.4.16	3
7:24	NEH.9.16-NEH.9.20	2
7:24	PSA.106.7-PSA.106.48	2
7:24	JER.23.17	2
7:24	EZK.20.16	2
7:25	2CH.36.15	5
7:25	JER.25.4	5
7:25	NEH.9.26	4
7:25	JER.7.13	3
7:25	EZK.2.3	3
7:25	MAT.21.34-MAT.21.36	3
7:25	LUK.20.10-LUK.20.12	3
7:25	DEU.9.7	2
7:25	DEU.9.21-DEU.9.24	2
7:25	1SA.8.7-1SA.8.8	2
7:25	EZR.9.7	2
7:25	NEH.9.16-NEH.9.18	2
7:25	NEH.9.30	2
7:25	PSA.106.13-PSA.106.22	2
7:25	JER.32.30-JER.32.31	2
7:25	EZK.20.5-EZK.20.32	2
7:25	EZK.23.2-EZK.23.3	2
7:26	JER.16.12	5
7:26	2CH.30.8	4
7:26	JER.7.24	3
7:26	JER.17.23	3
7:26	JER.19.15	3
7:26	MAT.23.32	3
7:26	2KI.17.14	2
7:26	2CH.33.10	2
7:26	NEH.9.16-NEH.9.17	2
7:26	NEH.9.29	2
7:26	PRO.29.1	2
7:26	ISA.48.4	2
7:26	JER.6.17	2
7:26	JER.11.8	2
7:26	JER.25.3	2
7:26	JER.25.7	2
7:26	JER.26.5	2
7:26	JER.29.19	2
7:26	JER.34.14	2
7:26	JER.44.16	2
7:26	DAN.9.6	2
7:26	MAT.21.38	2
7:26	ACT.7.51	2
7:26	ROM.2.5	2
7:27	ISA.50.2	3
7:27	ISA.65.12	3
7:27	JER.1.7	3
7:27	JER.26.2	3
7:27	ZEC.7.13	3
7:27	ISA.6.9-ISA.6.10	2
7:27	JER.1.19	2
7:27	EZK.2.4-EZK.2.7	2
7:27	EZK.3.4-EZK.3.11	2
7:27	EZK.3.17-EZK.3.18	2
7:27	ACT.20.27	2
7:28	ISA.59.14-ISA.59.15	5
7:28	PRO.1.7	3
7:28	ISA.1.4-ISA.1.5	3
7:28	JER.32.33	3
7:28	ZEP.3.2	3
7:28	PSA.50.17	2
7:28	JER.2.30	2
7:28	JER.5.1	2
7:28	JER.5.3	2
7:28	JER.6.8	2
7:28	JER.6.29-JER.6.30	2
7:28	JER.9.3-JER.9.8	2
7:28	HOS.4.1	2
7:28	MIC.7.2-MIC.7.5	2
7:28	ZEP.3.7	2
7:29	JOB.1.20	5
7:29	JER.6.30	4
7:29	MIC.1.16	4
7:29	JER.16.6	3
7:29	DEU.32.5	2
7:29	2KI.17.20	2
7:29	ISA.15.2-ISA.15.3	2
7:29	JER.9.17-JER.9.21	2
7:29	JER.47.5	2
7:29	JER.48.37	2
7:29	EZK.19.1	2
7:29	EZK.28.12	2
7:29	ZEC.11.8-ZEC.11.9	2
7:29	MAT.3.7	2
7:29	MAT.12.39	2
7:29	MAT.16.4	2
7:29	MAT.23.36	2
7:29	ACT.2.40	2
7:30	JER.32.34	5
7:30	EZK.7.20	5
7:30	DAN.9.27	4
7:30	2KI.21.4	3
7:30	2KI.21.7	3
7:30	2CH.33.4-2CH.33.5	3
7:30	2CH.33.7	3
7:30	2KI.23.4-2KI.23.6	2
7:30	2KI.23.12	2
7:30	2CH.33.15	2
7:30	JER.23.11	2
7:30	EZK.8.5-EZK.8.17	2
7:30	EZK.43.7-EZK.43.8	2
7:31	2KI.23.10	7
7:31	LEV.18.21	6
7:31	2KI.17.17	6
7:31	JER.32.35	6
7:31	LEV.20.1-LEV.20.5	5
7:31	DEU.12.31	5
7:31	2CH.28.3	5
7:31	PSA.106.37-PSA.106.38	5
7:31	JER.19.5-JER.19.6	5
7:31	EZK.16.20	5
7:31	2CH.33.6	4
7:31	DEU.17.3	3
7:31	2KI.23.20	2
7:31	JER.19.2	2
7:31	JOS.15.8	1
7:32	JER.19.11	6
7:32	JER.19.6	5
7:32	2KI.23.10	3
7:32	LEV.26.30	2
7:32	JER.7.31	2
7:32	JER.19.13	2
7:32	EZK.6.5-EZK.6.7	2
7:33	DEU.28.26	5
7:33	JER.12.9	5
7:33	REV.19.17-REV.19.18	3
7:33	PSA.79.2-PSA.79.3	2
7:33	JER.8.1-JER.8.2	2
7:33	JER.9.22	2
7:33	JER.16.4	2
7:33	JER.19.7	2
7:33	JER.22.19	2
7:33	JER.25.33	2
7:33	JER.34.20	2
7:33	EZK.39.4	2
7:33	EZK.39.18-EZK.39.20	2
7:34	EZK.26.13	6
7:34	HOS.2.11	6
7:34	REV.18.23	6
7:34	JER.25.10	5
7:34	LEV.26.33	4
7:34	ISA.1.7	4
7:34	ISA.24.7-ISA.24.8	4
7:34	ISA.3.26	3
7:34	JER.4.27	3
7:34	JER.16.9	3
7:34	MIC.7.13	3
7:34	ISA.6.11	2
7:34	JER.33.10	2
8:1	EZK.6.5	4
8:1	1KI.13.2	2
8:1	2KI.23.16	2
8:1	2KI.23.20	2
8:1	2CH.34.4-2CH.34.5	2
8:1	JER.7.32-JER.7.34	2
8:1	EZK.37.1	2
8:1	AMO.2.1	2
8:2	DEU.4.19	5
8:2	2KI.23.5	5
8:2	JER.9.22	4
8:2	ZEP.1.5	4
8:2	ACT.7.42	4
8:2	2KI.21.3	3
8:2	PSA.83.10	3
8:2	JER.16.4	3
8:2	JER.19.13	3
8:2	JER.22.19	3
8:2	JER.36.30	3
8:2	EZK.8.16	3
8:2	DEU.17.3	2
8:2	2KI.9.36-2KI.9.37	2
8:2	2KI.17.16	2
8:2	2KI.21.5	2
8:2	2CH.33.3-2CH.33.5	2
8:2	ECC.6.3	2
8:2	JER.44.17-JER.44.19	2
8:2	ZEP.1.17	2
8:3	REV.9.6	9
8:3	JER.29.14	6
8:3	JER.23.3	5
8:3	JER.23.8	5
8:3	DEU.30.4	4
8:3	JOB.7.15-JOB.7.16	4
8:3	DEU.30.1	3
8:3	DAN.9.7	3
8:3	JON.4.3	3
8:3	1KI.19.4	2
8:3	JOB.3.20-JOB.3.22	2
8:3	JER.20.14-JER.20.18	2
8:3	JER.29.28	2
8:3	JER.32.36-JER.32.37	2
8:3	JER.40.12	2
8:3	REV.6.16	2
8:4	PRO.24.16	12
8:4	MIC.7.8	8
8:4	ISA.55.7	7
8:4	JER.3.1	7
8:4	HOS.6.1	7
8:4	EZK.18.23	6
8:4	HOS.7.10	6
8:4	HOS.14.1	6
8:4	AMO.5.2	6
8:4	1KI.8.38	5
8:4	ISA.44.22	5
8:4	JER.23.14	5
8:4	JER.4.1	4
8:4	JER.36.3	3
8:4	JER.3.22	2
8:5	JER.9.6	9
8:5	JER.5.3	6
8:5	ZEC.7.11	6
8:5	HOS.11.7	4
8:5	JHN.5.40	4
8:5	HEB.12.25	4
8:5	ISA.30.10	3
8:5	ISA.44.20	3
8:5	JER.5.27	3
8:5	2TH.2.9-2TH.2.12	3
8:5	HOS.4.16	2
8:5	1TH.5.21	2
8:5	REV.2.25	2
8:5	PRO.4.13	1
8:5	ISA.1.20	1
8:5	JER.2.32	1
8:5	JER.3.11-JER.3.14	1
8:5	JER.7.24-JER.7.26	1
8:6	PSA.14.2	10
8:6	EZK.18.28	5
8:6	ISA.30.18	4
8:6	LUK.15.17-LUK.15.19	4
8:6	2PE.3.9	4
8:6	JOB.39.19-JOB.39.25	3
8:6	JER.5.1	3
8:6	MIC.7.2	3
8:6	MAL.3.16	3
8:6	JOB.33.27-JOB.33.28	2
8:6	ISA.59.16	2
8:6	JER.2.24-JER.2.25	2
8:6	EZK.22.30	2
8:6	HAG.1.5	2
8:6	HAG.1.7	2
8:6	REV.9.20	2
8:6	JOB.10.2	1
8:7	ISA.1.3	11
8:7	JER.5.4-JER.5.5	5
8:7	PRO.6.6-PRO.6.8	4
8:7	ISA.5.12	4
8:7	SNG.2.12	3
8:8	ISA.10.1-ISA.10.2	7
8:8	JHN.9.41	7
8:8	JOB.5.12-JOB.5.13	6
8:8	MAT.15.6	5
8:8	ROM.1.22	5
8:8	1CO.3.18-1CO.3.20	5
8:8	JOB.12.20	4
8:8	PSA.147.19	4
8:8	JOB.11.12	3
8:8	HOS.8.12	3
8:8	ROM.2.17-ROM.2.29	3
8:8	PRO.17.6	2
8:9	PSA.119.98-PSA.119.100	6
8:9	JOB.5.12	5
8:9	JER.6.15	5
8:9	DEU.4.6	4
8:9	PSA.19.7	4
8:9	ISA.19.11	4
8:9	JER.6.19	4
8:9	1CO.1.18-1CO.1.29	4
8:9	ISA.8.20	3
8:9	JER.49.7	3
8:9	EZK.7.26	3
8:9	2TI.3.15	3
8:10	JER.6.12-JER.6.13	6
8:10	EZK.33.31	4
8:10	DEU.28.30-DEU.28.32	3
8:10	ISA.28.7	3
8:10	ISA.56.10-ISA.56.12	3
8:10	JER.23.11-JER.23.17	3
8:10	EZK.22.27-EZK.22.28	3
8:10	AMO.5.11	3
8:10	ZEP.1.13	3
8:10	TIT.1.11	3
8:10	JER.5.31	2
8:10	JER.23.25-JER.23.26	2
8:10	JER.32.32	2
8:10	LAM.4.13	2
8:10	MIC.3.5	2
8:10	MIC.3.11	2
8:10	TIT.1.7	2
8:10	2PE.2.1-2PE.2.3	2
8:11	JER.6.14	7
8:11	EZK.13.10-EZK.13.16	3
8:11	1KI.22.6	2
8:11	1KI.22.13	2
8:11	JER.14.14-JER.14.15	2
8:11	JER.27.9-JER.27.10	2
8:11	JER.28.3-JER.28.9	2
8:11	LAM.2.14	2
8:11	EZK.13.22	1
8:11	MIC.2.11	1
8:12	JER.3.3	5
8:12	DEU.32.35	4
8:12	PSA.52.7	4
8:12	ISA.3.9	4
8:12	JER.6.15	4
8:12	PSA.52.1	3
8:12	ZEP.3.5	3
8:12	ISA.9.13-ISA.9.17	2
8:12	ISA.24.2	2
8:12	EZK.22.25-EZK.22.31	2
8:12	HOS.4.5-HOS.4.6	2
8:12	HOS.5.9	2
8:12	PHP.3.19	2
8:13	MAT.21.19	7
8:13	JOL.1.7	5
8:13	PSA.1.3-PSA.1.4	4
8:13	JER.17.8	4
8:13	HAG.2.17	3
8:13	LEV.26.20	2
8:13	DEU.28.39-DEU.28.42	2
8:13	ISA.5.4-ISA.5.6	2
8:13	ISA.5.10	2
8:13	ISA.24.21-ISA.24.22	2
8:13	JER.5.17	2
8:13	EZK.22.19-EZK.22.21	2
8:13	EZK.24.3-EZK.24.11	2
8:13	HOS.2.8-HOS.2.9	2
8:13	JOL.1.10-JOL.1.12	2
8:13	HAB.3.17	2
8:13	LUK.13.6-LUK.13.9	2
8:13	JAS.1.11	2
8:13	HAG.1.11	1
8:14	JER.23.15	6
8:14	JER.9.15	5
8:14	PSA.69.21	4
8:14	JER.35.11	4
8:14	LAM.3.19	4
8:14	DEU.29.18	3
8:14	DEU.32.32	3
8:14	2SA.20.6	3
8:14	MAT.27.34	3
8:14	LEV.10.3	2
8:14	NUM.5.18-NUM.5.24	2
8:14	2KI.7.3-2KI.7.4	2
8:14	PSA.39.2	2
8:14	JER.4.5-JER.4.6	2
8:14	JER.14.20	2
8:14	LAM.3.27-LAM.3.28	2
8:14	AMO.6.10	2
8:14	HAB.2.20	2
8:14	ZEC.2.13	2
8:15	JER.14.19	6
8:15	MIC.1.12	3
8:15	1TH.5.3	3
8:15	JER.4.10	2
8:15	JER.8.11	2
8:16	JDG.5.22	4
8:16	JDG.18.29	4
8:16	1CO.10.28	4
8:16	JER.4.15-JER.4.16	3
8:16	JDG.20.1	2
8:16	PSA.24.1	2
8:16	JER.4.24	2
8:16	JER.6.23	2
8:16	JER.10.25	2
8:16	JER.47.3	2
8:16	NAM.1.4-NAM.1.5	2
8:16	NAM.3.2	2
8:16	HAB.3.10	2
8:16	1CO.10.26	2
8:17	PSA.58.4-PSA.58.5	5
8:17	ECC.10.11	5
8:17	DEU.32.24	4
8:17	NUM.21.6	3
8:17	ISA.14.29	3
8:17	AMO.5.19	2
8:17	AMO.9.3	2
8:17	REV.9.19	2
8:18	ISA.22.4	3
8:18	JER.6.24	3
8:18	LAM.1.16-LAM.1.17	3
8:18	LAM.5.17	3
8:18	JOB.7.13-JOB.7.14	2
8:18	JER.10.19-JER.10.22	2
8:18	DAN.10.16-DAN.10.17	2
8:18	HAB.3.16	2
8:19	ISA.39.3	4
8:19	ISA.13.5	3
8:19	REV.2.1	3
8:19	DEU.32.16-DEU.32.21	2
8:19	PSA.135.21	2
8:19	PSA.146.10	2
8:19	PSA.149.2	2
8:19	ISA.12.6	2
8:19	ISA.33.22	2
8:19	ISA.52.1	2
8:19	JER.4.16-JER.4.17	2
8:19	JER.4.30-JER.4.31	2
8:19	JER.8.5-JER.8.6	2
8:19	JER.14.19	2
8:19	JER.31.6	2
8:19	JOL.2.32	2
8:19	JOL.3.21	2
8:19	OBA.1.17	2
8:19	ISA.1.4	1
8:19	JER.9.16	1
8:20	PRO.10.5	5
8:20	MAT.25.1-MAT.25.12	5
8:20	LUK.13.25	5
8:20	LUK.19.44	3
8:20	HEB.3.7-HEB.3.15	2
8:21	JER.14.17	5
8:21	JOL.2.6	4
8:21	NAM.2.10	4
8:21	PSA.137.3-PSA.137.6	3
8:21	SNG.1.5-SNG.1.6	3
8:21	JER.4.19	2
8:21	JER.9.1	2
8:21	LUK.19.41	2
8:21	ROM.9.1-ROM.9.3	2
8:21	NEH.2.3	1
8:21	JER.17.16	1
8:22	JER.46.11	15
8:22	GEN.37.25	14
8:22	JER.51.8	13
8:22	JER.30.12-JER.30.17	10
8:22	LUK.8.43	8
8:22	LUK.5.31-LUK.5.32	6
8:22	GEN.43.11	4
8:22	ISA.1.5-ISA.1.6	2
8:22	MAT.9.11-MAT.9.12	2
9:1	JER.13.17	8
9:1	ISA.22.4	7
9:1	JER.8.21-JER.8.22	6
9:1	LAM.2.11	6
9:1	JER.6.26	3
9:1	PSA.42.3	2
9:1	PSA.119.136	2
9:1	ISA.16.9	2
9:1	JER.14.17	2
9:1	LAM.2.18-LAM.2.19	2
9:1	LAM.3.48-LAM.3.49	2
9:1	EZK.21.6-EZK.21.7	2
9:1	JER.4.19	1
9:2	JER.5.7-JER.5.8	5
9:2	JER.23.10	5
9:2	HOS.4.2	4
9:2	JER.12.1	3
9:2	JER.12.6	3
9:2	HOS.7.4	3
9:2	PSA.55.6-PSA.55.8	2
9:2	PSA.120.5-PSA.120.7	2
9:2	EZK.22.10-EZK.22.11	2
9:2	HOS.5.7	2
9:2	HOS.6.7	2
9:2	MIC.7.1-MIC.7.7	2
9:2	ZEP.3.4	2
9:2	MAL.2.11	2
9:2	JAS.4.4	2
9:3	JER.4.22	7
9:3	JER.9.8	7
9:3	JDG.2.10	6
9:3	ISA.59.13-ISA.59.15	6
9:3	1SA.2.12	5
9:3	ROM.3.13	5
9:3	PSA.52.2-PSA.52.4	4
9:3	PSA.64.3-PSA.64.4	4
9:3	PSA.120.2-PSA.120.4	4
9:3	ISA.59.3-ISA.59.5	4
9:3	JER.7.26	4
9:3	JER.9.5	4
9:3	JER.22.16	4
9:3	HOS.4.1-HOS.4.3	4
9:3	MIC.7.3-MIC.7.5	4
9:3	MAT.10.31-MAT.10.33	4
9:3	MRK.8.38	4
9:3	JHN.8.54-JHN.8.55	4
9:3	JHN.17.3	4
9:3	ROM.1.16	4
9:3	ROM.1.28	4
9:3	2CO.4.4-2CO.4.6	4
9:3	PHP.1.28	4
9:3	2TI.3.13	4
9:3	JUD.1.3	4
9:3	REV.12.11	4
9:3	JER.31.34	3
9:4	MIC.7.5-MIC.7.6	8
9:4	PRO.26.24-PRO.26.25	7
9:4	PSA.12.2-PSA.12.3	6
9:4	LEV.19.16	5
9:4	PRO.10.18	5
9:4	PRO.25.18	5
9:4	JER.6.28	5
9:4	PSA.15.3	4
9:4	PRO.6.16	4
9:4	MAT.10.21	4
9:4	GEN.27.35-GEN.27.36	3
9:4	GEN.32.28	3
9:4	PRO.6.19	3
9:4	JER.12.6	3
9:4	EZK.22.9	3
9:4	1PE.2.1-1PE.2.2	3
9:4	PSA.55.11-PSA.55.12	2
9:4	MAT.10.17	2
9:4	MAT.10.34-MAT.10.35	2
9:4	LUK.21.16	2
9:4	1TH.4.6	2
9:5	JOB.15.5	4
9:5	ISA.57.10	4
9:5	ISA.59.13-ISA.59.15	4
9:5	MIC.6.12	4
9:5	HAB.2.13	4
9:5	JOB.11.3	3
9:5	PSA.7.14	3
9:5	PSA.50.19	3
9:5	PSA.64.3	3
9:5	PSA.140.3	3
9:5	PRO.4.16	3
9:5	ISA.5.18	3
9:5	ISA.41.6-ISA.41.7	3
9:5	ISA.44.12-ISA.44.14	3
9:5	JER.9.3	3
9:5	JER.9.8	3
9:5	EZK.24.12	3
9:5	MIC.6.3	3
9:5	EPH.4.25	3
9:5	1TI.4.2	3
9:5	GEN.19.11	2
9:6	JER.13.10	5
9:6	HOS.4.6	5
9:6	JOB.21.14-JOB.21.15	4
9:6	PRO.1.24	4
9:6	PRO.1.29	4
9:6	JER.5.27	4
9:6	JER.8.5	4
9:6	JER.11.19	4
9:6	JER.20.10	4
9:6	JHN.3.19-JHN.3.20	4
9:6	ROM.1.28	4
9:6	PSA.120.2-PSA.120.6	3
9:6	JER.18.18	3
9:6	1CO.15.34	3
9:7	ISA.1.25	8
9:7	ISA.48.10	6
9:7	JER.6.27	6
9:7	MAL.3.3	6
9:7	ZEC.13.9	5
9:7	HOS.11.8-HOS.11.9	4
9:7	1PE.1.7	4
9:7	1PE.4.12	4
9:7	JER.6.29-JER.6.30	3
9:7	EZK.22.18-EZK.22.22	3
9:7	2CH.36.15	2
9:7	JER.31.20	2
9:7	EZK.26.11-EZK.26.12	2
9:7	HOS.6.4-HOS.6.5	2
9:7	ZEC.1.14-ZEC.1.16	1
9:8	PSA.28.3	10
9:8	PRO.26.24-PRO.26.26	6
9:8	PSA.64.3-PSA.64.4	5
9:8	PSA.120.3	5
9:8	2SA.3.27	4
9:8	2SA.20.9-2SA.20.10	4
9:8	PSA.12.2	4
9:8	PSA.55.21	4
9:8	PSA.57.4	4
9:8	JER.9.3	4
9:8	PSA.64.8	3
9:8	JER.5.26	3
9:8	JER.9.5	3
9:8	MAT.26.48-MAT.26.49	3
9:9	JER.5.9	5
9:9	JER.5.29	5
9:9	ISA.1.24	3
9:10	JER.12.4	6
9:10	HOS.4.3	5
9:10	JER.7.29	3
9:10	JER.12.10	3
9:10	EZK.14.15	3
9:10	EZK.29.11	3
9:10	EZK.33.28	3
9:10	ISA.49.19	2
9:10	JER.2.6	2
9:10	JER.4.19-JER.4.26	2
9:10	JER.8.18	2
9:10	JER.13.16-JER.13.17	2
9:10	JER.14.6	2
9:10	JER.23.10	2
9:10	LAM.1.16	2
9:10	LAM.2.11	2
9:10	JOL.1.10-JOL.1.12	2
9:11	ISA.25.2	5
9:11	ISA.13.22	4
9:11	ISA.34.13	4
9:11	JER.10.22	4
9:11	JER.51.37	4
9:11	PSA.79.1	3
9:11	JER.25.11	3
9:11	JER.26.18	3
9:11	JER.34.22	3
9:11	LAM.2.2	3
9:11	LAM.2.7-LAM.2.8	3
9:11	LAM.3.47	3
9:11	MIC.3.12	3
9:11	NEH.4.2	2
9:11	ISA.44.26	2
9:11	JER.25.18	2
9:11	JER.26.9	2
9:11	MIC.1.6	2
9:11	MIC.6.16	2
9:11	REV.18.2	1
9:12	HOS.14.9	6
9:12	PSA.107.43	5
9:12	DEU.32.29	3
9:12	PSA.107.34	3
9:12	DEU.29.22-DEU.29.28	2
9:12	1KI.9.8-1KI.9.9	2
9:12	JER.5.19-JER.5.20	2
9:12	JER.16.10-JER.16.13	2
9:12	JER.22.8-JER.22.9	2
9:12	EZK.14.23	2
9:12	EZK.22.25-EZK.22.31	2
9:12	MAT.24.15	2
9:12	REV.1.3	2
9:13	2CH.7.19	4
9:13	JER.22.9	4
9:13	EZR.9.10	3
9:13	DEU.31.16-DEU.31.17	2
9:13	PSA.89.30-PSA.89.32	2
9:13	PSA.119.53	2
9:13	PRO.28.4	2
9:13	ZEP.3.1-ZEP.3.6	2
9:14	JER.3.17	5
9:14	JER.7.24	5
9:14	ROM.1.21-ROM.1.24	4
9:14	GAL.1.14	4
9:14	EPH.2.3	4
9:14	1PE.1.18	4
9:14	GEN.6.5	3
9:14	JER.2.8	3
9:14	EPH.4.17-EPH.4.19	3
9:14	JER.2.23	2
9:14	JER.44.17	2
9:14	ZEC.1.4-ZEC.1.5	2
9:15	JER.8.14	5
9:15	PSA.80.5	4
9:15	LAM.3.15	4
9:15	JER.23.15	3
9:15	DEU.29.18	2
9:15	PSA.60.3	2
9:15	PSA.69.21	2
9:15	PSA.75.8	2
9:15	ISA.2.17	2
9:15	ISA.2.22	2
9:15	JER.25.15	2
9:15	LAM.3.19	2
9:15	REV.8.11	2
9:16	LEV.26.33	5
9:16	DEU.28.64	5
9:16	EZK.5.2	5
9:16	EZK.5.12	5
9:16	JER.44.27	4
9:16	JER.13.24	3
9:16	DEU.4.27	2
9:16	DEU.28.25	2
9:16	DEU.28.36	2
9:16	DEU.32.26	2
9:16	NEH.1.8	2
9:16	PSA.106.27	2
9:16	JER.15.2-JER.15.4	2
9:16	JER.24.10	2
9:16	JER.25.27	2
9:16	JER.29.17	2
9:16	JER.49.36-JER.49.37	2
9:16	EZK.11.17	2
9:16	EZK.12.15	2
9:16	EZK.14.17	2
9:16	EZK.20.23	2
9:16	ZEC.7.14	2
9:16	JAS.1.1	2
9:17	AMO.5.16-AMO.5.17	8
9:17	ECC.12.5	5
9:17	2CH.35.25	3
9:17	JOB.3.8	2
9:17	MAT.9.23	2
9:17	MRK.5.38	2
9:18	JER.9.1	5
9:18	ISA.22.4	4
9:18	JER.14.17	4
9:18	JER.9.20	3
9:18	JER.6.26	2
9:18	JER.9.10	2
9:18	JER.13.17	2
9:18	LAM.1.2	2
9:18	LAM.2.11	2
9:18	LAM.2.18	2
9:18	LUK.19.41	1
9:19	JER.4.13	5
9:19	DEU.28.29	3
9:19	EZK.7.16-EZK.7.18	3
9:19	LEV.18.25	2
9:19	LEV.18.28	2
9:19	LEV.20.22	2
9:19	JER.2.14	2
9:19	JER.4.20	2
9:19	JER.4.30-JER.4.31	2
9:19	LAM.4.15	2
9:19	LAM.5.2	2
9:19	MIC.1.8-MIC.1.9	2
9:19	MIC.2.4	2
9:19	MIC.2.10	2
9:20	LUK.23.27-LUK.23.30	9
9:20	ISA.32.9-ISA.32.13	8
9:20	JOB.22.22	6
9:20	ISA.3.16	4
9:20	JER.9.17-JER.9.18	3
9:20	ISA.3.4	2
9:21	JER.6.11	5
9:21	2CH.36.17	4
9:21	JER.15.7	4
9:21	EZK.9.5-EZK.9.6	4
9:21	EZK.21.14-EZK.21.15	3
9:21	AMO.6.10-AMO.6.11	3
9:22	JER.8.2	5
9:22	JER.25.33	4
9:22	PSA.83.10	3
9:22	ISA.5.25	3
9:22	JER.16.4	3
9:22	ZEP.1.17	3
9:22	2KI.9.37	2
9:22	JER.7.33	2
9:23	1CO.1.27-1CO.1.29	58
9:23	ISA.5.21	36
9:23	ECC.9.11	34
9:23	ROM.1.22	29
9:23	1CO.3.18-1CO.3.20	23
9:23	PSA.49.6-PSA.49.13	17
9:23	EZK.7.19	16
9:23	JOB.31.24-JOB.31.25	15
9:23	1CO.1.19-1CO.1.21	15
9:23	JAS.3.14-JAS.3.16	15
9:23	1KI.20.10-1KI.20.11	13
9:23	PRO.11.4	13
9:23	DAN.4.37	12
9:23	ACT.12.22-ACT.12.23	12
9:23	PSA.62.10	11
9:23	DEU.8.17	10
9:23	PSA.52.6-PSA.52.7	10
9:23	AMO.2.14-AMO.2.16	9
9:23	LUK.12.19-LUK.12.20	9
9:23	1TI.6.10	9
9:23	EZK.28.2-EZK.28.9	8
9:23	JOB.5.12-JOB.5.14	7
9:23	PSA.33.16-PSA.33.17	7
9:23	ISA.10.12-ISA.10.13	7
9:23	ZEP.1.18	7
9:23	ECC.2.13-ECC.2.16	6
9:23	ECC.2.19	6
9:23	DAN.5.18-DAN.5.23	6
9:23	MRK.10.24	6
9:23	1SA.17.4-1SA.17.10	5
9:23	PSA.49.16-PSA.49.18	5
9:23	ISA.10.8	5
9:23	EZK.29.9	5
9:23	DAN.4.30-DAN.4.31	5
9:23	1SA.17.42	4
9:23	ISA.36.8-ISA.36.9	3
9:23	DAN.3.15	3
9:24	2CO.10.17	47
9:24	GAL.6.14	32
9:24	1CO.1.31	31
9:24	MIC.6.8	26
9:24	MIC.7.18	18
9:24	PSA.44.8	16
9:24	1JN.5.20	15
9:24	PSA.146.7-PSA.146.9	12
9:24	PSA.36.5-PSA.36.7	8
9:24	JHN.17.3	8
9:24	1SA.15.22	5
9:24	PSA.51.1	4
9:24	PSA.91.14	4
9:24	2CO.4.6	3
9:24	EXO.34.5-EXO.34.7	2
9:24	PSA.145.7-PSA.145.8	2
9:24	ISA.41.16	2
9:24	ROM.3.25-ROM.3.26	2
9:24	PSA.99.4	1
9:24	ISA.61.8	1
9:24	JER.4.2	1
9:24	JER.31.33-JER.31.34	1
9:24	ROM.5.11	1
9:24	MAT.11.27	0
9:24	LUK.10.22	0
9:25	ROM.2.8-ROM.2.9	5
9:25	ROM.2.25-ROM.2.26	5
9:25	GAL.5.2-GAL.5.6	5
9:25	EZK.28.10	2
9:25	EZK.32.19-EZK.32.32	2
9:25	AMO.3.2	2
9:26	LEV.26.41	5
9:26	JER.4.4	5
9:26	ISA.19.24-ISA.19.25	4
9:26	EZK.44.7	4
9:26	ROM.2.28-ROM.2.29	4
9:26	DEU.30.6	3
9:26	ISA.13.1-ISA.13.22	3
9:26	JER.25.9-JER.25.26	3
9:26	JER.49.32	3
9:26	EZK.24.1-EZK.24.27	3
9:26	ACT.7.51	3
9:26	JER.27.3-JER.27.7	2
9:26	JER.46.1-JER.46.28	2
9:26	EZK.44.9	2
9:26	AMO.1.1-AMO.1.2	2
9:26	ZEP.1.1-ZEP.1.2	2
10:1	JER.13.15-JER.13.17	2
10:1	JER.42.15	2
10:1	HOS.4.1	2
10:1	AMO.7.16	2
10:1	1TH.2.13	2
10:1	REV.2.29	2
10:1	PSA.50.7	1
10:1	ISA.1.10	1
10:1	ISA.28.14	1
10:1	JER.2.4	1
10:1	JER.22.2	1
10:1	1KI.22.19	0
10:2	LEV.20.23	19
10:2	LEV.18.3	11
10:2	EZK.20.32	9
10:2	LUK.21.25-LUK.21.28	9
10:2	DEU.12.30-DEU.12.31	8
10:2	ISA.47.12-ISA.47.14	7
10:3	ISA.44.9-ISA.44.20	10
10:3	1PE.1.18	10
10:3	LEV.18.30	9
10:3	JER.10.8	8
10:3	ROM.1.21	8
10:3	ISA.45.20	7
10:3	MAT.6.7	7
10:3	1KI.18.26-1KI.18.28	6
10:3	HOS.8.4-HOS.8.6	5
10:3	JER.2.5	4
10:3	HAB.2.18-HAB.2.19	4
10:3	ISA.40.19-ISA.40.31	3
10:4	ISA.46.7	7
10:4	ISA.40.19-ISA.40.20	5
10:4	PSA.115.4	3
10:4	PSA.135.15	3
10:4	ISA.41.6-ISA.41.7	3
10:4	ISA.44.12	3
10:5	ISA.46.7	11
10:5	1CO.12.2	9
10:5	PSA.115.5-PSA.115.8	6
10:5	ISA.41.23-ISA.41.24	6
10:5	PSA.135.16-PSA.135.18	5
10:5	ISA.46.1	5
10:5	HAB.2.19	5
10:5	1CO.8.4	5
10:5	REV.13.14-REV.13.15	5
10:5	ISA.44.9-ISA.44.10	4
10:5	ISA.45.20	4
10:6	EXO.15.11	13
10:6	PSA.96.4	13
10:6	PSA.48.1	11
10:6	DEU.33.26	8
10:6	PSA.145.3	7
10:6	ISA.12.6	7
10:6	2SA.7.22	5
10:6	PSA.147.5	5
10:6	DAN.4.3	5
10:6	EXO.8.10	4
10:6	ISA.40.25	4
10:6	JER.32.18	4
10:6	EXO.9.14	3
10:6	DEU.32.31	3
10:6	NEH.4.14	3
10:6	NEH.9.32	3
10:6	PSA.35.10	3
10:6	PSA.86.8-PSA.86.10	3
10:6	PSA.89.6-PSA.89.8	3
10:6	ISA.40.18	3
10:6	ISA.46.9	3
10:6	DAN.4.34	3
10:6	MAL.1.11	3
10:6	ISA.46.5	2
10:7	REV.15.4	6
10:7	PSA.22.28	4
10:7	PSA.89.6	3
10:7	JER.5.22	3
10:7	JER.10.6	3
10:7	1CO.1.19-1CO.1.20	3
10:7	JOB.37.23-JOB.37.24	2
10:7	PSA.72.11	2
10:7	PSA.76.7	2
10:7	PSA.86.9	2
10:7	ISA.2.4	2
10:7	ZEC.2.11	2
10:7	LUK.12.5	2
10:7	REV.11.15	1
10:8	JER.10.14	4
10:8	ZEC.10.2	4
10:8	PSA.115.8	3
10:8	PSA.135.18	3
10:8	ISA.41.29	3
10:8	JER.51.17-JER.51.18	3
10:8	HAB.2.18	3
10:8	ROM.1.21-ROM.1.22	3
10:8	ISA.44.19	2
10:8	JER.2.27	2
10:8	JER.4.22	2
10:8	HOS.4.12	2
10:9	PSA.115.4	5
10:9	DAN.10.5	4
10:9	1KI.10.22	3
10:9	ISA.40.19	3
10:9	EZK.27.12	2
10:10	DEU.32.4	12
10:10	ISA.57.15	11
10:10	PSA.76.7	8
10:10	NAM.1.6	8
10:10	PSA.18.7	6
10:10	PSA.31.5	6
10:10	PSA.42.2	6
10:10	PSA.104.32	6
10:10	JDG.5.4	5
10:10	1SA.17.26	5
10:10	1KI.18.39	5
10:10	JOB.9.6	5
10:10	PSA.84.2	5
10:10	PSA.100.5	5
10:10	PSA.146.6	5
10:10	HAB.3.6	5
10:10	MAL.3.2	5
10:10	MAT.16.16	5
10:10	1JN.5.20	5
10:10	PSA.10.16	4
10:10	PSA.68.11	4
10:10	PSA.77.18	4
10:10	PSA.145.13	4
10:10	ISA.37.4	4
10:10	ISA.37.17	4
10:10	JOL.2.11	4
10:10	HAB.3.10	4
10:10	1TI.1.17	4
10:10	REV.20.11	4
10:10	DEU.5.26	3
10:10	1SA.17.36	3
10:10	2CH.15.3	3
10:10	PSA.90.11	3
10:10	PSA.93.2	3
10:10	PSA.97.4	3
10:10	PSA.114.7	3
10:10	DAN.6.26	3
10:10	MIC.1.4	3
10:10	ACT.14.15	3
10:10	1TH.1.9	3
10:10	JER.23.36	2
10:10	DAN.4.3	2
10:10	DAN.4.34	2
10:10	DAN.7.14	2
10:10	MAT.26.63	2
10:10	MAT.27.51-MAT.27.52	2
10:10	JHN.17.3	2
10:10	1TI.6.17	2
10:10	HEB.10.31	2
10:11	PSA.96.5	9
10:11	ISA.2.18	8
10:11	JER.10.15	6
10:11	JER.51.18	6
10:11	LAM.3.66	6
10:11	ZEP.2.11	6
10:11	ZEC.13.2	6
10:11	REV.20.2	4
10:12	GEN.1.1	11
10:12	JOB.9.8	11
10:12	PRO.3.19	9
10:12	ISA.40.22	7
10:12	PSA.24.2	6
10:12	JHN.1.3	6
10:12	COL.1.16	6
10:12	JOB.38.4-JOB.38.7	5
10:12	PSA.33.6	5
10:12	PSA.104.24	5
10:12	PSA.146.5-PSA.146.6	5
10:12	PSA.148.4-PSA.148.5	5
10:12	ISA.42.5	5
10:12	ISA.44.24	5
10:12	ISA.45.12	5
10:12	ISA.45.18	5
10:12	ISA.48.13	5
10:12	ISA.49.8	5
10:12	JER.32.17	5
10:12	JER.51.15-JER.51.19	5
10:12	ZEC.12.1	5
10:12	JOB.26.7	4
10:12	PSA.78.69	4
10:12	PSA.119.90	4
10:12	PSA.136.5-PSA.136.6	4
10:12	PRO.30.4	4
10:12	JER.10.13	4
10:12	GEN.1.6-GEN.1.9	3
10:12	PSA.93.1	3
10:12	PSA.104.2	3
10:13	PSA.135.7	6
10:13	JOB.38.22	4
10:13	JOB.38.34-JOB.38.35	3
10:13	PSA.18.13	3
10:13	EXO.9.23	2
10:13	1SA.12.17-1SA.12.18	2
10:13	1KI.18.41	2
10:13	1KI.18.45-1KI.18.46	2
10:13	JOB.36.27-JOB.36.33	2
10:13	JOB.37.2-JOB.37.5	2
10:13	JOB.38.25-JOB.38.27	2
10:13	PSA.29.3-PSA.29.10	2
10:13	PSA.68.33	2
10:13	PSA.135.17	2
10:13	PSA.147.8	2
10:13	ZEC.10.1	1
10:14	PSA.135.16-PSA.135.18	161
10:14	PSA.115.4-PSA.115.8	133
10:14	ISA.46.7-ISA.46.8	110
10:14	HAB.2.18-HAB.2.19	90
10:14	ISA.44.18-ISA.44.20	64
10:14	ROM.1.22-ROM.1.23	58
10:14	JER.51.17-JER.51.18	56
10:14	ISA.42.17	55
10:14	JER.10.8	55
10:14	ISA.45.16	50
10:14	PSA.97.7	48
10:14	ISA.44.11	39
10:14	PSA.14.2	33
10:14	PSA.92.6	31
10:14	PSA.94.8	27
10:14	PRO.30.2	22
10:15	ISA.41.24	5
10:15	JER.14.22	5
10:15	JER.51.18	4
10:15	ISA.2.18-ISA.2.21	3
10:15	JER.8.12	3
10:15	JER.8.19	3
10:15	JON.2.8	3
10:15	ZEC.13.2	3
10:15	DEU.32.21	2
10:15	1SA.12.21	2
10:15	ISA.41.29	2
10:15	JER.10.8	2
10:15	JER.10.11	2
10:15	ZEP.1.3-ZEP.1.4	2
10:15	ACT.14.15	2
10:16	DEU.32.9	8
10:16	JER.32.18	7
10:16	JER.31.35	6
10:16	PSA.74.2	5
10:16	PSA.119.57	5
10:16	JER.10.12	5
10:16	JER.51.19	5
10:16	PSA.135.4	4
10:16	LAM.3.24	4
10:16	EXO.19.5	3
10:16	PSA.73.26	3
10:16	ISA.45.7	3
10:16	JER.50.34	3
10:16	PSA.16.5-PSA.16.6	2
10:16	PSA.142.5	2
10:16	PRO.16.4	2
10:16	ISA.47.4	2
10:16	ISA.47.6	2
10:16	ISA.51.15	2
10:16	ISA.54.5	2
10:17	EZK.12.3-EZK.12.12	6
10:17	JER.6.1	5
10:17	MIC.2.10	4
10:17	MAT.24.15	4
10:17	JER.21.13	3
10:18	1SA.25.29	6
10:18	ZEC.1.6	3
10:18	DEU.28.63-DEU.28.64	2
10:18	JER.15.1-JER.15.2	2
10:18	JER.16.13	2
10:18	JER.23.20	2
10:18	EZK.6.10	2
10:19	MIC.7.9	5
10:19	JER.4.31	3
10:19	JER.14.17	3
10:19	LAM.3.18-LAM.3.21	3
10:19	LAM.3.39-LAM.3.40	3
10:19	PSA.39.9	2
10:19	PSA.77.10	2
10:19	ISA.8.17	2
10:19	JER.4.19	2
10:19	JER.8.21	2
10:19	JER.9.1	2
10:19	JER.17.13	2
10:19	LAM.1.2	2
10:19	LAM.1.12-LAM.1.22	2
10:19	LAM.2.11-LAM.2.22	2
10:19	LAM.3.48	2
10:20	JER.4.20	7
10:20	JER.31.15	5
10:20	ISA.49.20-ISA.49.22	3
10:20	ISA.54.2	3
10:20	JOB.7.8	2
10:20	PRO.12.7	2
10:20	ISA.51.16	2
10:20	LAM.1.5	2
10:20	LAM.2.4-LAM.2.6	2
10:21	JER.12.10	6
10:21	EZK.34.2-EZK.34.10	6
10:21	JER.23.1-JER.23.2	5
10:21	ISA.56.10-ISA.56.12	4
10:21	JER.2.8	3
10:21	JER.8.9	3
10:21	JER.10.8	3
10:21	JER.23.9-JER.23.32	3
10:21	EZK.22.25-EZK.22.30	3
10:21	EZK.34.12	3
10:21	ZEC.10.3	3
10:21	ZEC.13.7	3
10:21	JHN.10.12-JHN.10.13	3
10:21	JER.5.31	2
10:21	JER.10.14	2
10:21	JER.49.32	2
10:21	JER.50.17	2
10:22	JER.9.11	5
10:22	JER.1.15	2
10:22	JER.4.6	2
10:22	JER.5.15	2
10:22	JER.6.1	2
10:22	JER.6.22	2
10:22	HAB.1.6-HAB.1.9	2
10:22	MAL.1.3	2
10:23	PRO.20.24	55
10:23	PSA.37.23	44
10:23	PRO.16.1	44
10:23	PSA.119.116-PSA.119.117	26
10:23	PSA.17.5	24
10:24	PSA.38.1	8
10:24	PSA.6.1	6
10:24	JER.30.11	4
10:24	JOB.6.18	3
10:24	ISA.40.23	3
10:24	ISA.41.11-ISA.41.12	2
10:24	HAB.3.2	2
10:25	PSA.79.6-PSA.79.7	6
10:25	JER.8.16	5
10:25	JOB.18.21	4
10:25	PSA.14.4	4
10:25	PSA.27.2	3
10:25	JER.50.7	3
10:25	JER.50.17	3
10:25	EZK.25.6-EZK.25.8	3
10:25	OBA.1.10-OBA.1.16	3
10:25	ZEP.1.6	3
10:25	ZEC.1.15	3
10:25	1TH.4.5	3
10:25	2TH.1.8	3
10:25	ISA.43.22	2
10:25	ISA.64.7	2
10:25	JER.51.34-JER.51.35	2
10:25	LAM.2.22	2
10:25	EZK.35.5-EZK.35.10	2
10:25	ZEP.3.8	2
10:25	JHN.17.25	2
10:25	ACT.17.23	2
10:25	1CO.15.34	2
11:2	JER.11.6	5
11:2	EXO.19.5	3
11:2	2KI.11.17	2
11:2	2KI.23.2-2KI.23.3	2
11:2	2CH.23.16	2
11:2	2CH.29.10	2
11:2	2CH.34.31	2
11:2	JER.34.13-JER.34.16	2
11:3	DEU.27.26	10
11:3	DEU.28.15-DEU.28.68	6
11:3	DEU.29.19-DEU.29.20	6
11:3	GAL.3.10-GAL.3.13	5
11:4	LEV.26.12	9
11:4	DEU.4.20	8
11:4	JER.7.22-JER.7.23	8
11:4	ZEC.8.8	5
11:4	1KI.8.51	4
11:4	JER.24.7	4
11:4	2CO.6.16	4
11:4	GEN.17.8	3
11:4	EXO.24.3-EXO.24.8	3
11:4	LEV.26.3	3
11:4	DEU.11.27	3
11:4	JER.26.13	3
11:4	JER.30.22	3
11:4	JER.31.31-JER.31.33	3
11:4	EZK.11.20	3
11:4	EZK.14.11	3
11:4	EZK.36.28	3
11:4	EZK.37.23	3
11:4	ZEC.13.9	3
11:4	HEB.8.8-HEB.8.10	3
11:4	EXO.20.6	2
11:4	DEU.5.2-DEU.5.3	2
11:4	DEU.28.1-DEU.28.14	2
11:4	DEU.29.10-DEU.29.15	2
11:4	1SA.15.22	2
11:4	ISA.48.10	2
11:4	JER.32.28	2
11:4	EZK.20.6-EZK.20.12	2
11:4	EZK.37.27	2
11:4	ZEC.6.15	2
11:4	MAT.28.20	2
11:4	HEB.5.9	2
11:4	EXO.23.21-EXO.23.22	1
11:5	DEU.7.12-DEU.7.13	4
11:5	PSA.105.9-PSA.105.11	4
11:5	JER.28.6	4
11:5	GEN.22.16-GEN.22.18	3
11:5	GEN.26.3-GEN.26.5	3
11:5	EXO.3.8-EXO.3.17	3
11:5	EXO.13.5	3
11:5	LEV.20.24	3
11:5	DEU.6.3	3
11:5	DEU.27.15-DEU.27.26	3
11:5	MAT.6.13	3
11:5	1CO.14.16	3
11:6	ROM.2.13	4
11:6	JAS.1.22	4
11:6	JER.3.12	3
11:6	JER.7.2	3
11:6	JER.19.2	3
11:6	JHN.13.17	3
11:6	PSA.15.5	2
11:6	ISA.58.1	2
11:6	JER.11.2-JER.11.4	2
11:6	ZEC.7.7	2
11:7	2CH.36.15	4
11:7	EXO.15.26	3
11:7	EXO.23.21-EXO.23.22	3
11:7	1SA.8.9	3
11:7	EPH.4.17	3
11:7	DEU.4.6	2
11:7	DEU.5.29	2
11:7	DEU.6.2	2
11:7	DEU.8.6	2
11:7	DEU.10.12-DEU.10.13	2
11:7	DEU.11.26-DEU.11.28	2
11:7	DEU.12.32	2
11:7	DEU.28.1-DEU.28.14	2
11:7	DEU.30.20	2
11:7	JER.7.13	2
11:7	JER.7.23-JER.7.25	2
11:7	JER.11.4	2
11:7	JER.25.4	2
11:7	JER.35.15	2
11:7	2TH.3.12	2
11:8	JER.7.24	5
11:8	JER.7.26	4
11:8	JER.3.17	3
11:8	JER.35.15	3
11:8	EZK.20.8	3
11:8	LEV.26.14-LEV.26.46	2
11:8	DEU.28.15-DEU.28.68	2
11:8	DEU.29.21-DEU.29.24	2
11:8	DEU.30.17-DEU.30.19	2
11:8	DEU.31.17-DEU.31.18	2
11:8	DEU.32.20-DEU.32.26	2
11:8	JOS.23.13-JOS.23.16	2
11:8	NEH.9.16-NEH.9.17	2
11:8	NEH.9.26	2
11:8	NEH.9.29	2
11:8	JER.6.16-JER.6.17	2
11:8	JER.9.13-JER.9.14	2
11:8	JER.44.17	2
11:8	EZK.20.18-EZK.20.21	2
11:8	EZK.20.37-EZK.20.38	2
11:8	ZEC.7.11	2
11:9	HOS.6.9	5
11:9	JER.5.31	3
11:9	JER.6.13	3
11:9	JER.8.10	3
11:9	EZK.22.25-EZK.22.31	3
11:9	MIC.3.11	3
11:9	MIC.7.2-MIC.7.3	3
11:9	ZEP.3.1-ZEP.3.4	3
11:9	MAT.21.38-MAT.21.39	3
11:9	MAT.26.3-MAT.26.4	3
11:9	MAT.26.15	3
11:9	JHN.11.53	3
11:9	ACT.23.12-ACT.23.15	3
11:10	DEU.31.16	6
11:10	EZK.16.59	5
11:10	JDG.2.12-JDG.2.13	4
11:10	JDG.2.17	4
11:10	JDG.2.19	4
11:10	1SA.15.11	4
11:10	PSA.78.8-PSA.78.10	4
11:10	JER.3.6-JER.3.11	4
11:10	LEV.26.15	3
11:10	DEU.9.7	3
11:10	2KI.17.7-2KI.17.20	3
11:10	2CH.34.30-2CH.34.33	3
11:10	PSA.78.57	3
11:10	EZK.20.18-EZK.20.21	3
11:10	EZK.44.7	3
11:10	HOS.6.7	3
11:10	ZEP.1.6	3
11:10	ACT.7.51-ACT.7.52	3
11:10	HEB.8.9	3
11:10	ZEC.1.4	2
11:10	JER.31.32	1
11:10	HOS.6.4	1
11:10	HOS.7.16-HOS.8.1	1
11:11	PRO.1.28	8
11:11	ISA.1.15	8
11:11	EZK.8.18	8
11:11	MIC.3.4	6
11:11	ZEC.7.13	6
11:11	2KI.22.16	4
11:11	JER.14.12	4
11:11	PSA.18.41	3
11:11	ISA.24.17	3
11:11	JER.6.19	3
11:11	JER.11.17	3
11:11	2CH.34.24	2
11:11	PSA.66.18	2
11:11	PRO.29.1	2
11:11	JER.11.14	2
11:11	JER.15.2	2
11:11	JER.19.3	2
11:11	JER.19.15	2
11:11	JER.23.12	2
11:11	JER.35.17	2
11:11	JER.36.31	2
11:11	EZK.7.5	2
11:11	AMO.2.14-AMO.2.15	2
11:11	AMO.5.19	2
11:11	AMO.9.1-AMO.9.4	2
11:11	LUK.13.24-LUK.13.28	2
11:11	1TH.5.3	2
11:11	HEB.1.3	2
11:11	REV.6.16-REV.6.17	2
11:12	DEU.32.37	4
11:12	JER.2.28	4
11:12	JDG.10.14	2
11:12	2CH.28.22	2
11:12	ISA.45.20	2
11:12	JER.44.17-JER.44.27	1
11:13	JER.2.28	4
11:13	2KI.23.13	3
11:13	DEU.32.16-DEU.32.17	2
11:13	2KI.21.4-2KI.21.5	2
11:13	2KI.23.4-2KI.23.5	2
11:13	ISA.2.8	2
11:13	JER.3.1-JER.3.2	2
11:13	JER.3.24	2
11:13	JER.7.9	2
11:13	JER.19.5	2
11:13	JER.32.35	2
11:13	HOS.12.11	2
11:14	JER.7.16	13
11:14	JER.11.11	11
11:14	JER.14.11	10
11:14	1JN.5.16	10
11:14	EXO.32.10	7
11:14	PSA.66.18	6
11:14	PRO.26.24-PRO.26.25	5
11:14	JER.15.1	5
11:14	HOS.5.6	5
11:15	PRO.2.14	4
11:15	TIT.1.15	3
11:15	PSA.50.16	2
11:15	PRO.10.23	2
11:15	PRO.15.8	2
11:15	PRO.21.27	2
11:15	PRO.26.18	2
11:15	PRO.28.9	2
11:15	ISA.1.11-ISA.1.15	2
11:15	ISA.50.1	2
11:15	JER.2.2	2
11:15	JER.3.1-JER.3.2	2
11:15	JER.3.8	2
11:15	JER.3.14	2
11:15	JER.7.8-JER.7.11	2
11:15	JER.12.7	2
11:15	JER.15.1	2
11:15	EZK.16.25-EZK.16.34	2
11:15	EZK.23.2-EZK.23.21	2
11:15	HOS.3.1	2
11:15	HAG.2.12-HAG.2.14	2
11:15	MAT.22.11	2
11:15	LUK.8.28	2
11:15	ROM.11.28	2
11:15	1CO.13.6	2
11:15	JAS.4.16	2
11:16	ROM.11.17-ROM.11.24	5
11:16	PSA.52.8	4
11:16	ISA.27.11	4
11:16	PSA.80.16	3
11:16	PSA.83.2	2
11:16	ISA.1.30-ISA.1.31	2
11:16	JER.21.14	2
11:16	EZK.15.4-EZK.15.7	2
11:16	EZK.20.47-EZK.20.48	2
11:16	MAT.3.10	2
11:16	JHN.15.6	2
11:17	ISA.5.2	5
11:17	JER.2.21	4
11:17	JER.12.2	4
11:17	JER.19.15	3
11:17	2SA.7.10	2
11:17	PSA.44.2	2
11:17	PSA.80.8	2
11:17	PSA.80.15	2
11:17	ISA.61.3	2
11:17	JER.7.9	2
11:17	JER.11.11	2
11:17	JER.16.10-JER.16.11	2
11:17	JER.18.8	2
11:17	JER.24.6	2
11:17	JER.26.13	2
11:17	JER.26.19	2
11:17	JER.35.17	2
11:17	JER.36.7	2
11:17	JER.40.2	2
11:17	JER.42.10	2
11:17	JER.45.4	2
11:17	EZK.17.5	2
11:18	1SA.23.11-1SA.23.12	4
11:18	2KI.6.9-2KI.6.10	4
11:18	EZK.8.6-EZK.8.18	3
11:18	2KI.6.14-2KI.6.20	2
11:18	JER.11.19	2
11:18	ROM.3.7	2
11:19	ISA.53.7-ISA.53.8	9
11:19	JER.20.10	9
11:19	PSA.83.4	7
11:19	JER.18.18	6
11:19	JOB.28.13	5
11:19	PSA.31.13	5
11:19	NUM.1.14	4
11:19	PSA.27.13	4
11:19	PSA.37.32-PSA.37.33	4
11:19	LUK.20.10-LUK.20.15	4
11:19	PSA.109.13	3
11:19	PSA.116.9	3
11:19	PRO.7.22	3
11:19	ISA.32.7	3
11:19	ISA.38.11	3
11:19	PSA.35.15	2
11:19	PSA.52.5	2
11:19	PSA.112.6	2
11:19	PSA.142.5	2
11:19	PRO.10.7	2
11:19	DAN.9.26	2
11:19	MAT.26.3-MAT.26.4	2
11:20	JER.20.12	11
11:20	JER.17.10	8
11:20	1SA.16.7	7
11:20	PSA.7.9	7
11:20	REV.2.23	6
11:20	GEN.18.25	5
11:20	JER.15.15	5
11:20	JER.17.18	5
11:20	1CH.29.17	4
11:20	PSA.10.14-PSA.10.15	4
11:20	1SA.24.15	3
11:20	1CH.28.9	3
11:20	JOB.5.8	3
11:20	PSA.35.2	3
11:20	PSA.57.1	3
11:20	PSA.98.9	3
11:20	JER.12.1	3
11:20	JER.18.20-JER.18.23	3
11:20	ACT.17.31	3
11:20	PHP.4.6	3
11:20	2TI.4.14	3
11:20	1PE.2.23	3
11:20	REV.6.9-REV.6.10	3
11:20	REV.18.20	3
11:20	PSA.43.1	2
11:21	ISA.30.10	3
11:21	JER.12.5-JER.12.6	3
11:21	JER.20.10	3
11:21	AMO.2.12	3
11:21	LUK.13.33-LUK.13.34	3
11:21	JER.20.1-JER.20.2	2
11:21	JER.26.8	2
11:21	JER.38.1-JER.38.6	2
11:21	AMO.7.13-AMO.7.16	2
11:21	MIC.2.6-MIC.2.11	2
11:21	MIC.7.6	2
11:21	MAT.10.21	2
11:21	MAT.10.34-MAT.10.36	2
11:21	MAT.21.35	2
11:21	MAT.22.6	2
11:21	MAT.23.34-MAT.23.37	2
11:21	LUK.4.24	2
11:21	ACT.7.51-ACT.7.52	2
11:22	JER.18.21	4
11:22	2CH.36.17	3
11:22	1TH.2.15-1TH.2.16	3
11:22	JER.9.21	2
11:22	LAM.2.21	2
11:23	JER.23.12	5
11:23	JER.50.27	3
11:23	HOS.9.7	3
11:23	MIC.7.4	3
11:23	LUK.19.44	3
11:23	ISA.14.20-ISA.14.22	2
11:23	JER.5.9	2
11:23	JER.5.29	2
11:23	JER.6.9	2
11:23	JER.8.12	2
11:23	JER.11.19	2
11:23	JER.44.27	2
11:23	JER.46.21	2
11:23	JER.48.44	2
12:1	MAL.3.15	12
12:1	PSA.92.7	11
12:1	PSA.37.1	10
12:1	PSA.37.35	8
12:1	PSA.51.4	8
12:1	PSA.73.3-PSA.73.28	8
12:1	PSA.94.3-PSA.94.4	7
12:1	DAN.9.7	7
12:1	HAB.1.4	7
12:1	ZEP.3.5	7
12:1	JOB.12.6	6
12:1	JOB.21.7-JOB.21.15	6
12:1	JER.5.27-JER.5.28	5
12:1	JER.11.20	5
12:1	HAB.1.13-HAB.1.17	5
12:1	GEN.18.25	4
12:1	EZR.9.15	4
12:1	JOB.13.3	4
12:1	PSA.119.137	4
12:1	JER.5.11	4
12:1	JER.12.6	4
12:1	DEU.32.4	3
12:1	PSA.119.75	3
12:1	PSA.145.17	3
12:1	PRO.1.32	3
12:1	ISA.41.21	3
12:1	ISA.48.8	3
12:1	HOS.6.7	3
12:1	ROM.3.5-ROM.3.6	3
12:2	ISA.29.13	11
12:2	TIT.1.16	10
12:2	MAT.15.8	6
12:2	JER.11.17	4
12:2	JER.45.4	3
12:2	EZK.17.5-EZK.17.10	3
12:2	EZK.33.31	3
12:2	JER.3.10	2
12:2	EZK.19.10-EZK.19.13	2
12:2	MRK.7.6	2
12:3	2KI.20.3	7
12:3	JER.17.18	6
12:3	PSA.139.1-PSA.139.4	5
12:3	PSA.17.3	4
12:3	JAS.5.5	4
12:3	PSA.26.1	3
12:3	PSA.44.21-PSA.44.22	3
12:3	PSA.139.23	3
12:3	JER.50.27	3
12:3	1CH.29.17	2
12:3	JOB.23.10	2
12:3	PSA.7.9	2
12:3	PSA.11.5	2
12:3	JER.11.19-JER.11.20	2
12:3	JER.18.21-JER.18.23	2
12:3	JER.20.12	2
12:3	JER.48.15	2
12:3	JER.51.4	2
12:3	JHN.21.17	2
12:3	1JN.3.20-1JN.3.21	2
12:4	JER.9.10	7
12:4	PSA.107.34	6
12:4	JER.4.25	5
12:4	HOS.4.3	5
12:4	JER.5.31	4
12:4	JER.7.20	4
12:4	JER.23.10	4
12:4	ROM.8.22	4
12:4	JOL.1.10-JOL.1.17	3
12:4	HAB.3.17	3
12:4	PSA.50.21	2
12:4	JER.4.28	2
12:4	JER.5.13	2
12:4	JER.14.2	2
12:4	EZK.7.2-EZK.7.13	2
12:5	1PE.4.12	21
12:5	PRO.24.10	19
12:5	HEB.12.3-HEB.12.4	13
12:5	PSA.69.1-PSA.69.2	9
12:5	PSA.42.7	8
12:5	PRO.3.11	8
12:5	JER.49.19	8
12:5	JER.50.44	7
12:5	JOS.3.15	5
12:5	JER.26.8	2
12:5	1CH.12.15	1
12:5	JER.36.26	1
12:5	JER.38.4-JER.38.6	1
12:6	PRO.26.25	11
12:6	PSA.12.2	9
12:6	JER.9.4	9
12:6	GEN.37.4-GEN.37.11	8
12:6	MIC.7.5-MIC.7.6	8
12:6	MAT.10.21	7
12:6	PSA.69.8	6
12:6	JER.11.19	6
12:6	JER.11.21	6
12:6	JOB.6.15	5
12:6	JER.20.10	5
12:6	EZK.33.30-EZK.33.31	5
12:6	MAT.22.16-MAT.22.18	5
12:6	ACT.18.12	5
12:6	ACT.19.24-ACT.19.29	5
12:6	ACT.21.28-ACT.21.30	5
12:6	ISA.31.4	4
12:6	MRK.12.12	4
12:6	JHN.7.5	4
12:6	ACT.16.22	3
12:7	PSA.78.59-PSA.78.60	5
12:7	ISA.2.6	5
12:7	JER.11.15	4
12:7	LAM.2.1-LAM.2.22	3
12:7	HOS.9.15	3
12:7	JER.7.14	2
12:7	JER.7.29	2
12:7	JER.51.5	2
12:7	EZK.7.20-EZK.7.21	2
12:7	EZK.24.21	2
12:7	JOL.2.15	2
12:7	JOL.3.2	2
12:7	LUK.21.24	2
12:8	AMO.6.8	6
12:8	HOS.9.15	4
12:8	ZEC.11.8	3
12:8	JER.2.15	2
12:8	JER.51.38	2
12:9	ISA.56.9	6
12:9	JER.7.33	5
12:9	2KI.24.2	4
12:9	EZK.23.22-EZK.23.25	4
12:9	REV.19.17-REV.19.18	4
12:9	JER.2.15	2
12:9	JER.15.3	2
12:9	EZK.16.36-EZK.16.37	2
12:9	EZK.39.17-EZK.39.20	2
12:9	REV.17.16	2
12:10	ISA.5.1-ISA.5.7	4
12:10	ISA.63.18	4
12:10	JER.23.1	4
12:10	PSA.80.8-PSA.80.16	3
12:10	JER.3.19	3
12:10	JER.6.3	3
12:10	LUK.20.9-LUK.20.16	3
12:10	ISA.43.28	2
12:10	JER.25.9	2
12:10	JER.39.3	2
12:10	LAM.1.10-LAM.1.11	2
12:10	LUK.21.14	2
12:10	REV.11.2	2
12:11	ISA.42.25	6
12:11	JER.23.10	5
12:11	JER.14.2	3
12:11	ECC.7.2	2
12:11	ISA.57.1	2
12:11	JER.6.8	2
12:11	JER.9.11	2
12:11	JER.10.22	2
12:11	JER.10.25	2
12:11	JER.12.4-JER.12.8	2
12:11	JER.19.8	2
12:11	LAM.1.1-LAM.1.5	2
12:11	ZEC.7.5	2
12:11	MAL.2.2	2
12:12	JER.47.6	4
12:12	AMO.9.4	4
12:12	ISA.34.6	3
12:12	EZK.14.17	3
12:12	LEV.26.33	2
12:12	ISA.57.21	2
12:12	ISA.66.15-ISA.66.16	2
12:12	JER.3.2	2
12:12	JER.4.11-JER.4.15	2
12:12	JER.9.19-JER.9.21	2
12:12	JER.15.2	2
12:12	JER.34.17	2
12:12	JER.48.2	2
12:12	EZK.5.2	2
12:12	ZEP.2.12	2
12:12	MAT.24.21-MAT.24.22	2
12:12	REV.6.4	2
12:12	REV.19.16-REV.19.21	2
12:13	DEU.28.38	6
12:13	MIC.6.15	6
12:13	HAG.1.6	6
12:13	LEV.26.16	5
12:13	ISA.55.2	5
12:13	JER.4.26	3
12:13	JER.25.37-JER.25.38	3
12:13	HAB.2.13	3
12:13	ISA.30.1-ISA.30.6	2
12:13	ISA.31.1-ISA.31.3	2
12:13	JER.3.23-JER.3.25	2
12:13	HAG.2.16-HAG.2.17	2
12:13	ROM.6.21	2
12:14	JER.3.18	6
12:14	ZEC.2.8	6
12:14	JER.49.7	4
12:14	ZEP.2.8-ZEP.2.10	4
12:14	ZEC.10.6-ZEC.10.12	4
12:14	DEU.30.3	3
12:14	PSA.106.47	3
12:14	ISA.11.11-ISA.11.16	3
12:14	JER.2.3	3
12:14	EZK.25.1-EZK.25.17	3
12:14	ZEC.1.15	3
12:14	PSA.105.15	2
12:14	JER.32.37	2
12:14	JER.48.1-JER.49.1	2
12:14	JER.50.9-JER.50.17	2
12:14	JER.51.33-JER.51.35	2
12:14	EZK.28.25	2
12:14	EZK.34.12-EZK.34.13	2
12:14	EZK.35.1-EZK.35.15	2
12:14	EZK.36.24	2
12:14	EZK.37.21	2
12:14	EZK.39.27-EZK.39.28	2
12:14	HOS.1.11	2
12:14	AMO.1.2-AMO.1.15	2
12:14	AMO.9.14-AMO.9.15	2
12:14	OBA.1.10-OBA.1.16	2
12:14	ZEP.3.19-ZEP.3.20	2
12:14	ZEC.12.2-ZEC.12.4	2
12:15	JER.49.6	9
12:15	JER.48.47	8
12:15	JER.49.39	5
12:15	DEU.30.3	3
12:15	AMO.9.14	3
12:15	NUM.32.18	2
12:15	DEU.3.20	2
12:15	ISA.23.17-ISA.23.18	2
12:16	JER.4.2	10
12:16	JOS.23.7	6
12:16	ZEP.1.5	6
12:16	DEU.10.20-DEU.10.21	4
12:16	JER.3.17	4
12:16	ZEC.2.11	4
12:16	PSA.106.35-PSA.106.36	3
12:16	ISA.9.18-ISA.9.21	3
12:16	ISA.45.23	3
12:16	ISA.49.6	3
12:16	ISA.56.5-ISA.56.6	3
12:16	ISA.65.16	3
12:16	JER.5.2	3
12:16	EPH.2.19-EPH.2.22	3
12:16	ISA.19.23-ISA.19.25	2
12:16	ROM.14.11	2
12:16	1CO.3.9	2
12:16	1PE.2.4-1PE.2.6	2
12:16	SNG.1.8	1
12:16	ROM.11.17	0
12:17	ISA.60.12	8
12:17	PSA.2.8-PSA.2.12	3
12:17	JER.12.14-JER.12.17	2
12:17	JER.18.7	2
12:17	JER.31.28	2
12:17	EZK.19.12	2
12:17	DAN.7.4-DAN.7.8	2
12:17	DAN.11.4	2
12:17	ZEC.14.16-ZEC.14.19	2
12:17	LUK.19.27	2
12:17	2TH.1.8	2
12:17	1PE.2.6-1PE.2.8	2
13:1	JER.13.11	3
13:1	HEB.1.1	3
13:1	JER.19.1	2
13:1	JER.27.2	2
13:1	EZK.4.1-EZK.4.5	2
13:2	EZK.2.8	4
13:2	PRO.3.5	3
13:2	ISA.20.2	3
13:2	JHN.15.14	3
13:2	HOS.1.2-HOS.1.3	2
13:2	JHN.13.6-JHN.13.7	2
13:3	JER.13.8	2
13:4	PSA.137.1	2
13:4	JER.51.63-JER.51.64	2
13:4	MIC.4.10	2
13:5	EXO.40.16	4
13:5	EXO.39.42-EXO.39.43	3
13:5	MAT.22.2-MAT.22.6	2
13:5	JHN.2.5-JHN.2.8	2
13:5	ACT.26.19-ACT.26.20	2
13:5	2TI.2.3	2
13:5	HEB.11.8	2
13:5	HEB.11.17-HEB.11.19	2
13:7	ISA.64.6	3
13:7	ROM.3.12	3
13:7	JER.13.10	2
13:7	JER.24.1-JER.24.8	2
13:7	EZK.15.3-EZK.15.5	2
13:7	ZEC.3.3-ZEC.3.4	2
13:7	LUK.14.34-LUK.14.35	2
13:7	PHM.1.11	2
13:9	LEV.26.19	5
13:9	PRO.16.18	3
13:9	ISA.2.10-ISA.2.17	3
13:9	ISA.23.9	3
13:9	JER.13.15-JER.13.17	3
13:9	ZEP.3.11	3
13:9	JOB.40.10-JOB.40.12	2
13:9	ISA.16.6	2
13:9	JER.18.4-JER.18.6	2
13:9	JER.48.29	2
13:9	LAM.5.5-LAM.5.8	2
13:9	EZK.16.50	2
13:9	EZK.16.56	2
13:9	NAM.2.2	2
13:9	LUK.18.14	2
13:9	JAS.4.6	2
13:9	1PE.5.5	2
13:10	JER.9.14	5
13:10	JER.16.12	5
13:10	NUM.14.11	4
13:10	2CH.36.15-2CH.36.16	4
13:10	JER.3.17	3
13:10	JER.11.7-JER.11.8	3
13:10	JER.13.7	3
13:10	ACT.7.51	3
13:10	EPH.4.17-EPH.4.19	3
13:10	PSA.78.8	2
13:10	ECC.11.9	2
13:10	ISA.3.24	2
13:10	JER.5.23	2
13:10	JER.7.24-JER.7.28	2
13:10	JER.8.5	2
13:10	JER.11.18	2
13:10	JER.15.1-JER.15.4	2
13:10	JER.16.4	2
13:10	JER.25.3-JER.25.7	2
13:10	JER.34.14-JER.34.17	2
13:10	HEB.12.25	2
13:11	EXO.19.5-EXO.19.6	6
13:11	ISA.43.21	5
13:11	JER.33.9	5
13:11	PSA.81.11	4
13:11	DEU.4.7	2
13:11	DEU.26.18	2
13:11	DEU.32.10-DEU.32.15	2
13:11	PSA.135.4	2
13:11	PSA.147.20	2
13:11	ISA.62.12	2
13:11	JER.6.17	2
13:11	JER.7.26	2
13:11	JER.13.10	2
13:11	JER.32.20	2
13:11	JHN.5.37-JHN.5.40	2
13:11	1PE.2.9	2
13:12	EZK.24.19	2
13:13	ISA.51.17	6
13:13	ISA.63.6	6
13:13	PSA.60.3	5
13:13	PSA.75.8	5
13:13	ISA.49.26	3
13:13	JER.25.27	3
13:13	JER.51.7	3
13:13	HAB.2.16	3
13:13	ISA.29.9	2
13:13	ISA.51.21	2
13:13	JER.25.15-JER.25.18	2
13:13	JER.51.57	2
13:14	DEU.29.20	5
13:14	PSA.2.9	4
13:14	ISA.9.20-ISA.9.21	3
13:14	ISA.27.11	3
13:14	JER.6.21	3
13:14	JER.19.9-JER.19.11	3
13:14	JER.21.7	3
13:14	JDG.7.20-JDG.7.22	2
13:14	1SA.14.16	2
13:14	2CH.20.23	2
13:14	JER.16.5	2
13:14	JER.47.3	2
13:14	JER.48.12	2
13:14	EZK.5.10-EZK.5.11	2
13:14	EZK.7.4	2
13:14	EZK.7.9	2
13:14	EZK.8.18	2
13:14	EZK.9.5	2
13:14	EZK.9.10	2
13:14	EZK.24.14	2
13:14	MAT.10.21	2
13:14	MRK.13.12	2
13:15	ISA.28.14-ISA.28.22	6
13:15	REV.2.29	4
13:15	ISA.42.23	2
13:15	JER.26.15	2
13:15	JOL.1.2	2
13:15	AMO.7.15	2
13:15	ACT.4.19-ACT.4.20	2
13:15	JAS.4.10	2
13:16	ISA.8.22	8
13:16	ISA.59.9	8
13:16	PRO.4.19	7
13:16	ISA.60.2	7
13:16	JOS.7.19	6
13:16	ISA.5.30	6
13:16	AMO.8.9-AMO.8.10	5
13:16	EXO.10.21	4
13:16	1SA.6.5	4
13:16	PSA.44.19	4
13:16	JER.4.23	4
13:16	JER.23.12	4
13:16	JHN.12.35	4
13:16	PSA.96.7-PSA.96.8	3
13:16	ECC.11.8	3
13:16	ECC.12.1-ECC.12.2	3
13:16	JER.8.15	3
13:16	JER.14.19	3
13:16	LAM.4.17	3
13:16	1PE.2.8	3
13:16	1JN.2.10-1JN.2.11	3
13:17	MAL.2.2	7
13:17	JER.9.1	6
13:17	JER.14.17	6
13:17	PSA.80.1	4
13:17	LUK.19.41-LUK.19.42	4
13:17	ROM.9.2-ROM.9.4	4
13:17	1SA.15.35	3
13:17	PSA.119.136	3
13:17	LAM.1.16	3
13:17	LAM.2.18	3
13:17	EZK.34.31	3
13:17	1SA.15.11	2
13:17	ISA.63.11	2
13:17	JER.13.19-JER.13.20	2
13:17	JER.17.16	2
13:17	JER.22.5	2
13:17	JER.23.1	2
13:17	LAM.1.2	2
13:17	EZK.36.38	2
13:18	JER.22.26	9
13:18	2KI.24.12	8
13:18	2KI.24.15	7
13:18	2CH.33.12	6
13:18	2CH.33.19	6
13:18	ISA.47.1	5
13:18	EXO.10.3	4
13:18	2CH.33.23	4
13:18	ISA.3.26	4
13:18	JON.3.6	4
13:18	MAT.18.4	4
13:18	JAS.4.10	4
13:18	1PE.5.6	4
13:18	EZK.19.2-EZK.19.14	3
13:18	LAM.2.10	1
13:19	JER.52.27	4
13:19	DEU.28.52	3
13:19	2KI.25.21	3
13:19	JER.39.9	3
13:19	JER.52.30	3
13:19	LEV.26.31-LEV.26.33	2
13:19	DEU.28.15	2
13:19	DEU.28.64-DEU.28.68	2
13:19	JOS.18.5	2
13:19	JOB.12.14	2
13:19	JER.17.26	2
13:19	JER.20.4	2
13:19	JER.33.13	2
13:19	EZK.20.46-EZK.20.47	2
13:20	JER.6.22	6
13:20	JER.1.14	4
13:20	JER.23.2	4
13:20	HAB.1.6	4
13:20	JER.10.22	3
13:20	JER.13.17	3
13:20	ACT.20.26-ACT.20.29	3
13:20	ISA.56.9-ISA.56.12	2
13:20	ZEC.11.16-ZEC.11.17	2
13:20	EZK.34.7-EZK.34.10	1
13:20	JHN.10.12-JHN.10.13	1
13:21	ISA.13.8	5
13:21	JER.4.31	4
13:21	ISA.10.3	3
13:21	ISA.39.2-ISA.39.4	3
13:21	JER.5.31	3
13:21	JER.38.22	3
13:21	2KI.16.7	2
13:21	ISA.21.3	2
13:21	JER.6.24	2
13:21	JER.22.23	2
13:21	JER.30.6	2
13:21	JER.48.41	2
13:21	EZK.28.9	2
13:21	1TH.5.3	2
13:22	NAM.3.5	7
13:22	JER.16.10-JER.16.11	6
13:22	JER.5.19	5
13:22	DEU.7.17	4
13:22	JER.9.2-JER.9.9	4
13:22	JER.13.26	4
13:22	LAM.1.8	4
13:22	HOS.2.10	4
13:22	ISA.3.17	3
13:22	JER.2.17-JER.2.19	3
13:22	EZK.16.37-EZK.16.39	3
13:22	DEU.8.17	2
13:22	DEU.18.21	2
13:22	ISA.20.4	2
13:22	ISA.47.2-ISA.47.3	2
13:22	ISA.47.8	2
13:22	EZK.23.27-EZK.23.29	2
13:22	HOS.2.3	2
13:22	HOS.12.8	2
13:22	ZEP.1.12	2
13:22	LUK.5.21-LUK.5.22	1
13:23	JER.2.22	14
13:23	JER.9.5	12
13:23	MAT.19.24-MAT.19.28	10
13:23	JER.17.9	7
13:23	JER.2.30	6
13:23	JER.5.3	6
13:23	PRO.27.22	2
13:23	ISA.1.5	2
13:23	JER.6.29-JER.6.30	2
13:24	PSA.1.4	5
13:24	LEV.26.33	4
13:24	EZK.5.2	3
13:24	EZK.5.12	3
13:24	HOS.13.3	3
13:24	DEU.4.27	2
13:24	DEU.28.64	2
13:24	DEU.32.26	2
13:24	PSA.83.13-PSA.83.15	2
13:24	ISA.17.13	2
13:24	ISA.41.16	2
13:24	JER.4.11-JER.4.12	2
13:24	EZK.6.8	2
13:24	EZK.17.21	2
13:24	ZEP.2.2	2
13:24	LUK.21.24	2
13:25	JOB.20.29	6
13:25	PSA.9.17	5
13:25	PSA.11.6	4
13:25	JER.2.32	4
13:25	MAT.24.51	4
13:25	ISA.28.15	3
13:25	JER.2.13	3
13:25	JER.7.4-JER.7.8	3
13:25	DEU.32.16-DEU.32.18	2
13:25	DEU.32.37-DEU.32.38	2
13:25	PSA.106.21-PSA.106.22	2
13:25	ISA.17.4	2
13:25	JER.10.14	2
13:25	MIC.3.11	2
13:25	HAB.2.18-HAB.2.19	2
13:26	LAM.1.8	6
13:26	HOS.2.10	6
13:26	EZK.16.37	4
13:26	EZK.23.29	4
13:26	JER.13.22	2
13:27	ISA.65.7	4
13:27	EZK.6.13	4
13:27	EZK.24.13	4
13:27	HOS.8.5	4
13:27	PRO.1.22	3
13:27	JER.2.20-JER.2.24	3
13:27	JER.5.7-JER.5.8	3
13:27	EZK.36.37	3
13:27	HOS.4.2	3
13:27	2CO.7.1	3
13:27	2CO.12.21	3
13:27	JAS.4.4	3
13:27	PSA.94.4	2
13:27	ISA.57.7	2
13:27	JER.3.1-JER.3.2	2
13:27	JER.4.13-JER.4.14	2
13:27	EZK.2.10	2
13:27	EZK.16.15-EZK.16.22	2
13:27	EZK.20.28	2
13:27	EZK.23.2-EZK.23.21	2
13:27	EZK.24.6	2
13:27	EZK.36.25	2
13:27	HOS.1.2	2
13:27	ZEP.3.1	2
13:27	MAT.11.21	2
13:27	REV.8.13	2
13:27	PSA.94.8	1
13:27	JER.3.6	1
13:27	LUK.11.9-LUK.11.13	1
14:1	JER.17.8	5
14:2	ISA.3.26	9
14:2	JER.8.21	7
14:2	1SA.5.12	5
14:2	LAM.4.8-LAM.4.9	4
14:2	ZEC.7.13	4
14:2	JER.11.11	3
14:2	EXO.2.24	2
14:2	1SA.9.16	2
14:2	JOB.34.28	2
14:2	ISA.5.7	2
14:2	ISA.15.5	2
14:2	ISA.24.4	2
14:2	ISA.24.7	2
14:2	ISA.33.9	2
14:2	JER.4.28	2
14:2	JER.12.4	2
14:2	JER.18.22	2
14:2	LAM.2.9	2
14:2	LAM.5.10	2
14:2	HOS.4.3	2
14:2	JOL.1.10	2
14:2	JOL.2.6	2
14:3	2SA.15.30	5
14:3	2KI.18.31	4
14:3	PSA.40.14	4
14:3	JER.2.13	4
14:3	AMO.4.8	3
14:3	2SA.19.4	2
14:3	1KI.17.7	2
14:3	1KI.18.5-1KI.18.6	2
14:3	EST.6.12	2
14:3	JOB.6.20	2
14:3	PSA.109.29	2
14:3	ISA.45.16-ISA.45.17	2
14:3	JER.2.26-JER.2.27	2
14:3	JER.14.4	2
14:3	JER.20.11	2
14:3	JOL.1.20	2
14:4	JOL.1.11	5
14:4	JOL.1.19-JOL.1.20	5
14:4	JER.3.3	4
14:4	LEV.26.19-LEV.26.20	3
14:4	DEU.29.23	3
14:4	JOL.1.17	3
14:4	DEU.28.23-DEU.28.24	1
14:5	PSA.29.9	4
14:5	JOB.39.1-JOB.39.4	2
14:5	ISA.15.6	2
14:6	JER.2.24	5
14:6	JOB.39.5-JOB.39.6	4
14:6	JOL.1.18	3
14:6	1SA.14.29	2
14:6	LAM.4.17	2
14:6	LAM.5.17	2
14:7	PSA.25.11	9
14:7	JER.14.20-JER.14.21	8
14:7	HOS.5.5	8
14:7	ISA.59.12	7
14:7	JER.5.6	7
14:7	JER.2.19	6
14:7	DAN.9.5-DAN.9.16	6
14:7	NEH.9.33-NEH.9.34	5
14:7	PSA.115.1	5
14:7	EZK.20.22	5
14:7	DAN.9.18-DAN.9.19	5
14:7	HOS.7.10	5
14:7	EPH.1.6	5
14:7	EPH.1.12	5
14:7	JOS.7.9	4
14:7	EZR.9.6-EZR.9.7	4
14:7	EZR.9.15	4
14:7	EZK.20.14	4
14:7	DEU.32.27	3
14:7	JER.3.6	3
14:7	JER.8.14	3
14:7	EZK.20.9	3
14:8	JER.17.13	7
14:8	JER.50.7	6
14:8	PSA.50.15	5
14:8	ISA.43.3	5
14:8	PSA.37.39-PSA.37.40	4
14:8	ISA.43.11	4
14:8	ISA.45.21	4
14:8	JOL.3.16	4
14:8	PSA.9.9	3
14:8	PSA.46.1	3
14:8	PSA.91.15	3
14:8	PSA.138.7	3
14:8	ISA.45.15	3
14:8	ACT.28.20	3
14:8	2CO.1.4-2CO.1.5	3
14:8	1TI.1.1	3
14:8	PSA.10.1	2
14:8	JDG.19.17	1
14:9	ISA.59.1	5
14:9	ISA.63.19	5
14:9	NUM.11.23	4
14:9	NUM.14.15-NUM.14.16	4
14:9	PSA.46.5	4
14:9	JER.15.16	4
14:9	EXO.29.45-EXO.29.46	3
14:9	ISA.50.1-ISA.50.2	3
14:9	DAN.9.18-DAN.9.19	3
14:9	2CO.6.16	3
14:9	HEB.13.5	3
14:9	LEV.26.11-LEV.26.12	2
14:9	DEU.23.14	2
14:9	1SA.12.22	2
14:9	PSA.27.9	2
14:9	PSA.44.23-PSA.44.26	2
14:9	ISA.12.6	2
14:9	ISA.51.9	2
14:9	JER.8.19	2
14:9	ZEC.2.5	2
14:9	REV.21.3	2
14:10	HOS.9.9	7
14:10	PSA.119.101	5
14:10	HOS.8.13	5
14:10	JER.6.20	4
14:10	AMO.5.22	4
14:10	JER.31.34	3
14:10	HEB.8.12	3
14:10	1SA.15.2	2
14:10	1KI.17.18	2
14:10	PSA.109.14-PSA.109.15	2
14:10	JER.2.23-JER.2.25	2
14:10	JER.2.36	2
14:10	JER.3.1-JER.3.2	2
14:10	JER.8.5	2
14:10	JER.44.21-JER.44.23	2
14:10	HOS.11.7	2
14:10	HOS.11.9	2
14:10	MAL.1.8-MAL.1.13	2
14:11	JER.7.16	10
14:11	JER.11.14	7
14:11	EXO.32.32-EXO.32.34	2
14:11	EXO.32.10	1
14:11	JER.15.1	1
14:12	JER.11.11	7
14:12	PRO.1.28	6
14:12	EZK.8.18	6
14:12	JER.6.20	5
14:12	EZK.14.21	5
14:12	MIC.3.4	5
14:12	ZEC.7.13	5
14:12	JER.16.4	4
14:12	JER.24.10	4
14:12	PRO.15.8	2
14:12	PRO.21.27	2
14:12	PRO.28.9	2
14:12	ISA.1.11-ISA.1.15	2
14:12	ISA.58.3	2
14:12	JER.7.21-JER.7.22	2
14:12	JER.9.16	2
14:12	JER.15.2-JER.15.3	2
14:12	JER.21.7-JER.21.9	2
14:12	JER.29.17-JER.29.18	2
14:12	EZK.5.12-EZK.5.17	2
14:13	JER.6.14	6
14:13	JER.4.10	4
14:13	JER.23.17	4
14:13	MIC.3.11	4
14:13	2PE.2.1	4
14:13	JER.5.12	3
14:13	JER.8.11	3
14:13	JER.1.6	2
14:13	JER.5.31	2
14:13	JER.28.2-JER.28.5	2
14:13	EZK.13.10-EZK.13.16	2
14:13	EZK.13.22	2
14:14	EZK.13.6-EZK.13.7	15
14:14	JER.29.8-JER.29.9	10
14:14	ISA.30.10-ISA.30.11	9
14:14	JER.29.31	9
14:14	LAM.2.14	9
14:14	EZK.12.24	9
14:14	JER.27.9-JER.27.10	8
14:14	2TH.2.9-2TH.2.11	8
14:14	JER.5.31	7
14:14	MIC.3.11	7
14:14	JER.23.21-JER.23.32	6
14:14	JER.27.14-JER.27.15	6
14:14	JER.23.14-JER.23.16	5
14:14	EZK.13.23	5
14:14	EZK.21.29	5
14:14	ZEC.10.2	5
14:14	ZEC.13.3	5
14:14	1TI.4.2	5
14:14	ISA.9.15	4
14:14	JER.28.13	4
14:14	JER.28.15	4
14:14	JER.29.21	4
14:14	JER.37.19	4
14:15	JER.5.12-JER.5.13	4
14:15	EZK.14.10	3
14:15	1KI.22.25	2
14:15	JER.6.15	2
14:15	JER.8.12	2
14:15	JER.20.6	2
14:15	JER.23.14-JER.23.15	2
14:15	JER.28.15-JER.28.17	2
14:15	JER.29.20-JER.29.21	2
14:15	JER.29.31-JER.29.32	2
14:15	AMO.7.17	2
14:15	2PE.2.1-2PE.2.3	2
14:15	2PE.2.14-2PE.2.17	2
14:15	REV.19.20	2
14:16	PSA.79.2-PSA.79.3	4
14:16	PRO.1.31	4
14:16	JER.7.33	4
14:16	JER.15.2-JER.15.3	4
14:16	JER.13.22-JER.13.25	3
14:16	JER.16.4	3
14:16	JER.18.21	3
14:16	ISA.9.16	2
14:16	JER.2.17-JER.2.19	2
14:16	JER.4.18	2
14:16	JER.5.31	2
14:16	JER.9.22	2
14:16	JER.19.6-JER.19.7	2
14:16	MAT.15.14	2
14:16	REV.16.1	2
14:17	JER.8.21	7
14:17	JER.9.1	5
14:17	JER.13.17	5
14:17	LAM.1.15-LAM.1.16	5
14:17	LAM.2.13	5
14:17	MIC.6.13	4
14:17	PSA.39.10	3
14:17	PSA.119.136	3
14:17	ISA.37.22	3
14:17	JER.10.19	3
14:17	LAM.2.18	3
14:17	JER.30.14-JER.30.15	2
14:17	LAM.3.48-LAM.3.49	2
14:17	AMO.5.2	2
14:17	JER.8.18	1
14:17	PSA.80.4-PSA.80.5	0
14:18	EZK.7.15	7
14:18	LAM.1.20	5
14:18	JER.8.10	4
14:18	DEU.28.36	3
14:18	JER.5.31	3
14:18	JER.6.13	3
14:18	JER.52.6-JER.52.7	3
14:18	DEU.28.64	2
14:18	ISA.28.7	2
14:18	JER.2.8	2
14:18	JER.23.21	2
14:18	LAM.4.9	2
14:18	LAM.4.13-LAM.4.16	2
14:18	MIC.3.11	2
14:18	2PE.2.3	2
14:19	JER.8.15	5
14:19	LAM.5.22	5
14:19	JER.6.30	4
14:19	1TH.5.3	4
14:19	2KI.17.19-2KI.17.20	3
14:19	JOB.30.26	3
14:19	PSA.78.59	3
14:19	JER.12.8	3
14:19	JER.15.18	3
14:19	JER.30.13	3
14:19	2CH.36.16	2
14:19	PSA.80.12-PSA.80.13	2
14:19	PSA.89.38	2
14:19	JER.7.29	2
14:19	JER.8.22	2
14:19	JER.15.1	2
14:19	LAM.2.13	2
14:19	LAM.4.17	2
14:19	ZEC.11.8-ZEC.11.9	2
14:19	ROM.11.1-ROM.11.6	2
14:20	PSA.32.5	5
14:20	JER.3.25	5
14:20	LUK.15.18-LUK.15.21	4
14:20	1JN.1.7-1JN.1.9	4
14:20	LEV.26.40-LEV.26.42	3
14:20	PSA.51.3-PSA.51.4	3
14:20	PSA.106.6-PSA.106.48	3
14:20	JER.3.13	3
14:20	DAN.9.5-DAN.9.8	3
14:20	2SA.12.13	2
14:20	2SA.24.10	2
14:20	EZR.9.6-EZR.9.7	2
14:20	NEH.9.2	2
14:20	JOB.33.27	2
14:21	JER.14.7	8
14:21	PSA.106.45	5
14:21	JER.3.17	4
14:21	PSA.89.39-PSA.89.40	3
14:21	JER.17.12	3
14:21	EZK.36.22-EZK.36.23	3
14:21	DAN.9.15-DAN.9.19	3
14:21	EXO.32.13	2
14:21	LEV.26.11	2
14:21	LEV.26.42-LEV.26.45	2
14:21	DEU.32.19	2
14:21	PSA.51.11	2
14:21	PSA.74.2-PSA.74.7	2
14:21	PSA.74.18-PSA.74.20	2
14:21	PSA.79.9-PSA.79.10	2
14:21	PSA.106.40	2
14:21	ISA.64.9-ISA.64.12	2
14:21	JER.14.19	2
14:21	LAM.1.10	2
14:21	LAM.2.6-LAM.2.7	2
14:21	LAM.2.20	2
14:21	EZK.7.20-EZK.7.22	2
14:21	EZK.24.21	2
14:21	EZK.39.25	2
14:21	EZK.43.7	2
14:21	DAN.8.11-DAN.8.13	2
14:21	DAN.9.7	2
14:21	AMO.6.8	2
14:21	ZEC.11.10-ZEC.11.11	2
14:21	LUK.1.72	2
14:21	LUK.21.24	2
14:21	EPH.2.7	2
14:21	HEB.8.6-HEB.8.13	2
14:21	REV.11.2	2
14:22	JOL.2.23	12
14:22	JER.5.24	11
14:22	PSA.135.7	10
14:22	ISA.30.23	8
14:22	DEU.32.21	7
14:22	DEU.28.12	5
14:22	1KI.17.1	5
14:22	1KI.17.14	5
14:22	JOB.38.26-JOB.38.28	5
14:22	PSA.25.21	5
14:22	PSA.130.5	5
14:22	ISA.41.29	5
14:22	JER.10.15	5
14:22	JER.16.19	5
14:22	JER.51.16	5
14:22	LAM.3.25-LAM.3.26	5
14:22	ZEC.10.1-ZEC.10.2	5
14:22	1KI.8.36	3
14:22	1KI.18.1	3
14:22	1KI.18.39-1KI.18.45	3
14:22	JOB.5.10	3
14:22	PSA.25.3	3
14:22	PSA.27.14	3
14:22	PSA.74.1-PSA.74.2	3
14:22	PSA.147.8	3
14:22	ISA.30.18	3
14:22	ISA.44.12-ISA.44.20	3
14:22	JER.10.13	3
14:22	AMO.4.7	3
14:22	MIC.7.7	3
14:22	HAB.3.17-HAB.3.19	3
14:22	ACT.14.15-ACT.14.17	3
14:22	MAT.5.45	2
15:1	EZK.14.14	47
15:1	EZK.14.20-EZK.14.21	37
15:1	JER.14.11	30
15:1	JER.11.14	29
15:1	PSA.106.23	26
15:1	JER.7.15-JER.7.16	25
15:1	EXO.32.11-EXO.32.14	21
15:1	PSA.99.6	20
15:1	1SA.12.23	19
15:1	2KI.17.20	18
15:1	JER.52.3	17
15:1	1SA.7.9	16
15:1	JER.23.39	15
15:1	NUM.14.13-NUM.14.20	14
15:1	JER.15.19	14
15:1	PRO.14.35	13
15:1	JER.18.20	13
15:1	ZEC.3.3	10
15:1	HEB.9.24	10
15:1	GEN.19.27	9
15:1	JDG.5.9	9
15:1	JER.35.19	9
15:2	JER.43.11	10
15:2	ZEC.11.9	8
15:2	EZK.5.2	6
15:2	REV.6.3-REV.6.8	6
15:2	REV.13.10	6
15:2	ISA.24.18	5
15:2	JER.14.12	5
15:2	EZK.5.12	5
15:2	JER.24.9-JER.24.10	3
15:2	DAN.9.12	3
15:2	AMO.5.19	3
15:2	EZK.14.21	2
15:3	DEU.28.26	8
15:3	LEV.26.16	7
15:3	LEV.26.22	7
15:3	LEV.26.25	5
15:3	EZK.14.21	5
15:3	REV.6.8	5
15:3	1KI.21.23-1KI.21.24	4
15:3	ISA.18.6	4
15:3	JER.7.33	4
15:3	ISA.56.9-ISA.56.10	3
15:3	REV.19.17-REV.19.18	3
15:3	2KI.9.35-2KI.9.37	1
15:4	JER.24.9	6
15:4	2KI.21.11-2KI.21.13	5
15:4	2KI.21.16-2KI.21.17	5
15:4	2KI.23.26-2KI.23.27	5
15:4	2KI.24.3-2KI.24.4	5
15:4	DEU.28.25	4
15:4	JER.29.18	4
15:4	EZK.23.46	4
15:4	LEV.26.33	3
15:4	2KI.21.2	3
15:4	JER.34.17	3
15:4	DEU.28.64	2
15:4	JER.9.16	2
15:4	LAM.1.8	2
15:5	ISA.51.19	7
15:5	NAM.3.7	5
15:5	JER.21.7	4
15:5	PSA.69.20	3
15:5	EXO.18.7	2
15:5	1SA.17.22	2
15:5	1SA.25.5	2
15:5	JOB.19.21	2
15:5	JER.13.14	2
15:5	JER.16.5	2
15:5	LAM.1.12-LAM.1.16	2
15:5	LAM.2.15-LAM.2.16	2
15:5	JDG.18.15	1
15:5	1SA.10.4	1
15:6	JER.7.24	9
15:6	ZEP.1.4	5
15:6	ISA.1.4	4
15:6	HOS.11.7	4
15:6	ZEC.7.11	4
15:6	JER.1.16	3
15:6	JER.2.17	3
15:6	JER.6.11	3
15:6	JER.6.19	3
15:6	EZK.25.7	3
15:6	HOS.13.14	3
15:6	PSA.78.38-PSA.78.40	2
15:6	ISA.28.13	2
15:6	JER.2.13	2
15:6	JER.2.19	2
15:6	JER.8.5	2
15:6	JER.20.9	2
15:6	EZK.12.26-EZK.12.28	2
15:6	EZK.14.9	2
15:6	HOS.4.16	2
15:6	AMO.7.3-AMO.7.8	2
15:7	JER.51.2	6
15:7	MAT.3.12	6
15:7	ISA.9.13	5
15:7	ISA.41.16	5
15:7	JER.5.3	5
15:7	PSA.1.4	4
15:7	JER.8.4-JER.8.5	4
15:7	JER.18.21	4
15:7	DEU.28.41	3
15:7	JER.4.11-JER.4.12	3
15:7	EZK.24.25	3
15:7	HOS.9.12-HOS.9.17	3
15:7	AMO.4.10-AMO.4.12	3
15:7	ZEC.1.4	3
15:7	DEU.28.18	2
15:7	DEU.28.32	2
15:7	DEU.28.53-DEU.28.56	2
15:7	JER.9.21	2
15:7	EZK.24.21	2
15:8	ISA.3.25-ISA.4.1	3
15:8	JER.4.16	2
15:8	JER.5.6	2
15:8	JER.6.4-JER.6.5	2
15:8	LUK.21.35	2
15:9	1SA.2.5	5
15:9	ISA.47.9	4
15:9	LAM.1.1	3
15:9	AMO.8.9-AMO.8.10	3
15:9	JER.15.2-JER.15.3	2
15:9	JER.21.7	2
15:9	JER.44.27	2
15:9	LAM.4.10	2
15:9	EZK.5.12	2
15:10	LUK.6.22	4
15:10	JOB.3.1-JOB.3.26	3
15:10	PSA.120.5-PSA.120.6	3
15:10	JER.1.18-JER.1.19	3
15:10	JER.15.20	3
15:10	EZK.3.7-EZK.3.9	3
15:10	MAT.10.21-MAT.10.23	3
15:10	LUK.2.34	3
15:10	ACT.16.20-ACT.16.22	3
15:10	ACT.17.6-ACT.17.8	3
15:10	EXO.22.25	2
15:10	DEU.23.19-DEU.23.20	2
15:10	1KI.18.17-1KI.18.18	2
15:10	1KI.21.20	2
15:10	1KI.22.8	2
15:10	NEH.5.1-NEH.5.6	2
15:10	PSA.15.5	2
15:10	PSA.109.28	2
15:10	PRO.26.2	2
15:10	JER.20.7-JER.20.8	2
15:10	JER.20.14-JER.20.18	2
15:10	MAT.5.44	2
15:10	1CO.4.9-1CO.4.13	2
15:10	LEV.25.36	1
15:10	EZK.2.6-EZK.2.7	1
15:10	MAT.24.9	1
15:10	ACT.19.8-ACT.19.9	1
15:10	ACT.19.25-ACT.19.28	0
15:10	ACT.28.22	0
15:11	PRO.16.7	13
15:11	JER.29.11-JER.29.14	10
15:11	PSA.106.46	9
15:11	PSA.37.3-PSA.37.11	7
15:11	ECC.8.12	6
15:11	JER.37.3	6
15:11	JER.21.2	4
15:11	JER.40.2-JER.40.6	4
15:11	JER.42.2	3
15:11	PRO.21.1	2
15:11	JER.39.11-JER.39.12	2
15:12	JOB.40.9	2
15:12	ISA.45.9	2
15:12	JER.1.18-JER.1.19	2
15:12	JER.21.4-JER.21.5	2
15:12	JER.28.14	2
15:12	HAB.1.5-HAB.1.10	2
15:13	JER.17.3	8
15:13	PSA.44.12	6
15:13	ISA.52.3	5
15:13	JER.20.5	4
15:13	ISA.52.5	3
15:13	JER.15.8	3
15:14	DEU.32.22	6
15:14	JER.16.13	6
15:14	DEU.28.36	4
15:14	PSA.21.9	4
15:14	JER.17.4	4
15:14	DEU.28.64	3
15:14	LEV.26.38-LEV.26.39	2
15:14	DEU.28.25	2
15:14	DEU.29.23	2
15:14	ISA.42.25	2
15:14	ISA.66.15-ISA.66.16	2
15:14	JER.4.4	2
15:14	JER.14.18	2
15:14	JER.15.4	2
15:14	JER.52.27	2
15:14	AMO.5.27	2
15:14	NAM.1.5-NAM.1.6	2
15:14	HEB.12.29	2
15:15	PSA.69.7-PSA.69.9	7
15:15	JER.12.3	7
15:15	LUK.21.17	6
15:15	NEH.13.22	5
15:15	JER.17.16	5
15:15	JER.20.12	5
15:15	NEH.5.19	4
15:15	PSA.106.4	4
15:15	PSA.119.84	4
15:15	JER.20.8	4
15:15	MAT.10.22	4
15:15	LUK.18.7-LUK.18.8	4
15:15	1PE.4.14-1PE.4.16	4
15:15	JER.15.10	3
15:15	MAT.5.10-MAT.5.12	3
15:15	MAT.19.29	3
15:15	LUK.6.22-LUK.6.23	3
15:15	JHN.21.15-JHN.21.17	3
15:15	ROM.12.19	3
15:15	2CO.5.11	3
15:15	2TI.4.14	3
15:15	REV.6.10	3
15:15	REV.18.20	3
15:15	NEH.6.14	2
15:15	NEH.13.31	2
15:15	JOB.10.7	2
15:15	PSA.7.3-PSA.7.5	2
15:15	PSA.17.3	2
15:15	PSA.39.13	2
15:15	PSA.102.24	2
15:15	PSA.109.26-PSA.109.29	2
15:15	PSA.119.132-PSA.119.134	2
15:15	ISA.38.3	2
15:15	JER.11.18-JER.11.21	2
15:15	ROM.8.35	1
15:16	REV.10.9-REV.10.10	549
15:16	EZK.3.1-EZK.3.3	507
15:16	PSA.119.101-PSA.119.103	358
15:16	JOB.23.12	264
15:16	PSA.19.10	228
15:16	PSA.119.111	186
15:16	PSA.119.97	176
15:16	PSA.119.72	160
15:16	JER.14.9	114
15:17	PSA.1.1	7
15:17	LAM.3.28	7
15:17	PSA.26.4-PSA.26.5	4
15:17	EZK.3.24-EZK.3.25	4
15:17	PSA.102.7	3
15:17	JER.6.11	3
15:17	JER.13.17	3
15:17	2CO.6.17	3
15:17	JER.1.10	2
15:17	JER.16.8	2
15:17	JER.20.8-JER.20.9	2
15:17	DAN.7.28	2
15:18	JER.30.15	6
15:18	JOB.34.6	5
15:18	MIC.1.9	4
15:18	JOB.6.15-JOB.6.20	3
15:18	PSA.6.3	3
15:18	PSA.13.1-PSA.13.3	3
15:18	JER.1.18-JER.1.19	3
15:18	JER.14.3	3
15:18	JER.14.19	3
15:18	JER.20.7	3
15:18	JER.30.12	3
15:18	LAM.3.1-LAM.3.18	2
15:19	ZEC.3.7	26
15:19	LUK.21.15	19
15:19	LEV.10.10	18
15:19	EZK.44.23	16
15:19	EZK.22.26	14
15:19	JUD.1.24	11
15:19	GAL.1.10	10
15:19	HEB.5.14	9
15:19	EXO.4.12	8
15:19	EXO.4.15-EXO.4.16	8
15:19	JER.15.1	8
15:19	LUK.10.16	8
15:19	ACT.20.27	8
15:19	EZK.2.7	7
15:19	PRO.22.29	6
15:19	JER.20.9	6
15:19	JER.38.20-JER.38.21	6
15:19	LUK.1.19	6
15:19	LUK.12.12	6
15:19	EZK.3.10-EZK.3.11	5
15:19	LUK.21.36	5
15:19	GAL.2.5	5
15:19	EXO.6.29-EXO.6.30	4
15:19	1KI.17.1	4
15:19	JER.15.10-JER.15.18	4
15:19	ISA.32.5-ISA.32.6	3
15:19	JON.3.2	2
15:19	2CO.5.16	2
15:20	JER.1.18-JER.1.19	8
15:20	EZK.3.9	6
15:20	PSA.46.7	5
15:20	PSA.124.1-PSA.124.3	5
15:20	ISA.8.9-ISA.8.10	5
15:20	ACT.18.9-ACT.18.10	5
15:20	PSA.46.11	4
15:20	PSA.129.1-PSA.129.2	4
15:20	ISA.41.10	4
15:20	JER.1.8	4
15:20	JER.20.11-JER.20.12	4
15:20	2TI.4.16-2TI.4.17	4
15:20	JER.6.27	3
15:20	ACT.4.8-ACT.4.13	3
15:20	ACT.4.29-ACT.4.31	3
15:20	ACT.5.29-ACT.5.32	3
15:20	ROM.8.31-ROM.8.39	3
15:20	2TI.4.22	3
15:20	ISA.7.14	2
15:21	2CO.1.10	14
15:21	ISA.49.24-ISA.49.25	12
15:21	JER.50.34	11
15:21	ISA.54.17	10
15:21	GEN.48.16	9
15:21	PSA.37.40	9
15:21	ISA.29.20	9
15:21	PSA.27.2	8
15:21	ISA.29.5	6
15:21	MAT.6.13	6
15:21	ROM.16.20	6
15:21	ISA.25.3-ISA.25.5	5
16:1	JER.1.2	2
16:1	JER.1.4	2
16:1	JER.2.1	2
16:2	GEN.19.14	2
16:2	LUK.21.23	2
16:2	LUK.23.29	2
16:2	1CO.7.26-1CO.7.27	2
16:2	MAT.24.19	1
16:3	JER.6.21	2
16:3	JER.16.5	2
16:3	JER.16.9	2
16:4	JER.25.33	8
16:4	PSA.83.10	6
16:4	JER.9.22	5
16:4	JER.15.2-JER.15.3	4
16:4	JER.22.18-JER.22.19	4
16:4	JER.34.20	4
16:4	ZEP.1.17	4
16:4	2KI.9.10	3
16:4	PSA.79.2-PSA.79.3	3
16:4	ISA.18.6	3
16:4	JER.7.33	3
16:4	REV.19.17-REV.19.18	3
16:4	1KI.14.10-1KI.14.11	2
16:4	1KI.21.23-1KI.21.24	2
16:4	2KI.9.36-2KI.9.37	2
16:4	PSA.78.64	2
16:4	ISA.5.25	2
16:4	JER.8.1-JER.8.3	2
16:4	JER.14.15-JER.14.16	2
16:4	JER.16.5-JER.16.7	2
16:4	JER.34.17	2
16:4	JER.36.30	2
16:4	JER.44.27	2
16:4	EZK.5.12	2
16:4	EZK.39.17-EZK.39.20	2
16:4	AMO.6.9-AMO.6.10	2
16:4	JER.44.12	1
16:5	EZK.24.16-EZK.24.23	6
16:5	ISA.27.11	5
16:5	DEU.31.17	4
16:5	JER.15.1-JER.15.4	4
16:5	JER.16.6-JER.16.7	3
16:5	REV.6.4	3
16:5	2CH.15.5-2CH.15.6	2
16:5	ZEC.8.10	2
16:6	DEU.14.1	6
16:6	JER.41.5	5
16:6	JER.47.5	5
16:6	LEV.19.28	4
16:6	ISA.22.12	3
16:6	JER.48.37	3
16:6	ISA.9.14-ISA.9.17	2
16:6	ISA.24.2	2
16:6	JER.7.29	2
16:6	JER.13.13	2
16:6	JER.16.4	2
16:6	JER.22.18-JER.22.19	2
16:6	EZK.9.5-EZK.9.6	2
16:6	REV.6.15	2
16:6	AMO.6.11	1
16:6	REV.20.12	1
16:7	EZK.24.17	5
16:7	HOS.9.4	5
16:7	DEU.26.14	4
16:7	JOB.42.11	2
16:7	PRO.31.6-PRO.31.7	2
16:8	ECC.7.2-ECC.7.4	5
16:8	JER.15.17	5
16:8	ISA.22.12-ISA.22.14	4
16:8	AMO.6.4-AMO.6.6	4
16:8	PSA.26.4	3
16:8	MAT.24.38	3
16:8	LUK.17.27-LUK.17.29	3
16:8	1CO.5.11	3
16:8	EPH.5.11	3
16:9	JER.7.34	5
16:9	JER.25.10	5
16:9	EZK.26.13	5
16:9	HOS.2.11	5
16:9	ISA.24.7-ISA.24.12	3
16:9	REV.18.22-REV.18.23	2
16:10	JER.5.19	5
16:10	DEU.29.24-DEU.29.25	3
16:10	1KI.9.8-1KI.9.9	3
16:10	JER.13.22	3
16:10	JER.2.35	2
16:10	JER.22.8-JER.22.9	2
16:10	HOS.12.8	2
16:11	PSA.106.35-PSA.106.41	4
16:11	DEU.29.25-DEU.29.26	3
16:11	1KI.9.9	3
16:11	NEH.9.26-NEH.9.29	3
16:11	JER.5.7-JER.5.9	3
16:11	JER.8.2	3
16:11	JER.22.9	3
16:11	EZK.11.21	3
16:11	1PE.4.3	3
16:11	JDG.2.12-JDG.2.13	2
16:11	JDG.10.13-JDG.10.14	2
16:11	JER.2.8	2
16:11	JER.9.14	2
16:11	DAN.9.10-DAN.9.12	2
16:12	JER.7.26	6
16:12	JER.13.10	6
16:12	ECC.9.3	4
16:12	JER.9.14	4
16:12	JDG.2.19	3
16:12	1SA.15.23	3
16:12	JER.7.24	3
16:12	MRK.7.21	3
16:12	GEN.6.5	2
16:12	GEN.8.21	2
16:12	DEU.9.27	2
16:12	DEU.29.19	2
16:12	ECC.8.12	2
16:12	JER.17.9	2
16:12	2TI.3.13	2
16:12	HEB.3.12	2
16:13	DEU.28.36	9
16:13	DEU.4.26-DEU.4.28	8
16:13	JER.15.14	7
16:13	JER.17.4	6
16:13	2CH.7.20	5
16:13	LEV.18.27-LEV.18.28	4
16:13	DEU.30.17-DEU.30.18	4
16:13	DEU.28.63-DEU.28.65	3
16:13	DEU.29.28	3
16:13	JOS.23.15-JOS.23.16	3
16:13	PSA.81.12	3
16:13	JER.5.19	3
16:13	JER.6.15	3
16:13	JER.14.8	3
16:13	JER.15.4	3
16:13	JER.22.28	3
16:14	JER.23.7-JER.23.8	10
16:14	EXO.20.2	5
16:14	DEU.15.15	5
16:14	HOS.3.4-HOS.3.5	4
16:14	MIC.6.4	4
16:14	ISA.43.18-ISA.43.19	0
16:15	JER.3.18	6
16:15	JER.24.6	6
16:15	JER.32.37	6
16:15	PSA.106.47	4
16:15	ISA.11.11-ISA.11.16	4
16:15	EZK.36.24	4
16:15	EZK.39.28	4
16:15	AMO.9.14	4
16:15	DEU.30.3-DEU.30.5	3
16:15	ISA.14.1	3
16:15	JER.30.3	3
16:15	JER.30.10	3
16:15	JER.31.8	3
16:15	EZK.34.12-EZK.34.14	3
16:15	EZK.37.21-EZK.37.22	3
16:15	ISA.13.5-ISA.13.6	2
16:15	ISA.27.12-ISA.27.13	2
16:15	JER.23.8	2
16:15	JER.50.19	2
16:16	HAB.1.14-HAB.1.15	8
16:16	AMO.4.2	7
16:16	MIC.7.2	6
16:16	REV.6.15-REV.6.17	5
16:16	1SA.26.20	4
16:16	AMO.9.1-AMO.9.3	4
16:16	GEN.10.9	3
16:16	ISA.24.17-ISA.24.18	2
16:16	JER.25.9	2
16:16	1SA.24.11	1
16:16	AMO.5.19	1
16:16	LUK.17.34-LUK.17.37	0
16:17	PRO.15.3	17
16:17	PRO.5.21	13
16:17	JER.23.24	13
16:17	PSA.90.8	12
16:17	JOB.34.21-JOB.34.22	11
16:17	2CH.16.9	10
16:17	JER.32.19	10
16:17	1CO.4.5	10
16:17	HEB.4.13	10
16:17	PSA.139.3	7
16:17	EZK.9.9	7
16:17	ISA.29.15	6
16:17	EZK.8.12	5
16:17	LUK.12.1-LUK.12.2	5
16:18	NUM.35.33-NUM.35.34	5
16:18	ISA.40.2	5
16:18	JER.2.7	4
16:18	JER.17.18	4
16:18	EZK.11.21	4
16:18	REV.18.6	4
16:18	ISA.61.7	3
16:18	JER.3.9	3
16:18	EZK.11.18	3
16:18	EZK.43.7-EZK.43.9	3
16:18	ZEP.3.1-ZEP.3.5	3
16:18	LEV.18.27-LEV.18.28	2
16:18	LEV.26.30	2
16:18	PSA.106.38	2
16:18	JER.3.1-JER.3.2	2
16:18	MIC.2.10	2
16:18	ISA.24.5	1
16:19	ISA.25.4	8
16:19	NAM.1.7	6
16:19	ISA.2.2-ISA.2.3	5
16:19	JER.17.17	5
16:19	PSA.18.1-PSA.18.2	4
16:19	PSA.86.9	4
16:19	PSA.91.1-PSA.91.2	4
16:19	ISA.44.10	4
16:19	JER.2.11	4
16:19	JER.10.5	4
16:19	JER.10.14-JER.10.15	4
16:19	MIC.4.1-MIC.4.2	4
16:19	HAB.2.18-HAB.2.19	4
16:19	ZEC.8.20-ZEC.8.23	4
16:19	1PE.1.18	4
16:19	PSA.22.27-PSA.22.30	3
16:19	PSA.62.2	3
16:19	ISA.49.6	3
16:19	ISA.60.1-ISA.60.3	3
16:19	JER.3.16-JER.3.17	3
16:19	EZK.11.16	3
16:19	HAB.3.19	3
16:19	ZEC.2.11	3
16:19	MAL.1.11	3
16:19	PSA.19.14	2
16:19	PSA.27.5	2
16:19	PSA.46.1	2
16:19	PSA.46.7	2
16:19	PSA.46.11	2
16:19	PSA.62.7	2
16:19	PSA.67.2-PSA.67.7	2
16:19	PSA.68.31	2
16:19	PSA.72.8-PSA.72.12	2
16:19	PRO.18.10	2
16:19	ISA.11.9-ISA.11.10	2
16:19	ISA.32.2	2
16:19	ISA.62.2	2
16:19	JER.3.23	2
16:19	REV.7.9-REV.7.11	2
16:19	PSA.144.1-PSA.144.2	1
16:19	REV.11.15	1
16:20	PSA.115.4-PSA.115.8	5
16:20	ISA.37.19	5
16:20	GAL.4.8	4
16:20	PSA.135.14-PSA.135.18	3
16:20	ISA.36.19	3
16:20	JER.2.11	3
16:20	HOS.8.4-HOS.8.6	3
16:20	ACT.19.26	3
16:20	GAL.1.8	2
16:21	PSA.9.16	6
16:21	PSA.83.18	5
16:21	JER.33.2	5
16:21	AMO.5.8	4
16:21	EXO.15.3	3
16:21	ISA.43.3	3
16:21	EXO.9.14-EXO.9.18	2
16:21	EXO.14.4	2
16:21	EZK.6.7	2
16:21	EZK.24.24	2
16:21	EZK.24.27	2
16:21	EZK.25.14	2
17:1	PRO.3.3	11
17:1	2CO.3.3	10
17:1	PRO.7.3	9
17:1	LEV.4.25	7
17:1	JOB.19.23-JOB.19.24	6
17:1	LEV.4.17-LEV.4.18	5
17:1	HOS.12.11	5
17:2	2CH.24.18	5
17:2	JER.2.20	4
17:2	JDG.3.7	3
17:2	2CH.33.3	3
17:2	ISA.1.29	3
17:2	ISA.17.8	3
17:2	2CH.33.19	2
17:2	PSA.78.58	2
17:2	JER.7.18	2
17:2	EZK.20.28	2
17:2	HOS.4.13-HOS.4.14	2
17:3	JER.15.13	5
17:3	2KI.24.13	4
17:3	JER.26.18	4
17:3	ISA.39.4-ISA.39.6	3
17:3	LEV.26.30	2
17:3	2KI.25.13-2KI.25.16	2
17:3	ISA.2.2-ISA.2.3	2
17:3	ISA.27.9	2
17:3	JER.12.12	2
17:3	JER.52.15-JER.52.20	2
17:3	LAM.1.10	2
17:3	LAM.5.17-LAM.5.18	2
17:3	EZK.6.3	2
17:3	EZK.7.20-EZK.7.22	2
17:3	EZK.16.39	2
17:3	MIC.1.5-MIC.1.7	2
17:3	MIC.3.12-MIC.4.2	2
17:4	JER.15.14	10
17:4	LAM.5.2	6
17:4	ISA.5.25	5
17:4	JER.7.20	5
17:4	MRK.9.43-MRK.9.49	5
17:4	DEU.4.26-DEU.4.27	3
17:4	ISA.14.3	3
17:4	JER.16.13	3
17:4	JER.27.12-JER.27.13	3
17:4	LEV.26.31-LEV.26.34	2
17:4	DEU.28.25	2
17:4	DEU.28.47-DEU.28.48	2
17:4	DEU.29.26-DEU.29.28	2
17:4	DEU.32.22-DEU.32.25	2
17:4	JOS.23.15-JOS.23.16	2
17:4	1KI.9.7	2
17:4	2KI.25.21	2
17:4	NEH.9.28	2
17:4	ISA.30.33	2
17:4	ISA.66.24	2
17:4	JER.5.29	2
17:4	JER.12.7	2
17:4	JER.25.9-JER.25.11	2
17:4	LAM.1.12	2
17:4	EZK.20.47-EZK.20.48	2
17:4	EZK.21.31	2
17:4	NAM.1.5-NAM.1.6	2
17:5	PSA.118.8-PSA.118.9	65
17:5	PSA.146.3-PSA.146.4	51
17:5	ISA.2.22	38
17:5	2CH.32.8	30
17:5	ISA.31.1-ISA.31.9	23
17:5	ISA.30.1-ISA.30.7	20
17:5	ISA.36.6	16
17:5	PSA.62.9	15
17:5	PSA.18.21	13
17:5	EZK.29.6-EZK.29.7	11
17:5	EZK.6.9	9
17:5	HOS.1.2	7
17:5	ISA.59.15	6
17:6	JOB.20.17	6
17:6	DEU.29.23	5
17:6	PSA.1.4	5
17:6	JOB.8.11-JOB.8.13	4
17:6	JOB.15.30-JOB.15.34	4
17:6	JOB.39.6	4
17:6	JER.48.6	4
17:6	JDG.9.45	3
17:6	PSA.129.6-PSA.129.8	3
17:6	ZEP.2.9	3
17:6	2KI.7.2	2
17:6	2KI.7.19-2KI.7.20	2
17:6	PSA.92.7	2
17:6	ISA.1.30	2
17:6	EZK.47.11	2
17:7	ISA.26.3-ISA.26.4	125
17:7	PSA.34.8	82
17:7	PSA.40.4	78
17:7	PSA.125.1	58
17:7	ISA.30.18	50
17:7	PSA.84.12	45
17:7	PRO.16.20	44
17:7	PSA.146.5	39
17:7	PSA.2.12	27
17:7	EPH.1.12	27
17:8	PSA.1.3	54
17:8	ISA.58.11	40
17:8	EZK.47.12	36
17:8	EZK.31.4-EZK.31.10	31
17:8	PSA.92.10-PSA.92.15	25
17:8	JOB.8.16	17
17:8	JER.14.1-JER.14.6	11
17:9	MRK.7.21-MRK.7.22	101
17:9	MAT.15.19	89
17:9	ECC.9.3	75
17:9	PRO.28.26	70
17:9	HEB.3.12	64
17:9	GEN.6.5	63
17:9	JAS.1.14-JAS.1.15	55
17:9	GEN.8.21	47
17:9	MAT.13.15	42
17:9	PSA.53.1-PSA.53.3	39
17:9	JER.16.12	34
17:9	PSA.51.5	32
17:9	JOB.15.14-JOB.15.16	27
17:10	1SA.16.7	48
17:10	ROM.8.27	45
17:10	JER.11.20	36
17:10	HEB.4.12-HEB.4.13	34
17:10	REV.2.23	34
17:10	PSA.139.23-PSA.139.24	31
17:10	JER.32.19	28
17:10	JER.20.12	22
17:10	1CH.28.9	21
17:10	GAL.6.7-GAL.6.8	19
17:10	PSA.62.12	18
17:10	PRO.17.3	18
17:10	MAT.16.27	18
17:10	REV.22.12	18
17:10	ROM.2.6-ROM.2.8	17
17:10	2CH.6.30	16
17:10	ISA.3.10-ISA.3.11	16
17:10	REV.20.12	15
17:10	PSA.7.9	14
17:10	JHN.2.25	14
17:10	1CH.29.17	13
17:10	JER.21.14	13
17:10	ROM.6.21	12
17:10	MIC.7.13	11
17:10	PSA.139.1-PSA.139.2	10
17:11	PRO.28.20	9
17:11	PRO.21.6	8
17:11	JER.22.17	7
17:11	JER.22.13	6
17:11	PRO.15.27	5
17:11	PRO.28.8	5
17:11	PSA.55.23	4
17:11	PRO.13.11	4
17:11	PRO.28.22	4
17:11	ECC.5.13-ECC.5.16	4
17:11	MIC.2.1-MIC.2.2	4
17:11	HAB.2.6-HAB.2.12	4
17:11	ZEP.1.9	4
17:11	TIT.1.11	4
17:11	2PE.2.14	4
17:11	ZEC.7.9-ZEC.7.13	3
17:11	LUK.12.20	3
17:11	JAS.5.3-JAS.5.5	3
17:11	PRO.1.18-PRO.1.19	2
17:11	PRO.23.5	2
17:11	PRO.28.16	2
17:11	JER.5.27-JER.5.28	2
17:11	EZK.22.12-EZK.22.13	2
17:11	HOS.12.7-HOS.12.8	2
17:11	AMO.3.10	2
17:11	AMO.8.4-AMO.8.6	2
17:11	MIC.2.9	2
17:11	MIC.6.10-MIC.6.12	2
17:11	MIC.7.3	2
17:11	ZEC.5.4	2
17:11	MAL.3.5	2
17:11	MAT.23.13	2
17:11	1TI.6.9	2
17:11	2PE.2.3	2
17:11	ISA.1.23-ISA.1.24	1
17:12	PSA.96.6	10
17:12	JER.3.17	7
17:12	EZK.43.7	7
17:12	JER.14.21	6
17:12	EZK.1.26	6
17:12	ISA.6.1	5
17:12	HEB.4.16	5
17:12	HEB.12.2	5
17:12	REV.3.21	5
17:12	PSA.103.19	3
17:12	ISA.66.1	3
17:12	MAT.25.31	3
17:12	2CH.2.5-2CH.2.6	2
17:13	REV.7.17	52
17:13	JHN.4.14	51
17:13	JHN.7.37-JHN.7.38	50
17:13	JHN.4.10	49
17:13	REV.22.1	49
17:13	PSA.36.8-PSA.36.9	44
17:13	REV.21.6	31
17:13	JHN.8.6-JHN.8.8	22
17:13	ISA.1.28	12
17:13	LUK.10.20	9
17:13	REV.20.15	9
17:13	JER.14.8	8
17:13	ISA.66.5	7
17:13	PSA.73.27	6
17:13	JER.2.13	6
17:13	ISA.65.11-ISA.65.14	5
17:13	JER.2.17	5
17:13	JER.2.26-JER.2.27	4
17:13	JER.17.5	4
17:13	JOL.3.16	4
17:13	PSA.97.7	3
17:13	ISA.45.16-ISA.45.17	3
17:13	PSA.22.4	2
17:13	PRO.10.7	2
17:13	JER.17.17	2
17:13	EZK.16.63	2
17:13	EZK.36.32	2
17:13	DAN.12.2	2
17:13	ACT.28.20	2
17:13	1TI.1.1	2
17:13	PRO.14.14	1
17:13	REV.22.17	1
17:14	PSA.6.2	27
17:14	DEU.32.39	19
17:14	PSA.106.47	13
17:14	PSA.6.4	12
17:14	LUK.4.18	12
17:14	ISA.57.18-ISA.57.19	11
17:14	DEU.10.21	9
17:14	PSA.109.1	9
17:14	JER.15.20	7
17:14	JER.31.18	7
17:14	ISA.6.10	6
17:14	MAT.14.30	6
17:14	MAT.8.25	4
17:14	PSA.12.4	2
17:14	PSA.60.5	2
17:14	PSA.148.14	2
17:15	ISA.5.19	6
17:15	EZK.12.22	4
17:15	JER.20.7-JER.20.8	3
17:15	EZK.12.27-EZK.12.28	3
17:15	AMO.5.18	2
17:15	2PE.3.3-2PE.3.4	2
17:16	JER.4.19-JER.4.20	3
17:16	ACT.20.20	3
17:16	ACT.20.27	3
17:16	JER.1.4-JER.1.10	2
17:16	JER.9.1	2
17:16	JER.13.17	2
17:16	JER.14.17-JER.14.21	2
17:16	JER.18.20	2
17:16	JER.20.9	2
17:16	EZK.3.14-EZK.3.19	2
17:16	EZK.33.7-EZK.33.9	2
17:16	AMO.7.14-AMO.7.15	2
17:16	ROM.9.1-ROM.9.3	2
17:16	2CO.1.12	2
17:16	2CO.2.17	2
17:16	JAS.1.19	2
17:16	JAS.3.1	2
17:17	NAM.1.7	11
17:17	PSA.59.16	8
17:17	JER.16.19	8
17:17	PSA.88.15-PSA.88.16	6
17:17	JOB.31.23	5
17:17	PSA.41.1	3
17:17	PSA.77.2-PSA.77.9	3
17:17	JER.17.7	3
17:17	JER.17.13	3
17:17	EPH.6.13	2
17:18	PSA.35.4	7
17:18	PSA.40.14	7
17:18	PSA.25.2-PSA.25.3	6
17:18	PSA.83.17-PSA.83.18	6
17:18	JER.11.20	5
17:18	JER.20.11	5
17:18	PSA.35.8	4
17:18	PSA.70.2	3
17:18	PSA.71.1	3
17:18	JER.16.18	3
17:18	JER.17.16	3
17:18	JER.18.19-JER.18.23	3
17:18	REV.18.6	3
17:18	JOB.16.14	2
17:18	PSA.35.26-PSA.35.27	1
17:18	JER.14.17	1
17:19	JER.7.2	4
17:19	JER.26.2	4
17:19	JER.19.2	3
17:19	JER.36.6	3
17:19	JER.36.10	3
17:19	ACT.5.20	3
17:19	PRO.1.20-PRO.1.22	2
17:19	PRO.8.1	2
17:19	PRO.9.3	2
17:20	JER.19.3	5
17:20	PSA.49.1-PSA.49.2	4
17:20	JER.22.2	4
17:20	EZK.2.7	4
17:20	JER.13.18	2
17:20	EZK.3.17	2
17:20	HOS.5.1	2
17:20	AMO.4.1	2
17:20	MIC.3.1	2
17:20	REV.2.29	2
17:21	NEH.13.15-NEH.13.21	8
17:21	NUM.15.32-NUM.15.36	7
17:21	JHN.5.9-JHN.5.12	5
17:21	DEU.4.9	4
17:21	DEU.4.15	4
17:21	DEU.4.23	4
17:21	DEU.11.16	4
17:21	JOS.23.11	3
17:21	PRO.4.23	3
17:21	JER.17.22-JER.17.27	3
17:21	MRK.4.24	3
17:21	LUK.8.18	3
17:21	HEB.2.1-HEB.2.3	3
17:21	HEB.12.15-HEB.12.16	3
17:21	ACT.20.28	1
17:22	EZK.20.12	7
17:22	EXO.20.8-EXO.20.10	6
17:22	ISA.56.2-ISA.56.6	4
17:22	ISA.58.13	4
17:22	EXO.16.23-EXO.16.29	3
17:22	EXO.23.12	3
17:22	EXO.31.13-EXO.31.17	3
17:22	DEU.5.12-DEU.5.15	3
17:22	GEN.2.2-GEN.2.3	2
17:22	LEV.19.3	2
17:22	LEV.23.3	2
17:22	EZK.20.20-EZK.20.21	2
17:22	EZK.22.8	2
17:22	LUK.6.5	2
17:22	LUK.23.56	2
17:22	REV.1.10	2
17:23	PRO.29.1	6
17:23	ACT.7.51	5
17:23	JER.7.24-JER.7.26	4
17:23	JER.11.10	4
17:23	JER.19.15	4
17:23	ISA.48.4	3
17:23	JER.32.33	3
17:23	EZK.20.21	3
17:23	ZEP.3.7	3
17:23	ZEC.7.11-ZEC.7.12	3
17:23	PSA.50.17	2
17:23	PRO.1.3	2
17:23	PRO.1.5	2
17:23	PRO.5.12	2
17:23	PRO.8.10	2
17:23	JER.6.8	2
17:23	JER.7.28	2
17:23	JER.16.11-JER.16.12	2
17:23	JER.35.15	2
17:23	EZK.20.13	2
17:23	EZK.20.16	2
17:23	JHN.3.19-JHN.3.21	2
17:24	DEU.11.13	5
17:24	JER.17.21-JER.17.22	5
17:24	2PE.1.5-2PE.1.10	4
17:24	EXO.15.26	3
17:24	DEU.11.22	2
17:24	ISA.21.7	2
17:24	ISA.55.2	2
17:24	ISA.58.13-ISA.58.14	2
17:24	ZEC.6.15	2
17:25	JER.22.4	7
17:25	ISA.9.7	5
17:25	2SA.7.16	3
17:25	JER.33.15	3
17:25	JER.33.17	3
17:25	JER.33.21	3
17:25	HEB.12.22	3
17:25	EXO.12.14	2
17:25	DEU.17.16	2
17:25	1SA.8.11	2
17:25	2SA.8.4	2
17:25	1KI.9.4-1KI.9.5	2
17:25	PSA.89.29-PSA.89.37	2
17:25	PSA.132.11-PSA.132.14	2
17:25	JER.13.13	2
17:25	JER.22.30	2
17:25	LUK.1.32-LUK.1.33	2
17:26	JER.32.44	6
17:26	JER.33.13	6
17:26	ZEC.7.7	6
17:26	PSA.107.22	4
17:26	PSA.116.17	3
17:26	JER.33.11	3
17:26	LEV.1.1-LEV.1.7	2
17:26	JOS.15.21-JOS.15.63	2
17:26	EZR.3.3-EZR.3.6	2
17:26	EZR.3.11	2
17:26	HEB.13.15	2
17:26	1PE.2.5	2
17:26	1PE.2.9-1PE.2.10	2
17:26	REV.1.5	2
17:27	2KI.25.9	8
17:27	JER.7.20	7
17:27	JER.21.14	6
17:27	EZK.22.8	5
17:27	AMO.1.14	5
17:27	AMO.2.4-AMO.2.5	5
17:27	JER.52.13	4
17:27	LAM.4.11	4
17:27	ZEC.7.11-ZEC.7.14	4
17:27	ISA.1.20	3
17:27	JER.17.21-JER.17.22	3
17:27	JER.39.8	3
17:27	JER.49.27	3
17:27	DEU.32.22	2
17:27	2KI.22.17	2
17:27	2CH.36.19	2
17:27	ISA.1.31	2
17:27	ISA.9.18-ISA.9.19	2
17:27	JER.6.17	2
17:27	JER.17.4	2
17:27	JER.17.24	2
17:27	JER.21.12	2
17:27	JER.22.5	2
17:27	JER.26.4-JER.26.6	2
17:27	JER.32.29	2
17:27	JER.38.21-JER.38.23	2
17:27	JER.44.16	2
17:27	EZK.16.41	2
17:27	EZK.20.47-EZK.20.48	2
17:27	AMO.1.4	2
17:27	AMO.1.7	2
17:27	AMO.1.10	2
17:27	AMO.1.12	2
17:27	AMO.2.2	2
17:27	MRK.9.43-MRK.9.48	2
17:27	HEB.12.25	2
18:2	HEB.1.1	5
18:2	ACT.9.6	4
18:2	JER.19.1-JER.19.2	3
18:2	JER.23.22	3
18:2	ISA.20.2	2
18:2	JER.13.1	2
18:2	EZK.4.1-EZK.4.5	2
18:2	AMO.7.7	2
18:3	JHN.15.14	2
18:3	JON.1.3	1
18:3	ACT.26.19	1
18:4	ROM.9.20-ROM.9.23	36
18:4	JER.18.6	28
18:4	ISA.45.9	24
18:6	ISA.64.8	53
18:6	ROM.9.20-ROM.9.21	29
18:6	ISA.45.9	22
18:6	JER.18.4	22
18:6	MAT.20.15	19
18:6	DAN.4.23	15
18:6	ROM.11.34	9
18:7	JER.1.10	6
18:7	JER.12.14-JER.12.17	3
18:7	JER.45.4	3
18:7	JER.25.9-JER.25.14	2
18:7	AMO.9.8	2
18:7	JON.3.4	2
18:8	EZK.18.21	14
18:8	JER.26.13	9
18:8	HOS.11.8	7
18:8	JON.3.9-JON.3.10	7
18:8	JER.26.3	6
18:8	JDG.2.18	5
18:8	JOL.2.13-JOL.2.14	5
18:8	AMO.7.3-AMO.7.6	5
18:8	PSA.106.45	4
18:8	JER.7.3-JER.7.7	4
18:8	EXO.32.12	3
18:8	DEU.32.36	3
18:8	JDG.10.15-JDG.10.16	3
18:8	1KI.8.33-1KI.8.34	3
18:8	2CH.12.6	3
18:8	PSA.90.13	3
18:8	PSA.135.14	3
18:8	ISA.1.16-ISA.1.19	3
18:8	LUK.13.3-LUK.13.5	3
18:8	JER.15.6	2
18:8	JER.26.19	2
18:8	JER.36.3	2
18:8	JER.42.10	2
18:8	EZK.33.11	2
18:8	EZK.33.13	2
18:8	JON.2.5-JON.2.10	2
18:8	JON.4.2	2
18:9	JER.31.28	6
18:9	AMO.9.11-AMO.9.15	5
18:9	JER.1.10	4
18:9	JER.11.17	4
18:9	ECC.3.2	3
18:9	JER.30.18	3
18:9	JER.31.4	3
18:9	JER.31.38	3
18:9	JER.32.41	3
18:10	1SA.2.30	6
18:10	EZK.33.18	6
18:10	1SA.13.13	5
18:10	EZK.18.24	5
18:10	1SA.15.11	4
18:10	PSA.125.5	4
18:10	NUM.14.22	3
18:10	1SA.15.35	3
18:10	JER.7.23-JER.7.28	3
18:10	ZEP.1.6	3
18:10	NUM.14.34	2
18:10	EZK.45.20	2
18:11	2KI.17.13	12
18:11	ISA.55.6-ISA.55.7	8
18:11	ISA.1.16-ISA.1.19	7
18:11	JER.7.3	7
18:11	JER.35.15	7
18:11	JER.25.5	6
18:11	ZEC.1.3	5
18:11	ACT.26.20	5
18:11	JAS.5.1	5
18:11	ISA.5.5	4
18:11	MIC.2.3	4
18:11	GEN.11.3-GEN.11.4	3
18:11	GEN.11.7	3
18:11	2KI.5.5	3
18:11	2KI.22.13	3
18:11	JER.36.7	3
18:11	LAM.3.39-LAM.3.41	3
18:11	EZK.13.22	3
18:11	EZK.18.23	3
18:11	EZK.18.30-EZK.18.32	3
18:11	JER.3.1	2
18:11	JER.3.22	2
18:11	JER.4.6	2
18:11	JER.4.23	2
18:11	JER.11.19	2
18:11	JER.18.18	2
18:11	JER.26.3	2
18:11	JER.26.13	2
18:11	JER.36.3	2
18:11	JER.51.11	2
18:11	JAS.4.13	2
18:12	JER.2.25	7
18:12	DEU.29.19	5
18:12	JER.7.24	5
18:12	JER.16.12	5
18:12	ISA.57.10	4
18:12	GEN.8.21	3
18:12	JER.3.17	3
18:12	MRK.7.21-MRK.7.22	3
18:12	LUK.1.51	3
18:12	GEN.6.5	2
18:12	2KI.6.33	2
18:12	JER.11.8	2
18:12	JER.23.17	2
18:12	JER.44.17	2
18:12	EZK.37.11	2
18:13	JER.5.30	5
18:13	ISA.66.8	4
18:13	JER.2.10-JER.2.13	4
18:13	JER.23.14	4
18:13	HOS.6.10	4
18:13	JER.14.17	3
18:13	JER.31.4	3
18:13	1SA.4.7	2
18:13	ISA.36.22	2
18:13	LAM.1.15	2
18:13	1CO.5.1	2
18:14	JHN.6.68	3
18:15	JER.6.16	9
18:15	JER.2.32	7
18:15	ISA.57.14	6
18:15	HOS.11.2	6
18:15	JER.2.13	5
18:15	MAL.2.8	5
18:15	ISA.41.29	4
18:15	JER.10.15	4
18:15	JER.17.13	4
18:15	JER.3.21	3
18:15	JER.13.25	3
18:15	JER.16.19	3
18:15	HOS.2.13	3
18:15	MAT.15.6	3
18:15	ISA.3.12	2
18:15	ISA.9.16	2
18:15	ISA.62.10	2
18:15	JER.19.5	2
18:15	JER.44.15-JER.44.19	2
18:15	JER.44.25	2
18:15	ROM.14.21	2
18:15	ISA.65.7	1
18:15	JER.2.19	1
18:16	PSA.22.7	7
18:16	JER.25.9	6
18:16	JER.19.8	5
18:16	1KI.9.8	4
18:16	JER.49.13	4
18:16	JER.50.13	4
18:16	EZK.33.28-EZK.33.29	4
18:16	MIC.6.16	4
18:16	MAT.27.39	4
18:16	2CH.7.20-2CH.7.21	3
18:16	ISA.37.22	3
18:16	LAM.2.15-LAM.2.16	3
18:16	MRK.15.29	3
18:16	LEV.26.33-LEV.26.34	2
18:16	LEV.26.43	2
18:16	DEU.28.59	2
18:16	DEU.29.23	2
18:16	PSA.44.14	2
18:16	ISA.6.11	2
18:16	JER.9.11	2
18:16	EZK.6.14	2
18:16	EZK.12.19	2
18:17	JER.13.24	6
18:17	JER.2.27	5
18:17	JOB.27.21	4
18:17	PSA.48.7	4
18:17	HOS.13.15	4
18:17	JER.32.33	3
18:17	JER.46.21	3
18:17	DEU.28.25	2
18:17	DEU.28.64	2
18:17	DEU.31.17	2
18:17	DEU.32.35	2
18:17	JDG.10.13-JDG.10.14	2
18:17	PRO.7.25-PRO.7.26	2
18:18	PSA.52.2	10
18:18	JER.11.19	7
18:18	MAL.2.7	7
18:18	JER.13.13-JER.13.14	5
18:18	JER.18.11	5
18:18	PSA.21.11	4
18:18	PSA.57.4	4
18:18	PSA.64.3	4
18:18	PRO.18.21	4
18:18	JER.5.12-JER.5.13	4
18:18	MIC.2.1-MIC.2.3	4
18:18	LEV.10.11	3
18:18	2SA.15.31	3
18:18	2SA.17.14	3
18:18	1KI.22.24	3
18:18	JOB.5.13	3
18:18	ISA.32.7	3
18:18	JER.2.8	3
18:18	JER.14.14-JER.14.16	3
18:18	JER.43.2	3
18:18	JER.26.11	2
18:18	JER.29.25-JER.29.29	2
18:18	JHN.7.47-JHN.7.49	2
18:18	JHN.9.40	2
18:18	JER.44.17	1
18:18	LUK.11.45	1
18:19	NEH.6.9	4
18:19	PSA.55.16-PSA.55.17	3
18:19	PSA.109.28	3
18:19	JER.20.12	3
18:19	MIC.7.8	3
18:19	2KI.19.16	2
18:19	NEH.4.4-NEH.4.5	2
18:19	PSA.56.1-PSA.56.3	2
18:19	PSA.64.1-PSA.64.4	2
18:19	PSA.109.4	2
18:19	LUK.6.11-LUK.6.12	2
18:20	PSA.35.7	7
18:20	PSA.57.6	7
18:20	PSA.106.23	6
18:20	1SA.24.17-1SA.24.19	5
18:20	PSA.35.12	5
18:20	PSA.109.4-PSA.109.5	4
18:20	PSA.119.95	4
18:20	PRO.26.27	4
18:20	ECC.10.8	4
18:20	JER.18.22	4
18:20	GEN.18.22-GEN.18.32	3
18:20	JOB.6.27	3
18:20	PSA.7.15	3
18:20	PSA.38.20	3
18:20	PRO.17.13	3
18:20	JER.7.16	3
18:20	JER.11.14	3
18:20	JER.14.7-JER.14.11	3
18:20	JER.14.20-JER.15.1	3
18:20	EZK.22.30-EZK.22.31	3
18:20	ZEC.3.1-ZEC.3.2	3
18:20	JHN.10.32	3
18:20	JHN.15.25	3
18:21	PSA.109.9-PSA.109.20	4
18:21	EXO.22.24	3
18:21	DEU.32.25	3
18:21	JER.9.21	3
18:21	JER.15.8	3
18:21	JER.16.3-JER.16.4	3
18:21	LAM.5.3	3
18:21	AMO.4.10	3
18:21	2CH.36.17	2
18:21	JER.11.20-JER.11.23	2
18:21	JER.12.3	2
18:21	JER.15.2-JER.15.3	2
18:21	JER.20.1-JER.20.6	2
18:21	JER.20.11-JER.20.12	2
18:21	2TI.4.14	2
18:22	JER.6.26	6
18:22	PSA.140.5	5
18:22	JER.25.34-JER.25.36	4
18:22	ZEP.1.10-ZEP.1.11	4
18:22	PSA.56.5-PSA.56.7	3
18:22	ISA.10.30	3
18:22	ZEP.1.16	3
18:22	PSA.38.12	2
18:22	PSA.64.4-PSA.64.5	2
18:22	ISA.22.1-ISA.22.4	2
18:22	JER.4.19-JER.4.20	2
18:22	JER.4.31	2
18:22	JER.9.20-JER.9.21	2
18:22	JER.18.20	2
18:22	JER.20.10	2
18:22	JER.47.2-JER.47.3	2
18:22	JER.48.3-JER.48.5	2
18:22	MAT.22.15	2
18:23	PSA.35.4	4
18:23	PSA.69.22-PSA.69.28	4
18:23	NEH.4.4-NEH.4.5	3
18:23	PSA.109.14-PSA.109.15	3
18:23	ISA.2.9	3
18:23	PSA.37.32-PSA.37.33	2
18:23	PSA.59.5	2
18:23	ISA.10.3	2
18:23	JER.8.12	2
18:23	JER.11.18-JER.11.20	2
18:23	JER.11.23	2
18:23	JER.15.15	2
18:23	JER.18.18	2
18:23	LUK.21.22	2
18:23	ROM.2.5	2
19:1	EZK.8.11-EZK.8.12	4
19:1	NUM.11.16	3
19:1	ISA.30.14	3
19:1	JER.18.2-JER.18.4	3
19:1	LAM.4.2	3
19:1	2KI.19.2	2
19:1	1CH.24.4-1CH.24.6	2
19:1	JER.19.10-JER.19.11	2
19:1	2CO.4.7	2
19:1	JER.26.17	1
19:1	JER.32.14	1
19:1	EZK.9.6	1
19:1	MAT.26.3	1
19:1	MAT.27.1	1
19:1	MAT.27.41-MAT.27.42	1
19:1	ACT.4.5-ACT.4.6	1
19:2	JOS.15.8	6
19:2	2KI.23.10	4
19:2	2CH.28.3	3
19:2	2CH.33.6	3
19:2	JER.7.31-JER.7.32	3
19:2	JER.32.35	3
19:2	NEH.3.29	2
19:2	PRO.1.20-PRO.1.22	2
19:2	JER.1.7	2
19:2	JER.3.12	2
19:2	JER.7.2	2
19:2	JER.11.6	2
19:2	JER.26.2	2
19:2	EZK.3.10-EZK.3.11	2
19:2	JON.3.2	2
19:2	MAT.10.27	2
19:2	ACT.5.20	2
19:2	ACT.20.27	2
19:3	1SA.3.11	6
19:3	JER.17.20	5
19:3	2KI.21.12-2KI.21.13	3
19:3	ISA.28.19	3
19:3	JER.6.19	3
19:3	1SA.4.16-1SA.4.18	2
19:3	PSA.2.10	2
19:3	PSA.102.15	2
19:3	PSA.110.5	2
19:3	JER.13.18	2
19:3	MAT.10.18	2
19:3	REV.2.29	2
19:4	JER.2.34	7
19:4	DEU.28.20	5
19:4	2KI.21.16	5
19:4	ISA.65.11	5
19:4	JER.7.9	4
19:4	DEU.32.15-DEU.32.23	3
19:4	2KI.21.4-2KI.21.7	3
19:4	2KI.24.4	3
19:4	ISA.59.7	3
19:4	JER.2.13	3
19:4	JER.2.17	3
19:4	JER.2.19	3
19:4	JER.11.13	3
19:4	JER.17.13	3
19:4	DAN.9.5-DAN.9.15	3
19:4	DEU.13.6	2
19:4	DEU.13.13	2
19:4	DEU.28.36	2
19:4	DEU.28.64	2
19:4	DEU.31.16-DEU.31.18	2
19:4	2KI.22.16-2KI.22.17	2
19:4	2KI.23.11-2KI.23.12	2
19:4	2CH.33.4-2CH.33.7	2
19:4	JER.2.30	2
19:4	JER.5.6	2
19:4	JER.7.31-JER.7.32	2
19:4	JER.15.6	2
19:4	JER.16.11	2
19:4	JER.18.15	2
19:4	JER.22.17	2
19:4	JER.26.15	2
19:4	JER.26.23	2
19:4	JER.32.29-JER.32.35	2
19:4	LAM.4.13	2
19:4	MAT.23.34-MAT.23.35	2
19:4	LUK.11.50	2
19:4	REV.16.6	2
19:5	JER.32.35	11
19:5	DEU.12.31	9
19:5	LEV.18.21	8
19:5	PSA.106.37-PSA.106.38	8
19:5	JER.7.31-JER.7.32	6
19:5	EZK.16.20-EZK.16.21	6
19:5	2KI.17.17	5
19:5	NUM.22.41	2
19:5	2CH.28.3	2
19:5	EZK.20.26	2
19:5	EZK.38.10	2
19:5	DAN.2.29	2
19:6	JOS.15.8	4
19:6	ISA.30.33	3
19:6	JER.19.2	3
19:6	JER.7.32-JER.7.33	2
19:6	JER.19.11	2
19:7	LEV.26.17	6
19:7	JER.16.4	4
19:7	DEU.28.25-DEU.28.26	3
19:7	PSA.33.10-PSA.33.11	3
19:7	PSA.79.2-PSA.79.3	3
19:7	ISA.28.17-ISA.28.18	3
19:7	JER.7.33	3
19:7	JER.15.2	3
19:7	JER.15.9	3
19:7	JER.34.20	3
19:7	JOB.5.12-JOB.5.13	2
19:7	PRO.21.30	2
19:7	ISA.8.10	2
19:7	ISA.30.1-ISA.30.3	2
19:7	JER.8.2	2
19:7	JER.9.21-JER.9.22	2
19:7	JER.18.21	2
19:7	JER.22.19	2
19:7	JER.22.25	2
19:7	JER.46.26	2
19:7	LAM.3.37	2
19:7	ROM.3.31	2
19:7	ROM.4.14	2
19:7	REV.19.18-REV.19.21	2
19:8	JER.18.16	6
19:8	1KI.9.8	4
19:8	JER.49.13	4
19:8	2CH.7.20-2CH.7.21	3
19:8	JER.25.18	3
19:8	JER.50.13	3
19:8	ZEP.2.15	3
19:8	LEV.26.32	2
19:8	JER.9.9-JER.9.11	2
19:8	LAM.2.15-LAM.2.16	2
19:9	ISA.9.20	7
19:9	LEV.26.29	6
19:9	LAM.4.10	6
19:9	DEU.28.53-DEU.28.57	4
19:9	EZK.5.10	4
19:9	2KI.6.26-2KI.6.29	3
19:9	LAM.2.20	3
19:10	JER.48.12	3
19:10	JER.51.63-JER.51.64	3
19:10	JER.19.1	2
19:11	PSA.2.9	4
19:11	ISA.30.14	3
19:11	LAM.4.2	2
19:11	JER.13.14	1
19:11	REV.2.27	1
19:11	JER.7.31-JER.7.32	0
19:11	JER.19.6	0
19:12	JER.10.13	2
19:12	JER.11.5	2
19:13	2KI.23.12	6
19:13	JER.32.29	6
19:13	JER.7.18	5
19:13	ZEP.1.5	5
19:13	DEU.4.19	4
19:13	2KI.23.10	3
19:13	PSA.74.7	3
19:13	PSA.79.1	3
19:13	JER.44.18	3
19:13	EZK.7.21-EZK.7.22	3
19:13	2KI.23.14	2
19:13	JER.52.13	2
19:13	EZK.20.28	2
19:13	ACT.7.42	2
19:14	JER.26.2	6
19:14	2CH.20.5	5
19:14	JER.19.2-JER.19.3	3
19:14	2CH.24.20-2CH.24.21	2
19:14	JER.17.19	2
19:14	LUK.21.37-LUK.21.38	2
19:14	ACT.5.20	2
19:15	JER.7.26	6
19:15	JER.17.23	5
19:15	NEH.9.29	4
19:15	2CH.36.16-2CH.36.17	3
19:15	NEH.9.17	3
19:15	JER.35.15-JER.35.17	3
19:15	ACT.7.51-ACT.7.52	3
19:15	PSA.58.2-PSA.58.5	2
19:15	ZEC.7.11-ZEC.7.14	2
20:1	1CH.24.14	5
20:1	EZR.2.37-EZR.2.38	5
20:1	2KI.25.18	4
20:1	NEH.7.40-NEH.7.41	3
20:1	2CH.35.8	2
20:1	ACT.4.1	2
20:1	ACT.5.24	2
20:2	JER.37.13	5
20:2	2CH.16.10	4
20:2	JER.1.19	4
20:2	ZEC.14.10	4
20:2	1KI.22.27	3
20:2	2CH.24.21	3
20:2	JER.29.26	3
20:2	JER.36.26	3
20:2	AMO.7.10-AMO.7.13	3
20:2	JOB.13.27	2
20:2	JER.19.14-JER.19.15	2
20:2	JER.26.8	2
20:2	JER.37.15-JER.37.16	2
20:2	JER.38.6-JER.38.7	2
20:2	MAT.5.10-MAT.5.12	2
20:2	MAT.21.35	2
20:2	MAT.23.34-MAT.23.37	2
20:2	ACT.4.3	2
20:2	ACT.5.18	2
20:2	ACT.5.40	2
20:2	ACT.7.52	2
20:2	ACT.16.22-ACT.16.24	2
20:2	HEB.11.36-HEB.11.37	2
20:2	REV.2.10	2
20:2	REV.17.6	2
20:3	JER.20.10	5
20:3	PSA.31.13	4
20:3	JER.46.5	4
20:3	LAM.2.22	4
20:3	ISA.8.3	3
20:3	JER.6.25	3
20:3	GEN.17.5	2
20:3	GEN.17.15	2
20:3	GEN.32.28	2
20:3	JER.7.32	2
20:3	JER.19.2	2
20:3	JER.19.6	2
20:3	JER.29.29	2
20:3	HOS.1.4-HOS.1.9	2
20:3	ACT.4.5-ACT.4.7	2
20:3	ACT.16.30	2
20:3	ACT.16.35-ACT.16.39	2
20:4	JER.29.21	6
20:4	JER.25.9	5
20:4	JER.21.4-JER.21.10	4
20:4	JER.32.27-JER.32.31	4
20:4	JER.39.6-JER.39.7	4
20:4	DEU.28.32-DEU.28.34	3
20:4	DEU.28.65-DEU.28.67	3
20:4	2KI.25.7	3
20:4	JOB.18.11-JOB.18.21	3
20:4	1SA.2.33	2
20:4	JOB.20.23-JOB.20.26	2
20:4	PSA.73.19	2
20:4	JER.6.25	2
20:4	JER.19.15	2
20:4	JER.52.27	2
20:4	EZK.26.17-EZK.26.21	2
20:4	MAT.27.4-MAT.27.5	2
20:5	JER.15.13	4
20:5	EZK.22.25	4
20:5	2KI.20.17-2KI.20.18	3
20:5	2KI.24.12-2KI.24.16	3
20:5	2KI.25.13-2KI.25.17	3
20:5	2CH.36.10	3
20:5	JER.17.3	3
20:5	LAM.1.10	3
20:5	2CH.36.17-2CH.36.19	2
20:5	JER.3.24	2
20:5	JER.4.20	2
20:5	JER.12.12	2
20:5	JER.24.8-JER.24.10	2
20:5	JER.27.19-JER.27.22	2
20:5	JER.32.3-JER.32.5	2
20:5	JER.39.2	2
20:5	JER.39.8	2
20:5	JER.52.7-JER.52.23	2
20:5	LAM.1.7	2
20:5	LAM.4.12	2
20:5	DAN.1.2	2
20:6	JER.14.14-JER.14.15	5
20:6	LAM.2.14	5
20:6	JER.20.4	3
20:6	EZK.22.28	3
20:6	LEV.26.17	2
20:6	DEU.28.25	2
20:6	ISA.9.15	2
20:6	JER.5.31	2
20:6	JER.6.13-JER.6.15	2
20:6	JER.8.10-JER.8.11	2
20:6	JER.23.14-JER.23.17	2
20:6	JER.23.25-JER.23.26	2
20:6	JER.23.32	2
20:6	JER.28.15-JER.28.17	2
20:6	JER.29.21-JER.29.22	2
20:6	JER.29.32	2
20:6	EZK.13.4-EZK.13.16	2
20:6	EZK.13.22-EZK.13.23	2
20:6	MIC.2.11	2
20:6	ZEC.13.3	2
20:6	ACT.13.8-ACT.13.11	2
20:6	2PE.2.1-2PE.2.3	2
20:7	JER.20.9	5
20:7	LAM.3.14	5
20:7	HOS.9.7	5
20:7	PSA.22.6-PSA.22.7	4
20:7	EZK.3.14	4
20:7	PSA.69.9-PSA.69.12	3
20:7	EXO.5.22-EXO.5.23	2
20:7	NUM.11.11-NUM.11.15	2
20:7	2KI.2.23	2
20:7	PSA.35.15-PSA.35.16	2
20:7	JER.1.18-JER.1.19	2
20:7	JER.15.10	2
20:7	JER.15.18	2
20:7	JER.17.16	2
20:7	JER.29.26	2
20:7	MIC.3.8	2
20:7	LUK.16.14	2
20:7	LUK.22.63-LUK.22.64	2
20:7	LUK.23.11	2
20:7	LUK.23.35-LUK.23.36	2
20:7	ACT.17.18	2
20:7	ACT.17.32	2
20:7	1CO.4.9-1CO.4.13	2
20:7	1CO.9.6	2
20:7	HEB.11.36	2
20:7	JER.1.6-JER.1.8	1
20:8	2CH.36.16	6
20:8	JER.6.10	6
20:8	JER.4.19-JER.4.22	2
20:8	JER.5.1	2
20:8	JER.5.6	2
20:8	JER.5.15-JER.5.17	2
20:8	JER.6.6-JER.6.7	2
20:8	JER.7.9	2
20:8	JER.13.13-JER.13.14	2
20:8	JER.15.1-JER.15.4	2
20:8	JER.15.13-JER.15.14	2
20:8	JER.17.27	2
20:8	JER.18.16-JER.18.17	2
20:8	JER.19.7-JER.19.11	2
20:8	JER.20.7	2
20:8	JER.28.8	2
20:8	LAM.3.61-LAM.3.63	2
20:8	LUK.11.45	2
20:8	HEB.11.26	2
20:8	HEB.13.13	2
20:8	1PE.4.14	2
20:9	PSA.39.3	42
20:9	JOB.32.18-JOB.32.20	34
20:9	ACT.4.20	23
20:9	1CO.9.16-1CO.9.17	17
20:9	ACT.17.16	16
20:9	EZK.3.14	15
20:9	JER.6.11	9
20:9	2CO.5.13-2CO.5.15	9
20:9	LUK.9.62	4
20:9	JHN.1.2-JHN.1.3	4
20:9	JHN.4.2-JHN.4.3	2
20:9	1KI.19.3-1KI.19.4	1
20:9	ACT.18.5	1
20:10	PSA.41.9	8
20:10	PSA.31.13	7
20:10	ISA.29.21	6
20:10	JER.18.18	5
20:10	PSA.55.13-PSA.55.14	4
20:10	PSA.64.2-PSA.64.4	4
20:10	PRO.10.18	4
20:10	JER.6.25	4
20:10	EZK.22.9	4
20:10	ACT.24.13	4
20:10	1KI.19.2	3
20:10	1KI.21.20	3
20:10	NEH.6.6-NEH.6.13	3
20:10	JOB.19.19	3
20:10	MAT.26.59-MAT.26.60	3
20:10	LUK.11.53-LUK.11.54	3
20:10	LUK.20.20	3
20:10	ACT.6.11-ACT.6.15	3
20:10	1KI.22.8	2
20:10	1KI.22.27	2
20:10	PSA.57.4	2
20:10	MRK.6.19-MRK.6.28	2
20:10	LUK.12.52-LUK.12.53	2
20:10	ACT.5.33	2
20:10	ACT.7.54	2
20:10	ACT.23.12-ACT.23.15	2
20:10	ACT.24.1-ACT.24.9	2
20:11	JER.1.19	41
20:11	JER.1.8	38
20:11	JER.15.20	34
20:11	ISA.41.10	25
20:11	JER.17.18	25
20:11	PSA.40.14	23
20:11	PSA.6.10	22
20:11	PSA.35.26	20
20:11	JER.23.40	18
20:11	ROM.8.31	18
20:11	PSA.66.5	17
20:11	ISA.45.16	17
20:11	2TI.4.17	17
20:11	DEU.32.35-DEU.32.36	16
20:11	PSA.27.1-PSA.27.2	15
20:11	PSA.47.2	13
20:11	PSA.65.5	13
20:11	DAN.12.2	13
20:11	ISA.41.14	11
20:11	JHN.18.4-JHN.18.6	11
20:12	PSA.62.8	8
20:12	JER.11.20	8
20:12	PSA.54.7	7
20:12	PSA.59.10	6
20:12	JER.17.10	6
20:12	PSA.7.9	5
20:12	PSA.26.2-PSA.26.3	5
20:12	PSA.139.23	5
20:12	PSA.11.5	4
20:12	PSA.17.3	4
20:12	ISA.37.14	4
20:12	JER.17.18	4
20:12	JER.18.19-JER.18.23	4
20:12	1SA.1.15	3
20:12	2CH.24.22	3
20:12	PSA.86.4	3
20:12	PSA.109.6-PSA.109.20	3
20:12	ISA.38.14	3
20:12	JER.12.8	3
20:12	1PE.2.23	3
20:12	1PE.4.19	3
20:12	REV.2.23	3
20:12	REV.6.10	3
20:12	REV.18.20	3
20:12	REV.19.2-REV.19.3	3
20:13	ISA.25.4	7
20:13	PSA.69.33	6
20:13	PSA.35.9-PSA.35.11	5
20:13	PSA.34.6	4
20:13	PSA.72.4	4
20:13	PSA.109.30-PSA.109.31	3
20:13	JAS.2.5-JAS.2.6	3
20:14	JER.15.10	8
20:14	JOB.3.3-JOB.3.16	4
20:15	GEN.21.5-GEN.21.6	2
20:15	JER.1.5	2
20:15	LUK.1.14	2
20:16	JER.18.22	4
20:16	DEU.29.23	3
20:16	JER.48.3-JER.48.4	3
20:16	GEN.19.24-GEN.19.25	2
20:16	JER.4.19	2
20:16	JER.18.8	2
20:16	JER.26.13	2
20:16	EZK.21.22	2
20:16	HOS.10.14	2
20:16	HOS.11.8	2
20:16	AMO.1.14	2
20:16	AMO.2.2	2
20:16	AMO.4.11	2
20:16	JON.3.4	2
20:16	JON.3.9-JON.3.10	2
20:16	JON.4.2	2
20:16	ZEP.1.16	2
20:16	ZEP.2.9	2
20:16	LUK.17.29	2
20:16	2PE.2.6	2
20:16	JUD.1.7	2
20:17	JOB.3.10-JOB.3.11	5
20:17	JOB.10.18-JOB.10.19	5
20:17	JOB.3.16	3
20:17	ECC.6.3	3
20:18	JOB.3.20	5
20:18	JOB.14.1	4
20:18	LAM.3.1	4
20:18	1PE.4.14-1PE.4.16	4
20:18	PSA.69.19	3
20:18	PSA.90.9-PSA.90.10	3
20:18	1CO.4.9-1CO.4.13	3
20:18	GEN.3.16-GEN.3.19	2
20:18	JOB.14.13	2
20:18	ISA.1.6	2
20:18	ISA.51.7	2
20:18	JER.8.18	2
20:18	LAM.1.12	2
20:18	JHN.16.20	2
20:18	ACT.5.41	2
20:18	2TI.1.12	2
20:18	HEB.10.36	2
20:18	HEB.11.36	2
20:18	HEB.12.2	2
20:18	HEB.13.13	2
21:1	JER.29.25	6
21:1	JER.37.3	6
21:1	JER.38.1	5
21:1	JER.52.24	5
21:1	2KI.24.17-2KI.24.18	3
21:1	2KI.25.18-2KI.25.21	3
21:1	1CH.9.12	3
21:1	JER.32.1-JER.32.3	3
21:1	JER.37.1	3
21:1	JER.52.1-JER.52.3	3
21:1	1CH.3.15	2
21:1	2CH.36.10-2CH.36.13	2
21:1	NEH.11.12	2
21:2	JER.37.3	5
21:2	JER.37.7	4
21:2	JER.42.4-JER.42.6	4
21:2	EZK.20.1-EZK.20.3	4
21:2	1SA.28.6	3
21:2	1SA.28.15	3
21:2	1KI.14.2-1KI.14.3	3
21:2	PSA.44.1-PSA.44.4	3
21:2	EXO.14.1-EXO.14.15	2
21:2	JOS.10.1-JOS.10.11	2
21:2	JDG.4.1-JDG.4.5	2
21:2	JDG.20.27	2
21:2	1SA.7.10-1SA.7.12	2
21:2	1SA.10.22	2
21:2	1SA.14.6-1SA.14.14	2
21:2	1SA.17.45-1SA.17.50	2
21:2	1KI.22.3-1KI.22.8	2
21:2	2KI.1.3	2
21:2	2KI.3.11-2KI.3.14	2
21:2	2KI.22.13-2KI.22.14	2
21:2	2KI.25.1-2KI.25.2	2
21:2	2CH.14.9-2CH.14.13	2
21:2	2CH.20.1-2CH.20.30	2
21:2	2CH.32.21	2
21:2	PSA.46.8-PSA.46.11	2
21:2	PSA.48.4-PSA.48.8	2
21:2	PSA.105.5-PSA.105.45	2
21:2	PSA.136.1-PSA.136.26	2
21:2	ISA.59.1-ISA.59.2	2
21:2	JER.32.17	2
21:2	JER.32.24	2
21:2	JER.38.14-JER.38.27	2
21:2	JER.39.1-JER.39.2	2
21:2	JER.52.3-JER.52.6	2
21:2	EZK.14.3-EZK.14.7	2
21:4	ISA.5.5	5
21:4	ISA.13.4	5
21:4	JER.32.5	5
21:4	JER.33.5	5
21:4	JER.37.8-JER.37.10	5
21:4	JER.38.17-JER.38.18	4
21:4	ZEC.14.2	4
21:4	JER.38.2-JER.38.3	3
21:4	JER.39.3	3
21:4	LAM.2.5	3
21:4	LAM.2.7	3
21:4	ISA.10.4	2
21:4	JER.52.18	2
21:4	EZK.16.37-EZK.16.41	2
21:4	HOS.9.12	2
21:4	MAT.22.7	2
21:5	ISA.63.10	7
21:5	EXO.6.6	6
21:5	ISA.5.25	6
21:5	JER.32.17	6
21:5	EXO.9.15	4
21:5	DEU.4.34	4
21:5	ISA.9.17	4
21:5	ISA.9.21	4
21:5	JER.6.12	4
21:5	DEU.4.23	3
21:5	ISA.9.12	3
21:5	ISA.10.4	3
21:5	JER.32.37	3
21:5	LAM.2.4-LAM.2.5	3
21:5	EZK.20.33-EZK.20.34	3
21:5	NAM.1.5-NAM.1.6	3
21:6	ISA.6.11	3
21:6	JER.12.3-JER.12.4	3
21:6	JER.32.24	3
21:6	JER.33.12	3
21:6	EZK.14.13	3
21:6	EZK.14.17	3
21:6	EZK.14.19	3
21:6	EZK.14.21	3
21:6	HOS.4.3	3
21:6	ZEP.1.3	3
21:6	GEN.6.7	2
21:6	ISA.24.1-ISA.24.6	2
21:6	JER.7.20	2
21:6	JER.14.12	2
21:6	JER.34.17	2
21:6	JER.36.29	2
21:6	JER.42.22	2
21:6	EZK.5.12-EZK.5.13	2
21:6	EZK.7.15	2
21:6	EZK.12.16	2
21:6	EZK.33.27	2
21:6	EZK.33.29	2
21:6	MIC.3.12	2
21:6	LUK.21.24	2
21:7	JER.37.17	8
21:7	2KI.25.5-2KI.25.7	5
21:7	HAB.1.6-HAB.1.10	5
21:7	EZK.7.9	4
21:7	EZK.17.20-EZK.17.21	4
21:7	DEU.28.50	3
21:7	2KI.25.18-2KI.25.21	3
21:7	JER.13.14	3
21:7	JER.52.8-JER.52.11	3
21:7	2CH.36.17-2CH.36.20	2
21:7	ISA.13.17-ISA.13.18	2
21:7	ISA.27.11	2
21:7	ISA.47.6	2
21:7	JER.24.8-JER.24.10	2
21:7	JER.34.19-JER.34.22	2
21:7	JER.38.21-JER.38.23	2
21:7	JER.39.4-JER.39.7	2
21:7	JER.52.24-JER.52.27	2
21:7	EZK.8.18	2
21:7	EZK.9.5-EZK.9.6	2
21:7	EZK.9.10	2
21:7	EZK.12.12-EZK.12.16	2
21:7	EZK.21.25-EZK.21.26	2
21:8	DEU.30.19	18
21:8	DEU.30.15	14
21:8	DEU.11.26	12
21:8	ISA.1.19-ISA.1.20	11
21:9	JER.38.2	9
21:9	JER.39.18	7
21:9	JER.45.5	7
21:9	JER.14.12	4
21:9	JER.38.17-JER.38.23	4
21:9	JER.21.7	3
21:9	JER.27.13	3
21:10	JER.44.11	8
21:10	JER.44.27	7
21:10	AMO.9.4	7
21:10	JER.52.13	5
21:10	EZK.15.7	5
21:10	2CH.36.19	4
21:10	JER.34.2	4
21:10	JER.38.3	4
21:10	JER.38.18	4
21:10	JER.39.8	4
21:10	LEV.17.10	3
21:10	LEV.26.17	3
21:10	PSA.34.16	3
21:10	JER.38.23	3
21:10	LEV.20.3-LEV.20.5	2
21:10	JER.17.27	2
21:10	JER.26.6	2
21:10	JER.32.28-JER.32.31	2
21:10	JER.34.22	2
21:10	JER.37.8-JER.37.10	2
21:10	ZEC.1.6	2
21:11	JER.17.20	7
21:11	MIC.3.1	4
21:11	JER.13.18	3
21:12	ISA.1.17	9
21:12	PRO.31.8-PRO.31.9	6
21:12	JER.4.4	6
21:12	ISA.1.31	5
21:12	JER.22.2-JER.22.3	5
21:12	ZEC.7.9-ZEC.7.11	5
21:12	JER.5.28	4
21:12	JER.7.20	4
21:12	JER.17.4	4
21:12	JER.36.7	4
21:12	EZK.20.47-EZK.20.48	4
21:12	NAM.1.6	4
21:12	ZEP.3.5	4
21:12	PSA.101.8	3
21:12	ISA.7.2	3
21:12	ISA.7.13	3
21:12	JER.5.14	3
21:12	JER.22.15-JER.22.17	3
21:12	JER.23.19	3
21:12	LAM.2.3-LAM.2.4	3
21:12	LAM.4.11	3
21:12	EZK.22.18-EZK.22.22	3
21:12	EZK.22.31	3
21:12	MRK.9.43-MRK.9.48	3
21:12	LUK.1.69	3
21:12	LUK.18.3-LUK.18.5	3
21:12	ROM.13.4	3
21:12	EXO.18.13	2
21:12	LEV.26.28	2
21:12	DEU.32.22	2
21:12	2SA.8.15	2
21:12	JOB.29.17	2
21:12	PSA.72.1-PSA.72.4	2
21:12	PSA.72.12-PSA.72.14	2
21:12	PSA.82.2-PSA.82.4	2
21:12	PRO.24.11-PRO.24.12	2
21:12	ECC.10.16-ECC.10.17	2
21:12	ISA.16.3-ISA.16.5	2
21:12	ISA.31.1-ISA.31.2	2
21:12	JER.21.5	2
21:12	JER.23.5	2
21:12	EZK.24.8-EZK.24.14	2
21:12	ZEP.1.18	2
21:13	LAM.4.12	6
21:13	EZK.13.8	5
21:13	OBA.1.3-OBA.1.4	5
21:13	PSA.125.2	4
21:13	JER.23.30-JER.23.32	4
21:13	JER.49.4-JER.49.5	4
21:13	JER.50.31	4
21:13	MIC.3.11	4
21:13	2SA.5.6-2SA.5.7	3
21:13	ISA.22.1	3
21:13	JER.21.5	3
21:13	JER.49.16	3
21:13	EXO.13.8	2
21:13	JER.7.4	2
21:13	JER.51.25	2
21:13	EXO.13.20	1
21:14	ISA.3.10-ISA.3.11	6
21:14	PRO.1.31	5
21:14	JER.32.19	5
21:14	2CH.36.19	4
21:14	JER.17.10	4
21:14	JER.52.13	4
21:14	ISA.10.18-ISA.10.19	3
21:14	JER.9.25	3
21:14	EZK.20.46-EZK.20.48	3
21:14	GAL.6.7-GAL.6.8	3
21:14	ISA.10.12	2
21:14	ISA.24.21	2
21:14	ISA.27.10-ISA.27.11	2
21:14	ISA.37.24	2
21:14	JER.6.29	2
21:14	JER.11.22	2
21:14	JER.22.7	2
21:14	ZEC.11.1	2
22:1	JER.34.2	3
22:1	1SA.15.16-1SA.15.23	2
22:1	2SA.12.1	2
22:1	2SA.24.11-2SA.24.12	2
22:1	1KI.21.18-1KI.21.20	2
22:1	2CH.19.2-2CH.19.3	2
22:1	2CH.25.15-2CH.25.16	2
22:1	2CH.33.10	2
22:1	JER.21.11	2
22:1	HOS.5.1	2
22:1	AMO.7.13	2
22:1	MRK.6.18	2
22:1	LUK.3.19-LUK.3.20	2
22:2	LUK.1.32	4
22:2	ISA.1.10	3
22:2	ISA.9.7	3
22:2	JER.22.4	3
22:2	1KI.22.19	2
22:2	ISA.28.14	2
22:2	JER.7.2	2
22:2	JER.13.18	2
22:2	JER.17.20-JER.17.27	2
22:2	JER.19.3	2
22:2	JER.22.29-JER.22.30	2
22:2	JER.29.20	2
22:2	JER.36.30	2
22:2	EZK.34.7	2
22:2	AMO.7.16	2
22:2	JER.29.16-JER.29.17	1
22:3	JER.21.12	8
22:3	JER.22.17	7
22:3	MIC.6.8	7
22:3	JAS.1.27	6
22:3	EZK.22.7	5
22:3	ISA.1.15-ISA.1.20	4
22:3	ZEC.7.9-ZEC.7.11	4
22:3	MAL.3.5	4
22:3	DEU.19.10-DEU.19.13	3
22:3	DEU.24.7	3
22:3	2KI.24.4	3
22:3	PSA.68.5	3
22:3	PSA.72.2-PSA.72.4	3
22:3	PRO.23.10	3
22:3	ISA.1.23	3
22:3	JER.5.28	3
22:3	JER.7.5-JER.7.6	3
22:3	JER.9.24	3
22:3	JOL.3.19	3
22:3	EXO.23.6-EXO.23.9	2
22:3	LEV.19.15	2
22:3	DEU.10.18	2
22:3	DEU.16.18-DEU.16.20	2
22:3	DEU.25.1	2
22:3	DEU.27.19	2
22:3	2SA.23.3	2
22:3	JOB.22.9	2
22:3	JOB.24.9	2
22:3	JOB.29.7-JOB.29.17	2
22:3	PSA.94.6	2
22:3	PSA.94.21	2
22:3	PRO.6.17	2
22:3	JER.26.16	2
22:3	EXO.22.22	1
22:3	MIC.3.11	1
22:4	JER.17.25	6
22:5	AMO.6.8	6
22:5	GEN.22.16	5
22:5	JER.17.27	5
22:5	HEB.6.13	5
22:5	DEU.32.40-DEU.32.42	4
22:5	ISA.1.20	3
22:5	JER.7.13-JER.7.14	3
22:5	JER.26.6-JER.26.9	3
22:5	JER.39.8	3
22:5	NUM.14.28-NUM.14.30	2
22:5	2CH.7.19	2
22:5	2CH.7.22	2
22:5	PSA.95.11	2
22:5	AMO.8.7-AMO.8.8	2
22:5	MIC.3.12	2
22:5	HEB.3.18	2
22:5	HEB.6.17	2
22:6	PSA.107.34	5
22:6	ISA.6.11	5
22:6	ISA.27.10	4
22:6	JER.9.11	4
22:6	MIC.3.12	4
22:6	GEN.37.25	3
22:6	JER.7.34	3
22:6	JER.26.18	3
22:6	DEU.3.25	2
22:6	SNG.5.15	2
22:6	ISA.24.1-ISA.24.6	2
22:6	JER.4.20	2
22:6	JER.19.7-JER.19.8	2
22:6	JER.21.11	2
22:6	JER.21.14	2
22:6	JER.22.24	2
22:6	JER.25.9-JER.25.10	2
22:6	JER.26.6-JER.26.9	2
22:6	EZK.33.27-EZK.33.28	2
22:7	ISA.10.33-ISA.10.34	4
22:7	ISA.37.24	4
22:7	JER.4.6-JER.4.7	4
22:7	ISA.13.3-ISA.13.5	3
22:7	JER.21.14	3
22:7	EZK.9.1-EZK.9.7	3
22:7	ISA.10.3-ISA.10.7	2
22:7	ISA.27.10-ISA.27.11	2
22:7	ISA.54.16-ISA.54.17	2
22:7	JER.5.15	2
22:7	JER.50.20-JER.50.23	2
22:7	ZEC.11.1	2
22:7	MAT.22.7	2
22:8	1KI.9.8-1KI.9.9	6
22:8	2CH.7.20-2CH.7.22	5
22:8	DEU.29.23-DEU.29.26	4
22:8	LAM.2.15-LAM.2.17	3
22:8	JER.16.10	2
22:8	LAM.4.12	2
22:8	DAN.9.7	2
22:9	2KI.22.17	4
22:9	2CH.34.25	4
22:9	DEU.29.25-DEU.29.28	2
22:9	JER.2.17-JER.2.19	2
22:9	JER.40.2-JER.40.3	2
22:9	JER.50.7	2
22:10	ECC.4.2	8
22:10	JER.22.11	8
22:10	ISA.57.1	7
22:10	LAM.4.9	7
22:10	2KI.22.20	4
22:10	2KI.23.30-2KI.23.34	4
22:10	2CH.35.23-2CH.35.25	4
22:10	JER.22.18	3
22:10	LUK.23.28	3
22:10	EZK.19.3-EZK.19.4	2
22:11	1CH.3.15	4
22:11	2KI.23.34	3
22:11	2CH.36.1-2CH.36.4	3
22:11	2KI.23.31	2
22:11	2CH.28.12	2
22:11	2CH.34.22	2
22:12	2KI.23.34	4
22:12	JER.22.18	3
22:13	LEV.19.13	8
22:13	MIC.3.10	8
22:13	JAS.5.4	8
22:13	DEU.24.14-DEU.24.15	5
22:13	MAL.3.5	5
22:13	HAB.2.9-HAB.2.11	4
22:13	2CH.36.4	3
22:13	JER.22.18	3
22:13	2KI.23.35-2KI.23.37	2
22:13	JOB.24.10-JOB.24.11	1
22:14	2SA.7.2	4
22:14	ISA.5.8-ISA.5.9	3
22:14	HAG.1.4	3
22:14	2CH.3.5	2
22:14	PRO.17.19	2
22:14	PRO.24.27	2
22:14	SNG.1.17	2
22:14	ISA.9.9	2
22:14	DAN.4.30	2
22:14	MAL.1.4	2
22:14	LUK.14.28-LUK.14.29	2
22:15	2KI.23.25	10
22:15	ISA.3.10	9
22:15	PRO.25.5	6
22:15	ECC.10.17	6
22:15	PRO.29.4	5
22:15	2KI.22.2	4
22:15	PSA.128.1-PSA.128.2	4
22:15	2SA.8.15	3
22:15	1KI.10.9	3
22:15	PRO.21.3	3
22:15	JER.21.12	3
22:15	JER.42.6	3
22:15	DEU.4.40	2
22:15	1KI.4.20-1KI.4.23	2
22:15	1CH.3.15	2
22:15	2CH.34.2	2
22:15	2CH.35.7-2CH.35.8	2
22:15	2CH.35.12-2CH.35.18	2
22:15	PRO.20.28	2
22:15	PRO.31.9	2
22:15	ECC.2.24	2
22:15	ECC.9.7-ECC.9.10	2
22:15	ISA.9.7	2
22:15	ISA.33.16	2
22:15	JER.22.3	2
22:15	JER.22.18	2
22:15	JER.23.5	2
22:15	LUK.11.41	2
22:15	ACT.2.46	2
22:15	1CO.10.31	2
22:16	JER.9.24	12
22:16	ISA.1.17	11
22:16	1JN.2.3-1JN.2.4	11
22:16	TIT.1.16	10
22:16	PSA.72.1-PSA.72.4	6
22:16	PSA.72.12-PSA.72.13	6
22:16	JHN.17.3	6
22:16	PSA.9.10	5
22:16	PSA.109.31	5
22:16	PRO.24.11-PRO.24.12	5
22:16	JER.9.16	5
22:16	1CH.28.9	4
22:16	JER.5.28	4
22:16	PSA.82.3-PSA.82.4	3
22:16	JER.9.3	3
22:16	JHN.8.54-JHN.8.55	3
22:16	JHN.16.3	3
22:16	JHN.17.6	3
22:16	1SA.2.2	2
22:16	JOB.29.12-JOB.29.17	2
22:16	JER.31.33-JER.31.34	2
22:16	JHN.8.19	2
22:17	2KI.24.4	4
22:17	JER.22.3	4
22:17	EZK.19.6	4
22:17	2PE.2.14	4
22:17	PSA.10.3	3
22:17	EZK.33.31	3
22:17	EXO.18.21	2
22:17	JOS.7.21	2
22:17	1KI.21.19	2
22:17	2CH.36.8	2
22:17	JOB.31.7	2
22:17	PSA.119.36-PSA.119.37	2
22:17	JER.26.22-JER.26.24	2
22:17	ZEP.3.3	2
22:17	MRK.7.21-MRK.7.22	2
22:17	LUK.12.15-LUK.12.21	2
22:17	LUK.16.13-LUK.16.14	2
22:17	ROM.1.29	2
22:17	1CO.6.10	2
22:17	EPH.5.3-EPH.5.5	2
22:17	COL.3.5	2
22:17	JAS.1.14-JAS.1.15	2
22:17	2PE.2.3	2
22:17	1TI.6.9-1TI.6.10	1
22:17	1JN.2.15-1JN.2.16	1
22:18	1KI.13.30	4
22:18	JER.16.6	4
22:18	JER.16.4	3
22:18	JER.22.10	3
22:18	2SA.1.26	2
22:18	2SA.3.33-2SA.3.38	2
22:18	2CH.21.19-2CH.21.20	2
22:18	2CH.35.25	2
22:18	JER.34.5	2
22:19	JER.36.30	5
22:19	1KI.21.23-1KI.21.24	3
22:19	1KI.14.10	2
22:19	2KI.9.35	2
22:19	2CH.36.6	2
22:19	JER.15.3	2
22:19	JER.36.6	2
22:20	NUM.27.12	4
22:20	LAM.1.2	3
22:20	EZK.23.22	3
22:20	DEU.32.49	2
22:20	2KI.24.7	2
22:20	ISA.20.5-ISA.20.6	2
22:20	ISA.30.1-ISA.30.7	2
22:20	ISA.31.1-ISA.31.3	2
22:20	JER.2.36-JER.3.1	2
22:20	JER.4.30	2
22:20	JER.22.22	2
22:20	JER.25.9	2
22:20	JER.25.17-JER.25.27	2
22:20	JER.30.13-JER.30.15	2
22:20	LAM.1.19	2
22:20	EZK.23.9	2
22:21	JER.32.30	6
22:21	JER.3.25	5
22:21	JER.7.22-JER.7.28	5
22:21	PRO.30.9	4
22:21	ISA.48.8	4
22:21	EZK.23.3-EZK.23.39	4
22:21	JER.6.16	3
22:21	JER.35.15	3
22:21	EZK.20.8	3
22:21	DEU.9.7	2
22:21	DEU.9.24	2
22:21	DEU.31.27	2
22:21	DEU.32.15-DEU.32.20	2
22:21	JDG.2.11-JDG.2.19	2
22:21	2CH.33.10	2
22:21	2CH.36.16-2CH.36.17	2
22:21	NEH.9.16-NEH.9.37	2
22:21	PSA.106.6-PSA.106.48	2
22:21	JER.2.31	2
22:21	JER.36.21-JER.36.26	2
22:21	EZK.20.13	2
22:21	EZK.20.21	2
22:21	EZK.20.28	2
22:22	JER.5.30-JER.5.31	4
22:22	JER.10.21	4
22:22	JER.12.10	4
22:22	JER.23.1-JER.23.2	4
22:22	EZK.34.2-EZK.34.10	4
22:22	HOS.13.15	4
22:22	ZEC.11.17	4
22:22	ISA.64.6	3
22:22	JER.20.11	3
22:22	JER.2.8	2
22:22	JER.2.26-JER.2.27	2
22:22	JER.2.37	2
22:22	JER.4.11-JER.4.13	2
22:22	JER.30.23-JER.30.24	2
22:22	HOS.4.19	2
22:22	ZEC.11.8	2
22:22	ACT.7.51-ACT.7.52	2
22:23	JER.6.24	6
22:23	JER.4.30-JER.4.31	3
22:23	JER.22.6	3
22:23	NUM.24.21	2
22:23	JER.3.21	2
22:23	JER.21.13	2
22:23	JER.30.5-JER.30.6	2
22:23	JER.48.28	2
22:23	JER.49.16	2
22:23	JER.50.4-JER.50.5	2
22:23	HOS.5.15-HOS.6.1	2
22:23	HOS.7.14	2
22:23	AMO.9.2	2
22:23	OBA.1.4	2
22:23	HAB.2.9	2
22:23	ZEC.11.1-ZEC.11.2	2
22:24	JER.37.1	5
22:24	1CH.3.16	4
22:24	SNG.8.6	4
22:24	2KI.24.6-2KI.24.8	3
22:24	HAG.2.23	3
22:24	JER.22.6	2
22:24	JER.22.28	2
22:24	MAT.1.11-MAT.1.12	2
22:25	JER.21.7	5
22:25	JER.34.20-JER.34.21	5
22:25	2KI.24.15-2KI.24.16	4
22:25	PRO.10.24	2
22:25	JER.22.28	2
22:25	JER.38.16	2
22:26	2KI.24.15	4
22:26	2KI.24.8	3
22:26	ISA.22.17	3
22:26	JER.15.2-JER.15.4	3
22:26	2CH.36.9-2CH.36.10	2
22:26	EZK.19.9-EZK.19.14	2
22:27	JER.44.14	3
22:27	2KI.25.27-2KI.25.30	2
22:27	JER.22.11	2
22:27	JER.52.31-JER.52.34	2
22:27	PSA.86.4	1
22:28	PSA.31.12	6
22:28	HOS.8.8	6
22:28	JER.48.38	5
22:28	JER.22.30	3
22:28	1SA.5.3-1SA.5.5	2
22:28	2SA.5.21	2
22:28	1CH.3.17-1CH.3.24	2
22:28	JER.14.18	2
22:28	JER.15.1	2
22:28	JER.17.4	2
22:28	HOS.13.15	2
22:28	MAT.1.12-MAT.1.16	2
22:28	ROM.9.21-ROM.9.23	2
22:28	2TI.2.20-2TI.2.21	2
22:29	DEU.32.1	18
22:29	MIC.1.2	14
22:29	JER.6.19	11
22:29	ISA.1.1-ISA.1.2	8
22:29	MIC.6.1-MIC.6.2	8
22:29	ISA.34.1	7
22:29	DEU.31.19	6
22:29	DEU.4.26	3
22:30	JER.36.30	9
22:30	PSA.94.20	4
22:30	MAT.1.11-MAT.1.16	3
22:30	1CH.3.16-1CH.3.17	2
22:30	JER.10.21	2
22:30	LUK.1.32-LUK.1.33	2
23:1	JER.10.21	33
23:1	ZEC.11.15-ZEC.11.17	26
23:1	EZK.34.2-EZK.34.10	25
23:1	EZK.13.3	21
23:1	MAT.9.36	20
23:1	JER.12.10	17
23:1	JER.22.22	17
23:1	ISA.56.9-ISA.56.12	14
23:1	LUK.11.42-LUK.11.52	14
23:1	JER.2.8	13
23:1	JER.50.6	13
23:1	MAT.23.13-MAT.23.29	12
23:1	JHN.10.12	12
23:1	ZEP.3.3-ZEP.3.4	11
23:1	JER.23.2	10
23:1	JHN.10.10	10
23:1	MAT.15.14	9
23:1	JER.23.11-JER.23.15	8
23:1	EZK.22.25-EZK.22.29	8
23:1	EZK.34.31	8
23:1	MIC.3.11-MIC.3.12	8
23:1	ZEC.11.5-ZEC.11.7	8
23:1	EZK.34.21	6
23:1	JER.25.34-JER.25.36	5
23:1	JER.2.26	4
23:2	JER.21.12	4
23:2	MIC.7.4	4
23:2	EXO.32.34	3
23:2	JER.23.34	3
23:2	JER.5.9	2
23:2	JER.5.29	2
23:2	JER.8.12	2
23:2	JER.11.22	2
23:2	JER.13.21	2
23:2	HOS.2.13	2
23:2	MAT.25.43	2
23:2	JAS.1.27	2
23:2	MAT.25.36	1
23:3	AMO.9.14-AMO.9.15	61
23:3	JER.32.37	59
23:3	ISA.43.5-ISA.43.6	52
23:3	JER.29.14	48
23:3	JER.30.3	42
23:3	ZEP.3.19-ZEP.3.20	36
23:3	EZK.37.21-EZK.37.27	33
23:3	EZK.11.17	31
23:3	JER.31.8	29
23:3	EZK.34.11-EZK.34.31	29
23:3	ISA.11.11-ISA.11.16	26
23:3	DEU.30.3-DEU.30.5	24
23:3	PSA.106.47	24
23:3	ZEC.10.8-ZEC.10.12	23
23:3	EZK.36.24	22
23:3	ISA.27.12-ISA.27.13	21
23:3	EZK.36.37	21
23:3	EZK.39.27-EZK.39.28	21
23:3	MIC.7.12	20
23:4	JER.3.14-JER.3.15	9
23:4	1PE.1.5	5
23:4	ACT.20.28-ACT.20.29	4
23:4	NUM.31.49	3
23:4	PSA.78.70-PSA.78.72	3
23:4	ISA.11.11	3
23:4	JER.30.10	3
23:4	JER.31.10	3
23:4	JER.33.26	3
23:4	JER.46.27-JER.46.28	3
23:4	EZK.34.23-EZK.34.31	3
23:4	HOS.3.3-HOS.3.5	3
23:4	MIC.5.2	3
23:4	MIC.5.4-MIC.5.5	3
23:4	JHN.6.39-JHN.6.40	3
23:4	JHN.10.27-JHN.10.30	3
23:4	JHN.17.12	3
23:4	JHN.18.9	3
23:4	JHN.21.15-JHN.21.17	3
23:4	MIC.7.14	2
23:4	1PE.5.1-1PE.5.4	2
23:5	ISA.4.2	23
23:5	LUK.1.32-LUK.1.33	23
23:5	ISA.52.13	18
23:5	ISA.9.7	17
23:5	ZEC.6.12-ZEC.6.13	12
23:5	ZEC.3.8	11
23:5	ISA.11.1-ISA.11.5	10
23:5	ISA.32.1-ISA.32.2	9
23:5	ISA.53.2	9
23:5	JER.31.31-JER.31.38	9
23:5	JER.33.14-JER.33.16	9
23:5	ZEC.9.9	9
23:5	JER.23.6	8
23:5	ISA.40.9-ISA.40.11	6
23:5	JER.30.3	6
23:5	JER.30.9	6
23:5	AMO.9.11	6
23:5	JHN.1.45	6
23:5	REV.19.11	6
23:5	ISA.53.10	5
23:5	JER.22.3	5
23:5	JER.31.27	5
23:5	DAN.9.24	5
23:5	HOS.3.5	5
23:5	JHN.1.49	5
23:5	HEB.8.8	5
23:5	PSA.45.4	4
23:5	PSA.72.1-PSA.72.2	4
23:5	PSA.80.15	4
23:5	EZK.17.2-EZK.17.10	4
23:5	EZK.17.22-EZK.17.24	4
23:5	EZK.34.29	4
23:5	MAT.2.2	4
23:5	JER.22.15	3
23:5	JER.22.30	3
23:6	1CO.1.30	20
23:6	PHP.3.9	19
23:6	JER.33.16	16
23:6	MAT.1.21-MAT.1.23	13
23:6	ISA.7.14	10
23:6	ISA.54.17	10
23:6	DAN.9.24	10
23:6	ROM.3.22	9
23:6	ROM.11.26-ROM.11.27	9
23:6	DEU.33.28-DEU.33.29	8
23:6	PSA.130.7-PSA.130.8	8
23:6	JER.32.37	8
23:6	ISA.9.6	7
23:6	JER.30.10	7
23:6	ZEC.14.9-ZEC.14.11	7
23:6	LUK.19.9-LUK.19.10	7
23:6	2CO.5.21	7
23:6	ZEC.2.4-ZEC.2.5	6
23:6	ZEC.10.6	6
23:6	LUK.1.71-LUK.1.74	6
23:6	ISA.12.1-ISA.12.2	5
23:6	ISA.35.9	5
23:6	ISA.45.24-ISA.45.25	5
23:6	EZK.34.25-EZK.34.28	5
23:6	EZK.37.24-EZK.37.28	5
23:6	HOS.1.7	5
23:6	HOS.2.18	5
23:6	OBA.1.17	5
23:6	OBA.1.21	5
23:6	ZEP.3.13	5
23:6	ZEC.3.10	5
23:6	1KI.4.25	4
23:6	ISA.2.4	4
23:6	ISA.33.22	4
23:6	ISA.45.17	4
23:7	JER.16.14-JER.16.15	16
23:7	JER.23.3	14
23:7	ISA.43.18-ISA.43.19	10
23:7	JER.31.31-JER.31.34	9
23:8	ISA.43.5-ISA.43.6	7
23:8	AMO.9.14-AMO.9.15	7
23:8	EZK.34.13	6
23:8	EZK.36.24	5
23:8	EZK.39.28	5
23:8	ZEP.3.20	5
23:8	ISA.14.1	4
23:8	ISA.27.12-ISA.27.13	4
23:8	ISA.65.8-ISA.65.10	4
23:8	JER.23.3	4
23:8	EZK.37.25	4
23:9	HAB.3.16	4
23:9	PSA.60.3	3
23:9	ISA.51.21	3
23:9	LAM.3.15	3
23:9	DAN.8.27	3
23:9	2KI.22.19-2KI.22.20	2
23:9	ISA.6.5	2
23:9	ISA.28.1	2
23:9	ISA.29.9	2
23:9	JER.5.31	2
23:9	JER.9.1	2
23:9	JER.14.17-JER.14.18	2
23:9	JER.25.15-JER.25.18	2
23:9	EZK.9.4	2
23:9	EZK.9.6	2
23:9	ROM.7.9	2
23:10	PSA.107.34	7
23:10	HOS.4.2-HOS.4.3	7
23:10	JER.5.7-JER.5.8	5
23:10	JER.9.2	5
23:10	JER.9.10	5
23:10	MAL.3.5	4
23:10	ISA.24.6	3
23:10	EZK.22.9-EZK.22.11	3
23:10	JER.7.9	2
23:10	JER.12.3-JER.12.4	2
23:10	JER.14.2	2
23:10	LAM.1.2-LAM.1.4	2
23:10	JOL.1.10	2
23:10	ZEC.5.3-ZEC.5.4	2
23:10	1CO.6.9-1CO.6.10	2
23:10	GAL.5.19-GAL.5.21	2
23:10	1TI.1.10	2
23:10	HEB.13.4	2
23:10	JAS.4.4	2
23:11	JER.6.13	6
23:11	ZEP.3.4	6
23:11	MAT.21.12-MAT.21.13	5
23:11	JER.32.34	4
23:11	EZK.23.39	4
23:11	2CH.36.14	3
23:11	JER.7.10-JER.7.11	3
23:11	JER.7.30	3
23:11	JER.8.10	3
23:11	JER.11.15	3
23:11	EZK.8.16	3
23:11	2CH.33.5	2
23:11	2CH.33.7	2
23:11	JER.5.31	2
23:11	JER.23.15	2
23:11	EZK.7.20	2
23:11	EZK.8.5-EZK.8.6	2
23:11	EZK.8.11	2
23:11	EZK.22.25-EZK.22.26	2
23:12	JER.13.16	6
23:12	PSA.35.6	5
23:12	PRO.4.19	5
23:12	JER.11.23	5
23:12	EXO.32.34	3
23:12	PSA.73.18	3
23:12	ISA.8.22	3
23:12	JER.48.44	3
23:12	JHN.12.35	3
23:12	JOB.18.18	2
23:12	JER.50.27	2
23:12	MIC.7.4	2
23:12	1JN.2.11	2
23:12	JUD.1.13	2
23:13	ISA.9.16	5
23:13	JER.2.8	5
23:13	1KI.18.18-1KI.18.21	4
23:13	HOS.9.7-HOS.9.8	4
23:13	2CH.33.9	3
23:13	1KI.18.25-1KI.18.28	2
23:13	1KI.18.40	2
23:14	ISA.1.9-ISA.1.10	6
23:14	JER.29.23	6
23:14	EZK.22.25	5
23:14	GEN.18.20	4
23:14	DEU.32.32	4
23:14	JER.14.14	4
23:14	JER.23.32	4
23:14	EZK.13.22-EZK.13.23	4
23:14	MIC.3.11	4
23:14	GEN.13.13	3
23:14	ISA.41.6-ISA.41.7	3
23:14	JER.5.30-JER.5.31	3
23:14	JER.20.16	3
23:14	JER.23.25-JER.23.26	3
23:14	EZK.13.2-EZK.13.4	3
23:14	EZK.16.46-EZK.16.52	3
23:14	ZEP.3.4	3
23:14	MAT.11.24	3
23:14	2TH.2.9-2TH.2.11	2
23:14	1TI.4.2	2
23:14	2PE.2.1-2PE.2.2	2
23:14	2PE.2.6	2
23:14	2PE.2.14-2PE.2.19	2
23:14	JUD.1.7	2
23:14	REV.11.8	2
23:14	REV.19.20	2
23:14	REV.21.8	2
23:14	REV.22.15	2
23:14	JER.18.13	1
23:14	JER.23.17	1
23:14	EZK.13.16	1
23:14	MAL.1.1	1
23:15	JER.8.14	6
23:15	JER.9.15	5
23:15	PSA.69.21	3
23:15	LAM.3.5	3
23:15	LAM.3.15	3
23:15	LAM.3.19	2
23:15	MAT.27.34	2
23:15	REV.8.11	2
23:16	JER.14.14	13
23:16	EZK.13.6	12
23:16	JER.27.9-JER.27.10	10
23:16	EZK.13.3	10
23:16	MAT.7.15	10
23:16	2CO.11.13-2CO.11.15	10
23:16	GAL.1.8-GAL.1.9	10
23:16	2KI.17.15	9
23:16	JER.23.21	9
23:16	JER.27.14-JER.27.17	9
23:16	1JN.4.1	9
23:16	JER.23.26	8
23:16	MIC.2.11	8
23:16	PRO.19.27	7
23:16	JER.2.5	7
23:16	JER.9.20	7
23:16	JER.29.8	7
23:16	EZK.13.16	7
23:16	EZK.13.23	7
23:16	EZK.22.28	7
23:16	ROM.1.21	6
23:17	MIC.3.11	9
23:17	JER.13.10	6
23:17	AMO.9.10	5
23:17	DEU.29.19	4
23:17	JER.5.12	4
23:17	JER.8.11	4
23:17	JER.9.14	4
23:17	MIC.3.5	4
23:17	NUM.11.20	3
23:17	JER.3.17	3
23:17	JER.6.14	3
23:17	JER.18.18	3
23:17	EZK.13.10	3
23:17	ZEC.10.2	3
23:17	1SA.2.30	2
23:17	2SA.12.10	2
23:17	ISA.3.10-ISA.3.11	2
23:17	ISA.57.21	2
23:17	JER.4.10	2
23:17	JER.7.24	2
23:17	JER.28.3-JER.28.9	2
23:17	LAM.2.14	2
23:17	EZK.13.15-EZK.13.16	2
23:17	EZK.13.22	2
23:17	LUK.10.16	2
23:17	1TH.4.8	2
23:17	JER.14.13-JER.14.14	1
23:17	ZEP.1.12	1
23:17	MAL.1.6	1
23:18	JER.23.22	6
23:18	PSA.25.14	4
23:18	ISA.40.13-ISA.40.14	4
23:18	AMO.3.7	4
23:18	JHN.15.15	4
23:18	1CO.2.16	4
23:18	1KI.22.24	3
23:18	2CH.18.23	3
23:18	JOB.15.8-JOB.15.10	3
23:19	JER.30.23	8
23:19	JER.25.32	6
23:19	AMO.1.14	5
23:19	PRO.10.25	4
23:19	ISA.21.1	4
23:19	NAM.1.3-NAM.1.6	3
23:19	PSA.58.9	2
23:19	PRO.1.27	2
23:19	ISA.5.25-ISA.5.28	2
23:19	ISA.40.24	2
23:19	ISA.66.15-ISA.66.16	2
23:19	JER.4.11	2
23:19	ZEC.9.14	2
23:20	JER.30.24	13
23:20	ISA.55.11	6
23:20	GEN.49.1	3
23:20	PRO.21.30	3
23:20	ISA.14.24	3
23:20	ZEC.1.6	3
23:20	DEU.31.29-DEU.31.30	2
23:20	1KI.8.47	2
23:20	2KI.23.26	2
23:20	PRO.5.11-PRO.5.14	2
23:20	HOS.3.4-HOS.3.5	2
23:20	ZEC.8.14-ZEC.8.15	2
23:21	JER.14.14	8
23:21	JER.27.15	6
23:21	JER.23.32	5
23:21	JER.28.15	4
23:21	JER.29.9	4
23:21	JER.29.31	4
23:21	JHN.20.21	3
23:21	ACT.13.4	3
23:21	ISA.6.8	2
23:21	ROM.10.15	1
23:22	JER.23.18	4
23:22	JER.25.5	4
23:22	ZEC.1.4	4
23:22	JER.35.15	3
23:22	EZK.13.22	3
23:22	ACT.20.27	3
23:22	EZK.2.7	2
23:22	EZK.3.17	2
23:22	EZK.18.30	2
23:22	ACT.26.18-ACT.26.20	2
23:22	1TH.5.6	2
23:22	JER.36.3	1
23:22	1TH.1.9-1TH.1.10	1
23:23	PSA.139.1-PSA.139.10	8
23:23	1KI.20.23	2
23:23	1KI.20.28	2
23:23	PSA.113.5	2
23:23	EZK.20.32-EZK.20.35	2
23:23	JON.1.3-JON.1.4	2
23:24	PRO.15.3	31
23:24	PSA.139.7	24
23:24	PSA.90.8	17
23:24	ISA.29.15	13
23:24	AMO.9.2-AMO.9.3	9
23:24	1KI.8.27	8
23:24	PSA.139.11-PSA.139.16	8
23:24	ISA.57.15	8
23:24	JOB.22.13-JOB.22.14	6
23:24	2CH.6.18	5
23:24	PSA.10.11	5
23:24	ISA.66.1	5
23:24	2CH.2.6	4
23:24	DAN.4.35	4
23:24	GEN.16.13	3
23:24	JOB.24.13-JOB.24.16	3
23:24	PSA.148.13	3
23:24	JER.49.10	3
23:24	EZK.8.12	3
23:24	EZK.9.9	3
23:24	EPH.1.23	3
23:25	JER.23.32	5
23:25	JER.23.28	4
23:25	JER.29.8	4
23:25	JOL.2.28	4
23:25	NUM.12.6	3
23:25	JER.8.6	3
23:25	1CO.4.5	3
23:25	GEN.37.5	2
23:25	GEN.37.9	2
23:25	PSA.139.2	2
23:25	PSA.139.4	2
23:25	JER.13.27	2
23:25	JER.14.14	2
23:25	JER.16.17	2
23:25	JER.29.23	2
23:25	MAT.1.20	2
23:25	LUK.12.3	2
23:25	HEB.4.13	2
23:25	REV.2.23	2
23:26	1TI.4.1-1TI.4.2	6
23:26	JER.14.14	4
23:26	2TH.2.9-2TH.2.11	3
23:26	2TI.4.3	3
23:26	2PE.2.13-2PE.2.16	3
23:26	PSA.4.2	2
23:26	ISA.30.10	2
23:26	JER.4.14	2
23:26	JER.13.27	2
23:26	JER.17.9	2
23:26	HOS.8.5	2
23:26	ACT.13.10	2
23:27	JDG.8.33-JDG.8.34	8
23:27	JDG.3.7	7
23:27	DEU.13.1-DEU.13.5	3
23:27	JDG.10.6	3
23:27	2KI.21.3	3
23:27	JER.29.8	3
23:27	ACT.13.8	3
23:27	2TI.2.17-2TI.2.18	2
23:27	2TI.3.6-2TI.3.8	2
23:28	1TI.1.12	8
23:28	2CO.2.17	7
23:28	PRO.14.5	6
23:28	MAT.24.45	6
23:28	LUK.12.42	6
23:28	1CO.3.12-1CO.3.13	5
23:28	1CO.4.2	5
23:29	HEB.4.12	44
23:29	JER.5.14	39
23:29	LUK.24.32	33
23:29	JER.20.9	30
23:29	2CO.10.4-2CO.10.5	26
23:29	JHN.6.63	23
23:29	REV.11.5	23
23:29	ACT.2.3	16
23:29	ACT.2.37	15
23:29	2CO.2.16	8
23:30	DEU.18.20	11
23:30	EZK.13.8	9
23:30	JER.14.14-JER.14.15	7
23:30	PSA.34.16	4
23:30	EZK.13.20	4
23:30	EZK.15.7	3
23:30	1PE.3.12	3
23:30	LEV.20.3	2
23:30	LEV.26.17	2
23:30	DEU.29.20	2
23:30	JER.44.11	2
23:30	JER.44.29	2
23:31	JER.23.17	4
23:31	2CH.18.5	3
23:31	2CH.18.10-2CH.18.12	3
23:31	ISA.30.10	3
23:31	2CH.18.19-2CH.18.21	2
23:31	MIC.2.11	2
23:32	LAM.2.14	6
23:32	EZK.13.7-EZK.13.18	6
23:32	ZEP.3.4	6
23:32	JER.7.8	5
23:32	JER.29.31	5
23:32	ZEC.13.2-ZEC.13.3	5
23:32	MAT.15.14	5
23:32	DEU.18.20	4
23:32	ISA.3.12	4
23:32	JER.23.16	4
23:32	JER.23.21-JER.23.22	4
23:32	JER.23.25	4
23:32	JER.27.14-JER.27.22	4
23:32	JER.28.15-JER.28.17	4
23:32	JER.29.21-JER.29.23	4
23:32	REV.19.20	4
23:32	DEU.13.1-DEU.13.18	3
23:32	2CO.1.17	3
23:33	MAL.1.1	4
23:33	DEU.32.19-DEU.32.20	3
23:33	ISA.13.1	3
23:33	JER.12.7	3
23:33	HOS.9.12	3
23:33	NAM.1.1	3
23:33	HAB.1.1	3
23:33	DEU.31.17-DEU.31.18	2
23:33	2CH.15.2	2
23:33	PSA.78.59-PSA.78.60	2
23:33	ISA.14.28	2
23:33	JER.17.15	2
23:33	JER.20.7-JER.20.8	2
23:33	JER.23.39-JER.23.40	2
23:34	ZEC.13.3	3
23:34	LAM.2.14	2
23:35	JER.31.34	2
23:35	JER.33.3	2
23:35	JER.42.4	2
23:35	HEB.8.11	2
23:36	ISA.3.8	5
23:36	JER.10.10	5
23:36	2PE.3.16	5
23:36	2KI.19.4	4
23:36	PSA.64.8	4
23:36	PSA.120.3	4
23:36	DEU.5.26	3
23:36	1SA.17.26	3
23:36	1SA.17.36	3
23:36	PSA.12.3	3
23:36	PSA.149.9	3
23:36	PRO.17.20	3
23:36	ISA.28.13-ISA.28.14	3
23:36	ISA.28.22	3
23:36	MAT.12.36	3
23:36	LUK.19.22	3
23:36	ACT.14.15	3
23:36	GAL.1.7-GAL.1.9	3
23:36	GAL.6.5	3
23:36	1TH.1.9	3
23:36	2PE.2.17-2PE.2.18	3
23:36	JUD.1.15-JUD.1.16	3
23:38	2CH.11.13-2CH.11.14	3
23:39	JER.23.33	5
23:39	EZK.8.18	3
23:39	GEN.6.17	2
23:39	LEV.26.28	2
23:39	DEU.32.39	2
23:39	PSA.51.11	2
23:39	PRO.13.13	2
23:39	ISA.48.15	2
23:39	ISA.51.12	2
23:39	JER.7.15	2
23:39	JER.32.28-JER.32.35	2
23:39	JER.35.17	2
23:39	JER.36.31	2
23:39	JER.52.3	2
23:39	LAM.5.20	2
23:39	EZK.5.8	2
23:39	EZK.6.3	2
23:39	EZK.9.6	2
23:39	EZK.34.11	2
23:39	EZK.34.20	2
23:39	HOS.4.6	2
23:39	HOS.5.14	2
23:39	HOS.9.12-HOS.9.17	2
23:39	MAT.25.41	2
23:39	2TH.1.9	2
23:40	JER.20.11	5
23:40	EZK.5.14-EZK.5.15	4
23:40	JER.42.18	3
23:40	DEU.28.37	2
23:40	JER.24.9	2
23:40	JER.44.8-JER.44.12	2
23:40	DAN.9.16	2
23:40	DAN.12.2	2
23:40	HOS.4.7	2
24:1	JER.29.2	5
24:1	2CH.36.10	4
24:1	2KI.24.12-2KI.24.16	3
24:1	DEU.26.2-DEU.26.4	2
24:1	1SA.13.19-1SA.13.20	2
24:1	JER.22.24-JER.22.28	2
24:1	EZK.19.9	2
24:1	AMO.3.7	2
24:1	AMO.7.1	2
24:1	AMO.7.4	2
24:1	AMO.7.7	2
24:1	AMO.8.1-AMO.8.2	2
24:1	ZEC.1.20	2
24:1	ZEC.3.1	2
24:2	ISA.5.4	4
24:2	ISA.5.7	4
24:2	MIC.7.1	3
24:2	JER.24.5-JER.24.10	2
24:2	JER.29.17	2
24:2	EZK.15.2-EZK.15.5	2
24:2	HOS.9.10	2
24:2	MAL.1.12-MAL.1.14	2
24:2	MAT.5.13	2
24:3	AMO.8.2	4
24:3	JER.1.11-JER.1.14	3
24:3	ZEC.4.2	3
24:3	ZEC.5.5-ZEC.5.11	3
24:3	MAT.25.32-MAT.25.33	3
24:3	1SA.9.9	2
24:3	AMO.7.8	2
24:3	ZEC.5.2	0
24:5	ZEC.13.9	4
24:5	NAM.1.7	3
24:5	DEU.8.16	2
24:5	PSA.94.12-PSA.94.14	2
24:5	PSA.119.67	2
24:5	PSA.119.71	2
24:5	MAT.25.12	2
24:5	JHN.10.27	2
24:5	ROM.8.28	2
24:5	1CO.8.3	2
24:5	GAL.4.9	2
24:5	2TI.2.19	2
24:5	HEB.12.5-HEB.12.10	2
24:5	REV.3.19	2
24:6	JER.42.10	14
24:6	JER.29.10	11
24:6	JER.33.7	10
24:6	JER.12.15	9
24:6	JER.32.41	9
24:6	JER.1.10	8
24:6	JER.32.37	7
24:6	PSA.34.15	6
24:6	EZK.36.24	6
24:6	1PE.3.12	6
24:6	DEU.11.12	5
24:6	2CH.16.9	5
24:6	NEH.5.19	5
24:6	JOB.33.27-JOB.33.28	5
24:6	JER.23.3	5
24:6	JER.18.7-JER.18.9	3
24:6	EZK.11.15-EZK.11.17	3
24:6	JER.21.10	2
24:7	HEB.8.10	16
24:7	JER.30.22	15
24:7	EZK.37.23	14
24:7	EZK.36.24-EZK.36.28	11
24:7	EZK.11.19-EZK.11.20	10
24:7	DEU.30.2-DEU.30.6	9
24:7	ZEC.8.8	9
24:7	ROM.6.17	9
24:7	JER.31.33-JER.31.34	8
24:7	JER.32.38-JER.32.40	8
24:7	EZK.37.27	7
24:7	DEU.4.29-DEU.4.31	6
24:7	DEU.26.17-DEU.26.19	6
24:7	1SA.7.3	5
24:7	JER.29.12-JER.29.14	4
24:7	1KI.8.46-1KI.8.50	3
24:7	2CH.6.38	3
24:7	ISA.51.16	3
24:7	ISA.55.6-ISA.55.7	3
24:7	JER.3.10	3
24:7	ZEC.13.9	3
24:7	HOS.14.1-HOS.14.3	2
24:7	HEB.11.16	2
24:8	JER.43.1-JER.44.1	4
24:8	JER.24.2	3
24:8	JER.29.16-JER.29.18	3
24:8	JER.37.17	3
24:8	JER.39.2-JER.39.9	3
24:8	JER.21.10	2
24:8	JER.24.5	2
24:8	JER.32.28-JER.32.29	2
24:8	JER.34.17-JER.34.22	2
24:8	JER.37.10	2
24:8	JER.38.18-JER.38.23	2
24:8	JER.44.26-JER.44.30	2
24:8	JER.52.2-JER.52.11	2
24:8	EZK.12.12-EZK.12.16	2
24:8	EZK.17.11-EZK.17.21	2
24:9	DEU.28.37	6
24:9	JER.29.18	6
24:9	1KI.9.7	5
24:9	JER.15.4	5
24:9	JER.25.18	4
24:9	JER.34.17	4
24:9	DEU.28.25	3
24:9	2CH.7.20	3
24:9	PSA.44.13-PSA.44.14	3
24:9	ISA.65.15	3
24:9	JER.26.6	3
24:9	JER.29.22	3
24:9	JER.42.18	3
24:9	JER.44.12	3
24:9	LAM.2.15-LAM.2.17	3
24:9	DEU.28.65-DEU.28.67	2
24:9	PSA.109.18-PSA.109.19	2
24:9	JER.19.8	2
24:9	JER.44.22	2
24:9	EZK.5.1-EZK.5.2	2
24:9	EZK.5.12-EZK.5.13	2
24:9	EZK.25.3	2
24:9	EZK.26.2	2
24:9	EZK.36.2-EZK.36.3	2
24:10	ISA.51.19	4
24:10	JER.19.7	3
24:10	EZK.5.12-EZK.5.17	3
24:10	JER.5.12	2
24:10	JER.9.16	2
24:10	JER.14.15-JER.14.16	2
24:10	JER.15.2	2
24:10	JER.16.4	2
24:10	JER.27.8	2
24:10	JER.34.17	2
24:10	EZK.6.12-EZK.6.14	2
24:10	EZK.7.15	2
24:10	EZK.14.12-EZK.14.21	2
24:10	EZK.33.27	2
25:1	JER.36.1	5
25:1	2KI.24.1-2KI.24.2	4
25:1	JER.46.2	3
25:1	DAN.1.1	3
25:2	JER.18.11	4
25:2	PSA.49.1-PSA.49.2	2
25:2	JER.19.14-JER.19.15	2
25:2	JER.26.2	2
25:2	JER.35.13	2
25:2	JER.38.1-JER.38.2	2
25:2	MRK.7.14-MRK.7.15	2
25:3	JER.1.2	7
25:3	JER.11.7	7
25:3	JER.26.5	7
25:3	JER.7.13	6
25:3	2CH.34.3	5
25:3	2CH.34.8	5
25:3	JER.29.19	5
25:3	2TI.4.2	4
25:3	GEN.22.3	2
25:3	EXO.8.20	2
25:3	1KI.22.3	2
25:3	PSA.81.13	2
25:3	ISA.55.2	2
25:3	JER.25.4	2
25:3	JER.35.15	2
25:3	JER.44.4	2
25:3	MRK.1.35	2
25:3	JHN.8.2	2
25:3	JHN.8.47	2
25:4	JER.25.3	4
25:4	JER.26.5	3
25:4	2CH.36.15-2CH.36.16	2
25:4	JER.7.24-JER.7.26	2
25:4	JER.11.7-JER.11.10	2
25:4	JER.13.10-JER.13.11	2
25:4	JER.16.12	2
25:4	JER.17.23	2
25:4	JER.18.12	2
25:4	JER.19.15	2
25:4	JER.22.21	2
25:4	JER.29.19	2
25:4	JER.32.33	2
25:4	JER.35.14-JER.35.15	2
25:4	JER.36.31	2
25:4	JER.44.4-JER.44.5	2
25:4	ZEC.7.11-ZEC.7.12	2
25:4	ACT.7.51-ACT.7.52	2
25:4	HEB.12.25	2
25:4	JER.25.7	1
25:5	JER.7.7	5
25:5	GEN.17.8	4
25:5	ISA.55.6-ISA.55.7	4
25:5	JER.17.25	4
25:5	JER.18.11	3
25:5	JER.35.15	3
25:5	EZK.18.30	3
25:5	JON.3.8-JON.3.10	3
25:5	ZEC.1.4-ZEC.1.5	3
25:5	2KI.17.13-2KI.17.14	2
25:5	PSA.37.27	2
25:5	PSA.105.10-PSA.105.11	2
25:5	EZK.33.11	2
25:5	LUK.13.3-LUK.13.5	2
25:5	ACT.26.20	2
25:5	JAS.4.8-JAS.4.10	2
25:6	DEU.8.19	6
25:6	DEU.6.14	3
25:6	1KI.14.22	3
25:6	2KI.17.35	3
25:6	JER.7.6	3
25:6	JER.35.15	3
25:6	EXO.20.3	2
25:6	EXO.20.23	2
25:6	DEU.13.2	2
25:6	DEU.28.14	2
25:6	JOS.24.20	2
25:6	1KI.11.4-1KI.11.10	2
25:6	JER.7.9	2
25:7	2KI.21.15	6
25:7	PRO.8.36	4
25:7	DEU.32.21	3
25:7	2KI.17.17	3
25:7	NEH.9.26	2
25:7	JER.7.18-JER.7.19	2
25:7	JER.32.30-JER.32.33	2
25:9	ISA.13.3	6
25:9	JER.1.15	6
25:9	JER.18.16	6
25:9	EZK.29.18-EZK.29.20	5
25:9	HAB.1.6-HAB.1.10	5
25:9	JER.6.22-JER.6.26	4
25:9	JER.43.10	4
25:9	LEV.26.25-LEV.26.46	3
25:9	1KI.9.7-1KI.9.8	3
25:9	ISA.5.26-ISA.5.30	3
25:9	ISA.39.7	3
25:9	ISA.44.28-ISA.45.1	3
25:9	JER.24.9	3
25:9	JER.27.3-JER.27.8	3
25:9	DEU.28.45-DEU.28.50	2
25:9	PRO.21.1	2
25:9	ISA.10.5	2
25:9	JER.5.15-JER.5.16	2
25:9	JER.6.1	2
25:9	JER.8.16	2
25:9	JER.25.17-JER.25.26	2
25:9	JER.40.2	2
25:9	EZK.26.7	2
25:9	EZK.30.10-EZK.30.11	2
25:10	JER.7.34	5
25:10	JER.16.9	4
25:10	EZK.26.13	4
25:10	REV.18.22-REV.18.23	4
25:10	JER.33.10-JER.33.11	3
25:10	EST.3.13	2
25:10	EST.7.4	2
25:10	EST.8.11	2
25:10	ECC.12.2-ECC.12.4	2
25:10	ISA.24.7-ISA.24.12	2
25:10	HOS.2.11	2
25:11	DAN.9.2	9
25:11	ZEC.1.12	7
25:11	2CH.36.21-2CH.36.22	5
25:11	JER.25.12	5
25:11	ZEC.7.5	5
25:11	ISA.23.15-ISA.23.17	4
25:11	JER.4.27	4
25:11	JER.12.11-JER.12.12	4
25:12	ISA.13.19	5
25:12	DAN.9.2	5
25:12	JER.29.10	4
25:12	ISA.14.23	3
25:12	JER.50.1-JER.50.46	3
25:12	JER.51.62-JER.51.64	3
25:12	DEU.32.35-DEU.32.42	2
25:12	2KI.24.1	2
25:12	EZR.1.1-EZR.1.2	2
25:12	ISA.13.1-ISA.13.14	2
25:12	ISA.15.6	2
25:12	ISA.20.1-ISA.21.17	2
25:12	ISA.46.1-ISA.47.1	2
25:12	JER.23.2	2
25:12	JER.25.14	2
25:12	JER.51.24-JER.51.26	2
25:12	EZK.35.9	2
25:12	DAN.5.1-DAN.5.31	2
25:12	HAB.2.1-HAB.2.20	2
25:12	REV.18.1-REV.18.24	2
25:13	JER.1.5	3
25:13	JER.1.10	3
25:13	DAN.5.28	2
25:13	DAN.5.31	2
25:13	REV.10.11	2
25:14	JER.51.6	8
25:14	JER.27.7	6
25:14	JER.50.9	6
25:14	JER.50.41	5
25:14	ISA.14.2	3
25:14	ISA.45.1-ISA.45.3	3
25:14	ISA.66.6	3
25:14	PSA.137.8	2
25:14	JER.50.29-JER.50.34	2
25:14	JER.51.20-JER.51.28	2
25:14	JER.51.35-JER.51.41	2
25:14	DAN.5.28	2
25:14	HAB.2.8-HAB.2.16	2
25:14	REV.18.20-REV.18.24	2
25:15	PSA.75.8	7
25:15	ISA.51.17	5
25:15	JOB.21.20	4
25:15	REV.14.10	4
25:15	ISA.51.22	3
25:15	JER.51.7	3
25:15	PSA.11.6	2
25:15	JER.13.12-JER.13.14	2
25:15	REV.14.19	2
25:16	JER.51.7	4
25:16	NAM.3.11	4
25:16	JER.25.27	3
25:16	JER.51.39	3
25:16	LAM.4.21	3
25:16	EZK.23.32-EZK.23.34	3
25:16	REV.14.10	3
25:16	REV.16.9-REV.16.11	3
25:16	REV.18.3	3
25:16	LAM.3.15	2
25:16	REV.14.8	2
25:17	JER.1.10	5
25:17	JER.25.28	4
25:17	JER.27.3	3
25:17	JER.46.1-JER.46.28	3
25:17	EZK.43.3	3
25:18	JER.24.9	4
25:18	JER.44.22	4
25:18	PSA.60.3	3
25:18	JOS.6.18	2
25:18	1KI.8.24	2
25:18	2KI.22.19	2
25:18	EZR.9.7	2
25:18	NEH.9.36	2
25:18	ISA.51.17-ISA.51.22	2
25:18	JER.1.10	2
25:18	JER.19.3-JER.19.9	2
25:18	JER.21.6-JER.21.10	2
25:18	JER.25.9	2
25:18	JER.25.11	2
25:18	EZK.9.5-EZK.9.8	2
25:18	DAN.9.12	2
25:18	AMO.2.5	2
25:18	AMO.3.2	2
25:18	1PE.4.17	2
25:19	JER.46.2	3
25:19	JER.46.13-JER.46.26	3
25:19	NAM.3.8-NAM.3.10	3
25:19	JER.43.9-JER.43.11	2
25:19	EZK.29.1-EZK.29.21	2
25:20	JOB.1.1	5
25:20	ISA.20.1	4
25:20	JER.50.37	4
25:20	LAM.4.21	4
25:20	EZK.30.5	4
25:20	EXO.12.38	3
25:20	JER.25.24	3
25:20	JER.47.1-JER.47.7	3
25:20	GEN.10.23	2
25:20	GEN.22.21	2
25:20	1SA.6.17	2
25:20	1CH.1.17	2
25:20	NEH.13.23-NEH.13.27	2
25:20	EZK.25.15-EZK.25.17	2
25:20	AMO.1.6-AMO.1.8	2
25:20	ZEP.2.4-ZEP.2.7	2
25:20	ZEC.9.5-ZEC.9.7	2
25:21	JER.48.1-JER.49.22	4
25:21	PSA.137.7	3
25:21	JER.9.26	3
25:21	ISA.15.1-ISA.15.9	2
25:21	ISA.25.10	2
25:21	ISA.34.1-ISA.34.17	2
25:21	ISA.63.1-ISA.63.6	2
25:21	JER.27.3	2
25:21	LAM.4.21-LAM.4.22	2
25:21	EZK.25.2-EZK.25.14	2
25:21	EZK.32.29	2
25:21	EZK.35.1-EZK.35.15	2
25:21	AMO.1.11-AMO.2.3	2
25:21	OBA.1.1-OBA.1.16	2
25:21	OBA.1.18	2
25:21	ZEP.2.8-ZEP.2.10	2
25:21	MAL.1.2-MAL.1.4	2
25:22	JER.47.4	5
25:22	JER.27.3	2
25:22	JER.31.10	2
25:22	JER.49.23-JER.49.27	2
25:22	EZK.26.1-EZK.26.21	2
25:22	EZK.28.22-EZK.28.23	2
25:22	EZK.29.18	2
25:22	EZK.32.30	2
25:22	JOL.3.4-JOL.3.8	2
25:22	AMO.1.3-AMO.1.5	2
25:22	AMO.1.9-AMO.1.10	2
25:22	ZEC.9.1-ZEC.9.4	2
25:23	JER.9.26	5
25:23	JER.49.8	4
25:23	JER.49.32	4
25:23	GEN.22.21	3
25:23	JOB.6.19	3
25:23	GEN.10.7	2
25:23	GEN.25.15	2
25:23	1CH.1.30	2
25:23	ISA.21.13-ISA.21.14	2
25:23	EZK.25.13	2
25:23	EZK.27.20	2
25:24	2CH.9.14	5
25:24	JER.25.20	4
25:24	JER.50.37	3
25:24	EZK.30.5	3
25:24	GEN.25.2-GEN.25.4	2
25:24	GEN.25.12-GEN.25.16	2
25:24	GEN.37.25-GEN.37.28	2
25:24	1KI.10.15	2
25:24	ISA.21.13	2
25:24	JER.49.28-JER.49.33	2
25:24	EZK.27.21	2
25:25	GEN.10.22	4
25:25	ISA.11.11	4
25:25	ISA.13.17	3
25:25	JER.49.34-JER.49.39	3
25:25	JER.51.11	3
25:25	JER.51.28	3
25:25	GEN.14.1	2
25:25	GEN.25.2	2
25:25	ISA.22.6	2
25:25	EZK.32.24	2
25:25	DAN.5.28	2
25:25	DAN.8.2	2
25:26	JER.51.41	5
25:26	JER.25.9	3
25:26	ISA.13.1-ISA.13.14	2
25:26	ISA.47.1-ISA.47.15	2
25:26	JER.25.12	2
25:26	JER.50.1-JER.50.46	2
25:26	EZK.32.30	2
25:26	DAN.5.1-DAN.5.31	2
25:26	HAB.2.16	2
25:26	REV.18.1-REV.18.24	2
25:27	JER.25.16	5
25:27	HAB.2.16	5
25:27	ISA.51.21	3
25:27	LAM.4.21	3
25:27	EZK.21.4-EZK.21.5	3
25:27	DEU.32.42	2
25:27	ISA.63.6	2
25:27	JER.12.12	2
25:27	JER.46.10	2
25:27	JER.46.14	2
25:27	JER.47.6-JER.47.7	2
25:27	JER.50.35	2
25:27	EZK.24.21-EZK.24.25	2
25:28	JOB.34.33	3
25:28	ISA.14.24-ISA.14.27	2
25:28	ISA.46.10-ISA.46.11	2
25:28	JER.4.28	2
25:28	JER.49.12	2
25:28	JER.51.29	2
25:28	DAN.4.35	2
25:28	ACT.4.28	2
25:28	EPH.1.11	2
25:29	PRO.11.31	5
25:29	EZK.38.21	5
25:29	1PE.4.17	5
25:29	1KI.8.43	4
25:29	JER.49.12	3
25:29	EZK.9.6	3
25:29	OBA.1.16	3
25:29	PRO.11.21	2
25:29	PRO.17.5	2
25:29	ISA.10.12	2
25:29	JER.13.13	2
25:29	JER.30.11	2
25:29	JER.46.28	2
25:29	EZK.14.17	2
25:29	EZK.14.21	2
25:29	DAN.9.18-DAN.9.19	2
25:29	ZEC.13.7	2
25:29	LUK.23.31	2
25:30	AMO.1.2	5
25:30	ISA.42.13	4
25:30	JOL.3.16	4
25:30	PSA.78.65	3
25:30	ISA.16.9	3
25:30	DEU.26.15	2
25:30	1KI.9.3	2
25:30	2CH.30.27	2
25:30	PSA.11.4	2
25:30	PSA.58.5	2
25:30	PSA.132.14	2
25:30	JER.17.12	2
25:30	JER.48.33	2
25:30	HOS.5.14	2
25:30	HOS.13.7-HOS.13.8	2
25:30	JOL.2.11-JOL.2.13	2
25:30	AMO.3.8	2
25:30	ZEC.2.13	2
25:30	REV.14.18-REV.14.20	2
25:30	REV.19.15	2
25:31	HOS.4.1	7
25:31	JOL.3.2	6
25:31	ISA.66.16	5
25:31	MIC.6.2	5
25:31	EZK.20.35-EZK.20.36	4
25:31	ISA.34.8	3
25:31	HOS.12.2	3
25:31	JER.45.5	2
25:31	EZK.38.22	2
25:32	ISA.34.2	5
25:32	JER.23.19	5
25:32	2CH.15.6	4
25:32	ISA.30.30	3
25:32	JER.30.23	3
25:32	ISA.5.28	2
25:32	ISA.66.18	2
25:32	ZEP.3.8	2
25:32	LUK.21.10	2
25:32	LUK.21.25	2
25:33	ISA.66.16	7
25:33	JER.8.2	5
25:33	PSA.79.3	4
25:33	ISA.5.25	3
25:33	JER.16.4-JER.16.7	3
25:33	2KI.9.37	2
25:33	PSA.83.10	2
25:33	ISA.34.2-ISA.34.8	2
25:33	JER.13.12-JER.13.14	2
25:33	JER.25.18-JER.25.26	2
25:33	EZK.39.4-EZK.39.20	2
25:33	ZEP.2.12	2
25:33	REV.11.9	2
25:33	REV.14.19-REV.14.20	2
25:33	REV.19.17-REV.19.21	2
25:33	JER.9.21-JER.9.22	1
25:34	JER.6.26	5
25:34	2CH.36.10	2
25:34	PSA.2.9	2
25:34	ISA.2.16	2
25:34	ISA.10.12	2
25:34	ISA.30.14	2
25:34	ISA.33.1	2
25:34	ISA.34.6	2
25:34	JER.3.19	2
25:34	JER.4.8-JER.4.9	2
25:34	JER.19.10-JER.19.12	2
25:34	JER.22.28	2
25:34	JER.25.12	2
25:34	JER.25.23	2
25:34	JER.25.36	2
25:34	JER.27.7	2
25:34	JER.48.26	2
25:34	JER.50.27	2
25:34	JER.51.20-JER.51.26	2
25:34	LAM.4.21	2
25:34	EZK.27.30-EZK.27.31	2
25:34	EZK.34.16-EZK.34.17	2
25:34	EZK.34.20	2
25:34	DAN.11.8	2
25:34	AMO.5.11	2
25:34	JAS.5.1-JAS.5.2	2
25:35	JOB.11.20	4
25:35	AMO.2.14	3
25:35	ISA.2.12-ISA.2.22	2
25:35	ISA.24.21-ISA.24.23	2
25:35	JER.32.4	2
25:35	JER.34.3	2
25:35	JER.38.18	2
25:35	JER.38.23	2
25:35	JER.48.44	2
25:35	JER.52.8-JER.52.11	2
25:35	JER.52.24-JER.52.27	2
25:35	EZK.17.15	2
25:35	EZK.17.18	2
25:35	DAN.5.30	2
25:35	AMO.9.1-AMO.9.3	2
25:35	REV.6.14-REV.6.17	2
25:35	REV.19.19-REV.19.21	2
25:36	JER.4.8	3
25:36	JER.25.34	2
25:37	ISA.27.10-ISA.27.11	3
25:37	ISA.32.14	2
25:38	JER.4.7	4
25:38	JER.5.6	3
25:38	HOS.5.14	3
25:38	HOS.13.7-HOS.13.8	3
25:38	PSA.76.2	2
25:38	JER.49.19	2
25:38	JER.50.44	2
25:38	HOS.11.10	2
25:38	AMO.8.8	2
25:38	ZEC.2.3	2
26:1	2CH.36.4-2CH.36.5	4
26:1	JER.27.1	3
26:1	2KI.23.34-2KI.23.36	2
26:1	JER.1.3	2
26:1	JER.25.1	2
26:1	JER.35.1	2
26:1	JER.36.1	2
26:2	DEU.4.2	7
26:2	MAT.28.20	6
26:2	ACT.20.27	6
26:2	JER.1.17	5
26:2	JER.19.14	5
26:2	JER.7.2	4
26:2	ACT.5.42	4
26:2	ACT.20.20	4
26:2	DEU.12.32	3
26:2	2CH.24.20-2CH.24.21	3
26:2	ISA.58.1-ISA.58.2	3
26:2	JER.23.28	3
26:2	JER.36.10	3
26:2	EZK.3.10	3
26:2	JHN.18.20	3
26:2	JER.42.4	2
26:2	EZK.3.17-EZK.3.21	2
26:2	LUK.19.47-LUK.20.1	2
26:2	LUK.21.37-LUK.21.38	2
26:2	JHN.8.2	2
26:2	ACT.5.20-ACT.5.21	2
26:2	ACT.5.25	2
26:2	REV.22.19	2
26:3	JER.36.3	6
26:3	ISA.1.16-ISA.1.19	5
26:3	JER.18.7-JER.18.10	5
26:3	JON.4.2	5
26:3	JER.36.7	4
26:3	EZK.18.27-EZK.18.30	4
26:3	JON.3.8-JON.3.10	4
26:3	1KI.21.27	3
26:3	1KI.21.29	3
26:4	1KI.9.6	4
26:4	ISA.1.20	3
26:4	JER.44.10	3
26:4	LEV.26.14-LEV.26.46	2
26:4	DEU.4.8	2
26:4	DEU.4.44	2
26:4	DEU.11.32	2
26:4	DEU.28.15-DEU.28.68	2
26:4	DEU.29.18-DEU.29.28	2
26:4	DEU.31.16-DEU.31.18	2
26:4	DEU.31.20	2
26:4	DEU.32.15-DEU.32.25	2
26:4	JOS.23.15-JOS.23.16	2
26:4	2CH.7.19-2CH.7.20	2
26:4	NEH.9.26-NEH.9.30	2
26:4	ISA.42.23-ISA.42.25	2
26:4	HEB.6.18	2
26:5	JER.11.7	5
26:5	2KI.9.7	4
26:5	EZR.9.11	4
26:5	JER.7.13	4
26:5	JER.7.25	4
26:5	JER.25.3-JER.25.4	4
26:5	EZK.38.17	3
26:5	DAN.9.6-DAN.9.10	3
26:5	AMO.3.7	3
26:5	ZEC.1.6	3
26:5	REV.10.7	3
26:5	REV.11.18	3
26:5	2KI.17.13	2
26:5	2KI.17.23	2
26:5	2KI.24.2	2
26:6	2KI.22.19	5
26:6	JER.24.9	5
26:6	ISA.65.15	4
26:6	JER.25.18	4
26:6	1SA.4.10-1SA.4.12	3
26:6	1SA.4.19-1SA.4.22	3
26:6	PSA.78.60-PSA.78.64	3
26:6	JER.7.12-JER.7.14	3
26:6	DAN.9.11	3
26:6	JOS.18.1	2
26:6	ISA.43.28	2
26:6	JER.29.22	2
26:6	JER.42.18	2
26:6	JER.44.8-JER.44.12	2
26:6	JER.44.22	2
26:6	MAL.4.6	2
26:7	JER.5.31	3
26:7	MIC.3.11	3
26:7	JER.23.11-JER.23.15	2
26:7	EZK.22.25-EZK.22.26	2
26:7	ZEP.3.4	2
26:7	MAT.21.15	2
26:7	ACT.4.1-ACT.4.6	2
26:7	ACT.5.17	2
26:8	LAM.4.13-LAM.4.14	3
26:8	2CH.36.16	2
26:8	JER.2.30	2
26:8	JER.11.19-JER.11.21	2
26:8	JER.12.5-JER.12.6	2
26:8	JER.18.18	2
26:8	JER.20.1-JER.20.2	2
26:8	JER.20.8-JER.20.11	2
26:8	MAT.21.35-MAT.21.39	2
26:8	MAT.22.6	2
26:8	MAT.23.31-MAT.23.35	2
26:8	MAT.26.3-MAT.26.4	2
26:8	MAT.26.59-MAT.26.66	2
26:8	ACT.5.33	2
26:8	ACT.7.52	2
26:8	REV.18.24	1
26:9	ACT.4.17-ACT.4.19	3
26:9	2CH.25.16	2
26:9	ISA.29.21	2
26:9	ISA.30.9-ISA.30.11	2
26:9	JER.9.11	2
26:9	AMO.5.10	2
26:9	AMO.7.10-AMO.7.13	2
26:9	MIC.2.6	2
26:9	MAT.21.23	2
26:9	MAT.27.20	2
26:9	MRK.15.11	2
26:9	JHN.8.20	2
26:9	JHN.8.59	2
26:9	ACT.5.28	2
26:9	ACT.6.14	2
26:9	ACT.13.50	2
26:9	ACT.16.19-ACT.16.22	2
26:9	ACT.17.5-ACT.17.8	2
26:9	ACT.19.24-ACT.19.32	2
26:9	ACT.21.30	2
26:9	ACT.22.22	1
26:10	JER.36.10	4
26:10	2KI.15.35	2
26:10	JER.26.16-JER.26.17	2
26:10	JER.26.24	2
26:10	JER.34.19	2
26:10	JER.36.12-JER.36.19	2
26:10	JER.36.25	2
26:10	JER.37.14-JER.37.16	2
26:10	JER.38.4-JER.38.6	2
26:10	EZK.22.6	2
26:10	EZK.22.27	2
26:11	JER.38.4	6
26:11	MAT.26.66	5
26:11	DEU.18.20	4
26:11	ACT.6.11-ACT.6.14	4
26:11	JER.18.23	3
26:11	LUK.23.1-LUK.23.5	3
26:11	JHN.18.30	3
26:11	JHN.19.7	3
26:11	ACT.22.22	3
26:11	ACT.24.4-ACT.24.9	3
26:11	ACT.25.2-ACT.25.13	3
26:12	JER.26.15	4
26:12	ACT.4.19	4
26:12	ACT.5.29	4
26:12	JER.1.17-JER.1.18	3
26:12	JER.26.2	3
26:12	JER.19.1-JER.19.3	2
26:12	AMO.7.15-AMO.7.17	2
26:13	ISA.1.19	4
26:13	JON.3.9	4
26:13	JON.4.2	4
26:13	ISA.55.7	3
26:13	JER.7.3-JER.7.7	3
26:13	JER.18.8	3
26:13	JER.26.3	3
26:13	JER.26.19	3
26:13	JER.35.15	3
26:13	JER.36.3	3
26:13	JER.38.20	3
26:13	HOS.14.1-HOS.14.4	3
26:13	JOL.2.14	3
26:13	HEB.5.9	3
26:13	EXO.32.14	2
26:13	DEU.32.36	2
26:13	JDG.2.18	2
26:13	JER.42.10	2
26:13	EZK.33.11	2
26:14	JOS.9.25	5
26:14	2SA.15.26	4
26:14	JER.38.5	4
26:14	DAN.3.16	2
26:15	NUM.35.33	4
26:15	PRO.6.17	4
26:15	JER.7.6	3
26:15	JER.22.3	3
26:15	MAT.26.25	3
26:15	ACT.7.60	3
26:15	REV.16.6	3
26:15	GEN.4.10	2
26:15	GEN.42.22	2
26:15	DEU.19.10	2
26:15	2KI.24.4	2
26:15	JER.2.30	2
26:15	JER.2.34	2
26:15	JER.22.17	2
26:15	MAT.23.30-MAT.23.36	2
26:15	MAT.26.4	2
26:15	1TH.2.15-1TH.2.16	2
26:16	ACT.5.34-ACT.5.39	5
26:16	ACT.23.9	5
26:16	ACT.23.29	5
26:16	ACT.25.25	5
26:16	JER.26.11	3
26:16	JER.36.19	3
26:16	JER.36.25	3
26:16	JER.38.7-JER.38.13	3
26:16	MAT.27.23-MAT.27.24	3
26:16	LUK.23.14-LUK.23.15	3
26:16	ACT.26.31-ACT.26.32	3
26:16	EST.4.14	2
26:16	PRO.16.7	2
26:16	MAT.27.54	2
26:16	LUK.23.41	2
26:16	LUK.23.47	2
26:17	ACT.5.34	4
26:17	MIC.1.1	2
26:18	NEH.4.2	5
26:18	MIC.1.1	5
26:18	ZEC.8.3	5
26:18	JER.17.3	4
26:18	MIC.3.12-MIC.4.1	4
26:18	PSA.79.1	3
26:18	ISA.2.2-ISA.2.3	3
26:18	2KI.19.25	2
26:18	JER.9.11	2
26:18	JER.51.37	2
26:19	EXO.32.14	5
26:19	2SA.24.16	5
26:19	2CH.29.6-2CH.29.11	4
26:19	ISA.37.15-ISA.37.20	4
26:19	NUM.35.33-NUM.35.34	3
26:19	2CH.32.25-2CH.32.26	3
26:19	ISA.37.1	3
26:19	ISA.37.4	3
26:19	ACT.5.39	3
26:19	NUM.16.38	2
26:19	2CH.32.20	2
26:19	2CH.34.21	2
26:19	ISA.26.21	2
26:19	JER.26.3	2
26:19	JER.26.15	2
26:19	JER.44.7	2
26:19	LAM.4.13-LAM.4.14	2
26:19	HAB.2.10	2
26:19	MAT.23.35	2
26:19	MAT.27.24-MAT.27.25	2
26:19	LUK.3.19-LUK.3.20	2
26:19	REV.6.9-REV.6.10	2
26:19	REV.16.6	2
26:19	REV.18.20-REV.18.24	2
26:20	1SA.7.2	4
26:20	JOS.9.17	3
26:20	JOS.15.60	2
26:20	JOS.18.14	2
26:20	1SA.6.21	2
26:21	MAT.10.23	4
26:21	2CH.16.10	3
26:21	JER.36.26	3
26:21	MAT.14.5	3
26:21	1KI.19.1-1KI.19.3	2
26:21	PSA.119.109	2
26:21	PRO.29.25	2
26:21	MAT.10.28	2
26:21	MAT.10.39	2
26:21	MAT.16.25-MAT.16.26	2
26:21	MRK.6.19	2
26:22	2KI.22.12	3
26:22	2KI.22.14	3
26:22	JER.36.12	3
26:22	PSA.12.8	2
26:22	PRO.29.12	2
26:22	JER.36.25	2
26:23	JER.2.30	4
26:23	REV.11.7	3
26:23	JER.22.19	2
26:23	JER.26.15	2
26:23	JER.36.30	2
26:23	EZK.19.6	2
26:23	MAT.14.10	2
26:23	MAT.23.34-MAT.23.35	2
26:23	ACT.12.1-ACT.12.3	2
26:23	1TH.2.15	2
26:24	1KI.18.4	3
26:24	2KI.22.12-2KI.22.14	3
26:24	JER.1.18-JER.1.19	3
26:24	JER.39.14	3
26:24	JER.40.5-JER.40.7	3
26:24	2KI.25.22	2
26:24	2CH.34.20	2
26:24	ISA.37.32-ISA.37.33	2
26:24	JER.15.15-JER.15.21	2
26:24	ACT.23.10	2
26:24	ACT.23.20-ACT.23.35	2
26:24	ACT.25.3-ACT.25.4	2
26:24	ACT.27.43	2
26:24	REV.12.16	2
27:1	2CH.36.11	2
27:1	JER.27.3	2
27:1	JER.27.12	2
27:1	JER.27.19-JER.27.20	2
27:1	JER.28.1	2
27:1	JER.26.1	1
27:2	AMO.7.1	3
27:2	1KI.11.30-1KI.11.31	2
27:2	ISA.20.2-ISA.20.4	2
27:2	JER.13.1-JER.13.11	2
27:2	JER.18.2-JER.18.10	2
27:2	JER.19.1-JER.19.11	2
27:2	JER.27.12	2
27:2	JER.28.10-JER.28.14	2
27:2	EZK.4.1-EZK.4.5	2
27:2	EZK.12.1-EZK.12.28	2
27:2	EZK.24.3-EZK.24.12	2
27:2	AMO.7.4	2
27:3	2CH.36.13	2
27:3	JER.25.19-JER.25.26	2
27:3	EZK.17.15-EZK.17.21	2
27:3	EZK.25.1-EZK.25.17	2
27:3	EZK.29.18	2
27:3	AMO.1.9-AMO.2.3	2
27:3	JER.47.1-JER.47.7	1
27:4	EXO.5.1	2
27:4	JER.10.10	2
27:4	JER.10.16	2
27:4	JER.25.27	2
27:4	JER.51.19	2
27:5	JER.32.17	13
27:5	JER.51.15	12
27:5	PSA.115.15-PSA.115.16	10
27:5	PSA.146.5-PSA.146.6	8
27:5	DAN.4.17	8
27:5	HEB.1.10-HEB.1.11	8
27:5	ISA.42.5	6
27:5	ISA.44.24	6
27:5	ISA.45.12	6
27:5	JER.10.11-JER.10.12	6
27:5	COL.1.16	6
27:5	EZR.1.2	5
27:5	PSA.136.5-PSA.136.9	5
27:5	ISA.40.21-ISA.40.26	5
27:5	ISA.48.13	5
27:5	ISA.51.13	5
27:5	ACT.14.15	5
27:5	ACT.17.24	5
27:5	REV.4.11	5
27:5	DEU.32.8	4
27:5	JOB.26.5-JOB.26.14	4
27:5	JOB.38.4-JOB.38.41	4
27:5	PSA.135.10-PSA.135.12	4
27:5	PSA.148.2-PSA.148.5	4
27:5	JHN.1.1-JHN.1.3	4
27:5	HEB.1.2	4
27:5	GEN.1.29-GEN.1.30	3
27:5	GEN.9.2-GEN.9.3	3
27:5	GEN.9.6	3
27:5	EXO.20.11	3
27:5	DEU.2.7	3
27:5	DEU.2.9	3
27:5	DEU.2.19	3
27:5	DEU.2.21	3
27:5	DEU.4.17	3
27:5	DEU.4.25	3
27:5	DEU.4.32	3
27:5	DEU.4.35	3
27:5	DEU.5.16	3
27:5	DEU.9.29	3
27:5	JOS.1.2-JOS.1.3	3
27:5	PSA.102.25	3
27:6	JER.28.14	8
27:6	JER.25.9	6
27:6	DAN.2.37-DAN.2.38	5
27:6	JER.43.10	4
27:6	EZK.29.18-EZK.29.20	4
27:6	ISA.44.28	3
27:6	PSA.50.10-PSA.50.12	2
27:6	JER.21.7	2
27:6	JER.24.1	2
27:6	JER.51.20-JER.51.23	2
27:6	DAN.5.18-DAN.5.19	2
27:7	JER.52.31	4
27:7	ISA.14.4-ISA.14.6	3
27:7	JER.25.11-JER.25.14	3
27:7	DAN.5.25-DAN.5.31	3
27:7	ZEC.2.8-ZEC.2.9	3
27:7	REV.13.5-REV.13.10	3
27:7	2CH.36.20-2CH.36.21	2
27:7	PSA.37.13	2
27:7	PSA.137.8-PSA.137.9	2
27:7	ISA.13.1	2
27:7	ISA.13.8-ISA.13.22	2
27:7	ISA.14.22-ISA.14.23	2
27:7	ISA.21.9	2
27:7	ISA.47.1-ISA.47.5	2
27:7	JER.50.1-JER.50.46	2
27:7	HAB.2.7	2
27:7	REV.14.8	2
27:7	REV.14.15-REV.14.20	2
27:7	REV.16.19	2
27:7	REV.17.16-REV.17.17	2
27:7	REV.18.2-REV.18.8	2
27:8	JER.24.10	3
27:8	JER.38.17-JER.38.19	3
27:8	EZK.14.21	3
27:8	EZK.17.19-EZK.17.21	3
27:8	JER.25.28-JER.25.29	2
27:8	JER.40.9	2
27:8	JER.42.10-JER.42.18	2
27:8	JER.52.3-JER.52.6	2
27:9	JER.14.14	5
27:9	ISA.8.19	4
27:9	JER.29.8	4
27:9	MAL.3.5	4
27:9	ISA.47.12-ISA.47.14	3
27:9	JER.23.16	3
27:9	JER.23.25	3
27:9	JER.23.32	3
27:9	JER.27.14-JER.27.16	3
27:9	MIC.3.7	3
27:9	ACT.8.11	3
27:9	REV.9.21	3
27:9	REV.18.23	3
27:9	REV.21.8	3
27:9	REV.22.15	3
27:9	EXO.7.11	2
27:9	DEU.18.10-DEU.18.12	2
27:9	DEU.18.14	2
27:9	JOS.13.22	2
27:9	ZEC.10.2	2
27:10	JER.32.31	3
27:10	JER.23.25	2
27:10	JER.27.14	2
27:10	JER.28.16	2
27:10	LAM.2.14	2
27:10	EZK.14.9-EZK.14.11	2
27:11	JER.21.9	4
27:11	JER.27.2	4
27:11	JER.27.8	4
27:11	JER.38.2	4
27:11	JER.27.12	3
27:11	JER.40.9-JER.40.12	3
27:11	JER.42.10-JER.42.11	3
27:12	JER.28.1	4
27:12	JER.38.17	4
27:12	2CH.36.11-2CH.36.13	2
27:12	PRO.1.33	2
27:12	JER.27.2-JER.27.3	2
27:12	JER.27.8	2
27:12	EZK.17.11-EZK.17.21	2
27:13	EZK.18.31	5
27:13	JER.27.8	4
27:13	PRO.8.36	3
27:13	JER.38.20	3
27:13	JER.24.9	2
27:13	JER.38.2	2
27:13	EZK.14.21	2
27:13	EZK.18.24	2
27:13	EZK.33.11	2
27:14	JER.14.14	5
27:14	JER.23.21	3
27:14	JER.29.8-JER.29.9	3
27:14	2CO.11.13-2CO.11.15	3
27:14	1KI.22.22-1KI.22.23	2
27:14	ISA.28.10-ISA.28.13	2
27:14	JER.23.25	2
27:14	JER.27.9-JER.27.10	2
27:14	JER.28.15	2
27:14	EZK.13.6-EZK.13.15	2
27:14	EZK.13.22-EZK.13.23	2
27:14	MIC.2.11	2
27:14	MAT.7.15	2
27:14	PHP.3.2	2
27:14	2PE.2.1-2PE.2.3	2
27:14	1JN.4.1	2
27:15	JER.27.10	4
27:15	2CH.25.16	3
27:15	JER.6.13-JER.6.15	3
27:15	JER.14.15-JER.14.16	3
27:15	2CH.18.17-2CH.18.22	2
27:15	JER.8.10-JER.8.12	2
27:15	JER.20.6	2
27:15	JER.23.15	2
27:15	JER.23.21	2
27:15	JER.28.16-JER.28.17	2
27:15	JER.29.9	2
27:15	JER.29.22-JER.29.23	2
27:15	JER.29.31-JER.29.32	2
27:15	EZK.14.3-EZK.14.10	2
27:15	MIC.3.5-MIC.3.7	2
27:15	MAT.15.14	2
27:15	MAT.24.24	2
27:15	2TH.2.9-2TH.2.12	2
27:15	2TI.2.17-2TI.2.19	2
27:15	2TI.4.3-2TI.4.4	2
27:15	REV.13.7-REV.13.8	2
27:15	REV.19.20	2
27:15	REV.13.12-REV.13.14	1
27:16	2KI.24.13	5
27:16	JER.28.3	5
27:16	JER.27.10	4
27:16	DAN.1.2	4
27:16	JER.27.14	3
27:16	2CH.36.7-2CH.36.10	2
27:16	ISA.9.15	2
27:17	JER.7.34	2
27:17	JER.27.11-JER.27.13	2
27:17	JER.38.17	2
27:17	JER.38.23	2
27:18	1SA.7.8	4
27:18	1SA.12.19	3
27:18	1SA.12.23	3
27:18	1KI.18.24	3
27:18	JER.18.20	3
27:18	GEN.18.24-GEN.18.33	2
27:18	GEN.20.17	2
27:18	1KI.18.26	2
27:18	2CH.32.20	2
27:18	JOB.42.8-JOB.42.9	2
27:18	JER.7.16	2
27:18	JER.15.1	2
27:18	JER.42.2	2
27:18	EZK.14.14	2
27:18	EZK.14.18-EZK.14.20	2
27:18	EZK.22.30	2
27:18	MAL.1.9	2
27:18	JAS.5.16-JAS.5.18	2
27:19	2KI.25.13	5
27:19	JER.52.17-JER.52.23	4
27:19	2KI.25.17	3
27:19	1KI.7.15-1KI.7.22	2
27:19	2CH.4.2-2CH.4.16	2
27:20	JER.24.1	5
27:20	2CH.36.10	4
27:20	2KI.24.14-2KI.24.16	3
27:20	2CH.36.18	3
27:20	JER.22.28	3
27:22	JER.29.10	9
27:22	EZR.7.19	5
27:22	JER.32.5	5
27:22	EZR.1.11	4
27:22	JER.25.11-JER.25.12	4
27:22	EZR.5.13-EZR.5.15	3
27:22	PRO.21.30	3
27:22	2KI.24.13-2KI.24.17	2
27:22	2KI.25.13	2
27:22	2CH.36.17-2CH.36.18	2
27:22	2CH.36.21-EZR.1.5	2
27:22	EZR.1.7-EZR.1.8	2
27:22	EZR.7.9	2
27:22	JER.34.5	2
27:22	JER.52.17-JER.52.21	2
27:22	DAN.5.1-DAN.5.4	2
27:22	DAN.5.23	2
27:22	DAN.9.2	2
28:1	JER.27.1	4
28:1	JOS.9.3	3
28:1	ISA.9.15	2
28:1	JER.23.28	2
28:1	JER.27.3	2
28:1	JER.27.12	2
28:1	JER.28.11	2
28:1	JER.36.12	2
28:1	JER.37.13	2
28:1	ZEC.13.2-ZEC.13.4	2
28:2	JER.27.2-JER.27.12	2
28:2	EZK.13.5-EZK.13.16	2
28:2	MIC.3.11	2
28:3	2KI.24.13	4
28:3	2CH.36.10	3
28:3	DAN.1.2	3
28:3	GEN.47.9	2
28:3	GEN.47.28	2
28:3	PSA.90.10	2
28:3	JER.27.16-JER.27.22	2
28:4	JER.22.24	4
28:4	2KI.25.27-2KI.25.30	3
28:4	JER.24.1	3
28:4	JER.28.2	3
28:4	GEN.27.40	2
28:4	ISA.9.4	2
28:4	JER.2.20	2
28:4	JER.22.10	2
28:4	JER.22.26-JER.22.28	2
28:4	JER.24.5	2
28:4	JER.28.10	2
28:4	JER.30.8	2
28:4	JER.52.31-JER.52.34	2
28:4	NAM.1.13	2
28:5	JER.28.1	3
28:5	JER.7.2	2
28:5	JER.19.14	2
28:5	JER.26.2	2
28:6	1KI.1.36	4
28:6	PSA.41.13	4
28:6	JER.11.5	3
28:6	NUM.5.22	2
28:6	DEU.27.15-DEU.27.26	2
28:6	1CH.16.36	2
28:6	PSA.72.19	2
28:6	PSA.89.52	2
28:6	PSA.106.48	2
28:6	JER.17.16	2
28:6	JER.18.20	2
28:6	JER.28.3	2
28:6	MAT.6.13	2
28:6	MAT.28.20	2
28:6	1CO.14.16	2
28:6	2CO.1.20	2
28:6	REV.1.18	2
28:6	REV.3.14	2
28:6	REV.5.14	2
28:6	REV.19.4	2
28:6	REV.22.20-REV.22.21	2
28:7	1KI.22.28	3
28:8	DEU.4.26-DEU.4.27	4
28:8	1KI.17.1	4
28:8	1KI.22.8	4
28:8	LEV.26.14-LEV.26.46	3
28:8	DEU.28.15-DEU.28.68	3
28:8	DEU.29.18-DEU.29.28	3
28:8	DEU.31.16-DEU.31.17	3
28:8	DEU.32.15-DEU.32.44	3
28:8	1SA.2.27-1SA.2.32	3
28:8	1SA.3.11-1SA.3.14	3
28:8	1KI.14.7-1KI.14.15	3
28:8	1KI.21.18-1KI.21.24	3
28:8	ISA.5.1-ISA.5.8	3
28:8	ISA.6.9-ISA.6.12	3
28:8	ISA.13.18	3
28:8	ISA.24.1-ISA.24.23	3
28:8	JOL.1.2-JOL.1.20	3
28:8	JOL.3.1-JOL.3.11	3
28:8	AMO.1.2	3
28:8	MIC.3.8-MIC.3.12	3
28:8	NAM.1.1-NAM.1.3	3
28:9	DEU.18.22	8
28:9	JER.6.14	5
28:9	JER.4.10	3
28:9	JER.8.11	3
28:9	JER.14.13	3
28:9	EZK.13.10-EZK.13.16	3
28:10	JER.27.2	6
28:10	1KI.22.11	2
28:10	1KI.22.24-1KI.22.25	2
28:10	JER.28.2	2
28:10	JER.28.4	2
28:10	JER.36.23-JER.36.24	2
28:10	MAL.3.13	2
28:11	2CH.18.22-2CH.18.23	3
28:11	PRO.14.7	3
28:11	1KI.22.11-1KI.22.12	2
28:11	JER.14.14	2
28:11	JER.27.2-JER.27.12	2
28:11	JER.29.9	2
28:11	1KI.13.18	1
28:11	1KI.22.6	1
28:11	2CH.18.10	1
28:11	JER.23.17	1
28:11	JER.28.2-JER.28.4	1
28:11	EZK.13.7	0
28:12	JER.1.2	3
28:12	2KI.20.4	2
28:12	1CH.17.3	2
28:12	JER.29.30	2
28:12	DAN.9.2	2
28:13	PSA.149.8	3
28:13	JER.27.15	2
28:13	LAM.2.14	2
28:14	DEU.28.48	5
28:14	JER.27.6-JER.27.7	4
28:14	DEU.4.20	2
28:14	ISA.14.4-ISA.14.6	2
28:14	JER.25.9-JER.25.26	2
28:14	JER.27.4	2
28:14	JER.40.4	2
28:14	DAN.2.38	2
28:14	REV.17.12-REV.17.13	2
28:15	JER.14.14-JER.14.15	32
28:15	JER.27.15	26
28:15	JER.23.21	19
28:15	EZK.13.2-EZK.13.3	16
28:15	EZK.22.28	14
28:15	LAM.2.14	13
28:15	JER.29.23	12
28:15	1KI.22.23	11
28:15	EZK.13.22	11
28:15	JER.20.6	10
28:15	JER.28.11	8
28:15	JER.29.31-JER.29.32	8
28:15	ZEC.13.3	8
28:16	JER.29.32	5
28:16	GEN.7.4	4
28:16	EXO.32.12	3
28:16	DEU.6.15	3
28:16	1KI.13.34	3
28:16	JER.20.6	3
28:16	NUM.14.37	2
28:16	NUM.16.28-NUM.16.35	2
28:16	NUM.29.32	2
28:16	DEU.13.5-DEU.13.11	2
28:16	JER.28.3	2
28:16	EZK.13.11-EZK.13.12	2
28:16	AMO.9.8	2
28:16	ACT.13.8-ACT.13.11	2
28:17	ZEC.1.6	3
28:17	ISA.44.25-ISA.44.26	2
29:1	EST.9.20	4
29:1	JER.29.25-JER.29.29	4
29:1	ACT.15.23	4
29:1	HEB.13.22	4
29:1	REV.2.1-REV.2.3	3
29:1	2CH.30.1-2CH.30.6	2
29:1	JER.24.1-JER.24.7	2
29:1	JER.28.4	2
29:1	2CO.7.8	2
29:1	GAL.6.11	1
29:2	JER.22.24-JER.22.28	4
29:2	2KI.24.12-2KI.24.16	3
29:2	2CH.36.9-2CH.36.10	3
29:2	JER.27.20	3
29:2	2KI.9.32	2
29:2	2KI.20.18	2
29:2	JER.24.1	2
29:2	JER.28.4	2
29:2	DAN.1.3-DAN.1.21	2
29:3	2KI.22.8	2
29:3	2KI.22.12	2
29:3	1CH.6.13	2
29:3	2CH.34.20	2
29:3	JER.26.24	2
29:3	JER.36.25	2
29:3	JER.39.14	2
29:3	EZK.8.11	2
29:4	JER.24.5	4
29:4	ISA.10.5-ISA.10.6	2
29:4	ISA.45.7	2
29:4	ISA.59.1-ISA.59.2	2
29:4	AMO.3.6	2
29:4	ISA.5.5	1
29:5	JER.29.28	6
29:5	JER.29.10	4
29:5	EZK.28.26	2
29:6	GEN.21.21	4
29:6	GEN.24.3-GEN.24.4	4
29:6	GEN.24.51	4
29:6	GEN.28.1-GEN.28.4	4
29:6	GEN.29.19	4
29:6	JDG.12.9	4
29:6	GEN.1.27-GEN.1.28	3
29:6	GEN.9.7	3
29:6	GEN.34.4	3
29:6	JDG.1.12-JDG.1.14	3
29:6	JDG.14.2	3
29:6	JER.16.2-JER.16.4	3
29:6	1CO.7.36-1CO.7.38	3
29:6	1TI.5.14	3
29:6	GEN.24.60	2
29:7	1TI.2.1-1TI.2.2	24
29:7	EZR.6.10	12
29:7	EZR.7.23	8
29:7	1PE.2.13-1PE.2.17	8
29:7	DAN.4.27	6
29:7	ROM.13.1	5
29:7	ROM.13.5	4
29:7	DAN.4.19	3
29:7	DAN.6.4-DAN.6.5	3
29:8	EPH.5.6	8
29:8	JER.5.31	5
29:8	2TH.2.9-2TH.2.11	5
29:8	JER.14.14	4
29:8	JER.27.9	4
29:8	JER.27.14-JER.27.15	4
29:8	JER.28.15	4
29:8	2TI.3.13	4
29:8	2PE.2.2-2PE.2.3	4
29:8	REV.13.14	4
29:8	JER.23.21	3
29:8	MIC.2.11	3
29:8	ZEC.13.4	3
29:8	MAT.24.4-MAT.24.5	3
29:8	MAT.24.24	3
29:8	MRK.13.5-MRK.13.6	3
29:8	MRK.13.22-MRK.13.23	3
29:8	LUK.6.26	3
29:8	LUK.21.8	3
29:8	ROM.16.18	3
29:8	2CO.11.13-2CO.11.15	3
29:8	2TH.2.3	3
29:8	2JN.1.7-2JN.1.9	3
29:8	REV.19.20	3
29:8	JER.23.27	2
29:8	EPH.4.14	2
29:9	JER.27.15	5
29:9	JER.29.31	4
29:9	JER.29.23	1
29:10	DAN.9.2	13
29:10	JER.24.6-JER.24.7	11
29:10	ZEC.7.5	11
29:10	JER.25.12	9
29:10	JER.27.22	9
29:10	JER.32.42-JER.32.44	9
29:10	2CH.36.21-EZR.1.2	7
29:10	ZEP.2.7	7
29:10	JER.27.7	6
29:11	ISA.55.8-ISA.55.12	1294
29:11	PSA.33.11	945
29:11	MIC.4.12	632
29:11	PSA.40.5	577
29:11	JOB.23.13	480
29:11	LAM.3.26	441
29:11	ISA.46.10-ISA.46.11	383
29:11	EZK.34.11-EZK.34.31	283
29:11	JER.3.12-JER.3.19	211
29:11	JER.31.1-JER.31.33	206
29:11	JOL.2.28-JOL.2.32	176
29:11	ISA.40.1-ISA.40.31	160
29:11	HOS.14.2-HOS.14.9	139
29:11	ZEP.3.14-ZEP.3.20	136
29:11	HOS.2.14-HOS.2.23	122
29:11	JER.30.18-JER.30.22	111
29:11	ZEC.12.5-ZEC.12.10	99
29:11	MIC.7.14-MIC.7.20	96
29:11	HOS.3.5	95
29:11	ZEC.9.9-ZEC.9.17	94
29:11	EZK.36.1-EZK.36.37	92
29:11	AMO.9.8-AMO.9.15	91
29:11	ZEC.8.14-ZEC.8.15	91
29:11	MIC.5.4-MIC.5.7	90
29:11	REV.14.8-REV.14.14	85
29:11	EZK.39.1-EZK.39.29	83
29:11	ZEC.14.20-ZEC.14.21	83
29:11	ZEC.1.6	79
29:12	MAT.7.7-MAT.7.8	84
29:12	JER.33.3	73
29:12	PSA.50.15	51
29:12	PSA.145.19	47
29:12	PSA.10.17	40
29:12	ISA.65.24	39
29:12	ZEC.13.9	25
29:12	JER.31.9	24
29:12	ISA.30.19	21
29:12	DAN.9.3-DAN.9.19	16
29:12	EZK.36.37	15
29:12	PSA.102.16-PSA.102.17	13
29:12	NEH.2.4-NEH.2.20	11
29:13	DEU.4.29-DEU.4.31	125
29:13	PSA.119.2	120
29:13	MAT.7.7	101
29:13	PSA.119.10	94
29:13	JER.24.7	75
29:13	JOL.2.12	68
29:13	PSA.91.15	60
29:13	LUK.11.9-LUK.11.10	60
29:13	ISA.55.6-ISA.55.7	58
29:13	PSA.119.145	45
29:13	2CH.31.21	41
29:13	PSA.119.58	37
29:13	2CH.6.37-2CH.6.39	27
29:13	2CH.22.9	25
29:13	AMO.5.4-AMO.5.6	24
29:13	1KI.8.47-1KI.8.50	22
29:13	ZEP.2.1-ZEP.2.3	20
29:13	2KI.23.3	19
29:13	PSA.119.69	19
29:13	DEU.30.1-DEU.30.20	18
29:13	HOS.5.15-HOS.6.3	18
29:13	JER.3.10	17
29:13	1KI.2.4	15
29:13	LEV.26.40-LEV.26.45	14
29:13	PSA.32.6	14
29:13	ACT.8.36	0
29:14	EZK.36.1-EZK.36.38	10
29:14	JER.30.3	9
29:14	1CH.28.9	8
29:14	MIC.4.12	5
29:14	ROM.10.20	5
29:14	DEU.30.3	3
29:14	2CH.15.12-2CH.15.15	3
29:14	PSA.32.6	3
29:14	PSA.46.1	3
29:14	PSA.126.1	3
29:14	PSA.126.4	3
29:14	ISA.45.19	3
29:14	JER.16.14-JER.16.15	3
29:14	JER.23.3-JER.23.8	3
29:14	JER.24.5-JER.24.7	3
29:14	JER.30.10	3
29:14	JER.31.8-JER.31.14	3
29:14	JER.32.37-JER.32.44	3
29:14	JER.33.7-JER.33.26	3
29:14	JER.46.27-JER.46.28	3
29:14	JER.50.4-JER.50.5	3
29:14	JER.50.19-JER.50.20	3
29:14	JER.50.33-JER.50.34	3
29:14	DEU.4.7	2
29:14	ISA.55.6	2
29:14	JER.51.10	2
29:14	EZK.11.16-EZK.11.20	2
29:14	EZK.34.1-EZK.34.31	2
29:14	ZEP.3.20	2
29:14	AMO.9.14	1
29:15	JER.28.1-JER.28.17	2
29:15	JER.29.8-JER.29.9	2
29:15	EZK.1.1	2
29:15	EZK.1.3	2
29:16	JER.38.2-JER.38.3	3
29:16	JER.38.17-JER.38.23	3
29:16	JER.24.2	2
29:16	JER.29.3	2
29:16	EZK.6.1-EZK.6.9	2
29:16	EZK.17.12-EZK.17.21	2
29:16	EZK.21.9-EZK.21.27	2
29:16	EZK.22.31	2
29:16	EZK.24.1-EZK.24.14	2
29:17	JER.24.8-JER.24.10	4
29:17	JER.29.18	3
29:17	JER.15.2-JER.15.3	2
29:17	JER.24.1-JER.24.3	2
29:17	JER.27.8	2
29:17	JER.34.17-JER.34.22	2
29:17	JER.43.11	2
29:17	JER.52.6	2
29:17	EZK.5.12-EZK.5.17	2
29:17	EZK.14.12-EZK.14.21	2
29:17	LUK.21.11	2
29:17	LUK.21.23	2
29:18	2CH.29.8	6
29:18	JER.15.4	6
29:18	JER.42.18	6
29:18	DEU.28.25	5
29:18	JER.24.9	5
29:18	JER.34.17	5
29:18	ISA.65.15	4
29:18	JER.25.9	4
29:18	LAM.2.15-LAM.2.16	4
29:18	EZK.12.15	4
29:18	1KI.9.7-1KI.9.8	3
29:18	LUK.21.24	3
29:18	LEV.26.33	2
29:18	DEU.28.64	2
29:18	DEU.29.21-DEU.29.28	2
29:18	2CH.7.19-2CH.7.22	2
29:18	PSA.44.11	2
29:18	JER.19.8	2
29:18	JER.26.6	2
29:18	JER.29.22	2
29:18	EZK.6.8	2
29:18	EZK.22.15	2
29:18	EZK.36.19	2
29:18	AMO.9.9	2
29:18	ZEC.7.14	2
29:19	JER.6.19	6
29:19	JER.26.5	5
29:19	JER.7.13	4
29:19	JER.7.24-JER.7.26	4
29:19	JER.25.3-JER.25.7	4
29:19	JER.34.17	4
29:19	JER.35.14-JER.35.16	4
29:19	ZEC.1.4-ZEC.1.6	4
29:19	ZEC.7.11-ZEC.7.13	4
29:19	HEB.12.25	4
29:19	JER.32.33	3
29:19	JER.44.4-JER.44.5	3
29:20	JER.24.5	5
29:20	MIC.4.10	3
29:20	EZK.3.11	2
29:20	EZK.3.15	2
29:21	JER.14.14-JER.14.15	3
29:21	JER.29.8-JER.29.9	3
29:21	LAM.2.14	3
29:22	ISA.65.15	8
29:22	DAN.3.6	8
29:22	GEN.48.20	5
29:22	DAN.3.21	5
29:22	RUT.4.11	3
29:22	1CO.16.22	3
29:23	JER.23.14	5
29:23	MAL.3.5	5
29:23	HEB.4.13	5
29:23	PRO.5.21	3
29:23	JER.16.17	3
29:23	JER.29.8-JER.29.9	3
29:23	JER.29.21	3
29:23	PSA.50.16-PSA.50.18	2
29:23	JER.7.9-JER.7.10	2
29:23	JER.13.27	2
29:23	JER.23.21	2
29:23	JER.23.23-JER.23.24	2
29:23	ZEP.3.4	2
29:23	MAL.2.14	2
29:23	2PE.2.10-2PE.2.19	2
29:23	JUD.1.8-JUD.1.11	2
29:23	REV.3.14	2
29:23	REV.1.5	1
29:24	JER.29.31-JER.29.32	4
29:25	JER.29.29	3
29:25	JER.37.3	3
29:25	JER.52.24	3
29:25	1KI.21.8-1KI.21.13	2
29:25	2KI.10.1-2KI.10.7	2
29:25	2KI.19.9	2
29:25	2KI.19.14	2
29:25	2KI.25.18-2KI.25.21	2
29:25	2CH.32.17	2
29:25	EZR.4.7-EZR.4.16	2
29:25	NEH.6.5	2
29:25	NEH.6.17	2
29:25	NEH.6.19	2
29:25	JER.21.1-JER.21.2	2
29:25	ACT.9.2	2
29:26	JER.20.1-JER.20.2	7
29:26	2KI.9.11	5
29:26	HOS.9.7	4
29:26	JHN.10.20	4
29:26	ACT.26.24	4
29:26	DEU.13.1-DEU.13.5	3
29:26	MRK.3.21	3
29:26	ACT.16.24	3
29:26	2KI.11.15	2
29:26	2KI.11.18	2
29:26	2CH.16.10	2
29:26	2CH.18.26	2
29:26	JER.29.27	2
29:26	JER.38.6	2
29:26	JER.38.28	2
29:26	ZEC.13.3-ZEC.13.6	2
29:26	MAT.21.23	2
29:26	JHN.8.53	2
29:26	JHN.10.33	2
29:26	ACT.4.1	2
29:26	ACT.5.18	2
29:26	ACT.5.24	2
29:26	ACT.26.11	2
29:26	2CO.5.13-2CO.5.15	2
29:26	2CO.11.33	2
29:26	REV.2.10	2
29:27	NUM.16.3	2
29:27	2CH.25.16	2
29:27	JER.1.1	2
29:27	JER.29.26	2
29:27	JER.43.2-JER.43.3	2
29:27	AMO.7.12-AMO.7.13	2
29:27	MAT.27.63	2
29:27	JHN.11.47-JHN.11.53	2
29:27	ACT.4.17-ACT.4.21	2
29:27	ACT.5.28	2
29:27	ACT.5.40	2
29:27	2TI.3.8	2
29:28	JER.29.5	5
29:28	JER.29.1	2
29:28	JER.29.10	2
29:29	JER.29.25	2
29:31	JER.29.9	4
29:31	JER.14.14-JER.14.15	3
29:31	JER.29.23-JER.29.24	3
29:31	EZK.13.8-EZK.13.16	3
29:31	EZK.13.22-EZK.13.23	3
29:31	JER.23.21	2
29:31	JER.28.15-JER.28.17	2
29:31	2PE.2.1	2
29:32	JER.28.16	5
29:32	2KI.7.19-2KI.7.20	4
29:32	JER.17.6	4
29:32	1SA.2.30-1SA.2.34	3
29:32	2KI.7.2	3
29:32	JER.22.30	3
29:32	EXO.20.5	2
29:32	NUM.16.27-NUM.16.33	2
29:32	JOS.7.24-JOS.7.25	2
29:32	2KI.5.27	2
29:32	PSA.109.8-PSA.109.15	2
29:32	ISA.14.20	2
29:32	ISA.14.22	2
29:32	JER.20.6	2
29:32	JER.29.10-JER.29.14	2
29:32	JER.35.19	2
29:32	AMO.7.17	2
30:1	JER.1.1-JER.1.2	1
30:1	JER.26.15	1
30:2	ISA.30.8	4
30:2	JER.36.32	4
30:2	JER.36.2-JER.36.4	3
30:2	JER.51.60-JER.51.64	3
30:2	HAB.2.2-HAB.2.3	3
30:2	ROM.15.4	3
30:2	1CO.10.11	3
30:2	2PE.1.21	3
30:2	REV.1.11	3
30:2	REV.1.19	3
30:2	EXO.17.14	2
30:2	DEU.31.19	2
30:2	JOB.19.23-JOB.19.24	2
30:2	ISA.8.1	2
30:2	DAN.12.4	2
30:2	DEU.31.22-DEU.31.27	1
30:3	JER.29.14	10
30:3	JER.16.15	8
30:3	JER.30.18	7
30:3	EZK.20.42	7
30:3	JER.23.7-JER.23.8	5
30:3	JER.32.44	4
30:3	JER.33.26	4
30:3	ZEP.3.20	4
30:3	PSA.53.6	3
30:3	JER.33.14-JER.33.15	3
30:3	EZK.36.24	3
30:3	JOL.3.1	3
30:3	AMO.9.14-AMO.9.15	3
30:3	HEB.8.8	3
30:3	DEU.30.3	2
30:3	EZR.3.1	2
30:3	EZR.3.8	2
30:3	EZR.3.12	2
30:3	JER.23.5	2
30:3	JER.27.11	2
30:3	JER.27.22	2
30:3	JER.30.10	2
30:3	JER.31.27	2
30:3	JER.31.31	2
30:3	JER.31.38	2
30:3	JER.32.37	2
30:3	JER.33.7-JER.33.11	2
30:3	EZK.28.25-EZK.28.26	2
30:3	EZK.37.21-EZK.37.25	2
30:3	EZK.39.25-EZK.39.28	2
30:3	EZK.47.14	2
30:3	OBA.1.19-OBA.1.20	2
30:3	LUK.17.22	2
30:3	LUK.19.43	2
30:3	LUK.21.6	2
30:3	JER.31.23	1
30:5	ISA.5.30	3
30:5	AMO.8.10	3
30:5	ZEP.1.10-ZEP.1.11	3
30:5	LUK.19.41-LUK.19.44	3
30:5	ISA.59.11	2
30:5	JER.4.15-JER.4.20	2
30:5	JER.6.23-JER.6.25	2
30:5	JER.8.19	2
30:5	JER.9.19	2
30:5	JER.25.36	2
30:5	JER.31.15-JER.31.16	2
30:5	JER.46.5	2
30:5	AMO.5.16-AMO.5.18	2
30:5	LUK.21.25-LUK.21.26	2
30:5	LUK.23.29-LUK.23.30	2
30:6	JER.4.31	7
30:6	JOL.2.6	7
30:6	NAM.2.10	7
30:6	ISA.21.3	6
30:6	PSA.48.6	5
30:6	JER.6.24	5
30:6	JER.22.23	5
30:6	HOS.13.13	5
30:6	1TH.5.3	5
30:6	ISA.13.6-ISA.13.9	3
30:6	ISA.29.22	3
30:6	JER.49.24	3
30:6	JER.50.43	3
30:6	DAN.5.6	3
30:6	MIC.4.9-MIC.4.10	3
30:6	JHN.16.21-JHN.16.22	3
30:6	JER.13.21	2
30:7	DAN.12.1	18
30:7	MAL.4.1	13
30:7	DAN.9.12	12
30:7	ZEC.14.1-ZEC.14.2	12
30:7	JOL.2.11	10
30:7	MAT.24.21-MAT.24.22	10
30:7	ROM.11.26	10
30:7	MRK.13.19	8
30:7	PSA.34.19	7
30:7	JER.30.10	7
30:7	HOS.1.11	7
30:7	ZEP.1.14-ZEP.1.18	7
30:7	JER.50.18-JER.50.20	6
30:7	LAM.1.12	6
30:7	EZK.7.6-EZK.7.12	6
30:7	PSA.25.22	4
30:7	HOS.12.2-HOS.12.4	4
30:7	AMO.5.18-AMO.5.20	4
30:7	REV.6.17	4
30:7	GEN.32.7	3
30:7	ISA.2.12-ISA.2.22	3
30:7	ISA.14.1-ISA.14.2	3
30:7	JER.50.33-JER.50.34	3
30:7	LAM.2.13	3
30:7	LAM.4.6	3
30:7	JOL.2.31	3
30:7	ACT.2.20	3
30:7	GEN.32.24-GEN.32.30	2
30:8	NAM.1.13	10
30:8	EZK.34.27	9
30:8	ISA.9.4	5
30:8	JER.27.2	4
30:8	JER.28.10	4
30:8	ISA.10.27	3
30:8	ISA.14.25	3
30:8	JER.2.20	3
30:8	JER.25.14	3
30:8	JER.27.7	3
30:8	JER.28.13	3
30:8	JER.28.4	2
30:9	HOS.3.5	10
30:9	ISA.55.3-ISA.55.5	7
30:9	LUK.1.69	6
30:9	EZK.37.23-EZK.37.25	5
30:9	ACT.13.34	5
30:9	JER.23.5	4
30:9	EZK.34.23-EZK.34.24	4
30:9	ACT.2.30	4
30:9	ACT.13.23	4
30:10	JER.46.27-JER.46.28	9
30:10	ISA.43.5	6
30:10	JER.29.14	6
30:10	ISA.44.2	5
30:10	ISA.35.9	4
30:10	HOS.2.18	4
30:10	JER.3.18	3
30:10	JER.23.3	3
30:10	JER.23.8	3
30:10	JER.33.16	3
30:10	JHN.12.15	3
30:10	GEN.15.1	2
30:10	DEU.31.6-DEU.31.8	2
30:10	ISA.41.10-ISA.41.15	2
30:10	ISA.46.11	2
30:10	ISA.46.13	2
30:10	ISA.54.4	2
30:10	ISA.60.4-ISA.60.22	2
30:10	JER.23.6	2
30:10	JER.30.3	2
30:10	EZK.16.52	2
30:10	EZK.34.25-EZK.34.28	2
30:10	EZK.38.11	2
30:10	MIC.4.3-MIC.4.4	2
30:10	ZEP.3.15-ZEP.3.17	2
30:10	ZEC.2.4-ZEC.2.5	2
30:10	ZEC.3.10	2
30:10	ZEC.8.4-ZEC.8.8	2
30:10	ISA.49.25	1
30:11	JER.1.19	6
30:11	JER.10.24	6
30:11	ISA.8.10	5
30:11	JER.1.8	5
30:11	JER.4.27	5
30:11	PSA.6.1	4
30:11	JER.5.10	4
30:11	JER.5.18	4
30:11	JER.15.20	4
30:11	EZK.11.16-EZK.11.17	4
30:11	MAT.28.20	4
30:11	ACT.18.10	4
30:11	2TI.4.17-2TI.4.18	4
30:11	2TI.4.22	4
30:11	ISA.27.7-ISA.27.8	3
30:11	ISA.43.25	3
30:11	JER.46.27-JER.46.28	3
30:11	EZK.11.13	3
30:11	MAT.1.23	3
30:11	ROM.9.27-ROM.9.29	3
30:11	ROM.11.5-ROM.11.7	3
30:11	AMO.9.8-AMO.9.9	2
30:12	JER.15.18	5
30:12	JER.30.15	4
30:12	2CH.36.16	3
30:12	JER.14.17	3
30:12	ISA.1.5-ISA.1.6	2
30:12	EZK.37.11	2
30:13	JER.46.11	7
30:13	JER.8.22	4
30:13	JER.30.17	3
30:13	JER.33.6	3
30:13	EXO.15.26	2
30:13	DEU.32.39	2
30:13	JOB.5.18	2
30:13	JOB.34.29	2
30:13	PSA.106.23	2
30:13	PSA.142.4	2
30:13	ISA.1.6	2
30:13	ISA.59.16	2
30:13	EZK.22.30	2
30:13	HOS.6.1	2
30:13	HOS.14.4	2
30:13	NAM.3.19	2
30:13	LUK.10.30-LUK.10.34	2
30:13	1TI.2.5-1TI.2.6	2
30:13	1PE.2.24	2
30:13	1JN.2.1	2
30:13	JER.14.19	1
30:13	JER.17.14	1
30:14	JOB.30.21	5
30:14	JER.5.6	5
30:14	LAM.1.2	5
30:14	JER.22.20	4
30:14	JOB.19.11	3
30:14	JER.2.36	3
30:14	JER.4.30	3
30:14	JER.22.22	3
30:14	JER.30.15	3
30:14	JOB.13.24-JOB.13.28	2
30:14	JOB.16.9	2
30:14	JER.6.23	2
30:14	JER.38.22	2
30:14	LAM.1.19	2
30:14	LAM.2.4-LAM.2.5	2
30:14	EZK.9.8-EZK.9.10	2
30:14	EZK.23.9	2
30:14	EZK.23.22	2
30:14	HOS.2.5	2
30:14	HOS.2.10-HOS.2.16	2
30:14	HOS.5.14	2
30:14	REV.17.12-REV.17.18	2
30:14	PSA.90.7-PSA.90.8	1
30:15	JER.30.14	4
30:15	JER.30.12	3
30:15	JOS.9.10-JOS.9.11	2
30:15	2CH.36.14-2CH.36.17	2
30:15	EZR.9.6-EZR.9.7	2
30:15	EZR.9.13	2
30:15	NEH.9.26-NEH.9.36	2
30:15	JOB.34.6	2
30:15	JOB.34.29	2
30:15	ISA.1.4-ISA.1.5	2
30:15	ISA.1.21-ISA.1.24	2
30:15	ISA.5.2	2
30:15	ISA.30.13-ISA.30.14	2
30:15	ISA.59.1-ISA.59.4	2
30:15	ISA.59.12-ISA.59.15	2
30:15	JER.2.19	2
30:15	JER.2.28-JER.2.30	2
30:15	JER.5.6-JER.5.9	2
30:15	JER.5.25-JER.5.31	2
30:15	JER.6.6-JER.6.7	2
30:15	JER.6.13	2
30:15	JER.7.8-JER.7.11	2
30:15	JER.9.1-JER.9.9	2
30:15	JER.11.13	2
30:15	JER.15.18	2
30:15	JER.30.17	2
30:15	JER.32.30-JER.32.35	2
30:15	JER.46.11	2
30:15	LAM.1.5	2
30:15	LAM.3.39	2
30:15	LAM.4.13	2
30:15	LAM.5.16-LAM.5.17	2
30:15	EZK.16.1-EZK.16.63	2
30:15	EZK.20.1-EZK.20.49	2
30:15	EZK.22.1-EZK.22.23	2
30:15	HOS.5.12-HOS.5.13	2
30:15	MIC.1.9	2
30:15	MIC.7.9	2
30:15	ZEP.3.1-ZEP.3.5	2
30:15	MAL.4.1-MAL.4.2	2
30:16	JER.10.25	15
30:16	ISA.33.1	12
30:16	EXO.23.22	11
30:16	ZEC.2.8	11
30:16	REV.13.10	8
30:16	PSA.129.5	7
30:16	ISA.14.2	7
30:16	LAM.4.21-LAM.4.22	7
30:16	JOL.3.8	7
30:16	PSA.137.8-PSA.137.9	6
30:16	ISA.41.11-ISA.41.12	6
30:16	ISA.54.17	6
30:16	JER.2.3	6
30:16	JER.50.33-JER.50.40	6
30:16	JER.51.34-JER.51.37	6
30:16	EZK.25.3-EZK.25.7	6
30:16	EZK.26.2-EZK.26.21	6
30:16	EZK.29.6	6
30:16	EZK.35.5	6
30:16	MIC.4.11	6
30:16	MIC.7.10	6
30:16	NAM.1.8	6
30:16	HAB.2.16	6
30:16	ZEP.2.8	6
30:16	ZEC.12.2	6
30:16	JER.25.26-JER.25.29	5
30:16	JER.50.17-JER.50.18	5
30:16	JER.50.28	5
30:16	LAM.1.21	5
30:16	ZEC.1.14	5
30:16	ZEC.14.2	5
30:16	ISA.47.5-ISA.47.6	4
30:16	ISA.54.15	4
30:16	JER.12.14	4
30:16	JER.25.12	4
30:16	JER.50.7-JER.50.11	3
30:17	PSA.107.20	66
30:17	JER.33.6	63
30:17	1PE.2.24	48
30:17	PSA.103.3	46
30:17	EXO.15.26	38
30:17	PSA.23.3	37
30:17	HOS.6.1	32
30:17	MAL.4.2	29
30:17	EZK.34.16	25
30:17	REV.22.2	20
30:17	ISA.30.26	17
30:17	PSA.12.5	16
30:17	JER.3.22	16
30:17	JER.8.22	16
30:17	JER.30.13	16
30:17	ISA.11.12	13
30:17	NEH.4.1-NEH.4.4	11
30:17	EZK.36.2-EZK.36.3	11
30:17	PSA.79.9-PSA.79.11	10
30:17	JER.33.24	10
30:17	PSA.44.13-PSA.44.16	7
30:17	EZK.35.12	7
30:17	EZK.36.20	6
30:17	LAM.2.15	5
30:18	HAG.2.7-HAG.2.9	448
30:18	PSA.102.13	255
30:18	JER.30.3	229
30:18	JER.33.7	189
30:18	JER.49.39	179
30:18	JER.23.3	160
30:18	ZEC.1.16	139
30:18	JER.46.27	120
30:18	JER.49.6	108
30:18	ISA.44.26	100
30:18	JER.31.4	89
30:18	JER.33.11	88
30:18	1CH.29.19	73
30:18	JER.29.14	73
30:18	ISA.44.28	72
30:18	JER.31.38	70
30:18	JER.31.23	63
30:18	ZEC.12.6	60
30:18	PSA.78.69	59
30:18	NEH.7.4	56
30:18	PSA.85.1	54
30:18	EZR.6.3-EZR.6.15	50
30:18	JER.31.40	49
30:18	ZEC.14.10	49
30:18	1CH.29.1	48
30:18	EZK.7.20-EZK.7.22	48
30:18	NEH.3.1-NEH.3.32	42
30:19	JER.33.22	15
30:19	ISA.51.11	11
30:19	ISA.60.22	11
30:19	ISA.35.10	10
30:19	EZK.36.37	10
30:19	JER.31.12-JER.31.13	9
30:19	JER.31.4	8
30:19	ZEC.10.8	8
30:19	PSA.126.1-PSA.126.2	7
30:19	ZEC.12.8	7
30:19	ZEC.8.4-ZEC.8.5	6
30:19	EZR.6.22	4
30:19	NEH.8.12	4
30:19	ISA.12.1	4
30:19	EZK.37.26	4
30:19	ZEC.8.19	4
30:19	ZEC.9.13-ZEC.9.17	4
30:19	ISA.51.3	3
30:19	ISA.52.9	3
30:19	ISA.60.19	3
30:19	ISA.62.2-ISA.62.3	3
30:19	JER.31.27	3
30:19	JER.33.9-JER.33.11	3
30:19	EZK.36.10-EZK.36.15	3
30:19	ZEP.3.14-ZEP.3.20	3
30:19	ZEC.2.4	3
30:19	1PE.1.7	3
30:19	EZR.3.10-EZR.3.13	2
30:19	NEH.8.17	2
30:19	NEH.12.43-NEH.12.46	2
30:19	PSA.53.6	2
30:19	ISA.27.6	2
30:19	ISA.60.9	1
30:19	JHN.17.22	1
30:20	JER.32.39	6
30:20	JER.2.3	5
30:20	JER.50.33-JER.50.34	5
30:20	GEN.17.5-GEN.17.9	4
30:20	PSA.102.18	4
30:20	PSA.102.28	4
30:20	ISA.49.26	4
30:20	ISA.51.22	4
30:20	PSA.90.16-PSA.90.17	3
30:20	ISA.54.14	3
30:20	JER.30.16	3
30:20	ISA.1.26-ISA.1.27	2
30:21	NUM.16.5	10
30:21	EZK.34.23-EZK.34.24	9
30:21	EZK.37.24	8
30:21	ACT.5.31	8
30:21	MRK.11.9-MRK.11.10	7
30:21	DEU.18.18	6
30:21	DEU.33.5	6
30:21	2SA.7.13	6
30:21	PSA.110.1-PSA.110.4	6
30:21	ISA.9.6-ISA.9.7	6
30:21	ZEC.6.12-ZEC.6.13	6
30:21	HEB.7.21-HEB.7.26	6
30:21	1JN.2.2	6
30:21	GEN.18.27	5
30:21	GEN.49.10	5
30:21	JER.49.19	5
30:21	JER.50.44	5
30:21	MAT.2.2	5
30:21	MAT.3.17	5
30:21	MAT.21.5-MAT.21.11	5
30:21	MAT.27.37	5
30:21	JHN.18.36-JHN.18.37	5
30:21	HEB.4.14-HEB.4.16	5
30:21	REV.19.16	5
30:21	GEN.18.30	4
30:21	GEN.18.32	4
30:21	NEH.2.9-NEH.2.10	4
30:21	NEH.7.2	4
30:21	JOB.42.3-JOB.42.6	4
30:21	PSA.89.29	4
30:21	ISA.63.1	4
30:21	JER.23.5-JER.23.6	4
30:21	JER.30.9	4
30:21	JER.33.15	4
30:21	MIC.5.2-MIC.5.4	4
30:21	LUK.1.32-LUK.1.33	4
30:21	JHN.19.19-JHN.19.22	4
30:21	ACT.2.34-ACT.2.36	4
30:21	HEB.1.3	4
30:21	HEB.9.15-HEB.9.24	4
30:21	REV.5.9-REV.5.10	4
30:21	NUM.16.40	3
30:21	EZR.2.2	3
30:21	EZR.7.25-EZR.7.26	3
30:21	JOB.23.3-JOB.23.5	3
30:21	NUM.17.12-NUM.17.13	2
30:21	ZEC.9.9-ZEC.9.10	2
30:21	LUK.24.26	2
30:21	ROM.8.34	2
30:22	EZK.36.28	10
30:22	REV.21.3	10
30:22	JER.24.7	9
30:22	JER.31.33	9
30:22	ZEC.13.9	8
30:22	JER.31.1	6
30:22	HEB.8.10	6
30:22	JER.32.38	5
30:22	EZK.37.27	5
30:22	HOS.2.23	5
30:22	DEU.26.17-DEU.26.19	3
30:22	SNG.2.16	2
30:22	EZK.11.20	2
30:22	MAT.22.32	2
30:23	JER.23.19-JER.23.20	6
30:23	JER.25.32	4
30:23	ZEC.9.14	4
30:23	PSA.58.9	2
30:23	PRO.1.27	2
30:24	JER.23.20	10
30:24	HOS.3.5	6
30:24	MIC.4.1	5
30:24	JER.4.28	4
30:24	EZK.38.16	4
30:24	ISA.14.24	3
30:24	EZK.20.47-EZK.20.48	3
30:24	EZK.21.5-EZK.21.7	3
30:24	DAN.2.28	3
30:24	DAN.10.14	3
30:24	GEN.49.1	2
30:24	NUM.24.14	2
30:24	DEU.4.30	2
30:24	DEU.31.29	2
30:24	1SA.3.12	2
30:24	JOB.23.13-JOB.23.14	2
30:24	ISA.14.26-ISA.14.27	2
30:24	ISA.46.11	2
30:24	JER.4.8	2
30:24	JER.48.47	2
30:24	JER.49.39	1
31:1	JER.30.22	8
31:1	ISA.41.10	4
31:1	JER.30.24	4
31:1	ZEC.13.9	4
31:1	GEN.17.7-GEN.17.8	3
31:1	JER.3.18	3
31:1	ROM.11.26-ROM.11.29	3
31:1	LEV.26.12	2
31:1	PSA.48.14	2
31:1	PSA.144.15	2
31:1	ISA.11.12-ISA.11.13	2
31:1	JER.23.6	2
31:1	JER.30.3	2
31:1	JER.30.10	2
31:1	JER.31.33	2
31:1	JER.32.38	2
31:1	JER.33.7	2
31:1	JER.33.14	2
31:1	JER.33.24-JER.33.26	2
31:1	JER.50.4	2
31:1	EZK.11.20	2
31:1	EZK.34.31	2
31:1	EZK.36.28	2
31:1	EZK.39.22	2
31:1	ZEC.10.6-ZEC.10.7	2
31:1	JHN.20.17	2
31:1	HEB.12.16	2
31:1	EZK.37.16-EZK.37.27	1
31:1	HOS.1.11	1
31:2	NUM.10.33	5
31:2	PSA.95.11	5
31:2	DEU.1.33	4
31:2	MAT.11.28	4
31:2	ISA.63.7-ISA.63.14	3
31:2	EXO.1.16	2
31:2	EXO.1.22	2
31:2	EXO.14.8-EXO.14.12	2
31:2	EXO.15.9-EXO.15.10	2
31:2	EXO.17.8-EXO.17.13	2
31:2	EXO.33.14	2
31:2	NUM.14.20	2
31:2	DEU.1.30	2
31:2	DEU.2.7	2
31:2	DEU.8.2-DEU.8.3	2
31:2	DEU.8.16	2
31:2	DEU.12.9	2
31:2	NEH.9.12-NEH.9.15	2
31:2	PSA.78.14-PSA.78.16	2
31:2	PSA.78.23-PSA.78.29	2
31:2	PSA.78.52	2
31:2	PSA.105.37-PSA.105.43	2
31:2	PSA.136.16-PSA.136.24	2
31:2	JER.2.2	2
31:2	EZK.20.14-EZK.20.17	2
31:2	HEB.4.8-HEB.4.9	2
31:2	EXO.2.23	1
31:2	EXO.5.21	1
31:2	EXO.12.37	1
31:3	PSA.103.17	75
31:3	ISA.54.8-ISA.54.9	57
31:3	HOS.11.4	51
31:3	EPH.2.4-EPH.2.5	41
31:3	DEU.33.3	37
31:3	1JN.4.19	35
31:3	DEU.7.7-DEU.7.9	22
31:3	2TI.1.9	20
31:3	ROM.8.30	17
31:3	EPH.1.3-EPH.1.5	17
31:3	ISA.45.17	15
31:3	TIT.3.3-TIT.3.6	14
31:3	DEU.10.15	13
31:3	MAL.1.2	13
31:3	2TH.2.13-2TH.2.16	13
31:3	JHN.6.44-JHN.6.45	12
31:3	SNG.1.4	11
31:3	ROM.11.28-ROM.11.29	11
31:3	HOS.11.1	10
31:3	1PE.1.3	9
31:3	DEU.4.37	8
31:3	DEU.33.26	7
31:3	JAS.1.18	7
31:3	ROM.9.13	4
31:4	JER.33.7	11
31:4	JER.31.13	9
31:4	AMO.5.2	7
31:4	JER.30.18-JER.30.19	5
31:4	ACT.15.16	5
31:4	REV.21.10-REV.21.27	5
31:4	2KI.19.21	3
31:4	PSA.51.18	3
31:4	PSA.149.3	3
31:4	LAM.2.13	3
31:4	LUK.15.23	3
31:4	EXO.15.20-EXO.15.21	2
31:4	1SA.18.6-1SA.18.7	2
31:4	PSA.69.35	2
31:4	PSA.150.3-PSA.150.6	2
31:4	JER.18.13	2
31:4	JER.31.21	2
31:4	LAM.1.15	2
31:4	EPH.2.20-EPH.2.22	2
31:4	JDG.11.34	1
31:4	ISA.37.22	1
31:4	JER.1.10	1
31:4	JER.14.17	1
31:4	AMO.9.11	1
31:4	REV.19.1-REV.19.8	1
31:5	AMO.9.14	6
31:5	LEV.19.23-LEV.19.25	3
31:5	DEU.28.30	3
31:5	ISA.65.21-ISA.65.22	3
31:5	MIC.4.4	3
31:5	DEU.20.6	2
31:5	1SA.21.5	2
31:5	ISA.62.8-ISA.62.9	2
31:5	EZK.36.8	2
31:5	OBA.1.19	2
31:5	ZEC.3.10	2
31:6	JER.50.4-JER.50.5	6
31:6	ISA.2.2-ISA.2.4	4
31:6	ISA.52.7-ISA.52.8	4
31:6	JER.50.19	4
31:6	MIC.4.1-MIC.4.3	4
31:6	ZEC.8.20-ZEC.8.23	4
31:6	2CH.13.4	3
31:6	2CH.30.5-2CH.30.11	3
31:6	EZR.8.15-EZR.8.20	3
31:6	ISA.11.11-ISA.11.13	3
31:6	ISA.40.9	3
31:6	ISA.62.6	3
31:6	JER.6.17	3
31:6	EZK.3.17	3
31:6	EZK.33.2	3
31:6	HOS.1.11	3
31:6	HOS.9.8	3
31:6	ACT.8.5-ACT.8.8	3
31:6	EZR.1.5	2
31:7	PSA.28.9	6
31:7	PSA.14.7	4
31:7	ISA.37.31	4
31:7	ISA.42.10-ISA.42.12	3
31:7	JER.23.3	3
31:7	DEU.28.13	2
31:7	DEU.32.43	2
31:7	PSA.67.1	2
31:7	PSA.69.35	2
31:7	PSA.96.1-PSA.96.3	2
31:7	PSA.98.1-PSA.98.4	2
31:7	PSA.106.47	2
31:7	PSA.117.1-PSA.117.2	2
31:7	PSA.138.4-PSA.138.5	2
31:7	ISA.1.9	2
31:7	ISA.11.11	2
31:7	ISA.12.4-ISA.12.6	2
31:7	ISA.24.14-ISA.24.16	2
31:7	ISA.37.4	2
31:7	ISA.44.23	2
31:7	ISA.61.9	2
31:7	EZK.6.8	2
31:7	HOS.1.7	2
31:7	JOL.2.32	2
31:7	AMO.5.15	2
31:7	MIC.2.12	2
31:7	MIC.7.18	2
31:7	ZEP.2.9	2
31:7	ZEP.3.13-ZEP.3.20	2
31:7	ROM.9.27	2
31:7	ROM.11.5	2
31:8	EZK.34.16	10
31:8	ISA.42.16	8
31:8	JER.23.8	8
31:8	MIC.4.6	6
31:8	ISA.40.11	5
31:8	JER.3.18	5
31:8	EZK.34.13	5
31:8	HEB.12.12	5
31:8	DEU.30.4	4
31:8	ISA.43.6	4
31:8	ISA.52.10	4
31:8	1TH.5.14	4
31:8	ZEP.3.19	3
31:8	MAT.12.20	3
31:8	HEB.4.15	3
31:8	PSA.65.5	2
31:8	PSA.98.3	2
31:8	PSA.107.3	2
31:8	ISA.45.22	2
31:8	JER.3.12	2
31:8	JER.29.14	2
31:8	EZK.20.34	2
31:8	EZK.20.41	2
31:8	ZEC.2.6	2
31:8	1CO.8.10	2
31:8	JHN.21.15	1
31:9	EXO.4.22	7
31:9	JER.3.4	7
31:9	JER.31.20	6
31:9	JER.50.4	6
31:9	MAT.5.4	6
31:9	ISA.64.8	4
31:9	JER.3.19	4
31:9	DEU.32.6	3
31:9	1CH.29.10	3
31:9	PSA.23.2	3
31:9	ISA.35.6-ISA.35.8	3
31:9	ISA.63.13	3
31:9	ISA.63.16	3
31:9	2CO.6.18	3
31:9	2CO.7.9-2CO.7.11	3
31:9	ISA.40.3-ISA.40.4	2
31:9	ISA.57.14	2
31:9	ZEC.12.10	2
31:9	MAT.6.9	2
31:9	LUK.6.21	2
31:9	REV.7.17	2
31:9	PSA.126.5-PSA.126.6	1
31:9	ISA.41.17-ISA.41.19	1
31:9	ISA.43.16-ISA.43.19	1
31:9	ISA.49.9-ISA.49.11	1
31:9	EZK.34.12-EZK.34.14	1
31:9	DAN.9.17-DAN.9.18	1
31:9	HOS.12.4	1
31:9	MAT.3.3	1
31:9	LUK.3.4-LUK.3.6	1
31:9	ROM.8.26	1
31:9	HEB.5.7	1
31:9	HEB.12.13	1
31:9	HEB.12.23	1
31:10	ISA.40.11	10
31:10	EZK.34.12	6
31:10	DEU.30.4	5
31:10	ISA.66.19	4
31:10	JHN.11.52	4
31:10	EZK.11.16	3
31:10	MIC.4.6	3
31:10	ZEP.3.19	3
31:10	JHN.10.27	3
31:10	ACT.20.28-ACT.20.29	3
31:10	GEN.10.5	2
31:10	DEU.32.26	2
31:10	PSA.72.10	2
31:10	ISA.24.14	2
31:10	ISA.27.12	2
31:10	ISA.41.1	2
31:10	ISA.42.4	2
31:10	ISA.42.10	2
31:10	ISA.54.7	2
31:10	ISA.60.9	2
31:10	JER.25.22	2
31:10	JER.50.17	2
31:10	JER.50.19	2
31:10	EZK.5.2	2
31:10	EZK.5.10	2
31:10	EZK.20.34	2
31:10	EZK.37.24	2
31:10	MIC.2.12	2
31:10	MIC.5.4	2
31:10	ZEP.2.11	2
31:10	ZEC.9.16	2
31:10	LUK.12.32	2
31:11	ISA.44.23	5
31:11	ISA.48.20	5
31:11	TIT.2.14	5
31:11	PSA.142.6	4
31:11	ISA.49.24	4
31:11	JER.15.21	4
31:11	MAT.12.29	3
31:11	MAT.20.28	3
31:11	LUK.11.21-LUK.11.22	3
31:11	JER.50.33	2
31:11	HOS.13.14	2
31:11	MAT.22.29	2
31:11	HEB.2.14-HEB.2.15	2
31:12	ISA.35.10	8
31:12	ISA.58.11	6
31:12	JOL.3.18	6
31:12	ISA.60.20	5
31:12	ISA.65.19	5
31:12	JHN.16.22	5
31:12	JER.33.9-JER.33.11	4
31:12	EZK.17.23	4
31:12	ZEC.9.15-ZEC.9.17	4
31:12	REV.7.17	4
31:12	PSA.130.4	3
31:12	HOS.3.5	3
31:12	ROM.2.4	3
31:12	REV.21.4	3
31:12	ISA.1.30	2
31:12	ISA.2.2-ISA.2.5	2
31:12	ISA.12.1-ISA.12.6	2
31:12	ISA.51.11	2
31:12	EZK.20.40	2
31:12	HOS.2.20-HOS.2.23	2
31:12	MIC.4.1-MIC.4.2	2
31:12	JER.31.4	1
31:13	PSA.30.11	19
31:13	ISA.61.3	17
31:13	ISA.51.11	15
31:13	ISA.51.3	10
31:13	EST.9.22	9
31:13	PSA.149.3	8
31:13	ISA.60.20	8
31:13	JER.31.4	8
31:13	ISA.35.10	7
31:13	ISA.65.18-ISA.65.19	7
31:13	JHN.16.22	7
31:13	EZR.6.22	6
31:13	NEH.12.27	6
31:13	NEH.12.43	6
31:13	ZEC.8.4-ZEC.8.5	6
31:13	ZEC.8.19	6
31:14	JER.31.25	10
31:14	1PE.2.9	7
31:14	JER.33.9	5
31:14	MAT.5.6	4
31:14	REV.5.10	4
31:14	REV.7.16-REV.7.17	4
31:14	2CH.6.41	3
31:14	NEH.10.39	3
31:14	PSA.36.8	3
31:14	PSA.63.5	3
31:14	PSA.65.4	3
31:14	PSA.107.9	3
31:14	PSA.132.9	3
31:14	PSA.132.16	3
31:14	SNG.5.1	3
31:14	ISA.25.6	3
31:14	ISA.55.1-ISA.55.3	3
31:14	ISA.61.6	3
31:14	ISA.66.10-ISA.66.14	3
31:14	ZEC.9.15-ZEC.9.17	3
31:14	EPH.1.3	3
31:14	EPH.3.19	3
31:14	DEU.33.8-DEU.33.11	2
31:14	PSA.17.15	2
31:15	MAT.2.16-MAT.2.18	20
31:15	PSA.77.2	13
31:15	JER.40.1	12
31:15	GEN.35.19	8
31:15	GEN.37.35	8
31:15	ISA.22.4	8
31:15	JER.10.20	8
31:15	GEN.42.13	5
31:15	GEN.42.36	5
31:15	LAM.5.7	4
31:15	EZK.2.10	3
31:15	GEN.5.24	2
31:15	JOS.18.25	2
31:15	1SA.7.17	2
31:15	JOB.7.21	2
31:15	PSA.37.36	2
31:16	RUT.2.12	20
31:16	JER.30.3	15
31:16	HEB.6.10	15
31:16	HEB.11.6	14
31:16	JER.33.7	13
31:16	2CH.15.7	12
31:16	ECC.9.7	12
31:16	JER.30.18	12
31:16	ISA.30.19	11
31:16	MRK.5.38-MRK.5.39	11
31:16	PSA.30.5	9
31:16	ISA.25.8	9
31:16	JER.23.3	9
31:16	JER.29.14	8
31:16	1TH.4.14	8
31:16	GEN.43.31	6
31:16	EZR.1.5-EZR.1.11	6
31:16	JER.31.4-JER.31.5	6
31:16	JER.33.11	6
31:16	HOS.1.11	6
31:16	JHN.20.13-JHN.20.15	6
31:16	GEN.45.1	5
31:16	EZK.11.17-EZK.11.18	5
31:16	EZK.20.41-EZK.20.42	5
31:17	LAM.3.21	11
31:17	HOS.3.5	8
31:17	LAM.3.26	7
31:17	HOS.2.15	7
31:17	JER.29.11-JER.29.16	6
31:17	LAM.3.18	6
31:17	ROM.11.23-ROM.11.26	5
31:17	ISA.11.11-ISA.11.16	4
31:17	EZK.37.25	4
31:17	MAT.24.22	4
31:17	PSA.102.13-PSA.102.14	3
31:17	ISA.6.13	3
31:17	JER.46.27-JER.46.28	3
31:17	EZK.37.11-EZK.37.14	2
31:17	AMO.9.8-AMO.9.9	2
31:17	EZK.39.28	1
31:18	JER.31.9	7
31:18	PSA.80.3	6
31:18	JOB.5.17	5
31:18	ISA.9.13	5
31:18	JER.3.21-JER.3.22	5
31:18	JER.17.14	5
31:18	JER.50.4-JER.50.5	4
31:18	LAM.3.27-LAM.3.30	4
31:18	LAM.5.21	4
31:18	HOS.5.15-HOS.6.2	4
31:18	LUK.15.20	4
31:18	ACT.3.26	4
31:18	REV.3.19	4
31:18	JOB.33.27-JOB.33.28	3
31:18	PSA.32.9	3
31:18	PSA.80.7	3
31:18	PSA.80.19	3
31:18	PSA.94.12	3
31:18	ISA.57.15-ISA.57.18	3
31:18	PSA.39.8-PSA.39.9	2
31:18	PSA.85.4	2
31:18	PSA.102.19-PSA.102.20	2
31:18	PSA.119.75	2
31:18	PRO.3.11	2
31:18	PRO.26.3	2
31:18	PRO.29.1	2
31:18	ISA.1.5	2
31:18	ISA.51.20	2
31:18	ISA.53.7	2
31:18	JER.2.30	2
31:18	JER.3.25	2
31:18	JER.5.3	2
31:18	JER.31.6	2
31:18	HOS.4.16	2
31:18	HOS.5.12-HOS.5.13	2
31:18	HOS.10.11	2
31:18	HOS.11.8-HOS.11.9	2
31:18	HOS.14.4-HOS.14.8	2
31:18	ZEP.3.2	2
31:18	MAL.4.6	2
31:18	LUK.1.17	2
31:18	PHP.2.13	2
31:18	HEB.12.5	2
31:18	JAS.1.16-JAS.1.18	2
31:18	ISA.63.16	1
31:19	JER.3.25	7
31:19	EZK.36.31	7
31:19	EZK.21.12	6
31:19	LUK.18.13	5
31:19	DEU.30.2	4
31:19	LEV.26.41-LEV.26.42	3
31:19	EZR.9.6	3
31:19	PSA.25.7	3
31:19	ZEC.12.10	3
31:19	2CO.7.10-2CO.7.11	3
31:19	EPH.2.3-EPH.2.5	3
31:19	DEU.30.6-DEU.30.8	2
31:19	JOB.13.26	2
31:19	JOB.20.11	2
31:19	ISA.54.4	2
31:19	JER.22.21	2
31:19	JER.32.30	2
31:19	EZK.6.9	2
31:19	EZK.16.61-EZK.16.63	2
31:19	EZK.20.43-EZK.20.44	2
31:19	EZK.23.3	2
31:19	EZK.36.26	2
31:19	LUK.15.17-LUK.15.19	2
31:19	LUK.15.30	2
31:19	JHN.6.44-JHN.6.45	2
31:19	ROM.6.21	2
31:19	2TI.2.25	2
31:19	TIT.3.3-TIT.3.7	2
31:20	ISA.55.7	8
31:20	MIC.7.18-MIC.7.19	7
31:20	JDG.10.16	6
31:20	PSA.103.13	6
31:20	ISA.63.15	6
31:20	LAM.3.31-LAM.3.32	6
31:20	HOS.14.4	5
31:20	LUK.15.24	5
31:20	ISA.16.11	4
31:20	JER.48.36	4
31:20	HOS.11.8-HOS.11.9	4
31:20	PHP.1.8	4
31:20	ISA.57.16-ISA.57.18	3
31:20	JER.3.19	3
31:20	JER.31.9	3
31:20	GEN.43.30	2
31:20	DEU.32.36	2
31:20	1KI.3.26	2
31:20	PRO.3.12	2
31:20	SNG.5.4	2
31:20	LUK.15.32	1
31:21	JER.50.5	4
31:21	ISA.62.10	3
31:21	PSA.84.5	2
31:21	ISA.48.20	2
31:21	ISA.52.11-ISA.52.12	2
31:21	ISA.57.14	2
31:21	JER.3.14	2
31:21	JER.31.4	2
31:21	JER.51.50	2
31:21	EZK.40.4	2
31:21	HAG.1.5	2
31:21	ZEC.2.6-ZEC.2.7	2
31:21	DEU.32.46	1
31:21	1CH.29.3	1
31:21	2CH.11.16	1
31:21	2CH.20.3	1
31:21	PSA.62.10	1
31:21	PRO.24.32	1
31:21	JER.51.6	1
31:21	ZEC.10.9	1
31:22	JER.7.24	7
31:22	JER.49.4	7
31:22	MAT.1.21	5
31:22	LUK.1.34-LUK.1.35	5
31:22	JER.2.18	4
31:22	JER.2.36	4
31:22	JER.3.6	4
31:22	JER.3.22	4
31:22	JER.4.14	4
31:22	HOS.4.16	4
31:22	HOS.8.5	4
31:22	HOS.11.7	4
31:22	GEN.3.15	3
31:22	NUM.16.30	3
31:22	ISA.7.14	3
31:22	JER.2.23	3
31:22	JER.3.8	2
31:22	JER.3.11-JER.3.12	2
31:22	JER.3.14	2
31:22	JER.8.4-JER.8.6	2
31:22	JER.13.27	2
31:22	JER.14.7	2
31:22	HOS.14.4	2
31:22	ZEC.7.11	2
31:22	GAL.4.4	1
31:23	ZEC.8.3	7
31:23	ISA.1.26	4
31:23	JER.50.7	4
31:23	RUT.2.4	2
31:23	PSA.28.9	2
31:23	PSA.48.1-PSA.48.2	2
31:23	PSA.87.1-PSA.87.3	2
31:23	PSA.122.5-PSA.122.8	2
31:23	PSA.128.5	2
31:23	PSA.129.8	2
31:23	PSA.134.3	2
31:23	ISA.1.21	2
31:23	ISA.60.21	2
31:23	JER.23.5-JER.23.8	2
31:23	JER.30.18	2
31:23	OBA.1.17	2
31:23	MIC.4.1	2
31:23	JER.33.15-JER.33.26	1
31:24	ZEC.8.4-ZEC.8.8	5
31:24	JER.33.11-JER.33.13	3
31:24	EZK.36.10	3
31:24	ZEC.2.4	2
31:25	MAT.5.6	42
31:25	MAT.11.28	40
31:25	PSA.107.9	38
31:25	JHN.4.14	36
31:25	JER.31.14	25
31:25	ISA.50.4	23
31:25	LUK.1.53	22
31:25	2CO.7.6	21
31:25	ISA.32.2	20
31:26	PSA.127.2	2
31:26	ZEC.4.1-ZEC.4.2	2
31:27	HOS.2.23	5
31:27	EZK.36.9	4
31:27	EZK.36.11	4
31:27	ZEC.10.9	4
31:27	JER.30.19	2
31:28	JER.24.6	9
31:28	JER.1.10	8
31:28	JER.18.7-JER.18.9	5
31:28	JER.44.27	5
31:28	JER.45.4	5
31:28	ECC.3.2-ECC.3.3	4
31:28	JER.32.41	4
31:28	DAN.9.14	4
31:28	ACT.15.16	4
31:28	AMO.9.11	3
31:28	PSA.69.35	2
31:28	PSA.147.2	2
31:28	DAN.9.25	2
31:28	PSA.102.16	0
31:29	LAM.5.7	8
31:29	EZK.18.2-EZK.18.3	8
31:29	JER.31.30	6
31:30	EZK.18.20	7
31:30	ISA.3.11	6
31:30	DEU.24.16	5
31:30	GAL.6.5	5
31:30	EZK.18.4	4
31:30	EZK.3.18-EZK.3.19	3
31:30	EZK.33.18	3
31:30	EZK.33.8	2
31:30	EZK.33.13	2
31:30	GAL.6.7-GAL.6.8	2
31:30	JAS.1.15	2
31:30	EZK.3.24	0
31:31	HEB.10.16-HEB.10.17	54
31:31	JER.31.31-JER.31.34	38
31:31	EZK.37.26	38
31:31	JER.32.40	35
31:31	2CO.3.6	33
31:31	LUK.22.20	31
31:31	HEB.12.24	29
31:31	1CO.11.25	24
31:31	MRK.14.24	23
31:31	JER.33.14-JER.33.16	22
31:31	HEB.8.6-HEB.8.13	21
31:31	MAT.26.28	20
31:31	HEB.9.15	20
31:31	PHP.3.3	19
31:31	JER.23.5	18
31:31	HEB.13.20	18
31:31	JER.30.3	17
31:31	JER.50.4-JER.50.5	13
31:31	JER.31.27	11
31:31	AMO.9.13	9
31:31	GAL.6.16	8
31:32	EXO.24.6-EXO.24.8	7
31:32	EXO.19.5	5
31:32	DEU.1.31	5
31:32	DEU.5.3	5
31:32	JHN.3.29	4
31:32	LEV.26.15	3
31:32	JER.3.14	3
31:32	JER.11.7-JER.11.10	3
31:32	EZK.16.8	3
31:32	EZK.16.59-EZK.16.62	3
31:32	HOS.3.1	3
31:32	DEU.29.1	2
31:32	DEU.31.16	2
31:32	1KI.8.9	2
31:32	PSA.73.23	2
31:32	SNG.8.5	2
31:32	ISA.24.5	2
31:32	ISA.41.13	2
31:32	ISA.54.5	2
31:32	ISA.63.12-ISA.63.14	2
31:32	JER.2.2	2
31:32	JER.22.9	2
31:32	JER.31.1	2
31:32	JER.34.14	2
31:32	EZK.20.37	2
31:32	EZK.23.4	2
31:32	HOS.2.2	2
31:32	HOS.11.1	2
31:32	MRK.8.23	2
31:32	2CO.11.2	2
31:32	HEB.8.9	2
31:32	HEB.9.18-HEB.9.22	2
31:32	DEU.29.21	1
31:32	HOS.11.3-HOS.11.4	1
31:33	2CO.3.3	109
31:33	HEB.10.16	108
31:33	HEB.8.10	89
31:33	EZK.11.19-EZK.11.20	87
31:33	JER.24.7	77
31:33	JER.32.40	64
31:33	EZK.36.25-EZK.36.27	64
31:33	PSA.40.8	55
31:33	EZK.37.27	47
31:33	DEU.30.6	39
31:33	JER.32.38	37
31:33	REV.21.3	37
31:33	PSA.37.31	34
31:33	ZEC.13.9	34
31:33	GEN.17.7-GEN.17.8	31
31:33	ROM.8.2-ROM.8.8	29
31:33	ROM.7.22	25
31:33	2CO.3.7-2CO.3.8	25
31:33	ISA.51.7	24
31:33	JER.30.22	24
31:33	JER.31.1	22
31:33	REV.21.7	22
31:33	GAL.5.22-GAL.5.23	20
31:33	JHN.20.17	9
31:34	ISA.43.25	24
31:34	HEB.8.12	18
31:34	JER.33.8	17
31:34	ISA.54.13	16
31:34	1JN.2.27	15
31:34	HEB.10.17-HEB.10.18	13
31:34	JER.50.20	12
31:34	JHN.6.45	11
31:34	JHN.17.3	11
31:34	ROM.11.26-ROM.11.27	11
31:34	1JN.2.20	10
31:34	ISA.44.22	8
31:34	JER.24.7	8
31:34	MIC.7.18	8
31:34	ACT.10.43	8
31:34	EPH.1.7	8
31:34	1JN.5.20	8
31:34	HAB.2.14	7
31:34	ISA.11.9	6
31:34	2CO.4.6	6
31:34	1TH.4.9	6
31:34	HEB.5.12	6
31:34	ISA.30.26	5
31:34	ISA.33.24	5
31:34	MAT.11.27	5
31:34	ACT.13.38-ACT.13.39	5
31:34	2CO.2.10	5
31:34	1CH.28.9	4
31:34	ISA.60.19-ISA.60.21	3
31:34	JHN.17.6	3
31:34	1SA.2.12	2
31:35	ISA.51.15	6
31:35	JER.10.16	6
31:35	PSA.136.7-PSA.136.9	5
31:35	GEN.1.14-GEN.1.18	4
31:35	JER.50.34	4
31:35	DEU.4.19	3
31:35	ISA.54.5	3
31:35	MAT.5.45	3
31:35	MAT.8.25-MAT.8.26	3
31:35	EXO.14.21-EXO.14.22	2
31:35	JOB.26.12	2
31:35	JOB.38.10-JOB.38.11	2
31:35	PSA.19.1-PSA.19.6	2
31:35	PSA.72.5	2
31:35	PSA.72.17	2
31:35	PSA.74.13	2
31:35	PSA.74.16	2
31:35	PSA.78.13	2
31:35	PSA.89.2	2
31:35	PSA.89.36-PSA.89.37	2
31:35	PSA.93.3-PSA.93.4	2
31:35	PSA.106.9	2
31:35	PSA.107.25-PSA.107.29	2
31:35	PSA.114.3-PSA.114.5	2
31:35	PSA.119.89	2
31:35	ISA.48.2	2
31:35	ISA.63.12	2
31:35	JER.5.22	2
31:35	JER.32.18	2
31:35	JER.46.18	2
31:35	JER.51.19	2
31:35	JOB.38.33	1
31:36	PSA.89.36-PSA.89.37	6
31:36	ISA.54.9-ISA.54.10	6
31:36	JER.33.20-JER.33.26	6
31:36	PSA.148.6	5
31:36	DEU.32.26	2
31:36	PSA.72.5	2
31:36	PSA.72.17	2
31:36	PSA.102.28	2
31:36	PSA.119.89	2
31:36	JER.46.28	2
31:36	AMO.9.8-AMO.9.9	2
31:37	JER.33.24-JER.33.26	11
31:37	ISA.40.12	8
31:37	JER.33.22	7
31:37	ROM.11.1-ROM.11.5	7
31:37	ROM.11.26-ROM.11.29	5
31:37	JOB.11.7-JOB.11.9	4
31:37	JER.46.28	4
31:37	PSA.89.2	3
31:37	PRO.30.4	3
31:37	JER.30.11	2
31:38	ZEC.14.10	8
31:38	2KI.14.13	7
31:38	JER.30.18	6
31:38	2CH.26.9	5
31:38	JER.31.27	5
31:38	NEH.2.17-NEH.3.1	4
31:38	NEH.12.30-NEH.12.40	4
31:38	ISA.44.28	4
31:38	JER.23.5	4
31:38	EZK.48.30-EZK.48.35	4
31:38	DAN.9.25	4
31:39	ZEC.2.1-ZEC.2.2	5
31:39	EZK.40.8	3
31:40	2SA.15.23	7
31:40	JOL.3.17	6
31:40	2KI.11.16	5
31:40	2CH.23.15	5
31:40	JHN.18.1	5
31:40	2KI.23.6	4
31:40	2KI.23.12	4
31:40	NEH.3.28	4
31:40	ZEC.14.20	4
31:40	ISA.51.22	3
31:40	JER.7.31-JER.7.32	3
31:40	JER.8.2	3
31:40	JER.18.7	3
31:40	JER.19.11-JER.19.13	3
31:40	JER.32.36	3
31:40	EZK.37.2	3
31:40	EZK.37.25	3
31:40	EZK.39.29	3
31:40	EZK.45.1-EZK.45.6	3
31:40	EZK.48.35	3
32:1	2KI.25.1-2KI.25.2	4
32:1	JER.39.1-JER.39.2	4
32:1	JER.25.1	3
32:1	2CH.36.11	2
32:1	JER.52.4-JER.52.5	2
32:2	JER.37.21	6
32:2	NEH.3.25	5
32:2	JER.33.1	4
32:2	JER.38.6	4
32:2	JER.32.8	3
32:2	JER.36.5	2
32:2	JER.39.13-JER.39.15	2
32:2	MAT.5.12	2
32:2	JER.32.3	1
32:3	JER.34.2-JER.34.3	7
32:3	JER.21.4-JER.21.7	5
32:3	JER.26.8-JER.26.9	4
32:3	JER.32.28-JER.32.29	3
32:3	EXO.5.4	2
32:3	2KI.6.31-2KI.6.32	2
32:3	2CH.28.22	2
32:3	JER.2.30	2
32:3	JER.5.3	2
32:3	JER.27.8	2
32:3	JER.37.6-JER.37.10	2
32:3	JER.38.4	2
32:3	JER.38.8	2
32:3	AMO.7.13	2
32:3	LUK.20.2	2
32:3	ACT.6.12-ACT.6.14	2
32:4	2KI.25.4-2KI.25.7	4
32:4	JER.37.17	4
32:4	JER.38.18	4
32:4	JER.38.23	4
32:4	JER.39.4-JER.39.7	4
32:4	JER.52.8-JER.52.11	3
32:4	EZK.12.12-EZK.12.13	3
32:4	EZK.17.13-EZK.17.21	2
32:4	EZK.21.25-EZK.21.26	2
32:5	JER.21.4-JER.21.5	3
32:5	JER.27.22	3
32:5	JER.33.5	3
32:5	JER.39.7	3
32:5	EZK.17.9-EZK.17.10	3
32:5	EZK.17.15	3
32:5	NUM.14.41	2
32:5	2CH.13.12	2
32:5	2CH.24.20	2
32:5	PRO.21.30	2
32:5	JER.2.37	2
32:5	JER.34.4-JER.34.5	2
32:5	JER.37.10	2
32:5	EZK.12.13	1
32:7	JER.1.1	4
32:7	LEV.25.25	3
32:7	JER.11.21	3
32:7	LEV.25.23	2
32:7	LEV.25.34	2
32:7	LEV.25.49	2
32:7	NUM.35.2	2
32:7	RUT.4.3-RUT.4.9	2
32:7	1KI.14.5	2
32:7	MRK.11.2-MRK.11.6	2
32:7	MRK.14.13-MRK.14.16	2
32:7	JOS.21.18-JOS.21.19	1
32:8	JER.32.7	5
32:8	JER.32.2	4
32:8	1SA.9.16-1SA.9.17	3
32:8	1SA.10.3-1SA.10.7	3
32:8	1KI.22.25	3
32:8	JER.33.1	3
32:8	1KI.2.26	2
32:8	1CH.6.60	2
32:8	ZEC.11.11	2
32:8	JHN.4.53	2
32:8	ACT.10.17-ACT.10.28	2
32:9	1KI.20.39	3
32:9	EST.3.9	3
32:9	ZEC.11.12-ZEC.11.13	3
32:9	GEN.23.15-GEN.23.16	2
32:9	GEN.37.28	2
32:9	ISA.55.2	2
32:9	HOS.3.2	2
32:10	JER.32.44	6
32:10	JER.32.12	4
32:10	DEU.32.34	3
32:10	JOB.14.17	3
32:10	ISA.44.5	3
32:10	JER.32.25	3
32:10	JOS.18.9	2
32:10	RUT.4.9-RUT.4.11	2
32:10	SNG.8.6	2
32:10	ISA.8.1-ISA.8.2	2
32:10	ISA.30.8	2
32:10	DAN.8.26	2
32:10	JHN.3.33	2
32:10	JHN.6.27	2
32:10	2CO.1.22	2
32:10	EPH.1.13	2
32:10	EPH.4.30	2
32:10	REV.7.2	2
32:10	REV.9.4	2
32:11	LUK.2.27	3
32:11	ACT.26.3	2
32:11	1CO.11.16	2
32:12	JER.32.16	4
32:12	JER.51.59	4
32:12	JER.36.4-JER.36.5	3
32:12	JER.36.26	3
32:12	JER.36.16-JER.36.19	2
32:12	JER.36.32	2
32:12	JER.43.3-JER.43.6	2
32:12	JER.45.1-JER.45.5	2
32:12	2CO.8.21	2
32:15	AMO.9.14-AMO.9.15	5
32:15	ZEC.3.10	5
32:15	JER.30.18	4
32:15	JER.31.5	3
32:15	JER.31.12	3
32:15	JER.31.24	3
32:15	JER.32.37	3
32:15	JER.32.43-JER.32.44	3
32:15	JER.33.12-JER.33.13	3
32:16	GEN.32.9-GEN.32.12	3
32:16	JER.12.1	3
32:16	PHP.4.6-PHP.4.7	3
32:16	2SA.7.18-2SA.7.25	2
32:16	EZK.36.35-EZK.36.37	2
32:17	LUK.1.37	99
32:17	JER.32.27	93
32:17	GEN.18.14	85
32:17	JOB.42.2	78
32:17	MAT.19.26	69
32:17	EXO.20.11	54
32:17	GEN.1.1-GEN.1.31	45
32:17	JER.27.5	43
32:17	JHN.1.1-JHN.1.3	40
32:17	LUK.18.27	38
32:17	JER.10.11-JER.10.12	34
32:17	2KI.19.15	31
32:17	PSA.102.25	29
32:17	ISA.45.12	29
32:17	REV.4.11	29
32:17	HEB.1.10-HEB.1.12	27
32:17	ISA.40.26-ISA.40.28	23
32:17	ISA.46.9-ISA.46.10	23
32:17	HEB.1.2-HEB.1.3	22
32:17	PSA.146.5-PSA.146.6	18
32:17	JER.51.15	17
32:17	NEH.9.6	16
32:17	PSA.136.5-PSA.136.9	15
32:17	ISA.42.5	15
32:17	COL.1.15-COL.1.16	15
32:17	ISA.48.12-ISA.48.13	14
32:17	JER.1.6	14
32:17	JER.51.19	14
32:17	DAN.2.22	14
32:17	JER.14.13	13
32:17	ZEC.12.1	13
32:17	ACT.7.49-ACT.7.50	13
32:17	ISA.44.24	12
32:17	ACT.14.15	12
32:17	ACT.17.24	12
32:17	EZK.9.8	11
32:17	EZK.11.13	11
32:17	ACT.15.18	11
32:17	EPH.3.9-EPH.3.11	11
32:17	JER.4.10	10
32:18	JER.10.16	7
32:18	EXO.34.7	6
32:18	DEU.5.9-DEU.5.10	6
32:18	EXO.20.5-EXO.20.6	5
32:18	DEU.7.9-DEU.7.10	5
32:18	ISA.10.21	5
32:18	NUM.14.18	4
32:18	DEU.10.17	4
32:18	1KI.14.9-1KI.14.10	4
32:18	1KI.16.1-1KI.16.3	4
32:18	ISA.9.6	4
32:18	ISA.57.15	4
32:18	MAT.23.32-MAT.23.36	4
32:18	MAT.27.25	4
32:18	JOS.7.24-JOS.7.26	3
32:18	2SA.21.1-2SA.21.9	3
32:18	1KI.21.21-1KI.21.24	3
32:18	2KI.9.26	3
32:18	NEH.1.5	3
32:18	PSA.145.3-PSA.145.6	3
32:18	HAB.1.12	3
32:18	PSA.50.1	2
32:18	JER.31.35	2
32:18	GEN.49.24	1
32:18	DEU.7.21	1
32:19	JER.17.10	19
32:19	MAT.16.27	12
32:19	PSA.62.12	7
32:19	ISA.28.29	7
32:19	JOB.34.21	6
32:19	JER.16.17	6
32:19	REV.2.23	5
32:19	REV.22.12	5
32:19	PRO.5.21	4
32:19	ISA.9.6	4
32:19	ISA.40.13	4
32:19	JER.23.24	4
32:19	JHN.5.29	4
32:19	HEB.4.13	4
32:19	PSA.34.15	3
32:19	ECC.12.14	3
32:19	ISA.46.10-ISA.46.11	3
32:19	DAN.4.35	3
32:19	ROM.2.6-ROM.2.10	3
32:19	ROM.11.33-ROM.11.34	3
32:19	2CO.5.10	3
32:19	EPH.1.11	3
32:19	EXO.15.11	2
32:19	1KI.8.32	2
32:19	2CH.16.9	2
32:19	PSA.33.13-PSA.33.15	2
32:20	NEH.9.10	7
32:20	EXO.9.16	3
32:20	EXO.10.2	3
32:20	2SA.7.23	3
32:20	PSA.135.9	3
32:20	DAN.9.15	3
32:20	ACT.7.36	3
32:20	EXO.7.3	2
32:20	DEU.4.34	2
32:20	DEU.6.22	2
32:20	DEU.7.19	2
32:20	1CH.17.21	2
32:20	PSA.78.43-PSA.78.51	2
32:20	PSA.105.27-PSA.105.36	2
32:20	ISA.63.12	2
32:21	EXO.6.6	4
32:21	DEU.26.8	4
32:21	EXO.6.1	2
32:21	EXO.13.9	2
32:21	EXO.13.14	2
32:21	DEU.4.34	2
32:21	1KI.8.42	2
32:21	1CH.17.21	2
32:21	PSA.89.8-PSA.89.10	2
32:21	PSA.105.37	2
32:21	PSA.105.43	2
32:21	PSA.136.11-PSA.136.12	2
32:21	PSA.106.8-PSA.106.11	1
32:22	EXO.3.8	5
32:22	EXO.13.5	5
32:22	JER.11.5	4
32:22	EXO.3.17	3
32:22	DEU.1.8	3
32:22	PSA.105.9-PSA.105.11	3
32:22	GEN.13.15	2
32:22	GEN.15.18-GEN.15.21	2
32:22	GEN.17.7-GEN.17.8	2
32:22	GEN.24.7	2
32:22	GEN.28.13-GEN.28.15	2
32:22	GEN.35.11-GEN.35.12	2
32:22	GEN.50.24	2
32:22	EXO.33.1-EXO.33.3	2
32:22	NUM.14.16	2
32:22	NUM.14.30	2
32:22	DEU.1.35	2
32:22	DEU.6.10	2
32:22	DEU.6.18	2
32:22	DEU.6.23	2
32:22	DEU.7.13	2
32:22	DEU.8.1	2
32:22	DEU.26.9-DEU.26.11	2
32:22	JOS.1.6	2
32:22	JOS.21.43	2
32:22	NEH.9.15	2
32:22	EZK.20.6	2
32:22	EZK.20.15	2
32:23	EZR.9.7	5
32:23	PSA.78.54-PSA.78.55	4
32:23	DAN.9.10-DAN.9.14	4
32:23	PSA.44.2-PSA.44.3	3
32:23	LAM.1.18	3
32:23	LEV.26.14-LEV.26.46	2
32:23	DEU.28.15-DEU.28.68	2
32:23	JOS.23.16	2
32:23	JDG.2.11-JDG.2.13	2
32:23	JDG.10.6-JDG.10.18	2
32:23	NEH.9.15	2
32:23	NEH.9.22-NEH.9.30	2
32:23	PSA.105.44-PSA.105.45	2
32:23	JER.7.23-JER.7.24	2
32:23	JER.11.7-JER.11.8	2
32:23	LAM.1.8	2
32:23	LAM.5.16-LAM.5.17	2
32:23	EZK.20.8	2
32:23	EZK.20.18	2
32:23	EZK.20.21	2
32:23	DAN.9.4-DAN.9.6	2
32:23	ZEC.1.2-ZEC.1.4	2
32:23	LUK.17.10	2
32:23	JHN.15.14	2
32:23	GAL.3.10	2
32:23	JAS.2.10	2
32:24	DEU.4.26	4
32:24	JOS.23.15-JOS.23.16	4
32:24	JER.32.36	4
32:24	JER.33.4	4
32:24	JER.21.4-JER.21.7	3
32:24	JER.32.3	3
32:24	EZK.14.21	3
32:24	EZK.21.22	3
32:24	ZEC.1.6	3
32:24	DEU.31.16-DEU.31.17	2
32:24	DEU.32.24-DEU.32.25	2
32:24	2SA.20.15	2
32:24	JER.14.12-JER.14.15	2
32:24	JER.15.1-JER.15.3	2
32:24	JER.16.4	2
32:24	JER.24.10	2
32:24	JER.32.25	2
32:24	JER.37.6-JER.37.10	2
32:24	JER.52.6	2
32:24	LAM.2.21-LAM.2.22	2
32:24	LAM.4.3-LAM.4.10	2
32:24	MAT.24.35	2
32:25	JER.32.24	3
32:25	PSA.77.19	2
32:25	PSA.97.2	2
32:25	JHN.13.7	2
32:25	ROM.11.33-ROM.11.34	2
32:27	MAT.19.26	131
32:27	JER.32.17	101
32:27	ISA.64.8	48
32:27	PSA.65.2	25
32:27	JHN.17.2	25
32:27	NUM.27.16	23
32:27	LUK.3.6	22
32:27	ROM.3.29-ROM.3.30	22
32:27	NUM.16.22	19
32:28	JER.32.3	5
32:28	JER.19.7-JER.19.12	3
32:28	JER.32.24	3
32:28	JER.32.36	3
32:28	2CH.36.17	2
32:28	JER.20.5	2
32:29	JER.19.13	5
32:29	JER.21.10	5
32:29	2CH.36.19	4
32:29	JER.52.13	4
32:29	JER.7.18	3
32:29	JER.39.8	3
32:29	JER.44.17-JER.44.19	3
32:29	JER.44.25	3
32:29	2KI.25.9	2
32:29	ISA.64.10-ISA.64.11	2
32:29	JER.17.27	2
32:29	JER.27.8-JER.27.10	2
32:29	JER.37.7-JER.37.10	2
32:29	LAM.4.11	2
32:29	MAT.22.7	2
32:30	JER.7.22-JER.7.26	4
32:30	GEN.8.21	3
32:30	DEU.9.7-DEU.9.12	3
32:30	ISA.63.10	3
32:30	JER.2.7	3
32:30	JER.3.25	3
32:30	JER.22.21	3
32:30	JER.25.7	3
32:30	DEU.9.22-DEU.9.24	2
32:30	2KI.17.9-2KI.17.20	2
32:30	NEH.9.16-NEH.9.37	2
32:30	PSA.106.6-PSA.106.7	2
32:30	JER.8.19	2
32:30	EZK.16.15-EZK.16.22	2
32:30	EZK.20.8	2
32:30	EZK.20.28	2
32:30	EZK.23.3	2
32:30	EZK.23.43-EZK.23.44	2
32:30	ACT.7.51-ACT.7.53	2
32:31	2KI.23.27	5
32:31	1KI.11.7-1KI.11.8	3
32:31	2KI.21.4-2KI.21.7	3
32:31	2KI.21.16	3
32:31	2KI.24.3-2KI.24.4	3
32:31	JER.5.9-JER.5.11	3
32:31	JER.6.6-JER.6.7	3
32:31	JER.27.10	3
32:31	MAT.23.37	3
32:31	2KI.22.16-2KI.22.17	2
32:31	2KI.23.15	2
32:31	JER.23.14-JER.23.15	2
32:31	LAM.1.8	2
32:31	EZK.22.2-EZK.22.22	2
32:31	LUK.13.33-LUK.13.34	2
32:32	ISA.1.4-ISA.1.6	4
32:32	JER.2.26	4
32:32	DAN.9.8	4
32:32	EZR.9.7	3
32:32	ISA.1.23	3
32:32	NEH.9.32-NEH.9.34	2
32:32	ISA.9.14-ISA.9.15	2
32:32	EZK.22.6	2
32:32	EZK.22.25-EZK.22.29	2
32:32	DAN.9.6	2
32:32	MIC.3.1-MIC.3.5	2
32:32	MIC.3.9-MIC.3.12	2
32:32	ZEP.3.1-ZEP.3.4	2
32:33	JER.7.13	5
32:33	JER.2.27	4
32:33	EZK.8.16	4
32:33	2CH.36.15-2CH.36.16	3
32:33	JER.7.24	3
32:33	JER.26.5	3
32:33	JER.35.15	3
32:33	JHN.8.2	3
32:33	JER.18.17	2
32:33	JER.25.3-JER.25.4	2
32:33	JER.44.4	2
32:33	HOS.11.2	2
32:33	ZEC.7.11	2
32:34	JER.7.30	5
32:34	EZK.8.5-EZK.8.16	4
32:34	2KI.21.4-2KI.21.7	3
32:34	JER.23.11	3
32:34	2KI.23.6	2
32:34	2CH.33.4-2CH.33.7	2
32:34	2CH.33.15	2
32:35	JER.7.31	10
32:35	LEV.18.21	6
32:35	2CH.33.6	6
32:35	LEV.20.2-LEV.20.5	5
32:35	JER.19.5-JER.19.6	5
32:35	1KI.16.19	4
32:35	2KI.23.10	4
32:35	2CH.28.2-2CH.28.3	4
32:35	ISA.57.5	3
32:35	EZK.16.20-EZK.16.21	3
32:35	EZK.23.37	3
32:35	EXO.32.21	2
32:35	DEU.18.10	2
32:35	DEU.24.4	2
32:35	1KI.11.33	2
32:35	1KI.14.16	2
32:35	1KI.15.26	2
32:35	1KI.15.30	2
32:35	1KI.21.22	2
32:35	2KI.3.3	2
32:35	2KI.21.11	2
32:35	2KI.23.15	2
32:35	2CH.33.9	2
32:35	PSA.106.37-PSA.106.38	2
32:36	JER.32.3	4
32:36	JER.32.24	4
32:36	JER.32.28	3
32:36	ISA.43.24-ISA.43.25	2
32:36	ISA.57.17-ISA.57.18	2
32:36	JER.16.12-JER.16.15	2
32:36	EZK.36.31-EZK.36.32	2
32:36	HOS.2.14	2
32:36	ROM.5.20	2
32:36	EPH.2.3-EPH.2.5	2
32:37	JER.23.3	7
32:37	JER.23.6	5
32:37	EZK.34.12-EZK.34.14	5
32:37	PSA.106.47	4
32:37	JER.33.16	4
32:37	EZK.11.17	4
32:37	ISA.11.11-ISA.11.16	3
32:37	JER.23.8	3
32:37	JER.29.14	3
32:37	JER.31.10	3
32:37	HOS.1.11	3
32:37	AMO.9.14-AMO.9.15	3
32:37	ZEC.14.11	3
32:37	DEU.30.3-DEU.30.6	2
32:37	JER.30.18	2
32:37	JER.33.7	2
32:37	EZK.34.25-EZK.34.28	2
32:37	EZK.37.21-EZK.37.25	2
32:37	EZK.39.25-EZK.39.29	2
32:37	HOS.3.5	2
32:37	JOL.3.20	2
32:37	ZEP.3.20	2
32:37	ZEC.2.4-ZEC.2.5	2
32:37	ZEC.3.10	2
32:37	EZK.36.24	1
32:37	OBA.1.17-OBA.1.21	1
32:38	JER.24.7	8
32:38	EZK.11.19-EZK.11.20	8
32:38	PSA.144.15	7
32:38	EZK.37.27	6
32:38	HEB.8.10	6
32:38	REV.21.7	6
32:38	GEN.17.7	5
32:38	DEU.26.17-DEU.26.19	5
32:38	JER.30.22	5
32:38	JER.31.1	5
32:38	JER.31.33	5
32:38	EZK.36.28	5
32:38	ZEC.13.9	5
32:38	EZK.39.22	4
32:38	EZK.39.28	4
32:38	HEB.11.16	3
32:39	EZK.11.19-EZK.11.20	23
32:39	ACT.4.32	12
32:39	JHN.17.21	9
32:39	EZK.37.25	7
32:39	PRO.14.26-PRO.14.27	5
32:39	PRO.23.17	5
32:39	JER.32.40	5
32:39	EZK.36.26	5
32:39	DEU.11.18-DEU.11.21	4
32:39	2CH.30.12	4
32:39	JHN.14.6	4
32:39	HEB.10.20	4
32:39	GEN.17.7	3
32:39	GEN.18.19	3
32:39	GEN.22.12	3
32:39	DEU.5.29	3
32:39	PSA.112.1	3
32:39	PSA.115.13-PSA.115.15	3
32:39	PSA.128.6	3
32:39	ISA.35.8	3
32:39	ISA.52.8	3
32:39	JER.6.16	3
32:39	ACT.13.33	3
32:39	ROM.11.16	3
32:39	1CO.7.14	3
32:39	EZK.37.22	2
32:39	ACT.2.39	2
32:39	ACT.3.26	2
32:39	ACT.9.31	2
32:39	2CO.13.11	2
32:39	PHP.2.1-PHP.2.2	2
32:40	JER.31.31-JER.31.33	20
32:40	EZK.36.26	16
32:40	JER.24.7	15
32:40	HEB.6.13-HEB.6.18	13
32:40	JAS.1.17	13
32:40	ISA.55.3	12
32:40	EZK.39.29	12
32:40	1PE.1.5	12
32:40	JER.50.5	11
32:40	HEB.13.20	8
32:40	2SA.23.4	7
32:40	JHN.10.27-JHN.10.30	6
32:40	ROM.8.28-ROM.8.39	6
32:40	HEB.7.24	6
32:40	GEN.17.7-GEN.17.13	4
32:40	ISA.24.5	4
32:40	ISA.61.8	4
32:40	LUK.1.72-LUK.1.75	4
32:40	GAL.3.14-GAL.3.17	4
32:40	HEB.4.1	4
32:41	JER.24.6	11
32:41	ZEP.3.17	8
32:41	ISA.62.5	7
32:41	AMO.9.15	7
32:41	HOS.2.19-HOS.2.20	6
32:41	ISA.65.19	5
32:41	DEU.30.9	4
32:41	JER.18.9	4
32:41	JER.31.28	4
32:42	JER.31.28	6
32:42	JOS.23.14-JOS.23.15	4
32:42	JER.33.10-JER.33.11	3
32:42	ZEC.8.14-ZEC.8.15	3
32:42	MAT.24.35	3
32:43	JER.32.15	4
32:43	EZK.37.11-EZK.37.14	4
32:43	JER.32.36	3
32:43	JER.33.10	2
32:44	JER.17.26	5
32:44	JER.33.7	4
32:44	JER.33.11	4
32:44	JER.33.26	4
32:44	JER.32.10	3
32:44	JER.32.37	2
32:44	PSA.126.1-PSA.126.4	1
33:1	JER.32.2-JER.32.3	5
33:1	JER.37.21	5
33:1	JER.38.28	5
33:1	JER.32.8	4
33:1	2TI.2.9	4
33:2	EXO.6.3	4
33:2	EXO.15.3	4
33:2	ISA.37.26	4
33:2	EXO.3.14-EXO.3.15	3
33:2	PSA.87.5	2
33:2	PSA.102.16	2
33:2	ISA.14.32	2
33:2	ISA.43.1	2
33:2	ISA.43.21	2
33:2	ISA.62.7	2
33:2	HEB.11.10	2
33:2	REV.21.10	2
33:2	JER.10.16	1
33:2	JER.32.18	1
33:2	AMO.5.8	1
33:2	AMO.9.6	1
33:2	HEB.11.16	1
33:2	REV.21.2	1
33:3	JER.29.12	276
33:3	ISA.65.24	220
33:3	EPH.3.20	206
33:3	ISA.48.6	175
33:3	PSA.91.15	170
33:3	LUK.11.9-LUK.11.10	164
33:3	PSA.50.15	153
33:3	DEU.4.29	148
33:3	PSA.145.18	143
33:3	ISA.55.6-ISA.55.7	121
33:3	ROM.10.12-ROM.10.13	116
33:3	AMO.3.7	106
33:3	ACT.2.21	105
33:3	DEU.4.7	103
33:3	ISA.45.3	94
33:3	1CO.2.7-1CO.2.11	94
33:3	PSA.25.14	91
33:3	REV.2.17	78
33:3	MAT.13.35	75
33:3	MIC.7.15	72
33:3	JOL.2.32	67
33:3	1KI.8.47-1KI.8.50	64
33:3	1CO.1.2	52
33:4	JER.32.24	4
33:4	EZK.4.2	4
33:4	HAB.1.10	4
33:4	EZK.21.22	3
33:4	EZK.26.8	2
33:5	ISA.8.17	5
33:5	JER.21.4-JER.21.7	4
33:5	JER.21.10	4
33:5	JER.32.5	4
33:5	DEU.31.17	3
33:5	ISA.1.15-ISA.1.16	3
33:5	ISA.64.7	3
33:5	JER.37.9-JER.37.10	3
33:5	MIC.3.4	3
33:5	DEU.32.20	2
33:5	JER.18.17	2
33:5	EZK.39.23-EZK.39.24	2
33:5	EZK.39.29	2
33:6	JHN.10.10	29
33:6	ISA.30.26	23
33:6	TIT.3.5-TIT.3.6	20
33:6	PSA.67.2	16
33:6	ISA.58.8	14
33:6	HOS.6.1	14
33:6	ISA.66.12	13
33:6	GAL.5.22-GAL.5.23	13
33:6	1PE.1.3	12
33:6	PSA.37.11	10
33:6	ISA.26.2-ISA.26.4	10
33:6	ISA.54.13	10
33:6	JER.17.14	9
33:6	HOS.7.1	9
33:6	DEU.32.39	7
33:6	ISA.2.4	7
33:6	ISA.11.5-ISA.11.9	7
33:6	ISA.33.15-ISA.33.18	7
33:6	ISA.48.17-ISA.48.18	7
33:6	ISA.55.7	7
33:6	MIC.4.3	7
33:6	PSA.72.7	6
33:6	PSA.85.10-PSA.85.12	6
33:6	EPH.6.23	6
33:6	HEB.6.17-HEB.6.18	6
33:6	EXO.34.6	5
33:6	ISA.39.8	5
33:6	JER.30.12-JER.30.17	5
33:7	ISA.1.26	9
33:7	JER.30.3	9
33:7	AMO.9.14-AMO.9.15	9
33:7	JER.29.14	6
33:7	JER.31.4	6
33:7	JER.32.44	6
33:7	PSA.85.1	5
33:7	PSA.126.4	5
33:7	JER.23.3	5
33:7	JER.24.6	5
33:7	JER.30.18	5
33:7	JER.30.20	5
33:7	JER.31.28	5
33:7	JER.33.26	5
33:7	JER.42.10	5
33:7	PSA.14.7	4
33:7	PSA.126.1	3
33:7	JER.33.11	3
33:7	HOS.2.15	3
33:7	MIC.7.14-MIC.7.15	3
33:7	ZEP.3.20	3
33:7	ZEC.1.17	3
33:7	ISA.11.12-ISA.11.16	2
33:8	ZEC.13.1	8
33:8	MIC.7.18-MIC.7.19	7
33:8	EZK.36.25	6
33:8	PSA.51.2	5
33:8	JER.31.34	5
33:8	REV.1.5	5
33:8	EZK.36.33	4
33:8	PSA.65.3	3
33:8	ISA.44.22	3
33:8	JER.50.20	3
33:8	1JN.1.7-1JN.1.9	3
33:8	PSA.85.2-PSA.85.3	2
33:8	HEB.9.11-HEB.9.14	2
33:8	ISA.4.2	1
33:8	ISA.56.7	1
33:8	JOL.3.21	1
33:9	PSA.126.2-PSA.126.3	6
33:9	ISA.60.5	6
33:9	ZEP.3.17-ZEP.3.20	5
33:9	NEH.6.16	4
33:9	ISA.62.7	4
33:9	JER.13.11	4
33:9	PSA.40.3	3
33:9	ISA.62.2-ISA.62.3	3
33:9	ISA.62.12	3
33:9	JER.26.6	3
33:9	JER.31.4	3
33:9	HOS.3.5	3
33:9	ZEC.8.20-ZEC.8.23	3
33:9	EXO.15.14-EXO.15.16	2
33:9	2CH.20.29	2
33:9	EST.8.17	2
33:9	JER.3.17	2
33:9	JER.29.1	2
33:9	JER.44.8	2
33:9	ZEC.12.2	2
33:9	MIC.7.16-MIC.7.17	0
33:10	JER.32.43	5
33:10	JER.32.36	4
33:10	EZK.37.11	4
33:11	1CH.16.34	13
33:11	PSA.106.1	10
33:11	PSA.107.1	10
33:11	PSA.107.22	10
33:11	HEB.13.15	7
33:11	2CH.5.13	6
33:11	2CH.29.31	6
33:11	ISA.51.11	6
33:11	1CH.16.8	4
33:11	PSA.136.1-PSA.136.26	4
33:11	JHN.3.29	4
33:11	REV.18.23	4
33:11	LEV.7.12-LEV.7.13	3
33:11	2CH.7.3	3
33:11	PSA.116.17	3
33:11	ISA.52.9	3
33:11	JER.7.34	3
33:11	JER.33.7	3
33:11	ZEP.3.14	3
33:11	ZEC.8.19	3
33:11	EZR.3.11-EZR.3.13	2
33:11	EZR.6.22	2
33:11	NEH.8.12	2
33:11	NEH.12.43	2
33:11	PSA.100.4-PSA.100.5	2
33:11	PSA.118.1-PSA.118.4	2
33:11	ISA.12.1-ISA.12.6	2
33:11	JER.16.9	2
33:11	JER.25.10	2
33:11	JER.31.12-JER.31.14	2
33:11	JER.33.26	2
33:11	JON.2.9	2
33:11	ZEC.9.17	2
33:11	ZEC.10.7	2
33:11	2CH.20.21	1
33:11	ISA.51.3	1
33:12	ISA.65.10	5
33:12	JER.31.24	3
33:12	JER.36.29	3
33:12	JER.51.62	3
33:12	EZK.34.12-EZK.34.15	3
33:12	ZEP.2.6-ZEP.2.7	3
33:12	JER.17.26	2
33:12	JER.32.43-JER.32.44	2
33:12	JER.50.19-JER.50.20	2
33:12	EZK.36.8-EZK.36.11	2
33:12	OBA.1.19-OBA.1.20	2
33:13	LEV.27.32	5
33:13	JER.17.26	3
33:13	LUK.15.4	3
33:13	JHN.10.3-JHN.10.4	2
33:14	JER.23.5	11
33:14	HAG.2.6-HAG.2.9	11
33:14	1CH.17.13-1CH.17.14	9
33:14	2CO.1.20	9
33:14	GEN.49.10	8
33:14	GEN.22.18	7
33:14	ISA.32.1-ISA.32.2	7
33:14	JER.29.10	7
33:14	JER.31.31-JER.31.34	7
33:14	EZK.34.23-EZK.34.25	7
33:14	AMO.9.11	7
33:14	ZEP.3.15-ZEP.3.17	7
33:14	JER.32.38-JER.32.41	6
33:14	LUK.1.69-LUK.1.70	6
33:14	ACT.13.32-ACT.13.33	6
33:14	ISA.7.14	5
33:14	ISA.9.6-ISA.9.7	5
33:14	DAN.7.13-DAN.7.14	5
33:14	DAN.9.25	5
33:14	MIC.5.2	5
33:14	MAL.3.1	5
33:14	LUK.2.10-LUK.2.11	5
33:14	LUK.10.24	5
33:14	HEB.11.40	5
33:14	1PE.1.10	5
33:14	REV.19.10	5
33:14	JER.31.27	4
33:14	DAN.2.44	3
33:14	ZEC.9.9-ZEC.9.10	3
33:15	JER.23.5-JER.23.6	8
33:15	ISA.4.2	7
33:15	ISA.11.1-ISA.11.5	7
33:15	ZEC.3.8	5
33:15	PSA.72.1-PSA.72.5	4
33:15	ISA.53.2	4
33:15	2SA.23.2-2SA.23.3	3
33:15	PSA.45.4	3
33:15	PSA.45.7	3
33:15	ISA.9.7	3
33:15	ISA.32.1-ISA.32.2	3
33:15	ISA.42.21	3
33:15	EZK.17.22-EZK.17.23	3
33:15	ZEC.6.12-ZEC.6.13	3
33:15	JHN.5.22-JHN.5.29	3
33:15	HEB.1.8-HEB.1.9	3
33:15	HEB.7.1-HEB.7.2	3
33:15	REV.19.11	3
33:16	JER.23.6	11
33:16	1CO.1.30	8
33:16	ISA.45.17	6
33:16	2CO.5.21	5
33:16	PHP.3.9	5
33:16	ROM.11.26	4
33:16	ISA.45.22	3
33:16	ISA.45.24-ISA.45.25	3
33:16	2PE.1.1	3
33:16	DEU.33.12	2
33:16	DEU.33.28	2
33:16	JER.32.37	2
33:16	EZK.28.26	2
33:16	EZK.34.25-EZK.34.28	2
33:16	EZK.38.8	1
33:17	1KI.2.4	6
33:17	PSA.89.29-PSA.89.37	5
33:17	LUK.1.32-LUK.1.33	5
33:17	1CH.17.11-1CH.17.14	4
33:17	1KI.8.25	3
33:17	ISA.9.7	3
33:17	2SA.7.14-2SA.7.16	2
33:17	1CH.17.27	2
33:17	JER.35.19	2
33:17	2SA.3.29	1
33:18	ISA.56.7	3
33:18	DEU.18.1	2
33:18	ISA.61.6	2
33:18	EZK.43.19-EZK.43.27	2
33:18	EZK.44.9-EZK.44.11	2
33:18	EZK.45.5	2
33:18	ROM.1.21	2
33:18	ROM.15.16	2
33:18	HEB.13.15-HEB.13.16	2
33:18	1PE.2.5	2
33:18	1PE.2.9	2
33:18	REV.1.6	2
33:18	REV.5.10	1
33:20	GEN.8.22	7
33:20	PSA.89.37	7
33:20	ISA.54.9-ISA.54.10	7
33:20	PSA.104.19-PSA.104.23	6
33:20	JER.31.35-JER.31.37	5
33:20	JER.33.25-JER.33.26	4
33:21	PSA.89.34	6
33:21	2CH.7.18	5
33:21	2SA.23.5	4
33:21	2CH.21.7	4
33:21	MAT.24.35	3
33:21	LUK.1.32-LUK.1.33	3
33:21	LUK.1.69-LUK.1.70	3
33:21	REV.5.10	3
33:21	PSA.132.11-PSA.132.12	2
33:21	PSA.132.17	2
33:21	ISA.9.6-ISA.9.7	2
33:21	ISA.55.3	2
33:21	JER.33.18	2
33:21	DAN.7.14	2
33:22	GEN.22.17	6
33:22	GEN.15.5	5
33:22	HEB.11.12	4
33:22	ISA.66.21	3
33:22	JER.31.37	3
33:22	EZK.37.24-EZK.37.27	3
33:22	GEN.13.16	2
33:22	GEN.28.14	2
33:22	PSA.22.30	2
33:22	PSA.89.3-PSA.89.4	2
33:22	PSA.89.29	2
33:22	ISA.53.10-ISA.53.12	2
33:22	EZK.44.15	2
33:22	HOS.1.10	2
33:22	ZEC.12.8	2
33:22	REV.7.9-REV.7.10	2
33:24	NEH.4.2-NEH.4.4	3
33:24	PSA.44.13-PSA.44.14	3
33:24	PSA.83.4	3
33:24	EST.3.6-EST.3.8	2
33:24	PSA.71.11	2
33:24	PSA.94.14	2
33:24	PSA.123.3-PSA.123.4	2
33:24	JER.30.17	2
33:24	JER.33.21-JER.33.22	2
33:24	LAM.2.15-LAM.2.16	2
33:24	LAM.4.15	2
33:24	EZK.25.3	2
33:24	EZK.26.2	2
33:24	EZK.36.2	2
33:24	EZK.37.22	2
33:24	ROM.11.1-ROM.11.6	2
33:24	EZK.35.10-EZK.35.15	1
33:25	PSA.74.16-PSA.74.17	10
33:25	JER.31.35-JER.31.36	10
33:25	JER.33.20	8
33:25	PSA.104.19	7
33:25	GEN.8.22	5
33:25	GEN.9.9-GEN.9.17	3
33:26	JER.31.37	7
33:26	ISA.14.1	6
33:26	HOS.2.23	5
33:26	ISA.54.8	4
33:26	JER.31.20	4
33:26	EZK.39.25	4
33:26	HOS.1.7	4
33:26	GEN.49.10	3
33:26	ROM.11.32	3
33:26	EZR.2.1	2
33:26	EZR.2.70	2
33:26	JER.33.7-JER.33.11	2
33:26	ZEC.10.6	2
34:1	JER.1.15	4
34:1	DAN.2.37-DAN.2.38	4
34:1	2KI.25.1-2KI.25.9	3
34:1	JER.27.5-JER.27.7	3
34:1	JER.32.2	3
34:1	DAN.4.1	3
34:1	2CH.36.12-2CH.36.17	2
34:1	JER.34.7	2
34:1	JER.39.1-JER.39.3	2
34:1	JER.52.4-JER.52.11	2
34:1	DAN.4.22	2
34:1	DAN.5.19	1
34:2	JER.21.10	5
34:2	JER.34.22	4
34:2	2CH.36.11-2CH.36.12	3
34:2	JER.22.1-JER.22.2	3
34:2	JER.32.3	3
34:2	JER.37.8-JER.37.10	3
34:2	JER.21.4	2
34:2	JER.32.28-JER.32.29	2
34:2	JER.37.1-JER.37.4	2
34:2	JER.38.23	2
34:2	JER.39.8	2
34:3	JER.32.4	6
34:3	JER.21.7	5
34:3	2KI.25.4-2KI.25.7	4
34:3	JER.34.21	3
34:3	JER.39.4-JER.39.7	3
34:3	JER.37.17	2
34:3	JER.38.18	2
34:3	JER.52.7-JER.52.11	2
34:3	EZK.12.13	2
34:3	EZK.17.18-EZK.17.20	2
34:3	EZK.21.25	2
34:5	2CH.16.14	5
34:5	JER.22.18	5
34:5	2KI.22.20	2
34:5	2CH.21.19-2CH.21.20	2
34:5	2CH.34.28	2
34:5	LAM.4.20	2
34:5	EZK.17.16	2
34:5	DAN.2.46	2
34:6	1SA.3.18	3
34:6	1SA.15.16-1SA.15.24	3
34:6	2SA.12.7-2SA.12.12	2
34:6	1KI.21.19	2
34:6	1KI.22.14	2
34:6	EZK.2.7	2
34:6	MAT.14.4	2
34:6	ACT.20.27	2
34:7	JOS.10.3	5
34:7	JOS.15.35	3
34:7	2KI.18.13-2KI.18.14	3
34:7	2CH.11.5-2CH.11.10	3
34:7	JER.4.5	3
34:7	DEU.28.52	2
34:7	JOS.10.10-JOS.10.11	2
34:7	JOS.12.11	2
34:7	JOS.15.39	2
34:7	2KI.19.8	2
34:7	2CH.27.4	2
34:7	JER.8.14	2
34:7	JER.11.12	2
34:7	JER.34.1	2
34:7	MIC.1.13	2
34:8	LEV.25.10	5
34:8	2KI.11.17	4
34:8	2KI.23.2-2KI.23.3	4
34:8	JER.34.17	4
34:8	LEV.25.39-LEV.25.46	3
34:8	NEH.5.1-NEH.5.13	3
34:8	ISA.61.1	3
34:8	EXO.21.2-EXO.21.4	2
34:8	EXO.23.10-EXO.23.11	2
34:8	DEU.15.12	2
34:8	2CH.15.12-2CH.15.15	2
34:8	2CH.23.16	2
34:8	2CH.29.10	2
34:8	2CH.34.30-2CH.34.33	2
34:8	NEH.9.38-NEH.10.27	2
34:8	JER.34.14-JER.34.15	2
34:9	GEN.14.13	2
34:9	GEN.40.15	2
34:9	EXO.2.6	2
34:9	EXO.3.18	2
34:9	LEV.25.39-LEV.25.46	2
34:9	DEU.15.12	2
34:9	1SA.4.6	2
34:9	1SA.4.9	2
34:9	1SA.14.11	2
34:9	JER.25.14	2
34:9	JER.27.7	2
34:9	JER.30.8	2
34:9	JER.34.10	2
34:9	1CO.6.8	2
34:9	2CO.11.22	2
34:9	PHP.3.5	2
34:10	JER.26.10	3
34:10	JER.26.16	3
34:10	ISA.29.13	2
34:10	JER.3.10-JER.3.11	2
34:10	JER.36.12	2
34:10	JER.36.24-JER.36.25	2
34:10	JER.38.4	2
34:10	MRK.6.20	2
34:11	2PE.2.20-2PE.2.22	4
34:11	PRO.26.11	3
34:11	ECC.8.11	3
34:11	MAT.12.43-MAT.12.45	3
34:11	EXO.8.8	2
34:11	EXO.8.15	2
34:11	EXO.9.28	2
34:11	EXO.9.34-EXO.9.35	2
34:11	EXO.10.17-EXO.10.20	2
34:11	EXO.14.3-EXO.14.9	2
34:11	1SA.19.6-1SA.19.11	2
34:11	1SA.24.19	2
34:11	1SA.26.21	2
34:11	PSA.36.3	2
34:11	PSA.78.34-PSA.78.36	2
34:11	PSA.125.5	2
34:11	JER.34.21	2
34:11	JER.37.5	2
34:11	HOS.6.4	2
34:11	HOS.7.16	2
34:11	ZEP.1.6	2
34:11	ROM.2.4-ROM.2.5	2
34:13	JOS.24.17	4
34:13	JDG.6.8	4
34:13	EXO.24.3	3
34:13	EXO.24.7-EXO.24.8	3
34:13	DEU.5.2-DEU.5.3	3
34:13	DEU.5.27	3
34:13	JER.31.32	3
34:13	EXO.13.3	2
34:13	EXO.13.14	2
34:13	EXO.20.2	2
34:13	DEU.5.6	2
34:13	DEU.6.12	2
34:13	DEU.7.8	2
34:13	DEU.8.14	2
34:13	DEU.13.10	2
34:13	DEU.15.15	2
34:13	DEU.16.12	2
34:13	DEU.24.18	2
34:13	DEU.29.1	2
34:13	JER.7.22	2
34:13	JER.11.4	2
34:13	JER.11.7	2
34:13	HEB.8.10-HEB.8.11	2
34:14	DEU.15.12	7
34:14	1SA.8.7-1SA.8.8	3
34:14	1KI.9.22	3
34:14	2KI.17.13-2KI.17.14	3
34:14	EXO.21.1-EXO.21.4	2
34:14	EXO.23.10-EXO.23.11	2
34:14	1KI.21.25	2
34:14	2CH.28.10	2
34:14	2CH.36.16	2
34:14	NEH.9.30	2
34:14	ISA.50.1	2
34:14	ISA.58.6	2
34:14	JER.7.25-JER.7.26	2
34:14	JER.11.8-JER.11.10	2
34:14	JER.32.30	2
34:14	JER.34.8-JER.34.9	2
34:14	EZK.20.4	2
34:14	EZK.20.8	2
34:14	AMO.2.6	2
34:14	AMO.8.6	2
34:14	ZEC.7.11-ZEC.7.12	2
34:14	ROM.7.14-ROM.7.17	2
34:14	ROM.7.24	2
34:15	JER.34.8	6
34:15	2KI.23.3	4
34:15	NEH.10.29	3
34:15	JER.7.10-JER.7.11	3
34:15	1KI.21.27-1KI.21.29	2
34:15	2KI.10.30-2KI.10.31	2
34:15	2KI.12.2	2
34:15	2KI.14.3	2
34:15	PSA.76.11	2
34:15	PSA.119.106	2
34:15	ISA.58.2	2
34:15	JER.32.34	2
34:15	JER.34.10-JER.34.11	2
34:15	MAT.15.8	2
34:16	LEV.19.12	5
34:16	EXO.20.7	4
34:16	JER.34.11	4
34:16	EZK.3.20	4
34:16	EZK.18.24	4
34:16	1SA.15.11	3
34:16	EZK.17.16-EZK.17.19	2
34:16	EZK.20.39	2
34:16	EZK.33.12-EZK.33.13	2
34:16	EZK.39.7	2
34:16	MAL.1.7	2
34:16	MAL.1.12	2
34:16	MAT.18.28-MAT.18.34	2
34:16	LUK.8.13-LUK.8.15	2
34:17	MAT.7.2	6
34:17	DEU.28.25	4
34:17	JER.29.18	4
34:17	GAL.6.7	4
34:17	LEV.26.34-LEV.26.35	3
34:17	DEU.28.64	3
34:17	EST.7.10	3
34:17	JER.15.4	3
34:17	DAN.6.24	3
34:17	JAS.2.13	3
34:17	DEU.19.19	2
34:17	JDG.1.6-JDG.1.7	2
34:17	JER.15.2	2
34:17	JER.21.7	2
34:17	JER.24.9-JER.24.10	2
34:17	JER.32.24	2
34:17	JER.32.36	2
34:17	JER.47.6-JER.47.7	2
34:17	LAM.1.8	2
34:17	EZK.14.17-EZK.14.21	2
34:17	LUK.6.37-LUK.6.38	2
34:17	REV.16.6	2
34:18	GEN.15.10	8
34:18	HOS.6.7	4
34:18	GEN.15.17-GEN.15.18	3
34:18	DEU.17.2	3
34:18	JOS.23.16	3
34:18	PSA.50.1	3
34:18	HOS.8.1	3
34:18	JOS.7.11	1
34:19	JER.34.10	3
34:19	ZEP.3.3-ZEP.3.4	3
34:19	2KI.24.12	2
34:19	2KI.24.15	2
34:19	JER.29.2	2
34:19	JER.38.7	2
34:19	EZK.22.27-EZK.22.31	2
34:19	DAN.9.6	2
34:19	DAN.9.12	2
34:19	MIC.7.1-MIC.7.5	2
34:19	DAN.9.8	1
34:20	JER.7.33	8
34:20	JER.16.4	5
34:20	JER.19.7	5
34:20	1KI.16.4	4
34:20	JER.11.21	4
34:20	REV.19.17-REV.19.21	4
34:20	1SA.17.44	3
34:20	1SA.17.46	3
34:20	1KI.14.11	3
34:20	JER.21.7	3
34:20	JER.22.25	3
34:20	DEU.28.26	2
34:20	1KI.21.23-1KI.21.24	2
34:20	2KI.9.34-2KI.9.37	2
34:20	JER.4.30	2
34:20	JER.38.16	2
34:20	JER.44.30	2
34:20	JER.49.37	2
34:20	EZK.29.5	2
34:20	EZK.32.4	2
34:20	EZK.39.17-EZK.39.20	2
34:21	JER.39.6	4
34:21	JER.52.24-JER.52.27	4
34:21	2KI.25.18-2KI.25.21	3
34:21	JER.37.5-JER.37.11	3
34:21	JER.52.10	3
34:21	EZK.17.16	3
34:21	JER.32.4	2
34:21	JER.34.3-JER.34.5	2
34:21	LAM.4.20	2
34:22	JER.9.11	5
34:22	JER.39.1-JER.39.2	4
34:22	JER.39.8	4
34:22	JER.33.10	3
34:22	JER.44.22	3
34:22	JER.52.7	3
34:22	JER.52.13	3
34:22	2SA.16.11	2
34:22	2KI.24.2-2KI.24.3	2
34:22	2CH.36.17	2
34:22	ISA.6.11	2
34:22	ISA.10.5-ISA.10.7	2
34:22	ISA.13.3	2
34:22	ISA.24.12	2
34:22	ISA.37.26	2
34:22	ISA.45.1-ISA.45.3	2
34:22	ISA.64.10	2
34:22	JER.4.7	2
34:22	JER.21.4-JER.21.10	2
34:22	JER.32.29	2
34:22	JER.37.8-JER.37.10	2
34:22	JER.38.23	2
34:22	JER.44.2-JER.44.6	2
34:22	LAM.1.1	2
34:22	EZK.33.27-EZK.33.28	2
34:22	AMO.3.6	2
34:22	MIC.7.13	2
34:22	ZEC.1.12	2
34:22	ZEC.7.14	2
34:22	MAT.22.7	2
35:1	2KI.23.35	3
35:1	JER.1.3	3
35:1	JER.25.1	3
35:1	2KI.24.1-2KI.24.6	2
35:1	2CH.36.5-2CH.36.8	2
35:1	JER.22.13-JER.22.19	2
35:1	JER.26.1	2
35:1	JER.36.1	2
35:1	JER.36.9	2
35:1	JER.36.29	2
35:1	JER.46.2	2
35:1	DAN.1.1	2
35:2	1CH.2.55	5
35:2	1CH.9.26	4
35:2	1KI.6.5-1KI.6.6	3
35:2	1KI.6.10	2
35:2	2KI.10.15-2KI.10.16	2
35:2	1CH.9.33	2
35:2	1CH.23.28	2
35:2	2CH.3.9	2
35:2	2CH.31.11	2
35:2	EZR.8.29	2
35:2	NEH.13.5	2
35:2	NEH.13.8-NEH.13.9	2
35:2	JER.35.4	2
35:2	JER.35.8	2
35:2	EZK.40.7-EZK.40.13	2
35:2	EZK.40.16	2
35:2	EZK.41.5-EZK.41.11	2
35:2	EZK.42.4-EZK.42.13	2
35:4	DEU.33.1	5
35:4	2KI.12.9	4
35:4	2CH.8.14	4
35:4	JOS.14.6	3
35:4	1KI.12.22	3
35:4	2KI.1.9	3
35:4	2KI.1.11-2KI.1.13	3
35:4	2KI.25.18	3
35:4	1CH.9.18-1CH.9.19	3
35:4	1SA.2.27	2
35:4	1SA.9.6-1SA.9.8	2
35:4	1KI.13.1	2
35:4	1KI.13.26	2
35:4	1KI.17.18	2
35:4	1KI.17.24	2
35:4	1KI.20.28	2
35:4	2KI.5.14	2
35:4	2KI.5.20	2
35:4	2KI.6.10	2
35:4	2KI.7.2	2
35:4	2KI.7.17	2
35:4	2KI.8.2-2KI.8.8	2
35:4	2KI.23.16-2KI.23.17	2
35:4	1CH.9.27	2
35:4	2CH.25.7-2CH.25.9	2
35:4	PSA.84.10	2
35:4	JER.26.10	2
35:4	JER.36.10-JER.36.12	2
35:4	JER.52.24	2
35:4	EZK.43.8	2
35:4	1TI.6.11	2
35:4	2TI.3.17	2
35:5	ECC.9.7	3
35:5	AMO.2.12	3
35:5	JER.35.2	2
35:5	2CO.2.9	2
35:6	2KI.10.15	5
35:6	1CH.2.55	5
35:6	LUK.1.15	5
35:6	LEV.10.9	4
35:6	JDG.13.7	4
35:6	JDG.13.14	4
35:6	GEN.25.27	3
35:6	GEN.36.7	3
35:6	EXO.20.12	3
35:6	LEV.23.42-LEV.23.43	3
35:6	NUM.6.2-NUM.6.5	3
35:6	2KI.10.23	3
35:6	1CH.16.19	3
35:6	NEH.8.14-NEH.8.16	3
35:6	PSA.105.12	3
35:6	JER.35.10	3
35:6	1CO.7.26-1CO.7.31	3
35:6	EPH.6.2-EPH.6.3	3
35:6	1PE.2.11	3
35:6	HEB.11.9-HEB.11.13	2
35:7	JER.35.10	3
35:7	GEN.25.27	2
35:7	EXO.20.12	2
35:7	LEV.23.42-LEV.23.43	2
35:7	NEH.8.14-NEH.8.16	2
35:7	EPH.6.2-EPH.6.3	2
35:7	EPH.5.18	1
35:7	HEB.11.9-HEB.11.13	1
35:7	1PE.2.11	1
35:8	COL.3.20	4
35:8	PRO.1.8-PRO.1.9	3
35:8	PRO.4.1-PRO.4.2	3
35:8	PRO.4.10	3
35:8	PRO.6.20	3
35:8	PRO.13.1	2
35:9	1TI.6.6	4
35:9	PSA.37.16	3
35:9	JER.35.7	3
35:9	NUM.16.14	2
35:9	2KI.5.26	2
35:11	JER.8.14	4
35:11	2KI.24.1-2KI.24.2	3
35:11	JER.4.5-JER.4.7	3
35:11	DAN.1.1-DAN.1.2	3
35:11	MRK.13.14	2
35:11	LUK.21.20-LUK.21.21	2
35:13	JER.32.33	5
35:13	JER.5.3	4
35:13	ISA.28.9-ISA.28.12	3
35:13	JER.6.8-JER.6.10	3
35:13	PSA.32.8-PSA.32.9	2
35:13	PRO.8.10	2
35:13	PRO.19.20	2
35:13	ISA.42.23	2
35:13	JER.9.12	2
35:13	HEB.12.25	2
35:14	JER.25.3-JER.25.4	6
35:14	PRO.1.20-PRO.1.33	5
35:14	ISA.30.9	5
35:14	ISA.50.2	5
35:14	JER.7.13	5
35:14	JER.7.24-JER.7.26	5
35:14	JER.11.7	5
35:14	2CH.36.15-2CH.36.16	4
35:14	NEH.9.26	4
35:14	NEH.9.30	4
35:14	JER.29.19	4
35:14	JER.32.33	4
35:14	JER.26.5	3
35:15	JER.18.11	7
35:15	JER.25.5-JER.25.6	5
35:15	EZK.18.30-EZK.18.32	5
35:15	JER.7.3-JER.7.7	4
35:15	JER.17.20-JER.17.25	4
35:15	HOS.14.1-HOS.14.4	4
35:15	ISA.1.16-ISA.1.19	3
35:15	JER.7.25-JER.7.26	3
35:15	JER.22.4	3
35:15	ZEC.1.3-ZEC.1.4	3
35:15	LUK.13.34-LUK.13.35	3
35:15	ACT.26.20	3
35:15	DEU.30.20	2
35:15	JER.3.14	2
35:15	JER.4.1	2
35:15	JER.4.14	2
35:15	JER.26.13	2
35:15	JER.34.14	2
35:15	JER.44.4-JER.44.5	2
35:15	LUK.10.16	2
35:15	1TH.4.8	2
35:16	JER.35.14	4
35:16	MAL.1.6	4
35:16	ISA.1.3	2
35:16	MAT.11.28-MAT.11.30	2
35:16	LUK.15.11-LUK.15.13	2
35:16	LUK.15.28-LUK.15.30	2
35:17	ISA.66.4	7
35:17	ISA.65.12	5
35:17	JER.7.13	5
35:17	ROM.10.21	5
35:17	PRO.16.2	4
35:17	LUK.13.34-LUK.13.35	4
35:17	JOS.23.15-JOS.23.16	3
35:17	PRO.1.24-PRO.1.31	3
35:17	PRO.13.13	3
35:17	ISA.50.2	3
35:17	JER.7.26-JER.7.27	3
35:17	JER.11.8	3
35:17	JER.21.4-JER.21.10	3
35:17	JER.26.5	3
35:17	JER.32.33	3
35:17	MIC.3.12	3
35:17	GEN.6.17	2
35:17	LEV.26.14-LEV.26.46	2
35:17	DEU.28.15-DEU.28.68	2
35:17	DEU.29.19-DEU.29.28	2
35:17	DEU.31.20-DEU.31.21	2
35:17	DEU.32.16-DEU.32.42	2
35:17	JER.15.3-JER.15.4	2
35:17	JER.19.7-JER.19.13	2
35:18	EXO.20.12	5
35:18	DEU.5.16	5
35:18	EPH.6.1-EPH.6.3	4
35:19	JER.15.19	6
35:19	LUK.21.36	5
35:19	PSA.5.5	4
35:19	JER.33.17-JER.33.18	4
35:19	JUD.1.24	4
35:19	1CH.2.55	3
36:1	JER.25.1	5
36:1	2KI.24.1-2KI.24.2	2
36:1	2CH.36.5	2
36:1	JER.35.1	2
36:1	JER.45.1	2
36:2	JER.30.2	8
36:2	EXO.17.14	5
36:2	JER.1.10	5
36:2	JER.25.3	5
36:2	JER.36.6	5
36:2	PSA.40.7	4
36:2	JER.25.9-JER.25.29	4
36:2	JER.36.23	4
36:2	JER.51.60	4
36:2	EZK.2.9	4
36:2	DEU.31.24	3
36:2	EZR.6.2	3
36:2	ISA.8.1	3
36:2	HOS.8.12	3
36:2	ZEC.5.1-ZEC.5.4	3
36:2	REV.5.1-REV.5.9	3
36:2	2KI.17.18-2KI.17.20	2
36:2	JOB.31.35	2
36:2	ISA.30.8-ISA.30.9	2
36:2	JER.1.2-JER.1.3	2
36:2	JER.1.5	2
36:2	JER.2.4	2
36:2	JER.3.3-JER.3.10	2
36:2	JER.23.13-JER.23.14	2
36:2	JER.32.30-JER.32.35	2
36:2	JER.36.29	2
36:2	JER.45.1	2
36:2	JER.47.1-JER.47.7	2
36:2	EZK.3.1-EZK.3.3	2
36:2	HAB.2.2-HAB.2.3	2
36:3	JER.18.8	9
36:3	ACT.3.19	6
36:3	DEU.30.2	5
36:3	JER.26.3	5
36:3	JER.36.7	4
36:3	EZK.12.3	4
36:3	DEU.30.8	3
36:3	1SA.7.3	3
36:3	JER.18.11	3
36:3	JER.24.7	3
36:3	JER.35.15	3
36:3	EZK.18.27-EZK.18.28	3
36:3	MRK.4.12	3
36:3	ACT.26.18	3
36:3	2PE.3.9	3
36:3	DEU.5.29	2
36:3	1KI.8.48-1KI.8.50	2
36:3	2CH.6.38-2CH.6.39	2
36:3	NEH.1.9	2
36:3	ISA.6.10	2
36:3	ISA.55.6-ISA.55.7	2
36:3	JER.23.14	2
36:3	EZK.18.23	2
36:3	EZK.33.7-EZK.33.9	2
36:3	EZK.33.14-EZK.33.16	2
36:3	JON.3.8-JON.3.10	2
36:3	ZEP.2.3	2
36:3	MAT.3.7-MAT.3.9	2
36:3	MAT.13.15	2
36:3	LUK.3.7-LUK.3.9	2
36:3	LUK.20.13	2
36:3	ACT.26.20	2
36:3	ACT.28.27	2
36:3	2TI.2.25-2TI.2.26	2
36:4	JER.32.12	5
36:4	JER.36.32	4
36:4	EZK.2.9	4
36:4	JER.43.3	3
36:4	ISA.8.1	2
36:4	JER.36.17-JER.36.18	2
36:4	JER.36.21	2
36:4	JER.36.23	2
36:4	JER.36.26	2
36:4	JER.36.28	2
36:4	JER.45.1-JER.45.2	2
36:4	ZEC.5.1	2
36:4	ROM.16.22	2
36:5	JER.32.2	4
36:5	JER.33.1	4
36:5	2CO.11.23	3
36:5	JER.20.2	2
36:5	JER.37.15	2
36:5	JER.38.6	2
36:5	JER.38.28	2
36:5	JER.40.4	2
36:5	EPH.3.1	2
36:5	EPH.6.20	2
36:5	2TI.2.9	2
36:5	HEB.11.36	2
36:6	JER.36.8-JER.36.9	4
36:6	LEV.16.29-LEV.16.31	3
36:6	JER.7.2	3
36:6	JER.22.2	3
36:6	JER.26.2	3
36:6	LEV.23.27-LEV.23.32	2
36:6	EZK.2.3-EZK.2.7	2
36:6	JER.18.11	1
36:6	JER.19.14	1
36:6	ACT.27.9	1
36:7	JER.36.3	5
36:7	2KI.22.13	3
36:7	2KI.22.17	3
36:7	2CH.33.12-2CH.33.13	3
36:7	JER.4.4	3
36:7	JER.21.5	3
36:7	LAM.4.11	3
36:7	HOS.5.15-HOS.6.1	3
36:7	DEU.28.15-DEU.28.68	2
36:7	DEU.29.18-DEU.29.28	2
36:7	DEU.31.17	2
36:7	1KI.8.33-1KI.8.36	2
36:7	2CH.34.21	2
36:7	JER.1.3	2
36:7	JER.16.10	2
36:7	JER.19.15	2
36:7	JER.25.5	2
36:7	JER.26.3	2
36:7	EZK.5.13	2
36:7	EZK.8.18	2
36:7	EZK.13.13	2
36:7	EZK.20.33	2
36:7	EZK.22.20	2
36:7	EZK.24.8-EZK.24.13	2
36:7	DAN.9.13	2
36:7	HOS.14.1-HOS.14.3	2
36:7	JON.3.8	2
36:7	ZEC.1.4	2
36:8	JER.1.17	3
36:8	NEH.8.3	2
36:8	JER.36.4	2
36:8	MAT.16.24	2
36:8	LUK.4.16-LUK.4.30	2
36:8	1CO.16.10	2
36:8	PHP.2.19-PHP.2.22	2
36:9	2CH.20.3	5
36:9	EST.4.16	3
36:9	JER.36.22	3
36:9	JON.3.5	3
36:9	LEV.23.27	2
36:9	NEH.9.1	2
36:9	ISA.58.1-ISA.58.3	2
36:9	JER.36.1	2
36:9	JOL.1.13	2
36:9	JOL.2.12-JOL.2.17	2
36:9	ZEC.7.5-ZEC.7.6	2
36:9	ZEC.8.19	2
36:10	JER.36.11	5
36:10	JER.26.10	4
36:10	JER.52.25	4
36:10	2SA.8.17	3
36:10	JER.36.25	3
36:10	2SA.20.25	2
36:10	2KI.15.35	2
36:10	2KI.18.37	2
36:10	JER.26.24	2
36:10	JER.29.3	2
36:10	JER.35.4	2
36:10	JER.36.6	2
36:10	JER.36.8	2
36:11	2KI.22.12-2KI.22.14	2
36:11	2KI.25.22	2
36:11	2CH.34.20	2
36:11	JER.36.10	2
36:12	JER.26.22	5
36:12	2KI.22.12	4
36:12	JER.36.25	4
36:12	JER.41.1	3
36:12	2KI.22.3	2
36:12	2KI.22.14	2
36:12	2KI.24.8	2
36:12	JER.28.1-JER.28.17	2
36:12	JER.36.10-JER.36.11	2
36:12	JER.36.20-JER.36.21	2
36:13	2KI.22.10	3
36:13	2KI.22.19	2
36:13	2CH.34.16-2CH.34.18	2
36:13	2CH.34.24	2
36:13	JON.3.6	2
36:14	JER.36.2	3
36:14	2KI.25.23	2
36:14	JER.36.21	2
36:14	JER.40.8	2
36:14	JER.41.1-JER.41.2	2
36:14	JER.41.16	2
36:14	JER.41.18	2
36:14	EZK.2.6-EZK.2.7	2
36:14	ZEP.1.1	2
36:14	MAT.10.16	2
36:14	MAT.10.28	2
36:16	JER.13.18	3
36:16	JER.36.24	3
36:16	AMO.7.10-AMO.7.11	3
36:16	JER.38.1-JER.38.4	2
36:16	ACT.24.25-ACT.24.26	2
36:17	JHN.9.15	3
36:17	JHN.9.10-JHN.9.11	2
36:17	JHN.9.26-JHN.9.27	2
36:18	JER.36.4	5
36:18	JER.36.2	3
36:18	PRO.26.4-PRO.26.5	2
36:18	JER.43.2-JER.43.3	2
36:19	1KI.17.3	4
36:19	1KI.18.4	3
36:19	1KI.18.10	3
36:19	JER.26.20-JER.26.24	3
36:19	JER.36.26	3
36:19	2CH.25.15	2
36:19	PRO.28.12	2
36:19	AMO.7.12	2
36:19	LUK.13.31	2
36:19	ACT.5.40	2
36:19	ACT.23.16-ACT.23.22	2
36:20	JER.36.12	5
36:20	JER.36.21	2
36:21	2KI.22.10	5
36:21	2CH.34.18	3
36:21	EZK.2.4-EZK.2.5	3
36:21	JER.23.28	2
36:21	JER.26.2	2
36:21	JER.36.15	2
36:22	AMO.3.15	6
36:22	JER.3.20	2
36:22	JER.22.14-JER.22.16	2
36:22	JER.36.9	2
36:23	1KI.22.8	4
36:23	1KI.22.27	3
36:23	PRO.1.30	3
36:23	PRO.13.13	3
36:23	PRO.19.21	3
36:23	PRO.21.30	3
36:23	ISA.5.18-ISA.5.19	3
36:23	ISA.28.14-ISA.28.15	3
36:23	DEU.29.19-DEU.29.21	2
36:23	PSA.50.17	2
36:23	PRO.5.12	2
36:23	PRO.29.1	2
36:23	ISA.28.17-ISA.28.22	2
36:23	JER.36.29-JER.36.31	2
36:23	REV.22.19	2
36:24	JER.36.16	5
36:24	PSA.36.1	4
36:24	1KI.21.27	3
36:24	2KI.19.1-2KI.19.2	3
36:24	PSA.64.5	3
36:24	ISA.36.22-ISA.37.1	3
36:24	JON.3.6	3
36:24	GEN.37.29	2
36:24	2KI.22.11-2KI.22.19	2
36:24	2CH.34.19-2CH.34.31	2
36:24	JOB.15.4	2
36:24	ISA.26.11	2
36:24	JER.5.3	2
36:24	MAT.12.41	2
36:24	ROM.3.18	2
36:25	GEN.37.22	3
36:25	JER.36.12	3
36:25	ACT.5.34-ACT.5.39	3
36:25	GEN.37.26-GEN.37.28	2
36:25	PRO.21.29	2
36:25	JER.13.15-JER.13.17	2
36:25	JER.26.22	2
36:25	MAT.27.4	2
36:25	MAT.27.24-MAT.27.25	2
36:26	1KI.17.3	5
36:26	1KI.19.1-1KI.19.3	5
36:26	1KI.19.10	5
36:26	1KI.19.14	5
36:26	PSA.91.1	5
36:26	PSA.27.5	4
36:26	PSA.64.2	4
36:26	ISA.26.20	4
36:26	ACT.12.11	4
36:26	1KI.18.4	3
36:26	PSA.32.7	3
36:26	PSA.57.1	3
36:26	JER.15.20-JER.15.21	3
36:26	JER.36.5	3
36:26	JER.36.19	3
36:26	JHN.8.20	3
36:26	1KI.17.9	2
36:26	1KI.18.10-1KI.18.12	2
36:26	JER.1.19	2
36:26	JER.2.30	2
36:26	JER.26.21-JER.26.23	2
36:26	MAT.23.34-MAT.23.37	2
36:26	MAT.26.47-MAT.26.50	2
36:26	JHN.7.32	2
36:26	JHN.8.59	2
36:26	JHN.11.57	2
36:26	2KI.6.18-2KI.6.20	1
36:26	PSA.121.8	1
36:27	JER.36.4	2
36:28	ZEC.1.5-ZEC.1.6	3
36:28	JOB.23.13	2
36:28	JER.28.13-JER.28.14	2
36:28	JER.44.28	2
36:28	MAT.24.35	2
36:28	2TI.2.13	2
36:29	ISA.30.10	4
36:29	JER.26.9	4
36:29	DEU.29.19	3
36:29	JOB.15.24	3
36:29	ISA.29.21	3
36:29	ISA.45.9	3
36:29	JER.32.3	3
36:29	JOB.40.8	2
36:29	JER.21.4-JER.21.7	2
36:29	JER.21.10	2
36:29	JER.28.8	2
36:29	JER.32.28-JER.32.30	2
36:29	JER.34.21-JER.34.22	2
36:29	ACT.5.28	2
36:29	ACT.5.39	2
36:29	1CO.10.22	2
36:30	JER.22.30	4
36:30	2KI.24.12-2KI.24.15	3
36:30	GEN.31.40	2
36:30	JER.22.18-JER.22.19	1
36:31	PRO.29.1	4
36:31	LEV.26.14	3
36:31	JER.19.15	3
36:31	JER.23.34	3
36:31	JER.35.17	3
36:31	DEU.28.15-DEU.28.68	2
36:31	JER.11.8	2
36:31	JER.17.18	2
36:31	JER.29.17-JER.29.19	2
36:31	JER.44.4-JER.44.14	2
36:31	MAT.23.37	2
36:32	JER.36.4	6
36:32	JER.36.18	5
36:32	EXO.4.15-EXO.4.16	3
36:32	EXO.34.1	2
36:32	LEV.26.18	2
36:32	LEV.26.21	2
36:32	LEV.26.24	2
36:32	LEV.26.28	2
36:32	JER.36.23	2
36:32	DAN.3.19	2
36:32	ROM.16.22	2
36:32	REV.22.18	2
37:1	JER.22.24	6
37:1	2KI.24.17	5
37:1	2KI.24.12	4
37:1	1CH.3.15-1CH.3.16	3
37:1	2CH.36.9-2CH.36.10	3
37:1	JER.22.28	3
37:1	JER.24.1	3
37:1	JER.52.31	3
37:1	EZK.17.12-EZK.17.21	3
37:2	2KI.24.19-2KI.24.20	3
37:2	2CH.36.12-2CH.36.16	3
37:2	PRO.29.12	3
37:2	1TH.4.8	3
37:2	EXO.4.13	2
37:2	LEV.8.36	2
37:2	2SA.10.2	2
37:2	2SA.12.25	2
37:2	1KI.14.18	2
37:2	1KI.16.7	2
37:2	PRO.26.6	2
37:2	EZK.21.25	2
37:2	HOS.12.10	2
37:3	JER.21.1-JER.21.2	9
37:3	1KI.13.6	4
37:3	JER.2.27	4
37:3	JER.29.25	4
37:3	JER.42.2-JER.42.4	4
37:3	JER.42.20	4
37:3	JER.52.24	4
37:3	EXO.8.8	3
37:3	EXO.8.28	3
37:3	EXO.9.28	3
37:3	EXO.10.17	3
37:3	NUM.21.7	3
37:3	1SA.12.19	3
37:3	JER.29.21	3
37:3	JER.38.1	3
37:3	ACT.8.24	3
37:4	JER.37.15	4
37:4	JER.32.2-JER.32.3	3
37:5	EZK.17.15	5
37:5	2KI.24.7	4
37:5	JER.34.21	4
37:5	JER.37.11	4
37:5	JER.37.7	3
37:7	LAM.4.17	5
37:7	2KI.22.18	4
37:7	ISA.31.1-ISA.31.3	4
37:7	JER.21.2	4
37:7	JER.37.3	4
37:7	EZK.17.17	4
37:7	PRO.21.30	2
37:7	ISA.30.1-ISA.30.6	2
37:7	JER.2.36	2
37:7	JER.17.5-JER.17.6	2
37:7	EZK.29.6-EZK.29.7	2
37:7	EZK.29.16	2
37:8	JER.38.23	3
37:8	JER.39.2-JER.39.8	3
37:8	JER.32.29	2
37:8	JER.34.21-JER.34.22	2
37:9	OBA.1.3	4
37:9	JER.29.8	3
37:9	MAT.24.4-MAT.24.5	3
37:9	GAL.6.3	3
37:9	GAL.6.7	3
37:9	2TH.2.3	3
37:9	JAS.1.22	3
37:9	EPH.5.6	2
37:10	LEV.26.36-LEV.26.38	3
37:10	ISA.30.17	3
37:10	JER.50.45	3
37:10	JOL.2.11	3
37:10	ISA.10.4	2
37:10	ISA.13.15	2
37:10	ISA.14.19	2
37:10	JER.21.4-JER.21.7	2
37:10	JER.37.8	2
37:10	JER.49.20	2
37:10	JER.51.4	2
37:11	JER.37.5	2
37:12	JER.1.1	3
37:12	JOS.21.17-JOS.21.18	2
37:12	1KI.19.3	2
37:12	1KI.19.9	2
37:12	1CH.6.60	2
37:12	NEH.6.11	2
37:12	JER.32.8-JER.32.9	2
37:12	MAT.10.23	2
37:12	1TH.5.22	1
37:13	JER.38.7	4
37:13	ZEC.14.10	4
37:13	JER.18.18	3
37:13	JER.20.10	3
37:13	JER.21.9	3
37:13	JER.38.1	3
37:13	LUK.23.2	3
37:13	ACT.6.11	3
37:13	ACT.24.5-ACT.24.9	3
37:13	ACT.24.13	3
37:13	JER.27.6	2
37:13	JER.27.12-JER.27.13	2
37:13	JER.28.14	2
37:13	JER.36.12	2
37:13	JER.38.4	2
37:13	JER.38.10-JER.38.17	2
37:13	AMO.7.10	2
37:13	2CO.6.8	2
37:14	PSA.27.12	3
37:14	PSA.52.1-PSA.52.2	3
37:14	JER.40.4-JER.40.6	3
37:14	MAT.5.11-MAT.5.12	3
37:14	NEH.6.8	2
37:14	PSA.35.11	2
37:14	LUK.6.22-LUK.6.23	2
37:14	LUK.6.26	2
37:14	1PE.3.16	2
37:14	1PE.4.14-1PE.4.16	2
37:15	JER.38.26	4
37:15	GEN.39.20	3
37:15	2CH.16.10	3
37:15	2CH.18.26	3
37:15	JER.20.1-JER.20.3	3
37:15	JER.26.16	3
37:15	MAT.21.35	3
37:15	ACT.5.18	3
37:15	JER.37.20	2
37:15	JER.38.6	2
37:15	MAT.23.34	2
37:15	MAT.26.67-MAT.26.68	2
37:15	LUK.20.10-LUK.20.11	2
37:15	LUK.22.64	2
37:15	JHN.18.22	2
37:15	ACT.5.28	2
37:15	ACT.5.40	2
37:15	ACT.12.4-ACT.12.6	2
37:15	ACT.16.22-ACT.16.24	2
37:15	ACT.23.2-ACT.23.3	2
37:15	2CO.11.23-2CO.11.27	2
37:15	HEB.11.36-HEB.11.38	2
37:15	REV.2.10	2
37:16	JER.38.6	4
37:16	JER.38.10-JER.38.13	3
37:16	GEN.40.15	2
37:16	LAM.3.53	2
37:16	LAM.3.55	2
37:17	JER.21.7	5
37:17	1KI.14.1-1KI.14.4	3
37:17	1KI.22.16	3
37:17	JER.21.1-JER.21.2	3
37:17	JER.24.8	3
37:17	JER.37.3	3
37:17	JER.38.5	3
37:17	JER.38.14-JER.38.16	3
37:17	JER.38.24-JER.38.27	3
37:17	EZK.12.12-EZK.12.13	3
37:17	2KI.3.11-2KI.3.13	2
37:17	JER.15.11	2
37:17	JER.29.16-JER.29.18	2
37:17	JER.32.3-JER.32.5	2
37:17	JER.34.21-JER.34.22	2
37:17	JER.39.6-JER.39.7	2
37:17	EZK.17.19-EZK.17.21	2
37:17	EZK.21.25-EZK.21.27	2
37:17	MRK.6.20	2
37:18	JHN.10.32	4
37:18	ACT.25.8	4
37:18	DAN.6.22	3
37:18	ACT.25.11	3
37:18	ACT.25.25	3
37:18	GEN.31.36	2
37:18	1SA.24.9-1SA.24.15	2
37:18	1SA.26.18-1SA.26.21	2
37:18	PRO.17.13	2
37:18	PRO.17.26	2
37:18	JER.26.19	2
37:18	ACT.23.1	2
37:18	ACT.24.16	2
37:18	ACT.26.31	2
37:18	GAL.4.16	2
37:19	JER.2.28	4
37:19	JER.28.10-JER.28.17	4
37:19	2KI.3.13	3
37:19	JER.6.14	3
37:19	JER.8.11	3
37:19	JER.14.13-JER.14.15	3
37:19	JER.23.17	3
37:19	JER.27.14-JER.27.18	3
37:19	JER.28.1-JER.28.5	3
37:19	JER.29.31	3
37:19	DEU.32.36-DEU.32.37	2
37:19	LAM.2.14	2
37:19	EZK.13.10-EZK.13.16	2
37:20	JER.36.7	3
37:20	JER.26.15	2
37:20	JER.38.6-JER.38.9	2
37:20	JER.38.26	2
37:20	ACT.23.16-ACT.23.22	2
37:20	ACT.25.10-ACT.25.11	2
37:20	ACT.28.18-ACT.28.19	2
37:21	JER.38.13	6
37:21	JER.38.28	6
37:21	JER.32.2	5
37:21	JER.38.9	5
37:21	JER.52.6	5
37:21	2KI.25.3	4
37:21	ISA.33.16	4
37:21	JOB.5.20	3
37:21	PSA.33.18-PSA.33.19	3
37:21	DEU.28.52-DEU.28.57	2
37:21	1KI.17.4-1KI.17.6	2
37:21	PSA.34.9-PSA.34.10	2
37:21	PSA.37.3	2
37:21	PSA.37.19	2
37:21	PRO.16.7	2
37:21	PRO.21.1	2
37:21	JER.32.8	2
37:21	JER.39.14-JER.39.15	2
37:21	LAM.2.11-LAM.2.12	2
37:21	LAM.2.19-LAM.2.20	2
37:21	LAM.4.4-LAM.4.5	2
37:21	LAM.4.9-LAM.4.10	2
37:21	LAM.5.10	2
37:21	MAT.6.33	2
37:21	ACT.12.5	2
37:21	ACT.24.27	2
37:21	ACT.28.16	2
37:21	ACT.28.30	2
37:21	EPH.4.1	2
37:21	EPH.6.20	2
37:21	2TI.1.8	2
37:21	2TI.2.9	2
38:1	1CH.9.12	3
38:1	EZR.2.3	3
38:1	NEH.7.9	3
38:1	NEH.11.12	3
38:1	JER.21.1-JER.21.10	3
38:1	JER.37.3-JER.37.4	3
38:1	ACT.4.1-ACT.4.2	3
38:1	ACT.4.6-ACT.4.10	3
38:1	ACT.5.28	3
38:2	JER.39.18	5
38:2	JER.34.17	4
38:2	JER.45.5	4
38:2	JER.42.17	3
38:2	EZK.14.21	3
38:2	JER.21.8-JER.21.9	2
38:2	JER.24.8	2
38:2	JER.27.13	2
38:2	JER.29.18	2
38:2	JER.38.17-JER.38.23	2
38:2	JER.42.22	2
38:2	JER.44.13	2
38:2	EZK.5.12-EZK.5.17	2
38:2	EZK.6.11	2
38:2	EZK.7.15	2
38:2	MAT.24.7-MAT.24.8	2
38:2	REV.6.4-REV.6.8	2
38:3	JER.21.10	5
38:3	JER.32.3-JER.32.5	4
38:4	JER.26.11	5
38:4	ACT.16.20	4
38:4	EXO.5.4	3
38:4	1KI.18.17-1KI.18.18	3
38:4	1KI.21.20	3
38:4	NEH.6.9	3
38:4	JER.29.7	3
38:4	AMO.7.10	3
38:4	2CH.24.21	2
38:4	EZR.4.12	2
38:4	JER.26.21-JER.26.23	2
38:4	JER.36.12-JER.36.16	2
38:4	EZK.22.27	2
38:4	MIC.3.1-MIC.3.3	2
38:4	LUK.23.2	2
38:4	JHN.11.46-JHN.11.50	2
38:4	ACT.17.6	2
38:4	ACT.24.5	2
38:4	ACT.28.22	2
38:4	ZEP.3.1-ZEP.3.3	1
38:5	JHN.19.12-JHN.19.16	4
38:5	2SA.3.39	2
38:5	1SA.15.24	1
38:5	1SA.29.9	1
38:5	2SA.19.22	1
38:5	PRO.29.25	1
38:6	JER.37.21	5
38:6	PSA.69.2	4
38:6	PSA.69.14-PSA.69.15	4
38:6	JER.37.16	4
38:6	JER.38.22	4
38:6	GEN.37.24	3
38:6	PSA.40.2	3
38:6	PSA.109.5	3
38:6	LAM.3.52-LAM.3.55	3
38:6	ZEC.9.11	3
38:6	ACT.16.24	3
38:6	JER.36.26	2
38:6	JER.38.11-JER.38.12	2
38:6	LUK.3.19-LUK.3.20	2
38:6	2CO.4.8-2CO.4.9	2
38:6	HEB.10.36	2
38:7	AMO.5.10	5
38:7	DEU.21.19	4
38:7	JER.29.2	4
38:7	JER.37.13	4
38:7	JER.13.23	3
38:7	JER.39.16-JER.39.18	3
38:7	MAT.8.11-MAT.8.12	3
38:7	MAT.20.16	3
38:7	LUK.10.30-LUK.10.36	3
38:7	LUK.13.29-LUK.13.30	3
38:7	2KI.24.15	2
38:7	JOB.29.7-JOB.29.17	2
38:7	PSA.68.31	2
38:7	JER.34.19	2
38:7	ACT.8.27-ACT.8.39	2
38:9	JER.37.21-JER.38.6	4
38:9	EST.7.4-EST.7.6	2
38:9	JOB.31.34	2
38:9	PRO.24.11-PRO.24.12	2
38:9	PRO.31.8-PRO.31.9	2
38:9	JER.52.6	2
38:10	EST.5.2	2
38:10	EST.8.7	2
38:10	PSA.75.10	2
38:10	PRO.21.1	2
38:12	ROM.12.10	3
38:12	EPH.4.32	3
38:12	ROM.12.15	2
38:13	JER.37.21	4
38:13	ACT.23.35	3
38:13	ACT.28.16	3
38:13	ACT.28.30	3
38:13	1KI.22.27	2
38:13	JER.38.6	2
38:13	JER.38.28	2
38:13	JER.39.14-JER.39.18	2
38:13	ACT.24.23-ACT.24.26	2
38:14	1KI.22.16	4
38:14	JER.21.1-JER.21.2	4
38:14	JER.37.17	4
38:14	1SA.3.17-1SA.3.18	3
38:14	JER.42.2-JER.42.5	3
38:14	JER.42.20	3
38:14	1KI.10.5	2
38:14	2KI.16.18	2
38:14	2CH.18.15	2
38:15	LUK.22.67-LUK.22.68	4
38:16	JER.37.17	6
38:16	JER.38.1-JER.38.6	5
38:16	ISA.57.16	4
38:16	ZEC.12.1	4
38:16	JHN.3.2	4
38:16	NUM.16.22	3
38:16	NUM.27.16	3
38:16	JER.34.20	3
38:16	ECC.12.7	2
38:16	ISA.42.5	2
38:16	HEB.12.9	2
38:17	JER.27.12	7
38:17	JER.27.17	6
38:17	JER.38.2	6
38:17	JER.21.8-JER.21.10	5
38:17	JER.39.3	5
38:17	2KI.24.12	4
38:17	JER.7.6-JER.7.7	4
38:17	1CH.17.24	3
38:17	PSA.80.7	3
38:17	PSA.80.14	3
38:17	AMO.5.27	3
38:17	EZR.9.4	2
38:17	JOB.23.13	2
38:18	2KI.25.4-2KI.25.10	4
38:18	JER.24.8-JER.24.10	4
38:18	JER.32.3-JER.32.5	4
38:18	JER.38.3	4
38:18	2KI.24.12	3
38:18	2KI.25.27-2KI.25.30	3
38:18	JER.34.2-JER.34.3	3
38:18	JER.34.19-JER.34.22	3
38:18	JER.37.8	3
38:18	JER.38.23	3
38:18	JER.39.3	3
38:18	JER.39.5-JER.39.7	3
38:18	JER.52.7-JER.52.11	3
38:18	EZK.12.13	3
38:18	EZK.17.20-EZK.17.21	3
38:18	EZK.21.25-EZK.21.27	2
38:19	JHN.12.42	5
38:19	ISA.51.12-ISA.51.13	4
38:19	ISA.57.11	4
38:19	JER.38.22	4
38:19	JHN.19.12-JHN.19.13	4
38:19	1SA.31.4	3
38:19	JER.39.9	3
38:19	JDG.9.54	2
38:19	JDG.16.25	2
38:19	1SA.15.24	2
38:19	PRO.29.25	2
38:19	ISA.45.9-ISA.45.10	2
38:19	JOB.31.34	1
38:19	JER.38.5	1
38:20	ISA.55.3	5
38:20	JER.26.13	5
38:20	DAN.4.27	5
38:20	2CH.20.20	4
38:20	ACT.26.29	3
38:20	JER.11.4	2
38:20	2CO.5.11	2
38:20	2CO.5.20	2
38:20	2CO.6.1	2
38:20	PHM.1.8-PHM.1.10	2
38:20	JAS.1.22	2
38:21	EZK.2.4-EZK.2.5	3
38:21	EZK.2.7	3
38:21	EXO.10.3-EXO.10.4	2
38:21	EXO.16.28	2
38:21	NUM.23.19-NUM.23.20	2
38:21	NUM.24.13	2
38:21	JOB.23.13	2
38:21	JOB.34.33	2
38:21	PRO.1.24-PRO.1.31	2
38:21	ISA.1.19-ISA.1.20	2
38:21	JER.5.3	2
38:21	JER.15.19-JER.15.21	2
38:21	JER.26.15	2
38:21	EZK.3.17-EZK.3.19	2
38:21	ACT.18.6	2
38:21	ACT.20.26-ACT.20.27	2
38:21	HEB.12.25	2
38:22	JER.43.6	3
38:22	LAM.1.2	3
38:22	LAM.5.11	3
38:22	PSA.41.9	2
38:22	PSA.69.2	2
38:22	PSA.69.14	2
38:22	ISA.42.17	2
38:22	JER.6.12	2
38:22	JER.20.10	2
38:22	JER.38.4-JER.38.6	2
38:22	JER.38.19	2
38:22	JER.41.10	2
38:22	LAM.1.13	2
38:22	MIC.7.5	2
38:22	JER.46.5	1
38:22	JER.46.21	1
38:23	JER.41.10	6
38:23	JER.38.18	5
38:23	JER.39.6	5
38:23	2KI.25.7	3
38:23	2CH.36.20-2CH.36.21	3
38:23	JER.27.12-JER.27.13	3
38:23	JER.52.8-JER.52.13	3
38:23	EZK.14.9	2
38:23	EZK.43.3	2
38:25	JER.38.4-JER.38.6	3
38:25	JER.38.27	3
38:26	JER.37.20	4
38:26	JER.37.15	3
38:26	EST.4.8	2
38:26	JER.42.2	2
38:27	1SA.10.15-1SA.10.16	2
38:27	1SA.16.2-1SA.16.5	2
38:27	2KI.6.19	2
38:27	ACT.23.6	2
38:28	JER.37.21	4
38:28	JER.39.14	4
38:28	PSA.23.4	3
38:28	JER.15.20-JER.15.21	3
38:28	JER.38.13	3
38:28	2TI.3.11	2
38:28	2TI.4.17-2TI.4.18	2
39:1	JER.52.4-JER.52.7	3
39:1	EZK.24.1-EZK.24.2	3
39:1	2KI.25.1-2KI.25.12	2
39:1	ZEC.8.19	2
39:2	2KI.25.3-2KI.25.4	2
39:2	JER.5.10	2
39:2	JER.52.6-JER.52.7	2
39:2	EZK.33.21	2
39:2	MIC.2.12-MIC.2.13	2
39:2	ZEP.1.10	2
39:3	JER.21.4	4
39:3	JER.38.17	4
39:3	JER.1.15	3
39:3	JER.39.13	3
39:3	2KI.17.30	2
39:4	2CH.32.5	3
39:4	AMO.2.14	3
39:4	LEV.26.17	2
39:4	LEV.26.36	2
39:4	DEU.28.25	2
39:4	DEU.32.24-DEU.32.30	2
39:4	2KI.25.4-2KI.25.7	2
39:4	ISA.30.15-ISA.30.16	2
39:4	JER.38.18-JER.38.20	2
39:4	JER.52.7-JER.52.11	2
39:4	EZK.12.12	2
39:5	2KI.23.33	5
39:5	JOS.5.10	4
39:5	JOS.4.13	3
39:5	JER.32.4-JER.32.5	3
39:5	JER.38.18	3
39:5	JER.38.23	3
39:5	JER.52.8-JER.52.9	3
39:5	JER.52.26-JER.52.27	3
39:5	NUM.13.21	2
39:5	JOS.13.5	2
39:5	JDG.3.3	2
39:5	2SA.8.9	2
39:5	2KI.17.24	2
39:5	2KI.25.6	2
39:5	2CH.33.11	2
39:5	JER.4.12	2
39:5	LAM.1.3	2
39:5	LAM.4.20	2
39:5	EZK.17.15-EZK.17.21	2
39:6	JER.52.10	4
39:6	DEU.28.34	3
39:6	2KI.25.7	3
39:6	JER.21.7	3
39:6	JER.24.8-JER.24.10	3
39:6	JER.34.19-JER.34.21	3
39:6	GEN.21.16	2
39:6	GEN.44.34	2
39:6	2KI.22.20	2
39:6	2CH.34.28	2
39:6	EST.8.6	2
39:6	ISA.13.16	2
39:7	EZK.12.13	6
39:7	JDG.16.21	3
39:7	2KI.25.7	3
39:7	JER.32.4-JER.32.5	3
39:7	JER.52.11	3
39:7	PSA.107.10-PSA.107.11	2
39:7	PSA.119.8	2
39:8	NEH.1.3	5
39:8	JER.21.10	4
39:8	JER.38.18	4
39:8	2KI.25.9-2KI.25.10	3
39:8	JER.52.13-JER.52.14	3
39:8	MIC.3.12	3
39:8	2CH.36.19	2
39:8	ISA.5.9	2
39:8	JER.7.20	2
39:8	JER.9.10-JER.9.12	2
39:8	JER.17.27	2
39:8	JER.34.2	2
39:8	JER.34.22	2
39:8	JER.37.10	2
39:8	LAM.1.10	2
39:8	LAM.2.2	2
39:8	LAM.2.7	2
39:8	AMO.2.5	2
39:9	JER.40.1	5
39:9	GEN.37.36	4
39:9	2KI.25.11	3
39:9	2KI.25.20	3
39:9	JER.10.18	3
39:9	JER.52.26	3
39:9	LEV.26.33	2
39:9	DEU.4.27	2
39:9	2KI.20.18	2
39:9	ISA.5.13	2
39:9	JER.16.13	2
39:9	JER.20.4-JER.20.6	2
39:9	JER.39.10-JER.39.14	2
39:9	JER.52.12-JER.52.16	2
39:9	JER.52.28-JER.52.30	2
39:10	2KI.25.12	6
39:10	JER.40.7	4
39:10	JER.52.16	4
39:10	EZK.33.24	3
39:11	JER.15.21	3
39:11	ACT.24.23	3
39:11	JOB.5.19	2
39:11	JER.15.11	2
39:11	JER.37.2	2
39:12	PRO.16.7	4
39:12	PSA.105.14-PSA.105.15	3
39:12	PRO.21.1	3
39:12	JER.40.4	3
39:12	PRO.23.5	2
39:12	JER.24.6	2
39:12	AMO.9.4	2
39:12	ACT.7.10	2
39:12	1PE.3.12-1PE.3.13	2
39:13	JER.39.3	3
39:13	JER.39.9	2
39:14	JER.38.28	5
39:14	2KI.22.12	3
39:14	2KI.25.22-2KI.25.25	3
39:14	JER.26.24	3
39:14	PSA.105.19	2
39:14	JER.37.21	2
39:14	JER.38.13	2
39:14	JER.39.15	2
39:14	JER.40.1-JER.41.3	2
39:15	JER.32.1-JER.32.2	2
39:15	JER.36.1-JER.36.5	2
39:15	JER.37.21	2
39:15	JER.39.14	2
39:15	2TI.2.9	2
39:16	DAN.9.12	5
39:16	ZEC.1.6	3
39:16	JOS.23.14-JOS.23.15	2
39:16	2CH.36.21	2
39:16	PSA.91.8-PSA.91.9	2
39:16	PSA.92.11	2
39:16	JER.5.14	2
39:16	JER.19.11-JER.19.12	2
39:16	JER.21.7-JER.21.10	2
39:16	JER.24.8-JER.24.10	2
39:16	JER.26.15	2
39:16	JER.26.18	2
39:16	JER.26.20	2
39:16	JER.32.28-JER.32.29	2
39:16	JER.34.2-JER.34.3	2
39:16	JER.34.22	2
39:16	JER.35.17	2
39:16	JER.36.31	2
39:16	JER.38.7-JER.38.13	2
39:16	JER.44.28-JER.44.29	2
39:16	MAT.24.35	2
39:17	PSA.41.1-PSA.41.2	9
39:17	PSA.50.15	9
39:17	PSA.91.14-PSA.91.15	8
39:17	2SA.24.14	7
39:17	JER.1.19	7
39:17	GEN.15.1	6
39:17	JER.38.9	6
39:17	JOB.5.19-JOB.5.21	5
39:17	2TI.1.16-2TI.1.18	5
39:17	JER.38.1	4
39:17	DAN.6.16	4
39:17	MAT.10.40-MAT.10.42	4
39:17	MAT.25.40	4
39:18	PSA.34.22	12
39:18	JER.38.2	12
39:18	JER.21.9	11
39:18	EPH.1.12	10
39:18	PSA.84.12	9
39:18	1CH.5.20	8
39:18	PSA.147.11	8
39:18	PSA.33.18	6
39:18	PSA.37.3	6
39:18	PSA.37.39-PSA.37.40	6
39:18	PSA.146.3-PSA.146.6	6
39:18	PSA.2.12	5
39:18	ISA.26.3	5
39:18	JER.17.7-JER.17.8	5
39:18	JER.45.4-JER.45.5	5
39:18	1PE.1.21	5
39:18	ROM.2.12	4
40:1	JOS.18.25	4
40:1	JER.31.15	4
40:1	ACT.12.6-ACT.12.7	4
40:1	ACT.21.13	4
40:1	EPH.6.20	4
40:1	1SA.7.17	3
40:1	PSA.68.6	3
40:1	PSA.107.16	3
40:1	JER.39.11-JER.39.14	3
40:1	ACT.28.20	3
40:2	DEU.29.24-DEU.29.28	5
40:2	JER.22.8-JER.22.9	4
40:2	1KI.9.8-1KI.9.9	3
40:2	2CH.7.20-2CH.7.22	3
40:2	LAM.2.15-LAM.2.17	3
40:3	ROM.2.5	5
40:3	JER.50.7	3
40:3	DAN.9.11-DAN.9.12	3
40:3	DEU.29.25	2
40:3	NEH.9.28	2
40:3	NEH.9.33	2
40:3	ROM.3.19	2
40:4	JER.39.11-JER.39.12	5
40:4	GEN.20.15	4
40:4	GEN.13.9	1
40:5	JER.39.14	5
40:5	2KI.8.7-2KI.8.9	3
40:5	JER.41.2	3
40:5	2KI.22.12	2
40:5	2KI.22.14	2
40:5	2KI.25.22-2KI.25.24	2
40:5	2CH.34.20	2
40:5	EZR.7.6	2
40:5	EZR.7.27	2
40:5	NEH.1.11	2
40:5	NEH.2.4-NEH.2.8	2
40:5	JOB.22.29	2
40:5	PRO.16.7	2
40:5	PRO.21.1	2
40:5	JER.15.11	2
40:5	JER.26.24	2
40:5	JER.40.4	2
40:5	JER.52.31-JER.52.34	2
40:5	ACT.27.3	2
40:5	ACT.27.43	2
40:5	ACT.28.10	2
40:5	HEB.13.6	2
40:6	JDG.20.1	4
40:6	JER.39.14	4
40:6	JDG.21.1	3
40:6	1SA.7.5-1SA.7.6	3
40:6	JOS.15.38	2
40:7	JER.39.10	5
40:7	2KI.25.4	2
40:7	2KI.25.22-2KI.25.26	2
40:7	JER.39.4	2
40:7	EZK.33.24-EZK.33.29	2
40:7	EZK.45.16	2
40:8	JER.42.1	6
40:8	DEU.3.14	4
40:8	JOS.12.5	3
40:8	2SA.10.6	3
40:8	2SA.10.8	3
40:8	2SA.23.28-2SA.23.29	3
40:8	EZR.2.22	3
40:8	NEH.7.26	3
40:8	JER.40.6	3
40:8	JER.42.8	3
40:8	JER.43.2	3
40:8	2SA.23.34	2
40:8	2KI.25.23	2
40:8	2KI.25.25	2
40:8	1CH.2.48	2
40:8	1CH.2.54	2
40:8	1CH.11.30	2
40:8	EZR.2.2	2
40:8	JER.37.15	2
40:8	JER.37.20	2
40:8	JER.38.26	2
40:8	JER.40.11-JER.41.16	2
40:8	JER.43.5	2
40:9	JER.27.11	4
40:9	1SA.20.16-1SA.20.17	3
40:9	2KI.25.24	3
40:9	JER.38.17-JER.38.20	3
40:9	GEN.49.15	2
40:9	PSA.37.3	2
40:9	PSA.128.2	2
40:10	JER.40.12	5
40:10	DEU.1.38	4
40:10	2SA.16.1	4
40:10	ISA.16.9	4
40:10	JER.35.19	4
40:10	JER.39.10	4
40:10	JER.48.32	4
40:10	PRO.22.29	3
40:10	JER.40.6	3
40:10	MIC.7.1	3
40:10	LUK.21.36	3
40:11	ISA.16.4	3
40:11	GEN.36.8	2
40:11	NUM.22.1	2
40:11	NUM.25.1	2
40:11	1SA.11.1	2
40:11	1SA.12.12	2
40:11	JER.24.9	2
40:11	EZK.5.3	2
40:11	EZK.5.12	2
40:11	EZK.25.2	2
40:11	EZK.25.6	2
40:11	EZK.25.8	2
40:11	EZK.25.12	2
40:11	EZK.35.5	2
40:11	EZK.35.15	2
40:11	OBA.1.11-OBA.1.14	2
40:12	JER.43.5	4
40:13	JER.40.8	2
40:13	JER.42.1	2
40:14	JER.41.10	7
40:14	2SA.10.1-2SA.10.6	4
40:14	JER.25.21	4
40:14	1SA.11.1-1SA.11.3	3
40:14	PRO.26.23-PRO.26.26	2
40:14	ISA.26.10	2
40:14	JER.40.8	2
40:14	JER.41.2	2
40:14	JER.49.1-JER.49.6	2
40:14	EZK.25.2-EZK.25.6	2
40:14	AMO.1.13-AMO.1.15	2
40:14	MIC.7.5	2
40:14	1CO.13.5-1CO.13.7	2
40:15	1SA.26.8	3
40:15	2SA.21.17	3
40:15	1SA.24.4	2
40:15	2SA.18.3	2
40:15	JOB.31.31	2
40:15	JER.12.3-JER.12.4	2
40:15	JER.42.2	2
40:15	EZK.33.24-EZK.33.29	2
40:15	JHN.11.50	2
40:16	JER.41.2	2
40:16	MAT.10.16-MAT.10.17	2
40:16	ROM.3.8	2
41:1	JER.40.8	5
41:1	PSA.41.9	4
41:1	JER.40.6	4
41:1	2SA.3.27	2
41:1	2SA.20.9-2SA.20.10	2
41:1	2KI.11.1	2
41:1	2KI.25.25	2
41:1	2CH.22.10	2
41:1	PSA.109.5	2
41:1	PRO.13.10	2
41:1	PRO.26.23-PRO.26.26	2
41:1	PRO.27.4	2
41:1	JER.36.12	2
41:1	JER.36.20	2
41:1	JER.40.14-JER.40.16	2
41:1	EZK.17.13	2
41:1	DAN.11.26-DAN.11.27	2
41:1	LUK.22.47-LUK.22.48	2
41:1	JHN.13.18	2
41:1	JAS.4.1-JAS.4.3	2
41:2	2KI.25.25	5
41:2	JER.40.5	3
41:2	2SA.3.27	2
41:2	2SA.20.9-2SA.20.10	2
41:2	PSA.41.9	2
41:2	PSA.109.5	2
41:2	JER.40.7	2
41:3	2KI.25.25	2
41:3	ECC.9.18	2
41:3	JER.41.11-JER.41.12	2
41:3	LAM.1.2	2
41:4	1SA.27.11	2
41:4	PSA.52.1-PSA.52.2	2
41:5	1KI.16.24	6
41:5	DEU.14.1	5
41:5	JOS.18.1	5
41:5	2KI.25.9	5
41:5	GEN.33.18	4
41:5	JDG.9.1	4
41:5	1KI.12.1	4
41:5	1SA.1.7	3
41:5	1KI.12.25	3
41:5	1KI.16.29	3
41:5	2KI.10.13-2KI.10.14	3
41:5	ISA.15.2	3
41:5	GEN.34.2	2
41:5	LEV.19.27-LEV.19.28	2
41:5	JOS.24.32	2
41:5	2SA.10.4	2
41:5	PSA.102.14	2
41:5	JER.7.12	2
41:5	JER.7.14	2
41:6	2SA.3.16	3
41:6	JER.50.4	3
41:6	2SA.1.2-2SA.1.16	2
41:6	PRO.26.23-PRO.26.26	2
41:7	PSA.55.23	3
41:7	ISA.59.7	3
41:7	EZK.22.27	3
41:7	1KI.15.28-1KI.15.29	2
41:7	1KI.16.10-1KI.16.12	2
41:7	2KI.11.1-2KI.11.2	2
41:7	2KI.15.25	2
41:7	PRO.1.16	2
41:7	EZK.33.24-EZK.33.26	2
41:7	ROM.3.15	2
41:8	JOB.2.4	3
41:8	PRO.13.8	3
41:8	PSA.49.6-PSA.49.8	2
41:8	ISA.45.3	2
41:8	MAT.6.25	2
41:8	MAT.16.26	2
41:8	MRK.8.36-MRK.8.37	2
41:8	PHP.3.7-PHP.3.9	2
41:9	JDG.6.2	3
41:9	1SA.13.6	3
41:9	2SA.17.9	3
41:9	1KI.15.17-1KI.15.22	3
41:9	2CH.16.1-2CH.16.10	3
41:9	JOS.10.16-JOS.10.18	2
41:9	1SA.14.11	2
41:9	1SA.14.22	2
41:9	1SA.24.3	2
41:9	HEB.11.38	2
41:10	JER.40.14	5
41:10	JER.40.7	4
41:10	NEH.2.10	3
41:10	NEH.2.19	3
41:10	JER.40.11-JER.40.12	3
41:10	NEH.4.7-NEH.4.8	2
41:10	NEH.6.17-NEH.6.18	2
41:10	NEH.13.4-NEH.13.8	2
41:10	JER.22.30	2
41:10	JER.39.6	2
41:10	JER.43.5-JER.43.7	2
41:10	JER.44.12-JER.44.14	2
41:11	JER.40.7-JER.40.8	3
41:11	JER.40.13-JER.40.16	3
41:11	JER.41.2-JER.41.3	2
41:11	JER.41.7	2
41:11	JER.42.1	2
41:11	JER.42.3	2
41:11	JER.43.2-JER.43.5	2
41:12	2SA.2.13	5
41:12	GEN.14.14-GEN.14.16	3
41:12	1SA.30.1-1SA.30.8	3
41:12	1SA.30.18-1SA.30.20	2
41:15	JOB.21.30	4
41:15	PRO.28.17	4
41:15	1SA.30.17	3
41:15	1KI.20.20	3
41:15	2KI.25.25	2
41:15	ECC.8.11-ECC.8.12	2
41:15	JER.41.2	2
41:15	ACT.28.4	2
41:16	JER.42.8	3
41:16	JER.43.4-JER.43.7	3
41:16	JER.41.10	2
41:17	2SA.19.37-2SA.19.38	4
41:17	JER.42.14	4
41:17	ISA.30.2-ISA.30.3	2
41:17	JER.42.19	2
41:17	JER.43.7	2
41:18	JER.40.5	5
41:18	JER.42.16	4
41:18	LUK.12.4-LUK.12.5	4
41:18	ISA.51.12-ISA.51.13	3
41:18	ISA.57.11	3
41:18	JER.42.11	3
41:18	JER.43.2-JER.43.3	3
41:18	2KI.25.25	2
41:18	ISA.30.16-ISA.30.17	2
42:1	JER.6.13	5
42:1	JER.40.13	5
42:1	JER.41.11	5
42:1	JER.40.8	4
42:1	JER.42.8	4
42:1	JER.44.12	4
42:1	JER.8.10	3
42:1	ACT.8.10	3
42:1	2KI.25.23	2
42:1	ISA.29.13	2
42:1	ISA.48.1	2
42:1	ISA.58.1-ISA.58.2	2
42:1	JER.5.4-JER.5.5	2
42:1	JER.41.16	2
42:1	JER.42.20	2
42:1	JER.43.4-JER.43.5	2
42:1	EZK.8.11	2
42:1	EZK.11.1	2
42:1	EZK.14.3-EZK.14.4	2
42:1	EZK.20.1-EZK.20.3	2
42:1	EZK.33.31	2
42:1	MAT.15.8	2
42:2	JER.36.7	6
42:2	LEV.26.22	5
42:2	1SA.7.8	4
42:2	1SA.12.19	4
42:2	ISA.1.9	4
42:2	ISA.37.4	4
42:2	JER.37.3	4
42:2	LAM.1.1	4
42:2	ACT.8.24	4
42:2	JAS.5.16	4
42:2	EXO.8.28	3
42:2	DEU.28.62	3
42:2	1KI.13.6	3
42:2	JER.37.20	3
42:2	EXO.9.28	2
42:2	DEU.4.27	2
42:2	1SA.12.23	2
42:2	ISA.1.15	2
42:2	JER.17.15-JER.17.16	2
42:2	JER.21.2	2
42:2	JER.42.20	2
42:2	EZK.5.3-EZK.5.4	2
42:2	EZK.12.16	2
42:2	ZEC.13.8-ZEC.13.9	2
42:2	MAT.24.22	2
42:3	PSA.86.11	7
42:3	PRO.3.6	6
42:3	EZR.8.21	5
42:3	PSA.25.4-PSA.25.5	5
42:3	JER.6.16	5
42:3	MIC.4.2	5
42:3	DEU.5.26	4
42:3	DEU.5.29	4
42:3	1KI.8.36	4
42:3	PSA.143.8-PSA.143.10	4
42:3	ISA.2.3	4
42:3	PSA.27.11	3
42:3	MRK.12.13-MRK.12.14	3
42:4	EXO.8.29	5
42:4	1SA.3.17-1SA.3.18	5
42:4	1SA.12.23	5
42:4	PSA.40.10	5
42:4	JER.23.28	4
42:4	ACT.20.20	4
42:4	ACT.20.27	3
42:4	1KI.22.14-1KI.22.16	2
42:4	2CH.18.13-2CH.18.15	2
42:4	EZK.2.7	2
42:4	ROM.10.1	2
42:5	GEN.31.50	6
42:5	JDG.11.10	5
42:5	MAL.2.14	4
42:5	MAL.3.5	4
42:5	MIC.1.2	3
42:5	REV.1.5	3
42:5	REV.3.14	3
42:5	EXO.20.7	2
42:5	EXO.20.19	2
42:5	DEU.5.27-DEU.5.29	2
42:5	1SA.12.5	2
42:5	1SA.20.42	2
42:5	JER.5.2	2
42:5	ROM.1.9	2
42:6	JER.7.23	5
42:6	DEU.5.29	4
42:6	ROM.8.7	4
42:6	DEU.5.33	3
42:6	DEU.6.2-DEU.6.3	3
42:6	EXO.24.7	2
42:6	JOS.24.24	2
42:6	PSA.81.13-PSA.81.16	2
42:6	PSA.128.2	2
42:6	ISA.3.10	2
42:6	ROM.7.7	2
42:6	ROM.7.13	2
42:7	PSA.27.14	4
42:7	ISA.28.16	3
42:7	HAB.2.3	1
42:8	JER.42.1	6
42:8	JER.40.8	2
42:8	JER.40.13	2
42:8	JER.41.11-JER.41.16	2
42:8	JER.43.2-JER.43.5	2
42:9	2KI.19.4	5
42:9	2KI.19.6	5
42:9	JER.42.2	5
42:9	2KI.19.20-2KI.19.37	3
42:9	2KI.22.15-2KI.22.20	3
42:10	JER.31.28	8
42:10	EZK.36.36	8
42:10	JER.24.6	7
42:10	JOL.2.13	6
42:10	JER.33.7	5
42:10	AMO.7.6	5
42:10	GEN.26.2-GEN.26.3	4
42:10	EXO.32.14	4
42:10	JER.18.7-JER.18.10	4
42:10	HOS.11.8	4
42:10	AMO.7.3	4
42:10	JON.3.10	4
42:10	JON.4.2	4
42:10	DEU.32.36	3
42:10	JDG.2.18	3
42:10	2SA.24.16	3
42:10	PSA.37.3	3
42:10	PSA.69.35	3
42:10	PSA.102.16	3
42:10	PSA.106.45	3
42:10	JER.26.19	3
42:10	ACT.15.16	3
42:11	ROM.8.31	9
42:11	ISA.43.2	7
42:11	JER.1.8	7
42:11	JER.1.19	7
42:11	2CH.32.7-2CH.32.8	6
42:11	ISA.43.5	6
42:11	NUM.14.9	5
42:11	DEU.20.4	5
42:11	JOS.1.5	5
42:11	JOS.1.9	5
42:11	PSA.46.11	5
42:11	ISA.41.10	5
42:11	JER.15.20	5
42:11	JER.27.17	5
42:11	JER.41.18	5
42:11	2TI.4.17	5
42:11	MAT.10.28	4
42:11	MAT.28.20	4
42:11	ACT.18.10	4
42:11	PSA.46.7	3
42:11	ISA.8.8-ISA.8.10	3
42:11	JER.27.12	3
42:11	2KI.25.26	2
42:12	NEH.1.11	6
42:12	PSA.106.45-PSA.106.46	6
42:12	PRO.16.7	6
42:13	JER.44.16	6
42:13	EXO.5.2	3
42:13	JER.42.10	2
42:14	JER.4.19	4
42:14	JER.41.17	4
42:14	EXO.16.3	3
42:14	NUM.11.4-NUM.11.5	3
42:14	ISA.31.1	3
42:14	JER.4.21	3
42:14	EXO.17.3	2
42:14	NUM.16.13	2
42:14	DEU.29.19	2
42:14	ISA.30.16	2
42:14	JER.43.7	2
42:15	DEU.17.16	4
42:15	JER.44.12-JER.44.14	4
42:15	JER.42.17	3
42:15	GEN.31.21	2
42:15	DAN.11.17	2
42:15	LUK.9.51	2
42:16	JER.44.27	5
42:16	EZK.11.8	5
42:16	AMO.9.1-AMO.9.4	4
42:16	JHN.11.48	3
42:16	DEU.28.15	2
42:16	DEU.28.22	2
42:16	DEU.28.45	2
42:16	PRO.13.21	2
42:16	JER.42.13	2
42:16	JER.44.11-JER.44.13	2
42:16	ZEC.1.6	2
42:17	JER.42.22	5
42:17	JER.24.10	4
42:17	JER.44.13-JER.44.14	4
42:17	JER.44.28	4
42:18	JER.7.20	5
42:18	JER.18.16	4
42:18	JER.29.18	4
42:18	JER.39.1-JER.39.9	4
42:18	DEU.29.21-DEU.29.22	3
42:18	2CH.36.16-2CH.36.19	3
42:18	ISA.65.15	3
42:18	JER.22.27	3
42:18	JER.24.9	3
42:18	JER.44.12	3
42:18	1KI.9.7-1KI.9.9	2
42:18	2KI.25.4-2KI.25.7	2
42:18	2CH.34.25	2
42:18	JER.6.11	2
42:18	JER.22.10-JER.22.12	2
42:18	JER.25.9	2
42:18	JER.26.6	2
42:18	JER.29.22	2
42:18	JER.52.4-JER.52.11	2
42:18	LAM.2.4	2
42:18	LAM.4.11	2
42:18	EZK.22.22	2
42:18	DAN.9.11	2
42:18	DAN.9.27	2
42:18	NAM.1.6	2
42:18	ZEC.8.13	2
42:18	REV.14.10	2
42:18	REV.16.2-REV.16.21	2
42:19	DEU.17.16	5
42:19	ISA.30.1-ISA.30.7	4
42:19	NEH.9.26	3
42:19	NEH.9.29-NEH.9.30	3
42:19	ISA.31.1-ISA.31.3	3
42:19	EZK.17.15	3
42:19	DEU.31.21	2
42:19	2CH.24.19	2
42:19	JER.38.21	2
42:19	EZK.2.5	2
42:19	EZK.3.21	2
42:19	ACT.20.26-ACT.20.27	2
42:19	EPH.4.17	2
42:19	1TH.4.6	2
42:19	ACT.2.40	1
42:20	NUM.16.38	2
42:20	PSA.18.44	2
42:20	PSA.65.3	2
42:20	JER.3.10	2
42:20	JER.17.10	2
42:20	JER.42.2	2
42:20	EZK.14.3-EZK.14.4	2
42:20	EZK.33.31	2
42:20	MAT.22.15-MAT.22.18	2
42:20	MAT.22.35	2
42:20	GAL.6.7	2
42:20	JAS.1.22	2
42:21	EZK.2.7	4
42:21	ZEC.7.11-ZEC.7.12	3
42:21	ACT.20.26-ACT.20.27	3
42:21	DEU.11.26-DEU.11.27	2
42:21	DEU.29.19	2
42:21	JER.7.24-JER.7.27	2
42:21	EZK.3.17	2
42:21	ACT.20.20	2
42:22	JER.42.17	5
42:22	EZK.6.11	4
42:22	HOS.9.6	4
42:22	JER.43.11	3
42:22	EZK.5.3-EZK.5.4	2
43:1	JER.26.8	4
43:1	JER.42.22	3
43:1	JER.51.63	3
43:1	EXO.24.3	2
43:1	1SA.8.10	2
43:1	JER.1.7	2
43:1	JER.1.17	2
43:1	JER.26.2	2
43:1	JER.42.3-JER.42.5	2
43:1	MAT.28.20	2
43:1	ACT.5.20	2
43:1	ACT.20.27	2
43:2	2CH.36.13	4
43:2	ISA.7.9	4
43:2	PRO.16.5	3
43:2	PRO.16.18-PRO.16.19	3
43:2	JER.5.12-JER.5.13	3
43:2	JER.13.15	3
43:2	JER.40.8	3
43:2	JER.42.1	3
43:2	JER.43.1	3
43:2	HAB.2.4-HAB.2.5	3
43:2	JAS.4.6	3
43:2	1PE.5.5	3
43:2	EXO.5.2	2
43:2	EXO.9.17	2
43:2	PSA.10.4-PSA.10.5	2
43:2	PSA.12.3	2
43:2	PSA.119.21	2
43:2	PSA.123.4	2
43:2	PRO.6.17	2
43:2	PRO.8.13	2
43:2	PRO.30.9	2
43:2	JER.40.13-JER.40.16	2
43:2	JER.41.16	2
43:2	ISA.9.9-ISA.9.10	1
43:3	JER.36.4	3
43:3	JER.36.10	3
43:3	JER.36.26	3
43:3	JER.38.4	3
43:3	JER.43.6	3
43:3	JER.45.1-JER.45.3	3
43:3	PSA.109.4	2
43:3	MAT.5.11-MAT.5.12	2
43:3	LUK.6.22-LUK.6.23	2
43:3	LUK.6.26	2
43:4	JER.42.5-JER.42.6	4
43:4	2CH.25.16	3
43:4	PSA.37.3	3
43:4	JER.44.5	3
43:4	ECC.9.16	2
43:4	JER.42.10-JER.42.13	2
43:5	JER.40.11-JER.40.12	4
43:5	1SA.26.19	2
43:5	JER.41.15-JER.41.16	2
43:6	JER.39.10	5
43:6	JER.40.7	4
43:6	ECC.9.1-ECC.9.2	3
43:6	JER.41.10	3
43:6	LAM.3.1	3
43:6	JER.52.10	2
43:6	JHN.21.18	1
43:7	JER.2.16	5
43:7	JER.44.1	5
43:7	ISA.30.4	3
43:7	JER.46.14	3
43:7	2CH.25.16	2
43:7	EZK.30.18	2
43:8	PSA.139.7	2
43:8	JER.2.16	2
43:8	2TI.2.9	2
43:9	JER.18.2-JER.18.12	3
43:9	JER.19.1-JER.19.15	3
43:9	JER.51.63-JER.51.64	3
43:9	EXO.1.14	2
43:9	2SA.12.31	2
43:9	1KI.11.29-1KI.11.31	2
43:9	ISA.20.1-ISA.20.4	2
43:9	JER.13.1-JER.13.11	2
43:9	EZK.4.1-EZK.5.17	2
43:9	EZK.12.3-EZK.12.16	2
43:9	HOS.12.10	2
43:9	NAM.3.14	2
43:9	ACT.21.11	2
43:9	REV.18.21	2
43:10	ISA.44.28-ISA.45.1	5
43:10	JER.1.15	4
43:10	EZK.29.18-EZK.29.20	4
43:10	PSA.18.11	3
43:10	PSA.27.5	3
43:10	PSA.31.20	3
43:10	1KI.20.12	2
43:10	1KI.20.16	2
43:10	JER.25.6-JER.25.26	2
43:10	JER.27.6-JER.27.8	2
43:10	JER.46.27-JER.46.28	2
43:10	DAN.2.21	2
43:10	DAN.5.18-DAN.5.19	2
43:10	MAT.22.7	2
43:11	JER.15.2	5
43:11	JER.44.13	5
43:11	EZK.29.19-EZK.29.20	4
43:11	ISA.19.1-ISA.19.25	3
43:11	JER.25.19	3
43:11	ZEC.11.9	3
43:11	JOB.20.29	2
43:11	JER.46.1-JER.46.26	2
43:11	EZK.5.12	2
43:11	EZK.30.1-EZK.30.26	2
43:12	EZK.30.13	6
43:12	PSA.109.18-PSA.109.19	5
43:12	ISA.19.1	5
43:12	ISA.49.18	5
43:12	JER.46.25	4
43:12	JER.48.7	4
43:12	EXO.12.12	3
43:12	2SA.5.21	3
43:12	EST.6.9	3
43:12	JOB.40.10	3
43:12	PSA.104.2	3
43:12	PSA.132.16	2
43:12	PSA.132.18	2
43:12	ISA.21.9	2
43:12	ISA.46.1	2
43:12	ISA.52.1	2
43:12	ISA.59.17	2
43:12	ISA.61.5	2
43:12	ISA.61.10	2
43:12	JER.50.2	2
43:12	JER.51.44	2
43:12	ZEP.2.11	2
43:12	ROM.13.12	2
43:12	EPH.4.24	2
43:12	EPH.6.11	2
43:12	COL.3.12	2
43:12	COL.3.14	2
43:13	ISA.19.18	3
44:1	JER.46.14	8
44:1	EXO.14.2	5
44:1	ISA.11.11	5
44:1	ISA.19.13	4
44:1	JER.2.16	3
44:1	JER.46.19	3
44:1	EZK.29.14	3
44:1	EZK.30.14	3
44:1	EZK.30.16	3
44:1	EZK.30.18	3
44:1	GEN.10.14	2
44:1	JER.42.15-JER.42.18	2
44:1	JER.43.5-JER.43.8	2
44:1	EZK.29.10	2
44:2	ISA.6.11	4
44:2	JER.9.11	4
44:2	JER.34.22	4
44:2	JER.4.7	3
44:2	MIC.3.12	3
44:2	EXO.19.4	2
44:2	LEV.26.32-LEV.26.33	2
44:2	LEV.26.43	2
44:2	DEU.29.2	2
44:2	JOS.23.3	2
44:2	2KI.21.13	2
44:2	ISA.24.12	2
44:2	ISA.64.10-ISA.64.11	2
44:2	JER.7.34	2
44:2	JER.25.11	2
44:2	JER.39.1-JER.39.8	2
44:2	JER.44.22	2
44:2	LAM.1.1	2
44:2	LAM.1.16	2
44:2	LAM.5.18	2
44:2	ZEC.1.6	2
44:3	DEU.29.26	5
44:3	DEU.13.6	4
44:3	DEU.32.17	4
44:3	NEH.9.33	3
44:3	JER.2.17-JER.2.19	3
44:3	JER.44.8	3
44:3	EZK.8.17-EZK.8.18	3
44:3	DAN.9.5	3
44:3	EZR.9.6-EZR.9.11	2
44:3	JER.4.17-JER.4.18	2
44:3	JER.5.19	2
44:3	JER.5.29	2
44:3	JER.7.19	2
44:3	JER.9.12-JER.9.14	2
44:3	JER.11.17	2
44:3	JER.16.11-JER.16.12	2
44:3	JER.19.3-JER.19.4	2
44:3	JER.22.9	2
44:3	LAM.1.8	2
44:3	LAM.4.13	2
44:3	EZK.9.9	2
44:3	EZK.22.25-EZK.22.31	2
44:3	ZEC.7.12-ZEC.7.13	2
44:4	JER.26.5	5
44:4	JER.7.13	4
44:4	JER.7.25	4
44:4	2CH.36.15	3
44:4	JER.16.18	3
44:4	JER.29.19	3
44:4	EZK.8.10	3
44:4	EZK.16.47	3
44:4	ZEC.7.7	3
44:4	JER.25.3-JER.25.4	2
44:4	JER.32.33	2
44:4	JER.35.17	2
44:4	EZK.16.36	2
44:4	1PE.4.3	2
44:4	REV.17.4-REV.17.5	2
44:5	JER.11.10	3
44:5	JER.19.13	3
44:5	2CH.36.16	2
44:5	PSA.81.11-PSA.81.13	2
44:5	ISA.48.4	2
44:5	ISA.48.18	2
44:5	JER.7.24	2
44:5	JER.11.8	2
44:5	JER.44.17-JER.44.21	2
44:5	ZEC.7.11-ZEC.7.12	2
44:5	REV.2.21-REV.2.22	2
44:6	JER.7.20	4
44:6	ISA.6.11	3
44:6	ISA.51.17	3
44:6	ISA.51.20	3
44:6	JER.7.34	3
44:6	JER.21.5	3
44:6	JER.42.18	3
44:6	EZK.8.18	3
44:6	LEV.26.28	2
44:6	JER.4.4	2
44:6	JER.21.12	2
44:6	JER.36.7	2
44:6	JER.44.2-JER.44.3	2
44:6	EZK.5.13	2
44:6	EZK.6.12	2
44:6	EZK.20.33	2
44:6	EZK.24.8	2
44:6	EZK.24.13	2
44:6	DAN.9.12	2
44:6	NAM.1.2	2
44:7	HAB.2.10	6
44:7	JER.51.22	5
44:7	NUM.16.38	4
44:7	EZK.33.11	4
44:7	DEU.32.25	3
44:7	JOS.6.21	3
44:7	JDG.21.11	3
44:7	1SA.15.3	3
44:7	PRO.5.22	3
44:7	PRO.15.32	3
44:7	JER.7.19	3
44:7	JER.9.21	3
44:7	JER.44.14	3
44:7	LAM.2.11	3
44:7	1SA.22.19	2
44:7	PRO.1.18	2
44:7	PRO.8.36	2
44:7	JER.25.7	2
44:7	JER.26.19	2
44:7	JER.42.20	2
44:7	JER.44.8	2
44:7	JER.44.11-JER.44.12	2
44:7	JER.44.27-JER.44.28	2
44:8	JER.42.18	6
44:8	JER.25.6-JER.25.7	5
44:8	JER.44.3	5
44:8	1KI.9.7-1KI.9.8	4
44:8	2KI.17.15-2KI.17.17	4
44:8	2CH.7.20	4
44:8	JER.18.16	4
44:8	1CO.10.21-1CO.10.22	4
44:8	DEU.32.16-DEU.32.17	3
44:8	ISA.3.8	3
44:8	ISA.65.15	3
44:8	JER.24.9	3
44:8	JER.26.6	3
44:8	JER.29.18	3
44:8	JER.44.7	3
44:8	JER.44.12	3
44:8	EZK.18.31-EZK.18.32	3
44:8	HEB.3.16	3
44:8	LAM.2.15-LAM.2.16	2
44:9	JER.7.17-JER.7.18	4
44:9	JOS.22.17-JOS.22.20	2
44:9	EZR.9.7-EZR.9.15	2
44:9	JER.44.15-JER.44.19	2
44:9	JER.44.21	2
44:9	DAN.9.5-DAN.9.8	2
44:10	PRO.28.14	6
44:10	JER.8.12	3
44:10	1PE.5.6	3
44:10	REV.15.4	3
44:10	EXO.9.17	2
44:10	EXO.9.30	2
44:10	EXO.10.3	2
44:10	1KI.21.29	2
44:10	2KI.22.19	2
44:10	2CH.12.6-2CH.12.12	2
44:10	2CH.32.26	2
44:10	2CH.33.12	2
44:10	2CH.33.19	2
44:10	2CH.34.27	2
44:10	PSA.34.18	2
44:10	PSA.51.17	2
44:10	PRO.8.13	2
44:10	PRO.14.16	2
44:10	PRO.16.6	2
44:10	ECC.8.12-ECC.8.13	2
44:10	ISA.57.15	2
44:10	ISA.66.2	2
44:10	JER.10.7	2
44:10	JER.36.24	2
44:10	EZK.9.4	2
44:10	DAN.5.20-DAN.5.22	2
44:10	MAL.4.2	2
44:10	MAT.27.54	2
44:10	LUK.23.40	2
44:10	ROM.11.20	2
44:10	JAS.4.6-JAS.4.10	2
44:11	JER.21.10	5
44:11	LEV.17.10	3
44:11	LEV.20.5-LEV.20.6	3
44:11	LEV.26.17	3
44:11	PSA.34.16	3
44:11	AMO.9.4	3
44:11	EZK.14.7-EZK.14.8	2
44:11	EZK.15.7	2
44:12	JER.42.15-JER.42.18	4
44:12	JER.42.22	4
44:12	ISA.65.15	3
44:12	ISA.1.28	2
44:12	JER.18.16	2
44:12	JER.29.18	2
44:12	JER.29.22	2
44:12	JER.44.7-JER.44.8	2
44:12	HOS.4.6	2
44:13	JER.11.22	3
44:13	JER.43.11	3
44:13	JER.44.27-JER.44.28	3
44:13	JER.21.9	2
44:13	JER.24.10	2
44:13	JER.42.18	2
44:14	JER.22.26-JER.22.27	4
44:14	ROM.9.27	4
44:14	ISA.4.2	3
44:14	ISA.10.20	3
44:14	JER.42.17	3
44:14	JER.44.27-JER.44.28	3
44:14	ISA.30.1-ISA.30.3	2
44:14	JER.42.22	2
44:14	MAT.23.33	2
44:14	ROM.2.3	2
44:14	ROM.11.5-ROM.11.6	2
44:14	HEB.2.3	2
44:15	PRO.11.21	4
44:15	JER.5.1-JER.5.5	4
44:15	GEN.19.4	3
44:15	NEH.13.26	3
44:15	MAT.7.13	3
44:15	2PE.2.1-2PE.2.2	3
44:15	ISA.1.5	2
44:16	LUK.19.27	4
44:16	JOB.21.14-JOB.21.15	3
44:16	EXO.5.2	2
44:16	JOB.15.25-JOB.15.27	2
44:16	PSA.2.3	2
44:16	PSA.73.8-PSA.73.9	2
44:16	ISA.3.9	2
44:16	JER.8.6	2
44:16	JER.8.12	2
44:16	JER.11.8	2
44:16	JER.11.10	2
44:16	JER.16.15-JER.16.17	2
44:16	JER.18.18	2
44:16	JER.38.4	2
44:16	DAN.3.15	2
44:16	LUK.19.14	2
44:17	JER.7.18	7
44:17	NEH.9.34	5
44:17	EXO.16.3	4
44:17	DEU.23.23	4
44:17	2KI.17.16	4
44:17	JER.44.21	4
44:17	JER.44.25	4
44:17	EZK.20.8	4
44:17	HOS.2.5-HOS.2.9	4
44:17	PHP.3.19	4
44:17	NUM.30.12	3
44:17	JDG.11.36	3
44:17	2KI.22.17	3
44:17	PSA.12.4	3
44:17	PSA.106.6	3
44:17	JER.19.13	3
44:17	JER.44.9	3
44:17	NUM.30.2	2
44:17	ISA.48.5	2
44:17	JER.32.29-JER.32.32	2
44:17	MRK.6.26	2
44:17	1PE.1.18	2
44:17	DAN.9.5-DAN.9.8	1
44:18	MAL.3.13-MAL.3.15	5
44:18	NUM.11.5-NUM.11.6	4
44:18	JOB.21.14-JOB.21.15	3
44:18	JER.40.12	3
44:18	PSA.73.9-PSA.73.15	2
44:19	JER.7.18	6
44:19	JER.44.15	4
44:19	GEN.3.6	2
44:19	GEN.3.11-GEN.3.12	2
44:19	GEN.3.16-GEN.3.17	2
44:19	NUM.30.6-NUM.30.7	2
44:19	DEU.7.3-DEU.7.4	2
44:19	1KI.21.25	2
44:19	2CH.21.6	2
44:19	PRO.11.21	1
44:19	MRK.6.19-MRK.6.27	1
44:21	JER.44.17	5
44:21	PSA.79.8	4
44:21	ISA.64.9	4
44:21	JER.11.13	4
44:21	JER.14.10	4
44:21	JER.44.9	4
44:21	HOS.7.2	3
44:21	AMO.8.7	3
44:21	1SA.15.3	2
44:21	1KI.17.18	2
44:21	EZK.8.10-EZK.8.11	2
44:21	EZK.16.24	2
44:21	EZK.21.23-EZK.21.24	2
44:21	REV.16.19	2
44:21	REV.18.5	2
44:22	JER.25.18	4
44:22	ISA.7.13	3
44:22	ISA.43.24	3
44:22	JER.18.16	3
44:22	JER.25.11	3
44:22	JER.25.38	3
44:22	JER.44.12	3
44:22	MAL.2.17	3
44:22	GEN.6.3	2
44:22	GEN.6.5-GEN.6.7	2
44:22	GEN.19.13	2
44:22	1KI.9.7-1KI.9.8	2
44:22	PSA.95.10-PSA.95.11	2
44:22	PSA.107.33-PSA.107.34	2
44:22	ISA.1.24	2
44:22	JER.15.6	2
44:22	JER.24.9	2
44:22	JER.26.6	2
44:22	JER.29.19	2
44:22	JER.44.2	2
44:22	JER.44.6	2
44:22	LAM.2.15-LAM.2.16	2
44:22	EZK.5.13	2
44:22	DAN.9.12	2
44:22	AMO.2.13	2
44:22	ROM.2.4-ROM.2.5	2
44:22	ROM.9.22	2
44:22	2PE.3.7-2PE.3.9	2
44:23	1KI.9.9	5
44:23	DAN.9.11-DAN.9.12	5
44:23	NEH.13.18	3
44:23	PSA.119.150	3
44:23	2CH.36.16	2
44:23	PSA.78.56	2
44:23	PSA.119.155	2
44:23	JER.7.13-JER.7.15	2
44:23	JER.32.31-JER.32.33	2
44:23	JER.40.3	2
44:23	JER.44.8	2
44:23	JER.44.18	2
44:23	JER.44.21	2
44:23	LAM.1.8	2
44:23	1CO.10.20	2
44:23	2CO.6.16	2
44:24	JER.43.7	5
44:24	JER.42.15	3
44:24	JER.44.15-JER.44.16	3
44:24	JER.44.26	3
44:24	1KI.22.19	2
44:24	ISA.1.10	2
44:24	ISA.28.14	2
44:24	EZK.2.7	2
44:24	EZK.20.32-EZK.20.33	2
44:24	AMO.7.16	2
44:24	MAT.11.15	2
44:25	MAT.14.9	3
44:25	JOB.34.22	2
44:25	ISA.28.15	2
44:25	JER.44.15-JER.44.19	2
44:25	EZK.20.39	2
44:25	ACT.23.12-ACT.23.15	2
44:25	JAS.1.14-JAS.1.15	2
44:25	JUD.1.13	2
44:26	GEN.22.16	4
44:26	PSA.50.16	4
44:26	EZK.20.39	4
44:26	HEB.6.13	4
44:26	ISA.48.1-ISA.48.2	3
44:26	JER.4.2	3
44:26	JER.5.2	3
44:26	AMO.6.8	3
44:26	NUM.14.21-NUM.14.23	2
44:26	NUM.14.28	2
44:26	DEU.32.40-DEU.32.42	2
44:26	PSA.89.34	2
44:26	ISA.62.8	2
44:26	JER.7.9	2
44:26	JER.22.5	2
44:26	JER.46.18	2
44:26	AMO.6.10	2
44:26	AMO.8.7	2
44:26	ZEP.1.4-ZEP.1.5	2
44:26	HEB.3.18	2
44:26	HEB.6.18	2
44:27	JER.31.28	5
44:27	2KI.21.14	3
44:27	JER.1.10	3
44:27	JER.21.10	2
44:27	JER.44.12	2
44:27	JER.44.18	2
44:27	EZK.7.6	2
44:28	JER.44.14	5
44:28	ISA.10.19	4
44:28	ISA.27.12-ISA.27.13	4
44:28	JER.44.25-JER.44.26	4
44:28	PSA.33.11	3
44:28	ISA.28.16-ISA.28.18	3
44:28	ISA.46.10-ISA.46.11	3
44:28	JER.44.29	3
44:28	LAM.3.37-LAM.3.38	3
44:28	ZEC.1.6	3
44:28	NUM.14.28-NUM.14.29	2
44:28	NUM.14.41	2
44:28	ISA.14.24-ISA.14.27	2
44:28	JER.44.16-JER.44.17	2
44:28	MAT.24.35	2
44:28	ISA.10.22	1
44:29	PRO.19.21	5
44:29	MAT.24.15-MAT.24.16	4
44:29	ISA.40.8	3
44:29	JER.44.30	3
44:29	1SA.2.34	2
44:29	MAT.24.32-MAT.24.34	2
44:29	MRK.13.14-MRK.13.16	2
44:29	LUK.21.20-LUK.21.21	2
44:29	LUK.21.29-LUK.21.33	2
44:30	2KI.25.4-2KI.25.7	4
44:30	JER.34.21	3
44:30	JER.39.5-JER.39.7	3
44:30	JER.43.9-JER.43.13	3
44:30	EZK.30.21	3
44:30	JER.52.8-JER.52.11	2
44:30	EZK.29.1-EZK.29.21	2
44:30	EZK.31.18-EZK.32.32	2
44:30	JER.46.13-JER.46.26	1
45:1	JER.36.1	6
45:1	JER.32.12	4
45:1	JER.36.4	4
45:1	JER.36.32	3
45:1	2CH.36.5	2
45:1	JER.25.1	2
45:1	JER.32.16	2
45:1	JER.36.8-JER.36.9	2
45:1	JER.36.26	2
45:1	JER.26.1	1
45:1	JER.36.14-JER.36.18	1
45:1	JER.43.3-JER.43.6	1
45:2	ISA.63.9	2
45:2	MRK.16.7	2
45:2	2CO.1.4	2
45:2	2CO.7.6	2
45:2	HEB.2.18	2
45:2	HEB.4.15	2
45:3	2CO.4.1	3
45:3	2CO.4.16	3
45:3	GAL.6.9	3
45:3	GEN.37.34-GEN.37.35	2
45:3	GEN.42.36-GEN.42.38	2
45:3	NUM.11.11-NUM.11.15	2
45:3	JOS.7.7-JOS.7.9	2
45:3	JOB.16.11-JOB.16.13	2
45:3	JOB.23.2	2
45:3	PSA.6.6	2
45:3	PSA.27.13	2
45:3	PSA.42.7	2
45:3	PSA.69.3	2
45:3	PSA.77.3-PSA.77.4	2
45:3	PSA.120.5	2
45:3	PRO.24.10	2
45:3	JER.8.18	2
45:3	JER.9.1	2
45:3	JER.15.10-JER.15.21	2
45:3	JER.20.7-JER.20.18	2
45:3	LAM.1.13	2
45:3	LAM.1.22	2
45:3	LAM.3.1-LAM.3.19	2
45:3	LAM.3.32	2
45:3	2TH.3.13	2
45:3	HEB.12.3-HEB.12.5	2
45:4	JER.1.10	5
45:4	JER.18.7-JER.18.10	5
45:4	JER.31.28	5
45:4	GEN.6.6-GEN.6.7	3
45:4	PSA.80.8-PSA.80.16	3
45:4	ISA.5.2-ISA.5.7	3
45:4	JER.11.17	3
45:5	JER.39.18	13
45:5	1TI.6.6-1TI.6.9	11
45:5	HEB.13.5	11
45:5	JER.21.9	10
45:5	MAT.6.25-MAT.6.32	10
45:5	ROM.12.16	10
45:5	JER.25.26	8
45:5	GEN.6.12	7
45:5	2KI.5.26	6
45:5	JER.38.2	6
45:5	ZEP.3.8	6
45:5	1CO.7.26-1CO.7.32	5
45:5	ISA.66.16	4
46:1	JER.1.10	4
46:1	ZEC.2.8	3
46:1	GEN.10.5	2
46:1	NUM.23.9	2
46:1	JER.4.7	2
46:1	JER.25.15-JER.25.38	2
46:1	ROM.3.29	2
46:2	2KI.23.29	7
46:2	ISA.10.9	4
46:2	JER.25.1	4
46:2	JER.25.19	4
46:2	JER.36.1	4
46:2	JER.45.1	4
46:2	JER.46.14	4
46:2	EZK.29.1-EZK.29.21	4
46:2	2CH.35.20-2CH.35.21	3
46:2	JER.25.9	3
46:3	ISA.21.5	4
46:3	JER.51.11-JER.51.12	3
46:3	JOL.3.9	3
46:3	NAM.2.1	3
46:3	NAM.3.14	3
46:3	ISA.8.9-ISA.8.10	2
46:4	EZK.21.9-EZK.21.11	4
46:4	JER.51.3	3
46:4	1SA.17.5	2
46:4	1SA.17.38	2
46:4	2CH.26.14	2
46:4	NEH.4.16	2
46:4	EZK.21.28	2
46:5	JER.6.25	4
46:5	JER.49.29	4
46:5	JER.46.21	3
46:5	GEN.19.17	2
46:5	2KI.7.6-2KI.7.7	2
46:5	ISA.19.16	2
46:5	JER.20.3-JER.20.4	2
46:5	JER.20.10	2
46:5	JER.46.15	2
46:5	EZK.32.10	2
46:5	NAM.2.8	2
46:5	REV.6.15-REV.6.17	2
46:6	DAN.11.19	5
46:6	JER.46.12	4
46:6	AMO.9.1-AMO.9.3	3
46:6	JDG.4.15-JDG.4.21	2
46:6	PSA.27.2	2
46:6	PSA.33.16-PSA.33.17	2
46:6	PSA.147.10-PSA.147.11	2
46:6	ECC.9.11	2
46:6	ISA.8.15	2
46:6	ISA.30.16-ISA.30.17	2
46:6	JER.1.14	2
46:6	JER.4.6	2
46:6	JER.6.1	2
46:6	JER.20.11	2
46:6	JER.25.9	2
46:6	JER.46.10	2
46:6	JER.46.16	2
46:6	JER.50.32	2
46:6	AMO.2.14-AMO.2.15	2
46:6	DAN.11.22	1
46:7	JER.47.2	5
46:7	ISA.8.7-ISA.8.8	3
46:7	DAN.11.22	3
46:7	SNG.3.6	2
46:7	SNG.8.5	2
46:7	ISA.63.1	2
46:7	DAN.9.26	2
46:7	AMO.8.8	2
46:7	REV.12.15	2
46:8	EXO.15.9-EXO.15.10	2
46:8	ISA.10.13-ISA.10.16	2
46:8	ISA.37.24-ISA.37.26	2
46:8	EZK.29.3	2
46:8	EZK.32.2	2
46:9	ISA.66.19	5
46:9	EZK.27.10	5
46:9	NAM.3.9	3
46:9	GEN.10.6	2
46:9	GEN.10.13	2
46:9	1CH.1.11	2
46:9	JER.30.5	2
46:9	JER.47.3	2
46:9	NAM.2.3-NAM.2.4	2
46:9	ACT.2.10	2
46:9	1CO.1.8	2
46:10	DEU.32.42	5
46:10	JER.46.2	4
46:10	JOL.1.15	4
46:10	JER.46.6	3
46:10	ZEP.1.7-ZEP.1.8	3
46:10	2KI.24.7	2
46:10	ISA.13.6	2
46:10	ISA.34.5-ISA.34.8	2
46:10	ISA.63.4	2
46:10	JER.50.15	2
46:10	JER.51.6	2
46:10	EZK.39.17-EZK.39.21	2
46:10	JOL.2.1	2
46:10	ZEP.1.14-ZEP.1.15	2
46:10	LUK.21.22	2
46:10	REV.19.17-REV.19.21	2
46:10	ISA.61.2	1
46:11	JER.8.22	7
46:11	MIC.1.9	4
46:11	ISA.47.1	3
46:11	JER.14.17	3
46:11	NAM.3.19	3
46:11	LUK.8.43-LUK.8.44	3
46:11	GEN.37.25	2
46:11	GEN.43.11	2
46:11	JER.30.12-JER.30.15	2
46:11	JER.51.8	2
46:11	EZK.27.17	2
46:11	EZK.30.21-EZK.30.25	2
46:11	MAT.5.26	2
46:12	NAM.3.8-NAM.3.10	4
46:12	ISA.19.2	3
46:12	JER.14.2	3
46:12	JER.46.6	3
46:12	1SA.5.12	2
46:12	ISA.10.4	2
46:12	ISA.15.5-ISA.15.8	2
46:12	JER.48.34	2
46:12	JER.49.21	2
46:12	JER.51.54	2
46:12	EZK.32.9-EZK.32.12	2
46:12	ZEP.1.10	2
46:13	JER.43.10-JER.43.13	3
46:13	JER.44.30	3
46:13	ISA.19.1-ISA.19.25	2
46:13	ISA.29.1-ISA.29.24	2
46:14	JER.44.1	4
46:14	JER.46.10	4
46:14	ISA.1.20	3
46:14	JER.2.30	3
46:14	JER.43.8-JER.43.9	3
46:14	JER.46.3-JER.46.4	3
46:14	NAM.2.13	3
46:14	EXO.14.2	2
46:14	2SA.2.26	2
46:14	ISA.31.8	2
46:14	ISA.34.6	2
46:14	JER.6.1-JER.6.5	2
46:14	JER.12.12	2
46:14	EZK.30.16-EZK.30.18	2
46:14	JOL.3.9-JOL.3.12	2
46:15	PSA.68.2	4
46:15	ISA.66.15-ISA.66.16	4
46:15	PSA.18.14	3
46:15	PSA.18.39	3
46:15	JER.46.5	3
46:15	EXO.6.1	2
46:15	DEU.11.23	2
46:15	JDG.5.20-JDG.5.21	2
46:15	PSA.44.2	2
46:15	PSA.114.2-PSA.114.7	2
46:15	JER.46.21	2
46:16	LEV.26.36-LEV.26.37	4
46:16	JER.51.9	3
46:16	JER.46.6	2
46:16	JER.46.21	2
46:16	JER.50.16	2
46:17	ISA.19.11-ISA.19.16	4
46:17	EXO.15.9	3
46:17	1KI.20.10	3
46:17	1KI.20.18	2
46:17	ISA.31.3	2
46:17	ISA.37.27-ISA.37.29	2
46:17	EZK.29.3	2
46:17	EZK.31.18	2
46:18	JER.48.15	5
46:18	JOS.19.22	4
46:18	JDG.4.6	4
46:18	PSA.89.12	3
46:18	ISA.47.4	3
46:18	ISA.48.2	3
46:18	MAL.1.14	3
46:18	1KI.18.42-1KI.18.43	2
46:18	JER.10.10	2
46:18	JER.44.26	2
46:18	JER.51.17	2
46:18	MAT.5.35	2
46:18	1TI.1.17	2
46:19	ISA.20.4	5
46:19	JER.48.18	4
46:19	JER.44.1	3
46:19	EZK.30.13	3
46:19	JER.26.9	2
46:19	JER.34.22	2
46:19	JER.51.29-JER.51.30	2
46:19	EZK.12.3-EZK.12.12	2
46:19	ZEP.2.5	2
46:20	JER.47.2	4
46:20	HOS.10.11	4
46:20	JER.1.14	3
46:20	JER.46.6	3
46:20	JER.46.10	3
46:20	JER.25.9	2
46:20	JER.46.24	2
46:20	JER.50.11	2
46:21	2KI.7.6	4
46:21	JER.46.5	4
46:21	OBA.1.13	4
46:21	2SA.10.6	3
46:21	PSA.37.13	3
46:21	ISA.34.7	3
46:21	JER.50.27	3
46:21	HOS.9.7	3
46:21	AMO.6.4	3
46:21	MIC.7.4	3
46:21	DEU.32.15	2
46:21	PRO.15.17	2
46:21	ISA.10.3	2
46:21	JER.18.17	2
46:21	JER.46.9	2
46:21	JER.46.15-JER.46.16	2
46:21	JER.50.11	2
46:21	EZK.27.10-EZK.27.11	2
46:21	EZK.30.4-EZK.30.6	2
46:21	EZK.35.5	2
46:22	ISA.14.8	3
46:22	ISA.29.4	3
46:22	ISA.37.24	3
46:22	JER.51.20-JER.51.23	3
46:22	ISA.10.15	2
46:22	ISA.10.33-ISA.10.34	2
46:22	MIC.1.8	2
46:22	MIC.7.16	2
46:22	ZEC.11.2	2
46:23	JDG.7.12	5
46:23	JDG.6.5	4
46:23	JOL.2.25	3
46:23	ISA.10.18	2
46:23	EZK.20.46	2
46:23	REV.9.2-REV.9.10	2
46:24	JER.1.15	4
46:24	EZK.29.1-EZK.29.21	3
46:24	PSA.137.8	2
46:24	JER.46.11	2
46:24	JER.46.19-JER.46.20	2
46:25	ZEP.2.11	4
46:25	EXO.12.12	3
46:25	ISA.20.5-ISA.20.6	3
46:25	JER.43.12-JER.43.13	3
46:25	ISA.19.1	2
46:25	ISA.30.2-ISA.30.3	2
46:25	ISA.31.1-ISA.31.3	2
46:25	JER.17.5-JER.17.6	2
46:25	JER.42.14-JER.42.16	2
46:25	EZK.30.13-EZK.30.16	2
46:25	EZK.32.9-EZK.32.12	2
46:25	EZK.39.6-EZK.39.7	2
46:25	NAM.3.8-NAM.3.9	2
46:26	JER.44.30	5
46:26	EZK.32.11	5
46:26	EZK.29.8-EZK.29.14	3
46:26	JER.48.47	2
46:26	JER.49.39	2
46:27	ISA.43.5	9
46:27	ISA.43.1	8
46:27	JER.30.10-JER.30.11	8
46:27	ISA.41.13-ISA.41.14	7
46:27	JER.29.14	6
46:27	JER.50.19	6
46:27	ISA.44.2	5
46:27	JER.23.3-JER.23.4	5
46:27	JER.23.6	5
46:27	JER.33.16	5
46:27	AMO.9.14	5
46:27	ISA.11.11-ISA.11.16	4
46:27	JER.32.37	4
46:27	EZK.39.25	3
46:27	MIC.7.11-MIC.7.16	3
46:27	JER.31.8-JER.31.11	2
46:27	EZK.34.10-EZK.34.14	2
46:27	EZK.34.25-EZK.34.26	2
46:27	EZK.36.24	2
46:27	EZK.37.21-EZK.37.22	2
46:28	JER.10.24	6
46:28	1CO.11.32	6
46:28	REV.3.19	6
46:28	JER.4.27	5
46:28	JER.30.11	5
46:28	AMO.9.8-AMO.9.9	5
46:28	PSA.46.7	4
46:28	PSA.46.11	4
46:28	ISA.8.9-ISA.8.10	4
46:28	ISA.43.2	4
46:28	JER.1.19	4
46:28	JER.25.9	4
46:28	JER.32.42-JER.32.44	4
46:28	DAN.2.35	4
46:28	HAB.3.2	4
46:28	MAT.1.23	4
46:28	HEB.12.5-HEB.12.10	4
46:28	JOS.1.5	3
46:28	JOS.1.9	3
46:28	ISA.27.7	3
46:28	ISA.27.9	3
46:28	ISA.41.10	3
46:28	ISA.45.23	3
46:28	JER.5.10	3
46:28	JER.5.18	3
46:28	JER.15.20	3
46:28	JER.33.24-JER.33.26	3
46:28	MAT.28.20	2
46:28	ACT.18.10	2
46:28	ROM.11.15-ROM.11.17	2
46:28	2TI.4.17	2
47:1	JER.25.20	5
47:1	GEN.10.19	4
47:1	EXO.25.15-EXO.25.17	3
47:1	1KI.4.24	3
47:1	ZEC.9.5-ZEC.9.7	3
47:1	AMO.1.6-AMO.1.8	2
47:1	ZEP.2.4-ZEP.2.7	2
47:2	ISA.8.7-ISA.8.8	3
47:2	ISA.15.2-ISA.15.5	3
47:2	JER.1.14	3
47:2	JER.8.16	3
47:2	JER.46.20	3
47:2	PSA.24.1	2
47:2	PSA.50.12	2
47:2	PSA.96.11	2
47:2	PSA.98.7	2
47:2	ISA.14.31	2
47:2	ISA.15.8	2
47:2	ISA.22.1	2
47:2	ISA.22.4-ISA.22.5	2
47:2	ISA.28.17	2
47:2	ISA.59.19	2
47:2	JER.46.6-JER.46.8	2
47:2	JER.46.13	2
47:2	JER.48.3-JER.48.5	2
47:2	JER.48.39	2
47:2	DAN.11.22	2
47:2	AMO.9.5-AMO.9.6	2
47:2	NAM.1.8	2
47:2	ZEP.1.10-ZEP.1.11	2
47:2	1CO.10.26	2
47:2	1CO.10.28	2
47:2	JAS.5.1	2
47:2	REV.12.15-REV.12.16	2
47:2	REV.17.1	2
47:2	REV.17.15	2
47:3	JDG.5.22	3
47:3	JER.8.16	3
47:3	DEU.28.54-DEU.28.55	2
47:3	JOB.39.19-JOB.39.25	2
47:3	JER.46.9	2
47:3	LAM.4.3-LAM.4.4	2
47:3	EZK.26.10-EZK.26.11	2
47:3	NAM.2.4	2
47:3	NAM.3.2-NAM.3.3	2
47:4	AMO.9.7	6
47:4	DEU.2.23	4
47:4	ISA.20.6	4
47:4	PSA.37.13	3
47:4	JER.46.10	3
47:4	EZK.7.5-EZK.7.7	3
47:4	EZK.7.12	3
47:4	EZK.21.25	3
47:4	EZK.21.29	3
47:4	HOS.9.7	3
47:4	AMO.1.8-AMO.1.10	3
47:4	GEN.10.13-GEN.10.14	2
47:4	JOS.22.30	2
47:4	1CH.1.12	2
47:4	JOB.9.13	2
47:4	ISA.10.3	2
47:4	ISA.23.1-ISA.23.18	2
47:4	ISA.31.8	2
47:4	JER.25.20-JER.25.22	2
47:4	EZK.25.16	2
47:4	EZK.26.1-EZK.26.21	2
47:4	EZK.30.8	2
47:4	JOL.3.4-JOL.3.8	2
47:4	ZEC.9.2-ZEC.9.5	2
47:4	LUK.21.22	2
47:5	JER.48.37	7
47:5	JER.25.20	5
47:5	JER.41.5	4
47:5	MIC.1.16	4
47:5	LEV.19.28	2
47:5	LEV.21.5	2
47:5	DEU.14.1	2
47:5	JDG.1.18	2
47:5	1KI.18.28	2
47:5	ISA.15.2	2
47:5	JER.16.1	2
47:5	JER.47.1	2
47:5	JER.47.4	2
47:5	EZK.7.18	2
47:5	EZK.25.16	2
47:5	AMO.1.6-AMO.1.8	2
47:5	ZEP.2.4-ZEP.2.7	2
47:5	ZEC.9.5-ZEC.9.7	2
47:5	MRK.5.5	2
47:6	JER.12.12	5
47:6	EZK.21.3-EZK.21.5	5
47:6	EZK.21.30	3
47:6	JHN.18.11	3
47:6	DEU.32.41-DEU.32.42	2
47:6	2SA.2.26	2
47:6	1CH.21.27	2
47:6	PSA.17.13	2
47:6	ISA.10.5	2
47:6	ISA.10.15	2
47:6	JER.4.21	2
47:6	JER.12.4	2
47:6	JER.15.3	2
47:6	JER.25.27	2
47:6	JER.51.20-JER.51.23	2
47:6	EZK.14.17	2
47:7	EZK.14.17	4
47:7	MIC.6.9	4
47:7	ISA.10.6	3
47:7	1SA.15.3	2
47:7	ISA.13.3	2
47:7	ISA.37.26	2
47:7	ISA.45.1-ISA.45.3	2
47:7	ISA.46.10-ISA.46.11	2
47:7	EZK.25.16	2
47:7	AMO.3.6	2
47:7	ZEP.2.6-ZEP.2.7	2
48:1	NUM.32.3	4
48:1	NUM.32.37-NUM.32.38	4
48:1	JER.48.22-JER.48.23	4
48:1	ISA.15.1-ISA.15.9	3
48:1	JER.25.21	3
48:1	EZK.25.8-EZK.25.11	3
48:1	AMO.2.1-AMO.2.2	3
48:1	GEN.19.37	2
48:1	NUM.24.17	2
48:1	NUM.33.47	2
48:1	2CH.20.10	2
48:1	ISA.25.10	2
48:1	ISA.27.3	2
48:1	JER.9.26	2
48:1	JER.27.3	2
48:1	ZEP.2.8-ZEP.2.11	2
48:2	NUM.32.37	3
48:2	ISA.16.14	3
48:2	JER.31.36	3
48:2	NUM.21.25-NUM.21.30	2
48:2	EST.3.8-EST.3.14	2
48:2	PSA.83.4-PSA.83.8	2
48:2	ISA.15.1	2
48:2	ISA.15.5	2
48:2	ISA.16.8-ISA.16.9	2
48:2	ISA.25.10	2
48:2	JER.25.15	2
48:2	JER.25.17	2
48:2	JER.33.24	2
48:2	JER.46.28	2
48:2	JER.48.17	2
48:2	JER.48.34-JER.48.35	2
48:2	JER.48.42	2
48:2	JER.48.45	2
48:2	JER.49.3	2
48:3	ISA.15.5	5
48:3	JER.48.34	4
48:3	JER.48.5	3
48:3	ISA.15.2	2
48:3	ISA.15.8	2
48:3	ISA.16.7-ISA.16.11	2
48:3	ISA.22.4	2
48:3	JER.4.20-JER.4.21	2
48:3	JER.47.2	2
48:4	NUM.21.27-NUM.21.30	2
48:4	EST.8.11	2
48:4	PSA.137.9	2
48:5	ISA.15.5	4
48:6	JER.17.6	4
48:6	JOB.30.3-JOB.30.7	3
48:6	JER.51.6	3
48:6	GEN.19.17	2
48:6	PSA.11.1	2
48:6	PRO.6.4-PRO.6.5	2
48:6	MAT.24.16-MAT.24.18	2
48:6	LUK.3.7	2
48:6	LUK.17.31-LUK.17.33	2
48:6	HEB.6.18	2
48:7	NUM.21.29	5
48:7	PSA.52.7	4
48:7	JER.9.23	4
48:7	JER.49.3	4
48:7	1KI.11.33	3
48:7	ISA.46.1-ISA.46.2	3
48:7	JER.48.13	3
48:7	JER.48.46	3
48:7	HOS.10.13	3
48:7	1TI.6.17	3
48:7	JDG.11.24	2
48:7	1KI.11.7	2
48:7	PSA.40.4	2
48:7	PSA.49.6-PSA.49.7	2
48:7	PSA.62.8-PSA.62.10	2
48:7	ISA.59.4-ISA.59.6	2
48:7	JER.13.25	2
48:7	JER.43.12	2
48:7	EZK.28.2-EZK.28.5	2
48:7	REV.18.7	2
48:8	JER.6.26	3
48:8	JOS.13.9	2
48:8	JOS.13.17	2
48:8	JOS.13.21	2
48:8	JER.15.8	2
48:8	JER.25.9	2
48:8	JER.48.18	2
48:8	JER.48.20-JER.48.25	2
48:8	JER.51.56	2
48:8	EZK.25.9	2
48:9	PSA.11.1	3
48:9	ISA.16.2	3
48:9	JER.48.28	3
48:9	PSA.55.6	2
48:9	JER.46.19	2
48:9	ZEP.2.9	2
48:9	REV.12.14	2
48:10	1SA.15.3	13
48:10	1KI.20.42	13
48:10	JDG.5.23	10
48:10	1SA.15.9	10
48:10	NUM.31.14-NUM.31.18	7
48:10	2KI.13.19	7
48:10	JER.50.25	6
48:10	1SA.15.13-1SA.15.35	5
48:10	JER.47.6	5
48:11	ZEP.1.12	8
48:11	JER.48.29	5
48:11	ZEC.1.15	5
48:11	EZK.16.49-EZK.16.50	4
48:11	NAM.2.2	4
48:11	PSA.55.19	3
48:11	PSA.73.4-PSA.73.8	3
48:11	PSA.123.4	3
48:11	ISA.16.6	3
48:11	ISA.24.3	3
48:11	PRO.1.32	2
48:11	ISA.25.6	2
48:11	JER.51.34	2
48:11	NAM.2.10	1
48:12	NAM.2.2	4
48:12	ISA.30.14	3
48:12	JER.48.38	3
48:12	EZK.25.9-EZK.25.10	3
48:12	PSA.2.9	2
48:12	ISA.16.2	2
48:12	JER.14.3	2
48:12	JER.19.10	2
48:12	JER.25.9	2
48:12	JER.25.34	2
48:12	JER.48.8	2
48:12	JER.48.11	2
48:12	JER.48.15	2
48:13	ISA.45.16	4
48:13	JDG.11.24	3
48:13	JER.48.39	3
48:13	HOS.8.5-HOS.8.6	3
48:13	1SA.5.3-1SA.5.7	2
48:13	1KI.11.7	2
48:13	1KI.12.28-1KI.12.29	2
48:13	1KI.18.26-1KI.18.29	2
48:13	1KI.18.40	2
48:13	ISA.2.20	2
48:13	ISA.16.12	2
48:13	ISA.45.20	2
48:13	ISA.46.1-ISA.46.2	2
48:13	JER.48.7	2
48:13	JER.48.46	2
48:13	HOS.10.5-HOS.10.6	2
48:13	HOS.10.14-HOS.10.15	2
48:13	AMO.5.5-AMO.5.6	2
48:14	PSA.33.16	4
48:14	ISA.10.13	3
48:14	ISA.10.16	3
48:14	PSA.11.1	2
48:14	ECC.9.11	2
48:14	ISA.16.6	2
48:14	ISA.36.4-ISA.36.5	2
48:14	JER.8.8	2
48:14	JER.9.23	2
48:14	JER.49.16	2
48:14	EZK.30.6	2
48:14	ZEP.2.10	2
48:15	JER.46.18	5
48:15	JER.50.27	5
48:15	JER.51.57	4
48:15	ISA.40.30-ISA.40.31	3
48:15	MAL.1.14	3
48:15	PSA.24.8-PSA.24.10	2
48:15	PSA.47.2	2
48:15	ISA.34.2-ISA.34.8	2
48:15	JER.48.4	2
48:15	JER.48.8-JER.48.25	2
48:15	JER.51.40	2
48:15	DAN.4.37	2
48:15	ZEC.14.9	2
48:15	JAS.5.4	2
48:15	REV.19.16	2
48:16	ISA.13.22	4
48:16	DEU.32.35	2
48:16	ISA.16.13-ISA.16.14	2
48:16	JER.1.12	2
48:16	EZK.12.23	2
48:16	EZK.12.28	2
48:16	2PE.2.3	2
48:17	ISA.9.4	4
48:17	ISA.10.5	2
48:17	ISA.14.4-ISA.14.5	2
48:17	ISA.16.8	2
48:17	JER.9.17-JER.9.20	2
48:17	JER.48.31-JER.48.33	2
48:17	JER.48.39	2
48:17	EZK.19.11-EZK.19.14	2
48:17	ZEC.11.10-ZEC.11.14	2
48:17	REV.18.14-REV.18.20	2
48:18	NUM.21.30	5
48:18	ISA.47.1	5
48:18	ISA.15.2	4
48:18	JOS.13.17	3
48:18	JER.48.22	3
48:18	GEN.21.16	2
48:18	EXO.17.3	2
48:18	NUM.32.3	2
48:18	JOS.13.9	2
48:18	JDG.15.18	2
48:18	ISA.5.13	2
48:18	JER.46.18-JER.46.19	2
48:18	EZK.19.13	2
48:19	DEU.2.36	5
48:19	1SA.4.16	4
48:19	1SA.4.13-1SA.4.14	3
48:19	NUM.32.34	2
48:19	2SA.1.3-2SA.1.4	2
48:19	2SA.18.24-2SA.18.32	2
48:19	2SA.24.5	2
48:19	1CH.5.8	2
48:20	ISA.16.2	3
48:20	NUM.21.13-NUM.21.14	2
48:20	NUM.21.26-NUM.21.28	2
48:20	DEU.2.36	2
48:20	JOS.13.9	2
48:20	JDG.11.18	2
48:20	ISA.15.1-ISA.15.5	2
48:20	ISA.15.8	2
48:20	ISA.16.7-ISA.16.11	2
48:20	JER.48.1-JER.48.5	2
48:21	JOS.13.18	5
48:21	ISA.15.4	4
48:21	NUM.21.23	3
48:21	JER.48.8	3
48:21	JOS.21.36-JOS.21.37	2
48:21	EZK.25.9	2
48:21	ZEP.2.9	2
48:22	NUM.33.46	3
48:22	JER.48.18	3
48:22	NUM.32.34	2
48:22	JER.48.1	2
48:22	EZK.6.14	2
48:23	JOS.13.17	5
48:23	JER.48.1	3
48:23	GEN.14.5	2
48:23	NUM.32.38	2
48:23	JOS.13.19	2
48:24	AMO.2.2	5
48:24	JER.48.41	3
48:24	DEU.4.43	2
48:24	JOS.21.36	2
48:24	ZEP.2.8-ZEP.2.10	2
48:25	PSA.75.10	5
48:25	PSA.10.15	4
48:25	JOB.22.9	3
48:25	ZEC.1.19-ZEC.1.21	3
48:25	NUM.32.37	2
48:25	PSA.37.17	2
48:25	LAM.2.3	2
48:25	EZK.30.21-EZK.30.25	2
48:25	DAN.7.8	2
48:25	DAN.8.7-DAN.8.9	2
48:25	DAN.8.21	2
48:26	ISA.19.14	5
48:26	ISA.29.9	5
48:26	JER.48.42	5
48:26	JER.51.39	4
48:26	EXO.5.2	3
48:26	JER.48.39	3
48:26	JER.51.7	3
48:26	LAM.4.21	3
48:26	DAN.5.23	3
48:26	EXO.9.17	2
48:26	JOB.9.4	2
48:26	PSA.2.4	2
48:26	PSA.59.8	2
48:26	PSA.60.3	2
48:26	PSA.75.8	2
48:26	ISA.10.15	2
48:26	ISA.51.17	2
48:26	ISA.63.6	2
48:26	JER.13.13-JER.13.14	2
48:26	JER.25.15-JER.25.17	2
48:26	JER.25.27-JER.25.29	2
48:26	JER.51.57	2
48:26	LAM.1.21	2
48:26	LAM.3.15	2
48:26	EZK.23.31-EZK.23.34	2
48:26	EZK.35.12-EZK.35.13	2
48:26	DAN.8.11-DAN.8.12	2
48:26	DAN.11.36	2
48:26	NAM.3.11	2
48:26	HAB.2.16	2
48:26	ZEP.2.8-ZEP.2.10	2
48:26	2TH.2.4	2
48:26	REV.16.19	2
48:27	JER.2.26	5
48:27	MIC.7.8-MIC.7.10	4
48:27	LAM.2.15-LAM.2.17	3
48:27	EZK.25.8	3
48:27	ZEP.2.8	3
48:27	JOB.16.4	2
48:27	PSA.44.13	2
48:27	PSA.79.4	2
48:27	PRO.24.17-PRO.24.18	2
48:27	JER.18.16	2
48:27	EZK.26.2-EZK.26.3	2
48:27	EZK.35.15	2
48:27	EZK.36.2	2
48:27	EZK.36.4	2
48:27	OBA.1.12-OBA.1.13	2
48:27	ZEP.2.10	2
48:27	MAT.7.2	2
48:27	MAT.26.55	2
48:27	MAT.27.38	2
48:28	JDG.6.2	4
48:28	PSA.55.6-PSA.55.7	4
48:28	SNG.2.14	4
48:28	ISA.2.19	3
48:28	JER.48.9	3
48:28	JER.49.16	3
48:28	1SA.13.6	2
48:28	OBA.1.3-OBA.1.4	2
48:29	ISA.16.6	5
48:29	PSA.138.6	3
48:29	ISA.2.11-ISA.2.12	3
48:29	JOB.40.10-JOB.40.12	2
48:29	PRO.8.13	2
48:29	PRO.18.12	2
48:29	PRO.30.13	2
48:29	DAN.4.37	2
48:29	ZEP.2.8-ZEP.2.15	2
48:29	LUK.14.11	2
48:29	JAS.4.6	2
48:30	JER.50.36	3
48:30	JOB.9.12-JOB.9.13	2
48:30	PSA.33.10	2
48:30	PRO.21.30	2
48:30	ISA.16.6	2
48:30	ISA.37.28-ISA.37.29	2
48:31	2KI.3.25	5
48:31	ISA.15.5	5
48:31	JER.48.36	3
48:31	ISA.16.7-ISA.16.11	2
48:32	ISA.16.8-ISA.16.9	5
48:32	NUM.21.32	4
48:32	JOS.13.19	3
48:32	NUM.32.1	2
48:32	NUM.32.35	2
48:32	NUM.32.38	2
48:32	JOS.21.39	2
48:32	JER.40.10	2
48:32	JER.48.8	2
48:32	JER.48.15	2
48:32	JER.48.18	2
48:33	ISA.5.10	3
48:33	HAG.2.16	3
48:33	ISA.7.23	2
48:33	ISA.9.3	2
48:33	ISA.16.9-ISA.16.10	2
48:33	ISA.24.7-ISA.24.12	2
48:33	ISA.32.9-ISA.32.14	2
48:33	JER.25.9-JER.25.10	2
48:33	JOL.1.5	2
48:33	JOL.1.12-JOL.1.13	2
48:33	JOL.1.16	2
48:33	REV.18.22-REV.18.23	2
48:34	ISA.15.4-ISA.15.6	5
48:34	NUM.32.3	4
48:34	GEN.13.10	2
48:34	NUM.32.36-NUM.32.37	2
48:34	DEU.34.3	2
48:34	JER.48.2-JER.48.3	2
48:34	JER.48.5	2
48:35	ISA.15.2	5
48:35	ISA.16.12	5
48:35	NUM.22.40-NUM.22.41	2
48:35	NUM.28.14	2
48:35	NUM.28.28-NUM.28.30	2
48:35	JER.11.13	2
48:35	JER.48.7	2
48:36	ISA.15.7	5
48:36	ISA.16.11	4
48:36	ISA.15.5	3
48:36	PRO.11.4	2
48:36	PRO.13.22	2
48:36	PRO.18.11	2
48:36	ECC.5.13-ECC.5.14	2
48:36	ISA.63.15	2
48:36	JER.4.19	2
48:36	JER.17.11	2
48:36	LUK.12.20-LUK.12.21	2
48:36	JAS.5.2-JAS.5.3	2
48:37	GEN.37.34	4
48:37	ISA.15.2-ISA.15.3	4
48:37	JER.41.5	4
48:37	JER.47.5	4
48:37	ISA.20.2	3
48:37	JER.16.6	3
48:37	GEN.37.29	2
48:37	LEV.19.28	2
48:37	1KI.18.28	2
48:37	1KI.21.27	2
48:37	2KI.6.30	2
48:37	ISA.3.24	2
48:37	ISA.37.1	2
48:37	EZK.7.18	2
48:37	EZK.27.31	2
48:37	AMO.8.10	2
48:37	MIC.1.16	2
48:37	MRK.5.5	2
48:37	REV.11.3	2
48:38	JER.22.28	5
48:38	ISA.22.1	3
48:38	JER.25.34	3
48:38	PSA.2.9	2
48:38	ISA.15.3	2
48:38	ISA.30.14	2
48:38	HOS.8.8	2
48:38	ROM.9.21-ROM.9.22	2
48:38	2TI.2.20-2TI.2.21	2
48:38	REV.2.27	2
48:39	ISA.20.4-ISA.20.6	2
48:39	JER.48.17	2
48:39	JER.48.26-JER.48.27	2
48:39	LAM.1.1	2
48:39	LAM.2.1	2
48:39	LAM.4.1	2
48:39	EZK.26.16-EZK.26.18	2
48:39	REV.18.9-REV.18.10	2
48:39	REV.18.15-REV.18.16	2
48:40	ISA.8.8	5
48:40	DEU.28.49	4
48:40	JER.49.22	4
48:40	EZK.17.3	3
48:40	HOS.8.1	3
48:40	JER.4.13	2
48:40	LAM.4.19	2
48:40	DAN.7.4	2
48:40	HAB.1.8	2
48:41	ISA.13.8	4
48:41	ISA.21.3	4
48:41	JER.6.24	3
48:41	JER.30.6	3
48:41	JER.49.22	3
48:41	MIC.4.9-MIC.4.10	3
48:41	ISA.26.17-ISA.26.18	2
48:41	JER.4.31	2
48:41	JER.49.24	2
48:41	JER.50.43	2
48:41	JER.51.30	2
48:41	1TH.5.3	2
48:42	JER.48.2	4
48:42	ISA.7.8	3
48:42	ISA.37.23	3
48:42	JER.30.11	3
48:42	JER.48.26-JER.48.30	3
48:42	EST.3.8-EST.3.13	2
48:42	PSA.83.4-PSA.83.8	2
48:42	PRO.16.18	2
48:42	DAN.11.36	2
48:42	MAT.7.2	2
48:42	2TH.2.4	2
48:42	REV.13.6	2
48:43	ISA.24.17-ISA.24.18	4
48:43	LAM.3.47	4
48:43	DEU.32.23-DEU.32.25	2
48:43	PSA.11.6	2
48:44	1KI.19.17	4
48:44	JER.11.23	4
48:44	JER.46.21	3
48:44	AMO.5.19	3
48:44	1KI.20.30	2
48:44	ISA.10.3	2
48:44	ISA.24.18	2
48:44	ISA.37.36-ISA.37.38	2
48:44	JER.10.15	2
48:44	JER.16.16	2
48:44	JER.23.12	2
48:44	JER.51.18	2
48:44	HOS.9.7	2
48:44	AMO.2.14-AMO.2.15	2
48:44	AMO.9.1-AMO.9.4	2
48:44	MIC.7.4	2
48:44	JER.8.12	1
48:45	NUM.24.17	5
48:45	NUM.21.28	4
48:45	NUM.21.21	2
48:45	NUM.21.26	2
48:45	AMO.2.2	2
48:45	ZEC.10.4	2
48:45	MAT.21.42	2
48:46	NUM.21.29	4
48:46	JDG.11.24	3
48:46	1KI.11.7	3
48:46	JER.48.7	3
48:46	JER.48.13	3
48:46	2KI.23.13	2
48:47	JER.49.6	5
48:47	JER.49.39	5
48:47	NUM.24.14	2
48:47	DEU.4.30	2
48:47	DEU.31.29	2
48:47	JOB.19.25	2
48:47	ISA.18.7	2
48:47	ISA.19.18-ISA.19.23	2
48:47	ISA.23.18	2
48:47	JER.12.15	2
48:47	JER.23.20	2
48:47	JER.30.24	2
48:47	JER.46.26	2
48:47	EZK.16.53-EZK.16.55	2
48:47	DAN.2.28	2
48:47	DAN.10.14	2
48:47	HOS.3.5	2
48:47	EZK.38.8	1
49:1	DEU.23.3	4
49:1	EZK.25.2-EZK.25.10	4
49:1	AMO.1.13-AMO.1.15	4
49:1	ZEP.2.8-ZEP.2.11	4
49:1	2CH.20.1	3
49:1	JER.25.21	3
49:1	JER.49.7	3
49:1	EZK.21.28-EZK.21.32	3
49:1	GEN.19.38	2
49:1	DEU.2.19	2
49:1	JDG.10.7-JDG.10.8	2
49:1	JDG.11.13-JDG.11.15	2
49:1	1SA.11.1-1SA.11.3	2
49:1	2KI.10.33	2
49:1	2KI.24.2	2
49:1	2CH.20.23	2
49:1	NEH.2.19	2
49:1	NEH.4.7	2
49:1	NEH.13.1-NEH.13.2	2
49:1	PSA.9.6	2
49:1	PSA.83.7	2
49:1	JER.25.9	2
49:1	JER.27.3	2
49:1	JER.48.1	2
49:1	JER.49.23	2
49:1	JER.49.28	2
49:2	JER.4.19	5
49:2	DEU.3.11	4
49:2	EZK.21.20	4
49:2	2SA.11.1	3
49:2	EZK.25.4-EZK.25.6	3
49:2	AMO.1.14	3
49:2	NUM.21.25	2
49:2	JOS.13.24-JOS.13.25	2
49:2	2SA.12.27-2SA.12.29	2
49:2	PSA.48.11	2
49:2	PSA.97.8	2
49:2	ISA.14.1-ISA.14.3	2
49:2	JER.49.1	2
49:2	EZK.16.46-EZK.16.55	2
49:2	OBA.1.19	1
49:3	JER.48.7	5
49:3	ISA.15.2	4
49:3	JER.48.37	4
49:3	1KI.11.5	3
49:3	1KI.11.33	3
49:3	2KI.23.13	3
49:3	JER.4.8	3
49:3	JER.46.25	3
49:3	JOS.8.28	2
49:3	JOB.30.3-JOB.30.7	2
49:3	ISA.13.6	2
49:3	ISA.14.31	2
49:3	ISA.16.7	2
49:3	ISA.23.1	2
49:3	ISA.23.6	2
49:3	ISA.32.11-ISA.32.12	2
49:3	JER.6.26	2
49:3	JER.48.2	2
49:3	JER.48.20	2
49:3	JER.49.1	2
49:3	JER.51.8	2
49:3	AMO.1.15	2
49:3	ZEP.1.5	2
49:3	JAS.5.1	2
49:4	1TI.6.17	5
49:4	JER.9.23	4
49:4	JER.21.13	4
49:4	PSA.49.6	3
49:4	PSA.52.7	3
49:4	PSA.62.10	3
49:4	JER.3.14	3
49:4	JER.48.7	3
49:4	PRO.10.15	2
49:4	ISA.28.1-ISA.28.4	2
49:4	ISA.47.7-ISA.47.8	2
49:4	JER.7.24	2
49:4	JER.49.16	2
49:4	EZK.28.4-EZK.28.7	2
49:4	HOS.4.16	2
49:4	OBA.1.4-OBA.1.5	2
49:4	REV.18.7	2
49:5	JER.46.5	3
49:5	JER.49.29	3
49:5	JOS.2.9	2
49:5	2KI.7.6-2KI.7.7	2
49:5	2KI.19.7	2
49:5	JOB.15.21	2
49:5	PRO.28.1	2
49:5	ISA.16.3	2
49:5	JER.15.8	2
49:5	JER.20.4	2
49:5	JER.48.41-JER.48.44	2
49:5	AMO.4.3	2
49:5	OBA.1.12-OBA.1.14	2
49:6	JER.49.39	6
49:6	JER.48.47	5
49:6	ISA.19.18-ISA.19.23	2
49:6	ISA.23.18	2
49:6	JER.46.26	2
49:6	EZK.16.53	2
49:7	AMO.1.11-AMO.1.12	5
49:7	GEN.25.30	4
49:7	GEN.36.15	4
49:7	JER.25.21	4
49:7	JER.49.20	4
49:7	EZK.25.12-EZK.25.14	4
49:7	GEN.36.11	3
49:7	JOB.2.11	3
49:7	GEN.27.41	2
49:7	GEN.36.8	2
49:7	GEN.36.34	2
49:7	NUM.20.14-NUM.20.21	2
49:7	NUM.24.17-NUM.24.18	2
49:7	DEU.23.7	2
49:7	1CH.1.53	2
49:7	JOB.4.1	2
49:7	JOB.5.12-JOB.5.14	2
49:7	PSA.83.4-PSA.83.10	2
49:7	PSA.137.7	2
49:7	ISA.19.11-ISA.19.13	2
49:7	ISA.29.14	2
49:7	ISA.34.1-ISA.34.17	2
49:7	ISA.63.1-ISA.63.6	2
49:7	JER.18.18	2
49:7	JER.25.9	2
49:7	EZK.35.1-EZK.35.15	2
49:7	DAN.11.41	2
49:7	JOL.3.19	2
49:7	OBA.1.1-OBA.1.21	2
49:7	HAB.3.3	2
49:7	MAL.1.3-MAL.1.4	2
49:7	ROM.1.22-ROM.1.23	2
49:8	JER.25.23	5
49:8	JER.46.21	4
49:8	ISA.21.13	3
49:8	JER.49.30	3
49:8	JDG.6.2	2
49:8	1SA.13.6	2
49:8	ISA.2.21	2
49:8	JER.6.1	2
49:8	JER.48.6	2
49:8	JER.48.28	2
49:8	JER.48.44	2
49:8	JER.49.32	2
49:8	JER.50.27	2
49:8	LAM.4.21-LAM.4.22	2
49:8	AMO.9.1-AMO.9.3	2
49:8	OBA.1.3-OBA.1.4	2
49:8	MAT.24.15-MAT.24.18	2
49:8	REV.6.15	2
49:9	OBA.1.5-OBA.1.6	3
49:9	ISA.17.6	2
49:10	ISA.17.14	4
49:10	MAL.1.3-MAL.1.4	3
49:10	PSA.37.28	2
49:10	PSA.37.35-PSA.37.36	2
49:10	ISA.14.20-ISA.14.22	2
49:10	ISA.45.3	2
49:10	JER.23.24	2
49:10	AMO.9.3	2
49:10	OBA.1.9	2
49:10	ROM.9.13	2
49:11	PSA.68.5	8
49:11	HOS.14.3	5
49:11	JAS.1.27	5
49:11	1TI.5.5	4
49:11	DEU.10.18	3
49:11	PSA.82.3	3
49:11	PSA.146.9	3
49:11	PRO.23.10-PRO.23.11	3
49:11	JON.4.11	3
49:11	MAL.3.5	3
49:11	PSA.10.14-PSA.10.18	2
49:12	JER.25.28-JER.25.29	5
49:12	OBA.1.16	3
49:12	PRO.17.5	2
49:12	JER.25.15	2
49:12	JER.30.11	2
49:12	JER.46.27	2
49:12	LAM.4.21-LAM.4.22	2
49:12	1PE.4.17-1PE.4.18	2
49:13	GEN.22.16	4
49:13	GEN.36.33	4
49:13	ISA.34.6	4
49:13	ISA.34.9-ISA.34.15	3
49:13	ISA.45.23	3
49:13	ISA.63.1	3
49:13	JER.44.26	3
49:13	JER.49.22	3
49:13	AMO.1.12	3
49:13	AMO.6.8	3
49:13	JER.49.17-JER.49.18	2
49:13	EZK.25.13-EZK.25.14	2
49:13	EZK.35.2-EZK.35.15	2
49:13	JOL.3.19	2
49:13	OBA.1.18	2
49:13	MAL.1.3-MAL.1.4	2
49:14	ISA.30.4	3
49:14	ISA.13.2-ISA.13.3	2
49:14	ISA.18.2-ISA.18.3	2
49:14	ISA.37.7	2
49:14	JER.50.9-JER.50.16	2
49:14	JER.51.11	2
49:14	JER.51.27-JER.51.28	2
49:14	JER.51.46	2
49:14	EZK.7.25-EZK.7.26	2
49:14	OBA.1.1-OBA.1.4	2
49:14	MAT.24.6	2
49:15	1SA.2.7-1SA.2.8	2
49:15	1SA.2.30	2
49:15	PSA.53.5	2
49:15	OBA.1.2	2
49:15	MIC.7.10	2
49:15	LUK.1.51	2
49:16	JOB.39.27	4
49:16	ISA.49.25	4
49:16	AMO.9.2	4
49:16	PRO.16.18	3
49:16	PRO.29.23	3
49:16	ISA.14.13-ISA.14.15	3
49:16	OBA.1.3-OBA.1.4	3
49:16	PRO.18.21	2
49:16	SNG.2.14	2
49:16	ISA.2.21	2
49:16	ISA.25.4-ISA.25.5	2
49:16	EZK.28.11-EZK.28.19	2
49:16	JER.48.28-JER.48.29	1
49:17	EZK.35.7	6
49:17	JER.50.13	5
49:17	JER.49.13	4
49:17	1KI.9.8	3
49:17	JER.18.16	3
49:17	JER.51.37	3
49:17	2CH.7.20-2CH.7.21	2
49:17	ISA.34.9-ISA.34.15	2
49:17	LAM.2.15-LAM.2.16	2
49:17	EZK.25.13	2
49:17	EZK.35.15	2
49:17	MIC.6.16	2
49:17	ZEP.2.15	2
49:18	DEU.29.23	5
49:18	JER.49.33	5
49:18	GEN.19.24-GEN.19.25	3
49:18	JOB.18.15-JOB.18.18	3
49:18	JER.50.40	3
49:18	AMO.4.11	3
49:18	ZEP.2.9	3
49:18	PSA.11.6	2
49:18	ISA.13.19-ISA.13.22	2
49:18	ISA.34.10	2
49:18	2PE.2.6	2
49:18	JUD.1.7	2
49:18	REV.18.21-REV.18.23	2
49:19	JER.12.5	6
49:19	JER.30.21	4
49:19	EXO.15.11	3
49:19	JOS.3.15	3
49:19	JOB.9.19	3
49:19	JOB.41.10	3
49:19	JER.50.44-JER.50.46	3
49:19	1CH.12.15	2
49:19	JOB.9.21	2
49:19	JOB.23.3-JOB.23.7	2
49:19	JOB.40.2-JOB.40.8	2
49:19	JOB.42.3-JOB.42.5	2
49:19	PSA.76.7	2
49:19	PSA.89.6	2
49:19	PSA.89.8	2
49:19	PSA.113.5-PSA.113.6	2
49:19	PSA.143.2	2
49:19	ISA.40.25	2
49:19	JER.4.7	2
49:19	NAM.1.6	2
49:19	ZEC.11.3	2
49:19	REV.6.17	2
49:20	JER.50.45	7
49:20	MAL.1.3-MAL.1.4	4
49:20	JER.49.7	3
49:20	JOB.6.19-JOB.6.20	2
49:20	PSA.33.11	2
49:20	PRO.19.21	2
49:20	ISA.14.24-ISA.14.27	2
49:20	ISA.46.10-ISA.46.11	2
49:20	JER.37.10	2
49:20	JER.49.13	2
49:20	JER.49.17-JER.49.18	2
49:20	ZEC.4.6	2
49:20	ACT.4.28	2
49:20	1CO.1.27-1CO.1.29	2
49:20	EPH.1.11	2
49:21	JER.50.46	5
49:21	ISA.14.4-ISA.14.15	2
49:21	EZK.21.16	2
49:21	EZK.26.15-EZK.26.18	2
49:21	EZK.32.10	2
49:21	REV.18.10	2
49:22	JER.48.40-JER.48.41	5
49:22	ISA.13.8	4
49:22	HOS.8.1	4
49:22	DEU.28.49	3
49:22	JER.4.13	3
49:22	JER.6.24	3
49:22	JER.30.6	3
49:22	JER.49.24	3
49:22	PSA.18.5	2
49:22	ISA.21.3	2
49:22	ISA.26.17	2
49:22	JER.4.31	2
49:22	JER.13.21	2
49:22	JER.22.23	2
49:22	DAN.7.4	2
49:22	1TH.5.3	2
49:23	2KI.18.34	5
49:23	ISA.10.9	5
49:23	GEN.14.15	4
49:23	GEN.15.2	4
49:23	ISA.57.20	4
49:23	NUM.13.21	3
49:23	2KI.19.13	3
49:23	NAM.2.10	3
49:23	DEU.20.8	2
49:23	JOS.2.11	2
49:23	JOS.14.8	2
49:23	2SA.8.9	2
49:23	2SA.17.10	2
49:23	1KI.11.24	2
49:23	2KI.17.24	2
49:23	2CH.16.2	2
49:23	PSA.107.26-PSA.107.27	2
49:23	ISA.11.11	2
49:23	ISA.13.7	2
49:23	ISA.17.1-ISA.17.3	2
49:23	ISA.37.13	2
49:23	AMO.1.3-AMO.1.5	2
49:23	AMO.6.2	2
49:23	ZEC.9.1-ZEC.9.2	2
49:23	LUK.8.23-LUK.8.24	2
49:23	LUK.21.25-LUK.21.26	2
49:23	ACT.9.2	2
49:23	ACT.27.20	2
49:23	2CO.11.32	2
49:25	JER.33.9	4
49:25	JER.51.41	3
49:25	PSA.37.35-PSA.37.36	2
49:25	ISA.1.26	2
49:25	ISA.14.4-ISA.14.6	2
49:25	JER.48.2	2
49:25	JER.48.39	2
49:25	DAN.4.30	2
49:25	REV.18.10	2
49:25	REV.18.16-REV.18.19	2
49:26	JER.50.30	5
49:26	JER.11.22	3
49:26	AMO.4.10	3
49:26	JER.9.21	2
49:26	JER.51.3-JER.51.4	2
49:26	LAM.2.21	2
49:26	EZK.27.27	2
49:27	1KI.15.18-1KI.15.20	3
49:27	AMO.1.3-AMO.1.5	3
49:27	1KI.20.1-1KI.20.22	2
49:27	2KI.13.3	2
49:27	2KI.13.5	2
49:27	JER.43.12	2
49:28	GEN.25.13	4
49:28	JDG.6.3	4
49:28	ISA.11.14	4
49:28	ISA.21.16-ISA.21.17	3
49:28	JER.2.10	3
49:28	JER.49.14	3
49:28	EZK.27.21	3
49:28	GEN.25.6	2
49:28	1CH.1.29	2
49:28	JOB.1.3	2
49:28	SNG.1.5	2
49:28	ISA.13.2-ISA.13.5	2
49:28	ISA.21.13	2
49:28	ISA.42.11	2
49:28	JER.49.30-JER.49.31	2
49:28	JER.49.33	2
49:28	JER.50.14-JER.50.16	2
49:29	JER.6.25	4
49:29	JER.46.5	4
49:29	PSA.120.5	3
49:29	HAB.3.7	3
49:29	GEN.37.25	2
49:29	JDG.6.5	2
49:29	JDG.7.12	2
49:29	JDG.8.21	2
49:29	JDG.8.26	2
49:29	1CH.5.20-1CH.5.21	2
49:29	JOB.1.3	2
49:29	PSA.31.13	2
49:29	ISA.13.20	2
49:29	ISA.60.7	2
49:29	JER.4.20	2
49:29	JER.10.20	2
49:29	JER.20.3-JER.20.4	2
49:29	JER.49.24	2
49:29	2CO.4.8	2
49:29	2CO.7.5	2
49:30	ISA.10.7	3
49:30	JER.25.9	3
49:30	JER.27.6	3
49:30	JER.25.24-JER.25.25	2
49:31	EZK.38.11	4
49:31	NUM.23.9	3
49:31	DEU.33.28	3
49:31	ISA.47.8	3
49:31	MIC.7.14	3
49:31	JDG.18.7-JDG.18.10	2
49:31	PSA.123.4	2
49:31	ISA.32.9	2
49:31	ISA.32.11	2
49:31	JER.48.11	2
49:31	EZK.30.9	2
49:31	EZK.39.6	2
49:31	NAM.1.12	2
49:31	ZEP.2.15	2
49:31	JDG.18.27-JDG.18.28	1
49:32	JER.9.26	5
49:32	JER.25.23	3
49:32	JER.49.36	3
49:32	EZK.5.10	3
49:32	EZK.12.14-EZK.12.15	3
49:32	DEU.28.64	2
49:32	EZK.5.12	2
49:33	JER.9.11	4
49:33	JER.10.22	4
49:33	JER.51.37	4
49:33	ISA.13.20-ISA.13.22	3
49:33	ZEP.2.9	3
49:33	ZEP.2.13-ZEP.2.15	3
49:33	MAL.1.3	3
49:33	ISA.14.23	2
49:33	ISA.34.9-ISA.34.17	2
49:33	JER.49.17-JER.49.18	2
49:33	JER.50.39-JER.50.40	2
49:33	REV.18.2	2
49:33	REV.18.21-REV.18.22	2
49:34	GEN.10.22	5
49:34	GEN.14.1	5
49:34	JER.25.25	5
49:34	DAN.8.2	5
49:34	ISA.21.2	4
49:34	EZR.4.9	3
49:34	ISA.11.11	3
49:34	ACT.2.9	3
49:34	2KI.24.17-2KI.24.18	2
49:34	EZK.32.24-EZK.32.25	2
49:35	ISA.22.6	5
49:35	PSA.46.9	3
49:35	JER.51.56	3
49:35	JER.50.14	2
49:35	JER.50.29	2
49:36	JER.49.32	4
49:36	JER.30.17	3
49:36	EZK.5.10	3
49:36	DAN.8.8	3
49:36	AMO.9.9	3
49:36	REV.7.1	3
49:36	DEU.28.25	2
49:36	DEU.28.64	2
49:36	PSA.147.2	2
49:36	ISA.11.12	2
49:36	ISA.16.3-ISA.16.4	2
49:36	ISA.27.13	2
49:36	ISA.56.8	2
49:36	EZK.5.12	2
49:36	DAN.8.22	2
49:36	DAN.11.4	2
49:36	DAN.7.2-DAN.7.3	1
49:37	JER.9.16	5
49:37	JER.48.2	3
49:37	LEV.26.33	2
49:37	PSA.48.4-PSA.48.6	2
49:37	JER.30.24	2
49:37	JER.34.20-JER.34.21	2
49:37	JER.48.39	2
49:37	JER.49.5	2
49:37	JER.49.22	2
49:37	JER.49.24	2
49:37	JER.49.29	2
49:37	JER.50.36	2
49:37	EZK.5.2	2
49:37	EZK.5.12	2
49:37	EZK.12.14	2
49:37	EZK.32.23	2
49:38	JER.43.10	1
49:38	DAN.7.9-DAN.7.14	1
49:39	JER.48.47	5
49:39	JOB.42.10	2
49:39	ISA.2.2	2
49:39	JER.49.6	2
49:39	EZK.16.53-EZK.16.55	2
49:39	EZK.29.14	2
49:39	EZK.38.16	2
49:39	EZK.39.25	2
49:39	DAN.2.28	2
49:39	DAN.10.14	2
49:39	HOS.3.5	2
49:39	AMO.9.14	2
49:39	MIC.4.1	2
50:1	JER.25.26-JER.25.27	4
50:1	ISA.13.1-ISA.13.3	3
50:1	JER.51.1-JER.51.14	3
50:1	2SA.23.2	2
50:1	JOB.1.17	2
50:1	PSA.137.8-PSA.137.9	2
50:1	ISA.14.4	2
50:1	ISA.21.1-ISA.21.10	2
50:1	ISA.23.13	2
50:1	ISA.47.1-ISA.47.15	2
50:1	JER.27.7	2
50:1	HAB.2.5-HAB.2.20	2
50:1	ACT.7.4	2
50:1	2PE.1.21	2
50:1	REV.18.1-REV.18.24	2
50:1	GEN.10.10	1
50:1	GEN.11.31	1
50:2	ISA.46.1	8
50:2	ISA.21.9	7
50:2	JER.51.44	4
50:2	JER.51.47	4
50:2	PSA.64.9	2
50:2	PSA.96.3	2
50:2	ISA.12.4	2
50:2	ISA.13.2	2
50:2	ISA.37.19	2
50:2	ISA.39.1	2
50:2	ISA.48.6	2
50:2	ISA.66.18-ISA.66.19	2
50:2	JER.4.16	2
50:2	JER.6.18	2
50:2	JER.31.10	2
50:2	JER.43.12-JER.43.13	2
50:2	JER.46.14	2
50:2	JER.50.46	2
50:2	JER.51.8	2
50:2	JER.51.31	2
50:2	JER.51.52	2
50:2	JER.52.31	2
50:2	ZEP.2.11	2
50:2	REV.14.6-REV.14.8	2
50:2	REV.18.2	2
50:3	JER.51.11	4
50:3	ZEP.1.3	4
50:3	JER.50.9	3
50:3	JER.51.62	3
50:3	GEN.6.7	2
50:3	EXO.12.12	2
50:3	ISA.13.5-ISA.13.10	2
50:3	ISA.13.17-ISA.13.22	2
50:3	ISA.14.22-ISA.14.24	2
50:3	JER.7.20	2
50:3	JER.21.6	2
50:3	JER.50.12-JER.50.13	2
50:3	JER.50.35-JER.50.41	2
50:3	JER.51.8-JER.51.9	2
50:3	JER.51.25-JER.51.27	2
50:3	JER.51.37-JER.51.44	2
50:3	JER.51.48	2
50:3	REV.18.21-REV.18.23	2
50:4	JER.31.31	5
50:4	HOS.1.11	5
50:4	HOS.3.5	5
50:4	ISA.11.12-ISA.11.13	4
50:4	EZR.3.12-EZR.3.13	3
50:4	PSA.105.4	3
50:4	PSA.126.4-PSA.126.6	3
50:4	ISA.14.1	3
50:4	ISA.45.19	3
50:4	ISA.55.6	3
50:4	ISA.63.4	3
50:4	JER.3.16-JER.3.18	3
50:4	JER.29.12-JER.29.14	3
50:4	JER.30.10-JER.30.11	3
50:4	JER.31.6-JER.31.7	3
50:4	JER.31.9-JER.31.10	3
50:4	JER.33.6-JER.33.8	3
50:4	JER.33.15	3
50:4	JER.50.19-JER.50.20	3
50:4	JER.50.33-JER.50.34	3
50:4	JER.51.47-JER.51.48	3
50:4	EZK.37.16-EZK.37.22	3
50:4	EZK.39.25	3
50:4	JOL.2.12	3
50:4	ZEC.8.21-ZEC.8.23	3
50:4	ZEC.12.10	3
50:4	JAS.4.9	2
50:5	JER.32.40	7
50:5	ISA.35.8	5
50:5	JER.6.16	4
50:5	HEB.8.6-HEB.8.10	4
50:5	PSA.84.7	3
50:5	ISA.2.3-ISA.2.5	3
50:5	ISA.55.3	3
50:5	ISA.56.6-ISA.56.7	3
50:5	MIC.4.1-MIC.4.2	3
50:5	GEN.17.7	2
50:5	2SA.23.5	1
50:5	1KI.19.10	1
50:5	1KI.19.14	1
50:5	PSA.25.8-PSA.25.9	1
50:5	JER.31.31-JER.31.36	1
50:5	JHN.7.17	1
50:5	ACT.11.23	1
50:5	2CO.8.5	1
50:6	ISA.53.6	9
50:6	MAT.9.36	8
50:6	EZK.34.14	6
50:6	MAT.10.6	6
50:6	JER.50.17	5
50:6	PSA.119.176	4
50:6	PSA.91.1	3
50:6	PSA.116.7	3
50:6	JER.3.6	3
50:6	JER.50.19	3
50:6	EZK.34.4-EZK.34.12	3
50:6	MAT.15.24	3
50:6	PSA.23.2	2
50:6	PSA.32.7	2
50:6	PSA.90.1	2
50:6	SNG.1.7-SNG.1.8	2
50:6	ISA.30.15	2
50:6	ISA.32.2	2
50:6	ISA.56.10-ISA.56.12	2
50:6	JER.2.20	2
50:6	JER.2.32	2
50:6	JER.3.23	2
50:6	JER.10.21	2
50:6	JER.23.11-JER.23.15	2
50:6	EZK.34.25-EZK.34.28	2
50:6	ZEC.11.4-ZEC.11.9	2
50:6	MAT.18.10-MAT.18.13	2
50:6	LUK.15.4-LUK.15.7	2
50:6	1PE.2.25	2
50:7	JER.2.3	5
50:7	JER.14.8	5
50:7	JER.31.23	4
50:7	JER.40.2-JER.40.3	4
50:7	ZEC.11.5	4
50:7	JER.50.17	3
50:7	PSA.22.4-PSA.22.5	2
50:7	PSA.79.7	2
50:7	PSA.90.1	2
50:7	PSA.91.1	2
50:7	ISA.9.12	2
50:7	ISA.47.6	2
50:7	ISA.56.9	2
50:7	JER.12.7-JER.12.11	2
50:7	JER.50.33	2
50:7	DAN.9.6	2
50:7	DAN.9.16	2
50:7	ZEC.1.15	2
50:7	1TI.1.1	2
50:8	ISA.48.20	6
50:8	JER.51.6	6
50:8	REV.18.4	5
50:8	JER.51.45	4
50:8	NUM.16.26	3
50:8	PRO.30.31	3
50:8	ISA.52.1	3
50:8	ZEC.2.6-ZEC.2.7	3
50:8	2CO.6.17	3
50:9	2SA.1.22	2
50:9	EZR.1.1-EZR.1.2	2
50:9	ISA.13.2-ISA.13.5	2
50:9	ISA.13.17-ISA.13.18	2
50:9	ISA.21.2	2
50:9	ISA.41.25	2
50:9	ISA.45.1-ISA.45.4	2
50:9	JER.15.14	2
50:9	JER.50.3	2
50:9	JER.50.14	2
50:9	JER.50.21	2
50:9	JER.50.26	2
50:9	JER.50.29	2
50:9	JER.50.41-JER.50.42	2
50:9	JER.51.1-JER.51.4	2
50:9	JER.51.11	2
50:9	JER.51.27-JER.51.28	2
50:10	JER.25.12	3
50:10	ISA.33.4	2
50:10	ISA.33.23	2
50:10	ISA.45.3	2
50:10	JER.27.7	2
50:10	REV.17.16	2
50:11	ISA.47.6	3
50:11	DEU.32.15	2
50:11	PSA.22.12	2
50:11	PSA.74.2-PSA.74.8	2
50:11	PSA.79.1-PSA.79.4	2
50:11	PSA.83.1-PSA.83.5	2
50:11	PRO.17.5	2
50:11	ISA.10.6-ISA.10.7	2
50:11	JER.5.8	2
50:11	JER.5.28	2
50:11	JER.46.21	2
50:11	JER.50.17	2
50:11	JER.50.27	2
50:11	JER.51.34-JER.51.35	2
50:11	LAM.1.21	2
50:11	LAM.2.15-LAM.2.16	2
50:11	LAM.4.21-LAM.4.22	2
50:11	EZK.25.3-EZK.25.8	2
50:11	EZK.25.15-EZK.25.17	2
50:11	EZK.26.2-EZK.26.3	2
50:11	HOS.10.11	2
50:11	AMO.4.1	2
50:11	OBA.1.12	2
50:11	ZEC.2.8-ZEC.2.9	2
50:11	ZEC.14.1-ZEC.14.3	2
50:11	ZEC.14.12	2
50:12	JER.51.43	4
50:12	ISA.13.20-ISA.13.22	2
50:12	ISA.14.22	2
50:12	ISA.23.13	2
50:12	JER.25.12	2
50:12	JER.25.26	2
50:12	JER.49.2	2
50:12	JER.50.35-JER.50.40	2
50:12	JER.51.25-JER.51.26	2
50:12	JER.51.62-JER.51.64	2
50:12	GAL.4.26	2
50:12	REV.17.5	2
50:12	REV.18.21-REV.18.23	2
50:13	JER.18.16	5
50:13	JER.49.17	4
50:13	JOB.27.23	2
50:13	ISA.14.4-ISA.14.17	2
50:13	JER.19.8	2
50:13	JER.25.12	2
50:13	JER.51.37	2
50:13	LAM.2.15-LAM.2.16	2
50:13	HAB.2.6-HAB.2.18	2
50:13	ZEP.2.15	2
50:13	ZEC.1.15	2
50:14	JER.50.29	7
50:14	HAB.2.17	4
50:14	1SA.17.20	3
50:14	JER.50.7	3
50:14	JER.50.9	3
50:14	JER.50.42	3
50:14	HAB.2.8	3
50:14	2SA.10.9	2
50:14	PSA.51.4	2
50:14	ISA.5.28	2
50:14	ISA.13.4	2
50:14	ISA.13.17-ISA.13.18	2
50:14	JER.46.9	2
50:14	JER.49.35	2
50:14	JER.50.11	2
50:14	JER.51.2	2
50:14	JER.51.11-JER.51.12	2
50:14	JER.51.27	2
50:14	REV.17.5	2
50:15	JER.51.58	5
50:15	JER.46.10	4
50:15	JER.51.6	4
50:15	REV.18.6	4
50:15	1CH.29.24	3
50:15	2CH.30.8	3
50:15	JER.51.11	3
50:15	JER.51.14	3
50:15	JER.51.44	3
50:15	LAM.5.6	3
50:15	DEU.32.35	2
50:15	DEU.32.41	2
50:15	DEU.32.43	2
50:15	JOS.6.5	2
50:15	JOS.6.20	2
50:15	JDG.1.6-JDG.1.7	2
50:15	1SA.15.33	2
50:15	PSA.94.1	2
50:15	PSA.137.8-PSA.137.9	2
50:15	PSA.149.7	2
50:15	ISA.59.17	2
50:15	ISA.61.2	2
50:15	ISA.63.4	2
50:15	JER.50.14	2
50:15	JER.50.28-JER.50.29	2
50:15	JER.51.25	2
50:15	JER.51.36	2
50:15	JER.51.64	2
50:15	EZK.17.18	2
50:15	EZK.21.22	2
50:15	NAM.1.2	2
50:15	MAT.7.2	2
50:15	LUK.21.22	2
50:15	ROM.3.5	2
50:15	ROM.12.19	2
50:15	2TH.1.8	2
50:15	JAS.2.13	2
50:15	REV.16.6	2
50:15	REV.19.2	2
50:16	JER.46.16	5
50:16	JER.51.9	5
50:16	ISA.13.14	4
50:16	JOL.1.11	3
50:16	JER.25.38	2
50:16	JER.51.23	2
50:16	AMO.5.16	2
50:17	JER.2.15	5
50:17	2KI.18.9-2KI.18.13	3
50:17	JER.50.6	3
50:17	JOL.3.2	3
50:17	JHN.10.10-JHN.10.12	3
50:17	1PE.2.25	3
50:17	2KI.15.29	2
50:17	2KI.17.6-2KI.17.23	2
50:17	2KI.24.1-2KI.25.7	2
50:17	2CH.28.20	2
50:17	2CH.32.1-2CH.32.23	2
50:17	2CH.33.11	2
50:17	2CH.36.1-2CH.36.23	2
50:17	ISA.7.17-ISA.7.20	2
50:17	ISA.8.7-ISA.8.8	2
50:17	ISA.10.5-ISA.10.7	2
50:17	ISA.36.1-ISA.36.22	2
50:17	ISA.47.6	2
50:17	JER.4.7	2
50:17	JER.5.6	2
50:17	JER.23.1-JER.23.2	2
50:17	JER.39.1-JER.39.8	2
50:17	JER.49.19	2
50:17	JER.51.34-JER.51.35	2
50:17	JER.51.38	2
50:17	JER.52.1	2
50:17	EZK.34.5-EZK.34.6	2
50:17	EZK.34.12	2
50:17	DAN.6.24	2
50:17	MAT.9.36-MAT.9.38	2
50:17	LUK.15.4-LUK.15.6	2
50:18	ISA.10.12	3
50:18	NAM.1.1-NAM.1.3	3
50:18	ISA.37.36-ISA.37.38	2
50:18	EZK.31.3-EZK.31.17	2
50:18	ZEP.2.13-ZEP.2.15	2
50:19	JER.3.18	3
50:19	JER.23.3	3
50:19	JER.24.6-JER.24.7	3
50:19	JER.30.10	3
50:19	JER.30.18	3
50:19	JER.31.6	3
50:19	JER.31.8-JER.31.10	3
50:19	JER.31.14	3
50:19	EZK.34.13-EZK.34.14	3
50:19	AMO.9.14-AMO.9.15	3
50:19	MIC.7.14	3
50:19	NUM.32.1	2
50:19	JOS.17.15	2
50:19	SNG.6.5	2
50:19	ISA.33.9	2
50:19	ISA.35.2	2
50:19	ISA.65.9-ISA.65.10	2
50:19	JER.31.25	2
50:19	JER.32.37	2
50:19	JER.33.7-JER.33.12	2
50:19	JER.50.4-JER.50.5	2
50:19	EZK.11.17	2
50:19	EZK.36.24	2
50:19	EZK.36.33	2
50:19	EZK.38.8	2
50:19	EZK.39.25-EZK.39.29	2
50:19	OBA.1.17-OBA.1.21	2
50:19	MIC.7.18	2
50:19	EZK.37.21-EZK.37.22	1
50:20	MIC.7.19	14
50:20	JER.31.34	13
50:20	ISA.1.9	10
50:20	ISA.43.25	10
50:20	PSA.103.12	8
50:20	ROM.8.33-ROM.8.34	8
50:20	HEB.10.17-HEB.10.18	8
50:20	ISA.44.22	7
50:20	NUM.23.21	6
50:20	ROM.11.26-ROM.11.27	6
50:20	HEB.8.10-HEB.8.12	6
50:20	2PE.3.15	6
50:20	JER.33.15	5
50:20	JER.50.4	5
50:20	ACT.3.19	5
50:20	ISA.11.1-ISA.11.2	4
50:20	JER.44.14	4
50:20	ACT.3.26	4
50:20	ROM.5.16	4
50:20	ROM.6.13	4
50:20	ROM.11.6	4
50:21	EZK.23.23	4
50:21	NUM.31.14-NUM.31.18	2
50:21	1SA.15.3	2
50:21	1SA.15.11-1SA.15.24	2
50:21	2SA.16.11	2
50:21	2KI.18.25	2
50:21	2CH.36.23	2
50:21	ISA.10.6	2
50:21	ISA.44.28	2
50:21	ISA.48.14	2
50:21	JER.34.22	2
50:21	JER.48.10	2
50:21	JER.50.3	2
50:21	JER.50.9	2
50:21	JER.50.15	2
50:22	JER.4.19-JER.4.21	4
50:22	JER.51.54-JER.51.56	3
50:22	ISA.21.2-ISA.21.4	2
50:23	JER.51.20-JER.51.24	4
50:23	ISA.14.4-ISA.14.6	2
50:23	ISA.14.12-ISA.14.17	2
50:23	REV.18.16	2
50:24	JOB.9.4	4
50:24	DAN.5.30-DAN.5.31	4
50:24	JOB.40.2	3
50:24	JOB.40.9	3
50:24	EXO.10.3	2
50:24	ECC.9.12	2
50:24	ISA.13.11	2
50:24	ISA.21.3-ISA.21.5	2
50:24	ISA.45.9	2
50:24	JER.51.8	2
50:24	JER.51.31-JER.51.39	2
50:24	JER.51.57	2
50:24	2TH.2.4	2
50:24	REV.18.7-REV.18.8	2
50:25	JER.51.25	5
50:25	JER.51.55	5
50:25	JER.50.15	4
50:25	JER.51.20	4
50:25	AMO.3.6	4
50:25	PSA.45.3	3
50:25	PSA.45.5	3
50:25	ISA.13.2-ISA.13.5	3
50:25	ISA.13.17-ISA.13.18	3
50:25	ISA.14.22-ISA.14.24	3
50:25	ISA.21.7-ISA.21.9	3
50:25	ISA.46.10-ISA.46.11	3
50:25	ISA.48.14-ISA.48.15	3
50:25	JER.50.35-JER.50.38	3
50:25	JER.51.11-JER.51.12	3
50:25	REV.18.8	2
50:26	ISA.14.23	4
50:26	ISA.45.3	3
50:26	JER.50.10	3
50:26	ISA.5.26	2
50:26	ISA.10.6	2
50:26	ISA.25.10	2
50:26	ISA.63.3-ISA.63.4	2
50:26	JER.50.13	2
50:26	JER.50.15	2
50:26	JER.50.23	2
50:26	JER.50.41	2
50:26	JER.51.25-JER.51.28	2
50:26	JER.51.44	2
50:26	JER.51.64	2
50:26	MIC.7.10	2
50:26	REV.14.19	2
50:26	REV.18.21-REV.18.24	2
50:26	REV.19.15	2
50:27	ISA.34.7	4
50:27	JER.46.21	4
50:27	PSA.22.12	3
50:27	PSA.37.13	3
50:27	JER.48.44	3
50:27	JER.27.7	2
50:27	JER.50.11	2
50:27	JER.50.31	2
50:27	LAM.1.21	2
50:27	EZK.7.5-EZK.7.7	2
50:27	EZK.39.17-EZK.39.20	2
50:27	REV.16.17-REV.16.19	2
50:27	REV.18.10	2
50:27	REV.19.17	2
50:28	ISA.48.20	4
50:28	JER.50.15	4
50:28	LAM.1.10	4
50:28	PSA.149.6-PSA.149.9	3
50:28	JER.51.10-JER.51.11	3
50:28	LAM.2.6-LAM.2.7	3
50:28	DAN.5.23	3
50:28	JER.51.50-JER.51.51	2
50:28	DAN.5.3-DAN.5.5	2
50:28	ZEC.12.2-ZEC.12.3	2
50:29	ISA.47.10	5
50:29	JER.51.56	5
50:29	EXO.10.3	4
50:29	JER.50.14-JER.50.15	4
50:29	DAN.4.37	4
50:29	REV.18.6	4
50:29	PSA.137.8-PSA.137.9	3
50:29	ISA.14.13-ISA.14.14	3
50:29	ISA.37.23	3
50:29	JER.50.9	3
50:29	JER.50.24	3
50:29	JER.50.26	3
50:29	JER.50.32	3
50:29	DAN.5.23	3
50:29	DAN.11.36	3
50:29	2TH.2.4	3
50:29	REV.13.5-REV.13.6	3
50:29	REV.16.6	3
50:30	JER.49.26	5
50:30	JER.9.21	3
50:30	JER.18.21	3
50:30	ISA.13.15-ISA.13.18	2
50:30	JER.48.15	2
50:30	JER.50.36	2
50:30	JER.51.3-JER.51.4	2
50:30	JER.51.56-JER.51.57	2
50:30	REV.6.15	2
50:30	REV.19.18	2
50:31	JER.21.13	4
50:31	JER.50.29	4
50:31	EZK.39.1	3
50:31	NAM.2.13	3
50:31	HAB.2.4-HAB.2.5	3
50:31	JAS.4.6	3
50:31	1PE.5.5	3
50:31	JOB.40.11-JOB.40.12	2
50:31	JER.48.29	2
50:31	JER.49.16	2
50:31	JER.50.32	2
50:31	JER.51.25	2
50:31	EZK.5.8	2
50:31	EZK.29.3	2
50:31	EZK.29.9-EZK.29.10	2
50:31	EZK.38.3	2
50:31	DAN.4.30-DAN.4.31	2
50:31	NAM.3.5	2
50:32	JER.21.14	5
50:32	JER.49.27	5
50:32	ISA.10.12-ISA.10.15	4
50:32	AMO.2.5	3
50:32	REV.18.8	3
50:32	DEU.32.22	2
50:32	PRO.16.18	2
50:32	PRO.18.12	2
50:32	ISA.14.13-ISA.14.15	2
50:32	JER.51.26	2
50:32	JER.51.64	2
50:32	EZK.28.2-EZK.28.9	2
50:32	DAN.5.20	2
50:32	DAN.5.23-DAN.5.30	2
50:32	AMO.1.4	2
50:32	AMO.1.7	2
50:32	AMO.1.10	2
50:32	AMO.1.12	2
50:32	AMO.1.14	2
50:32	AMO.2.2	2
50:33	EXO.9.2-EXO.9.3	8
50:33	ISA.14.17	8
50:33	ISA.58.6	7
50:33	EXO.9.17-EXO.9.18	5
50:33	ISA.47.6	5
50:33	JER.50.17-JER.50.18	5
50:33	EXO.5.2	3
50:33	EXO.8.2	3
50:33	ISA.49.24-ISA.49.26	3
50:33	ISA.51.23	3
50:33	ISA.52.4-ISA.52.6	2
50:33	JER.34.15-JER.34.18	2
50:33	JER.50.7	2
50:33	JER.51.34-JER.51.36	2
50:33	ZEC.1.15-ZEC.1.16	2
50:34	ISA.54.5	7
50:34	ISA.41.14	6
50:34	ISA.47.4	6
50:34	JER.15.21	6
50:34	JER.51.36	6
50:34	PSA.35.1	5
50:34	PSA.43.1	5
50:34	ISA.43.14	5
50:34	MIC.7.9	5
50:34	PRO.22.23	4
50:34	PRO.23.11	4
50:34	ISA.44.6	4
50:34	ISA.51.22	4
50:34	MIC.4.10	4
50:34	ISA.14.3-ISA.14.7	3
50:34	ISA.44.23-ISA.44.24	3
50:34	JER.51.19	3
50:34	2TH.1.6-2TH.1.7	3
50:34	REV.18.8	3
50:34	REV.19.1-REV.19.3	3
50:34	EXO.6.6	2
50:35	JER.47.6	4
50:35	JER.51.57	3
50:35	DAN.5.1-DAN.5.2	3
50:35	DAN.5.7-DAN.5.8	3
50:35	DAN.5.30	3
50:35	HOS.11.6	3
50:35	LEV.26.25	2
50:35	ISA.19.11-ISA.19.13	2
50:35	ISA.29.14	2
50:35	ISA.41.25	2
50:35	ISA.44.25	2
50:35	ISA.47.13-ISA.47.14	2
50:35	ISA.66.16	2
50:35	JER.8.9	2
50:35	JER.10.7	2
50:35	JER.50.27	2
50:35	JER.50.30	2
50:35	JER.51.39	2
50:35	EZK.14.2	2
50:35	ZEC.11.17	2
50:36	JER.49.22	4
50:36	ISA.44.25	3
50:36	NAM.3.13	3
50:36	2SA.17.14	2
50:36	2CH.25.16	2
50:36	ISA.43.14	2
50:36	ISA.47.10-ISA.47.15	2
50:36	JER.48.30	2
50:36	JER.50.30	2
50:36	JER.51.23	2
50:36	JER.51.30	2
50:36	JER.51.32	2
50:36	NAM.2.8	2
50:36	NAM.3.7	2
50:36	NAM.3.17-NAM.3.18	2
50:36	2TH.2.9-2TH.2.11	2
50:36	1TI.4.2	2
50:36	1TI.6.4	2
50:36	REV.19.20	2
50:36	REV.21.8	2
50:36	REV.22.15	2
50:36	2SA.15.31	1
50:37	JER.51.30	6
50:37	NAM.3.13	5
50:37	JER.25.20	4
50:37	JER.48.41	4
50:37	JER.51.21	4
50:37	ISA.19.16	3
50:37	PSA.20.7-PSA.20.8	2
50:37	ISA.45.3	2
50:37	EZK.30.5	2
50:37	PSA.46.9	1
50:37	PSA.76.6	1
50:37	JER.25.24	1
50:37	JER.50.26	1
50:37	EZK.39.20	1
50:37	NAM.2.2-NAM.2.4	1
50:37	NAM.2.13	1
50:37	HAG.2.22	1
50:38	ISA.44.27	4
50:38	JER.50.2	4
50:38	REV.16.12	4
50:38	JER.51.47	3
50:38	JER.51.52	3
50:38	ISA.44.25	2
50:38	ISA.46.1-ISA.46.7	2
50:38	JER.50.12	2
50:38	JER.51.7	2
50:38	JER.51.32-JER.51.36	2
50:38	JER.51.44	2
50:38	DAN.3.1-DAN.3.30	2
50:38	DAN.5.4	2
50:38	HAB.2.18-HAB.2.19	2
50:38	ACT.17.16	2
50:38	REV.17.5	2
50:38	REV.17.15-REV.17.16	2
50:39	ISA.13.20-ISA.13.22	4
50:39	REV.18.2	4
50:39	JER.25.12	3
50:39	ISA.14.23	2
50:39	ISA.34.11-ISA.34.17	2
50:39	JER.50.12-JER.50.13	2
50:39	JER.51.26	2
50:39	JER.51.37-JER.51.38	2
50:39	JER.51.43	2
50:39	JER.51.62-JER.51.64	2
50:39	REV.18.21-REV.18.24	2
50:40	GEN.19.24-GEN.19.25	4
50:40	ISA.13.19-ISA.13.20	3
50:40	JER.49.18	3
50:40	LUK.17.28-LUK.17.30	3
50:40	2PE.2.6	3
50:40	JUD.1.7	3
50:40	DEU.29.23	2
50:40	ISA.1.9	2
50:40	JER.51.26	2
50:40	HOS.11.8-HOS.11.9	2
50:40	AMO.4.11	2
50:40	ZEP.2.9	2
50:40	REV.11.8	2
50:40	REV.18.8-REV.18.9	2
50:41	JER.51.27-JER.51.28	4
50:41	ISA.13.2-ISA.13.5	3
50:41	JER.6.22-JER.6.23	3
50:41	JER.50.9	3
50:41	ISA.13.17-ISA.13.18	2
50:41	JER.25.14	2
50:41	JER.50.2-JER.50.3	2
50:41	JER.51.1-JER.51.2	2
50:41	JER.51.11	2
50:41	REV.17.16	2
50:42	ISA.5.30	4
50:42	ISA.13.17-ISA.13.18	3
50:42	ISA.47.6	3
50:42	JER.8.16	3
50:42	JER.47.3	3
50:42	PSA.46.2-PSA.46.3	2
50:42	PSA.46.6	2
50:42	PSA.74.20	2
50:42	PSA.137.8-PSA.137.9	2
50:42	ISA.5.28	2
50:42	ISA.14.6	2
50:42	JER.6.22-JER.6.23	2
50:42	JER.50.14	2
50:42	HAB.1.6-HAB.1.8	2
50:42	JAS.2.13	2
50:42	REV.16.6	2
50:42	REV.19.14-REV.19.18	2
50:43	JER.49.24	3
50:43	JER.51.31	3
50:43	ISA.13.6-ISA.13.8	2
50:43	ISA.21.3-ISA.21.4	2
50:43	JER.49.22	2
50:43	DAN.5.5-DAN.5.6	2
50:44	JER.49.19-JER.49.21	4
50:44	EXO.15.11	3
50:44	PSA.89.6	3
50:44	ISA.40.25	3
50:44	ISA.41.25	3
50:44	ISA.43.10	3
50:44	ISA.46.9	3
50:44	ISA.46.11	3
50:44	NUM.16.5	2
50:44	JOB.41.10-JOB.41.11	2
50:44	PSA.89.8	2
50:44	ISA.40.18	2
50:44	JER.25.38	2
50:45	JER.49.20	4
50:45	JER.51.10-JER.51.11	3
50:45	PSA.33.10-PSA.33.11	2
50:45	ISA.14.24-ISA.14.27	2
50:45	ISA.46.10-ISA.46.11	2
50:45	JER.37.10	2
50:45	ACT.4.28	2
50:45	EPH.1.11	2
50:45	REV.17.16-REV.17.17	2
50:46	JER.49.21	4
50:46	EZK.26.18	3
50:46	EZK.31.16	3
50:46	REV.18.9-REV.18.19	3
50:46	ISA.14.9-ISA.14.10	2
50:46	EZK.32.10	2
51:1	JER.4.11-JER.4.12	3
51:1	HOS.13.15	3
51:1	AMO.3.6	3
51:1	2KI.19.7	2
51:1	ISA.13.3-ISA.13.5	2
51:1	JER.49.36	2
51:1	JER.50.9	2
51:1	JER.50.14-JER.50.16	2
51:1	JER.50.21	2
51:1	JER.50.24	2
51:1	JER.50.29	2
51:1	JER.50.33	2
51:1	EZK.19.12	2
51:1	ZEC.2.8	2
51:1	ACT.9.4	2
51:2	JER.15.7	5
51:2	MAT.3.12	5
51:2	ISA.41.16	4
51:2	JER.50.14-JER.50.15	2
51:2	JER.50.29	2
51:2	JER.50.32	2
51:2	JER.51.27-JER.51.28	2
51:2	EZK.5.12	2
51:3	JER.50.14	5
51:3	JER.46.4	4
51:3	JER.50.21	3
51:3	DEU.32.25	2
51:3	ISA.13.10-ISA.13.18	2
51:3	JER.9.21	2
51:3	JER.50.27	2
51:3	JER.50.29-JER.50.30	2
51:3	JER.50.41-JER.50.42	2
51:3	JAS.2.13	2
51:3	PSA.137.9	1
51:4	JER.49.26	5
51:4	ISA.13.15	4
51:4	JER.50.30	4
51:4	ISA.14.19	3
51:4	JER.50.37	3
51:5	ROM.11.1-ROM.11.2	4
51:5	HOS.4.1	3
51:5	ZEC.12.6	3
51:5	ZEC.12.8	3
51:5	1SA.12.22	2
51:5	EZR.9.9	2
51:5	PSA.94.14	2
51:5	ISA.44.21	2
51:5	ISA.49.14-ISA.49.15	2
51:5	ISA.54.3-ISA.54.11	2
51:5	ISA.62.12	2
51:5	JER.16.18	2
51:5	JER.19.4	2
51:5	JER.23.15	2
51:5	JER.31.37	2
51:5	JER.33.24-JER.33.26	2
51:5	JER.46.28	2
51:5	JER.50.4-JER.50.5	2
51:5	JER.50.20	2
51:5	EZK.8.17	2
51:5	EZK.9.9	2
51:5	EZK.22.24-EZK.22.31	2
51:5	HOS.1.10	2
51:5	AMO.9.8-AMO.9.9	2
51:5	MIC.7.18	2
51:5	MIC.7.20	2
51:5	ZEP.3.1-ZEP.3.4	2
51:5	ZEC.2.12	2
51:5	1KI.6.13	1
51:5	2KI.21.16	1
51:6	JER.50.8	7
51:6	JER.25.14	6
51:6	JER.50.15	6
51:6	JER.50.28	6
51:6	NUM.16.26	5
51:6	JER.51.45	5
51:6	ISA.48.20	3
51:6	JER.50.31	3
51:6	JER.51.9	3
51:6	JER.51.11	3
51:6	JER.51.50	3
51:6	ZEC.2.6-ZEC.2.7	3
51:6	1TI.5.22	3
51:6	REV.16.19	3
51:6	GEN.19.15-GEN.19.17	2
51:6	DEU.32.25	2
51:6	DEU.32.41	2
51:6	DEU.32.43	2
51:6	PRO.13.20	2
51:6	JER.25.16	2
51:6	JER.27.7	2
51:6	JER.46.10	2
51:6	REV.18.4-REV.18.6	2
51:7	REV.14.8	7
51:7	REV.17.4	6
51:7	REV.17.2	4
51:7	REV.18.3	4
51:7	DAN.2.32	3
51:7	ISA.14.4	2
51:7	JER.25.9	2
51:7	JER.25.14-JER.25.27	2
51:7	JER.50.38	2
51:7	DAN.2.38	2
51:7	DAN.3.1-DAN.3.7	2
51:7	HAB.2.15-HAB.2.16	2
51:7	REV.18.23	2
51:7	REV.19.2	2
51:8	ISA.21.9	5
51:8	JER.46.11	5
51:8	REV.14.8	4
51:8	JER.48.20	3
51:8	JER.50.2	3
51:8	REV.18.2	3
51:8	ISA.13.6-ISA.13.7	2
51:8	ISA.47.9	2
51:8	JER.8.22	2
51:8	JER.30.12-JER.30.15	2
51:8	JER.48.31	2
51:8	JER.51.41	2
51:8	EZK.27.30-EZK.27.32	2
51:8	EZK.30.2	2
51:8	DAN.5.24	2
51:8	DAN.5.31	2
51:8	NAM.3.19	2
51:8	REV.18.8-REV.18.11	2
51:8	REV.18.17-REV.18.19	2
51:9	JER.50.16	6
51:9	ISA.13.14	5
51:9	REV.18.5	5
51:9	JER.46.16	4
51:9	EZR.9.6	3
51:9	DAN.4.20-DAN.4.22	3
51:9	2CH.28.9	2
51:9	ISA.47.15	2
51:9	JER.8.20	2
51:9	JER.46.21	2
51:9	MAT.25.10-MAT.25.13	2
51:10	JER.50.28	6
51:10	PSA.37.6	5
51:10	ISA.51.11	5
51:10	ISA.40.2	4
51:10	PSA.9.14	3
51:10	PSA.102.19-PSA.102.21	3
51:10	PSA.116.18-PSA.116.19	3
51:10	PSA.126.1-PSA.126.3	3
51:10	ISA.52.9-ISA.52.10	3
51:10	JER.31.6-JER.31.9	3
51:10	MIC.7.9-MIC.7.10	3
51:10	REV.14.1-REV.14.3	3
51:10	REV.19.1-REV.19.6	3
51:11	JER.46.4	5
51:11	JER.50.45	4
51:11	JER.46.9	3
51:11	JER.50.9	3
51:11	1KI.11.14	2
51:11	1KI.11.23	2
51:11	1CH.5.26	2
51:11	2CH.36.22	2
51:11	EZR.1.1	2
51:11	PSA.74.3-PSA.74.11	2
51:11	PSA.83.3-PSA.83.9	2
51:11	ISA.10.26	2
51:11	ISA.13.17-ISA.13.18	2
51:11	ISA.21.2	2
51:11	ISA.21.5	2
51:11	ISA.41.25	2
51:11	ISA.45.1	2
51:11	ISA.45.5	2
51:11	ISA.46.11	2
51:11	JER.50.14-JER.50.15	2
51:11	JER.50.25	2
51:11	JER.50.28-JER.50.29	2
51:11	JER.51.12	2
51:11	JER.51.24	2
51:11	JER.51.27-JER.51.29	2
51:11	JER.51.35	2
51:11	HAB.2.17-HAB.2.20	2
51:11	ZEC.12.2-ZEC.12.3	2
51:11	ZEC.14.2	2
51:11	ZEC.14.12	2
51:11	REV.17.16-REV.17.17	2
51:12	ISA.13.2	4
51:12	JER.51.11	4
51:12	JER.51.29	3
51:12	NAM.2.1	3
51:12	JOS.8.14	2
51:12	PRO.21.30	2
51:12	ISA.8.9-ISA.8.10	2
51:12	JER.46.3-JER.46.5	2
51:12	JER.50.2	2
51:12	JER.51.27	2
51:12	LAM.2.17	2
51:12	JOL.3.2	2
51:12	JOL.3.9-JOL.3.14	2
51:12	NAM.3.14-NAM.3.15	2
51:13	REV.17.1	5
51:13	ISA.45.3	4
51:13	REV.17.15	4
51:13	GEN.6.13	3
51:13	JER.51.36	3
51:13	JER.17.11	2
51:13	JER.50.27	2
51:13	JER.50.31	2
51:13	JER.50.37	2
51:13	LAM.4.18	2
51:13	EZK.7.2-EZK.7.12	2
51:13	DAN.5.26	2
51:13	AMO.8.2	2
51:13	HAB.2.5-HAB.2.11	2
51:13	LUK.12.19-LUK.12.21	2
51:13	1PE.4.7	2
51:13	2PE.2.3	2
51:13	JUD.1.11-JUD.1.13	2
51:13	REV.18.11-REV.18.17	2
51:13	REV.18.19	2
51:13	2PE.2.14-2PE.2.15	1
51:14	JER.49.13	3
51:14	JER.50.15	3
51:14	JOL.2.25	3
51:14	AMO.6.8	3
51:14	JDG.6.5	2
51:14	JER.46.23	2
51:14	JER.51.27	2
51:14	JOL.1.4-JOL.1.7	2
51:14	JOL.2.3-JOL.2.4	2
51:14	NAM.3.15-NAM.3.17	2
51:14	HEB.6.13	2
51:15	JER.10.12-JER.10.16	10
51:15	REV.4.11	10
51:15	JER.32.17	9
51:15	ACT.14.15	7
51:15	ROM.1.20	7
51:15	COL.1.16-COL.1.17	7
51:15	JOB.9.8	6
51:15	PSA.148.1-PSA.148.5	6
51:15	PRO.3.19	6
51:15	GEN.1.1-GEN.1.6	5
51:15	PSA.104.2	5
51:15	PSA.136.5	5
51:15	PSA.146.5-PSA.146.6	5
51:15	ISA.40.22	5
51:15	ISA.40.26	5
51:15	ISA.42.5	5
51:15	ROM.11.33	5
51:15	HEB.1.2-HEB.1.3	5
51:15	PSA.104.24	4
51:15	PSA.107.25	4
51:15	ISA.44.24	4
51:15	ISA.45.12	4
51:15	ISA.48.13	4
51:15	ISA.51.13	4
51:15	JER.51.15-JER.51.19	4
51:15	ACT.17.24	4
51:16	PSA.135.7	8
51:16	PSA.18.13	4
51:16	JON.1.4	4
51:16	JER.10.12-JER.10.13	3
51:16	GEN.8.1	2
51:16	EXO.10.13	2
51:16	EXO.10.19	2
51:16	EXO.14.21	2
51:16	JOB.36.26-JOB.36.33	2
51:16	JOB.37.2-JOB.37.11	2
51:16	JOB.37.13	2
51:16	JOB.38.22	2
51:16	JOB.38.34-JOB.38.38	2
51:16	JOB.40.9	2
51:16	PSA.29.3-PSA.29.10	2
51:16	PSA.46.6	2
51:16	PSA.68.33	2
51:16	PSA.78.26	2
51:16	PSA.104.7	2
51:16	PSA.147.18	2
51:16	EZK.10.5	2
51:16	AMO.9.7	2
51:16	JON.4.8	2
51:16	MAT.8.26-MAT.8.27	2
51:17	JER.10.14	6
51:17	HAB.2.18-HAB.2.19	6
51:17	PSA.14.2	4
51:17	ISA.44.18-ISA.44.20	4
51:17	JER.50.2	3
51:17	ROM.1.20-ROM.1.23	3
51:17	1CO.1.19-1CO.1.21	3
51:17	PSA.53.1-PSA.53.2	2
51:17	PSA.115.5	2
51:17	PSA.115.8	2
51:17	PSA.135.17-PSA.135.18	2
51:17	PSA.92.5-PSA.92.6	1
51:18	EXO.12.12	2
51:18	ISA.19.1	2
51:18	ISA.46.1	2
51:18	JER.10.8	2
51:18	JER.10.15	2
51:18	JER.18.15	2
51:18	JER.43.12-JER.43.13	2
51:18	JER.46.25	2
51:18	JER.48.7	2
51:18	JER.50.2	2
51:18	JON.2.8	2
51:18	ZEP.2.11	2
51:18	ACT.14.15	2
51:19	PSA.73.26	5
51:19	JER.10.16	5
51:19	PSA.33.12	4
51:19	1PE.2.9	4
51:19	EXO.19.5-EXO.19.6	3
51:19	ISA.47.4	3
51:19	DEU.32.9	2
51:19	PSA.16.5	2
51:19	PSA.74.2	2
51:19	PSA.115.3	2
51:19	PSA.135.4	2
51:19	JER.12.7-JER.12.10	2
51:19	JER.50.11	2
51:19	LAM.3.24	2
51:20	ISA.41.15-ISA.41.16	23
51:20	MIC.4.13	16
51:20	ISA.37.26	11
51:20	ZEC.9.13-ZEC.9.14	9
51:20	ISA.14.5-ISA.14.6	7
51:20	JER.27.5-JER.27.7	7
51:20	ISA.10.5	6
51:20	JER.25.9	6
51:20	JER.50.23	6
51:20	MAT.22.7	6
51:20	ISA.13.5	5
51:20	JER.25.11	5
51:20	ISA.10.15	4
51:21	EXO.15.1	7
51:21	ZEC.10.5	5
51:21	MIC.5.10	4
51:21	NAM.2.13	4
51:21	HAG.2.22	4
51:21	ZEC.12.4	4
51:21	PSA.46.9	3
51:21	REV.19.18	3
51:21	EXO.15.21	2
51:21	PSA.76.6	2
51:21	JER.50.37	2
51:21	EZK.39.20	2
51:22	2CH.36.17	7
51:22	ISA.13.18	5
51:22	1SA.15.3	4
51:22	EZK.9.6	4
51:22	DEU.32.25	3
51:22	ISA.13.16	3
51:22	JER.6.11	3
51:22	LAM.2.11	3
51:22	ISA.20.4	2
51:23	JER.51.57	3
51:24	JER.50.15	6
51:24	ISA.63.1-ISA.63.4	3
51:24	REV.18.24	3
51:24	PSA.137.8-PSA.137.9	2
51:24	ISA.47.6-ISA.47.9	2
51:24	ISA.51.22-ISA.51.23	2
51:24	ISA.61.2	2
51:24	ISA.66.6	2
51:24	JER.50.17-JER.50.18	2
51:24	JER.50.28-JER.50.29	2
51:24	JER.50.33-JER.50.34	2
51:24	JER.51.11	2
51:24	JER.51.35	2
51:24	JER.51.49	2
51:24	1TH.2.15-1TH.2.16	2
51:24	REV.6.10	2
51:24	REV.18.20	2
51:24	REV.19.2-REV.19.4	1
51:25	REV.8.8	7
51:25	ZEC.4.7	6
51:25	JER.50.31	5
51:25	ISA.13.2	4
51:25	JER.51.53	4
51:25	JER.51.58	4
51:25	GEN.11.4	2
51:25	JER.25.9	2
51:25	JER.25.18-JER.25.27	2
51:25	JER.51.7	2
51:25	JER.51.20-JER.51.23	2
51:25	DAN.4.30	2
51:25	REV.17.1-REV.17.6	2
51:25	REV.18.9-REV.18.10	2
51:25	2PE.3.10	1
51:26	ISA.13.19-ISA.13.22	4
51:26	JER.50.12-JER.50.13	3
51:26	JER.51.43	3
51:26	REV.18.20-REV.18.24	3
51:26	ISA.14.23	2
51:26	ISA.34.8-ISA.34.17	2
51:26	JER.50.40-JER.50.41	2
51:26	JER.51.29	2
51:26	JER.51.37	2
51:27	GEN.10.3	6
51:27	GEN.8.4	5
51:27	1CH.1.6	5
51:27	JER.25.14	4
51:27	JER.50.2	4
51:27	JER.51.12	4
51:27	ISA.13.2-ISA.13.5	3
51:27	ISA.18.3	3
51:27	JER.50.41-JER.50.42	3
51:27	JER.51.14	3
51:27	REV.9.7-REV.9.11	3
51:27	JDG.6.5	2
51:27	2KI.19.37	2
51:27	JER.6.1	2
51:27	JER.46.23	2
51:27	JOL.2.2-JOL.2.3	2
51:27	AMO.3.6	2
51:27	NAM.3.15-NAM.3.17	2
51:27	ZEC.14.2	2
51:28	JER.51.11	4
51:28	JER.25.25	3
51:28	GEN.10.2	2
51:28	1CH.1.5	2
51:28	EST.1.3	2
51:28	EST.10.2	2
51:28	ISA.13.17	2
51:28	ISA.21.2	2
51:28	JER.51.27	2
51:28	DAN.5.28-DAN.5.30	2
51:28	DAN.6.8	2
51:28	DAN.8.3-DAN.8.4	2
51:28	DAN.8.20	2
51:28	DAN.9.1	2
51:29	JER.8.16	4
51:29	JER.51.11-JER.51.12	4
51:29	JER.51.43	4
51:29	ISA.13.19-ISA.13.20	3
51:29	JER.10.10	3
51:29	JER.50.13	3
51:29	JER.50.45	3
51:29	AMO.8.8	3
51:29	ISA.13.13-ISA.13.14	2
51:29	ISA.14.16	2
51:29	ISA.14.23-ISA.14.24	2
51:29	ISA.46.10-ISA.46.11	2
51:29	ISA.47.1-ISA.47.15	2
51:29	JER.50.39-JER.50.40	2
51:29	JER.50.43	2
51:29	JER.51.62-JER.51.64	2
51:29	JOL.2.10	2
51:29	REV.18.2	2
51:29	REV.18.21-REV.18.24	2
51:29	JER.50.36	1
51:30	NAM.3.13	9
51:30	JER.50.36-JER.50.37	6
51:30	ISA.13.7-ISA.13.8	5
51:30	ISA.19.16	5
51:30	LAM.2.9	5
51:30	PSA.76.5	4
51:30	ISA.45.1-ISA.45.2	4
51:30	JER.48.41	3
51:30	AMO.1.5	3
51:30	PSA.107.16	2
51:30	PSA.147.13	2
51:30	JER.51.32	2
51:30	JER.51.57	2
51:30	REV.18.10	2
51:31	2SA.18.19-2SA.18.31	4
51:31	2CH.30.6	4
51:31	1SA.4.12-1SA.4.18	2
51:31	EST.3.13-EST.3.15	2
51:31	EST.8.10	2
51:31	EST.8.14	2
51:31	JOB.9.25	2
51:31	ISA.21.3-ISA.21.9	2
51:31	ISA.47.11-ISA.47.13	2
51:31	JER.4.20	2
51:31	JER.50.24	2
51:31	JER.50.43	2
51:31	DAN.5.2-DAN.5.5	2
51:31	DAN.5.30	2
51:32	ISA.44.27	2
51:32	JER.50.37-JER.50.38	2
51:32	JER.51.30	2
51:33	ISA.21.10	5
51:33	HOS.6.11	4
51:33	JOL.3.13	4
51:33	ISA.41.15-ISA.41.16	3
51:33	MIC.4.13	3
51:33	REV.14.15-REV.14.20	3
51:33	ISA.17.5-ISA.17.11	2
51:33	ISA.18.5	2
51:33	AMO.1.3	2
51:33	HAB.3.12	2
51:33	MAT.13.30	2
51:33	MAT.13.39	2
51:34	JER.50.17	6
51:34	JER.51.44	5
51:34	JOB.20.15	4
51:34	ISA.24.1-ISA.24.3	4
51:34	MAT.23.13	4
51:34	LAM.1.1	3
51:34	LAM.2.16	3
51:34	EZK.36.3	3
51:34	AMO.8.4	3
51:34	NAM.2.2	3
51:34	PRO.1.12	2
51:34	ISA.34.11	2
51:34	JER.39.1-JER.39.8	2
51:34	JER.48.11-JER.48.12	2
51:34	JER.50.7	2
51:34	JER.51.49	2
51:34	LAM.1.14-LAM.1.15	2
51:34	NAM.2.9-NAM.2.10	2
51:35	JER.50.29	3
51:35	REV.18.20	3
51:35	JDG.9.20	2
51:35	JDG.9.24	2
51:35	JDG.9.56-JDG.9.57	2
51:35	PSA.9.12	2
51:35	PSA.12.5	2
51:35	PSA.137.8-PSA.137.9	2
51:35	ISA.26.20-ISA.26.21	2
51:35	ZEC.1.15	2
51:35	MAT.7.2	2
51:35	JAS.2.13	2
51:35	REV.6.10	2
51:35	REV.16.6	2
51:35	REV.18.6	2
51:36	JER.50.38	6
51:36	ROM.12.19	6
51:36	PSA.140.12	5
51:36	DEU.32.35	4
51:36	DEU.32.43	4
51:36	ISA.44.27	4
51:36	HEB.10.30-HEB.10.31	4
51:36	PSA.94.1-PSA.94.3	3
51:36	PSA.107.33	3
51:36	PRO.22.23	3
51:36	PRO.23.11	3
51:36	ISA.43.14	3
51:36	ISA.47.6-ISA.47.9	3
51:36	ISA.49.25-ISA.49.26	3
51:36	JER.50.33-JER.50.34	3
51:36	JER.51.6	3
51:36	MIC.7.8-MIC.7.10	3
51:36	HAB.2.8-HAB.2.17	3
51:36	REV.16.12	3
51:36	REV.19.1-REV.19.3	3
51:37	REV.18.2	4
51:37	JER.18.16	3
51:37	JER.25.9	3
51:37	JER.51.25-JER.51.26	3
51:37	REV.18.21-REV.18.23	3
51:37	2CH.29.8	2
51:37	ISA.13.19-ISA.13.22	2
51:37	ISA.14.23	2
51:37	ISA.34.8-ISA.34.17	2
51:37	JER.19.8	2
51:37	JER.25.12	2
51:37	JER.25.18	2
51:37	JER.29.18	2
51:37	JER.50.12-JER.50.13	2
51:37	JER.50.23-JER.50.26	2
51:37	JER.50.38-JER.50.40	2
51:37	LAM.2.15-LAM.2.16	2
51:37	ZEP.2.15	2
51:37	JER.51.29	1
51:37	MIC.6.16	1
51:38	JER.2.15	3
51:38	JDG.16.20	2
51:38	JOB.4.10-JOB.4.11	2
51:38	PSA.34.10	2
51:38	PSA.58.6	2
51:38	ISA.35.9	2
51:38	NAM.2.11-NAM.2.13	2
51:38	ZEC.11.3	2
51:39	JER.51.57	5
51:39	JER.25.27	4
51:39	ISA.22.12-ISA.22.14	3
51:39	NAM.1.10	3
51:39	NAM.3.11	3
51:39	PSA.13.3	2
51:39	PSA.76.5-PSA.76.6	2
51:39	ISA.21.4-ISA.21.5	2
51:39	JER.48.26	2
51:39	DAN.5.1-DAN.5.4	2
51:39	DAN.5.30	2
51:40	JER.50.27	3
51:40	PSA.37.20	2
51:40	PSA.44.22	2
51:40	ISA.34.6	2
51:40	EZK.39.18	2
51:41	JER.25.26	5
51:41	ISA.13.19	4
51:41	JER.49.25	3
51:41	DEU.28.37	2
51:41	2CH.7.21	2
51:41	ISA.14.4	2
51:41	JER.50.23	2
51:41	JER.50.46	2
51:41	JER.51.37	2
51:41	EZK.27.35	2
51:41	DAN.2.38	2
51:41	DAN.4.22	2
51:41	DAN.4.30	2
51:41	DAN.5.1-DAN.5.5	2
51:41	REV.18.10-REV.18.19	2
51:42	ISA.8.7-ISA.8.8	4
51:42	DAN.9.26	3
51:42	PSA.18.4	2
51:42	PSA.18.16	2
51:42	PSA.42.7	2
51:42	PSA.65.7	2
51:42	PSA.93.3	2
51:42	JER.51.55	2
51:42	EZK.27.26-EZK.27.34	2
51:42	LUK.21.25	2
51:42	REV.17.15-REV.17.16	2
51:43	ISA.13.20	4
51:43	JER.2.6	4
51:43	JER.51.29	3
51:43	JER.50.12	2
51:43	JER.50.39-JER.50.40	2
51:43	JER.51.37	2
51:43	EZK.29.10-EZK.29.11	2
51:44	JER.51.34	5
51:44	JER.51.58	5
51:44	ISA.2.2	4
51:44	JER.50.2	4
51:44	2CH.36.7	2
51:44	EZR.1.7-EZR.1.8	2
51:44	ISA.46.1-ISA.46.2	2
51:44	ISA.60.5	2
51:44	JER.50.15	2
51:44	JER.51.18	2
51:44	JER.51.47	2
51:44	JER.51.53	2
51:44	DAN.1.2	2
51:44	DAN.3.2-DAN.3.3	2
51:44	DAN.3.29	2
51:44	DAN.4.1	2
51:44	DAN.4.22	2
51:44	DAN.5.2-DAN.5.4	2
51:44	DAN.5.19	2
51:44	DAN.5.26	2
51:44	DAN.5.31	2
51:44	REV.18.9-REV.18.19	2
51:45	ISA.48.20	7
51:45	JER.51.6	7
51:45	REV.18.4	7
51:45	GEN.19.12-GEN.19.16	4
51:45	NUM.16.26	4
51:45	JER.50.8	4
51:45	ACT.2.40	4
51:45	2CO.6.17	4
51:45	REV.14.8-REV.14.11	4
51:45	JER.51.9	3
51:45	JER.51.50	3
51:45	ZEC.2.7	3
51:46	2KI.19.7	4
51:46	ISA.13.3-ISA.13.5	4
51:46	ISA.19.2	4
51:46	ISA.21.2-ISA.21.3	4
51:46	JDG.7.22	3
51:46	1SA.14.16-1SA.14.20	3
51:46	2CH.20.23	3
51:46	MRK.13.7-MRK.13.8	3
51:46	LUK.21.9-LUK.21.19	3
51:46	LUK.21.28	3
51:46	MAT.24.6-MAT.24.8	2
51:46	JER.46.27	1
51:47	JER.50.2	5
51:47	ISA.46.1-ISA.46.2	4
51:47	JER.51.52	4
51:47	ISA.21.9	3
51:47	JER.11.22	2
51:47	JER.13.21	2
51:47	JER.23.34	2
51:47	JER.25.12	2
51:47	JER.50.12-JER.50.16	2
51:47	JER.50.35-JER.50.40	2
51:47	JER.51.18	2
51:47	JER.51.24	2
51:47	JER.51.43	2
51:48	ISA.44.23	6
51:48	REV.18.20	6
51:48	JER.50.3	5
51:48	ISA.48.20	3
51:48	ISA.49.13	3
51:48	PSA.58.10-PSA.58.11	2
51:48	PRO.11.10	2
51:48	JER.50.9	2
51:48	JER.50.41	2
51:48	JER.51.10-JER.51.11	2
51:48	REV.15.1-REV.15.4	2
51:48	REV.16.4-REV.16.7	2
51:48	REV.19.1-REV.19.7	2
51:49	JER.50.29	4
51:49	JER.51.24	4
51:49	PSA.137.8-PSA.137.9	3
51:49	JDG.1.7	2
51:49	JER.50.11	2
51:49	JER.50.17-JER.50.18	2
51:49	JER.50.33-JER.50.34	2
51:49	JER.51.10-JER.51.11	2
51:49	JER.51.35	2
51:49	MAT.7.2	2
51:49	JAS.2.13	2
51:49	REV.18.5-REV.18.6	1
51:50	JER.44.28	8
51:50	PSA.122.6	7
51:50	EZR.1.3-EZR.1.5	6
51:50	ISA.51.11	6
51:50	ISA.52.11-ISA.52.12	6
51:50	JER.51.45	6
51:50	DAN.9.2-DAN.9.3	6
51:50	REV.18.4	6
51:50	DEU.30.1-DEU.30.4	5
51:50	PSA.102.13-PSA.102.14	5
51:50	PSA.137.5-PSA.137.6	5
51:50	JER.50.8	5
51:50	JER.51.6	5
51:50	ZEC.2.7-ZEC.2.9	5
51:50	NEH.1.2-NEH.1.4	4
51:50	NEH.2.3-NEH.2.5	4
51:50	JER.29.12-JER.29.14	4
51:50	JER.31.21	4
51:50	DAN.9.16-DAN.9.19	4
51:50	DEU.4.29-DEU.4.31	3
51:50	ISA.52.2	3
51:50	ISA.48.20	2
51:51	LAM.1.10	5
51:51	PSA.44.13-PSA.44.16	3
51:51	PSA.74.3-PSA.74.7	3
51:51	PSA.79.4	3
51:51	PSA.69.7-PSA.69.13	2
51:51	PSA.71.13	2
51:51	PSA.74.18-PSA.74.21	2
51:51	PSA.79.1	2
51:51	PSA.79.12	2
51:51	PSA.109.29	2
51:51	PSA.123.3-PSA.123.4	2
51:51	PSA.137.1-PSA.137.3	2
51:51	JER.3.22-JER.3.25	2
51:51	JER.14.3	2
51:51	JER.31.19	2
51:51	JER.52.13	2
51:51	LAM.2.15-LAM.2.17	2
51:51	LAM.2.20	2
51:51	LAM.5.1	2
51:51	EZK.7.18	2
51:51	EZK.7.21-EZK.7.22	2
51:51	EZK.9.7	2
51:51	EZK.24.21	2
51:51	EZK.36.30	2
51:51	DAN.8.11-DAN.8.14	2
51:51	DAN.9.26-DAN.9.27	2
51:51	DAN.11.31	2
51:51	MIC.7.10	2
51:51	REV.11.1-REV.11.2	2
51:52	JER.51.47	4
51:52	JER.50.38	3
51:52	ISA.13.15-ISA.13.16	2
51:52	EZK.30.24	2
51:52	DAN.5.30-DAN.5.31	2
51:53	GEN.11.4	5
51:53	JER.49.16	5
51:53	PSA.139.8-PSA.139.10	3
51:53	JER.51.25	3
51:53	OBA.1.3-OBA.1.4	3
51:53	ISA.10.6-ISA.10.7	2
51:53	ISA.13.2-ISA.13.5	2
51:53	ISA.13.17	2
51:53	ISA.14.12-ISA.14.15	2
51:53	ISA.41.25	2
51:53	ISA.45.1-ISA.45.5	2
51:53	ISA.47.5	2
51:53	ISA.47.7	2
51:53	JER.50.9-JER.50.10	2
51:53	JER.50.21	2
51:53	JER.50.25	2
51:53	JER.50.31-JER.50.34	2
51:53	JER.50.45	2
51:53	JER.51.1-JER.51.4	2
51:53	JER.51.11	2
51:53	JER.51.48	2
51:53	JER.51.58	2
51:53	EZK.31.9-EZK.31.11	2
51:53	DAN.4.30	2
51:53	AMO.9.4	2
51:54	JER.50.22	5
51:54	JER.48.3-JER.48.5	3
51:54	JER.50.46	3
51:54	ISA.13.6-ISA.13.9	2
51:54	ISA.15.5	2
51:54	JER.50.27	2
51:54	JER.50.43	2
51:54	ZEP.1.10	2
51:54	REV.18.17-REV.18.19	2
51:55	JER.25.10	3
51:55	PSA.18.4	2
51:55	PSA.65.7	2
51:55	PSA.93.3-PSA.93.4	2
51:55	ISA.15.1	2
51:55	ISA.17.13	2
51:55	ISA.24.8-ISA.24.11	2
51:55	ISA.47.5	2
51:55	JER.50.10-JER.50.15	2
51:55	JER.51.38-JER.51.39	2
51:55	JER.51.42	2
51:55	EZK.26.3	2
51:55	LUK.21.25	2
51:55	REV.17.15	2
51:55	REV.18.22-REV.18.23	2
51:56	JER.51.6	6
51:56	PSA.46.9	4
51:56	PSA.94.1-PSA.94.2	4
51:56	JER.51.48	4
51:56	HAB.2.8	4
51:56	REV.19.2	4
51:56	DEU.32.35	3
51:56	PSA.76.3	3
51:56	ISA.59.18	3
51:56	JER.51.24	3
51:56	GEN.49.24	2
51:56	1SA.2.4	2
51:56	PSA.37.15	2
51:56	PSA.137.8	2
51:56	ISA.21.2	2
51:56	ISA.34.8	2
51:56	ISA.35.4	2
51:56	JER.49.35	2
51:56	JER.50.10	2
51:56	JER.50.28-JER.50.29	2
51:56	JER.50.36	2
51:56	JER.51.30	2
51:56	EZK.39.3	2
51:56	EZK.39.9	2
51:56	2TH.1.6	2
51:56	REV.17.16	2
51:56	REV.18.5-REV.18.6	2
51:56	REV.18.20	2
51:57	JER.46.18	5
51:57	JER.25.27	4
51:57	JER.48.15	4
51:57	PSA.76.5-PSA.76.6	3
51:57	JER.51.39	3
51:57	ISA.21.4-ISA.21.5	2
51:57	ISA.37.36	2
51:57	DAN.5.1-DAN.5.4	2
51:57	DAN.5.30-DAN.5.31	2
51:57	NAM.1.10	2
51:57	HAB.2.15-HAB.2.17	2
51:57	MAL.1.14	2
51:57	REV.18.6-REV.18.7	2
51:57	REV.18.9	2
51:58	HAB.2.13	7
51:58	JER.50.15	5
51:58	JER.51.44	5
51:58	JER.51.64	5
51:58	ISA.45.1-ISA.45.2	4
51:58	PSA.127.1	3
51:58	ISA.65.23	3
51:58	JER.51.9	3
51:58	JER.51.30	3
51:59	JER.32.12	4
51:59	JER.36.4	4
51:59	JER.28.1	3
51:59	JER.45.1	3
51:59	JER.52.1	2
51:60	ISA.30.8	3
51:60	JER.30.2-JER.30.3	3
51:60	JER.36.32	3
51:60	HAB.2.2-HAB.2.3	3
51:60	ISA.8.1-ISA.8.4	2
51:60	JER.36.2-JER.36.4	2
51:60	DAN.12.4	2
51:60	REV.1.11	2
51:60	REV.1.19	2
51:61	MRK.13.1	3
51:61	JER.29.1-JER.29.2	2
51:61	MAT.24.1	2
51:61	COL.4.16	2
51:61	1TH.4.18	2
51:61	1TH.5.27	2
51:61	REV.1.3	2
51:62	JER.50.3	4
51:62	JER.50.13	4
51:62	ISA.13.19-ISA.13.22	3
51:62	ISA.14.22-ISA.14.23	3
51:62	JER.50.39-JER.50.40	3
51:62	EZK.35.9	3
51:62	REV.18.20-REV.18.23	3
51:62	JER.25.9	2
51:62	JER.25.12	2
51:62	JER.51.25-JER.51.26	2
51:62	JER.51.29	2
51:62	JER.51.37	2
51:63	REV.18.21	5
51:63	JER.19.10-JER.19.11	4
51:64	JER.51.58	5
51:64	JOB.31.40	4
51:64	PSA.72.20	3
51:64	NAM.1.8-NAM.1.9	3
51:64	REV.18.21	3
51:64	PSA.76.12	2
51:64	JER.25.27	2
51:64	JER.51.42	2
51:64	HAB.2.13	2
51:64	REV.14.8	2
51:64	REV.18.2	2
52:1	JOS.10.29	4
52:1	2KI.24.18	4
52:1	2CH.36.11	3
52:1	JOS.15.42	2
52:1	2KI.8.22	2
52:2	1KI.14.22	3
52:2	2KI.24.19-2KI.24.20	2
52:2	JER.26.21-JER.26.23	2
52:2	JER.36.21-JER.36.23	2
52:2	JER.36.29-JER.36.31	2
52:2	EZK.17.16-EZK.17.20	2
52:2	EZK.21.25	2
52:2	2CH.36.12-2CH.36.13	1
52:3	2CH.36.13	4
52:3	ISA.3.1	3
52:3	ISA.3.4-ISA.3.5	3
52:3	2SA.24.1	2
52:3	1KI.10.9	2
52:3	PRO.28.2	2
52:3	ECC.10.16	2
52:3	ISA.19.4	2
52:3	EZK.17.12-EZK.17.21	2
52:4	JER.39.1	5
52:4	EZK.24.1-EZK.24.2	4
52:4	ZEC.8.19	4
52:4	JER.32.24	3
52:4	JER.52.7	3
52:4	LEV.26.25	2
52:4	DEU.28.52-DEU.28.57	2
52:4	2KI.25.1-2KI.25.27	2
52:4	ISA.29.3	2
52:4	ISA.42.24-ISA.42.25	2
52:4	JER.6.3-JER.6.6	2
52:4	EZK.4.1-EZK.4.7	2
52:4	EZK.21.22	2
52:4	LUK.19.43	2
52:4	LUK.21.20	2
52:6	ISA.3.1	4
52:6	JER.39.2	4
52:6	2KI.25.3	3
52:6	JER.38.9	3
52:6	LEV.26.26	2
52:6	DEU.28.52-DEU.28.53	2
52:6	DEU.32.24	2
52:6	JER.15.2	2
52:6	JER.19.9	2
52:6	JER.21.9	2
52:6	JER.25.10	2
52:6	LAM.4.4-LAM.4.6	2
52:6	LAM.5.10	2
52:6	EZK.4.9-EZK.4.17	2
52:6	EZK.5.10-EZK.5.12	2
52:6	EZK.7.15	2
52:6	EZK.14.21	2
52:6	ZEC.8.19	2
52:7	2KI.25.4	3
52:7	JER.39.4-JER.39.7	3
52:7	JER.51.32	3
52:7	LEV.26.17	2
52:7	LEV.26.36	2
52:7	DEU.28.25	2
52:7	DEU.32.30	2
52:7	JOS.7.8-JOS.7.12	2
52:7	JER.34.2-JER.34.3	2
52:7	JER.49.26	2
52:8	JER.34.21	4
52:8	JER.21.7	3
52:8	JER.32.4	3
52:8	JER.38.23	3
52:8	ISA.30.16-ISA.30.17	2
52:8	JER.37.18	2
52:8	JER.39.5	2
52:8	LAM.4.19-LAM.4.20	2
52:8	EZK.12.12-EZK.12.14	2
52:8	EZK.17.20-EZK.17.21	2
52:8	AMO.2.14-AMO.2.15	2
52:8	AMO.9.1-AMO.9.4	2
52:9	NUM.13.21	4
52:9	JER.39.5	4
52:9	JOS.13.5	3
52:9	2KI.25.6	3
52:9	NUM.34.11	2
52:9	1KI.8.65	2
52:9	2KI.23.33	2
52:9	2CH.8.3	2
52:9	2CH.33.11	2
52:9	JER.32.4-JER.32.5	2
52:9	EZK.21.25-EZK.21.27	2
52:10	JER.22.30	4
52:10	2KI.25.7	3
52:10	GEN.21.16	2
52:10	GEN.44.34	2
52:10	DEU.28.34	2
52:10	2KI.25.18-2KI.25.21	2
52:10	JER.39.6-JER.39.7	2
52:10	JER.52.24-JER.52.27	2
52:10	EZK.11.7-EZK.11.11	2
52:10	EZK.9.6	1
52:11	EZK.12.13	5
52:11	JER.34.3-JER.34.5	2
52:12	2KI.25.8	8
52:12	JER.39.9	4
52:12	JER.52.29	4
52:12	ZEC.8.19	4
52:12	2KI.24.12	3
52:12	GEN.37.36	2
52:12	JER.52.14	2
52:12	ZEC.7.3-ZEC.7.5	2
52:13	2CH.36.19	5
52:13	PSA.79.1	5
52:13	MIC.3.12	5
52:13	2KI.25.9	3
52:13	PSA.74.6-PSA.74.8	3
52:13	ISA.64.10-ISA.64.11	3
52:13	LAM.2.7	3
52:13	AMO.2.5	3
52:13	AMO.3.10-AMO.3.11	3
52:13	AMO.6.11	3
52:13	JER.7.14	2
52:13	JER.22.14	2
52:13	JER.34.22	2
52:13	JER.37.8-JER.37.10	2
52:13	JER.38.23	2
52:13	JER.39.8-JER.39.9	2
52:13	EZK.7.20-EZK.7.22	2
52:13	EZK.24.1-EZK.24.14	2
52:13	EZK.24.21	2
52:13	ZEC.11.1	2
52:13	MAT.24.2	2
52:13	ACT.6.13-ACT.6.14	2
52:14	NEH.1.3	4
52:14	2KI.25.10	3
52:15	JER.15.1-JER.15.2	2
52:15	ZEC.14.2	2
52:16	2KI.25.12	2
52:16	JER.39.9-JER.39.10	2
52:16	JER.40.5-JER.40.7	2
52:16	EZK.33.24	1
52:17	JER.27.19-JER.27.22	4
52:17	2CH.4.12-2CH.4.15	3
52:17	JER.52.21-JER.52.23	3
52:17	1KI.7.15-1KI.7.37	2
52:17	1KI.7.50	2
52:17	2KI.25.13-2KI.25.17	2
52:17	2CH.36.18	2
52:17	LAM.1.10	2
52:17	DAN.1.2	2
52:18	EXO.27.3	4
52:18	NUM.4.14	4
52:18	1KI.7.45	4
52:18	1KI.7.40	3
52:18	EXO.25.29	2
52:18	EXO.37.16	2
52:18	EXO.37.23	2
52:18	EXO.38.3	2
52:18	NUM.4.7	2
52:18	NUM.7.13-NUM.7.14	2
52:18	NUM.7.19-NUM.7.20	2
52:18	NUM.7.26	2
52:18	NUM.7.32	2
52:18	NUM.7.38	2
52:18	NUM.7.44	2
52:18	NUM.7.50	2
52:18	NUM.7.56	2
52:18	1KI.7.50	2
52:18	2KI.25.14-2KI.25.16	2
52:18	1CH.28.17	2
52:18	2CH.4.8	2
52:18	2CH.4.11	2
52:18	2CH.4.16	2
52:18	2CH.4.22	2
52:18	EZR.1.10	2
52:18	EZK.46.20-EZK.46.24	2
52:19	1KI.7.49-1KI.7.50	3
52:19	EXO.25.31-EXO.25.39	2
52:19	LEV.26.12	2
52:19	NUM.16.46	2
52:19	2KI.25.15	2
52:19	2CH.4.6-2CH.4.22	2
52:19	REV.8.3-REV.8.5	2
52:20	1KI.7.47	4
52:20	2KI.25.16	3
52:20	1CH.22.14	2
52:20	2CH.4.18	2
52:21	2KI.25.17	4
52:21	1KI.7.15-1KI.7.21	2
52:21	2CH.3.15-2CH.3.17	2
52:22	EXO.28.14-EXO.28.22	2
52:22	EXO.28.25	2
52:22	1KI.7.16-1KI.7.17	2
52:22	2KI.25.17	2
52:22	2CH.3.15	2
52:22	2CH.4.12-2CH.4.13	2
52:22	EXO.39.15-EXO.39.18	1
52:23	1KI.7.20	4
52:24	2KI.25.18	7
52:24	1CH.6.14	4
52:24	JER.21.1	4
52:24	JER.29.25	4
52:24	JER.35.4	4
52:24	JER.37.3	4
52:24	EZR.7.1	3
52:24	JER.29.29	3
52:24	JER.52.15	3
52:24	1CH.9.19-1CH.9.26	2
52:24	PSA.84.10	2
52:24	JER.52.12	2
52:25	2KI.25.19	5
52:25	EST.1.14	4
52:25	MAT.18.10	2
52:27	ISA.6.11-ISA.6.12	3
52:27	ISA.27.10	3
52:27	ISA.32.13-ISA.32.14	3
52:27	JER.25.9-JER.25.11	3
52:27	EZK.8.11-EZK.8.18	3
52:27	EZK.33.28	3
52:27	MIC.4.10	3
52:27	LEV.26.33-LEV.26.35	2
52:27	NUM.34.8-NUM.34.11	2
52:27	DEU.4.26	2
52:27	DEU.28.36	2
52:27	DEU.28.64	2
52:27	2SA.8.9	2
52:27	2KI.17.20	2
52:27	2KI.17.23	2
52:27	2KI.23.27	2
52:27	2KI.25.20-2KI.25.21	2
52:27	ISA.24.3	2
52:27	JER.6.13-JER.6.15	2
52:27	JER.20.4	2
52:27	JER.24.9-JER.24.10	2
52:27	JER.39.10	2
52:27	JER.52.9	2
52:27	EZK.11.1-EZK.11.11	2
52:28	2KI.24.2-2KI.24.3	3
52:28	2KI.24.12-2KI.24.16	3
52:28	DAN.1.1-DAN.1.3	3
52:28	2CH.36.20	2
52:29	GEN.12.5	3
52:29	JER.52.12	3
52:29	EXO.1.5	2
52:29	2KI.25.11	2
52:29	2CH.36.20	2
52:29	JER.39.9	2
52:30	JER.6.9	2
52:30	JER.52.15	2
52:31	2KI.25.27-2KI.25.30	11
52:31	PSA.3.3	7
52:31	GEN.40.13	4
52:31	PSA.27.6	4
52:31	PRO.21.1	4
52:31	GEN.40.20	2
52:31	JOB.22.29	2
52:32	PRO.12.25	3
52:32	JER.27.6-JER.27.11	2
52:32	DAN.2.37	2
52:32	DAN.5.18-DAN.5.19	2
52:33	2SA.9.7	4
52:33	GEN.41.14	3
52:33	GEN.41.42	3
52:33	2SA.9.13	3
52:33	1KI.2.7	3
52:33	PSA.30.11	2
52:33	ISA.61.1-ISA.61.3	2
52:33	ZEC.3.4	2
52:34	2SA.9.10	5
52:34	MAT.6.11	4
52:34	LUK.11.3	4
