# chapter:verse	to	votes (most first)
1:1	GEN.1.1	340
1:1	JHN.17.5	243
1:1	REV.19.13	233
1:1	COL.1.17	226
1:1	JHN.1.14	207
1:1	1JN.1.1-1JN.1.2	187
1:1	REV.22.13	178
1:1	JHN.1.2	150
1:1	REV.1.8	129
1:1	JHN.10.30-JHN.10.33	109
1:1	PRO.8.22-PRO.8.31	106
1:1	MAT.1.23	98
1:1	PHP.2.6	98
1:1	ISA.9.6	94
1:1	REV.21.6	90
1:1	HEB.13.8	86
1:1	ISA.7.14	77
1:1	1JN.5.20	71
1:1	1TI.3.16	68
1:1	HEB.1.8-HEB.1.13	65
1:1	JHN.16.28	58
1:1	REV.1.17	56
1:1	JHN.20.28	55
1:1	TIT.2.13	53
1:1	REV.1.2	48
1:1	JHN.1.18	47
1:1	HEB.7.3	47
1:1	EPH.3.9	46
1:1	REV.3.14	46
1:1	ROM.9.5	43
1:1	1JN.5.7	40
1:1	2PE.1.1	39
1:1	REV.2.8	39
1:1	PSA.45.6	38
1:1	ISA.40.9-ISA.40.11	36
1:1	REV.1.11	19
1:3	COL.1.16-COL.1.17	105
1:3	1CO.8.6	64
1:3	REV.4.11	54
1:3	PSA.33.6	44
1:3	GEN.1.26	40
1:3	JHN.1.10	39
1:3	HEB.1.2-HEB.1.3	37
1:3	ISA.45.18	31
1:3	ISA.45.12	30
1:3	PSA.102.25	28
1:3	GEN.1.1	26
1:3	HEB.3.3-HEB.3.4	26
1:3	HEB.1.10-HEB.1.12	25
1:3	EPH.3.9	24
1:3	JHN.5.17-JHN.5.19	20
1:4	JHN.8.12	75
1:4	JHN.12.46	66
1:4	JHN.5.26	48
1:4	1JN.1.5-1JN.1.7	48
1:4	JHN.9.5	38
1:4	LUK.1.78-LUK.1.79	36
1:4	JHN.11.25	32
1:4	ISA.42.6-ISA.42.7	31
1:4	JHN.14.6	27
1:4	1JN.5.11	27
1:4	EPH.5.14	22
1:4	JHN.12.35	20
1:4	MAT.4.16	18
1:4	ISA.42.16	17
1:4	COL.3.4	16
1:4	ACT.26.23	15
1:4	LUK.2.32	14
1:4	JHN.1.8-JHN.1.9	12
1:4	JHN.5.21	12
1:4	PSA.84.11	11
1:4	1JN.1.2	11
1:4	MAL.4.2	10
1:4	REV.22.16	9
1:4	ISA.35.4-ISA.35.5	8
1:4	1CO.15.45	7
1:4	REV.22.1	7
1:5	JHN.3.19-JHN.3.20	68
1:5	JHN.12.36-JHN.12.40	48
1:5	1CO.2.14	46
1:5	JOB.24.13-JOB.24.17	35
1:5	JHN.1.10	29
1:5	ROM.1.28	25
1:5	PRO.1.22	15
1:5	PRO.1.29-PRO.1.30	15
1:6	MAL.3.1	18
1:6	JHN.3.28	15
1:6	ISA.40.3-ISA.40.5	14
1:6	LUK.1.76	12
1:6	JHN.1.33	12
1:6	ACT.13.24	12
1:6	MAT.3.1-MAT.3.11	10
1:6	MAT.11.10	10
1:6	MRK.1.1-MRK.1.8	10
1:6	MAL.4.5-MAL.4.6	9
1:6	LUK.1.13	8
1:6	LUK.3.2-LUK.3.20	8
1:6	LUK.1.15-LUK.1.17	7
1:6	LUK.1.61-LUK.1.63	7
1:6	MAT.21.25	5
1:7	ACT.19.4	17
1:7	JHN.1.12	10
1:7	JHN.1.32-JHN.1.34	10
1:7	JHN.1.36	10
1:7	JHN.5.33-JHN.5.35	10
1:7	JHN.1.9	9
1:7	JHN.1.26-JHN.1.27	8
1:7	JHN.3.26-JHN.3.36	8
1:7	2PE.3.9	8
1:7	TIT.2.11	7
1:7	JHN.1.15	5
1:7	EPH.3.9	5
1:7	1TI.2.4	5
1:7	JHN.1.19	3
1:8	JHN.1.20	15
1:8	JHN.3.28	12
1:8	ACT.19.4	10
1:9	JHN.12.46	39
1:9	JHN.1.4	26
1:9	1JN.2.8	22
1:9	ISA.49.6	21
1:9	1TH.5.4-1TH.5.7	17
1:9	JHN.1.7	16
1:9	1JN.5.20	11
1:9	JHN.14.6	9
1:9	JHN.6.32	8
1:9	ISA.8.20	6
1:9	1JN.1.8	5
1:9	MAT.6.23	3
1:9	JHN.7.12	2
1:9	JHN.15.1	2
1:10	JHN.17.25	22
1:10	1JN.3.1	20
1:10	1CO.2.8	16
1:10	1CO.1.21	15
1:10	MAT.11.27	13
1:10	HEB.11.3	12
1:10	ACT.17.24-ACT.17.27	11
1:10	JHN.1.18	10
1:10	HEB.1.2-HEB.1.3	10
1:10	JHN.1.5	9
1:10	GEN.11.6-GEN.11.9	3
1:10	GEN.16.13	3
1:10	JER.10.11-JER.10.12	3
1:10	JHN.5.17	3
1:10	GEN.17.1	2
1:10	GEN.18.33	2
1:10	EXO.3.4-EXO.3.6	2
1:10	ACT.14.17	2
1:11	LUK.19.14	37
1:11	ISA.53.2-ISA.53.3	36
1:11	JHN.3.32	24
1:11	ACT.7.51-ACT.7.52	16
1:11	LUK.20.13-LUK.20.15	15
1:11	MAT.15.24	13
1:11	ACT.3.25-ACT.3.26	9
1:11	ROM.15.8	9
1:11	ACT.13.46	8
1:11	ROM.9.5	6
1:11	ACT.13.26	4
1:11	GAL.4.4	4
1:11	ROM.9.1	3
1:12	GAL.3.26	177
1:12	ROM.8.14	151
1:12	1JN.3.1	118
1:12	2CO.6.17-2CO.6.18	87
1:12	GAL.4.6	80
1:12	JHN.3.18	66
1:12	MAT.10.40	55
1:12	1JN.5.12-1JN.5.13	50
1:12	COL.2.6	48
1:12	ISA.56.5	41
1:12	JHN.20.31	34
1:12	2PE.1.4	32
1:12	HOS.1.10	31
1:12	MAT.12.21	27
1:12	1JN.3.23	25
1:12	JER.3.19	24
1:12	JHN.11.52	23
1:12	ACT.3.16	20
1:12	JHN.1.7	18
1:12	MAT.18.5	14
1:12	JHN.2.23	12
1:13	JAS.1.18	26
1:13	1JN.3.9	26
1:13	1PE.1.23	21
1:13	1PE.1.3	20
1:13	JHN.3.5-JHN.3.8	18
1:13	1JN.5.4	17
1:13	1JN.2.28-1JN.2.29	16
1:13	TIT.3.5	15
1:13	1JN.4.7	15
1:13	PHP.2.13	13
1:13	1CO.3.6	12
1:13	1JN.5.1	9
1:13	1JN.5.18	9
1:13	JHN.3.3	7
1:13	ROM.9.7-ROM.9.16	7
1:13	ROM.10.1-ROM.10.3	7
1:13	PSA.110.3	5
1:13	MAT.3.9	5
1:13	GEN.25.22	4
1:13	JHN.8.33-JHN.8.41	4
1:13	ROM.9.1-ROM.9.5	4
1:13	1PE.2.2	4
1:13	GEN.27.33	2
1:13	GEN.25.28	1
1:13	GEN.27.4	0
1:14	1JN.4.9	132
1:14	1TI.3.16	101
1:14	GAL.4.4	81
1:14	JHN.1.1	80
1:14	ISA.40.5	75
1:14	HEB.1.3	66
1:14	1JN.1.1-1JN.1.2	55
1:14	PHP.2.6-PHP.2.8	50
1:14	JHN.6.51	45
1:14	COL.1.19	41
1:14	1CO.15.47	40
1:14	ROM.8.3	37
1:14	ISA.7.14	36
1:14	PSA.2.7	32
1:14	1JN.4.14	32
1:14	COL.2.9	29
1:14	1JN.4.2-1JN.4.3	27
1:14	2JN.1.7	23
1:14	ISA.53.2	22
1:14	JHN.1.16-JHN.1.18	21
1:14	JHN.3.16	21
1:14	LUK.1.31-LUK.1.35	20
1:14	JHN.14.6	20
1:14	1TI.1.14-1TI.1.16	20
1:14	REV.21.3	20
1:14	JHN.2.11	19
1:14	HEB.5.5	19
1:14	JHN.11.40	18
1:14	HEB.1.5	17
1:14	JHN.3.18	16
1:14	1PE.2.4-1PE.2.7	16
1:14	JHN.14.9	14
1:14	HEB.2.14-HEB.2.17	14
1:14	ISA.60.1-ISA.60.2	13
1:14	LUK.9.32	13
1:14	JHN.12.40-JHN.12.41	13
1:14	HEB.10.5	13
1:14	MAT.17.1-MAT.17.5	12
1:14	ROM.1.3-ROM.1.4	12
1:14	PSA.45.2	11
1:14	MAT.1.16	11
1:14	LUK.2.11	11
1:14	JHN.17.22	11
1:14	ROM.9.5	11
1:14	2CO.12.9	11
1:14	EPH.3.8	11
1:14	MAT.1.20-MAT.1.23	10
1:14	2CO.4.4-2CO.4.6	10
1:14	EPH.3.18-EPH.3.19	10
1:14	HEB.2.11	10
1:14	2PE.1.16-2PE.1.17	10
1:14	LUK.2.7	9
1:14	COL.2.3	9
1:14	ACT.13.33	8
1:15	MAT.3.11	12
1:15	COL.1.17	7
1:15	LUK.3.16	6
1:15	JHN.1.1-JHN.1.2	6
1:15	JHN.1.29-JHN.1.34	6
1:15	JHN.3.26-JHN.3.36	6
1:15	MAT.3.13-MAT.3.17	5
1:15	JHN.1.7-JHN.1.8	5
1:15	JHN.5.33-JHN.5.36	5
1:15	MIC.5.2	4
1:15	MRK.1.7	4
1:15	JHN.1.27	4
1:15	JHN.17.5	4
1:15	ISA.9.6	3
1:15	JHN.8.58	3
1:15	REV.1.17-REV.1.18	3
1:15	REV.2.8	3
1:15	PRO.8.22	2
1:15	PHP.2.6-PHP.2.7	2
1:15	HEB.13.8	2
1:15	REV.1.11	0
1:16	COL.1.19	33
1:16	ROM.5.2	27
1:16	EPH.2.5-EPH.2.10	24
1:16	EPH.4.7-EPH.4.13	21
1:16	COL.2.9-COL.2.10	21
1:16	EPH.3.19	18
1:16	EPH.1.23	17
1:16	ROM.5.17	14
1:16	1CO.1.4-1CO.1.5	12
1:16	EPH.1.6-EPH.1.8	10
1:16	JHN.3.34	9
1:16	COL.2.3	6
1:16	MAT.13.12	5
1:16	LUK.21.15	5
1:16	JHN.15.1-JHN.15.5	5
1:16	ROM.8.9	5
1:16	ZEC.4.7	4
1:16	ACT.3.12-ACT.3.16	4
1:16	1PE.1.2	4
1:16	MAT.3.11	3
1:16	MAT.3.14	3
1:16	ROM.5.20	1
1:16	1PE.1.11	1
1:17	JHN.14.6	25
1:17	ROM.6.14	25
1:17	ROM.3.19-ROM.3.26	20
1:17	ROM.5.20-ROM.5.21	20
1:17	JHN.1.14	19
1:17	HEB.9.22	18
1:17	JHN.8.32	16
1:17	JHN.7.19	15
1:17	2CO.3.7-2CO.3.10	14
1:17	HEB.3.5-HEB.3.6	12
1:17	GAL.3.10-GAL.3.13	11
1:17	HEB.10.4-HEB.10.10	11
1:17	GEN.22.18	10
1:17	ACT.28.23	10
1:17	HEB.8.8-HEB.8.12	10
1:17	DEU.5.1	8
1:17	REV.7.9-REV.7.17	8
1:17	LUK.1.54-LUK.1.55	7
1:17	GAL.3.17	7
1:17	REV.5.8-REV.5.10	7
1:17	ACT.7.38	6
1:17	ROM.15.8-ROM.15.12	6
1:17	GEN.3.15	5
1:17	EXO.20.1-EXO.20.17	5
1:17	PSA.85.10	5
1:17	LUK.1.68-LUK.1.79	5
1:17	JHN.5.45	5
1:17	ACT.13.34-ACT.13.39	5
1:17	HEB.11.39-HEB.11.40	5
1:17	DEU.4.44	4
1:17	DEU.33.4	4
1:17	PSA.98.3	4
1:17	MIC.7.20	4
1:17	JHN.9.29	4
1:17	2CO.1.20	4
1:17	PSA.89.1-PSA.89.2	3
1:18	COL.1.15	68
1:18	JHN.6.46	59
1:18	MAT.11.27	52
1:18	LUK.10.22	44
1:18	1JN.4.12	40
1:18	1TI.6.16	34
1:18	1JN.4.9	26
1:18	EXO.33.18-EXO.33.23	22
1:18	1JN.4.20	22
1:18	1JN.5.20	22
1:18	JHN.17.26	20
1:18	JHN.1.14	18
1:18	JHN.14.9	17
1:18	JHN.17.6	17
1:18	DEU.4.12	16
1:18	NUM.12.8	13
1:18	EXO.23.21	12
1:18	EXO.34.5-EXO.34.7	12
1:18	ISA.6.1-ISA.6.3	12
1:18	JHN.12.41	12
1:18	1TI.1.17	12
1:18	GEN.16.13	10
1:18	GEN.32.28-GEN.32.30	10
1:18	JOS.5.13-JOS.6.2	10
1:18	EZK.1.26-EZK.1.28	10
1:18	EXO.3.4-EXO.3.6	9
1:18	JDG.6.12-JDG.6.26	9
1:18	GEN.48.15-GEN.48.16	8
1:18	JDG.13.20-JDG.13.23	8
1:18	PRO.8.30	8
1:18	ISA.40.11	8
1:18	LAM.2.12	8
1:18	LUK.16.22-LUK.16.23	8
1:18	GEN.18.33	7
1:18	HOS.12.3-HOS.12.5	6
1:18	JHN.3.16-JHN.3.18	6
1:18	JHN.13.23	3
1:19	LUK.3.15-LUK.3.18	6
1:19	JHN.10.24	6
1:19	ACT.19.4	4
1:19	JHN.5.33-JHN.5.36	3
1:19	ACT.13.25	3
1:19	MAT.21.23-MAT.21.32	2
1:19	JHN.2.18	1
1:19	JHN.5.10	0
1:20	MAT.3.11-MAT.3.12	7
1:20	MRK.1.7-MRK.1.8	7
1:20	LUK.3.15-LUK.3.17	6
1:20	JHN.3.28-JHN.3.36	6
1:21	DEU.18.15-DEU.18.18	11
1:21	MAL.4.5	11
1:21	MAT.11.14	9
1:21	JHN.1.25	7
1:21	MAT.16.14	6
1:21	MAT.17.10-MAT.17.12	6
1:21	LUK.1.17	6
1:21	MAT.11.9-MAT.11.11	5
1:21	JHN.7.40	5
1:22	2SA.24.13	0
1:23	ISA.40.3-ISA.40.5	55
1:23	MRK.1.3	20
1:23	MAT.3.3	19
1:23	LUK.1.16-LUK.1.17	15
1:23	LUK.1.76-LUK.1.79	15
1:23	LUK.3.4-LUK.3.6	15
1:23	JHN.3.28	15
1:24	MAT.23.13-MAT.23.15	5
1:24	LUK.11.39-LUK.11.44	5
1:24	LUK.11.53	5
1:24	LUK.7.30	4
1:24	LUK.16.14	4
1:24	JHN.3.1-JHN.3.2	4
1:24	MAT.23.26	3
1:24	JHN.7.47-JHN.7.49	3
1:24	ACT.23.8	3
1:24	ACT.26.5	3
1:24	PHP.3.5-PHP.3.6	3
1:25	DEU.18.18	14
1:25	DEU.18.15	10
1:25	JHN.1.20-JHN.1.22	6
1:25	MAT.21.23	4
1:25	ACT.5.28	4
1:25	ACT.4.5-ACT.4.7	3
1:25	DAN.9.24-DAN.9.26	2
1:26	LUK.3.16	8
1:26	JHN.1.10-JHN.1.11	8
1:26	ACT.1.5	8
1:26	MAT.3.11	7
1:26	MRK.1.8	7
1:26	JHN.8.19	6
1:26	ACT.11.16	6
1:26	JHN.17.3	5
1:26	JHN.17.25	5
1:26	1JN.3.1	5
1:26	JHN.16.3	4
1:26	MAL.3.1-MAL.3.2	2
1:27	LUK.3.16	9
1:27	MAT.3.11	8
1:27	MRK.1.7	8
1:27	JHN.1.30	8
1:27	JHN.1.15	6
1:27	ACT.19.4	4
1:28	JHN.10.40	8
1:28	JHN.3.23	7
1:28	JDG.7.24	5
1:28	JHN.3.26	3
1:29	ISA.53.7	51
1:29	1JN.2.2	47
1:29	1PE.1.19	44
1:29	1JN.3.5	44
1:29	2CO.5.21	34
1:29	1PE.2.24	28
1:29	ISA.53.11	26
1:29	HEB.1.3	25
1:29	REV.12.11	23
1:29	REV.6.1	21
1:29	JHN.1.36	20
1:29	ACT.8.32	20
1:29	GAL.3.13	20
1:29	REV.7.17	20
1:29	REV.17.14	20
1:29	REV.7.14	19
1:29	REV.14.1	18
1:29	REV.15.3	18
1:29	1PE.3.18	17
1:29	REV.13.8	16
1:29	REV.19.9	16
1:29	JHN.3.16	15
1:29	REV.14.4	15
1:29	GEN.22.7-GEN.22.8	14
1:29	EXO.12.3-EXO.12.13	14
1:29	REV.5.8	14
1:29	REV.5.12-REV.5.13	14
1:29	REV.14.10	14
1:29	REV.19.7	14
1:29	TIT.2.14	13
1:29	1JN.4.10	13
1:29	REV.1.5	13
1:29	REV.6.16	13
1:29	REV.21.9	13
1:29	REV.21.27-REV.22.3	12
1:29	MAT.20.28	11
1:29	1CO.15.3	11
1:29	1TI.2.6	11
1:29	HEB.9.28	11
1:29	REV.5.6	11
1:29	MAT.1.21	10
1:29	ACT.13.39	9
1:29	GAL.1.4	9
1:29	REV.7.9-REV.7.10	9
1:29	LEV.16.21-LEV.16.22	8
1:29	HEB.2.17	8
1:29	REV.21.14	8
1:29	REV.21.22-REV.21.23	7
1:29	LEV.10.17	5
1:29	HOS.14.2	5
1:29	EXO.28.38	4
1:29	NUM.18.23	3
1:29	NUM.28.3-NUM.28.10	2
1:29	NUM.18.1	0
1:30	JHN.1.15	8
1:30	JHN.1.27	8
1:30	LUK.3.16	4
1:31	MAL.3.1	7
1:31	LUK.1.17	5
1:31	JHN.1.7	5
1:31	JHN.1.33	5
1:31	ISA.40.3-ISA.40.5	4
1:31	MAL.4.2-MAL.4.5	4
1:31	MAT.3.6	4
1:31	MRK.1.3-MRK.1.5	4
1:31	LUK.3.3-LUK.3.4	4
1:31	LUK.1.76-LUK.1.80	3
1:31	LUK.2.39-LUK.2.42	3
1:31	ACT.19.4	3
1:32	LUK.3.22	14
1:32	MRK.1.10	13
1:32	MAT.3.16	11
1:32	JHN.1.7	8
1:32	JHN.5.32	6
1:33	ACT.1.5	16
1:33	MAT.3.11	11
1:33	LUK.3.16	10
1:33	TIT.3.5-TIT.3.6	9
1:33	MRK.1.7-MRK.1.8	7
1:33	JHN.3.34	7
1:33	ACT.10.44-ACT.10.47	7
1:33	ACT.19.2-ACT.19.6	7
1:33	JHN.3.5	6
1:33	ACT.11.15-ACT.11.16	6
1:33	1CO.12.13	6
1:33	JHN.1.31	5
1:33	ACT.2.4	5
1:33	MAT.3.13-MAT.3.15	4
1:34	PSA.2.7	12
1:34	JHN.1.49	11
1:34	MAT.4.3	10
1:34	1JN.5.20	9
1:34	PSA.89.26-PSA.89.27	8
1:34	JHN.20.31	7
1:34	ROM.1.4	7
1:34	REV.2.18	7
1:34	JHN.3.16-JHN.3.18	6
1:34	MAT.17.5	5
1:34	MAT.26.63	5
1:34	MAT.27.40	5
1:34	MAT.27.43	5
1:34	MAT.27.54	5
1:34	MRK.1.1	5
1:34	JHN.3.35-JHN.3.36	5
1:34	JHN.5.23-JHN.5.27	5
1:34	JHN.10.36	5
1:34	JHN.11.27	5
1:34	JHN.19.7	5
1:34	2CO.1.19	5
1:34	HEB.1.1-HEB.1.2	5
1:34	HEB.1.5-HEB.1.6	5
1:34	1JN.2.23	5
1:34	1JN.3.8	5
1:34	1JN.4.9	5
1:34	1JN.4.14-1JN.4.15	5
1:34	1JN.5.9-1JN.5.13	5
1:34	MAT.3.17	4
1:34	MAT.4.6	4
1:34	MAT.8.29	4
1:34	MAT.11.27	4
1:34	MAT.16.16	4
1:34	MRK.1.11	4
1:34	LUK.1.35	4
1:34	LUK.3.22	4
1:34	HEB.7.3	4
1:34	2JN.1.9	4
1:34	JHN.1.18	3
1:34	JHN.6.69	3
1:34	JHN.10.30	3
1:34	JHN.20.28	3
1:35	MAL.3.16	4
1:35	JHN.3.25-JHN.3.26	3
1:36	JHN.1.29	11
1:36	1PE.1.19-1PE.1.20	8
1:36	ISA.65.1-ISA.65.2	6
1:36	HEB.12.2	4
1:36	ISA.45.22	1
1:37	ROM.10.17	7
1:37	JHN.1.43	6
1:37	REV.22.17	6
1:37	ZEC.8.21	5
1:37	JHN.4.39-JHN.4.42	4
1:37	EPH.4.29	3
1:37	PRO.15.23	1
1:38	JHN.18.7	9
1:38	JHN.3.2	8
1:38	JHN.1.49	7
1:38	PSA.27.4	6
1:38	PRO.8.34	6
1:38	JHN.18.4	6
1:38	JHN.3.26	4
1:38	JHN.6.25	4
1:38	JHN.12.21	4
1:38	MAT.23.7-MAT.23.8	3
1:38	LUK.19.5	3
1:38	JHN.20.15-JHN.20.16	3
1:38	ACT.10.29	3
1:38	RUT.1.16	2
1:38	PRO.3.18	2
1:38	PRO.13.20	2
1:38	SNG.1.7-SNG.1.8	2
1:38	LUK.7.24-LUK.7.27	2
1:38	LUK.8.38	2
1:38	LUK.10.39	2
1:38	LUK.14.25	2
1:38	LUK.15.20	2
1:38	LUK.18.40-LUK.18.41	2
1:38	LUK.22.61	2
1:38	ACT.10.21	1
1:38	1KI.10.8	0
1:39	LUK.24.29	12
1:39	MAT.11.28-MAT.11.30	11
1:39	JHN.6.37	9
1:39	JHN.1.46	7
1:39	JHN.4.40	7
1:39	PRO.8.17	6
1:39	REV.3.20	6
1:39	JHN.14.22-JHN.14.23	5
1:39	ACT.28.30-ACT.28.31	3
1:40	MRK.1.16-MRK.1.20	9
1:40	MAT.4.18-MAT.4.22	7
1:40	JHN.1.40-JHN.1.42	4
1:40	MAT.10.2	3
1:40	LUK.5.2-LUK.5.11	3
1:40	JHN.6.8	1
1:40	ACT.1.13	1
1:41	JHN.4.25	7
1:41	JHN.1.45	6
1:41	ISA.2.3-ISA.2.5	4
1:41	ACT.13.32-ACT.13.33	4
1:41	PSA.89.20	3
1:41	DAN.9.25-DAN.9.26	2
1:41	LUK.2.17	2
1:41	JHN.1.36-JHN.1.37	2
1:41	JHN.4.28-JHN.4.29	2
1:41	ACT.10.38	2
1:41	2KI.7.9	1
1:41	PSA.2.2	1
1:41	PSA.45.7	1
1:41	ISA.11.2	1
1:41	ISA.61.1	1
1:41	LUK.2.38	1
1:41	LUK.4.18-LUK.4.21	1
1:41	ACT.4.27	1
1:41	HEB.1.8-HEB.1.9	0
1:41	1JN.1.3	0
1:42	JHN.21.15-JHN.21.17	7
1:42	1CO.3.22	7
1:42	1CO.15.5	6
1:42	1CO.1.12	5
1:42	MAT.10.2	4
1:42	MAT.16.17-MAT.16.18	4
1:42	1CO.9.5	4
1:42	GAL.2.9	4
1:42	LUK.5.8	3
1:42	JHN.6.70-JHN.6.71	3
1:42	MRK.3.16	2
1:42	JHN.1.47-JHN.1.48	2
1:42	JHN.21.2	2
1:42	LUK.6.14	1
1:42	JHN.2.24-JHN.2.25	1
1:42	JHN.13.18	1
1:43	ISA.65.1	7
1:43	MAT.9.9	7
1:43	JHN.14.8	7
1:43	MAT.4.18-MAT.4.21	6
1:43	JHN.12.21	6
1:43	JHN.6.5	4
1:43	PHP.3.12	4
1:43	1JN.4.19	4
1:43	MAT.10.3	3
1:43	LUK.19.10	3
1:43	JHN.1.28	3
1:43	JHN.1.35	2
1:43	JHN.6.7	2
1:44	JHN.12.21	7
1:44	MAT.11.21	5
1:44	MAT.10.3	3
1:44	MRK.3.18	3
1:44	MRK.6.45	3
1:44	MRK.8.22	3
1:44	LUK.9.10	3
1:44	LUK.10.13	3
1:44	LUK.6.14	2
1:44	JHN.14.8-JHN.14.9	2
1:44	ACT.1.13	2
1:45	DEU.18.18-DEU.18.22	50
1:45	MIC.5.2	26
1:45	LUK.24.27	25
1:45	MAT.2.23	23
1:45	LUK.24.44	21
1:45	ISA.7.14	20
1:45	ISA.9.6	17
1:45	ZEC.9.9	17
1:45	JHN.5.45-JHN.5.46	17
1:45	ISA.53.2	16
1:45	LUK.4.22	15
1:45	GEN.22.18	14
1:45	ISA.4.2	14
1:45	GEN.49.10	12
1:45	ZEC.6.12	12
1:45	GEN.3.15	11
1:45	JHN.18.7	11
1:45	MAT.21.11	10
1:45	MRK.6.3	10
1:45	JHN.1.46-JHN.1.48	10
1:45	JHN.21.2	8
1:45	ACT.10.38	8
1:45	ACT.22.8	8
1:45	MAT.13.55	7
1:45	MRK.14.67	7
1:45	LUK.2.4	7
1:45	LUK.3.23	6
1:45	JHN.6.42	6
1:45	JHN.18.5	6
1:45	JHN.19.19	6
1:45	ACT.2.22	6
1:45	ACT.3.6	6
1:45	ACT.26.9	6
1:46	JHN.7.52	18
1:46	JHN.7.41-JHN.7.42	16
1:46	JHN.4.29	12
1:46	1TH.5.21	6
1:46	LUK.12.57	1
1:46	LUK.4.28-LUK.4.29	0
1:47	REV.14.5	8
1:47	PSA.32.2	7
1:47	PSA.73.1	5
1:47	JHN.8.39	4
1:47	ROM.9.4	4
1:47	ROM.9.6	3
1:47	JHN.8.31	2
1:47	ROM.2.28-ROM.2.29	2
1:47	PHP.3.3	1
1:47	1PE.2.1	1
1:47	1PE.2.22	1
1:48	ISA.65.24	12
1:48	PSA.139.1-PSA.139.2	7
1:48	MAT.6.6	7
1:48	JHN.2.25	7
1:48	REV.2.18-REV.2.19	4
1:48	GEN.32.24-GEN.32.30	2
1:48	1CO.14.25	2
1:48	1CO.4.5	1
1:49	ZEP.3.15	9
1:49	ZEC.9.9	7
1:49	MAT.27.42	7
1:49	MAT.2.2	6
1:49	LUK.19.38	6
1:49	JHN.12.13-JHN.12.15	6
1:49	MAT.21.5	5
1:49	MAT.27.11	5
1:49	JHN.1.34	5
1:49	HOS.3.5	4
1:49	MIC.5.2	4
1:49	MAT.14.33	4
1:49	JHN.1.18	4
1:49	JHN.18.37	4
1:49	JHN.20.28-JHN.20.29	4
1:49	PSA.110.1	3
1:49	ISA.9.7	3
1:49	JER.23.5-JER.23.6	3
1:49	JHN.1.38	3
1:49	JHN.19.19-JHN.19.22	3
1:49	PSA.2.6	2
1:49	EZK.37.21-EZK.37.25	2
1:49	ZEC.6.12-ZEC.6.13	2
1:49	DAN.9.25	1
1:50	JHN.20.29	7
1:50	JHN.11.40	5
1:50	LUK.1.45	3
1:50	MAT.25.29	2
1:50	MAT.13.12	0
1:50	LUK.7.9	0
1:51	GEN.28.12	46
1:51	ACT.7.56	17
1:51	LUK.22.43	12
1:51	MAT.16.27-MAT.16.28	11
1:51	MRK.1.10	11
1:51	MRK.14.62	9
1:51	LUK.2.13	9
1:51	ACT.10.11	9
1:51	EZK.1.1	8
1:51	MAT.3.16	8
1:51	LUK.3.21	8
1:51	JHN.3.13-JHN.3.14	8
1:51	ACT.1.10-ACT.1.11	8
1:51	DAN.7.13-DAN.7.14	7
1:51	MAT.4.11	7
1:51	LUK.2.9	7
1:51	2TH.1.7	7
1:51	MAT.25.31	6
1:51	LUK.22.69	6
1:51	JHN.10.1	6
1:51	1TI.3.16	6
1:51	HEB.1.14	6
1:51	REV.4.1	6
1:51	REV.19.11	6
1:51	JHN.14.12	5
1:51	2TH.1.9	5
1:51	JUD.1.14	5
1:51	DAN.7.9-DAN.7.10	4
1:51	MAT.26.24	4
1:51	LUK.24.4	4
1:51	JHN.6.47	4
1:51	MAT.16.13-MAT.16.16	3
1:51	JHN.3.5	3
1:51	JHN.5.24-JHN.5.25	3
1:51	JHN.6.32	3
1:51	JHN.8.51	3
1:51	JHN.21.18	3
1:51	ZEC.13.7	2
1:51	MAT.8.20	2
1:51	MAT.9.6	2
1:51	JHN.3.3	2
1:51	JHN.5.19	2
1:51	JHN.5.27	2
1:51	JHN.6.53	2
1:51	JHN.10.7	2
1:51	JHN.12.23-JHN.12.24	2
1:51	JHN.13.16	2
1:51	JHN.13.20-JHN.13.21	2
1:51	JHN.16.20	2
1:51	JHN.6.26	1
1:51	JHN.8.34	1
1:51	JHN.8.58	1
1:51	JHN.13.38	1
1:51	JHN.16.23	1
2:1	JHN.4.46	9
2:1	PRO.31.10-PRO.31.12	4
2:1	JHN.1.43	3
2:1	JHN.21.2	3
2:1	PRO.18.22	2
2:1	MAT.12.46	2
2:1	GEN.2.18-GEN.2.25	1
2:1	PSA.128.1-PSA.128.4	1
2:1	JHN.1.29	1
2:1	EPH.5.30-EPH.5.33	0
2:1	1TI.4.1-1TI.4.3	0
2:1	HEB.13.4	0
2:2	MAT.10.40-MAT.10.42	3
2:2	COL.3.17	2
2:2	JHN.1.40-JHN.1.49	1
2:2	1CO.7.39	1
2:2	1CO.10.31	1
2:2	HEB.13.4	1
2:2	MAT.12.19	0
2:2	MAT.25.40	0
2:2	MAT.25.45	0
2:2	LUK.7.34-LUK.7.38	0
2:3	PSA.104.15	7
2:3	PHP.4.6	5
2:3	ECC.10.19	4
2:3	ISA.24.11	4
2:3	MAT.26.28	4
2:3	JHN.11.3	3
2:4	JHN.7.6	27
2:4	JHN.7.30	23
2:4	JHN.13.1	23
2:4	JHN.8.20	22
2:4	JHN.12.23	20
2:4	ECC.3.1	11
2:4	JHN.19.26-JHN.19.27	9
2:4	MAT.8.29	5
2:4	2SA.16.10	3
2:4	2SA.19.22	3
2:4	DEU.33.9	0
2:4	MAT.15.28	0
2:4	LUK.2.49	0
2:4	JHN.20.13	0
2:4	GAL.2.5-GAL.2.6	0
2:5	GEN.6.22	25
2:5	JHN.15.14	24
2:5	HEB.11.8	22
2:5	LUK.5.5-LUK.5.6	20
2:5	HEB.5.9	17
2:5	LUK.6.46-LUK.6.49	13
2:5	ACT.9.6	13
2:5	JDG.13.14	7
2:6	JHN.3.25	9
2:6	EPH.5.26	8
2:6	HEB.9.10	8
2:6	MRK.7.2-MRK.7.5	5
2:6	HEB.9.19	4
2:6	HEB.10.22	4
2:6	HEB.6.2	3
2:7	2KI.4.2-2KI.4.6	7
2:7	JHN.2.5	5
2:7	1KI.17.13	4
2:7	JHN.2.3	4
2:7	MRK.11.2-MRK.11.6	3
2:7	MRK.14.12-MRK.14.17	3
2:7	JOS.6.3-JOS.6.5	2
2:7	2KI.5.10-2KI.5.14	2
2:7	NUM.21.6-NUM.21.9	1
2:7	ACT.8.26-ACT.8.40	1
2:8	PRO.3.5-PRO.3.6	4
2:8	JHN.2.9	4
2:8	ROM.13.7	1
2:8	ECC.9.6	0
2:9	JHN.4.46	7
2:9	JHN.7.17	5
2:9	PSA.119.100	2
2:10	REV.7.16-REV.7.17	15
2:10	PRO.9.1-PRO.9.6	8
2:10	PSA.104.15	2
2:10	LUK.16.25	2
2:10	GEN.43.34	0
2:10	PRO.9.16-PRO.9.18	0
2:11	JHN.20.30-JHN.20.31	20
2:11	JHN.1.14	16
2:11	JHN.3.2	15
2:11	JHN.6.2	12
2:11	ISA.40.5	9
2:11	JHN.6.14	9
2:11	JHN.6.26	8
2:11	JHN.6.30	8
2:11	PSA.96.3	7
2:11	2CO.4.17	7
2:11	JHN.12.41	6
2:11	JHN.14.13	6
2:11	JHN.1.50	5
2:11	JHN.2.23	5
2:11	JHN.12.37	5
2:11	JHN.4.46	4
2:11	1JN.5.13	4
2:11	EXO.4.9	3
2:11	DEU.5.24	3
2:11	PSA.72.19	3
2:11	ECC.9.7	3
2:11	JHN.5.23	3
2:11	2CO.4.6	3
2:11	EXO.7.19-EXO.7.21	2
2:11	JHN.1.17	2
2:11	JHN.11.15	2
2:11	2CO.3.18	2
2:11	MAL.2.2	1
2:11	GAL.3.10-GAL.3.13	1
2:11	JHN.14.9-JHN.14.11	0
2:12	MAT.12.46	6
2:12	MAT.4.13	3
2:12	MAT.13.55-MAT.13.56	3
2:12	MRK.6.3	3
2:12	JHN.7.3-JHN.7.5	3
2:12	ACT.1.13-ACT.1.14	3
2:12	1CO.9.5	3
2:12	GAL.1.19	3
2:12	MAT.11.23	2
2:12	JHN.6.17	2
2:13	LUK.2.41	9
2:13	JHN.11.55	7
2:13	JHN.2.23	5
2:13	EXO.12.6-EXO.12.14	4
2:13	DEU.16.1-DEU.16.8	4
2:13	JHN.5.1	3
2:13	JHN.6.4	3
2:13	NUM.28.16-NUM.28.25	2
2:13	DEU.16.16	2
2:14	MRK.11.15	7
2:14	LUK.19.45-LUK.19.46	7
2:14	MRK.11.17	6
2:14	DEU.14.23-DEU.14.26	5
2:14	MAT.21.12-MAT.21.13	5
2:14	MAL.3.1-MAL.3.3	4
2:16	JER.7.11	28
2:16	MAT.21.13	28
2:16	MRK.11.17	20
2:16	ISA.56.5-ISA.56.11	18
2:16	LUK.2.49	15
2:16	2PE.2.14-2PE.2.15	10
2:16	HOS.12.7-HOS.12.8	5
2:16	JHN.5.17	3
2:16	2PE.2.3	3
2:16	JHN.20.17	2
2:16	ACT.19.24-ACT.19.27	2
2:16	1TI.6.5	2
2:16	JHN.10.29	1
2:16	JHN.8.49	0
2:17	PSA.69.9	88
2:17	PSA.119.139	44
2:18	LUK.11.29	4
2:18	MAT.21.23	3
2:18	MRK.8.11	3
2:18	MRK.11.27-MRK.11.28	3
2:18	JHN.6.30	3
2:18	MAT.16.1-MAT.16.4	2
2:18	LUK.20.1-LUK.20.2	2
2:18	JHN.1.25	2
2:18	ACT.4.7	2
2:18	ACT.5.28	2
2:18	MAT.12.38-MAT.12.42	1
2:19	MRK.14.58	22
2:19	MRK.15.29	21
2:19	MAT.27.40	16
2:19	MAT.26.60-MAT.26.61	15
2:19	MAT.12.40	12
2:19	ROM.8.11	11
2:19	JHN.10.17-JHN.10.18	9
2:19	ACT.2.32	8
2:19	ACT.2.24	7
2:19	ACT.3.15	7
2:19	1PE.3.18	5
2:19	MRK.8.31	4
2:19	JHN.11.25	4
2:19	ROM.6.4	4
2:19	1CO.15.3-1CO.15.4	4
2:19	MAT.27.63	3
2:19	JHN.5.19	3
2:19	ACT.3.26	3
2:19	ROM.4.24	3
2:19	1CO.15.12	3
2:19	COL.2.12	3
2:21	1CO.6.19	13
2:21	1CO.3.16	8
2:21	EPH.2.20-EPH.2.22	6
2:21	COL.1.19	6
2:21	COL.2.9	6
2:21	HEB.8.2	6
2:21	JHN.1.14	5
2:21	2CO.6.16	5
2:21	1PE.2.4-1PE.2.5	4
2:22	JHN.12.16	9
2:22	PSA.16.10	5
2:22	LUK.24.7-LUK.24.8	5
2:22	JHN.14.26	5
2:22	JHN.16.4	5
2:22	JHN.2.17	2
2:22	ACT.11.16	2
2:22	LUK.24.44	1
2:22	JHN.2.11	1
2:22	JHN.20.8-JHN.20.9	1
2:23	JHN.7.31	6
2:23	JHN.6.14	5
2:23	LUK.8.13	4
2:23	EPH.3.16-EPH.3.17	3
2:23	MRK.4.16-MRK.4.17	2
2:23	JHN.2.13	2
2:23	JHN.3.2	2
2:23	JHN.8.30-JHN.8.31	2
2:23	GAL.5.6	2
2:23	MAT.13.20-MAT.13.21	1
2:23	JHN.12.42-JHN.12.43	1
2:23	JAS.2.19-JAS.2.20	1
2:24	JHN.6.64	16
2:24	MAT.9.4	15
2:24	ACT.1.24	15
2:24	HEB.4.13	15
2:24	1CH.28.9	13
2:24	1SA.16.7	11
2:24	JER.17.9	11
2:24	JHN.5.42	10
2:24	JHN.16.30	10
2:24	REV.2.23	9
2:24	MRK.2.8	6
2:24	JHN.21.17	6
2:24	1CH.29.17	5
2:24	JHN.6.15	5
2:24	MAT.10.16-MAT.10.17	3
2:24	JHN.1.42	3
2:24	JHN.1.46-JHN.1.47	2
2:25	MAT.9.4	12
2:25	JHN.13.11	12
2:25	JHN.6.64	8
2:25	JHN.6.61	3
3:1	JHN.19.39	8
3:1	JHN.3.10	6
3:1	JHN.7.47-JHN.7.50	6
3:1	LUK.23.13	4
3:2	JHN.5.36	14
3:2	ACT.10.38	12
3:2	ACT.2.22	11
3:2	JHN.9.16	7
3:2	JHN.9.30-JHN.9.33	7
3:2	ACT.4.16-ACT.4.17	7
3:2	MAT.22.16	6
3:2	JHN.1.38	5
3:2	JHN.12.37	5
3:2	JHN.7.31	4
3:2	JHN.11.47-JHN.11.48	4
3:2	JDG.6.27	3
3:2	MRK.12.14	3
3:2	JHN.3.26	3
3:2	JHN.12.42-JHN.12.43	3
3:2	JHN.15.24	3
3:2	JHN.20.16	3
3:2	ISA.51.7	2
3:2	JHN.7.50-JHN.7.51	2
3:2	JHN.19.38-JHN.19.39	1
3:2	PHP.1.14	1
3:3	2CO.5.17	91
3:3	JHN.3.5-JHN.3.6	80
3:3	1PE.1.23-1PE.1.25	71
3:3	1JN.3.9	61
3:3	1JN.5.1	53
3:3	TIT.3.5	51
3:3	JHN.1.13	43
3:3	1JN.2.29	41
3:3	1PE.1.3	38
3:3	GAL.6.15	33
3:3	1JN.5.18	29
3:3	2CO.4.4	27
3:3	JHN.12.40	24
3:3	JER.5.21	22
3:3	MAT.13.11-MAT.13.16	22
3:3	EPH.2.1	22
3:3	JHN.1.5	21
3:3	DEU.29.4	18
3:3	JAS.1.17-JAS.1.18	18
3:3	2CO.1.19-2CO.1.20	16
3:3	MAT.16.17	15
3:3	REV.3.14	14
3:3	MAT.5.18	13
3:3	JHN.1.51	13
3:3	JAS.3.17	13
3:4	1CO.2.14	12
3:4	1CO.1.18	9
3:4	JHN.3.3	5
3:4	JHN.4.11-JHN.4.12	5
3:4	JHN.6.53	4
3:4	JHN.6.60	2
3:5	EZK.36.25-EZK.36.27	115
3:5	EPH.5.26	63
3:5	ACT.2.38	57
3:5	1PE.3.21	40
3:5	1CO.6.11	37
3:5	1JN.5.6-1JN.5.8	35
3:5	ISA.44.3-ISA.44.4	31
3:5	MAT.3.11	27
3:5	TIT.3.4-TIT.3.7	27
3:5	JHN.3.3	22
3:5	2CO.5.17-2CO.5.18	22
3:5	MRK.16.16	19
3:5	1CO.2.12	15
3:5	ROM.14.17	12
3:5	GAL.6.15	12
3:5	1JN.5.1	12
3:5	MAT.18.3	11
3:5	JHN.1.13	11
3:5	1JN.2.29	11
3:5	1PE.1.2	10
3:5	MAT.28.19	9
3:5	LUK.13.3	9
3:5	ACT.3.19	8
3:5	EPH.2.4-EPH.2.10	8
3:5	MAT.5.20	7
3:5	LUK.13.24	7
3:5	2TH.2.13-2TH.2.14	7
3:5	ROM.8.2	6
3:5	LUK.13.5	5
3:6	GAL.5.16-GAL.5.21	28
3:6	EZK.36.26-EZK.36.27	22
3:6	ROM.8.4-ROM.8.9	19
3:6	2CO.5.17	14
3:6	1CO.15.47-1CO.15.50	13
3:6	ROM.7.18	12
3:6	1CO.6.17	12
3:6	1JN.3.9	11
3:6	GEN.6.12	10
3:6	ROM.8.13	10
3:6	JOB.14.4	9
3:6	PSA.51.10	9
3:6	JOB.25.4	8
3:6	EZK.11.19-EZK.11.20	8
3:6	COL.2.11	7
3:6	JHN.1.13	6
3:6	GAL.5.24	6
3:6	EPH.2.3	6
3:6	GEN.6.5	5
3:6	ROM.7.5	5
3:6	GEN.5.3	3
3:6	JOB.15.14-JOB.15.16	3
3:6	ROM.7.25-ROM.8.1	2
3:7	JHN.3.3	12
3:7	EPH.4.22-EPH.4.24	12
3:7	ROM.12.1-ROM.12.2	5
3:7	JHN.3.12	4
3:7	1PE.1.22	4
3:7	REV.21.27	4
3:7	MAT.13.33-MAT.13.35	3
3:7	COL.1.12	3
3:7	HEB.12.14	3
3:7	1PE.1.14-1PE.1.16	3
3:7	JOB.15.14	2
3:7	JHN.6.61-JHN.6.63	2
3:7	ROM.3.9-ROM.3.19	2
3:7	JHN.5.28	1
3:7	ROM.9.22-ROM.9.25	1
3:8	ECC.11.4-ECC.11.5	41
3:8	1CO.2.11	29
3:8	ACT.2.2	23
3:8	EZK.37.9	20
3:8	1JN.2.29	17
3:8	MRK.4.26-MRK.4.29	14
3:8	ACT.4.31	13
3:8	JHN.1.13	10
3:8	1CO.12.11	8
3:8	JOB.37.10-JOB.37.13	7
3:8	JOB.37.16-JOB.37.17	7
3:8	JOB.37.21-JOB.37.23	7
3:8	ISA.55.9-ISA.55.13	6
3:8	1JN.3.8-1JN.3.9	6
3:8	PSA.107.29	5
3:8	PSA.107.25	4
3:8	LUK.6.43-LUK.6.44	2
3:9	ISA.42.16	6
3:9	JHN.6.52	6
3:9	JHN.6.60	6
3:9	LUK.1.34	5
3:9	JHN.3.4	4
3:9	PRO.4.18	3
3:9	MRK.8.24-MRK.8.25	3
3:10	MAT.22.29	8
3:10	JER.8.8-JER.8.9	7
3:10	EZK.11.19	6
3:10	MAT.15.14	4
3:10	PSA.51.6	3
3:10	PSA.51.10	3
3:10	PSA.73.1	3
3:10	EZK.36.25-EZK.36.27	3
3:10	DEU.10.16	2
3:10	DEU.30.6	2
3:10	1CH.29.19	2
3:10	ISA.9.16	2
3:10	ISA.11.6-ISA.11.9	2
3:10	ISA.29.10-ISA.29.12	2
3:10	ISA.56.10	2
3:10	ISA.66.7-ISA.66.9	2
3:10	JER.31.33	2
3:10	JER.32.39-JER.32.40	2
3:10	EZK.18.31-EZK.18.32	2
3:10	EZK.37.23-EZK.37.24	2
3:10	MAT.11.25	2
3:10	ROM.2.28	1
3:10	PHP.3.3	1
3:10	LUK.2.46	0
3:10	COL.2.11	0
3:11	JHN.8.38	10
3:11	1JN.5.6-1JN.5.12	8
3:11	JHN.1.18	7
3:11	JHN.8.14	7
3:11	JHN.12.49	7
3:11	JHN.14.24	7
3:11	JHN.7.16	6
3:11	JHN.8.28-JHN.8.29	6
3:11	ISA.53.1	5
3:11	ISA.65.2	5
3:11	JHN.3.32-JHN.3.34	5
3:11	ACT.28.23-ACT.28.27	5
3:11	2CO.4.4	5
3:11	ISA.50.2	4
3:11	ISA.55.4	4
3:11	LUK.10.22	4
3:11	JHN.1.11	4
3:11	JHN.5.31-JHN.5.40	4
3:11	JHN.12.37-JHN.12.38	4
3:11	ACT.22.18	4
3:11	1JN.1.1-1JN.1.3	4
3:11	REV.1.5	4
3:11	MAT.11.27	3
3:11	MAT.23.37	3
3:11	JHN.3.3	3
3:11	JHN.3.5	3
3:11	JHN.3.13	3
3:11	JHN.5.43	3
3:11	REV.3.14	3
3:12	1CO.3.1-1CO.3.2	15
3:12	1CO.2.7-1CO.2.9	12
3:12	JHN.3.31-JHN.3.36	9
3:12	HEB.5.11	9
3:12	1PE.2.1-1PE.2.3	6
3:12	JHN.1.1-JHN.1.14	4
3:12	JHN.3.5	4
3:12	JHN.3.8	4
3:12	JHN.3.13-JHN.3.17	4
3:12	JHN.3.3	3
3:12	1TI.3.16	3
3:12	1JN.4.10	3
3:13	PRO.30.4	39
3:13	JHN.6.38	21
3:13	ACT.2.34	20
3:13	JHN.1.18	18
3:13	JHN.13.3	16
3:13	1CO.15.47	16
3:13	EPH.4.9-EPH.4.10	13
3:13	JHN.6.62	12
3:13	ROM.10.6	12
3:13	JHN.3.31	11
3:13	JHN.6.46	9
3:13	MRK.16.19-MRK.16.20	8
3:13	JHN.6.42	8
3:13	JHN.17.5	8
3:13	DEU.30.12	7
3:13	JHN.6.33	7
3:13	JHN.6.51	7
3:13	JHN.8.42	7
3:13	JHN.16.28-JHN.16.30	7
3:13	MAT.28.20	5
3:13	ACT.20.28	5
3:13	EPH.1.23	4
3:14	NUM.21.7-NUM.21.9	80
3:14	JHN.8.28	38
3:14	JHN.12.32-JHN.12.34	25
3:14	LUK.24.26-LUK.24.27	16
3:14	LUK.24.44-LUK.24.46	14
3:14	2KI.18.4	13
3:14	PSA.22.16	13
3:14	MAT.26.54	12
3:14	ACT.2.23	12
3:14	LUK.18.31-LUK.18.33	11
3:14	ACT.4.27-ACT.4.28	11
3:14	LUK.24.20	6
3:15	JHN.3.16	21
3:15	JHN.6.40	19
3:15	JHN.3.36	16
3:15	JHN.12.44-JHN.12.46	15
3:15	1JN.5.11-1JN.5.13	15
3:15	ROM.10.9-ROM.10.14	12
3:15	1JN.5.1	12
3:15	1JN.5.20	12
3:15	JHN.10.28-JHN.10.30	11
3:15	JHN.20.31	11
3:15	HEB.7.25	11
3:15	ISA.45.22	10
3:15	JHN.1.12	9
3:15	JHN.6.47	9
3:15	JHN.11.25-JHN.11.26	9
3:15	ACT.16.30-ACT.16.31	9
3:15	LUK.19.10	8
3:15	JHN.5.24	8
3:15	JHN.17.2-JHN.17.3	7
3:15	ROM.6.22-ROM.6.23	7
3:15	GAL.2.16	7
3:15	MRK.16.16	6
3:15	ACT.8.36	6
3:15	HEB.10.39	6
3:15	1JN.2.25	6
3:15	MAT.18.10	5
3:15	ACT.13.41	5
3:15	ROM.5.1-ROM.5.2	5
3:15	1CO.1.18	5
3:15	2CO.4.3	5
3:15	GAL.2.20	5
3:15	JHN.16.33	4
3:15	ROM.5.21	4
3:16	ROM.5.8	984
3:16	1JN.4.9-1JN.4.10	698
3:16	ROM.8.32	510
3:16	JHN.3.15	501
3:16	JHN.11.25-JHN.11.26	459
3:16	JHN.6.40	399
3:16	JHN.3.36	376
3:16	1JN.4.19	350
3:16	JHN.10.28	319
3:16	1TI.1.15-1TI.1.16	289
3:16	ROM.5.10	265
3:16	JHN.1.29	239
3:16	2TH.2.16	225
3:16	2CO.5.19-2CO.5.21	213
3:16	EPH.2.4	203
3:16	MAT.9.13	189
3:16	REV.1.5	171
3:16	JHN.1.14	165
3:16	GEN.22.12	164
3:16	TIT.3.4	161
3:16	JHN.1.18	149
3:16	MRK.12.6	137
3:16	LUK.2.14	129
3:17	1JN.4.14	68
3:17	LUK.19.10	66
3:17	JHN.12.47-JHN.12.48	53
3:17	JHN.6.57	38
3:17	JHN.6.40	34
3:17	JHN.6.29	29
3:17	1TI.2.5-1TI.2.6	29
3:17	JHN.20.21	25
3:17	1JN.2.2	23
3:17	JHN.17.3	20
3:17	JHN.11.42	18
3:17	ZEC.9.9	15
3:17	JHN.1.29	15
3:17	JHN.5.45	15
3:17	JHN.7.29	15
3:17	JHN.8.42	15
3:17	MAT.1.23	14
3:17	JHN.8.15-JHN.8.16	14
3:17	ISA.53.10-ISA.53.12	13
3:17	ISA.45.21-ISA.45.23	12
3:17	LUK.2.10-LUK.2.11	12
3:17	JHN.5.36	12
3:17	JHN.10.36	12
3:17	JHN.17.8	12
3:17	ISA.49.6-ISA.49.7	10
3:17	JHN.5.38	10
3:17	JHN.17.21	10
3:17	MAT.18.10	5
3:18	1JN.5.10	31
3:18	MRK.16.16	30
3:18	ROM.8.1	28
3:18	JHN.5.24	23
3:18	1JN.5.12	20
3:18	JHN.3.36	19
3:18	ROM.5.1	16
3:18	1JN.4.9	12
3:18	JHN.20.31	11
3:18	JHN.6.40	10
3:18	JHN.6.47	10
3:18	ROM.8.34	10
3:18	JHN.1.18	8
3:18	HEB.2.3	7
3:18	HEB.12.25	6
3:19	JHN.8.12	25
3:19	2TH.2.12	16
3:19	JHN.9.39-JHN.9.41	13
3:19	ROM.2.8	11
3:19	JHN.12.43	10
3:19	JHN.5.44	9
3:19	ROM.1.32	9
3:19	JHN.15.22-JHN.15.25	6
3:19	2PE.3.3	6
3:19	LUK.12.47	5
3:19	JHN.1.4	4
3:19	HEB.3.12-HEB.3.13	4
3:19	LUK.10.11-LUK.10.16	2
3:19	JHN.1.9-JHN.1.11	2
3:19	JHN.7.7	2
3:19	JHN.8.44-JHN.8.45	2
3:19	JHN.10.26-JHN.10.27	2
3:19	ACT.24.21-ACT.24.26	2
3:19	1PE.2.8	2
3:19	ISA.30.9-ISA.30.12	1
3:19	MAT.11.20-MAT.11.24	0
3:19	LUK.16.14	0
3:19	JHN.7.17	0
3:19	2CO.2.15-2CO.2.16	0
3:20	EPH.5.11-EPH.5.13	22
3:20	JHN.7.7	14
3:20	JOB.24.13-JOB.24.17	10
3:20	PRO.1.29	9
3:20	PRO.4.18	9
3:20	JAS.1.23-JAS.1.25	6
3:20	1KI.22.8	4
3:20	PSA.50.17	4
3:20	PRO.5.12	3
3:20	PRO.15.12	3
3:20	AMO.5.10-AMO.5.11	3
3:20	LUK.11.45	2
3:21	1JN.1.6	27
3:21	PSA.139.23-PSA.139.24	24
3:21	3JN.1.11	13
3:21	EPH.5.9	11
3:21	PHP.2.13	11
3:21	PSA.119.105	10
3:21	1JN.4.15-1JN.4.16	10
3:21	1JN.2.27-1JN.2.29	9
3:21	GAL.6.8	8
3:21	PSA.119.80	7
3:21	JHN.1.47	7
3:21	PHP.1.11	7
3:21	1PE.1.22	7
3:21	JHN.5.39	6
3:21	GAL.5.22-GAL.5.23	6
3:21	COL.1.29	6
3:21	HEB.13.21	6
3:21	1JN.4.12-1JN.4.13	6
3:21	ISA.26.12	5
3:21	JHN.15.4-JHN.15.5	5
3:21	ACT.17.11-ACT.17.12	5
3:21	2CO.1.12	5
3:21	PSA.1.1-PSA.1.3	4
3:21	HOS.14.8	4
3:21	1CO.15.10	4
3:21	ISA.8.20	3
3:21	2PE.1.5-2PE.1.10	3
3:21	REV.3.1-REV.3.2	3
3:21	REV.3.15	3
3:22	JHN.4.1-JHN.4.3	8
3:22	JHN.3.26	5
3:22	JHN.7.3	1
3:22	JHN.2.13	0
3:23	MRK.1.4-MRK.1.5	4
3:23	1SA.9.4	3
3:23	EZK.43.2	3
3:23	MAT.3.5-MAT.3.6	3
3:23	LUK.3.7	3
3:23	GEN.33.18	2
3:23	JER.51.13	2
3:23	EZK.19.10	2
3:23	REV.1.15	1
3:23	REV.14.2	1
3:23	REV.19.6	1
3:24	MAT.4.12	7
3:24	MAT.14.3	6
3:24	MRK.6.17	5
3:24	LUK.3.19-LUK.3.20	3
3:24	LUK.9.7-LUK.9.9	3
3:25	JHN.2.6	12
3:25	MAT.3.11	8
3:25	HEB.6.2	7
3:25	HEB.9.10	6
3:25	HEB.9.23	6
3:25	1PE.3.21	6
3:25	MRK.7.8	5
3:25	HEB.9.13-HEB.9.14	5
3:25	MRK.7.2-MRK.7.5	4
3:26	JHN.1.7	8
3:26	JHN.1.15	4
3:26	JHN.12.19	4
3:26	GAL.6.12-GAL.6.13	4
3:26	JAS.3.14-JAS.3.18	4
3:26	ISA.45.23	3
3:26	JHN.1.26-JHN.1.36	3
3:26	JHN.11.48	3
3:26	ACT.19.26-ACT.19.27	3
3:26	1CO.3.3-1CO.3.5	3
3:26	GAL.5.20-GAL.5.21	3
3:26	NUM.11.26-NUM.11.29	2
3:26	PSA.65.2	2
3:26	ECC.4.4	2
3:26	MAT.23.7	2
3:26	JHN.1.9	2
3:26	JHN.3.2	2
3:26	JAS.4.5-JAS.4.6	2
3:27	JAS.1.17	39
3:27	1CO.4.7	30
3:27	1CO.15.10	21
3:27	1PE.4.10-1PE.4.11	18
3:27	AMO.7.15	15
3:27	1CO.2.12-1CO.2.14	14
3:27	JER.1.5	13
3:27	MAT.25.15	13
3:27	EPH.3.7-EPH.3.8	12
3:27	HEB.5.4-HEB.5.5	12
3:27	NUM.17.5	11
3:27	JER.17.16	11
3:27	MAT.21.25	10
3:27	MRK.11.30-MRK.11.31	10
3:27	ROM.12.6	10
3:27	MRK.13.34	9
3:27	1TI.2.7	9
3:27	1CH.28.4-1CH.28.5	8
3:27	NUM.16.9-NUM.16.11	7
3:27	ROM.1.5	5
3:27	1CO.3.5	5
3:27	1CO.12.11	5
3:27	EPH.1.1	5
3:27	1CO.1.1	4
3:27	GAL.1.1	4
3:28	JHN.1.20	10
3:28	JHN.1.23	7
3:28	MAT.3.11-MAT.3.12	5
3:28	LUK.1.16-LUK.1.17	5
3:28	MAL.3.1	4
3:28	JHN.1.25	4
3:28	MAT.3.3	3
3:28	MRK.1.2-MRK.1.3	3
3:28	LUK.1.76	3
3:28	MAL.4.4-MAL.4.5	1
3:28	LUK.3.4-LUK.3.6	1
3:28	JHN.1.27	0
3:29	ISA.54.5	13
3:29	HOS.2.19	13
3:29	EPH.5.25-EPH.5.27	13
3:29	MAT.9.15	12
3:29	EZK.16.8	11
3:29	REV.19.7-REV.19.9	10
3:29	REV.21.9	10
3:29	PHP.2.2	9
3:29	JHN.16.24	8
3:29	2CO.11.2	8
3:29	SNG.5.1	7
3:29	LUK.15.6	7
3:29	1JN.1.4	7
3:29	SNG.4.8-SNG.4.12	6
3:29	MAT.25.1	6
3:29	LUK.2.10-LUK.2.14	6
3:29	ISA.62.4-ISA.62.5	5
3:29	ISA.66.11	5
3:29	JER.2.2	5
3:29	JDG.14.10-JDG.14.11	4
3:29	SNG.3.11	4
3:29	MAT.22.2	3
3:29	JHN.17.13	3
3:29	2JN.1.12	3
3:29	PSA.45.9-PSA.45.17	2
3:30	COL.1.18	45
3:30	PSA.72.17-PSA.72.19	29
3:30	HEB.3.2-HEB.3.6	23
3:30	ISA.9.7	22
3:30	1CO.3.5	17
3:30	REV.11.15	15
3:30	ACT.13.36-ACT.13.37	10
3:30	ISA.53.12	7
3:30	DAN.2.44-DAN.2.45	7
3:30	DAN.2.34-DAN.2.35	6
3:30	2CO.3.7-2CO.3.11	6
3:30	MAT.13.31-MAT.13.33	3
3:30	ISA.53.2-ISA.53.3	0
3:31	MAT.28.18	24
3:31	JHN.8.23	24
3:31	ROM.9.5	16
3:31	JHN.6.33	15
3:31	JHN.3.12-JHN.3.13	13
3:31	1JN.4.5	13
3:31	PHP.2.9-PHP.2.11	10
3:31	JHN.6.51	9
3:31	REV.19.16	8
3:31	JHN.5.21-JHN.5.25	7
3:31	JHN.16.27-JHN.16.28	7
3:31	JHN.1.27	6
3:31	ACT.10.36	6
3:31	EPH.1.20-EPH.1.21	5
3:31	EPH.4.8-EPH.4.10	5
3:31	1PE.3.22	5
3:31	1CO.15.47-1CO.15.48	4
3:31	JHN.1.15	3
3:31	JHN.1.30	3
3:31	HEB.9.1	3
3:31	HEB.9.9-HEB.9.10	3
3:32	JHN.3.11	9
3:32	JHN.15.15	5
3:32	JHN.1.11	4
3:32	JHN.8.26	4
3:32	JHN.5.20	2
3:32	JHN.3.33	1
3:32	ISA.50.2	0
3:32	ISA.53.1	0
3:32	JHN.3.26	0
3:32	ROM.10.16-ROM.10.21	0
3:32	ROM.11.2-ROM.11.6	0
3:33	EPH.1.13	7
3:33	HEB.6.17	6
3:33	2CO.1.18	4
3:33	TIT.1.1-TIT.1.2	4
3:33	JHN.6.27	3
3:33	ROM.3.3-ROM.3.4	3
3:33	ROM.4.18-ROM.4.21	3
3:33	2CO.1.22	3
3:33	1JN.5.9-1JN.5.10	2
3:33	REV.7.3-REV.7.8	2
3:34	ACT.10.38	17
3:34	MAT.12.18	13
3:34	JHN.15.26	12
3:34	JHN.5.26	10
3:34	ISA.11.2-ISA.11.5	9
3:34	COL.2.9	9
3:34	LUK.4.18	8
3:34	JHN.7.37-JHN.7.39	7
3:34	JHN.7.16	6
3:34	ROM.8.2	6
3:34	COL.1.19	6
3:34	JHN.1.16	5
3:34	JHN.3.17	5
3:34	JHN.8.47	3
3:34	EPH.3.8	3
3:34	NUM.11.25	2
3:34	PSA.45.7	2
3:34	JHN.16.7	2
3:34	2KI.2.9	1
3:34	ISA.59.21	1
3:34	JHN.8.26-JHN.8.28	1
3:34	JHN.8.40	1
3:34	REV.21.6	1
3:34	REV.22.1	1
3:34	REV.22.16-REV.22.17	1
3:34	ISA.62.1-ISA.62.3	0
3:34	EPH.4.7-EPH.4.13	0
3:35	MAT.28.18	16
3:35	LUK.10.22	10
3:35	JHN.5.20	10
3:35	JHN.5.22	9
3:35	MAT.11.27	7
3:35	JHN.17.2	7
3:35	EPH.1.22	6
3:35	PSA.2.8	5
3:35	ISA.9.6-ISA.9.7	5
3:35	JHN.13.3	5
3:35	1CO.15.27	5
3:35	HEB.2.8-HEB.2.9	5
3:35	1PE.3.22	5
3:35	HEB.1.2	4
3:35	PHP.2.9-PHP.2.11	3
3:35	GEN.41.44	2
3:35	GEN.41.55	2
3:35	PRO.8.30	2
3:35	ISA.42.1	2
3:35	MAT.3.17	2
3:35	MAT.17.5	2
3:35	JHN.15.9	2
3:35	JHN.17.23	2
3:35	JHN.17.26	2
3:36	JHN.5.24	57
3:36	JHN.1.12	33
3:36	1TH.5.9	32
3:36	EPH.5.6	27
3:36	JHN.3.15-JHN.3.16	25
3:36	1JN.5.10-1JN.5.13	23
3:36	ROM.1.17-ROM.1.18	17
3:36	ROM.5.9	16
3:36	JHN.8.51	14
3:36	JHN.3.3	12
3:36	JHN.10.28	11
3:36	1JN.3.14-1JN.3.15	11
3:36	JHN.6.47-JHN.6.54	10
3:36	1TH.1.10	10
3:36	REV.21.8	10
3:36	NUM.32.11	8
3:36	PSA.106.4-PSA.106.5	8
3:36	ROM.8.1	8
3:36	REV.6.16-REV.6.17	8
3:36	PSA.36.9	7
3:36	ROM.8.24-ROM.8.25	7
3:36	JOB.33.28	6
3:36	PSA.49.19	6
3:36	LUK.3.6	6
3:36	GAL.3.10	6
3:36	HEB.2.3	6
3:36	PSA.2.12	5
3:36	HAB.2.4	5
3:36	HEB.10.29	5
3:36	ROM.4.15	4
3:36	LUK.2.30	3
4:1	JHN.3.26	13
4:1	JHN.3.22	11
4:1	2CO.4.5	7
4:1	LUK.1.76	2
4:1	ACT.10.36	2
4:1	1CO.2.8	2
4:1	1CO.15.47	2
4:1	JAS.2.1	2
4:1	LUK.2.11	1
4:1	REV.19.16	1
4:2	1CO.1.13-1CO.1.17	8
4:2	ACT.10.48	7
4:3	MAT.10.23	4
4:3	JHN.3.22	3
4:3	JHN.10.40	3
4:3	JHN.11.54	3
4:3	MRK.3.7	1
4:3	JHN.1.43	1
4:3	JHN.2.11	1
4:3	JHN.3.32	1
4:4	LUK.17.11	7
4:4	LUK.9.51-LUK.9.52	3
4:4	MAT.10.5-MAT.10.6	2
4:4	LUK.2.49	2
4:5	JOS.24.32	15
4:5	GEN.33.19	9
4:5	GEN.48.22	8
4:5	JHN.4.12	4
4:6	HEB.4.15	8
4:6	HEB.2.17	6
4:6	MAT.8.24	5
4:6	MAT.4.2	3
4:6	MAT.27.45	3
4:6	LUK.2.7	1
4:6	LUK.9.58	1
4:6	JHN.11.9	1
4:6	2CO.8.9	1
4:7	MAT.10.42	7
4:7	1KI.17.10	5
4:7	JHN.19.28	3
4:7	GEN.24.43	2
4:7	2SA.23.15-2SA.23.17	2
4:7	JHN.4.10	2
4:8	LUK.9.13	2
4:8	JHN.6.5-JHN.6.7	2
4:8	JHN.4.5	1
4:8	JHN.4.39	1
4:9	ACT.10.28	10
4:9	2KI.17.24-2KI.17.41	7
4:9	MAT.10.5	6
4:9	JHN.8.48	6
4:9	LUK.17.16-LUK.17.19	5
4:9	ACT.1.8	4
4:9	LUK.10.33	3
4:9	JHN.4.27	3
4:9	EZR.4.1-EZR.4.24	2
4:9	NEH.4.1-NEH.4.2	2
4:9	LUK.9.52-LUK.9.56	2
4:10	JHN.4.14	76
4:10	REV.7.17	71
4:10	JHN.7.37-JHN.7.39	57
4:10	ISA.44.3	56
4:10	REV.21.6	46
4:10	JHN.3.16	45
4:10	PSA.36.8-PSA.36.9	44
4:10	JER.2.13	33
4:10	REV.22.1-REV.22.2	32
4:10	ZEC.14.8	26
4:10	ROM.8.32	25
4:10	REV.22.17	23
4:10	1CO.10.4	19
4:10	ISA.12.3	18
4:10	JHN.6.35	16
4:10	ISA.55.1-ISA.55.3	11
4:10	ISA.49.10	10
4:10	ISA.35.6	8
4:10	ISA.43.20	8
4:10	ISA.55.6-ISA.55.9	8
4:10	ZEC.13.1	8
4:10	LUK.11.13	8
4:10	JHN.6.51	8
4:10	JHN.17.3	8
4:10	EXO.17.6	7
4:10	PSA.46.4	7
4:10	ISA.41.17-ISA.41.18	6
4:10	ISA.42.6	6
4:10	LUK.18.13-LUK.18.14	6
4:10	JHN.4.25-JHN.4.26	6
4:10	2CO.9.15	6
4:10	PSA.10.17	5
4:10	ISA.49.6-ISA.49.8	5
4:10	EPH.2.8	5
4:10	2CH.33.12-2CH.33.13	4
4:10	ISA.9.6	4
4:10	EZK.47.1-EZK.47.9	4
4:10	1CO.1.30	4
4:10	1JN.5.20	4
4:10	LUK.11.8-LUK.11.10	3
4:10	LUK.23.42-LUK.23.43	3
4:10	JHN.9.35-JHN.9.38	3
4:10	JHN.16.3	3
4:10	ACT.9.11	3
4:10	REV.3.17-REV.3.18	3
4:11	1CO.2.14	5
4:11	JHN.3.4	4
4:12	MAT.12.42	5
4:12	JHN.8.53	5
4:12	HEB.3.3	4
4:12	ISA.53.2-ISA.53.3	2
4:12	JHN.4.6	1
4:13	JHN.6.27	9
4:13	ISA.65.13-ISA.65.14	3
4:13	LUK.16.24	2
4:13	JHN.6.49	0
4:14	JHN.7.38-JHN.7.39	99
4:14	JHN.6.35	73
4:14	ISA.49.10	45
4:14	REV.7.16	41
4:14	EPH.1.13-EPH.1.14	28
4:14	JHN.11.26	24
4:14	JHN.6.58	22
4:14	1JN.5.20	20
4:14	2CO.1.22	19
4:14	ROM.6.23	13
4:14	ROM.8.16-ROM.8.17	12
4:14	JHN.10.10	10
4:14	JHN.17.2-JHN.17.3	10
4:14	1PE.1.22	10
4:14	MAT.25.46	8
4:14	JHN.14.16-JHN.14.19	8
4:14	ROM.5.21	8
4:14	EPH.4.30	8
4:15	JHN.6.34	6
4:15	PSA.4.6	4
4:15	ROM.8.5	4
4:15	JHN.6.26	3
4:15	JHN.17.2-JHN.17.3	3
4:15	ROM.6.23	3
4:15	JAS.4.3	3
4:15	1JN.5.20	2
4:15	1CO.2.14	0
4:16	HEB.4.13	7
4:16	JHN.21.17	4
4:16	REV.2.23	4
4:16	JHN.2.24-JHN.2.25	3
4:16	JHN.1.42	2
4:16	JHN.1.47-JHN.1.48	2
4:16	JHN.4.18	2
4:18	JER.3.20	5
4:18	ROM.7.3	5
4:18	1CO.7.10-1CO.7.11	5
4:18	MRK.10.12	3
4:18	GEN.20.3	2
4:18	GEN.34.2	2
4:18	GEN.34.7-GEN.34.8	2
4:18	GEN.34.31	2
4:18	NUM.5.29	2
4:18	RUT.4.10	2
4:18	EZK.16.32	2
4:18	HEB.13.4	1
4:19	JHN.6.14	7
4:19	LUK.7.39	6
4:19	LUK.7.16	5
4:19	JHN.9.17	5
4:19	MAT.21.11	4
4:19	JHN.7.40	4
4:19	2KI.5.26	3
4:19	2KI.6.12	3
4:19	LUK.24.19	3
4:19	1CO.14.24-1CO.14.25	3
4:19	JHN.1.48-JHN.1.49	2
4:19	JHN.4.29	2
4:20	DEU.12.5-DEU.12.11	6
4:20	GEN.33.18-GEN.33.20	5
4:20	GEN.12.6-GEN.12.7	4
4:20	DEU.11.29	4
4:20	DEU.27.12	4
4:20	2CH.7.12	4
4:20	JOS.8.33-JOS.8.35	2
4:20	JDG.9.6-JDG.9.7	2
4:20	1KI.9.3	2
4:20	2KI.17.26-2KI.17.33	2
4:20	1CH.21.26	2
4:20	1CH.22.1	2
4:20	2CH.6.6	2
4:20	2CH.7.16	2
4:20	PSA.78.68	2
4:20	PSA.87.1-PSA.87.2	2
4:20	PSA.132.13	2
4:20	LUK.9.53	2
4:21	1TI.2.8	7
4:21	MAL.1.11	6
4:21	EPH.2.18	6
4:21	MAT.18.20	5
4:21	JHN.4.23	5
4:21	EZK.14.3	3
4:21	JHN.5.28	3
4:21	JHN.16.2	3
4:21	JHN.16.32	3
4:21	EPH.3.14	3
4:21	EZK.20.3	2
4:21	MAT.28.19	2
4:21	LUK.21.5-LUK.21.6	2
4:21	LUK.21.24	2
4:21	JHN.5.25	2
4:21	JHN.14.6	2
4:21	ACT.6.14	2
4:21	1PE.1.17	2
4:22	ACT.17.23	17
4:22	ISA.2.3	15
4:22	ROM.9.4-ROM.9.5	15
4:22	LUK.24.47	13
4:22	PSA.147.19	12
4:22	ACT.17.30	12
4:22	ZEP.3.16-ZEP.3.17	11
4:22	ROM.3.1-ROM.3.2	11
4:22	PSA.68.20	9
4:22	ZEC.9.9	9
4:22	HEB.7.14	9
4:22	GEN.49.10	8
4:22	ISA.12.2	8
4:22	ISA.46.13	8
4:22	EZR.4.2	7
4:22	2CH.13.10-2CH.13.12	6
4:22	2KI.17.27-2KI.17.41	5
4:22	ISA.12.6	5
4:23	PHP.3.3	48
4:23	MAT.15.7-MAT.15.9	31
4:23	JHN.5.25	28
4:23	GAL.4.6	25
4:23	ROM.8.26	22
4:23	JUD.1.20-JUD.1.21	21
4:23	ISA.29.13	17
4:23	JHN.12.23	16
4:23	EPH.6.18	16
4:23	JHN.4.21	15
4:23	ISA.43.21	12
4:23	ISA.58.2	12
4:23	JHN.1.17	12
4:23	JOS.24.14	10
4:23	PRO.15.8	10
4:23	ISA.26.8-ISA.26.9	10
4:23	ISA.66.1-ISA.66.2	10
4:23	ROM.8.15	10
4:23	PSA.17.1	8
4:23	1PE.2.9	8
4:23	1SA.12.24	7
4:23	LUK.18.11-LUK.18.13	7
4:23	1CH.29.17	6
4:23	PSA.51.6	6
4:23	PSA.147.11	6
4:23	JER.3.10	6
4:23	JHN.16.32	6
4:23	ISA.10.20	5
4:23	ISA.48.1-ISA.48.2	4
4:23	JER.4.2	4
4:23	ROM.1.9	4
4:23	PSA.32.2	3
4:23	SNG.2.14	3
4:23	ISA.1.10-ISA.1.15	3
4:23	EZK.22.30	3
4:23	ISA.58.8-ISA.58.14	2
4:23	JER.7.7-JER.7.12	1
4:24	2CO.3.17	125
4:24	MAT.15.8-MAT.15.9	82
4:24	PHP.3.3	78
4:24	PSA.51.17	49
4:24	ISA.57.15	43
4:24	1SA.16.7	40
4:24	1TI.1.17	32
4:24	PSA.66.18	25
4:24	PSA.50.23	15
4:24	PSA.50.13-PSA.50.15	14
4:24	2CO.1.12	14
4:25	JHN.1.49	9
4:25	DAN.9.24-DAN.9.26	7
4:25	MAT.1.16	5
4:25	JHN.4.29	5
4:25	JHN.4.42	5
4:25	JHN.1.41-JHN.1.42	4
4:25	DEU.18.15-DEU.18.18	3
4:25	JHN.4.39	0
4:26	JHN.8.24	9
4:26	MRK.14.61-MRK.14.62	7
4:26	JHN.9.35-JHN.9.37	5
4:26	ROM.10.20-ROM.10.21	5
4:26	MAT.26.63-MAT.26.64	3
4:26	LUK.13.30	3
4:26	MAT.16.20	2
4:26	MAT.20.15	2
4:27	LUK.7.39	7
4:27	JHN.4.8-JHN.4.9	3
4:28	JHN.4.7	4
4:28	MAT.28.8	3
4:28	LUK.24.33	3
4:28	MRK.16.8-MRK.16.10	2
4:28	LUK.24.9	2
4:29	REV.22.17	7
4:29	1CO.14.24-1CO.14.25	5
4:29	JHN.1.41-JHN.1.49	4
4:29	JHN.4.25	4
4:29	JHN.4.17-JHN.4.18	3
4:29	JHN.7.26	2
4:29	JHN.7.31	2
4:29	MAT.12.23	1
4:30	ACT.10.33	3
4:30	ISA.60.8	2
4:30	MAT.2.1-MAT.2.3	2
4:30	MAT.8.11-MAT.8.12	2
4:30	MAT.11.20-MAT.11.24	2
4:30	MAT.12.40-MAT.12.42	2
4:30	MAT.20.16	2
4:30	LUK.17.16-LUK.17.18	2
4:30	ACT.8.5-ACT.8.8	2
4:30	ACT.13.42	2
4:30	ROM.5.20	2
4:30	ACT.28.28	1
4:31	GEN.24.33	1
4:31	JHN.1.38	1
4:31	MAT.23.7	0
4:31	ACT.16.30-ACT.16.34	0
4:32	JOB.23.12	13
4:32	PSA.119.103	11
4:32	JHN.4.34	10
4:32	PRO.18.20	7
4:32	JER.15.16	6
4:32	PSA.63.5	4
4:32	PSA.25.14	3
4:32	PRO.14.10	3
4:32	ISA.53.11	2
4:32	REV.2.17	2
4:32	ACT.20.35	1
4:33	MAT.16.6-MAT.16.11	2
4:33	LUK.9.45	2
4:34	JHN.6.38	37
4:34	JHN.5.30	34
4:34	JOB.23.12	30
4:34	JHN.17.4	24
4:34	MAT.26.39	20
4:34	JHN.4.32	20
4:34	JHN.19.30	20
4:34	JHN.5.36	18
4:34	LUK.19.10	16
4:34	PSA.40.8	15
4:34	LUK.15.10	12
4:34	HEB.12.2	12
4:34	ISA.61.1-ISA.61.3	10
4:34	JHN.6.33	9
4:34	ACT.20.35	8
4:34	LUK.15.4-LUK.15.6	3
4:35	LUK.10.2-LUK.10.3	20
4:35	MAT.9.37-MAT.9.38	15
4:36	JAS.5.19-JAS.5.20	9
4:36	1CO.3.5-1CO.3.9	7
4:36	ROM.1.13	6
4:36	PRO.11.30	5
4:36	2TI.4.7-2TI.4.8	5
4:36	DAN.12.3	4
4:36	ROM.6.22	4
4:36	1CO.9.19-1CO.9.23	3
4:36	PHP.2.15-PHP.2.16	3
4:36	1TI.4.16	2
4:36	1TH.2.19	1
4:37	MIC.6.15	5
4:37	JOB.31.8	3
4:37	JDG.6.3	1
4:37	LUK.19.21	1
4:38	JHN.1.7	8
4:38	2CH.36.15	6
4:38	ACT.10.42-ACT.10.43	6
4:38	1PE.1.11-1PE.1.12	5
4:38	ACT.8.14-ACT.8.17	4
4:38	ACT.10.37-ACT.10.38	4
4:38	MAT.3.1-MAT.3.6	3
4:38	MAT.11.8-MAT.11.13	3
4:38	ACT.4.4	3
4:38	ACT.5.14	3
4:38	ACT.6.7	3
4:38	ACT.8.4-ACT.8.8	3
4:38	JER.44.4	2
4:38	MAT.4.23	2
4:38	ACT.2.41	2
4:38	ACT.4.32	2
4:39	JHN.4.29	7
4:39	JHN.4.5	4
4:39	JHN.10.41-JHN.10.42	4
4:39	JHN.11.45	3
4:39	JHN.4.42	2
4:40	REV.3.20	5
4:40	LUK.24.29	4
4:40	GEN.32.26	3
4:40	LUK.8.38	3
4:40	LUK.19.5-LUK.19.10	3
4:40	ACT.16.15	3
4:40	2CO.6.1-2CO.6.2	3
4:40	PRO.4.13	2
4:40	SNG.3.4	2
4:40	JER.14.8	2
4:40	LUK.10.39	0
4:41	ACT.1.8	6
4:41	1CO.2.4-1CO.2.5	6
4:41	MAT.7.28-MAT.7.29	5
4:41	ACT.8.12	5
4:41	ACT.8.25	5
4:41	JHN.6.63	4
4:41	GEN.49.10	3
4:41	LUK.4.32	3
4:41	JHN.7.46	3
4:41	ACT.15.3	3
4:41	HEB.4.13	3
4:42	1JN.4.14	16
4:42	JHN.1.29	7
4:42	1TI.4.10	7
4:42	1JN.5.20	7
4:42	ACT.4.12	6
4:42	2CO.5.19	6
4:42	JHN.3.14-JHN.3.18	5
4:42	JHN.6.68-JHN.6.69	5
4:42	ISA.45.22	4
4:42	ISA.52.10	4
4:42	JHN.1.45-JHN.1.49	4
4:42	JHN.4.29	4
4:42	JHN.17.8	4
4:42	ACT.17.11-ACT.17.12	4
4:42	ROM.10.11-ROM.10.13	4
4:42	LUK.2.10-LUK.2.11	3
4:42	LUK.2.32	3
4:42	MAT.1.21	2
4:42	JHN.11.17	2
4:43	MAT.4.13	2
4:43	MAT.15.21-MAT.15.24	2
4:43	MRK.7.27-MRK.7.28	2
4:43	JHN.4.40	2
4:43	ROM.15.8	2
4:43	JHN.1.42	1
4:43	JHN.4.46	1
4:44	MAT.13.57	11
4:44	LUK.4.24	10
4:44	MRK.6.4	8
4:45	JHN.2.23	9
4:45	JHN.2.13-JHN.2.16	4
4:45	DEU.16.16	3
4:45	LUK.9.53	3
4:45	JHN.3.2	3
4:45	MAT.4.23-MAT.4.24	2
4:45	LUK.2.42-LUK.2.44	2
4:45	LUK.8.40	2
4:46	JHN.2.1-JHN.2.11	5
4:46	PSA.50.15	3
4:46	HOS.5.15	2
4:46	MAT.9.18	2
4:46	MAT.15.22	2
4:46	LUK.7.2	2
4:46	LUK.8.42	2
4:46	MAT.17.14-MAT.17.15	1
4:46	JHN.21.2	1
4:46	JOS.19.28	0
4:47	MRK.2.1-MRK.2.3	2
4:47	MRK.6.55-MRK.6.56	2
4:47	MRK.10.47	2
4:47	LUK.7.6-LUK.7.8	2
4:47	LUK.8.41	2
4:47	JHN.4.3	2
4:47	JHN.11.21	2
4:47	JHN.11.32	2
4:47	ACT.9.38	2
4:47	PSA.46.1	1
4:47	JHN.4.54	1
4:48	JHN.20.29	13
4:48	1CO.1.22	10
4:48	HEB.2.4	10
4:48	DAN.4.2	8
4:48	JHN.12.37	7
4:48	LUK.16.31	6
4:48	ACT.2.22	6
4:48	ROM.15.19	6
4:48	MAT.24.24	5
4:48	MRK.13.22	5
4:48	ACT.14.3	5
4:48	2CO.12.12	5
4:48	NUM.14.11	4
4:48	LUK.10.18	4
4:48	JHN.2.18	4
4:48	JHN.4.41-JHN.4.42	4
4:48	JHN.15.24	4
4:48	ACT.2.43	4
4:48	ACT.4.30	4
4:48	ACT.7.36	4
4:48	DAN.6.27	3
4:48	MAT.16.1	3
4:48	MAT.27.42	3
4:48	ACT.2.19	3
4:48	ACT.5.12	3
4:48	ACT.6.8	3
4:48	ACT.15.12	3
4:48	2TH.2.9	3
4:49	MRK.5.23	4
4:49	PSA.40.17	2
4:49	PSA.88.10-PSA.88.12	2
4:49	MRK.5.35-MRK.5.36	2
4:50	MAT.8.13	7
4:50	MRK.7.29-MRK.7.30	5
4:50	ROM.4.20-ROM.4.21	5
4:50	LUK.17.14	4
4:50	MRK.9.23-MRK.9.24	3
4:50	JHN.11.40	3
4:50	ACT.14.9-ACT.14.10	3
4:50	HEB.11.19	3
4:50	1KI.17.13-1KI.17.15	2
4:51	1KI.17.23	2
4:51	JHN.4.50	0
4:51	JHN.4.53	0
4:53	PSA.107.20	5
4:53	LUK.19.9	4
4:53	PSA.33.9	3
4:53	MAT.8.13	3
4:53	ACT.11.14	3
4:53	ACT.16.34	3
4:53	ACT.18.8	3
4:53	MAT.8.8-MAT.8.9	2
4:53	ACT.2.39	2
4:53	ACT.16.15	2
4:54	JHN.2.1-JHN.2.11	1
4:54	JHN.4.45	1
5:1	DEU.16.16	11
5:1	EXO.23.14-EXO.23.17	10
5:1	LEV.23.2-LEV.23.4	8
5:1	EXO.34.23	7
5:1	JHN.2.13	3
5:2	NEH.3.1	7
5:2	NEH.12.39	7
5:2	NEH.3.32	3
5:2	ISA.22.11	3
5:2	ISA.22.9	1
5:2	JHN.19.13	1
5:2	JHN.19.17	1
5:2	JHN.20.16	1
5:2	ACT.21.40	1
5:2	JHN.19.20	0
5:3	MRK.3.1-MRK.3.4	8
5:3	MAT.15.30	7
5:3	LUK.7.22	7
5:3	ZEC.11.17	4
5:3	LAM.3.26	3
5:3	JAS.5.7	2
5:3	1KI.13.4	1
5:3	PRO.8.34	1
5:3	ROM.8.25	1
5:5	ACT.3.2	14
5:5	LUK.8.43	11
5:5	MRK.9.21	10
5:5	LUK.13.16	7
5:5	ACT.14.8	7
5:5	JHN.5.14	6
5:5	JHN.9.1	6
5:5	ACT.9.33	6
5:5	ACT.4.22	5
5:5	JHN.9.21	4
5:6	LUK.18.41	14
5:6	HEB.4.15	12
5:6	HEB.4.13	9
5:6	ISA.65.1	7
5:6	PSA.142.3	5
5:6	JHN.21.17	5
5:6	JER.13.27	4
5:7	PSA.72.12	12
5:7	DEU.32.36	8
5:7	1CO.9.24	8
5:7	PSA.142.4	7
5:7	2CO.1.8-2CO.1.10	6
5:7	ROM.5.6	5
5:7	JHN.5.3	1
5:8	LUK.5.24	16
5:8	MAT.9.6	15
5:8	MRK.2.11	11
5:8	ACT.9.34	8
5:9	ACT.3.7-ACT.3.8	9
5:9	JHN.9.14	7
5:9	MRK.3.2-MRK.3.4	5
5:9	MAT.12.10-MAT.12.13	4
5:9	MRK.1.31	4
5:9	MRK.1.42	4
5:9	MRK.5.29	4
5:9	MRK.5.41-MRK.5.42	4
5:9	MRK.10.52	4
5:9	LUK.13.10-LUK.13.16	4
5:9	JHN.5.10-JHN.5.12	3
5:9	JHN.5.14	3
5:9	JHN.7.23	3
5:10	JER.17.21	7
5:10	LUK.6.2	6
5:10	JHN.9.16	6
5:10	MRK.3.4	5
5:10	LUK.13.14	5
5:10	NEH.13.15-NEH.13.21	4
5:10	MRK.2.24	4
5:10	MAT.12.2-MAT.12.8	3
5:10	JHN.5.16	3
5:10	EXO.20.8-EXO.20.11	2
5:10	EXO.31.12-EXO.31.17	2
5:10	ISA.58.13	2
5:10	JER.17.27	2
5:10	LUK.23.56	2
5:10	JHN.7.23	2
5:11	MRK.2.9-MRK.2.11	4
5:11	JHN.9.16	2
5:12	MAT.21.23	4
5:12	JDG.6.29	2
5:12	ROM.10.2	2
5:12	1SA.14.38	1
5:13	LUK.4.30	4
5:13	LUK.24.31	4
5:13	JHN.8.59	3
5:13	JHN.14.9	3
5:14	JHN.8.11	25
5:14	LEV.26.23-LEV.26.24	17
5:14	PSA.118.18	16
5:14	NEH.9.28	11
5:14	MAT.12.45	11
5:14	PSA.107.20-PSA.107.22	10
5:14	REV.2.21-REV.2.23	9
5:14	ISA.38.20	8
5:14	PSA.27.6	6
5:14	LEV.26.27	5
5:14	2CH.28.22	5
5:14	MRK.2.5	5
5:14	EZR.9.13-EZR.9.14	4
5:14	PSA.66.13-PSA.66.15	4
5:14	JHN.5.5	4
5:14	PSA.9.13	3
5:14	PSA.116.12-PSA.116.19	3
5:14	LEV.7.12	2
5:14	1PE.4.3	2
5:14	ISA.38.22	1
5:15	MRK.1.45	4
5:15	JHN.4.29	4
5:15	JHN.9.11-JHN.9.12	4
5:15	JHN.9.25	4
5:15	JHN.1.19	3
5:15	JHN.5.12	3
5:15	JHN.9.15	3
5:15	JHN.9.30	3
5:15	JHN.9.34	3
5:16	JHN.10.39	3
5:16	ACT.9.4-ACT.9.5	3
5:16	MAT.12.13	2
5:16	MRK.3.6	2
5:16	LUK.6.11	2
5:16	JHN.5.13	2
5:16	JHN.7.19-JHN.7.20	2
5:16	JHN.7.25	2
5:16	JHN.15.20	2
5:17	JHN.9.4	16
5:17	JHN.14.10	16
5:17	1CO.12.6	12
5:17	COL.1.16	12
5:17	HEB.1.3	8
5:17	GEN.2.1-GEN.2.2	7
5:17	ISA.40.26	6
5:17	ACT.14.17	5
5:17	ACT.17.28	5
5:17	MAT.10.29	4
5:17	PSA.65.6	3
5:18	JHN.10.30	13
5:18	JHN.10.33	13
5:18	JHN.19.7	10
5:18	JHN.8.58	9
5:18	JHN.5.23	8
5:18	JHN.14.23	8
5:18	JHN.7.1	6
5:18	JHN.7.19	6
5:18	JHN.8.54	6
5:18	PHP.2.6	6
5:18	REV.22.1	6
5:18	ZEC.13.7	5
5:18	JHN.5.16	5
5:18	JHN.14.9	5
5:18	JHN.7.22-JHN.7.23	4
5:18	REV.22.3	4
5:18	MAT.12.5	3
5:18	REV.21.22-REV.21.23	3
5:19	JHN.12.49	62
5:19	JHN.8.28	51
5:19	JHN.14.10	44
5:19	JHN.10.18	22
5:19	JHN.5.28-JHN.5.30	18
5:19	ROM.8.11	16
5:19	JHN.14.16-JHN.14.23	12
5:19	LUK.21.15	10
5:19	JHN.9.4	9
5:19	JHN.5.21	8
5:19	JHN.5.24-JHN.5.26	8
5:19	GEN.1.1	5
5:19	GEN.1.26	5
5:19	PSA.50.6	5
5:19	JER.17.10	5
5:19	JHN.2.19	5
5:19	JHN.11.25-JHN.11.26	5
5:19	2CO.5.10	5
5:19	PHP.4.13	5
5:19	EXO.4.11	4
5:19	PSA.138.3	4
5:19	2CO.12.9-2CO.12.10	4
5:19	EPH.2.5	4
5:19	EPH.3.16	4
5:19	PHP.3.21	4
5:19	COL.1.16	4
5:19	1PE.3.18	4
5:19	REV.2.23	4
5:19	PRO.2.6	3
5:19	ISA.44.24	3
5:19	JHN.3.3	3
5:19	ACT.2.24	3
5:19	ROM.6.4	3
5:19	1CO.15.12	3
5:19	2CO.4.14	3
5:19	EPH.1.18-EPH.1.19	3
5:19	ISA.45.24	2
5:19	1TH.4.14	2
5:19	COL.1.11	1
5:19	PSA.27.14	0
5:20	JHN.3.35	8
5:20	MAT.3.17	5
5:20	PRO.8.22-PRO.8.31	4
5:20	JHN.15.15	3
5:20	JHN.17.26	3
5:20	2PE.1.17	3
5:20	MAT.11.27	2
5:20	MAT.17.5	2
5:20	LUK.10.22	2
5:20	JHN.1.18	2
5:20	JHN.5.21	2
5:20	JHN.5.25	2
5:20	JHN.5.29	2
5:20	JHN.10.32	2
5:20	JHN.12.45-JHN.12.47	2
5:20	JHN.14.12	2
5:21	ROM.8.11	14
5:21	DEU.32.39	13
5:21	JHN.11.25	11
5:21	ACT.26.8	9
5:21	LUK.7.14-LUK.7.15	8
5:21	JHN.17.2	7
5:21	LUK.8.54-LUK.8.55	6
5:21	JHN.11.43-JHN.11.44	6
5:21	1KI.17.21	5
5:21	2KI.4.32-2KI.4.35	5
5:21	2KI.5.7	5
5:21	ROM.4.17-ROM.4.19	4
5:22	JHN.5.27	20
5:22	ACT.17.31	17
5:22	MAT.28.18	14
5:22	2CO.5.10	14
5:22	ACT.10.42	13
5:22	JHN.9.39	12
5:22	ROM.2.16	11
5:22	2TI.4.1	11
5:22	JHN.17.2	10
5:22	PSA.96.13	8
5:22	1PE.4.5	8
5:22	PSA.9.7-PSA.9.8	7
5:22	PSA.98.9	7
5:22	MAT.16.27	7
5:22	ROM.14.10-ROM.14.12	6
5:22	ECC.11.9	5
5:22	MAT.11.27	5
5:22	JHN.3.35	5
5:22	2TH.1.7-2TH.1.10	5
5:22	REV.20.11-REV.20.12	5
5:22	PSA.50.3-PSA.50.6	4
5:22	ECC.12.14	4
5:22	MAT.25.31-MAT.25.46	4
5:23	1JN.2.23	27
5:23	LUK.10.16	22
5:23	MAT.11.27	15
5:23	2JN.1.9	15
5:23	JHN.15.23-JHN.15.24	14
5:23	JER.17.5-JER.17.7	13
5:23	LUK.12.8-LUK.12.9	11
5:23	1TH.3.11-1TH.3.13	10
5:23	HEB.1.6	10
5:23	EPH.6.24	9
5:23	TIT.3.4-TIT.3.6	8
5:23	ROM.8.9	7
5:23	2TH.2.16-2TH.2.17	7
5:23	2PE.3.18	7
5:23	JHN.16.14	6
5:23	ROM.6.22	6
5:23	ROM.14.7-ROM.14.9	6
5:23	1CO.10.31	6
5:23	PSA.146.3-PSA.146.5	5
5:23	ISA.43.10-ISA.43.11	5
5:23	MAT.12.21	5
5:23	MAT.22.37-MAT.22.38	5
5:23	1CO.6.19	5
5:23	REV.5.8-REV.5.14	5
5:23	PSA.2.12	4
5:23	ISA.45.21	4
5:23	ZEC.9.9	4
5:23	MAT.10.37	4
5:23	JHN.14.1	4
5:23	1CO.1.3	4
5:23	2CO.1.9	4
5:23	2CO.5.19	4
5:23	2CO.13.14	4
5:23	EPH.1.12-EPH.1.13	4
5:23	2TI.1.12	4
5:23	ISA.42.8	3
5:23	ISA.44.6	3
5:23	MAT.28.19	3
5:23	JHN.17.10	3
5:23	ROM.1.7	3
5:23	ROM.15.12	3
5:23	1CO.16.22	3
5:23	2CO.5.14	3
5:23	TIT.2.13-TIT.2.14	3
5:23	ISA.45.15	2
5:23	2PE.1.1	2
5:24	JHN.3.36	59
5:24	JHN.6.40	45
5:24	1JN.5.11-1JN.5.13	45
5:24	JHN.3.18	43
5:24	ROM.8.1	38
5:24	JHN.11.26	32
5:24	JHN.6.47	31
5:24	JHN.3.16	29
5:24	JHN.10.27-JHN.10.30	29
5:24	JHN.20.31	25
5:24	ROM.10.11-ROM.10.13	25
5:24	1TH.5.9	25
5:24	JHN.8.51	24
5:24	1JN.3.14	24
5:24	1JN.5.1	22
5:24	MRK.16.16	21
5:24	ROM.8.16-ROM.8.17	18
5:24	JHN.12.44	16
5:24	2TH.2.13-2TH.2.14	16
5:24	ROM.8.33-ROM.8.34	15
5:24	1PE.1.21	14
5:24	ROM.8.28-ROM.8.30	12
5:24	1PE.1.5	12
5:25	JHN.5.28	20
5:25	EPH.5.14	17
5:25	EPH.2.5	15
5:25	JHN.4.23	11
5:25	JHN.8.47	9
5:25	COL.2.13	9
5:25	ROM.6.4	8
5:25	REV.3.1	8
5:25	LUK.9.60	7
5:25	LUK.15.24	7
5:25	JHN.5.21	7
5:25	JHN.8.43	7
5:25	EPH.2.1	7
5:25	LUK.15.32	6
5:25	JHN.4.21	6
5:25	JHN.13.1	4
5:25	JHN.17.1	4
5:26	JHN.1.4	13
5:26	JHN.11.26	13
5:26	EXO.3.14	11
5:26	JHN.14.6	11
5:26	JHN.17.2-JHN.17.3	9
5:26	1CO.15.45	7
5:26	1TI.1.17	7
5:26	PSA.36.9	6
5:26	JER.10.10	6
5:26	1JN.1.1-1JN.1.3	5
5:26	REV.22.17	5
5:26	PSA.90.2	4
5:26	JHN.4.10	4
5:26	JHN.7.37-JHN.7.38	4
5:26	JHN.8.51	4
5:26	JHN.14.19	4
5:26	ACT.17.25	4
5:26	COL.3.3-COL.3.4	4
5:26	1TI.6.16	4
5:26	REV.21.6	4
5:26	REV.22.1	4
5:26	JHN.6.57	3
5:26	REV.7.17	3
5:27	ACT.10.42	7
5:27	JHN.5.22	4
5:27	ACT.17.31	4
5:27	DAN.7.13-DAN.7.14	3
5:27	1CO.15.25	3
5:27	1PE.3.22	3
5:27	PSA.110.6	2
5:27	EPH.1.20-EPH.1.23	2
5:27	HEB.2.7-HEB.2.9	2
5:27	PSA.110.1-PSA.110.2	1
5:27	PHP.2.7-PHP.2.11	1
5:27	PSA.2.6-PSA.2.9	0
5:28	REV.20.12	23
5:28	1TH.4.14-1TH.4.17	17
5:28	ISA.26.19	12
5:28	JHN.11.24-JHN.11.25	11
5:28	JOB.19.25-JOB.19.26	10
5:28	1CO.15.42-1CO.15.54	10
5:28	1CO.15.22	7
5:28	JHN.6.39-JHN.6.40	6
5:28	PHP.3.21	6
5:28	EZK.37.1-EZK.37.10	5
5:28	HOS.13.14	4
5:28	JHN.3.7	0
5:29	DAN.12.2-DAN.12.3	21
5:29	ROM.2.6-ROM.2.10	14
5:29	ACT.24.15	12
5:29	MAT.25.31-MAT.25.46	8
5:29	LUK.14.14	8
5:29	GAL.6.8-GAL.6.10	4
5:29	1TI.6.18	2
5:29	HEB.13.16	2
5:29	1PE.3.11	1
5:30	JHN.6.38	36
5:30	JHN.5.19	32
5:30	JHN.4.34	31
5:30	JHN.14.10	23
5:30	MAT.26.39	20
5:30	JHN.8.28	18
5:30	PSA.40.7-PSA.40.8	16
5:30	JHN.8.15-JHN.8.16	15
5:30	ISA.11.3-ISA.11.4	13
5:30	ROM.15.3	9
5:30	JHN.8.42	8
5:30	JHN.8.50	8
5:30	JHN.17.4	8
5:30	PSA.96.13	7
5:30	JHN.18.11	6
5:30	GEN.18.25	5
5:30	HOS.10.7-HOS.10.10	4
5:30	ROM.2.5	4
5:30	ROM.2.2	3
5:31	PRO.27.2	5
5:31	JHN.8.54	3
5:31	JHN.8.13-JHN.8.14	2
5:31	REV.3.14	2
5:32	JHN.1.33	3
5:32	1JN.5.6-1JN.5.9	3
5:32	MAT.3.17	2
5:32	MAT.17.5	2
5:32	JHN.5.36-JHN.5.37	2
5:32	JHN.8.17-JHN.8.18	2
5:32	JHN.12.28-JHN.12.30	2
5:32	JHN.12.50	2
5:32	MRK.1.11	1
5:32	LUK.3.22	1
5:33	JHN.1.6-JHN.1.8	2
5:33	JHN.1.15-JHN.1.27	2
5:33	JHN.1.29-JHN.1.34	2
5:33	JHN.3.26-JHN.3.36	2
5:34	LUK.19.41-LUK.19.42	4
5:34	JHN.20.31	4
5:34	1TI.4.16	4
5:34	1JN.5.9	4
5:34	JHN.5.41	3
5:34	ROM.10.1	3
5:34	1CO.9.22	3
5:34	1TI.2.3-1TI.2.4	3
5:34	LUK.24.47	2
5:34	JHN.8.54	2
5:34	LUK.13.34	1
5:34	LUK.19.10	1
5:34	ROM.3.3	1
5:34	ROM.10.21	1
5:34	ROM.12.21	1
5:35	2PE.1.19	8
5:35	JHN.1.7-JHN.1.8	5
5:35	MAT.11.11	4
5:35	MAT.3.5-MAT.3.7	3
5:35	LUK.1.76-LUK.1.77	3
5:35	MAT.11.7-MAT.11.9	2
5:35	MAT.13.20-MAT.13.21	2
5:35	MAT.21.26	2
5:35	MRK.6.20	2
5:35	LUK.1.15-LUK.1.17	2
5:35	LUK.7.28	2
5:35	JHN.6.66	2
5:35	EZK.33.31	1
5:35	GAL.4.15-GAL.4.16	1
5:36	JHN.10.25	12
5:36	JHN.2.23	7
5:36	JHN.10.37-JHN.10.38	7
5:36	JHN.15.24	7
5:36	JHN.9.30-JHN.9.33	6
5:36	1JN.5.9	6
5:36	JHN.3.2	5
5:36	MAT.11.4	4
5:36	JHN.3.17	4
5:36	JHN.14.10-JHN.14.11	4
5:36	ACT.2.22	4
5:36	1JN.5.11-1JN.5.12	4
5:36	JHN.4.34	3
5:36	JHN.5.32	3
5:36	JHN.11.37	2
5:36	JHN.17.4	2
5:37	JHN.8.18	8
5:37	MAT.3.17	6
5:37	JHN.1.18	6
5:37	1TI.1.17	5
5:37	1TI.6.16	4
5:37	1JN.4.12	4
5:37	1JN.4.20	4
5:37	EXO.20.19	3
5:37	DEU.4.12	3
5:37	MAT.17.5	3
5:37	JHN.6.27	3
5:37	JHN.14.9	3
5:37	1JN.1.1-1JN.1.2	3
5:37	JHN.15.24	1
5:38	1JN.2.14	6
5:38	DEU.6.6-DEU.6.9	5
5:38	JHN.12.44-JHN.12.48	5
5:38	PRO.7.1-PRO.7.2	4
5:38	ISA.53.1-ISA.53.3	4
5:38	JAS.1.21-JAS.1.22	4
5:38	JOS.1.8	3
5:38	PRO.2.1-PRO.2.2	3
5:38	ISA.49.7	3
5:38	JHN.1.11	3
5:38	JHN.3.17-JHN.3.21	3
5:38	JHN.5.42-JHN.5.43	3
5:38	JHN.5.46-JHN.5.47	3
5:38	JHN.8.37	3
5:38	JHN.8.46-JHN.8.47	3
5:38	JHN.15.7	3
5:38	PSA.119.11	2
5:38	COL.3.16	1
5:39	LUK.24.27	34
5:39	LUK.24.44	27
5:39	2PE.1.19-2PE.1.21	26
5:39	ACT.26.22-ACT.26.23	24
5:39	PRO.8.33-PRO.8.34	21
5:39	MAT.22.29	19
5:39	JHN.5.46	18
5:39	1PE.1.10-1PE.1.11	18
5:39	ISA.34.16	17
5:39	2TI.3.14-2TI.3.17	17
5:39	ACT.13.27	16
5:39	ACT.17.11	16
5:39	PSA.119.97-PSA.119.99	14
5:39	JER.8.9	14
5:39	ACT.8.32-ACT.8.35	14
5:39	MRK.12.10	13
5:39	ROM.3.2	13
5:39	DEU.18.15	11
5:39	DEU.18.18	11
5:39	PSA.36.9	11
5:39	JHN.5.32	11
5:39	JHN.7.52	11
5:39	ACT.26.27	11
5:39	ROM.1.2	11
5:39	REV.19.10	11
5:39	DEU.32.47	10
5:39	PSA.16.11	10
5:39	PSA.119.11	10
5:39	JHN.5.36	10
5:39	DEU.11.18-DEU.11.20	9
5:39	PRO.6.23	9
5:39	LUK.10.25-LUK.10.29	9
5:39	LUK.16.31	9
5:39	JOS.1.8	8
5:39	DAN.12.2	8
5:39	MAT.19.16-MAT.19.20	8
5:39	LUK.16.29	8
5:39	ROM.2.17-ROM.2.18	8
5:39	COL.3.16	8
5:39	HEB.11.16	8
5:39	JHN.1.45	7
5:39	DEU.17.18-DEU.17.19	6
5:39	PSA.1.2	6
5:39	PSA.21.4	6
5:39	ISA.8.20	6
5:39	PSA.133.3	5
5:39	HEB.11.35	4
5:40	JHN.3.19	13
5:40	JHN.1.11	8
5:40	PSA.81.11	7
5:40	JHN.6.37	7
5:40	ISA.49.7	6
5:40	ISA.50.2	6
5:40	MAT.23.37	6
5:40	JHN.6.40	6
5:40	JHN.7.37-JHN.7.38	6
5:40	JHN.8.45-JHN.8.46	6
5:40	ROM.6.23	6
5:40	1JN.5.11-1JN.5.13	6
5:40	ISA.53.1-ISA.53.3	4
5:40	MAT.22.3	4
5:40	JHN.6.27	4
5:40	JHN.6.68-JHN.6.69	4
5:40	JHN.12.37-JHN.12.41	4
5:40	REV.22.17	4
5:40	JHN.5.44	2
5:40	JHN.11.25-JHN.11.26	2
5:41	JHN.7.18	7
5:41	JHN.8.50	5
5:41	JHN.5.34	4
5:41	JHN.5.44	4
5:41	1TH.2.6	4
5:41	JHN.8.54	3
5:41	JHN.6.15	2
5:41	1PE.2.21	2
5:41	2PE.1.17	1
5:42	1JN.4.20	6
5:42	JHN.2.25	5
5:42	ROM.8.7	5
5:42	1JN.2.15	5
5:42	1JN.3.17	5
5:42	JHN.8.47	4
5:42	LUK.16.15	3
5:42	JHN.1.47-JHN.1.49	3
5:42	JHN.5.44	3
5:42	JHN.8.42	3
5:42	JHN.8.55	3
5:42	JHN.15.23-JHN.15.24	3
5:42	JHN.21.17	3
5:42	HEB.4.12-HEB.4.13	3
5:42	REV.2.23	3
5:43	MAT.24.5	11
5:43	JHN.10.25	10
5:43	JHN.17.4-JHN.17.6	8
5:43	JHN.8.28-JHN.8.29	7
5:43	HEB.5.4-HEB.5.5	7
5:43	MAT.24.24	6
5:43	JHN.6.38	6
5:43	JHN.12.28	5
5:43	JHN.3.16	3
5:43	ACT.5.36-ACT.5.37	1
5:44	JHN.12.43	22
5:44	ROM.2.29	15
5:44	PHP.2.3	11
5:44	MAT.23.5	9
5:44	ROM.8.7-ROM.8.8	8
5:44	1SA.2.30	7
5:44	1PE.1.7	7
5:44	ROM.2.7	6
5:44	ROM.2.10	6
5:44	2CH.6.8	5
5:44	MAT.25.21-MAT.25.23	5
5:44	LUK.19.17	5
5:44	1CO.4.5	5
5:44	2CO.10.18	4
5:44	GAL.5.19-GAL.5.21	2
5:44	HEB.3.12	2
5:44	JAS.2.1	2
5:44	JER.13.23	1
5:44	JHN.3.20	1
5:44	JHN.8.43	1
5:44	JHN.17.3	1
5:45	ROM.3.19-ROM.3.20	5
5:45	GAL.3.10	5
5:45	ROM.2.12	4
5:45	2CO.3.7-2CO.3.11	4
5:45	JHN.9.28-JHN.9.29	3
5:45	ROM.10.5-ROM.10.10	3
5:45	MAT.19.7-MAT.19.8	2
5:45	JHN.7.19	2
5:45	ROM.2.17-ROM.2.29	2
5:45	JHN.8.5-JHN.8.6	1
5:45	JHN.8.9	1
5:45	ROM.7.9-ROM.7.14	1
5:46	DEU.18.15	73
5:46	DEU.18.18-DEU.18.19	65
5:46	JHN.1.45	39
5:46	LUK.24.27	32
5:46	NUM.24.17-NUM.24.18	27
5:46	GEN.49.10	25
5:46	ACT.26.22	25
5:46	GEN.22.18	21
5:46	NUM.21.8-NUM.21.9	20
5:46	GEN.12.3	16
5:46	GEN.3.15	15
5:46	HEB.7.1-HEB.7.10	12
5:46	GEN.18.18	11
5:46	GAL.4.21-GAL.4.31	11
5:46	GEN.28.14	10
5:46	GAL.3.24	10
5:46	ROM.10.4	9
5:46	GAL.3.13	9
5:46	GAL.2.19	8
5:46	GAL.3.10	8
5:47	LUK.16.31	7
5:47	LUK.16.29	4
6:1	MRK.6.31-MRK.6.44	11
6:1	JHN.6.23	10
6:1	LUK.5.1	8
6:1	MAT.4.18	5
6:1	NUM.34.11	4
6:1	JHN.21.1	4
6:1	MAT.14.13-MAT.14.21	3
6:1	JOS.12.3	2
6:1	MAT.15.29	2
6:1	LUK.9.10-LUK.9.17	2
6:2	MAT.4.24-MAT.4.25	7
6:2	MAT.12.15	3
6:2	MAT.15.30-MAT.15.31	2
6:2	MAT.14.14	1
6:2	MRK.6.33	1
6:2	JHN.2.11	1
6:2	MAT.8.1	0
6:3	JHN.6.15	5
6:3	LUK.9.28	4
6:3	MAT.14.23	3
6:3	MAT.15.29	2
6:3	LUK.6.12-LUK.6.13	2
6:4	JHN.2.13	6
6:4	JHN.11.55	4
6:4	EXO.12.6-EXO.12.14	3
6:4	DEU.16.1	3
6:4	JHN.5.1	3
6:4	LEV.23.5	2
6:4	LEV.23.7	2
6:4	JHN.12.1	2
6:4	JHN.13.1	2
6:5	MAT.15.33	3
6:5	LUK.9.12-LUK.9.13	3
6:5	MAT.14.14-MAT.14.15	2
6:5	JHN.1.43	2
6:5	JHN.4.35	2
6:5	MRK.6.34-MRK.6.35	1
6:5	MRK.8.2-MRK.8.4	0
6:6	GEN.22.1	10
6:6	DEU.13.3	8
6:6	2CH.32.31	8
6:6	DEU.8.16	7
6:6	DEU.8.2	6
6:6	DEU.33.8	6
6:7	NUM.11.21-NUM.11.22	4
6:7	MRK.6.37	4
6:7	JHN.12.5	3
6:7	2KI.4.43	2
6:7	MAT.18.28	1
6:8	MAT.4.18	2
6:8	JHN.1.40-JHN.1.44	2
6:9	2KI.4.42-2KI.4.44	15
6:9	MAT.14.17	12
6:9	MRK.6.38	12
6:9	LUK.9.13	11
6:9	PSA.78.19	9
6:9	MAT.16.9	8
6:9	MRK.8.19	8
6:9	DEU.8.8	5
6:9	PSA.81.16	5
6:9	PSA.147.14	5
6:9	2CO.8.9	5
6:9	DEU.32.14	4
6:9	1KI.4.28	4
6:9	2KI.7.1	4
6:9	PSA.78.41	4
6:9	EZK.27.17	4
6:9	JHN.6.7	4
6:9	JHN.11.21	4
6:9	JHN.11.32	4
6:9	REV.6.6	4
6:10	LUK.9.14-LUK.9.16	6
6:10	MAT.14.18-MAT.14.19	5
6:10	MRK.8.6-MRK.8.7	4
6:10	MAT.15.35-MAT.15.36	3
6:10	MRK.6.39-MRK.6.41	3
6:11	1TH.5.18	8
6:11	JHN.6.23	7
6:11	MAT.15.36	5
6:11	LUK.24.30	5
6:11	ROM.14.6	5
6:11	1CO.10.31	4
6:11	1TI.4.4-1TI.4.5	4
6:11	1SA.9.13	3
6:11	ACT.27.35	3
6:12	LUK.1.53	6
6:12	MRK.6.42-MRK.6.44	5
6:12	NEH.9.25	4
6:12	LUK.9.17	4
6:12	NEH.8.10	3
6:12	MAT.14.20-MAT.14.21	2
6:12	MAT.15.37-MAT.15.38	2
6:12	PRO.18.9	1
6:12	MRK.8.8-MRK.8.9	1
6:12	LUK.16.1	1
6:12	LUK.15.13	0
6:13	PRO.11.24-PRO.11.25	4
6:13	1KI.7.15-1KI.7.16	3
6:13	2KI.4.2-2KI.4.7	3
6:13	2CH.25.9	3
6:13	2CO.9.8-2CO.9.9	3
6:13	PHP.4.19	2
6:14	DEU.18.15-DEU.18.18	19
6:14	MAT.21.11	9
6:14	ACT.7.37	9
6:14	MAT.11.3	7
6:14	GEN.49.10	6
6:14	JHN.1.21	6
6:14	JHN.7.40	6
6:14	ACT.3.22-ACT.3.24	6
6:14	LUK.24.19	4
6:14	JHN.4.19	4
6:14	JHN.4.25	4
6:14	JHN.4.42	4
6:14	LUK.7.16	3
6:15	JHN.18.36	14
6:15	JHN.7.3-JHN.7.4	7
6:15	LUK.19.38	6
6:15	JHN.6.15-JHN.6.21	6
6:15	MRK.11.9	5
6:15	MRK.6.45-MRK.6.52	4
6:15	MAT.14.22-MAT.14.33	2
6:15	JHN.2.24-JHN.2.25	1
6:15	JHN.5.41	1
6:15	JHN.6.3	0
6:15	JHN.12.12-JHN.12.15	0
6:15	HEB.4.13	0
6:17	MRK.6.45	5
6:17	JHN.6.24-JHN.6.25	4
6:17	JHN.2.12	2
6:17	JHN.4.46	2
6:18	PSA.135.7	6
6:18	PSA.107.25	5
6:18	MAT.14.24	3
6:19	MRK.6.47-MRK.6.49	12
6:19	MAT.14.25-MAT.14.26	9
6:19	PSA.93.4	6
6:19	JHN.14.18	6
6:19	JOB.9.8	5
6:19	JON.1.13	4
6:19	PSA.29.10	3
6:19	EZK.27.26	3
6:19	LUK.24.36-LUK.24.39	3
6:19	JHN.11.18	1
6:19	REV.14.20	1
6:19	REV.21.16	1
6:19	LUK.24.13	0
6:20	MAT.14.27-MAT.14.31	14
6:20	ISA.43.1-ISA.43.2	12
6:20	ISA.44.8	10
6:20	ISA.41.10	9
6:20	ISA.41.14	6
6:20	REV.1.17-REV.1.18	6
6:20	MRK.6.50	5
6:20	PSA.35.3	2
6:20	MRK.16.6	2
6:21	MRK.6.51	8
6:21	MAT.14.32-MAT.14.33	7
6:21	PSA.24.7-PSA.24.10	6
6:21	REV.3.20	6
6:21	SNG.3.4	2
6:22	MRK.6.45	3
6:22	MAT.14.22	2
6:22	JHN.6.2	2
6:22	JHN.6.15-JHN.6.21	2
6:23	JHN.6.1	4
6:23	JHN.6.11-JHN.6.12	2
6:24	JHN.6.17	4
6:24	MRK.1.37	3
6:24	MRK.6.53	3
6:24	LUK.8.40	3
6:24	MAT.14.34	2
6:24	JHN.6.23	2
6:24	JHN.6.59	2
6:24	JHN.7.11	2
6:24	JHN.18.4-JHN.18.5	2
6:24	JHN.20.15	2
6:25	MAT.23.7	4
6:25	JHN.1.38-JHN.1.39	4
6:26	PHP.3.19	14
6:26	JAS.4.3-JAS.4.4	14
6:26	PHP.2.21	13
6:26	EZK.33.31	10
6:26	ACT.8.18-ACT.8.21	10
6:26	1TI.6.5	10
6:26	ROM.16.18	9
6:26	PSA.106.12-PSA.106.14	6
6:26	JHN.6.2	6
6:26	PSA.78.37	5
6:26	JHN.6.24	4
6:26	JHN.3.5	3
6:26	JHN.3.3	2
6:26	JHN.6.15	1
6:26	JHN.6.30	1
6:26	JHN.6.47	1
6:26	JHN.6.53	1
6:26	JHN.6.64	1
6:27	COL.3.2	48
6:27	ISA.55.2	41
6:27	JHN.6.54	30
6:27	2TI.2.19	21
6:27	MAT.6.19	18
6:27	JHN.6.40	18
6:27	ROM.6.23	18
6:27	JHN.6.51	16
6:27	ACT.10.38	15
6:27	PRO.2.2-PRO.2.6	14
6:27	JER.15.16	14
6:27	JHN.10.28	14
6:27	JHN.17.2	14
6:27	ECC.6.7	13
6:27	JHN.6.58	13
6:27	JHN.5.36-JHN.5.37	12
6:27	2PE.1.17	12
6:27	LUK.3.22	11
6:27	PHP.2.13	11
6:27	1PE.1.24	11
6:27	JHN.4.13-JHN.4.14	10
6:27	JHN.6.68	10
6:27	2PE.3.11-2PE.3.14	9
6:27	JHN.3.33	8
6:27	JHN.6.28-JHN.6.29	8
6:27	COL.1.29	8
6:27	1TH.1.3	8
6:27	PSA.2.7	7
6:27	PSA.40.7	7
6:27	MAT.6.31-MAT.6.33	7
6:27	LUK.4.18-LUK.4.21	7
6:27	LUK.9.35	7
6:27	JHN.1.33-JHN.1.34	7
6:27	ACT.2.22	7
6:27	1CO.6.13	7
6:27	2CO.4.18	7
6:27	HEB.12.16	7
6:27	LUK.10.40-LUK.10.42	6
6:27	JHN.11.25-JHN.11.26	6
6:27	JHN.14.6	6
6:27	1CO.9.24-1CO.9.27	6
6:27	ISA.42.1	5
6:27	ISA.61.1-ISA.61.3	5
6:27	MAT.3.17	5
6:27	MAT.17.5	5
6:27	MRK.9.7	5
6:27	JHN.8.18	5
6:27	JHN.10.37-JHN.10.38	5
6:27	JHN.11.42	5
6:27	JHN.15.24	5
6:27	ROM.4.11	5
6:27	GAL.5.6	5
6:27	ISA.11.1-ISA.11.3	4
6:27	MRK.1.11	4
6:27	1CO.7.29-1CO.7.31	4
6:27	1CO.9.2	4
6:27	COL.2.22	4
6:27	HEB.4.11	4
6:27	ECC.5.11-ECC.5.16	3
6:27	HAB.2.13	3
6:27	MAT.8.20	3
6:27	JAS.1.11	3
6:28	ACT.16.30	5
6:28	MAT.19.16	4
6:28	LUK.10.25	4
6:28	ACT.9.6	4
6:28	DEU.5.27	3
6:28	ACT.2.37	3
6:28	MIC.6.7-MIC.6.8	2
6:28	JER.42.3-JER.42.6	1
6:28	JER.42.20	1
6:29	1JN.3.23	34
6:29	ACT.16.31	28
6:29	JHN.3.36	22
6:29	HEB.5.9	18
6:29	1JN.5.1	13
6:29	MRK.16.16	12
6:29	ROM.4.4-ROM.4.5	12
6:29	JHN.5.39	11
6:29	JHN.3.16-JHN.3.18	9
6:29	ROM.9.30-ROM.9.31	9
6:29	PSA.2.12	8
6:29	DEU.18.18-DEU.18.19	6
6:29	MAT.17.5	6
6:29	ROM.10.3-ROM.10.4	6
6:29	ACT.22.14-ACT.22.16	4
6:30	JHN.12.37	4
6:30	JHN.6.36	3
6:30	JHN.10.38	3
6:30	1CO.1.22	3
6:30	EXO.4.8	2
6:30	1KI.13.3	2
6:30	1KI.13.5	2
6:30	ISA.5.19	2
6:30	ISA.7.11-ISA.7.14	2
6:30	MAT.12.38-MAT.12.39	2
6:30	MAT.16.1-MAT.16.4	2
6:30	MRK.8.11	2
6:30	MRK.15.32	2
6:30	LUK.11.29-LUK.11.30	2
6:30	JHN.2.18	2
6:30	JHN.20.25-JHN.20.29	2
6:30	ACT.4.30	2
6:30	HEB.2.4	2
6:30	JHN.4.8	1
6:31	NEH.9.15	15
6:31	PSA.105.40	12
6:31	PSA.78.24-PSA.78.25	10
6:31	EXO.16.4-EXO.16.15	9
6:31	EXO.16.35	8
6:31	NUM.11.6-NUM.11.9	7
6:31	DEU.8.3	7
6:31	NEH.9.20	7
6:31	JHN.6.49	7
6:31	JOS.5.12	6
6:31	REV.2.17	6
6:31	JHN.6.58	5
6:31	1CO.10.3	5
6:32	EXO.16.4	3
6:32	JHN.6.58	3
6:32	JHN.15.1	3
6:32	EXO.16.8	2
6:32	PSA.78.23	2
6:32	JHN.1.9	2
6:32	JHN.6.33	2
6:32	JHN.6.35	2
6:32	JHN.6.41	2
6:32	JHN.6.50	2
6:32	JHN.6.55	2
6:32	GAL.4.4	2
6:32	1JN.5.20	1
6:33	JHN.8.42	7
6:33	JHN.17.8	6
6:33	JHN.3.13	5
6:33	JHN.6.50	4
6:33	1JN.1.1-1JN.1.2	4
6:33	JHN.6.38	3
6:33	JHN.6.48	3
6:33	JHN.13.3	3
6:33	JHN.16.28	3
6:33	1TI.1.15	3
6:34	JHN.4.15	6
6:34	JHN.6.26	3
6:34	PSA.4.6	2
6:35	JHN.6.48-JHN.6.58	38
6:35	ISA.55.1-ISA.55.3	35
6:35	REV.22.17	35
6:35	JHN.6.41	34
6:35	ISA.49.10	30
6:35	JHN.7.37-JHN.7.38	26
6:35	REV.7.16	25
6:35	MAT.11.28	22
6:35	JHN.4.13-JHN.4.14	21
6:35	1CO.11.23-1CO.11.29	21
6:35	JHN.6.37	18
6:35	LUK.6.25	17
6:35	1CO.10.16-1CO.10.18	17
6:35	JHN.6.65	15
6:35	JHN.5.40	11
6:35	JHN.6.44-JHN.6.45	9
6:36	1PE.1.8-1PE.1.9	5
6:36	LUK.16.31	4
6:36	JHN.6.26	4
6:36	JHN.12.37	4
6:36	JHN.6.30	2
6:36	JHN.6.40	2
6:36	JHN.6.64	2
6:36	JHN.15.24	2
6:37	MAT.11.28	30
6:37	JHN.6.39	27
6:37	JHN.17.24	24
6:37	JHN.10.28-JHN.10.29	23
6:37	JHN.17.2	15
6:37	JHN.17.6	13
6:37	2TI.2.19	12
6:37	ISA.55.7	11
6:37	HEB.4.15	10
6:37	ISA.1.18-ISA.1.19	9
6:37	JHN.6.65	9
6:37	EPH.2.4-EPH.2.10	9
6:37	ISA.42.3	8
6:37	2TH.2.13-2TH.2.14	8
6:37	1TI.1.16	8
6:37	TIT.3.3-TIT.3.7	8
6:37	ISA.41.9	7
6:37	JHN.6.44-JHN.6.45	7
6:37	JHN.17.8-JHN.17.9	6
6:37	ROM.5.20	6
6:37	REV.22.17	6
6:37	PSA.102.17	5
6:37	PSA.110.3	5
6:37	MAT.24.24	5
6:37	LUK.23.40-LUK.23.43	5
6:37	HEB.7.25	5
6:37	JHN.17.11	4
6:37	1JN.2.19	4
6:37	PHP.1.29	3
6:37	JHN.9.34	1
6:38	JHN.5.30	27
6:38	JHN.4.34	22
6:38	JHN.3.31	14
6:38	PHP.2.7-PHP.2.8	14
6:38	PSA.40.7-PSA.40.8	13
6:38	ISA.53.10	12
6:38	JHN.6.33	12
6:38	JHN.3.13	10
6:38	MAT.26.39-MAT.26.42	9
6:38	HEB.10.7-HEB.10.9	8
6:38	HEB.5.8	7
6:38	ROM.15.3	6
6:38	MAT.20.28	5
6:38	EPH.4.9	4
6:39	JHN.17.12	17
6:39	JHN.6.40	14
6:39	JHN.18.9	13
6:39	JHN.10.27-JHN.10.30	11
6:39	JHN.6.44	9
6:39	JHN.6.54	9
6:39	ROM.8.11	6
6:39	JUD.1.1	6
6:39	JHN.6.37	5
6:39	PHP.3.20-PHP.3.21	5
6:39	2TH.2.13-2TH.2.14	5
6:39	MAT.18.14	4
6:39	LUK.12.32	4
6:39	COL.3.3-COL.3.4	4
6:39	JHN.12.48	3
6:39	ROM.8.28-ROM.8.31	3
6:39	1PE.1.5	3
6:39	1SA.25.29	2
6:39	JHN.5.28	2
6:39	JHN.11.24-JHN.11.26	2
6:39	2TI.2.19	2
6:40	JHN.5.24	20
6:40	ROM.6.23	19
6:40	JHN.6.54	18
6:40	JHN.11.25	14
6:40	JHN.3.15-JHN.3.18	12
6:40	JHN.4.14	8
6:40	LUK.2.30	7
6:40	JHN.1.14	7
6:40	JHN.3.36	7
6:40	JHN.6.27	7
6:40	JHN.12.45	7
6:40	JHN.14.19	7
6:40	1JN.1.1-1JN.1.3	6
6:40	1JN.2.25	6
6:40	ISA.45.21-ISA.45.22	5
6:40	ISA.52.10	5
6:40	JHN.10.28	5
6:40	JHN.17.2	5
6:40	1JN.5.11-1JN.5.13	5
6:40	ISA.53.2	4
6:40	MRK.16.16	4
6:40	JHN.8.56	4
6:40	JHN.12.50	3
6:40	ROM.5.21	3
6:40	2CO.4.6	3
6:40	HEB.11.1	3
6:40	1PE.1.8	3
6:40	JUD.1.21	3
6:40	JHN.6.35-JHN.6.37	2
6:40	JHN.14.17	2
6:40	HEB.11.27	2
6:41	JHN.6.51-JHN.6.52	5
6:41	JHN.6.33	4
6:41	JHN.6.48	4
6:41	JHN.6.60	3
6:41	JHN.6.66	3
6:41	JHN.7.12	3
6:41	LUK.5.30	2
6:41	LUK.15.2	2
6:41	LUK.19.7	2
6:41	JHN.6.43	2
6:41	JHN.6.58	2
6:41	JUD.1.16	2
6:41	1CO.10.10	1
6:42	LUK.4.22	6
6:42	MAT.13.55-MAT.13.56	5
6:42	MRK.6.3	5
6:42	JHN.7.27-JHN.7.28	3
6:42	1CO.15.47	3
6:42	JHN.6.38	2
6:42	JHN.6.62	2
6:42	ROM.1.3-ROM.1.4	2
6:42	GAL.4.4	2
6:42	ROM.9.5	1
6:43	HEB.4.13	8
6:43	JHN.6.64	4
6:43	MAT.16.8	3
6:43	MRK.9.33	3
6:43	JHN.16.19	3
6:44	JHN.6.65	77
6:44	MAT.11.25-MAT.11.27	39
6:44	JHN.6.39-JHN.6.40	37
6:44	EPH.2.4-EPH.2.10	31
6:44	JHN.12.32	23
6:44	MAT.16.17	22
6:44	JHN.6.45	18
6:44	TIT.3.3-TIT.3.5	14
6:44	JER.31.3	13
6:44	HOS.11.4	10
6:44	JHN.5.44	10
6:44	JHN.3.3-JHN.3.7	7
6:44	COL.2.12	7
6:44	JHN.12.37-JHN.12.40	6
6:44	ROM.8.7-ROM.8.8	6
6:44	PHP.1.29	6
6:44	SNG.1.4	5
6:44	ISA.44.18-ISA.44.20	5
6:44	JHN.8.43	5
6:44	JER.13.23	1
6:44	MAT.12.34	0
6:45	ISA.54.13	142
6:45	JER.31.33-JER.31.34	91
6:45	HEB.10.16	67
6:45	HEB.8.10-HEB.8.11	59
6:45	1TH.4.9	54
6:45	MIC.4.2	36
6:45	ISA.2.3	35
6:45	JHN.6.65	32
6:45	JHN.6.37	28
6:45	MAT.17.5	26
6:45	EPH.1.17	24
6:45	JHN.5.38-JHN.5.40	23
6:45	JHN.10.27	20
6:45	EPH.4.21-EPH.4.22	20
6:45	JHN.16.14-JHN.16.15	19
6:45	MAT.11.27	18
6:45	LUK.18.31	18
6:45	MRK.1.2	17
6:45	LUK.1.70	16
6:45	1JN.4.1-1JN.4.3	15
6:46	JHN.1.18	9
6:46	JHN.7.29	7
6:46	LUK.10.22	6
6:46	MAT.11.27	5
6:46	1TI.6.16	4
6:46	1JN.4.12	4
6:46	JHN.14.9-JHN.14.10	3
6:46	COL.1.15	3
6:46	JHN.5.37	2
6:46	JHN.8.19	2
6:46	JHN.8.55	2
6:46	JHN.15.24	2
6:47	JHN.3.36	12
6:47	COL.3.3-COL.3.4	11
6:47	JHN.3.16	8
6:47	JHN.5.24	8
6:47	ROM.5.9-ROM.5.10	8
6:47	JHN.3.18	7
6:47	JHN.6.40	7
6:47	JHN.6.54	7
6:47	JHN.14.19	5
6:47	1JN.5.12-1JN.5.13	5
6:48	JHN.6.51	13
6:48	1CO.11.24-1CO.11.25	10
6:48	1CO.10.16-1CO.10.17	8
6:48	JHN.6.41	7
6:48	JHN.6.33-JHN.6.35	6
6:49	HEB.3.17-HEB.3.19	4
6:49	JUD.1.5	4
6:49	1CO.10.3-1CO.10.5	3
6:49	NUM.26.65	2
6:49	ZEC.1.5	2
6:49	JHN.6.31	2
6:49	JHN.6.58	2
6:50	JHN.6.33	7
6:50	ROM.8.10	6
6:50	JHN.6.51	5
6:50	JHN.6.58	5
6:50	JHN.8.51	4
6:50	JHN.3.13	3
6:50	JHN.6.42	3
6:50	JHN.11.25-JHN.11.26	2
6:51	LUK.22.19	18
6:51	JHN.6.33	18
6:51	TIT.2.14	12
6:51	HEB.10.5-HEB.10.12	11
6:51	JHN.3.13	9
6:51	MAT.20.28	8
6:51	2CO.5.21	8
6:51	JHN.3.16	7
6:51	HEB.10.20	7
6:51	JHN.1.29	6
6:51	JHN.6.52-JHN.6.58	6
6:51	EPH.5.2	6
6:51	1PE.2.4	6
6:51	JHN.1.14	5
6:51	1JN.2.2	5
6:51	1JN.4.10	5
6:51	1JN.4.14	5
6:51	JHN.4.10-JHN.4.11	4
6:51	JHN.7.38	3
6:51	2CO.5.19	3
6:51	EPH.5.25	3
6:52	JHN.9.16	6
6:52	JHN.10.19	6
6:52	JHN.6.41	4
6:52	1CO.2.14	3
6:52	JHN.3.4	2
6:52	JHN.3.9	2
6:52	JHN.4.11	2
6:52	JHN.7.40-JHN.7.43	2
6:52	ACT.17.32	2
6:53	1JN.5.12	29
6:53	MAT.26.26-MAT.26.28	25
6:53	JHN.6.55	22
6:53	JHN.6.47	14
6:53	JHN.15.4	13
6:53	JHN.6.26-JHN.6.27	12
6:53	JHN.3.3	11
6:53	REV.2.17	9
6:53	JHN.3.36	7
6:53	MAT.18.3	6
6:53	JHN.3.5	6
6:53	LUK.13.3	3
6:53	LUK.13.5	2
6:53	JHN.13.8	2
6:53	MAT.5.18	1
6:53	REV.2.7	0
6:54	JHN.6.39-JHN.6.40	10
6:54	PHP.3.7-PHP.3.10	10
6:54	JHN.6.27	9
6:54	GAL.2.20	9
6:54	PRO.9.4-PRO.9.6	8
6:54	PSA.22.26	7
6:54	ISA.55.1-ISA.55.3	7
6:54	JHN.4.14	7
6:54	JHN.6.47	7
6:54	JHN.6.63	7
6:54	ISA.25.6-ISA.25.8	3
6:55	JHN.6.32	8
6:55	JHN.8.31	7
6:55	JHN.8.36	7
6:55	JHN.1.9	6
6:55	JHN.15.1	6
6:55	PSA.4.7	4
6:55	JHN.1.47	4
6:55	HEB.8.2	4
6:55	1JN.5.20	4
6:56	1JN.3.24	14
6:56	JHN.15.4-JHN.15.5	12
6:56	REV.3.20	9
6:56	JHN.14.20	8
6:56	PSA.91.9	7
6:56	JHN.17.21-JHN.17.23	7
6:56	JHN.14.23	6
6:56	1JN.4.15-1JN.4.16	6
6:56	LAM.3.24	4
6:56	2CO.6.16	4
6:56	1JN.4.12	4
6:56	PSA.91.1	3
6:56	PSA.90.1	2
6:56	EPH.3.17	2
6:57	JHN.5.26	5
6:57	JHN.17.21	5
6:57	GAL.2.20	5
6:57	COL.3.3-COL.3.4	4
6:57	PSA.18.46	3
6:57	JER.10.10	3
6:57	JHN.3.17	3
6:57	MAT.16.16	2
6:57	JHN.11.25-JHN.11.26	2
6:57	JHN.14.6	2
6:57	JHN.14.19	2
6:57	1CO.15.22	2
6:57	2CO.13.4	2
6:57	1TH.1.9	2
6:57	1JN.4.9	2
6:57	HEB.9.14	1
6:58	JHN.3.36	6
6:58	JHN.6.47-JHN.6.51	5
6:58	JHN.6.31-JHN.6.34	3
6:58	JHN.6.41	3
6:59	JHN.6.24	4
6:59	PSA.40.9-PSA.40.10	2
6:59	PRO.1.20-PRO.1.23	2
6:59	PRO.8.1-PRO.8.3	2
6:59	LUK.4.31	2
6:59	JHN.18.20	2
6:60	JHN.6.66	8
6:60	JHN.8.43	6
6:60	JHN.8.31	5
6:60	MAT.11.6	4
6:60	JHN.6.41-JHN.6.42	3
6:60	2PE.3.16	2
6:60	HEB.5.11	1
6:61	JHN.2.24-JHN.2.25	4
6:61	JHN.6.64	4
6:61	HEB.4.13	3
6:61	REV.2.23	3
6:61	MAT.11.6	2
6:61	JHN.21.17	2
6:62	JHN.3.13	9
6:62	MRK.16.19	7
6:62	LUK.24.51	6
6:62	EPH.4.8-EPH.4.10	6
6:62	JHN.16.28	5
6:62	JHN.17.4-JHN.17.5	5
6:62	ACT.1.9	5
6:62	1PE.3.22	5
6:62	JHN.17.11	4
6:62	JHN.6.27	2
6:63	GAL.5.25	61
6:63	HEB.4.12	60
6:63	PSA.119.93	56
6:63	JHN.6.68	46
6:63	PSA.119.130	45
6:63	PSA.119.50	43
6:63	1PE.1.23	43
6:63	DEU.32.47	42
6:63	1CO.15.45	38
6:63	ROM.10.17	36
6:63	2CO.3.6-2CO.3.8	33
6:63	ROM.10.8-ROM.10.10	31
6:63	PSA.19.7-PSA.19.10	24
6:63	ROM.8.2	21
6:63	JHN.12.49-JHN.12.50	19
6:63	JAS.1.18	19
6:63	1TH.2.13	18
6:63	1PE.3.18	16
6:63	GEN.2.7	15
6:63	ROM.3.1-ROM.3.2	12
6:63	1PE.3.21	12
6:63	1CO.2.9-1CO.2.14	11
6:63	1TI.4.8	10
6:63	GAL.6.15	9
6:63	1CO.11.27-1CO.11.29	8
6:63	ROM.2.25	6
6:63	GAL.5.6	6
6:63	HEB.13.9	6
6:64	JHN.10.26	6
6:64	2TI.2.19	6
6:64	HEB.4.13	5
6:64	PSA.139.2-PSA.139.4	4
6:64	JHN.2.24-JHN.2.25	4
6:64	JHN.5.42	4
6:64	JHN.6.61	4
6:64	JHN.6.70-JHN.6.71	4
6:64	JHN.13.10-JHN.13.11	4
6:64	ROM.8.29	4
6:64	JHN.6.36	3
6:64	JHN.6.66	3
6:64	JHN.13.18-JHN.13.21	3
6:64	ACT.15.18	3
6:64	JHN.8.23	2
6:64	JHN.8.38-JHN.8.47	2
6:64	JHN.8.55	2
6:65	JHN.6.44-JHN.6.45	22
6:65	JHN.6.37	19
6:65	JHN.3.27	17
6:65	JHN.10.26-JHN.10.27	15
6:65	EPH.2.8-EPH.2.9	14
6:65	2TI.2.25	12
6:65	JAS.1.16-JAS.1.18	9
6:65	JHN.12.37-JHN.12.41	8
6:65	TIT.3.3-TIT.3.7	8
6:65	PHP.1.29	7
6:65	1TI.1.14	6
6:65	JHN.10.16	5
6:65	HEB.12.2	4
6:66	LUK.9.62	20
6:66	1JN.2.19	19
6:66	JHN.6.60	15
6:66	HEB.10.38	15
6:66	JHN.8.31	13
6:66	MAT.19.22	12
6:66	2TI.4.10	12
6:66	ZEP.1.6	11
6:66	JHN.6.64	11
6:66	2TI.1.15	9
6:66	2PE.2.20-2PE.2.22	9
6:66	MAT.13.20-MAT.13.21	7
6:66	MAT.12.40-MAT.12.45	5
6:66	MAT.21.8-MAT.21.11	4
6:66	MAT.27.20-MAT.27.25	2
6:67	LUK.14.25-LUK.14.33	7
6:67	JHN.6.70	7
6:67	RUT.1.11-RUT.1.18	6
6:67	JOS.24.15-JOS.24.22	5
6:67	2SA.15.19-2SA.15.20	2
6:68	PSA.73.25	31
6:68	JHN.5.24	26
6:68	1JN.5.11-1JN.5.13	18
6:68	JHN.6.63	15
6:68	ACT.4.12	15
6:68	ACT.5.20	15
6:68	MAT.16.16	14
6:68	JHN.6.40	12
6:68	ACT.7.38	12
6:68	JHN.5.39-JHN.5.40	11
6:68	JHN.17.8	9
6:69	LUK.9.20	9
6:69	JHN.11.27	9
6:69	MRK.8.29	8
6:69	1JN.5.1	7
6:69	1JN.5.20	5
6:69	JHN.1.45-JHN.1.49	4
6:69	JHN.20.28	4
6:69	MAT.16.16	3
6:69	MRK.1.24	3
6:69	JHN.1.29	3
6:69	JHN.1.41	3
6:69	JHN.20.31	3
6:69	ROM.1.3	3
6:69	MRK.1.1	2
6:69	ACT.8.36	2
6:70	JHN.13.27	11
6:70	JHN.13.2	10
6:70	JHN.6.64	6
6:70	JHN.17.12	6
6:70	JHN.13.18	5
6:70	REV.3.9-REV.3.10	5
6:70	LUK.6.13-LUK.6.16	4
6:70	JHN.8.44	4
6:70	JHN.13.21	4
6:70	JHN.15.16	4
6:70	JHN.15.19	4
6:70	ACT.1.17	4
6:70	1TI.3.11	4
6:70	1JN.3.8	4
6:70	MAT.10.1-MAT.10.4	3
6:70	TIT.2.3	3
6:70	ACT.13.10	2
6:71	MAT.26.14-MAT.26.16	6
6:71	PSA.41.9	3
6:71	ACT.1.16-ACT.1.20	3
6:71	JUD.1.4	3
6:71	PSA.55.13-PSA.55.14	2
6:71	PSA.109.6-PSA.109.8	2
6:71	MAT.27.3-MAT.27.5	2
6:71	JHN.13.26	2
6:71	JHN.18.2-JHN.18.6	2
6:71	ACT.2.23	2
7:1	JHN.5.16-JHN.5.18	13
7:1	MAT.21.38	8
7:1	JHN.4.3	8
7:1	MAT.10.23	7
7:1	JHN.7.19	7
7:1	ACT.10.38	6
7:1	LUK.13.31-LUK.13.33	5
7:1	JHN.1.19	4
7:1	JHN.10.39-JHN.10.40	4
7:1	JHN.4.54	3
7:1	JHN.8.37	3
7:1	JHN.8.40	3
7:1	JHN.11.53-JHN.11.54	3
7:1	JHN.7.25	1
7:2	ZEC.14.16-ZEC.14.19	5
7:2	DEU.16.13-DEU.16.16	4
7:2	EXO.23.16-EXO.23.17	3
7:2	LEV.23.34-LEV.23.43	3
7:2	NUM.29.12-NUM.29.38	3
7:2	1KI.8.2	2
7:2	1KI.8.65	2
7:2	2CH.7.9-2CH.7.10	2
7:2	EZR.3.4	2
7:2	NEH.8.14-NEH.8.18	2
7:3	MAT.12.46	6
7:3	JHN.7.5	5
7:3	GEN.37.5-GEN.37.11	2
7:3	GEN.37.20	2
7:3	1SA.17.28	2
7:3	JER.12.6	2
7:3	MAT.22.16-MAT.22.17	2
7:3	MRK.3.31	2
7:3	LUK.8.19	2
7:3	JHN.7.10	2
7:3	ACT.2.14	2
7:4	PRO.18.1-PRO.18.2	7
7:4	JHN.18.20	7
7:4	MAT.6.5	4
7:4	MAT.23.5	4
7:4	LUK.6.45	4
7:4	MAT.6.1-MAT.6.2	3
7:4	1KI.22.13	2
7:4	MAT.4.6	2
7:4	MAT.6.16	2
7:4	ACT.2.4-ACT.2.12	1
7:5	MRK.3.21	11
7:5	JHN.1.11-JHN.1.13	5
7:5	MIC.7.5-MIC.7.6	3
7:5	JHN.7.3	3
7:5	JHN.7.10	3
7:6	JHN.7.8	149
7:6	JHN.2.4	145
7:6	JHN.7.30	141
7:6	JHN.17.1	135
7:6	JHN.13.1	132
7:6	JHN.8.20	130
7:6	MAT.26.18	98
7:6	ACT.1.7	54
7:6	PSA.102.13	48
7:6	ECC.3.1-ECC.3.15	46
7:7	JHN.15.18-JHN.15.19	20
7:7	JHN.3.19	12
7:7	GAL.4.16	11
7:7	PRO.9.7-PRO.9.8	10
7:7	JAS.4.4	9
7:7	1JN.4.5	8
7:7	JHN.17.14	6
7:7	1KI.21.20	5
7:7	ROM.8.7	5
7:7	PRO.8.36	4
7:7	JER.20.8	4
7:7	JHN.15.23-JHN.15.25	4
7:7	PRO.15.12	2
7:7	ISA.29.21	2
7:7	ISA.49.7	2
7:7	AMO.7.7-AMO.7.13	2
7:7	ZEC.11.8	2
7:7	MAL.3.5	2
7:7	LUK.6.26	2
7:7	LUK.11.39-LUK.11.54	2
7:7	ACT.5.28-ACT.5.33	2
7:7	1JN.3.12-1JN.3.13	2
7:7	REV.11.5-REV.11.11	2
7:7	1KI.22.8	1
7:7	ACT.7.51-ACT.7.54	1
7:8	JHN.7.6	7
7:8	JHN.8.20	3
7:8	JHN.7.30	2
7:8	1CO.2.15-1CO.2.16	2
7:10	AMO.5.13	6
7:10	MAT.10.16	5
7:10	ISA.42.2-ISA.42.3	4
7:10	PSA.26.8	2
7:10	PSA.40.8	2
7:10	MAT.3.15	2
7:10	JHN.7.3	2
7:10	JHN.7.5	2
7:10	JHN.11.54	2
7:10	GAL.4.4	2
7:11	JHN.11.56	5
7:12	JHN.7.40-JHN.7.43	4
7:12	JHN.9.16	4
7:12	JHN.7.32	3
7:12	JHN.7.47	3
7:12	ACT.11.24	3
7:12	MAT.10.25	2
7:12	MAT.16.13-MAT.16.16	2
7:12	MAT.21.46	2
7:12	MAT.27.63	2
7:12	LUK.6.45	2
7:12	LUK.7.16	2
7:12	LUK.18.19	2
7:12	LUK.23.47	2
7:12	LUK.23.50	2
7:12	JHN.6.14	2
7:12	JHN.7.52	2
7:12	JHN.10.19-JHN.10.21	2
7:12	ROM.5.7	2
7:12	PHP.2.14	2
7:12	JHN.7.25-JHN.7.27	1
7:13	JHN.9.22	7
7:13	JHN.19.38	5
7:13	JHN.12.42-JHN.12.43	4
7:13	JHN.20.19	4
7:13	PRO.29.25	3
7:13	REV.2.13	3
7:13	JHN.3.2	2
7:13	JHN.9.34	2
7:13	GAL.2.12-GAL.2.13	2
7:13	2TI.2.9-2TI.2.13	2
7:14	JHN.7.28	5
7:14	LUK.19.47	4
7:14	HAG.2.7-HAG.2.9	3
7:14	JHN.8.2	3
7:14	JHN.18.20	3
7:14	NUM.29.12-NUM.29.13	2
7:14	NUM.29.17	2
7:14	MAL.3.1	2
7:14	MAT.21.12	2
7:14	MAT.26.55	2
7:14	JHN.5.14	2
7:14	JHN.7.2	2
7:14	JHN.7.37	2
7:14	NUM.29.20	1
7:14	NUM.29.23-NUM.29.40	1
7:15	LUK.4.22	7
7:15	MAT.7.28-MAT.7.29	5
7:15	MAT.13.54	5
7:15	ACT.26.24	4
7:15	MAT.22.22	3
7:15	LUK.2.47	3
7:15	JHN.7.46	3
7:15	AMO.7.14-AMO.7.15	2
7:15	MAT.22.33	2
7:15	MRK.6.2-MRK.6.3	2
7:15	JHN.1.19	2
7:15	ACT.2.7-ACT.2.13	2
7:15	ACT.4.11-ACT.4.12	2
7:16	JHN.14.10	10
7:16	JHN.14.24	10
7:16	JHN.5.23-JHN.5.24	5
7:16	JHN.5.30	5
7:16	JHN.6.38-JHN.6.40	5
7:16	JHN.12.49-JHN.12.50	5
7:16	JHN.17.8	5
7:16	JHN.3.11	4
7:16	JHN.8.28	4
7:16	JHN.17.14	4
7:16	JHN.6.44	3
7:16	JHN.3.31	2
7:16	REV.1.1	1
7:17	JHN.8.31-JHN.8.32	23
7:17	JHN.8.43	17
7:17	JER.31.33-JER.31.34	16
7:17	JHN.8.47	15
7:17	DAN.12.10	14
7:17	PSA.25.8-PSA.25.9	13
7:17	PHP.3.15-PHP.3.16	12
7:17	PSA.119.101-PSA.119.102	10
7:17	LUK.8.15	10
7:17	ACT.17.11	10
7:17	PSA.25.12	9
7:17	MIC.4.2	8
7:17	ISA.35.8	7
7:17	PSA.25.14	6
7:17	PSA.119.10	6
7:17	MAL.4.2	5
7:17	MAT.6.22	4
7:17	HOS.6.3	3
7:17	JHN.1.46-JHN.1.49	3
7:17	ACT.11.13-ACT.11.14	3
7:17	ACT.10.1-ACT.10.6	2
7:18	JHN.5.41	10
7:18	PHP.2.3-PHP.2.5	10
7:18	JHN.13.31-JHN.13.32	9
7:18	1CO.10.31-1CO.10.33	9
7:18	JHN.8.49-JHN.8.50	8
7:18	JHN.12.28	8
7:18	MAT.6.9	7
7:18	JHN.3.26-JHN.3.30	7
7:18	JHN.17.4-JHN.17.5	7
7:18	1TH.2.6	7
7:18	PRO.25.27	6
7:18	1PE.4.11	6
7:18	EXO.32.10-EXO.32.13	5
7:18	NUM.11.29	5
7:18	JHN.8.54	5
7:18	JHN.11.4	5
7:18	GAL.6.12-GAL.6.14	4
7:19	JHN.1.17	8
7:19	JHN.7.1	5
7:19	MAT.12.14	4
7:19	JHN.11.53	4
7:19	EXO.24.2-EXO.24.3	3
7:19	DEU.1.17	3
7:19	DEU.33.4	3
7:19	GAL.6.13	3
7:19	PSA.2.1-PSA.2.6	2
7:19	MAT.21.38	2
7:19	MAT.23.2-MAT.23.4	2
7:19	MRK.3.4	2
7:19	MRK.3.6	2
7:19	JHN.5.16	2
7:19	JHN.5.18	2
7:19	JHN.5.45	2
7:19	JHN.7.25	2
7:19	JHN.9.28-JHN.9.29	2
7:19	JHN.10.31-JHN.10.32	2
7:19	JHN.10.39	2
7:19	ACT.7.38	2
7:19	ROM.2.12-ROM.2.13	2
7:19	ROM.2.17-ROM.2.29	2
7:19	ROM.3.10-ROM.3.23	2
7:19	GAL.3.19	2
7:19	HEB.3.3-HEB.3.5	2
7:20	JHN.10.20	7
7:20	JHN.8.48	6
7:20	MRK.3.21-MRK.3.22	5
7:20	JHN.8.52	4
7:20	MRK.3.30	3
7:20	MAT.10.25	2
7:20	MAT.11.18-MAT.11.19	2
7:20	MAT.12.24	2
7:20	ACT.26.24	2
7:21	JHN.5.2-JHN.5.11	3
7:21	JHN.7.23	2
7:22	LEV.12.3	9
7:22	GEN.17.10-GEN.17.14	7
7:22	ROM.4.9-ROM.4.11	5
7:22	GAL.3.17	2
7:23	JHN.5.14-JHN.5.16	6
7:23	MAT.12.2	5
7:23	MAT.12.5	5
7:23	JHN.5.8-JHN.5.9	4
7:24	ISA.11.3-ISA.11.4	12
7:24	JAS.2.9	11
7:24	PRO.17.15	9
7:24	JHN.8.15	9
7:24	PRO.24.23	8
7:24	JAS.2.1	7
7:24	LEV.19.15	6
7:24	DEU.1.16-DEU.1.17	6
7:24	DEU.16.18-DEU.16.19	6
7:24	ISA.5.23	6
7:24	PSA.58.1-PSA.58.2	5
7:24	PSA.82.2	5
7:24	PSA.94.20-PSA.94.21	5
7:24	JAS.2.4	5
7:25	JHN.7.10-JHN.7.11	3
7:26	2TI.1.7-2TI.1.8	4
7:26	JHN.7.48	3
7:26	EPH.6.19-EPH.6.20	3
7:26	PSA.40.9-PSA.40.10	2
7:26	PSA.71.15-PSA.71.16	2
7:26	PRO.28.1	2
7:26	ISA.42.4	2
7:26	ISA.50.7-ISA.50.8	2
7:26	MAT.22.16	2
7:26	LUK.7.30	2
7:26	JHN.9.22	2
7:26	JHN.11.47-JHN.11.53	2
7:26	ACT.4.13	2
7:26	PHP.1.14	2
7:26	JHN.12.42	1
7:27	MIC.5.2	9
7:27	JHN.7.41-JHN.7.42	7
7:27	JHN.6.42	6
7:27	JHN.9.29	6
7:27	MAT.13.54-MAT.13.57	5
7:27	JER.30.21	4
7:27	MRK.6.3	3
7:27	ISA.11.1	2
7:27	JER.23.5	2
7:27	MAT.2.5-MAT.2.6	2
7:27	LUK.4.22	2
7:27	JHN.7.15	0
7:28	JHN.8.42	7
7:28	JHN.8.19	6
7:28	JER.9.6	5
7:28	JHN.5.43	4
7:28	JHN.8.14	4
7:28	JHN.8.26	4
7:28	JHN.12.49	4
7:28	MAT.11.27	3
7:28	JHN.17.3	3
7:28	1JN.2.3-1JN.2.4	3
7:28	1SA.2.12	2
7:28	PSA.9.10	2
7:28	PRO.2.3-PRO.2.5	2
7:28	JER.31.34	2
7:28	HOS.4.1	2
7:28	HOS.5.4	2
7:28	HOS.6.3-HOS.6.6	2
7:28	MAT.2.23	2
7:28	LUK.2.4	2
7:28	LUK.2.11	2
7:28	LUK.2.39	2
7:28	LUK.2.51	2
7:28	LUK.10.22	2
7:28	JHN.1.46	2
7:28	JHN.3.2	2
7:28	JHN.3.33	2
7:28	JHN.5.32	2
7:28	JHN.8.16	2
7:28	JHN.8.54-JHN.8.55	2
7:28	JHN.10.36	2
7:28	JHN.14.10	2
7:28	JHN.14.31	2
7:28	JHN.16.3	2
7:28	JHN.17.25	2
7:28	ACT.17.23	2
7:28	ROM.1.28	2
7:28	ROM.3.4	2
7:28	2CO.1.18	2
7:28	2CO.4.6	2
7:28	TIT.1.2	2
7:28	HEB.6.18	2
7:28	1JN.5.10	2
7:28	JHN.7.14	1
7:29	JHN.8.55	9
7:29	MAT.11.27	6
7:29	JHN.1.18	4
7:29	JHN.3.16-JHN.3.17	4
7:29	JHN.6.46	4
7:29	JHN.17.18	4
7:29	JHN.17.25-JHN.17.26	4
7:29	1JN.4.9	4
7:29	JHN.10.15	3
7:29	1JN.1.2	3
7:29	JHN.13.3	2
7:29	JHN.16.27-JHN.16.28	2
7:29	1JN.4.14	2
7:30	JHN.7.6	5
7:30	JHN.8.20	5
7:30	JHN.10.39	5
7:30	JHN.7.32	4
7:30	PSA.76.10	2
7:30	ISA.46.10	2
7:30	MAT.21.46	2
7:30	MRK.11.18	2
7:30	LUK.13.32-LUK.13.33	2
7:30	LUK.19.47-LUK.19.48	2
7:30	LUK.20.19	2
7:30	LUK.22.53	2
7:30	JHN.7.8	2
7:30	JHN.7.19	2
7:30	JHN.7.44-JHN.7.46	2
7:30	JHN.8.37	2
7:30	JHN.8.59	2
7:30	JHN.9.4	2
7:30	JHN.11.9-JHN.11.10	2
7:30	JHN.11.57	2
7:30	JHN.10.31	0
7:31	MAT.12.23	5
7:31	JHN.12.42	5
7:31	JHN.8.30-JHN.8.32	4
7:31	JHN.10.41-JHN.10.42	4
7:31	JHN.11.45	4
7:31	ACT.8.13	4
7:31	JHN.3.2	3
7:31	JHN.6.14-JHN.6.15	3
7:31	JHN.9.16	3
7:31	JHN.12.11	3
7:31	JAS.2.26	3
7:31	MAT.11.3-MAT.11.6	2
7:31	LUK.8.13	2
7:31	JHN.2.11	2
7:31	JHN.2.23-JHN.2.24	1
7:31	JHN.4.39	1
7:31	JHN.6.2	1
7:32	ACT.5.26	4
7:32	MAT.12.23-MAT.12.24	3
7:32	MAT.23.13	2
7:32	LUK.22.52-LUK.22.53	2
7:32	JHN.7.45-JHN.7.53	2
7:32	JHN.11.47-JHN.11.48	2
7:32	JHN.12.19	2
7:32	JHN.18.3	2
7:33	JHN.13.33	6
7:33	JHN.16.5	6
7:33	MRK.16.19	3
7:33	JHN.14.19	3
7:33	JHN.17.11	3
7:33	JHN.17.13	3
7:33	JHN.12.35-JHN.12.36	2
7:33	JHN.13.1	2
7:33	JHN.13.3	2
7:33	JHN.16.10	2
7:33	JHN.16.16-JHN.16.22	2
7:33	JHN.16.28	2
7:34	PRO.1.24-PRO.1.31	5
7:34	JHN.13.33-JHN.13.36	5
7:34	HOS.5.6	3
7:34	LUK.13.34-LUK.13.35	3
7:34	JHN.8.21-JHN.8.24	3
7:34	JHN.14.3	3
7:34	JHN.14.6	3
7:34	JHN.17.24	3
7:34	MAT.23.39	1
7:34	LUK.13.24-LUK.13.25	1
7:34	LUK.17.22-LUK.17.23	1
7:35	JAS.1.1	5
7:35	ISA.11.12	4
7:35	ZEP.3.10	4
7:35	1PE.1.1	4
7:35	ISA.11.10	3
7:35	JHN.12.20	3
7:35	PSA.67.1-PSA.67.2	2
7:35	PSA.98.2-PSA.98.3	2
7:35	ISA.27.12-ISA.27.13	2
7:35	ISA.49.6	2
7:35	MAT.12.21	2
7:35	LUK.2.32	2
7:35	JHN.8.22	2
7:35	ACT.11.18	2
7:35	ACT.13.46-ACT.13.48	2
7:35	ACT.21.21	2
7:35	ACT.22.21	2
7:35	EPH.3.8	2
7:35	COL.1.27	2
7:35	1TI.2.7	2
7:35	2TI.1.11	2
7:36	JHN.3.9	5
7:36	JHN.7.34	3
7:36	1CO.2.14	3
7:36	JHN.3.4	2
7:36	JHN.6.41	2
7:36	JHN.6.52	2
7:36	JHN.6.60	2
7:36	JHN.12.34	2
7:36	JHN.16.17-JHN.16.18	2
7:37	ISA.55.1	62
7:37	JHN.4.14	40
7:37	JHN.6.35	33
7:37	ISA.12.3	32
7:37	REV.22.17	27
7:37	ISA.44.3	25
7:37	JHN.4.10	24
7:37	PSA.42.2	19
7:37	REV.21.6	18
7:37	ISA.41.17-ISA.41.18	16
7:37	PSA.63.1	14
7:37	PSA.36.8-PSA.36.9	11
7:37	MAT.11.28	9
7:37	JHN.6.55	9
7:37	1CO.12.13	9
7:37	PSA.143.6	8
7:37	AMO.8.11-AMO.8.13	8
7:37	REV.22.1	8
7:37	1CO.10.4	7
7:37	1CO.10.21	7
7:37	LEV.23.36	6
7:37	NUM.29.35	6
7:37	1KI.8.65-1KI.8.66	6
7:37	ISA.58.1	6
7:37	EPH.5.18	6
7:37	LEV.23.39	5
7:37	NEH.8.18	5
7:37	ISA.40.6	5
7:37	ISA.55.3	5
7:37	JER.2.2	5
7:37	JER.16.19	5
7:37	MIC.6.9	5
7:37	JHN.1.23	5
7:37	JHN.5.40	5
7:37	JHN.6.37	5
7:37	JHN.14.6	5
7:37	1CO.11.25	5
7:37	PRO.8.3	4
7:37	SNG.5.1	4
7:37	ISA.40.2	4
7:37	ZEC.9.15	4
7:37	JHN.7.28	4
7:37	PRO.1.20	2
7:37	PRO.8.1	2
7:37	PRO.9.3	2
7:37	MAT.3.3	2
7:38	JHN.4.14	193
7:38	ISA.44.3	192
7:38	ISA.58.11	183
7:38	ISA.12.3	145
7:38	JHN.4.10	117
7:38	PRO.10.11	82
7:38	ZEC.14.8	81
7:38	PRO.18.4	72
7:38	GAL.5.22-GAL.5.23	63
7:38	ISA.59.21	54
7:38	EZK.47.1-EZK.47.12	50
7:38	JOB.32.18-JOB.32.19	26
7:38	DEU.18.15	15
7:38	EPH.5.9	9
7:39	ACT.2.17	11
7:39	JOL.2.28	10
7:39	JHN.14.16-JHN.14.17	9
7:39	ISA.32.15	7
7:39	JHN.16.7	7
7:39	ACT.2.33	7
7:39	ISA.44.3	6
7:39	JHN.12.16	6
7:39	JHN.13.31-JHN.13.32	6
7:39	JHN.20.22	6
7:39	ACT.2.4	6
7:39	ROM.8.9	6
7:39	JHN.12.23	5
7:39	ACT.2.38	5
7:39	JHN.14.13	4
7:39	JHN.17.5	4
7:39	ACT.1.4-ACT.1.8	4
7:39	ACT.3.13	4
7:39	ACT.3.22-ACT.3.23	4
7:39	ACT.4.31	4
7:39	2CO.3.8	4
7:39	EPH.1.13-EPH.1.14	4
7:39	EPH.4.30	4
7:39	PRO.1.23	3
7:39	MAT.16.14	3
7:39	LUK.3.16	3
7:39	LUK.7.16	3
7:39	LUK.24.49	3
7:39	JHN.1.21	3
7:39	JHN.1.25	3
7:39	JHN.1.33	3
7:39	JHN.6.14	3
7:39	JHN.7.12	3
7:39	DEU.18.15-DEU.18.18	2
7:39	PSA.68.18	2
7:39	ISA.12.3	2
7:39	MAT.21.11	2
7:39	JHN.14.26	2
7:40	MAT.21.11	3
7:40	JHN.1.21	2
7:40	JHN.6.14	1
7:41	JHN.7.52	6
7:41	JHN.1.46	5
7:41	JHN.1.49	3
7:41	MAT.16.14-MAT.16.16	2
7:41	JHN.1.41	2
7:41	JHN.4.25	2
7:41	JHN.4.29	2
7:41	JHN.4.42	2
7:41	JHN.6.69	2
7:41	JHN.7.31	2
7:42	MIC.5.2	20
7:42	MAT.2.5	14
7:42	JER.23.5	10
7:42	LUK.2.4	10
7:42	ISA.11.1	9
7:42	MAT.1.1	9
7:42	LUK.2.11	9
7:42	1SA.16.1	8
7:42	PSA.132.11	8
7:42	1SA.16.18	3
7:42	1SA.16.11-1SA.16.13	2
7:42	PSA.89.4	2
7:42	JHN.7.27	2
7:42	1SA.16.4	1
7:42	1SA.17.58	1
7:43	JHN.9.16	6
7:43	JHN.10.19	6
7:43	LUK.12.51	3
7:43	JHN.7.12	3
7:43	MAT.10.35	2
7:43	ACT.14.4	2
7:43	ACT.23.7-ACT.23.10	2
7:44	JHN.7.30	5
7:44	ACT.23.11	5
7:44	JHN.8.20	2
7:44	JHN.18.5-JHN.18.6	1
7:44	ACT.18.10	1
7:44	ACT.27.23-ACT.27.25	1
7:45	JHN.7.32	3
7:45	ACT.5.21-ACT.5.27	2
7:46	MAT.7.28-MAT.7.29	6
7:46	LUK.4.22	5
7:46	JHN.7.26	3
7:47	JHN.7.12	5
7:47	2CO.6.8	4
7:47	2KI.18.29	2
7:47	2KI.18.32	2
7:47	2CH.32.15	2
7:47	MAT.27.63	2
7:47	JHN.9.27-JHN.9.34	2
7:48	JHN.12.42	5
7:48	1CO.1.20	4
7:48	JHN.7.26	3
7:48	1CO.2.8	3
7:48	JER.5.4-JER.5.5	2
7:48	MAT.11.25	2
7:48	JHN.7.50	2
7:48	ACT.6.7	2
7:48	1CO.1.22-1CO.1.28	2
7:49	1CO.1.20-1CO.1.21	5
7:49	1CO.3.18-1CO.3.20	5
7:49	JAS.3.13-JAS.3.18	4
7:49	JHN.9.34	3
7:49	JHN.9.40	3
7:49	ISA.5.21	2
7:49	ISA.28.14	2
7:49	ISA.29.14-ISA.29.19	2
7:49	ISA.65.5	2
7:50	JHN.19.39	7
7:50	JHN.3.1-JHN.3.2	4
7:51	PRO.18.13	12
7:51	DEU.1.17	7
7:51	DEU.19.15-DEU.19.19	5
7:51	ACT.23.3	5
7:51	DEU.17.6	4
7:51	DEU.17.8-DEU.17.11	4
7:52	JHN.7.41	12
7:52	JHN.1.46	9
7:52	ISA.9.1-ISA.9.2	6
7:52	MAT.4.15-MAT.4.16	5
7:52	GEN.19.9	2
7:52	EXO.2.14	2
7:52	1KI.22.24	2
7:52	PRO.9.7-PRO.9.8	2
7:52	JHN.9.34	2
7:53	PSA.33.10	3
7:53	JOB.5.12-JOB.5.13	2
7:53	PSA.76.5	1
7:53	PSA.76.10	1
8:1	MAT.21.1	4
8:1	MRK.11.1	2
8:1	LUK.19.37	1
8:1	MRK.13.3	0
8:2	MAT.26.55	7
8:2	LUK.4.20	4
8:2	LUK.21.37	4
8:2	MAT.5.1-MAT.5.2	3
8:2	LUK.5.3	3
8:2	ECC.9.10	2
8:2	JER.25.3	2
8:2	JER.44.4	2
8:2	JHN.4.34	2
8:2	JHN.8.20	2
8:5	LEV.20.10	35
8:5	DEU.22.21-DEU.22.24	24
8:5	EZK.16.38-EZK.16.40	14
8:5	MAT.5.17	8
8:5	MAT.19.6-MAT.19.8	6
8:5	MAT.22.16-MAT.22.18	5
8:5	EZK.23.47	1
8:6	JER.17.13	33
8:6	LUK.10.25	8
8:6	PSA.38.12-PSA.38.14	6
8:6	ECC.3.7	6
8:6	AMO.5.10	5
8:6	MAT.19.3	5
8:6	NUM.14.22	4
8:6	PRO.26.17	4
8:6	AMO.5.13	4
8:6	LUK.11.53-LUK.11.54	4
8:6	1CO.10.9	4
8:6	GEN.49.9	3
8:6	DAN.5.5	3
8:6	MAT.10.16	3
8:6	MAT.15.23	3
8:6	MAT.16.1	3
8:6	MAT.22.18	3
8:6	MAT.22.35	3
8:6	MAT.26.63	3
8:6	MRK.8.11	3
8:6	MRK.10.2	3
8:6	PSA.39.1	2
8:6	MRK.12.15	2
8:6	LUK.11.16	2
8:6	LUK.20.20-LUK.20.23	2
8:6	JHN.8.2	1
8:7	MAT.7.1-MAT.7.5	27
8:7	ROM.2.21-ROM.2.25	20
8:7	ROM.2.1-ROM.2.3	14
8:7	DEU.17.6-DEU.17.7	10
8:7	MAT.23.25-MAT.23.28	10
8:7	COL.4.6	8
8:7	HEB.4.12-HEB.4.13	8
8:7	PSA.50.16-PSA.50.20	6
8:7	REV.2.16	5
8:7	PRO.26.4-PRO.26.5	4
8:7	1CO.14.24-1CO.14.25	4
8:7	REV.19.15	2
8:7	JER.23.29	1
8:7	REV.1.16	1
8:7	PRO.12.18	0
8:7	JHN.7.46	0
8:9	ECC.7.22	9
8:9	ROM.2.15	8
8:9	1JN.3.20	7
8:9	GEN.42.21-GEN.42.22	5
8:9	ROM.2.22	5
8:9	JOB.5.12-JOB.5.13	4
8:9	PSA.71.13	4
8:9	JHN.8.10	4
8:9	1KI.2.44	3
8:9	1KI.17.18	3
8:9	JOB.20.5	3
8:9	JOB.20.27	3
8:9	PSA.9.15-PSA.9.16	3
8:9	PSA.40.14	3
8:9	PSA.50.21	3
8:9	LUK.12.1-LUK.12.3	3
8:9	LUK.13.17	3
8:9	JHN.8.12	3
8:9	MRK.6.14-MRK.6.16	2
8:9	JHN.8.2	2
8:10	ISA.41.11-ISA.41.12	8
8:11	JHN.3.17	40
8:11	JHN.5.14	39
8:11	ISA.1.16-ISA.1.18	28
8:11	JHN.8.15	28
8:11	LUK.15.7	21
8:11	LUK.5.32	16
8:11	JOB.34.31	12
8:11	PRO.28.13	12
8:11	ROM.2.4	10
8:11	1TI.1.15-1TI.1.16	10
8:11	LUK.13.3	9
8:11	EZK.18.30-EZK.18.32	8
8:11	LUK.15.10	8
8:11	ROM.5.20-ROM.5.21	8
8:11	DEU.16.18	7
8:11	DEU.17.9	7
8:11	ISA.55.6	7
8:11	MAT.21.28-MAT.21.31	7
8:11	LUK.12.13-LUK.12.14	7
8:11	LUK.13.5	7
8:11	LUK.15.32	7
8:11	JHN.18.36	7
8:11	ROM.13.3-ROM.13.4	7
8:11	REV.2.21-REV.2.22	6
8:11	2PE.3.15	5
8:11	1CO.5.12	4
8:11	LUK.9.56	2
8:12	JHN.12.46	193
8:12	JHN.9.5	113
8:12	JHN.12.35	109
8:12	MAT.5.14	83
8:12	JOB.33.28	71
8:12	JHN.1.4-JHN.1.9	69
8:12	PSA.18.28	67
8:12	JHN.3.19	63
8:12	ISA.9.2	55
8:12	ISA.60.1-ISA.60.3	49
8:12	2PE.2.4	45
8:12	ISA.42.6-ISA.42.7	43
8:12	LUK.1.78-LUK.1.79	43
8:12	PSA.97.11	39
8:12	ISA.50.10	39
8:12	MAT.4.14-MAT.4.16	37
8:12	ACT.13.47	37
8:12	ISA.49.6	35
8:12	JHN.14.6	31
8:12	ACT.26.23	31
8:12	MAL.4.2	29
8:12	REV.21.24	27
8:12	LUK.2.32	25
8:12	JHN.7.17	25
8:12	HOS.6.3	20
8:12	JUD.1.13	19
8:12	JUD.1.6	17
8:12	2PE.2.17	16
8:12	PSA.49.19	14
8:13	JHN.5.31-JHN.5.47	4
8:14	JHN.13.3	8
8:14	JHN.16.28	8
8:14	JHN.8.42	4
8:14	JHN.14.10	4
8:14	NUM.12.3	3
8:14	JHN.17.8	3
8:14	REV.3.14	3
8:14	NEH.5.14-NEH.5.19	2
8:14	JHN.7.27-JHN.7.29	2
8:14	JHN.9.29-JHN.9.30	2
8:14	JHN.10.15	2
8:14	JHN.10.36	2
8:14	2CO.11.31	2
8:14	2CO.12.11	2
8:14	2CO.12.19	2
8:15	1SA.16.7	9
8:15	JHN.12.47	6
8:15	JHN.3.17	5
8:15	JHN.7.24	5
8:15	JHN.18.36	4
8:15	ROM.2.1	4
8:15	PSA.94.20-PSA.94.21	3
8:15	AMO.5.7	3
8:15	JHN.8.11	3
8:15	1CO.2.15	3
8:15	1CO.4.3-1CO.4.5	3
8:15	PSA.58.1-PSA.58.2	2
8:15	AMO.6.12	2
8:15	HAB.1.4	2
8:15	LUK.12.14	2
8:15	JAS.2.4	2
8:16	JHN.8.29	5
8:16	ACT.17.31	4
8:16	1SA.16.7	3
8:16	ISA.32.1-ISA.32.2	3
8:16	JHN.5.22-JHN.5.30	3
8:16	JHN.16.32	3
8:16	PSA.45.6-PSA.45.7	2
8:16	PSA.72.1-PSA.72.2	2
8:16	PSA.98.9	2
8:16	PSA.99.4	2
8:16	ISA.11.2-ISA.11.5	2
8:16	JER.23.5-JER.23.6	2
8:16	ZEC.9.9	2
8:16	REV.19.11	2
8:16	ISA.9.7	1
8:17	DEU.19.15	16
8:17	DEU.17.6	11
8:17	HEB.10.28	8
8:17	MAT.18.16	7
8:17	GAL.3.24	6
8:17	2CO.13.1	5
8:17	GAL.4.21	4
8:17	REV.11.3	4
8:17	1KI.21.10	3
8:17	1JN.5.9	3
8:17	JHN.10.34	2
8:17	JHN.15.25	2
8:18	JHN.8.38	5
8:18	JHN.8.58	5
8:18	REV.1.17-REV.1.18	5
8:18	JHN.5.31-JHN.5.40	4
8:18	JHN.8.12	4
8:18	JHN.8.25	4
8:18	JHN.8.51	4
8:18	JHN.10.9	4
8:18	JHN.10.11	4
8:18	JHN.10.14	4
8:18	JHN.14.6	4
8:18	HEB.2.4	4
8:18	1JN.5.6-1JN.5.12	4
8:18	JHN.10.30	3
8:18	JHN.11.25	2
8:19	JHN.8.54-JHN.8.55	20
8:19	JHN.16.3	20
8:19	JHN.14.6-JHN.14.9	16
8:19	2CO.4.4-2CO.4.6	13
8:19	MAT.11.25	12
8:19	JHN.1.10	12
8:19	JHN.7.28	12
8:19	1CO.15.34	12
8:19	JER.24.7	10
8:19	LUK.10.21-LUK.10.22	10
8:19	2JN.1.9	10
8:19	GAL.4.9	9
8:19	1JN.5.20	9
8:19	JHN.17.3	8
8:19	JER.22.16	7
8:19	JHN.10.14-JHN.10.15	7
8:19	JHN.15.21	7
8:19	COL.1.10	7
8:19	JHN.1.18	6
8:19	JHN.17.25-JHN.17.26	6
8:19	EPH.1.17	6
8:19	COL.1.15	6
8:19	HEB.1.3	6
8:20	JHN.7.30	7
8:20	MRK.12.41	4
8:20	JHN.7.8	4
8:20	MAT.27.6	3
8:20	MRK.12.43	3
8:20	JHN.7.44	3
8:20	1CH.9.26	2
8:20	LUK.13.31-LUK.13.33	2
8:20	LUK.20.19	2
8:20	JHN.8.59	2
8:20	JHN.10.39	2
8:20	JHN.11.9-JHN.11.10	2
8:21	JHN.7.34	9
8:21	JHN.8.24	6
8:21	EZK.3.18-EZK.3.19	3
8:21	JHN.13.33	3
8:21	1CO.15.17-1CO.15.18	3
8:21	1KI.18.10	2
8:21	2KI.2.16-2KI.2.17	2
8:21	JOB.20.11	2
8:21	PSA.73.18-PSA.73.20	2
8:21	PRO.11.7	2
8:21	PRO.14.32	2
8:21	ISA.65.20	2
8:21	MAT.23.39	2
8:21	MAT.25.41	2
8:21	MAT.25.46	2
8:21	LUK.16.22-LUK.16.26	2
8:21	JHN.12.33	2
8:21	JHN.12.35	2
8:21	MAT.24.23-MAT.24.24	1
8:21	EPH.2.1	1
8:22	PSA.22.6	4
8:22	JHN.8.52	4
8:22	PSA.31.18	3
8:22	JHN.8.48	3
8:22	HEB.12.3	3
8:22	PSA.123.4	2
8:22	JHN.7.20	2
8:22	JHN.7.35	2
8:22	JHN.10.20	2
8:22	HEB.13.13	2
8:23	JHN.3.31	11
8:23	1JN.2.15-1JN.2.16	10
8:23	JHN.17.14	8
8:23	JHN.17.16	8
8:23	PSA.17.4	5
8:23	1JN.4.5-1JN.4.6	5
8:23	JHN.3.13	4
8:23	ROM.8.7-ROM.8.8	4
8:23	JAS.4.4	4
8:23	1JN.5.19-1JN.5.20	4
8:23	JHN.1.14	3
8:23	JHN.15.18-JHN.15.19	3
8:23	1CO.15.47-1CO.15.48	3
8:23	JAS.3.15-JAS.3.17	3
8:23	PHP.3.19-PHP.3.21	2
8:24	JHN.3.36	22
8:24	MRK.16.16	17
8:24	JHN.3.18	14
8:24	HEB.10.26-HEB.10.29	13
8:24	HEB.12.25	12
8:24	PRO.8.36	7
8:24	JHN.4.26	6
8:24	JHN.13.19	6
8:24	HEB.2.3	6
8:24	JHN.8.21	5
8:24	ACT.4.12	5
8:24	MRK.13.6	2
8:24	LUK.21.8	2
8:25	JHN.5.17-JHN.5.29	4
8:25	LUK.22.67	3
8:25	JHN.1.22	3
8:25	JHN.8.12	3
8:25	JHN.10.24	2
8:25	JHN.19.9	2
8:25	JHN.1.19	1
8:26	JHN.15.15	7
8:26	JHN.8.40	5
8:26	JHN.12.47-JHN.12.50	5
8:26	JHN.7.28	4
8:26	JHN.17.8	4
8:26	JHN.3.32-JHN.3.33	3
8:26	JHN.5.42-JHN.5.43	3
8:26	JHN.7.16	3
8:26	JHN.16.12	3
8:26	2CO.1.18	3
8:26	HEB.5.11-HEB.5.12	3
8:26	JHN.8.16-JHN.8.17	2
8:26	JHN.9.39-JHN.9.41	2
8:27	ISA.6.9	4
8:27	ISA.59.10	3
8:27	ISA.42.18-ISA.42.20	2
8:27	JHN.8.43	2
8:27	JHN.8.47	2
8:27	ROM.11.7-ROM.11.10	2
8:27	2CO.4.3-2CO.4.4	2
8:28	JHN.5.19	19
8:28	JHN.5.30	18
8:28	JHN.6.38	14
8:28	JHN.12.49-JHN.12.50	13
8:28	JHN.3.14	7
8:28	JHN.12.32-JHN.12.34	3
8:28	1TH.2.15-1TH.2.16	3
8:28	MAT.27.50-MAT.27.54	2
8:28	JHN.8.24	2
8:28	JHN.11.42	2
8:28	JHN.16.10	2
8:28	JHN.19.18	2
8:28	ACT.2.41	2
8:28	ACT.4.4	2
8:28	ROM.1.4	2
8:28	HEB.2.2-HEB.2.3	2
8:28	NUM.16.28-NUM.16.30	1
8:28	JHN.3.11	0
8:29	JHN.6.38	19
8:29	JHN.16.32	17
8:29	JHN.4.34	14
8:29	JHN.5.30	14
8:29	JHN.15.10	14
8:29	ISA.42.1	12
8:29	JHN.8.16	11
8:29	JHN.14.10-JHN.14.11	9
8:29	2TI.4.17	8
8:29	ISA.42.6	7
8:29	JHN.14.31	7
8:29	ISA.42.21	6
8:29	ISA.49.4-ISA.49.8	6
8:29	MAT.3.17	6
8:29	MAT.17.5	6
8:29	JHN.17.4	6
8:29	1JN.2.1	6
8:29	ISA.50.4-ISA.50.9	5
8:29	HEB.5.8-HEB.5.9	5
8:29	HEB.4.15	4
8:29	HEB.10.5-HEB.10.10	4
8:29	HEB.7.26	3
8:29	2TI.4.22	2
8:30	JHN.7.31	5
8:30	JHN.2.23	3
8:30	JHN.6.14	2
8:30	JHN.10.42	2
8:30	JHN.11.45	2
8:31	2JN.1.9	66
8:31	JHN.15.4-JHN.15.9	51
8:31	2TI.3.14	39
8:31	1TI.4.16	29
8:31	JAS.1.25	28
8:31	COL.1.23	26
8:31	1SA.12.14	25
8:31	JHN.6.66-JHN.6.71	24
8:31	HEB.3.14	23
8:31	ROM.2.7	21
8:31	MAT.24.13	20
8:31	ACT.14.22	18
8:31	1JN.2.24	18
8:31	ROM.11.22	17
8:31	HEB.10.38-HEB.10.39	15
8:31	ACT.13.43	14
8:31	JHN.8.36	13
8:31	1TI.2.15	12
8:31	JHN.6.55	11
8:31	HEB.8.9	11
8:31	JHN.1.47	10
8:31	1JN.2.19	10
8:31	ACT.26.22	9
8:31	1TI.5.3-1TI.5.5	4
8:32	ROM.8.2	94
8:32	JHN.8.36	89
8:32	JHN.17.17	79
8:32	1PE.2.16	63
8:32	JHN.14.6	59
8:32	ROM.6.22	52
8:32	ROM.6.14-ROM.6.18	43
8:32	ISA.61.1	41
8:32	PSA.25.5	36
8:32	PRO.2.1-PRO.2.7	34
8:32	GAL.5.1	34
8:32	JAS.1.25	34
8:32	2CO.3.17-2CO.3.18	33
8:32	JAS.2.12	29
8:32	JER.6.16	28
8:32	JHN.16.13	28
8:32	GAL.5.13	28
8:32	JHN.7.17	27
8:32	HOS.6.3	26
8:32	ROM.8.15	26
8:32	PSA.25.8-PSA.25.9	25
8:32	ISA.30.21	25
8:32	MAL.4.2	23
8:32	PRO.1.23	22
8:32	PRO.4.18	21
8:32	ISA.35.8	21
8:32	2TI.2.25-2TI.2.26	21
8:32	2TI.3.7	21
8:32	PRO.1.29	19
8:32	ISA.2.3	18
8:32	ISA.54.13	18
8:32	JHN.6.45	18
8:32	PSA.119.45	17
8:32	MAT.11.29	16
8:32	JER.31.33-JER.31.34	15
8:32	MAT.13.11-MAT.13.12	15
8:32	SNG.1.7-SNG.1.8	14
8:33	MAT.3.9	10
8:33	JHN.8.39	5
8:33	NEH.5.4-NEH.5.8	3
8:33	GEN.15.13	2
8:33	NEH.9.27-NEH.9.28	2
8:33	JHN.8.37	2
8:33	EXO.1.13-EXO.1.14	1
8:33	LEV.25.42	1
8:33	JDG.2.18	1
8:33	JDG.3.8	1
8:33	EZR.9.9	1
8:33	NEH.9.36-NEH.9.37	1
8:33	LUK.16.24-LUK.16.26	1
8:33	JHN.19.25	1
8:33	JDG.4.3	0
8:34	ROM.6.16	34
8:34	2PE.2.19	23
8:34	PRO.5.22	20
8:34	1JN.3.8-1JN.3.10	19
8:34	ROM.6.12	15
8:34	ROM.6.6	12
8:34	TIT.3.3	10
8:34	ROM.6.19-ROM.6.20	9
8:34	EPH.2.2	8
8:34	1KI.21.25	5
8:34	ROM.7.25	5
8:34	ACT.8.23	3
8:34	ROM.7.14	3
8:34	ROM.8.21	3
8:34	MAT.5.18	1
8:34	JHN.3.3	1
8:35	GAL.4.4-GAL.4.7	10
8:35	LUK.15.31	8
8:35	GEN.21.10	7
8:35	ROM.8.15-ROM.8.17	7
8:35	GAL.4.30-GAL.4.31	6
8:35	EZK.46.17	4
8:35	HEB.3.5-HEB.3.6	3
8:35	MAT.21.41-MAT.21.43	2
8:35	JHN.14.19-JHN.14.20	2
8:35	1PE.1.2-1PE.1.5	2
8:35	ROM.8.29-ROM.8.30	1
8:35	COL.3.3	1
8:36	2CO.3.17	94
8:36	GAL.5.1	81
8:36	ROM.8.2	65
8:36	JHN.8.31-JHN.8.32	53
8:36	LUK.4.18	44
8:36	ZEC.9.11-ZEC.9.12	34
8:36	ISA.61.1	33
8:36	ISA.49.24-ISA.49.25	27
8:36	PSA.119.133	25
8:36	PSA.119.32	24
8:36	PSA.19.13	20
8:37	JHN.8.45-JHN.8.47	8
8:37	1CO.2.14	8
8:37	ROM.9.7	7
8:37	JHN.7.1	6
8:37	JHN.8.59	5
8:37	JHN.8.43	4
8:37	ACT.13.26	4
8:37	MAT.13.15	3
8:37	JHN.7.19	3
8:37	JHN.11.53	3
8:37	JHN.12.39-JHN.12.43	3
8:37	JHN.5.16-JHN.5.18	2
8:37	JHN.5.44	2
8:37	JHN.7.25	2
8:37	JHN.8.6	2
8:37	JHN.8.39-JHN.8.40	2
8:37	JHN.10.31	2
8:37	MAT.13.19-MAT.13.22	1
8:37	JHN.8.33	1
8:38	JHN.5.19	10
8:38	JHN.8.44	8
8:38	JHN.5.30	6
8:38	JHN.8.41	6
8:38	JHN.12.49-JHN.12.50	6
8:38	JHN.3.32	5
8:38	JHN.8.26	5
8:38	JHN.14.10	5
8:38	JHN.14.24	5
8:38	1JN.3.8-1JN.3.10	5
8:38	MAT.3.7	2
8:38	JHN.17.8	2
8:39	GAL.3.7	11
8:39	JHN.8.37	8
8:39	ROM.9.7	8
8:39	ROM.2.28-ROM.2.29	6
8:39	MAT.3.9	5
8:39	MAT.5.45	5
8:39	ROM.4.12	4
8:39	ROM.4.16	4
8:39	GAL.3.29	4
8:39	JAS.2.22-JAS.2.24	4
8:40	JHN.8.26	8
8:40	GAL.4.29	5
8:40	GAL.4.16	4
8:40	PSA.37.32	3
8:40	REV.12.12-REV.12.13	3
8:40	PSA.37.12	2
8:40	JHN.8.37-JHN.8.38	2
8:40	JHN.8.56	2
8:40	ROM.4.12	2
8:40	1JN.3.12-1JN.3.15	2
8:40	REV.12.4	2
8:40	REV.12.17	2
8:41	ISA.64.8	6
8:41	ISA.63.16	5
8:41	JHN.8.38	5
8:41	JHN.8.44	5
8:41	MAL.2.11	3
8:41	EXO.4.22	2
8:41	DEU.14.1	2
8:41	DEU.32.6	2
8:41	ISA.57.3-ISA.57.7	2
8:41	JER.3.19	2
8:41	JER.31.20	2
8:41	MAL.1.6	2
8:41	EZK.16.20-EZK.16.21	1
8:41	EZK.23.45-EZK.23.47	1
8:41	HOS.1.2	1
8:41	HOS.2.2-HOS.2.5	1
8:42	JHN.12.49	99
8:42	JHN.14.10	89
8:42	JHN.17.8	66
8:42	JHN.17.25	40
8:42	JHN.15.23-JHN.15.24	36
8:42	MAL.1.6	35
8:42	JHN.1.14	34
8:42	1JN.5.1-1JN.5.2	32
8:42	1JN.4.14	31
8:42	JHN.5.43	29
8:42	1CO.16.22	28
8:42	JHN.7.28-JHN.7.29	27
8:42	JHN.3.17	26
8:42	JHN.5.23	24
8:42	JHN.16.27-JHN.16.28	23
8:42	1JN.4.9-1JN.4.10	23
8:42	REV.22.1	19
8:42	GAL.4.4	17
8:43	JHN.12.39-JHN.12.40	11
8:43	ROM.8.7-ROM.8.8	11
8:43	JHN.7.17	10
8:43	JHN.5.43	9
8:43	PRO.28.5	8
8:43	JER.6.10	7
8:43	ACT.7.51	7
8:43	JHN.6.60	6
8:43	JHN.8.27	5
8:43	ISA.6.9	4
8:43	ISA.44.18	4
8:43	HOS.14.9	3
8:43	MIC.4.12	3
8:43	ROM.3.11	1
8:44	ACT.13.10	55
8:44	1JN.3.12	46
8:44	1JN.3.8-1JN.3.10	41
8:44	2CO.11.3	32
8:44	REV.12.9	28
8:44	JHN.8.38	25
8:44	REV.20.7-REV.20.10	22
8:44	JHN.8.41	20
8:44	MAT.13.38	17
8:44	1JN.2.4	16
8:44	1JN.3.15	16
8:44	JUD.1.6	16
8:44	1PE.5.8	15
8:44	ACT.5.3	14
8:44	REV.21.8	14
8:44	2CO.11.13-2CO.11.15	13
8:44	GEN.3.15	12
8:44	GEN.3.3-GEN.3.7	11
8:44	1CH.21.1	11
8:44	2CH.18.20-2CH.18.22	11
8:44	REV.9.11	10
8:44	JHN.6.70	9
8:44	2TH.2.9-2TH.2.11	9
8:44	2PE.2.4	9
8:44	REV.2.10	9
8:44	REV.13.6-REV.13.8	9
8:44	REV.20.2-REV.20.3	9
8:44	REV.13.14	8
8:44	GEN.4.8-GEN.4.9	7
8:44	REV.22.15	7
8:44	JOB.2.4-JOB.2.6	6
8:44	JAS.4.1-JAS.4.7	6
8:44	1KI.22.22	4
8:44	JOB.1.11	4
8:45	2TI.4.3-2TI.4.4	5
8:45	JHN.3.19-JHN.3.20	3
8:45	JHN.7.7	3
8:45	JHN.18.37	3
8:45	GAL.4.16	3
8:45	2TH.2.10	3
8:46	HEB.4.15	6
8:46	JHN.16.8	4
8:46	MAT.21.25	3
8:46	JHN.8.7	3
8:46	JHN.15.10	3
8:46	2CO.5.21	3
8:46	1PE.2.22	3
8:46	MRK.11.31	2
8:46	JHN.14.30	2
8:46	HEB.7.26	2
8:46	JHN.18.37	1
8:47	JHN.10.26-JHN.10.27	17
8:47	2JN.1.9	17
8:47	JHN.18.37	14
8:47	JHN.6.45-JHN.6.46	9
8:47	1JN.3.10	9
8:47	JHN.8.37	8
8:47	JHN.8.45	8
8:47	JHN.1.12-JHN.1.13	6
8:47	JHN.8.43	6
8:47	JHN.17.6-JHN.17.8	6
8:47	1JN.4.1-1JN.4.6	6
8:47	JHN.6.65	5
8:47	1JN.5.1	2
8:47	3JN.1.11	2
8:48	JHN.7.20	6
8:48	JHN.8.52	4
8:48	MAT.10.5	3
8:48	MAT.10.25	3
8:48	MAT.12.24	3
8:48	MAT.15.7	3
8:48	JHN.4.9	3
8:48	JHN.10.20	3
8:48	JAS.2.19	3
8:48	ISA.49.7	2
8:48	ISA.53.3	2
8:48	JHN.13.13	2
8:48	ROM.15.3	2
8:48	MAT.12.31	1
8:48	HEB.13.13	1
8:49	1PE.2.23	5
8:49	PHP.2.6-PHP.2.11	3
8:49	PRO.26.4-PRO.26.5	2
8:49	ISA.49.3	2
8:49	MAT.3.15-MAT.3.17	2
8:49	JHN.8.29	2
8:49	JHN.11.4	2
8:49	JHN.12.28	2
8:49	JHN.13.31-JHN.13.32	2
8:49	JHN.14.13	2
8:49	JHN.17.4	2
8:49	ISA.42.21	1
8:50	JHN.5.41	9
8:50	JHN.8.54	5
8:50	JHN.5.20-JHN.5.23	4
8:50	JHN.7.18	4
8:50	JHN.12.47-JHN.12.48	2
8:50	JHN.5.45	1
8:51	JHN.11.25-JHN.11.26	24
8:51	JHN.5.24	17
8:51	JHN.3.15-JHN.3.16	16
8:51	JHN.6.50	14
8:51	JHN.15.20	14
8:51	LUK.2.26	12
8:51	HEB.11.5	12
8:51	PSA.89.48	10
8:51	JHN.8.55	10
8:51	JHN.8.12	8
8:52	HEB.2.9	4
8:52	JHN.8.48	3
8:52	JHN.8.51	3
8:52	JHN.9.24	3
8:52	ZEC.1.5-ZEC.1.6	2
8:52	HEB.11.13	2
8:53	JHN.4.12	5
8:53	ISA.9.6	3
8:53	ROM.9.5	3
8:53	HEB.7.1-HEB.7.7	3
8:53	MAT.12.6	2
8:53	MAT.12.41-MAT.12.42	2
8:53	JHN.5.18	2
8:53	JHN.8.58	2
8:53	JHN.10.29-JHN.10.30	2
8:53	JHN.10.33	2
8:53	JHN.12.34	2
8:53	JHN.19.7	2
8:53	HEB.3.2-HEB.3.3	2
8:54	PRO.25.27	7
8:54	JHN.8.50	7
8:54	2PE.1.17	6
8:54	PSA.110.1-PSA.110.4	5
8:54	JHN.16.14-JHN.16.15	5
8:54	2CO.10.18	5
8:54	PSA.2.6-PSA.2.12	4
8:54	DAN.7.13-DAN.7.14	4
8:54	JHN.5.22-JHN.5.29	4
8:54	JHN.5.31-JHN.5.32	4
8:54	JHN.7.18	4
8:54	JHN.8.41	4
8:54	JHN.13.31-JHN.13.32	4
8:54	JHN.17.1	4
8:54	ACT.3.13	4
8:54	PHP.2.9-PHP.2.11	4
8:54	HEB.5.4-HEB.5.5	4
8:54	ISA.48.1-ISA.48.2	3
8:54	JHN.5.41	3
8:54	JHN.7.39	3
8:54	JHN.17.5	3
8:54	ROM.2.17-ROM.2.29	3
8:54	1PE.1.12	3
8:54	1PE.1.21	3
8:54	ISA.66.5	2
8:54	HOS.1.9	2
8:54	JHN.2.11	2
8:54	EPH.1.20-EPH.1.23	2
8:55	JHN.8.19	7
8:55	JHN.7.28-JHN.7.29	6
8:55	JHN.8.44	6
8:55	MAT.11.27	4
8:55	JHN.8.51	4
8:55	REV.3.9	4
8:55	JER.4.22	3
8:55	JHN.15.21	3
8:55	1JN.5.10	3
8:55	JER.9.3	2
8:55	HOS.5.4	2
8:55	LUK.10.22	2
8:55	JHN.1.18	2
8:55	JHN.6.46	2
8:55	JHN.8.29	2
8:55	JHN.10.15	2
8:55	JHN.15.10	2
8:55	JHN.16.3	2
8:55	JHN.17.25	2
8:55	ACT.17.23	2
8:55	2CO.4.6	2
8:55	1JN.2.4	2
8:55	1JN.2.22	2
8:56	HEB.11.13	20
8:56	GEN.22.18	12
8:56	GAL.3.7-GAL.3.9	12
8:56	MAT.13.17	9
8:56	JHN.8.39	9
8:56	LUK.10.24	8
8:56	1PE.1.10-1PE.1.12	7
8:56	HEB.11.39	6
8:56	LUK.2.28-LUK.2.30	3
8:56	JHN.8.37	3
8:58	EXO.3.14	51
8:58	COL.1.17	29
8:58	JHN.17.5	27
8:58	JHN.1.1-JHN.1.2	24
8:58	ISA.44.6	22
8:58	JHN.17.24	20
8:58	REV.1.8	20
8:58	HEB.13.8	19
8:58	ISA.9.6	16
8:58	ISA.48.12	15
8:58	REV.2.8	14
8:58	MIC.5.2	13
8:58	HEB.1.10-HEB.1.12	13
8:58	REV.1.17-REV.1.18	13
8:58	ISA.43.13	12
8:58	ISA.46.9	12
8:58	ISA.44.8	10
8:58	PRO.8.22-PRO.8.30	8
8:58	JHN.8.51	7
8:58	JHN.8.34	4
8:58	REV.1.11	4
8:59	JHN.11.8	8
8:59	JHN.10.30-JHN.10.33	6
8:59	JHN.10.39-JHN.10.40	6
8:59	LEV.24.16	5
8:59	LUK.4.29-LUK.4.30	3
8:59	GEN.19.11	2
8:59	2KI.6.18-2KI.6.20	2
8:59	LUK.24.31	2
8:59	JHN.5.13	2
8:59	JHN.8.5-JHN.8.6	2
8:59	JHN.11.54	2
8:59	JHN.12.36	2
8:59	JHN.18.31	2
8:59	ACT.7.57	2
8:59	ACT.8.39-ACT.8.40	2
9:2	LUK.13.2	16
9:2	JHN.9.34	8
9:2	EXO.20.5	4
9:2	ACT.28.4	4
9:3	JHN.11.4	39
9:3	JHN.11.40	8
9:3	JOB.2.3-JOB.2.6	6
9:3	ECC.9.1-ECC.9.2	6
9:3	JOB.42.7	4
9:3	MAT.11.5	4
9:3	ACT.4.21	3
9:3	JOB.1.8-JOB.1.12	2
9:3	ACT.28.4	2
9:3	JOB.22.5-JOB.22.30	1
9:3	JHN.14.11-JHN.14.13	1
9:3	JOB.21.27	0
9:3	LUK.13.2-LUK.13.5	0
9:4	JHN.12.35	76
9:4	EPH.5.16	58
9:4	JHN.4.34	52
9:4	ECC.9.10	50
9:4	JHN.11.9-JHN.11.10	44
9:4	GAL.6.10	41
9:4	JHN.17.4	31
9:4	COL.4.5	30
9:4	JHN.5.36	28
9:4	JHN.10.32	19
9:4	ISA.38.18-ISA.38.19	16
9:4	JHN.10.37	16
9:4	ACT.4.20	14
9:4	JHN.5.19	13
9:4	LUK.13.32-LUK.13.34	10
9:5	JHN.8.12	22
9:5	JHN.12.46	17
9:5	ACT.13.47	17
9:5	JHN.1.4-JHN.1.9	12
9:5	ISA.42.6-ISA.42.7	11
9:5	ACT.26.18	11
9:5	EPH.5.14	11
9:5	REV.21.23	11
9:5	MAT.4.16	9
9:5	JHN.3.19-JHN.3.21	9
9:5	ISA.49.6	7
9:5	JHN.12.35-JHN.12.36	7
9:5	MAL.4.2	6
9:5	ACT.26.23	6
9:5	ISA.60.1-ISA.60.3	5
9:5	LUK.2.32	5
9:6	MRK.7.33	10
9:6	MRK.8.23	10
9:6	REV.3.18	1
9:7	ISA.35.5	8
9:7	JHN.9.11	5
9:7	JHN.11.37	5
9:7	PSA.146.8	4
9:7	ISA.8.6	4
9:7	ACT.26.18	4
9:7	EXO.4.11	3
9:7	NEH.3.15	3
9:7	ISA.42.7	3
9:7	LUK.13.4	3
9:7	2KI.5.10-2KI.5.14	2
9:7	ISA.29.18-ISA.29.19	2
9:7	ISA.32.3	2
9:7	ISA.42.16-ISA.42.18	2
9:7	ISA.43.8	2
9:7	LUK.2.32	2
9:7	JHN.9.39	2
9:7	JHN.10.36	2
9:7	ROM.8.3	2
9:7	GAL.4.4	2
9:8	1SA.2.8	5
9:8	1SA.21.11	2
9:8	MRK.10.46	2
9:8	LUK.16.20-LUK.16.22	2
9:8	LUK.18.35	2
9:8	ACT.3.2-ACT.3.11	2
9:8	RUT.1.19	1
9:10	ECC.11.5	3
9:10	MRK.4.27	3
9:10	JHN.3.9	2
9:10	JHN.9.15	2
9:10	JHN.9.21	2
9:10	JHN.9.26	2
9:10	1CO.15.35	2
9:11	JHN.9.6-JHN.9.7	3
9:11	JHN.9.27	2
9:12	EXO.2.18-EXO.2.20	3
9:12	JHN.5.11-JHN.5.13	3
9:12	JHN.7.11	2
9:13	JHN.12.42	3
9:13	JHN.8.3-JHN.8.8	2
9:13	JHN.11.46-JHN.11.47	2
9:13	JHN.11.57	2
9:13	JHN.12.19	2
9:14	JHN.5.9	4
9:14	MAT.12.1-MAT.12.14	3
9:14	LUK.13.10-LUK.13.17	3
9:14	MRK.2.23-MRK.3.6	2
9:14	LUK.6.1-LUK.6.11	2
9:14	LUK.14.1	2
9:14	JHN.5.16	2
9:14	JHN.7.21-JHN.7.23	2
9:15	JHN.9.10-JHN.9.11	2
9:15	JHN.9.26-JHN.9.27	2
9:16	JHN.7.43	5
9:16	JHN.10.19	5
9:16	MAT.12.2	3
9:16	JHN.3.2	3
9:16	JHN.7.12	3
9:16	LUK.13.31-LUK.13.33	2
9:16	JHN.5.36	2
9:16	JHN.6.52	2
9:16	JHN.9.24	2
9:16	JHN.9.30-JHN.9.33	2
9:16	JHN.14.11	2
9:16	JHN.15.24	2
9:16	ACT.14.4	1
9:17	JHN.4.19	3
9:17	JHN.6.14	3
9:17	ACT.3.22-ACT.3.26	3
9:17	MAT.21.11	2
9:17	LUK.24.19	2
9:17	ACT.2.22	2
9:17	ACT.10.38	2
9:18	HEB.3.15-HEB.3.19	4
9:18	GEN.19.14	2
9:18	ISA.26.11	2
9:18	ISA.53.1	2
9:18	LUK.16.31	2
9:18	JHN.1.19	2
9:18	JHN.5.44	2
9:18	JHN.9.22	2
9:18	JHN.12.37-JHN.12.40	2
9:18	HEB.4.11	2
9:19	JHN.9.8-JHN.9.9	2
9:19	ACT.4.14	2
9:19	ACT.3.10	1
9:22	JHN.7.13	7
9:22	JHN.16.2	7
9:22	LUK.6.22	5
9:22	ISA.57.11	3
9:22	JHN.9.34	3
9:22	JHN.12.42-JHN.12.43	3
9:22	PSA.27.1-PSA.27.2	2
9:22	PRO.29.25	2
9:22	ISA.51.7	2
9:22	ISA.51.12	2
9:22	LUK.12.4-LUK.12.9	2
9:22	LUK.22.56-LUK.22.61	2
9:22	JHN.7.45-JHN.7.52	2
9:22	JHN.19.38	2
9:22	JHN.20.19	2
9:22	ACT.4.18	2
9:22	ACT.5.13	2
9:22	ACT.5.40	2
9:22	GAL.2.11-GAL.2.13	2
9:22	REV.21.8	2
9:23	JHN.9.21	3
9:24	JOS.7.19	5
9:24	JHN.9.16	5
9:24	JHN.8.49	4
9:24	PSA.50.14-PSA.50.15	3
9:24	JHN.19.6	3
9:24	2CO.5.21	3
9:24	1SA.6.5-1SA.6.9	2
9:24	ISA.66.5	2
9:24	MRK.15.27	2
9:24	LUK.7.39	2
9:24	LUK.15.2	2
9:24	LUK.19.7	2
9:24	JHN.5.23	2
9:24	JHN.8.46	2
9:24	JHN.14.30	2
9:24	JHN.16.2	2
9:24	JHN.18.30	2
9:24	ROM.8.3	2
9:24	ROM.10.2-ROM.10.4	2
9:25	JHN.9.30	7
9:25	1JN.5.10	7
9:25	JHN.5.11	6
9:27	LUK.22.67	2
9:27	JHN.9.10-JHN.9.15	0
9:28	ROM.2.17	3
9:28	1CO.4.12	3
9:28	1CO.6.10	3
9:28	ISA.51.7	2
9:28	MAT.5.11	2
9:28	MAT.27.39	2
9:28	JHN.5.45-JHN.5.47	2
9:28	JHN.7.19	2
9:28	JHN.7.47-JHN.7.52	2
9:28	JHN.9.34	2
9:28	ACT.6.11-ACT.6.14	2
9:28	1PE.2.23	2
9:29	JHN.8.14	5
9:29	NUM.12.2-NUM.12.7	2
9:29	NUM.16.28	2
9:29	DEU.34.10	2
9:29	1KI.22.27	2
9:29	2KI.9.11	2
9:29	PSA.22.6	2
9:29	PSA.103.7	2
9:29	PSA.105.26	2
9:29	PSA.106.16	2
9:29	ISA.53.2-ISA.53.3	2
9:29	MAL.4.4	2
9:29	MAT.12.24	2
9:29	MAT.26.61	2
9:29	LUK.23.2	2
9:29	JHN.1.17	2
9:29	JHN.7.27	2
9:29	JHN.7.41-JHN.7.42	2
9:29	JHN.9.16	2
9:29	JHN.9.24	2
9:29	ACT.7.35	2
9:29	ACT.22.22	2
9:29	ACT.26.22	2
9:29	HEB.3.2-HEB.3.5	2
9:30	PSA.119.18	6
9:30	JHN.12.37	5
9:30	ISA.29.18	4
9:30	ISA.29.14	3
9:30	JHN.3.10	3
9:30	ISA.35.5	2
9:30	MAT.11.5	2
9:30	LUK.7.22	2
9:30	2CO.4.6	2
9:30	MRK.6.6	1
9:31	PRO.15.29	53
9:31	ISA.1.15	37
9:31	PRO.28.9	36
9:31	MIC.3.4	27
9:31	PSA.145.19	23
9:31	PRO.1.28-PRO.1.29	23
9:31	ZEC.7.13	22
9:31	PSA.34.15-PSA.34.16	21
9:31	PSA.66.18-PSA.66.20	15
9:31	PRO.21.13	15
9:31	1JN.3.21-1JN.3.22	13
9:31	JOB.27.8-JOB.27.9	12
9:31	JER.14.12	12
9:31	EZK.8.18	12
9:31	JHN.15.16	11
9:31	JOB.35.12	10
9:31	PSA.18.41	9
9:31	2CH.32.20-2CH.32.21	8
9:31	JOB.42.8	8
9:31	PSA.143.10	8
9:31	JHN.4.34	8
9:31	JHN.7.17	8
9:31	GEN.20.7	7
9:31	1KI.17.20-1KI.17.22	7
9:31	ISA.58.9	7
9:31	JER.11.11	7
9:31	JER.15.1	7
9:31	JAS.5.15-JAS.5.18	7
9:31	GEN.19.29	6
9:31	JHN.11.41-JHN.11.42	6
9:31	GEN.18.23-GEN.18.33	5
9:31	1KI.18.36-1KI.18.38	5
9:31	PSA.40.8	5
9:31	PSA.99.6	5
9:31	PSA.106.23	5
9:31	HEB.10.7	2
9:32	ISA.64.4	5
9:32	JOB.20.4	3
9:32	LUK.1.70	2
9:32	REV.16.18	2
9:33	JHN.9.16	5
9:33	JHN.3.2	4
9:33	ACT.5.38-ACT.5.39	3
9:34	JHN.9.2	5
9:34	JHN.9.22	5
9:34	ISA.66.5	4
9:34	GEN.19.9	3
9:34	JOB.25.4	3
9:34	LUK.18.17	3
9:34	EXO.2.14	2
9:34	2CH.25.16	2
9:34	JOB.14.4	2
9:34	JOB.15.14-JOB.15.16	2
9:34	PSA.51.5	2
9:34	PRO.9.7-PRO.9.8	2
9:34	PRO.22.10	2
9:34	PRO.26.12	2
9:34	PRO.29.1	2
9:34	ISA.65.5	2
9:34	MAT.18.17-MAT.18.18	2
9:34	LUK.6.22	2
9:34	LUK.11.45	2
9:34	LUK.14.11	2
9:34	LUK.18.10-LUK.18.14	2
9:34	JHN.6.37	2
9:34	JHN.7.48-JHN.7.49	2
9:34	JHN.8.41	2
9:34	JHN.9.35	2
9:34	JHN.9.40	2
9:34	1CO.5.4-1CO.5.5	2
9:34	1CO.5.13	2
9:34	GAL.2.15	2
9:34	EPH.2.3	2
9:34	1PE.5.5	2
9:34	3JN.1.9	2
9:34	REV.13.17	2
9:35	JHN.20.31	5
9:35	ROM.10.20	4
9:35	1JN.5.13	4
9:35	JHN.10.36	3
9:35	1JN.4.15	3
9:35	PSA.2.7	2
9:35	PSA.2.12	2
9:35	PSA.27.10	2
9:35	MAT.14.33	2
9:35	MAT.16.16	2
9:35	MRK.1.1	2
9:35	JHN.1.18	2
9:35	JHN.1.34	2
9:35	JHN.1.49-JHN.1.50	2
9:35	JHN.3.15-JHN.3.18	2
9:35	JHN.3.36	2
9:35	JHN.5.14	2
9:35	JHN.6.69	2
9:35	JHN.11.27	2
9:35	JHN.20.28	2
9:35	ACT.8.36	2
9:35	ACT.9.20	2
9:35	ROM.1.4	2
9:35	HEB.1.2-HEB.1.9	2
9:35	1JN.5.5	2
9:35	1JN.5.10	2
9:35	1JN.5.20	2
9:36	ROM.10.14	3
9:36	PRO.30.3-PRO.30.4	2
9:36	SNG.5.9	2
9:36	MAT.11.3	2
9:36	JHN.1.38	2
9:37	JHN.4.26	5
9:37	PSA.25.8-PSA.25.9	4
9:37	PSA.25.14	4
9:37	JHN.7.17	4
9:37	JHN.14.21-JHN.14.23	4
9:37	MAT.11.25	2
9:37	MAT.13.11-MAT.13.12	2
9:37	ACT.10.31-ACT.10.33	1
9:38	MAT.14.33	5
9:38	MAT.28.9	5
9:38	PSA.2.12	2
9:38	PSA.45.11	2
9:38	MAT.28.17	2
9:38	LUK.24.52	2
9:38	JHN.20.28	2
9:38	REV.5.9-REV.5.14	2
9:39	JHN.3.19	16
9:39	JHN.12.46	12
9:39	ACT.26.18	12
9:39	JHN.8.12	8
9:39	LUK.4.18	6
9:39	1JN.2.11	6
9:39	JHN.12.40-JHN.12.41	5
9:39	LUK.1.79	4
9:39	MAT.13.13-MAT.13.15	3
9:39	JHN.5.22-JHN.5.27	3
9:39	ROM.11.7-ROM.11.10	3
9:39	2CO.4.4-2CO.4.6	3
9:39	ISA.6.9	2
9:39	ISA.44.18	2
9:39	JER.1.9-JER.1.10	2
9:39	MAT.6.23	2
9:39	MAT.11.5	2
9:39	LUK.2.34	2
9:39	LUK.7.21	2
9:39	LUK.11.34-LUK.11.35	2
9:39	LUK.13.30	2
9:39	JHN.3.17	2
9:39	JHN.8.15	2
9:39	JHN.9.25	2
9:39	JHN.9.36-JHN.9.38	2
9:39	2CO.2.16	2
9:39	EPH.5.14	2
9:39	1PE.2.9	2
9:39	ISA.29.10	1
9:39	ISA.42.18-ISA.42.20	1
9:39	2TH.2.10	1
9:40	REV.3.17	4
9:40	MAT.15.12-MAT.15.14	3
9:40	MAT.23.16-MAT.23.28	2
9:40	LUK.11.39-LUK.11.54	2
9:40	JHN.7.47-JHN.7.52	2
9:40	JHN.9.34	2
9:40	ROM.2.19-ROM.2.22	2
9:41	ISA.5.21	17
9:41	JHN.15.22-JHN.15.24	16
9:41	LUK.18.14	14
9:41	1JN.1.8-1JN.1.10	13
9:41	PRO.26.12	12
9:41	HEB.10.26	11
9:41	JER.2.35	9
9:41	LUK.12.47	5
10:1	MAT.7.15	27
10:1	JHN.10.8-JHN.10.10	22
10:1	1JN.4.1	21
10:1	ROM.16.18	18
10:1	HEB.5.4	13
10:1	JER.23.32	9
10:1	EZK.34.2-EZK.34.5	9
10:1	1PE.1.10	9
10:1	2PE.2.1	9
10:1	JER.23.16-JER.23.17	8
10:1	ZEC.11.16-ZEC.11.17	8
10:1	ROM.10.15	8
10:1	2CO.11.13-2CO.11.15	8
10:1	2PE.2.3	8
10:1	ZEC.11.4-ZEC.11.5	6
10:1	EPH.4.8-EPH.4.12	6
10:1	JER.29.31-JER.29.32	4
10:1	ISA.56.10-ISA.56.12	3
10:1	JER.23.21	3
10:1	JER.28.15-JER.28.17	3
10:1	EZK.13.2-EZK.13.6	3
10:1	MAT.23.16-MAT.23.28	3
10:1	JHN.3.3	3
10:1	JER.14.15	1
10:1	TIT.1.11	1
10:1	2PE.2.14-2PE.2.19	1
10:2	JHN.10.14	9
10:2	ACT.20.28	9
10:2	PSA.23.1	8
10:2	1PE.5.4	8
10:2	ISA.40.11	6
10:2	ECC.12.11	5
10:2	JHN.10.9	4
10:2	JHN.10.11-JHN.10.12	4
10:2	1TI.4.14	4
10:2	PSA.80.1	3
10:2	EZK.34.23	3
10:2	ZEC.11.3	3
10:2	ZEC.11.5	3
10:2	ZEC.11.8	3
10:2	JHN.10.7	3
10:2	HEB.13.20	3
10:2	ISA.63.11	2
10:2	MIC.5.5	2
10:2	ZEC.13.7	2
10:2	1TI.3.2-1TI.3.7	2
10:2	TIT.1.5	2
10:2	1PE.2.25	2
10:2	REV.1.20-REV.2.1	2
10:3	EZK.34.11-EZK.34.16	15
10:3	2TI.2.19	10
10:3	JHN.10.4	8
10:3	PSA.78.52-PSA.78.53	6
10:3	JHN.10.14	6
10:3	JHN.10.16	6
10:3	REV.3.20	6
10:3	JHN.10.26-JHN.10.27	5
10:3	EXO.33.17	4
10:3	PSA.23.2-PSA.23.3	4
10:3	ISA.42.16	4
10:3	ROM.8.30	4
10:3	REV.7.17	4
10:3	SNG.8.13	3
10:3	ISA.49.9-ISA.49.10	3
10:3	JER.50.4-JER.50.6	3
10:3	JHN.6.37	3
10:3	JHN.6.45	3
10:3	REV.3.7-REV.3.8	3
10:3	PSA.80.1	2
10:3	ISA.40.11	2
10:3	ISA.53.10-ISA.53.12	2
10:3	JER.31.8-JER.31.9	2
10:3	PHP.4.3	2
10:3	COL.4.3	2
10:3	REV.20.15	2
10:3	1CO.16.9	1
10:3	1PE.1.12	1
10:4	DEU.1.30	16
10:4	JHN.10.16	14
10:4	JHN.12.26	10
10:4	JHN.10.8	6
10:4	JHN.18.37	6
10:4	1CO.11.1	6
10:4	1PE.2.21	6
10:4	MAT.16.24	5
10:4	1PE.5.3	5
10:4	MIC.2.12-MIC.2.13	4
10:4	SNG.2.8	3
10:4	JHN.3.29	3
10:4	JHN.14.2-JHN.14.3	3
10:4	EPH.5.1	3
10:4	HEB.6.20	3
10:4	HEB.12.2	3
10:4	JHN.13.15	2
10:4	PHP.2.5-PHP.2.11	2
10:4	SNG.5.2	1
10:4	1PE.4.1	1
10:5	1JN.4.5-1JN.4.6	8
10:5	COL.2.6-COL.2.10	4
10:5	PRO.19.27	3
10:5	MRK.4.24	3
10:5	EPH.4.11-EPH.4.15	3
10:5	1PE.2.1-1PE.2.3	3
10:5	REV.2.2	3
10:5	1KI.22.7	2
10:5	LUK.8.18	2
10:5	2TI.3.5-2TI.3.7	2
10:5	1JN.2.21	2
10:5	1JN.2.19	1
10:5	2TI.4.3	0
10:6	ISA.56.11	4
10:6	PSA.82.5	3
10:6	PRO.28.5	3
10:6	PSA.106.7	2
10:6	ISA.6.9-ISA.6.10	2
10:6	DAN.12.10	2
10:6	MAT.13.51	2
10:6	JHN.16.25	2
10:6	MAT.13.13-MAT.13.14	1
10:6	JHN.6.52	1
10:6	JHN.6.60	1
10:6	JHN.7.36	1
10:6	JHN.8.27	1
10:6	JHN.8.43	1
10:6	1CO.2.14	1
10:6	1JN.5.20	1
10:7	JHN.14.6	27
10:7	EPH.2.18	25
10:7	JHN.10.1	21
10:7	JHN.10.9	18
10:7	EZK.34.31	14
10:7	PSA.79.13	11
10:7	HEB.10.19-HEB.10.22	10
10:7	PSA.100.3	9
10:7	PSA.95.7	7
10:7	LUK.15.4-LUK.15.6	6
10:7	ISA.53.6	4
10:8	EZK.34.2	8
10:8	JER.23.1	5
10:8	JHN.10.1	4
10:8	ISA.56.10-ISA.56.12	3
10:8	EZK.22.25-EZK.22.28	3
10:8	JHN.10.27	3
10:8	ACT.5.36	3
10:8	ZEC.11.4-ZEC.11.9	2
10:8	ZEC.11.16	2
10:8	JHN.10.5	2
10:8	ZEP.3.3	1
10:9	JHN.14.6	65
10:9	EPH.2.18	53
10:9	JHN.10.7	40
10:9	JHN.10.1	38
10:9	ROM.5.1-ROM.5.2	35
10:9	PSA.100.3-PSA.100.4	31
10:9	PSA.95.7	29
10:9	PSA.23.1-PSA.23.6	25
10:9	ISA.40.11	21
10:9	ISA.49.9-ISA.49.10	21
10:9	EZK.34.12-EZK.34.16	21
10:9	HEB.10.19-HEB.10.22	17
10:9	ZEC.10.12	13
10:9	PSA.80.1-PSA.80.3	12
10:10	LUK.19.10	203
10:10	JHN.6.51	143
10:10	JHN.12.47	135
10:10	JHN.3.17	122
10:10	JHN.6.33	118
10:10	1TI.1.15	83
10:10	MAT.20.28	79
10:10	JHN.10.1	77
10:10	HEB.7.25	75
10:10	EZK.34.2-EZK.34.4	64
10:10	2PE.1.11	51
10:10	ISA.56.11	50
10:10	ROM.5.13-ROM.5.21	49
10:10	HEB.6.17	47
10:10	MAT.23.13	45
10:10	ROM.2.21	43
10:10	HOS.7.1	41
10:10	2PE.2.1-2PE.2.3	39
10:10	MAT.18.10	34
10:10	MRK.11.17	32
10:10	MAT.21.13	29
10:10	JHN.12.6	26
10:11	PSA.23.1	59
10:11	JHN.10.14-JHN.10.15	57
10:11	JHN.15.13	54
10:11	REV.7.17	48
10:11	ISA.40.11	46
10:11	1PE.2.24-1PE.2.25	42
10:11	1JN.3.16	31
10:11	EZK.34.23	26
10:11	HEB.13.20	26
10:11	2SA.24.17	25
10:11	1PE.5.4	24
10:11	EZK.37.24	23
10:11	EZK.34.11-EZK.34.16	20
10:11	ZEC.13.7	20
10:11	MAT.20.28	20
10:11	TIT.2.14	19
10:11	MIC.5.4	18
10:11	1SA.17.34-1SA.17.35	17
10:11	PSA.80.1	17
10:11	JHN.10.17-JHN.10.18	17
10:11	ISA.53.6	16
10:11	EPH.5.2	16
10:11	GEN.31.39-GEN.31.40	14
10:12	2PE.2.3	7
10:12	ACT.20.29	6
10:12	EZK.34.2-EZK.34.6	5
10:12	ZEC.11.16-ZEC.11.17	5
10:12	MAT.10.16	4
10:12	ISA.56.10-ISA.56.12	3
10:12	MAT.7.15	3
10:12	JHN.10.3	3
10:12	1TI.3.3	3
10:12	1TI.3.8	3
10:12	2TI.4.10	3
10:12	TIT.1.7	3
10:12	1PE.5.2	3
10:13	PHP.2.20	4
10:13	JHN.12.6	3
10:13	ACT.18.17	2
10:14	JHN.10.27	22
10:14	2TI.2.19	17
10:14	JHN.10.11	16
10:14	EPH.1.17	11
10:14	1JN.5.20	11
10:14	JHN.17.3	8
10:14	PSA.1.6	6
10:14	2TI.1.12	6
10:14	JHN.17.8	4
10:14	EPH.3.19	4
10:14	PHP.3.8	4
10:14	REV.2.2	4
10:14	2CO.4.6	3
10:14	REV.2.13	3
10:14	REV.2.19	3
10:14	REV.3.8	3
10:14	ISA.53.11	2
10:14	REV.2.9	2
10:14	REV.3.15	2
10:14	REV.3.1	1
10:15	GAL.1.4	12
10:15	JHN.10.11	10
10:15	MAT.11.27	9
10:15	ISA.53.10	8
10:15	1PE.3.18	8
10:15	1JN.2.2	8
10:15	ZEC.13.7	5
10:15	1TI.2.5-1TI.2.6	5
10:15	MAT.20.28	4
10:15	JHN.10.17-JHN.10.18	4
10:15	JHN.15.13	4
10:15	EPH.5.2	4
10:15	1PE.2.24	4
10:15	ISA.53.4-ISA.53.6	3
10:15	ISA.53.8	3
10:15	DAN.9.26	3
10:15	LUK.10.21	3
10:15	JHN.1.18	3
10:15	JHN.6.46	3
10:15	JHN.8.55	3
10:15	JHN.17.25	3
10:15	GAL.3.13	2
10:15	TIT.2.14	2
10:15	REV.5.2-REV.5.9	2
10:16	ISA.56.8	34
10:16	JHN.11.52	26
10:16	1PE.2.25	22
10:16	EZK.34.23	18
10:16	EZK.37.24	13
10:16	EPH.2.13-EPH.2.18	13
10:16	1PE.2.10	12
10:16	JHN.6.37	11
10:16	JHN.10.27	10
10:16	ROM.15.9-ROM.15.13	10
10:16	REV.3.20	10
10:16	JHN.10.11	9
10:16	ISA.24.13-ISA.24.16	8
10:16	MAT.17.5	8
10:16	ACT.15.14	8
10:16	ACT.18.10	8
10:16	ACT.22.14	8
10:16	PSA.98.2-PSA.98.3	7
10:16	GEN.49.10	6
10:16	PSA.22.26-PSA.22.31	6
10:16	PSA.72.17-PSA.72.19	6
10:16	PSA.86.9	6
10:16	ECC.12.11	6
10:16	ISA.42.10-ISA.42.12	6
10:16	ISA.43.6	6
10:16	ISA.49.6	6
10:16	ISA.52.10	6
10:16	EZK.37.22	6
10:16	HOS.1.10	6
10:16	ZEC.2.11	6
10:16	ZEC.8.20-ZEC.8.23	6
10:16	JHN.10.2	6
10:16	ROM.8.29-ROM.8.30	6
10:16	EPH.2.1-EPH.2.5	6
10:16	2TH.2.13	6
10:16	ROM.9.23-ROM.9.24	5
10:16	HEB.13.20	5
10:16	ISA.11.10	4
10:16	TIT.3.3-TIT.3.5	3
10:16	1PE.5.4	3
10:17	JHN.10.18	11
10:17	JHN.10.15	9
10:17	JHN.10.11	8
10:17	HEB.2.9	8
10:17	ISA.53.7-ISA.53.12	4
10:17	JHN.15.9-JHN.15.10	4
10:17	JHN.17.4-JHN.17.5	4
10:17	ISA.42.1	3
10:17	JHN.17.24-JHN.17.26	3
10:17	JHN.3.25	1
10:17	ISA.42.21	0
10:18	TIT.2.14	12
10:18	HEB.2.9	12
10:18	JHN.2.19-JHN.2.21	11
10:18	JHN.10.17	11
10:18	ISA.53.10-ISA.53.12	10
10:18	JHN.14.31	10
10:18	JHN.6.38	9
10:18	HEB.5.6-HEB.5.9	9
10:18	JHN.15.10	8
10:18	PHP.2.6-PHP.2.8	8
10:18	HEB.10.6-HEB.10.10	8
10:18	PSA.40.6-PSA.40.8	7
10:18	MAT.26.53-MAT.26.56	7
10:18	JHN.10.11	7
10:18	JHN.5.30	6
10:18	ACT.2.24	6
10:18	ACT.3.15	6
10:18	JHN.10.15	5
10:18	JHN.18.5-JHN.18.6	5
10:18	JHN.19.11	5
10:18	ACT.2.32	5
10:18	HEB.2.14-HEB.2.15	5
10:19	JHN.9.16	6
10:19	1CO.3.3	5
10:19	JHN.7.40-JHN.7.43	4
10:19	ACT.14.4	3
10:19	ACT.23.7-ACT.23.10	3
10:19	MAT.10.34-MAT.10.35	2
10:19	LUK.12.51-LUK.12.53	2
10:19	1CO.11.18	2
10:20	JHN.7.20	8
10:20	MRK.3.21	6
10:20	JHN.8.52	5
10:20	JHN.8.47-JHN.8.48	4
10:20	ISA.53.8	2
10:20	MAT.9.34	2
10:20	MAT.10.25	2
10:20	JHN.7.46-JHN.7.52	2
10:20	JHN.9.28-JHN.9.29	2
10:20	ACT.18.14-ACT.18.15	2
10:20	ACT.25.19-ACT.25.20	2
10:20	ACT.26.24	2
10:20	ACT.26.30-ACT.26.32	2
10:21	EXO.4.11	7
10:21	ISA.35.5-ISA.35.6	6
10:21	PSA.94.9	4
10:21	MAT.11.5	4
10:21	EXO.8.19	3
10:21	PSA.146.8	3
10:21	PRO.20.12	3
10:21	MAT.4.24	3
10:21	JHN.9.6	3
10:21	JHN.9.32-JHN.9.33	3
10:23	ACT.3.11	5
10:23	ACT.5.12	5
10:24	LUK.22.67-LUK.22.70	4
10:24	JHN.1.19	4
10:24	1KI.18.21	3
10:24	MAT.11.3	3
10:24	JHN.8.25	3
10:24	JHN.8.53	3
10:24	LUK.3.15	2
10:24	JHN.9.22	2
10:24	JHN.16.25	2
10:24	2CO.3.12	2
10:25	JHN.10.38	6
10:25	JHN.8.58	4
10:25	JHN.5.17-JHN.5.43	3
10:25	JHN.14.11	3
10:25	HEB.2.3	3
10:25	JHN.3.2	2
10:25	JHN.7.31	2
10:25	JHN.8.12	2
10:25	JHN.8.24	2
10:25	JHN.10.32	2
10:25	JHN.11.47	2
10:25	JHN.12.37	2
10:25	JHN.20.30	2
10:25	ACT.10.38	2
10:25	ACT.2.22	1
10:26	JHN.8.47	11
10:26	2CO.4.3-2CO.4.4	6
10:26	JHN.6.65	5
10:26	JHN.10.27	5
10:26	JHN.12.37-JHN.12.40	5
10:26	ROM.11.7-ROM.11.8	5
10:26	JHN.6.37	4
10:26	JHN.6.44-JHN.6.45	4
10:26	JHN.10.4	4
10:26	1JN.4.6	4
10:27	JHN.10.16	74
10:27	JHN.10.14	69
10:27	REV.3.20	51
10:27	1CO.8.3	50
10:27	JHN.10.3-JHN.10.4	46
10:27	HEB.3.7	40
10:27	JHN.5.25	36
10:27	JHN.8.12	32
10:27	JHN.10.8	29
10:27	GAL.4.9	28
10:27	JHN.12.26	23
10:27	JHN.8.43	20
10:27	MAT.17.5	18
10:27	LUK.9.23	18
10:27	1KI.18.21	17
10:27	2TI.2.19	15
10:27	MRK.8.34	13
10:27	JHN.21.22	13
10:27	MAT.7.23	12
10:27	MAT.16.24	12
10:27	MAT.25.12	12
10:27	LUK.13.27	12
10:27	MRK.10.21	11
10:27	ACT.3.23	11
10:27	REV.14.4	10
10:28	JHN.6.39-JHN.6.40	87
10:28	JHN.6.37	82
10:28	JHN.3.15-JHN.3.16	56
10:28	HEB.7.25	52
10:28	JHN.18.9	45
10:28	ROM.8.29	45
10:28	ISA.54.17	44
10:28	PHP.1.6	40
10:28	JHN.4.14	34
10:28	1JN.2.25	33
10:28	ROM.8.1	30
10:28	JUD.1.24	29
10:28	JHN.17.2	28
10:28	JHN.5.24	26
10:28	1JN.2.19	20
10:28	1PE.1.5	19
10:28	1JN.5.11	19
10:28	DEU.33.3	18
10:28	PSA.37.28	18
10:28	JUD.1.21	18
10:28	LUK.22.31-LUK.22.32	14
10:28	COL.3.3-COL.3.4	14
10:28	PSA.103.17-PSA.103.18	13
10:28	JHN.17.11-JHN.17.12	13
10:28	ISA.45.17	11
10:28	ROM.8.33-ROM.8.39	11
10:28	1JN.5.13-1JN.5.20	11
10:28	JER.31.3	10
10:28	JHN.11.25	10
10:28	PRO.24.16	9
10:28	JUD.1.1	9
10:28	JHN.3.36	8
10:28	2TH.2.13	8
10:28	JOB.17.9	7
10:28	JHN.6.47	7
10:28	ROM.5.21	7
10:28	2TI.1.12	7
10:28	1SA.2.9	6
10:28	PSA.125.1-PSA.125.2	6
10:28	PRO.4.18	6
10:28	JER.32.40	6
10:28	JHN.6.27	6
10:28	JHN.14.19	6
10:28	ACT.7.59	6
10:28	ROM.5.2	6
10:28	ROM.5.17	6
10:28	ROM.6.23	6
10:28	1TI.1.16	6
10:28	PSA.31.5	5
10:28	JER.31.34	5
10:28	LUK.23.46	5
10:28	JHN.6.68	5
10:28	ROM.5.9	5
10:28	ISA.55.3	4
10:28	MRK.13.22	4
10:28	JHN.5.39-JHN.5.40	3
10:29	JHN.6.37	13
10:29	JHN.17.2	9
10:29	JHN.17.9	9
10:29	JHN.14.28	8
10:29	MAL.1.14	7
10:29	JHN.17.6	7
10:29	JHN.17.11	7
10:29	EXO.18.11	4
10:29	PSA.145.3	3
10:29	DAN.4.3	3
10:30	JHN.1.1-JHN.1.2	77
10:30	JHN.14.9	55
10:30	JHN.17.21-JHN.17.23	36
10:30	JHN.5.23	32
10:30	JHN.8.58	29
10:30	MAT.11.27	26
10:30	MAT.28.19	26
10:30	JHN.5.17	25
10:30	JHN.14.23	23
10:30	1JN.5.20	22
10:30	JHN.17.10	21
10:30	TIT.2.13	21
10:30	1TI.3.16	19
10:30	JHN.16.15	17
10:30	1JN.5.7	10
10:31	JHN.5.18	7
10:31	JHN.8.59	7
10:31	EXO.17.4	4
10:31	1SA.30.6	4
10:31	JHN.11.8	4
10:31	MAT.21.35	2
10:31	MAT.23.35	2
10:31	ACT.7.52	2
10:31	ACT.7.58-ACT.7.59	2
10:32	1SA.19.4-1SA.19.6	2
10:32	2CH.24.20-2CH.24.22	2
10:32	PSA.35.12	2
10:32	PSA.109.4-PSA.109.5	2
10:32	ECC.4.4	2
10:32	MAT.11.5	2
10:32	JHN.5.19-JHN.5.20	2
10:32	JHN.5.36	2
10:32	JHN.10.37	2
10:32	ACT.2.22	2
10:32	ACT.10.38	2
10:32	1JN.3.12	2
10:32	JHN.10.25	1
10:33	JHN.5.18	12
10:33	JHN.10.30	8
10:33	LEV.24.16	7
10:33	PSA.82.6	3
10:33	ROM.13.1	3
10:33	PHP.2.6	3
10:33	1KI.21.10	2
10:33	LEV.24.14	1
10:34	PSA.82.6-PSA.82.7	133
10:34	EXO.7.1	38
10:34	PSA.82.1	30
10:34	EXO.4.16	26
10:34	PSA.138.1	16
10:35	MAT.24.35	16
10:35	ROM.13.1	6
10:35	GEN.15.1	3
10:35	LUK.16.17	3
10:35	LUK.24.44-LUK.24.46	3
10:35	MAT.26.53-MAT.26.56	2
10:35	JHN.19.36-JHN.19.37	2
10:35	ACT.1.16	2
10:35	DEU.18.15	1
10:35	DEU.18.18-DEU.18.20	1
10:35	1SA.14.36-1SA.14.37	1
10:35	1SA.15.1	1
10:35	1SA.23.9-1SA.23.11	1
10:35	1SA.28.6	1
10:35	2SA.7.5	1
10:35	1CH.22.8	1
10:35	2CH.11.2-2CH.11.3	1
10:35	MAT.5.18	1
10:35	MAT.27.35	1
10:35	LUK.24.26-LUK.24.27	1
10:35	1SA.30.8	0
10:35	2CH.19.2	0
10:35	JHN.12.38-JHN.12.39	0
10:35	JHN.19.28	0
10:36	JHN.3.17	9
10:36	JER.1.5	6
10:36	JHN.5.17-JHN.5.18	6
10:36	JHN.6.27	4
10:36	JHN.10.30-JHN.10.33	4
10:36	JHN.20.28	4
10:36	JHN.20.31	4
10:36	PSA.2.2	3
10:36	PSA.2.6-PSA.2.12	3
10:36	ISA.61.1-ISA.61.3	3
10:36	MAT.27.43	3
10:36	LUK.1.35	3
10:36	JHN.3.34	3
10:36	JHN.5.30	3
10:36	JHN.6.38	3
10:36	JHN.6.57	3
10:36	JHN.6.69	3
10:36	JHN.9.35-JHN.9.37	3
10:36	JHN.17.4-JHN.17.5	3
10:36	JHN.17.8	3
10:36	JHN.17.18	3
10:36	JHN.17.21	3
10:36	JHN.19.7	3
10:36	ROM.1.4	3
10:36	ROM.9.5	3
10:36	ISA.11.2-ISA.11.5	2
10:36	ISA.42.1	2
10:36	ISA.42.3	2
10:36	ISA.49.1-ISA.49.3	2
10:36	ISA.49.6-ISA.49.8	2
10:36	ISA.55.4	2
10:36	MAT.26.63-MAT.26.66	2
10:36	MAT.27.54	2
10:36	JHN.5.36-JHN.5.37	2
10:36	JHN.8.42	2
10:36	ROM.8.3	2
10:36	GAL.4.4	2
10:36	1JN.4.9-1JN.4.14	2
10:37	JHN.15.24	5
10:37	JHN.10.25	4
10:37	MAT.11.20-MAT.11.24	2
10:37	JHN.5.31	2
10:37	JHN.10.32	2
10:37	JHN.12.37-JHN.12.40	2
10:37	JHN.14.10	2
10:38	JHN.10.30	12
10:38	JHN.14.20	12
10:38	JHN.10.25	11
10:38	JHN.14.9-JHN.14.11	10
10:38	JHN.3.2	7
10:38	JHN.17.21-JHN.17.23	7
10:38	ACT.2.22	7
10:38	JHN.5.36	4
10:38	JHN.17.11	4
10:38	ACT.4.8-ACT.4.12	4
10:39	JHN.7.30	11
10:39	JHN.8.59	9
10:39	JHN.7.44	8
10:39	LUK.4.29-LUK.4.30	7
10:39	JHN.10.31	5
10:40	JHN.1.28	6
10:40	JHN.3.26	3
10:40	JHN.7.1	3
10:40	JHN.11.54	3
10:41	JHN.1.33-JHN.1.34	4
10:41	JHN.1.29-JHN.1.30	3
10:41	MAT.3.11-MAT.3.12	2
10:41	MAT.4.23-MAT.4.25	2
10:41	MAT.14.2	2
10:41	MRK.1.37	2
10:41	LUK.5.1	2
10:41	LUK.7.26-LUK.7.30	2
10:41	LUK.12.1	2
10:41	JHN.1.27	2
10:41	JHN.2.11	2
10:41	JHN.3.26-JHN.3.36	2
10:42	JHN.4.41	6
10:42	JHN.12.42	5
10:42	JHN.2.23	4
10:42	JHN.4.39	4
10:42	JHN.7.31	4
10:42	JHN.8.30	4
10:42	JHN.11.45	4
11:1	LUK.10.38-LUK.10.42	11
11:1	JHN.12.17	11
11:1	JHN.12.9	7
11:1	2KI.20.1-2KI.20.12	6
11:1	JHN.11.11	6
11:1	MAT.21.17	5
11:1	JHN.11.3	4
11:1	JHN.11.5-JHN.11.6	4
11:1	ACT.9.37	4
11:1	MRK.11.1	3
11:1	LUK.16.20-LUK.16.25	3
11:1	JHN.12.1-JHN.12.2	2
11:1	GEN.48.1	1
11:2	JHN.12.3	13
11:2	MAT.26.6-MAT.26.7	11
11:2	MRK.14.3	11
11:2	LUK.7.37-LUK.7.38	9
11:3	JHN.11.5	8
11:3	REV.3.19	6
11:3	HEB.12.6-HEB.12.7	5
11:3	PSA.16.3	4
11:3	JHN.13.23	4
11:3	GEN.22.2	3
11:3	JHN.11.11	3
11:3	JHN.11.36	3
11:3	PHP.2.26-PHP.2.27	3
11:3	2TI.4.20	3
11:3	JHN.11.1	1
11:3	JAS.5.14-JAS.5.15	1
11:4	JHN.11.40	23
11:4	JHN.9.3	21
11:4	1PE.4.14	13
11:4	JHN.5.23	11
11:4	JHN.17.5	9
11:4	MRK.5.39-MRK.5.42	8
11:4	JHN.13.31-JHN.13.32	8
11:4	1PE.4.11	8
11:4	JHN.2.11	6
11:4	JHN.8.54	5
11:4	JHN.12.28	5
11:4	JHN.17.1	5
11:4	PHP.1.20	5
11:4	JHN.9.24	4
11:4	PHP.1.11	4
11:4	JHN.17.10	3
11:4	ROM.11.11	3
11:4	1PE.1.21	3
11:5	JHN.15.9-JHN.15.13	5
11:5	JHN.11.36	3
11:5	JHN.17.26	3
11:5	JHN.16.27	2
11:5	JHN.11.8	1
11:6	ISA.30.18	11
11:6	ISA.55.8-ISA.55.9	8
11:6	GEN.22.14	2
11:6	GEN.42.24	2
11:6	GEN.43.29-GEN.43.31	2
11:6	GEN.44.1-GEN.44.5	1
11:6	GEN.45.1-GEN.45.5	1
11:6	MAT.15.22-MAT.15.28	1
11:7	ACT.20.22-ACT.20.24	7
11:7	LUK.9.51	5
11:7	JHN.10.40-JHN.10.42	5
11:7	ACT.15.36	5
11:8	JHN.8.59	8
11:8	JHN.10.31	8
11:8	ACT.21.12-ACT.21.13	5
11:8	MAT.16.21-MAT.16.23	4
11:8	JHN.10.39	3
11:8	PSA.11.1-PSA.11.3	2
11:8	ACT.20.24	2
11:8	MAT.23.7	1
11:9	JHN.9.4	14
11:9	JHN.12.35	12
11:9	JER.31.9	4
11:9	PRO.3.23	2
11:9	LUK.13.31-LUK.13.33	2
11:10	PRO.4.18-PRO.4.19	8
11:10	1JN.2.10-1JN.2.11	7
11:10	JER.13.16	6
11:10	JER.20.11	5
11:10	ECC.2.14	4
11:10	PSA.27.2	3
11:11	DAN.12.2	10
11:11	JHN.11.13	6
11:11	MAT.27.52	5
11:11	JHN.11.43-JHN.11.44	5
11:11	1TH.5.10	5
11:11	1CO.15.51	4
11:11	EPH.5.14	4
11:11	EXO.33.11	3
11:11	MAT.9.24	3
11:11	MRK.5.39	3
11:11	DEU.31.16	2
11:11	2CH.20.7	2
11:11	ISA.41.8	2
11:11	JHN.3.29	2
11:11	JHN.5.25-JHN.5.29	2
11:11	JHN.11.3	2
11:11	JHN.15.13-JHN.15.15	2
11:11	ACT.7.60	2
11:11	1CO.15.18	2
11:11	1CO.15.34	2
11:11	1TH.4.14-1TH.4.15	2
11:11	JAS.2.23	2
11:13	MAT.9.24	5
11:14	JHN.16.25	4
11:14	JHN.10.24	3
11:14	JHN.16.29	3
11:15	2TI.2.10	7
11:15	JHN.14.10-JHN.14.11	6
11:15	ISA.54.15	5
11:15	JHN.11.4	5
11:15	JHN.11.35-JHN.11.36	5
11:15	1JN.5.13	5
11:15	ISA.65.8	4
11:15	JHN.2.11	4
11:15	JHN.12.30	4
11:15	JHN.17.19	4
11:15	2CO.4.15	4
11:15	GEN.26.24	3
11:15	GEN.39.5	3
11:15	PSA.105.14	3
11:16	JHN.13.37	6
11:16	MAT.10.3	5
11:16	MAT.26.35	5
11:16	MRK.3.18	5
11:16	LUK.6.15	5
11:16	JHN.14.5	4
11:16	JHN.20.24-JHN.20.29	4
11:16	JHN.21.2	4
11:16	LUK.22.33	3
11:16	JHN.11.8	3
11:16	ACT.1.13	3
11:17	JHN.11.39	7
11:17	HOS.6.2	5
11:17	ACT.2.27-ACT.2.31	3
11:17	JHN.2.19	2
11:18	LUK.24.13	3
11:18	JHN.11.1	3
11:18	REV.14.20	3
11:18	JHN.6.19	2
11:18	REV.21.16	2
11:19	JOB.2.11	8
11:19	JHN.11.31	6
11:19	1TH.5.11	6
11:19	2CO.1.4	4
11:19	JOB.42.11	3
11:19	ROM.12.15	3
11:19	1TH.4.18	3
11:19	GEN.37.35	2
11:19	2SA.10.2	2
11:19	JER.16.5-JER.16.7	2
11:19	LAM.1.2	2
11:19	LAM.1.9	2
11:19	LAM.1.16	2
11:19	LAM.1.21	2
11:19	LAM.2.13	2
11:19	1CH.7.21-1CH.7.22	1
11:19	ECC.7.2	1
11:19	ISA.51.19	1
11:20	1TH.4.17	6
11:20	LUK.10.38-LUK.10.42	5
11:20	MAT.25.1	3
11:20	JHN.11.30	3
11:20	MAT.25.6	2
11:20	ACT.10.25	2
11:20	ACT.28.15	2
11:21	MAT.9.18	8
11:21	JHN.11.32	8
11:21	1KI.17.18	7
11:21	PSA.78.19	4
11:21	LUK.7.6-LUK.7.10	4
11:21	LUK.8.49-LUK.8.55	4
11:21	JHN.4.47-JHN.4.49	4
11:21	JHN.11.37	4
11:21	LUK.7.13-LUK.7.15	3
11:21	PSA.78.41	2
11:22	JHN.9.31	15
11:22	JHN.11.41-JHN.11.42	11
11:22	MRK.9.23	9
11:22	MAT.28.18	8
11:22	HEB.11.17-HEB.11.19	5
11:22	JHN.5.22-JHN.5.27	3
11:22	PSA.2.8	2
11:22	JHN.3.35	2
11:22	JHN.17.2	2
11:23	JHN.11.43-JHN.11.44	1
11:24	DAN.12.2-DAN.12.3	15
11:24	ACT.24.15	14
11:24	JHN.5.28-JHN.5.29	10
11:24	ISA.26.19	9
11:24	ACT.17.31-ACT.17.32	7
11:24	HOS.13.14	6
11:24	PSA.17.15	5
11:24	LUK.14.14	5
11:24	HOS.6.2	4
11:24	PSA.49.14-PSA.49.15	3
11:24	ISA.25.8	3
11:24	EZK.37.1-EZK.37.10	3
11:24	MAT.22.23-MAT.22.32	3
11:24	ACT.23.6-ACT.23.9	3
11:24	HEB.11.35	2
11:25	1TH.4.14	95
11:25	JHN.3.36	71
11:25	1JN.5.11-1JN.5.12	65
11:25	JHN.1.4	59
11:25	ROM.8.10-ROM.8.11	55
11:25	JHN.5.21	50
11:25	ISA.26.19	38
11:25	ROM.8.2	37
11:25	JHN.6.39-JHN.6.40	35
11:25	JHN.6.44	34
11:25	PHP.3.20-PHP.3.21	30
11:25	JOB.19.25-JOB.19.27	28
11:25	ROM.8.38-ROM.8.39	24
11:25	JHN.6.35	23
11:25	PHP.3.10	21
11:25	REV.21.4	21
11:25	2CO.5.1-2CO.5.8	18
11:25	COL.3.3-COL.3.4	18
11:25	REV.20.5	18
11:25	JHN.14.6	17
11:25	ACT.3.15	17
11:25	JHN.5.26	16
11:25	ISA.38.16	15
11:25	JHN.14.19	15
11:25	PSA.36.9	14
11:25	ROM.5.17-ROM.5.19	14
11:25	1CO.15.20-1CO.15.26	14
11:25	PHP.1.23	14
11:25	HEB.11.13-HEB.11.16	14
11:25	1JN.1.1-1JN.1.2	14
11:25	REV.22.17	14
11:25	LUK.23.43	13
11:25	1CO.15.29	13
11:25	1CO.15.43-1CO.15.57	13
11:25	2CO.4.14	13
11:25	REV.20.10-REV.20.15	13
11:25	ROM.4.17	12
11:25	1CO.15.18	12
11:25	REV.22.1	12
11:26	JHN.10.28	19
11:26	JHN.5.24	17
11:26	ROM.8.13	15
11:26	1JN.5.10-1JN.5.12	13
11:26	JHN.8.51-JHN.8.53	12
11:26	JHN.6.54-JHN.6.58	11
11:26	JHN.3.15-JHN.3.18	10
11:26	JHN.6.50-JHN.6.51	10
11:26	JHN.4.14	7
11:26	JHN.14.10	6
11:26	MAT.9.28	4
11:26	MRK.9.23	3
11:26	JHN.9.35	3
11:26	MAT.26.53	2
11:27	MAT.16.16	9
11:27	MAL.3.1	4
11:27	JHN.6.14	4
11:27	JHN.6.69	4
11:27	1JN.5.1	3
11:27	LUK.2.11	2
11:27	1TI.1.15-1TI.1.16	2
11:27	1JN.5.20	2
11:27	MAT.11.3	1
11:27	LUK.7.19-LUK.7.20	1
11:27	JHN.1.49	1
11:27	JHN.4.42	1
11:27	JHN.9.36-JHN.9.38	1
11:27	JHN.20.28-JHN.20.31	1
11:27	ACT.8.36	1
11:28	JHN.13.13	4
11:28	MRK.10.49	3
11:28	JHN.11.20	3
11:28	JHN.20.16	3
11:28	1TH.4.17-1TH.4.18	3
11:28	SNG.2.8-SNG.2.14	2
11:28	ZEC.3.10	2
11:28	MAT.26.18	2
11:28	MRK.14.14	2
11:28	LUK.10.38-LUK.10.42	2
11:28	LUK.22.11	2
11:28	JHN.1.41	2
11:28	JHN.1.45	2
11:28	JHN.10.3	2
11:28	JHN.21.7	2
11:28	1TH.5.11	1
11:28	HEB.12.12	1
11:29	PSA.27.8	6
11:29	PRO.15.23	3
11:29	PSA.119.59-PSA.119.60	2
11:29	SNG.3.1-SNG.3.4	2
11:29	PRO.27.17	1
11:30	JHN.11.20	2
11:31	JHN.11.19	5
11:31	GEN.37.35	3
11:31	2SA.12.16-2SA.12.18	3
11:31	1CO.2.15	2
11:32	JHN.11.21	7
11:32	LUK.5.8	5
11:32	LUK.17.16	5
11:32	LUK.8.41	4
11:32	REV.5.14	3
11:32	REV.22.8	3
11:32	REV.5.8	2
11:32	JHN.11.37	1
11:32	JHN.4.49	0
11:33	JHN.11.38	8
11:33	JHN.12.27	7
11:33	MRK.3.5	6
11:33	ROM.12.15	6
11:33	GEN.43.30-GEN.43.31	5
11:33	GEN.45.1-GEN.45.5	4
11:33	MRK.14.33-MRK.14.35	4
11:33	HEB.5.7-HEB.5.8	4
11:33	MRK.9.19	3
11:33	JHN.13.21	3
11:33	HEB.4.15	3
11:34	MAT.28.6	3
11:34	MRK.15.47	2
11:34	MRK.16.6	2
11:34	JHN.20.2	2
11:34	JHN.1.39	1
11:35	LUK.19.41	30
11:35	HEB.4.15	23
11:35	JHN.11.33	19
11:35	ISA.53.3	18
11:35	PSA.119.136	13
11:35	JER.13.17	13
11:35	JOB.30.25	12
11:35	HEB.2.16-HEB.2.17	11
11:35	GEN.43.30	6
11:35	PSA.35.13-PSA.35.15	6
11:35	ISA.63.9	6
11:35	JER.14.17	6
11:35	JER.9.1	5
11:35	LAM.1.16	5
11:35	LUK.19.11	4
11:35	ROM.9.2-ROM.9.3	4
11:36	JHN.11.3	6
11:36	1JN.3.1	5
11:36	1JN.4.9-1JN.4.10	5
11:36	REV.1.5	5
11:36	EPH.5.2	4
11:36	JHN.14.21-JHN.14.23	3
11:36	2CO.8.8-2CO.8.9	3
11:36	EPH.5.25	3
11:36	JHN.21.15-JHN.21.17	2
11:37	JHN.9.6-JHN.9.7	5
11:37	PSA.78.19-PSA.78.20	3
11:37	MAT.27.40-MAT.27.42	3
11:37	LUK.23.35	3
11:37	LUK.23.39	3
11:37	JHN.11.32	3
11:37	MRK.15.32	2
11:37	JHN.11.21	2
11:38	JHN.11.33	6
11:38	MAT.27.60	5
11:38	LUK.24.2	5
11:38	GEN.23.19	4
11:38	ISA.22.16	4
11:38	MRK.8.12	3
11:38	MRK.15.46	3
11:38	JHN.20.1	3
11:38	GEN.49.29-GEN.49.31	2
11:38	EZK.9.4	2
11:38	EZK.21.6	2
11:38	MAT.27.66	2
11:39	JHN.11.17	5
11:39	PSA.49.7	4
11:39	MRK.16.3	3
11:39	GEN.3.19	2
11:39	PHP.3.21	2
11:39	GEN.23.4	1
11:39	PSA.49.9	0
11:39	PSA.49.14	0
11:39	ACT.2.27	0
11:39	ACT.13.36	0
11:40	JHN.11.4	36
11:40	JHN.11.23-JHN.11.26	32
11:40	ROM.4.17-ROM.4.25	31
11:40	PSA.63.2	20
11:40	JHN.1.14	18
11:40	2CO.3.18	16
11:40	PSA.90.16	15
11:40	2CH.20.20	14
11:40	2CO.4.6	14
11:40	JHN.9.3	10
11:40	JHN.12.41	8
11:41	MAT.11.25	10
11:41	JHN.17.1	9
11:41	PSA.123.1	6
11:41	LUK.10.21	5
11:41	PHP.4.6	5
11:41	JHN.12.28-JHN.12.30	4
11:41	LUK.18.13	1
11:42	JHN.3.17	7
11:42	JHN.17.21	6
11:42	HEB.7.25	5
11:42	1JN.4.14	5
11:42	MAT.26.53	3
11:42	JHN.7.28-JHN.7.29	3
11:42	JHN.11.22	3
11:42	JHN.17.8	3
11:42	JHN.17.25	3
11:42	JHN.20.31	3
11:42	ROM.8.3	3
11:42	HEB.5.7	3
11:42	1JN.4.9-1JN.4.10	3
11:42	MAT.12.22-MAT.12.24	2
11:42	JHN.6.38-JHN.6.40	2
11:42	JHN.8.16	2
11:42	JHN.8.29	2
11:42	JHN.8.42	2
11:42	JHN.9.24-JHN.9.34	2
11:42	JHN.10.36-JHN.10.38	2
11:42	JHN.11.31	2
11:42	JHN.11.45-JHN.11.50	2
11:42	JHN.12.27-JHN.12.30	2
11:42	GAL.4.4	2
11:43	2KI.4.33-2KI.4.36	8
11:43	ACT.9.40	8
11:43	ACT.9.34	6
11:43	LUK.7.14-LUK.7.15	5
11:43	1KI.17.21-1KI.17.22	4
11:43	ACT.3.6	4
11:43	MRK.4.41	2
11:43	ACT.3.12	2
11:44	JHN.5.25	16
11:44	JHN.20.7	11
11:44	JHN.11.25-JHN.11.26	9
11:44	LUK.7.15	6
11:44	JHN.5.21	6
11:44	PHP.3.21	6
11:44	GEN.1.3	5
11:44	1SA.2.6	5
11:44	JHN.10.30	5
11:44	ACT.20.9-ACT.20.12	5
11:44	PSA.33.9	4
11:44	MRK.5.43	4
11:44	JHN.19.40	4
11:44	REV.1.18	4
11:44	EZK.37.3-EZK.37.10	3
11:44	HOS.13.14	3
11:44	JHN.11.39	2
11:44	JHN.20.5	2
11:45	JHN.2.23	5
11:45	JHN.11.19	5
11:45	JHN.7.31	2
11:45	JHN.10.41	2
11:45	JHN.11.31	2
11:45	JHN.12.9-JHN.12.11	2
11:45	JHN.12.17-JHN.12.19	2
11:45	JHN.12.42	2
11:46	LUK.16.30-LUK.16.31	3
11:46	JHN.9.13	3
11:46	JHN.5.15-JHN.5.16	2
11:46	JHN.12.37	2
11:46	ACT.5.25	2
11:47	MAT.26.3	6
11:47	ACT.4.16-ACT.4.17	4
11:47	MAT.5.22	3
11:47	JHN.2.11	3
11:47	JHN.11.57	3
11:47	JHN.12.19	3
11:47	ACT.4.5-ACT.4.6	3
11:47	PSA.2.2-PSA.2.4	2
11:47	MAT.27.1-MAT.27.2	2
11:47	MRK.14.1	2
11:47	LUK.22.2	2
11:47	ACT.4.27-ACT.4.28	2
11:47	ACT.5.21	2
11:47	ACT.5.24	2
11:48	1TH.2.15-1TH.2.16	5
11:48	DAN.9.26-DAN.9.27	4
11:48	ZEC.14.1-ZEC.14.2	4
11:48	MAT.23.35-MAT.23.38	4
11:48	MAT.27.25	4
11:48	ACT.5.28	4
11:48	DEU.28.50-DEU.28.68	3
11:48	ZEC.13.7-ZEC.13.8	3
11:48	MAT.21.40-MAT.21.42	3
11:48	MAT.22.7	3
11:48	LUK.8.12	3
11:48	LUK.11.52	3
11:48	LUK.21.20-LUK.21.24	3
11:48	LUK.23.28-LUK.23.31	3
11:48	LUK.19.41-LUK.19.44	2
11:48	JHN.1.7	2
11:48	ACT.5.38-ACT.5.40	2
11:49	PRO.26.12	4
11:49	MAT.26.3	4
11:49	JHN.11.51	4
11:49	JHN.18.13-JHN.18.14	4
11:49	LUK.3.2	3
11:49	ACT.4.6	3
11:49	ISA.5.20-ISA.5.23	2
11:49	JHN.7.48-JHN.7.49	2
11:49	1CO.1.20	2
11:49	1CO.2.6	2
11:49	1CO.3.18-1CO.3.19	2
11:50	JHN.18.14	6
11:50	LUK.24.46	4
11:50	JHN.19.12	3
11:50	ROM.3.8	3
11:50	JHN.11.48	2
11:51	DAN.9.26	5
11:51	2CO.5.21	5
11:51	EXO.28.30	3
11:51	1SA.23.9	3
11:51	MAT.20.28	3
11:51	GAL.4.4-GAL.4.5	3
11:51	NUM.22.28	2
11:51	NUM.24.2	2
11:51	NUM.24.14-NUM.24.25	2
11:51	JDG.20.27-JDG.20.28	2
11:51	1SA.28.6	2
11:51	ISA.53.5-ISA.53.8	2
11:51	MAT.7.22-MAT.7.23	2
11:51	JHN.10.15	2
11:51	ROM.3.25-ROM.3.26	2
11:51	1CO.13.2	2
11:51	GAL.3.13	2
11:51	1PE.2.24	1
11:51	1PE.3.18	1
11:51	2PE.2.15-2PE.2.17	1
11:52	JHN.10.16	15
11:52	ISA.49.6	8
11:52	1JN.2.2	7
11:52	EPH.1.9-EPH.1.10	5
11:52	1PE.1.1	5
11:52	ROM.9.25-ROM.9.26	4
11:52	EPH.2.14-EPH.2.22	4
11:52	REV.5.9	4
11:52	LUK.2.32	3
11:52	ROM.3.29	3
11:52	COL.1.20-COL.1.23	3
11:52	REV.7.9-REV.7.10	3
11:52	GEN.49.10	2
11:52	PSA.22.15	2
11:52	PSA.72.19	2
11:52	PSA.102.22-PSA.102.23	2
11:52	ISA.11.10-ISA.11.12	2
11:52	ISA.49.18	2
11:52	ISA.55.5	2
11:52	ISA.56.8	2
11:52	ISA.60.4	2
11:52	EZK.11.16-EZK.11.17	2
11:52	EZK.34.12	2
11:52	HOS.1.10	2
11:52	MAT.25.31-MAT.25.34	2
11:52	JHN.1.29	2
11:52	JHN.12.32	2
11:52	ACT.18.10	2
11:52	ROM.4.17	2
11:52	ROM.8.29-ROM.8.30	2
11:52	EPH.1.5	2
11:52	EPH.3.11	2
11:52	2TH.2.13-2TH.2.14	2
11:52	JAS.1.1	2
11:52	PSA.22.27	1
11:53	ACT.5.33	3
11:53	ACT.9.23	3
11:53	NEH.4.16	2
11:53	NEH.13.21	2
11:53	PSA.2.2	2
11:53	PSA.31.13	2
11:53	PSA.71.10	2
11:53	PSA.109.4-PSA.109.5	2
11:53	PSA.113.2	2
11:53	JER.38.4	2
11:53	JER.38.15	2
11:53	MAT.16.21	2
11:53	MAT.22.46	2
11:53	MAT.26.59	2
11:53	MRK.3.6	2
11:53	MRK.14.1	2
11:53	JHN.11.47	2
11:53	JHN.12.10	2
11:54	JHN.7.1	5
11:54	2CH.13.19	3
11:54	JHN.7.4	3
11:54	2SA.13.23	2
11:54	JHN.4.1-JHN.4.3	2
11:54	JHN.7.10	2
11:54	JHN.7.13	2
11:54	JHN.10.40	2
11:54	JHN.18.20	2
11:55	2CH.30.17-2CH.30.20	6
11:55	HEB.9.13-HEB.9.14	4
11:55	GEN.35.2	3
11:55	EXO.19.10	3
11:55	JHN.2.13	3
11:55	JHN.6.4	3
11:55	JHN.12.1	3
11:55	EXO.12.11-EXO.12.14	2
11:55	EXO.19.14-EXO.19.15	2
11:55	NUM.9.6	2
11:55	1SA.16.5	2
11:55	EZR.3.1-EZR.3.6	2
11:55	NEH.8.1-NEH.8.12	2
11:55	JOB.1.5	2
11:55	PSA.26.6	2
11:55	MAT.26.1	2
11:55	MRK.14.1	2
11:55	JHN.2.6	2
11:55	JHN.5.1	2
11:55	JHN.7.8-JHN.7.10	2
11:55	JHN.13.1	2
11:55	JHN.18.28	2
11:55	ACT.24.18	2
11:55	1CO.11.28	2
11:55	JAS.4.8	2
11:56	JHN.7.11	5
11:56	JHN.11.7-JHN.11.8	2
11:57	PSA.109.4	3
11:57	JHN.5.16-JHN.5.18	2
11:57	JHN.8.59	2
11:57	JHN.9.22	2
11:57	JHN.10.39	2
12:1	MRK.14.3-MRK.14.8	6
12:1	LUK.24.50	4
12:1	JHN.11.1	4
12:1	MAT.21.17	3
12:1	JHN.11.55	3
12:1	MAT.26.6-MAT.26.11	2
12:1	MRK.11.11	2
12:1	JHN.11.44	2
12:1	JHN.12.20	2
12:2	LUK.22.27	6
12:2	REV.3.20	6
12:2	LUK.10.38-LUK.10.42	5
12:2	MRK.14.3	4
12:2	JHN.12.9-JHN.12.10	4
12:2	MAT.26.6	3
12:2	LUK.12.37	3
12:2	JHN.11.43-JHN.11.44	3
12:2	LUK.5.29	2
12:2	LUK.14.12	2
12:2	SNG.4.16-SNG.5.1	0
12:3	MRK.14.3-MRK.14.9	17
12:3	JHN.11.2	14
12:3	LUK.10.38-LUK.10.39	12
12:3	MAT.26.6-MAT.26.13	10
12:3	LUK.7.37-LUK.7.38	10
12:3	JHN.11.32	8
12:3	JHN.11.28	5
12:3	LUK.7.46	4
12:3	SNG.4.13-SNG.4.14	3
12:3	SNG.1.3	2
12:3	SNG.1.12	1
12:3	SNG.4.10	1
12:3	PSA.132.2	0
12:4	MAT.10.4	6
12:4	1SA.17.28-1SA.17.29	4
12:4	JHN.13.2	4
12:4	JHN.18.2-JHN.18.5	4
12:4	ECC.4.4	3
12:4	LUK.6.16	3
12:4	JHN.6.70-JHN.6.71	3
12:4	JHN.13.26	3
12:5	LUK.12.33	5
12:5	LUK.18.22	5
12:5	MAT.26.8-MAT.26.9	4
12:5	MRK.14.4-MRK.14.5	4
12:5	MAL.1.10-MAL.1.13	3
12:5	LUK.6.41	3
12:5	EXO.5.8	2
12:5	EXO.5.17	2
12:5	AMO.8.5	2
12:5	JHN.6.7	2
12:5	MAT.20.2	1
12:6	PSA.50.16-PSA.50.20	8
12:6	JHN.13.29	8
12:6	JAS.2.6	6
12:6	JAS.2.2	5
12:6	2KI.5.20-2KI.5.27	4
12:6	1CO.6.10	3
12:6	GAL.2.10	3
12:6	2KI.12.14-2KI.12.15	2
12:6	EZR.8.24-EZR.8.34	2
12:6	PSA.14.1	2
12:6	PRO.29.7	2
12:6	EZK.33.31	2
12:6	MAT.21.13	1
12:6	JHN.10.8-JHN.10.10	1
12:6	JHN.10.13	1
12:6	2CO.8.19-2CO.8.21	1
12:6	1TH.5.22	1
12:7	MAT.26.12	5
12:7	MRK.14.6	4
12:7	MAT.26.10	3
12:7	MAT.27.57-MAT.27.60	3
12:7	PSA.109.31	2
12:7	ZEC.3.2	2
12:7	MRK.15.42-MRK.15.47	2
12:7	LUK.23.50	2
12:7	JHN.19.38-JHN.19.42	2
12:8	DEU.15.11	15
12:8	MRK.14.7	11
12:8	MAT.26.11	8
12:8	JHN.12.35	8
12:8	JHN.13.33	7
12:8	JHN.8.21	6
12:8	JHN.16.5-JHN.16.7	5
12:8	ACT.1.9-ACT.1.11	5
12:8	SNG.5.6	3
12:9	ACT.4.14	4
12:9	JHN.11.43-JHN.11.45	2
12:9	ACT.3.10-ACT.3.11	2
12:10	LUK.16.31	6
12:10	GEN.4.4-GEN.4.10	5
12:10	MAT.2.16	5
12:10	JHN.11.47-JHN.11.53	5
12:10	EXO.10.3	4
12:10	JOB.15.25-JOB.15.26	4
12:10	JOB.40.8-JOB.40.9	4
12:10	ECC.9.3	4
12:10	DAN.5.21-DAN.5.23	4
12:10	MAT.2.3-MAT.2.8	4
12:10	JHN.11.57	4
12:11	JHN.11.45	6
12:11	JHN.12.18	4
12:11	ACT.13.45	4
12:11	JAS.3.14-JAS.3.16	4
12:11	JHN.7.31	2
12:11	JHN.11.48	2
12:11	JHN.15.18-JHN.15.25	2
12:12	MRK.11.7-MRK.11.10	6
12:12	MAT.21.4-MAT.21.9	5
12:12	LUK.19.35-LUK.19.38	5
12:12	JHN.11.55-JHN.11.56	2
12:13	PSA.118.25-PSA.118.26	18
12:13	REV.15.3	11
12:13	MAT.21.9-MAT.21.11	9
12:13	LUK.19.35-LUK.19.38	9
12:13	MRK.11.8-MRK.11.10	8
12:13	REV.7.9	8
12:13	PSA.72.17-PSA.72.19	7
12:13	HOS.3.5	7
12:13	MAT.23.39	7
12:13	JHN.1.49	7
12:13	ZEP.3.15	5
12:13	JHN.19.15	5
12:13	LEV.23.40	4
12:13	JHN.19.19-JHN.19.22	4
12:13	REV.19.16	4
12:13	ISA.44.6	3
12:13	JHN.12.15	3
12:14	ZEC.9.9	15
12:14	MAT.21.1-MAT.21.7	8
12:14	MRK.11.1-MRK.11.7	8
12:14	LUK.19.29-LUK.19.35	7
12:15	ZEC.9.9	57
12:15	ISA.62.11	6
12:15	ZEP.3.16-ZEP.3.17	3
12:15	ISA.35.4-ISA.35.5	2
12:15	2SA.16.2	1
12:15	ISA.40.9-ISA.40.10	0
12:15	ISA.41.14	0
12:15	ZEC.2.9-ZEC.2.11	0
12:16	JHN.2.22	11
12:16	JHN.14.26	8
12:16	JHN.7.39	6
12:16	JHN.12.23	4
12:16	ACT.2.36	4
12:16	LUK.9.45	3
12:16	LUK.18.34	3
12:16	LUK.24.6-LUK.24.8	3
12:16	LUK.24.25	3
12:16	LUK.24.45	3
12:16	JHN.16.4	3
12:16	ACT.2.33	3
12:16	ACT.3.13	3
12:16	HEB.8.1	3
12:16	HEB.12.2	3
12:16	MRK.9.32	2
12:16	MRK.16.19	2
12:16	JHN.13.31-JHN.13.32	2
12:16	JHN.17.5	2
12:17	1JN.5.9-1JN.5.12	4
12:17	REV.1.2	4
12:17	JHN.12.9	3
12:17	JHN.19.35	3
12:17	ACT.1.22	3
12:17	ACT.5.32	3
12:17	PSA.145.6-PSA.145.7	2
12:17	JHN.1.19	2
12:17	JHN.1.32	2
12:17	JHN.1.34	2
12:17	JHN.5.35-JHN.5.39	2
12:17	JHN.8.13-JHN.8.14	2
12:17	JHN.11.31	2
12:17	JHN.11.42	2
12:17	JHN.11.45-JHN.11.46	2
12:17	JHN.21.24	2
12:17	JHN.15.26-JHN.15.27	1
12:18	JHN.12.11	7
12:19	ACT.17.6	6
12:19	PSA.22.27	5
12:19	ACT.4.16-ACT.4.17	5
12:19	1JN.2.2	4
12:19	ISA.27.6	3
12:19	JHN.3.26	3
12:19	JHN.17.21	3
12:19	ACT.5.27-ACT.5.28	3
12:19	PSA.49.1	2
12:19	MAT.21.15	2
12:19	LUK.19.47-LUK.19.48	2
12:19	JHN.11.47-JHN.11.50	2
12:20	JHN.7.35	5
12:20	ISA.11.10	4
12:20	ACT.17.4	4
12:20	1KI.8.41-1KI.8.43	3
12:20	MRK.7.26	3
12:20	ACT.8.27	3
12:20	GAL.2.3	2
12:20	ISA.60.2-ISA.60.14	1
12:20	ACT.14.1	1
12:20	ACT.16.1	1
12:20	ACT.20.21	1
12:20	ACT.21.28	1
12:20	ROM.1.16	0
12:20	ROM.10.12	0
12:20	GAL.3.28	0
12:20	COL.3.11	0
12:21	MAT.2.2	8
12:21	LUK.19.2-LUK.19.4	6
12:21	JHN.6.40	4
12:21	JHN.14.8-JHN.14.9	4
12:21	MAT.11.21	3
12:21	MAT.15.22-MAT.15.28	3
12:21	JHN.1.36-JHN.1.39	3
12:21	JHN.1.43-JHN.1.47	3
12:21	MAT.8.9-MAT.8.12	2
12:21	JHN.6.5-JHN.6.7	2
12:21	ROM.15.8-ROM.15.12	2
12:21	MAT.12.19-MAT.12.21	1
12:22	MRK.10.13-MRK.10.14	3
12:22	LUK.9.49-LUK.9.50	3
12:22	JHN.1.40-JHN.1.41	3
12:22	JHN.6.8	2
12:22	MAT.10.5	1
12:23	JHN.13.31-JHN.13.32	8
12:23	JHN.17.1-JHN.17.5	7
12:23	MRK.14.41	5
12:23	ISA.49.5-ISA.49.6	4
12:23	ISA.60.9	4
12:23	1PE.2.9-1PE.2.10	4
12:23	ISA.53.10-ISA.53.12	3
12:23	ISA.55.5	3
12:23	MAT.25.31	2
12:23	JHN.12.16	2
12:23	JHN.17.9-JHN.17.10	2
12:24	1CO.15.36-1CO.15.38	75
12:24	HEB.2.9-HEB.2.10	26
12:24	ISA.53.10-ISA.53.12	25
12:24	JHN.12.32-JHN.12.33	24
12:24	PSA.72.16	13
12:24	REV.7.9-REV.7.17	13
12:24	PSA.22.22-PSA.22.31	8
12:24	PSA.22.15	2
12:25	MAT.10.39	36
12:25	LUK.9.23-LUK.9.24	29
12:25	MRK.8.35	28
12:25	LUK.17.33	26
12:25	MAT.16.25	24
12:25	LUK.14.26	19
12:25	MAT.19.29	14
12:25	ACT.20.24	14
12:25	REV.12.11	14
12:25	ECC.2.17	5
12:25	ACT.21.13	4
12:26	COL.3.24	21
12:26	1SA.2.30	18
12:26	GAL.1.10	18
12:26	JHN.10.27	11
12:26	JHN.17.24	11
12:26	ROM.1.1	10
12:26	1JN.5.3	10
12:26	PSA.91.15	9
12:26	1TH.4.17-1TH.4.18	9
12:26	2CO.5.8	8
12:26	PRO.27.18	7
12:26	ROM.14.18	7
12:26	JUD.1.1	7
12:26	NUM.14.24	6
12:26	MAT.25.21	6
12:26	LUK.6.46	6
12:26	JHN.14.3	6
12:26	JHN.15.20	6
12:26	2CO.4.5	6
12:26	EPH.5.1-EPH.5.2	6
12:26	2PE.1.1	6
12:26	PHP.1.23	5
12:26	PSA.17.15	4
12:26	LUK.9.23	4
12:26	JHN.13.16	4
12:26	NUM.32.11	3
12:26	MAT.16.24	3
12:26	MRK.8.34	3
12:26	JHN.14.15	3
12:26	JHN.14.21-JHN.14.23	3
12:26	JHN.21.22	3
12:26	COL.4.12	3
12:26	REV.14.4	3
12:27	JHN.12.23	8
12:27	ISA.38.15	6
12:27	HEB.5.7	6
12:27	PSA.88.3	5
12:27	MAT.26.38-MAT.26.39	5
12:27	MAT.26.42	5
12:27	MRK.14.33-MRK.14.36	5
12:27	JHN.13.21	5
12:27	PSA.69.1-PSA.69.3	4
12:27	ISA.53.3	4
12:27	LUK.22.44	4
12:27	LUK.22.53	4
12:27	HEB.2.14	4
12:27	MAT.26.53-MAT.26.54	3
12:27	JHN.18.37	3
12:27	HEB.10.5-HEB.10.9	3
12:27	LUK.12.49-LUK.12.50	2
12:27	MAT.11.25	1
12:27	JHN.11.33-JHN.11.35	1
12:27	JHN.11.41	1
12:27	1TI.1.15	1
12:28	JHN.13.31-JHN.13.32	9
12:28	MAT.26.42	8
12:28	JHN.11.40-JHN.11.44	7
12:28	REV.5.9-REV.5.14	7
12:28	ISA.49.3-ISA.49.7	4
12:28	MAT.3.17	4
12:28	MAT.17.5	4
12:28	PHP.1.6-PHP.1.11	4
12:28	MRK.1.11	3
12:28	MRK.9.7	3
12:28	MRK.14.36	3
12:28	LUK.3.22	3
12:28	LUK.9.35	3
12:28	JHN.9.3	3
12:28	JHN.11.4	3
12:28	JHN.18.11	3
12:28	EPH.2.7	3
12:28	EPH.3.10	3
12:28	EPH.3.21	3
12:28	2PE.1.17	3
12:29	JOB.37.2-JOB.37.5	6
12:29	REV.6.1	4
12:29	REV.14.2	4
12:29	EXO.19.16	3
12:29	EXO.20.18	3
12:29	JOB.40.9	3
12:29	EZK.10.5	3
12:29	ACT.23.8-ACT.23.9	2
12:29	REV.8.5	2
12:29	REV.11.19	2
12:29	REV.18.1-REV.18.2	2
12:30	JHN.11.42	6
12:30	JHN.11.15	2
12:30	2CO.8.9	2
12:30	JHN.5.34	1
12:31	2CO.4.4	22
12:31	1JN.3.8	15
12:31	1JN.5.19	15
12:31	JHN.14.30	14
12:31	EPH.6.12	13
12:31	COL.2.15	12
12:31	HEB.2.14	12
12:31	REV.20.2-REV.20.3	11
12:31	JHN.16.8-JHN.16.11	10
12:31	1JN.4.4	9
12:31	REV.12.9-REV.12.11	9
12:31	EPH.2.1-EPH.2.2	7
12:31	MAT.12.28	5
12:31	GEN.3.15	4
12:31	LUK.10.17-LUK.10.19	3
12:31	ACT.26.18	3
12:31	ISA.49.24	2
12:31	JHN.5.22-JHN.5.27	2
12:32	JHN.3.14	32
12:32	JHN.8.28	31
12:32	1PE.2.24	17
12:32	1JN.2.2	15
12:32	JHN.1.7	14
12:32	JHN.6.44	12
12:32	GAL.3.13	12
12:32	1TI.2.6	12
12:32	HEB.2.9	12
12:32	HOS.11.4	9
12:32	ROM.5.17-ROM.5.19	9
12:32	1PE.3.18	8
12:32	REV.5.9	8
12:32	DEU.21.22-DEU.21.23	7
12:32	ISA.49.6	7
12:32	JHN.19.17	7
12:32	PSA.22.16-PSA.22.18	6
12:32	JHN.12.34	4
12:32	2SA.18.9	3
12:32	SNG.1.4	3
12:33	JHN.18.32	7
12:33	JHN.21.19	5
12:34	EZK.37.24-EZK.37.25	21
12:34	ISA.9.7	19
12:34	DAN.7.14	15
12:34	PSA.110.4	12
12:34	DAN.2.44	11
12:34	DAN.7.27	11
12:34	2SA.7.13	10
12:34	PSA.89.36-PSA.89.37	9
12:34	JHN.3.14-JHN.3.16	9
12:34	MIC.4.7	7
12:34	JHN.5.25-JHN.5.27	7
12:34	PSA.72.17-PSA.72.19	6
12:34	MAT.22.42-MAT.22.45	6
12:34	PSA.72.7	5
12:34	ROM.5.18	5
12:34	ISA.53.8	4
12:34	JHN.8.53-JHN.8.58	4
12:34	JHN.10.34	4
12:34	JHN.12.32	4
12:34	JHN.15.25	4
12:34	ROM.3.19	4
12:34	MAT.8.20	3
12:34	MAT.16.13	3
12:34	MAT.21.10	3
12:35	JHN.12.46	15
12:35	JHN.16.16	12
12:35	EPH.5.8	11
12:35	1JN.1.6-1JN.1.7	11
12:35	JHN.8.12	10
12:35	JHN.11.10	8
12:35	JER.13.16-JER.13.17	7
12:35	JHN.9.4-JHN.9.5	7
12:35	JHN.12.36	7
12:35	ISA.2.5	6
12:35	JHN.7.33	6
12:35	JHN.1.5-JHN.1.9	5
12:35	JHN.12.39-JHN.12.40	5
12:35	1TH.5.5-1TH.5.8	5
12:35	ISA.42.6-ISA.42.7	4
12:35	1JN.2.8-1JN.2.11	4
12:35	PSA.69.22-PSA.69.28	3
12:35	ROM.11.7-ROM.11.10	3
12:35	ROM.13.12-ROM.13.14	3
12:35	2CO.3.14	3
12:35	EPH.5.14-EPH.5.15	3
12:35	PRO.4.19	2
12:36	EPH.5.8	6
12:36	JHN.8.59	5
12:36	1TH.5.5	5
12:36	ISA.60.1	4
12:36	LUK.16.8	4
12:36	JHN.1.7	4
12:36	ACT.13.47-ACT.13.48	4
12:36	MAT.21.17	2
12:36	JHN.3.21	2
12:36	JHN.10.39-JHN.10.40	2
12:36	JHN.11.54	2
12:36	1TH.5.8	2
12:36	1JN.2.9-1JN.2.11	2
12:37	LUK.16.31	6
12:37	JHN.1.11	4
12:37	JHN.15.24	4
12:37	MAT.11.20	3
12:37	JHN.11.42	3
12:38	ISA.53.1	35
12:38	ROM.10.16	15
12:38	ROM.10.20	6
12:38	1CO.1.24	5
12:38	2CO.4.3-2CO.4.6	5
12:38	MAT.16.17	4
12:38	ACT.8.28-ACT.8.30	4
12:38	ACT.13.27-ACT.13.29	4
12:38	2CO.3.14-2CO.3.18	4
12:38	GAL.1.16	4
12:38	2CH.32.20	3
12:38	PSA.44.3	3
12:38	ISA.40.10-ISA.40.11	3
12:38	ISA.51.5	3
12:38	ISA.51.9	2
12:38	MAT.15.7	2
12:38	JHN.15.25	2
12:38	JHN.17.12	2
12:38	JHN.19.24	2
12:38	JHN.19.36-JHN.19.37	2
12:38	EPH.1.17-EPH.1.20	2
12:38	MAT.27.35	1
12:39	ISA.6.9-ISA.6.10	3
12:39	JHN.5.44	3
12:39	JHN.10.38	3
12:39	2PE.2.14	3
12:39	JHN.6.44	2
12:39	ISA.44.18-ISA.44.20	1
12:40	ISA.6.10	52
12:40	MAT.13.13-MAT.13.15	25
12:40	LUK.8.10	18
12:40	MRK.4.12	14
12:40	JOS.11.20	10
12:40	ISA.29.10	10
12:40	ISA.57.18-ISA.57.19	10
12:40	HOS.6.1	10
12:40	DEU.29.4	9
12:40	PSA.147.3	9
12:40	JER.3.22	9
12:40	EZK.12.2	9
12:40	HOS.14.4	9
12:40	MAT.15.14	9
12:40	MRK.8.17-MRK.8.18	9
12:40	LUK.4.18	9
12:40	JHN.9.39	9
12:40	ACT.3.19	9
12:40	ROM.11.7-ROM.11.11	9
12:40	PSA.6.2	8
12:40	PSA.41.4	8
12:40	ISA.42.19-ISA.42.20	8
12:40	JER.5.21	8
12:40	EZK.14.9	8
12:40	ACT.28.26	8
12:40	ROM.9.18	8
12:40	EXO.4.21	7
12:40	EXO.7.3	7
12:40	EXO.7.13	7
12:40	EXO.14.4	7
12:40	EXO.14.8	7
12:40	EXO.14.17	7
12:40	ISA.26.11	7
12:40	MRK.6.52	7
12:40	ACT.15.3	7
12:40	JAS.5.19-JAS.5.20	7
12:40	ISA.53.5	6
12:40	1KI.22.20	4
12:40	PSA.135.10-PSA.135.18	4
12:41	ISA.6.1-ISA.6.5	10
12:41	ISA.6.9-ISA.6.10	7
12:41	JHN.1.14	7
12:41	JHN.1.18	4
12:41	JHN.5.39	4
12:41	2CO.4.6	4
12:41	JHN.14.9	3
12:41	HEB.1.3	3
12:41	EXO.33.18-EXO.33.23	2
12:41	LUK.24.27	2
12:41	ACT.10.43	2
12:41	1PE.1.11	2
12:41	REV.19.10	2
12:42	ISA.51.7	9
12:42	JHN.7.13	9
12:42	JHN.9.22	8
12:42	PRO.29.25	6
12:42	MAT.10.32	6
12:42	ISA.66.5	5
12:42	JHN.19.38	5
12:42	JHN.9.34	4
12:42	JHN.11.45	4
12:42	JHN.12.11	4
12:42	JHN.16.2	4
12:42	ISA.57.11	3
12:42	MAT.26.69-MAT.26.75	3
12:42	LUK.6.22	3
12:42	LUK.12.8	3
12:42	JHN.3.2	3
12:42	JHN.7.48-JHN.7.51	3
12:42	ACT.5.41	3
12:42	1PE.4.12-1PE.4.16	3
12:42	1JN.4.2	3
12:42	1JN.4.15	3
12:42	ROM.10.10	2
12:43	JHN.5.44	32
12:43	MAT.23.5-MAT.23.7	20
12:43	JHN.5.41	17
12:43	LUK.16.15	15
12:43	2CO.10.18	13
12:43	1TH.2.6	12
12:43	LUK.19.17	8
12:43	1SA.2.30	7
12:43	MAT.6.2	7
12:43	JHN.12.26	7
12:43	1PE.1.7-1PE.1.8	7
12:43	PSA.22.29	6
12:43	JHN.8.54	6
12:43	ROM.2.7	6
12:43	1CO.4.5	6
12:43	1PE.3.4	6
12:44	MAT.10.40	13
12:44	JHN.5.24	9
12:44	JHN.13.20	8
12:44	MRK.9.37	7
12:44	JHN.7.28	5
12:44	PRO.8.1	4
12:44	1PE.1.21	4
12:44	ISA.55.1-ISA.55.3	3
12:44	JHN.11.43	3
12:44	PRO.1.20	2
12:45	JHN.14.9-JHN.14.10	12
12:45	2CO.4.6	9
12:45	COL.1.15	7
12:45	JHN.12.41	4
12:45	HEB.1.3	4
12:45	JHN.15.24	3
12:45	1JN.5.20	2
12:46	JHN.8.12	58
12:46	PSA.36.9	45
12:46	JHN.9.5	17
12:46	ISA.42.7	16
12:46	JHN.12.35-JHN.12.36	14
12:46	ACT.26.18	12
12:46	JHN.1.4-JHN.1.5	10
12:46	JHN.3.19	10
12:46	LUK.1.76-LUK.1.79	6
12:46	MAT.4.16	5
12:46	JHN.1.9	5
12:46	MAL.4.2	4
12:46	LUK.2.32	4
12:46	EPH.5.14	4
12:46	1JN.1.1-1JN.1.3	4
12:46	1JN.2.8-1JN.2.9	4
12:46	ISA.42.15	3
12:46	JHN.9.39	3
12:46	ISA.40.1	2
12:47	JHN.3.17	15
12:47	JHN.8.15-JHN.8.16	7
12:47	JHN.12.48	7
12:47	1TI.1.15-1TI.1.16	5
12:47	1JN.4.14	4
12:47	LUK.19.10	3
12:47	MAT.20.28	2
12:47	JHN.5.45	2
12:47	MAT.18.10	1
12:47	JHN.8.26	1
12:47	2PE.3.15	1
12:48	LUK.10.16	21
12:48	HEB.9.27-HEB.9.28	15
12:48	ROM.2.16	14
12:48	2TH.1.8	13
12:48	JHN.3.17-JHN.3.20	11
12:48	JHN.11.24	11
12:48	HEB.12.25	10
12:48	HEB.10.29-HEB.10.31	9
12:48	DEU.18.18-DEU.18.19	8
12:48	ISA.53.3	8
12:48	JHN.5.45	8
12:48	1SA.10.19	7
12:48	MAT.21.42	7
12:48	HEB.2.3	7
12:48	1SA.8.7	6
12:48	MAT.25.31	6
12:48	MRK.16.16	6
12:48	LUK.7.30	6
12:48	LUK.9.22	6
12:48	LUK.9.26	6
12:48	LUK.17.25	6
12:48	LUK.20.17	6
12:48	MRK.12.10	5
12:48	ACT.3.23	5
12:48	2CO.4.3	5
12:48	MRK.8.31	4
12:48	2CO.2.15-2CO.2.16	4
12:49	JHN.14.10	19
12:49	JHN.5.30	18
12:49	JHN.8.26	18
12:49	JHN.17.8	17
12:49	DEU.18.18	14
12:49	JHN.14.31	13
12:49	JHN.15.15	11
12:49	JHN.8.42	10
12:49	JHN.3.11	9
12:49	JHN.3.32	9
12:49	JHN.6.38-JHN.6.40	9
12:49	REV.1.1	7
12:50	JHN.17.3	6
12:50	JHN.6.68	5
12:50	JHN.6.63	4
12:50	1JN.5.20	4
12:50	JHN.20.31	2
12:50	1TI.1.16	2
12:50	1JN.2.25	2
12:50	1JN.3.23-1JN.3.24	2
12:50	1JN.5.11-1JN.5.13	2
13:1	JHN.12.23	11
13:1	1JN.4.19	10
13:1	JHN.13.34	8
13:1	JHN.13.3	7
13:1	JHN.16.28	7
13:1	JHN.18.4	5
13:1	REV.1.5	5
13:1	JHN.15.9-JHN.15.10	4
13:1	JHN.17.1	4
13:1	JHN.17.16	4
13:1	1CO.1.8	4
13:1	EPH.5.25-EPH.5.26	4
13:1	MAT.26.45	3
13:1	JHN.17.5	3
13:1	HEB.3.14	3
13:1	HEB.6.11	3
13:1	1PE.1.13	3
13:1	JER.31.3	2
13:1	MAT.26.2-MAT.26.5	2
13:1	MAT.28.20	2
13:1	MRK.14.1-MRK.14.2	2
13:1	LUK.9.51	2
13:1	LUK.13.32-LUK.13.33	2
13:1	LUK.22.1-LUK.22.2	2
13:1	LUK.22.53	2
13:1	JHN.6.4	2
13:1	JHN.7.6	2
13:1	JHN.7.30	2
13:1	JHN.11.9-JHN.11.10	2
13:1	JHN.11.55	2
13:1	JHN.14.28	2
13:1	JHN.15.13-JHN.15.14	2
13:1	JHN.16.5-JHN.16.7	2
13:1	JHN.17.9-JHN.17.11	2
13:1	JHN.17.13-JHN.17.14	2
13:1	JHN.17.26	2
13:1	ROM.8.37	2
13:1	HEB.3.6	2
13:1	JHN.8.20	1
13:2	JAS.1.13-JAS.1.17	6
13:2	ACT.5.3	4
13:2	LUK.22.3	3
13:2	LUK.22.31	3
13:2	JHN.6.70-JHN.6.71	3
13:2	JHN.13.26-JHN.13.27	3
13:2	2CO.8.16	2
13:2	EPH.2.3	2
13:2	REV.17.17	2
13:2	EZR.7.27	1
13:2	NEH.2.12	1
13:2	JHN.13.4	0
13:3	JHN.3.35	15
13:3	MAT.11.27	10
13:3	HEB.1.2	9
13:3	MAT.28.18	7
13:3	JHN.8.42	6
13:3	JHN.17.2	6
13:3	JHN.16.27-JHN.16.28	5
13:3	1CO.15.27	5
13:3	EPH.1.21-EPH.1.22	5
13:3	PHP.2.9-PHP.2.11	5
13:3	HEB.2.8-HEB.2.9	4
13:3	JHN.7.33	3
13:3	JHN.13.1	3
13:3	LUK.10.22	2
13:3	JHN.1.18	2
13:3	JHN.3.13	2
13:3	JHN.5.22-JHN.5.27	2
13:3	JHN.7.29	2
13:3	JHN.17.5-JHN.17.8	2
13:3	JHN.17.11-JHN.17.13	2
13:3	ACT.2.36	2
13:4	2CO.8.9	8
13:4	LUK.22.27	7
13:4	LUK.12.37	6
13:4	PHP.2.6-PHP.2.8	6
13:4	LUK.17.7	3
13:5	LUK.7.44	10
13:5	PSA.51.2	8
13:5	1TI.5.10	8
13:5	GEN.18.4	7
13:5	GEN.19.2	7
13:5	LEV.14.8	4
13:5	1SA.25.41	4
13:5	2KI.3.11	4
13:5	ACT.22.16	4
13:5	1CO.6.11	4
13:5	EPH.5.26	4
13:5	TIT.3.3-TIT.3.5	4
13:5	HEB.10.22	4
13:5	REV.7.14	4
13:5	2KI.5.10-2KI.5.13	3
13:5	EZK.36.25	3
13:5	ZEC.13.1	3
13:5	LUK.7.38	3
13:5	JHN.13.12-JHN.13.14	3
13:5	JHN.19.34	3
13:5	1JN.1.7	3
13:5	1JN.5.6	3
13:5	EXO.29.4	2
13:5	ISA.1.16	2
13:5	REV.1.5	2
13:5	JHN.13.8	1
13:5	JHN.13.10	1
13:6	MAT.3.11-MAT.3.14	2
13:6	JHN.1.27	2
13:6	LUK.5.8	1
13:7	DAN.12.8	17
13:7	JHN.12.16	15
13:7	JHN.14.26	13
13:7	JAS.5.7-JAS.5.11	11
13:7	JHN.13.10-JHN.13.12	8
13:7	DAN.12.12	6
13:7	HAB.2.1-HAB.2.3	6
13:7	JHN.13.36	6
13:7	JER.32.24-JER.32.25	3
13:7	JER.32.43	2
13:8	EZK.36.25	10
13:8	ACT.22.16	10
13:8	TIT.3.5	10
13:8	EPH.5.26	9
13:8	1CO.6.11	8
13:8	HEB.10.22	8
13:8	REV.7.14	6
13:8	MAT.26.33	5
13:8	JHN.3.5	5
13:8	COL.2.23	5
13:8	REV.1.5	5
13:8	ZEC.13.1	4
13:8	MAT.21.29	4
13:8	COL.2.18	4
13:8	HEB.9.22-HEB.9.23	4
13:8	ISA.4.4	3
13:8	EZK.16.4-EZK.16.9	3
13:8	MAT.16.22	3
13:8	MAT.26.35	3
13:8	JHN.13.6	3
13:8	HEB.10.4-HEB.10.10	3
13:8	GEN.42.38	2
13:9	PSA.51.2	6
13:9	PSA.51.7	6
13:9	PSA.26.6	4
13:9	1PE.3.21	4
13:9	HEB.10.22	3
13:9	JER.4.14	2
13:9	MAT.27.24	2
13:10	JHN.15.3	10
13:10	2CO.7.1	8
13:10	2CO.5.17	7
13:10	NUM.19.19-NUM.19.21	5
13:10	EPH.5.26-EPH.5.27	4
13:10	LEV.17.15-LEV.17.16	3
13:10	NUM.19.12-NUM.19.13	3
13:10	LEV.16.26	2
13:10	LEV.16.28	2
13:10	NUM.19.7-NUM.19.8	2
13:10	ROM.7.20-ROM.7.23	2
13:10	2CO.5.21	2
13:10	EPH.4.22-EPH.4.24	2
13:10	1TH.5.23	2
13:10	HEB.9.10	1
13:10	JAS.3.2	1
13:10	1JN.1.7-1JN.1.10	1
13:10	ECC.7.20	0
13:10	SNG.4.7	0
13:10	JER.50.20	0
13:10	MAT.6.12	0
13:11	JHN.13.18	5
13:11	JHN.13.26	5
13:11	JHN.13.2	4
13:11	JHN.13.21	4
13:11	MAT.26.24-MAT.26.25	3
13:11	JHN.2.25	3
13:11	JHN.6.64-JHN.6.71	3
13:11	JHN.17.12	1
13:12	JHN.13.7	4
13:12	EZK.24.24	3
13:12	JHN.13.4	3
13:12	EZK.24.19	1
13:12	MAT.13.51	1
13:12	MRK.4.13	0
13:13	LUK.6.46	8
13:13	1CO.12.3	6
13:13	PHP.2.11	6
13:13	JHN.11.28	5
13:13	ROM.14.8-ROM.14.9	3
13:13	1CO.8.6	3
13:13	MAT.23.8-MAT.23.10	2
13:13	PHP.3.8	2
13:13	JAS.2.19	2
13:13	MAT.7.21-MAT.7.22	1
13:13	LUK.7.43	1
13:13	LUK.10.28	1
13:13	JER.1.12	0
13:13	2PE.1.14-2PE.1.16	0
13:14	1PE.5.5	22
13:14	ACT.20.35	20
13:14	ROM.12.16	18
13:14	GAL.5.13	16
13:14	LUK.22.26-LUK.22.27	15
13:14	MRK.10.43-MRK.10.45	14
13:14	1PE.4.1	14
13:14	HEB.5.8-HEB.5.9	12
13:14	MAT.20.26-MAT.20.28	11
13:14	1CO.8.13	10
13:14	PHP.2.2-PHP.2.8	10
13:14	ROM.15.1-ROM.15.3	9
13:14	2CO.8.9	9
13:14	GAL.6.1-GAL.6.2	9
13:14	1CO.9.19-1CO.9.22	8
13:14	2CO.10.1	8
13:14	HEB.12.2	8
13:14	ROM.12.10	5
13:15	1JN.2.6	11
13:15	MAT.11.29	10
13:15	1PE.2.21	7
13:15	1PE.3.17-1PE.3.18	7
13:15	EPH.5.2	4
13:15	ROM.15.5	3
13:16	LUK.6.40	13
13:16	JHN.15.20	13
13:16	MAT.10.24-MAT.10.25	9
13:16	JHN.3.5	8
13:16	JHN.3.3	3
13:17	LUK.11.28	15
13:17	JAS.4.17	13
13:17	JAS.1.25	11
13:17	MAT.7.24-MAT.7.25	8
13:17	EXO.40.16	7
13:17	EZK.36.27	7
13:17	LUK.12.47-LUK.12.48	7
13:17	PSA.19.11	6
13:17	REV.22.14	6
13:17	PSA.119.1-PSA.119.5	5
13:17	HEB.11.7-HEB.11.8	5
13:17	JAS.2.20-JAS.2.24	5
13:17	GEN.6.22	4
13:17	MAT.12.50	4
13:17	GAL.5.6	4
13:17	JHN.15.14	3
13:17	MAT.22.38-MAT.22.41	2
13:17	2CO.5.14-2CO.5.15	2
13:18	PSA.41.9	66
13:18	MAT.26.23	12
13:18	JHN.17.12	11
13:18	MRK.14.20	7
13:18	JHN.13.26	5
13:18	JHN.13.10-JHN.13.11	4
13:18	JHN.6.70	3
13:18	JHN.15.19	2
13:18	MAT.10.36	1
13:18	JHN.15.16	1
13:18	HEB.4.13	1
13:18	JHN.21.17	0
13:18	REV.2.23	0
13:19	ISA.43.10	10
13:19	JHN.14.29	8
13:19	JHN.16.4	6
13:19	REV.1.17-REV.1.18	6
13:19	ISA.48.5	4
13:19	MAT.24.25	4
13:19	JHN.8.23-JHN.8.24	4
13:19	MAL.3.1	3
13:19	MAT.11.3	3
13:19	JHN.8.58	3
13:19	LUK.21.13	2
13:19	JHN.1.15	2
13:19	ISA.41.23	1
13:20	LUK.10.16	16
13:20	LUK.9.48	12
13:20	MAT.25.40	10
13:20	MRK.9.37	10
13:20	MAT.10.40-MAT.10.42	8
13:20	GAL.4.14	6
13:20	JHN.12.44-JHN.12.48	5
13:20	COL.2.6	3
13:20	1TH.4.8	2
13:21	MAT.26.21	7
13:21	JHN.13.18	7
13:21	MRK.14.18	6
13:21	LUK.22.21-LUK.22.22	4
13:21	JHN.12.27	4
13:21	ACT.1.16-ACT.1.17	4
13:21	2CO.2.12-2CO.2.13	4
13:21	MAT.26.38	3
13:21	JHN.13.2	3
13:21	MRK.3.5	2
13:21	JHN.11.33	2
13:21	JHN.11.35	2
13:21	JHN.11.38	2
13:21	ACT.17.16	2
13:21	ROM.9.2-ROM.9.3	2
13:21	1JN.2.19	2
13:22	LUK.22.23	4
13:22	MAT.26.22	3
13:22	MRK.14.19	3
13:22	GEN.42.1	2
13:23	JHN.19.26	10
13:23	JHN.20.2	9
13:23	JHN.21.7	9
13:23	JHN.21.20	9
13:23	REV.1.16-REV.1.18	5
13:23	2SA.12.3	4
13:23	JHN.13.25	3
13:23	JHN.21.24	3
13:23	JHN.1.18	2
13:23	JHN.11.3	2
13:23	JHN.11.5	2
13:23	JHN.11.36	2
13:24	ACT.13.16	3
13:24	LUK.1.22	2
13:24	LUK.5.7	2
13:24	ACT.12.17	2
13:24	ACT.21.40	2
13:25	JHN.21.20	4
13:25	GEN.44.4-GEN.44.12	2
13:25	EST.7.5	2
13:26	MAT.26.23	5
13:26	MRK.14.19-MRK.14.20	4
13:26	LUK.22.21	4
13:26	JHN.13.30	4
13:26	JHN.6.70-JHN.6.71	3
13:26	JHN.12.4-JHN.12.6	2
13:27	LUK.22.3	7
13:27	JHN.13.2	5
13:27	PRO.1.16	3
13:27	ECC.9.3	3
13:27	MAT.12.45	3
13:27	ACT.5.3	3
13:27	JAS.1.13-JAS.1.15	3
13:27	JER.2.24-JER.2.25	2
13:27	DAN.2.15	2
13:27	1KI.18.27	1
13:27	PSA.109.6	1
13:27	MRK.6.25	1
13:27	LUK.8.32-LUK.8.33	0
13:29	JHN.12.5-JHN.12.6	3
13:29	ACT.20.34-ACT.20.35	3
13:29	EPH.4.28	3
13:29	JHN.13.1	2
13:29	GAL.2.10	2
13:30	ISA.59.7	5
13:30	PRO.4.16	4
13:30	ROM.3.15	3
13:30	JOB.24.13-JOB.24.15	2
13:30	LUK.22.53	2
13:31	1PE.4.11	7
13:31	JHN.14.13	6
13:31	JHN.7.39	5
13:31	JHN.16.14	5
13:31	1PE.1.21	5
13:31	JHN.11.4	4
13:31	JHN.12.23	4
13:31	ACT.2.36	4
13:31	ACT.3.13	4
13:31	ROM.15.6-ROM.15.9	4
13:31	EPH.1.5-EPH.1.8	4
13:31	EPH.3.10	4
13:31	HEB.5.5-HEB.5.9	4
13:31	LUK.12.50	3
13:31	JHN.12.28	3
13:31	JHN.17.1-JHN.17.6	3
13:31	2CO.3.18	3
13:31	2CO.4.4-2CO.4.6	3
13:31	EPH.1.12	3
13:31	EPH.2.7	3
13:31	PHP.2.11	3
13:31	COL.2.14-COL.2.15	3
13:31	REV.5.9-REV.5.14	3
13:31	ISA.49.3-ISA.49.6	2
13:31	LUK.2.10-LUK.2.14	2
13:32	REV.22.1	4
13:32	REV.22.3	4
13:32	ISA.53.10-ISA.53.12	3
13:32	JHN.12.23	3
13:32	JHN.17.1	3
13:32	JHN.17.4-JHN.17.6	3
13:32	JHN.17.21-JHN.17.24	2
13:32	HEB.1.2-HEB.1.3	2
13:32	1PE.3.22	2
13:32	REV.3.21	2
13:32	REV.21.22-REV.21.23	2
13:32	REV.22.13	2
13:33	JHN.7.33-JHN.7.34	4
13:33	JHN.8.21-JHN.8.24	3
13:33	JHN.16.16-JHN.16.22	3
13:33	1JN.2.1	3
13:33	JHN.12.35-JHN.12.36	2
13:33	JHN.14.4-JHN.14.6	2
13:33	JHN.14.19	2
13:33	GAL.4.19	1
13:33	1JN.4.4	1
13:33	1JN.5.21	1
13:34	EPH.5.2	89
13:34	LEV.19.18	75
13:34	JHN.15.17	71
13:34	1PE.1.22	63
13:34	1JN.3.23	48
13:34	1CO.12.26-1CO.12.27	47
13:34	GAL.6.2	47
13:34	1JN.4.21-1JN.5.1	41
13:34	JAS.2.8	37
13:34	COL.3.12-COL.3.13	33
13:34	1JN.4.7-1JN.4.11	31
13:34	1JN.2.7-1JN.2.10	30
13:34	1TH.3.12	29
13:34	JHN.15.12-JHN.15.13	28
13:34	ROM.12.10	28
13:34	GAL.5.13-GAL.5.14	23
13:34	GAL.6.10	23
13:34	1JN.3.14-1JN.3.18	23
13:34	1CO.13.4-1CO.13.7	22
13:34	2JN.1.5	22
13:34	LEV.19.34	20
13:34	1JN.3.11	20
13:34	HEB.13.1	19
13:34	1PE.3.8-1PE.3.9	19
13:34	PHP.2.1-PHP.2.5	18
13:34	1TH.4.9-1TH.4.10	18
13:34	2TH.1.3	18
13:34	GAL.5.22	17
13:34	GAL.5.6	15
13:34	COL.1.4	15
13:34	2PE.1.7	15
13:34	JHN.17.21	10
13:34	PSA.16.3	8
13:34	PSA.119.63	8
13:35	1JN.4.20-1JN.4.21	57
13:35	1JN.2.10	34
13:35	1JN.3.10-1JN.3.14	32
13:35	JHN.17.21	25
13:35	1JN.2.5	22
13:35	ACT.4.32-ACT.4.35	12
13:35	GEN.13.7-GEN.13.8	7
13:35	ACT.5.12-ACT.5.14	1
13:36	JHN.21.21-JHN.21.22	5
13:36	2PE.1.14	5
13:36	JHN.13.33	4
13:36	JHN.14.2	3
13:36	JHN.21.18-JHN.21.19	3
13:36	JHN.14.4-JHN.14.5	2
13:36	JHN.16.17	2
13:37	ACT.20.24	4
13:37	ACT.21.13	4
13:37	MRK.14.27-MRK.14.31	3
13:37	JHN.21.15	3
13:37	MAT.26.31-MAT.26.35	2
13:37	LUK.22.31-LUK.22.34	2
13:38	LUK.22.34	12
13:38	MAT.26.34	11
13:38	MRK.14.30	10
13:38	PRO.16.18	2
13:38	MAT.26.69-MAT.26.75	1
13:38	LUK.22.56-LUK.22.62	1
13:38	PRO.28.26	0
14:1	ISA.26.3	141
14:1	JHN.16.22-JHN.16.23	87
14:1	ISA.12.2-ISA.12.3	74
14:1	JHN.14.27-JHN.14.28	67
14:1	2CO.12.9-2CO.12.10	67
14:1	PSA.42.5-PSA.42.6	51
14:1	JHN.6.40	51
14:1	JHN.12.44	49
14:1	PSA.43.5	34
14:1	1PE.1.21	30
14:1	ISA.43.1-ISA.43.2	24
14:1	EPH.3.14-EPH.3.17	24
14:1	HEB.12.12-HEB.12.13	24
14:1	JHN.13.19	22
14:1	1JN.5.10-1JN.5.12	22
14:1	1TH.3.3-1TH.3.4	20
14:1	JHN.11.25-JHN.11.27	17
14:1	2CO.4.8-2CO.4.10	17
14:1	JHN.12.27	16
14:1	1JN.2.23-1JN.2.24	15
14:1	EPH.1.15	14
14:1	JHN.5.23	13
14:1	PSA.42.8-PSA.42.11	12
14:1	JHN.11.33	12
14:1	EPH.1.12-EPH.1.13	12
14:1	2TH.2.2	12
14:1	2CO.2.7	11
14:1	JER.8.18	10
14:1	JOB.23.15-JOB.23.16	9
14:1	ACT.3.15-ACT.3.16	9
14:1	JOB.21.4-JOB.21.6	8
14:1	PSA.77.2-PSA.77.3	8
14:1	PSA.77.10	8
14:1	JHN.16.3	8
14:1	JHN.16.6	5
14:1	LAM.3.17-LAM.3.23	4
14:2	2CO.5.1	41
14:2	JHN.13.36	32
14:2	HEB.13.14	30
14:2	REV.21.2	24
14:2	HEB.11.10	20
14:2	REV.3.12	20
14:2	HEB.11.14-HEB.11.16	18
14:2	JHN.12.25-JHN.12.26	13
14:2	JHN.17.24	13
14:2	JHN.13.33	11
14:2	HEB.6.20	10
14:2	JHN.16.4	9
14:2	HEB.9.8	7
14:2	1TH.3.3-1TH.3.4	6
14:2	2TH.1.4-2TH.1.10	6
14:2	TIT.1.2	6
14:2	HEB.9.23-HEB.9.26	6
14:2	REV.1.5	6
14:2	REV.3.21	6
14:2	1TH.5.9	5
14:2	LUK.14.26-LUK.14.33	4
14:2	ACT.9.16	4
14:2	REV.21.10-REV.21.27	4
14:3	1TH.4.16-1TH.4.17	47
14:3	JHN.12.26	32
14:3	2TI.2.12	31
14:3	ACT.1.11	24
14:3	HEB.9.28	21
14:3	JHN.14.18-JHN.14.23	16
14:3	JHN.14.28	15
14:3	JHN.17.24	15
14:3	ROM.8.17	15
14:3	2CO.5.6-2CO.5.8	12
14:3	MAT.25.32-MAT.25.34	11
14:3	PHP.1.23	11
14:3	2TH.1.12-2TH.2.1	11
14:3	1JN.3.2-1JN.3.3	8
14:3	REV.3.21	8
14:3	REV.21.22-REV.21.23	8
14:3	REV.22.3-REV.22.5	8
14:3	ACT.7.59-ACT.7.60	6
14:4	JHN.10.9	9
14:4	JHN.16.28	5
14:4	LUK.24.26	4
14:4	JHN.3.16-JHN.3.17	4
14:4	JHN.3.36	4
14:4	JHN.6.40	4
14:4	JHN.6.68-JHN.6.69	4
14:4	JHN.12.26	4
14:4	JHN.13.3	4
14:4	JHN.14.2	4
14:4	JHN.14.28	3
14:5	MRK.9.19	5
14:5	JHN.11.16	5
14:5	JHN.20.25-JHN.20.28	4
14:5	MRK.8.17-MRK.8.18	3
14:5	LUK.24.25	3
14:5	JHN.15.12	3
14:5	HEB.5.11-HEB.5.12	2
14:6	ACT.4.12	412
14:6	JHN.10.9	381
14:6	EPH.2.18	276
14:6	JHN.11.25-JHN.11.26	230
14:6	JHN.1.4	213
14:6	1JN.5.20	164
14:6	JHN.1.14	157
14:6	1JN.5.11-1JN.5.12	154
14:6	ISA.35.8-ISA.35.9	142
14:6	JHN.1.17	123
14:6	JHN.8.32	114
14:6	HEB.7.25	114
14:6	1PE.3.18	106
14:6	JHN.5.21	91
14:6	2JN.1.9	89
14:6	REV.20.15	86
14:6	MAT.11.27	84
14:6	JHN.15.1	83
14:6	JHN.5.25-JHN.5.29	81
14:6	JHN.6.51	80
14:6	JHN.8.51	77
14:6	JHN.17.2-JHN.17.3	74
14:6	REV.22.17	74
14:6	JHN.10.28	69
14:6	1JN.2.23	69
14:6	JHN.6.33	66
14:6	HEB.10.19-HEB.10.22	65
14:6	JHN.18.37	63
14:6	JHN.14.19	60
14:6	JHN.6.57	59
14:6	JHN.10.7	58
14:6	1PE.2.4	56
14:6	ROM.5.2	52
14:6	1CO.15.45	52
14:6	COL.3.4	52
14:6	JHN.6.68	50
14:6	ROM.5.21	49
14:6	1JN.1.8	49
14:6	2CO.1.19-2CO.1.20	46
14:6	1JN.1.1-1JN.1.2	45
14:6	REV.1.5	45
14:6	REV.13.7-REV.13.8	44
14:6	REV.19.11	44
14:6	1PE.1.21	43
14:6	REV.7.9-REV.7.17	42
14:6	ACT.3.15	41
14:6	COL.2.9	41
14:6	COL.2.17	41
14:6	1JN.5.6	41
14:6	REV.3.7	40
14:6	REV.5.8-REV.5.9	39
14:6	ROM.15.8-ROM.15.9	38
14:6	REV.3.14	37
14:6	REV.22.1	36
14:6	ROM.15.16	35
14:6	HEB.9.8	35
14:7	COL.1.15-COL.1.17	23
14:7	JHN.8.19	16
14:7	LUK.10.22	13
14:7	JHN.17.8	11
14:7	JHN.17.6	8
14:7	JHN.14.9-JHN.14.10	7
14:7	JHN.14.16-JHN.14.20	7
14:7	JHN.16.3	7
14:7	JHN.17.21	7
14:7	JHN.17.23	7
14:7	JHN.17.26	7
14:7	2CO.4.6	7
14:7	COL.2.2-COL.2.3	7
14:7	1JN.2.13	7
14:7	MAT.11.27	6
14:7	JHN.1.18	6
14:7	JHN.6.46	6
14:7	JHN.15.24	6
14:7	JHN.16.13-JHN.16.16	6
14:7	HEB.1.3	6
14:7	JHN.17.3	5
14:8	EXO.33.18-EXO.33.23	15
14:8	REV.22.3-REV.22.5	11
14:8	JHN.1.43-JHN.1.46	7
14:8	PSA.17.15	6
14:8	JHN.16.25	6
14:8	JHN.6.5-JHN.6.7	5
14:8	JOB.33.26	3
14:8	MAT.5.8	3
14:8	JHN.12.21-JHN.12.22	3
14:8	EXO.34.5-EXO.34.7	2
14:8	PSA.63.2	0
14:9	COL.1.15	52
14:9	JHN.12.45	50
14:9	JHN.14.7	39
14:9	HEB.1.3	38
14:9	JHN.10.30	37
14:9	JHN.1.14	23
14:9	PHP.2.6	19
14:9	JHN.14.20	18
14:9	MRK.9.19	4
14:10	JHN.5.19	23
14:10	JHN.10.38	19
14:10	ACT.10.38	14
14:10	JHN.8.28	13
14:10	JHN.10.30	13
14:10	JHN.12.49	12
14:10	JHN.6.38-JHN.6.40	11
14:10	COL.2.9	11
14:10	JHN.5.17	9
14:10	JHN.17.8	9
14:10	JHN.17.21-JHN.17.23	8
14:10	2CO.5.19	8
14:10	JHN.1.1-JHN.1.3	7
14:10	JHN.14.20	7
14:10	JHN.3.32-JHN.3.34	6
14:10	JHN.7.16	6
14:10	JHN.7.28-JHN.7.29	6
14:10	JHN.8.38	6
14:10	COL.1.19	5
14:10	1JN.5.7	5
14:10	JHN.11.26	4
14:10	JHN.8.40	3
14:10	PSA.68.16-PSA.68.18	2
14:11	JHN.10.25	13
14:11	JHN.10.38	13
14:11	JHN.5.36	12
14:11	JHN.14.10	9
14:11	ACT.2.22	6
14:11	HEB.2.4	6
14:11	MAT.11.4-MAT.11.5	3
14:11	JHN.10.32	3
14:11	LUK.7.21-LUK.7.23	2
14:11	JHN.12.38-JHN.12.40	2
14:12	MAT.21.21	62
14:12	MRK.16.17	58
14:12	LUK.10.17-LUK.10.19	46
14:12	ACT.16.18	34
14:12	ACT.19.12	32
14:12	ACT.9.34	31
14:12	ACT.3.6-ACT.3.8	29
14:12	ACT.5.15	27
14:12	ACT.8.7	27
14:12	ACT.9.40	26
14:12	1CO.12.10-1CO.12.11	25
14:12	ACT.2.41	21
14:12	ACT.2.4-ACT.2.11	18
14:12	JHN.7.39	16
14:12	ACT.4.4	16
14:12	ACT.2.33	15
14:12	JHN.16.7	14
14:12	ROM.15.19	14
14:12	JHN.7.33	13
14:12	ACT.4.16	13
14:12	JHN.14.28	12
14:12	ACT.4.9-ACT.4.12	11
14:12	ACT.4.33	10
14:12	ACT.6.7	9
14:12	MRK.11.13	7
14:12	ACT.10.46	7
14:13	JHN.15.7	68
14:13	MRK.11.24	57
14:13	MAT.7.7	52
14:13	MAT.21.22	50
14:13	1JN.5.14	43
14:13	JHN.16.23	37
14:13	JHN.14.14	33
14:13	JHN.15.16	31
14:13	1JN.3.22	30
14:13	EPH.3.20-EPH.3.21	26
14:13	JAS.5.16	23
14:13	PHP.4.13	21
14:13	JHN.16.26	18
14:13	EPH.3.12	18
14:13	JAS.1.5	18
14:13	PHP.2.9-PHP.2.11	17
14:13	EPH.2.18	16
14:13	COL.3.17	16
14:13	JHN.10.30	15
14:13	JHN.7.37	13
14:13	LUK.11.9	12
14:13	HEB.7.25	12
14:13	JHN.12.44	11
14:13	JHN.14.6	11
14:13	1PE.2.5	11
14:13	2CO.12.8-2CO.12.10	9
14:13	EPH.3.14	9
14:13	HEB.4.15	9
14:13	JHN.4.14	8
14:13	JHN.5.19	8
14:13	HEB.13.15	8
14:13	JHN.4.10	7
14:13	JHN.16.7	7
14:13	JHN.13.31	6
14:13	JHN.17.4-JHN.17.5	6
14:15	1JN.2.3-1JN.2.5	423
14:15	1JN.5.2-1JN.5.3	327
14:15	JHN.14.21-JHN.14.24	273
14:15	2JN.1.6	245
14:15	JHN.15.10-JHN.15.14	211
14:15	1JN.4.19-1JN.4.20	200
14:15	2CO.5.14-2CO.5.15	137
14:15	1PE.1.8	107
14:15	GAL.5.6	101
14:15	MAT.25.34-MAT.25.40	100
14:15	MAT.10.37	96
14:15	JHN.8.42	86
14:15	JHN.21.15-JHN.21.17	85
14:15	1CO.16.22	82
14:15	EPH.6.24	79
14:15	2CO.8.8-2CO.8.9	77
14:15	EPH.3.16-EPH.3.18	75
14:15	PHP.3.7-PHP.3.11	74
14:15	PHP.1.20-PHP.1.23	64
14:16	JHN.14.26	63
14:16	JHN.15.26	54
14:16	JHN.16.7-JHN.16.15	40
14:16	ROM.15.13	32
14:16	ROM.8.26-ROM.8.27	28
14:16	GAL.5.22	25
14:16	ROM.14.17	24
14:16	ACT.9.31	21
14:16	1JN.2.1	21
14:16	JHN.4.14	20
14:16	EPH.1.13-EPH.1.14	19
14:16	MAT.28.20	17
14:16	JHN.17.9-JHN.17.11	17
14:16	ROM.5.5	17
14:16	PHP.2.1	17
14:16	ACT.13.52	16
14:16	JHN.16.26-JHN.16.27	15
14:16	JHN.14.18	14
14:16	JHN.17.15	14
14:16	ROM.8.15-ROM.8.16	14
14:16	JHN.14.14	13
14:16	ROM.8.34	13
14:16	HEB.7.25	13
14:16	JHN.16.22	12
14:16	JHN.17.20	12
14:16	COL.3.3-COL.3.4	10
14:16	2TH.2.16	10
14:17	EZK.36.27	40
14:17	JHN.16.13	28
14:17	1JN.2.27	25
14:17	JHN.15.26	23
14:17	1JN.4.6	23
14:17	1CO.2.14	21
14:17	1CO.3.16	20
14:17	2TI.1.14	18
14:17	ROM.8.13-ROM.8.14	16
14:17	1CO.6.19	16
14:17	JHN.14.16	15
14:17	JHN.14.23	13
14:17	ISA.57.15	12
14:17	1JN.3.24	11
14:17	1JN.4.4	11
14:17	1JN.4.12-1JN.4.13	11
14:17	ROM.8.9-ROM.8.11	9
14:17	2CO.13.5	9
14:17	GAL.4.6	9
14:17	EPH.2.22	8
14:17	EPH.3.17	8
14:17	COL.1.27	8
14:17	ISA.59.21	7
14:17	MAT.10.20	7
14:17	REV.2.17	7
14:17	PRO.14.10	5
14:17	1CO.14.15	4
14:17	2CO.6.16	3
14:17	1JN.5.7	3
14:18	PSA.23.4	30
14:18	JHN.14.3	30
14:18	MAT.18.20	19
14:18	JHN.14.16	19
14:18	JHN.14.27-JHN.14.28	19
14:18	MAT.28.20	15
14:18	JHN.16.33	11
14:18	HEB.2.18	10
14:18	PSA.101.2	9
14:18	HOS.6.3	8
14:18	ISA.43.1	7
14:18	ISA.51.12	7
14:18	HOS.14.3	7
14:18	2TH.2.16	7
14:18	ISA.66.11-ISA.66.13	6
14:18	2CO.1.2-2CO.1.6	6
14:18	LAM.5.3	4
14:19	JHN.16.16	12
14:19	JHN.6.56-JHN.6.58	11
14:19	JHN.7.33	11
14:19	HEB.7.25	11
14:19	COL.3.3-COL.3.4	9
14:19	JHN.11.25	8
14:19	JHN.16.22	7
14:19	1CO.15.45	7
14:19	2CO.4.10-2CO.4.12	7
14:19	ROM.5.10	6
14:19	ROM.8.34	6
14:19	1CO.15.20	6
14:19	JHN.8.21	5
14:19	JHN.12.35	5
14:19	JHN.13.33	5
14:19	JHN.14.6	5
14:19	1JN.1.1-1JN.1.3	3
14:20	JHN.15.5-JHN.15.7	30
14:20	GAL.2.20	24
14:20	JHN.17.21-JHN.17.23	22
14:20	JHN.17.26	21
14:20	JHN.14.10	18
14:20	1JN.4.12	17
14:20	JHN.10.38	15
14:20	ROM.8.1	14
14:20	2CO.13.5	13
14:20	JHN.16.26	12
14:20	COL.1.27	12
14:20	2CO.5.17	11
14:20	JHN.6.56	10
14:20	JHN.16.23	10
14:20	COL.1.19	10
14:20	COL.2.9	10
14:20	JHN.17.11	8
14:20	1CO.1.30	7
14:20	EPH.2.10	7
14:20	JHN.17.7	6
14:20	2CO.5.19	5
14:20	ROM.16.7	4
14:20	2CO.12.2	4
14:21	JHN.14.15	104
14:21	1JN.5.3	83
14:21	1JN.2.5	82
14:21	2JN.1.6	69
14:21	JHN.15.9-JHN.15.10	58
14:21	JHN.16.27	40
14:21	DEU.11.13	39
14:21	LUK.11.28	37
14:21	EZK.36.25-EZK.36.27	28
14:21	1JN.3.18-1JN.3.24	23
14:21	JHN.14.22-JHN.14.24	22
14:21	DEU.10.12-DEU.10.13	18
14:21	DEU.30.6-DEU.30.8	17
14:21	PSA.119.4-PSA.119.6	17
14:21	JHN.15.14	17
14:21	REV.3.20	15
14:21	1JN.1.1-1JN.1.3	14
14:21	JHN.17.23	13
14:21	2CO.4.6	12
14:21	JAS.2.23-JAS.2.24	12
14:21	REV.22.14	12
14:21	2CO.5.14-2CO.5.15	11
14:21	REV.2.17	11
14:21	PSA.35.27	10
14:21	ISA.62.2-ISA.62.5	10
14:21	ZEP.3.17	8
14:21	1JN.3.1	8
14:21	GEN.26.3-GEN.26.5	7
14:21	JER.31.31	7
14:21	JER.31.33-JER.31.34	7
14:21	2CO.3.18	7
14:21	2TH.2.16	7
14:21	JHN.14.18	6
14:21	JHN.16.14	6
14:21	ACT.18.9-ACT.18.11	6
14:21	2TI.4.17-2TI.4.18	6
14:21	ACT.22.18	5
14:21	2TI.4.22	5
14:21	2CO.12.8	4
14:22	ACT.1.13	7
14:22	LUK.6.16	6
14:22	ACT.10.40-ACT.10.41	5
14:22	MAT.10.3	4
14:22	MRK.3.18	3
14:22	JHN.3.4	3
14:22	JHN.3.9	3
14:22	JHN.6.60	3
14:22	JUD.1.1	3
14:22	JHN.4.11	2
14:22	JHN.6.52	2
14:22	JHN.16.17-JHN.16.18	2
14:23	JHN.14.21	51
14:23	JHN.14.15	42
14:23	REV.3.20-REV.3.21	31
14:23	1JN.4.15-1JN.4.16	30
14:23	1JN.2.24	25
14:23	1JN.4.4	24
14:23	2CO.6.16	22
14:23	JHN.10.30	21
14:23	PSA.91.1	20
14:23	ISA.57.15	20
14:23	JHN.5.17-JHN.5.19	17
14:23	JHN.6.56	17
14:23	ROM.8.9-ROM.8.11	16
14:23	JHN.14.17	15
14:23	REV.7.15-REV.7.17	14
14:23	REV.21.22	11
14:23	GEN.1.26	10
14:23	GEN.11.7	9
14:23	PSA.90.1	9
14:23	REV.22.3	8
14:24	JHN.7.16	14
14:24	JHN.14.10	11
14:24	JHN.3.34	8
14:24	JHN.5.19	8
14:24	JHN.8.42	8
14:24	JHN.14.21-JHN.14.23	7
14:24	MAT.25.41-MAT.25.46	5
14:24	JHN.5.38	5
14:24	JHN.14.15	5
14:24	1JN.3.16-1JN.3.20	5
14:24	JHN.8.26	3
14:24	JHN.8.28	3
14:24	JHN.8.38	3
14:24	JHN.7.28	2
14:24	JHN.12.44-JHN.12.50	1
14:24	2CO.8.8-2CO.8.9	1
14:24	MAT.19.21	0
14:25	JHN.17.6-JHN.17.8	6
14:25	JHN.13.19	4
14:25	JHN.16.1-JHN.16.4	3
14:25	JHN.16.12	3
14:25	JHN.14.29	2
14:25	JHN.15.11	2
14:26	JHN.15.26	86
14:26	JHN.14.16	76
14:26	1CO.2.10-1CO.2.13	68
14:26	1JN.2.27	67
14:26	JHN.16.7	49
14:26	1JN.2.20	42
14:26	ROM.15.13	30
14:26	EPH.1.17	30
14:26	ACT.2.4	27
14:26	ACT.2.33	27
14:26	1CO.6.19	27
14:26	JHN.2.22	24
14:26	ACT.13.2	24
14:26	ISA.54.13	23
14:26	LUK.24.49	21
14:26	TIT.3.5	21
14:26	1PE.1.12	21
14:26	1JN.5.7	21
14:26	JHN.16.13-JHN.16.14	19
14:26	1TH.1.5-1TH.1.6	18
14:26	JUD.1.20	17
14:26	2CO.13.14	16
14:26	HEB.3.7	16
14:26	HEB.9.8	16
14:26	1TH.4.8	15
14:26	MAT.3.11	14
14:26	LUK.11.13	14
14:26	1CO.12.3	14
14:26	PSA.51.11	13
14:26	2PE.1.21	13
14:26	LUK.1.41	12
14:26	ROM.15.16	12
14:26	JHN.20.22	11
14:26	ROM.14.17	11
14:26	EPH.4.30	11
14:26	2TI.1.14	11
14:26	HEB.2.4	11
14:26	ACT.1.8	10
14:26	ACT.11.16	10
14:26	ACT.20.28	10
14:26	ROM.5.5	10
14:26	MAT.1.20	9
14:26	MRK.13.11	9
14:26	JHN.6.45	9
14:26	PSA.25.8-PSA.25.9	8
14:26	PSA.25.12-PSA.25.14	8
14:26	ISA.63.10	8
14:26	MRK.12.36	8
14:26	JHN.12.16	8
14:26	HEB.10.15	8
14:26	MAT.28.19	7
14:26	LUK.1.15	7
14:26	LUK.1.35	7
14:26	LUK.3.22	7
14:26	JHN.7.39	7
14:26	ACT.1.2	7
14:26	ACT.1.4	7
14:26	ACT.7.51	7
14:26	ACT.15.8	7
14:26	ACT.20.35	7
14:26	2CO.6.6	7
14:26	EPH.1.13	7
14:26	REV.2.11	7
14:26	JER.31.33-JER.31.34	6
14:26	LUK.1.67	6
14:26	ACT.5.3	6
14:26	ACT.7.55	6
14:26	ACT.13.4	6
14:26	ACT.15.28	6
14:26	ACT.16.6	6
14:26	ACT.28.25	6
14:26	LUK.2.25	5
14:26	MAT.1.18	2
14:27	PHP.4.7	156
14:27	JHN.16.33	150
14:27	ISA.41.10	126
14:27	2TH.3.16	113
14:27	COL.3.15	101
14:27	2TI.1.7	75
14:27	ROM.15.13	71
14:27	NUM.6.26	59
14:27	ROM.8.6	51
14:27	GAL.5.22	49
14:27	JER.1.8	42
14:27	PSA.29.11	41
14:27	ROM.5.1	34
14:27	GAL.1.3	34
14:27	JHN.14.1	33
14:27	ISA.9.6	30
14:27	JHN.20.21	30
14:27	PSA.112.7	27
14:27	ROM.5.10	25
14:27	PSA.56.11	24
14:27	PSA.56.3	22
14:27	ROM.1.7	22
14:27	EPH.2.14-EPH.2.17	22
14:27	PSA.91.5	21
14:27	COL.1.20	21
14:27	ISA.54.13	20
14:27	1CO.1.3	20
14:27	PSA.85.10	18
14:27	LUK.2.14	17
14:27	JHN.20.19	17
14:27	PSA.27.1	16
14:27	ISA.55.12	16
14:27	ACT.10.36	16
14:27	2TH.1.2	16
14:27	LUK.1.79	15
14:27	ACT.18.9	15
14:27	HEB.13.20	15
14:27	MAT.10.26	14
14:27	REV.1.4	14
14:27	PSA.28.3	13
14:27	JHN.20.26	13
14:27	HEB.7.2	13
14:27	PSA.72.7	12
14:27	ISA.54.7-ISA.54.10	12
14:27	ISA.57.19	12
14:27	REV.21.8	12
14:27	PRO.3.25	11
14:27	DAN.4.1	11
14:27	ZEC.6.13	11
14:27	REV.2.10	11
14:27	JOB.34.29	10
14:27	EZK.2.6	10
14:27	DAN.6.25	10
14:27	2CO.5.18-2CO.5.21	10
14:27	GAL.6.16	10
14:27	PSA.72.2	9
14:27	ISA.41.14	9
14:27	LUK.10.5	9
14:27	LUK.12.4	9
14:27	ISA.12.2	8
14:27	COL.1.2	8
14:27	PSA.11.1	6
14:27	LAM.3.17	6
14:27	ISA.32.15-ISA.32.17	5
14:28	JHN.10.29-JHN.10.30	10
14:28	1CO.15.24-1CO.15.28	9
14:28	1CO.11.3	8
14:28	PSA.47.5-PSA.47.7	7
14:28	JHN.13.16	7
14:28	JHN.20.17	7
14:28	PHP.2.6-PHP.2.11	7
14:28	HEB.1.2-HEB.1.3	7
14:28	HEB.2.9-HEB.2.15	7
14:28	JHN.14.18	6
14:28	JHN.20.21	5
14:28	HEB.3.1-HEB.3.4	5
14:28	JHN.14.2-JHN.14.4	4
14:28	JHN.16.7	4
14:28	1PE.1.8	4
14:28	ISA.49.5-ISA.49.7	3
14:28	ISA.53.11	3
14:28	MAT.12.18	3
14:28	JHN.5.18	3
14:28	JHN.10.38	3
14:28	JHN.14.12	3
14:28	JHN.16.16-JHN.16.22	3
14:28	REV.1.17-REV.1.18	3
14:28	PSA.68.9	2
14:28	PSA.68.18	2
14:28	ISA.42.1	2
14:28	REV.1.11	2
14:28	LUK.24.51-LUK.24.53	1
14:29	JHN.13.19	11
14:29	JHN.16.4-JHN.16.31	7
14:29	MAT.24.24-MAT.24.25	5
14:30	1JN.5.19	33
14:30	1JN.4.4	25
14:30	JHN.12.31	23
14:30	EPH.6.12	23
14:30	REV.12.9	23
14:30	EPH.2.2	19
14:30	2CO.4.4	18
14:30	1PE.2.22	18
14:30	HEB.4.15	11
14:30	1JN.3.5-1JN.3.8	11
14:30	LUK.22.53	9
14:30	JHN.16.11-JHN.16.12	9
14:30	REV.20.2-REV.20.3	8
14:30	COL.1.13	7
14:30	HEB.7.26	6
14:30	REV.20.7-REV.20.8	6
14:30	2CO.5.21	5
14:30	LUK.1.35	4
14:30	LUK.24.44-LUK.24.49	4
14:30	ACT.1.3	4
14:30	1PE.1.19	3
14:31	JHN.10.18	9
14:31	JHN.12.49	9
14:31	LUK.12.50	8
14:31	JHN.4.34	8
14:31	PHP.2.8	8
14:31	HEB.5.7-HEB.5.8	7
14:31	PSA.40.8	6
14:31	JHN.15.9	5
14:31	MAT.26.39	4
14:31	JHN.12.27	4
14:31	JHN.18.11	4
14:31	HEB.12.2-HEB.12.3	4
14:31	MAT.26.46	3
14:31	HEB.10.5-HEB.10.9	2
14:31	JHN.18.1-JHN.18.4	0
15:1	JER.2.21	79
15:1	ISA.27.2-ISA.27.3	71
15:1	1CO.3.9	46
15:1	ISA.60.21	43
15:1	PSA.80.8-PSA.80.19	36
15:1	ISA.4.2	33
15:1	JHN.6.55	31
15:1	ISA.5.1-ISA.5.7	28
15:1	JER.12.10	25
15:1	HOS.10.1	21
15:1	MRK.12.1	21
15:1	1JN.2.8	21
15:1	MAT.21.33	18
15:1	LUK.13.6	18
15:1	GEN.49.10-GEN.49.11	16
15:1	JHN.6.32	16
15:1	SNG.8.11-SNG.8.12	15
15:1	MAT.20.1	15
15:1	SNG.7.12	14
15:1	ZEC.3.8	12
15:1	EZK.15.2-EZK.15.6	9
15:1	JHN.1.9	9
15:1	ISA.61.3	3
15:1	JHN.1.17	1
15:2	MAT.3.10	82
15:2	HEB.12.10-HEB.12.11	73
15:2	MAT.15.13	53
15:2	REV.3.19	40
15:2	JHN.15.8	37
15:2	LUK.13.7-LUK.13.9	33
15:2	HEB.6.7-HEB.6.8	22
15:2	MAT.13.12	21
15:2	MAT.3.12	20
15:2	1TH.5.23-1TH.5.24	20
15:2	GAL.5.22-GAL.5.23	17
15:2	PHP.1.9-PHP.1.11	17
15:2	JOB.17.9	14
15:2	MAT.21.19	14
15:2	LUK.8.13	14
15:2	HEB.12.15	13
15:2	MAL.3.3	12
15:2	JHN.15.16	12
15:2	ROM.5.3-ROM.5.5	12
15:2	PSA.51.7-PSA.51.13	10
15:2	PRO.4.18	10
15:2	JHN.17.12	10
15:2	COL.1.5-COL.1.10	10
15:2	1JN.2.19	10
15:2	TIT.2.14	9
15:2	ROM.8.28	8
15:2	1CO.13.1	8
15:2	2CO.4.17-2CO.4.18	8
15:2	ISA.29.19	7
15:2	HOS.6.3	7
15:2	MAT.13.33	7
15:2	ISA.27.9	6
15:3	JHN.17.17	52
15:3	EPH.5.26	49
15:3	1PE.1.22	36
15:3	JHN.13.10	27
15:4	1JN.2.6	105
15:4	GAL.2.20	81
15:4	JHN.8.31	79
15:4	2JN.1.9	67
15:4	JHN.6.56	65
15:4	JHN.15.5-JHN.15.7	48
15:4	PHP.1.11	40
15:4	1JN.2.24-1JN.2.28	38
15:4	JHN.14.20	32
15:4	LUK.8.15	31
15:4	2CO.13.5	27
15:4	COL.2.6	23
15:4	ROM.8.9-ROM.8.10	21
15:4	JHN.17.23	20
15:4	EZK.15.2-EZK.15.5	19
15:4	ACT.14.22	19
15:4	HOS.14.8	18
15:4	COL.1.27	17
15:4	EPH.3.17	16
15:4	ACT.11.23	13
15:4	JUD.1.20-JUD.1.21	13
15:4	ISA.27.10-ISA.27.11	10
15:4	2CO.12.8-2CO.12.10	10
15:4	JHN.6.68-JHN.6.69	8
15:4	COL.1.23	8
15:4	SNG.8.5	6
15:4	HEB.10.39	6
15:4	1TH.3.5	5
15:5	PHP.4.13	181
15:5	COL.1.10	151
15:5	JHN.15.16	125
15:5	GAL.5.22	104
15:5	PRO.11.30	92
15:5	2CO.13.8	59
15:5	JHN.5.19	50
15:5	JAS.1.17	48
15:5	2PE.3.18	44
15:5	JHN.12.24	41
15:5	ROM.7.4	39
15:5	PHP.1.11	38
15:5	JHN.9.33	37
15:5	2PE.1.2-2PE.1.18	37
15:5	LUK.13.6-LUK.13.9	36
15:5	PHP.4.17	34
15:5	ROM.6.22	30
15:5	1PE.2.4	27
15:5	ACT.4.12	25
15:5	1CO.12.27	25
15:5	1CO.12.12	24
15:5	2CO.9.10	21
15:5	EPH.5.9	21
15:5	COL.1.6	19
15:5	ROM.12.5	18
15:5	1CO.10.16	15
15:5	HOS.4.8	11
15:6	MAT.7.19	35
15:6	HEB.6.7-HEB.6.8	21
15:6	MAT.13.41	17
15:6	JHN.15.2	16
15:6	MAT.3.10	14
15:6	HEB.10.27	9
15:6	2PE.2.20	9
15:6	EZK.19.12-EZK.19.14	8
15:6	1JN.2.19	8
15:6	REV.20.15	8
15:6	EZK.15.3-EZK.15.7	5
15:6	EZK.17.9	5
15:6	JUD.1.12-JUD.1.13	4
15:6	JOB.15.30	3
15:6	PSA.80.15	3
15:6	ISA.14.19	3
15:6	ISA.27.10	1
15:6	MAT.27.5	1
15:6	REV.21.8	0
15:7	PSA.37.4	162
15:7	1JN.5.14	127
15:7	JHN.14.13	117
15:7	1JN.3.22	107
15:7	JHN.15.16	95
15:7	MAT.7.7	89
15:7	JHN.16.23	79
15:7	GAL.5.16	72
15:7	1JN.2.27	64
15:7	PRO.10.24	56
15:7	JER.15.16	56
15:7	PSA.119.11	50
15:7	DEU.6.6	47
15:7	ISA.58.8	47
15:7	COL.3.16	46
15:7	1JN.2.14	44
15:7	JOB.22.26	40
15:7	PRO.4.4	39
15:7	JOB.23.12	35
15:7	JHN.8.37	31
15:7	2JN.1.1-2JN.1.2	22
15:7	GAL.4.2	12
15:8	MAT.5.16	41
15:8	JHN.8.31	39
15:8	PHP.1.11	31
15:8	2CO.9.10-2CO.9.15	22
15:8	JHN.15.5	20
15:8	PSA.92.12-PSA.92.15	18
15:8	JHN.13.35	14
15:8	1PE.4.11	14
15:8	ISA.60.21	12
15:8	1CO.10.31	10
15:8	ISA.61.3	9
15:8	LUK.6.35	8
15:8	HAG.1.8	7
15:8	1CO.6.20	7
15:8	1PE.2.12	7
15:8	TIT.2.10	6
15:8	TIT.2.5	5
15:8	MAT.5.44	3
15:9	JHN.17.23-JHN.17.24	24
15:9	JHN.17.26	20
15:9	1JN.2.28	14
15:9	JHN.15.13	12
15:9	REV.1.5	12
15:9	JHN.15.11	8
15:9	EPH.3.18	6
15:9	JUD.1.20	5
15:10	JHN.14.15	44
15:10	1JN.5.3	36
15:10	1JN.3.21-1JN.3.24	29
15:10	1JN.2.5	28
15:10	2PE.2.21	13
15:10	JHN.4.34	12
15:10	JHN.8.29	12
15:10	1JN.2.1-1JN.2.2	12
15:10	JHN.17.4	11
15:10	1TH.4.1	11
15:10	MAT.3.15-MAT.3.17	10
15:10	JHN.12.49	10
15:10	JHN.14.21	10
15:10	JHN.14.31	10
15:10	REV.22.14	10
15:10	ISA.42.1-ISA.42.4	9
15:10	1CO.7.19	8
15:10	HEB.10.5-HEB.10.10	6
15:10	HEB.7.26	3
15:11	ROM.15.13	30
15:11	JHN.17.13	28
15:11	JHN.16.24	24
15:11	1PE.1.8	19
15:11	1JN.1.4	19
15:11	JHN.16.33	13
15:11	2JN.1.12	11
15:11	1TH.5.16	10
15:11	LUK.15.32	9
15:11	2CO.1.24	9
15:11	LUK.15.9	8
15:11	EPH.5.18	7
15:11	LUK.15.5	6
15:11	JHN.3.29	6
15:11	PHP.1.25	6
15:11	ISA.53.11	5
15:11	ISA.62.4	5
15:11	JER.32.41	5
15:11	LUK.15.23	5
15:11	JER.33.9	4
15:11	ZEP.3.17	4
15:12	1JN.4.21	39
15:12	1PE.4.8	37
15:12	JHN.13.34	33
15:12	EPH.5.2	28
15:12	ROM.12.10	25
15:12	1JN.3.23	23
15:12	1PE.3.8	18
15:12	1PE.1.22	15
15:12	1TH.3.12	11
15:12	1TH.4.9	11
15:12	1JN.3.11-1JN.3.18	11
15:12	2TH.1.3	10
15:12	1JN.2.7-1JN.2.10	10
15:13	JHN.10.11	102
15:13	EPH.5.2	80
15:13	ROM.5.6-ROM.5.8	64
15:13	JHN.10.15	60
15:13	1JN.4.7-1JN.4.11	47
15:14	MAT.12.50	24
15:14	1JN.5.3	22
15:14	JAS.2.23	20
15:14	JHN.14.21	16
15:14	JHN.14.15	15
15:14	LUK.12.4	11
15:14	JHN.13.17	11
15:14	ISA.41.8	9
15:14	JHN.2.5	5
15:14	JHN.14.28	5
15:14	2CH.20.7	3
15:15	PSA.25.14	63
15:15	1CO.2.9-1CO.2.12	39
15:15	MAT.13.11	37
15:15	JAS.2.23	29
15:15	COL.1.26	25
15:15	REV.1.1	21
15:15	GEN.18.17-GEN.18.19	19
15:15	EPH.3.5	17
15:15	EPH.1.9	15
15:15	JHN.20.17	13
15:15	AMO.3.7	10
15:15	GAL.4.6	10
15:15	JHN.8.26	8
15:15	JHN.13.16	8
15:15	2PE.1.1	8
15:15	2KI.6.8-2KI.6.12	7
15:15	JHN.12.26	7
15:15	JHN.15.20	7
15:15	JHN.17.26	7
15:15	ROM.16.25-ROM.16.26	7
15:15	PHM.1.16	7
15:15	JAS.1.1	7
15:15	1PE.1.11	7
15:15	JHN.4.19	6
15:15	JHN.17.6-JHN.17.8	6
15:15	ACT.20.27	6
15:15	JUD.1.1	5
15:15	LUK.10.23	4
15:16	JER.1.5-JER.1.7	79
15:16	JHN.15.19	77
15:16	EPH.2.10	74
15:16	2TI.3.15-2TI.3.17	44
15:16	GAL.1.15	41
15:16	1JN.4.19	41
15:16	LUK.6.13	38
15:16	ACT.22.14	35
15:16	1PE.1.14-1PE.1.21	31
15:16	2TI.2.2	27
15:16	JHN.13.18	26
15:16	JHN.6.70	23
15:16	1PE.3.15	23
15:16	JHN.16.23-JHN.16.24	22
15:16	ISA.49.1-ISA.49.3	21
15:16	MAT.28.18-MAT.28.19	20
15:16	PSA.71.18	19
15:16	JHN.14.13-JHN.14.14	19
15:16	PRO.11.30	18
15:16	PSA.78.4-PSA.78.6	17
15:16	1CO.9.16-1CO.9.18	15
15:16	1JN.4.10	15
15:16	MRK.16.15-MRK.16.16	14
15:16	JHN.15.7-JHN.15.8	14
15:16	JHN.21.15-JHN.21.17	14
15:16	ACT.1.24	13
15:16	PSA.145.4	12
15:16	ISA.27.6	12
15:16	ISA.55.10-ISA.55.13	12
15:16	1PE.3.2	12
15:16	MAT.21.22	11
15:16	LUK.24.47-LUK.24.49	11
15:16	JHN.20.21-JHN.20.23	11
15:16	ACT.9.15	11
15:16	ROM.15.4	11
15:16	ROM.9.21	10
15:16	1CO.3.6-1CO.3.7	10
15:16	1CO.10.11	10
15:16	COL.1.6	10
15:16	2TI.1.11	10
15:16	ACT.10.41	9
15:16	ROM.1.5	9
15:16	ROM.9.11-ROM.9.16	9
15:16	ROM.15.15-ROM.15.19	9
15:16	TIT.1.5	9
15:16	HEB.11.4	9
15:16	JAS.3.18	9
15:16	GEN.18.18	7
15:16	MIC.5.7	7
15:16	ZEC.1.4-ZEC.1.6	7
15:16	ACT.20.25-ACT.20.28	7
15:16	COL.1.23	7
15:16	1TI.2.7	7
15:16	ROM.1.13	6
15:16	ACT.1.8	5
15:17	JHN.15.12	19
15:17	1JN.3.14-1JN.3.17	16
15:17	1PE.2.17	10
15:18	1JN.3.13	35
15:18	JHN.7.7	21
15:18	LUK.6.22	17
15:18	MRK.13.13	15
15:18	JHN.3.20	15
15:18	MAT.10.22	12
15:18	MAT.5.11	11
15:18	1JN.3.1	11
15:18	JAS.4.4	10
15:18	JHN.15.23-JHN.15.25	7
15:18	HEB.12.2	7
15:18	1KI.22.8	6
15:18	ISA.53.3	6
15:18	MAT.24.9	5
15:18	ISA.49.7	4
15:18	1JN.3.3	4
15:18	ZEC.11.8	1
15:19	1JN.4.4-1JN.4.5	19
15:19	JHN.17.14-JHN.17.16	13
15:19	EPH.1.4-EPH.1.11	11
15:19	TIT.3.3-TIT.3.7	10
15:19	JHN.15.16	8
15:19	EPH.2.2-EPH.2.5	8
15:19	1JN.5.19-1JN.5.20	8
15:19	1PE.2.9-1PE.2.12	6
15:19	LUK.6.32	4
15:19	1JN.3.12	4
15:19	1PE.4.3	2
15:19	REV.20.7-REV.20.9	2
15:19	REV.12.17	1
15:20	2TI.3.12	21
15:20	JHN.13.16	11
15:20	MAT.10.24	9
15:20	EZK.3.7	8
15:20	1CO.4.12	7
15:20	2CO.4.9	6
15:20	ISA.53.1-ISA.53.3	4
15:20	LUK.6.40	4
15:20	JHN.8.51	4
15:20	ACT.4.27-ACT.4.30	4
15:20	JHN.10.31	2
15:20	1TH.2.15	2
15:20	1SA.8.7	1
15:20	LUK.2.34	1
15:20	JHN.5.16	1
15:20	JHN.7.32	1
15:20	JHN.8.59	1
15:20	JHN.11.57	1
15:20	ACT.7.52-ACT.7.60	1
15:21	MAT.10.22	7
15:21	JHN.16.3	5
15:21	MAT.10.18	4
15:21	MAT.24.9	4
15:21	JHN.8.19	4
15:21	ISA.66.5	3
15:21	ACT.5.41	3
15:21	1PE.4.13-1PE.4.14	3
15:21	REV.2.3	3
15:21	PSA.69.7	2
15:21	MAT.10.39	2
15:21	LUK.6.22	2
15:21	JHN.8.54	2
15:21	ACT.3.17	2
15:21	ACT.9.16	2
15:21	ACT.17.23	2
15:21	ACT.28.25-ACT.28.27	2
15:21	ROM.1.28	2
15:21	1CO.2.8	2
15:21	1CO.15.34	2
15:21	2CO.4.3-2CO.4.6	2
15:21	2TH.1.8	2
15:21	1JN.2.3-1JN.2.4	2
15:21	MAT.5.11	1
15:22	JHN.9.41	18
15:22	JAS.4.17	15
15:22	ACT.17.30	14
15:22	ROM.1.20	12
15:22	JHN.12.48	8
15:22	EZK.33.31-EZK.33.33	6
15:22	JHN.3.18-JHN.3.21	5
15:22	HEB.6.4-HEB.6.8	5
15:22	1PE.2.16	5
15:22	EZK.2.5	4
15:22	LUK.12.46	3
15:22	ROM.2.1	3
15:22	2CO.2.14-2CO.2.16	3
15:22	JHN.19.11	2
15:23	JHN.8.40-JHN.8.42	3
15:23	1JN.2.23	3
15:23	2JN.1.9	3
15:24	JHN.5.36	6
15:24	JHN.14.9	6
15:24	JHN.7.31	5
15:24	JHN.9.32	5
15:24	JHN.10.32	5
15:24	JHN.10.37	5
15:24	DEU.5.9	4
15:24	PRO.8.36	4
15:24	MAT.9.33	4
15:24	JHN.3.2	4
15:24	HEB.2.3-HEB.2.4	4
15:24	EXO.20.5	3
15:24	MAT.11.5	3
15:24	MAT.11.20-MAT.11.24	3
15:24	MRK.2.12	3
15:24	LUK.10.12-LUK.10.16	3
15:24	LUK.19.37-LUK.19.40	3
15:24	LUK.24.19	3
15:24	JHN.6.36	3
15:24	JHN.11.47-JHN.11.50	3
15:24	JHN.12.37-JHN.12.40	3
15:24	JHN.12.45	3
15:24	ACT.2.22	3
15:24	ACT.10.38	3
15:24	ROM.1.30	3
15:24	ROM.8.7-ROM.8.8	3
15:24	2TI.3.4	3
15:24	JAS.4.4	3
15:24	PSA.81.15	2
15:24	MAT.21.32	2
15:24	JHN.12.10	2
15:25	PSA.109.3	41
15:25	PSA.69.4	30
15:25	PSA.35.19	25
15:25	LUK.24.44	8
15:25	2CO.11.7	3
15:25	PSA.7.4	2
15:25	JHN.10.34	2
15:25	ROM.3.19	2
15:25	ROM.3.24	2
15:25	GAL.2.21	2
15:25	2TH.3.8	2
15:25	REV.21.6	2
15:25	REV.22.17	2
15:25	JHN.19.36	1
15:26	JHN.14.26	32
15:26	JHN.14.16-JHN.14.17	23
15:26	JHN.16.13-JHN.16.15	19
15:26	ACT.5.32	16
15:26	ACT.2.32-ACT.2.33	13
15:26	ACT.15.8	8
15:26	1JN.5.6-1JN.5.10	6
15:26	LUK.24.49	5
15:26	JHN.16.7	4
15:26	1CO.1.6	4
15:26	HEB.2.4	4
15:26	REV.22.1	4
15:26	JHN.8.42	2
15:27	1JN.4.14	7
15:27	JHN.21.24	6
15:27	ACT.10.39-ACT.10.42	6
15:27	LUK.24.48	5
15:27	LUK.1.2-LUK.1.3	4
15:27	ACT.23.11	4
15:27	1JN.1.1-1JN.1.2	4
15:27	ACT.1.8	3
15:27	ACT.4.20	3
15:27	1PE.5.1	3
15:27	1PE.5.12	3
15:27	JHN.19.35	2
15:27	ACT.1.21-ACT.1.22	2
15:27	ACT.4.33	2
15:27	ACT.13.31	2
15:27	ACT.18.5	2
15:27	2PE.1.16-2PE.1.18	2
15:27	REV.1.2	2
15:27	REV.1.9	2
15:27	MRK.1.1	1
15:27	ACT.3.15	1
16:1	1PE.2.8	15
16:1	MAT.13.21	12
16:1	MAT.26.31-MAT.26.33	11
16:1	MAT.24.10	7
16:1	JHN.15.18-JHN.15.27	7
16:1	JHN.16.4	6
16:1	ROM.14.21	3
16:1	MAT.11.6	2
16:1	MAT.13.57	2
16:1	JHN.15.11	1
16:1	PHP.1.10	1
16:2	JHN.9.22	15
16:2	ACT.26.9-ACT.26.11	14
16:2	ROM.10.2-ROM.10.3	10
16:2	MAT.10.28	9
16:2	ACT.22.3-ACT.22.4	9
16:2	JHN.12.42	8
16:2	REV.6.9	8
16:2	ISA.66.5	7
16:2	LUK.6.22	7
16:2	ACT.22.19-ACT.22.23	7
16:2	MAT.24.9	5
16:2	ACT.7.56-ACT.8.3	5
16:2	1CO.4.13	5
16:2	ACT.6.13-ACT.6.14	4
16:2	ACT.9.1-ACT.9.2	4
16:2	ISA.65.5	3
16:2	JHN.9.34	3
16:2	JHN.4.21	2
16:2	ACT.5.33	2
16:2	GAL.1.13-GAL.1.14	2
16:2	PHP.3.6	1
16:3	JHN.15.21	11
16:3	JHN.17.25	8
16:3	JHN.8.19	5
16:3	JHN.8.55	5
16:3	2TH.1.8	5
16:3	2TH.2.10-2TH.2.12	5
16:3	JHN.17.3	4
16:3	1JN.3.1	4
16:3	LUK.10.22	2
16:3	JHN.15.23	2
16:3	1CO.2.8	2
16:3	2CO.4.3-2CO.4.6	2
16:3	1JN.4.8	2
16:3	1JN.5.20	2
16:3	1TI.1.13	0
16:4	JHN.14.29	12
16:4	MRK.13.23	9
16:4	JHN.13.19	7
16:4	JHN.17.12-JHN.17.13	7
16:4	MAT.9.15	6
16:4	MAT.24.25	5
16:4	ACT.9.16	5
16:4	ISA.41.22-ISA.41.23	4
16:4	MAT.10.7	4
16:4	MRK.2.19	4
16:4	2PE.1.14	4
16:4	LUK.21.12-LUK.21.13	3
16:4	ACT.20.23-ACT.20.24	2
16:5	JHN.13.36	11
16:5	JHN.7.33	7
16:5	JHN.16.28	5
16:5	JHN.14.4-JHN.14.6	4
16:5	JHN.16.10	4
16:5	JHN.17.4	4
16:5	EPH.4.7-EPH.4.11	4
16:5	HEB.1.3	4
16:5	JHN.13.3	3
16:5	HEB.12.2	3
16:5	JHN.6.62	2
16:5	JHN.14.28	2
16:5	JHN.16.16	2
16:5	JHN.17.13	1
16:6	LUK.22.45	5
16:6	LUK.24.17	5
16:6	JHN.16.20-JHN.16.22	5
16:6	JHN.20.11-JHN.20.15	5
16:6	JHN.14.1	4
16:6	JHN.14.27-JHN.14.28	4
16:7	JHN.14.26	41
16:7	JHN.14.16-JHN.14.17	25
16:7	JHN.15.26	22
16:7	ACT.2.33	17
16:7	LUK.24.49	15
16:7	JHN.7.39	15
16:7	ACT.1.4-ACT.1.5	15
16:7	ROM.8.28	13
16:7	JHN.14.3	8
16:7	PSA.68.18	7
16:7	ACT.10.34	7
16:7	EPH.4.8-EPH.4.13	7
16:7	JHN.14.28	6
16:7	LUK.9.27	5
16:7	JHN.8.45-JHN.8.46	4
16:7	JHN.11.50-JHN.11.52	4
16:7	2CO.4.17	3
16:7	LUK.4.25	2
16:8	JUD.1.15	9
16:8	ACT.2.37	8
16:8	ZEC.12.10	6
16:8	ACT.16.29-ACT.16.30	5
16:8	JHN.8.9	4
16:8	1CO.14.24	4
16:8	JHN.8.46	2
16:9	JHN.15.22-JHN.15.25	10
16:9	JHN.8.23-JHN.8.24	9
16:9	JHN.12.47-JHN.12.48	9
16:9	MRK.16.16	8
16:9	HEB.3.12	8
16:9	JHN.8.42-JHN.8.47	5
16:9	ACT.2.22-ACT.2.38	5
16:9	JHN.3.18-JHN.3.21	4
16:9	ACT.3.14-ACT.3.19	4
16:9	HEB.10.28-HEB.10.29	3
16:9	JHN.5.40-JHN.5.44	2
16:9	ACT.7.51-ACT.7.54	2
16:9	ROM.3.19-ROM.3.20	2
16:9	ROM.7.9	2
16:9	1TH.2.15-1TH.2.16	2
16:9	ACT.26.9-ACT.26.10	1
16:9	1TI.1.13	1
16:10	2CO.5.21	9
16:10	ROM.10.3-ROM.10.4	8
16:10	1PE.3.18	8
16:10	JER.23.5-JER.23.6	5
16:10	ACT.3.14	5
16:10	1CO.1.30	5
16:10	PHP.3.7-PHP.3.9	5
16:10	1TI.3.16	5
16:10	ISA.45.24-ISA.45.25	4
16:10	ROM.8.33-ROM.8.34	4
16:10	1CO.15.14-1CO.15.20	4
16:10	HEB.10.5-HEB.10.13	4
16:10	ISA.42.21	3
16:10	DAN.9.24	3
16:10	JHN.3.14	3
16:10	JHN.5.32	3
16:10	ACT.2.32	3
16:10	ACT.7.52	3
16:10	ACT.17.31	3
16:10	ROM.1.17	3
16:10	ROM.3.21-ROM.3.26	3
16:10	ROM.5.17-ROM.5.21	3
16:10	GAL.5.5	3
16:11	JHN.12.31	18
16:11	1JN.3.8	13
16:11	COL.2.15	8
16:11	HEB.2.14	8
16:11	JHN.14.30	7
16:11	2CO.4.4	7
16:11	ISA.49.24-ISA.49.26	5
16:11	REV.12.7-REV.12.10	5
16:11	REV.20.10-REV.20.15	5
16:11	GEN.3.15	4
16:11	PSA.68.18	4
16:11	MAT.12.18	4
16:11	MAT.12.36	4
16:11	LUK.10.18	4
16:11	JHN.5.22-JHN.5.27	4
16:11	ACT.10.42	4
16:11	ACT.17.30-ACT.17.31	4
16:11	1CO.4.5	4
16:11	2CO.5.10-2CO.5.11	4
16:11	EPH.2.2	4
16:11	HEB.6.2	4
16:11	HEB.9.27	4
16:11	2PE.2.4-2PE.2.9	4
16:11	2PE.3.7	4
16:11	REV.1.7	4
16:11	REV.20.2-REV.20.3	3
16:11	ACT.24.25	2
16:11	ACT.26.18	2
16:11	ROM.2.2-ROM.2.4	2
16:11	ROM.2.16	2
16:11	ROM.14.10-ROM.14.12	2
16:11	ROM.16.20	2
16:11	1CO.6.3-1CO.6.4	2
16:12	MRK.4.33	10
16:12	JHN.15.15	9
16:12	1CO.3.1-1CO.3.2	8
16:12	ACT.1.3	6
16:12	HEB.5.11-HEB.5.14	4
16:12	JHN.14.30	3
16:13	JHN.14.26	111
16:13	1CO.2.10-1CO.2.13	98
16:13	JHN.14.17	49
16:13	JHN.15.26	44
16:13	1JN.2.27	42
16:13	1JN.2.20	39
16:13	ACT.2.17-ACT.2.18	32
16:13	JHN.12.49	30
16:13	JHN.7.16-JHN.7.18	26
16:13	1JN.4.6	25
16:13	2TI.3.1-2TI.3.5	20
16:13	JHN.14.6	18
16:13	1TI.4.1-1TI.4.3	17
16:13	JHN.8.38	16
16:13	REV.1.19	15
16:13	2TH.2.3	14
16:13	REV.22.1-REV.22.21	13
16:13	REV.1.1	12
16:13	JOL.2.28	11
16:13	ACT.27.24	11
16:13	2TH.2.12	11
16:13	ACT.21.9-ACT.21.11	10
16:13	JHN.3.32	9
16:13	ACT.20.23	9
16:13	EPH.4.7-EPH.4.15	9
16:13	ACT.11.28	8
16:13	2PE.2.1-2PE.2.22	8
16:13	REV.6.1-REV.6.17	6
16:14	1JN.4.13-1JN.4.14	10
16:14	2CO.3.14-2CO.3.18	8
16:14	JHN.15.26	6
16:14	REV.19.10	5
16:14	1CO.12.3	4
16:14	1PE.1.10-1PE.1.12	4
16:14	ACT.2.32-ACT.2.36	3
16:14	1CO.2.8-1CO.2.10	3
16:14	2CO.4.6	3
16:14	GAL.5.5	3
16:14	1JN.3.23-1JN.4.3	3
16:14	JHN.7.39	2
16:14	JHN.16.9-JHN.16.10	2
16:14	ACT.4.10-ACT.4.12	2
16:14	1JN.5.6	2
16:14	1JN.5.20	2
16:14	ZEC.12.10	1
16:14	1PE.2.7	1
16:15	JHN.17.10	17
16:15	MAT.11.27	13
16:15	JHN.3.35	11
16:15	LUK.10.22	9
16:15	COL.1.19	7
16:15	MAT.28.18	6
16:15	JHN.10.29-JHN.10.30	5
16:15	JHN.13.3	5
16:15	JHN.17.2	4
16:15	COL.2.3	4
16:15	COL.2.9	4
16:16	JHN.7.33	13
16:16	JHN.14.18-JHN.14.24	5
16:16	JHN.16.22	5
16:16	JHN.16.28	5
16:16	ACT.1.3	5
16:16	ACT.10.40-ACT.10.41	5
16:16	JHN.13.3	4
16:16	HEB.12.2	4
16:16	MRK.16.19	3
16:16	JHN.12.35	3
16:16	JHN.13.33	3
16:16	JHN.16.5	3
16:16	JHN.16.17-JHN.16.19	3
16:16	JHN.17.13	3
16:16	JHN.20.19-JHN.20.29	3
16:16	1CO.15.5-1CO.15.9	3
16:16	JHN.16.10	2
16:16	JHN.17.5	2
16:16	JHN.21.1-JHN.21.23	2
16:17	JHN.16.16	7
16:17	MRK.9.32	6
16:17	JHN.16.5	6
16:17	JHN.14.5	4
16:17	JHN.16.19	4
16:17	MRK.9.10	3
16:17	LUK.18.34	3
16:17	JHN.12.16	3
16:17	LUK.9.45	2
16:17	JHN.14.22	2
16:17	JHN.16.1	2
16:18	LUK.24.25	4
16:18	MAT.16.9-MAT.16.11	3
16:18	HEB.5.12	3
16:19	JHN.14.19	4
16:19	JHN.16.16	4
16:19	JHN.16.30	4
16:19	JHN.2.24-JHN.2.25	3
16:19	JHN.7.33	3
16:19	JHN.13.33	3
16:19	HEB.4.13	3
16:19	PSA.139.1-PSA.139.4	2
16:19	MAT.6.8	2
16:19	MAT.9.4	2
16:19	MRK.9.33-MRK.9.34	2
16:19	JHN.21.17	2
16:19	REV.2.23	2
16:20	JAS.1.2	21
16:20	MAT.5.4	13
16:20	PSA.126.5-PSA.126.6	10
16:20	REV.7.14-REV.7.17	10
16:20	MRK.16.10	9
16:20	JER.31.25	8
16:20	2CO.6.10	8
16:20	1PE.1.6-1PE.1.8	8
16:20	PSA.30.11	7
16:20	PSA.30.5	6
16:20	LUK.24.21	6
16:20	JUD.1.24	6
16:20	PSA.40.1-PSA.40.3	5
16:20	ISA.25.8-ISA.25.9	5
16:20	ISA.61.3	5
16:20	LUK.23.27	5
16:20	LUK.24.17	5
16:20	ROM.5.2-ROM.5.3	5
16:20	ROM.5.11	5
16:20	GAL.5.22	5
16:20	JOB.20.5	4
16:20	PSA.97.11	4
16:20	ISA.12.1	4
16:20	ISA.66.5	4
16:20	JER.31.9-JER.31.14	4
16:20	MRK.14.72	4
16:20	LUK.6.21	4
16:20	LUK.22.45	4
16:20	LUK.22.62	4
16:20	JHN.16.6	4
16:20	JHN.16.33	4
16:20	ACT.2.46-ACT.2.47	4
16:20	ACT.5.41	4
16:20	2TH.2.16-2TH.2.17	4
16:20	REV.11.10	4
16:20	REV.18.7	4
16:20	MAT.27.39-MAT.27.44	3
16:20	MAT.27.62-MAT.27.66	3
16:20	LUK.23.47-LUK.23.49	3
16:20	JHN.19.25-JHN.19.27	3
16:20	JHN.20.20	3
16:20	1TH.1.6	3
16:20	MAT.21.38	2
16:20	MRK.15.29-MRK.15.32	2
16:21	PSA.113.9	7
16:21	ISA.13.8	7
16:21	JER.30.6-JER.30.7	6
16:21	1TH.5.3	6
16:21	ISA.26.16-ISA.26.18	5
16:21	HOS.13.13-HOS.13.14	5
16:21	MIC.4.10	4
16:21	REV.12.2-REV.12.5	4
16:21	GEN.3.16	2
16:21	GEN.21.6-GEN.21.7	2
16:21	GEN.30.23-GEN.30.24	2
16:21	1SA.1.26-1SA.1.27	2
16:21	LUK.1.57-LUK.1.58	2
16:21	GAL.4.27	2
16:22	1PE.1.8	19
16:22	ACT.13.52	9
16:22	JHN.16.6	8
16:22	2TH.2.16	6
16:22	PSA.146.2	5
16:22	ISA.25.9	5
16:22	ACT.16.25	5
16:22	1PE.4.13-1PE.4.14	5
16:22	ISA.12.2-ISA.12.4	4
16:22	HAB.3.17-HAB.3.18	4
16:22	ACT.2.46	4
16:22	ISA.51.11-ISA.51.12	3
16:22	ISA.54.7-ISA.54.8	3
16:22	ISA.65.13-ISA.65.14	3
16:22	ISA.65.18-ISA.65.19	3
16:22	ISA.66.9-ISA.66.14	3
16:22	MAT.28.8	3
16:22	LUK.10.42	3
16:22	LUK.16.25	3
16:22	LUK.24.41	3
16:22	LUK.24.51-LUK.24.53	3
16:22	JHN.4.14	3
16:22	JHN.14.1	3
16:22	JHN.14.27	3
16:22	JHN.20.19-JHN.20.20	3
16:22	JHN.21.7	3
16:22	ACT.5.41	3
16:22	ROM.8.35-ROM.8.39	3
16:22	1TH.3.7-1TH.3.9	3
16:22	HEB.6.18	3
16:22	HEB.10.34	3
16:22	JOB.34.29	2
16:22	LUK.19.26	2
16:22	JHN.16.20	2
16:22	ACT.20.23-ACT.20.24	2
16:22	JHN.16.16	1
16:23	JHN.15.7	26
16:23	JHN.14.13-JHN.14.14	24
16:23	MAT.21.22	22
16:23	ISA.65.24	19
16:23	1JN.5.14-1JN.5.16	19
16:23	MAT.7.7	18
16:23	JHN.16.26	14
16:23	JHN.14.20	13
16:23	EPH.2.18	12
16:23	JHN.15.15-JHN.15.16	11
16:23	HEB.10.19-HEB.10.23	9
16:23	1JN.2.1	8
16:23	JHN.14.5	7
16:23	EPH.3.14-EPH.3.20	6
16:23	1TI.2.5-1TI.2.6	5
16:23	JHN.13.36-JHN.13.37	4
16:23	JHN.16.19	4
16:23	JHN.14.22	3
16:23	HEB.4.14-HEB.4.16	3
16:23	HEB.7.25-HEB.7.26	3
16:23	JHN.16.30	2
16:23	JHN.21.20-JHN.21.21	1
16:24	MAT.7.7-MAT.7.8	25
16:24	JAS.4.2-JAS.4.3	23
16:24	JHN.15.11	18
16:24	JHN.16.23	10
16:24	2TH.2.16-2TH.2.17	10
16:24	1JN.1.3-1JN.1.4	7
16:24	MAT.6.9	6
16:24	EPH.1.16-EPH.1.17	6
16:24	2JN.1.12	6
16:24	2TH.1.2	4
16:24	GEN.32.9	3
16:24	1KI.18.36	3
16:24	JHN.3.29	3
16:24	2KI.19.15	2
16:24	1TH.3.11-1TH.3.13	2
16:25	JHN.16.12	8
16:25	MAT.13.34-MAT.13.35	5
16:25	MRK.4.13	5
16:25	JHN.10.6	5
16:25	JHN.16.28-JHN.16.29	5
16:25	PSA.49.4	4
16:25	PSA.78.2	4
16:25	MAT.13.10-MAT.13.11	4
16:25	2CO.3.12-2CO.3.18	3
16:25	PRO.1.6	2
16:25	JHN.16.2	2
16:25	JHN.16.16-JHN.16.17	2
16:25	ACT.2.33-ACT.2.36	2
16:25	2CO.4.2	2
16:26	ROM.8.34	4
16:26	JHN.17.9	2
16:26	JHN.17.19	2
16:26	JHN.17.24	2
16:26	JHN.14.16	1
16:26	JHN.16.23	1
16:27	JHN.14.21	12
16:27	JHN.14.23	12
16:27	JHN.17.23	7
16:27	JHN.8.42	6
16:27	1JN.4.19	5
16:27	MAT.10.37	4
16:27	JHN.16.30	4
16:27	JHN.17.25-JHN.17.26	4
16:27	JHN.21.15-JHN.21.17	4
16:27	1CO.16.22	4
16:27	2CO.5.14	4
16:27	1PE.1.8	4
16:27	ZEP.3.17	3
16:27	EPH.6.24	3
16:27	REV.3.9	3
16:27	REV.3.19	3
16:27	JHN.7.29	2
16:27	JHN.17.7-JHN.17.8	2
16:27	ROM.8.3	2
16:27	1CO.15.47	2
16:27	GAL.4.4	2
16:27	1TI.1.15	2
16:27	HEB.12.6	2
16:27	JUD.1.20-JUD.1.21	2
16:27	JHN.3.13	0
16:28	JHN.13.1	8
16:28	JHN.13.3	7
16:28	JHN.8.14	6
16:28	JHN.14.28	4
16:28	JHN.16.5	4
16:28	JHN.17.5	4
16:28	JHN.16.16	3
16:28	JHN.17.11	3
16:28	ACT.1.9-ACT.1.11	3
16:28	LUK.9.51	2
16:28	LUK.24.51	2
16:28	JHN.17.13	2
16:29	JHN.16.25	3
16:30	JHN.21.17	5
16:30	JHN.17.8	4
16:30	JHN.16.17	3
16:30	HEB.4.13	3
16:30	JHN.5.20	2
16:30	JHN.16.27-JHN.16.28	2
16:31	LUK.9.44-LUK.9.45	2
16:31	JHN.13.38	1
16:32	ZEC.13.7	28
16:32	MAT.26.31	15
16:32	MRK.14.27	12
16:32	JHN.8.29	12
16:32	JHN.8.16	11
16:32	MAT.26.56	10
16:32	ISA.50.6-ISA.50.9	6
16:32	MRK.14.50	4
16:32	JHN.4.21	3
16:32	JHN.4.23	3
16:32	JHN.16.2	3
16:32	JHN.16.25	3
16:32	JHN.20.10	3
16:32	JHN.5.25	2
16:32	JHN.5.28	2
16:32	JHN.12.23	2
16:32	JHN.14.10-JHN.14.11	2
16:32	ACT.8.1	1
16:32	2TI.4.16-2TI.4.17	1
16:33	JHN.14.27	194
16:33	1JN.5.4	161
16:33	2TH.3.16	140
16:33	1JN.4.4	121
16:33	PHP.4.7	104
16:33	JHN.14.1	99
16:33	1PE.5.9	91
16:33	2TI.3.12	90
16:33	ACT.14.22	72
16:33	JHN.15.18-JHN.15.21	58
16:33	ROM.8.36-ROM.8.37	58
16:33	REV.3.21	47
16:33	HEB.11.25	45
16:33	REV.7.14	43
16:33	1TH.3.7	42
16:33	REV.12.11	41
16:33	2CO.13.11	38
16:33	COL.1.20	38
16:33	2CO.1.3	37
16:33	EPH.2.14-EPH.2.17	37
16:33	1TH.3.4	34
16:33	HEB.13.20-HEB.13.21	34
16:33	PSA.85.8-PSA.85.11	30
16:33	ISA.9.6-ISA.9.7	29
16:33	2CO.7.4	29
16:33	ROM.5.1-ROM.5.2	28
16:33	ACT.27.25	27
16:33	GAL.6.14	27
16:33	PSA.68.18	26
16:33	MIC.5.5	26
16:33	JHN.12.31	24
16:33	GAL.1.4	24
16:33	LUK.19.38	23
16:33	LUK.2.14	22
16:33	ACT.9.31	22
16:33	ACT.27.22	22
16:33	ACT.23.11	20
16:33	HEB.7.2	18
16:33	1SA.17.51-1SA.17.52	17
16:33	JHN.16.11	17
17:1	JHN.17.4-JHN.17.5	30
17:1	PHP.2.9-PHP.2.11	30
17:1	JHN.13.31-JHN.13.32	29
17:1	JHN.12.23	13
17:1	JHN.12.27-JHN.12.28	12
17:1	ACT.3.13	11
17:1	JHN.7.39	10
17:1	1PE.1.21	9
17:1	JHN.11.4	7
17:1	PSA.121.1-PSA.121.2	4
17:1	PSA.123.1	4
17:1	MRK.14.41	4
17:1	JHN.7.30	3
17:1	JHN.8.20	3
17:1	JHN.11.41	3
17:1	JHN.16.32	2
17:1	LUK.18.13	1
17:1	LUK.22.53	1
17:1	JHN.13.1	1
17:1	ISA.38.14	0
17:2	JHN.10.28-JHN.10.29	21
17:2	JHN.6.39	18
17:2	DAN.7.14	15
17:2	JHN.6.37	15
17:2	MAT.28.18	13
17:2	JHN.17.24	12
17:2	JHN.17.9	10
17:2	HEB.2.8-HEB.2.9	10
17:2	1JN.5.20	10
17:2	PSA.2.6-PSA.2.12	9
17:2	JHN.4.14	8
17:2	JHN.3.35	6
17:2	JHN.17.6	6
17:2	1CO.15.25	6
17:2	MAT.11.27	5
17:2	1JN.2.25	5
17:2	JHN.11.25-JHN.11.26	4
17:2	EPH.1.20	4
17:2	HEB.1.2	4
17:2	1PE.3.22	4
17:2	PSA.110.1	3
17:2	JHN.5.21-JHN.5.29	3
17:2	ROM.6.23	3
17:2	PHP.2.10	3
17:2	COL.3.3-COL.3.4	3
17:2	1TI.1.16	3
17:2	1JN.1.2	3
17:2	JUD.1.21	3
17:2	JHN.6.27	2
17:2	JHN.6.54-JHN.6.57	2
17:3	1JN.5.20	104
17:3	1JN.5.11-1JN.5.12	78
17:3	JER.9.23-JER.9.24	53
17:3	JHN.3.17	53
17:3	JHN.17.25	49
17:3	HOS.6.3	46
17:3	JHN.14.9-JHN.14.10	35
17:3	HEB.8.11-HEB.8.12	32
17:3	1JN.4.6	30
17:3	1CH.28.9	28
17:3	ISA.61.1	24
17:3	JHN.3.34	22
17:3	JHN.17.23	21
17:3	2CO.4.6	21
17:3	JHN.17.21	20
17:3	2TH.1.8	19
17:3	1JN.4.14-1JN.4.15	18
17:3	JER.31.33-JER.31.34	16
17:3	JHN.17.8	16
17:3	JHN.14.26	14
17:3	JHN.8.19	11
17:3	PSA.9.10	9
17:3	ISA.53.11	9
17:3	JHN.6.27-JHN.6.29	9
17:3	1TH.1.9	9
17:3	ISA.48.16	8
17:3	JER.10.10	8
17:3	JHN.8.54-JHN.8.55	8
17:3	1CO.15.34	8
17:3	2CH.15.3	7
17:3	JHN.7.29	7
17:3	JHN.12.49-JHN.12.50	7
17:3	JHN.6.57	6
17:3	JHN.10.36	6
17:3	1TI.6.15-1TI.6.16	6
17:3	MRK.9.37	5
17:3	LUK.9.48	5
17:3	JHN.5.44	5
17:3	JHN.5.36-JHN.5.37	4
17:3	JHN.11.42	4
17:3	1CO.8.4	2
17:4	JHN.4.34	19
17:4	ACT.20.24	16
17:4	2TI.4.7	12
17:4	JHN.14.31	10
17:4	JHN.19.30	9
17:4	JHN.13.31-JHN.13.32	7
17:4	JHN.15.10	7
17:4	JHN.12.28	6
17:4	LUK.22.37	4
17:4	JHN.9.3	4
17:4	JHN.14.13	4
17:4	JHN.5.36	2
17:5	JHN.1.1-JHN.1.3	43
17:5	COL.1.15-COL.1.17	26
17:5	JHN.10.30	19
17:5	1PE.1.20	18
17:5	PHP.2.6	17
17:5	HEB.1.3	11
17:5	REV.5.9-REV.5.14	11
17:5	JHN.17.24	9
17:5	HEB.1.10	9
17:5	PRO.8.22-PRO.8.31	6
17:5	JHN.1.18	5
17:5	MAT.25.34	4
17:5	JHN.8.58	4
17:5	JHN.3.13	3
17:5	JHN.14.9	3
17:5	1JN.1.2	3
17:5	REV.3.21	2
17:5	REV.13.8	1
17:6	JHN.17.26	17
17:6	JHN.14.21-JHN.14.24	13
17:6	1JN.5.20	13
17:6	JHN.10.27-JHN.10.29	12
17:6	JHN.17.24	12
17:6	JHN.6.37	10
17:6	EXO.3.13-EXO.3.15	7
17:6	EXO.34.5-EXO.34.7	7
17:6	JHN.17.2	7
17:6	JHN.15.19	5
17:6	MAT.11.25-MAT.11.27	4
17:6	2CO.4.6	4
17:6	EPH.1.4-EPH.1.11	4
17:6	2TH.2.13-2TH.2.14	4
17:6	EXO.9.16	3
17:6	PSA.22.22	3
17:6	PSA.119.11	3
17:6	PRO.3.1-PRO.3.4	3
17:6	LUK.10.21-LUK.10.22	3
17:6	JHN.15.7	3
17:6	HEB.3.6	3
17:6	REV.3.8	3
17:6	PSA.71.17-PSA.71.19	2
17:6	PRO.2.1-PRO.2.5	2
17:6	PRO.2.10	2
17:6	PRO.23.23	2
17:6	JHN.1.18	2
17:6	JHN.6.39	2
17:6	JHN.8.31-JHN.8.32	2
17:6	JHN.12.28	2
17:6	JHN.15.3	2
17:6	JHN.17.9-JHN.17.11	2
17:6	JHN.17.14	2
17:6	JHN.17.16	2
17:6	JHN.18.9	2
17:6	ACT.13.48	2
17:6	ROM.8.28-ROM.8.30	2
17:6	ROM.11.2	2
17:6	COL.3.16	2
17:6	2TI.1.13	2
17:6	HEB.2.12	2
17:6	REV.2.13	2
17:6	1PE.1.1	1
17:7	JHN.7.16-JHN.7.17	13
17:7	JHN.16.15	7
17:7	JHN.8.28	5
17:7	JHN.10.29-JHN.10.30	5
17:7	JHN.17.10	5
17:7	JHN.12.49-JHN.12.50	4
17:7	JHN.14.7-JHN.14.10	4
17:7	JHN.14.20	3
17:7	JHN.16.27-JHN.16.30	2
17:8	JHN.17.14	17
17:8	JHN.15.15	15
17:8	JHN.16.30	11
17:8	1TH.2.13	10
17:8	JHN.16.27	9
17:8	JHN.8.42	7
17:8	JHN.12.49	7
17:8	JHN.17.21	7
17:8	1JN.4.14	6
17:8	PRO.1.3	5
17:8	JHN.6.68	5
17:8	JHN.14.10	5
17:8	JHN.17.23	5
17:8	JHN.17.25-JHN.17.26	5
17:8	PRO.8.10	4
17:8	MAT.13.11	4
17:8	JHN.17.6-JHN.17.7	4
17:8	JHN.17.18	4
17:8	1CO.15.1	4
17:8	EPH.3.2-EPH.3.8	4
17:8	1TH.4.1	4
17:8	PRO.1.23	3
17:8	JHN.3.17	3
17:8	JHN.3.33	3
17:8	1CO.11.23	3
17:8	PRO.4.10	2
17:8	EPH.4.11-EPH.4.12	2
17:8	PRO.2.1	1
17:9	HEB.9.24	19
17:9	JHN.17.2	18
17:9	JHN.17.6	12
17:9	LUK.22.32	9
17:9	JHN.17.20	8
17:9	1JN.2.1-1JN.2.2	8
17:9	1JN.5.19	8
17:9	JHN.14.16	7
17:9	JHN.16.26-JHN.16.27	6
17:9	REV.20.15	5
17:9	HEB.7.25	4
17:9	REV.13.8	4
17:9	REV.12.9	3
17:9	LUK.8.34	1
17:10	JHN.10.30	16
17:10	1PE.2.9	15
17:10	REV.5.8-REV.5.14	12
17:10	2TH.1.10	9
17:10	1CO.3.21-1CO.3.23	8
17:10	JHN.16.14-JHN.16.15	7
17:10	COL.1.15-COL.1.19	7
17:10	COL.2.9	5
17:10	JHN.5.23	4
17:10	PHP.1.20	4
17:10	PHP.2.9-PHP.2.11	4
17:10	2TH.1.12	4
17:10	JHN.11.4	3
17:10	ACT.19.17	3
17:10	GAL.1.24	3
17:10	JHN.12.23	2
17:11	MAT.6.9	20
17:11	PRO.18.10	19
17:11	JHN.17.12-JHN.17.18	13
17:11	JHN.10.29-JHN.10.30	12
17:11	JHN.17.21-JHN.17.22	12
17:11	HEB.9.24	12
17:11	EPH.4.4	10
17:11	PHP.2.9	7
17:11	HEB.1.3	6
17:11	JHN.13.1	5
17:11	JHN.13.3	5
17:11	JHN.14.20	5
17:11	JHN.16.33	5
17:11	JHN.17.25	5
17:11	ROM.15.5-ROM.15.6	5
17:11	1CO.12.12-1CO.12.13	5
17:11	1JN.5.19	4
17:11	PSA.79.9	3
17:11	ISA.64.2	3
17:11	JAS.4.4	3
17:11	1PE.1.15-1PE.1.17	3
17:11	JUD.1.1	3
17:11	PSA.17.8-PSA.17.9	2
17:11	ISA.27.3	2
17:11	JER.14.7	2
17:11	JER.14.21	2
17:11	EZK.20.9	2
17:11	EZK.20.22	2
17:11	EZK.20.44	2
17:11	MAT.5.48	2
17:11	MAT.10.16	2
17:11	JHN.7.33	2
17:11	JHN.15.18-JHN.15.21	2
17:11	JHN.16.28	2
17:11	ACT.1.9-ACT.1.11	2
17:11	ACT.3.21	2
17:11	ROM.9.17	2
17:11	ROM.12.5	2
17:11	1CO.1.10	2
17:11	GAL.3.28	2
17:11	1PE.1.5	2
17:11	REV.4.8	2
17:11	1JN.3.12	1
17:11	JUD.1.24	1
17:11	REV.15.4	1
17:11	REV.19.12	1
17:12	PSA.109.6-PSA.109.19	25
17:12	JHN.10.27-JHN.10.28	17
17:12	JHN.18.9	17
17:12	JHN.13.18	15
17:12	ACT.1.16-ACT.1.20	11
17:12	JHN.6.37	10
17:12	JHN.6.70-JHN.6.71	8
17:12	JHN.6.39-JHN.6.40	7
17:12	ACT.1.25	7
17:12	1JN.2.19	5
17:12	2TH.2.3	3
17:12	HEB.2.13	1
17:13	HEB.12.2	24
17:13	GAL.5.22	22
17:13	JHN.15.11	11
17:13	JHN.3.29	6
17:13	JHN.16.22-JHN.16.24	5
17:13	1JN.1.4	4
17:13	PSA.43.4	3
17:13	JHN.13.3	3
17:13	JHN.16.33-JHN.17.1	3
17:13	NEH.8.10	2
17:13	PSA.126.5	2
17:13	ROM.14.17	2
17:13	2JN.1.12	2
17:13	ACT.13.52	1
17:14	JHN.17.16	21
17:14	JHN.15.18-JHN.15.21	16
17:14	1JN.5.19-1JN.5.20	12
17:14	JHN.8.23	11
17:14	1JN.4.5-1JN.4.6	8
17:14	JHN.7.7	5
17:14	PRO.29.27	4
17:14	GEN.3.15	2
17:14	ZEC.11.8	2
17:14	MAT.10.24-MAT.10.25	2
17:14	1PE.4.4-1PE.4.5	2
17:14	1JN.3.12	1
17:15	PSA.121.7	30
17:15	1JN.5.18	23
17:15	MAT.6.13	20
17:15	2TH.3.3	20
17:15	1CH.4.10	14
17:15	GAL.1.4	14
17:15	LUK.11.4	13
17:15	ISA.38.18-ISA.38.19	7
17:15	PSA.30.9	6
17:15	PHP.1.20-PHP.1.26	6
17:15	LUK.8.38-LUK.8.39	4
17:15	2TI.4.8	4
17:15	GEN.48.16	3
17:15	ISA.57.1	3
17:15	ECC.9.10	2
17:15	MAT.5.37	2
17:16	JHN.17.14	18
17:17	PSA.119.160	52
17:17	JHN.15.3	51
17:17	EPH.5.26	43
17:17	1PE.1.22-1PE.1.23	36
17:17	JHN.17.19	33
17:17	JHN.8.32	28
17:17	JAS.1.21	26
17:17	2TH.2.13	23
17:17	PSA.19.7-PSA.19.9	22
17:17	PSA.119.11	21
17:17	PSA.119.9	18
17:17	PSA.119.104	15
17:17	EPH.4.21	15
17:17	PSA.12.6	14
17:17	PSA.119.151-PSA.119.152	13
17:17	LUK.8.11	12
17:17	2SA.7.28	10
17:17	LUK.8.15	9
17:17	2CO.3.18	9
17:17	PSA.119.144	8
17:17	ACT.15.9	8
17:17	JHN.8.40	5
17:17	2TI.2.25-2TI.2.26	4
17:18	JHN.20.21	9
17:18	2CO.5.20	9
17:18	JHN.17.3	5
17:18	MAT.10.5	4
17:18	JHN.4.38	4
17:18	EPH.3.7	4
17:18	ISA.61.1-ISA.61.3	3
17:18	MAT.23.34	3
17:18	JHN.17.8	3
17:18	JHN.17.21	3
17:18	JHN.17.23	3
17:18	JHN.17.25	0
17:19	TIT.2.14	14
17:19	HEB.2.11	13
17:19	JHN.17.17	10
17:19	1CO.1.2	8
17:19	HEB.10.5-HEB.10.10	8
17:19	2CO.4.15	7
17:19	2CO.8.9	7
17:19	1TH.4.7	7
17:19	2TI.2.10	7
17:19	HEB.9.26	6
17:19	HEB.10.29	4
17:19	ISA.62.1	3
17:19	HEB.9.13	3
17:19	JER.1.5	2
17:19	JHN.10.36	2
17:19	HEB.9.18	2
17:20	JHN.17.6-JHN.17.11	10
17:20	ACT.2.41	9
17:20	ACT.4.4	8
17:20	ROM.15.18-ROM.15.19	7
17:20	EPH.4.11	5
17:20	ROM.16.26	4
17:20	2TI.1.2	1
17:21	1CO.12.12	32
17:21	COL.3.11-COL.3.14	26
17:21	JHN.17.11	24
17:21	1CO.12.25-1CO.12.27	20
17:21	PHP.1.27	19
17:21	JHN.13.35	15
17:21	JHN.10.30	12
17:21	JHN.17.22-JHN.17.23	11
17:21	ZEC.14.9	10
17:21	ACT.4.32	10
17:21	ROM.12.5	10
17:21	EPH.4.3-EPH.4.6	9
17:21	PHP.2.1-PHP.2.6	9
17:21	JHN.10.38	8
17:21	JHN.17.8	8
17:21	GAL.3.28	8
17:21	1CO.1.10	7
17:21	1PE.3.8-1PE.3.9	6
17:21	JER.32.39	5
17:21	EZK.37.16-EZK.37.19	4
17:21	JHN.14.9-JHN.14.11	4
17:21	EZK.37.22-EZK.37.25	3
17:21	ZEP.3.9	3
17:21	JHN.10.16	3
17:21	JHN.17.25	3
17:21	ACT.2.46	3
17:21	1JN.5.7	3
17:21	JHN.3.17	2
17:21	JHN.5.23	2
17:21	JHN.17.3	2
17:21	JHN.17.18	1
17:22	2CO.3.18	15
17:22	JHN.14.20	10
17:22	MRK.16.17-MRK.16.20	5
17:22	JHN.1.16	5
17:22	EPH.2.20	5
17:22	2CO.5.20	4
17:22	1JN.3.24	4
17:22	MRK.6.7	3
17:22	JHN.1.14	3
17:22	JHN.15.18-JHN.15.19	3
17:22	2CO.6.1	3
17:22	LUK.22.30	2
17:22	JHN.17.24	2
17:22	JHN.20.21-JHN.20.23	2
17:22	ACT.5.41	2
17:22	ROM.15.15-ROM.15.20	2
17:22	1JN.1.3	2
17:22	PHP.1.29	1
17:22	COL.1.24	1
17:22	2TH.1.5-2TH.1.10	1
17:22	REV.21.14	1
17:23	JHN.17.21	20
17:23	JHN.16.27	16
17:23	1JN.3.1	12
17:23	JHN.13.35	10
17:23	1JN.4.12-1JN.4.16	9
17:23	JHN.17.26	8
17:23	COL.3.14	8
17:23	JHN.14.10	7
17:23	JHN.14.23	7
17:23	JHN.17.24	7
17:23	1PE.5.10	7
17:23	1JN.1.3	7
17:23	1CO.1.30	6
17:23	GAL.3.28	6
17:23	EPH.1.6-EPH.1.14	6
17:23	COL.2.9-COL.2.10	6
17:23	JHN.6.56	5
17:23	ROM.8.10-ROM.8.11	5
17:23	2CO.5.21	5
17:23	EPH.4.12-EPH.4.16	5
17:23	PHP.3.15	5
17:23	COL.2.2	5
17:23	JHN.3.17	4
17:23	1JN.4.19	3
17:23	COL.1.28	2
17:24	JHN.12.26	19
17:24	JHN.17.5	19
17:24	JHN.14.3	16
17:24	2CO.4.6	15
17:24	MAT.25.21	14
17:24	GEN.45.13	13
17:24	1JN.3.2	13
17:24	LUK.22.28-LUK.22.30	11
17:24	2CO.3.18	11
17:24	LUK.12.37	10
17:24	1TH.4.17	10
17:24	1CO.13.12	9
17:24	REV.3.21	9
17:24	MAT.25.34	8
17:24	MAT.26.29	8
17:24	PRO.8.21-PRO.8.31	7
17:24	PHP.1.23	7
17:24	2CO.5.8	5
17:24	REV.7.14-REV.7.17	5
17:24	LUK.23.43	4
17:24	JHN.1.14	3
17:24	REV.21.22	3
17:25	JHN.17.11	6
17:25	JHN.7.29	5
17:25	JHN.15.21	5
17:25	JHN.16.27	5
17:25	JHN.17.8	5
17:25	HEB.8.11	4
17:25	LUK.10.22	3
17:25	JHN.5.19-JHN.5.20	3
17:25	JHN.8.55	3
17:25	JHN.10.15	3
17:25	2CO.4.4	3
17:25	ISA.45.21	2
17:25	MAT.11.27	2
17:25	MAT.16.16	2
17:25	JHN.1.18	2
17:25	JHN.3.17	2
17:25	JHN.6.19	2
17:25	JHN.8.19	2
17:25	JHN.16.3	2
17:25	JHN.16.30	2
17:25	JHN.17.3	2
17:25	JHN.17.18	2
17:25	JHN.17.21	2
17:25	JHN.17.23	2
17:25	ACT.17.23	2
17:25	ACT.26.18	2
17:25	ROM.1.28	2
17:25	ROM.3.11	2
17:25	ROM.3.26	2
17:25	1CO.1.21	2
17:25	1CO.15.34	2
17:25	GAL.4.8-GAL.4.9	2
17:25	2TH.1.8	2
17:25	1JN.1.9	2
17:25	1JN.5.19-1JN.5.20	2
17:25	REV.13.8	2
17:26	JHN.17.6	14
17:26	JHN.17.23	14
17:26	JHN.15.9	10
17:26	1JN.4.13-1JN.4.14	9
17:26	JHN.14.20	8
17:26	HEB.2.12	8
17:26	JHN.15.15	7
17:26	PSA.22.22	6
17:26	JHN.8.50	5
17:26	JHN.15.4	5
17:26	JHN.14.23	4
17:26	EPH.5.30	4
17:26	EPH.5.32	4
17:26	COL.3.11	4
17:26	EPH.3.17	3
17:26	COL.1.27	3
17:26	COL.2.10	3
17:26	1JN.3.24	3
17:26	JHN.6.56	2
17:26	ROM.8.10	2
17:26	1CO.1.30	2
17:26	1CO.12.12	2
17:26	GAL.2.20	2
17:26	EPH.1.6	2
17:26	EPH.1.22-EPH.1.23	2
17:26	2TH.2.16	2
17:26	EPH.2.4-EPH.2.5	1
18:1	2SA.15.23	7
18:1	MAT.26.36	7
18:1	MRK.14.32	7
18:1	LUK.22.39-LUK.22.40	5
18:1	JHN.18.26	5
18:1	GEN.3.23	3
18:1	1KI.15.13	3
18:1	2KI.23.6	3
18:1	2KI.23.12	3
18:1	2CH.15.16	3
18:1	2CH.30.14	3
18:1	JER.31.40	3
18:1	JHN.14.31	3
18:1	MAT.26.30	2
18:1	MRK.14.26	2
18:1	JHN.13.31-JHN.13.35	2
18:1	JHN.14.1-JHN.14.17	2
18:1	GEN.2.15	1
18:2	LUK.21.37	5
18:2	LUK.22.39	5
18:2	MRK.11.11-MRK.11.12	2
18:3	JHN.18.12	5
18:3	LUK.22.47-LUK.22.53	4
18:3	PSA.3.1-PSA.3.2	3
18:3	PSA.22.12	3
18:3	ACT.1.16	3
18:3	MAT.26.47-MAT.26.56	2
18:3	MRK.14.43-MRK.14.50	2
18:3	JHN.13.2	2
18:3	JHN.13.27-JHN.13.30	2
18:4	JHN.13.1	6
18:4	JHN.18.7	4
18:4	PSA.27.3	3
18:4	ACT.2.28	3
18:4	ACT.20.22-ACT.20.23	3
18:4	1KI.18.10	2
18:4	1KI.18.14-1KI.18.18	2
18:4	NEH.6.11	2
18:4	PSA.3.6	2
18:4	PRO.28.1	2
18:4	MAT.16.21	2
18:4	MAT.17.22-MAT.17.23	2
18:4	MAT.20.18-MAT.20.19	2
18:4	MAT.26.2	2
18:4	MAT.26.21	2
18:4	MAT.26.31	2
18:4	MRK.10.33-MRK.10.34	2
18:4	LUK.24.6-LUK.24.7	2
18:4	LUK.24.44	2
18:4	JHN.6.64	2
18:4	JHN.10.17-JHN.10.18	2
18:4	JHN.13.11	2
18:4	JHN.19.28	2
18:4	ACT.4.24-ACT.4.28	2
18:4	LUK.18.31-LUK.18.33	1
18:4	1PE.4.1	1
18:5	ISA.3.9	3
18:5	JER.8.12	2
18:5	MAT.2.23	2
18:5	MAT.21.11	2
18:5	JHN.1.46	2
18:5	JHN.19.19	2
18:6	PSA.27.2	10
18:6	PSA.70.2-PSA.70.3	8
18:6	2KI.1.9-2KI.1.15	5
18:6	ACT.4.29-ACT.4.30	4
18:6	LUK.9.54-LUK.9.56	3
18:6	PSA.40.14	2
18:6	PSA.129.5	2
18:7	JHN.18.4	3
18:8	JHN.10.28	4
18:8	2CO.12.9	3
18:8	ISA.53.6	2
18:8	JHN.13.1	2
18:8	1PE.5.7	2
18:8	MAT.26.56	1
18:8	MRK.14.50-MRK.14.52	1
18:8	JHN.13.36	1
18:8	JHN.16.32	1
18:8	1CO.10.13	1
18:8	EPH.5.25	1
18:9	JHN.17.12	24
18:10	MAT.26.51-MAT.26.54	11
18:10	MRK.14.47	11
18:10	LUK.22.49-LUK.22.51	8
18:10	JHN.18.26	5
18:10	MRK.14.30	2
18:10	LUK.22.33	2
18:11	MAT.20.22	8
18:11	MAT.26.39	8
18:11	JHN.20.17	7
18:11	JHN.12.27-JHN.12.28	6
18:11	JHN.15.10	5
18:11	HEB.12.2	5
18:11	MRK.10.38-MRK.10.39	4
18:11	MRK.14.35-MRK.14.36	4
18:11	LUK.22.42	4
18:11	2CO.6.7	4
18:11	2CO.10.4	4
18:11	MAT.26.42	3
18:11	PSA.75.8	2
18:11	EZK.23.31	2
18:11	LUK.12.30	2
18:11	JHN.11.41-JHN.11.42	2
18:11	JHN.17.24	2
18:11	ROM.8.15-ROM.8.18	2
18:11	HEB.12.5-HEB.12.10	2
18:11	JHN.18.36	1
18:11	EPH.6.11-EPH.6.17	1
18:12	MAT.26.57	5
18:12	JHN.18.3	5
18:12	GEN.22.9	3
18:12	JDG.16.21	3
18:12	MAT.27.2	3
18:12	MRK.14.53	3
18:12	MRK.15.1	3
18:12	LUK.22.54	3
18:12	ACT.21.31	3
18:12	ACT.21.37	3
18:12	ACT.22.24-ACT.22.28	3
18:12	PSA.118.27	2
18:12	ACT.23.10	2
18:12	ACT.23.17-ACT.23.22	2
18:12	GEN.40.3	1
18:13	JHN.18.24	7
18:13	MAT.26.3	4
18:13	MAT.26.57	4
18:13	LUK.3.2	4
18:13	JHN.11.51	4
18:13	ACT.4.6	3
18:14	JHN.11.49-JHN.11.52	10
18:15	MRK.14.54	7
18:15	LUK.22.54	7
18:15	MAT.26.58-MAT.26.68	4
18:15	MAT.26.3	2
18:16	MAT.26.69	3
18:16	MRK.14.66-MRK.14.68	3
18:16	LUK.22.55-LUK.22.57	3
18:17	MAT.26.69-MAT.26.70	4
18:17	MAT.26.33	3
18:17	MRK.14.66-MRK.14.68	3
18:17	LUK.22.54	3
18:17	LUK.22.56-LUK.22.57	3
18:17	JHN.18.16	3
18:17	JHN.18.25	3
18:17	JHN.21.15	3
18:17	JHN.18.5	2
18:17	JHN.18.8	2
18:17	ACT.12.13	2
18:18	MRK.14.54	6
18:18	MRK.14.67	4
18:18	LUK.22.55-LUK.22.56	4
18:18	JHN.18.25	4
18:18	GEN.49.6	3
18:18	PSA.1.1	3
18:18	PSA.26.4-PSA.26.10	3
18:18	PRO.13.20	3
18:18	JHN.21.9	3
18:18	EPH.5.11-EPH.5.12	3
18:18	1KI.19.9	2
18:18	ACT.4.23	2
18:18	1CO.15.33	2
18:18	2CO.6.15-2CO.6.17	2
18:18	LUK.22.44	1
18:19	MAT.26.59-MAT.26.68	3
18:19	MRK.14.55-MRK.14.65	3
18:19	LUK.11.53-LUK.11.54	3
18:19	LUK.20.20	3
18:19	LUK.22.63-LUK.22.71	3
18:20	ISA.48.16	10
18:20	JHN.7.26	10
18:20	MAT.4.23	9
18:20	LUK.21.37	6
18:20	ISA.45.19	5
18:20	MAT.9.35	5
18:20	MAT.26.55	5
18:20	LUK.4.15	5
18:20	JHN.7.4	5
18:20	MAT.21.23-MAT.21.27	3
18:20	MAT.26.65	3
18:20	LUK.19.45-LUK.19.47	3
18:20	LUK.20.1-LUK.20.8	3
18:20	JHN.7.14	3
18:20	JHN.7.28	3
18:20	JHN.8.2	3
18:20	JHN.8.26	3
18:20	JHN.10.23-JHN.10.39	3
18:20	PSA.22.22	2
18:20	PSA.40.9	2
18:20	MAT.24.26	2
18:20	ACT.26.26	2
18:21	LUK.22.67	4
18:21	MAT.26.59-MAT.26.60	3
18:21	MRK.14.55-MRK.14.59	3
18:21	ACT.24.12-ACT.24.13	3
18:21	ACT.24.18-ACT.24.20	3
18:22	ISA.50.5-ISA.50.7	4
18:22	MAT.26.67-MAT.26.68	4
18:22	MRK.14.65	4
18:22	LUK.22.63-LUK.22.64	4
18:22	JHN.19.3	4
18:22	JOB.16.10	3
18:22	MIC.5.1	3
18:22	ACT.23.2-ACT.23.5	3
18:22	JOB.30.10-JOB.30.12	2
18:22	JER.20.2	2
18:22	JHN.18.3	2
18:23	1PE.2.20-1PE.2.23	3
18:23	MAT.5.39	2
18:23	2CO.10.1	2
18:23	ACT.23.2-ACT.23.5	1
18:24	JHN.18.13	8
18:24	MAT.26.57	4
18:25	MRK.14.67-MRK.14.72	4
18:25	JHN.18.17-JHN.18.18	4
18:25	GEN.18.15	3
18:25	PRO.29.25	3
18:25	MAT.26.71-MAT.26.75	3
18:25	MRK.14.37-MRK.14.38	3
18:25	LUK.22.58-LUK.22.62	3
18:25	MAT.26.69	2
18:25	LUK.22.56	2
18:25	GAL.2.11-GAL.2.13	1
18:26	JHN.18.1	4
18:26	JHN.18.10	4
18:26	MAT.26.73	3
18:26	MRK.14.70-MRK.14.71	3
18:26	LUK.22.59-LUK.22.60	3
18:26	PRO.12.19	2
18:27	JHN.13.38	7
18:27	MRK.14.71-MRK.14.72	4
18:27	LUK.22.60-LUK.22.62	4
18:27	MAT.26.34	3
18:27	MAT.26.74-MAT.26.75	3
18:27	MRK.14.30	3
18:27	MRK.14.68	3
18:27	LUK.22.34	2
18:28	JHN.18.33	8
18:28	JHN.19.9	7
18:28	MAT.27.27	5
18:28	MRK.15.1-MRK.15.5	5
18:28	JHN.19.14	5
18:28	ISA.1.10-ISA.1.15	4
18:28	MAT.27.1-MAT.27.10	4
18:28	LUK.23.1-LUK.23.5	4
18:28	JHN.11.55	4
18:28	ACT.3.13	4
18:28	DEU.16.2	3
18:28	JER.7.8-JER.7.11	3
18:28	AMO.5.21-AMO.5.23	3
18:28	MIC.2.1	3
18:28	JHN.18.39	3
18:28	ACT.10.28	3
18:28	ACT.11.3	3
18:28	2CH.30.21-2CH.30.24	2
18:28	2CH.35.8-2CH.35.14	2
18:28	2CH.35.17-2CH.35.18	2
18:28	PSA.35.16	2
18:28	PRO.1.16	2
18:28	PRO.4.16	2
18:28	EZK.45.21	2
18:28	MIC.3.10-MIC.3.12	2
18:28	MAT.23.23-MAT.23.28	2
18:28	MRK.15.16	2
18:28	LUK.22.66	2
18:29	MAT.27.23	6
18:29	MRK.15.2-MRK.15.5	6
18:29	MAT.27.11-MAT.27.14	4
18:29	LUK.23.2-LUK.23.3	4
18:29	ACT.23.28-ACT.23.30	3
18:29	ACT.25.16	1
18:30	MRK.10.33	3
18:30	MRK.15.3	3
18:30	LUK.20.19-LUK.20.26	3
18:30	LUK.23.2-LUK.23.5	3
18:30	LUK.24.7	3
18:30	JHN.19.12	3
18:30	ACT.3.13	3
18:31	JHN.19.6-JHN.19.7	4
18:31	JHN.19.15	4
18:31	EZK.21.26-EZK.21.27	2
18:31	ACT.25.18-ACT.25.20	2
18:31	GEN.49.10	1
18:31	HOS.3.4-HOS.3.5	1
18:32	MAT.20.19	9
18:32	MAT.26.2	9
18:32	JHN.3.14	9
18:32	JHN.12.32-JHN.12.33	7
18:32	LUK.18.32-LUK.18.33	6
18:32	DEU.21.23	5
18:32	MRK.10.33	5
18:32	JHN.8.28	5
18:32	PSA.22.16	4
18:32	LUK.24.7-LUK.24.8	4
18:32	GAL.3.13	3
18:32	JHN.10.31	2
18:32	JHN.10.33	2
18:32	ACT.7.59	2
18:33	LUK.23.3-LUK.23.4	5
18:33	ZEC.9.9	4
18:33	MAT.27.11	4
18:33	MRK.15.2	4
18:33	LUK.19.38-LUK.19.40	4
18:33	JHN.12.13	4
18:33	JHN.18.37	4
18:33	JHN.19.3	4
18:33	JHN.19.12	4
18:33	ACT.2.34-ACT.2.36	4
18:33	PSA.2.6-PSA.2.12	3
18:33	ISA.9.6-ISA.9.7	3
18:33	JER.23.5	3
18:33	ZEP.3.15	3
18:33	JHN.1.49	3
18:33	JHN.12.15	3
18:33	JHN.18.28-JHN.18.29	3
18:33	JHN.19.9	3
18:33	JHN.19.19-JHN.19.22	3
18:33	1TI.6.13	3
18:35	JHN.19.11	3
18:35	EZR.4.12	2
18:35	NEH.4.2	2
18:35	JHN.18.28	2
18:35	JHN.19.6	2
18:35	ACT.3.13	2
18:35	ACT.18.14-ACT.18.16	2
18:35	ACT.21.38	2
18:35	ACT.22.22-ACT.22.24	2
18:35	ACT.23.29	2
18:35	ACT.25.19-ACT.25.20	2
18:35	ROM.3.1-ROM.3.2	2
18:36	LUK.17.20-LUK.17.21	19
18:36	COL.1.12-COL.1.14	15
18:36	JHN.6.15	14
18:36	ROM.14.17	14
18:36	DAN.2.44	12
18:36	DAN.7.14	11
18:36	ZEC.9.9	8
18:36	1TI.6.13	7
18:36	MAT.26.53	6
18:36	ISA.9.6-ISA.9.7	4
18:36	LUK.12.14	4
18:36	JHN.8.15	4
18:36	PSA.45.3-PSA.45.7	3
18:37	JHN.8.47	29
18:37	1JN.4.6	29
18:37	JHN.8.14	22
18:37	JHN.10.26-JHN.10.27	18
18:37	1JN.3.19	13
18:37	JHN.14.6	12
18:37	ISA.55.4	10
18:37	JHN.7.17	9
18:37	MRK.15.2	7
18:37	LUK.23.3	7
18:37	1TI.6.13	6
18:37	MAT.26.64	5
18:37	JHN.3.32	5
18:37	1PE.1.22	5
18:37	1JN.5.20	5
18:37	MAT.27.11	4
18:37	1JN.3.14	4
18:37	LUK.22.70	3
18:37	REV.1.4	3
18:37	REV.3.14	3
18:37	MRK.14.62	1
18:38	JHN.19.4	7
18:38	LUK.23.4	5
18:38	JHN.19.6	5
18:38	ACT.17.32	3
18:38	MAT.27.18-MAT.27.19	2
18:38	MAT.27.24	2
18:38	MRK.15.14	2
18:38	LUK.23.14-LUK.23.16	2
18:38	JHN.19.21-JHN.19.22	2
18:38	ACT.17.19-ACT.17.20	2
18:38	ACT.24.25-ACT.24.26	2
18:38	1PE.1.19	2
18:38	1PE.2.22-1PE.2.23	2
18:39	MAT.27.15-MAT.27.18	7
18:39	MRK.15.6-MRK.15.14	3
18:39	LUK.23.16-LUK.23.23	3
18:39	MAT.27.20-MAT.27.23	2
18:40	MAT.27.16	3
18:40	MAT.27.26	3
18:40	MRK.15.7	3
18:40	MRK.15.15	3
18:40	LUK.23.18-LUK.23.19	3
18:40	LUK.23.25	3
18:40	ACT.3.13-ACT.3.14	3
19:1	ISA.53.5	11
19:1	ISA.50.6	5
19:1	MAT.20.19	5
19:1	LUK.18.33	4
19:1	LUK.23.16	4
19:1	PSA.129.3	3
19:1	MAT.23.34	3
19:1	MAT.27.26-MAT.27.31	3
19:1	MRK.10.33-MRK.10.34	3
19:1	MRK.15.15-MRK.15.20	3
19:1	LUK.23.23	3
19:1	ACT.16.22-ACT.16.23	2
19:1	ACT.22.24-ACT.22.25	2
19:1	2CO.11.24	2
19:1	HEB.11.36	2
19:1	1PE.2.24	2
19:2	MRK.15.16-MRK.15.20	6
19:2	PSA.22.6	3
19:2	ISA.53.3	3
19:2	MAT.27.27-MAT.27.31	3
19:2	LUK.23.11	3
19:2	ISA.49.7	2
19:2	JHN.19.5	2
19:3	MAT.27.29	5
19:3	MAT.26.49	3
19:3	LUK.1.28	3
19:3	JHN.18.33	2
19:3	JHN.19.19-JHN.19.22	2
19:3	JHN.18.22	1
19:4	JHN.18.38	8
19:4	JHN.19.6	8
19:4	LUK.23.4	5
19:4	LUK.23.47	3
19:4	1PE.2.22	3
19:4	MAT.27.4	2
19:4	MAT.27.19	2
19:4	MAT.27.24	2
19:4	MAT.27.54	2
19:4	LUK.23.41	2
19:4	2CO.5.21	2
19:4	1PE.1.19	2
19:4	1PE.3.18	2
19:4	1JN.3.5	2
19:4	HEB.7.26	1
19:5	JHN.19.2	5
19:5	ISA.7.14	3
19:5	JHN.1.29	3
19:5	HEB.12.2	3
19:5	ISA.40.9	2
19:5	ISA.43.1	2
19:6	JHN.18.31	5
19:6	JHN.19.4	3
19:6	MAT.27.22	2
19:6	MAT.27.24	2
19:6	MRK.15.12-MRK.15.15	2
19:6	LUK.23.4	2
19:6	ACT.2.23	2
19:6	ACT.3.13-ACT.3.15	2
19:6	ACT.7.52	2
19:6	ACT.13.27-ACT.13.29	2
19:6	JHN.19.15	1
19:7	LEV.24.16	16
19:7	JHN.5.18	13
19:7	MAT.26.63-MAT.26.66	8
19:7	ROM.1.4	7
19:7	MAT.27.42-MAT.27.43	6
19:7	MRK.14.61-MRK.14.64	6
19:7	MRK.15.39	6
19:7	JHN.10.30-JHN.10.33	5
19:7	JHN.10.36-JHN.10.38	5
19:7	DEU.18.20	3
19:7	JHN.8.58-JHN.8.59	2
19:8	JHN.19.13	2
19:8	ACT.14.11-ACT.14.19	1
19:9	JHN.18.33	3
19:9	JDG.13.6	2
19:9	PSA.38.13-PSA.38.15	2
19:9	ISA.53.7	2
19:9	MAT.26.63	2
19:9	MAT.27.12-MAT.27.14	2
19:9	MRK.15.3-MRK.15.5	2
19:9	JHN.8.14	2
19:9	JHN.9.29-JHN.9.30	2
19:9	ACT.8.32-ACT.8.33	2
19:9	PHP.1.28	2
19:9	JHN.18.37	1
19:10	DAN.3.14-DAN.3.15	2
19:10	DAN.5.19	2
19:10	JHN.18.39	1
19:11	ROM.13.1	20
19:11	JHN.3.27	15
19:11	ACT.2.23	10
19:11	DAN.4.17	9
19:11	JHN.7.30	7
19:11	ACT.3.13	7
19:11	DAN.4.25	6
19:11	JAS.1.17	6
19:11	JER.27.5-JER.27.8	5
19:11	MAT.6.13	5
19:11	LUK.12.47-LUK.12.48	5
19:11	JAS.4.17	5
19:11	GEN.45.7-GEN.45.8	4
19:11	PSA.62.11	4
19:11	DAN.5.21	4
19:11	MAT.27.2	4
19:11	ACT.4.28	4
19:11	ROM.11.36	4
19:11	DAN.4.32	3
19:11	MRK.14.44	3
19:11	LUK.7.41-LUK.7.42	3
19:11	EXO.9.14-EXO.9.16	2
19:11	LAM.3.37	2
19:11	DAN.4.35	2
19:11	LUK.10.11-LUK.10.14	2
19:11	LUK.22.53	2
19:11	JHN.9.41	2
19:11	JHN.11.49-JHN.11.50	2
19:11	JHN.18.3	2
19:11	HEB.6.4-HEB.6.8	2
19:11	MAT.26.65	1
19:11	JHN.15.22-JHN.15.24	1
19:11	PSA.39.9	0
19:11	JHN.18.28-JHN.18.32	0
19:12	MRK.6.16-MRK.6.26	3
19:12	JHN.18.33-JHN.18.36	3
19:12	ACT.17.6-ACT.17.7	3
19:12	LUK.23.2-LUK.23.5	2
19:12	ACT.24.24-ACT.24.27	1
19:13	PSA.82.5-PSA.82.7	3
19:13	MAT.27.19	3
19:13	PSA.58.1-PSA.58.2	2
19:13	PSA.94.20-PSA.94.21	2
19:13	PRO.29.25	2
19:13	ECC.5.8	2
19:13	ISA.51.12-ISA.51.13	2
19:13	ISA.57.11	2
19:13	AMO.4.7	2
19:13	LUK.12.5	2
19:13	JHN.19.8	2
19:13	ACT.4.19	2
19:13	JHN.5.2	1
19:14	MAT.27.62	5
19:14	JHN.19.5	4
19:14	MRK.15.25	3
19:14	JHN.19.42	3
19:14	MRK.15.33-MRK.15.34	2
19:14	MRK.15.42	2
19:14	LUK.23.54	2
19:14	JHN.19.3	2
19:14	JHN.19.19-JHN.19.22	2
19:14	JHN.19.31-JHN.19.32	2
19:15	LUK.23.18	5
19:15	ACT.21.36	4
19:15	GEN.49.10	3
19:15	JHN.19.6	3
19:15	ACT.22.22	3
19:15	EZK.21.26-EZK.21.27	2
19:15	JHN.18.31	1
19:16	MAT.27.26-MAT.27.31	3
19:16	LUK.23.24-LUK.23.25	3
19:16	MRK.15.15-MRK.15.20	2
19:17	LUK.23.33	13
19:17	LUK.14.27	5
19:17	LUK.23.26	4
19:17	MRK.15.32	3
19:17	ACT.7.58	3
19:17	HEB.13.11-HEB.13.13	3
19:17	LEV.16.21-LEV.16.22	2
19:17	LEV.24.14	2
19:17	NUM.15.35-NUM.15.36	2
19:17	1KI.21.13	2
19:17	MAT.10.38	2
19:17	MAT.16.24	2
19:17	MAT.27.31-MAT.27.34	2
19:17	MAT.27.37	2
19:17	MRK.8.34	2
19:17	MRK.10.21	2
19:17	MRK.15.21-MRK.15.23	2
19:17	MRK.15.26	2
19:17	LUK.9.23	2
19:17	LUK.23.38	2
19:18	ISA.53.12	3
19:18	PSA.22.16	2
19:18	MAT.27.35-MAT.27.38	2
19:18	MAT.27.44	2
19:18	MRK.15.24-MRK.15.27	2
19:18	JHN.18.32	2
19:18	GAL.3.13	2
19:18	LUK.23.32-LUK.23.34	1
19:18	HEB.12.2	1
19:19	MAT.27.37	7
19:19	MRK.15.26	6
19:19	LUK.23.38	6
19:19	JHN.19.14	3
19:19	JHN.1.45-JHN.1.46	2
19:19	JHN.1.49	2
19:19	JHN.18.33	2
19:19	JHN.19.3	2
19:19	JHN.19.12	2
19:19	JHN.19.21	2
19:19	ACT.3.6	2
19:19	ACT.26.9	2
19:20	JHN.5.2	2
19:20	JHN.19.13	2
19:20	ACT.21.37	2
19:20	ACT.21.40	2
19:20	ACT.22.2	2
19:20	ACT.26.14	2
19:20	REV.16.16	2
19:20	HEB.13.12	1
19:20	REV.9.11	1
19:21	JHN.19.14	2
19:21	JHN.19.19	1
19:22	PSA.76.10	2
19:22	GEN.43.14	1
19:22	EST.4.16	1
19:22	PSA.65.7	1
19:22	PRO.8.29	1
19:22	JHN.19.12	1
19:23	LUK.23.34	10
19:23	MRK.15.24	9
19:23	MAT.27.35	8
19:23	EXO.39.22-EXO.39.23	2
19:24	PSA.22.18	60
19:24	JHN.19.36-JHN.19.37	6
19:24	JHN.19.28	5
19:24	ACT.13.27	3
19:24	JHN.10.35	0
19:24	JHN.12.38-JHN.12.39	0
19:25	LUK.23.49	15
19:25	MAT.27.55-MAT.27.56	10
19:25	MRK.15.40-MRK.15.41	8
19:25	JHN.20.1	8
19:25	JHN.20.11-JHN.20.18	7
19:25	LUK.2.35	6
19:25	LUK.8.2	6
19:25	LUK.24.18	6
19:25	MAT.12.46	5
19:25	MRK.16.9	5
19:26	JHN.21.24	12
19:26	JHN.2.4	10
19:26	JHN.13.23	10
19:26	JHN.20.2	9
19:26	JHN.21.7	9
19:26	JHN.21.20	6
19:27	MAT.12.48-MAT.12.50	9
19:27	JHN.16.32	8
19:27	1TI.5.2-1TI.5.4	8
19:27	1JN.3.18-1JN.3.19	6
19:27	JHN.1.11	3
19:27	GEN.45.8	2
19:27	GEN.47.12	0
19:27	MAT.25.40	0
19:27	MRK.3.34	0
19:28	PSA.69.21	121
19:28	PSA.22.15	62
19:28	JHN.19.30	36
19:28	LUK.22.37	21
19:28	LUK.18.31	17
19:28	JHN.19.24	16
19:28	JHN.18.4	13
19:28	JHN.13.1	11
19:28	LUK.9.31	9
19:28	ACT.13.29	9
19:28	LUK.12.50	5
19:29	NUM.19.18	15
19:29	LUK.23.36	9
19:29	MRK.15.36	8
19:29	EXO.12.22	6
19:29	MAT.27.48	6
19:29	PSA.51.7	5
19:29	MAT.27.34	4
19:29	1KI.4.33	3
19:30	JHN.17.4	100
19:30	PHP.2.8	57
19:30	COL.2.14-COL.2.17	49
19:30	JHN.10.11	36
19:30	HEB.12.2	36
19:30	DAN.9.24	32
19:30	ISA.53.10	31
19:30	LUK.23.46	28
19:30	HEB.9.11-HEB.9.14	27
19:30	ROM.10.4	25
19:30	MRK.15.37	23
19:30	JHN.19.28	23
19:30	JHN.4.34	20
19:30	MAT.20.28	18
19:30	JHN.10.18	18
19:30	ISA.53.12	14
19:30	PSA.22.15	13
19:30	MAT.27.50	13
19:30	HEB.2.14-HEB.2.15	10
19:30	MAT.3.15	9
19:30	ROM.3.25	9
19:30	HEB.9.22-HEB.10.14	9
19:30	1CO.5.7	8
19:30	GEN.3.15	5
19:30	ZEC.13.7	5
19:30	DAN.9.26	4
19:31	JHN.19.14	10
19:31	JHN.19.42	7
19:31	MRK.15.42	5
19:31	JOS.8.29	4
19:31	EXO.12.16	3
19:31	LEV.23.7-LEV.23.16	3
19:31	DEU.21.22-DEU.21.23	3
19:31	JOS.10.26-JOS.10.27	3
19:31	PRO.12.10	3
19:31	MIC.3.3	3
19:31	JHN.19.1	3
19:31	MAT.27.62	2
19:32	JHN.19.18	4
19:32	LUK.23.39-LUK.23.43	1
19:34	1JN.5.6	14
19:34	ZEC.13.1	10
19:34	ZEC.12.10	9
19:34	1JN.5.8	8
19:34	TIT.3.5-TIT.3.7	7
19:34	EZK.36.25	6
19:34	REV.7.14	5
19:34	EPH.5.26	4
19:34	REV.1.5	4
19:34	PSA.51.7	3
19:34	MAT.27.62	3
19:34	JHN.13.8-JHN.13.10	3
19:34	1CO.1.30	3
19:34	1CO.6.11	3
19:34	TIT.2.14	3
19:34	HEB.9.13	3
19:34	HEB.9.22	3
19:34	HEB.10.19-HEB.10.22	3
19:34	1PE.3.21	3
19:34	1JN.1.6-1JN.1.9	3
19:34	ACT.22.16	1
19:35	JHN.21.24	7
19:35	JHN.15.27	4
19:35	HEB.2.3-HEB.2.4	4
19:35	1JN.1.1-1JN.1.3	4
19:35	JHN.20.31	3
19:35	ACT.10.39	3
19:35	ROM.15.4	3
19:35	1PE.5.1	3
19:35	JHN.11.15	2
19:35	JHN.11.42	2
19:35	JHN.14.29	2
19:35	JHN.17.20-JHN.17.21	2
19:35	JHN.19.26	2
19:35	1JN.5.13	2
19:36	PSA.34.20	50
19:36	NUM.9.12	26
19:36	EXO.12.46	20
19:36	PSA.22.14	5
19:36	JHN.19.28	5
19:36	PSA.35.10	3
19:36	MAT.1.22	2
19:36	JHN.19.24	1
19:37	ZEC.12.10	36
19:37	REV.1.7	26
19:37	PSA.22.16-PSA.22.17	20
19:38	MRK.15.42-MRK.15.47	3
19:38	PRO.29.25	2
19:38	MAT.27.57-MAT.27.61	2
19:38	LUK.23.50-LUK.23.56	1
19:38	JHN.7.13	1
19:38	PHP.1.14	1
19:38	JHN.9.22	0
19:38	JHN.12.42	0
19:39	JHN.7.50-JHN.7.52	5
19:39	SNG.4.14	3
19:39	JHN.3.1-JHN.3.21	3
19:39	2CH.16.14	2
19:39	PSA.45.8	2
19:39	PRO.7.17	2
19:39	SNG.4.6	2
19:39	MAT.12.20	2
19:39	MAT.19.30	2
19:39	MRK.16.1	2
19:39	JHN.12.7	2
19:40	JHN.11.44	5
19:40	JHN.20.5-JHN.20.7	3
19:40	ACT.5.6	3
19:40	MAT.26.12	2
19:40	LUK.24.12	2
19:41	MAT.27.60	5
19:41	LUK.23.53	5
19:41	ISA.22.16	3
19:41	JHN.20.15	3
19:41	2KI.23.30	2
19:41	MAT.27.64-MAT.27.66	2
19:42	JHN.19.14	5
19:42	JHN.19.31	5
19:42	ISA.53.9	3
19:42	JHN.19.41	3
19:42	PSA.22.15	2
19:42	MAT.12.40	2
19:42	JHN.19.20	2
19:42	ACT.13.29	2
19:42	1CO.15.4	2
19:42	COL.2.12	2
20:1	MRK.16.9	8
20:1	MAT.27.60	6
20:1	MRK.15.46	5
20:1	LUK.24.1-LUK.24.10	5
20:1	JHN.19.25	5
20:1	REV.1.10	5
20:1	MAT.27.64-MAT.28.10	4
20:1	MRK.16.1-MRK.16.5	4
20:1	JHN.20.18-JHN.20.19	4
20:1	JHN.20.26	4
20:1	1CO.16.2	3
20:1	ACT.20.7	1
20:2	JHN.13.23	6
20:2	JHN.20.13	4
20:2	JHN.19.26	3
20:2	JHN.21.24	3
20:2	MAT.27.63-MAT.27.64	2
20:2	JHN.21.7	2
20:2	JHN.21.20	2
20:2	JHN.20.9	1
20:2	JHN.20.15	1
20:3	LUK.24.12	5
20:4	2SA.18.23	3
20:4	1CO.9.24	2
20:4	2CO.8.12	0
20:5	JHN.19.40	5
20:5	JHN.11.44	3
20:5	JHN.20.11	2
20:6	LUK.22.31-LUK.22.32	3
20:6	MAT.16.15-MAT.16.16	2
20:6	JHN.6.67-JHN.6.69	2
20:6	JHN.18.17	2
20:6	JHN.18.25-JHN.18.27	2
20:6	JHN.21.7	2
20:6	JHN.21.15-JHN.21.17	2
20:7	JHN.11.44	4
20:8	JHN.20.25	4
20:8	JHN.1.50	3
20:8	JHN.20.4	3
20:8	JHN.20.29	2
20:9	PSA.16.10	24
20:9	ISA.25.8	14
20:9	ISA.53.10-ISA.53.12	11
20:9	ISA.26.19	9
20:9	LUK.24.44-LUK.24.46	9
20:9	1CO.15.4	7
20:9	LUK.24.26	6
20:9	HOS.13.14	5
20:9	MAT.22.29	5
20:9	MRK.9.31-MRK.9.32	4
20:9	LUK.18.33-LUK.18.34	4
20:9	PSA.22.15	3
20:9	PSA.22.22-PSA.22.31	3
20:9	MAT.16.21-MAT.16.22	3
20:9	MRK.8.31-MRK.8.33	3
20:9	MRK.9.9-MRK.9.10	3
20:9	LUK.9.45	3
20:9	JHN.2.22	3
20:9	ACT.2.25-ACT.2.32	2
20:9	ACT.13.29-ACT.13.37	2
20:10	JHN.16.32	3
20:10	JHN.7.53	2
20:11	JHN.20.5	5
20:12	LUK.24.3-LUK.24.7	6
20:12	REV.3.4	4
20:12	DAN.7.9	3
20:12	MRK.16.5-MRK.16.6	3
20:12	REV.7.14	3
20:12	2CH.5.12	2
20:12	MAT.17.2	2
20:12	MAT.28.2-MAT.28.5	2
20:12	LUK.24.22-LUK.24.23	2
20:12	ACT.1.10	2
20:13	JHN.20.15	5
20:13	JHN.16.20-JHN.16.22	4
20:13	1SA.1.8	3
20:13	PSA.43.3-PSA.43.5	3
20:13	JHN.2.4	3
20:13	JHN.14.27-JHN.14.28	3
20:13	ECC.3.4	2
20:13	LUK.24.17	2
20:13	JHN.16.6-JHN.16.7	2
20:13	JHN.19.26	2
20:13	JHN.20.2	2
20:13	ACT.21.13	2
20:13	JER.31.16	1
20:14	LUK.24.16	7
20:14	SNG.3.3-SNG.3.4	5
20:14	MAT.28.9	5
20:14	MRK.16.9	5
20:14	JHN.21.4	5
20:14	LUK.24.31	3
20:14	JHN.8.59	3
20:14	MRK.16.12	2
20:14	LUK.4.30	1
20:15	JHN.18.7	6
20:15	JHN.20.13	6
20:15	SNG.3.2	5
20:15	JHN.1.38	5
20:15	1SA.1.16	4
20:15	MAT.28.5	4
20:15	MRK.16.6	4
20:15	JHN.18.4	4
20:15	LUK.24.5	3
20:15	SNG.6.1	2
20:15	MAT.12.34	2
20:16	JHN.10.3	6
20:16	JHN.1.38	2
20:16	GEN.22.1	1
20:16	GEN.22.11	1
20:16	GEN.45.12	1
20:16	EXO.3.4	1
20:16	EXO.33.17	1
20:16	1SA.3.6	1
20:16	1SA.3.10	1
20:16	SNG.2.8-SNG.2.17	1
20:16	SNG.3.4	1
20:16	SNG.5.2	1
20:16	ISA.43.1	1
20:16	MAT.14.27	1
20:16	MAT.23.7-MAT.23.10	1
20:16	LUK.10.41	1
20:16	JHN.1.49	1
20:16	JHN.3.2	1
20:16	JHN.5.2	1
20:16	JHN.6.25	1
20:16	JHN.11.28	1
20:16	JHN.13.13	1
20:16	ACT.9.4	1
20:16	ACT.10.3	1
20:16	JHN.20.28	0
20:17	JHN.16.28	19
20:17	EPH.4.8-EPH.4.10	16
20:17	GAL.4.6-GAL.4.7	13
20:17	1PE.1.3	13
20:17	JHN.17.11	10
20:17	PSA.68.18	9
20:17	MRK.16.19	9
20:17	GAL.3.26	9
20:17	EPH.1.17-EPH.1.23	9
20:17	HEB.2.11-HEB.2.13	9
20:17	JHN.7.33	6
20:17	JHN.14.6	6
20:17	JHN.14.28	6
20:17	1JN.3.2	6
20:17	MAT.12.50	5
20:17	MAT.28.7	5
20:17	LUK.24.49-LUK.24.51	5
20:17	JHN.1.12-JHN.1.13	5
20:17	JHN.13.1	5
20:17	JHN.13.3	5
20:17	JHN.14.2	5
20:17	JHN.17.25	5
20:17	ROM.8.29	5
20:17	2CO.6.18	5
20:17	PSA.89.26	4
20:17	JER.31.33	4
20:17	JER.32.38	4
20:17	EZK.36.28	4
20:17	EZK.37.27	4
20:17	MAT.28.9-MAT.28.10	4
20:17	LUK.10.4	4
20:17	JHN.17.5	4
20:17	JHN.20.27	4
20:17	ROM.8.14-ROM.8.17	4
20:17	HEB.8.10	4
20:17	REV.21.3	4
20:17	REV.21.7	4
20:17	GEN.17.7-GEN.17.8	3
20:17	2KI.7.9	3
20:17	PSA.22.22	3
20:17	PSA.43.4	3
20:17	PSA.48.14	3
20:17	ISA.41.10	3
20:17	MAT.25.40	3
20:17	HEB.11.16	3
20:17	2KI.4.29	2
20:17	ZEC.13.7-ZEC.13.9	2
20:18	LUK.24.10	7
20:18	MAT.28.10	5
20:18	MRK.16.10-MRK.16.13	4
20:18	LUK.24.22-LUK.24.23	4
20:18	JHN.20.1	3
20:19	JHN.20.26	17
20:19	JHN.14.27	13
20:19	LUK.24.36-LUK.24.49	9
20:19	JHN.20.21	9
20:19	JHN.7.13	6
20:19	EPH.2.14	6
20:19	2TH.3.16	6
20:19	MRK.16.14	4
20:19	PSA.85.8-PSA.85.10	3
20:19	JHN.16.33	3
20:19	1CO.15.5	3
20:19	REV.1.4	3
20:19	NEH.6.10-NEH.6.11	2
20:19	ISA.57.18-ISA.57.19	2
20:19	MAT.10.13	2
20:19	MAT.18.20	2
20:19	JHN.14.19-JHN.14.23	2
20:19	JHN.16.22	2
20:19	ROM.15.33	2
20:19	EPH.6.23	2
20:19	PHP.1.2	2
20:19	HEB.7.2	2
20:20	JHN.16.22	5
20:20	LUK.24.39-LUK.24.41	4
20:20	JHN.20.27	4
20:20	1JN.1.1	4
20:20	JHN.16.20	3
20:20	ISA.25.8-ISA.25.9	2
20:20	JHN.19.34	2
20:20	MAT.28.8	1
20:21	JHN.17.18-JHN.17.19	20
20:21	MAT.28.18-MAT.28.20	17
20:21	JHN.13.20	16
20:21	JHN.3.17	15
20:21	MRK.16.15-MRK.16.18	14
20:21	ACT.1.8	13
20:21	LUK.24.47-LUK.24.49	11
20:21	MAT.10.16	9
20:21	MAT.10.40	9
20:21	2TI.2.2	8
20:21	JHN.14.27	7
20:21	HEB.3.1	6
20:21	JHN.21.15-JHN.21.17	4
20:21	ISA.63.1-ISA.63.3	3
20:21	JHN.20.19	2
20:22	JOB.33.4	22
20:22	GEN.2.7	15
20:22	JHN.7.39	10
20:22	ACT.2.38	10
20:22	PSA.33.6	9
20:22	EZK.37.9	9
20:22	ACT.8.15	9
20:22	ACT.19.2	9
20:22	ACT.4.8	6
20:22	JHN.14.16	5
20:22	ACT.2.4	5
20:22	JHN.15.26	4
20:22	ACT.10.47	4
20:22	GAL.3.2	4
20:22	JHN.16.7	3
20:23	MAT.18.18	25
20:23	MAT.16.19	19
20:23	MRK.2.5-MRK.2.10	12
20:23	ACT.10.43	12
20:23	ACT.13.38-ACT.13.39	12
20:23	ACT.2.38	9
20:23	2CO.2.6-2CO.2.10	8
20:23	1TI.1.20	7
20:23	1CO.5.4	5
20:23	EPH.2.20	1
20:24	JHN.11.16	5
20:24	HEB.10.25	4
20:24	JHN.6.66-JHN.6.67	3
20:24	JHN.14.5	2
20:24	JHN.21.2	2
20:24	MAT.18.20	1
20:24	MAT.10.3	0
20:25	JHN.6.30	7
20:25	MRK.16.11	6
20:25	HEB.3.18-HEB.4.2	5
20:25	PSA.78.32	4
20:25	HEB.3.12	4
20:25	JOB.9.16	3
20:25	PSA.78.11-PSA.78.22	3
20:25	PSA.95.8-PSA.95.10	3
20:25	PSA.106.21-PSA.106.24	3
20:25	MAT.16.1-MAT.16.4	3
20:25	MAT.27.42	3
20:25	LUK.24.25	3
20:25	LUK.24.34-LUK.24.41	3
20:25	JHN.1.41	3
20:25	JHN.20.14-JHN.20.20	3
20:25	JHN.21.7	3
20:25	ACT.5.30-ACT.5.32	3
20:25	ACT.10.40-ACT.10.41	3
20:25	1CO.15.5-1CO.15.8	3
20:25	HEB.10.38-HEB.10.39	3
20:26	JHN.20.19	7
20:26	ISA.54.10	5
20:26	ISA.26.12	3
20:26	MAT.17.1	3
20:26	LUK.9.28	3
20:26	JHN.14.27	3
20:26	JHN.20.21	3
20:26	ISA.27.5	2
20:27	JHN.20.25	10
20:27	PSA.103.13-PSA.103.14	8
20:27	1JN.1.1-1JN.1.2	7
20:27	JHN.20.20	6
20:27	PSA.78.38	5
20:27	LUK.24.40	5
20:27	1TI.1.14-1TI.1.16	5
20:27	MAT.17.17	4
20:27	LUK.9.41	4
20:27	ROM.5.20	4
20:27	MRK.9.19	3
20:28	JHN.1.1	24
20:28	ISA.9.6	23
20:28	ISA.7.14	20
20:28	1TI.3.16	19
20:28	MAT.14.33	18
20:28	JHN.5.23	15
20:28	ISA.25.9	13
20:28	ACT.7.59-ACT.7.60	12
20:28	LUK.24.52	11
20:28	REV.5.9-REV.5.14	10
20:28	JHN.9.35-JHN.9.38	9
20:28	JHN.20.16	9
20:28	PSA.45.6	8
20:28	JHN.20.31	8
20:28	PSA.102.24-PSA.102.28	7
20:28	PSA.118.24-PSA.118.28	7
20:28	ISA.40.9-ISA.40.11	7
20:28	JER.23.5-JER.23.6	7
20:28	MAL.3.1	7
20:28	PSA.45.11	6
20:29	1PE.1.8	77
20:29	2CO.5.7	67
20:29	HEB.11.1	41
20:29	HEB.11.27	29
20:29	LUK.1.45	23
20:29	JHN.4.48	22
20:29	JHN.20.8	18
20:29	HEB.11.39	11
20:30	JHN.21.25	12
20:30	ROM.15.4	7
20:30	2TI.3.15-2TI.3.17	6
20:30	1JN.5.13	6
20:30	LUK.1.3-LUK.1.4	5
20:30	JHN.2.11	5
20:30	1CO.10.11	5
20:30	2PE.3.1-2PE.3.2	5
20:30	1JN.1.3-1JN.1.4	4
20:31	ACT.10.43	32
20:31	JHN.3.15-JHN.3.16	28
20:31	1JN.5.1	21
20:31	1JN.4.15	20
20:31	JHN.3.36	19
20:31	1JN.5.20	19
20:31	1JN.5.10-1JN.5.13	17
20:31	JHN.6.40	14
20:31	JHN.3.18	12
20:31	JHN.20.28	12
20:31	ACT.13.38-ACT.13.39	12
20:31	2JN.1.9	12
20:31	JHN.19.35	10
20:31	JHN.5.24	9
20:31	JHN.10.10	9
20:31	LUK.1.4	8
20:31	MAT.16.16	7
20:31	MAT.27.54	7
20:31	MRK.16.16	7
20:31	LUK.24.47	7
20:31	JHN.5.39-JHN.5.40	7
20:31	ROM.1.3-ROM.1.4	7
20:31	ACT.3.16	6
20:31	1JN.2.23-1JN.2.25	6
20:31	PSA.2.7	5
20:31	PSA.2.12	5
20:31	JHN.1.49	5
20:31	JHN.9.35-JHN.9.38	5
20:31	ACT.8.36	5
20:31	ACT.9.20	5
20:31	REV.2.18	5
20:31	MAT.4.3	4
20:31	JHN.6.69-JHN.6.70	4
20:31	1PE.1.9	4
21:1	JHN.6.1	6
21:1	MAT.28.16	2
21:1	JHN.6.23	2
21:1	MAT.26.32	1
21:1	MAT.28.7	1
21:1	MRK.16.7	1
21:1	JHN.20.19-JHN.20.29	1
21:1	MRK.16.12	0
21:1	JHN.21.14	0
21:2	MAT.4.21-MAT.4.22	5
21:2	JHN.1.45-JHN.2.1	4
21:2	JHN.4.46	4
21:2	JHN.11.16	4
21:2	JHN.20.28	3
21:2	JOS.19.28	2
21:2	LUK.5.10	2
21:2	JHN.2.11	2
21:3	LUK.5.5	10
21:3	MAT.4.18-MAT.4.20	7
21:3	LUK.5.10-LUK.5.11	5
21:3	2TH.3.7-2TH.3.9	5
21:3	1TH.2.9	4
21:3	2KI.6.1-2KI.6.7	3
21:3	1CO.3.7	3
21:3	ACT.18.3	2
21:3	ACT.20.34	1
21:3	1CO.9.6	1
21:4	JHN.20.14	6
21:4	MRK.16.12	4
21:4	LUK.24.15-LUK.24.16	4
21:4	LUK.24.31	3
21:5	PHP.4.19	7
21:5	PHP.4.11-PHP.4.13	4
21:5	PSA.37.3	3
21:5	LUK.24.41-LUK.24.43	2
21:5	HEB.13.5	2
21:5	1JN.2.13	2
21:5	1JN.2.18	1
21:6	LUK.5.4-LUK.5.7	24
21:6	ACT.2.41	5
21:6	JHN.2.5	3
21:6	ACT.4.4	3
21:6	HEB.2.6-HEB.2.9	2
21:7	JHN.13.23	6
21:7	MAT.14.28-MAT.14.29	3
21:7	JHN.19.26	3
21:7	JHN.20.2	3
21:7	JHN.21.24	3
21:7	JHN.21.20	2
21:7	2CO.5.14	2
21:7	PSA.118.23	1
21:7	SNG.8.7	1
21:7	MRK.11.3	1
21:7	LUK.2.11	1
21:7	LUK.7.47	1
21:7	ACT.2.36	1
21:7	ACT.10.36	1
21:7	JHN.20.20	0
21:7	JHN.20.28	0
21:7	1CO.15.47	0
21:7	JAS.2.1	0
21:9	1KI.19.5-1KI.19.6	5
21:9	JHN.21.10	4
21:9	JHN.21.13	4
21:9	JHN.18.18	1
21:9	MAT.4.11	0
21:9	MRK.8.3	0
21:9	LUK.12.29-LUK.12.31	0
21:11	LUK.5.6-LUK.5.8	4
21:11	ACT.2.41	1
21:12	ACT.10.41	7
21:12	LUK.9.45	2
21:12	JHN.16.19	2
21:12	GEN.32.29-GEN.32.30	1
21:12	MRK.9.32	1
21:12	JHN.4.27	1
21:12	JHN.21.15	1
21:13	JHN.21.9	4
21:13	ACT.10.41	2
21:13	LUK.24.42-LUK.24.43	1
21:14	JHN.20.26	4
21:14	JHN.20.19	3
21:15	ISA.40.11	20
21:15	1JN.4.19	20
21:15	ROM.15.1	18
21:15	2CO.5.14-2CO.5.15	14
21:15	1PE.1.8	12
21:15	1PE.5.1-1PE.5.4	12
21:15	EPH.6.24	11
21:15	JER.3.15	10
21:15	EZK.34.23	10
21:15	LUK.22.32	10
21:15	JHN.14.15-JHN.14.24	10
21:15	ACT.20.28	10
21:15	JHN.16.27	9
21:15	1JN.5.1	9
21:15	JER.23.4	7
21:15	1PE.2.25	7
21:15	HEB.4.13	6
21:15	EZK.34.2-EZK.34.10	5
21:15	MAT.16.17	5
21:15	ROM.14.1	5
21:15	1TI.4.15-1TI.4.16	5
21:15	HEB.13.20	5
21:15	MAT.18.10	4
21:15	JHN.21.7	4
21:15	JHN.21.12	4
21:15	JHN.21.16-JHN.21.17	4
21:15	1CO.3.1-1CO.3.3	4
21:15	1CO.16.21-1CO.16.22	4
21:15	GAL.5.6	4
21:15	HEB.12.12-HEB.12.13	4
21:15	1PE.2.2	4
21:15	REV.2.23	4
21:15	EPH.4.14	3
21:15	MRK.14.29	2
21:15	JHN.8.42	2
21:15	1CO.8.11	2
21:15	GEN.33.13	1
21:15	PSA.78.70-PSA.78.72	1
21:15	MAT.25.34-MAT.25.45	1
21:15	LUK.12.32	1
21:15	2SA.7.20	0
21:15	2KI.20.3	0
21:15	MAT.10.37	0
21:16	ACT.20.28	16
21:16	1PE.5.2	12
21:16	1PE.2.25	7
21:16	PSA.100.3	4
21:16	JHN.10.11-JHN.10.16	4
21:16	PSA.95.7	3
21:16	LUK.19.10	3
21:16	ZEC.13.7	2
21:16	MAT.2.6	2
21:16	MAT.25.32	2
21:16	MAT.26.72	2
21:16	LUK.15.3-LUK.15.7	2
21:16	JHN.18.17	2
21:16	JHN.18.25	2
21:16	HEB.13.20	2
21:16	JHN.10.26-JHN.10.27	1
21:16	REV.7.17	1
21:17	JHN.13.38	15
21:17	MRK.14.72	10
21:17	JHN.16.30	10
21:17	JHN.14.15	5
21:17	JHN.15.10	5
21:17	JHN.18.27	4
21:17	JHN.21.15-JHN.21.16	4
21:17	ACT.15.8	4
21:17	2PE.1.12-2PE.1.15	4
21:17	REV.2.23	4
21:17	JHN.18.4	3
21:17	ACT.1.24	3
21:17	2CO.1.12	3
21:17	EPH.4.30	3
21:17	1JN.3.16-1JN.3.24	3
21:17	JOS.22.22	2
21:17	1KI.17.18	2
21:17	1CH.29.17	2
21:17	JOB.31.4-JOB.31.6	2
21:17	PSA.7.8-PSA.7.9	2
21:17	PSA.17.3	2
21:17	JER.17.10	2
21:17	LAM.3.33	2
21:17	MAT.26.73-MAT.26.75	2
21:17	LUK.22.61-LUK.22.62	2
21:17	JHN.12.8	2
21:17	2CO.2.4-2CO.2.7	2
21:17	2CO.7.8-2CO.7.11	2
21:17	2CO.8.8-2CO.8.9	2
21:17	1PE.1.6	2
21:17	2PE.3.1	2
21:17	3JN.1.7-3JN.1.8	2
21:17	JHN.2.24-JHN.2.25	1
21:17	REV.3.19	1
21:17	MAT.25.40	0
21:18	JHN.13.36	7
21:18	ACT.12.3-ACT.12.4	6
21:18	ACT.21.11	3
21:18	JHN.12.27-JHN.12.28	0
21:19	2PE.1.14	9
21:19	JHN.21.22	6
21:19	MAT.10.38	5
21:19	PHP.1.20	4
21:19	1SA.12.20	3
21:19	MRK.8.33-MRK.8.38	3
21:19	JHN.13.36-JHN.13.37	3
21:19	NUM.14.24	2
21:19	MAT.16.21-MAT.16.25	2
21:19	MAT.19.28	2
21:19	LUK.9.22-LUK.9.26	2
21:19	JHN.12.26	2
21:19	JHN.12.33	2
21:19	JHN.18.32	2
21:19	1PE.4.11-1PE.4.14	2
21:20	JHN.21.7	6
21:20	JHN.20.2	4
21:20	JHN.13.23-JHN.13.26	3
21:20	JHN.21.24	3
21:21	LUK.13.23-LUK.13.24	7
21:21	MAT.24.3-MAT.24.4	4
21:21	ACT.1.6-ACT.1.7	4
21:22	REV.2.25	8
21:22	REV.3.11	6
21:22	MRK.9.1	5
21:22	MAT.16.27-MAT.16.28	4
21:22	1CO.4.5	3
21:22	MAT.24.3	2
21:22	MAT.24.44	2
21:22	JHN.21.19	2
21:22	1CO.11.26	2
21:22	JAS.5.7	2
21:22	MAT.24.27	1
21:22	MAT.25.31	1
21:22	REV.1.7	1
21:22	REV.22.7	1
21:22	REV.22.20	1
21:23	DEU.29.29	4
21:23	JOB.33.13	4
21:23	DAN.4.35	3
21:23	ACT.1.15	2
21:23	JOB.28.28	1
21:24	JHN.15.27	5
21:24	JHN.19.35	5
21:24	1JN.1.1-1JN.1.2	3
21:24	1JN.5.6	3
21:24	3JN.1.12	3
21:25	PSA.40.5	32
21:25	JHN.20.30-JHN.20.31	29
21:25	PSA.71.15	20
21:25	JOB.26.14	18
21:25	HEB.11.32	12
21:25	ACT.10.38	9
21:25	ACT.20.35	6
21:25	MAT.11.5	5
21:25	ECC.12.12	3
21:25	AMO.7.10	1
