# chapter:verse	to	votes (most first)
1:1	GEN.22.18	30
1:1	ROM.1.3	28
1:1	GAL.3.16	25
1:1	REV.22.16	21
1:1	PSA.132.11	20
1:1	JER.23.5	15
1:1	ISA.11.1	12
1:1	ISA.9.6-ISA.9.7	11
1:1	LUK.1.31-LUK.1.32	11
1:1	GEN.12.3	10
1:1	JHN.7.42	10
1:1	GEN.28.13-GEN.28.14	8
1:1	LUK.3.23-LUK.3.38	6
1:1	ACT.2.30	5
1:1	MAT.1.18	4
1:1	GEN.26.3-GEN.26.5	2
1:1	2SA.7.12-2SA.7.16	2
1:1	ISA.53.8	2
1:1	JER.33.15-JER.33.17	2
1:1	MAT.9.27	2
1:1	ROM.4.13	2
1:1	ROM.9.5	2
1:1	JER.33.26	1
1:1	MAT.2.1-MAT.2.2	1
1:1	MAT.15.22	1
1:1	MAT.22.42-MAT.22.45	1
1:1	ACT.13.22-ACT.13.23	1
1:1	GEN.2.4	0
1:1	LUK.1.69-LUK.1.70	0
1:2	ACT.7.8	8
1:2	GEN.21.2-GEN.21.5	4
1:2	HEB.11.17-HEB.11.18	4
1:2	GEN.25.26	3
1:2	GEN.46.8-GEN.46.27	3
1:2	GEN.29.32-GEN.29.35	2
1:2	GEN.49.8-GEN.49.12	2
1:2	JOS.24.2-JOS.24.4	2
1:2	1CH.1.28	2
1:2	1CH.1.34	2
1:2	1CH.2.1-1CH.2.8	2
1:2	1CH.5.1-1CH.5.2	2
1:2	ISA.41.8	2
1:2	ISA.51.2	2
1:2	HEB.11.11	2
1:2	GEN.30.5-GEN.30.20	1
1:2	GEN.35.16-GEN.35.19	1
1:2	EXO.1.2-EXO.1.5	1
1:2	MAL.1.2-MAL.1.3	1
1:2	LUK.3.33-LUK.3.34	1
1:2	ROM.9.7-ROM.9.13	1
1:2	HEB.7.14	1
1:2	REV.7.5	1
1:3	GEN.38.24-GEN.38.27	5
1:3	GEN.38.29-GEN.38.30	5
1:3	GEN.46.12	5
1:3	RUT.4.18-RUT.4.22	4
1:3	1CH.4.1	4
1:3	NUM.26.20-NUM.26.21	2
1:3	LUK.3.33	2
1:3	GEN.38.6	1
1:3	1CH.2.1-1CH.2.15	1
1:3	1CH.9.6	1
1:3	GEN.38.11	0
1:4	NUM.1.7	4
1:4	NUM.7.12	4
1:4	1CH.2.10-1CH.2.12	4
1:4	NUM.2.3	3
1:4	NUM.7.17	2
1:4	NUM.10.14	2
1:4	RUT.4.19-RUT.4.20	2
1:4	LUK.3.32	2
1:5	RUT.1.16-RUT.1.17	11
1:5	HEB.11.31	10
1:5	JAS.2.25	7
1:5	JOS.6.22-JOS.6.25	6
1:5	RUT.1.4	6
1:5	RUT.1.22-RUT.2.4	6
1:5	RUT.4.21	5
1:5	1CH.2.11-1CH.2.12	5
1:5	JOS.2.1-JOS.2.22	4
1:5	LUK.3.32	3
1:6	1SA.17.12	5
1:6	1KI.15.5	5
1:6	2SA.12.24-2SA.12.25	4
1:6	2SA.23.1	4
1:6	1SA.16.1	3
1:6	2SA.11.26-2SA.11.27	3
1:6	RUT.4.22	2
1:6	1SA.16.11-1SA.16.13	2
1:6	1SA.17.58	2
1:6	1CH.2.15	2
1:6	1CH.3.5	2
1:6	1CH.11.41	2
1:6	1CH.14.4	2
1:6	1SA.20.30-1SA.20.31	1
1:6	1SA.22.8	1
1:6	2SA.11.3	1
1:6	2SA.23.39	1
1:6	1KI.1.11-1KI.1.17	1
1:6	1CH.28.5	1
1:6	PSA.72.20	1
1:6	ACT.13.22-ACT.13.23	1
1:6	ROM.8.3	1
1:6	1KI.1.28-1KI.1.31	0
1:6	ISA.11.1	0
1:7	2CH.14.1-2CH.14.15	4
1:7	1KI.15.8-1KI.15.23	3
1:7	1CH.3.10-1CH.3.14	3
1:7	1KI.11.43-1KI.12.24	2
1:7	1KI.14.31	2
1:7	2CH.9.31	2
1:7	2CH.12.1	2
1:7	2CH.13.7	2
1:8	1CH.3.11	4
1:8	1KI.15.24	3
1:8	1KI.22.2-1KI.22.50	3
1:8	2KI.3.1	3
1:8	2KI.8.16	3
1:8	2CH.17.1-2CH.17.19	3
1:8	2CH.21.1	3
1:8	2CH.26.1-2CH.26.23	3
1:8	2KI.14.21	2
1:8	2KI.15.1-2KI.15.6	2
1:9	2KI.15.7	2
1:9	2KI.15.32-2KI.16.20	2
1:9	2KI.18.1-2KI.18.20	2
1:9	1CH.3.11-1CH.3.13	2
1:9	2CH.26.21	2
1:9	2CH.27.1-2CH.29.32	2
1:9	ISA.7.1-ISA.7.13	2
1:9	ISA.36.1-ISA.36.22	2
1:10	2CH.32.33-2CH.35.27	3
1:10	1KI.13.2	2
1:10	2KI.20.21-2KI.23.30	2
1:10	2KI.24.3-2KI.24.4	2
1:10	1CH.3.13-1CH.3.15	2
1:10	JER.1.2-JER.1.3	2
1:11	JER.27.20	5
1:11	JER.52.11-JER.52.15	3
1:11	JER.52.28-JER.52.30	3
1:11	2KI.23.31-2KI.24.20	2
1:11	2KI.25.11	2
1:11	1CH.3.15-1CH.3.17	2
1:11	2CH.36.1-2CH.36.8	2
1:11	2CH.36.10	2
1:11	2CH.36.20	2
1:11	JER.2.10-JER.2.28	2
1:11	JER.39.9	2
1:11	DAN.1.2	2
1:12	1CH.3.17	6
1:12	EZR.3.2	3
1:12	1CH.3.19-1CH.3.24	2
1:12	HAG.1.14	2
1:12	LUK.3.27	2
1:12	2KI.25.27	1
1:12	EZR.5.2	1
1:12	NEH.12.1	1
1:12	JER.22.24	1
1:12	JER.22.28	1
1:12	HAG.1.1	1
1:12	HAG.1.12	1
1:12	HAG.2.2	1
1:12	HAG.2.23	1
1:16	MAT.27.17	6
1:16	LUK.3.23	5
1:16	JHN.4.25	5
1:16	MAT.27.22	4
1:16	LUK.1.31-LUK.1.35	4
1:16	MAT.2.13	3
1:16	MRK.6.3	3
1:16	LUK.1.27	3
1:16	LUK.2.4-LUK.2.5	3
1:16	LUK.2.7	3
1:16	LUK.2.10-LUK.2.11	3
1:16	LUK.2.48	3
1:16	LUK.4.22	3
1:16	MAT.1.18-MAT.1.25	2
1:17	MAT.1.11-MAT.1.12	4
1:17	2KI.24.14	2
1:17	JER.27.20	0
1:17	MAT.11.2	0
1:17	JHN.1.41	0
1:18	GAL.4.4-GAL.4.5	25
1:18	LUK.1.27-LUK.1.38	11
1:18	JOB.14.4	9
1:18	HEB.10.5	9
1:18	GEN.3.15	6
1:18	JOB.15.14	5
1:18	HEB.7.26	5
1:18	LUK.1.25	4
1:18	MAT.1.1	3
1:19	DEU.22.21-DEU.22.24	11
1:19	DEU.24.1-DEU.24.4	9
1:19	JHN.8.4-JHN.8.5	8
1:19	MRK.6.20	5
1:19	GEN.38.24	4
1:19	LEV.20.10	4
1:19	PSA.112.4-PSA.112.5	3
1:19	LUK.2.25	3
1:19	MRK.10.4	2
1:19	LEV.19.20	1
1:19	GEN.6.9	0
1:19	ACT.10.22	0
1:20	PRO.3.5-PRO.3.6	12
1:20	LUK.1.19	11
1:20	MAT.1.18	9
1:20	JOL.2.28	8
1:20	MAT.2.19	8
1:20	LUK.2.4	8
1:20	GEN.31.11	7
1:20	JDG.13.3	7
1:20	ISA.26.3	7
1:20	MAT.28.5	6
1:20	LUK.1.10-LUK.1.13	6
1:20	MAT.2.22	5
1:20	LUK.1.26-LUK.1.38	5
1:20	PSA.94.19	4
1:20	PSA.119.125	4
1:20	PSA.143.8	4
1:20	LUK.2.8-LUK.2.14	4
1:20	1KI.17.13	3
1:20	JOB.4.13-JOB.4.16	3
1:20	PRO.12.5	3
1:20	ISA.30.21	3
1:20	JER.33.26	3
1:20	MAT.2.13	3
1:20	GEN.46.3	2
1:20	NUM.12.6	2
1:20	JDG.13.8-JDG.13.9	2
1:20	JOB.33.15-JOB.33.17	2
1:20	PSA.25.8-PSA.25.9	2
1:20	ISA.51.7	2
1:20	JER.31.22	2
1:20	JER.40.9	2
1:20	ISA.7.2	1
1:20	ISA.7.13	0
1:21	ACT.13.23	57
1:21	ACT.4.12	51
1:21	JHN.1.29	46
1:21	1JN.3.5	43
1:21	COL.1.20-COL.1.23	35
1:21	LUK.2.21	29
1:21	ACT.5.31	24
1:21	LUK.1.31	23
1:21	TIT.2.14	21
1:21	1JN.2.1-1JN.2.2	20
1:21	ZEC.9.9	18
1:21	LUK.2.11	18
1:21	1JN.1.7	16
1:21	ISA.45.21-ISA.45.22	15
1:21	ACT.3.26	15
1:21	ACT.13.38-ACT.13.39	15
1:21	PSA.130.7-PSA.130.8	14
1:21	JER.23.6	14
1:21	LUK.1.35-LUK.1.36	14
1:21	EPH.5.25-EPH.5.27	14
1:21	HEB.7.25	14
1:21	DAN.9.24	13
1:21	REV.7.14	12
1:21	JER.33.16	11
1:21	LUK.1.13	11
1:21	GEN.18.10	10
1:21	EZK.36.25-EZK.36.29	10
1:21	REV.1.5-REV.1.6	10
1:21	GEN.17.19	9
1:21	GEN.17.21	9
1:21	2KI.4.16-2KI.4.17	9
1:21	ISA.12.1-ISA.12.2	9
1:21	JDG.13.3	7
1:22	LUK.24.44	13
1:22	1KI.8.15	9
1:22	MAT.2.23	9
1:22	ACT.3.18	6
1:22	1KI.8.24	5
1:22	EZR.1.1	4
1:22	MAT.12.17	4
1:22	MAT.13.35	4
1:22	JHN.17.12	4
1:22	JHN.18.9	4
1:22	JHN.19.36-JHN.19.37	4
1:22	MAT.2.15	3
1:22	JHN.10.35	3
1:22	JHN.12.38-JHN.12.40	3
1:22	JHN.15.25	3
1:22	MAT.5.17	2
1:22	MAT.8.17	2
1:22	MAT.13.21	2
1:22	LUK.21.22	2
1:22	REV.17.17	2
1:22	ACT.13.27-ACT.13.29	1
1:23	ISA.7.14	184
1:23	ISA.9.6-ISA.9.7	71
1:23	PSA.46.11	35
1:23	JHN.1.14	28
1:23	ISA.12.2	25
1:23	1TI.3.16	23
1:23	PSA.46.7	22
1:23	ROM.1.3-ROM.1.4	22
1:23	ISA.8.8-ISA.8.10	21
1:23	MAT.28.20	20
1:23	ROM.9.5	16
1:23	2TI.4.22	16
1:23	ACT.18.9	14
1:23	2CO.5.19	14
1:23	2TI.4.17	12
1:24	JHN.15.14	6
1:24	JAS.2.21-JAS.2.26	6
1:24	GEN.22.2-GEN.22.3	5
1:24	EXO.40.16	5
1:24	EXO.40.27	5
1:24	EXO.40.32	5
1:24	JHN.2.5-JHN.2.8	5
1:24	HEB.11.7-HEB.11.8	5
1:24	GEN.6.22	4
1:24	GEN.7.5	4
1:24	EXO.40.19	4
1:24	EXO.40.25	4
1:24	HEB.11.24-HEB.11.31	3
1:24	2KI.5.11-2KI.5.14	2
1:25	LUK.2.21	4
1:25	EXO.13.2	3
1:25	EXO.22.29	3
1:25	MAT.1.21	3
1:25	LUK.2.7	3
1:25	ROM.8.29	1
2:1	MIC.5.2	35
2:1	JHN.7.42	21
2:1	LUK.2.4-LUK.2.7	18
2:1	PSA.72.9-PSA.72.12	17
2:1	LUK.2.11	17
2:1	ISA.11.10	16
2:1	GEN.49.10	13
2:1	ISA.60.1-ISA.60.22	10
2:1	HAG.2.6-HAG.2.9	10
2:1	GEN.25.6	9
2:1	DAN.9.24-DAN.9.25	9
2:1	MAT.2.5	9
2:1	1KI.4.30	8
2:1	MAT.1.25	8
2:1	LUK.1.5	8
2:1	LUK.2.15	8
2:1	MAT.2.3	5
2:1	MAT.2.19	4
2:1	GEN.10.30	1
2:1	JOB.1.3	1
2:2	NUM.24.17	38
2:2	JER.23.5	30
2:2	REV.22.16	22
2:2	ISA.9.6-ISA.9.7	12
2:2	ZEC.9.9	12
2:2	ISA.60.3	9
2:2	JHN.18.37	8
2:2	HEB.1.6	7
2:2	MAT.2.10-MAT.2.11	6
2:2	ISA.32.1-ISA.32.2	5
2:2	PSA.2.6	4
2:2	LUK.23.3	4
2:2	LUK.23.38	4
2:2	JHN.5.23	4
2:2	PSA.45.11	3
2:2	JER.30.9	3
2:2	LUK.2.11	3
2:2	LUK.19.38	3
2:2	JHN.1.49	3
2:2	LUK.1.78-LUK.1.79	2
2:2	JHN.9.38	2
2:2	MAT.27.11	1
2:2	JHN.12.13	1
2:2	JHN.19.12-JHN.19.15	1
2:2	JHN.19.19	1
2:2	MAT.21.5	0
2:2	JHN.20.28	0
2:3	ACT.17.6-ACT.17.7	7
2:3	JHN.11.47-JHN.11.48	6
2:3	MAT.23.37	5
2:3	MAT.8.29	4
2:3	ACT.4.2	4
2:3	1KI.18.17-1KI.18.18	2
2:3	ACT.4.24-ACT.4.27	2
2:3	ACT.5.24-ACT.5.28	2
2:3	ACT.16.20-ACT.16.21	2
2:4	ACT.23.9	4
2:4	JER.8.8	3
2:4	MAT.7.29	3
2:4	MAT.21.23	3
2:4	ACT.6.12	3
2:4	PSA.2.2	2
2:4	LUK.20.19	2
2:4	LUK.23.10	2
2:4	JHN.3.10	2
2:4	JHN.7.32	2
2:4	JHN.8.3	2
2:4	JHN.18.3	2
2:4	ACT.4.5	2
2:4	1CH.24.4-1CH.24.19	1
2:4	2CH.34.13	1
2:4	2CH.34.15	1
2:4	2CH.36.14	1
2:4	EZR.7.6	1
2:4	EZR.7.11-EZR.7.12	1
2:4	EZR.10.5	1
2:4	NEH.12.7	1
2:4	MAL.2.7	1
2:4	MAT.13.52	1
2:4	MAT.21.15	1
2:4	MAT.26.3	1
2:4	MAT.26.47	1
2:4	MAT.27.1	1
2:4	MRK.8.31	1
2:5	JHN.7.42	8
2:5	RUT.1.1	4
2:5	1SA.16.1	3
2:5	RUT.2.4	2
2:5	JOS.19.15	1
2:5	RUT.1.19	1
2:5	RUT.4.11	1
2:6	EZK.34.23-EZK.34.25	192
2:6	MIC.5.2	150
2:6	ISA.9.6-ISA.9.7	26
2:6	JHN.7.42	26
2:6	GEN.49.10	22
2:6	REV.11.15	19
2:6	MAT.28.18	14
2:6	ISA.40.11	11
2:6	REV.2.27	10
2:6	2SA.5.2	9
2:6	COL.1.18	7
2:6	EZK.37.24-EZK.37.26	6
2:6	PSA.2.1-PSA.2.6	5
2:6	MAT.2.1	5
2:6	NUM.24.19	4
2:6	PSA.78.71-PSA.78.72	4
2:6	JER.23.4-JER.23.6	4
2:6	EPH.1.22	4
2:6	1CH.5.2	3
2:6	JHN.21.16	3
2:7	EXO.1.10	3
2:7	1SA.18.21	3
2:7	PSA.55.21	3
2:7	PSA.64.4-PSA.64.6	3
2:7	PSA.83.3-PSA.83.4	3
2:7	ISA.7.5-ISA.7.7	3
2:7	PSA.10.9-PSA.10.10	2
2:7	EZK.38.10-EZK.38.11	2
2:7	REV.12.1-REV.12.5	2
2:7	MAT.26.3-MAT.26.5	1
2:7	REV.12.15	1
2:8	1CO.3.19-1CO.3.20	7
2:8	JER.41.5-JER.41.7	3
2:8	LUK.20.20-LUK.20.21	3
2:8	1SA.23.22-1SA.23.23	2
2:8	2SA.17.14	2
2:8	1KI.19.2	2
2:8	2KI.10.18-2KI.10.19	2
2:8	EZR.4.1-EZR.4.2	2
2:8	JOB.5.12-JOB.5.13	2
2:8	PSA.12.2-PSA.12.3	2
2:8	PSA.55.11-PSA.55.15	2
2:8	PRO.21.30	2
2:8	PRO.26.24-PRO.26.25	2
2:8	LAM.3.37	2
2:8	MAT.26.48-MAT.26.49	2
2:8	2SA.15.7-2SA.15.12	1
2:8	PSA.33.10-PSA.33.11	1
2:9	PSA.25.12	7
2:9	PRO.8.17	7
2:9	MAT.2.2	7
2:9	2PE.1.19	7
2:9	PRO.2.1-PRO.2.6	4
2:10	PSA.105.3	21
2:10	LUK.2.10	14
2:10	LUK.2.20	14
2:10	ROM.15.9-ROM.15.13	12
2:10	PSA.67.4	8
2:10	DEU.32.13	6
2:10	ACT.13.46-ACT.13.48	4
2:11	ISA.60.6	37
2:11	PSA.72.10	27
2:11	LUK.2.16	18
2:11	MAT.2.2	17
2:11	PSA.95.6	16
2:11	NUM.7.14	10
2:11	1KI.10.2	10
2:11	PSA.72.15	10
2:11	ACT.10.25-ACT.10.26	10
2:11	JHN.5.22-JHN.5.23	9
2:11	REV.5.8	9
2:11	MAT.14.33	8
2:11	LUK.2.26-LUK.2.32	7
2:11	LUK.2.38	7
2:11	REV.19.10	7
2:11	REV.22.8-REV.22.10	7
2:11	GEN.43.11	6
2:11	EXO.30.23	6
2:11	LEV.6.15	6
2:11	NUM.7.86	6
2:11	1SA.10.27	6
2:11	MAT.4.9-MAT.4.10	6
2:11	EXO.30.34	5
2:11	1KI.10.10	5
2:11	PSA.2.12	5
2:11	PSA.45.8	5
2:11	MAL.1.11	5
2:11	LEV.2.1-LEV.2.2	3
2:12	MAT.2.19	8
2:12	MAT.2.22	8
2:12	MAT.2.13	7
2:12	MAT.27.19	6
2:12	GEN.20.6-GEN.20.7	5
2:12	GEN.31.24	5
2:12	MAT.1.20	5
2:12	EXO.1.17	4
2:12	JOB.33.15-JOB.33.17	4
2:12	DAN.2.19	4
2:12	ACT.4.19	4
2:12	ACT.5.29	4
2:12	HEB.11.7	4
2:12	1CO.3.19	2
2:13	EXO.1.22	12
2:13	MAT.1.20	12
2:13	MAT.2.12	12
2:13	ACT.5.19	12
2:13	ACT.10.7	12
2:13	ACT.12.11	12
2:13	JOB.33.15	11
2:13	MAT.2.16	11
2:13	MAT.2.19-MAT.2.20	11
2:13	JOS.4.18	8
2:13	JOB.33.17	8
2:13	MAT.10.23	8
2:13	EXO.2.2-EXO.2.3	7
2:13	JOS.3.17	7
2:13	ACT.7.19	7
2:13	ACT.10.22	7
2:13	HEB.1.13-HEB.1.14	7
2:13	REV.12.14	7
2:13	JOS.3.13	6
2:13	JOS.4.10	6
2:13	DAN.3.25-DAN.3.26	6
2:13	REV.12.4	6
2:13	REV.12.6	6
2:13	ACT.16.36	5
2:13	MAT.2.22	3
2:14	ACT.26.21	7
2:14	MAT.2.20-MAT.2.21	6
2:14	MAT.1.24	5
2:15	HOS.11.1	85
2:15	EXO.4.22	17
2:15	NUM.24.8	11
2:15	LUK.24.44	6
2:15	MAT.1.22	4
2:15	MAT.2.17	3
2:15	MAT.2.19	3
2:15	MAT.2.23	3
2:15	MAT.4.14-MAT.4.15	3
2:15	MAT.8.17	3
2:15	MAT.12.16-MAT.12.18	3
2:15	MAT.21.4	3
2:15	MAT.26.54	3
2:15	ACT.12.1-ACT.12.4	3
2:15	MAT.26.56	2
2:15	JHN.19.28	2
2:15	JHN.19.36	2
2:15	ACT.12.23-ACT.12.24	2
2:15	MAT.27.35	1
2:15	ACT.1.16	1
2:16	ISA.59.7	7
2:16	PRO.28.15	5
2:16	REV.17.6	4
2:16	GEN.49.7	3
2:16	JDG.16.10	3
2:16	2KI.8.12	3
2:16	PRO.28.17	3
2:16	ISA.26.21	3
2:16	DAN.3.13	3
2:16	DAN.3.19-DAN.3.20	3
2:16	HOS.10.14	3
2:16	GEN.39.14	2
2:16	GEN.39.17	2
2:16	NUM.22.29	2
2:16	NUM.24.10	2
2:16	JOB.12.4	2
2:16	PRO.27.3-PRO.27.4	2
2:18	JER.31.15	96
2:18	JER.9.17-JER.9.21	10
2:18	JER.4.31	9
2:18	GEN.35.16-GEN.35.20	5
2:18	EZK.2.10	3
2:18	GEN.37.30	2
2:18	GEN.37.33-GEN.37.35	1
2:18	GEN.42.36	1
2:18	JOB.14.10	1
2:18	REV.8.13	1
2:19	MAT.1.20	7
2:19	DAN.8.25	4
2:19	PSA.76.10	3
2:19	PSA.139.7	3
2:19	ISA.51.12	3
2:19	JER.30.10	3
2:19	EZK.11.16	3
2:19	DAN.11.45	3
2:19	MAT.2.12-MAT.2.13	3
2:19	MAT.2.22	3
2:20	EXO.4.19	8
2:20	1KI.12.1-1KI.12.3	5
2:20	MAT.2.13	5
2:20	1KI.11.21	4
2:20	1KI.11.40	4
2:20	PRO.3.5-PRO.3.6	3
2:21	GEN.6.22	4
2:21	HEB.11.8	4
2:22	ISA.48.17-ISA.48.18	6
2:22	LUK.2.39	5
2:22	JHN.7.52	5
2:22	ISA.30.21	4
2:22	GEN.19.17-GEN.19.21	3
2:22	1SA.16.2	3
2:22	PSA.48.14	3
2:22	PSA.73.24	3
2:22	PSA.107.6-PSA.107.7	3
2:22	PSA.121.8	3
2:22	MAT.1.20	3
2:22	MAT.2.12-MAT.2.13	3
2:22	MAT.2.19	3
2:22	MAT.3.13	3
2:22	JHN.7.41-JHN.7.42	3
2:22	ACT.9.13-ACT.9.14	3
2:23	JDG.13.5	14
2:23	JHN.1.45-JHN.1.46	7
2:23	MRK.1.24	2
2:23	MAT.1.22	1
2:23	MAT.26.71	1
2:23	LUK.1.26	1
2:23	LUK.2.39	1
2:23	JHN.18.5	1
2:23	JHN.18.7	1
2:23	JHN.19.19	1
2:23	ACT.24.5	1
2:23	AMO.2.10-AMO.2.12	0
2:23	ACT.2.22	0
3:1	ISA.40.3-ISA.40.6	15
3:1	JHN.1.6-JHN.1.8	8
3:1	LUK.1.13-LUK.1.17	7
3:1	LUK.1.76	7
3:1	MAT.11.11	6
3:1	LUK.3.1-LUK.3.20	6
3:1	ACT.19.3-ACT.19.4	5
3:1	MAT.16.14	4
3:1	MRK.1.15	4
3:1	ACT.13.24-ACT.13.25	4
3:1	MAT.3.8	3
3:1	MAT.11.7	3
3:1	MAT.14.2-MAT.14.14	3
3:1	MAT.17.12-MAT.17.13	3
3:1	MAT.21.25-MAT.21.27	3
3:1	MRK.1.3-MRK.1.8	3
3:1	MRK.6.16-MRK.6.29	3
3:1	LUK.7.24	3
3:1	ACT.1.22	3
3:1	JOS.15.61-JOS.15.62	2
3:1	JDG.1.16	2
3:1	MAT.21.32	2
3:1	JHN.1.15-JHN.1.36	2
3:1	JHN.3.27-JHN.3.36	2
3:1	JOS.14.10	1
3:2	MRK.1.15	25
3:2	MAT.4.17	23
3:2	DAN.2.44	15
3:2	MAT.6.10	15
3:2	MAT.10.7	15
3:2	LUK.24.47	15
3:2	2CO.7.10	15
3:2	ACT.3.19	13
3:2	LUK.15.10	12
3:2	MAT.13.44-MAT.13.45	11
3:2	LUK.13.3	10
3:2	LUK.10.9-LUK.10.11	9
3:2	LUK.11.20	9
3:2	JHN.3.3-JHN.3.5	9
3:2	ACT.2.38	9
3:2	ACT.17.30	9
3:2	ACT.20.21	9
3:2	2PE.3.9	9
3:2	MAT.5.10	8
3:2	MAT.12.41	8
3:2	MAT.13.33	8
3:2	MAT.13.47	8
3:2	MAT.13.52	8
3:2	MAT.21.29-MAT.21.32	8
3:2	LUK.6.20	8
3:2	ACT.11.18	8
3:2	JOB.42.6	7
3:2	EZK.33.11	7
3:2	MAT.5.3	7
3:2	MAT.18.1-MAT.18.4	7
3:2	MRK.1.4	7
3:2	MRK.6.12	7
3:2	LUK.9.2	7
3:2	LUK.13.5	7
3:2	LUK.15.7	7
3:2	COL.1.13	7
3:2	2TI.2.25	7
3:2	EZK.18.30-EZK.18.32	6
3:2	MAT.6.33	6
3:2	MAT.13.31	6
3:2	HEB.6.1	6
3:2	MAT.11.11-MAT.11.12	5
3:2	MAT.13.11	5
3:2	MAT.22.2	5
3:2	ACT.26.20	5
3:2	REV.2.5	5
3:2	REV.2.21	5
3:2	1KI.8.47	4
3:2	MAT.5.19-MAT.5.20	4
3:2	MAT.11.20	4
3:2	MAT.18.23	4
3:2	MAT.20.1	4
3:2	MAT.23.13	4
3:2	MAT.25.1	4
3:2	MAT.13.24	3
3:2	MAT.25.14	3
3:2	LUK.16.30	3
3:2	LUK.21.31	3
3:3	ISA.40.3	49
3:3	MAL.3.1	23
3:3	JHN.1.23	18
3:3	ISA.57.14-ISA.57.15	11
3:3	MRK.1.3	11
3:3	LUK.1.76	11
3:3	LUK.1.17	10
3:3	LUK.3.3-LUK.3.6	9
3:4	2KI.1.8	13
3:4	LEV.11.22	5
3:4	ZEC.13.4	5
3:4	MAT.11.8	5
3:4	MRK.1.6	5
3:4	MAL.4.5	3
3:4	LUK.1.17	3
3:4	DEU.32.13	2
3:4	1SA.14.25-1SA.14.27	2
3:4	MAT.11.18	2
3:4	REV.11.3	2
3:5	MRK.1.5	5
3:5	MAT.11.7-MAT.11.12	3
3:5	LUK.3.7	3
3:5	LUK.16.16	3
3:5	JHN.3.23	3
3:5	JHN.5.35	3
3:5	MAT.4.25	2
3:6	ACT.19.18	5
3:6	MAT.3.13-MAT.3.16	4
3:6	1JN.1.9	4
3:6	EZK.36.25	3
3:6	MAT.3.11	3
3:6	JHN.1.25-JHN.1.28	3
3:6	ACT.2.38-ACT.2.41	3
3:6	HEB.9.10	3
3:6	LEV.16.21	2
3:6	LEV.26.40	2
3:6	NUM.5.7	2
3:6	JOS.7.19	2
3:6	JOB.33.27-JOB.33.28	2
3:6	PSA.32.5	2
3:6	PRO.28.13	2
3:6	DAN.9.4	2
3:6	MRK.1.5	2
3:6	MRK.1.8-MRK.1.9	2
3:6	LUK.3.16	2
3:6	LUK.15.18-LUK.15.21	2
3:6	JHN.1.31-JHN.1.33	2
3:6	JHN.3.23-JHN.3.25	2
3:6	ACT.1.5	2
3:6	ACT.10.36-ACT.10.38	2
3:6	ACT.11.16	2
3:6	ACT.19.4-ACT.19.5	2
3:6	ACT.22.16	2
3:6	1CO.10.2	2
3:6	HEB.6.2	2
3:6	COL.2.12	1
3:6	TIT.3.5-TIT.3.6	1
3:6	JAS.5.16	1
3:6	1PE.3.21	1
3:7	MAT.12.34	7
3:7	MAT.22.23	6
3:7	MAT.23.33	6
3:7	ROM.5.9	6
3:7	1TH.1.10	6
3:7	MAT.16.6	5
3:7	MAT.23.13-MAT.23.28	5
3:7	ROM.1.18	5
3:7	JER.6.10	4
3:7	MAT.16.11-MAT.16.12	4
3:7	2TH.1.9-2TH.1.10	4
3:7	1JN.3.10	4
3:7	GEN.3.15	3
3:7	PSA.58.3-PSA.58.6	3
3:7	ISA.57.3-ISA.57.4	3
3:7	ISA.59.5	3
3:7	JER.51.6	3
3:7	LUK.3.7-LUK.3.9	3
3:7	JHN.8.44	3
3:7	JHN.9.40	3
3:7	EZK.3.18-EZK.3.21	2
3:7	EZK.33.3-EZK.33.7	2
3:7	MAT.5.20	2
3:7	MAT.12.24	2
3:7	MAT.22.15	2
3:7	MAT.22.34	2
3:7	MRK.7.3-MRK.7.5	2
3:7	MRK.8.15	2
3:7	MRK.12.13	2
3:7	MRK.12.18	2
3:7	LUK.7.30	2
3:7	LUK.11.39-LUK.11.44	2
3:7	LUK.16.14	2
3:7	LUK.18.11	2
3:7	JHN.1.24	2
3:7	JHN.7.45-JHN.7.49	2
3:7	ACT.4.1-ACT.4.2	2
3:7	ACT.5.17	2
3:7	ACT.15.5	2
3:7	ACT.20.31	2
3:7	ACT.23.6-ACT.23.9	2
3:7	ACT.26.5	2
3:7	HEB.11.7	2
3:7	REV.6.16-REV.6.17	2
3:7	REV.12.9-REV.12.10	2
3:7	MAT.15.12	1
3:7	HEB.6.18	1
3:8	LUK.3.8	25
3:8	ACT.26.20	20
3:8	2PE.1.4-2PE.1.8	18
3:8	GAL.5.22-GAL.5.23	16
3:8	EPH.5.9	12
3:8	PHP.1.11	12
3:8	ISA.1.16-ISA.1.17	10
3:8	JER.36.3	9
3:8	JER.26.13	8
3:8	MAT.21.28-MAT.21.30	8
3:8	ROM.2.4-ROM.2.7	8
3:8	JER.7.3-JER.7.7	6
3:8	2CO.7.10-2CO.7.11	5
3:8	MAT.21.32	4
3:8	LUK.3.10-LUK.3.14	3
3:9	LUK.3.8	17
3:9	ROM.9.7-ROM.9.8	16
3:9	GAL.3.27-GAL.3.29	13
3:9	JHN.8.33	8
3:9	ACT.13.26	7
3:9	ROM.4.1	7
3:9	GAL.4.22-GAL.4.31	7
3:9	LUK.16.24	6
3:9	EZK.33.24	5
3:9	MAT.8.11-MAT.8.12	5
3:9	MRK.7.21	5
3:9	LUK.5.22	5
3:9	JHN.8.39-JHN.8.40	5
3:9	JHN.8.53	5
3:9	LUK.7.39	4
3:9	LUK.19.40	4
3:9	ACT.15.14	4
3:9	ROM.4.11-ROM.4.17	4
3:9	1CO.1.27-1CO.1.28	4
3:9	LUK.12.17	3
3:9	EPH.2.12-EPH.2.13	3
3:10	JHN.15.6	24
3:10	LUK.3.9	20
3:10	MAT.7.19	16
3:10	JHN.15.2	14
3:10	LUK.13.6-LUK.13.9	13
3:10	JER.17.8	10
3:10	EZK.15.2-EZK.15.7	10
3:10	MAL.3.1-MAL.3.3	10
3:10	PSA.92.13-PSA.92.14	8
3:10	MAL.4.1	7
3:10	HEB.6.8	7
3:10	1PE.4.17-1PE.4.18	7
3:10	PSA.1.3	6
3:10	MAT.21.19	6
3:10	PSA.80.15-PSA.80.16	5
3:10	ISA.27.11	5
3:10	ISA.61.3	5
3:10	LUK.23.31	5
3:10	HEB.3.1-HEB.3.3	5
3:10	HEB.10.28-HEB.10.31	5
3:10	ISA.5.2-ISA.5.7	4
3:10	HEB.12.25	4
3:11	ISA.4.4	27
3:11	LUK.3.16	26
3:11	ACT.1.5	23
3:11	ZEC.13.9	15
3:11	MAL.3.2-MAL.3.4	13
3:11	MRK.1.7-MRK.1.8	13
3:11	ACT.2.2-ACT.2.4	13
3:11	TIT.3.5	11
3:11	ACT.11.15-ACT.11.16	10
3:11	JHN.1.33-JHN.1.34	8
3:11	1CO.12.13	8
3:11	JHN.1.26-JHN.1.27	7
3:11	MAT.3.6	6
3:11	LUK.1.17	5
3:11	ACT.19.4	5
3:11	MRK.1.4	4
3:11	JHN.1.30	4
3:11	ISA.59.20-ISA.59.21	3
3:11	JHN.3.23-JHN.3.36	3
3:11	GAL.3.27-GAL.3.28	3
3:11	EPH.3.8	3
3:11	ISA.44.3	2
3:11	LUK.3.3	1
3:11	LUK.7.6-LUK.7.7	1
3:11	JHN.1.15	1
3:11	ACT.13.24-ACT.13.25	1
3:11	1PE.5.5	1
3:12	MAL.4.1	23
3:12	MAT.13.30	17
3:12	LUK.3.17	13
3:12	ISA.41.16	11
3:12	JER.51.2	10
3:12	PSA.1.4	9
3:12	MAT.13.41	9
3:12	JER.7.20	6
3:12	MAL.3.2-MAL.3.3	6
3:12	JHN.15.2	6
3:12	PSA.35.5	5
3:12	JER.15.7	5
3:12	MRK.9.43-MRK.9.48	5
3:12	JOB.21.18	4
3:12	ISA.1.31	4
3:12	ISA.5.24	4
3:12	ISA.17.13	4
3:12	ISA.30.24	4
3:12	ISA.66.24	4
3:12	JER.17.27	4
3:12	EZK.20.47-EZK.20.48	4
3:12	MAT.13.43	4
3:12	MAT.13.49-MAT.13.50	4
3:12	JER.4.11	3
3:12	HOS.13.3	3
3:12	AMO.9.9	3
3:13	JHN.1.32-JHN.1.34	9
3:13	MAT.2.22	3
3:13	MRK.1.9-MRK.1.11	3
3:13	LUK.3.21-LUK.3.22	2
3:14	JHN.3.3-JHN.3.7	5
3:14	JHN.13.6-JHN.13.8	4
3:14	ACT.1.5-ACT.1.8	4
3:14	LUK.1.43	3
3:14	JHN.1.16	3
3:14	ROM.3.23	3
3:14	ROM.3.25	3
3:14	GAL.3.22	3
3:14	GAL.3.27-GAL.3.29	3
3:14	GAL.4.6	3
3:14	EPH.2.3-EPH.2.5	3
3:14	REV.7.9-REV.7.17	2
3:15	JHN.4.34	13
3:15	ISA.42.21	12
3:15	JHN.13.15	10
3:15	JHN.15.10	10
3:15	LUK.1.6	9
3:15	PHP.2.7-PHP.2.8	9
3:15	PSA.40.7-PSA.40.8	8
3:15	JHN.8.29	7
3:15	JHN.13.7-JHN.13.9	7
3:15	1PE.2.21-1PE.2.24	6
3:15	1JN.2.6	6
3:15	HEB.7.26	4
3:16	ISA.11.2	21
3:16	MRK.1.10	18
3:16	LUK.3.21-LUK.3.22	18
3:16	ISA.42.1	15
3:16	JHN.1.31-JHN.1.34	15
3:16	ISA.61.1	10
3:16	ACT.7.56	6
3:16	EZK.1.1	5
3:16	COL.1.18-COL.1.19	4
3:16	JHN.3.34	3
3:16	ISA.59.21	2
3:17	ISA.42.1	36
3:17	MAT.17.5	27
3:17	PSA.2.7	26
3:17	LUK.9.35	18
3:17	MAT.12.18	17
3:17	MRK.9.7	16
3:17	2PE.1.17	14
3:17	MRK.1.11	12
3:17	LUK.3.22	12
3:17	JHN.12.28-JHN.12.30	9
3:17	COL.1.13	6
3:17	EPH.1.6	5
3:17	ISA.42.21	3
3:17	JHN.5.37	3
4:1	HEB.2.18	45
4:1	LUK.4.1-LUK.4.13	37
4:1	MRK.1.12-MRK.1.15	29
4:1	HEB.4.15-HEB.4.16	25
4:1	ROM.8.14	13
4:1	EZK.43.5	8
4:1	JHN.14.30	8
4:1	EZK.3.14	5
4:1	EZK.3.12	4
4:1	ACT.8.39	2
4:1	1KI.18.12	1
4:1	EZK.40.2	1
4:1	GEN.3.15	0
4:1	2KI.2.16	0
4:1	EZK.11.1	0
4:2	DEU.9.18	16
4:2	EXO.34.28	14
4:2	1KI.19.8	12
4:2	LUK.4.2	10
4:2	DEU.9.9	7
4:2	EXO.24.18	5
4:2	DEU.9.25	5
4:2	DEU.18.18	4
4:2	MRK.11.12	4
4:2	JHN.4.6	4
4:2	HEB.2.14-HEB.2.17	3
4:2	MAT.21.18	2
4:3	GEN.3.1-GEN.3.5	10
4:3	1TH.3.5	10
4:3	NUM.11.4-NUM.11.6	7
4:3	LUK.22.31-LUK.22.32	6
4:3	REV.2.10	6
4:3	PSA.78.17-PSA.78.20	4
4:3	GEN.25.29-GEN.25.34	3
4:3	JOB.1.9-JOB.1.12	3
4:3	JOB.2.4-JOB.2.7	3
4:3	MAT.3.17	3
4:3	REV.12.9-REV.12.11	3
4:3	EXO.16.3	2
4:3	HEB.12.16	2
4:3	MAT.14.33	1
4:3	LUK.4.3	1
4:3	LUK.4.9	1
4:3	ACT.9.20	1
4:4	DEU.8.3	392
4:4	LUK.4.4	163
4:4	JHN.6.63	112
4:4	JHN.6.31-JHN.6.59	109
4:4	ROM.15.4	88
4:4	EPH.6.17	70
4:4	EXO.16.15	42
4:4	LUK.4.8	35
4:4	EXO.16.35	28
4:4	EXO.16.8	22
4:4	MAT.4.10	22
4:4	JHN.6.5-JHN.6.15	19
4:4	2KI.7.1-2KI.7.2	16
4:4	MAT.4.7	15
4:4	MAL.3.9-MAL.3.11	13
4:4	LUK.4.12	13
4:4	MAT.14.16-MAT.14.21	12
4:4	EXO.23.15	11
4:4	1KI.17.12-1KI.17.16	11
4:4	HAG.2.16-HAG.2.19	10
4:4	MRK.8.4-MRK.8.9	10
4:4	2KI.4.42-2KI.4.44	9
4:4	MRK.6.38-MRK.6.44	9
4:5	LUK.4.9	9
4:5	MAT.27.53	5
4:5	REV.11.2	5
4:5	ISA.48.2	3
4:5	NEH.11.1	2
4:5	NEH.11.18	2
4:5	ISA.52.1	2
4:5	DAN.9.16	2
4:5	DAN.9.24	2
4:5	JHN.19.11	2
4:5	2CH.3.4	1
4:6	PSA.91.11-PSA.91.12	112
4:6	HEB.1.14	20
4:6	PSA.34.7	17
4:6	2CO.11.14	15
4:6	PSA.34.20	11
4:6	MAT.4.4	9
4:6	JOB.5.23	7
4:6	JOB.1.10	6
4:6	LUK.4.9-LUK.4.12	4
4:7	DEU.6.16	110
4:7	1CO.10.9	35
4:7	PSA.78.41	27
4:7	PSA.78.18	26
4:7	HEB.3.9	22
4:7	EXO.17.2	19
4:7	EXO.17.7	19
4:7	ACT.5.9	16
4:7	PSA.78.56	14
4:7	PSA.106.14	14
4:7	NUM.14.22	13
4:7	PSA.95.9	13
4:7	MAL.3.15	12
4:7	ISA.8.20	4
4:7	MAT.4.4	4
4:7	MAT.4.10	4
4:7	MAT.21.16	1
4:7	MAT.21.42	1
4:7	MAT.22.31-MAT.22.32	1
4:8	1JN.2.15-1JN.2.16	15
4:8	REV.11.15	10
4:8	PSA.49.16-PSA.49.17	9
4:8	MAT.16.26	9
4:8	LUK.4.5-LUK.4.7	9
4:8	HEB.11.24-HEB.11.26	7
4:8	1PE.1.24	7
4:8	DAN.4.30	3
4:8	EST.5.11	2
4:8	EST.1.4	1
4:9	2CO.4.4	7
4:9	DAN.5.18-DAN.5.19	5
4:9	JHN.16.11	5
4:9	REV.19.10	5
4:9	REV.22.8-REV.22.9	5
4:9	PSA.72.11	3
4:9	1CO.10.20-1CO.10.21	3
4:9	1SA.2.7-1SA.2.8	2
4:9	PSA.113.7-PSA.113.8	2
4:9	PRO.8.15	2
4:9	JER.27.5-JER.27.6	2
4:9	DAN.2.37-DAN.2.38	2
4:9	DAN.4.32	2
4:9	DAN.5.26-DAN.5.28	2
4:9	MAT.26.15	2
4:9	JHN.12.31	2
4:9	JHN.13.3	2
4:9	JHN.14.30	2
4:9	1TI.3.6	2
4:9	REV.19.16	2
4:10	DEU.6.13-DEU.6.14	100
4:10	DEU.10.20	54
4:10	JOS.24.14	35
4:10	LUK.4.8	28
4:10	1SA.7.3	25
4:10	JAS.4.7	18
4:10	MAT.16.23	12
4:10	1PE.5.9	11
4:10	ZEC.3.1-ZEC.3.2	6
4:10	JOB.2.1	5
4:10	1CH.21.1	4
4:10	JOB.1.12	4
4:11	MAT.26.53	15
4:11	LUK.22.43	11
4:11	HEB.1.14	10
4:11	LUK.4.13	8
4:11	REV.5.11-REV.5.12	8
4:11	MAT.4.6	4
4:11	MAT.28.2-MAT.28.5	4
4:11	LUK.22.53	4
4:11	HEB.1.6	4
4:11	MRK.1.13	3
4:11	JHN.14.30	3
4:11	1TI.3.16	3
4:12	MRK.1.14	13
4:12	LUK.3.20	7
4:12	MAT.14.3	5
4:12	LUK.4.14	4
4:12	MRK.6.17	3
4:12	JHN.3.24	3
4:12	LUK.4.31	1
4:12	JHN.4.43	1
4:12	JHN.4.54	1
4:13	MRK.1.21	5
4:13	JHN.4.46	5
4:13	MAT.11.23	4
4:13	JHN.6.24	3
4:13	JHN.6.59	3
4:13	JOS.19.10-JOS.19.16	2
4:13	JOS.19.32-JOS.19.39	2
4:13	MAT.17.24	2
4:13	LUK.4.30-LUK.4.31	2
4:13	JHN.2.12	2
4:13	JHN.6.17	2
4:13	LUK.4.23	1
4:14	ISA.9.1-ISA.9.2	27
4:14	MAT.2.23	7
4:14	LUK.24.44	5
4:14	MAT.2.15	4
4:14	MAT.12.17-MAT.12.21	4
4:14	LUK.22.37	4
4:14	MAT.1.22	3
4:14	MAT.8.17	3
4:14	MAT.26.54	3
4:14	MAT.26.56	3
4:14	JHN.15.25	3
4:14	JHN.19.28	3
4:14	JHN.19.36-JHN.19.37	3
4:15	ISA.9.1	38
4:15	JOS.21.32	0
4:16	ISA.9.2	52
4:16	ISA.42.6-ISA.42.7	29
4:16	LUK.1.78-LUK.1.79	18
4:16	ISA.60.1-ISA.60.3	17
4:16	MIC.7.8	16
4:16	PSA.107.10-PSA.107.14	14
4:16	LUK.2.32	14
4:16	AMO.5.8	10
4:16	JOB.34.22	9
4:16	JOB.3.5	8
4:16	JOB.10.22	8
4:16	JER.13.16	8
4:16	PSA.44.19	7
4:17	MAT.3.2	41
4:17	MRK.1.14-MRK.1.15	29
4:17	ACT.2.38	29
4:17	LUK.5.32	20
4:17	LUK.24.47	19
4:17	ACT.17.30	16
4:17	MAT.9.13	13
4:17	LUK.15.7	13
4:17	ACT.26.20	13
4:17	LUK.15.10	11
4:17	ACT.3.19	11
4:17	2TI.2.25-2TI.2.26	11
4:17	MAT.13.47	10
4:17	MAT.25.1	10
4:17	ACT.11.18	10
4:17	ACT.20.21	10
4:17	MAT.10.7	9
4:17	HEB.6.1	9
4:17	LUK.10.11-LUK.10.14	8
4:17	MAT.11.12	7
4:17	LUK.9.2	7
4:17	MAT.13.9	6
4:17	MAT.13.24	6
4:17	MAT.13.11	4
4:18	JHN.1.40-JHN.1.42	18
4:18	MAT.10.2	11
4:18	MRK.1.16-MRK.1.20	9
4:18	LUK.6.14	8
4:18	LUK.5.1-LUK.5.11	7
4:18	MAT.16.18	6
4:18	MAT.15.29	4
4:18	MRK.7.31	4
4:18	JHN.6.1	4
4:18	JHN.21.1	4
4:18	1CO.1.27-1CO.1.29	4
4:18	JDG.6.11-JDG.6.12	3
4:18	JHN.6.8	3
4:18	EXO.3.1	2
4:18	EXO.3.10	2
4:18	NUM.34.11	2
4:18	DEU.3.17	2
4:18	1KI.19.19-1KI.19.21	2
4:18	PSA.78.70-PSA.78.72	2
4:18	AMO.7.14-AMO.7.15	2
4:18	MAT.1.16-MAT.1.18	2
4:19	MRK.1.17-MRK.1.18	45
4:19	JHN.12.26	35
4:19	MAT.16.24	30
4:19	LUK.9.59	19
4:19	JHN.1.43	16
4:19	LUK.5.27	14
4:19	JHN.21.22	14
4:19	MRK.2.14	11
4:19	LUK.5.10-LUK.5.11	11
4:19	MAT.19.21	9
4:19	EZK.47.9-EZK.47.10	8
4:19	MAT.8.22	8
4:19	1CO.9.20-1CO.9.22	8
4:19	MAT.9.9	7
4:20	MRK.10.28-MRK.10.31	6
4:20	MAT.19.27	5
4:20	1KI.19.21	4
4:20	PSA.119.60	4
4:20	LUK.18.28-LUK.18.30	4
4:20	MAT.10.37	3
4:20	GAL.1.16	3
4:21	MAT.10.2	4
4:21	MRK.1.19-MRK.1.20	4
4:21	MRK.3.17	4
4:21	LUK.5.10-LUK.5.11	3
4:21	JHN.21.2	3
4:21	ACT.12.2	3
4:21	MAT.17.1	2
4:21	MAT.20.20-MAT.20.21	2
4:21	MAT.26.37	2
4:21	MRK.5.37	2
4:22	MAT.10.37	4
4:22	DEU.33.9-DEU.33.10	3
4:22	MRK.1.20	3
4:22	LUK.9.59-LUK.9.60	3
4:22	LUK.14.26	3
4:22	LUK.14.33	2
4:22	2CO.5.16	2
4:23	MAT.9.35	20
4:23	MRK.1.39	17
4:23	LUK.7.22	14
4:23	ACT.10.38	13
4:23	MAT.11.5	11
4:23	PSA.103.3	8
4:23	MAT.13.54	8
4:23	MAT.24.14	8
4:23	LUK.4.15-LUK.4.18	8
4:23	MAT.8.16-MAT.8.17	7
4:23	MRK.1.21	7
4:23	MAT.12.9	6
4:23	MAT.15.30-MAT.15.31	6
4:23	MRK.6.2	6
4:23	MRK.6.6	6
4:23	LUK.8.1	6
4:23	ACT.5.15-ACT.5.16	6
4:23	ROM.10.15	6
4:23	MRK.1.14	5
4:23	MRK.1.32-MRK.1.34	5
4:23	MRK.3.10	5
4:23	LUK.4.43-LUK.4.44	5
4:23	LUK.5.17	5
4:23	LUK.9.11	5
4:23	LUK.13.10	5
4:23	JHN.18.20	5
4:23	PSA.74.8	4
4:23	ACT.9.13-ACT.9.43	4
4:23	MAT.3.2	3
4:23	MAT.13.19	3
4:23	MAT.14.14	3
4:23	LUK.6.17	3
4:23	LUK.10.9	3
4:23	JHN.6.59	3
4:23	ACT.18.4	3
4:23	ACT.20.25	3
4:23	MAT.10.7-MAT.10.8	2
4:23	LUK.4.40-LUK.4.41	2
4:23	LUK.20.1	2
4:23	JHN.7.1	2
4:24	MAT.8.6	8
4:24	MAT.17.15	8
4:24	MAT.12.22	6
4:24	MAT.15.22	6
4:24	MAT.17.18	6
4:24	LUK.2.2	6
4:24	LUK.5.15	6
4:24	ACT.10.38	5
4:24	EXO.15.26	4
4:24	MAT.4.23	4
4:24	MAT.9.31-MAT.9.32	4
4:24	MRK.1.32	4
4:24	MRK.2.3	4
4:24	ACT.15.23	4
4:24	JOS.6.27	3
4:24	1KI.4.31	3
4:24	1KI.10.1	3
4:24	1CH.14.17	3
4:24	MAT.8.13-MAT.8.16	3
4:24	MAT.9.2-MAT.9.8	3
4:24	MAT.14.1	3
4:24	MRK.1.28	3
4:24	LUK.4.14	3
4:24	LUK.4.33-LUK.4.35	3
4:24	LUK.8.27-LUK.8.37	3
4:24	ACT.15.41	3
4:24	2SA.8.6	2
4:24	MAT.8.28	2
4:24	MAT.9.26	2
4:24	MAT.9.35	2
4:24	MRK.5.2-MRK.5.18	2
4:24	JHN.10.21	2
4:25	LUK.6.17	5
4:25	MRK.5.20	4
4:25	MRK.3.7-MRK.3.8	3
4:25	MRK.7.31	3
4:25	MAT.5.1	2
4:25	MAT.8.1	2
4:25	MAT.12.15	2
4:25	MAT.19.2	2
4:25	MRK.6.2	2
4:25	LUK.6.19	2
5:1	MRK.3.13	19
5:1	MAT.15.29	15
5:1	JHN.6.2-JHN.6.3	14
5:1	MRK.4.1	13
5:1	MRK.3.20	10
5:1	MAT.4.25	6
5:1	MAT.10.2-MAT.10.4	4
5:1	LUK.6.13-LUK.6.16	4
5:1	MAT.4.18-MAT.4.22	3
5:1	MAT.13.2	3
5:2	ACT.8.35	8
5:2	LUK.6.20-LUK.6.26	6
5:2	ACT.10.34	4
5:2	MAT.13.35	3
5:2	PRO.8.6	2
5:2	PRO.31.8-PRO.31.9	2
5:2	ACT.18.14	2
5:2	EPH.6.19	2
5:2	PSA.78.1-PSA.78.2	1
5:2	JOB.3.1	0
5:3	ISA.66.2	167
5:3	PRO.29.23	159
5:3	PSA.34.18	134
5:3	PRO.16.19	113
5:3	LUK.18.14	96
5:3	2CH.7.14	80
5:3	PSA.51.17	77
5:3	ISA.57.15	64
5:3	JAS.2.5	60
5:3	LUK.6.20-LUK.6.26	57
5:3	ISA.61.1	51
5:3	2CH.34.27	47
5:3	MAT.5.3-MAT.5.12	45
5:3	MAT.18.1-MAT.18.3	42
5:3	MIC.6.8	39
5:3	JAS.4.9-JAS.4.10	33
5:3	LUK.11.28	29
5:3	PSA.1.1	28
5:3	JOB.42.6	27
5:3	PSA.112.1	26
5:3	PSA.119.1-PSA.119.2	26
5:3	MAT.11.25	23
5:3	ISA.30.18	22
5:3	2CH.33.12	20
5:3	2CH.33.23	20
5:3	PSA.32.1-PSA.32.2	20
5:3	PSA.146.5	20
5:3	DEU.8.2	19
5:3	PSA.2.12	19
5:3	PSA.41.1	19
5:3	MAT.13.16	19
5:3	JAS.1.12	19
5:3	2CH.33.19	18
5:3	MRK.10.14	18
5:3	LUK.4.18	18
5:3	LEV.26.41-LEV.26.42	17
5:3	PRO.8.32	17
5:3	MAT.24.46	17
5:3	JHN.20.29	17
5:3	REV.22.14	16
5:3	ROM.4.6-ROM.4.9	15
5:3	REV.19.9	15
5:3	PSA.128.1	14
5:3	JER.31.18-JER.31.20	14
5:3	JAS.1.10	14
5:3	PSA.84.12	13
5:3	DAN.5.21-DAN.5.22	12
5:3	MAT.8.11	12
5:3	MAT.25.34	12
5:3	MAT.11.6	11
5:3	MAT.3.2	9
5:4	REV.21.4	96
5:4	2CO.7.9-2CO.7.10	80
5:4	ISA.61.2-ISA.61.3	57
5:4	JHN.16.20-JHN.16.22	57
5:4	PSA.126.5-PSA.126.6	46
5:4	ISA.57.18	43
5:4	LUK.6.21	37
5:4	REV.7.14-REV.7.17	37
5:4	JAS.1.12	30
5:4	ISA.51.11-ISA.51.12	28
5:4	ISA.25.8	25
5:4	2CO.1.4-2CO.1.7	24
5:4	ISA.66.10	22
5:4	PSA.30.7-PSA.30.11	21
5:4	ISA.35.10	21
5:4	EZK.9.4	21
5:4	ISA.30.19	20
5:4	JER.31.16-JER.31.17	17
5:4	PSA.40.1-PSA.40.3	16
5:4	PSA.69.29-PSA.69.30	16
5:4	PSA.116.3-PSA.116.7	16
5:4	LUK.16.25	16
5:4	ISA.12.1	15
5:4	PSA.13.1-PSA.13.5	14
5:4	EZK.7.16	14
5:4	PSA.6.1-PSA.6.9	13
5:4	ISA.38.14-ISA.38.19	13
5:4	LUK.6.25	13
5:4	PSA.32.3-PSA.32.7	12
5:4	JER.31.9-JER.31.12	11
5:4	ZEC.12.10-ZEC.13.1	10
5:4	LUK.7.50	10
5:4	LUK.7.38	8
5:5	PSA.37.11	109
5:5	ISA.29.19	80
5:5	JAS.3.13	66
5:5	PSA.149.4	50
5:5	GAL.5.23	49
5:5	COL.3.12	41
5:5	NUM.12.3	40
5:5	PSA.25.9	40
5:5	MAT.11.29	40
5:5	JAS.1.21	39
5:5	EPH.4.2	32
5:5	ZEP.2.3	28
5:5	1PE.3.15	28
5:5	TIT.3.2	24
5:5	PSA.25.13	22
5:5	PSA.37.9	22
5:5	PSA.37.22	22
5:5	PSA.37.29	22
5:5	PSA.69.32	22
5:5	ISA.11.4	22
5:5	1PE.3.4	19
5:5	ROM.4.13	18
5:5	1TI.6.11	17
5:5	PSA.147.6	16
5:5	PSA.37.34	15
5:5	MAT.21.5	15
5:5	2TI.2.25	15
5:5	ISA.60.21	14
5:5	ISA.61.1	14
5:5	PSA.22.26	9
5:6	PSA.107.9	148
5:6	JHN.4.14	147
5:6	JHN.6.27	94
5:6	JHN.6.48-JHN.6.58	68
5:6	PSA.145.19	61
5:6	ISA.55.1-ISA.55.3	58
5:6	JHN.7.37	56
5:6	LUK.6.21	50
5:6	REV.7.16	46
5:6	PSA.42.1-PSA.42.2	45
5:6	ISA.44.3	42
5:6	PSA.63.1-PSA.63.2	40
5:6	AMO.8.11-AMO.8.13	35
5:6	LUK.1.53	28
5:6	PSA.65.4	25
5:6	PSA.4.6-PSA.4.7	24
5:6	PSA.84.2	23
5:6	ISA.65.13	23
5:6	PSA.17.15	22
5:6	ISA.49.9-ISA.49.10	22
5:6	ISA.41.17	21
5:6	ISA.25.6	20
5:6	PSA.63.5	19
5:6	LUK.6.25	19
5:6	SNG.5.1	10
5:6	ISA.66.11	9
5:7	EPH.4.32-EPH.5.1	74
5:7	MAT.6.14-MAT.6.15	60
5:7	2SA.22.26	53
5:7	MAT.18.33-MAT.18.35	47
5:7	PSA.18.25	42
5:7	JAS.2.13	36
5:7	JAS.3.17	33
5:7	COL.3.12	29
5:7	MIC.6.8	26
5:7	LUK.6.35	22
5:7	PRO.19.17	21
5:7	PSA.41.1-PSA.41.4	19
5:7	DAN.4.27	19
5:7	HEB.6.10	19
5:7	PRO.11.17	18
5:7	PRO.14.21	17
5:7	HEB.4.16	17
5:7	MRK.11.25	16
5:7	1PE.2.10	16
5:7	PSA.37.26	14
5:7	PSA.112.4	14
5:7	PSA.112.9	13
5:7	HOS.2.1	12
5:7	ISA.58.6-ISA.58.12	11
5:7	1TI.1.13	11
5:7	1TI.1.16	11
5:7	HOS.2.23	10
5:7	2TI.1.16-2TI.1.18	10
5:7	JOB.31.16-JOB.31.22	9
5:7	1CO.7.25	9
5:7	HOS.1.6	8
5:7	ISA.57.1	7
5:7	ROM.11.30	7
5:7	2CO.4.1	4
5:8	PSA.24.4	102
5:8	PSA.51.10	97
5:8	HEB.10.22	83
5:8	HEB.12.14	77
5:8	EZK.36.25-EZK.36.27	67
5:8	PRO.22.11	66
5:8	JAS.4.8	64
5:8	1PE.1.22	57
5:8	JAS.3.17	48
5:8	PSA.15.2	38
5:8	TIT.1.15	38
5:8	PSA.73.1	36
5:8	1JN.3.2-1JN.3.3	35
5:8	ACT.15.9	34
5:8	MAT.23.25-MAT.23.28	32
5:8	2CO.7.1	27
5:8	HEB.9.14	25
5:8	PSA.18.26	22
5:8	1CH.29.17-1CH.29.19	21
5:8	JOB.19.26-JOB.19.27	20
5:8	1CO.13.12	19
5:8	REV.22.4	19
5:8	GEN.32.30	14
5:8	PSA.51.6	14
5:9	HEB.12.14	112
5:9	JAS.3.16-JAS.3.18	90
5:9	ROM.12.18	82
5:9	GAL.5.22	62
5:9	PSA.120.6	55
5:9	ROM.8.14	52
5:9	LUK.6.35	48
5:9	ROM.14.17-ROM.14.19	37
5:9	EPH.5.1-EPH.5.2	30
5:9	2CO.13.11	27
5:9	JAS.1.19-JAS.1.20	24
5:9	PSA.122.6-PSA.122.8	23
5:9	2TI.2.22-2TI.2.24	22
5:9	PSA.82.6-PSA.82.7	21
5:9	COL.3.13	21
5:9	MAT.5.48	17
5:9	ROM.14.1-ROM.14.7	17
5:9	PSA.34.12	16
5:9	PHP.2.15-PHP.2.16	16
5:9	1PE.1.14-1PE.1.16	16
5:9	PHP.2.1-PHP.2.3	14
5:9	ACT.7.26	12
5:9	2CO.5.20	12
5:9	MAT.5.45	11
5:9	LUK.20.36	8
5:9	1CH.12.17	7
5:9	PHP.4.2	7
5:9	1CO.6.6	6
5:9	EPH.4.1	6
5:10	JAS.1.12	99
5:10	1PE.3.13-1PE.3.14	72
5:10	2CO.4.17	60
5:10	MAT.5.3	46
5:10	JAS.1.2-JAS.1.5	45
5:10	LUK.6.22	43
5:10	2TI.2.12	33
5:10	2CO.4.8-2CO.4.12	29
5:10	LUK.21.12	22
5:10	PHP.1.28	22
5:10	1PE.4.12-1PE.4.16	21
5:10	REV.2.10	21
5:10	JHN.15.20	20
5:10	2TH.1.4-2TH.1.7	19
5:10	2TI.3.11	19
5:10	PSA.37.12	17
5:10	MAT.25.34	17
5:10	MRK.10.30	16
5:10	ROM.8.35-ROM.8.39	14
5:10	1CO.4.9-1CO.4.13	14
5:10	LUK.6.20	12
5:10	MAT.10.23	11
5:10	ACT.8.1	9
5:10	1JN.3.12	8
5:10	ACT.5.40	7
5:11	1PE.4.14	91
5:11	LUK.21.17	61
5:11	MRK.13.13	56
5:11	MAT.24.9	45
5:11	LUK.6.22	42
5:11	1PE.2.23	38
5:11	JHN.15.21	35
5:11	ISA.66.5	34
5:11	MAT.10.22	30
5:11	MAT.10.39	27
5:11	REV.2.3	25
5:11	LUK.9.24	24
5:11	LUK.21.12	24
5:11	MAT.19.29	23
5:11	MRK.8.35	23
5:11	ROM.8.36	23
5:11	2CO.4.11	23
5:11	1CO.4.10	22
5:11	PSA.44.22	21
5:11	MAT.10.25	21
5:11	ACT.9.16	21
5:11	MAT.27.39	19
5:11	MRK.13.9	19
5:11	MRK.4.17	17
5:11	MAT.10.18	16
5:11	JHN.9.28	15
5:11	PSA.35.11	14
5:11	LUK.7.33-LUK.7.34	14
5:12	LUK.6.23	49
5:12	JAS.1.2	35
5:12	COL.3.24	34
5:12	1PE.4.13	30
5:12	COL.1.24	22
5:12	RUT.2.12	18
5:12	ROM.5.3	18
5:12	PSA.58.11	15
5:12	PRO.11.18	14
5:12	ISA.3.10	14
5:12	2CH.36.16	13
5:12	MAT.16.27	12
5:12	HEB.11.6	10
5:12	1TH.2.15	9
5:12	1KI.18.13	8
5:12	LUK.6.35	8
5:12	2CO.4.17	8
5:12	1KI.22.26-1KI.22.27	7
5:12	MAT.6.16	7
5:12	ACT.5.41	7
5:12	PHP.2.17	7
5:12	GEN.15.1	6
5:12	ACT.7.51-ACT.7.52	6
5:12	1CO.3.8	6
5:12	NEH.9.26	5
5:12	MAT.6.1-MAT.6.2	4
5:12	MAT.21.34-MAT.21.38	4
5:12	1KI.18.4	3
5:12	1KI.19.10-1KI.19.14	3
5:12	PSA.19.11	3
5:12	JER.2.30	3
5:12	JER.26.8	3
5:12	JER.26.21-JER.26.23	3
5:12	MAT.10.41-MAT.10.42	3
5:12	MAT.23.31-MAT.23.37	3
5:12	LUK.11.47-LUK.11.51	3
5:12	LUK.13.34	3
5:12	1KI.21.20	2
5:12	2CH.16.10	2
5:12	MAT.6.4-MAT.6.5	2
5:12	ACT.16.25	2
5:12	1KI.22.8	1
5:12	2CH.24.20-2CH.24.22	1
5:12	HEB.11.26	1
5:12	2KI.1.9	0
5:13	COL.4.6	146
5:13	LUK.14.34-LUK.14.35	123
5:13	MRK.9.49-MRK.9.50	115
5:13	LEV.2.13	85
5:13	HEB.6.4-HEB.6.6	84
5:13	2PE.2.20-2PE.2.21	45
5:14	PHP.2.15	114
5:14	JHN.8.12	104
5:14	EPH.5.8-EPH.5.14	93
5:14	1TH.5.5	87
5:14	PRO.4.18	70
5:14	JHN.12.36	58
5:14	ROM.2.19-ROM.2.20	39
5:14	2CO.6.14	38
5:14	JHN.5.35	36
5:14	REV.21.14-REV.21.27	11
5:14	REV.1.20-REV.2.1	6
5:14	GEN.11.4-GEN.11.8	0
5:15	LUK.11.33	26
5:15	MRK.4.21	25
5:15	LUK.8.16	23
5:15	NUM.8.2	10
5:15	EXO.25.37	9
5:16	1PE.2.12	180
5:16	TIT.2.7	121
5:16	JHN.15.8	112
5:16	1JN.1.5-1JN.1.7	90
5:16	PHP.2.15-PHP.2.16	85
5:16	EPH.5.8	78
5:16	ISA.60.1-ISA.60.3	64
5:16	1PE.3.16	61
5:16	1PE.4.14	48
5:16	ISA.58.8	41
5:16	1PE.2.9	41
5:16	TIT.3.14	36
5:16	2CO.9.13	34
5:16	HEB.10.24	32
5:16	EPH.2.10	31
5:16	PRO.4.18	30
5:16	2TH.1.10-2TH.1.12	29
5:16	ROM.13.11-ROM.13.14	28
5:16	1TI.6.18	28
5:16	1PE.4.11	22
5:16	1TH.2.12	20
5:16	1TH.5.6-1TH.5.8	19
5:16	1TI.5.25	18
5:16	TIT.2.14	17
5:16	ACT.9.36	16
5:16	1PE.3.1	16
5:16	TIT.3.7-TIT.3.8	14
5:16	ISA.61.3	13
5:16	MAT.5.45	13
5:16	1TI.2.10	13
5:16	1TI.5.10	13
5:16	MAT.6.1-MAT.6.5	12
5:16	LUK.11.2	12
5:16	GAL.1.24	12
5:16	TIT.3.4	11
5:16	MAT.9.8	10
5:16	MAT.23.5	10
5:16	1CO.14.25	10
5:16	MAT.6.9	8
5:16	MAT.6.16	7
5:16	MAT.23.9	5
5:17	ROM.10.4	69
5:17	LUK.16.17	57
5:17	GAL.4.4-GAL.4.5	48
5:17	ROM.3.31	43
5:17	ROM.8.4	42
5:17	ISA.42.21	36
5:17	GAL.3.17-GAL.3.24	29
5:17	MAT.7.12	20
5:17	PSA.40.6-PSA.40.8	19
5:17	HEB.10.3-HEB.10.12	19
5:17	COL.2.16-COL.2.17	13
5:17	ACT.6.13	8
5:17	ACT.18.13	8
5:17	MAT.3.15	7
5:17	ACT.21.28	6
5:17	JHN.8.5	5
5:18	LUK.16.17	54
5:18	ISA.40.8	26
5:18	PSA.119.89-PSA.119.90	23
5:18	1PE.1.25	23
5:18	MAT.24.34-MAT.24.35	19
5:18	ISA.51.6	14
5:18	MRK.13.30	9
5:18	REV.20.11	6
5:18	PSA.102.26	5
5:18	PSA.119.152	3
5:18	MAT.18.3	3
5:18	LUK.18.17	3
5:18	LUK.21.32-LUK.21.33	3
5:18	JHN.5.19	3
5:18	JHN.5.24-JHN.5.25	3
5:18	2PE.3.10-2PE.3.13	3
5:18	MAT.5.26	2
5:18	MAT.10.15	2
5:18	MAT.10.23	2
5:18	MAT.13.17	2
5:18	MAT.16.28	2
5:18	MAT.17.20	2
5:18	MAT.19.28	2
5:18	LUK.12.37	2
5:18	JHN.6.47	2
5:18	JHN.8.51	2
5:18	HEB.1.11-HEB.1.12	2
5:18	MAT.6.2	1
5:18	MAT.6.16	1
5:18	MAT.8.10	1
5:18	MAT.10.42	1
5:18	MAT.11.11	1
5:18	MAT.18.18	1
5:18	MAT.21.31	1
5:18	MRK.6.11	1
5:18	MRK.9.1	1
5:18	MRK.10.29	1
5:18	MRK.14.9	1
5:18	MRK.14.18	1
5:18	MRK.14.25	1
5:18	MRK.14.30	1
5:18	LUK.11.51	1
5:18	LUK.13.35	1
5:18	LUK.18.29	1
5:18	LUK.23.43	1
5:18	JHN.1.51	1
5:18	JHN.3.3	1
5:18	JHN.3.5	1
5:18	JHN.3.11	1
5:18	JHN.6.26	1
5:18	JHN.6.32	1
5:18	JHN.6.53	1
5:18	JHN.8.34	1
5:18	JHN.8.58	1
5:18	JHN.10.7	1
5:18	JHN.12.24	1
5:18	JHN.13.16	1
5:18	JHN.13.38	1
5:18	JHN.14.12	1
5:18	JHN.16.20	1
5:18	JHN.16.23	1
5:18	JHN.21.18	1
5:18	MAT.21.21	0
5:18	MAT.23.36	0
5:18	MAT.24.2	0
5:18	MAT.24.47	0
5:18	MAT.25.12	0
5:18	MAT.25.40	0
5:18	MAT.25.45	0
5:18	MAT.26.13-MAT.26.14	0
5:18	MRK.3.28	0
5:18	MRK.8.12	0
5:18	MRK.9.41	0
5:18	MRK.10.15	0
5:18	MRK.11.23	0
5:18	MRK.12.43	0
5:18	JHN.10.1	0
5:18	JHN.13.20-JHN.13.21	0
5:19	DEU.12.32	31
5:19	JAS.2.10-JAS.2.11	24
5:19	MAT.28.20	15
5:19	ROM.13.8-ROM.13.10	13
5:19	MAT.11.11	11
5:19	DAN.12.3	8
5:19	1TI.6.3-1TI.6.4	8
5:19	PSA.119.6	7
5:19	1TH.4.1-1TH.4.7	7
5:19	1TI.4.11-1TI.4.12	7
5:19	DEU.27.26	6
5:19	PSA.119.128	6
5:19	MAT.15.3-MAT.15.6	6
5:19	REV.2.20	6
5:19	GAL.5.14-GAL.5.24	5
5:19	TIT.3.8	5
5:19	REV.2.14-REV.2.15	5
5:19	MAT.19.28	4
5:19	PHP.4.8-PHP.4.9	4
5:19	1TI.6.11	4
5:19	TIT.2.8-TIT.2.10	4
5:19	1SA.2.30	3
5:19	MAL.2.8-MAL.2.9	3
5:19	LUK.11.42	3
5:19	ROM.6.1	3
5:19	ROM.6.15	3
5:19	GAL.3.10-GAL.3.13	3
5:19	MAT.20.26	2
5:19	LUK.1.15	2
5:19	LUK.22.24-LUK.22.26	2
5:19	ACT.1.1	2
5:19	ROM.3.8	2
5:19	PHP.3.17-PHP.3.18	2
5:19	1PE.5.4	2
5:19	MAT.23.16-MAT.23.23	1
5:19	LUK.9.48	1
5:19	1TH.2.10-1TH.2.12	1
5:20	ROM.10.2-ROM.10.3	29
5:20	PHP.3.9	27
5:20	ROM.9.30-ROM.9.32	24
5:20	LUK.16.14-LUK.16.15	19
5:20	MAT.23.2-MAT.23.5	15
5:20	JHN.3.3-JHN.3.5	12
5:20	MAT.23.23-MAT.23.28	11
5:20	2CO.5.17	9
5:20	MAT.7.21	8
5:20	HEB.12.14	8
5:20	LUK.11.39-LUK.11.40	6
5:20	LUK.20.46-LUK.20.47	6
5:20	REV.21.27	6
5:20	MAT.3.10	4
5:20	MAT.18.5	4
5:20	MRK.10.15	4
5:20	MRK.10.25	4
5:20	LUK.12.1	4
5:20	LUK.18.10-LUK.18.14	4
5:20	LUK.11.44	3
5:20	LUK.18.17	3
5:20	LUK.18.24-LUK.18.25	3
5:21	DEU.5.17	28
5:21	EXO.20.13	22
5:21	NUM.35.30-NUM.35.34	16
5:21	EXO.21.12-EXO.21.14	11
5:21	NUM.35.16-NUM.35.21	7
5:21	DEU.21.7-DEU.21.9	6
5:21	GEN.9.5-GEN.9.6	4
5:21	NUM.35.12	3
5:21	JOB.8.8-JOB.8.10	3
5:21	MAT.5.27	3
5:21	MAT.5.33	3
5:21	MAT.5.38	3
5:21	DEU.16.18	2
5:21	1KI.2.5-1KI.2.6	2
5:21	2SA.20.18	1
5:21	1KI.2.31-1KI.2.32	1
5:21	MAT.5.43	1
5:22	1JN.3.14-1JN.3.15	35
5:22	1JN.4.20-1JN.4.21	31
5:22	1JN.2.9	28
5:22	EPH.4.26-EPH.4.27	26
5:22	EPH.4.31-EPH.4.32	18
5:22	JAS.3.6	16
5:22	TIT.3.2	12
5:22	MAT.10.28	11
5:22	MAT.18.35	10
5:22	ROM.12.10	9
5:22	1PE.3.9	9
5:22	MAT.18.21	8
5:22	1PE.2.23	8
5:22	PSA.37.8	7
5:22	PSA.109.3	7
5:22	MAT.5.23-MAT.5.24	7
5:22	1JN.3.10	6
5:22	JUD.1.9	6
5:22	MAT.26.59	4
5:22	MRK.14.55	4
5:22	ACT.17.18	4
5:22	1TH.4.6	4
5:22	DEU.15.11	3
5:22	MAT.5.28-MAT.5.30	3
5:22	MAT.18.8-MAT.18.9	3
5:22	LUK.12.5	3
5:22	LUK.16.23-LUK.16.24	3
5:22	JHN.11.47	3
5:22	REV.20.14	3
5:22	GEN.4.5-GEN.4.6	2
5:22	GEN.37.4	2
5:22	PSA.7.4	2
5:22	PRO.14.16	2
5:22	JER.17.11	2
5:22	OBA.1.10	2
5:22	OBA.1.12	2
5:22	MAT.5.34	2
5:22	MAT.23.15	2
5:22	MAT.23.33	2
5:22	MAT.25.41	2
5:22	MRK.9.43-MRK.9.48	2
5:22	1CO.6.6	2
5:22	1CO.6.10	2
5:22	1JN.5.16	2
5:22	GEN.37.8	1
5:22	1SA.17.27-1SA.17.28	1
5:22	2SA.16.7	1
5:22	NEH.5.8	1
5:22	PSA.35.19	1
5:22	PSA.49.10	1
5:22	PSA.69.4	1
5:22	MAT.3.17	1
5:22	MAT.5.44	1
5:22	MAT.12.24	1
5:22	MAT.17.5	1
5:22	MRK.15.1	1
5:22	JHN.7.20	1
5:22	JHN.8.48	1
5:22	JHN.15.25	1
5:22	ACT.3.20-ACT.3.23	1
5:22	HEB.5.9	1
5:22	1SA.18.8-1SA.18.9	0
5:22	1SA.20.30-1SA.20.33	0
5:22	1SA.22.12-1SA.22.23	0
5:22	2SA.6.20	0
5:22	1KI.21.4	0
5:22	2CH.16.10	0
5:22	EST.3.5-EST.3.6	0
5:22	PSA.14.1	0
5:22	PSA.25.3	0
5:22	PSA.92.6	0
5:22	PRO.18.6	0
5:22	LAM.3.52	0
5:22	DAN.2.12-DAN.2.13	0
5:22	DAN.3.13	0
5:22	DAN.3.19	0
5:22	MAT.10.17	0
5:22	MAT.11.18-MAT.11.19	0
5:22	ACT.5.27	0
5:22	ACT.7.37	0
5:22	HEB.12.25	0
5:22	JAS.2.20	0
5:23	MRK.11.25	48
5:23	LEV.6.2-LEV.6.6	15
5:23	MAT.5.24	13
5:23	MAT.23.19	9
5:23	MAT.8.4	7
5:23	LUK.19.8	5
5:23	1SA.15.22	4
5:23	HOS.6.6	4
5:23	LAM.3.20	3
5:23	AMO.5.21-AMO.5.24	3
5:23	ISA.1.10-ISA.1.17	2
5:23	EZK.16.63	2
5:23	GEN.50.15-GEN.50.17	1
5:23	1KI.2.44	1
5:23	GEN.41.9	0
5:23	GEN.42.21-GEN.42.22	0
5:23	DEU.16.16-DEU.16.17	0
5:24	JAS.5.16	16
5:24	ROM.12.17-ROM.12.18	10
5:24	MAT.18.15-MAT.18.17	7
5:24	JOB.42.8	6
5:24	1PE.3.7-1PE.3.8	6
5:24	PRO.25.9	5
5:24	1CO.6.7-1CO.6.8	4
5:24	1TI.2.8	3
5:24	MAT.23.23	2
5:24	MRK.9.50	2
5:24	JAS.3.13-JAS.3.18	2
5:24	1CO.11.28	1
5:25	LUK.12.58-LUK.12.59	26
5:25	PRO.25.8	20
5:25	LUK.14.31-LUK.14.32	13
5:25	HEB.3.13	13
5:25	ISA.55.6-ISA.55.7	12
5:25	HEB.3.7	10
5:25	LUK.13.24-LUK.13.25	9
5:25	JOB.22.21	7
5:25	PRO.6.1-PRO.6.5	7
5:25	HEB.12.17	7
5:25	GEN.32.3-GEN.32.8	6
5:25	GEN.33.3-GEN.33.11	6
5:25	1KI.22.26-1KI.22.27	6
5:25	PSA.32.6	6
5:25	2CO.6.2	6
5:25	GEN.32.13-GEN.32.22	4
5:25	1SA.25.17-1SA.25.35	4
5:26	MAT.18.34	5
5:26	LUK.12.59	3
5:26	2TH.1.9	2
5:26	JAS.2.13	2
5:26	MAT.25.41	1
5:26	MAT.25.46	1
5:26	LUK.16.26	1
5:27	DEU.5.18	22
5:27	PRO.6.32	15
5:27	EXO.20.14	14
5:27	LEV.20.10	9
5:27	DEU.22.22-DEU.22.24	7
5:27	MAT.5.21	4
5:28	JAS.1.14-JAS.1.15	28
5:28	1JN.2.16	28
5:28	PRO.6.25	24
5:28	EXO.20.17	19
5:28	2SA.11.2	16
5:28	JOB.31.1	13
5:28	GEN.34.2	9
5:28	ROM.7.7-ROM.7.8	9
5:28	2PE.2.14	9
5:28	JOB.31.9	6
5:28	ROM.7.14	5
5:28	PSA.119.96	4
5:28	GEN.39.7-GEN.39.23	3
5:28	MAT.5.22	3
5:28	MAT.5.39	3
5:28	MAT.7.28-MAT.7.29	3
5:29	MRK.9.43-MRK.9.48	24
5:29	ROM.8.13	24
5:29	COL.3.5	19
5:29	ROM.6.6	17
5:29	1PE.4.1-1PE.4.3	15
5:29	1CO.9.27	13
5:29	GAL.5.24	13
5:29	MAT.18.8-MAT.18.9	12
5:29	MRK.8.36	12
5:29	LUK.9.24-LUK.9.25	12
5:29	MAT.10.28	8
5:29	MAT.23.15	8
5:29	MAT.16.26	7
5:29	MAT.19.12	7
5:29	PRO.5.8-PRO.5.14	6
5:29	MAT.5.22	6
5:29	MAT.23.33	4
5:29	LUK.12.5	3
5:30	MRK.9.43	12
5:30	MAT.5.29	10
5:30	1PE.2.8	7
5:30	ROM.14.20-ROM.14.21	6
5:30	MAT.18.6-MAT.18.7	5
5:30	LUK.17.2	5
5:30	1CO.8.13	5
5:30	MAT.13.21	4
5:30	LUK.12.5	3
5:30	MAT.22.13	2
5:30	MAT.26.31	2
5:30	ROM.9.33	2
5:30	GAL.5.11	2
5:30	MAT.11.6	1
5:30	MAT.16.23	1
5:30	MAT.25.20	1
5:31	JER.3.1	30
5:31	DEU.24.1-DEU.24.4	24
5:31	MAT.19.7	17
5:31	MAT.19.3	12
5:31	MRK.10.2-MRK.10.9	12
5:32	ROM.7.3	66
5:32	LUK.16.18	26
5:32	1CO.7.10-1CO.7.11	24
5:32	1CO.7.4	22
5:32	MAT.19.8-MAT.19.9	18
5:32	MRK.10.5-MRK.10.12	14
5:32	MAL.2.14-MAL.2.16	12
5:32	MAT.5.28	8
5:33	DEU.23.21	42
5:33	LEV.19.12	38
5:33	ECC.5.4-ECC.5.6	31
5:33	DEU.23.23	22
5:33	NUM.30.2-NUM.30.16	10
5:33	PSA.76.11	10
5:33	EXO.20.7	5
5:33	DEU.5.11	5
5:33	MAT.23.16-MAT.23.22	4
5:33	PSA.50.14	3
5:33	NAM.1.15	1
5:34	JAS.5.12	20
5:34	ISA.66.1	13
5:34	DEU.23.21-DEU.23.23	12
5:34	MAT.23.16-MAT.23.22	9
5:34	ECC.9.2	3
5:34	ISA.57.15	1
5:35	PSA.48.2	11
5:35	2CH.6.6	4
5:35	MAL.1.14	4
5:35	REV.21.10	4
5:35	PSA.99.5	3
5:35	REV.21.2	3
5:35	PSA.87.2	2
5:36	LUK.12.25	10
5:36	MAT.6.27	8
5:36	MAT.23.16-MAT.23.21	4
5:37	JAS.5.12	52
5:37	COL.4.6	26
5:37	COL.3.9	21
5:37	2CO.1.17-2CO.1.20	19
5:37	JHN.8.44	15
5:37	EPH.4.25	14
5:37	2TH.3.3	9
5:37	MAT.13.19	6
5:37	MAT.6.13	4
5:37	MAT.13.38	4
5:37	1JN.5.18	4
5:37	1JN.2.13	3
5:37	JHN.17.15	1
5:37	MAT.15.19	0
5:37	1JN.3.12	0
5:38	LEV.24.19-LEV.24.20	31
5:38	DEU.19.21	26
5:38	EXO.21.22-EXO.21.27	16
5:38	DEU.19.19	8
5:39	1TH.5.15	26
5:39	1PE.3.9	22
5:39	ROM.12.17-ROM.12.19	20
5:39	PRO.20.22	18
5:39	LUK.6.29-LUK.6.30	16
5:39	1PE.2.20-1PE.2.23	13
5:39	LEV.19.18	12
5:39	LAM.3.30	11
5:39	PRO.24.29	10
5:39	ISA.50.6	7
5:39	1CO.6.7	6
5:39	1SA.26.8-1SA.26.10	3
5:39	1SA.24.10-1SA.24.15	2
5:39	JOB.31.29-JOB.31.31	2
5:39	JOB.16.10	1
5:39	JAS.5.6	1
5:39	1KI.22.24	0
5:39	LUK.22.64	0
5:39	HEB.12.4	0
5:40	LUK.6.29	10
5:40	1CO.6.7	8
5:41	LUK.23.26	2
5:42	PRO.19.17	16
5:42	HEB.13.16	14
5:42	LUK.6.30-LUK.6.36	13
5:42	PSA.112.5-PSA.112.9	11
5:42	1TI.6.17-1TI.6.19	11
5:42	PSA.37.21	10
5:42	1JN.3.16-1JN.3.18	8
5:42	DEU.15.7-DEU.15.14	7
5:42	ROM.12.20	6
5:42	2CO.9.6-2CO.9.15	6
5:42	PSA.37.25-PSA.37.26	5
5:42	PRO.3.27-PRO.3.28	5
5:42	MAT.25.35-MAT.25.40	5
5:42	JAS.2.15-JAS.2.16	5
5:42	ECC.11.6	4
5:42	DAN.4.27	4
5:42	JOB.31.16-JOB.31.20	3
5:42	PRO.11.24-PRO.11.25	3
5:42	ISA.58.6-ISA.58.12	3
5:42	LUK.14.12-LUK.14.14	3
5:42	HEB.6.10	3
5:42	ECC.11.1-ECC.11.2	2
5:42	LUK.11.41	0
5:42	JAS.1.27	0
5:43	LEV.19.18	30
5:43	PSA.139.21-PSA.139.22	24
5:43	GAL.5.13-GAL.5.14	18
5:43	MAT.19.19	15
5:43	ROM.13.8-ROM.13.10	12
5:43	DEU.23.6	11
5:43	MRK.12.31-MRK.12.34	9
5:43	JAS.2.8	9
5:43	MAT.22.39-MAT.22.40	7
5:43	PSA.41.10	5
5:43	LUK.10.27-LUK.10.29	5
5:43	EXO.17.14-EXO.17.16	3
5:43	MAT.5.21	0
5:44	ROM.12.14	92
5:44	1PE.3.9	84
5:44	LUK.6.27-LUK.6.28	75
5:44	ROM.12.20-ROM.12.21	74
5:44	PRO.25.21-PRO.25.22	57
5:44	LUK.23.34	47
5:44	1PE.2.23	42
5:44	ACT.7.60	37
5:44	LUK.6.34-LUK.6.35	35
5:44	1CO.4.12-1CO.4.13	31
5:44	2KI.6.22	27
5:44	1CO.13.4-1CO.13.8	25
5:44	EXO.23.4-EXO.23.5	24
5:44	PSA.7.4	18
5:44	PSA.35.13-PSA.35.14	18
5:44	2CH.28.9-2CH.28.15	8
5:45	PSA.145.9	68
5:45	LUK.6.35	48
5:45	ACT.14.17	32
5:45	JOB.25.3	20
5:45	EPH.5.1	9
5:45	MAT.5.9	6
5:45	JHN.13.35	4
5:45	1JN.3.9	0
5:46	LUK.6.32-LUK.6.35	23
5:46	1PE.2.20-1PE.2.23	10
5:46	MAT.9.10-MAT.9.11	6
5:46	MAT.11.19	6
5:46	MAT.18.17	5
5:46	LUK.15.1	5
5:46	LUK.18.13	5
5:46	MAT.6.1	4
5:46	MAT.21.31-MAT.21.32	3
5:46	LUK.19.2	3
5:46	LUK.19.7	3
5:47	LUK.6.32	9
5:47	MAT.5.20	8
5:47	1PE.2.20	6
5:47	LUK.10.4-LUK.10.5	1
5:47	MAT.10.12	0
5:48	1PE.1.15-1PE.1.16	66
5:48	JAS.1.4	47
5:48	LEV.19.2	43
5:48	EPH.5.1-EPH.5.2	31
5:48	DEU.18.13	30
5:48	LUK.6.36	30
5:48	1JN.3.3	26
5:48	COL.1.28	24
5:48	LUK.6.40	20
5:48	2CO.7.1	18
5:48	LEV.11.44	17
5:48	MAT.5.16	17
5:48	GEN.17.1	16
5:48	LEV.20.26	16
5:48	JOB.1.1-JOB.1.3	15
5:48	PHP.3.12-PHP.3.15	14
5:48	MAT.5.45	12
5:48	PSA.37.37	11
5:48	2CO.13.9	11
5:48	2CO.13.11	11
5:48	COL.4.12	11
5:48	EPH.3.1	3
6:1	MAT.23.5	67
6:1	JHN.12.43	55
6:1	HEB.6.10	33
6:1	MAT.23.28-MAT.23.30	29
6:1	LUK.16.15	25
6:1	MAT.6.4-MAT.6.6	17
6:1	GAL.6.12	17
6:1	EZK.33.31	15
6:1	JHN.5.44	15
6:1	2JN.1.8	14
6:1	MAT.6.16	10
6:1	MAT.16.6	10
6:1	MRK.8.15	10
6:1	LUK.12.15	8
6:1	2CO.9.9-2CO.9.10	8
6:1	PSA.112.9	7
6:1	MAT.5.16	7
6:1	MAT.5.48	7
6:1	LUK.11.35	6
6:1	MAT.5.46	5
6:1	MAT.10.41-MAT.10.42	5
6:1	LUK.12.1	5
6:1	1CO.9.17-1CO.9.18	5
6:1	DAN.4.27	4
6:1	ZEC.7.5	4
6:1	MAT.23.13	4
6:1	MAT.25.40	4
6:1	DEU.24.13	3
6:1	MAT.6.9	3
6:1	HEB.2.1	3
6:1	MAT.16.27	2
6:1	HEB.11.26	2
6:1	2KI.10.16	1
6:1	2KI.10.31	1
6:2	MAT.6.5	16
6:2	MAT.6.16	11
6:2	2CO.9.6-2CO.9.15	11
6:2	JHN.5.41	10
6:2	JAS.2.15-JAS.2.16	9
6:2	LUK.20.46	8
6:2	1JN.3.17-1JN.3.19	8
6:2	JHN.7.18	7
6:2	HEB.13.16	7
6:2	1PE.4.11	7
6:2	PSA.37.21	6
6:2	HOS.8.1	5
6:2	JHN.5.44	4
6:2	ACT.10.4	4
6:2	ACT.10.31	4
6:2	ROM.12.8	4
6:2	GAL.2.10	4
6:2	EPH.4.28	4
6:2	PSA.112.9	3
6:2	PRO.19.17	3
6:2	PRO.20.6	3
6:2	MAT.23.13-MAT.23.29	3
6:2	MRK.12.39	3
6:2	LUK.6.42	3
6:2	JHN.13.29	3
6:2	ACT.9.36	3
6:2	ACT.10.2	3
6:2	ACT.24.17	3
6:2	1SA.15.30	2
6:2	JOB.31.16-JOB.31.20	2
6:2	ECC.11.2	2
6:2	ISA.9.17	2
6:2	ISA.58.7	2
6:2	ISA.58.10-ISA.58.12	2
6:2	MAT.15.7	2
6:2	MAT.16.3	2
6:2	MAT.22.18	2
6:2	MAT.23.6	2
6:2	MAT.24.51	2
6:2	MRK.7.6	2
6:2	LUK.6.24	2
6:2	LUK.11.41	2
6:2	LUK.11.43	2
6:2	LUK.12.33	2
6:2	LUK.12.56	2
6:2	LUK.13.15	2
6:2	ACT.11.29	2
6:2	1TH.2.6	2
6:2	1TI.6.18	2
6:2	PHM.1.7	2
6:2	MAT.5.18	1
6:2	MAT.7.5	1
6:2	ISA.10.6	0
6:3	JHN.7.4	15
6:3	MAT.9.30	14
6:3	MRK.1.44	5
6:3	MAT.12.19	2
6:3	MAT.8.4	0
6:4	MAT.6.18	21
6:4	MAT.6.6	17
6:4	JER.17.10	16
6:4	LUK.14.14	14
6:4	PSA.44.21	12
6:4	MAT.25.34-MAT.25.40	10
6:4	PSA.139.12	8
6:4	JER.23.24	7
6:4	LUK.8.17	7
6:4	1SA.2.30	6
6:4	PSA.17.3	6
6:4	PSA.139.1-PSA.139.3	5
6:4	MAT.10.42	4
6:4	REV.2.23	4
6:4	1CO.4.5	3
6:4	HEB.4.13	3
6:4	JUD.1.24	3
6:5	MAT.6.2	29
6:5	LUK.18.10-LUK.18.11	28
6:5	LUK.18.13	26
6:5	MRK.11.25	24
6:5	ISA.55.6-ISA.55.7	18
6:5	JER.29.12	14
6:5	ISA.1.15	13
6:5	JAS.4.6	11
6:5	DAN.6.10	9
6:5	MAT.7.7-MAT.7.8	9
6:5	LUK.18.1	9
6:5	LUK.20.47	9
6:5	EPH.6.18	8
6:5	LUK.11.43	7
6:5	PSA.5.2	6
6:5	PSA.55.17	6
6:5	MAT.21.22	6
6:5	LUK.14.12-LUK.14.14	6
6:5	JAS.5.15-JAS.5.16	6
6:5	PRO.16.5	5
6:5	DAN.9.4-DAN.9.19	5
6:5	MAT.9.38	4
6:5	MRK.12.38	4
6:5	COL.4.2-COL.4.3	4
6:5	MAT.23.13	3
6:5	JHN.16.24	3
6:5	1TH.5.17	3
6:5	JOB.27.8-JOB.27.10	2
6:5	PRO.15.8	2
6:5	MAT.23.6	2
6:5	MAT.6.16	1
6:6	2KI.4.33	58
6:6	MAT.14.23	46
6:6	ISA.65.24	39
6:6	PSA.34.15	31
6:6	ACT.9.40	31
6:6	ISA.26.20	29
6:6	MAT.6.18	26
6:6	MAT.26.36-MAT.26.39	22
6:6	MAT.6.4	18
6:6	ACT.10.9	18
6:6	EPH.3.14	16
6:6	GEN.32.24-GEN.32.29	14
6:6	ACT.10.30	13
6:6	ROM.8.5	13
6:6	JHN.1.48	4
6:6	JHN.20.17	0
6:7	ECC.5.2-ECC.5.3	47
6:7	ECC.5.7	23
6:7	1KI.18.26-1KI.18.29	14
6:7	MAT.6.32	11
6:7	MAT.26.44	9
6:7	DAN.9.18-DAN.9.19	6
6:7	MAT.26.42	5
6:7	ACT.19.34	4
6:7	1KI.8.26-1KI.8.54	3
6:7	MAT.26.39	3
6:7	MAT.18.17	0
6:8	MAT.6.32	44
6:8	LUK.12.30	39
6:8	PHP.4.6	35
6:8	JHN.16.23-JHN.16.27	30
6:8	PSA.38.9	21
6:8	PSA.69.17-PSA.69.19	20
6:9	LUK.11.1-LUK.11.4	67
6:9	REV.4.11	66
6:9	ROM.8.15	42
6:9	PSA.111.9	30
6:9	ISA.64.8	30
6:9	EZK.36.23	29
6:9	MAL.1.11	29
6:9	ISA.57.15	26
6:9	ISA.6.3	25
6:9	REV.5.12	24
6:9	MAT.7.11	22
6:9	PSA.72.18	21
6:9	NEH.9.5	20
6:9	PSA.115.3	20
6:9	ISA.63.16	20
6:9	GAL.4.6	20
6:9	MAT.23.9	19
6:9	2CH.20.6	18
6:9	ZEC.14.9	18
6:9	MAT.5.16	18
6:9	1KI.8.43	16
6:9	MAT.26.29	16
6:9	EZK.38.23	15
6:9	HAB.2.14	15
6:9	LUK.15.18	15
6:9	2SA.7.26	13
6:9	1CH.17.24	13
6:9	ISA.66.1	13
6:9	1TI.6.16	13
6:9	1PE.1.17	13
6:9	LUK.2.14	12
6:9	LUK.15.21	12
6:9	MAT.6.14	11
6:9	MAT.6.6	10
6:9	LEV.10.3	9
6:9	ISA.37.20	9
6:9	MAT.5.48-MAT.6.1	9
6:9	MAT.26.42	9
6:9	JHN.20.17	9
6:9	MAT.10.29	8
6:9	GAL.1.1	8
6:9	ROM.1.7	7
6:10	HEB.10.36	59
6:10	MAT.26.42	51
6:10	MAT.12.50	50
6:10	JHN.4.34	48
6:10	1TH.5.18	46
6:10	JHN.6.40	41
6:10	ROM.12.2	38
6:10	COL.1.9	34
6:10	PSA.40.8	30
6:10	MAT.7.21	29
6:10	EPH.6.6	29
6:10	1PE.2.15	26
6:10	PSA.103.19-PSA.103.21	25
6:10	DAN.7.27	25
6:10	MAT.3.2	23
6:10	1TH.4.3	22
6:10	HEB.13.21	21
6:10	LUK.22.42	19
6:10	JHN.7.17	19
6:10	DAN.2.44	16
6:10	ACT.21.14	16
6:10	REV.19.6	16
6:10	DAN.4.35	15
6:10	ACT.13.22	12
6:10	NEH.9.6	11
6:10	MAT.4.17	11
6:10	MAT.16.28	11
6:10	MRK.3.35	11
6:10	REV.12.10	11
6:10	DAN.7.13	10
6:10	LUK.19.38	10
6:10	HEB.10.7	10
6:10	1PE.4.2	10
6:10	REV.11.15	10
6:10	MRK.11.10	9
6:10	COL.1.13	8
6:10	PSA.2.6	7
6:10	REV.20.4	7
6:10	ZEC.9.9	6
6:10	LUK.19.11	6
6:10	HEB.1.14	6
6:10	ACT.22.14	5
6:10	ISA.2.2	4
6:10	JER.23.5	4
6:11	PRO.30.8	45
6:11	LUK.11.3	40
6:11	MAT.4.4	37
6:11	PSA.34.10	31
6:11	JHN.6.31-JHN.6.59	27
6:11	PSA.33.18-PSA.33.19	25
6:11	JOB.23.12	23
6:11	ISA.33.16	22
6:11	1TI.6.8	20
6:11	EXO.16.16-EXO.16.35	19
6:11	2TH.3.12	14
6:12	EPH.4.32	62
6:12	MRK.11.25	48
6:12	EPH.1.7	37
6:12	MAT.18.21-MAT.18.35	34
6:12	COL.3.13	33
6:12	1JN.1.7-1JN.1.9	32
6:12	LUK.11.4	29
6:12	LUK.6.37	22
6:12	EXO.34.7	20
6:12	PSA.32.1	19
6:12	LUK.17.3-LUK.17.5	19
6:12	PSA.130.4	17
6:12	1KI.8.30	16
6:12	1KI.8.39	16
6:12	LUK.7.40-LUK.7.48	16
6:12	ISA.1.18	13
6:12	MAT.6.14-MAT.6.15	12
6:12	1KI.8.34	11
6:12	DAN.9.19	11
6:12	1KI.8.50	10
6:12	NEH.5.12-NEH.5.13	8
6:12	ACT.13.38	7
6:13	1CO.10.13	52
6:13	MAT.26.41	32
6:13	JHN.17.15	32
6:13	REV.7.14-REV.7.17	32
6:13	2TH.3.3	25
6:13	MAT.6.10	24
6:13	REV.19.1	24
6:13	JER.15.21	17
6:13	2PE.2.9	16
6:13	1JN.5.18-1JN.5.19	13
6:13	1CH.29.11	10
6:13	PSA.47.7	10
6:13	PSA.10.16	9
6:13	1TH.1.10	9
6:13	2TI.4.17-2TI.4.18	8
6:13	1JN.3.8	8
6:13	REV.3.10	8
6:13	REV.21.4	8
6:13	GEN.22.1	7
6:13	EXO.15.18	7
6:13	DEU.8.16	7
6:13	1CH.4.10	7
6:13	1CH.16.36	7
6:13	PSA.41.13	7
6:13	PSA.47.2	7
6:13	1PE.5.8	7
6:13	NUM.5.22	6
6:13	PSA.121.7-PSA.121.8	6
6:13	DAN.4.25	6
6:13	LUK.22.31-LUK.22.46	6
6:13	2CO.1.20	6
6:13	2CO.12.7-2CO.12.9	6
6:13	GAL.1.4	6
6:13	PSA.72.19	5
6:13	PRO.30.8	5
6:13	MAT.5.37	5
6:13	1TI.1.17	5
6:13	REV.1.18	5
6:13	REV.2.10	5
6:13	DEU.8.2	4
6:13	DEU.27.15-DEU.27.26	4
6:13	1KI.1.36	4
6:13	PSA.89.52	4
6:13	PSA.106.48	4
6:13	PSA.145.10-PSA.145.13	4
6:13	DAN.4.34-DAN.4.35	4
6:13	DAN.7.18	4
6:13	MAT.28.20	4
6:13	1CO.14.16	4
6:13	REV.3.14	4
6:13	REV.5.13	4
6:13	1TI.6.15-1TI.6.17	3
6:13	HEB.2.14-HEB.2.15	3
6:13	HEB.11.36	3
6:13	REV.19.4	3
6:13	JER.28.6	1
6:14	EPH.4.32	61
6:14	MRK.11.25	50
6:14	COL.3.13	46
6:14	MAT.7.2	36
6:14	JAS.2.13	29
6:14	MAT.18.21-MAT.18.35	20
6:14	MAT.6.12	17
6:14	PRO.21.13	16
6:14	1JN.3.10	10
6:15	MAT.18.35	32
6:16	ISA.58.3-ISA.58.5	31
6:16	MAT.9.14-MAT.9.15	22
6:16	NEH.1.4	14
6:16	DAN.9.3	13
6:16	PSA.69.10	11
6:16	LUK.18.12	11
6:16	EST.4.16	9
6:16	PSA.35.13	9
6:16	MRK.2.18	9
6:16	ACT.14.23	9
6:16	2SA.12.16	8
6:16	ZEC.7.3-ZEC.7.5	8
6:16	MAT.6.2	8
6:16	MAT.6.5	8
6:16	1KI.21.27	7
6:16	PSA.109.24	7
6:16	LUK.2.37	7
6:16	ACT.13.2-ACT.13.3	7
6:16	2SA.12.21	6
6:16	MAL.3.14	6
6:16	1CO.7.5	6
6:16	2CO.6.5	6
6:16	2CO.11.27	5
6:16	ACT.10.30	4
6:17	RUT.3.3	12
6:17	ECC.9.8	9
6:17	2SA.12.20	6
6:17	DAN.10.2-DAN.10.3	6
6:17	2SA.14.2	4
6:18	MAT.6.4	14
6:18	MAT.6.6	14
6:18	2CO.10.18	8
6:18	2CO.5.9	5
6:18	COL.3.22-COL.3.24	4
6:18	1PE.2.13	4
6:18	1PE.1.7	3
6:18	ROM.2.6	2
6:19	HEB.13.5	76
6:19	1JN.2.15-1JN.2.16	58
6:19	LUK.12.21	48
6:19	PRO.23.4-PRO.23.5	41
6:19	PRO.11.4	37
6:19	JAS.5.1-JAS.5.3	37
6:19	PRO.16.16	36
6:19	1TI.6.8-1TI.6.10	28
6:19	1TI.6.17	28
6:19	LUK.18.22	27
6:19	LUK.12.33	25
6:19	ECC.5.10-ECC.5.14	24
6:19	PSA.62.10	23
6:19	ZEP.1.18	23
6:19	PSA.39.6	21
6:19	LUK.18.24	21
6:19	MAT.19.21	20
6:19	ECC.2.26	18
6:19	JOB.31.24	17
6:20	LUK.12.33	26
6:20	MAT.19.21	24
6:20	1TI.6.19	20
6:20	JAS.2.5	20
6:20	LUK.18.22	19
6:20	HEB.11.26	16
6:20	1TI.6.17	15
6:20	REV.2.9	15
6:20	1PE.1.4	14
6:20	ISA.33.6	12
6:20	HEB.10.34	11
6:20	1PE.5.4	11
6:21	COL.3.1-COL.3.3	82
6:21	LUK.12.34	67
6:21	2CO.4.18	62
6:21	PRO.4.23	44
6:21	ISA.33.6	33
6:21	HEB.3.12	27
6:21	JER.4.14	26
6:21	MAT.12.34	23
6:21	ACT.8.21	18
6:21	ROM.7.5-ROM.7.7	18
6:21	JER.22.17	16
6:21	PHM.1.3	6
6:21	PHM.1.19	4
6:22	LUK.11.34-LUK.11.36	80
6:22	2CO.11.3	30
6:22	COL.3.22	7
6:23	1JN.2.11	19
6:23	MAT.6.22	17
6:23	ISA.5.20-ISA.5.21	16
6:23	PRO.26.12	13
6:23	JER.4.22	13
6:23	1CO.3.18-1CO.3.19	12
6:23	1CO.1.18-1CO.1.20	11
6:23	ISA.44.18-ISA.44.20	10
6:23	ROM.2.17-ROM.2.23	9
6:23	1CO.2.14	8
6:23	EPH.4.18	8
6:23	LUK.8.10	7
6:23	ROM.1.22	7
6:23	EPH.5.8	7
6:23	ISA.8.20	6
6:23	MAT.20.15	5
6:23	REV.3.17-REV.3.18	5
6:23	JER.8.8-JER.8.9	4
6:23	MAT.23.16-MAT.23.28	4
6:23	JHN.9.39-JHN.9.41	4
6:23	MRK.7.22	3
6:24	1JN.2.15-1JN.2.16	89
6:24	LUK.16.13	86
6:24	JAS.4.4	61
6:24	1TI.6.9-1TI.6.10	55
6:24	JOS.24.15	54
6:24	GAL.1.10	52
6:24	MAT.4.10	35
6:24	ROM.6.16-ROM.6.22	34
6:24	LUK.16.11	29
6:24	1KI.18.21	27
6:24	JOS.24.19-JOS.24.20	25
6:24	2KI.17.33-2KI.17.34	24
6:24	1TI.6.17	24
6:24	1SA.7.3	23
6:24	2KI.17.41	21
6:24	LUK.16.9	19
6:24	EZK.20.39	17
6:24	2TI.4.10	16
6:24	ZEP.1.5	9
6:25	PHP.4.6	121
6:25	ROM.8.32	75
6:25	1PE.5.7	74
6:25	PSA.55.22	69
6:25	LUK.12.22-LUK.12.31	58
6:25	MAT.6.31	43
6:25	MAT.6.27-MAT.6.28	39
6:25	MRK.4.19	35
6:25	MAT.6.34	28
6:25	MAT.10.19	27
6:25	HEB.13.5-HEB.13.6	27
6:25	LUK.8.14	26
6:25	1CO.7.32	26
6:25	2TI.2.4	22
6:25	MAT.13.22	21
6:25	LUK.10.40-LUK.10.41	18
6:25	LUK.12.11	16
6:25	MRK.13.11	15
6:25	LUK.12.8-LUK.12.9	14
6:25	LUK.12.4-LUK.12.5	13
6:25	MAT.5.22-MAT.5.28	8
6:26	MAT.10.29-MAT.10.31	44
6:26	PSA.147.9	40
6:26	LUK.12.24-LUK.12.32	34
6:26	JOB.38.41	33
6:26	PSA.145.15-PSA.145.16	31
6:26	PSA.104.27-PSA.104.28	25
6:26	LUK.12.6-LUK.12.7	23
6:26	MAT.6.32	20
6:26	GEN.1.29-GEN.1.31	14
6:26	MAT.7.9	14
6:26	JOB.35.11	13
6:26	PSA.104.11-PSA.104.12	10
6:27	LUK.12.25-LUK.12.26	30
6:27	ECC.3.14	24
6:27	PSA.39.5-PSA.39.6	9
6:27	MAT.5.36	9
6:27	1CO.12.18	6
6:28	MAT.6.25	46
6:28	PHP.4.6	34
6:28	LUK.12.27	14
6:28	MAT.6.31	7
6:28	LUK.22.35-LUK.22.36	7
6:28	LUK.3.11	4
6:28	MAT.10.10	3
6:29	2CH.9.20-2CH.9.22	11
6:29	2CH.9.4-2CH.9.6	9
6:29	1KI.10.4-1KI.10.7	6
6:29	1TI.2.9-1TI.2.10	6
6:29	1PE.3.2-1PE.3.5	6
6:30	MAT.14.31	17
6:30	LUK.12.28	17
6:30	1PE.1.24	12
6:30	MAT.8.26	10
6:30	MAT.16.8	10
6:30	JHN.20.27	8
6:30	JAS.1.10-JAS.1.11	8
6:30	MRK.4.40	6
6:30	HEB.3.12	3
6:30	PSA.90.5-PSA.90.6	2
6:30	ISA.40.6-ISA.40.8	2
6:30	LUK.9.41	2
6:30	PSA.92.7	1
6:30	MAT.17.17	1
6:30	MRK.9.19	1
6:31	1PE.5.7	29
6:31	LUK.12.29	24
6:31	MAT.4.4	19
6:31	PSA.55.22	17
6:31	MAT.15.33	14
6:31	2CH.25.9	13
6:31	PSA.37.3	13
6:31	PSA.78.18-PSA.78.31	10
6:31	LEV.25.20-LEV.25.22	9
6:32	MAT.6.8	23
6:32	LUK.12.30	17
6:32	EPH.4.17	12
6:32	LUK.11.11-LUK.11.13	11
6:32	PSA.17.14	9
6:32	MAT.20.25-MAT.20.26	7
6:32	1TH.4.5	6
6:32	PSA.103.13	5
6:32	MAT.5.46-MAT.5.47	0
6:33	LUK.12.31	528
6:33	MAT.5.6	509
6:33	JHN.6.27	388
6:33	PSA.34.9-PSA.34.10	369
6:33	PSA.84.11-PSA.84.12	271
6:33	MRK.10.29-MRK.10.30	264
6:33	ROM.14.17	256
6:33	PRO.3.9-PRO.3.10	232
6:33	PRO.2.1-PRO.2.9	214
6:33	PSA.37.25	192
6:33	PSA.37.3	173
6:33	2CH.31.20-2CH.31.21	158
6:33	MAT.19.29	149
6:33	ROM.8.31	135
6:33	PSA.37.18-PSA.37.19	129
6:33	COL.1.13-COL.1.14	112
6:33	1TI.4.8	111
6:33	LUK.18.29-LUK.18.30	107
6:33	2CO.5.21	100
6:33	ROM.1.17	97
6:33	1KI.3.11-1KI.3.13	92
6:33	PHP.3.9	88
6:33	MAT.13.44-MAT.13.46	82
6:33	1CO.1.30	80
6:33	MAT.4.17	75
6:33	MAT.3.2	71
6:33	ROM.10.3	66
6:33	1KI.17.13	64
6:33	2CH.1.7-2CH.1.12	64
6:33	2PE.1.11	63
6:33	ACT.28.31	62
6:33	2TH.1.5	60
6:33	HAG.1.2-HAG.1.11	57
6:33	LEV.25.20-LEV.25.21	55
6:33	ROM.3.21-ROM.3.22	55
6:33	JER.23.6	51
6:33	ISA.45.24	49
6:33	LUK.1.6	48
6:33	1CO.3.22	46
6:33	2PE.1.1	45
6:33	ACT.20.25	43
6:33	HAG.2.16-HAG.2.19	40
6:34	MAT.6.25	77
6:34	JHN.14.27	62
6:34	HEB.13.5-HEB.13.6	56
6:34	JHN.16.33	50
6:34	LUK.11.3	37
6:34	LAM.3.23	36
6:34	MAT.6.11	31
6:34	1KI.17.14-1KI.17.16	29
6:34	1KI.17.4-1KI.17.6	24
6:34	ACT.14.22	21
6:34	1TH.3.3-1TH.3.4	21
6:34	EXO.16.18-EXO.16.20	19
6:34	2KI.7.1-2KI.7.2	19
6:34	DEU.33.25	15
7:1	LUK.6.37	97
7:1	ROM.2.1-ROM.2.2	75
7:1	JAS.4.11-JAS.4.12	60
7:1	LUK.6.41	55
7:1	ROM.14.10-ROM.14.13	51
7:1	MAT.7.5	49
7:1	1CO.4.3-1CO.4.5	38
7:1	ROM.14.3-ROM.14.4	33
7:1	MAT.7.2	31
7:1	EZK.16.52-EZK.16.56	15
7:1	JAS.3.1	15
7:1	ISA.66.5	13
7:2	JAS.2.13	27
7:2	MRK.4.24	19
7:2	OBA.1.15	17
7:2	LUK.6.38	17
7:2	PSA.18.25-PSA.18.26	9
7:2	REV.18.6	9
7:2	JDG.1.7	6
7:2	2CO.9.6	6
7:2	2TH.1.6-2TH.1.7	6
7:2	PSA.137.7-PSA.137.8	4
7:2	JER.51.24	2
7:3	JHN.8.7-JHN.8.9	36
7:3	GAL.6.1	34
7:3	LUK.6.41-LUK.6.42	28
7:3	2SA.12.5-2SA.12.6	17
7:3	LUK.18.11	14
7:3	PSA.50.16-PSA.50.21	12
7:3	2CH.28.9-2CH.28.10	6
7:5	LUK.6.42	21
7:5	PSA.51.9-PSA.51.13	19
7:5	MAT.23.13-MAT.23.28	9
7:5	LUK.13.15	6
7:5	LUK.4.23	5
7:5	MAT.22.18	4
7:5	LUK.12.56	2
7:6	PRO.9.7-PRO.9.8	90
7:6	PRO.23.9	77
7:6	MAT.10.14-MAT.10.15	57
7:6	PRO.26.11	49
7:6	MAT.15.26	31
7:6	ACT.13.45-ACT.13.47	30
7:6	PHP.3.2	29
7:6	HEB.10.29	28
7:6	2PE.2.22	26
7:6	2TI.4.14-2TI.4.15	23
7:6	PRO.11.22	15
7:6	MAT.24.10	14
7:6	HEB.6.6	11
7:6	MAT.22.5-MAT.22.6	9
7:6	2CO.11.26	6
7:7	MAT.21.22	265
7:7	1JN.3.22	193
7:7	JHN.15.7	189
7:7	MRK.11.24	160
7:7	PSA.145.18-PSA.145.19	152
7:7	JER.33.3	122
7:7	MAT.6.33	122
7:7	JER.29.12-JER.29.13	119
7:7	MAT.7.8	116
7:7	JHN.15.16	98
7:7	1JN.5.14-1JN.5.15	97
7:7	HEB.11.6	83
7:7	LUK.11.9-LUK.11.13	76
7:7	JHN.16.23-JHN.16.24	76
7:7	JAS.1.5-JAS.1.6	72
7:7	PRO.8.17	66
7:7	JHN.14.13-JHN.14.14	62
7:7	PSA.10.17	57
7:7	JHN.4.10	57
7:7	PSA.105.3-PSA.105.4	52
7:7	ISA.55.6-ISA.55.7	51
7:7	MAT.18.19	50
7:7	AMO.5.4	47
7:7	PSA.27.8	42
7:7	JAS.5.15	42
7:7	LUK.18.1	40
7:7	PSA.50.15	36
7:7	MAT.7.11	36
7:7	PSA.119.12	34
7:7	ROM.2.7	34
7:7	PSA.86.5	33
7:7	SNG.3.2	33
7:7	PSA.70.4	32
7:7	PSA.69.32	31
7:7	1KI.3.5	30
7:7	PSA.10.4	30
7:7	ROM.3.11	27
7:7	REV.3.17-REV.3.18	27
7:7	LUK.13.25	23
7:8	PSA.81.10	23
7:8	PSA.81.16	16
7:8	LUK.23.42-LUK.23.43	14
7:8	MAT.15.22-MAT.15.28	9
7:8	ACT.9.11	6
7:8	2CH.33.19	5
7:8	JHN.3.8-JHN.3.10	3
7:9	LUK.11.11-LUK.11.13	20
7:11	LUK.11.11-LUK.11.13	59
7:11	JAS.1.17	47
7:11	ROM.8.32	43
7:11	PSA.84.11	34
7:11	ISA.49.15	23
7:11	JHN.3.16	22
7:11	PSA.86.15	15
7:11	EPH.2.1-EPH.2.5	14
7:11	1JN.4.10	13
7:11	GEN.8.21	12
7:11	PSA.86.5	12
7:11	1JN.3.1	11
7:11	GEN.6.5	8
7:11	ISA.55.8-ISA.55.9	8
7:11	2CO.9.8-2CO.9.15	7
7:11	MIC.7.18	6
7:11	PSA.85.12	5
7:11	PSA.103.11-PSA.103.13	5
7:11	MAL.1.6	5
7:11	LUK.2.10-LUK.2.11	5
7:11	TIT.3.3-TIT.3.7	5
7:11	ROM.3.19	3
7:11	ROM.5.8-ROM.5.10	3
7:11	EXO.34.6-EXO.34.7	2
7:11	2SA.7.19	2
7:11	JER.33.14	2
7:11	HOS.11.8-HOS.11.9	2
7:11	GAL.3.22	2
7:11	JOB.15.16	1
7:11	JER.17.9	1
7:11	HOS.14.2	1
7:11	ROM.3.9	1
7:12	LUK.6.31	92
7:12	ROM.13.8-ROM.13.10	64
7:12	GAL.5.13-GAL.5.14	51
7:12	LEV.19.18	45
7:12	MRK.12.29-MRK.12.34	45
7:12	MAT.22.39-MAT.22.40	43
7:12	MIC.6.8	33
7:12	ZEC.8.16-ZEC.8.17	30
7:12	1TI.1.5	29
7:12	AMO.5.14-AMO.5.15	22
7:12	EZK.18.7-EZK.18.8	18
7:12	MAL.3.5	18
7:12	ISA.1.17-ISA.1.18	16
7:12	JER.7.5-JER.7.6	16
7:12	ZEC.7.7-ZEC.7.10	15
7:12	JAS.2.10-JAS.2.13	13
7:12	EZK.18.21	12
7:13	LUK.13.24-LUK.13.25	135
7:13	PRO.16.25	127
7:13	JHN.14.6	94
7:13	JHN.10.9	68
7:13	ISA.55.7	41
7:13	PRO.9.6	35
7:13	GAL.5.24	34
7:13	EZK.18.27-EZK.18.32	31
7:13	MAT.3.2	31
7:13	MAT.3.8	24
7:13	2CO.6.17	21
7:13	REV.20.15	21
7:13	MAT.23.13	19
7:13	1PE.4.17-1PE.4.18	19
7:13	EPH.2.2-EPH.2.3	18
7:13	PHP.3.19	16
7:13	MAT.18.2-MAT.18.3	15
7:13	2CO.4.4	15
7:13	MAT.25.46	14
7:13	1JN.5.19	14
7:13	ACT.3.19	12
7:13	2TH.1.8-2TH.1.9	12
7:13	REV.20.3	12
7:13	GEN.6.12	11
7:13	ISA.1.9	11
7:13	MAT.25.41	11
7:13	LUK.14.33	11
7:13	ACT.2.38-ACT.2.40	11
7:13	ROM.9.22	11
7:13	REV.12.9	11
7:13	REV.13.8	11
7:13	ROM.3.9-ROM.3.19	10
7:13	GEN.6.5	9
7:13	PSA.14.2-PSA.14.3	9
7:13	PRO.7.27	7
7:13	LUK.9.33	7
7:14	LUK.13.23-LUK.13.30	64
7:14	MAT.22.14	62
7:14	MAT.16.24-MAT.16.25	42
7:14	ROM.12.2	40
7:14	ISA.35.8	36
7:14	PRO.8.20	30
7:14	MRK.8.34	30
7:14	ACT.14.22	29
7:14	JHN.15.18-JHN.15.20	26
7:14	ISA.30.21	24
7:14	JHN.16.33	24
7:14	PRO.4.26-PRO.4.27	20
7:14	JER.6.16	18
7:14	MAT.20.16	18
7:14	EPH.2.2-EPH.2.3	18
7:14	LUK.12.32	17
7:14	ISA.57.14	16
7:14	ROM.9.27-ROM.9.29	16
7:14	MAT.25.1-MAT.25.12	15
7:14	1PE.3.20-1PE.3.21	15
7:14	1TH.3.2-1TH.3.5	14
7:14	ROM.9.32	12
7:14	ROM.11.5-ROM.11.6	12
7:14	JHN.16.2	11
7:15	1JN.4.1	45
7:15	MAT.24.11	34
7:15	2PE.2.1-2PE.2.3	34
7:15	ACT.20.29-ACT.20.31	30
7:15	MRK.13.22-MRK.13.23	29
7:15	DEU.13.1-DEU.13.3	26
7:15	COL.2.8	24
7:15	2CO.11.13-2CO.11.15	22
7:15	JUD.1.4	17
7:15	REV.19.20	17
7:15	MIC.3.11	14
7:15	MIC.3.5-MIC.3.7	12
7:15	MAT.24.24-MAT.24.25	10
7:15	LUK.6.26	10
7:15	ROM.16.17-ROM.16.18	10
7:15	2TI.3.5-2TI.3.9	10
7:15	2PE.3.17	10
7:15	JER.14.14-JER.14.16	8
7:15	REV.13.11-REV.13.17	8
7:15	ISA.56.10-ISA.56.11	7
7:15	2TI.3.13	7
7:15	ISA.9.15-ISA.9.16	6
7:15	JER.23.13-JER.23.16	6
7:15	JER.28.15-JER.28.17	6
7:15	JER.29.21	6
7:15	JER.29.32	6
7:15	EZK.22.27	6
7:15	MRK.12.38-MRK.12.40	6
7:15	LUK.12.15	6
7:15	GAL.2.4	6
7:15	EPH.4.14	6
7:15	PHP.3.2	6
7:15	1TI.4.1-1TI.4.3	6
7:15	2TI.4.3	6
7:15	EZK.13.16	5
7:15	EZK.13.22	5
7:15	EZK.22.25	5
7:15	ZEP.3.3-ZEP.3.4	5
7:15	ZEC.13.4	5
7:15	MAT.10.17	5
7:15	MAT.16.6	5
7:15	MAT.16.11	5
7:15	MAT.24.4-MAT.24.5	5
7:15	JHN.10.12	5
7:15	ACT.13.40	5
7:15	EPH.5.6	5
7:15	2PE.2.18-2PE.2.19	5
7:15	REV.16.13	5
7:15	REV.17.6	4
7:15	ACT.13.6	3
7:16	LUK.6.43-LUK.6.45	26
7:16	MAT.12.33	22
7:16	JAS.3.12	22
7:16	MAT.7.20	14
7:16	2PE.2.10-2PE.2.18	7
7:16	JUD.1.10-JUD.1.19	5
7:17	MAT.12.33-MAT.12.35	22
7:17	GAL.5.22-GAL.5.24	19
7:17	EPH.5.9	17
7:17	PSA.1.3	13
7:17	PSA.92.13-PSA.92.14	12
7:17	COL.1.10	12
7:17	JER.17.8	11
7:17	LUK.13.6-LUK.13.9	11
7:17	JAS.3.17-JAS.3.18	10
7:17	JER.11.19	8
7:17	PHP.1.11	8
7:17	ISA.61.3	7
7:17	JUD.1.12	6
7:17	ISA.5.3-ISA.5.5	4
7:18	GAL.5.17	17
7:18	1JN.3.9-1JN.3.10	14
7:19	MAT.3.10	17
7:19	JHN.15.2-JHN.15.6	15
7:19	LUK.3.9	14
7:19	HEB.6.8	14
7:19	LUK.13.6-LUK.13.9	9
7:19	JUD.1.12	9
7:19	ISA.27.11	6
7:19	ISA.5.5-ISA.5.7	5
7:19	EZK.15.2-EZK.15.7	4
7:19	MAT.21.19-MAT.21.20	1
7:20	MAT.7.16	17
7:21	ROM.2.13	139
7:21	LUK.6.46	125
7:21	JAS.1.22	119
7:21	LUK.11.28	85
7:21	TIT.1.16	75
7:21	HEB.4.6	58
7:21	MAT.25.11-MAT.25.12	54
7:21	JHN.6.40	50
7:21	REV.3.5	41
7:21	MAT.10.32-MAT.10.33	37
7:21	MAT.12.50	36
7:21	HEB.13.21	34
7:21	1PE.4.2	34
7:21	MAT.18.3	29
7:21	MRK.3.35	26
7:21	JHN.3.5	26
7:21	REV.22.14	26
7:21	JHN.7.17	25
7:21	1JN.3.21-1JN.3.24	22
7:21	ROM.12.2	20
7:21	JAS.2.20-JAS.2.26	20
7:21	EPH.6.6	19
7:21	1TH.5.18	18
7:21	1PE.2.15	18
7:21	MAT.21.29-MAT.21.31	17
7:21	MAT.25.21	17
7:21	COL.4.12	13
7:21	1TH.4.3	13
7:21	LUK.13.25	12
7:21	HOS.8.2-HOS.8.3	11
7:21	ACT.14.22	11
7:21	MAT.18.35	10
7:21	MAT.19.24	10
7:21	MRK.10.23-MRK.10.24	10
7:21	LUK.18.25	10
7:21	ISA.48.1-ISA.48.2	9
7:21	JHN.10.29-JHN.10.30	9
7:21	JHN.14.7	9
7:21	JHN.15.23	9
7:21	ACT.19.13-ACT.19.20	9
7:21	MAT.16.17	8
7:21	MAT.18.10	8
7:21	MAT.18.19	8
7:21	MAT.26.39	8
7:21	MAT.26.42	8
7:21	MRK.9.47	8
7:21	JHN.5.17	8
7:21	REV.2.27	8
7:22	LUK.13.25-LUK.13.27	31
7:22	1CO.13.1-1CO.13.2	20
7:22	MAL.3.17-MAL.3.18	13
7:22	ACT.19.13-ACT.19.15	10
7:22	HEB.6.4-HEB.6.6	10
7:22	2TI.1.12	7
7:22	2TI.4.8	7
7:22	NUM.24.4	6
7:22	MAT.25.11	6
7:22	JHN.11.51	6
7:22	ISA.2.11	5
7:22	ISA.2.17	5
7:22	JER.23.13-JER.23.32	5
7:22	MAT.7.21	5
7:22	MAT.10.5-MAT.10.8	5
7:22	MAT.24.36	5
7:22	LUK.10.12	5
7:22	1TH.5.4	5
7:22	MAT.10.15	4
7:22	2TH.1.10	4
7:22	2TI.1.18	4
7:22	NUM.31.8	3
7:22	1KI.22.11-1KI.22.20	3
7:23	MAT.25.41	30
7:23	PSA.6.8	28
7:23	LUK.13.25	25
7:23	LUK.13.27	25
7:23	MAT.25.12	24
7:23	JHN.10.14	16
7:23	JHN.10.27-JHN.10.30	14
7:23	REV.22.15	14
7:23	2TI.2.19	12
7:23	PSA.5.5	11
7:24	LUK.6.47-LUK.6.49	114
7:24	JHN.13.17	86
7:24	LUK.11.28	71
7:24	1CO.3.10-1CO.3.11	70
7:24	JAS.2.17-JAS.2.26	45
7:24	1JN.2.3	44
7:24	PSA.111.10	42
7:24	PRO.10.8	36
7:24	1JN.3.22-1JN.3.24	36
7:24	JAS.1.21-JAS.1.27	35
7:24	JHN.14.15	28
7:24	JHN.15.14	25
7:24	GAL.6.7-GAL.6.8	25
7:24	JOB.28.28	24
7:24	JHN.14.22-JHN.14.24	24
7:24	JHN.15.10	23
7:24	MAT.12.50	22
7:24	MAT.6.19-MAT.6.21	20
7:24	MAT.7.7-MAT.7.8	20
7:24	1JN.5.3-1JN.5.5	18
7:24	PSA.119.99	17
7:24	MAT.7.13-MAT.7.14	17
7:24	PSA.119.130	16
7:24	MAT.5.3-MAT.5.12	16
7:24	ROM.2.6-ROM.2.9	16
7:24	PRO.14.8	15
7:24	GAL.5.6-GAL.5.7	15
7:24	REV.22.14-REV.22.15	15
7:24	MAT.5.28-MAT.5.32	14
7:24	JAS.3.13-JAS.3.18	14
7:24	MAT.6.14-MAT.6.15	11
7:25	JAS.1.12	30
7:25	PSA.125.1-PSA.125.2	21
7:25	1PE.1.7	17
7:25	COL.2.7	15
7:25	1PE.1.5	14
7:25	1CO.3.13-1CO.3.15	13
7:25	ACT.14.22	10
7:25	PSA.92.13-PSA.92.15	8
7:25	EPH.3.17	6
7:25	EZK.13.11-EZK.13.16	5
7:25	MAL.3.3	4
7:25	1JN.2.19	4
7:25	MAT.16.18	3
7:26	JER.8.9	17
7:26	LUK.6.49	17
7:26	JAS.2.20	11
7:26	PRO.14.1	9
7:26	1SA.2.30	8
7:27	MAT.13.19-MAT.13.22	12
7:27	1CO.3.13	12
7:27	HEB.10.26-HEB.10.31	11
7:27	2PE.2.20-2PE.2.22	11
7:27	MAT.12.43-MAT.12.45	9
7:27	EZK.13.10-EZK.13.16	8
7:28	LUK.4.32	17
7:28	MRK.1.22	10
7:28	MRK.6.2	8
7:28	JHN.7.46	8
7:28	LUK.4.22	5
7:28	MAT.13.53-MAT.13.54	4
7:28	JHN.7.15	4
7:28	PSA.45.2	3
7:28	MAT.11.1	3
7:28	MAT.22.33	3
7:28	MAT.26.1	3
7:28	MRK.11.18	3
7:28	LUK.19.48	3
7:28	MAT.19.1	2
7:29	HEB.4.12-HEB.4.13	6
7:29	ISA.50.4	4
7:29	LUK.20.8	4
7:29	DEU.18.18-DEU.18.19	3
7:29	LUK.20.46-LUK.20.47	3
7:29	ECC.8.4	2
7:29	JER.23.28-JER.23.29	2
7:29	MIC.3.8	2
7:29	MAT.5.20	2
7:29	MAT.5.28	2
7:29	MAT.5.32	2
7:29	MAT.5.44	2
7:29	MAT.15.1-MAT.15.9	2
7:29	MAT.21.23-MAT.21.27	2
7:29	MAT.23.2-MAT.23.6	2
7:29	MAT.23.15-MAT.23.24	2
7:29	MAT.28.18	2
7:29	MRK.7.5-MRK.7.13	2
7:29	LUK.21.15	2
7:29	ACT.3.22-ACT.3.23	2
7:29	ACT.6.10	2
8:1	MAT.8.18	6
8:1	MAT.4.25-MAT.5.1	5
8:1	MAT.19.2	2
8:1	MAT.20.29	2
8:1	MRK.3.7	2
8:1	LUK.5.15	2
8:1	MAT.12.15	1
8:1	MAT.15.30	1
8:1	LUK.14.25-LUK.14.27	1
8:2	MRK.1.40-MRK.1.45	8
8:2	MAT.15.25	7
8:2	MAT.18.26	7
8:2	LUK.17.12-LUK.17.19	7
8:2	LEV.13.44-LEV.13.46	6
8:2	LUK.5.12-LUK.5.14	6
8:2	ACT.10.25	6
8:2	NUM.5.2-NUM.5.3	5
8:2	MAT.28.17	5
8:2	MRK.9.22-MRK.9.24	5
8:2	JHN.9.38	5
8:2	1CO.14.25	5
8:2	MAT.9.28-MAT.9.29	4
8:2	MAT.20.20	4
8:2	MRK.5.6-MRK.5.7	4
8:2	NUM.12.10	3
8:2	2KI.5.27	3
8:2	2KI.15.5	3
8:2	2CH.26.19-2CH.26.21	3
8:2	MAT.9.18	3
8:2	MAT.13.58	3
8:2	MAT.14.33	3
8:2	MAT.26.6	3
8:2	LUK.4.27	3
8:2	DEU.24.8-DEU.24.9	2
8:2	2SA.3.39	2
8:2	2KI.5.1	2
8:2	2KI.7.3-2KI.7.4	2
8:2	MAT.2.11	2
8:2	MAT.4.9	2
8:2	MAT.10.8	2
8:2	MAT.28.9	2
8:2	REV.19.10	2
8:2	REV.22.8-REV.22.9	2
8:3	PSA.33.9	14
8:3	LUK.5.13	14
8:3	2KI.5.14	9
8:3	MAT.11.4-MAT.11.5	9
8:3	MRK.1.41	7
8:3	GEN.1.3	6
8:3	2KI.5.11	6
8:3	MRK.4.39	6
8:3	JHN.5.21	6
8:3	MRK.5.41	5
8:3	MRK.9.25	5
8:3	LUK.7.14	5
8:3	LUK.17.14-LUK.17.15	5
8:3	JHN.11.43	5
8:3	MRK.7.34	4
8:3	JHN.15.24	3
8:4	LEV.14.2-LEV.14.32	27
8:4	LUK.5.14	8
8:4	LUK.17.14	8
8:4	LEV.13.2-LEV.13.46	6
8:4	MRK.7.36	6
8:4	MAT.9.30	5
8:4	MRK.6.11	5
8:4	MAT.12.16-MAT.12.19	4
8:4	MRK.1.43-MRK.1.44	4
8:4	JHN.10.37-JHN.10.38	4
8:4	2KI.5.7-2KI.5.8	3
8:4	ISA.42.21	3
8:4	MAT.5.17	3
8:4	MAT.6.1	3
8:4	MAT.10.18	3
8:4	MAT.17.9	3
8:4	MRK.5.43	3
8:4	MAT.3.15	2
8:4	MAT.16.20	2
8:4	MRK.8.30	2
8:4	LUK.21.13	2
8:4	JHN.5.41	2
8:4	JHN.7.18	2
8:4	JHN.8.50	2
8:4	MRK.13.9	1
8:5	LUK.7.1-LUK.7.10	19
8:5	MAT.27.54	7
8:5	ACT.27.43	7
8:5	ACT.10.1-ACT.10.33	6
8:5	ACT.27.31	6
8:5	MAT.4.13	5
8:5	MRK.15.39	5
8:5	ACT.23.17	5
8:5	MAT.9.1	4
8:5	MRK.2.1	4
8:5	ACT.22.25	4
8:5	ACT.23.23	4
8:5	ACT.27.13	4
8:5	MAT.11.23	3
8:6	MAT.4.24	8
8:6	COL.4.1	8
8:6	ACT.9.33	7
8:6	COL.3.11	6
8:6	MRK.2.3-MRK.2.12	5
8:6	ACT.8.7	5
8:6	ACT.10.7	5
8:6	1TI.6.2	5
8:6	PHM.1.16	5
8:6	MAT.9.2	4
8:6	JOB.31.13-JOB.31.14	3
8:7	LUK.7.6	4
8:7	MAT.9.18-MAT.9.19	3
8:7	MRK.5.23-MRK.5.24	3
8:8	PSA.107.20	30
8:8	LUK.7.6-LUK.7.7	26
8:8	PSA.33.9	23
8:8	MRK.1.25-MRK.1.27	19
8:8	MAT.8.3	15
8:8	MAT.15.26-MAT.15.27	14
8:8	JHN.1.27	14
8:8	LUK.5.8	13
8:8	PSA.10.17	10
8:8	MAT.3.11	10
8:8	NUM.20.8	9
8:8	MAT.3.14	9
8:8	LUK.15.19	9
8:8	LUK.15.21	9
8:8	GEN.32.10	7
8:8	JHN.13.6-JHN.13.8	5
8:9	TIT.2.9	8
8:9	PSA.107.25-PSA.107.29	7
8:9	PSA.119.91	6
8:9	PSA.148.8	6
8:9	LUK.4.35-LUK.4.36	6
8:9	LUK.4.39	6
8:9	LUK.7.8	6
8:9	COL.3.22	6
8:9	JOB.38.34-JOB.38.35	5
8:9	JER.47.6-JER.47.7	5
8:9	EZK.14.17-EZK.14.21	5
8:9	MRK.4.39-MRK.4.41	5
8:9	EPH.6.5-EPH.6.6	4
8:10	MAT.15.28	12
8:10	LUK.7.9	12
8:10	MRK.6.6	11
8:10	LUK.5.20	10
8:10	LUK.7.50	10
8:11	LUK.13.28-LUK.13.29	13
8:11	EPH.3.6	11
8:11	MAL.1.11	8
8:11	GAL.3.28-GAL.3.29	8
8:11	EPH.2.11-EPH.2.14	8
8:11	MIC.4.1-MIC.4.2	7
8:11	ISA.2.2-ISA.2.3	6
8:11	MAT.24.31	6
8:11	LUK.12.37	6
8:11	ACT.10.45	6
8:11	ACT.11.18	6
8:11	COL.3.11	6
8:11	ISA.59.19	5
8:11	ACT.14.27	4
8:11	MAT.3.2	3
8:11	LUK.16.22	3
8:11	ACT.14.22	3
8:11	ROM.15.9-ROM.15.13	3
8:11	1CO.6.9	3
8:11	1CO.15.20	3
8:11	2TH.1.5	3
8:11	REV.3.20-REV.3.21	3
8:11	REV.7.6	3
8:11	GEN.12.3	2
8:11	GEN.22.18	2
8:11	GEN.28.14	2
8:11	GEN.49.10	2
8:11	PSA.22.27	2
8:11	PSA.98.3	2
8:11	ISA.11.10	2
8:11	ISA.49.6	2
8:11	ISA.52.10	2
8:11	ISA.60.1-ISA.60.6	2
8:11	JER.16.19	2
8:11	DAN.2.44	2
8:11	ZEC.8.20-ZEC.8.23	2
8:11	LUK.14.23-LUK.14.24	2
8:11	ISA.49.12	1
8:12	MAT.25.30	16
8:12	LUK.13.28	13
8:12	MAT.21.43	12
8:12	MAT.13.42	10
8:12	MAT.13.50	10
8:12	MAT.24.51	10
8:12	MAT.22.12-MAT.22.13	8
8:12	MAT.3.9-MAT.3.10	6
8:12	2PE.2.17	5
8:12	JUD.1.13	5
8:12	MAT.7.22-MAT.7.23	4
8:12	ACT.3.25	4
8:12	ROM.9.4	4
8:12	2PE.2.4	4
8:12	MAT.13.38	2
8:13	MAT.9.29-MAT.9.30	16
8:13	MRK.9.23	10
8:13	JHN.4.50	10
8:13	MAT.9.22	8
8:13	MAT.15.28	8
8:13	MAT.17.20	8
8:13	JHN.4.52-JHN.4.53	7
8:13	ECC.9.7	6
8:13	MAT.8.4	5
8:13	MRK.7.29	4
8:14	LUK.4.38-LUK.4.41	15
8:14	MRK.1.29-MRK.1.34	12
8:14	1CO.9.5	4
8:14	MAT.17.25	1
8:14	1TI.3.2	1
8:14	HEB.13.4	1
8:14	MAT.8.20	0
8:14	1TI.4.3	0
8:15	2KI.13.21	6
8:15	MRK.1.41	5
8:15	LUK.8.54	5
8:15	LUK.4.38-LUK.4.39	4
8:15	ISA.6.7	3
8:15	MAT.8.3	3
8:15	MAT.9.20	3
8:15	MAT.9.29	3
8:15	MAT.14.36	3
8:15	MAT.20.34	3
8:15	JHN.12.1-JHN.12.3	3
8:15	ACT.19.11-ACT.19.13	3
8:16	EXO.15.26	38
8:16	MAT.14.14	8
8:16	MRK.1.32-MRK.1.34	7
8:16	MAT.12.22	6
8:16	LUK.4.40	6
8:16	ACT.5.15	6
8:16	MRK.5.8	5
8:16	ACT.19.13-ACT.19.16	3
8:16	MAT.4.23-MAT.4.24	2
8:16	MAT.9.2	2
8:16	MRK.1.25-MRK.1.27	1
8:16	MRK.2.3	1
8:16	MRK.9.25	1
8:16	MAT.8.33	0
8:17	ISA.53.4	96
8:17	1PE.2.24	95
8:17	MAT.1.22	16
8:18	LUK.4.42-LUK.4.43	4
8:18	LUK.8.22	4
8:18	MRK.4.35	3
8:18	JHN.6.15	3
8:18	MAT.14.22	2
8:18	MAT.8.1	1
8:18	MRK.1.35-MRK.1.38	1
8:18	MRK.5.21	1
8:18	MRK.6.45	1
8:18	MRK.8.13	1
8:19	LUK.22.33-LUK.22.34	7
8:19	LUK.14.33	5
8:19	JHN.13.36-JHN.13.38	5
8:19	LUK.14.25-LUK.14.27	4
8:19	MRK.12.32-MRK.12.34	3
8:19	LUK.9.57-LUK.9.60	3
8:19	1CO.1.20	3
8:19	EZR.7.6	0
8:20	PSA.84.3	12
8:20	LUK.2.7	11
8:20	ISA.53.2-ISA.53.3	5
8:20	PSA.104.17	3
8:20	LUK.2.16	3
8:20	2CO.8.9	3
8:20	PSA.109.22	2
8:20	LUK.2.12	2
8:20	LUK.8.3	2
8:20	PSA.40.17	1
8:20	PSA.69.29	0
8:21	LUK.9.59-LUK.9.62	9
8:21	MAT.19.29	7
8:21	LEV.21.11-LEV.21.12	6
8:21	NUM.6.6-NUM.6.7	6
8:21	1KI.19.20-1KI.19.21	4
8:21	DEU.33.9-DEU.33.10	3
8:21	HAG.1.2	3
8:21	2CO.5.16	2
8:22	LUK.15.32	13
8:22	COL.2.13	12
8:22	EPH.5.14	10
8:22	EPH.2.5	9
8:22	EPH.2.1	8
8:22	JHN.1.43	7
8:22	1TI.5.6	5
8:22	MAT.4.18-MAT.4.22	2
8:23	LUK.8.22-LUK.8.25	10
8:23	MRK.4.36-MRK.4.41	9
8:23	LUK.7.22	4
8:23	MAT.9.1	3
8:24	LUK.8.23	10
8:24	PSA.107.23-PSA.107.27	6
8:24	JON.1.4-JON.1.5	6
8:24	MRK.4.37-MRK.4.38	6
8:24	ACT.27.14-ACT.27.38	5
8:24	ISA.54.11	4
8:24	JHN.6.17-JHN.6.18	4
8:24	2CO.11.25-2CO.11.26	4
8:24	JHN.11.5-JHN.11.6	3
8:24	JHN.11.15	3
8:25	JON.1.6	7
8:25	2CH.14.11	3
8:25	PSA.44.22-PSA.44.23	3
8:25	MRK.4.38-MRK.4.39	3
8:25	2CH.20.12	2
8:25	ISA.51.9-ISA.51.10	2
8:25	LUK.8.24	2
8:25	PSA.10.1	1
8:26	ISA.41.10-ISA.41.14	22
8:26	PSA.65.7	19
8:26	PSA.107.28-PSA.107.30	17
8:26	PSA.89.9	14
8:26	MAT.6.30	11
8:26	LUK.8.24-LUK.8.25	11
8:26	MRK.4.39-MRK.4.41	8
8:26	ROM.4.20	5
8:26	ISA.50.2-ISA.50.4	4
8:26	MAT.8.27	4
8:26	MAT.16.8	4
8:26	JOB.38.8-JOB.38.11	3
8:26	MAT.14.30-MAT.14.31	3
8:26	MRK.6.48-MRK.6.51	3
8:26	PSA.93.3-PSA.93.4	2
8:26	PSA.104.6-PSA.104.9	2
8:26	PSA.114.3-PSA.114.7	2
8:26	PRO.8.28-PRO.8.29	2
8:26	ISA.63.12	2
8:26	NAM.1.4	2
8:26	HAB.3.8	2
8:26	REV.10.2	2
8:27	MRK.7.37	9
8:27	MAT.14.33	8
8:27	MRK.1.27	7
8:27	MRK.6.51	7
8:27	MAT.15.31	4
8:28	LUK.8.26-LUK.8.39	23
8:28	MRK.5.1-MRK.5.20	22
8:28	ACT.10.38	14
8:28	MAT.4.24	13
8:28	GEN.10.16	2
8:28	GEN.15.21	2
8:28	JDG.5.6	2
8:29	MRK.1.24	14
8:29	LUK.4.34	12
8:29	JAS.2.19	10
8:29	MRK.5.7	9
8:29	LUK.8.28	8
8:29	MAT.4.3	5
8:29	2PE.2.4	5
8:29	2SA.16.10	4
8:29	LUK.4.41	4
8:29	JHN.2.4	4
8:29	2SA.19.22	2
8:29	1KI.17.18	2
8:29	MRK.3.11	2
8:29	ACT.16.17	2
8:29	JUD.1.6	2
8:29	JDG.11.12	1
8:29	JOL.3.4	1
8:30	LEV.11.7	5
8:30	DEU.14.8	4
8:30	ISA.65.3-ISA.65.4	3
8:30	MRK.5.11	3
8:30	ISA.66.3	2
8:30	LUK.8.32	2
8:30	LUK.15.15-LUK.15.16	1
8:31	REV.20.1-REV.20.2	4
8:31	MRK.5.12	3
8:31	LUK.8.30-LUK.8.33	3
8:31	REV.12.12	3
8:31	MRK.5.7	2
8:32	MRK.5.13	4
8:32	REV.20.7	4
8:32	1KI.22.22	3
8:32	LUK.8.33	3
8:32	ACT.2.23	3
8:32	ACT.4.28	3
8:32	JOB.1.10-JOB.1.19	2
8:32	JOB.2.3-JOB.2.8	2
8:33	MRK.5.14-MRK.5.16	3
8:33	LUK.8.34-LUK.8.36	3
8:33	ACT.19.15-ACT.19.17	2
8:34	ACT.16.39	7
8:34	LUK.5.8	6
8:34	LUK.8.37-LUK.8.39	6
8:34	JOB.21.14	5
8:34	MRK.5.17-MRK.5.18	5
8:34	JOB.22.17	4
8:34	1KI.17.18	3
8:34	DEU.5.25	2
8:34	1SA.16.4	2
8:34	1KI.18.17	2
8:34	MAT.8.29	2
8:34	LUK.8.28	2
9:1	MAT.4.13	5
9:1	LUK.8.37	4
9:1	MAT.7.6	3
9:1	MAT.8.18	3
9:1	MRK.5.21	3
9:1	REV.22.11	3
9:1	MAT.8.23	2
9:2	MRK.2.1-MRK.2.12	18
9:2	LUK.5.18-LUK.5.26	16
9:2	JER.31.33-JER.31.34	12
9:2	MAT.9.22	10
9:2	PSA.32.1-PSA.32.2	8
9:2	LUK.7.47-LUK.7.50	8
9:2	COL.1.12-COL.1.14	6
9:2	JAS.2.18	6
9:2	MAT.4.24	5
9:2	MAT.8.10	5
9:2	MAT.8.16	5
9:2	ACT.19.12	5
9:2	ROM.4.6-ROM.4.8	5
9:2	ISA.44.22	4
9:2	MAT.9.6	4
9:2	JHN.21.5	4
9:2	ACT.5.15-ACT.5.16	4
9:2	ISA.40.1-ISA.40.2	3
9:2	MRK.1.32	3
9:2	MRK.5.34	3
9:2	JHN.16.33	3
9:2	ACT.14.9	3
9:2	ROM.5.11	3
9:2	ECC.9.7	2
9:2	JHN.2.25	2
9:2	ACT.13.38-ACT.13.39	2
9:3	MAT.26.65	5
9:3	LEV.24.16	4
9:3	LUK.5.21	4
9:3	MRK.2.6-MRK.2.7	3
9:3	MRK.14.64	3
9:3	LUK.7.39-LUK.7.40	3
9:3	JHN.10.33-JHN.10.36	3
9:3	MAT.7.29	2
9:3	MRK.7.21	2
9:3	ACT.6.11-ACT.6.13	2
9:4	LUK.6.8	13
9:4	MAT.12.25	11
9:4	REV.2.23	9
9:4	PSA.44.21	7
9:4	PSA.139.2	7
9:4	LUK.9.46-LUK.9.47	7
9:4	LUK.11.17	7
9:4	JHN.16.30	7
9:4	JHN.2.24-JHN.2.25	6
9:4	HEB.4.12-HEB.4.13	6
9:4	JHN.6.61	5
9:4	JHN.6.64	5
9:4	JHN.16.19	5
9:4	ACT.5.3-ACT.5.4	5
9:4	ACT.5.9	5
9:4	ACT.8.20-ACT.8.22	5
9:4	MRK.2.8	4
9:4	MRK.12.15	4
9:4	LUK.5.22	4
9:4	JHN.21.17	4
9:4	MAT.16.7-MAT.16.8	3
9:4	MRK.8.16-MRK.8.17	3
9:4	LUK.7.40	3
9:4	EZK.38.10	2
9:5	JHN.5.8-JHN.5.14	42
9:5	MRK.2.9-MRK.2.12	39
9:5	ACT.3.16	29
9:5	LUK.5.23-LUK.5.25	25
9:5	ACT.14.8-ACT.14.11	22
9:5	ISA.35.5-ISA.35.6	21
9:5	ACT.3.6-ACT.3.11	21
9:5	ACT.9.34	18
9:5	JHN.5.17-JHN.5.18	13
9:5	ACT.4.9-ACT.4.10	10
9:6	ISA.43.25	7
9:6	MAT.9.5	5
9:6	JHN.5.21-JHN.5.23	3
9:6	JHN.20.21-JHN.20.23	3
9:6	2CO.2.10	3
9:6	2CO.5.20	3
9:6	MIC.7.18	2
9:6	MAT.8.20	2
9:6	MRK.2.7	2
9:6	MRK.2.10	2
9:6	LUK.5.21	2
9:6	LUK.13.11-LUK.13.13	2
9:6	JHN.10.28	2
9:6	JHN.17.2	2
9:6	ACT.5.31	2
9:6	ACT.7.59-ACT.7.60	2
9:6	ACT.9.34	2
9:6	EPH.4.32	2
9:6	COL.3.13	2
9:8	LUK.7.16	11
9:8	MAT.15.31	10
9:8	ACT.4.21	7
9:8	MRK.2.12	6
9:8	LUK.17.15	6
9:8	LUK.23.47	6
9:8	LUK.5.25-LUK.5.26	5
9:8	JHN.15.8	5
9:8	LUK.13.13	4
9:8	ACT.11.18	4
9:8	GAL.1.24	4
9:8	MAT.5.16	3
9:8	MAT.12.23	3
9:8	MAT.28.18	3
9:8	MRK.7.37	2
9:8	ACT.21.20	2
9:9	LUK.5.27-LUK.5.38	17
9:9	MRK.2.14-MRK.2.22	12
9:9	1KI.19.19-1KI.19.21	7
9:9	LUK.19.2-LUK.19.10	7
9:9	MRK.3.18	6
9:9	MAT.21.31-MAT.21.32	5
9:9	ACT.1.13	5
9:9	GAL.1.16	5
9:9	MAT.4.18-MAT.4.22	4
9:9	MAT.10.3	4
9:9	LUK.6.15	4
9:9	LUK.15.1-LUK.15.2	3
9:10	LUK.5.29-LUK.5.32	7
9:10	MRK.2.15-MRK.2.17	6
9:10	1TI.1.13-1TI.1.16	6
9:10	MAT.5.46-MAT.5.47	4
9:10	JHN.9.31	4
9:11	MAT.11.19	10
9:11	LUK.5.30	8
9:11	MRK.2.16	7
9:11	LUK.15.1-LUK.15.2	7
9:11	1CO.5.9-1CO.5.11	6
9:11	GAL.2.15	5
9:11	HEB.5.2	5
9:11	ISA.65.5	4
9:11	LUK.19.7	4
9:11	2JN.1.10	2
9:11	MRK.9.14-MRK.9.16	1
9:12	LUK.5.31	15
9:12	REV.3.17-REV.3.18	13
9:12	JER.33.6	12
9:12	MRK.2.17	11
9:12	LUK.9.11	11
9:12	PSA.147.3	10
9:12	JER.17.14	9
9:12	HOS.14.4	8
9:12	JER.30.17	7
9:12	PSA.6.2	6
9:12	PSA.41.4	6
9:12	LUK.8.43	6
9:12	LUK.18.11-LUK.18.13	5
9:12	ROM.7.9-ROM.7.24	4
9:13	MRK.2.17	274
9:13	LUK.19.10	201
9:13	HOS.6.6	171
9:13	LUK.5.32	148
9:13	MAT.12.7	123
9:13	1TI.1.13-1TI.1.16	116
9:13	PRO.21.3	110
9:13	2PE.3.9	80
9:13	MIC.6.6-MIC.6.8	71
9:13	MAT.21.28-MAT.21.32	57
9:13	ACT.3.19	51
9:13	1CO.6.9-1CO.6.11	51
9:13	ACT.11.18	47
9:13	MAT.3.2	42
9:13	ISA.55.6-ISA.55.7	39
9:13	MAT.18.10-MAT.18.13	39
9:13	ROM.2.4-ROM.2.6	36
9:13	ACT.5.31	32
9:13	ROM.3.10-ROM.3.24	32
9:13	LUK.24.47	28
9:13	MAT.4.17	27
9:13	ACT.26.18-ACT.26.20	26
9:13	ACT.2.38	25
9:13	MAT.3.8	24
9:13	2TI.2.25-2TI.2.26	23
9:13	LUK.15.3-LUK.15.10	22
9:13	ACT.17.30-ACT.17.31	21
9:13	MAT.12.3	18
9:13	MAT.21.42	18
9:13	ACT.20.21	18
9:13	MRK.12.26	16
9:13	MAT.11.20-MAT.11.21	15
9:13	MAT.12.5	15
9:13	MAT.19.4	15
9:13	MAT.22.31-MAT.22.32	15
9:13	JHN.10.34	15
9:13	LUK.10.26	14
9:14	LUK.5.33-LUK.5.39	9
9:14	MRK.2.18-MRK.2.22	7
9:14	MAT.6.16	5
9:14	MAT.11.18-MAT.11.19	4
9:14	PRO.20.6	3
9:14	LUK.18.9-LUK.18.12	3
9:14	JHN.3.25	3
9:14	MAT.11.2	2
9:14	JHN.4.1	2
9:15	REV.19.9	11
9:15	JHN.3.29	8
9:15	REV.21.2	8
9:15	MAT.25.1-MAT.25.10	7
9:15	JHN.16.20-JHN.16.22	7
9:15	ACT.13.1-ACT.13.3	7
9:15	ACT.14.23	7
9:15	PSA.45.14-PSA.45.15	6
9:15	ISA.22.12	5
9:15	LUK.24.13-LUK.24.21	5
9:15	JHN.16.6	5
9:15	1CO.7.5	5
9:15	JDG.14.11-JDG.14.20	3
9:15	2CO.11.27	3
9:15	ACT.1.9-ACT.1.10	2
9:16	1CO.3.1-1CO.3.2	6
9:16	JHN.16.12	5
9:16	PSA.125.3	3
9:16	ISA.40.11	1
9:16	1CO.13.13	1
9:16	GEN.33.14	0
9:17	JOS.9.4	1
9:17	JOB.32.19	1
9:17	PSA.119.83	0
9:18	MRK.5.22-MRK.5.43	11
9:18	LUK.8.41-LUK.8.56	11
9:18	MAT.8.2	7
9:18	2KI.5.11	4
9:18	LUK.13.14	4
9:18	MAT.9.24	3
9:18	JHN.4.47-JHN.4.49	3
9:18	JHN.11.21-JHN.11.22	3
9:18	JHN.11.32	3
9:18	MAT.8.8-MAT.8.9	2
9:18	MAT.14.33	2
9:18	MAT.15.25	2
9:18	MAT.17.14	2
9:18	MAT.28.17	2
9:18	LUK.7.2	2
9:18	LUK.17.15-LUK.17.16	2
9:18	LUK.18.18	2
9:18	JHN.11.25	2
9:18	ACT.10.25-ACT.10.26	2
9:18	ACT.13.15	2
9:18	MAT.20.20	0
9:19	ACT.10.38	3
9:19	MAT.8.7	2
9:19	JHN.4.34	2
9:19	GAL.6.9-GAL.6.10	2
9:20	LUK.8.43-LUK.8.56	19
9:20	MRK.6.56	13
9:20	MAT.14.36	12
9:20	MRK.5.25-MRK.5.43	10
9:20	DEU.22.12	8
9:20	LEV.15.25-LEV.15.33	5
9:20	MAT.23.5	5
9:20	ACT.5.15	5
9:20	NUM.15.38-NUM.15.39	4
9:20	ACT.19.12	4
9:20	MRK.8.22	3
9:21	MRK.5.26-MRK.5.33	12
9:21	LUK.8.45-LUK.8.47	10
9:21	ACT.19.12	9
9:22	LUK.7.50	9
9:22	MAT.15.28	8
9:22	MAT.9.2	7
9:22	MRK.10.52	6
9:22	LUK.8.48	6
9:22	LUK.17.19	6
9:22	LUK.18.42	6
9:22	MRK.5.34	5
9:22	MAT.9.29	4
9:22	JHN.4.53	4
9:22	ACT.14.9	4
9:22	MAT.17.18	2
9:22	ACT.16.18	2
9:22	HEB.4.2	2
9:23	2CH.35.25	6
9:23	MRK.5.35-MRK.5.40	4
9:23	MAT.9.18-MAT.9.19	3
9:23	LUK.8.49-LUK.8.51	3
9:23	JER.9.17-JER.9.20	2
9:23	MAT.11.17	2
9:23	LUK.7.32	1
9:23	ACT.9.39	1
9:24	ACT.20.10	7
9:24	JHN.11.11-JHN.11.13	4
9:24	1KI.17.18-1KI.17.24	3
9:24	ISA.49.7	3
9:24	ISA.53.3	3
9:24	MAT.27.39-MAT.27.43	3
9:24	JHN.11.4	3
9:24	ACT.9.40	3
9:24	PSA.22.6-PSA.22.7	2
9:25	MRK.9.27	6
9:25	2KI.4.32-2KI.4.36	4
9:25	MRK.1.31	4
9:25	MRK.5.41	4
9:25	LUK.8.54	4
9:25	MRK.8.23	3
9:25	ACT.9.40-ACT.9.41	3
9:26	MAT.4.24	4
9:26	MAT.14.1-MAT.14.2	3
9:26	MRK.1.45	3
9:26	MRK.6.14	2
9:26	ACT.26.26	2
9:27	MAT.15.22	27
9:27	MAT.20.30-MAT.20.31	20
9:27	MRK.10.46-MRK.10.48	17
9:27	MAT.11.5	15
9:27	LUK.18.38-LUK.18.39	15
9:27	MAT.17.15	13
9:27	MAT.22.41-MAT.22.45	11
9:27	MRK.9.22	9
9:27	MRK.11.10	9
9:27	LUK.7.21	9
9:27	JHN.7.42	9
9:27	MAT.21.9	7
9:27	MRK.8.22-MRK.8.23	7
9:27	MAT.1.1	6
9:27	MAT.12.22-MAT.12.23	6
9:27	MAT.21.15	5
9:27	MRK.12.35-MRK.12.37	5
9:27	LUK.17.13	4
9:27	LUK.20.41	4
9:27	ROM.9.5	4
9:27	JHN.9.1-JHN.9.12	3
9:27	ROM.1.3	0
9:28	MRK.9.23-MRK.9.24	10
9:28	MAT.8.2	8
9:28	MAT.9.22	8
9:28	MAT.13.58	8
9:28	JHN.11.26	7
9:28	JHN.11.40	7
9:28	MAT.8.14	6
9:28	MAT.13.36	4
9:28	JHN.4.48-JHN.4.50	4
9:29	MAT.15.28	20
9:29	MRK.10.52	19
9:29	MAT.9.22	17
9:29	MAT.8.13	16
9:29	MAT.20.34	9
9:29	MAT.8.6-MAT.8.7	7
9:29	JHN.9.6-JHN.9.7	3
9:30	MAT.8.4	6
9:30	LUK.5.14	6
9:30	MAT.12.16	4
9:30	MAT.17.9	4
9:30	MRK.5.43	4
9:30	LUK.8.56	4
9:30	PSA.146.8	3
9:30	ISA.35.5	2
9:30	ISA.52.13	2
9:30	JHN.9.7-JHN.9.26	2
9:30	ISA.42.7	1
9:31	MRK.7.36	4
9:31	MAT.9.26	3
9:31	MRK.1.44-MRK.1.45	2
9:32	MAT.4.24	5
9:32	MAT.12.22-MAT.12.24	4
9:32	LUK.11.14	4
9:32	MRK.9.17-MRK.9.27	3
9:33	ISA.35.6	4
9:33	EXO.4.11-EXO.4.12	3
9:33	MRK.7.32-MRK.7.37	3
9:33	2KI.5.8	2
9:33	PSA.76.1	2
9:33	JER.32.20	2
9:33	MAT.15.30-MAT.15.31	2
9:33	LUK.7.9	2
9:33	LUK.11.14	2
9:33	MRK.2.12	1
9:34	LUK.11.15	14
9:34	MRK.3.22	12
9:34	MAT.12.23-MAT.12.24	9
9:34	JHN.3.20	7
9:35	MAT.4.23-MAT.4.24	15
9:35	ACT.10.38	15
9:35	MRK.6.56	10
9:35	LUK.4.43-LUK.4.44	10
9:35	MAT.11.5	9
9:35	LUK.13.22	7
9:35	ACT.2.22	7
9:35	MAT.11.1	5
9:35	MRK.1.32-MRK.1.39	5
9:35	MRK.6.6	5
9:36	NUM.27.17	23
9:36	MRK.6.34	21
9:36	JER.50.6	16
9:36	EZK.34.3-EZK.34.6	14
9:36	MAT.14.14	13
9:36	ZEC.10.2	10
9:36	2CH.18.16	9
9:36	MAT.10.6	9
9:36	MAT.15.24	9
9:36	1KI.22.17	8
9:36	HEB.4.15	8
9:36	HEB.5.2	8
9:36	ZEC.13.7-ZEC.13.8	7
9:36	MAT.15.32	7
9:36	ZEC.11.16	5
9:36	ISA.56.9-ISA.56.11	4
9:37	LUK.10.2	56
9:37	MRK.16.15	48
9:37	1CO.3.9	43
9:37	JHN.4.35-JHN.4.36	41
9:37	MAT.28.19	36
9:37	LUK.24.47	21
9:37	2CO.6.1	21
9:37	PSA.68.11	17
9:37	ACT.16.9	17
9:37	1TH.5.12-1TH.5.13	17
9:37	1TI.5.17	14
9:37	ACT.18.10	13
9:37	PHP.2.19-PHP.2.21	13
9:37	COL.4.11	12
9:38	LUK.10.1-LUK.10.2	32
9:38	JER.3.15	25
9:38	2TH.3.1	17
9:38	ACT.13.2	14
9:38	JHN.20.21	13
9:38	PSA.68.11	10
9:38	ACT.8.4	10
9:38	1CO.12.28	10
9:38	MIC.5.7	9
9:38	EPH.4.11	8
9:38	MAT.10.1-MAT.10.3	6
9:38	LUK.6.12-LUK.6.13	6
9:38	PSA.68.18	2
10:1	LUK.9.1-LUK.9.6	29
10:1	MRK.3.13-MRK.3.15	25
10:1	MRK.6.7-MRK.6.13	22
10:1	LUK.10.19	16
10:1	MRK.16.17-MRK.16.18	14
10:1	LUK.24.49	9
10:1	LUK.6.13	6
10:1	ACT.1.8	6
10:1	JHN.3.27	5
10:1	MAT.28.18-MAT.28.19	1
10:1	LUK.21.15	1
10:1	JHN.6.70	1
10:1	MAT.19.28	0
10:1	JHN.3.35	0
10:1	JHN.20.21-JHN.20.23	0
10:1	ACT.19.15	0
10:1	REV.21.12-REV.21.14	0
10:2	MAT.4.21	5
10:2	ACT.1.13	5
10:2	MAT.4.18	4
10:2	LUK.5.10	4
10:2	JHN.6.8	4
10:2	JHN.12.22	4
10:2	LUK.11.49	3
10:2	JHN.21.2	3
10:2	MAT.16.16-MAT.16.18	2
10:2	MAT.17.1	2
10:2	MAT.20.20	2
10:2	MAT.26.37	2
10:2	MRK.1.16-MRK.1.17	2
10:2	MRK.1.29	2
10:2	MRK.3.16-MRK.3.19	2
10:2	MRK.13.3	2
10:2	LUK.6.13-LUK.6.16	2
10:2	LUK.9.10	2
10:2	LUK.22.8	2
10:2	LUK.22.14	2
10:2	JHN.1.40-JHN.1.42	2
10:2	JHN.13.23	2
10:2	JHN.20.2	2
10:2	JHN.21.20	2
10:2	ACT.1.26	2
10:2	ACT.3.1	2
10:2	ACT.12.2	2
10:2	1CO.15.7	2
10:2	EPH.4.11	2
10:2	HEB.3.1	2
10:2	1PE.1.1	2
10:2	2PE.1.1	2
10:2	1JN.1.3-1JN.1.4	2
10:2	2JN.1.1	2
10:2	REV.1.9	2
10:2	JHN.21.24	1
10:2	3JN.1.1	1
10:2	REV.1.1	1
10:2	REV.22.8	1
10:2	REV.18.20	0
10:3	MRK.3.18	8
10:3	ACT.1.13	8
10:3	MAT.9.9	4
10:3	MRK.2.14	4
10:3	JHN.1.43-JHN.1.46	4
10:3	LUK.6.14-LUK.6.16	3
10:3	JHN.11.16	3
10:3	JHN.12.21-JHN.12.22	3
10:3	JHN.20.24-JHN.20.29	3
10:3	JHN.21.2	3
10:3	LUK.5.27	2
10:3	JHN.6.5-JHN.6.7	2
10:3	ACT.12.17	2
10:3	ACT.21.18	2
10:3	GAL.1.19	2
10:3	GAL.2.9	2
10:3	JAS.1.1	2
10:3	JUD.1.1	2
10:3	MAT.27.56	1
10:3	JHN.14.9	1
10:3	JHN.14.22	1
10:3	ACT.15.13	1
10:4	MAT.26.14	5
10:4	MAT.26.47	4
10:4	MRK.3.18-MRK.3.19	4
10:4	MRK.14.43	4
10:4	JHN.6.71	4
10:4	JHN.13.2	4
10:4	MAT.27.3	3
10:4	MRK.14.10	3
10:4	LUK.6.15-LUK.6.16	3
10:4	LUK.22.3	3
10:4	LUK.22.47	3
10:4	JHN.13.26-JHN.13.30	3
10:4	JHN.18.2-JHN.18.5	3
10:4	ACT.1.16-ACT.1.20	3
10:4	ACT.1.13	2
10:4	ACT.1.25	2
10:5	JHN.4.9	12
10:5	ACT.22.21-ACT.22.23	9
10:5	2KI.17.24-2KI.17.41	7
10:5	JHN.4.22-JHN.4.24	4
10:5	ROM.15.8-ROM.15.9	4
10:5	1TH.2.16	4
10:5	LUK.17.16	3
10:5	LUK.9.2	2
10:5	ACT.8.5-ACT.8.25	2
10:5	ACT.10.45-ACT.11.18	2
10:5	MAT.4.15	1
10:5	LUK.9.52-LUK.9.54	1
10:5	LUK.10.33	1
10:5	JHN.4.5	1
10:5	JHN.4.39-JHN.4.40	1
10:5	JHN.7.35	1
10:5	JHN.20.21	1
10:5	ACT.1.8	1
10:5	MAT.22.3	0
10:5	LUK.10.1	0
10:5	JHN.4.20	0
10:5	JHN.8.48	0
10:5	ACT.8.1	0
10:6	JER.50.6	14
10:6	EZK.34.6	10
10:6	ISA.53.6	9
10:6	1PE.2.25	9
10:6	ACT.13.46	8
10:6	PSA.119.176	7
10:6	MAT.15.24-MAT.15.26	6
10:6	EZK.34.8	4
10:6	LUK.15.3-LUK.15.10	4
10:6	ACT.3.26	4
10:6	ACT.28.25-ACT.28.28	4
10:6	ROM.11.11-ROM.11.15	4
10:6	EZK.34.16	3
10:6	MAT.18.10	3
10:6	LUK.24.47	2
10:6	ACT.18.6	2
10:6	ACT.26.20	2
10:6	JER.50.17	1
10:7	ACT.28.31	14
10:7	MAT.3.2	13
10:7	MAT.4.17	9
10:7	LUK.9.60	9
10:7	LUK.10.9-LUK.10.11	8
10:7	LUK.16.16	8
10:7	LUK.9.2	7
10:7	ISA.61.1	6
10:7	MAT.11.1	5
10:7	MAT.21.31	5
10:7	MAT.21.43	5
10:7	MRK.6.12	5
10:7	LUK.9.6	5
10:7	MAT.11.11-MAT.11.12	4
10:7	MAT.23.13	4
10:7	JHN.3.2	4
10:7	ACT.4.2	4
10:7	ACT.10.25	4
10:8	ACT.3.6	30
10:8	LUK.10.9	24
10:8	ACT.4.30	21
10:8	MAT.10.1	18
10:8	ACT.20.33-ACT.20.35	15
10:8	MRK.16.18	14
10:8	2KI.5.15-2KI.5.16	11
10:8	ACT.8.18-ACT.8.23	11
10:8	ACT.5.12-ACT.5.15	10
10:8	ACT.4.9-ACT.4.10	9
10:8	2KI.5.20-2KI.5.27	6
10:9	LUK.22.35	7
10:9	LUK.9.3-LUK.9.5	3
10:9	MRK.6.8-MRK.6.11	2
10:9	LUK.10.4-LUK.10.12	2
10:9	1CO.9.7-1CO.9.27	2
10:10	LUK.10.7-LUK.10.12	6
10:10	1TI.5.17-1TI.5.18	6
10:10	LUK.3.11	5
10:10	1CO.9.4-1CO.9.14	5
10:10	GAL.6.6-GAL.6.7	5
10:10	1SA.9.7	4
10:10	2TI.4.13	3
10:11	LUK.10.7-LUK.10.8	5
10:11	1KI.17.9-1KI.17.24	4
10:11	JOB.31.32	4
10:11	ACT.18.1-ACT.18.3	4
10:11	GEN.19.1-GEN.19.3	3
10:11	JDG.19.16-JDG.19.21	3
10:11	MRK.6.10	3
10:11	LUK.9.4	3
10:11	LUK.10.38-LUK.10.42	3
10:11	ACT.16.15	3
10:11	LUK.19.7	2
10:11	3JN.1.7-3JN.1.8	2
10:12	1SA.25.6	5
10:12	LUK.10.5-LUK.10.6	5
10:12	ACT.10.36	2
10:12	2CO.5.20	2
10:12	3JN.1.14	1
10:13	LUK.10.6	5
10:13	PSA.35.13	2
10:13	2CO.2.16	1
10:14	LUK.10.10-LUK.10.11	17
10:14	ACT.18.6	17
10:14	NEH.5.13	15
10:14	ACT.13.51	14
10:14	MRK.6.11	12
10:14	LUK.9.5	12
10:14	JHN.13.20	9
10:14	1TH.4.8	9
10:14	MAT.10.40-MAT.10.41	7
10:14	MAT.18.5	7
10:14	MRK.9.37	7
10:14	LUK.9.48	6
10:14	ACT.20.26-ACT.20.27	6
10:15	JHN.15.22-JHN.15.24	6
10:15	2PE.2.6	6
10:15	EZK.16.48-EZK.16.56	5
10:15	MAT.11.22-MAT.11.24	5
10:15	LUK.10.11-LUK.10.12	5
10:15	1JN.4.17	5
10:15	MAT.12.36	4
10:15	MRK.6.11	4
10:15	2PE.2.9	4
10:15	2PE.3.7	4
10:15	MAT.5.18	2
10:15	MAT.24.34-MAT.24.35	1
10:16	PHP.2.15	40
10:16	LUK.10.3	38
10:16	1CO.14.20	30
10:16	COL.4.5	23
10:16	EPH.5.15-EPH.5.17	22
10:16	ROM.16.18-ROM.16.19	20
10:16	LUK.21.15	17
10:16	ACT.20.29	17
10:16	2CO.11.3	14
10:16	2CO.11.14	13
10:16	GEN.3.1	12
10:16	1TH.5.22	12
10:16	COL.1.9	8
10:16	2CO.1.12	7
10:16	GEN.3.13	6
10:16	2CO.8.20	6
10:16	1TH.2.10	6
10:17	MRK.13.9	11
10:17	MAT.23.34	7
10:17	MAT.5.22	5
10:17	LUK.12.11	5
10:17	JHN.16.2	5
10:17	ACT.26.11	5
10:17	MAT.24.9-MAT.24.10	4
10:17	MIC.7.5	3
10:17	ACT.22.19	3
10:17	DEU.25.2-DEU.25.3	2
10:17	MAT.26.59	2
10:17	MRK.13.12	2
10:17	LUK.21.12-LUK.21.13	2
10:17	JHN.11.47	2
10:17	ACT.4.6-ACT.4.22	2
10:17	ACT.5.26-ACT.5.42	2
10:17	ACT.14.5-ACT.14.6	2
10:17	ACT.23.1-ACT.23.22	2
10:17	2CO.11.24-2CO.11.26	2
10:17	PHP.3.2	2
10:17	2TI.4.15	2
10:17	HEB.11.36	2
10:17	MAT.20.19	1
10:17	ACT.17.14	1
10:18	PSA.2.1-PSA.2.6	2
10:18	MAT.8.4	2
10:18	MRK.13.9	2
10:18	ACT.5.25-ACT.5.27	2
10:18	ACT.24.1-ACT.24.26	2
10:18	ACT.12.1-ACT.12.4	1
10:18	ACT.23.33-ACT.23.34	1
10:18	2TI.1.8	1
10:18	2TI.4.16-2TI.4.17	1
10:18	REV.1.9	1
10:18	REV.6.9	1
10:18	REV.11.7	1
10:19	EXO.4.12	15
10:19	MRK.13.11-MRK.13.13	14
10:19	2TI.4.17	11
10:19	LUK.12.11	8
10:19	LUK.21.12-LUK.21.17	8
10:19	EXO.4.15	7
10:19	JER.1.9	6
10:19	DAN.3.16-DAN.3.18	6
10:19	JER.1.7	5
10:19	MAT.6.25	5
10:19	MAT.6.31	5
10:19	ACT.6.10	5
10:19	JAS.1.5	5
10:19	PHP.4.6	4
10:19	MAT.6.34	2
10:19	ACT.4.8-ACT.4.14	2
10:19	ACT.5.29-ACT.5.33	2
10:19	ACT.26.2-ACT.26.11	2
10:20	2SA.23.2	22
10:20	LUK.21.15	22
10:20	ACT.6.10	22
10:20	LUK.12.12	21
10:20	2PE.1.21	14
10:20	ACT.2.4	12
10:20	ACT.4.8	10
10:20	2CO.13.3	7
10:20	MRK.12.36	6
10:20	ACT.7.55-ACT.7.56	6
10:20	LUK.11.13	5
10:20	ACT.13.9	5
10:20	ACT.28.25	5
10:20	1PE.1.12	5
10:20	MAT.6.32	4
10:20	LUK.12.30-LUK.12.32	4
10:21	LUK.21.16-LUK.21.17	13
10:21	MIC.7.5-MIC.7.6	12
10:21	MRK.13.12-MRK.13.13	11
10:21	MAT.24.10	10
10:21	LUK.12.51-LUK.12.53	9
10:21	ZEC.13.3	8
10:21	MAT.10.34-MAT.10.36	8
10:21	2SA.17.1-2SA.17.4	5
10:21	2SA.16.11	4
10:21	JOB.19.19	3
10:22	MAT.24.13	64
10:22	JAS.1.12	59
10:22	REV.2.10	50
10:22	MRK.13.13	46
10:22	MAT.10.39	38
10:22	1JN.3.13	36
10:22	MAT.24.9	26
10:22	ROM.2.7	24
10:22	HEB.6.11	23
10:22	JHN.17.14	22
10:22	LUK.6.22	21
10:22	GAL.6.9	21
10:22	JUD.1.20-JUD.1.21	19
10:22	JHN.15.18-JHN.15.21	18
10:22	MAT.5.11	17
10:22	2CO.4.11	17
10:22	REV.2.7	17
10:22	ISA.66.5-ISA.66.6	16
10:22	LUK.8.15	16
10:22	JHN.7.7	16
10:22	REV.2.17	16
10:22	REV.3.21	16
10:22	DAN.12.12-DAN.12.13	14
10:22	ACT.9.16	13
10:22	HEB.3.14	13
10:22	REV.2.26	13
10:22	REV.2.3	12
10:23	MAT.16.28	14
10:23	JHN.11.53-JHN.11.54	5
10:23	MRK.13.26	4
10:23	LUK.4.29-LUK.4.31	4
10:23	ACT.8.1	4
10:23	ACT.17.10	4
10:23	LUK.18.8	3
10:23	LUK.21.27	3
10:23	JHN.10.39-JHN.10.42	3
10:23	MAT.24.30	2
10:23	MAT.26.64	2
10:23	JHN.7.1	2
10:23	ACT.9.24-ACT.9.25	2
10:23	MAT.2.13	1
10:23	MAT.4.12	1
10:23	MAT.12.14-MAT.12.15	1
10:23	MAT.23.34	1
10:23	MAT.24.27	1
10:23	MAT.24.48	1
10:23	MAT.25.13	1
10:23	ACT.14.6-ACT.14.7	1
10:23	ACT.14.19-ACT.14.20	1
10:23	ACT.17.14	1
10:23	ACT.13.50-ACT.13.51	0
10:23	ACT.20.1	0
10:24	JHN.15.20	18
10:24	LUK.6.40	15
10:24	JHN.13.16	12
10:24	HEB.12.2-HEB.12.4	7
10:24	2SA.11.11	3
10:25	MAT.9.34	7
10:25	MAT.12.24	7
10:25	LUK.11.15	7
10:25	JHN.7.20	6
10:25	MRK.3.22	5
10:25	JHN.8.48	4
10:25	JHN.8.52	3
10:25	JHN.10.20	3
10:26	LUK.8.17	20
10:26	MRK.4.22	15
10:26	JER.1.8	14
10:26	ISA.43.1-ISA.43.2	12
10:26	1CO.4.5	12
10:26	MAT.10.28	11
10:26	LUK.12.2-LUK.12.9	11
10:26	ISA.41.10	10
10:26	ISA.51.12-ISA.51.13	10
10:26	ISA.51.7-ISA.51.8	8
10:26	PRO.28.1	7
10:26	ISA.41.14	7
10:26	PRO.29.25	6
10:26	EZK.2.6	6
10:26	1PE.3.14	6
10:26	ACT.4.19	5
10:26	JER.1.17-JER.1.18	4
10:26	ACT.1.8	4
10:26	LUK.24.47	2
10:26	ACT.4.13	2
10:27	ACT.5.20	16
10:27	JHN.16.13	12
10:27	JHN.16.1	9
10:27	PRO.1.20-PRO.1.23	5
10:27	PRO.8.1-PRO.8.5	4
10:27	MAT.13.1-MAT.13.17	4
10:27	MAT.13.34-MAT.13.35	4
10:27	LUK.8.10	4
10:27	JHN.16.29	4
10:27	JHN.16.25	3
10:27	ACT.5.28	3
10:27	ACT.17.17	3
10:27	2CO.3.12	3
10:28	LUK.12.4-LUK.12.5	82
10:28	ISA.8.12-ISA.8.13	43
10:28	REV.2.10	36
10:28	JAS.4.12	32
10:28	ECC.8.12-ECC.8.13	27
10:28	ROM.8.35-ROM.8.39	27
10:28	ISA.51.12	26
10:28	JER.5.22	26
10:28	HEB.12.28-HEB.12.29	20
10:28	REV.20.10-REV.20.15	20
10:28	ECC.5.7	19
10:28	1PE.3.14	19
10:28	ISA.51.7	17
10:28	ISA.66.2	17
10:28	ACT.20.23-ACT.20.24	17
10:28	PSA.119.120	16
10:28	MAT.25.46	16
10:28	2TH.1.8-2TH.1.10	16
10:28	2TI.4.6-2TI.4.8	16
10:28	LUK.16.22-LUK.16.26	14
10:28	DAN.3.10-DAN.3.18	13
10:28	HEB.10.31	13
10:28	MAT.10.26	12
10:28	ACT.21.13	12
10:28	MRK.9.43-MRK.9.48	10
10:28	HEB.11.35	10
10:28	MAT.5.22	8
10:28	JHN.5.29	7
10:29	LUK.12.6-LUK.12.7	20
10:29	PSA.104.27-PSA.104.30	17
10:30	LUK.12.7	16
10:30	1SA.14.45	11
10:30	ACT.27.34	8
10:30	LUK.21.18	7
10:30	2SA.14.11	5
10:30	1KI.1.52	4
10:31	LUK.12.24	8
10:31	PSA.8.5	7
10:31	MAT.6.26	6
10:31	MAT.12.11-MAT.12.12	5
10:31	1CO.9.9-1CO.9.10	5
10:32	REV.3.5	32
10:32	LUK.12.8-LUK.12.9	23
10:32	ROM.10.9-ROM.10.10	23
10:32	1JN.4.15	18
10:32	2TI.1.8	15
10:32	1SA.2.30	10
10:32	REV.2.13	10
10:32	MAT.25.34	6
10:32	JHN.9.22	6
10:32	1TI.6.12-1TI.6.13	6
10:32	PSA.119.46	5
10:33	2TI.2.12	28
10:33	LUK.9.26	21
10:33	LUK.12.9	16
10:33	1JN.2.23	13
10:33	2PE.2.1	9
10:33	MRK.8.38	7
10:33	MRK.14.30	7
10:33	MAT.26.70-MAT.26.75	5
10:33	MRK.14.72	5
10:34	LUK.12.49-LUK.12.53	27
10:34	ACT.14.4	16
10:34	ACT.13.45-ACT.13.50	15
10:34	ACT.14.2	13
10:34	JHN.7.40-JHN.7.52	8
10:34	JER.15.10	6
10:35	MIC.7.5-MIC.7.6	23
10:35	MAT.10.21	17
10:35	LUK.21.16	14
10:35	MAT.24.10	11
10:35	MRK.13.12	11
10:36	MIC.7.6	26
10:36	JER.12.6	16
10:36	PSA.41.9	13
10:36	GEN.4.8-GEN.4.10	10
10:36	JOB.19.13-JOB.19.19	8
10:36	PSA.55.13	8
10:36	GEN.37.17-GEN.37.28	6
10:36	GEN.3.15	5
10:36	1SA.17.28	5
10:36	2SA.16.11	5
10:36	JER.20.10	4
10:36	JHN.13.8	4
10:37	LUK.14.26	57
10:37	MAT.22.37	23
10:37	PHP.3.7-PHP.3.9	19
10:37	2CO.5.14-2CO.5.15	13
10:37	DEU.33.9	9
10:37	JHN.21.15-JHN.21.17	8
10:37	MAT.22.8	6
10:37	LUK.21.36	6
10:37	JHN.5.23	4
10:37	2TH.1.5-2TH.1.7	4
10:37	LUK.20.35	1
10:38	MRK.8.34	26
10:38	LUK.14.27	26
10:38	MAT.16.24	21
10:38	LUK.9.23-LUK.9.24	17
10:38	JHN.19.17	8
10:38	MRK.10.21	6
10:38	MAT.27.32	0
10:39	JHN.12.25	42
10:39	MRK.8.35-MRK.8.36	39
10:39	LUK.17.33	37
10:39	MAT.16.25-MAT.16.26	32
10:39	LUK.9.24	27
10:39	REV.2.10	26
10:39	PHP.1.20-PHP.1.21	23
10:39	2TI.4.6-2TI.4.8	13
10:40	JHN.13.20	14
10:40	LUK.9.48	12
10:40	LUK.10.16	10
10:40	MAT.18.5	8
10:40	MAT.25.40	7
10:40	MRK.9.37	7
10:40	JHN.20.21	7
10:40	GAL.4.14	7
10:40	2JN.1.9	7
10:40	MAT.25.45	6
10:40	JHN.5.23	6
10:40	JHN.12.44-JHN.12.49	6
10:40	1TH.4.8	6
10:40	PHP.2.10-PHP.2.11	5
10:40	1JN.2.22-1JN.2.23	5
10:40	2CO.5.20	4
10:41	3JN.1.5-3JN.1.8	14
10:41	HEB.6.10	11
10:41	2KI.4.16-2KI.4.17	9
10:41	2KI.4.8-2KI.4.10	8
10:41	LUK.14.13-LUK.14.14	7
10:41	1KI.18.3-1KI.18.4	6
10:41	2JN.1.8	6
10:41	GEN.20.7	5
10:41	2KI.4.32-2KI.4.37	5
10:41	MAT.25.34-MAT.25.40	4
10:41	ROM.16.1-ROM.16.4	4
10:41	1CO.9.17	4
10:41	2TH.1.6-2TH.1.7	4
10:41	MAT.6.6	3
10:41	MAT.6.18	3
10:41	MAT.16.27	3
10:41	2TI.1.16-2TI.1.18	3
10:41	1KI.17.9-1KI.17.15	2
10:41	ROM.16.23	2
10:41	1KI.17.20-1KI.17.24	1
10:41	MAT.6.1	1
10:41	MAT.6.4	1
10:41	ACT.16.15	1
10:41	ISA.3.10	0
10:42	HEB.6.10	20
10:42	MAT.25.40	19
10:42	MRK.9.41-MRK.9.42	18
10:42	MAT.18.10	10
10:42	2CO.9.6-2CO.9.15	10
10:42	PHP.4.15-PHP.4.19	7
10:42	LUK.6.35	5
10:42	MRK.12.42-MRK.12.43	4
10:42	2CO.8.12	4
10:42	PRO.24.14	3
10:42	MRK.14.7-MRK.14.8	3
10:42	MAT.18.3-MAT.18.6	2
10:42	1CO.8.10-1CO.8.13	2
10:42	ZEC.13.7	1
10:42	MAT.8.5-MAT.8.6	1
10:42	MAT.18.14	1
10:42	LUK.17.2	1
11:1	ISA.61.1-ISA.61.3	7
11:1	ACT.10.38	6
11:1	MAT.9.35	5
11:1	LUK.4.15-LUK.4.21	5
11:1	LUK.8.1	5
11:1	1TH.4.2	4
11:1	2TH.3.6	4
11:1	2TH.3.10	4
11:1	MAT.7.28	3
11:1	MAT.28.20	3
11:1	MRK.1.38-MRK.1.39	3
11:1	JHN.15.10	3
11:1	JHN.15.14	3
11:1	ACT.1.2	3
11:1	ACT.10.42	3
11:1	MAT.4.23	2
11:1	1TI.6.14	1
11:2	MAT.14.3	8
11:2	MRK.6.17	8
11:2	MAT.4.12	5
11:2	MAT.9.14	5
11:2	LUK.7.18-LUK.7.35	5
11:2	JHN.4.1	3
11:2	ACT.19.1-ACT.19.3	3
11:2	LUK.3.19	2
11:2	JHN.3.24-JHN.3.28	2
11:2	MAT.1.17	1
11:3	MAL.3.1	5
11:3	JHN.11.27	5
11:3	DEU.18.15-DEU.18.18	4
11:3	HEB.10.37	4
11:3	MIC.5.2	3
11:3	GEN.3.15	2
11:3	AMO.9.11-AMO.9.12	2
11:3	ZEP.3.14-ZEP.3.17	2
11:3	ZEC.9.9	2
11:3	JHN.6.14	2
11:3	JHN.7.31	2
11:3	JHN.7.41-JHN.7.42	2
11:3	GEN.49.10	1
11:3	NUM.24.17	1
11:3	PSA.2.6-PSA.2.12	1
11:3	PSA.110.1-PSA.110.5	1
11:3	PSA.118.26	1
11:3	ISA.7.14	1
11:3	ISA.9.6-ISA.9.7	1
11:3	JER.23.5-JER.23.6	1
11:3	EZK.34.23-EZK.34.24	1
11:3	DAN.9.24-DAN.9.26	1
11:3	HOS.3.5	1
11:3	JOL.2.28-JOL.2.32	1
11:3	OBA.1.21	1
11:3	HAG.2.7	1
11:3	MAL.4.2	1
11:3	MAT.2.2-MAT.2.6	1
11:3	MAT.21.5	1
11:3	MAT.21.9	1
11:3	MRK.11.9	1
11:3	LUK.19.38	1
11:3	JHN.4.21	1
11:3	JHN.12.13	1
11:3	JHN.16.14	1
11:3	GEN.12.3	0
11:5	ISA.35.4-ISA.35.6	82
11:5	ISA.61.1-ISA.61.3	62
11:5	ISA.42.6-ISA.42.7	27
11:5	LUK.4.18	26
11:5	ISA.29.18	18
11:5	LUK.7.21-LUK.7.22	13
11:5	JHN.14.11-JHN.14.12	13
11:5	JAS.2.5	9
11:5	MAT.15.30-MAT.15.31	8
11:5	MAT.21.14	7
11:5	JHN.11.43-JHN.11.44	5
11:5	PSA.146.8	4
11:5	ACT.3.2-ACT.3.8	4
11:5	ACT.14.8-ACT.14.10	4
11:5	ISA.43.8	3
11:5	JHN.5.36	3
11:5	JHN.10.25	3
11:5	JHN.10.38	3
11:5	ACT.4.9-ACT.4.10	3
11:5	2KI.5.7	2
11:5	2KI.5.14	2
11:5	PSA.22.26	2
11:5	PSA.72.12-PSA.72.13	2
11:5	ISA.66.2	2
11:5	MAT.8.1-MAT.8.4	2
11:5	MAT.9.24-MAT.9.25	2
11:5	MAT.9.30	2
11:5	MAT.10.8	2
11:5	MRK.7.37	2
11:5	MRK.9.25	2
11:5	LUK.7.14-LUK.7.16	2
11:5	JHN.2.23	2
11:5	JHN.3.2	2
11:5	ZEC.11.7	1
11:5	MAT.5.3	1
11:5	ACT.2.22	0
11:6	ISA.8.14-ISA.8.15	13
11:6	1CO.2.14	13
11:6	MAT.26.31	10
11:6	JHN.6.66	8
11:6	MAT.24.10	6
11:6	LUK.4.23-LUK.4.29	6
11:6	LUK.11.27-LUK.11.28	6
11:6	JHN.6.60-JHN.6.61	6
11:6	ROM.9.32-ROM.9.33	6
11:6	MAT.13.55-MAT.13.57	5
11:6	1PE.2.8	5
11:6	MAT.15.12-MAT.15.14	4
11:6	MAT.18.7	4
11:6	1CO.1.22-1CO.1.23	4
11:6	PSA.1.1-PSA.1.2	3
11:6	PSA.32.1-PSA.32.2	3
11:6	PSA.119.1	3
11:6	GAL.5.11	3
11:6	LUK.2.34	2
11:6	JHN.7.41-JHN.7.42	2
11:6	MAT.5.3-MAT.5.12	1
11:7	JAS.1.6	6
11:7	LUK.8.18	5
11:7	JHN.5.35	5
11:7	GEN.49.4	4
11:7	MRK.1.3-MRK.1.5	4
11:7	LUK.7.24-LUK.7.30	4
11:7	EPH.4.14	4
11:7	MAT.3.1-MAT.3.3	3
11:7	MAT.3.5	3
11:7	MAT.21.25	3
11:7	LUK.3.3-LUK.3.7	3
11:7	2CO.1.17-2CO.1.18	3
11:7	JHN.1.38	2
11:8	MAT.3.4	7
11:8	2KI.1.8	5
11:8	ISA.20.2	3
11:8	ZEC.13.4	3
11:8	2CO.11.27	3
11:8	1CO.4.11	2
11:8	REV.11.3	2
11:9	LUK.1.76	5
11:9	MAT.14.5	4
11:9	MAT.17.12-MAT.17.13	3
11:9	MAT.21.24-MAT.21.26	3
11:9	MRK.9.11-MRK.9.13	3
11:9	LUK.1.15-LUK.1.17	3
11:9	MAT.11.13-MAT.11.14	2
11:10	MAL.3.1	51
11:10	ISA.40.3	33
11:10	MAL.4.5	19
11:10	MRK.1.2	15
11:10	LUK.7.26-LUK.7.27	12
11:10	JHN.1.23	11
11:10	MAT.3.3	10
11:11	LUK.7.28	13
11:11	EPH.3.8	9
11:11	MAT.3.11	8
11:11	JHN.1.15	8
11:11	MAT.5.19	7
11:11	LUK.9.48	6
11:11	1CO.15.9	6
11:11	HEB.11.40	6
11:11	1PE.1.10	6
11:11	JOB.14.4	5
11:11	PSA.51.5	5
11:11	JHN.10.41	5
11:11	JOB.15.14	4
11:11	ZEC.12.8	4
11:11	JHN.3.30	4
11:11	1CO.6.4	4
11:11	JOB.14.1	3
11:11	JHN.1.27	3
11:11	JHN.5.35	3
11:11	ROM.16.25-ROM.16.26	3
11:11	1SA.2.30	2
11:11	JOB.25.4	2
11:11	ISA.30.26	2
11:11	JHN.7.39	2
11:11	EPH.2.3	1
11:11	COL.1.26-COL.1.27	1
11:11	LUK.1.15	0
11:11	2TI.1.10	0
11:12	LUK.16.16	80
11:12	LUK.13.24	59
11:12	EPH.6.11-EPH.6.13	46
11:12	PHP.2.12	33
11:12	JHN.6.27	30
11:12	MAT.21.23-MAT.21.32	21
11:12	LUK.7.29-LUK.7.30	21
11:13	MAT.5.17-MAT.5.18	7
11:13	ROM.3.21	5
11:13	LUK.24.44	4
11:13	ACT.3.22-ACT.3.24	4
11:13	ACT.13.27	4
11:13	MAL.4.6	3
11:13	LUK.24.27	3
11:13	JHN.5.46-JHN.5.47	2
11:14	MAL.4.5	21
11:14	MRK.9.11-MRK.9.13	17
11:14	MAT.17.10-MAT.17.13	15
11:14	LUK.1.17	12
11:14	JHN.1.21-JHN.1.23	9
11:14	EZK.2.5	4
11:14	JHN.16.12	4
11:14	1CO.3.2	4
11:14	EZK.3.10-EZK.3.11	3
11:14	REV.20.4	2
11:15	MAT.13.9	18
11:15	LUK.8.8	17
11:15	MRK.4.23	15
11:15	MAT.13.43	12
11:15	MRK.4.9	11
11:15	LUK.14.35	10
11:15	REV.2.7	10
11:15	REV.3.13	10
11:15	REV.2.29	8
11:15	REV.2.17	7
11:15	REV.2.11	6
11:15	REV.3.6	6
11:15	REV.3.22	6
11:15	MRK.7.15	1
11:16	LUK.7.31-LUK.7.35	7
11:16	LAM.2.13	4
11:16	MAT.12.34	4
11:16	MAT.23.36	4
11:16	MRK.4.30	4
11:16	LUK.13.18	4
11:16	MAT.24.34	2
11:17	ISA.28.9-ISA.28.13	6
11:17	ISA.30.29	3
11:17	JER.9.17-JER.9.20	3
11:17	JER.31.4	2
11:17	MAT.9.15	2
11:17	1KI.1.40	1
11:17	MAT.9.23	1
11:17	LUK.15.25	1
11:17	1CO.9.19-1CO.9.23	1
11:18	MAT.3.4	8
11:18	LUK.1.15	8
11:18	MAT.10.25	5
11:18	JHN.10.20	5
11:18	JER.15.17	4
11:18	JHN.8.48	4
11:18	HOS.9.7	3
11:18	JHN.7.20	3
11:18	2KI.9.11	2
11:18	JER.16.8-JER.16.9	2
11:18	JER.29.26	2
11:18	ACT.26.24	2
11:18	1CO.9.27	2
11:19	MAT.9.10-MAT.9.11	9
11:19	LUK.7.34-LUK.7.36	9
11:19	LUK.15.1-LUK.15.2	8
11:19	LUK.19.7	8
11:19	LUK.5.29-LUK.5.30	7
11:19	LUK.14.1	5
11:19	1CO.1.24-1CO.1.29	4
11:19	PSA.92.5-PSA.92.6	2
11:19	PRO.17.24	2
11:19	LUK.7.29	2
11:19	JHN.2.2	1
11:19	JHN.12.2-JHN.12.8	1
11:19	ROM.15.2	0
11:19	REV.5.11-REV.5.14	0
11:20	LUK.10.13-LUK.10.15	9
11:20	JER.8.6	6
11:20	2TI.2.25-2TI.2.26	6
11:20	ISA.1.2-ISA.1.5	5
11:20	REV.9.20-REV.9.21	5
11:20	REV.2.21	4
11:20	PSA.81.11-PSA.81.13	3
11:20	MAT.21.28-MAT.21.32	3
11:20	MIC.6.1-MIC.6.5	2
11:20	MAT.12.41	2
11:20	MRK.9.19	2
11:20	MRK.16.14	2
11:20	ACT.17.20	2
11:20	JAS.1.5	2
11:20	REV.16.9	2
11:20	REV.16.11	2
11:21	EZK.3.6-EZK.3.7	6
11:21	JOB.42.6	4
11:21	MAT.15.21	4
11:21	MRK.6.45	4
11:21	LUK.9.10	4
11:21	JHN.12.21	4
11:21	ACT.12.20	4
11:21	MAT.11.22	3
11:21	MAT.18.7	3
11:21	MRK.3.8	3
11:21	MRK.7.31	3
11:21	MRK.8.22	3
11:21	LUK.6.17	3
11:21	JHN.1.44	3
11:21	JUD.1.11	3
11:21	JER.13.27	2
11:21	MAT.12.41-MAT.12.42	2
11:21	MAT.23.13-MAT.23.29	2
11:21	MAT.26.24	2
11:21	MRK.7.24	2
11:21	LUK.4.26	2
11:21	LUK.10.13-LUK.10.15	2
11:21	LUK.11.42-LUK.11.52	2
11:21	JHN.3.5-JHN.3.10	2
11:21	ACT.13.44-ACT.13.48	2
11:21	ACT.27.3	2
11:21	ACT.28.25-ACT.28.28	2
11:22	MAT.11.24	6
11:22	MAT.10.15	5
11:22	HEB.10.26-HEB.10.31	5
11:22	MAT.12.36	4
11:22	LUK.12.47-LUK.12.48	4
11:22	1JN.4.17	4
11:22	ISA.23.1-ISA.23.18	2
11:22	JER.25.22	2
11:22	JER.27.3	2
11:22	EZK.26.1-EZK.26.21	2
11:22	EZK.29.18	2
11:22	AMO.1.9-AMO.1.10	2
11:22	ZEC.9.2-ZEC.9.3	2
11:22	LUK.10.14	2
11:22	HEB.6.4-HEB.6.8	2
11:22	HEB.2.3	1
11:22	2PE.2.9	1
11:22	2PE.3.7	1
11:23	ISA.14.13-ISA.14.15	6
11:23	JHN.4.46-JHN.4.54	6
11:23	GEN.13.13	5
11:23	MAT.4.13	5
11:23	REV.11.8	4
11:23	GEN.19.24-GEN.19.25	3
11:23	LAM.2.1	3
11:23	EZK.16.48-EZK.16.50	3
11:23	EZK.28.12-EZK.28.19	3
11:23	EZK.31.16-EZK.31.17	3
11:23	OBA.1.4	3
11:23	MAT.8.5	3
11:23	MAT.16.18	3
11:23	LUK.14.11	3
11:23	ACT.2.27	3
11:23	2PE.2.4-2PE.2.9	3
11:23	JUD.1.7	3
11:23	MAT.17.24	2
11:23	LUK.4.23	2
11:23	LUK.16.23	2
11:24	MAT.10.15	7
11:24	MAT.11.22	5
11:24	MRK.6.11	4
11:24	LAM.4.6	3
11:24	LUK.10.12	2
11:25	MAT.21.16	21
11:25	PSA.8.2	19
11:25	MAT.16.17	19
11:25	LUK.10.21-LUK.10.24	17
11:25	1CO.1.18-1CO.1.29	14
11:25	MAT.18.3-MAT.18.4	9
11:25	ROM.11.8-ROM.11.10	9
11:25	MRK.10.14-MRK.10.16	8
11:25	JHN.9.39-JHN.9.41	8
11:25	1CO.2.6-1CO.2.8	8
11:25	ACT.17.24	7
11:25	2CO.3.14	7
11:25	ISA.5.21	6
11:25	MAT.13.11-MAT.13.16	6
11:25	JHN.11.41	6
11:25	ISA.29.18-ISA.29.19	5
11:25	ISA.66.1	5
11:25	DAN.2.23	5
11:25	LUK.22.42	5
11:25	1CO.3.18-1CO.3.20	5
11:25	DEU.10.14-DEU.10.15	4
11:25	ISA.29.10-ISA.29.14	4
11:25	JER.1.5-JER.1.8	4
11:25	DAN.4.35	4
11:25	MRK.4.10-MRK.4.12	4
11:25	JHN.12.38-JHN.12.40	4
11:25	2CO.4.3-2CO.4.6	4
11:25	GEN.14.22	3
11:25	1SA.3.4-1SA.3.21	3
11:25	2KI.19.15	3
11:25	1CH.29.13	3
11:25	2TH.2.13-2TH.2.14	3
11:25	GEN.14.19	2
11:25	1SA.2.18	2
11:25	JHN.7.48-JHN.7.49	2
11:26	ISA.46.10	3
11:26	EPH.3.11	3
11:26	2TI.1.9	3
11:26	JOB.33.13	2
11:26	LUK.10.21	2
11:26	ROM.9.18	2
11:26	ROM.11.33-ROM.11.36	2
11:26	EPH.1.9	2
11:26	EPH.1.11	2
11:27	JHN.14.6-JHN.14.9	126
11:27	MAT.28.18	111
11:27	LUK.10.22	93
11:27	2JN.1.9	78
11:27	JHN.17.25-JHN.17.26	73
11:27	1JN.2.23	70
11:27	JHN.10.15	66
11:27	1JN.5.19-1JN.5.20	61
11:27	JHN.3.35	55
11:27	JHN.6.46	52
11:27	PHP.2.10-PHP.2.11	48
11:27	JHN.1.18	47
11:27	JHN.7.29	45
11:27	JHN.17.2-JHN.17.3	44
11:27	JHN.17.6	42
11:27	JHN.5.21-JHN.5.29	40
11:27	JHN.13.3	37
11:27	1PE.3.22	36
11:27	1CO.15.25-1CO.15.27	35
11:27	HEB.2.8-HEB.2.10	35
11:27	EPH.1.20-EPH.1.23	32
11:28	MAT.11.29	233
11:28	JHN.7.37	201
11:28	JHN.6.37	184
11:28	GAL.5.1	174
11:28	ISA.55.1-ISA.55.3	168
11:28	REV.22.17	94
11:28	JER.6.16	90
11:28	ISA.48.17-ISA.48.18	89
11:28	PSA.116.7	82
11:28	ISA.28.12	64
11:28	ISA.45.22-ISA.45.25	56
11:28	MAT.23.4	54
11:28	MIC.6.6-MIC.6.8	52
11:28	HEB.4.1	52
11:28	ISA.66.2	45
11:28	PSA.38.4	38
11:28	2TH.1.7	34
11:28	ECC.2.22-ECC.2.23	33
11:28	PSA.94.13	30
11:28	ISA.11.10	30
11:28	ISA.61.3	30
11:28	ROM.7.22-ROM.7.25	30
11:28	ISA.53.2-ISA.53.3	29
11:28	ECC.1.8	27
11:28	ECC.4.8	27
11:28	ACT.15.10	27
11:28	GEN.3.17-GEN.3.19	24
11:28	JOB.5.7	21
11:28	PSA.90.7-PSA.90.10	21
11:28	PSA.32.4	20
11:28	ECC.1.14	20
11:28	JOB.14.1	17
11:28	ISA.1.4	15
11:29	JER.6.16	68
11:29	1JN.2.6	37
11:29	PHP.2.7-PHP.2.8	32
11:29	JHN.13.15	28
11:29	LUK.6.46-LUK.6.48	27
11:29	MAT.7.24	25
11:29	JHN.15.10-JHN.15.14	21
11:29	1PE.2.21-1PE.2.23	21
11:29	MAT.28.20	19
11:29	HEB.5.9	18
11:29	ZEC.9.9	17
11:29	2CO.10.1	17
11:29	PHP.2.5	17
11:29	NUM.12.3	16
11:29	ISA.42.1-ISA.42.4	15
11:29	LUK.10.39-LUK.10.42	14
11:29	MAT.21.5	12
11:29	HEB.4.3-HEB.4.11	12
11:29	MAT.11.27-MAT.11.28	11
11:29	2CO.10.5	11
11:29	1TH.4.2	8
11:29	MAT.17.5	7
11:29	JHN.13.17	6
11:29	2TH.1.8	6
11:29	PSA.131.1	5
11:29	LUK.8.35	5
11:29	ACT.3.22-ACT.3.23	5
11:29	ACT.7.37	5
11:29	1CO.9.21	5
11:29	JHN.14.21-JHN.14.24	4
11:29	EPH.4.20-EPH.4.21	4
11:29	MAT.12.19-MAT.12.20	3
11:29	LUK.9.51-LUK.9.56	1
11:30	1JN.5.3	47
11:30	JHN.16.33	36
11:30	PHP.4.13	33
11:30	2CO.12.9-2CO.12.10	24
11:30	GAL.5.1	21
11:30	MIC.6.8	18
11:30	2CO.1.4-2CO.1.5	14
11:30	2CO.4.17	14
11:30	GAL.5.18	14
11:30	ACT.15.10	13
11:30	ACT.15.28	12
11:30	PRO.3.17	10
12:1	DEU.23.25	18
12:1	MRK.2.23-MRK.2.28	15
12:1	LUK.6.1-LUK.6.5	15
12:2	MAT.12.10	5
12:2	JHN.7.21-JHN.7.24	4
12:2	EXO.20.9-EXO.20.11	3
12:2	EXO.31.15-EXO.31.17	3
12:2	MRK.3.2-MRK.3.5	3
12:2	LUK.13.10-LUK.13.17	3
12:2	LUK.14.3	3
12:2	EXO.23.12	2
12:2	EXO.35.2	2
12:2	NUM.15.32-NUM.15.36	2
12:2	ISA.58.13	2
12:2	LUK.6.6-LUK.6.11	2
12:2	LUK.23.56	2
12:2	JHN.5.9-JHN.5.11	2
12:2	JHN.5.16-JHN.5.17	2
12:2	JHN.9.14-JHN.9.16	2
12:3	1SA.21.3-1SA.21.6	28
12:3	LUK.6.3	14
12:3	MRK.2.25-MRK.2.26	13
12:3	MAT.21.16	10
12:3	MRK.12.10	10
12:3	MAT.12.5	8
12:3	MAT.22.31	8
12:3	MRK.12.26	8
12:3	MAT.19.4	6
12:3	LUK.10.26	6
12:4	LEV.24.5-LEV.24.9	5
12:4	EXO.25.30	2
12:4	LEV.8.31	2
12:4	EXO.29.32-EXO.29.33	1
12:5	NUM.28.9-NUM.28.10	16
12:5	JHN.7.22-JHN.7.23	10
12:5	NEH.13.17	0
12:6	MAT.12.41-MAT.12.42	5
12:6	2CH.6.18	4
12:6	1PE.2.4-1PE.2.5	4
12:6	HAG.2.7-HAG.2.9	3
12:6	MAL.3.1	3
12:6	JHN.2.19-JHN.2.21	3
12:6	EPH.2.20-EPH.2.22	3
12:6	MAT.23.17-MAT.23.21	2
12:6	COL.2.9	2
12:7	HOS.6.6	34
12:7	MAT.9.13	23
12:7	MIC.6.6-MIC.6.8	16
12:7	ISA.1.11-ISA.1.17	10
12:7	PRO.17.15	9
12:7	MAT.22.29	5
12:7	ACT.13.27	5
12:7	PSA.94.21	3
12:7	PSA.109.31	3
12:7	JAS.5.6	3
12:7	JOB.32.3	2
12:8	LUK.6.5	11
12:8	MRK.2.28	10
12:8	JHN.5.17-JHN.5.23	6
12:8	MRK.9.4-MRK.9.7	2
12:8	MAT.9.6	1
12:8	MAT.8.20	0
12:8	REV.1.10	0
12:9	MRK.3.1-MRK.3.6	8
12:9	LUK.6.6-LUK.6.11	8
12:10	LUK.13.14	8
12:10	JHN.9.16	7
12:10	JHN.8.6	6
12:10	MAT.22.17-MAT.22.18	5
12:10	LUK.11.54	5
12:10	JHN.5.10	5
12:10	ISA.32.6	4
12:10	ZEC.11.17	4
12:10	MAT.12.2	4
12:10	LUK.14.3-LUK.14.6	4
12:10	1KI.13.4-1KI.13.6	3
12:10	LUK.23.2	3
12:10	JHN.5.3	3
12:10	ISA.59.4	2
12:10	ISA.59.13	2
12:10	MAT.19.3	2
12:10	LUK.6.6-LUK.6.7	2
12:10	LUK.20.22	2
12:10	LUK.23.14	2
12:11	DEU.22.4	8
12:11	LUK.14.5	6
12:11	LUK.13.15-LUK.13.17	5
12:11	EXO.23.4-EXO.23.5	4
12:12	MAT.6.26	7
12:12	LUK.6.9	6
12:12	MAT.10.31	5
12:12	MRK.3.4	5
12:12	LUK.12.24	4
12:13	LUK.13.13	5
12:13	ACT.3.7-ACT.3.8	4
12:14	JHN.11.53	5
12:14	MRK.3.6	4
12:14	LUK.6.11	4
12:14	JHN.5.18	4
12:14	JHN.10.39	4
12:14	MAT.26.4	3
12:14	MAT.27.1	2
12:14	JHN.11.57	2
12:15	MRK.3.7-MRK.3.12	6
12:15	MAT.10.23	5
12:15	MAT.19.2	4
12:15	JHN.7.1	4
12:15	JHN.11.54	4
12:15	MAT.4.23-MAT.4.25	3
12:15	MRK.6.56	3
12:15	JHN.10.40-JHN.10.42	3
12:15	LUK.6.12	2
12:15	LUK.6.17-LUK.6.19	2
12:15	JHN.9.4	2
12:15	GAL.6.9	2
12:15	1PE.2.21	2
12:16	MAT.8.4	5
12:16	MAT.9.30	5
12:16	MAT.17.9	4
12:16	MRK.7.36	3
12:16	LUK.5.14-LUK.5.15	3
12:17	ISA.42.1-ISA.42.4	19
12:17	ISA.42.9	6
12:17	ISA.41.22-ISA.41.23	3
12:17	ISA.44.26	3
12:17	MAT.13.35	3
12:17	MAT.21.4	3
12:17	JHN.12.38	3
12:17	MAT.8.17	2
12:17	LUK.21.22	2
12:17	LUK.24.44	2
12:17	JHN.10.35	2
12:17	JHN.19.28	2
12:17	ACT.13.27	2
12:18	ISA.42.1	47
12:18	LUK.4.18	10
12:18	JHN.3.34	7
12:18	ACT.10.38	7
12:18	ISA.61.1-ISA.61.3	6
12:18	ISA.11.2	3
12:18	ISA.32.15-ISA.32.16	3
12:18	ISA.49.5-ISA.49.6	3
12:18	ISA.52.13	3
12:18	MAT.3.16-MAT.3.17	3
12:18	MAT.17.5	3
12:18	MRK.9.7	3
12:18	LUK.3.22	3
12:18	LUK.9.35	3
12:18	ACT.11.18	3
12:18	1PE.2.4	3
12:18	2PE.1.17	3
12:18	PSA.89.19	2
12:18	ISA.49.1-ISA.49.3	2
12:18	ISA.53.11	2
12:18	ISA.59.20-ISA.59.21	2
12:18	ISA.60.2-ISA.60.3	2
12:18	ISA.62.2	2
12:18	JER.16.19	2
12:18	ZEC.3.8	2
12:18	MRK.1.11	2
12:18	LUK.2.31-LUK.2.32	2
12:18	LUK.23.35	2
12:18	JHN.1.32-JHN.1.34	2
12:18	ACT.13.46-ACT.13.48	2
12:18	ACT.14.27	2
12:18	ACT.26.17-ACT.26.18	2
12:18	ROM.15.9-ROM.15.12	2
12:18	EPH.1.6	2
12:18	EPH.2.11-EPH.2.13	2
12:18	EPH.3.5-EPH.3.8	2
12:18	PHP.2.6-PHP.2.7	2
12:18	COL.1.1	2
12:18	COL.1.13	2
12:19	MAT.11.29	6
12:19	JHN.18.36-JHN.18.38	5
12:19	2TI.2.24-2TI.2.25	5
12:19	2CO.10.1	3
12:19	ZEC.9.9	2
12:19	LUK.17.20	2
12:20	ISA.42.3-ISA.42.4	17
12:20	EZK.34.16	12
12:20	ISA.61.1-ISA.61.3	11
12:20	PSA.147.3	10
12:20	LUK.4.18	10
12:20	LAM.3.31-LAM.3.34	8
12:20	PSA.51.17	5
12:20	2CO.2.7	5
12:20	HEB.12.12-HEB.12.13	5
12:20	MAT.11.28	4
12:20	2CO.10.3-2CO.10.5	4
12:20	REV.6.2	4
12:20	2KI.18.21	3
12:20	ISA.57.15	3
12:20	ROM.15.17-ROM.15.19	3
12:20	ISA.40.11	2
12:20	REV.19.11-REV.19.21	2
12:20	PSA.98.1-PSA.98.3	1
12:20	2CO.2.14	1
12:21	ISA.11.10	9
12:21	ROM.15.12-ROM.15.13	7
12:21	ISA.42.4	5
12:21	COL.1.27	4
12:21	EPH.1.12-EPH.1.13	2
12:22	LUK.11.14-LUK.11.15	6
12:22	ISA.29.18	5
12:22	MRK.7.35-MRK.7.37	5
12:22	ISA.35.5-ISA.35.6	4
12:22	MRK.3.11	4
12:22	ACT.26.18	4
12:22	MAT.4.24	3
12:22	MAT.9.32-MAT.9.34	2
12:22	ISA.32.3-ISA.32.4	1
12:22	PSA.51.15	0
12:22	MRK.9.17-MRK.9.26	0
12:23	MAT.9.27	6
12:23	MAT.22.42-MAT.22.43	4
12:23	JHN.4.29	4
12:23	MAT.9.33	3
12:23	MAT.15.30-MAT.15.31	3
12:23	MAT.21.9	3
12:23	JHN.7.40-JHN.7.42	3
12:23	MAT.15.22	2
12:24	MRK.3.22	9
12:24	MAT.9.34	8
12:24	LUK.11.15	5
12:25	GAL.5.15	14
12:25	JER.17.10	13
12:25	MAT.9.4	10
12:25	ISA.9.21	9
12:25	MRK.3.23-MRK.3.27	9
12:25	LUK.11.17-LUK.11.22	9
12:25	1CO.2.11	9
12:25	PSA.139.2	7
12:25	MRK.2.8	6
12:25	HEB.4.13	6
12:25	REV.16.19	6
12:25	ISA.19.2-ISA.19.3	5
12:25	JHN.2.24-JHN.2.25	5
12:25	REV.2.23	5
12:25	REV.17.16-REV.17.17	5
12:25	AMO.4.13	4
12:25	JHN.21.17	4
12:26	COL.1.13	5
12:26	JHN.12.31	4
12:26	1JN.5.19	4
12:26	REV.20.2-REV.20.3	4
12:26	MAT.4.10	3
12:26	JHN.14.30	3
12:26	JHN.16.11	3
12:26	2CO.4.4	3
12:26	REV.9.11	3
12:26	REV.12.9	3
12:26	REV.16.10	3
12:27	MRK.9.38-MRK.9.39	5
12:27	ACT.19.13-ACT.19.16	5
12:27	LUK.9.49-LUK.9.50	4
12:27	LUK.11.19	4
12:27	ROM.3.19	4
12:27	MAT.12.41-MAT.12.42	3
12:27	LUK.19.22	2
12:28	LUK.11.20	14
12:28	DAN.7.14	9
12:28	MAT.6.33	8
12:28	ACT.10.38	8
12:28	MAT.21.43	7
12:28	COL.1.13	7
12:28	MAT.21.31	6
12:28	MRK.1.15	6
12:28	LUK.16.16	6
12:28	LUK.17.20-LUK.17.21	6
12:28	ISA.9.6-ISA.9.7	5
12:28	DAN.2.44	5
12:28	ROM.14.17	5
12:28	MRK.11.10	4
12:28	MRK.16.17	4
12:28	LUK.1.32-LUK.1.33	4
12:28	LUK.9.2	4
12:28	LUK.10.11	4
12:28	HEB.12.28	4
12:28	MAT.12.18	3
12:29	ISA.49.24	14
12:29	MRK.3.27	13
12:29	LUK.11.21-LUK.11.22	12
12:29	1JN.4.4	11
12:29	REV.20.7-REV.20.9	10
12:29	1JN.3.8	8
12:29	ISA.53.12	7
12:29	REV.20.1-REV.20.3	7
12:29	REV.12.7-REV.12.10	5
12:30	MRK.9.40	24
12:30	LUK.11.23	22
12:30	JOS.24.15	17
12:30	LUK.9.50	16
12:30	1JN.2.19	16
12:30	MAT.6.24	14
12:30	2CO.6.15-2CO.6.16	11
12:30	REV.3.15-REV.3.16	10
12:30	JOS.5.13	4
12:30	1CH.12.17-1CH.12.18	4
12:30	GEN.49.10	0
12:30	JHN.11.52	0
12:31	LUK.12.10	18
12:31	MRK.3.28-MRK.3.30	15
12:31	HEB.10.29	11
12:31	HEB.10.26	10
12:31	MAT.12.31-MAT.12.32	9
12:31	ACT.7.51	9
12:31	1TI.1.13-1TI.1.15	9
12:31	1JN.5.16	8
12:31	HEB.6.4	7
12:31	1JN.1.9	7
12:31	ISA.55.7	4
12:31	EZK.33.11	3
12:31	1JN.2.1-1JN.2.2	3
12:31	ISA.1.18	2
12:32	MRK.3.29	8
12:32	HEB.10.26-HEB.10.29	7
12:32	HEB.6.4-HEB.6.6	6
12:32	MAT.12.31	5
12:32	LUK.12.10	5
12:32	JHN.7.39	4
12:32	1TI.1.13	4
12:32	ACT.3.19	3
12:32	TIT.2.12	2
12:32	JOB.36.13	1
12:32	LUK.23.34	1
12:32	JHN.7.12	1
12:32	EPH.1.21	1
12:32	MAT.11.19	0
12:32	MRK.10.30	0
12:32	LUK.7.34	0
12:32	LUK.16.23-LUK.16.26	0
12:32	LUK.20.34-LUK.20.35	0
12:32	JHN.7.52	0
12:32	ACT.3.14-ACT.3.15	0
12:32	ACT.26.9-ACT.26.11	0
12:32	1TI.1.15	0
12:33	LUK.6.43-LUK.6.44	30
12:33	MAT.7.16-MAT.7.20	23
12:33	JAS.4.8	15
12:33	MAT.3.8-MAT.3.10	14
12:33	JHN.15.4-JHN.15.7	14
12:33	AMO.5.15	12
12:33	LUK.3.9	12
12:33	LUK.11.39-LUK.11.40	12
12:33	EZK.18.31	9
12:33	JAS.3.12	8
12:33	MAT.23.26	7
12:34	LUK.6.45	44
12:34	MAT.15.18	41
12:34	EPH.4.29	19
12:34	1SA.24.13	15
12:34	JAS.3.5-JAS.3.8	15
12:34	PSA.140.2-PSA.140.3	12
12:34	ISA.32.6	11
12:34	MAT.12.35	11
12:34	1JN.3.10	11
12:34	JHN.8.44	10
12:34	ROM.3.10-ROM.3.14	10
12:34	PSA.10.6-PSA.10.7	9
12:34	PSA.64.3	8
12:34	MAT.23.33	8
12:34	ISA.59.14	7
12:34	PSA.52.2-PSA.52.5	6
12:34	PSA.120.2-PSA.120.4	6
12:34	ISA.59.4	6
12:34	MAT.3.7	6
12:34	PSA.53.1	5
12:34	PSA.64.5	5
12:34	LUK.3.7	5
12:34	JER.7.2-JER.7.5	3
12:35	PRO.15.4	13
12:35	COL.4.6	13
12:35	PRO.15.28	12
12:35	COL.3.16	9
12:35	PRO.25.11-PRO.25.12	8
12:35	MAT.12.34	7
12:35	PRO.10.20-PRO.10.21	6
12:35	PRO.16.21-PRO.16.23	6
12:35	EPH.4.29	6
12:35	PSA.37.30-PSA.37.31	5
12:35	PRO.12.6	5
12:35	PRO.15.23	5
12:35	PRO.12.17-PRO.12.19	4
12:35	MAT.13.52	3
12:36	ECC.12.14	62
12:36	ROM.2.16	37
12:36	REV.20.12	30
12:36	JUD.1.14-JUD.1.15	26
12:36	EPH.6.4-EPH.6.6	7
12:37	PRO.13.3	37
12:37	JAS.2.21-JAS.2.25	2
12:38	1CO.1.22	10
12:38	MRK.8.11-MRK.8.12	9
12:38	LUK.11.16	6
12:38	LUK.11.29	6
12:38	JHN.2.18	6
12:38	MAT.16.1-MAT.16.4	5
12:38	JHN.4.48	5
12:38	JHN.6.30	4
12:39	MAT.16.4	8
12:39	LUK.11.29-LUK.11.32	7
12:39	ISA.57.3	4
12:39	MRK.8.38	4
12:39	JAS.4.4	4
12:40	JON.1.17	22
12:40	MAT.27.63-MAT.27.64	14
12:40	JHN.2.19	13
12:40	MAT.16.21	12
12:40	MAT.17.23	12
12:40	MAT.27.40	11
12:40	JON.2.2-JON.2.6	8
12:40	PSA.63.9	5
12:40	MAT.8.20	3
12:41	MAT.12.42	7
12:41	HEB.11.7	6
12:41	JER.3.11	5
12:41	JON.1.2	5
12:41	MAT.12.6	5
12:41	LUK.11.32	5
12:41	JHN.3.31	5
12:41	ROM.2.27	5
12:41	HEB.3.5-HEB.3.6	5
12:41	ISA.54.17	4
12:41	EZK.16.51-EZK.16.52	4
12:41	JON.3.5-JON.3.10	4
12:41	MAT.12.39	4
12:41	MAT.12.45	4
12:41	MAT.16.4	4
12:41	MAT.17.17	4
12:41	MAT.23.36	4
12:41	JHN.4.12	4
12:41	JHN.8.53-JHN.8.58	3
12:42	1KI.10.1-1KI.10.13	13
12:42	2CH.9.1-2CH.9.12	10
12:42	LUK.11.31-LUK.11.32	7
12:42	HEB.1.2-HEB.1.4	7
12:42	MAT.17.5	5
12:42	JHN.1.14	5
12:42	1KI.5.12	4
12:42	1KI.10.24	4
12:42	ISA.7.14	4
12:42	ISA.9.6-ISA.9.7	4
12:42	MAT.3.17	4
12:42	JHN.1.18	4
12:42	ACT.8.27-ACT.8.28	4
12:42	PHP.2.6-PHP.2.7	4
12:42	1KI.3.9	3
12:42	1KI.3.12	3
12:42	1KI.3.28	3
12:42	1KI.4.29	3
12:42	1KI.4.34	3
12:42	MAT.12.41	2
12:43	LUK.11.24-LUK.11.26	18
12:43	LUK.8.28-LUK.8.32	10
12:43	MAT.8.29	7
12:43	AMO.8.11-AMO.8.13	6
12:43	MRK.5.7-MRK.5.13	6
12:43	JOB.2.2	5
12:43	ISA.35.6-ISA.35.7	5
12:43	1PE.5.8	5
12:43	JOB.1.7	4
12:43	ISA.41.18	4
12:43	EZK.47.8-EZK.47.12	4
12:43	PSA.63.1	3
12:43	ACT.8.13	3
12:44	1JN.4.4	5
12:44	PSA.81.11-PSA.81.12	3
12:44	1CO.11.19	3
12:44	1JN.2.19	3
12:44	JUD.1.4-JUD.1.5	3
12:44	REV.13.8-REV.13.9	3
12:44	HOS.7.6	2
12:44	MAT.12.29	2
12:44	MAT.13.20-MAT.13.22	2
12:44	LUK.11.21-LUK.11.22	2
12:44	JHN.12.6	2
12:44	JHN.13.2	2
12:44	JHN.13.27	2
12:44	ACT.5.1-ACT.5.3	2
12:44	EPH.2.2	2
12:44	2TH.2.9-2TH.2.12	2
12:44	1TI.6.9-1TI.6.10	2
12:44	ACT.8.18-ACT.8.23	1
12:44	1TI.6.4-1TI.6.5	1
12:44	REV.13.3-REV.13.4	1
12:45	LUK.11.26	9
12:45	MRK.5.9	7
12:45	HEB.6.4-HEB.6.8	7
12:45	HEB.10.26-HEB.10.31	7
12:45	2PE.2.14-2PE.2.22	6
12:45	MRK.16.9	4
12:45	JHN.15.22-JHN.15.24	4
12:45	JUD.1.10-JUD.1.13	4
12:45	ROM.11.8-ROM.11.10	3
12:45	HEB.10.39	3
12:45	1JN.5.16-1JN.5.17	3
12:45	MAT.12.24	2
12:45	MAT.21.38-MAT.21.44	2
12:45	MAT.23.24	2
12:45	LUK.11.49-LUK.11.51	2
12:45	LUK.19.41-LUK.19.44	2
12:45	EPH.6.12	2
12:45	1TH.2.15-1TH.2.16	2
12:45	MAT.23.15	1
12:45	MAT.23.32-MAT.23.39	1
12:46	MAT.13.55	12
12:46	JHN.2.12	11
12:46	JHN.7.3	11
12:46	MRK.3.31-MRK.3.35	10
12:46	JHN.7.5	10
12:46	LUK.8.19-LUK.8.21	9
12:46	MRK.6.3	8
12:46	ACT.1.14	7
12:46	GAL.1.19	7
12:46	LUK.2.48	6
12:46	1CO.9.5	6
12:46	MRK.2.21	5
12:46	LUK.8.10	5
12:46	JHN.7.10	5
12:46	LUK.2.33	4
12:46	JHN.2.5	4
12:46	MAT.1.18	3
12:46	MAT.2.11	3
12:46	MAT.2.13-MAT.2.14	3
12:46	MAT.2.20	3
12:46	LUK.2.51	3
12:46	JHN.2.1	3
12:46	LUK.1.43	2
12:46	JHN.19.25	2
12:48	MRK.3.32-MRK.3.33	5
12:48	MAT.10.37	4
12:48	DEU.33.9	2
12:48	LUK.2.52	2
12:48	LUK.2.49	1
12:48	JHN.2.3-JHN.2.4	1
12:48	2CO.5.16	1
12:49	MRK.3.34	5
12:49	MAT.28.7	2
12:49	JHN.17.8-JHN.17.9	2
12:49	JHN.17.20	2
12:49	JHN.20.17-JHN.20.20	2
12:50	LUK.8.21	28
12:50	MRK.3.35	24
12:50	JHN.15.14	17
12:50	MAT.28.10	11
12:50	LUK.11.27-LUK.11.28	11
12:50	1JN.3.23-1JN.3.24	11
12:50	HEB.2.11-HEB.2.17	10
12:50	JAS.1.21-JAS.1.22	10
12:50	1JN.2.17	10
12:50	JHN.6.29	9
12:50	JHN.6.40	9
12:50	ROM.8.29	9
12:50	MAT.7.20-MAT.7.21	8
12:50	MAT.25.40	8
12:50	JHN.19.26-JHN.19.27	8
12:50	JHN.20.17	6
12:50	GAL.6.15	6
12:50	1TI.5.2	6
12:50	1PE.4.2	6
12:50	PSA.22.22	5
12:50	MAT.17.5	5
12:50	ACT.16.30-ACT.16.31	5
12:50	ACT.17.30	5
12:50	GAL.5.6	5
12:50	EPH.5.25-EPH.5.27	5
12:50	COL.3.11	5
12:50	REV.22.14	5
12:50	SNG.4.9-SNG.4.10	4
12:50	SNG.5.1-SNG.5.2	4
12:50	MAT.25.45	4
12:50	ACT.3.22-ACT.3.23	4
12:50	ACT.26.20	4
12:50	2CO.11.2	4
12:50	HEB.5.9	3
12:50	SNG.4.12	2
12:50	1CO.9.5	2
13:1	LUK.8.4-LUK.8.10	7
13:1	MAT.13.1-MAT.13.15	6
13:1	MRK.4.1-MRK.4.12	3
13:1	MAT.13.36	2
13:2	LUK.5.3	7
13:2	GEN.49.10	4
13:2	MAT.4.25	4
13:2	MAT.15.30	4
13:2	MRK.4.1	4
13:2	LUK.8.4-LUK.8.8	4
13:3	MRK.4.2-MRK.4.9	10
13:3	PSA.78.2	6
13:3	MRK.4.13	6
13:3	2SA.12.1-2SA.12.7	5
13:3	EZK.24.3-EZK.24.14	5
13:3	MAT.13.10-MAT.13.13	5
13:3	MAT.13.34-MAT.13.35	5
13:3	MAT.13.53	5
13:3	MRK.4.33	5
13:3	JDG.9.8-JDG.9.20	4
13:3	PSA.49.4	4
13:3	MAT.24.32	4
13:3	MRK.12.12	4
13:3	LUK.8.5-LUK.8.8	4
13:3	ISA.5.1-ISA.5.7	3
13:3	EZK.17.2	3
13:3	EZK.20.49	3
13:3	MIC.2.4	3
13:3	HAB.2.6	3
13:3	MRK.3.23	3
13:3	MRK.12.1	3
13:3	LUK.8.10	3
13:3	LUK.12.41	3
13:3	LUK.15.3-LUK.15.7	3
13:3	JHN.16.25	3
13:3	MAT.22.1	2
13:4	MAT.13.18-MAT.13.19	8
13:5	EZK.36.26	7
13:5	EZK.11.19	5
13:5	ZEC.7.12	3
13:5	AMO.6.12	2
13:5	MAT.13.20	2
13:6	JAS.1.11-JAS.1.12	7
13:6	MAT.13.21	6
13:6	LUK.8.13	5
13:6	ISA.49.10	4
13:6	EPH.3.17	4
13:6	COL.1.23	4
13:6	MAT.7.26-MAT.7.27	3
13:6	COL.2.7	3
13:6	REV.7.16	3
13:7	MRK.4.18-MRK.4.19	10
13:7	JER.4.3-JER.4.4	7
13:7	GEN.3.18	5
13:7	MAT.13.22	3
13:8	LUK.8.15	10
13:8	JHN.15.8	10
13:8	GEN.26.12	9
13:8	MAT.13.23	9
13:8	GAL.5.22-GAL.5.23	4
13:8	PHP.1.11	4
13:8	ROM.7.18	2
13:9	MAT.11.15	7
13:9	REV.2.7	7
13:9	REV.2.11	7
13:9	REV.2.17	6
13:9	MAT.13.16	5
13:9	MRK.4.9	5
13:9	MRK.4.23	5
13:9	MRK.7.14-MRK.7.15	5
13:9	REV.2.29	5
13:9	REV.3.6	5
13:9	REV.3.13	5
13:9	REV.3.22	5
13:9	REV.13.8-REV.13.9	5
13:10	MRK.4.33-MRK.4.34	7
13:10	MRK.4.10	6
13:11	1CO.2.9-1CO.2.10	26
13:11	1CO.2.14	21
13:11	MAT.19.11	19
13:11	JAS.1.5	14
13:11	1JN.2.27	13
13:11	1JN.2.20	11
13:11	EPH.1.9	10
13:11	EPH.5.32	10
13:11	COL.1.26-COL.1.27	10
13:11	ISA.35.8	9
13:11	MAT.16.17	9
13:11	LUK.8.10	9
13:11	JHN.6.65	9
13:11	ROM.16.25	9
13:11	JAS.1.16-JAS.1.18	9
13:11	PSA.25.8-PSA.25.9	7
13:11	MRK.4.11	7
13:11	LUK.10.39-LUK.10.42	7
13:11	1CO.2.7	7
13:11	1CO.13.2	7
13:11	1CO.15.51	7
13:11	1CO.4.1	6
13:11	1TI.3.9	6
13:11	PSA.25.14	5
13:11	MAT.11.25-MAT.11.26	5
13:11	JHN.7.17	5
13:11	1CO.4.7	5
13:11	EPH.3.3-EPH.3.9	5
13:11	EPH.6.19	5
13:11	COL.2.2	5
13:11	ISA.29.10	4
13:11	ACT.17.11-ACT.17.12	4
13:11	EPH.1.18	4
13:11	1TI.3.16	4
13:11	ACT.16.14	3
13:12	MAT.25.29	18
13:12	MRK.4.24-MRK.4.25	16
13:12	LUK.8.18	14
13:12	LUK.19.24-LUK.19.26	11
13:12	JHN.15.2-JHN.15.5	10
13:12	MAT.21.43	9
13:12	REV.2.5	9
13:12	ISA.5.4-ISA.5.7	7
13:12	LUK.16.25	6
13:12	LUK.10.42	5
13:12	MRK.12.9	4
13:12	LUK.9.26	4
13:12	LUK.12.20-LUK.12.21	4
13:12	LUK.16.2	4
13:12	REV.3.15-REV.3.16	4
13:13	EZK.12.2	18
13:13	JER.5.21	13
13:13	ISA.42.18-ISA.42.20	10
13:13	2CO.4.3-2CO.4.4	10
13:13	DEU.29.3-DEU.29.4	8
13:13	MAT.13.16	8
13:13	JHN.3.19-JHN.3.20	8
13:13	ISA.44.18	7
13:13	JHN.9.39-JHN.9.41	7
13:13	MRK.8.17-MRK.8.18	3
13:14	ISA.6.9-ISA.6.10	78
13:14	EZK.12.2	37
13:14	2CO.3.14	23
13:14	LUK.8.10	22
13:14	ACT.28.25-ACT.28.27	18
13:14	MRK.4.12	17
13:14	JHN.12.39-JHN.12.40	16
13:14	ROM.11.8-ROM.11.10	16
13:15	ISA.6.10	33
13:15	ZEC.7.11	15
13:15	MRK.4.12	15
13:15	JHN.8.43-JHN.8.44	12
13:15	2TI.2.25-2TI.2.26	10
13:15	ISA.29.10-ISA.29.12	8
13:15	JER.17.14	7
13:15	MAL.4.2	7
13:15	PSA.119.70	6
13:15	HEB.5.11	6
13:15	ACT.7.57	5
13:15	2TI.4.4	5
13:15	HEB.6.4-HEB.6.6	4
13:15	REV.22.2	4
13:15	ACT.3.19	3
13:15	ISA.44.20	2
13:15	ISA.57.18	2
13:15	JER.33.6	2
13:15	HOS.14.4	2
13:15	2TH.2.10-2TH.2.11	2
13:15	JER.3.22	1
13:16	LUK.10.23-LUK.10.24	17
13:16	EPH.1.17-EPH.1.18	14
13:16	MAT.16.17	13
13:16	JHN.20.29	11
13:16	ACT.26.18	9
13:16	2CO.4.6	8
13:16	LUK.2.29-LUK.2.30	7
13:16	MAT.5.3-MAT.5.11	6
13:17	JHN.8.56	9
13:17	HEB.11.13	8
13:17	LUK.10.24	6
13:17	1PE.1.10-1PE.1.12	6
13:17	EPH.3.5-EPH.3.6	4
13:17	HEB.11.39-HEB.11.40	4
13:18	MAT.13.11-MAT.13.12	6
13:18	LUK.8.11-LUK.8.15	6
13:18	MRK.4.13-MRK.4.20	3
13:19	LUK.8.11-LUK.8.15	17
13:19	HEB.2.1	14
13:19	MAT.13.38	12
13:19	1JN.5.18	8
13:19	MAT.4.23	7
13:19	PRO.2.1-PRO.2.6	6
13:19	1JN.3.12	6
13:19	PRO.1.7	5
13:19	PRO.17.16	5
13:19	PRO.18.1-PRO.18.2	5
13:19	MAT.5.37	5
13:19	MRK.4.15	5
13:19	JHN.8.43	5
13:19	ACT.17.32	5
13:19	ROM.1.28	5
13:19	1JN.2.13-1JN.2.14	5
13:19	PRO.1.20-PRO.1.22	4
13:19	LUK.9.2	4
13:19	LUK.10.9	4
13:19	JHN.3.19-JHN.3.20	4
13:19	JHN.18.38	4
13:19	ACT.18.15	4
13:19	ACT.20.25	4
13:19	ACT.24.25-ACT.24.26	4
13:19	ACT.25.19-ACT.25.20	4
13:19	ACT.26.31-ACT.26.32	4
13:19	ACT.28.23	4
13:19	ROM.2.8	4
13:19	ROM.14.17	4
13:19	2CO.4.2-2CO.4.3	4
13:19	2TH.2.12	4
13:19	1JN.5.20	4
13:19	EPH.3.8	3
13:20	EZK.33.31-EZK.33.32	10
13:20	PSA.106.12-PSA.106.13	9
13:20	JHN.5.35	7
13:20	2CH.24.2	6
13:20	PSA.78.34-PSA.78.37	6
13:20	ISA.58.2	6
13:20	1SA.11.13-1SA.11.15	5
13:20	2CH.24.6	5
13:20	2CH.24.14	5
13:20	MAT.13.5-MAT.13.6	5
13:20	MRK.4.16-MRK.4.17	5
13:20	MRK.6.20	5
13:20	ACT.8.13	5
13:20	GAL.4.14-GAL.4.15	5
13:21	MAT.11.6	11
13:21	2PE.1.8-2PE.1.9	9
13:21	EPH.3.17	8
13:21	HOS.6.4	7
13:21	JOB.19.28	6
13:21	PRO.12.3	6
13:21	JHN.15.5-JHN.15.7	6
13:21	JOB.27.8-JOB.27.10	5
13:21	PSA.36.3	5
13:21	MRK.13.12-MRK.13.13	5
13:21	JHN.12.25-JHN.12.26	5
13:21	PRO.12.12	4
13:21	MAT.5.10-MAT.5.12	4
13:21	MAT.7.22-MAT.7.23	4
13:21	MAT.7.26-MAT.7.27	4
13:21	MAT.10.22	4
13:21	MAT.10.37-MAT.10.39	4
13:21	MAT.13.6	4
13:21	MAT.13.57	4
13:21	MAT.16.24-MAT.16.26	4
13:21	MAT.24.9-MAT.24.10	4
13:21	MAT.24.13	4
13:21	MAT.26.31	4
13:21	MAT.26.33	4
13:21	MRK.4.17	4
13:21	MRK.8.34-MRK.8.36	4
13:21	LUK.8.13	4
13:21	LUK.9.23-LUK.9.25	4
13:21	LUK.14.26-LUK.14.33	4
13:21	LUK.21.12-LUK.21.18	4
13:21	JHN.6.26	4
13:21	JHN.6.61-JHN.6.65	4
13:21	JHN.6.70-JHN.6.71	4
13:21	ACT.8.21-ACT.8.23	4
13:21	ROM.2.7	4
13:21	GAL.5.6	4
13:21	GAL.6.12	4
13:21	GAL.6.15	4
13:21	PHP.1.6	4
13:21	2TI.1.15	4
13:21	2TI.4.10	3
13:21	HEB.10.35-HEB.10.39	3
13:21	1PE.1.5	3
13:21	1JN.2.19-1JN.2.20	2
13:21	REV.2.13	2
13:22	1TI.6.17	25
13:22	LUK.8.14	23
13:22	1TI.6.9-1TI.6.10	20
13:22	MRK.4.18-MRK.4.19	17
13:22	LUK.12.15	15
13:22	PSA.52.7	12
13:22	ECC.5.10-ECC.5.11	12
13:22	2TI.4.10	12
13:22	1JN.2.15-1JN.2.16	10
13:22	MAT.6.24-MAT.6.25	9
13:22	LUK.12.21	9
13:22	LUK.12.29-LUK.12.30	9
13:22	PRO.11.28	8
13:22	MAT.13.7	8
13:22	LUK.21.34	8
13:22	PSA.62.10	7
13:22	JER.4.3	7
13:22	GEN.13.10-GEN.13.13	6
13:22	JOS.7.20-JOS.7.21	6
13:22	2KI.5.20-2KI.5.27	6
13:22	PRO.23.5	6
13:22	ECC.4.8	6
13:22	ECC.5.13-ECC.5.14	6
13:22	MAT.19.16-MAT.19.24	6
13:22	MRK.10.23-MRK.10.25	6
13:22	LUK.14.16-LUK.14.24	6
13:22	LUK.18.24-LUK.18.25	6
13:22	ACT.5.1-ACT.5.11	6
13:22	ACT.8.18	6
13:22	2PE.2.14-2PE.2.15	6
13:22	JUD.1.11-JUD.1.12	6
13:23	PHP.1.11	18
13:23	MAT.12.33	17
13:23	JHN.15.16	16
13:23	GAL.5.22-GAL.5.23	15
13:23	PSA.92.13-PSA.92.15	13
13:23	MAT.13.8	13
13:23	JHN.15.1-JHN.15.8	13
13:23	COL.1.6	12
13:23	MAT.3.8	8
13:23	LUK.13.9	8
13:23	COL.1.10	8
13:23	2CO.8.1-2CO.8.2	7
13:23	PHP.4.17	7
13:23	2PE.1.5-2PE.1.8	7
13:23	2PE.3.18	7
13:23	1JN.5.20	7
13:23	MRK.4.20	6
13:23	1TH.4.1	6
13:23	2TH.2.10	6
13:23	2TH.2.13-2TH.2.14	6
13:23	HEB.4.2	6
13:23	HEB.8.10	6
13:23	PSA.1.1-PSA.1.3	5
13:23	PRO.1.5-PRO.1.6	5
13:23	PRO.2.2-PRO.2.6	5
13:23	EZK.18.31	5
13:23	EZK.36.26	5
13:23	MAT.3.10	5
13:23	MRK.10.15	5
13:23	LUK.6.43-LUK.6.44	5
13:23	LUK.8.15	5
13:23	JHN.1.11-JHN.1.13	5
13:23	JHN.8.47	5
13:23	JHN.10.26-JHN.10.27	5
13:23	JHN.17.7-JHN.17.8	5
13:23	ACT.16.14	5
13:23	ACT.17.11	5
13:23	2CO.9.10	5
13:23	JAS.1.21-JAS.1.22	4
13:23	1PE.2.1-1PE.2.2	4
13:23	HEB.6.7	3
13:23	HEB.13.15-HEB.13.16	2
13:24	MAT.25.1	14
13:24	MAT.13.47	13
13:24	MAT.20.1	12
13:24	MAT.22.2	11
13:24	MAT.13.37	10
13:24	LUK.13.20	9
13:24	MAT.13.33	8
13:24	MRK.4.26-MRK.4.30	8
13:24	LUK.13.18	8
13:24	MAT.13.31	7
13:24	1PE.1.23	7
13:24	MAT.3.2	6
13:24	MAT.13.19	6
13:24	MAT.18.23	6
13:24	MAT.4.23	5
13:24	MAT.13.44-MAT.13.45	5
13:24	MAT.21.33	5
13:24	COL.1.5	4
13:24	JDG.14.12-JDG.14.13	3
13:24	EZK.17.2	3
13:24	ISA.28.10	2
13:24	ISA.28.13	2
13:25	1PE.5.8	22
13:25	ACT.20.30-ACT.20.31	11
13:25	2PE.2.1	11
13:25	MAT.13.39	10
13:25	HEB.12.15	8
13:25	REV.12.9	8
13:25	MAT.25.5	7
13:25	ISA.56.9-ISA.56.10	4
13:25	2CO.11.13-2CO.11.15	4
13:25	2TI.4.3-2TI.4.5	4
13:25	GAL.2.4	3
13:25	REV.2.20	3
13:25	REV.13.14	2
13:26	MRK.4.26-MRK.4.29	5
13:27	ROM.16.17	9
13:27	2CO.6.1	5
13:27	2CO.5.18-2CO.5.20	4
13:27	1CO.12.28-1CO.12.29	3
13:27	1CO.16.10	3
13:27	2CO.6.4	3
13:27	1CO.1.11-1CO.1.13	2
13:27	1CO.15.12-1CO.15.34	2
13:27	GAL.3.1-GAL.3.3	2
13:27	EPH.4.11-EPH.4.12	2
13:27	JAS.3.15-JAS.3.16	2
13:27	JAS.4.4	2
13:27	1CO.3.5-1CO.3.9	1
13:28	1CO.5.3-1CO.5.7	5
13:28	1TH.5.14	3
13:28	LUK.9.49-LUK.9.54	2
13:28	2CO.2.6-2CO.2.11	1
13:28	JUD.1.22-JUD.1.23	1
13:30	MAT.3.12	23
13:30	1TI.5.24	18
13:30	1CO.4.5	13
13:30	MAL.3.18-MAL.4.1	11
13:30	JHN.15.6	11
13:30	MAT.13.39-MAT.13.43	7
13:30	MAT.25.32	7
13:30	MAT.25.41	6
13:30	LUK.3.17	6
13:30	MAT.25.6-MAT.25.13	3
13:30	1SA.25.29	2
13:30	EZK.15.4-EZK.15.7	2
13:30	MAT.22.10-MAT.22.14	2
13:30	ISA.27.10-ISA.27.11	1
13:31	LUK.13.18-LUK.13.19	15
13:31	MAT.17.20	11
13:31	MRK.4.30-MRK.4.32	11
13:31	LUK.17.6	10
13:31	MAT.13.24	7
13:31	LUK.20.9	3
13:31	LUK.19.11	0
13:32	EZK.31.6	14
13:32	DAN.4.12	13
13:32	EZK.17.23-EZK.17.24	10
13:32	ACT.21.20	5
13:32	DAN.2.44-DAN.2.45	4
13:32	ZEC.8.20-ZEC.8.23	4
13:32	ROM.15.18-ROM.15.19	4
13:32	PSA.104.12	3
13:32	DAN.2.34-DAN.2.35	3
13:32	ZEC.4.10	3
13:32	PSA.72.16-PSA.72.19	2
13:32	ISA.2.2-ISA.2.4	2
13:32	EZK.47.1-EZK.47.5	2
13:32	MIC.4.1-MIC.4.3	2
13:32	ZEC.14.7-ZEC.14.10	2
13:32	ACT.1.15	1
13:32	REV.11.15	1
13:33	GAL.5.9	9
13:33	1CO.5.6-1CO.5.7	8
13:33	LUK.13.21	7
13:33	PHP.2.13-PHP.2.15	7
13:33	GEN.18.6	4
13:33	PRO.4.18	4
13:33	JOB.17.9	2
13:33	MAT.13.24	2
13:33	PHP.1.9	2
13:33	HOS.6.3	1
13:33	PHP.1.6	1
13:33	1TH.5.23-1TH.5.24	1
13:33	2PE.3.18	1
13:33	MRK.13.20	0
13:33	JHN.15.2	0
13:33	JHN.16.12-JHN.16.13	0
13:34	MRK.4.33-MRK.4.34	6
13:34	JHN.16.25	6
13:34	MAT.13.13	4
13:35	PSA.78.2	160
13:35	EPH.3.9	36
13:35	ROM.16.25-ROM.16.26	27
13:35	1PE.1.20-1PE.1.21	27
13:35	1CO.2.7	26
13:35	JHN.17.24	22
13:35	AMO.3.7	20
13:35	MAT.25.34	17
13:35	COL.1.25-COL.1.26	17
13:35	EPH.3.5	16
13:35	ISA.42.9	14
13:35	2TI.1.9-2TI.1.10	11
13:35	REV.13.8	11
13:35	TIT.1.2-TIT.1.3	10
13:35	MAT.13.14	8
13:35	PSA.49.4	7
13:35	1PE.1.11-1PE.1.12	7
13:35	REV.17.8	6
13:35	MAT.21.4-MAT.21.5	3
13:35	LUK.10.14	2
13:35	ACT.15.18	2
13:35	HEB.1.1	0
13:36	MAT.13.11	3
13:36	JHN.16.17-JHN.16.20	3
13:36	MAT.9.28	2
13:36	MAT.13.1	2
13:36	MAT.15.15-MAT.15.16	2
13:36	MRK.6.45	2
13:36	MRK.7.17	2
13:36	MRK.8.9	2
13:36	MAT.14.22	1
13:36	MAT.15.39	1
13:36	MRK.4.34	0
13:37	1CO.3.5-1CO.3.7	6
13:37	MAT.13.24	3
13:37	MAT.13.27	3
13:37	MAT.13.41	3
13:37	LUK.10.16	3
13:37	ACT.1.8	3
13:37	MAT.8.20	2
13:37	MAT.10.40	2
13:37	MAT.16.13-MAT.16.16	2
13:37	JHN.13.20	2
13:37	JHN.20.21	2
13:37	ROM.15.18	2
13:37	HEB.1.1	1
13:37	HEB.2.3	1
13:38	JHN.8.44	9
13:38	ACT.13.10	6
13:38	PHP.3.18-PHP.3.19	6
13:38	1JN.3.8-1JN.3.10	5
13:38	GEN.3.15	4
13:38	1PE.1.23	4
13:38	MAT.13.19	3
13:38	JAS.1.18	3
13:38	PSA.22.30	2
13:38	ISA.53.10	2
13:38	HOS.2.23	2
13:38	ZEC.10.8-ZEC.10.9	2
13:38	MAT.24.14	2
13:38	LUK.24.47	2
13:38	JHN.1.12-JHN.1.13	2
13:38	JHN.12.24	2
13:38	ROM.8.17	2
13:38	ROM.10.18	2
13:38	COL.1.6	2
13:38	JAS.2.5	2
13:38	1JN.3.2	2
13:38	MAT.28.18-MAT.28.20	1
13:38	MRK.16.15-MRK.16.20	1
13:38	ROM.16.26	1
13:38	REV.14.6	1
13:39	MAT.13.49	11
13:39	REV.14.15-REV.14.19	11
13:39	MAT.25.31	8
13:39	JOL.3.13	7
13:39	REV.19.20	6
13:39	MAT.13.25	5
13:39	MAT.24.3	5
13:39	2TH.1.7-2TH.1.10	5
13:39	REV.12.9	5
13:39	REV.13.14	5
13:39	EPH.6.11-EPH.6.12	4
13:39	HEB.9.26	4
13:39	1PE.5.8	4
13:39	DAN.7.10	3
13:39	MAT.13.28	3
13:39	MAT.28.20	3
13:39	2CO.2.17	3
13:39	2CO.11.3	3
13:39	2CO.11.13-2CO.11.15	3
13:39	EPH.2.2	3
13:39	2TH.2.8-2TH.2.11	3
13:39	JUD.1.14	3
13:39	REV.20.2-REV.20.3	3
13:39	REV.20.7-REV.20.10	3
13:40	MAT.13.39	6
13:41	MAT.24.31	13
13:41	MAT.18.7	8
13:41	2PE.2.1-2PE.2.2	8
13:41	REV.21.27	8
13:41	MAT.13.49	4
13:41	ROM.2.8-ROM.2.9	4
13:41	ROM.2.16	4
13:41	HEB.1.6-HEB.1.7	4
13:41	HEB.1.14	4
13:41	REV.5.11-REV.5.12	4
13:41	MAT.7.22-MAT.7.23	3
13:41	LUK.13.26-LUK.13.27	3
13:41	ROM.16.17-ROM.16.18	3
13:41	ZEP.1.3	2
13:41	MAT.8.20	2
13:41	MRK.13.27	2
13:42	MAT.13.50	12
13:42	MAT.8.12	8
13:42	LUK.16.23-LUK.16.24	8
13:42	REV.20.10	8
13:42	REV.20.14-REV.20.15	8
13:42	REV.19.20	6
13:42	PSA.21.9	4
13:42	DAN.3.6	4
13:42	MRK.9.43-MRK.9.49	4
13:42	REV.14.10	4
13:42	DAN.3.15-DAN.3.17	3
13:42	DAN.3.21-DAN.3.22	3
13:42	MAT.3.12	3
13:42	MAT.22.13	3
13:42	MAT.25.41	3
13:42	LUK.13.28	3
13:42	REV.21.8	3
13:42	REV.9.2	2
13:43	DAN.12.3	30
13:43	LUK.12.32	9
13:43	MAT.11.15	8
13:43	MAT.25.34	8
13:43	1CO.15.41-1CO.15.54	8
13:43	REV.21.22-REV.21.23	7
13:43	REV.21.3-REV.21.5	6
13:43	MAT.25.36	5
13:43	JAS.2.5	5
13:43	MAT.26.29	4
13:43	LUK.22.29	4
13:43	1CO.15.58	4
13:44	PRO.2.2-PRO.2.5	61
13:44	COL.2.3	41
13:44	PHP.3.7-PHP.3.9	40
13:44	MAT.6.21	38
13:44	LUK.14.33	33
13:44	HEB.11.24-HEB.11.26	29
13:44	MAT.19.29	27
13:44	PRO.16.16	24
13:44	PRO.23.23	23
13:44	LUK.18.23-LUK.18.24	20
13:44	REV.3.18	19
13:44	COL.3.3-COL.3.4	18
13:44	1CO.2.9-1CO.2.10	17
13:44	MAT.19.27	16
13:44	ISA.55.1	15
13:44	MAT.19.21	15
13:44	ROM.15.4	12
13:44	LUK.19.6-LUK.19.8	11
13:44	ACT.2.44-ACT.2.47	10
13:44	MAT.13.24	9
13:44	JHN.6.35	9
13:44	HEB.10.34	7
13:44	PRO.17.16	6
13:44	ACT.4.32-ACT.4.35	6
13:44	COL.3.16	3
13:44	PRO.18.1	2
13:45	PRO.8.10-PRO.8.11	8
13:45	PRO.3.13-PRO.3.18	7
13:45	MAT.16.26	7
13:45	JOB.28.18	6
13:45	MAT.13.24	6
13:45	PRO.8.18-PRO.8.20	5
13:45	ECC.12.13	4
13:45	MAT.22.5	4
13:45	PSA.4.6-PSA.4.7	3
13:45	PSA.39.6-PSA.39.7	3
13:45	ECC.2.2-ECC.2.12	1
13:45	ECC.12.8	1
13:46	LUK.18.28-LUK.18.30	9
13:46	EPH.3.8	7
13:46	PRO.2.4	5
13:46	MAT.13.44	5
13:46	ACT.20.24	5
13:46	COL.2.3	5
13:46	ISA.33.6	4
13:46	MRK.10.28-MRK.10.31	4
13:46	1CO.3.21-1CO.3.23	4
13:46	1JN.5.11-1JN.5.12	4
13:46	GAL.6.14	3
13:46	REV.21.21	3
13:47	JHN.15.6	13
13:47	2TI.3.2-2TI.3.5	9
13:47	MAT.22.9-MAT.22.10	7
13:47	MRK.1.17	6
13:47	2TI.4.3-2TI.4.4	6
13:47	1JN.4.1-1JN.4.6	6
13:47	MAT.13.26-MAT.13.30	5
13:47	1CO.10.1-1CO.10.12	5
13:47	2CO.12.20-2CO.12.21	5
13:47	TIT.1.9-TIT.1.11	5
13:47	2PE.2.13-2PE.2.22	5
13:47	MAT.4.19	4
13:47	MAT.25.1-MAT.25.4	4
13:47	LUK.5.10	4
13:47	LUK.14.21-LUK.14.23	4
13:47	ACT.5.1-ACT.5.10	4
13:47	ACT.8.18-ACT.8.22	4
13:47	ACT.20.30	4
13:47	1CO.5.1-1CO.5.6	4
13:47	2CO.11.13-2CO.11.15	4
13:47	2CO.11.26	4
13:47	GAL.2.4	4
13:47	2PE.2.1-2PE.2.3	4
13:47	1JN.2.18-1JN.2.19	4
13:47	REV.3.1	4
13:47	REV.3.15-REV.3.17	4
13:47	1CO.11.19	3
13:47	JUD.1.4-JUD.1.5	3
13:47	JHN.15.2	2
13:48	MAT.13.30	7
13:48	MAT.3.12	5
13:48	MAT.13.40-MAT.13.43	4
13:49	REV.20.12-REV.20.15	14
13:49	MAT.13.39	12
13:49	MAT.24.31	11
13:49	MAT.22.12-MAT.22.14	8
13:49	2TH.1.7-2TH.1.10	8
13:49	MAT.25.5-MAT.25.12	7
13:49	MAT.25.19-MAT.25.33	7
13:50	LUK.13.27-LUK.13.28	4
13:50	REV.14.10-REV.14.11	4
13:50	MAT.8.12	3
13:50	MAT.13.42	3
13:50	MAT.24.50-MAT.24.51	1
13:50	REV.16.10-REV.16.11	1
13:51	MRK.4.34	4
13:51	MAT.13.11	3
13:51	MAT.13.19	3
13:51	MAT.15.17	2
13:51	MAT.16.11	2
13:51	MAT.24.15	2
13:51	MRK.7.18	2
13:51	MRK.8.17-MRK.8.18	2
13:51	LUK.9.44-LUK.9.45	2
13:51	ACT.8.30-ACT.8.31	2
13:51	1JN.5.20	2
13:52	1JN.2.7-1JN.2.8	19
13:52	TIT.1.9	13
13:52	2TI.3.16-2TI.3.17	9
13:52	MAT.12.35	7
13:52	2CO.3.4-2CO.3.6	7
13:52	TIT.2.6-TIT.2.7	7
13:52	EZR.7.10	6
13:52	PRO.16.20-PRO.16.24	6
13:52	1TI.3.15-1TI.3.16	6
13:52	EZR.7.21	5
13:52	PRO.15.7	5
13:52	PRO.18.4	4
13:52	MAT.23.34	4
13:52	LUK.11.49	4
13:52	EZR.7.6	3
13:52	PRO.10.20-PRO.10.21	3
13:52	PRO.11.30	3
13:52	PRO.22.17-PRO.22.18	3
13:52	ECC.12.9-ECC.12.11	3
13:52	SNG.7.13	3
13:52	JHN.13.34	3
13:52	EPH.3.8	3
13:52	COL.1.7	3
13:52	COL.3.16	3
13:52	2CO.6.10	2
13:52	EPH.3.4	2
13:52	1TI.3.6	2
13:52	2CO.4.5-2CO.4.7	1
13:53	MAT.7.28	3
13:53	MRK.4.33-MRK.4.35	2
13:54	MAT.7.28	6
13:54	JHN.7.15-JHN.7.16	6
13:54	MRK.6.1-MRK.6.6	5
13:54	PSA.22.22	4
13:54	MAT.2.23	4
13:54	MAT.4.23	4
13:54	LUK.4.16-LUK.4.30	4
13:54	PSA.40.9-PSA.40.10	3
13:54	JHN.1.11	3
13:54	ACT.4.13	3
13:54	ACT.13.46	3
13:54	ACT.28.17-ACT.28.28	3
13:55	MRK.6.3	11
13:55	JHN.6.42	11
13:55	LUK.3.23	7
13:55	MRK.15.47-MRK.16.1	4
13:55	LUK.4.22	4
13:55	LUK.24.10	3
13:55	JHN.19.25	3
13:55	GAL.1.19	3
13:55	ISA.49.7	2
13:55	ISA.53.2-ISA.53.3	2
13:55	MAT.27.56	2
13:55	MRK.15.40	2
13:55	LUK.2.5-LUK.2.7	2
13:55	PSA.22.6	1
13:55	MAT.1.18-MAT.1.20	1
13:55	LUK.1.27	1
13:55	MAT.12.46-MAT.12.48	0
13:55	JHN.1.45-JHN.1.46	0
13:55	JHN.7.41-JHN.7.42	0
13:55	JHN.9.29	0
13:57	JHN.4.44	12
13:57	LUK.4.24	9
13:57	MAT.11.6	8
13:57	ISA.53.3	7
13:57	ISA.49.7	5
13:57	JHN.6.61	5
13:57	ISA.8.14	4
13:57	LUK.2.34-LUK.2.35	4
13:57	LUK.7.23	4
13:57	JHN.6.42	4
13:57	ACT.7.51-ACT.7.52	4
13:57	1CO.1.23-1CO.1.28	4
13:57	MRK.6.3	2
13:57	ACT.3.22-ACT.3.23	2
13:57	ACT.7.37-ACT.7.39	2
13:57	MRK.6.14	1
13:58	MRK.6.5-MRK.6.6	15
13:58	ROM.11.20	10
13:58	HEB.3.12-HEB.3.19	8
13:58	LUK.4.25-LUK.4.29	4
13:58	HEB.4.6-HEB.4.11	0
14:1	LUK.3.1	5
14:1	MRK.6.14-MRK.6.29	4
14:1	MRK.8.15	4
14:1	LUK.9.7-LUK.9.9	4
14:1	LUK.23.15	4
14:1	ACT.4.27	4
14:1	LUK.23.7-LUK.23.12	3
14:1	LUK.3.19	2
14:1	LUK.13.31-LUK.13.32	2
14:1	ACT.12.1	2
14:2	MAT.16.14	3
14:2	JHN.10.41	3
14:2	MRK.8.28	2
14:2	MAT.11.11	1
14:3	MRK.6.17	6
14:3	LUK.3.19-LUK.3.20	5
14:3	MAT.4.12	4
14:3	MAT.11.2	3
14:3	MRK.6.19	3
14:3	MRK.6.22	3
14:3	LUK.13.1	3
14:3	JHN.3.23-JHN.3.24	2
14:4	LEV.20.21	9
14:4	LEV.18.16	6
14:4	MRK.6.18	3
14:4	DEU.25.5-DEU.25.6	2
14:4	2SA.12.7	2
14:4	1KI.21.19	2
14:4	2CH.26.18-2CH.26.19	2
14:4	PRO.28.1	2
14:4	ISA.8.20	2
14:4	ACT.24.24-ACT.24.25	1
14:5	MAT.11.9	3
14:5	MAT.21.26	3
14:5	MAT.21.32	3
14:5	MRK.6.19-MRK.6.20	2
14:5	MRK.11.30-MRK.11.32	2
14:5	MRK.14.1-MRK.14.2	2
14:5	LUK.20.6	2
14:5	ACT.4.21	2
14:5	ACT.5.26	2
14:6	MRK.6.21-MRK.6.23	6
14:6	GEN.40.20	4
14:6	HOS.1.5-HOS.1.6	4
14:6	EST.1.2-EST.1.12	3
14:6	MAT.22.24	3
14:6	MRK.6.17	3
14:6	EST.2.18	2
14:6	DAN.5.1-DAN.5.4	2
14:6	MRK.6.19	2
14:6	LUK.3.19	2
14:7	EST.5.6	5
14:7	EST.5.3	4
14:7	EST.7.2	3
14:8	PRO.29.10	3
14:8	MRK.6.24	3
14:8	1KI.18.4	2
14:8	1KI.18.13	2
14:8	1KI.19.2	2
14:8	2KI.11.1	2
14:8	2CH.22.2-2CH.22.3	2
14:8	PRO.1.16	2
14:8	NUM.7.13	1
14:8	NUM.7.19	1
14:8	NUM.7.84-NUM.7.85	1
14:8	EZR.1.9	1
14:9	JHN.19.12-JHN.19.16	3
14:9	NUM.30.5-NUM.30.8	2
14:9	JDG.11.30-JDG.11.31	2
14:9	JDG.11.39	2
14:9	JDG.21.1	2
14:9	JDG.21.7-JDG.21.23	2
14:9	1SA.14.24	2
14:9	1SA.14.28	2
14:9	1SA.14.39-1SA.14.45	2
14:9	1SA.25.22	2
14:9	1SA.25.32-1SA.25.34	2
14:9	1SA.28.10	2
14:9	2KI.6.31-2KI.6.33	2
14:9	ECC.5.2	2
14:9	DAN.6.14-DAN.6.16	2
14:9	MAT.14.1	2
14:9	MAT.14.5	2
14:9	MAT.27.17-MAT.27.26	2
14:9	MRK.6.14	2
14:9	MRK.6.20	2
14:9	MRK.6.26	2
14:9	LUK.13.32	2
14:9	ACT.24.23-ACT.24.27	2
14:9	ACT.25.3-ACT.25.9	2
14:10	MAT.17.12	3
14:10	LUK.9.9	3
14:10	REV.11.7	3
14:10	2CH.36.16	2
14:10	JER.2.30	2
14:10	MAT.21.35-MAT.21.36	2
14:10	MAT.22.3-MAT.22.6	2
14:10	MAT.23.34-MAT.23.36	2
14:10	MRK.6.27-MRK.6.29	2
14:10	MRK.9.13	2
14:11	REV.16.6	3
14:11	GEN.49.7	2
14:11	PRO.27.4	2
14:11	PRO.29.10	2
14:11	JER.22.17	2
14:11	EZK.16.3-EZK.16.4	2
14:11	EZK.19.2-EZK.19.3	2
14:11	EZK.35.6	2
14:11	REV.17.6	2
14:12	ACT.8.2	3
14:12	MAT.27.58-MAT.27.61	2
14:13	LUK.9.10-LUK.9.17	7
14:13	MAT.14.1-MAT.14.2	5
14:13	MAT.12.15	4
14:13	MRK.6.30-MRK.6.44	4
14:13	JHN.6.1-JHN.6.15	4
14:13	MAT.10.23	3
14:13	MAT.15.32-MAT.15.38	1
14:14	HEB.4.15	14
14:14	MAT.9.36	10
14:14	HEB.2.17	10
14:14	MAT.15.32-MAT.15.39	8
14:14	JHN.11.33-JHN.11.35	8
14:14	HEB.5.2	7
14:14	MRK.6.34	5
14:14	MRK.9.22	5
14:14	LUK.7.13	5
14:14	LUK.19.41	5
14:14	MAT.4.23	4
14:14	MRK.8.1-MRK.8.2	4
14:15	MAT.15.23	5
14:15	MRK.8.3	3
14:15	MRK.6.35-MRK.6.36	2
14:15	LUK.9.12	2
14:16	2KI.4.42-2KI.4.44	8
14:16	2CO.8.2-2CO.8.3	4
14:16	PRO.11.24	3
14:16	ECC.11.2	3
14:16	JHN.13.29	3
14:16	JOB.31.16-JOB.31.17	2
14:16	LUK.3.11	2
14:16	2CO.9.7-2CO.9.8	1
14:17	MAT.15.33-MAT.15.34	5
14:17	MRK.6.37-MRK.6.38	5
14:17	LUK.9.13	5
14:17	JHN.6.5-JHN.6.9	5
14:17	MAT.16.9	4
14:17	MRK.8.4-MRK.8.5	4
14:17	PSA.78.19-PSA.78.20	3
14:17	NUM.11.21-NUM.11.23	2
14:19	1SA.9.13	7
14:19	MRK.8.6-MRK.8.7	7
14:19	LUK.24.30	6
14:19	1TI.4.4-1TI.4.5	6
14:19	MRK.6.41	5
14:19	ACT.27.35	5
14:19	MAT.15.35-MAT.15.36	4
14:19	MAT.26.26-MAT.26.27	4
14:19	ROM.14.6	4
14:19	1CO.11.24	4
14:19	MRK.7.34	3
14:19	MRK.14.22-MRK.14.23	3
14:19	LUK.9.14	3
14:19	1CO.10.16	3
14:19	COL.3.17	3
14:19	MRK.6.39	2
14:19	1CO.10.31	2
14:19	LUK.9.16	1
14:19	LUK.22.19	1
14:19	JHN.6.10-JHN.6.11	1
14:19	JHN.6.23	1
14:19	JHN.11.41	1
14:20	EXO.16.12	7
14:20	1KI.17.12-1KI.17.16	5
14:20	MAT.16.8-MAT.16.10	5
14:20	MRK.6.42-MRK.6.44	5
14:20	EXO.16.8	4
14:20	LEV.26.26	3
14:20	2KI.4.1-2KI.4.7	3
14:20	2KI.4.43-2KI.4.44	3
14:20	MRK.8.8-MRK.8.9	3
14:20	LUK.1.53	3
14:20	LUK.9.17	3
14:20	JHN.6.11-JHN.6.14	3
14:20	PRO.13.25	2
14:20	EZK.4.14-EZK.4.16	2
14:20	HAG.1.6	2
14:20	MAT.5.6	2
14:20	MAT.15.33	2
14:20	MRK.8.16-MRK.8.21	2
14:20	JHN.6.7	2
14:20	MAT.15.37-MAT.15.38	1
14:21	PHP.4.19	6
14:21	2CO.9.8-2CO.9.11	4
14:21	ACT.4.4	3
14:21	JHN.6.10	2
14:21	ACT.4.34	2
14:22	MRK.6.45-MRK.6.51	19
14:22	JHN.6.15-JHN.6.21	14
14:22	MAT.15.39	4
14:23	LUK.6.12	11
14:23	MRK.6.46	9
14:23	MAT.26.36	7
14:23	JHN.6.15-JHN.6.17	7
14:23	MAT.6.6	6
14:23	ACT.6.4	6
14:23	LUK.9.28	5
14:24	MRK.6.48	6
14:24	JHN.6.18	5
14:24	MAT.8.24	4
14:24	ISA.54.11	2
14:25	JOB.9.8	10
14:25	JHN.6.19	6
14:25	PSA.104.3	5
14:25	MRK.6.48	5
14:25	PSA.93.3-PSA.93.4	4
14:25	MAT.24.43	4
14:25	LUK.12.38	3
14:25	REV.10.2	1
14:25	REV.10.5	1
14:25	REV.10.8	1
14:26	REV.1.17	6
14:26	MRK.6.49-MRK.6.50	5
14:26	LUK.1.11-LUK.1.12	5
14:26	DAN.10.6-DAN.10.12	4
14:26	1SA.28.12-1SA.28.14	3
14:26	JOB.4.14-JOB.4.16	3
14:26	LUK.24.37	3
14:26	LUK.24.45	3
14:26	ACT.12.15	3
14:26	LUK.24.5	2
14:27	JHN.16.33	21
14:27	ISA.41.10	19
14:27	ACT.23.11	19
14:27	REV.1.17-REV.1.18	19
14:27	ISA.41.4	12
14:27	JHN.14.1-JHN.14.3	10
14:27	ISA.51.12	8
14:27	MAT.9.2	8
14:27	MAT.17.7	8
14:27	LUK.24.38-LUK.24.39	8
14:27	JHN.6.20	8
14:27	LUK.1.30	6
14:27	MAT.28.10	5
14:27	LUK.1.13	5
14:27	ISA.41.14	4
14:27	LUK.2.10	4
14:28	JHN.6.68	6
14:28	ROM.12.3	6
14:28	MAT.26.33-MAT.26.35	5
14:28	JHN.13.36-JHN.13.38	4
14:28	MAT.19.27	3
14:28	MRK.14.31	2
14:28	LUK.22.31-LUK.22.34	2
14:28	LUK.22.49-LUK.22.50	2
14:29	PHP.4.13	19
14:29	MRK.9.23	9
14:29	ACT.3.16	8
14:29	LUK.17.6	7
14:29	MRK.11.22-MRK.11.23	6
14:29	MAT.21.21	5
14:29	ROM.4.19	5
14:29	MAT.17.20	2
14:30	LAM.3.54-LAM.3.57	20
14:30	2TI.4.16-2TI.4.17	11
14:30	MRK.14.38	10
14:30	MAT.8.24-MAT.8.25	9
14:30	PSA.69.1-PSA.69.2	7
14:30	JON.2.2-JON.2.7	7
14:30	LUK.22.54-LUK.22.61	7
14:30	PSA.3.7	6
14:30	PSA.107.27-PSA.107.30	6
14:30	PSA.116.3-PSA.116.4	6
14:30	2KI.6.15	5
14:30	MRK.14.66-MRK.14.72	5
14:30	JHN.18.25-JHN.18.27	5
14:30	2CO.12.7-2CO.12.10	5
14:30	MAT.26.69-MAT.26.75	4
14:31	JAS.1.6-JAS.1.8	19
14:31	PSA.138.7	15
14:31	GEN.22.14	9
14:31	MAT.8.26	8
14:31	MAT.17.20	8
14:31	LUK.22.31-LUK.22.32	8
14:31	MRK.5.41	7
14:31	ISA.63.12	5
14:31	MAT.6.30	5
14:31	MAT.16.8	5
14:31	MRK.1.31	5
14:31	DEU.32.36	4
14:31	MRK.1.41	4
14:31	MRK.11.23	4
14:31	MRK.16.7	4
14:31	LUK.24.34	4
14:31	ACT.4.30	4
14:31	ROM.4.18-ROM.4.20	4
14:31	1TI.2.8	3
14:31	1PE.1.5	2
14:32	PSA.107.29-PSA.107.30	8
14:32	MRK.4.41	6
14:32	MRK.6.51	4
14:32	JHN.6.21	4
14:33	PSA.2.7	11
14:33	JHN.11.27	11
14:33	ROM.1.4	9
14:33	JHN.1.49	7
14:33	MRK.1.1	6
14:33	MAT.16.16	5
14:33	MAT.28.17	5
14:33	JHN.6.69	5
14:33	MAT.26.63	4
14:33	MAT.28.9	4
14:33	MRK.15.39	4
14:33	LUK.4.41	4
14:33	JHN.9.35-JHN.9.38	4
14:33	JHN.17.1	4
14:33	DAN.3.25	3
14:33	MAT.4.3	3
14:33	MAT.15.25	3
14:33	MAT.27.54	3
14:33	LUK.24.52	3
14:33	JHN.19.7	3
14:33	MAT.17.5	2
14:33	MAT.27.43	2
14:33	MRK.14.61	2
14:33	LUK.8.28	2
14:33	ACT.8.36	2
14:34	MRK.6.53-MRK.6.56	5
14:34	LUK.5.1	4
14:34	JHN.6.24-JHN.6.25	2
14:35	MAT.4.24-MAT.4.25	3
14:35	MRK.1.28-MRK.1.34	2
14:35	MRK.2.1-MRK.2.12	2
14:35	MRK.3.8-MRK.3.10	2
14:35	MRK.6.55	2
14:36	LUK.6.19	5
14:36	ACT.19.11-ACT.19.12	4
14:36	EXO.28.33-EXO.28.43	3
14:36	MAT.9.20-MAT.9.21	3
14:36	MRK.3.10	3
14:36	ACT.3.16	3
14:36	NUM.15.38-NUM.15.39	2
14:36	JHN.6.37	2
14:36	JHN.7.23	2
14:36	ACT.4.9-ACT.4.10	2
14:36	ACT.4.14-ACT.4.16	2
14:36	MAT.23.5	1
15:1	MAT.5.20	3
15:1	MAT.23.2	3
15:1	MRK.3.22	3
15:1	LUK.5.21	3
15:1	LUK.5.30	3
15:1	ACT.23.9	3
15:1	MRK.7.1-MRK.7.23	2
15:1	LUK.5.17	2
15:1	MAT.23.15-MAT.23.28	1
15:2	MRK.7.2	7
15:2	LUK.11.38	7
15:2	COL.2.8	4
15:2	COL.2.20-COL.2.23	4
15:2	MRK.7.5	3
15:2	1PE.1.18	2
15:3	COL.2.23	7
15:3	TIT.1.14	6
15:3	MRK.7.6-MRK.7.8	5
15:3	COL.2.8	5
15:3	MAT.7.3-MAT.7.5	4
15:3	MRK.7.13	4
15:4	EXO.20.12	20
15:4	EXO.21.17	18
15:4	LEV.20.9	16
15:4	DEU.5.16	14
15:4	DEU.21.18-DEU.21.21	14
15:4	PRO.23.22	9
15:4	LEV.19.3	7
15:4	MAT.19.19	6
15:4	DEU.27.16	5
15:4	PRO.20.20	5
15:4	EPH.6.1	5
15:4	ROM.3.31	4
15:4	MAT.5.17-MAT.5.19	3
15:4	PRO.30.17	2
15:5	MRK.7.10-MRK.7.13	9
15:5	ACT.5.29	6
15:5	MAT.23.16-MAT.23.18	3
15:5	LEV.27.9-LEV.27.34	2
15:5	AMO.7.15-AMO.7.17	2
15:5	ACT.4.19	2
15:5	PRO.20.25	1
15:6	1TI.5.8	6
15:6	JER.8.8	4
15:6	PSA.119.126	3
15:6	MRK.7.13	3
15:6	PSA.119.139	2
15:6	HOS.4.6	2
15:6	MAL.2.7-MAL.2.9	2
15:6	ROM.3.31	2
15:6	1TI.5.3-1TI.5.4	2
15:6	1TI.5.16	2
15:7	MRK.7.6	6
15:7	MAT.23.23-MAT.23.29	5
15:7	ACT.28.25-ACT.28.27	3
15:7	MAT.7.5	2
15:8	ISA.29.13	87
15:8	EZK.33.31	38
15:8	ACT.8.21	26
15:8	1PE.3.10	25
15:8	JER.12.2	23
15:8	PRO.23.26	21
15:8	HEB.3.12	21
15:8	JHN.1.47	14
15:9	ISA.29.13	36
15:9	MRK.7.7	20
15:9	1TI.1.4	14
15:9	TIT.1.14	14
15:9	COL.2.18-COL.2.22	11
15:9	1TI.4.6-1TI.4.7	10
15:9	HEB.13.9	8
15:9	ISA.58.1-ISA.58.3	6
15:9	JAS.2.20	6
15:9	DEU.12.32	5
15:9	EXO.20.7	4
15:9	1SA.25.21	4
15:9	PSA.73.13	4
15:9	1TI.4.1-1TI.4.3	4
15:9	REV.22.18	4
15:9	LEV.26.16	3
15:9	LEV.26.20	3
15:9	PSA.39.6	3
15:9	PRO.30.5-PRO.30.6	3
15:9	ECC.5.2-ECC.5.7	3
15:9	ISA.1.13-ISA.1.15	3
15:9	MAL.3.14	2
15:9	1CO.15.2	0
15:10	MRK.7.14-MRK.7.15	8
15:10	LUK.20.45-LUK.20.47	6
15:10	COL.1.9	6
15:10	LUK.24.45	5
15:10	1KI.22.28	4
15:10	ISA.6.9	4
15:10	ISA.55.3	4
15:10	MAT.13.19	4
15:10	MAT.24.15	4
15:10	EPH.1.17	3
15:10	JAS.1.5	3
15:11	MRK.7.15	38
15:11	MAT.15.18-MAT.15.20	32
15:11	JAS.3.5-JAS.3.8	21
15:11	MAT.12.34-MAT.12.37	18
15:11	1TI.4.4-1TI.4.5	18
15:11	ACT.10.14-ACT.10.15	14
15:11	ROM.14.17	14
15:11	PSA.12.2	13
15:11	LUK.11.38-LUK.11.41	13
15:11	ISA.59.13-ISA.59.15	12
15:11	ROM.3.13-ROM.3.14	12
15:11	PSA.10.7	11
15:11	PSA.52.2-PSA.52.4	11
15:11	PSA.58.3-PSA.58.4	9
15:11	JER.9.3-JER.9.6	9
15:11	ACT.11.8-ACT.11.9	9
15:11	ROM.14.20	8
15:11	HEB.13.9	8
15:11	ROM.14.14	7
15:11	TIT.1.15	6
15:11	2PE.2.18	6
15:11	ISA.37.23	5
15:11	ISA.59.3-ISA.59.5	4
15:12	1KI.22.13-1KI.22.14	3
15:12	1CO.10.32-1CO.10.33	3
15:12	MAT.17.27	2
15:12	2CO.6.3	2
15:12	GAL.2.5	2
15:12	JAS.3.17	2
15:13	JHN.15.2	40
15:13	ISA.60.21	26
15:13	JHN.15.6	23
15:13	ISA.61.3	21
15:13	PSA.92.13	19
15:13	MAT.13.40-MAT.13.41	18
15:13	1CO.3.12-1CO.3.15	13
15:13	1CO.3.9	10
15:14	LUK.6.39	12
15:14	ISA.56.10	8
15:14	MAT.23.16-MAT.23.24	6
15:14	ISA.9.16	5
15:14	MAL.2.8	5
15:14	ISA.42.19	4
15:14	JER.5.31	4
15:14	EZK.14.9-EZK.14.10	4
15:14	2PE.2.1	4
15:14	REV.22.15	3
15:14	JER.6.15	2
15:14	JER.8.12	2
15:14	HOS.4.17	2
15:14	MIC.3.6-MIC.3.7	2
15:14	1TI.6.5	2
15:14	2PE.2.17	2
15:14	REV.19.20	1
15:15	MAT.13.36	4
15:15	MRK.4.34	2
15:15	MRK.7.17	2
15:15	JHN.16.29	2
15:16	MAT.16.9	6
15:16	MRK.7.18	5
15:16	MRK.9.32	5
15:16	MAT.15.10	4
15:16	LUK.9.45	4
15:16	ISA.28.9-ISA.28.10	3
15:16	MAT.13.51	3
15:16	MAT.16.11	3
15:16	MRK.6.52	3
15:16	MRK.8.17-MRK.8.18	3
15:16	LUK.18.34	3
15:16	LUK.24.45	3
15:16	HEB.5.12	3
15:17	LUK.6.45	5
15:17	1CO.6.13	4
15:17	MAT.7.19-MAT.7.20	3
15:17	2KI.10.27	2
15:17	COL.2.21-COL.2.22	2
15:17	JAS.3.6	2
15:18	PRO.15.28	21
15:18	MAT.12.34	20
15:18	MAT.15.11	14
15:18	JAS.3.6-JAS.3.10	14
15:18	PRO.10.32	8
15:18	PRO.15.2	8
15:18	PRO.6.12	7
15:18	1SA.24.13	4
15:18	PSA.36.3	4
15:18	LUK.19.22	4
15:18	REV.13.5-REV.13.6	2
15:19	MRK.7.21-MRK.7.23	35
15:19	GAL.5.19-GAL.5.21	26
15:19	JER.17.9	25
15:19	TIT.3.2-TIT.3.6	12
15:19	JAS.1.13-JAS.1.15	12
15:19	PRO.4.23	11
15:19	GEN.6.5	10
15:19	JER.4.14	8
15:19	ROM.3.10-ROM.3.19	8
15:19	PSA.119.113	7
15:19	PRO.6.14	7
15:19	ISA.55.7	7
15:19	ISA.59.7	7
15:19	ACT.8.22	7
15:19	GEN.8.21	6
15:19	MAT.9.4	6
15:19	ROM.7.18	6
15:19	EPH.2.1-EPH.2.3	6
15:19	PRO.24.9	5
15:19	PRO.22.15	4
15:19	ROM.8.7-ROM.8.8	4
15:20	MRK.7.3-MRK.7.4	4
15:20	MAT.15.2	2
15:20	MAT.23.25-MAT.23.26	2
15:20	LUK.11.38-LUK.11.40	2
15:20	1CO.3.16-1CO.3.17	2
15:20	1CO.6.9-1CO.6.11	2
15:20	1CO.6.18-1CO.6.20	2
15:20	EPH.5.3-EPH.5.6	2
15:20	REV.21.8	2
15:20	REV.21.27	2
15:21	MRK.7.24-MRK.7.30	21
15:21	MAT.11.21-MAT.11.23	4
15:21	JOS.13.6	2
15:21	JOS.19.28-JOS.19.29	2
15:21	JDG.1.31	2
15:21	GEN.49.13	1
15:21	JOS.11.8	1
15:21	MAT.10.5-MAT.10.6	1
15:22	MAT.9.27	7
15:22	MAT.17.15	6
15:22	MRK.7.25-MRK.7.26	6
15:22	PSA.45.12	4
15:22	PSA.4.1	3
15:22	EZK.3.6	3
15:22	LUK.18.38-LUK.18.39	3
15:22	PSA.6.2	2
15:22	MAT.1.1	2
15:22	MAT.3.8-MAT.3.9	2
15:22	MAT.4.24	2
15:22	MAT.20.30-MAT.20.31	2
15:22	MAT.22.42-MAT.22.45	2
15:22	MRK.9.17-MRK.9.22	2
15:22	LUK.17.13	2
15:22	LUK.18.13	2
15:22	JHN.7.41-JHN.7.42	1
15:23	MAT.14.15	3
15:23	GEN.42.7	2
15:23	PSA.28.1	2
15:23	LAM.3.8	2
15:23	MRK.10.47-MRK.10.48	2
15:23	DEU.8.2	1
15:24	MAT.10.5-MAT.10.6	27
15:24	ROM.15.8	15
15:24	JER.50.6-JER.50.7	14
15:24	ACT.13.46	14
15:24	EZK.34.5-EZK.34.6	12
15:24	ACT.3.25-ACT.3.26	10
15:24	EZK.34.16	5
15:24	ISA.53.6	4
15:24	EZK.34.23	4
15:24	LUK.15.4-LUK.15.6	4
15:24	MAT.9.36	2
15:25	GEN.32.26	3
15:25	HOS.12.4	3
15:25	MAT.14.33	3
15:25	MAT.20.31	3
15:25	MRK.9.22	3
15:25	MAT.8.2	2
15:25	MRK.9.24	2
15:25	LUK.18.1-LUK.18.8	2
15:25	LUK.11.8-LUK.11.10	1
15:26	MRK.7.27-MRK.7.28	16
15:26	MAT.7.6	13
15:26	PHP.3.2	11
15:26	EPH.2.12	9
15:26	GAL.2.15	6
15:26	ACT.22.21-ACT.22.22	4
15:26	ROM.9.4	4
15:26	REV.22.15	4
15:27	LUK.16.21	6
15:27	EPH.3.8	6
15:27	JOB.40.4-JOB.40.5	5
15:27	LUK.15.18-LUK.15.19	5
15:27	ROM.10.12	5
15:27	1TI.1.13-1TI.1.15	5
15:27	MAT.5.45	4
15:27	MAT.8.8	4
15:27	LUK.7.6-LUK.7.7	4
15:27	LUK.18.13	4
15:27	LUK.23.40-LUK.23.42	4
15:27	ROM.3.29	4
15:27	PSA.51.4-PSA.51.5	3
15:27	EZK.16.63	3
15:27	DAN.9.18	3
15:27	ROM.3.4	3
15:27	1CO.15.8-1CO.15.9	3
15:27	GEN.32.10	2
15:27	JOB.42.2-JOB.42.6	2
15:27	ROM.3.19	2
15:27	EPH.3.19	2
15:28	MRK.9.23-MRK.9.24	12
15:28	MAT.8.13	11
15:28	PSA.145.19	9
15:28	MAT.9.22	9
15:28	MRK.5.34	9
15:28	JHN.4.50-JHN.4.53	8
15:28	ROM.4.19-ROM.4.20	8
15:28	MAT.8.10	7
15:28	MRK.7.29-MRK.7.30	6
15:28	LUK.18.42-LUK.18.43	6
15:28	JOB.13.15	5
15:28	JOB.23.10	5
15:28	MAT.9.29-MAT.9.30	5
15:28	LUK.7.50	5
15:28	LUK.17.5	5
15:28	MAT.14.31	4
15:28	LUK.7.9	4
15:28	1SA.2.30	3
15:28	2TH.1.3	3
15:28	LAM.3.32	2
15:29	MAT.4.18	5
15:29	MAT.5.1	4
15:29	JHN.6.1	4
15:29	MAT.15.29-MAT.15.31	3
15:29	JOS.12.3	2
15:29	ISA.9.1	2
15:29	MAT.13.2	2
15:29	MRK.1.16	2
15:29	MRK.7.31-MRK.7.37	2
15:29	LUK.5.1	2
15:29	JHN.6.23	2
15:29	JHN.21.1	2
15:30	LUK.6.17-LUK.6.19	7
15:30	ACT.5.15-ACT.5.16	6
15:30	MAT.14.35-MAT.14.36	5
15:30	ISA.35.5-ISA.35.6	4
15:30	ACT.19.11-ACT.19.12	4
15:30	PSA.103.3	3
15:30	MAT.11.4-MAT.11.5	2
15:30	MRK.1.32-MRK.1.34	2
15:30	LUK.7.21-LUK.7.22	2
15:30	MAT.4.23-MAT.4.24	1
15:30	MRK.6.54-MRK.6.56	1
15:30	ACT.2.22	1
15:31	MAT.9.8	8
15:31	LUK.18.43	6
15:31	GEN.32.28	4
15:31	PSA.50.15	4
15:31	PSA.50.23	4
15:31	MAT.9.33	4
15:31	MAT.18.8	4
15:31	LUK.7.16	4
15:31	LUK.17.15-LUK.17.18	4
15:31	GEN.33.20	3
15:31	EXO.24.10	3
15:31	MAT.21.14	3
15:31	MRK.2.12	3
15:31	MRK.7.37	3
15:31	MRK.9.43	3
15:31	LUK.14.13	3
15:31	LUK.14.21	3
15:31	JHN.9.24	3
15:31	ACT.3.2-ACT.3.11	3
15:31	ACT.14.8-ACT.14.10	3
15:32	MAT.9.36	7
15:32	LUK.12.29-LUK.12.30	5
15:32	ACT.27.33	5
15:32	MAT.14.14-MAT.14.21	4
15:32	MRK.8.1-MRK.8.10	4
15:32	1SA.30.11-1SA.30.12	3
15:32	MAT.6.32-MAT.6.33	3
15:32	MAT.12.40	3
15:32	MAT.20.34	3
15:32	MAT.27.63	3
15:32	MRK.9.22	3
15:32	LUK.7.13	3
15:32	HEB.4.15	3
15:32	1SA.14.28-1SA.14.31	1
15:33	MAT.14.15	3
15:33	MRK.6.37	3
15:33	MRK.8.4-MRK.8.5	3
15:33	LUK.9.13	3
15:33	JHN.6.5-JHN.6.9	3
15:33	NUM.11.21-NUM.11.22	2
15:33	2KI.4.42-2KI.4.44	2
15:34	MAT.16.9-MAT.16.10	4
15:34	LUK.24.41-LUK.24.42	3
15:34	JHN.21.9-JHN.21.10	3
15:35	MRK.6.39-MRK.6.40	3
15:35	LUK.9.14-LUK.9.16	3
15:35	JHN.6.10	3
15:35	MAT.14.19-MAT.14.21	2
15:36	LUK.22.19	6
15:36	ROM.14.6	6
15:36	JHN.6.11	5
15:36	ACT.27.35	5
15:36	1CO.10.31	4
15:36	1TI.4.3-1TI.4.4	4
15:36	1SA.9.13	3
15:36	MAT.14.19	2
15:36	MAT.26.26-MAT.26.27	2
15:36	LUK.22.17	2
15:36	LUK.24.30	2
15:36	JHN.6.23	2
15:37	PSA.107.9	3
15:37	MAT.14.20-MAT.14.21	3
15:37	MRK.8.19-MRK.8.21	3
15:37	MAT.15.33	2
15:37	MAT.16.9-MAT.16.10	2
15:37	MRK.8.8-MRK.8.9	2
15:37	LUK.1.53	2
15:39	MRK.8.10	5
15:39	MAT.14.22	2
16:1	LUK.11.16	8
16:1	MAT.16.6	5
16:1	ACT.4.1	5
16:1	MRK.8.11-MRK.8.21	4
16:1	JHN.8.6	4
16:1	1CO.1.22	4
16:1	LUK.11.29-LUK.11.30	3
16:1	LUK.11.53-LUK.11.54	3
16:1	LUK.12.54-LUK.12.56	3
16:1	LUK.20.23	3
16:1	LUK.20.27	3
16:1	JHN.6.30-JHN.6.31	3
16:1	ACT.5.17	3
16:1	ACT.23.6-ACT.23.8	3
16:1	MAT.3.7-MAT.3.8	2
16:1	MAT.5.20	2
16:1	MAT.9.11	2
16:1	MAT.12.14	2
16:1	MAT.12.38-MAT.12.39	2
16:1	MAT.15.1	2
16:1	MAT.16.11-MAT.16.12	2
16:1	MAT.19.3	2
16:1	MAT.22.15	2
16:1	MAT.22.18	2
16:1	MAT.22.23	2
16:1	MAT.22.34-MAT.22.35	2
16:1	MAT.23.2	2
16:1	MAT.27.62	2
16:1	MRK.10.2	2
16:1	MRK.12.15	2
16:1	MRK.12.18	2
16:1	LUK.10.25	2
16:2	LUK.12.54-LUK.12.56	3
16:3	LUK.12.56	12
16:3	1CH.12.32	9
16:3	MAT.11.5	3
16:3	LUK.13.15	3
16:3	MAT.4.23	2
16:3	MAT.7.5	2
16:3	MAT.15.7	2
16:3	MAT.22.18	2
16:3	MAT.23.13	2
16:3	LUK.11.44	2
16:4	LUK.11.29-LUK.11.30	16
16:4	MAT.12.39-MAT.12.40	15
16:4	JON.1.17	8
16:4	MRK.8.12	6
16:4	MRK.8.38	6
16:4	MAT.15.14	4
16:4	GEN.6.3	3
16:4	MRK.5.17-MRK.5.18	3
16:4	HOS.4.17	2
16:4	HOS.9.12	2
16:4	ACT.18.6	2
16:4	ACT.2.40	1
16:5	MRK.8.13-MRK.8.14	3
16:5	MAT.15.39	1
16:6	LUK.12.1	10
16:6	MAT.16.12	6
16:6	GAL.5.9	6
16:6	LEV.2.11	5
16:6	1CO.5.6-1CO.5.8	5
16:6	MRK.8.15	4
16:6	2TI.2.16-2TI.2.17	3
16:6	EXO.12.15-EXO.12.19	2
16:6	LUK.12.15	2
16:7	MRK.8.16-MRK.8.18	3
16:7	MAT.15.16-MAT.15.18	2
16:7	MRK.9.10	2
16:7	LUK.9.46	2
16:7	ACT.10.14	2
16:8	MAT.6.30	9
16:8	MAT.8.26	7
16:8	MAT.14.31	7
16:8	MRK.16.14	6
16:8	JHN.2.24-JHN.2.25	4
16:8	HEB.4.13	4
16:8	JHN.16.30	3
16:8	REV.2.23	3
16:9	MAT.14.17-MAT.14.21	9
16:9	LUK.9.13-LUK.9.17	6
16:9	JHN.6.9-JHN.6.13	6
16:9	MAT.15.16-MAT.15.17	4
16:9	MRK.6.38-MRK.6.44	4
16:9	MRK.7.18	3
16:9	LUK.24.25-LUK.24.27	3
16:9	REV.3.19	3
16:10	MAT.15.34-MAT.15.38	4
16:10	MRK.8.5-MRK.8.9	3
16:10	MRK.8.17-MRK.8.21	3
16:11	MAT.16.6	4
16:11	MRK.4.40	4
16:11	MRK.8.21	4
16:11	LUK.12.56	3
16:11	JHN.8.43	3
16:12	MAT.5.20	6
16:12	ACT.23.8	3
16:12	MAT.15.4-MAT.15.9	2
16:12	MAT.23.13-MAT.23.28	2
16:13	LUK.9.18-LUK.9.20	20
16:13	MRK.8.27-MRK.8.29	18
16:13	DAN.7.13	9
16:13	MAT.9.6	8
16:13	JHN.5.27	8
16:13	HEB.2.14-HEB.2.18	6
16:13	MAT.8.20	5
16:13	MAT.12.8	5
16:13	MAT.13.37	5
16:13	MAT.12.32	4
16:13	MAT.13.41	4
16:13	MAT.25.31	4
16:13	MRK.8.38	4
16:13	MRK.10.45	4
16:13	JHN.12.34	4
16:13	ACT.7.56	4
16:13	ACT.10.38	4
16:13	MAT.12.40	3
16:13	MAT.15.21	3
16:13	JHN.1.51	3
16:13	JHN.3.14	3
16:14	MRK.6.15	8
16:14	MAT.14.2	7
16:14	MAL.4.5	6
16:14	LUK.9.18-LUK.9.19	4
16:14	JHN.9.17	4
16:14	JHN.7.12	3
16:14	MAT.17.10	2
16:14	MRK.8.28	2
16:14	LUK.9.8	2
16:14	JHN.7.40-JHN.7.41	2
16:14	JHN.1.21	1
16:15	LUK.9.20	13
16:15	MRK.8.29	11
16:15	MAT.13.11	10
16:16	JHN.11.27	64
16:16	MAT.14.33	63
16:16	1JN.4.15	47
16:16	MAT.27.54	43
16:16	1TI.4.10	37
16:16	ACT.9.20	30
16:16	1TH.1.9	29
16:16	MAT.26.63	28
16:16	1JN.5.5	27
16:16	ROM.1.4	26
16:16	HEB.10.31	25
16:16	MRK.14.61	24
16:16	HEB.1.2-HEB.1.5	24
16:16	PSA.2.7	23
16:16	DAN.6.26	20
16:16	JHN.20.31	19
16:16	DEU.5.26	18
16:16	JHN.1.49	17
16:16	MAT.4.3	15
16:16	1TI.3.15	15
16:16	HEB.12.22	15
16:16	JHN.6.69	14
16:16	ACT.8.36	14
16:16	2CO.3.3	14
16:16	1JN.5.20	14
16:16	PSA.42.2	13
16:16	ACT.14.15	13
16:16	2CO.6.16	13
16:17	JHN.6.45	19
16:17	EPH.1.17-EPH.1.18	18
16:17	MAT.11.25-MAT.11.27	15
16:17	GAL.1.16	14
16:17	1JN.5.20	13
16:17	1CO.15.50	12
16:17	MAT.13.16-MAT.13.17	10
16:17	LUK.10.21-LUK.10.24	9
16:17	GAL.1.11-GAL.1.12	9
16:17	1CO.2.9-1CO.2.12	8
16:17	ISA.54.13	7
16:17	JHN.17.6-JHN.17.8	7
16:17	EPH.3.5	7
16:17	COL.1.26-COL.1.27	7
16:17	JHN.1.42	6
16:17	JHN.21.15-JHN.21.17	6
16:17	EPH.2.8	6
16:17	1PE.5.1	6
16:17	1JN.4.15	6
16:17	MAT.5.3-MAT.5.11	5
16:17	EPH.6.12	5
16:17	HEB.2.14	5
16:17	1PE.1.3-1PE.1.5	5
16:17	LUK.22.32	3
16:17	EPH.3.18-EPH.3.19	3
16:18	EPH.2.19-EPH.2.22	81
16:18	1CO.3.9-1CO.3.11	71
16:18	ISA.28.16	58
16:18	COL.1.18	42
16:18	PSA.125.1-PSA.125.2	36
16:18	JHN.1.42	34
16:18	HEB.12.28	26
16:18	ACT.2.47	25
16:18	JHN.10.27-JHN.10.30	24
16:18	HEB.3.3-HEB.3.4	23
16:18	ZEC.6.12-ZEC.6.13	22
16:18	1TI.3.15	22
16:18	ISA.54.17	19
16:18	EPH.5.32	19
16:18	PRO.24.7	16
16:18	JOB.38.17	15
16:18	EPH.3.10	15
16:18	ROM.8.33-ROM.8.39	14
16:18	REV.21.14	14
16:18	PSA.9.13	13
16:18	ACT.8.1	13
16:18	EPH.5.25-EPH.5.27	12
16:18	PSA.69.12	11
16:18	ISA.28.6	11
16:18	MAT.18.17	11
16:18	GAL.2.9	11
16:18	1TI.3.5	11
16:18	REV.11.15	11
16:18	REV.21.1-REV.21.4	11
16:18	GEN.22.17	10
16:18	ISA.38.10	10
16:18	MAT.10.2	10
16:18	MAT.11.23	10
16:18	2SA.18.4	9
16:18	PSA.107.18	9
16:18	1CO.15.55	9
16:18	PSA.127.5	7
16:19	MAT.18.18	52
16:19	ISA.22.22	44
16:19	REV.1.18	32
16:19	JHN.20.23	28
16:19	REV.3.7	27
16:19	2CO.2.10	16
16:19	REV.11.6	13
16:19	1CO.5.4-1CO.5.5	12
16:19	1TH.4.8	11
16:19	REV.9.1	10
16:19	ACT.10.34-ACT.10.43	9
16:19	ACT.2.14-ACT.2.42	8
16:19	REV.20.1-REV.20.3	4
16:19	ACT.15.7	2
16:20	MRK.8.30	6
16:20	LUK.9.21	5
16:20	MAT.17.9	4
16:20	JHN.1.41	4
16:20	MAT.8.4	3
16:20	LUK.9.36	3
16:20	MRK.9.9	2
16:20	JHN.1.45	2
16:20	JHN.20.31	2
16:20	ACT.2.36	2
16:20	1JN.2.22	2
16:20	1JN.5.1	2
16:21	MAT.17.22-MAT.17.23	13
16:21	LUK.24.6-LUK.24.7	13
16:21	MAT.20.17-MAT.20.19	12
16:21	MAT.17.12	10
16:21	1CO.15.3-1CO.15.4	10
16:21	MAT.27.63	8
16:21	MAT.20.28	7
16:21	LUK.17.25	7
16:21	LUK.9.22-LUK.9.27	6
16:21	ACT.2.23-ACT.2.32	6
16:21	MRK.8.31-MRK.9.1	5
16:21	MRK.9.31-MRK.9.32	5
16:21	LUK.9.31	5
16:21	LUK.24.26-LUK.24.27	5
16:21	LUK.24.46	5
16:21	JHN.2.19-JHN.2.21	5
16:21	MAT.26.2	4
16:21	MAT.26.47	4
16:21	MAT.27.12	4
16:21	MRK.10.32-MRK.10.34	4
16:21	LUK.9.44-LUK.9.45	4
16:21	LUK.18.31-LUK.18.34	4
16:21	1CH.24.1-1CH.24.19	3
16:21	NEH.12.7	3
16:21	MAT.16.28	3
16:22	MRK.8.32	4
16:22	MAT.16.16-MAT.16.17	2
16:22	MAT.26.51-MAT.26.53	2
16:22	JHN.13.6-JHN.13.8	2
16:22	ACT.21.11-ACT.21.13	2
16:22	1KI.22.13	0
16:23	ROM.8.5-ROM.8.8	28
16:23	COL.3.2	24
16:23	PHP.3.19	22
16:23	MRK.8.33	17
16:23	1CO.2.14-1CO.2.15	15
16:23	MAT.4.10	13
16:23	JHN.6.70	9
16:23	GEN.3.17	6
16:23	LUK.4.8	6
16:23	2CO.11.14-2CO.11.15	6
16:23	1CH.21.1	5
16:23	ZEC.3.1-ZEC.3.2	5
16:23	2SA.19.22	4
16:23	ROM.14.13	4
16:23	GEN.3.1-GEN.3.6	3
16:23	ISA.8.14	3
16:23	MAT.18.7	1
16:23	ROM.14.21	1
16:24	MAT.10.38	129
16:24	LUK.14.27	116
16:24	1PE.4.1-1PE.4.2	87
16:24	LUK.9.23-LUK.9.27	78
16:24	MRK.10.21	62
16:24	MRK.8.34	54
16:24	2TI.3.12	52
16:24	HEB.11.24-HEB.11.26	43
16:24	ACT.14.22	36
16:24	COL.1.24	34
16:24	JHN.19.17	23
16:24	1TH.3.3	22
16:24	MAT.27.32	13
16:24	MRK.15.21	12
16:24	LUK.23.26	8
16:25	MAT.10.39	36
16:25	REV.12.11	33
16:25	MRK.8.35	32
16:25	JHN.12.25	29
16:25	LUK.17.33	28
16:25	ACT.20.23-ACT.20.24	23
16:25	EST.4.16	11
16:25	EST.4.14	4
16:26	JOB.27.8	38
16:26	MRK.8.36-MRK.8.37	37
16:26	LUK.9.25	33
16:26	LUK.12.20	32
16:26	PSA.49.7-PSA.49.8	28
16:26	LUK.16.25	21
16:26	JOB.2.4	19
16:26	MAT.5.29	19
16:26	MAT.4.8-MAT.4.9	17
16:27	PSA.62.12	39
16:27	2CO.5.10	38
16:27	ROM.2.6	34
16:27	ROM.14.12	33
16:27	JER.17.10	25
16:27	REV.22.12-REV.22.15	24
16:27	ISA.3.10-ISA.3.11	23
16:27	MAT.10.41-MAT.10.42	15
16:27	EPH.6.8	15
16:27	PRO.24.12	14
16:27	JOB.34.11	13
16:27	JER.32.19	13
16:27	JUD.1.14	13
16:27	REV.20.12	13
16:27	MRK.8.38	12
16:27	REV.2.23	12
16:27	EZK.7.27	11
16:27	MAT.25.31	11
16:27	LUK.21.27	10
16:27	2TH.1.7-2TH.1.10	10
16:27	REV.1.7	10
16:27	ZEC.14.5	9
16:27	MAT.24.30	9
16:27	MRK.14.62	9
16:27	DAN.7.10	8
16:27	MAT.26.64	8
16:27	ACT.1.11	8
16:27	MAT.13.49	7
16:27	LUK.9.26	7
16:27	LUK.22.69	7
16:27	1PE.1.17	7
16:27	1TH.1.10	6
16:27	MAT.13.41	5
16:27	1TH.4.16	5
16:28	LUK.9.27	39
16:28	MRK.9.1	36
16:28	JHN.8.52	18
16:28	MAT.26.64	13
16:28	MAT.10.23	12
16:28	LUK.21.27-LUK.21.28	9
16:28	MRK.13.26	7
16:28	LUK.2.26	7
16:28	HEB.2.9	5
16:28	MAT.24.3	3
16:28	MAT.24.42	3
16:28	1TH.1.10	2
16:28	LUK.18.8	1
16:28	MAT.24.27-MAT.24.31	0
17:1	LUK.9.28-LUK.9.36	14
17:1	MAT.26.37	9
17:1	MRK.5.37	7
17:1	MRK.9.2-MRK.9.13	5
17:1	2CO.13.1	5
17:1	2PE.1.18	5
17:1	LUK.8.51	3
17:2	PSA.104.2	12
17:2	MAT.28.3	11
17:2	LUK.9.29	8
17:2	JHN.1.14	8
17:2	JHN.17.24	7
17:2	REV.10.1	7
17:2	REV.20.11	6
17:2	MRK.9.3	5
17:2	REV.19.12-REV.19.13	5
17:2	EXO.34.29-EXO.34.35	4
17:2	ACT.26.13-ACT.26.15	4
17:2	PHP.2.6-PHP.2.7	4
17:2	REV.1.13-REV.1.17	4
17:2	ROM.12.2	3
17:3	MAL.4.5	4
17:3	LUK.24.44	4
17:3	1KI.18.36-1KI.18.40	3
17:3	MRK.9.4	3
17:3	DEU.18.18	2
17:3	DEU.34.5-DEU.34.6	2
17:3	DEU.34.10	2
17:3	1KI.17.1	2
17:3	2KI.2.11-2KI.2.14	2
17:3	MAT.17.10-MAT.17.13	2
17:3	LUK.1.17	2
17:3	LUK.9.30-LUK.9.31	2
17:3	LUK.9.33	2
17:3	LUK.16.16	2
17:3	LUK.24.27	2
17:3	2CO.3.7-2CO.3.11	2
17:3	MAT.11.13-MAT.11.14	1
17:3	JHN.1.17	1
17:3	JHN.5.45-JHN.5.47	1
17:3	HEB.3.1-HEB.3.6	1
17:4	MRK.9.5-MRK.9.6	9
17:4	LUK.9.33	7
17:4	REV.22.3-REV.22.5	4
17:4	1JN.3.2	3
17:4	PSA.63.1-PSA.63.5	2
17:4	JHN.14.8-JHN.14.9	2
17:4	EXO.33.18-EXO.33.19	1
17:4	PSA.4.6	1
17:4	PSA.16.11	1
17:4	ISA.33.17	1
17:4	JHN.17.24	1
17:4	ZEC.9.17	0
17:4	PHP.1.23	0
17:4	REV.21.23	0
17:5	MAT.3.17	18
17:5	MAT.12.18	15
17:5	DEU.18.15	12
17:5	MRK.9.7	12
17:5	HEB.2.1-HEB.2.3	10
17:5	REV.1.7	9
17:5	MRK.1.11	8
17:5	JHN.3.35	8
17:5	LUK.3.22	7
17:5	LUK.9.34-LUK.9.35	7
17:5	ISA.42.1	5
17:5	HEB.5.9	5
17:5	DEU.18.19	4
17:5	HEB.1.1-HEB.1.2	4
17:5	DEU.4.11-DEU.4.12	3
17:5	JHN.5.37	3
17:5	JHN.12.28-JHN.12.30	3
17:5	ACT.3.22-ACT.3.23	3
17:5	ACT.7.37	3
17:5	EXO.19.19	2
17:5	EXO.40.34-EXO.40.35	2
17:5	DEU.5.22	2
17:5	1KI.8.10-1KI.8.12	2
17:5	PSA.18.10-PSA.18.11	2
17:5	ISA.42.21	2
17:5	JHN.3.16	2
17:5	JHN.5.20-JHN.5.23	2
17:5	JHN.15.9-JHN.15.10	2
17:5	ACT.9.3-ACT.9.6	2
17:5	EPH.1.6	2
17:5	COL.1.13	2
17:5	2PE.1.16-2PE.1.17	2
17:5	JOB.38.1	1
17:5	PSA.81.7	1
17:5	ACT.1.9	1
17:5	HEB.12.25-HEB.12.26	1
17:6	ACT.26.14	4
17:6	JDG.13.20	3
17:6	2PE.1.18	3
17:6	LEV.9.24	2
17:6	JDG.13.22	2
17:6	1CH.21.16	2
17:6	EZK.3.23	2
17:6	EZK.43.3	2
17:6	DAN.8.17	2
17:6	DAN.10.7-DAN.10.9	2
17:6	DAN.10.16-DAN.10.17	2
17:6	ACT.22.7	2
17:7	DAN.10.18	5
17:7	DAN.8.18	4
17:7	MAT.14.27	4
17:7	DAN.10.10	3
17:7	REV.1.17	3
17:7	DAN.9.21	2
17:7	LUK.24.5	2
17:7	ACT.9.6	2
17:8	MRK.9.8	5
17:8	LUK.9.36	5
17:8	ACT.12.10-ACT.12.11	4
17:9	MRK.8.30	5
17:9	LUK.24.46-LUK.24.47	4
17:9	MAT.8.4	3
17:9	MAT.8.20	3
17:9	MAT.16.20-MAT.16.21	3
17:9	MAT.17.12	3
17:9	MAT.17.23	3
17:9	MRK.9.9-MRK.9.13	3
17:9	LUK.8.56	3
17:9	LUK.9.21-LUK.9.22	3
17:9	LUK.18.33-LUK.18.34	2
17:10	MAL.4.5-MAL.4.6	9
17:10	MAT.11.14	4
17:10	MRK.9.11	3
17:10	JHN.1.21	3
17:10	MAT.17.3-MAT.17.4	2
17:10	MAT.27.47-MAT.27.49	2
17:10	JHN.1.25	2
17:11	ACT.3.21	7
17:11	LUK.1.16-LUK.1.17	6
17:11	MAL.4.6	4
17:11	LUK.3.3-LUK.3.14	3
17:12	ISA.53.3-ISA.53.12	8
17:12	ACT.13.24-ACT.13.28	5
17:12	MAT.16.21	4
17:12	MRK.6.14-MRK.6.28	4
17:12	MRK.9.12-MRK.9.13	3
17:12	JHN.5.32-JHN.5.36	3
17:12	ACT.3.14-ACT.3.15	3
17:12	ACT.4.10	3
17:12	MAT.11.2	2
17:12	MAT.11.9-MAT.11.15	2
17:12	MAT.14.3-MAT.14.10	2
17:12	MAT.21.23-MAT.21.25	2
17:12	MAT.21.32	2
17:12	MRK.11.30-MRK.11.32	2
17:12	LUK.3.19-LUK.3.20	2
17:12	LUK.7.33	2
17:12	LUK.9.21-LUK.9.25	2
17:12	JHN.1.11	2
17:12	ACT.2.23	2
17:12	ACT.7.52	2
17:13	MAT.11.14	4
17:14	MRK.9.14-MRK.9.29	10
17:14	MRK.1.40	7
17:14	MRK.10.17	4
17:14	ACT.10.25-ACT.10.26	4
17:14	LUK.9.37-LUK.9.43	3
17:14	MAT.17.14-MAT.17.19	2
17:15	MAT.4.24	5
17:15	JOB.1.10-JOB.1.19	2
17:15	JOB.2.7	2
17:15	MAT.8.31-MAT.8.32	2
17:15	MAT.15.22	2
17:15	MRK.5.4-MRK.5.5	2
17:15	MRK.5.22-MRK.5.23	2
17:15	MRK.9.17-MRK.9.18	2
17:15	MRK.9.20-MRK.9.22	2
17:15	LUK.9.38-LUK.9.42	2
17:15	JHN.4.46-JHN.4.47	2
17:16	MAT.17.19-MAT.17.20	4
17:16	LUK.9.40	2
17:16	ACT.19.15-ACT.19.16	2
17:16	2KI.4.29-2KI.4.31	1
17:16	ACT.3.16	1
17:17	NUM.14.11	12
17:17	MAT.6.30	10
17:17	HEB.3.16-HEB.3.19	9
17:17	MRK.9.19	8
17:17	MRK.16.14	8
17:17	PRO.1.22	7
17:17	MAT.8.26	7
17:17	PRO.6.9	6
17:17	JER.4.14	6
17:17	ACT.13.18	6
17:17	EXO.10.3	5
17:17	NUM.14.27	5
17:17	PSA.95.10	5
17:17	MAT.13.58	5
17:17	EXO.16.28	4
17:17	MAT.16.8	4
17:17	LUK.9.41	4
17:17	LUK.24.25	4
17:17	JHN.20.27	4
17:18	MAT.9.22	4
17:18	MRK.1.34	3
17:18	MAT.12.22	2
17:18	MAT.15.28	2
17:18	MRK.5.8	2
17:18	MRK.9.25-MRK.9.27	2
17:18	LUK.4.35-LUK.4.36	2
17:18	LUK.8.29	2
17:18	LUK.9.42	2
17:18	JHN.4.52-JHN.4.53	2
17:18	ACT.16.18	2
17:18	ACT.19.13-ACT.19.15	2
17:18	LUK.4.41	1
17:19	MRK.9.28	5
17:19	MRK.4.10	2
17:20	LUK.17.6	70
17:20	MRK.11.23	54
17:20	LUK.1.37	44
17:20	LUK.18.27	43
17:20	MAT.21.21	34
17:20	MRK.9.23	32
17:20	1CO.13.2	31
17:20	MAT.13.31	29
17:20	JHN.11.40	23
17:20	MRK.4.31	21
17:20	MAT.14.30-MAT.14.31	18
17:20	HEB.3.19	17
17:20	MAT.17.17	12
17:20	1CO.12.9	12
17:20	MAT.17.9	0
17:22	MAT.16.21	20
17:22	LUK.18.31-LUK.18.34	11
17:22	MAT.17.23	10
17:22	MRK.8.31	10
17:22	MRK.9.30-MRK.9.32	9
17:22	LUK.9.22	9
17:22	LUK.9.44-LUK.9.45	9
17:22	LUK.24.6-LUK.24.7	9
17:22	LUK.24.46	9
17:22	MAT.20.17-MAT.20.18	8
17:22	MRK.10.33-MRK.10.34	7
17:22	LUK.24.26	7
17:22	ACT.7.52	6
17:22	MAT.16.28	5
17:22	MAT.24.10	5
17:22	MAT.26.46	5
17:22	MAT.26.16	4
17:22	1CO.11.23	4
17:23	ISA.53.10-ISA.53.12	5
17:23	MAT.16.21	5
17:23	ZEC.13.7	4
17:23	MRK.8.31	4
17:23	PSA.22.15	3
17:23	PSA.22.22-PSA.22.31	3
17:23	ISA.53.7	3
17:23	JHN.2.19	3
17:23	JHN.16.6	3
17:23	JHN.16.20-JHN.16.22	3
17:23	ACT.2.23-ACT.2.31	3
17:23	1CO.15.3-1CO.15.4	3
17:23	DAN.9.26	2
17:23	PSA.16.10	1
17:24	EXO.30.13	9
17:24	EXO.38.26	9
17:25	MAT.22.21	7
17:25	MAT.22.17	5
17:25	MAT.22.19	5
17:25	ROM.13.6-ROM.13.7	5
17:25	1SA.17.25	4
17:25	MAT.3.15	2
17:27	2CO.6.3	11
17:27	1CO.8.9	9
17:27	1CO.9.19-1CO.9.22	9
17:27	2CO.8.9	8
17:27	1CO.8.13	7
17:27	ROM.15.1-ROM.15.3	6
17:27	JON.1.17	5
17:27	MAT.15.12-MAT.15.14	5
17:27	1KI.17.4	4
17:27	PSA.8.8	4
17:27	ROM.14.21	4
17:27	GEN.1.28	3
17:27	JON.2.10	3
17:27	1CO.10.32-1CO.10.33	3
17:27	HEB.2.7-HEB.2.8	3
17:27	JAS.2.5	3
17:27	TIT.2.7-TIT.2.8	1
17:27	JHN.6.61	0
17:27	1TH.5.22	0
18:1	MRK.9.33-MRK.9.37	21
18:1	LUK.9.46-LUK.9.48	18
18:1	MAT.20.20-MAT.20.28	14
18:1	LUK.22.24-LUK.22.27	11
18:1	PHP.2.3	11
18:1	MAT.23.11	8
18:1	MRK.10.35-MRK.10.45	8
18:1	MRK.10.14-MRK.10.15	7
18:1	ROM.12.10	6
18:1	MAT.7.21	4
18:1	MAT.3.2	0
18:2	MAT.19.13-MAT.19.14	5
18:2	1KI.3.7	3
18:2	MRK.9.36-MRK.9.37	3
18:2	JER.1.7	2
18:3	MRK.10.14-MRK.10.15	51
18:3	1PE.2.2	48
18:3	MAT.19.14	29
18:3	LUK.18.16-LUK.18.17	28
18:3	1CO.14.20	28
18:3	PSA.131.2	22
18:3	JHN.3.5	20
18:3	JHN.3.3	17
18:3	PSA.51.10-PSA.51.13	16
18:3	LUK.13.24	16
18:3	ACT.3.19	14
18:3	MAT.5.20	12
18:3	LUK.22.32	12
18:3	JHN.1.51	12
18:3	ACT.28.27	12
18:3	MRK.4.12	10
18:3	JAS.5.19-JAS.5.20	10
18:3	MAT.13.15	8
18:3	2PE.1.11	8
18:3	MAT.6.5	7
18:3	MAT.19.23	7
18:3	ACT.14.22	7
18:3	MAT.6.16	6
18:3	MAT.6.2	3
18:3	ISA.6.10	2
18:3	MAT.5.18	1
18:4	JAS.4.10	19
18:4	MRK.10.43	17
18:4	LUK.14.11	16
18:4	LUK.9.48	13
18:4	MAT.20.26-MAT.20.27	12
18:4	MAT.23.11-MAT.23.12	12
18:4	1PE.5.5	11
18:4	ISA.57.15	10
18:4	MAT.18.1	10
18:4	PSA.131.1-PSA.131.2	9
18:5	MAT.25.40	7
18:5	MRK.9.37	5
18:5	JHN.13.20	5
18:5	GAL.4.14	4
18:5	MAT.10.40-MAT.10.42	3
18:5	MAT.25.45	3
18:5	MRK.9.41	3
18:5	LUK.9.48	3
18:5	LUK.17.1-LUK.17.2	3
18:6	MRK.9.42	23
18:6	LUK.17.1-LUK.17.2	20
18:6	MAT.18.10	19
18:6	2TH.1.6-2TH.1.9	16
18:6	MAT.18.14	15
18:6	ROM.15.1-ROM.15.3	13
18:6	PSA.105.15	12
18:6	ROM.14.13-ROM.14.15	11
18:6	1CO.8.9-1CO.8.13	11
18:6	1CO.10.32-1CO.10.33	10
18:6	ZEC.2.8	9
18:6	ROM.14.21	9
18:6	ZEC.13.7	8
18:6	ACT.9.5	7
18:7	LUK.17.1	20
18:7	1CO.11.19	14
18:7	MAT.26.24	13
18:7	1TI.4.1-1TI.4.3	10
18:7	JUD.1.4	9
18:7	2TI.3.1-2TI.3.5	8
18:7	JUD.1.11-JUD.1.13	8
18:7	2TH.2.3-2TH.2.12	7
18:7	2TI.4.3-2TI.4.4	7
18:7	TIT.2.8	7
18:7	2PE.2.15-2PE.2.17	7
18:7	REV.2.14-REV.2.15	7
18:7	TIT.2.5	5
18:7	1SA.2.17	4
18:7	1SA.2.22-1SA.2.25	4
18:7	ROM.2.23-ROM.2.24	4
18:7	1TI.5.14-1TI.5.15	4
18:7	2PE.2.2-2PE.2.3	4
18:7	REV.2.20-REV.2.23	4
18:7	REV.19.20-REV.19.21	4
18:7	GEN.13.7	3
18:7	2SA.12.14	3
18:7	MAT.13.41-MAT.13.42	3
18:7	MAT.23.13-MAT.23.28	3
18:7	MRK.13.7	3
18:7	JHN.17.12	3
18:7	ACT.1.16	3
18:7	ACT.1.18-ACT.1.20	3
18:7	1TI.6.1	3
18:8	MAT.5.29-MAT.5.30	11
18:8	PHP.3.8-PHP.3.9	9
18:8	LUK.18.22-LUK.18.23	6
18:8	ROM.13.12	6
18:8	EZK.18.31	5
18:8	MAT.25.46	4
18:8	LUK.14.26-LUK.14.27	4
18:8	REV.14.10	4
18:8	REV.20.15	4
18:8	DEU.13.6-DEU.13.8	3
18:8	ISA.33.14	3
18:8	MAT.25.41	3
18:8	MRK.9.43-MRK.9.49	3
18:8	LUK.14.33	3
18:8	LUK.16.24	3
18:8	REV.21.8	3
18:8	ISA.2.20-ISA.2.21	2
18:8	ISA.30.22	2
18:8	MAT.14.3-MAT.14.4	2
18:8	MAT.15.30-MAT.15.31	2
18:8	2TH.1.8-2TH.1.9	2
18:9	MAT.18.8	4
18:9	ACT.14.22	4
18:9	MAT.5.22	3
18:9	MAT.5.29	3
18:9	REV.21.27	3
18:9	MAT.16.26	2
18:9	MAT.19.17	2
18:9	MAT.19.23-MAT.19.24	2
18:9	MRK.9.47	2
18:9	LUK.9.24-LUK.9.25	2
18:9	HEB.4.11	2
18:10	PSA.91.11	26
18:10	PSA.34.7	18
18:10	HEB.1.14	18
18:10	LUK.16.22	12
18:10	2KI.6.16-2KI.6.17	9
18:10	ACT.12.7-ACT.12.11	9
18:10	MAT.18.6	8
18:10	MAT.18.14	8
18:10	MAT.1.20	7
18:10	GEN.32.1-GEN.32.2	6
18:10	MAT.24.31	6
18:10	MAT.2.13	5
18:10	LUK.1.19	5
18:10	ACT.12.15	5
18:10	1CO.16.11	5
18:10	MAT.2.19	4
18:10	ROM.14.21	4
18:10	1CO.8.8-1CO.8.13	4
18:10	1CO.11.22	4
18:10	1TH.4.8	4
18:10	PSA.17.15	3
18:10	ACT.10.3	3
18:10	ACT.27.23	3
18:10	ROM.14.1-ROM.14.3	3
18:10	ROM.14.13-ROM.14.15	3
18:10	ACT.12.23	2
18:10	ROM.14.10	2
18:10	1KI.22.19	1
18:10	PSA.15.4	1
18:10	ZEC.4.10	1
18:10	LUK.10.16	1
18:10	ACT.5.19	1
18:10	ROM.15.1	1
18:10	2CO.10.10	1
18:10	1TI.4.12	1
18:10	1CO.9.22	0
18:12	EZK.34.12	26
18:12	LUK.15.4-LUK.15.7	23
18:12	EZK.34.16	21
18:12	ISA.53.6	15
18:12	EZK.34.28	15
18:12	EZK.34.6	14
18:12	1PE.2.25	14
18:12	PSA.119.176	11
18:12	JER.50.6	11
18:12	MAT.12.11	11
18:12	JHN.10.11-JHN.10.21	11
18:12	MAT.21.28	7
18:12	1CO.10.15	6
18:12	MAT.22.42	5
18:12	1KI.21.17	0
18:13	LUK.15.5-LUK.15.10	6
18:13	ZEP.3.17	5
18:13	PSA.147.11	4
18:13	MIC.7.18	3
18:13	LUK.15.23-LUK.15.24	3
18:13	JHN.4.34-JHN.4.36	3
18:13	JAS.2.13	3
18:13	ISA.53.11	2
18:13	ISA.62.5	2
18:13	JER.32.37-JER.32.41	2
18:14	JHN.17.12	7
18:14	JHN.6.39-JHN.6.40	6
18:14	2PE.3.9	6
18:14	ISA.40.11	5
18:14	JHN.10.27-JHN.10.30	5
18:14	ZEC.13.7	4
18:14	MAT.5.16	3
18:14	MAT.6.9	3
18:14	LUK.12.32	3
18:14	JHN.21.15	3
18:14	MAT.6.32	2
18:14	ROM.8.28-ROM.8.39	2
18:14	1CO.8.11-1CO.8.13	2
18:14	EPH.1.5-EPH.1.7	2
18:14	2TI.2.10	2
18:14	HEB.12.13	2
18:14	1PE.1.3-1PE.1.5	2
18:15	LEV.19.17	47
18:15	GAL.6.1	34
18:15	LUK.17.3-LUK.17.4	32
18:15	2TH.3.15	30
18:15	COL.3.13	29
18:15	JAS.5.19-JAS.5.20	20
18:15	PRO.25.9-PRO.25.10	14
18:15	ROM.12.21	13
18:15	PSA.141.5	12
18:15	MAT.18.35	12
18:15	1CO.8.12	9
18:15	1CO.6.6-1CO.6.8	8
18:15	LEV.6.2-LEV.6.7	6
18:15	1PE.3.1	4
18:15	PRO.11.30	3
18:15	1CO.9.19-1CO.9.21	1
18:15	2CO.7.12	1
18:15	1TH.4.6	1
18:16	DEU.19.15	23
18:16	2CO.13.1	14
18:16	JHN.8.17	12
18:16	1TI.5.19	11
18:16	HEB.10.28	9
18:16	NUM.35.30	7
18:16	DEU.17.6	7
18:16	1KI.21.13	5
18:16	1JN.5.7-1JN.5.8	3
18:16	REV.11.3	3
18:17	2TH.3.6	13
18:17	1CO.5.9-1CO.6.7	10
18:17	2TH.3.14-2TH.3.15	9
18:17	1CO.5.3-1CO.5.5	7
18:17	EPH.5.11-EPH.5.12	6
18:17	2JN.1.10-2JN.1.11	6
18:17	ROM.16.17-ROM.16.18	5
18:17	EPH.4.17-EPH.4.19	5
18:17	3JN.1.9-3JN.1.10	5
18:17	EZK.11.12	4
18:17	2CO.2.6-2CO.2.7	3
18:17	2CO.6.14-2CO.6.17	3
18:17	EZR.6.21	2
18:17	ACT.15.6-ACT.15.7	2
18:17	MAT.11.19	0
18:17	MAT.21.31-MAT.21.32	0
18:17	LUK.15.1	0
18:17	ACT.6.1-ACT.6.3	0
18:17	1TI.6.5	0
18:18	MAT.16.19	69
18:18	2CO.2.10	38
18:18	JHN.20.23	29
18:18	1CO.5.4-1CO.5.5	15
18:18	REV.3.7-REV.3.8	14
18:18	ACT.15.23-ACT.15.31	1
18:19	MAT.7.7	61
18:19	1JN.5.14-1JN.5.16	41
18:19	MRK.11.24	38
18:19	JHN.14.13-JHN.14.14	33
18:19	JHN.16.23	29
18:19	PHP.1.19	29
18:19	MAT.21.22	28
18:19	JAS.5.14-JAS.5.16	28
18:19	JHN.15.7	25
18:19	1JN.3.22	22
18:19	JHN.15.16	20
18:19	ACT.12.5	19
18:19	ACT.4.24-ACT.4.31	13
18:19	EPH.6.18-EPH.6.20	13
18:19	ACT.1.14	8
18:19	ACT.2.1-ACT.2.2	7
18:19	ACT.6.4	7
18:19	MAT.5.24	6
18:19	REV.11.4-REV.11.6	3
18:20	1CO.5.4	96
18:20	REV.21.3	61
18:20	MAT.28.20	38
18:20	ZEC.2.5	31
18:20	JHN.20.26	28
18:20	JHN.20.19	18
18:20	REV.2.1	14
18:20	EXO.20.24	13
18:20	GEN.49.10	8
18:20	REV.1.11-REV.1.13	7
18:20	JHN.8.58	5
18:20	PHM.1.2	4
18:20	1TH.1.1	2
18:21	LUK.17.3-LUK.17.4	28
18:21	MAT.18.15	15
18:22	COL.3.13	24
18:22	MRK.11.25	16
18:22	EPH.4.31-EPH.5.1	13
18:22	MAT.6.14-MAT.6.15	12
18:22	GEN.4.24	11
18:22	ROM.12.21	8
18:22	EPH.4.26	8
18:22	ISA.55.7	7
18:22	MIC.7.19	7
18:22	MAT.6.11-MAT.6.12	7
18:22	1TI.2.8	7
18:23	MAT.13.24	7
18:23	ROM.14.12	7
18:23	MAT.3.2	5
18:23	MAT.13.44-MAT.13.45	4
18:23	MAT.13.47	3
18:23	LUK.16.1-LUK.16.2	3
18:23	LUK.19.12-LUK.19.27	3
18:23	MAT.13.31	2
18:23	MAT.13.33	2
18:23	MAT.13.52	2
18:23	MAT.25.14	2
18:23	1CO.4.5	2
18:23	2CO.5.10-2CO.5.11	2
18:23	MAT.25.1	1
18:23	MAT.25.19-MAT.25.30	1
18:24	PSA.38.4	5
18:24	PSA.130.3-PSA.130.4	5
18:24	EZR.9.6	2
18:24	PSA.40.12	2
18:24	LUK.13.4	2
18:24	LUK.16.5	2
18:24	1CH.29.7	1
18:24	LUK.7.41-LUK.7.42	1
18:24	LUK.16.7	1
18:25	NEH.5.5	9
18:25	2KI.4.1	8
18:25	LEV.25.39	6
18:25	LUK.7.42	6
18:25	NEH.5.8	3
18:25	EXO.21.2	2
18:25	ISA.50.1	2
18:26	MAT.18.29	5
18:26	LUK.7.43	5
18:26	MAT.8.2	4
18:26	ROM.10.3	2
18:27	PSA.145.8	5
18:27	PSA.86.15	4
18:27	NEH.9.17	3
18:27	HOS.11.8	3
18:27	JDG.10.16	2
18:27	PSA.78.38	2
18:27	PSA.86.5	2
18:28	EZK.45.9	5
18:28	MAT.20.2	5
18:28	DEU.15.2	4
18:28	ISA.58.3	3
18:28	NEH.5.7	2
18:28	NEH.5.10-NEH.5.11	2
18:28	NEH.10.31	2
18:29	MAT.6.12	6
18:29	MAT.18.26	6
18:29	PHM.1.18-PHM.1.19	2
18:30	1KI.21.27-1KI.21.29	2
18:30	1KI.22.27	2
18:31	ROM.12.15	6
18:31	MRK.3.5	3
18:31	HEB.13.3	3
18:31	GEN.37.2	2
18:31	PSA.119.136	2
18:31	JER.9.1	2
18:31	LUK.14.21	2
18:31	LUK.19.41	2
18:31	HEB.13.17	2
18:31	PSA.119.158	1
18:31	ROM.9.1-ROM.9.3	1
18:32	LUK.19.22	6
18:32	ROM.3.19	6
18:32	MAT.25.26	5
18:33	COL.3.13	8
18:33	MAT.6.12	6
18:33	EPH.4.32-EPH.5.2	6
18:33	LUK.6.35-LUK.6.36	4
18:33	MAT.5.44-MAT.5.45	3
18:34	MAT.5.25-MAT.5.26	8
18:34	JAS.2.13	8
18:34	LUK.12.58-LUK.12.59	4
18:34	2TH.1.8-2TH.1.9	3
18:34	MAT.18.30	2
18:34	REV.14.10-REV.14.11	2
18:35	MAT.6.14-MAT.6.15	21
18:35	JAS.2.13	19
18:35	LUK.6.37-LUK.6.38	16
18:35	MRK.11.25	13
18:35	MAT.6.12	11
18:35	PRO.21.2	10
18:35	PRO.21.13	9
18:35	MAT.7.1-MAT.7.2	7
18:35	LUK.16.15	6
18:35	ZEC.7.12	5
18:35	JAS.3.14	5
18:35	JAS.4.8	5
18:35	REV.2.23	5
18:35	JER.3.10	3
19:1	MAT.19.1-MAT.19.9	4
19:1	JHN.10.40	4
19:1	MAT.7.28	2
19:1	MRK.10.1-MRK.10.12	2
19:2	MAT.12.15	3
19:2	MAT.4.23-MAT.4.25	2
19:2	MAT.9.35-MAT.9.36	2
19:2	MAT.14.35-MAT.14.36	2
19:2	MAT.15.30-MAT.15.31	2
19:2	MRK.6.55-MRK.6.56	2
19:3	MRK.10.2	6
19:3	HEB.3.9	3
19:3	MAT.5.31-MAT.5.32	2
19:3	MAT.16.1	2
19:3	MAT.22.16-MAT.22.18	2
19:3	MAT.22.35	2
19:3	MRK.12.13	2
19:3	MRK.12.15	2
19:3	LUK.11.53-LUK.11.54	2
19:3	JHN.8.6	2
19:3	MAL.2.14-MAL.2.16	1
19:4	GEN.2.23	46
19:4	GEN.1.27	34
19:4	GEN.5.2	16
19:4	LUK.10.26	15
19:4	MAL.2.15	12
19:4	GEN.2.18	7
19:4	MAT.22.31	5
19:4	MAT.21.42	3
19:4	MRK.12.10	3
19:4	MRK.12.26	3
19:4	MAT.12.3	2
19:4	LUK.6.3	2
19:4	MRK.2.25	1
19:5	GEN.2.21-GEN.2.24	49
19:5	1CO.7.4	24
19:5	1CO.7.2	20
19:5	EPH.5.31	12
19:5	MRK.10.5-MRK.10.9	10
19:5	1CO.6.16	8
19:5	1SA.18.1	5
19:5	PSA.63.8	5
19:5	ROM.12.9	5
19:5	DEU.4.4	4
19:5	2SA.1.26	4
19:5	1KI.11.2	4
19:5	PSA.45.10	4
19:5	GEN.34.3	3
19:5	DEU.10.20	3
19:5	DEU.11.22	3
19:6	MRK.10.9	16
19:6	HEB.13.4	16
19:6	ROM.7.2	14
19:6	1CO.7.10-1CO.7.14	14
19:6	EPH.5.28	11
19:6	MAL.2.14	8
19:6	PRO.2.17	6
19:7	DEU.24.1-DEU.24.4	16
19:7	MAT.5.31	11
19:7	MRK.10.4	5
19:7	MAL.2.16	4
19:7	ISA.50.1	3
19:7	JER.3.8	3
19:7	MAT.1.19	3
19:8	MAL.2.13-MAL.2.14	6
19:8	GEN.2.24	4
19:8	JER.6.16	2
19:8	ZEC.7.12	2
19:8	MRK.10.5	2
19:8	GEN.7.7	1
19:8	MAT.3.15	1
19:8	1CO.7.6	0
19:9	MAT.5.32	20
19:9	LUK.16.18	17
19:9	1CO.7.39	15
19:9	1CO.7.10-1CO.7.13	13
19:9	MRK.10.11-MRK.10.12	11
19:9	ROM.7.2-ROM.7.3	10
19:9	GEN.12.18-GEN.12.19	6
19:9	GEN.20.3	6
19:9	JER.3.8	6
19:9	JER.3.1	5
19:9	1CO.5.1	5
19:9	1CO.7.4	4
19:9	EZK.16.15	3
19:9	EZK.16.29	3
19:9	2CH.21.11	2
19:9	EZK.16.8	2
19:10	1CO.7.32-1CO.7.35	4
19:10	PRO.5.15-PRO.5.19	2
19:10	PRO.18.22	2
19:10	PRO.19.13-PRO.19.14	2
19:10	PRO.21.9	2
19:10	PRO.21.19	2
19:10	1CO.7.1-1CO.7.2	2
19:10	1CO.7.8	2
19:10	1CO.7.39-1CO.7.40	2
19:10	1TI.4.3	2
19:10	1TI.5.11-1TI.5.15	2
19:10	GEN.2.18	1
19:10	1CO.7.26-1CO.7.28	1
19:11	1CO.7.17	7
19:11	MAT.13.11	4
19:11	1CO.7.2	4
19:11	1CO.7.7-1CO.7.9	4
19:11	1CO.7.35	4
19:12	1CO.7.32-1CO.7.38	10
19:12	1CO.9.5	7
19:12	ISA.56.3-ISA.56.4	6
19:12	ISA.39.7	4
19:12	1CO.9.15	3
19:13	MRK.10.13-MRK.10.16	14
19:13	LUK.18.15-LUK.18.17	12
19:13	MAT.18.2-MAT.18.5	8
19:13	ACT.2.39	3
19:13	1CO.7.14	2
19:13	GEN.48.1	1
19:13	GEN.48.9-GEN.48.20	1
19:13	1SA.1.24	1
19:13	PSA.115.14-PSA.115.15	1
19:13	JER.32.39	1
19:13	MAT.16.22	1
19:13	MAT.20.31	1
19:13	LUK.9.49-LUK.9.50	1
19:13	LUK.9.54-LUK.9.55	1
19:14	MAT.18.3	24
19:14	LUK.18.16-LUK.18.17	18
19:14	1CO.14.20	16
19:14	MAT.11.25	10
19:14	MRK.10.14	10
19:14	1PE.2.1-1PE.2.2	7
19:14	GEN.17.24-GEN.17.26	4
19:14	JDG.13.7	4
19:14	1SA.1.11	4
19:14	1SA.1.24	2
19:14	1SA.2.18	2
19:14	GEN.17.7-GEN.17.8	1
19:14	GEN.21.4	1
19:14	1SA.1.22	1
19:15	MRK.10.16	3
19:15	ISA.40.11	2
19:15	1CO.7.14	2
19:15	2TI.3.15	2
19:16	MRK.10.17-MRK.10.30	17
19:16	JHN.3.15	9
19:16	LUK.18.18-LUK.18.30	8
19:16	JUD.1.21	8
19:16	MAT.25.46	7
19:16	1JN.1.2	6
19:16	1JN.5.20	6
19:16	ACT.16.30	5
19:16	TIT.3.7	5
19:16	MAT.19.29	4
19:16	LUK.10.25-LUK.10.28	4
19:16	1TI.6.12	4
19:16	1TI.6.19	4
19:16	TIT.1.2	4
19:16	1JN.2.25	4
19:16	1JN.5.11-1JN.5.13	4
19:16	DAN.12.2	3
19:16	JHN.4.14	3
19:16	JHN.5.39	3
19:16	JHN.6.27-JHN.6.29	3
19:16	JHN.6.47	3
19:16	JHN.6.68	3
19:16	JHN.10.28	3
19:16	JHN.12.25	3
19:16	JHN.17.2-JHN.17.3	3
19:16	ROM.5.21	3
19:16	ROM.6.22-ROM.6.23	3
19:16	MAT.19.17-MAT.19.18	2
19:16	MAT.19.26	2
19:16	ROM.2.7	2
19:16	1TI.1.16	2
19:17	LEV.18.5	9
19:17	LUK.10.26-LUK.10.28	5
19:17	GAL.3.11-GAL.3.13	5
19:17	1SA.2.2	4
19:17	ROM.10.5	4
19:17	1JN.4.16	3
19:17	NEH.9.29	2
19:17	EZK.20.11-EZK.20.12	2
19:17	EZK.20.21	2
19:17	PSA.145.7-PSA.145.9	1
19:17	JAS.1.17	1
19:17	1JN.4.8-1JN.4.10	1
19:17	PSA.52.1	0
19:18	DEU.5.16-DEU.5.21	6
19:18	EXO.20.12-EXO.20.17	4
19:18	MRK.10.19	4
19:18	LUK.18.20	4
19:18	JAS.2.10-JAS.2.11	4
19:18	MAT.5.21-MAT.5.28	3
19:18	ROM.13.8-ROM.13.10	3
19:18	GAL.3.10	3
19:19	LEV.19.18	4
19:19	EXO.20.12	3
19:19	DEU.5.16	3
19:19	MAT.22.39	3
19:19	MAT.15.4-MAT.15.6	2
19:19	LUK.10.27	2
19:19	EPH.6.1-EPH.6.2	2
19:19	JAS.2.8	2
19:19	LEV.19.3	1
19:19	PRO.30.17	1
19:19	GAL.5.14	1
19:19	MAT.5.43	0
19:19	ROM.13.9	0
19:20	GAL.3.24	5
19:20	MRK.10.20-MRK.10.21	4
19:20	PHP.3.6	3
19:20	LUK.15.7	2
19:20	LUK.15.29	2
19:20	LUK.18.11-LUK.18.12	2
19:20	LUK.18.21-LUK.18.22	2
19:20	JHN.8.7	2
19:20	ROM.3.19-ROM.3.23	2
19:20	ROM.7.9	2
19:21	MRK.10.21	20
19:21	LUK.18.22	16
19:21	LUK.12.33	15
19:21	LUK.14.33	13
19:21	ACT.2.45	13
19:21	MAT.5.48	11
19:21	LUK.9.23	9
19:21	JHN.10.27	9
19:21	JHN.12.26	9
19:21	1TI.6.17-1TI.6.19	9
19:21	MAT.19.28	8
19:21	MAT.6.19-MAT.6.20	7
19:21	MAT.16.24	7
19:21	LUK.16.9	7
19:21	MRK.8.34	6
19:21	LUK.6.40	6
19:21	MAT.9.9	5
19:21	LUK.5.27	5
19:21	MAT.8.22	4
19:21	MRK.2.14	4
19:21	ACT.4.32-ACT.4.35	4
19:21	PHP.3.12-PHP.3.15	4
19:21	HEB.10.34	4
19:21	PSA.37.37	3
19:21	MAT.4.19	3
19:21	MAT.5.19-MAT.5.20	3
19:21	GEN.6.9	0
19:21	GEN.17.1	0
19:21	JOB.1.1	0
19:22	EZK.33.31	9
19:22	MAT.6.24	9
19:22	MAT.13.22	6
19:22	MAT.16.26	4
19:22	MRK.10.22	4
19:22	EPH.5.5	4
19:22	COL.3.5	4
19:22	MAT.14.9	3
19:22	MRK.6.26	3
19:22	LUK.18.23	3
19:22	JDG.18.23-JDG.18.24	2
19:22	PSA.17.14	2
19:22	DAN.6.14-DAN.6.17	2
19:22	JHN.19.12-JHN.19.16	2
19:23	1TI.6.9-1TI.6.10	13
19:23	MAT.13.22	7
19:23	MRK.10.23	5
19:23	LUK.18.24	5
19:23	JAS.5.1-JAS.5.4	5
19:23	PRO.11.28	4
19:23	PRO.30.8-PRO.30.9	4
19:23	MAT.18.3	4
19:23	JHN.3.3	4
19:23	1CO.1.26	4
19:23	MAT.5.20	3
19:23	LUK.12.15-LUK.12.21	3
19:23	LUK.16.19-LUK.16.28	3
19:23	JHN.3.5	3
19:23	ACT.14.22	3
19:23	JAS.1.9-JAS.1.11	3
19:23	JAS.2.6	3
19:23	DEU.6.10-DEU.6.12	2
19:23	DEU.8.10-DEU.8.18	2
19:23	JOB.31.24-JOB.31.25	2
19:23	PSA.49.6-PSA.49.7	2
19:23	PSA.49.16-PSA.49.19	2
19:23	MAT.21.31	1
19:23	LUK.16.13-LUK.16.14	1
19:24	JHN.5.44	10
19:24	LUK.18.25	8
19:24	MRK.10.24-MRK.10.25	7
19:24	JER.13.23	6
19:24	MAT.19.26	6
19:24	MAT.23.24	4
19:25	ROM.10.13	5
19:25	MAT.24.22	4
19:25	MRK.13.20	3
19:25	LUK.13.23-LUK.13.24	3
19:25	ROM.11.5-ROM.11.7	2
19:26	JER.32.27	131
19:26	LUK.1.37	107
19:26	JOB.42.2	98
19:26	MRK.10.27	88
19:26	LUK.18.27	88
19:26	JER.32.17	76
19:26	GEN.18.14	69
19:26	PSA.62.11	50
19:26	NUM.11.23	47
19:26	ZEC.8.6	39
19:26	PSA.3.8	35
19:27	PHP.3.8	16
19:27	LUK.18.28	12
19:27	LUK.5.11	10
19:27	MRK.1.17-MRK.1.20	8
19:27	LUK.15.29	6
19:27	DEU.33.9	5
19:27	MAT.4.20-MAT.4.22	5
19:27	MAT.9.9	5
19:27	MRK.2.14	5
19:27	MRK.10.28	5
19:27	LUK.5.27-LUK.5.28	5
19:27	MAT.20.10-MAT.20.12	4
19:27	LUK.14.33	4
19:27	1CO.1.29	4
19:27	1CO.4.7	3
19:28	LUK.22.28-LUK.22.30	15
19:28	1CO.6.2-1CO.6.3	10
19:28	MAT.25.31	9
19:28	REV.20.4	7
19:28	ISA.65.17	5
19:28	MAT.16.27	4
19:28	2TI.2.12	4
19:28	REV.2.26-REV.2.27	4
19:28	REV.3.21	4
19:28	REV.4.4	4
19:28	REV.20.11-REV.20.15	4
19:28	REV.21.5	4
19:28	ISA.66.22	3
19:28	MAT.20.21	3
19:28	2PE.3.13	3
19:28	REV.7.4	3
19:28	EXO.24.4	2
19:28	ACT.3.21	2
19:28	2TH.1.7-2TH.1.10	2
19:28	EXO.15.27	1
19:28	EXO.28.21	1
19:28	LEV.24.5	1
19:28	JOS.3.12	1
19:28	1KI.18.31	1
19:28	EZR.6.17	1
19:28	REV.21.12-REV.21.14	1
19:28	REV.22.2	1
19:28	REV.12.1	0
19:29	LUK.18.29-LUK.18.30	127
19:29	MRK.10.29-MRK.10.30	84
19:29	PHP.3.8	71
19:29	LUK.14.26	60
19:29	MAT.16.25	56
19:29	MAT.10.37-MAT.10.38	50
19:29	MAT.6.33	44
19:29	1PE.4.14	39
19:29	MAT.10.22	35
19:29	JHN.15.19	29
19:29	LUK.6.22	25
19:29	MAT.5.11	23
19:29	MAT.8.21-MAT.8.22	22
19:29	ACT.9.16	22
19:29	MAT.25.34	21
19:29	1CO.2.9	21
19:29	MAT.19.16	19
19:29	MAT.13.23	16
19:29	MAT.13.8	13
19:29	MAT.25.46	13
19:29	2CO.5.16	13
19:29	3JN.1.7	12
19:30	MAT.20.16	14
19:30	LUK.13.30	14
19:30	MRK.10.31	12
19:30	MAT.21.31-MAT.21.32	8
19:30	LUK.18.13-LUK.18.14	7
19:30	ROM.5.20-ROM.5.21	6
19:30	ROM.9.30-ROM.9.33	6
19:30	MAT.8.11-MAT.8.12	5
19:30	LUK.7.29-LUK.7.30	5
19:30	HEB.4.1	4
19:30	GAL.5.7	2
20:1	MAT.13.24	8
20:1	MAT.13.47	8
20:1	JHN.15.1	7
20:1	1CO.15.58	7
20:1	HEB.13.21	7
20:1	SNG.8.11-SNG.8.12	6
20:1	MAT.22.2	6
20:1	MAT.25.1	6
20:1	ISA.5.1-ISA.5.2	5
20:1	MAT.9.37-MAT.9.38	5
20:1	MAT.13.33	5
20:1	MAT.13.44-MAT.13.45	5
20:1	MAT.21.33-MAT.21.43	5
20:1	MAT.13.31	4
20:1	MAT.3.2	2
20:1	MAT.25.14	2
20:1	2PE.1.5-2PE.1.10	2
20:1	MRK.13.34	1
20:1	JER.25.3-JER.25.4	0
20:1	MAT.21.28	0
20:1	MAT.23.37	0
20:2	EXO.19.5-EXO.19.6	3
20:2	MAT.22.19	3
20:2	LUK.10.35	3
20:2	2TI.3.15	3
20:2	DEU.5.27-DEU.5.30	2
20:2	1SA.2.18	2
20:2	1SA.2.26	2
20:2	1SA.16.11-1SA.16.12	2
20:2	1KI.3.6-1KI.3.11	2
20:2	1KI.18.12	2
20:2	2CH.34.3	2
20:2	ECC.12.1	2
20:2	MAT.18.28	2
20:2	MAT.20.13	2
20:2	LUK.1.15	2
20:2	REV.6.6	2
20:2	1SA.3.1	1
20:2	1SA.3.21	1
20:3	1TI.5.13	5
20:3	PRO.19.15	3
20:3	EZK.16.49	2
20:3	MAT.11.16-MAT.11.17	2
20:3	MAT.20.6-MAT.20.7	2
20:3	MRK.15.25	2
20:3	ACT.2.15	2
20:3	ACT.17.17-ACT.17.21	2
20:3	HEB.6.12	1
20:4	1PE.4.2-1PE.4.3	3
20:4	MAT.9.9	2
20:4	MAT.21.23-MAT.21.31	2
20:4	LUK.19.7-LUK.19.10	2
20:4	ROM.6.16-ROM.6.22	2
20:4	1CO.6.11	2
20:4	COL.4.1	2
20:4	1TI.1.12-1TI.1.13	2
20:4	TIT.3.8	2
20:4	1PE.1.13	2
20:5	JOS.24.2-JOS.24.3	3
20:5	MRK.15.33-MRK.15.34	3
20:5	LUK.23.44-LUK.23.46	3
20:5	ACT.3.1	3
20:5	HEB.11.24-HEB.11.26	3
20:5	GEN.12.1-GEN.12.4	2
20:5	2CH.33.12-2CH.33.19	2
20:5	MAT.27.45	2
20:5	JHN.1.39	2
20:5	JHN.4.6	2
20:5	JHN.11.9	2
20:5	ACT.10.3	2
20:5	ACT.10.9	2
20:6	JHN.9.4	5
20:6	ACT.17.21	3
20:6	HEB.6.12	3
20:6	PRO.19.15	2
20:6	LUK.23.40-LUK.23.43	2
20:6	ECC.9.10	1
20:6	EZK.16.49	1
20:7	EPH.2.11-EPH.2.12	4
20:7	HEB.6.10	4
20:7	ACT.17.30-ACT.17.31	3
20:7	ECC.9.10	2
20:7	MAT.22.9-MAT.22.10	2
20:7	LUK.14.21-LUK.14.23	2
20:7	JHN.9.4	2
20:7	ACT.4.16	2
20:7	ROM.10.14-ROM.10.17	2
20:7	ROM.16.25	2
20:7	EPH.3.5-EPH.3.6	2
20:7	EPH.6.8	2
20:7	COL.1.26	2
20:8	DEU.24.15	6
20:8	1PE.4.10	4
20:8	ROM.2.6-ROM.2.10	3
20:8	GEN.15.2	2
20:8	GEN.39.4-GEN.39.6	2
20:8	GEN.43.19	2
20:8	LEV.19.13	2
20:8	MAT.13.39-MAT.13.40	2
20:8	MAT.25.19	2
20:8	MAT.25.31	2
20:8	LUK.8.3	2
20:8	LUK.10.7	2
20:8	LUK.12.42	2
20:8	LUK.16.1-LUK.16.2	2
20:8	1CO.4.1-1CO.4.2	2
20:8	2CO.5.10	2
20:8	TIT.1.7	2
20:8	HEB.9.28	2
20:8	REV.20.11-REV.20.12	2
20:9	ROM.4.3-ROM.4.6	4
20:9	EPH.2.8-EPH.2.10	4
20:9	MAT.20.2	3
20:9	MAT.20.6-MAT.20.7	3
20:9	LUK.23.40-LUK.23.43	3
20:9	EPH.1.6-EPH.1.8	3
20:9	ROM.5.20-ROM.5.21	2
20:9	1TI.1.14-1TI.1.16	2
20:11	LUK.19.7	5
20:11	1TH.2.16	4
20:11	JUD.1.16	3
20:11	LUK.5.30	2
20:11	LUK.15.2	2
20:11	LUK.15.28-LUK.15.30	2
20:11	ACT.11.2-ACT.11.3	2
20:11	ACT.13.45	2
20:11	ACT.22.21-ACT.22.22	2
20:12	ROM.11.5-ROM.11.6	7
20:12	2CO.11.23-2CO.11.28	4
20:12	LUK.12.55	3
20:12	LUK.14.10-LUK.14.11	3
20:12	LUK.18.11-LUK.18.12	3
20:12	1CO.4.11	3
20:12	ISA.58.2-ISA.58.3	2
20:12	JON.4.8	2
20:12	ZEC.7.3-ZEC.7.5	2
20:12	MAL.1.13	2
20:12	MAL.3.14	2
20:12	LUK.15.29-LUK.15.30	2
20:12	ROM.3.22-ROM.3.24	2
20:12	ROM.3.27	2
20:12	ROM.3.30	2
20:12	ROM.9.30-ROM.9.32	2
20:12	ROM.10.1-ROM.10.3	2
20:12	EPH.3.6	2
20:12	JAS.1.11	2
20:13	MAT.22.12	8
20:13	MAT.26.50	8
20:13	ROM.9.14-ROM.9.15	6
20:13	GEN.18.25	2
20:13	JOB.34.8-JOB.34.12	2
20:13	JOB.34.17-JOB.34.18	2
20:13	JOB.35.2	2
20:13	JOB.40.8	2
20:13	ROM.9.20	1
20:14	JHN.17.2	6
20:14	LUK.15.31	5
20:14	2KI.10.30-2KI.10.31	3
20:14	EZK.29.18-EZK.29.20	3
20:14	MAT.6.2	3
20:14	MAT.6.6	3
20:14	MAT.6.16	3
20:14	ROM.3.4	3
20:14	ROM.3.19	3
20:14	2KI.10.16	2
20:14	LUK.16.25	1
20:15	ROM.9.15-ROM.9.24	14
20:15	DEU.15.9	10
20:15	EXO.33.19	6
20:15	MAT.6.23	6
20:15	MRK.7.22	6
20:15	JON.4.1-JON.4.4	5
20:15	JHN.17.2	5
20:15	DEU.7.6-DEU.7.8	4
20:15	1CH.28.4-1CH.28.5	3
20:15	PRO.23.6	3
20:15	PRO.28.22	3
20:15	MAT.11.25	3
20:15	ACT.13.45	3
20:15	ROM.11.5-ROM.11.6	3
20:15	1CO.4.7	3
20:15	EPH.1.11	3
20:15	EPH.2.1	3
20:15	DEU.28.54	2
20:15	JER.27.5-JER.27.7	2
20:15	JAS.1.18	2
20:15	JAS.5.9	2
20:15	EPH.2.5	1
20:16	MAT.19.30	28
20:16	MRK.10.31	23
20:16	MAT.22.14	21
20:16	LUK.13.28-LUK.13.30	12
20:16	LUK.15.7	11
20:16	MAT.7.13	9
20:16	ROM.8.30	9
20:16	ROM.9.30	9
20:16	JAS.1.23-JAS.1.25	8
20:16	LUK.14.24	7
20:16	1TH.2.13	7
20:16	MAT.21.31	6
20:16	LUK.7.47	6
20:16	LUK.17.17-LUK.17.18	6
20:16	JHN.12.19-JHN.12.22	6
20:16	ROM.5.20	6
20:16	MAT.8.11-MAT.8.12	5
20:16	2TH.2.13-2TH.2.14	5
20:17	MRK.10.32-MRK.10.34	6
20:17	LUK.18.31-LUK.18.34	3
20:17	GEN.18.17	1
20:17	MAT.13.11	1
20:17	MAT.16.13	1
20:17	JHN.12.12	1
20:17	JHN.15.15	1
20:17	ACT.10.41	1
20:18	MAT.16.21	7
20:18	ACT.2.23	6
20:18	MAT.27.1	5
20:18	MAT.17.22-MAT.17.23	4
20:18	MAT.26.2	4
20:18	MAT.26.66	3
20:18	ACT.4.27-ACT.4.28	3
20:18	PSA.2.1-PSA.2.3	2
20:18	PSA.22.1-PSA.22.31	2
20:18	PSA.69.1-PSA.69.36	2
20:18	ISA.53.1-ISA.53.12	2
20:18	DAN.9.24-DAN.9.27	2
20:18	MRK.14.64-MRK.14.65	2
20:18	LUK.22.71	2
20:19	MAT.16.21	9
20:19	MRK.15.16-MRK.15.20	5
20:19	1CO.15.3-1CO.15.7	4
20:19	PSA.22.7-PSA.22.8	3
20:19	PSA.35.16	3
20:19	ISA.26.19	3
20:19	ISA.53.3	3
20:19	HOS.6.2	3
20:19	MAT.27.27-MAT.27.31	3
20:19	ACT.2.23	3
20:19	MAT.12.40	2
20:19	MAT.26.67-MAT.26.68	2
20:19	MRK.14.65	2
20:19	MRK.15.1	2
20:19	MRK.15.29-MRK.15.31	2
20:19	LUK.23.1-LUK.23.5	2
20:19	LUK.23.11	2
20:19	LUK.24.46	2
20:19	JHN.18.28-JHN.18.38	2
20:19	JHN.19.1-JHN.19.4	2
20:19	ACT.3.13-ACT.3.16	2
20:19	ACT.4.27	2
20:19	ACT.21.11	2
20:19	MAT.27.2-MAT.27.10	1
20:20	MAT.4.21	6
20:20	MRK.10.35-MRK.10.45	6
20:20	MAT.8.2	5
20:20	MAT.27.56	3
20:20	MAT.2.11	1
20:20	MRK.15.40	1
20:20	MAT.14.33	0
20:20	MAT.15.25	0
20:20	MAT.28.17	0
20:21	MAT.19.28	12
20:21	MRK.10.36-MRK.10.37	9
20:21	EST.5.3	7
20:21	PSA.110.1	7
20:21	1KI.3.5	6
20:21	MAT.18.1	6
20:21	MAT.20.32	5
20:21	MRK.6.22	5
20:21	ACT.1.6	5
20:21	LUK.22.24	4
20:21	JHN.15.7	4
20:21	ROM.12.10	4
20:21	COL.3.1	4
20:21	PHM.1.2-PHM.1.3	4
20:21	PSA.45.9	3
20:21	JER.45.5	3
20:21	MRK.10.51	3
20:21	LUK.17.20-LUK.17.21	3
20:21	LUK.18.41	3
20:21	LUK.19.11	3
20:21	1KI.2.19	2
20:21	ROM.8.34	2
20:21	MRK.16.19	1
20:22	MAT.26.42	10
20:22	LUK.22.42	10
20:22	MAT.26.39	7
20:22	MRK.14.36	7
20:22	JHN.18.11	7
20:22	ISA.51.22	6
20:22	MRK.10.38-MRK.10.39	6
20:22	ROM.8.26	6
20:22	JER.49.12	5
20:22	LUK.12.50	5
20:22	JAS.4.3	5
20:22	PSA.75.3	4
20:22	PRO.16.18	4
20:22	JER.25.15-JER.25.38	4
20:22	MAT.26.56	4
20:22	ISA.51.17	3
20:22	MAT.26.35	3
20:23	MAT.25.34	9
20:23	MRK.10.40	9
20:23	REV.1.9	9
20:23	ACT.12.2	8
20:23	2TI.2.11-2TI.2.12	7
20:23	ROM.8.17	5
20:23	1CO.2.9	5
20:23	2CO.1.7	4
20:23	COL.1.24	4
20:23	HEB.11.16	4
20:24	JAS.4.5-JAS.4.6	3
20:24	1PE.5.5	3
20:24	PRO.13.10	2
20:24	MRK.10.41	2
20:24	LUK.22.23-LUK.22.25	2
20:24	1CO.13.4	2
20:24	PHP.2.3	2
20:24	JAS.3.14-JAS.4.1	2
20:25	LUK.22.25-LUK.22.27	17
20:25	MAT.20.25-MAT.20.28	13
20:25	JHN.13.12-JHN.13.17	8
20:25	MAT.18.3-MAT.18.4	7
20:25	MRK.10.42	7
20:25	MAT.11.29	3
20:25	DAN.2.12-DAN.2.13	1
20:25	DAN.5.19	1
20:25	DAN.3.2-DAN.3.7	0
20:25	DAN.3.15	0
20:25	DAN.3.19-DAN.3.22	0
20:26	MRK.10.43	25
20:26	MRK.9.35	23
20:26	MRK.10.45	21
20:26	1PE.5.3	21
20:26	LUK.18.14	16
20:26	LUK.14.7-LUK.14.11	10
20:26	1PE.4.11	10
20:26	MAT.23.8-MAT.23.12	5
20:26	MAT.25.44	5
20:26	3JN.1.9-3JN.1.10	4
20:26	JHN.18.36	3
20:26	2CO.10.4-2CO.10.10	3
20:26	2TI.1.18	3
20:26	PHM.1.13	3
20:26	HEB.1.14	3
20:26	EZK.24.13	2
20:26	ACT.13.5	2
20:26	2CO.1.24	2
20:26	MAT.27.55	1
20:26	REV.17.6	1
20:26	REV.13.11-REV.13.17	0
20:27	LUK.22.26	7
20:27	MRK.9.33-MRK.9.35	6
20:27	MAT.18.4	4
20:27	2CO.4.5	4
20:27	ACT.20.34-ACT.20.35	3
20:27	ROM.1.14	3
20:27	1CO.9.19-1CO.9.23	2
20:27	2CO.11.5	1
20:27	2CO.11.23-2CO.11.27	1
20:27	2CO.12.15	1
20:28	LUK.22.27	30
20:28	HEB.9.28	26
20:28	TIT.2.14	25
20:28	1PE.3.18	21
20:28	PHP.2.4-PHP.2.8	18
20:28	1TI.2.6	17
20:28	2CO.8.9	14
20:28	1PE.2.24	14
20:28	REV.1.5	14
20:28	EPH.1.7	13
20:28	1PE.1.18-1PE.1.19	13
20:28	REV.5.8-REV.5.9	13
20:28	MAT.26.28	12
20:28	MRK.14.24	12
20:28	JHN.13.4-JHN.13.17	12
20:28	HEB.5.8	12
20:28	ROM.4.25	11
20:28	ROM.5.15-ROM.5.19	11
20:28	GAL.3.13	11
20:28	EPH.5.2	11
20:28	1JN.2.2	10
20:28	ISA.53.5	9
20:28	ISA.53.10-ISA.53.11	9
20:28	JHN.10.15	9
20:28	JHN.11.50-JHN.11.52	9
20:28	HEB.2.10	9
20:28	PSA.49.7	8
20:28	ISA.53.8	8
20:28	DAN.9.24-DAN.9.26	8
20:28	JOB.33.24	7
20:28	MAT.8.20	7
20:28	ROM.3.24-ROM.3.26	7
20:29	MRK.10.46-MRK.10.52	12
20:29	LUK.18.35-LUK.18.43	9
20:29	MAT.9.27-MAT.9.31	3
20:30	MRK.10.46	4
20:30	ISA.42.16	3
20:30	MAT.12.22-MAT.12.23	3
20:30	MAT.21.9	3
20:30	MAT.21.14	3
20:30	MAT.22.42	3
20:30	PSA.146.8	2
20:30	ISA.29.18	2
20:30	ISA.35.5-ISA.35.6	2
20:30	ISA.42.18	2
20:30	ISA.59.10	2
20:30	ISA.61.1-ISA.61.2	2
20:30	MAT.9.27-MAT.9.31	2
20:30	MAT.15.22	2
20:30	LUK.4.18	2
20:30	LUK.7.21	2
20:30	JHN.9.1-JHN.9.12	2
20:30	ACT.2.30	2
20:30	ROM.1.3-ROM.1.4	2
20:31	MAT.19.13	4
20:31	COL.4.2	4
20:31	1TH.5.17	3
20:31	GEN.32.25-GEN.32.29	2
20:31	MAT.7.7-MAT.7.8	2
20:31	MAT.15.23	2
20:31	LUK.11.8-LUK.11.10	2
20:31	LUK.18.1-LUK.18.8	2
20:31	LUK.18.39	1
20:32	EZK.36.37	6
20:32	PHP.4.6	6
20:32	MAT.20.21	4
20:32	ACT.10.29	2
20:33	PSA.119.18	4
20:33	EPH.1.17-EPH.1.19	2
20:34	MAT.9.29	8
20:34	PSA.145.8	6
20:34	LUK.22.51	6
20:34	HEB.4.15-HEB.4.16	6
20:34	PSA.119.67	5
20:34	PSA.119.71	5
20:34	MAT.8.15	5
20:34	MAT.14.14	5
20:34	MAT.15.32	5
20:34	MRK.7.33	5
20:34	LUK.7.13	5
20:34	ACT.26.18	5
20:34	MAT.9.36	4
20:34	LUK.18.43	4
20:34	JHN.9.6-JHN.9.7	4
20:34	JHN.11.33-JHN.11.35	4
20:34	1PE.3.8	4
20:34	HEB.2.17	3
21:1	ZEC.14.4	8
21:1	MRK.11.1-MRK.11.10	8
21:1	MAT.24.3	6
21:1	MAT.26.30	6
21:1	LUK.19.28-LUK.19.38	6
21:1	LUK.21.37	6
21:1	JHN.8.1	6
21:1	ACT.1.12	6
21:1	LUK.22.39	4
21:1	MRK.14.26	3
21:2	LUK.19.30-LUK.19.32	8
21:2	MRK.11.2-MRK.11.3	7
21:2	JHN.2.5-JHN.2.8	5
21:2	MRK.14.13-MRK.14.16	4
21:2	MAT.26.18	3
21:3	ACT.17.25	6
21:3	2CO.8.1-2CO.8.2	6
21:3	PSA.50.10-PSA.50.11	5
21:3	JHN.3.35	5
21:3	2CO.8.9	5
21:3	EZR.1.5	3
21:3	EZR.7.27	3
21:3	PSA.24.1	3
21:3	HAG.2.8-HAG.2.9	3
21:3	JHN.17.2	3
21:3	1SA.10.26	2
21:3	1KI.17.9	2
21:3	EZR.1.1	2
21:3	2CO.8.16	2
21:3	1CH.29.14-1CH.29.16	1
21:3	JAS.1.17	1
21:4	ZEC.9.9	26
21:4	JHN.12.15	11
21:4	MAT.1.22	9
21:4	MAT.26.56	3
21:4	JHN.19.36-JHN.19.37	2
21:5	ZEC.9.9-ZEC.9.10	101
21:5	ISA.62.11	30
21:5	ISA.9.6-ISA.9.7	15
21:5	ISA.12.6	15
21:5	GEN.49.10	14
21:5	HOS.1.7	10
21:5	ZEP.3.14-ZEP.3.15	10
21:5	ISA.40.9	8
21:5	JER.23.5-JER.23.6	8
21:5	PSA.110.1-PSA.110.4	7
21:5	DAN.2.44-DAN.2.45	7
21:5	DAN.7.13-DAN.7.14	7
21:5	MIC.5.2	7
21:5	ZEC.6.12-ZEC.6.13	7
21:5	MAT.2.6	7
21:5	EZK.34.24	6
21:5	EZK.37.24	6
21:5	MAT.11.29	6
21:5	MAT.12.19-MAT.12.20	6
21:5	MRK.11.4-MRK.11.11	6
21:5	PHP.2.3-PHP.2.5	6
21:5	PSA.9.14	5
21:5	PSA.72.1-PSA.72.20	4
21:5	MIC.5.10-MIC.5.11	4
21:5	MAT.2.2	4
21:5	JHN.19.15-JHN.19.22	4
21:5	NUM.24.19	3
21:5	DEU.17.16	3
21:5	JDG.5.10	3
21:5	JDG.12.14	3
21:5	2SA.16.2	3
21:5	1KI.1.33	3
21:5	1KI.10.26	3
21:5	PSA.2.6-PSA.2.12	3
21:5	PSA.45.1-PSA.45.17	3
21:5	JHN.1.49	3
21:5	2CO.10.1	3
21:6	GEN.6.22	2
21:6	GEN.12.4	2
21:6	EXO.39.43	2
21:6	EXO.40.16	2
21:6	1SA.15.11	2
21:6	JHN.15.14	2
21:7	2KI.9.13	7
21:7	MRK.11.4-MRK.11.8	6
21:7	LUK.19.32-LUK.19.35	5
21:8	2KI.9.13	6
21:8	LEV.23.40	3
21:8	JHN.12.13	3
21:9	PSA.118.24-PSA.118.26	26
21:9	LUK.2.14	14
21:9	JHN.12.13-JHN.12.15	14
21:9	MAT.23.39	12
21:9	LUK.19.37-LUK.19.38	8
21:9	MAT.9.27	7
21:9	MAT.21.15	6
21:9	MRK.11.9-MRK.11.10	6
21:10	ACT.9.5	5
21:10	RUT.1.19	3
21:10	1SA.16.4	3
21:10	SNG.3.6	3
21:10	ISA.63.1	3
21:10	LUK.5.21	3
21:10	LUK.7.49	3
21:10	LUK.9.9	3
21:10	JHN.12.16-JHN.12.19	3
21:10	MAT.2.3	2
21:10	LUK.20.2	2
21:10	JHN.2.18	2
21:11	JHN.6.14	11
21:11	LUK.7.16	8
21:11	JHN.7.40	8
21:11	DEU.18.15-DEU.18.19	7
21:11	MAT.2.23	7
21:11	JHN.9.17	7
21:11	ACT.7.37	7
21:11	MAT.16.13-MAT.16.14	6
21:11	JHN.1.21	6
21:11	ACT.3.22-ACT.3.23	6
21:11	JHN.4.19	5
21:11	MRK.6.15	4
21:11	JHN.1.45-JHN.1.46	4
21:11	LUK.24.19	3
21:11	LUK.7.39	2
21:11	LUK.13.33	2
21:11	JHN.1.25	2
21:12	JHN.2.14-JHN.2.17	27
21:12	LUK.19.45-LUK.19.47	15
21:12	MRK.11.15-MRK.11.18	14
21:12	LEV.1.14	10
21:12	LEV.5.7	8
21:12	LUK.2.24	7
21:12	DEU.14.24-DEU.14.26	5
21:12	EXO.30.13	4
21:12	LEV.12.8	4
21:12	LEV.14.22	4
21:12	LEV.12.6	3
21:12	LEV.14.30	3
21:12	MAL.3.1-MAL.3.2	3
21:12	MRK.11.11	3
21:12	LEV.15.14	2
21:12	LEV.15.29	2
21:12	LEV.5.11	1
21:13	JER.7.11	49
21:13	ISA.56.7	42
21:13	LUK.19.46	25
21:13	MRK.11.17	21
21:13	PSA.93.5	15
21:13	JHN.15.25	5
21:13	MAT.2.5	2
21:14	ISA.35.5	2
21:14	MAT.4.23	2
21:14	MAT.9.35	2
21:14	MAT.11.4-MAT.11.5	2
21:14	ACT.3.1-ACT.3.9	2
21:14	ACT.10.38	2
21:15	MAT.21.9	5
21:15	LUK.19.39-LUK.19.40	3
21:15	ISA.26.11	2
21:15	MAT.9.27	2
21:15	MAT.21.23	2
21:15	MAT.22.42	2
21:15	MAT.26.3	2
21:15	MAT.26.59	2
21:15	MAT.27.1	2
21:15	MAT.27.20	2
21:15	MRK.11.18	2
21:15	LUK.20.1	2
21:15	LUK.22.2	2
21:15	LUK.22.66	2
21:15	JHN.4.1	2
21:15	JHN.7.42	2
21:15	JHN.11.57	2
21:15	JHN.12.19	2
21:15	JHN.11.47-JHN.11.49	1
21:16	PSA.8.2	61
21:16	MAT.11.25	17
21:16	LUK.19.39-LUK.19.40	7
21:16	MAT.12.3	5
21:16	MAT.19.4	5
21:16	MRK.2.25	3
21:16	MAT.22.31	1
21:16	JHN.11.47-JHN.11.48	1
21:16	ACT.4.16-ACT.4.18	1
21:17	JHN.11.18	6
21:17	MRK.11.11	4
21:17	LUK.24.50	4
21:17	JHN.11.1	4
21:17	MAT.16.4	3
21:17	MRK.11.19	3
21:17	MAT.26.6	2
21:17	MRK.3.7	2
21:17	MRK.11.1	2
21:17	LUK.8.37-LUK.8.38	2
21:17	LUK.10.38	2
21:17	LUK.19.29	2
21:17	JHN.12.1-JHN.12.3	2
21:17	JER.6.8	1
21:17	HOS.9.12	1
21:18	MAT.4.2	6
21:18	HEB.4.15	4
21:18	MAT.12.1	3
21:18	MRK.11.12-MRK.11.14	3
21:18	MRK.11.20-MRK.11.24	3
21:18	LUK.4.2	1
21:19	MRK.11.14	13
21:19	JHN.15.6	13
21:19	TIT.1.16	12
21:19	LUK.3.9	11
21:19	LUK.13.6-LUK.13.9	11
21:19	JHN.15.2	10
21:19	ISA.5.4-ISA.5.5	8
21:19	2TI.3.5	8
21:19	JUD.1.12	8
21:19	REV.22.11	7
21:19	LUK.19.42-LUK.19.44	6
21:19	HEB.6.7-HEB.6.8	6
21:19	2PE.2.20-2PE.2.22	4
21:20	ISA.40.6-ISA.40.8	7
21:20	MRK.11.20-MRK.11.21	4
21:20	JAS.1.10-JAS.1.11	2
21:21	JAS.1.6	27
21:21	MAT.17.20	23
21:21	MRK.11.22-MRK.11.23	17
21:21	LUK.17.6-LUK.17.7	14
21:21	ROM.4.19-ROM.4.20	9
21:21	1CO.13.2	8
21:22	MAT.7.7	64
21:22	1JN.5.14-1JN.5.15	55
21:22	MRK.11.24	53
21:22	1JN.3.22	40
21:22	JHN.14.13	39
21:22	MAT.18.19	38
21:22	LUK.11.8-LUK.11.10	38
21:22	JHN.16.24	37
21:22	JAS.5.16	37
21:22	MAT.7.11	36
21:22	JHN.15.7	36
21:23	ACT.4.7	6
21:23	MRK.11.27-MRK.11.33	5
21:23	1CH.24.1-1CH.24.19	4
21:23	EXO.2.14	3
21:23	MAT.26.55	3
21:23	LUK.19.47-LUK.20.8	3
21:23	ACT.7.27	2
21:24	LUK.6.9	3
21:24	MAT.10.16	2
21:24	COL.4.6	2
21:24	PRO.26.4-PRO.26.5	1
21:25	1JN.3.20	6
21:25	MRK.1.1-MRK.1.11	5
21:25	MAT.3.1-MAT.3.12	4
21:25	LUK.20.5	4
21:25	JHN.1.15	4
21:25	JHN.3.18	4
21:25	JHN.10.25-JHN.10.26	4
21:25	MAT.11.7-MAT.11.15	3
21:25	MAT.17.12-MAT.17.13	3
21:25	MRK.11.27-MRK.11.33	3
21:25	LUK.1.11-LUK.1.17	3
21:25	LUK.1.67-LUK.1.80	3
21:25	LUK.3.2-LUK.3.20	3
21:25	LUK.7.28-LUK.7.35	3
21:25	JHN.1.6	3
21:25	JHN.1.25-JHN.1.34	3
21:25	JHN.3.26-JHN.3.36	3
21:25	JHN.5.33-JHN.5.36	3
21:25	JHN.5.44-JHN.5.47	3
21:25	JHN.12.37-JHN.12.43	3
21:26	MRK.6.20	4
21:26	MAT.11.9	3
21:26	MAT.14.5	3
21:26	MAT.21.46	3
21:26	JHN.5.35	3
21:26	ISA.57.11	2
21:26	MRK.11.32	2
21:26	MRK.12.12	2
21:26	LUK.20.6	2
21:26	LUK.20.19	2
21:26	LUK.22.2	2
21:26	JHN.9.22	2
21:26	JHN.10.41-JHN.10.42	2
21:26	ACT.5.26	2
21:27	ROM.1.18-ROM.1.22	4
21:27	2TH.2.9-2TH.2.10	3
21:27	ISA.6.10	2
21:27	ISA.28.9	2
21:27	ISA.29.10-ISA.29.12	2
21:27	ISA.42.19-ISA.42.20	2
21:27	ISA.56.10-ISA.56.11	2
21:27	JER.8.7-JER.8.9	2
21:27	MAL.2.6-MAL.2.9	2
21:27	MAT.15.14	2
21:27	MAT.16.3	2
21:27	MAT.23.16-MAT.23.28	2
21:27	LUK.20.7-LUK.20.8	2
21:27	JHN.9.30	2
21:27	ROM.1.28	2
21:27	2CO.4.3	2
21:27	JHN.9.40-JHN.9.41	1
21:28	MAT.20.1	6
21:28	1CO.15.58	6
21:28	1CO.10.15	5
21:28	MRK.13.34	4
21:28	LUK.15.11-LUK.15.32	4
21:28	MAT.17.25	3
21:28	MAT.21.33	3
21:28	LUK.13.4	3
21:28	MAT.20.5-MAT.20.7	2
21:28	MAT.22.17	1
21:29	EZK.18.28-EZK.18.32	4
21:29	2CH.33.10-2CH.33.19	2
21:29	ISA.1.16-ISA.1.19	2
21:29	ISA.55.6-ISA.55.7	2
21:29	JER.44.16	2
21:29	DAN.4.34-DAN.4.37	2
21:29	JON.3.2	2
21:29	JON.3.8-JON.3.10	2
21:29	MAT.3.2-MAT.3.8	2
21:29	MAT.21.31	2
21:29	LUK.15.17-LUK.15.18	2
21:29	ACT.26.20	2
21:29	1CO.6.11	2
21:29	EPH.2.1-EPH.2.13	2
21:29	EPH.4.17-EPH.4.19	2
21:30	TIT.1.16	5
21:30	EZK.33.31	4
21:30	MAT.23.3	3
21:30	ROM.2.17-ROM.2.25	1
21:31	LUK.7.29	8
21:31	LUK.7.37-LUK.7.50	7
21:31	MAT.7.21	6
21:31	MAT.20.16	4
21:31	ROM.3.19	4
21:31	ROM.5.20	4
21:31	ROM.9.30-ROM.9.33	4
21:31	1TI.1.13-1TI.1.16	4
21:31	2PE.3.9	4
21:31	JOB.15.6	2
21:31	MAT.9.9	2
21:31	MAT.12.50	2
21:31	MAT.18.3	2
21:31	LUK.15.1-LUK.15.2	2
21:31	LUK.15.10	2
21:31	LUK.19.9-LUK.19.10	2
21:31	LUK.19.22	2
21:31	ACT.17.30	2
21:31	2SA.12.5-2SA.12.7	1
21:31	EZK.33.11	1
21:31	MAT.5.18	1
21:31	MAT.6.5	1
21:32	LUK.7.37-LUK.7.50	5
21:32	ZEC.7.11-ZEC.7.12	4
21:32	MAT.21.25	4
21:32	LUK.7.29-LUK.7.30	4
21:32	ACT.13.25-ACT.13.29	3
21:32	2PE.2.21	3
21:32	PSA.81.11-PSA.81.12	2
21:32	ISA.35.8	2
21:32	JER.6.16	2
21:32	MAT.3.1-MAT.3.12	2
21:32	MAT.11.18	2
21:32	JHN.5.33-JHN.5.40	2
21:32	2TI.2.25	2
21:32	HEB.3.12	2
21:32	HEB.6.6-HEB.6.8	2
21:32	REV.2.21	2
21:32	LUK.3.8-LUK.3.13	0
21:33	ISA.5.1-ISA.5.4	17
21:33	MRK.12.1-MRK.12.12	10
21:33	LUK.20.9-LUK.20.19	8
21:33	JER.2.21	6
21:33	SNG.8.11-SNG.8.12	5
21:33	JHN.15.1	5
21:33	PSA.80.8-PSA.80.16	4
21:33	HOS.4.1	4
21:33	MAL.2.4-MAL.2.9	4
21:33	LUK.19.12	3
21:33	DEU.1.15-DEU.1.17	2
21:33	DEU.16.18	2
21:33	DEU.17.9-DEU.17.12	2
21:33	DEU.33.8-DEU.33.10	2
21:33	1KI.22.19	2
21:33	ISA.1.10	2
21:33	JER.19.3	2
21:33	MAT.13.18	2
21:33	MAT.21.28	2
21:33	MAT.23.2	2
21:33	MAT.25.14-MAT.25.15	2
21:33	MRK.13.34	2
21:34	LUK.20.10-LUK.20.19	4
21:34	ISA.5.4	3
21:34	ZEC.1.3-ZEC.1.6	3
21:34	2KI.17.13-2KI.17.23	2
21:34	2CH.36.15-2CH.36.16	2
21:34	NEH.9.29-NEH.9.30	2
21:34	SNG.8.11-SNG.8.12	2
21:34	JER.25.3-JER.25.7	2
21:34	ZEC.7.9-ZEC.7.13	2
21:34	MAT.22.3	2
21:34	MRK.12.2-MRK.12.5	2
21:34	JER.35.15	1
21:35	2CH.36.15-2CH.36.16	7
21:35	HEB.11.36-HEB.11.37	6
21:35	NEH.9.26	5
21:35	MAT.5.12	5
21:35	ACT.7.52	4
21:35	MAT.23.31-MAT.23.37	3
21:35	LUK.13.33-LUK.13.34	3
21:35	REV.6.9	3
21:35	1KI.18.4	2
21:35	1KI.18.13	2
21:35	1KI.19.2	2
21:35	1KI.19.10	2
21:35	1KI.22.24	2
21:35	2CH.16.10	2
21:35	2CH.24.21-2CH.24.22	2
21:35	JER.2.30	2
21:35	JER.25.3-JER.25.7	2
21:35	JER.26.21-JER.26.24	2
21:35	1TH.2.15-1TH.2.16	2
21:36	MAT.22.4	4
21:37	ZEP.3.7	4
21:37	JHN.3.16	4
21:37	JHN.3.35-JHN.3.36	4
21:37	ISA.5.4	3
21:37	MAT.3.17	3
21:37	MRK.12.6	3
21:37	LUK.20.13	3
21:37	JHN.1.34	3
21:37	HEB.1.1-HEB.1.2	3
21:37	JER.36.3	2
21:37	JHN.1.18	2
21:38	GEN.37.18-GEN.37.20	5
21:38	LUK.20.14	5
21:38	MRK.12.7-MRK.12.8	4
21:38	HEB.1.2	4
21:38	MAT.26.3-MAT.26.4	3
21:38	JHN.11.47-JHN.11.53	3
21:38	ACT.4.27-ACT.4.28	3
21:38	PSA.2.2-PSA.2.8	2
21:38	MAT.2.13-MAT.2.16	2
21:38	MAT.27.1-MAT.27.2	2
21:38	ACT.5.24-ACT.5.28	2
21:39	ACT.2.23	7
21:39	MAT.26.57	4
21:39	LUK.22.52-LUK.22.54	4
21:39	JHN.18.12	4
21:39	ACT.3.14-ACT.3.15	4
21:39	ACT.4.25-ACT.4.27	4
21:39	ACT.7.52	4
21:39	JAS.5.6	4
21:39	MAT.26.50	3
21:39	MRK.14.46-MRK.14.53	3
21:39	JHN.18.24	3
21:39	ACT.4.10	3
21:39	ACT.5.30	3
21:39	HEB.13.11-HEB.13.13	1
21:40	MRK.12.9	5
21:40	HEB.10.29	5
21:40	LUK.20.15-LUK.20.16	4
21:41	ACT.18.6	6
21:41	MAT.21.43	4
21:41	ISA.5.5-ISA.5.7	3
21:41	MAT.22.6-MAT.22.7	3
21:41	ACT.28.28	3
21:41	LEV.26.14-LEV.26.46	2
21:41	DEU.28.59-DEU.28.68	2
21:41	PSA.2.4-PSA.2.5	2
21:41	PSA.2.9	2
21:41	ISA.49.5-ISA.49.7	2
21:41	ISA.66.19-ISA.66.21	2
21:41	DAN.9.26	2
21:41	ZEC.11.8-ZEC.11.10	2
21:41	ZEC.12.12	2
21:41	ZEC.13.8	2
21:41	ZEC.14.2-ZEC.14.3	2
21:41	MAL.4.1-MAL.4.6	2
21:41	MAT.3.12	2
21:41	MAT.8.11-MAT.8.12	2
21:41	MAT.23.35-MAT.23.38	2
21:41	MAT.24.21-MAT.24.22	2
21:41	LUK.13.28-LUK.13.29	2
21:41	LUK.14.23-LUK.14.24	2
21:41	LUK.17.32-LUK.17.37	2
21:41	LUK.19.41-LUK.19.44	2
21:41	LUK.21.22-LUK.21.24	2
21:41	ACT.13.46-ACT.13.48	2
21:41	ACT.15.7	2
21:41	ACT.28.8	2
21:41	ROM.9.1-ROM.9.11	2
21:41	ROM.15.9-ROM.15.18	2
21:41	1TH.2.16	2
21:41	HEB.2.3	2
21:41	HEB.12.25	2
21:41	ISA.65.15	1
21:42	PSA.118.22-PSA.118.23	73
21:42	ISA.28.16	34
21:42	ACT.4.11	27
21:42	1PE.2.4-1PE.2.8	24
21:42	EPH.2.20	23
21:42	ROM.9.33	21
21:42	MRK.12.10-MRK.12.11	15
21:42	LUK.20.17-LUK.20.18	15
21:42	ZEC.3.8-ZEC.3.9	7
21:42	ACT.13.40-ACT.13.41	4
21:42	EPH.3.3-EPH.3.9	3
21:42	HAB.1.5	2
21:43	MAT.21.41	18
21:43	MAT.8.11-MAT.8.12	12
21:43	1PE.2.9	9
21:43	JHN.3.3	7
21:43	ISA.26.2	6
21:43	LUK.17.20-LUK.17.21	6
21:43	JHN.3.5	4
21:43	EXO.19.6	1
21:43	ISA.28.2	1
21:43	MAT.12.28	0
21:43	1CO.13.2	0
21:44	ISA.8.14-ISA.8.15	16
21:44	1PE.2.8	13
21:44	DAN.2.34-DAN.2.35	12
21:44	DAN.2.44-DAN.2.45	9
21:44	ROM.9.33	8
21:44	LUK.20.18	7
21:44	MAT.27.25	5
21:44	PSA.21.8-PSA.21.9	4
21:44	PSA.110.5-PSA.110.6	4
21:44	ZEC.12.3	4
21:44	MAT.26.24	4
21:44	2CO.4.3-2CO.4.4	4
21:44	ISA.60.12	3
21:44	JHN.19.11	3
21:44	1TH.2.16	3
21:44	HEB.2.2-HEB.2.3	3
21:44	PSA.2.9	2
21:44	PSA.2.12	2
21:45	LUK.20.19	6
21:45	LUK.11.45	5
21:45	MAT.12.12	1
21:46	MAT.21.11	5
21:46	MAT.21.26	3
21:46	2SA.12.7-2SA.12.13	2
21:46	PRO.9.7-PRO.9.9	2
21:46	ISA.29.1	2
21:46	LUK.7.16	2
21:46	LUK.7.39	2
21:46	JHN.7.7	2
21:46	JHN.7.40-JHN.7.41	2
21:46	ACT.2.22	2
21:46	PRO.15.12	1
22:1	MAT.20.1-MAT.20.16	4
22:1	MAT.12.43-MAT.12.45	3
22:1	MAT.9.15-MAT.9.17	2
22:1	MAT.13.3-MAT.13.11	2
22:1	MAT.21.28-MAT.21.46	2
22:1	MRK.4.33-MRK.4.34	2
22:1	LUK.8.10	2
22:1	LUK.14.16	2
22:2	MAT.13.24	5
22:2	REV.19.7-REV.19.9	5
22:2	EPH.5.24-EPH.5.32	4
22:2	PSA.45.10-PSA.45.16	2
22:2	2CO.11.2	2
22:2	MAT.13.31-MAT.13.33	1
22:2	MAT.13.44-MAT.13.47	1
22:2	MAT.22.2-MAT.22.14	1
22:2	MAT.25.1-MAT.25.14	1
22:2	LUK.14.16-LUK.14.24	1
22:2	JHN.3.29-JHN.3.30	1
22:3	REV.22.17	5
22:3	LUK.14.15-LUK.14.17	4
22:3	JHN.5.40	4
22:3	PSA.81.10-PSA.81.12	3
22:3	HOS.11.7	3
22:3	MAT.3.2	3
22:3	ROM.10.21	3
22:3	1SA.9.13	2
22:3	PSA.68.11	2
22:3	PRO.1.24-PRO.1.32	2
22:3	PRO.9.1-PRO.9.3	2
22:3	ISA.30.15	2
22:3	ISA.55.1-ISA.55.2	2
22:3	JER.6.16-JER.6.17	2
22:3	JER.25.4	2
22:3	JER.35.15	2
22:3	HOS.11.2	2
22:3	ZEP.1.7	2
22:3	MAT.10.6-MAT.10.7	2
22:3	MAT.23.37	2
22:3	MRK.6.7-MRK.6.11	2
22:3	LUK.9.1-LUK.9.6	2
22:3	LUK.13.34	2
22:3	LUK.15.28	2
22:3	LUK.19.27	2
22:3	ACT.13.45	2
22:3	MAT.21.34	1
22:3	HEB.12.25	1
22:4	ACT.13.46	4
22:4	MAT.21.36	3
22:4	JHN.6.50-JHN.6.57	3
22:4	NEH.9.17	2
22:4	PSA.86.5	2
22:4	PRO.9.1-PRO.9.2	2
22:4	SNG.5.1	2
22:4	MAT.22.8	2
22:4	LUK.10.1-LUK.10.16	2
22:4	LUK.14.17	2
22:4	LUK.24.46-LUK.24.47	2
22:4	ACT.1.8	2
22:4	ACT.11.19-ACT.11.20	2
22:4	ACT.28.17-ACT.28.31	2
22:4	ROM.8.32	2
22:4	1CO.5.7-1CO.5.8	2
22:5	LUK.14.18-LUK.14.20	4
22:5	HEB.2.3	4
22:5	1JN.2.15-1JN.2.16	3
22:5	GEN.19.14	2
22:5	GEN.25.34	2
22:5	PSA.106.24-PSA.106.25	2
22:5	PRO.1.7	2
22:5	PRO.1.24-PRO.1.25	2
22:5	MAT.13.22	2
22:5	MAT.24.38-MAT.24.39	2
22:5	LUK.17.26-LUK.17.32	2
22:5	ACT.2.13	2
22:5	ACT.24.25	2
22:5	ROM.2.4	2
22:5	ROM.8.6	2
22:5	1TI.6.9-1TI.6.10	2
22:5	2TI.3.4	2
22:6	JHN.15.19-JHN.15.20	3
22:6	MAT.5.10-MAT.5.12	2
22:6	MAT.10.12-MAT.10.18	2
22:6	MAT.10.22-MAT.10.25	2
22:6	MAT.21.35-MAT.21.39	2
22:6	MAT.23.34-MAT.23.37	2
22:6	JHN.16.2-JHN.16.3	2
22:6	ACT.4.1-ACT.4.3	2
22:6	ACT.5.40-ACT.5.41	2
22:6	ACT.7.51-ACT.7.57	2
22:6	ACT.8.1	2
22:6	1TH.2.14-1TH.2.15	2
22:7	LUK.19.27	6
22:7	1PE.4.17-1PE.4.18	4
22:7	JOL.2.25	3
22:7	LUK.21.24	3
22:7	DEU.28.49-DEU.28.68	2
22:7	ISA.13.2-ISA.13.5	2
22:7	JER.51.20-JER.51.23	2
22:7	DAN.9.26	2
22:7	JOL.2.11	2
22:7	JOL.3.2	2
22:7	LUK.19.42-LUK.19.44	2
22:7	LUK.21.21	2
22:7	1TH.2.16	2
22:7	ISA.10.5-ISA.10.7	1
22:7	ZEC.14.1-ZEC.14.2	1
22:7	MAT.21.40-MAT.21.41	1
22:8	ACT.13.46	4
22:8	2TH.1.5	4
22:8	REV.3.4	4
22:8	LUK.20.35	3
22:8	REV.22.14	3
22:8	MAT.10.11-MAT.10.13	2
22:8	MAT.10.37-MAT.10.38	2
22:8	LUK.21.36	2
22:9	LUK.14.21-LUK.14.24	5
22:9	MRK.16.15-MRK.16.16	4
22:9	PRO.1.20-PRO.1.23	3
22:9	PRO.8.1-PRO.8.5	2
22:9	PRO.9.4-PRO.9.6	2
22:9	ISA.55.1-ISA.55.3	2
22:9	ISA.55.6-ISA.55.7	2
22:9	EZK.21.21	2
22:9	LUK.24.47	2
22:9	ACT.13.47	2
22:9	EPH.3.8	2
22:9	REV.22.17	2
22:10	1CO.6.9-1CO.6.11	6
22:10	1JN.2.19	6
22:10	MAT.13.47-MAT.13.48	5
22:10	2CO.12.21	5
22:10	REV.2.20-REV.2.23	5
22:10	REV.7.9	5
22:10	REV.19.6-REV.19.9	5
22:10	MAT.22.11-MAT.22.12	4
22:10	MAT.25.1-MAT.25.2	3
22:10	MAT.25.10	3
22:10	MAT.13.38	2
22:10	REV.2.14-REV.2.15	2
22:10	REV.5.9	2
22:11	REV.3.4-REV.3.5	11
22:11	REV.19.8	11
22:11	ZEC.3.3-ZEC.3.4	9
22:11	HEB.4.12-HEB.4.13	9
22:11	ROM.13.14	8
22:11	EPH.4.24	8
22:11	COL.3.10-COL.3.11	8
22:11	REV.16.15	8
22:11	2CO.5.3	7
22:11	GAL.3.27	7
22:11	REV.3.18	7
22:11	1CO.4.5	6
22:11	ISA.52.1	5
22:11	ISA.61.3-ISA.61.10	5
22:11	REV.2.23	5
22:11	PSA.45.13-PSA.45.14	4
22:11	MAT.13.30	4
22:11	MAT.25.31-MAT.25.32	4
22:11	ROM.3.22	4
22:11	ISA.64.6	3
22:11	MAT.3.12	3
22:11	2KI.10.22	2
22:11	LAM.5.22	1
22:11	ZEP.1.12	1
22:12	1SA.2.9	8
22:12	JOB.5.16	8
22:12	MAT.20.13	8
22:12	PSA.107.42	7
22:12	JER.2.23	7
22:12	JER.2.26	7
22:12	MAT.26.50	7
22:12	ACT.5.2-ACT.5.11	7
22:12	TIT.3.11	7
22:12	ACT.8.20-ACT.8.23	6
22:12	ROM.3.19	6
22:12	MAT.5.20	5
22:12	1CO.4.5	5
22:13	MAT.8.12	9
22:13	MAT.25.30	6
22:13	MAT.13.42	4
22:13	MAT.13.50	4
22:13	MAT.24.51	4
22:13	LUK.13.28	4
22:13	2TH.1.9	4
22:13	2PE.2.4	4
22:13	2PE.2.17	4
22:13	JUD.1.6	4
22:13	REV.21.27	4
22:13	ACT.7.54	3
22:13	JUD.1.13	3
22:13	PSA.37.12	2
22:13	PSA.112.10	2
22:13	ISA.52.1	2
22:13	MAT.12.29	2
22:13	MAT.13.30	2
22:13	DAN.3.20	1
22:13	JHN.21.18	1
22:13	ACT.21.11	1
22:14	2PE.1.10	44
22:14	LUK.13.23-LUK.13.24	37
22:14	REV.17.14	36
22:14	MAT.7.13-MAT.7.14	35
22:14	MAT.20.16	26
22:14	MAT.24.22	20
22:15	LUK.20.20-LUK.20.26	8
22:15	MRK.12.13-MRK.12.17	5
22:15	PSA.2.2	3
22:15	PSA.56.5-PSA.56.7	3
22:15	PSA.59.3	2
22:15	PSA.41.6	1
22:15	PSA.57.6	1
22:15	ISA.29.21	1
22:15	JER.18.18	1
22:15	JER.20.10	1
22:15	LUK.11.53-LUK.11.54	1
22:15	HEB.12.3	1
22:16	MRK.3.6	6
22:16	MRK.8.15	4
22:16	MRK.12.14	4
22:16	LUK.20.21	4
22:16	JOB.32.21-JOB.32.22	3
22:16	JER.9.3-JER.9.5	3
22:16	JHN.7.18	3
22:16	JHN.14.6	3
22:16	JHN.18.37	3
22:16	1JN.5.20	3
22:16	PSA.5.9	2
22:16	PSA.12.2	2
22:16	PSA.55.21	2
22:16	PRO.29.5	2
22:16	ISA.59.13-ISA.59.15	2
22:16	EZK.33.30-EZK.33.31	2
22:16	MIC.3.9-MIC.3.12	2
22:16	MAL.2.6	2
22:16	MAL.2.9	2
22:16	MAT.16.11-MAT.16.12	2
22:16	MAT.22.24	2
22:16	MAT.22.26	2
22:16	MAT.26.18	2
22:16	MAT.26.49	2
22:16	MRK.10.17	2
22:16	LUK.7.40	2
22:16	2CO.2.17	2
22:16	2CO.4.2	2
22:16	2CO.5.16	2
22:16	GAL.1.10	2
22:16	GAL.2.6	2
22:16	1TH.2.4	2
22:16	JAS.3.17	2
22:16	DEU.33.9	1
22:16	1KI.22.14	1
22:17	LUK.2.1	4
22:17	ROM.13.6-ROM.13.7	4
22:17	MAT.17.25	3
22:17	ACT.28.22	2
22:17	DEU.17.14-DEU.17.15	1
22:17	EZR.4.13	1
22:17	EZR.7.24	1
22:17	NEH.5.4	1
22:17	NEH.9.37	1
22:17	JER.42.2-JER.42.3	1
22:17	JER.42.20	1
22:17	LUK.3.1	1
22:17	JHN.19.12-JHN.19.15	1
22:17	ACT.5.37	1
22:17	ACT.17.7	1
22:17	ACT.25.8	1
22:18	LUK.5.22	5
22:18	JHN.2.25	5
22:18	JHN.8.6	5
22:18	ACT.5.9	3
22:18	REV.2.23	3
22:18	MAT.16.1-MAT.16.4	2
22:18	MAT.19.3	2
22:18	MRK.2.8	2
22:18	MRK.12.5	2
22:18	LUK.9.47	2
22:18	LUK.10.25	2
22:18	LUK.20.23	2
22:19	MAT.20.2	3
22:19	MAT.18.28	2
22:19	REV.6.6	2
22:20	LUK.20.24	1
22:21	ROM.13.7	16
22:21	PRO.24.21	7
22:21	ACT.4.19	6
22:21	MAL.1.6-MAL.1.8	5
22:21	MAT.22.37	5
22:21	1PE.2.13-1PE.2.17	5
22:21	DAN.6.20-DAN.6.23	4
22:21	LUK.23.2	3
22:21	ACT.5.29	3
22:21	MAT.4.10	2
22:21	MAT.17.25-MAT.17.27	2
22:21	DAN.3.16-DAN.3.18	1
22:21	DAN.6.10-DAN.6.11	1
22:21	MAL.3.8-MAL.3.10	1
22:22	MRK.12.12	3
22:22	PRO.26.4-PRO.26.5	2
22:22	MAT.10.16	2
22:22	MAT.22.33	2
22:22	MAT.22.46	2
22:22	LUK.20.25-LUK.20.26	2
22:22	ACT.6.10	2
22:22	COL.4.6	2
22:22	LUK.21.15	1
22:23	ACT.4.1	5
22:23	MAT.3.7	4
22:23	MRK.12.18-MRK.12.27	4
22:23	LUK.20.27-LUK.20.40	4
22:23	ACT.23.6-ACT.23.8	4
22:23	ACT.5.17	3
22:23	1CO.15.12-1CO.15.14	3
22:23	MAT.16.6	2
22:23	2TI.2.18	2
22:24	DEU.25.5-DEU.25.10	11
22:24	LUK.20.28	5
22:24	RUT.1.11	2
22:24	MAT.7.21	2
22:24	MAT.22.16	2
22:24	MRK.12.19	2
22:24	GEN.38.8	1
22:24	GEN.38.11	1
22:24	MAT.22.36	1
22:24	LUK.6.46	1
22:25	HEB.9.27	4
22:25	MRK.12.19-MRK.12.23	3
22:25	LUK.20.29-LUK.20.33	3
22:29	JHN.20.9	12
22:29	ROM.15.4	12
22:29	LUK.1.37	10
22:29	JER.32.17	8
22:29	DAN.12.2-DAN.12.3	8
22:29	PSA.17.15	7
22:29	PSA.73.25-PSA.73.26	7
22:29	ISA.26.19	7
22:29	PHP.3.21	7
22:29	GEN.18.14	6
22:29	JOB.19.25-JOB.19.27	6
22:29	PSA.49.14-PSA.49.15	6
22:29	ACT.26.8	6
22:29	ISA.25.8	5
22:29	LUK.24.44-LUK.24.47	5
22:29	HOS.13.14	4
22:29	PSA.16.9-PSA.16.11	3
22:29	ISA.57.1-ISA.57.2	3
22:30	LUK.20.34-LUK.20.36	24
22:30	MRK.12.24-MRK.12.25	19
22:30	JHN.5.28-JHN.5.29	2
22:30	1CO.7.29-1CO.7.31	2
22:30	MAT.24.38	1
22:30	1JN.3.1-1JN.3.2	0
22:31	MAT.21.16	2
22:31	MAT.12.3	1
22:31	MAT.9.13	0
22:31	MAT.12.7	0
22:31	MAT.21.42	0
22:32	EXO.3.6	19
22:32	MRK.12.26-MRK.12.27	9
22:32	LUK.20.37-LUK.20.38	8
22:32	ACT.7.32	8
22:32	EXO.3.15-EXO.3.16	7
22:32	HEB.11.16	5
22:33	MAT.7.28-MAT.7.29	2
22:33	MAT.22.22	2
22:33	MRK.6.2	2
22:33	MRK.12.17	2
22:33	LUK.2.47	2
22:33	LUK.4.22	2
22:33	LUK.20.39-LUK.20.40	2
22:33	JHN.7.46	2
22:34	MRK.12.28-MRK.12.31	18
22:34	MAT.25.3-MAT.25.5	1
22:34	ISA.41.5-ISA.41.7	0
22:34	MAT.12.14	0
22:34	JHN.11.47-JHN.11.50	0
22:35	LUK.7.30	5
22:35	LUK.10.25-LUK.10.37	4
22:35	LUK.11.45-LUK.11.46	3
22:35	LUK.11.52	3
22:35	LUK.14.3	3
22:35	MAT.22.18	1
22:35	TIT.3.13	1
22:35	MRK.10.2	0
22:36	MRK.12.28-MRK.12.33	15
22:36	MAT.5.19-MAT.5.20	9
22:36	LUK.11.42	7
22:36	MAT.23.23-MAT.23.24	6
22:36	HOS.8.12	1
22:36	MAT.15.6	0
22:37	MRK.12.29-MRK.12.30	146
22:37	LUK.10.27	134
22:37	DEU.6.5	123
22:37	DEU.10.12	90
22:37	MRK.12.33	82
22:37	DEU.30.6	78
22:37	1JN.5.2-1JN.5.5	51
22:37	HEB.10.16-HEB.10.17	49
22:37	ROM.8.7	44
22:39	MRK.12.31	69
22:39	LUK.10.27-LUK.10.37	62
22:39	LEV.19.18	59
22:39	ROM.13.9-ROM.13.10	57
22:39	GAL.5.14	29
22:39	MAT.19.19	23
22:39	ROM.15.2	22
22:39	JAS.2.8	20
22:39	GAL.6.10	17
22:40	ROM.13.9	42
22:40	MAT.7.12	17
22:40	1JN.4.19-1JN.4.21	8
22:40	JAS.2.8	6
22:40	JHN.1.17	5
22:40	1JN.4.7-1JN.4.11	5
22:40	1TI.1.5	3
22:40	ROM.3.19-ROM.3.21	2
22:41	MRK.12.35-MRK.12.37	4
22:41	LUK.20.41-LUK.20.44	4
22:41	MAT.22.34	2
22:41	MAT.22.15	1
22:42	JER.23.5-JER.23.6	7
22:42	EZK.34.23-EZK.34.24	6
22:42	AMO.9.11	6
22:42	MAT.16.13-MAT.16.17	6
22:42	JHN.6.68-JHN.6.69	6
22:42	ISA.7.13-ISA.7.14	5
22:42	ISA.9.6-ISA.9.7	5
22:42	ISA.11.1-ISA.11.4	5
22:42	MAT.1.1	5
22:42	MAT.9.27	4
22:42	MAT.21.9	4
22:42	LUK.1.69-LUK.1.70	4
22:42	JHN.7.41-JHN.7.42	4
22:42	ACT.13.22-ACT.13.23	4
22:42	COL.3.11	4
22:42	MAT.2.4-MAT.2.6	3
22:42	MAT.14.33	3
22:42	JHN.1.49	3
22:42	JHN.20.28	3
22:42	PHP.2.9-PHP.2.11	3
22:42	PHP.3.7-PHP.3.10	3
22:42	1PE.2.4-1PE.2.7	3
22:42	REV.5.12-REV.5.14	3
22:43	2SA.23.2	6
22:43	REV.4.2	5
22:43	MRK.12.36	4
22:43	HEB.3.7	4
22:43	LUK.2.26-LUK.2.27	3
22:43	ACT.1.16	3
22:43	ACT.2.30-ACT.2.31	3
22:43	2PE.1.21	3
22:43	REV.1.10	3
22:44	PSA.110.1	37
22:44	HEB.1.13	21
22:44	ACT.2.34-ACT.2.35	16
22:44	1CO.15.25	11
22:44	HEB.1.3	10
22:44	HEB.10.12-HEB.10.13	10
22:44	HEB.12.2	9
22:44	GEN.3.15	8
22:44	REV.19.19-REV.20.3	7
22:44	ISA.63.1-ISA.63.6	6
22:44	REV.20.11-REV.20.15	6
22:44	PHP.3.8	5
22:44	PSA.21.9	4
22:44	LUK.19.27	4
22:44	JHN.20.28	4
22:44	1CO.1.2	4
22:44	PSA.2.8-PSA.2.9	3
22:45	ROM.1.3-ROM.1.4	10
22:45	REV.22.16	10
22:45	JHN.8.58	6
22:45	PHP.2.6-PHP.2.8	5
22:45	1TI.3.16	5
22:45	HEB.2.14	4
22:45	ROM.9.5	3
22:46	MRK.12.34	6
22:46	LUK.20.40	5
22:46	LUK.14.6	4
22:46	JOB.32.15-JOB.32.16	2
22:46	ISA.50.2-ISA.50.9	2
22:46	MAT.21.27	2
22:46	LUK.13.17	2
22:46	JHN.8.7-JHN.8.9	2
22:46	ACT.4.14	2
23:1	MAT.15.10-MAT.15.20	4
23:1	LUK.12.1	4
23:1	LUK.20.45-LUK.20.46	4
23:1	LUK.12.57	3
23:1	MRK.7.14	2
23:1	MRK.12.38-MRK.12.39	2
23:2	LUK.20.46	9
23:2	MRK.12.38	6
23:2	MAL.2.7	4
23:2	EZR.7.6	3
23:2	EZR.7.25	3
23:2	NEH.8.4-NEH.8.8	2
23:3	2TI.3.5	8
23:3	ROM.2.19-ROM.2.24	7
23:3	TIT.1.16	7
23:3	ACT.5.29	6
23:3	ROM.13.1	4
23:3	DEU.17.9-DEU.17.12	3
23:3	2CH.30.12	3
23:3	PSA.50.16-PSA.50.20	3
23:3	MAT.21.30	3
23:3	EXO.18.19-EXO.18.20	2
23:3	EXO.18.23	2
23:3	DEU.4.5	2
23:3	MAT.15.2-MAT.15.9	2
23:3	DEU.5.27	0
23:4	LUK.11.46	14
23:4	ACT.15.10	11
23:4	GAL.6.13	8
23:4	MAT.11.28-MAT.11.30	5
23:4	MAT.23.23	4
23:4	REV.2.24	3
23:4	ACT.15.28	2
23:5	MAT.6.1-MAT.6.16	10
23:5	JHN.12.43	10
23:5	DEU.6.8	6
23:5	LUK.16.15	6
23:5	JHN.5.44	6
23:5	PHP.2.3	6
23:5	NUM.15.38-NUM.15.39	5
23:5	EXO.13.9	4
23:5	DEU.22.12	4
23:5	PRO.6.21-PRO.6.23	4
23:5	LUK.20.47-LUK.21.1	4
23:5	PRO.3.3	3
23:5	MAT.9.20	3
23:5	JHN.7.18	3
23:5	PHP.1.15	3
23:5	DEU.11.18	2
23:5	2KI.10.16	2
23:5	2TH.2.4	2
23:6	3JN.1.9	6
23:6	MRK.12.38-MRK.12.39	5
23:6	LUK.11.43-LUK.11.54	5
23:6	PRO.25.6-PRO.25.7	4
23:6	LUK.14.7-LUK.14.11	4
23:6	JAS.2.1-JAS.2.4	4
23:6	LUK.20.46-LUK.20.47	3
23:6	MAT.20.21	2
23:6	ROM.12.10	2
23:7	JHN.1.38	5
23:7	JHN.1.49	4
23:7	JHN.3.2	3
23:7	JHN.3.26	3
23:7	JHN.6.25	3
23:7	JHN.20.16	3
23:7	MAT.23.8	2
23:7	MRK.9.5	2
23:7	MRK.10.51	2
23:8	JAS.3.1	13
23:8	LUK.22.32	7
23:8	1CO.1.12-1CO.1.13	6
23:8	1PE.5.3	6
23:8	REV.1.9	6
23:8	MAT.17.5	5
23:8	MAT.23.10	5
23:8	JHN.13.13-JHN.13.14	4
23:8	ROM.14.9-ROM.14.10	4
23:8	EPH.3.15	4
23:8	COL.1.1-COL.1.2	4
23:8	MAT.10.25	3
23:8	1CO.3.3-1CO.3.5	3
23:8	2CO.1.24	3
23:8	2CO.4.5	3
23:8	REV.19.10	3
23:8	REV.22.9	3
23:8	MAT.26.49	2
23:9	1JN.3.1	13
23:9	HEB.12.9	12
23:9	MAL.1.6	11
23:9	JOB.32.21-JOB.32.22	10
23:9	ROM.8.14-ROM.8.17	8
23:9	MAT.6.8-MAT.6.9	6
23:9	MAT.7.11	6
23:9	1CO.4.15	5
23:9	1TI.5.1-1TI.5.2	5
23:9	2KI.2.12	4
23:9	ACT.22.1	4
23:9	2CO.6.18	4
23:9	2KI.6.21	3
23:9	MAT.6.32	3
23:9	2KI.13.14	1
23:11	1CO.9.19	21
23:11	JHN.13.14-JHN.13.15	18
23:11	GAL.5.13	18
23:11	MRK.10.43-MRK.10.44	17
23:11	LUK.22.26-LUK.22.27	16
23:11	2CO.4.5	16
23:11	PHP.2.5-PHP.2.8	13
23:11	MAT.20.26-MAT.20.27	12
23:11	2CO.11.23	8
23:12	1PE.5.5	29
23:12	JAS.4.6	28
23:12	LUK.14.11	26
23:12	PRO.29.23	25
23:12	MAT.18.4	22
23:12	LUK.18.14	22
23:12	PRO.15.33	21
23:12	MAT.5.3	20
23:12	PRO.16.18-PRO.16.19	17
23:12	DAN.4.37	15
23:12	JOB.22.29	14
23:12	LUK.1.51-LUK.1.52	13
23:12	ISA.57.15	10
23:12	PSA.138.6	9
23:13	LUK.11.52	20
23:13	MAT.23.29	10
23:13	MAT.23.23	9
23:13	MAT.23.27	8
23:13	ZEC.11.17	7
23:13	ACT.8.1	6
23:13	2TI.4.15	6
23:13	ISA.9.14-ISA.9.15	5
23:13	2TI.3.8	5
23:13	MAT.21.31-MAT.21.32	4
23:13	MAT.23.13-MAT.23.15	4
23:13	MAT.23.25	4
23:13	LUK.11.43-LUK.11.44	4
23:13	ACT.5.28	4
23:13	ACT.5.40	4
23:13	ISA.33.14	3
23:13	ACT.4.17-ACT.4.18	3
23:13	JHN.9.22	2
23:13	JHN.9.24	2
23:13	JHN.9.34	2
23:13	ACT.13.8	2
23:13	1TH.2.15-1TH.2.16	2
23:13	JHN.7.46-JHN.7.52	0
23:15	ACT.13.10	5
23:15	ACT.13.43	5
23:15	EPH.2.3	5
23:15	JHN.8.44	4
23:15	ACT.14.2	4
23:15	GAL.4.17	4
23:15	GAL.6.12	4
23:15	MAT.5.22	3
23:15	ACT.17.5-ACT.17.6	3
23:15	EST.8.17	2
23:15	ACT.2.10	2
23:15	ACT.17.13	2
23:15	ACT.6.5	1
23:15	ACT.14.19	1
23:16	MAT.15.14	7
23:16	MAT.5.33-MAT.5.35	4
23:16	MAT.23.17	4
23:16	MAT.23.24	4
23:16	JAS.5.12	4
23:16	ISA.56.10-ISA.56.11	3
23:16	MAT.15.5-MAT.15.6	3
23:16	MAT.23.19	3
23:16	MAT.23.26	3
23:16	JHN.9.39-JHN.9.41	3
23:16	MRK.7.10-MRK.7.13	2
23:16	GAL.5.3	2
23:17	MAT.23.19	5
23:17	NUM.16.38-NUM.16.39	3
23:17	EXO.30.26-EXO.30.29	2
23:17	PSA.94.8	2
23:19	EXO.29.37	6
23:19	EXO.30.29	3
23:21	1KI.8.13	5
23:21	PSA.26.8	5
23:21	2CH.6.2	3
23:21	1KI.8.27	2
23:21	2CH.7.2	2
23:21	PSA.132.13-PSA.132.14	2
23:21	EPH.2.22	2
23:21	COL.2.9	2
23:22	MAT.5.34	5
23:22	PSA.11.4	3
23:22	ISA.66.1	3
23:22	ACT.7.49	2
23:22	REV.4.2-REV.4.3	2
23:23	LUK.11.42	34
23:23	MIC.6.8	24
23:23	HOS.6.6	19
23:23	MAT.9.13	19
23:23	MAT.5.19-MAT.5.20	17
23:23	1SA.15.22	16
23:23	PRO.21.3	14
23:23	MAT.22.37-MAT.22.40	12
23:23	GAL.5.22-GAL.5.23	12
23:23	LEV.27.30	11
23:23	LUK.18.12	8
23:23	MAT.12.7	7
23:23	JER.22.15-JER.22.16	6
23:24	MAT.19.24	9
23:24	MAT.27.6-MAT.27.8	5
23:24	MAT.15.2-MAT.15.6	4
23:24	LUK.6.7-LUK.6.10	4
23:24	MAT.23.16	3
23:24	JHN.18.28	3
23:24	MAT.7.4	2
23:24	JHN.18.40	2
23:25	LUK.11.39-LUK.11.40	10
23:25	MAT.15.19-MAT.15.20	7
23:25	ISA.28.7-ISA.28.8	4
23:25	MRK.7.4-MRK.7.13	4
23:26	2CO.7.1	9
23:26	HEB.10.22	8
23:26	JAS.4.8	8
23:26	ISA.55.7	6
23:26	EZK.18.31	6
23:26	MAT.12.33	5
23:26	LUK.6.45	5
23:26	JER.4.14	4
23:26	JER.13.27	4
23:27	LUK.11.44	9
23:27	ACT.23.3	8
23:27	NUM.19.16	4
23:27	ISA.58.1-ISA.58.2	1
23:28	LUK.16.15	5
23:28	PSA.51.6	4
23:28	MAT.23.5	4
23:28	1SA.16.7	3
23:28	MAT.12.34-MAT.12.35	3
23:28	MAT.15.19-MAT.15.20	3
23:28	MRK.7.21-MRK.7.23	3
23:28	HEB.4.12-HEB.4.13	3
23:28	JER.17.9-JER.17.10	2
23:29	LUK.11.47-LUK.11.48	3
23:29	ACT.2.29	2
23:30	JER.2.30	2
23:30	MAT.21.35-MAT.21.36	2
23:30	MAT.23.34-MAT.23.35	2
23:30	2CH.36.15	1
23:31	ACT.7.51-ACT.7.52	5
23:31	1TH.2.15-1TH.2.16	3
23:31	JOS.24.22	2
23:31	JOB.15.5-JOB.15.6	2
23:31	LUK.19.22	2
23:31	PSA.64.8	1
23:32	GEN.15.16	6
23:32	NUM.32.14	4
23:32	1TH.2.16	3
23:32	ZEC.5.6-ZEC.5.11	0
23:33	MAT.3.7	11
23:33	MAT.12.34	9
23:33	MAT.5.22	7
23:33	LUK.3.7	7
23:33	GEN.3.15	6
23:33	PSA.58.3-PSA.58.5	6
23:33	MAT.21.34-MAT.21.35	6
23:33	JHN.8.44	6
23:33	REV.12.9	6
23:33	ISA.57.3-ISA.57.4	5
23:33	MAT.23.13-MAT.23.15	5
23:33	2CO.11.3	5
23:33	HEB.2.3	5
23:33	HEB.10.29	5
23:33	HEB.12.25	5
23:34	MAT.10.16-MAT.10.17	6
23:34	MAT.13.52	5
23:34	COL.1.28	4
23:34	MAT.10.23	3
23:34	MAT.23.34-MAT.23.36	3
23:34	LUK.11.49-LUK.11.51	3
23:34	ACT.13.1	3
23:34	2CH.36.15-2CH.36.16	2
23:34	PRO.11.30	2
23:34	MAT.28.19-MAT.28.20	2
23:34	LUK.24.47	2
23:34	JHN.16.2	2
23:34	JHN.20.21	2
23:34	ACT.1.8	2
23:34	ACT.5.40	2
23:34	ACT.7.51-ACT.7.52	2
23:34	ACT.7.58-ACT.7.59	2
23:34	ACT.11.27	2
23:34	ACT.12.2	2
23:34	ACT.14.19	2
23:34	ACT.15.32	2
23:34	ACT.22.19-ACT.22.20	2
23:34	1CO.2.6	2
23:34	1CO.3.10	2
23:34	1CO.12.3-1CO.12.11	2
23:34	2CO.11.24-2CO.11.25	2
23:34	EPH.4.8-EPH.4.12	2
23:34	HEB.11.37	2
23:34	REV.11.10	2
23:34	ACT.9.1-ACT.9.2	1
23:34	1TH.2.16	1
23:35	2CH.24.20-2CH.24.22	14
23:35	HEB.11.4	12
23:35	ZEC.1.1	11
23:35	GEN.4.8	9
23:35	REV.18.24	7
23:35	JER.26.15	6
23:35	2KI.21.16	5
23:35	2KI.24.4	5
23:35	HEB.12.24	4
23:35	ISA.26.21	3
23:35	JER.26.23	3
23:35	LUK.11.51	3
23:35	GEN.9.5-GEN.9.6	2
23:35	NUM.35.33	2
23:35	DEU.21.7-DEU.21.8	2
23:35	JER.2.30	2
23:35	JER.2.34	2
23:35	LAM.4.13-LAM.4.14	2
23:35	1JN.3.11-1JN.3.12	2
23:36	MAT.10.23	5
23:36	MAT.24.34	5
23:36	MRK.13.30-MRK.13.31	3
23:36	LUK.21.32-LUK.21.33	3
23:36	EZK.12.21-EZK.12.28	2
23:37	LUK.13.34-LUK.13.35	19
23:37	PSA.91.4	18
23:37	RUT.2.12	17
23:37	DEU.32.11-DEU.32.12	15
23:37	PSA.17.8	13
23:37	NEH.9.26	11
23:37	PRO.1.24-PRO.1.31	11
23:37	JER.6.16-JER.6.17	10
23:37	PSA.36.7	9
23:37	PSA.63.7	9
23:37	PSA.57.1	8
23:37	2CH.24.21-2CH.24.22	7
23:37	JER.35.15	7
23:37	HOS.11.2	7
23:37	MAT.5.12	7
23:37	MAT.22.3	7
23:37	MAT.23.30	7
23:37	LUK.14.17-LUK.14.20	7
23:37	LUK.19.14-LUK.19.44	7
23:37	JER.25.3-JER.25.7	6
23:37	JER.42.9-JER.42.13	6
23:37	JER.44.4	6
23:37	MAT.21.35-MAT.21.36	6
23:37	ACT.7.51-ACT.7.52	6
23:37	1TH.2.15	6
23:37	REV.11.7-REV.11.8	6
23:37	2CH.36.15-2CH.36.16	4
23:37	PSA.81.8-PSA.81.11	4
23:37	ISA.50.2	4
23:37	JER.2.30	4
23:37	JER.4.14	4
23:37	JER.6.8	4
23:37	JER.11.7-JER.11.8	4
23:37	JER.26.23	4
23:37	HOS.11.7	4
23:37	ZEC.1.4	4
23:37	MAT.22.6	4
23:37	MRK.12.3-MRK.12.6	3
23:37	LUK.15.28	3
23:37	LUK.20.11-LUK.20.14	3
23:37	REV.17.6	3
23:38	JER.22.5	6
23:38	LUK.13.35	5
23:38	LUK.21.24	4
23:38	1KI.9.7	3
23:38	LUK.19.43-LUK.19.44	3
23:38	LUK.21.6	3
23:38	LUK.21.20	3
23:38	ACT.6.13-ACT.6.14	3
23:38	MRK.13.14	2
23:38	2CH.7.20-2CH.7.21	1
23:38	PSA.69.24	1
23:38	ISA.64.10-ISA.64.12	1
23:38	JER.7.9-JER.7.14	1
23:38	DAN.9.26	1
23:38	ZEC.11.1-ZEC.11.2	1
23:38	ZEC.11.6	1
23:38	ZEC.14.1-ZEC.14.2	1
23:38	MAT.24.2	1
23:39	PSA.118.26	13
23:39	MAT.21.9	6
23:39	ROM.11.25	3
23:39	ISA.40.9-ISA.40.11	2
23:39	HOS.3.4	2
23:39	ZEC.12.10	2
23:39	LUK.2.26-LUK.2.30	2
23:39	LUK.10.22-LUK.10.23	2
23:39	LUK.17.22	2
23:39	JHN.8.21	2
23:39	JHN.8.24	2
23:39	JHN.8.56	1
23:39	JHN.14.9	1
23:39	JHN.14.19	1
23:39	2CO.3.14-2CO.3.18	1
24:1	MRK.13.1-MRK.13.37	17
24:1	EZK.8.6	11
24:1	LUK.21.5-LUK.21.36	11
24:1	JER.6.8	7
24:1	MAT.21.23	5
24:1	MAT.23.39	5
24:1	JHN.2.20	5
24:1	HOS.9.12	4
24:1	EZK.10.17-EZK.10.19	3
24:1	EZK.11.22-EZK.11.23	3
24:2	LUK.19.44	16
24:2	JER.26.18	11
24:2	MIC.3.12	9
24:2	EZK.7.20-EZK.7.22	8
24:2	1KI.9.7-1KI.9.8	6
24:2	DAN.9.26-DAN.9.27	6
24:2	2PE.3.11	5
24:3	MRK.13.3-MRK.13.4	20
24:3	ACT.1.7	17
24:3	1TH.5.1-1TH.5.11	12
24:3	MAT.13.49	11
24:3	MAT.24.37	11
24:3	DAN.12.6-DAN.12.8	9
24:3	MAT.13.39-MAT.13.40	9
24:3	LUK.21.7	9
24:3	MAT.24.32-MAT.24.33	8
24:3	MAT.21.1	7
24:3	MAT.24.27	6
24:3	MAT.24.39	6
24:3	MAT.28.20	6
24:3	HEB.9.26	6
24:3	MAT.17.19	3
24:3	MAT.24.43	3
24:3	JHN.21.21-JHN.21.22	3
24:3	MAT.13.10-MAT.13.11	1
24:3	MAT.13.36	1
24:3	MAT.15.12	1
24:4	2TH.2.3	21
24:4	1JN.4.1	21
24:4	JER.29.8	20
24:4	COL.2.8	16
24:4	EPH.5.6	13
24:4	MRK.13.22	12
24:4	MRK.13.5-MRK.13.6	11
24:4	LUK.21.8	11
24:4	2CO.11.13-2CO.11.15	9
24:4	EPH.4.14	9
24:4	2PE.2.1-2PE.2.3	7
24:4	COL.2.18	5
24:5	MAT.24.11	22
24:5	MAT.24.24	22
24:5	JER.14.14	16
24:5	1JN.2.18	15
24:5	ACT.5.36-ACT.5.37	10
24:5	ACT.8.9-ACT.8.10	9
24:5	JER.23.25	7
24:5	JER.23.21	6
24:5	JHN.5.43	6
24:5	REV.13.8	6
24:6	MRK.13.7-MRK.13.8	30
24:6	LUK.21.9	23
24:6	ISA.8.12-ISA.8.14	12
24:6	JHN.14.1	12
24:6	1PE.3.14-1PE.3.15	12
24:6	PSA.46.1-PSA.46.3	9
24:6	PSA.112.7	9
24:6	JHN.14.27	9
24:6	2TH.2.2	9
24:6	MAT.24.14	7
24:6	HAB.3.16-HAB.3.18	6
24:6	LUK.21.19	6
24:6	PSA.27.1-PSA.27.3	5
24:6	ISA.12.2	5
24:6	ISA.26.3-ISA.26.4	5
24:6	ISA.26.20-ISA.26.21	4
24:6	EZK.7.24-EZK.7.26	4
24:6	EZK.14.17-EZK.14.21	4
24:6	EZK.21.9-EZK.21.15	4
24:6	EZK.21.28	4
24:6	MAT.26.54	4
24:6	LUK.22.37	4
24:6	JER.4.19-JER.4.22	3
24:6	JER.6.22-JER.6.24	3
24:6	JER.8.15-JER.8.16	3
24:6	DAN.11.1-DAN.11.45	3
24:6	ACT.27.24-ACT.27.26	3
24:6	JER.47.6	2
24:6	DAN.9.24-DAN.9.27	2
24:7	LUK.21.11	23
24:7	REV.6.8	14
24:7	ISA.19.2	13
24:7	ZEC.14.13	11
24:7	2CH.15.6	10
24:7	ACT.11.28	10
24:7	REV.6.12	9
24:7	JOL.2.30-JOL.2.31	8
24:7	LUK.21.25-LUK.21.26	8
24:7	EZK.21.27	7
24:7	ZEC.14.2-ZEC.14.4	7
24:7	HEB.12.27	7
24:7	ISA.24.19-ISA.24.23	6
24:7	EZK.14.21	6
24:7	HAG.2.21-HAG.2.22	6
24:7	ISA.9.19-ISA.9.21	4
24:7	ACT.2.19	4
24:8	1TH.5.3	14
24:8	1PE.4.17-1PE.4.18	9
24:8	DEU.28.59	7
24:8	ISA.9.17	3
24:8	ISA.10.4	3
24:8	LEV.26.18-LEV.26.29	2
24:8	ISA.9.12	2
24:8	ISA.9.21	2
24:9	JHN.16.2	39
24:9	JHN.15.19-JHN.15.20	33
24:9	LUK.21.16-LUK.21.17	29
24:9	REV.2.10	27
24:9	MAT.10.17-MAT.10.22	20
24:9	LUK.21.12	20
24:9	MRK.13.9-MRK.13.13	19
24:9	REV.6.9-REV.6.11	15
24:9	REV.7.14	14
24:9	1PE.4.16	13
24:9	ACT.5.40-ACT.5.41	12
24:9	1TH.2.14-1TH.2.16	12
24:9	ACT.4.2-ACT.4.3	10
24:9	MAT.23.34	8
24:9	LUK.11.49	8
24:9	ACT.7.59	8
24:9	ACT.21.31-ACT.21.32	8
24:9	REV.2.13	8
24:9	MAT.22.6	7
24:9	ACT.12.1-ACT.12.5	7
24:9	ACT.22.19-ACT.22.22	7
24:9	ACT.28.22	7
24:10	MIC.7.5-MIC.7.6	10
24:10	MAT.11.6	8
24:10	MRK.13.12	8
24:10	LUK.21.16	8
24:10	MRK.4.17	7
24:10	JHN.6.66-JHN.6.67	6
24:10	2TI.4.16	6
24:10	MAT.10.21	5
24:10	MAT.10.35-MAT.10.36	5
24:10	MAT.13.21	5
24:10	MAT.26.31-MAT.26.34	4
24:10	2TI.4.10	4
24:10	MAT.13.57	3
24:10	JHN.6.60-JHN.6.61	3
24:10	2TI.1.15	3
24:10	MAT.26.21-MAT.26.24	2
24:11	MAT.24.24	15
24:11	MAT.7.15	14
24:11	MAT.24.5	13
24:11	1TI.4.1	9
24:11	MRK.13.22	8
24:11	1JN.2.18	7
24:11	JUD.1.4	7
24:11	REV.19.20	7
24:11	2PE.2.1	6
24:11	1JN.4.1	6
24:11	ACT.20.30	4
24:11	1JN.2.26	4
24:12	REV.2.4-REV.2.5	30
24:12	JAS.4.1-JAS.4.4	23
24:12	REV.3.15	13
24:12	REV.2.10	9
24:12	JAS.5.1-JAS.5.6	8
24:13	MAT.10.22	51
24:13	MRK.13.13	46
24:13	REV.2.10	39
24:13	HEB.10.39	38
24:13	HEB.3.14	35
24:13	ROM.2.7	34
24:13	1CO.1.8	30
24:13	LUK.8.15	28
24:13	HEB.3.6	22
24:13	MAT.24.6	18
24:14	REV.14.6	48
24:14	ROM.10.18	44
24:14	ROM.16.25-ROM.16.26	36
24:14	MRK.16.15-MRK.16.16	31
24:14	LUK.24.47	31
24:14	COL.1.23	22
24:14	MAT.9.35	20
24:14	MAT.10.7	20
24:14	MAT.24.6	16
24:14	ROM.15.18-ROM.15.21	16
24:14	MAT.4.23	15
24:14	COL.1.6	15
24:14	EZK.7.10	14
24:14	ACT.17.6	14
24:14	REV.3.10	14
24:14	EZK.7.5-EZK.7.7	13
24:14	ACT.20.25	13
24:14	REV.16.14	12
24:14	MAT.24.3	11
24:14	LUK.4.5	10
24:14	ACT.1.2	9
24:14	MAT.18.19	8
24:14	ACT.11.28	7
24:15	DAN.9.27	57
24:15	DAN.12.11	37
24:15	MRK.13.14	32
24:15	LUK.21.20	25
24:15	DAN.11.31	22
24:15	DAN.9.23	15
24:15	REV.1.3	14
24:15	LUK.19.43	13
24:15	HEB.2.1	12
24:15	DAN.9.25	11
24:15	DAN.10.12-DAN.10.14	7
24:15	ACT.6.13	7
24:15	EZK.40.4	5
24:15	JHN.11.48	5
24:15	REV.3.22	5
24:15	ACT.21.28	4
24:16	GEN.19.15-GEN.19.17	7
24:16	LUK.21.21-LUK.21.22	6
24:16	HEB.11.7	6
24:16	PRO.22.3	5
24:16	EXO.9.20-EXO.9.21	4
24:16	JER.37.11-JER.37.12	3
24:16	JER.6.1	2
24:17	LUK.17.31-LUK.17.33	9
24:17	MRK.13.15-MRK.13.16	6
24:17	MAT.10.27	5
24:17	LUK.12.3	4
24:17	ACT.10.9	4
24:17	DEU.22.8	3
24:17	1SA.9.25	3
24:17	MAT.6.25	3
24:17	LUK.5.19	3
24:17	JOB.2.4	2
24:17	PRO.6.4-PRO.6.5	2
24:19	LUK.23.29-LUK.23.30	10
24:19	DEU.28.53-DEU.28.56	8
24:19	LUK.21.23	8
24:19	MRK.13.17-MRK.13.18	7
24:19	LAM.4.10	4
24:19	LAM.4.3-LAM.4.4	3
24:19	HOS.13.16	3
24:19	2SA.4.4	2
24:19	2KI.15.16	1
24:20	EXO.16.29	6
24:20	ACT.1.12	3
24:21	DAN.12.1	27
24:21	JOL.2.2	17
24:21	MAL.4.1	7
24:21	ZEC.14.2-ZEC.14.3	5
24:21	ISA.66.15-ISA.66.16	4
24:21	MAT.24.29	4
24:21	LUK.19.43-LUK.19.44	4
24:21	LUK.21.24	4
24:21	ISA.65.12-ISA.65.16	3
24:21	DAN.9.26	3
24:21	JOL.1.2	3
24:21	1TH.2.16	3
24:21	HEB.10.26-HEB.10.29	3
24:21	PSA.69.22-PSA.69.28	2
24:21	ZEC.11.8-ZEC.11.9	2
24:21	MRK.13.9	1
24:22	MRK.13.20	22
24:22	2TI.2.10	12
24:22	MAT.24.24	9
24:22	MAT.24.31	9
24:22	MAT.22.14	6
24:22	LUK.18.7	6
24:22	ISA.65.8-ISA.65.9	5
24:22	ZEC.14.2	5
24:22	ROM.9.11	5
24:22	ROM.11.25-ROM.11.31	5
24:22	ISA.6.13	4
24:22	ZEC.13.8	4
24:23	LUK.21.8	11
24:23	LUK.17.23-LUK.17.24	9
24:23	DEU.13.1-DEU.13.3	7
24:23	MRK.13.21	7
24:23	JHN.5.43	4
24:24	2TH.2.9-2TH.2.11	46
24:24	MRK.13.22	40
24:24	REV.13.13-REV.13.14	36
24:24	MAT.24.11	32
24:24	2PE.2.1-2PE.2.3	31
24:24	MAT.7.15	28
24:24	MAT.24.5	19
24:24	2PE.3.17	17
24:24	DEU.13.1	16
24:24	1JN.5.18	16
24:24	JHN.10.28-JHN.10.30	13
24:24	REV.13.7-REV.13.8	13
24:24	REV.12.9-REV.12.11	12
24:24	REV.19.20	12
24:24	JHN.6.37	10
24:24	JHN.6.39	10
24:24	2TI.2.19	10
24:24	1PE.1.5	10
24:24	ROM.8.28-ROM.8.39	8
24:24	GAL.4.15	8
24:24	ACT.20.16	4
24:24	ROM.12.18	3
24:25	JHN.16.1	7
24:25	LUK.21.13	5
24:25	ISA.44.7-ISA.44.8	4
24:25	ISA.46.10-ISA.46.11	4
24:25	ISA.48.5-ISA.48.6	4
24:27	LUK.17.24-LUK.17.37	10
24:27	ZEC.9.14	5
24:27	JOB.37.3	4
24:27	ISA.30.30	4
24:27	MAL.3.2	4
24:27	JAS.5.8	4
24:27	MAL.4.5	3
24:27	2PE.3.4	3
24:27	JOB.38.35	2
24:27	MAT.16.28	2
24:27	MAT.24.37	2
24:27	MAT.24.39	2
24:27	MAT.8.20	0
24:27	MAT.24.3	0
24:28	LUK.17.37	13
24:28	JOB.39.27-JOB.39.30	5
24:28	AMO.9.1-AMO.9.4	4
24:28	DEU.28.49	3
24:28	JER.16.16	1
24:29	AMO.8.9	24
24:29	JOL.3.15	23
24:29	ISA.13.10	22
24:29	ISA.24.23	14
24:29	MRK.13.24-MRK.13.25	14
24:29	ACT.2.19-ACT.2.20	13
24:29	JOL.2.30-JOL.2.31	11
24:29	REV.6.12-REV.6.17	11
24:29	ISA.34.4	10
24:29	2PE.3.10	10
24:29	JOL.2.10	9
24:29	ZEP.1.14-ZEP.1.15	9
24:29	LUK.21.25-LUK.21.26	9
24:29	REV.8.12	9
24:29	AMO.5.20	8
24:29	JER.4.23-JER.4.28	7
24:29	EZK.32.7-EZK.32.8	5
24:29	DAN.7.11-DAN.7.12	5
24:29	MAT.24.21	2
24:29	MAT.24.8	0
24:30	REV.1.7	27
24:30	DAN.7.13	17
24:30	LUK.21.27	14
24:30	MAT.26.64	13
24:30	ACT.1.11	13
24:30	MAT.16.27-MAT.16.28	12
24:30	MRK.13.26	10
24:30	ZEC.12.10	9
24:30	MAT.24.3	8
24:30	2TH.1.7	8
24:30	MRK.14.62-MRK.14.64	7
24:30	LUK.22.69	7
24:30	MRK.13.4	5
24:31	1TH.4.16	28
24:31	MRK.13.27	26
24:31	ISA.27.13	23
24:31	1CO.15.52	18
24:31	ISA.11.12	16
24:31	MAT.13.41	13
24:31	2TH.2.1	9
24:31	PSA.22.27	7
24:31	ISA.43.6	7
24:31	ISA.45.22	7
24:31	ISA.60.4	7
24:31	MAT.25.31	7
24:31	EPH.1.10	7
24:31	ISA.13.5	6
24:31	ISA.49.18	6
24:31	ZEC.2.6	6
24:31	JHN.11.52	6
24:31	REV.14.6-REV.14.9	6
24:31	DEU.30.4	5
24:31	ZEC.9.14	5
24:31	REV.7.1	5
24:31	NUM.10.1-NUM.10.10	4
24:31	PSA.67.7	3
24:31	PSA.81.3	3
24:31	ISA.42.10	3
24:31	DAN.7.2	3
24:31	ZEC.14.5	3
24:31	MAT.24.22	3
24:31	MAT.28.18	3
24:31	ROM.10.18	3
24:31	REV.8.2	3
24:31	ZEC.9.10	2
24:31	MRK.16.15-MRK.16.16	2
24:31	LUK.24.47	2
24:31	ACT.26.19-ACT.26.20	2
24:31	REV.11.15	2
24:31	REV.1.20-REV.2.1	1
24:32	MRK.13.28-MRK.13.29	11
24:32	LUK.21.29-LUK.21.30	10
24:33	JAS.5.9	11
24:33	HEB.10.37	7
24:33	EZK.7.2-EZK.7.14	5
24:33	1PE.4.7	2
24:33	REV.3.20	2
24:34	MRK.13.30-MRK.13.31	36
24:34	LUK.21.32-LUK.21.33	22
24:34	MAT.16.28	17
24:34	MAT.23.36	15
24:34	LUK.11.50	8
24:34	MAT.12.45	7
24:35	ISA.40.8	440
24:35	1PE.1.25	322
24:35	NUM.23.19	275
24:35	ISA.55.11	250
24:35	MAT.5.18	232
24:35	PRO.30.5	215
24:35	ISA.51.6	186
24:35	ISA.54.10	163
24:35	PSA.89.34	144
24:35	TIT.1.2	109
24:35	PSA.102.26	107
24:35	2PE.3.7-2PE.3.12	103
24:35	HEB.1.11-HEB.1.12	95
24:35	PSA.19.7	90
24:35	JER.31.35-JER.31.36	75
24:35	REV.3.14	70
24:35	REV.6.14	67
24:35	REV.20.11	65
24:35	ISA.34.4	64
24:36	MRK.13.32	62
24:36	ACT.1.7	34
24:36	MAT.24.44	33
24:36	2PE.3.10	31
24:36	1TH.5.2	26
24:36	MAT.24.42	25
24:36	REV.16.15	23
24:36	MAT.25.13	22
24:36	ZEC.14.7	18
24:36	REV.3.3	18
24:37	LUK.17.26-LUK.17.27	13
24:37	GEN.6.1-GEN.6.7	11
24:37	HEB.11.7	9
24:37	2PE.2.5	9
24:37	2PE.3.6	8
24:37	MAT.24.39	6
24:37	1PE.3.20-1PE.3.21	5
24:37	GEN.7.6-GEN.7.23	3
24:37	JOB.22.15-JOB.22.17	2
24:38	LUK.17.26-LUK.17.28	12
24:38	ROM.13.13-ROM.13.14	8
24:38	LUK.14.18-LUK.14.20	7
24:38	GEN.6.2	6
24:38	LUK.12.45	6
24:38	ISA.22.12-ISA.22.14	5
24:38	AMO.6.3-AMO.6.6	5
24:38	MAT.22.30	5
24:38	LUK.12.19	5
24:38	LUK.21.34	5
24:38	1CO.7.29-1CO.7.31	5
24:38	EZK.16.49-EZK.16.50	4
24:38	1SA.25.36-1SA.25.38	3
24:38	1SA.30.16-1SA.30.17	3
24:38	GEN.7.7	2
24:39	JHN.3.20	8
24:39	MAT.24.37	6
24:39	ACT.13.41	5
24:39	PRO.24.12	4
24:39	ISA.44.18-ISA.44.19	4
24:39	PRO.29.7	3
24:39	2PE.3.5	3
24:39	JDG.20.34	2
24:39	PRO.23.35	2
24:39	ISA.42.25	2
24:39	MAT.13.13-MAT.13.15	2
24:39	LUK.19.44	2
24:39	ROM.1.28	2
24:40	LUK.17.34-LUK.17.37	21
24:40	2PE.2.7-2PE.2.9	6
24:40	2PE.2.5	3
24:41	EXO.11.5	4
24:41	ISA.47.2	4
24:41	LUK.17.35	4
24:42	LUK.21.36	26
24:42	1TH.5.6	25
24:42	MAT.25.13	19
24:42	REV.16.15	16
24:42	MAT.24.36	14
24:42	1CO.16.13	14
24:42	LUK.12.35-LUK.12.40	13
24:42	MAT.24.44	11
24:42	MAT.26.38-MAT.26.41	10
24:42	ROM.13.11	10
24:42	1PE.5.8	9
24:42	REV.3.2-REV.3.3	9
24:42	MRK.13.33-MRK.13.37	8
24:42	1PE.4.7	8
24:43	LUK.12.39	9
24:43	MAT.24.44	7
24:43	1TH.5.2-1TH.5.6	5
24:43	2PE.3.10-2PE.3.11	5
24:43	MAT.20.11	2
24:43	EXO.22.2-EXO.22.3	1
24:43	PRO.7.19	0
24:44	MAT.25.10	23
24:44	MAT.24.42	18
24:44	MAT.25.13	17
24:44	LUK.12.40	16
24:44	PHP.4.5	13
24:44	MAT.24.27	11
24:44	REV.19.7	11
24:44	JAS.5.9	10
24:45	MAT.25.21	17
24:45	1CO.4.1-1CO.4.2	14
24:45	MAT.25.23	13
24:45	LUK.12.41-LUK.12.43	13
24:45	LUK.16.10-LUK.16.12	13
24:45	MAT.25.35-MAT.25.40	11
24:45	2TI.2.2	11
24:45	JHN.21.15-JHN.21.17	10
24:45	ACT.20.28	10
24:45	1TI.1.12	10
24:45	MAT.10.16	9
24:45	LUK.19.17	9
24:45	HEB.3.5	9
24:45	REV.2.13	9
24:45	MAT.7.24	8
24:45	MAT.13.52	8
24:45	1CO.3.1-1CO.3.2	8
24:45	1PE.4.10-1PE.4.11	8
24:45	1PE.5.1-1PE.5.3	8
24:45	EZK.34.2	7
24:45	MAT.25.2	7
24:45	EPH.4.11-EPH.4.13	7
24:46	REV.16.15	8
24:46	LUK.12.43	5
24:46	LUK.12.37	4
24:46	MAT.25.34	2
24:46	PHP.1.21-PHP.1.23	2
24:46	2TI.4.6-2TI.4.8	2
24:46	2PE.1.13-2PE.1.15	2
24:46	REV.2.19	2
24:47	MAT.25.23	8
24:47	MAT.25.21	7
24:47	LUK.12.37	5
24:47	LUK.12.44	4
24:47	LUK.19.17	3
24:47	2TI.2.12	3
24:47	REV.3.21	3
24:47	REV.21.7	3
24:47	DAN.12.3	2
24:47	LUK.22.29-LUK.22.30	2
24:47	JHN.12.26	2
24:47	1PE.5.4	2
24:48	MAT.18.32	6
24:48	2PE.3.3-2PE.3.5	6
24:48	ISA.32.6	5
24:48	LUK.12.45	5
24:48	DEU.9.4	3
24:48	MRK.7.21	3
24:48	JHN.13.2	3
24:48	ACT.5.3	3
24:48	DEU.15.9	2
24:48	2KI.5.26	2
24:48	ECC.8.11	2
24:48	EZK.12.22	2
24:48	EZK.12.27	2
24:48	MAT.25.26	2
24:48	LUK.19.22	2
24:48	ACT.8.22	2
24:49	MIC.3.5	3
24:49	MAT.7.15	3
24:49	REV.17.6	3
24:49	1SA.2.13-1SA.2.16	2
24:49	1SA.2.29	2
24:49	ISA.56.12	2
24:49	ISA.66.5	2
24:49	EZK.34.3	2
24:49	ROM.16.18	2
24:49	2CO.11.20	2
24:49	PHP.3.19	2
24:49	TIT.1.11-TIT.1.12	2
24:49	1PE.5.3	2
24:49	2PE.2.13-2PE.2.14	2
24:49	3JN.1.9-3JN.1.10	2
24:49	JUD.1.12	2
24:49	REV.13.7	2
24:49	REV.16.6	2
24:50	1TH.5.2-1TH.5.3	5
24:50	REV.3.3	5
24:50	MAT.24.42-MAT.24.44	4
24:50	PRO.29.1	1
24:51	MAT.8.12	7
24:51	LUK.12.46	5
24:51	MAT.22.13	4
24:51	JOB.20.29	3
24:51	ISA.33.14	3
24:51	MAT.25.30	2
24:51	LUK.13.28	2
25:1	LUK.12.35-LUK.12.36	68
25:1	MAT.24.42-MAT.24.51	32
25:1	REV.19.7	31
25:1	PHP.2.15-PHP.2.16	29
25:1	JHN.3.29	19
25:1	REV.21.9	19
25:1	ISA.54.5	18
25:1	MAT.13.24	18
25:1	REV.21.2	18
25:1	MAT.22.2	16
25:1	TIT.2.13	16
25:1	REV.14.4	16
25:1	PSA.45.9-PSA.45.11	13
25:1	MAT.3.2	13
25:1	2TI.4.8	13
25:1	DAN.2.44	12
25:1	MAT.20.1	11
25:1	LUK.5.34-LUK.5.35	11
25:1	2PE.1.13-2PE.1.15	11
25:1	2PE.3.12-2PE.3.13	11
25:1	PSA.45.14	10
25:1	MAT.13.38	10
25:1	1CO.11.2	10
25:1	SNG.5.8	9
25:1	MAT.5.16	9
25:1	MAT.13.47	9
25:1	MRK.2.19-MRK.2.20	9
25:1	REV.4.5	9
25:1	SNG.6.8-SNG.6.9	8
25:1	MAT.9.15	8
25:1	MAT.13.31	8
25:1	2CO.11.2	8
25:1	LUK.21.34-LUK.21.36	7
25:1	ACT.20.8	7
25:1	ISA.62.4-ISA.62.5	6
25:1	MAT.13.44-MAT.13.45	6
25:1	EPH.5.25-EPH.5.33	4
25:1	SNG.1.3	2
25:1	SNG.5.16-SNG.6.1	1
25:2	JER.24.2	8
25:2	1CO.10.1-1CO.10.5	7
25:2	MAT.13.19-MAT.13.23	5
25:2	MAT.13.47-MAT.13.48	5
25:2	1JN.2.19	4
25:2	JUD.1.5	4
25:2	MAT.13.38-MAT.13.43	3
25:2	MAT.24.45	3
25:2	MAT.22.10-MAT.22.11	2
25:2	MAT.7.24-MAT.7.27	1
25:3	2TI.3.5	13
25:3	REV.3.15-REV.3.16	12
25:3	ISA.48.1-ISA.48.2	7
25:3	ISA.58.2	6
25:3	REV.3.1	5
25:3	HEB.12.15	3
25:3	MAT.23.25-MAT.23.26	1
25:3	EZK.33.3	0
25:4	ROM.8.9	8
25:4	1JN.2.20	5
25:4	1JN.2.27	5
25:4	JHN.3.34	4
25:4	PSA.45.7	3
25:4	ZEC.4.2-ZEC.4.3	3
25:4	GAL.5.22-GAL.5.23	3
25:4	JHN.1.15-JHN.1.16	2
25:4	2CO.1.22	2
25:4	JUD.1.19	2
25:5	HAB.2.3	6
25:5	1TH.5.6-1TH.5.8	5
25:5	2PE.3.4-2PE.3.9	5
25:5	MAT.24.48	4
25:5	LUK.20.9	4
25:5	MAT.25.19	3
25:5	MRK.14.37-MRK.14.38	3
25:5	LUK.12.45	3
25:5	HEB.10.36-HEB.10.37	3
25:5	SNG.3.1	2
25:5	SNG.5.2	2
25:5	JON.1.5-JON.1.6	2
25:5	MAT.26.40	2
25:5	MAT.26.43	2
25:5	LUK.18.8	2
25:5	ROM.13.11	2
25:5	EPH.5.14	2
25:5	1PE.5.8	2
25:5	REV.2.25	1
25:6	2PE.3.10	10
25:6	MAT.24.31	7
25:6	MAT.25.1	7
25:6	JHN.5.28-JHN.5.29	7
25:6	ISA.25.9	6
25:6	MAT.24.44	6
25:6	MAL.3.1-MAL.3.2	5
25:6	PSA.98.9	4
25:6	AMO.4.12	4
25:6	MAT.25.31	4
25:6	MRK.13.33-MRK.13.37	4
25:6	LUK.12.20	4
25:6	LUK.12.38-LUK.12.40	4
25:6	LUK.12.46	4
25:6	1TH.4.16	4
25:6	1TH.5.1-1TH.5.3	4
25:6	2TH.1.7-2TH.1.10	4
25:6	JUD.1.14-JUD.1.15	4
25:6	REV.16.15	4
25:6	PSA.50.3-PSA.50.6	3
25:6	PSA.96.13	3
25:6	REV.19.7-REV.19.9	3
25:7	LUK.12.35	7
25:7	2PE.3.14	5
25:7	REV.3.19-REV.3.20	5
25:7	REV.2.4-REV.2.5	4
25:7	REV.3.2	2
25:8	PRO.13.9	7
25:8	LUK.12.35	6
25:8	HEB.4.1	4
25:8	MAT.13.20-MAT.13.21	3
25:8	REV.3.9	3
25:8	JOB.8.13-JOB.8.14	2
25:8	JOB.18.5	2
25:8	JOB.21.17	2
25:8	PRO.4.18-PRO.4.19	2
25:8	PRO.20.20	2
25:8	MAT.3.9	2
25:8	LUK.8.18	2
25:8	LUK.16.24	2
25:8	ACT.8.24	1
25:9	PSA.49.7-PSA.49.9	10
25:9	REV.3.17-REV.3.18	5
25:9	ISA.55.6-ISA.55.7	4
25:9	ISA.55.1-ISA.55.3	3
25:9	EZK.14.20	3
25:9	JER.15.1	2
25:9	EZK.14.14-EZK.14.16	2
25:9	ACT.8.22	2
25:10	LUK.13.25	10
25:10	MAT.24.44	7
25:10	LUK.12.36-LUK.12.37	7
25:10	1PE.1.13	7
25:10	GEN.7.16	5
25:10	PSA.95.11	4
25:10	AMO.8.12-AMO.8.13	4
25:10	MAT.25.6	4
25:10	2TI.4.8	4
25:10	HEB.3.18-HEB.3.19	4
25:10	REV.22.20	4
25:10	NUM.14.28-NUM.14.34	3
25:10	MAT.25.20-MAT.25.23	3
25:10	REV.1.7	3
25:10	REV.22.11-REV.22.12	3
25:10	COL.1.12	2
25:11	MAT.7.21-MAT.7.23	10
25:11	HEB.12.16-HEB.12.17	1
25:12	1CO.8.3	7
25:12	JHN.10.27	6
25:12	2TI.2.19	6
25:12	LUK.13.26-LUK.13.30	5
25:12	PSA.1.6	2
25:12	PSA.5.5	2
25:12	JHN.9.31	2
25:12	HAB.1.13	1
25:12	GAL.4.9	1
25:13	MAT.24.42-MAT.24.44	28
25:13	REV.16.15	23
25:13	1TH.5.6	21
25:13	LUK.21.36	19
25:13	1CO.16.13	14
25:13	MRK.13.33-MRK.13.37	13
25:13	1PE.5.8	13
25:13	MAT.24.50	12
25:13	2TI.4.5	10
25:13	ACT.20.31	9
25:13	1PE.4.7	9
25:14	MRK.13.34	23
25:14	ROM.12.6-ROM.12.8	18
25:14	1PE.4.9-1PE.4.11	18
25:14	LUK.19.12-LUK.19.27	17
25:14	MAT.25.14-MAT.25.30	13
25:14	1CO.4.1-1CO.4.2	13
25:14	EPH.4.11	13
25:14	1CO.12.4	12
25:14	1CO.12.7-1CO.12.29	10
25:14	MAT.21.33	9
25:14	LUK.16.1-LUK.16.12	9
25:14	1CO.3.5	8
25:14	LUK.20.9	5
25:15	MAT.18.24	7
25:15	LUK.19.13-LUK.19.14	3
25:15	LUK.12.48	1
25:16	1TI.6.17-1TI.6.18	4
25:16	2TI.2.6	4
25:16	PHM.1.6-PHM.1.7	4
25:16	3JN.1.5-3JN.1.8	4
25:16	2CH.33.15-2CH.33.16	3
25:16	NEH.5.14-NEH.5.19	3
25:16	ISA.23.18	3
25:16	ISA.60.5-ISA.60.16	3
25:16	ACT.13.36	3
25:16	ROM.15.18-ROM.15.19	3
25:16	1CO.9.16-1CO.9.23	3
25:16	2TI.4.5-2TI.4.8	3
25:16	2SA.7.1-2SA.7.3	2
25:16	1CH.13.1-1CH.13.3	2
25:16	1CH.22.1-1CH.22.19	2
25:16	1CH.28.2-1CH.29.17	2
25:16	2CH.1.9-2CH.1.10	2
25:16	2CH.15.8-2CH.15.15	2
25:16	2CH.17.3-2CH.17.9	2
25:16	2CH.19.4-2CH.19.10	2
25:16	2CH.31.20-2CH.31.21	2
25:16	2CH.34.1-2CH.34.33	2
25:16	ISA.49.23	2
25:16	1CO.15.10	2
25:17	PRO.3.9-PRO.3.10	6
25:17	EPH.5.16	3
25:17	GEN.18.19	2
25:17	1KI.18.3-1KI.18.4	2
25:17	2KI.4.8-2KI.4.10	2
25:17	ECC.11.1-ECC.11.6	2
25:17	MRK.14.3-MRK.14.8	2
25:17	ACT.9.36-ACT.9.39	2
25:17	ACT.10.2	2
25:17	ACT.11.29-ACT.11.30	2
25:17	2CO.8.12	2
25:17	2CO.9.11-2CO.9.14	2
25:17	GAL.6.9-GAL.6.10	2
25:17	COL.4.17	2
25:17	1TI.5.10	2
25:17	2TI.1.16-2TI.1.18	2
25:17	HEB.6.10-HEB.6.11	2
25:17	1PE.4.10	2
25:17	2SA.19.32	1
25:17	JOB.29.11-JOB.29.17	1
25:17	JOB.31.16-JOB.31.22	1
25:18	2PE.1.8	6
25:18	PRO.18.9	2
25:18	PRO.26.13-PRO.26.16	2
25:18	HAG.1.2-HAG.1.4	2
25:18	MAL.1.10	2
25:18	LUK.19.20	2
25:18	HEB.6.12	2
25:19	1CO.3.12-1CO.3.15	5
25:19	2CO.5.10	5
25:19	ROM.14.7-ROM.14.12	4
25:19	MAT.18.23-MAT.18.24	3
25:19	LUK.16.1-LUK.16.2	3
25:19	MAT.24.48	2
25:19	MAT.25.5	2
25:19	LUK.16.19-LUK.16.31	2
25:19	JAS.3.1	1
25:20	ACT.20.24	3
25:20	1CO.15.10	3
25:20	LUK.19.16-LUK.19.17	2
25:20	COL.1.29	2
25:20	2TI.4.1-2TI.4.8	2
25:20	JAS.2.18	2
25:21	MAT.25.23	52
25:21	LUK.16.10	43
25:21	JHN.12.26	36
25:21	2TI.2.12	22
25:21	REV.3.21	20
25:21	JHN.14.3	16
25:21	JHN.17.24	14
25:21	MAT.24.45	13
25:21	1PE.1.7-1PE.1.8	13
25:21	REV.2.10	13
25:21	LUK.22.28-LUK.22.30	11
25:21	PHP.1.23	11
25:21	2CH.31.20-2CH.31.21	10
25:21	MAT.10.40-MAT.10.42	10
25:21	LUK.12.44	10
25:21	ROM.2.29	10
25:21	MAT.24.47	9
25:21	MAT.25.46	9
25:21	REV.7.17	9
25:21	PSA.16.10-PSA.16.11	8
25:21	2CO.10.18	8
25:21	HEB.12.2	8
25:21	REV.21.7	8
25:21	MAT.25.34-MAT.25.40	7
25:21	REV.2.26-REV.2.28	7
25:21	1CO.4.5	5
25:21	2CO.5.9	3
25:22	ROM.12.6-ROM.12.8	3
25:22	2CO.8.12	3
25:22	LUK.19.18-LUK.19.19	2
25:22	2CO.8.1-2CO.8.3	2
25:22	2CO.8.7-2CO.8.8	2
25:23	MAT.25.21	18
25:23	MRK.12.41-MRK.12.44	6
25:23	MRK.14.8-MRK.14.9	6
25:24	LUK.19.20-LUK.19.22	7
25:24	MAL.3.14-MAL.3.15	4
25:24	LUK.15.29	4
25:24	JER.2.31	3
25:24	EZK.18.25-EZK.18.29	3
25:24	JOB.21.14-JOB.21.15	2
25:24	ISA.58.3	2
25:24	JER.44.16-JER.44.18	2
25:24	MAL.1.12-MAL.1.13	2
25:24	MAT.7.21	2
25:24	MAT.20.12	2
25:24	LUK.6.46	2
25:24	ROM.8.7	2
25:24	ROM.9.20	2
25:25	2TI.1.6-2TI.1.7	4
25:25	ROM.8.15	3
25:25	2SA.6.9-2SA.6.10	2
25:25	PRO.26.13	2
25:25	ISA.57.11	2
25:25	REV.21.8	2
25:26	MAT.18.32	7
25:26	JOB.15.5-JOB.15.6	4
25:27	DEU.23.19-DEU.23.20	2
25:27	LUK.19.22-LUK.19.23	2
25:27	ROM.3.19	2
25:27	JUD.1.15	2
25:28	LUK.19.24	5
25:28	LUK.10.42	4
25:29	LUK.8.18	16
25:29	MAT.13.12	14
25:29	MRK.4.25	14
25:29	LUK.19.25-LUK.19.26	12
25:29	JHN.15.2	11
25:29	LUK.10.42	9
25:29	REV.2.5	8
25:29	LUK.16.1-LUK.16.3	7
25:29	LUK.16.9-LUK.16.12	7
25:29	LAM.2.6	5
25:29	MAT.21.41	5
25:29	LUK.12.19-LUK.12.21	5
25:29	LUK.16.20-LUK.16.25	5
25:29	JHN.11.48	5
25:29	HOS.2.9	3
25:30	MAT.8.12	10
25:30	MAT.13.50	7
25:30	MAT.22.13	7
25:30	HEB.6.7-HEB.6.8	7
25:30	REV.3.15-REV.3.16	7
25:30	TIT.3.14	5
25:30	JUD.1.13	5
25:30	JER.15.1-JER.15.2	3
25:30	MAT.13.42	3
25:30	MAT.24.51	3
25:30	LUK.13.28	3
25:30	JHN.15.6	3
25:30	EZK.15.2-EZK.15.5	2
25:30	MAT.3.10	2
25:30	MAT.5.13	2
25:30	LUK.14.34-LUK.14.35	2
25:30	2PE.2.17	2
25:30	REV.21.8	2
25:31	REV.1.7	20
25:31	MAT.19.28	17
25:31	2TH.1.7-2TH.1.8	17
25:31	JUD.1.14	16
25:31	MRK.8.38	15
25:31	MAT.16.27	14
25:31	PSA.9.7	13
25:31	JHN.5.27-JHN.5.29	13
25:31	DAN.7.13-DAN.7.14	12
25:31	ZEC.14.5	12
25:31	JHN.1.51	12
25:31	MAT.26.64	11
25:31	MRK.14.62	11
25:31	LUK.9.26	11
25:31	1TH.4.16	11
25:31	REV.3.21	11
25:31	REV.20.11	11
25:31	ACT.1.11	9
25:31	HEB.1.8	9
25:31	MAT.25.6	8
25:31	LUK.22.69	8
25:32	MAL.3.18	22
25:32	MAT.13.49	21
25:32	2CO.5.10	16
25:32	PSA.98.9	14
25:32	EZK.34.17-EZK.34.22	11
25:32	PSA.96.13	10
25:32	MAT.3.12	10
25:32	PSA.1.5	9
25:32	PSA.50.3-PSA.50.5	9
25:32	JHN.10.14	9
25:32	REV.20.12-REV.20.15	9
25:32	EZK.20.38	8
25:32	MAT.13.42-MAT.13.43	8
25:32	ROM.2.12	8
25:32	ROM.2.16	8
25:32	ROM.14.10-ROM.14.12	8
25:32	1CO.4.5	8
25:32	JHN.10.27	7
25:32	PSA.78.52	6
25:32	ACT.17.30-ACT.17.31	6
25:33	PSA.100.3	8
25:33	PSA.45.9	7
25:33	PSA.110.1	6
25:33	JHN.10.26-JHN.10.28	6
25:33	JHN.21.15-JHN.21.17	6
25:33	PSA.95.7	5
25:33	ACT.2.34-ACT.2.35	5
25:33	GEN.48.13-GEN.48.14	4
25:33	PSA.79.13	4
25:33	MRK.16.19	4
25:33	EPH.1.20	4
25:33	HEB.1.3	4
25:33	GEN.48.17-GEN.48.19	1
25:34	1PE.1.19-1PE.1.20	15
25:34	JAS.2.5	14
25:34	REV.21.7	12
25:34	REV.13.8	11
25:34	LUK.12.32	10
25:34	1PE.1.3-1PE.1.5	10
25:34	REV.17.8	10
25:34	MAT.20.23	9
25:34	EPH.1.3-EPH.1.6	8
25:34	HEB.4.3	8
25:34	ISA.6.5	7
25:34	MAT.25.41	7
25:34	1CO.15.50	7
25:34	HEB.11.16	6
25:34	MAT.13.35	5
25:34	MAT.19.29	5
25:34	MAT.25.21	5
25:34	1CO.2.9	5
25:34	1CO.6.9	5
25:34	GAL.5.21	5
25:34	REV.19.16	5
25:34	GEN.12.2-GEN.12.3	4
25:34	DEU.11.23-DEU.11.28	4
25:34	PSA.2.6	4
25:34	PSA.24.7-PSA.24.10	4
25:34	PSA.115.13-PSA.115.15	4
25:34	ISA.9.7	4
25:34	ISA.33.22	4
25:34	DAN.9.25	4
25:34	ZEC.9.9-ZEC.9.10	4
25:34	MAT.3.2	4
25:34	MAT.5.3-MAT.5.12	4
25:34	MAT.5.19	4
25:34	LUK.19.38	4
25:34	JHN.14.2-JHN.14.3	4
25:34	2TI.2.12	4
25:34	1PE.3.9	4
25:34	ISA.32.1-ISA.32.2	3
25:34	JER.23.5-JER.23.6	3
25:34	EZK.37.24-EZK.37.25	3
25:34	ZEP.3.15	3
25:34	MAT.21.5	3
25:34	MAT.22.11-MAT.22.13	3
25:34	MAT.25.23	3
25:34	MAT.27.37	3
25:34	MRK.10.40	3
25:34	LUK.1.31-LUK.1.33	3
25:34	LUK.11.28	3
25:34	JHN.1.49	3
25:34	JHN.12.13	3
25:34	JHN.19.15	3
25:34	JHN.19.19-JHN.19.22	3
25:34	ACT.3.26	3
25:34	ACT.15.18	3
25:34	ROM.8.17	3
25:34	GAL.3.13-GAL.3.14	3
25:34	EPH.5.5	3
25:34	1TH.2.12	3
25:34	2TI.4.8	3
25:34	HEB.9.26	3
25:34	1PE.1.9	3
25:34	REV.5.10	3
25:35	1JN.3.16-1JN.3.19	29
25:35	JAS.2.15-JAS.2.16	24
25:35	DEU.15.7-DEU.15.11	21
25:35	EZK.18.7	18
25:35	EZK.18.16	18
25:35	HEB.13.16	18
25:35	JAS.1.27	15
25:35	HEB.13.1-HEB.13.3	14
25:35	1PE.4.9-1PE.4.10	12
25:35	ROM.12.13	11
25:35	JOB.31.32	10
25:35	ISA.58.7-ISA.58.11	8
25:35	ROM.12.20	8
25:35	1TI.6.17-1TI.6.19	8
25:35	JOB.29.13-JOB.29.16	7
25:35	JOB.31.16-JOB.31.21	7
25:35	ACT.9.36-ACT.9.39	7
25:35	HEB.6.10	7
25:35	3JN.1.5-3JN.1.8	7
25:35	PRO.22.9	6
25:35	ROM.16.23	6
25:35	2CO.8.7-2CO.8.9	6
25:35	2CO.9.7-2CO.9.14	6
25:35	EPH.4.28	6
25:35	1TI.5.10	6
25:35	PHM.1.7	6
25:35	GEN.18.2-GEN.18.8	5
25:35	GEN.19.1-GEN.19.3	5
25:35	PSA.112.5-PSA.112.10	5
25:35	PRO.3.9-PRO.3.10	5
25:35	PRO.11.24-PRO.11.25	5
25:35	PRO.14.21	5
25:35	PRO.14.31	5
25:35	PRO.19.17	5
25:35	PRO.25.21	5
25:35	ECC.11.1-ECC.11.2	5
25:35	DAN.4.27	5
25:35	MIC.6.8	5
25:35	MAT.10.40-MAT.10.42	5
25:35	MAT.25.40	5
25:35	MAT.25.42-MAT.25.43	5
25:35	MAT.26.11	5
25:35	MRK.14.7	5
25:35	LUK.11.41	5
25:35	LUK.14.12-LUK.14.14	5
25:35	JHN.13.29	5
25:35	ACT.4.32	5
25:35	ACT.10.31	5
25:35	ACT.11.29	5
25:35	ACT.16.15	5
25:35	2CO.8.1-2CO.8.4	5
25:36	JAS.1.27	11
25:36	2TI.1.16-2TI.1.18	8
25:36	HEB.13.3	8
25:36	JAS.5.14-JAS.5.15	8
25:36	ACT.20.35	7
25:36	JAS.2.14-JAS.2.16	7
25:36	HEB.10.34	6
25:36	JOB.31.19-JOB.31.20	5
25:36	ISA.58.7	5
25:36	EZK.18.7	5
25:36	EZK.34.4	5
25:36	MAT.25.43	5
25:36	LUK.3.11	5
25:36	ACT.28.8-ACT.28.9	5
25:36	PHP.4.10-PHP.4.14	5
25:37	MAT.6.3	7
25:37	1CH.29.14	5
25:37	1PE.5.5-1PE.5.6	5
25:37	ISA.64.6	4
25:37	PRO.15.33	3
25:37	1CO.15.10	3
25:40	PRO.19.17	63
25:40	PRO.14.31	43
25:40	MAT.10.42	41
25:40	MRK.9.41	31
25:40	1PE.1.22	26
25:40	MAT.18.5-MAT.18.6	20
25:40	GAL.5.6	19
25:40	MAT.10.40	16
25:40	1JN.3.14-1JN.3.19	15
25:40	1JN.4.7-1JN.4.12	15
25:40	MAT.18.10	13
25:40	GAL.5.22	13
25:40	JHN.21.15-JHN.21.17	12
25:40	2CO.5.14-2CO.5.15	12
25:40	2CO.8.7-2CO.8.9	12
25:40	1TH.4.9-1TH.4.10	12
25:40	HEB.6.10	12
25:40	1JN.4.20-1JN.5.2	12
25:40	GAL.5.13	10
25:40	EPH.5.30	10
25:40	2SA.9.7	9
25:40	MRK.3.34-MRK.3.35	9
25:40	ACT.9.4-ACT.9.5	9
25:40	MAT.25.34	6
25:40	MAT.28.10	6
25:40	JHN.19.26-JHN.19.27	6
25:40	2SA.9.1	5
25:40	MAT.12.49-MAT.12.50	5
25:40	ROM.8.29	5
25:40	1CO.16.21-1CO.16.22	5
25:40	2CO.4.5	5
25:40	HEB.2.11-HEB.2.15	5
25:40	JHN.20.17	4
25:40	PRO.25.6-PRO.25.7	3
25:41	2PE.2.4	14
25:41	JUD.1.6-JUD.1.7	12
25:41	MAT.13.42	10
25:41	2TH.1.9	10
25:41	MAT.7.23	9
25:41	JHN.8.44	9
25:41	GAL.3.10-GAL.3.13	9
25:41	REV.20.10-REV.20.15	9
25:41	MAT.3.12	8
25:41	MAT.13.40	8
25:41	HEB.6.8	6
25:41	REV.14.10-REV.14.11	6
25:41	MRK.9.43-MRK.9.48	5
25:41	DEU.27.15-DEU.27.26	4
25:41	DEU.28.16-DEU.28.68	4
25:41	ISA.66.24	4
25:41	MAT.13.50	4
25:41	MAT.18.8	4
25:41	1JN.3.10	4
25:41	PSA.119.21	3
25:41	PSA.119.115	3
25:41	PSA.139.19	3
25:41	JER.17.5	3
25:41	MAT.5.22	3
25:41	MAT.25.46	3
25:41	LUK.13.27	3
25:41	LUK.16.24	3
25:41	ROM.9.22-ROM.9.23	3
25:41	REV.12.7-REV.12.9	3
25:41	PSA.6.8	1
25:42	JAS.2.15-JAS.2.24	6
25:42	1CO.16.22	5
25:42	MAT.12.30	4
25:42	JHN.5.23	4
25:42	2TH.1.8	4
25:42	AMO.6.6	3
25:42	MAT.10.37-MAT.10.38	3
25:42	MAT.25.35	3
25:42	JHN.8.42-JHN.8.44	3
25:42	JHN.14.21	3
25:42	1JN.3.14-1JN.3.17	3
25:42	1JN.4.20	3
25:44	MAT.7.22	5
25:44	LUK.10.29	5
25:44	JER.2.35	4
25:44	MAL.1.6	4
25:44	MAL.2.17	4
25:44	MAL.3.13	4
25:44	MAT.25.24-MAT.25.27	4
25:44	1SA.15.13-1SA.15.15	3
25:44	1SA.15.20-1SA.15.21	3
25:44	JER.2.23	3
25:45	PRO.21.13	16
25:45	PRO.17.5	12
25:45	PRO.14.31	11
25:45	MAT.25.40	11
25:45	ACT.9.5	10
25:45	1JN.3.12-1JN.3.20	7
25:45	1JN.5.1-1JN.5.3	6
25:45	PSA.105.15	4
25:45	GEN.12.3	3
25:45	NUM.24.9	3
25:45	ZEC.2.8	3
25:45	JHN.15.18-JHN.15.19	3
25:46	DAN.12.2	18
25:46	JHN.5.29	17
25:46	JHN.3.36	16
25:46	REV.21.8	14
25:46	REV.20.15	13
25:46	ROM.6.23	11
25:46	2TH.1.9	11
25:46	ROM.5.21	9
25:46	JHN.3.15-JHN.3.16	8
25:46	REV.20.10	8
25:46	JHN.10.27-JHN.10.28	7
25:46	MAT.25.41	6
25:46	MRK.9.48-MRK.9.49	6
25:46	MRK.9.43-MRK.9.45	5
25:46	ACT.24.15	5
25:46	GAL.6.8	5
25:46	1JN.2.25	5
25:46	REV.14.10-REV.14.11	5
25:46	MAT.19.29	4
25:46	LUK.16.26	4
25:46	JHN.17.2	4
25:46	ROM.2.7-ROM.2.16	4
25:46	1JN.5.11-1JN.5.12	4
25:46	PSA.16.10-PSA.16.11	3
25:46	MAT.13.43	3
25:46	JUD.1.21	2
26:1	MAT.7.28	3
26:1	MAT.19.1	1
26:2	MRK.14.1-MRK.14.2	5
26:2	LUK.22.1-LUK.22.2	5
26:2	MAT.20.18-MAT.20.19	4
26:2	JHN.13.1-JHN.13.2	4
26:2	MAT.17.22	3
26:2	MAT.26.24-MAT.26.25	3
26:2	LUK.24.6-LUK.24.7	3
26:2	JHN.11.55	3
26:2	JHN.18.2	3
26:2	EXO.12.11-EXO.12.14	2
26:2	EXO.34.25	2
26:2	MAT.27.4	2
26:2	LUK.22.15	2
26:2	JHN.2.13	2
26:2	JHN.12.1	2
26:3	JHN.11.47-JHN.11.53	5
26:3	JHN.18.24	5
26:3	MRK.14.54	4
26:3	PSA.2.1-PSA.2.2	3
26:3	MAT.21.45-MAT.21.46	3
26:3	MAT.26.57-MAT.26.58	3
26:3	JHN.11.57	3
26:3	JHN.18.13-JHN.18.15	3
26:3	JHN.18.28	3
26:3	ACT.4.5-ACT.4.6	3
26:3	ACT.4.25-ACT.4.28	3
26:3	PSA.56.6	2
26:3	PSA.64.4-PSA.64.6	2
26:3	PSA.94.20-PSA.94.21	2
26:3	JER.11.19	2
26:3	JER.17.27	2
26:3	JER.18.18-JER.18.20	2
26:3	MAT.26.69	1
26:3	LUK.3.2	1
26:4	MAT.12.14	5
26:4	PSA.2.2	3
26:4	ACT.13.10	3
26:4	GEN.3.1	2
26:4	MAT.23.33	2
26:4	ACT.7.19	2
26:4	2CO.11.3	1
26:5	MAT.27.24	5
26:5	MAT.14.5	4
26:5	MAT.21.26	4
26:5	PRO.19.21	3
26:5	PRO.21.30	3
26:5	ISA.46.10	3
26:5	MRK.14.2	3
26:5	MRK.14.12	3
26:5	MRK.14.27	3
26:5	PSA.76.10	1
26:5	LAM.3.37	1
26:5	LUK.22.7	1
26:5	JHN.18.28	1
26:5	ACT.4.28	1
26:5	LUK.20.6	0
26:6	MRK.14.3-MRK.14.9	14
26:6	JHN.12.1-JHN.12.8	12
26:6	LUK.7.37-LUK.7.39	11
26:6	JHN.11.1-JHN.11.2	8
26:6	MAT.21.17	6
26:6	MRK.11.12	3
26:7	JHN.12.2-JHN.12.3	9
26:7	LUK.7.46	7
26:7	LUK.7.37-LUK.7.38	6
26:7	ECC.9.8	5
26:7	PSA.133.2	4
26:7	SNG.1.3	4
26:7	ISA.57.9	4
26:7	EXO.30.23-EXO.30.33	3
26:7	ECC.10.1	2
26:8	JHN.12.4-JHN.12.6	9
26:8	MRK.14.4	7
26:8	EXO.5.17	3
26:8	1SA.17.28-1SA.17.29	2
26:8	ECC.4.4	2
26:8	AMO.8.5	2
26:8	HAG.1.2-HAG.1.4	2
26:8	MAL.1.7-MAL.1.10	1
26:8	MAL.1.13	1
26:9	MRK.14.5	3
26:9	JHN.12.5-JHN.12.6	3
26:9	JOS.7.20-JOS.7.21	2
26:9	1SA.15.9	2
26:9	1SA.15.21	2
26:9	2KI.5.20	2
26:9	2PE.2.15	1
26:10	TIT.3.8	7
26:10	HEB.13.21	6
26:10	1TI.3.1	5
26:10	1TI.5.10	5
26:10	2TI.2.21	5
26:10	TIT.1.16	5
26:10	TIT.2.14	5
26:10	TIT.3.1	5
26:10	TIT.3.14	5
26:10	COL.1.10	4
26:10	2TH.2.17	4
26:10	NEH.2.18	3
26:10	JOB.13.7	3
26:10	MRK.14.6	3
26:10	LUK.7.44-LUK.7.50	3
26:10	2CO.9.8	3
26:10	GAL.1.7	3
26:10	GAL.5.12	3
26:10	GAL.6.17	3
26:10	EPH.2.10	3
26:10	1PE.2.12	2
26:11	DEU.15.11	17
26:11	MRK.14.7	11
26:11	JHN.12.8	9
26:11	JHN.16.28	6
26:11	JHN.13.33	4
26:11	JHN.14.19	4
26:11	JHN.16.5	4
26:11	MAT.18.20	3
26:11	MAT.25.34-MAT.25.40	3
26:11	MAT.25.42-MAT.25.45	3
26:11	MAT.28.20	3
26:11	JHN.17.11	3
26:11	ACT.3.21	3
26:11	GAL.2.10	2
26:11	1JN.3.17	2
26:12	MRK.14.8	4
26:12	JHN.12.7	4
26:12	2CH.16.14	3
26:12	MRK.16.1	3
26:12	LUK.23.56-LUK.24.1	3
26:12	JHN.19.39-JHN.19.40	2
26:13	MRK.14.9	10
26:13	PSA.112.6	3
26:13	MAT.24.14	3
26:13	1SA.2.30	2
26:13	PSA.98.2-PSA.98.3	2
26:13	ISA.52.9	2
26:13	MAT.28.19	1
26:13	MRK.13.10	1
26:13	MRK.16.15	1
26:13	LUK.24.47	1
26:13	ROM.10.18	1
26:13	ROM.15.19	1
26:13	2CO.10.18	1
26:13	COL.1.6	1
26:13	COL.1.23	1
26:13	1TI.2.6	1
26:13	HEB.6.10	1
26:13	REV.14.6	1
26:14	LUK.22.3-LUK.22.6	10
26:14	MAT.10.4	9
26:14	MRK.14.10-MRK.14.11	7
26:14	MAT.26.47	6
26:14	JHN.6.70-JHN.6.71	6
26:14	MAT.27.3	5
26:14	JHN.13.2	5
26:14	JHN.13.30	5
26:14	ACT.1.16	5
26:14	MAT.26.25	4
26:14	JHN.18.2	4
26:14	JHN.12.4	3
26:15	ZEC.11.12-ZEC.11.13	11
26:15	GEN.37.26-GEN.37.28	4
26:15	EXO.21.32	3
26:15	1TI.6.9-1TI.6.10	2
26:15	2PE.2.3	2
26:15	GEN.38.16	1
26:15	JDG.16.5	1
26:15	JDG.17.10	1
26:15	JDG.18.19-JDG.18.20	1
26:15	MAT.27.3-MAT.27.5	1
26:15	ACT.1.18	1
26:15	1TI.3.3	1
26:15	2PE.2.14-2PE.2.15	1
26:15	ISA.56.11	0
26:16	MRK.14.11	3
26:16	LUK.22.6	1
26:17	LUK.22.7-LUK.22.13	6
26:17	EXO.12.18-EXO.12.20	4
26:17	MRK.14.12-MRK.14.16	4
26:17	EXO.12.6	3
26:17	EXO.13.6-EXO.13.8	3
26:17	LEV.23.5-LEV.23.6	2
26:17	NUM.28.16-NUM.28.17	2
26:17	DEU.16.1-DEU.16.4	2
26:17	MAT.3.15	2
26:17	MAT.17.24-MAT.17.25	2
26:17	MAT.26.19	2
26:18	MRK.14.13-MRK.14.16	13
26:18	JHN.7.6	7
26:18	JHN.13.1	6
26:18	JHN.17.1	6
26:18	LUK.22.10-LUK.22.13	5
26:18	JHN.7.8	5
26:18	JHN.7.30	5
26:18	LUK.22.53	4
26:18	JHN.12.23	4
26:18	MAT.21.3	3
26:18	MAT.23.8	3
26:18	MAT.23.10	3
26:18	MAT.26.2	3
26:18	MRK.5.35	3
26:18	JHN.11.28	3
26:18	MAT.26.49	2
26:18	JHN.20.16	2
26:19	EXO.12.4-EXO.12.8	2
26:19	2CH.35.10-2CH.35.11	2
26:19	MAT.21.6	2
26:19	JHN.2.5	2
26:19	JHN.15.14	2
26:20	MRK.14.17-MRK.14.21	5
26:20	JHN.13.21	4
26:20	EXO.12.11	3
26:20	SNG.1.12	3
26:20	LUK.22.14-LUK.22.16	3
26:21	JHN.13.21	5
26:21	JHN.6.70-JHN.6.71	4
26:21	HEB.4.13	4
26:21	PSA.55.12-PSA.55.14	3
26:21	REV.2.23	3
26:21	MAT.26.2	2
26:21	MAT.26.14-MAT.26.16	2
26:21	LUK.22.21-LUK.22.23	2
26:22	LUK.22.23	3
26:22	JHN.13.22-JHN.13.25	3
26:22	MRK.14.19-MRK.14.20	2
26:22	JHN.21.17	1
26:23	JHN.13.18	7
26:23	PSA.41.9	6
26:23	JHN.13.26-JHN.13.28	4
26:23	LUK.22.21	3
26:24	LUK.24.46	9
26:24	ACT.26.22-ACT.26.23	9
26:24	DAN.9.26	7
26:24	MAT.18.7	7
26:24	1CO.15.3	6
26:24	PSA.22.1-PSA.22.31	5
26:24	ISA.53.1-ISA.53.12	5
26:24	ZEC.12.10	5
26:24	MAT.26.54	5
26:24	MRK.14.21	5
26:24	LUK.22.22	5
26:24	JHN.17.12	5
26:24	PSA.55.15	4
26:24	PSA.55.23	4
26:24	MAT.26.56	4
26:24	MRK.9.12	4
26:24	ACT.17.2-ACT.17.3	4
26:24	ISA.50.5-ISA.50.6	3
26:24	ZEC.13.7	3
26:24	MAT.27.3-MAT.27.5	3
26:24	LUK.24.25-LUK.24.27	3
26:24	ACT.1.16-ACT.1.20	3
26:24	PSA.69.1-PSA.69.21	2
26:24	PSA.109.6-PSA.109.19	2
26:24	JHN.19.24	2
26:24	JHN.19.28	2
26:24	JHN.19.36-JHN.19.37	2
26:24	ACT.2.23	2
26:24	ACT.4.28	2
26:24	ACT.13.27-ACT.13.29	2
26:24	ACT.28.23	2
26:24	1PE.1.10-1PE.1.11	2
26:24	GEN.3.15	1
26:25	MAT.26.64	5
26:25	MAT.27.11	4
26:25	LUK.22.70	3
26:25	JHN.18.37	3
26:25	2KI.5.25	2
26:25	PRO.30.20	2
26:25	MAT.23.7	2
26:25	MAT.26.49	2
26:26	1CO.11.23-1CO.11.29	27
26:26	LUK.22.18-LUK.22.20	21
26:26	1CO.10.16-1CO.10.17	18
26:26	JHN.6.33-JHN.6.35	15
26:26	MRK.14.22-MRK.14.25	13
26:26	1CO.10.4	13
26:26	JHN.6.47-JHN.6.58	12
26:26	ACT.20.7	12
26:26	ACT.2.46	10
26:26	LUK.24.30	7
26:26	MAT.14.19	6
26:26	MRK.6.41	6
26:26	GAL.4.24-GAL.4.25	6
26:26	EZK.5.4-EZK.5.5	4
26:27	ISA.25.6	5
26:27	1CO.10.16	5
26:27	PSA.116.13	4
26:27	SNG.5.1	3
26:27	SNG.7.9	3
26:27	ISA.55.1	3
26:27	MRK.14.23-MRK.14.24	3
26:27	LUK.22.20	3
26:27	1CO.11.28	3
26:28	HEB.10.4-HEB.10.14	37
26:28	HEB.9.14-HEB.9.22	34
26:28	LEV.17.11	29
26:28	MAT.20.28	18
26:28	REV.7.14	17
26:28	EXO.24.7-EXO.24.8	15
26:28	HEB.9.28	11
26:28	1CO.11.25	10
26:28	1JN.2.2	10
26:28	ZEC.9.11	9
26:28	EPH.1.7	9
26:28	HEB.13.20	9
26:28	LUK.22.19	8
26:28	COL.1.14	8
26:28	COL.1.20	7
26:28	MRK.14.24	6
26:28	ROM.5.19	6
26:28	JER.31.31	5
26:28	ROM.5.15	4
26:28	REV.7.9	3
26:28	MRK.1.4	2
26:29	HEB.12.2	26
26:29	REV.7.17	24
26:29	MRK.14.25	11
26:29	PSA.40.3	7
26:29	LUK.22.15-LUK.22.18	7
26:29	LUK.22.29-LUK.22.30	7
26:29	MAT.13.43	4
26:29	JHN.17.13	4
26:29	ACT.10.41	4
26:29	ISA.53.11	3
26:29	LUK.12.32	3
26:29	LUK.15.23-LUK.15.25	3
26:29	LUK.15.32	3
26:29	REV.14.3	3
26:29	PSA.4.7	2
26:29	PSA.104.15	2
26:29	ZEP.3.17	2
26:29	ZEC.9.17	2
26:29	MAT.16.28	2
26:29	MAT.18.20	2
26:29	MAT.28.20	2
26:29	LUK.15.5-LUK.15.6	2
26:29	JHN.15.11	2
26:29	SNG.5.1	1
26:29	ISA.24.9-ISA.24.11	1
26:29	ISA.25.6	1
26:29	MAT.25.34	1
26:29	JHN.16.22	1
26:29	REV.5.8-REV.5.10	1
26:30	MAT.21.1	3
26:30	MRK.14.26-MRK.14.31	3
26:30	LUK.22.39	3
26:30	EPH.5.19-EPH.5.20	3
26:30	LUK.21.37	2
26:30	JHN.14.31	2
26:30	JHN.18.1-JHN.18.4	2
26:30	COL.3.16-COL.3.17	2
26:31	ZEC.13.7	55
26:31	MRK.14.27-MRK.14.28	22
26:31	JHN.16.32	18
26:31	EZK.34.5-EZK.34.6	14
26:31	PSA.69.20	9
26:31	PSA.38.11	8
26:31	MAT.24.9-MAT.24.10	7
26:31	PSA.88.18	6
26:31	ISA.53.10	6
26:31	LAM.1.19	6
26:31	LUK.22.31-LUK.22.32	6
26:31	JOB.6.15-JOB.6.22	5
26:31	JOB.19.13-JOB.19.16	5
26:31	MAT.11.6	5
26:31	MAT.26.56	5
26:32	MAT.28.10	9
26:32	MAT.28.16	8
26:32	LUK.18.33-LUK.18.34	8
26:32	MAT.20.19	7
26:32	MAT.16.21	5
26:32	MAT.27.63-MAT.27.64	5
26:32	MRK.14.28	5
26:32	MRK.16.7	5
26:32	MAT.28.6-MAT.28.7	4
26:32	MRK.9.9-MRK.9.10	4
26:32	JHN.21.1-JHN.21.14	4
26:32	1CO.15.6	1
26:33	LUK.22.33	5
26:33	PSA.17.5	2
26:33	PSA.119.116-PSA.119.117	2
26:33	PRO.16.18-PRO.16.19	2
26:33	PRO.20.6	2
26:33	PRO.28.25-PRO.28.26	2
26:33	JER.17.9	2
26:33	MRK.14.29	2
26:33	JHN.13.36-JHN.13.38	2
26:33	ROM.12.10	2
26:33	PHP.2.3	2
26:33	1PE.5.5-1PE.5.6	2
26:33	JHN.21.15	1
26:34	JHN.13.38	6
26:34	LUK.22.34	4
26:34	MAT.26.75	3
26:34	MRK.14.30-MRK.14.31	2
26:35	JHN.13.37	3
26:35	ROM.11.20	3
26:35	EXO.19.8	2
26:35	PRO.28.14	2
26:35	PRO.29.23	2
26:35	MAT.20.22-MAT.20.24	2
26:35	1CO.10.12	2
26:35	PHP.2.12	2
26:35	1PE.1.17	2
26:36	MRK.14.32-MRK.14.42	8
26:36	LUK.22.39-LUK.22.46	7
26:36	MAT.26.42	6
26:36	MAT.26.39	5
26:36	PSA.22.1-PSA.22.2	3
26:36	PSA.69.13-PSA.69.15	3
26:36	HEB.5.7	3
26:36	PSA.69.1-PSA.69.3	1
26:36	JHN.18.1-JHN.18.11	1
26:37	MAT.4.21	6
26:37	MAT.17.1	4
26:37	MRK.5.37	3
26:37	MRK.14.33-MRK.14.34	2
26:37	MAT.4.18	1
26:37	MAT.20.20	1
26:37	LUK.22.44	1
26:37	JHN.12.27	1
26:38	JHN.12.27	9
26:38	1PE.2.24	8
26:38	1PE.3.18	8
26:38	ISA.53.10	4
26:38	MAT.26.40-MAT.26.41	4
26:38	GAL.3.13	4
26:38	1PE.4.7	4
26:38	JOB.6.2-JOB.6.4	3
26:38	PSA.88.14-PSA.88.16	3
26:38	ISA.53.3	3
26:38	MAT.25.13	3
26:38	ROM.8.32	3
26:38	2CO.5.21	3
26:38	PSA.88.1-PSA.88.7	2
26:38	PSA.116.3	1
26:39	JHN.6.38	27
26:39	PHP.2.8	22
26:39	MAT.26.42	18
26:39	LUK.22.41-LUK.22.42	18
26:39	JHN.5.30	14
26:39	HEB.5.7	14
26:39	MRK.14.35-MRK.14.36	13
26:39	JHN.12.27-JHN.12.28	12
26:39	JHN.14.31	12
26:39	JHN.18.11	8
26:39	MAT.20.22	7
26:39	JHN.11.41	7
26:39	NUM.16.22	5
26:39	2SA.15.26	5
26:39	EZK.1.28	5
26:39	ROM.15.1-ROM.15.3	5
26:39	GEN.17.3	4
26:39	NUM.14.5	4
26:39	MAT.24.24	4
26:39	1CH.21.16	3
26:39	REV.19.10	3
26:39	MRK.13.22	2
26:39	LUK.17.16	2
26:39	ACT.10.25	2
26:40	MRK.14.37	8
26:40	LUK.22.45	8
26:40	MAT.26.43	5
26:40	LUK.9.32	4
26:40	MAT.25.5	3
26:40	MAT.26.35	3
26:40	MAT.26.38	3
26:40	JDG.9.33	2
26:40	1KI.20.11	1
26:40	SNG.5.2	1
26:41	LUK.22.46	42
26:41	MRK.14.38	41
26:41	EPH.6.18	41
26:41	MAT.6.13	38
26:41	GAL.5.16-GAL.5.17	34
26:41	REV.16.15	34
26:41	LUK.21.36	32
26:41	1CO.16.13	27
26:41	1PE.5.8	25
26:41	1CO.10.13	23
26:41	ROM.7.18-ROM.7.25	19
26:41	MAT.24.42	15
26:41	MRK.13.33-MRK.13.37	14
26:41	2PE.2.9	14
26:41	REV.3.10	12
26:41	MAT.25.13	11
26:41	PSA.119.32	10
26:41	ISA.26.8-ISA.26.9	10
26:41	LUK.22.40	10
26:41	GAL.5.24	10
26:41	1PE.4.7	10
26:41	1CO.9.27	9
26:41	PSA.119.35-PSA.119.37	8
26:41	PSA.119.115	8
26:41	PRO.4.14-PRO.4.15	8
26:41	MAT.26.38	8
26:41	PHP.3.12-PHP.3.14	7
26:41	PSA.119.1	6
26:41	PSA.119.4-PSA.119.5	6
26:41	LUK.11.4	6
26:41	PSA.119.24-PSA.119.25	5
26:41	PSA.119.117	5
26:41	LUK.8.13	5
26:41	ROM.8.3	4
26:42	MAT.26.39	15
26:42	MRK.14.39-MRK.14.40	7
26:42	HEB.4.15	6
26:42	HEB.5.7-HEB.5.8	6
26:42	PSA.88.1-PSA.88.2	5
26:42	PSA.22.1-PSA.22.2	3
26:42	PSA.69.1-PSA.69.3	3
26:42	PSA.69.17-PSA.69.18	3
26:43	LUK.9.32	3
26:43	PRO.23.34	2
26:43	JON.1.6	2
26:43	ACT.20.9	2
26:43	ROM.13.1	2
26:43	1TH.5.6-1TH.5.8	2
26:44	2CO.12.8	5
26:44	LUK.18.1	3
26:44	DAN.9.17-DAN.9.19	2
26:44	MAT.6.7	2
26:45	JHN.13.1	5
26:45	MRK.14.41-MRK.14.42	3
26:45	LUK.22.53	3
26:45	JHN.12.27	3
26:45	JHN.17.1	3
26:45	MAT.26.2	2
26:45	MAT.26.14-MAT.26.15	2
26:45	MAT.26.18	2
26:45	1KI.18.27	0
26:46	1SA.17.48	2
26:46	LUK.9.51	2
26:46	LUK.12.50	2
26:46	JHN.14.31	2
26:46	ACT.21.13	2
26:46	LUK.22.15	1
26:47	MAT.26.55	5
26:47	ACT.1.16	5
26:47	MAT.26.14	3
26:47	MRK.14.43-MRK.14.50	3
26:47	LUK.22.47-LUK.22.53	3
26:47	JHN.18.1-JHN.18.11	3
26:48	2SA.3.27	1
26:48	2SA.20.9-2SA.20.10	1
26:48	PSA.28.3	1
26:48	PSA.55.20-PSA.55.21	1
26:48	MRK.14.44	1
26:49	MAT.26.25	3
26:49	1TH.5.26	3
26:49	GEN.27.26	2
26:49	1SA.10.1	2
26:49	2SA.20.9	2
26:49	PRO.27.6	2
26:49	MAT.27.29-MAT.27.30	2
26:49	MRK.14.45-MRK.14.46	2
26:49	MRK.15.18	2
26:49	LUK.7.45	2
26:49	JHN.19.3	2
26:50	MAT.20.13	7
26:50	MAT.22.12	5
26:50	2SA.16.17	4
26:50	PSA.41.9	4
26:50	PSA.55.13-PSA.55.14	4
26:50	LUK.22.48	4
26:51	MRK.14.47	5
26:51	JHN.18.36	5
26:51	2CO.10.4	5
26:51	LUK.22.49-LUK.22.51	4
26:51	MAT.26.35	3
26:51	LUK.22.36-LUK.22.38	3
26:51	JHN.18.10-JHN.18.11	3
26:51	LUK.9.55	1
26:52	GEN.9.6	19
26:52	REV.13.10	18
26:52	ROM.12.19	12
26:52	1PE.2.21-1PE.2.23	9
26:52	1PE.3.9	8
26:52	REV.16.6	7
26:52	PSA.55.23	5
26:52	EZK.35.5-EZK.35.6	4
26:52	MAT.23.34-MAT.23.36	4
26:52	1TH.5.15	4
26:52	MAT.5.39	3
26:52	1CO.4.11-1CO.4.12	3
26:53	2KI.6.17	10
26:53	MAT.4.11	10
26:53	DAN.7.10	7
26:53	LUK.8.30	7
26:53	MAT.25.31	5
26:53	2TH.1.7	5
26:53	JUD.1.14	5
26:53	MAT.10.1-MAT.10.2	4
26:54	ZEC.13.7	10
26:54	MAT.26.24	8
26:54	LUK.24.25-LUK.24.26	8
26:54	ACT.1.16	7
26:54	PSA.22.1-PSA.22.31	5
26:54	ISA.53.1-ISA.53.12	5
26:54	LUK.24.44-LUK.24.46	5
26:54	JHN.10.35	5
26:54	PSA.69.1-PSA.69.36	4
26:54	DAN.9.24-DAN.9.26	3
26:55	MRK.12.35	4
26:55	JHN.8.2	4
26:55	MRK.14.48-MRK.14.50	2
26:55	LUK.21.37-LUK.21.38	2
26:55	LUK.22.52-LUK.22.53	2
26:55	JHN.7.14	2
26:55	JHN.7.28	2
26:55	JHN.18.20-JHN.18.21	2
26:56	ZEC.13.7	25
26:56	JHN.16.32	10
26:56	MRK.14.50-MRK.14.52	9
26:56	MAT.26.31	7
26:56	2TI.4.16	7
26:56	MAT.26.54	6
26:56	LAM.4.20	4
26:56	MAT.26.24	4
26:56	JHN.18.15-JHN.18.16	4
26:56	ACT.1.16	4
26:56	DAN.9.24	3
26:56	DAN.9.26	3
26:56	JHN.18.8-JHN.18.9	2
26:56	ACT.2.23	2
26:56	ISA.44.26	1
26:57	MAT.26.3	3
26:57	PSA.56.5-PSA.56.6	2
26:57	MRK.14.53-MRK.14.65	2
26:57	LUK.22.54-LUK.22.55	2
26:57	JHN.11.49	2
26:57	JHN.18.12-JHN.18.14	2
26:57	JHN.18.19-JHN.18.24	2
26:58	JHN.7.32	5
26:58	JHN.18.15-JHN.18.16	4
26:58	JHN.7.45	3
26:58	JHN.18.25	3
26:59	DEU.19.16-DEU.19.21	3
26:59	MRK.14.55-MRK.14.56	3
26:59	ACT.6.11-ACT.6.13	3
26:59	1KI.21.8-1KI.21.13	2
26:59	PSA.27.12	2
26:59	PSA.35.11-PSA.35.12	2
26:59	PSA.94.20-PSA.94.21	2
26:59	PRO.25.18	2
26:59	MAT.5.22	2
26:59	ACT.24.1-ACT.24.13	2
26:60	DEU.19.15	6
26:60	PSA.27.12	4
26:60	PSA.35.11	4
26:60	DAN.6.4-DAN.6.5	3
26:60	MRK.14.57-MRK.14.59	3
26:60	TIT.2.8	3
26:60	1PE.3.16	3
26:61	JHN.2.19-JHN.2.21	8
26:61	MAT.27.40	7
26:61	MRK.15.29	4
26:61	PSA.22.6-PSA.22.7	3
26:61	ISA.49.7	3
26:61	ISA.53.3	3
26:61	ACT.18.13	3
26:61	GEN.19.9	2
26:61	2KI.9.11	2
26:61	JER.26.8-JER.26.11	2
26:61	JER.26.16-JER.26.19	2
26:61	MAT.12.24	2
26:61	MAT.26.71	2
26:61	LUK.23.2	2
26:61	JHN.9.29	2
26:61	ACT.6.13-ACT.6.14	2
26:61	ACT.17.18	2
26:61	1KI.22.27	1
26:61	ACT.22.22	1
26:62	JHN.18.19-JHN.18.24	4
26:62	JHN.19.9-JHN.19.11	4
26:62	MAT.27.12-MAT.27.14	3
26:62	MRK.14.60	3
26:62	LUK.23.9	3
26:63	LEV.5.1	9
26:63	ISA.53.7	7
26:63	MAT.16.16	6
26:63	MAT.27.12	5
26:63	1SA.14.26	3
26:63	JHN.6.69	3
26:63	1SA.14.28	2
26:63	1KI.22.16	2
26:63	2CH.18.15	2
26:63	PSA.2.6-PSA.2.7	2
26:63	PSA.38.12-PSA.38.14	2
26:63	PRO.29.24	2
26:63	ISA.9.6-ISA.9.7	2
26:63	DAN.3.16	2
26:63	MAT.26.63-MAT.26.66	2
26:63	MAT.27.14	2
26:63	MAT.27.40	2
26:63	MAT.27.43	2
26:63	MAT.27.54	2
26:63	MRK.14.61	2
26:63	LUK.22.66-LUK.22.71	2
26:63	JHN.1.34	2
26:63	JHN.1.49	2
26:63	JHN.3.16-JHN.3.18	2
26:63	JHN.5.18-JHN.5.25	2
26:63	JHN.8.25	2
26:63	JHN.10.24	2
26:63	JHN.10.30	2
26:63	JHN.10.36	2
26:63	JHN.18.37	2
26:63	JHN.19.7	2
26:63	JHN.19.9	2
26:63	JHN.20.31	2
26:63	ACT.8.32-ACT.8.35	2
26:63	1JN.5.11-1JN.5.13	2
26:63	NUM.5.19-NUM.5.21	1
26:63	1SA.14.24	1
26:63	1PE.2.23	1
26:64	DAN.7.13	31
26:64	MRK.14.62	19
26:64	PSA.110.1	17
26:64	HEB.1.3	13
26:64	REV.1.7	13
26:64	LUK.21.27	10
26:64	MAT.24.30	9
26:64	MAT.16.27	7
26:64	HEB.12.2	7
26:64	MAT.25.31	6
26:64	MAT.26.25	6
26:64	1TH.4.16	5
26:64	JHN.1.50-JHN.1.51	4
26:64	ACT.1.11	4
26:64	ACT.7.55-ACT.7.56	4
26:64	REV.20.11	4
26:64	MAT.27.11	3
26:64	LUK.22.70	3
26:64	JHN.18.37	3
26:64	ROM.14.10	2
26:65	NUM.14.6	3
26:65	JER.36.24	3
26:65	MAT.9.3	3
26:65	MRK.14.63-MRK.14.64	3
26:65	JHN.10.33	3
26:65	JHN.10.36	3
26:65	LEV.21.20	2
26:65	1KI.21.10-1KI.21.13	2
26:65	2KI.18.37-2KI.19.3	2
26:65	LUK.5.21	2
26:65	ACT.14.14	2
26:66	JHN.19.7	7
26:66	ACT.7.52	2
26:66	LEV.24.11-LEV.24.16	1
26:66	ACT.13.27-ACT.13.28	1
26:66	JAS.5.6	1
26:67	ISA.50.6	9
26:67	ISA.53.3	7
26:67	MAT.27.30	6
26:67	JHN.18.22	6
26:67	MAT.5.39	4
26:67	MRK.14.65	4
26:67	ISA.52.14	3
26:67	LAM.3.30	3
26:67	MRK.15.19	3
26:67	JHN.19.3	3
26:67	HEB.12.2	3
26:67	NUM.12.14	2
26:67	DEU.25.9	2
26:67	1KI.22.24	2
26:67	JOB.30.9-JOB.30.11	2
26:67	JER.20.2	2
26:67	LAM.3.45	2
26:67	MIC.5.1	2
26:67	MRK.10.34	2
26:67	LUK.22.63-LUK.22.65	2
26:67	1CO.4.13	2
26:67	2CO.11.20-2CO.11.21	2
26:67	ACT.23.2-ACT.23.3	1
26:68	LUK.22.63-LUK.22.65	6
26:68	MRK.14.65	5
26:68	1PE.2.4-1PE.2.8	4
26:68	GEN.37.19-GEN.37.20	3
26:68	JDG.16.25	3
26:68	MAT.27.28-MAT.27.29	3
26:68	MAT.27.39-MAT.27.44	3
26:68	MRK.15.18-MRK.15.19	3
26:68	JHN.19.2-JHN.19.3	3
26:68	JHN.19.14-JHN.19.15	3
26:69	1KI.19.13	4
26:69	MAT.26.71	4
26:69	JHN.18.16-JHN.18.18	3
26:69	ACT.5.37	3
26:69	1KI.19.9	2
26:69	PSA.1.1	2
26:69	MAT.2.22-MAT.2.23	2
26:69	MAT.21.11	2
26:69	MAT.26.3	2
26:69	MAT.26.58	2
26:69	MRK.14.66-MRK.14.72	2
26:69	LUK.22.55-LUK.22.62	2
26:69	JHN.1.46	2
26:69	JHN.7.41	2
26:69	JHN.7.52	2
26:69	JHN.18.25-JHN.18.27	2
26:69	2PE.2.7-2PE.2.9	2
26:70	1CO.10.12	4
26:70	REV.21.8	3
26:70	PSA.119.115-PSA.119.117	2
26:70	PRO.28.26	2
26:70	PRO.29.23	2
26:70	PRO.29.25	2
26:70	ISA.57.11	2
26:70	JER.17.9	2
26:70	MAT.26.34-MAT.26.35	2
26:70	MAT.26.40-MAT.26.43	2
26:70	MAT.26.51	2
26:70	MAT.26.56	2
26:70	MAT.26.58	2
26:70	ROM.11.20	2
26:71	MRK.14.68-MRK.14.69	2
26:71	LUK.22.58	2
26:71	JHN.18.25-JHN.18.27	2
26:72	EXO.20.7	2
26:72	ISA.48.1	2
26:72	ZEC.5.3-ZEC.5.4	2
26:72	ZEC.8.17	2
26:72	MAL.3.5	2
26:72	MAT.5.34-MAT.5.36	2
26:72	MAT.26.74	2
26:72	LUK.22.34	2
26:72	ACT.5.3-ACT.5.4	2
26:73	JDG.12.6	4
26:73	JHN.18.26-JHN.18.27	3
26:73	NEH.13.24	2
26:73	LUK.22.59-LUK.22.60	2
26:74	REV.3.19	7
26:74	MAT.10.28	3
26:74	MRK.14.71-MRK.14.72	3
26:74	JHN.18.27	3
26:74	ACT.23.12-ACT.23.14	3
26:74	1CO.16.22	3
26:74	JDG.21.18	2
26:74	1SA.14.24-1SA.14.28	2
26:74	MAT.10.32-MAT.10.33	2
26:74	MAT.27.25	2
26:74	MRK.14.30	2
26:74	MRK.14.68	2
26:74	LUK.22.60	2
26:74	JHN.21.15-JHN.21.17	2
26:74	ROM.9.3	2
26:74	JDG.17.2	1
26:75	MAT.26.34	7
26:75	ROM.7.18-ROM.7.20	7
26:75	LUK.22.31-LUK.22.34	5
26:75	JHN.13.38	5
26:75	LUK.22.61-LUK.22.62	4
26:75	MAT.27.3-MAT.27.5	3
26:75	GAL.6.1	3
26:75	1CO.4.7	2
26:75	1PE.1.5	2
27:1	MRK.15.1	8
27:1	JHN.18.28	5
27:1	PSA.2.2	4
27:1	MIC.2.1	4
27:1	LUK.22.66	4
27:1	MAT.23.13	3
27:1	MAT.26.3-MAT.26.4	3
27:1	PRO.4.16-PRO.4.18	2
27:1	ACT.5.21	2
27:1	JDG.16.2	1
27:1	1SA.19.11	1
27:1	LUK.23.1-LUK.23.2	1
27:1	ACT.4.24-ACT.4.28	0
27:2	MAT.20.19	6
27:2	ACT.3.13	6
27:2	LUK.13.1	3
27:2	1TI.6.13	3
27:2	GEN.22.9	2
27:2	LUK.3.1	2
27:2	LUK.18.32-LUK.18.33	2
27:2	LUK.20.20	2
27:2	JHN.18.12	2
27:2	JHN.18.24	2
27:2	ACT.4.27	2
27:2	ACT.9.2	2
27:2	ACT.12.6	2
27:2	ACT.21.33	2
27:2	ACT.22.25	2
27:2	ACT.22.29	2
27:2	ACT.24.27	2
27:2	ACT.28.20	2
27:2	2TI.2.9	2
27:2	HEB.13.3	2
27:3	2CO.7.10	7
27:3	JOB.20.15-JOB.20.29	3
27:3	LUK.22.47-LUK.22.48	3
27:3	JOB.20.5	2
27:3	MAT.26.14-MAT.26.16	2
27:3	MRK.14.10-MRK.14.11	2
27:3	MRK.14.43-MRK.14.46	2
27:3	LUK.22.2-LUK.22.6	2
27:3	JHN.13.2	2
27:3	JHN.13.27	2
27:3	MAT.26.47-MAT.26.50	1
27:3	JHN.18.3	1
27:4	GEN.42.21-GEN.42.22	2
27:4	EXO.9.27	2
27:4	EXO.10.16-EXO.10.17	2
27:4	EXO.12.31	2
27:4	1SA.15.24	2
27:4	1SA.15.30	2
27:4	1SA.28.16-1SA.28.20	2
27:4	1KI.21.27	2
27:4	2KI.24.4	2
27:4	JOB.16.2	2
27:4	JER.26.15	2
27:4	JON.1.14	2
27:4	MAT.27.19	2
27:4	MAT.27.23-MAT.27.25	2
27:4	MAT.27.54	2
27:4	LUK.16.25-LUK.16.26	2
27:4	LUK.23.22	2
27:4	LUK.23.41	2
27:4	LUK.23.47	2
27:4	JHN.19.7	2
27:4	ACT.13.28	2
27:4	ACT.18.15-ACT.18.17	2
27:4	ROM.3.19	2
27:4	1TI.4.2	2
27:4	TIT.1.16	2
27:4	HEB.7.26	2
27:4	1PE.1.19	2
27:4	1JN.3.12	2
27:4	JOB.13.4	1
27:4	REV.11.10	1
27:5	ACT.1.18-ACT.1.19	5
27:5	2SA.17.23	3
27:5	1SA.31.4-1SA.31.5	2
27:5	1KI.16.18	2
27:5	JOB.2.9	2
27:5	JOB.7.15	2
27:5	PSA.55.23	2
27:5	LUK.1.9	2
27:5	LUK.1.21	2
27:5	JDG.9.54	1
27:6	DEU.23.18	3
27:6	LUK.6.7-LUK.6.9	3
27:6	ISA.61.8	2
27:6	MAT.23.24	2
27:6	JHN.18.28	2
27:8	ACT.1.19	5
27:8	MAT.28.15	3
27:8	DEU.34.6	2
27:8	JOS.4.9	2
27:8	JDG.1.26	2
27:8	2CH.5.9	2
27:9	ZEC.11.12-ZEC.11.13	43
27:9	LEV.27.2-LEV.27.7	1
27:9	MAT.1.22	1
27:10	ZEC.11.13	8
27:11	MRK.15.2-MRK.15.5	7
27:11	LUK.23.2-LUK.23.3	7
27:11	MAT.26.25	6
27:11	JHN.18.29-JHN.18.38	5
27:11	MAT.2.2	4
27:11	MAT.26.64	4
27:11	MRK.14.62	4
27:11	MAT.10.18	3
27:11	MAT.10.25	3
27:11	1TI.6.13	3
27:12	MAT.26.63	6
27:12	ISA.53.7	3
27:12	MAT.27.14	2
27:12	MRK.15.3-MRK.15.5	2
27:12	JHN.19.9-JHN.19.11	2
27:12	ACT.8.32	2
27:12	1PE.2.23	2
27:12	PSA.38.13-PSA.38.14	1
27:13	MAT.26.62	3
27:13	JHN.18.35	1
27:13	ACT.22.24	1
27:14	ISA.8.18	2
27:14	PSA.71.7	1
27:14	ZEC.3.8	1
27:14	1CO.4.9	1
27:15	MAT.26.5	2
27:15	MRK.15.6-MRK.15.15	2
27:15	LUK.23.16	2
27:15	JHN.18.38-JHN.18.40	2
27:15	JHN.19.16	2
27:15	ACT.24.27	2
27:15	ACT.25.9	2
27:16	MRK.15.7	3
27:16	LUK.23.18-LUK.23.19	2
27:16	LUK.23.25	2
27:16	JHN.18.40	2
27:16	ACT.3.14	2
27:16	ROM.1.32	2
27:17	1KI.18.21	4
27:17	JHN.19.15	4
27:17	JOS.24.15	3
27:17	MRK.15.9-MRK.15.12	3
27:17	MAT.27.21-MAT.27.22	2
27:17	MAT.1.16	1
27:18	PRO.27.4	8
27:18	MRK.15.10	5
27:18	ACT.5.17	5
27:18	GEN.37.11	3
27:18	ACT.7.9	3
27:18	ACT.13.45	3
27:18	JAS.4.5	3
27:18	PSA.106.16	2
27:18	ECC.4.4	2
27:18	ISA.26.11	2
27:18	1SA.18.7-1SA.18.11	1
27:19	ZEC.9.9	6
27:19	PRO.29.1	5
27:19	1PE.2.22	5
27:19	MAT.27.24	4
27:19	GEN.20.3-GEN.20.6	3
27:19	GEN.31.24	3
27:19	GEN.31.29	3
27:19	NUM.12.6	3
27:19	JOB.33.14-JOB.33.17	3
27:19	ISA.53.11	3
27:19	MAT.1.20	3
27:19	MAT.2.12-MAT.2.13	3
27:19	MAT.2.19	3
27:19	MAT.2.22	3
27:19	MAT.27.4	3
27:19	LUK.23.47	3
27:19	JHN.19.13	3
27:19	1JN.2.1	3
27:19	LUK.23.41	2
27:20	JHN.19.15-JHN.19.16	4
27:20	ACT.3.14-ACT.3.15	4
27:20	MRK.15.11	3
27:20	JHN.18.40	3
27:20	LUK.23.18-LUK.23.20	2
27:20	ACT.14.18-ACT.14.19	1
27:20	ACT.19.23-ACT.19.29	1
27:22	ISA.53.2-ISA.53.3	4
27:22	JHN.19.14-JHN.19.15	4
27:22	ISA.49.7	3
27:22	MRK.15.12-MRK.15.14	3
27:22	ACT.13.38	3
27:22	PSA.22.8-PSA.22.9	2
27:22	ZEC.11.8	2
27:22	MAT.1.16	2
27:22	MAT.27.17	2
27:22	MRK.14.55	2
27:22	LUK.23.20-LUK.23.24	2
27:22	JOB.31.31	1
27:23	GEN.37.18-GEN.37.19	5
27:23	ACT.7.57	5
27:23	ACT.23.12-ACT.23.15	5
27:23	ACT.17.5-ACT.17.7	4
27:23	ACT.22.22-ACT.22.23	4
27:23	ACT.23.10	4
27:23	1SA.19.3-1SA.19.15	3
27:23	1SA.20.31-1SA.20.33	3
27:23	MAT.21.38-MAT.21.39	3
27:23	1SA.22.14-1SA.22.19	2
27:23	ACT.21.28-ACT.21.31	2
27:24	MAT.27.4	7
27:24	PSA.26.6	6
27:24	2CO.5.21	6
27:24	DEU.21.6-DEU.21.8	3
27:24	JOB.9.30-JOB.9.31	3
27:24	MAT.26.5	3
27:24	JHN.19.4	3
27:24	1PE.3.18	3
27:24	JER.2.27	2
27:24	JER.2.35	2
27:24	MAT.27.9	2
27:24	MAT.27.54	2
27:24	ACT.3.14	2
27:24	MAT.27.19	1
27:25	JOS.2.19	10
27:25	ACT.5.28	9
27:25	ACT.7.52	7
27:25	DEU.19.10	6
27:25	1TH.2.15-1TH.2.16	6
27:25	NUM.35.33	5
27:25	MAT.23.30-MAT.23.37	5
27:25	1KI.2.32	4
27:25	PSA.109.12-PSA.109.19	4
27:25	HEB.10.28-HEB.10.30	4
27:25	2SA.1.16	3
27:25	2SA.3.28-2SA.3.29	3
27:25	2KI.24.3-2KI.24.4	3
27:25	EZK.18.14-EZK.18.32	3
27:25	EZK.24.7-EZK.24.9	3
27:25	EXO.20.5	2
27:25	DEU.19.13	2
27:25	EZK.22.2-EZK.22.4	1
27:25	MAT.21.44	1
27:26	ISA.53.5	9
27:26	JHN.19.1	7
27:26	MRK.15.15	6
27:26	ISA.50.6	5
27:26	LUK.23.16	5
27:26	MAT.20.19	4
27:26	MRK.10.34	4
27:26	LUK.23.24-LUK.23.25	4
27:26	1PE.2.24	4
27:26	LUK.18.32-LUK.18.33	3
27:26	JHN.19.16	3
27:27	JHN.18.28	6
27:27	JHN.18.33	6
27:27	ACT.10.1	3
27:27	MRK.15.16-MRK.15.20	2
27:27	ACT.23.35	2
27:27	JHN.18.3	1
27:27	JHN.19.8-JHN.19.9	1
27:27	ACT.27.1	1
27:28	MRK.15.17	6
27:28	LUK.23.11	6
27:28	JHN.19.2-JHN.19.5	6
27:29	ISA.53.3	7
27:29	MAT.20.19	6
27:29	PSA.69.19-PSA.69.20	4
27:29	MRK.15.18	4
27:29	JHN.19.2-JHN.19.3	4
27:29	ISA.49.7	3
27:29	JER.20.7	3
27:29	MAT.26.49	3
27:29	MAT.27.37	3
27:29	LUK.23.36-LUK.23.37	3
27:29	HEB.12.2-HEB.12.3	3
27:29	PSA.35.15-PSA.35.16	2
27:29	PSA.69.7	2
27:30	ISA.50.6	8
27:30	MAT.26.67	5
27:30	ISA.53.7	3
27:30	MRK.15.19	3
27:30	JOB.30.8-JOB.30.10	2
27:30	ISA.49.7	2
27:30	ISA.52.14	2
27:30	ISA.53.3	2
27:30	MIC.5.1	2
27:30	LUK.18.32-LUK.18.33	2
27:31	ISA.53.7	3
27:31	1KI.21.10	2
27:31	1KI.21.13	2
27:31	MAT.21.39	2
27:31	ACT.7.58	2
27:31	HEB.13.12	2
27:31	NUM.15.35	1
27:31	MAT.20.19	1
27:31	JHN.19.16	1
27:31	JHN.19.27	1
27:32	MRK.15.21	10
27:32	MAT.16.24	8
27:32	LUK.23.26	8
27:32	ACT.2.10	7
27:32	ACT.6.9	7
27:32	ACT.11.20	6
27:32	ACT.13.1	6
27:32	LEV.4.12	5
27:32	1KI.21.13	5
27:32	JHN.19.17	5
27:32	HEB.13.11-HEB.13.12	4
27:32	LEV.4.3	3
27:32	LEV.4.21	3
27:32	NUM.15.35-NUM.15.36	3
27:32	1KI.21.10	3
27:32	ACT.7.58	2
27:33	MRK.15.22-MRK.15.32	4
27:33	JHN.19.17-JHN.19.19	4
27:33	MRK.15.34	3
27:33	LUK.23.44	3
27:33	JHN.19.23-JHN.19.24	2
27:33	LUK.23.27-LUK.23.38	0
27:34	PSA.69.21	13
27:34	MRK.15.23	10
27:34	MAT.27.48	8
27:34	JHN.19.28-JHN.19.30	6
27:35	PSA.22.18	27
27:35	MRK.15.24-MRK.15.32	9
27:35	LUK.23.34	5
27:35	JHN.19.23-JHN.19.24	5
27:35	ACT.4.10	5
27:35	PSA.22.16	4
27:35	JHN.20.20	3
27:35	JHN.20.27	3
27:35	JHN.20.25	2
27:36	MAT.27.54	5
27:36	MRK.15.39	2
27:36	MRK.15.44	2
27:37	JHN.19.19-JHN.19.22	6
27:37	MRK.15.26	5
27:37	LUK.23.38	5
27:38	JHN.19.18	8
27:38	LUK.23.39-LUK.23.43	7
27:38	JHN.19.31-JHN.19.35	7
27:38	ISA.53.12	6
27:38	MAT.27.44	6
27:38	MRK.15.27	6
27:38	LUK.22.37	5
27:38	LUK.23.32-LUK.23.33	5
27:39	PSA.109.25	7
27:39	LAM.1.12	5
27:39	JOB.16.4	2
27:39	PSA.22.6-PSA.22.7	2
27:39	PSA.22.17	2
27:39	PSA.31.11-PSA.31.13	2
27:39	PSA.35.15-PSA.35.21	2
27:39	PSA.69.7-PSA.69.12	2
27:39	PSA.69.20	2
27:39	PSA.109.2	2
27:39	LAM.2.15-LAM.2.17	2
27:39	MRK.15.29-MRK.15.30	2
27:39	LUK.23.35-LUK.23.39	2
27:39	1PE.2.22-1PE.2.24	2
27:40	MAT.26.61	9
27:40	MAT.4.3	6
27:40	MAT.4.6	6
27:40	JHN.2.19-JHN.2.22	6
27:40	MAT.26.63-MAT.26.64	3
27:40	LUK.16.31	3
27:40	REV.11.10	3
27:40	GEN.37.19-GEN.37.20	2
27:40	MAT.16.4	2
27:40	MAT.27.42	2
27:40	MAT.27.54	2
27:40	LUK.14.29-LUK.14.30	2
27:41	PSA.35.26	3
27:41	JOB.13.9	2
27:41	PSA.22.12-PSA.22.13	2
27:41	ISA.28.22	2
27:41	ISA.49.7	2
27:41	ZEC.11.8	2
27:41	MRK.15.31-MRK.15.32	2
27:41	LUK.18.32	2
27:41	LUK.22.52	2
27:41	LUK.23.35	2
27:42	JHN.1.49	5
27:42	MAT.27.37	4
27:42	MAT.2.2	2
27:42	LUK.19.38	2
27:42	JHN.9.24	2
27:42	JHN.12.13	2
27:42	JHN.12.47	2
27:42	ACT.4.14	2
27:43	PSA.22.8	15
27:43	JHN.10.36	3
27:43	PSA.3.2	2
27:43	PSA.14.6	2
27:43	PSA.42.10	2
27:43	PSA.71.11	2
27:43	ISA.36.15	2
27:43	ISA.36.18	2
27:43	ISA.37.10	2
27:43	MAT.27.40	2
27:43	JHN.3.16-JHN.3.17	2
27:43	JHN.5.17-JHN.5.25	2
27:43	JHN.10.30	2
27:43	JHN.19.7	2
27:44	MAT.27.38	3
27:44	MRK.15.32	3
27:44	LUK.23.39-LUK.23.43	3
27:44	JOB.30.7-JOB.30.9	1
27:44	PSA.35.15	1
27:45	AMO.8.9	15
27:45	MRK.15.33-MRK.15.34	8
27:45	ISA.50.3	7
27:45	LUK.23.44-LUK.23.45	7
27:45	REV.9.2	5
27:45	MRK.15.25	4
27:45	REV.8.12	3
27:46	PSA.22.1	83
27:46	HEB.5.7	53
27:46	ISA.53.10	44
27:46	MRK.15.34	41
27:46	PSA.71.11	25
27:46	JHN.19.28-JHN.19.30	25
27:46	LUK.23.46	22
27:46	LAM.1.12	20
27:47	MAL.4.5	3
27:47	MRK.15.35-MRK.15.36	2
27:47	MAT.11.14	1
27:48	PSA.69.21	6
27:48	MAT.27.34	4
27:48	LUK.23.36	4
27:48	JHN.19.29-JHN.19.30	4
27:50	JHN.19.30	9
27:50	ISA.53.9-ISA.53.12	7
27:50	PSA.22.14-PSA.22.15	6
27:50	LUK.23.46	6
27:50	MAT.20.28	5
27:50	MRK.15.37	5
27:50	HEB.9.14	5
27:50	JHN.10.11	4
27:50	JHN.10.15	4
27:50	DAN.9.26	3
27:50	HEB.2.14	3
27:51	HEB.10.19-HEB.10.22	21
27:51	MRK.15.38	16
27:51	HEB.6.19	12
27:51	LUK.23.45	10
27:51	REV.11.19	8
27:51	EXO.26.31-EXO.26.37	7
27:51	MAT.27.54	7
27:51	ISA.25.7	5
27:51	MAT.28.2	5
27:51	HAB.3.10	4
27:51	EPH.2.13-EPH.2.18	4
27:51	HEB.9.3	4
27:51	REV.11.13	4
27:51	LEV.21.23	3
27:51	2CH.3.14	3
27:51	HEB.12.25-HEB.12.27	3
27:51	EXO.40.21	2
27:51	LEV.16.2	2
27:51	LEV.16.12-LEV.16.15	2
27:51	PSA.18.7	2
27:51	PSA.18.15	2
27:51	MIC.1.3-MIC.1.4	2
27:51	NAM.1.3-NAM.1.5	2
27:51	HAB.3.13	2
27:52	ISA.26.19	24
27:52	1TH.4.14	22
27:52	JHN.5.25-JHN.5.29	20
27:52	1CO.15.20	20
27:52	DAN.12.2	19
27:52	ISA.25.8	15
27:52	1TH.5.10	13
27:52	HOS.13.14	11
27:52	1CO.15.51	10
27:52	1CO.11.30	6
27:52	ACT.7.60	3
27:53	REV.21.2	0
27:54	MAT.27.36	8
27:54	MRK.15.39	7
27:54	MAT.27.43	6
27:54	LUK.23.47-LUK.23.49	4
27:54	ROM.1.4	4
27:54	MAT.4.3	3
27:54	MAT.8.5	3
27:54	ACT.21.32	3
27:54	ACT.23.23	3
27:54	ACT.27.1	3
27:54	ACT.27.43	3
27:54	REV.11.13	3
27:54	ACT.23.17	2
27:54	2KI.1.13-2KI.1.14	1
27:54	MAT.26.63	1
27:54	MAT.27.40	1
27:54	LUK.22.70	1
27:54	JHN.19.7	1
27:54	ACT.2.37	1
27:54	ACT.10.1	1
27:54	ACT.16.29-ACT.16.30	1
27:55	LUK.8.2-LUK.8.3	4
27:55	LUK.23.48-LUK.23.49	3
27:55	JHN.19.25-JHN.19.27	3
27:55	LUK.23.27-LUK.23.28	2
27:56	JHN.19.25	5
27:56	MAT.28.1	4
27:56	MRK.15.47-MRK.16.1	4
27:56	MRK.16.9	4
27:56	MAT.13.55	3
27:56	MAT.27.61	3
27:56	LUK.24.10	3
27:56	JHN.20.1	3
27:56	JHN.20.18	3
27:56	MAT.20.20-MAT.20.21	2
27:56	MRK.15.40-MRK.15.41	2
27:57	JHN.19.38-JHN.19.42	6
27:57	MRK.15.42-MRK.15.47	3
27:57	LUK.23.50-LUK.23.56	2
27:58	MRK.15.44-MRK.15.46	2
27:58	LUK.23.52-LUK.23.53	2
27:60	ISA.53.9	6
27:60	MAT.27.66	4
27:60	MAT.28.2	4
27:60	MRK.16.3-MRK.16.4	2
27:60	LUK.24.2	2
27:60	JHN.20.1	2
27:61	MAT.27.56	3
27:61	MAT.28.1	3
27:62	MRK.15.42	6
27:62	JHN.19.14	5
27:62	JHN.19.42	4
27:62	PSA.2.1-PSA.2.6	2
27:62	MAT.26.17	2
27:62	MAT.27.1-MAT.27.2	2
27:62	LUK.23.54-LUK.23.56	2
27:62	JHN.19.31	2
27:62	ACT.4.27-ACT.4.28	2
27:63	LUK.9.22	8
27:63	MAT.16.21	6
27:63	MAT.17.23	5
27:63	MRK.8.31	5
27:63	MRK.10.34	5
27:63	LUK.18.33	5
27:63	JHN.2.19	5
27:63	MAT.26.61	4
27:63	MAT.20.19	3
27:63	LUK.23.2	3
27:63	LUK.24.6-LUK.24.7	3
27:63	JHN.7.12	3
27:63	2CO.6.8	3
27:63	JHN.7.47	2
27:64	MAT.28.13	3
27:65	MAT.27.66	4
27:65	MAT.28.11-MAT.28.15	2
27:65	PSA.76.10	1
27:65	PRO.21.30	1
27:66	DAN.6.17	9
27:66	MAT.27.60	2
27:66	MAT.28.2	2
27:66	2TI.2.19	2
27:66	MAT.28.11	1
28:1	MRK.16.1-MRK.16.8	13
28:1	JHN.20.1-JHN.20.10	9
28:1	MAT.27.56	7
28:1	LUK.23.56-LUK.24.10	7
28:1	MAT.27.61	6
28:1	LUK.24.22	6
28:2	MRK.16.3-MRK.16.5	5
28:2	LUK.24.2-LUK.24.5	5
28:2	JHN.20.12-JHN.20.13	5
28:2	ACT.16.26	5
28:2	MAT.27.51-MAT.27.53	3
28:2	JHN.20.1	3
28:2	1TI.3.16	2
28:2	1PE.1.12	2
28:2	REV.11.19	1
28:3	MRK.9.3	7
28:3	ACT.1.10	7
28:3	MRK.16.5	5
28:3	JHN.20.12	4
28:3	REV.18.1	4
28:3	MAT.17.2	3
28:3	REV.1.14-REV.1.16	3
28:3	REV.3.4-REV.3.5	3
28:3	REV.10.1	3
28:3	EZK.1.4-EZK.1.14	2
28:3	DAN.7.9	2
28:3	DAN.10.5-DAN.10.6	2
28:3	PSA.104.4	1
28:4	REV.1.17	7
28:4	DAN.10.7	5
28:4	MAT.27.65-MAT.27.66	4
28:4	MAT.28.11	4
28:4	ACT.16.29	4
28:4	JOB.4.14	3
28:4	PSA.48.6	3
28:4	ACT.9.3-ACT.9.7	3
28:5	ISA.41.10	6
28:5	HEB.1.14	6
28:5	REV.1.17-REV.1.18	6
28:5	LUK.1.30	4
28:5	LUK.24.5	4
28:5	PSA.105.3-PSA.105.4	3
28:5	ISA.35.4	3
28:5	ISA.41.14	3
28:5	DAN.10.12	3
28:5	DAN.10.19	3
28:5	MAT.14.27	3
28:5	MAT.28.10	3
28:5	MRK.16.6	3
28:5	LUK.1.12-LUK.1.13	3
28:5	JHN.20.13-JHN.20.15	2
28:6	MRK.16.6	19
28:6	MAT.12.40	17
28:6	LUK.24.6-LUK.24.8	15
28:6	MAT.16.21	14
28:6	LUK.24.23	12
28:6	JHN.20.4-JHN.20.9	11
28:6	MAT.27.63	10
28:6	MAT.17.23	9
28:6	MAT.26.31-MAT.26.32	9
28:6	LUK.24.44	9
28:6	MRK.8.31	8
28:6	JHN.2.19	8
28:6	JHN.10.17	8
28:6	MAT.17.9	7
28:6	MAT.20.19	7
28:6	LUK.24.12	7
28:7	MAT.26.32	9
28:7	MAT.28.10	7
28:7	LUK.24.22-LUK.24.24	7
28:7	MRK.16.7-MRK.16.8	5
28:7	JHN.16.4	5
28:7	ISA.45.21	4
28:7	JHN.20.17-JHN.20.18	4
28:7	JHN.21.1-JHN.21.14	4
28:7	ISA.44.8	3
28:7	MAT.24.25	3
28:7	MAT.28.16-MAT.28.17	3
28:7	MRK.14.28	3
28:7	MRK.16.10	3
28:7	MRK.16.13	3
28:7	LUK.24.34	3
28:7	JHN.14.29	3
28:7	1CO.15.4	3
28:7	LUK.24.9-LUK.24.10	2
28:7	1CO.15.6	2
28:8	PSA.2.11	9
28:8	MRK.16.8	7
28:8	LUK.24.36-LUK.24.41	6
28:8	JHN.16.20	4
28:8	EZR.3.12-EZR.3.13	3
28:8	JHN.16.22	3
28:8	JHN.20.20-JHN.20.21	3
28:9	MAT.28.17	10
28:9	MAT.14.33	9
28:9	JHN.20.14-JHN.20.17	8
28:9	JHN.20.28	8
28:9	LUK.24.52	6
28:9	JHN.12.3	4
28:9	REV.5.11-REV.5.14	4
28:9	MRK.16.9-MRK.16.10	3
28:9	LUK.1.28	3
28:9	LUK.7.38	3
28:9	REV.3.9	3
28:9	SNG.3.3-SNG.3.4	2
28:9	ISA.64.5	2
28:9	JHN.20.19	2
28:9	2CO.13.11	2
28:10	ROM.8.29	8
28:10	MAT.28.7	6
28:10	JHN.20.17	6
28:10	MAT.14.27	4
28:10	MAT.28.5	4
28:10	MRK.16.7	4
28:10	MAT.12.48-MAT.12.50	3
28:10	MAT.25.40	3
28:10	MAT.25.45	3
28:10	MRK.3.33-MRK.3.35	3
28:10	LUK.24.36-LUK.24.38	3
28:10	JHN.6.20	3
28:10	JDG.10.16	2
28:10	PSA.103.8-PSA.103.13	2
28:10	HEB.2.11-HEB.2.18	2
28:11	MAT.27.65-MAT.27.66	2
28:11	MAT.28.4	1
28:12	MAT.26.3-MAT.26.4	3
28:12	MAT.27.1-MAT.27.2	3
28:12	MAT.27.62-MAT.27.64	3
28:12	ACT.4.5-ACT.4.22	3
28:12	ACT.5.40	3
28:12	PSA.2.1-PSA.2.7	2
28:12	JHN.11.47	2
28:12	JHN.12.10-JHN.12.11	2
28:12	ACT.5.33-ACT.5.34	2
28:13	MAT.26.64	5
28:14	MAT.27.2	4
28:14	ACT.12.19	2
28:15	MAT.27.8	6
28:15	1TI.6.10	6
28:15	MAT.26.15	4
28:16	MAT.26.32	12
28:16	MAT.28.10	8
28:16	MAT.28.7	7
28:16	MRK.16.14	5
28:16	ACT.1.13-ACT.1.26	4
28:16	1CO.15.15	0
28:17	PSA.45.11	6
28:17	MAT.28.9	5
28:17	PSA.2.12	4
28:17	JHN.5.23	4
28:17	1CO.15.6	3
28:17	MAT.16.28	2
28:18	JHN.3.35	98
28:18	1PE.3.22	71
28:18	MAT.11.27	57
28:18	EPH.1.20-EPH.1.22	50
28:18	HEB.2.8	47
28:18	DAN.7.13-DAN.7.14	38
28:18	1CO.15.27	37
28:18	JHN.17.2	35
28:18	JHN.13.3	30
28:18	ISA.9.6-ISA.9.7	29
28:18	PHP.2.9-PHP.2.11	27
28:18	HEB.1.2	26
28:18	COL.2.10	25
28:18	LUK.10.22	24
28:18	REV.19.16	23
28:18	ROM.14.9	22
28:18	MAT.26.64	20
28:18	COL.1.16-COL.1.19	19
28:18	REV.17.14	19
28:18	LUK.1.32-LUK.1.33	18
28:18	JHN.5.22-JHN.5.27	18
28:18	REV.11.15	18
28:18	PSA.89.27	17
28:18	ACT.2.36	15
28:18	PSA.110.1-PSA.110.3	14
28:18	PSA.2.6-PSA.2.9	13
28:18	ACT.10.36	13
28:18	PSA.89.19	10
28:18	MAT.16.28	6
28:19	MRK.16.15-MRK.16.16	186
28:19	ACT.2.38-ACT.2.39	109
28:19	ACT.1.8	90
28:19	LUK.24.47-LUK.24.48	74
28:19	ACT.19.3-ACT.19.5	61
28:19	ISA.49.6	57
28:19	GAL.3.27	56
28:19	ACT.10.47-ACT.10.48	47
28:19	ACT.13.46-ACT.13.47	47
28:19	ROM.6.3-ROM.6.4	46
28:19	MAT.3.16-MAT.3.17	38
28:19	ROM.10.18	38
28:19	ACT.8.12-ACT.8.16	36
28:19	EPH.2.18	36
28:19	ACT.2.41	35
28:19	ACT.28.28	34
28:19	1PE.3.21	33
28:19	ACT.8.36-ACT.8.38	30
28:19	ISA.66.18-ISA.66.19	28
28:19	NUM.6.24-NUM.6.27	27
28:19	GEN.1.26	25
28:19	ISA.48.16	25
28:19	ISA.52.10	25
28:19	PSA.98.2-PSA.98.3	24
28:19	ACT.14.21	24
28:19	1CO.15.29	24
28:19	ISA.42.1-ISA.42.4	23
28:19	ACT.9.18	23
28:19	PSA.22.27-PSA.22.28	22
28:19	REV.1.4-REV.1.6	22
28:19	ACT.16.15-ACT.16.33	21
28:19	1CO.1.13-1CO.1.16	20
28:19	1CO.12.4-1CO.12.6	20
28:19	2CO.13.14	20
28:19	COL.1.23	20
28:19	1JN.5.7	20
28:19	MAT.13.52	19
28:20	ISA.41.10	82
28:20	JOS.1.5	55
28:20	ACT.18.9-ACT.18.10	48
28:20	JHN.14.18-JHN.14.23	41
28:20	PSA.46.7	30
28:20	1JN.2.3-1JN.2.4	27
28:20	GEN.39.2-GEN.39.3	26
28:20	MAT.18.20	26
28:20	GEN.39.21	25
28:20	MAT.1.23	25
28:20	PSA.46.11	23
28:20	1TH.4.1-1TH.4.2	19
28:20	REV.22.20-REV.22.21	18
28:20	MRK.16.20	17
28:20	EPH.4.20-EPH.4.32	17
28:20	1JN.3.19-1JN.3.24	16
28:20	EXO.3.12	15
28:20	ISA.8.8-ISA.8.10	12
28:20	EPH.4.11-EPH.4.17	12
28:20	2TI.4.17	12
28:20	COL.1.28	11
28:20	ACT.2.42	10
28:20	1CO.14.37	10
28:20	2PE.1.5-2PE.1.11	9
28:20	REV.22.14	9
28:20	DEU.12.32	8
28:20	1KI.1.36	8
28:20	PSA.72.19	8
28:20	MAT.6.13	8
28:20	MAT.7.24-MAT.7.27	8
28:20	MAT.13.49	8
28:20	1CO.11.2	8
28:20	TIT.2.1-TIT.2.10	8
28:20	1PE.2.10-1PE.2.19	8
28:20	DEU.5.32	7
28:20	MAT.13.39-MAT.13.40	7
28:20	ACT.20.20-ACT.20.21	6
28:20	ACT.20.27	6
28:20	2PE.3.2	6
28:20	1CH.16.36	5
28:20	1TI.6.1-1TI.6.4	5
28:20	REV.1.18	5
28:20	1CO.11.23	4
28:20	MAT.24.3	3
28:20	2TH.3.6-2TH.3.12	1
