# chapter:verse	to	votes (most first)
1:1	1JN.5.11-1JN.5.12	10
1:1	MAT.3.17	8
1:1	MAT.4.3	8
1:1	JHN.20.31	7
1:1	MAT.14.33	6
1:1	MAT.17.5	6
1:1	LUK.1.2-LUK.1.3	6
1:1	JHN.1.14	6
1:1	JHN.3.16	4
1:1	JHN.6.69	4
1:1	ROM.1.1-ROM.1.4	4
1:1	ROM.8.3	4
1:1	HEB.1.1-HEB.1.2	4
1:1	1JN.1.1-1JN.1.3	4
1:1	JHN.1.34	3
1:1	JHN.1.49	3
1:1	PSA.2.7	2
1:1	LUK.1.35	2
1:1	LUK.2.10-LUK.2.11	2
1:1	ACT.1.1-ACT.1.2	1
1:1	ROM.8.32	1
1:2	MAL.3.1	45
1:2	MAT.11.10	11
1:2	LUK.1.76	11
1:2	MAT.3.1-MAT.3.11	8
1:2	LUK.1.15-LUK.1.17	6
1:2	LUK.7.27-LUK.7.28	4
1:2	PSA.40.7	3
1:2	MAT.26.31	3
1:2	LUK.1.70	3
1:2	MAT.2.5	2
1:2	MAT.26.24	2
1:2	LUK.3.2-LUK.3.16	2
1:2	LUK.18.31	2
1:3	ISA.40.3-ISA.40.5	32
1:3	MAT.3.3	12
1:3	LUK.3.4-LUK.3.6	8
1:3	JHN.3.28-JHN.3.36	4
1:3	JHN.1.15	2
1:3	JHN.1.19-JHN.1.34	2
1:4	ACT.19.3-ACT.19.4	8
1:4	MAT.3.6	6
1:4	ACT.13.24-ACT.13.25	5
1:4	JHN.3.23	4
1:4	MAT.3.1-MAT.3.2	3
1:4	MAT.3.11	3
1:4	LUK.1.77	3
1:4	LUK.3.2-LUK.3.3	3
1:4	ACT.22.16	3
1:4	ACT.10.37	2
1:5	LEV.26.40-LEV.26.42	7
1:5	ACT.19.18	7
1:5	MAT.3.5-MAT.3.6	4
1:5	ACT.2.38	4
1:5	JOS.7.19	2
1:5	PSA.32.5	2
1:5	PRO.28.13	2
1:5	MAT.4.25	2
1:5	JHN.1.28	2
1:5	JHN.3.23	2
1:5	1JN.1.8-1JN.1.10	2
1:6	2KI.1.8	16
1:6	LEV.11.22	8
1:6	ZEC.13.4	6
1:6	MAT.3.4	6
1:7	ACT.13.25	11
1:7	LUK.3.16	9
1:7	JHN.1.27	8
1:7	MAT.3.11	6
1:7	LUK.7.6-LUK.7.7	4
1:7	JHN.3.28-JHN.3.31	4
1:7	MAT.3.14	3
1:8	ACT.1.5	11
1:8	1CO.12.13	9
1:8	ACT.19.4-ACT.19.6	8
1:8	JOL.2.28	5
1:8	ACT.2.4	5
1:8	ACT.10.45	5
1:8	ACT.11.15-ACT.11.16	5
1:8	EZK.36.25-EZK.36.27	4
1:8	PRO.1.23	3
1:8	ISA.32.15	3
1:8	ISA.44.3	3
1:8	MAT.3.11	3
1:8	ACT.2.17	3
1:8	TIT.3.5-TIT.3.6	2
1:9	MAT.2.23	4
1:9	MAT.3.13-MAT.3.17	4
1:9	LUK.3.21-LUK.3.22	3
1:10	LUK.3.22	9
1:10	JHN.1.31-JHN.1.34	9
1:10	ISA.42.1	8
1:10	ISA.64.1	7
1:10	MAT.3.16	7
1:11	ISA.42.1	13
1:11	MRK.9.7	10
1:11	MAT.3.17	8
1:11	PSA.2.7	7
1:11	COL.1.13	4
1:11	JHN.3.16	3
1:11	JHN.12.28-JHN.12.30	3
1:11	ROM.1.4	3
1:11	2PE.1.17-2PE.1.18	3
1:11	MAT.17.5	2
1:11	LUK.9.35	2
1:11	JHN.1.34	2
1:11	JHN.3.35-JHN.3.36	2
1:11	JHN.5.20-JHN.5.23	2
1:11	JHN.5.37	2
1:11	JHN.6.69	1
1:12	MAT.4.1-MAT.4.11	10
1:12	LUK.4.1-LUK.4.13	6
1:13	HEB.2.17-HEB.2.18	7
1:13	HEB.4.15	6
1:13	EXO.34.28	5
1:13	MAT.26.53	4
1:13	DEU.9.11	2
1:13	DEU.9.18	2
1:13	DEU.9.25	2
1:13	1KI.19.5-1KI.19.8	2
1:13	MAT.4.10-MAT.4.11	2
1:13	EXO.24.18	1
1:13	1TI.3.16	1
1:14	MAT.4.23	13
1:14	MAT.4.12	8
1:14	LUK.8.1	6
1:14	MAT.9.35	5
1:14	ISA.61.1-ISA.61.3	4
1:14	EPH.2.17	4
1:14	LUK.4.17-LUK.4.19	3
1:14	LUK.4.43-LUK.4.44	3
1:14	ACT.28.23	3
1:14	MAT.14.2	2
1:14	ACT.20.25	2
1:14	MAT.11.2	1
1:14	LUK.3.20	1
1:14	JHN.3.22-JHN.3.24	1
1:15	MAT.3.2	30
1:15	MAT.4.17	25
1:15	ACT.2.36-ACT.2.38	22
1:15	ACT.20.21	16
1:15	EPH.1.10	15
1:15	MAT.10.7	13
1:15	GAL.4.4	13
1:15	DAN.2.44	11
1:15	LUK.10.9	11
1:15	LUK.24.47	11
1:15	LUK.10.11	9
1:15	DAN.9.25	8
1:15	MAT.21.31-MAT.21.32	8
1:15	2TI.2.25-2TI.2.26	8
1:15	ROM.16.26	7
1:16	MAT.4.18-MAT.4.22	13
1:16	JHN.1.40-JHN.1.42	8
1:16	LUK.6.14	3
1:16	JHN.6.8	3
1:16	MAT.10.2	2
1:16	MRK.1.16-MRK.1.20	2
1:16	MRK.3.16	2
1:16	MRK.3.18	2
1:16	LUK.5.1-LUK.5.11	2
1:16	JHN.12.22	2
1:16	ACT.1.13	2
1:17	LUK.5.10	6
1:17	MAT.4.19-MAT.4.20	4
1:17	ACT.2.38-ACT.2.41	2
1:17	EZK.47.10	1
1:18	MAT.19.27-MAT.19.30	3
1:18	MRK.10.28-MRK.10.31	3
1:18	LUK.5.11	3
1:18	LUK.14.33	3
1:18	LUK.18.28-LUK.18.30	3
1:18	PHP.3.8	2
1:19	MAT.4.21	3
1:19	MRK.3.17	3
1:19	MRK.5.37	3
1:19	MRK.9.2	3
1:19	MRK.10.35	3
1:19	MRK.14.33	3
1:19	ACT.1.13	3
1:19	ACT.12.2	3
1:20	MAT.10.37	4
1:20	MRK.10.29	4
1:20	LUK.14.26	4
1:20	1KI.19.20	3
1:20	MAT.4.21-MAT.4.22	3
1:20	MAT.8.21-MAT.8.22	3
1:20	2CO.5.16	3
1:20	DEU.33.9	2
1:21	MRK.6.2	9
1:21	MRK.1.39	7
1:21	MAT.4.23	6
1:21	ACT.13.14-ACT.13.52	4
1:21	ACT.17.2	4
1:21	MAT.4.13	3
1:21	ACT.18.4	3
1:21	MRK.2.1	2
1:21	MRK.10.1	2
1:21	LUK.4.16	2
1:21	LUK.4.31-LUK.4.37	2
1:21	LUK.10.15	2
1:21	LUK.13.10	2
1:22	MAT.7.28-MAT.7.29	9
1:22	MAT.13.54	7
1:22	LUK.4.32	5
1:22	JER.23.29	4
1:22	LUK.21.15	4
1:22	JHN.7.46	4
1:22	ACT.6.10	4
1:22	ACT.9.21-ACT.9.22	3
1:22	2CO.4.2	3
1:22	HEB.4.12-HEB.4.13	3
1:22	MAT.23.16-MAT.23.24	2
1:22	MRK.7.3-MRK.7.13	2
1:23	MRK.9.25	3
1:23	MAT.12.43	2
1:23	MRK.1.34	2
1:23	MRK.5.2	2
1:23	MRK.7.25	2
1:23	LUK.4.33-LUK.4.37	2
1:24	MAT.8.29	9
1:24	JAS.2.19	9
1:24	LUK.4.34	8
1:24	ACT.3.14	8
1:24	REV.3.7	6
1:24	MRK.5.7	5
1:24	LUK.8.28	5
1:24	ACT.2.27	5
1:24	PSA.16.10	4
1:24	PSA.89.18-PSA.89.19	3
1:24	LUK.1.35	3
1:24	JHN.6.69	3
1:24	LUK.24.19	2
1:24	ACT.4.27	2
1:24	ACT.24.5	2
1:24	EXO.14.12	1
1:24	MAT.2.23	1
1:24	LUK.8.37	1
1:24	DAN.9.24	0
1:25	MRK.1.34	6
1:25	MRK.3.11-MRK.3.12	3
1:25	MRK.9.25	3
1:25	LUK.4.41	3
1:25	ACT.16.17	3
1:25	LUK.4.35	2
1:25	PSA.50.16	1
1:26	MRK.9.26	4
1:26	MRK.9.20	3
1:26	LUK.9.39	2
1:26	LUK.9.42	2
1:26	LUK.11.22	2
1:27	MAT.15.31	5
1:27	MRK.7.37	5
1:27	LUK.9.1	5
1:27	MAT.9.33	4
1:27	LUK.4.36	4
1:27	MAT.12.22-MAT.12.23	2
1:27	MRK.10.24	2
1:27	MRK.10.32	2
1:27	LUK.10.17-LUK.10.20	1
1:28	MAT.9.31	3
1:28	LUK.4.37	3
1:28	MIC.5.4	2
1:28	MAT.4.24	2
1:28	MRK.1.45	2
1:28	LUK.4.17	2
1:29	MAT.8.14-MAT.8.15	8
1:29	LUK.4.38-LUK.4.39	7
1:29	MRK.1.21	4
1:29	LUK.9.58	3
1:29	MRK.1.23	2
1:30	1CO.9.5	4
1:30	MRK.5.23	3
1:30	JHN.11.3	3
1:30	JAS.5.14-JAS.5.15	3
1:31	ACT.9.41	4
1:31	PSA.103.1-PSA.103.3	2
1:31	PSA.116.12	2
1:31	MRK.5.41	2
1:31	LUK.8.2-LUK.8.3	2
1:31	MRK.15.41	1
1:31	MAT.27.55	0
1:32	MAT.8.16	21
1:32	LUK.4.40	5
1:32	MAT.4.24	4
1:32	MRK.3.2	4
1:32	MRK.1.21	1
1:33	MRK.1.5	2
1:33	ACT.13.44	2
1:34	LUK.4.41	10
1:34	MRK.3.12	6
1:34	MAT.4.23	4
1:34	ACT.16.16-ACT.16.18	4
1:34	MRK.1.25	1
1:35	LUK.6.12	46
1:35	LUK.5.16	25
1:35	LUK.22.39-LUK.22.46	24
1:35	EPH.6.18	23
1:35	PSA.5.3	18
1:35	JHN.6.15	17
1:35	HEB.5.7	16
1:35	MAT.14.23	14
1:35	MRK.6.46-MRK.6.48	13
1:35	LUK.4.42-LUK.4.43	9
1:35	PHP.2.5	8
1:35	JHN.4.34	5
1:35	PSA.109.4	3
1:37	JHN.12.19	3
1:37	ZEC.11.11	1
1:37	MRK.1.5	1
1:37	JHN.3.26	1
1:37	JHN.11.48	1
1:38	LUK.4.43	13
1:38	ISA.61.1-ISA.61.3	6
1:38	JHN.17.8	5
1:38	LUK.2.49	4
1:38	LUK.4.18-LUK.4.21	4
1:38	JHN.16.28	4
1:38	JHN.17.4	4
1:38	JHN.9.4	3
1:39	MAT.4.23	4
1:39	MRK.1.21	3
1:39	MRK.7.30	2
1:39	LUK.4.41	2
1:39	LUK.4.43-LUK.4.44	2
1:40	LUK.5.12-LUK.5.14	13
1:40	MAT.8.2-MAT.8.4	8
1:40	LEV.13.1-LEV.13.14	5
1:40	2SA.3.29	4
1:40	MAT.17.14	4
1:40	MRK.9.22-MRK.9.23	3
1:40	DEU.24.8-DEU.24.9	2
1:40	MRK.10.17	2
1:40	GEN.18.14	1
1:40	NUM.12.10-NUM.12.15	1
1:40	2KI.5.5-2KI.5.27	1
1:40	2KI.7.3	1
1:40	2KI.15.5	1
1:40	MAT.11.5	1
1:40	LUK.17.12-LUK.17.19	1
1:40	LUK.22.41	1
1:40	ACT.7.60	1
1:40	2CH.6.13	0
1:40	EPH.3.14	0
1:41	MAT.9.36	8
1:41	MRK.5.41	5
1:41	LUK.7.12-LUK.7.13	5
1:41	HEB.2.17	5
1:41	HEB.4.15	5
1:41	MRK.4.39	4
1:41	MRK.6.34	4
1:41	GEN.1.3	3
1:41	PSA.33.9	3
1:41	HEB.1.3	2
1:42	JHN.15.3	3
1:42	PSA.33.9	2
1:42	MAT.15.28	2
1:42	MRK.1.31	2
1:42	MRK.5.29	2
1:42	JHN.4.50-JHN.4.53	2
1:43	MAT.9.30	4
1:43	MRK.3.12	3
1:43	MRK.5.43	3
1:43	MRK.7.36	3
1:43	LUK.8.56	3
1:44	LEV.14.1-LEV.14.32	17
1:44	MAT.8.4	8
1:44	LUK.17.14	8
1:44	1CO.10.11	5
1:44	LUK.5.14	4
1:44	ROM.15.4	4
1:44	MAT.23.2-MAT.23.3	3
1:45	MAT.9.31	5
1:45	MRK.2.13	5
1:45	PSA.77.11	4
1:45	LUK.5.15-LUK.5.17	4
1:45	JHN.6.2	4
1:45	MAT.28.15	3
1:45	MRK.2.1-MRK.2.2	3
1:45	MRK.3.7	3
1:45	TIT.1.10	2
2:1	LUK.5.18	4
2:1	JHN.4.47	3
2:1	LUK.18.35-LUK.18.38	2
2:1	MAT.9.1	1
2:1	MRK.1.45	1
2:1	MRK.7.24	1
2:1	ACT.2.6	0
2:2	MRK.2.13	5
2:2	MRK.1.45	4
2:2	PSA.40.9	3
2:2	MAT.5.2	3
2:2	MRK.1.14	3
2:2	MRK.1.33	3
2:2	MRK.4.1-MRK.4.2	3
2:2	MRK.6.34	3
2:2	LUK.5.17	3
2:2	LUK.8.1	3
2:2	2TI.4.2	3
2:2	MRK.1.37	2
2:2	LUK.8.11	2
2:2	LUK.12.1	2
2:2	ACT.8.25	2
2:2	ACT.11.19	2
2:2	ACT.14.25	2
2:2	ACT.16.6	2
2:2	ROM.10.8	2
2:3	LUK.5.18-LUK.5.26	8
2:3	MAT.9.1-MAT.9.8	4
2:3	MAT.4.24	1
2:4	LUK.5.19	9
2:4	DEU.22.8	7
2:5	MAT.9.2	16
2:5	JAS.5.15	13
2:5	MRK.2.9-MRK.2.10	8
2:5	LUK.7.47-LUK.7.50	6
2:5	LUK.5.20	5
2:5	MAT.9.22	4
2:5	ACT.5.31	4
2:5	EPH.2.8	4
2:5	PSA.32.1-PSA.32.5	3
2:5	PSA.90.7-PSA.90.9	3
2:5	ISA.53.11	3
2:5	JHN.5.14	3
2:5	COL.3.13	3
2:5	GEN.22.12	2
2:5	PSA.103.3	2
2:5	ISA.38.17	2
2:5	MRK.5.34	2
2:5	LUK.8.48	2
2:5	JHN.2.25	2
2:5	ACT.11.23	2
2:5	ACT.14.9	2
2:5	1CO.11.30	2
2:5	2CO.2.10	2
2:5	1TH.1.3-1TH.1.4	2
2:5	JAS.2.18-JAS.2.22	2
2:5	JOB.33.17-JOB.33.26	1
2:6	LUK.5.21-LUK.5.22	4
2:6	MRK.8.17	3
2:6	MAT.16.7-MAT.16.8	1
2:6	2CO.10.5	1
2:7	ISA.43.25	13
2:7	DAN.9.9	9
2:7	MIC.7.18	9
2:7	LUK.5.21	9
2:7	LUK.7.49	7
2:7	JHN.10.33	5
2:7	JHN.20.20-JHN.20.23	5
2:7	JOB.14.4	4
2:7	PSA.130.4	4
2:7	MAT.9.3	3
2:7	MAT.26.65	3
2:7	MRK.14.64	3
2:7	JHN.10.36	2
2:8	PSA.139.2	5
2:8	EZK.38.10	4
2:8	MAT.9.4	4
2:8	LUK.5.22	4
2:8	LUK.6.8	4
2:8	LUK.24.38	4
2:8	JHN.2.24-JHN.2.25	4
2:8	JHN.6.64	4
2:8	ACT.5.3	4
2:8	ACT.8.22	4
2:8	HEB.4.13	4
2:8	1CH.29.17	3
2:8	PRO.15.26	3
2:8	PRO.24.9	3
2:8	ISA.55.7	3
2:8	MRK.7.21	3
2:8	JHN.21.17	2
2:8	REV.2.23	2
2:8	LUK.7.39-LUK.7.40	1
2:9	LUK.5.22-LUK.5.25	7
2:9	MAT.9.5	5
2:10	DAN.7.13-DAN.7.14	11
2:10	MAT.9.6-MAT.9.8	9
2:10	ACT.5.31	8
2:10	JHN.5.20-JHN.5.27	7
2:10	MAT.16.13	5
2:10	1TI.1.13-1TI.1.16	3
2:11	MRK.1.41	3
2:11	JHN.5.8-JHN.5.10	2
2:11	JHN.6.63	2
2:12	MAT.9.33	6
2:12	MAT.9.8	4
2:12	LUK.7.16	3
2:12	JHN.9.32	3
2:12	MAT.12.23	2
2:12	MAT.15.31	2
2:12	MRK.1.27	2
2:12	LUK.5.26	2
2:12	LUK.13.13	2
2:12	LUK.17.15	2
2:12	JHN.7.31	2
2:12	ACT.4.21	2
2:13	PRO.1.20-PRO.1.22	3
2:13	MRK.4.1	3
2:13	MAT.9.9	2
2:13	MAT.13.1	2
2:13	MRK.1.45	2
2:13	MRK.2.2	2
2:13	MRK.3.7-MRK.3.8	2
2:13	MRK.3.20-MRK.3.21	2
2:13	LUK.19.48	2
2:13	LUK.21.38	2
2:14	LUK.5.27-LUK.5.32	7
2:14	LUK.6.15	3
2:14	MAT.9.9-MAT.9.13	2
2:14	MRK.1.17-MRK.1.20	2
2:14	MRK.3.18	2
2:14	MAT.4.19-MAT.4.22	1
2:14	ACT.1.13	0
2:15	LUK.15.1	4
2:15	MAT.9.10-MAT.9.11	3
2:15	LUK.5.29-LUK.5.30	3
2:15	MAT.21.31-MAT.21.32	2
2:15	LUK.6.17	2
2:16	LUK.18.11	4
2:16	LUK.19.7	4
2:16	LUK.19.10	4
2:16	ISA.65.5	3
2:16	ACT.23.9	3
2:16	1CO.2.15	3
2:16	MAT.9.11	2
2:16	MAT.18.17	2
2:16	MRK.2.7	2
2:16	LUK.15.2-LUK.15.7	2
2:16	HEB.12.3	2
2:17	LUK.15.7	37
2:17	MAT.9.12-MAT.9.13	36
2:17	LUK.19.10	27
2:17	LUK.5.31-LUK.5.32	25
2:17	1TI.1.15-1TI.1.16	21
2:17	TIT.3.3-TIT.3.7	17
2:17	ROM.5.6-ROM.5.8	14
2:17	ISA.55.7	13
2:17	LUK.15.10	11
2:17	ROM.5.20-ROM.5.21	11
2:17	1CO.6.9-1CO.6.11	10
2:17	ISA.1.18	9
2:17	TIT.2.14	8
2:17	JHN.9.40	7
2:17	LUK.15.29	6
2:17	ACT.20.21	6
2:17	LUK.16.15	5
2:17	ACT.26.20	5
2:17	MAT.18.10	4
2:17	JHN.9.34	0
2:18	MAT.6.18	6
2:18	MAT.9.14-MAT.9.17	6
2:18	LUK.18.12	6
2:18	MAT.6.16	5
2:18	LUK.5.33-LUK.5.39	3
2:18	MAT.23.5	2
2:18	ROM.10.3	2
2:19	MAT.25.1-MAT.25.10	3
2:19	GEN.29.22	2
2:19	JDG.14.10-JDG.14.11	1
2:20	LUK.17.22	5
2:20	REV.21.9	4
2:20	ISA.54.5	3
2:20	ISA.62.5	3
2:20	ZEC.13.7	3
2:20	REV.19.7	3
2:20	PSA.45.11	2
2:20	SNG.3.11	2
2:20	MAT.26.31	2
2:20	JHN.3.29	2
2:20	JHN.7.33-JHN.7.34	2
2:20	JHN.13.33	2
2:20	JHN.16.7	2
2:20	JHN.16.28	2
2:20	JHN.17.11	2
2:20	JHN.17.13	2
2:20	ACT.1.9	2
2:20	ACT.3.21	2
2:20	ACT.13.2-ACT.13.3	2
2:20	ACT.14.23	2
2:20	1CO.7.5	2
2:20	2CO.11.2	2
2:20	2CO.11.27	2
2:20	JHN.12.8	1
2:20	2CO.6.5	1
2:21	MAT.9.16	11
2:21	1CO.10.13	4
2:21	ISA.57.16	2
2:21	PSA.103.13-PSA.103.15	1
2:22	MAT.9.17	10
2:22	PSA.119.83	8
2:22	LUK.5.37-LUK.5.38	6
2:22	JOS.9.4	5
2:22	JOS.9.13	5
2:22	JOB.32.19	5
2:22	PSA.119.80	4
2:23	DEU.23.24-DEU.23.25	9
2:23	MAT.12.1-MAT.12.8	8
2:23	LUK.6.1-LUK.6.5	7
2:24	EXO.20.10	4
2:24	MAT.12.2	3
2:24	HEB.12.3	3
2:24	EXO.31.15	2
2:24	EXO.35.2-EXO.35.3	2
2:24	NUM.15.32-NUM.15.36	2
2:24	NEH.13.15-NEH.13.22	2
2:24	ISA.56.2	2
2:24	ISA.56.4	2
2:24	ISA.56.6	2
2:24	ISA.58.13	2
2:24	JER.17.20-JER.17.27	2
2:24	MAT.7.3-MAT.7.5	2
2:24	MAT.15.2-MAT.15.3	2
2:24	MAT.23.23-MAT.23.24	2
2:24	MRK.2.7	2
2:24	MRK.2.16	2
2:25	1SA.21.3-1SA.21.6	27
2:25	LUK.10.26	2
2:26	2SA.8.17	6
2:26	LEV.24.5-LEV.24.9	5
2:26	1SA.21.1	5
2:26	1CH.24.6	4
2:26	1SA.22.20-1SA.22.22	2
2:26	1KI.2.26-1KI.2.27	2
2:26	EXO.29.32-EXO.29.33	1
2:26	1SA.23.6	1
2:26	1SA.23.9	1
2:26	2SA.15.24	1
2:26	2SA.15.29	1
2:26	2SA.15.35	1
2:26	2SA.20.25	1
2:26	1KI.1.7	1
2:26	1KI.2.22	1
2:26	1KI.4.4	1
2:27	COL.2.16	20
2:27	LUK.6.9	17
2:27	DEU.5.14	15
2:27	EZK.20.12	13
2:27	ISA.58.13	10
2:27	EXO.23.12	9
2:27	EZK.20.20	9
2:27	JHN.7.23	8
2:27	NEH.9.13-NEH.9.14	6
2:27	1CO.3.21-1CO.3.22	2
2:27	2CO.4.15	2
2:28	MAT.12.8	6
2:28	JHN.9.14	4
2:28	REV.1.10	4
2:28	JHN.5.17	3
2:28	EPH.1.22	3
2:28	LUK.6.5	2
2:28	LUK.13.15-LUK.13.16	2
2:28	JHN.5.9-JHN.5.11	2
2:28	JHN.9.5-JHN.9.11	2
2:28	JHN.9.16	2
2:28	MRK.3.4	1
3:1	MAT.12.9-MAT.12.14	21
3:1	LUK.6.6-LUK.6.11	20
3:1	MRK.1.21	10
3:1	1KI.13.4	1
3:2	PSA.37.32	9
3:2	LUK.6.7	7
3:2	LUK.14.1	7
3:2	LUK.20.20	6
3:2	DAN.6.4	5
3:2	LUK.11.53-LUK.11.54	5
3:2	ISA.29.20-ISA.29.21	4
3:2	JER.20.10	4
3:2	MAT.12.10	4
3:2	JHN.9.16	4
3:3	PHP.1.28-PHP.1.30	3
3:3	ISA.42.4	2
3:3	DAN.6.10	2
3:3	LUK.6.8	2
3:3	JHN.9.4	2
3:3	1CO.15.58	2
3:3	GAL.6.9	2
3:3	PHP.1.14	2
3:3	1PE.4.1	2
3:4	LUK.6.9	10
3:4	MAT.12.10-MAT.12.12	6
3:4	LUK.14.1-LUK.14.5	6
3:4	HOS.6.6	4
3:4	MRK.2.27-MRK.2.28	4
3:4	LUK.13.13-LUK.13.17	4
3:4	MRK.9.34	3
3:5	LUK.6.10	7
3:5	EPH.4.18	5
3:5	1KI.13.6	4
3:5	ROM.11.25	4
3:5	MAT.12.13	3
3:5	MAT.13.14-MAT.13.15	3
3:5	ROM.11.7-ROM.11.10	3
3:5	GEN.6.6	2
3:5	JDG.10.16	2
3:5	NEH.13.8	2
3:5	PSA.95.10	2
3:5	ISA.6.9-ISA.6.10	2
3:5	ISA.42.18-ISA.42.20	2
3:5	ISA.44.18-ISA.44.20	2
3:5	ISA.63.9-ISA.63.10	2
3:5	LUK.13.15	2
3:5	LUK.17.14	2
3:5	LUK.19.40-LUK.19.44	2
3:5	JHN.5.8-JHN.5.9	2
3:5	JHN.9.7	2
3:5	2CO.3.14	2
3:5	EPH.4.26	2
3:5	EPH.4.30	2
3:5	HEB.3.17	2
3:5	HEB.5.9	2
3:5	HEB.3.10	1
3:5	REV.6.16	1
3:6	MAT.22.16	5
3:6	MRK.12.13	5
3:6	MAT.12.14	4
3:6	PSA.109.3-PSA.109.4	2
3:6	MRK.8.15	2
3:6	LUK.6.11	2
3:6	LUK.20.19-LUK.20.20	2
3:6	JHN.11.53	2
3:6	LUK.22.2	1
3:7	MAT.4.25	5
3:7	LUK.6.17	5
3:7	MAT.12.15	4
3:7	JOS.20.7	2
3:7	MAT.10.23	2
3:7	MRK.1.39	2
3:7	LUK.6.12	2
3:7	LUK.23.5	2
3:7	JHN.11.53-JHN.11.54	2
3:7	JOS.21.32	1
3:7	JHN.7.41	1
3:7	JHN.7.52	1
3:7	JHN.10.39-JHN.10.41	1
3:7	ACT.14.5-ACT.14.6	1
3:7	ACT.17.10	1
3:7	ACT.17.14	1
3:8	EZK.35.15	4
3:8	ISA.34.5	3
3:8	EZK.36.5	3
3:8	MAT.11.21	3
3:8	NUM.32.33-NUM.32.38	2
3:8	JOS.13.8-JOS.13.14	2
3:8	JOS.19.28-JOS.19.29	2
3:8	PSA.45.12	2
3:8	PSA.87.4	2
3:8	ISA.23.1-ISA.23.18	2
3:8	EZK.26.1-EZK.26.21	2
3:8	MAL.1.2-MAL.1.4	2
3:8	MRK.7.24	2
3:8	MRK.7.31	1
3:9	MRK.5.30	2
3:9	JHN.6.15	2
3:10	MAT.14.36	4
3:10	MRK.6.56	4
3:10	MAT.4.23	3
3:10	ACT.19.11-ACT.19.12	3
3:10	LUK.7.2	2
3:10	ACT.5.15	2
3:10	GEN.12.17	1
3:10	NUM.11.33	1
3:10	MAT.9.20-MAT.9.21	1
3:10	MAT.12.15	1
3:10	MAT.14.14	1
3:10	MRK.5.27-MRK.5.29	1
3:10	MRK.5.34	1
3:10	HEB.12.6	1
3:11	LUK.4.41	9
3:11	MRK.1.23-MRK.1.24	7
3:11	LUK.8.28	7
3:11	MAT.4.3	6
3:11	MAT.8.29	6
3:11	JAS.2.19	6
3:11	ACT.16.17	5
3:11	MAT.4.6	4
3:11	MAT.8.31	4
3:11	ACT.19.13-ACT.19.17	3
3:11	MRK.5.5-MRK.5.6	2
3:11	MAT.14.33	1
3:11	MRK.1.1	1
3:12	MAT.12.16	7
3:12	MRK.1.25	6
3:12	MRK.1.34	6
3:12	MAT.8.4	4
3:12	ACT.16.18	3
3:13	LUK.6.12-LUK.6.16	10
3:13	LUK.9.1	9
3:13	MAT.10.1-MAT.10.4	6
3:13	MAT.5.1	4
3:13	MRK.6.7	4
3:14	ACT.1.8	6
3:14	LUK.9.1-LUK.9.6	5
3:14	JHN.15.16	5
3:14	LUK.10.1-LUK.10.11	3
3:14	ACT.1.24-ACT.1.25	3
3:14	GAL.1.1	3
3:14	LUK.24.47	2
3:14	GAL.1.15-GAL.1.20	2
3:16	JHN.1.42	5
3:16	ACT.1.13	3
3:16	MAT.10.2-MAT.10.4	2
3:16	MAT.16.16-MAT.16.18	2
3:16	MRK.1.16	2
3:16	1CO.1.12	2
3:16	1CO.3.22	2
3:16	1CO.9.5	2
3:16	GAL.2.7-GAL.2.9	2
3:16	2PE.1.1	2
3:16	LUK.6.14-LUK.6.16	1
3:17	JER.23.29	3
3:17	MRK.5.37	3
3:17	MRK.14.33	3
3:17	HEB.4.12	3
3:17	ISA.58.1	2
3:17	MRK.1.19-MRK.1.20	2
3:17	MRK.9.2	2
3:17	MRK.10.35	2
3:17	JHN.21.2	2
3:17	JHN.21.20-JHN.21.25	2
3:17	ACT.12.1	2
3:17	REV.10.11	1
3:18	ACT.1.13	10
3:18	MRK.2.14	4
3:18	MAT.9.9	3
3:18	JAS.1.1	3
3:18	MAT.10.3-MAT.10.4	2
3:18	MAT.13.55	2
3:18	MRK.6.3	2
3:18	LUK.5.27-LUK.5.29	2
3:18	LUK.6.14-LUK.6.16	2
3:18	JHN.1.40	2
3:18	JHN.1.43-JHN.1.45	2
3:18	JHN.6.5-JHN.6.8	2
3:18	JHN.11.16	2
3:18	JHN.12.21-JHN.12.22	2
3:18	JHN.14.8-JHN.14.9	2
3:18	JHN.14.22	2
3:18	JHN.20.24-JHN.20.29	2
3:18	JHN.21.2	2
3:18	ACT.15.13	2
3:18	ACT.21.18	2
3:18	1CO.9.5	2
3:18	1CO.15.7	2
3:18	GAL.1.19	2
3:18	GAL.2.9	2
3:18	JUD.1.1	2
3:19	MAT.26.14-MAT.26.16	4
3:19	MAT.26.47	4
3:19	MAT.27.3-MAT.27.5	4
3:19	JHN.6.64	4
3:19	JHN.6.71	4
3:19	JHN.12.4-JHN.12.6	4
3:19	JHN.13.2	4
3:19	JHN.13.26-JHN.13.30	4
3:19	ACT.1.16-ACT.1.25	4
3:20	MRK.6.31	8
3:20	JHN.4.31-JHN.4.34	3
3:20	MRK.3.7	2
3:20	MRK.3.9	2
3:20	MRK.7.17	2
3:20	MRK.9.28	2
3:20	LUK.6.17	2
3:21	ACT.26.24	10
3:21	JHN.10.20	9
3:21	MRK.3.31	6
3:21	JHN.7.3-JHN.7.10	6
3:21	2CO.5.13	4
3:21	2KI.9.11	3
3:21	HOS.9.7	3
3:21	JER.29.26	2
3:22	MAT.10.25	6
3:22	MAT.15.1	6
3:22	MAT.9.34	5
3:22	MAT.12.24	5
3:22	JHN.7.20	4
3:22	MAT.11.18	3
3:22	MRK.7.1	3
3:22	LUK.11.15	3
3:22	JHN.8.48	3
3:22	JHN.8.52	3
3:22	PSA.22.6	2
3:22	LUK.5.17	2
3:22	JHN.10.22	2
3:23	MAT.12.25-MAT.12.30	4
3:23	LUK.11.17-LUK.11.23	4
3:23	MAT.13.34	3
3:23	MAT.4.10	2
3:23	MRK.4.2	2
3:23	PSA.49.4	0
3:24	ZEC.11.14	4
3:24	2SA.20.1	3
3:24	2SA.20.6	3
3:24	ISA.19.2-ISA.19.3	3
3:24	EZK.37.22	3
3:24	1CO.1.10-1CO.1.13	3
3:24	JDG.9.23-JDG.9.57	2
3:24	JDG.12.1-JDG.12.6	2
3:24	1KI.12.16-1KI.12.20	2
3:24	ISA.9.20-ISA.9.21	2
3:24	JHN.17.21	2
3:24	EPH.4.3-EPH.4.6	2
3:25	JAS.3.16	13
3:25	GAL.5.15	10
3:25	PSA.133.1	9
3:25	GEN.37.4	7
3:25	GEN.13.7-GEN.13.8	5
3:27	ISA.49.24-ISA.49.26	20
3:27	MAT.12.29	16
3:27	LUK.11.21-LUK.11.23	14
3:27	EPH.6.10-EPH.6.13	13
3:27	REV.20.1-REV.20.3	12
3:27	ISA.53.12	10
3:27	1JN.4.4	10
3:27	ISA.27.1	9
3:27	COL.2.15	8
3:27	ISA.61.1	7
3:27	LUK.10.17-LUK.10.20	7
3:27	JHN.12.31	7
3:27	ROM.16.20	7
3:27	1JN.3.8	7
3:27	REV.12.7-REV.12.9	7
3:27	GEN.3.15	6
3:27	HEB.2.14	6
3:28	LUK.12.10	8
3:28	MAT.12.31-MAT.12.32	7
3:28	1JN.5.16	6
3:28	MRK.3.28-MRK.3.30	5
3:28	HEB.6.4-HEB.6.8	3
3:28	HEB.10.26-HEB.10.31	1
3:29	MAT.12.31-MAT.12.32	10
3:29	LUK.12.10	10
3:29	MAT.25.46	3
3:29	2TH.1.9	3
3:29	JUD.1.13	2
3:30	JHN.10.20	3
3:30	MRK.3.22	2
3:31	LUK.8.19-LUK.8.21	6
3:31	MAT.12.46-MAT.12.50	5
3:33	DEU.33.9	5
3:33	MRK.3.21	5
3:33	MRK.6.3	4
3:33	2CO.5.16	4
3:33	LUK.2.49	3
3:33	JHN.2.4	3
3:33	JHN.7.3-JHN.7.5	3
3:34	MAT.12.49-MAT.12.50	6
3:34	LUK.11.27-LUK.11.28	5
3:34	ROM.8.29	4
3:34	MAT.25.40-MAT.25.45	3
3:34	PSA.22.22	2
3:34	SNG.4.9-SNG.4.10	2
3:34	SNG.5.1-SNG.5.2	2
3:34	MAT.28.10	2
3:34	JHN.20.17	2
3:34	HEB.2.11-HEB.2.12	2
3:35	1JN.2.17	12
3:35	MAT.7.21	10
3:35	1JN.3.22-1JN.3.23	6
3:35	JHN.7.17	4
3:35	JAS.1.25	2
4:1	MRK.2.13	7
4:1	LUK.5.1-LUK.5.3	7
4:1	LUK.8.4-LUK.8.10	5
4:1	MAT.13.1-MAT.13.15	4
4:1	MRK.3.7	4
4:2	MAT.13.34-MAT.13.35	5
4:2	MRK.3.23	5
4:2	MRK.4.11	5
4:2	PSA.49.4	3
4:2	PSA.78.2	3
4:2	MAT.13.3	3
4:2	MAT.13.10	3
4:2	MAT.7.28	2
4:2	MRK.4.33-MRK.4.34	2
4:2	MRK.12.38	2
4:2	JHN.7.16-JHN.7.17	2
4:2	JHN.18.19	1
4:3	JHN.4.35-JHN.4.38	4
4:3	1CO.3.6-1CO.3.9	4
4:3	JAS.2.5	4
4:3	DEU.4.1	3
4:3	MAT.13.26	3
4:3	MRK.4.26-MRK.4.29	3
4:3	LUK.8.5-LUK.8.8	3
4:3	PSA.34.11	2
4:3	PSA.45.10	2
4:3	PRO.7.24	2
4:3	PRO.8.32	2
4:3	ECC.11.6	2
4:3	ISA.28.23-ISA.28.26	2
4:3	ISA.46.3	2
4:3	ISA.46.12	2
4:3	ISA.55.1-ISA.55.2	2
4:3	MAT.13.3	2
4:3	MAT.13.24	2
4:3	MRK.4.9	2
4:3	MRK.4.14	2
4:3	MRK.4.23	2
4:3	MRK.7.14-MRK.7.15	2
4:3	ACT.2.14	2
4:3	HEB.2.1-HEB.2.3	2
4:3	REV.2.7	2
4:3	REV.2.11	2
4:3	REV.2.29	2
4:4	MAT.13.19	10
4:4	MRK.4.15	6
4:4	MAT.13.4	5
4:4	LUK.8.12	4
4:4	GEN.15.11	2
4:4	LUK.8.5	2
4:5	EZK.36.26	4
4:5	LUK.8.6	4
4:5	EZK.11.19	3
4:5	HOS.10.12	3
4:5	AMO.6.12	3
4:5	MAT.13.5-MAT.13.6	3
4:5	LUK.8.13	3
4:5	MAT.13.20	2
4:5	MRK.4.16-MRK.4.17	2
4:6	JER.17.5-JER.17.8	4
4:6	JON.4.8	4
4:6	JAS.1.11	4
4:6	PSA.1.3-PSA.1.4	3
4:6	PSA.92.13-PSA.92.15	3
4:6	ISA.25.4	3
4:6	EPH.3.17	3
4:6	COL.2.7	3
4:6	JUD.1.12	3
4:6	REV.7.16	3
4:6	SNG.1.6	2
4:6	2TH.2.10	2
4:7	JER.4.3	7
4:7	LUK.8.14	5
4:7	GEN.3.17-GEN.3.18	4
4:7	1JN.2.15-1JN.2.16	4
4:7	MAT.13.7	3
4:7	MAT.13.22	3
4:7	MRK.4.18-MRK.4.19	3
4:7	LUK.8.7	3
4:7	LUK.12.15	3
4:7	LUK.21.34	3
4:7	1TI.6.9-1TI.6.10	3
4:8	JHN.15.5	8
4:8	COL.1.6	5
4:8	GEN.26.12	4
4:8	MRK.4.20	4
4:8	JER.23.29	3
4:8	MAT.13.8	3
4:8	ACT.17.11	3
4:8	1PE.2.1-1PE.2.3	3
4:8	ISA.58.1	2
4:8	MAT.13.23	2
4:8	LUK.8.8	2
4:8	LUK.8.15	2
4:8	JHN.1.12-JHN.1.13	2
4:8	JHN.3.19-JHN.3.21	2
4:8	JHN.7.17	2
4:8	PHP.1.11	2
4:8	HEB.4.1-HEB.4.2	2
4:8	JAS.1.19-JAS.1.22	2
4:9	MAT.11.15	11
4:9	MRK.4.23-MRK.4.24	10
4:9	REV.3.22	8
4:9	REV.3.6	7
4:9	REV.3.13	7
4:9	MRK.7.14-MRK.7.15	6
4:9	LUK.8.18	6
4:9	MAT.13.9	5
4:9	MAT.15.10	5
4:9	MRK.4.3	4
4:10	MAT.13.10-MAT.13.17	5
4:10	MAT.13.36	3
4:10	MRK.4.34	3
4:10	MRK.7.17	3
4:10	LUK.8.9-LUK.8.15	3
4:10	PRO.13.20	2
4:11	MAT.11.25	9
4:11	LUK.8.10	8
4:11	1CO.5.12-1CO.5.13	6
4:11	COL.4.5	6
4:11	1TH.4.12	6
4:11	JAS.1.16-JAS.1.18	6
4:11	1JN.5.20	6
4:11	EPH.1.9	5
4:11	EPH.2.4-EPH.2.10	5
4:11	1TI.3.7	5
4:11	TIT.3.3-TIT.3.7	5
4:11	MAT.13.16	4
4:11	MAT.16.17	4
4:11	LUK.10.21-LUK.10.24	4
4:11	2CO.4.6	4
4:11	MAT.13.11-MAT.13.13	3
4:11	1CO.4.7	3
4:12	ISA.6.9-ISA.6.10	43
4:12	ISA.44.18	31
4:12	MAT.13.14-MAT.13.15	25
4:12	JER.5.21	23
4:12	DEU.29.4	19
4:12	JHN.12.37-JHN.12.41	15
4:12	LUK.8.10	13
4:12	2TI.2.25	11
4:12	EZK.12.2	10
4:12	ROM.11.8-ROM.11.10	10
4:12	HEB.6.6	10
4:12	JER.31.18-JER.31.20	9
4:12	ACT.28.25-ACT.28.27	9
4:12	EZK.18.27-EZK.18.32	6
4:12	ACT.3.19	4
4:13	REV.3.19	5
4:13	MAT.13.18-MAT.13.23	4
4:13	MAT.13.51-MAT.13.52	4
4:13	MAT.15.15-MAT.15.17	4
4:13	MAT.16.8-MAT.16.9	4
4:13	MRK.7.17-MRK.7.18	4
4:13	LUK.8.11-LUK.8.15	4
4:13	LUK.24.25	4
4:13	1CO.3.1-1CO.3.2	4
4:13	HEB.5.11-HEB.5.14	4
4:14	ACT.8.4	8
4:14	MAT.13.19	7
4:14	MAT.13.37	5
4:14	LUK.8.11	5
4:14	1PE.1.23-1PE.1.25	5
4:14	MRK.2.2	4
4:14	MRK.4.3	4
4:14	ISA.32.20	3
4:14	COL.1.5-COL.1.6	3
4:14	LUK.1.2	2
4:15	1PE.5.8	10
4:15	MAT.13.19	8
4:15	MRK.4.4	7
4:15	LUK.8.12	7
4:15	2CO.2.11	7
4:15	2CO.4.3-2CO.4.4	7
4:15	ISA.53.1	6
4:15	LUK.14.18-LUK.14.19	6
4:15	ACT.5.3	6
4:15	JOB.1.6-JOB.1.12	5
4:15	MAT.22.5	5
4:15	2TH.2.9	5
4:15	HEB.2.1	5
4:15	REV.20.2-REV.20.3	5
4:15	REV.20.7	5
4:15	REV.20.10	5
4:15	GEN.19.14	4
4:15	ZEC.3.1	4
4:15	MAT.4.10	4
4:15	ACT.26.31-ACT.26.32	4
4:15	REV.12.9	4
4:15	ACT.17.18-ACT.17.20	3
4:15	ACT.17.32	3
4:15	ACT.25.19-ACT.25.20	3
4:15	HEB.12.16	3
4:15	ACT.18.14-ACT.18.17	2
4:16	LUK.8.13	6
4:16	MAT.13.20-MAT.13.21	5
4:16	MRK.6.20	5
4:16	EZK.33.31-EZK.33.32	4
4:16	JHN.5.35	4
4:16	MAT.8.19-MAT.8.20	2
4:16	ACT.8.13	2
4:16	MRK.10.17-MRK.10.22	1
4:16	ACT.8.18-ACT.8.21	1
4:16	ACT.24.25-ACT.24.26	1
4:16	ACT.26.28	0
4:17	MAT.11.6	6
4:17	1TH.3.3-1TH.3.5	5
4:17	MAT.12.31	4
4:17	JHN.15.2-JHN.15.7	4
4:17	REV.2.10	4
4:17	JOB.19.28	3
4:17	JOB.27.8-JOB.27.10	3
4:17	MAT.13.21	3
4:17	MAT.24.9-MAT.24.10	3
4:17	MRK.4.5-MRK.4.6	3
4:17	LUK.12.10	3
4:17	JHN.8.31	3
4:17	1CO.10.12-1CO.10.13	3
4:17	2TI.1.15	3
4:17	2TI.2.17-2TI.2.18	3
4:17	2TI.4.16	3
4:17	HEB.10.29	3
4:17	1JN.2.19	3
4:17	REV.2.13	3
4:17	GAL.6.12	2
4:17	2TI.4.10	2
4:18	JER.4.3	3
4:18	LUK.8.14	3
4:18	MAT.13.22	2
4:18	MRK.4.7	1
4:19	1JN.2.15-1JN.2.17	20
4:19	1TI.6.9-1TI.6.10	17
4:19	1TI.6.17	14
4:19	MAT.19.23	12
4:19	PHP.4.6	12
4:19	1PE.4.2-1PE.4.3	12
4:19	LUK.12.29-LUK.12.30	10
4:19	JHN.15.2	10
4:19	LUK.10.41	9
4:19	LUK.21.34	9
4:19	ECC.5.10-ECC.5.16	7
4:19	ISA.5.2	7
4:19	ISA.5.4	7
4:19	ECC.4.8	6
4:19	LUK.12.17-LUK.12.21	6
4:19	LUK.14.18-LUK.14.20	6
4:19	HEB.6.7-HEB.6.8	6
4:19	2PE.1.8	6
4:19	2TI.4.10	5
4:19	PRO.23.5	4
4:19	JUD.1.12	4
4:19	MAT.3.10	3
4:20	COL.1.10	18
4:20	LUK.8.15	15
4:20	JHN.15.4-JHN.15.5	13
4:20	MAT.13.23	10
4:20	MRK.4.8	10
4:20	GAL.5.22-GAL.5.23	9
4:20	2PE.1.8	8
4:20	GEN.26.12	7
4:20	JHN.15.16	7
4:20	ROM.7.4	7
4:20	PHP.1.11	6
4:20	1TH.4.1	6
4:21	MAT.5.15	14
4:21	LUK.11.33	13
4:21	LUK.8.16	12
4:21	ISA.60.1-ISA.60.3	7
4:21	EPH.5.3-EPH.5.15	6
4:21	1CO.12.7	5
4:21	PHP.2.15-PHP.2.16	4
4:22	LUK.8.17	13
4:22	ECC.12.14	11
4:22	1CO.4.5	9
4:22	PSA.78.2-PSA.78.4	8
4:22	MAT.10.26-MAT.10.27	8
4:22	PSA.40.9-PSA.40.10	7
4:22	LUK.12.2-LUK.12.3	7
4:22	ACT.4.20	7
4:22	ACT.20.27	7
4:22	1JN.1.1-1JN.1.3	5
4:23	MAT.11.15	7
4:23	MRK.4.9	7
4:23	REV.2.29	4
4:23	REV.2.7	3
4:23	REV.2.11	3
4:23	REV.2.17	3
4:24	HEB.2.1	37
4:24	LUK.8.18	32
4:24	MAT.7.2	26
4:24	2CO.9.6	23
4:24	ACT.17.11	22
4:24	JHN.10.27	20
4:24	PRO.19.27	16
4:24	LUK.6.37-LUK.6.38	15
4:24	ISA.55.3	11
4:24	JHN.5.25	9
4:24	MRK.9.7	8
4:24	JHN.10.16	6
4:24	2PE.2.1-2PE.2.3	6
4:24	1PE.2.2	5
4:24	1JN.4.1	5
4:25	MAT.13.12	14
4:25	LUK.8.18	13
4:25	MAT.25.28-MAT.25.29	11
4:25	JHN.15.2	9
4:25	LUK.16.9-LUK.16.12	5
4:25	LUK.19.24-LUK.19.26	5
4:26	MAT.13.24	11
4:26	1CO.3.6-1CO.3.9	8
4:26	1PE.1.23-1PE.1.25	7
4:26	LUK.8.11	6
4:26	ISA.32.20	4
4:26	LUK.8.5	4
4:26	JAS.3.18	4
4:26	PRO.11.18	3
4:26	ECC.11.4	3
4:26	ECC.11.6	3
4:26	ISA.28.24-ISA.28.26	3
4:26	MRK.4.3-MRK.4.4	3
4:26	MRK.4.14-MRK.4.20	3
4:26	JHN.4.36-JHN.4.38	3
4:26	JHN.12.24	3
4:26	MAT.3.2	2
4:26	MAT.4.17	2
4:26	MAT.13.3	2
4:26	MAT.13.11	2
4:26	MAT.13.31	2
4:26	MAT.13.33	2
4:26	LUK.13.18	2
4:27	ECC.11.5	7
4:27	2TH.1.3	4
4:27	ECC.8.17	3
4:27	1CO.15.37-1CO.15.38	3
4:27	JHN.3.7-JHN.3.8	2
4:27	2PE.3.18	2
4:28	PHP.1.9-PHP.1.11	7
4:28	HOS.6.3	6
4:28	MRK.4.31-MRK.4.32	6
4:28	MAT.13.26	5
4:28	PHP.1.6	5
4:28	COL.1.10	5
4:28	1TH.3.12-1TH.3.13	5
4:28	ECC.3.1	4
4:28	ECC.3.11	4
4:28	ISA.61.11	4
4:28	PSA.92.13-PSA.92.14	3
4:28	GEN.1.11-GEN.1.12	2
4:28	GEN.2.4-GEN.2.5	2
4:28	GEN.2.9	2
4:28	GEN.4.11-GEN.4.12	2
4:28	PSA.1.3	2
4:28	PRO.4.18	2
4:29	JOL.3.13	9
4:29	ISA.57.1-ISA.57.2	4
4:29	MAT.13.30	4
4:29	MAT.13.40-MAT.13.43	4
4:29	JOB.5.26	3
4:29	REV.14.13-REV.14.17	3
4:29	2TI.4.7-2TI.4.8	2
4:30	MAT.13.31-MAT.13.32	7
4:30	LUK.13.18-LUK.13.21	6
4:30	LAM.2.13	3
4:30	MAT.13.24	2
4:30	MAT.11.16	1
4:31	ACT.19.20	5
4:31	GEN.22.17-GEN.22.18	4
4:31	LUK.13.18-LUK.13.19	4
4:31	DAN.2.44-DAN.2.45	3
4:31	MAL.1.11	3
4:31	PSA.72.16-PSA.72.19	2
4:31	ISA.2.2-ISA.2.3	2
4:31	ISA.9.7	2
4:31	ISA.49.6-ISA.49.7	2
4:31	ISA.53.2	2
4:31	ISA.53.12-ISA.54.3	2
4:31	ISA.60.22	2
4:31	EZK.17.22-EZK.17.24	2
4:31	DAN.2.34-DAN.2.35	2
4:31	AMO.9.11-AMO.9.15	2
4:31	MIC.4.1-MIC.4.2	2
4:31	ZEC.2.11	2
4:31	ZEC.8.20-ZEC.8.23	2
4:31	ZEC.12.8	2
4:31	ZEC.14.6-ZEC.14.9	2
4:31	MAT.13.31-MAT.13.33	2
4:31	ACT.2.41	2
4:31	ACT.4.4	2
4:31	ACT.5.14	2
4:31	ACT.21.20	2
4:31	REV.11.15	1
4:31	REV.20.1-REV.20.6	1
4:32	DAN.4.20-DAN.4.22	15
4:32	DAN.4.10-DAN.4.14	10
4:32	EZK.31.3-EZK.31.10	7
4:32	PSA.80.9-PSA.80.11	6
4:32	PSA.91.1	5
4:32	SNG.2.3	4
4:32	ISA.11.9	4
4:32	ISA.32.2	4
4:32	LAM.4.20	4
4:32	PRO.4.18	3
4:33	MAT.13.34-MAT.13.35	7
4:33	JHN.16.12	6
4:33	1CO.3.1-1CO.3.2	4
4:33	HEB.5.11-HEB.5.14	4
4:34	JHN.16.25	7
4:34	MRK.4.10	5
4:34	LUK.24.27	5
4:34	MAT.13.36-MAT.13.43	4
4:34	MAT.15.15-MAT.15.20	4
4:34	LUK.8.9-LUK.8.10	3
4:34	MRK.7.17-MRK.7.23	2
4:34	LUK.24.44-LUK.24.46	2
4:35	MAT.8.18	15
4:35	LUK.8.25	13
4:35	LUK.8.22	12
4:35	MAT.8.23-MAT.8.27	10
4:35	MAT.14.22	7
4:35	MRK.8.13	6
4:35	JHN.6.17	5
4:35	MRK.5.21	4
4:35	JHN.6.1	4
4:35	MRK.6.45	3
4:35	JHN.6.25	3
4:36	MRK.3.9	4
4:36	MRK.4.1	4
4:36	MRK.5.2	3
4:36	MRK.5.21	1
4:37	MAT.8.23-MAT.8.24	7
4:37	JOB.1.19	6
4:37	LUK.8.22-LUK.8.23	5
4:37	PSA.107.23-PSA.107.31	4
4:37	JON.1.4	4
4:37	JOB.1.12	3
4:37	ACT.27.14-ACT.27.20	3
4:37	2CO.11.25	0
4:38	1PE.5.7	11
4:38	HEB.4.15	9
4:38	ISA.54.6-ISA.54.8	6
4:38	MAT.8.25	6
4:38	LUK.8.24	5
4:38	1KI.18.27-1KI.18.29	4
4:38	ISA.40.27-ISA.40.28	4
4:38	ISA.51.9-ISA.51.10	4
4:38	JOB.8.5-JOB.8.6	3
4:38	PSA.77.7-PSA.77.10	3
4:38	ISA.49.14-ISA.49.16	3
4:38	ISA.64.12	3
4:38	PSA.10.1-PSA.10.2	2
4:38	PSA.22.1-PSA.22.2	2
4:38	PSA.44.23-PSA.44.24	2
4:38	ISA.63.15	2
4:38	JHN.4.6	2
4:38	HEB.2.17	2
4:38	LAM.3.8	1
4:39	PSA.107.29	23
4:39	PSA.89.9	12
4:39	PSA.29.10	8
4:39	PSA.65.7	8
4:39	JER.5.22	7
4:39	PRO.8.29	6
4:39	JOB.38.11	5
4:39	EXO.14.22	4
4:39	EXO.14.28-EXO.14.29	4
4:39	PSA.93.3-PSA.93.4	4
4:39	PSA.104.7-PSA.104.9	4
4:39	PSA.148.8	4
4:39	EXO.14.16	3
4:39	LAM.3.31	3
4:39	NAM.1.4	3
4:39	MRK.9.25	3
4:39	LUK.4.39	2
4:40	LUK.8.25	17
4:40	MAT.8.26	14
4:40	MAT.14.31	14
4:40	ISA.43.2	12
4:40	MAT.16.8	10
4:40	MAT.6.30	9
4:40	PSA.46.1-PSA.46.3	8
4:40	JHN.6.19-JHN.6.20	7
4:40	ISA.42.3	5
4:41	LUK.8.25	6
4:41	1SA.12.18-1SA.12.20	5
4:41	JOB.38.11	5
4:41	1SA.12.24	4
4:41	PSA.89.7	4
4:41	JON.1.9-JON.1.10	4
4:41	JON.1.15-JON.1.16	4
4:41	MAT.8.27	4
4:41	MAT.14.32	3
4:41	MRK.5.33	3
4:41	REV.15.4	3
4:41	MAL.2.5	2
4:41	LUK.4.36	2
4:41	HEB.12.28	2
4:41	MRK.7.37	1
5:1	LUK.8.26-LUK.8.39	21
5:1	MAT.8.28-MAT.8.34	17
5:1	MRK.4.35	8
5:2	MRK.1.23	8
5:2	ISA.65.4	6
5:2	MRK.5.8	6
5:2	LUK.9.42	4
5:2	MRK.1.26	3
5:2	MRK.4.1	2
5:2	MRK.7.25	2
5:2	LUK.8.27	2
5:2	MRK.3.30	1
5:3	ISA.65.4	6
5:3	LUK.8.29	4
5:3	DAN.4.32-DAN.4.33	2
5:3	MRK.9.18-MRK.9.22	1
5:4	JAS.3.7-JAS.3.8	2
5:5	1KI.18.28	8
5:5	JOB.2.7-JOB.2.8	8
5:5	JHN.8.44	4
5:6	JAS.2.19	9
5:6	PSA.66.3	6
5:6	LUK.4.41	5
5:6	PSA.72.9	4
5:6	ACT.16.17	3
5:7	MAT.8.29	10
5:7	ACT.16.17	8
5:7	MAT.4.3	5
5:7	MAT.26.63	5
5:7	MRK.3.11	5
5:7	JUD.1.6	5
5:7	LUK.8.28	4
5:7	ACT.19.13	4
5:7	REV.12.12	4
5:7	GEN.3.15	3
5:7	1KI.22.16	3
5:7	HOS.14.8	3
5:7	MAT.16.16	3
5:7	MRK.1.24	3
5:7	2PE.2.4	3
5:7	1JN.3.8	3
5:7	MRK.14.61	2
5:7	LUK.1.32	2
5:7	LUK.4.34	2
5:7	JHN.20.31	2
5:7	ACT.8.36	2
5:7	HEB.2.14	2
5:7	HEB.7.1	2
5:7	REV.20.1-REV.20.3	2
5:7	LUK.6.35	1
5:7	ROM.16.20	1
5:8	MRK.1.25	4
5:8	MRK.9.25-MRK.9.26	4
5:8	ACT.16.18	4
5:9	LUK.8.30	9
5:9	MRK.5.15	7
5:9	MAT.26.53	5
5:9	MAT.12.45	4
5:9	LUK.11.21-LUK.11.26	4
5:10	MRK.3.22	4
5:10	MRK.5.13	2
5:11	LEV.11.7-LEV.11.8	2
5:11	DEU.14.8	2
5:11	ISA.65.4	2
5:11	ISA.66.3	2
5:11	MAT.8.30	2
5:11	LUK.8.32	2
5:12	JOB.1.10-JOB.1.12	3
5:12	LUK.22.31-LUK.22.32	3
5:12	2CO.2.11	3
5:12	1PE.5.8	3
5:12	JOB.2.5	2
5:13	1KI.22.22	3
5:13	JOB.2.6	3
5:13	MAT.8.32	3
5:13	JHN.8.44	3
5:13	1PE.3.22	3
5:13	JOB.1.12	2
5:13	REV.9.11	2
5:13	REV.13.5-REV.13.7	2
5:13	REV.20.7	2
5:14	MAT.8.33	3
5:14	LUK.8.34	3
5:15	COL.1.13	12
5:15	2TI.1.7	10
5:15	1SA.6.20-1SA.6.21	6
5:15	1SA.16.4	5
5:15	ISA.49.24-ISA.49.25	5
5:15	MRK.5.9	5
5:15	LUK.8.27	5
5:15	1CH.15.13	4
5:15	JOB.13.11	4
5:15	PSA.14.5	4
5:15	MRK.5.18	4
5:15	LUK.10.39	4
5:15	MAT.4.24	3
5:15	MAT.12.29	3
5:15	MRK.5.4	3
5:15	MRK.5.16	3
5:15	LUK.8.35-LUK.8.36	3
5:15	1CH.13.12	2
5:15	MAT.9.33	2
5:17	MAT.8.34	7
5:17	MRK.1.24	6
5:17	LUK.8.37	5
5:17	GEN.26.16	4
5:17	JOB.21.14-JOB.21.15	4
5:17	MRK.5.7	4
5:17	LUK.5.8	4
5:17	ACT.16.39	4
5:17	DEU.5.25	2
5:17	1KI.17.18	2
5:18	LUK.8.38-LUK.8.39	8
5:18	PHP.1.23-PHP.1.24	5
5:18	MRK.5.17	3
5:18	PSA.116.12	2
5:18	MRK.5.7	2
5:18	LUK.23.42-LUK.23.43	2
5:18	LUK.17.15-LUK.17.17	1
5:19	PSA.66.16	17
5:19	JHN.4.29	7
5:19	ISA.38.9-ISA.38.20	3
5:19	DAN.4.1-DAN.4.3	3
5:19	DAN.6.25-DAN.6.27	3
5:19	DAN.4.37	2
5:19	ACT.22.1-ACT.22.21	2
5:19	ACT.26.4-ACT.26.29	2
5:19	JON.2.1-JON.2.10	1
5:20	MAT.4.25	6
5:20	MRK.7.31	6
5:21	MAT.9.1	5
5:21	MRK.4.1	4
5:21	LUK.8.40	3
5:22	LUK.13.14	6
5:22	MRK.5.35-MRK.5.36	5
5:22	ACT.13.15	5
5:22	ACT.18.8	5
5:22	ACT.18.17	5
5:22	MAT.9.18-MAT.9.26	4
5:22	MRK.5.33	4
5:22	LUK.5.8	4
5:22	MAT.2.11	3
5:22	MRK.5.38	3
5:22	LUK.8.28	3
5:22	LUK.8.41-LUK.8.56	3
5:22	REV.22.8	3
5:22	ACT.10.25-ACT.10.26	2
5:23	LUK.13.13	7
5:23	MRK.16.18	6
5:23	LUK.4.40	5
5:23	MRK.7.32	4
5:23	ACT.28.8	4
5:23	2SA.12.15-2SA.12.16	3
5:23	2KI.5.11	3
5:23	PSA.50.15	3
5:23	PSA.107.19	3
5:23	MAT.8.3	3
5:23	MRK.6.5-MRK.6.6	3
5:23	MRK.8.23	3
5:23	MRK.9.21-MRK.9.22	3
5:23	LUK.4.38	3
5:23	JAS.5.14-JAS.5.15	3
5:23	MRK.6.13	2
5:23	MRK.7.25-MRK.7.27	2
5:23	LUK.7.2-LUK.7.3	2
5:23	LUK.7.12	2
5:23	ACT.6.6	2
5:23	JHN.4.46-JHN.4.47	1
5:23	JHN.11.3	1
5:23	ACT.9.17	1
5:24	MRK.5.31	4
5:24	MRK.3.9-MRK.3.10	2
5:24	MRK.3.20	2
5:24	LUK.7.6	2
5:24	LUK.8.42	1
5:24	LUK.8.45	1
5:24	LUK.12.1	1
5:24	LUK.19.3	1
5:24	ACT.10.38	1
5:25	LEV.15.25-LEV.15.27	25
5:25	LUK.8.43-LUK.8.44	22
5:25	MAT.9.20-MAT.9.22	18
5:25	LEV.15.19-LEV.15.20	14
5:25	JHN.5.5-JHN.5.6	10
5:25	LUK.13.11	8
5:25	ACT.4.22	5
5:25	ACT.9.33-ACT.9.34	5
5:26	JER.30.12-JER.30.13	4
5:26	JOB.13.4	3
5:26	PSA.108.12	3
5:26	JER.8.22	3
5:26	JER.51.8	2
5:27	ACT.19.12	10
5:27	MAT.14.36	7
5:27	ACT.5.15	7
5:27	MRK.6.56	5
5:27	2KI.13.21	3
5:29	MRK.5.34	10
5:29	PSA.30.2	7
5:29	PSA.103.3	7
5:29	MRK.3.10	7
5:29	EXO.15.26	5
5:29	PSA.107.20	5
5:29	PSA.147.3	5
5:29	LEV.20.18	4
5:29	1KI.8.37	4
5:29	JOB.33.24-JOB.33.25	4
5:29	LUK.7.21	3
5:30	LUK.6.19	11
5:30	LUK.8.46	10
5:30	LUK.5.17	6
5:30	1PE.2.9	3
5:31	LUK.8.45	3
5:31	LUK.9.12	2
5:33	LUK.8.47	3
5:33	PSA.30.2	2
5:33	PSA.66.16	2
5:33	PSA.103.2-PSA.103.5	2
5:33	PSA.116.12-PSA.116.14	2
5:33	MRK.4.41	2
5:33	LUK.1.12	2
5:33	LUK.1.29	2
5:34	LUK.8.48	27
5:34	MAT.9.22	24
5:34	LUK.7.50	20
5:34	LUK.18.42	19
5:34	MRK.5.29	17
5:34	LUK.17.19	13
5:34	ACT.14.9	13
5:34	MAT.9.2	10
5:34	MRK.10.52	10
5:34	2KI.5.19	8
5:34	1SA.1.17	6
5:34	1SA.20.42	5
5:34	ECC.9.7	3
5:35	LUK.8.49	5
5:35	JHN.11.39	3
5:35	MRK.5.22	2
5:35	MRK.10.17	2
5:35	LUK.7.6-LUK.7.7	2
5:35	JHN.5.25	2
5:35	MAT.26.18	1
5:35	JHN.11.21	1
5:35	JHN.11.25	1
5:35	JHN.11.28	1
5:35	JHN.11.32	1
5:36	LUK.8.50	24
5:36	MAT.9.28-MAT.9.29	22
5:36	JHN.11.40	19
5:36	MRK.9.23	18
5:36	ROM.4.18-ROM.4.24	14
5:36	MRK.5.34	13
5:36	JHN.4.48-JHN.4.50	9
5:36	2CH.20.20	8
5:36	MAT.17.20	8
5:37	MRK.14.33	5
5:37	ACT.9.40	5
5:37	MRK.9.2	4
5:37	2CO.13.1	4
5:37	LUK.8.51	2
5:38	MAT.9.23-MAT.9.24	3
5:38	LUK.8.52-LUK.8.53	3
5:38	JER.9.17-JER.9.20	2
5:38	MAT.11.17	2
5:38	MRK.5.22	2
5:38	ACT.9.39	2
5:39	ACT.20.10	6
5:39	1TH.5.10	4
5:39	DAN.12.2	2
5:39	JHN.11.11-JHN.11.13	2
5:39	1CO.11.30	2
5:39	1TH.4.13-1TH.4.14	2
5:40	NEH.2.19	3
5:40	GEN.19.14	2
5:40	2KI.4.33	2
5:40	JOB.12.4	2
5:40	PSA.22.7	2
5:40	PSA.123.3-PSA.123.4	2
5:40	MAT.7.6	2
5:40	MAT.9.24-MAT.9.25	2
5:40	LUK.8.53-LUK.8.54	2
5:40	LUK.16.14	2
5:40	ACT.17.32	2
5:41	MRK.1.31	8
5:41	LUK.7.14-LUK.7.15	8
5:41	LUK.8.54-LUK.8.55	6
5:41	JHN.5.28-JHN.5.29	6
5:41	JHN.11.43-JHN.11.44	5
5:41	ACT.9.40-ACT.9.41	5
5:41	PHP.3.21	5
5:41	GEN.1.3	4
5:41	PSA.33.9	4
5:41	ROM.4.17	4
5:41	MRK.1.41	3
5:42	MRK.1.27	3
5:42	MRK.4.41	3
5:42	MRK.6.51	3
5:42	MRK.7.37	3
5:42	ACT.3.10-ACT.3.13	3
5:43	MAT.8.4	6
5:43	MRK.7.36	5
5:43	MAT.9.30	4
5:43	MRK.1.43	4
5:43	MAT.12.16-MAT.12.18	3
5:43	MAT.17.9	3
5:43	MRK.3.12	3
5:43	LUK.5.14	3
5:43	LUK.8.56	3
5:43	JHN.5.41	3
5:43	LUK.24.30	2
5:43	LUK.24.42-LUK.24.43	2
5:43	ACT.10.41	2
6:1	LUK.4.16-LUK.4.30	14
6:1	MAT.13.54-MAT.13.58	12
6:1	MAT.2.23	6
6:2	JHN.6.42	7
6:2	JHN.7.15	7
6:2	MRK.1.21-MRK.1.22	6
6:2	MAT.4.23	5
6:2	ACT.4.13-ACT.4.14	5
6:2	LUK.4.31-LUK.4.32	4
6:2	MAT.7.28	3
6:2	LUK.4.15	3
6:2	MRK.1.39	2
6:3	MAT.12.46	11
6:3	MAT.13.55-MAT.13.57	10
6:3	JHN.6.42	9
6:3	MAT.11.6	7
6:3	JUD.1.1	7
6:3	GAL.1.19	6
6:3	MRK.15.40	5
6:3	ACT.1.13	5
6:3	LUK.7.23	4
6:3	JHN.6.60-JHN.6.61	4
6:3	1CO.1.23	4
6:3	ISA.49.7	3
6:3	ISA.53.2-ISA.53.3	3
6:3	LUK.2.34	3
6:3	LUK.4.22-LUK.4.29	3
6:3	JHN.14.22	3
6:3	1CO.9.4	2
6:3	1PE.2.4	2
6:3	MRK.3.18	0
6:4	JHN.4.44	19
6:4	LUK.4.24	16
6:4	MAT.13.57	12
6:4	JER.12.6	9
6:4	JER.11.21	3
6:5	MAT.13.58	12
6:5	MRK.9.23	7
6:5	MRK.5.23	5
6:5	HEB.4.2	4
6:5	ISA.59.1-ISA.59.2	3
6:5	GEN.19.22	2
6:5	GEN.32.25	1
6:6	MAT.9.35	7
6:6	MAT.8.10	6
6:6	LUK.13.22	5
6:6	ISA.59.16	3
6:6	ACT.10.38	3
6:6	JER.2.11	2
6:6	MAT.4.23	2
6:6	JHN.9.30	2
6:6	MRK.1.39	1
6:6	LUK.4.31	1
6:6	LUK.4.44	1
6:7	ECC.4.9-ECC.4.10	10
6:7	MAT.10.1-MAT.10.5	8
6:7	LUK.10.17-LUK.10.20	7
6:7	LUK.9.1-LUK.9.6	6
6:7	LUK.6.13-LUK.6.16	4
6:7	LUK.10.1	4
6:7	LUK.10.3-LUK.10.12	4
6:7	REV.11.3	4
6:7	MAT.10.9-MAT.10.14	3
6:7	MRK.3.13-MRK.3.14	3
6:7	EXO.4.14-EXO.4.15	2
6:7	MRK.16.17	2
6:8	LUK.9.3	8
6:8	MAT.10.9-MAT.10.10	7
6:8	LUK.10.4	6
6:8	LUK.22.35	5
6:9	ACT.12.8	3
6:9	EPH.6.15	2
6:10	MAT.10.11-MAT.10.13	3
6:10	LUK.9.4	3
6:10	LUK.10.7-LUK.10.8	3
6:10	ACT.16.15	2
6:10	ACT.17.5-ACT.17.7	2
6:11	MAT.10.14-MAT.10.15	9
6:11	NEH.5.13	6
6:11	LUK.10.10-LUK.10.15	6
6:11	ACT.18.6	6
6:11	JUD.1.7	5
6:11	MAT.11.20-MAT.11.24	3
6:11	ACT.13.50-ACT.13.51	3
6:11	ROM.2.16	3
6:11	HEB.10.26-HEB.10.31	3
6:11	EZK.16.48-EZK.16.51	2
6:11	MAT.12.36	2
6:11	LUK.9.5	2
6:11	JHN.15.22-JHN.15.24	2
6:11	ROM.2.5	2
6:11	HEB.6.4-HEB.6.8	2
6:11	2PE.2.6	2
6:11	2PE.2.9	2
6:11	2PE.3.7	2
6:11	1JN.4.17	2
6:12	MAT.4.17	9
6:12	LUK.13.3	6
6:12	ACT.20.21	6
6:12	EZK.18.30	5
6:12	MAT.3.2	5
6:12	MAT.3.8	5
6:12	LUK.11.32	5
6:12	LUK.24.47	5
6:12	ACT.2.38	5
6:12	ACT.11.18	5
6:12	MRK.1.15	4
6:12	LUK.13.5	4
6:12	LUK.15.10	4
6:12	ACT.26.20	4
6:12	MAT.9.13	3
6:12	MAT.11.20	3
6:12	LUK.15.7	3
6:12	ACT.3.19	3
6:12	MRK.1.3	2
6:12	LUK.9.6	2
6:12	2CO.7.9-2CO.7.10	2
6:12	2TI.2.25-2TI.2.26	2
6:13	JAS.5.14-JAS.5.15	12
6:13	MRK.6.7	4
6:13	LUK.10.17	4
6:14	MRK.6.14-MRK.6.29	5
6:14	LUK.9.7-LUK.9.9	5
6:14	2CH.26.15	3
6:14	MAT.9.31	3
6:14	MAT.14.1-MAT.14.12	3
6:14	MRK.1.28	3
6:14	MRK.1.45	3
6:14	MRK.8.28	3
6:14	LUK.3.1	3
6:14	LUK.13.31	3
6:14	LUK.23.7-LUK.23.12	3
6:14	1TH.1.8	3
6:14	2CH.26.8	2
6:15	MAL.4.5	5
6:15	MAT.16.14	5
6:15	MAT.21.11	5
6:15	MRK.8.28	4
6:15	MAT.17.10-MAT.17.11	2
6:15	MRK.9.12-MRK.9.13	2
6:15	MRK.15.35-MRK.15.36	2
6:15	LUK.1.17	2
6:15	LUK.7.16	2
6:15	LUK.7.39	2
6:15	LUK.9.8	2
6:15	LUK.9.19	2
6:15	JHN.1.21	2
6:15	JHN.1.25	2
6:15	JHN.6.14	2
6:15	JHN.7.40	2
6:15	JHN.9.17	2
6:15	ACT.3.22-ACT.3.23	2
6:16	GEN.40.10-GEN.40.11	2
6:16	PSA.53.5	2
6:16	MAT.14.2	2
6:16	MAT.27.4	2
6:16	LUK.9.9	2
6:16	REV.11.10-REV.11.13	2
6:17	MAT.11.2	6
6:17	LUK.3.19-LUK.3.20	6
6:17	MAT.4.12	4
6:17	LUK.3.1	4
6:17	MAT.14.3-MAT.14.12	3
6:18	LEV.18.16	6
6:18	LEV.20.21	6
6:18	1KI.22.14	3
6:18	EZK.3.18-EZK.3.19	3
6:18	MAT.14.3-MAT.14.4	2
6:18	ACT.20.26-ACT.20.27	2
6:18	ACT.24.24-ACT.24.26	2
6:19	ECC.7.9	5
6:19	EPH.4.26-EPH.4.27	5
6:19	GEN.39.17-GEN.39.20	3
6:19	1KI.21.20	3
6:20	MAT.21.26	7
6:20	MAT.14.5	4
6:20	2CH.24.15-2CH.24.22	3
6:20	JHN.5.35	3
6:20	EXO.11.3	2
6:20	1KI.21.20	2
6:20	2KI.3.12-2KI.3.13	2
6:20	2KI.6.21	2
6:20	2KI.13.14	2
6:20	2CH.24.2	2
6:20	2CH.26.5	2
6:20	PSA.106.12-PSA.106.13	2
6:20	EZK.2.5-EZK.2.7	2
6:20	EZK.33.32	2
6:20	DAN.4.18	2
6:20	DAN.4.27	2
6:20	DAN.5.17	2
6:20	MRK.4.16	2
6:20	MRK.11.18	2
6:21	EST.2.18	6
6:21	GEN.40.20	3
6:21	GEN.27.41	2
6:21	2SA.13.23-2SA.13.29	2
6:21	EST.1.3-EST.1.7	2
6:21	EST.3.7	2
6:21	PSA.37.12-PSA.37.13	2
6:21	PRO.31.4-PRO.31.5	2
6:21	DAN.5.1-DAN.5.4	2
6:21	HOS.7.5	2
6:21	LUK.3.1	2
6:21	ACT.12.2-ACT.12.4	2
6:21	1PE.4.3	2
6:21	REV.11.10	2
6:22	EST.1.10-EST.1.12	5
6:22	DAN.5.2	3
6:22	MAT.14.6	3
6:22	ISA.3.16-ISA.3.26	2
6:23	EST.5.3	9
6:23	EST.7.2	9
6:23	EST.5.6	6
6:23	MAT.4.9	6
6:23	1SA.28.10	5
6:23	2KI.6.31	5
6:23	PRO.6.2	5
6:23	MAT.14.7	4
6:23	MAT.5.34-MAT.5.37	2
6:24	GEN.27.8-GEN.27.11	3
6:24	2CH.22.3-2CH.22.4	3
6:24	JOB.31.31	3
6:24	EZK.19.2-EZK.19.3	3
6:24	PSA.27.2	2
6:24	PSA.37.12	2
6:24	PSA.37.14	2
6:24	PRO.27.3-PRO.27.4	2
6:24	MAT.14.8	1
6:24	ACT.23.12-ACT.23.13	1
6:25	NUM.7.13	2
6:25	NUM.7.19-NUM.7.89	2
6:25	PRO.1.16	2
6:25	ROM.3.15	2
6:26	MAT.14.9	2
6:26	MAT.27.3-MAT.27.5	2
6:26	MAT.27.24-MAT.27.25	2
6:27	MAT.14.10-MAT.14.11	2
6:29	MAT.14.12	4
6:29	2CH.24.16	3
6:29	1KI.13.29-1KI.13.30	2
6:29	MAT.27.57-MAT.27.60	2
6:29	ACT.8.2	2
6:30	LUK.9.10	7
6:30	LUK.10.17	4
6:30	MAT.10.2	3
6:30	LUK.22.14	2
6:30	ACT.20.18-ACT.20.21	2
6:30	TIT.2.6-TIT.2.7	2
6:30	MRK.6.7-MRK.6.13	1
6:30	LUK.17.5	1
6:30	LUK.24.10	1
6:30	LUK.6.13	0
6:30	ACT.1.1-ACT.1.2	0
6:30	ACT.1.26	0
6:30	1TI.4.12-1TI.4.16	0
6:30	1PE.5.2-1PE.5.3	0
6:31	MRK.3.20	9
6:31	MRK.3.7	7
6:31	JHN.6.1	7
6:31	MRK.1.45	6
6:31	MAT.14.13	5
6:32	MRK.4.36	3
6:32	MRK.6.45	3
6:32	MRK.8.2-MRK.8.9	3
6:32	MAT.14.13-MAT.14.21	2
6:32	MRK.3.9	2
6:32	JHN.6.5-JHN.6.13	2
6:32	LUK.9.10-LUK.9.17	1
6:33	JHN.6.2	5
6:33	MAT.15.29-MAT.15.31	4
6:33	MRK.6.54-MRK.6.55	4
6:33	JAS.1.19	3
6:34	MAT.9.36	14
6:34	NUM.27.17	7
6:34	LUK.9.11	7
6:34	2CH.18.16	6
6:34	ISA.61.1-ISA.61.3	6
6:34	HEB.4.15	6
6:34	1KI.22.17	5
6:34	JER.50.6	5
6:34	ZEC.10.2	4
6:34	MAT.14.14	4
6:34	MAT.15.32	4
6:34	ROM.15.2-ROM.15.3	2
6:34	HEB.2.17	2
6:35	LUK.9.12-LUK.9.17	6
6:35	JHN.6.5-JHN.6.15	6
6:35	MAT.14.15-MAT.14.21	4
6:36	MAT.15.23	3
6:36	MRK.3.21	1
6:36	MRK.5.31	1
6:36	MAT.16.22	0
6:37	2KI.4.42-2KI.4.44	10
6:37	NUM.11.13	5
6:37	MAT.14.16	5
6:37	MAT.15.32-MAT.15.33	5
6:37	MRK.8.2-MRK.8.3	5
6:37	LUK.9.13	5
6:37	NUM.11.21-NUM.11.23	4
6:37	2KI.7.2	4
6:37	JHN.6.4-JHN.6.10	4
6:38	MAT.15.34	6
6:38	MRK.8.5	6
6:38	MAT.14.17-MAT.14.18	5
6:38	LUK.9.13	5
6:38	JHN.6.9	5
6:39	MAT.15.35	3
6:39	1CO.14.33	3
6:39	1CO.14.40	3
6:39	1KI.10.5	1
6:39	EST.1.5-EST.1.6	1
6:40	LUK.9.14-LUK.9.15	5
6:41	MAT.14.19	11
6:41	MRK.7.34	9
6:41	LUK.9.16	7
6:41	LUK.24.30	7
6:41	MRK.14.22	6
6:41	JHN.11.41	6
6:41	1CO.10.31	6
6:41	1TI.4.4-1TI.4.5	6
6:41	DEU.8.10	5
6:41	1SA.9.13	5
6:41	MAT.26.26	5
6:41	MRK.8.6-MRK.8.7	5
6:41	JHN.6.11	5
6:41	JHN.6.23	5
6:41	JHN.17.1	5
6:41	COL.3.17	5
6:41	MAT.15.36	4
6:41	ROM.14.6	4
6:41	ACT.27.35	2
6:42	MRK.8.8-MRK.8.9	5
6:42	LUK.9.17	5
6:42	MAT.14.20-MAT.14.21	4
6:42	MAT.15.37-MAT.15.38	4
6:42	JHN.6.12	4
6:42	2KI.4.42-2KI.4.44	3
6:42	DEU.8.3	2
6:42	PSA.145.15-PSA.145.16	2
6:43	MRK.8.19-MRK.8.20	3
6:45	MAT.14.22-MAT.14.33	11
6:45	JHN.6.15-JHN.6.21	8
6:45	MRK.6.32	3
6:45	MRK.8.22	0
6:46	MRK.1.35	8
6:46	MAT.6.6	7
6:46	LUK.6.12	6
6:46	MAT.14.23	5
6:46	1PE.2.21	4
6:47	MAT.14.23	3
6:47	JHN.6.16-JHN.6.17	3
6:48	JOB.9.8	5
6:48	PSA.93.4	4
6:48	PSA.104.3	4
6:48	MAT.14.24	4
6:48	LUK.12.38	4
6:48	LUK.24.28	4
6:48	ISA.54.11	3
6:48	JHN.1.13	3
6:48	GEN.19.2	2
6:48	GEN.32.26	2
6:48	EXO.14.24	2
6:48	1SA.11.11	2
6:49	JOB.9.8	6
6:49	MAT.14.25-MAT.14.26	6
6:49	LUK.24.37	5
6:49	JOB.4.14-JOB.4.16	4
6:50	MAT.14.27	11
6:50	ISA.43.2	9
6:50	JHN.6.19-JHN.6.20	9
6:50	LUK.24.38-LUK.24.41	3
6:50	JHN.20.19-JHN.20.20	3
6:51	PSA.93.3-PSA.93.4	6
6:51	MRK.4.39	6
6:51	MRK.7.37	5
6:51	JHN.6.21	5
6:51	PSA.107.28-PSA.107.30	4
6:51	MAT.8.26-MAT.8.27	4
6:51	MAT.14.28-MAT.14.32	4
6:51	MRK.1.27	4
6:51	MRK.2.12	4
6:51	MRK.4.41	4
6:51	MRK.6.32	4
6:51	LUK.8.24-LUK.8.25	4
6:51	MRK.5.42	3
6:52	MRK.8.17-MRK.8.21	8
6:52	LUK.24.25	8
6:52	ISA.63.17	7
6:52	MRK.16.14	5
6:52	MAT.16.9-MAT.16.11	4
6:52	MRK.3.5	3
6:52	MRK.7.18	3
6:52	ROM.11.7	3
6:53	MAT.14.34-MAT.14.36	6
6:53	JHN.6.24-JHN.6.25	6
6:53	LUK.5.1	4
6:54	PSA.9.10	4
6:54	PHP.3.10	4
6:55	MAT.4.24	4
6:55	MRK.2.1-MRK.2.3	3
6:55	MRK.3.7-MRK.3.11	3
6:56	MAT.9.20	7
6:56	NUM.15.38-NUM.15.39	6
6:56	LUK.6.19	6
6:56	MRK.3.10	5
6:56	MRK.5.27-MRK.5.28	4
6:56	ACT.5.15	4
6:56	2KI.13.21	3
6:56	LUK.8.44	3
6:56	ACT.4.12	3
6:56	DEU.22.12	2
6:56	LUK.22.51	2
6:56	ACT.4.9	2
7:1	MAT.15.1-MAT.15.20	4
7:1	MRK.3.22	4
7:1	LUK.11.53-LUK.11.54	3
7:1	LUK.5.17	2
7:2	ACT.10.28	4
7:2	MAT.7.3-MAT.7.5	3
7:2	ROM.14.14	3
7:2	DAN.6.4-DAN.6.5	2
7:2	MAT.23.23-MAT.23.25	2
7:2	ACT.10.14-ACT.10.15	2
7:2	ACT.11.8	2
7:3	GAL.1.14	6
7:3	MRK.7.13	4
7:3	COL.2.8	3
7:3	COL.2.21-COL.2.23	3
7:3	MAT.15.2-MAT.15.6	2
7:3	MRK.7.5	2
7:3	MRK.7.7-MRK.7.10	2
7:3	1PE.1.18	2
7:4	MAT.23.25	5
7:4	LUK.11.38-LUK.11.39	5
7:4	HEB.9.10	5
7:4	ISA.1.16	4
7:4	JER.4.14	4
7:4	JHN.2.6	4
7:4	JAS.4.8	4
7:4	JOB.9.30-JOB.9.31	3
7:4	PSA.26.6	3
7:4	MAT.27.24	3
7:4	1JN.1.7	3
7:4	JHN.3.25	2
7:5	ACT.21.21	4
7:5	2TH.3.6	4
7:5	MAT.15.2	3
7:5	MRK.2.16-MRK.2.18	3
7:5	ACT.21.24	3
7:5	GAL.1.14	3
7:5	ROM.4.12	2
7:5	MRK.7.2-MRK.7.3	0
7:5	2TH.3.11	0
7:6	ISA.29.13	191
7:6	TIT.1.16	167
7:6	MAT.15.7-MAT.15.9	143
7:6	EZK.33.31	133
7:6	2TI.3.5	104
7:6	MAT.23.13-MAT.23.15	98
7:6	JAS.2.14-JAS.2.17	82
7:6	JHN.5.42	74
7:6	LUK.11.39-LUK.11.44	67
7:6	JHN.15.24	59
7:6	JHN.8.54-JHN.8.55	51
7:6	HOS.8.2-HOS.8.3	48
7:6	ACT.28.25	48
7:6	JHN.8.41-JHN.8.42	46
7:7	ISA.29.13	23
7:7	MAT.15.9	16
7:7	COL.2.22	12
7:7	JAS.1.26	12
7:7	MAT.6.7	11
7:7	1TI.4.1-1TI.4.3	10
7:7	TIT.3.9	10
7:7	1SA.12.21	9
7:7	REV.22.18	8
7:7	JAS.2.20	6
7:7	REV.14.11-REV.14.12	6
7:7	DEU.12.32	4
7:7	MAL.3.14	3
7:7	1CO.15.14	1
7:7	1CO.15.58	1
7:8	MRK.7.3-MRK.7.4	7
7:8	ISA.1.12	3
7:9	ISA.29.13	10
7:9	JER.44.16-JER.44.17	9
7:9	GAL.2.21	9
7:9	ISA.24.5	8
7:9	PSA.119.126	7
7:9	MAT.15.3-MAT.15.6	7
7:9	MRK.7.3	6
7:9	MRK.7.13	6
7:9	ROM.3.31	6
7:9	2KI.16.10-2KI.16.16	5
7:9	DAN.7.25	4
7:9	2TH.2.4	4
7:9	DAN.11.36	3
7:10	EXO.21.17	15
7:10	EXO.20.12	13
7:10	DEU.5.16	9
7:10	LEV.20.9	7
7:10	MAT.15.4	5
7:10	MRK.10.19	4
7:10	DEU.27.16	3
7:10	PRO.20.20	3
7:10	PRO.30.17	3
7:11	MAT.23.18	4
7:11	1TI.5.4-1TI.5.8	3
7:11	MAT.15.5	2
7:13	MRK.7.9	12
7:13	TIT.1.14	8
7:13	ISA.8.20	7
7:13	MAT.5.17-MAT.5.20	7
7:13	JER.8.8-JER.8.9	6
7:13	HOS.8.12	6
7:13	MAT.15.6	6
7:13	EZK.18.14	4
7:13	MRK.7.3	4
7:13	GAL.5.21	2
7:14	MAT.15.10	5
7:14	PRO.8.5	4
7:14	ISA.6.9	3
7:14	ACT.8.30	3
7:14	1KI.18.21	2
7:14	1KI.22.28	2
7:14	PSA.94.8	2
7:14	LUK.12.54-LUK.12.57	2
7:14	PSA.49.1-PSA.49.2	1
7:14	LUK.12.1	1
7:14	LUK.20.45-LUK.20.47	0
7:15	PRO.4.23	15
7:15	LEV.11.42-LEV.11.47	9
7:15	TIT.1.15	9
7:15	MAT.12.34	7
7:15	HEB.13.9	7
7:15	MRK.7.18-MRK.7.23	6
7:15	ROM.14.17	6
7:15	HEB.9.10	6
7:15	1CO.10.25	5
7:15	MAT.15.16	4
7:15	ACT.10.28	4
7:15	1TI.4.3-1TI.4.5	4
7:15	ACT.10.14-ACT.10.16	3
7:15	ACT.11.8-ACT.11.10	3
7:15	ACT.15.20-ACT.15.21	3
7:17	MAT.15.15	7
7:17	MAT.13.36	6
7:17	MRK.9.28	5
7:17	MAT.13.10	4
7:17	MRK.4.10	4
7:17	MRK.4.34	4
7:18	MAT.15.16-MAT.15.17	8
7:18	HEB.5.11	6
7:18	ISA.28.9-ISA.28.10	5
7:18	MAT.16.11	5
7:18	LUK.24.25	5
7:18	JER.5.4-JER.5.5	4
7:18	MRK.4.13	4
7:18	JHN.3.10	4
7:18	1CO.3.2	4
7:19	MAT.15.17	7
7:19	1CO.6.13	6
7:19	LUK.11.41	5
7:19	ACT.10.15	5
7:19	ACT.11.9	5
7:19	ROM.14.1-ROM.14.12	5
7:19	COL.2.16	5
7:19	COL.2.21-COL.2.22	5
7:20	JAS.3.6	11
7:20	JAS.1.14-JAS.1.15	10
7:20	JAS.4.1	9
7:20	MRK.7.15	8
7:20	MAT.12.34-MAT.12.37	7
7:20	PSA.41.6	6
7:20	MIC.2.1	5
7:20	HEB.7.6	1
7:21	JER.17.9	20
7:21	ROM.8.7-ROM.8.8	15
7:21	JAS.4.1-JAS.4.3	15
7:21	MAT.15.19	12
7:21	GAL.5.19-GAL.5.21	12
7:21	EZK.38.10	9
7:21	ACT.8.22	9
7:21	JER.4.14	8
7:21	MAT.9.4	8
7:21	JAS.2.4	8
7:21	PRO.4.23	7
7:21	MAT.23.25-MAT.23.28	7
7:21	LUK.16.15	6
7:21	JAS.1.14-JAS.1.15	6
7:21	PSA.14.3	5
7:21	PSA.53.3	5
7:21	PSA.58.2-PSA.58.3	5
7:21	ISA.59.7	5
7:21	GEN.6.5	4
7:21	GEN.8.21	4
7:21	JOB.14.4	4
7:21	JOB.15.14-JOB.15.16	4
7:21	JOB.25.4	4
7:21	PSA.14.1	4
7:21	PRO.15.25	4
7:21	ACT.5.4	4
7:21	ROM.7.8	4
7:21	1PE.4.2-1PE.4.3	4
7:21	PSA.53.1	3
7:21	ROM.7.5	3
7:21	TIT.3.3	2
7:22	MAT.20.15	5
7:22	ECC.7.25	4
7:22	OBA.1.3-OBA.1.4	4
7:22	MAT.6.23	4
7:22	2CO.10.5	4
7:22	1PE.2.15	4
7:22	1PE.5.5	4
7:22	DEU.15.9	3
7:22	DEU.28.54	3
7:22	DEU.28.56	3
7:22	1SA.18.8-1SA.18.9	3
7:22	2CH.32.25-2CH.32.26	3
7:22	2CH.32.31	3
7:22	PSA.10.4	3
7:22	PRO.12.23	3
7:22	PRO.22.15	3
7:22	PRO.23.6	3
7:22	PRO.24.9	3
7:22	PRO.27.22	3
7:22	PRO.28.22	3
7:23	MRK.7.15	7
7:23	1CO.3.17	5
7:23	TIT.1.15	5
7:23	MRK.7.18	4
7:23	JUD.1.8	4
7:24	MAT.15.21-MAT.15.28	20
7:24	MAT.11.21	10
7:24	EZK.28.2	9
7:24	MRK.6.31-MRK.6.32	9
7:24	MRK.3.7-MRK.3.8	7
7:24	MAT.9.28	6
7:24	1TI.5.25	6
7:24	GEN.10.15	5
7:24	EZK.28.21-EZK.28.22	5
7:24	GEN.10.19	2
7:24	GEN.49.13	2
7:24	JOS.19.28-JOS.19.29	2
7:24	ISA.23.1-ISA.23.4	2
7:24	ISA.23.12	2
7:24	ISA.42.2	2
7:24	MRK.2.1	2
7:25	MAT.15.22	8
7:25	MRK.1.40	3
7:25	MRK.5.22-MRK.5.23	3
7:25	MRK.5.33	3
7:25	MRK.9.17-MRK.9.23	3
7:25	ACT.10.25-ACT.10.26	3
7:25	LUK.17.16	2
7:25	REV.22.8-REV.22.9	2
7:26	MAT.15.22	5
7:26	ISA.49.12	3
7:26	GAL.3.28	3
7:26	COL.3.11	3
7:27	MAT.15.23-MAT.15.28	13
7:27	MAT.7.6	7
7:27	MAT.10.5	6
7:27	ACT.22.21	6
7:27	EPH.2.12	6
7:27	ROM.15.8	5
7:28	ROM.10.12	10
7:28	ROM.3.29	9
7:28	ISA.45.22	6
7:28	LUK.15.30-LUK.15.32	6
7:28	ACT.11.17-ACT.11.18	6
7:28	LUK.7.6-LUK.7.8	5
7:28	PSA.145.16	4
7:28	ISA.49.6	4
7:28	MAT.5.45	4
7:28	EPH.2.12-EPH.2.14	4
7:28	EPH.3.8	4
7:28	ROM.15.8-ROM.15.9	2
7:29	MAT.5.3	4
7:29	ISA.66.2	3
7:29	MAT.8.9-MAT.8.13	3
7:29	ISA.57.15-ISA.57.16	2
7:29	1JN.3.8	2
7:30	JHN.4.50-JHN.4.52	2
7:30	1JN.3.8	2
7:31	MRK.5.20	7
7:31	MAT.4.25	6
7:31	MAT.15.29-MAT.15.31	6
7:31	MRK.7.24	5
7:31	MAT.4.18	3
7:31	MAT.11.21	3
7:32	LUK.11.14	7
7:32	MRK.5.23	5
7:32	MAT.9.32-MAT.9.33	4
7:33	MRK.8.23	11
7:33	JHN.9.6-JHN.9.7	7
7:33	MRK.5.40	6
7:33	1KI.17.19-1KI.17.22	4
7:33	2KI.4.33-2KI.4.34	3
7:33	2KI.4.4-2KI.4.6	2
7:34	JHN.11.41	9
7:34	MRK.5.41	7
7:34	MRK.6.41	6
7:34	JHN.11.33	6
7:34	ACT.9.34	6
7:34	ACT.9.40	6
7:34	MRK.8.12	4
7:34	JHN.11.43	4
7:34	ISA.53.3	3
7:34	MRK.1.41	3
7:34	LUK.7.14	3
7:34	LUK.18.42	3
7:34	JHN.17.1	3
7:34	MRK.15.34	2
7:34	JHN.11.35	2
7:34	EZK.21.6-EZK.21.7	1
7:34	LUK.19.41	1
7:34	JHN.11.38	1
7:34	HEB.4.15	1
7:35	ISA.35.5-ISA.35.6	5
7:35	PSA.33.9	3
7:35	ISA.32.3-ISA.32.4	3
7:35	MAT.11.5	3
7:35	MRK.2.12	3
7:36	MAT.8.4	8
7:36	MRK.1.44-MRK.1.45	4
7:36	MRK.3.12	4
7:36	MRK.5.43	4
7:36	MRK.8.26	3
7:37	MRK.6.51	10
7:37	EXO.4.10-EXO.4.11	8
7:37	MRK.4.41	8
7:37	MRK.5.42	8
7:37	GEN.1.31	7
7:37	MRK.2.12	7
7:37	PSA.139.14	6
7:37	MRK.1.27	4
7:37	LUK.23.41	4
7:37	ACT.14.11	4
7:37	ACT.2.7-ACT.2.12	2
7:37	ACT.3.10-ACT.3.13	2
8:1	MAT.15.32-MAT.15.39	13
8:1	MRK.6.34-MRK.6.44	6
8:2	MAT.9.36	8
8:2	MIC.7.19	7
8:2	PSA.103.13	6
8:2	PSA.145.15	6
8:2	MAT.14.14	4
8:2	MAT.20.34	4
8:2	MRK.5.19	4
8:2	MRK.6.34	4
8:2	LUK.7.13	4
8:2	HEB.4.15	4
8:2	HEB.5.2	4
8:2	PSA.145.8	3
8:2	MAT.4.2-MAT.4.4	3
8:2	MAT.6.32-MAT.6.33	3
8:2	MRK.1.41	3
8:2	MRK.9.22	3
8:2	LUK.15.20	3
8:2	JHN.4.6-JHN.4.8	2
8:2	JHN.4.30-JHN.4.34	2
8:2	HEB.2.17	2
8:3	ISA.40.31	6
8:3	JDG.8.4-JDG.8.6	5
8:3	1SA.14.28-1SA.14.31	3
8:3	1SA.30.10-1SA.30.12	3
8:4	MAT.15.33	5
8:4	MRK.6.52	5
8:4	PSA.78.19-PSA.78.20	4
8:4	MRK.6.36-MRK.6.37	4
8:4	NUM.11.21-NUM.11.23	3
8:4	2KI.7.2	3
8:4	JHN.6.7-JHN.6.9	3
8:4	2KI.4.42-2KI.4.44	2
8:5	MAT.14.15-MAT.14.17	6
8:5	MAT.15.34	5
8:5	MRK.6.38	5
8:5	LUK.9.13	5
8:6	COL.3.17	8
8:6	MAT.14.18-MAT.14.19	7
8:6	MAT.15.35-MAT.15.36	7
8:6	JHN.6.10-JHN.6.11	7
8:6	1CO.10.30-1CO.10.31	6
8:6	JHN.2.5	5
8:6	JHN.6.23	5
8:6	ROM.14.6	5
8:6	1SA.9.13	4
8:6	MAT.26.26	4
8:6	MRK.6.39-MRK.6.44	4
8:6	LUK.9.14-LUK.9.15	4
8:6	LUK.12.37	4
8:6	LUK.24.30	4
8:6	1TI.4.3-1TI.4.5	3
8:7	MAT.14.19	7
8:7	LUK.6.41	4
8:7	LUK.24.41-LUK.24.42	4
8:7	JHN.21.5	4
8:7	JHN.21.8-JHN.21.9	4
8:8	PSA.145.16	7
8:8	MAT.16.10	7
8:8	2KI.4.42-2KI.4.44	6
8:8	PSA.107.8-PSA.107.9	6
8:8	MRK.8.19-MRK.8.20	6
8:8	2KI.4.2-2KI.4.7	5
8:8	LUK.1.53	5
8:8	JHN.6.11-JHN.6.13	5
8:8	JHN.6.32-JHN.6.35	5
8:8	JHN.6.47-JHN.6.58	5
8:8	REV.7.16-REV.7.17	5
8:8	1KI.17.14-1KI.17.16	4
8:8	JHN.6.27	4
8:10	MAT.15.39	8
8:11	MAT.12.38	8
8:11	JHN.4.48	7
8:11	1CO.10.9	7
8:11	EXO.17.7	6
8:11	DEU.6.16	6
8:11	MAL.3.15	6
8:11	LUK.11.16	6
8:11	LUK.12.54-LUK.12.57	6
8:11	1CO.1.22-1CO.1.23	6
8:11	MRK.2.16	5
8:11	MAT.16.1-MAT.16.12	4
8:11	MAT.22.34-MAT.22.35	4
8:11	MRK.7.1-MRK.7.2	4
8:11	MRK.12.15	4
8:11	JHN.6.30	4
8:11	JHN.7.48	4
8:11	EXO.17.2	3
8:11	MAT.19.3	3
8:11	MAT.21.23	3
8:11	MAT.22.15	3
8:11	MAT.22.18	3
8:11	MAT.22.23	3
8:11	LUK.10.25	2
8:11	LUK.11.53-LUK.11.54	2
8:11	ACT.5.9	2
8:12	MAT.12.39-MAT.12.40	10
8:12	MAT.16.4	9
8:12	MRK.7.34	9
8:12	JHN.12.37-JHN.12.43	9
8:12	LUK.11.29-LUK.11.30	8
8:12	MRK.3.5	6
8:12	LUK.22.67-LUK.22.70	5
8:12	ISA.53.3	4
8:12	MRK.6.6	4
8:12	MRK.9.19	4
8:12	LUK.16.29-LUK.16.31	4
8:12	LUK.19.41	4
8:12	JHN.11.33-JHN.11.38	4
8:13	ACT.18.6	6
8:13	PSA.81.12	5
8:13	JER.23.33	5
8:13	HOS.4.17	5
8:13	HOS.9.12	5
8:13	MAT.7.6	5
8:13	MAT.15.14	5
8:13	LUK.8.37	5
8:13	JHN.8.21	5
8:13	JHN.12.36	5
8:13	ACT.13.45-ACT.13.46	5
8:13	ZEC.11.8-ZEC.11.9	4
8:14	MAT.16.5	1
8:15	1CO.5.6-1CO.5.8	12
8:15	MAT.16.6	9
8:15	MAT.16.11-MAT.16.12	8
8:15	MRK.12.13	8
8:15	LUK.12.1-LUK.12.2	7
8:15	EXO.12.18-EXO.12.20	5
8:15	LEV.2.11	5
8:15	PRO.19.27	5
8:15	MAT.14.1	4
8:15	1TI.6.13	4
8:15	1CH.28.9-1CH.28.10	3
8:15	1TI.5.21	3
8:15	MAT.22.15-MAT.22.18	2
8:15	LUK.12.15	2
8:15	2TI.2.14	2
8:15	1CH.28.20	1
8:16	MAT.16.7-MAT.16.8	4
8:16	LUK.9.46	4
8:16	LUK.20.5	4
8:17	MRK.6.52	10
8:17	HEB.5.11-HEB.5.12	6
8:17	ISA.63.17	5
8:17	MRK.2.8	5
8:17	MRK.3.5	5
8:17	MAT.16.8-MAT.16.9	4
8:17	MAT.15.17	2
8:17	MRK.16.14	2
8:17	LUK.24.25	2
8:17	JHN.2.24-JHN.2.25	2
8:17	JHN.16.30	2
8:17	JHN.21.17	2
8:17	HEB.4.12-HEB.4.13	2
8:17	REV.2.23	2
8:18	ACT.28.26-ACT.28.27	285
8:18	MAT.13.14-MAT.13.15	248
8:18	JER.5.21	211
8:18	MRK.4.12	206
8:18	EZK.12.2	177
8:18	JHN.12.40	149
8:18	ISA.6.9-ISA.6.10	141
8:18	ISA.42.18-ISA.42.20	128
8:18	ROM.11.8	124
8:18	PSA.115.5-PSA.115.8	116
8:18	ISA.44.18	105
8:18	DEU.29.4	97
8:18	PSA.69.23	86
8:18	2PE.1.12	54
8:19	MAT.14.17-MAT.14.21	3
8:19	MRK.6.38-MRK.6.44	3
8:19	LUK.9.12-LUK.9.17	3
8:19	JHN.6.5-JHN.6.13	3
8:20	MAT.15.34-MAT.15.38	5
8:20	MRK.8.1-MRK.8.9	4
8:21	PSA.94.8	7
8:21	MRK.6.52	7
8:21	MAT.16.11-MAT.16.12	5
8:21	MRK.8.12	5
8:21	MRK.8.17	5
8:21	JHN.14.9	5
8:21	1CO.6.5	5
8:21	1CO.15.34	5
8:21	MRK.9.19	4
8:22	MAT.11.21	9
8:22	MRK.6.45	7
8:22	LUK.10.13	7
8:22	MAT.8.15	5
8:22	MAT.9.29	5
8:22	MRK.2.3	5
8:22	JHN.1.44	5
8:22	JHN.12.21	5
8:22	MAT.8.3	3
8:22	MRK.5.27-MRK.5.29	3
8:22	MRK.6.55-MRK.6.56	3
8:22	LUK.9.10	3
8:23	MRK.7.33	10
8:23	JHN.9.6-JHN.9.7	8
8:23	MRK.5.23	5
8:23	ACT.9.8	5
8:23	ISA.44.2	4
8:23	ISA.51.18	4
8:23	JER.31.32	2
8:23	HEB.8.9	2
8:23	REV.3.18	2
8:24	ISA.29.18	6
8:24	ISA.32.3	5
8:24	1CO.13.9-1CO.13.12	5
8:24	JDG.9.36	4
8:25	PRO.4.18	6
8:25	PHP.1.6	6
8:25	1PE.2.9	5
8:25	2PE.3.18	5
8:25	MAT.13.12	4
8:26	MAT.8.4	5
8:26	MAT.9.30	4
8:26	MAT.12.16	4
8:26	MRK.5.43	4
8:26	MRK.7.36	4
8:26	MRK.8.23	4
8:27	MAT.16.13-MAT.16.20	12
8:27	LUK.9.18-LUK.9.20	12
8:28	JHN.1.21	5
8:28	MAL.4.5	4
8:28	MAT.14.2	4
8:28	MRK.9.11-MRK.9.13	4
8:28	MAT.16.14	3
8:28	MRK.6.14-MRK.6.16	3
8:28	LUK.9.7-LUK.9.9	3
8:29	1JN.4.15	9
8:29	MAT.16.15-MAT.16.16	8
8:29	1JN.5.1	7
8:29	LUK.9.20	6
8:29	JHN.11.27	6
8:29	JHN.4.42	5
8:29	ACT.9.20	5
8:29	JHN.1.41-JHN.1.49	4
8:29	JHN.6.69	4
8:29	1PE.2.7	3
8:29	MRK.4.11	2
8:29	ACT.8.36	2
8:30	MAT.16.20	6
8:30	LUK.9.21	6
8:30	MRK.9.9	4
8:30	MAT.8.4	3
8:30	MRK.7.36	3
8:30	MRK.8.26	3
8:31	MRK.10.33-MRK.10.34	10
8:31	JHN.2.19	7
8:31	LUK.24.26	6
8:31	1SA.10.19	5
8:31	HOS.6.2	5
8:31	MAT.16.21-MAT.16.28	5
8:31	MRK.9.31-MRK.9.32	5
8:31	LUK.17.25	5
8:31	ACT.7.35	5
8:31	MAT.21.42	4
8:31	MRK.12.10	4
8:31	ACT.7.51-ACT.7.52	4
8:31	1SA.8.7	3
8:31	PSA.118.22	3
8:31	ISA.53.3	3
8:31	MAT.12.40	3
8:31	MAT.17.22-MAT.17.23	3
8:31	ACT.3.13-ACT.3.15	3
8:31	1CO.15.4	3
8:31	JON.1.17	2
8:31	MAT.20.17-MAT.20.19	2
8:31	LUK.9.22-LUK.9.27	2
8:31	LUK.18.31-LUK.18.34	2
8:31	LUK.24.6-LUK.24.7	2
8:31	LUK.24.44	2
8:31	JHN.12.48	2
8:32	MAT.16.22	7
8:32	JHN.16.25	5
8:32	JHN.16.29	4
8:32	JHN.18.20	3
8:32	MRK.4.38	2
8:32	LUK.10.40	2
8:32	JHN.13.6-JHN.13.8	2
8:33	MAT.4.10	8
8:33	PHP.3.19	7
8:33	1JN.2.15	6
8:33	JAS.3.15-JAS.3.18	4
8:33	GEN.3.4-GEN.3.6	3
8:33	PSA.141.5	3
8:33	MAT.6.31-MAT.6.32	3
8:33	MRK.3.34	3
8:33	ROM.8.5-ROM.8.8	3
8:33	REV.3.19	3
8:33	LEV.19.17	2
8:33	2SA.19.22	2
8:33	PRO.9.8-PRO.9.9	2
8:33	MAT.15.23	2
8:33	MRK.3.5	2
8:33	LUK.22.61	2
8:33	1CO.5.5	2
8:33	1TI.5.20	2
8:33	1PE.4.1	2
8:33	JOB.2.10	1
8:33	LUK.4.8	1
8:33	LUK.9.55	1
8:33	TIT.1.13	1
8:34	MAT.10.38	45
8:34	LUK.14.26-LUK.14.27	26
8:34	JHN.10.27	22
8:34	GAL.5.24	21
8:34	GAL.2.20	20
8:34	1KI.14.8	19
8:34	1JN.3.16	17
8:34	NUM.14.24	16
8:34	MAT.16.24	15
8:34	PHP.3.10	13
8:34	LUK.9.23	11
8:34	ROM.8.17	10
8:34	1CO.15.31	7
8:34	GAL.6.14	7
8:34	PHP.3.7	7
8:34	COL.3.5	7
8:34	1CO.4.9-1CO.4.13	6
8:34	1PE.4.1	6
8:34	MRK.9.43-MRK.9.48	5
8:34	LUK.14.33	5
8:34	ROM.6.6	5
8:34	ROM.15.1-ROM.15.3	5
8:34	TIT.2.12	5
8:34	1PE.4.13	5
8:34	MAT.5.29-MAT.5.30	4
8:34	MAT.7.13-MAT.7.14	4
8:34	MAT.27.32	4
8:34	LUK.13.24	4
8:34	LUK.18.22	4
8:34	JHN.13.36-JHN.13.37	4
8:34	JHN.21.19-JHN.21.20	4
8:34	ACT.14.22	4
8:34	COL.1.24	4
8:34	2PE.1.14	4
8:34	MRK.7.14	3
8:34	MRK.10.21	3
8:34	LUK.20.45	3
8:34	JHN.19.17	3
8:34	1CO.8.13	3
8:34	1CO.9.19	3
8:34	2TH.3.11	3
8:34	HEB.13.13	3
8:34	REV.2.10	3
8:35	2TI.2.11-2TI.2.13	28
8:35	1CO.9.23	21
8:35	MAT.16.25	19
8:35	LUK.17.33	19
8:35	2TI.1.8	18
8:35	MAT.10.39	16
8:35	JHN.12.25-JHN.12.26	16
8:35	MAT.19.29	14
8:35	LUK.9.24	14
8:35	2CO.12.10	14
8:35	MAT.5.10-MAT.5.12	13
8:35	MAT.10.22	12
8:35	ACT.9.16	12
8:35	REV.12.11	12
8:35	JHN.15.20-JHN.15.21	10
8:35	ACT.21.13	10
8:35	2TI.4.6-2TI.4.8	10
8:35	REV.2.10	10
8:35	LUK.6.22-LUK.6.23	9
8:35	1PE.4.12-1PE.4.16	9
8:35	JER.26.20-JER.26.24	7
8:35	ACT.20.24	7
8:35	REV.7.14	7
8:35	EST.4.11-EST.4.16	6
8:35	HEB.11.35	5
8:36	MAT.16.26	44
8:36	PSA.49.17	42
8:36	LUK.9.25	42
8:36	JAS.1.9-JAS.1.11	34
8:36	PHP.3.7-PHP.3.9	29
8:36	LUK.12.19-LUK.12.20	26
8:36	HEB.11.24-HEB.11.26	23
8:36	ROM.6.21	22
8:36	JOB.2.4	20
8:36	REV.18.7-REV.18.8	20
8:36	MAL.3.14	19
8:36	PSA.73.18-PSA.73.20	17
8:36	LUK.16.19-LUK.16.23	17
8:36	MAT.4.8-MAT.4.10	15
8:36	JOB.22.2	13
8:37	PSA.49.7-PSA.49.8	11
8:37	1PE.1.18-1PE.1.19	7
8:38	LUK.12.8-LUK.12.9	18
8:38	ROM.1.16	17
8:38	1JN.2.23	14
8:38	LUK.9.26	12
8:38	JAS.4.4	12
8:38	MAT.10.32-MAT.10.33	11
8:38	2TI.1.8	10
8:38	MAT.26.64	8
8:38	2TI.1.12	8
8:38	MAT.16.27	7
8:38	HEB.11.16	7
8:38	HEB.11.26	7
8:38	MAT.12.39	6
8:38	2TI.2.12-2TI.2.13	6
8:38	MAT.25.31	5
8:38	JHN.1.51	5
8:38	MAT.24.30	4
8:38	MAT.13.41	3
8:38	LUK.19.26	3
8:38	DEU.33.2	2
8:38	DAN.7.10	2
8:38	DAN.7.13	2
8:38	ACT.5.41	2
8:38	2TI.1.16	2
8:38	HEB.12.2-HEB.12.3	2
8:38	HEB.13.13	2
8:38	MRK.14.62	1
8:38	JHN.5.27	1
8:38	JHN.12.34	1
8:38	GAL.6.14	1
8:38	1TH.1.7-1TH.1.8	1
8:38	JUD.1.14-JUD.1.15	1
8:38	ZEC.14.5	0
8:38	MAT.8.20	0
8:38	MAT.16.4	0
8:38	JHN.1.14	0
9:1	LUK.9.27	16
9:1	HEB.2.9	11
9:1	MRK.13.30	10
9:1	MAT.16.28	9
9:1	LUK.2.26	8
9:1	LUK.22.18	8
9:1	JHN.8.51-JHN.8.52	8
9:1	MAT.24.30	7
9:1	MAT.25.31	7
9:1	MRK.13.26	7
9:1	LUK.22.30	7
9:1	JHN.21.23	6
9:1	ACT.1.6-ACT.1.7	5
9:2	LUK.9.28-LUK.9.36	16
9:2	MAT.17.1-MAT.17.8	13
9:2	ISA.33.17	10
9:2	MRK.5.37	9
9:2	MRK.14.33	6
9:2	EXO.24.13	5
9:2	2CO.13.1	5
9:2	EXO.34.29-EXO.34.35	4
9:2	1KI.18.42	4
9:2	ISA.53.2	4
9:2	MAT.17.11-MAT.17.13	3
9:2	MRK.16.12	3
9:2	ROM.12.2	3
9:2	PHP.3.21	3
9:2	REV.20.11	3
9:2	1KI.18.33	2
9:2	MAT.14.13	2
9:2	LUK.6.12	2
9:2	JHN.1.14	2
9:2	2CO.3.7-2CO.3.10	2
9:2	PHP.2.6-PHP.2.8	2
9:2	REV.1.13-REV.1.17	2
9:2	2PE.1.16-2PE.1.18	1
9:3	MAT.28.3	10
9:3	DAN.7.9	9
9:3	PSA.51.7	4
9:3	PSA.68.14	4
9:3	PSA.104.1-PSA.104.2	4
9:3	ISA.1.18	4
9:3	MAL.3.2-MAL.3.3	4
9:3	REV.7.9	4
9:3	REV.7.14	4
9:3	ACT.10.30	2
9:3	REV.19.18	2
9:4	LUK.9.30-LUK.9.31	7
9:4	MAT.17.3-MAT.17.4	5
9:4	LUK.24.44	5
9:4	JHN.5.39	5
9:4	ACT.3.21-ACT.3.24	5
9:4	MAT.11.13	4
9:4	LUK.9.19	4
9:4	LUK.24.27	4
9:4	DEU.34.5-DEU.34.6	3
9:4	2KI.2.11-2KI.2.12	3
9:4	JHN.5.45-JHN.5.47	3
9:4	1PE.1.10-1PE.1.12	3
9:4	REV.19.10	3
9:5	JHN.14.21-JHN.14.23	6
9:5	JHN.14.8-JHN.14.9	5
9:5	PSA.62.2-PSA.62.3	4
9:5	PSA.84.10	4
9:5	MAT.23.7	4
9:5	PHP.1.23	4
9:5	REV.22.3-REV.22.4	4
9:5	EXO.33.17-EXO.33.23	3
9:5	1JN.3.2	3
9:6	DAN.10.15-DAN.10.19	6
9:6	MRK.16.5-MRK.16.8	6
9:6	REV.1.17	6
9:7	2PE.1.17	10
9:7	MAT.3.17	9
9:7	LUK.9.34-LUK.9.36	8
9:7	MRK.1.11	7
9:7	HEB.2.1	6
9:7	EXO.23.21-EXO.23.22	5
9:7	MAT.17.5-MAT.17.7	5
9:7	JHN.5.22-JHN.5.25	5
9:7	DEU.18.15-DEU.18.19	4
9:7	PSA.2.7	4
9:7	JHN.1.34	4
9:7	1JN.5.11-1JN.5.12	4
9:7	REV.1.7	4
9:7	1KI.8.10-1KI.8.12	3
9:7	PSA.97.2	3
9:7	JHN.3.16-JHN.3.18	3
9:7	JHN.6.69	3
9:7	JHN.20.31	3
9:7	ACT.3.22-ACT.3.23	3
9:7	HEB.12.25-HEB.12.26	3
9:7	EXO.24.16	2
9:7	EXO.40.34	2
9:7	DAN.7.13	2
9:7	MAT.26.63-MAT.26.64	2
9:7	MAT.27.43	2
9:7	MAT.27.54	2
9:7	JHN.1.49	2
9:7	JHN.5.18	2
9:7	JHN.5.37	2
9:7	JHN.9.35	2
9:7	JHN.19.7	2
9:7	ACT.1.9	2
9:7	ACT.7.37	2
9:7	ACT.8.36	2
9:7	ROM.1.4	2
9:7	1JN.4.9-1JN.4.10	2
9:7	1JN.5.20	2
9:8	LUK.24.31	3
9:8	ACT.8.39-ACT.8.40	3
9:8	ACT.10.16	3
9:8	LUK.9.36	2
9:9	MAT.17.9-MAT.17.13	4
9:9	MRK.5.43	4
9:9	MAT.12.40	3
9:9	MAT.16.21	2
9:9	MAT.27.63	2
9:9	MRK.8.29-MRK.8.31	2
9:9	MRK.9.30-MRK.9.31	2
9:9	MRK.10.32-MRK.10.34	2
9:9	LUK.24.46	2
9:9	MAT.8.4	1
9:9	MAT.12.19	1
9:10	ACT.17.18	6
9:10	JHN.2.19-JHN.2.22	5
9:10	JHN.16.17-JHN.16.19	5
9:10	LUK.18.33-LUK.18.34	4
9:10	LUK.24.7-LUK.24.8	4
9:10	LUK.24.25-LUK.24.27	4
9:10	JHN.12.16	3
9:10	JHN.12.33-JHN.12.34	3
9:10	JHN.16.29-JHN.16.30	3
9:10	GEN.37.11	2
9:10	MAT.16.22	2
9:10	MRK.9.32	2
9:10	LUK.2.50-LUK.2.51	2
9:11	MAL.4.5	13
9:11	MAL.3.1	9
9:11	MAT.11.14	7
9:11	MAT.17.10-MAT.17.11	4
9:11	MRK.9.4	4
9:12	ISA.53.1-ISA.53.12	13
9:12	ISA.50.6	11
9:12	ISA.52.14	10
9:12	ISA.40.3-ISA.40.5	8
9:12	LUK.1.16-LUK.1.17	8
9:12	ISA.49.7	7
9:12	LUK.23.11	7
9:12	PSA.22.1-PSA.22.31	6
9:12	ZEC.13.7	6
9:12	MAT.11.2-MAT.11.18	6
9:12	PSA.69.1-PSA.69.36	5
9:12	JHN.3.27-JHN.3.30	5
9:12	MAL.4.6	4
9:12	MAT.3.1-MAT.3.12	4
9:12	LUK.1.76	4
9:12	PSA.74.22	3
9:12	DAN.9.24-DAN.9.26	3
9:12	ZEC.11.13	3
9:12	MAT.16.21	3
9:12	MAT.26.24	3
9:12	MRK.1.2-MRK.1.8	3
9:12	LUK.3.2-LUK.3.6	3
9:12	LUK.23.39	3
9:12	JHN.1.6-JHN.1.36	3
9:12	PHP.2.7-PHP.2.8	2
9:13	MAT.14.3-MAT.14.11	7
9:13	MAT.11.14	5
9:13	MAT.17.12-MAT.17.13	5
9:13	MRK.6.14-MRK.6.28	2
9:13	LUK.1.17	2
9:13	LUK.3.19-LUK.3.20	2
9:13	ACT.7.52	2
9:14	LUK.9.37-LUK.9.42	9
9:14	MAT.17.14-MAT.17.20	5
9:14	MRK.2.6	4
9:14	MRK.11.28	4
9:14	MRK.12.14	4
9:14	LUK.11.53-LUK.11.54	4
9:14	HEB.12.3	3
9:15	EXO.34.30	6
9:15	MRK.9.2-MRK.9.3	6
9:16	LUK.5.30-LUK.5.32	3
9:16	MRK.8.11	2
9:17	MRK.9.25	4
9:17	LUK.11.14	4
9:17	MRK.10.13	3
9:17	LUK.9.38	3
9:17	MAT.12.22	2
9:17	MAT.17.15	2
9:17	MRK.5.23	2
9:17	MRK.7.26	2
9:17	JHN.4.47	2
9:18	MRK.11.23	5
9:18	MAT.17.19-MAT.17.20	4
9:18	MRK.9.28-MRK.9.29	4
9:18	LUK.9.39-LUK.9.40	4
9:18	MAT.17.16	3
9:18	MRK.9.20	3
9:18	MRK.9.26	3
9:18	2KI.4.29-2KI.4.31	2
9:18	PSA.112.10	2
9:18	ACT.7.54	2
9:18	JOB.16.9	1
9:18	MAT.8.12	1
9:18	MAT.15.22	1
9:18	JUD.1.13	1
9:19	NUM.14.11	7
9:19	NUM.14.27	5
9:19	PSA.106.21-PSA.106.25	5
9:19	MAT.17.17	5
9:19	MRK.16.14	5
9:19	LUK.9.41	5
9:19	LUK.24.25	4
9:19	JHN.20.27	4
9:19	HEB.3.10-HEB.3.12	4
9:19	NUM.14.22	3
9:19	NUM.32.13-NUM.32.14	3
9:19	DEU.32.20	3
9:19	PSA.78.6-PSA.78.8	3
9:19	PSA.78.22	3
9:19	JHN.12.27	2
9:20	MRK.1.26	8
9:20	LUK.4.35	6
9:20	LUK.9.42	5
9:20	1PE.5.8	5
9:20	JOB.1.10-JOB.1.12	4
9:20	JOB.2.6-JOB.2.8	4
9:20	MRK.5.3-MRK.5.5	4
9:20	MRK.9.18	4
9:20	MRK.9.26	4
9:20	LUK.8.29	4
9:20	JHN.8.44	4
9:21	JHN.9.20-JHN.9.21	3
9:21	ACT.9.33	3
9:21	JOB.5.7	2
9:21	JOB.14.1	2
9:21	MRK.5.25	2
9:21	LUK.8.43	2
9:21	LUK.13.16	2
9:21	JHN.5.5-JHN.5.6	2
9:21	JHN.9.1	2
9:21	ACT.3.2	2
9:21	ACT.4.22	2
9:21	ACT.14.8	2
9:21	PSA.51.5	1
9:22	MAT.8.2	3
9:22	MAT.14.31	3
9:22	MAT.15.22-MAT.15.28	3
9:22	MAT.20.34	3
9:22	MRK.1.40-MRK.1.42	3
9:22	MRK.5.19	3
9:22	MAT.8.8-MAT.8.9	2
9:22	MAT.9.28	2
9:22	LUK.7.13	2
9:23	JHN.11.40	71
9:23	HEB.11.6	67
9:23	MAT.17.20	53
9:23	MRK.11.23	52
9:23	MAT.21.21-MAT.21.22	46
9:23	LUK.17.6	35
9:23	2CH.20.20	32
9:23	JHN.4.48-JHN.4.50	26
9:23	ACT.14.9	25
9:24	LUK.17.5	27
9:24	HEB.12.2	18
9:24	EPH.2.8	17
9:24	2TH.1.11	10
9:24	2TH.1.3	9
9:24	PSA.126.5	8
9:24	PHP.1.29	7
9:24	2CO.2.4	6
9:24	ACT.10.31	5
9:24	PSA.39.12	4
9:24	JER.14.17	4
9:24	2SA.16.12	3
9:24	2KI.20.5	3
9:24	LUK.7.44	3
9:24	2TI.1.4	3
9:24	HEB.5.7	3
9:24	HEB.12.17	2
9:24	LUK.7.38	1
9:24	ACT.10.19	1
9:25	ACT.16.18	6
9:25	ISA.35.5-ISA.35.6	4
9:25	MAT.17.18	4
9:25	MRK.9.15	4
9:25	LUK.9.42	4
9:25	MRK.1.25-MRK.1.27	3
9:25	MRK.5.7-MRK.5.8	3
9:25	LUK.4.35	3
9:25	LUK.4.41	3
9:25	LUK.8.29	3
9:25	LUK.11.14	3
9:25	JUD.1.9	3
9:25	ZEC.3.2	2
9:25	MAT.9.32-MAT.9.33	2
9:25	MAT.12.22	1
9:26	MRK.9.20	4
9:26	MRK.1.26	3
9:26	EXO.5.23	2
9:26	MRK.9.18	2
9:26	REV.12.12	2
9:27	MRK.1.31	3
9:27	ACT.3.7	3
9:27	ISA.41.13	2
9:27	MRK.1.41	2
9:27	MRK.5.41	2
9:27	MRK.8.23	2
9:27	ACT.9.41	2
9:28	MAT.17.19-MAT.17.20	4
9:28	MAT.13.10	2
9:28	MAT.13.36	2
9:28	MAT.15.15	2
9:28	MRK.4.10	2
9:28	MRK.4.34	2
9:28	MRK.7.17	2
9:29	JAS.5.15	20
9:29	DAN.9.3	17
9:29	MAT.17.20	16
9:29	EPH.6.18	12
9:29	2CO.12.8	9
9:29	2CO.11.27	8
9:29	1KI.17.20-1KI.17.22	7
9:29	LUK.11.26	7
9:29	1CO.9.27	6
9:29	ACT.14.23	5
9:29	MAT.12.45	4
9:29	ACT.9.40-ACT.9.41	4
9:29	2KI.4.33-2KI.4.34	2
9:29	2CO.6.5	0
9:30	MAT.17.22-MAT.17.23	5
9:30	MRK.6.31-MRK.6.32	5
9:30	LUK.9.43-LUK.9.45	5
9:30	MAT.27.22-MAT.27.23	4
9:31	MAT.16.21	11
9:31	MRK.9.12	6
9:31	MAT.20.18-MAT.20.19	5
9:31	MRK.8.31	5
9:31	LUK.24.44-LUK.24.46	5
9:31	MAT.20.28	4
9:31	MAT.26.2	4
9:31	LUK.24.26	4
9:31	MAT.21.38-MAT.21.39	2
9:31	LUK.9.44	2
9:31	LUK.18.31-LUK.18.33	2
9:31	JHN.2.19	2
9:31	JHN.3.14	2
9:31	JHN.10.18	2
9:31	ACT.2.23-ACT.2.24	2
9:31	ACT.4.27-ACT.4.28	2
9:31	2TI.2.12	2
9:32	LUK.2.50	7
9:32	LUK.9.45	7
9:32	LUK.18.34	7
9:32	JHN.16.19	7
9:32	JHN.12.16	5
9:32	MRK.9.10	4
9:32	MRK.7.18	3
9:32	MRK.8.17-MRK.8.18	3
9:32	MRK.8.33	3
9:32	MRK.16.14	3
9:32	LUK.24.45	3
9:32	JHN.4.27	3
9:33	MAT.18.1-MAT.18.5	8
9:33	HEB.4.13	6
9:33	LUK.9.46-LUK.9.48	5
9:33	JHN.2.25	4
9:33	JHN.21.17	4
9:33	PSA.139.1-PSA.139.4	3
9:33	MAT.17.24	3
9:33	MRK.2.8	3
9:33	REV.2.23	3
9:34	MRK.9.50	4
9:34	LUK.9.46-LUK.9.48	3
9:34	LUK.22.24-LUK.22.30	3
9:34	ROM.12.10	3
9:34	PHP.2.3-PHP.2.7	3
9:34	1PE.5.3	3
9:34	3JN.1.9	3
9:34	MAT.18.1-MAT.18.5	2
9:34	MAT.20.21-MAT.20.24	2
9:35	MAT.20.25-MAT.20.28	20
9:35	LUK.22.26	16
9:35	MRK.10.42-MRK.10.45	14
9:35	MAT.23.11	13
9:35	LUK.14.10-LUK.14.11	13
9:35	LUK.18.14	9
9:35	JAS.4.6	9
9:35	JER.45.5	7
9:35	PRO.13.10	3
9:36	MRK.10.16	7
9:36	MAT.18.2	6
9:36	MAT.19.14-MAT.19.15	5
9:37	MAT.18.3-MAT.18.5	19
9:37	MAT.10.40-MAT.10.42	11
9:37	LUK.10.16	11
9:37	LUK.9.48	8
9:37	JHN.10.30	8
9:37	JHN.12.44-JHN.12.45	8
9:37	JHN.14.21-JHN.14.23	8
9:37	JHN.5.23	7
9:37	MAT.18.10	6
9:37	MAT.25.40	6
9:37	1TH.4.8	3
9:38	LUK.9.49-LUK.9.50	21
9:38	NUM.11.26-NUM.11.29	11
9:38	LUK.11.19	7
9:39	1CO.12.3	12
9:39	1CO.13.1-1CO.13.2	6
9:39	PHP.1.18	5
9:39	MAT.7.22-MAT.7.23	4
9:39	MAT.13.28-MAT.13.29	4
9:39	MRK.10.13-MRK.10.14	3
9:39	1CO.9.27	3
9:39	ACT.19.13-ACT.19.16	2
9:40	MAT.12.30	13
9:40	LUK.11.23	12
9:41	MAT.10.42	19
9:41	MAT.25.40	13
9:41	ROM.8.9	0
9:41	ROM.14.15	0
9:41	1CO.15.23	0
9:41	GAL.3.29	0
9:41	GAL.5.24	0
9:42	MAT.18.6	13
9:42	LUK.17.1-LUK.17.2	10
9:42	MAT.18.10	8
9:42	MAT.25.45-MAT.25.46	3
9:42	ACT.26.11-ACT.26.14	3
9:42	ROM.14.13	3
9:42	ROM.16.17	3
9:42	2CO.6.3	3
9:42	2TH.1.6-2TH.1.9	3
9:42	ACT.9.4	2
9:42	ROM.15.21	2
9:42	1CO.8.10-1CO.8.13	2
9:42	2PE.2.2	2
9:42	1CO.10.32-1CO.10.33	1
9:42	PHP.1.10	1
9:42	1TI.5.14	1
9:42	REV.6.9-REV.6.10	1
9:42	REV.16.6-REV.16.7	1
9:43	MAT.5.29-MAT.5.30	19
9:43	MAT.18.8-MAT.18.9	14
9:43	MAT.25.41	11
9:43	MAT.5.22	8
9:43	HEB.12.1	8
9:43	MAT.3.12	6
9:43	ROM.8.13	5
9:43	GAL.5.24	5
9:43	COL.3.5	5
9:43	TIT.2.12	5
9:43	MRK.9.45-MRK.9.48	4
9:43	LUK.14.13	4
9:43	1CO.9.27	4
9:43	1PE.2.1	4
9:43	DEU.13.6-DEU.13.8	3
9:43	MAT.15.30-MAT.15.31	3
9:43	LUK.14.21	3
9:45	MAT.5.22	5
9:45	MAT.18.8	5
9:45	MRK.9.43	4
9:47	MAT.18.9	8
9:47	MAT.5.22	6
9:47	MAT.5.28-MAT.5.29	6
9:47	GEN.3.6	5
9:47	JOB.31.1	5
9:47	PSA.119.37	5
9:47	MRK.9.43	5
9:47	PHP.3.7-PHP.3.8	5
9:47	MAT.10.37-MAT.10.39	4
9:47	LUK.14.26	4
9:47	GAL.4.15	3
9:48	ISA.66.24	20
9:48	MAT.25.41	6
9:48	MRK.9.43-MRK.9.45	5
9:49	LEV.2.13	17
9:49	EZK.43.24	14
9:50	COL.4.6	17
9:50	MAT.5.13	12
9:50	ROM.12.18	12
9:50	2CO.13.11	8
9:50	HEB.12.14	8
9:50	PHP.1.27	7
9:50	JOB.6.6	6
9:50	LUK.14.34-LUK.14.35	6
9:50	EPH.4.29	6
9:50	EPH.4.31-EPH.4.32	5
9:50	1TH.5.13	5
9:50	PSA.34.14	4
9:50	JHN.13.34-JHN.13.35	4
9:50	GAL.5.22	4
9:50	EPH.4.2-EPH.4.6	4
9:50	PHP.2.1-PHP.2.3	4
9:50	COL.3.12	4
9:50	2TI.2.22	4
9:50	JAS.1.20	4
9:50	JAS.3.14-JAS.3.18	4
9:50	1PE.3.8	4
9:50	MRK.9.34	3
9:50	JHN.15.17-JHN.15.18	3
9:50	PSA.133.1	2
9:50	GAL.5.14-GAL.5.15	1
9:50	ROM.14.17-ROM.14.19	0
10:1	JHN.10.40	6
10:1	MAT.4.23	4
10:1	MRK.4.2	4
10:1	MRK.6.34	4
10:1	JER.32.33	3
10:1	MRK.2.13	3
10:1	MRK.6.6	3
10:1	JHN.11.7	3
10:1	MAT.19.1-MAT.19.12	2
10:1	JHN.18.20	2
10:1	ECC.12.9	1
10:2	1CO.7.10-1CO.7.11	7
10:2	MAT.23.13	4
10:2	LUK.11.53-LUK.11.54	4
10:2	JHN.8.6	4
10:2	MAT.15.12	3
10:2	MAT.16.1	3
10:2	MAT.19.3	3
10:2	MAT.22.35	3
10:2	MRK.8.11	3
10:2	MRK.8.15	3
10:2	LUK.5.30	3
10:2	LUK.6.7	3
10:2	LUK.7.30	3
10:2	LUK.11.39	3
10:2	LUK.16.14	3
10:2	JHN.7.32	3
10:2	JHN.7.48	3
10:2	JHN.11.47	3
10:2	JHN.11.57	3
10:2	1CO.10.9	3
10:2	MAL.2.16	2
10:2	MAT.5.31-MAT.5.32	2
10:2	MAT.9.34	2
10:3	ISA.8.20	3
10:3	GAL.4.21	3
10:3	LUK.10.25	2
10:3	JHN.5.39	2
10:4	DEU.24.1-DEU.24.4	14
10:4	MAT.5.31-MAT.5.32	7
10:4	MAT.19.7	6
10:4	ISA.50.1	5
10:4	JER.3.1	5
10:4	MAT.1.19	5
10:5	MAT.19.8	6
10:5	NEH.9.16-NEH.9.17	5
10:5	ACT.7.51	5
10:5	NEH.9.26	4
10:5	HEB.3.7-HEB.3.10	4
10:5	DEU.9.6	3
10:5	DEU.31.27	3
10:6	GEN.1.27	24
10:6	GEN.5.2	16
10:6	GEN.1.1	13
10:6	GEN.2.20-GEN.2.23	9
10:6	MAL.2.14-MAL.2.16	8
10:6	2PE.3.4	8
10:6	MRK.13.19	4
10:7	GEN.2.24	21
10:7	MAT.19.5-MAT.19.6	15
10:7	EPH.5.31	12
10:8	EPH.5.28	18
10:8	GEN.2.24	16
10:8	1CO.6.16	5
10:9	ROM.7.1-ROM.7.3	15
10:10	MRK.9.33	6
10:10	MRK.4.10	5
10:10	MRK.9.28	5
10:11	MAT.5.31-MAT.5.32	9
10:11	MAT.19.9	9
10:11	ROM.7.3	9
10:11	1CO.7.10-1CO.7.11	9
10:11	LUK.16.18	8
10:11	1CO.7.4	8
10:11	HEB.13.4	7
10:12	1CO.7.11	6
10:12	1CO.7.13	4
10:13	MAT.19.13-MAT.19.15	18
10:13	LUK.18.15-LUK.18.17	16
10:13	DEU.31.12-DEU.31.13	1
10:13	EXO.10.9-EXO.10.11	0
10:14	MAT.19.14	16
10:14	MAT.18.4	15
10:14	MAT.18.10	14
10:14	PSA.131.1-PSA.131.2	13
10:14	LUK.18.15-LUK.18.16	11
10:14	1PE.2.2	11
10:14	2TI.3.15	9
10:14	ACT.2.39	8
10:14	1CO.7.14	8
10:14	1CO.14.20	8
10:14	REV.14.5	8
10:14	GEN.17.7	7
10:14	GEN.17.10-GEN.17.14	7
10:14	NUM.14.31	7
10:14	DEU.4.37	7
10:14	DEU.29.11-DEU.29.12	7
10:14	PSA.78.4	7
10:14	PSA.115.14-PSA.115.15	7
10:14	ISA.65.23	7
10:14	JER.32.39-JER.32.40	7
10:14	MRK.3.5	7
10:14	MRK.8.33	7
10:14	LUK.9.54-LUK.9.56	7
10:14	ACT.3.25	7
10:14	ROM.11.16	7
10:14	ROM.11.28	7
10:14	EPH.4.26	7
10:14	2TI.1.5	7
10:14	1SA.1.11	6
10:14	1SA.1.22	6
10:14	1SA.1.27-1SA.1.28	6
10:15	MAT.18.3	13
10:15	LUK.18.17	12
10:15	JHN.3.3-JHN.3.6	8
10:16	ISA.40.11	4
10:16	MRK.9.36	4
10:16	GEN.48.14-GEN.48.16	3
10:16	DEU.28.3	3
10:16	LUK.2.28-LUK.2.34	3
10:16	LUK.24.50-LUK.24.51	3
10:16	JHN.21.15-JHN.21.17	3
10:17	MAT.19.16-MAT.19.30	25
10:17	LUK.18.18-LUK.18.30	20
10:17	ROM.2.7	10
10:17	JHN.6.27-JHN.6.28	8
10:17	LUK.10.25	7
10:17	ROM.10.2-ROM.10.4	6
10:17	ACT.2.37	5
10:17	ACT.16.30	5
10:17	ACT.20.32	5
10:17	MAT.17.14	4
10:17	MAT.25.34	4
10:17	JHN.6.40	4
10:17	DAN.6.10	3
10:17	ACT.9.6	3
10:17	MAT.28.8	2
10:17	MRK.1.40	2
10:17	MRK.9.25	2
10:17	MRK.12.14	2
10:17	JHN.3.2	2
10:17	JHN.5.39	2
10:17	JHN.20.2-JHN.20.4	2
10:17	ROM.6.23	0
10:17	1JN.2.25	0
10:18	LUK.18.19	17
10:18	MAT.19.17	16
10:18	ROM.3.12	9
10:18	1JN.4.16	9
10:18	1SA.2.2	8
10:18	PSA.119.68	6
10:18	JAS.1.17	6
10:18	1JN.4.8	6
10:18	PSA.36.7-PSA.36.8	5
10:18	PSA.86.5	5
10:18	JHN.5.41-JHN.5.44	5
10:19	EXO.20.12-EXO.20.17	11
10:19	ROM.13.9	10
10:19	JAS.2.11	6
10:19	MAT.19.17-MAT.19.19	5
10:19	LUK.18.20	5
10:19	1CO.6.7-1CO.6.9	4
10:19	DEU.5.16-DEU.5.24	2
10:19	ISA.8.20	2
10:19	MAT.5.17-MAT.5.20	2
10:19	MRK.12.28-MRK.12.34	2
10:19	LUK.10.26-LUK.10.28	2
10:19	ROM.3.20	2
10:19	GAL.4.21	2
10:19	GAL.5.14	2
10:19	1TH.4.6	2
10:20	EZK.33.31-EZK.33.32	6
10:20	2TI.3.5	6
10:20	PHP.3.6	5
10:20	MAT.19.20	4
10:20	LUK.18.11-LUK.18.12	4
10:20	ROM.7.9	4
10:20	MAL.3.8	3
10:20	LUK.10.29	3
10:20	ISA.58.2	2
10:20	EZK.5.14	2
10:21	MAT.6.19-MAT.6.21	13
10:21	REV.2.4	10
10:21	LUK.18.22	9
10:21	1TI.6.17-1TI.6.19	9
10:21	LUK.10.42	8
10:21	ACT.2.45	7
10:21	JAS.2.10	7
10:21	1PE.1.4-1PE.1.5	7
10:21	MAT.16.24	6
10:21	LUK.12.33	6
10:21	PRO.23.23	5
10:21	MAT.13.44-MAT.13.46	5
10:21	MAT.19.21	5
10:21	MRK.8.34	5
10:21	HEB.10.34	5
10:21	REV.2.14	5
10:21	REV.2.20	5
10:21	LUK.9.23	4
10:21	LUK.19.41	4
10:21	ACT.4.34-ACT.4.37	4
10:21	JHN.12.26	3
10:21	JHN.16.33	3
10:21	ROM.8.17-ROM.8.18	3
10:21	2CO.12.15	3
10:21	ISA.63.8-ISA.63.10	2
10:21	LUK.16.9	2
10:21	2TI.3.12	1
10:22	1JN.2.15-1JN.2.16	11
10:22	1TI.6.9-1TI.6.10	8
10:22	LUK.12.15	7
10:22	EPH.5.5	6
10:22	2TI.4.10	5
10:22	EZK.33.31	4
10:22	MAT.13.22	4
10:22	MAT.19.22	4
10:22	JOB.21.7-JOB.21.15	3
10:22	LUK.18.23	3
10:22	2CO.7.10	3
10:22	GEN.13.5-GEN.13.11	2
10:22	DEU.6.10-DEU.6.12	2
10:22	DEU.8.11-DEU.8.14	2
10:22	MAT.27.3	2
10:22	MRK.6.26	2
10:22	MAT.27.24-MAT.27.26	1
10:22	MRK.6.20	1
10:23	1CO.1.26	8
10:23	LUK.18.24	5
10:23	JAS.2.5	5
10:23	MAT.19.23-MAT.19.26	4
10:23	MRK.3.5	4
10:23	JHN.3.5	4
10:23	2PE.1.11	4
10:23	MAT.18.3	3
10:23	MRK.10.15	3
10:23	JAS.4.4	3
10:23	MRK.5.32	2
10:24	PRO.11.28	7
10:24	JAS.5.1-JAS.5.3	7
10:24	PSA.52.7	6
10:24	1TI.6.17	6
10:24	REV.3.17	5
10:24	PRO.18.11	4
10:24	PSA.62.10	3
10:24	LUK.12.16-LUK.12.21	3
10:24	LUK.16.14	3
10:24	JOB.31.24-JOB.31.25	2
10:24	PSA.17.14	2
10:24	PSA.49.6-PSA.49.7	2
10:24	PRO.23.5	2
10:24	JER.9.23	2
10:24	EZK.28.4-EZK.28.5	2
10:24	HAB.2.9	2
10:24	ZEP.1.18	2
10:24	LUK.18.26-LUK.18.27	2
10:24	1JN.2.1	2
10:24	MAT.19.25	1
10:24	JHN.6.60	1
10:24	JHN.13.33	1
10:24	JHN.21.5	1
10:24	GAL.4.19	1
10:24	1JN.4.4	1
10:24	1JN.5.21	1
10:25	MAT.19.24-MAT.19.25	9
10:25	LUK.18.25	7
10:25	MAT.23.24	6
10:25	JER.13.23	5
10:25	MAT.7.3-MAT.7.5	4
10:26	ACT.16.31	7
10:26	ROM.10.9-ROM.10.13	6
10:26	2CO.11.23	4
10:26	MRK.6.51	3
10:26	MRK.7.37	3
10:26	LUK.13.23	2
10:26	LUK.18.26	2
10:27	JER.32.27	61
10:27	MAT.19.26	59
10:27	JOB.42.2	42
10:27	JER.32.17	33
10:27	GEN.18.13-GEN.18.14	27
10:27	LUK.1.37	25
10:27	LUK.18.27	18
10:27	NUM.11.21-NUM.11.23	15
10:27	HEB.11.19	11
10:27	PHP.3.21	10
10:27	2KI.7.2	9
10:27	ZEC.8.6	8
10:27	HEB.7.25	7
10:28	MAT.19.27-MAT.19.30	15
10:28	MRK.1.16-MRK.1.20	14
10:28	LUK.14.33	14
10:28	LUK.18.28-LUK.18.30	14
10:28	PHP.3.7-PHP.3.9	11
10:28	MAT.4.22	10
10:28	MAT.4.20	9
10:29	1CO.9.23	16
10:29	MAT.5.10-MAT.5.11	15
10:29	MRK.8.35	11
10:29	HEB.11.24-HEB.11.26	11
10:29	REV.2.3	11
10:29	GEN.12.1-GEN.12.3	10
10:29	MAT.10.18	10
10:29	LUK.22.28-LUK.22.30	8
10:29	GEN.45.20	7
10:29	DEU.33.9-DEU.33.11	7
10:30	PHP.3.8	16
10:30	LUK.18.30	15
10:30	2CO.6.10	12
10:30	PRO.3.9-PRO.3.10	8
10:30	JAS.1.12	8
10:30	MAT.5.11-MAT.5.12	7
10:30	PRO.16.16	6
10:30	MAL.3.10	6
10:30	1TI.6.6	6
10:30	2CH.25.9	5
10:30	MAT.6.33	5
10:30	MAT.13.44-MAT.13.46	5
10:30	JHN.16.22-JHN.16.23	5
10:30	JAS.1.2-JAS.1.4	5
10:30	JAS.5.11	5
10:30	PSA.84.11	4
10:30	MAT.12.32	4
10:30	JHN.10.23	4
10:30	ACT.5.41	4
10:30	ACT.16.25	4
10:30	ROM.5.3	4
10:30	2CO.9.8-2CO.9.11	4
10:30	1PE.4.12-1PE.4.16	4
10:30	REV.3.18	4
10:30	ROM.6.23	3
10:30	2TH.2.16	3
10:30	1JN.2.25	3
10:30	1JN.3.1	3
10:30	REV.2.9	3
10:31	MAT.19.30	11
10:31	MAT.20.16	8
10:31	LUK.13.30	8
10:31	ROM.9.30-ROM.9.33	6
10:31	LUK.18.11-LUK.18.14	5
10:31	MAT.8.11-MAT.8.12	4
10:31	MAT.21.31	4
10:31	ACT.13.46-ACT.13.48	4
10:31	LUK.7.29-LUK.7.30	3
10:31	LUK.7.40-LUK.7.47	3
10:32	MAT.20.17-MAT.20.19	8
10:32	LUK.18.31-LUK.18.34	6
10:32	LUK.9.51	4
10:32	MRK.4.34	3
10:32	ZEC.3.8	2
10:32	MAT.11.25	2
10:32	MAT.13.11	2
10:32	LUK.10.23	2
10:32	JHN.11.8	2
10:32	JHN.11.16	2
10:33	MAT.20.17-MAT.20.19	5
10:33	MAT.27.2	5
10:33	MAT.16.21	4
10:33	MRK.8.31	4
10:33	ACT.3.13-ACT.3.14	4
10:33	ACT.13.27	4
10:33	MAT.17.22-MAT.17.23	3
10:33	MAT.26.66	3
10:33	MRK.9.31	3
10:33	MRK.15.1	3
10:33	LUK.9.22	3
10:33	LUK.23.1-LUK.23.2	3
10:33	LUK.23.21	3
10:33	JHN.18.28	3
10:33	JHN.19.11	3
10:33	JAS.5.6	3
10:33	MRK.14.64	2
10:33	LUK.18.31-LUK.18.33	2
10:33	LUK.24.6-LUK.24.7	2
10:33	ACT.20.22	2
10:34	MAT.16.21	8
10:34	MAT.26.67	8
10:34	MRK.14.65	8
10:34	LUK.22.63-LUK.22.65	7
10:34	MRK.15.17-MRK.15.20	6
10:34	MRK.15.29-MRK.15.31	6
10:34	LUK.23.11	6
10:34	LUK.23.35-LUK.23.39	6
10:34	ISA.50.6	5
10:34	PSA.16.10	4
10:34	ISA.53.3	4
10:34	MAT.12.39-MAT.12.40	4
10:34	MRK.14.63	4
10:34	JHN.1.17	4
10:34	JHN.2.10	4
10:34	JHN.19.2-JHN.19.3	4
10:34	1CO.15.4	4
10:34	JOB.30.10	2
10:34	PSA.22.6-PSA.22.8	2
10:34	PSA.22.13	2
10:34	HOS.6.2	2
10:34	MAT.27.27-MAT.27.44	2
10:35	MAT.20.20-MAT.20.28	16
10:35	2SA.14.4-2SA.14.11	4
10:35	1KI.2.16	3
10:35	1KI.2.20	3
10:35	MRK.1.19-MRK.1.20	3
10:35	MRK.5.37	3
10:35	MRK.14.33	3
10:35	MRK.9.2	1
10:36	1KI.3.5-1KI.3.15	4
10:36	JHN.15.7	4
10:36	MRK.10.51	3
10:37	MAT.19.28	5
10:37	PSA.110.1	3
10:37	MRK.16.19	3
10:37	LUK.24.26	3
10:37	1KI.22.19	2
10:37	MAT.25.31	2
10:37	1PE.1.11	2
10:37	PSA.45.9	1
10:37	MRK.8.38	1
10:38	LUK.12.50	8
10:38	MAT.20.21-MAT.20.22	5
10:38	PSA.75.8	4
10:38	JHN.18.11	4
10:38	JAS.4.3	4
10:38	1KI.2.22	3
10:38	ISA.51.22	3
10:38	LUK.22.42	3
10:38	ROM.8.26	3
10:38	MRK.14.36	2
10:38	JER.45.5	1
10:38	MAT.26.39	1
10:38	JER.25.15	0
10:39	ACT.12.2	5
10:39	REV.1.9	5
10:39	JHN.17.14	4
10:39	MAT.10.25	2
10:39	MRK.14.31	2
10:39	MRK.14.36	2
10:39	JHN.13.37	2
10:39	JHN.15.20	2
10:39	COL.1.24	2
10:40	MAT.20.23	8
10:40	MAT.25.34	6
10:40	JHN.17.24	6
10:40	JHN.17.2	4
10:40	HEB.11.16	4
10:41	MAT.20.24	4
10:41	PRO.13.10	3
10:41	ROM.12.10	3
10:41	PHP.2.3	3
10:41	MRK.9.33-MRK.9.36	2
10:41	LUK.22.24	2
10:41	JAS.4.5	2
10:42	1PE.5.3	9
10:42	LUK.22.25	8
10:42	MAT.20.25	7
10:43	MAT.23.8-MAT.23.12	19
10:43	LUK.14.11	17
10:43	MRK.9.35	16
10:43	MAT.20.26-MAT.20.27	15
10:43	LUK.9.48	14
10:43	GAL.5.13	13
10:43	1PE.5.5-1PE.5.6	13
10:43	LUK.18.14	11
10:43	ROM.12.2	11
10:43	1CO.9.19-1CO.9.23	11
10:43	JHN.18.36	10
10:43	JHN.13.13-JHN.13.18	9
10:45	MAT.20.28	54
10:45	PHP.2.5-PHP.2.8	40
10:45	2CO.8.9	34
10:45	TIT.2.14	26
10:45	JHN.13.14	25
10:45	JHN.10.15	21
10:45	HEB.5.8	17
10:45	LUK.22.26-LUK.22.27	16
10:45	ISA.53.10-ISA.53.12	14
10:45	1PE.1.19	14
10:45	2CO.5.21	13
10:45	DAN.9.26	9
10:45	GAL.3.13	8
10:45	DAN.9.24	6
10:45	1TI.3.4-1TI.3.6	5
10:46	LUK.18.35-LUK.19.1	25
10:46	MAT.20.29-MAT.20.34	20
10:46	JHN.9.8	12
10:46	LUK.16.22	2
10:46	LUK.16.20	0
10:46	ACT.3.2-ACT.3.3	0
10:47	MRK.1.24	7
10:47	MAT.9.27	6
10:47	MAT.15.22	5
10:47	REV.22.16	5
10:47	MAT.26.71	4
10:47	LUK.18.36-LUK.18.37	4
10:47	ACT.13.22-ACT.13.23	4
10:47	JHN.7.41	3
10:47	JHN.7.52	3
10:47	JHN.19.19	3
10:47	ACT.6.14	3
10:47	ROM.1.3-ROM.1.4	3
10:47	ISA.9.6-ISA.9.7	2
10:47	ISA.11.1	2
10:47	JER.23.5-JER.23.6	2
10:47	MAT.1.1	2
10:47	MAT.2.23	2
10:47	MAT.12.23	2
10:47	MAT.20.30	2
10:47	MAT.21.9	2
10:47	MAT.21.11	2
10:47	MAT.22.42-MAT.22.45	2
10:47	LUK.4.16	2
10:47	JHN.1.46	2
10:48	JER.29.13	4
10:48	MRK.7.26-MRK.7.29	4
10:48	GEN.32.24-GEN.32.28	3
10:48	PSA.62.12	3
10:48	MAT.15.23-MAT.15.28	3
10:48	MAT.19.13	3
10:48	MAT.20.31	3
10:48	MRK.5.35	3
10:48	LUK.11.5-LUK.11.10	3
10:48	LUK.18.1-LUK.18.8	3
10:48	LUK.18.39	3
10:48	HEB.5.7	3
10:48	EPH.6.18	2
10:49	LUK.18.40	7
10:49	MAT.20.32-MAT.20.34	6
10:49	PSA.86.15	5
10:49	PSA.145.8	5
10:49	JHN.11.28	5
10:49	HEB.2.17	4
10:49	HEB.4.15	4
10:50	PHP.3.7-PHP.3.9	7
10:50	HEB.12.1	6
10:51	LUK.18.41-LUK.18.43	16
10:51	MRK.10.36	14
10:51	2CH.1.7	13
10:51	MAT.7.7	13
10:51	PHP.4.6	10
10:51	MAT.6.8	5
10:51	MAT.23.7	2
10:51	JHN.20.16	0
10:52	MAT.9.22	9
10:52	MRK.5.34	6
10:52	MRK.8.25	6
10:52	LUK.7.50	6
10:52	ACT.26.18	6
10:52	PSA.33.9	5
10:52	PSA.146.8	5
10:52	ISA.42.16-ISA.42.18	5
10:52	MAT.15.28	5
10:52	MAT.21.14	5
10:52	MRK.1.31	5
10:52	LUK.8.2-LUK.8.3	5
10:52	JHN.9.32	5
10:52	MAT.9.28-MAT.9.30	4
10:52	MAT.12.22	4
10:52	JHN.9.39	4
10:52	ISA.29.18-ISA.29.19	3
10:52	ISA.35.5	3
10:52	MAT.11.5	3
10:52	JHN.9.5-JHN.9.7	3
10:52	LUK.9.48	2
11:1	MAT.21.1-MAT.21.11	7
11:1	LUK.19.29-LUK.19.40	7
11:1	JHN.12.14-JHN.12.19	7
11:1	ZEC.14.4	4
11:1	MAT.21.17	4
11:1	MAT.24.3	4
11:1	MAT.26.30	4
11:1	MRK.6.7	4
11:1	MRK.14.13	4
11:1	JHN.8.1	4
11:1	ACT.1.12	4
11:1	MRK.13.3	3
11:1	2SA.15.30	2
11:2	MAT.21.2-MAT.21.3	10
11:2	LUK.19.30-LUK.19.31	8
11:3	MRK.14.15	5
11:3	ACT.10.36	5
11:3	ACT.17.25	5
11:3	2CO.8.9	5
11:3	HEB.2.7-HEB.2.9	5
11:3	1CH.29.12-1CH.29.18	4
11:3	PSA.24.1	4
11:3	PSA.110.3	4
11:3	ACT.1.24	4
11:4	LUK.19.32-LUK.19.34	5
11:4	HEB.11.8	5
11:4	MAT.21.6-MAT.21.7	4
11:4	MAT.26.19	4
11:4	JHN.2.5	4
11:7	ZEC.9.9	7
11:7	LUK.19.35-LUK.19.36	7
11:7	MAT.21.4-MAT.21.5	6
11:7	MAT.21.7-MAT.21.8	5
11:7	JHN.12.12-JHN.12.16	4
11:7	2KI.9.13	2
11:8	LEV.23.40	3
11:9	PSA.118.25-PSA.118.26	16
11:9	MAT.21.9	7
11:9	MAT.23.39	6
11:9	LUK.19.37-LUK.19.38	6
11:9	JHN.12.13	4
11:9	JHN.19.15	4
11:10	EZK.37.24-EZK.37.25	7
11:10	LUK.2.14	6
11:10	LUK.19.38-LUK.19.40	5
11:10	EZK.34.23-EZK.34.24	4
11:10	AMO.9.11-AMO.9.12	4
11:10	LUK.1.31-LUK.1.33	4
11:10	PSA.148.1	3
11:10	ISA.9.6-ISA.9.7	3
11:10	JER.33.15-JER.33.17	3
11:10	JER.33.26	3
11:10	HOS.3.5	3
11:11	ZEP.1.12	4
11:11	JHN.8.1-JHN.8.2	4
11:11	EZK.8.9	3
11:11	MAL.3.1	3
11:11	MAT.21.10-MAT.21.17	3
11:11	LUK.19.41-LUK.19.45	3
11:11	LUK.21.37-LUK.21.38	3
11:12	MAT.21.18-MAT.21.22	6
11:12	MAT.4.2	3
11:12	JHN.19.28	2
11:12	LUK.4.2	1
11:12	JHN.4.6-JHN.4.7	1
11:12	JHN.4.31-JHN.4.33	1
11:12	HEB.2.17	1
11:13	MAT.21.19	8
11:13	LUK.13.6-LUK.13.9	8
11:13	ISA.5.7	3
11:13	LUK.12.6-LUK.12.7	2
11:13	1SA.6.9	0
11:13	LUK.10.31	0
11:14	MAT.21.19	17
11:14	MAT.3.10	9
11:14	MAT.7.19	9
11:14	MRK.11.20-MRK.11.21	8
11:14	JHN.15.6	8
11:14	ISA.5.5-ISA.5.6	7
11:14	MAT.12.33-MAT.12.35	7
11:14	DEU.6.4-DEU.6.8	4
11:14	MAT.21.44	4
11:14	DEU.11.26-DEU.11.31	3
11:14	MAT.21.33	3
11:14	2PE.2.20	3
11:14	REV.22.11	3
11:15	JHN.2.13-JHN.2.17	14
11:15	MAT.21.12-MAT.21.16	10
11:15	LUK.19.45-LUK.19.47	8
11:15	DEU.14.25-DEU.14.26	1
11:17	ISA.56.7	58
11:17	JER.7.11	46
11:17	LUK.19.46	27
11:17	JHN.2.16	17
11:17	1KI.8.41-1KI.8.48	11
11:17	ISA.60.7	8
11:17	HOS.12.7	7
11:18	MAT.7.28	8
11:18	MRK.12.12	7
11:18	JHN.11.53-JHN.11.57	4
11:18	ACT.24.25	4
11:18	MRK.1.22	3
11:18	MRK.3.6	3
11:18	MRK.6.20	3
11:18	MRK.11.32	3
11:18	MRK.14.1-MRK.14.2	3
11:18	LUK.4.22	3
11:18	REV.11.5-REV.11.10	3
11:18	1KI.18.17-1KI.18.18	2
11:18	1KI.21.20	2
11:18	1KI.22.8	2
11:18	1KI.22.18	2
11:18	ISA.49.7	2
11:18	MAT.21.15	2
11:18	MAT.21.38-MAT.21.39	2
11:18	MAT.21.45-MAT.21.46	2
11:18	MAT.26.3-MAT.26.4	2
11:18	LUK.19.47	2
11:18	LUK.20.19	2
11:18	JHN.7.46	2
11:19	LUK.21.37	6
11:19	MRK.11.11	5
11:19	JHN.12.36	4
11:20	MAT.15.13	6
11:20	MAT.13.6	5
11:20	MAT.21.19-MAT.21.22	5
11:20	MRK.11.14	5
11:20	JHN.15.6	5
11:20	ISA.40.24	3
11:20	ISA.5.4	2
11:20	HEB.6.8	2
11:20	JUD.1.12	2
11:20	JOB.18.16-JOB.18.17	1
11:20	JOB.20.5-JOB.20.7	1
11:21	PRO.3.33	3
11:21	ZEC.5.3-ZEC.5.4	3
11:21	MAT.23.7	3
11:21	MAT.25.41	3
11:21	1CO.16.22	3
11:22	PSA.62.8	36
11:22	JHN.14.1	32
11:22	MRK.9.23	31
11:22	2CH.20.20	22
11:22	ISA.7.9	21
11:22	TIT.1.1	10
11:22	COL.2.12	9
11:23	MAT.17.20	93
11:23	JHN.15.7	88
11:23	MAT.21.21	82
11:23	PSA.37.4	68
11:23	JHN.14.13	62
11:23	LUK.17.6	59
11:23	JAS.1.5-JAS.1.6	59
11:23	HEB.11.17-HEB.11.19	47
11:23	ROM.4.18-ROM.4.25	45
11:23	1CO.13.2	30
11:24	MAT.21.22	207
11:24	1JN.5.14-1JN.5.15	181
11:24	1JN.3.22	138
11:24	JAS.1.5-JAS.1.6	131
11:24	MAT.18.19	129
11:24	JHN.15.7	129
11:24	JHN.14.13	121
11:24	MAT.7.7-MAT.7.11	110
11:24	LUK.11.9-LUK.11.13	97
11:24	JHN.16.23-JHN.16.27	97
11:24	JAS.5.15-JAS.5.18	84
11:24	LUK.18.1-LUK.18.8	77
11:25	MAT.6.14-MAT.6.15	35
11:25	COL.3.13	29
11:25	EPH.4.32	27
11:25	LUK.6.37	21
11:25	MAT.6.12	19
11:25	JAS.2.13	18
11:25	MAT.5.23	17
11:25	MAT.18.23-MAT.18.35	14
11:25	MAT.6.5	9
11:25	ZEC.3.1	7
11:25	LUK.18.11	7
11:25	REV.11.4	3
11:27	LUK.20.1-LUK.20.8	8
11:27	MAT.21.23-MAT.21.27	7
11:27	PSA.2.1-PSA.2.5	4
11:27	ACT.4.27-ACT.4.28	4
11:27	MRK.14.1	3
11:27	JHN.10.23	3
11:27	JHN.18.20	3
11:27	ACT.4.5-ACT.4.8	3
11:27	MAL.3.1	2
11:28	EXO.2.14	4
11:28	NUM.16.3	3
11:28	NUM.16.13	3
11:28	ACT.7.27-ACT.7.28	3
11:28	ACT.7.38-ACT.7.39	3
11:28	ACT.7.51	3
11:29	ISA.52.13	2
11:29	MAT.21.24	2
11:29	LUK.20.3-LUK.20.8	2
11:30	MAT.3.1-MAT.3.17	2
11:30	MRK.1.1-MRK.1.11	2
11:30	MRK.9.13	2
11:30	LUK.3.1-LUK.3.20	2
11:30	JHN.1.6-JHN.1.8	2
11:30	JHN.1.15-JHN.1.36	2
11:30	JHN.3.25-JHN.3.36	2
11:31	MAT.11.7-MAT.11.14	2
11:31	MAT.21.25-MAT.21.27	2
11:31	MAT.21.31-MAT.21.32	2
11:31	JHN.1.15	2
11:31	JHN.1.29	2
11:31	JHN.1.34	2
11:31	JHN.1.36	2
11:31	JHN.3.29-JHN.3.36	2
11:32	MAT.14.5	3
11:32	MAT.21.46	3
11:32	MRK.12.12	3
11:32	MAT.3.5-MAT.3.6	2
11:32	MAT.11.9	2
11:32	MAT.21.31-MAT.21.32	2
11:32	MRK.6.20	2
11:32	LUK.7.26-LUK.7.29	2
11:32	LUK.20.6-LUK.20.8	2
11:32	LUK.20.19	2
11:32	LUK.22.2	2
11:32	JHN.10.41	2
11:32	ACT.5.26	2
11:33	ISA.6.9-ISA.6.10	4
11:33	2CO.4.3-2CO.4.4	3
11:33	2TH.2.10-2TH.2.12	3
11:33	JOB.5.13	2
11:33	PRO.26.4-PRO.26.5	2
11:33	ISA.1.3	2
11:33	ISA.29.9-ISA.29.14	2
11:33	ISA.42.19-ISA.42.20	2
11:33	ISA.56.10	2
11:33	JER.8.7-JER.8.9	2
11:33	MAL.2.7-MAL.2.8	2
11:33	MAT.15.14	2
11:33	MAT.16.4	2
11:33	MAT.21.27	2
11:33	MAT.23.16-MAT.23.26	2
11:33	LUK.10.21-LUK.10.22	2
11:33	LUK.20.7-LUK.20.8	2
11:33	LUK.22.66-LUK.22.69	2
11:33	JHN.3.10	2
11:33	JHN.9.27	2
11:33	ROM.1.18-ROM.1.22	2
11:33	ROM.1.28	2
11:33	2CO.3.15	2
11:33	HOS.4.6	1
12:1	ISA.5.1-ISA.5.4	13
12:1	MRK.13.34	8
12:1	SNG.8.11-SNG.8.12	6
12:1	MAT.25.14	5
12:1	MRK.4.2	5
12:1	PSA.80.8-PSA.80.16	4
12:1	MRK.4.33-MRK.4.34	4
12:1	ROM.11.17-ROM.11.24	4
12:1	ACT.7.38	3
12:1	ACT.7.46-ACT.7.47	3
12:1	ROM.3.1-ROM.3.2	3
12:1	ROM.9.4-ROM.9.5	3
12:1	LUK.19.12	2
12:1	LUK.20.9-LUK.20.19	2
12:1	NEH.9.13-NEH.9.14	1
12:1	PSA.147.19-PSA.147.20	1
12:1	ISA.7.23	1
12:1	JER.2.21	1
12:1	EZK.20.11-EZK.20.12	1
12:1	EZK.20.18-EZK.20.20	1
12:1	EZK.20.49	1
12:1	MAT.13.10-MAT.13.15	1
12:1	MAT.13.34-MAT.13.35	1
12:1	MAT.21.28-MAT.22.14	1
12:1	MRK.4.11-MRK.4.13	1
12:1	MRK.12.1-MRK.12.12	1
12:1	LUK.8.10	1
12:1	LUK.13.6-LUK.13.9	1
12:1	LUK.15.13	1
12:1	JHN.15.1-JHN.15.8	1
12:1	PSA.78.68-PSA.78.69	0
12:1	LUK.22.9	0
12:2	JHN.15.1-JHN.15.8	3
12:2	JDG.6.8-JDG.6.10	2
12:2	2KI.17.13	2
12:2	2CH.36.15	2
12:2	EZR.9.11	2
12:2	PSA.1.3	2
12:2	JER.25.4-JER.25.5	2
12:2	JER.35.15	2
12:2	JER.44.4	2
12:2	MIC.7.1	2
12:2	ZEC.1.3-ZEC.1.6	2
12:2	ZEC.7.7	2
12:2	MAT.21.34	2
12:2	LUK.12.48	2
12:2	LUK.20.10	2
12:2	HEB.1.1	2
12:3	2CH.36.16	3
12:3	NEH.9.26	3
12:3	JER.26.20-JER.26.24	3
12:3	JER.29.26	3
12:3	ACT.7.52	3
12:3	1TH.2.15	3
12:3	HEB.11.36-HEB.11.37	3
12:3	1KI.18.4	2
12:3	1KI.18.13	2
12:3	1KI.19.10	2
12:3	1KI.19.14	2
12:3	1KI.22.27	2
12:3	2CH.16.10	2
12:3	2CH.24.19-2CH.24.21	2
12:3	JER.2.30	2
12:3	JER.20.2	2
12:3	JER.37.15-JER.37.16	2
12:3	JER.38.4-JER.38.6	2
12:3	JER.44.4-JER.44.5	2
12:3	JER.44.16	2
12:3	DAN.9.10-DAN.9.11	2
12:3	ZEC.7.9-ZEC.7.13	2
12:3	MAT.23.34-MAT.23.37	2
12:3	LUK.11.47-LUK.11.51	2
12:3	LUK.13.33-LUK.13.34	2
12:3	LUK.20.10-LUK.20.12	2
12:5	NEH.9.30	2
12:5	JER.7.25-JER.7.28	2
12:5	MAT.5.12	2
12:5	MAT.21.35-MAT.21.36	2
12:5	MAT.22.6	2
12:5	MAT.23.37	2
12:5	MRK.9.13	2
12:5	LUK.6.22-LUK.6.23	2
12:5	LUK.6.36	2
12:6	MAT.3.17	4
12:6	HEB.1.1-HEB.1.2	4
12:6	JHN.1.34	3
12:6	GEN.22.2	2
12:6	GEN.22.12	2
12:6	GEN.37.3	2
12:6	PSA.2.12	2
12:6	ISA.42.1	2
12:6	MAT.1.23	2
12:6	MAT.11.27	2
12:6	MAT.17.5	2
12:6	MAT.26.63	2
12:6	MRK.1.11	2
12:6	MRK.9.7	2
12:6	LUK.3.22	2
12:6	LUK.9.35	2
12:6	JHN.1.14	2
12:6	JHN.1.18	2
12:6	JHN.1.49	2
12:6	JHN.3.16-JHN.3.18	2
12:6	JHN.3.35	2
12:6	JHN.5.23	2
12:6	HEB.1.6	2
12:6	1JN.4.9	2
12:6	1JN.5.11-1JN.5.12	2
12:6	REV.5.9-REV.5.13	2
12:6	GEN.37.11-GEN.37.13	1
12:6	GEN.44.20	1
12:6	PSA.2.7	1
12:7	GEN.3.15	2
12:7	GEN.37.20	2
12:7	PSA.2.2-PSA.2.3	2
12:7	PSA.22.12-PSA.22.15	2
12:7	ISA.49.7	2
12:7	ISA.53.7-ISA.53.8	2
12:7	MAT.2.3-MAT.2.13	2
12:7	MAT.2.16	2
12:7	MRK.12.12	2
12:7	JHN.11.47-JHN.11.50	2
12:7	ACT.2.23	2
12:7	ACT.5.28	2
12:7	ACT.7.52	2
12:7	ACT.13.27-ACT.13.28	2
12:8	MAT.21.33	4
12:8	MAT.21.39	4
12:8	LUK.20.15	4
12:8	HEB.13.11-HEB.13.13	3
12:9	ROM.10.20-ROM.11.12	4
12:9	MAT.21.43	3
12:9	LUK.19.27	3
12:9	ROM.9.30-ROM.9.33	3
12:9	LEV.26.15-LEV.26.18	2
12:9	LEV.26.23-LEV.26.24	2
12:9	LEV.26.27-LEV.26.28	2
12:9	DEU.4.26-DEU.4.27	2
12:9	DEU.28.15-DEU.28.68	2
12:9	JOS.23.15	2
12:9	PRO.1.24-PRO.1.31	2
12:9	ISA.5.5-ISA.5.7	2
12:9	ISA.29.17	2
12:9	ISA.32.15-ISA.32.16	2
12:9	ISA.65.15	2
12:9	JER.17.3	2
12:9	DAN.9.26-DAN.9.27	2
12:9	ZEC.13.7-ZEC.13.9	2
12:9	MAL.1.11	2
12:9	MAT.3.9-MAT.3.12	2
12:9	MAT.8.11-MAT.8.13	2
12:9	MAT.12.45	2
12:9	MAT.21.40-MAT.21.41	2
12:9	MAT.22.7	2
12:9	MAT.23.34-MAT.23.38	2
12:9	LUK.19.41-LUK.19.44	2
12:9	LUK.20.15-LUK.20.16	2
12:9	ACT.13.46-ACT.13.48	2
12:9	ACT.28.23-ACT.28.28	2
12:10	PSA.118.22-PSA.118.23	36
12:10	ISA.28.16	14
12:10	LUK.20.17-LUK.20.18	14
12:10	1PE.2.7-1PE.2.8	14
12:10	MAT.21.42	13
12:10	ACT.4.11-ACT.4.12	13
12:10	ROM.9.33	11
12:10	EPH.2.20-EPH.2.22	11
12:10	MAT.21.16	5
12:10	MRK.2.25	5
12:10	MAT.19.4	4
12:10	MAT.12.3	2
12:10	MAT.22.31	2
12:10	MRK.13.14	2
12:10	LUK.6.3	2
12:10	MRK.12.26	0
12:11	PSA.118.23	5
12:11	HAB.1.5	3
12:11	ACT.2.32-ACT.2.36	3
12:11	ACT.3.12-ACT.3.16	3
12:11	NUM.23.23	2
12:11	ACT.2.12	2
12:11	ACT.13.40-ACT.13.41	2
12:11	EPH.3.8-EPH.3.11	2
12:11	COL.1.27	2
12:11	1TI.3.16	2
12:12	MRK.11.18	5
12:12	MAT.22.22	3
12:12	MRK.11.32	3
12:12	JHN.7.25	3
12:12	JHN.7.30	3
12:12	JHN.7.44	3
12:12	2SA.12.7-2SA.12.15	2
12:12	1KI.20.38-1KI.20.41	2
12:12	1KI.21.17-1KI.21.27	2
12:12	MAT.21.26	2
12:12	MAT.21.45-MAT.21.46	2
12:12	LUK.20.6	2
12:12	LUK.20.19	2
12:13	MRK.3.6	5
12:13	LUK.11.54	5
12:13	LUK.20.20-LUK.20.26	5
12:13	MRK.8.15	4
12:13	PSA.38.12	2
12:13	PSA.56.5-PSA.56.6	2
12:13	PSA.140.5	2
12:13	ISA.29.21	2
12:13	JER.18.18	2
12:13	MAT.16.6	2
12:13	MAT.22.15-MAT.22.22	2
12:14	LUK.20.22	3
12:14	JHN.7.18	3
12:14	2CO.2.2	3
12:14	2CO.2.17	3
12:14	2CO.5.11	3
12:14	2CO.5.16	3
12:14	GAL.1.10	3
12:14	GAL.2.6	3
12:14	GAL.2.11-GAL.2.14	3
12:14	1TH.2.4	3
12:14	EXO.23.2-EXO.23.6	2
12:14	DEU.16.19	2
12:14	DEU.33.9-DEU.33.10	2
12:14	2CH.18.13	2
12:14	2CH.19.7	2
12:14	EZR.4.12-EZR.4.13	2
12:14	NEH.9.37	2
12:14	PSA.12.2-PSA.12.4	2
12:14	PSA.55.21	2
12:14	PSA.120.2	2
12:14	PRO.26.23-PRO.26.26	2
12:14	ISA.50.7-ISA.50.9	2
12:14	JER.15.19-JER.15.21	2
12:14	JER.42.2-JER.42.3	2
12:14	JER.42.20	2
12:14	EZK.2.6-EZK.2.7	2
12:14	MIC.3.8	2
12:14	MAT.17.25-MAT.17.27	2
12:14	MAT.22.17	2
12:14	MRK.14.45	2
12:14	LUK.23.2	2
12:14	ROM.13.6	2
12:14	2CO.4.1	1
12:15	REV.2.23	4
12:15	EZK.17.2	3
12:15	MAT.22.18	3
12:15	MRK.10.2	3
12:15	LUK.20.23	3
12:15	JHN.2.24-JHN.2.25	3
12:15	JHN.21.17	3
12:15	ACT.5.9	3
12:15	1CO.10.9	3
12:15	HEB.4.13	3
12:16	MAT.22.19-MAT.22.22	2
12:16	LUK.20.24-LUK.20.26	2
12:16	2TI.2.19	2
12:16	REV.3.12	2
12:17	ROM.13.7	12
12:17	1CO.14.24-1CO.14.25	4
12:17	2CO.5.14-2CO.5.15	4
12:17	1PE.2.17	4
12:17	JOB.5.12-JOB.5.13	3
12:17	PRO.24.21	3
12:17	MAT.22.22	3
12:17	MAT.22.46	3
12:17	ACT.4.19-ACT.4.20	3
12:17	ECC.5.4-ECC.5.5	2
12:17	MAL.1.6	2
12:17	MAT.17.25-MAT.17.27	2
12:17	ROM.6.13	2
12:17	ROM.12.1	2
12:17	PRO.23.26	1
12:17	MAT.22.33	1
12:17	MRK.12.30	1
12:17	1CO.6.19-1CO.6.20	1
12:18	MAT.22.23-MAT.22.33	5
12:18	ACT.4.1-ACT.4.2	5
12:18	LUK.20.27-LUK.20.40	2
12:18	ACT.23.6-ACT.23.9	2
12:18	1CO.15.13-1CO.15.18	2
12:18	2TI.2.18	2
12:19	DEU.25.5-DEU.25.10	8
12:19	GEN.38.8	2
12:19	RUT.1.11-RUT.1.13	2
12:19	RUT.4.5	2
12:20	MAT.22.25-MAT.22.28	2
12:20	LUK.20.29-LUK.20.33	2
12:24	2TI.3.15-2TI.3.17	12
12:24	MAT.22.29	11
12:24	JHN.20.9	11
12:24	EPH.1.19	10
12:24	ISA.25.8	8
12:24	JER.32.17	7
12:24	HOS.6.2	7
12:24	MRK.10.27	7
12:24	ACT.17.11	7
12:24	ROM.15.4	7
12:24	PHP.3.21	7
12:24	ISA.26.19	6
12:24	HOS.6.6	6
12:24	HOS.13.14	6
12:24	LUK.1.37	6
12:24	JHN.5.39	6
12:24	JOB.19.25-JOB.19.27	4
12:24	ISA.8.20	4
12:24	JER.8.7-JER.8.9	4
12:24	EZK.37.1-EZK.37.14	4
12:24	DAN.12.2	4
12:24	GEN.18.14	3
12:24	HOS.8.12	2
12:25	LUK.20.35-LUK.20.36	14
12:25	MAT.22.30	9
12:25	1JN.3.2	7
12:25	1CO.15.42-1CO.15.54	2
12:25	HEB.12.22-HEB.12.23	2
12:26	EXO.3.2-EXO.3.6	8
12:26	GEN.17.7-GEN.17.8	5
12:26	LUK.20.37	5
12:26	GEN.33.20	4
12:26	GEN.26.24	3
12:26	GEN.31.42	3
12:26	GEN.32.9	3
12:26	EXO.3.16	3
12:26	ISA.41.8-ISA.41.10	3
12:26	ACT.7.30-ACT.7.32	3
12:26	GEN.28.13	2
12:26	MAT.22.31-MAT.22.32	2
12:26	MRK.12.10	2
12:27	ROM.14.9	8
12:27	MRK.12.24	5
12:27	ROM.4.17	4
12:27	HEB.3.10	2
12:27	HEB.11.13-HEB.11.16	2
12:27	PRO.19.27	0
12:28	MAT.22.34-MAT.22.40	13
12:28	LUK.10.25-LUK.10.28	9
12:28	LUK.20.39	2
12:28	MAT.5.19	1
12:28	MAT.19.18	1
12:28	MAT.23.23	0
12:28	LUK.11.42	0
12:29	DEU.6.4	29
12:29	LUK.10.27	29
12:29	GAL.3.20	17
12:29	ROM.3.30	14
12:29	1CO.8.4	10
12:29	JAS.2.19	10
12:29	JUD.1.25	10
12:29	MRK.12.32-MRK.12.33	7
12:29	DEU.30.6	6
12:29	MAT.10.37	5
12:29	1TI.2.5	5
12:29	DEU.10.12	4
12:29	1TI.1.5	4
12:29	PRO.23.26	3
12:29	MAT.23.9	3
12:30	DEU.6.5	73
12:31	ROM.13.8-ROM.13.9	57
12:31	MAT.22.39	53
12:31	LEV.19.18	43
12:31	LUK.10.27	41
12:31	1CO.13.4-1CO.13.8	36
12:31	MAT.7.12	24
12:31	GAL.5.14	21
12:31	1JN.4.21	19
12:31	1JN.4.7-1JN.4.8	15
12:31	MAT.19.18-MAT.19.19	14
12:31	JAS.2.8-JAS.2.13	14
12:31	LUK.10.36-LUK.10.37	10
12:31	LEV.19.13	9
12:31	1JN.3.17-1JN.3.19	9
12:32	DEU.4.39	8
12:32	DEU.4.35	6
12:32	ISA.46.9	6
12:32	DEU.6.4	5
12:32	ISA.45.5-ISA.45.6	5
12:32	ISA.45.14	5
12:32	ISA.45.18	5
12:32	DEU.5.7	4
12:32	ISA.44.8	4
12:32	JER.10.10-JER.10.12	4
12:32	MRK.12.29	4
12:32	ISA.45.21-ISA.45.22	3
12:33	HOS.6.6	15
12:33	MIC.6.6-MIC.6.8	15
12:33	1SA.15.22	10
12:33	MAT.9.13	10
12:33	MAT.12.7	9
12:33	1CO.13.1-1CO.13.3	8
12:33	JER.7.21-JER.7.23	6
12:33	AMO.5.21-AMO.5.24	6
12:33	PSA.50.8-PSA.50.15	5
12:33	ISA.1.11-ISA.1.17	5
12:33	PSA.50.23	4
12:33	PRO.21.3	4
12:33	ISA.58.5-ISA.58.7	3
12:33	HEB.10.8	3
12:34	COL.4.6	7
12:34	LUK.20.40	6
12:34	MAT.22.46	3
12:34	JOB.32.15-JOB.32.16	2
12:34	MAT.12.20	2
12:34	ROM.3.19-ROM.3.20	2
12:34	ROM.7.9	2
12:34	GAL.2.19	2
12:34	TIT.1.9-TIT.1.11	2
12:35	LUK.20.41-LUK.20.44	5
12:35	MAT.22.41-MAT.22.45	3
12:35	MAT.26.55	2
12:35	MAT.9.27	1
12:35	MRK.11.27	1
12:35	LUK.19.47	1
12:35	LUK.20.1	1
12:35	LUK.21.37	1
12:35	JHN.7.42	1
12:35	JHN.18.20	1
12:36	PSA.110.1	27
12:36	MAT.22.43-MAT.22.45	11
12:36	HEB.1.13	11
12:36	1CO.15.25	10
12:36	HEB.10.12-HEB.10.13	10
12:36	ACT.2.34-ACT.2.36	8
12:36	ACT.1.16	5
12:36	2SA.23.2	4
12:36	NEH.9.30	4
12:36	ACT.28.25	2
12:36	2TI.3.16	2
12:36	HEB.3.7-HEB.3.8	2
12:36	HEB.4.7	2
12:36	1PE.1.11	2
12:36	2PE.1.21	2
12:37	ROM.1.3-ROM.1.4	4
12:37	MAT.1.23	2
12:37	MAT.11.5	2
12:37	MAT.11.25	2
12:37	MAT.21.46	2
12:37	LUK.19.48	2
12:37	LUK.21.38	2
12:37	JHN.7.46-JHN.7.49	2
12:37	JHN.12.9	2
12:37	ROM.9.5	2
12:37	1TI.3.16	2
12:37	JAS.2.5	2
12:37	REV.22.16	2
12:38	MAT.23.1-MAT.23.7	8
12:38	LUK.20.45-LUK.20.47	8
12:38	LUK.11.43	7
12:38	MAT.6.5	6
12:38	MAT.10.17	1
12:38	MRK.4.2	1
12:38	LUK.14.7-LUK.14.11	1
12:38	3JN.1.9	0
12:39	JAS.2.2-JAS.2.3	3
12:40	LUK.20.47	5
12:40	MAT.23.13	4
12:40	MAT.23.33	4
12:40	EZK.22.25	2
12:40	MAT.6.7	2
12:40	MIC.3.1-MIC.3.4	1
12:40	LUK.12.47-LUK.12.48	1
12:40	2TI.3.6	1
12:40	MIC.2.2	0
12:40	MAT.11.22-MAT.11.24	0
12:41	LUK.21.1-LUK.21.4	14
12:41	2KI.12.9	8
12:41	JHN.8.20	5
12:41	MAT.27.6	3
12:43	2CO.8.2	3
12:43	2CO.9.6-2CO.9.8	3
12:43	ACT.11.29	2
12:43	EXO.35.21-EXO.35.29	1
12:43	MAT.10.42	1
12:43	2CO.8.12	1
12:44	2CO.8.2-2CO.8.3	9
12:44	1JN.3.17	9
12:44	EZR.2.68-EZR.2.69	7
12:44	MRK.14.8	7
12:44	LUK.21.2-LUK.21.4	7
12:44	LUK.8.43	5
12:44	LUK.15.30	5
12:44	DEU.24.6	4
12:44	2CH.24.10-2CH.24.14	4
12:44	1CH.29.2-1CH.29.17	3
12:44	2CH.31.5-2CH.31.10	3
12:44	2CH.35.7-2CH.35.8	3
12:44	NEH.7.70-NEH.7.72	3
12:44	LUK.15.12	3
12:44	PHP.4.10-PHP.4.17	3
13:1	MAT.24.1-MAT.24.51	9
13:1	EZK.11.22-EZK.11.23	3
13:1	EZK.7.20-EZK.7.22	2
13:1	EZK.8.6	2
13:1	EZK.10.4	2
13:1	EZK.10.19	2
13:1	MAL.3.1-MAL.3.2	2
13:1	LUK.21.5-LUK.21.36	1
13:2	LUK.21.6	6
13:2	MAT.24.2	5
13:2	1KI.9.7-1KI.9.8	3
13:2	JER.26.18	3
13:2	MIC.3.12	3
13:2	2CH.7.20-2CH.7.21	2
13:2	LUK.19.41-LUK.19.44	2
13:2	ACT.6.14	1
13:2	REV.11.2	1
13:3	MAT.21.1	3
13:3	MRK.4.34	3
13:3	MAT.13.10	2
13:3	MAT.13.36	2
13:3	MAT.17.1	2
13:3	MAT.24.3	2
13:3	MRK.1.16-MRK.1.19	2
13:3	MRK.5.37	2
13:3	MRK.9.2	2
13:3	MRK.10.35	2
13:3	MRK.14.33	2
13:3	JHN.1.40-JHN.1.41	2
13:4	ACT.1.6-ACT.1.7	7
13:4	MAT.24.3	4
13:4	DAN.12.6	3
13:4	JHN.21.21-JHN.21.22	3
13:4	DAN.12.8	2
13:4	LUK.21.7	2
13:5	EPH.5.6	6
13:5	COL.2.8	6
13:5	JER.29.8	4
13:5	MAT.24.4-MAT.24.5	2
13:5	LUK.21.8	2
13:5	1CO.15.33	2
13:5	2TH.2.3	2
13:5	1JN.4.1	2
13:5	REV.20.7-REV.20.8	2
13:6	MRK.13.22	8
13:6	JHN.5.43	3
13:6	1JN.4.1	3
13:6	JER.14.14	2
13:6	JER.23.21-JER.23.25	2
13:6	MAT.24.5	2
13:6	MAT.24.11	2
13:6	MAT.24.23-MAT.24.24	2
13:6	JHN.8.24	2
13:6	ACT.5.36-ACT.5.39	2
13:7	LUK.21.9-LUK.21.11	7
13:7	JHN.14.27	6
13:7	MAT.24.6-MAT.24.7	5
13:7	PSA.27.3	4
13:7	PSA.112.7	4
13:7	ACT.17.3	3
13:7	2SA.14.14	2
13:7	PSA.46.1-PSA.46.3	2
13:7	PRO.3.25	2
13:7	ISA.8.12	2
13:7	JER.4.19-JER.4.21	2
13:7	JER.51.46	2
13:7	MAT.18.7	2
13:7	JHN.14.1	2
13:8	PSA.48.6	4
13:8	MAT.24.8	4
13:8	ISA.37.3	3
13:8	HAG.2.22	3
13:8	1TH.5.3	3
13:8	ISA.19.2	2
13:8	JER.6.24	2
13:8	JER.13.21	2
13:8	JER.22.23	2
13:8	JER.25.32	2
13:8	JER.49.24	2
13:8	JER.50.43	2
13:8	MIC.4.9-MIC.4.10	2
13:8	ZEC.14.13	2
13:8	ACT.11.28	2
13:8	2CH.15.6	1
13:8	JER.4.31	1
13:8	REV.6.4	1
13:9	MAT.10.17-MAT.10.18	8
13:9	JHN.16.2	5
13:9	MRK.13.5	3
13:9	1CO.4.9-1CO.4.13	3
13:9	PHP.1.29	3
13:9	MAT.23.34-MAT.23.37	2
13:9	MAT.24.9-MAT.24.10	2
13:9	MRK.1.44	2
13:9	MRK.6.11	2
13:9	LUK.9.5	2
13:9	LUK.21.16-LUK.21.18	2
13:9	JHN.15.20	2
13:9	ACT.4.1-ACT.4.21	2
13:9	ACT.5.17-ACT.5.40	2
13:9	ACT.6.11-ACT.6.15	2
13:9	ACT.7.54-ACT.8.3	2
13:9	ACT.9.1-ACT.9.2	2
13:9	ACT.9.13-ACT.9.14	2
13:9	ACT.9.16	2
13:9	ACT.12.1-ACT.12.3	2
13:9	ACT.16.20-ACT.16.24	2
13:9	ACT.21.11	2
13:9	ACT.21.31-ACT.21.40	2
13:9	ACT.22.19-ACT.22.20	2
13:9	ACT.23.1-ACT.23.2	2
13:9	ACT.25.1-ACT.25.26	2
13:9	2CO.11.23-2CO.11.27	2
13:9	2TH.1.5	2
13:9	REV.1.9	2
13:9	REV.2.10	2
13:9	REV.2.13	2
13:9	REV.6.9-REV.6.11	2
13:9	ACT.24.1-ACT.24.9	1
13:10	MAT.24.14	11
13:10	COL.1.23	6
13:10	MRK.16.15	4
13:10	ROM.10.18	4
13:10	COL.1.6	4
13:10	REV.14.6	4
13:10	MAT.28.18-MAT.28.19	3
13:10	ROM.1.8	3
13:10	ROM.15.19	3
13:11	LUK.21.14-LUK.21.15	17
13:11	LUK.12.11-LUK.12.12	15
13:11	MAT.10.19-MAT.10.21	12
13:11	ACT.6.10	10
13:11	1CO.2.13	7
13:11	1PE.1.12	6
13:11	2SA.23.2	5
13:11	ISA.50.4	5
13:11	JER.1.6-JER.1.9	5
13:11	EXO.4.10-EXO.4.12	4
13:11	ACT.2.4	4
13:11	ACT.4.8-ACT.4.22	4
13:11	ACT.4.31	4
13:11	EPH.3.5	4
13:11	MRK.13.9	3
13:11	JHN.3.27	3
13:11	JAS.1.5	3
13:11	DAN.3.16-DAN.3.18	2
13:11	MAT.10.17	2
13:11	ACT.3.13	2
13:11	EPH.6.19-EPH.6.20	2
13:11	ACT.6.15	1
13:11	ACT.7.55	1
13:12	MAT.10.21	7
13:12	LUK.12.52-LUK.12.53	3
13:12	EZK.38.21	2
13:12	MIC.7.4-MIC.7.6	2
13:12	MAT.24.10	2
13:12	LUK.21.16	2
13:13	MAT.10.22	21
13:13	JHN.15.18-JHN.15.19	21
13:13	MAT.24.13	15
13:13	LUK.6.22	15
13:13	GAL.6.9	12
13:13	ROM.2.7	9
13:13	MAT.5.11-MAT.5.12	8
13:13	JHN.15.21	8
13:13	DAN.12.12	7
13:13	HEB.10.39	7
13:13	REV.2.10	7
13:13	MAT.24.9	6
13:13	LUK.21.17	6
13:13	JHN.17.14	6
13:13	HEB.3.14	6
13:13	JAS.1.12	3
13:13	REV.3.10	3
13:13	1JN.3.13	2
13:14	DAN.9.27	12
13:14	DAN.12.11	12
13:14	DAN.11.31	11
13:14	MAT.24.15-MAT.24.28	9
13:14	LUK.21.20-LUK.21.24	5
13:14	LAM.1.10	4
13:14	EZK.44.9	4
13:14	DAN.8.13	4
13:14	ACT.8.30-ACT.8.31	4
13:14	1CO.14.20	4
13:14	REV.1.3	4
13:14	REV.13.18	4
13:14	MAT.13.51	3
13:14	1CO.14.7-1CO.14.8	3
13:15	LUK.17.31-LUK.17.33	5
13:15	HEB.11.7	5
13:15	PHP.3.7-PHP.3.8	3
13:15	GEN.19.15-GEN.19.17	2
13:15	GEN.19.22	2
13:15	GEN.19.26	2
13:15	JOB.2.4	2
13:15	PRO.6.4-PRO.6.5	2
13:15	PRO.22.3	2
13:15	MAT.24.16-MAT.24.18	2
13:15	ACT.27.18-ACT.27.19	2
13:15	ACT.27.38	2
13:17	LAM.4.10	3
13:17	LUK.23.29	3
13:17	DEU.28.56-DEU.28.57	2
13:17	LAM.2.19-LAM.2.20	2
13:17	LAM.4.3-LAM.4.4	2
13:17	HOS.9.14	2
13:17	HOS.13.16	2
13:17	MAT.24.19-MAT.24.21	2
13:17	LUK.21.23	2
13:19	DAN.12.1	10
13:19	JOL.2.2	6
13:19	MAT.24.21	6
13:19	DAN.9.26	4
13:19	LAM.1.12	3
13:19	DAN.9.12	3
13:19	MRK.10.6	3
13:19	LUK.21.22-LUK.21.24	3
13:19	DEU.4.32	2
13:19	DEU.28.59	2
13:19	ISA.65.12-ISA.65.15	2
13:19	LAM.2.13	2
13:19	DEU.29.22-DEU.29.28	1
13:19	LAM.4.6	1
13:20	MAT.24.22	8
13:20	ISA.65.8-ISA.65.9	5
13:20	ZEC.13.8-ZEC.13.9	5
13:20	ROM.11.28-ROM.11.32	2
13:20	ISA.1.9	1
13:20	ISA.6.13	1
13:20	ROM.11.5-ROM.11.7	1
13:20	ROM.11.23-ROM.11.24	1
13:21	MAT.24.23-MAT.24.25	5
13:21	LUK.21.8	5
13:21	MAT.24.5	4
13:21	DEU.13.1-DEU.13.3	2
13:21	LUK.17.23-LUK.17.24	2
13:21	JHN.5.43	1
13:22	MAT.24.24	9
13:22	2TH.2.8-2TH.2.14	8
13:22	MRK.13.6	7
13:22	MAT.7.15	6
13:22	1JN.2.26	6
13:22	JHN.10.27-JHN.10.28	5
13:22	JHN.4.48	4
13:22	1JN.2.19	4
13:22	REV.13.13-REV.13.14	4
13:22	REV.17.8	4
13:22	2TI.2.19	3
13:22	REV.13.8	3
13:23	2PE.3.17	5
13:23	ISA.44.7-ISA.44.8	3
13:23	MRK.13.5	3
13:23	LUK.21.8	3
13:23	JHN.14.29	3
13:23	MAT.7.15	2
13:23	MRK.13.9	2
13:23	MRK.13.33	2
13:23	LUK.21.34	2
13:23	JHN.16.1-JHN.16.4	2
13:24	ISA.13.10	8
13:24	ACT.2.19-ACT.2.20	5
13:24	MAT.24.29-MAT.24.31	4
13:24	REV.6.12-REV.6.14	4
13:24	JOL.2.30-JOL.2.31	3
13:24	JOL.3.15	3
13:24	AMO.5.20	3
13:24	2PE.3.10	3
13:24	JER.4.23-JER.4.25	2
13:24	EZK.32.7	2
13:24	DAN.7.10	2
13:24	DAN.12.1	2
13:24	JOL.2.10	2
13:24	ZEP.1.14-ZEP.1.18	2
13:24	LUK.21.25-LUK.21.27	2
13:24	REV.20.11	2
13:24	ISA.24.20-ISA.24.23	1
13:24	JER.4.28	1
13:24	2PE.3.12	1
13:25	ISA.34.4	5
13:25	REV.6.13	3
13:26	REV.1.7	10
13:26	MAT.16.27	8
13:26	MAT.24.30	8
13:26	MRK.14.62	8
13:26	MAT.25.31	7
13:26	DAN.7.9-DAN.7.14	6
13:26	MRK.8.38	6
13:26	ACT.1.11	5
13:26	1TH.4.16	5
13:26	2TH.1.7-2TH.1.10	5
13:26	MAT.16.17	1
13:27	ZEC.2.6	7
13:27	MAT.24.31	6
13:27	DEU.30.4	5
13:27	2TH.2.1	4
13:27	REV.7.1-REV.7.3	4
13:27	MAT.13.41	3
13:27	MRK.13.20	3
13:27	LUK.16.22	3
13:27	GEN.49.10	2
13:27	ISA.65.9	2
13:27	MAT.12.42	2
13:27	MAT.13.49	2
13:27	MAT.24.22	2
13:27	MAT.24.24	2
13:27	MAT.25.31-MAT.25.32	2
13:27	MRK.13.22	2
13:27	LUK.18.7	2
13:27	JHN.10.16	2
13:27	JHN.11.52	2
13:27	ROM.8.33	2
13:27	COL.3.12	2
13:27	1TH.4.14-1TH.4.17	2
13:27	2TI.2.10	2
13:27	1PE.1.2	2
13:27	REV.7.5-REV.7.9	2
13:27	REV.15.6-REV.15.7	2
13:28	LUK.21.29-LUK.21.31	9
13:28	MAT.24.32-MAT.24.33	6
13:29	JAS.5.9	5
13:29	1PE.4.17-1PE.4.18	5
13:29	EZK.12.25-EZK.12.28	2
13:29	HEB.10.25-HEB.10.37	2
13:29	EZK.7.10-EZK.7.12	1
13:30	MAT.24.34	18
13:30	LUK.21.32	16
13:30	MAT.16.28	3
13:30	MAT.23.36	3
13:30	MRK.9.1	3
13:31	ISA.40.8	45
13:31	ISA.51.6	29
13:31	MAT.24.35	20
13:31	LUK.21.33	18
13:31	MAT.5.18	11
13:31	PSA.102.25-PSA.102.27	9
13:31	HEB.1.10-HEB.1.12	5
13:31	NUM.23.19	4
13:31	PSA.19.7	4
13:31	2TI.2.13	3
13:31	JOS.23.14-JOS.23.15	2
13:31	ZEC.1.6	1
13:31	TIT.1.2	1
13:31	2PE.3.10-2PE.3.12	0
13:31	REV.20.11	0
13:32	MAT.24.36-MAT.24.42	24
13:32	ACT.1.7	21
13:32	MAT.25.13	18
13:32	REV.3.3	16
13:32	1TH.5.1-1TH.5.2	15
13:32	MRK.13.26-MRK.13.27	12
13:32	MAT.25.6	11
13:32	MAT.25.19	8
13:32	2PE.3.10	8
13:32	REV.1.1	8
13:33	LUK.12.40	15
13:33	ROM.13.11-ROM.13.12	15
13:33	EPH.6.18	14
13:33	REV.16.15	10
13:33	MAT.25.13	8
13:33	LUK.21.34-LUK.21.36	8
13:33	1PE.4.7	8
13:33	1PE.5.8	8
13:33	MAT.24.42-MAT.24.44	7
13:33	REV.3.2	7
13:33	MAT.26.40-MAT.26.41	6
13:33	MRK.13.23	6
13:33	MRK.13.35-MRK.13.37	6
13:33	MRK.14.37-MRK.14.38	6
13:33	1CO.16.13	6
13:33	1TH.5.5-1TH.5.8	6
13:33	HEB.12.15	5
13:33	ROM.13.14	4
13:34	MAT.25.14-MAT.25.30	6
13:34	JHN.10.3	6
13:34	LUK.12.36-LUK.12.40	5
13:34	MAT.24.45-MAT.24.47	4
13:34	EZK.3.17-EZK.3.21	3
13:34	EZK.33.2-EZK.33.9	3
13:34	1CO.15.58	3
13:34	MAT.16.19	2
13:34	LUK.19.12-LUK.19.17	2
13:34	ACT.20.29-ACT.20.31	2
13:34	COL.3.24	2
13:34	ROM.12.4-ROM.12.8	1
13:34	ROM.13.6	1
13:34	1CO.3.5-1CO.3.10	1
13:34	1CO.12.4-1CO.12.31	1
13:34	COL.4.1	1
13:34	REV.3.7	1
13:35	MAT.24.42	10
13:35	MRK.13.33	10
13:35	MAT.24.44	8
13:35	MRK.14.30	4
13:35	MRK.6.48	2
13:36	1TH.5.6-1TH.5.7	8
13:36	MAT.24.48-MAT.24.51	6
13:36	LUK.21.34	6
13:36	ROM.13.11-ROM.13.14	6
13:36	MAT.25.5	5
13:36	MRK.14.40	5
13:36	PRO.24.33-PRO.24.34	4
13:36	PRO.6.9-PRO.6.11	3
13:36	SNG.5.2	3
13:36	ISA.56.10	3
13:36	MRK.14.37	3
13:36	LUK.22.45	3
13:36	SNG.3.1	2
13:36	EPH.5.14	2
13:37	LUK.12.41-LUK.12.46	9
13:37	MRK.13.33	8
13:37	MRK.13.35	7
14:1	EXO.12.6-EXO.12.20	9
14:1	LUK.22.1-LUK.22.2	9
14:1	JHN.13.1	8
14:1	DEU.16.1-DEU.16.8	5
14:1	LEV.23.5-LEV.23.7	4
14:1	ACT.4.25-ACT.4.28	4
14:1	NUM.28.16-NUM.28.25	3
14:1	PSA.62.4	3
14:1	PSA.64.2-PSA.64.6	3
14:1	MAT.12.14	3
14:1	MAT.26.2-MAT.26.5	3
14:1	JHN.11.47	3
14:1	JHN.11.53-JHN.11.57	3
14:1	PSA.2.1-PSA.2.5	2
14:1	PSA.52.3	1
14:1	PSA.62.9	1
14:1	MAT.6.2	1
14:2	PRO.19.21	3
14:2	PRO.21.30	3
14:2	LAM.3.27	3
14:2	MAT.26.5	3
14:2	MRK.11.18	3
14:2	MRK.11.32	3
14:2	LUK.20.6	3
14:2	JHN.7.40	3
14:2	JHN.12.19	3
14:3	LUK.7.37-LUK.7.39	15
14:3	JHN.12.1-JHN.12.8	12
14:3	JHN.11.2	9
14:3	MAT.26.6-MAT.26.13	8
14:3	SNG.4.13-SNG.4.14	1
14:3	SNG.5.5	0
14:4	JHN.12.4-JHN.12.5	5
14:4	MAT.26.8-MAT.26.9	3
14:4	ECC.4.4	2
14:4	ECC.5.4-ECC.5.8	2
14:4	MAL.1.12-MAL.1.13	2
14:5	MAT.20.11	3
14:5	JHN.13.29	3
14:5	EXO.16.7-EXO.16.8	2
14:5	DEU.1.27	2
14:5	PSA.106.25	2
14:5	MAT.18.28	2
14:5	LUK.15.2	2
14:5	JHN.6.7	2
14:5	JHN.6.43	2
14:5	JHN.12.5-JHN.12.6	2
14:5	1CO.10.10	2
14:5	EPH.4.28	2
14:5	PHP.2.14	2
14:5	JUD.1.16	2
14:6	TIT.3.14	6
14:6	MAT.26.10	4
14:6	HEB.10.24	4
14:6	HEB.13.21	4
14:6	ACT.9.36	3
14:6	EPH.2.10	3
14:6	2TI.2.21	3
14:6	TIT.2.7	3
14:6	TIT.2.14	3
14:6	JOB.42.7-JOB.42.8	2
14:6	ISA.54.17	2
14:6	JHN.10.32-JHN.10.33	2
14:6	2CO.9.8	2
14:6	2CO.10.18	2
14:6	COL.1.10	2
14:6	2TH.2.17	2
14:6	1TI.5.10	2
14:6	1TI.6.18	2
14:6	2TI.3.17	2
14:6	TIT.3.8	2
14:6	1PE.2.12	1
14:7	DEU.15.11	11
14:7	MAT.26.11	5
14:7	JAS.2.14-JAS.2.16	3
14:7	1JN.3.16-1JN.3.19	3
14:7	MAT.25.35-MAT.25.45	2
14:7	JHN.12.7-JHN.12.8	2
14:7	JHN.13.33	2
14:7	JHN.16.5	2
14:7	JHN.16.28	2
14:7	JHN.17.11	2
14:7	ACT.3.21	2
14:7	PHM.1.7	2
14:7	2CO.9.13-2CO.9.14	1
14:8	2CO.8.12	8
14:8	JHN.12.7	5
14:8	2CH.31.20-2CH.31.21	4
14:8	MRK.15.42-MRK.16.1	4
14:8	LUK.23.53-LUK.24.3	4
14:8	2CO.8.1-2CO.8.3	4
14:8	1CH.29.1-1CH.29.17	3
14:8	2CH.34.19-2CH.34.33	3
14:8	1CH.28.2-1CH.28.3	2
14:8	PSA.110.3	1
14:8	JHN.19.32-JHN.19.42	1
14:9	MAT.26.12-MAT.26.13	6
14:9	MRK.16.15	6
14:9	MAT.24.14	5
14:9	PSA.112.6-PSA.112.9	3
14:9	NUM.31.54	1
14:9	ZEC.6.14	1
14:10	LUK.22.3-LUK.22.6	6
14:10	MAT.26.14-MAT.26.16	5
14:10	JHN.13.2	5
14:10	PSA.41.9	4
14:10	PSA.55.12-PSA.55.14	3
14:10	MAT.10.4	3
14:10	JHN.6.70-JHN.6.71	3
14:10	JHN.13.30	3
14:10	MRK.3.19	2
14:11	1TI.6.10	3
14:11	1KI.21.20	2
14:11	2KI.5.26	2
14:11	PRO.1.10-PRO.1.16	2
14:11	PRO.28.21-PRO.28.22	2
14:11	HOS.7.3	2
14:11	MAT.26.15	2
14:11	LUK.22.5-LUK.22.6	2
14:11	2PE.2.14-2PE.2.15	2
14:11	JUD.1.11	2
14:12	EXO.12.6	4
14:12	EXO.12.8	3
14:12	EXO.12.18	3
14:12	LEV.23.5-LEV.23.6	3
14:12	NUM.28.16-NUM.28.18	3
14:12	MAT.26.17-MAT.26.19	3
14:12	1CO.5.7-1CO.5.8	3
14:12	EXO.13.3	2
14:12	DEU.16.1-DEU.16.4	2
14:12	LUK.22.7-LUK.22.13	2
14:12	GAL.4.4	2
14:12	MAT.3.15	1
14:13	MAT.26.18-MAT.26.19	3
14:13	LUK.22.10-LUK.22.13	3
14:13	MAT.8.9	1
14:13	MRK.11.2-MRK.11.3	1
14:13	LUK.19.30-LUK.19.33	1
14:13	JHN.15.14	1
14:13	HEB.4.13	1
14:13	HEB.5.9	1
14:13	JHN.2.5	0
14:14	REV.3.20	3
14:14	MRK.10.17	2
14:14	MRK.11.3	2
14:14	JHN.11.28	2
14:14	JHN.13.13	2
14:15	ACT.1.13	3
14:15	2CH.6.30	2
14:15	PSA.110.3	2
14:15	PRO.16.1	2
14:15	PRO.21.1-PRO.21.2	2
14:15	JHN.2.24-JHN.2.25	2
14:15	JHN.21.17	2
14:15	ACT.20.8	2
14:15	2TI.2.19	1
14:15	HEB.4.13	1
14:16	LUK.22.13	2
14:16	JHN.16.4	2
14:16	LUK.22.35	1
14:17	LUK.22.14	5
14:17	MAT.26.20-MAT.26.24	3
14:17	LUK.22.21-LUK.22.23	3
14:17	JHN.13.21-JHN.13.26	3
14:18	PSA.41.9	9
14:18	JHN.6.47	3
14:18	JHN.6.70	3
14:18	MAT.5.18	2
14:18	MAT.6.2	2
14:18	MAT.6.5	2
14:18	MAT.26.21	2
14:18	MRK.3.28	2
14:18	MRK.6.11	2
14:18	MRK.8.12	2
14:18	MRK.9.1	2
14:18	MRK.9.41	2
14:18	MRK.10.15	2
14:18	MRK.10.29	2
14:18	MRK.14.9	2
14:18	MRK.14.25	2
14:18	LUK.4.24	2
14:18	LUK.11.51	2
14:18	JHN.1.51	2
14:18	JHN.3.3	2
14:18	JHN.3.5	2
14:18	JHN.3.11	2
14:18	JHN.5.19	2
14:18	JHN.5.24-JHN.5.25	2
14:18	JHN.6.26	2
14:18	JHN.13.21	2
14:18	JHN.13.38	2
14:18	PSA.55.13-PSA.55.14	1
14:18	MAT.6.16	1
14:18	JHN.6.32	1
14:18	JHN.21.18	1
14:19	MAT.26.22	2
14:19	LUK.22.21-LUK.22.23	2
14:19	JHN.13.22	2
14:20	JHN.13.26	4
14:20	MAT.26.23	2
14:20	MAT.26.47	2
14:20	MRK.14.43	2
14:20	LUK.22.47	2
14:20	JHN.6.71	2
14:21	MAT.26.24-MAT.26.25	6
14:21	ISA.53.1-ISA.53.12	5
14:21	DAN.9.24	3
14:21	ZEC.13.7	3
14:21	MAT.18.6-MAT.18.7	3
14:21	GEN.3.15	2
14:21	PSA.22.1-PSA.22.31	2
14:21	PSA.55.15	2
14:21	PSA.69.1-PSA.69.36	2
14:21	PSA.109.6-PSA.109.20	2
14:21	ISA.52.14	2
14:21	DAN.9.26	2
14:21	MAT.26.54	2
14:21	MAT.26.56	2
14:21	MAT.27.3-MAT.27.5	2
14:21	JHN.19.28	2
14:21	JHN.19.36-JHN.19.37	2
14:21	ACT.1.25	2
14:21	ACT.2.23	2
14:21	ACT.4.27	2
14:21	ACT.13.27-ACT.13.29	2
14:21	MRK.14.49	1
14:21	LUK.22.22	1
14:21	LUK.24.26-LUK.24.27	1
14:21	LUK.24.44	1
14:21	ACT.1.16-ACT.1.20	1
14:22	MAT.26.26-MAT.26.29	15
14:22	MRK.14.24	12
14:22	1CO.10.16-1CO.10.17	6
14:22	1CO.11.23-1CO.11.29	5
14:22	LUK.22.18-LUK.22.20	4
14:22	LUK.24.30	4
14:22	JHN.6.48-JHN.6.58	3
14:22	GEN.41.26	2
14:22	ZEC.5.7	2
14:22	MAT.14.19	2
14:22	MRK.6.41	2
14:22	JHN.6.23	2
14:22	1CO.10.4	1
14:22	GAL.4.25	1
14:23	MAT.26.27	7
14:23	MRK.14.22	7
14:23	1CO.10.16	3
14:23	LUK.22.17	2
14:23	ROM.14.6	2
14:24	EXO.24.8	12
14:24	ZEC.9.11	12
14:24	HEB.9.15-HEB.9.23	8
14:24	REV.7.9-REV.7.17	8
14:24	MRK.10.45	4
14:24	JHN.6.53	4
14:24	1CO.10.16	4
14:24	1CO.11.25	4
14:24	HEB.13.20-HEB.13.21	4
14:24	REV.5.8-REV.5.10	4
14:25	MAT.26.29	8
14:25	PSA.104.15	3
14:25	JOL.3.18	2
14:25	AMO.9.13-AMO.9.14	2
14:25	ZEC.9.17	2
14:25	LUK.22.16-LUK.22.18	2
14:25	LUK.22.29-LUK.22.30	2
14:26	MAT.26.30	5
14:26	LUK.22.39	4
14:26	1CO.14.15	1
14:26	JDG.18.1-JDG.18.4	0
14:26	PSA.47.6-PSA.47.7	0
14:26	MAT.21.1	0
14:26	ACT.16.25	0
14:26	EPH.5.18-EPH.5.20	0
14:26	COL.3.16	0
14:26	JAS.5.13	0
14:26	REV.5.9	0
14:27	ZEC.13.7	33
14:27	JHN.16.32	12
14:27	MAT.26.31	10
14:27	JHN.16.1	4
14:27	2TI.4.16	2
14:27	LUK.22.31-LUK.22.32	1
14:28	MAT.28.16	10
14:28	MRK.16.7	9
14:28	MAT.28.7	8
14:28	MAT.28.10	7
14:28	MAT.26.32	6
14:28	MAT.16.21	4
14:28	JHN.21.1	4
14:28	1CO.15.4-1CO.15.6	4
14:29	MAT.26.33-MAT.26.35	3
14:29	LUK.22.33-LUK.22.34	3
14:29	JHN.13.36-JHN.13.38	3
14:29	JHN.21.15	2
14:30	MRK.14.66-MRK.14.72	3
14:30	JHN.13.38	3
14:30	GEN.1.5	2
14:30	GEN.1.8	2
14:30	MAT.26.69-MAT.26.75	2
14:30	LUK.22.34	2
14:30	LUK.22.54-LUK.22.62	2
14:30	JHN.18.17	2
14:30	JHN.18.25-JHN.18.27	2
14:30	1CO.10.12	2
14:30	GEN.1.13	1
14:30	GEN.1.19	1
14:30	GEN.1.23	1
14:31	EXO.19.8	4
14:31	JER.17.9	4
14:31	JHN.13.37	4
14:31	DEU.5.27-DEU.5.29	3
14:31	2KI.8.13	3
14:31	JOB.40.4-JOB.40.5	3
14:31	PRO.16.18	3
14:31	PRO.18.24	3
14:31	PRO.29.23	3
14:31	JER.10.23	3
14:31	PSA.30.6	2
14:32	PSA.18.5-PSA.18.6	5
14:32	MRK.14.36	5
14:32	MRK.14.39	5
14:32	PSA.22.1-PSA.22.2	3
14:32	PSA.88.1-PSA.88.3	3
14:32	PSA.109.4	3
14:32	MAT.26.36-MAT.26.46	3
14:32	LUK.22.39-LUK.22.46	3
14:32	JHN.18.1-JHN.18.11	3
14:33	LUK.22.44	5
14:33	HEB.5.7	4
14:33	MRK.1.16-MRK.1.19	3
14:33	MRK.5.37	3
14:33	PSA.38.11	2
14:33	PSA.69.1-PSA.69.3	2
14:33	PSA.88.14-PSA.88.16	2
14:33	ISA.53.10	1
14:33	MAT.26.37-MAT.26.38	1
14:33	MRK.9.2	1
14:34	JHN.12.27	8
14:34	MRK.13.35-MRK.13.37	5
14:34	1PE.5.8	3
14:34	ISA.53.3-ISA.53.4	2
14:34	ISA.53.12	2
14:34	LAM.1.12	2
14:34	MRK.14.37-MRK.14.38	2
14:34	EPH.6.18-EPH.6.19	2
14:34	1PE.4.7	2
14:35	MRK.14.41	4
14:35	GEN.17.3	3
14:35	DEU.9.18	3
14:35	MAT.26.39	3
14:35	ACT.10.25-ACT.10.26	3
14:35	HEB.5.7	3
14:35	2CH.7.3	2
14:35	REV.4.10	2
14:35	1CH.21.15-1CH.21.16	1
14:35	LUK.17.15-LUK.17.16	1
14:35	REV.5.14	1
14:36	GAL.4.6	16
14:36	JHN.5.30	11
14:36	ROM.8.15-ROM.8.16	11
14:36	HEB.5.7-HEB.5.8	8
14:36	JHN.12.27	7
14:36	JER.32.27	6
14:36	MRK.10.27	6
14:36	JHN.6.38-JHN.6.39	6
14:36	JHN.18.11	6
14:36	PHP.2.8	6
14:36	PSA.40.8	5
14:36	MAT.6.9	5
14:36	MAT.26.39	5
14:36	JHN.4.34	5
14:36	2TI.2.13	5
14:36	TIT.1.2	5
14:36	GEN.18.14	4
14:36	LUK.22.41-LUK.22.42	3
14:36	HEB.6.18	3
14:37	MAT.26.40	8
14:37	2SA.16.17	3
14:37	MAT.25.5	3
14:37	MRK.14.29-MRK.14.31	3
14:37	MRK.14.40-MRK.14.41	3
14:37	LUK.9.31-LUK.9.32	3
14:37	LUK.22.45-LUK.22.46	3
14:37	HEB.12.3	3
14:37	JER.12.5	2
14:37	1TH.5.6-1TH.5.8	2
14:37	JON.1.6	1
14:38	MAT.26.41	23
14:38	MAT.24.42	15
14:38	LUK.21.36	15
14:38	LUK.22.40	12
14:38	ROM.7.18-ROM.7.25	12
14:38	REV.3.2-REV.3.3	11
14:38	LUK.22.46	10
14:38	GAL.5.17	9
14:38	MAT.6.13	8
14:38	MRK.14.34	8
14:38	1CO.16.13	8
14:38	1PE.5.8	8
14:38	MAT.25.13	6
14:38	REV.3.10	4
14:38	PHP.2.12	3
14:39	MAT.26.42-MAT.26.44	9
14:39	MAT.6.7	3
14:39	2CO.12.8	3
14:39	LUK.18.1	2
14:40	GEN.44.16	2
14:40	MRK.9.33-MRK.9.34	2
14:40	ROM.3.19	2
14:41	MRK.9.31	5
14:41	MRK.14.35	5
14:41	JHN.17.1	4
14:41	JDG.10.14	3
14:41	1KI.18.27	3
14:41	1KI.22.15	3
14:41	2KI.3.13	3
14:41	ECC.11.9	3
14:41	EZK.20.39	3
14:41	MAT.26.2	3
14:41	MAT.26.45-MAT.26.46	3
14:41	MRK.7.9	3
14:41	MRK.10.33-MRK.10.34	3
14:41	MRK.14.10	3
14:41	MRK.14.18	3
14:41	JHN.7.30	3
14:41	JHN.8.20	3
14:41	JHN.12.23	3
14:41	JHN.12.27	3
14:41	JHN.13.1-JHN.13.2	3
14:41	ACT.7.52	3
14:42	MAT.26.46	3
14:42	JHN.18.1-JHN.18.2	2
14:43	LUK.22.47-LUK.22.53	5
14:43	JHN.18.3-JHN.18.11	5
14:43	MAT.26.47-MAT.26.56	4
14:43	PSA.2.1-PSA.2.2	3
14:43	PSA.22.11-PSA.22.13	3
14:43	ACT.1.16	3
14:43	PSA.3.1-PSA.3.2	2
14:44	MAT.26.48-MAT.26.50	5
14:44	PRO.27.6	2
14:44	EXO.12.13	1
14:44	PSA.55.20-PSA.55.21	1
14:44	JOS.2.12	0
14:44	1SA.23.22-1SA.23.23	0
14:44	2SA.20.9-2SA.20.10	0
14:44	PHP.1.28	0
14:44	2TH.3.17	0
14:45	ISA.1.3	2
14:45	MAL.1.6	2
14:45	MAT.23.7-MAT.23.10	2
14:45	MRK.12.14	2
14:45	LUK.6.46	2
14:45	JHN.13.13-JHN.13.14	2
14:45	JHN.20.16	2
14:46	JDG.16.21	2
14:46	LAM.4.20	2
14:46	JHN.18.12	2
14:46	ACT.2.23	2
14:47	MAT.26.51-MAT.26.54	3
14:47	LUK.22.49-LUK.22.51	3
14:47	JHN.18.10-JHN.18.11	3
14:48	1SA.26.18	3
14:48	LUK.22.52-LUK.22.53	3
14:48	1SA.24.14-1SA.24.15	2
14:48	MAT.26.55	1
14:49	JHN.18.20	7
14:49	JHN.8.2	5
14:49	DAN.9.24-DAN.9.26	3
14:49	MAT.1.22	3
14:49	MAT.26.54	3
14:49	MAT.26.56	3
14:49	MRK.12.35	3
14:49	LUK.22.37	3
14:49	PSA.22.1-PSA.22.31	2
14:49	ISA.53.1-ISA.53.12	2
14:49	MAT.21.23-MAT.21.27	2
14:49	MRK.11.15-MRK.11.18	2
14:49	MRK.11.27	2
14:49	LUK.19.47-LUK.20.2	2
14:49	LUK.21.37-LUK.21.38	2
14:49	LUK.24.25-LUK.24.27	2
14:49	LUK.24.44-LUK.24.45	2
14:49	JHN.7.28-JHN.7.30	2
14:49	JHN.7.37	2
14:49	JHN.8.12	2
14:49	JHN.10.23	2
14:49	PSA.69.1-PSA.69.36	1
14:50	MRK.14.27	7
14:50	JHN.16.32	6
14:50	PSA.88.18	4
14:50	2TI.4.16	4
14:50	PSA.38.11	3
14:50	PSA.88.7-PSA.88.8	3
14:50	JOB.19.13-JOB.19.14	2
14:50	ISA.63.3	2
14:50	JHN.18.8	2
14:52	MRK.13.14-MRK.13.16	3
14:52	GEN.39.12	1
14:53	MAT.26.57-MAT.26.68	5
14:53	LUK.22.54-LUK.22.62	3
14:53	JHN.18.12-JHN.18.14	3
14:53	ISA.53.7	2
14:53	JHN.18.19-JHN.18.24	2
14:53	MAT.26.3	1
14:53	MRK.15.1	1
14:53	ACT.4.5-ACT.4.6	1
14:54	JHN.18.18	6
14:54	MAT.26.3	4
14:54	JHN.18.15-JHN.18.16	3
14:54	JHN.18.25	3
14:54	1SA.13.7	2
14:54	1KI.19.9	2
14:54	1KI.19.13	2
14:54	MAT.26.58	2
14:54	MRK.14.29-MRK.14.31	2
14:54	MRK.14.38	2
14:54	MRK.14.67-MRK.14.68	2
14:54	LUK.22.44	2
14:54	LUK.22.55-LUK.22.56	2
14:55	MAT.5.22	3
14:55	MAT.26.59-MAT.26.60	3
14:55	ACT.24.1-ACT.24.13	3
14:55	1PE.3.16-1PE.3.18	3
14:55	1KI.21.13	2
14:55	PSA.27.12	2
14:55	PSA.35.11	2
14:55	DAN.6.4	2
14:55	ACT.6.11-ACT.6.13	2
14:55	1KI.21.10	1
14:57	MAT.26.60-MAT.26.61	4
14:57	ACT.6.13-ACT.6.14	4
14:57	JER.26.8-JER.26.9	2
14:57	JER.26.18	2
14:57	MAT.27.40	2
14:57	MRK.15.29	2
14:57	JHN.2.18-JHN.2.21	2
14:58	JHN.2.19	6
14:58	2CO.5.1	5
14:58	HEB.9.11	5
14:58	MRK.15.29	4
14:58	ACT.7.48	4
14:58	HEB.9.24	4
14:58	DAN.2.34	3
14:58	DAN.2.45	2
14:60	MAT.26.62-MAT.26.63	2
14:60	MRK.15.3-MRK.15.5	2
14:60	JHN.19.9-JHN.19.10	2
14:61	MAT.26.63-MAT.26.64	9
14:61	MRK.15.2	7
14:61	ISA.53.7	6
14:61	JHN.10.30-JHN.10.31	4
14:61	JHN.19.7	4
14:61	LUK.22.67-LUK.22.71	3
14:61	JHN.10.36	3
14:61	1PE.2.23	3
14:61	PSA.2.7	2
14:61	PSA.39.1-PSA.39.2	2
14:61	PSA.39.9	2
14:61	PSA.119.12	2
14:61	ISA.9.6-ISA.9.7	2
14:61	MAT.3.17	2
14:61	MAT.8.29	2
14:61	MAT.11.3-MAT.11.5	2
14:61	MAT.27.12-MAT.27.14	2
14:61	JHN.1.34	2
14:61	JHN.5.18-JHN.5.25	2
14:61	MAT.16.16	1
14:61	MRK.14.61-MRK.14.63	1
14:61	MRK.15.4-MRK.15.5	1
14:61	JHN.1.49-JHN.1.51	1
14:61	JHN.10.24	1
14:61	JHN.18.37	1
14:61	JHN.19.9	1
14:61	ACT.8.32	1
14:61	1TI.1.11	1
14:61	1TI.6.15	1
14:62	DAN.7.13-DAN.7.14	39
14:62	PSA.110.1	30
14:62	HEB.1.3	16
14:62	MRK.13.26	15
14:62	MAT.24.30	13
14:62	LUK.22.69	12
14:62	MAT.26.64	11
14:62	HEB.12.2	10
14:62	REV.1.7	10
14:62	MRK.16.19	9
14:62	ACT.1.9-ACT.1.11	9
14:62	2TH.1.7-2TH.1.10	7
14:62	HEB.8.1	7
14:62	REV.20.11	7
14:62	LUK.23.3	6
14:62	HEB.8.10	6
14:62	HEB.8.12-HEB.8.13	6
14:62	MRK.15.2	5
14:62	MAT.27.11	4
14:63	MAT.26.65	6
14:63	LEV.21.10	3
14:63	NUM.14.6	3
14:63	ISA.36.22-ISA.37.1	3
14:63	JER.36.23-JER.36.24	3
14:63	ACT.14.13-ACT.14.14	3
14:64	LEV.24.16	6
14:64	JHN.10.31-JHN.10.33	3
14:64	JHN.19.7	3
14:64	1KI.21.9-1KI.21.13	2
14:64	MAT.26.65-MAT.26.66	2
14:64	LUK.22.71	2
14:64	JHN.5.18	2
14:64	JHN.8.58-JHN.8.59	2
14:65	MAT.26.67-MAT.26.68	8
14:65	ACT.23.2	6
14:65	ISA.50.6	5
14:65	LUK.22.63-LUK.22.64	5
14:65	JHN.19.3	5
14:65	NUM.12.14	3
14:65	EST.7.8	3
14:65	JOB.30.10	3
14:65	ISA.52.14	3
14:65	ISA.53.3	3
14:65	MRK.15.19	3
14:65	JHN.18.22	3
14:65	MIC.5.1	2
14:65	MRK.10.34	2
14:65	HEB.12.2	2
14:66	MRK.14.54	7
14:66	MAT.26.69-MAT.26.75	4
14:66	MAT.26.58	3
14:66	JHN.18.15-JHN.18.18	3
14:66	JHN.18.25-JHN.18.27	3
14:66	LUK.22.55-LUK.22.62	2
14:67	MRK.14.54	2
14:67	MAT.2.23	1
14:67	MAT.21.11	1
14:67	MRK.1.24	1
14:67	MRK.10.47	1
14:67	JHN.1.45-JHN.1.49	1
14:67	JHN.19.19	1
14:67	ACT.10.38	1
14:68	MRK.14.29-MRK.14.31	4
14:68	MAT.26.71-MAT.26.72	3
14:68	MRK.14.72	3
14:68	JHN.13.36-JHN.13.38	3
14:68	2TI.2.12-2TI.2.13	3
14:69	MRK.14.38	2
14:69	LUK.22.58	2
14:69	JHN.18.17	2
14:69	JHN.18.25	2
14:69	GAL.6.1	2
14:70	MAT.26.73-MAT.26.74	3
14:70	MRK.14.68	3
14:70	LUK.22.59-LUK.22.60	3
14:70	ACT.2.7	3
14:70	JDG.12.6	2
14:70	JHN.18.26-JHN.18.27	2
14:71	2KI.8.12-2KI.8.15	1
14:71	2KI.10.32	1
14:71	JER.17.9	1
14:71	1CO.10.12	1
14:72	MRK.14.30	7
14:72	MRK.14.68	6
14:72	EZK.7.16	3
14:72	2SA.24.10	2
14:72	PSA.119.59-PSA.119.60	2
14:72	JER.31.18-JER.31.20	2
14:72	EZK.16.63	2
14:72	EZK.36.31	2
14:72	MAT.26.34	2
14:72	MAT.26.74-MAT.26.75	2
14:72	LUK.15.17-LUK.15.19	2
14:72	LUK.22.60	2
14:72	LUK.22.62	2
14:72	2CO.7.10	2
15:1	MAT.27.1-MAT.27.2	6
15:1	LUK.22.66	4
15:1	LUK.23.1-LUK.23.5	4
15:1	JHN.18.28-JHN.18.38	4
15:1	ACT.3.13	4
15:1	PSA.2.2	2
15:1	ACT.4.25-ACT.4.28	2
15:1	MAT.5.22	1
15:1	MAT.20.18-MAT.20.19	1
15:1	MRK.10.33-MRK.10.34	1
15:1	LUK.18.32-LUK.18.33	1
15:1	ACT.4.5-ACT.4.6	1
15:2	MAT.2.2	7
15:2	MAT.27.11-MAT.27.14	5
15:2	1TI.6.13	4
15:2	MRK.15.18	3
15:2	MRK.15.26	3
15:2	MRK.15.9	2
15:2	MRK.15.12	2
15:2	LUK.23.2-LUK.23.3	2
15:2	JHN.18.29-JHN.18.38	2
15:2	JHN.19.19-JHN.19.22	2
15:3	ISA.53.7	3
15:3	MAT.27.12	2
15:3	MRK.14.60-MRK.14.61	2
15:3	MRK.15.5	2
15:3	LUK.23.2-LUK.23.5	2
15:3	JHN.18.29-JHN.18.31	2
15:3	JHN.19.6-JHN.19.7	2
15:3	JHN.19.12	2
15:4	JHN.19.10	3
15:4	MAT.26.62	2
15:4	MAT.27.13	2
15:5	ISA.53.7	5
15:5	ZEC.3.8	4
15:5	PSA.71.7	3
15:5	MAT.27.14	3
15:5	1CO.4.9	3
15:5	ISA.8.18	2
15:5	JHN.19.9	2
15:6	JHN.18.39-JHN.18.40	6
15:6	ACT.24.27	3
15:6	ACT.25.9	3
15:6	MAT.26.2	2
15:6	MAT.26.5	2
15:6	MAT.27.15-MAT.27.26	2
15:6	LUK.23.16-LUK.23.25	2
15:6	JHN.19.16	1
15:7	MAT.27.16	4
15:7	LUK.23.18-LUK.23.19	4
15:7	LUK.23.25	4
15:9	MAT.27.17-MAT.27.21	2
15:9	JHN.18.39	2
15:9	JHN.19.4-JHN.19.5	2
15:9	JHN.19.14-JHN.19.16	2
15:9	ACT.3.13-ACT.3.15	2
15:10	PRO.27.4	4
15:10	GEN.4.4-GEN.4.6	3
15:10	1SA.18.8-1SA.18.9	3
15:10	MAT.27.18	3
15:10	TIT.3.3	3
15:10	GEN.37.11	2
15:10	ECC.4.4	2
15:10	ACT.13.45	2
15:10	JAS.3.14-JAS.3.16	2
15:10	JAS.4.5	2
15:10	1JN.3.12	2
15:11	ACT.3.14	4
15:11	MAT.27.20	3
15:11	HOS.5.1	1
15:11	JHN.18.40	1
15:12	ISA.9.6-ISA.9.7	3
15:12	JER.23.5-JER.23.6	3
15:12	PRO.2.6-PRO.2.7	2
15:12	ZEC.9.9	2
15:12	MAT.2.2-MAT.2.4	2
15:12	MAT.21.5	2
15:12	MAT.27.22-MAT.27.23	2
15:12	MRK.11.9-MRK.11.11	2
15:12	MRK.15.1-MRK.15.2	2
15:12	LUK.23.2	2
15:12	LUK.23.20-LUK.23.24	2
15:12	JHN.19.14-JHN.19.16	2
15:12	ACT.5.31	2
15:14	LUK.23.41	3
15:14	PSA.69.4	2
15:14	ISA.53.3	2
15:14	ISA.53.9	2
15:14	MAT.27.4	2
15:14	MAT.27.19	2
15:14	MAT.27.23-MAT.27.25	2
15:14	MAT.27.54	2
15:14	LUK.23.4	2
15:14	LUK.23.14-LUK.23.15	2
15:14	LUK.23.21	2
15:14	LUK.23.23-LUK.23.24	2
15:14	LUK.23.47	2
15:14	JHN.18.38	2
15:14	JHN.19.6	2
15:14	JHN.19.12-JHN.19.15	2
15:14	ACT.7.54-ACT.7.57	2
15:14	ACT.19.34	2
15:14	ACT.22.22-ACT.22.23	2
15:14	HEB.7.26	2
15:14	1PE.1.19	2
15:15	ISA.50.6	6
15:15	MAT.27.26	6
15:15	JHN.19.1	6
15:15	PSA.129.3	4
15:15	PRO.29.25	4
15:15	MRK.10.34	4
15:15	PSA.57.11	3
15:15	JHN.19.16	3
15:15	1PE.2.24	3
15:15	MAT.20.19	2
15:15	LUK.18.33	2
15:15	LUK.23.24-LUK.23.25	2
15:15	ACT.24.27	2
15:15	ACT.25.9	2
15:15	GAL.1.19	1
15:16	MAT.27.27-MAT.27.31	7
15:16	JHN.19.9	5
15:16	MAT.26.3	3
15:16	JHN.18.28	3
15:16	JHN.18.33	2
15:16	ACT.10.1	2
15:17	MAT.27.28-MAT.27.30	4
15:17	JHN.19.2-JHN.19.5	3
15:17	LUK.23.11	1
15:18	MAT.27.42-MAT.27.43	3
15:18	GEN.37.10	2
15:18	GEN.37.20	2
15:18	MRK.15.2	2
15:18	MRK.15.29-MRK.15.32	2
15:18	LUK.23.36-LUK.23.37	2
15:18	JHN.19.14-JHN.19.15	2
15:19	MRK.14.65	4
15:19	ISA.53.3-ISA.53.5	3
15:19	GEN.24.52	2
15:19	GEN.43.28	2
15:19	1KI.19.18	2
15:19	EST.3.2-EST.3.5	2
15:19	JOB.13.9	2
15:19	JOB.30.8-JOB.30.12	2
15:19	PSA.22.6-PSA.22.7	2
15:19	PSA.35.15-PSA.35.17	2
15:19	PSA.69.12	2
15:19	PSA.69.19-PSA.69.20	2
15:19	ISA.45.23	2
15:19	ISA.49.7	2
15:19	ISA.50.6	2
15:19	ISA.52.14	2
15:19	MIC.5.1	2
15:19	MAT.20.18-MAT.20.19	2
15:19	MRK.9.12	2
15:19	MRK.10.34	2
15:19	LUK.18.32-LUK.18.33	2
15:19	LUK.22.63	2
15:19	LUK.23.11	2
15:19	LUK.23.36	2
15:19	ROM.11.4	2
15:19	ROM.14.10-ROM.14.11	2
15:19	PHP.2.10	2
15:19	HEB.12.2-HEB.12.3	2
15:19	HEB.13.13	2
15:20	MAT.27.31	2
15:20	JHN.19.16	2
15:21	MAT.27.32	6
15:21	LUK.23.26	6
15:21	ROM.16.13	5
15:21	LUK.14.27	2
15:21	ACT.2.10	2
15:21	ACT.6.9	2
15:21	ACT.11.20	2
15:21	ACT.13.1	2
15:21	JHN.15.18-JHN.15.20	0
15:22	MAT.27.33-MAT.27.44	6
15:22	JHN.19.17-JHN.19.27	5
15:22	LUK.23.27-LUK.23.38	4
15:23	MAT.27.34	4
15:23	LUK.22.18	3
15:23	LUK.23.36	3
15:23	JHN.19.28-JHN.19.30	3
15:23	MAT.26.19	2
15:23	MRK.14.25	2
15:24	LUK.23.34	6
15:24	JHN.19.23-JHN.19.24	6
15:24	MAT.27.35-MAT.27.36	5
15:24	PSA.22.16-PSA.22.18	4
15:24	ISA.53.4-ISA.53.8	4
15:24	DEU.21.23	3
15:24	ACT.5.30	3
15:24	2CO.5.21	3
15:24	GAL.3.13	3
15:24	1PE.2.24	3
15:25	JHN.19.14	5
15:25	MAT.27.45	4
15:25	MRK.15.33	4
15:25	LUK.23.44	4
15:25	ACT.2.15	3
15:26	MAT.27.37	6
15:26	ZEC.9.9	4
15:26	MAT.2.2	4
15:26	LUK.23.37-LUK.23.38	4
15:26	JHN.19.18-JHN.19.22	4
15:26	PSA.2.6	2
15:26	PRO.21.1	2
15:26	ISA.10.7	2
15:26	MRK.15.2	2
15:26	DEU.23.5	1
15:26	ISA.46.10	1
15:26	PSA.76.10	0
15:27	MAT.27.38	3
15:27	LUK.23.32-LUK.23.33	3
15:27	JHN.19.18	2
15:29	PSA.109.25	5
15:29	MRK.14.58	5
15:29	LAM.1.12	3
15:29	LAM.2.15	3
15:29	JHN.2.18-JHN.2.22	3
15:29	GEN.37.19-GEN.37.20	2
15:29	PSA.22.7-PSA.22.8	2
15:29	PSA.22.12-PSA.22.14	2
15:29	PSA.35.15-PSA.35.21	2
15:29	PSA.69.7	2
15:29	PSA.69.19-PSA.69.20	2
15:29	PSA.69.26	2
15:29	MAT.26.61	2
15:29	MAT.27.39-MAT.27.40	2
15:31	JHN.12.23-JHN.12.24	3
15:31	PSA.2.1-PSA.2.4	2
15:31	PSA.22.16-PSA.22.17	2
15:31	MAT.27.41-MAT.27.43	2
15:31	LUK.23.35-LUK.23.37	2
15:31	JHN.11.47-JHN.11.52	2
15:31	1PE.3.17-1PE.3.18	2
15:32	MAT.27.44	6
15:32	LUK.23.39-LUK.23.43	6
15:32	ISA.44.6	1
15:32	ZEP.3.15	1
15:32	ZEC.9.9	1
15:32	MAT.1.17	1
15:32	2TI.2.18	1
15:32	MRK.14.61-MRK.14.62	0
15:32	MRK.15.26	0
15:32	JHN.1.49	0
15:32	JHN.12.13	0
15:32	JHN.19.12-JHN.19.15	0
15:32	JHN.20.25-JHN.20.29	0
15:32	ROM.3.3	0
15:33	MAT.27.45	20
15:33	AMO.8.9-AMO.8.10	11
15:33	LUK.23.44-LUK.23.45	11
15:33	MRK.15.25	10
15:33	ISA.50.3-ISA.50.4	8
15:33	PSA.105.28	5
15:34	PSA.22.1	28
15:34	MAT.27.46	21
15:34	HEB.5.7	19
15:34	PSA.27.9	15
15:34	PSA.71.11	11
15:34	ISA.41.17	11
15:34	PSA.42.9	10
15:34	DAN.9.21	10
15:34	LUK.23.46	8
15:34	ACT.10.3	8
15:34	LAM.5.20	7
15:34	LUK.23.44	7
15:34	LAM.1.12	3
15:35	MAT.27.47-MAT.27.49	7
15:35	MAT.17.11-MAT.17.13	2
15:35	MRK.9.11-MRK.9.13	2
15:36	PSA.69.21	6
15:36	MRK.15.23	5
15:36	LUK.23.36	3
15:36	JHN.19.28-JHN.19.30	3
15:37	JHN.19.30	5
15:37	MAT.27.50	4
15:37	LUK.23.46	4
15:38	HEB.10.19-HEB.10.23	14
15:38	LUK.23.45	9
15:38	MAT.27.51-MAT.27.53	8
15:38	HEB.9.3-HEB.9.12	8
15:38	LEV.16.2-LEV.16.19	6
15:38	EXO.26.31-EXO.26.34	5
15:38	HEB.4.14-HEB.4.16	4
15:38	HEB.6.19	4
15:38	EXO.40.20-EXO.40.21	2
15:38	2CH.3.8-2CH.3.14	2
15:39	MAT.27.54	7
15:39	LUK.23.47-LUK.23.48	7
15:39	MAT.27.43	6
15:39	ACT.10.1	4
15:39	MAT.8.5-MAT.8.10	3
15:39	MRK.15.44-MRK.15.45	3
15:39	ACT.27.1-ACT.27.3	3
15:39	ACT.27.43	1
15:40	MAT.27.55-MAT.27.56	6
15:40	LUK.8.2-LUK.8.3	5
15:40	LUK.23.49	5
15:40	MAT.13.55	3
15:40	MAT.27.61	3
15:40	MAT.28.1	3
15:40	MRK.15.47-MRK.16.1	3
15:40	MRK.16.9	3
15:40	PSA.38.11	2
15:40	JHN.19.25-JHN.19.27	2
15:40	1CO.9.5	2
15:40	JHN.20.11-JHN.20.18	1
15:40	JAS.1.1	1
15:40	GAL.1.19	0
15:41	LUK.8.2-LUK.8.3	3
15:41	MAT.27.55-MAT.27.56	2
15:42	LUK.23.50-LUK.23.56	3
15:42	MAT.27.57-MAT.27.62	2
15:42	JHN.19.31	2
15:42	JHN.19.38-JHN.19.42	2
15:43	LUK.2.25	6
15:43	LUK.2.38	6
15:43	LUK.23.51	4
15:43	MAT.27.57	3
15:43	JHN.19.38	3
15:43	ACT.17.12	3
15:43	MAT.19.30	2
15:43	MAT.20.16	2
15:43	MRK.10.23-MRK.10.27	2
15:43	MRK.14.54	2
15:43	MRK.14.66-MRK.14.72	2
15:43	ACT.4.8-ACT.4.13	2
15:43	ACT.13.50	2
15:43	PHP.1.14	2
15:44	JHN.19.31-JHN.19.37	2
15:45	MAT.27.58	2
15:45	MRK.15.39	2
15:45	JHN.19.38	2
15:46	ISA.53.9	6
15:46	MAT.27.59-MAT.27.60	4
15:46	ISA.22.16	3
15:46	MRK.16.3-MRK.16.4	3
15:46	JHN.11.38	3
15:46	MAT.28.2	2
15:46	LUK.23.53	2
15:46	JHN.19.38-JHN.19.42	2
15:47	MRK.15.40	5
15:47	MRK.16.1	3
15:47	MAT.27.61	2
15:47	MAT.28.1	2
15:47	LUK.23.55-LUK.24.2	2
16:1	LUK.23.56-LUK.24.12	8
16:1	MAT.28.1-MAT.28.10	7
16:1	JHN.20.1-JHN.20.10	7
16:1	MRK.15.40	6
16:1	2CH.16.14	4
16:1	MRK.14.3	4
16:1	MRK.14.8	4
16:1	MRK.15.47	4
16:1	MRK.16.8	4
16:1	JHN.19.25	4
16:1	MRK.15.42	3
16:1	LUK.23.54	3
16:1	JHN.19.31	3
16:1	JHN.19.39-JHN.19.40	3
16:1	MRK.16.4-MRK.16.5	1
16:2	JHN.20.1	6
16:2	MAT.28.1	3
16:2	LUK.24.1	3
16:3	MRK.15.46-MRK.15.47	7
16:3	MAT.27.60-MAT.27.66	6
16:4	MAT.28.2-MAT.28.4	4
16:4	LUK.24.2	4
16:4	JHN.20.1	4
16:5	JHN.20.11-JHN.20.12	10
16:5	MAT.28.3	6
16:5	LUK.24.3-LUK.24.5	6
16:5	JHN.20.8	6
16:5	LUK.1.29-LUK.1.30	4
16:5	MRK.6.49-MRK.6.50	2
16:5	MRK.9.15	2
16:5	LUK.1.12	2
16:5	DAN.8.17	1
16:5	DAN.10.5-DAN.10.9	1
16:5	DAN.10.12	0
16:6	REV.1.17-REV.1.18	9
16:6	1CO.15.3-1CO.15.7	8
16:6	LUK.24.46	7
16:6	MAT.28.4-MAT.28.7	6
16:6	JHN.2.19-JHN.2.22	6
16:6	PRO.8.17	5
16:6	ACT.2.22-ACT.2.23	5
16:6	ACT.4.10	5
16:6	MRK.10.34	4
16:6	LUK.24.4-LUK.24.8	4
16:6	JHN.19.19-JHN.19.20	4
16:6	PSA.71.20	3
16:6	MAT.12.40	3
16:6	MAT.14.26-MAT.14.27	3
16:6	MRK.1.24	3
16:6	MRK.9.9-MRK.9.10	3
16:6	LUK.24.20-LUK.24.27	2
16:6	ACT.10.38-ACT.10.40	2
16:6	PSA.105.3-PSA.105.4	1
16:7	MRK.14.28	16
16:7	MAT.26.32	10
16:7	MAT.28.7	6
16:7	MAT.28.10	6
16:7	MAT.28.16-MAT.28.17	5
16:7	JHN.21.1	4
16:7	MRK.14.50	3
16:7	ACT.13.31	3
16:7	1CO.15.5	3
16:7	MRK.14.66-MRK.14.72	2
16:7	2CO.2.7	2
16:8	MAT.28.8	3
16:8	MRK.16.5-MRK.16.6	3
16:8	LUK.24.9-LUK.24.11	3
16:8	LUK.24.22-LUK.24.24	3
16:8	LUK.24.37	3
16:8	2KI.4.29	2
16:8	LUK.10.4	2
16:9	LUK.8.2	6
16:9	JHN.20.14-JHN.20.19	6
16:9	MRK.15.47	4
16:9	JHN.20.12	4
16:9	MAT.27.56	3
16:9	LUK.24.10	3
16:9	MRK.15.40	1
16:9	ACT.20.7	0
16:9	1CO.16.2	0
16:9	REV.1.10	0
16:10	JHN.20.18	4
16:10	MAT.9.15	3
16:10	MRK.14.72	3
16:10	LUK.24.17	3
16:10	JHN.16.6	3
16:10	MAT.24.30	2
16:10	JHN.16.20-JHN.16.22	2
16:11	LUK.24.11	7
16:11	MRK.16.13-MRK.16.14	6
16:11	MRK.9.19	4
16:11	LUK.24.23-LUK.24.35	4
16:11	EXO.6.9	3
16:11	JOB.9.16	3
16:12	LUK.24.13-LUK.24.32	10
16:12	MRK.16.14	2
16:12	JHN.21.1	2
16:12	JHN.21.14	2
16:13	JHN.20.25	5
16:13	LUK.24.33-LUK.24.35	4
16:13	LUK.16.31	3
16:13	JHN.20.8	3
16:14	1CO.15.5	12
16:14	LUK.24.36-LUK.24.43	9
16:14	HEB.3.7-HEB.3.8	7
16:14	PSA.95.8-PSA.95.11	6
16:14	MRK.8.17-MRK.8.18	6
16:14	MRK.16.11-MRK.16.13	6
16:14	JHN.20.27	6
16:14	REV.3.19	6
16:14	MAT.11.20	5
16:14	HEB.3.15-HEB.3.19	5
16:14	NUM.14.11	4
16:14	MAT.15.16-MAT.15.17	4
16:14	MAT.17.20	4
16:14	MRK.7.18	4
16:14	LUK.24.25	4
16:14	JHN.20.19-JHN.20.20	4
16:14	MAT.16.8-MAT.16.11	3
16:15	MAT.28.19	81
16:15	MRK.13.10	67
16:15	ACT.1.8	52
16:15	LUK.24.47-LUK.24.48	46
16:15	PSA.96.3	43
16:15	JHN.15.16	32
16:15	JHN.20.21	31
16:15	1JN.4.14	31
16:15	ISA.60.1-ISA.60.3	29
16:15	COL.1.23	26
16:15	ROM.16.26	24
16:15	PSA.22.27	22
16:15	ROM.10.18	20
16:15	LUK.2.31-LUK.2.32	19
16:15	LUK.14.21-LUK.14.23	19
16:15	MAT.10.5-MAT.10.6	18
16:15	LUK.2.10-LUK.2.11	18
16:15	PSA.67.1-PSA.67.2	17
16:15	ISA.45.22	17
16:15	COL.1.6	17
16:15	REV.14.6	17
16:15	EPH.2.17	16
16:15	ISA.42.10-ISA.42.12	14
16:15	ISA.49.6	14
16:15	PSA.98.3	13
16:15	ISA.52.10	12
16:16	JHN.11.25-JHN.11.26	203
16:16	JHN.3.36	194
16:16	ROM.10.9-ROM.10.14	183
16:16	JHN.3.18-JHN.3.19	146
16:16	JHN.3.15-JHN.3.16	140
16:16	ACT.2.38	130
16:16	JHN.5.24	113
16:16	JHN.8.24	111
16:16	JHN.12.46-JHN.12.48	94
16:16	1JN.5.10-1JN.5.13	82
16:16	JHN.6.29	76
16:16	JHN.3.5	72
16:16	ACT.10.43	63
16:16	JHN.7.37-JHN.7.38	59
16:16	JHN.20.31	58
16:16	ACT.16.30-ACT.16.32	57
16:16	REV.20.15	55
16:16	JHN.6.35	53
16:16	1PE.3.21	53
16:16	MRK.1.15	51
16:16	ACT.22.16	50
16:16	JHN.6.40	49
16:16	JHN.1.12-JHN.1.13	47
16:16	ACT.2.41	47
16:16	1PE.1.21	45
16:16	MAT.28.19	44
16:16	LUK.8.12	44
16:16	HEB.10.38-HEB.10.39	41
16:16	REV.21.8	41
16:16	ACT.8.36-ACT.8.39	38
16:16	ACT.13.39	38
16:16	ROM.4.24	37
16:16	2TH.1.8	34
16:16	2TH.2.12	34
16:16	ACT.13.46	32
16:16	ROM.3.6	28
16:17	ACT.5.16	40
16:17	1CO.12.28	37
16:17	LUK.10.17	34
16:17	ACT.8.7	34
16:17	JHN.14.12	32
16:17	1CO.12.10	32
16:17	ACT.10.46	31
16:17	ACT.19.6	27
16:17	1CO.14.2	23
16:17	1CO.12.30	21
16:17	1CO.14.4-1CO.14.26	21
16:17	1CO.13.1	20
16:17	ACT.16.18	19
16:17	ACT.19.12-ACT.19.16	19
16:17	MRK.9.38	18
16:17	ACT.2.4-ACT.2.11	15
16:17	ACT.2.33	14
16:18	LUK.10.19	57
16:18	JAS.5.14-JAS.5.15	30
16:18	ACT.28.3-ACT.28.6	28
16:18	ACT.19.12	27
16:18	ACT.4.30	25
16:18	ACT.28.8-ACT.28.9	21
16:18	MRK.5.23	20
16:18	ACT.3.16	20
16:18	PSA.91.13	19
16:18	ACT.3.12	19
16:18	ACT.9.34	19
16:18	ROM.16.20	18
16:18	ACT.3.6-ACT.3.8	16
16:18	ACT.5.15-ACT.5.16	16
16:18	ACT.9.17-ACT.9.18	16
16:18	ACT.9.40-ACT.9.42	16
16:18	2KI.4.39-2KI.4.41	14
16:18	1CO.12.9	13
16:18	GEN.3.15	12
16:18	ACT.4.10	12
16:18	ACT.4.22	11
16:19	1PE.3.22	16
16:19	HEB.1.3	12
16:19	HEB.12.2	10
16:19	PSA.110.1	9
16:19	ROM.8.34	9
16:19	ACT.2.33	8
16:19	ACT.7.55-ACT.7.56	7
16:19	COL.3.1	7
16:19	HEB.8.1	7
16:19	JHN.20.17	5
16:19	ACT.1.9-ACT.1.11	5
16:19	EPH.1.20-EPH.1.22	5
16:19	EPH.4.8-EPH.4.11	5
16:19	HEB.6.20	5
16:19	HEB.10.12-HEB.10.13	5
16:19	HEB.10.19-HEB.10.22	5
16:19	MAT.28.18-MAT.28.20	4
16:19	LUK.9.51	4
16:19	JHN.6.62	4
16:19	ACT.1.2-ACT.1.3	4
16:19	1CO.15.24-1CO.15.25	4
16:19	1TI.3.16	4
16:19	REV.3.20-REV.3.21	4
16:19	LUK.24.44-LUK.24.51	3
16:19	JHN.13.1	3
16:19	JHN.16.28	3
16:19	JHN.17.4-JHN.17.5	3
16:19	JHN.17.13	3
16:19	JHN.21.15	3
16:19	JHN.21.22	3
16:19	ACT.3.21	3
16:19	HEB.4.14	3
16:19	HEB.7.26	3
16:19	HEB.9.24	3
16:20	1CO.2.4-1CO.2.5	22
16:20	ACT.14.3	18
16:20	ACT.8.4-ACT.8.6	14
16:20	ROM.15.19	14
16:20	HEB.2.4	14
16:20	ACT.5.12	11
16:20	ACT.2.1-ACT.2.28	8
16:20	1CO.3.6-1CO.3.9	8
16:20	ACT.4.30	6
16:20	2CO.6.1	5
16:20	ACT.14.8-ACT.14.10	4
