# chapter:verse	to	votes (most first)
1:1	PRO.10.1	35
1:1	1CH.22.9	6
1:1	1CH.28.5	5
1:1	ECC.1.1	5
1:1	PRO.25.1	4
1:1	1KI.2.12	3
1:1	1KI.4.31-1KI.4.32	3
1:1	2SA.12.24-2SA.12.25	2
1:1	ECC.12.9	2
1:1	1CH.29.28	1
1:1	JHN.16.25	0
1:2	PRO.7.4	6
1:2	DEU.4.5-DEU.4.6	4
1:2	1KI.3.9-1KI.3.12	3
1:2	PRO.17.16	3
1:2	2TI.3.15-2TI.3.17	3
1:2	PRO.4.5-PRO.4.7	2
1:2	PRO.16.16	2
1:2	PRO.8.5	1
1:3	PRO.2.1-PRO.2.9	21
1:3	JOB.22.22	9
1:3	1KI.3.28	5
1:3	PRO.8.10-PRO.8.11	5
1:4	PRO.8.5	7
1:4	PRO.8.17	5
1:4	PSA.119.9	4
1:4	PSA.119.130	3
1:4	PRO.8.12	3
1:4	PRO.8.32	3
1:4	PRO.9.4-PRO.9.6	3
1:4	PSA.19.7	2
1:4	PSA.34.11	2
1:4	PRO.1.22-PRO.1.23	2
1:4	PRO.2.10-PRO.2.11	2
1:4	PRO.3.21	2
1:4	PRO.7.7-PRO.7.24	2
1:4	ISA.35.8	2
1:4	2TI.2.22	2
1:4	TIT.2.6	2
1:4	ECC.11.9-ECC.12.1	1
1:5	PRO.12.1	36
1:5	PRO.9.9	21
1:5	1CO.10.15	10
1:5	JOB.34.10	8
1:5	JOB.34.16	8
1:5	PSA.119.98-PSA.119.100	7
1:5	JOB.34.34	5
1:5	2CH.25.16	4
1:5	1SA.25.32-1SA.25.33	3
1:6	PSA.78.2	13
1:6	MRK.4.11	11
1:6	PSA.49.4	9
1:6	ACT.8.30-ACT.8.31	8
1:6	HEB.5.14	8
1:6	MRK.4.34	7
1:6	ECC.12.11	6
1:6	MAT.13.10-MAT.13.17	6
1:6	MAT.13.34-MAT.13.35	6
1:6	MAT.13.51-MAT.13.52	5
1:6	2PE.3.16	5
1:6	NUM.12.8	4
1:7	JOB.28.28	99
1:7	PRO.9.10	64
1:7	PSA.111.10-PSA.112.1	63
1:7	ECC.12.13	60
1:7	PRO.15.33	46
1:7	PRO.18.2	35
1:7	PRO.1.22	27
1:7	PRO.1.29-PRO.1.30	27
1:7	ROM.1.28	26
1:7	PRO.15.5	21
1:7	JHN.3.18-JHN.3.21	20
1:7	PRO.5.12-PRO.5.13	16
1:8	PRO.6.20	13
1:8	PRO.30.17	9
1:8	PRO.5.1-PRO.5.2	6
1:8	PRO.2.1	5
1:8	PRO.31.1	5
1:8	2TI.1.5	5
1:8	LEV.19.3	4
1:8	DEU.21.18-DEU.21.21	4
1:8	PRO.1.10	4
1:8	PRO.4.1-PRO.4.4	4
1:8	PRO.1.15	3
1:8	PRO.3.1	3
1:8	PRO.7.1	3
1:8	1SA.2.25	2
1:8	MAT.9.2	0
1:8	MAT.9.22	0
1:9	PRO.4.9	8
1:9	DAN.5.29	8
1:9	GEN.41.42	6
1:9	PRO.3.22	5
1:9	PRO.6.20-PRO.6.21	5
1:9	ISA.3.19	3
1:9	EZK.16.11	3
1:9	SNG.1.10	2
1:9	SNG.4.9	1
1:9	DAN.5.7	1
1:9	DAN.5.16	1
1:9	1TI.2.9-1TI.2.10	1
1:9	1PE.3.3-1PE.3.4	1
1:10	EPH.5.11	22
1:10	PSA.1.1	13
1:10	PRO.16.29	13
1:10	PRO.13.20	11
1:10	DEU.13.8	8
1:10	ROM.16.18	7
1:10	PRO.7.21-PRO.7.23	5
1:10	PSA.50.18	3
1:10	PRO.20.19	3
1:10	GEN.39.7-GEN.39.13	1
1:10	JDG.16.16-JDG.16.21	0
1:11	PRO.1.18	5
1:11	PRO.12.6	4
1:11	JER.5.26	4
1:11	JER.18.18-JER.18.20	3
1:11	ACT.25.3	3
1:11	PSA.10.8-PSA.10.10	2
1:11	PSA.17.12	2
1:11	PSA.35.7	2
1:11	PSA.56.6	2
1:11	PSA.64.5-PSA.64.6	2
1:11	PRO.1.16	2
1:11	PRO.30.14	2
1:11	JER.11.19	2
1:11	MIC.7.2	2
1:11	MAT.26.3-MAT.26.4	2
1:11	JHN.15.25	2
1:11	ACT.23.15	2
1:12	PSA.28.1	5
1:12	PSA.124.3	5
1:12	ROM.3.13	3
1:12	NUM.16.30-NUM.16.33	2
1:12	NUM.26.10	2
1:12	PSA.5.9	2
1:12	PSA.35.25	2
1:12	PSA.56.1-PSA.56.2	2
1:12	PSA.57.3	2
1:12	PSA.143.7	2
1:12	JER.51.34	2
1:12	LAM.2.5	2
1:12	LAM.2.16	2
1:12	MIC.3.2-MIC.3.3	2
1:13	1TI.6.9-1TI.6.10	4
1:13	JOB.24.2-JOB.24.3	3
1:13	LUK.12.15	3
1:13	PRO.1.19	2
1:13	ISA.10.13-ISA.10.14	2
1:13	JER.22.16-JER.22.17	2
1:13	NAM.2.12	2
1:13	HAG.2.9	2
1:13	REV.18.9-REV.18.16	2
1:15	PSA.119.101	14
1:15	PSA.1.1	10
1:15	PRO.4.14-PRO.4.15	7
1:15	PRO.4.27	7
1:15	PSA.26.4-PSA.26.5	6
1:15	2CO.6.17	5
1:15	PRO.9.6	3
1:15	PRO.13.20	3
1:15	PRO.5.8	2
1:15	JER.14.10	1
1:16	ISA.59.7	8
1:16	PRO.6.18	7
1:16	PRO.4.16	5
1:16	ROM.3.5	4
1:17	JOB.35.11	4
1:17	PRO.7.23	3
1:17	JER.8.7	3
1:17	ISA.1.3	2
1:18	PSA.9.16	8
1:18	EST.7.10	7
1:18	PRO.5.22-PRO.5.23	6
1:18	PRO.28.17	6
1:18	PSA.7.14-PSA.7.16	5
1:18	PSA.55.23	3
1:18	MAT.27.4-MAT.27.5	3
1:18	PRO.9.17-PRO.9.18	2
1:19	PRO.15.27	8
1:19	2PE.2.3	7
1:19	PRO.23.3-PRO.23.4	4
1:19	JER.22.17-JER.22.19	4
1:19	MIC.2.1-MIC.2.3	4
1:19	HAB.2.9	4
1:19	JAS.5.1-JAS.5.4	4
1:19	2KI.5.20-2KI.5.27	3
1:19	ECC.5.13	3
1:19	MIC.3.10-MIC.3.12	3
1:19	ACT.8.19-ACT.8.20	3
1:19	1TI.3.3	3
1:19	2SA.18.11-2SA.18.13	2
1:19	JOB.31.39	2
1:19	1TI.6.9-1TI.6.10	2
1:19	2PE.2.14-2PE.2.16	2
1:20	PRO.9.3	8
1:20	COL.2.3	7
1:20	PRO.8.1-PRO.8.5	6
1:20	LUK.11.49	6
1:20	1CO.1.24	6
1:20	MAT.13.54	5
1:20	1CO.1.30	5
1:20	JHN.7.37	4
1:21	ACT.5.20	5
1:21	PRO.9.3	4
1:21	MAT.10.27	4
1:21	MAT.13.2	4
1:21	JHN.18.20	3
1:22	PRO.1.29	6
1:22	PSA.1.1	5
1:22	PRO.5.12	5
1:22	JHN.3.20	5
1:22	2PE.3.3	5
1:22	MAT.9.13	4
1:22	MAT.11.29-MAT.11.30	4
1:22	LUK.19.42	4
1:22	REV.22.17	4
1:22	PRO.6.9	3
1:22	PRO.19.29	3
1:22	PRO.21.11	3
1:22	EXO.10.3	2
1:22	EXO.16.28	2
1:22	NUM.14.27	2
1:22	JOB.34.7	2
1:22	PSA.94.8	2
1:22	PRO.1.4	2
1:22	PRO.1.7	2
1:22	PRO.3.34	2
1:22	PRO.7.7	2
1:22	PRO.8.5	2
1:22	PRO.9.4-PRO.9.6	2
1:22	PRO.9.16-PRO.9.18	2
1:22	PRO.14.6	2
1:22	PRO.15.12	2
1:22	MAT.17.17	2
1:22	MAT.23.37	2
1:23	EZK.33.11	15
1:23	ACT.3.19	15
1:23	EZK.18.27-EZK.18.30	11
1:23	ACT.2.36-ACT.2.38	9
1:23	JOL.2.28	8
1:23	ISA.32.15	7
1:23	ISA.55.6-ISA.55.7	7
1:23	PRO.12.1	6
1:23	ISA.55.1-ISA.55.3	5
1:23	ZEC.12.10	5
1:23	LUK.11.13	5
1:23	ACT.26.20	5
1:23	REV.3.16-REV.3.19	5
1:23	PRO.10.17	4
1:23	JHN.7.36-JHN.7.37	4
1:23	PSA.145.1	3
1:23	PRO.29.1	3
1:23	ISA.45.8	3
1:23	PRO.1.30	2
1:23	JER.3.14	2
1:23	HOS.14.1	2
1:23	PRO.1.25	1
1:23	PRO.6.23	1
1:24	ISA.65.12	11
1:24	ROM.10.21	11
1:24	JER.7.13	10
1:24	ISA.66.4	9
1:24	HEB.12.25-HEB.12.26	7
1:24	EZK.8.18	5
1:24	ZEC.7.11-ZEC.7.12	5
1:24	MAT.22.5-MAT.22.6	5
1:24	ISA.50.2	4
1:24	MAT.23.37-MAT.23.38	3
1:24	PSA.31.20	2
1:24	ACT.4.30	1
1:25	PSA.81.11	7
1:25	LUK.7.30	7
1:25	PSA.107.11	4
1:25	PRO.1.30	4
1:25	PRO.12.1	4
1:25	2CH.36.16	3
1:25	PRO.5.12	3
1:26	PSA.2.4	10
1:26	PSA.37.13	10
1:26	PRO.10.24	10
1:26	PRO.6.15	8
1:26	LUK.14.24	8
1:26	JDG.10.14	1
1:27	PRO.3.25-PRO.3.26	4
1:27	PSA.58.9	2
1:27	PSA.69.22-PSA.69.28	2
1:27	PRO.10.24-PRO.10.25	2
1:27	ISA.17.13	2
1:27	NAM.1.3	2
1:27	LUK.21.23-LUK.21.26	2
1:27	LUK.21.34-LUK.21.35	2
1:27	ROM.2.9	2
1:27	1TH.5.3	2
1:27	REV.6.15-REV.6.17	1
1:28	MIC.3.4	12
1:28	ISA.1.15	8
1:28	JER.11.11	8
1:28	ZEC.7.13	8
1:28	JAS.4.3	8
1:28	MAT.25.10-MAT.25.12	7
1:28	JOB.27.9	6
1:28	1SA.8.18	5
1:28	PSA.18.41	5
1:28	JER.14.12	5
1:28	JOB.35.12	4
1:28	PRO.8.17	4
1:28	EZK.8.18	4
1:28	GEN.6.3	3
1:28	HOS.5.15-HOS.6.4	3
1:28	MAT.7.22-MAT.7.23	3
1:28	PSA.78.34-PSA.78.36	2
1:28	LUK.13.25-LUK.13.28	2
1:29	PRO.6.23	7
1:29	JOB.21.14-JOB.21.15	6
1:29	PRO.1.22	6
1:29	ISA.27.11	4
1:29	HEB.11.25	4
1:29	PSA.50.16-PSA.50.17	3
1:29	PRO.5.12	3
1:29	LUK.10.42	3
1:29	JHN.3.20	3
1:29	ACT.7.51-ACT.7.54	3
1:29	ISA.30.9-ISA.30.12	2
1:30	PSA.81.11	8
1:30	PRO.1.25	8
1:30	JER.8.9	3
1:30	LUK.14.18-LUK.14.20	3
1:30	PSA.119.173	2
1:30	PSA.119.111	1
1:31	PRO.14.14	13
1:31	JER.6.19	12
1:31	JOB.4.8	11
1:31	PRO.22.8	11
1:31	GAL.6.7-GAL.6.8	10
1:31	ISA.3.10-ISA.3.11	9
1:31	JER.2.19	7
1:32	PRO.8.36	5
1:32	JER.2.19	4
1:32	JHN.3.36	4
1:32	LUK.16.19-LUK.16.25	3
1:32	HEB.12.25	3
1:32	DEU.32.15-DEU.32.44	2
1:32	PSA.69.22	2
1:32	JER.48.11-JER.48.12	2
1:32	LUK.12.16-LUK.12.21	2
1:32	HEB.12.8	2
1:32	JAS.5.5	2
1:32	PSA.92.6-PSA.92.7	1
1:32	HEB.10.38-HEB.10.39	1
1:33	PSA.25.12-PSA.25.13	31
1:33	PSA.112.7-PSA.112.8	20
1:33	ISA.26.3	20
1:33	JHN.10.27-JHN.10.29	17
1:33	PRO.14.26	12
1:33	PRO.8.32-PRO.8.35	11
1:33	LUK.21.9	11
1:33	PRO.9.11	7
1:33	LUK.21.19	7
1:33	PSA.81.13	6
1:33	ISA.55.3	6
1:33	1PE.1.5	6
1:33	MAT.17.5	5
1:33	PRO.3.21-PRO.3.26	4
1:33	ISA.48.18	4
1:33	ROM.8.35-ROM.8.39	3
2:1	PRO.3.1	20
2:1	PRO.1.3	13
2:1	PRO.4.1	12
2:1	JHN.12.47-JHN.12.48	12
2:1	DEU.6.6-DEU.6.9	11
2:1	PRO.7.1	11
2:1	PRO.4.20-PRO.4.22	9
2:1	PSA.119.9-PSA.119.11	7
2:1	PRO.6.21	7
2:1	JOB.23.12	6
2:1	PRO.4.10	4
2:1	LUK.2.19	4
2:1	MAT.13.44	3
2:1	LUK.2.51	2
2:1	LUK.9.44	2
2:1	1TI.1.15	2
2:2	PRO.23.12	13
2:2	PRO.18.1	8
2:2	PSA.90.12	7
2:2	PSA.119.111-PSA.119.112	7
2:2	MAT.13.9	7
2:2	PRO.22.17-PRO.22.21	6
2:2	ECC.7.25	5
2:2	ECC.8.9	5
2:2	ECC.8.16	5
2:2	ISA.55.3	5
2:2	ACT.17.11	5
2:3	JAS.1.5	12
2:3	EPH.1.17-EPH.1.18	9
2:3	PRO.3.6	8
2:3	1KI.3.9-1KI.3.12	4
2:3	PSA.25.4-PSA.25.5	4
2:3	PSA.119.125	3
2:3	PSA.119.169	3
2:3	1CH.22.12	2
2:3	PSA.119.34	2
2:3	PSA.119.73	2
2:3	LUK.11.13	2
2:3	PRO.8.17	1
2:4	MAT.13.44	11
2:4	PRO.16.16	8
2:4	MAT.19.29	8
2:4	JOB.3.21	7
2:4	JOB.28.12-JOB.28.20	7
2:4	PRO.8.18-PRO.8.19	7
2:4	PSA.119.14	5
2:4	PSA.119.72	5
2:4	PSA.119.127	5
2:4	PRO.3.14-PRO.3.15	5
2:4	PRO.23.23	5
2:4	ECC.4.8	5
2:4	MAT.6.19-MAT.6.21	5
2:4	MAT.19.21-MAT.19.22	5
2:4	LUK.16.8	5
2:4	PSA.19.10	3
2:5	PRO.1.7	12
2:5	JER.24.7	6
2:5	2CH.1.10-2CH.1.12	5
2:5	JER.32.40-JER.32.41	5
2:5	LUK.10.22	5
2:5	LUK.11.9-LUK.11.13	5
2:5	1JN.5.20	5
2:5	PRO.9.10	4
2:5	JER.9.24	4
2:5	MAT.11.27	4
2:5	JER.31.34	3
2:5	HOS.6.3	3
2:5	MAT.7.7-MAT.7.8	3
2:5	JOB.28.28	2
2:5	JHN.17.3	1
2:6	EPH.1.17-EPH.1.18	60
2:6	JAS.1.5	40
2:6	LUK.21.15	28
2:6	ISA.54.13	27
2:6	JOB.32.8	26
2:6	PSA.119.98	23
2:6	JHN.6.45	19
2:6	1KI.3.12	16
2:6	DAN.2.23	14
2:6	JAS.1.17	14
2:6	PSA.119.104	13
2:6	ISA.8.20	10
2:6	DAN.2.21	10
2:6	1KI.4.29	9
2:6	PSA.19.7	9
2:6	DAN.1.17	8
2:6	EXO.31.3	7
2:6	1KI.3.9	7
2:6	PRO.6.23	7
2:6	PRO.8.5-PRO.8.9	7
2:6	1CH.22.12	6
2:7	JAS.3.15-JAS.3.17	49
2:7	PRO.30.5	16
2:7	PSA.84.11	15
2:7	1CO.3.18-1CO.3.19	11
2:7	1CO.1.19	9
2:7	2TI.3.15-2TI.3.17	9
2:7	1CO.1.30	7
2:7	PRO.28.18	6
2:7	PSA.144.2	5
2:7	PRO.14.8	5
2:7	1CO.2.6-1CO.2.7	5
2:7	COL.2.3	5
2:7	PRO.8.14	3
2:7	1CO.1.24	3
2:8	PSA.23.3	44
2:8	1SA.2.9	19
2:8	JHN.10.28-JHN.10.29	17
2:8	PSA.145.20	12
2:8	PSA.66.9	8
2:8	PSA.37.23-PSA.37.24	7
2:8	PSA.37.28	5
2:8	JUD.1.24	5
2:8	DEU.33.3	3
2:8	PSA.1.6	3
2:8	PRO.8.20	3
2:8	1PE.1.5	3
2:8	DEU.33.26-DEU.33.29	2
2:8	PSA.37.31	2
2:8	PSA.121.5-PSA.121.8	2
2:8	PRO.3.21-PRO.3.24	2
2:8	ISA.35.9	2
2:8	ISA.49.9-ISA.49.10	2
2:8	JER.32.40-JER.32.41	2
2:9	JER.6.16	8
2:9	PSA.143.8-PSA.143.10	5
2:9	ISA.48.17	5
2:9	MAT.7.13-MAT.7.14	5
2:9	PRO.1.2-PRO.1.6	3
2:9	PSA.25.8-PSA.25.9	2
2:9	PSA.32.8	2
2:9	PSA.119.99	2
2:9	JHN.14.6	2
2:9	PSA.119.105	1
2:9	ISA.35.8	1
2:10	JER.15.16	7
2:10	COL.3.16	5
2:10	JOB.23.12	4
2:10	PSA.19.10	3
2:10	PSA.104.34	3
2:10	PSA.119.162	3
2:10	PRO.18.1-PRO.18.2	3
2:10	PRO.24.13-PRO.24.14	3
2:10	PSA.119.111	2
2:10	PSA.119.97	1
2:10	PSA.119.103	1
2:10	PRO.14.33	1
2:11	PRO.4.6	10
2:11	EPH.5.15	10
2:11	PSA.25.21	7
2:11	ECC.10.10	4
2:11	PSA.119.9-PSA.119.11	3
2:11	PRO.6.22-PRO.6.24	2
2:11	ECC.9.15-ECC.9.18	2
2:12	1CO.15.33	7
2:12	PRO.8.13	6
2:12	PRO.13.20	6
2:12	2CO.6.17	4
2:12	ISA.59.3-ISA.59.5	3
2:12	PSA.17.4-PSA.17.5	2
2:12	PSA.26.4-PSA.26.5	2
2:12	PSA.141.4	2
2:12	PRO.1.10-PRO.1.19	2
2:12	PRO.3.32	2
2:12	PRO.4.14-PRO.4.17	2
2:12	PRO.9.6	2
2:12	PRO.16.28-PRO.16.30	2
2:12	ACT.20.30	2
2:12	PSA.101.4	1
2:13	JHN.3.19-JHN.3.20	6
2:13	PRO.4.19	5
2:13	PRO.21.16	3
2:13	2PE.2.20-2PE.2.22	3
2:13	1JN.2.19	3
2:13	PSA.14.3	2
2:13	PSA.36.3	2
2:13	PSA.82.5	2
2:13	EZK.18.26	2
2:13	EZK.33.12-EZK.33.13	2
2:13	ZEP.1.6	2
2:13	MAT.12.43-MAT.12.45	2
2:13	JHN.1.6	2
2:13	JHN.2.9-JHN.2.11	2
2:13	JHN.12.35	2
2:13	1TH.5.5-1TH.5.7	2
2:13	2TI.4.10	2
2:13	HEB.6.4-HEB.6.6	2
2:13	JOB.24.13-JOB.24.16	1
2:13	ROM.1.21	1
2:14	PRO.10.23	7
2:14	ROM.1.32	7
2:14	JER.11.15	4
2:14	LUK.22.4-LUK.22.5	3
2:14	1CO.13.6	3
2:14	HOS.7.3	2
2:14	ZEP.3.11	2
2:14	HAB.1.15	1
2:15	PSA.125.5	8
2:15	PRO.21.8	5
2:15	DEU.32.5	4
2:15	PHP.2.15	4
2:15	ISA.59.8	3
2:15	ISA.30.8-ISA.30.13	2
2:16	ECC.7.26	6
2:16	PRO.6.24	5
2:16	PRO.7.5-PRO.7.23	5
2:16	PRO.22.14	5
2:16	PRO.23.27	5
2:16	GEN.39.3-GEN.39.12	3
2:16	NEH.13.26-NEH.13.27	3
2:16	PRO.5.3-PRO.5.20	2
2:16	PRO.29.5	2
2:17	EZK.16.59-EZK.16.60	5
2:17	JER.3.4	4
2:17	EZK.16.8	4
2:17	PRO.5.18	3
2:17	MAL.2.14-MAL.2.16	3
2:18	PRO.9.18	4
2:18	1CO.6.9-1CO.6.11	4
2:18	PRO.5.4-PRO.5.14	3
2:18	GAL.5.19-GAL.5.21	3
2:18	EPH.5.5	3
2:18	REV.21.8	3
2:18	PRO.6.26-PRO.6.35	2
2:18	PRO.7.22-PRO.7.27	2
2:18	REV.22.15	2
2:19	ECC.7.26	6
2:19	PSA.81.12	4
2:19	HOS.4.14	2
2:19	MAT.19.24-MAT.19.26	2
2:19	PRO.4.18	1
2:19	JER.13.23	1
2:19	HEB.6.18	1
2:20	HEB.6.12	5
2:20	3JN.1.11	4
2:20	PSA.119.63	3
2:20	PSA.119.115	3
2:20	PRO.13.20	3
2:20	JER.6.16	3
2:20	SNG.1.7-SNG.1.8	2
2:21	PSA.84.11	7
2:21	PSA.37.9	6
2:21	PSA.37.29	6
2:21	PRO.10.30	5
2:21	JOB.42.12	4
2:21	PSA.37.3	3
2:21	PSA.37.11	3
2:21	PSA.37.22	3
2:21	JOB.1.1	2
2:21	PSA.112.4-PSA.112.6	2
2:22	PSA.52.5	9
2:22	DEU.7.22	7
2:22	ISA.3.10-ISA.3.11	7
2:22	PSA.37.28	6
2:22	DEU.28.63-DEU.28.64	5
2:22	PSA.145.20	5
2:22	PRO.10.30	5
2:22	JOB.18.16-JOB.18.18	4
2:22	PRO.5.22-PRO.5.23	4
2:22	JOB.21.30	3
2:22	PSA.37.37-PSA.37.38	3
2:22	PSA.104.35	3
2:22	PSA.37.20	2
2:22	PSA.37.22	2
3:1	JHN.14.21-JHN.14.24	31
3:1	PRO.4.5	30
3:1	DEU.6.6-DEU.6.9	28
3:1	PSA.119.16	25
3:1	PRO.1.8	23
3:1	PSA.119.34	16
3:1	PSA.119.93	16
3:1	DEU.8.1	14
3:1	JER.31.33	14
3:1	PSA.119.11	13
3:1	PSA.119.47-PSA.119.48	13
3:1	PSA.119.153	12
3:1	HOS.4.6	11
3:1	DEU.4.9	10
3:1	DEU.30.16-DEU.30.20	10
3:1	PSA.119.176	8
3:1	DEU.4.23	6
3:1	PRO.31.5	6
3:1	ISA.51.17	2
3:2	EPH.6.1-EPH.6.3	43
3:2	PRO.4.10	21
3:2	PSA.91.16	19
3:2	PSA.128.6	14
3:2	PRO.9.11	14
3:2	ROM.15.13	14
3:2	PSA.21.4	11
3:2	PSA.119.165	10
3:2	PRO.10.27	8
3:2	JOB.5.26	7
3:2	ROM.5.1	7
3:2	PSA.34.11-PSA.34.14	6
3:2	ISA.32.17	6
3:2	1TI.4.8	6
3:2	PRO.3.16-PRO.3.17	5
3:2	ISA.57.19-ISA.57.21	4
3:2	ROM.14.17	4
3:3	PRO.7.3	27
3:3	2CO.3.3	26
3:3	HEB.10.16	20
3:3	DEU.11.18-DEU.11.21	17
3:3	PRO.6.21	13
3:3	MAL.2.6	13
3:3	EPH.5.1-EPH.5.2	11
3:3	PRO.1.9	10
3:3	PRO.16.6	10
3:3	EPH.5.9	10
3:3	EXO.13.9	9
3:3	PSA.25.10	9
3:3	PSA.119.11	9
3:3	PRO.20.28	9
3:3	DEU.6.8	7
3:3	JER.17.1	7
3:3	HOS.4.1	6
3:3	MAT.23.23	5
3:3	2SA.15.20	4
3:3	MIC.7.18-MIC.7.20	4
3:4	LUK.2.52	34
3:4	1SA.2.26	25
3:4	ROM.14.18	24
3:4	PSA.111.10	22
3:4	GEN.39.2-GEN.39.4	20
3:4	GEN.39.21	19
3:4	ACT.2.47	18
3:4	DAN.1.9	14
3:4	JOS.1.7-JOS.1.8	10
3:5	PSA.37.5	850
3:5	JER.17.7-JER.17.8	679
3:5	PRO.28.26	563
3:5	PSA.37.3	447
3:5	PSA.62.8	429
3:5	ISA.26.3-ISA.26.4	417
3:5	ISA.12.2	328
3:5	PSA.37.7	308
3:5	PRO.3.7	273
3:5	JER.10.23	252
3:5	1CO.3.18-1CO.3.20	246
3:5	PSA.146.3-PSA.146.5	233
3:5	ROM.12.16	210
3:5	PSA.125.1	204
3:5	JER.9.23	194
3:5	PSA.115.9-PSA.115.11	185
3:5	PRO.22.19	171
3:5	JOB.13.15	157
3:5	PRO.23.4	150
3:5	1CO.8.1-1CO.8.2	140
3:5	EPH.1.12	135
3:6	PRO.16.3	232
3:6	PSA.32.8	201
3:6	PHP.4.6	164
3:6	PRO.16.9	126
3:6	JER.10.23	109
3:6	JAS.1.5	101
3:6	ISA.30.21	100
3:6	ISA.48.17	93
3:6	PSA.25.8-PSA.25.9	76
3:6	COL.3.23	73
3:6	COL.3.17	67
3:6	PRO.23.17	60
3:6	1CO.10.31	54
3:6	1CH.28.9	53
3:6	1SA.30.8	41
3:6	ISA.45.13	40
3:6	NEH.1.11	39
3:6	EZR.8.22-EZR.8.23	35
3:6	NEH.2.4	30
3:6	EZR.7.27	28
3:6	2CO.8.16	23
3:6	1SA.4.11-1SA.4.12	13
3:7	JOB.28.28	49
3:7	ROM.12.16	41
3:7	PRO.26.12	34
3:7	PRO.16.6	29
3:7	JOB.1.1	28
3:7	PSA.34.11-PSA.34.14	26
3:7	ECC.12.13	26
3:7	ISA.5.21	26
3:7	PRO.14.27	23
3:7	ROM.11.25	18
3:7	NEH.5.15	12
3:8	PRO.4.22	24
3:8	PSA.147.3	22
3:8	PRO.16.24	15
3:8	JOB.21.24	14
3:8	EZK.16.4-EZK.16.5	9
3:8	ISA.1.6	6
3:8	JER.30.12-JER.30.13	5
3:9	DEU.26.2-DEU.26.15	34
3:9	1CO.16.2	32
3:9	EXO.23.19	29
3:9	PRO.14.31	29
3:9	PHP.4.17-PHP.4.18	27
3:9	MAL.3.8-MAL.3.10	23
3:9	EXO.22.29	22
3:9	HAG.1.4-HAG.1.9	19
3:9	2CO.8.2-2CO.8.3	19
3:9	EXO.34.26	18
3:9	EXO.35.20-EXO.35.29	18
3:9	2CO.8.8-2CO.8.9	17
3:9	1JN.3.17-1JN.3.18	16
3:9	MRK.14.7-MRK.14.8	15
3:9	LUK.14.13-LUK.14.14	14
3:9	GEN.14.18-GEN.14.21	13
3:9	NUM.7.2-NUM.7.89	11
3:9	GEN.28.22	10
3:9	NUM.31.50-NUM.31.54	10
3:9	MRK.14.10-MRK.14.21	4
3:10	PRO.19.17	13
3:10	DEU.28.8	11
3:10	PRO.11.24-PRO.11.25	9
3:10	PRO.22.9	8
3:10	JOL.2.24	8
3:10	2CO.9.6-2CO.9.11	7
3:10	ECC.11.1-ECC.11.2	6
3:10	HAG.2.19	5
3:10	MAL.3.10-MAL.3.11	5
3:10	LEV.26.2-LEV.26.5	4
3:10	MAT.10.42	4
3:11	JOB.5.17	36
3:11	REV.3.19	26
3:11	HEB.12.5-HEB.12.12	24
3:11	PSA.94.12	19
3:11	ISA.40.30-ISA.40.31	12
3:11	1CO.11.32	11
3:11	2CO.4.16-2CO.4.17	7
3:11	2CO.4.1	5
3:11	PRO.24.10	2
3:11	HEB.12.3	2
3:12	DEU.8.5	28
3:12	REV.3.19	23
3:12	PRO.29.17	17
3:12	PRO.13.24	13
3:12	PSA.103.13	11
3:13	PRO.8.32-PRO.8.35	10
3:13	PRO.4.5-PRO.4.9	8
3:13	ECC.9.15-ECC.9.18	3
3:13	1KI.10.1-1KI.10.9	1
3:13	1KI.10.23-1KI.10.24	1
3:13	PRO.2.4	1
3:14	PRO.8.10-PRO.8.11	15
3:14	PRO.16.16	11
3:14	PRO.8.19	8
3:14	JOB.28.13-JOB.28.19	7
3:14	REV.3.18	6
3:14	2CH.1.11-2CH.1.12	5
3:14	PSA.119.111	5
3:14	PSA.119.162	5
3:14	PRO.2.4	5
3:14	MAT.16.26	5
3:14	PSA.119.72	3
3:14	PHP.3.8-PHP.3.9	2
3:15	PRO.8.11	7
3:15	JOB.28.18	5
3:15	PSA.73.25-PSA.73.26	5
3:15	PRO.31.10	5
3:15	ROM.8.18	5
3:15	PSA.63.3	4
3:15	PRO.20.15	4
3:15	MAT.13.44-MAT.13.46	3
3:16	PRO.3.2	14
3:16	2CO.6.10	11
3:16	PRO.22.4	9
3:16	1KI.3.13	8
3:16	MRK.10.30	5
3:16	1TI.4.8	5
3:16	PSA.21.4	4
3:16	PRO.4.6-PRO.4.10	4
3:16	PRO.8.18-PRO.8.21	4
3:16	1CO.3.21-1CO.3.23	4
3:16	PSA.71.9	3
3:17	LUK.1.79	10
3:17	ISA.26.3	9
3:17	PHP.4.8-PHP.4.9	8
3:17	PRO.2.10	7
3:17	PSA.119.165	6
3:17	PSA.19.10-PSA.19.11	4
3:17	PSA.112.1	4
3:17	PSA.119.14	4
3:17	PRO.22.18	4
3:17	MAT.11.28-MAT.11.30	4
3:17	PSA.119.47	3
3:17	PSA.119.103	3
3:17	PSA.119.174	3
3:17	PRO.16.7	3
3:17	ISA.57.19	3
3:17	PSA.25.10	2
3:17	PSA.37.11	2
3:17	PSA.63.3-PSA.63.5	2
3:17	ROM.5.1	1
3:18	PRO.11.30	14
3:18	PRO.15.4	11
3:18	REV.2.7	10
3:18	GEN.2.9	9
3:18	GEN.3.22	8
3:18	PRO.13.12	8
3:18	REV.22.2	6
3:19	PSA.104.24	13
3:19	JER.10.12	12
3:19	JHN.1.3	9
3:19	JER.51.15	8
3:19	PSA.136.5	7
3:19	PRO.8.27-PRO.8.29	6
3:20	GEN.7.11	6
3:20	PSA.65.9-PSA.65.12	5
3:20	GEN.1.9	4
3:20	GEN.27.28	4
3:20	JOB.36.27-JOB.36.28	4
3:20	JOB.38.8-JOB.38.11	4
3:20	JOB.38.26-JOB.38.28	4
3:20	GEN.27.37-GEN.27.39	3
3:20	DEU.33.28	3
3:20	PSA.104.8-PSA.104.9	3
3:20	JER.14.22	3
3:20	JOL.2.23	3
3:21	JOS.1.8	15
3:21	DEU.6.6-DEU.6.9	12
3:21	DEU.32.46-DEU.32.47	10
3:21	PRO.4.21	8
3:21	HEB.2.1-HEB.2.3	7
3:21	DEU.4.9	6
3:21	JHN.8.31	5
3:21	1JN.2.27	5
3:21	PRO.3.1-PRO.3.3	4
3:21	JHN.15.6-JHN.15.7	4
3:21	1JN.2.24	4
3:21	PRO.2.7	3
3:22	PRO.4.22	9
3:22	PRO.1.9	7
3:22	ISA.38.16	6
3:22	JHN.12.49-JHN.12.50	4
3:23	PRO.4.12	8
3:23	PRO.10.9	8
3:23	PSA.91.11-PSA.91.12	6
3:23	PSA.121.3	6
3:23	PSA.37.23-PSA.37.24	5
3:23	PSA.37.31	5
3:23	PSA.121.8	5
3:23	PRO.2.8	4
3:23	ZEC.10.12	4
3:24	PSA.4.8	22
3:24	PSA.3.5	21
3:24	PRO.6.22	15
3:24	JOB.11.19	13
3:24	PSA.121.4-PSA.121.7	12
3:24	JER.31.26	11
3:24	LEV.26.6	9
3:24	PSA.127.2	9
3:24	EZK.34.15	7
3:25	ISA.41.10-ISA.41.14	13
3:25	PSA.112.7	11
3:25	PSA.91.5	9
3:25	1PE.3.14	9
3:25	ISA.8.12-ISA.8.13	8
3:25	JOB.11.13-JOB.11.15	5
3:25	PSA.46.1-PSA.46.3	5
3:25	MAT.8.24-MAT.8.26	5
3:25	MAT.24.6	5
3:25	LUK.21.18-LUK.21.28	5
3:25	JHN.14.1	5
3:25	PSA.27.1-PSA.27.2	4
3:25	PSA.73.19	4
3:25	DAN.3.17-DAN.3.18	4
3:25	MRK.4.40	4
3:25	LUK.21.9	4
3:25	JOB.5.21-JOB.5.22	3
3:25	PRO.1.27	3
3:25	MAT.24.15	3
3:26	PSA.91.3	31
3:26	PRO.14.26	31
3:26	1SA.2.9	30
3:26	PSA.91.9-PSA.91.10	27
3:26	HAB.3.17-HAB.3.18	15
3:27	GAL.6.10	49
3:27	JAS.2.15-JAS.2.16	38
3:27	ROM.13.7	14
3:27	JAS.5.4	10
3:27	GEN.31.29	3
3:27	MIC.2.1	1
3:27	TIT.2.14	0
3:28	LEV.19.13	13
3:28	DEU.24.12-DEU.24.15	10
3:28	2CO.8.11	7
3:28	ECC.9.10	6
3:28	ECC.11.6	5
3:28	1TI.6.18	5
3:28	2CO.9.3	4
3:28	PRO.27.1	2
3:29	PRO.6.14	4
3:29	PSA.35.20	3
3:29	PSA.55.20	3
3:29	PSA.59.3	3
3:29	PRO.16.29-PRO.16.30	3
3:29	MIC.2.1-MIC.2.2	3
3:29	PRO.6.18	2
3:29	JER.18.18-JER.18.20	2
3:29	PRO.14.22	1
3:30	2TI.2.24	9
3:30	PRO.29.22	8
3:30	ROM.12.18-ROM.12.21	7
3:30	PRO.18.6	6
3:30	PRO.25.8-PRO.25.9	6
3:30	PRO.17.14	4
3:30	MAT.5.39-MAT.5.41	3
3:30	1CO.6.6-1CO.6.8	0
3:31	PRO.24.1	12
3:31	PSA.37.1	10
3:31	ECC.5.8	9
3:31	GAL.5.21	9
3:31	PRO.23.17	8
3:31	PRO.12.12	7
3:31	PRO.24.19-PRO.24.20	7
3:31	PSA.37.7-PSA.37.9	6
3:31	PRO.1.15-PRO.1.18	6
3:31	PRO.2.12-PRO.2.15	6
3:31	PSA.73.3	4
3:31	PRO.22.22-PRO.22.25	4
3:32	PSA.25.14	12
3:32	PRO.11.20	11
3:32	PRO.17.15	9
3:32	JHN.15.15	9
3:32	PRO.8.13	8
3:32	MAT.13.11	6
3:32	JHN.14.21-JHN.14.24	6
3:32	PSA.18.26	5
3:32	JOB.29.4	4
3:32	MAT.11.25	4
3:32	PRO.6.6-PRO.6.19	3
3:32	LUK.16.15	3
3:32	REV.2.17	3
3:32	PRO.14.10	2
3:33	PSA.37.22	13
3:33	LEV.26.14-LEV.26.46	11
3:33	JOB.8.6-JOB.8.7	9
3:33	PSA.91.10	9
3:33	MAL.2.2	8
3:33	DEU.7.26	5
3:33	PRO.21.12	5
3:33	DEU.28.2-DEU.28.68	4
3:33	DEU.29.19-DEU.29.29	4
3:33	2SA.6.11	4
3:33	PSA.1.3	4
3:33	ZEC.5.3-ZEC.5.4	4
3:33	DEU.11.28	3
3:33	JOS.7.13	3
3:33	JOS.6.18	2
3:34	JAS.4.6	20
3:34	1PE.5.5	15
3:34	PSA.138.6	11
3:34	PRO.9.12	10
3:34	PRO.21.24	9
3:34	ISA.57.15	8
3:34	PRO.9.7-PRO.9.8	6
3:34	PRO.19.29	5
3:35	PSA.132.18	8
3:35	ISA.65.13-ISA.65.15	5
3:35	1SA.2.30	4
3:35	PSA.73.24	4
3:35	DAN.12.2-DAN.12.3	4
3:35	PRO.4.8	2
3:35	PRO.13.8	2
4:1	HEB.2.1	12
4:1	PSA.34.11	9
4:1	PRO.1.8	8
4:1	PRO.2.1-PRO.2.5	7
4:1	PRO.5.1	6
4:1	1TH.2.11-1TH.2.12	6
4:1	PRO.7.4	4
4:1	PRO.19.20	4
4:1	PRO.22.17	4
4:1	PRO.6.20-PRO.6.23	2
4:1	PRO.8.32-PRO.8.36	2
4:2	1TI.4.6	10
4:2	TIT.1.9	7
4:2	DEU.32.2	6
4:2	JOB.33.3	6
4:2	PSA.89.30-PSA.89.32	6
4:2	PRO.8.6-PRO.8.9	6
4:2	1CH.28.9	4
4:2	2CH.7.19	4
4:2	JOB.11.4	4
4:2	PSA.49.1-PSA.49.3	4
4:2	PRO.22.20-PRO.22.21	4
4:2	JHN.7.16-JHN.7.17	4
4:3	1CH.22.5	6
4:3	1CH.29.1	3
4:3	ROM.12.16	3
4:3	2SA.12.24-2SA.12.25	2
4:3	1KI.1.13-1KI.1.17	2
4:3	1CH.3.5	2
4:3	JER.10.23	2
4:3	ZEC.12.10	2
4:4	PRO.3.1	39
4:4	EPH.6.4	13
4:4	JHN.12.50	8
4:4	1CH.28.9	6
4:4	PRO.7.2	6
4:4	DEU.6.6	5
4:4	2TI.3.15	5
4:4	ISA.55.3	4
4:4	GEN.18.19	3
4:4	LEV.18.3-LEV.18.5	3
4:4	DEU.4.9	3
4:4	PSA.119.11	3
4:4	PRO.22.6	3
4:4	2TI.1.5	3
4:4	HEB.5.9	3
4:4	1CH.22.11-1CH.22.16	2
4:5	JAS.1.5	15
4:5	PRO.3.13-PRO.3.18	11
4:5	2CH.34.2	10
4:5	PRO.1.22-PRO.1.23	10
4:5	PSA.44.18	9
4:5	JOB.23.11	8
4:5	PRO.8.5	8
4:5	PRO.17.16	8
4:5	PRO.19.8	7
4:5	PSA.119.51	6
4:5	PSA.119.157	6
4:5	PRO.2.2-PRO.2.4	6
4:5	PRO.16.16	6
4:5	PRO.18.1	6
4:5	PRO.23.23	5
4:6	2TH.2.10	12
4:6	PRO.4.21-PRO.4.22	7
4:6	EPH.3.17	6
4:6	PRO.2.10-PRO.2.12	5
4:7	ECC.7.12	22
4:7	ECC.9.16-ECC.9.18	19
4:7	PRO.23.23	15
4:7	PRO.16.16	11
4:7	PHP.3.8	9
4:7	MRK.8.36-MRK.8.37	6
4:7	MAT.13.44-MAT.13.46	3
4:7	PSA.119.104	2
4:7	PSA.49.16-PSA.49.20	1
4:7	PRO.21.6	1
4:7	LUK.12.20	1
4:7	ECC.2.4-ECC.2.9	0
4:7	LUK.10.42	0
4:8	DAN.12.3	9
4:8	1SA.2.30	5
4:8	PRO.3.35	4
4:8	1KI.3.5-1KI.3.13	3
4:8	PRO.22.4	3
4:9	PRO.1.9	9
4:9	1PE.5.4	7
4:9	HEB.2.7-HEB.2.9	5
4:9	PRO.16.31	4
4:9	ISA.28.5	4
4:9	REV.3.21	3
4:9	PRO.3.22	2
4:9	1TI.2.9-1TI.2.10	2
4:9	1PE.3.4	2
4:10	1TH.2.13	8
4:10	PRO.3.2	6
4:10	DEU.6.2	5
4:10	JER.9.20	5
4:10	PRO.3.16	4
4:10	PRO.8.10	3
4:10	JHN.3.32-JHN.3.33	3
4:10	1TI.1.15	3
4:10	JOB.22.22	2
4:10	PRO.2.1	2
4:10	PRO.19.20	2
4:10	DEU.5.16	1
4:11	PSA.25.4-PSA.25.5	12
4:11	ECC.12.9	8
4:11	PRO.8.9	7
4:11	1SA.12.23-1SA.12.24	6
4:11	PSA.23.3	6
4:11	PRO.8.6	6
4:11	DEU.4.5	5
4:11	PRO.4.4	3
4:11	PRO.8.20	2
4:11	ACT.13.10	2
4:12	PRO.3.23	13
4:12	PSA.18.36	11
4:12	2SA.22.37	7
4:12	1PE.2.8	7
4:12	JHN.11.9-JHN.11.10	6
4:12	PSA.91.11-PSA.91.12	5
4:12	PSA.119.165	5
4:12	1JN.2.10-1JN.2.11	5
4:12	PRO.4.19	4
4:12	JOB.18.7-JOB.18.8	2
4:12	PRO.6.22	2
4:12	JER.31.9	2
4:12	ROM.9.32-ROM.9.33	2
4:13	PRO.3.18	14
4:13	HEB.2.1	14
4:13	PRO.23.23	13
4:13	DEU.32.47	9
4:13	ACT.2.42	7
4:13	ACT.11.23	7
4:13	1TH.5.21	7
4:13	JHN.6.68	6
4:13	SNG.3.4	5
4:13	REV.2.13	5
4:13	REV.12.11	5
4:13	ECC.7.12	4
4:13	GEN.32.26	3
4:13	PRO.3.22	3
4:13	LUK.24.27-LUK.24.29	3
4:13	JHN.4.39-JHN.4.42	1
4:14	PSA.1.1	19
4:14	1CO.15.33	17
4:14	PRO.1.10	14
4:14	PRO.1.15	14
4:14	PRO.9.6	12
4:14	PRO.13.20	12
4:14	PRO.2.11-PRO.2.12	10
4:14	PSA.26.4-PSA.26.5	7
4:15	EPH.5.11	9
4:15	JOB.22.23	8
4:15	1TH.5.22	7
4:15	EXO.23.7	6
4:15	JOB.11.14	6
4:15	PRO.5.8	4
4:15	ISA.33.15	4
4:15	PRO.6.5	3
4:16	PSA.36.4	16
4:16	MIC.2.1	12
4:16	ISA.57.20	7
4:16	2PE.2.14	6
4:16	PRO.1.16	5
4:16	LUK.22.66	2
4:16	JHN.18.28	1
4:17	PSA.14.4	3
4:17	PRO.9.17	3
4:17	PRO.20.17	3
4:17	MIC.6.12	3
4:17	JAS.5.4-JAS.5.5	3
4:17	JOB.24.5-JOB.24.6	2
4:17	JER.5.26-JER.5.28	2
4:17	EZK.22.25-EZK.22.29	2
4:17	AMO.8.4-AMO.8.6	2
4:17	MIC.3.5	2
4:17	ZEP.3.3	2
4:17	MAT.23.13	2
4:18	JHN.8.12	67
4:18	JOB.11.17	57
4:18	DAN.12.3	46
4:18	PHP.2.15	41
4:18	2CO.3.18	38
4:18	2PE.1.19	31
4:18	PSA.84.7	30
4:18	MAT.5.14	30
4:18	ISA.26.7	29
4:18	MAT.5.16	29
4:18	2SA.23.4	25
4:18	REV.22.5	23
4:18	2PE.3.18	22
4:18	REV.21.23	19
4:18	ZEC.14.6-ZEC.14.7	18
4:18	JOB.23.10	16
4:18	HOS.6.3	16
4:18	MAT.5.45	15
4:19	JHN.12.35	12
4:19	ISA.59.9-ISA.59.10	7
4:19	JOB.18.5-JOB.18.6	6
4:19	JER.23.12	6
4:19	1SA.2.9	5
4:19	JER.13.16	4
4:19	JOB.5.14	3
4:19	JOB.12.25	3
4:19	JOB.18.18	3
4:19	PRO.2.13	3
4:19	MAT.7.23	3
4:19	JHN.11.10	3
4:19	MAT.15.14	2
4:19	1JN.2.11	2
4:20	PRO.5.1	26
4:20	ISA.55.3	21
4:20	PRO.6.20-PRO.6.21	17
4:20	PRO.7.1	17
4:20	PSA.78.1	13
4:20	PSA.90.12	12
4:20	MAT.17.5	10
4:21	PRO.3.21	10
4:21	PRO.3.3	8
4:21	PRO.7.1-PRO.7.2	8
4:21	PSA.40.8	7
4:21	PRO.2.1	6
4:22	PRO.12.18	21
4:22	PRO.4.10	20
4:22	JER.33.6	20
4:22	PRO.3.8	18
4:22	PRO.4.4	15
4:23	LUK.6.45	833
4:23	MAT.12.34-MAT.12.35	585
4:23	MRK.7.21-MRK.7.23	495
4:23	PSA.139.23-PSA.139.24	476
4:23	PRO.13.3	395
4:23	JER.17.9	368
4:23	MAT.15.19	346
4:23	PRO.23.19	307
4:23	PRO.28.26	270
4:23	MRK.14.38	252
4:23	JAS.1.14-JAS.1.15	248
4:23	DEU.4.9	225
4:23	HEB.12.15	192
4:23	PRO.4.7	184
4:23	PRO.3.21	180
4:23	PRO.22.5	170
4:23	PRO.11.16	122
4:23	ECC.5.13	98
4:24	JAS.1.26	16
4:24	PRO.8.8	15
4:24	PRO.8.13	10
4:24	EPH.4.25-EPH.4.31	10
4:24	PRO.6.12	9
4:24	JAS.1.21	9
4:24	1PE.2.1	9
4:24	COL.3.8	7
4:24	PRO.17.20	5
4:24	1TI.6.5	5
4:24	JOB.11.14	4
4:24	EZK.18.31	4
4:25	PSA.119.37	30
4:25	MAT.6.22	20
4:25	JOB.31.1	12
4:25	PRO.23.33	8
4:25	PRO.23.5	4
4:26	PSA.37.23	24
4:26	HEB.12.13	24
4:26	PSA.119.5	18
4:26	2TH.3.3	17
4:26	HAG.1.5	16
4:26	PRO.5.21	14
4:26	HAG.1.7	14
4:26	PSA.119.59	12
4:26	EZK.18.28	11
4:26	EPH.5.15	11
4:26	PSA.40.2	10
4:26	PRO.5.6	10
4:26	EPH.5.17	9
4:26	1TH.3.13	9
4:26	1PE.5.10	6
4:27	DEU.5.32	22
4:27	JOS.1.7	20
4:27	DEU.28.14	18
4:27	PRO.16.17	12
4:27	DEU.12.32	11
4:27	ISA.1.16	8
4:27	ROM.12.9	8
5:1	PRO.22.17	12
5:1	PRO.2.1	7
5:1	PRO.4.20	7
5:1	REV.2.11	7
5:1	MRK.4.23	5
5:1	REV.2.17	5
5:1	REV.3.13	5
5:1	PRO.4.1	4
5:1	JAS.1.19	4
5:1	REV.2.7	3
5:1	REV.2.29	3
5:1	REV.3.6	3
5:1	MAT.3.9	2
5:1	REV.3.22	2
5:2	PRO.15.7	5
5:2	PRO.16.23	5
5:2	MAL.2.6-MAL.2.7	5
5:2	SNG.4.11	4
5:2	PSA.45.2	3
5:2	PSA.71.15	3
5:2	PSA.119.13	3
5:2	PRO.10.21	3
5:2	PRO.15.2	3
5:2	PRO.20.15	2
5:3	PRO.2.16	11
5:3	PRO.6.24	7
5:3	PSA.55.21	5
5:3	PRO.7.5	5
5:3	PRO.7.21	5
5:3	REV.17.2-REV.17.6	3
5:4	ECC.7.26	8
5:4	PSA.55.21	5
5:4	PSA.57.4	5
5:4	HEB.4.12	4
5:4	PRO.9.18	3
5:4	JDG.16.4-JDG.16.6	2
5:4	JDG.16.15-JDG.16.21	2
5:4	PRO.6.24-PRO.6.35	2
5:4	PRO.7.22-PRO.7.23	2
5:4	PRO.23.27-PRO.23.28	2
5:4	HEB.12.15-HEB.12.16	2
5:5	PRO.7.27	5
5:5	PRO.2.18-PRO.2.19	4
5:6	PRO.4.26	5
5:6	PSA.16.11	4
5:6	PRO.5.21	4
5:6	PSA.119.59	3
5:6	PRO.6.12-PRO.6.13	3
5:6	PRO.30.20	3
5:6	PRO.7.10-PRO.7.21	2
5:6	PRO.11.19	2
5:6	2TH.2.9-2TH.2.10	2
5:7	PRO.4.1	5
5:7	PRO.7.24	3
5:7	PRO.22.17-PRO.22.21	3
5:7	PRO.3.21	2
5:7	PRO.4.21	2
5:7	HEB.12.25	2
5:7	PRO.8.32-PRO.8.36	1
5:8	PRO.7.25	9
5:8	EPH.5.11	9
5:8	PRO.4.15	7
5:8	MAT.6.13	7
5:8	PRO.6.27-PRO.6.28	6
5:9	NEH.13.26	3
5:9	HOS.4.13-HOS.4.14	2
5:9	GEN.38.23-GEN.38.26	1
5:9	JDG.16.19-JDG.16.21	1
5:9	PRO.6.29-PRO.6.35	0
5:10	PRO.6.35	3
5:10	HOS.7.9	3
5:10	PRO.31.3	2
5:10	LUK.15.30	1
5:11	ROM.6.21	6
5:11	REV.22.15	5
5:11	NUM.5.27	3
5:11	HEB.13.4	3
5:11	DEU.32.29	2
5:11	PRO.7.23	2
5:11	JER.5.31	2
5:11	1CO.5.4-1CO.5.5	2
5:11	REV.21.8	2
5:12	PRO.12.1	8
5:12	PRO.1.7	5
5:12	PRO.1.22	5
5:12	PRO.1.25	5
5:12	PRO.15.5	5
5:12	EXO.2.13-EXO.2.14	4
5:12	PSA.50.17	4
5:12	PRO.13.18	4
5:12	JER.44.4	4
5:12	ZEC.1.4-ZEC.1.6	4
5:12	JHN.3.19-JHN.3.20	4
5:12	GEN.19.9	3
5:12	2CH.24.20-2CH.24.22	3
5:12	2CH.25.16	3
5:12	2CH.33.10-2CH.33.11	3
5:12	2CH.36.16	3
5:12	PSA.73.22	3
5:12	ZEC.7.11-ZEC.7.14	3
5:12	PRO.1.29-PRO.1.30	2
5:12	PRO.6.23	2
5:13	1TH.4.8	4
5:13	LUK.15.18	3
5:13	HEB.13.7	3
5:13	1TH.5.12-1TH.5.13	2
5:14	PRO.13.20	7
5:14	1CO.10.6-1CO.10.8	4
5:14	2PE.2.10-2PE.2.18	4
5:14	NUM.25.1-NUM.25.6	3
5:14	HOS.4.11-HOS.4.14	3
5:14	JUD.1.7-JUD.1.13	2
5:15	1CO.7.2-1CO.7.5	11
5:15	HEB.13.4	8
5:15	PRO.5.18-PRO.5.19	6
5:16	PSA.128.3	7
5:16	PSA.127.3	5
5:16	GEN.24.60	4
5:16	DEU.33.28	4
5:16	JDG.12.9	4
5:16	PSA.68.26	4
5:16	ISA.48.21	4
5:18	ECC.9.9	20
5:18	MAL.2.14-MAL.2.15	11
5:18	SNG.4.15	5
5:18	SNG.4.12	4
5:19	SNG.7.3	7
5:19	SNG.2.9	6
5:19	SNG.4.5	6
5:19	SNG.8.14	6
5:19	PRO.5.15	4
5:19	SNG.2.17	4
5:19	2SA.12.4	1
5:20	PRO.6.24	3
5:20	PRO.7.5	3
5:20	1KI.11.1	2
5:20	PRO.22.14	2
5:20	PRO.23.27-PRO.23.28	2
5:20	PRO.23.33	2
5:20	PRO.2.16-PRO.2.19	1
5:21	HEB.4.13	14
5:21	PRO.15.3	12
5:21	JOB.34.21	9
5:21	JER.32.19	9
5:21	PSA.11.4	7
5:21	JER.16.17	7
5:21	JER.23.24	7
5:21	HOS.7.2	7
5:21	JOB.31.4	6
5:21	PSA.119.168	6
5:21	2CH.16.9	5
5:21	JOB.14.16	5
5:21	PSA.139.1-PSA.139.12	5
5:21	JER.17.10	5
5:21	PSA.17.3	4
5:21	REV.2.23	3
5:21	REV.2.18	0
5:22	PRO.1.31-PRO.1.32	4
5:22	PRO.11.5	4
5:22	NUM.32.23	3
5:22	PSA.9.15	3
5:22	PRO.1.18	3
5:22	HOS.4.11-HOS.4.14	3
5:22	EPH.5.5-EPH.5.6	3
5:22	PSA.7.15-PSA.7.16	2
5:22	PRO.11.3	2
5:22	ECC.7.26	2
5:22	JER.2.19	2
5:22	1CO.5.9-1CO.5.10	2
5:22	GAL.5.19-GAL.5.21	2
5:22	GAL.6.7-GAL.6.8	2
5:22	HEB.13.4	2
5:23	JOB.36.12	8
5:23	JOB.4.21	6
5:23	2PE.2.15-2PE.2.22	5
5:23	PRO.10.21	4
5:23	PRO.14.32	4
5:23	PSA.81.12	3
5:23	PRO.14.14	3
6:1	PRO.17.18	10
6:1	PRO.22.26	10
6:1	PRO.11.15	8
6:1	PRO.20.16	8
6:1	GEN.43.9	6
6:1	GEN.44.32-GEN.44.33	6
6:1	JOB.17.3	5
6:1	PRO.27.13	5
6:1	PHM.1.18-PHM.1.19	5
6:1	HEB.7.22	5
6:2	PRO.18.7	16
6:2	PRO.12.13	15
6:3	JAS.4.10	7
6:3	2SA.24.14	3
6:3	PSA.31.8	3
6:3	EXO.10.3	2
6:3	2CH.12.5	2
6:3	2CH.36.12	2
6:4	PSA.132.4	9
6:4	PRO.6.10-PRO.6.11	6
6:4	MRK.13.35-MRK.13.36	5
6:4	ECC.9.10	4
6:4	MAT.24.17-MAT.24.18	3
6:5	PSA.91.3	8
6:5	PSA.124.7	6
6:5	PRO.1.17	2
6:5	PSA.11.1	0
6:6	PRO.20.4	20
6:6	PRO.18.9	19
6:6	PRO.6.9	17
6:6	PRO.13.4	17
6:6	HEB.6.12	15
6:6	PRO.30.25	14
6:6	MAT.25.26	14
6:6	ROM.12.11	13
6:6	PRO.26.13-PRO.26.16	12
6:6	PRO.19.15	10
6:6	PRO.21.25	10
6:6	JOB.12.7-JOB.12.8	9
6:6	PRO.22.13	9
6:6	PRO.24.30-PRO.24.34	9
6:6	PRO.10.26	8
6:6	PRO.15.19	7
6:6	MAT.6.26	7
6:6	PRO.19.24	6
6:6	PRO.1.17	4
6:6	ISA.1.3	4
6:7	JOB.38.39-JOB.39.12	4
6:7	PRO.30.27	4
6:7	JOB.39.26-JOB.39.30	3
6:7	JOB.41.4-JOB.41.34	3
6:8	PRO.10.5	7
6:8	PRO.30.25	6
6:8	1TI.6.19	6
6:9	PRO.24.33-PRO.24.34	9
6:9	PSA.94.8	5
6:9	JER.4.14	4
6:9	EPH.5.14	4
6:9	PRO.1.22	3
6:9	ROM.13.11	3
6:9	1TH.5.2-1TH.5.7	3
6:10	PRO.24.33-PRO.24.34	7
6:10	PRO.6.6	3
6:10	PRO.23.33-PRO.23.34	2
6:11	PRO.13.4	5
6:11	PRO.10.4	4
6:11	PRO.20.4	4
6:11	PRO.24.34	4
6:12	MAT.12.34	7
6:12	PRO.4.24	6
6:12	PRO.16.27	6
6:12	1TI.5.13	6
6:12	PSA.52.2-PSA.52.4	4
6:12	PSA.59.7	4
6:12	PRO.8.13	3
6:12	PRO.17.4	3
6:12	ACT.20.30	3
6:12	TIT.1.10-TIT.1.11	3
6:12	PSA.10.3	2
6:12	PSA.10.7	2
6:12	PSA.36.3	2
6:12	PSA.73.8-PSA.73.9	2
6:12	PRO.2.12	2
6:12	PRO.6.14	2
6:12	PRO.11.6	2
6:12	JAS.3.6	2
6:12	1SA.17.28	1
6:12	JER.24.2	1
6:12	JER.24.8-JER.24.10	1
6:12	JAS.1.21	1
6:13	PSA.35.19	6
6:13	JOB.15.12	5
6:13	PRO.10.10	5
6:13	PRO.5.6	2
6:14	MIC.2.1	5
6:14	ROM.16.17	5
6:14	PRO.6.18-PRO.6.19	4
6:14	HOS.8.7	4
6:14	PSA.36.4	3
6:14	PRO.2.14	3
6:14	PRO.26.17-PRO.26.22	3
6:14	PRO.3.29	2
6:14	PRO.16.28-PRO.16.30	2
6:14	PRO.21.8	2
6:14	PRO.22.8	2
6:14	ISA.32.7	2
6:14	ISA.57.20	2
6:14	EZK.11.2	2
6:14	GAL.6.7-GAL.6.8	2
6:15	2CH.36.16	6
6:15	JER.19.11	6
6:15	1TH.5.3	4
6:15	PSA.73.18-PSA.73.20	3
6:15	PRO.1.27	3
6:15	ISA.30.13-ISA.30.14	3
6:15	PSA.50.22	2
6:15	PRO.29.1	2
6:16	PSA.11.5	24
6:16	PRO.8.13	18
6:16	PRO.11.20	15
6:16	DEU.25.16	11
6:16	PRO.17.15	11
6:16	PRO.3.32	9
6:16	PRO.11.1	6
6:16	DEU.24.4	4
6:16	PRO.15.8-PRO.15.9	4
6:16	DEU.18.10-DEU.18.12	3
6:16	DEU.23.18	3
6:16	PRO.20.23	3
6:16	PRO.30.21	3
6:16	AMO.1.3	3
6:16	AMO.1.6	3
6:16	AMO.1.9	3
6:16	AMO.1.11	3
6:16	AMO.2.1	3
6:16	REV.21.27	3
6:16	PRO.20.10	2
6:16	PRO.30.29	2
6:16	AMO.2.4	2
6:16	AMO.2.6	2
6:16	PRO.30.24	1
6:16	PRO.30.18	0
6:17	PSA.120.2-PSA.120.3	34
6:17	PRO.12.22	20
6:17	PSA.101.5	12
6:17	ISA.1.15	12
6:17	PSA.5.6	11
6:17	DEU.27.25	7
6:17	PRO.21.4	7
6:17	PRO.26.28	7
6:17	ISA.3.9	7
6:17	HOS.4.1-HOS.4.2	6
6:17	DEU.19.10	5
6:17	2KI.24.4	5
6:17	PSA.18.27	5
6:17	PSA.31.18	5
6:17	PRO.14.5	5
6:17	ISA.3.16	5
6:17	ISA.59.3-ISA.59.7	5
6:17	JHN.8.44	5
6:17	PRO.1.11	4
6:17	PRO.17.7	4
6:17	PRO.30.13	4
6:17	ISA.2.11	4
6:17	PSA.10.4	3
6:17	PSA.73.6-PSA.73.8	3
6:17	PSA.131.1	3
6:17	1PE.5.5	3
6:17	REV.22.15	3
6:18	GEN.6.5	13
6:18	PRO.1.16	12
6:18	PSA.36.4	10
6:18	JER.4.14	10
6:18	ROM.3.15	10
6:18	ISA.59.7	9
6:18	ZEC.8.17	9
6:18	PRO.24.8	8
6:18	MIC.2.1	8
6:19	PRO.19.5	9
6:19	PRO.6.14	8
6:19	JAS.3.18	7
6:19	PSA.27.12	6
6:19	PRO.19.9	6
6:19	DEU.19.16-DEU.19.20	4
6:19	PRO.25.18	4
6:19	JAS.3.14-JAS.3.16	4
6:19	PRO.12.17	3
6:19	PRO.22.10	3
6:19	PRO.26.20	3
6:19	ACT.6.13	3
6:19	2TI.2.23	3
6:19	1KI.21.10-1KI.21.15	2
6:19	PRO.16.28	2
6:19	3JN.1.9-3JN.1.10	2
6:19	EXO.20.16	1
6:19	EXO.23.1	1
6:19	PSA.35.11	1
6:19	MAT.15.19	1
6:19	MAT.26.59	1
6:20	EPH.6.1	6
6:20	DEU.27.16	5
6:20	PRO.7.1-PRO.7.4	4
6:20	PRO.1.8-PRO.1.9	3
6:20	PRO.23.22	3
6:20	DEU.21.18	2
6:20	PRO.30.11	2
6:21	PRO.3.3	5
6:21	PRO.7.3-PRO.7.4	4
6:21	2CO.3.3	3
6:21	EXO.13.16	2
6:21	DEU.6.8	2
6:21	PRO.4.6	2
6:21	PRO.4.21	1
6:22	PSA.119.11	8
6:22	PRO.3.23-PRO.3.24	7
6:22	PSA.119.24	5
6:22	PRO.2.11	5
6:22	PSA.43.3	4
6:22	PSA.119.97	4
6:22	PSA.17.4	3
6:22	PSA.119.9	3
6:22	PSA.119.54	3
6:22	PSA.119.148	3
6:22	DAN.11.18-DAN.11.21	2
6:23	PSA.119.105	23
6:23	2PE.1.19	16
6:23	PSA.19.8	15
6:23	PRO.15.31	14
6:23	PRO.4.13	13
6:23	PRO.4.4	12
6:23	JER.21.8	10
6:23	PSA.119.98-PSA.119.100	8
6:23	PSA.141.5	8
6:23	PRO.15.24	8
6:23	PRO.29.15	8
6:23	PRO.3.18	7
6:23	ISA.8.20	7
6:23	REV.2.5	7
6:23	LEV.19.17	6
6:23	PRO.5.12	6
6:24	PRO.2.16	6
6:24	PRO.5.3	6
6:24	PRO.7.5	6
6:24	ECC.7.26	6
6:25	MAT.5.28	9
6:25	JAS.1.14-JAS.1.15	9
6:25	2KI.9.30	8
6:25	2SA.11.2-2SA.11.5	3
6:25	SNG.4.9	1
6:25	ISA.3.16	1
6:26	LUK.15.30	5
6:26	PRO.29.3	4
6:26	GEN.39.14	3
6:26	1SA.2.36	3
6:26	PRO.5.10	2
6:26	PRO.7.23	2
6:26	PRO.29.8	2
6:26	EZK.13.8	2
6:26	EZK.13.18	2
6:26	LUK.15.13-LUK.15.15	2
6:27	JOB.31.9-JOB.31.12	5
6:27	HOS.7.4-HOS.7.7	4
6:27	JAS.3.5	4
6:29	1CO.7.1	4
6:29	LEV.20.10	3
6:29	2SA.12.9-2SA.12.10	3
6:29	EZK.22.11	3
6:29	MAL.3.5	3
6:29	GEN.12.18-GEN.12.19	2
6:29	GEN.26.10-GEN.26.11	2
6:29	2SA.11.3-2SA.11.4	2
6:29	2SA.16.21	2
6:29	PRO.16.5	2
6:29	JER.5.8-JER.5.9	2
6:29	GEN.20.4-GEN.20.7	1
6:31	LUK.19.8	12
6:31	EXO.22.1-EXO.22.4	9
6:31	2SA.12.6	9
6:31	JOB.20.18	9
6:31	MAT.18.25	4
6:32	PRO.7.7	8
6:32	PRO.7.22-PRO.7.23	6
6:32	HEB.13.4	6
6:32	ROM.1.22-ROM.1.24	5
6:32	PRO.2.18-PRO.2.19	4
6:32	ECC.7.25-ECC.7.26	4
6:32	GEN.39.9-GEN.39.10	3
6:32	GEN.41.39	3
6:32	EXO.20.14	3
6:32	PRO.5.22-PRO.5.23	2
6:32	PRO.8.36	2
6:32	PRO.9.4	2
6:32	PRO.9.16-PRO.9.18	2
6:32	JER.5.8	2
6:32	JER.5.21	2
6:32	EZK.18.31	2
6:32	HOS.4.11-HOS.4.12	2
6:32	HOS.13.9	1
6:33	PRO.5.9-PRO.5.11	3
6:33	GEN.49.4	2
6:33	JDG.16.19-JDG.16.21	2
6:33	1KI.15.5	2
6:33	NEH.13.26	2
6:33	PSA.38.1-PSA.38.8	2
6:33	PSA.51.1	2
6:33	PSA.51.8	2
6:33	MAT.1.6	2
6:34	NUM.5.14	3
6:34	PRO.27.4	3
6:34	SNG.8.6	3
6:34	1CO.10.22	2
6:34	NUM.25.11	1
6:34	JDG.19.29-JDG.19.30	1
6:35	2KI.5.1	2
6:35	PRO.4.3	2
6:35	PRO.7.13	2
6:35	PRO.8.25	2
6:35	ISA.2.9	2
6:35	MAL.2.9	2
7:1	PRO.1.8	8
7:1	LUK.11.28	6
7:1	REV.1.3	6
7:1	PRO.2.1-PRO.2.7	5
7:1	JHN.14.23	5
7:1	REV.22.9	5
7:1	JOB.22.22	4
7:1	PRO.3.1	4
7:1	JHN.15.20	4
7:1	DEU.11.28	3
7:1	LUK.8.15	3
7:1	PRO.10.14	1
7:2	PSA.17.8	9
7:2	LEV.18.5	7
7:2	PRO.4.4	7
7:2	1JN.2.3-1JN.2.4	7
7:2	JHN.14.21	6
7:2	1JN.5.1-1JN.5.3	6
7:2	DEU.32.10	5
7:2	PRO.4.13	5
7:2	ISA.55.3	5
7:2	JHN.12.49-JHN.12.50	5
7:2	JHN.15.14	5
7:2	ZEC.2.8	4
7:2	REV.22.14	2
7:3	DEU.11.18-DEU.11.20	44
7:3	PRO.3.3	32
7:3	DEU.6.8-DEU.6.9	25
7:3	JER.31.33	19
7:3	2CO.3.3	18
7:3	ISA.30.8	17
7:3	PRO.6.21	15
7:3	JER.17.1	9
7:4	PRO.2.2-PRO.2.4	5
7:4	PRO.4.6-PRO.4.8	5
7:4	JOB.17.14	2
7:4	SNG.8.1	2
7:4	MAT.12.49-MAT.12.50	1
7:4	LUK.11.27-LUK.11.28	1
7:5	PRO.2.16	6
7:5	PRO.6.24	4
7:5	PRO.5.3	3
7:6	GEN.26.8	2
7:6	JDG.5.28	2
7:6	2SA.6.16	1
7:7	PRO.6.32	5
7:7	PRO.1.22	4
7:7	PSA.119.130	3
7:7	PRO.1.4	3
7:7	PRO.1.32	3
7:7	PRO.8.5	3
7:7	PRO.9.4	3
7:7	PRO.9.16	3
7:7	PRO.10.13	3
7:7	JER.4.22	3
7:7	MAT.15.16	3
7:7	ROM.16.18-ROM.16.19	3
7:7	PSA.19.7	2
7:7	PRO.12.11	2
7:7	PRO.14.15	2
7:7	PRO.14.18	2
7:7	PRO.19.2	2
7:7	PRO.19.25	2
7:7	PRO.22.3	2
7:7	PRO.24.30	2
7:7	PRO.27.12	2
7:8	JDG.16.1	2
7:8	2SA.11.2-2SA.11.3	2
7:8	PRO.4.14-PRO.4.15	2
7:8	PRO.5.8	2
7:8	PRO.7.12	2
7:8	1CO.6.18	2
7:8	2TI.2.22	2
7:8	JUD.1.23	2
7:9	JOB.24.13-JOB.24.15	3
7:9	ROM.13.12-ROM.13.14	3
7:9	GEN.39.11	2
7:9	EPH.5.11	2
7:9	EXO.12.6	1
7:10	ISA.3.16-ISA.3.24	6
7:10	2CO.11.2-2CO.11.3	6
7:10	1TI.2.9	6
7:10	2KI.9.30	5
7:10	JER.4.30	5
7:10	GEN.38.14-GEN.38.15	4
7:10	2KI.9.22	4
7:10	ISA.23.16	4
7:10	GEN.3.1	3
7:10	REV.17.3-REV.17.5	3
7:11	PRO.9.13	10
7:11	TIT.2.5	6
7:11	PRO.31.10-PRO.31.31	4
7:11	1TI.5.13-1TI.5.14	4
7:11	GEN.18.9	3
7:11	PRO.25.24	3
7:11	PRO.27.14-PRO.27.15	3
7:12	PRO.23.28	5
7:12	PRO.9.14	4
7:12	REV.18.3	3
7:12	JER.2.20	2
7:12	JER.2.33	2
7:12	JER.2.36	2
7:12	JER.3.2	2
7:12	EZK.16.24-EZK.16.25	2
7:12	EZK.16.31	2
7:12	REV.18.23	2
7:13	GEN.39.12	3
7:13	NUM.25.6-NUM.25.8	3
7:13	GEN.39.7	2
7:13	NUM.25.1	2
7:13	NUM.31.16	2
7:13	PRO.21.29	2
7:13	ISA.50.7	2
7:13	EZK.2.4	2
7:13	EZK.2.6	2
7:13	EZK.3.7-EZK.3.9	2
7:13	EZK.16.33	2
7:13	REV.2.20	2
7:14	PRO.21.27	5
7:14	LEV.7.11	4
7:14	DEU.12.6-DEU.12.7	3
7:14	PRO.15.8	3
7:14	PRO.17.1	3
7:14	JHN.18.28	3
7:14	LEV.7.15-LEV.7.16	2
7:14	2SA.15.7-2SA.15.9	2
7:14	1KI.21.9-1KI.21.10	2
7:16	ISA.19.9	4
7:16	EZK.27.7	3
7:16	1KI.10.28	2
7:16	PRO.31.22	2
7:16	SNG.3.7-SNG.3.10	2
7:16	REV.2.22	2
7:16	SNG.1.16	1
7:17	PSA.45.8	5
7:17	ISA.57.7-ISA.57.9	3
7:17	EXO.30.23	2
7:17	SNG.3.6	2
7:17	SNG.4.13-SNG.4.14	2
7:19	MAT.20.11	3
7:19	LUK.12.45-LUK.12.46	3
7:19	MAT.24.43	2
7:19	MAT.24.48	2
7:19	MRK.13.34-MRK.13.36	2
7:19	LUK.12.39	2
7:20	2CH.2.4	2
7:21	PRO.5.3	8
7:21	PRO.7.5	5
7:21	2KI.4.8	4
7:21	PSA.12.2	3
7:21	LUK.24.29	3
7:21	JDG.16.15-JDG.16.17	2
7:21	PRO.6.24	2
7:21	2CO.5.14	2
7:21	1SA.28.23	1
7:21	LUK.14.23	1
7:21	ACT.16.15	1
7:22	JOB.13.27	3
7:22	JER.20.2	2
7:22	ACT.14.13	2
7:22	ACT.16.24	2
7:23	ECC.9.12	5
7:23	PRO.9.18	3
7:23	NUM.25.8-NUM.25.9	2
7:23	PRO.1.17	2
7:24	PRO.5.7	5
7:24	PRO.4.1	4
7:24	PRO.8.32-PRO.8.33	3
7:24	GAL.4.19	3
7:24	1JN.2.1	3
7:24	1CO.4.14-1CO.4.15	1
7:25	PRO.5.8	7
7:25	PRO.6.25	4
7:25	ISA.53.6	4
7:25	MAT.5.28	3
7:25	PSA.119.176	2
7:25	PRO.4.14-PRO.4.15	2
7:25	PRO.5.23	2
7:25	PRO.23.31-PRO.23.33	2
7:26	NEH.13.26	3
7:26	1PE.2.11	3
7:26	1KI.11.1-1KI.11.2	2
7:26	PRO.6.33	2
7:26	1CO.10.8	2
7:26	JDG.16.21	1
7:26	2SA.3.6-2SA.3.8	1
7:26	2SA.3.27	1
7:26	2SA.12.9-2SA.12.11	1
7:26	2CO.12.21	1
7:27	PRO.5.5	6
7:27	PRO.9.18	6
7:27	PRO.2.18-PRO.2.19	4
7:27	REV.22.15	4
7:27	ECC.7.26	3
8:1	PRO.1.20-PRO.1.21	8
8:1	MAT.3.3	4
8:1	JHN.7.37	3
8:1	PRO.9.1-PRO.9.3	2
8:1	ACT.1.8	2
8:1	ISA.49.1-ISA.49.6	1
8:1	ISA.55.1-ISA.55.3	1
8:1	MRK.13.10	1
8:1	LUK.24.47	1
8:1	ROM.15.18-ROM.15.21	1
8:1	MAT.28.19-MAT.28.20	0
8:1	MRK.16.15-MRK.16.16	0
8:2	PRO.9.14	4
8:2	PRO.9.3	2
8:3	JOB.29.7	3
8:3	MAT.22.9	2
8:3	LUK.14.21-LUK.14.23	2
8:3	JHN.18.20	2
8:3	ACT.5.20	2
8:4	MAT.11.15	6
8:4	PSA.49.1-PSA.49.3	5
8:4	PSA.50.1	5
8:4	JHN.3.16	5
8:4	REV.22.17	3
8:4	2CO.5.19-2CO.5.20	2
8:4	COL.1.23	2
8:4	COL.1.28	2
8:4	1TI.2.4-1TI.2.6	2
8:4	TIT.2.11-TIT.2.12	2
8:5	PRO.1.22	6
8:5	PRO.9.4	3
8:5	ACT.26.18	3
8:5	REV.3.17-REV.3.18	3
8:5	PSA.19.7	2
8:5	PRO.1.4	2
8:5	1CO.6.9-1CO.6.11	2
8:5	PSA.94.8	1
8:5	ISA.42.13	1
8:5	ISA.55.1-ISA.55.3	1
8:5	1CO.1.28	1
8:6	MAT.7.28-MAT.7.29	5
8:6	COL.1.26	5
8:6	PRO.4.2	4
8:6	MAT.13.35	4
8:6	PRO.23.16	3
8:6	JOB.33.1-JOB.33.3	2
8:6	PSA.19.7-PSA.19.11	2
8:6	PSA.49.3	2
8:6	PRO.2.6-PRO.2.7	2
8:6	PRO.4.20-PRO.4.22	2
8:6	PRO.22.20-PRO.22.21	2
8:6	MAT.5.2-MAT.5.12	2
8:6	1CO.2.6-1CO.2.7	2
8:7	PSA.37.30	5
8:7	JHN.8.14	4
8:7	PRO.12.22	3
8:7	JHN.17.17	3
8:7	JOB.36.4	2
8:7	PRO.29.27	2
8:7	JHN.1.17	2
8:7	JHN.8.45-JHN.8.46	2
8:7	JHN.18.37	2
8:7	REV.3.14	2
8:7	PRO.16.12	1
8:7	JHN.14.6	1
8:8	JHN.7.46	6
8:8	PSA.12.6	4
8:8	PRO.8.13	4
8:8	DEU.32.5	3
8:8	ISA.45.23	3
8:8	ISA.63.1	3
8:9	PRO.14.6	6
8:9	JHN.7.17	5
8:9	JAS.1.5	5
8:9	PSA.25.12-PSA.25.14	4
8:9	JHN.6.45	4
8:9	PRO.15.24	3
8:9	PRO.18.1-PRO.18.2	3
8:9	MAT.13.11-MAT.13.12	3
8:9	PSA.19.7-PSA.19.8	2
8:9	PSA.119.98-PSA.119.100	2
8:9	PRO.15.14	2
8:9	PRO.17.24	2
8:9	PRO.18.15	2
8:9	ISA.35.8	2
8:9	MIC.2.7	2
8:9	1CO.2.14-1CO.2.15	2
8:10	PRO.2.4-PRO.2.5	13
8:10	PSA.119.72	10
8:10	PSA.119.127	10
8:10	PRO.3.13-PRO.3.15	8
8:10	PRO.23.23	8
8:10	PRO.10.20	7
8:10	ECC.7.11	7
8:10	ACT.3.6	7
8:10	PRO.16.16	6
8:10	PSA.119.162	5
8:10	PRO.8.19	4
8:10	2CO.6.10	4
8:11	PRO.3.14-PRO.3.15	8
8:11	PRO.4.5-PRO.4.7	8
8:11	PSA.19.10	7
8:11	PSA.119.127	7
8:11	PRO.16.16	7
8:11	JOB.28.15-JOB.28.19	6
8:11	PRO.20.15	6
8:11	MAT.16.26	6
8:11	PHP.3.8-PHP.3.9	5
8:12	ISA.28.26	8
8:12	EXO.35.30-EXO.36.4	7
8:12	EXO.31.3-EXO.31.6	6
8:12	PRO.1.4	6
8:12	ROM.11.33	6
8:12	1CH.28.19	5
8:12	PSA.104.24	5
8:12	ISA.55.8-ISA.55.9	5
8:12	EPH.1.11	5
8:12	COL.2.3	5
8:12	1KI.7.14	4
8:12	2CH.13.14	4
8:12	EPH.1.8	4
8:12	EPH.3.10	4
8:12	1CH.28.12	3
8:13	PSA.97.10	23
8:13	PRO.16.6	20
8:13	1SA.2.3	18
8:13	PRO.4.24	15
8:13	1TH.5.22	14
8:13	AMO.5.15	12
8:13	1PE.5.5	12
8:13	PSA.119.128	11
8:13	PSA.5.4-PSA.5.5	10
8:13	PRO.6.12	10
8:13	PRO.6.16-PRO.6.19	10
8:13	PRO.16.18	10
8:13	PSA.101.3	9
8:13	2TI.2.19	9
8:13	PSA.138.6	8
8:13	ZEC.8.17	8
8:13	ROM.12.9	8
8:13	PSA.119.104	7
8:13	PRO.10.31	7
8:14	ECC.7.19	8
8:14	ISA.9.6	7
8:14	ISA.40.14	6
8:14	ROM.11.33-ROM.11.34	6
8:14	PRO.2.6-PRO.2.7	5
8:14	PRO.24.5	5
8:14	ECC.9.16-ECC.9.18	5
8:14	ROM.1.22	5
8:14	COL.2.3	5
8:14	JHN.1.9	4
8:14	1CO.1.24	4
8:14	1CO.1.30	4
8:15	ROM.13.1	10
8:15	DAN.2.21	8
8:15	MAT.28.18	5
8:15	REV.19.16	4
8:15	JER.27.5-JER.27.7	3
8:15	DAN.4.32	3
8:15	DAN.5.18-DAN.5.31	3
8:15	DAN.7.13-DAN.7.14	3
8:15	1SA.9.17	2
8:15	1SA.16.1	2
8:15	1KI.3.9	2
8:15	1KI.3.28	2
8:15	1KI.5.7	2
8:15	1KI.10.9	2
8:15	1CH.28.5	2
8:15	PSA.72.1-PSA.72.4	2
8:15	PSA.99.4	2
8:15	ISA.1.26	2
8:15	ISA.32.1-ISA.32.2	2
8:15	JER.33.15	2
8:15	DAN.4.25	2
8:15	REV.19.11	2
8:17	JHN.14.23	57
8:17	JHN.14.21	45
8:17	PSA.91.14	39
8:17	ISA.55.6	30
8:17	1JN.4.19	28
8:17	1SA.2.30	26
8:17	MAT.7.7-MAT.7.8	20
8:17	MAT.6.33	18
8:17	ISA.45.19	17
8:17	JAS.1.5	15
8:17	JHN.16.27	13
8:17	PRO.1.28	9
8:17	ECC.12.1	8
8:17	MRK.10.14	7
8:18	PRO.3.16	7
8:18	MAT.6.33	5
8:18	LUK.16.11-LUK.16.12	4
8:18	PHP.4.19	4
8:18	LUK.10.42	3
8:18	EPH.3.8	3
8:18	REV.3.18	3
8:18	PSA.112.3	2
8:18	PRO.4.7-PRO.4.9	2
8:18	ECC.5.14-ECC.5.16	2
8:18	MAT.6.19-MAT.6.20	2
8:18	LUK.12.20-LUK.12.21	2
8:18	LUK.12.33	2
8:18	2CO.6.10	2
8:18	PHP.3.8-PHP.3.9	2
8:18	1TI.6.17-1TI.6.19	2
8:18	PSA.36.6	1
8:18	PRO.11.4	1
8:18	JAS.2.5	1
8:18	JAS.5.1-JAS.5.3	1
8:19	PRO.3.14	5
8:19	PRO.10.20	5
8:19	PRO.8.10	3
8:19	ECC.7.12	3
8:20	JHN.10.27-JHN.10.28	9
8:20	DEU.5.32	8
8:20	PSA.32.8	8
8:20	PRO.4.11-PRO.4.12	7
8:20	PSA.25.4-PSA.25.5	5
8:20	PRO.3.6	5
8:20	PRO.6.22	5
8:20	ISA.2.3	5
8:20	PSA.23.3	4
8:20	ISA.49.10	3
8:20	JHN.10.3	3
8:20	REV.7.17	3
8:20	PRO.4.25-PRO.4.27	2
8:20	ISA.55.4	1
8:21	PRO.24.4	6
8:21	1PE.1.4	6
8:21	GEN.15.14	5
8:21	MAT.25.46	5
8:21	1SA.2.8	4
8:21	PSA.16.11	4
8:21	PRO.1.13	4
8:21	HEB.10.34	4
8:21	PRO.6.31	3
8:21	PRO.8.18	3
8:21	JHN.1.1-JHN.1.18	3
8:21	REV.21.7	3
8:21	ROM.8.17	2
8:21	EPH.3.19-EPH.3.20	2
8:22	JHN.1.1-JHN.1.2	16
8:22	COL.1.17	16
8:22	PRO.3.19	13
8:22	PSA.104.24	11
8:22	JOB.28.26-JOB.28.28	6
8:23	JHN.17.24	13
8:23	GEN.1.26	8
8:23	MIC.5.2	8
8:23	JHN.17.5	8
8:23	PSA.2.6	7
8:23	1JN.1.1-1JN.1.2	6
8:23	EPH.1.10-EPH.1.11	4
8:24	PRO.3.20	5
8:24	1JN.4.9	5
8:24	GEN.1.2	4
8:24	HEB.1.5	3
8:24	PSA.2.7	2
8:24	JHN.1.14	2
8:24	JHN.3.16	2
8:24	JHN.5.20	2
8:25	PSA.90.2	6
8:25	JOB.15.7-JOB.15.8	4
8:25	JOB.38.4-JOB.38.11	4
8:25	PSA.102.25-PSA.102.28	4
8:25	HEB.1.10	3
8:26	GEN.1.1-GEN.1.31	2
8:27	JOB.26.10	11
8:27	ISA.40.22	11
8:27	PRO.3.19	9
8:27	PSA.136.5	8
8:27	COL.1.16	8
8:27	ISA.40.11	6
8:27	JER.10.12	6
8:27	HEB.1.2	5
8:27	PSA.33.6	4
8:27	PSA.103.19	4
8:29	PSA.104.9	11
8:29	JER.5.22	10
8:29	GEN.1.9-GEN.1.10	5
8:29	PSA.33.7	4
8:29	PSA.104.5	4
8:29	JOB.38.4-JOB.38.11	3
8:30	JHN.1.1-JHN.1.3	13
8:30	JHN.1.18	10
8:30	MAT.3.17	9
8:30	ISA.42.1	8
8:30	JHN.12.28	8
8:30	JHN.16.28	8
8:30	COL.1.13	7
8:30	MAT.17.5	6
8:31	PSA.16.3	8
8:31	JHN.13.1	5
8:31	PSA.40.6-PSA.40.8	4
8:31	2CO.8.9	3
8:31	JHN.4.34	2
8:32	LUK.11.28	15
8:32	PSA.119.1-PSA.119.2	11
8:32	PSA.1.1-PSA.1.4	9
8:32	PSA.128.1	9
8:32	PRO.5.7	4
8:32	PRO.7.24	3
8:33	PRO.4.1	8
8:33	PSA.81.11-PSA.81.12	7
8:33	PRO.1.8	6
8:33	PRO.5.1	6
8:33	PRO.1.2-PRO.1.3	5
8:33	ROM.10.16-ROM.10.17	5
8:33	HEB.12.25	4
8:33	PRO.1.21	3
8:33	ISA.55.1-ISA.55.3	3
8:33	ACT.7.35-ACT.7.37	2
8:34	MAT.7.24	19
8:34	LUK.11.28	19
8:34	PRO.3.13	13
8:34	PSA.27.4	10
8:34	LUK.10.39	10
8:34	ACT.2.42	10
8:34	PSA.84.10	9
8:34	ACT.17.11-ACT.17.12	9
8:34	PRO.2.3-PRO.2.4	7
8:34	PRO.3.18	7
8:34	PSA.92.13	6
8:34	PRO.1.21	6
8:34	LUK.1.6	6
8:34	JAS.1.22-JAS.1.25	5
8:34	JHN.8.31-JHN.8.32	3
8:35	JHN.3.36	27
8:35	1JN.5.11-1JN.5.12	16
8:35	PRO.12.2	14
8:35	PHP.3.8	10
8:35	JHN.17.3	9
8:35	COL.3.3	8
8:35	PRO.3.13-PRO.3.18	7
8:35	JHN.14.6	6
8:35	PRO.1.33	3
8:35	EPH.1.6	3
8:35	JHN.3.16	1
8:35	PRO.4.22	0
8:36	PRO.15.32	15
8:36	PRO.1.31	12
8:36	JHN.15.23-JHN.15.24	11
8:36	1CO.16.22	11
8:36	PRO.12.1	9
8:36	PRO.20.2	9
8:36	PRO.5.11-PRO.5.12	8
8:36	JHN.3.19-JHN.3.20	8
8:36	HEB.10.29	8
8:36	PRO.5.22-PRO.5.23	7
8:36	EZK.18.31	7
8:36	HEB.2.3	7
8:36	EZK.33.11	6
8:36	PRO.21.6	5
8:36	ACT.13.46	5
9:1	MAT.16.18	7
9:1	REV.3.12	6
9:1	1KI.7.2-1KI.7.3	5
9:1	1CO.3.9-1CO.3.15	5
9:1	GAL.2.9	5
9:1	EPH.2.20-EPH.2.22	5
9:1	1PE.2.5-1PE.2.6	5
9:1	1KI.7.21	4
9:1	HEB.3.3-HEB.3.6	4
9:1	1KI.7.6	3
9:1	1TI.3.15	3
9:2	ISA.25.6	6
9:2	MAT.22.3-MAT.22.14	6
9:2	LUK.14.16-LUK.14.17	5
9:2	PRO.9.5	4
9:2	PRO.23.30	3
9:2	GEN.43.16	2
9:2	SNG.8.2	2
9:2	1CO.5.7-1CO.5.8	2
9:3	PRO.9.14	6
9:3	PRO.8.1-PRO.8.3	5
9:3	MAT.22.3-MAT.22.4	4
9:3	PSA.68.11	3
9:3	PRO.1.20-PRO.1.23	3
9:3	MAT.22.9	2
9:3	LUK.11.49	2
9:3	LUK.14.17	2
9:3	LUK.14.21-LUK.14.23	2
9:3	JHN.7.37	2
9:3	JHN.18.20	2
9:3	ROM.10.15	2
9:3	2CO.5.20-2CO.5.21	2
9:4	PRO.6.32	5
9:4	PRO.8.5	4
9:4	PRO.9.16	4
9:4	MAT.11.25	4
9:4	PSA.19.7	2
9:4	PSA.119.130	2
9:4	PRO.1.22	2
9:4	REV.3.17-REV.3.18	2
9:4	REV.22.17	2
9:5	JHN.6.27	7
9:5	SNG.5.1	5
9:5	PRO.9.17	4
9:5	JER.31.12-JER.31.14	4
9:5	PSA.22.26	3
9:5	PSA.22.29	3
9:5	PRO.9.2	3
9:5	ISA.55.1-ISA.55.3	3
9:5	MAT.26.26-MAT.26.28	3
9:5	JHN.6.49-JHN.6.58	3
9:6	PRO.13.20	10
9:6	PRO.4.11	7
9:6	LUK.13.24	4
9:6	2CO.6.17	2
9:6	PSA.26.4-PSA.26.6	1
9:6	PSA.45.10	1
9:6	PSA.119.115	1
9:6	PRO.4.14-PRO.4.15	1
9:6	PRO.8.35	1
9:6	PRO.9.11	1
9:6	MAT.7.13-MAT.7.14	1
9:6	ACT.2.40	1
9:6	REV.18.4	1
9:6	PRO.10.17	0
9:7	PRO.15.12	11
9:7	PRO.23.9	9
9:7	2CH.36.16	5
9:7	2CH.25.15-2CH.25.16	4
9:7	2CH.24.20-2CH.24.22	3
9:7	GEN.19.8-GEN.19.9	2
9:7	1KI.18.17	2
9:7	1KI.21.20	2
9:7	1KI.22.24	2
9:7	1KI.22.27	2
9:8	PSA.141.5	16
9:8	PRO.13.18	16
9:8	PRO.23.9	14
9:8	PRO.15.12	12
9:8	PRO.29.1	10
9:8	MAT.7.6	10
9:8	PRO.28.23	8
9:8	LEV.19.17	6
9:8	MAT.15.14	4
9:8	HEB.6.4-HEB.6.8	4
9:8	2SA.12.7-2SA.12.14	3
9:8	2PE.3.15-2PE.3.16	3
9:8	NUM.14.6-NUM.14.10	2
9:8	1KI.1.23	1
9:8	1KI.1.32	0
9:8	1KI.22.8	0
9:9	PRO.1.5	13
9:9	MAT.13.11-MAT.13.12	7
9:9	1JN.5.13	7
9:9	PRO.25.12	5
9:9	1JN.2.20-1JN.2.21	5
9:9	HOS.6.3	4
9:9	2PE.3.18	3
9:10	PSA.111.10	81
9:10	JOB.28.28	67
9:10	PRO.1.7	58
9:10	ECC.12.13	46
9:10	PRO.2.5	39
9:10	1JN.5.20	26
9:10	JHN.17.3	24
9:10	1CH.28.9	22
9:10	PRO.30.3	14
9:10	MAT.11.27	10
9:11	PRO.10.27	21
9:11	PRO.3.2	18
9:11	PRO.3.16	17
9:11	DEU.6.2	12
9:12	JOB.22.2-JOB.22.3	6
9:12	EZK.18.20	5
9:12	2PE.3.3-2PE.3.4	5
9:12	JOB.22.21	4
9:12	PRO.16.26	3
9:12	JOB.35.6-JOB.35.7	2
9:12	ISA.28.22	2
9:12	2PE.3.16	2
9:13	PRO.7.11	13
9:13	PRO.5.6	4
9:13	PRO.21.19	3
9:13	1TI.6.4	3
9:13	PRO.21.9	2
9:14	PRO.9.3	3
9:14	PRO.7.10-PRO.7.12	2
9:15	PRO.7.25-PRO.7.27	3
9:15	PRO.23.27-PRO.23.28	3
9:15	PRO.7.13-PRO.7.15	2
9:16	PRO.9.4	2
9:17	PRO.20.17	12
9:17	PRO.23.31-PRO.23.32	7
9:17	PRO.30.20	4
9:17	JAS.1.14-JAS.1.15	4
9:17	GEN.3.6	3
9:17	2KI.5.24-2KI.5.27	3
9:17	PRO.7.18-PRO.7.20	3
9:17	ROM.7.8	3
9:17	EPH.5.12	3
9:18	PRO.7.27	7
9:18	PRO.2.18-PRO.2.19	3
9:18	PRO.5.5	3
9:18	PSA.82.5	2
9:18	PRO.1.7	2
9:18	PRO.6.26	2
9:18	2PE.3.5	0
10:1	PRO.1.1	21
10:1	PRO.17.25	13
10:1	PRO.29.15	13
10:1	PRO.23.15-PRO.23.16	12
10:1	PRO.29.3	11
10:1	PRO.23.24-PRO.23.25	10
10:1	PRO.15.20	9
10:1	PRO.17.21	8
10:1	ECC.12.9	6
10:1	PRO.19.13	5
10:1	PRO.25.1	3
10:1	ECC.2.19	3
10:1	1KI.4.32	2
10:2	PRO.11.4	15
10:2	PRO.12.28	8
10:2	PRO.21.6	6
10:2	PSA.49.6-PSA.49.10	5
10:2	EZK.7.19	4
10:2	ZEP.1.18	4
10:2	ROM.5.21	4
10:2	ISA.10.2-ISA.10.3	3
10:2	DAN.4.27	3
10:2	LUK.16.22-LUK.16.23	3
10:2	LUK.12.15-LUK.12.21	2
10:2	ROM.2.5	2
10:2	PHP.3.9	2
10:2	JAS.5.1-JAS.5.3	2
10:3	PSA.37.3	23
10:3	MAT.6.30-MAT.6.33	21
10:3	PSA.34.9-PSA.34.10	15
10:3	PSA.37.25	15
10:3	PSA.33.19	8
10:3	PSA.37.19	8
10:3	ZEP.1.18	8
10:3	JOB.5.20	7
10:3	LUK.12.31	7
10:3	HEB.13.5-HEB.13.6	7
10:3	ISA.33.16	6
10:3	PRO.14.32	5
10:3	JOB.20.5-JOB.20.8	4
10:3	JOB.20.20-JOB.20.22	4
10:3	JOB.20.28	4
10:3	PSA.112.10	4
10:3	LUK.12.22-LUK.12.24	4
10:3	HAB.2.6-HAB.2.8	3
10:3	PSA.10.14	2
10:4	PRO.19.15	13
10:4	PRO.20.4	13
10:4	PRO.13.4	12
10:4	PRO.21.5	12
10:4	PRO.6.6-PRO.6.11	8
10:4	PRO.12.24	8
10:4	PRO.11.24	7
10:4	PRO.19.24	7
10:4	PRO.20.13	7
10:4	1CO.15.58	7
10:4	PRO.24.30-PRO.24.34	4
10:4	JHN.6.27	4
10:4	2PE.1.5-2PE.1.10	4
10:4	ECC.10.18	3
10:4	HEB.6.11-HEB.6.12	3
10:5	PRO.6.8	8
10:5	PRO.30.25	5
10:5	PRO.17.2	4
10:5	PRO.6.6	3
10:5	PRO.19.26	3
10:5	PRO.12.4	2
10:5	ISA.55.6-ISA.55.7	2
10:6	DEU.28.2	9
10:6	PRO.28.20	6
10:6	JOB.29.13	4
10:6	PRO.10.11	4
10:6	PRO.24.25	4
10:6	EST.7.8	3
10:6	PSA.107.42	3
10:6	PRO.11.26	3
10:6	ROM.3.19	3
10:6	2TI.1.16-2TI.1.18	3
10:7	PSA.112.6	25
10:7	LUK.1.48	14
10:7	MRK.14.9	11
10:7	PSA.109.13	9
10:7	2CH.24.16	7
10:7	PSA.109.15	4
10:7	JOB.18.17	3
10:7	PSA.9.5-PSA.9.6	3
10:7	1KI.11.36	2
10:7	2KI.19.34	2
10:7	ECC.8.10	1
10:7	JOB.27.23	0
10:8	MAT.7.24-MAT.7.25	8
10:8	PRO.12.1	5
10:8	JAS.3.13	5
10:8	PSA.119.34	4
10:8	PRO.9.9	4
10:8	PRO.1.5	3
10:8	PRO.13.3	3
10:8	PRO.18.6-PRO.18.7	3
10:8	ECC.10.12	3
10:8	PRO.10.10	2
10:8	PRO.12.13	2
10:8	PRO.14.8	2
10:8	PRO.14.23	2
10:9	PRO.28.18	16
10:9	PSA.26.11-PSA.26.12	11
10:9	MAT.10.26	11
10:9	ISA.33.15-ISA.33.16	9
10:9	1CO.4.5	8
10:9	LUK.12.1-LUK.12.2	7
10:9	1TI.5.25	7
10:9	PSA.25.21	5
10:9	PSA.84.11	5
10:9	PRO.3.23	4
10:9	PSA.23.4	3
10:9	PRO.17.20	3
10:10	PSA.35.19	6
10:10	PRO.6.13	4
10:10	PRO.10.8	3
10:10	3JN.1.10	3
10:10	JOB.15.12	2
10:10	PRO.18.6-PRO.18.7	2
10:10	PRO.18.21	2
10:11	PRO.13.14	11
10:11	EPH.4.29	9
10:11	PRO.10.6	8
10:11	PRO.10.20-PRO.10.21	8
10:11	PRO.18.4	8
10:11	PSA.37.30-PSA.37.31	7
10:11	PRO.10.32	7
10:11	PRO.15.7	7
10:11	PRO.16.22-PRO.16.24	7
10:11	PRO.20.15	6
10:11	ECC.10.12-ECC.10.14	6
10:11	MAT.12.34-MAT.12.37	6
10:11	JAS.3.5-JAS.3.8	6
10:11	PSA.107.42	4
10:12	1PE.4.8	45
10:12	1CO.13.4-1CO.13.7	39
10:12	PRO.17.9	35
10:12	PRO.15.18	12
10:12	JAS.5.20	11
10:12	JAS.4.1	8
10:12	PRO.16.27	5
10:12	PRO.28.25	5
10:12	PRO.29.22	4
10:13	PRO.26.3	8
10:13	PRO.6.32	5
10:13	ISA.50.4	4
10:13	PSA.32.9	3
10:13	PRO.10.10-PRO.10.11	3
10:13	PRO.10.21	3
10:13	PRO.10.31	3
10:13	PRO.15.7	3
10:13	PRO.15.23	3
10:13	PRO.17.10	3
10:13	PRO.19.29	3
10:13	PRO.20.15	3
10:13	PRO.27.22	3
10:13	PRO.7.22	2
10:13	LUK.4.22	2
10:13	EXO.10.12	1
10:14	PRO.10.8	6
10:14	PRO.18.7	6
10:14	PRO.13.3	4
10:14	PRO.9.9	3
10:14	PRO.10.10	3
10:14	PRO.1.5	2
10:14	PRO.18.1	2
10:14	PRO.18.15	2
10:14	PRO.19.8	2
10:14	PRO.21.23	2
10:14	MAT.12.35	2
10:14	MAT.13.44	2
10:14	MAT.13.52	2
10:14	2CO.4.6-2CO.4.7	2
10:15	PRO.18.11	8
10:15	PRO.19.7	6
10:15	PSA.52.7	5
10:15	PRO.14.20	5
10:15	PRO.22.22-PRO.22.23	3
10:15	ECC.7.12	3
10:15	JOB.31.24-JOB.31.25	2
10:15	PSA.49.6	2
10:15	JER.9.23	2
10:15	MIC.2.1-MIC.2.2	2
10:15	MRK.10.24	2
10:15	LUK.12.19	2
10:15	1TI.6.17	2
10:16	ISA.3.10-ISA.3.11	5
10:16	ROM.6.23	5
10:16	JHN.6.27	4
10:16	HEB.6.10	4
10:16	PRO.11.18-PRO.11.19	3
10:16	1CO.15.58	3
10:16	PRO.11.30	2
10:16	MAT.7.17-MAT.7.18	2
10:16	MAT.12.33-MAT.12.34	2
10:16	GAL.6.7-GAL.6.9	2
10:16	MAT.15.19	1
10:16	2TI.2.17-2TI.2.18	1
10:16	2TI.3.13	1
10:17	PRO.15.10	10
10:17	PRO.5.12	9
10:17	LUK.11.28	9
10:17	PRO.6.23	8
10:17	2PE.1.5-2PE.1.11	8
10:17	PRO.3.18	7
10:17	PRO.29.1	7
10:17	PRO.4.13	6
10:17	PRO.12.1	6
10:17	PRO.3.1-PRO.3.2	5
10:17	PRO.4.4	5
10:17	MAT.7.24-MAT.7.27	5
10:17	PRO.1.25-PRO.1.26	4
10:17	PRO.1.30	3
10:17	ECC.5.6	3
10:17	HEB.2.1	3
10:17	HEB.12.25	3
10:17	2CH.25.16	2
10:17	PRO.22.17-PRO.22.19	1
10:18	PRO.26.24-PRO.26.26	5
10:18	PSA.55.21	4
10:18	2SA.3.27	3
10:18	2SA.13.23-2SA.13.29	3
10:18	PSA.15.3	3
10:18	1SA.18.21-1SA.18.22	2
10:18	1SA.18.29	2
10:18	2SA.11.8-2SA.11.15	2
10:18	2SA.20.9-2SA.20.10	2
10:18	PSA.5.9	2
10:18	PSA.12.2	2
10:18	PSA.50.20	2
10:18	PSA.101.5	2
10:18	LUK.20.20-LUK.20.21	2
10:19	JAS.1.19	16
10:19	PRO.17.27-PRO.17.28	13
10:19	JAS.3.2	13
10:19	ECC.10.13-ECC.10.14	11
10:19	ECC.5.3	8
10:19	PSA.39.1	7
10:20	GEN.6.5	4
10:20	PRO.12.18	4
10:20	JER.17.9	4
10:20	PRO.15.4	3
10:20	MAT.12.34-MAT.12.35	3
10:20	GEN.8.21	2
10:20	PRO.8.19	2
10:20	PRO.16.13	2
10:20	PRO.23.7	2
10:20	PRO.25.11-PRO.25.12	1
10:21	HOS.4.6	9
10:21	PRO.17.16	7
10:21	PRO.1.29	6
10:21	MAT.13.19	6
10:21	JOB.4.3-JOB.4.4	5
10:21	ECC.12.9-ECC.12.10	5
10:21	JOB.23.12	4
10:21	PRO.5.12	4
10:21	PRO.5.23	4
10:21	PRO.15.4	4
10:21	JER.15.16	4
10:21	JOB.29.21-JOB.29.22	2
10:21	PSA.37.30	2
10:21	PRO.1.31	2
10:21	JER.3.15	2
10:21	PRO.12.18	1
10:21	JHN.3.19-JHN.3.20	1
10:21	JHN.21.15-JHN.21.17	0
10:21	ROM.1.28	0
10:21	1PE.5.2	0
10:22	PSA.107.38	95
10:22	GEN.26.12	73
10:22	1SA.2.7-1SA.2.8	71
10:22	GEN.24.35	57
10:22	GEN.12.2	52
10:22	DEU.8.17-DEU.8.18	44
10:22	PSA.37.22	44
10:22	PSA.113.7-PSA.113.8	39
10:22	PRO.20.21	31
10:22	GEN.13.2	29
10:22	PRO.28.22	23
10:22	2KI.5.26-2KI.5.27	16
10:22	ZEC.5.4	16
10:22	GEN.14.23	14
10:22	JOB.27.8-JOB.27.23	13
10:22	JOS.7.1-JOS.7.26	11
10:22	JAS.5.1-JAS.5.5	11
10:22	JOS.6.18	7
10:22	1KI.21.19	6
10:22	HAB.2.6-HAB.2.12	5
10:23	PRO.15.21	7
10:23	PRO.2.14	5
10:23	PRO.14.9	5
10:23	PRO.26.18-PRO.26.19	4
10:23	ECC.11.9	3
10:24	PSA.145.19	17
10:24	ISA.66.4	12
10:24	MAT.5.6	11
10:24	JOB.15.21	10
10:24	1JN.5.14-1JN.5.15	9
10:24	JOB.3.25	8
10:24	PSA.37.4	8
10:24	PSA.21.2	7
10:24	JHN.16.24	7
10:24	HEB.10.27	7
10:24	JHN.14.18	5
10:25	PSA.15.5	7
10:25	PSA.58.9	6
10:25	PRO.12.3	6
10:25	MAT.7.24-MAT.7.27	6
10:25	JOB.21.18	4
10:25	PRO.1.27	4
10:25	PRO.12.7	4
10:25	ISA.40.24	4
10:25	MAT.16.18	4
10:25	EPH.2.20	4
10:25	1TI.6.19	4
10:25	2TI.2.19	4
10:25	JOB.27.19-JOB.27.21	3
10:25	PSA.37.9-PSA.37.10	3
10:25	PSA.73.18-PSA.73.20	3
10:25	PRO.10.30	3
10:26	PRO.25.13	3
10:26	PRO.26.6	3
10:26	PRO.25.20	2
10:26	MAT.25.26	2
10:26	ISA.65.5	1
10:26	ROM.12.11	1
10:26	HEB.6.12	1
10:27	PRO.9.11	12
10:27	PRO.3.2	8
10:27	PSA.91.16	6
10:27	JOB.15.32-JOB.15.33	5
10:27	JOB.22.15-JOB.22.16	4
10:27	PSA.21.4	4
10:27	PSA.34.11-PSA.34.13	4
10:27	PSA.55.23	3
10:27	PRO.3.16	3
10:27	ECC.7.17	3
10:27	LUK.12.20	3
10:27	JER.17.11	2
10:28	JOB.8.13	5
10:28	PSA.73.24-PSA.73.26	4
10:28	ROM.15.13	4
10:28	PRO.11.7	3
10:28	JOB.11.20	2
10:28	PSA.112.10	2
10:28	PRO.14.32	2
10:28	ROM.5.2	2
10:28	ROM.12.12	2
10:28	2TH.2.16	2
10:28	PSA.16.9	1
10:28	LUK.16.23-LUK.16.26	1
10:29	PRO.21.15	11
10:29	ROM.2.8-ROM.2.9	5
10:29	PHP.4.13	4
10:29	PSA.36.12	3
10:29	PSA.37.20	3
10:29	PSA.84.7	3
10:29	PSA.92.7	3
10:29	ISA.40.31	3
10:29	ZEC.10.12	3
10:29	JOB.31.3	2
10:29	PSA.1.6	2
10:29	MAT.7.22-MAT.7.23	2
10:29	LUK.13.26-LUK.13.27	2
10:30	PSA.37.22	12
10:30	PSA.125.1	9
10:30	PSA.37.9-PSA.37.10	8
10:30	PSA.37.28-PSA.37.29	8
10:30	PRO.2.21-PRO.2.22	7
10:30	PRO.10.25	6
10:30	PSA.16.8	5
10:30	PSA.112.6	4
10:30	MAT.21.41	4
10:30	2PE.1.10-2PE.1.11	4
10:30	MIC.2.9-MIC.2.10	3
10:30	ROM.8.35-ROM.8.39	3
10:30	PSA.52.5	2
10:30	EZK.33.24-EZK.33.26	2
10:31	PSA.37.30	7
10:31	PRO.10.13	4
10:31	PRO.10.20-PRO.10.21	3
10:31	PSA.31.18	2
10:31	PSA.63.11	2
10:31	PSA.120.3-PSA.120.4	2
10:31	PRO.10.11	2
10:32	PRO.11.11	4
10:32	PRO.12.6	4
10:32	PRO.12.18	4
10:32	PRO.15.28	4
10:32	PRO.2.12	3
10:32	PRO.15.2	2
10:32	PRO.18.6-PRO.18.8	2
10:32	ECC.12.10	2
10:32	ECC.10.12	1
10:32	DAN.4.27	1
10:32	TIT.2.8	1
11:1	DEU.25.13-DEU.25.16	23
11:1	PRO.16.11	18
11:1	PRO.20.23	18
11:1	LEV.19.35-LEV.19.36	17
11:1	PRO.20.10	13
11:1	HOS.12.7	11
11:1	AMO.8.5-AMO.8.6	11
11:1	EZK.45.10-EZK.45.12	10
11:1	MIC.6.10-MIC.6.11	8
11:2	PRO.29.23	26
11:2	PRO.16.18-PRO.16.19	19
11:2	PRO.15.33	18
11:2	LUK.18.14	18
11:2	PRO.18.12	15
11:2	PRO.3.34-PRO.3.35	12
11:2	1CO.8.1-1CO.8.2	10
11:2	LUK.14.8-LUK.14.11	9
11:2	DAN.4.30-DAN.4.32	7
11:3	PRO.28.18	15
11:3	PRO.13.6	14
11:3	PSA.25.21	10
11:3	PSA.26.1	10
11:3	PRO.19.3	9
11:3	JHN.7.17	9
11:3	PRO.11.5	7
11:3	ECC.7.17	7
11:3	ISA.1.28	6
11:3	PRO.21.7	5
11:4	ZEP.1.18	19
11:4	PRO.10.2	18
11:4	GEN.7.1	14
11:4	EZK.7.19	11
11:4	1TI.4.8	9
11:4	PSA.49.6-PSA.49.8	7
11:4	MAT.16.26	5
11:4	LUK.12.20	5
11:4	JOB.36.18-JOB.36.19	4
11:4	PRO.12.28	4
11:4	ROM.5.17	4
11:5	PRO.5.22	4
11:5	PSA.9.15-PSA.9.16	3
11:5	EST.7.3-EST.7.10	1
11:5	PRO.1.31-PRO.1.32	1
11:5	PRO.3.6	1
11:5	PRO.11.3	1
11:5	MAT.27.4-MAT.27.5	1
11:5	2SA.17.23	0
11:6	ECC.10.8	5
11:6	1SA.12.3-1SA.12.4	4
11:6	1KI.2.44	4
11:6	PSA.7.15-PSA.7.16	4
11:6	PRO.5.22	4
11:6	1KI.2.32-1KI.2.33	3
11:6	GEN.30.33	2
11:6	GEN.31.37	1
11:7	PRO.10.28	6
11:7	JOB.8.13-JOB.8.14	5
11:7	JOB.11.20	3
11:7	EXO.15.9-EXO.15.10	2
11:7	PSA.146.4	2
11:7	PRO.14.32	2
11:7	LUK.12.19-LUK.12.20	2
11:7	EZK.28.9	1
11:8	DAN.6.23-DAN.6.24	16
11:8	PRO.21.18	14
11:8	EST.7.9-EST.7.10	11
11:8	ISA.43.3-ISA.43.4	9
11:9	PRO.2.10-PRO.2.16	7
11:9	PRO.4.5-PRO.4.6	5
11:9	1JN.2.27	4
11:9	JOB.8.13	3
11:9	PSA.55.12	3
11:9	PSA.55.20-PSA.55.21	3
11:9	PRO.6.23-PRO.6.24	3
11:9	ACT.20.30	3
11:9	2CO.11.13-2CO.11.15	3
11:9	1TI.4.1-1TI.4.3	3
11:9	2PE.2.1-2PE.2.3	3
11:9	2PE.3.16-2PE.3.18	3
11:9	1JN.2.21	3
11:9	1KI.22.6	2
11:9	1KI.22.20-1KI.22.23	2
11:9	JOB.34.30	2
11:9	MAT.7.15	2
11:9	MAT.15.5-MAT.15.14	2
11:9	EPH.4.13-EPH.4.14	2
11:9	1KI.13.18-1KI.13.22	1
11:9	MRK.13.14	1
11:9	MRK.13.22-MRK.13.23	1
11:9	2TH.2.8-2TH.2.10	1
11:10	PRO.28.12	6
11:10	PSA.58.10-PSA.58.11	4
11:10	EST.8.15-EST.8.16	3
11:10	JDG.5.31	2
11:10	PRO.28.28	2
11:10	EXO.15.21	0
11:10	JOB.27.23	0
11:10	REV.19.1-REV.19.7	0
11:11	PRO.14.34	8
11:11	PRO.29.8	6
11:11	JAS.3.6	4
11:11	2CH.32.20-2CH.32.22	3
11:11	JOB.22.30	3
11:11	ECC.9.15	3
11:11	GEN.41.38-GEN.41.42	2
11:11	GEN.45.8	2
11:11	2SA.20.1	2
11:11	EST.3.8-EST.3.15	2
11:11	EST.9.1-EST.9.16	1
11:12	PRO.10.19	9
11:12	1PE.2.23	9
11:12	LUK.16.14	4
11:12	LUK.18.9	4
11:12	PSA.123.3-PSA.123.4	3
11:12	PRO.14.21	3
11:12	JDG.9.27-JDG.9.29	2
11:12	JDG.9.38	2
11:12	1SA.10.27	2
11:12	2KI.18.36	2
11:12	NEH.4.2-NEH.4.4	2
11:12	JHN.7.48-JHN.7.52	2
11:13	PRO.20.19	13
11:13	LEV.19.16	9
11:13	PRO.25.9	9
11:13	1TI.5.13	7
11:13	PRO.26.20-PRO.26.22	5
11:13	JOS.2.14	4
11:13	JOS.2.20	3
11:13	PRO.14.5	3
11:13	JER.38.27	3
11:13	NEH.6.17-NEH.6.19	1
11:14	PRO.24.6	33
11:14	PRO.15.22	28
11:14	PRO.20.18	20
11:14	PRO.16.22	7
11:14	1KI.12.1-1KI.12.19	6
11:14	ISA.19.11-ISA.19.14	3
11:14	ACT.15.6-ACT.15.21	3
11:15	PRO.6.1-PRO.6.5	5
11:15	PRO.17.18	5
11:15	PRO.20.16	4
11:15	PRO.22.26-PRO.22.27	4
11:16	PRO.31.30-PRO.31.31	8
11:16	LUK.10.42	6
11:16	ACT.16.14-ACT.16.15	4
11:16	1SA.25.32-1SA.25.33	3
11:16	ACT.9.39	3
11:16	2SA.20.16-2SA.20.22	2
11:16	EST.9.25	2
11:16	MAT.26.13	2
11:16	LUK.8.3	2
11:16	LUK.11.21-LUK.11.22	2
11:16	ROM.16.2-ROM.16.4	2
11:16	2JN.1.1	2
11:16	LUK.21.2-LUK.21.4	1
11:16	ROM.16.6	0
11:17	MAT.5.7	11
11:17	MAT.25.34-MAT.25.40	5
11:17	JAS.2.13	5
11:17	PSA.41.1-PSA.41.4	3
11:17	DAN.4.27	3
11:17	MAT.6.14-MAT.6.15	3
11:17	2CO.9.6-2CO.9.14	3
11:17	PHP.4.17	3
11:17	JAS.5.1-JAS.5.5	3
11:17	JOB.20.19-JOB.20.23	2
11:17	PSA.112.4-PSA.112.9	2
11:17	PRO.15.27	2
11:17	ECC.4.8	2
11:17	ISA.32.7-ISA.32.8	2
11:17	ISA.57.1	2
11:17	ISA.58.7-ISA.58.12	2
11:17	LUK.6.38	2
11:18	GAL.6.8-GAL.6.9	13
11:18	ECC.10.8	10
11:18	HOS.10.12-HOS.10.13	8
11:18	JAS.3.18	8
11:18	PSA.126.5-PSA.126.6	7
11:18	PRO.22.8	7
11:18	PRO.1.18	5
11:18	PRO.5.22	5
11:18	JOB.27.13-JOB.27.23	4
11:18	ISA.59.5-ISA.59.8	4
11:18	EPH.4.22	3
11:19	PRO.10.16	7
11:19	PRO.12.28	6
11:19	PRO.19.23	6
11:19	ROM.2.8-ROM.2.9	6
11:19	PRO.1.16-PRO.1.19	5
11:19	PRO.7.22-PRO.7.23	5
11:19	PRO.8.36	5
11:19	ACT.10.35	4
11:19	ROM.6.23	4
11:19	1JN.3.7	4
11:19	1JN.3.10	4
11:19	PRO.11.4	2
11:20	PSA.119.1	6
11:20	1CH.29.17	5
11:20	PSA.140.13	5
11:20	PRO.21.29	5
11:20	PSA.11.7	4
11:20	PSA.18.25-PSA.18.26	4
11:20	PSA.51.6	4
11:20	PRO.6.14	4
11:20	PRO.8.13	4
11:20	PRO.6.16-PRO.6.19	3
11:20	PRO.9.7	3
11:20	PRO.12.22	3
11:20	PRO.13.6	3
11:20	PRO.15.8	3
11:20	PRO.16.17	3
11:21	PSA.112.1-PSA.112.2	17
11:21	ACT.2.39	16
11:21	JER.32.39	14
11:21	PSA.37.26	11
11:21	PRO.16.5	10
11:21	PRO.13.22	9
11:21	GEN.17.7-GEN.17.8	8
11:21	EXO.23.2	6
11:21	ISA.27.4	3
11:22	1PE.3.3-1PE.3.4	8
11:22	PRO.31.30	7
11:22	NAM.3.4-NAM.3.6	5
11:22	PRO.7.10	4
11:22	PRO.9.13	4
11:22	2PE.2.22	4
11:22	GEN.24.47	3
11:22	EZK.16.15-EZK.16.22	2
11:23	PSA.37.4	7
11:23	MAT.5.6	7
11:23	ROM.2.8-ROM.2.9	7
11:23	PSA.10.17	4
11:23	PSA.27.4	4
11:23	PSA.119.10	4
11:23	PRO.10.28	4
11:23	ISA.26.9	4
11:23	JER.17.16	4
11:23	PSA.39.7-PSA.39.8	3
11:23	PSA.119.5	3
11:23	PRO.11.7	3
11:23	HEB.10.27	3
11:24	PRO.19.17	31
11:24	LUK.6.38	27
11:24	DEU.15.10	20
11:24	PSA.112.9	17
11:24	ECC.11.6	15
11:24	HAG.1.6	13
11:24	HAG.1.9-HAG.1.11	13
11:24	PRO.11.18	12
11:24	2CO.9.5-2CO.9.11	12
11:24	HAG.2.16-HAG.2.19	11
11:24	PRO.28.8	10
11:24	ECC.11.1-ECC.11.2	7
11:24	ACT.11.29-ACT.11.30	7
11:25	MAT.5.7	44
11:25	2CO.9.6-2CO.9.9	35
11:25	ISA.58.7-ISA.58.11	26
11:25	MAT.25.34-MAT.25.35	23
11:25	ISA.32.8	22
11:25	PRO.28.27	19
11:25	JOB.29.13-JOB.29.18	17
11:25	JOB.31.16-JOB.31.20	13
11:26	GEN.42.6	4
11:26	JOB.29.13	4
11:26	AMO.8.4-AMO.8.6	2
11:26	PRO.24.24	1
11:27	PSA.7.15-PSA.7.16	9
11:27	PRO.17.11	7
11:27	EST.7.10	5
11:27	PSA.57.6	5
11:27	PSA.9.15-PSA.9.16	4
11:27	PSA.10.2	2
11:28	1TI.6.17	11
11:28	JER.17.8	9
11:28	PSA.52.7-PSA.52.8	8
11:28	PSA.1.3	5
11:28	PSA.62.10	4
11:28	PSA.92.12-PSA.92.14	4
11:28	MRK.10.24-MRK.10.25	4
11:28	DEU.8.12-DEU.8.14	2
11:28	JOB.31.24-JOB.31.25	2
11:28	PSA.49.6	2
11:28	PRO.10.15	2
11:28	ISA.60.21	2
11:28	LUK.12.20	1
11:29	ECC.5.16	5
11:29	PRO.14.19	4
11:29	PRO.15.27	3
11:29	HAB.2.9-HAB.2.10	3
11:29	GEN.34.30	2
11:29	JOS.7.24-JOS.7.25	2
11:29	1SA.25.3	2
11:29	1SA.25.17	2
11:29	1SA.25.38	2
11:29	HOS.8.7	2
11:30	DAN.12.3	39
11:30	JAS.5.20	29
11:30	1CO.9.19-1CO.9.23	14
11:30	PRO.3.18	11
11:30	1TH.2.19	11
11:30	JHN.4.36	10
11:30	MAT.4.19	9
11:30	LUK.5.9-LUK.5.10	9
11:30	PRO.15.4	8
11:31	1PE.4.17-1PE.4.18	11
11:31	JER.25.29	9
11:31	1CO.11.30-1CO.11.32	6
11:31	2SA.12.9-2SA.12.12	4
11:31	PRO.13.21	4
11:31	2SA.7.14-2SA.7.15	3
11:31	1KI.13.24	1
12:1	PRO.15.10	28
12:1	PRO.9.7-PRO.9.8	21
12:1	PSA.119.97-PSA.119.100	17
12:1	PRO.5.12-PRO.5.13	13
12:1	PRO.18.1	13
12:1	PSA.32.9	12
12:1	PRO.8.17	12
12:1	PSA.92.6	11
12:1	PRO.2.10-PRO.2.11	10
12:1	2TH.2.10	9
12:1	PRO.8.32	8
12:1	ISA.1.3	8
12:1	PSA.119.27	6
12:2	PRO.8.35	11
12:2	ACT.11.24	9
12:2	PSA.112.5	7
12:2	ROM.5.7	5
12:2	PRO.1.31	4
12:2	ISA.32.5-ISA.32.7	4
12:2	PSA.9.15	3
12:2	PRO.6.18	3
12:2	ECC.8.8	3
12:3	PRO.10.25	13
12:3	EPH.3.17	10
12:3	PRO.12.12	6
12:3	COL.2.7	6
12:3	JOB.27.16-JOB.27.18	4
12:3	PSA.125.1-PSA.125.2	4
12:3	JOB.5.3-JOB.5.5	3
12:3	PSA.15.5	3
12:3	1SA.25.33	2
12:3	JOB.20.5-JOB.20.9	2
12:3	JOB.15.29	1
12:4	PRO.31.10-PRO.31.25	16
12:4	PRO.14.1	12
12:4	PRO.14.30	12
12:4	PRO.19.13-PRO.19.14	10
12:4	PRO.21.9	9
12:4	PRO.21.19	9
12:4	1CO.11.11	8
12:4	PRO.27.15-PRO.27.16	7
12:4	1CO.11.7	6
12:4	HAB.3.16	1
12:5	PSA.139.23	6
12:5	ISA.55.7	5
12:5	PSA.41.6-PSA.41.7	3
12:5	PSA.140.1-PSA.140.3	3
12:5	JER.4.14	3
12:5	PSA.12.2-PSA.12.3	2
12:5	PSA.36.2-PSA.36.4	2
12:5	PSA.119.15	2
12:5	PRO.11.23	2
12:5	PRO.24.9	2
12:5	MAT.2.3-MAT.2.8	2
12:5	MAT.2.16	2
12:5	MAT.26.4	2
12:5	1CO.4.5	2
12:5	2CO.4.2	2
12:6	PRO.14.3	9
12:6	JER.5.26	3
12:6	PRO.1.11-PRO.1.19	2
12:6	ISA.59.7	2
12:6	2SA.17.1-2SA.17.4	1
12:6	EST.4.7-EST.4.14	1
12:6	EST.7.4-EST.7.6	1
12:6	ACT.23.12	1
12:6	ACT.23.15	1
12:6	MIC.7.1-MIC.7.2	0
12:6	ACT.25.3	0
12:7	MAT.7.24-MAT.7.27	5
12:7	PRO.10.25	4
12:7	PRO.11.21	4
12:7	2SA.7.16	3
12:7	2SA.7.26	3
12:7	EST.9.6-EST.9.10	3
12:7	EST.9.14	3
12:7	JOB.5.3-JOB.5.4	3
12:7	JOB.11.20	3
12:7	JOB.18.15-JOB.18.20	3
12:7	JOB.27.18-JOB.27.23	3
12:7	PSA.37.10	3
12:7	JOB.34.25	2
12:7	PSA.37.35-PSA.37.37	2
12:7	PSA.73.18-PSA.73.19	2
12:7	PRO.14.1	2
12:7	PRO.14.11	2
12:7	PRO.15.25	2
12:7	PRO.24.3-PRO.24.4	2
12:8	PRO.3.35	5
12:8	2CO.10.18	5
12:8	MAL.2.8-MAL.2.9	4
12:8	MAT.27.4-MAT.27.5	4
12:8	1CO.3.10-1CO.3.15	4
12:8	1CO.4.5	4
12:8	GEN.41.39	3
12:8	PSA.132.18	3
12:8	DAN.12.2	3
12:8	LUK.12.42-LUK.12.44	3
12:8	LUK.16.8	3
12:8	ACT.12.23	3
12:8	1SA.13.13	2
12:8	1SA.16.18	2
12:8	1SA.18.30	2
12:8	1SA.25.17	2
12:8	PRO.1.26	2
12:8	PRO.5.23	2
12:8	ECC.8.1	1
12:9	LUK.14.11	12
12:9	PRO.13.7	8
12:10	DEU.25.4	16
12:10	GEN.33.13-GEN.33.14	7
12:10	NUM.22.28-NUM.22.32	7
12:10	JAS.2.13-JAS.2.16	3
12:10	1JN.3.17	2
12:10	GEN.37.26-GEN.37.28	0
12:10	JDG.1.7	0
12:10	1SA.11.2	0
12:10	JHN.4.11	0
12:10	JHN.19.31-JHN.19.32	0
12:11	PRO.28.19	15
12:11	PRO.14.23	13
12:11	1TH.4.11-1TH.4.12	10
12:11	PSA.128.2	9
12:11	EPH.4.28	8
12:11	2TH.3.8	7
12:11	PRO.9.6	6
12:11	PRO.7.7	5
12:11	PRO.14.4	5
12:11	GEN.3.19	4
12:11	PRO.13.20	4
12:11	PRO.1.10-PRO.1.19	3
12:11	PRO.4.14-PRO.4.15	3
12:11	PRO.6.32	3
12:11	TIT.1.10-TIT.1.11	3
12:11	JDG.9.4	2
12:11	PSA.26.4	2
12:11	PRO.9.13	2
12:11	PRO.9.16	2
12:11	PRO.13.23	1
12:11	PRO.27.27	1
12:11	JON.2.8	1
12:12	JER.17.7-JER.17.8	6
12:12	PSA.1.3	4
12:12	PRO.29.5-PRO.29.6	4
12:12	LUK.8.13-LUK.8.15	4
12:12	JHN.15.5	4
12:12	PSA.10.9	3
12:12	PRO.1.17-PRO.1.19	3
12:12	ISA.27.6	3
12:12	ISA.37.31	3
12:12	JHN.15.16	3
12:12	PSA.9.15	2
12:12	PRO.10.15	2
12:12	JER.5.26-JER.5.28	2
12:12	MIC.7.2	2
12:12	HAB.1.15-HAB.1.17	2
12:12	ROM.6.22	2
12:13	PRO.21.23	9
12:13	PSA.64.8	7
12:13	PRO.11.8	7
12:13	PRO.6.2	6
12:13	DAN.6.24	6
12:13	PRO.18.6-PRO.18.7	5
12:13	ECC.7.18	5
12:13	2PE.2.9	5
12:13	GEN.48.16	4
12:13	2SA.4.9	4
12:13	1KI.2.23	4
12:13	PSA.5.6	4
12:13	PSA.34.19	4
12:13	PRO.15.2	4
12:13	MAT.27.25	4
12:13	ROM.8.35-ROM.8.37	4
12:14	PRO.18.20-PRO.18.21	12
12:14	ISA.3.10-ISA.3.11	11
12:14	PRO.13.2	9
12:14	PSA.63.5	8
12:14	PRO.15.23	6
12:14	MAT.10.41-MAT.10.42	6
12:14	MAT.16.27	5
12:14	2TH.1.6-2TH.1.7	5
12:14	HEB.2.2	3
12:14	HEB.11.26	3
12:15	PRO.3.7	15
12:15	PRO.14.16	10
12:15	PRO.19.20	10
12:15	PRO.26.12	10
12:15	PRO.14.12	9
12:15	PRO.16.2	9
12:15	PRO.16.25	9
12:15	PRO.1.5	8
12:15	PRO.9.9	8
12:15	GAL.6.3	8
12:15	PRO.21.2	6
12:15	PRO.26.16	5
12:15	PRO.28.11	5
12:15	PRO.30.12	5
12:15	ECC.4.13	5
12:15	JER.38.15-JER.38.28	5
12:15	LUK.18.11	4
12:16	PRO.29.11	15
12:16	JAS.1.19	11
12:16	PRO.10.12	8
12:16	PRO.17.9	7
12:16	PRO.25.28	7
12:16	PRO.14.33	5
12:16	PRO.16.22	5
12:16	1KI.19.1-1KI.19.2	2
12:16	1SA.20.30-1SA.20.34	0
12:17	PRO.14.5	6
12:17	PRO.14.25	6
12:17	PRO.6.19	4
12:17	PRO.24.28	4
12:17	PRO.19.5	3
12:17	PRO.19.28	3
12:17	PRO.21.28	3
12:17	MAT.15.19	3
12:17	1SA.22.14-1SA.22.15	2
12:17	MAT.26.59	2
12:17	ACT.6.13	2
12:17	1PE.3.16	2
12:18	PRO.16.24	21
12:18	PRO.15.4	17
12:18	PSA.57.4	9
12:18	PRO.10.20-PRO.10.21	9
12:18	JAS.3.6-JAS.3.8	8
12:18	PSA.52.2	7
12:18	PRO.4.22	6
12:18	PRO.15.7	6
12:18	PRO.25.18	6
12:18	PRO.13.17	5
12:18	DAN.11.33	5
12:18	PSA.64.3	4
12:18	PSA.59.7	3
12:18	REV.1.16	3
12:18	REV.22.2	3
12:19	PRO.19.9	11
12:19	PSA.52.4-PSA.52.5	9
12:19	JOB.20.5	6
12:19	ZEC.1.4-ZEC.1.6	5
12:19	MAT.24.35	4
12:19	ACT.5.3-ACT.5.10	4
12:20	MAT.5.9	8
12:20	MRK.7.21-MRK.7.22	4
12:20	1PE.3.8-1PE.3.13	4
12:20	PRO.12.12	3
12:20	PRO.26.24-PRO.26.26	3
12:20	JER.17.16	3
12:20	ZEC.6.13	3
12:20	HEB.12.14	3
12:20	ISA.9.6-ISA.9.7	2
12:20	MRK.12.14-MRK.12.17	2
12:20	ROM.1.29	2
12:21	1PE.3.13	9
12:21	PSA.91.10	7
12:21	ROM.8.28	6
12:21	PRO.1.31	4
12:21	PRO.14.14	4
12:21	JER.13.12-JER.13.14	4
12:21	1CO.3.22-1CO.3.23	4
12:21	REV.18.6	4
12:21	HAB.2.16	3
12:21	2CO.4.17	1
12:22	PSA.5.6	17
12:22	PRO.6.16-PRO.6.17	15
12:22	PRO.11.20	15
12:22	REV.22.15	15
12:22	JER.9.24	11
12:22	PRO.11.1	8
12:22	ISA.9.15	8
12:22	EZK.13.22	7
12:22	PRO.15.8	6
12:22	EZK.13.19	5
12:22	REV.21.8	3
12:23	PRO.13.16	8
12:23	PRO.10.19	5
12:23	PRO.11.13	5
12:23	PRO.10.14	4
12:23	PRO.15.2	4
12:23	ECC.10.3	1
12:23	ECC.10.12-ECC.10.14	1
12:24	PRO.12.27	9
12:24	PRO.10.4	6
12:24	PRO.21.25-PRO.21.26	6
12:24	PRO.13.4	4
12:24	PRO.19.15	4
12:24	PRO.22.29	4
12:24	GEN.49.15	3
12:24	1KI.11.28	3
12:24	PRO.17.2	3
12:24	PRO.22.13	3
12:24	1KI.9.21	2
12:24	PRO.26.13-PRO.26.16	2
12:24	PRO.24.30-PRO.24.34	1
12:24	1KI.12.20	0
12:25	PRO.16.24	35
12:25	PRO.15.13	30
12:25	PRO.17.22	29
12:25	ISA.50.4	26
12:25	PRO.15.23	23
12:25	PSA.42.11	15
12:25	PRO.12.18	15
12:25	PRO.27.9	15
12:25	ZEC.1.13	15
12:25	PRO.18.14	12
12:25	PRO.25.11	10
12:25	PSA.38.6	8
12:25	PRO.14.10	8
12:25	MRK.14.33-MRK.14.34	8
12:25	2CO.2.4-2CO.2.7	8
12:25	NEH.2.1-NEH.2.2	7
12:25	PRO.15.15	6
12:26	1JN.2.26	6
12:26	JAS.1.13-JAS.1.14	5
12:26	PSA.18.12-PSA.18.13	4
12:26	PRO.17.27	4
12:26	MAT.5.46-MAT.5.48	4
12:26	PRO.12.13	3
12:26	LUK.6.32-LUK.6.36	3
12:26	2PE.2.18-2PE.2.22	3
12:26	1PE.2.18-1PE.2.21	2
12:26	REV.12.9	2
12:26	REV.13.14	1
12:26	PSA.16.3	0
12:27	PRO.13.4	4
12:27	PRO.26.15	2
12:27	PSA.37.16	1
12:27	PRO.15.16	0
12:28	3JN.1.11	12
12:28	ROM.5.21	9
12:28	EZK.18.20-EZK.18.24	8
12:28	PRO.11.19	6
12:28	TIT.2.11-TIT.2.12	6
12:28	DEU.30.15	5
12:28	PRO.8.35	5
12:28	PRO.10.16	5
12:28	EZK.18.9	5
12:28	1JN.2.29	5
12:28	1JN.3.7	5
12:28	ROM.6.22-ROM.6.23	4
12:28	PRO.9.11	3
13:1	PRO.15.5	13
13:1	PRO.9.7-PRO.9.8	11
13:1	PRO.15.20	9
13:1	PRO.4.1-PRO.4.14	7
13:1	PRO.10.1	7
13:1	1SA.2.25	6
13:1	PRO.4.20-PRO.4.22	5
13:1	ISA.28.14-ISA.28.15	5
13:1	PRO.14.6	4
13:2	PRO.12.14	12
13:2	PRO.18.20	11
13:2	PRO.10.11	6
13:2	PSA.140.11	5
13:2	PRO.1.31	5
13:2	PSA.75.8	3
13:2	PRO.1.11-PRO.1.13	3
13:2	PRO.4.17	3
13:2	HAB.2.8	3
13:2	HAB.2.17	3
13:2	JER.25.27-JER.25.31	2
13:2	REV.16.6	2
13:2	PRO.1.18	1
13:3	PRO.21.23	55
13:3	PRO.18.21	43
13:3	PRO.18.7	36
13:3	JAS.3.2-JAS.3.12	33
13:3	PSA.39.1	31
13:3	MAT.12.36-MAT.12.37	31
13:3	PRO.10.19	28
13:3	PRO.20.19	28
13:3	JAS.1.26	28
13:3	PRO.12.13	24
13:4	PRO.12.24	16
13:4	PRO.12.11	12
13:4	2PE.1.5-2PE.1.11	11
13:4	PRO.2.2-PRO.2.9	9
13:4	PRO.10.4	9
13:4	PRO.11.25	8
13:4	PRO.28.25	7
13:4	JHN.6.27	7
13:4	HEB.6.11	6
13:4	PRO.8.34	5
13:4	PRO.26.13	4
13:4	ISA.58.11	4
13:4	NUM.23.10	3
13:4	PSA.92.14	3
13:5	COL.3.9	10
13:5	PSA.119.163	7
13:5	EPH.4.25	7
13:5	EZK.20.43	6
13:5	EZK.36.31	6
13:5	PRO.3.35	5
13:5	REV.21.8	5
13:5	PRO.6.17	4
13:5	PRO.30.8	4
13:5	EZK.6.9	4
13:5	DAN.12.2	4
13:5	ZEC.11.8	4
13:6	PRO.11.3	9
13:6	PRO.11.5-PRO.11.6	6
13:6	PSA.15.2	3
13:6	PSA.25.21	3
13:6	PSA.26.1	3
13:6	PSA.140.11	3
13:6	PRO.21.12	3
13:6	PRO.5.22	2
13:6	2CH.28.23	1
13:7	LUK.18.11-LUK.18.14	11
13:7	REV.3.17	11
13:7	PRO.11.24	10
13:7	PRO.12.9	8
13:7	PRO.13.11	7
13:7	LUK.12.21	7
13:7	2CO.4.7	7
13:7	2CO.6.10	7
13:7	JAS.2.5	7
13:7	2PE.2.19	6
13:7	ECC.11.1-ECC.11.2	5
13:7	1CO.4.10-1CO.4.11	5
13:7	LUK.12.33	4
13:7	REV.2.9	4
13:7	1CO.4.8	3
13:8	MAT.16.26	9
13:8	1PE.1.18-1PE.1.19	8
13:8	2KI.24.14	4
13:8	PSA.49.6-PSA.49.10	4
13:8	2KI.25.12	3
13:8	JOB.2.4	3
13:8	JER.39.10	3
13:8	ZEP.3.12	3
13:8	EXO.21.30	2
13:8	PRO.6.35	2
13:8	JER.41.8	2
13:9	PRO.24.20	10
13:9	PRO.4.18	9
13:9	PRO.20.20	7
13:9	PSA.97.11	6
13:9	PSA.112.4	6
13:9	JOB.18.5-JOB.18.6	5
13:9	MAT.25.8	5
13:9	1KI.11.36	3
13:9	JOB.21.17	3
13:9	ISA.50.10-ISA.50.11	3
13:9	JOB.29.3	2
13:9	MAT.22.13	0
13:10	PRO.19.20	8
13:10	PRO.12.15-PRO.12.16	6
13:10	PRO.17.14	4
13:10	1TI.6.4	4
13:10	LUK.22.24	3
13:10	JAS.3.14-JAS.3.16	3
13:10	JAS.4.1	3
13:10	3JN.1.9-3JN.1.10	3
13:10	JDG.8.1-JDG.8.3	2
13:10	JDG.12.1-JDG.12.6	2
13:10	1KI.12.10-1KI.12.11	2
13:10	1KI.12.16	2
13:10	2KI.14.10	2
13:10	PRO.20.18	2
13:10	PRO.21.24	2
13:10	PRO.25.8	2
13:10	LUK.14.28-LUK.14.32	2
13:10	ACT.6.1-ACT.6.5	2
13:10	JAS.4.5-JAS.4.6	2
13:11	PRO.20.21	13
13:11	PRO.10.2	11
13:11	JAS.5.1-JAS.5.5	9
13:11	PRO.28.8	8
13:11	JOB.27.16-JOB.27.17	7
13:11	PRO.13.22-PRO.13.23	7
13:11	PRO.27.23-PRO.27.27	7
13:11	PRO.28.20	7
13:11	PRO.28.22	6
13:11	PSA.128.2	4
13:11	JER.17.11	4
13:11	HAB.2.6-HAB.2.7	4
13:11	JOB.20.15	3
13:11	JOB.15.28-JOB.15.29	2
13:11	JOB.20.19-JOB.20.22	2
13:11	ECC.5.14	2
13:12	JHN.16.22	29
13:12	PRO.13.19	28
13:12	PSA.119.81-PSA.119.83	15
13:12	PSA.17.15	14
13:12	PRO.3.18	14
13:12	PRO.11.30	14
13:12	PSA.69.3	13
13:12	PSA.143.7	12
13:12	GEN.21.6-GEN.21.7	11
13:12	PSA.40.2-PSA.40.3	11
13:12	SNG.5.8	8
13:12	GEN.46.30	6
13:12	1SA.1.26-1SA.1.28	6
13:12	LUK.2.29-LUK.2.30	5
13:12	REV.22.2	3
13:12	PSA.42.1-PSA.42.3	1
13:13	NUM.15.31	18
13:13	2CH.36.16	15
13:13	PSA.119.165	12
13:13	2JN.1.8	12
13:13	EZK.20.16	9
13:13	PSA.19.11	8
13:13	EZK.20.13	8
13:13	PSA.115.13	7
13:13	EZK.20.24	7
13:13	PRO.1.25	5
13:13	PRO.1.30-PRO.1.31	5
13:13	PRO.13.21	5
13:13	ISA.66.2	5
13:13	LUK.16.31	5
13:13	MAL.3.16	4
13:13	2SA.12.9-2SA.12.10	3
13:13	JER.44.16-JER.44.17	3
13:13	MAT.5.12	3
13:13	HEB.10.28-HEB.10.29	3
13:13	EZR.10.3	2
13:13	JER.43.2	2
13:14	PRO.10.11	6
13:14	PRO.14.27	6
13:14	PSA.18.5	5
13:14	2SA.22.6-2SA.22.7	4
13:14	PSA.116.3	3
13:14	PRO.16.6	3
13:14	PRO.16.17	3
13:14	PRO.9.11	2
13:14	PRO.15.24	2
13:14	PRO.16.22	2
13:15	JER.2.19	10
13:15	PRO.4.19	9
13:15	PRO.15.10	7
13:15	ROM.6.21	6
13:15	PSA.95.9-PSA.95.11	5
13:15	PSA.111.10	5
13:15	PRO.3.4	5
13:15	ACT.7.10	5
13:15	1SA.18.14-1SA.18.16	4
13:15	LUK.2.52	4
13:15	PRO.14.35	3
13:16	PRO.15.2	7
13:16	PRO.12.22-PRO.12.23	5
13:16	EPH.5.17	5
13:16	ECC.10.3	4
13:16	ISA.52.13	4
13:16	ROM.16.19	3
13:16	1SA.25.10-1SA.25.11	2
13:16	1SA.25.17	2
13:16	1SA.25.25	2
13:16	PSA.112.5	2
13:16	PRO.21.24	2
13:16	MAT.10.16	2
13:16	1CO.14.20	2
13:17	PRO.25.13	8
13:17	EZK.33.7-EZK.33.8	4
13:17	1CO.4.2	4
13:17	2CO.5.20	4
13:17	1TI.1.12	4
13:17	EZK.3.18	3
13:17	2TI.2.2	3
13:17	PRO.10.26	2
13:17	PRO.25.23	2
13:17	PRO.26.6	2
13:17	JER.23.13-JER.23.16	2
13:17	JER.23.28	2
13:17	2CO.2.17	2
13:18	PRO.15.5	9
13:18	PRO.15.31-PRO.15.32	7
13:18	PRO.12.1	6
13:18	PRO.13.13	5
13:18	PRO.25.12	5
13:18	PRO.5.9-PRO.5.14	4
13:18	PRO.9.9	4
13:18	PRO.19.6	4
13:18	PSA.141.5	3
13:18	JER.5.3-JER.5.9	3
13:18	HEB.12.25	3
13:19	PRO.13.12	8
13:19	REV.7.14-REV.7.17	6
13:19	PRO.29.27	5
13:19	2TI.2.19	4
13:19	PSA.34.14	3
13:19	PRO.16.17	3
13:19	JOB.28.28	2
13:19	PSA.21.1-PSA.21.2	2
13:19	PRO.3.7	2
13:19	PRO.16.6	2
13:19	SNG.3.4	2
13:19	2TI.4.7-2TI.4.8	2
13:19	1KI.1.48	1
13:19	PSA.37.27	1
13:20	1CO.15.33-1CO.15.34	85
13:20	PRO.15.31	61
13:20	PRO.9.6	55
13:20	2CO.6.14-2CO.6.18	52
13:20	PSA.119.63	35
13:20	REV.18.4	33
13:20	PRO.1.11-PRO.1.19	23
13:20	MAL.3.16	23
13:20	HEB.10.24	19
13:20	PRO.7.22-PRO.7.23	18
13:20	1KI.12.8	17
13:20	ACT.2.42	17
13:20	1KI.12.10	15
13:20	PRO.2.12-PRO.2.20	15
13:20	GEN.13.12-GEN.13.13	14
13:20	PRO.7.27	12
13:20	2CH.19.2	11
13:20	GEN.14.12	10
13:20	1KI.22.4	8
13:20	1KI.22.32	5
13:20	SNG.1.7-SNG.1.8	4
13:21	PSA.32.10	13
13:21	ISA.3.10-ISA.3.11	11
13:21	PRO.13.13	9
13:21	ROM.2.7-ROM.2.10	9
13:21	GEN.4.7	8
13:21	PSA.140.11	7
13:21	NUM.32.23	6
13:21	ACT.28.4	3
13:22	ECC.2.26	65
13:22	JOB.27.16-JOB.27.17	51
13:22	PRO.28.8	46
13:22	PSA.37.25	35
13:22	PSA.112.2	34
13:22	GEN.17.7-GEN.17.8	27
13:22	PSA.25.12-PSA.25.13	23
13:22	EZR.9.12	21
13:22	PSA.128.6	18
13:22	PSA.102.28	16
13:23	PRO.12.11	7
13:23	PRO.28.19	6
13:23	ECC.5.9	5
13:23	PSA.112.5	4
13:23	ECC.8.5-ECC.8.6	4
13:23	PRO.27.18	3
13:23	PRO.27.23-PRO.27.27	3
13:23	PRO.6.6-PRO.6.11	2
13:23	PRO.11.5-PRO.11.6	2
13:23	PRO.12.14	2
13:23	JER.8.7-JER.8.10	2
13:24	PRO.29.17	33
13:24	PRO.23.13-PRO.23.14	32
13:24	PRO.29.15	27
13:24	PRO.19.18	23
13:24	PRO.22.15	20
13:24	HEB.12.6-HEB.12.8	20
13:24	PRO.3.12	18
13:24	PRO.8.36	4
13:25	PSA.34.10	9
13:25	PRO.10.3	6
13:25	HEB.13.5	4
13:25	1TI.4.8	3
13:25	DEU.32.24	2
13:25	PRO.6.11	2
13:25	DEU.28.48	1
13:25	PSA.37.3	1
13:25	PSA.37.16	1
13:25	PSA.37.18-PSA.37.19	1
13:25	PRO.24.34	1
13:25	ISA.65.13-ISA.65.14	1
13:25	2TH.3.10	1
14:1	PRO.31.10-PRO.31.31	52
14:1	PRO.24.3-PRO.24.4	37
14:1	PRO.21.9	27
14:1	PRO.21.19	23
14:1	RUT.4.11	17
14:1	PRO.9.13-PRO.9.15	13
14:1	PRO.19.13	9
14:1	1KI.16.31	6
14:1	2KI.11.1	4
14:1	1KI.21.24-1KI.21.25	2
14:2	2TI.3.2-2TI.3.3	6
14:2	ACT.10.35	5
14:2	PRO.28.6	4
14:2	JOB.28.28	3
14:2	PSA.112.1	3
14:2	ROM.2.4-ROM.2.5	3
14:2	PSA.25.21	2
14:2	ECC.12.13	2
14:2	LUK.10.16	2
14:2	ACT.9.31	2
14:2	1KI.3.6	1
14:2	JOB.1.1	1
14:2	PSA.123.3-PSA.123.4	1
14:2	PRO.2.15	1
14:2	PRO.11.12	1
14:2	PRO.16.17	1
14:2	PRO.19.1	1
14:2	MAL.2.5-MAL.2.6	1
14:2	LUK.16.14	1
14:2	ACT.10.22	1
14:2	JOB.12.4	0
14:3	PRO.12.6	8
14:3	JAS.3.5-JAS.3.6	5
14:3	REV.12.11	4
14:3	ROM.10.9-ROM.10.10	3
14:3	REV.3.10	3
14:3	1SA.2.3	2
14:3	JOB.5.21	2
14:3	PSA.12.3	2
14:3	PSA.52.1-PSA.52.2	2
14:3	PSA.57.4	2
14:3	PRO.18.6	2
14:3	PRO.21.24	2
14:3	PRO.22.8	2
14:3	PRO.28.25	2
14:3	DAN.7.20	2
14:3	PSA.31.18	1
14:3	2PE.2.18	1
14:3	REV.15.5-REV.15.6	1
14:4	1CO.9.9-1CO.9.11	10
14:4	PRO.13.23	6
14:4	AMO.4.6	1
14:5	EXO.23.1	7
14:5	PRO.6.19	7
14:5	PRO.19.5	7
14:5	PRO.12.17	5
14:5	PRO.14.25	4
14:5	1KI.22.12-1KI.22.14	3
14:5	PRO.13.5	3
14:5	PRO.19.9	3
14:5	EXO.20.16	2
14:5	1KI.21.13	2
14:6	JAS.1.5	7
14:6	MAT.13.11-MAT.13.12	6
14:6	MAT.11.25-MAT.11.27	4
14:6	1CO.3.18-1CO.3.19	4
14:6	PRO.8.9	3
14:6	1CO.8.2	3
14:6	PSA.119.18	2
14:6	PSA.119.98-PSA.119.100	2
14:6	PRO.17.24	2
14:6	PRO.18.2	2
14:6	PRO.26.12	2
14:6	ISA.8.20	2
14:6	JER.8.9	2
14:6	MAT.6.22-MAT.6.23	2
14:6	ROM.1.21-ROM.1.28	2
14:6	2PE.3.3-2PE.3.5	2
14:6	ROM.9.31-ROM.9.32	1
14:7	PRO.13.20	11
14:7	PRO.9.6	9
14:7	1CO.5.11	9
14:7	EPH.5.11	9
14:7	PRO.19.27	7
14:8	EPH.5.17	14
14:8	2TI.3.13	11
14:8	JAS.3.13	9
14:8	COL.1.9-COL.1.10	8
14:8	PSA.111.10	7
14:8	PSA.119.5	7
14:8	PSA.119.34-PSA.119.35	7
14:8	PSA.119.73	7
14:8	PRO.2.9	7
14:8	PRO.8.20	7
14:8	PRO.11.18	7
14:8	PSA.143.8	6
14:8	JER.13.20	6
14:8	LUK.12.19-LUK.12.20	6
14:8	EPH.4.22	6
14:8	2TI.3.15-2TI.3.17	6
14:9	PRO.10.23	5
14:9	PRO.26.18-PRO.26.19	5
14:9	ROM.14.17-ROM.14.18	5
14:9	PRO.8.35	4
14:9	PRO.13.15	4
14:9	PRO.30.20	4
14:9	JUD.1.18	4
14:9	JOB.34.7-JOB.34.9	3
14:9	PRO.1.22	3
14:9	PRO.3.4	3
14:9	PRO.12.2	3
14:9	JOB.15.16	2
14:10	PHP.4.7	7
14:10	PRO.18.14	6
14:10	PRO.15.13	5
14:10	JHN.14.18	5
14:10	JOB.10.1	4
14:10	REV.2.17	4
14:10	1SA.1.10	3
14:10	2KI.4.27	3
14:10	JOB.7.11	3
14:10	PSA.25.14	3
14:10	MRK.14.33-MRK.14.34	3
14:10	JHN.12.27	3
14:10	1PE.1.8	3
14:10	JOB.6.2-JOB.6.4	2
14:10	JOB.9.18	2
14:10	EZK.3.14	2
14:10	GEN.42.21	1
14:10	JHN.14.23	1
14:11	PRO.3.33	12
14:11	PRO.12.7	9
14:11	MAT.7.26-MAT.7.27	7
14:11	JOB.21.28	5
14:11	PRO.21.12	5
14:11	ZEC.5.4	5
14:11	JOB.18.14-JOB.18.15	4
14:11	JOB.8.15	3
14:11	PRO.11.28	3
14:11	PRO.21.20	3
14:11	ISA.58.11-ISA.58.12	3
14:11	JOB.8.6	2
14:11	JOB.15.34	2
14:11	JOB.18.21	2
14:11	PSA.128.3	2
14:11	JOB.20.26-JOB.20.28	1
14:11	JOB.27.13-JOB.27.23	1
14:11	PSA.112.2-PSA.112.3	1
14:12	PRO.16.25	65
14:12	MAT.7.13-MAT.7.14	62
14:12	PRO.12.15	54
14:12	GAL.6.3	38
14:12	LUK.13.24	35
14:12	ROM.6.21	33
14:12	PRO.30.12	28
14:12	JAS.1.22	25
14:12	EPH.5.6	18
14:13	ECC.2.2	5
14:13	JAS.4.9	3
14:13	PRO.5.4	2
14:13	ECC.7.5-ECC.7.6	2
14:13	ECC.11.9	2
14:13	LUK.16.25	2
14:13	ECC.2.10-ECC.2.11	1
14:13	REV.18.7-REV.18.8	1
14:14	GAL.6.8	13
14:14	PRO.12.14	10
14:14	HEB.3.12	9
14:14	JER.8.5	6
14:14	JER.2.19	5
14:14	PRO.1.31-PRO.1.32	4
14:14	JHN.4.14	4
14:14	GAL.6.4	4
14:14	2PE.2.20-2PE.2.22	4
14:14	PRO.14.10	3
14:14	JER.17.5	3
14:14	ZEP.1.6	3
14:14	EZK.22.31	2
14:14	HOS.4.16	2
14:14	2CO.1.12	2
14:15	EPH.5.17	19
14:15	PRO.14.8	18
14:15	1JN.4.1	17
14:15	PRO.4.26	14
14:15	PRO.27.12	14
14:15	EPH.4.14	10
14:15	PRO.22.3	7
14:15	ROM.16.18-ROM.16.19	7
14:15	ACT.13.7	5
14:15	AMO.5.13	4
14:16	PRO.22.3	13
14:16	PRO.3.7	12
14:16	1TH.5.22	11
14:16	GEN.42.18	7
14:16	PRO.29.9	7
14:16	GEN.33.9	6
14:16	1KI.20.10-1KI.20.11	6
14:16	JOB.31.21-JOB.31.23	6
14:16	PRO.16.6	6
14:16	PRO.16.17	6
14:16	PRO.28.14	6
14:16	1KI.19.2	5
14:16	1KI.20.18	5
14:16	PSA.119.120	5
14:16	PRO.7.22	5
14:16	MRK.6.17-MRK.6.19	5
14:16	ECC.10.13	4
14:16	MRK.6.24-MRK.6.25	4
14:16	JHN.9.40	4
14:16	NEH.5.15	3
14:16	JOB.28.28	3
14:16	PSA.34.14	3
14:17	PRO.14.29	11
14:17	PRO.29.22	8
14:17	ECC.7.9	8
14:17	JAS.1.19	8
14:17	PRO.15.18	7
14:17	PRO.16.32	5
14:17	PRO.22.24	5
14:17	EST.3.6	3
14:17	EST.7.5-EST.7.6	3
14:17	PRO.6.18	3
14:17	PRO.12.2	3
14:17	PRO.12.16	3
14:17	ISA.32.7	3
14:17	JER.5.26-JER.5.29	3
14:18	1PE.1.18	4
14:18	1PE.5.4	4
14:18	PRO.3.35	3
14:18	PRO.4.7-PRO.4.9	3
14:18	PRO.11.29-PRO.11.30	3
14:18	JER.16.19	3
14:18	2TI.4.8	3
14:18	DAN.12.3	2
14:18	MAT.23.29-MAT.23.32	2
14:18	JER.44.17	1
14:19	GEN.42.6	9
14:19	MAL.4.3	7
14:19	EXO.8.8	6
14:19	GEN.43.28	5
14:19	EXO.9.27-EXO.9.28	5
14:19	EXO.11.8	5
14:19	1SA.2.36	5
14:19	2KI.3.12	5
14:19	ISA.60.14	5
14:19	MIC.7.9-MIC.7.10	5
14:19	MIC.7.16-MIC.7.17	5
14:19	PSA.49.14	4
14:19	REV.3.9	4
14:19	EST.7.7-EST.7.8	3
14:19	PRO.11.29	3
14:19	ACT.16.39	3
14:20	PRO.19.4	9
14:20	PRO.10.15	5
14:20	JOB.30.10	3
14:20	PRO.19.6-PRO.19.7	3
14:20	EST.3.2	2
14:20	EST.5.10-EST.5.11	2
14:20	JOB.6.21-JOB.6.23	2
14:20	JOB.19.13-JOB.19.14	2
14:21	PRO.11.12	8
14:21	PRO.19.17	8
14:21	PRO.28.27	8
14:21	PRO.17.5	6
14:21	1JN.3.17-1JN.3.22	5
14:21	PRO.14.31	4
14:21	PRO.18.3	4
14:21	JOB.31.13-JOB.31.15	3
14:21	JOB.35.5-JOB.35.6	3
14:21	PSA.22.24	3
14:21	PSA.41.1-PSA.41.2	3
14:21	PSA.112.5	3
14:21	PSA.112.9	3
14:21	PRO.11.24-PRO.11.25	3
14:21	ECC.11.1-ECC.11.2	3
14:21	ISA.58.7-ISA.58.12	3
14:21	DAN.4.27	3
14:21	MAT.25.34-MAT.25.46	3
14:21	ACT.20.35	3
14:21	HEB.6.12	3
14:21	JAS.2.5-JAS.2.6	3
14:21	JAS.2.14-JAS.2.16	3
14:21	LUK.6.30-LUK.6.36	2
14:21	LUK.18.9	2
14:22	PRO.12.2	4
14:22	PSA.25.10	3
14:22	MAT.5.7	3
14:22	JHN.1.17	3
14:22	GEN.24.27	2
14:22	2CH.6.8	2
14:22	PSA.61.7	2
14:22	PRO.3.29	2
14:22	PRO.14.17	2
14:22	PRO.19.22	2
14:22	ISA.32.7-ISA.32.8	2
14:23	PRO.28.19	27
14:23	PRO.12.24	18
14:23	2TH.3.10-2TH.3.12	17
14:23	HEB.6.10-HEB.6.11	14
14:23	ECC.5.3	13
14:23	JHN.6.27	12
14:23	1TI.5.13	7
14:23	PRO.10.10	6
14:24	ECC.7.11-ECC.7.12	4
14:24	PSA.112.9	3
14:24	LUK.12.19-LUK.12.20	3
14:24	LUK.16.9	3
14:24	LUK.16.19-LUK.16.25	3
14:24	PSA.49.10-PSA.49.13	2
14:24	PRO.27.22	2
14:24	ISA.33.6	2
14:25	PRO.14.5	6
14:25	ACT.26.16-ACT.26.20	5
14:25	ACT.20.26-ACT.20.27	4
14:25	1TI.4.1-1TI.4.3	4
14:25	2PE.3.3	4
14:25	ACT.20.21	3
14:26	PRO.19.23	22
14:26	JER.32.39-JER.32.40	21
14:26	PSA.115.13-PSA.115.14	16
14:26	PRO.18.10	16
14:26	PRO.3.7-PRO.3.8	13
14:26	PSA.34.7-PSA.34.11	11
14:26	PSA.112.1	10
14:26	MAL.3.16-MAL.3.18	10
14:26	MAL.4.2	10
14:26	ISA.33.6	9
14:26	ACT.9.31	9
14:26	PSA.112.6-PSA.112.8	8
14:26	PRO.3.25-PRO.3.26	8
14:26	ECC.7.18	8
14:26	GEN.31.42	7
14:26	ISA.26.20-ISA.26.21	6
14:26	JER.15.11	4
14:27	PRO.13.14	9
14:27	REV.21.6	8
14:27	PRO.2.10-PRO.2.18	6
14:27	PSA.18.5	3
14:27	PRO.22.5	3
14:27	ISA.33.6	3
14:27	ECC.7.26	2
14:28	1KI.4.20-1KI.4.21	5
14:28	EXO.1.22	3
14:28	2KI.13.7	3
14:28	EXO.1.12	2
14:28	1KI.20.27	1
14:28	2KI.10.32-2KI.10.33	1
14:29	JAS.1.19	27
14:29	ECC.7.9	24
14:29	PRO.14.17	21
14:29	PRO.15.18	16
14:29	PRO.19.11	16
14:29	PRO.16.32	15
14:29	PRO.25.28	11
14:29	NUM.12.3	10
14:29	PRO.22.24-PRO.22.25	10
14:29	MAT.11.29	10
14:29	PRO.4.8	6
14:29	PRO.25.8	6
14:29	ECC.10.6	6
14:29	1CO.13.4-1CO.13.5	6
14:29	JAS.3.17-JAS.3.18	6
14:29	DAN.3.19-DAN.3.25	4
14:29	MAT.2.16	4
14:30	PRO.17.22	24
14:30	JOB.5.2	11
14:30	PRO.3.8	11
14:30	PRO.4.23	11
14:30	PRO.12.4	9
14:30	PSA.112.10	4
14:30	PSA.119.80	4
14:30	ROM.1.29	4
14:30	2TI.1.7	4
14:30	ACT.7.9	2
14:30	JAS.4.5	2
14:31	PRO.22.2	10
14:31	PRO.17.5	9
14:31	PRO.22.16	9
14:31	PRO.19.17	8
14:31	1JN.4.21	7
14:31	ECC.5.8	6
14:31	PSA.12.5	5
14:31	1JN.3.17-1JN.3.21	5
14:31	JOB.31.13-JOB.31.16	4
14:31	2CO.8.7-2CO.8.9	4
14:31	PRO.14.21	3
14:31	PRO.22.22-PRO.22.23	3
14:31	MAT.25.40-MAT.25.46	3
14:31	JHN.12.8	3
14:32	2TI.4.18	8
14:32	PSA.23.4	7
14:32	2CO.5.8	6
14:32	GEN.49.18	4
14:32	JOB.19.25-JOB.19.27	4
14:32	REV.14.13	4
14:32	JOB.13.15	3
14:32	PSA.37.37	3
14:32	PRO.24.16	3
14:32	2CO.1.9	3
14:32	JOB.18.18	2
14:32	JOB.27.20-JOB.27.22	2
14:32	PSA.16.11	2
14:32	PSA.17.15	2
14:32	PSA.58.9	2
14:32	PRO.6.15	2
14:32	DAN.5.26-DAN.5.30	2
14:32	LUK.2.29	2
14:32	JHN.8.21	2
14:32	JHN.8.24	2
14:32	ROM.9.22	2
14:32	1CO.15.55-1CO.15.58	2
14:32	PHP.1.21	2
14:32	PHP.1.23	2
14:32	1TH.5.3	2
14:33	PRO.12.16	5
14:33	PRO.12.23	4
14:33	PRO.15.28	4
14:33	PRO.13.16	3
14:33	PRO.29.11	3
14:33	ECC.10.3	3
14:33	PRO.15.2	2
14:34	PSA.107.34	15
14:34	DEU.28.1-DEU.28.68	14
14:34	DEU.29.18-DEU.29.28	9
14:34	DEU.4.6-DEU.4.8	8
14:34	JDG.2.6-JDG.2.14	7
14:34	EZK.16.1-EZK.16.63	7
14:34	HOS.13.1	7
14:34	JER.2.2-JER.2.25	5
14:34	EZK.22.1-EZK.22.23	5
14:35	MAT.24.45-MAT.24.51	5
14:35	PRO.22.11	3
14:35	PRO.25.5	3
14:35	PRO.29.12	3
14:35	MAT.25.21	3
14:35	MAT.25.23	3
14:35	LUK.12.42-LUK.12.48	3
14:35	PSA.101.4-PSA.101.8	2
14:35	PRO.10.5	2
14:35	PRO.17.2	2
14:35	PRO.19.12-PRO.19.13	2
14:35	PRO.19.26	2
14:35	PRO.20.8	2
14:35	PRO.20.26	2
15:1	PRO.10.12	48
15:1	PRO.25.15	48
15:1	PRO.15.18	43
15:1	PRO.29.22	34
15:1	PRO.28.25	21
15:1	JDG.8.1-JDG.8.3	8
15:1	1SA.25.10-1SA.25.13	7
15:1	1KI.12.13-1KI.12.16	7
15:1	JDG.12.3-JDG.12.6	3
15:1	1SA.25.21-1SA.25.33	2
15:2	PRO.12.23	9
15:2	PRO.15.28	8
15:2	PRO.13.16	6
15:2	ECC.10.12-ECC.10.13	5
15:2	PSA.45.1	3
15:2	PSA.59.7	2
15:2	PRO.15.23	2
15:2	PRO.16.23	2
15:2	PRO.25.11-PRO.25.12	2
15:2	ISA.50.4	2
15:3	HEB.4.13	51
15:3	JER.16.17	42
15:3	JER.23.24	36
15:3	2CH.16.9	31
15:3	PRO.5.21	29
15:3	JOB.31.4	25
15:3	JOB.34.21-JOB.34.22	25
15:3	JER.32.19	24
15:4	PRO.16.24	20
15:4	PRO.12.18	18
15:4	PRO.18.8	14
15:4	PRO.3.18	12
15:4	MAL.4.2	12
15:4	PRO.18.14	10
15:4	REV.2.7	9
15:4	PSA.52.2-PSA.52.4	8
15:4	PSA.109.22	8
15:4	PRO.26.22	8
15:4	GEN.3.22-GEN.3.24	7
15:4	1TI.6.3	7
15:5	PRO.15.31-PRO.15.32	8
15:5	PRO.13.18	7
15:5	PRO.13.1	6
15:5	PRO.19.20	5
15:5	1CH.28.20	4
15:5	TIT.2.15	4
15:5	1CH.22.11-1CH.22.13	3
15:5	1CH.28.9	3
15:5	PSA.141.5	3
15:5	TIT.1.13	3
15:5	1SA.2.23-1SA.2.25	2
15:5	2SA.15.1-2SA.15.6	2
15:5	PRO.1.23	2
15:5	PRO.6.23	2
15:5	PRO.10.1	2
15:5	PRO.25.12	0
15:6	PRO.8.21	11
15:6	PRO.10.22	9
15:6	PRO.21.20	9
15:6	PSA.112.3	8
15:6	PSA.37.16	5
15:6	PRO.16.8	5
15:6	HEB.11.26	5
15:6	JOB.20.19-JOB.20.23	4
15:6	PRO.13.22	4
15:6	PRO.15.16	4
15:6	ECC.4.6	4
15:6	JAS.5.1-JAS.5.3	3
15:6	ECC.5.10-ECC.5.14	2
15:7	MAT.12.34	5
15:7	EPH.4.29	4
15:7	PRO.10.20-PRO.10.21	3
15:7	JAS.3.6	3
15:7	PSA.37.30	2
15:7	PSA.45.2	2
15:7	PSA.51.13-PSA.51.15	2
15:7	PSA.71.15-PSA.71.18	2
15:7	PSA.78.2-PSA.78.6	2
15:7	PSA.119.13	2
15:7	ECC.12.9-ECC.12.10	2
15:7	SNG.4.11	2
15:7	MAT.10.27	2
15:7	MAT.28.18-MAT.28.20	2
15:7	MRK.16.15	2
15:7	ACT.18.9-ACT.18.10	2
15:7	ROM.10.14-ROM.10.17	2
15:7	ROM.15.18-ROM.15.21	2
15:7	2TI.2.2	1
15:8	PRO.15.29	26
15:8	1CH.29.17	14
15:8	PRO.21.27	12
15:8	PRO.28.9	11
15:8	ISA.1.10-ISA.1.15	11
15:8	JER.6.20	11
15:8	ISA.61.8	9
15:8	JHN.4.24	8
15:8	ECC.5.1	7
15:8	PSA.17.1	5
15:8	ISA.66.3	5
15:8	JER.7.21-JER.7.23	5
15:8	SNG.2.14	4
15:8	AMO.5.21-AMO.5.22	4
15:9	1TI.6.11	7
15:9	PRO.21.21	4
15:9	JER.44.4	3
15:9	HOS.6.3	3
15:9	HAB.1.13	3
15:9	MAT.7.13	3
15:9	PSA.1.6	2
15:9	PSA.146.8-PSA.146.9	2
15:9	PRO.4.19	2
15:9	PRO.21.4	2
15:9	PRO.21.8	2
15:9	ISA.26.7	2
15:9	ISA.51.1	2
15:9	ISA.51.7	2
15:9	2TI.2.22	2
15:10	PRO.12.1	13
15:10	PRO.10.17	6
15:10	PRO.13.1	6
15:10	JHN.3.20	6
15:10	JHN.7.7	3
15:10	1KI.18.17	2
15:10	1KI.21.20	2
15:10	1KI.22.8	2
15:10	PRO.1.30	2
15:10	PRO.5.12	2
15:10	EZK.24.13-EZK.24.14	2
15:10	PRO.23.35	1
15:10	ISA.1.5-ISA.1.6	1
15:11	PSA.44.21	12
15:11	PSA.139.8	10
15:11	HEB.4.13	10
15:11	2CH.6.30	9
15:11	JOB.26.6	9
15:11	REV.2.23	6
15:11	1SA.16.7	5
15:11	PRO.27.20	5
15:11	JER.17.10	5
15:11	REV.1.18	5
15:11	PSA.7.9	4
15:11	JHN.21.17	4
15:11	JHN.2.24-JHN.2.25	3
15:12	AMO.5.10	7
15:12	JOB.21.14	5
15:12	PRO.9.7-PRO.9.8	4
15:12	2TI.4.3	4
15:12	JHN.7.7	3
15:12	2CH.18.7	2
15:12	PRO.15.10	2
15:12	JHN.3.18-JHN.3.21	2
15:13	PRO.17.22	18
15:13	JHN.14.1	13
15:13	PRO.12.25	12
15:13	PRO.18.14	12
15:13	PRO.15.15	8
15:13	2CO.7.10	7
15:13	2CO.2.7	6
15:13	NEH.2.2	5
15:13	2CO.1.12	5
15:14	PRO.9.9	7
15:14	PRO.18.15	6
15:14	ISA.30.10	6
15:14	2PE.3.18	5
15:14	ACT.17.11	4
15:14	PRO.1.5	3
15:14	1KI.3.6-1KI.3.12	2
15:14	PSA.119.97	2
15:14	PSA.119.100	2
15:14	ISA.44.20	2
15:14	HOS.12.1	2
15:14	PRO.12.23	1
15:15	2CO.6.10	13
15:15	ROM.12.12	12
15:15	PRO.15.13	11
15:15	PRO.17.22	10
15:15	ROM.5.11	9
15:15	ROM.5.2-ROM.5.3	6
15:15	ACT.16.25	4
15:15	2CO.1.5	4
15:15	1PE.1.6-1PE.1.8	4
15:15	1PE.4.13	3
15:15	PRO.16.22	2
15:15	GEN.37.35	1
15:15	GEN.47.9	1
15:15	PSA.90.7-PSA.90.9	1
15:15	2CO.1.12	1
15:16	PRO.16.8	17
15:16	PSA.37.16	14
15:16	ECC.5.10-ECC.5.12	12
15:16	1TI.6.6	10
15:16	PRO.28.6	8
15:16	PRO.10.22	6
15:16	ECC.2.18-ECC.2.23	3
15:16	ECC.2.10-ECC.2.11	2
15:17	PRO.17.1	10
15:17	PRO.21.19	7
15:17	PSA.133.1-PSA.133.3	1
15:17	MAT.22.4	1
15:17	PHP.2.1	1
15:17	1JN.4.16	1
15:18	PRO.15.1	15
15:18	PRO.26.21	15
15:18	PRO.29.22	14
15:18	MAT.5.9	14
15:18	PRO.14.29	13
15:18	ECC.10.4	11
15:18	JAS.1.19-JAS.1.20	10
15:18	PRO.10.12	9
15:18	PRO.16.28	9
15:18	PRO.28.25	8
15:18	JAS.3.14-JAS.3.16	6
15:18	GEN.13.8-GEN.13.9	5
15:18	JDG.8.1-JDG.8.3	4
15:18	1SA.25.24-1SA.25.44	4
15:18	2SA.19.43-2SA.20.1	4
15:18	PRO.25.15	4
15:18	ACT.6.1-ACT.6.5	4
15:19	PRO.22.5	5
15:19	ISA.35.8	5
15:19	PRO.22.13	4
15:19	PRO.26.13	4
15:19	ISA.30.21	4
15:19	NUM.14.1-NUM.14.3	3
15:19	PSA.27.11	3
15:19	PRO.8.9	3
15:19	NUM.14.7-NUM.14.9	2
15:19	PSA.5.8	2
15:19	PSA.25.8-PSA.25.9	2
15:19	PSA.25.12	2
15:19	PRO.3.6	2
15:19	ISA.57.14	1
15:20	PRO.29.3	6
15:20	PRO.10.1	5
15:20	PRO.23.15-PRO.23.16	4
15:20	LEV.19.3	3
15:20	1KI.1.48	3
15:20	1KI.5.7	3
15:20	PRO.23.22	3
15:20	EXO.20.12	2
15:20	1KI.2.9	2
15:20	PRO.30.17	2
15:20	PHP.2.22	2
15:21	EPH.5.15	8
15:21	PRO.10.23	7
15:21	PRO.14.16	6
15:21	JOB.28.28	5
15:21	PSA.111.10	5
15:21	PRO.11.12	5
15:21	PRO.14.9	5
15:21	PRO.26.18-PRO.26.19	5
15:21	JAS.3.13	5
15:22	PRO.11.14	29
15:22	PRO.20.18	22
15:22	ECC.8.6	3
15:23	ISA.50.4	17
15:23	PRO.25.11-PRO.25.12	14
15:23	EPH.4.29	14
15:23	PRO.12.14	10
15:23	PRO.16.13	10
15:23	PRO.24.26	6
15:23	1SA.25.32-1SA.25.33	5
15:23	ECC.3.1	5
15:24	COL.3.1-COL.3.2	11
15:24	PSA.16.11	9
15:24	MAT.7.14	7
15:24	JER.21.8	6
15:24	JHN.14.6	6
15:24	PHP.3.20	6
15:24	PSA.139.24	5
15:24	PRO.23.14	5
15:24	PRO.2.18	4
15:24	PRO.5.5	4
15:24	PRO.6.23	4
15:24	PRO.7.27	4
15:24	PRO.9.8	4
15:25	PSA.146.9	9
15:25	PSA.68.5-PSA.68.6	7
15:25	DEU.10.17-DEU.10.18	6
15:25	PRO.12.7	6
15:25	PRO.14.11	6
15:25	PRO.23.10	6
15:25	ISA.2.12	5
15:25	DAN.5.20	5
15:25	JAS.1.27	5
15:25	JOB.40.11-JOB.40.13	4
15:25	PSA.138.6	4
15:25	1PE.5.5	3
15:25	PSA.52.5	2
15:25	DEU.19.14	1
15:25	PSA.52.1	0
15:26	PRO.6.16-PRO.6.19	7
15:26	PRO.15.23	6
15:26	JER.4.14	6
15:26	MAT.12.34-MAT.12.37	6
15:26	PSA.19.14	5
15:26	PSA.37.30-PSA.37.31	5
15:26	PSA.45.1	4
15:26	PRO.24.9	3
15:26	MAT.15.19	3
15:27	EXO.23.8	9
15:27	PRO.1.19	8
15:27	JER.17.11	6
15:27	DEU.16.19	5
15:27	PRO.11.29	5
15:27	ISA.33.15-ISA.33.16	5
15:27	EXO.18.21	4
15:27	JOS.7.24-JOS.7.25	4
15:27	HAB.2.9-HAB.2.11	3
15:27	ZEC.5.3-ZEC.5.4	3
15:27	DEU.7.26	2
15:27	JOS.6.18	2
15:27	JOS.7.11-JOS.7.12	2
15:27	1SA.8.3-1SA.8.5	2
15:27	2KI.5.27	2
15:27	PRO.11.19	2
15:27	PRO.20.21	2
15:27	PRO.28.16	2
15:27	PRO.29.4	2
15:27	ISA.5.8-ISA.5.10	2
15:28	1PE.3.15	11
15:28	PRO.29.11	8
15:28	ECC.5.2	8
15:28	PRO.16.23	7
15:28	JAS.3.6-JAS.3.8	7
15:28	PRO.15.2	6
15:28	PRO.10.19	5
15:28	PRO.29.20	5
15:28	ECC.5.6	5
15:28	ECC.10.12-ECC.10.14	5
15:28	MAT.12.34	5
15:28	PRO.13.16	4
15:28	1KI.3.23-1KI.3.28	3
15:28	TIT.1.10-TIT.1.11	3
15:28	2PE.2.18	2
15:29	JHN.9.31	27
15:29	PSA.145.18-PSA.145.19	21
15:29	PRO.15.8	19
15:29	1PE.3.12	19
15:29	PSA.34.15-PSA.34.17	14
15:29	JAS.5.16-JAS.5.18	11
15:29	ROM.8.26-ROM.8.27	8
15:29	EPH.2.12-EPH.2.13	8
15:29	PSA.66.18-PSA.66.19	7
15:29	PSA.138.6	6
15:29	PSA.73.27	4
15:29	ISA.55.8-ISA.55.9	4
15:29	MAT.25.46	4
15:29	PSA.10.1	3
15:29	PSA.18.41	3
15:30	LUK.2.10-LUK.2.19	8
15:30	PRO.25.25	7
15:30	ISA.58.11	7
15:30	REV.22.5	7
15:30	REV.21.23	6
15:30	EZR.9.8	5
15:30	PRO.17.22	5
15:30	PSA.89.15	4
15:30	PRO.3.8	4
15:30	ECC.11.7	4
15:30	PRO.13.9	3
15:31	PRO.15.5	10
15:31	PRO.25.12	6
15:31	PRO.9.8-PRO.9.9	5
15:31	PRO.19.20	5
15:31	JHN.15.3-JHN.15.4	5
15:31	PRO.1.23	4
15:31	PRO.13.20	4
15:31	ISA.55.3	4
15:31	1JN.2.19	3
15:32	PRO.1.24-PRO.1.33	7
15:32	REV.3.19	7
15:32	PRO.1.7	5
15:32	PRO.8.33-PRO.8.36	3
15:32	PRO.18.15	3
15:32	ISA.1.5	3
15:32	JER.5.3	3
15:32	DEU.21.18	2
15:32	DEU.21.20	2
15:32	PSA.50.17	2
15:32	PRO.5.11-PRO.5.13	2
15:32	PRO.15.14	2
15:32	PRO.15.21	2
15:32	PRO.17.16	2
15:32	PRO.29.1	2
15:32	MAT.7.24-MAT.7.27	2
15:32	JAS.1.22	2
15:32	EZK.24.13-EZK.24.14	1
15:32	HEB.12.15	1
15:33	1PE.5.5	12
15:33	PRO.1.7	11
15:33	PRO.18.12	11
15:33	PSA.34.11	8
15:33	JAS.4.10	8
15:33	PSA.111.10	7
15:33	JOB.28.28	4
15:33	PRO.8.13	4
15:33	PRO.25.6-PRO.25.7	4
15:33	PRO.29.23	4
15:33	LUK.14.11	3
15:33	PHP.2.5-PHP.2.11	3
16:1	PRO.19.21	50
16:1	PRO.16.9	45
16:1	LUK.21.14-LUK.21.15	28
16:1	PHP.2.13	23
16:1	PRO.20.24	21
16:1	MAT.10.19-MAT.10.20	17
16:1	LUK.12.11-LUK.12.12	11
16:1	JER.10.23	10
16:1	EZK.36.26-EZK.36.27	9
16:1	PRO.21.1	8
16:1	JER.32.39-JER.32.40	7
16:1	EXO.4.11-EXO.4.12	6
16:1	EXO.4.15	6
16:1	PSA.119.36	6
16:1	JER.1.7-JER.1.9	6
16:1	JAS.1.16-JAS.1.18	6
16:1	EZR.7.27	5
16:1	2CH.18.31	4
16:1	NEH.1.11	4
16:1	PSA.10.17	4
16:1	2CO.8.16	3
16:2	PRO.21.2	49
16:2	1SA.16.7	35
16:2	LUK.16.15	33
16:2	PRO.30.12	26
16:2	JER.17.10	23
16:2	PRO.24.12	16
16:2	PSA.36.2	14
16:2	PRO.5.21	13
16:2	PRO.16.25	13
16:2	JER.2.22-JER.2.23	10
16:2	LUK.18.9-LUK.18.11	10
16:2	DAN.5.27	9
16:2	REV.2.23	8
16:2	1SA.15.13-1SA.15.14	5
16:2	ISA.26.7	5
16:2	ROM.7.7-ROM.7.9	5
16:2	REV.2.18	4
16:3	PSA.37.4-PSA.37.5	267
16:3	PRO.3.6	217
16:3	PSA.55.22	172
16:3	PHP.4.6	152
16:3	1PE.5.7	137
16:3	JOB.22.28	116
16:3	JOB.5.8	113
16:3	LUK.12.22	93
16:3	MAT.6.25-MAT.6.34	87
16:3	ISA.7.5-ISA.7.7	19
16:4	ISA.43.21	16
16:4	ROM.9.22	16
16:4	2PE.2.9	16
16:4	ISA.43.7	12
16:4	1PE.2.8	11
16:4	REV.4.11	8
16:4	JOB.21.30	7
16:4	2PE.2.3	7
16:4	ROM.11.36	6
16:5	PRO.6.16-PRO.6.17	17
16:5	PRO.8.13	12
16:5	PRO.11.21	12
16:5	ROM.2.8-ROM.2.9	9
16:5	JAS.4.6	8
16:5	JOB.40.12	7
16:5	ISA.3.11	5
16:5	EXO.20.7	2
16:6	PRO.14.16	16
16:6	JOB.28.28	12
16:6	2CO.7.1	12
16:6	DAN.4.27	10
16:6	PRO.8.13	7
16:6	PRO.14.27	7
16:6	LUK.11.41	7
16:6	JOB.1.1-JOB.1.8	6
16:6	PRO.20.28	6
16:6	NEH.5.15	5
16:6	MIC.7.18-MIC.7.20	5
16:6	ACT.15.9	5
16:6	NEH.5.9	4
16:6	GEN.20.11	3
16:6	PSA.85.10	3
16:6	JHN.15.2	3
16:6	EPH.5.21	3
16:6	1PE.1.22	3
16:7	ROM.8.31	48
16:7	1JN.3.22	36
16:7	2CH.17.10	29
16:7	COL.1.10	27
16:7	JER.15.11	24
16:7	HEB.13.21	21
16:7	GEN.33.4	18
16:7	GEN.32.28	14
16:7	COL.3.20	13
16:7	ACT.9.19-ACT.9.20	11
16:7	PSA.69.31	10
16:7	PHP.4.18	9
16:7	GEN.32.6-GEN.32.7	8
16:7	GEN.27.41	7
16:7	ACT.9.1-ACT.9.2	7
16:8	PRO.15.16	17
16:8	PSA.37.16	16
16:8	1TI.6.6-1TI.6.9	12
16:8	JER.17.11	11
16:8	PRO.21.6-PRO.21.7	9
16:8	MIC.6.10	7
16:9	PRO.19.21	150
16:9	PSA.37.23	121
16:9	PRO.16.1	106
16:9	PRO.20.24	100
16:9	JER.10.23	94
16:9	PRO.21.30	59
16:9	ISA.46.10	58
16:10	ISA.32.1-ISA.32.2	4
16:10	GEN.44.5	3
16:10	GEN.44.15	3
16:10	DEU.17.18-DEU.17.20	2
16:10	2SA.23.3-2SA.23.4	2
16:10	1KI.3.28	2
16:10	PSA.45.6-PSA.45.7	2
16:10	PSA.72.1-PSA.72.4	2
16:10	PRO.16.12-PRO.16.13	2
16:10	JER.23.5-JER.23.6	2
16:10	HOS.10.4	2
16:10	AMO.5.7	2
16:10	PSA.99.4	1
16:10	AMO.6.12	1
16:11	PRO.11.1	9
16:11	PRO.20.10	5
16:11	PRO.20.23	4
16:11	LEV.19.35-LEV.19.36	3
16:11	DEU.25.13-DEU.25.15	3
16:11	EZK.45.10	3
16:11	HOS.12.7	3
16:11	AMO.8.5	2
16:11	MIC.6.11	2
16:12	PRO.25.5	10
16:12	PRO.29.14	5
16:12	PRO.28.9	4
16:12	LUK.12.48	4
16:12	DEU.25.16	3
16:12	PSA.99.4	3
16:12	PRO.20.18	3
16:12	REV.19.11	3
16:13	PRO.14.35	5
16:13	PSA.101.5-PSA.101.7	4
16:13	PRO.22.11	4
16:14	PRO.20.2	7
16:14	PRO.19.12	4
16:14	ECC.10.4	3
16:14	2KI.6.31-2KI.6.33	2
16:14	PRO.17.11	2
16:14	DAN.3.13-DAN.3.25	2
16:14	MRK.6.27	2
16:14	LUK.12.4-LUK.12.5	2
16:14	ACT.12.20	2
16:14	2CO.5.20	2
16:15	PSA.72.6	6
16:15	JOB.29.23-JOB.29.24	5
16:15	HOS.6.3	4
16:15	ACT.2.28	4
16:15	PSA.4.6	3
16:15	PSA.21.6	3
16:15	PSA.30.5	3
16:15	PRO.19.12	3
16:15	ZEC.10.1	2
16:16	PRO.8.10-PRO.8.11	12
16:16	MAT.16.26	12
16:16	PRO.8.19	11
16:16	LUK.12.21	8
16:16	PRO.3.15-PRO.3.18	7
16:16	PRO.4.7	7
16:16	ECC.7.12	7
16:16	JOB.28.13-JOB.28.28	6
16:16	PSA.119.127	6
16:17	ISA.35.8	11
16:17	PRO.10.9	5
16:17	PRO.19.16	5
16:17	PRO.4.24-PRO.4.27	3
16:17	TIT.2.10-TIT.2.14	3
16:17	JUD.1.21	3
16:17	REV.3.10	3
16:17	MAT.24.13	2
16:17	ACT.10.35	2
16:17	ACT.24.16	2
16:17	HEB.10.39	2
16:17	JUD.1.24	1
16:18	PRO.11.2	44
16:18	ISA.2.11-ISA.2.12	30
16:18	PRO.18.12	24
16:18	OBA.1.3-OBA.1.4	20
16:18	PRO.29.23	16
16:18	PRO.17.19	8
16:18	1TI.3.6	8
16:18	ROM.11.20	7
16:18	EST.6.6	5
16:18	DAN.4.30-DAN.4.37	4
16:18	EST.7.10	2
16:18	DAN.5.22	2
16:18	EST.3.5	1
16:18	MAT.26.33-MAT.26.35	1
16:18	ISA.37.10-ISA.37.13	0
16:18	ISA.37.38	0
16:19	MAT.5.3	10
16:19	PSA.138.6	6
16:19	ISA.57.15	6
16:19	EXO.15.9	4
16:19	PSA.34.18	4
16:19	ISA.53.12	3
16:19	LUK.1.51-LUK.1.53	3
16:19	LUK.18.13-LUK.18.14	3
16:19	PRO.29.23	2
16:19	ISA.9.3	2
16:19	ISA.10.6	2
16:19	ISA.10.13-ISA.10.15	2
16:20	JER.17.7-JER.17.8	10
16:20	PSA.2.12	8
16:20	ISA.26.3-ISA.26.4	8
16:20	ISA.30.18	8
16:20	PSA.34.8	7
16:20	PSA.146.5	4
16:20	PRO.19.8	4
16:20	DAN.6.23	4
16:20	PSA.125.1	3
16:20	PRO.8.35	3
16:20	PRO.24.3-PRO.24.5	3
16:20	DAN.1.19-DAN.1.21	3
16:20	DAN.3.28	3
16:20	MAT.10.16	3
16:20	GEN.41.38-GEN.41.40	2
16:20	1CH.5.20	2
16:20	PRO.13.15	2
16:20	PRO.17.2	1
16:20	PRO.22.19-PRO.22.20	1
16:20	EPH.1.12-EPH.1.13	1
16:21	PRO.16.23-PRO.16.24	11
16:21	PRO.15.7	6
16:21	ISA.50.4	6
16:21	PRO.27.9	5
16:21	JAS.3.17	4
16:21	LUK.4.22	3
16:21	JHN.7.46	3
16:21	1KI.3.12	2
16:21	PSA.45.2	2
16:21	PRO.10.8	2
16:21	PRO.23.15	2
16:21	ECC.12.10	2
16:21	ROM.16.19	1
16:22	PRO.13.14	6
16:22	MAT.15.14	5
16:22	JHN.5.24	5
16:22	JHN.6.63	5
16:22	PRO.10.11	4
16:22	PRO.18.4	4
16:22	PRO.14.27	3
16:22	PRO.15.2	3
16:22	PRO.15.28	3
16:22	MAT.23.16-MAT.23.26	3
16:22	JHN.6.68	3
16:22	LUK.6.39-LUK.6.40	2
16:23	PRO.15.28	9
16:23	MAT.12.34-MAT.12.35	4
16:23	PRO.22.17-PRO.22.18	2
16:23	COL.3.16	2
16:23	PSA.37.30-PSA.37.31	1
16:23	PSA.45.1	1
16:24	PRO.12.18	28
16:24	PRO.24.13-PRO.24.14	22
16:24	PRO.4.22	18
16:24	PRO.25.11-PRO.25.12	18
16:24	PRO.23.16	15
16:24	PSA.119.103	14
16:24	PRO.3.8	14
16:24	PRO.27.9	13
16:24	PSA.19.10	11
16:24	PRO.15.26	10
16:24	JER.15.16	9
16:24	DEU.32.2	8
16:24	PRO.15.23	7
16:24	JHN.20.19-JHN.20.21	7
16:24	SNG.4.11	5
16:25	PRO.14.12	16
16:25	PRO.12.15	10
16:25	2CO.13.5	10
16:25	PRO.12.26	8
16:25	ISA.28.15-ISA.28.19	5
16:25	JHN.7.47-JHN.7.49	5
16:25	JHN.9.40	4
16:25	ACT.26.9	4
16:26	ECC.6.7	5
16:26	PRO.14.23	4
16:26	PRO.9.12	3
16:26	2TH.3.8-2TH.3.12	3
16:26	1TH.4.11-1TH.4.12	2
16:27	JAS.3.6	5
16:27	PRO.6.14	4
16:27	1SA.25.17	3
16:27	PSA.17.14-PSA.17.15	3
16:27	PSA.52.2-PSA.52.4	3
16:27	PSA.57.4	3
16:27	PRO.6.12	3
16:27	ISA.5.18	3
16:27	PRO.2.4	2
16:27	2SA.20.1	1
16:27	HAB.2.13	1
16:28	PRO.17.9	8
16:28	PRO.18.8	5
16:28	ROM.1.29	5
16:28	JAS.3.14-JAS.3.16	5
16:28	PRO.6.14	4
16:28	PRO.15.18	4
16:28	GEN.3.1-GEN.3.13	3
16:28	PRO.6.19	3
16:28	1TI.6.3-1TI.6.5	3
16:28	1SA.24.9	2
16:28	PRO.26.20-PRO.26.22	2
16:28	PRO.30.33	2
16:28	2CO.12.20	2
16:28	PRO.29.22	1
16:29	PRO.2.12-PRO.2.15	6
16:29	PRO.12.26	5
16:29	2PE.3.17	5
16:29	PRO.1.10-PRO.1.14	4
16:29	PRO.3.31	4
16:29	1SA.19.11	3
16:29	1SA.19.17	3
16:29	1SA.22.7-1SA.22.9	3
16:29	1SA.23.19-1SA.23.21	3
16:29	NEH.6.13	3
16:30	PRO.6.12-PRO.6.14	3
16:30	MAT.13.15	3
16:30	PRO.10.10	2
16:30	PRO.16.27	2
16:30	ISA.6.10	2
16:30	MIC.7.3	2
16:30	MAT.14.7-MAT.14.8	2
16:30	MAT.27.23-MAT.27.26	2
16:30	JHN.3.20	2
16:31	PRO.20.29	17
16:31	LEV.19.32	11
16:31	PRO.3.1-PRO.3.2	8
16:31	1SA.12.2-1SA.12.5	7
16:31	PRO.17.6	7
16:31	GEN.47.7-GEN.47.10	6
16:31	ECC.4.13	6
16:31	LUK.1.6	6
16:31	LUK.2.29-LUK.2.38	6
16:31	PHM.1.9	6
16:31	1CH.29.10-1CH.29.25	5
16:31	JOB.32.6-JOB.32.7	5
16:32	JAS.1.19	36
16:32	PRO.15.18	30
16:32	PRO.25.28	30
16:32	PRO.14.29	26
16:32	PRO.19.11	25
16:32	ROM.12.21	24
16:32	PSA.103.8	21
16:32	EPH.5.1	14
16:32	REV.3.21	12
16:32	PRO.16.19	10
16:33	PRO.18.18	16
16:33	JON.1.7	8
16:33	ACT.1.26	8
16:33	1SA.14.41-1SA.14.42	7
16:33	PRO.29.26	7
16:33	NUM.26.55-NUM.26.65	5
16:33	JOS.7.14	5
16:33	JOS.18.5	5
16:33	NEH.11.1	5
16:33	JOS.18.10	4
17:1	PRO.15.17	29
17:1	PSA.37.16	27
17:1	PRO.21.19	26
17:1	PRO.21.9	21
17:2	PRO.10.5	7
17:2	PRO.14.35	5
17:2	PRO.19.26	5
17:2	ECC.4.13	5
17:2	PRO.11.29	2
17:2	PRO.29.15	2
17:2	GEN.24.4-GEN.24.67	1
17:3	ISA.48.10	18
17:3	JER.17.10	12
17:3	PSA.26.2	11
17:3	PRO.27.21	9
17:3	1CH.29.17	8
17:3	1PE.1.7	7
17:3	PSA.66.10	5
17:3	ZEC.13.9	3
17:3	MAL.3.2-MAL.3.3	3
17:3	REV.2.23	3
17:4	2TI.4.3-2TI.4.4	10
17:4	PRO.28.4	5
17:4	1JN.4.5	5
17:4	ISA.30.10	4
17:4	JER.5.31	2
17:4	1KI.22.6-1KI.22.28	1
17:4	REV.13.3-REV.13.8	1
17:4	1SA.22.7-1SA.22.11	0
17:5	PRO.14.31	14
17:5	JOB.31.29	10
17:5	OBA.1.11-OBA.1.13	7
17:5	1JN.3.17	7
17:5	PRO.14.21	6
17:5	PRO.16.5	6
17:5	PRO.24.17-PRO.24.18	6
17:5	ROM.12.15	6
17:5	PSA.69.9	4
17:5	JER.17.16	3
17:5	OBA.1.16	1
17:6	PSA.127.3-PSA.127.5	10
17:6	PRO.16.31	8
17:6	PRO.13.22	7
17:6	PSA.128.3-PSA.128.6	6
17:6	EXO.3.14-EXO.3.15	4
17:6	GEN.50.23	3
17:6	1KI.11.12	3
17:6	1KI.15.4	3
17:6	JOB.42.16-JOB.42.17	1
17:7	PRO.29.12	5
17:7	PSA.50.16-PSA.50.17	3
17:7	2SA.23.3	2
17:7	JOB.34.12	2
17:7	PSA.101.3-PSA.101.5	2
17:7	PRO.12.19	2
17:7	PRO.16.10-PRO.16.13	2
17:7	PRO.26.7	2
17:7	MAT.7.5	2
17:8	EXO.23.8	5
17:8	MIC.7.3	4
17:8	DEU.16.19	3
17:8	1SA.25.35	3
17:8	PRO.17.23	3
17:8	PRO.21.14	3
17:8	ISA.1.23	3
17:8	AMO.5.12	3
17:8	GEN.33.9-GEN.33.11	2
17:8	GEN.43.11	2
17:8	2SA.16.1-2SA.16.4	2
17:8	PSA.18.16	1
17:8	PSA.19.6	1
17:8	PSA.21.13	1
17:8	PSA.29.4	1
17:9	PRO.10.12	28
17:9	1PE.4.8	25
17:9	PRO.16.28	14
17:9	PSA.32.1	8
17:10	REV.3.19	8
17:10	PRO.9.8-PRO.9.9	7
17:10	PSA.141.5	3
17:10	PRO.13.1	3
17:10	PRO.15.5	3
17:10	PRO.19.25	3
17:10	PRO.27.22	3
17:10	PRO.29.19	2
17:11	1KI.2.46	4
17:11	2SA.16.5-2SA.16.9	3
17:11	2SA.18.15	3
17:11	2SA.20.22	0
17:11	1KI.2.24-1KI.2.25	0
17:11	1KI.2.31	0
17:11	MAT.21.41	0
17:11	MAT.22.7	0
17:11	LUK.19.27	0
17:12	2SA.17.8	5
17:12	HOS.13.8	5
17:12	PRO.27.3	2
17:12	PRO.28.15	2
17:12	2KI.2.24	1
17:12	MAT.2.16	1
17:13	PSA.109.4-PSA.109.13	10
17:13	PSA.55.12-PSA.55.15	9
17:13	ROM.12.17	9
17:13	1PE.3.9	9
17:13	PSA.35.12	8
17:13	PSA.38.20	8
17:13	2SA.12.10	6
17:13	1SA.24.17	5
17:13	JER.18.20-JER.18.21	5
17:13	MAT.27.5	5
17:13	1TH.5.15	5
17:13	1SA.31.2-1SA.31.3	3
17:13	2SA.21.1-2SA.21.14	3
17:13	MAT.27.25	3
17:14	PRO.20.3	8
17:14	PRO.25.8	7
17:14	2TI.2.23-2TI.2.24	6
17:14	ECC.7.8-ECC.7.9	4
17:14	1TH.4.11	4
17:14	PRO.15.1	3
17:14	PRO.16.32	3
17:14	PRO.19.11	3
17:14	GEN.13.8-GEN.13.9	2
17:14	JDG.8.1-JDG.8.3	2
17:14	JDG.12.1-JDG.12.6	2
17:14	2SA.2.14-2SA.2.17	2
17:14	2SA.19.41-2SA.20.22	2
17:14	2CH.10.14-2CH.10.16	2
17:14	2CH.13.17	2
17:14	2CH.25.17-2CH.25.24	2
17:14	2CH.28.6	2
17:14	PRO.13.10	2
17:14	PRO.14.29	2
17:14	PRO.17.19	2
17:14	PRO.26.21	2
17:14	PRO.29.22	2
17:14	MAT.5.39-MAT.5.41	2
17:14	ACT.6.1-ACT.6.5	2
17:14	ACT.15.2-ACT.15.21	2
17:14	ROM.12.18	2
17:14	JAS.3.14-JAS.3.18	1
17:15	EXO.23.7	12
17:15	PRO.18.5	10
17:15	ISA.5.23	10
17:15	PRO.24.23-PRO.24.24	8
17:15	AMO.6.12	6
17:15	PRO.15.8	5
17:15	ISA.55.8-ISA.55.9	5
17:15	AMO.5.7	4
17:15	AMO.5.12	4
17:15	1KI.21.13	3
17:15	PRO.6.16	3
17:15	JAS.5.6	3
17:15	EZK.22.27-EZK.22.29	2
17:15	LUK.23.18-LUK.23.25	2
17:15	ROM.4.5	2
17:15	PRO.11.1	1
17:16	PRO.21.25-PRO.21.26	7
17:16	PRO.23.23	6
17:16	DEU.5.29	4
17:16	PRO.8.4-PRO.8.5	4
17:16	PRO.18.15	4
17:16	ACT.28.26-ACT.28.27	4
17:16	2CO.6.1	3
17:16	PSA.81.11-PSA.81.13	2
17:16	PRO.1.22-PRO.1.23	2
17:16	PRO.9.4-PRO.9.6	2
17:16	PRO.14.6	2
17:16	ISA.55.1-ISA.55.3	2
17:16	HOS.4.11	2
17:16	JHN.3.20	2
17:16	ACT.13.46	2
17:17	PRO.18.24	44
17:17	JHN.15.13-JHN.15.14	32
17:17	1SA.20.17	13
17:17	RUT.1.16	12
17:17	1SA.18.3	11
17:17	PRO.19.7	11
17:17	HEB.2.11	10
17:17	2SA.1.26	9
17:17	EST.4.14	9
17:17	1SA.23.16	8
17:17	2SA.9.1-2SA.9.13	8
17:17	1SA.19.2	6
17:18	PRO.11.15	8
17:18	PRO.6.1-PRO.6.5	7
17:18	PRO.22.26-PRO.22.27	6
17:18	PRO.20.16	4
17:18	PRO.22.16	2
17:19	PRO.16.18	6
17:19	PRO.18.12	5
17:19	1SA.25.36-1SA.25.38	4
17:19	JAS.3.14-JAS.3.16	4
17:19	2SA.15.1	3
17:19	1KI.1.5	3
17:19	PRO.17.14	3
17:19	PRO.24.27	3
17:19	PRO.29.9	3
17:19	PRO.29.22-PRO.29.23	3
17:19	JAS.1.20	3
17:19	JER.22.13-JER.22.15	2
17:19	DAN.4.20-DAN.4.21	2
17:19	2CO.12.20	2
17:20	JAS.3.6-JAS.3.8	4
17:20	PRO.10.31	3
17:20	PSA.18.26	2
17:20	PRO.3.32	2
17:20	PRO.6.12-PRO.6.15	2
17:20	PRO.8.13	2
17:20	PRO.10.10	2
17:20	PRO.10.14	2
17:20	PRO.18.6-PRO.18.7	2
17:20	ECC.10.12	2
17:21	PRO.10.1	7
17:21	PRO.19.13	5
17:21	GEN.26.34	3
17:21	1SA.2.32-1SA.2.35	3
17:21	PRO.15.20	3
17:21	PRO.17.25	3
17:21	PRO.23.15-PRO.23.16	3
17:21	2SA.18.33	1
17:21	2CO.2.3	1
17:21	PHM.1.19-PHM.1.20	1
17:21	3JN.1.4	1
17:21	1SA.8.3	0
17:22	PRO.15.13	81
17:22	PRO.12.25	63
17:22	PRO.18.14	50
17:22	2CO.7.10	38
17:22	ECC.9.7-ECC.9.9	25
17:22	ROM.5.2-ROM.5.5	25
17:22	2CO.2.7	17
17:22	PSA.102.3-PSA.102.5	14
17:22	PSA.22.15	13
17:22	PSA.32.3-PSA.32.4	13
17:23	EXO.23.8	4
17:23	DEU.16.19	4
17:23	PRO.17.8	4
17:23	MIC.7.3	4
17:23	ISA.1.23	3
17:23	1SA.8.3	2
17:23	1SA.12.3	2
17:23	PRO.18.16	2
17:23	PRO.21.14	2
17:23	EZK.22.12	2
17:23	MIC.3.11	2
17:23	MRK.14.10-MRK.14.11	2
17:24	ECC.2.14	10
17:24	ECC.8.1	4
17:24	PSA.119.37	3
17:24	PRO.14.6	3
17:24	PRO.15.14	2
17:24	PRO.23.5	2
17:24	ECC.6.9	2
17:24	JHN.7.17	2
17:24	1JN.2.16	2
17:25	PRO.10.1	5
17:25	2SA.13.1-2SA.13.22	3
17:25	PRO.15.20	3
17:25	PRO.19.13	3
17:25	ECC.2.18-ECC.2.19	2
17:26	PRO.17.15	8
17:26	PRO.18.5	7
17:26	JHN.18.22	5
17:26	JOB.34.18-JOB.34.19	4
17:26	GEN.18.25	3
17:26	2SA.3.39	3
17:26	MIC.5.1	3
17:26	2SA.3.23-2SA.3.25	2
17:26	2SA.16.7-2SA.16.8	2
17:26	2SA.19.7	2
17:27	JAS.3.18	41
17:27	JAS.1.19	22
17:27	PRO.10.19	15
17:27	PRO.14.29	15
17:27	PRO.15.28	13
17:27	JAS.3.2	12
17:27	PRO.16.32	8
17:27	ECC.9.17	8
17:28	JOB.13.5	26
17:28	PRO.15.2	17
17:28	ECC.10.14	13
17:28	ECC.5.3	12
17:28	ECC.10.3	6
18:1	EPH.5.15-EPH.5.17	22
18:1	PRO.2.1-PRO.2.6	12
18:1	PRO.20.3	12
18:1	JER.15.17	12
18:1	PRO.24.21	10
18:1	JUD.1.19	9
18:1	MRK.1.35	8
18:1	PRO.14.10	7
18:1	ISA.26.8-ISA.26.9	7
18:1	EXO.33.16	6
18:1	PRO.26.17	6
18:1	MAT.13.44	6
18:1	PRO.17.14	5
18:1	PRO.20.19	4
18:1	MAT.13.11	4
18:1	MRK.4.11	4
18:1	ROM.1.1	4
18:1	2CO.6.17	3
18:1	ZEC.7.3	1
18:2	PRO.1.7	13
18:2	PRO.12.23	11
18:2	PSA.1.1-PSA.1.2	8
18:2	PRO.17.16	8
18:2	PRO.13.16	7
18:2	ECC.10.3	4
18:2	1CO.8.1	4
18:2	PRO.1.22	3
18:2	MAT.8.34	3
18:2	1CO.14.12	3
18:2	PHP.1.15	3
18:2	2PE.2.15-2PE.2.19	3
18:2	NUM.24.15-NUM.24.16	2
18:3	PRO.22.10	4
18:3	1PE.4.14	4
18:3	PRO.11.2	3
18:3	PRO.29.16	3
18:3	1PE.4.4	3
18:3	1SA.20.30	2
18:3	NEH.4.4	2
18:3	PSA.69.9	2
18:3	PSA.69.20	2
18:3	PSA.123.3-PSA.123.4	2
18:3	MAT.27.39-MAT.27.44	1
18:4	PRO.20.5	10
18:4	PRO.10.11	9
18:4	COL.4.6	8
18:4	PRO.13.14	7
18:4	JHN.4.14	7
18:4	JHN.7.38-JHN.7.39	6
18:4	COL.3.16	5
18:4	PSA.78.2	4
18:4	MAT.12.34	4
18:4	PRO.16.22	3
18:5	LEV.19.15	8
18:5	DEU.16.19	7
18:5	PSA.82.2	6
18:5	PRO.28.21	6
18:5	PRO.17.15	5
18:5	PRO.24.23	5
18:5	DEU.1.16-DEU.1.17	4
18:5	ISA.5.23	4
18:5	MAT.22.16	4
18:5	1KI.21.9-1KI.21.14	3
18:5	JOB.34.19	2
18:5	JOB.13.7-JOB.13.8	1
18:5	MIC.7.3	1
18:5	ISA.59.14	0
18:6	PRO.27.3	4
18:6	PRO.16.27-PRO.16.28	3
18:6	PRO.22.24-PRO.22.25	3
18:6	PRO.12.16	2
18:6	PRO.13.10	2
18:6	PRO.14.3	2
18:6	PRO.14.16	2
18:6	PRO.17.14	2
18:6	PRO.19.19	2
18:6	PRO.19.29	2
18:6	PRO.20.3	2
18:6	PRO.25.24	2
18:6	PRO.29.9	2
18:7	PRO.13.3	11
18:7	PRO.10.14	9
18:7	PRO.12.13	9
18:7	PSA.64.8	6
18:7	PSA.140.9	5
18:7	ECC.10.11-ECC.10.14	4
18:7	PRO.6.2	3
18:7	PRO.10.8	3
18:7	ACT.23.14-ACT.23.22	3
18:7	JDG.11.35	2
18:7	MRK.6.23-MRK.6.28	2
18:7	1SA.14.24-1SA.14.46	1
18:8	LEV.19.16	7
18:8	PRO.12.18	7
18:8	PRO.16.28	7
18:8	PRO.26.20-PRO.26.22	5
18:8	PSA.52.2	3
18:8	PSA.64.3-PSA.64.4	3
18:9	PRO.10.4	13
18:9	HEB.6.12	12
18:9	PRO.24.30-PRO.24.34	9
18:9	PRO.23.20-PRO.23.21	7
18:9	ROM.12.11	7
18:9	PRO.28.24	6
18:9	MAT.25.26	6
18:9	LUK.15.13-LUK.15.14	2
18:9	LUK.16.1-LUK.16.2	2
18:9	JOB.30.29	1
18:10	2SA.22.3	92
18:10	ISA.26.4	84
18:10	PSA.91.2	83
18:10	PSA.144.2	58
18:10	PSA.61.3-PSA.61.4	55
18:10	PSA.27.1	41
18:10	PSA.18.2	39
18:10	GEN.17.1	32
18:10	REV.1.8	28
18:10	PSA.56.3-PSA.56.4	26
18:10	MAT.1.23	26
18:10	ISA.9.6	18
18:10	1SA.30.6	17
18:10	PSA.91.14	16
18:10	JER.23.6	15
18:10	2SA.22.45-2SA.22.47	13
18:10	GEN.32.28-GEN.32.29	12
18:10	EXO.34.5-EXO.34.7	12
18:10	HAB.3.19	12
18:10	2SA.22.51	11
18:10	ISA.57.15	11
18:10	GEN.32.11	10
18:10	EXO.3.13-EXO.3.15	10
18:10	EXO.6.3	6
18:11	PRO.10.15	6
18:11	PSA.52.5-PSA.52.7	5
18:11	ECC.7.12	5
18:11	DEU.32.31	3
18:11	PSA.49.6-PSA.49.9	3
18:11	PRO.11.4	3
18:11	LUK.12.19-LUK.12.21	3
18:11	JOB.31.24-JOB.31.25	2
18:11	PSA.62.10-PSA.62.11	2
18:12	PRO.15.33	12
18:12	1PE.5.5	9
18:12	PRO.11.2	8
18:12	PRO.16.18	8
18:12	EZK.28.2	8
18:12	PRO.29.23	7
18:12	LUK.14.11	7
18:12	EZK.28.9	6
18:12	DAN.9.20	5
18:12	DAN.9.23	5
18:12	ACT.12.21-ACT.12.23	5
18:12	JOB.42.6-JOB.42.17	4
18:12	ISA.6.5-ISA.6.13	4
18:12	EZK.16.49-EZK.16.50	4
18:12	DAN.5.23-DAN.5.24	4
18:13	JHN.7.51	21
18:13	DEU.13.14	6
18:13	PRO.20.25	5
18:13	JOB.29.16	3
18:13	EST.8.5-EST.8.17	0
18:14	PRO.15.13	13
18:14	PRO.17.22	10
18:14	2CO.12.9-2CO.12.10	8
18:14	1PE.1.6	7
18:14	PSA.147.3	6
18:14	JAS.1.2	6
18:14	PSA.77.2-PSA.77.3	5
18:14	2CO.2.7	5
18:14	JOB.2.7-JOB.2.10	4
18:14	JOB.6.4	4
18:14	JOB.7.14-JOB.7.15	4
18:14	PSA.38.2-PSA.38.4	4
18:14	PSA.42.10-PSA.42.11	4
18:14	PSA.88.14-PSA.88.16	4
18:14	MRK.14.33-MRK.14.34	4
18:14	JOB.1.20-JOB.1.21	3
18:14	PSA.30.9-PSA.30.10	3
18:14	PSA.55.3	3
18:14	PSA.55.5	3
18:14	ROM.5.3-ROM.5.5	3
18:14	ROM.8.35-ROM.8.37	3
18:14	2CO.1.12	3
18:14	PSA.32.3-PSA.32.4	2
18:14	PSA.109.22	2
18:14	JOB.10.15-JOB.10.17	1
18:15	JAS.1.5	10
18:15	PRO.15.14	9
18:15	PRO.1.5	8
18:15	PRO.9.9	8
18:15	LUK.10.39	8
18:15	1KI.3.9	7
18:15	PSA.119.97-PSA.119.104	7
18:15	PRO.4.7	7
18:15	PRO.23.23	7
18:15	PRO.4.5	6
18:15	PRO.10.14	6
18:15	LUK.8.8-LUK.8.10	5
18:15	2TI.3.15-2TI.3.17	5
18:16	PRO.19.6	9
18:16	GEN.33.10	8
18:16	GEN.43.11	8
18:16	1SA.25.27	7
18:16	PRO.17.8	7
18:16	GEN.32.20	6
18:16	PRO.21.14	4
18:17	PRO.18.13	25
18:17	ACT.24.12-ACT.24.13	0
18:18	PRO.16.33	7
18:18	NEH.11.1	4
18:18	JOS.14.2	2
18:18	1SA.10.21-1SA.10.27	2
18:18	1SA.14.42	2
18:18	1CH.6.63	2
18:18	1CH.24.31	2
18:19	PRO.16.32	9
18:19	ACT.15.39	7
18:19	PRO.6.19	6
18:19	GEN.37.3-GEN.37.5	5
18:19	1KI.12.16	5
18:19	GEN.4.5-GEN.4.8	4
18:19	GEN.27.41-GEN.27.45	4
18:19	GEN.32.6-GEN.32.11	3
18:19	GEN.37.18-GEN.37.27	3
18:19	2SA.13.22	3
18:19	2SA.13.28	3
18:19	1KI.2.23-1KI.2.25	3
18:19	2CH.13.17	2
18:19	GEN.37.11	1
18:20	PRO.12.13-PRO.12.14	9
18:20	PRO.25.11-PRO.25.12	9
18:20	PRO.13.2	7
18:20	PRO.22.18	3
18:21	EPH.4.29	171
18:21	MAT.12.35-MAT.12.37	156
18:21	COL.4.6	127
18:21	PRO.10.19-PRO.10.21	111
18:21	JAS.3.6-JAS.3.9	103
18:21	PRO.13.2-PRO.13.3	101
18:21	PRO.10.31	87
18:21	PRO.18.4-PRO.18.7	67
18:21	ECC.10.12-ECC.10.14	65
18:21	PRO.12.13	63
18:21	ISA.57.19	57
18:21	PRO.11.30	49
18:21	2PE.2.18	39
18:21	TIT.1.10-TIT.1.11	38
18:21	ROM.10.14-ROM.10.15	34
18:21	2CO.11.15	29
18:21	2CO.2.16	28
18:22	PRO.19.14	62
18:22	PRO.31.10-PRO.31.31	52
18:22	PRO.12.4	48
18:22	ECC.9.9	41
18:22	1CO.7.2	32
18:22	GEN.2.18	28
18:22	PRO.5.15-PRO.5.23	28
18:22	PRO.8.35	16
18:22	HOS.12.12	16
18:22	GEN.29.20-GEN.29.21	15
18:22	GEN.24.67	14
18:22	PRO.3.4	14
18:22	GEN.29.28	13
18:23	JAS.2.3	5
18:23	EXO.5.2	4
18:23	JAS.1.9-JAS.1.11	4
18:23	JAS.2.6	4
18:23	1SA.25.17	3
18:23	2KI.4.1-2KI.4.2	3
18:23	ISA.66.2	3
18:23	GEN.42.7	2
18:23	GEN.42.30	2
18:23	RUT.2.7	2
18:23	1SA.2.36	2
18:23	1SA.25.10	2
18:23	MAT.5.3	2
18:24	PRO.17.17	62
18:24	JHN.15.13-JHN.15.15	52
18:24	PRO.27.9	31
18:24	2SA.1.26	13
18:24	1SA.19.4-1SA.19.5	11
18:24	2SA.9.1-2SA.9.13	11
18:24	2SA.21.7	9
18:24	2SA.16.17	8
18:24	MAT.26.49-MAT.26.50	8
18:24	2SA.17.27-2SA.17.29	7
18:24	1CH.12.38-1CH.12.40	7
18:24	2SA.19.30-2SA.19.39	6
18:24	1SA.30.26-1SA.30.31	3
19:1	PRO.28.6	11
19:1	PRO.16.8	6
19:1	MAT.16.26	5
19:1	PRO.19.22	4
19:1	PRO.14.2	3
19:1	PRO.15.16	3
19:1	PRO.20.7	3
19:1	ISA.59.3	2
19:1	JAS.2.5-JAS.2.6	2
19:1	PSA.37.26	1
19:1	PRO.12.26	1
19:1	PSA.26.11	0
19:2	PRO.21.5	19
19:2	PRO.29.20	14
19:2	PHP.1.9	13
19:2	ECC.7.9	11
19:2	ISA.28.16	10
19:2	HOS.4.6	9
19:2	JHN.16.3	8
19:2	ROM.10.2	8
19:2	PRO.1.16	7
19:2	PRO.14.29	7
19:2	PRO.28.22	7
19:2	PRO.28.20	6
19:2	ECC.12.9	6
19:2	PRO.25.8	5
19:2	PRO.10.21	4
19:2	JOB.31.5	3
19:2	ISA.27.11	3
19:3	REV.16.9-REV.16.11	8
19:3	PSA.37.7	6
19:3	PRO.11.3	5
19:3	1SA.22.13-1SA.22.23	4
19:3	2CH.16.9-2CH.16.10	4
19:3	NUM.16.19-NUM.16.41	3
19:3	GEN.3.6-GEN.3.12	2
19:3	GEN.4.5-GEN.4.14	2
19:3	NUM.17.12-NUM.17.13	2
19:3	1SA.13.13	2
19:3	1SA.15.23	2
19:3	1KI.20.42-1KI.20.43	2
19:3	2KI.3.9-2KI.3.10	2
19:3	2KI.6.33	2
19:3	PSA.37.1	2
19:3	ACT.13.45-ACT.13.46	2
19:3	ISA.8.21-ISA.8.22	1
19:4	PRO.14.20	8
19:4	PRO.19.6-PRO.19.7	6
19:4	JOB.19.13-JOB.19.17	4
19:4	LUK.15.13-LUK.15.15	4
19:4	JOB.6.15-JOB.6.23	3
19:4	PRO.10.15	3
19:5	PRO.21.28	8
19:5	EXO.23.1	7
19:5	PRO.6.19	7
19:5	PRO.19.9	6
19:5	DEU.5.11	4
19:5	DEU.19.16-DEU.19.21	4
19:5	DAN.6.24	4
19:5	1KI.2.9	3
19:5	PSA.120.3-PSA.120.4	3
19:6	PRO.18.16	8
19:6	PRO.29.26	8
19:6	PRO.17.8	7
19:6	GEN.42.6	6
19:6	ROM.6.23	5
19:6	PRO.19.12	4
19:6	PRO.21.14	4
19:6	2SA.19.19-2SA.19.39	3
19:6	JOB.29.24-JOB.29.25	3
19:6	GEN.43.15	2
19:6	PSA.45.12	2
19:6	GEN.32.20	1
19:6	PRO.16.15	1
19:6	MAT.2.11	1
19:7	PSA.88.8	7
19:7	PSA.38.11	6
19:7	PRO.18.23	6
19:7	PRO.19.4	6
19:7	JAS.2.15-JAS.2.16	6
19:7	1JN.3.17-1JN.3.18	6
19:7	PSA.88.18	5
19:7	PRO.21.13	5
19:7	ECC.9.15-ECC.9.16	5
19:7	PRO.14.20	4
19:7	LUK.18.38-LUK.18.40	4
19:7	JAS.2.6	4
19:8	PRO.16.20	14
19:8	PRO.8.35-PRO.8.36	10
19:8	PRO.3.18	8
19:8	PRO.4.6	8
19:8	1PE.3.10	6
19:8	JHN.14.21	5
19:8	PSA.19.11	4
19:8	PRO.2.1-PRO.2.9	4
19:8	PRO.4.21	3
19:8	EZK.36.26	3
19:8	PRO.3.21	2
19:8	PRO.4.4	2
19:8	PRO.17.16	2
19:8	PRO.22.18	2
19:8	JHN.12.25	1
19:9	REV.22.15	6
19:9	PRO.19.5	4
19:9	REV.19.20	3
19:9	JER.28.15-JER.28.17	2
19:9	2PE.2.1-2PE.2.3	2
19:9	REV.21.8	2
19:9	ISA.9.15-ISA.9.17	1
19:9	JER.23.25-JER.23.32	1
19:9	JER.29.31-JER.29.32	1
19:9	EZK.13.22	1
19:9	2TH.2.8-2TH.2.10	1
19:9	1TI.4.1-1TI.4.2	1
19:10	PRO.30.21-PRO.30.22	5
19:10	PRO.26.1	4
19:10	LUK.16.19	3
19:10	LUK.16.23	3
19:10	1SA.25.36	2
19:10	2SA.3.24-2SA.3.25	2
19:10	2SA.3.39	2
19:10	EST.3.15	2
19:10	ECC.10.5-ECC.10.7	2
19:10	ISA.3.5	2
19:10	ISA.5.11-ISA.5.12	2
19:10	ISA.22.12-ISA.22.14	2
19:10	HOS.7.3-HOS.7.5	2
19:10	HOS.9.1	2
19:10	AMO.6.3-AMO.6.6	2
19:10	JAS.4.9	2
19:10	PRO.17.7	1
19:11	PRO.16.32	30
19:11	PRO.14.29	27
19:11	JAS.1.19	26
19:11	COL.3.12-COL.3.13	23
19:11	PRO.15.18	19
19:11	PRO.20.3	16
19:11	PRO.12.16	15
19:11	EPH.4.32-EPH.5.1	15
19:11	ROM.12.18-ROM.12.21	11
19:11	MAT.18.21-MAT.18.22	8
19:11	PRO.17.14	7
19:11	PRO.25.21	7
19:11	MAT.5.44-MAT.5.45	7
19:11	GEN.50.15-GEN.50.21	5
19:12	HOS.14.5	6
19:12	PRO.16.14-PRO.16.15	5
19:12	PRO.20.2	5
19:12	LUK.12.4-LUK.12.5	5
19:12	PRO.28.15	4
19:12	EST.7.8	3
19:12	PSA.133.3	3
19:12	ECC.8.4	3
19:12	DAN.2.12-DAN.2.13	3
19:12	DAN.3.19-DAN.3.23	3
19:12	2SA.23.4	2
19:12	PSA.72.6	2
19:12	DAN.6.24	2
19:12	MIC.5.7	2
19:12	DAN.5.19	1
19:13	PRO.21.9	7
19:13	PRO.27.15	7
19:13	PRO.10.1	4
19:13	PRO.25.24	4
19:13	2SA.13.1-2SA.13.18	3
19:13	JOB.14.19	3
19:13	PRO.15.20	3
19:13	PRO.17.21	3
19:13	PRO.17.25	3
19:13	PRO.21.19	3
19:13	ECC.2.18-ECC.2.19	2
19:14	PRO.18.22	25
19:14	PRO.31.10-PRO.31.31	20
19:14	PRO.13.22	15
19:14	PRO.3.6	13
19:14	JAS.1.17	12
19:14	GEN.28.1-GEN.28.4	8
19:14	2CO.12.14	8
19:14	DEU.21.16	6
19:14	JOS.11.23	6
19:14	GEN.24.7	5
19:15	PRO.23.21	10
19:15	PRO.20.13	8
19:15	2TH.3.10	7
19:15	PRO.6.9-PRO.6.10	6
19:15	PRO.24.33	5
19:15	ROM.13.11-ROM.13.12	5
19:15	PRO.10.4-PRO.10.5	4
19:15	EPH.5.14	3
19:15	PRO.19.24	2
19:15	ISA.56.10	2
19:16	PRO.13.13	10
19:16	LUK.10.28	10
19:16	1JN.5.3	8
19:16	LUK.11.28	7
19:16	PRO.16.17	5
19:16	1JN.3.22	5
19:16	PRO.21.23	4
19:16	PRO.29.18	4
19:16	ECC.8.5	4
19:16	MAT.16.26	4
19:16	REV.22.14	4
19:16	PRO.3.1	3
19:16	PRO.22.5	3
19:16	ECC.12.13	3
19:16	JHN.15.10-JHN.15.14	3
19:16	1CO.7.19	3
19:16	PRO.15.32	2
19:16	JER.7.23	2
19:16	EZK.33.5	2
19:16	JHN.14.15	2
19:16	JHN.14.21-JHN.14.23	2
19:16	1JN.2.3-1JN.2.4	2
19:16	PSA.103.18	1
19:17	PRO.28.27	52
19:17	HEB.6.10	46
19:17	LUK.6.38	42
19:17	2CO.9.6-2CO.9.8	33
19:17	MAT.25.40	29
19:17	ECC.11.1	21
19:17	ISA.58.7-ISA.58.11	19
19:17	MAT.10.41-MAT.10.42	19
19:17	PRO.11.24-PRO.11.25	18
19:17	PRO.14.21	18
19:17	PRO.14.31	18
19:17	DEU.15.7-DEU.15.14	17
19:17	PHP.4.17	17
19:17	PRO.28.8	14
19:17	2SA.12.6	12
19:17	PRO.12.14	10
19:18	PRO.13.24	12
19:18	PRO.29.15	11
19:18	PRO.22.15	9
19:18	PRO.23.13-PRO.23.14	9
19:18	HEB.12.7-HEB.12.10	8
19:18	PRO.29.17	6
19:19	PRO.25.28	7
19:19	1SA.24.17-1SA.24.22	5
19:19	2SA.16.5-2SA.16.6	5
19:19	PRO.29.22	5
19:19	1SA.22.7-1SA.22.23	4
19:19	1SA.26.21-1SA.26.25	4
19:19	PRO.22.24-PRO.22.25	4
19:19	1SA.20.30-1SA.20.31	3
19:20	PRO.12.15	20
19:20	PRO.8.34-PRO.8.35	14
19:20	PRO.2.1-PRO.2.9	11
19:20	PRO.1.8	9
19:20	PRO.4.1	9
19:20	NUM.23.10	8
19:20	LUK.16.19-LUK.16.23	8
19:20	PSA.90.14	7
19:20	PSA.37.37	6
19:20	PSA.90.12	6
19:20	DEU.8.16	5
19:20	DEU.32.29	4
19:21	PRO.16.9	121
19:21	ISA.14.24	99
19:21	PRO.16.1	80
19:21	PSA.33.10-PSA.33.11	67
19:21	ISA.46.10	60
19:21	PRO.21.30	55
19:21	EPH.1.11	50
19:21	JOB.23.13	46
19:21	ISA.14.26-ISA.14.27	40
19:21	PRO.21.1	38
19:21	ACT.5.38-ACT.5.39	36
19:21	DAN.4.35	30
19:21	ACT.4.27-ACT.4.28	27
19:21	PSA.21.11	26
19:21	ECC.7.29	25
19:21	1PE.2.8	24
19:21	GEN.45.4-GEN.45.8	21
19:21	GEN.50.20	21
19:21	MAT.27.63-MAT.27.64	19
19:21	PRO.12.2	17
19:21	JUD.1.4	17
19:21	EST.9.25	15
19:21	ISA.7.6-ISA.7.7	15
19:21	DAN.11.24-DAN.11.25	14
19:21	MAT.26.4-MAT.26.5	13
19:21	HEB.6.17-HEB.6.18	13
19:21	PSA.83.4	9
19:21	GEN.37.19-GEN.37.20	7
19:22	2CO.8.12	7
19:22	2CH.6.8	6
19:22	MRK.14.6-MRK.14.8	6
19:22	MRK.12.41-MRK.12.44	5
19:22	PRO.19.1	4
19:22	2CO.8.2-2CO.8.3	4
19:22	TIT.1.2	4
19:22	1CH.29.2-1CH.29.3	3
19:22	1CH.29.17	2
19:22	JOB.6.15	2
19:22	JOB.17.5	2
19:22	PSA.62.9	2
19:23	MAT.5.6	23
19:23	PRO.14.26-PRO.14.27	21
19:23	PRO.12.21	15
19:23	ISA.58.10-ISA.58.11	15
19:23	1TI.4.8	13
19:23	PSA.90.14	12
19:23	PHP.4.11-PHP.4.12	12
19:23	HEB.13.5-HEB.13.6	12
19:23	PRO.10.27	9
19:23	MAL.3.16-MAL.3.17	9
19:23	PSA.103.17	8
19:23	PSA.33.18-PSA.33.19	7
19:23	PSA.85.9	7
19:23	PSA.145.18-PSA.145.20	7
19:23	PSA.34.9-PSA.34.11	6
19:23	MAL.4.2	6
19:23	ROM.8.28	6
19:23	1TI.6.6-1TI.6.9	6
19:23	PSA.19.9	5
19:23	PSA.25.13	5
19:23	PSA.91.16	5
19:23	ACT.9.31	4
19:23	2TI.4.18	4
19:24	PRO.15.19	8
19:24	PRO.6.9-PRO.6.10	5
19:24	PRO.26.13-PRO.26.16	5
19:24	PRO.24.30-PRO.24.34	4
19:24	PRO.12.27	3
19:24	PRO.19.15	3
19:24	MRK.14.20	3
19:24	PSA.74.11	2
19:24	MAT.26.23	2
19:25	PRO.21.11	8
19:25	PRO.17.10	5
19:25	PRO.15.5	4
19:25	REV.3.19	4
19:25	PRO.9.8-PRO.9.10	3
19:25	DEU.13.11	2
19:25	DEU.21.21	2
19:26	PRO.10.5	5
19:26	PRO.17.2	4
19:26	PRO.28.24	4
19:26	PRO.30.17	4
19:26	DEU.21.18-DEU.21.21	3
19:26	PRO.10.1	3
19:26	PRO.17.25	3
19:26	PRO.23.22-PRO.23.25	3
19:26	PRO.28.7	3
19:26	PRO.28.14	3
19:26	PRO.30.11	3
19:26	LUK.15.12-LUK.15.16	2
19:26	LUK.15.30	2
19:27	1TI.6.3-1TI.6.5	7
19:27	MRK.4.24	6
19:27	PRO.14.7	5
19:27	MAT.7.15	5
19:27	1JN.4.1	5
19:27	2CO.11.13-2CO.11.15	4
19:27	2JN.1.10	4
19:27	DEU.13.1-DEU.13.4	3
19:27	1KI.22.22-1KI.22.28	3
19:27	MAT.16.6	3
19:27	MAT.16.12	3
19:27	MRK.7.6-MRK.7.14	3
19:27	JHN.10.5	3
19:27	EPH.4.14	3
19:27	1TI.4.7	3
19:27	2PE.2.1-2PE.2.2	3
19:27	REV.2.2	2
19:28	JOB.15.16	5
19:28	JOB.34.7	4
19:28	LUK.18.2-LUK.18.4	4
19:28	ACT.6.11-ACT.6.13	4
19:28	1KI.21.13	3
19:28	JOB.20.12-JOB.20.13	3
19:28	1KI.21.10	2
19:28	PSA.10.5	2
19:28	PSA.10.11	2
19:28	PRO.15.14	2
19:28	ISA.28.14-ISA.28.18	2
19:28	HOS.4.8	2
19:29	PRO.26.3	7
19:29	PRO.10.13	5
19:29	PRO.9.12	4
19:29	ACT.13.40-ACT.13.41	3
19:29	2PE.3.3-2PE.3.7	3
19:29	PRO.3.34	2
19:29	PRO.17.10	2
19:29	PRO.18.6	2
19:29	ISA.28.22	2
19:29	ISA.29.20	2
19:29	HEB.12.6	2
19:29	PRO.7.22	1
20:1	EPH.5.18	19
20:1	HOS.4.11	18
20:1	ISA.28.7	15
20:1	PRO.31.4	14
20:1	1CO.6.10	14
20:1	GAL.5.21	13
20:1	HAB.2.15-HAB.2.16	11
20:1	2SA.11.13	9
20:1	ISA.5.22	7
20:1	PRO.23.29-PRO.23.35	6
20:1	GEN.19.31-GEN.19.36	5
20:1	ISA.56.12	5
20:1	HOS.7.5	5
20:1	1SA.25.36-1SA.25.38	4
20:1	GEN.9.21-GEN.9.23	3
20:1	2SA.13.28	3
20:1	1KI.20.16-1KI.20.21	1
20:2	PRO.19.12	9
20:2	ECC.10.4	7
20:2	1KI.2.23	6
20:2	PRO.8.36	6
20:2	PRO.16.14-PRO.16.15	4
20:2	HOS.11.10	4
20:2	AMO.3.8	4
20:2	HAB.2.10	3
20:2	NUM.16.38	2
20:3	PRO.16.32	10
20:3	PRO.17.14	9
20:3	PRO.19.11	7
20:3	PRO.14.29	6
20:3	PRO.18.6	6
20:3	EPH.4.32-EPH.5.1	6
20:3	JAS.4.1	4
20:3	PRO.14.17	3
20:3	PRO.21.24	3
20:3	EPH.1.6-EPH.1.8	3
20:3	JAS.3.14	3
20:3	2KI.14.9	2
20:3	PRO.25.8-PRO.25.10	2
20:4	PRO.10.4	13
20:4	PRO.19.15	12
20:4	PRO.13.4	8
20:4	MAT.25.3-MAT.25.10	7
20:4	MAT.25.24-MAT.25.28	7
20:4	PRO.26.13-PRO.26.16	6
20:4	2PE.1.5-2PE.1.11	6
20:4	PRO.6.10-PRO.6.11	5
20:4	PRO.19.24	5
20:4	PRO.24.34	5
20:5	PRO.18.4	18
20:5	1CO.2.11	18
20:5	PSA.64.6	12
20:6	PSA.12.1	7
20:6	MAT.6.2	6
20:6	PRO.27.2	5
20:6	LUK.18.8	5
20:6	LUK.22.33	5
20:6	PRO.25.14	4
20:6	LUK.18.11	4
20:6	JER.5.1	3
20:6	MIC.7.2	3
20:6	ECC.7.28	2
20:6	LUK.18.28	2
20:6	JHN.1.47	2
20:6	2CO.12.11	2
20:7	PSA.112.2	24
20:7	PSA.37.26	20
20:7	JER.32.39	18
20:7	2CO.1.12	17
20:7	ACT.2.39	14
20:7	3JN.1.3-3JN.1.4	13
20:7	PRO.13.22	12
20:7	PSA.15.2	11
20:7	PRO.19.1	11
20:7	GEN.17.7	10
20:7	LUK.1.6	10
20:7	PSA.26.1	9
20:7	PRO.14.2	9
20:7	TIT.2.11-TIT.2.12	9
20:7	ISA.33.15	8
20:7	PSA.26.11	7
20:8	PRO.25.5	7
20:8	PRO.20.26	6
20:8	PSA.99.4	5
20:8	PRO.29.14	5
20:8	PSA.92.9	4
20:8	1SA.23.3-1SA.23.4	3
20:8	2SA.23.4	3
20:8	PSA.72.4	3
20:8	PSA.101.6-PSA.101.8	3
20:8	PRO.16.12	3
20:8	ISA.32.1	3
20:9	ECC.7.20	11
20:9	1JN.1.8-1JN.1.10	8
20:9	1KI.8.46	7
20:9	JOB.14.4	7
20:9	JOB.15.14	5
20:9	JOB.25.4	4
20:9	1CO.4.4	4
20:9	JAS.3.2	4
20:9	2CH.6.36	3
20:9	PSA.51.5	3
20:10	PRO.11.1	5
20:10	PRO.20.23	5
20:10	LEV.19.35	3
20:10	DEU.25.13-DEU.25.15	3
20:10	PRO.16.11	3
20:10	MIC.6.10-MIC.6.11	3
20:10	AMO.8.4-AMO.8.7	2
20:10	REV.21.8	2
20:10	DEU.7.25-DEU.7.26	1
20:11	MAT.7.16	10
20:11	LUK.6.43-LUK.6.44	6
20:11	PRO.21.8	5
20:11	LUK.2.46-LUK.2.47	4
20:11	PSA.51.5	3
20:11	PSA.58.3	3
20:11	LUK.1.15	3
20:11	LUK.1.66	2
20:11	PRO.22.15	1
20:12	MAT.13.13-MAT.13.16	15
20:12	PSA.94.9	14
20:12	PSA.119.18	8
20:12	EXO.4.11	6
20:12	EPH.1.17-EPH.1.18	6
20:12	ACT.26.18	4
20:13	PRO.19.15	12
20:13	ROM.12.11	12
20:13	PRO.10.4	10
20:13	PRO.12.11	10
20:13	ROM.13.11	10
20:13	PRO.6.9-PRO.6.11	8
20:13	PRO.13.4	8
20:13	JON.1.6	8
20:13	EPH.5.14	8
20:13	2TH.3.10	8
20:13	PRO.24.30-PRO.24.34	7
20:13	1CO.15.34	4
20:14	1TH.4.6	2
20:14	HOS.12.7-HOS.12.8	0
20:15	PRO.8.11	6
20:15	PRO.25.12	6
20:15	PRO.16.16	4
20:15	PRO.16.24	4
20:15	PRO.3.15	3
20:15	PRO.15.7	3
20:15	ECC.12.9-ECC.12.11	3
20:15	ROM.10.14-ROM.10.15	3
20:15	JOB.28.12-JOB.28.19	2
20:15	PRO.10.20-PRO.10.21	2
20:15	PRO.16.21	2
20:15	EPH.4.29	2
20:15	PRO.15.23	1
20:16	PRO.27.13	6
20:16	EXO.22.26-EXO.22.27	4
20:16	PRO.11.15	3
20:16	PRO.22.26-PRO.22.27	3
20:16	PRO.2.16	2
20:16	PRO.5.3	2
20:16	PRO.7.5	2
20:16	PRO.7.10	2
20:16	PRO.23.27	2
20:17	ECC.11.9	7
20:17	PRO.9.17-PRO.9.18	6
20:17	JOB.20.12-JOB.20.20	4
20:17	LAM.3.15-LAM.3.16	4
20:17	HEB.11.25	3
20:17	GEN.3.6-GEN.3.7	2
20:17	PRO.4.17	2
20:18	PRO.15.22	8
20:18	PRO.24.6	8
20:18	LUK.14.31	8
20:18	JDG.1.1-JDG.1.2	5
20:18	PRO.11.14	5
20:18	JDG.20.18	4
20:18	JDG.20.7	3
20:18	2SA.2.26-2SA.2.27	3
20:18	JDG.9.29	2
20:18	JDG.20.26-JDG.20.28	2
20:18	2CH.25.17-2CH.25.23	2
20:18	PRO.25.8	2
20:18	JDG.20.23	1
20:19	PRO.11.13	8
20:19	PRO.13.3	6
20:19	PRO.18.8	6
20:19	ROM.16.18	6
20:19	LEV.19.16	5
20:19	PRO.24.21	4
20:19	PRO.16.29	3
20:19	PRO.26.20-PRO.26.22	3
20:20	EXO.21.17	14
20:20	PRO.30.11	11
20:20	PRO.30.17	8
20:20	LEV.20.9	7
20:20	DEU.27.16	7
20:20	PRO.24.20	7
20:20	MAT.15.4	7
20:20	JUD.1.13	7
20:20	EXO.20.12	6
20:20	MAT.25.8	5
20:20	JOB.18.5-JOB.18.6	3
20:20	JOB.18.18	3
20:20	PRO.13.9	3
20:20	MAT.22.13	3
20:20	MRK.7.10-MRK.7.13	2
20:21	1TI.6.9	9
20:21	PRO.13.22	8
20:21	PRO.28.8	7
20:21	JOB.27.16-JOB.27.17	6
20:21	PRO.23.4	6
20:21	PRO.28.20	6
20:21	PRO.28.22	6
20:21	HAB.2.6	6
20:21	MAL.2.2	5
20:21	ZEC.5.4	4
20:22	ROM.12.17-ROM.12.19	146
20:22	1TH.5.15	127
20:22	PRO.24.29	112
20:22	PRO.17.13	108
20:22	1PE.3.9	101
20:22	DEU.32.35	86
20:22	1PE.2.23	80
20:22	MAT.5.39	72
20:22	1PE.4.19	68
20:22	2SA.16.12	67
20:22	PSA.27.14	67
20:22	PSA.37.34	67
20:22	LAM.3.25-LAM.3.26	67
20:22	ISA.40.31	66
20:23	PRO.20.10	8
20:23	HOS.12.7	6
20:23	PRO.11.1	5
20:23	EZK.45.10	5
20:23	AMO.8.5	3
20:24	PRO.16.9	37
20:24	JER.10.23	34
20:24	PSA.25.12	29
20:24	PSA.37.23	23
20:24	PSA.25.4	20
20:24	PRO.14.8	9
20:24	DAN.5.23	7
20:24	ACT.17.28	6
20:24	ISA.10.6-ISA.10.7	4
20:25	ECC.5.4-ECC.5.6	8
20:25	MAT.5.33	6
20:25	LEV.27.9-LEV.27.10	4
20:25	NUM.30.2-NUM.30.16	4
20:25	LEV.5.15	3
20:25	LEV.22.10-LEV.22.15	3
20:25	PRO.18.7	3
20:25	MAL.3.8-MAL.3.10	3
20:25	LEV.27.30-LEV.27.31	2
20:26	PRO.20.8	7
20:26	2SA.12.31	4
20:26	2SA.4.9-2SA.4.12	3
20:26	PSA.101.5-PSA.101.8	3
20:26	ISA.28.27-ISA.28.28	2
20:27	1CO.2.11	42
20:27	HEB.4.12-HEB.4.13	32
20:27	JOB.32.8	27
20:27	1JN.3.19-1JN.3.21	15
20:27	GEN.2.7	14
20:27	ROM.2.15	14
20:27	2CO.4.2-2CO.4.6	13
20:27	PRO.20.30	10
20:28	PRO.16.12	6
20:28	PSA.26.1	5
20:28	PSA.101.1	5
20:28	PRO.29.14	5
20:28	PSA.21.7	4
20:28	PSA.61.7	4
20:28	PRO.16.6	4
20:28	ISA.16.5	4
20:29	1JN.2.14	15
20:29	PRO.16.31	10
20:29	LEV.19.32	8
20:29	JER.9.23-JER.9.24	7
20:30	HEB.12.10	14
20:30	PRO.22.15	8
20:30	PRO.19.25	6
20:30	ISA.53.5	5
20:30	ISA.27.9	3
21:1	PRO.16.9	55
21:1	EZR.6.22	35
21:1	PRO.20.24	34
21:1	ACT.7.10	31
21:1	PRO.16.1	27
21:1	EZR.7.27-EZR.7.28	26
21:1	DAN.4.35	25
21:1	PSA.106.46	22
21:1	ISA.43.19	19
21:1	NEH.2.4	17
21:1	NEH.1.11	15
21:1	PSA.105.25	12
21:1	PSA.74.15	9
21:1	PSA.93.4	7
21:1	ISA.44.27	5
21:1	REV.16.4	3
21:1	PSA.114.3	2
21:1	REV.16.12	2
21:1	PSA.114.5	1
21:2	PRO.16.2	68
21:2	LUK.16.15	47
21:2	PRO.16.25	46
21:2	JER.17.10	37
21:2	PRO.30.12	32
21:2	1SA.16.7	30
21:2	PRO.24.12	25
21:2	JAS.1.22	16
21:2	PSA.36.2	15
21:2	LUK.18.11-LUK.18.12	15
21:2	GAL.6.3	14
21:2	PRO.20.6	13
21:2	JHN.2.24-JHN.2.25	13
21:2	REV.2.23	13
21:3	1SA.15.22	29
21:3	HOS.6.6	25
21:3	PRO.15.8	21
21:3	MIC.6.6-MIC.6.8	21
21:3	MRK.12.33	19
21:3	ISA.1.11-ISA.1.17	15
21:3	JER.7.21-JER.7.23	15
21:3	PSA.50.8	10
21:4	PRO.6.17	8
21:4	1PE.5.5	8
21:4	PRO.8.13	4
21:4	ISA.2.17	4
21:4	LUK.18.14	4
21:4	PRO.15.8	3
21:4	PRO.21.27	3
21:4	PSA.10.4	2
21:4	ISA.3.16	2
21:4	ROM.14.23	2
21:4	PRO.30.13	1
21:4	ISA.2.11	1
21:5	PRO.10.4	19
21:5	PRO.13.4	19
21:5	PRO.27.23-PRO.27.27	15
21:5	EPH.4.28	15
21:5	1TH.4.11-1TH.4.12	15
21:5	PRO.14.29	13
21:5	PRO.28.22	11
21:5	PRO.20.21	8
21:6	PRO.13.11	11
21:6	PRO.10.2	9
21:6	PRO.20.21	7
21:6	JER.17.11	7
21:6	PRO.8.36	6
21:6	1TI.6.9-1TI.6.10	5
21:6	PRO.20.14	4
21:6	PRO.22.8	4
21:6	PRO.30.8	4
21:6	2PE.2.3	4
21:6	TIT.1.11	2
21:6	EZK.18.31	1
21:7	PRO.21.21	4
21:7	PSA.7.16	3
21:7	PRO.22.22-PRO.22.23	3
21:7	MIC.3.9-MIC.3.12	3
21:7	ZEC.5.3-ZEC.5.4	3
21:7	EPH.5.6	3
21:7	PSA.9.16	2
21:7	PRO.1.18-PRO.1.19	2
21:7	PRO.10.6	2
21:7	ISA.1.23-ISA.1.24	2
21:7	JER.7.9-JER.7.11	2
21:7	JER.7.15	2
21:7	EZK.18.18	2
21:7	EZK.22.13-EZK.22.14	2
21:8	1JN.3.3	4
21:8	PSA.14.2-PSA.14.3	3
21:8	PRO.2.15	3
21:8	DAN.12.10	3
21:8	1CO.3.3	3
21:8	1PE.1.22-1PE.1.23	3
21:8	1JN.2.29	3
21:8	GEN.6.5-GEN.6.6	2
21:8	GEN.6.12	2
21:8	JOB.15.14-JOB.15.16	2
21:8	PRO.15.26	2
21:8	PRO.30.12	2
21:8	ECC.7.29	2
21:8	ECC.9.3	2
21:8	MAT.5.8	2
21:8	MAT.12.33	2
21:8	ACT.15.9	2
21:8	EPH.2.2-EPH.2.3	2
21:8	TIT.1.15	2
21:8	TIT.2.14	2
21:8	TIT.3.3	2
21:8	TIT.3.5	2
21:9	PRO.19.13	17
21:9	PRO.21.19	17
21:9	PRO.25.24	16
21:9	PRO.27.15-PRO.27.16	16
21:9	PRO.12.4	14
21:9	PRO.17.1	13
21:9	PRO.15.17	12
21:10	1JN.2.16	5
21:10	PRO.3.29	4
21:10	MIC.3.2-MIC.3.3	4
21:10	PSA.36.4	3
21:10	ISA.32.6-ISA.32.8	3
21:10	MRK.7.21-MRK.7.22	3
21:10	1CO.10.6	3
21:10	1SA.25.8-1SA.25.11	2
21:10	PSA.52.2-PSA.52.3	2
21:10	PSA.112.5	2
21:10	PSA.112.9	2
21:10	PRO.12.12	2
21:10	PRO.21.13	2
21:10	JAS.2.13	2
21:10	JAS.4.1-JAS.4.5	2
21:10	JAS.5.4-JAS.5.6	2
21:11	PRO.19.25	10
21:11	PRO.18.15	7
21:11	PRO.9.9	5
21:11	ACT.5.5	5
21:11	DEU.21.21	4
21:11	PRO.18.1	4
21:11	NUM.16.34	3
21:11	DEU.13.11	3
21:11	PSA.64.7-PSA.64.9	3
21:11	PRO.1.5	3
21:11	1CO.10.6-1CO.10.11	3
21:11	HEB.2.1-HEB.2.3	3
21:11	PRO.15.14	2
21:11	ACT.5.11-ACT.5.14	2
21:11	HEB.10.28-HEB.10.29	2
21:11	REV.11.13	2
21:12	PSA.37.35-PSA.37.36	6
21:12	PSA.107.43	6
21:12	PRO.14.11	6
21:12	PRO.14.32	5
21:12	2PE.3.6-2PE.3.7	5
21:12	JOB.5.3	4
21:12	JOB.8.15	4
21:12	PSA.52.5	4
21:12	PRO.11.3-PRO.11.5	4
21:12	PRO.13.6	4
21:12	HOS.14.9	4
21:12	AMO.4.11	4
21:12	1CO.10.5	4
21:12	2PE.2.4-2PE.2.9	4
21:12	GEN.19.29	3
21:12	JOB.18.14-JOB.18.21	3
21:12	JOB.21.28-JOB.21.30	3
21:12	HAB.2.9-HAB.2.12	3
21:12	JOB.27.13-JOB.27.23	2
21:13	PRO.1.28	7
21:13	PRO.28.27	7
21:13	MAT.6.14	7
21:13	JAS.2.13-JAS.2.16	6
21:13	JER.34.16-JER.34.17	5
21:13	MAT.7.2	5
21:13	MAT.18.30-MAT.18.35	5
21:13	ISA.1.15-ISA.1.17	4
21:13	ISA.58.6-ISA.58.9	4
21:13	PSA.18.41	3
21:13	PSA.58.4	2
21:13	ZEC.7.9-ZEC.7.13	2
21:13	MAT.25.41-MAT.25.46	2
21:13	ACT.7.57	1
21:13	DEU.15.7-DEU.15.11	0
21:13	NEH.5.1-NEH.5.5	0
21:13	NEH.5.13	0
21:14	PRO.19.6	5
21:14	PRO.18.16	4
21:14	1SA.25.35	2
21:14	PRO.17.8	2
21:14	MAT.6.3-MAT.6.4	2
21:14	GEN.32.20	1
21:14	GEN.43.11	1
21:14	PRO.17.23	1
21:15	PRO.10.29	7
21:15	MAT.7.23	6
21:15	ECC.3.12	4
21:15	ISA.64.5	4
21:15	JOB.29.12-JOB.29.17	3
21:15	PSA.40.8	3
21:15	MAT.13.41-MAT.13.42	3
21:15	PSA.112.1	2
21:15	PSA.119.16	2
21:15	PRO.5.20	2
21:15	PRO.21.12	2
21:15	LUK.13.27-LUK.13.28	2
21:15	JHN.4.34	2
21:15	PSA.119.92	1
21:15	ROM.7.22	1
21:16	HEB.10.38	6
21:16	PSA.125.5	5
21:16	PSA.49.14	3
21:16	ZEP.1.6	3
21:16	HEB.10.26-HEB.10.27	3
21:16	1JN.2.19	3
21:16	PRO.2.18-PRO.2.19	2
21:16	PRO.7.26-PRO.7.27	2
21:16	PRO.13.20	2
21:16	JHN.3.19-JHN.3.20	2
21:16	EPH.2.1	2
21:16	HEB.6.4-HEB.6.6	2
21:16	JUD.1.12	2
21:16	PRO.9.18	1
21:16	2PE.2.21-2PE.2.22	1
21:17	PRO.23.21	13
21:17	1TI.5.6	8
21:17	2TI.3.4	7
21:17	PRO.5.10-PRO.5.11	6
21:17	PRO.21.20	5
21:17	LUK.15.13-LUK.15.16	4
21:17	LUK.16.24-LUK.16.25	4
21:18	PRO.11.8	10
21:18	ISA.43.3-ISA.43.4	8
21:18	ISA.53.4-ISA.53.5	7
21:18	1PE.3.18	6
21:18	ISA.55.8-ISA.55.9	5
21:19	PRO.21.9	21
21:19	PSA.55.6-PSA.55.7	6
21:19	PSA.120.5-PSA.120.6	5
21:19	JER.9.2	3
21:20	MAT.25.3-MAT.25.4	12
21:20	PSA.112.3	8
21:20	ECC.5.19	8
21:20	PRO.15.6	6
21:20	ECC.7.11	6
21:20	PSA.23.5	5
21:20	PRO.10.22	5
21:20	LUK.15.14	5
21:20	ECC.10.19	4
21:20	JER.41.8	4
21:20	MAT.6.19-MAT.6.20	4
21:20	LUK.6.45	4
21:20	LUK.16.1	4
21:20	JOB.20.15	3
21:20	JOB.20.18	3
21:20	MAT.25.8	2
21:20	LUK.16.19-LUK.16.25	1
21:21	MAT.5.6	44
21:21	1CO.15.58	21
21:21	PRO.22.4	20
21:21	PRO.15.9	12
21:21	1TI.6.11	12
21:21	HEB.12.14	12
21:21	2TI.2.22	11
21:21	ISA.51.1	10
21:21	1PE.1.7	9
21:21	HOS.6.3	8
21:21	ROM.14.19	8
21:21	PHP.3.12	8
21:21	1TH.5.21	8
21:21	2TI.4.7-2TI.4.8	8
21:21	ROM.2.7-ROM.2.10	7
21:22	ECC.7.19	7
21:22	PRO.24.5	6
21:22	ECC.9.13-ECC.9.18	3
21:22	2SA.5.6-2SA.5.9	2
21:22	2SA.20.16-2SA.20.22	2
21:23	PRO.13.3	35
21:23	PRO.18.21	26
21:23	PRO.17.27-PRO.17.28	25
21:23	JAS.1.26	23
21:23	PRO.12.13	22
21:23	PRO.10.19	20
21:23	JAS.3.2-JAS.3.13	18
21:24	PSA.1.1	6
21:24	ECC.7.8-ECC.7.9	4
21:24	PRO.1.22	3
21:24	PRO.18.12	3
21:24	PRO.19.29	3
21:24	MAT.2.16	3
21:24	EST.3.5-EST.3.6	2
21:24	PRO.6.17	2
21:24	PRO.16.18	2
21:24	ISA.16.6	2
21:24	JER.48.29	2
21:25	PRO.13.4	7
21:25	MAT.25.26	6
21:25	PRO.12.24	5
21:25	PRO.19.24	5
21:25	PRO.12.27	4
21:25	PRO.15.19	4
21:25	PRO.26.16	4
21:25	PRO.24.30-PRO.24.34	3
21:25	PRO.20.4	2
21:25	PRO.22.13	2
21:25	PRO.26.13	2
21:25	PRO.6.6-PRO.6.11	0
21:26	PSA.37.26	9
21:26	PSA.112.9	6
21:26	ACT.20.33-ACT.20.35	6
21:26	EPH.4.28	5
21:26	MAT.5.42	3
21:26	LUK.6.30-LUK.6.36	3
21:26	2CO.8.7-2CO.8.9	3
21:26	1TH.2.5-1TH.2.9	3
21:26	2CO.9.9-2CO.9.14	2
21:27	ISA.66.3	8
21:27	PRO.15.8	6
21:27	MAT.23.13	6
21:27	JER.6.20	5
21:27	1SA.15.21-1SA.15.23	4
21:27	ISA.1.11-ISA.1.16	4
21:27	AMO.5.21-AMO.5.22	4
21:27	1SA.13.12-1SA.13.13	3
21:27	PSA.50.8-PSA.50.13	3
21:27	PRO.28.9	3
21:27	JER.7.11-JER.7.12	3
21:28	2CO.4.13	6
21:28	PRO.19.5	5
21:28	PRO.19.9	4
21:28	EXO.23.1	3
21:28	DEU.19.16-DEU.19.19	3
21:28	PRO.12.19	3
21:28	PRO.25.18	3
21:28	PRO.6.19	2
21:28	ACT.12.15	2
21:28	2CO.1.17-2CO.1.20	2
21:28	TIT.3.8	2
21:29	HAG.1.7	6
21:29	1TH.3.11	6
21:29	PRO.11.5	5
21:29	PSA.119.5	3
21:29	PSA.119.59	3
21:29	PRO.28.14	3
21:29	PRO.29.1	3
21:29	JER.5.3	3
21:29	JER.8.12	3
21:29	JER.44.16-JER.44.17	3
21:29	EZK.18.28	3
21:29	HAG.2.18-HAG.2.19	3
21:29	JER.3.2-JER.3.3	2
21:29	HAG.2.15	2
21:29	LUK.15.17-LUK.15.18	2
21:29	HAG.1.5	1
21:30	ACT.5.39	21
21:30	PRO.19.21	20
21:30	JER.9.23	19
21:30	ISA.14.27	17
21:30	1CO.3.19-1CO.3.20	13
21:30	ISA.8.9-ISA.8.10	10
21:30	ISA.46.10-ISA.46.11	6
21:30	ACT.4.27-ACT.4.28	6
21:30	ISA.7.5-ISA.7.7	5
21:30	1PE.2.8	1
21:31	PSA.20.7	26
21:31	ISA.31.1	23
21:31	PSA.33.17-PSA.33.18	21
21:31	PSA.147.10	15
21:31	PSA.3.3	14
21:31	PSA.68.20	14
21:31	PSA.3.8	13
21:31	ECC.9.11	12
21:31	PSA.144.10	11
21:31	JER.3.23	8
22:1	ECC.7.1	46
22:1	LUK.10.20	6
22:1	1KI.1.47	1
22:2	JOB.31.15	15
22:2	1SA.2.7	14
22:2	PRO.14.31	12
22:2	JOB.34.19	9
22:2	PRO.29.13	9
22:2	JAS.2.2-JAS.2.5	8
22:2	1CO.12.21	7
22:2	PSA.49.1-PSA.49.2	6
22:2	LUK.16.19-LUK.16.20	5
22:3	PRO.27.12	30
22:3	PRO.14.16	29
22:3	PRO.29.1	16
22:3	1TH.5.2-1TH.5.6	12
22:3	HEB.11.7	11
22:3	PRO.7.7	10
22:3	PRO.7.22-PRO.7.23	9
22:3	EXO.9.20-EXO.9.21	8
22:3	ISA.26.20-ISA.26.21	8
22:3	HEB.6.18	8
22:3	MAT.24.15-MAT.24.18	7
22:3	PRO.9.16-PRO.9.18	6
22:4	MAT.6.33	54
22:4	JAS.4.10	54
22:4	PSA.34.9-PSA.34.10	48
22:4	PRO.21.21	45
22:4	PSA.112.1-PSA.112.3	43
22:4	ISA.57.15	35
22:4	PRO.3.16	34
22:4	ISA.33.6	34
22:4	JAS.4.6	33
22:4	1TI.4.8	25
22:5	PRO.16.17	7
22:5	PRO.15.19	5
22:5	1JN.5.18	5
22:5	JUD.1.20-JUD.1.21	5
22:5	JOB.18.8	4
22:5	PSA.18.26-PSA.18.27	4
22:5	PRO.13.15	4
22:5	PRO.19.16	4
22:5	PSA.91.1	3
22:5	PRO.13.3	3
22:5	JOS.23.13	2
22:5	PSA.11.6	2
22:6	EPH.6.4	112
22:6	DEU.6.7	111
22:6	2TI.3.15	87
22:6	GEN.18.19	73
22:6	DEU.4.9	57
22:6	PSA.78.3-PSA.78.6	53
22:6	1SA.1.28	44
22:6	1SA.2.26	42
22:6	1SA.12.2-1SA.12.3	25
22:7	2KI.4.1	10
22:7	MAT.18.25	8
22:7	PRO.22.16	7
22:7	PRO.14.31	6
22:7	PRO.18.23	6
22:7	PRO.22.22	5
22:7	JAS.2.6	5
22:7	JAS.5.1	4
22:7	NEH.5.4-NEH.5.5	3
22:7	AMO.5.11-AMO.5.12	3
22:7	ISA.24.2	2
22:7	AMO.4.1	2
22:7	AMO.8.4	2
22:7	AMO.8.6	2
22:7	AMO.2.6	1
22:7	JAS.5.4	1
22:8	GAL.6.7-GAL.6.8	13
22:8	JOB.4.8	11
22:8	ISA.30.31	8
22:8	PSA.125.3	7
22:8	HOS.10.13	7
22:8	PRO.14.3	6
22:8	ISA.9.4	4
22:8	ISA.10.5	4
22:8	ISA.14.29	4
22:8	HOS.8.7	4
22:9	PRO.19.17	17
22:9	HEB.6.10	16
22:9	1TI.6.18-1TI.6.19	14
22:9	ACT.20.35	13
22:9	1PE.4.9	12
22:9	HEB.13.16	11
22:9	PSA.112.9	9
22:9	LUK.14.13	9
22:9	DEU.15.7-DEU.15.11	8
22:9	JOB.31.16-JOB.31.20	8
22:9	PRO.21.13	8
22:9	ECC.11.1-ECC.11.2	8
22:9	ISA.32.8	8
22:9	ISA.58.7-ISA.58.12	8
22:9	MAT.25.34-MAT.25.40	8
22:9	LUK.6.35-LUK.6.38	8
22:9	2CO.8.1-2CO.8.2	8
22:9	2CO.9.6-2CO.9.11	8
22:9	PSA.41.1-PSA.41.3	7
22:9	PRO.11.25	7
22:9	MRK.7.22	6
22:9	DEU.28.56	5
22:9	MAT.20.15	5
22:10	PRO.26.20-PRO.26.21	5
22:10	1CO.5.5-1CO.5.6	5
22:10	1CO.5.13	5
22:10	GEN.21.9-GEN.21.10	4
22:10	NEH.13.28	4
22:10	PSA.101.5	4
22:10	PRO.18.6	4
22:10	PRO.21.24	4
22:10	MAT.18.17	4
22:10	NEH.4.1-NEH.4.3	3
22:11	PRO.16.13	9
22:11	MAT.5.8	9
22:11	PSA.101.6	5
22:11	PRO.14.35	5
22:11	PSA.45.2	3
22:11	EZR.7.6-EZR.7.11	2
22:11	DAN.6.20-DAN.6.23	2
22:11	GEN.41.39-GEN.41.57	1
22:11	NEH.2.4-NEH.2.6	1
22:11	EST.10.3	1
22:11	DAN.2.46-DAN.2.49	1
22:11	DAN.3.30	1
22:11	LUK.4.22	1
22:12	2TI.3.8-2TI.3.9	6
22:12	2CH.16.9	5
22:12	ACT.13.8-ACT.13.12	4
22:12	JOB.5.12-JOB.5.13	3
22:12	ACT.12.23-ACT.12.24	3
22:12	2TH.2.8	3
22:12	ISA.59.19-ISA.59.21	2
22:12	MAT.16.16-MAT.16.18	2
22:12	ACT.5.39	2
22:12	ACT.8.9-ACT.8.12	2
22:12	REV.11.3-REV.11.11	2
22:12	REV.12.14-REV.12.17	2
22:13	PRO.26.13-PRO.26.16	7
22:13	NUM.13.32-NUM.13.33	4
22:13	PRO.15.19	4
22:14	ECC.7.26	13
22:14	PRO.23.27	8
22:14	PRO.6.24-PRO.6.29	7
22:14	NEH.13.26	5
22:14	PRO.7.5-PRO.7.27	4
22:14	JDG.16.20-JDG.16.21	3
22:14	PRO.2.16-PRO.2.19	3
22:14	DEU.32.19	2
22:14	PSA.81.12	2
22:14	PRO.5.3-PRO.5.23	2
22:15	PRO.13.24	14
22:15	PRO.29.15	11
22:15	PRO.19.18	10
22:15	PRO.23.13-PRO.23.14	9
22:15	PRO.29.17	7
22:15	HEB.12.10-HEB.12.11	7
22:15	PSA.51.5	3
22:15	EPH.2.3	3
22:15	JOB.14.4	0
22:15	JHN.3.6	0
22:16	PRO.22.22-PRO.22.23	9
22:16	PSA.12.5	7
22:16	JAS.2.13	7
22:16	JAS.5.1-JAS.5.5	6
22:16	LUK.14.12-LUK.14.14	5
22:16	PRO.14.31	4
22:16	PRO.28.3	4
22:16	LUK.6.33-LUK.6.35	4
22:16	JOB.20.19-JOB.20.29	3
22:16	PRO.28.22	3
22:16	MIC.2.2-MIC.2.3	2
22:16	ZEC.7.9-ZEC.7.14	2
22:16	LUK.16.24	2
22:17	PSA.90.12	6
22:17	PRO.23.12	6
22:17	PRO.2.2-PRO.2.5	4
22:17	PRO.3.1	4
22:17	ECC.7.25	4
22:17	PRO.1.3	3
22:17	MAT.17.5	3
22:17	PRO.5.1-PRO.5.2	2
22:17	PRO.8.33-PRO.8.34	2
22:17	ECC.8.9	2
22:17	ECC.8.16	2
22:17	ISA.55.3	2
22:17	PRO.4.4-PRO.4.8	1
22:18	JER.15.16	6
22:18	PRO.2.10	4
22:18	PRO.8.6	4
22:18	PSA.119.103	3
22:18	PRO.10.21	3
22:18	PRO.15.7	3
22:18	JHN.7.38	3
22:18	JOB.32.18-JOB.32.19	2
22:18	PSA.19.10	2
22:18	PSA.119.13	2
22:18	PSA.119.111	2
22:18	PSA.119.162	2
22:18	PSA.119.171	2
22:18	PRO.3.17	2
22:18	PRO.10.13	2
22:18	PRO.16.21	2
22:18	PRO.24.13-PRO.24.14	2
22:18	PRO.25.11	2
22:18	HEB.13.15	2
22:18	MAL.2.7	1
22:19	PSA.62.8	5
22:19	PRO.3.5	4
22:19	ISA.12.2	4
22:19	ISA.26.4	3
22:19	1PE.1.21	3
22:19	JER.17.7	2
22:20	PRO.8.6	5
22:20	2PE.1.19-2PE.1.21	5
22:20	PSA.12.6	4
22:20	2TI.3.15-2TI.3.17	4
22:20	HOS.8.12	2
22:21	LUK.1.3-LUK.1.4	5
22:21	1PE.3.15	5
22:21	JHN.20.31	2
22:21	1JN.5.13	2
22:22	ZEC.7.10	8
22:22	MAL.3.5	7
22:22	EXO.23.6	6
22:22	PRO.22.16	6
22:22	JOB.29.12-JOB.29.16	5
22:22	JOB.31.16	5
22:22	JOB.31.21	5
22:22	PRO.23.10-PRO.23.11	4
22:22	EZK.22.29	4
22:23	PSA.12.5	11
22:23	PSA.140.12	11
22:23	PRO.23.11	10
22:23	JER.51.36	10
22:23	1SA.25.39	8
22:23	PSA.35.10	6
22:23	PSA.43.1	5
22:23	JER.50.34	4
22:23	MIC.7.9	4
22:23	MAL.3.5	4
22:23	1SA.24.12	3
22:23	PSA.35.1	3
22:23	PSA.68.5	3
22:23	ISA.33.1	3
22:23	HAB.2.8	3
22:23	1SA.24.15	2
22:24	PRO.29.22	19
22:24	2CO.6.14-2CO.6.17	14
22:24	PRO.21.24	10
22:25	1CO.15.33	13
22:25	PSA.106.35	10
22:25	PRO.13.20	10
22:26	PRO.11.15	7
22:26	PRO.6.1-PRO.6.5	6
22:26	PRO.17.18	6
22:26	PRO.27.13	5
22:27	PRO.20.16	5
22:27	EXO.22.26-EXO.22.27	1
22:27	2KI.4.1	1
22:28	DEU.19.14	8
22:28	DEU.27.17	8
22:28	PRO.23.10	8
22:28	JOB.24.2	5
22:29	1KI.11.28	28
22:29	MAT.25.21	25
22:29	PRO.12.24	18
22:29	PRO.10.4	16
22:29	ECC.9.10	16
22:29	MAT.25.23	16
22:29	GEN.41.46	14
22:29	ROM.12.11	11
22:29	1KI.10.8	9
22:29	2TI.4.2	7
23:1	GEN.43.32-GEN.43.34	1
23:1	JUD.1.12	1
23:2	PHP.3.19	12
23:2	MAT.18.8-MAT.18.9	9
23:2	1CO.9.27	8
23:3	PRO.23.6	7
23:3	PSA.141.4	6
23:3	LUK.21.34	6
23:3	DAN.1.8	5
23:3	EPH.4.22	5
23:4	HEB.13.5	28
23:4	PRO.28.20	22
23:4	MAT.6.19	18
23:4	1TI.6.8-1TI.6.10	18
23:4	PRO.3.5	16
23:4	JHN.6.27	14
23:4	PRO.15.27	11
23:4	ROM.12.16	11
23:4	ISA.5.21	10
23:4	PRO.26.12	7
23:4	PRO.3.7	6
23:4	ROM.11.25	3
23:5	PRO.27.24	11
23:5	1JN.2.16	10
23:5	MAT.6.19	6
23:5	1TI.6.17	6
23:5	JAS.5.1-JAS.5.2	6
23:5	PSA.119.36-PSA.119.37	5
23:5	GEN.42.36	3
23:5	ECC.12.8	3
23:5	JOB.1.14-JOB.1.17	2
23:5	PSA.39.6	2
23:5	ECC.1.2	2
23:5	JER.22.17	2
23:5	1CO.7.29-1CO.7.31	2
23:5	ECC.5.13-ECC.5.14	1
23:5	ISA.55.2	1
23:6	PSA.141.4	7
23:6	PRO.23.3	7
23:6	DAN.1.8-DAN.1.10	6
23:6	DEU.15.9	5
23:6	MAT.20.15	4
23:6	DEU.28.56	3
23:6	PRO.22.9	3
23:6	PRO.28.22	3
23:6	MRK.7.22	2
23:7	PSA.12.2	40
23:7	PSA.55.21	30
23:7	JDG.16.15	25
23:7	MAT.9.3-MAT.9.4	24
23:7	LUK.11.37-LUK.11.54	22
23:7	LUK.7.39	20
23:7	DAN.11.27	16
23:7	PRO.19.22	15
23:7	2SA.13.26-2SA.13.28	8
23:9	PRO.9.7-PRO.9.8	12
23:9	MAT.7.6	10
23:9	PRO.26.4-PRO.26.5	8
23:9	PRO.1.7	4
23:9	ISA.36.21	3
23:9	JHN.8.52	3
23:9	JHN.10.20	3
23:9	ACT.13.45-ACT.13.46	3
23:9	ACT.28.25-ACT.28.28	3
23:9	1CO.1.21-1CO.1.24	3
23:9	LUK.16.14	2
23:9	JHN.9.30-JHN.9.34	2
23:9	ACT.17.18	2
23:9	ACT.17.32	2
23:9	JHN.9.40	1
23:9	1CO.4.10-1CO.4.13	0
23:10	PRO.22.28	8
23:10	ZEC.7.10	8
23:10	DEU.27.17	5
23:10	JER.22.3	5
23:10	JAS.1.27	5
23:10	DEU.19.14	4
23:10	JOB.24.2-JOB.24.3	4
23:10	JOB.6.27	3
23:10	JOB.22.9	3
23:10	JOB.31.21-JOB.31.23	3
23:10	PSA.94.6	3
23:10	JER.7.5	3
23:10	MAL.3.5	3
23:10	JOB.24.9	1
23:11	PRO.22.23	7
23:11	JOB.19.25	6
23:11	EXO.22.22-EXO.22.24	3
23:11	DEU.27.19	3
23:11	PSA.12.5	3
23:11	JER.51.36	2
23:11	JER.50.33-JER.50.34	1
23:12	PRO.5.1-PRO.5.2	16
23:12	PRO.2.2-PRO.2.6	14
23:12	PRO.23.19	10
23:12	JAS.1.21-JAS.1.25	10
23:12	EZK.33.31	8
23:12	PRO.22.17	7
23:12	MAT.13.52	7
23:13	PRO.13.24	13
23:13	PRO.19.18	12
23:13	PRO.29.15	12
23:13	PRO.29.17	11
23:14	PRO.22.15	4
23:14	1CO.5.5	4
23:14	1CO.11.32	4
23:15	PRO.23.24-PRO.23.25	10
23:15	2JN.1.4	6
23:15	PRO.29.3	4
23:15	ZEP.3.17	4
23:15	3JN.1.3-3JN.1.4	4
23:15	PRO.2.1	2
23:15	PRO.4.1	2
23:15	JHN.15.11	2
23:15	1TH.3.8-1TH.3.9	2
23:15	1JN.2.1	2
23:15	PRO.1.10	1
23:15	PRO.10.1	1
23:15	PRO.15.20	1
23:15	JER.32.41	1
23:15	MAT.9.2	0
23:15	LUK.15.23-LUK.15.24	0
23:15	LUK.15.32	0
23:15	JHN.21.5	0
23:15	1TH.2.19-1TH.2.20	0
23:16	PRO.8.6	5
23:16	EPH.5.4	4
23:16	EPH.4.29	3
23:16	COL.4.4	3
23:16	JAS.3.2	3
23:17	PRO.28.14	14
23:17	2CO.7.1	11
23:17	PRO.15.16	9
23:17	1PE.1.17	8
23:17	PSA.37.1-PSA.37.3	6
23:17	ECC.5.7	6
23:17	ACT.9.31	6
23:17	PSA.111.10-PSA.112.1	5
23:17	PRO.3.31	5
23:17	PSA.73.3-PSA.73.7	3
23:17	PRO.24.1	3
23:17	ECC.12.13-ECC.12.14	3
23:18	HEB.10.35	33
23:18	JER.29.11	30
23:18	PSA.9.18	28
23:18	PRO.24.14	19
23:18	PHP.1.20	19
23:18	PRO.24.20	17
23:18	ROM.6.21-ROM.6.22	15
23:18	PSA.37.37	13
23:18	LUK.16.25	12
23:19	PRO.23.26	9
23:19	PRO.23.12	6
23:19	PRO.4.10-PRO.4.23	5
23:19	PRO.6.6	4
23:19	PRO.9.6	4
23:20	LUK.21.34	7
23:20	EPH.5.18	7
23:20	ISA.5.22	5
23:20	ROM.13.13	5
23:20	PRO.28.7	4
23:20	ISA.5.11	4
23:20	ISA.22.13	4
23:20	MAT.24.49	4
23:20	LUK.15.13	4
23:20	1PE.4.3-1PE.4.4	4
23:20	PRO.20.1	3
23:20	PRO.23.29-PRO.23.35	3
23:20	PRO.31.6-PRO.31.7	3
23:20	LUK.16.19	3
23:21	PRO.21.17	9
23:21	PRO.19.15	7
23:21	PHP.3.19	7
23:21	DEU.21.20	5
23:21	PRO.6.9-PRO.6.11	5
23:21	1CO.5.11	5
23:21	GAL.5.21	5
23:21	PRO.24.30-PRO.24.34	4
23:21	JOL.1.5	4
23:21	1CO.6.10	4
23:21	ISA.28.1-ISA.28.3	3
23:22	PRO.1.8	9
23:22	PRO.30.17	9
23:22	PRO.6.20	7
23:22	JHN.19.26-JHN.19.27	7
23:22	EPH.6.1-EPH.6.2	7
23:22	DEU.27.16	2
23:22	LEV.19.3	1
23:22	DEU.21.18-DEU.21.21	1
23:22	PRO.30.11	1
23:22	MAT.15.4-MAT.15.6	1
23:22	MRK.7.10	1
23:23	PRO.18.15	23
23:23	MAT.13.44	22
23:23	PSA.119.72	19
23:23	PRO.16.16	17
23:23	ISA.55.1	15
23:23	PHP.3.7-PHP.3.8	15
23:23	HEB.11.26	15
23:23	PRO.10.1	14
23:23	PSA.119.127	13
23:23	MAT.16.26	13
23:23	MAT.13.46	12
23:23	REV.3.18	12
23:23	PRO.4.5-PRO.4.7	11
23:23	JOB.28.12-JOB.28.19	10
23:23	REV.12.11	10
23:23	PRO.2.2-PRO.2.4	9
23:23	PRO.17.16	9
23:23	ACT.20.23	7
23:24	PRO.10.1	10
23:24	PRO.15.20	9
23:24	PRO.23.15-PRO.23.16	8
23:24	PRO.29.3	8
23:24	PHM.1.20	6
23:24	PHM.1.9	5
23:24	1KI.2.1-1KI.2.3	3
23:24	1KI.2.9	3
23:24	ECC.2.19	3
23:24	1KI.1.48	1
23:25	PRO.17.25	6
23:25	LUK.1.58	3
23:25	LUK.11.27-LUK.11.28	3
23:25	1CH.4.9-1CH.4.10	2
23:25	LUK.1.40-LUK.1.47	2
23:25	LUK.1.31-LUK.1.33	1
23:26	PSA.119.2	20
23:26	PSA.119.9-PSA.119.11	17
23:26	DEU.6.5	16
23:26	MAT.10.37-MAT.10.38	13
23:26	PRO.4.25-PRO.4.27	10
23:26	PRO.3.1	9
23:26	PRO.4.23	9
23:26	2CO.5.14-2CO.5.15	7
23:26	EPH.3.17	7
23:26	PRO.4.4	6
23:26	PSA.107.43	3
23:26	HOS.14.9	3
23:26	LUK.14.26	3
23:26	2CO.8.5	2
23:26	2PE.1.19	2
23:27	PRO.22.14	8
23:28	ECC.7.26	9
23:28	PRO.7.12	5
23:28	HOS.4.11	5
23:28	1CO.10.8	5
23:28	PRO.22.14	4
23:28	REV.17.1-REV.17.2	4
23:28	PRO.2.16-PRO.2.19	3
23:28	PRO.7.22-PRO.7.27	3
23:28	JER.3.2	3
23:28	NUM.25.1	2
23:28	JDG.16.4-JDG.16.22	2
23:28	PRO.9.18	2
23:29	EPH.5.18	6
23:29	1SA.25.36-1SA.25.37	5
23:29	2SA.13.28	4
23:29	PRO.23.21	4
23:29	ISA.5.11	4
23:29	ISA.5.22	4
23:29	ISA.28.7-ISA.28.8	4
23:29	LUK.12.45-LUK.12.46	4
23:29	1KI.20.16-1KI.20.22	3
23:29	PRO.20.1	3
23:29	NAM.1.10	3
23:29	MAT.24.49-MAT.24.50	3
23:29	GEN.49.12	2
23:30	EPH.5.18	8
23:30	ISA.5.11	7
23:30	PRO.20.1	5
23:30	PSA.75.8	4
23:30	PRO.9.2	4
23:30	AMO.6.6	4
23:30	GEN.9.21	3
23:31	1JN.2.16	5
23:31	PSA.119.37	4
23:31	2SA.11.2	3
23:31	PRO.6.25	2
23:31	MRK.9.47	2
23:31	JOB.33.1	1
23:31	MAT.5.28-MAT.5.30	1
23:32	ISA.28.3	3
23:32	ISA.28.7-ISA.28.8	3
23:32	LUK.16.25-LUK.16.26	3
23:32	EXO.7.5-EXO.7.6	2
23:32	EXO.7.12	2
23:32	JOB.20.16	2
23:32	PRO.5.11	2
23:32	ECC.10.8	2
23:32	ISA.59.5	2
23:32	JER.5.31	2
23:32	JER.8.17	2
23:32	AMO.5.19	2
23:32	AMO.9.3	2
23:32	ROM.6.21	2
23:33	JUD.1.12-JUD.1.13	4
23:33	PRO.2.12	3
23:33	PRO.31.5	3
23:33	HOS.7.5	3
23:33	GEN.19.32-GEN.19.38	2
23:33	PSA.69.12	2
23:33	DAN.5.4	2
23:34	1TH.5.2-1TH.5.7	4
23:34	1SA.30.16-1SA.30.17	3
23:34	2SA.13.28	3
23:34	1KI.16.9	3
23:34	MAT.24.38	3
23:34	LUK.17.27-LUK.17.29	3
23:34	LUK.21.34	3
23:34	EXO.15.8	2
23:34	1SA.25.33-1SA.25.38	2
23:34	JOL.1.5	2
23:34	1KI.20.16-1KI.20.22	1
23:35	JER.5.3	6
23:35	ISA.56.12	5
23:35	1CO.15.32-1CO.15.34	4
23:35	PRO.26.11	3
23:35	PRO.27.22	3
23:35	ISA.22.13	3
23:35	2PE.2.22	3
23:35	DEU.29.19	2
23:35	JER.31.18	2
23:35	EPH.4.19	2
24:1	PSA.37.7	11
24:1	PRO.3.31	9
24:1	PRO.23.17	9
24:1	JAS.4.5-JAS.4.6	9
24:1	PSA.37.1	7
24:1	PRO.13.20	7
24:1	GAL.5.19-GAL.5.21	7
24:1	PSA.73.3	6
24:1	GEN.19.1-GEN.19.11	3
24:1	PSA.26.9	3
24:1	PRO.1.11-PRO.1.15	3
24:1	PRO.24.19	3
24:1	GEN.13.10-GEN.13.13	2
24:2	PSA.7.14	7
24:2	PSA.10.7	6
24:2	PSA.28.3	6
24:2	ISA.59.4	5
24:2	1SA.23.9	4
24:2	JOB.15.35	4
24:2	EST.3.6-EST.3.7	3
24:2	PSA.36.4	3
24:2	PRO.6.14	3
24:2	MIC.7.3	3
24:2	MAT.26.3-MAT.26.4	3
24:2	ACT.13.10	3
24:2	PSA.64.4-PSA.64.6	2
24:2	PSA.140.2	2
24:2	LUK.23.20-LUK.23.21	2
24:2	PRO.24.8	1
24:3	PRO.14.1	29
24:3	PRO.9.1	20
24:3	1CO.3.9	19
24:3	COL.2.7	18
24:3	JER.10.12	10
24:3	2SA.7.26	6
24:4	PRO.15.6	14
24:4	PRO.21.20	13
24:4	PRO.20.15	10
24:4	PRO.8.21	7
24:4	MAT.13.52	6
24:4	1CH.29.2-1CH.29.9	5
24:4	NEH.13.5-NEH.13.13	5
24:4	1KI.4.22-1KI.4.28	4
24:4	1CH.27.25-1CH.27.31	4
24:4	2CH.26.4-2CH.26.11	4
24:4	NEH.10.39	4
24:4	2CH.4.18-2CH.4.22	3
24:4	PRO.27.23-PRO.27.27	3
24:5	ECC.7.19	12
24:5	COL.1.11	8
24:5	PRO.8.14	7
24:5	PRO.21.22	7
24:5	ISA.40.31	7
24:5	PSA.84.7	6
24:5	PRO.10.29	5
24:5	ECC.9.14-ECC.9.18	5
24:6	PRO.11.14	11
24:6	PRO.20.18	9
24:6	PRO.15.22	6
24:6	LUK.14.31	6
24:6	EPH.6.10-EPH.6.20	6
24:6	1TI.6.11-1TI.6.12	3
24:6	1CO.9.25-1CO.9.27	2
24:6	2TI.4.7	2
24:7	PRO.14.6	6
24:7	PSA.10.5	4
24:7	1CO.2.14	4
24:7	PSA.92.5-PSA.92.6	3
24:7	JOB.5.4	2
24:7	JOB.29.7-JOB.29.25	2
24:7	JOB.31.21	2
24:7	PRO.15.24	2
24:7	PRO.17.24	2
24:7	PRO.22.22	2
24:7	PRO.31.8-PRO.31.9	2
24:7	ISA.29.21	2
24:7	AMO.5.10	2
24:7	AMO.5.12	2
24:7	AMO.5.15	2
24:8	PSA.21.11	7
24:8	EZK.38.10-EZK.38.11	4
24:8	PRO.6.14	3
24:8	PRO.6.18	3
24:8	PRO.14.22	3
24:8	NAM.1.11	3
24:8	ROM.1.30	3
24:8	1KI.2.44	2
24:8	PRO.24.2	2
24:8	PRO.24.9	2
24:8	ISA.10.7-ISA.10.13	2
24:8	ISA.32.7	1
24:9	MAT.15.19	12
24:9	ISA.55.7	10
24:9	2CO.10.5	10
24:9	PRO.29.8	9
24:9	ACT.8.22	9
24:9	PRO.24.8	8
24:9	MAT.9.4	8
24:9	GEN.6.5	7
24:9	PRO.22.10	7
24:9	JER.4.14	7
24:9	MAT.5.28	7
24:9	GEN.8.21	6
24:9	PSA.119.113	6
24:9	PRO.23.7	6
24:10	ISA.40.28-ISA.40.31	38
24:10	EPH.3.13	30
24:10	JER.51.46	25
24:10	1SA.27.1	19
24:10	HEB.12.3-HEB.12.5	19
24:10	JOB.4.5	18
24:10	2CO.4.1	15
24:10	REV.2.3	15
24:10	REV.2.13	10
24:11	PSA.82.4	15
24:11	ISA.58.6-ISA.58.7	12
24:11	1JN.3.16-1JN.3.17	9
24:11	JOB.29.17	6
24:11	1SA.26.8-1SA.26.9	5
24:11	LUK.10.31-LUK.10.32	5
24:11	LUK.23.23-LUK.23.25	3
24:11	ACT.18.17	2
24:11	ACT.21.31-ACT.21.32	2
24:11	ACT.23.10	1
24:11	ACT.23.23-ACT.23.35	1
24:12	JOB.34.11	10
24:12	JER.17.10	6
24:12	REV.2.23	6
24:12	1SA.16.7	5
24:12	PSA.121.8	5
24:12	PRO.21.2	5
24:12	ROM.2.6	5
24:12	PSA.121.3	4
24:12	ECC.5.8	4
24:12	PSA.17.3	3
24:12	PSA.44.21	3
24:12	PSA.62.12	3
24:12	PRO.5.21	3
24:12	DAN.5.23	3
24:12	MAT.16.27	3
24:12	1CO.4.5	3
24:12	HEB.4.12-HEB.4.13	3
24:12	1SA.2.6	2
24:12	1SA.25.29	2
24:12	PSA.7.9	2
24:12	PSA.66.9	2
24:12	JER.32.19	2
24:12	ACT.17.28	2
24:12	ROM.2.16	2
24:12	2CO.5.10	2
24:12	REV.1.18	2
24:12	REV.2.18	2
24:12	REV.20.12-REV.20.15	2
24:12	REV.22.12	2
24:13	ISA.7.15	7
24:13	SNG.5.1	5
24:13	PRO.25.16	3
24:13	PSA.119.103	2
24:13	SNG.4.11	2
24:13	MAT.3.4	2
24:13	PSA.19.10	1
24:13	PRO.25.27	1
24:14	PRO.2.10	8
24:14	JAS.1.25	8
24:14	JER.15.16	7
24:14	PSA.119.103	6
24:14	PRO.23.18	6
24:14	PRO.2.1-PRO.2.5	5
24:14	PRO.3.13-PRO.3.18	5
24:14	PRO.22.18	5
24:14	PSA.19.10-PSA.19.11	4
24:14	PSA.119.111	4
24:14	MAT.19.21	3
24:15	JER.11.19	4
24:15	ACT.9.24	4
24:15	1SA.9.11	3
24:15	1SA.22.18-1SA.22.19	3
24:15	1SA.23.20-1SA.23.23	3
24:15	PSA.140.5	3
24:15	ISA.32.18	3
24:15	MAT.26.4	3
24:15	PSA.37.32	2
24:15	PSA.56.6	2
24:15	PSA.59.3	2
24:15	PRO.1.11	2
24:15	PRO.22.28	2
24:15	ACT.23.16	2
24:15	ACT.25.3	2
24:15	PSA.10.8-PSA.10.10	1
24:16	PSA.34.19	51
24:16	PSA.37.24	51
24:16	MIC.7.8-MIC.7.10	47
24:16	JOB.5.19	41
24:16	2CO.4.8-2CO.4.12	31
24:16	2CO.11.23-2CO.11.27	18
24:16	PRO.14.32	14
24:16	PRO.13.17	11
24:16	1TH.5.3	11
24:16	REV.18.20-REV.18.21	11
24:16	2CO.1.8-2CO.1.10	10
24:16	1SA.26.10	6
24:16	EST.7.10	6
24:16	PSA.52.5	6
24:16	PRO.28.14-PRO.28.18	6
24:16	AMO.5.2	6
24:16	PSA.7.16	5
24:16	1SA.31.4	4
24:16	ACT.12.23	4
24:16	AMO.8.14	2
24:17	OBA.1.12	19
24:17	JOB.31.29	16
24:17	PRO.17.5	12
24:17	1CO.13.6-1CO.13.7	12
24:17	2SA.16.5-2SA.16.14	10
24:17	PSA.35.15	8
24:17	PSA.35.19	8
24:17	PSA.42.10	8
24:17	JDG.16.25	7
24:18	LAM.4.21-LAM.4.22	1
24:18	ZEC.1.15-ZEC.1.16	1
24:19	PSA.1.1	6
24:19	PSA.37.1	6
24:19	PSA.73.3	6
24:19	PSA.119.115	6
24:19	PRO.13.20	6
24:19	PRO.23.17	6
24:19	PRO.24.1	6
24:19	PSA.26.4-PSA.26.5	4
24:19	2TI.3.2-2TI.3.5	4
24:19	NUM.16.26	3
24:19	EPH.5.11	3
24:19	REV.18.4	3
24:19	2CO.6.17	2
24:20	PRO.13.9	5
24:20	JOB.18.5-JOB.18.6	4
24:20	JOB.21.17	3
24:20	PSA.11.6	3
24:20	PRO.20.20	3
24:20	PSA.9.17	2
24:20	PRO.23.18	2
24:20	ISA.3.11	2
24:20	MAT.8.12	2
24:20	MAT.25.8	2
24:20	JUD.1.13	2
24:21	ROM.13.1-ROM.13.7	7
24:21	1KI.12.16	5
24:21	TIT.3.1	5
24:21	1PE.2.13-1PE.2.17	5
24:21	EXO.14.31	4
24:21	MAT.22.21	4
24:21	1SA.12.12-1SA.12.19	3
24:21	ECC.8.2-ECC.8.5	3
24:21	NUM.16.1-NUM.16.3	2
24:21	1SA.8.5-1SA.8.7	2
24:21	1SA.24.6	2
24:21	2SA.15.13-2SA.15.37	2
24:22	NUM.16.31-NUM.16.35	3
24:22	2SA.18.7-2SA.18.8	3
24:22	2CH.13.16-2CH.13.17	3
24:22	PSA.90.11	3
24:22	HOS.5.11	3
24:22	1SA.31.1-1SA.31.7	2
24:22	PRO.16.14	2
24:22	PRO.20.2	2
24:22	HOS.13.10-HOS.13.11	2
24:23	PRO.28.21	9
24:23	PRO.18.5	7
24:23	JAS.3.17	5
24:23	LEV.19.15	4
24:23	2CH.19.7	4
24:23	PSA.82.2-PSA.82.4	4
24:23	PSA.107.43	4
24:23	PRO.1.6	4
24:23	JHN.7.24	4
24:23	DEU.1.17	3
24:23	DEU.16.19	3
24:23	HOS.14.9	3
24:23	1TI.5.20-1TI.5.21	3
24:23	1PE.1.17	3
24:23	PRO.22.17	2
24:23	ECC.8.1-ECC.8.5	2
24:23	JAS.2.4-JAS.2.6	2
24:24	PRO.17.15	8
24:24	ISA.5.23	6
24:24	PRO.11.26	5
24:24	EXO.23.6-EXO.23.7	4
24:24	PRO.28.27	3
24:24	PRO.30.10	3
24:24	ISA.66.24	3
24:24	JER.6.13-JER.6.14	3
24:24	ISA.5.20	2
24:24	JER.8.10-JER.8.11	2
24:24	EZK.13.22	2
24:25	1TI.5.20	4
24:25	1SA.3.13	3
24:25	PRO.28.23	3
24:25	LEV.19.17	2
24:25	1KI.21.19-1KI.21.20	2
24:25	NEH.5.7-NEH.5.9	2
24:25	NEH.13.8-NEH.13.11	2
24:25	NEH.13.17	2
24:25	NEH.13.25	2
24:25	NEH.13.28	2
24:25	JOB.29.16-JOB.29.18	2
24:25	MAT.14.4	2
24:25	TIT.1.13	2
24:25	TIT.2.15	2
24:25	2TI.4.2	1
24:26	PRO.15.23	8
24:26	GEN.41.38-GEN.41.57	7
24:26	PRO.25.11-PRO.25.12	4
24:26	JOB.6.25	3
24:26	PRO.16.1	3
24:26	DAN.2.46-DAN.2.48	2
24:26	MRK.12.17-MRK.12.18	2
24:26	MRK.12.32-MRK.12.34	2
24:27	LUK.14.28-LUK.14.30	26
24:27	1KI.5.17-1KI.5.18	7
24:27	1KI.6.7	6
24:28	EPH.4.25	5
24:28	1KI.21.9-1KI.21.13	3
24:28	PRO.25.18	3
24:28	MAT.26.59-MAT.26.60	3
24:28	EXO.20.16	2
24:28	EXO.23.1	2
24:28	1SA.22.9-1SA.22.10	2
24:28	JOB.2.3	2
24:28	PSA.35.7	2
24:28	PSA.35.11	2
24:28	PSA.52.1	2
24:28	PRO.14.5	2
24:28	PRO.19.5	2
24:28	PRO.19.9	2
24:28	PRO.21.28	2
24:28	MAT.27.23	2
24:28	JHN.15.25	2
24:28	COL.3.9	2
24:28	REV.21.8	2
24:28	REV.22.15	2
24:29	PRO.20.22	9
24:29	ROM.12.17-ROM.12.21	9
24:29	1TH.5.15	8
24:29	PRO.25.21-PRO.25.22	4
24:29	MAT.5.39-MAT.5.44	4
24:29	JDG.15.11	2
24:29	2SA.13.22-2SA.13.28	2
24:30	PRO.12.11	7
24:30	PRO.6.6-PRO.6.19	3
24:30	JOB.4.8	2
24:30	ECC.8.9-ECC.8.11	2
24:30	PSA.37.25	1
24:30	PRO.6.32	1
24:30	PRO.10.13	1
24:30	ECC.4.1-ECC.4.8	1
24:30	JOB.5.27	0
24:30	JOB.15.17	0
24:30	ECC.7.15	0
24:31	ISA.5.5	7
24:31	ECC.10.18	6
24:31	GEN.3.17-GEN.3.19	4
24:31	PRO.22.13	4
24:31	JER.4.3	4
24:31	MAT.13.22	4
24:31	JOB.31.40	3
24:31	PRO.19.23	3
24:31	PRO.20.4	3
24:31	PRO.23.21	3
24:31	MAT.13.7	3
24:31	HEB.6.8	3
24:32	1CO.10.11	5
24:32	DEU.13.11	2
24:32	DEU.21.21	2
24:32	DEU.32.29	2
24:32	JOB.7.17	2
24:32	PSA.4.4	2
24:32	LUK.2.19	2
24:32	LUK.2.51	2
24:32	1CO.10.6	2
24:32	JUD.1.5-JUD.1.7	2
24:33	PRO.6.4-PRO.6.11	9
24:33	1TH.5.6-1TH.5.8	8
24:33	ROM.13.11	7
24:33	EPH.5.14	5
24:34	PRO.10.4	8
24:34	PRO.13.4	7
25:1	PRO.1.1	5
25:1	1KI.4.32	4
25:1	MIC.1.1	3
25:1	PRO.10.1	2
25:1	ECC.12.9	2
25:1	ISA.1.1	2
25:1	ISA.36.22	2
25:1	ISA.37.2	2
25:1	HOS.1.1	2
25:2	DEU.29.29	33
25:2	ROM.11.33-ROM.11.34	24
25:2	JOB.11.7-JOB.11.8	13
25:2	JOB.38.4-JOB.39.30	12
25:2	JOB.42.3	10
25:2	1KI.4.29-1KI.4.34	9
25:2	JOB.29.16	9
25:2	1KI.3.9-1KI.3.28	7
25:2	EZR.4.15	6
25:2	EZR.4.19	5
25:2	EZR.5.17-EZR.6.1	3
25:2	JOB.40.2	3
25:3	PSA.103.11	5
25:3	1KI.4.29	4
25:3	ISA.55.9	4
25:3	ISA.7.11	3
25:3	ROM.8.39	3
25:3	1PE.1.7	3
25:4	2TI.2.20-2TI.2.21	12
25:4	PRO.17.3	11
25:4	EZK.22.18	11
25:4	ISA.1.25-ISA.1.27	9
25:4	MAL.3.2-MAL.3.3	9
25:4	1PE.1.7	8
25:5	PSA.101.7-PSA.101.8	7
25:5	PRO.16.12	7
25:5	PRO.20.8	7
25:5	PRO.20.28	5
25:5	ISA.16.5	5
25:5	1KI.2.33	3
25:5	1KI.2.46	3
25:5	EST.7.10	3
25:5	PRO.29.14	3
25:5	ISA.9.7	3
25:5	EST.8.11-EST.8.17	2
25:6	PRO.27.2	9
25:6	PRO.16.19	7
25:6	PRO.25.27	7
25:6	EXO.3.11	3
25:6	1SA.15.17	2
25:6	2SA.7.8-2SA.7.17	2
25:6	PSA.131.1	2
25:6	JER.1.6-JER.1.10	2
25:6	1SA.9.20-1SA.9.22	1
25:6	1SA.18.18-1SA.18.23	1
25:6	AMO.7.12-AMO.7.15	1
25:7	LUK.14.7-LUK.14.11	13
25:7	LUK.18.14	5
25:7	1PE.5.5	5
25:7	REV.4.1	3
25:7	PRO.16.19	1
25:8	MAT.5.25	12
25:8	PRO.17.14	9
25:8	PRO.18.6	7
25:8	PRO.14.12	5
25:8	PRO.30.33	5
25:8	2SA.2.26	3
25:8	JER.5.31	3
25:8	LUK.14.31-LUK.14.32	3
25:8	2SA.2.14-2SA.2.16	2
25:8	2KI.14.8-2KI.14.12	1
25:9	PRO.11.13	4
25:9	MAT.18.5-MAT.18.17	4
25:9	PRO.20.19	3
25:10	PSA.119.39	0
25:11	PRO.15.23	19
25:11	ISA.50.4	13
25:11	ECC.12.10	11
25:11	PRO.24.26	7
25:12	PSA.141.5	8
25:12	PRO.15.31-PRO.15.32	6
25:12	PRO.9.8	5
25:12	PRO.27.5-PRO.27.6	5
25:12	1SA.25.31-1SA.25.34	4
25:12	PRO.15.5	4
25:12	JOB.42.11	3
25:12	PRO.1.8-PRO.1.9	3
25:12	PRO.20.12	2
25:13	PRO.13.17	6
25:13	PRO.25.25	5
25:13	PRO.26.6	3
25:13	PHP.2.25-PHP.2.30	3
25:14	PRO.20.6	6
25:14	LUK.14.11	5
25:14	1KI.22.11	3
25:14	2CO.11.13-2CO.11.18	3
25:14	2PE.2.15-2PE.2.19	3
25:14	JUD.1.16	3
25:14	LUK.18.10-LUK.18.14	2
25:14	2CO.11.31	2
25:14	JUD.1.12-JUD.1.13	2
25:15	PRO.15.1	7
25:15	ECC.10.4	7
25:15	PRO.16.14	3
25:15	GEN.32.4-GEN.32.21	2
25:15	1SA.25.14	2
25:15	1SA.25.24-1SA.25.44	2
25:16	PRO.25.27	8
25:16	EPH.5.18	5
25:16	PRO.24.13-PRO.24.14	4
25:16	ISA.7.15	3
25:16	1SA.14.25-1SA.14.27	2
25:16	LUK.21.34	2
25:16	JDG.14.8-JDG.14.9	1
25:16	PRO.23.8	0
25:16	ISA.7.22	0
25:18	PSA.57.4	6
25:18	PRO.12.18	5
25:18	JER.9.8	4
25:18	JAS.3.6	4
25:18	PSA.120.3-PSA.120.4	3
25:18	PRO.24.28	3
25:18	JER.9.3	3
25:18	PSA.52.2	2
25:18	PSA.140.3	2
25:18	PSA.55.21	1
25:19	ISA.36.6	7
25:19	EZK.29.6-EZK.29.7	4
25:19	JOB.6.14-JOB.6.20	3
25:19	2CH.28.20-2CH.28.21	2
25:19	2TI.4.16	1
25:19	ISA.30.1-ISA.30.3	0
25:20	ROM.12.15	8
25:20	ECC.3.4	6
25:20	JAS.2.15-JAS.2.16	4
25:20	DEU.24.12-DEU.24.17	3
25:20	PRO.10.26	3
25:20	ISA.58.7	3
25:20	JOB.24.7-JOB.24.10	2
25:20	PSA.137.3-PSA.137.4	2
25:20	DAN.6.18	2
25:20	JAS.5.15	2
25:21	ROM.12.20-ROM.12.21	25
25:21	MAT.5.44	22
25:21	PRO.24.17	20
25:21	EXO.23.4-EXO.23.5	19
25:21	2KI.6.22	9
25:21	LUK.10.33-LUK.10.36	9
25:21	2CH.28.15	8
25:22	2SA.16.12	9
25:22	MAT.10.13	5
25:23	PRO.26.20	4
25:23	JOB.37.22	3
25:23	PSA.15.3	3
25:23	ROM.1.30	3
25:23	2CO.12.20	3
25:23	PSA.101.5	2
25:24	PRO.21.19	7
25:24	PRO.21.9	6
25:24	PRO.27.15-PRO.27.16	5
25:24	PRO.19.13	4
25:25	PRO.15.30	9
25:25	ROM.10.15	6
25:25	PSA.63.1	5
25:25	GEN.21.16-GEN.21.19	3
25:25	EXO.17.2-EXO.17.3	3
25:25	NAM.1.15	3
25:25	LUK.2.10-LUK.2.11	3
25:25	REV.21.6	3
25:25	JDG.15.18-JDG.15.19	2
25:25	2SA.23.15	2
25:25	PSA.42.1-PSA.42.2	2
25:25	ISA.52.7	2
25:25	ISA.55.1	2
25:25	JER.18.14	2
25:25	JHN.7.37	2
25:25	1TI.1.15	2
25:25	REV.22.17	2
25:25	EXO.17.6	1
25:26	EZK.34.18-EZK.34.19	4
25:26	GEN.4.8	3
25:26	1SA.22.14-1SA.22.18	3
25:26	2CH.24.21-2CH.24.22	3
25:26	MAT.26.69-MAT.26.74	3
25:26	1TH.2.15	3
25:26	EZK.32.2	2
25:26	MAT.23.34-MAT.23.37	2
25:26	ACT.7.52	2
25:26	REV.17.6	2
25:27	PRO.27.2	6
25:27	JHN.5.44	6
25:27	PHP.2.3	4
25:27	PRO.25.16	2
25:27	2CO.12.1	2
25:27	2CO.12.11	2
25:28	PRO.16.32	25
25:28	PRO.22.24	14
25:28	NEH.1.3	6
25:28	2CH.32.5	5
25:28	1SA.20.30	4
25:28	1SA.25.17	1
26:1	PRO.19.10	7
26:1	PRO.28.16	5
26:1	1SA.12.17-1SA.12.18	3
26:1	EST.3.1-EST.3.15	3
26:1	EST.4.6	3
26:1	PSA.12.8	3
26:1	PSA.15.4	3
26:1	PRO.26.8	3
26:1	JDG.9.7	2
26:1	JDG.9.20	2
26:1	JDG.9.56-JDG.9.57	2
26:1	EST.4.9	2
26:1	PSA.52.1	2
26:1	PRO.17.7	2
26:1	ECC.10.5-ECC.10.7	2
26:1	PRO.26.3	1
26:2	NUM.23.8	31
26:2	NEH.13.2	19
26:2	PSA.109.28	17
26:2	DEU.23.4-DEU.23.5	14
26:2	2SA.16.12	14
26:2	1SA.17.43	13
26:2	1SA.14.28-1SA.14.29	9
26:2	PRO.27.8	9
26:3	PRO.10.13	5
26:3	1CO.4.21	5
26:3	PSA.32.9	4
26:3	JDG.8.5-JDG.8.7	3
26:3	2CO.13.2	3
26:3	PRO.17.10	2
26:3	PRO.19.25	2
26:3	PRO.19.29	2
26:3	PRO.27.22	2
26:3	2CO.10.6	2
26:4	PRO.26.5	8
26:4	1PE.3.9	8
26:4	JUD.1.9	5
26:4	PRO.17.14	4
26:4	1KI.12.14	3
26:4	JDG.12.1-JDG.12.6	2
26:4	2SA.19.41-2SA.19.43	2
26:4	1KI.12.16	2
26:4	2KI.14.8-2KI.14.10	2
26:4	ISA.36.21	1
26:4	1PE.2.21-1PE.2.23	1
26:5	ROM.12.16	7
26:5	MAT.16.1-MAT.16.4	6
26:5	PRO.3.7	5
26:5	MAT.21.23-MAT.21.27	4
26:5	LUK.12.13-LUK.12.21	4
26:5	JHN.9.26-JHN.9.33	4
26:5	TIT.1.13	4
26:5	1KI.22.24-1KI.22.28	3
26:5	PRO.26.4	3
26:5	PRO.26.12	3
26:5	PRO.28.11	3
26:5	JHN.8.7	3
26:5	ROM.11.25	3
26:5	ISA.5.21	2
26:5	JER.36.17-JER.36.18	2
26:5	MAT.15.1-MAT.15.3	2
26:5	MAT.22.15-MAT.22.32	2
26:5	LUK.13.23-LUK.13.30	2
26:6	PRO.10.26	6
26:6	PRO.25.13	6
26:6	PRO.13.17	5
26:6	NUM.13.31	3
26:7	PRO.26.9	5
26:7	PSA.64.8	3
26:7	PRO.17.7	3
26:7	PSA.50.16-PSA.50.21	2
26:7	MAT.7.4-MAT.7.5	2
26:7	LUK.4.23	1
26:8	PRO.26.1	4
26:8	PRO.30.22	3
26:8	PRO.19.10	2
26:9	PRO.23.35	3
26:10	PRO.11.31	3
26:10	ROM.2.6	3
26:11	2PE.2.22	27
26:11	MAT.12.45	19
26:11	EXO.8.15	9
26:12	PRO.29.20	14
26:12	1CO.3.18-1CO.3.19	14
26:12	PRO.26.5	10
26:12	PRO.28.11	8
26:12	ROM.12.16	8
26:12	REV.3.17	7
26:12	MAT.21.31	6
26:12	LUK.18.11	6
26:12	PRO.3.7	5
26:12	PRO.22.29	4
26:12	PRO.26.16	4
26:12	LUK.7.44	4
26:12	2CO.8.1-2CO.8.2	3
26:13	PRO.22.13	7
26:13	PRO.19.15	5
26:13	PRO.15.19	4
26:14	HEB.6.12	4
26:14	PRO.6.9-PRO.6.10	2
26:14	PRO.12.24	2
26:14	PRO.12.27	2
26:14	PRO.24.33	2
26:15	PRO.19.24	6
26:16	PRO.26.12	5
26:16	1PE.3.15	5
26:16	PRO.12.15	4
26:17	PRO.20.3	10
26:17	2TI.2.23-2TI.2.24	9
26:17	PRO.18.6	6
26:17	LUK.12.14	5
26:17	PRO.17.11	3
26:18	PRO.25.18	5
26:18	ISA.50.11	4
26:18	PRO.7.23	3
26:18	GEN.49.23	2
26:19	EPH.5.4	6
26:19	PRO.10.23	5
26:19	PRO.14.9	3
26:19	PRO.15.21	3
26:19	2PE.2.13	2
26:20	PRO.16.28	9
26:20	PRO.22.10	8
26:20	JAS.3.6	8
26:20	PRO.26.22	4
26:21	PRO.15.18	5
26:21	PRO.29.22	5
26:21	2SA.20.1	3
26:21	1KI.12.2-1KI.12.3	2
26:21	1KI.12.20	2
26:21	PSA.120.4	2
26:21	PRO.10.12	2
26:21	PRO.30.33	2
26:22	PRO.18.8	6
26:22	PRO.20.19	3
26:22	EZK.22.9	2
26:23	LUK.22.47-LUK.22.48	7
26:23	LUK.11.39	5
26:23	PRO.10.18	4
26:23	PRO.25.4	3
26:23	EZK.33.31	3
26:23	MAT.23.27	3
26:23	2SA.20.9-2SA.20.10	2
26:24	PRO.12.20	8
26:24	PSA.41.6	6
26:24	PRO.10.18	6
26:24	PRO.12.5	4
26:24	PRO.12.17	4
26:24	PRO.14.8	4
26:24	PRO.11.1	3
26:25	PRO.6.16-PRO.6.19	28
26:25	PSA.28.3	12
26:25	JER.12.6	12
26:25	JER.9.2-JER.9.8	8
26:25	PSA.12.2	7
26:25	MAT.24.23	6
26:25	MIC.7.5	5
26:26	PSA.55.21-PSA.55.23	5
26:26	1SA.18.17	4
26:26	GEN.4.8	3
26:26	1SA.18.21	3
26:26	2SA.3.27-2SA.3.30	3
26:26	2SA.13.22-2SA.13.28	3
26:27	PRO.28.10	26
26:27	PSA.9.15	25
26:27	PSA.7.15-PSA.7.16	22
26:27	PSA.10.2	19
26:27	ECC.10.8	18
26:27	PSA.57.6	17
26:27	EST.7.10	11
26:28	JHN.8.44-JHN.8.49	6
26:28	LUK.20.20-LUK.20.21	5
26:28	PRO.6.24	4
26:28	PRO.7.5	4
26:28	PRO.7.21-PRO.7.23	4
26:28	PRO.29.5	4
26:28	JHN.10.32-JHN.10.33	4
26:28	JHN.8.40	3
26:28	JHN.15.22-JHN.15.24	3
27:1	JAS.4.13-JAS.4.16	33
27:1	LUK.12.19-LUK.12.20	18
27:1	2CO.6.2	11
27:1	1SA.28.19	4
27:1	ISA.56.12	4
27:1	PSA.95.7	2
27:2	2CO.10.18	21
27:2	PRO.25.27	15
27:2	2CO.10.12	12
27:2	2CO.12.11	10
27:3	DAN.3.19	6
27:3	1JN.3.12	4
27:3	GEN.49.7	3
27:3	1SA.22.18-1SA.22.19	3
27:3	PRO.17.12	3
27:3	GEN.34.25-GEN.34.26	2
27:3	EST.3.5-EST.3.6	2
27:4	PRO.6.34	7
27:4	PRO.14.30	6
27:4	JAS.3.14-JAS.3.16	5
27:4	JOB.5.2	4
27:4	MAT.27.18	3
27:4	ACT.7.9	3
27:4	1JN.3.12	3
27:4	GEN.26.14	2
27:4	GEN.37.11	2
27:4	SNG.8.6	2
27:4	ACT.17.5	2
27:4	JAS.1.19-JAS.1.21	2
27:4	JAS.4.5-JAS.4.6	2
27:4	ACT.5.17	1
27:4	ROM.1.29	1
27:5	PRO.28.23	23
27:5	1TI.5.20	18
27:5	GAL.2.14	15
27:5	MAT.18.15	12
27:5	LEV.19.17	4
27:6	PSA.141.5	24
27:6	REV.3.19	16
27:6	JOB.5.17-JOB.5.18	12
27:6	PRO.26.23-PRO.26.26	10
27:6	2SA.12.7-2SA.12.15	6
27:6	HEB.12.10	6
27:6	2SA.20.9-2SA.20.10	5
27:6	PRO.10.18	5
27:6	MAT.26.48-MAT.26.50	3
27:7	LUK.15.16-LUK.15.17	6
27:7	NUM.11.18-NUM.11.20	4
27:7	NUM.21.5	4
27:7	NUM.11.4-NUM.11.9	2
27:7	JOB.6.7	1
27:7	JHN.6.9	1
27:8	PRO.21.16	7
27:8	ISA.16.2	6
27:8	JON.1.3	6
27:8	JON.1.10-JON.1.17	6
27:8	1CO.7.20	6
27:8	GEN.16.6-GEN.16.8	5
27:8	1SA.22.5	4
27:8	1KI.19.9	4
27:8	GEN.4.16	3
27:8	NEH.6.11-NEH.6.13	3
27:8	JOB.39.14-JOB.39.16	3
27:8	PRO.26.2	3
27:8	JUD.1.13	2
27:8	1SA.27.1-1SA.27.12	1
27:9	PRO.16.23-PRO.16.24	9
27:9	PSA.23.5	7
27:9	PRO.16.21	7
27:9	PSA.104.15	4
27:9	PRO.15.23	4
27:9	SNG.4.10	3
27:9	2CO.2.15-2CO.2.16	3
27:9	PSA.45.7-PSA.45.8	2
27:9	PSA.133.2	2
27:9	SNG.3.6	2
27:9	JHN.12.3	2
27:9	JDG.9.9	1
27:9	SNG.1.3	1
27:9	EXO.18.17-EXO.18.24	0
27:9	1SA.23.16-1SA.23.17	0
27:9	EZR.10.2-EZR.10.4	0
27:9	PRO.7.17	0
27:9	ACT.28.15	0
27:10	PRO.18.24	9
27:10	PRO.17.17	6
27:10	1KI.12.6-1KI.12.8	5
27:10	LUK.10.30-LUK.10.37	5
27:10	PRO.19.7	4
27:10	OBA.1.12-OBA.1.14	4
27:10	2SA.19.24	3
27:10	JOB.6.21-JOB.6.23	3
27:10	2SA.21.7	2
27:10	2CH.10.6-2CH.10.8	2
27:10	2SA.19.28	1
27:10	2CH.24.22	1
27:10	ISA.41.8-ISA.41.10	1
27:10	JER.2.5	1
27:10	ACT.23.12	1
27:10	ACT.23.23-ACT.23.35	1
27:11	PRO.10.1	9
27:11	PSA.119.42	7
27:11	PRO.23.15-PRO.23.16	5
27:11	PRO.23.24-PRO.23.25	4
27:11	2JN.1.4	4
27:11	PRO.15.20	3
27:11	PRO.29.3	3
27:11	ECC.2.18-ECC.2.21	3
27:11	PSA.127.4-PSA.127.5	2
27:11	PHM.1.7	2
27:11	PHM.1.19-PHM.1.20	2
27:12	PRO.22.3	7
27:12	PRO.18.10	5
27:12	HEB.11.7	4
27:12	2PE.3.10-2PE.3.14	3
27:12	EXO.9.20-EXO.9.21	2
27:12	2PE.3.7	2
27:12	PSA.57.1-PSA.57.3	1
27:12	ISA.26.20-ISA.26.21	1
27:12	MAT.3.7	1
27:12	HEB.6.18	1
27:13	PRO.20.16	8
27:13	PRO.6.1-PRO.6.4	5
27:13	PRO.22.26-PRO.22.27	4
27:13	EXO.22.26	3
27:14	2SA.16.16-2SA.16.19	5
27:14	ACT.12.22-ACT.12.23	4
27:14	JER.28.2-JER.28.4	2
27:14	2SA.15.2-2SA.15.7	1
27:14	2SA.17.7-2SA.17.13	1
27:14	1KI.22.6	1
27:14	1KI.22.13	1
27:15	PRO.19.13	10
27:15	PRO.21.9	10
27:15	PRO.21.19	9
27:15	PRO.25.24	8
27:15	JOB.14.19	1
27:16	JHN.12.3	4
27:17	HEB.10.24	154
27:17	PRO.27.9	100
27:17	JOB.4.3-JOB.4.4	60
27:17	1SA.23.16	59
27:17	ISA.35.3-ISA.35.4	44
27:17	2TI.2.3	42
27:17	1PE.4.12-1PE.4.13	23
27:17	2SA.10.11-2SA.10.12	17
27:17	JAS.1.2	16
27:17	2TI.1.8	12
27:17	2TI.2.9-2TI.2.13	12
27:17	1TH.3.3	9
27:17	2TI.1.12	7
27:17	1SA.11.9-1SA.11.10	6
27:17	JOS.1.18	2
27:17	1SA.13.20-1SA.13.21	2
27:17	JOS.2.24	0
27:18	1CO.9.7	9
27:18	2TI.2.6	9
27:18	SNG.8.12	7
27:18	LUK.12.37	5
27:18	JHN.12.26	5
27:18	MAT.24.46	4
27:18	LUK.12.43-LUK.12.44	4
27:18	LUK.19.17	4
27:18	1CO.3.8	4
27:18	GEN.39.22-GEN.39.23	3
27:18	PRO.22.29	3
27:18	MAT.25.21-MAT.25.22	3
27:18	1CO.9.13	3
27:18	1PE.2.18	3
27:18	1PE.2.21	3
27:18	GEN.24.2-GEN.24.3	2
27:18	GEN.39.2-GEN.39.5	2
27:18	EXO.24.13	2
27:18	1SA.2.30	2
27:18	PSA.123.2	2
27:18	PRO.17.2	2
27:18	MAT.24.25	2
27:18	MRK.10.43	2
27:18	ACT.10.7	2
27:18	COL.3.22	2
27:18	2KI.3.11	1
27:18	2KI.5.2-2KI.5.3	1
27:18	2KI.5.25	1
27:18	2KI.5.27	1
27:19	JAS.1.22-JAS.1.25	16
27:19	PSA.33.15	13
27:19	MRK.7.21	10
27:19	GEN.6.5	8
27:20	ECC.1.8	24
27:20	1JN.2.16	17
27:20	PRO.30.15-PRO.30.16	15
27:20	ECC.6.7	13
27:20	HAB.2.5	10
27:20	ECC.2.10-ECC.2.11	8
27:20	ECC.4.8	8
27:20	ECC.5.10-ECC.5.11	7
27:20	JER.22.17	6
27:20	PRO.15.11	5
27:20	PRO.23.5	5
27:20	JOB.26.6	4
27:21	PRO.17.3	9
27:21	ZEC.13.9	5
27:21	PSA.66.10	4
27:21	MAL.3.3	3
27:21	1PE.1.7	3
27:21	1SA.18.7-1SA.18.8	2
27:21	1SA.18.15-1SA.18.16	2
27:21	1SA.18.30	2
27:21	2SA.14.25	2
27:21	2SA.15.6-2SA.15.12	2
27:21	PSA.12.6	2
27:21	1PE.4.12	2
27:22	PRO.23.35	8
27:22	JER.5.3	8
27:22	ISA.1.5	6
27:22	REV.16.10-REV.16.11	5
27:22	EXO.12.30	4
27:22	EXO.14.5	4
27:22	JER.44.15-JER.44.16	4
27:22	EXO.15.9	3
27:22	2CH.28.22-2CH.28.23	3
27:23	1PE.5.2	16
27:23	JHN.21.15-JHN.21.17	9
27:23	GEN.33.13	8
27:23	2CH.26.10	7
27:23	PRO.24.32	5
27:23	EZK.34.31	5
27:23	EZK.34.22-EZK.34.24	4
27:23	JHN.10.3	4
27:23	DEU.32.46	3
27:23	1CH.27.29-1CH.27.31	3
27:23	GEN.31.38-GEN.31.40	2
27:23	1SA.17.28	1
27:23	EXO.7.23	0
27:24	PRO.23.5	5
27:24	1TI.6.17-1TI.6.18	4
27:24	ZEP.1.18	3
27:24	2SA.7.16	2
27:24	PSA.89.36	2
27:24	ISA.9.7	2
27:24	JAS.1.10	2
27:25	PRO.10.5	4
27:25	PSA.104.14	3
27:26	JOB.31.20	1
27:27	MAT.6.33	6
27:27	PRO.30.8-PRO.30.9	3
28:1	DEU.28.7	152
28:1	PSA.53.5	92
28:1	ISA.26.3-ISA.26.4	79
28:1	PSA.27.1-PSA.27.2	74
28:1	PSA.112.7	59
28:1	1TH.2.2	44
28:1	ACT.4.13	39
28:1	DAN.6.10-DAN.6.11	38
28:1	ACT.14.3	32
28:1	JER.20.4	30
28:1	LEV.26.36	28
28:1	DAN.3.16-DAN.3.18	26
28:1	PSA.46.2-PSA.46.3	25
28:1	2KI.7.6-2KI.7.7	20
28:1	DEU.28.25	19
28:1	2KI.7.15	14
28:1	ISA.7.2	13
28:1	EXO.11.8	9
28:1	LEV.26.17	8
28:2	GEN.45.5-GEN.45.8	5
28:2	1KI.16.8-1KI.16.29	5
28:2	JOB.22.28-JOB.22.30	5
28:2	1KI.15.28	4
28:2	2KI.15.8-2KI.15.31	4
28:2	1KI.15.25	3
28:2	2CH.32.20-2CH.32.26	3
28:2	2CH.36.1-2CH.36.12	3
28:2	ISA.3.1-ISA.3.7	3
28:2	ISA.58.12	3
28:2	DAN.4.27	3
28:2	HOS.13.11	3
28:2	ECC.9.15	2
28:3	MAT.18.28-MAT.18.30	7
28:4	ROM.1.32	17
28:4	EPH.5.11	12
28:4	MAT.14.4	10
28:4	MAT.3.7	9
28:4	1KI.18.18	5
28:4	PSA.10.3	5
28:4	PSA.49.18	5
28:4	1JN.4.5	5
28:4	1KI.18.21	4
28:4	2KI.3.13-2KI.3.14	4
28:4	NEH.5.7-NEH.5.13	4
28:4	NEH.13.17-NEH.13.20	4
28:4	ACT.15.2	4
28:4	JUD.1.3	4
28:4	1SA.15.14-1SA.15.24	3
28:4	1SA.22.14-1SA.22.15	3
28:4	1SA.23.19-1SA.23.21	3
28:4	1KI.20.41-1KI.20.42	3
28:4	1KI.21.19-1KI.21.20	3
28:4	1KI.22.19-1KI.22.28	3
28:4	NEH.13.8-NEH.13.11	3
28:4	NEH.13.15	3
28:4	NEH.13.23-NEH.13.26	3
28:4	NEH.13.28	3
28:4	JER.5.30	3
28:4	MAT.3.15	3
28:4	ACT.12.22	3
28:4	ACT.19.9	3
28:4	ACT.24.2-ACT.24.4	3
28:4	GAL.2.3-GAL.2.6	3
28:4	1TH.2.2	3
28:5	JAS.1.5	15
28:5	PSA.92.6	12
28:5	1JN.2.27	11
28:5	1JN.2.20	10
28:5	JHN.7.17	9
28:5	JER.4.22	6
28:5	MRK.4.10-MRK.4.13	6
28:5	PSA.25.14	5
28:5	PSA.119.100	5
28:5	PRO.15.24	5
28:5	PRO.24.7	5
28:5	1CO.2.14-1CO.2.15	5
28:6	PRO.19.1	10
28:6	PRO.28.18	9
28:6	LUK.16.19-LUK.16.23	9
28:6	PRO.19.22	6
28:6	PRO.16.8	4
28:6	ACT.24.24-ACT.24.27	3
28:7	PRO.29.3	5
28:7	PRO.29.15	4
28:7	1PE.4.3-1PE.4.4	4
28:7	PRO.2.1-PRO.2.6	3
28:7	PRO.3.1-PRO.3.35	3
28:7	PRO.19.26	3
28:7	PRO.23.19-PRO.23.22	3
28:7	PRO.28.24	3
28:7	LUK.15.13	3
28:7	LUK.15.30	2
28:8	JOB.27.16-JOB.27.17	11
28:8	PRO.13.22	10
28:8	ECC.2.26	8
28:8	EXO.22.25	6
28:8	LEV.25.36	6
28:8	EZK.18.17	5
28:8	PRO.14.31	4
28:8	EZK.18.8	4
28:8	EZK.18.13	4
28:8	PRO.19.7	3
28:8	2SA.12.6	2
28:9	PSA.66.18	29
28:9	2TI.4.3-2TI.4.4	24
28:9	ZEC.7.11-ZEC.7.13	23
28:9	PRO.15.8	22
28:9	PSA.109.7	21
28:9	ISA.1.15-ISA.1.16	19
28:9	LUK.13.25-LUK.13.27	18
28:9	ISA.58.7-ISA.58.11	14
28:9	PRO.21.13	11
28:10	PRO.26.27	10
28:10	PSA.37.25-PSA.37.26	7
28:10	PSA.7.15-PSA.7.16	6
28:10	PSA.37.11	5
28:10	PRO.10.3	5
28:10	PRO.15.6	5
28:10	MAT.6.33	5
28:10	DEU.7.12-DEU.7.14	4
28:10	ROM.16.17-ROM.16.18	4
28:10	2CO.11.3-2CO.11.4	4
28:10	2CO.11.13-2CO.11.15	4
28:10	GAL.1.8-GAL.1.9	4
28:10	GAL.2.4	4
28:10	GAL.3.1-GAL.3.4	4
28:10	2PE.2.18-2PE.2.20	4
28:10	REV.2.14	4
28:10	NUM.31.15-NUM.31.16	3
28:10	1SA.26.19	3
28:10	PSA.9.15	3
28:10	PRO.21.20	3
28:10	ECC.10.8	3
28:10	ACT.13.8-ACT.13.10	3
28:11	PRO.18.17	8
28:11	ECC.9.15-ECC.9.17	7
28:11	PRO.19.1	5
28:11	PRO.26.16	5
28:11	LUK.16.13-LUK.16.14	5
28:11	ROM.12.16	5
28:11	1CO.3.18-1CO.3.19	5
28:11	PRO.23.4	4
28:11	EZK.28.3-EZK.28.5	4
28:11	JOB.32.9	3
28:11	PRO.18.11	3
28:11	PRO.26.5	3
28:11	ISA.10.13-ISA.10.14	3
28:11	ROM.11.25	3
28:11	ISA.5.21	2
28:11	1TI.6.17	2
28:12	PRO.29.2	11
28:12	PRO.11.10	8
28:12	PRO.28.28	7
28:12	EST.8.15-EST.8.17	6
28:12	JOB.29.11-JOB.29.20	5
28:12	HEB.11.37-HEB.11.38	4
28:12	1SA.24.11	3
28:12	1KI.17.3-1KI.17.24	3
28:12	1KI.18.13	3
28:12	1KI.19.3	3
28:12	1CH.15.25-1CH.15.28	3
28:12	1CH.16.7-1CH.16.36	3
28:12	1CH.29.20-1CH.29.22	3
28:12	2CH.7.10	3
28:12	2CH.30.22-2CH.30.27	3
28:12	ECC.10.5-ECC.10.6	3
28:12	ECC.10.16	3
28:12	JER.5.1	3
28:12	JER.36.26	3
28:12	LUK.19.37-LUK.19.38	3
28:13	1JN.1.8-1JN.1.10	57
28:13	PSA.32.3-PSA.32.5	49
28:13	JOB.31.33	30
28:13	LUK.15.18-LUK.15.24	27
28:13	JER.3.12-JER.3.13	19
28:13	PSA.51.1-PSA.51.5	17
28:13	DAN.9.20-DAN.9.23	15
28:13	EXO.10.16-EXO.10.17	14
28:13	PSA.51.10	14
28:13	JOB.33.27	12
28:13	MAT.23.25-MAT.23.28	10
28:13	ACT.26.20	9
28:13	GEN.3.12-GEN.3.13	8
28:13	1KI.8.47-1KI.8.49	8
28:13	GEN.4.9	7
28:13	LEV.26.40-LEV.26.42	7
28:13	JER.2.22-JER.2.23	7
28:13	MAT.3.6-MAT.3.10	7
28:13	1SA.15.24	6
28:13	1SA.15.30	6
28:13	PRO.17.9	6
28:13	MAT.27.4-MAT.27.5	6
28:13	1SA.15.13	5
28:13	PRO.10.12	5
28:14	PRO.23.17	15
28:14	PSA.2.11	14
28:14	ISA.66.2	11
28:14	JER.32.40	8
28:14	ROM.11.20	8
28:14	PSA.112.1	7
28:14	1PE.1.17	7
28:14	PSA.95.8	6
28:14	PRO.29.1	6
28:14	HEB.4.1	6
28:14	JOB.9.4	5
28:14	ROM.2.4	5
28:14	EXO.7.22	4
28:14	PSA.16.8	4
28:14	EXO.14.23	2
28:15	1PE.5.8	7
28:15	MAT.2.16	5
28:15	EXO.1.22	4
28:15	PRO.19.12	4
28:15	PRO.20.2	4
28:15	EXO.1.14-EXO.1.16	3
28:15	1SA.22.17-1SA.22.19	3
28:15	2KI.21.16	3
28:15	2KI.2.24	2
28:15	2KI.15.16	2
28:15	EST.3.6-EST.3.10	2
28:15	PRO.17.12	2
28:15	HOS.5.11	2
28:15	HOS.13.8	2
28:16	EXO.18.21	4
28:16	1KI.12.10	3
28:16	1KI.12.14	3
28:16	NEH.5.15	3
28:16	ECC.4.1	3
28:16	ISA.3.12	3
28:16	ISA.33.15-ISA.33.16	3
28:16	JER.22.15-JER.22.17	3
28:16	AMO.4.1	2
28:17	GEN.9.6	9
28:17	EXO.21.14	4
28:17	1KI.21.19	4
28:17	NUM.35.14-NUM.35.34	3
28:17	1KI.21.23	3
28:17	2KI.9.26	3
28:17	2CH.24.21-2CH.24.25	3
28:17	MAT.27.4-MAT.27.5	3
28:17	ACT.28.4	3
28:18	PRO.10.9	11
28:18	PRO.28.6	10
28:18	PSA.84.11	6
28:18	PRO.11.3-PRO.11.6	6
28:18	REV.3.3	6
28:18	NUM.22.32	5
28:18	PSA.25.21	4
28:18	PSA.26.11	4
28:18	PSA.73.18-PSA.73.20	4
28:18	PSA.125.5	4
28:18	PRO.10.25	4
28:18	1TH.5.3	4
28:18	2PE.2.1-2PE.2.3	4
28:18	GAL.2.14	3
28:19	PRO.12.11	10
28:19	JDG.9.4	4
28:19	PRO.13.20	4
28:19	PRO.27.23-PRO.27.27	4
28:19	PRO.14.4	3
28:19	PRO.23.20-PRO.23.21	3
28:19	LUK.15.12-LUK.15.17	3
28:20	LUK.16.10-LUK.16.12	13
28:20	PRO.13.11	11
28:20	NEH.7.2	7
28:20	PSA.101.6	7
28:20	PSA.112.4-PSA.112.9	7
28:20	PRO.10.6	7
28:20	REV.2.10	7
28:20	1SA.22.14	6
28:20	PRO.20.6	6
28:20	PRO.20.21	6
28:20	PRO.28.22	6
28:20	LUK.12.42	6
28:20	1CO.4.2-1CO.4.5	6
28:20	2KI.5.20-2KI.5.27	5
28:20	LUK.16.1	5
28:20	PRO.17.5	4
28:20	PRO.23.4	4
28:20	1TI.6.9-1TI.6.10	4
28:20	REV.2.13	4
28:21	PRO.18.5	7
28:21	PRO.24.23	7
28:21	EZK.13.19	7
28:21	EXO.23.2	4
28:21	EXO.23.8	4
28:21	MIC.3.5	4
28:21	MIC.7.3	4
28:21	HOS.4.18	3
28:21	ROM.16.18	3
28:21	2PE.2.3	3
28:22	PRO.23.6	7
28:22	1TI.6.9	7
28:22	PRO.28.20	5
28:22	JOB.27.16-JOB.27.17	4
28:22	MAT.20.15	4
28:22	GEN.13.10-GEN.13.13	3
28:22	GEN.19.17	3
28:22	JOB.20.18-JOB.20.22	3
28:22	MRK.7.22	3
28:23	PRO.27.5-PRO.27.6	10
28:23	MAT.18.15	9
28:23	PSA.141.5	7
28:23	2SA.12.7	2
28:23	1KI.1.23	2
28:23	1KI.1.32-1KI.1.40	2
28:23	PRO.29.5	2
28:23	GAL.2.11	2
28:23	2PE.3.15-2PE.3.16	2
28:24	PRO.18.9	7
28:24	PRO.19.26	7
28:24	MAT.15.4-MAT.15.6	7
28:24	JDG.17.2	5
28:24	PRO.28.7	5
28:24	PRO.13.20	2
28:25	PRO.11.25	11
28:25	1TI.6.6	9
28:25	PRO.10.12	8
28:25	PRO.13.4	8
28:25	PRO.13.10	8
28:25	PRO.29.25	8
28:25	PSA.84.12	7
28:25	PRO.15.18	7
28:25	PRO.21.24	7
28:25	PRO.22.10	7
28:25	PRO.29.22	7
28:25	JER.17.7-JER.17.8	7
28:25	ISA.58.11	6
28:25	PRO.15.30	5
28:26	PRO.3.5	32
28:26	JER.17.9	23
28:26	JOB.28.28	22
28:26	ROM.8.7	14
28:26	JAS.1.5	12
28:26	MRK.7.21-MRK.7.23	11
28:26	2TI.3.15	11
28:26	JAS.3.13-JAS.3.18	11
28:26	2KI.8.13	7
28:26	MRK.14.27-MRK.14.31	5
28:27	PRO.19.17	14
28:27	DEU.15.7	9
28:27	PSA.41.1-PSA.41.3	9
28:27	PRO.11.24	9
28:27	DEU.15.10	7
28:27	PSA.112.5-PSA.112.9	7
28:27	2CO.9.6-2CO.9.11	7
28:27	PRO.22.9	6
28:27	PRO.11.26	5
28:27	HEB.13.16	5
28:27	ISA.1.15	4
28:27	PRO.24.24	3
28:28	PRO.29.2	10
28:28	JOB.24.4	9
28:28	PRO.28.12	9
28:28	ACT.12.23-ACT.12.24	9
28:28	EST.8.17	3
29:1	PRO.6.15	20
29:1	PRO.1.24-PRO.1.31	15
29:1	1SA.2.25	14
29:1	ZEC.7.11-ZEC.7.14	14
29:1	PRO.28.18	13
29:1	JHN.6.70-JHN.6.71	9
29:1	JHN.13.18	9
29:1	JHN.13.26	9
29:1	NEH.9.29	8
29:1	JER.35.13-JER.35.16	8
29:1	2CH.33.10	7
29:1	2CH.36.13	7
29:1	2CH.36.15-2CH.36.17	7
29:1	ACT.1.25	7
29:1	1TH.5.3	7
29:1	1KI.22.28	6
29:1	ACT.1.18	6
29:1	1SA.2.34	5
29:1	1KI.17.1	5
29:1	1KI.18.18	5
29:1	1KI.21.20-1KI.21.23	5
29:1	1KI.22.20-1KI.22.23	5
29:1	ISA.48.4	5
29:1	JER.17.23	5
29:1	1KI.20.42	4
29:1	1KI.22.34-1KI.22.37	4
29:1	2CH.25.16	4
29:1	ISA.30.13-ISA.30.14	4
29:1	JER.25.3-JER.25.5	4
29:1	ZEC.1.3-ZEC.1.6	4
29:1	MAT.26.21-MAT.26.25	4
29:1	JHN.13.10-JHN.13.11	4
29:1	JER.26.3-JER.26.5	3
29:2	PRO.28.12	25
29:2	PRO.11.10	21
29:2	PRO.28.28	15
29:2	EST.8.15	12
29:2	ECC.10.5	10
29:2	EST.3.15	6
29:2	REV.11.15	6
29:2	PSA.72.1-PSA.72.7	4
29:2	ISA.32.1-ISA.32.2	4
29:2	JER.23.5-JER.23.6	4
29:2	MAT.2.16	3
29:2	MAT.2.3	1
29:3	PRO.27.11	7
29:3	PRO.10.1	6
29:3	PRO.15.20	6
29:3	LUK.15.30	6
29:3	PRO.28.7	5
29:3	LUK.15.13	5
29:3	PRO.6.26	4
29:3	PRO.5.8-PRO.5.10	3
29:3	PRO.21.17	3
29:3	PRO.21.20	2
29:3	PRO.23.15	2
29:3	PRO.23.24-PRO.23.25	2
29:3	PRO.28.19	2
29:3	LUK.1.13-LUK.1.17	2
29:4	PRO.29.14	6
29:4	PRO.20.8	3
29:4	DAN.11.20	3
29:4	MIC.7.3	3
29:4	1SA.13.13	2
29:4	2SA.8.15	2
29:4	1KI.2.12	2
29:4	2KI.15.18-2KI.15.20	2
29:4	2CH.9.8	2
29:4	PSA.89.14	2
29:4	PSA.99.4	2
29:4	PRO.8.15	2
29:4	PRO.16.12	2
29:4	ISA.9.7	2
29:4	ISA.49.8	2
29:4	JER.22.13-JER.22.17	2
29:5	JOB.17.5	5
29:5	PSA.5.9	5
29:5	PSA.12.2	5
29:5	PRO.26.24-PRO.26.25	5
29:5	HOS.5.1	5
29:5	2SA.14.17-2SA.14.24	4
29:5	PRO.1.17	4
29:5	PRO.7.5	4
29:5	PRO.7.21	4
29:5	PRO.20.19	4
29:5	PRO.26.28	4
29:5	LAM.1.13	4
29:5	LUK.20.20-LUK.20.21	4
29:5	ROM.16.18	4
29:5	1TH.2.5	4
29:6	EXO.15.1	5
29:6	ECC.9.12	5
29:6	2TI.2.26	4
29:6	JOB.18.7-JOB.18.10	3
29:6	PSA.11.6	3
29:6	PSA.97.11	3
29:6	PSA.118.15	3
29:6	PSA.132.16	3
29:6	ROM.5.2-ROM.5.3	3
29:6	1PE.1.8	3
29:6	PRO.5.22	2
29:6	PRO.12.13	2
29:6	ISA.8.14-ISA.8.15	2
29:6	JAS.1.2	2
29:6	PRO.11.5-PRO.11.6	1
29:6	1JN.1.4	1
29:7	JOB.29.16	12
29:7	PSA.41.1	9
29:7	PRO.21.13	8
29:7	PRO.31.8-PRO.31.9	6
29:7	GAL.6.1	4
29:7	1SA.25.9-1SA.25.11	3
29:7	JOB.31.13	3
29:7	JOB.31.21	3
29:7	JER.5.28	3
29:7	JER.22.15-JER.22.17	3
29:7	EZK.22.29-EZK.22.31	3
29:7	PSA.31.7	2
29:7	EZK.22.7	2
29:7	MIC.3.1-MIC.3.4	1
29:8	PRO.11.11	6
29:8	JER.15.1	4
29:8	PRO.16.14	3
29:8	JAS.3.5-JAS.3.6	3
29:8	JAS.5.15-JAS.5.18	3
29:8	EXO.32.10-EXO.32.14	2
29:8	NUM.16.48	2
29:8	NUM.25.11	2
29:8	DEU.9.18-DEU.9.20	2
29:8	2SA.24.16-2SA.24.17	2
29:8	ISA.28.14-ISA.28.22	2
29:8	EZK.22.30	2
29:8	AMO.7.2-AMO.7.6	2
29:8	MAT.27.39-MAT.27.43	2
29:8	JHN.9.40-JHN.9.41	2
29:8	JHN.11.47-JHN.11.50	2
29:8	1TH.2.15-1TH.2.16	2
29:9	PRO.26.4	8
29:9	ECC.10.13	7
29:9	MAT.7.6	3
29:9	MAT.11.17-MAT.11.19	1
29:10	JHN.15.18-JHN.15.19	5
29:10	1JN.3.12-1JN.3.13	5
29:10	GEN.4.5-GEN.4.8	4
29:10	1SA.20.31-1SA.20.33	3
29:10	1SA.22.11-1SA.22.23	3
29:10	1SA.15.11	2
29:10	1KI.21.20	2
29:10	1KI.22.8	2
29:10	2CH.18.7	2
29:10	JER.13.15-JER.13.17	2
29:10	JER.40.14-JER.40.16	2
29:10	MRK.6.18-MRK.6.19	2
29:10	MRK.6.24-MRK.6.27	2
29:10	LUK.23.34	2
29:10	JHN.5.34	2
29:10	ACT.7.60	2
29:10	ROM.10.1	2
29:10	JER.18.20	1
29:11	PRO.19.11	22
29:11	PRO.12.16	14
29:11	MIC.7.5	11
29:11	AMO.5.13	9
29:11	PRO.12.23	8
29:11	JDG.16.17	7
29:11	PRO.14.33	7
29:12	PRO.20.8	5
29:12	1SA.22.8-1SA.22.23	3
29:12	2KI.10.6-2KI.10.7	3
29:12	PSA.52.2-PSA.52.4	3
29:12	PSA.101.5-PSA.101.7	3
29:12	1SA.23.19-1SA.23.23	2
29:12	2SA.3.7-2SA.3.11	2
29:12	2SA.4.5-2SA.4.12	2
29:12	1KI.21.11-1KI.21.13	2
29:12	PRO.25.23	1
29:13	MAT.5.45	9
29:13	PRO.22.2	7
29:13	PSA.13.3	4
29:13	EPH.2.1	3
29:13	EXO.22.25-EXO.22.26	2
29:13	LEV.25.35-LEV.25.37	2
29:13	NEH.5.5-NEH.5.7	2
29:13	MAT.9.9	1
29:13	1CO.6.10	1
29:14	PRO.16.12	6
29:14	ISA.11.4	5
29:14	PSA.72.2-PSA.72.4	4
29:14	PRO.20.28	4
29:14	PRO.29.4	4
29:14	PSA.72.12-PSA.72.14	3
29:14	PSA.89.2	3
29:14	PRO.25.5	3
29:14	PRO.28.16	3
29:14	ISA.9.6-ISA.9.7	3
29:14	HEB.1.8-HEB.1.9	3
29:14	JOB.29.11-JOB.29.18	2
29:14	PSA.82.2-PSA.82.3	2
29:14	ISA.1.17	2
29:14	JER.5.28	2
29:14	JER.22.16	2
29:14	DAN.4.27	2
29:14	LUK.1.32-LUK.1.33	1
29:15	PRO.10.1	14
29:15	PRO.17.25	12
29:15	PRO.29.17	11
29:15	PRO.13.24	10
29:15	PRO.22.15	10
29:15	PRO.22.6	9
29:15	PRO.17.21	8
29:15	PRO.23.13-PRO.23.14	7
29:15	HEB.12.10-HEB.12.11	6
29:15	PRO.10.5	5
29:15	1KI.1.6	1
29:15	PRO.29.21	0
29:16	PSA.37.34	8
29:16	PSA.37.36	8
29:16	PSA.58.10	8
29:16	PSA.91.8	8
29:16	PSA.92.11	8
29:16	PRO.29.2	4
29:16	PSA.112.8	3
29:16	REV.15.4	3
29:16	REV.18.20	3
29:16	PSA.92.9	2
29:17	PRO.10.1	7
29:17	PRO.29.15	7
29:17	PRO.13.24	6
29:17	PRO.23.13-PRO.23.14	6
29:17	PRO.19.18	5
29:17	PRO.22.15	5
29:18	JAS.1.25	36
29:18	LUK.11.28	35
29:18	HOS.4.6	28
29:18	JHN.13.17	26
29:18	PSA.1.1-PSA.1.2	22
29:18	PRO.19.16	16
29:18	PSA.119.2	15
29:18	1SA.3.1	12
29:18	AMO.8.11-AMO.8.12	11
29:18	MAT.9.36	11
29:18	EXO.32.25	9
29:18	PSA.74.9	8
29:18	PSA.19.11	7
29:18	ROM.10.13-ROM.10.15	6
29:18	REV.22.14	5
29:18	2CH.28.19	3
29:18	JHN.14.21-JHN.14.23	1
29:19	JOB.19.16	2
29:19	PRO.26.3	2
29:19	PRO.30.22	1
29:20	PRO.26.12	13
29:20	JAS.1.19	13
29:20	PRO.14.29	11
29:20	ECC.5.2	10
29:20	PRO.29.11	6
29:20	PRO.21.5	5
29:22	PRO.15.18	13
29:22	PRO.17.19	9
29:22	PRO.26.21	8
29:22	PRO.10.12	5
29:22	PRO.14.17	5
29:22	PRO.22.24	5
29:22	PRO.30.33	4
29:22	JAS.3.16	4
29:23	MAT.23.12	201
29:23	LUK.14.11	158
29:23	PRO.11.2	140
29:23	ISA.66.2	136
29:23	JAS.4.6-JAS.4.10	124
29:23	1PE.5.5	109
29:23	PRO.15.33	103
29:23	PRO.16.18	94
29:23	LUK.18.14	86
29:23	ISA.2.11-ISA.2.12	78
29:23	PRO.18.12	77
29:23	MAT.18.4	66
29:23	ISA.57.15	64
29:23	DEU.8.16	58
29:23	DEU.8.2-DEU.8.3	57
29:23	JOB.40.12	56
29:23	MAT.5.3	55
29:23	2CH.32.25-2CH.32.26	54
29:23	DAN.5.20-DAN.5.21	54
29:23	JOB.22.29	51
29:23	DAN.4.30-DAN.4.37	49
29:23	2CH.33.23-2CH.33.24	48
29:23	ACT.12.23	48
29:23	2CH.33.10-2CH.33.12	46
29:24	LEV.5.1	7
29:24	PRO.1.11-PRO.1.19	5
29:24	PRO.8.36	5
29:24	PSA.50.18-PSA.50.22	4
29:24	ISA.1.23	4
29:24	PRO.15.32	3
29:24	JDG.17.2	2
29:24	PRO.6.32	2
29:24	MRK.11.17	2
29:24	PRO.20.2	1
29:25	PSA.118.8	63
29:25	LUK.12.4	54
29:25	PRO.18.10	50
29:25	PSA.91.14	39
29:25	PRO.16.20	33
29:25	JHN.12.42-JHN.12.43	28
29:25	PRO.30.5	24
29:25	PSA.125.1	19
29:25	2TI.4.16-2TI.4.17	18
29:25	1PE.1.21	17
29:25	MAT.10.28	16
29:25	1CH.5.20	13
29:25	MAT.26.69-MAT.26.74	13
29:25	JHN.9.22	13
29:25	GEN.20.11	12
29:25	ISA.57.11	11
29:25	JHN.3.2	11
29:25	GEN.20.2	9
29:25	GAL.2.11-GAL.2.13	9
29:25	GEN.26.7	8
29:25	1SA.15.24	8
29:25	PRO.28.25	8
29:25	DAN.6.23	8
29:25	JHN.19.12-JHN.19.13	8
29:25	ECC.7.18	7
29:25	GEN.12.11-GEN.12.13	6
29:25	EXO.32.22-EXO.32.24	6
29:25	1SA.27.1	6
29:25	1SA.27.11	6
29:25	1KI.19.3	6
29:25	PSA.69.29	6
29:25	MAT.15.12	6
29:25	DAN.3.28	5
29:26	PRO.19.6	13
29:26	PSA.20.9	9
29:26	PRO.19.21	9
29:26	PSA.62.12	7
29:26	ISA.46.9-ISA.46.11	7
29:26	GEN.43.14	6
29:26	EZR.7.27-EZR.7.28	6
29:26	NEH.1.11	6
29:26	EST.4.16	6
29:26	PRO.16.7	6
29:26	ISA.49.4	6
29:26	DAN.4.35	6
29:26	1CO.4.4	6
29:26	PRO.21.1	5
29:27	1JN.3.13	8
29:27	PSA.139.21	5
29:27	JHN.15.17-JHN.15.19	5
29:27	JHN.7.7	4
29:27	JHN.15.23	4
29:27	PRO.29.10	3
29:27	PRO.24.9	2
29:27	ZEC.11.8	2
29:27	PSA.119.115	1
30:1	PRO.31.1	3
30:1	2PE.1.19-2PE.1.21	2
30:2	PSA.73.22	4
30:2	1CO.3.18	4
30:2	PRO.5.12	3
30:2	JOB.42.3-JOB.42.6	2
30:2	PSA.49.10	2
30:2	PSA.92.6	2
30:2	ISA.6.5	2
30:2	JER.10.14	2
30:2	ROM.11.25	2
30:2	1CO.8.2	2
30:2	JAS.1.5	2
30:2	2PE.2.12-2PE.2.16	2
30:3	PRO.9.10	3
30:3	ROM.11.33	3
30:3	EPH.3.18-EPH.3.19	3
30:3	REV.3.7	3
30:3	JOB.11.7-JOB.11.9	2
30:3	ISA.6.3	2
30:3	ISA.6.10	2
30:3	ISA.30.11	2
30:3	ISA.57.15	2
30:3	AMO.7.14-AMO.7.15	2
30:3	MAT.11.27	2
30:3	MAT.16.17	2
30:3	JHN.17.3	2
30:3	REV.4.8	2
30:4	JHN.3.13	31
30:4	EPH.4.8-EPH.4.10	14
30:4	JOB.26.8	13
30:4	ISA.7.14	12
30:4	ISA.9.6	12
30:4	DEU.30.12	11
30:4	MAT.1.21-MAT.1.23	11
30:4	ISA.40.12-ISA.40.31	9
30:4	REV.19.12	9
30:4	EXO.34.5-EXO.34.7	8
30:4	JOB.38.4-JOB.38.41	8
30:4	DEU.28.58	7
30:4	PSA.2.7	7
30:4	PSA.104.2-PSA.104.35	7
30:4	ROM.10.6	7
30:4	EXO.3.13-EXO.3.15	6
30:4	PSA.68.18	6
30:4	ISA.53.8	6
30:4	EXO.6.3	5
30:4	JDG.13.18	5
30:4	PSA.22.27	4
30:4	PSA.24.2	4
30:4	JER.23.6	4
30:4	MAT.11.27	4
30:4	LUK.10.22	4
30:4	GEN.32.29	3
30:5	PSA.18.30	49
30:5	PSA.12.6	34
30:5	JAS.3.17	33
30:5	PSA.3.3	29
30:5	PSA.84.11	29
30:5	PSA.119.140	21
30:5	GEN.15.1	20
30:5	PSA.91.2	20
30:5	ROM.7.12	16
30:5	PSA.19.8	15
30:5	PSA.144.2	15
30:5	PSA.115.9-PSA.115.11	14
30:6	DEU.12.32	25
30:6	DEU.4.2	21
30:6	REV.22.18-REV.22.19	18
30:6	JOB.13.7-JOB.13.9	12
30:6	1CO.15.15	4
30:7	PSA.27.4	7
30:7	LUK.10.42	7
30:7	2KI.2.9	6
30:7	1KI.3.5-1KI.3.9	5
30:7	PSA.21.2	5
30:8	1TI.6.6-1TI.6.8	31
30:8	PSA.62.9-PSA.62.10	20
30:8	PSA.119.37	19
30:8	MAT.6.33	18
30:8	LUK.11.3	16
30:8	PSA.119.29	15
30:8	JOB.23.12	13
30:8	PRO.21.6	12
30:8	MAT.6.11	11
30:8	EXO.16.35	7
30:8	2KI.25.30	7
30:8	PRO.22.8	7
30:8	EXO.16.15	6
30:8	ECC.1.2	6
30:8	ACT.14.15	6
30:8	ISA.5.18	5
30:8	JER.37.21	5
30:8	GEN.48.15-GEN.48.16	4
30:8	EXO.16.18	4
30:8	EXO.16.21-EXO.16.22	4
30:8	JER.52.34	4
30:8	GEN.28.20	3
30:8	EXO.16.29	3
30:8	PRO.23.5	3
30:8	ISA.59.4	3
30:8	JHN.2.8	3
30:9	HOS.13.6	17
30:9	DEU.31.20	15
30:9	EZK.16.49-EZK.16.50	12
30:9	DEU.8.10-DEU.8.14	11
30:9	DEU.32.15	8
30:9	NEH.9.25-NEH.9.26	8
30:9	JOB.31.24-JOB.31.28	8
30:9	DEU.6.10-DEU.6.12	7
30:9	EXO.20.7	6
30:9	JER.2.31	6
30:9	JOS.24.27	5
30:9	EZK.16.14-EZK.16.15	5
30:9	MAT.26.72	5
30:9	MAT.26.74	5
30:9	ACT.12.22-ACT.12.23	5
30:9	EXO.5.2	4
30:9	LEV.5.1	4
30:9	PRO.6.30-PRO.6.31	4
30:9	PRO.29.24	4
30:9	2CH.32.15-2CH.32.17	3
30:9	PSA.125.3	3
30:9	DAN.4.17	3
30:9	DAN.4.30	3
30:10	ECC.7.21	7
30:10	ROM.14.4	6
30:10	2SA.19.26-2SA.19.27	4
30:10	2CH.24.22-2CH.24.24	4
30:10	PRO.24.23-PRO.24.24	4
30:10	DAN.3.8-DAN.3.18	4
30:10	DAN.6.13	4
30:10	DAN.6.24	4
30:10	DEU.23.15	3
30:10	1SA.22.9-1SA.22.10	3
30:10	1SA.24.9	3
30:10	1SA.26.19	3
30:10	1SA.30.15	3
30:10	2SA.16.1-2SA.16.4	3
30:10	PRO.11.26	3
30:10	DEU.15.9	2
30:10	PRO.28.27	2
30:11	PRO.20.20	8
30:11	DEU.27.16	6
30:11	PRO.30.17	6
30:11	EXO.21.17	5
30:11	PRO.30.12-PRO.30.14	5
30:11	LEV.20.9	4
30:11	DEU.21.20-DEU.21.21	3
30:11	MAT.15.4-MAT.15.6	2
30:11	MRK.7.10-MRK.7.13	2
30:11	1TI.5.4	2
30:11	1TI.5.8	2
30:11	MAT.3.7	1
30:11	1PE.2.9	1
30:12	LUK.18.11	15
30:12	PRO.16.2	11
30:12	2TI.3.5	10
30:12	JER.2.35	9
30:12	TIT.3.5	6
30:12	PRO.21.2	5
30:12	1JN.1.7-1JN.1.10	5
30:12	ISA.65.5	4
30:12	EZK.36.25	4
30:12	LUK.16.15	4
30:12	PSA.36.2	3
30:12	PSA.51.2	3
30:12	PSA.51.7	3
30:12	ISA.1.16	3
30:12	JER.4.14	3
30:12	ZEC.13.1	3
30:12	LUK.11.39-LUK.11.40	3
30:12	1CO.6.11	3
30:12	TIT.1.15-TIT.1.16	3
30:12	JDG.17.5	2
30:12	JDG.17.13	2
30:12	1SA.15.13-1SA.15.14	2
30:12	JOB.33.9	2
30:12	JER.2.22-JER.2.24	2
30:12	REV.1.5	2
30:13	PRO.6.17	6
30:13	ISA.2.11	4
30:13	PSA.101.5	3
30:13	PSA.131.1	3
30:13	PRO.21.4	2
30:13	ISA.3.16	2
30:13	EZK.28.2-EZK.28.5	2
30:13	EZK.28.9	2
30:13	DAN.11.36-DAN.11.37	2
30:13	HAB.2.4	2
30:13	2TH.2.3-2TH.2.4	0
30:14	PSA.57.4	12
30:14	PSA.3.7	11
30:14	PSA.14.4	7
30:14	JOB.29.17	6
30:14	PSA.12.5	4
30:14	PSA.58.6	4
30:14	ECC.4.1	4
30:14	AMO.8.4	4
30:14	REV.9.8	4
30:14	PSA.10.8-PSA.10.9	3
30:14	MIC.2.1-MIC.2.2	3
30:14	PSA.52.2	2
30:14	PRO.12.18	2
30:14	PRO.22.16	2
30:14	PRO.28.3	2
30:14	ISA.32.7	2
30:14	DAN.7.5-DAN.7.7	2
30:14	AMO.2.7	2
30:14	AMO.4.1	2
30:14	MIC.3.1-MIC.3.5	2
30:14	HAB.3.14	2
30:14	ZEP.3.3	2
30:14	MAT.23.13	2
30:14	JAS.5.1-JAS.5.4	2
30:15	PRO.30.21	6
30:15	PRO.6.16	5
30:15	PRO.30.29	5
30:15	ROM.16.18	5
30:15	ISA.56.11-ISA.56.12	3
30:15	AMO.1.11	3
30:15	JHN.8.39	3
30:15	JHN.8.44	3
30:15	2PE.2.3	3
30:15	2PE.2.13-2PE.2.15	3
30:15	JUD.1.11-JUD.1.12	3
30:15	PRO.30.24	2
30:15	HOS.4.18	2
30:15	AMO.1.3	2
30:15	AMO.1.6	2
30:15	AMO.1.13	2
30:15	AMO.2.1	2
30:15	AMO.2.4	2
30:15	MIC.7.3	2
30:15	MAT.23.32	2
30:15	ISA.57.3	1
30:15	EZK.16.44-EZK.16.46	1
30:15	AMO.1.9	1
30:16	PRO.27.20	9
30:16	HAB.2.5	6
30:16	GEN.30.1	4
30:17	DEU.21.18-DEU.21.21	8
30:17	PRO.23.22	8
30:17	PRO.30.11	8
30:17	LEV.20.9	6
30:17	2SA.18.14-2SA.18.17	6
30:17	GEN.9.21-GEN.9.27	5
30:17	PRO.20.20	5
30:17	DEU.28.26	3
30:17	1SA.17.44	3
30:17	2SA.21.10	3
30:17	2SA.18.9-2SA.18.10	2
30:18	JOB.42.3	3
30:18	PSA.139.6	2
30:19	JOB.39.27	0
30:19	ISA.40.31	0
30:20	PRO.5.6	4
30:20	PRO.7.13-PRO.7.23	4
30:20	NUM.5.11-NUM.5.30	3
30:22	PRO.19.10	5
30:22	ECC.10.7	3
30:22	1SA.25.3	2
30:22	1SA.25.10-1SA.25.11	2
30:22	1SA.25.25	2
30:22	1SA.25.36-1SA.25.38	2
30:22	1SA.30.16	2
30:22	ISA.3.4-ISA.3.5	2
30:22	PRO.28.3	1
30:23	PRO.21.19	6
30:23	PRO.27.15	5
30:23	PRO.21.9	4
30:23	PRO.29.21	4
30:23	PRO.19.13	3
30:24	JOB.12.7	5
30:25	PRO.6.6-PRO.6.8	14
30:26	PSA.104.18	7
30:26	LEV.11.5	5
30:27	EXO.10.4-EXO.10.6	4
30:27	PSA.105.34	4
30:27	JOL.1.6-JOL.1.7	4
30:27	JOL.2.7-JOL.2.11	4
30:27	JOL.2.25	4
30:27	EXO.10.13-EXO.10.15	3
30:27	JOL.1.4	3
30:27	REV.9.3-REV.9.11	3
30:30	NUM.23.24	3
30:30	JDG.14.18	3
30:31	DAN.3.15-DAN.3.18	3
30:31	PRO.16.14	2
30:31	PRO.20.2	2
30:32	JOB.21.5	5
30:32	JOB.40.4	3
30:32	PRO.26.12	3
30:32	MIC.7.16-MIC.7.17	3
30:32	ROM.3.19	3
30:32	PRO.17.28	2
30:32	ECC.8.3-ECC.8.4	2
30:33	PRO.17.14	5
30:33	PRO.28.25	5
30:33	PRO.29.22	5
30:33	PRO.15.18	2
30:33	PRO.16.28	2
30:33	PRO.26.21	2
31:1	PRO.6.20	7
31:1	PRO.1.8	6
31:1	2TI.1.5	6
31:1	2TI.3.15	3
31:1	PRO.30.1	2
31:2	ISA.49.15	8
31:2	1SA.1.11	6
31:2	1SA.1.28	2
31:3	DEU.17.17	13
31:3	NEH.13.26	10
31:3	PRO.7.26-PRO.7.27	9
31:3	PRO.5.9-PRO.5.11	6
31:3	1KI.11.1	5
31:3	HOS.4.11	4
31:4	PRO.20.1	12
31:4	ECC.10.17	9
31:4	ISA.5.22	9
31:4	HOS.4.11-HOS.4.12	6
31:4	1KI.20.16-1KI.20.20	5
31:4	HAB.2.5	5
31:4	LEV.10.9-LEV.10.10	4
31:4	EST.3.15	4
31:4	ISA.28.7-ISA.28.8	4
31:4	DAN.5.2-DAN.5.4	4
31:4	HOS.7.3-HOS.7.5	4
31:4	MRK.6.21-MRK.6.28	4
31:4	1KI.20.12	3
31:5	HAB.2.5	4
31:6	1TI.5.23	6
31:6	PSA.104.15	5
31:6	1SA.1.10	4
31:6	1SA.30.6	3
31:6	2KI.4.27	3
31:6	JOB.3.20	3
31:6	JOB.29.13	3
31:7	EPH.5.18	5
31:8	PSA.82.3-PSA.82.4	28
31:8	PRO.24.11-PRO.24.12	10
31:8	EST.4.13-EST.4.16	4
31:8	JOB.29.12-JOB.29.17	4
31:8	JER.26.24	4
31:8	JER.38.7-JER.38.10	4
31:8	PSA.79.11	3
31:8	JER.26.16-JER.26.19	3
31:8	JHN.7.51	3
31:8	1SA.19.4-1SA.19.7	2
31:8	1SA.20.32	2
31:8	1SA.22.14-1SA.22.15	1
31:8	PRO.24.7	1
31:8	JOB.29.9	0
31:9	ISA.1.17	13
31:9	LEV.19.15	9
31:9	AMO.5.11-AMO.5.12	9
31:9	DEU.1.16	7
31:9	JOB.29.15-JOB.29.16	7
31:9	JER.22.3	6
31:9	PRO.16.12	4
31:9	ISA.1.23	4
31:9	JER.5.28	4
31:9	DAN.4.27	4
31:9	DEU.16.18-DEU.16.20	3
31:9	JOB.29.12	3
31:9	PSA.72.1-PSA.72.2	3
31:9	JER.23.5	3
31:9	2SA.8.15	2
31:9	PRO.20.8	2
31:9	ISA.11.4	2
31:9	JER.22.15-JER.22.16	2
31:9	ZEC.7.9	2
31:9	REV.19.11	2
31:9	PSA.58.1-PSA.58.2	1
31:9	ISA.32.1-ISA.32.2	1
31:9	JHN.7.24	1
31:9	HEB.1.9	1
31:9	ZEC.9.9	0
31:10	PRO.19.14	51
31:10	PRO.12.4	46
31:10	PRO.18.22	43
31:10	EPH.5.25-EPH.5.33	43
31:10	PRO.3.15	25
31:10	SNG.6.8-SNG.6.9	18
31:10	RUT.3.11	17
31:10	PRO.20.15	13
31:10	ECC.7.28	13
31:10	PRO.8.11	9
31:10	JOB.28.18	5
31:11	1PE.3.1-1PE.3.7	46
31:13	1TI.5.10	9
31:13	TIT.2.5	9
31:13	2TH.3.10-2TH.3.12	6
31:13	ACT.9.39-ACT.9.40	4
31:13	GEN.18.6-GEN.18.8	3
31:13	GEN.24.13-GEN.24.14	3
31:13	GEN.24.18-GEN.24.20	3
31:13	GEN.29.9-GEN.29.10	3
31:13	RUT.2.2-RUT.2.3	3
31:13	RUT.2.23	3
31:13	ISA.3.16-ISA.3.24	3
31:13	ISA.32.9-ISA.32.11	3
31:13	EXO.2.16	1
31:13	1TH.4.11	1
31:13	1TI.5.14	1
31:14	1KI.9.26-1KI.9.28	1
31:14	EZK.27.3-EZK.27.36	1
31:14	PRO.31.24	0
31:15	ROM.12.11	9
31:15	MRK.1.35	8
31:15	LUK.12.42	8
31:15	PRO.20.13	7
31:15	ECC.9.10	5
31:15	JOS.3.1	3
31:15	2CH.36.15	3
31:15	PSA.119.147-PSA.119.148	3
31:16	MAT.13.44	6
31:16	SNG.8.12	4
31:16	JOS.15.18	2
31:17	JOB.38.3	7
31:17	EPH.6.10	6
31:17	1PE.1.13	6
31:17	1KI.18.46	4
31:17	LUK.12.35	4
31:17	EPH.6.14	4
31:17	2KI.4.29	3
31:17	ISA.44.12	3
31:17	GEN.49.24	2
31:17	HOS.7.15	2
31:18	1TH.2.9	8
31:18	MAT.25.3-MAT.25.10	5
31:18	GEN.31.40	3
31:18	PSA.127.2	3
31:18	2TH.3.7-2TH.3.9	3
31:19	EXO.35.25-EXO.35.26	4
31:20	EPH.4.28	9
31:20	HEB.13.16	8
31:20	PRO.19.17	7
31:20	PRO.22.9	7
31:20	DEU.15.11	5
31:20	PSA.41.1	5
31:20	ACT.20.34-ACT.20.35	5
31:20	ROM.12.13	5
31:20	JOB.31.16-JOB.31.20	4
31:20	PSA.112.9	4
31:20	ECC.11.1-ECC.11.2	3
31:20	MRK.14.7	3
31:20	ACT.9.39-ACT.9.41	3
31:20	ROM.10.21	3
31:20	PRO.1.24	1
31:21	GEN.45.22	4
31:21	2SA.1.24	3
31:21	PRO.25.20	3
31:22	REV.19.8	10
31:22	GEN.41.42	6
31:22	PRO.7.16	6
31:22	JDG.8.26	4
31:22	EST.8.15	4
31:22	PSA.45.13-PSA.45.14	4
31:22	EZK.16.10-EZK.16.13	4
31:22	1PE.3.3	4
31:22	REV.19.14	4
31:22	EST.5.1	3
31:23	PRO.12.4	9
31:23	RUT.4.1	7
31:23	DEU.16.18	4
31:23	DEU.21.19	3
31:23	RUT.4.11	3
31:23	JOB.29.7	3
31:23	PRO.24.7	3
31:24	EZK.27.16	4
31:24	LUK.16.19	4
31:24	JDG.14.12	3
31:24	1KI.10.28	3
31:24	PRO.31.13	3
31:24	PRO.31.19	3
31:25	JOB.40.10	22
31:25	ROM.13.14	19
31:25	1TI.2.10	16
31:25	JOB.29.14	15
31:25	ISA.61.10	15
31:25	EPH.4.24	15
31:25	1PE.5.5-1PE.5.6	14
31:25	PSA.132.9	10
31:25	PSA.97.11-PSA.97.12	9
31:25	PSA.132.16	8
31:25	ISA.65.13-ISA.65.14	8
31:25	MAT.25.20-MAT.25.21	3
31:26	EPH.4.29	23
31:26	PRO.16.24	19
31:26	PRO.10.31	15
31:26	PRO.12.18	14
31:26	COL.4.5	11
31:26	1PE.3.4-1PE.3.5	11
31:26	PRO.31.8-PRO.31.9	10
31:26	MAL.2.6	9
31:26	1PE.3.8-1PE.3.9	9
31:26	JDG.13.23	8
31:26	PRO.25.15	8
31:26	1PE.3.1	8
31:26	1SA.25.24-1SA.25.31	7
31:26	EST.5.8	7
31:26	EST.7.3-EST.7.6	7
31:26	EST.8.3-EST.8.6	7
31:26	LUK.1.42-LUK.1.56	7
31:26	2SA.20.16-2SA.20.22	6
31:26	2KI.22.15-2KI.22.20	6
31:26	SNG.2.14	6
31:26	SNG.4.11	6
31:26	LUK.1.38	6
31:26	ACT.6.15	6
31:26	ACT.18.26	6
31:26	EST.4.4	4
31:26	GEN.24.18-GEN.24.20	3
31:27	1TI.5.10	13
31:27	TIT.2.4	10
31:27	2TH.3.6	8
31:27	PRO.14.1	7
31:27	1TH.4.11	5
31:28	2TI.1.5	11
31:28	2TI.3.15-2TI.3.17	11
31:28	1KI.2.19	7
31:28	PSA.116.16	5
31:28	PRO.31.1	5
31:28	SNG.7.1-SNG.7.9	4
31:28	ISA.62.4-ISA.62.5	4
31:29	SNG.6.8-SNG.6.9	11
31:29	EPH.5.27	8
31:30	PRO.1.7	66
31:30	1PE.3.4-1PE.3.5	56
31:30	PRO.11.22	38
31:30	PRO.8.13	26
31:30	1PE.1.24	22
31:30	EST.1.11-EST.1.12	18
31:30	PSA.147.11	18
31:30	1CO.4.5	18
31:30	1PE.1.7	17
31:30	PRO.6.25	16
31:30	LUK.1.6	16
31:30	2SA.14.25	13
31:30	LUK.1.46-LUK.1.50	13
31:30	ECC.12.13	12
31:30	JAS.1.11	12
31:30	EXO.1.17-EXO.1.21	11
31:30	ROM.2.29	11
31:30	ECC.7.18	10
31:30	EZK.16.15	10
31:31	PSA.128.2	18
31:31	HEB.6.10	13
31:31	MAT.7.16	10
31:31	ROM.16.1-ROM.16.4	10
31:31	REV.14.13	10
31:31	PRO.11.30	8
31:31	PRO.31.16	8
31:31	PHP.4.17	8
31:31	MAT.7.20	7
31:31	MRK.14.7-MRK.14.9	7
31:31	ACT.9.39	7
31:31	1TI.5.25	7
31:31	ROM.16.6	6
31:31	ROM.16.12	3
31:31	ROM.6.21-ROM.6.22	2
