# chapter:verse	to	votes (most first)
1:1	PSA.26.4-PSA.26.5	271
1:1	PRO.4.14-PRO.4.15	244
1:1	PRO.13.20	181
1:1	PSA.119.1-PSA.119.2	144
1:1	JER.15.17	132
1:1	MAT.7.13-MAT.7.14	116
1:1	LUK.11.28	112
1:1	PSA.1.6	90
1:1	PSA.34.8	76
1:1	PRO.1.15	76
1:1	DEU.28.2-DEU.28.68	71
1:1	PSA.112.1	66
1:1	LEV.26.27-LEV.26.28	60
1:1	EPH.6.13	58
1:1	JOB.21.16	57
1:1	PSA.36.4	57
1:1	GEN.49.6	55
1:1	PRO.13.15	53
1:1	PSA.119.115	52
1:1	PSA.106.3	51
1:1	PSA.81.12	50
1:1	JER.17.7	49
1:1	PSA.26.12	48
1:1	PRO.2.12	47
1:1	PRO.3.34	46
1:1	PRO.4.19	45
1:1	PSA.84.12	43
1:1	PRO.9.12	43
1:1	REV.22.14	40
1:1	PSA.144.15	39
1:1	ROM.5.2	38
1:1	JHN.20.29	36
1:1	PRO.1.22	35
1:1	PSA.32.1-PSA.32.2	34
1:1	PSA.146.9	34
1:1	1PE.4.3	34
1:1	PSA.2.12	33
1:1	JHN.13.17	33
1:1	1KI.16.31	32
1:1	PSA.115.12-PSA.115.15	32
1:1	PSA.146.5	32
1:1	EZK.20.18	32
1:1	DEU.33.29	31
1:1	JOB.10.3	31
1:1	PRO.19.29	30
1:1	GEN.5.24	29
1:1	PSA.64.2	29
1:1	2CH.22.3	28
1:1	JOB.31.5	27
1:1	MAT.16.17	22
1:1	LUK.23.51	22
1:2	JOS.1.8	100
1:2	PSA.119.92	76
1:2	PSA.119.11	66
1:2	ROM.7.22	63
1:2	PSA.119.97-PSA.119.99	60
1:2	PSA.119.15-PSA.119.16	44
1:2	JER.15.16	42
1:2	PSA.119.35	37
1:2	PSA.104.34	33
1:2	PSA.112.1	31
1:2	PSA.40.8	30
1:2	PSA.119.1	25
1:2	1JN.5.3	24
1:2	1TI.4.15	23
1:2	JOB.23.12	22
1:2	PSA.119.47-PSA.119.48	22
1:2	PSA.119.72	21
1:2	LUK.2.37	12
1:2	1TH.2.9	9
1:2	LUK.18.7	8
1:2	2TI.1.3	8
1:2	PSA.88.1	7
1:3	JER.17.8	214
1:3	EZK.47.12	102
1:3	PSA.92.14	97
1:3	JHN.15.6	62
1:3	EZK.19.10	52
1:3	GEN.39.23	50
1:3	JOS.1.7-JOS.1.8	48
1:3	REV.22.2	45
1:3	EZK.17.8	44
1:3	MAT.13.6	36
1:3	PSA.128.2	32
1:3	GEN.39.3	31
1:3	2CH.31.21	31
1:3	ISA.3.10	29
1:3	ISA.44.4	26
1:3	JOB.14.9	21
1:3	MAT.21.34	20
1:3	ISA.27.11	17
1:3	JUD.1.12	17
1:3	MAT.21.19	15
1:3	MAT.21.41	12
1:3	PSA.129.8	11
1:3	1CH.22.11	10
1:3	2CH.32.23	9
1:4	JOB.21.18	37
1:4	MAT.3.12	27
1:4	PSA.35.5	23
1:4	ISA.17.13	13
1:4	ISA.29.5	10
1:4	HOS.13.3	10
1:5	PSA.5.5	27
1:5	MAT.25.46	23
1:5	MAL.3.18	22
1:5	MAT.25.41	17
1:5	LUK.21.36	15
1:5	MAT.25.32	13
1:5	MAT.13.49	11
1:5	PSA.9.7-PSA.9.8	9
1:5	JUD.1.15	9
1:5	PSA.26.9	8
1:5	PSA.9.16	7
1:5	PSA.24.3	6
1:6	2TI.2.19	48
1:6	JHN.10.14	38
1:6	PRO.15.9	37
1:6	NAM.1.7	36
1:6	PSA.37.18-PSA.37.24	26
1:6	JHN.10.27	25
1:6	PSA.146.9	22
1:6	PRO.14.12	22
1:6	PSA.139.1-PSA.139.2	20
1:6	MAT.7.13	17
1:6	JOB.23.10	16
1:6	PSA.142.3	15
1:6	2PE.2.12	13
1:6	PSA.9.6	11
1:6	PSA.112.10	11
2:1	ACT.4.25-ACT.4.26	33
2:1	REV.17.14	18
2:1	PSA.46.6	15
2:1	PSA.21.11	13
2:1	PSA.83.4-PSA.83.8	12
2:1	MAT.21.38	7
2:1	ACT.17.5-ACT.17.6	7
2:1	LUK.22.22-LUK.22.23	6
2:1	PSA.18.42	5
2:1	ISA.8.9	5
2:1	LUK.18.32	4
2:1	ACT.5.33	4
2:1	LUK.22.1-LUK.22.2	3
2:1	JHN.11.49-JHN.11.50	3
2:1	ACT.19.28-ACT.19.32	3
2:1	LUK.22.5	1
2:1	ACT.16.22	1
2:2	MAT.26.59	21
2:2	MAT.27.1	16
2:2	REV.17.12-REV.17.14	16
2:2	PSA.45.7	8
2:2	LUK.23.11-LUK.23.12	8
2:2	PRO.21.30	6
2:2	ACT.10.38	6
2:2	PSA.48.4	5
2:2	JHN.1.41	5
2:2	PSA.2.10	4
2:2	PSA.74.23	4
2:2	EXO.16.7	3
2:2	PSA.74.18	3
2:2	PSA.89.20	3
2:2	JHN.3.34	3
2:2	ACT.12.1-ACT.12.6	3
2:2	HEB.1.9	3
2:2	PSA.110.5	2
2:2	ISA.61.1	2
2:2	MAT.2.16	2
2:2	LUK.13.31	2
2:2	JHN.15.23	2
2:2	ACT.9.4	2
2:2	MAT.26.3	1
2:2	ACT.4.5-ACT.4.8	1
2:3	JER.5.5	12
2:3	LUK.19.14	8
2:3	LUK.19.27	6
2:3	1PE.2.7-1PE.2.8	6
2:4	PSA.37.13	35
2:4	PSA.59.8	27
2:4	PRO.1.26	15
2:4	ISA.40.22	14
2:4	PSA.11.4	11
2:4	ISA.57.15	9
2:4	PSA.115.3	8
2:4	PSA.53.5	7
2:4	PSA.68.33	6
2:4	ISA.66.1	5
2:4	2KI.19.21	3
2:5	ISA.11.4	10
2:5	REV.19.15	8
2:5	PSA.21.9	7
2:5	PSA.110.5-PSA.110.6	7
2:5	PSA.78.49-PSA.78.50	6
2:5	LUK.19.27	5
2:5	ISA.66.6	3
2:5	ZEC.1.15	3
2:5	PSA.50.16-PSA.50.22	2
2:5	MAT.22.7	2
2:5	MAT.23.33-MAT.23.36	2
2:5	LUK.19.43-LUK.19.44	2
2:5	REV.1.16	2
2:6	REV.14.1	11
2:6	MAT.28.18	10
2:6	PSA.45.6	6
2:6	ISA.9.6-ISA.9.7	6
2:6	EPH.1.22	6
2:6	PSA.48.1-PSA.48.2	5
2:6	PSA.110.1-PSA.110.2	5
2:6	HEB.12.22	5
2:6	PSA.78.68	4
2:6	PSA.89.27	4
2:6	PSA.132.13-PSA.132.14	4
2:6	DAN.7.13-DAN.7.14	4
2:6	ACT.5.30-ACT.5.31	4
2:6	PHP.2.9-PHP.2.11	4
2:6	PSA.50.2	3
2:6	PSA.89.36-PSA.89.37	3
2:6	ACT.2.34-ACT.2.36	2
2:7	HEB.5.5	62
2:7	ACT.13.33	53
2:7	HEB.1.5-HEB.1.6	40
2:7	MAT.3.17	36
2:7	MAT.17.5	25
2:7	PSA.89.27	22
2:7	ROM.1.4	17
2:7	JHN.3.16	14
2:7	MAT.16.16	12
2:7	JHN.1.14	12
2:7	JHN.1.18	11
2:7	HEB.3.6	10
2:7	HEB.5.8	9
2:7	MAT.8.29	7
2:7	ISA.46.10	4
2:7	PSA.148.6	0
2:8	PSA.22.27	19
2:8	PSA.89.27	14
2:8	PSA.72.8	13
2:8	JHN.17.4-JHN.17.5	10
2:8	DAN.7.13	9
2:9	REV.2.26-REV.2.27	16
2:9	REV.12.5	15
2:9	PSA.89.23	7
2:9	REV.19.15	7
2:9	ISA.30.14	5
2:9	PSA.21.8-PSA.21.9	4
2:9	PSA.110.5-PSA.110.6	4
2:9	JER.19.11	4
2:9	DAN.2.44	3
2:9	ISA.60.12	2
2:9	MAT.21.44	2
2:10	HOS.14.9	9
2:10	ISA.60.10-ISA.60.11	6
2:10	PSA.45.12	4
2:10	PSA.72.10-PSA.72.11	4
2:10	PSA.82.1-PSA.82.8	4
2:10	ISA.52.15	4
2:10	ISA.60.3	4
2:10	ISA.49.23	3
2:10	JER.6.8	3
2:11	PHP.2.12	20
2:11	HEB.12.25	14
2:11	HEB.12.28-HEB.12.29	13
2:11	PSA.89.7	12
2:11	PSA.119.119-PSA.119.120	12
2:11	HEB.4.1-HEB.4.2	11
2:11	PSA.97.1	9
2:11	PSA.95.1-PSA.95.8	8
2:11	PSA.99.1	7
2:12	PSA.40.4	23
2:12	JHN.5.23	21
2:12	PSA.34.8	17
2:12	PSA.84.12	17
2:12	PRO.16.20	11
2:12	ISA.30.18	11
2:12	JER.17.7	10
2:12	2TH.1.8-2TH.1.9	10
2:12	PSA.146.3-PSA.146.5	9
2:12	1PE.2.6	9
2:12	REV.6.16-REV.6.17	9
2:12	PSA.1.6	6
2:12	1KI.19.18	5
2:12	ISA.26.3-ISA.26.4	5
2:12	EPH.1.12	5
2:12	1SA.10.1	4
2:12	PSA.2.5	4
2:12	PSA.2.7	4
2:12	ROM.9.33	4
2:12	REV.14.9-REV.14.11	4
2:12	HOS.13.2	3
2:12	ROM.10.11	2
2:12	JHN.14.6	1
2:12	1PE.1.21	1
2:12	GEN.41.43-GEN.41.44	0
3:1	PSA.17.7	14
3:1	2SA.17.11-2SA.17.13	7
3:1	2SA.16.15	5
3:1	2SA.15.1-2SA.15.18	4
3:1	MAT.27.25	2
3:1	MAT.10.21	1
3:2	PSA.71.11	10
3:2	PSA.42.3	9
3:2	PSA.42.10	8
3:2	PSA.22.7	7
3:2	PSA.4.4	6
3:2	MAT.27.42-MAT.27.43	5
3:2	2SA.16.7-2SA.16.8	4
3:2	PSA.3.4	4
3:2	PSA.3.8	4
3:2	PSA.4.2	4
3:2	HAB.3.3	4
3:2	HAB.3.9	4
3:2	HAB.3.13	4
3:3	PSA.27.6	80
3:3	PSA.28.7	74
3:3	GEN.15.1	62
3:3	PSA.119.114	60
3:3	ISA.60.19	58
3:3	PSA.62.7	48
3:3	PSA.84.11	41
3:3	PSA.18.2	38
3:3	PSA.110.7	33
3:3	PSA.4.3	32
3:3	REV.21.23	30
3:3	REV.21.11	29
3:3	LUK.2.32	28
3:3	DEU.33.29	22
3:3	GEN.40.13	18
3:3	ISA.45.25	16
3:3	2KI.25.27	15
3:4	PSA.34.4	16
3:4	PSA.91.15	12
3:4	ISA.65.24	12
3:4	PSA.34.6	9
3:4	PSA.2.6	7
3:4	PSA.43.3	7
3:4	JER.29.12-JER.29.13	7
3:4	MAT.7.7	7
3:4	JAS.5.13	7
3:4	PSA.99.9	6
3:4	PSA.132.13-PSA.132.14	6
3:4	PSA.50.15	5
3:4	PSA.116.1-PSA.116.4	5
3:4	PSA.138.3	5
3:4	PSA.22.2-PSA.22.5	4
3:4	PSA.130.1-PSA.130.2	4
3:4	PSA.66.17-PSA.66.19	3
3:4	PSA.86.3-PSA.86.4	3
3:4	PSA.142.1-PSA.142.3	3
3:5	PSA.4.8	30
3:5	PRO.3.24	22
3:5	LEV.26.6	19
3:5	ISA.26.3	19
3:5	JOB.11.18-JOB.11.19	15
3:5	PSA.127.2	9
3:5	PRO.18.10	9
3:5	PRO.14.26	6
3:5	PSA.66.9	4
3:5	ACT.12.6	1
3:6	ROM.8.31	20
3:6	PSA.27.1-PSA.27.3	18
3:6	PSA.118.10-PSA.118.12	17
3:6	PSA.23.4	16
3:6	2KI.6.15-2KI.6.17	14
3:6	PSA.46.7	12
3:6	2SA.18.7	9
3:6	PSA.46.2	9
3:6	PSA.2.2	8
3:7	PSA.58.6	13
3:7	JOB.29.17	12
3:7	JOB.16.10	10
3:7	PSA.10.12	9
3:7	PSA.59.5	9
3:7	PSA.6.4	6
3:7	PSA.7.6	5
3:7	PSA.12.5	5
3:7	PSA.35.23	5
3:7	PSA.44.23	5
3:7	PSA.74.11	5
3:7	PSA.76.9	5
3:7	LAM.3.30	5
3:7	ISA.51.9	4
3:7	HAB.2.19	3
3:8	ISA.43.11	20
3:8	JON.2.9	15
3:8	PSA.37.39-PSA.37.40	14
3:8	HOS.13.4	13
3:8	REV.7.10	13
3:8	PRO.21.31	9
3:8	ACT.4.12	9
3:8	EPH.1.3	9
3:8	PSA.72.17	8
3:8	ACT.3.26	8
3:8	JER.3.23	7
3:8	PSA.29.11	6
3:8	REV.19.1	6
3:8	HEB.6.14	4
3:8	1PE.3.9	4
3:8	ISA.45.21-ISA.45.22	3
4:1	2CO.1.10	27
4:1	EXO.34.6-EXO.34.7	23
4:1	PSA.40.1-PSA.40.3	18
4:1	PSA.18.18-PSA.18.19	16
4:1	PSA.119.132	14
4:1	PSA.25.16	13
4:1	2CO.5.20-2CO.5.21	13
4:1	PSA.17.6	11
4:1	JER.23.6	10
4:1	HAB.3.19	9
4:1	PSA.86.3-PSA.86.5	8
4:1	ISA.45.24	8
4:1	1SA.17.37	5
4:1	PSA.22.1	5
4:1	PSA.45.1	5
4:1	PSA.57.1	5
4:1	PSA.143.2	5
4:1	PSA.31.8	4
4:1	PSA.42.1	4
4:1	PSA.67.1	4
4:1	PSA.76.1	4
4:1	1CO.1.30	4
4:1	2CO.1.8	4
4:1	PSA.11.7	3
4:1	PSA.24.5	3
4:1	1SA.19.11-1SA.19.12	2
4:1	1CH.25.1-1CH.25.6	2
4:1	PSA.41.12	2
4:1	PSA.56.1	2
4:1	PSA.116.6	2
4:1	PSA.116.16	2
4:1	PSA.119.75-PSA.119.77	2
4:1	1SA.23.26-1SA.23.28	1
4:1	JOB.36.16	1
4:1	PSA.6.1	1
4:2	PRO.1.22	14
4:2	HOS.4.7	12
4:2	PSA.3.3	11
4:2	PSA.5.6	8
4:2	PSA.106.20	8
4:2	JER.2.11	8
4:2	1SA.12.21	6
4:2	ECC.8.11	6
4:2	EPH.4.25	6
4:2	PSA.2.1	5
4:2	PSA.14.6	5
4:2	PSA.31.6	5
4:2	PSA.58.1	5
4:2	PSA.58.3	5
4:2	PSA.63.11	5
4:2	ISA.20.5	5
4:2	ISA.45.17	5
4:2	ISA.59.4	5
4:2	JER.9.3	5
4:2	JON.2.8	5
4:2	EXO.10.3	4
4:2	NUM.14.11	4
4:2	PSA.57.4	4
4:2	PSA.72.2	4
4:2	ECC.9.3	4
4:2	JER.2.5	3
4:2	1CO.1.31	3
4:3	JHN.15.16	18
4:3	PSA.34.15	14
4:3	PSA.91.14-PSA.91.15	12
4:3	2TH.2.13-2TH.2.14	12
4:3	2TI.2.19	11
4:3	2PE.2.9	11
4:3	TIT.2.14	10
4:3	1PE.2.9	10
4:3	EXO.33.16	9
4:3	EPH.2.10	9
4:3	PSA.6.8	7
4:3	PSA.31.23	6
4:3	PSA.50.5	6
4:3	PSA.55.16-PSA.55.17	5
4:3	PSA.56.9	4
4:4	EPH.4.26	27
4:4	PSA.77.6	13
4:4	PSA.63.6	10
4:4	PSA.46.10	9
4:4	PRO.3.7	9
4:4	2CO.13.5	8
4:4	JOB.28.28	7
4:4	PSA.33.8	7
4:4	PRO.16.6	6
4:4	PSA.2.11	5
4:4	PSA.3.4	5
4:4	PSA.119.161	5
4:4	PRO.16.17	5
4:4	HAB.2.20	5
4:4	PSA.3.2	4
4:4	JER.5.22	3
4:5	HEB.13.15-HEB.13.16	13
4:5	PSA.37.3	12
4:5	PSA.51.19	10
4:5	DEU.33.19	8
4:5	PSA.62.8	8
4:5	1PE.4.19	8
4:5	PSA.50.14	7
4:5	ISA.1.11-ISA.1.18	7
4:5	MAT.5.23	7
4:5	PSA.84.11-PSA.84.12	5
4:5	ISA.61.8	5
4:5	MAL.1.8	5
4:5	ISA.50.10	4
4:5	2SA.15.12	3
4:5	PSA.26.1	3
4:5	ISA.26.3-ISA.26.4	3
4:5	MAL.1.11-MAL.1.14	3
4:5	PSA.2.12	2
4:6	PSA.80.19	12
4:6	NUM.6.26	10
4:6	PSA.80.7	6
4:6	PSA.119.135	6
4:6	PSA.67.1	4
4:6	PSA.89.15	4
4:6	PSA.44.3	3
4:6	PSA.49.16-PSA.49.20	3
4:6	PSA.21.6	2
4:6	PSA.39.6	2
4:6	PSA.80.1-PSA.80.3	2
4:6	ECC.2.3-ECC.2.26	2
4:6	LUK.16.19	2
4:6	JAS.5.1-JAS.5.5	2
4:6	PSA.42.5	1
4:6	ISA.55.2	1
4:6	LUK.12.19	1
4:6	JAS.4.13	1
4:7	ISA.9.3	11
4:7	PSA.63.2-PSA.63.5	10
4:7	PSA.37.4	8
4:7	PSA.43.4	8
4:7	PSA.92.4	5
4:7	ACT.14.17	5
4:7	JDG.9.27	3
4:7	SNG.1.4	3
4:7	JER.48.33	3
4:7	1PE.1.8	2
4:8	PRO.3.24	64
4:8	PSA.3.5	57
4:8	JOB.11.18-JOB.11.19	43
4:8	PSA.16.8-PSA.16.9	33
4:8	1TH.5.10	28
4:8	DEU.12.10	20
4:8	LEV.25.18-LEV.25.19	18
4:8	HOS.2.18	17
4:8	REV.14.13	17
4:8	LEV.26.5	16
4:8	1TH.4.13-1TH.4.14	15
4:8	DEU.33.27-DEU.33.29	14
4:8	ROM.8.35-ROM.8.39	14
4:8	EZK.34.25	13
5:1	1JN.5.14-1JN.5.15	17
5:1	PSA.54.2	13
5:1	PSA.19.14	12
5:1	PSA.55.1-PSA.55.2	11
5:1	1PE.3.12	11
5:1	PSA.64.1	9
5:1	PSA.17.1	8
5:1	PSA.86.1	8
5:1	ROM.8.26	8
5:1	1SA.1.16	7
5:1	PSA.80.1	6
5:1	1SA.1.13	4
5:2	PSA.65.2	8
5:2	PSA.3.4	7
5:2	PSA.145.1	5
5:2	ISA.33.22	5
5:2	PSA.84.3	4
5:2	PSA.24.7-PSA.24.8	3
5:2	PSA.74.12	3
5:2	PSA.99.1-PSA.99.4	3
5:2	PSA.10.16	2
5:2	PSA.44.4	2
5:2	PSA.47.6-PSA.47.7	2
5:3	PSA.119.147	40
5:3	PSA.88.13	36
5:3	PSA.130.6	28
5:3	MRK.1.35	28
5:3	PSA.55.17	24
5:3	ISA.26.9	19
5:3	PSA.69.16	17
5:3	PSA.22.2	10
5:4	PSA.11.5	12
5:4	HEB.12.14	10
5:4	MAL.2.17	8
5:4	PSA.50.21	7
5:4	REV.21.27	7
5:4	PSA.92.15	6
5:4	PSA.101.7	6
5:4	PSA.140.13	6
5:4	HAB.1.13	5
5:4	2PE.3.13	5
5:4	PSA.94.20	4
5:4	JHN.14.23	4
5:4	REV.21.23	4
5:4	1CH.29.17	3
5:5	PSA.11.5	23
5:5	PSA.1.5	19
5:5	HOS.9.15	18
5:5	PRO.6.16-PRO.6.19	13
5:5	LEV.20.23	9
5:5	MAT.25.41	9
5:5	PRO.1.7	8
5:5	PRO.8.5	7
5:5	HAB.1.13	6
5:5	PSA.75.4	5
5:5	ZEC.11.8	5
5:5	MAT.7.23	5
5:5	PRO.1.22	4
5:5	ECC.5.4	4
5:5	PSA.14.1	3
5:5	PSA.92.6	3
5:5	PSA.94.8	3
5:5	PSA.130.3	3
5:5	PSA.73.3	2
5:5	PSA.10.3	1
5:6	PSA.55.23	9
5:6	REV.21.8	9
5:6	ISA.26.21	5
5:6	REV.22.15	5
5:6	GEN.34.25-GEN.34.26	3
5:6	PSA.4.2	3
5:6	2SA.16.8	2
5:6	2SA.20.1	2
5:6	PSA.26.8-PSA.26.10	2
5:6	PSA.43.1	2
5:6	ROM.1.29	2
5:6	GEN.34.14	1
5:7	PSA.132.7	13
5:7	PSA.138.2	12
5:7	HEB.4.16	10
5:7	PSA.69.13	8
5:7	HEB.12.28-HEB.12.29	8
5:7	ISA.55.7	7
5:7	DAN.6.10	6
5:7	ROM.5.20-ROM.5.21	6
5:7	JOS.24.15	5
5:7	1PE.1.17-1PE.1.19	5
5:7	1KI.8.29-1KI.8.30	4
5:7	1KI.8.38	4
5:7	PSA.52.8	4
5:7	HOS.3.5	4
5:7	LUK.6.11-LUK.6.12	4
5:7	ACT.9.31	4
5:7	PSA.51.1	3
5:7	PSA.55.16	3
5:7	PSA.69.16	3
5:7	ISA.64.11	3
5:7	1KI.8.35	2
5:7	PSA.28.2	2
5:7	PSA.130.4	1
5:8	PSA.27.11	25
5:8	PSA.25.4-PSA.25.5	22
5:8	PRO.3.5-PRO.3.6	20
5:8	PSA.86.11	14
5:8	PSA.119.10	14
5:8	PSA.143.8-PSA.143.10	11
5:8	PRO.4.25	9
5:8	PSA.119.64	5
5:8	PSA.31.1	3
5:8	PSA.59.10	3
5:8	MAT.3.3	3
5:8	PSA.54.5	2
5:8	HEB.12.13	2
5:8	2SA.12.14	0
5:9	JER.9.3-JER.9.6	10
5:9	ROM.3.13	10
5:9	PSA.62.4	8
5:9	MIC.6.12	7
5:9	PRO.29.5	6
5:9	PSA.51.6	4
5:9	PSA.52.2	4
5:9	LUK.11.44	4
5:9	PSA.12.2-PSA.12.3	3
5:9	PSA.64.6	3
5:9	JER.17.9	3
5:9	JOB.32.21-JOB.32.22	2
5:9	PSA.36.1-PSA.36.4	2
5:9	PSA.58.2-PSA.58.3	2
5:9	PSA.62.9	2
5:9	PSA.111.1-PSA.111.3	2
5:9	JER.4.14	2
5:9	MRK.7.21-MRK.7.22	2
5:9	ROM.1.29-ROM.1.31	2
5:9	LUK.11.39	1
5:9	1TH.2.5	1
5:10	ISA.63.10	6
5:10	2SA.17.14	5
5:10	PSA.140.9-PSA.140.10	5
5:10	2SA.15.31	4
5:10	2SA.17.23	4
5:10	PSA.31.18	4
5:10	PSA.71.13	4
5:10	1CO.3.19	4
5:10	PSA.35.1-PSA.35.8	3
5:10	PSA.35.26	3
5:10	PSA.55.15	3
5:10	PSA.59.12-PSA.59.13	3
5:10	PSA.68.1-PSA.68.2	3
5:10	PSA.109.6-PSA.109.20	3
5:10	PSA.144.6-PSA.144.7	3
5:10	LAM.1.5	3
5:10	HOS.9.7	3
5:10	ROM.3.19-ROM.3.20	3
5:10	DEU.2.30	2
5:10	1SA.25.29	2
5:10	1SA.25.39	2
5:10	2CH.25.16	2
5:10	EST.7.10	2
5:10	JOB.5.12-JOB.5.14	2
5:10	PSA.7.9-PSA.7.15	2
5:10	PSA.9.15-PSA.9.16	2
5:10	PSA.10.15	2
5:10	PSA.17.13	2
5:10	PSA.21.8-PSA.21.10	2
5:10	PSA.28.3-PSA.28.4	2
5:10	PSA.64.6-PSA.64.8	2
5:10	PSA.66.7	2
5:10	PSA.69.22-PSA.69.25	2
5:10	PSA.79.12	2
5:10	PSA.83.9-PSA.83.18	2
5:10	PSA.107.11	2
5:10	PSA.137.7-PSA.137.9	2
5:10	ISA.1.2	2
5:10	ISA.1.20	2
5:10	DAN.9.5	2
5:10	DAN.9.9	2
5:11	ROM.8.28	49
5:11	REV.19.1-REV.19.7	29
5:11	PSA.68.3	27
5:11	PSA.40.16	24
5:11	1CO.2.9	14
5:11	JAS.1.12	13
5:11	REV.18.20	10
5:11	ZEC.9.9	8
5:11	JAS.2.5	8
5:11	PSA.2.12	7
5:11	PSA.35.27	6
5:11	PSA.65.13	6
5:11	PSA.69.36-PSA.70.4	6
5:11	JOB.38.7	5
5:11	PSA.58.10	5
5:11	JDG.5.31	4
5:11	PSA.47.1-PSA.47.5	4
5:11	ISA.65.13-ISA.65.16	4
5:12	PSA.84.11	45
5:12	PSA.32.10	30
5:12	PSA.115.13	23
5:12	PSA.1.1-PSA.1.3	21
5:12	PSA.112.1	18
5:12	PSA.32.7	15
5:12	PSA.29.11	14
5:12	PSA.3.3	11
5:12	PSA.3.8	9
6:1	PSA.38.1	9
6:1	PSA.118.18	9
6:1	JER.10.24	8
6:1	JER.46.28	8
6:1	1CO.11.31-1CO.11.32	7
6:1	1CH.15.21	6
6:1	ISA.57.16	6
6:1	PSA.4.1	5
6:1	ISA.54.9	5
6:1	PSA.12.1	4
6:1	PSA.2.5	3
6:2	HOS.6.1	13
6:2	PSA.30.2	10
6:2	PSA.31.10	9
6:2	JER.17.14	8
6:2	DEU.32.39	7
6:2	PSA.41.3-PSA.41.4	7
6:2	PSA.51.8	6
6:2	GEN.20.17	5
6:2	NUM.12.13	5
6:2	JOB.33.19-JOB.33.21	5
6:2	PSA.32.3	5
6:2	PSA.38.3	5
6:2	PSA.38.7	5
6:2	MAT.4.24	4
6:2	EXO.15.26	3
6:2	JOB.5.18	3
6:2	PSA.22.14	3
6:2	PSA.103.13-PSA.103.17	2
6:2	JOB.19.21	1
6:3	PSA.90.13	8
6:3	JHN.12.27	4
6:3	PSA.13.1-PSA.13.2	3
6:3	PSA.42.5	3
6:3	PSA.42.11	3
6:3	PSA.77.2-PSA.77.3	3
6:3	LUK.18.7	3
6:3	PSA.22.14	2
6:3	PSA.31.9-PSA.31.10	2
6:3	PSA.38.8	2
6:3	PSA.77.7	2
6:3	PRO.18.14	2
6:3	MAT.26.38	2
6:4	DAN.9.18	5
6:4	PSA.17.13	4
6:4	PSA.116.4	4
6:4	EPH.2.7-EPH.2.8	4
6:4	PSA.22.20	3
6:4	PSA.80.14	3
6:4	PSA.90.13	3
6:4	PSA.121.7	3
6:4	MAL.3.7	3
6:4	PSA.25.7	2
6:4	PSA.69.13	2
6:4	PSA.79.8-PSA.79.9	2
6:4	PSA.86.13	2
6:4	PSA.116.8	2
6:4	PSA.120.2	2
6:4	ISA.38.17	2
6:4	EPH.1.6	2
6:5	PSA.88.10-PSA.88.12	27
6:5	PSA.115.17	26
6:5	ECC.9.10	23
6:5	PSA.30.9	21
6:5	ISA.38.18-ISA.38.19	12
6:5	PSA.118.17	9
6:5	JHN.9.4	5
6:6	PSA.38.9	6
6:6	PSA.42.3	6
6:6	PSA.69.3	6
6:6	JOB.7.3	3
6:6	JOB.16.20	3
6:6	JOB.23.2	3
6:6	PSA.77.2-PSA.77.9	3
6:6	PSA.102.3-PSA.102.5	3
6:6	LAM.1.2	3
6:6	LAM.1.16	3
6:6	LAM.2.11	3
6:6	LAM.2.18-LAM.2.19	3
6:6	JOB.10.1	2
6:6	PSA.39.12	2
6:6	PSA.88.9	2
6:6	PSA.143.4-PSA.143.7	2
6:6	JER.14.17	2
6:6	LUK.7.38	2
6:6	LAM.3.48-LAM.3.50	1
6:7	JOB.17.7	4
6:7	PSA.38.10	4
6:7	PSA.88.9	3
6:7	LAM.5.17	3
6:7	PSA.31.9-PSA.31.10	2
6:7	PSA.32.3	2
6:8	LUK.13.27	14
6:8	PSA.119.115	12
6:8	PSA.145.18	12
6:8	PSA.3.4	9
6:8	MAT.7.23	9
6:8	PSA.139.19	8
6:8	MAT.25.41	8
6:8	HEB.5.7	8
6:8	PSA.116.8	6
6:8	ISA.30.19	6
6:8	PSA.56.8	5
6:8	ISA.38.3	5
6:8	ISA.38.5	5
6:9	PSA.66.19-PSA.66.20	17
6:9	PSA.120.1	15
6:9	PSA.118.5	8
6:9	PSA.138.3	8
6:9	2CO.12.8-2CO.12.10	8
6:9	PSA.40.1-PSA.40.2	7
6:9	JON.2.7	6
6:9	2CO.1.10-2CO.1.11	4
6:9	PSA.3.4	3
6:9	PSA.116.1-PSA.116.2	3
6:9	JON.2.2	3
6:9	PSA.31.22	2
6:10	PSA.86.17	6
6:10	JER.20.11	6
6:10	MAL.3.18	6
6:10	PRO.29.1	4
6:10	PSA.7.6	3
6:10	PSA.25.3	3
6:10	PSA.35.26	3
6:10	PSA.40.14-PSA.40.15	3
6:10	PSA.71.13	3
6:10	PSA.71.24	3
6:10	PSA.73.19	3
6:10	PSA.83.16-PSA.83.17	3
6:10	PSA.109.28-PSA.109.29	3
6:10	PSA.112.10	3
6:10	PSA.132.18	3
6:10	ISA.26.11	3
6:10	JOB.6.29	2
6:10	PSA.2.5	2
6:10	PSA.5.10	2
6:10	PSA.21.8-PSA.21.9	2
6:10	1TH.5.3	2
7:1	PSA.31.15	12
7:1	HAB.3.1	5
7:1	1PE.4.19	5
7:1	PSA.18.2	4
7:1	PSA.35.1-PSA.35.3	4
7:1	JER.20.11	4
7:1	2SA.16.1-2SA.16.23	3
7:1	PSA.17.7-PSA.17.9	3
7:1	PSA.26.1	3
7:1	PSA.30.2	3
7:1	PSA.43.4	3
7:1	JER.15.15	3
7:1	JER.31.18	3
7:1	PSA.3.7	2
7:1	PSA.11.1	2
7:1	PSA.13.3	2
7:1	PSA.13.5	2
7:1	PSA.18.28	2
7:1	PSA.30.12-PSA.31.1	2
7:1	PSA.32.10	2
7:1	PSA.89.26	2
7:1	PSA.146.3-PSA.146.6	2
7:1	ISA.50.10	2
7:1	DAN.9.4	2
7:1	DAN.9.19-DAN.9.20	2
7:1	ZEC.14.5	2
7:1	JOS.14.8	1
7:1	PSA.25.2	1
7:1	1PE.1.21	1
7:2	PSA.50.22	7
7:2	ISA.38.13	6
7:2	2TI.4.17	6
7:2	1PE.5.8	5
7:2	DEU.33.20	4
7:2	PSA.35.15	4
7:2	JDG.18.28	3
7:2	2SA.14.6	3
7:2	JOB.10.7	3
7:2	PSA.10.9	3
7:2	PSA.17.12	3
7:2	PSA.22.13	3
7:2	PRO.19.12	3
7:2	HOS.13.7-HOS.13.8	3
7:3	1SA.24.11	5
7:3	1SA.26.18-1SA.26.19	4
7:3	PSA.59.3	4
7:3	JOS.22.22	3
7:3	2SA.16.7-2SA.16.8	3
7:3	JOB.11.14	3
7:3	1SA.20.8	2
7:3	1SA.22.13	2
7:3	1SA.24.9	2
7:3	JOB.16.17-JOB.16.19	2
7:3	PSA.66.18	2
7:3	1SA.22.8	1
7:4	1SA.24.17-1SA.24.19	5
7:4	PSA.55.20	5
7:4	PSA.109.5	4
7:4	JER.18.20-JER.18.21	4
7:4	GEN.44.4	3
7:4	1SA.19.4-1SA.19.5	3
7:4	1SA.20.1	3
7:4	1SA.22.14	3
7:4	1SA.24.7	3
7:4	1SA.24.10-1SA.24.15	3
7:4	1SA.25.28-1SA.25.29	3
7:4	1SA.26.9-1SA.26.17	3
7:4	1SA.26.24	3
7:4	PRO.17.3	3
7:4	1SA.26.21	2
7:5	MAL.4.3	4
7:5	PSA.3.2	3
7:5	PSA.44.5	3
7:5	PSA.49.12	3
7:5	JER.17.13	3
7:5	JOB.16.15	2
7:5	JOB.31.5-JOB.31.10	2
7:5	JOB.31.38-JOB.31.40	2
7:5	JOB.40.12-JOB.40.13	2
7:5	PSA.60.12	2
7:5	ISA.10.6	2
7:5	ISA.63.3	2
7:5	HAB.3.13	2
7:5	ZEC.10.5	2
7:6	PSA.35.23	6
7:6	PSA.44.23	6
7:6	PSA.3.7	5
7:6	ISA.33.10	5
7:6	PSA.44.26	3
7:6	PSA.103.6	3
7:6	PSA.138.7	3
7:6	ISA.37.20	3
7:6	ISA.51.9	3
7:6	2SA.17.14	2
7:6	PSA.12.5	2
7:6	PSA.35.1	2
7:6	PSA.59.5	2
7:6	PSA.68.1-PSA.68.2	2
7:6	PSA.73.20	2
7:6	PSA.74.3	2
7:6	PSA.76.8-PSA.76.9	2
7:6	PSA.78.65	2
7:6	PSA.94.1-PSA.94.2	2
7:6	ISA.3.13	2
7:7	REV.16.5-REV.16.7	3
7:7	REV.18.20	3
7:7	REV.19.2	3
7:7	PSA.48.11	2
7:7	PSA.58.10-PSA.58.11	2
7:7	PSA.93.4	2
7:7	PSA.113.5-PSA.113.6	2
7:7	PSA.138.6	2
7:7	ISA.57.15	2
7:7	REV.11.17-REV.11.18	2
7:8	PSA.96.13	9
7:8	ROM.14.10-ROM.14.12	8
7:8	PSA.43.1	6
7:8	2CO.1.12	6
7:8	PSA.98.9	5
7:8	1TH.2.10	5
7:8	PSA.26.1	4
7:8	PSA.78.72	4
7:8	1CO.4.4-1CO.4.5	4
7:8	PSA.35.24-PSA.35.27	3
7:8	GEN.18.25	2
7:8	GEN.31.53	2
7:8	2CH.20.12	2
7:8	PSA.9.8	2
7:8	PSA.11.4	2
7:8	PSA.17.2-PSA.17.3	2
7:8	PSA.18.20-PSA.18.24	2
7:8	PSA.25.21	2
7:8	PSA.26.11	2
7:8	PSA.41.12	2
7:8	PSA.82.1	1
7:8	PRO.19.1	1
7:8	ACT.17.31	1
7:9	JER.11.20	11
7:9	JER.17.10	11
7:9	JER.20.12	8
7:9	1SA.16.7	7
7:9	1CH.28.9	7
7:9	PSA.10.15	5
7:9	PSA.11.5	5
7:9	PSA.26.2	5
7:9	PSA.37.23	5
7:9	PSA.44.21	5
7:9	PSA.139.1	5
7:9	ROM.16.25	5
7:9	REV.2.23	5
7:9	PSA.17.3	4
7:9	ACT.12.23	4
7:9	1SA.2.9	3
7:9	PSA.10.18	3
7:9	PSA.58.6	3
7:9	PSA.9.5-PSA.9.6	2
7:9	PSA.40.2	2
7:9	PSA.74.10-PSA.74.11	2
7:9	PSA.74.22-PSA.74.23	2
7:9	ISA.37.36-ISA.37.38	2
7:9	DAN.11.45	2
7:9	1TH.3.13	2
7:9	1PE.5.10	2
7:9	JUD.1.1	0
7:10	GEN.15.1	10
7:10	PSA.84.11	10
7:10	PSA.125.4	10
7:10	PRO.28.18	10
7:10	JOB.8.6	9
7:10	PRO.2.21	9
7:10	PRO.11.20	9
7:10	PSA.3.3	8
7:10	PSA.18.1-PSA.18.2	8
7:10	PSA.89.18	8
7:10	PSA.112.2	8
7:11	NAM.1.2	10
7:11	NAM.1.6	8
7:11	PSA.7.8	5
7:11	PSA.94.15	4
7:11	PSA.50.6	3
7:11	PSA.140.12-PSA.140.13	3
7:12	ACT.3.19	8
7:12	MAT.3.10	7
7:12	ISA.55.6-ISA.55.7	5
7:12	DEU.32.41	4
7:12	PSA.85.4	3
7:12	EZK.18.30	3
7:12	ISA.27.1	2
7:12	ISA.34.5	2
7:12	JER.31.18-JER.31.19	2
7:12	EZK.21.9-EZK.21.11	2
7:12	EZK.21.23	2
7:12	EZK.33.11	2
7:13	2TH.1.6	5
7:13	HAB.3.13	4
7:13	PSA.18.14	3
7:13	PSA.45.5	3
7:13	PSA.64.7	3
7:13	HAB.3.11	3
7:13	REV.6.10	3
7:13	REV.16.6	3
7:13	DEU.32.23	2
7:13	DEU.32.42	2
7:13	JOB.6.4	2
7:13	PSA.11.2	2
7:13	PSA.64.3	2
7:13	PSA.144.6	2
7:13	LAM.3.12-LAM.3.13	2
7:14	JOB.15.35	13
7:14	JAS.1.15	13
7:14	ISA.33.11	10
7:14	JOB.15.20	8
7:14	ISA.59.4-ISA.59.5	8
7:15	JOB.4.8	18
7:15	PSA.141.10	13
7:15	PRO.26.27	11
7:15	PSA.35.7-PSA.35.8	9
7:15	ECC.10.8-ECC.10.9	9
7:15	PSA.10.2	8
7:15	PSA.9.15-PSA.9.16	7
7:15	PSA.57.6	7
7:15	EST.7.10	6
7:15	PRO.5.22	6
7:15	PSA.140.9-PSA.140.10	5
7:15	JER.18.20	5
7:15	PSA.94.13	4
7:15	PSA.119.85	4
7:15	JOB.6.27	3
7:16	EST.9.25	9
7:16	PSA.37.12-PSA.37.13	7
7:16	1KI.2.32	6
7:16	1SA.24.12-1SA.24.13	5
7:16	1SA.26.10	5
7:16	1SA.28.19	5
7:16	1SA.31.3-1SA.31.4	5
7:16	PSA.36.12	5
7:16	1SA.23.9	4
7:16	PSA.36.4	4
7:16	MAL.2.3-MAL.2.5	4
7:17	PSA.9.2	18
7:17	PSA.71.15-PSA.71.16	11
7:17	PSA.98.2	11
7:17	PSA.111.3	10
7:17	PSA.35.28	8
7:17	PSA.51.14	8
7:17	PSA.92.8	8
7:17	DAN.4.34	8
7:17	ACT.7.48	8
7:17	PSA.145.7	7
7:17	PSA.92.1	6
7:17	DAN.4.17	5
7:17	DAN.4.25	5
8:1	PSA.8.9	32
8:1	PSA.113.2-PSA.113.4	22
8:1	PSA.57.5	19
8:1	PSA.148.13	18
8:1	EXO.15.11	14
8:1	PSA.57.10-PSA.57.11	14
8:1	EXO.34.5-EXO.34.7	12
8:1	HAB.3.3	11
8:1	PSA.72.17-PSA.72.19	9
8:1	PSA.145.1	9
8:1	HEB.7.26	9
8:1	ISA.26.13	8
8:1	PHP.2.9-PHP.2.11	8
8:1	DEU.28.58	7
8:1	1KI.8.27	7
8:1	PSA.36.5	7
8:1	PSA.81.1	7
8:1	REV.19.6	7
8:1	PSA.63.1	6
8:1	PSA.68.4	6
8:1	PSA.84.1	6
8:1	PSA.108.4-PSA.108.5	6
8:1	PHP.3.8	6
8:1	SNG.5.16	5
8:1	EPH.4.10	5
8:1	MAT.22.45	3
8:1	JHN.20.28	3
8:2	MAT.21.16	50
8:2	2CO.12.9-2CO.12.10	32
8:2	ISA.40.31	30
8:2	PSA.46.10	28
8:2	1CO.1.27	28
8:2	MAT.11.25	25
8:2	LUK.10.21	13
8:2	PSA.44.16	7
8:2	PSA.84.5-PSA.84.7	6
8:2	EXO.15.16	5
8:2	ISA.37.36-ISA.37.38	5
8:2	EXO.11.7	4
8:2	JOS.2.9-JOS.2.11	4
8:2	1SA.2.9	4
8:2	ISA.37.20-ISA.37.29	4
8:2	AMO.5.9	4
8:2	HAB.2.20	4
8:2	PSA.4.4	3
8:3	GEN.1.1	26
8:3	PSA.33.6	18
8:3	PSA.89.11	14
8:3	PSA.104.19	14
8:3	PSA.111.2	14
8:3	ROM.1.20	11
8:3	EXO.8.19	10
8:3	LUK.11.20	10
8:3	DEU.4.19	8
8:3	JOB.22.12	8
8:3	PSA.136.7-PSA.136.9	8
8:3	GEN.1.16-GEN.1.18	7
8:3	EXO.31.18	7
8:3	JOB.25.3	6
8:3	JOB.25.5	6
8:3	PSA.19.1	6
8:3	JOB.36.24	5
8:3	PSA.148.3	5
8:4	JOB.7.17	69
8:4	PSA.144.3	68
8:4	HEB.2.6-HEB.2.9	52
8:4	PSA.146.3	18
8:4	LUK.1.68	15
8:4	GEN.21.1	13
8:4	2CH.6.18	13
8:4	PSA.80.17	13
8:4	JOB.25.6	12
8:4	ISA.51.12	12
8:4	MAT.8.20	12
8:4	PSA.106.4	11
8:4	PSA.4.2	10
8:4	EXO.4.31	9
8:4	LUK.19.44	8
8:4	ISA.40.17	7
8:4	EZK.8.15	5
8:4	1PE.2.12	4
8:5	HEB.2.7	38
8:5	HEB.2.9	29
8:5	GEN.1.26-GEN.1.27	15
8:5	PHP.2.7-PHP.2.11	8
8:5	HEB.2.16	8
8:5	PSA.21.3-PSA.21.5	6
8:5	PSA.103.4	6
8:5	EPH.1.21	6
8:5	GEN.2.7	4
8:5	1PE.1.20-1PE.1.21	4
8:5	PSA.45.1-PSA.45.3	2
8:5	PSA.103.20	2
8:5	JHN.13.31-JHN.13.32	2
8:5	JOB.4.18-JOB.4.20	0
8:5	PSA.45.6	0
8:6	GEN.1.28	25
8:6	GEN.1.26	18
8:6	MAT.28.18	17
8:6	HEB.2.8	16
8:6	EPH.1.22	14
8:6	GEN.9.2	9
8:6	PSA.110.1	8
8:6	1PE.3.22	6
8:6	1CO.15.24-1CO.15.27	5
8:6	HEB.1.2	5
8:7	GEN.2.20	7
8:8	GEN.1.20-GEN.1.25	4
8:8	PSA.148.10	4
8:8	JOB.38.39-JOB.39.30	3
8:8	JOB.40.15-JOB.41.34	0
8:9	PSA.8.1	19
8:9	JOB.11.7	3
8:9	PSA.104.24	3
8:9	DEU.33.26	2
9:1	PSA.86.12	36
9:1	1CH.16.24	27
9:1	PSA.145.1-PSA.145.3	21
9:1	PSA.103.1-PSA.103.2	20
9:1	PSA.111.1	20
9:1	PSA.26.7	17
9:1	PSA.146.1-PSA.146.2	16
9:1	HEB.13.15	16
9:1	PSA.138.1	15
9:1	1CH.16.12	14
9:1	PSA.7.17	14
9:1	PSA.51.15	13
9:1	ISA.43.21	12
9:1	ISA.12.1	11
9:1	LUK.10.27	11
9:1	REV.15.3	11
9:1	1CH.29.10-1CH.29.13	10
9:1	REV.5.9-REV.5.14	10
9:1	PSA.34.1-PSA.34.4	9
9:1	PSA.106.2	9
9:1	ISA.60.6	9
9:1	PSA.9.14	8
9:2	PSA.83.18	11
9:2	PSA.5.11	10
9:2	PSA.7.17	7
9:2	PSA.28.7	6
9:2	PSA.97.9	6
9:2	PSA.92.1	5
9:2	PHP.4.4	5
9:2	PSA.97.12	4
9:2	PSA.27.6	3
9:2	PSA.43.4	3
9:2	PSA.56.2-PSA.56.3	3
9:2	DAN.5.18	3
9:2	HAB.3.17-HAB.3.18	3
9:2	PSA.92.4	2
9:3	2TH.1.9	6
9:3	PSA.76.7	4
9:3	PSA.80.16	4
9:3	REV.6.12-REV.6.17	4
9:3	REV.20.11	4
9:3	PSA.68.1-PSA.68.2	3
9:3	ISA.64.3	3
9:4	PSA.140.12	12
9:4	1PE.2.23	10
9:4	PSA.98.9	8
9:4	ISA.11.4	8
9:4	PSA.47.8	6
9:4	PSA.89.14	6
9:4	PSA.16.5	5
9:4	PSA.45.6-PSA.45.7	5
9:4	PSA.96.13	5
9:5	PRO.10.7	9
9:5	MAL.4.3	6
9:5	REV.19.15	6
9:5	DEU.9.14	5
9:5	PRO.13.9	5
9:5	2SA.17.23	3
9:5	2SA.22.44-2SA.22.46	3
9:5	PSA.78.55	3
9:5	PSA.79.10	3
9:5	PSA.149.7	3
9:5	1SA.17.45-1SA.17.51	2
9:5	1SA.25.32	2
9:5	1SA.31.4	2
9:5	2SA.5.6-2SA.5.16	2
9:5	2SA.8.1-2SA.8.15	2
9:5	2SA.10.6-2SA.10.9	2
9:5	2SA.21.15-2SA.21.22	2
9:5	PSA.2.1	2
9:5	PSA.2.8-PSA.2.9	2
9:5	PSA.5.6	2
9:6	EXO.14.13	5
9:6	ISA.14.22-ISA.14.23	5
9:6	1CO.15.26	4
9:6	MIC.7.8	3
9:6	EXO.15.16	2
9:6	1SA.31.7	2
9:6	2KI.19.25	2
9:6	PSA.7.5	2
9:6	PSA.8.2	2
9:6	PSA.34.16	2
9:6	PSA.46.9	2
9:6	ISA.10.6-ISA.10.7	2
9:6	ISA.10.24-ISA.10.25	2
9:6	ISA.14.6-ISA.14.8	2
9:6	ISA.14.17	2
9:6	ISA.37.26	2
9:6	JER.51.25	2
9:6	JER.51.62-JER.51.64	2
9:6	MIC.7.10	2
9:6	NAM.1.9-NAM.1.13	2
9:6	1CO.15.54-1CO.15.57	2
9:6	REV.20.2	2
9:6	1SA.30.1	1
9:6	ISA.10.13-ISA.10.14	1
9:7	PSA.103.19	7
9:7	HEB.13.8	4
9:7	REV.20.11	4
9:7	PSA.89.14	3
9:7	PSA.102.12	3
9:7	PSA.50.3-PSA.50.5	2
9:7	PSA.102.24-PSA.102.27	2
9:7	HEB.1.11-HEB.1.12	2
9:7	2PE.3.8	2
9:7	PSA.90.2	1
9:8	PSA.96.13	7
9:8	REV.20.12-REV.20.13	6
9:8	PSA.98.9	5
9:8	ACT.17.31	5
9:8	ROM.2.5-ROM.2.6	4
9:8	ROM.2.16	4
9:8	GEN.18.25	3
9:8	PSA.50.6	2
9:8	PSA.94.15	2
9:8	PSA.99.4	2
9:8	ISA.11.4-ISA.11.5	2
9:9	PRO.18.10	33
9:9	PSA.91.1-PSA.91.2	24
9:9	NAM.1.7	21
9:9	PSA.32.7	20
9:9	PSA.46.1	18
9:9	PSA.62.8	14
9:9	PSA.18.2	11
9:9	PSA.37.39	11
9:9	PSA.50.15	9
9:9	LUK.13.34	9
9:9	ISA.8.14	7
9:9	DEU.33.27	5
9:9	PSA.20.1	5
9:9	PSA.46.7	5
9:9	ISA.32.2	5
9:9	HEB.6.18	5
9:9	PSA.77.1-PSA.77.2	4
9:9	PSA.108.12	4
9:9	PSA.48.3	3
9:9	PSA.142.4	3
9:9	ISA.4.5-ISA.4.6	3
9:10	PSA.91.14	32
9:10	PRO.18.10	26
9:10	ISA.26.3-ISA.26.4	25
9:10	PSA.105.3-PSA.105.4	19
9:10	2CO.1.9-2CO.1.10	18
9:10	PSA.5.11	13
9:10	JER.29.13	13
9:10	2TI.1.12	11
9:10	PSA.57.1	10
9:10	1JN.5.20	10
9:10	ISA.55.6-ISA.55.7	7
9:10	2CO.4.6	7
9:10	PSA.37.28	6
9:10	PSA.146.5-PSA.146.6	6
9:10	ISA.45.19	6
9:10	1CH.28.9	5
9:10	1JN.2.3	5
9:10	EXO.34.5-EXO.34.7	4
9:10	ISA.46.3-ISA.46.4	4
9:10	JHN.17.3	4
9:11	PSA.107.22	13
9:11	PSA.96.1-PSA.96.2	10
9:11	PSA.148.1-PSA.148.5	10
9:11	PSA.66.2	9
9:11	PSA.105.1-PSA.105.2	8
9:11	ISA.12.4-ISA.12.6	8
9:11	PSA.96.10	7
9:11	PSA.118.17	7
9:11	PSA.66.5	6
9:11	PSA.33.1-PSA.33.3	5
9:11	PSA.76.2	5
9:11	REV.14.1	5
9:11	PSA.78.68	4
9:11	ISA.14.32	4
9:11	JHN.17.26	4
9:11	PSA.47.6-PSA.47.7	3
9:11	PSA.132.13-PSA.132.14	2
9:11	PSA.148.13-PSA.148.14	0
9:12	PSA.34.6	11
9:12	EXO.3.7	10
9:12	REV.16.6	7
9:12	GEN.9.5	6
9:12	REV.6.9-REV.6.10	6
9:12	PSA.22.24	5
9:12	ISA.26.21	5
9:12	LUK.18.7-LUK.18.8	5
9:12	EXO.3.9	4
9:12	JDG.10.16	4
9:12	2KI.24.4	4
9:12	PSA.102.17	4
9:12	LUK.11.50-LUK.11.51	4
9:12	PSA.10.14	3
9:12	PSA.10.17	3
9:12	MAT.23.35	3
9:13	PSA.30.3	4
9:13	PSA.13.3	3
9:13	PSA.86.13	3
9:13	ISA.38.10	3
9:13	NEH.9.32	2
9:13	PSA.25.19	2
9:13	PSA.38.19	2
9:13	PSA.51.1	2
9:13	PSA.56.13	2
9:13	PSA.107.18	2
9:13	PSA.116.3-PSA.116.4	2
9:13	PSA.119.132	2
9:13	PSA.119.153	2
9:13	PSA.142.6	2
9:13	LAM.1.9	2
9:13	LAM.1.11	2
9:13	JHN.2.6	1
9:14	PSA.13.5	7
9:14	1SA.2.1	4
9:14	PSA.20.5	4
9:14	PSA.35.9	4
9:14	PSA.51.12	4
9:14	PSA.106.2	4
9:14	PSA.21.1	3
9:14	ISA.37.22	3
9:14	HAB.3.18	3
9:14	PSA.22.22	2
9:14	PSA.22.25	2
9:14	PSA.35.18	2
9:14	PSA.42.4	2
9:14	PSA.51.15	2
9:14	PSA.79.13	2
9:14	PSA.109.30-PSA.109.31	2
9:14	PSA.116.18-PSA.116.19	2
9:14	PSA.118.19-PSA.118.20	2
9:14	PSA.149.1-PSA.149.2	2
9:14	ISA.12.3	2
9:14	ISA.62.11	2
9:14	MIC.4.13	2
9:14	LUK.1.47	2
9:15	PSA.57.6	7
9:15	PSA.7.15-PSA.7.16	6
9:15	PSA.35.8	6
9:15	PRO.5.22	6
9:15	PRO.22.8	5
9:15	PSA.94.23	3
9:15	PSA.37.15	2
9:16	EXO.7.5	8
9:16	PRO.12.13	5
9:16	EXO.14.31	4
9:16	PSA.83.17-PSA.83.18	4
9:16	EXO.14.4	3
9:16	JOS.2.10-JOS.2.11	3
9:16	JDG.1.7	3
9:16	ISA.8.15	3
9:16	EXO.14.10	2
9:16	DEU.29.22-DEU.29.28	2
9:16	1SA.6.19-1SA.6.20	2
9:16	1SA.17.46	2
9:16	2KI.19.19	2
9:16	2KI.19.34-2KI.19.35	2
9:16	PSA.5.1	2
9:16	PSA.11.6	2
9:16	PSA.19.14	2
9:16	PSA.48.11	2
9:16	PSA.58.10-PSA.58.11	2
9:16	PRO.6.2	2
9:16	PSA.92.3	1
9:16	PSA.140.9	1
9:16	ISA.28.13	1
9:17	PSA.50.22	10
9:17	ROM.2.8-ROM.2.9	10
9:17	REV.21.8	10
9:17	2TH.1.7-2TH.1.9	9
9:17	JOB.8.13	8
9:17	ISA.3.11	6
9:17	JER.2.32	6
9:17	JER.13.25	6
9:17	JER.18.15	6
9:17	REV.20.15	6
9:17	PRO.14.32	5
9:17	ISA.5.14	5
9:17	PSA.44.20	4
9:17	PSA.106.13	4
9:17	MAT.25.41-MAT.25.46	4
9:17	PSA.44.17	3
9:17	PSA.49.14	3
9:17	JER.3.21	3
9:17	HOS.2.13	3
9:18	PSA.12.5	14
9:18	PRO.23.18	12
9:18	PRO.24.14	8
9:18	JAS.2.5	8
9:18	LUK.1.53	7
9:18	LUK.6.20	7
9:18	PSA.102.20	6
9:18	PSA.72.4	5
9:18	PSA.102.17	5
9:18	PSA.71.5	4
9:18	PSA.109.31	4
9:18	PSA.9.12	3
9:18	PSA.72.12-PSA.72.14	2
9:19	PSA.3.7	5
9:19	PSA.44.23	5
9:19	PSA.44.26	5
9:19	PSA.7.6	4
9:19	PSA.10.12	4
9:19	PSA.74.22-PSA.74.23	4
9:19	PSA.149.7	4
9:19	ISA.51.9	4
9:19	REV.19.15	4
9:19	GEN.32.28	3
9:19	JER.10.25	3
9:19	JOL.3.12	3
9:19	ZEP.3.8	3
9:19	1SA.2.9	2
9:19	2CH.14.11	2
9:19	PSA.2.1-PSA.2.3	2
9:19	PSA.68.1-PSA.68.2	2
9:19	PSA.76.8-PSA.76.9	2
9:19	PSA.79.6	2
9:19	PSA.80.2	2
9:19	ISA.42.13-ISA.42.14	2
9:19	MIC.5.15	2
9:19	ZEC.14.18	2
9:20	ISA.31.3	5
9:20	PSA.62.9	4
9:20	PSA.82.6-PSA.82.7	4
9:20	JER.32.40	4
9:20	DEU.2.25	3
9:20	PSA.76.12	3
9:20	ACT.12.22-ACT.12.23	3
9:20	EXO.23.27	2
9:20	EZK.28.9	2
9:20	EZK.30.13	2
9:20	EXO.15.16	1
9:20	EZK.28.2	1
10:1	PSA.22.1	12
10:1	PSA.27.9	10
10:1	PSA.13.1-PSA.13.3	9
10:1	JOB.13.24	6
10:1	PSA.44.24	6
10:1	PSA.46.1	6
10:1	JER.14.8	6
10:1	PSA.30.7	5
10:1	PSA.88.14	5
10:1	JOB.34.29	3
10:1	JOB.23.9	2
10:2	PSA.59.12	16
10:2	PSA.36.11	12
10:2	PSA.7.16	11
10:2	PRO.5.22	10
10:2	PSA.31.18	8
10:2	PSA.119.122	7
10:2	PSA.140.5	6
10:2	ISA.10.12-ISA.10.13	6
10:2	PSA.119.69	5
10:2	PSA.119.85	5
10:2	PSA.9.15-PSA.9.16	4
10:2	PSA.119.5	4
10:2	ISA.14.13	4
10:2	ISA.14.16	4
10:2	JER.43.2	4
10:2	EXO.9.17	3
10:2	EXO.18.11	3
10:3	PSA.94.4	8
10:3	LUK.12.19	6
10:3	ZEC.11.5-ZEC.11.8	5
10:3	MIC.6.10-MIC.6.12	4
10:3	EXO.15.9	3
10:3	DEU.29.19	3
10:3	JOB.31.24	3
10:3	PSA.5.6	3
10:3	PSA.35.21	3
10:3	PSA.49.6	3
10:3	PSA.49.11-PSA.49.13	3
10:3	PRO.28.4	3
10:3	ISA.37.23	3
10:3	LEV.26.30	2
10:3	DEU.32.19	2
10:3	1SA.23.21	2
10:3	PSA.49.18	2
10:3	PSA.52.1	2
10:3	PSA.73.8-PSA.73.9	2
10:3	ISA.10.7-ISA.10.11	2
10:3	ISA.57.17	2
10:3	JER.22.17	2
10:3	HOS.12.7-HOS.12.8	2
10:3	HAB.2.9	2
10:3	MAT.26.15-MAT.26.16	2
10:3	LUK.12.15	2
10:3	LUK.16.14-LUK.16.15	2
10:3	ROM.1.29	2
10:3	ROM.1.32	2
10:3	1CO.6.10	2
10:3	EPH.5.5	2
10:3	COL.3.5	2
10:3	1TI.6.9-1TI.6.10	2
10:3	2TI.3.2-2TI.3.4	2
10:3	JAS.4.13	2
10:3	1JN.2.15	2
10:3	JAS.4.16	1
10:4	PSA.14.1-PSA.14.2	8
10:4	ROM.1.28	7
10:4	ACT.8.22	6
10:4	GEN.6.5	5
10:4	DEU.8.14	4
10:4	ROM.1.21	4
10:4	EXO.5.2	3
10:4	JOB.22.17	3
10:4	PSA.53.1	3
10:4	ISA.65.2	3
10:4	PSA.18.27	2
10:4	PSA.27.8	2
10:4	PSA.36.1	2
10:4	PSA.101.5	2
10:4	PRO.6.17	2
10:4	PRO.21.4	2
10:4	PRO.30.9	2
10:4	PRO.30.13	2
10:4	ISA.2.11	2
10:4	ISA.3.9	2
10:4	ISA.59.7	2
10:4	JER.2.31	2
10:4	JER.4.14	2
10:4	DAN.5.22-DAN.5.23	2
10:4	ZEP.2.3	2
10:4	MRK.7.21	2
10:4	EPH.2.12	2
10:5	ISA.26.11	5
10:5	PSA.12.5	3
10:5	PSA.92.5-PSA.92.6	3
10:5	HOS.14.9	3
10:5	JDG.9.27	2
10:5	JDG.9.38	2
10:5	2SA.5.6	2
10:5	1KI.20.10-1KI.20.11	2
10:5	1KI.20.13	2
10:5	PRO.1.19	2
10:5	PRO.2.13	2
10:5	PRO.2.15	2
10:5	PRO.15.24	2
10:5	PRO.24.1	2
10:5	ISA.5.12	2
10:5	ISA.10.1	2
10:5	ISA.28.15	2
10:5	ISA.42.25	2
10:5	HOS.9.9	2
10:5	ROM.3.16	2
10:5	GEN.6.12	1
10:6	ECC.8.11	4
10:6	ISA.56.12	4
10:6	MAT.24.48	4
10:6	PSA.11.1	3
10:6	PSA.15.5	3
10:6	NAM.1.10	3
10:6	1TH.5.3	3
10:6	REV.18.7	3
10:6	PSA.14.1	2
10:6	PSA.30.6	2
10:6	ISA.47.7	2
10:7	PSA.7.14	6
10:7	PSA.140.9	5
10:7	PSA.59.12	4
10:7	PSA.64.3	4
10:7	PSA.140.3	4
10:7	JOB.20.12	3
10:7	PSA.36.3	3
10:7	PSA.52.4	3
10:7	PSA.73.8	3
10:7	PSA.144.11	3
10:7	PRO.21.6	3
10:7	PRO.30.8	3
10:7	JER.9.3	3
10:7	MAT.12.34	3
10:7	JAS.3.6-JAS.3.8	3
10:7	JOB.15.35	2
10:7	PSA.5.9	2
10:7	PSA.12.2	2
10:7	PSA.41.6	2
10:7	PSA.55.21	2
10:7	PSA.58.3	2
10:7	PSA.62.4	2
10:7	PSA.144.8	2
10:7	ISA.59.4	2
10:7	JER.9.6	2
10:7	ROM.3.13-ROM.3.14	2
10:8	HAB.3.14	4
10:8	1SA.22.18	3
10:8	JER.22.17	3
10:8	1SA.23.23	2
10:8	2KI.21.16	2
10:8	PSA.17.11	2
10:8	PSA.94.6	2
10:8	PRO.1.11-PRO.1.12	2
10:8	PRO.6.12-PRO.6.13	2
10:8	LUK.8.1	2
10:8	LUK.10.1	1
10:9	PSA.17.12	7
10:9	PSA.59.3	5
10:9	MIC.7.2	4
10:9	PSA.35.10	3
10:9	JOB.5.15-JOB.5.16	2
10:9	PSA.12.5	2
10:9	PSA.140.5	2
10:9	PRO.14.31	2
10:9	PRO.22.16	2
10:9	PRO.28.15	2
10:9	ISA.3.15	2
10:9	ISA.32.7	2
10:9	LAM.3.10	2
10:9	EZK.22.29	2
10:9	AMO.2.6-AMO.2.7	2
10:9	AMO.3.4	2
10:9	AMO.5.11-AMO.5.12	2
10:9	NAM.2.11-NAM.2.12	2
10:9	HAB.3.14	2
10:9	ZEC.11.3	2
10:9	JHN.10.12	2
10:9	PSA.37.14	1
10:9	JER.5.26	1
10:9	EZK.19.3-EZK.19.6	1
10:9	HAB.1.15	1
10:9	ACT.23.21	1
10:9	PSA.109.31	0
10:10	1SA.18.21-1SA.18.26	5
10:10	1SA.23.21-1SA.23.22	4
10:10	1SA.2.36	3
10:10	2SA.15.5	3
10:11	EZK.8.12	6
10:11	PSA.94.7	5
10:11	PSA.10.6	4
10:11	PSA.73.11	4
10:11	PSA.64.5	3
10:11	ECC.8.11	3
10:11	EZK.9.9	3
10:11	JOB.22.13-JOB.22.14	2
10:11	MRK.2.6	2
10:11	LUK.7.39	2
10:12	MIC.5.9	9
10:12	PSA.9.12	5
10:12	PSA.94.2	5
10:12	PSA.17.7	3
10:12	ISA.33.10	3
10:12	PSA.3.7	2
10:12	PSA.7.6	2
10:12	PSA.9.19	2
10:12	PSA.77.9	2
10:12	ISA.26.11	2
10:12	PSA.13.1	1
10:13	LUK.10.16	4
10:13	NUM.11.20	3
10:13	2SA.12.9-2SA.12.10	3
10:13	2CH.24.22	3
10:13	PSA.74.10	3
10:13	PSA.74.18	3
10:13	1TH.4.8	3
10:13	GEN.9.5	2
10:13	GEN.42.22	2
10:13	LUK.11.50-LUK.11.51	1
10:14	PSA.68.5	7
10:14	PSA.55.22	5
10:14	PSA.146.9	5
10:14	DEU.10.18	4
10:14	JER.49.11	3
10:14	HOS.14.3	3
10:14	1PE.4.19	3
10:14	JDG.1.7	2
10:14	2KI.9.26	2
10:14	2CH.6.23	2
10:14	PSA.22.11	2
10:14	PSA.35.22	2
10:14	PRO.15.3	2
10:14	JER.16.17	2
10:14	JER.51.56	2
10:14	HAB.1.13	2
10:14	2TI.1.12	2
10:14	1PE.5.7	2
10:14	ISA.10.3	1
10:14	JOL.3.4	1
10:14	HEB.4.13	1
10:14	JER.23.24	0
10:15	PSA.37.17	10
10:15	JOB.38.15	9
10:15	ZEP.1.12	7
10:15	PSA.7.9	5
10:15	EZK.30.21-EZK.30.22	4
10:15	JER.2.34	3
10:15	ZEC.11.17	3
10:15	PSA.3.7	2
10:15	EZK.23.48	2
10:15	2KI.21.12-2KI.21.15	1
10:16	PSA.29.10	5
10:16	JER.10.10	5
10:16	1TI.1.17	4
10:16	DEU.8.20	3
10:16	PSA.145.13	3
10:16	DAN.4.34	3
10:16	DAN.6.26	3
10:16	PSA.9.5	2
10:16	PSA.9.15	2
10:16	PSA.18.43-PSA.18.45	2
10:16	PSA.44.2-PSA.44.3	2
10:16	PSA.78.55	2
10:16	PSA.93.1	2
10:16	PSA.146.10	2
10:16	ISA.33.22	2
10:16	LAM.5.19	2
10:16	1TI.6.15-1TI.6.16	2
10:17	PSA.145.19	16
10:17	2CH.34.27	14
10:17	PSA.34.15	12
10:17	1PE.3.12	10
10:17	ISA.65.24	9
10:17	PSA.37.4	8
10:17	1CH.29.18	7
10:17	2CH.33.12-2CH.33.13	7
10:17	PSA.9.12	7
10:17	JAS.1.16-JAS.1.17	7
10:17	2CH.30.12	6
10:17	LUK.18.13-LUK.18.14	6
10:17	PSA.102.17	5
10:17	PRO.16.1	5
10:17	MAT.5.3	5
10:17	JAS.4.6	5
10:17	1PE.5.5	5
10:17	PSA.9.18	4
10:17	PSA.112.7-PSA.112.8	4
10:17	PRO.10.24	4
10:17	PRO.15.8	4
10:17	ACT.4.24-ACT.4.31	4
10:17	ACT.12.5-ACT.12.19	4
10:17	ROM.8.26	4
10:17	EPH.2.18	4
10:17	EPH.3.12	4
10:17	JAS.4.10	4
10:17	2CH.29.36	3
10:18	PSA.9.9	7
10:18	PSA.82.3	6
10:18	ISA.11.4	4
10:18	PSA.17.14	3
10:18	LUK.18.7-LUK.18.8	3
10:18	1CO.15.47-1CO.15.48	3
10:18	PSA.10.14	2
10:18	PSA.72.4	2
10:18	PSA.74.21	2
10:18	PSA.94.1-PSA.94.6	2
10:18	LUK.16.25	2
10:18	PHP.3.18-PHP.3.19	2
11:1	ISA.26.3-ISA.26.4	13
11:1	PSA.56.11	12
11:1	1SA.23.14	11
11:1	PSA.25.2	9
11:1	LUK.13.31	5
11:1	2CH.16.8	4
11:1	PSA.16.1	4
11:1	PRO.6.5	4
11:1	2CH.14.11	3
11:1	PSA.7.1	3
11:1	PSA.9.10	3
11:1	PSA.31.14	3
11:1	1SA.19.11	2
11:1	1SA.20.38	2
11:1	1SA.21.10-1SA.21.12	2
11:1	1SA.22.3	2
11:1	1SA.27.1	2
11:1	PSA.55.6-PSA.55.7	2
11:2	PSA.21.12	5
11:2	PSA.37.14	5
11:2	PSA.64.3-PSA.64.5	5
11:2	JER.9.3	5
11:2	1SA.18.21	2
11:2	1SA.23.9	2
11:2	PSA.7.10	2
11:2	PSA.7.12	2
11:2	PSA.10.2	2
11:2	PSA.10.8-PSA.10.9	2
11:2	PSA.32.11	2
11:2	PSA.64.10	2
11:2	PSA.94.15	2
11:2	PSA.97.11	2
11:2	PSA.125.4	2
11:2	PSA.142.3	2
11:2	MAT.26.4	2
11:2	ACT.23.12-ACT.23.15	1
11:3	PSA.82.5	29
11:3	2TI.2.19	26
11:3	ISA.58.12	22
11:3	PSA.75.3	9
11:3	ACT.4.24-ACT.4.33	7
11:3	2KI.19.13-2KI.19.18	5
11:3	2CH.32.13-2CH.32.15	3
11:3	NEH.6.10-NEH.6.12	3
11:3	DAN.3.15-DAN.3.18	3
11:3	DAN.6.10-DAN.6.28	2
11:3	JHN.11.8-JHN.11.10	1
11:3	ACT.4.5-ACT.4.12	1
11:3	2KI.22.12-2KI.22.14	0
11:3	JER.26.11-JER.26.15	0
11:4	PSA.103.19	17
11:4	PSA.18.6	14
11:4	PSA.2.4	13
11:4	HAB.2.20	11
11:4	PSA.33.13	9
11:4	PSA.34.15-PSA.34.16	9
11:4	ISA.66.1	9
11:4	JER.23.24	9
11:4	2CH.16.9	7
11:4	HEB.4.13	7
11:4	REV.4.2	7
11:4	1CH.17.5	6
11:4	PSA.66.7	6
11:4	PRO.15.3	6
11:4	MAT.5.34	6
11:4	MAT.23.21	6
11:4	2TH.2.4	6
11:4	JER.17.10	5
11:4	ACT.7.49	5
11:4	EXO.40.34-EXO.40.35	4
11:4	PSA.9.11	4
11:4	ZEC.2.13	4
11:4	PSA.44.21	3
11:4	MIC.1.2	3
11:5	PRO.6.16-PRO.6.19	12
11:5	JAS.1.12	10
11:5	PSA.7.9	6
11:5	GEN.22.1	5
11:5	PSA.5.4-PSA.5.5	5
11:5	PSA.21.8	5
11:5	PSA.26.2	5
11:5	1PE.1.7	5
11:5	PSA.10.3	4
11:5	PSA.139.23-PSA.139.24	4
11:5	1PE.4.12	4
11:5	PSA.17.3	3
11:5	PSA.139.1	3
11:5	JER.12.8	3
11:5	ZEC.11.8	3
11:5	ZEC.13.9	3
11:5	MAL.3.3	2
11:6	EZK.38.22	15
11:6	GEN.19.24	12
11:6	EZK.13.13	9
11:6	LUK.17.29	9
11:6	PSA.75.8	8
11:6	JOB.18.15	7
11:6	JOB.20.23	7
11:6	JOB.27.13-JOB.27.23	6
11:6	PSA.105.32	6
11:6	JER.4.11-JER.4.12	6
11:6	JER.25.15-JER.25.17	6
11:6	HAB.2.16	6
11:6	JHN.18.11	6
11:6	EXO.9.23-EXO.9.24	5
11:6	PSA.16.5	5
11:6	ISA.24.17-ISA.24.18	5
11:6	ISA.51.17	5
11:6	ISA.51.22	4
11:6	GEN.43.34	1
11:6	1SA.1.4	1
11:6	1SA.9.23	1
11:7	REV.22.4	18
11:7	PSA.17.15	14
11:7	1PE.3.12	12
11:7	PSA.45.7	9
11:7	JOB.36.7	8
11:7	1JN.3.2	8
11:7	PSA.33.18	7
11:7	PSA.34.15	7
11:7	PSA.5.12	6
11:7	PSA.21.6	6
11:7	PSA.33.5	6
11:7	PSA.42.5	6
11:7	PSA.99.4	6
11:7	PSA.7.9	5
11:7	PSA.146.8	5
11:7	ISA.61.8	5
11:7	PSA.7.11	2
12:1	ISA.57.1	14
12:1	JER.5.1	12
12:1	MAT.24.12	12
12:1	ISA.59.13-ISA.59.15	11
12:1	ISA.1.21-ISA.1.22	10
12:1	PSA.6.1	9
12:1	ISA.63.5	9
12:1	GEN.6.12	8
12:1	PRO.20.6	8
12:1	MIC.7.1-MIC.7.2	8
12:1	1CH.15.21	7
12:1	PSA.6.4	7
12:1	ISA.1.9	7
12:1	MAT.8.25	7
12:1	PSA.3.7	6
12:1	PSA.54.1	6
12:1	MAT.14.30	5
12:1	ISA.59.4	4
12:2	ROM.16.18	10
12:2	JER.9.8	8
12:2	PSA.41.6	7
12:2	PSA.5.9	6
12:2	PSA.10.7	6
12:2	PSA.144.8	6
12:2	PSA.28.3	5
12:2	JAS.1.8	5
12:2	PSA.52.1-PSA.52.4	4
12:2	1TH.2.5	4
12:2	PSA.55.21	3
12:2	PSA.62.4	3
12:2	PSA.144.11	3
12:2	PRO.20.19	3
12:2	PRO.29.5	3
12:2	JER.9.2-JER.9.6	3
12:2	EZK.12.24	3
12:2	PSA.59.12	2
12:2	1CH.12.33	1
12:2	PSA.36.3-PSA.36.4	1
12:2	PSA.38.12	0
12:3	PRO.18.21	6
12:3	DAN.7.8	5
12:3	REV.13.5	5
12:3	PSA.17.10	4
12:3	EXO.15.9	2
12:3	1SA.2.3	2
12:3	1SA.17.43-1SA.17.44	2
12:3	2KI.19.23-2KI.19.24	2
12:3	PSA.73.8-PSA.73.9	2
12:3	EZK.28.2	2
12:3	EZK.28.9	2
12:3	EZK.29.3	2
12:3	DAN.4.30-DAN.4.31	2
12:3	DAN.7.25	2
12:3	MAL.3.13	2
12:3	2PE.2.18	2
12:3	JUD.1.16	2
12:3	JOB.32.22	1
12:3	ISA.10.10	1
12:4	JAS.3.5-JAS.3.6	8
12:4	EXO.5.2	6
12:4	JOB.21.14-JOB.21.15	6
12:4	2TH.2.4	6
12:4	JER.18.18	5
12:4	DAN.3.15	4
12:4	GEN.3.5	3
12:4	JER.2.31	3
12:5	PSA.34.6	32
12:5	PRO.14.31	26
12:5	JAS.5.4	24
12:5	PSA.146.7-PSA.146.8	23
12:5	ISA.33.10	22
12:5	MIC.7.8-MIC.7.9	22
12:5	EXO.2.23-EXO.2.24	21
12:5	JOB.5.15	21
12:5	JOB.5.21	20
12:5	PSA.10.12	20
12:5	EZK.18.12-EZK.18.13	19
12:5	EXO.3.7-EXO.3.9	18
12:5	PSA.74.21-PSA.74.22	18
12:5	ISA.19.20	18
12:5	PSA.79.10-PSA.79.11	17
12:5	PRO.22.22-PRO.22.23	17
12:5	PSA.10.18	16
12:5	EZK.18.18	16
12:5	ECC.4.1	14
12:5	ECC.5.8	14
12:5	PSA.10.5	12
12:5	JDG.10.16	10
12:6	PRO.30.5	28
12:6	PSA.18.30	21
12:6	2SA.22.31	19
12:6	PSA.19.8	17
12:6	PSA.66.10	14
12:6	PSA.119.140	11
12:7	1SA.2.9	10
12:7	PSA.121.8	4
12:7	PSA.37.40	3
12:7	PSA.145.20	3
12:7	1PE.1.5	3
12:7	DEU.33.3	2
12:7	PSA.10.18	2
12:7	PSA.16.1	2
12:7	PSA.37.28	2
12:7	ISA.27.3	2
12:7	MAT.3.7	2
12:7	JUD.1.1	1
12:8	PSA.55.10-PSA.55.11	5
12:8	PRO.29.12	5
12:8	MRK.14.63-MRK.14.65	5
12:8	ISA.32.4-ISA.32.6	3
12:8	HOS.5.11	3
12:8	JDG.9.18-JDG.9.57	2
12:8	EST.3.6-EST.3.15	2
12:8	DAN.11.21	2
12:8	MIC.6.16	2
12:8	JOB.30.8	1
12:8	1SA.18.17-1SA.18.18	0
13:1	JOB.13.24	26
13:1	LAM.5.20	19
13:1	PSA.89.46	17
13:1	PSA.94.3-PSA.94.4	16
13:1	PSA.22.1-PSA.22.2	14
13:1	PSA.80.4	13
13:1	PSA.44.24	12
13:1	PSA.6.3	11
13:1	PSA.35.17	11
13:1	PSA.74.1	10
13:1	PSA.10.12	9
13:1	PSA.85.5	8
13:1	PSA.90.14	7
13:1	ISA.59.2	7
13:1	DEU.31.17	3
13:2	MIC.7.8-MIC.7.10	10
13:2	JER.8.18	7
13:2	JER.15.18	5
13:2	PSA.143.3-PSA.143.4	4
13:2	PRO.15.13	4
13:2	LAM.1.5	4
13:2	JOB.10.15	3
13:2	JOB.23.8-JOB.23.10	3
13:2	PSA.123.3-PSA.123.4	3
13:2	PSA.142.4-PSA.142.7	3
13:2	ECC.5.17	3
13:2	1SA.18.29	2
13:2	1SA.24.19	2
13:2	NEH.2.2	2
13:2	EST.7.6	2
13:2	JOB.7.12-JOB.7.15	2
13:2	JOB.9.19-JOB.9.21	2
13:2	JOB.9.27-JOB.9.28	2
13:2	PSA.7.2	2
13:2	PSA.7.4-PSA.7.5	2
13:2	PSA.8.2	2
13:2	PSA.9.6	2
13:2	PSA.10.18	2
13:2	PSA.17.9	2
13:2	PSA.22.7-PSA.22.8	2
13:2	PSA.31.18	2
13:2	PSA.42.4	2
13:2	PSA.42.9-PSA.42.10	2
13:2	PSA.44.14-PSA.44.16	2
13:2	PSA.74.10	2
13:2	PSA.74.18	2
13:2	PSA.94.18-PSA.94.19	2
13:2	PSA.116.3	2
13:2	LAM.1.9	2
13:2	MAT.26.38	2
13:2	JHN.16.6	2
13:2	ROM.9.2	2
13:2	PHP.2.27	2
13:2	PSA.38.17	1
13:2	PSA.77.2-PSA.77.12	1
13:2	JER.45.3	1
13:2	LUK.22.53	1
13:3	EZR.9.8	11
13:3	PSA.18.28	10
13:3	JER.51.39	7
13:3	1SA.14.29	6
13:3	PSA.5.1	6
13:3	1SA.14.27	4
13:3	PSA.9.13	3
13:3	PSA.25.19	3
13:3	PSA.31.7	3
13:3	PSA.119.153	3
13:3	JER.51.57	3
13:3	LAM.5.1	3
13:3	LUK.2.32	3
13:3	EPH.5.14	3
13:3	REV.21.23	2
13:4	PSA.25.2	7
13:4	JER.1.19	6
13:4	PRO.12.3	5
13:4	PSA.62.6	4
13:4	JOS.7.9	3
13:4	PSA.38.16	3
13:4	LAM.1.16	3
13:4	PSA.9.19	2
13:4	PSA.10.11	2
13:4	PSA.35.19	2
13:4	PSA.35.25	2
13:4	PSA.55.22	2
13:4	PSA.62.2	2
13:4	PSA.112.6	2
13:4	PSA.121.1-PSA.121.3	2
13:4	EZK.35.12-EZK.35.15	2
13:5	ISA.12.2	27
13:5	JUD.1.21	26
13:5	HAB.3.18	23
13:5	PSA.52.8	18
13:5	PSA.36.7	16
13:5	PSA.119.81	16
13:5	PSA.9.14	15
13:5	PSA.33.18	15
13:5	PSA.33.21-PSA.33.22	15
13:5	PSA.51.12	15
13:5	1SA.2.1	14
13:5	PSA.32.10	13
13:5	LUK.2.20	13
13:5	PSA.147.11	12
13:5	LUK.1.47	12
13:5	PSA.43.4-PSA.43.5	11
13:6	PSA.116.7	19
13:6	PSA.21.13	16
13:6	PSA.119.7	14
14:1	PSA.10.4	42
14:1	PSA.53.1	25
14:1	ROM.3.10-ROM.3.12	16
14:1	ROM.1.21-ROM.1.32	14
14:1	PSA.92.6	11
14:1	EPH.2.1-EPH.2.3	9
14:1	PRO.1.7	8
14:1	MAT.12.34	8
14:1	GEN.6.5	7
14:1	MAT.15.19	6
14:1	LUK.12.20	6
14:1	PSA.94.4-PSA.94.8	5
14:1	JHN.3.19-JHN.3.20	5
14:1	TIT.3.3	5
14:1	GEN.6.11-GEN.6.12	4
14:1	PRO.13.19	4
14:1	PRO.27.22	4
14:1	TIT.1.16	4
14:1	PSA.36.1-PSA.36.4	3
14:1	ISA.1.4	3
14:1	EPH.2.12	3
14:1	1SA.25.25	2
14:1	PSA.52.1-PSA.52.6	2
14:1	PSA.107.17	2
14:1	JOB.22.13	1
14:1	PRO.1.22	1
14:1	REV.21.8	1
14:1	JOB.15.16	0
14:2	ROM.3.11	16
14:2	PSA.33.13-PSA.33.14	15
14:2	HEB.11.6	15
14:2	PSA.102.19-PSA.102.20	12
14:2	GEN.6.12	11
14:2	MAT.13.15	7
14:2	2CH.19.3	6
14:2	DAN.12.10	6
14:2	PSA.82.5	5
14:2	ISA.55.6	5
14:2	PSA.92.6	4
14:2	PRO.2.9	4
14:2	PRO.9.16	4
14:2	ISA.27.11	4
14:2	ISA.63.15	4
14:2	JER.4.22	4
14:2	GEN.18.21	3
14:2	PSA.107.43	3
14:2	PRO.8.5	3
14:2	ISA.8.19	3
14:2	LAM.3.50	3
14:2	GEN.11.5	2
14:2	2CH.30.19	2
14:2	PSA.69.32	2
14:2	PRO.9.4	2
14:2	ISA.64.1	1
14:3	ROM.3.10-ROM.3.12	130
14:3	ISA.53.6	96
14:3	ISA.64.6	89
14:3	ROM.3.23	66
14:3	PSA.14.1	62
14:3	ISA.59.13-ISA.59.15	52
14:3	ISA.59.7-ISA.59.8	51
14:3	JOB.14.4	48
14:3	PSA.58.3	39
14:3	PSA.143.2	36
14:3	EPH.2.3	36
14:3	EZK.36.25	32
14:3	2PE.2.13-2PE.2.15	31
14:3	JER.2.13	30
14:3	2CO.7.1	25
14:3	PSA.119.176	23
14:3	PSA.38.5	19
14:3	ECC.7.29	19
14:3	DEU.1.35	15
14:3	JOB.15.16	12
14:3	1CO.6.5	12
14:3	EXO.12.30	5
14:3	EXO.8.31	1
14:4	PSA.79.6	8
14:4	JER.10.25	7
14:4	PSA.82.5	6
14:4	ISA.64.7	5
14:4	ROM.1.28	5
14:4	PSA.27.2	4
14:4	AMO.8.4	4
14:4	EPH.4.17-EPH.4.18	4
14:4	JOB.27.10	3
14:4	PSA.94.8-PSA.94.9	3
14:4	ISA.29.14	3
14:4	ISA.45.20	3
14:4	HOS.7.7	3
14:4	MIC.3.2-MIC.3.3	3
14:4	GAL.5.15	3
14:4	ISA.5.13	2
14:4	ISA.27.11	2
14:4	ISA.44.19-ISA.44.20	2
14:4	ROM.1.21-ROM.1.22	2
14:4	JOB.21.15	1
14:4	2CO.4.3-2CO.4.4	1
14:5	PSA.112.2	7
14:5	PSA.73.15	6
14:5	PSA.24.6	5
14:5	ISA.43.1-ISA.43.2	3
14:5	EXO.15.16	2
14:5	EST.8.7	2
14:5	PSA.22.30	2
14:5	PSA.46.5	2
14:5	PSA.46.7	2
14:5	PSA.46.11	2
14:5	PSA.53.5	2
14:5	PRO.1.26-PRO.1.27	2
14:5	PRO.28.1	2
14:5	ISA.8.10	2
14:5	ISA.41.10	2
14:5	MAT.1.23	2
14:5	1PE.2.9	2
14:5	ISA.12.6	1
14:6	PSA.9.9	4
14:6	PSA.4.2	3
14:6	PSA.42.10	3
14:6	NEH.4.2-NEH.4.4	2
14:6	PSA.3.2	2
14:6	PSA.22.7-PSA.22.8	2
14:6	PSA.40.17	2
14:6	PSA.46.1	2
14:6	PSA.142.5	2
14:6	ISA.37.10-ISA.37.11	2
14:6	EZK.35.10	2
14:6	DAN.3.15	2
14:6	MAT.27.40-MAT.27.43	2
14:6	HEB.6.18	1
14:7	PSA.53.6	7
14:7	PSA.85.1	3
15:1	PSA.24.3-PSA.24.5	46
15:1	PSA.84.4	26
15:1	PSA.61.4	22
15:1	PSA.92.13	20
15:1	PSA.23.6	15
15:1	REV.21.23-REV.21.24	13
15:1	PSA.43.3-PSA.43.4	11
15:1	REV.21.3-REV.21.4	10
15:1	HEB.12.22	9
15:1	JHN.17.24	8
15:1	JHN.3.3-JHN.3.5	7
15:1	PSA.1.1-PSA.1.4	6
15:1	PSA.2.6	6
15:1	PSA.3.4	6
15:1	PSA.27.4-PSA.27.6	6
15:1	PSA.87.1-PSA.87.3	4
15:1	JHN.14.3	4
15:1	REV.7.14-REV.7.17	4
15:1	REV.14.1	3
15:1	PSA.21.3-PSA.21.5	2
15:2	PRO.28.18	19
15:2	EPH.4.25	17
15:2	COL.3.9	17
15:2	PSA.34.12-PSA.34.13	12
15:2	PRO.2.7-PRO.2.8	12
15:2	1JN.3.7	10
15:2	ZEC.8.16-ZEC.8.17	9
15:2	ACT.10.35	9
15:2	EPH.2.10	9
15:2	PSA.24.4	8
15:2	MIC.2.7	8
15:2	1JN.2.6	8
15:2	HEB.11.33	7
15:2	ISA.33.15	6
15:2	GAL.2.14	6
15:2	REV.22.14-REV.22.15	6
15:2	ROM.2.10	5
15:2	REV.21.8	5
15:2	PSA.84.11	4
15:2	ISA.63.8	4
15:2	LUK.1.6	4
15:2	1JN.2.29	4
15:3	ROM.13.10	13
15:3	PSA.101.5-PSA.101.8	11
15:3	MAT.7.12	10
15:3	JAS.4.11	9
15:3	LEV.19.16	8
15:3	3JN.1.11	8
15:3	JER.9.4-JER.9.9	6
15:3	EXO.23.1-EXO.23.33	4
15:3	ISA.56.2	4
15:3	1PE.2.1-1PE.2.2	4
15:3	PRO.22.10	3
15:3	PRO.25.3	3
15:3	ROM.1.30	3
15:3	1SA.24.11	2
15:3	ROM.12.17	2
15:3	TIT.3.2	2
15:4	JDG.11.35	11
15:4	MAT.5.33	10
15:4	PSA.101.6	6
15:4	PSA.101.4	5
15:4	PSA.16.3	4
15:4	ISA.32.5-ISA.32.6	4
15:4	1JN.3.14	4
15:4	JOB.32.21-JOB.32.22	3
15:4	PSA.119.63	3
15:4	JOS.9.18-JOS.9.20	2
15:4	2SA.21.1-2SA.21.2	2
15:4	2KI.3.13-2KI.3.14	2
15:4	EST.3.2	2
15:4	DAN.5.17-DAN.5.31	2
15:4	MAT.12.49-MAT.12.50	1
15:4	ACT.24.2-ACT.24.3	1
15:4	ACT.24.25	1
15:4	ACT.28.10	1
15:4	JAS.2.1-JAS.2.9	0
15:5	EXO.22.25	15
15:5	DEU.16.19	15
15:5	EZK.22.12	12
15:5	DEU.23.19-DEU.23.20	8
15:5	EZK.18.8	8
15:5	MAT.7.21-MAT.7.25	8
15:5	EXO.23.7-EXO.23.8	6
15:5	PSA.55.22	6
15:5	PRO.12.3	6
15:5	JHN.13.17	6
15:5	JAS.1.22-JAS.1.25	6
15:5	PSA.16.8	5
15:5	PSA.106.3	5
15:5	PSA.112.6	5
15:5	ISA.33.15	5
15:5	MAT.27.3-MAT.27.5	5
15:5	2PE.1.10-2PE.1.11	5
15:5	LEV.25.35-LEV.25.37	4
15:5	NEH.5.2-NEH.5.5	4
15:5	EZK.18.17	4
15:5	EZK.18.27	4
15:5	MIC.7.3	4
15:5	MAT.26.15	4
15:5	NEH.5.7-NEH.5.13	3
16:1	ISA.26.3-ISA.26.4	16
16:1	PSA.17.8	10
16:1	PSA.31.23	10
16:1	PSA.56.1	10
16:1	2TI.1.12	9
16:1	PSA.7.1	8
16:1	PSA.116.6	8
16:1	PSA.60.1	7
16:1	PSA.84.12	7
16:1	JER.17.7-JER.17.8	7
16:1	PSA.9.10	6
16:1	PSA.25.20	6
16:1	PSA.146.5	6
16:1	PRO.2.8	6
16:1	PSA.17.5	5
16:1	PSA.37.28	5
16:1	PSA.97.10	5
16:1	PSA.125.1	5
16:1	PSA.22.8	3
16:1	2CO.1.9	3
16:2	PSA.73.25	19
16:2	PSA.31.14	10
16:2	JOB.22.2-JOB.22.3	8
16:2	PSA.89.26	8
16:2	PSA.8.1	7
16:2	PSA.27.8	7
16:2	PSA.91.2	7
16:2	JHN.20.28	7
16:2	ISA.26.13	6
16:2	ZEC.13.9	5
16:2	ROM.11.35	5
16:2	ISA.44.5	4
16:2	LUK.17.10	4
16:2	JOB.35.7-JOB.35.8	3
16:2	PSA.50.9-PSA.50.10	2
16:3	PRO.13.20	7
16:3	PRO.12.26	6
16:3	HEB.6.10	6
16:3	2CH.6.41	5
16:3	MAL.3.17	4
16:3	ACT.9.13	4
16:3	PSA.30.4	3
16:3	PSA.101.6	3
16:3	PSA.116.15	3
16:3	PSA.119.63	3
16:3	PRO.8.31	3
16:3	SNG.4.1-SNG.4.7	3
16:3	ISA.62.4	3
16:3	EPH.5.25-EPH.5.27	3
16:3	1JN.3.14-1JN.3.17	3
16:3	GAL.6.10	2
16:3	EPH.1.1	2
16:3	TIT.3.8	2
16:3	SNG.7.10	1
16:4	EXO.23.13	25
16:4	JOS.23.7	16
16:4	PSA.32.10	11
16:4	PSA.97.7	11
16:4	JON.2.8	10
16:4	ISA.57.6	8
16:4	PSA.106.37-PSA.106.38	7
16:4	GEN.35.14	6
16:4	LEV.23.13	6
16:4	ISA.65.11	6
16:4	ISA.66.3	6
16:4	JER.7.18	6
16:4	HOS.2.16-HOS.2.17	6
16:4	REV.18.4-REV.18.5	6
16:4	REV.14.9-REV.14.11	5
16:5	PSA.73.26	28
16:5	PSA.142.5	25
16:5	LAM.3.24	24
16:5	PSA.23.5	16
16:5	PSA.119.57	16
16:5	DEU.32.9	13
16:5	PSA.89.20-PSA.89.37	9
16:5	PSA.9.4	8
16:5	PSA.89.4	8
16:5	PSA.116.13	7
16:5	ISA.53.12	7
16:5	JER.10.16	7
16:5	PSA.21.7-PSA.21.12	6
16:5	PSA.2.6	5
16:5	PSA.132.11	5
16:5	ACT.5.31	5
16:5	PSA.11.6	4
16:5	PSA.125.3	4
16:5	1CO.15.25	4
16:5	PSA.110.1-PSA.110.2	2
16:5	ISA.42.1	2
16:5	EPH.5.18	2
16:5	PSA.132.17-PSA.132.18	1
16:5	ACT.2.32	1
16:5	PSA.61.6-PSA.61.7	0
16:6	JER.3.19	18
16:6	PSA.21.1-PSA.21.3	12
16:6	PSA.78.55	12
16:6	EPH.1.18	12
16:6	HEB.12.2	12
16:6	ROM.8.17	11
16:6	1CO.3.21-1CO.3.23	11
16:6	PHP.2.9-PHP.2.11	10
16:6	REV.3.21	10
16:6	2TI.2.12	9
16:6	JHN.20.17	2
16:7	PSA.17.3	15
16:7	PSA.63.6	15
16:7	ISA.50.4	15
16:7	PSA.73.24	14
16:7	PSA.77.6	14
16:7	PSA.42.8	10
16:7	PSA.119.55	9
16:7	ISA.26.9	9
16:7	JER.17.10	9
16:7	ISA.48.17	8
16:7	PRO.8.14	7
16:7	LUK.6.12	7
16:7	PSA.77.2	5
16:7	PSA.119.7	5
16:7	PSA.119.148	5
16:7	REV.2.23	4
16:7	ISA.11.2-ISA.11.4	3
16:7	PSA.22.2	2
16:7	PSA.73.21	1
16:7	JER.12.2	1
16:8	PSA.62.6	58
16:8	ACT.2.25-ACT.2.28	53
16:8	PSA.73.23	49
16:8	PSA.121.5	47
16:8	PSA.73.26	34
16:8	PSA.110.5	30
16:8	PSA.109.31	27
16:8	HEB.11.27	13
16:8	PSA.15.5	9
16:8	PSA.139.18	8
16:9	ACT.2.26	19
16:9	PSA.30.12	12
16:9	PSA.57.8	10
16:9	PSA.4.7-PSA.4.8	8
16:9	PSA.108.1	7
16:9	JOB.14.14-JOB.14.15	6
16:9	JOB.19.26-JOB.19.27	6
16:9	LUK.10.21-LUK.10.22	6
16:9	1TH.4.13-1TH.4.14	6
16:9	ISA.26.19	5
16:9	JAS.3.5-JAS.3.9	5
16:9	PRO.14.32	4
16:10	ACT.2.27-ACT.2.31	64
16:10	ACT.13.35-ACT.13.38	38
16:10	PSA.49.15	31
16:10	REV.1.18	22
16:10	ISA.14.9	9
16:10	REV.20.13	9
16:10	LUK.1.35	8
16:10	LUK.16.23	8
16:10	DEU.32.22	7
16:10	ISA.5.14	7
16:10	NUM.6.6	6
16:10	PSA.139.8	6
16:10	1CO.15.42	6
16:10	1CO.15.50-1CO.15.55	6
16:10	LEV.19.28	5
16:10	JOB.11.8	5
16:10	PSA.9.17	5
16:10	PRO.15.11	5
16:10	PRO.27.20	5
16:10	DAN.9.24	5
16:10	AMO.9.2	5
16:10	LUK.4.34	5
16:10	ACT.3.14-ACT.3.15	5
16:11	ACT.2.28	115
16:11	JUD.1.24	60
16:11	PSA.36.7-PSA.36.8	55
16:11	REV.7.15-REV.7.17	44
16:11	EPH.3.19	40
16:11	PSA.21.4-PSA.21.6	35
16:11	PRO.4.18	32
16:11	PSA.17.15	31
16:11	MAT.7.14	26
16:11	2CO.4.17	22
16:11	MAT.5.8	21
16:11	REV.22.5	21
16:11	ISA.2.3	20
16:11	PRO.12.28	16
16:11	1PE.3.22	15
16:11	ROM.8.11	14
16:11	1CO.13.12	12
16:11	PSA.139.24	11
16:11	MAT.25.33	10
16:11	1JN.3.2	10
16:11	MRK.16.19	8
16:11	PRO.2.19	5
16:11	MAT.25.46	5
16:11	1PE.1.21	2
16:11	PRO.5.6	1
16:11	ACT.7.56	1
17:1	PSA.142.6	10
17:1	PSA.61.1	9
17:1	PSA.145.18	6
17:1	DAN.9.18-DAN.9.19	6
17:1	MAT.15.8	6
17:1	1JN.3.21	6
17:1	2CH.7.15	5
17:1	PSA.7.8	5
17:1	PSA.18.20	5
17:1	PSA.43.1	5
17:1	PSA.66.19	5
17:1	PSA.86.1	5
17:1	PSA.140.12	5
17:1	ISA.29.13	5
17:1	PSA.5.2	4
17:1	PSA.142.1	4
17:1	NEH.1.6	3
17:1	PSA.18.44	3
17:1	PSA.55.2-PSA.55.3	3
17:1	JHN.1.47	3
17:1	JER.3.10	2
17:2	PSA.37.6	7
17:2	2TH.1.6-2TH.1.9	6
17:2	EZK.18.25	5
17:2	EZK.18.29	5
17:2	JUD.1.24	4
17:2	PSA.37.33	3
17:2	EZK.33.17	3
17:2	EZK.33.20	2
17:3	JOB.23.10	15
17:3	PSA.26.2	14
17:3	ACT.11.23	14
17:3	PSA.39.1	13
17:3	MAL.3.2	11
17:3	PSA.66.10	9
17:3	PSA.119.106	9
17:3	PSA.139.1	9
17:3	PRO.13.3	9
17:3	JER.50.20	9
17:3	ZEC.13.9	9
17:3	1SA.24.12	8
17:3	1SA.26.23	8
17:3	JOB.24.14	8
17:3	PSA.11.5	8
17:3	PSA.16.7	8
17:3	PSA.44.17-PSA.44.21	8
17:3	HOS.7.6	8
17:3	MIC.2.1	8
17:3	ACT.18.9-ACT.18.10	8
17:3	1PE.1.7	8
17:3	1SA.24.10	7
17:3	PSA.7.4	7
17:3	ACT.16.9	7
17:3	2CO.1.12	5
17:3	JAS.3.2	5
17:3	1SA.26.11	3
17:3	1CO.4.4	3
17:4	PSA.119.9-PSA.119.11	5
17:4	1CO.3.3	5
17:4	1PE.5.8	5
17:4	MAT.4.7	4
17:4	MAT.4.10	4
17:4	EPH.6.17	4
17:4	REV.12.11	4
17:4	PSA.14.1-PSA.14.3	3
17:4	PRO.2.10-PRO.2.15	3
17:4	MAT.4.4	3
17:4	JHN.17.17	3
17:4	JAS.1.18	3
17:4	GEN.6.11	2
17:4	JOB.15.16	2
17:4	JOB.31.33	2
17:4	1PE.4.2-1PE.4.3	2
17:4	REV.9.11	2
17:4	GEN.6.5	1
17:5	PSA.44.18	11
17:5	PSA.119.133	9
17:5	1SA.2.9	8
17:5	PSA.18.36	7
17:5	PSA.38.16	7
17:5	PSA.121.3	7
17:5	PSA.121.7	7
17:5	JOB.23.11	6
17:5	PSA.94.18	6
17:5	PSA.119.116-PSA.119.117	6
17:5	JER.10.23	6
17:6	PSA.116.2	12
17:6	PSA.86.7	10
17:6	PSA.66.19-PSA.66.20	9
17:6	PSA.88.2	9
17:6	PSA.55.16	8
17:6	ISA.37.17	6
17:6	DAN.9.17-DAN.9.19	6
17:6	ISA.37.20	4
17:6	PSA.13.3-PSA.13.4	1
17:7	PSA.60.5	14
17:7	PSA.5.11-PSA.5.12	13
17:7	PSA.20.6	13
17:7	PSA.31.21	13
17:7	ISA.41.10	11
17:7	EXO.15.6	9
17:7	1SA.17.45-1SA.17.57	9
17:7	2KI.19.34	9
17:7	2CH.16.9	9
17:7	PSA.10.12-PSA.10.16	9
17:7	PSA.44.3	9
17:7	ROM.5.20-ROM.5.21	9
17:7	ACT.2.33	8
17:7	1SA.25.28-1SA.25.29	7
17:7	2KI.19.22	7
17:7	PSA.78.12	6
17:7	REV.15.3	6
17:8	DEU.32.10	32
17:8	PSA.91.4	20
17:8	PSA.91.1	19
17:8	PRO.7.2	17
17:8	PSA.61.4	15
17:8	ZEC.2.8	15
17:8	RUT.2.12	14
17:8	PSA.36.7	14
17:8	LUK.13.34	14
17:8	PSA.57.1	13
17:8	MAT.23.37	12
17:8	PSA.63.7	10
17:9	PSA.35.4	4
17:9	PSA.35.7	4
17:9	1SA.24.11	2
17:9	1CH.17.9	2
17:9	PSA.7.5	2
17:9	PSA.31.20	2
17:9	PSA.35.12	2
17:10	1SA.2.3	6
17:10	PSA.31.18	5
17:10	PSA.123.4	5
17:10	MAT.13.15	4
17:10	REV.13.5-REV.13.6	4
17:10	EXO.5.2	3
17:10	EXO.15.9	3
17:10	JOB.15.27	3
17:10	PSA.73.7-PSA.73.9	3
17:10	PSA.119.70	3
17:10	ISA.6.10	3
17:10	ACT.28.27	3
17:10	2PE.2.18	3
17:10	DEU.32.15	2
17:10	PSA.12.3-PSA.12.4	2
17:11	PSA.37.14	4
17:11	PRO.6.13-PRO.6.14	4
17:11	PSA.10.8-PSA.10.10	3
17:11	1SA.23.26	2
17:11	1SA.24.2-1SA.24.3	2
17:11	1SA.26.2-1SA.26.3	2
17:11	PSA.88.17	2
17:12	PSA.7.2	4
17:12	PSA.10.9	3
17:12	1PE.5.8	3
17:12	PSA.22.13	2
17:12	2TI.4.17	2
17:13	PSA.3.7	5
17:13	PSA.7.6	5
17:13	PSA.44.26	5
17:13	PSA.7.11-PSA.7.13	4
17:13	PSA.22.20	4
17:13	PSA.44.23	4
17:13	ACT.4.28	4
17:13	PSA.119.126	3
17:13	ISA.10.5	3
17:13	ISA.10.15	3
17:13	ISA.51.9	3
17:13	ISA.13.5	2
17:13	ISA.37.26	2
17:13	HAB.1.12	2
17:14	JOB.22.18	8
17:14	JHN.17.14	7
17:14	PSA.49.17-PSA.49.19	6
17:14	LUK.12.19-LUK.12.21	6
17:14	LUK.16.8	6
17:14	LUK.16.25	6
17:14	JHN.8.23	6
17:14	JHN.15.19	6
17:14	JOB.12.6	5
17:14	JOB.12.9	5
17:14	JOB.21.7-JOB.21.15	5
17:14	JOB.21.21	5
17:14	JOB.27.14-JOB.27.17	5
17:14	PSA.39.6	5
17:14	PSA.73.3-PSA.73.7	5
17:14	PSA.73.12	5
17:14	JAS.5.5	5
17:14	1JN.4.4-1JN.4.5	5
17:14	PRO.2.4	4
17:14	MAT.13.44	4
17:14	LUK.16.27-LUK.16.28	4
17:15	2CO.3.18	17
17:15	PSA.11.7	15
17:15	PSA.16.11	15
17:15	MAT.5.6	15
17:15	PSA.4.6-PSA.4.7	13
17:15	1JN.3.2-1JN.3.3	13
17:15	PHP.3.21	11
17:15	PSA.65.4	10
17:15	ISA.26.19	10
17:15	REV.21.23	9
17:15	NUM.12.8	8
17:15	JOS.24.15	8
17:15	JOB.19.26-JOB.19.27	8
17:15	PSA.36.8-PSA.36.9	7
17:15	PSA.119.111	6
17:15	MAT.27.52-MAT.27.53	6
17:15	REV.21.3-REV.21.4	6
17:15	PSA.5.7	5
17:15	GEN.1.26-GEN.1.27	4
17:15	PSA.49.14	4
17:15	REV.7.16-REV.7.17	4
17:15	JOB.14.12	2
18:1	2SA.22.1-2SA.22.51	28
18:1	COL.1.11	25
18:1	1JN.4.19	21
18:1	ISA.12.1-ISA.12.6	16
18:1	PHP.4.13	14
18:1	PSA.34.19	12
18:1	PSA.116.1-PSA.116.6	12
18:1	PSA.28.7-PSA.28.8	9
18:1	PSA.118.14	9
18:1	PSA.144.1-PSA.144.2	9
18:1	1SA.2.1-1SA.2.10	8
18:1	PSA.116.16	7
18:1	PSA.18.32	6
18:1	PSA.36.1	6
18:1	EXO.15.1-EXO.15.21	5
18:1	ACT.13.36	5
18:1	HEB.3.5	5
18:1	JDG.5.1-JDG.5.31	3
18:2	PSA.144.2	55
18:2	PSA.62.7	46
18:2	PRO.18.10	39
18:2	PSA.19.14	37
18:2	PSA.91.2	35
18:2	PSA.62.2	30
18:2	2SA.22.3	29
18:2	JER.16.19	28
18:2	ISA.32.2	26
18:2	PSA.91.4	23
18:2	PRO.2.7	19
18:2	HEB.2.13	19
18:2	PSA.28.1	18
18:2	PSA.59.11	10
18:2	PSA.75.10	9
18:2	PSA.132.17	8
18:3	PSA.91.15	13
18:3	PSA.62.8	11
18:3	LUK.1.71	11
18:3	ROM.8.31-ROM.8.39	11
18:3	2SA.22.4	10
18:3	PSA.145.3	10
18:3	PSA.55.16	7
18:3	PSA.96.4	6
18:3	PSA.28.1-PSA.28.2	5
18:3	NEH.9.5	4
18:3	PSA.50.15	4
18:3	PHP.4.6-PHP.4.7	4
18:3	PSA.5.2-PSA.5.3	3
18:3	ACT.2.21	3
18:3	REV.4.11	3
18:3	REV.5.12-REV.5.14	3
18:3	PSA.48.1	1
18:3	PSA.65.1-PSA.65.2	1
18:3	PSA.76.4	1
18:4	PSA.116.3	7
18:4	MAT.27.24-MAT.27.25	4
18:4	MRK.14.33-MRK.14.34	4
18:4	2CO.1.9	4
18:4	2SA.22.5-2SA.22.6	3
18:4	PSA.22.12-PSA.22.13	3
18:4	PSA.22.16	3
18:4	PSA.124.4	3
18:4	ISA.53.3-ISA.53.4	3
18:4	JON.2.2-JON.2.7	3
18:4	MAT.26.47	3
18:4	MAT.27.39-MAT.27.44	3
18:4	ISA.13.8	2
18:4	MAT.26.38-MAT.26.39	2
18:4	MAT.26.55	2
18:4	ACT.21.30	2
18:5	PSA.86.13	4
18:5	PSA.88.3-PSA.88.8	3
18:5	PSA.88.15-PSA.88.17	3
18:5	ACT.2.24	3
18:5	PSA.116.3	2
18:5	ECC.9.12	2
18:6	PSA.50.15	27
18:6	2SA.22.7	22
18:6	PSA.34.15	21
18:6	PSA.130.1-PSA.130.2	18
18:6	PSA.120.1	14
18:6	PSA.18.3-PSA.18.4	13
18:6	PSA.27.4-PSA.27.5	13
18:6	2CH.30.27	11
18:6	EXO.2.23	10
18:6	ACT.12.5	9
18:6	PSA.5.7	8
18:6	PSA.11.4	8
18:6	HAB.2.20	8
18:6	REV.11.19	6
18:6	1KI.8.27-1KI.8.30	5
18:6	MRK.14.36	5
18:7	ACT.4.31	5
18:7	PSA.68.7-PSA.68.8	4
18:7	EZK.38.19-EZK.38.20	4
18:7	DEU.32.22	3
18:7	JDG.5.4	3
18:7	JER.4.24	3
18:7	ACT.16.25-ACT.16.26	3
18:7	PSA.114.4-PSA.114.7	2
18:7	HAB.3.6	2
18:7	HAB.3.10	2
18:7	ZEC.14.4	2
18:7	MAT.28.2	2
18:7	1CO.13.2	2
18:7	PSA.46.2	1
18:8	PSA.21.9	6
18:8	PSA.11.6	5
18:8	NAM.1.5-NAM.1.6	4
18:8	GEN.19.28	3
18:8	LEV.10.2	3
18:8	NUM.16.35	3
18:8	PSA.144.5-PSA.144.6	3
18:8	DAN.7.10	3
18:8	AMO.4.11	3
18:8	NUM.11.1	2
18:8	DEU.29.20	2
18:8	DEU.29.23-DEU.29.24	2
18:8	PSA.50.3	2
18:8	PSA.74.1	2
18:8	PSA.104.32	2
18:8	REV.11.5	2
18:9	PSA.144.5-PSA.144.15	4
18:9	DEU.33.26	3
18:9	2SA.22.10	3
18:9	2PE.3.10	3
18:9	DEU.5.22-DEU.5.23	2
18:9	JOL.3.16	2
18:9	MAT.24.29	2
18:9	MRK.15.33	2
18:9	JHN.13.7	2
18:9	HEB.12.26	2
18:9	REV.20.11	2
18:9	PSA.68.4	1
18:9	ISA.51.6	1
18:10	PSA.104.3	5
18:10	2SA.22.11-2SA.22.12	3
18:10	PSA.99.1	3
18:10	PSA.80.1	2
18:10	EZK.1.5-EZK.1.14	2
18:10	EZK.10.20-EZK.10.22	2
18:11	DEU.4.11	8
18:11	PSA.97.2	8
18:11	PSA.81.7	3
18:11	PSA.91.1	3
18:11	JOL.2.2	3
18:11	PSA.27.5	2
18:12	JOS.10.11	6
18:12	REV.16.21	4
18:12	EXO.9.23-EXO.9.24	3
18:12	MAT.17.2	3
18:12	MAT.17.5	3
18:12	2SA.22.13-2SA.22.15	2
18:12	PSA.97.3-PSA.97.4	2
18:12	PSA.104.2	2
18:12	HAB.3.4-HAB.3.5	2
18:13	PSA.104.7	6
18:13	1SA.7.10	5
18:13	PSA.29.3-PSA.29.4	3
18:13	PSA.140.10	3
18:13	EXO.20.18	2
18:13	DEU.32.24	2
18:13	JOB.40.9	2
18:13	PSA.78.48	2
18:13	PSA.120.3-PSA.120.4	2
18:13	EZK.10.5	2
18:13	HAB.3.5	2
18:13	JHN.12.29	2
18:13	REV.4.5	2
18:13	REV.8.5	2
18:13	REV.19.6	2
18:14	PSA.144.6	6
18:14	HAB.3.11	4
18:14	NUM.24.8	3
18:14	DEU.32.23	3
18:14	DEU.32.42	3
18:14	JOS.10.10	3
18:14	JOB.6.4	3
18:14	PSA.77.17	3
18:14	ISA.30.30	3
18:14	JOB.38.35	2
18:14	JOB.40.9-JOB.40.12	2
18:14	PSA.21.12	2
18:14	ZEC.9.14-ZEC.9.15	2
18:15	PSA.106.9	8
18:15	EXO.15.8	6
18:15	JOB.4.9	5
18:15	PSA.76.6	5
18:15	MIC.6.2	5
18:15	JOS.3.13-JOS.3.16	4
18:15	2SA.22.16	4
18:15	PSA.104.5	4
18:15	JER.31.37	4
18:15	2KI.19.7	3
18:15	JOB.38.4-JOB.38.6	3
18:15	PSA.74.15	3
18:15	ISA.30.27-ISA.30.28	3
18:15	JON.2.6	3
18:15	ISA.11.4	2
18:15	ISA.30.33	1
18:16	2SA.22.17	11
18:16	PSA.144.7	9
18:16	PSA.57.3	7
18:16	JON.2.5-JON.2.6	7
18:16	PSA.18.43	6
18:16	EXO.2.10	5
18:16	PSA.32.6	5
18:16	PSA.40.1-PSA.40.3	5
18:16	REV.17.15	4
18:17	HEB.2.14-HEB.2.15	7
18:17	JOB.16.9	6
18:17	PSA.35.10	6
18:17	PSA.142.6	6
18:17	PSA.69.4-PSA.69.14	5
18:17	EPH.6.10-EPH.6.12	4
18:17	PSA.118.7	3
18:17	2SA.22.1	2
18:17	2SA.22.18	2
18:17	PSA.9.13	2
18:17	PSA.18.40-PSA.18.41	2
18:17	PSA.38.19	2
18:17	PSA.25.19	1
18:17	LUK.19.14	0
18:18	OBA.1.10-OBA.1.14	5
18:18	DEU.32.35	4
18:18	PSA.46.11	4
18:18	PSA.59.16	4
18:18	JER.18.17	4
18:18	1SA.30.6	3
18:18	2SA.22.19	3
18:18	PSA.46.1-PSA.46.2	3
18:18	ZEC.1.15	3
18:19	PSA.31.8	19
18:19	PSA.118.5	19
18:19	PSA.18.36	17
18:19	JOB.36.16	15
18:19	PSA.40.2	15
18:19	2SA.22.18-2SA.22.27	13
18:19	PSA.37.23	12
18:19	1KI.10.9	11
18:20	PSA.24.4	10
18:20	PSA.58.11	5
18:20	MAT.6.4	5
18:20	1CO.3.8	5
18:20	JOB.22.30	4
18:20	PRO.11.18	4
18:20	PSA.7.3	3
18:20	PSA.7.8	3
18:20	PSA.18.24	3
18:20	ISA.49.4	3
18:20	ISA.62.11	3
18:20	HEB.7.26	3
18:20	1SA.24.11-1SA.24.13	2
18:20	1SA.24.17	2
18:20	1SA.24.19-1SA.24.20	2
18:20	PSA.26.6	2
18:21	PSA.119.102	8
18:21	PSA.17.4	6
18:21	PSA.26.1	6
18:21	PRO.8.32	6
18:21	ACT.24.16	6
18:21	1JN.2.19	6
18:21	2CH.34.33	5
18:21	1TH.2.10	5
18:21	1SA.15.11	4
18:21	PSA.119.10-PSA.119.11	4
18:22	PSA.119.13	7
18:22	PSA.119.112	6
18:22	PSA.119.30	5
18:22	PSA.119.117	4
18:22	PSA.119.128	4
18:22	JHN.5.14	3
18:23	MAT.5.29-MAT.5.30	6
18:23	MAT.18.8-MAT.18.9	6
18:23	1SA.26.23	5
18:23	1CH.29.17	5
18:23	PSA.11.7	5
18:23	PSA.17.3	5
18:23	PSA.37.27	5
18:23	PSA.7.1-PSA.7.8	4
18:24	RUT.2.12	5
18:24	MAT.10.41-MAT.10.42	5
18:24	1SA.26.23	4
18:24	HEB.6.16	3
18:24	2TH.1.6-2TH.1.7	2
18:25	MAT.5.7	12
18:25	PSA.62.12	7
18:25	MAT.18.33-MAT.18.35	5
18:25	1KI.8.32	3
18:25	NEH.9.17	3
18:25	PSA.41.1-PSA.41.4	3
18:25	PSA.112.4-PSA.112.6	3
18:25	EZK.18.25-EZK.18.30	3
18:25	ISA.26.7	2
18:25	ISA.57.1-ISA.57.2	2
18:25	ISA.58.7-ISA.58.8	2
18:25	LUK.6.35-LUK.6.38	2
18:25	ROM.9.14	2
18:26	PRO.3.34	10
18:26	LEV.26.23-LEV.26.24	6
18:26	JAS.2.13	5
18:26	LEV.26.27-LEV.26.28	4
18:26	PSA.109.17-PSA.109.19	4
18:26	ROM.2.4-ROM.2.6	3
18:26	ROM.2.9	2
18:27	ISA.66.2	9
18:27	ISA.57.15	8
18:27	JAS.2.5	8
18:27	2SA.22.28	7
18:27	PSA.101.5	6
18:27	PSA.9.18	4
18:27	ISA.3.9	4
18:27	2CO.8.9	4
18:27	PSA.10.4	3
18:27	PSA.17.10	3
18:27	PSA.17.13	3
18:27	PSA.34.6	3
18:27	PSA.34.19	3
18:27	PSA.40.17	3
18:27	PRO.6.16-PRO.6.17	3
18:27	PRO.30.12	3
18:27	ISA.10.12	3
18:27	LUK.1.52-LUK.1.53	3
18:27	LUK.18.14	2
18:28	2SA.22.29	20
18:28	JOB.29.3	18
18:28	ISA.42.16	17
18:28	MAT.4.16	14
18:28	LUK.1.79	12
18:28	1PE.2.9	12
18:28	PSA.112.4	10
18:28	PRO.20.27	10
18:28	ISA.62.1	8
18:28	PSA.132.17	7
18:28	1KI.11.36	3
18:28	1KI.15.4	3
18:28	JOB.18.6	3
18:29	2SA.22.30	20
18:29	EPH.6.10-EPH.6.13	17
18:29	2CO.12.9-2CO.12.10	15
18:29	REV.3.21	13
18:29	COL.2.15	11
18:29	1CO.15.10	9
18:29	2SA.5.19-2SA.5.20	8
18:29	PSA.44.6-PSA.44.7	8
18:29	PSA.144.10	8
18:29	1SA.23.2	7
18:29	2SA.5.25	7
18:29	PSA.144.1	7
18:29	1SA.17.49	6
18:29	1SA.30.8	6
18:30	DEU.32.4	31
18:30	PRO.30.5	19
18:30	2SA.22.31	17
18:30	PSA.84.11-PSA.84.12	16
18:30	PSA.12.6	14
18:30	REV.15.3	11
18:30	PSA.19.7-PSA.19.10	10
18:30	PSA.119.140	9
18:30	PSA.18.2	8
18:30	PSA.25.10	8
18:30	DAN.4.37	7
18:30	ROM.12.2	6
18:30	PSA.17.7	5
18:31	DEU.32.31	7
18:31	PSA.86.8	6
18:31	DEU.32.39	4
18:31	2SA.22.32	4
18:31	ISA.45.5	4
18:31	1SA.2.2	3
18:31	ISA.45.21-ISA.45.22	2
18:32	ISA.45.5	15
18:32	2SA.22.33	14
18:32	PSA.28.7	14
18:32	2CO.3.5	14
18:32	PSA.91.2	11
18:32	PSA.93.1	9
18:33	HAB.3.19	13
18:33	DEU.32.13	6
18:33	DEU.33.29	4
18:33	2SA.2.18	2
18:33	2SA.22.14	1
18:34	PSA.144.1	16
18:34	PSA.46.9	10
18:34	2SA.22.36	7
18:34	ISA.28.6	7
18:34	ISA.45.1	7
18:34	JER.49.35	5
18:34	HOS.1.5	2
18:35	2SA.22.36	13
18:35	JAS.3.17-JAS.3.18	12
18:35	PSA.28.7	11
18:35	GAL.5.22-GAL.5.23	9
18:35	2CO.10.1	8
18:35	DEU.33.29	6
18:35	ISA.40.11	6
18:35	PSA.17.7	4
18:35	PSA.45.3-PSA.45.4	4
18:35	PSA.5.12	3
18:35	ISA.22.3	3
18:36	PRO.4.12	8
18:36	2SA.22.37	6
18:36	JOB.36.16	4
18:36	PSA.4.1	3
18:36	JOB.18.7	2
18:36	LUK.12.50	2
18:36	LUK.24.46-LUK.24.48	1
18:37	PSA.44.5	3
18:37	ISA.53.10-ISA.53.12	3
18:37	NUM.24.17-NUM.24.19	2
18:37	PSA.3.7	2
18:37	PSA.9.3	2
18:37	PSA.35.2	2
18:37	PSA.35.5	2
18:37	PSA.37.20	2
18:37	PSA.118.11-PSA.118.12	2
18:37	ISA.63.1-ISA.63.6	2
18:37	REV.6.2	2
18:37	REV.19.19-REV.19.20	2
18:38	1SA.17.49-1SA.17.51	2
18:38	1SA.23.5	2
18:38	2SA.5.1-2SA.5.25	2
18:38	2SA.8.1-2SA.8.18	2
18:38	2SA.10.1-2SA.10.19	2
18:38	2SA.18.7-2SA.18.8	2
18:38	2SA.21.15-2SA.21.22	2
18:38	2SA.22.39	2
18:38	PSA.36.12	2
18:38	PSA.47.3	2
18:38	1SA.30.17	1
18:39	2SA.22.40-2SA.22.41	13
18:39	PSA.18.32	9
18:39	ISA.45.14	7
18:39	1CO.15.25-1CO.15.28	7
18:39	EPH.1.22	7
18:39	1CH.22.18	6
18:39	PSA.34.21	6
18:39	PRO.8.36	6
18:39	LAM.5.5	6
18:39	EZK.30.24-EZK.30.25	6
18:39	JHN.15.23	6
18:39	PSA.66.3	5
18:39	PHP.3.21	5
18:40	PSA.21.12	4
18:40	PSA.94.23	3
18:41	PRO.1.28	5
18:41	JOB.27.9	3
18:41	2SA.22.42-2SA.22.43	2
18:41	JOB.35.12-JOB.35.13	2
18:41	PSA.50.22	2
18:41	ISA.1.15	2
18:41	ISA.59.1-ISA.59.2	2
18:41	JER.11.11	2
18:41	JER.14.12	2
18:41	EZK.8.18	2
18:41	HOS.7.14	2
18:41	MIC.3.4	2
18:41	ZEC.7.13	2
18:41	LUK.13.25	2
18:42	ISA.10.6	4
18:42	2KI.13.7	3
18:42	ISA.41.15-ISA.41.16	3
18:42	ZEC.10.5	3
18:42	PSA.50.22	2
18:42	ISA.25.10	2
18:42	ISA.41.2	2
18:42	MAL.4.3	2
18:43	ISA.55.5	10
18:43	2SA.3.1	9
18:43	ISA.52.15	8
18:43	1PE.2.10	8
18:43	2SA.19.9	7
18:43	EPH.1.22	7
18:43	2SA.22.44-2SA.22.46	5
18:43	PSA.22.27-PSA.22.28	5
18:43	ACT.5.31	5
18:43	ROM.15.12	5
18:43	ROM.15.18	5
18:43	ROM.16.26	5
18:43	REV.11.15	5
18:43	2SA.2.9-2SA.2.10	4
18:43	2SA.8.1-2SA.8.18	3
18:43	ISA.49.22-ISA.49.23	3
18:43	HOS.1.10	3
18:43	2SA.5.1-2SA.5.25	2
18:43	2SA.10.1-2SA.10.19	2
18:43	PSA.108.9	2
18:43	ISA.49.6	2
18:44	PSA.66.3	6
18:44	PSA.81.15	6
18:44	DEU.33.29	4
18:44	2SA.22.44-2SA.22.46	4
18:44	2SA.1.13	3
18:44	PSA.68.30	3
18:44	ISA.62.8	3
18:44	EZK.44.7	3
18:44	ROM.10.16-ROM.10.17	3
18:45	MIC.7.17	6
18:45	ISA.24.4	2
18:45	JAS.1.11	2
18:45	REV.6.16	2
18:46	2SA.22.47	9
18:46	PSA.18.2	7
18:46	PSA.57.5	7
18:46	REV.1.18	6
18:46	PSA.68.20	4
18:46	PSA.79.9	4
18:46	JER.10.10	4
18:46	LUK.1.47	4
18:46	JHN.14.19	4
18:46	PSA.57.11	3
18:46	PSA.99.9	3
18:46	EXO.15.2	2
18:46	PSA.25.5	2
18:46	PSA.42.9	2
18:46	PSA.51.14	2
18:46	ISA.12.2	2
18:46	PSA.21.13	0
18:47	PSA.47.3	8
18:47	ROM.12.19	5
18:47	2SA.22.48	3
18:47	PSA.144.2	3
18:47	NAM.1.2	3
18:47	DEU.32.35	2
18:48	PSA.86.14	6
18:48	PSA.140.1	6
18:48	PSA.140.4	6
18:48	PSA.140.11	6
18:48	PSA.7.16	5
18:48	PSA.59.1-PSA.59.2	5
18:48	PSA.22.27-PSA.22.30	2
18:48	PSA.89.13	2
18:48	PHP.2.9	2
18:49	ROM.15.9	8
18:49	2SA.22.50-2SA.22.51	3
18:49	PSA.14.7	2
18:49	PSA.30.12	2
18:49	PSA.72.18-PSA.72.19	2
18:49	PSA.108.1	2
18:49	PSA.108.3	2
18:49	PSA.138.4	2
18:49	MAT.26.30	2
18:49	1TI.6.13	2
18:50	PSA.144.10	9
18:50	2SA.7.13	6
18:50	PSA.89.3-PSA.89.4	6
18:50	PSA.132.10	6
18:50	PSA.78.71-PSA.78.72	5
18:50	ISA.9.6-ISA.9.7	5
18:50	LUK.1.31-LUK.1.33	5
18:50	ACT.2.34-ACT.2.36	5
18:50	ROM.11.29	5
18:50	LUK.1.69	3
18:50	GAL.3.16	3
18:50	PHP.2.9-PHP.2.11	3
18:50	1SA.2.10	2
18:50	1CH.17.11-1CH.17.14	2
18:50	1CH.17.27	2
18:50	PSA.2.6	2
18:50	PSA.89.20-PSA.89.38	2
18:50	1SA.16.1	1
18:50	ROM.1.3	1
19:1	PSA.8.3	77
19:1	ROM.1.19-ROM.1.20	76
19:1	PSA.50.6	55
19:1	PSA.148.3-PSA.148.4	46
19:1	PSA.33.6	44
19:1	GEN.1.14-GEN.1.15	40
19:1	PSA.150.1-PSA.150.2	37
19:1	JER.10.11-JER.10.12	31
19:1	DAN.12.3	30
19:1	PSA.115.16	27
19:1	ISA.40.22-ISA.40.26	27
19:1	GEN.1.6-GEN.1.8	15
19:2	PSA.74.16	15
19:2	PSA.134.1-PSA.134.3	11
19:2	GEN.1.17-GEN.1.18	9
19:2	GEN.8.22	9
19:2	PSA.24.7-PSA.24.10	9
19:2	PSA.78.3-PSA.78.6	8
19:2	PSA.136.8-PSA.136.9	8
19:2	ISA.38.19	8
19:2	EXO.15.20-EXO.15.21	4
19:2	PSA.148.12	1
19:3	DEU.4.19	9
19:4	ROM.10.18	18
19:4	GEN.1.14-GEN.1.18	7
19:4	PSA.98.3	5
19:4	PSA.104.2	5
19:4	MAL.4.2	5
19:4	2CO.10.13-2CO.10.16	4
19:4	ISA.49.6	3
19:5	ISA.62.5	6
19:5	PHP.3.13-PHP.3.14	5
19:5	ISA.61.10	4
19:5	1CO.9.24-1CO.9.26	3
19:5	HEB.12.1-HEB.12.2	3
19:5	ECC.1.5	2
19:5	JHN.3.29	2
19:6	ECC.1.5	5
19:6	JOB.22.14	4
19:6	COL.1.23	3
19:6	JOB.25.3	2
19:6	PSA.113.3	2
19:6	PSA.139.9	1
19:7	PSA.119.130	53
19:7	PSA.111.7	41
19:7	COL.3.16	37
19:7	PRO.1.4	36
19:7	PSA.23.3	33
19:7	2TI.3.15-2TI.3.17	32
19:7	PSA.119.105	30
19:7	DEU.32.4	27
19:7	2TI.2.19	23
19:7	PSA.93.5	22
19:7	PSA.119.127-PSA.119.128	21
19:7	ISA.8.20	20
19:7	2TI.1.8	20
19:7	JAS.1.21-JAS.1.25	20
19:7	JOS.1.8	19
19:7	ROM.15.4	19
19:7	PSA.119.111	17
19:7	JAS.1.17	17
19:7	PSA.18.30	16
19:7	PSA.119.72	16
19:7	ACT.10.43	16
19:7	JOB.23.12	15
19:7	PSA.119.24	15
19:7	PRO.1.22-PRO.1.23	15
19:7	ROM.12.2	14
19:7	1JN.5.9-1JN.5.12	13
19:7	DEU.6.6-DEU.6.9	12
19:7	PSA.119.14	12
19:7	PSA.119.96-PSA.119.100	11
19:7	2SA.23.5	10
19:7	PSA.119.9	10
19:7	PSA.119.152	10
19:7	ISA.8.16	10
19:7	JHN.5.39	10
19:7	DEU.17.18-DEU.17.20	9
19:7	PSA.78.1-PSA.78.7	9
19:7	REV.19.10	9
19:7	JHN.3.32-JHN.3.33	8
19:7	PSA.147.19-PSA.147.20	7
19:7	HEB.6.18-HEB.6.19	6
19:7	ROM.3.2	5
19:8	PSA.12.6	25
19:8	PSA.119.105	24
19:8	JER.15.16	21
19:8	PRO.30.5	17
19:8	PSA.119.92	13
19:8	PSA.119.128	13
19:8	PRO.2.6	13
19:8	PSA.119.80	10
19:8	PRO.6.23	9
19:8	ROM.7.22	9
19:8	PSA.119.98-PSA.119.100	8
19:8	DEU.4.5-DEU.4.6	6
19:8	PSA.119.16	6
19:8	ROM.3.20	6
19:8	ROM.7.7	6
19:8	PSA.13.3	5
19:8	PSA.40.8	5
19:8	PSA.105.45	5
19:8	PSA.119.12	5
19:8	PSA.119.14	5
19:8	PSA.119.40	5
19:8	PSA.119.130	5
19:8	PSA.119.143	5
19:8	PSA.119.171	5
19:8	GAL.2.19	5
19:8	GEN.26.5	4
19:8	EXO.18.16	4
19:8	PSA.119.121	4
19:8	EZK.36.27	4
19:8	DEU.12.11-DEU.12.12	3
19:8	DEU.16.11	3
19:8	DEU.16.14	3
19:8	NEH.8.12	3
19:8	NEH.9.13	3
19:8	PSA.119.24	3
19:8	PSA.119.54	3
19:8	ISA.64.5	3
19:8	ROM.2.17-ROM.2.20	3
19:8	ROM.7.12-ROM.7.14	3
19:8	GAL.3.10-GAL.3.13	3
19:8	GAL.3.21	3
19:9	1SA.12.24	15
19:9	PSA.119.142	11
19:9	PSA.119.137-PSA.119.138	9
19:9	PSA.34.11-PSA.34.14	6
19:9	PSA.111.10-PSA.112.6	6
19:9	PSA.119.1	6
19:9	REV.15.3	6
19:9	PSA.115.13	5
19:9	GEN.42.18	3
19:9	DEU.4.8	3
19:9	1KI.18.12	3
19:9	PSA.10.5	3
19:9	REV.16.7	3
19:9	GEN.22.12	2
19:9	EXO.21.1	2
19:9	1KI.18.3-1KI.18.4	2
19:9	NEH.5.15	2
19:9	PSA.36.1	2
19:9	PSA.36.6	2
19:9	PSA.72.1-PSA.72.2	2
19:9	PSA.119.7	2
19:9	PSA.119.106	2
19:9	ISA.26.8	2
19:9	ROM.2.2	2
19:9	REV.19.2	2
19:9	PSA.119.39	1
19:9	PSA.119.62	1
19:9	PSA.119.75	1
19:9	PSA.147.19	1
19:9	PRO.8.13	1
19:9	ACT.10.22	1
19:9	ROM.3.10-ROM.3.18	1
19:9	ROM.11.22	1
19:10	PSA.119.72	8
19:10	PSA.119.103	8
19:10	PSA.119.127	7
19:10	PRO.3.13-PRO.3.15	7
19:10	PRO.16.16	7
19:10	JOB.23.12	6
19:10	PRO.8.10-PRO.8.11	5
19:10	PRO.8.19	5
19:10	JOB.28.15-JOB.28.17	3
19:10	PSA.63.5	2
19:10	PRO.24.13	2
19:10	1SA.14.26-1SA.14.29	1
19:11	PSA.119.11	13
19:11	2JN.1.8	12
19:11	JAS.1.25	10
19:11	PRO.29.18	9
19:11	HEB.11.6-HEB.11.7	9
19:11	PRO.6.22-PRO.6.23	8
19:11	MAT.6.4	7
19:11	REV.14.13	7
19:11	EZK.3.17-EZK.3.21	6
19:11	PRO.11.18	5
19:11	HEB.11.26	5
19:11	MAT.3.7	4
19:11	1CO.4.14	4
19:11	1TH.5.14	4
19:11	2CH.19.10	3
19:11	PRO.3.16-PRO.3.18	3
19:11	ISA.3.10-ISA.3.11	3
19:11	EZK.33.3-EZK.33.9	3
19:11	MAT.6.18	3
19:11	ACT.20.31	3
19:11	MAT.6.6	2
19:12	PSA.90.8	19
19:12	PSA.139.23-PSA.139.24	16
19:12	JOB.6.24	13
19:12	JER.17.9	13
19:12	PSA.40.12	9
19:12	1CO.4.4	6
19:12	1JN.1.7	6
19:12	PSA.139.6	5
19:12	LEV.4.2-LEV.4.35	4
19:12	PSA.51.2	4
19:12	PSA.65.3	4
19:12	ISA.64.6	4
19:12	HEB.9.7	4
19:12	PSA.51.5-PSA.51.10	3
19:12	PSA.139.2	3
19:13	PSA.119.133	28
19:13	ROM.6.12-ROM.6.14	14
19:13	PSA.7.10	10
19:13	1SA.25.39	9
19:13	PSA.84.11	9
19:13	ACT.24.16	9
19:13	GEN.20.6	7
19:13	DEU.17.12-DEU.17.13	7
19:13	EXO.21.14	5
19:13	1CH.10.13-1CH.10.14	5
19:13	PSA.11.7	5
19:13	PSA.18.23	5
19:13	ROM.6.16-ROM.6.22	5
19:13	2PE.2.10	5
19:13	NUM.15.30-NUM.15.31	3
19:13	1SA.25.32-1SA.25.34	3
19:14	PSA.104.34	93
19:14	PSA.51.15	73
19:14	PSA.119.108	54
19:14	1PE.2.5	36
19:14	PSA.66.18-PSA.66.20	30
19:14	PRO.15.8	28
19:14	PSA.18.1-PSA.18.2	21
19:14	PSA.5.1-PSA.5.2	16
19:14	TIT.2.14	16
19:14	HEB.11.4	16
19:14	JOB.19.25	15
19:14	HEB.13.15	13
19:14	1PE.1.18-1PE.1.19	13
19:14	ISA.47.4	12
19:14	ROM.15.16	9
19:14	ISA.54.5	8
19:14	GEN.4.4-GEN.4.5	7
19:14	ISA.44.6	6
19:14	1TH.1.10	6
19:14	ISA.43.14	4
19:14	REV.5.9	3
20:1	PRO.18.10	23
20:1	PSA.138.7	19
20:1	PSA.91.14-PSA.91.15	18
20:1	PSA.46.11	15
20:1	PSA.46.1	14
20:1	ISA.50.10	14
20:1	MAT.26.38-MAT.26.39	14
20:1	HEB.5.7	14
20:1	PSA.83.18	13
20:1	JER.30.7	11
20:1	PSA.60.11	10
20:1	EXO.34.5-EXO.34.7	9
20:1	PSA.9.10	9
20:1	PSA.46.7	9
20:1	PSA.114.2	9
20:1	EXO.3.13-EXO.3.15	8
20:1	PSA.18.2	8
20:1	PSA.50.5	8
20:1	GEN.32.27-GEN.32.29	5
20:1	GEN.48.15-GEN.48.16	4
20:1	PSA.41.1	4
20:2	1KI.8.44-1KI.8.45	5
20:2	1KI.6.16	4
20:2	2CH.20.8-2CH.20.9	4
20:2	ISA.12.6	4
20:2	ISA.14.32	4
20:2	PSA.3.4	3
20:2	2SA.5.7	2
20:2	2SA.6.17	2
20:2	PSA.73.17	2
20:2	ISA.37.34-ISA.37.35	1
20:3	2CH.7.1	5
20:3	PSA.51.19	5
20:3	ACT.10.4	4
20:3	GEN.4.4	3
20:3	1CH.21.26	3
20:3	EPH.5.2	3
20:3	LEV.9.24	2
20:3	ISA.60.7	2
20:3	1PE.2.5	2
20:4	PSA.145.19	30
20:4	PSA.37.4	26
20:4	MAT.21.22	25
20:4	PSA.21.2	23
20:4	JHN.16.23	19
20:4	ROM.8.27-ROM.8.28	18
20:4	PRO.11.23	17
20:4	1JN.5.14-1JN.5.15	15
20:4	JHN.11.42	12
20:5	EXO.17.15	17
20:5	1SA.1.17	14
20:5	PSA.60.4	13
20:5	ISA.25.9	8
20:5	ISA.61.10	6
20:5	HAB.3.18	6
20:5	PSA.118.15	5
20:5	ISA.12.1-ISA.12.3	5
20:5	LUK.1.47	5
20:5	PSA.9.14	4
20:5	PSA.13.5	4
20:5	PSA.35.9	4
20:5	MIC.4.5	3
20:5	PSA.19.4	2
20:5	PSA.21.1	2
20:5	ISA.11.10	1
20:5	NUM.10.35-NUM.10.36	0
20:6	PSA.28.8	13
20:6	PSA.18.50	5
20:6	ACT.5.31	5
20:6	PSA.89.20-PSA.89.23	4
20:6	PSA.2.2	3
20:6	PSA.41.11	3
20:6	ISA.63.15	3
20:6	MAT.6.9	3
20:6	ACT.4.10	3
20:6	1KI.8.30	2
20:6	1KI.8.43	2
20:6	PSA.17.7	2
20:6	PSA.18.35	2
20:6	ISA.57.15	2
20:6	ISA.58.9	2
20:6	ACT.2.36	2
20:6	ACT.2.33	1
20:7	ISA.31.1	64
20:7	JER.17.5	62
20:7	PRO.21.31	54
20:7	PSA.33.16-PSA.33.17	51
20:7	2CH.32.8	35
20:7	2CH.14.11	27
20:7	2CH.20.12-2CH.20.20	20
20:7	PSA.45.17	14
20:7	2CH.13.10-2CH.13.12	8
20:7	ISA.30.16	7
20:7	1SA.13.5	6
20:7	2CH.13.16	6
20:7	2SA.10.18	5
20:7	2SA.8.4	1
20:8	PSA.125.1	7
20:8	MIC.7.8	6
20:8	PSA.34.21-PSA.34.22	4
20:8	JER.17.7-JER.17.8	4
20:8	JDG.5.31	3
20:8	PSA.146.5-PSA.146.9	2
20:9	PSA.5.2	6
20:9	PSA.44.4	5
20:9	PSA.118.25-PSA.118.26	5
20:9	PSA.74.12	4
20:9	MAT.21.15	4
20:9	PSA.17.6	3
20:9	MAT.21.9	3
20:9	PSA.2.6-PSA.2.10	2
20:9	PSA.24.7	2
20:9	PSA.3.7	0
21:1	HEB.12.2	15
21:1	PSA.28.7	14
21:1	PSA.62.7	14
21:1	MAT.2.2	14
21:1	PSA.59.16-PSA.59.17	13
21:1	PSA.2.6	12
21:1	PSA.20.5-PSA.20.6	10
21:1	PSA.20.9	10
21:1	PSA.63.11	10
21:1	PSA.71.17-PSA.72.2	10
21:1	PSA.95.1	10
21:1	PSA.99.4	10
21:1	PSA.118.14-PSA.118.15	10
21:1	ISA.9.6-ISA.9.7	9
21:2	PSA.37.4	12
21:2	PSA.20.4-PSA.20.5	8
21:2	PSA.2.8-PSA.2.9	5
21:2	ISA.49.6-ISA.49.12	3
21:2	HEB.7.25	3
21:2	PSA.92.11	2
21:3	2SA.12.30	9
21:3	EPH.1.3	7
21:3	1CH.20.2	5
21:3	PSA.31.19	5
21:3	PSA.59.10	5
21:3	ROM.11.35	4
21:3	HEB.2.9	4
21:3	1SA.16.13	3
21:3	2SA.2.4	3
21:3	2SA.5.3	3
21:3	2CH.6.41	3
21:3	JOB.41.11	3
21:3	PSA.18.18	3
21:3	ROM.2.4	3
21:3	REV.19.12	3
21:4	PSA.91.16	14
21:4	REV.1.18	13
21:4	PSA.119.77	10
21:4	PSA.133.3	9
21:4	PSA.61.5-PSA.61.6	8
21:4	PSA.89.29	7
21:4	PSA.89.36-PSA.89.37	7
21:4	PSA.119.175	7
21:4	PSA.13.3	5
21:4	PSA.16.10-PSA.16.11	5
21:4	PSA.72.17	5
21:5	1PE.3.22	5
21:5	EPH.1.20-EPH.1.22	4
21:5	HEB.8.1	4
21:5	REV.5.8-REV.5.13	4
21:5	JHN.17.22	3
21:5	2SA.7.8-2SA.7.9	2
21:5	2SA.7.19	2
21:5	1CH.17.11-1CH.17.15	2
21:5	1CH.17.27	2
21:5	PSA.3.3	2
21:5	PSA.8.5	2
21:5	PSA.62.7	2
21:5	PSA.96.6	2
21:5	PSA.110.1	2
21:5	ISA.49.5-ISA.49.7	2
21:5	ISA.63.1	2
21:5	MAT.28.18	2
21:5	JHN.17.1	2
21:5	JHN.17.5	2
21:5	JHN.13.31-JHN.13.32	1
21:5	PHP.2.9-PHP.2.11	1
21:6	ACT.2.28	17
21:6	PSA.45.7	14
21:6	PSA.16.11	10
21:6	GAL.3.9	9
21:6	ACT.3.26	7
21:6	EPH.1.3	6
21:6	LUK.2.10-LUK.2.11	5
21:6	1CH.17.27	4
21:6	PSA.43.4	4
21:6	PSA.63.2-PSA.63.5	4
21:6	LUK.2.30-LUK.2.32	4
21:6	GAL.3.14	4
21:6	GEN.12.2	3
21:6	PSA.4.6-PSA.4.7	3
21:6	PSA.72.17-PSA.72.19	3
21:7	PSA.16.8	9
21:7	PSA.91.2	7
21:7	PSA.9.2	5
21:7	PSA.18.2	5
21:7	PSA.20.7-PSA.20.8	5
21:7	PSA.26.1	5
21:7	DAN.7.14	5
21:7	1SA.30.6	4
21:7	HEB.2.13	4
21:7	DEU.32.8-DEU.32.9	3
21:7	PSA.13.5	3
21:7	PSA.61.4	3
21:7	PSA.61.6-PSA.61.7	3
21:7	PSA.91.9-PSA.91.10	3
21:7	MAT.27.43	3
21:8	PSA.110.1-PSA.110.2	6
21:8	LUK.19.27	6
21:8	1CO.15.25	6
21:8	PSA.72.9	5
21:8	HEB.10.28-HEB.10.29	5
21:8	REV.19.15	5
21:8	PSA.2.9	4
21:8	PSA.18.1	4
21:8	PSA.89.22-PSA.89.23	4
21:8	AMO.9.2-AMO.9.3	4
21:8	LUK.19.14	4
21:8	1SA.31.3	3
21:8	2SA.7.1	3
21:8	ISA.10.10	3
21:8	1SA.25.29	2
21:9	MAL.4.1	12
21:9	PSA.18.8	8
21:9	PSA.50.3	8
21:9	2TH.1.8	8
21:9	LAM.2.2	7
21:9	NAM.1.6	7
21:9	DEU.32.22	6
21:9	ISA.26.11	6
21:9	MAT.3.12	6
21:9	GEN.19.28	5
21:9	DAN.3.20-DAN.3.22	5
21:9	PSA.2.5	4
21:9	PSA.2.12	4
21:9	REV.20.14	4
21:9	PSA.106.17	3
21:9	MAT.3.10	3
21:9	MAT.13.42	3
21:9	MAT.13.50	3
21:9	MAT.22.7	3
21:9	MAT.25.41	3
21:9	MAT.25.46	3
21:9	1TH.2.16	3
21:9	REV.6.16-REV.6.17	3
21:9	REV.19.15	3
21:9	JOB.6.3	1
21:9	PSA.56.1-PSA.56.2	1
21:10	PSA.37.28	6
21:10	1KI.13.34	5
21:10	JOB.20.28	4
21:10	PSA.109.13	4
21:10	ISA.14.20	4
21:10	MAL.4.1	3
21:10	JOB.18.16-JOB.18.19	2
21:11	PSA.10.2	29
21:11	PSA.2.1	15
21:11	PSA.31.13	12
21:11	JER.11.18-JER.11.19	12
21:11	ISA.7.6-ISA.7.7	10
21:11	ISA.8.9-ISA.8.10	9
21:11	MAT.2.16	8
21:11	MAT.28.2-MAT.28.6	6
21:11	ACT.4.17-ACT.4.18	6
21:11	PSA.35.20	5
21:11	PSA.83.4	5
21:11	MAT.2.8	5
21:11	MAT.27.63-MAT.27.64	5
21:11	EZK.11.2	4
21:11	MAT.21.46	4
21:11	MAT.26.4-MAT.26.5	4
21:11	ACT.5.27-ACT.5.28	1
21:12	PSA.7.12-PSA.7.13	8
21:12	PSA.18.40	6
21:12	PSA.64.7	4
21:12	LAM.3.12	4
21:12	JOB.7.20	3
21:12	JOB.16.12-JOB.16.13	3
21:12	PSA.9.3	3
21:12	PSA.44.10	3
21:12	PSA.56.9	3
21:12	PSA.18.14	2
21:13	REV.16.5-REV.16.7	7
21:13	REV.19.1-REV.19.6	6
21:13	PSA.57.11	5
21:13	PSA.113.5	5
21:13	REV.15.3-REV.15.4	5
21:13	PSA.57.5	4
21:13	PSA.72.18-PSA.72.19	4
21:13	MAT.6.10	4
21:13	REV.11.17	4
21:13	1CH.29.11	3
21:13	JOB.9.19	3
21:13	PSA.18.46	3
21:13	PSA.46.10	3
21:13	PSA.58.10-PSA.58.11	3
21:13	MAT.6.13	3
21:13	REV.18.20	2
22:1	MRK.15.34	57
22:1	MAT.27.46	43
22:1	HEB.5.7	22
22:1	PSA.22.16	14
22:1	JOB.3.24	10
22:1	PSA.10.1	9
22:1	PSA.43.1-PSA.43.5	9
22:1	LUK.24.44	9
22:1	PSA.31.14-PSA.31.16	6
22:1	1SA.12.22	5
22:1	PSA.22.11	5
22:1	HEB.13.5	5
22:1	PSA.32.3-PSA.32.4	3
22:1	PSA.42.1-PSA.42.2	3
22:1	PSA.71.11	3
22:1	ISA.46.13	3
22:1	PSA.16.1	2
22:1	PSA.37.28	2
22:1	PSA.38.8	2
22:1	ISA.59.11	2
22:1	LUK.22.44	2
22:1	PSA.26.9	1
22:2	PSA.42.3	12
22:2	LUK.18.7	12
22:2	PSA.55.16-PSA.55.17	6
22:2	PSA.88.1	6
22:2	LUK.22.41-LUK.22.46	6
22:2	LAM.3.8	5
22:2	LAM.3.44	5
22:2	MAT.26.44	5
22:2	LUK.6.12	5
22:2	1TH.3.10	5
22:2	2TI.1.3	5
22:2	PSA.80.4	4
22:3	DEU.10.21	17
22:3	PSA.50.23	17
22:3	ISA.6.3	13
22:3	REV.4.8	12
22:3	PSA.99.9	11
22:3	PSA.65.1	5
22:3	PSA.145.17	4
22:4	EXO.14.31	8
22:4	EXO.14.13-EXO.14.14	7
22:4	GEN.15.6	5
22:4	GEN.32.28	5
22:4	ROM.4.18-ROM.4.22	5
22:4	HEB.11.8-HEB.11.32	5
22:4	PSA.44.1-PSA.44.7	4
22:4	GEN.32.9-GEN.32.12	3
22:4	1SA.7.9-1SA.7.12	3
22:5	ROM.10.11	10
22:5	ISA.49.23	9
22:5	ROM.9.33	8
22:5	1PE.2.6	8
22:5	ISA.45.17	4
22:5	JDG.6.6	3
22:5	JDG.10.10-JDG.10.16	3
22:5	PSA.25.2-PSA.25.3	3
22:5	PSA.31.1	3
22:5	PSA.71.1	3
22:5	PSA.106.44	3
22:5	JDG.4.3	2
22:5	PSA.69.6-PSA.69.7	2
22:5	PSA.99.6-PSA.99.7	2
22:6	ISA.53.3	19
22:6	JOB.25.6	14
22:6	ISA.41.14	11
22:6	ISA.49.7	11
22:6	PSA.69.7-PSA.69.12	9
22:6	PSA.69.19-PSA.69.20	8
22:6	PSA.31.11	7
22:6	MAT.11.19	7
22:6	MAT.27.20-MAT.27.23	7
22:6	LAM.3.30	6
22:6	HEB.13.12	5
22:6	REV.15.3	5
22:6	PSA.88.8	4
22:6	MAT.12.24	4
22:6	JHN.7.15	3
22:6	JHN.7.47-JHN.7.49	3
22:6	JHN.8.48	3
22:6	PSA.31.1	2
22:6	JHN.7.20	2
22:7	MRK.15.29	13
22:7	MAT.27.39-MAT.27.40	5
22:7	PSA.109.25	4
22:7	LUK.23.11	4
22:7	MAT.26.66-MAT.26.68	3
22:7	MAT.27.29	3
22:7	MRK.15.20	3
22:7	PSA.44.14	2
22:7	ISA.53.3	2
22:7	JOB.16.4	1
22:7	JOB.16.10	1
22:7	JOB.30.9-JOB.30.11	1
22:7	PSA.31.18	1
22:7	PSA.35.15-PSA.35.16	1
22:7	ISA.57.4	1
22:7	MAT.9.24	1
22:7	MRK.11.29-MRK.11.32	1
22:7	LUK.16.14	1
22:7	LUK.23.35-LUK.23.39	1
22:7	ISA.37.22-ISA.37.23	0
22:8	MAT.27.42-MAT.27.43	23
22:8	MRK.15.30-MRK.15.32	16
22:8	PSA.91.14	9
22:8	PSA.18.19	7
22:8	PRO.16.3	7
22:8	PSA.37.5	5
22:8	PSA.55.22	5
22:8	PSA.71.11	5
22:8	ISA.42.1	5
22:8	MAT.3.17	5
22:8	MAT.17.5	5
22:8	MAT.12.18	4
22:8	LUK.23.35	4
22:8	PSA.42.10	3
22:8	PSA.3.1-PSA.3.2	2
22:9	PSA.71.6	18
22:9	ISA.49.1-ISA.49.2	10
22:9	PSA.71.17	9
22:9	PSA.139.15-PSA.139.16	7
22:9	MAT.2.13-MAT.2.15	5
22:9	ISA.9.6	3
22:9	ISA.7.14-ISA.7.15	2
22:9	REV.12.4-REV.12.5	2
22:10	JER.1.5	10
22:10	GAL.1.15	10
22:10	ISA.49.1	9
22:10	ISA.46.3-ISA.46.4	6
22:10	JHN.20.17	3
22:10	LUK.2.40	2
22:10	LUK.2.52	0
22:11	PSA.71.12	8
22:11	PSA.10.1	7
22:11	PSA.72.12	7
22:11	JHN.16.32	7
22:11	HEB.5.7	7
22:11	PSA.38.21	5
22:11	PSA.35.22	4
22:11	PSA.69.1-PSA.69.2	4
22:11	PSA.142.4-PSA.142.6	4
22:11	PSA.13.1-PSA.13.3	3
22:11	PSA.69.18	3
22:11	ISA.63.5	3
22:11	MAT.26.56	3
22:11	DEU.32.36	2
22:11	2KI.14.26	2
22:11	MAT.26.72	0
22:11	MAT.26.74	0
22:12	AMO.4.1-AMO.4.3	13
22:12	ACT.4.27	13
22:12	PSA.68.30	11
22:12	MAT.27.1	9
22:12	DEU.32.14-DEU.32.15	4
22:12	EZK.39.18	4
22:12	JER.50.11	3
22:12	ISA.34.7	2
22:13	1PE.5.8	7
22:13	PSA.35.21	5
22:13	JOB.16.10	4
22:13	PSA.17.12	4
22:13	LAM.2.16	4
22:13	LAM.3.46	4
22:13	MAT.26.3-MAT.26.4	4
22:13	MAT.26.59-MAT.26.65	4
22:13	PSA.7.2	2
22:13	PSA.22.7	2
22:13	PSA.22.21	2
22:13	PSA.35.17	2
22:13	EZK.22.27-EZK.22.28	2
22:14	JOB.30.16	8
22:14	PSA.22.17	8
22:14	PSA.31.10	8
22:14	DAN.5.6	8
22:14	JOB.23.16	7
22:14	JOS.7.5	6
22:14	MRK.14.33-MRK.14.34	6
22:14	LUK.22.44	6
22:14	JHN.12.27	6
22:14	MAT.26.38	5
22:14	PSA.68.2	4
22:14	NAM.2.10	4
22:15	JHN.19.28	19
22:15	PSA.69.3	8
22:15	PSA.69.21	7
22:15	ISA.53.12	5
22:15	PSA.32.3-PSA.32.4	4
22:15	PSA.38.10	4
22:15	PSA.104.29	4
22:15	MAT.27.50	3
22:15	1CO.15.3	3
22:15	JOB.29.10	2
22:15	PRO.17.22	2
22:15	GEN.3.19	1
22:15	GEN.18.27	1
22:15	JOB.10.9	1
22:15	JOB.34.15	1
22:15	PSA.30.9	1
22:15	LAM.4.4	1
22:15	DAN.12.2	1
22:15	JOB.7.21	0
22:16	JHN.19.37	25
22:16	ZEC.12.10	22
22:16	MAT.27.35	19
22:16	JHN.20.25	17
22:16	JHN.19.23	16
22:16	JHN.19.34	15
22:16	MRK.15.24	14
22:16	LUK.23.33	11
22:16	JHN.20.27	11
22:16	PSA.22.20	9
22:16	ISA.53.5	9
22:16	MRK.15.16-MRK.15.20	9
22:16	PHP.3.2	9
22:16	LUK.23.4-LUK.23.5	8
22:16	PSA.22.1	7
22:16	PSA.59.6	7
22:16	PSA.86.14	7
22:16	LUK.23.10-LUK.23.11	7
22:16	LUK.23.23	7
22:16	REV.22.15	6
22:16	MAT.7.6	5
22:16	MAT.26.57	5
22:16	LUK.11.53-LUK.11.54	5
22:16	LUK.22.63-LUK.22.71	5
22:16	PSA.59.14	4
22:16	JER.12.6	3
22:17	LUK.23.35	11
22:17	JOB.33.21	9
22:17	MAT.27.39-MAT.27.41	7
22:17	ISA.52.14	6
22:17	LUK.23.27	6
22:17	MRK.15.29-MRK.15.32	3
22:17	PSA.102.3-PSA.102.5	2
22:17	MAT.27.36	1
22:18	MAT.27.35	29
22:18	LUK.23.34	20
22:18	MRK.15.24	17
22:18	JHN.19.23-JHN.19.24	17
22:19	PSA.22.11	6
22:19	PSA.40.13	4
22:19	PSA.40.17	4
22:19	PSA.10.1	2
22:19	PSA.21.1	2
22:19	PSA.18.1	1
22:19	PSA.70.5	1
22:19	PSA.69.13-PSA.69.18	0
22:20	PSA.35.17	6
22:20	ZEC.13.7	5
22:20	PSA.17.13	4
22:21	2TI.4.17	8
22:21	1PE.5.8	7
22:21	NUM.23.22	4
22:21	JHN.14.30	4
22:21	ACT.4.27	4
22:21	ISA.34.7	3
22:21	JHN.8.59	3
22:21	DEU.33.17	2
22:21	ACT.5.30-ACT.5.32	2
22:21	JOB.39.9-JOB.39.10	1
22:21	LUK.22.53	1
22:22	HEB.2.11-HEB.2.12	12
22:22	MAT.12.48-MAT.12.49	6
22:22	ROM.8.29	6
22:22	PSA.40.9-PSA.40.10	5
22:22	MAT.28.10	5
22:22	PSA.71.18-PSA.71.19	4
22:22	PSA.22.25	3
22:22	MAT.25.40	3
22:22	JHN.20.17	2
22:22	JHN.7.25-JHN.7.26	1
22:23	PSA.135.19-PSA.135.20	7
22:23	REV.15.4	7
22:23	PSA.107.1-PSA.107.2	6
22:23	LUK.1.50	5
22:23	PSA.50.23	4
22:23	PSA.115.11	4
22:23	PSA.33.8	3
22:23	PSA.115.13	3
22:23	PSA.145.19	3
22:23	1CO.6.19-1CO.6.20	3
22:23	1CH.16.8-1CH.16.13	2
22:23	PSA.22.30	2
22:23	PSA.86.12	2
22:23	PSA.105.3-PSA.105.7	2
22:23	PSA.106.5	2
22:23	ISA.25.3	2
22:23	LUK.2.20	2
22:23	1CO.10.31	2
22:24	HEB.5.7	25
22:24	ISA.50.6-ISA.50.9	13
22:24	PSA.116.3-PSA.116.6	10
22:24	PSA.118.5	10
22:24	PSA.34.6	8
22:24	PSA.69.29-PSA.69.34	8
22:24	LUK.23.46	8
22:24	PSA.69.17	6
22:24	PSA.22.2	5
22:24	PSA.22.6	5
22:24	PSA.35.10	2
22:25	PSA.35.18	8
22:25	PSA.40.9-PSA.40.10	8
22:25	PSA.111.1	7
22:25	PSA.66.13	6
22:25	PSA.116.14-PSA.116.19	6
22:25	PSA.22.22	4
22:25	PSA.56.12	4
22:25	PSA.66.16	3
22:25	PSA.118.19-PSA.118.20	3
22:25	ECC.5.4-ECC.5.5	3
22:25	PSA.65.1	2
22:26	PSA.69.32	12
22:26	PSA.40.16	10
22:26	ISA.65.13	10
22:26	PSA.105.3-PSA.105.4	7
22:26	PSA.107.9	5
22:26	ISA.25.6	5
22:26	JHN.6.48-JHN.6.58	5
22:26	JHN.4.14	4
22:26	LEV.7.11-LEV.7.17	3
22:27	PSA.86.9	18
22:27	ISA.45.22	17
22:27	REV.7.9-REV.7.12	16
22:27	PSA.2.8	14
22:27	ISA.49.6	13
22:27	REV.15.4	10
22:27	PSA.72.11	7
22:27	PSA.96.7	6
22:27	ROM.16.26	5
22:27	PSA.72.8	4
22:27	PSA.102.22	4
22:27	PSA.117.1	4
22:27	ISA.49.12	4
22:27	ACT.26.18-ACT.26.20	4
22:27	ACT.14.15	3
22:27	ACT.20.21	3
22:27	1TH.1.9	3
22:27	PSA.98.3	2
22:27	ISA.46.8-ISA.46.9	2
22:28	ZEC.14.9	9
22:28	PSA.47.7-PSA.47.8	7
22:28	DAN.7.14	6
22:28	REV.11.15	6
22:28	OBA.1.21	5
22:28	MAT.6.13	2
22:29	PHP.2.10	10
22:29	ISA.26.19	8
22:29	PSA.45.12	6
22:29	PSA.113.7	6
22:29	JHN.11.25-JHN.11.26	6
22:29	ISA.45.23	4
22:29	REV.20.12-REV.20.15	4
22:29	ROM.14.10-ROM.14.12	3
22:29	PSA.49.6-PSA.49.9	2
22:29	PSA.72.10-PSA.72.11	2
22:29	PSA.73.7	2
22:29	PSA.78.31	2
22:29	ISA.10.16	2
22:29	ISA.29.4	2
22:29	ISA.60.3-ISA.60.5	2
22:29	ISA.60.16	2
22:29	HOS.13.9	2
22:29	JHN.3.36	2
22:29	REV.21.24	2
22:30	HEB.2.13	5
22:30	1PE.2.9	5
22:30	PSA.102.28	3
22:30	GAL.3.26-GAL.3.29	3
22:30	PSA.14.5	1
22:30	PSA.24.6	1
22:30	PSA.73.15	1
22:30	PSA.87.6	1
22:30	ISA.53.10	1
22:30	MAT.3.9	1
22:31	PSA.78.6	11
22:31	PSA.86.9	9
22:31	ROM.1.17	7
22:31	PSA.102.18	5
22:31	ISA.44.3-ISA.44.5	5
22:31	PSA.40.9	3
22:31	PSA.145.4-PSA.145.7	3
22:31	2CO.5.21	2
22:31	ISA.49.21-ISA.49.23	1
22:31	ISA.54.1	1
22:31	ISA.60.4	1
22:31	ISA.66.7-ISA.66.9	1
22:31	ROM.3.21-ROM.3.25	1
22:31	ROM.5.19-ROM.5.21	1
23:1	PHP.4.19	446
23:1	JHN.10.11	382
23:1	ISA.40.11	284
23:1	JHN.10.27-JHN.10.30	279
23:1	JHN.10.14	241
23:1	REV.7.17	204
23:1	MAT.6.33	189
23:1	1PE.2.25	151
23:1	EZK.34.11-EZK.34.12	141
23:1	HEB.13.5-HEB.13.6	140
23:1	PSA.34.9-PSA.34.10	117
23:1	1PE.5.4	113
23:1	PSA.84.11	110
23:1	EZK.34.23-EZK.34.24	109
23:1	ROM.8.32	99
23:1	LUK.12.30-LUK.12.32	98
23:1	HEB.13.20	88
23:1	MIC.5.4	86
23:1	PSA.78.52	73
23:1	JER.23.3-JER.23.4	69
23:1	JER.31.10	66
23:1	PSA.79.13-PSA.80.1	60
23:1	MIC.5.2	40
23:2	REV.7.17	102
23:2	REV.22.1	66
23:2	EZK.34.13-EZK.34.14	44
23:2	PSA.46.4	42
23:2	REV.21.6	34
23:2	ISA.30.23	27
23:2	ISA.49.9-ISA.49.10	26
23:2	REV.22.17	26
23:2	JOB.34.29	6
23:3	ISA.42.16	100
23:3	PSA.31.3	82
23:3	PSA.19.7	57
23:3	PSA.51.10	56
23:3	PSA.143.8-PSA.143.10	50
23:3	PSA.5.8	42
23:3	PSA.51.12	41
23:3	JOB.33.30	35
23:3	PRO.8.20	31
23:3	PRO.4.11	26
23:3	REV.3.19	26
23:3	PSA.79.9	23
23:3	MIC.7.18-MIC.7.19	23
23:3	PSA.85.13	21
23:3	PSA.85.4-PSA.85.7	19
23:3	PSA.119.176	19
23:3	EZK.20.14	16
23:3	PSA.34.3	15
23:3	JER.32.37-JER.32.42	15
23:3	HOS.14.4-HOS.14.9	15
23:3	JER.31.8	14
23:3	MIC.7.8-MIC.7.9	14
23:3	EPH.1.6	13
23:3	LUK.22.31-LUK.22.32	12
23:4	ISA.41.10	195
23:4	PSA.118.6	153
23:4	PSA.138.7	143
23:4	ISA.43.1-ISA.43.2	102
23:4	PSA.3.6	90
23:4	PSA.46.1-PSA.46.3	70
23:4	LUK.1.79	67
23:4	1CO.15.55-1CO.15.57	63
23:4	PSA.27.1-PSA.27.4	52
23:4	MIC.7.14	52
23:4	ACT.18.9-ACT.18.10	49
23:4	PSA.46.11	42
23:4	MAT.28.20	42
23:4	MAT.1.23	40
23:4	2TI.4.22	28
23:4	JOB.10.21-JOB.10.22	23
23:4	PSA.14.5	21
23:4	PSA.44.19	21
23:4	JER.2.6	21
23:4	ZEC.11.10	20
23:4	JOB.3.5	19
23:4	PSA.110.2	18
23:4	JOB.24.17	17
23:4	ISA.8.9-ISA.8.10	17
23:4	ZEC.8.23	12
23:4	ZEC.11.14	5
23:5	EPH.3.20	93
23:5	PSA.92.10	69
23:5	PSA.45.7	66
23:5	PSA.16.5	58
23:5	1JN.2.20	47
23:5	PSA.31.19-PSA.31.20	44
23:5	JOB.36.16	39
23:5	1JN.2.27	36
23:5	2CO.1.21	33
23:5	ISA.25.6	28
23:5	1CO.10.16	27
23:5	JHN.10.9-JHN.10.10	24
23:5	JHN.16.22	24
23:5	PSA.22.26	23
23:5	PSA.116.13	22
23:5	PSA.78.19	21
23:5	PSA.104.15	20
23:5	JHN.6.53-JHN.6.56	17
23:5	LUK.7.46	14
23:5	AMO.6.6	12
23:5	PSA.22.29	7
23:5	MAT.6.17	5
23:6	PSA.27.4	97
23:6	2TI.4.18	86
23:6	2CO.5.1	61
23:6	PSA.36.7-PSA.36.10	54
23:6	PSA.16.11	50
23:6	PSA.73.24-PSA.73.26	48
23:6	PSA.103.17	42
23:6	2CO.1.10	42
23:6	PSA.30.11-PSA.30.12	35
23:6	PSA.17.15	31
23:6	PHP.1.23	29
23:6	PSA.21.4	25
24:1	PSA.89.11	93
24:1	1CO.10.26	87
24:1	1CH.29.11	86
24:1	JOB.41.11	60
24:1	DEU.10.14	56
24:1	EXO.9.29	49
24:1	EXO.19.5	44
24:1	PSA.50.12	38
24:1	NAM.1.5	35
24:1	DAN.4.25	32
24:1	PSA.98.7	23
24:2	JER.5.22	11
24:2	PSA.136.6	10
24:2	GEN.1.9-GEN.1.10	9
24:2	PSA.104.5-PSA.104.6	9
24:2	JOB.38.4	7
24:2	PSA.33.6	6
24:2	JER.10.11-JER.10.16	6
24:2	JOB.38.8-JOB.38.11	5
24:2	PSA.96.10	5
24:2	2PE.3.5-2PE.3.7	5
24:2	GEN.8.22	4
24:2	PSA.93.1	3
24:2	PSA.95.4	3
24:3	PSA.15.1	25
24:3	HEB.12.28	20
24:3	PSA.2.6	14
24:3	PSA.65.4	14
24:3	MAL.3.1	12
24:3	PSA.68.18	11
24:3	PSA.132.13-PSA.132.14	11
24:3	HEB.12.22-HEB.12.24	11
24:3	LEV.10.3	10
24:3	2SA.6.12-2SA.6.17	10
24:3	1CH.15.1	8
24:3	PSA.68.15-PSA.68.16	8
24:3	PSA.78.68-PSA.78.69	8
24:3	JHN.20.17	6
24:3	1CH.15.25-1CH.15.28	5
24:3	JHN.13.36	5
24:3	EPH.4.8-EPH.4.10	4
24:4	MAT.5.8	36
24:4	PSA.51.10	27
24:4	JAS.4.8	25
24:4	JOB.17.9	17
24:4	PSA.73.1	14
24:4	2CO.7.1	14
24:4	PSA.26.6	11
24:4	ISA.33.15-ISA.33.16	11
24:4	1TI.2.8	8
24:4	PSA.143.8	7
24:4	ACT.15.9	7
24:4	PSA.15.4	6
24:4	PSA.18.20	6
24:4	ISA.1.15-ISA.1.16	5
24:4	REV.21.1-REV.21.4	5
24:4	REV.22.14-REV.22.15	5
24:4	REV.21.27	4
24:4	PSA.25.1	3
24:4	PRO.20.9	3
24:4	JER.4.14	3
24:4	JER.7.9-JER.7.10	3
24:4	EZK.18.6	3
24:4	MAL.3.5	3
24:4	DEU.4.19	2
24:4	JOB.9.30	2
24:4	ZEC.5.3-ZEC.5.4	2
24:4	ACT.14.15	1
24:4	GEN.6.5	0
24:5	PHP.3.9	9
24:5	EPH.1.3	8
24:5	TIT.3.4-TIT.3.6	7
24:5	1PE.3.9	6
24:5	ISA.12.2	5
24:5	ISA.46.13	5
24:5	NUM.6.24-NUM.6.27	3
24:5	PSA.50.23	3
24:5	PSA.67.6-PSA.67.7	3
24:5	PSA.115.12-PSA.115.13	3
24:5	ROM.4.6-ROM.4.9	3
24:5	GAL.3.14	3
24:5	PSA.68.19	2
24:5	PSA.72.17	2
24:5	PSA.88.1	2
24:5	PSA.128.1-PSA.128.5	2
24:5	ISA.33.15-ISA.33.17	2
24:5	ISA.45.17	2
24:5	ISA.51.5-ISA.51.6	2
24:5	ISA.51.8	2
24:5	ISA.54.17	2
24:5	ISA.61.10	2
24:5	MAT.5.3-MAT.5.12	2
24:5	JHN.7.17	2
24:5	ROM.3.22	2
24:5	ROM.5.17-ROM.5.18	2
24:5	1CO.1.30	2
24:5	2CO.5.21	2
24:5	GAL.3.9	2
24:5	GAL.5.5	2
24:5	TIT.2.10-TIT.2.14	2
24:6	PSA.27.8	11
24:6	PSA.105.4	11
24:6	PSA.22.30	2
24:6	PSA.73.15	2
24:6	JHN.1.47	2
24:6	ROM.4.16	2
24:6	ISA.53.10	1
24:6	1PE.2.9	1
24:7	ISA.26.2	39
24:7	PSA.118.19-PSA.118.20	33
24:7	REV.4.11	19
24:7	PSA.97.6	18
24:7	1CO.2.8	17
24:7	EPH.4.8-EPH.4.10	14
24:7	HAG.2.7	13
24:7	MAL.3.1	13
24:7	NUM.10.35-NUM.10.36	11
24:7	1KI.8.11	10
24:7	2SA.6.17	9
24:7	PSA.68.16-PSA.68.18	9
24:7	HAG.2.9	9
24:7	1PE.3.22	9
24:7	PSA.132.8	8
24:7	MRK.16.19	8
24:7	2PE.3.18	7
24:7	1KI.8.6	6
24:7	JAS.2.1	6
24:7	PSA.21.1	5
24:7	PSA.21.5	0
24:8	EXO.15.3	11
24:8	REV.19.11-REV.19.21	9
24:8	REV.6.2	7
24:8	PSA.45.3-PSA.45.6	5
24:8	PSA.93.1	5
24:8	ISA.63.1-ISA.63.6	5
24:8	COL.2.15	5
24:8	ISA.9.6	4
24:8	PSA.50.1	2
24:8	PSA.76.3-PSA.76.6	1
24:8	ISA.19.24-ISA.19.25	1
24:10	TIT.2.13	15
24:10	MAT.25.34	12
24:10	ISA.54.5	11
24:10	ZEC.2.8-ZEC.2.11	6
24:10	MAT.25.31	6
24:10	LUK.9.26	6
24:10	JHN.12.40	6
24:10	JHN.14.9	6
24:10	PSA.2.6-PSA.2.12	4
24:10	ISA.6.3-ISA.6.5	3
24:10	HOS.12.3-HOS.12.5	3
25:1	PSA.143.8	17
25:1	PSA.86.4	15
25:1	PSA.24.4	11
25:1	1SA.1.15	10
25:1	LAM.3.41	10
25:2	ROM.10.11	23
25:2	PSA.41.11	21
25:2	PSA.22.5	17
25:2	PSA.71.1	17
25:2	ROM.5.5	15
25:2	PSA.142.6	10
25:2	PSA.31.1	9
25:2	ISA.37.35	9
25:2	PSA.13.2-PSA.13.4	8
25:2	PSA.34.8	8
25:2	PSA.94.3	7
25:2	ISA.26.3	7
25:2	PSA.7.1	6
25:2	PSA.18.2	6
25:2	PSA.35.19-PSA.35.25	6
25:2	PSA.37.40	6
25:2	ISA.37.20	6
25:2	ISA.49.23	6
25:2	1PE.2.6	6
25:2	PSA.22.1	5
25:2	PSA.22.8	5
25:2	ISA.36.14-ISA.36.20	5
25:2	ISA.37.10	4
25:2	ISA.41.16	4
25:2	PSA.56.1	3
25:2	ISA.28.16	3
25:3	LAM.3.25	79
25:3	ISA.40.31	76
25:3	ISA.49.23	70
25:3	MIC.7.7	65
25:3	PSA.62.5	54
25:3	PSA.27.14	51
25:3	ROM.8.25	49
25:3	PSA.37.34	46
25:3	PSA.40.1-PSA.40.3	44
25:3	PSA.33.20	42
25:3	PSA.123.2	40
25:3	ISA.25.9	37
25:3	JER.20.11	33
25:3	PSA.69.6	32
25:3	PSA.35.26	31
25:3	PSA.31.17	30
25:3	PSA.132.18	30
25:3	PSA.71.13	29
25:3	PSA.59.2-PSA.59.5	25
25:3	PSA.62.1	25
25:3	PSA.70.2-PSA.70.3	24
25:3	PSA.6.10	21
25:3	PSA.119.78	21
25:3	JHN.15.25	20
25:3	PSA.109.3	19
25:3	PSA.7.4-PSA.7.5	18
25:3	PSA.40.14-PSA.40.15	16
25:3	PSA.69.4	16
25:3	GEN.49.13	11
25:4	PSA.86.11	48
25:4	PSA.143.8	41
25:4	PSA.27.11	38
25:4	PSA.119.27	27
25:4	EXO.33.13	25
25:4	PSA.5.8	25
25:4	JER.6.16	20
25:4	ISA.2.3	18
25:4	PRO.8.20	17
25:4	PSA.5.1	12
25:5	PRO.8.34	31
25:5	ISA.30.18	29
25:5	PSA.25.10	22
25:5	PSA.43.3-PSA.43.4	22
25:5	JHN.14.26	21
25:5	PSA.88.1	18
25:5	JHN.16.13	18
25:5	PSA.119.66	17
25:5	ISA.54.13	17
25:5	REV.7.17	17
25:5	NEH.9.20	16
25:5	PSA.79.9	15
25:5	PSA.107.7	15
25:5	PSA.24.5	13
25:5	PRO.23.17	13
25:5	ROM.8.14	13
25:5	PSA.25.8	12
25:5	PSA.119.26	12
25:5	ISA.49.10	12
25:5	LUK.18.7	12
25:5	JHN.8.31-JHN.8.32	12
25:5	EPH.4.20-EPH.4.21	12
25:5	PSA.22.2	11
25:5	ISA.42.16	11
25:5	PSA.86.3	10
25:5	PSA.119.33	10
25:5	PSA.119.97	10
25:5	1JN.2.27	10
25:5	JOB.36.22	9
25:5	PSA.68.20	9
25:5	ISA.35.8	9
25:5	JER.31.9	9
25:5	JHN.6.45	9
25:5	JER.31.33-JER.31.34	8
25:6	COL.3.12	8
25:6	PSA.103.17	7
25:6	LUK.1.50	7
25:6	LUK.1.78	5
25:6	2CO.1.3	5
25:6	EXO.34.6	4
25:6	MIC.7.18-MIC.7.20	4
25:6	NEH.9.19	3
25:6	PSA.98.3	3
25:6	ISA.63.15	3
25:6	JER.33.11	3
25:6	PHP.2.1	3
25:6	1JN.3.17	3
25:6	GEN.24.27	2
25:6	GEN.32.9	2
25:6	EXO.15.13	2
25:6	2CH.6.42	2
25:6	PSA.40.11	2
25:6	PSA.69.13	2
25:6	PSA.69.16	2
25:6	PSA.77.7-PSA.77.12	2
25:6	PSA.103.4	2
25:6	PSA.106.1	2
25:6	PSA.106.45	2
25:6	PSA.107.1	2
25:6	PSA.119.77	2
25:6	PSA.136.11-PSA.136.26	2
25:6	ISA.55.7	2
25:6	JER.31.20	2
25:6	LUK.1.54	2
25:6	LUK.1.71-LUK.1.72	2
25:6	PHP.1.8	2
25:7	ISA.43.25	13
25:7	ISA.38.17	10
25:7	HEB.10.16-HEB.10.18	8
25:7	HEB.8.12	7
25:7	JOB.13.26	6
25:7	JER.3.25	6
25:7	PSA.51.1	5
25:7	PSA.79.8	5
25:7	EPH.1.6-EPH.1.7	5
25:7	EPH.2.4-EPH.2.8	5
25:7	PSA.6.4	4
25:7	PSA.31.16	4
25:7	PSA.109.26	4
25:7	PSA.119.124	4
25:7	PRO.5.7-PRO.5.14	4
25:7	JOB.20.11	3
25:7	ISA.64.9	3
25:7	JHN.5.14	3
25:7	PSA.109.14	2
25:7	PSA.109.16	2
25:7	JHN.5.5	2
25:8	JAS.1.5	17
25:8	EPH.1.17-EPH.1.18	13
25:8	PSA.32.8	12
25:8	JHN.6.44-JHN.6.45	10
25:8	PSA.92.15	9
25:8	MAT.9.13	8
25:8	PRO.9.4-PRO.9.6	5
25:8	ISA.26.7	5
25:8	MAT.11.29-MAT.11.30	5
25:8	PSA.119.68	4
25:8	PRO.1.20-PRO.1.23	4
25:8	PRO.2.1-PRO.2.6	4
25:8	MIC.4.2	4
25:8	2CO.4.6	4
25:8	LUK.11.13	3
25:9	PRO.3.5-PRO.3.6	20
25:9	PSA.23.3	15
25:9	MAT.5.5	13
25:9	JHN.14.6	12
25:9	GAL.5.23	11
25:9	1PE.3.15	11
25:9	PSA.149.4	10
25:9	EZK.36.27	10
25:9	ZEP.2.3	10
25:9	PSA.119.66	8
25:9	PSA.143.10	8
25:9	PSA.147.6	8
25:9	EZK.11.19-EZK.11.20	8
25:9	ISA.42.1-ISA.42.3	6
25:9	JAS.1.21	6
25:9	1PE.3.4	6
25:9	PSA.22.26	5
25:9	PSA.27.11	5
25:9	PSA.32.8-PSA.32.9	5
25:9	PSA.73.24	5
25:9	PSA.76.9	5
25:9	PSA.119.35	4
25:9	PRO.8.20	4
25:9	ISA.11.4	4
25:9	ISA.61.1	4
25:9	HEB.10.20	4
25:9	ACT.13.10	3
25:9	ACT.9.2	2
25:10	JAS.5.11	16
25:10	ROM.8.28	11
25:10	PSA.40.11	10
25:10	HEB.8.8-HEB.8.12	10
25:10	PSA.103.17-PSA.103.18	8
25:10	JHN.1.17	8
25:10	PSA.119.75-PSA.119.76	7
25:10	ROM.2.13	7
25:10	PSA.91.14	6
25:10	GEN.5.24	5
25:10	PSA.33.4	5
25:10	ISA.25.1	5
25:10	ISA.43.2	5
25:10	HOS.14.9	5
25:10	GEN.17.1	4
25:10	PSA.18.25-PSA.18.26	4
25:10	PSA.24.4-PSA.24.5	4
25:10	PSA.50.23	4
25:10	PSA.85.10	4
25:10	PSA.89.14	4
25:10	ZEP.2.3	4
25:10	JHN.1.14	4
25:10	HEB.12.14	4
25:10	GEN.24.27	3
25:10	2SA.15.20	3
25:10	PSA.28.4-PSA.28.6	3
25:10	PSA.37.23-PSA.37.24	3
25:10	PSA.57.3	3
25:10	PSA.98.3	3
25:10	ISA.56.1-ISA.56.6	3
25:10	ACT.10.35	3
25:10	GEN.48.15-GEN.48.16	2
25:10	PSA.138.7	2
25:11	PSA.79.9	11
25:11	1JN.2.12	11
25:11	ISA.43.25	8
25:11	PSA.31.3	7
25:11	ROM.5.20-ROM.5.21	6
25:11	PSA.109.21	5
25:11	PSA.143.11	5
25:11	ISA.48.9	5
25:11	EZK.20.9	5
25:11	EZK.36.22	5
25:11	ROM.5.15	4
25:11	NUM.14.17-NUM.14.19	3
25:12	PSA.37.23	31
25:12	PSA.32.8	26
25:12	JHN.7.17	16
25:12	PSA.111.10	13
25:12	ECC.12.13	13
25:12	ISA.50.10	13
25:12	JHN.8.31-JHN.8.32	12
25:12	JHN.3.20-JHN.3.21	11
25:12	PRO.1.7	10
25:12	PRO.15.33	10
25:12	PRO.16.6	9
25:12	ISA.35.8	8
25:12	ACT.10.22	8
25:12	2TH.2.10-2TH.2.12	8
25:12	PRO.2.5	6
25:12	ACT.11.14	5
25:12	ACT.13.26	5
25:12	ACT.10.2	4
25:12	1JN.2.27	4
25:13	PSA.37.11	10
25:13	PRO.1.33	9
25:13	PRO.19.23	9
25:13	PSA.37.26	7
25:13	ISA.65.23	7
25:13	ZEP.3.17	7
25:13	ACT.2.39	7
25:13	PSA.69.36	6
25:13	PSA.112.2	6
25:13	PRO.29.25	6
25:13	JER.32.39	6
25:13	EZK.34.25-EZK.34.28	6
25:13	MAT.5.5	6
25:13	GEN.17.7-GEN.17.10	5
25:13	DEU.33.26-DEU.33.29	5
25:13	PHP.4.19	5
25:13	1PE.3.10	5
25:13	DEU.33.12	4
25:13	PRO.20.7	4
25:13	ISA.66.10-ISA.66.14	4
25:13	JER.31.12-JER.31.14	4
25:13	ZEC.9.17	4
25:13	MAT.11.28-MAT.11.29	4
25:13	PSA.31.19	3
25:13	PSA.36.8	3
25:13	PSA.37.22	3
25:13	PSA.37.29	3
25:13	PSA.63.5	3
25:13	2PE.3.13	3
25:13	EZK.33.24-EZK.33.26	2
25:14	JHN.15.15	38
25:14	JHN.14.21-JHN.14.23	28
25:14	JHN.7.17	23
25:14	EPH.1.9	20
25:14	EPH.1.18	17
25:14	1CO.2.14	16
25:14	REV.2.17	15
25:14	JER.31.31-JER.31.34	11
25:14	JHN.17.6	11
25:14	DEU.4.13	10
25:14	COL.3.3	9
25:14	GEN.18.17-GEN.18.19	8
25:14	MAT.13.11-MAT.13.12	8
25:14	JHN.14.17	8
25:14	GEN.17.13	7
25:14	PRO.3.32	7
25:14	ROM.11.26-ROM.11.27	7
25:14	JER.13.18	5
25:15	PSA.141.8	21
25:15	PSA.124.7-PSA.124.8	19
25:15	PSA.31.4	18
25:15	PSA.121.1-PSA.121.2	17
25:15	PSA.123.2	16
25:15	JER.5.26	15
25:15	2TI.2.25-2TI.2.26	13
25:16	PSA.86.16	6
25:16	DAN.9.17	4
25:16	MIC.7.19	4
25:16	PSA.69.14-PSA.69.20	3
25:16	PSA.143.4	3
25:16	PSA.60.1	2
25:16	PSA.88.15-PSA.88.18	2
25:16	MRK.15.33-MRK.15.35	2
25:17	PSA.107.6	6
25:17	PSA.34.19	5
25:17	2CO.4.8-2CO.4.9	5
25:17	PSA.38.1-PSA.38.8	2
25:17	PSA.42.7	2
25:17	PSA.77.2-PSA.77.4	2
25:17	HAB.3.17-HAB.3.19	2
25:17	1CO.4.11-1CO.4.13	2
25:18	2SA.16.12	6
25:18	PSA.119.132	4
25:18	1SA.1.11	2
25:18	PSA.32.1-PSA.32.5	2
25:18	PSA.51.8-PSA.51.9	2
25:18	LAM.5.1	2
25:18	MAT.9.2	2
25:18	PSA.119.153	1
25:18	LUK.1.25	1
25:19	PSA.3.1-PSA.3.2	3
25:19	PSA.27.12	3
25:19	PSA.38.19	3
25:19	PSA.52.2	3
25:19	PSA.56.2	3
25:19	PSA.57.4	3
25:19	PSA.86.14	3
25:19	PSA.140.1	3
25:19	PSA.140.4	3
25:19	PSA.140.11	3
25:19	PSA.143.3	3
25:19	LUK.22.2	3
25:19	LUK.23.5	3
25:19	2SA.16.11	2
25:19	2SA.17.2-2SA.17.4	2
25:19	PSA.11.5	2
25:19	PSA.18.48	2
25:19	PSA.27.2	2
25:19	PSA.138.7	2
25:19	LUK.23.21-LUK.23.23	2
25:20	PSA.71.1-PSA.71.2	6
25:20	PSA.121.7	6
25:20	PSA.17.8	5
25:20	JOL.2.26-JOL.2.27	5
25:20	PSA.86.2	4
25:20	PSA.22.20-PSA.22.21	3
25:20	LUK.23.46	3
25:20	ACT.7.59	3
25:21	PRO.11.3	13
25:21	PSA.41.12	12
25:21	PSA.26.1	10
25:21	PSA.26.11	10
25:21	PRO.20.7	10
25:21	ACT.24.16	10
25:21	1SA.26.23	9
25:21	PSA.7.8	9
25:21	DAN.6.22	8
25:21	1SA.24.11-1SA.24.13	7
25:21	PSA.18.20-PSA.18.24	6
25:21	ACT.25.10-ACT.25.11	4
25:22	PSA.130.8	7
25:22	PSA.14.7	3
25:22	PSA.51.18-PSA.51.19	3
25:22	PSA.122.6	3
26:1	PSA.7.8	8
26:1	PSA.28.7	8
26:1	PRO.20.7	6
26:1	1SA.24.15	5
26:1	2KI.20.3	5
26:1	PSA.21.7	5
26:1	1SA.2.9	4
26:1	PSA.4.5	4
26:1	PSA.25.2	4
26:1	PSA.25.21	4
26:1	PSA.15.2	3
26:1	PSA.26.11	3
26:1	PSA.31.14	3
26:1	PSA.35.24	3
26:1	PSA.37.31	3
26:1	PSA.43.1	3
26:1	PSA.54.1	3
26:1	PSA.62.2	3
26:1	PSA.62.6	3
26:1	PSA.94.18	3
26:1	PSA.121.3	3
26:1	PSA.121.7-PSA.121.8	3
26:1	PRO.29.25	3
26:1	1CO.4.3-1CO.4.6	3
26:1	2CO.1.12	3
26:1	HEB.10.23	3
26:1	1PE.1.5	3
26:1	2PE.1.10	3
26:2	PSA.139.23-PSA.139.24	18
26:2	PSA.7.9	10
26:2	PSA.17.3	7
26:2	ZEC.13.9	5
26:2	JOB.13.23	4
26:2	JOB.31.4-JOB.31.6	3
26:2	PSA.66.10	3
26:2	JER.20.12	3
26:3	2KI.20.3	6
26:3	1JN.1.7	6
26:3	2CO.8.9	4
26:3	EPH.4.32-EPH.5.2	4
26:3	2JN.1.4	4
26:3	ISA.2.5	3
26:3	JHN.14.6	3
26:3	2CO.3.18	3
26:3	1JN.4.19-1JN.4.21	3
26:3	3JN.1.3-3JN.1.4	3
26:3	PSA.25.5	2
26:3	PSA.52.1	2
26:3	PSA.85.10-PSA.85.13	2
26:3	PSA.86.11	2
26:3	PSA.101.2	2
26:3	PSA.119.142	2
26:3	ISA.8.20	2
26:3	MAT.5.44-MAT.5.48	2
26:3	LUK.6.36	2
26:3	2CO.5.14-2CO.5.15	2
26:3	EPH.4.20-EPH.4.25	2
26:3	COL.3.12-COL.3.13	2
26:3	1JN.4.7-1JN.4.12	2
26:3	3JN.1.11	1
26:4	JER.15.17	9
26:4	PSA.1.1	8
26:4	PRO.13.20	7
26:4	PSA.119.115	6
26:4	2CO.6.17	6
26:4	PSA.119.63	5
26:4	1CO.15.33	5
26:4	PRO.9.6	4
26:4	PRO.12.11	4
26:5	PSA.31.6	7
26:5	PSA.101.3-PSA.101.8	6
26:5	PSA.139.21-PSA.139.22	5
26:5	PSA.1.1	4
26:5	1CO.5.9-1CO.5.11	3
26:5	MAT.9.11-MAT.9.12	0
26:6	PSA.73.13	6
26:6	ISA.1.16-ISA.1.18	5
26:6	EXO.30.19-EXO.30.20	4
26:6	TIT.3.5	4
26:6	PSA.24.4	3
26:6	PSA.43.4	3
26:6	MAL.2.11-MAL.2.13	3
26:6	MAT.5.23-MAT.5.24	3
26:6	1CO.11.28-1CO.11.29	3
26:6	1TI.2.8	3
26:6	HEB.10.19-HEB.10.22	3
26:7	PSA.9.1	6
26:7	PSA.71.17-PSA.71.19	5
26:7	PSA.145.5	4
26:7	1SA.1.24	3
26:7	1SA.1.27	3
26:7	2CH.20.26-2CH.20.29	3
26:7	PSA.9.14	3
26:7	PSA.66.13-PSA.66.15	3
26:7	PSA.72.18	3
26:7	PSA.95.2	3
26:7	PSA.100.4-PSA.100.5	3
26:7	PSA.105.2	3
26:7	PSA.116.12-PSA.116.14	3
26:7	PSA.116.18-PSA.116.19	3
26:7	PSA.118.19	3
26:7	PSA.118.27	3
26:7	PSA.119.27	3
26:7	PSA.134.2	3
26:7	PSA.136.4-PSA.136.5	3
26:7	LUK.19.37-LUK.19.40	3
26:7	DEU.26.2-DEU.26.10	2
26:8	PSA.84.10	8
26:8	PSA.27.4-PSA.27.6	6
26:8	JHN.2.14-JHN.2.17	6
26:8	PSA.84.1-PSA.84.2	5
26:8	PSA.122.9	5
26:8	ISA.38.22	4
26:8	LUK.2.46	4
26:8	EXO.25.21-EXO.25.22	3
26:8	EXO.40.34-EXO.40.35	3
26:8	1CH.29.3	3
26:8	2CH.5.14-2CH.6.2	3
26:8	PSA.122.1-PSA.122.4	3
26:8	LUK.2.49	3
26:8	LUK.19.45-LUK.19.47	3
26:8	2SA.15.25	2
26:8	PSA.42.4	2
26:8	PSA.63.2-PSA.63.3	2
26:8	ISA.38.20	2
26:9	PSA.139.19	3
26:9	MAT.25.32	3
26:9	REV.22.14-REV.22.15	3
26:9	1SA.22.18-1SA.22.19	2
26:9	1SA.25.29	2
26:9	2SA.16.7	2
26:9	2SA.21.1	2
26:9	PSA.28.1-PSA.28.3	2
26:9	PSA.51.14	2
26:9	PSA.55.23	2
26:9	MAL.3.18	2
26:9	MAT.24.51	2
26:9	MAT.25.44	2
26:9	MAT.25.46	2
26:10	EXO.23.8	4
26:10	DEU.16.19	4
26:10	1SA.8.3	3
26:10	PSA.52.2	3
26:10	MIC.7.3	3
26:10	PSA.10.14	2
26:10	PSA.11.2	2
26:10	PSA.36.4	2
26:10	PSA.55.9-PSA.55.11	2
26:10	PRO.1.16	2
26:10	PRO.4.16	2
26:10	ISA.33.15	2
26:10	EZK.22.12-EZK.22.13	2
26:10	AMO.5.12	2
26:10	MIC.2.1-MIC.2.3	2
26:10	MAT.26.3-MAT.26.4	2
26:10	ACT.23.12	2
26:11	PSA.26.1	4
26:11	PSA.69.18	4
26:11	ISA.38.3	3
26:11	1TH.2.10	3
26:11	TIT.2.14	3
26:11	1PE.1.18-1PE.1.19	3
26:11	1SA.12.2-1SA.12.5	2
26:11	2CH.31.20-2CH.31.21	2
26:11	NEH.5.15	2
26:11	NEH.13.14	2
26:11	NEH.13.22	2
26:11	NEH.13.31	2
26:11	JOB.1.1	2
26:11	PSA.49.7	2
26:11	PSA.49.15	2
26:11	PSA.103.3-PSA.103.4	2
26:11	PSA.103.7-PSA.103.8	2
26:11	LUK.1.6	2
26:12	PSA.27.11	8
26:12	PSA.40.2	7
26:12	1SA.2.9	6
26:12	PSA.111.1	6
26:12	PSA.22.22-PSA.22.25	5
26:12	PRO.10.9	5
26:12	PSA.26.7	4
26:12	HEB.2.12	4
26:12	PSA.107.32	3
26:12	PSA.122.4	3
27:1	HEB.13.6	146
27:1	PSA.118.6	134
27:1	EXO.15.2	118
27:1	2CO.12.9	89
27:1	PSA.84.11	76
27:1	JHN.8.12	72
27:1	ROM.8.31	71
27:1	MIC.7.7-MIC.7.8	70
27:1	ISA.60.19-ISA.60.20	62
27:1	ISA.12.2	52
27:1	PSA.18.28	46
27:1	ISA.61.10	44
27:1	PSA.62.6	40
27:1	JOB.29.3	34
27:1	PSA.118.21	34
27:1	JHN.1.1-JHN.1.5	33
27:1	PSA.19.14	32
27:1	PHP.4.13	32
27:1	REV.21.23	31
27:1	PSA.18.1-PSA.18.2	29
27:1	PSA.46.1-PSA.46.2	28
27:1	PSA.68.19-PSA.68.20	26
27:1	ISA.60.1-ISA.60.3	26
27:1	JHN.1.9	25
27:1	PSA.56.2-PSA.56.4	24
27:1	ISA.2.5	24
27:1	MAL.4.2	24
27:1	PSA.62.2	23
27:1	PSA.11.1	22
27:1	PSA.18.46	22
27:1	PSA.28.7-PSA.28.8	22
27:1	ISA.51.6-ISA.51.8	22
27:1	LUK.2.30	22
27:1	ISA.45.24	21
27:1	REV.7.10	21
27:1	MAT.8.26	20
27:1	PSA.3.8	19
27:1	PSA.43.2	19
27:1	PSA.118.14-PSA.118.15	19
27:1	LUK.3.6	19
27:1	REV.22.5	19
27:2	PSA.118.12	8
27:2	PSA.3.7	6
27:2	PSA.9.3	5
27:2	PSA.14.4	5
27:2	PSA.22.16	5
27:2	ISA.8.15	5
27:2	JOB.19.22	4
27:2	PSA.18.4	3
27:2	PSA.18.38-PSA.18.42	3
27:2	PSA.53.4	3
27:2	JHN.18.3-JHN.18.6	3
27:2	JOB.31.31	2
27:2	PSA.62.3-PSA.62.4	2
27:3	PSA.3.6	22
27:3	1PE.3.14	17
27:3	ROM.8.35-ROM.8.37	14
27:3	PHP.1.28	13
27:3	2CO.5.6-2CO.5.8	10
27:3	ISA.41.11-ISA.41.12	8
27:3	ISA.54.16-ISA.54.17	8
27:3	REV.2.10	8
27:3	2KI.6.15-2KI.6.17	7
27:3	1SA.28.15-1SA.28.16	6
27:3	2CH.20.15	6
27:3	JOB.4.6	6
27:3	PSA.52.6	6
27:3	REV.12.7-REV.12.11	5
27:4	PSA.26.8	74
27:4	PSA.23.6	65
27:4	PSA.65.4	57
27:4	PSA.84.10	53
27:4	PSA.84.4	52
27:4	LUK.10.42	40
27:4	PSA.63.2-PSA.63.5	37
27:4	JER.29.13	36
27:4	PSA.27.8	35
27:4	MAT.6.33	33
27:4	PHP.3.13	25
27:4	HEB.11.6	25
27:4	PSA.90.17	22
27:4	2CO.3.18	20
27:4	LUK.2.37	19
27:4	DAN.9.3	17
27:4	PSA.50.2	16
27:4	MAT.7.7-MAT.7.8	15
27:4	LUK.18.1	14
27:4	LUK.11.9-LUK.11.10	12
27:4	LUK.13.24	12
27:4	ZEC.9.9	11
27:4	2CO.4.6	11
27:4	1CH.10.13-1CH.10.14	9
27:4	1SA.1.11	8
27:4	1TI.5.5	6
27:4	PSA.26.6	5
27:4	1SA.30.8	1
27:4	2SA.21.1	1
27:4	1SA.22.10	0
27:5	PRO.18.10	37
27:5	PSA.31.20	33
27:5	PSA.138.7	31
27:5	PSA.91.1	30
27:5	PSA.50.15	25
27:5	PSA.119.114	25
27:5	PSA.40.2	24
27:5	COL.3.3	22
27:5	PSA.17.8	19
27:5	PSA.91.15	16
27:5	MAT.7.24-MAT.7.25	16
27:5	PSA.46.1	15
27:5	ISA.26.20	14
27:5	PSA.57.1	13
27:5	ISA.32.2	13
27:5	PSA.61.2	12
27:5	PSA.32.6-PSA.32.7	11
27:5	PRO.1.24-PRO.1.28	11
27:5	PSA.18.33	10
27:5	ISA.4.5-ISA.4.6	10
27:5	PSA.77.2	9
27:5	NEH.6.10-NEH.6.11	8
27:5	PSA.10.1	8
27:5	PSA.83.3	8
27:5	HAB.3.18-HAB.3.19	8
27:5	ISA.26.16	7
27:5	MAT.16.16-MAT.16.18	7
27:5	2CH.22.12	6
27:5	JER.2.27-JER.2.28	6
27:5	MAT.23.37	6
27:6	PSA.3.3	18
27:6	HEB.13.15	16
27:6	2SA.22.49	12
27:6	PSA.107.22	12
27:6	ISA.12.6	10
27:6	EPH.5.19-EPH.5.20	9
27:6	REV.5.9	9
27:6	JER.33.11	8
27:6	ZEC.9.9	8
27:6	REV.15.3	8
27:6	PSA.95.1	7
27:6	1PE.2.5	7
27:6	2SA.7.9	6
27:6	1CH.22.18	6
27:6	2CH.30.21-2CH.30.26	6
27:6	EZR.3.11-EZR.3.13	6
27:6	PSA.21.13	6
27:6	PSA.22.22-PSA.22.25	6
27:6	PSA.26.6-PSA.26.7	6
27:6	PSA.43.3-PSA.43.4	6
27:6	PSA.47.1	6
27:6	PSA.81.1	6
27:6	PSA.100.1-PSA.100.2	6
27:6	PSA.110.7	6
27:6	PSA.116.17-PSA.116.19	6
27:6	PSA.138.5	6
27:6	JER.31.7	6
27:6	LUK.19.37-LUK.19.38	6
27:6	GEN.40.13	5
27:6	2SA.22.1	5
27:6	2KI.25.27	5
27:6	PSA.21.1	5
27:6	PSA.66.13-PSA.66.16	5
27:6	GEN.40.20	4
27:6	ZEP.3.14-ZEP.3.15	3
27:7	PSA.130.2-PSA.130.4	7
27:7	PSA.5.2	5
27:7	PSA.13.3	5
27:7	PSA.4.1	4
27:7	PSA.143.1-PSA.143.2	3
27:8	PSA.105.4	50
27:8	JER.29.12-JER.29.13	42
27:8	ISA.55.6-ISA.55.7	30
27:8	PSA.119.58	25
27:8	PSA.24.6	22
27:8	PSA.63.1-PSA.63.2	21
27:8	HOS.5.15	17
27:8	ISA.45.19	15
27:9	PSA.69.17	9
27:9	PSA.143.7	7
27:9	PSA.102.2	6
27:9	ISA.46.3-ISA.46.4	6
27:9	2TI.4.17-2TI.4.18	5
27:9	HEB.13.5	5
27:9	PSA.24.5	4
27:9	PSA.38.21-PSA.38.22	4
27:9	PSA.71.17-PSA.71.18	4
27:9	JER.32.40	4
27:9	1SA.7.12	3
27:9	1CH.28.9	3
27:9	PSA.13.1	3
27:9	PSA.44.24	3
27:9	PSA.51.11	3
27:9	PSA.71.5-PSA.71.6	3
27:9	PSA.88.1	3
27:9	PSA.119.121	3
27:9	ISA.50.1	3
27:9	2CO.1.9-2CO.1.10	3
27:9	ISA.59.2	0
27:10	ISA.49.15	34
27:10	ISA.40.11	21
27:10	JHN.16.32	14
27:10	MAT.10.36	12
27:10	2TI.4.16	10
27:10	PSA.69.8	9
27:10	MAT.10.21-MAT.10.22	8
27:10	2SA.16.11	4
27:10	JHN.9.35	4
27:11	PSA.25.4-PSA.25.5	21
27:11	PSA.5.8	20
27:11	PSA.86.11	18
27:11	PSA.26.12	14
27:11	PSA.143.8-PSA.143.10	13
27:11	PSA.119.10	12
27:11	PRO.2.6-PRO.2.9	12
27:11	PSA.64.6	8
27:11	ISA.30.20-ISA.30.21	7
27:11	ISA.35.8	7
27:11	JER.20.10	6
27:11	LUK.3.4-LUK.3.6	6
27:11	PSA.25.9	5
27:11	PSA.25.12	5
27:11	PSA.56.5-PSA.56.6	5
27:11	PRO.8.9	5
27:11	DAN.6.4-DAN.6.5	5
27:11	LUK.20.20	4
27:11	PSA.54.5	3
27:11	PRO.15.19	3
27:12	PSA.31.8	9
27:12	MAT.26.59-MAT.26.60	9
27:12	PSA.35.11	7
27:12	PSA.41.11	7
27:12	PSA.35.25	6
27:12	ACT.6.11-ACT.6.13	6
27:12	EXO.20.16	5
27:12	PSA.140.8	5
27:12	ACT.9.1	5
27:12	1SA.22.9-1SA.22.10	4
27:12	1SA.26.19	4
27:12	2SA.16.7-2SA.16.8	4
27:12	PSA.38.16	4
27:12	PSA.41.2	4
27:12	ACT.26.11	3
27:12	PSA.25.19	2
27:13	2CO.4.16	41
27:13	PSA.142.5	39
27:13	PSA.56.3	30
27:13	2CO.4.8-2CO.4.14	30
27:13	PSA.31.19	25
27:13	PSA.56.13	25
27:13	PSA.42.5	23
27:13	PSA.116.9-PSA.116.11	19
27:13	EPH.2.8	14
27:13	JOB.28.13	13
27:13	2CO.4.1	13
27:13	JER.11.19	12
27:13	ISA.38.19	9
27:13	EZK.26.20	9
27:13	JOB.33.30	8
27:13	ISA.38.11	7
27:13	PSA.52.5	4
27:14	ISA.40.31	153
27:14	PSA.31.24	97
27:14	ISA.30.18	82
27:14	PSA.130.5	77
27:14	PSA.37.34	76
27:14	PHP.4.13	76
27:14	HAB.2.3	63
27:14	EPH.6.10	59
27:14	2CO.12.9-2CO.12.10	54
27:14	PSA.62.5	45
27:14	LAM.3.26	45
27:14	PSA.138.3	42
27:14	ROM.8.25	42
27:14	PSA.33.20	40
27:14	PRO.20.22	40
27:14	COL.1.11	40
27:14	1CO.16.13	34
27:14	ISA.25.9	33
27:14	PSA.25.3	32
27:14	2TI.4.5-2TI.4.8	32
27:14	GEN.49.18	31
27:14	PSA.25.21	31
27:14	ISA.8.17	30
27:14	LUK.2.25	28
27:14	PSA.40.1	27
27:14	EPH.3.16	27
27:14	PSA.62.1	26
27:14	ISA.26.8	26
27:14	LUK.2.38	22
27:14	ACT.28.15	18
28:1	PSA.143.7	17
28:1	PSA.18.2	12
28:1	PSA.88.4-PSA.88.6	11
28:1	PSA.83.1	10
28:1	PRO.1.12	10
28:1	ISA.26.4	8
28:1	JOB.33.28	7
28:1	REV.20.3	7
28:1	PSA.22.2	5
28:1	PSA.30.9	5
28:1	PSA.35.22	5
28:1	ISA.38.18	5
28:1	PSA.3.4	4
28:1	PSA.5.2	3
28:1	PSA.69.15	3
28:1	PSA.77.1	3
28:1	PSA.39.12	2
28:1	PSA.142.1	2
28:1	PSA.42.9	1
28:2	PSA.138.2	7
28:2	PSA.141.2	7
28:2	PSA.140.6	6
28:2	1TI.2.8	5
28:2	PSA.5.7	4
28:2	PSA.134.2	4
28:2	DAN.6.10	3
28:2	1KI.6.19	2
28:2	1KI.6.22-1KI.6.23	2
28:2	1KI.8.6-1KI.8.8	2
28:2	1KI.8.28-1KI.8.30	2
28:2	1KI.8.38	2
28:2	2CH.6.13	2
28:2	PSA.63.4	2
28:2	PSA.125.5	2
28:2	PSA.143.6	2
28:2	LAM.2.19	2
28:3	PSA.55.21	14
28:3	PSA.12.2	9
28:3	JER.9.8-JER.9.9	8
28:3	PSA.26.9	7
28:3	MIC.3.5	6
28:3	PSA.62.4	5
28:3	PRO.26.23-PRO.26.26	5
28:3	MAT.25.41	5
28:3	PSA.7.14	4
28:3	PSA.10.14	4
28:3	PSA.36.4	4
28:3	NUM.16.26	3
28:3	PSA.10.7	3
28:3	PSA.52.1	3
28:3	MAT.22.15-MAT.22.18	3
28:3	MAT.25.46	3
28:4	2TI.4.14	6
28:4	REV.22.12	6
28:4	PSA.109.17-PSA.109.21	5
28:4	REV.18.6	5
28:4	EZR.9.13	3
28:4	PSA.2.1-PSA.2.5	3
28:4	PSA.5.10	3
28:4	PSA.59.12-PSA.59.13	3
28:4	PSA.69.22-PSA.69.24	3
28:4	PSA.103.10	3
28:4	EZK.38.10	3
28:4	ROM.11.22	3
28:4	PSA.21.10	2
28:4	PSA.62.12	2
28:4	PSA.103.3-PSA.103.4	2
28:4	JER.18.21-JER.18.23	2
28:4	ROM.2.6-ROM.2.8	2
28:5	ISA.5.12	8
28:5	ROM.1.28	7
28:5	JOB.34.26-JOB.34.27	6
28:5	JHN.12.37	6
28:5	PSA.92.4-PSA.92.6	5
28:5	2SA.7.13	4
28:5	PSA.10.5	4
28:5	NUM.23.23	3
28:5	2SA.7.27	3
28:5	1KI.11.38	3
28:5	PSA.19.1-PSA.19.2	3
28:5	PSA.104.24	3
28:5	PSA.111.2-PSA.111.4	3
28:5	ISA.22.11	3
28:5	ISA.26.9-ISA.26.11	3
28:5	ISA.40.26	3
28:5	ISA.45.8	3
28:5	ISA.45.12	3
28:5	ISA.45.18	3
28:5	JER.10.12-JER.10.13	3
28:5	JER.31.4	3
28:5	JER.32.20-JER.32.21	3
28:5	HOS.14.9	3
28:5	ROM.1.20	3
28:5	EPH.1.19-EPH.1.21	3
28:5	PSA.8.3	2
28:6	PSA.31.21-PSA.31.22	12
28:6	PSA.107.19-PSA.107.22	11
28:6	PSA.118.5	9
28:6	PSA.66.19-PSA.66.20	8
28:6	PSA.69.33-PSA.69.34	7
28:6	PSA.116.1-PSA.116.2	6
28:7	PSA.30.11-PSA.30.12	53
28:7	PSA.56.3-PSA.56.4	49
28:7	EPH.6.10	36
28:7	ISA.61.10	35
28:7	ISA.12.2	32
28:7	PSA.40.3	31
28:7	PSA.13.5	30
28:7	PSA.28.8	29
28:7	PSA.118.6-PSA.118.9	29
28:7	PSA.84.11	23
28:7	PSA.68.3-PSA.68.4	20
28:7	PSA.3.3	18
28:7	PSA.22.4	17
28:7	PSA.69.30	17
28:7	EXO.15.1-EXO.15.21	15
28:7	PSA.91.4	15
28:7	1SA.2.1-1SA.2.11	14
28:7	PSA.21.1	14
28:7	PSA.96.1-PSA.96.3	14
28:7	GEN.15.1	13
28:7	PSA.16.9-PSA.16.11	13
28:7	PSA.46.1	13
28:7	2SA.22.1-2SA.22.51	12
28:7	PSA.33.21	12
28:7	REV.5.9	12
28:7	PSA.18.1-PSA.18.2	11
28:7	PSA.118.13-PSA.118.15	11
28:7	REV.15.3	11
28:7	JDG.5.1-JDG.5.31	10
28:7	PSA.19.14	10
28:7	ISA.45.24	10
28:8	PSA.20.6	13
28:8	PSA.140.7	9
28:8	ISA.61.1	7
28:8	1SA.16.13	5
28:8	PSA.2.2	3
28:9	ISA.40.11	10
28:9	PSA.78.71	7
28:9	DEU.9.29	6
28:9	ISA.63.9	6
28:9	1KI.8.51	5
28:9	MAT.2.6	5
28:9	EPH.1.18	5
28:9	1KI.8.53	4
28:9	EZR.1.4	4
28:9	PSA.25.22	4
28:9	MIC.7.14	4
28:9	PSA.14.7	3
28:9	PSA.80.14-PSA.80.19	3
28:9	ISA.46.3	3
28:9	JER.10.16	3
28:9	JER.31.7	3
28:9	EZK.34.23-EZK.34.24	3
28:9	MIC.5.2	3
28:9	MIC.5.4	3
28:9	DEU.1.31	1
28:9	DEU.32.9	1
28:9	2SA.7.7	1
28:9	2SA.21.3	1
29:1	PSA.96.7-PSA.96.9	18
29:1	REV.5.11-REV.5.14	11
29:1	JER.13.16-JER.13.18	10
29:1	1CH.16.28-1CH.16.29	9
29:1	PSA.68.31-PSA.68.34	9
29:1	ISA.60.12	9
29:1	PSA.2.10-PSA.2.12	4
29:2	PSA.96.8-PSA.96.9	21
29:2	1CH.16.28-1CH.16.29	17
29:2	2CH.20.21	13
29:2	PSA.27.4	13
29:2	PSA.110.3	13
29:2	PSA.97.9	12
29:2	PSA.113.3-PSA.113.6	10
29:2	PSA.145.3-PSA.145.7	10
29:2	PSA.90.17	9
29:2	PSA.96.6	8
29:3	JOB.37.2-JOB.37.5	11
29:3	PSA.93.3-PSA.93.4	9
29:3	EXO.9.33	6
29:3	EXO.9.28	5
29:3	EXO.19.16	5
29:3	PSA.18.13-PSA.18.15	5
29:3	PSA.77.16-PSA.77.19	5
29:3	MAT.8.26-MAT.8.27	5
29:3	1SA.7.10	4
29:3	PSA.104.3	4
29:3	JHN.12.29	4
29:3	REV.4.5	4
29:3	REV.8.5	4
29:3	REV.11.19	4
29:3	REV.16.18	4
29:3	REV.19.6	4
29:3	PSA.24.7-PSA.24.10	3
29:3	ACT.7.2	3
29:3	REV.17.14-REV.17.15	3
29:4	EZK.10.5	9
29:4	PSA.33.9	7
29:4	PSA.68.33	6
29:4	JER.51.15-JER.51.16	6
29:4	LUK.4.36	6
29:4	ISA.66.6	4
29:4	LUK.8.25	3
29:4	JOB.40.9-JOB.40.12	1
29:4	JOB.26.11-JOB.26.14	0
29:5	ISA.2.13	4
29:5	JDG.9.15	2
29:5	PSA.104.16	1
29:6	NUM.23.22	4
29:6	DEU.3.9	4
29:6	PSA.114.4-PSA.114.7	4
29:6	PSA.92.10	3
29:6	JER.4.23-JER.4.25	3
29:6	HAB.3.6-HAB.3.11	3
29:6	REV.20.11	3
29:7	PSA.77.18	6
29:7	EXO.9.23	4
29:7	LEV.10.2	4
29:7	PSA.144.5-PSA.144.6	4
29:7	2KI.1.10-2KI.1.12	3
29:7	JOB.37.3	3
29:7	JOB.38.35	3
29:7	NUM.16.35	2
29:8	NUM.13.26	7
29:8	JOB.9.6	3
29:8	PSA.18.7	3
29:8	PSA.46.3	3
29:8	ISA.13.13	3
29:8	JOL.3.16	2
29:8	HAG.2.6	2
29:8	HAG.2.21	2
29:8	HEB.12.26	2
29:9	PSA.46.2-PSA.46.5	6
29:9	JOB.39.1-JOB.39.3	5
29:9	PSA.26.8	5
29:9	PSA.48.9	5
29:9	EZK.20.46-EZK.20.48	5
29:9	PSA.134.1-PSA.134.2	3
29:9	PSA.135.1-PSA.135.2	3
29:9	ISA.9.18	3
29:9	ISA.10.18-ISA.10.19	3
29:9	PSA.63.2	1
29:10	GEN.6.17	8
29:10	PSA.10.16	8
29:10	1TI.1.17	8
29:10	MRK.4.41	5
29:10	GEN.8.1-GEN.8.2	4
29:10	JOB.38.8-JOB.38.11	4
29:10	JOB.38.25	3
29:10	PSA.2.6-PSA.2.9	3
29:10	PSA.29.3	3
29:10	PSA.65.7	3
29:10	PSA.93.1	3
29:10	PSA.99.1	3
29:10	DAN.2.44	3
29:10	MAT.6.13	3
29:10	PSA.104.6-PSA.104.9	2
29:11	ISA.40.31	64
29:11	NUM.6.24-NUM.6.27	58
29:11	2TH.3.16	55
29:11	ISA.41.10	33
29:11	JHN.16.33	33
29:11	ISA.40.29	26
29:11	PSA.37.11	23
29:11	PSA.68.35	19
29:11	PSA.28.8-PSA.28.9	16
29:11	JHN.14.27	15
29:11	1CO.1.3	15
29:11	ZEC.10.12	13
29:11	ROM.14.17	13
29:11	PSA.138.3	12
29:11	ZEC.10.6	12
29:11	EPH.3.16	12
29:11	PSA.72.3	11
29:11	PSA.84.7	10
29:11	PSA.85.8	10
29:11	ISA.9.6-ISA.9.7	10
29:11	EPH.2.17	10
29:11	PSA.85.10	9
29:11	REV.1.4	9
29:11	PSA.72.7	8
29:11	2TI.4.17	7
30:1	PSA.25.2	15
30:1	PSA.35.19	9
30:1	DAN.4.37	9
30:1	PSA.27.6	7
30:1	2SA.5.11	6
30:1	PSA.13.4	6
30:1	DEU.20.5	5
30:1	PSA.28.9	5
30:1	PSA.34.3-PSA.34.4	5
30:1	PSA.41.11	5
30:1	PSA.79.10	5
30:1	PSA.89.41-PSA.89.46	5
30:1	PSA.140.8	5
30:1	PSA.145.1	5
30:1	LAM.2.15	5
30:1	2SA.6.20	4
30:1	2SA.7.2	4
30:1	2SA.24.25	4
30:1	1CH.21.6	4
30:1	PSA.66.17	4
30:1	2SA.20.3	3
30:1	PSA.35.24-PSA.35.25	3
30:1	PSA.79.4	3
30:2	2KI.20.5	22
30:2	PSA.103.3-PSA.103.4	22
30:2	PSA.147.3	20
30:2	PSA.6.2	19
30:2	GEN.20.17	15
30:2	EXO.15.26	15
30:2	PSA.88.13	12
30:2	JAS.5.14-JAS.5.15	12
30:2	PSA.51.8	11
30:2	PSA.107.17-PSA.107.22	9
30:2	PSA.118.18	8
30:3	PSA.16.10	7
30:3	PSA.86.13	6
30:3	PSA.28.1	4
30:3	ISA.38.17-ISA.38.18	4
30:3	JON.2.4-JON.2.6	4
30:3	PSA.40.1-PSA.40.2	3
30:3	PSA.71.20	3
30:3	JOB.33.19-JOB.33.22	2
30:3	JOB.33.28	2
30:3	PSA.56.13	2
30:3	PSA.116.8	2
30:4	PSA.97.12	9
30:4	1CH.16.4	3
30:4	PSA.132.9	3
30:4	PSA.148.14-PSA.149.1	3
30:4	REV.4.8	3
30:4	EXO.15.11	2
30:4	PSA.32.11-PSA.33.3	2
30:4	PSA.50.5	2
30:4	PSA.103.20-PSA.103.22	2
30:4	PSA.135.19-PSA.135.21	2
30:4	ISA.6.3	2
30:4	REV.19.5-REV.19.6	2
30:5	ISA.54.7-ISA.54.8	89
30:5	2CO.4.17	76
30:5	PSA.126.5-PSA.126.6	63
30:5	MAT.5.4	61
30:5	JHN.16.20-JHN.16.22	47
30:5	ISA.26.20	45
30:5	PSA.103.9	39
30:5	PSA.16.11	36
30:5	PSA.63.3	31
30:5	PSA.59.16	28
30:5	PSA.6.6-PSA.6.9	26
30:5	PSA.46.5	20
30:5	PSA.56.8-PSA.56.11	19
30:5	PSA.103.17	19
30:5	PSA.143.8	19
30:5	2CO.7.9-2CO.7.10	19
30:5	ISA.57.15-ISA.57.16	16
30:5	PSA.36.7-PSA.36.9	15
30:5	ISA.38.3-ISA.38.5	15
30:5	HOS.6.3	15
30:5	REV.22.17	15
30:5	GEN.32.24	14
30:5	REV.22.1	13
30:6	2CO.12.7	6
30:6	PSA.119.117	5
30:6	LUK.12.19	5
30:6	PSA.16.8	4
30:6	DAN.4.30	4
30:6	ISA.47.7	3
30:6	JOB.29.18-JOB.29.20	2
30:6	PSA.10.6	2
30:6	PSA.15.5	2
30:6	ISA.56.12	2
30:7	PSA.104.29	8
30:7	PSA.143.7	6
30:7	PSA.30.5	4
30:7	DEU.31.17	3
30:7	1CH.17.26-1CH.17.27	3
30:7	JOB.10.12	3
30:7	PSA.5.12	3
30:7	PSA.40.2	3
30:7	PSA.89.17	3
30:7	ISA.38.17	3
30:7	JOB.30.26-JOB.30.31	2
30:7	PSA.10.1	2
30:7	PSA.13.1-PSA.13.2	2
30:7	PSA.18.35-PSA.18.36	2
30:7	PSA.44.3	2
30:7	PSA.102.10	2
30:8	PHP.4.6-PHP.4.7	9
30:8	PSA.34.6	7
30:8	PSA.130.1-PSA.130.2	4
30:8	PSA.77.1-PSA.77.2	3
30:8	1CO.12.8-1CO.12.9	2
30:9	PSA.6.5	12
30:9	PSA.115.17-PSA.115.18	10
30:9	ISA.38.18	10
30:9	PSA.88.10-PSA.88.12	9
30:9	PSA.118.17	9
30:9	ECC.9.10	8
30:10	PSA.54.4	9
30:10	PSA.143.1	6
30:10	PSA.143.7-PSA.143.9	6
30:10	PSA.28.7	5
30:10	PSA.27.7	4
30:10	PSA.51.1-PSA.51.2	4
30:11	JER.31.4	26
30:11	ECC.3.4	18
30:11	JER.31.13-JER.31.14	16
30:11	2CH.20.12	15
30:11	ISA.25.8	15
30:11	PSA.149.3	14
30:11	PSA.30.5	13
30:11	PSA.150.4	13
30:11	PSA.126.1-PSA.126.2	11
30:11	ISA.61.3	11
30:11	LUK.15.22	11
30:11	2SA.6.14	10
30:11	ISA.61.10	10
30:11	PSA.4.7	9
30:11	JHN.16.20	9
30:11	REV.21.4	9
30:11	2CH.20.9	8
30:11	REV.7.14-REV.7.17	8
30:11	2CH.20.27-2CH.20.28	6
30:11	ISA.66.10-ISA.66.11	6
30:11	GEN.45.28	5
30:11	NEH.8.10	5
30:11	EST.9.22	5
30:11	ISA.25.3	5
30:11	GEN.37.35	4
30:11	2CH.20.3	3
30:12	PSA.145.2	7
30:12	PSA.16.9	4
30:12	PSA.44.8	4
30:12	PSA.146.1-PSA.146.2	4
30:12	LUK.19.40	4
30:12	ACT.4.20	3
30:12	REV.4.8-REV.4.9	3
30:12	PSA.13.6	2
30:12	PSA.57.8	2
30:12	PSA.71.14	2
30:12	PSA.71.23	2
30:12	GEN.49.6	1
30:12	REV.7.12	1
31:1	ROM.10.11	18
31:1	PSA.25.2	14
31:1	PSA.71.1-PSA.71.3	11
31:1	PSA.22.4-PSA.22.5	10
31:1	PSA.143.1	9
31:1	ISA.49.23	9
31:1	PSA.7.8-PSA.7.9	8
31:1	DAN.9.16	8
31:1	ROM.5.5	8
31:1	PSA.43.1	7
31:1	PSA.143.11-PSA.143.12	6
31:2	PSA.71.2-PSA.71.3	10
31:2	PSA.86.1	4
31:2	PSA.102.2	4
31:2	DEU.32.31	3
31:2	PSA.130.2	3
31:2	1JN.4.15-1JN.4.16	3
31:2	2SA.22.3	2
31:2	JOB.7.21	2
31:2	PSA.18.1-PSA.18.2	2
31:2	PSA.40.17	2
31:2	PSA.62.7	2
31:2	PSA.69.17	2
31:2	PSA.79.1	2
31:2	PSA.90.1	2
31:2	PSA.91.9	2
31:2	PSA.94.22	2
31:2	PSA.143.7	2
31:2	PRO.22.17	2
31:2	ISA.33.16	2
31:2	LUK.18.8	2
31:2	JHN.6.56	2
31:2	1JN.4.12	2
31:3	PSA.143.10-PSA.143.11	8
31:3	PSA.25.5	6
31:3	PSA.79.9	6
31:3	ISA.49.10	6
31:3	LUK.1.79	6
31:3	JHN.16.13	6
31:3	NEH.9.12	5
31:3	PSA.23.2-PSA.23.3	5
31:3	PSA.25.11	5
31:3	JER.14.7	5
31:3	PSA.25.9	4
31:3	PSA.43.3	4
31:3	PSA.139.24	4
31:3	JOS.7.9	3
31:3	NEH.9.19	3
31:3	PSA.18.2	3
31:3	EZK.36.21-EZK.36.22	3
31:3	EPH.1.12	3
31:4	PSA.25.15	9
31:4	PSA.140.5	5
31:4	PSA.19.14	4
31:4	PSA.57.6	4
31:4	2TI.2.26	4
31:4	PSA.35.7	3
31:4	PSA.124.7	3
31:4	PRO.29.5	3
31:4	2CO.12.9	2
31:5	LUK.23.46	24
31:5	ACT.7.59	19
31:5	DEU.32.4	8
31:5	PSA.71.23	7
31:5	1PE.1.18-1PE.1.19	7
31:5	2TI.2.13	6
31:5	TIT.1.2	6
31:5	HEB.6.18	6
31:5	GEN.48.16	5
31:5	LEV.25.48	5
31:5	ISA.50.2	5
31:5	2TI.1.12	5
31:5	TIT.2.14	5
31:5	REV.5.9	5
31:5	PSA.130.8	4
31:6	PSA.26.5	7
31:6	JON.2.8	7
31:6	PSA.24.4	6
31:6	JER.10.8	6
31:6	JER.10.15	6
31:6	1CO.10.20	6
31:6	ROM.1.21	5
31:6	1CO.8.4	5
31:6	1CH.16.28-1CH.16.29	4
31:6	PSA.96.7-PSA.96.9	4
31:6	JHN.2.8	4
31:6	PSA.139.2	3
31:7	ISA.49.13	13
31:7	ISA.63.9	12
31:7	PSA.119.153	11
31:7	2TI.2.19	10
31:7	ISA.63.16	9
31:7	JHN.10.27-JHN.10.30	9
31:7	GAL.4.9	9
31:7	ISA.43.2	8
31:7	JOB.23.10	7
31:7	PSA.71.20	7
31:7	PSA.142.3	7
31:7	LAM.3.50	7
31:7	PSA.1.6	6
31:7	PSA.9.13	6
31:7	PSA.13.5	6
31:7	NEH.9.32	5
31:7	PSA.90.14	5
31:7	JOB.10.9	4
31:7	PSA.10.14	4
31:7	PSA.25.18	4
31:7	JER.33.11	4
31:7	1CO.8.3	3
31:7	LAM.5.1	2
31:8	JOB.36.16	10
31:8	DEU.32.30	9
31:8	PSA.4.1	9
31:8	PSA.18.19	9
31:8	1SA.17.46	5
31:8	1SA.24.18	5
31:8	JOB.16.11	4
31:8	PSA.88.8	4
31:8	ISA.19.4	4
31:8	1SA.26.8	3
31:9	PSA.6.7	8
31:9	PSA.88.9	6
31:9	PSA.73.26	5
31:9	JOB.17.7	2
31:9	JOB.33.19-JOB.33.22	2
31:9	PSA.6.1-PSA.6.2	2
31:9	PSA.22.14-PSA.22.15	2
31:9	PSA.38.1-PSA.38.10	2
31:9	PSA.44.25	2
31:9	PSA.66.14	2
31:9	PSA.73.14	2
31:9	PSA.88.3-PSA.88.5	2
31:9	PSA.102.3-PSA.102.5	2
31:9	PSA.107.10	2
31:9	LAM.4.17	2
31:9	LAM.5.17	2
31:10	PSA.32.3-PSA.32.4	6
31:10	PSA.38.3	6
31:10	PSA.88.15	6
31:10	PSA.78.33	5
31:10	ROM.9.2	5
31:10	JOB.3.24	4
31:10	PSA.13.2	4
31:10	PSA.39.11	4
31:10	PSA.102.3-PSA.102.28	4
31:10	PSA.71.9	3
31:11	PSA.38.11	7
31:11	PSA.88.8	5
31:11	PSA.88.18	4
31:11	MAT.26.56	4
31:11	JOB.19.13-JOB.19.14	3
31:11	PSA.41.8-PSA.41.9	3
31:11	PSA.64.8	3
31:11	PSA.69.19-PSA.69.20	3
31:11	ISA.49.7	3
31:11	ISA.53.3-ISA.53.5	3
31:11	JOB.6.21-JOB.6.23	2
31:11	PSA.22.6	2
31:11	PSA.89.50-PSA.89.51	2
31:11	JER.12.6	2
31:11	MIC.7.6	2
31:11	MAT.10.21-MAT.10.22	2
31:11	MAT.26.74	2
31:11	MAT.27.39-MAT.27.44	2
31:11	MRK.14.50	2
31:11	ROM.15.3	2
31:11	2TI.4.16	2
31:11	HEB.11.36	2
31:11	HEB.13.13	2
31:11	1PE.4.14	2
31:12	PSA.88.4-PSA.88.5	5
31:12	PSA.2.9	4
31:12	PSA.119.83	4
31:12	ISA.30.14	4
31:12	ROM.9.21-ROM.9.22	4
31:12	ISA.38.11-ISA.38.12	2
31:12	REV.2.27	2
31:13	JER.20.10	8
31:13	MAT.27.1	6
31:13	LAM.2.22	5
31:13	1SA.20.33	4
31:13	2SA.17.1-2SA.17.4	3
31:13	PSA.101.5	3
31:13	MAT.26.3-MAT.26.4	3
31:13	MAT.26.59	3
31:13	1SA.19.10-1SA.19.17	2
31:13	1SA.22.8-1SA.22.10	2
31:13	1SA.23.19-1SA.23.20	2
31:13	1SA.24.9	2
31:13	PSA.55.10	2
31:13	PSA.56.1-PSA.56.3	2
31:13	PSA.57.4	2
31:13	JER.6.25	2
31:13	JER.11.19	2
31:13	LUK.23.1-LUK.23.2	2
31:13	LUK.23.5	2
31:13	JER.20.3-JER.20.4	1
31:14	PSA.56.3-PSA.56.4	14
31:14	PSA.18.2	12
31:14	PSA.43.5	8
31:14	PSA.16.1-PSA.16.2	6
31:14	PSA.140.6	6
31:14	MAT.26.42	6
31:14	MAT.26.39	5
31:14	PSA.63.1	4
31:14	PSA.71.12	2
31:14	PSA.71.22	2
31:14	PSA.22.1-PSA.22.2	1
31:14	MAT.27.46	1
31:14	JHN.20.17	1
31:15	ACT.1.7	23
31:15	ECC.3.1-ECC.3.8	14
31:15	JHN.17.1	14
31:15	JHN.7.6	13
31:15	PSA.142.6	12
31:15	JOB.24.1	10
31:15	PSA.17.8-PSA.17.9	9
31:15	PSA.143.3	6
31:15	PSA.143.9	6
31:15	2TI.4.6	6
31:15	1SA.26.10	5
31:15	2SA.7.12	5
31:15	PSA.17.13	5
31:15	PSA.71.10-PSA.71.12	5
31:15	PSA.116.15	4
31:15	PSA.143.12	4
31:15	JER.15.20-JER.15.21	4
31:15	LUK.9.51	4
31:15	JHN.7.30	4
31:15	JHN.12.27	4
31:15	JHN.13.1	4
31:15	ACT.27.24	4
31:15	2PE.1.14	4
31:15	ACT.23.11	2
31:16	PSA.4.6	9
31:16	PSA.6.4	8
31:16	PSA.80.3	6
31:16	DAN.9.9	6
31:16	NUM.6.25-NUM.6.26	5
31:16	DAN.9.17-DAN.9.18	5
31:16	ROM.9.15	5
31:16	PSA.51.1	4
31:16	PSA.67.1	4
31:16	PSA.80.7	4
31:16	PSA.80.19	4
31:16	EPH.1.6-EPH.1.7	4
31:16	EPH.2.4-EPH.2.7	4
31:16	PSA.30.7	2
31:16	PSA.106.45	2
31:16	ROM.9.23	2
31:17	PSA.25.2-PSA.25.3	7
31:17	JER.20.11	6
31:17	PSA.34.5	5
31:17	PSA.35.26	5
31:17	PSA.115.17	5
31:17	ISA.41.11-ISA.41.12	5
31:17	1SA.2.9	4
31:17	PSA.35.4	4
31:17	PSA.40.14-PSA.40.15	4
31:17	PSA.69.6-PSA.69.7	4
31:17	PSA.70.2-PSA.70.3	4
31:17	PSA.71.24	4
31:17	PSA.94.17	4
31:17	ISA.45.16-ISA.45.17	3
31:17	DAN.12.2	3
31:17	PSA.6.10	2
31:17	PSA.31.1	2
31:17	PSA.83.16-PSA.83.17	2
31:17	ISA.50.6-ISA.50.7	2
31:17	ISA.65.13-ISA.65.14	2
31:17	JOL.2.26-JOL.2.27	2
31:17	MAT.22.12-MAT.22.13	2
31:18	PSA.94.4	7
31:18	JUD.1.15	7
31:18	1SA.2.3	6
31:18	ISA.54.17	6
31:18	PSA.64.3-PSA.64.4	5
31:18	MAT.12.24	5
31:18	JHN.8.44	5
31:18	JHN.8.48	5
31:18	ACT.25.7	5
31:18	REV.21.8	5
31:18	REV.22.15	5
31:18	2CH.32.16	4
31:18	PSA.12.3	4
31:18	PSA.59.12	4
31:18	PSA.63.11	4
31:18	PSA.120.2	4
31:18	PSA.123.3-PSA.123.4	4
31:18	PSA.140.9-PSA.140.11	4
31:18	PRO.12.19	4
31:18	ISA.37.22-ISA.37.24	4
31:18	MAT.10.25	3
31:19	1CO.2.9	295
31:19	ISA.64.4	244
31:19	LAM.3.23-LAM.3.25	138
31:19	1PE.1.4-1PE.1.5	108
31:19	COL.3.2-COL.3.4	105
31:19	JAS.2.5	95
31:19	PSA.16.11	94
31:19	PSA.126.2-PSA.126.3	80
31:19	1JN.3.1-1JN.3.2	73
31:19	PSA.23.5	70
31:19	2CO.5.5	67
31:19	PSA.36.7-PSA.36.10	62
31:19	PSA.145.7-PSA.145.9	60
31:19	PSA.73.24-PSA.73.26	58
31:19	ISA.35.10	54
31:19	PSA.73.1	51
31:19	JHN.3.21	51
31:19	ISA.26.12	49
31:19	PSA.68.28	43
31:19	ROM.11.22	43
31:19	HEB.10.34	41
31:19	NUM.23.23	37
31:19	ACT.15.12	37
31:20	PSA.27.5	23
31:20	PSA.32.7	17
31:20	PSA.91.1-PSA.91.4	15
31:20	JOB.5.21	14
31:20	PSA.64.2-PSA.64.4	11
31:20	PSA.140.3	8
31:20	PSA.140.5	8
31:20	EXO.18.11	7
31:20	PSA.10.2	7
31:20	PSA.40.4	7
31:20	JAS.4.6	7
31:20	PSA.36.11	6
31:20	1TI.6.4	6
31:20	JAS.3.5-JAS.3.6	6
31:20	JAS.3.14-JAS.3.16	6
31:20	PSA.124.5	5
31:20	ROM.13.13	5
31:20	2CO.12.20	5
31:20	PSA.86.14	4
31:20	GAL.5.20	4
31:21	1SA.23.7-1SA.23.13	9
31:21	PSA.17.7	6
31:21	JER.1.18	5
31:21	1PE.2.9	5
31:21	PSA.98.1	4
31:21	PSA.118.23	4
31:22	PSA.116.11	8
31:22	HEB.5.7	7
31:22	JOB.35.14	6
31:22	PSA.6.9	6
31:22	PSA.88.16	6
31:22	EZK.37.11	6
31:22	JON.2.7-JON.2.9	6
31:22	1SA.23.26	5
31:22	1SA.27.1	5
31:22	2CH.33.11-2CH.33.13	5
31:22	ISA.6.5	5
31:22	ISA.38.10-ISA.38.12	5
31:22	ISA.49.14	5
31:22	LAM.3.54-LAM.3.55	5
31:22	JON.2.4	5
31:22	PSA.31.17	3
31:23	PSA.97.10	17
31:23	PSA.94.2	14
31:23	PSA.145.20	13
31:23	JHN.10.27-JHN.10.30	10
31:23	PSA.34.9	9
31:23	PSA.30.4	8
31:23	DEU.33.3	7
31:23	1SA.2.9	7
31:23	1TH.4.1	7
31:23	DEU.10.12	6
31:23	DEU.32.41	6
31:23	PSA.54.5	6
31:23	PSA.89.7	6
31:23	MRK.12.23	6
31:23	REV.18.6	6
31:23	PSA.145.10	5
31:23	JUD.1.1	5
31:23	DEU.30.16	4
31:23	ISA.56.6	4
31:23	REV.19.5-REV.19.6	4
31:24	PSA.27.14	50
31:24	PSA.146.5	43
31:24	ISA.35.3-ISA.35.4	32
31:24	COL.1.11	32
31:24	PSA.29.11	30
31:24	HEB.12.12-HEB.12.13	29
31:24	PSA.138.3	26
31:24	JAS.5.10-JAS.5.11	21
31:24	LUK.22.31-LUK.22.32	18
31:24	ROM.15.12-ROM.15.13	16
31:24	1PE.1.21	15
32:1	ROM.4.6-ROM.4.8	69
32:1	ISA.44.22	52
32:1	PSA.85.2	45
32:1	ACT.13.38-ACT.13.39	38
32:1	ISA.43.25	37
32:1	MIC.7.18-MIC.7.19	30
32:1	REV.22.14	27
32:1	ISA.1.18	24
32:1	JER.17.7-JER.17.8	16
32:1	PSA.40.4	14
32:1	MAT.5.3-MAT.5.12	14
32:1	PSA.119.1-PSA.119.2	12
32:1	PSA.106.3	11
32:1	PSA.1.1-PSA.1.2	10
32:1	LUK.11.28	10
32:1	PSA.42.1	9
32:1	PSA.53.1	9
32:1	PSA.89.15	7
32:1	PSA.128.1	7
32:1	MAT.16.17	7
32:1	PSA.84.12	4
32:1	PSA.45.1	3
32:1	PSA.52.1	3
32:1	NEH.4.5	0
32:1	PSA.55.1	0
32:2	JHN.1.47	17
32:2	2CO.5.19-2CO.5.21	12
32:2	REV.14.5	12
32:2	1PE.2.1-1PE.2.2	8
32:2	LEV.17.4	3
32:2	2CO.1.12	3
32:2	ROM.5.13	2
32:3	PRO.28.13	16
32:3	PSA.38.3	9
32:3	PSA.38.8	9
32:3	PSA.22.1	7
32:3	LAM.3.8	6
32:3	JOB.30.30	4
32:3	HOS.7.14	4
32:3	PSA.6.2	3
32:3	PSA.31.9-PSA.31.10	3
32:3	PSA.51.8	3
32:3	2SA.11.27-2SA.12.12	2
32:3	ISA.51.20	2
32:3	ISA.57.17	2
32:3	ISA.59.11	2
32:3	JER.31.18-JER.31.19	2
32:3	LAM.1.3	2
32:3	LAM.3.4	2
32:3	GEN.3.8-GEN.3.19	1
32:3	LUK.15.15-LUK.15.16	1
32:3	2SA.21.12-2SA.21.14	0
32:3	JOB.3.24	0
32:3	JOB.30.17	0
32:3	PSA.102.3-PSA.102.5	0
32:4	1SA.5.11	7
32:4	PSA.38.2-PSA.38.8	7
32:4	JOB.33.7	5
32:4	PSA.39.10-PSA.39.11	5
32:4	PSA.22.15	4
32:4	PSA.90.6-PSA.90.7	3
32:4	PSA.102.3-PSA.102.4	3
32:4	1SA.5.6-1SA.5.7	2
32:4	1SA.6.9	2
32:4	JOB.16.21	2
32:4	JOB.30.30	2
32:4	LAM.4.8	2
32:4	LAM.5.10	2
32:4	1SA.5.9	1
32:5	PRO.28.13	22
32:5	2SA.12.13	19
32:5	PSA.51.3-PSA.51.5	18
32:5	PSA.38.18	17
32:5	PSA.30.5	13
32:5	ISA.65.24	13
32:5	PSA.103.12	12
32:5	HOS.6.1	12
32:5	1JN.1.8-1JN.1.10	12
32:5	2SA.24.10	10
32:5	JOB.33.27	10
32:5	LUK.7.47	10
32:5	JOS.7.19	8
32:5	2SA.12.9	8
32:5	PSA.86.5	8
32:5	PSA.86.15	8
32:5	PSA.103.3	8
32:5	JER.3.13	8
32:5	EPH.4.32	8
32:5	JOB.31.33	7
32:5	PRO.30.20	7
32:5	JER.2.23	7
32:5	JER.2.35	7
32:5	MAL.3.8	6
32:5	JER.31.20	5
32:5	LUK.15.17-LUK.15.23	5
32:5	LEV.26.39-LEV.26.40	4
32:5	LUK.16.15	4
32:6	ISA.55.6	24
32:6	ISA.43.2	21
32:6	2CO.6.2	17
32:6	PRO.1.28	8
32:6	PSA.4.3	7
32:6	PSA.34.2-PSA.34.5	7
32:6	MAT.7.24-MAT.7.27	6
32:6	PSA.40.3	5
32:6	PSA.42.7	5
32:6	JHN.7.34	5
32:6	PSA.69.13-PSA.69.15	4
32:6	PSA.124.4-PSA.124.5	4
32:6	PSA.144.7	4
32:6	GEN.7.17-GEN.7.22	3
32:6	LUK.19.42-LUK.19.44	3
32:6	TIT.2.12	3
32:6	ISA.49.8	2
32:6	2CO.1.4	2
32:6	2CO.7.9-2CO.7.10	2
32:6	PSA.51.12-PSA.51.13	1
32:6	PSA.69.1-PSA.69.2	1
32:6	1TI.1.16	1
32:6	REV.12.15-REV.12.16	1
32:7	PSA.91.1	39
32:7	PSA.119.114	34
32:7	PSA.27.5	32
32:7	PSA.9.9	28
32:7	PSA.31.20	22
32:7	PSA.143.9	22
32:7	2SA.22.1	17
32:7	PSA.98.1	17
32:7	REV.7.10	16
32:7	PSA.32.10	15
32:7	PSA.40.3	15
32:7	COL.3.3	14
32:7	PSA.5.12	12
32:7	EXO.15.1-EXO.15.3	11
32:7	PSA.18.5	11
32:7	JER.36.26	10
32:7	REV.15.2-REV.15.3	10
32:7	JDG.5.1	6
32:8	PRO.3.5-PRO.3.6	157
32:8	PSA.33.18	127
32:8	PSA.25.8-PSA.25.10	120
32:8	MAT.11.29	97
32:8	PRO.8.10-PRO.8.11	85
32:8	ISA.49.10	77
32:8	PRO.3.1	71
32:8	PSA.34.11	58
32:8	PRO.4.1-PRO.4.13	56
32:9	PRO.26.3	13
32:9	JER.4.22	8
32:9	JOB.35.11	7
32:9	JER.8.6-JER.8.7	6
32:9	JAS.3.3	6
32:9	JAS.4.7-JAS.4.10	6
32:9	JER.31.18	3
32:10	PRO.16.20	12
32:10	ISA.12.2-ISA.12.3	11
32:10	PRO.13.21	9
32:10	PSA.147.11	7
32:10	ROM.2.8-ROM.2.9	6
32:10	PSA.146.5	5
32:10	1TI.6.10	5
32:10	PSA.5.12	4
32:10	PSA.34.8	4
32:10	PSA.34.19-PSA.34.21	4
32:10	PSA.2.12	3
32:10	PSA.16.4	3
32:10	PSA.84.12	3
32:10	ISA.3.11	3
32:10	PSA.40.4	2
32:10	PSA.140.11	2
32:10	ECC.8.12	2
32:10	ISA.57.21	2
32:10	JER.17.7-JER.17.8	2
32:11	PSA.64.10	11
32:11	PSA.97.12	7
32:11	PHP.4.4	7
32:11	PSA.5.11	5
32:11	DEU.12.12	4
32:11	PSA.68.3	4
32:11	PSA.97.1	4
32:11	1SA.2.1	3
32:11	EZR.3.11-EZR.3.13	3
32:11	PSA.7.10	3
32:11	PSA.32.2	3
32:11	PSA.33.1	3
32:11	PSA.98.4	3
32:11	ROM.5.11	3
32:11	PHP.3.3	3
32:11	PSA.125.4	2
32:11	ZEC.4.7	2
32:11	PHP.3.1	2
33:1	PSA.32.11	13
33:1	PHP.4.4	9
33:1	PSA.147.1	8
33:1	PSA.97.12	6
33:1	PSA.118.15	6
33:1	PSA.78.36-PSA.78.37	5
33:1	PRO.15.8	5
33:1	1CO.1.30-1CO.1.31	5
33:1	PSA.50.14-PSA.50.16	4
33:1	PSA.135.3	4
33:1	ROM.3.10	3
33:1	ROM.5.19	2
33:2	PSA.150.3-PSA.150.6	8
33:2	PSA.98.4-PSA.98.5	7
33:2	PSA.144.9	6
33:2	EXO.15.20	5
33:2	2SA.6.5	4
33:2	1CH.15.16	4
33:2	1CH.15.28	4
33:2	1CH.25.3	4
33:2	1CH.25.6	4
33:2	PSA.71.22	4
33:2	PSA.81.2-PSA.81.3	4
33:2	PSA.92.3	4
33:2	REV.5.8	4
33:2	REV.14.2	4
33:2	PSA.149.3	3
33:3	EPH.5.19	6
33:3	1CH.25.7	5
33:3	PSA.96.1	5
33:3	ISA.42.10	5
33:3	1CH.13.8	4
33:3	PSA.98.1	4
33:3	PSA.144.9	4
33:3	COL.3.16	4
33:3	PSA.40.3	3
33:3	PSA.149.1	3
33:3	REV.5.9	3
33:3	1CH.15.22	2
33:3	2CH.34.12	2
33:3	REV.14.3	2
33:4	PSA.12.6	15
33:4	DEU.32.4	13
33:4	TIT.1.2	11
33:4	PRO.30.5	10
33:4	PSA.19.8	9
33:4	PSA.36.5-PSA.36.6	8
33:4	PSA.119.75	8
33:4	DAN.4.37	8
33:4	PSA.25.10	6
33:4	JHN.14.6	6
33:4	ROM.7.12	6
33:4	GEN.24.27	4
33:4	PSA.96.13	4
33:4	PSA.119.128	4
33:4	PSA.85.10-PSA.85.11	3
33:4	MIC.2.7	3
33:4	ROM.15.8-ROM.15.9	2
33:5	PSA.11.7	16
33:5	PSA.119.64	13
33:5	PSA.45.7	9
33:5	PSA.104.24	9
33:5	MAT.5.45	9
33:5	ACT.14.17	8
33:5	PSA.99.4	7
33:5	PSA.145.15-PSA.145.16	7
33:5	HEB.1.9	7
33:5	REV.15.3-REV.15.4	7
33:6	HEB.11.3	35
33:6	JOB.33.4	20
33:6	2PE.3.5	20
33:6	JHN.1.1-JHN.1.3	19
33:6	GEN.2.1	14
33:6	PSA.33.9	14
33:6	GEN.2.7	12
33:6	GEN.1.1	10
33:6	GEN.6.7	8
33:6	JHN.20.22	8
33:6	GEN.1.6	7
33:6	JOB.26.13	7
33:6	PSA.104.30	7
33:6	ROM.1.25	7
33:6	DEU.4.19	6
33:6	PSA.148.1-PSA.148.5	6
33:6	JER.8.2	4
33:7	EXO.15.8	9
33:7	JOS.3.16	9
33:7	JOS.3.13	8
33:7	GEN.1.9-GEN.1.10	7
33:7	PSA.104.6-PSA.104.9	6
33:7	HAB.3.15	6
33:7	JOB.26.10	5
33:7	JOB.38.8-JOB.38.11	5
33:7	PRO.8.29	5
33:7	JER.5.22	5
33:7	PSA.78.13	4
33:8	REV.14.6-REV.14.7	11
33:8	PSA.96.9-PSA.96.10	10
33:8	REV.15.4	9
33:8	PSA.22.27	8
33:8	PSA.67.7	7
33:8	PSA.76.7	7
33:8	JER.10.7-JER.10.12	7
33:8	DAN.6.25-DAN.6.26	5
33:8	HEB.12.29	2
33:9	GEN.1.3	23
33:9	PSA.33.6	20
33:9	PSA.148.5-PSA.148.6	17
33:9	REV.4.11	15
33:9	COL.1.16-COL.1.17	14
33:9	HEB.11.3	13
33:9	HEB.1.3	8
33:9	PSA.119.90-PSA.119.91	5
33:9	PSA.93.5	3
33:10	PSA.21.11	273
33:10	JOB.5.12-JOB.5.13	245
33:10	ISA.44.25	211
33:10	PRO.21.30	189
33:10	2SA.15.31	162
33:10	PSA.140.8	144
33:10	ISA.8.9-ISA.8.10	144
33:10	PSA.2.1-PSA.2.4	131
33:10	PSA.9.15	125
33:10	ISA.7.5-ISA.7.7	120
33:10	2SA.17.23	105
33:10	ISA.19.3	100
33:10	ISA.44.23	94
33:10	2SA.17.14	90
33:10	EXO.1.10-EXO.1.12	86
33:10	ISA.19.11-ISA.19.14	83
33:10	2SA.15.34	72
33:11	PRO.19.21	32
33:11	ISA.46.10	28
33:11	JOB.23.13	24
33:11	ISA.14.24	19
33:11	ISA.55.8-ISA.55.9	19
33:11	JER.29.11	19
33:11	LAM.3.37	19
33:11	ISA.14.27	17
33:11	EPH.1.11	17
33:11	DAN.4.37	16
33:11	PSA.92.5	13
33:11	MIC.4.12	11
33:11	ACT.4.27-ACT.4.28	11
33:11	ACT.15.18	9
33:11	EZK.38.10-EZK.38.23	7
33:12	PSA.144.15	26
33:12	1PE.2.9	20
33:12	JHN.15.16	15
33:12	DEU.7.6-DEU.7.8	9
33:12	DEU.33.29	8
33:12	PSA.65.4	8
33:12	EPH.1.4	8
33:12	TIT.2.14	8
33:12	EXO.19.5-EXO.19.6	7
33:12	PSA.135.4	3
33:12	PSA.147.19-PSA.147.20	2
33:12	JER.10.16	1
33:12	PSA.28.9	0
33:13	JOB.28.24	12
33:13	PSA.11.4	11
33:13	PSA.53.2	8
33:13	HEB.4.13	7
33:13	2CH.16.9	6
33:13	PRO.15.3	6
33:13	JER.23.23-JER.23.24	6
33:13	PSA.14.2	5
33:13	PSA.102.19	4
33:13	GEN.6.12	3
33:13	LAM.3.50	3
33:14	1KI.8.39	3
33:14	1KI.8.27	2
33:14	1KI.8.30	2
33:14	1KI.8.43	2
33:14	PSA.123.1	2
33:14	ISA.57.15	2
33:14	ISA.66.1	2
33:14	LUK.11.2	2
33:14	1TI.6.16	2
33:15	JER.32.19	9
33:15	PSA.44.21	6
33:15	HOS.7.2	6
33:15	1CO.4.5	4
33:15	JOB.10.8	3
33:15	JOB.11.11	3
33:15	PRO.22.2	3
33:15	PRO.24.12	3
33:15	PRO.27.19	3
33:15	ECC.7.29	3
33:15	ISA.64.8	3
33:15	ACT.17.26	3
33:15	JOB.34.21-JOB.34.22	1
33:16	PSA.44.3	7
33:16	JER.9.23	6
33:16	PSA.44.6-PSA.44.7	5
33:16	JDG.7.2	4
33:16	EXO.14.28	3
33:16	1SA.14.8-1SA.14.16	3
33:16	1SA.17.45-1SA.17.49	3
33:16	2SA.21.16-2SA.21.22	3
33:16	2CH.32.8-2CH.32.9	3
33:16	EXO.14.17-EXO.14.18	2
33:16	JOS.11.4-JOS.11.8	2
33:16	JOS.14.12	2
33:16	JDG.7.12-JDG.7.25	2
33:16	1SA.17.4	2
33:16	2CH.14.9-2CH.14.13	2
33:16	2CH.20.12	2
33:16	2CH.20.23	2
33:16	2CH.32.21	2
33:16	1KI.20.10	1
33:16	1KI.20.27-1KI.20.29	1
33:17	PRO.21.31	11
33:17	PSA.20.7	9
33:17	PSA.147.10	6
33:17	JOB.39.19-JOB.39.25	4
33:17	ISA.30.16	3
33:17	HOS.14.3	3
33:17	JDG.4.15	2
33:17	2KI.7.6-2KI.7.7	2
33:17	ECC.9.11	2
33:18	1PE.3.12	28
33:18	PSA.147.11	20
33:18	JOB.36.7	19
33:18	PSA.34.15-PSA.34.20	18
33:18	HEB.6.18	13
33:18	PSA.13.5	12
33:18	PSA.52.8	11
33:18	ROM.4.4-ROM.4.8	9
33:19	PSA.37.19	15
33:19	PRO.10.3	11
33:19	JOB.5.19-JOB.5.22	10
33:19	ISA.33.16	8
33:19	MAT.6.31-MAT.6.33	8
33:19	JHN.10.28	8
33:19	PSA.37.3	7
33:19	PSA.91.3-PSA.91.7	7
33:19	PSA.91.10	7
33:19	JHN.10.30	4
33:19	ACT.12.11	4
33:20	ISA.40.31	18
33:20	PSA.27.14	16
33:20	PSA.130.5-PSA.130.6	11
33:20	PSA.115.9-PSA.115.12	9
33:20	1CH.5.20	8
33:20	PSA.62.5-PSA.62.6	8
33:20	PSA.144.1-PSA.144.2	7
33:20	ISA.8.17	7
33:20	PSA.62.1-PSA.62.2	2
33:21	PSA.13.5	11
33:21	JHN.16.22	6
33:21	ZEC.10.7	5
33:21	PSA.30.10-PSA.30.12	4
33:21	ISA.25.9	4
33:21	REV.4.8	4
33:21	1CH.16.10	3
33:21	PSA.28.7	3
33:21	PSA.32.10-PSA.32.11	3
33:21	1CH.16.35	2
33:21	LUK.1.47-LUK.1.50	2
33:22	PSA.13.5	12
33:22	PSA.119.76	11
33:22	MAT.9.29	10
33:22	PSA.5.11-PSA.5.12	9
33:22	PSA.119.49	8
33:22	PSA.32.10	6
34:1	1TH.5.18	70
34:1	COL.3.17	56
34:1	PSA.145.1-PSA.145.2	47
34:1	EPH.5.20	43
34:1	PSA.71.8	36
34:1	PSA.71.14-PSA.71.15	28
34:1	2TH.2.13	25
34:1	ACT.16.25	21
34:1	PSA.71.6	19
34:1	2TH.1.3	14
34:1	PRO.29.25	13
34:1	ISA.24.15-ISA.24.16	13
34:1	1SA.21.13-1SA.21.15	8
34:1	ACT.5.41	8
34:2	JER.9.24	17
34:2	1CO.1.31	14
34:2	PSA.119.74	11
34:2	PSA.44.8	10
34:2	PSA.22.22-PSA.22.24	7
34:2	ISA.45.25	7
34:2	2CO.10.17	7
34:2	1TI.1.15-1TI.1.16	7
34:2	PSA.105.3	6
34:2	PSA.32.5-PSA.32.6	5
34:2	PSA.142.7	5
34:3	PSA.69.30	52
34:3	LUK.1.46	40
34:3	PSA.148.1-PSA.148.14	33
34:3	REV.19.5-REV.19.6	28
34:3	PSA.40.16	24
34:3	PSA.66.8	20
34:3	PSA.35.27	19
34:3	PSA.103.20-PSA.103.22	18
34:3	REV.14.7	17
34:3	PSA.33.1-PSA.33.2	16
34:3	1CH.29.20	15
34:3	2CH.29.30	15
34:3	ACT.19.17	13
34:3	PHP.1.20	13
34:4	PSA.18.6	148
34:4	MAT.7.7	107
34:4	PSA.116.1-PSA.116.6	102
34:4	PSA.56.3	94
34:4	2TI.1.7	87
34:4	ISA.12.2	65
34:4	JON.2.2	65
34:4	PSA.31.22	54
34:4	HEB.5.7	51
34:4	PSA.27.1-PSA.27.2	48
34:4	LUK.11.9	47
34:4	PSA.22.24	40
34:4	2CO.12.8-2CO.12.9	40
34:4	PSA.46.2	31
34:4	2CH.15.2	29
34:4	PSA.77.1-PSA.77.2	26
34:4	2CO.7.5-2CO.7.6	23
34:4	1SA.27.1	20
34:5	HEB.12.2	47
34:5	PSA.123.1-PSA.123.2	39
34:5	PSA.18.28	30
34:5	PSA.25.3	29
34:5	PSA.36.9	24
34:5	ISA.60.5	24
34:5	PSA.97.11	23
34:5	PSA.13.3	20
34:5	ISA.45.22	20
34:5	EST.8.16	17
34:5	PSA.83.16	17
34:5	2SA.19.5	6
34:6	PSA.34.17-PSA.34.19	29
34:6	PSA.3.4	26
34:6	PSA.10.17	21
34:6	PSA.66.16-PSA.66.20	19
34:6	PSA.40.17	15
34:6	2SA.22.1	14
34:6	GEN.48.16	11
34:6	REV.7.14-REV.7.17	11
34:7	PSA.91.11	51
34:7	DAN.6.22	40
34:7	HEB.1.14	37
34:7	2KI.19.35	32
34:7	2KI.6.17	29
34:7	GEN.32.1-GEN.32.2	25
34:7	MAT.18.10	25
34:7	ZEC.9.8	21
34:7	LUK.16.22	18
34:8	PSA.119.103	121
34:8	HEB.6.4-HEB.6.5	119
34:8	1PE.2.2-1PE.2.3	111
34:8	JER.31.14	64
34:8	PSA.63.5	60
34:8	PSA.84.12	50
34:8	PSA.36.7	45
34:8	ZEC.9.17	42
34:8	PSA.36.10	36
34:8	1JN.1.1-1JN.1.3	32
34:8	SNG.5.1	31
34:8	PSA.2.12	28
34:8	1JN.4.7-1JN.4.10	24
34:8	SNG.2.3	23
34:8	PSA.52.1	21
34:9	ROM.8.32	41
34:9	PHP.4.19	38
34:9	PSA.23.1	27
34:9	LUK.12.30-LUK.12.32	18
34:9	PSA.31.23	16
34:9	GEN.22.12	12
34:9	PSA.89.7	12
34:9	REV.15.3-REV.15.4	12
34:9	PSA.22.23	11
34:9	ISA.8.13-ISA.8.14	11
34:9	HOS.3.5	11
34:9	1CO.3.22-1CO.3.23	11
34:10	PSA.84.11	59
34:10	MAT.6.32	31
34:10	PSA.104.21	24
34:10	LUK.1.51-LUK.1.53	21
34:10	JOB.4.10-JOB.4.11	11
34:11	PRO.1.7	18
34:11	PSA.111.10	15
34:11	PRO.2.1-PRO.2.9	14
34:11	PSA.32.8	12
34:11	ISA.28.9	10
34:11	PSA.66.16	9
34:11	PRO.8.17	9
34:11	PRO.4.1	8
34:11	PRO.7.24	8
34:11	MAT.18.2-MAT.18.4	8
34:11	PRO.8.32	7
34:11	PRO.22.6	7
34:11	MRK.10.14-MRK.10.16	6
34:11	2TI.3.15	6
34:11	ECC.11.9-ECC.12.1	4
34:11	JHN.13.33	3
34:12	1PE.3.10-1PE.3.12	15
34:12	DEU.30.20	11
34:12	DEU.6.2	8
34:12	PSA.91.16	6
34:12	ECC.12.13	5
34:12	JOB.7.7	4
34:12	PSA.4.6	4
34:12	PSA.21.4	4
34:12	ECC.3.13	4
34:12	ECC.2.3	3
34:13	JAS.3.5-JAS.3.10	16
34:13	PSA.141.3	12
34:13	PRO.21.23	10
34:13	1PE.2.22	9
34:13	COL.3.9	8
34:13	JAS.1.19	8
34:13	JAS.1.26	8
34:13	PRO.13.3	7
34:13	PSA.39.1	6
34:13	JAS.3.2	6
34:13	PRO.12.19	5
34:13	PRO.12.22	5
34:13	PRO.18.21	5
34:13	MAT.12.35-MAT.12.37	5
34:13	1PE.2.1	4
34:13	PSA.55.11	3
34:13	PRO.19.9	3
34:13	REV.14.4-REV.14.5	3
34:13	ISA.63.8	2
34:13	PRO.12.7	0
34:14	PSA.37.27	147
34:14	1PE.3.11	65
34:14	HEB.12.14	57
34:14	3JN.1.11	35
34:14	ROM.12.9	26
34:14	ROM.12.18	24
34:14	JAS.3.17-JAS.3.18	24
34:14	PRO.3.7	21
34:14	ROM.14.19	21
34:14	2CO.13.11	14
34:14	MAT.5.9	10
34:14	1TH.4.11	10
34:14	TIT.2.14	9
34:14	ROM.14.17	8
34:14	PSA.120.7	5
34:14	PRO.8.13	5
34:14	PRO.13.14	5
34:14	JOB.28.28	4
34:14	2TI.2.19	4
34:14	ISA.1.16-ISA.1.17	2
34:15	1PE.3.12	72
34:15	PSA.34.17	28
34:15	PSA.33.18	25
34:15	JOB.36.7	22
34:15	PSA.130.2	16
34:15	PSA.34.6	15
34:15	2CH.6.40	13
34:15	DAN.9.17-DAN.9.23	13
34:15	ISA.37.14-ISA.37.21	3
34:16	PRO.10.7	9
34:16	JER.17.13	7
34:16	JER.44.11	7
34:16	LEV.17.10	5
34:16	JOB.18.17	5
34:16	AMO.9.4	3
34:16	LEV.26.17	2
34:16	PSA.10.16	2
34:16	ECC.8.10	2
34:16	EZK.14.7-EZK.14.8	2
34:17	PSA.145.18-PSA.145.20	52
34:17	ISA.65.24	48
34:17	PSA.34.19	43
34:17	PSA.34.6	40
34:17	PSA.91.15	36
34:17	PSA.34.15	34
34:17	ACT.12.5-ACT.12.11	21
34:17	2CH.32.24	20
34:17	2CH.32.20-2CH.32.21	14
34:18	PSA.147.3	145
34:18	PSA.145.18	110
34:18	ISA.57.15	89
34:18	ISA.61.1	66
34:18	PSA.51.17	64
34:18	EZK.36.26	58
34:18	ISA.66.2	48
34:18	PSA.85.9	39
34:18	ISA.55.6	36
34:18	LUK.4.18	36
34:18	PSA.119.151	33
34:18	2KI.22.19	18
34:18	EZK.36.31	18
34:18	PSA.75.1	14
34:19	PSA.34.17	70
34:19	1PE.4.12-1PE.4.13	59
34:19	PSA.34.6	53
34:19	2CO.4.17	52
34:19	JHN.16.33	51
34:19	PSA.34.4	47
34:19	2TI.3.11-2TI.3.12	42
34:19	JOB.5.19	41
34:19	PRO.24.16	39
34:19	2CO.4.7-2CO.4.12	34
34:19	PSA.71.20	32
34:19	1TH.3.3-1TH.3.4	27
34:19	HEB.11.33-HEB.11.38	27
34:19	ACT.14.22	23
34:19	JOB.42.12	22
34:19	REV.7.14-REV.7.17	22
34:19	2CO.11.23-2CO.11.27	21
34:19	JAS.5.10-JAS.5.11	21
34:19	JOB.30.9-JOB.30.31	16
34:20	JHN.19.36	26
34:20	PSA.35.10	9
34:20	PSA.91.12	7
34:20	DAN.6.22-DAN.6.24	6
34:21	PSA.94.23	8
34:21	ISA.3.11	7
34:21	PRO.24.16	6
34:21	PSA.37.12-PSA.37.15	5
34:21	PSA.89.23	5
34:21	2TH.1.9	5
34:21	LUK.19.14	4
34:21	1SA.19.4-1SA.19.5	3
34:21	PSA.37.30-PSA.37.40	3
34:21	PSA.40.15	3
34:21	LUK.19.27	3
34:21	1TH.2.15-1TH.2.16	3
34:21	2TH.1.6	3
34:21	EXO.20.7	2
34:21	1SA.31.4	2
34:21	1KI.22.8	2
34:21	1KI.22.37	2
34:21	JHN.7.7	2
34:21	JHN.15.18-JHN.15.23	2
34:21	LUK.19.41-LUK.19.44	1
34:22	PSA.103.4	20
34:22	PSA.31.5	14
34:22	1PE.1.18-1PE.1.19	14
34:22	PSA.71.23	13
34:22	2SA.4.9	12
34:22	1KI.1.29	11
34:22	ROM.8.31-ROM.8.39	11
34:22	REV.5.9	11
34:22	GEN.48.16	10
34:22	PSA.84.11-PSA.84.12	10
34:22	PSA.130.8	10
34:22	LAM.3.58	10
34:22	JHN.10.27-JHN.10.29	8
34:22	1PE.1.5	8
34:22	PSA.9.9-PSA.9.10	7
35:1	PSA.43.1	40
35:1	JER.51.36	28
35:1	PSA.119.154	26
35:1	ISA.49.25	24
35:1	PRO.23.11	19
35:1	PRO.22.23	18
35:1	LAM.3.58	17
35:1	ACT.5.39	16
35:1	EXO.14.25	15
35:1	1SA.24.15	15
35:1	MIC.7.9	14
35:1	ACT.23.9	12
35:1	NEH.4.20	11
35:1	JOS.10.42	10
35:2	PSA.91.4	9
35:2	EXO.15.3	8
35:2	ISA.42.13	8
35:2	DEU.32.41-DEU.32.42	7
35:2	PSA.7.12-PSA.7.13	5
35:2	ISA.13.5	5
35:3	ISA.12.2	7
35:3	PSA.27.2	6
35:3	PSA.51.12	5
35:3	PSA.91.16	5
35:3	ISA.8.9-ISA.8.10	4
35:3	GEN.49.18	3
35:3	1SA.23.26-1SA.23.27	3
35:3	JOB.1.10	3
35:3	PSA.62.7	3
35:3	PSA.76.10	3
35:3	ISA.10.12	3
35:3	LUK.2.30	3
35:3	ACT.4.28	3
35:4	PSA.70.2-PSA.70.3	12
35:4	PSA.35.26	10
35:4	JER.46.5	10
35:4	PSA.38.12	9
35:4	PSA.31.17-PSA.31.18	8
35:4	PSA.129.5	7
35:4	PSA.40.14-PSA.40.15	5
35:4	PSA.71.24	5
35:4	1SA.23.23	4
35:4	JHN.18.6	4
35:4	1KI.19.10	3
35:4	ISA.37.29	3
35:4	EZK.13.19	3
35:4	MAT.27.1	1
35:5	JOB.21.18	7
35:5	ISA.29.5	6
35:5	EXO.14.19	4
35:5	PSA.1.4	4
35:5	ISA.17.13	4
35:5	ISA.37.36	4
35:5	HOS.13.3	4
35:5	ACT.12.23	4
35:5	HEB.11.28	4
35:5	PSA.83.13-PSA.83.17	3
35:6	JER.23.12	7
35:6	PSA.73.18	6
35:6	PRO.4.19	4
35:6	JER.13.16	4
35:7	JHN.15.25	9
35:7	PSA.140.5	8
35:7	PSA.9.15	6
35:7	JOB.18.8	4
35:7	PSA.25.3	4
35:7	PSA.69.4	4
35:7	PSA.7.3-PSA.7.5	3
35:7	PSA.119.85	3
35:7	PSA.64.4	2
35:8	PSA.141.9-PSA.141.10	11
35:8	LUK.21.34	8
35:8	PSA.9.15	6
35:8	PRO.5.22	6
35:8	PSA.57.6	5
35:8	ISA.47.11	5
35:8	1TH.5.3	5
35:8	1SA.18.17	3
35:8	EST.7.10	3
35:8	PSA.7.15-PSA.7.16	3
35:8	PSA.73.18-PSA.73.20	3
35:8	PRO.29.1	3
35:8	1SA.31.2-1SA.31.4	2
35:8	2SA.17.2-2SA.17.4	2
35:8	2SA.17.23	2
35:8	2SA.18.14-2SA.18.15	2
35:8	PSA.64.7	2
35:8	MAT.27.3-MAT.27.5	2
35:9	ISA.61.10	5
35:9	PSA.48.11	3
35:9	PSA.58.10-PSA.58.11	3
35:9	LUK.1.46-LUK.1.47	3
35:9	1SA.2.1	2
35:9	PSA.9.14	2
35:9	PSA.13.5	2
35:9	PSA.21.1	2
35:9	PSA.33.21	2
35:9	PSA.68.1-PSA.68.3	2
35:9	HAB.3.18	2
35:9	GAL.5.22	2
35:9	PHP.3.1-PHP.3.3	2
35:10	EXO.15.11	6
35:10	PSA.109.31	6
35:10	PSA.140.12	6
35:10	PSA.51.8	5
35:10	PSA.71.19	5
35:10	PSA.86.8	5
35:10	PSA.18.17	4
35:10	PSA.10.14	3
35:10	PSA.22.14	3
35:10	PSA.32.3	3
35:10	PSA.34.20	3
35:10	PSA.38.3	3
35:10	JOB.5.15-JOB.5.16	2
35:10	JOB.33.19-JOB.33.25	2
35:10	PSA.22.24	2
35:10	PSA.34.6	2
35:10	PSA.69.33	2
35:10	PSA.89.6-PSA.89.8	2
35:10	PSA.102.3	2
35:10	PRO.22.22-PRO.22.23	2
35:10	ISA.40.18	2
35:10	ISA.40.25	2
35:10	PSA.37.14	1
35:10	PSA.102.17-PSA.102.20	1
35:10	JER.10.7	1
35:11	PSA.27.12	7
35:11	MAT.26.59-MAT.26.60	4
35:11	1SA.24.9	3
35:11	ACT.6.13	3
35:11	1SA.25.10	2
35:11	ACT.24.5-ACT.24.6	2
35:11	ACT.24.12-ACT.24.13	2
35:12	JHN.10.32	10
35:12	JER.18.20	8
35:12	PSA.38.20	7
35:12	PRO.17.13	6
35:12	LUK.23.21-LUK.23.23	6
35:12	PSA.109.3-PSA.109.5	5
35:12	1SA.20.31-1SA.20.33	4
35:12	1SA.19.4-1SA.19.5	3
35:12	1SA.19.15	3
35:12	1SA.22.13-1SA.22.14	3
35:13	PSA.69.10-PSA.69.11	16
35:13	JOB.30.25	7
35:13	MAT.5.44	6
35:13	LEV.16.31	5
35:13	ISA.58.5	5
35:13	MAT.10.13	4
35:13	LEV.16.29	3
35:13	1KI.21.27-1KI.21.29	3
35:13	ISA.58.3	3
35:13	LUK.10.6	3
35:13	ROM.12.14-ROM.12.15	3
35:13	MAT.9.14-MAT.9.15	1
35:14	LUK.19.41-LUK.19.42	4
35:14	GEN.24.67	3
35:14	2SA.1.11-2SA.1.12	3
35:14	2SA.1.17-2SA.1.27	2
35:14	PSA.38.6	2
35:15	JER.20.10	4
35:15	MRK.14.65	4
35:15	PSA.7.2	3
35:15	PSA.71.10-PSA.71.11	3
35:15	MAT.27.27-MAT.27.30	3
35:15	MAT.27.39-MAT.27.44	3
35:15	JOB.16.9	2
35:15	JOB.30.1-JOB.30.12	2
35:15	JOB.31.29	2
35:15	PSA.22.16	2
35:15	PSA.35.8	2
35:15	PSA.35.25-PSA.35.26	2
35:15	PSA.38.17	2
35:15	PSA.41.8	2
35:15	PSA.57.4	2
35:15	PSA.69.12	2
35:15	PRO.17.5	2
35:15	PRO.24.17-PRO.24.18	2
35:15	ACT.17.5	2
35:15	1CO.13.6	2
35:16	LAM.2.16	6
35:16	JOB.16.9	5
35:16	PSA.37.12	5
35:16	JHN.18.28	3
35:16	ACT.7.54	3
35:16	1SA.20.24-1SA.20.42	2
35:16	ISA.1.14-ISA.1.15	2
35:16	1CO.5.8	2
35:17	HAB.1.13	9
35:17	PSA.22.20-PSA.22.21	5
35:17	PSA.57.4	5
35:17	PSA.74.9-PSA.74.10	4
35:17	PSA.89.46	4
35:17	PSA.94.3-PSA.94.4	4
35:17	PSA.6.3	3
35:17	PSA.10.14	3
35:17	PSA.13.1-PSA.13.2	3
35:17	PSA.69.14-PSA.69.15	3
35:17	PSA.142.6-PSA.142.7	3
35:18	HEB.2.12	6
35:18	PSA.22.22-PSA.22.25	4
35:18	PSA.116.14	3
35:18	PSA.116.18	3
35:18	ISA.25.3	3
35:18	PSA.67.1-PSA.67.4	2
35:18	PSA.22.31	1
35:18	PSA.40.9-PSA.40.10	1
35:18	PSA.69.30-PSA.69.34	1
35:18	PSA.117.1-PSA.117.2	1
35:18	PSA.138.4-PSA.138.5	1
35:18	ROM.15.9	1
35:18	PSA.111.1	0
35:19	PSA.69.4	8
35:19	JHN.15.25	8
35:19	PRO.6.13	6
35:19	PSA.13.4	5
35:19	PSA.38.19	5
35:19	PRO.10.10	4
35:19	PSA.38.16	3
35:19	PSA.109.3	3
35:19	JHN.16.20-JHN.16.22	3
35:19	1SA.24.11-1SA.24.12	2
35:19	JOB.15.12	2
35:19	PSA.25.2	2
35:19	PSA.35.15	2
35:19	PSA.119.161	2
35:19	LAM.3.52	2
35:19	REV.11.7-REV.11.10	2
35:20	MAT.26.4	5
35:20	JER.11.19	4
35:20	1PE.2.22-1PE.2.23	4
35:20	PSA.31.13	3
35:20	PSA.36.3-PSA.36.4	3
35:20	PSA.38.12	3
35:20	PSA.52.2	3
35:20	PSA.64.4-PSA.64.6	3
35:20	PSA.120.5-PSA.120.7	3
35:20	PSA.140.2-PSA.140.5	3
35:20	DAN.6.5	3
35:20	MAT.12.19	3
35:20	MAT.12.24	3
35:20	ACT.23.15	3
35:20	ACT.25.3	3
35:21	PSA.22.13	5
35:21	PSA.40.15	5
35:21	LUK.11.53-LUK.11.54	5
35:21	PSA.70.3	4
35:21	PSA.54.7	3
35:21	ISA.9.12	2
35:22	EXO.3.7	9
35:22	PSA.10.1	8
35:22	PSA.28.1	6
35:22	PSA.22.11	4
35:22	PSA.38.21	4
35:22	PSA.71.12	4
35:22	ISA.65.6	4
35:22	PSA.22.19	3
35:22	PSA.39.12	3
35:22	PSA.50.21	3
35:22	PSA.83.1	3
35:22	ACT.7.34	2
35:23	PSA.7.6	9
35:23	PSA.44.23	9
35:23	PSA.59.4	6
35:23	PSA.89.26	6
35:23	PSA.80.2	5
35:23	PSA.142.5	5
35:23	JHN.20.28	5
35:23	ISA.51.9	3
35:24	PSA.43.1	6
35:24	PSA.26.1	5
35:24	PSA.7.8	4
35:24	PSA.35.19	3
35:24	2TH.1.6	3
35:24	JOB.20.5	2
35:24	PSA.18.20-PSA.18.24	2
35:24	1PE.2.22	2
35:25	LAM.2.16	5
35:25	PSA.124.3	3
35:25	MAT.27.43	3
35:25	EXO.15.9	2
35:25	2SA.20.19	2
35:25	JOB.1.5	2
35:25	PSA.27.12	2
35:25	PSA.28.3	2
35:25	PSA.56.1-PSA.56.2	2
35:25	PSA.57.3	2
35:25	PSA.74.8	2
35:25	PSA.140.8	2
35:25	MRK.2.6	2
35:25	MRK.2.8	2
35:25	1CO.15.54	2
35:25	PSA.70.3	1
35:26	JOB.8.22	5
35:26	PSA.38.16	5
35:26	JOB.19.5	4
35:26	PSA.132.18	4
35:26	ISA.41.11	3
35:26	PSA.35.4	2
35:26	PSA.40.14-PSA.40.15	2
35:26	PSA.55.12	2
35:26	PSA.71.13	2
35:26	PSA.109.28-PSA.109.29	2
35:26	PSA.129.5	2
35:26	ISA.65.13-ISA.65.15	2
35:26	JER.48.26	2
35:26	DAN.11.36	2
35:26	1PE.5.5	2
35:27	JER.32.40-JER.32.41	15
35:27	PSA.149.4	12
35:27	PSA.40.16	10
35:27	ZEP.3.17	10
35:27	PRO.8.18	9
35:27	PSA.70.4	8
35:27	PSA.142.7	7
35:27	PSA.147.11	7
35:27	JHN.16.22	6
35:27	1CO.12.26	6
35:27	PSA.132.16	5
35:27	ZEP.3.14	5
35:27	ROM.12.15	5
35:27	PSA.9.4	4
35:27	PSA.32.11	4
35:27	PSA.68.3	4
35:27	PSA.132.9	3
35:27	ISA.66.10-ISA.66.11	3
35:28	PSA.71.24	7
35:28	PSA.145.21	7
35:28	PSA.51.14-PSA.51.15	3
35:28	PSA.145.5	3
35:28	PSA.34.1	2
35:28	PSA.50.15	2
35:28	PSA.71.15	2
35:28	PSA.104.33-PSA.104.34	2
35:28	PSA.145.1-PSA.145.2	1
36:1	ROM.3.18	14
36:1	PRO.16.6	6
36:1	PSA.18.1	3
36:1	PSA.112.1	3
36:1	PSA.143.12	3
36:1	PRO.8.13	3
36:1	MAT.12.33-MAT.12.34	3
36:1	GEN.20.11	2
36:1	DEU.34.5	2
36:1	PSA.90.1	2
36:1	PRO.20.11	2
36:1	ECC.12.13	2
36:1	MAT.7.16-MAT.7.20	2
36:1	2TI.2.24	2
36:1	TIT.1.1	2
36:1	TIT.1.16	2
36:1	2PE.1.1	2
36:1	JUD.1.1	2
36:1	REV.1.1	2
36:1	JAS.1.1	1
36:1	1SA.15.13-1SA.15.14	0
36:2	DEU.29.19	7
36:2	PSA.49.18	5
36:2	PSA.10.3	4
36:2	1SA.15.18-1SA.15.24	3
36:2	1CH.10.13-1CH.10.14	3
36:2	ROM.7.9	3
36:2	JER.2.23	2
36:2	JER.2.34-JER.2.35	2
36:2	JER.17.9	2
36:2	HOS.12.7-HOS.12.8	2
36:2	LUK.10.29	2
36:2	LUK.16.14-LUK.16.15	2
36:2	ROM.3.9	2
36:2	ROM.10.3	2
36:3	PSA.55.21	4
36:3	JER.4.22	4
36:3	PSA.10.7	3
36:3	MAT.22.15-MAT.22.18	3
36:3	1JN.2.19	3
36:3	1SA.11.6-1SA.11.13	2
36:3	1SA.13.13-1SA.13.14	2
36:3	1SA.15.26	2
36:3	1SA.16.14	2
36:3	1SA.18.21	2
36:3	1SA.19.6-1SA.19.7	2
36:3	1SA.26.21	2
36:3	PSA.5.9	2
36:3	PSA.12.2-PSA.12.3	2
36:3	PSA.58.3	2
36:3	PSA.94.8	2
36:3	PSA.125.5	2
36:3	PSA.140.3	2
36:3	ZEP.1.6	2
36:3	MAT.22.35	2
36:3	HEB.10.39	2
36:4	PRO.4.16	8
36:4	MIC.2.1	8
36:4	ISA.65.2	6
36:4	ROM.12.9	6
36:4	PSA.97.10	4
36:4	MAT.27.1	4
36:4	ACT.23.12	4
36:4	REV.2.2	4
36:4	AMO.5.15	3
36:4	MIC.6.8	3
36:4	ROM.1.32	3
36:4	1SA.19.11	2
36:4	EST.5.14	2
36:4	EST.6.4	2
36:4	JOB.15.16	2
36:4	PSA.38.12	2
36:4	PSA.52.3	2
36:4	PRO.24.23	2
36:4	JER.6.16	2
36:4	JER.8.6	2
36:4	JER.9.2-JER.9.9	2
36:4	HOS.7.6-HOS.7.7	2
36:5	PSA.100.5	17
36:5	PSA.108.4	13
36:5	PSA.103.11	11
36:5	PSA.57.10	10
36:5	PSA.89.2	9
36:5	HEB.6.18-HEB.6.20	9
36:5	PSA.92.2	8
36:5	MAT.24.35	8
36:5	ISA.55.7-ISA.55.9	7
36:5	PSA.52.1	4
36:6	ROM.11.33	5
36:6	PSA.77.19	4
36:6	ISA.40.28	4
36:6	DEU.32.4	3
36:6	NEH.9.6	3
36:6	JOB.37.23	3
36:6	PSA.71.19	3
36:6	1TI.4.10	3
36:6	PSA.92.5	2
36:6	PSA.97.2	2
36:6	PSA.104.14-PSA.104.35	2
36:6	PSA.145.9	2
36:6	ISA.45.19	2
36:6	MAT.11.25-MAT.11.26	2
36:6	GEN.18.25	1
36:6	EXO.9.28	1
36:6	1SA.14.15	1
36:6	JOB.7.20	1
36:6	JOB.11.7-JOB.11.9	1
36:6	PSA.145.16-PSA.145.17	1
36:6	PSA.147.9	1
36:6	ISA.45.21-ISA.45.24	1
36:6	JON.4.11	1
36:6	MAT.10.29-MAT.10.30	1
36:6	ROM.3.25	1
36:6	JER.12.1	0
36:7	PSA.86.5	21
36:7	RUT.2.12	19
36:7	PSA.91.4	17
36:7	1JN.3.1	17
36:7	1JN.4.9-1JN.4.10	13
36:7	PSA.17.8	11
36:7	PSA.139.17	11
36:7	PSA.31.19	10
36:7	EXO.34.6	9
36:7	PSA.86.15	8
36:7	JHN.3.16	8
36:7	PSA.63.7	7
36:7	PSA.145.7-PSA.145.8	7
36:7	PSA.57.1	6
36:7	2PE.1.4	6
36:7	LUK.13.34	5
36:7	1PE.2.6-1PE.2.7	5
36:8	PSA.16.11	38
36:8	PSA.65.4	37
36:8	ISA.58.11	35
36:8	ISA.25.6	33
36:8	JER.31.12-JER.31.14	33
36:8	PSA.63.5	32
36:8	MAT.5.6	30
36:8	PSA.46.4	26
36:8	ISA.48.21	26
36:8	REV.22.1-REV.22.17	26
36:8	JOB.20.17	25
36:8	ISA.55.1-ISA.55.2	25
36:8	ISA.43.20	24
36:8	JHN.7.37	24
36:8	PSA.17.15	23
36:8	SNG.5.1	21
36:8	ZEC.9.17	21
36:9	JHN.8.12	57
36:9	JHN.4.14	30
36:9	1JN.1.7	27
36:9	JHN.4.10	24
36:9	JHN.7.37-JHN.7.39	14
36:9	REV.21.6	14
36:9	2CO.4.6	9
36:9	ISA.60.19	7
36:9	JER.2.13	7
36:9	JAS.1.17	7
36:9	JOB.29.3	6
36:9	PSA.27.1	6
36:9	ISA.60.1-ISA.60.2	6
36:9	REV.21.23	5
36:9	ISA.2.5	4
36:9	1PE.2.9	4
36:9	PRO.4.18	3
36:9	ISA.12.3	3
36:9	JHN.1.8-JHN.1.9	3
36:9	MAL.4.2	2
36:9	REV.22.17	2
36:10	JER.24.7	9
36:10	HEB.8.11	8
36:10	PSA.9.10	6
36:10	PSA.97.10-PSA.97.11	6
36:10	JER.22.16	6
36:10	JHN.17.3	5
36:10	1PE.1.5	5
36:10	PSA.18.24-PSA.18.25	4
36:10	PSA.143.1-PSA.143.2	4
36:10	PSA.94.14-PSA.94.15	3
36:10	JER.31.3	3
36:10	2TI.4.7-2TI.4.8	3
36:10	ISA.51.6-ISA.51.8	2
36:10	PSA.7.8-PSA.7.10	1
36:10	PSA.103.17	1
36:10	JHN.15.9-JHN.15.10	1
36:11	PSA.16.8	6
36:11	ISA.51.23	5
36:11	JOB.40.11-JOB.40.12	4
36:11	PSA.12.3-PSA.12.5	4
36:11	PSA.123.3-PSA.123.4	4
36:11	PSA.10.2	3
36:11	PSA.17.8-PSA.17.14	3
36:11	PSA.119.51	3
36:11	PSA.119.69	3
36:11	PSA.119.85	3
36:11	PSA.119.122	3
36:11	PSA.21.7-PSA.21.8	2
36:11	PSA.62.6	2
36:11	PSA.125.1-PSA.125.3	2
36:11	DAN.4.37	2
36:11	ROM.8.35-ROM.8.39	2
36:12	PSA.1.5	5
36:12	2TH.1.8-2TH.1.9	3
36:12	JDG.5.31	2
36:12	PSA.9.16	2
36:12	PSA.18.38	2
36:12	PSA.55.23	2
36:12	PSA.58.10-PSA.58.11	2
36:12	PSA.64.7-PSA.64.9	2
36:12	PSA.140.10	2
36:12	JER.51.64	2
36:12	REV.15.4	2
36:12	REV.19.1-REV.19.6	2
37:1	PSA.37.7	71
37:1	PRO.23.17	39
37:1	PRO.24.19	30
37:1	PRO.3.31	27
37:1	PRO.24.1	25
37:1	PSA.73.3	15
37:1	GAL.5.21	13
37:1	JAS.4.5-JAS.4.6	12
37:1	1SA.1.6-1SA.1.8	11
37:1	PRO.19.3	10
37:2	PSA.92.7	11
37:2	PSA.90.5-PSA.90.6	10
37:2	JAS.1.10-JAS.1.11	9
37:2	JOB.14.2	8
37:2	PSA.37.35-PSA.37.36	8
37:2	JOB.20.5-JOB.20.9	7
37:2	PSA.73.17-PSA.73.20	6
37:2	1PE.1.24	6
37:2	PSA.129.5-PSA.129.7	3
37:3	JER.17.7-JER.17.8	75
37:3	MAT.6.31-MAT.6.33	47
37:3	PSA.62.8	41
37:3	1CO.15.57-1CO.15.58	33
37:3	PSA.34.9-PSA.34.10	26
37:3	LUK.22.35	25
37:3	PSA.4.5	23
37:3	HEB.6.10-HEB.6.12	22
37:3	DEU.30.20	21
37:3	PSA.26.1	19
37:3	ISA.1.16-ISA.1.19	19
37:3	PSA.33.19	17
37:3	ISA.50.10	14
37:3	GEN.26.2	11
37:3	1SA.26.19	10
37:3	HEB.11.13-HEB.11.16	10
37:3	ISA.40.11	8
37:4	JHN.15.7	367
37:4	PSA.145.19	284
37:4	JHN.15.16	203
37:4	ISA.58.14	197
37:4	1JN.5.14-1JN.5.15	179
37:4	PSA.21.1-PSA.21.2	131
37:4	JOB.22.26	121
37:4	1PE.1.8	103
37:4	PSA.104.34	100
37:4	JOB.27.10	85
37:4	PSA.43.4	77
37:4	SNG.2.3	54
37:4	JOB.34.9	44
37:5	PRO.16.3	125
37:5	1PE.5.7	92
37:5	PHP.4.6-PHP.4.7	85
37:5	MAT.6.25	68
37:5	PSA.55.22	66
37:5	JAS.4.15	54
37:5	JOB.22.28	52
37:5	LUK.12.29-LUK.12.30	50
37:5	PSA.22.8	48
37:5	LAM.3.37	40
37:5	LUK.12.22	39
37:5	ECC.9.1	38
37:6	ISA.54.17	39
37:6	JOB.11.17	24
37:6	ISA.58.8	20
37:6	MIC.7.8-MIC.7.9	17
37:6	MAT.13.43	15
37:6	ISA.58.10	13
37:6	PSA.31.20	8
37:6	MAL.3.18	8
37:6	1CO.4.5	6
37:7	PSA.27.14	64
37:7	JAS.5.7-JAS.5.11	64
37:7	PSA.62.5	56
37:7	HEB.10.36-HEB.10.37	50
37:7	LAM.3.25-LAM.3.26	40
37:7	PRO.20.22	37
37:7	HAB.2.3	30
37:7	JER.12.1	27
37:7	PSA.40.1	26
37:7	ISA.30.15	25
37:7	PSA.62.1	23
37:7	GAL.6.9	21
37:7	ISA.8.17	19
37:7	JOS.10.12	16
37:7	ISA.10.13-ISA.10.14	16
37:7	ECC.5.8	15
37:7	DAN.11.36	15
37:7	JOB.21.7-JOB.21.34	14
37:7	PSA.50.8	13
37:7	JON.1.11	11
37:7	REV.13.3-REV.13.10	11
37:7	PSA.73.3-PSA.73.14	10
37:8	PRO.14.29	29
37:8	PRO.16.32	24
37:8	JAS.1.19-JAS.1.20	21
37:8	EPH.4.31	17
37:8	JOB.5.2	13
37:8	EPH.4.26	13
37:8	JAS.3.14-JAS.3.18	13
37:8	COL.3.8	11
37:8	JOB.18.4	6
37:8	JON.4.1	5
37:8	1SA.25.21-1SA.25.23	4
37:8	PSA.31.22	3
37:8	PSA.73.15	3
37:8	JON.4.9	3
37:8	LUK.9.54-LUK.9.55	3
37:8	PSA.116.11	2
37:8	JER.20.14-JER.20.15	2
37:9	ISA.60.21	16
37:9	PSA.25.13	13
37:9	PSA.37.29	10
37:9	PRO.2.21	10
37:9	ISA.57.13	9
37:9	PSA.37.11-PSA.37.12	8
37:9	PSA.55.23	8
37:9	ISA.58.14	6
37:9	REV.5.10	6
37:9	JOB.20.23-JOB.20.29	5
37:9	HEB.11.16	5
37:9	JOB.27.13-JOB.27.23	4
37:9	PSA.37.35-PSA.37.36	4
37:10	JOB.24.24	14
37:10	PSA.37.35-PSA.37.36	7
37:10	PSA.103.16	7
37:10	PSA.107.42-PSA.107.43	7
37:10	1PE.4.7	7
37:10	JOB.7.10	6
37:10	PSA.52.5	6
37:10	PSA.58.10-PSA.58.11	6
37:10	HEB.10.36-HEB.10.37	6
37:10	JOB.20.8-JOB.20.9	5
37:10	LUK.12.20-LUK.12.21	5
37:10	LUK.16.27-LUK.16.28	5
37:10	REV.6.10-REV.6.11	5
37:10	EST.7.10-EST.8.1	4
37:10	JOB.14.10	4
37:10	PSA.49.10	4
37:10	ISA.14.16-ISA.14.19	4
37:10	1SA.25.38-1SA.25.39	3
37:10	2KI.9.25	3
37:10	2KI.9.34-2KI.9.37	3
37:10	JOB.7.21	3
37:10	PSA.73.18-PSA.73.20	3
37:11	MAT.5.5	45
37:11	GAL.5.22-GAL.5.23	26
37:11	ISA.26.3	24
37:11	JAS.3.13	22
37:11	PSA.119.165	12
37:11	PHP.4.7	8
37:11	ISA.48.18	7
37:11	1TI.6.11	6
37:11	PSA.36.8	5
37:11	PSA.72.7	5
37:11	ISA.57.18-ISA.57.21	5
37:11	JHN.14.27	5
37:11	JAS.1.21	5
37:12	PSA.35.16	8
37:12	MIC.2.1	8
37:12	PSA.31.13	5
37:12	DAN.8.12	5
37:12	MAT.26.16	5
37:12	1SA.18.21	4
37:12	1SA.23.7-1SA.23.9	3
37:12	2SA.15.10-2SA.15.12	3
37:12	EST.3.6	3
37:12	PSA.37.32	3
37:12	DAN.8.24	3
37:12	MAT.26.4	3
37:13	PSA.2.4	15
37:13	PRO.1.26	13
37:13	1SA.26.10	9
37:13	DAN.5.26	9
37:13	EZK.21.25	8
37:13	EZK.21.29	7
37:13	JOB.18.20	6
37:13	JER.50.27	6
37:14	PRO.29.27	6
37:14	PSA.11.2	4
37:14	PRO.29.10	3
37:14	1JN.3.12	3
37:14	1SA.24.11	2
37:14	1SA.24.17	2
37:14	PSA.35.10	2
37:14	PSA.64.2-PSA.64.6	2
37:14	ACT.7.52	2
37:14	ACT.12.11	2
37:14	HAB.1.13	1
37:14	MAT.23.30-MAT.23.34	1
37:14	ACT.12.2-ACT.12.3	1
37:14	ACT.12.23	1
37:15	PSA.7.14-PSA.7.15	11
37:15	PSA.35.8	4
37:15	1SA.31.4	3
37:15	2SA.17.23	3
37:15	PSA.46.9	3
37:15	JER.51.56	3
37:15	HOS.1.5	3
37:15	HOS.2.18	3
37:15	1SA.2.4	2
37:15	EST.7.9-EST.7.10	2
37:15	PSA.76.3-PSA.76.6	2
37:15	ISA.37.38	2
37:15	MAT.27.4-MAT.27.5	2
37:15	MIC.5.6	1
37:16	PRO.16.8	16
37:16	PRO.15.16-PRO.15.17	13
37:16	1TI.6.6	10
37:16	PRO.13.25	7
37:16	PRO.3.33	6
37:16	ECC.4.6	6
37:16	PRO.30.9	5
37:16	ECC.2.26	5
37:16	MAT.6.11	5
37:17	ISA.41.10	53
37:17	PSA.63.8	48
37:17	PSA.145.14	45
37:17	ISA.42.1	41
37:17	PSA.37.24	40
37:17	PSA.119.116-PSA.119.117	36
37:17	PSA.51.12	30
37:17	JUD.1.24	28
37:17	PSA.10.15	22
37:17	JOB.38.15	20
37:17	PSA.41.12	20
37:17	EZK.30.21-EZK.30.25	17
37:18	PSA.1.6	11
37:18	PSA.103.17	9
37:18	ROM.6.23	9
37:18	2TI.2.19	7
37:18	PSA.31.7	5
37:18	PSA.49.5	5
37:18	PSA.73.24	5
37:18	1PE.1.4-1PE.1.5	5
37:18	REV.11.3-REV.11.5	5
37:18	DEU.33.25	4
37:18	PSA.21.4	4
37:18	ISA.60.21	4
37:18	1JN.2.25	4
37:18	PSA.16.11	3
37:18	PSA.31.15	3
37:18	PSA.37.13	3
37:18	MAT.6.32	3
37:18	MAT.24.21-MAT.24.24	3
37:18	ROM.5.21	3
37:18	2TI.3.1-2TI.3.5	3
37:18	2TI.4.2-2TI.4.4	3
37:19	PSA.33.19	16
37:19	PRO.10.3	16
37:19	JOB.5.20-JOB.5.22	12
37:19	ISA.33.16	11
37:19	AMO.5.13	8
37:19	EPH.5.16	5
37:19	ECC.9.12	4
37:19	MIC.2.3	2
37:20	PSA.68.2	9
37:20	PSA.102.3	7
37:20	LUK.13.3	6
37:20	DEU.33.14-DEU.33.16	5
37:20	JDG.5.31	5
37:20	GEN.19.28	4
37:20	LEV.3.3-LEV.3.11	4
37:20	PSA.92.9	4
37:20	2PE.2.12	4
37:20	LEV.3.16	3
37:20	LUK.13.5	3
37:20	HEB.12.29	3
37:20	DEU.29.20	2
37:21	HEB.13.16	10
37:21	PSA.112.5	8
37:21	PRO.22.7	7
37:21	PSA.112.9	6
37:21	LUK.6.30	6
37:21	DEU.28.12	5
37:21	2CO.8.9	4
37:21	DEU.15.9-DEU.15.11	3
37:21	JOB.31.16-JOB.31.20	3
37:21	ISA.58.7-ISA.58.10	3
37:21	ACT.20.35	3
37:21	2CO.9.6-2CO.9.15	3
37:21	DEU.28.43-DEU.28.44	2
37:21	2KI.4.1-2KI.4.5	2
37:21	NEH.5.1-NEH.5.5	2
37:21	ISA.32.8	2
37:21	ACT.11.29	2
37:21	HEB.6.10	2
37:22	PRO.3.33	11
37:22	1CO.16.22	6
37:22	PSA.37.9	5
37:22	GAL.3.13	5
37:22	JOB.5.3	4
37:22	PSA.32.1	4
37:22	PSA.37.11	4
37:22	PSA.37.18	4
37:22	PSA.37.28	4
37:22	PSA.115.15	4
37:22	PSA.119.21	4
37:22	PSA.128.1	4
37:22	ZEC.5.3-ZEC.5.4	4
37:22	MAT.25.41	4
37:22	GAL.3.10	4
37:23	PRO.16.9	82
37:23	PSA.119.133	69
37:23	PRO.4.26	55
37:23	1SA.2.9	51
37:23	PSA.40.2	49
37:23	PSA.121.8	46
37:23	PSA.85.13	42
37:23	JER.10.23	40
37:23	PSA.121.3	33
37:23	PSA.147.10-PSA.147.11	28
37:23	JOB.23.11-JOB.23.12	27
37:23	PSA.17.5	21
37:23	PSA.119.5	19
37:23	JER.9.24	17
37:23	PRO.11.1	10
37:23	PRO.11.20	10
37:23	HEB.13.16	8
37:24	PRO.24.16	32
37:24	PSA.145.14	30
37:24	PSA.94.18	27
37:24	MIC.7.7-MIC.7.8	23
37:24	JHN.10.27-JHN.10.30	17
37:24	LUK.22.31-LUK.22.32	13
37:24	PSA.40.2	11
37:24	PSA.34.19-PSA.34.20	10
37:24	PSA.37.17	9
37:24	PSA.147.6	9
37:24	LUK.2.34	9
37:24	PSA.91.12	8
37:24	LUK.22.60-LUK.22.62	5
37:25	HEB.13.5	42
37:25	PSA.37.28	36
37:25	PSA.25.13	30
37:25	PSA.112.2	30
37:25	1SA.12.22	29
37:25	2CO.4.9	25
37:25	PSA.94.14	22
37:25	PSA.71.18	20
37:25	JOS.1.5	16
37:25	GEN.17.7	15
37:25	LUK.1.53-LUK.1.55	15
37:25	PSA.71.9	14
37:25	PRO.13.22	14
37:25	HEB.12.5-HEB.12.6	12
37:25	JOB.32.6-JOB.32.7	7
37:25	JOB.15.23	5
37:25	ACT.21.16	4
37:25	PHM.1.8-PHM.1.9	4
37:25	PSA.59.15	3
37:25	ISA.13.16	3
37:25	PSA.109.10	2
37:26	PSA.112.5	7
37:26	PSA.37.21	6
37:26	MAT.5.7	5
37:26	DEU.15.8-DEU.15.10	4
37:26	PSA.112.9	4
37:26	PRO.20.7	4
37:26	JER.32.39	4
37:26	LUK.6.35-LUK.6.38	4
37:26	PSA.147.13	3
37:27	PSA.34.14	12
37:27	PRO.16.6	7
37:27	1TH.5.15	6
37:27	1JN.2.16-1JN.2.17	6
37:27	HEB.13.16	5
37:27	2TI.2.19	4
37:27	TIT.2.11-TIT.2.14	4
37:27	HEB.13.21	3
37:27	JOB.28.28	2
37:27	ISA.1.16-ISA.1.17	2
37:27	TIT.3.8	2
37:27	PSA.102.28	1
37:27	PRO.16.17	1
37:27	TIT.3.14	1
37:28	PRO.2.22	13
37:28	PSA.11.7	12
37:28	PSA.21.10	7
37:28	ISA.59.21	6
37:28	JOB.27.14	5
37:28	ISA.14.20-ISA.14.21	5
37:28	ISA.61.8	5
37:28	1PE.1.5	5
37:28	JUD.1.1	5
37:28	PSA.37.40	4
37:28	PSA.45.6-PSA.45.7	4
37:28	JHN.5.24	4
37:28	JHN.15.9	4
37:28	1JN.2.19	4
37:28	JER.9.24	3
37:28	JHN.6.39-JHN.6.40	3
37:28	EXO.20.5	2
37:28	JOB.18.19	2
37:28	PSA.37.25	2
37:28	PSA.92.13-PSA.92.15	2
37:28	PSA.99.4	2
37:28	ISA.30.18	2
37:28	JER.32.40-JER.32.41	2
37:28	JHN.10.28-JHN.10.30	2
37:29	PRO.2.21	10
37:29	PSA.37.9	7
37:29	2PE.3.13	6
37:29	PSA.37.11	5
37:29	PSA.37.18	5
37:29	REV.21.7	5
37:29	DEU.30.20	4
37:29	REV.21.3-REV.21.4	3
37:29	PSA.37.27	2
37:30	COL.4.6	12
37:30	PRO.25.11-PRO.25.13	10
37:30	PRO.15.7	9
37:30	EPH.4.29	9
37:30	PRO.10.31	7
37:30	MAT.12.35	7
37:30	PRO.10.21	6
37:30	PSA.71.15	5
37:30	DEU.6.7-DEU.6.9	4
37:30	PSA.71.24	4
37:30	PRO.27.9	4
37:31	PSA.40.8	15
37:31	DEU.6.6	13
37:31	ISA.51.7	9
37:31	PSA.119.11	8
37:31	PSA.37.23	7
37:31	JER.31.33	7
37:31	PSA.121.3	6
37:31	DEU.11.18-DEU.11.20	5
37:31	JOB.23.11	5
37:31	PSA.1.2	5
37:31	PSA.40.2-PSA.40.3	5
37:31	PSA.44.18	5
37:31	PSA.119.98	5
37:31	PRO.4.4	5
37:31	HEB.8.10	5
37:31	PSA.17.5	4
37:31	PRO.14.15	4
37:31	PSA.73.2	3
37:31	EZK.27.6	2
37:32	PSA.10.8-PSA.10.10	3
37:32	JER.20.10	3
37:32	LUK.14.1	3
37:32	LUK.19.47-LUK.19.48	3
37:32	LUK.20.20	3
37:32	PSA.37.12	2
37:32	LUK.6.7	2
37:32	LUK.11.54	2
37:32	ACT.9.24	2
37:33	PSA.109.31	9
37:33	ROM.8.1	8
37:33	2PE.2.9	8
37:33	ROM.8.33-ROM.8.34	6
37:33	PSA.31.7-PSA.31.8	5
37:33	2TI.4.17	5
37:33	PSA.124.6-PSA.124.7	4
37:33	1SA.23.26-1SA.23.28	3
37:34	PSA.27.14	16
37:34	PRO.20.22	12
37:34	PSA.37.9	11
37:34	MAT.24.13	10
37:34	PSA.37.7	9
37:34	PSA.52.5-PSA.52.6	9
37:34	JOB.23.10-JOB.23.12	7
37:34	PSA.37.3	7
37:34	PSA.91.8	7
37:34	PRO.4.25-PRO.4.27	7
37:34	JOB.17.9	6
37:34	PSA.92.10-PSA.92.11	6
37:34	LUK.14.11	6
37:34	1PE.5.6	6
37:34	PSA.112.9	5
37:34	PRO.16.17	5
37:34	1PE.1.7	5
37:35	JOB.5.3	10
37:35	JOB.21.7-JOB.21.17	4
37:35	PSA.73.3-PSA.73.11	4
37:35	EST.5.11	3
37:35	JOB.8.13-JOB.8.19	3
37:35	ISA.14.14-ISA.14.19	3
37:35	EZK.31.6-EZK.31.10	3
37:35	EZK.31.18	3
37:35	DAN.4.20-DAN.4.33	2
37:36	PSA.37.10	10
37:36	ACT.12.22-ACT.12.23	4
37:36	EXO.15.19	3
37:36	ISA.10.16-ISA.10.19	3
37:36	ISA.10.33-ISA.10.34	3
37:36	EXO.15.9-EXO.15.10	2
37:36	JOB.20.5-JOB.20.29	2
37:37	ISA.32.17	24
37:37	ISA.57.1-ISA.57.2	11
37:37	2TI.4.6-2TI.4.8	8
37:37	ACT.7.59-ACT.7.60	7
37:37	JOB.1.1	6
37:37	JOB.42.12-JOB.42.17	5
37:37	LUK.2.25-LUK.2.29	5
37:37	PRO.14.32	4
37:37	2PE.1.14	2
37:38	PRO.14.32	5
37:38	PSA.52.5	4
37:38	PSA.1.4-PSA.1.6	3
37:38	PSA.9.17	3
37:38	MAT.13.49-MAT.13.50	3
37:38	2TH.1.8-2TH.1.9	3
37:38	PSA.73.17	2
37:38	MAT.13.30	2
37:38	MAT.25.46	2
37:39	PSA.9.9	14
37:39	PSA.91.15	13
37:39	ISA.12.2	11
37:39	PSA.3.8	9
37:39	2TI.4.17	7
37:39	PSA.46.1	5
37:39	EPH.2.8	4
37:39	ISA.33.2	3
37:39	JON.2.9	3
37:39	COL.1.11	3
37:40	ISA.31.5	13
37:40	1CH.5.20	9
37:40	DAN.3.17	9
37:40	ISA.46.4	8
37:40	DAN.3.28	6
37:40	DAN.6.23	6
37:40	PSA.22.4-PSA.22.5	3
37:40	1JN.5.18	3
37:40	PSA.17.13	2
37:40	PSA.27.2	2
37:40	1JN.2.13-1JN.2.14	2
38:1	ISA.54.8	9
38:1	PSA.6.1	8
38:1	HEB.12.5-HEB.12.11	8
38:1	PSA.70.1	5
38:1	JER.30.11	5
38:1	JER.10.24	4
38:1	ISA.27.8	3
38:1	HAB.3.2	3
38:1	PSA.88.7	2
38:1	PSA.88.15-PSA.88.16	2
38:1	DEU.9.19	1
38:2	JOB.6.4	7
38:2	PSA.32.4	6
38:2	DEU.2.15	3
38:2	1SA.5.6	3
38:2	LAM.3.12	3
38:2	RUT.1.13	2
38:2	1SA.5.11	2
38:2	1SA.6.9	2
38:2	PSA.21.12	2
38:2	PSA.39.10-PSA.39.11	2
38:2	PSA.64.7	2
38:3	PSA.6.2	6
38:3	PSA.51.8	4
38:3	PSA.31.9-PSA.31.10	3
38:3	ISA.1.5-ISA.1.6	2
38:3	LAM.3.40-LAM.3.42	2
38:3	2CH.26.19	1
38:3	JOB.2.7-JOB.2.8	1
38:3	JOB.33.19-JOB.33.22	1
38:3	PSA.90.7-PSA.90.8	1
38:3	PSA.102.3	1
38:3	PSA.102.5	1
38:4	PSA.40.12	13
38:4	EZR.9.6	10
38:4	MAT.11.28	8
38:4	LAM.1.14	5
38:4	1PE.2.24	4
38:4	LEV.7.18	3
38:4	ISA.53.11	3
38:5	ISA.1.5-ISA.1.6	5
38:5	PSA.69.5	3
38:5	JER.8.22	3
38:5	PSA.32.3	2
38:5	PSA.38.7	2
38:6	JOB.30.28	7
38:6	PSA.35.14	5
38:6	PSA.42.9	4
38:6	PSA.31.10	3
38:6	PSA.42.5	3
38:6	PSA.43.2	3
38:6	PSA.145.14	3
38:6	PSA.6.6	2
38:6	PSA.57.6	2
38:6	PSA.88.9	2
38:6	ISA.38.14	1
38:7	2CH.21.18-2CH.21.19	3
38:7	PSA.102.3	3
38:7	JOB.7.5	2
38:7	JOB.30.18	2
38:7	PSA.41.8	2
38:7	ACT.12.23	2
38:8	JOB.3.24	5
38:8	PSA.32.3	5
38:8	JOB.30.28	4
38:8	ISA.59.11	3
38:8	PSA.22.1-PSA.22.2	2
38:9	PSA.10.17	10
38:9	PSA.6.6	7
38:9	2CO.5.2	7
38:9	ROM.8.26-ROM.8.27	5
38:9	PSA.102.5	4
38:9	JHN.1.48	4
38:9	ROM.8.22-ROM.8.23	4
38:9	PSA.102.20	1
38:10	PSA.6.7	7
38:10	PSA.88.9	5
38:10	PSA.69.3	4
38:10	PSA.119.123	3
38:10	LAM.5.16-LAM.5.17	3
38:10	1SA.14.27-1SA.14.29	2
38:10	PSA.31.10	2
38:10	PSA.42.1	2
38:10	PSA.119.81-PSA.119.83	2
38:10	PSA.143.4-PSA.143.7	2
38:10	ISA.21.4	2
38:10	LAM.2.11	2
38:11	PSA.31.11	7
38:11	LUK.23.49	7
38:11	JOB.19.13-JOB.19.17	6
38:11	PSA.88.18	4
38:11	LUK.10.31-LUK.10.32	4
38:11	LUK.22.54	4
38:11	JHN.16.32	4
38:11	JOB.6.21-JOB.6.23	3
38:11	MAT.26.56	3
38:11	ISA.53.4	2
38:11	ISA.53.8	1
38:12	2SA.17.1-2SA.17.3	5
38:12	PSA.35.20	5
38:12	PSA.54.3	4
38:12	PSA.140.5	4
38:12	2SA.16.7-2SA.16.8	3
38:12	PSA.35.4	3
38:12	PSA.64.2-PSA.64.5	3
38:12	PSA.119.110	3
38:12	PSA.141.9	3
38:12	LUK.20.19-LUK.20.22	3
38:12	PSA.10.9	2
38:12	PSA.62.3-PSA.62.4	2
38:13	PSA.39.9	5
38:13	ISA.53.7	5
38:13	PSA.39.2	4
38:13	1PE.2.23	4
38:13	2SA.16.10-2SA.16.12	2
38:14	AMO.5.13	6
38:14	JHN.8.6	5
38:14	MRK.15.3-MRK.15.5	4
38:14	MIC.7.5	3
38:15	PSA.39.7	9
38:15	PSA.17.6	8
38:15	PSA.138.3	5
38:15	PSA.123.1-PSA.123.3	3
38:16	DEU.32.35	4
38:16	PSA.94.18	4
38:16	PSA.13.3-PSA.13.4	3
38:16	PSA.35.24-PSA.35.26	3
38:17	PSA.6.6	8
38:17	PSA.35.15	8
38:17	PSA.38.6	7
38:17	PSA.77.2-PSA.77.3	7
38:17	ISA.53.3-ISA.53.5	7
38:17	MIC.4.6-MIC.4.7	7
38:18	PSA.32.5	9
38:18	PRO.28.13	9
38:18	JOB.33.27	6
38:18	PSA.51.3	5
38:18	2CO.7.7-2CO.7.11	3
38:18	JOB.31.33	2
38:19	PSA.35.19	5
38:19	JHN.15.18-JHN.15.25	5
38:19	MAT.10.22	4
38:19	PSA.69.4	3
38:19	PSA.3.1	2
38:19	PSA.18.17	2
38:19	PSA.25.19	2
38:19	PSA.56.1-PSA.56.2	2
38:19	PSA.59.1-PSA.59.3	2
38:19	ACT.4.25-ACT.4.28	2
38:20	PSA.35.12	10
38:20	JER.18.20	7
38:20	1JN.3.12	7
38:20	JHN.10.32	6
38:20	1PE.4.14-1PE.4.16	6
38:20	1SA.25.21	5
38:20	PSA.109.3-PSA.109.5	5
38:20	1SA.19.4-1SA.19.6	4
38:20	1SA.23.5	4
38:20	1SA.23.12	4
38:20	PSA.7.4	4
38:20	MAT.5.10	4
38:20	1PE.3.13	4
38:20	1PE.3.17-1PE.3.18	4
38:20	1SA.25.16	3
38:21	PSA.22.19	9
38:21	PSA.22.24	6
38:21	PSA.22.11	4
38:21	PSA.35.21-PSA.35.22	3
38:21	PSA.22.1	2
38:22	PSA.40.13	11
38:22	PSA.27.1	10
38:22	ISA.12.2	7
38:22	PSA.71.12	6
38:22	PSA.141.1	6
38:22	PSA.40.17	5
38:22	PSA.62.6	5
38:22	PSA.70.1	5
38:22	PSA.70.5	5
38:22	PSA.62.2	4
39:1	PRO.21.23	38
39:1	PSA.141.3	29
39:1	JAS.1.26	24
39:1	PSA.119.9	20
39:1	PSA.34.13	19
39:1	MIC.7.5-MIC.7.6	19
39:1	JAS.3.2-JAS.3.8	18
39:1	PRO.18.21	15
39:1	HEB.2.1	14
39:1	1KI.2.4	13
39:1	PRO.4.26-PRO.4.27	13
39:1	PSA.12.4	12
39:1	COL.4.5	12
39:1	JOB.2.10	10
39:1	PSA.62.1	10
39:1	PSA.77.1	9
39:1	AMO.5.13	9
39:1	2KI.10.31	7
39:1	PSA.73.8-PSA.73.9	7
39:1	1CH.16.41	6
39:1	1CH.25.1-1CH.25.6	4
39:2	MAT.27.12-MAT.27.14	4
39:2	ACT.4.20	4
39:2	PSA.38.13-PSA.38.14	3
39:2	ISA.53.7	3
39:2	JOB.32.19-JOB.32.20	2
39:2	MAT.7.6	2
39:3	JER.20.9	9
39:3	LUK.24.32	7
39:3	EZK.3.14	5
39:4	PSA.90.12	28
39:4	PSA.103.14	13
39:4	PSA.119.84	10
39:4	JOB.14.13	9
39:5	PSA.89.47	10
39:5	PSA.144.4	10
39:5	PSA.62.9	9
39:5	PSA.90.9-PSA.90.10	9
39:5	PSA.39.11	7
39:5	ECC.2.11	7
39:5	JOB.14.1-JOB.14.2	6
39:5	JAS.4.14	6
39:5	PSA.90.4-PSA.90.5	5
39:5	GEN.47.9	4
39:5	JOB.7.6	4
39:5	JOB.9.25-JOB.9.26	4
39:5	ECC.1.2	3
39:5	ISA.40.17	3
39:5	2PE.3.8	3
39:6	LUK.12.20-LUK.12.21	8
39:6	ECC.2.26	7
39:6	JAS.4.14	7
39:6	PSA.127.2	6
39:6	ECC.12.13	6
39:6	1CO.7.31	6
39:6	ECC.2.17-ECC.2.21	5
39:6	ECC.4.7-ECC.4.8	5
39:6	ECC.5.14	5
39:6	LUK.12.29	5
39:6	1PE.5.7	5
39:6	JOB.27.16-JOB.27.17	4
39:6	PSA.49.10-PSA.49.11	4
39:6	PRO.13.22	4
39:6	ECC.1.14	4
39:6	ECC.2.8	4
39:6	ECC.6.11-ECC.6.12	4
39:6	ECC.12.8	4
39:6	ISA.55.2	4
39:6	PRO.23.5	3
39:6	PRO.27.24	3
39:6	LUK.10.40-LUK.10.42	3
39:6	JAS.5.3	3
39:6	1PE.1.24	3
39:7	ROM.15.13	23
39:7	PSA.38.15	20
39:7	PSA.119.81	15
39:7	GEN.49.18	12
39:7	JOB.13.15	11
39:7	PSA.119.166	11
39:7	PSA.130.5-PSA.130.6	9
39:7	LUK.2.25	9
39:8	PSA.44.13	5
39:8	PSA.51.14	5
39:8	JOL.2.17	4
39:8	MIC.7.19	4
39:8	PSA.25.11	3
39:8	PSA.25.18	3
39:8	PSA.51.7-PSA.51.10	3
39:8	PSA.57.3	3
39:8	PSA.65.3	3
39:8	PSA.79.4	3
39:8	PSA.130.8	3
39:8	JOL.2.19	3
39:8	2SA.16.7-2SA.16.8	2
39:8	PSA.35.21	2
39:8	PSA.119.39	2
39:8	MAT.1.21	2
39:8	ROM.2.23-ROM.2.24	2
39:8	TIT.2.14	2
39:9	JOB.2.10	8
39:9	1SA.3.18	5
39:9	2SA.16.10	4
39:9	JOB.1.21	4
39:9	JOB.40.4-JOB.40.5	4
39:9	DAN.4.35	4
39:9	LEV.10.3	3
39:9	PSA.38.13	2
39:10	JOB.9.34	8
39:10	JOB.13.21	6
39:10	PSA.25.16-PSA.25.17	4
39:10	PSA.32.4	4
39:10	PSA.38.3-PSA.38.4	4
39:10	1SA.6.5	2
39:10	JOB.40.8	2
39:11	JOB.13.28	7
39:11	ISA.50.9	6
39:11	HEB.12.6	6
39:11	1CO.11.30-1CO.11.32	5
39:11	REV.3.19	5
39:11	PSA.102.10-PSA.102.11	3
39:11	1CO.5.5	3
39:11	JOB.4.19	2
39:11	JOB.30.30	2
39:11	PSA.38.1-PSA.38.8	2
39:11	HOS.5.12	2
39:11	2PE.2.16	2
39:11	PSA.90.7-PSA.90.10	1
39:12	1PE.2.11	14
39:12	HEB.11.13	12
39:12	LEV.25.23	10
39:12	2KI.20.5	10
39:12	GEN.47.9	9
39:12	PSA.116.3	9
39:12	PSA.119.19	9
39:12	1CH.29.15	8
39:12	PSA.56.8	8
39:12	HEB.5.7	8
39:12	1PE.1.17	8
39:12	2SA.16.12	7
39:12	JOB.16.20	7
39:12	PSA.102.1	7
39:12	2CO.5.6	6
39:12	PSA.119.54	5
39:13	JOB.10.20-JOB.10.21	6
39:13	JOB.14.5-JOB.14.6	6
39:13	JOB.14.10-JOB.14.12	6
39:13	JOB.7.19	5
39:13	GEN.5.24	4
39:13	GEN.42.36	4
40:1	PSA.27.13-PSA.27.14	43
40:1	PSA.37.7	39
40:1	JAS.5.7-JAS.5.11	37
40:1	PSA.34.15	25
40:1	PSA.116.2	25
40:1	PSA.130.2	24
40:1	DAN.9.18	24
40:2	PSA.37.23	29
40:2	PSA.119.133	24
40:2	PSA.27.5	22
40:2	PSA.61.2	17
40:2	MAT.7.24-MAT.7.25	17
40:2	PSA.71.20	16
40:2	JON.2.5-JON.2.6	14
40:2	PSA.69.2	13
40:2	PSA.69.14-PSA.69.15	13
40:2	PSA.86.13	13
40:2	ZEC.9.11	12
40:2	PSA.18.36	11
40:2	ACT.2.24	10
40:2	JER.38.6-JER.38.12	9
40:2	PSA.17.5	8
40:2	PSA.18.16-PSA.18.17	8
40:2	PSA.142.6-PSA.142.7	8
40:2	PSA.143.3	8
40:2	PSA.116.3	6
40:2	LAM.3.53-LAM.3.55	4
40:2	ACT.2.27-ACT.2.31	4
40:2	MAT.13.50	2
40:2	ISA.24.22	1
40:3	PSA.33.3	16
40:3	PSA.103.1-PSA.103.5	14
40:3	PSA.34.1-PSA.34.6	10
40:3	PSA.52.6	8
40:3	PSA.35.27	6
40:3	PSA.144.9	6
40:3	ISA.12.1-ISA.12.4	6
40:3	REV.5.9-REV.5.10	6
40:3	REV.14.3	6
40:3	PSA.142.7	5
40:3	PSA.64.9-PSA.64.10	4
40:3	HOS.3.5	4
40:3	ACT.2.31-ACT.2.41	3
40:3	ACT.4.4	3
40:4	JER.17.7-JER.17.8	28
40:4	PSA.84.11-PSA.84.12	10
40:4	PSA.34.8	7
40:4	PSA.125.5	7
40:4	PSA.118.8-PSA.118.9	6
40:4	PSA.2.12	5
40:4	ROM.15.12-ROM.15.13	5
40:4	PSA.15.4	4
40:4	JER.10.14-JER.10.15	4
40:4	JON.2.8	4
40:4	2TH.2.9-2TH.2.11	4
40:4	PSA.101.3-PSA.101.7	3
40:4	PSA.119.21	3
40:4	ISA.44.18-ISA.44.20	3
40:5	JER.29.11	31
40:5	EXO.15.11	23
40:5	PSA.139.17-PSA.139.18	23
40:5	PSA.71.15	19
40:5	PSA.92.5	18
40:5	PSA.136.4	16
40:5	JOB.9.10	15
40:5	PSA.139.6	15
40:5	ISA.55.8-ISA.55.9	15
40:5	JOB.5.9	12
40:5	JOB.26.14	8
40:5	JOB.37.19-JOB.37.20	4
40:5	EXO.11.8	3
40:6	HEB.10.5-HEB.10.12	27
40:6	ISA.1.11	26
40:6	1SA.15.22	23
40:6	PSA.51.16	18
40:6	HOS.6.6	13
40:6	MAT.9.13	10
40:6	MAT.12.7	9
40:6	AMO.5.22	8
40:6	JER.7.21-JER.7.23	7
40:6	JOB.33.16	6
40:6	ISA.66.3	6
40:6	PSA.50.8	5
40:6	ISA.50.4-ISA.50.5	5
40:6	EXO.21.6	3
40:7	HEB.10.7-HEB.10.9	34
40:7	LUK.24.44	27
40:7	JHN.5.39	21
40:7	LUK.24.27	16
40:7	1CO.15.3-1CO.15.4	10
40:7	ACT.10.43	7
40:7	1PE.1.10-1PE.1.11	7
40:7	REV.19.10	7
40:7	GEN.3.15	2
40:8	ROM.7.22	31
40:8	JHN.4.34	27
40:8	JER.15.16	24
40:8	PSA.119.16	19
40:8	PSA.119.24	19
40:8	PSA.37.30-PSA.37.31	18
40:8	PSA.119.47	18
40:8	JER.31.33	17
40:8	PSA.119.92	16
40:8	PSA.112.1	15
40:8	PRO.3.1	15
40:8	2CO.3.3	11
40:8	JOB.23.12	8
40:8	ROM.8.29	5
40:9	PSA.22.25	9
40:9	MRK.16.15-MRK.16.16	8
40:9	PSA.22.22	7
40:9	PSA.71.15-PSA.71.18	7
40:9	PSA.35.18	6
40:9	PSA.119.13	6
40:9	HEB.2.12	6
40:9	LUK.4.16-LUK.4.22	5
40:9	JOS.22.22	3
40:9	PSA.119.171-PSA.119.172	3
40:9	PSA.139.2	2
40:9	JHN.21.17	2
40:10	ROM.1.16-ROM.1.17	9
40:10	ACT.20.20-ACT.20.21	8
40:10	ROM.10.9-ROM.10.10	4
40:10	1TI.1.15	4
40:10	LUK.2.30-LUK.2.32	3
40:10	1TH.1.8	3
40:10	PSA.25.10	2
40:10	PSA.34.6	2
40:10	PSA.89.1	2
40:10	ISA.49.6	2
40:10	EZK.2.7	2
40:10	EZK.3.17-EZK.3.18	2
40:10	MIC.7.20	2
40:10	LUK.3.6	2
40:10	ACT.13.32-ACT.13.33	2
40:10	ACT.20.26-ACT.20.27	2
40:10	ROM.3.22-ROM.3.26	2
40:10	ROM.10.3	2
40:10	ROM.15.8-ROM.15.9	2
40:10	PHP.3.9	2
40:10	JHN.1.17	1
40:10	JHN.3.16-JHN.3.17	1
40:10	REV.22.17	1
40:11	PSA.23.6	12
40:11	PSA.43.3	10
40:11	PSA.57.3	9
40:11	PRO.20.28	7
40:11	PSA.69.16	6
40:11	PSA.61.7	5
40:11	PSA.69.13	5
40:11	PSA.85.10	4
40:11	HEB.5.7	2
40:12	PSA.38.4	9
40:12	PSA.73.26	7
40:12	PSA.69.4	6
40:12	PSA.19.12	4
40:12	PSA.116.3	4
40:12	ISA.53.6	4
40:12	LUK.18.13-LUK.18.14	4
40:12	PSA.22.11-PSA.22.19	3
40:12	1PE.3.18	3
40:12	LUK.21.26	2
40:12	HEB.4.15	2
40:12	GEN.42.28	1
40:13	PSA.25.17-PSA.25.18	4
40:13	PSA.38.22	4
40:13	PSA.70.1-PSA.70.5	4
40:13	PSA.22.19	3
40:13	PSA.71.12	3
40:13	MAT.26.36-MAT.26.44	3
40:14	PSA.35.4	5
40:14	PSA.35.26	5
40:14	PSA.9.3	4
40:14	PSA.71.13	4
40:14	ISA.45.24	4
40:14	JHN.18.6	4
40:14	PSA.31.17-PSA.31.18	3
40:14	PSA.70.2-PSA.70.3	2
40:14	ISA.41.11	2
40:14	MAT.21.38-MAT.21.41	2
40:14	ACT.9.4-ACT.9.6	2
40:14	ACT.12.23-ACT.12.24	2
40:15	PSA.35.21	5
40:15	PSA.35.25	5
40:15	PSA.69.24-PSA.69.25	4
40:15	LUK.19.43-LUK.19.44	3
40:15	PSA.70.3-PSA.70.4	2
40:15	PSA.73.19	2
40:15	PSA.109.6-PSA.109.20	2
40:15	LUK.21.23-LUK.21.24	2
40:16	PSA.35.27	15
40:16	PSA.68.3	8
40:16	PSA.119.123	5
40:16	ACT.19.17	5
40:16	PSA.22.26	4
40:16	PSA.105.3	4
40:16	ISA.65.13-ISA.65.14	4
40:16	LUK.1.46-LUK.1.47	4
40:16	PHP.3.7-PHP.3.9	4
40:16	PSA.119.111	3
40:16	PSA.119.166-PSA.119.167	3
40:16	MAT.13.45-MAT.13.46	3
40:16	PSA.119.81	2
40:17	PSA.70.5	19
40:17	HEB.13.6	18
40:17	ISA.41.17	16
40:17	PSA.34.6	15
40:17	1PE.5.7	15
40:17	PSA.54.4	11
40:17	PSA.86.1	11
40:17	PSA.40.5	10
40:17	PSA.143.7-PSA.143.8	10
40:17	ISA.50.7-ISA.50.9	10
40:17	1PE.2.23	10
40:17	PSA.69.33	9
40:17	JAS.2.5	9
40:17	REV.22.20	8
40:17	2CO.8.9	7
40:17	MAT.8.20	6
40:17	PSA.109.22	5
41:1	PRO.19.17	31
41:1	PRO.14.21	21
41:1	2CO.9.8-2CO.9.14	20
41:1	ACT.20.35	19
41:1	MAT.25.34-MAT.25.39	16
41:1	PSA.37.39-PSA.37.40	15
41:1	JAS.2.13	11
41:1	PSA.37.19	10
41:1	HEB.6.10	10
41:1	PSA.112.9	9
41:1	ISA.58.7-ISA.58.11	8
41:1	MRK.14.7	7
41:1	GAL.2.10	7
41:1	DEU.15.7-DEU.15.11	6
41:1	PSA.37.26	6
41:1	PSA.82.3-PSA.82.4	6
41:1	LUK.14.13-LUK.14.14	6
41:1	JOB.29.12-JOB.29.16	5
41:1	JOB.31.16-JOB.31.20	4
41:1	ECC.11.1-ECC.11.2	4
41:1	REV.3.10	4
41:1	PSA.34.19	3
41:1	PRO.16.14	3
41:1	ECC.12.1	3
41:1	1TH.5.14	3
41:2	JER.45.4-JER.45.5	13
41:2	PSA.27.12	12
41:2	1TI.4.8	10
41:2	PSA.33.19	9
41:2	PSA.37.32-PSA.37.33	9
41:2	PSA.37.22	8
41:2	PSA.91.3-PSA.91.7	8
41:2	PSA.128.1-PSA.128.6	8
41:2	PSA.140.8-PSA.140.9	8
41:3	2KI.20.5-2KI.20.6	17
41:3	PSA.73.26	15
41:3	PHP.2.26-PHP.2.27	15
41:3	2CO.4.16-2CO.4.17	12
41:3	2KI.1.16	6
41:3	2KI.1.6	5
41:4	PSA.103.3	24
41:4	JAS.5.15-JAS.5.16	8
41:4	HOS.6.1	6
41:4	2CH.30.18-2CH.30.20	5
41:4	PSA.6.2-PSA.6.4	4
41:4	PSA.32.5	4
41:4	PSA.147.3	4
41:4	PSA.51.1-PSA.51.4	1
41:5	PSA.102.8	5
41:5	PRO.10.7	5
41:5	PSA.38.12	4
41:5	JOB.20.7	3
41:5	JOB.18.17	2
41:5	PSA.22.6-PSA.22.8	2
41:6	PSA.12.2	8
41:6	LUK.11.53-LUK.11.54	6
41:6	PRO.26.24-PRO.26.26	5
41:6	LUK.20.20-LUK.20.23	4
41:6	NEH.6.1-NEH.6.14	2
41:6	JER.20.10	2
41:6	DAN.11.27	2
41:6	MIC.7.5-MIC.7.7	2
41:6	2CO.11.26	2
41:7	PRO.16.28	5
41:7	PSA.56.5-PSA.56.6	3
41:7	MAT.22.15	3
41:7	MAT.26.3-MAT.26.4	3
41:7	PSA.31.13	2
41:7	PRO.26.20	2
41:7	ROM.1.29	2
41:7	2CO.12.20	2
41:8	PSA.71.11	3
41:8	MAT.27.41-MAT.27.46	3
41:8	LUK.13.16	3
41:8	JOB.2.7-JOB.2.8	2
41:8	PSA.3.2	2
41:8	PSA.38.3-PSA.38.7	2
41:8	MAT.27.63-MAT.27.64	2
41:9	JHN.13.18	30
41:9	PSA.55.12-PSA.55.14	20
41:9	MAT.26.23	19
41:9	PSA.55.20-PSA.55.22	12
41:9	JHN.13.26-JHN.13.27	12
41:9	JOB.19.19	10
41:9	JER.20.10	10
41:9	2SA.15.12	8
41:9	OBA.1.7	8
41:9	MIC.7.5	7
41:9	JOB.19.13	6
41:9	DEU.32.15	5
41:10	LUK.19.27	1
41:10	PSA.3.3	0
41:10	PSA.18.37-PSA.18.42	0
41:10	PSA.21.8-PSA.21.10	0
41:10	PSA.57.1	0
41:10	PSA.69.22-PSA.69.28	0
41:10	PSA.109.6-PSA.109.21	0
41:11	COL.2.15	11
41:11	PSA.124.6	9
41:11	PSA.25.2	8
41:11	PSA.147.11	8
41:11	JER.20.13	8
41:11	PSA.31.8	7
41:11	PSA.86.17	7
41:11	PSA.13.4	6
41:11	PSA.35.25	6
41:12	JOB.36.7	7
41:12	PSA.73.23-PSA.73.24	5
41:12	PSA.34.15	4
41:12	PSA.37.17	4
41:12	JHN.17.24	4
41:12	PSA.25.21	3
41:12	PSA.63.8	3
41:12	PSA.16.11	2
41:12	PSA.17.15	2
41:12	PSA.94.18	2
41:13	PSA.72.18-PSA.72.19	22
41:13	EPH.1.3	17
41:13	REV.4.8	15
41:13	REV.5.9-REV.5.14	15
41:13	PSA.89.52	14
41:13	PSA.106.48	13
41:13	PSA.150.6	12
41:13	REV.7.12	11
41:13	1CH.29.10	9
41:13	1CH.16.36	8
41:13	MAT.6.13	8
41:13	DEU.27.15-DEU.27.26	6
41:13	JER.28.6	6
41:13	1CO.14.16	6
41:13	1KI.1.36	5
41:13	REV.11.17	5
41:13	REV.22.20	3
41:13	NUM.5.22	1
42:1	PSA.63.1-PSA.63.2	78
42:1	PSA.143.6-PSA.143.7	59
42:1	PSA.119.131	49
42:1	ISA.26.8-ISA.26.9	48
42:1	PSA.84.1-PSA.84.2	42
42:1	PSA.48.1	24
42:1	PSA.46.1	23
42:1	PSA.85.1	18
42:1	PSA.45.1	15
42:1	PSA.44.1	14
42:1	PSA.47.1	14
42:1	PSA.49.1	8
42:1	NUM.16.32	2
42:1	1CH.25.1-1CH.25.5	0
42:2	PSA.63.1	21
42:2	PSA.84.10	17
42:2	JHN.7.37	16
42:2	PSA.27.4	15
42:2	REV.22.1	13
42:2	PSA.36.8-PSA.36.9	11
42:2	PSA.84.2	11
42:2	PSA.84.4	8
42:2	JOB.23.3	7
42:2	PSA.43.4	7
42:2	JER.2.13	6
42:2	1TH.1.9	6
42:2	EXO.23.17	5
42:2	PSA.84.7	5
42:2	JHN.5.26	5
42:2	JOS.3.10	4
42:2	JER.10.10	4
42:2	DAN.6.26	4
42:3	PSA.79.10	10
42:3	PSA.115.2	9
42:3	JOL.2.17	8
42:3	PSA.42.10	7
42:3	PSA.80.5	6
42:3	PSA.102.9	5
42:3	PSA.79.12	3
42:3	MIC.7.10	3
42:3	2SA.16.12	2
42:3	PSA.3.2	2
42:3	PSA.22.8	2
42:4	ISA.30.29	6
42:4	1SA.1.15-1SA.1.16	4
42:4	PSA.62.8	4
42:4	PSA.122.1	4
42:4	JOB.29.2-JOB.30.31	3
42:4	PSA.55.14	3
42:4	PSA.100.4	3
42:4	NAM.1.15	3
42:4	DEU.16.11	2
42:4	DEU.16.14-DEU.16.15	2
42:4	RUT.1.21	2
42:4	1CH.15.15-1CH.15.28	2
42:4	1CH.16.1-1CH.16.43	2
42:4	2CH.7.10	2
42:4	2CH.30.23-2CH.30.26	2
42:4	PSA.81.1-PSA.81.3	2
42:4	LAM.2.19	2
42:4	LUK.16.25	2
42:4	LAM.4.1	1
42:5	PSA.37.7	61
42:5	HEB.10.36-HEB.10.37	40
42:5	PSA.61.2	34
42:5	MAT.1.23	29
42:5	PSA.27.13-PSA.27.14	28
42:5	PSA.56.3	24
42:5	LAM.3.24-LAM.3.26	24
42:5	PSA.43.5	18
42:5	PSA.42.11	16
42:5	NUM.6.26	14
42:5	1SA.30.6	14
42:5	ROM.4.18-ROM.4.20	14
42:5	JOB.13.15	12
42:5	PSA.55.4-PSA.55.5	11
42:5	PSA.71.14	11
42:5	PSA.56.11	10
42:5	ISA.50.10	10
42:5	PSA.44.3	8
42:5	PSA.77.3	8
42:5	PSA.91.15-PSA.91.16	7
42:5	PSA.142.2-PSA.142.3	7
42:5	PSA.143.3-PSA.143.4	7
42:5	MRK.14.33-MRK.14.34	7
42:5	PSA.35.14	6
42:5	MAT.28.20	6
42:5	MAT.26.38	3
42:5	PSA.38.6	2
42:6	PSA.61.2	20
42:6	JON.2.7	12
42:6	DEU.3.8-DEU.3.9	8
42:6	PSA.43.4	6
42:6	DEU.4.47-DEU.4.48	5
42:6	2SA.17.22	5
42:6	PSA.22.1	5
42:6	MAT.27.46	5
42:6	PSA.77.6-PSA.77.11	4
42:6	PSA.88.1-PSA.88.3	4
42:6	MAT.26.39	3
42:6	2SA.17.27	2
42:6	PSA.133.3	2
42:7	JON.2.3	14
42:7	PSA.69.14-PSA.69.15	10
42:7	PSA.88.7	9
42:7	LAM.3.53-LAM.3.55	6
42:7	JOB.1.14-JOB.1.19	3
42:7	PSA.88.15-PSA.88.17	3
42:7	JER.4.20	3
42:7	EZK.7.26	3
42:7	JOB.10.17	1
42:8	PSA.16.7	11
42:8	PSA.63.6	10
42:8	PSA.149.5	10
42:8	JOB.35.10	9
42:8	DEU.28.8	8
42:8	PSA.133.3	6
42:8	ACT.16.25	6
42:8	COL.3.3	6
42:8	PSA.44.4	5
42:8	MAT.8.8	5
42:8	PSA.27.1	4
42:8	PSA.57.3	4
42:8	PSA.77.6	4
42:8	ISA.30.29	4
42:8	PSA.32.7	3
42:8	LEV.25.21	2
42:9	PSA.38.6	6
42:9	PSA.18.2	4
42:9	PSA.43.2	4
42:9	PSA.28.1	3
42:9	PSA.44.23-PSA.44.24	3
42:9	PSA.62.2	3
42:9	ISA.40.27	3
42:9	LAM.5.1-LAM.5.16	3
42:9	JOB.30.26-JOB.30.31	2
42:9	PSA.13.1	2
42:9	PSA.22.1-PSA.22.2	2
42:9	PSA.55.3	2
42:9	PSA.62.6-PSA.62.7	2
42:9	PSA.77.9	2
42:9	PSA.78.35	2
42:9	PSA.88.9	2
42:9	ECC.4.1	2
42:9	ISA.49.15	2
42:10	PSA.42.3	8
42:10	JOL.2.17	4
42:10	PRO.12.18	3
42:10	LUK.2.35	3
42:10	MIC.7.10	2
42:11	PSA.42.5	27
42:11	JER.33.6	22
42:11	JER.30.17	21
42:11	PSA.43.5	20
42:11	MAT.9.12	8
43:1	PSA.35.1	10
43:1	PSA.7.8	9
43:1	PSA.26.1	9
43:1	1SA.24.15	7
43:1	PSA.35.24	6
43:1	PSA.5.6	5
43:1	PSA.71.4	5
43:1	MIC.7.9	4
43:1	1PE.2.23	4
43:1	2SA.16.20-2SA.17.4	3
43:1	PSA.75.7	3
43:1	PRO.22.23	3
43:1	PRO.23.11	3
43:1	1CO.4.4	3
43:1	2SA.15.31	2
43:2	PSA.28.7	9
43:2	PSA.42.9	9
43:2	EPH.6.10	7
43:2	PSA.94.14	6
43:2	ISA.40.31	6
43:2	PSA.44.9	5
43:2	EXO.15.2	4
43:2	1CH.28.9	4
43:2	PSA.71.9	4
43:2	PSA.77.7	4
43:2	PSA.140.7	4
43:2	ISA.45.24	4
43:2	ZEC.10.12	4
43:2	PHP.4.13	3
43:2	PSA.31.4	2
43:3	PSA.36.9	51
43:3	PRO.3.5-PRO.3.6	31
43:3	PSA.97.11	17
43:3	JHN.1.4	17
43:3	PSA.143.10	13
43:3	PSA.119.105	11
43:3	PSA.84.1	10
43:3	PSA.25.4-PSA.25.5	9
43:3	PSA.40.11	9
43:3	PSA.132.13-PSA.132.14	8
43:3	MIC.7.8	8
43:3	JHN.1.17	8
43:3	MIC.7.20	6
43:3	PSA.3.4	5
43:3	PSA.57.3	5
43:3	1CH.16.1	3
43:3	PSA.2.6	3
43:3	PSA.42.4	3
43:3	PSA.46.4	3
43:3	PSA.68.15-PSA.68.16	3
43:3	PSA.78.68	3
43:3	2SA.15.20	2
43:3	1CH.16.39	2
43:3	1CH.21.29	1
43:4	ISA.61.10	13
43:4	HAB.3.17-HAB.3.18	12
43:4	PSA.66.13-PSA.66.15	9
43:4	PSA.57.8	8
43:4	PSA.71.22-PSA.71.23	7
43:4	PSA.116.12-PSA.116.19	7
43:4	PSA.33.2	6
43:4	PSA.42.6	5
43:4	PSA.81.2	5
43:4	2SA.6.5	4
43:4	PSA.26.6	4
43:4	ROM.5.11	3
43:4	REV.5.8	1
43:5	PSA.42.5	16
43:5	PSA.42.11	11
44:1	PSA.78.3-PSA.78.6	9
44:1	EXO.13.14-EXO.13.15	8
44:1	DEU.6.20	5
44:1	JDG.6.13	5
44:1	JOL.1.3	5
44:1	PSA.42.1	4
44:1	PSA.77.5	4
44:1	NUM.21.14-NUM.21.16	3
44:1	PSA.22.31	3
44:1	PSA.105.1-PSA.105.2	3
44:1	ISA.38.19	3
44:1	EXO.12.24-EXO.12.27	2
44:1	NUM.21.27-NUM.21.30	2
44:1	JOB.8.8-JOB.8.9	2
44:1	JOB.15.17-JOB.15.19	2
44:1	PSA.71.18	2
44:2	EXO.15.17	7
44:2	PSA.78.55	6
44:2	JOS.11.23	4
44:2	JOS.21.43	4
44:2	2SA.7.10	4
44:2	EXO.34.11	3
44:2	PSA.80.8-PSA.80.11	3
44:2	PSA.135.10-PSA.135.12	3
44:2	EXO.15.19	2
44:2	EXO.23.28	2
44:2	NUM.13.32	2
44:2	DEU.7.1	2
44:2	JOS.3.10	2
44:2	JOS.10.11	2
44:2	JOS.10.42	2
44:2	JOS.24.12	2
44:2	1SA.5.6-1SA.5.7	2
44:2	NEH.9.22-NEH.9.27	2
44:2	PSA.105.44	2
44:2	PSA.136.17-PSA.136.22	2
44:3	DEU.7.7-DEU.7.8	17
44:3	DEU.8.17-DEU.8.18	15
44:3	JOS.24.12	10
44:3	ZEC.4.6	8
44:3	2CO.4.7	7
44:3	EXO.15.16	6
44:3	DEU.4.37-DEU.4.38	6
44:3	PSA.20.6	6
44:3	PSA.77.15	6
44:3	DEU.10.15	5
44:3	PSA.42.5	5
44:3	PSA.42.11	5
44:3	1SA.12.22	4
44:3	NUM.14.8	3
44:3	PSA.4.6	3
44:3	PSA.17.7	3
44:3	PSA.74.11	3
44:3	ISA.63.12	3
44:3	ROM.9.10-ROM.9.15	3
44:3	PSA.80.16	2
44:3	MAL.1.2-MAL.1.3	2
44:4	PSA.42.8	7
44:4	PSA.74.12	7
44:4	PSA.89.18	3
44:4	PSA.149.2	3
44:4	MRK.9.25	3
44:4	ISA.33.22	2
44:4	MRK.1.25-MRK.1.26	2
44:4	MRK.1.31	2
44:4	MRK.1.41	2
44:5	PSA.108.13	15
44:5	PSA.60.12	13
44:5	PSA.118.10-PSA.118.13	12
44:5	PHP.4.13	9
44:5	DEU.33.17	8
44:5	DAN.8.4	7
44:5	ZEC.10.5	7
44:5	PSA.91.13	6
44:5	ISA.41.14-ISA.41.16	6
44:5	1KI.22.11	4
44:5	ROM.16.20	4
44:5	PSA.18.39-PSA.18.42	3
44:6	1SA.17.47	8
44:6	PSA.20.7	8
44:6	HOS.1.7	8
44:6	PSA.33.16-PSA.33.17	5
44:7	PSA.136.24	5
44:7	PSA.140.7	5
44:7	JOS.1.5	4
44:7	JOS.23.9-JOS.23.10	4
44:7	PSA.132.18	4
44:7	JOS.10.42	3
44:7	PSA.40.14	3
44:7	PSA.53.5	3
44:7	PSA.83.1-PSA.83.18	3
44:7	PSA.144.10	3
44:7	JOS.10.8-JOS.10.10	2
44:7	JOS.11.6	2
44:7	JDG.2.18	2
44:7	JDG.7.4-JDG.7.7	2
44:7	1SA.7.8-1SA.7.12	2
44:7	1SA.14.6-1SA.14.10	2
44:7	1SA.17.47	2
44:7	2SA.7.10	2
44:8	PSA.34.2	9
44:8	JER.9.24	7
44:8	1CO.1.29-1CO.1.31	6
44:8	ROM.2.17	5
44:8	PSA.30.12	4
44:8	ISA.45.25	4
44:8	PSA.115.1-PSA.115.18	3
44:9	PSA.60.10	8
44:9	PSA.74.1	8
44:9	PSA.60.1	6
44:9	PSA.108.11	6
44:9	PSA.43.2	5
44:9	PSA.89.38-PSA.89.45	3
44:9	JER.33.24-JER.33.26	3
44:9	LAM.3.31-LAM.3.32	3
44:9	ROM.11.1-ROM.11.6	3
44:9	PSA.80.12-PSA.80.13	2
44:9	PSA.88.14	2
44:10	LEV.26.17	5
44:10	JOS.7.8	5
44:10	JOS.7.12	4
44:10	PSA.89.41	4
44:10	DEU.28.25	3
44:10	ISA.10.6	3
44:10	LEV.26.14	2
44:10	LEV.26.36-LEV.26.37	2
44:10	1SA.4.17	2
44:10	1SA.31.1-1SA.31.7	2
44:10	ISA.10.14	2
44:10	JER.15.13	2
44:10	JER.20.8	2
44:11	DEU.4.27	6
44:11	DEU.28.64	5
44:11	EZK.34.12	4
44:11	ROM.8.36	4
44:11	ISA.11.11-ISA.11.12	3
44:11	JER.32.37	3
44:11	2KI.17.6	2
44:11	PSA.14.4	2
44:11	PSA.60.1	2
44:11	PSA.106.27	2
44:11	JER.12.3	2
44:11	LUK.21.24	2
44:12	JER.15.13	7
44:12	DEU.32.30	5
44:12	ISA.52.3-ISA.52.4	4
44:12	JDG.2.14	3
44:12	JDG.3.8	3
44:12	ISA.50.1	3
44:12	NEH.5.8-NEH.5.12	2
44:12	REV.18.13	2
44:13	PSA.79.4	6
44:13	PSA.80.6	5
44:13	JER.24.9	4
44:13	DEU.28.37	3
44:13	PSA.89.41	2
44:13	PSA.89.51	2
44:13	PSA.123.3-PSA.123.4	2
44:13	JER.48.27	2
44:13	EZK.36.19-EZK.36.23	2
44:14	JER.24.9	7
44:14	DEU.28.37	3
44:14	2KI.19.21	3
44:14	JOB.16.4	3
44:14	JOB.17.6	3
44:14	LAM.2.15-LAM.2.17	3
44:14	1KI.9.7	2
44:14	2CH.7.20	2
44:14	PSA.22.7	2
44:14	PSA.109.25	2
44:14	ISA.37.22	2
44:15	PSA.69.7	4
44:15	JOS.7.7-JOS.7.9	3
44:15	2CH.32.21	3
44:15	PSA.71.13	3
44:15	JER.51.51	3
44:15	EZR.9.6	2
44:15	PSA.89.45	2
44:15	JER.3.25	2
44:16	PSA.8.2	4
44:16	PSA.74.10	3
44:16	PSA.74.18	3
44:16	PSA.74.22-PSA.74.23	3
44:16	PSA.79.12	2
44:16	ISA.37.3-ISA.37.4	2
44:16	ISA.37.17	2
44:16	ISA.37.23-ISA.37.24	2
44:17	DAN.9.13	5
44:17	DEU.6.12	3
44:17	DEU.8.14	3
44:17	PSA.9.17	2
44:17	PSA.44.20	2
44:17	PSA.78.7	2
44:17	PSA.78.57	2
44:17	ISA.17.10	2
44:17	JER.2.32	2
44:17	JER.31.32	2
44:17	EZK.16.59	2
44:17	EZK.20.37	2
44:18	PSA.119.51	7
44:18	PSA.119.157	6
44:18	JOB.23.11-JOB.23.12	5
44:18	PSA.78.57	5
44:18	ZEP.1.6	5
44:18	1KI.15.5	4
44:18	JOB.34.27	4
44:18	PSA.125.5	4
44:18	JER.11.10	4
44:18	LUK.17.32	4
44:18	1CO.15.58	4
44:18	1TH.2.10	0
44:19	PSA.23.4	6
44:19	JOB.3.5	5
44:19	JOB.30.29	3
44:19	PSA.51.8	3
44:19	ISA.34.13-ISA.34.14	3
44:19	JER.14.17	3
44:19	PSA.38.8	2
44:19	PSA.60.1-PSA.60.3	2
44:19	PSA.74.13-PSA.74.14	2
44:19	ISA.27.1	2
44:19	ISA.35.7	2
44:19	EZK.29.3	2
44:19	MAT.4.16	2
44:19	REV.12.9	2
44:19	REV.13.2	2
44:19	REV.13.11-REV.13.13	2
44:19	REV.16.10	2
44:19	JOB.10.21-JOB.10.22	1
44:20	PSA.81.9	5
44:20	JOB.11.13	4
44:20	DEU.6.14	3
44:20	JOB.31.5-JOB.31.40	3
44:20	PSA.7.3-PSA.7.5	3
44:20	PSA.68.31	3
44:20	EXO.9.29	2
44:20	1KI.8.22	2
44:20	PSA.44.17	2
44:20	PSA.78.11	2
44:21	JER.17.10	14
44:21	JER.23.24	9
44:21	JOB.34.21-JOB.34.22	8
44:21	ECC.12.14	8
44:21	JOB.31.4	7
44:21	HEB.4.12-HEB.4.13	7
44:21	PSA.139.1-PSA.139.24	6
44:21	1CO.4.5	6
44:21	JOS.22.22-JOS.22.23	4
44:21	JOB.31.14	4
44:21	ROM.2.16	4
44:21	REV.2.23	3
44:22	ROM.8.36	25
44:22	ISA.53.7	11
44:22	PSA.44.11	8
44:22	JHN.15.21	6
44:22	JHN.16.2-JHN.16.3	6
44:22	1CO.4.9	6
44:22	MAT.5.10-MAT.5.12	5
44:22	1CO.15.30-1CO.15.31	5
44:22	1SA.22.17-1SA.22.19	4
44:22	1KI.19.10	4
44:22	PSA.79.2-PSA.79.3	3
44:22	REV.11.3-REV.11.9	3
44:22	REV.17.6	3
44:23	PSA.7.6	4
44:23	PSA.78.65	4
44:23	PSA.35.23	3
44:23	PSA.74.1	3
44:23	PSA.77.7	3
44:23	PSA.88.14	3
44:23	PSA.12.5	2
44:23	PSA.44.9	2
44:23	PSA.59.4-PSA.59.5	2
44:23	ISA.51.9	2
44:23	MRK.4.38	2
44:24	JOB.13.24	6
44:24	DEU.32.20	4
44:24	PSA.42.9	3
44:24	EXO.2.23-EXO.2.24	2
44:24	PSA.10.1	2
44:24	PSA.10.11	2
44:24	PSA.13.1	2
44:24	PSA.43.1-PSA.43.4	2
44:24	PSA.74.23	2
44:24	PSA.74.19	1
44:24	ISA.40.27-ISA.40.28	1
44:24	REV.6.9-REV.6.10	1
44:25	PSA.119.25	6
44:25	PSA.66.11-PSA.66.12	3
44:25	ISA.51.23	3
44:25	LAM.4.5	3
44:26	PSA.130.7-PSA.130.8	9
44:26	PSA.25.22	8
44:26	PSA.26.11	6
44:26	PSA.35.2	5
45:1	PSA.49.3	16
45:1	2SA.23.2	15
45:1	JOB.33.3	14
45:1	PRO.16.23	12
45:1	JOB.32.18-JOB.32.20	11
45:1	SNG.1.1-SNG.1.7	8
45:1	ISA.5.1	8
45:1	2PE.1.21	8
45:1	PSA.24.7-PSA.24.10	7
45:1	PRO.8.6-PRO.8.9	7
45:1	JOB.34.4	6
45:1	PSA.2.6	6
45:1	PSA.69.1	6
45:1	SNG.1.12	6
45:1	MAT.25.34	6
45:1	EPH.5.32	6
45:1	EZR.7.6	5
45:1	MAT.27.37	5
45:1	PSA.80.1	4
45:1	PSA.110.1-PSA.110.2	4
45:1	ISA.32.1-ISA.32.2	4
45:1	MAT.12.35	4
45:2	LUK.4.22	18
45:2	SNG.5.10-SNG.5.16	15
45:2	PSA.21.6	13
45:2	JHN.7.46	13
45:2	HEB.7.26	12
45:2	SNG.2.3	9
45:2	JHN.1.14	9
45:2	PSA.72.17-PSA.72.19	8
45:2	PRO.22.11	8
45:2	MAT.17.2	7
45:2	REV.1.13-REV.1.18	7
45:2	ISA.61.1	6
45:2	ZEC.9.17	6
45:2	ISA.50.4	5
45:2	PHP.2.9-PHP.2.11	4
45:2	HEB.1.3-HEB.1.4	4
45:2	COL.1.15-COL.1.18	3
45:3	HEB.4.12	8
45:3	ISA.49.2	5
45:3	REV.1.16	5
45:3	REV.19.15	4
45:3	PSA.21.5	3
45:3	PSA.96.6	3
45:3	ISA.63.1-ISA.63.6	3
45:3	PSA.104.1	2
45:3	PSA.145.5	2
45:3	PSA.145.12	2
45:3	ROM.14.9	2
45:3	HEB.1.3	2
45:3	HEB.8.1	2
45:3	JUD.1.25	2
45:3	ISA.9.6-ISA.9.7	1
45:3	ACT.10.36	1
45:3	REV.19.21	1
45:4	PSA.65.5	6
45:4	REV.6.2	4
45:4	REV.19.11	4
45:4	ISA.59.17-ISA.59.18	3
45:4	ZEC.9.9	3
45:4	MAT.11.29	3
45:4	PSA.2.9	2
45:4	PSA.21.8-PSA.21.9	2
45:4	PSA.60.4	2
45:4	PSA.110.2-PSA.110.3	2
45:4	ISA.63.1-ISA.63.6	2
45:4	MAT.12.19-MAT.12.20	2
45:4	LUK.19.27	2
45:4	JHN.1.17	2
45:4	JHN.14.6	2
45:4	2CO.10.1	2
45:4	1TH.1.5	2
45:4	1TH.2.13	2
45:4	2TH.1.8-2TH.1.9	2
45:4	2TH.3.1	2
45:4	REV.6.16-REV.6.17	2
45:4	REV.11.18	2
45:4	REV.19.17-REV.19.21	2
45:4	PSA.110.5-PSA.110.6	1
45:4	REV.20.15	1
45:5	PSA.21.12	7
45:5	NUM.24.8	6
45:5	PSA.38.2	6
45:5	PSA.22.27	4
45:5	ZEC.9.13-ZEC.9.14	4
45:5	PSA.66.3-PSA.66.4	3
45:5	ROM.15.18-ROM.15.19	3
45:5	PSA.2.1-PSA.2.9	2
45:5	LUK.19.42-LUK.19.44	2
45:5	ACT.4.4	2
45:5	ACT.6.7	2
45:5	LUK.20.18-LUK.20.19	1
45:5	ACT.2.37	1
45:5	ACT.2.41	1
45:5	ACT.5.14	1
45:5	ACT.5.33	1
45:5	ACT.7.54	1
45:6	HEB.1.8-HEB.1.9	22
45:6	PSA.93.2	18
45:6	JHN.1.1	13
45:6	ISA.9.6-ISA.9.7	12
45:6	JER.23.5-JER.23.6	7
45:6	JER.33.15-JER.33.16	7
45:6	PSA.145.13	6
45:6	PSA.89.29	4
45:6	PSA.89.36-PSA.89.37	4
45:6	DAN.2.44	4
45:6	LUK.1.32-LUK.1.33	4
45:6	1TI.3.16	4
45:6	PSA.72.1-PSA.72.20	3
45:6	REV.19.11	3
45:6	2SA.23.4	2
45:6	PSA.98.9	2
45:7	HEB.1.9	36
45:7	PSA.21.6	27
45:7	ISA.61.1-ISA.61.3	24
45:7	PSA.33.5	21
45:7	EPH.1.3	13
45:7	COL.1.18-COL.1.19	13
45:7	LUK.4.18-LUK.4.21	12
45:7	JHN.3.34	11
45:7	PSA.89.20	9
45:7	PSA.101.8	9
45:7	ACT.2.28	9
45:7	PSA.99.4	8
45:7	PSA.11.7	7
45:7	PSA.2.2	6
45:7	PSA.89.26	6
45:7	PSA.101.3-PSA.101.4	6
45:7	MAT.3.15	6
45:7	LUK.3.22	6
45:7	JHN.1.16	6
45:7	ROM.8.29	6
45:7	LEV.8.12	5
45:7	1KI.1.39-1KI.1.40	5
45:7	1KI.19.16	5
45:7	JHN.20.17	4
45:7	HEB.2.14	4
45:7	HEB.7.26	4
45:7	REV.21.27	4
45:7	1SA.16.13	3
45:7	LUK.13.27	2
45:7	MAT.7.23	1
45:8	SNG.1.3	9
45:8	JHN.19.39	5
45:8	2CO.2.14-2CO.2.16	5
45:8	SNG.4.6	4
45:8	MAT.2.11	4
45:8	EXO.30.23-EXO.30.24	2
45:8	PSA.16.11	2
45:8	SNG.5.1	2
45:8	1KI.22.39	1
45:8	PSA.150.4	1
45:8	SNG.1.13	1
45:8	SNG.3.6	1
45:8	SNG.4.13-SNG.4.14	1
45:8	SNG.5.5	1
45:8	SNG.5.13	1
45:8	AMO.3.15	1
45:8	JHN.14.2	1
45:8	HEB.12.2	1
45:8	PSA.45.15	0
45:9	1KI.2.19	8
45:9	REV.21.9	8
45:9	EPH.5.26-EPH.5.27	6
45:9	REV.19.7	6
45:9	REV.21.2	6
45:9	SNG.6.8-SNG.6.9	5
45:9	SNG.7.1	5
45:9	ISA.60.10-ISA.60.11	5
45:9	JHN.3.29	5
45:9	JOB.22.24	4
45:9	PSA.45.13	4
45:9	ISA.49.23	4
45:9	REV.21.24	4
45:9	1KI.2.9	3
45:9	1KI.10.11	3
45:9	PSA.72.10	3
45:9	SNG.4.8-SNG.4.11	3
45:10	SNG.2.10-SNG.2.13	21
45:10	GEN.12.1	19
45:10	MAT.10.37	14
45:10	MAT.19.29	14
45:10	2CO.6.17-2CO.7.1	13
45:10	GEN.2.24	11
45:10	DEU.21.13	11
45:10	DEU.33.9	10
45:10	LUK.14.26	10
45:10	2CO.5.16	10
45:10	ISA.55.1-ISA.55.3	7
45:11	PSA.95.6	17
45:11	ISA.54.5	16
45:11	SNG.4.1-SNG.4.5	13
45:11	ZEP.3.17	11
45:11	PHP.2.10-PHP.2.11	10
45:11	SNG.1.8	8
45:11	LUK.24.52	8
45:11	PSA.45.6	7
45:11	PHP.3.8	7
45:11	PSA.2.12	6
45:11	SNG.2.2	6
45:11	SNG.4.7	6
45:11	SNG.4.9-SNG.4.10	6
45:11	SNG.6.4	6
45:11	SNG.7.1-SNG.7.10	6
45:11	ISA.62.4-ISA.62.5	6
45:11	JER.23.5-JER.23.6	6
45:11	JHN.4.21-JHN.4.22	6
45:11	JHN.20.28	6
45:11	ACT.10.36	6
45:11	ROM.14.9	6
45:11	SNG.1.12-SNG.1.16	5
45:11	EPH.5.26-EPH.5.27	5
45:11	SNG.2.14	4
45:11	REV.5.8-REV.5.14	4
45:12	PSA.22.29	11
45:12	ISA.60.3	7
45:12	PSA.72.10	5
45:12	ISA.23.17-ISA.23.18	5
45:12	ISA.49.23	5
45:12	MAT.2.11	5
45:12	PSA.68.29	4
45:12	ISA.60.10-ISA.60.11	4
45:12	ISA.60.6-ISA.60.7	3
45:12	ACT.21.3-ACT.21.6	3
45:13	ISA.61.10	9
45:13	REV.19.7-REV.19.8	9
45:13	MAT.5.16	7
45:13	LUK.11.40	7
45:13	ROM.3.22	7
45:13	ROM.13.14	7
45:13	2CO.5.17	4
45:13	1PE.2.9	4
45:13	REV.3.18	4
45:13	1SA.16.7	3
45:13	PSA.45.9-PSA.45.10	3
45:13	SNG.7.1	3
45:13	1PE.3.3-1PE.3.4	3
45:13	MAT.22.11-MAT.22.12	2
45:13	ROM.2.29	2
45:14	SNG.8.13	5
45:14	2CO.11.2	5
45:14	EXO.28.39	4
45:14	SNG.1.3-SNG.1.5	4
45:14	SNG.2.7	4
45:14	SNG.6.1	4
45:14	SNG.6.8	4
45:14	SNG.6.13	4
45:14	JDG.5.30	3
45:14	SNG.5.8-SNG.5.9	3
45:14	JHN.17.24	3
45:14	REV.14.1-REV.14.4	3
45:15	REV.7.15-REV.7.17	4
45:15	ISA.35.10	3
45:15	ISA.61.10	3
45:15	JUD.1.24	3
45:15	ISA.55.12-ISA.55.13	2
45:15	ISA.56.5	2
45:15	ISA.60.19-ISA.60.20	2
45:15	REV.3.12	2
45:15	REV.3.21	2
45:15	ISA.51.11	1
45:15	JHN.14.3	1
45:16	REV.5.10	7
45:16	1PE.2.9	6
45:16	REV.1.6	6
45:16	ISA.60.1-ISA.60.5	4
45:16	PSA.22.30	3
45:16	ISA.49.21-ISA.49.22	3
45:16	ISA.54.1-ISA.54.5	3
45:16	MAT.19.29	3
45:16	MRK.10.29-MRK.10.30	3
45:16	PHP.3.7-PHP.3.8	3
45:16	REV.20.6	3
45:16	GAL.4.26-GAL.4.27	2
45:17	ISA.62.3	8
45:17	MAL.1.11	8
45:17	PSA.72.17-PSA.72.19	7
45:17	ISA.61.9	6
45:17	PSA.22.30-PSA.22.31	4
45:17	PSA.138.4	4
45:17	SNG.6.9	4
45:17	ISA.59.21	4
45:17	MAT.26.13	4
45:17	PSA.145.4-PSA.145.7	3
45:17	1CO.11.26	3
46:1	PSA.145.18	142
46:1	PSA.9.9	139
46:1	PRO.18.10	115
46:1	PSA.62.7-PSA.62.8	107
46:1	PSA.91.1-PSA.91.9	83
46:1	PSA.142.5	59
46:1	DEU.4.7	57
46:1	PSA.46.11	57
46:1	PRO.14.26	55
46:1	2SA.22.17-2SA.22.20	46
46:1	HEB.6.18	45
46:1	PSA.46.7	38
46:1	GEN.22.14	37
46:1	PSA.14.6	24
46:1	LUK.13.34	17
46:1	PSA.66.1	16
46:1	PSA.84.1	16
46:1	PSA.85.1	15
46:1	PSA.48.1	11
46:1	PSA.87.1	9
46:2	PSA.23.4	21
46:2	HEB.13.6	19
46:2	PSA.27.3	14
46:2	LUK.21.9-LUK.21.11	12
46:2	MAT.21.21	11
46:2	LUK.21.33	10
46:2	PSA.18.7	9
46:2	PSA.82.5	8
46:2	2PE.3.10-2PE.3.14	8
46:2	LUK.21.25-LUK.21.28	7
46:2	GEN.7.11-GEN.7.12	6
46:2	MAT.8.24-MAT.8.26	5
46:3	PSA.93.3-PSA.93.4	10
46:3	JER.5.22	10
46:3	JOB.9.5-JOB.9.6	7
46:3	JDG.5.4-JDG.5.5	6
46:3	MIC.1.4	6
46:3	NAM.1.5	6
46:3	PSA.114.4-PSA.114.7	5
46:3	REV.16.20	5
46:3	JOB.38.11	4
46:3	PSA.18.4	4
46:3	ISA.5.3	4
46:3	MAT.7.25	4
46:3	1KI.19.11	3
46:3	ISA.17.12-ISA.17.13	3
46:3	JER.4.24	3
46:3	REV.17.15	3
46:4	REV.22.1-REV.22.3	28
46:4	EZK.47.1-EZK.47.12	14
46:4	PSA.36.8-PSA.36.9	11
46:4	PSA.48.8	8
46:4	PSA.87.3	8
46:4	2CH.6.6	7
46:4	ISA.60.14	7
46:4	PSA.23.2	6
46:4	PSA.65.9	6
46:4	REV.21.2-REV.21.3	6
46:4	ISA.48.18	5
46:4	ISA.8.6-ISA.8.7	4
46:4	HEB.12.22	4
46:4	PSA.43.3	2
46:4	PSA.48.1	2
46:4	PSA.91.1	2
46:4	PSA.92.1	2
46:4	MIC.6.6	2
46:4	REV.21.10	2
46:4	PSA.92.8	1
46:4	ECC.5.8	1
46:4	ISA.37.35-ISA.37.36	0
46:5	ZEC.2.5	47
46:5	JOL.2.27	32
46:5	ZEP.3.15	32
46:5	ZEC.2.10-ZEC.2.11	25
46:5	PSA.62.2	24
46:5	EZK.43.7	24
46:5	ISA.12.6	23
46:5	PSA.112.6	20
46:5	MAT.18.20	19
46:5	DEU.23.14	18
46:5	PSA.30.5	18
46:5	ZEC.8.3	18
46:5	PSA.62.6	17
46:5	PSA.37.40	16
46:5	EZK.43.9	16
46:5	HOS.11.9	14
46:5	LUK.18.8	14
46:5	PSA.125.1	11
46:5	PSA.143.8	11
46:5	EXO.14.24	10
46:5	REV.2.1	10
46:5	EXO.14.27	9
46:5	PSA.68.18	9
46:6	AMO.9.5	9
46:6	PSA.18.13	7
46:6	NAM.1.5	6
46:6	HAB.3.5-HAB.3.6	6
46:6	MIC.1.4	5
46:6	PSA.2.1-PSA.2.4	4
46:6	JOL.2.11	4
46:6	AMO.9.13	4
46:6	2PE.3.10-2PE.3.12	4
46:6	JOS.2.9	3
46:6	JOS.2.11	3
46:6	JOS.2.24	3
46:6	2CH.14.9-2CH.14.13	3
46:6	2CH.20.1	3
46:6	2CH.20.20-2CH.20.24	3
46:6	PSA.68.8	3
46:6	PSA.68.33	3
46:6	PSA.83.2-PSA.83.8	3
46:6	PSA.97.5	3
46:6	ISA.8.9-ISA.8.10	3
46:6	ISA.14.12-ISA.14.16	3
46:6	ISA.37.21-ISA.37.36	3
46:6	ISA.64.1-ISA.64.2	3
46:6	JER.25.30	3
46:6	AMO.1.2	3
46:6	HAB.3.10-HAB.3.11	3
46:6	REV.6.13-REV.6.14	3
46:6	REV.20.11	2
46:7	ROM.8.31	18
46:7	PSA.9.9	17
46:7	NUM.14.9	16
46:7	2CH.13.12	15
46:7	MAT.28.20	12
46:7	ISA.8.10	11
46:7	2TI.4.22	8
46:7	PSA.46.11	6
46:8	PSA.66.5	13
46:8	ISA.24.1	10
46:8	PSA.92.4-PSA.92.6	8
46:8	ISA.61.4	8
46:8	ISA.34.2-ISA.34.17	7
46:8	PSA.111.2-PSA.111.3	6
46:8	EXO.12.30	5
46:8	JOS.11.20	5
46:8	2CH.20.23-2CH.20.24	5
46:8	EXO.10.7	3
46:8	NUM.23.23	3
46:8	EXO.14.30-EXO.14.31	1
46:9	ISA.2.4	18
46:9	MIC.4.3-MIC.4.4	13
46:9	MIC.5.10	11
46:9	JOS.11.9	10
46:9	ISA.60.18	10
46:9	1SA.2.4	9
46:9	PSA.76.3-PSA.76.6	9
46:9	ISA.11.9	9
46:9	JOS.11.6	7
46:9	EZK.39.3	7
46:9	EZK.39.9-EZK.39.10	5
46:10	PSA.100.3	212
46:10	HAB.2.20	145
46:10	EZK.38.23	126
46:10	ZEC.2.13	116
46:10	PSA.83.18	112
46:10	PSA.57.5	96
46:10	ISA.2.17	96
46:10	1CH.29.11	79
46:10	PSA.21.13	76
46:10	ISA.5.16	66
46:10	ISA.2.11	58
46:10	EXO.18.11	56
46:10	1KI.18.36	53
46:10	1SA.17.46	50
46:10	REV.15.3-REV.15.4	48
46:10	2KI.19.12	22
46:11	DEU.33.27	11
46:11	JER.16.19	10
46:11	PSA.46.1	7
46:11	PSA.46.7	7
46:11	PSA.48.3	6
47:1	PSA.98.4	14
47:1	PSA.106.47	12
47:1	JER.31.7	12
47:1	PSA.46.1	10
47:1	REV.19.1-REV.19.2	8
47:1	2SA.6.15	7
47:1	PSA.47.5	7
47:1	ZEC.9.9	7
47:1	2KI.11.12	6
47:1	EZR.3.11-EZR.3.13	6
47:1	ISA.55.12	6
47:1	ZEC.4.7	6
47:1	1SA.10.24	5
47:1	2CH.13.15	5
47:1	PSA.98.8	5
47:1	LUK.19.37-LUK.19.40	5
47:1	ZEP.3.14	4
47:2	PSA.95.3	9
47:2	PSA.99.3	8
47:2	MAL.1.14	7
47:2	DEU.7.21	6
47:2	PSA.66.3-PSA.66.5	6
47:2	PSA.68.35	6
47:2	NEH.1.5	5
47:2	PSA.47.7	5
47:2	PSA.65.5	5
47:2	PSA.22.27-PSA.22.29	4
47:2	MAT.28.18	4
47:2	PHP.2.9-PHP.2.11	4
47:2	REV.6.16-REV.6.17	4
47:2	PSA.76.12	3
47:2	PSA.145.6	3
47:2	DAN.7.13-DAN.7.14	3
47:2	NAM.1.6-NAM.1.7	3
47:2	DEU.28.58	2
47:3	PSA.18.47	5
47:3	1CO.15.25	5
47:3	PSA.81.14	4
47:3	PSA.110.1	3
47:3	JOS.10.24-JOS.10.25	2
47:3	PHP.3.21	2
47:3	DEU.33.29	1
47:3	JOS.21.44	0
47:4	1PE.1.4	8
47:4	AMO.6.8	5
47:4	NAM.2.2	5
47:4	HOS.14.4	4
47:4	AMO.8.7	4
47:4	1JN.4.9-1JN.4.10	4
47:4	DEU.7.6-DEU.7.8	3
47:4	ISA.60.15	3
47:4	JER.3.19	3
47:4	EPH.2.4-EPH.2.5	3
47:4	DEU.11.12	2
47:4	DEU.33.3	2
47:4	PSA.16.3	2
47:4	EZK.20.6	2
47:4	MAL.1.2	2
47:4	MAT.25.34	2
47:4	1CO.3.22-1CO.3.23	2
47:4	EPH.1.18	2
47:5	PSA.68.33	6
47:5	PSA.24.7-PSA.24.10	5
47:5	PSA.78.65	5
47:5	1CO.15.52	5
47:5	1TH.4.16	5
47:5	REV.11.15	5
47:5	NUM.10.1-NUM.10.10	4
47:5	NUM.23.21	4
47:5	JOS.6.5	4
47:5	2SA.6.15	4
47:5	PSA.68.24-PSA.68.25	4
47:5	PSA.150.3	4
47:5	REV.8.6-REV.8.13	4
47:5	1CH.15.24	3
47:5	1CH.15.28	3
47:5	1CH.16.42	3
47:5	PSA.68.17-PSA.68.19	3
47:5	PSA.81.3	3
47:5	PSA.98.6	3
47:5	LUK.24.51-LUK.24.53	3
47:5	ACT.1.5-ACT.1.11	3
47:5	1TI.3.16	3
47:5	EPH.4.8-EPH.4.10	2
47:6	ISA.12.4-ISA.12.6	8
47:6	MAT.25.34	8
47:6	PSA.68.4	7
47:6	PSA.117.1-PSA.117.2	7
47:6	1CH.16.9	6
47:6	PSA.145.1	6
47:6	ISA.33.22	6
47:6	MAT.27.37	6
47:6	1CH.29.20	5
47:6	PSA.89.18	5
47:6	PSA.96.1-PSA.96.2	4
47:6	PSA.149.1-PSA.149.3	3
47:6	ZEC.9.9	2
47:6	EXO.15.21	1
47:7	ZEC.14.9	11
47:7	COL.3.16	5
47:7	PSA.47.8	4
47:7	PSA.47.2	3
47:7	REV.11.15	3
47:7	1CO.14.14-1CO.14.15	2
47:8	1CH.16.31	9
47:8	REV.19.6	6
47:8	PSA.45.6-PSA.45.7	4
47:8	PSA.93.1	4
47:8	PSA.9.4	3
47:8	PSA.22.27-PSA.22.29	3
47:8	PSA.89.14	3
47:8	PSA.96.10	3
47:8	PSA.99.1	3
47:8	PSA.110.6	3
47:8	REV.20.11	3
47:8	PSA.48.1	2
47:8	PSA.94.20	2
47:8	PSA.97.1	2
47:8	HEB.4.16	2
47:9	PSA.89.18	12
47:9	GEN.49.10	9
47:9	PSA.72.7-PSA.72.9	8
47:9	GEN.17.7-GEN.17.8	5
47:9	EXO.3.6	5
47:9	ISA.41.8-ISA.41.10	4
47:9	EXO.3.15	3
47:9	PSA.46.10	3
47:9	PRO.30.5	3
47:9	MAT.22.32	3
47:9	GAL.3.29	3
47:9	PSA.72.11	2
47:9	PSA.97.9	2
47:9	PSA.110.2-PSA.110.3	2
47:9	ROM.4.11-ROM.4.12	2
47:9	ISA.11.10	1
47:9	ISA.49.7	1
47:9	ISA.49.23	1
47:9	ISA.60.4-ISA.60.5	1
47:9	ISA.66.19-ISA.66.20	1
47:9	ROM.11.25	1
48:1	MIC.4.1	13
48:1	ZEC.8.3	12
48:1	ISA.2.2-ISA.2.3	11
48:1	PSA.96.4	10
48:1	PSA.46.4	9
48:1	PSA.145.3	8
48:1	REV.21.2	6
48:1	PSA.87.3	5
48:1	PSA.2.6	4
48:1	PSA.46.1	4
48:1	PSA.47.8	4
48:1	PSA.65.1	4
48:1	PSA.78.68	4
48:1	PSA.86.10	4
48:1	PSA.87.1	4
48:1	PSA.99.3-PSA.99.4	4
48:1	PSA.99.9	4
48:1	MAT.24.15	4
48:1	REV.19.5	4
48:1	REV.21.10-REV.21.22	4
48:1	2CH.20.1-2CH.20.37	3
48:1	PSA.89.1-PSA.89.7	3
48:1	PSA.147.5	3
48:1	ISA.27.13	3
48:1	JER.31.23	3
48:1	OBA.1.17	3
48:1	HEB.12.22	3
48:1	REV.15.3-REV.15.4	3
48:1	PSA.30.1	2
48:1	NEH.9.5	0
48:2	PSA.50.2	12
48:2	MAT.5.35	9
48:2	LAM.2.15	8
48:2	HEB.12.22	5
48:2	ISA.14.13	4
48:2	EZK.20.6	4
48:2	DAN.11.16	4
48:2	PSA.47.7-PSA.47.8	3
48:2	ISA.60.15-ISA.60.20	3
48:2	ISA.66.10	3
48:2	DAN.8.9	3
48:2	MAL.1.14	3
48:2	JER.3.19	2
48:2	MAL.3.12	2
48:3	ZEC.2.4-ZEC.2.5	7
48:3	PSA.46.7	6
48:3	PSA.125.1	6
48:3	ISA.37.33-ISA.37.36	5
48:3	PSA.76.1-PSA.76.5	4
48:3	ISA.4.5-ISA.4.6	4
48:3	2CH.12.7	3
48:3	2CH.14.9-2CH.14.15	3
48:3	2CH.20.1-2CH.20.37	3
48:4	2SA.10.6-2SA.10.19	3
48:4	REV.17.12-REV.17.14	3
48:4	REV.20.8-REV.20.9	3
48:4	PSA.83.2-PSA.83.8	2
48:4	ISA.7.1	2
48:4	ISA.8.8-ISA.8.10	2
48:4	ISA.10.8	2
48:4	ISA.29.5-ISA.29.8	2
48:4	REV.19.20	2
48:5	EXO.14.25	3
48:5	2KI.7.6-2KI.7.7	2
48:5	2KI.19.35-2KI.19.37	2
48:6	ISA.13.6-ISA.13.8	3
48:6	HOS.13.13	3
48:6	EXO.15.15-EXO.15.16	2
48:6	ISA.21.3	2
48:6	JER.30.6-JER.30.7	2
48:6	DAN.5.6	2
48:7	JER.18.17	5
48:7	1KI.22.48	4
48:7	EZK.27.25-EZK.27.26	4
48:7	1KI.10.22	2
48:7	ISA.2.16	2
48:8	PSA.87.5	5
48:8	MIC.4.1	4
48:8	PSA.44.1-PSA.44.2	3
48:8	PSA.46.5	3
48:8	PSA.48.1-PSA.48.2	3
48:8	PSA.78.3-PSA.78.6	3
48:8	ISA.2.2	3
48:8	MAT.16.18	3
48:8	ISA.38.19	1
48:9	PSA.26.3	10
48:9	PSA.40.10	8
48:9	PSA.77.10-PSA.77.14	8
48:9	2CH.20.5-2CH.20.13	7
48:9	PSA.63.2-PSA.63.3	7
48:9	PSA.104.34	4
48:9	SNG.1.4	4
48:9	LUK.22.19-LUK.22.20	4
48:9	PSA.105.5-PSA.105.6	3
48:9	ISA.26.8	3
48:10	PSA.113.3	6
48:10	MAL.1.11	6
48:10	DEU.28.58	5
48:10	JOS.7.9	4
48:10	ISA.41.10	4
48:10	PSA.138.2-PSA.138.4	3
48:10	REV.19.11	3
48:10	EXO.3.13-EXO.3.15	2
48:10	PSA.11.7	2
48:10	PSA.45.7	2
48:10	PSA.99.4	2
48:10	PSA.145.17	2
48:10	MAL.1.14	2
48:10	REV.19.2	2
48:10	EXO.34.5-EXO.34.7	1
48:11	PSA.97.8	9
48:11	REV.18.20	5
48:11	REV.15.4	4
48:11	REV.16.5-REV.16.7	4
48:11	REV.19.1-REV.19.3	4
48:11	ZEC.9.9	3
48:11	LUK.23.28	3
48:11	JDG.5.31	2
48:11	2CH.20.26-2CH.20.27	2
48:11	PSA.58.10	2
48:11	PSA.137.8-PSA.137.9	2
48:11	SNG.1.5	2
48:11	SNG.2.7	2
48:11	SNG.3.5	2
48:11	SNG.5.16	2
48:11	ISA.37.22	2
48:12	ISA.33.18-ISA.33.20	3
48:12	MAT.24.1-MAT.24.2	3
48:12	NEH.12.31-NEH.12.40	2
48:13	PSA.71.18	6
48:13	PSA.122.7	5
48:13	DEU.11.19	3
48:13	PSA.78.4-PSA.78.6	3
48:13	JOL.1.3	3
48:13	ISA.58.12	2
48:13	AMO.9.11	2
48:13	ACT.15.14-ACT.15.16	2
48:14	ISA.58.11	41
48:14	PSA.23.3-PSA.23.4	36
48:14	PSA.73.24	23
48:14	PSA.25.9	20
48:14	JHN.16.13	18
48:14	PSA.73.26	16
48:14	PSA.16.2	11
48:14	PSA.31.14	11
48:14	PRO.8.20	9
48:14	LAM.3.21	7
49:1	PSA.78.1	7
49:1	PSA.33.8	6
49:1	MAT.11.15	6
49:1	MAT.28.19-MAT.28.20	5
49:1	ROM.3.29	5
49:1	ROM.10.18	5
49:1	REV.2.7	5
49:1	REV.2.17	5
49:1	PSA.34.11	4
49:1	PRO.1.20-PRO.1.23	4
49:1	ISA.1.2	4
49:1	ISA.49.6	4
49:1	MIC.1.2	4
49:1	MAL.1.11	4
49:1	MAT.13.9	4
49:1	REV.2.11	4
49:1	REV.2.29	4
49:1	PSA.46.1	3
49:1	PSA.48.1	3
49:1	PSA.50.1	2
49:2	PSA.62.9	7
49:2	JAS.2.1-JAS.2.7	5
49:2	1SA.2.7-1SA.2.8	4
49:2	JOB.34.19	4
49:2	PRO.22.2	4
49:2	JER.5.4-JER.5.5	4
49:2	JAS.1.9-JAS.1.11	3
49:2	REV.6.15-REV.6.17	3
49:3	PSA.19.14	10
49:3	MAT.12.35	10
49:3	PRO.22.20-PRO.22.21	8
49:3	PRO.22.17	7
49:3	DEU.32.2	6
49:3	JOB.33.3	6
49:3	JOB.33.33	6
49:3	PSA.119.130	6
49:3	2TI.3.15-2TI.3.17	6
49:3	PSA.37.30	5
49:3	PRO.4.1-PRO.4.2	5
49:3	PSA.45.1	4
49:3	PSA.104.34	4
49:3	PRO.8.6-PRO.8.11	4
49:4	PSA.78.2	8
49:4	MAT.13.35	6
49:4	NUM.12.8	4
49:4	NUM.23.7	4
49:4	MAT.13.11-MAT.13.15	3
49:4	LUK.12.3	3
49:4	2CO.3.12	3
49:4	PRO.1.6	2
49:4	EZK.20.49	2
49:4	DAN.8.23	2
49:5	PRO.24.10	3
49:5	ACT.27.24	3
49:5	ROM.8.33-ROM.8.34	3
49:5	PHP.1.28	3
49:5	GEN.49.17	2
49:5	1SA.26.20	2
49:5	PSA.22.16	2
49:5	PSA.23.4	2
49:5	PSA.27.1-PSA.27.2	2
49:5	PSA.38.4	2
49:5	PSA.46.1-PSA.46.2	2
49:5	PSA.56.6-PSA.56.7	2
49:5	PRO.5.22	2
49:5	ISA.41.10-ISA.41.11	2
49:5	HOS.7.2	2
49:5	AMO.5.13	2
49:5	EPH.5.16	2
49:6	1TI.6.17	7
49:6	PSA.52.7	5
49:6	JER.9.23	5
49:6	EZK.28.4-EZK.28.5	5
49:6	PRO.11.28	4
49:6	MRK.10.24	3
49:6	LUK.12.19	3
49:6	EST.5.11	2
49:6	JOB.31.24-JOB.31.25	2
49:6	PSA.62.10	2
49:6	PRO.10.15	2
49:6	PRO.23.5	2
49:6	HOS.12.8	2
49:7	MAT.16.26	13
49:7	MAT.20.28	10
49:7	1TI.2.6	9
49:7	1PE.1.18	9
49:7	MAT.25.9	4
49:8	MAT.16.26	8
49:8	JOB.36.18-JOB.36.19	3
49:9	PSA.89.48	9
49:9	PSA.16.10	7
49:9	ECC.8.8	5
49:9	PRO.10.2	4
49:9	PRO.11.4	4
49:9	JHN.8.51-JHN.8.52	4
49:9	ACT.2.27	3
49:9	PSA.22.29	2
49:9	ZEC.1.5	2
49:9	LUK.16.22-LUK.16.23	2
49:9	ACT.2.31	2
49:9	ACT.13.33	1
49:9	ACT.13.35-ACT.13.37	1
49:10	PSA.39.6	7
49:10	LUK.12.20	7
49:10	ECC.5.13-ECC.5.16	6
49:10	1TI.6.6-1TI.6.10	5
49:10	HEB.9.27	5
49:10	PRO.30.2	4
49:10	JER.10.8	4
49:10	PSA.49.17	3
49:10	PSA.73.22	3
49:10	PSA.94.8	3
49:10	PRO.11.4	3
49:10	ECC.2.26	3
49:10	PSA.17.14	2
49:10	PSA.92.6-PSA.92.7	2
49:10	PRO.12.1	2
49:10	ECC.2.16-ECC.2.21	2
49:10	ECC.9.1-ECC.9.2	2
49:10	JER.17.11	2
49:10	ROM.5.12-ROM.5.14	2
49:11	GEN.4.17	8
49:11	PSA.5.9	5
49:11	PSA.64.6	5
49:11	2SA.18.18	4
49:11	PSA.10.6	4
49:11	EZK.38.10	4
49:11	1SA.15.12	3
49:11	LUK.11.39	3
49:11	ACT.8.22	3
49:11	DEU.3.14	2
49:12	ECC.3.18-ECC.3.21	9
49:12	PSA.39.5	6
49:12	PSA.49.20	6
49:12	PSA.82.7	6
49:12	ECC.9.12	5
49:12	JAS.1.10-JAS.1.11	4
49:12	1PE.1.24	3
49:13	LUK.12.20	5
49:13	1CO.3.19	4
49:13	LUK.16.27-LUK.16.28	3
49:13	JER.44.17	2
49:13	LUK.11.47-LUK.11.48	2
49:14	MAL.4.3	8
49:14	1CO.6.2	7
49:14	JOB.24.19-JOB.24.20	6
49:14	JOB.30.23	6
49:14	DAN.7.22	6
49:14	PSA.30.5	5
49:14	PSA.39.11	5
49:14	JER.12.3	5
49:14	DAN.7.18	5
49:14	LUK.22.30	5
49:14	ROM.8.36	5
49:14	JOB.17.13-JOB.17.14	4
49:14	JOB.21.13	4
49:14	JOB.21.26	4
49:14	PSA.9.17	4
49:14	PSA.44.11	4
49:14	PSA.47.3	4
49:14	ECC.12.7	4
49:14	ISA.38.10-ISA.38.11	4
49:14	HOS.6.3	4
49:14	REV.2.26-REV.2.27	4
49:14	REV.20.4-REV.20.5	4
49:14	JOB.4.21	2
49:15	PSA.73.24	11
49:15	PSA.56.13	10
49:15	PSA.86.13	9
49:15	PSA.89.48	8
49:15	HOS.13.14	7
49:15	PSA.16.10-PSA.16.11	5
49:15	REV.5.9	5
49:15	GEN.5.24	4
49:15	PSA.31.5	3
49:15	LUK.23.46	3
49:15	JHN.14.3	3
49:15	ACT.7.59	3
49:15	REV.14.13	3
49:16	PSA.37.7	8
49:16	PSA.37.1	4
49:16	REV.21.24	3
49:16	REV.21.26	3
49:16	GEN.31.1	2
49:16	EST.3.1-EST.3.6	2
49:16	EST.5.11	1
49:16	PSA.49.5	1
49:16	PRO.28.12	1
49:17	1TI.6.7	8
49:17	JOB.27.19	4
49:17	JOB.1.21	3
49:17	ECC.5.15	3
49:17	LUK.16.24	3
49:17	1CO.15.43	3
49:17	PSA.17.14	2
49:17	ISA.5.14	2
49:17	ISA.10.3	2
49:17	LUK.12.20	1
49:18	DEU.29.19	6
49:18	LUK.12.19	6
49:18	PSA.10.3	3
49:18	1SA.25.6	2
49:18	EST.3.2	2
49:18	HOS.12.8	2
49:18	ACT.12.20-ACT.12.22	2
49:18	REV.13.3-REV.13.4	2
49:19	JOB.33.30	5
49:19	GEN.15.15	4
49:19	PSA.56.13	4
49:19	LUK.12.20	3
49:19	1KI.16.6	2
49:19	ECC.3.21	2
49:19	ECC.12.7	2
49:19	MAT.8.12	2
49:19	MAT.22.13	2
49:19	LUK.16.22-LUK.16.23	2
49:19	JUD.1.13	2
49:20	PSA.49.12	3
49:20	ECC.3.18-ECC.3.19	3
49:20	EST.7.10	2
49:20	JOB.4.21	2
49:20	EST.5.11-EST.5.14	1
49:20	PSA.73.18-PSA.73.19	1
50:1	PSA.113.3	10
50:1	JOS.22.22	8
50:1	MAT.25.32	8
50:1	AMO.3.8	7
50:1	JER.32.18-JER.32.19	5
50:1	1CH.16.37	4
50:1	NEH.9.6	4
50:1	ISA.1.2	4
50:1	1CH.25.2	3
50:1	1CH.25.6	3
50:1	NEH.9.32	3
50:1	PSA.49.1-PSA.49.2	3
50:1	PSA.73.1	3
50:1	PSA.83.1	3
50:1	PSA.145.3-PSA.145.6	3
50:1	ISA.9.6	3
50:1	ISA.37.20	3
50:1	ISA.54.5	3
50:1	JER.10.6	3
50:1	GEN.17.1	2
50:1	1KI.18.21	2
50:1	1KI.18.36-1KI.18.37	2
50:1	1CH.15.17	2
50:1	2CH.29.30	2
50:1	MAL.1.11	2
50:2	REV.21.23	10
50:2	PSA.48.2	9
50:2	PSA.80.1	8
50:2	REV.1.16	7
50:2	DEU.33.2	6
50:2	HOS.5.15	6
50:2	HAB.3.3-HAB.3.4	6
50:2	PSA.94.1	5
50:2	SNG.5.16	5
50:2	ISA.12.6	5
50:2	LAM.2.15	5
50:2	HAB.2.20	5
50:2	PSA.68.24	4
50:2	PSA.80.17	4
50:2	PSA.87.2-PSA.87.3	4
50:2	ISA.26.21	4
50:2	ZEC.9.17	4
50:2	HEB.12.22-HEB.12.26	4
50:3	NUM.16.35	5
50:3	DAN.7.10	5
50:3	LEV.10.2	4
50:3	MAT.3.12	4
50:3	PSA.97.3-PSA.97.5	3
50:3	MAL.4.1	3
50:3	EXO.19.18	2
50:3	DEU.9.3	2
50:3	1KI.19.11-1KI.19.12	2
50:3	PSA.18.7-PSA.18.15	2
50:3	PSA.48.14	2
50:3	PSA.50.21	2
50:3	PSA.68.20	2
50:3	PSA.83.1	2
50:3	PSA.96.13	2
50:3	ISA.42.13-ISA.42.14	2
50:3	ISA.65.6-ISA.65.7	2
50:3	NAM.1.5-NAM.1.7	2
50:3	HAB.3.5	2
50:3	MAL.3.2-MAL.3.3	2
50:3	2TH.1.8-2TH.1.9	2
50:3	HEB.10.28-HEB.10.29	2
50:3	HEB.12.29	2
50:3	REV.22.20	2
50:3	HEB.2.3	1
50:3	HEB.12.18-HEB.12.21	1
50:4	DEU.31.28	7
50:4	DEU.32.1	7
50:4	ISA.1.2	7
50:4	DEU.4.26	6
50:4	DEU.30.19	6
50:4	MIC.6.1-MIC.6.2	4
50:4	PSA.98.9	3
50:4	ISA.11.3-ISA.11.4	3
50:4	JHN.5.22-JHN.5.23	3
50:4	DEU.4.36	2
50:4	PSA.50.6	2
50:4	PSA.96.13	2
50:5	HEB.13.20	14
50:5	EXO.24.3-EXO.24.8	13
50:5	MAT.26.28	12
50:5	HEB.12.24	11
50:5	DEU.33.2-DEU.33.3	9
50:5	PSA.30.4	8
50:5	PSA.97.10	8
50:5	MAT.24.31	8
50:5	HEB.9.10-HEB.9.23	8
50:5	PRO.2.8	7
50:5	1TH.3.13	7
50:5	JUD.1.14	7
50:5	ISA.13.3	6
50:5	ZEC.14.5	6
50:5	2TH.2.1	5
50:5	1CO.6.2-1CO.6.3	4
50:5	1TH.4.16-1TH.4.17	3
50:6	PSA.97.6	10
50:6	PSA.75.7	9
50:6	PSA.89.5	9
50:6	REV.19.2	7
50:6	PSA.9.16	6
50:6	ROM.14.9-ROM.14.12	6
50:6	GEN.18.25	4
50:6	PSA.7.3-PSA.7.5	4
50:6	2CO.5.10	4
50:6	REV.20.11-REV.20.12	4
50:6	JHN.5.22-JHN.5.23	3
50:6	ROM.2.5	3
50:6	REV.16.5-REV.16.7	1
50:7	PSA.81.8	8
50:7	EXO.20.2	6
50:7	EXO.19.5-EXO.19.6	4
50:7	JER.2.9	4
50:7	PSA.49.1	3
50:7	PSA.81.10-PSA.81.12	3
50:7	JER.2.4-JER.2.5	3
50:7	DEU.26.17-DEU.26.18	2
50:7	DEU.31.19-DEU.31.21	2
50:7	1SA.12.22-1SA.12.25	2
50:7	2KI.17.13	2
50:7	2CH.28.5	2
50:7	NEH.9.29-NEH.9.30	2
50:7	ISA.1.18	2
50:7	EZK.20.5	2
50:7	EZK.20.7	2
50:7	EZK.20.19-EZK.20.20	2
50:7	MIC.6.1-MIC.6.8	2
50:7	ZEC.13.9	2
50:7	MAL.3.5	2
50:8	HOS.6.6	10
50:8	HEB.10.4-HEB.10.10	10
50:8	ISA.1.11-ISA.1.31	9
50:8	PSA.40.6-PSA.40.8	8
50:8	PSA.51.16	8
50:8	JER.7.21-JER.7.23	4
50:9	MIC.6.6-MIC.6.8	7
50:9	ACT.17.25	4
50:9	HEB.10.4-HEB.10.6	4
50:9	PSA.69.31	3
50:9	ISA.43.23-ISA.43.24	3
50:10	JER.27.5-JER.27.6	7
50:10	PSA.8.6-PSA.8.8	5
50:10	PSA.104.14	5
50:10	PSA.104.24-PSA.104.25	4
50:10	DAN.2.38	4
50:10	GEN.1.24-GEN.1.25	2
50:10	GEN.2.19	2
50:10	1CH.29.14-1CH.29.16	2
50:10	JON.4.11	2
50:10	GEN.8.17	1
50:10	GEN.9.2-GEN.9.3	1
50:10	GEN.31.9	1
50:10	JOB.40.15-JOB.40.24	1
50:11	MAT.6.26	5
50:11	GEN.1.20-GEN.1.22	4
50:11	JOB.39.26-JOB.39.30	2
50:11	LUK.12.24	2
50:11	JOB.39.13-JOB.39.18	1
50:11	PSA.104.12	1
50:11	PSA.147.9	1
50:11	ISA.56.9	1
50:11	EZK.14.15-EZK.14.16	1
50:11	MAT.10.29-MAT.10.31	1
50:11	JOB.38.41	0
50:12	EXO.19.5	13
50:12	DEU.10.14	10
50:12	PSA.24.1-PSA.24.2	10
50:12	1CO.10.26-1CO.10.28	8
50:12	JOB.41.11	7
50:12	PSA.115.15-PSA.115.16	6
50:12	PSA.145.15-PSA.145.16	3
50:12	GEN.1.28-GEN.1.30	2
50:12	GEN.8.17	2
50:12	GEN.1.11-GEN.1.12	1
50:12	PSA.104.24	1
50:14	HEB.13.15	35
50:14	PSA.56.12	23
50:14	DEU.23.21	20
50:14	PSA.107.21-PSA.107.22	19
50:14	PSA.116.12-PSA.116.14	15
50:14	1PE.2.5	13
50:14	PSA.76.11	11
50:14	HOS.14.2	11
50:14	ROM.12.1	10
50:14	1TH.5.18	10
50:14	PSA.50.23	9
50:14	PSA.69.30-PSA.69.31	8
50:14	PSA.147.1	8
50:14	ECC.5.4-ECC.5.5	7
50:14	1PE.2.9	7
50:14	PSA.116.17-PSA.116.18	6
50:14	NAM.1.15	6
50:14	NUM.30.2-NUM.30.16	5
50:14	LEV.27.2-LEV.27.34	4
50:14	PSA.22.25	4
50:14	PSA.27.6	4
50:14	PSA.65.1	4
50:14	PSA.61.8	2
50:15	PSA.107.28	57
50:15	PSA.91.15	52
50:15	PSA.34.3-PSA.34.4	45
50:15	PSA.107.19	38
50:15	ZEC.13.9	38
50:15	JAS.5.13	32
50:15	PSA.81.7	31
50:15	PSA.107.6-PSA.107.13	23
50:15	JOB.22.27	22
50:15	LUK.22.44	21
50:15	2CH.33.12-2CH.33.13	20
50:15	MAT.5.16	18
50:15	LUK.17.15-LUK.17.18	18
50:15	JHN.15.8	18
50:15	ACT.16.25	18
50:15	PSA.22.23	17
50:15	PSA.77.2	17
50:15	PSA.50.23	16
50:15	1PE.4.14	16
50:15	PSA.66.13-PSA.66.20	14
50:15	1PE.4.11	13
50:16	ISA.29.13	6
50:16	PSA.25.14	5
50:16	PSA.78.36-PSA.78.38	5
50:16	ISA.55.6-ISA.55.7	4
50:16	ROM.2.17-ROM.2.24	4
50:16	ISA.48.1-ISA.48.2	3
50:16	HEB.8.9	3
50:16	PRO.26.7	2
50:16	ISA.1.11-ISA.1.15	2
50:16	JHN.4.24	2
50:16	2PE.2.15	2
50:16	ISA.48.22	1
50:16	ISA.58.1-ISA.58.7	1
50:16	JER.7.4-JER.7.7	1
50:16	EZK.18.27	1
50:16	EZK.20.37-EZK.20.38	1
50:16	MAT.7.3-MAT.7.5	1
50:16	MAT.7.22-MAT.7.23	1
50:16	ACT.19.13-ACT.19.16	1
50:16	1CO.9.27	1
50:17	NEH.9.26	12
50:17	PRO.12.1	8
50:17	2TI.4.3-2TI.4.4	8
50:17	PRO.1.28-PRO.1.29	7
50:17	1KI.14.9	6
50:17	2TH.2.10-2TH.2.12	6
50:17	PRO.1.7	5
50:17	JER.8.9	5
50:17	ROM.1.28	5
50:17	ROM.2.21-ROM.2.23	5
50:17	PRO.5.12-PRO.5.13	4
50:17	PRO.8.36	4
50:17	JER.18.12	4
50:17	JHN.3.20	4
50:17	ISA.5.23	2
50:17	JER.36.23-JER.36.32	2
50:18	ROM.1.32	6
50:18	1TI.5.22	5
50:18	HEB.13.4	3
50:18	LEV.20.10	2
50:18	JOB.31.9-JOB.31.11	2
50:18	PRO.1.10-PRO.1.19	2
50:18	PRO.2.16-PRO.2.19	2
50:18	PRO.7.19-PRO.7.23	2
50:18	ISA.5.23	2
50:18	JER.5.8-JER.5.9	2
50:18	MIC.7.3	2
50:18	MAT.23.30	2
50:18	EPH.5.11-EPH.5.13	2
50:19	PSA.10.7	6
50:19	PSA.52.2-PSA.52.4	4
50:19	JER.9.5	4
50:19	REV.21.8	4
50:19	PSA.5.9	3
50:19	PSA.55.21	3
50:19	ISA.59.3-ISA.59.4	3
50:19	ROM.3.13-ROM.3.14	3
50:19	JAS.3.5-JAS.3.9	3
50:19	PSA.12.2-PSA.12.3	2
50:19	PSA.36.3-PSA.36.4	2
50:19	PSA.55.12	2
50:19	PSA.64.3-PSA.64.5	2
50:19	HOS.4.2	2
50:20	MAT.10.21	9
50:20	LEV.19.16	4
50:20	PRO.10.18	3
50:20	PSA.31.18	2
50:20	MAT.5.11	2
50:20	REV.12.10	2
50:20	LUK.22.65	1
50:20	1TI.3.11	1
50:20	TIT.2.3	1
50:21	ROM.2.4-ROM.2.5	14
50:21	PRO.29.1	13
50:21	PSA.94.7-PSA.94.11	12
50:21	ECC.12.14	12
50:21	ISA.57.11	12
50:21	PSA.90.8	11
50:21	ECC.8.11-ECC.8.12	11
50:21	ISA.42.14	10
50:21	PSA.73.11	9
50:21	1CO.4.5	9
50:21	PSA.50.3	8
50:21	AMO.8.7	8
50:21	ISA.26.10	7
50:21	ISA.40.15-ISA.40.18	7
50:21	REV.3.19	7
50:21	EXO.3.14	5
50:21	NUM.23.19	5
50:21	PSA.109.1-PSA.109.3	5
50:21	2PE.3.9	5
50:21	PSA.50.8	4
50:22	JOB.8.13	10
50:22	PSA.9.17	8
50:22	HOS.4.6	8
50:22	PSA.7.2	7
50:22	DEU.32.18	6
50:22	PSA.10.4	6
50:22	JER.2.32	6
50:22	HOS.13.8	6
50:22	2SA.22.42	5
50:22	ISA.51.13	5
50:22	AMO.2.14	5
50:22	HAG.1.5	5
50:22	REV.6.16-REV.6.17	5
50:22	EZK.18.28	4
50:22	HOS.5.14	4
50:22	MIC.5.8	4
50:22	LUK.15.17	4
50:22	ECC.7.14	3
50:23	PSA.91.16	27
50:23	PSA.24.4-PSA.24.5	20
50:23	JAS.3.13	20
50:23	PSA.86.12	18
50:23	PSA.50.14-PSA.50.15	17
50:23	ROM.12.1	17
50:23	PSA.25.14	16
50:23	ISA.12.2	15
50:23	ACT.13.26	13
50:23	JHN.7.17	12
50:23	PHP.1.27	12
50:23	PSA.85.13	11
50:23	LUK.2.30	11
50:23	PSA.86.9	10
50:23	GAL.1.24	10
50:23	JHN.8.31-JHN.8.32	9
50:23	ACT.10.2-ACT.10.4	9
50:23	ROM.15.6	9
50:23	ROM.15.9	9
50:23	GAL.6.16	9
50:23	1PE.1.15	9
50:23	1PE.2.9	9
50:23	PSA.85.9	8
50:23	PSA.22.23	6
50:23	PSA.27.6	6
50:23	ISA.45.17	6
50:23	ACT.11.14	6
50:23	ISA.51.5-ISA.51.6	5
50:23	ISA.49.6	3
51:1	ACT.3.19	59
51:1	ISA.44.22	50
51:1	ISA.43.25	40
51:1	PSA.51.9	35
51:1	COL.2.14	31
51:1	PSA.69.16	26
51:1	2SA.11.2-2SA.12.13	21
51:1	EPH.1.6-EPH.1.8	17
51:1	PSA.4.1	16
51:1	PSA.25.6-PSA.25.7	16
51:1	PSA.106.45	16
51:1	ROM.5.20-ROM.5.21	15
51:1	EXO.34.6-EXO.34.7	13
51:1	LAM.3.32	12
51:1	MIC.7.18-MIC.7.19	11
51:1	EPH.2.4-EPH.2.7	11
51:1	PSA.119.124	10
51:1	NUM.14.18-NUM.14.19	9
51:1	PSA.40.11	9
51:1	PSA.109.21	9
51:1	PSA.5.7	8
51:1	PSA.106.7	7
51:1	PSA.69.13	6
51:1	PSA.145.9	5
51:1	ISA.63.7	5
51:1	ISA.63.15	5
51:1	DAN.9.9	5
51:1	PSA.77.9	3
51:1	JER.18.23	3
51:1	DAN.9.18	2
51:1	NEH.4.5	1
51:2	1JN.1.7-1JN.1.9	22
51:2	HEB.10.21-HEB.10.22	17
51:2	EZK.36.25	16
51:2	PSA.51.7	14
51:2	JER.4.14	14
51:2	ISA.1.16	13
51:2	REV.1.5	12
51:2	ACT.22.16	10
51:2	1CO.6.11	10
51:2	REV.7.14	8
51:2	ZEC.13.1	7
51:2	PSA.19.12	6
51:2	HEB.9.13-HEB.9.14	6
51:3	PRO.28.13	16
51:3	ISA.59.12	13
51:3	PSA.38.18	12
51:3	PSA.32.5	11
51:3	LEV.26.40-LEV.26.41	7
51:3	LUK.15.18-LUK.15.21	7
51:3	JER.3.25	6
51:3	JOB.33.27	5
51:3	PSA.40.12	5
51:3	NEH.9.2	4
51:4	2SA.12.13-2SA.12.14	15
51:4	LUK.15.21	12
51:4	GEN.20.6	10
51:4	GEN.39.9	10
51:4	ROM.3.4	9
51:4	ACT.17.31	8
51:4	REV.16.5	8
51:4	GEN.9.6	7
51:4	LEV.6.2-LEV.6.7	7
51:4	PSA.50.6	7
51:4	ROM.2.5	7
51:4	LEV.5.19	6
51:4	2KI.17.17	6
51:4	2KI.21.6	6
51:4	PSA.50.4	6
51:4	LUK.7.29	6
51:4	JAS.2.9	6
51:4	GEN.38.7	5
51:4	2SA.12.9-2SA.12.10	5
51:4	JAS.2.11	5
51:4	REV.15.3-REV.15.4	5
51:4	REV.19.11	5
51:5	ROM.5.12	30
51:5	JOB.14.4	26
51:5	PSA.58.3	24
51:5	JOB.15.14-JOB.15.16	23
51:5	EPH.2.3	22
51:5	JHN.3.6	18
51:5	GEN.5.3	15
51:5	GEN.8.21	11
51:6	1SA.16.7	24
51:6	PSA.15.2	24
51:6	ROM.7.22	16
51:6	1PE.3.4	16
51:6	JOB.38.36	15
51:6	PRO.2.6	14
51:6	LUK.11.39	12
51:6	JAS.4.8	12
51:6	1CH.29.17	11
51:6	JER.5.3	11
51:6	JER.32.40	11
51:6	JHN.4.23-JHN.4.24	11
51:6	JOB.32.8	10
51:6	PSA.5.9	10
51:6	PSA.26.2	10
51:6	JER.31.33	10
51:6	2CH.31.20-2CH.31.21	9
51:6	PRO.2.21	8
51:6	PSA.125.4	7
51:6	2CO.1.12	7
51:6	GEN.20.5-GEN.20.6	6
51:6	2KI.20.3	6
51:7	1JN.1.7	26
51:7	ISA.1.18	24
51:7	HEB.9.13-HEB.9.14	19
51:7	NUM.19.18-NUM.19.20	15
51:7	HEB.9.19	13
51:7	REV.1.5	12
51:7	EXO.12.22	10
51:7	EPH.5.26-EPH.5.27	10
51:7	REV.7.13-REV.7.14	8
51:7	LEV.14.49-LEV.14.52	5
51:7	LEV.14.4-LEV.14.7	4
51:8	JOB.5.17-JOB.5.18	13
51:8	HOS.6.1-HOS.6.2	13
51:8	MAT.5.4	13
51:8	PSA.6.2-PSA.6.3	12
51:8	PSA.119.81-PSA.119.82	10
51:8	PSA.126.5-PSA.126.6	9
51:8	PSA.30.11	8
51:8	PSA.35.10	8
51:8	PSA.38.3	8
51:8	LUK.4.18	8
51:8	ISA.57.15-ISA.57.18	7
51:8	ACT.2.37-ACT.2.41	7
51:8	PSA.13.5	6
51:8	ISA.35.10	6
51:8	ACT.16.29-ACT.16.34	3
51:9	JER.16.17	11
51:9	MIC.7.18-MIC.7.19	8
51:9	COL.2.14	6
51:9	PSA.51.1	5
51:9	ISA.38.17	5
51:10	EZK.11.19	207
51:10	2CO.5.17	171
51:10	EPH.4.22-EPH.4.24	153
51:10	MAT.5.8	143
51:10	EZK.18.31	122
51:10	ROM.12.2	120
51:10	EZK.36.25-EZK.36.27	109
51:10	ACT.15.9	85
51:10	TIT.3.5	76
51:10	1PE.1.22	72
51:10	JER.32.39	71
51:10	PSA.24.4	65
51:10	PRO.20.9	65
51:10	EPH.2.10	61
51:10	1CO.15.58	59
51:10	COL.3.10	58
51:10	PSA.73.1	50
51:10	JAS.1.8	48
51:10	PSA.78.8	45
51:10	PSA.78.37	43
51:10	1KI.15.3-1KI.15.5	41
51:10	JER.13.27	41
51:10	ACT.11.23	36
51:10	JOS.14.14	34
51:10	EZK.36.37	32
51:11	EPH.4.30	26
51:11	2KI.13.23	20
51:11	ISA.63.10-ISA.63.11	16
51:11	ROM.8.9	14
51:11	GEN.6.3	11
51:11	JHN.14.26	10
51:11	PSA.71.18	9
51:11	LUK.11.13	9
51:11	1SA.10.10	8
51:11	1SA.16.14	8
51:11	JDG.16.20	7
51:11	PSA.71.9	7
51:11	2TH.1.9	6
51:11	JDG.15.14	5
51:11	2SA.7.15	5
51:11	2KI.24.20	5
51:11	PSA.43.2	5
51:11	GEN.4.14	4
51:11	JDG.13.25	4
51:11	2KI.17.18-2KI.17.23	4
51:11	JER.7.15	4
51:11	2KI.23.27	3
51:11	ROM.1.4	3
51:12	ISA.41.10	42
51:12	PSA.13.5	32
51:12	ISA.61.10	27
51:12	LUK.1.47	24
51:12	2CO.3.17	24
51:12	JUD.1.24	24
51:12	PSA.119.116-PSA.119.117	23
51:12	PSA.35.9	20
51:12	JER.31.9-JER.31.14	14
51:12	PSA.119.133	13
51:12	ISA.57.17-ISA.57.18	13
51:12	PSA.85.6-PSA.85.8	12
51:12	ROM.8.15	12
51:12	1PE.1.5	12
51:12	JOB.29.2-JOB.29.3	11
51:12	JER.10.23	11
51:12	ROM.5.2-ROM.5.11	11
51:12	GAL.4.6-GAL.4.7	11
51:12	PSA.21.1	10
51:12	PSA.17.5	9
51:12	PSA.19.13	9
51:12	ROM.14.4	9
51:12	ISA.49.13	8
51:13	LUK.22.32	11
51:13	ACT.3.19	6
51:13	JAS.5.19-JAS.5.20	6
51:13	JHN.21.15-JHN.21.17	5
51:13	ACT.26.18-ACT.26.20	5
51:13	JER.31.18	4
51:13	ACT.2.38-ACT.2.41	4
51:13	ACT.15.3	4
51:13	PSA.19.7	3
51:13	PSA.22.27	3
51:13	PSA.25.8	3
51:13	PSA.32.5	3
51:13	PSA.32.8-PSA.32.10	3
51:13	ISA.2.3	3
51:13	ISA.6.10	3
51:13	ZEC.3.1-ZEC.3.8	3
51:13	MAT.18.3	3
51:13	ACT.9.19-ACT.9.22	3
51:13	ACT.13.10	3
51:13	2CO.5.8-2CO.5.20	3
51:13	PSA.25.4	2
51:14	2SA.12.9	6
51:14	PSA.35.28	6
51:14	GEN.9.6	3
51:14	PSA.26.9	3
51:14	HOS.4.2	3
51:14	ACT.20.26	3
51:14	ROM.10.3	3
51:14	GEN.42.22	2
51:14	2SA.3.28	2
51:14	2SA.11.15-2SA.11.17	2
51:14	2SA.21.1	2
51:14	EZR.9.13	2
51:14	NEH.9.33	2
51:14	PSA.25.5	2
51:14	PSA.38.22	2
51:14	PSA.55.23	2
51:14	PSA.68.20	2
51:14	PSA.71.15-PSA.71.24	2
51:14	PSA.86.12-PSA.86.13	2
51:14	PSA.88.1	2
51:14	ISA.12.2	2
51:14	ISA.45.17	2
51:14	EZK.33.8	2
51:14	DAN.9.7	2
51:14	DAN.9.16	2
51:14	HAB.3.18	2
51:14	ACT.18.6	2
51:15	PSA.63.3-PSA.63.5	12
51:15	HEB.13.15	12
51:15	PSA.9.14	7
51:15	PSA.119.13	7
51:15	EZK.29.21	7
51:15	EXO.4.11	6
51:15	EZK.3.27	6
51:15	1SA.2.9	5
51:15	MRK.7.34	5
51:15	EZK.16.63	4
51:15	MAT.22.12	3
51:15	GEN.44.16	2
51:15	ROM.3.19	2
51:16	HOS.6.6	20
51:16	PSA.40.6	17
51:16	HEB.10.5-HEB.10.6	15
51:16	1SA.15.22	13
51:16	PSA.51.6	9
51:16	PRO.21.27	8
51:16	ISA.1.11-ISA.1.15	8
51:16	PRO.15.8	7
51:16	JER.7.22-JER.7.23	7
51:16	AMO.5.21-AMO.5.23	7
51:16	PSA.50.8	5
51:16	EXO.21.14	4
51:16	NUM.15.30-NUM.15.31	4
51:16	NUM.15.27	3
51:16	NUM.35.31	3
51:16	DEU.22.22	3
51:16	JER.7.27	3
51:17	PSA.34.18	63
51:17	ISA.66.2	53
51:17	PSA.147.3	31
51:17	LUK.15.10	28
51:17	MRK.12.33	27
51:17	MAT.5.3	25
51:17	2CH.33.12-2CH.33.13	21
51:17	PSA.102.17	20
51:17	ISA.57.15	20
51:17	HEB.13.16	17
51:17	1PE.2.5	17
51:17	2KI.22.19	16
51:17	ROM.12.1	15
51:17	PSA.22.24	14
51:17	PSA.107.22	14
51:17	AMO.5.21	13
51:17	ISA.61.1-ISA.61.3	11
51:17	PHP.4.18	11
51:17	LUK.7.39-LUK.7.50	9
51:17	LUK.15.21-LUK.15.32	9
51:17	LUK.18.11-LUK.18.14	9
51:17	EZK.9.3-EZK.9.4	8
51:17	LUK.15.2-LUK.15.7	7
51:17	EZK.9.6	4
51:18	PSA.102.16	7
51:18	PHP.2.13	5
51:18	PSA.122.6-PSA.122.9	4
51:18	ZEC.2.5	4
51:18	LUK.12.32	4
51:18	EPH.1.5	4
51:18	NEH.2.17	3
51:18	PSA.25.22	3
51:18	PSA.147.2	3
51:18	ISA.51.3	3
51:18	ISA.58.12	3
51:18	ISA.62.1	3
51:18	ISA.62.6-ISA.62.7	3
51:18	MIC.7.11	3
51:18	2TH.1.11	3
51:18	PSA.69.35	2
51:18	PSA.137.5-PSA.137.6	2
51:18	JER.51.50	2
51:18	DAN.9.25	2
51:18	2CO.11.28-2CO.11.29	2
51:18	EPH.1.9	2
51:19	PSA.4.5	8
51:19	MAL.3.3	6
51:19	EPH.5.2	6
51:19	PSA.66.13-PSA.66.15	5
51:19	ROM.12.1	5
51:19	PSA.118.27	3
52:1	PSA.103.17	8
52:1	PSA.94.4	7
52:1	PSA.107.1	7
52:1	1SA.21.7	6
52:1	PRO.6.14	5
52:1	ISA.59.4	5
52:1	GEN.10.8-GEN.10.9	4
52:1	PSA.7.14	4
52:1	PSA.36.3-PSA.36.6	4
52:1	PSA.137.1-PSA.137.2	4
52:1	GEN.6.4-GEN.6.5	3
52:1	EXO.22.9	3
52:1	1SA.22.9-1SA.22.19	3
52:1	PSA.10.2-PSA.10.3	3
52:1	PRO.6.18	3
52:1	2TI.3.2	3
52:1	1JN.4.7-1JN.4.8	2
52:1	PSA.54.3	1
52:1	PSA.59.7	1
52:1	JER.9.8	1
52:1	MIC.7.3	1
52:1	ROM.1.30	1
52:1	PSA.10.7	0
52:2	PRO.18.21	6
52:2	PRO.6.16-PRO.6.19	5
52:2	PSA.57.4	4
52:2	PRO.12.18	4
52:2	PSA.59.7	3
52:2	JER.9.3-JER.9.4	3
52:2	PSA.50.19	2
52:2	PSA.64.2-PSA.64.6	2
52:2	PSA.109.2	2
52:2	PSA.120.2	2
52:2	PSA.140.2-PSA.140.3	2
52:2	PRO.30.14	2
52:2	JER.18.18	2
52:2	MAT.26.59	2
52:2	ACT.6.11-ACT.6.13	2
52:2	ACT.24.1	2
52:2	ACT.24.5	2
52:2	2CO.4.2	2
52:2	2CO.11.13	2
52:2	REV.12.10	1
52:3	JER.9.3-JER.9.5	6
52:3	JHN.8.44	6
52:3	2TI.3.4	5
52:3	MIC.3.2	4
52:3	ROM.1.25	4
52:3	REV.22.15	4
52:3	JER.4.22	3
52:3	JER.9.8	3
52:3	PSA.62.4	2
52:4	PSA.120.3	9
52:4	JAS.3.6-JAS.3.9	8
52:4	1SA.22.18-1SA.22.19	1
52:5	PRO.2.22	8
52:5	PSA.27.13	6
52:5	REV.21.8	4
52:5	JOB.18.14	3
52:5	PRO.12.19	3
52:5	PRO.19.9	3
52:5	ISA.38.11	3
52:5	JOB.20.6-JOB.20.7	2
52:5	PSA.7.14-PSA.7.16	2
52:5	PSA.37.35-PSA.37.36	2
52:5	PSA.55.23	2
52:5	PSA.64.7-PSA.64.10	2
52:5	PSA.116.9	2
52:5	PSA.120.2-PSA.120.4	2
52:5	PSA.140.9-PSA.140.11	2
52:5	PRO.19.5	2
52:5	ISA.22.19	2
52:5	LUK.16.27-LUK.16.28	2
52:6	JOB.22.19	7
52:6	PSA.40.3	5
52:6	PSA.37.34	4
52:6	REV.15.4	3
52:6	REV.18.20	3
52:6	PSA.58.10-PSA.58.11	2
52:6	PSA.64.9	2
52:6	PSA.97.8	2
52:6	PSA.119.120	2
52:6	ISA.37.22	2
52:6	REV.16.5-REV.16.7	2
52:6	MAL.1.5	1
52:6	REV.19.1-REV.19.2	1
52:7	JER.17.5	9
52:7	ECC.8.8	6
52:7	PSA.49.6-PSA.49.20	5
52:7	PSA.73.18-PSA.73.20	5
52:7	JOB.31.24-JOB.31.25	4
52:7	JHN.19.5	4
52:7	PSA.62.9-PSA.62.10	3
52:7	PSA.146.3-PSA.146.5	3
52:7	ISA.14.16-ISA.14.17	3
52:7	HOS.12.7-HOS.12.8	3
52:7	1TI.6.17	3
52:7	PSA.73.7-PSA.73.11	2
52:8	PSA.92.12-PSA.92.14	30
52:8	HOS.14.6-HOS.14.8	25
52:8	PSA.1.3	23
52:8	PSA.13.5	22
52:8	JER.11.16	19
52:8	PSA.147.11	15
52:8	ROM.11.24	14
52:8	PSA.33.18	13
52:8	PSA.128.3	13
52:9	LAM.3.25-LAM.3.26	10
52:9	PSA.130.5-PSA.130.6	9
52:9	PSA.73.28	8
52:9	PSA.54.6	7
52:9	PSA.62.5	6
52:9	PSA.73.25-PSA.73.26	6
52:9	PRO.18.10	6
52:9	PSA.62.1	5
52:9	PSA.145.1-PSA.145.2	5
52:9	EPH.3.20-EPH.3.21	5
52:9	PSA.27.14	4
52:9	PSA.40.1	4
52:9	PSA.48.9-PSA.48.10	4
52:9	PSA.123.2-PSA.123.3	4
52:9	PSA.30.12	3
52:9	PSA.146.2	3
53:1	PSA.10.4	9
53:1	PSA.14.1-PSA.14.7	8
53:1	LUK.12.20	4
53:1	ROM.3.10-ROM.3.31	4
53:1	ROM.1.28	3
53:1	1KI.14.24	2
53:1	JOB.15.16	2
53:1	PSA.10.11	2
53:1	PSA.10.13	2
53:1	GEN.6.5-GEN.6.6	1
53:1	GEN.6.11-GEN.6.13	1
53:1	LEV.18.24-LEV.18.30	1
53:1	DEU.12.31	1
53:1	1KI.12.26	1
53:1	JOB.14.4	1
53:1	PSA.10.6	1
53:1	PSA.88.1	1
53:1	MAT.5.22	1
53:1	ROM.1.21	1
53:1	EPH.5.12	1
53:1	1PE.4.3	1
53:1	PSA.92.6	0
53:1	EZK.16.47	0
53:1	EZK.16.51	0
53:2	ISA.55.6	14
53:2	2CH.15.2	11
53:2	PSA.27.8	9
53:2	JER.16.17	9
53:2	PSA.111.10	8
53:2	JER.23.24	8
53:2	2CH.19.3	7
53:2	PSA.33.13-PSA.33.14	7
53:2	PSA.102.19	6
53:2	1CH.28.9	5
53:2	JOB.28.28	5
53:2	PSA.10.4	5
53:2	PSA.11.4	5
53:2	DEU.4.6	4
53:3	ROM.3.12	11
53:3	ISA.64.6	8
53:3	PSA.14.3	7
53:3	ISA.53.6	7
53:3	JER.8.5-JER.8.6	5
53:3	3JN.1.11	3
53:3	2SA.20.2	1
53:3	JOB.15.16	1
53:3	EZK.36.25	1
53:3	ZEP.1.6	1
53:3	2CO.7.1	1
53:3	1JN.2.29	1
53:3	REV.22.11	1
53:4	JER.4.22	9
53:4	JER.10.25	7
53:4	PSA.27.2	4
53:4	PSA.94.8	3
53:4	ISA.27.11	3
53:4	MAT.23.17-MAT.23.39	2
53:4	REV.17.16	2
53:5	PRO.28.1	9
53:5	LEV.26.36	8
53:5	PSA.83.16-PSA.83.17	6
53:5	PSA.141.7	6
53:5	JER.6.30	6
53:5	EZK.6.5	6
53:5	LEV.26.17	5
53:5	1SA.14.15	4
53:5	JER.8.1-JER.8.2	4
53:5	DEU.28.65-DEU.28.67	3
53:5	2KI.7.6-2KI.7.7	3
53:5	PSA.2.4	3
53:5	PSA.14.5	3
53:5	PSA.35.4	3
53:5	PSA.35.26	3
53:5	PSA.40.14	3
53:5	PSA.73.20	3
53:5	EZK.37.1-EZK.37.11	3
53:5	JOB.15.21	2
53:5	LAM.2.6	2
53:5	ISA.37.22-ISA.37.38	1
53:6	PSA.14.7	7
53:6	JER.30.18	7
53:6	ISA.12.6	5
53:6	NEH.12.43	4
53:6	PSA.106.46-PSA.106.48	4
53:6	PSA.126.1-PSA.126.4	4
53:6	ISA.12.1-ISA.12.3	4
53:6	ISA.14.32	4
53:6	EZR.3.11	3
53:6	PSA.85.1	3
53:6	JER.31.23	3
53:6	JOL.3.1	3
53:6	AMO.9.14	3
53:6	JOB.42.10	2
53:6	PSA.50.2	2
54:1	PRO.18.10	9
54:1	1SA.26.1	7
54:1	PSA.20.1	6
54:1	PSA.79.9	6
54:1	ACT.4.12	6
54:1	PSA.48.10	4
54:1	MAT.1.21	3
54:1	EXO.3.14-EXO.3.15	2
54:1	ISA.30.27	2
54:1	EXO.23.21	1
54:1	EXO.34.5-EXO.34.6	1
54:1	1SA.23.19-1SA.23.20	1
54:1	2CH.20.6	1
54:1	PSA.26.1	1
54:1	PSA.43.1-PSA.43.2	1
54:1	JER.50.34	1
54:1	MIC.7.5-MIC.7.6	1
54:1	PSA.99.4	0
54:1	PRO.23.11	0
54:1	MAT.1.23	0
54:1	MAT.10.21	0
54:2	PSA.130.2	6
54:2	PSA.13.3	3
54:2	PSA.143.7	3
54:2	PSA.5.1-PSA.5.3	2
54:2	PSA.55.1-PSA.55.2	2
54:3	PSA.86.14	10
54:3	PSA.36.1	7
54:3	JHN.16.3	6
54:3	PSA.53.4	5
54:3	JOB.19.13-JOB.19.15	3
54:3	PSA.16.8	3
54:3	PSA.22.16	3
54:3	PSA.40.14	3
54:3	PSA.59.3-PSA.59.5	3
54:3	PSA.69.8	3
54:3	MAT.27.20-MAT.27.23	2
54:4	HEB.13.6	26
54:4	PSA.118.6-PSA.118.7	21
54:4	ISA.41.10	19
54:4	ROM.8.31	15
54:4	PSA.118.13	14
54:4	ISA.50.7-ISA.50.9	7
54:4	1CH.12.18	5
54:4	ISA.42.1	5
54:4	PSA.41.12	2
54:5	PSA.143.12	8
54:5	PSA.89.49	6
54:5	PSA.31.23	4
54:5	PSA.94.23	4
54:5	PSA.137.8	3
54:5	2TI.4.14	3
54:5	REV.18.6	3
54:5	PSA.5.8	2
54:5	PSA.27.11	2
54:5	PSA.143.1	1
54:6	PSA.52.9	11
54:6	PSA.140.13	9
54:6	PSA.147.1	9
54:6	PSA.7.17	8
54:6	DEU.12.6-DEU.12.7	7
54:6	PSA.107.22	7
54:6	PSA.21.13	6
54:6	PSA.92.1	6
54:6	PSA.116.17	6
54:6	PSA.50.14	5
54:6	PSA.66.13-PSA.66.16	5
54:7	PSA.59.10	13
54:7	PSA.92.11	11
54:7	PSA.112.8	11
54:7	PSA.118.7	10
54:7	2TI.4.18	8
54:7	PSA.37.34	7
54:7	PSA.34.6	6
54:7	PSA.34.19	6
54:7	PSA.58.10-PSA.58.11	6
54:7	PSA.91.8	6
54:7	GEN.48.16	5
54:7	1SA.26.24	5
54:7	2SA.4.9	5
55:1	1PE.3.12	15
55:1	PSA.86.6	12
55:1	PSA.61.1	10
55:1	PSA.27.9	9
55:1	PSA.64.1	8
55:1	PSA.80.1	8
55:1	PSA.54.1-PSA.54.2	7
55:1	PSA.84.8	7
55:1	PSA.143.7	7
55:1	PSA.5.1	6
55:1	PSA.80.4	6
55:1	PSA.6.1	5
55:1	PSA.17.1	5
55:1	PSA.28.1	5
55:1	LAM.3.8	5
55:2	ISA.38.14	10
55:2	PSA.66.19	6
55:2	PSA.77.3	6
55:2	PSA.64.1	5
55:2	ISA.59.11	5
55:2	PSA.38.6	4
55:2	PSA.43.2	4
55:2	PSA.102.9-PSA.102.10	4
55:2	PSA.13.1-PSA.13.2	2
55:2	PSA.32.3	2
55:3	2SA.16.7-2SA.16.8	7
55:3	PSA.35.11	4
55:3	PSA.27.12	3
55:3	2SA.15.3	2
55:3	2SA.19.19	2
55:3	PSA.12.5	2
55:3	PSA.17.9	2
55:3	PSA.54.3	2
55:3	PSA.71.11	2
55:3	PSA.73.8	2
55:3	LAM.3.34-LAM.3.36	2
55:3	MAT.26.59	2
55:4	PSA.116.3	6
55:4	MRK.14.33-MRK.14.34	5
55:4	2CO.1.8-2CO.1.10	4
55:4	PSA.18.4-PSA.18.5	3
55:4	HEB.5.7	3
55:4	PSA.6.3	2
55:4	PSA.69.20	2
55:4	PSA.88.3	2
55:4	PSA.102.3-PSA.102.5	2
55:4	ISA.38.10-ISA.38.13	2
55:4	MAT.26.37-MAT.26.38	2
55:4	JHN.12.27	1
55:5	JOB.21.6	6
55:5	PSA.119.120	6
55:5	LUK.22.44	3
55:5	2SA.15.14	2
55:5	JOB.6.4	2
55:5	JOB.23.15-JOB.23.16	2
55:5	PSA.42.6	2
55:5	PSA.61.2	2
55:5	PSA.88.15-PSA.88.16	2
55:5	ISA.21.4	2
55:5	EZK.7.18	2
55:6	PSA.11.1	10
55:6	REV.12.14	10
55:6	PSA.139.9	9
55:7	JER.9.2	9
55:7	2SA.15.14	7
55:7	JER.37.12	6
55:7	2SA.17.21-2SA.17.22	5
55:7	PRO.6.4-PRO.6.5	5
55:7	1SA.27.1	3
55:8	ISA.4.6	4
55:8	MAT.7.25-MAT.7.27	3
55:8	PSA.18.4	2
55:8	ISA.17.12-ISA.17.13	1
55:9	JER.6.7	5
55:9	GEN.11.7-GEN.11.9	3
55:9	2SA.15.31	3
55:9	ACT.23.6-ACT.23.10	3
55:9	2SA.17.1-2SA.17.14	2
55:9	JER.23.14	2
55:9	MAT.23.37-MAT.23.38	2
55:9	JHN.7.45-JHN.7.53	2
55:10	PSA.59.14-PSA.59.15	5
55:10	ISA.59.6-ISA.59.15	4
55:10	JHN.18.28	4
55:10	PSA.59.6	3
55:10	EZK.9.4	3
55:10	ACT.9.24	3
55:10	1SA.19.11	2
55:10	2SA.16.21-2SA.16.22	2
55:10	2SA.17.1-2SA.17.2	2
55:10	HOS.7.6	2
55:10	MIC.2.1-MIC.2.2	2
55:10	ZEP.3.1-ZEP.3.3	2
55:10	JHN.18.3	2
55:11	PSA.5.9	4
55:11	ISA.59.7	4
55:11	PSA.10.7	3
55:11	JER.5.26-JER.5.27	3
55:11	ACT.7.51-ACT.7.52	3
55:11	PSA.109.2-PSA.109.3	2
55:11	JER.9.3-JER.9.5	2
55:11	EZK.22.1-EZK.22.12	2
55:11	MAT.26.4	2
55:12	PSA.41.9	11
55:12	JHN.13.18	7
55:12	MAT.26.21-MAT.26.23	5
55:12	PSA.35.26	3
55:12	JHN.18.2-JHN.18.3	2
55:12	PSA.38.16	1
55:12	ISA.10.15	1
55:13	MIC.7.5	8
55:13	2SA.15.12	7
55:13	JER.9.4	7
55:13	MRK.14.44-MRK.14.45	5
55:13	2SA.16.23	4
55:13	PSA.41.9	4
55:13	LUK.22.47-LUK.22.48	4
55:13	LUK.22.21	3
55:13	MAT.26.47-MAT.26.50	2
55:13	JHN.19.13	2
55:14	PSA.42.4	6
55:14	EZK.33.31	4
55:14	PSA.122.1	3
55:14	ISA.2.3	3
55:15	PSA.59.13	7
55:15	PSA.9.17	6
55:15	PSA.64.7	6
55:15	PSA.109.6-PSA.109.20	6
55:15	ACT.1.18-ACT.1.20	6
55:15	NUM.16.30-NUM.16.34	5
55:15	2SA.18.14	5
55:15	MAT.26.24	5
55:15	MAT.27.5	5
55:15	ACT.1.25	5
55:15	2SA.18.9	4
55:15	PSA.69.22-PSA.69.28	3
55:15	2SA.17.23	1
55:16	PSA.50.15	8
55:16	LUK.6.11-LUK.6.12	5
55:16	PSA.73.28	4
55:16	PSA.91.15	4
55:16	PSA.109.4	3
55:17	EPH.6.18	22
55:17	1TH.5.17	22
55:17	PSA.141.2	18
55:17	ACT.3.1	16
55:17	HEB.5.7	16
55:17	PSA.119.147-PSA.119.148	14
55:17	DAN.6.10	14
55:17	MRK.1.35	14
55:17	ACT.10.9	14
55:17	PSA.92.2	13
55:17	PSA.119.62	13
55:17	PSA.88.13	11
55:17	ACT.10.30	11
55:17	PSA.5.2-PSA.5.3	10
55:17	MRK.6.46	10
55:17	ACT.10.3	10
55:17	DAN.6.13	9
55:17	LUK.18.1-LUK.18.7	9
55:17	JOB.19.7	5
55:17	LAM.3.8	5
55:17	MRK.6.48	5
55:18	PSA.3.6-PSA.3.7	11
55:18	PSA.57.3	11
55:18	MAT.26.53	11
55:18	1JN.4.4	11
55:18	2SA.22.1	10
55:18	2CH.32.7-2CH.32.8	10
55:18	PSA.27.1-PSA.27.3	10
55:18	2SA.18.28	8
55:18	2KI.6.16	8
55:18	PSA.118.10-PSA.118.12	8
55:18	ACT.2.33-ACT.2.36	8
55:18	PSA.56.2	7
55:19	DEU.33.27	9
55:19	ZEP.1.12	7
55:19	ECC.8.11	6
55:19	JER.48.11	5
55:19	MIC.5.2	5
55:19	COL.1.17	5
55:19	REV.6.10-REV.6.11	5
55:19	PSA.65.5	4
55:19	PSA.73.5-PSA.73.6	4
55:19	PSA.78.59	4
55:19	PSA.143.12	4
55:19	PRO.1.32	4
55:19	ISA.36.20	4
55:19	1TH.2.15-1TH.2.16	4
55:19	PSA.90.1-PSA.90.2	3
55:20	PSA.7.4	5
55:20	PSA.89.34	5
55:20	ACT.12.1	5
55:20	PSA.109.5	4
55:20	PSA.120.6-PSA.120.7	4
55:20	1SA.22.17	3
55:20	1SA.24.10	3
55:20	PSA.89.28	3
55:20	PSA.89.38	3
55:20	ECC.8.2	3
55:20	EZK.17.16-EZK.17.19	3
55:20	2SA.2.4	2
55:20	2SA.5.3	2
55:20	2SA.14.32-2SA.14.33	2
55:20	2SA.15.10-2SA.15.12	2
55:20	2SA.18.12	2
55:21	PSA.57.4	12
55:21	PSA.28.3	9
55:21	PRO.5.3-PRO.5.4	9
55:21	PRO.26.28	9
55:21	PSA.12.2	6
55:21	PSA.64.3	6
55:21	PRO.26.24-PRO.26.26	6
55:21	LUK.20.20-LUK.20.21	6
55:21	PSA.62.4	5
55:21	PRO.12.18	5
55:21	MAT.26.25	5
55:21	PSA.59.7	4
55:21	JHN.13.2	4
55:22	1PE.5.7	167
55:22	PSA.37.5	158
55:22	PHP.4.6-PHP.4.7	133
55:22	MAT.6.25	103
55:22	PSA.62.6	99
55:22	PSA.16.8	86
55:22	PSA.27.14	81
55:22	PSA.37.24	81
55:22	PSA.62.2	72
55:22	MAT.11.28	69
55:22	PSA.62.8	67
55:22	PSA.63.8	53
55:22	MAT.6.31-MAT.6.34	53
55:22	PSA.121.3	49
55:22	1SA.2.9	43
55:22	JHN.10.27-JHN.10.30	41
55:22	PSA.42.10-PSA.42.11	40
55:22	ISA.50.10	39
55:22	1PE.1.5	36
55:22	LUK.12.22	35
55:23	PRO.10.27	9
55:23	PSA.5.6	7
55:23	JOB.15.32	6
55:23	PSA.7.15-PSA.7.16	4
55:23	PSA.73.18	4
55:23	ECC.7.17	3
55:23	ISA.38.17	3
55:23	MAT.27.4-MAT.27.5	3
55:23	2SA.3.27	2
55:23	2SA.20.9-2SA.20.10	2
55:23	1KI.2.5-1KI.2.6	2
55:23	PSA.25.2	2
55:23	PSA.58.9	2
55:23	PSA.59.12-PSA.59.13	2
55:23	PRO.15.11	2
55:23	PRO.27.20	2
56:1	1SA.29.4	6
56:1	PSA.16.1	5
56:1	PSA.31.9	5
56:1	PSA.59.1	5
56:1	PSA.69.13-PSA.69.16	5
56:1	1SA.21.11-1SA.21.15	4
56:1	PSA.27.2	4
56:1	PSA.60.1	4
56:1	PSA.143.12	4
56:1	1CO.15.54	4
56:1	PSA.21.9	3
56:1	PSA.35.25	3
56:1	PSA.57.1-PSA.57.3	3
56:1	PSA.58.1	3
56:1	PSA.124.3	3
56:1	PSA.136.10	3
56:1	PSA.136.15	3
56:1	PSA.136.17-PSA.136.20	3
56:1	PRO.1.12	3
56:1	LAM.2.2	3
56:1	LAM.2.5	3
56:1	HOS.8.8	3
56:1	PSA.59.10	2
56:1	PSA.106.17	2
56:1	LAM.2.16	2
56:2	PSA.118.10-PSA.118.12	5
56:2	PSA.57.3	4
56:2	PSA.3.1	3
56:2	PSA.9.2	3
56:2	PSA.35.1	3
56:2	PSA.54.5	3
56:2	PSA.91.1	3
56:2	PSA.92.1	3
56:2	PSA.92.8	3
56:2	PSA.93.4	3
56:2	ISA.57.15	3
56:2	DAN.5.18	3
56:2	MIC.6.6	3
56:2	ACT.4.25-ACT.4.27	3
56:2	REV.16.14	3
56:3	PSA.34.4	81
56:3	1SA.30.6	31
56:3	2CO.7.5-2CO.7.6	26
56:3	PSA.55.4-PSA.55.5	22
56:3	PSA.11.1	17
56:3	2CO.1.8-2CO.1.10	17
56:3	1SA.21.12	16
56:3	2CH.20.3	16
56:3	1SA.21.10	14
56:4	HEB.13.6	36
56:4	PSA.118.6	33
56:4	ROM.8.31-ROM.8.39	29
56:4	PSA.27.1	27
56:4	ISA.41.10	24
56:4	LUK.12.4-LUK.12.5	15
56:4	PSA.56.10-PSA.56.11	14
56:4	PSA.46.1-PSA.46.2	11
56:4	PSA.119.89-PSA.119.90	9
56:4	ISA.31.3	8
56:4	PSA.19.7-PSA.19.8	7
56:4	PSA.12.6	6
56:4	PSA.119.160	6
56:4	PSA.138.2	4
56:4	JHN.10.35	1
56:5	MAT.22.15	10
56:5	PSA.41.7	8
56:5	LUK.11.54	8
56:5	ISA.29.20-ISA.29.21	7
56:5	2PE.3.16	6
56:5	1SA.18.21	5
56:5	1SA.18.17	4
56:5	LUK.22.3-LUK.22.6	4
56:5	JHN.2.19	4
56:5	1SA.18.29	3
56:5	JER.18.18	3
56:5	MAT.26.61	3
56:5	1SA.20.7	2
56:5	1SA.20.33	2
56:6	PSA.59.3	7
56:6	PSA.71.10	7
56:6	PSA.140.2	5
56:6	LUK.20.20	4
56:6	ACT.23.12-ACT.23.14	4
56:6	JOB.14.16	2
56:6	JOB.31.4	2
56:6	PSA.2.1-PSA.2.3	2
56:6	PSA.10.8-PSA.10.10	2
56:6	PSA.37.32	2
56:6	PSA.57.6	2
56:6	PSA.64.2-PSA.64.6	2
56:6	PSA.89.51	2
56:6	ISA.54.15	2
56:6	JER.20.10	2
56:6	DAN.6.4	2
56:6	MAT.26.3-MAT.26.4	2
56:6	MAT.26.57	2
56:6	MAT.27.1	2
56:6	ACT.4.5-ACT.4.6	2
56:7	PSA.55.23	5
56:7	PSA.36.12	3
56:7	PSA.55.9	3
56:7	PSA.55.15	3
56:7	PSA.94.20-PSA.94.21	3
56:7	ECC.8.8	3
56:7	ISA.28.15	3
56:7	JER.7.10	3
56:7	JER.10.25	3
56:7	JER.18.19-JER.18.23	3
56:7	HAB.1.13	3
56:8	2KI.20.5	29
56:8	MAL.3.16	28
56:8	PSA.39.12	26
56:8	REV.7.17	26
56:8	PSA.126.5-PSA.126.6	24
56:8	MAT.10.30	21
56:8	PSA.139.16	20
56:8	PSA.121.8	17
56:8	HEB.11.13	12
56:8	ISA.63.9	11
56:8	JOB.16.20	10
56:8	PSA.105.13-PSA.105.14	9
56:8	REV.20.12	9
56:8	1SA.22.1-1SA.22.5	8
56:8	HEB.11.38	7
56:8	NUM.33.2-NUM.33.56	6
56:8	1SA.19.18	6
56:8	1SA.27.1	6
56:8	2CO.11.26	4
56:8	HEB.11.8	4
56:9	ROM.8.31	16
56:9	PSA.118.6	12
56:9	PSA.46.11	10
56:9	PSA.102.2	10
56:9	PSA.118.11-PSA.118.13	10
56:9	ISA.8.9-ISA.8.10	10
56:9	PSA.9.3	8
56:9	PSA.46.7	8
56:9	JER.33.3	8
56:9	PSA.27.2	7
56:9	JHN.18.6	7
56:9	PSA.18.38-PSA.18.42	5
56:9	EXO.17.9-EXO.17.11	3
56:10	MAT.24.35	8
56:10	GEN.32.11	3
56:10	PSA.56.4	3
56:10	PSA.60.6	2
56:10	HEB.6.18	2
56:10	2PE.1.4	2
56:11	PSA.27.1	17
56:11	ISA.51.12-ISA.51.13	12
56:11	ISA.51.7-ISA.51.8	11
56:11	PSA.112.7-PSA.112.8	8
56:12	PSA.9.1-PSA.9.3	5
56:12	1SA.1.24-1SA.1.28	4
56:12	PSA.50.14	4
56:12	NUM.30.2-NUM.30.16	3
56:12	PSA.76.11	3
56:12	PSA.119.106	3
56:12	ECC.5.4-ECC.5.6	3
56:12	GEN.28.20-GEN.28.22	2
56:12	GEN.35.1-GEN.35.3	2
56:12	1SA.1.11	2
56:12	PSA.21.13	2
56:12	PSA.59.16-PSA.59.17	2
56:12	PSA.66.13-PSA.66.14	2
56:12	PSA.116.14-PSA.116.19	2
56:12	ISA.12.1	1
56:13	PSA.116.8-PSA.116.9	15
56:13	JOB.33.30	13
56:13	REV.21.23-REV.21.24	11
56:13	PSA.145.14	10
56:13	PSA.49.15	9
56:13	PSA.17.5	8
56:13	ISA.2.5	8
56:13	1TH.1.10	8
56:13	GEN.17.1	7
56:13	PSA.86.12-PSA.86.13	6
56:13	PSA.94.18	6
56:13	ISA.38.3	6
56:13	1SA.2.9	4
56:13	JHN.8.12	4
56:13	JHN.12.35-JHN.12.36	4
56:13	HEB.2.15	4
56:13	JAS.5.20	4
56:13	EPH.5.8-EPH.5.14	3
56:13	2CO.1.10	2
57:1	PSA.91.4	23
57:1	PSA.17.7-PSA.17.8	16
57:1	PSA.36.7	16
57:1	PSA.9.10	15
57:1	PSA.63.7	15
57:1	PSA.61.4	14
57:1	REV.21.4	14
57:1	PSA.69.13-PSA.69.16	13
57:1	JAS.5.10-JAS.5.11	13
57:1	RUT.2.12	12
57:1	PSA.91.1	12
57:1	ISA.26.20	12
57:1	PSA.56.1	9
57:1	PSA.2.12	8
57:1	PSA.13.5	8
57:1	PSA.91.9	8
57:1	PSA.119.76-PSA.119.77	8
57:1	ISA.50.10	8
57:1	REV.7.14	8
57:1	PSA.142.1	7
57:1	JHN.16.20	7
57:1	PSA.58.1	6
57:1	PSA.59.1	6
57:1	PSA.125.1	6
57:1	MAT.24.22	6
57:1	1SA.22.1	4
57:1	1SA.24.3	4
57:1	ISA.10.25	4
57:1	LUK.13.34	4
57:1	1SA.24.8	3
57:2	PSA.138.8	31
57:2	PHP.1.6	24
57:2	HEB.13.21	17
57:2	ISA.26.12	14
57:2	PSA.136.2-PSA.136.3	7
57:2	PHP.2.12	7
57:2	ISA.57.15	6
57:2	PSA.56.2	5
57:3	PSA.40.11	15
57:3	PSA.43.3	12
57:3	PSA.144.5-PSA.144.7	11
57:3	ACT.12.11	11
57:3	PSA.56.1-PSA.56.2	8
57:3	PSA.61.7	8
57:3	MAT.28.2-MAT.28.6	7
57:3	NUM.23.24	6
57:3	PSA.18.6-PSA.18.50	6
57:3	MIC.3.2-MIC.3.3	6
57:3	JHN.1.17	6
57:3	JOB.31.31	5
57:4	PSA.58.6	8
57:4	PRO.30.14	7
57:4	PSA.35.17	6
57:4	PSA.55.21	5
57:4	PSA.64.3	4
57:4	PRO.12.18	4
57:4	PSA.52.2	3
57:4	DAN.6.22-DAN.6.24	3
57:4	JHN.4.10-JHN.4.11	3
57:4	JDG.9.20	2
57:4	PSA.10.9	2
57:4	PSA.17.12-PSA.17.13	2
57:4	PSA.59.7	2
57:4	PRO.25.18	2
57:4	PRO.28.15	2
57:4	JAS.3.6	2
57:4	PSA.22.13-PSA.22.16	1
57:4	REV.19.15	1
57:5	HAB.2.14	150
57:5	ISA.6.3	125
57:5	PSA.72.19	106
57:5	NUM.14.21	100
57:5	PSA.57.11	93
57:5	PSA.108.4-PSA.108.5	84
57:5	PSA.113.4-PSA.113.6	76
57:5	HAB.3.3	63
57:5	PSA.148.13	52
57:5	PSA.8.1	49
57:5	MAT.6.9-MAT.6.10	46
57:5	ISA.2.11	44
57:5	ISA.37.20	42
57:5	PSA.21.13	40
57:5	ISA.2.17	40
57:5	ISA.12.4	40
57:5	1CH.29.1	23
57:6	PSA.145.14	10
57:6	PSA.7.15-PSA.7.16	9
57:6	PRO.28.10	9
57:6	MIC.7.2	8
57:6	PSA.35.7-PSA.35.8	6
57:6	PSA.140.5	6
57:6	PSA.9.15-PSA.9.16	5
57:6	PSA.142.3	4
57:6	PRO.29.5	4
57:6	1SA.23.22-1SA.23.26	3
57:6	PSA.42.6	3
57:6	PSA.143.4	3
57:6	MAT.26.37-MAT.26.38	3
57:7	PSA.112.7	14
57:7	EPH.5.20	13
57:7	PSA.34.4	12
57:7	ROM.5.3	7
57:7	PSA.108.1-PSA.108.5	6
57:7	ISA.24.15	6
57:8	PSA.16.9	11
57:8	PSA.30.12	10
57:8	JDG.5.12	9
57:8	PSA.108.1-PSA.108.3	9
57:8	ISA.52.1	8
57:8	ACT.2.26	7
57:8	PSA.150.3	5
57:8	ISA.52.9	5
57:9	PSA.22.22-PSA.22.23	7
57:9	PSA.96.3	7
57:9	PSA.18.49	6
57:9	ROM.15.9	6
57:9	PSA.2.1	5
57:9	PSA.138.1	5
57:9	PSA.138.4-PSA.138.5	5
57:9	PSA.145.10-PSA.145.12	4
57:10	PSA.108.4	15
57:10	PSA.36.5	14
57:10	PSA.103.11	14
57:10	ISA.54.7-ISA.54.10	11
57:10	PSA.71.19	7
57:10	HEB.6.17-HEB.6.18	5
57:10	PSA.85.10-PSA.85.11	3
57:10	PSA.89.1-PSA.89.2	2
57:10	GEN.9.9-GEN.9.17	0
57:11	PSA.57.5	7
57:11	PSA.8.1	6
57:11	REV.15.3-REV.15.4	5
57:11	PSA.8.9	4
58:1	PSA.57.1	7
58:1	ISA.11.3-ISA.11.5	7
58:1	DEU.16.18-DEU.16.19	6
58:1	PSA.72.1-PSA.72.4	6
58:1	DEU.1.15-DEU.1.16	5
58:1	2SA.23.3	5
58:1	2CH.19.6-2CH.19.7	5
58:1	PSA.82.1-PSA.82.2	5
58:1	JER.23.5-JER.23.6	5
58:1	NUM.11.16	4
58:1	2SA.5.3	4
58:1	PSA.59.1	4
58:1	PSA.82.6-PSA.82.7	4
58:1	MAT.26.3	4
58:1	LUK.23.50-LUK.23.51	4
58:1	ISA.32.1	3
58:1	ACT.5.21	3
58:1	MAT.27.1	2
58:2	PSA.94.20	6
58:2	ISA.10.1	6
58:2	ECC.3.16	4
58:2	EZK.22.27	4
58:2	MIC.3.1-MIC.3.3	4
58:2	PSA.21.11	3
58:2	ISA.26.7	3
58:2	ISA.59.4-ISA.59.6	3
58:2	JER.22.16-JER.22.17	3
58:2	EZK.22.12	3
58:2	MIC.3.9-MIC.3.12	3
58:2	MAL.3.15	3
58:2	JHN.11.47-JHN.11.53	3
58:3	PSA.51.5	13
58:3	ISA.48.8	7
58:3	PRO.22.15	6
58:3	JOB.15.14	5
58:3	EPH.2.3	5
58:3	PSA.22.10	3
58:3	ISA.46.3	2
58:4	PSA.140.3	5
58:4	JAS.3.8	5
58:4	ECC.10.11	3
58:4	JER.8.17	3
58:4	ROM.3.13	3
58:4	DEU.32.33	2
58:4	JOB.20.14	2
58:4	JOB.20.16	2
58:4	ISA.11.8	2
58:4	MAT.3.7	2
58:4	MAT.23.33	2
58:5	JER.8.17	6
58:5	DEU.18.11	2
58:5	ISA.19.3	2
58:6	PSA.3.7	8
58:6	HOS.5.14	4
58:6	JOB.4.10-JOB.4.11	3
58:6	JOB.29.17	3
58:6	PSA.10.15	3
58:6	PSA.17.12	3
58:6	MIC.5.8	3
58:6	NUM.23.24	2
58:6	PSA.91.13	2
58:6	ISA.31.4	2
58:6	EZK.30.21-EZK.30.26	2
58:7	JOS.7.5	6
58:7	PSA.112.10	6
58:7	EXO.15.15	3
58:7	JOS.2.9-JOS.2.11	3
58:7	PSA.64.3	3
58:7	ISA.13.7	3
58:7	2SA.17.10	2
58:7	PSA.22.14	2
58:7	PSA.64.7-PSA.64.8	2
58:8	JOB.3.16	5
58:8	ECC.6.3	4
58:8	PSA.37.35-PSA.37.36	3
58:8	JAS.1.10	3
58:8	MAT.24.35	1
58:9	PRO.10.25	7
58:9	PSA.118.12	6
58:9	ECC.7.6	6
58:9	ISA.17.13	3
58:9	JER.23.19	3
58:9	NUM.16.30	2
58:9	JOB.18.18	2
58:9	JOB.20.5-JOB.20.29	2
58:9	JOB.27.21	2
58:9	PSA.10.2	2
58:9	PSA.10.5	2
58:9	PSA.55.23	2
58:9	PSA.73.18-PSA.73.20	2
58:9	PRO.1.27	2
58:9	PRO.14.32	2
58:9	ISA.40.24	2
58:10	PSA.68.23	8
58:10	PSA.91.8	6
58:10	PRO.11.10	5
58:10	REV.11.17-REV.11.18	5
58:10	DEU.32.43	4
58:10	PSA.64.10	4
58:10	PSA.107.42	3
58:10	JDG.5.31	2
58:10	JOB.22.19	2
58:10	JOB.29.6	2
58:10	PSA.52.6	2
58:10	PSA.68.1-PSA.68.3	2
58:10	REV.18.20	2
58:10	REV.14.20	1
58:10	REV.19.1-REV.19.6	1
58:11	PSA.67.4	14
58:11	ISA.3.10	14
58:11	PSA.33.18	12
58:11	PSA.64.9	12
58:11	MAL.2.17	10
58:11	MAL.3.14	10
58:11	ROM.2.5	10
58:11	PSA.98.9	9
58:11	ROM.6.21-ROM.6.22	9
58:11	PSA.73.13-PSA.73.15	8
58:11	2PE.3.4-2PE.3.10	8
58:11	PSA.9.8	7
58:11	PSA.18.20	7
58:11	PSA.92.15	7
58:11	PSA.94.2	7
58:11	PSA.96.13	7
58:11	PSA.9.16	5
59:1	1SA.19.11-1SA.19.24	15
59:1	PSA.18.48	11
59:1	PSA.57.1	7
59:1	ISA.33.16	7
59:1	LUK.1.74-LUK.1.75	7
59:1	PSA.7.1-PSA.7.2	4
59:1	PSA.71.4	4
59:1	PSA.143.9	4
59:1	2CO.11.32-2CO.11.33	4
59:1	2TI.4.17-2TI.4.18	4
59:1	JDG.16.2-JDG.16.3	3
59:1	PSA.12.5	3
59:1	PSA.20.1	3
59:1	PSA.143.12	3
59:1	PSA.58.1	2
59:1	PSA.91.14	2
59:2	PSA.139.19	6
59:2	PSA.26.9	4
59:2	PSA.55.23	3
59:2	PSA.27.2	2
59:3	PSA.56.6	9
59:3	PSA.69.4	7
59:3	1SA.24.11	6
59:3	PRO.12.6	5
59:3	JHN.15.25	5
59:3	PSA.37.32-PSA.37.33	4
59:3	MIC.7.2	4
59:3	1SA.19.1	3
59:3	1SA.24.17	3
59:3	1SA.26.18	3
59:3	PSA.2.2	3
59:3	PSA.7.3-PSA.7.6	3
59:3	PSA.38.12	3
59:3	ACT.23.21	3
59:3	ACT.4.26-ACT.4.27	2
59:3	PSA.10.9-PSA.10.10	1
59:4	PSA.35.23	5
59:4	1SA.19.12-1SA.19.24	2
59:4	PSA.5.6	2
59:4	PSA.35.19	2
59:4	PSA.44.23	2
59:4	PRO.1.16	2
59:4	ISA.51.9	2
59:4	ISA.59.7	2
59:4	ACT.23.15	2
59:4	ROM.3.15	2
59:5	PSA.9.15	3
59:5	PSA.55.15	3
59:5	PSA.84.8	3
59:5	GEN.33.20	2
59:5	EXO.3.15	2
59:5	EXO.20.5	2
59:5	PSA.7.12-PSA.7.13	2
59:5	PSA.54.3	2
59:5	PSA.80.4	2
59:5	ISA.1.10	2
59:5	ISA.27.11	2
59:5	JER.18.23	2
59:5	EZK.18.27-EZK.18.28	2
59:5	AMO.9.7	2
59:5	ROM.2.28-ROM.2.29	2
59:5	ROM.9.6	2
59:5	JAS.2.13	2
59:6	PSA.59.14	6
59:6	PSA.22.16	3
59:6	1SA.19.11	2
59:7	PSA.57.4	6
59:7	PSA.10.11	5
59:7	PRO.15.2	5
59:7	PSA.73.11	4
59:7	PSA.10.13	3
59:7	PSA.55.21	3
59:7	PSA.64.3-PSA.64.5	3
59:7	PSA.94.7-PSA.94.9	3
59:7	PRO.12.18	3
59:7	PRO.15.28	3
59:7	JOB.22.12-JOB.22.13	2
59:7	PSA.94.4	2
59:7	PSA.109.2-PSA.109.3	2
59:7	JER.33.24	2
59:7	MAT.12.34	2
59:8	PSA.37.13	6
59:8	PRO.1.26	6
59:8	PSA.2.4	5
59:8	PSA.59.5	3
59:8	MAT.18.17	3
59:8	1SA.19.15-1SA.19.16	2
59:9	PSA.9.9	7
59:9	ISA.26.3-ISA.26.4	6
59:9	PSA.27.14	5
59:9	PSA.62.2	5
59:9	PSA.59.17	4
59:9	PSA.27.1	3
59:9	ISA.12.2	3
59:9	ISA.40.31	3
59:9	HAB.3.19	3
59:9	PSA.18.1-PSA.18.2	2
59:9	PSA.20.1	2
59:9	PSA.46.1	2
59:9	PSA.46.7	2
59:9	PSA.62.5-PSA.62.6	2
59:9	PSA.62.11	2
59:9	ISA.58.14	2
59:9	MAT.6.13	2
59:10	1PE.5.10	10
59:10	PSA.21.3	9
59:10	PSA.54.7	9
59:10	PSA.59.17	9
59:10	PSA.54.5	7
59:10	PSA.92.11	7
59:10	PSA.5.8	6
59:10	PSA.56.2	6
59:10	PSA.91.8	6
59:10	ISA.65.24	6
59:10	JER.17.16	6
59:10	EPH.2.4-EPH.2.5	6
59:10	2SA.1.11-2SA.1.12	5
59:10	2SA.1.17	5
59:10	PSA.56.6	5
59:10	PSA.79.8	5
59:10	PSA.112.8	5
59:10	LUK.19.41-LUK.19.44	5
59:10	2CO.1.3	5
59:10	1SA.26.10	3
59:10	ROM.10.2-ROM.10.3	3
59:10	1TH.4.15	2
59:11	PSA.3.3	5
59:11	DEU.4.27	4
59:11	DEU.28.64	4
59:11	LUK.1.51-LUK.1.52	4
59:11	REV.9.6	4
59:11	GEN.4.12-GEN.4.15	3
59:11	LEV.26.33	3
59:11	JDG.1.6-JDG.1.7	3
59:11	JOB.40.12	3
59:11	PSA.52.5	3
59:11	EZK.12.15-EZK.12.16	3
59:11	LUK.21.21	3
59:11	DEU.4.9	2
59:11	DEU.30.3-DEU.30.4	2
59:11	PSA.44.11	2
59:11	PSA.84.9	2
59:11	PSA.84.11	2
59:11	PSA.106.27	2
59:11	EZK.14.22-EZK.14.23	2
59:11	ECC.9.5	1
59:12	PRO.12.13	7
59:12	PSA.10.7	5
59:12	PRO.18.7	5
59:12	HOS.4.2	5
59:12	MAT.12.36-MAT.12.37	4
59:12	PSA.10.2	3
59:12	PSA.120.3-PSA.120.4	3
59:12	PSA.64.7-PSA.64.8	2
59:12	PSA.79.12	2
59:12	PSA.109.17-PSA.109.18	2
59:12	PSA.140.9-PSA.140.10	2
59:12	PRO.6.2	2
59:12	PRO.11.6	2
59:12	ZEP.3.11	2
59:12	MAT.27.25	2
59:12	MAT.27.63	2
59:12	LUK.23.5	2
59:13	PSA.83.18	7
59:13	PSA.7.9	6
59:13	EZK.39.7	5
59:13	PSA.59.11	4
59:13	NUM.14.34-NUM.14.35	3
59:13	NUM.32.13	3
59:13	DEU.2.14-DEU.2.16	3
59:13	DEU.7.22-DEU.7.23	3
59:13	1SA.17.46-1SA.17.47	3
59:13	1KI.18.36-1KI.18.37	3
59:13	2KI.19.19	3
59:13	PSA.46.10-PSA.46.11	3
59:13	PSA.104.35	3
59:13	PSA.135.5-PSA.135.6	3
59:13	ISA.54.5	3
59:13	EZK.38.23	3
59:13	DAN.4.25	3
59:14	PSA.22.16	5
59:14	PSA.59.6	3
59:15	JOB.15.23	6
59:15	PSA.109.10	4
59:15	JOB.30.1-JOB.30.7	3
59:15	LAM.5.9	3
59:15	DEU.28.48	2
59:15	DEU.28.53-DEU.28.58	2
59:15	2KI.6.25-2KI.6.29	2
59:15	ISA.8.21	2
59:15	ISA.56.11	2
59:15	LAM.4.9-LAM.4.10	2
59:15	MIC.3.5	2
59:15	MAT.24.7-MAT.24.8	2
59:15	LAM.4.4-LAM.4.5	1
59:16	PSA.21.13	27
59:16	EPH.3.20	24
59:16	ROM.15.9	18
59:16	PSA.30.5	16
59:16	PSA.143.8	15
59:16	PSA.31.7	12
59:16	EPH.1.6-EPH.1.7	12
59:16	PSA.138.7	11
59:16	JOB.37.23	10
59:16	PSA.59.9-PSA.59.10	10
59:16	PSA.77.2	10
59:16	1SA.17.37	9
59:16	PSA.36.5	9
59:16	PSA.46.1	9
59:16	PSA.61.2-PSA.61.3	9
59:16	PSA.88.13	9
59:16	PSA.101.1	9
59:16	PSA.116.1-PSA.116.5	9
59:16	2CO.1.10	9
59:16	PSA.4.1	8
59:16	PSA.5.3	8
59:16	PSA.89.1	8
59:16	PSA.145.11	8
59:16	HEB.5.7	8
59:16	1SA.19.11-1SA.19.12	7
59:16	PSA.106.8	7
59:16	JER.30.7	7
59:16	2SA.22.3	6
59:16	PSA.86.13	6
59:16	EXO.15.6	5
59:17	PSA.46.1	10
59:17	PSA.59.9-PSA.59.10	10
59:17	PSA.18.1	7
60:1	2SA.8.12-2SA.8.13	18
60:1	2SA.8.3	6
60:1	PSA.44.9	5
60:1	2SA.5.20	4
60:1	1CH.18.3	4
60:1	1CH.18.12-1CH.18.13	4
60:1	2KI.14.7	3
60:1	PSA.85.4	3
60:1	PSA.90.13	3
60:1	1SA.4.10-1SA.4.11	2
60:1	1SA.4.17	2
60:1	1SA.13.6-1SA.13.7	2
60:1	1SA.13.11	2
60:1	1SA.31.1-1SA.31.7	2
60:1	1CH.19.16-1CH.19.19	2
60:1	1CH.28.9	2
60:1	2CH.25.11	2
60:1	PSA.59.1	2
60:1	PSA.59.11	2
60:1	PSA.60.10	2
60:1	PSA.74.1	2
60:1	PSA.79.5	2
60:1	PSA.80.3	2
60:1	PSA.89.3	2
60:1	PSA.89.19	2
60:1	LAM.3.31-LAM.3.32	2
60:1	ROM.11.1-ROM.11.2	2
60:1	1SA.13.19-1SA.13.22	1
60:1	2SA.10.16	1
60:1	PSA.79.9	1
60:1	PSA.108.11	1
60:1	PSA.89.7	0
60:1	PSA.89.38	0
60:1	ZEC.10.6	0
60:2	2CH.7.14	8
60:2	ISA.30.26	6
60:2	HOS.6.1	6
60:2	PSA.18.7	4
60:2	ISA.5.25	4
60:2	JER.4.24	4
60:2	JER.10.10	4
60:2	JER.48.38	4
60:2	EZK.34.16	4
60:2	JOB.9.6	3
60:2	PSA.114.7	3
60:2	JER.14.17	3
60:2	JER.30.17	3
60:2	AMO.8.8	3
60:2	HAB.3.10	3
60:2	MAT.27.51	3
60:2	2SA.2.8-2SA.2.32	2
60:2	2SA.3.11-2SA.3.14	2
60:2	JOB.5.18	2
60:2	PSA.89.40	2
60:2	PSA.104.32	2
60:2	ISA.7.8	2
60:2	2SA.22.8	1
60:2	LAM.2.13	1
60:2	HAG.2.6-HAG.2.7	1
60:3	PSA.71.20	6
60:3	ISA.51.17	6
60:3	ISA.51.22	5
60:3	JER.25.15	4
60:3	PSA.75.8	3
60:3	EZK.23.31-EZK.23.32	3
60:3	NEH.9.32	2
60:3	LAM.4.21	2
60:3	DAN.9.12	2
60:3	HAB.2.16	2
60:3	REV.16.19	2
60:3	REV.18.16	2
60:4	PSA.20.5	12
60:4	EXO.17.15	8
60:4	ISA.11.12	8
60:4	ISA.5.26	5
60:4	SNG.2.4	4
60:4	ISA.13.2	4
60:4	ISA.49.22	3
60:4	ISA.59.14-ISA.59.15	3
60:4	JER.5.1-JER.5.3	3
60:4	PSA.12.1-PSA.12.2	2
60:4	PSA.45.4	2
60:4	ISA.59.19	2
60:5	ISA.41.10	7
60:5	EXO.15.6	6
60:5	PSA.17.7	5
60:5	PSA.108.6-PSA.108.13	5
60:5	PSA.18.35	4
60:5	PSA.60.12	3
60:5	PSA.74.11	3
60:5	MAT.17.5	3
60:5	DEU.7.7-DEU.7.8	2
60:5	DEU.33.3	2
60:5	DEU.33.12	2
60:5	PSA.20.6	2
60:5	PSA.22.8	2
60:5	PSA.127.2	2
60:5	JER.11.15	2
60:5	MAT.3.17	2
60:6	GEN.12.6	5
60:6	JOS.13.27	5
60:6	PSA.89.35	5
60:6	JOS.1.6	3
60:6	JOS.17.7	3
60:6	2SA.3.18	3
60:6	2SA.7.18-2SA.7.20	3
60:6	PSA.56.4	3
60:6	PSA.108.7-PSA.108.13	3
60:6	PSA.119.162	3
60:6	AMO.4.2	3
60:6	GEN.33.17-GEN.33.18	2
60:6	JOS.20.7	2
60:6	JOS.24.1	2
60:6	JOS.24.32	2
60:6	2SA.2.8-2SA.2.9	2
60:6	2SA.5.1-2SA.5.3	2
60:6	PSA.89.19	2
60:6	PSA.132.11	2
60:6	JER.23.9	2
60:6	LUK.1.45-LUK.1.47	2
60:7	GEN.49.10	10
60:7	DEU.33.17	7
60:7	JOS.13.31	4
60:7	JOS.17.1	3
60:7	1CH.12.19	3
60:7	1CH.12.37	3
60:7	JOS.17.5-JOS.17.6	2
60:7	1SA.28.2	2
60:8	2SA.8.1-2SA.8.2	5
60:8	2SA.8.14	5
60:8	PSA.108.9-PSA.108.10	5
60:8	2SA.21.15-2SA.21.22	4
60:8	1CH.18.1-1CH.18.2	4
60:8	1CH.18.13	4
60:8	GEN.25.23	3
60:8	NUM.24.18	3
60:8	2SA.5.17-2SA.5.25	3
60:8	GEN.27.40	2
60:9	2SA.12.26-2SA.12.31	4
60:9	2SA.11.1	3
60:9	JDG.1.12	2
60:9	1CH.11.6	2
60:9	1CH.11.17-1CH.11.19	2
60:9	JDG.1.24-JDG.1.25	1
60:10	JOS.7.12	6
60:10	PSA.108.11	5
60:10	DEU.1.42	4
60:10	PSA.60.1	4
60:10	DEU.20.4	3
60:10	JOS.10.42	2
60:10	1SA.4.6-1SA.4.7	2
60:10	1SA.4.10-1SA.4.11	2
60:10	1CH.10.1-1CH.10.14	2
60:10	PSA.20.7	2
60:10	PSA.44.5-PSA.44.9	2
60:10	PSA.118.9-PSA.118.10	2
60:10	ISA.8.17	2
60:10	ISA.12.1-ISA.12.2	2
60:10	JER.33.24-JER.33.26	2
60:11	PSA.146.3	12
60:11	PSA.108.12	10
60:11	PSA.124.1-PSA.124.3	4
60:11	PSA.130.8	4
60:11	ISA.30.7	4
60:11	PSA.62.1	3
60:11	ISA.31.3	3
60:11	PSA.25.22	2
60:12	PSA.44.5	17
60:12	JOS.1.9	13
60:12	ISA.63.3	11
60:12	1CH.19.13	9
60:12	REV.19.15	9
60:12	MAL.4.3	8
60:12	NUM.24.18-NUM.24.19	6
60:12	2SA.10.12	6
60:12	PSA.118.16	6
60:12	PSA.144.1	6
60:12	ISA.10.6	6
60:12	ZEC.10.5	6
60:12	PSA.18.32-PSA.18.42	5
60:12	JOS.14.12	4
61:1	PHP.4.6	29
61:1	PSA.4.1	26
61:1	PSA.86.6	10
61:1	PSA.130.2	7
61:1	PSA.55.1-PSA.55.2	5
61:1	PSA.5.1-PSA.5.3	4
61:1	PSA.17.1	4
61:1	PSA.28.2	4
61:1	PSA.54.1	4
61:1	PSA.6.1	3
61:1	PSA.64.1	3
61:2	PSA.18.2	37
61:2	PSA.139.9-PSA.139.10	33
61:2	ISA.32.2	21
61:2	PSA.62.6	19
61:2	DEU.4.29	17
61:2	PSA.62.2	15
61:2	PSA.77.3	15
61:2	PSA.18.46	14
61:2	PSA.27.5	13
61:2	PSA.142.3	12
61:2	PSA.40.2	11
61:2	JON.2.2-JON.2.4	10
61:2	ISA.54.11	9
61:2	PSA.143.4	8
61:2	PSA.42.6	7
61:2	PSA.43.5	7
61:2	PSA.55.5	7
61:2	LUK.22.44	4
61:2	MRK.14.33-MRK.14.34	3
61:3	PRO.18.10	13
61:3	PSA.62.7	8
61:3	PSA.116.2	7
61:3	PSA.140.7	7
61:3	PSA.18.2	6
61:3	2CO.1.10	5
61:3	PSA.4.6-PSA.4.7	4
61:3	ISA.46.3-ISA.46.4	4
61:4	PSA.23.6	13
61:4	PSA.17.8	12
61:4	PSA.27.4	12
61:4	PSA.91.4	11
61:4	RUT.2.12	8
61:4	PSA.15.1	8
61:4	PSA.57.1	8
61:4	PSA.63.7	8
61:4	PSA.62.7	7
61:4	PSA.91.1	7
61:4	MAT.23.37	7
61:4	PSA.142.4-PSA.142.5	5
61:4	HEB.6.18	5
61:4	REV.3.12	5
61:4	PSA.90.1	4
61:4	PSA.92.13	4
61:4	PSA.61.7	2
61:5	PSA.56.12	6
61:5	MAL.3.16-MAL.3.18	6
61:5	PSA.86.11	5
61:5	PSA.115.13	5
61:5	PSA.16.5-PSA.16.6	4
61:5	PSA.65.1	4
61:5	PSA.66.19	4
61:5	ACT.10.35	4
61:6	PSA.21.4	7
61:6	PSA.89.36-PSA.89.37	6
61:6	PSA.21.6	5
61:6	PSA.72.15-PSA.72.17	3
61:6	ISA.53.10	3
61:7	PSA.40.11	9
61:7	GEN.24.27	6
61:7	PSA.41.12	5
61:7	PSA.57.3	5
61:7	ISA.9.6-ISA.9.7	5
61:7	LUK.1.33	5
61:7	PSA.43.3	4
61:7	PRO.20.28	4
61:7	MIC.7.20	4
61:7	LUK.1.54-LUK.1.55	4
61:7	HEB.9.24	4
61:7	GEN.32.10	3
61:7	HEB.7.21-HEB.7.25	2
61:8	PSA.65.1	5
61:8	PSA.145.1-PSA.145.2	4
61:8	PSA.66.13-PSA.66.16	3
61:8	PSA.71.22	3
61:8	PSA.79.13	3
61:8	PSA.146.2	2
61:8	PSA.30.12	1
62:1	LAM.3.25	29
62:1	PSA.62.2	25
62:1	ISA.40.31	20
62:1	PSA.33.20	19
62:1	PSA.37.7	19
62:1	ISA.12.2	19
62:1	JAS.5.7	17
62:1	PSA.40.1	14
62:1	PSA.123.2	13
62:1	LUK.2.30-LUK.2.32	11
62:1	PSA.130.5-PSA.130.6	10
62:1	PSA.62.5-PSA.62.6	9
62:1	PSA.121.2	9
62:1	LAM.3.38	8
62:1	PSA.27.14	7
62:1	PSA.37.39	7
62:1	ISA.30.18	7
62:1	1CH.25.1	6
62:1	PSA.25.5	5
62:1	PSA.39.1	5
62:1	PSA.65.1	5
62:1	PSA.77.1	5
62:1	JER.3.23	5
62:1	PSA.68.19-PSA.68.20	4
62:1	1CH.16.41-1CH.16.42	3
62:1	1CH.25.3	3
62:2	PSA.18.2	22
62:2	2CO.4.8-2CO.4.9	16
62:2	PSA.62.6	13
62:2	ISA.26.4	12
62:2	PSA.73.25-PSA.73.26	10
62:2	PSA.89.26	10
62:2	ISA.32.2	10
62:2	PSA.27.1	9
62:2	PSA.59.17	9
62:2	PSA.37.24	8
62:2	PSA.59.9	8
62:2	DEU.32.30-DEU.32.31	7
62:2	PSA.21.1	7
62:2	1CO.10.13	7
62:2	MIC.7.8-MIC.7.9	6
62:3	JER.4.14	7
62:3	PSA.82.2	6
62:3	PSA.140.2	6
62:3	EXO.16.28	5
62:3	PSA.21.11	5
62:3	PSA.38.12	5
62:3	PRO.1.22	5
62:3	ISA.30.13-ISA.30.14	5
62:3	PSA.4.2	4
62:3	HOS.7.15	4
62:3	EXO.10.3	3
62:3	1SA.26.10	3
62:3	PSA.73.18-PSA.73.20	3
62:3	PRO.6.9	3
62:3	MAT.17.17	2
62:4	PSA.55.21	12
62:4	PSA.28.3	11
62:4	PSA.5.9	8
62:4	ROM.7.22	6
62:4	ROM.1.32	5
62:4	REV.22.15	4
62:4	PSA.52.3	3
62:4	JHN.8.44	3
62:4	JHN.11.47-JHN.11.50	3
62:4	ACT.4.16-ACT.4.17	3
62:4	ACT.4.25-ACT.4.28	3
62:4	PSA.2.1-PSA.2.3	2
62:4	PSA.51.6	2
62:4	PSA.119.163	2
62:4	PRO.6.17	2
62:4	PRO.13.5	2
62:4	HOS.7.3	2
62:4	MAT.2.3-MAT.2.4	2
62:4	MAT.2.16	2
62:4	MAT.22.15	2
62:4	MAT.22.23	2
62:4	MAT.22.34-MAT.22.35	2
62:4	MAT.26.3-MAT.26.4	2
62:4	MAT.27.1	2
62:4	LUK.11.39	2
62:4	LUK.20.20	2
62:5	MIC.7.7	46
62:5	PSA.27.13-PSA.27.14	32
62:5	LAM.3.24-LAM.3.26	31
62:5	PSA.42.11	24
62:5	PSA.71.5	21
62:5	PSA.103.1-PSA.103.2	18
62:5	PSA.43.5	14
62:5	PSA.104.1	14
62:5	PSA.104.35	14
62:5	JHN.6.67-JHN.6.69	13
62:5	PHP.1.20	12
62:5	PSA.37.34	11
62:5	PSA.146.1	9
62:5	HAB.2.3	9
62:5	PSA.39.7	8
62:5	PSA.62.1-PSA.62.2	8
62:5	PSA.42.5	7
62:5	JER.17.17	7
62:5	ZEP.3.8	5
62:6	PSA.62.2	13
62:6	PSA.112.6	13
62:6	PSA.16.8	11
62:6	PRO.10.30	10
62:6	PSA.18.31-PSA.18.32	8
62:6	ISA.45.17	8
62:6	PRO.12.7	7
62:6	HOS.1.7	7
62:7	PSA.3.3	47
62:7	ISA.26.4	15
62:7	PSA.94.22	12
62:7	PSA.18.2	11
62:7	PSA.95.1	9
62:7	JER.3.23	9
62:7	PSA.46.1	8
62:7	JER.9.23-JER.9.24	8
62:7	PSA.18.46	7
62:7	PSA.85.9	7
62:7	GAL.6.14	7
62:7	PSA.4.2	6
62:7	ISA.45.25	6
62:7	1CO.1.30-1CO.1.31	6
62:8	PHP.4.6	55
62:8	ISA.26.4	43
62:8	LAM.2.19	42
62:8	PSA.142.2	40
62:8	1SA.1.15	35
62:8	PSA.18.2	29
62:8	PSA.42.4	26
62:8	PSA.22.4-PSA.22.5	25
62:8	ISA.26.16	20
62:8	HEB.6.18	19
62:8	JOB.13.15	17
62:8	PSA.37.3	15
62:8	PSA.102.1	15
62:8	1JN.2.28	15
62:8	PRO.14.26	12
62:8	PSA.34.1-PSA.34.2	10
62:8	PSA.46.11-PSA.47.3	9
62:8	ISA.50.10	8
62:9	PSA.39.5	12
62:9	ISA.40.15	11
62:9	ISA.40.17	11
62:9	PSA.118.9	7
62:9	PSA.39.11	6
62:9	1SA.18.5	4
62:9	1SA.18.21-1SA.18.26	4
62:9	1SA.23.12	4
62:9	1SA.23.19-1SA.23.20	4
62:9	2SA.15.6	4
62:9	2SA.15.31	4
62:9	PSA.116.11	4
62:9	ROM.3.4	4
62:9	1SA.18.7	3
62:9	1SA.26.21-1SA.26.25	3
62:9	DAN.5.27	3
62:9	MAT.21.9	3
62:9	JHN.19.15	3
62:9	PSA.55.13-PSA.55.14	2
62:10	1TI.6.17	13
62:10	PSA.52.7	12
62:10	JER.17.11	11
62:10	DEU.6.10-DEU.6.12	9
62:10	JOB.31.24-JOB.31.25	9
62:10	ISA.61.8	9
62:10	1TI.6.10	9
62:10	DEU.8.12-DEU.8.14	8
62:10	JOB.20.19	8
62:10	JOB.20.29	8
62:10	JOB.27.16-JOB.27.23	8
62:10	PSA.49.6	8
62:10	ISA.30.12	8
62:10	MRK.10.23	8
62:10	LUK.12.15-LUK.12.21	8
62:10	PSA.39.6	6
62:10	PSA.91.14	6
62:10	PRO.23.5	6
62:10	ISA.47.10	6
62:10	ISA.59.4	6
62:10	MRK.8.36-MRK.8.37	6
62:10	ISA.28.15	5
62:10	JER.13.25	4
62:11	REV.19.1	32
62:11	JOB.33.14	27
62:11	ISA.26.4	16
62:11	JOB.40.5	14
62:11	PSA.68.34-PSA.68.35	14
62:11	JHN.19.11	12
62:11	MAT.28.18	9
62:11	MAT.6.13	6
62:11	PSA.59.17	5
62:12	MAT.16.27	39
62:12	JOB.34.11	8
62:12	PSA.103.8	6
62:12	ROM.2.6	6
62:12	2CO.5.10	6
62:12	EXO.34.6-EXO.34.7	5
62:12	PSA.86.15	4
62:12	PRO.24.12	4
62:12	PSA.86.5	3
62:12	EZK.18.30	3
62:12	DAN.9.9	3
62:12	MIC.7.18	3
62:12	1CO.3.8	3
62:12	REV.22.12	3
62:12	PSA.103.17	2
62:12	JER.32.19	2
62:12	EZK.7.27	2
62:12	EZK.33.20	2
62:12	DAN.9.18	2
62:12	EPH.6.8	2
62:12	COL.3.25	2
62:12	1PE.1.17	2
63:1	PSA.143.6	43
63:1	PSA.84.2	31
63:1	PSA.42.1-PSA.42.2	28
63:1	MAT.6.33	26
63:1	PSA.91.2	23
63:1	REV.7.16-REV.7.17	20
63:1	ISA.41.18	19
63:1	EXO.15.2	17
63:1	PSA.5.3	15
63:1	JHN.7.37	15
63:1	PSA.118.28	14
63:1	PSA.143.10	13
63:1	PRO.8.17	12
63:1	1SA.22.5	9
63:1	1SA.23.23-1SA.23.25	9
63:1	PSA.31.14	9
63:1	SNG.3.1-SNG.3.3	9
63:1	PRO.1.27-PRO.1.28	8
63:1	JER.31.1	8
63:1	HOS.5.15	8
63:1	ZEC.13.9	8
63:1	JOB.8.5	7
63:1	PSA.42.11	7
63:1	PSA.78.34	7
63:1	PSA.102.3-PSA.102.5	6
63:1	ISA.35.7	6
63:1	JER.31.33	6
63:1	EXO.17.3	5
63:1	JHN.20.17	5
63:1	PSA.119.81	4
63:1	SNG.5.8	4
63:1	1SA.26.1-1SA.26.3	3
63:1	2SA.15.28	2
63:1	ISA.32.2	2
63:1	MAT.12.43	2
63:1	1SA.23.14-1SA.23.16	1
63:2	PSA.27.4	9
63:2	PSA.105.4	8
63:2	PSA.84.2-PSA.84.11	7
63:2	PSA.96.6	5
63:2	1CH.16.11	4
63:2	2CO.4.4-2CO.4.6	4
63:2	EXO.33.18-EXO.33.19	3
63:2	1SA.4.21-1SA.4.22	3
63:2	PSA.145.11	3
63:2	PSA.68.24	2
63:2	PSA.73.17-PSA.73.18	2
63:2	PSA.77.13-PSA.77.14	2
63:2	PSA.78.61	2
63:2	PSA.134.2	2
63:2	ISA.60.13	2
63:3	PHP.1.23	22
63:3	PSA.51.15	21
63:3	PSA.69.16	21
63:3	PSA.30.5	15
63:3	HEB.13.15	15
63:3	1CO.6.20	10
63:3	ROM.12.1	9
63:3	PSA.30.12	8
63:3	ROM.6.19	6
63:3	JAS.3.5-JAS.3.10	6
63:3	1JN.3.2	6
63:3	HOS.14.2	5
63:3	PSA.21.6	4
63:3	PSA.66.17	4
63:3	PSA.4.6	3
63:4	PSA.104.33	13
63:4	PSA.134.2	11
63:4	PSA.28.2	7
63:4	1KI.8.22-1KI.8.66	6
63:4	PSA.145.1-PSA.145.3	5
63:4	PSA.146.1-PSA.146.2	3
63:4	HAB.3.10	3
63:5	PSA.36.7-PSA.36.9	11
63:5	ISA.25.6	10
63:5	PSA.17.15	7
63:5	PSA.43.4	6
63:5	EZR.3.11-EZR.3.13	5
63:5	PSA.71.23	5
63:5	PSA.118.14-PSA.118.15	5
63:5	PSA.135.3	5
63:5	PSA.65.4	4
63:5	REV.19.5-REV.19.7	4
63:5	JER.31.4	3
63:5	PSA.104.34	2
63:5	PSA.149.1-PSA.149.3	2
63:5	SNG.1.4	2
63:6	PSA.42.8	18
63:6	PSA.119.147-PSA.119.148	16
63:6	PSA.149.5	15
63:6	PSA.119.55	13
63:6	PSA.77.4-PSA.77.6	10
63:6	PSA.139.17-PSA.139.18	10
63:6	LAM.2.19	10
63:6	SNG.5.2	7
63:6	SNG.3.1-SNG.3.2	5
63:7	2CO.1.10	13
63:7	PSA.61.4	11
63:7	PSA.27.9	10
63:7	PSA.17.8	8
63:7	PSA.54.3-PSA.54.4	8
63:7	PSA.57.1	8
63:7	1SA.17.37	7
63:7	PSA.5.11	7
63:7	PSA.21.1	6
63:8	ISA.41.10	20
63:8	PSA.18.35	15
63:8	PSA.73.23	15
63:8	SNG.2.6	10
63:8	PSA.37.24	9
63:8	PSA.73.25	8
63:8	PSA.94.18	8
63:8	ISA.42.1	8
63:8	PSA.41.12	6
63:8	GEN.32.26-GEN.32.28	5
63:8	ISA.26.9	5
63:8	PHP.2.12-PHP.2.13	5
63:8	COL.1.29	5
63:8	2CH.31.21	4
63:8	MAT.11.12	4
63:8	LUK.13.24	4
63:8	LUK.18.5-LUK.18.7	4
63:8	PSA.143.6-PSA.143.7	3
63:8	SNG.3.2	3
63:9	PSA.55.15	7
63:9	PSA.9.17	6
63:9	PSA.40.14	6
63:9	1SA.25.29	5
63:9	NUM.16.30-NUM.16.33	4
63:9	PSA.86.13	4
63:9	ISA.14.19	4
63:9	JOB.40.13	3
63:9	PSA.35.4	3
63:9	PSA.35.26	3
63:9	PSA.38.12	3
63:9	PSA.55.23	3
63:9	PSA.70.2	3
63:9	ISA.14.9	3
63:9	ISA.14.15	3
63:9	EZK.32.18-EZK.32.32	3
63:9	1SA.28.19	2
63:9	ACT.1.25	2
63:10	JER.18.21	5
63:10	EZK.35.5	4
63:10	EZK.39.4	4
63:10	1SA.26.10	3
63:10	1SA.31.1-1SA.31.6	2
63:10	SNG.2.15	2
63:10	EZK.39.17-EZK.39.20	2
63:10	REV.19.17-REV.19.18	2
63:11	DEU.6.13	11
63:11	PSA.21.1	7
63:11	ISA.45.23	6
63:11	ISA.65.16	6
63:11	ROM.3.19	6
63:11	HEB.6.13	4
63:11	1SA.23.17	3
63:11	1SA.24.20	3
63:11	JOB.5.16	3
63:11	PSA.2.6	3
63:11	PSA.31.18	3
63:11	ISA.19.18	3
63:11	ZEP.1.5	3
63:11	PSA.107.42	2
63:11	TIT.1.10-TIT.1.11	2
64:1	PSA.34.4	5
64:1	PSA.143.1-PSA.143.3	5
64:1	PSA.130.1-PSA.130.2	4
64:1	PSA.140.1	4
64:1	PSA.141.1	4
64:1	LAM.3.55-LAM.3.56	4
64:1	PSA.31.13-PSA.31.15	3
64:1	PSA.55.1-PSA.55.2	3
64:1	ACT.27.24	3
64:1	PSA.17.8-PSA.17.9	2
64:1	PSA.27.7	2
64:1	PSA.56.2-PSA.56.4	2
64:1	ACT.18.9-ACT.18.10	2
64:2	PSA.31.20	9
64:2	PSA.59.2	9
64:2	PSA.109.2-PSA.109.3	9
64:2	PSA.143.9	9
64:2	PSA.27.5	8
64:2	JER.11.19	8
64:2	PSA.3.1	6
64:2	ISA.32.2	6
64:2	JER.18.23	6
64:2	PSA.2.2	5
64:2	PSA.56.6	5
64:2	ACT.25.3	5
64:2	GEN.4.6	4
64:2	2SA.17.2-2SA.17.4	4
64:2	MAT.26.3-MAT.26.4	4
64:2	ACT.23.14-ACT.23.15	4
64:2	1SA.23.22-1SA.23.23	3
64:2	LUK.23.18-LUK.23.23	3
64:3	PSA.57.4	5
64:3	PSA.58.7	5
64:3	JER.9.3	5
64:3	JAS.3.6-JAS.3.8	5
64:3	PSA.11.2	4
64:3	PRO.12.18	4
64:3	ISA.54.17	4
64:3	PRO.30.14	1
64:4	PSA.55.19	4
64:4	1PE.2.22-1PE.2.23	4
64:4	PSA.10.8-PSA.10.9	3
64:4	PSA.11.2	3
64:4	1SA.18.11	2
64:4	1SA.19.10	2
64:4	2SA.15.14	2
64:4	NEH.4.11	2
64:4	PSA.59.3-PSA.59.4	2
64:4	PSA.64.7	2
64:4	HAB.3.14	2
64:4	JHN.19.6	2
64:5	PSA.140.5	6
64:5	PSA.10.11	5
64:5	JOB.22.13	4
64:5	EZK.8.12	4
64:5	PSA.59.7	3
64:5	PSA.94.7	3
64:5	EXO.15.9	2
64:5	NUM.22.6	2
64:5	1SA.23.19-1SA.23.23	2
64:5	PSA.124.7	2
64:5	PRO.1.11-PRO.1.14	2
64:5	ISA.41.6	2
64:5	MAT.26.3-MAT.26.4	2
64:5	MAT.23.15	1
64:5	REV.11.10	1
64:6	JER.17.9-JER.17.10	7
64:6	MAT.26.59	7
64:6	PSA.5.9	6
64:6	ISA.29.15	6
64:6	DAN.6.4-DAN.6.5	5
64:6	1CO.4.5	5
64:6	PSA.35.11	4
64:6	PRO.20.5	4
64:6	JHN.18.29-JHN.18.30	4
64:6	1SA.24.9	3
64:6	1SA.25.10	3
64:6	1SA.22.9	2
64:6	PSA.49.11	2
64:6	JHN.19.7	1
64:7	PSA.7.12-PSA.7.13	6
64:7	PRO.6.15	6
64:7	PSA.18.14	5
64:7	1TH.5.2-1TH.5.3	5
64:7	DEU.32.23	4
64:7	DEU.32.42	4
64:7	1CH.10.3-1CH.10.7	4
64:7	JOB.6.4	4
64:7	PSA.73.19	4
64:7	PRO.29.1	4
64:7	ISA.30.13	4
64:7	1KI.22.34	3
64:7	LAM.3.12-LAM.3.13	3
64:7	MAT.24.40	2
64:7	MAT.24.50-MAT.24.51	2
64:7	PSA.64.4	1
64:8	PRO.18.7	9
64:8	PRO.12.13	7
64:8	PSA.140.9	5
64:8	JOB.15.6	4
64:8	PSA.22.7	4
64:8	PSA.31.11	4
64:8	JER.18.16	4
64:8	JER.48.27	4
64:8	NAM.3.7	4
64:8	MAT.21.41	4
64:8	LUK.19.22	4
64:8	NUM.16.34	3
64:8	1SA.31.3-1SA.31.7	3
64:8	PSA.9.3	3
64:8	PSA.52.6	3
64:8	PSA.59.12	3
64:8	REV.18.4	3
64:8	REV.18.10	3
64:9	JER.51.10	8
64:9	HOS.14.9	6
64:9	PSA.40.3	5
64:9	PSA.107.42-PSA.107.43	4
64:9	ISA.5.12	4
64:9	PSA.58.11	3
64:9	JER.50.28	3
64:9	PSA.53.5	2
64:9	PSA.119.20	2
64:9	EZK.14.23	2
64:9	REV.11.13	2
64:10	PSA.32.11-PSA.33.1	11
64:10	PSA.40.3	9
64:10	1CO.1.30-1CO.1.31	9
64:10	PSA.25.20	6
64:10	PSA.112.2	6
64:10	JOB.22.19	5
64:10	PSA.68.2-PSA.68.3	5
64:10	PSA.97.11	5
64:10	GAL.6.14	5
64:10	PHP.4.4	5
64:10	PSA.58.10	4
64:10	PSA.11.1	3
65:1	PSA.62.1	10
65:1	PSA.76.11	8
65:1	PSA.116.17-PSA.116.18	7
65:1	PSA.21.13	6
65:1	1CH.25.1-1CH.25.31	5
65:1	PSA.56.12	5
65:1	1CH.11.7	4
65:1	1CH.15.29	4
65:1	1CH.16.41-1CH.16.42	4
65:1	PSA.76.2	4
65:1	PSA.78.68-PSA.78.69	4
65:1	PSA.115.1-PSA.115.2	3
65:1	REV.14.1-REV.14.3	3
65:2	JER.29.12-JER.29.13	20
65:2	ISA.65.24	19
65:2	ISA.66.23	15
65:2	1JN.5.14-1JN.5.15	15
65:2	PSA.86.9	14
65:2	PSA.66.19	13
65:2	PSA.145.18-PSA.145.19	11
65:2	ACT.10.31	11
65:2	LUK.11.9-LUK.11.10	10
65:2	DAN.9.17-DAN.9.19	8
65:2	2CH.33.13	7
65:2	PSA.66.4	7
65:2	1KI.18.37	6
65:2	PSA.102.17	4
65:2	ISA.49.6	4
65:2	JHN.12.32	4
65:2	1KI.18.29	3
65:2	PSA.22.27	3
65:2	REV.11.15	3
65:3	PSA.38.4	9
65:3	ISA.6.7	7
65:3	PSA.79.9	6
65:3	HEB.9.14	5
65:3	1JN.1.7-1JN.1.9	5
65:3	PSA.40.12	4
65:3	ZEC.13.1	4
65:3	JHN.1.29	4
65:3	GAL.5.17	4
65:3	REV.1.5	4
65:3	PSA.51.2-PSA.51.3	3
65:3	PSA.51.7	3
65:3	ISA.1.18-ISA.1.19	3
65:3	MIC.7.8-MIC.7.9	3
65:3	ROM.7.23-ROM.7.25	3
65:3	2SA.12.7-2SA.12.13	2
65:4	EPH.1.4	22
65:4	PSA.23.6	19
65:4	PSA.84.4	19
65:4	PSA.106.4-PSA.106.5	19
65:4	PSA.33.12	16
65:4	PSA.36.8	16
65:4	REV.3.12	14
65:4	PSA.4.3	13
65:4	PSA.63.5	11
65:4	JER.31.25	11
65:4	PSA.15.1	10
65:4	REV.21.3-REV.21.4	10
65:4	PSA.17.15	9
65:4	PSA.24.7	9
65:4	PSA.78.70-PSA.78.71	9
65:4	JER.31.12-JER.31.14	8
65:4	REV.7.16-REV.7.17	8
65:4	PSA.135.4	7
65:4	2TH.2.13	7
65:5	DEU.10.21	10
65:5	ISA.45.22	9
65:5	PSA.66.3	7
65:5	REV.15.3-REV.15.4	7
65:5	PSA.45.4	6
65:5	PSA.22.27	5
65:5	PSA.68.19-PSA.68.20	5
65:5	ISA.51.5	5
65:5	ISA.66.19	4
65:5	ROM.2.5	4
65:5	DEU.4.34	3
65:5	PSA.47.2-PSA.47.3	3
65:5	PSA.76.3-PSA.76.9	3
65:5	PSA.85.4	3
65:5	PSA.145.17	3
65:5	ISA.37.36	3
65:5	ISA.60.5	3
65:5	ZEP.2.11	3
65:5	ZEC.9.10	3
65:5	MAT.28.19-MAT.28.20	3
65:5	ROM.15.10-ROM.15.12	3
65:5	EPH.2.17-EPH.2.18	3
65:5	REV.16.5	3
65:5	REV.19.1-REV.19.3	3
65:5	PSA.107.23	2
65:6	PSA.93.1	6
65:6	HAB.3.6	5
65:6	PSA.119.90	3
65:6	MIC.6.2	3
65:6	1SA.2.4	2
65:6	PSA.24.2	2
65:6	ISA.51.9	2
65:7	PSA.89.9	6
65:7	PSA.93.3-PSA.93.4	5
65:7	ISA.17.12-ISA.17.13	5
65:7	PSA.107.29	4
65:7	JHN.18.6	4
65:7	JOB.38.8-JOB.38.11	3
65:7	PSA.2.1-PSA.2.4	3
65:7	PSA.76.10	3
65:7	MAT.8.26-MAT.8.27	3
65:7	PSA.74.23	2
65:7	PSA.104.6-PSA.104.9	2
65:7	JON.1.4	2
65:7	JON.1.15	2
65:8	PSA.148.3	9
65:8	PSA.104.20-PSA.104.23	8
65:8	PSA.136.8	8
65:8	PSA.74.16	7
65:8	DEU.4.19	6
65:8	PSA.48.5-PSA.48.6	6
65:8	PSA.126.2	6
65:8	HAB.3.3-HAB.3.19	6
65:8	GEN.8.22	5
65:8	EXO.15.14-EXO.15.16	5
65:8	JOS.2.9-JOS.2.11	5
65:8	PSA.2.8	5
65:8	PSA.19.5	5
65:8	PSA.66.3	5
65:8	PSA.135.9	5
65:8	ACT.5.38-ACT.5.39	5
65:8	REV.11.13	5
65:8	JOB.38.12	3
65:8	PSA.65.13	3
65:9	PSA.46.4	11
65:9	REV.22.1	7
65:9	PSA.104.13-PSA.104.15	6
65:9	JER.5.24	6
65:9	PSA.68.9-PSA.68.10	5
65:9	JOL.2.23-JOL.2.26	5
65:9	DEU.11.11-DEU.11.12	4
65:9	RUT.1.6	4
65:9	JOB.5.10-JOB.5.11	4
65:9	PSA.147.8-PSA.147.9	4
65:9	GEN.26.12	3
65:9	LEV.26.4	3
65:9	PSA.147.14	3
65:9	JER.14.22	3
65:9	ACT.14.17	3
65:9	JOB.37.6-JOB.37.13	2
65:9	PSA.63.1	2
65:9	PSA.65.11	2
65:9	PSA.107.37	2
65:9	1TI.6.17-1TI.6.18	2
65:10	PSA.147.8	4
65:10	1CO.3.6-1CO.3.7	4
65:10	DEU.32.2	3
65:11	JOL.2.21-JOL.2.26	29
65:11	PSA.103.4	25
65:11	PSA.5.12	23
65:11	PSA.36.8	20
65:11	HAG.2.19	17
65:11	MAL.3.10	13
65:11	PRO.14.18	12
65:11	HEB.2.7-HEB.2.9	12
65:11	PSA.25.10	9
65:11	JOB.36.28	8
65:11	JOL.2.14	8
65:11	PSA.104.3	6
65:11	ROM.11.17	6
65:12	JOB.38.26-JOB.38.27	5
65:12	PSA.104.10-PSA.104.13	4
65:12	JOL.2.22	4
65:12	PSA.65.6	3
65:12	ISA.61.10-ISA.61.11	3
65:12	ISA.55.9-ISA.55.13	2
65:13	ISA.55.12	7
65:13	ISA.35.1-ISA.35.2	6
65:13	ISA.30.23	5
65:13	ACT.14.17	5
65:13	PSA.96.11-PSA.96.13	4
65:13	PSA.98.7-PSA.98.9	4
65:13	ISA.44.23	4
65:13	PSA.72.16	3
65:13	PSA.104.24-PSA.104.28	3
65:13	PSA.144.13	3
65:13	ISA.35.10	3
65:13	ISA.52.9	3
65:13	JER.48.33	3
65:13	ZEC.9.17	3
66:1	1CH.16.23-1CH.16.24	16
66:1	PSA.100.1	12
66:1	PSA.98.4	8
66:1	PSA.150.6	7
66:1	PSA.81.1	6
66:1	1CH.15.28	3
66:1	PSA.95.1-PSA.95.2	3
66:1	PSA.96.1	3
66:1	PSA.117.1-PSA.117.2	3
66:1	ISA.24.16	0
66:2	PSA.105.2-PSA.105.3	10
66:2	ISA.49.13	7
66:2	REV.5.13	7
66:2	ISA.42.12	6
66:2	NEH.9.5	5
66:2	PSA.107.22	5
66:2	ISA.12.4-ISA.12.6	5
66:2	REV.4.8-REV.4.11	5
66:2	1CH.29.10-1CH.29.13	4
66:2	PSA.47.6-PSA.47.7	4
66:2	PSA.72.18	4
66:2	PSA.79.9	4
66:2	PSA.96.3-PSA.96.10	4
66:2	PSA.106.2	4
66:2	PSA.107.15	4
66:2	ISA.6.3	3
66:3	PSA.18.44	11
66:3	PSA.65.5	10
66:3	PSA.81.15	7
66:3	PSA.47.2	6
66:3	PSA.22.28-PSA.22.29	4
66:3	PSA.78.35-PSA.78.36	4
66:3	ISA.2.19	4
66:3	JER.10.10	4
66:3	EXO.15.1-EXO.15.16	3
66:3	JDG.5.2-JDG.5.4	3
66:3	JDG.5.20-JDG.5.22	3
66:3	PSA.68.30	3
66:3	PSA.76.12	3
66:3	ISA.64.3	3
66:3	EXO.15.21	2
66:4	PSA.22.27	10
66:4	PSA.117.1	7
66:4	PSA.96.1-PSA.96.2	6
66:4	MAL.1.11	5
66:4	REV.15.4	5
66:4	DAN.7.14	4
66:4	ISA.2.2-ISA.2.4	3
66:4	ISA.42.10-ISA.42.12	3
66:4	PSA.65.5	2
66:4	PSA.67.2-PSA.67.3	2
66:4	ISA.11.9	2
66:4	ISA.49.22-ISA.49.23	2
66:5	PSA.126.1-PSA.126.3	6
66:5	NUM.23.23	4
66:5	PSA.46.8	3
66:5	PSA.66.3	3
66:5	PSA.66.16	3
66:5	PSA.111.2	3
66:5	PSA.99.3	2
66:5	PSA.106.22	2
66:5	EZK.1.18	1
66:6	JOS.3.16	6
66:6	EXO.14.21-EXO.14.22	5
66:6	EXO.15.1-EXO.15.21	4
66:6	JOS.3.14	4
66:6	PSA.78.13	4
66:6	PSA.106.8-PSA.106.12	3
66:6	PSA.136.13-PSA.136.14	3
66:6	PSA.104.5-PSA.104.7	2
66:6	ISA.63.13-ISA.63.14	2
66:6	REV.15.2-REV.15.3	2
66:7	PSA.11.4	8
66:7	2CH.16.9	4
66:7	MAT.28.18	4
66:7	JOB.9.4	3
66:7	PSA.33.13	3
66:7	PSA.62.11	3
66:7	PSA.75.4-PSA.75.5	3
66:7	PSA.140.8	3
66:7	DAN.4.35	3
66:7	DAN.5.20-DAN.5.28	3
66:7	EXO.18.11	2
66:7	PSA.2.10-PSA.2.12	2
66:7	PSA.52.1-PSA.52.5	2
66:7	PSA.73.3-PSA.73.12	2
66:7	PSA.145.13	2
66:7	ISA.10.7-ISA.10.16	2
66:7	ISA.37.28-ISA.37.29	2
66:7	DAN.6.26-DAN.6.27	2
66:7	MAT.6.13	2
66:8	PSA.98.4	4
66:8	PSA.47.1	3
66:8	PSA.66.2	3
66:8	JER.33.11	3
66:8	REV.19.1	3
66:8	DEU.32.43	2
66:8	ROM.15.10-ROM.15.11	2
66:8	REV.5.11-REV.5.14	2
66:8	REV.19.5-REV.19.6	2
66:9	PSA.121.3	11
66:9	PSA.94.18	7
66:9	PSA.112.6	7
66:9	1SA.2.9	6
66:9	PSA.37.23-PSA.37.24	6
66:9	1SA.25.29	5
66:9	PSA.22.29	5
66:9	PSA.62.2	5
66:9	PSA.125.3	5
66:9	ACT.17.28	5
66:9	COL.3.3-COL.3.4	5
66:9	PSA.62.6	4
66:10	ISA.48.10	14
66:10	PSA.17.3	11
66:10	1PE.1.6-1PE.1.7	9
66:10	PRO.17.3	8
66:10	JOB.23.10	6
66:10	ZEC.13.9	5
66:10	DEU.8.2	4
66:10	DEU.8.16	4
66:10	DEU.13.3	4
66:11	LAM.1.13	6
66:11	EZK.12.13	4
66:11	JOB.19.6	3
66:11	HOS.7.12	3
66:11	DEU.33.11	2
66:11	LAM.3.2-LAM.3.66	2
66:11	MAT.6.13	2
66:12	ISA.43.1-ISA.43.2	13
66:12	ISA.51.23	8
66:12	JAS.5.11	7
66:12	PSA.40.2-PSA.40.3	6
66:12	JOB.36.16	5
66:12	ACT.14.22	5
66:12	1TH.3.3-1TH.3.4	5
66:12	REV.7.14-REV.7.17	5
66:12	PSA.107.35-PSA.107.37	4
66:12	ISA.35.6-ISA.35.7	4
66:12	PSA.33.19	3
66:12	PSA.129.1-PSA.129.3	3
66:12	LUK.16.25	2
66:13	PSA.100.4	10
66:13	ECC.5.4	10
66:13	PSA.56.12	9
66:13	PSA.116.17-PSA.116.19	8
66:13	PSA.116.14	7
66:13	PSA.118.19	7
66:13	HEB.13.15	7
66:13	JON.2.9	6
66:13	NAM.1.15	6
66:13	DEU.12.11-DEU.12.12	5
66:13	PSA.22.25	4
66:13	PSA.118.27	4
66:13	PSA.51.18-PSA.51.19	3
66:14	JDG.11.35-JDG.11.36	5
66:14	1SA.1.11	5
66:14	PSA.18.6	4
66:14	NUM.30.2	3
66:14	NUM.30.8	3
66:14	2SA.22.7	3
66:14	GEN.28.20-GEN.28.22	2
66:14	GEN.35.3	2
66:14	NUM.30.12	2
66:15	PSA.51.19	3
66:15	NUM.6.14	2
66:15	2SA.6.13	2
66:15	2SA.6.17-2SA.6.19	2
66:15	1CH.16.1-1CH.16.3	2
66:15	JER.41.5	2
66:16	PSA.34.11	11
66:16	PSA.71.15	10
66:16	MAL.3.16	10
66:16	PSA.71.18	9
66:16	PSA.66.5	8
66:16	1JN.1.3	8
66:16	PSA.71.20	7
66:16	PSA.71.24	6
66:16	PSA.22.23-PSA.22.24	5
66:16	PSA.32.5-PSA.32.6	5
66:16	PSA.34.2	5
66:16	1CO.15.8-1CO.15.10	5
66:16	1TI.1.15-1TI.1.16	5
66:17	PSA.34.6	6
66:17	PSA.30.1	5
66:17	PSA.116.1-PSA.116.2	5
66:17	PSA.116.12	5
66:17	PSA.30.8	4
66:17	PSA.34.3-PSA.34.4	4
66:17	PSA.145.1	4
66:18	JHN.9.31	38
66:18	PRO.28.9	36
66:18	PRO.15.29	32
66:18	PRO.15.8	27
66:18	ISA.1.15	21
66:18	JAS.4.3	19
66:18	PRO.21.13	14
66:18	JOB.27.8-JOB.27.9	13
66:18	JOB.36.21	7
66:19	PSA.116.1-PSA.116.2	12
66:19	LAM.3.55-LAM.3.56	9
66:19	HEB.5.7	9
66:19	PSA.6.9	5
66:19	PSA.34.6	4
66:19	1JN.3.20-1JN.3.22	4
66:20	PSA.86.12-PSA.86.13	9
66:20	PSA.68.35	8
66:20	PSA.51.11	6
66:20	2SA.7.14-2SA.7.15	5
66:20	PSA.22.24	4
67:1	PSA.4.6	18
67:1	2CO.4.6	17
67:1	NUM.6.24-NUM.6.27	9
67:1	PSA.4.1	9
67:1	PSA.31.16	7
67:1	PSA.80.1-PSA.80.3	7
67:1	PSA.119.135	7
67:1	PSA.80.7	6
67:1	PSA.80.19	6
67:1	EPH.1.3	5
67:1	2CO.13.14	3
67:1	DEU.21.8	2
67:1	PSA.28.9	2
67:1	PSA.6.1	1
67:1	PSA.76.1	0
67:2	TIT.2.11	14
67:2	PSA.98.2-PSA.98.3	8
67:2	ACT.18.25	6
67:2	ISA.52.10	5
67:2	LUK.2.30-LUK.2.31	5
67:2	LUK.3.6	5
67:2	PSA.43.5	3
67:2	EST.8.15-EST.8.17	2
67:2	PSA.66.1-PSA.66.4	2
67:2	ISA.49.6	2
67:2	ZEC.8.20-ZEC.8.23	2
67:2	ACT.13.10	2
67:2	PSA.117.2	1
67:2	MAT.28.19	1
67:2	ACT.9.31	1
67:2	ACT.22.4	1
67:3	PSA.67.5	7
67:3	PSA.74.21	6
67:3	PSA.45.17	5
67:3	PSA.119.175	5
67:3	ISA.38.18-ISA.38.19	5
67:3	PSA.142.7	4
67:4	PSA.98.9	12
67:4	ROM.15.10-ROM.15.11	10
67:4	PSA.9.8	8
67:4	ISA.42.10-ISA.42.12	6
67:4	PSA.82.6	5
67:4	PSA.138.4-PSA.138.5	5
67:4	ISA.24.14-ISA.24.16	5
67:4	GEN.18.25	4
67:4	DEU.32.43	4
67:4	PSA.2.8	4
67:4	PSA.96.10-PSA.97.1	4
67:4	ISA.55.4	4
67:4	ROM.2.5	4
67:4	ACT.17.31	3
67:4	GAL.4.27	3
67:4	REV.11.15-REV.11.17	3
67:4	ISA.54.1	1
67:5	PSA.67.3	7
67:5	MAT.6.9-MAT.6.10	6
67:6	LEV.26.4	11
67:6	EXO.3.15	6
67:6	GEN.17.7	5
67:6	PSA.85.9-PSA.85.12	5
67:6	ISA.30.23-ISA.30.24	5
67:6	JER.31.33	5
67:6	EZK.34.26-EZK.34.27	5
67:6	HOS.2.21-HOS.2.22	5
67:6	PSA.48.14	3
67:6	ISA.1.19	3
67:6	JER.31.1	3
67:6	1CO.3.6-1CO.3.9	3
67:7	PSA.22.27	7
67:7	ISA.45.22	6
67:7	ACT.13.26	5
67:7	GEN.12.2-GEN.12.3	4
67:7	PSA.65.5	4
67:7	MAL.1.11	4
67:7	ACT.13.47	4
67:7	REV.15.4	4
67:7	PSA.29.11	3
67:7	ISA.43.6	3
67:7	ISA.52.10	3
67:7	ACT.2.28	3
67:7	PSA.33.8	2
67:7	PSA.72.17	2
67:7	PSA.98.3	2
67:7	MIC.5.4	2
67:7	ZEC.9.10	2
67:7	MAL.4.2	2
67:7	GAL.3.9	2
67:7	GAL.3.14	1
68:1	NUM.10.35	22
68:1	ISA.51.9-ISA.51.10	13
68:1	ISA.42.13-ISA.42.14	11
68:1	PSA.44.26	10
68:1	PSA.89.10	10
68:1	PSA.132.8-PSA.132.9	9
68:1	EZK.12.14-EZK.12.15	9
68:1	PSA.7.6-PSA.7.7	8
68:1	ISA.33.3	8
68:1	JHN.14.23-JHN.14.24	7
68:1	DEU.7.10	6
68:1	2CH.6.41	6
68:1	PSA.21.8	6
68:1	PSA.59.11	6
68:1	PSA.68.14	6
68:1	PSA.68.30	6
68:1	PSA.78.65-PSA.78.68	6
68:1	ISA.41.15-ISA.41.16	6
68:1	EXO.20.5	5
68:1	DAN.2.35	4
68:1	EZK.5.2	2
68:2	MIC.1.4	7
68:2	PSA.37.20	5
68:2	HOS.13.3	5
68:2	PSA.97.5	4
68:2	ISA.9.18	4
68:2	REV.6.16-REV.6.17	4
68:2	PSA.80.16	3
68:2	PSA.22.14	2
68:2	PSA.76.7	2
68:2	ISA.64.2	2
68:2	NAM.1.5-NAM.1.6	2
68:2	2TH.1.8-2TH.1.9	2
68:3	PSA.64.10	8
68:3	1TH.5.16	7
68:3	PSA.100.1-PSA.100.2	6
68:3	REV.18.20	6
68:3	PSA.95.1-PSA.95.2	5
68:3	1PE.1.8	5
68:3	DEU.12.12	4
68:3	PSA.43.4	4
68:3	PSA.97.12	4
68:3	PSA.98.8-PSA.98.9	4
68:3	REV.19.7	4
68:3	PSA.21.1	3
68:3	PSA.32.11-PSA.33.1	3
68:3	PSA.58.10	3
68:4	DEU.33.26	10
68:4	ISA.12.4-ISA.12.6	7
68:4	PSA.66.4	6
68:4	PSA.104.3	5
68:4	PSA.66.2	4
68:4	PSA.68.33	4
68:4	EXO.6.3	3
68:4	PSA.18.10	3
68:4	PSA.67.4	3
68:4	ISA.40.3	3
68:4	EXO.3.14	2
68:4	EXO.6.8	2
68:4	PSA.83.18	2
68:4	ISA.19.1	2
68:4	ISA.62.10	1
68:5	PSA.10.14	19
68:5	JER.49.11	19
68:5	DEU.10.18	14
68:5	PSA.82.3-PSA.82.4	14
68:5	PSA.146.9	12
68:5	PSA.72.4	11
68:5	JER.5.28	11
68:5	LUK.18.2-LUK.18.7	11
68:5	ISA.1.23	10
68:5	ISA.57.15	10
68:5	PSA.10.18	7
68:5	2CH.6.2	6
68:5	2CH.30.27	4
68:5	JOB.29.12-JOB.29.13	4
68:5	JOB.31.16-JOB.31.17	4
68:5	PSA.33.14	4
68:5	PSA.72.2	4
68:5	ISA.66.1	4
68:5	EPH.5.1	4
68:5	HOS.14.3	3
68:5	ACT.7.48-ACT.7.49	3
68:5	DEU.26.15	2
68:6	PSA.113.9	21
68:6	PSA.69.33	20
68:6	PSA.107.10	19
68:6	ISA.61.1	18
68:6	PSA.107.14	17
68:6	PSA.146.7	16
68:6	PSA.107.40-PSA.107.41	15
68:6	GAL.4.27	14
68:6	1SA.2.5	11
68:6	ACT.12.6-ACT.12.25	10
68:6	ACT.16.26	10
68:6	DEU.28.23-DEU.28.24	5
68:6	PSA.107.34	5
68:6	HOS.2.3	4
68:6	MAL.1.3	3
68:7	EXO.13.21	11
68:7	JDG.5.4	6
68:7	JDG.4.14	4
68:7	HAB.3.12-HAB.3.13	3
68:7	DEU.4.34	2
68:7	PSA.114.1-PSA.114.8	2
68:7	MIC.2.13	2
68:8	EXO.19.18	10
68:8	EXO.19.16	7
68:8	DEU.5.23-DEU.5.25	6
68:8	JDG.5.4-JDG.5.5	6
68:8	HEB.12.26	5
68:8	PSA.41.13	4
68:8	PSA.68.35	4
68:8	PSA.77.18	4
68:8	ISA.45.3	4
68:8	PSA.114.7	3
68:8	ISA.64.3	3
68:8	ISA.64.1	2
68:8	HAB.3.13	2
68:8	REV.11.19	2
68:9	DEU.11.14	8
68:9	EZK.34.26	6
68:9	PSA.65.9-PSA.65.13	5
68:9	PSA.78.24-PSA.78.27	4
68:9	DEU.11.10-DEU.11.12	3
68:9	PSA.77.16-PSA.77.17	2
68:10	DEU.26.9-DEU.26.10	4
68:10	PSA.74.19	4
68:10	1SA.2.8	3
68:10	MAT.11.5	3
68:10	LUK.1.53	3
68:10	EXO.19.5-EXO.19.6	2
68:10	NUM.16.3	2
68:10	DEU.26.5	2
68:10	DEU.32.8-DEU.32.14	2
68:10	JOB.5.10-JOB.5.11	2
68:10	PSA.65.9	2
68:10	PSA.74.1-PSA.74.2	2
68:10	PSA.78.20	2
68:10	1PE.5.3	2
68:11	EXO.15.20	14
68:11	PSA.40.3	7
68:11	PSA.68.25	6
68:11	EXO.17.9-EXO.17.16	5
68:11	EXO.14.15	3
68:11	JDG.4.6-JDG.5.31	3
68:11	REV.19.13	3
68:11	EPH.4.11	2
68:11	1SA.18.6	1
68:12	JOS.10.16	6
68:12	JDG.5.19	4
68:12	JOS.12.7-JOS.12.24	3
68:12	1SA.30.24	3
68:12	REV.19.17-REV.19.20	3
68:12	EXO.14.25	2
68:12	NUM.31.8-NUM.31.9	2
68:12	NUM.31.27	2
68:12	NUM.31.54	2
68:12	JOS.10.42	2
68:12	JDG.5.30	2
68:12	REV.6.15	2
68:13	GEN.49.14	4
68:13	PSA.105.37	4
68:13	JDG.5.16	3
68:13	1CO.6.9-1CO.6.11	3
68:13	EPH.2.1-EPH.2.3	3
68:13	TIT.3.3	3
68:13	REV.1.5-REV.1.6	3
68:13	EXO.1.14	2
68:13	1KI.4.20-1KI.4.21	2
68:13	PSA.74.19	2
68:13	PSA.81.6	2
68:13	PSA.149.4	2
68:13	EZK.16.6-EZK.16.14	2
68:13	LUK.15.16	2
68:13	LUK.15.22	2
68:13	1CO.12.2	1
68:13	EPH.5.26-EPH.5.27	1
68:14	ISA.1.18	4
68:14	JOS.10.10-JOS.10.43	3
68:14	JDG.2.7	3
68:14	JDG.9.48	3
68:14	PSA.51.7	3
68:14	REV.19.14-REV.19.21	3
68:14	NUM.21.3	2
68:14	NUM.21.21-NUM.21.35	2
68:14	JOS.12.1-JOS.12.24	2
68:14	JER.2.3	2
68:15	PSA.87.1-PSA.87.2	4
68:15	DEU.3.10	3
68:15	PSA.2.6	3
68:15	PSA.78.68-PSA.78.69	3
68:15	ISA.2.2-ISA.2.3	3
68:15	MIC.7.14	3
68:16	DEU.12.5	8
68:16	PSA.132.13-PSA.132.14	5
68:16	REV.21.2-REV.21.3	5
68:16	HEB.12.22-HEB.12.23	4
68:16	DEU.12.11	3
68:16	1KI.9.3	3
68:16	ISA.2.2	3
68:16	PSA.87.1-PSA.87.2	2
68:16	PSA.114.4	2
68:16	PSA.114.6	1
68:17	DEU.33.2	12
68:17	DAN.7.10	11
68:17	REV.5.11	9
68:17	REV.9.16	8
68:17	HAB.3.8	6
68:17	MAT.26.53	6
68:17	2KI.6.16-2KI.6.17	5
68:17	PSA.18.10	5
68:17	EZK.1.15-EZK.1.28	5
68:17	EXO.19.22-EXO.19.23	4
68:17	EXO.3.5	3
68:17	2KI.2.11	3
68:18	EPH.4.8-EPH.4.10	23
68:18	2CO.6.16	10
68:18	REV.21.3	10
68:18	1PE.3.22	8
68:18	PSA.110.1	7
68:18	COL.1.18-COL.1.19	7
68:18	TIT.3.3-TIT.3.7	7
68:18	JDG.5.12	6
68:18	PSA.24.3	6
68:18	PSA.47.5	6
68:18	JHN.16.7	6
68:18	ACT.1.2-ACT.1.9	6
68:18	ACT.2.4	6
68:18	2CH.6.18	5
68:18	COL.2.9	5
68:18	1TI.1.13-1TI.1.15	5
68:18	PSA.24.7-PSA.24.10	4
68:18	JHN.14.23	4
68:18	ROM.5.8	4
68:18	COL.2.3	4
68:18	PSA.7.7	3
68:18	PSA.78.60	3
68:18	PRO.1.22-PRO.1.23	3
68:18	ISA.57.15	3
68:18	EZK.48.35	3
68:18	MRK.16.9	3
68:18	LUK.24.49	3
68:18	LUK.24.51	3
68:18	JHN.16.13-JHN.16.15	3
68:18	ACT.2.33-ACT.2.41	3
68:18	1CO.6.9-1CO.6.11	3
68:18	HEB.6.20	3
68:18	REV.1.20-REV.2.1	3
68:18	1CO.15.45-1CO.15.47	2
68:18	HEB.4.14	2
68:18	PSA.132.13-PSA.132.14	1
68:18	ISA.55.7	1
68:18	MAT.9.13	1
68:18	LUK.24.47	1
68:18	JHN.14.16-JHN.14.17	1
68:18	ACT.2.23	1
68:18	ACT.9.17	1
68:18	HEB.1.3	1
68:18	HEB.8.1	1
68:19	ISA.46.4	42
68:19	LAM.3.23	39
68:19	EPH.1.3	38
68:19	PSA.55.22	37
68:19	PSA.103.1-PSA.103.22	24
68:19	PSA.32.7	19
68:19	PSA.65.5	17
68:19	PSA.139.17	15
68:19	PSA.72.17-PSA.72.19	14
68:20	DEU.32.39	17
68:20	REV.1.18	9
68:20	ISA.12.2	7
68:20	JHN.5.21	7
68:20	1SA.2.6	6
68:20	PSA.56.13	5
68:20	PSA.118.17-PSA.118.18	5
68:20	JHN.5.28-JHN.5.29	4
68:20	JHN.11.25-JHN.11.26	4
68:20	ISA.45.17-ISA.45.22	3
68:20	HOS.1.7	3
68:20	REV.20.1	3
68:20	PRO.4.23	2
68:20	HEB.2.14-HEB.2.15	2
68:20	JHN.4.22	1
68:20	JHN.5.23	0
68:21	HAB.3.13	9
68:21	PSA.7.12	6
68:21	PSA.110.6	6
68:21	LUK.13.5	6
68:21	REV.2.14-REV.2.16	5
68:21	EZK.18.27-EZK.18.30	4
68:21	HEB.12.25	4
68:21	PSA.55.23	3
68:21	PRO.1.24-PRO.1.33	3
68:21	HEB.2.1-HEB.2.3	3
68:21	PSA.68.18	2
68:21	MRK.12.4	2
68:22	NUM.21.33	7
68:22	EZK.36.24	5
68:22	EXO.14.22	3
68:22	EXO.14.29	3
68:22	ISA.11.11-ISA.11.16	3
68:22	ISA.51.10-ISA.51.11	3
68:22	AMO.9.2-AMO.9.3	3
68:22	ISA.49.22	2
68:22	JER.23.5-JER.23.8	2
68:22	HOS.1.10-HOS.1.11	2
68:23	1KI.21.19	10
68:23	PSA.58.10	9
68:23	1KI.22.38	6
68:23	REV.19.17-REV.19.21	5
68:23	2KI.9.33-2KI.9.37	4
68:23	ISA.63.1-ISA.63.6	3
68:24	PSA.47.5-PSA.47.7	3
68:24	2SA.6.12-2SA.6.17	2
68:24	1CH.13.8	2
68:24	1CH.15.16-1CH.15.24	2
68:24	PSA.24.7-PSA.24.10	2
68:24	PSA.63.2	2
68:25	1CH.13.8	6
68:25	JDG.11.34	5
68:25	EXO.15.20	4
68:25	1SA.18.6	3
68:25	REV.14.2-REV.14.3	3
68:25	REV.15.2-REV.15.3	3
68:25	PSA.87.7	2
68:25	PSA.148.12-PSA.148.13	2
68:25	PSA.150.3-PSA.150.5	2
68:25	JER.31.4	2
68:25	JER.31.13	2
68:26	ISA.48.1	8
68:26	DEU.33.28	5
68:26	PSA.26.12	3
68:26	PSA.111.1	3
68:26	PRO.5.16	3
68:26	1CH.16.7-1CH.16.36	2
68:26	PSA.135.19-PSA.135.21	2
68:26	PSA.107.32	1
68:27	1SA.9.21	6
68:27	1CH.12.16	3
68:27	PSA.60.7	3
68:27	ISA.11.13	3
68:27	GEN.42.32	2
68:27	JDG.5.18	2
68:27	JDG.20.35	2
68:27	JDG.21.6-JDG.21.25	2
68:27	1CH.12.29	2
68:27	1CH.15.3	2
68:27	1CH.27.12	2
68:27	PSA.47.9	2
68:27	EZK.37.19-EZK.37.27	2
68:28	PSA.71.3	9
68:28	PSA.138.8	9
68:28	PHP.1.6	9
68:28	ISA.40.31	8
68:28	PSA.42.8	7
68:28	2CO.12.9-2CO.12.10	7
68:28	EPH.3.17-EPH.3.20	6
68:28	2TH.1.11	5
68:28	PSA.44.4	4
68:28	JHN.5.8-JHN.5.9	3
68:28	ACT.3.6-ACT.3.8	3
68:29	1KI.10.10	7
68:29	1CH.29.3	6
68:29	PSA.76.11	6
68:29	PSA.45.12	5
68:29	ISA.18.7	5
68:29	ISA.60.6-ISA.60.11	5
68:29	ISA.60.16-ISA.60.17	5
68:29	1KI.10.24-1KI.10.25	4
68:29	EZR.7.13-EZR.7.28	4
68:29	PSA.72.10-PSA.72.11	4
68:29	1CH.22.7-1CH.22.11	3
68:29	1CH.28.10-1CH.28.21	3
68:29	2CH.2.5-2CH.2.6	3
68:29	2CH.6.8-2CH.6.9	3
68:29	2CH.32.23	3
68:29	2CH.32.33	3
68:29	NEH.2.8	3
68:29	1CH.17.4-1CH.17.12	2
68:30	PSA.22.12-PSA.22.13	4
68:30	PSA.89.10	3
68:30	ROM.7.22	3
68:30	2SA.8.1-2SA.8.18	2
68:30	2SA.10.1-2SA.10.19	2
68:30	2CH.14.1-2CH.14.15	2
68:30	2CH.20.1-2CH.20.37	2
68:30	JOB.40.21	2
68:30	PSA.2.12	2
68:30	PSA.18.44	2
68:30	PSA.120.7	2
68:30	ISA.34.7	2
68:30	ISA.37.1-ISA.37.38	2
68:30	JER.50.11	2
68:30	EZK.29.3	2
68:30	JAS.4.1	2
68:30	JER.51.32-JER.51.33	1
68:31	ISA.45.14	8
68:31	ZEP.3.10	6
68:31	PSA.44.20	4
68:31	ISA.19.18-ISA.19.25	4
68:31	ACT.8.27-ACT.8.40	4
68:31	PSA.72.8-PSA.72.11	3
68:31	PSA.143.6	3
68:31	ISA.60.6-ISA.60.7	3
68:31	1KI.8.22	2
68:31	PSA.88.9	2
68:31	ISA.66.19	2
68:32	DEU.32.43	5
68:32	PSA.67.2-PSA.67.5	4
68:32	PSA.117.1-PSA.117.2	4
68:32	ROM.15.10-ROM.15.11	4
68:32	PSA.100.1	3
68:32	REV.15.4	3
68:32	PSA.102.22	2
68:33	PSA.18.10	7
68:33	PSA.104.3	7
68:33	PSA.68.4	5
68:33	1KI.8.27	4
68:33	REV.11.19	4
68:33	DEU.33.26	3
68:33	PSA.93.2	3
68:33	JHN.12.28-JHN.12.29	3
68:33	REV.11.15	3
68:33	DEU.10.14	2
68:33	PSA.29.3-PSA.29.9	2
68:33	PSA.46.6	2
68:33	PSA.77.17-PSA.77.18	2
68:33	PSA.102.25	2
68:33	EZK.10.5	2
68:33	REV.11.12	2
68:34	1CH.16.28-1CH.16.29	4
68:34	2PE.1.17	4
68:34	REV.19.6	4
68:34	PSA.150.1	3
68:34	DEU.33.26	2
68:34	PSA.29.1-PSA.29.2	2
68:34	PSA.96.6-PSA.96.8	2
68:35	PSA.29.11	14
68:35	COL.1.11	10
68:35	PHP.4.13	9
68:35	ISA.40.29	8
68:35	PSA.65.5	7
68:35	ZEC.10.12	7
68:35	NEH.1.5	6
68:35	REV.6.16-REV.6.17	6
68:35	PSA.66.5	5
68:35	ISA.40.31	4
68:35	EPH.3.16	4
68:35	EXO.15.1	3
68:35	DEU.33.25	3
68:35	PSA.45.4	3
68:35	PSA.47.2	3
68:35	PSA.66.20	3
68:35	PSA.72.18-PSA.72.19	3
68:35	PSA.76.12	3
68:35	ISA.45.21	3
68:35	HEB.12.24-HEB.12.29	2
69:1	PSA.69.14-PSA.69.15	11
69:1	ISA.43.2	11
69:1	LAM.3.54	4
69:1	PSA.42.7	3
69:1	PSA.69.2	3
69:1	JON.2.3-JON.2.5	3
69:1	REV.12.15-REV.12.16	3
69:1	REV.17.15	3
69:1	PSA.18.4	2
69:1	PSA.32.6	2
69:1	JOB.22.11	1
69:1	PSA.45.1	1
69:1	PSA.60.1	1
69:1	ISA.28.17	1
69:1	PSA.80.1	0
69:2	PSA.40.2	11
69:2	MAT.7.25	7
69:2	PSA.32.6	6
69:2	PSA.88.6-PSA.88.7	6
69:2	JER.38.6	6
69:2	JER.38.22	4
69:2	GEN.7.17-GEN.7.23	3
69:2	MAT.26.37-MAT.26.38	3
69:2	EZK.27.26-EZK.27.34	0
69:3	PSA.6.6	8
69:3	PSA.119.82	6
69:3	PSA.119.123	6
69:3	ISA.38.14	6
69:3	DEU.28.32	5
69:3	PSA.25.21	4
69:3	JOB.11.20	2
69:3	JOB.16.16	2
69:3	PSA.13.1-PSA.13.3	2
69:3	PSA.22.2	2
69:3	PSA.22.15	2
69:3	PSA.39.7	2
69:3	PSA.69.21	2
69:3	LAM.2.11	2
69:3	JHN.19.28	2
69:3	HEB.5.7	2
69:4	PSA.35.19	11
69:4	JHN.15.25	11
69:4	PSA.109.3-PSA.109.5	8
69:4	PSA.35.11-PSA.35.12	6
69:4	ISA.53.4-ISA.53.7	5
69:4	2CO.5.21	5
69:4	PSA.38.19-PSA.38.20	4
69:4	PSA.40.12	4
69:4	PSA.7.3-PSA.7.5	3
69:4	PSA.59.3	2
69:4	1PE.2.22	2
69:4	1PE.3.18	2
69:4	1PE.2.24	1
69:5	PSA.38.9	6
69:5	JER.16.17	5
69:5	PSA.17.3	4
69:5	PSA.19.12	4
69:5	PSA.38.5	3
69:5	PSA.44.20-PSA.44.21	3
69:6	PSA.25.3	9
69:6	PSA.35.26	6
69:6	LUK.24.19-LUK.24.21	5
69:6	PSA.72.18	4
69:6	ISA.49.23	4
69:6	PSA.7.7	3
69:6	2SA.23.3	2
69:6	ACT.13.23	2
69:6	ACT.4.7	1
69:6	ACT.13.17	1
69:7	ISA.50.6	8
69:7	PSA.44.22	6
69:7	JER.15.15	6
69:7	HEB.12.2	4
69:7	ISA.53.3	3
69:7	LUK.23.11	3
69:7	JHN.15.21-JHN.15.24	3
69:7	PSA.22.6-PSA.22.8	2
69:7	PSA.44.15	2
69:7	MAT.26.67-MAT.26.68	2
69:7	MAT.27.29-MAT.27.30	2
69:7	MAT.27.38-MAT.27.44	2
69:7	LUK.23.35-LUK.23.37	2
69:8	PSA.31.11	8
69:8	JHN.1.11	5
69:8	JHN.7.5	5
69:8	PSA.38.11	3
69:8	MIC.7.5-MIC.7.6	3
69:8	MAT.10.35-MAT.10.36	3
69:8	MAT.26.70-MAT.26.74	3
69:8	1SA.17.28	2
69:8	JOB.19.13-JOB.19.19	2
69:8	ISA.53.3	2
69:8	MAT.10.21-MAT.10.22	2
69:8	MAT.26.48-MAT.26.50	1
69:8	MAT.26.56	1
69:9	ROM.15.3	24
69:9	JHN.2.14-JHN.2.17	20
69:9	PSA.119.139	17
69:9	MRK.11.15-MRK.11.17	12
69:9	1KI.19.10	8
69:9	PSA.89.41	8
69:9	PSA.89.50-PSA.89.51	7
69:9	1CH.29.3	6
69:9	1CH.15.27-1CH.15.29	4
69:10	LUK.7.33-LUK.7.34	4
69:10	PSA.35.13	3
69:10	PSA.102.8-PSA.102.9	3
69:10	PSA.109.24-PSA.109.25	3
69:11	1KI.9.7	4
69:11	JOB.17.6	4
69:11	JER.24.9	4
69:11	DEU.28.37	3
69:11	PSA.35.13-PSA.35.14	2
69:11	PSA.44.13-PSA.44.14	2
69:11	ISA.20.2	2
69:11	ISA.22.12	2
69:11	JOL.1.8	2
69:11	JOL.1.13	1
69:12	PSA.35.15-PSA.35.16	4
69:12	ACT.4.26-ACT.4.27	4
69:12	MAT.27.41-MAT.27.42	3
69:12	GEN.19.1	2
69:12	DEU.16.18	2
69:12	JOB.30.8-JOB.30.9	2
69:12	DAN.5.2-DAN.5.4	2
69:12	DAN.5.23	2
69:12	MAT.27.12-MAT.27.13	2
69:12	MAT.27.20	2
69:12	MAT.27.62-MAT.27.63	2
69:12	MRK.15.17-MRK.15.19	2
69:12	LUK.23.2	2
69:13	2CO.6.2	22
69:13	ISA.49.8	21
69:13	PSA.55.16-PSA.55.17	18
69:13	PSA.91.15	13
69:13	PSA.40.10-PSA.40.11	12
69:13	ISA.55.6	12
69:13	1SA.25.8	11
69:13	1PE.2.23	11
69:13	GEN.24.27	10
69:13	HEB.5.7	10
69:13	EST.5.2	9
69:13	EST.5.6	9
69:13	EST.7.2	9
69:13	PSA.32.6	9
69:13	PSA.51.1	9
69:13	PSA.98.3	9
69:13	MAT.26.36-MAT.26.46	9
69:13	LUK.22.44	9
69:13	JHN.17.1-JHN.17.26	9
69:13	ACT.13.32-ACT.13.33	9
69:13	ROM.15.8-ROM.15.9	9
69:13	LUK.1.72	6
69:13	MIC.7.20	5
69:14	PSA.144.7	8
69:14	PSA.109.21	5
69:14	JER.38.6-JER.38.13	5
69:14	PSA.69.1-PSA.69.2	4
69:14	LAM.3.55	4
69:14	PSA.25.18-PSA.25.19	3
69:14	PSA.35.19	3
69:14	PSA.40.1-PSA.40.3	3
69:14	PSA.42.2	3
69:14	PSA.42.7	3
69:14	PSA.69.15	3
69:14	PSA.109.3	3
69:14	PSA.124.4-PSA.124.5	3
69:14	MRK.14.34-MRK.14.42	3
69:14	MRK.15.34	3
69:14	LUK.19.14	3
69:14	LUK.19.27	3
69:14	ACT.5.30-ACT.5.31	2
69:15	REV.12.15-REV.12.16	5
69:15	PSA.16.10	4
69:15	ISA.43.1-ISA.43.2	4
69:15	JON.2.2-JON.2.7	4
69:15	ACT.2.24	4
69:15	NUM.16.33-NUM.16.34	2
69:15	PSA.88.4-PSA.88.6	2
69:15	PSA.124.4-PSA.124.5	2
69:15	ACT.2.31	2
69:15	MAT.12.40	1
69:16	PSA.109.21	10
69:16	PSA.25.16	7
69:16	PSA.63.3	6
69:16	PSA.26.11	5
69:16	PSA.69.13	5
69:16	PSA.106.45	5
69:16	MIC.7.19	5
69:16	PSA.51.1	4
69:16	PSA.86.15-PSA.86.16	4
69:16	PSA.36.7	2
69:16	ISA.63.7	2
69:17	PSA.27.9	8
69:17	PSA.102.2	7
69:17	MAT.27.46	5
69:17	PSA.70.1	4
69:17	PSA.143.9	4
69:17	PSA.13.1	3
69:17	PSA.44.24	3
69:17	PSA.66.14	3
69:17	PSA.22.24	2
69:17	PSA.40.13	2
69:17	PSA.143.7	2
69:17	MAT.26.38	2
69:17	JOB.7.21	1
69:18	PSA.22.1	4
69:18	PSA.22.19	4
69:18	PSA.111.9	4
69:18	PSA.49.15	3
69:18	DEU.32.27	2
69:18	JOS.7.9	2
69:18	JOB.6.23	2
69:18	PSA.10.1	2
69:18	PSA.31.5	2
69:18	JER.14.8	2
69:19	ISA.53.3	5
69:19	HEB.12.2	5
69:19	1PE.2.23	4
69:19	PSA.2.2-PSA.2.4	3
69:19	PSA.38.9	3
69:19	PSA.69.7-PSA.69.9	2
69:19	JHN.8.49	2
69:19	PSA.22.6-PSA.22.7	1
69:20	ISA.63.5	8
69:20	JOB.16.2	7
69:20	PSA.142.4	7
69:20	MRK.14.50	5
69:20	MAT.26.56	4
69:20	JHN.12.27	3
69:20	JHN.16.32	3
69:20	2TI.4.16-2TI.4.17	3
69:20	JOB.19.21-JOB.19.22	2
69:20	PSA.42.6	2
69:20	PSA.42.10	2
69:20	PSA.123.4	2
69:20	MAT.26.37-MAT.26.38	2
69:20	MRK.14.37	2
69:20	HEB.11.36	2
69:21	MAT.27.34	23
69:21	LUK.23.36	19
69:21	MRK.15.23	18
69:21	MAT.27.48	17
69:21	MRK.15.36	16
69:21	JHN.19.28-JHN.19.30	15
69:21	JER.9.15	8
69:21	JER.8.14	7
69:21	DEU.29.18	2
69:21	JER.23.15	2
69:22	1TH.5.3	9
69:22	ROM.11.8-ROM.11.10	8
69:22	1PE.2.8	7
69:22	PRO.1.32	5
69:22	ISA.8.14-ISA.8.15	5
69:22	MAL.2.2	4
69:23	DAN.5.6	8
69:23	ROM.11.10	7
69:23	ISA.6.9-ISA.6.10	6
69:23	2CO.3.14	4
69:23	ISA.21.3-ISA.21.4	3
69:23	JER.30.6	3
69:23	ACT.28.26-ACT.28.27	3
69:23	DEU.28.65-DEU.28.67	2
69:23	ISA.29.9-ISA.29.10	2
69:23	MAT.13.14-MAT.13.15	2
69:23	JHN.12.39-JHN.12.40	2
69:23	ROM.11.25	2
69:24	PSA.79.6	7
69:24	HOS.5.10	5
69:24	REV.16.1	4
69:24	LUK.21.22	3
69:24	EXO.15.15	2
69:24	LEV.26.14-LEV.26.46	2
69:24	DEU.28.15-DEU.28.68	2
69:24	DEU.29.18-DEU.29.28	2
69:24	DEU.31.17	2
69:24	DEU.32.20-DEU.32.26	2
69:24	ISA.13.8	2
69:24	ZEC.1.6	2
69:24	MAT.23.35-MAT.23.37	2
69:24	1TH.2.15-1TH.2.16	2
69:25	ACT.1.20	13
69:25	MAT.23.38	10
69:25	JER.7.12-JER.7.14	6
69:25	ISA.6.11	5
69:25	LUK.13.35	5
69:25	1KI.9.8	3
69:25	MAT.24.1-MAT.24.2	3
69:25	ISA.5.1	2
69:26	ISA.53.4	10
69:26	ZEC.1.15	6
69:26	MRK.15.27-MRK.15.32	6
69:26	ISA.53.10	5
69:26	2CH.28.9	4
69:26	ZEC.13.7	4
69:26	1TH.2.15	4
69:26	JOB.19.21-JOB.19.22	2
69:26	PSA.109.16	2
69:27	NEH.4.5	8
69:27	ISA.26.10	8
69:27	ROM.1.28	6
69:27	REV.22.10-REV.22.11	5
69:27	2TH.2.11-2TH.2.12	4
69:27	ROM.10.2-ROM.10.3	3
69:27	2TI.4.14	3
69:27	EXO.8.15	2
69:27	EXO.8.32	2
69:27	EXO.9.12	2
69:27	LEV.26.39	2
69:27	PSA.81.12	2
69:27	PSA.109.14	2
69:27	MAT.23.31-MAT.23.32	2
69:27	MAT.27.4-MAT.27.5	2
69:27	ROM.9.18	2
69:27	ROM.9.31	2
69:27	PSA.24.5	1
69:27	PSA.109.17-PSA.109.19	1
69:27	ISA.5.6	1
69:27	MAT.21.19	1
69:28	EXO.32.32-EXO.32.33	10
69:28	LUK.10.20	9
69:28	PHP.4.3	9
69:28	EZK.13.9	7
69:28	REV.13.8	7
69:28	REV.20.12-REV.20.15	7
69:28	HEB.12.23	6
69:28	REV.3.5	5
69:28	REV.22.19	5
69:28	ISA.65.16	4
69:28	ISA.4.3	3
69:28	HOS.1.9	3
69:29	PSA.91.14-PSA.91.16	7
69:29	PSA.40.17	6
69:29	PSA.70.5	5
69:29	PSA.109.22	5
69:29	PSA.18.48	4
69:29	PSA.20.1	4
69:29	ISA.53.2-ISA.53.3	4
69:29	2CO.8.9	4
69:29	EPH.1.21-EPH.1.22	4
69:29	PHP.2.9-PHP.2.11	4
69:29	PSA.59.1	3
69:29	PSA.109.31	3
69:29	PSA.22.27-PSA.22.31	2
69:29	PSA.89.26-PSA.89.27	2
69:29	MAT.8.20	2
69:30	PSA.28.7	11
69:30	PSA.34.3	10
69:30	PSA.118.28-PSA.118.29	10
69:30	PSA.40.1-PSA.40.3	7
69:30	PSA.50.14	5
69:30	PSA.118.21	5
69:31	HEB.13.15	8
69:31	PSA.50.13-PSA.50.14	6
69:31	PSA.50.23	5
69:31	EPH.5.19-EPH.5.20	5
69:31	1PE.2.5	5
69:31	HOS.14.2	3
69:32	PSA.22.26	11
69:32	JHN.16.22	11
69:32	ISA.55.6-ISA.55.7	9
69:32	PSA.34.2	7
69:32	ISA.61.1-ISA.61.3	7
69:32	PSA.25.9	6
69:32	PSA.22.29	2
69:32	JHN.20.20	2
69:33	PSA.68.6	11
69:33	ACT.5.18-ACT.5.19	11
69:33	ZEC.9.11-ZEC.9.12	10
69:33	REV.2.10	9
69:33	PSA.146.7	7
69:33	LUK.4.18	7
69:33	PSA.12.5	6
69:33	EPH.3.1	6
69:33	PSA.10.17	5
69:33	PSA.34.6	5
69:33	PSA.102.17	5
69:33	PSA.102.20	5
69:33	ACT.12.4-ACT.12.11	5
69:33	PSA.72.12-PSA.72.14	4
69:33	PSA.107.10	4
69:33	ISA.66.2	4
69:34	ISA.49.13	15
69:34	PSA.150.6	11
69:34	PSA.96.11	10
69:34	ISA.55.12	9
69:34	PSA.148.1-PSA.148.14	6
69:34	ISA.44.22-ISA.44.23	6
69:34	PSA.98.7-PSA.98.8	5
69:34	REV.7.11-REV.7.13	3
69:34	GEN.1.20	2
69:35	ISA.44.26	8
69:35	PSA.51.18	5
69:35	ISA.46.13	5
69:35	PSA.48.11-PSA.48.13	4
69:35	PSA.102.16	4
69:35	OBA.1.17	4
69:35	EZK.36.35-EZK.36.36	3
69:35	REV.14.1	3
69:35	PSA.102.13	2
69:35	PSA.147.12-PSA.147.13	2
69:35	ISA.14.32	2
69:35	JER.33.10-JER.33.11	2
69:36	PSA.102.28	7
69:36	PSA.37.29	6
69:36	ACT.2.39	6
69:36	JAS.1.12	6
69:36	ISA.61.9	5
69:36	JHN.14.23	5
69:36	PSA.91.14	4
69:36	ROM.8.28	4
69:36	JAS.2.5	4
69:36	ISA.44.3-ISA.44.4	3
69:36	REV.21.27	3
69:36	PSA.90.16-PSA.90.17	1
70:1	PSA.40.13-PSA.40.17	13
70:1	PSA.143.7	11
70:1	PSA.71.12	9
70:1	PSA.69.18	8
70:1	PSA.38.1	5
70:1	2SA.17.1-2SA.17.21	2
70:2	PSA.35.4	8
70:2	PSA.35.26	7
70:2	ISA.41.11	6
70:2	PSA.71.13	5
70:2	PSA.109.29	5
70:2	JHN.18.6	5
70:2	PSA.6.10	4
70:2	ISA.28.13	3
70:3	PSA.40.15	6
70:3	PRO.24.17-PRO.24.18	5
70:3	ACT.1.18	4
70:3	PSA.35.21	3
70:3	PSA.35.25	3
70:3	EZK.25.3	3
70:3	EZK.26.2	3
70:3	EZK.36.2	2
70:4	PSA.40.16	13
70:4	LAM.3.25	12
70:4	PSA.35.27	8
70:4	ISA.61.10	8
70:4	ISA.65.13-ISA.65.14	8
70:4	PSA.97.12	7
70:4	JHN.16.20	6
70:4	PSA.5.11	5
70:5	PSA.40.17	14
70:5	PSA.141.1	13
70:5	REV.22.20	10
70:5	PSA.69.29	9
70:5	HEB.10.37	8
70:5	PSA.13.1-PSA.13.2	7
70:5	PSA.109.22	6
71:1	PSA.31.1-PSA.31.3	18
71:1	PSA.25.2-PSA.25.3	13
71:1	PSA.22.5	10
71:1	1PE.2.6	10
71:1	JER.17.18	8
71:1	PSA.125.1	6
71:1	ISA.45.17	6
71:1	1CH.5.20	5
71:1	PSA.146.5	5
71:1	2KI.18.5	4
71:1	ROM.9.33	4
71:2	PSA.31.1	10
71:2	PSA.17.6	8
71:2	PSA.116.1-PSA.116.2	7
71:2	PSA.143.11	7
71:2	PSA.10.17-PSA.10.18	6
71:2	PSA.17.2	6
71:2	PSA.34.15	6
71:2	PSA.43.1	6
71:2	PSA.143.1	6
71:2	1CO.10.13	6
71:2	DAN.9.16	5
71:3	PSA.18.2	12
71:3	PRO.18.10	11
71:3	DEU.33.27	9
71:3	PSA.31.2-PSA.31.3	8
71:3	PSA.91.9	8
71:3	PSA.91.11-PSA.91.12	8
71:3	PSA.42.8	7
71:3	PSA.44.4	5
71:3	PSA.91.1-PSA.91.2	5
71:3	ISA.33.16	5
71:3	PSA.68.28	4
71:3	REV.7.2-REV.7.3	4
71:3	PSA.90.1	3
71:3	PSA.144.2	3
71:3	EZK.9.6	3
71:4	PSA.59.1-PSA.59.2	5
71:4	PSA.140.1-PSA.140.4	5
71:4	2SA.17.1-2SA.17.2	3
71:4	PSA.17.8-PSA.17.9	3
71:4	PSA.17.13	3
71:4	2SA.16.21-2SA.16.22	2
71:4	2SA.17.12-2SA.17.14	2
71:4	2SA.17.21	2
71:5	JER.17.7	12
71:5	PSA.39.7	11
71:5	PSA.119.81	8
71:5	PSA.71.17	7
71:5	1SA.17.45-1SA.17.47	6
71:5	PSA.22.9-PSA.22.10	6
71:5	PSA.119.166	6
71:5	JER.17.17	6
71:5	JER.14.8	5
71:5	JER.17.13	5
71:5	ROM.15.13	5
71:5	2TI.3.15	5
71:5	1SA.16.13	4
71:5	1SA.17.33-1SA.17.37	4
71:5	PSA.13.5	4
71:5	LUK.2.40	4
71:5	ECC.12.1	3
71:5	PSA.42.11	2
71:5	JER.50.7	2
71:6	JER.1.5	20
71:6	PSA.22.9-PSA.22.10	18
71:6	PSA.139.15-PSA.139.16	16
71:6	GAL.1.15	13
71:6	ISA.49.1	12
71:6	ISA.46.3-ISA.46.4	11
71:6	ISA.49.5	11
71:6	PSA.34.1	9
71:6	PSA.145.1-PSA.145.2	8
71:6	PRO.8.17	7
71:6	JER.3.4	6
71:6	LUK.1.31-LUK.1.32	5
71:6	PSA.71.14	4
71:6	EPH.5.20	2
71:7	ISA.8.18	12
71:7	PSA.62.7	8
71:7	ACT.4.13	8
71:7	1CO.4.9	8
71:7	JER.16.19	7
71:7	2CO.6.8-2CO.6.10	7
71:7	PSA.61.3	6
71:7	ZEC.3.6	5
71:7	LUK.2.34	5
71:7	2CO.4.8-2CO.4.12	5
71:7	PSA.142.4-PSA.142.5	4
71:8	PSA.35.28	12
71:8	PSA.146.2	10
71:8	PSA.104.1	8
71:8	PSA.71.15	6
71:8	PSA.71.24	6
71:8	PSA.145.1-PSA.145.2	5
71:8	PSA.51.14-PSA.51.15	4
71:8	PSA.63.5	4
71:8	PSA.96.6	2
71:9	ISA.46.4	20
71:9	2TI.1.12	18
71:9	PSA.71.18	11
71:9	PSA.73.26	9
71:9	PSA.90.10	9
71:9	PSA.92.13-PSA.92.15	9
71:9	2SA.19.35	8
71:9	ECC.12.1-ECC.12.7	8
71:9	2TI.4.18	8
71:9	2SA.21.15-2SA.21.17	4
71:10	PSA.31.13	4
71:10	PSA.56.6	4
71:10	PSA.83.3	4
71:10	PSA.37.32-PSA.37.33	3
71:10	JER.20.10	3
71:10	MAT.26.3-MAT.26.4	3
71:10	1SA.19.11	2
71:10	2SA.17.1-2SA.17.14	2
71:10	PSA.2.2	2
71:10	PSA.10.9	2
71:10	PRO.1.11	2
71:10	MAT.27.1	2
71:11	PSA.7.2	4
71:11	PSA.3.2	3
71:11	PSA.50.22	3
71:11	MAT.27.46	3
71:11	2CH.32.13-2CH.32.14	2
71:11	PSA.37.25	2
71:11	PSA.37.28	2
71:11	PSA.41.7-PSA.41.8	2
71:11	PSA.42.10	2
71:11	DAN.3.15	2
71:11	MAT.27.42-MAT.27.43	2
71:11	MAT.27.49	2
71:12	PSA.35.22	6
71:12	PSA.38.21-PSA.38.22	6
71:12	PSA.22.11	5
71:12	PSA.10.1	4
71:12	PSA.69.18	4
71:12	PSA.70.5	4
71:12	PSA.22.19	3
71:12	PSA.40.13	3
71:12	PSA.70.1-PSA.70.2	3
71:12	PSA.143.7	3
71:13	JER.20.11	9
71:13	PSA.71.24	8
71:13	PSA.109.29	6
71:13	PSA.35.4	5
71:13	PSA.35.26	5
71:13	ISA.41.11	3
71:13	PSA.6.10	2
71:13	PSA.40.14-PSA.40.15	2
71:13	PSA.132.18	2
71:13	1PE.5.5	2
71:13	EST.9.2	1
71:14	1JN.3.3	10
71:14	PSA.130.7	9
71:14	LAM.3.26	8
71:14	PSA.43.5	7
71:14	PSA.71.6	7
71:14	HEB.10.35	6
71:14	LAM.3.21	5
71:14	1PE.1.13	5
71:14	JOB.13.15	4
71:14	PHP.1.9	4
71:14	1TH.4.10	3
71:14	2PE.3.18	2
71:15	PSA.40.5	16
71:15	PSA.35.28	12
71:15	PSA.71.8	9
71:15	PSA.139.17-PSA.139.18	8
71:15	PSA.145.2	8
71:15	PSA.145.5-PSA.145.14	8
71:15	PSA.40.9-PSA.40.10	7
71:15	PSA.71.24	7
71:15	PSA.89.16	7
71:15	PSA.22.22-PSA.22.25	6
71:15	PSA.30.12	6
71:15	PSA.40.12	5
71:16	PHP.4.13	7
71:16	PHP.3.9	5
71:16	PSA.29.11	4
71:16	PSA.51.14	4
71:16	ZEC.10.12	4
71:16	MAT.6.33	4
71:16	PSA.71.2	3
71:16	PSA.71.15	3
71:16	PSA.71.24	3
71:16	ISA.63.7	3
71:16	EPH.3.16	3
71:16	EPH.6.10	3
71:16	2TH.1.6	3
71:16	DEU.33.25	2
71:16	PSA.71.19	2
71:16	PSA.106.2	2
71:16	ISA.26.13	2
71:16	ISA.40.31	2
71:16	ISA.45.24-ISA.45.25	2
71:16	ROM.1.17	2
71:16	ROM.3.21	2
71:16	ROM.10.3	2
71:16	2TI.2.1	2
71:17	PSA.119.9	6
71:17	PSA.71.5	5
71:17	PSA.119.102	5
71:17	DEU.4.5	4
71:17	1SA.17.36-1SA.17.37	2
71:17	2SA.4.9	2
71:17	PSA.26.7	2
71:17	PSA.66.16	2
71:17	2SA.22.1-2SA.22.51	1
71:17	1CH.16.4-1CH.16.36	1
71:18	ISA.46.4	18
71:18	PSA.71.9	14
71:18	PSA.78.4	14
71:18	PSA.145.4-PSA.145.5	10
71:18	PSA.78.6	9
71:18	EXO.13.14-EXO.13.17	6
71:18	PSA.22.31	6
71:18	1SA.4.18	4
71:18	ISA.51.9	4
71:18	EXO.13.8	3
71:18	GEN.27.1	2
71:18	1SA.4.15	2
71:18	ISA.53.1	2
71:18	ACT.13.36	2
71:18	1CH.29.10-1CH.29.30	1
71:19	PSA.35.10	10
71:19	PSA.36.5-PSA.36.6	9
71:19	PSA.57.10	8
71:19	ISA.55.9	8
71:19	EXO.15.11	7
71:19	PSA.86.8	6
71:19	PSA.89.6-PSA.89.8	6
71:19	PSA.126.2-PSA.126.3	6
71:19	ISA.40.18	6
71:19	JER.10.7	6
71:19	JOB.5.9	5
71:19	PSA.72.18	5
71:19	ISA.5.16	5
71:19	ISA.40.25	5
71:19	LUK.1.49	5
71:19	PSA.139.6	4
71:19	PRO.15.24	4
71:19	PRO.24.7	2
71:20	PSA.138.7	17
71:20	HOS.6.1-HOS.6.2	14
71:20	PSA.60.3	13
71:20	PSA.86.13	12
71:20	EZK.37.12-EZK.37.13	10
71:20	PSA.40.1-PSA.40.3	8
71:20	PSA.80.18	7
71:20	PSA.119.25	6
71:20	JON.2.6	4
71:20	PSA.16.10	3
71:20	PSA.88.6-PSA.88.18	3
71:20	ISA.26.19	3
71:20	2SA.12.11	2
71:20	PSA.66.10-PSA.66.12	2
71:20	PSA.85.6	2
71:20	ISA.38.17	2
71:20	MRK.14.33-MRK.14.34	2
71:20	MRK.15.34	2
71:20	ACT.2.24	2
71:20	EPH.4.9	2
71:20	REV.7.14	2
71:20	ACT.2.32-ACT.2.34	1
71:20	2CO.11.23-2CO.11.31	1
71:21	2SA.3.1	8
71:21	PSA.18.35	7
71:21	PSA.86.17	7
71:21	ISA.12.1	7
71:21	2CO.1.4-2CO.1.5	7
71:21	PSA.32.10	6
71:21	PSA.23.4	5
71:21	ISA.49.6	5
71:21	ISA.49.13	5
71:21	PSA.72.11	4
71:21	ISA.9.7	4
71:21	2CO.2.14	4
71:21	2CO.7.6	2
71:21	2CO.7.13	2
71:21	1TH.3.9	2
71:21	REV.11.15	2
71:22	PSA.92.1-PSA.92.3	9
71:22	2KI.19.22	7
71:22	PSA.33.2	7
71:22	PSA.89.18	6
71:22	ISA.12.6	5
71:22	ISA.57.15	5
71:22	HAB.3.18-HAB.3.19	5
71:22	PSA.98.3	4
71:22	ISA.5.24	4
71:22	ISA.60.9	4
71:22	PSA.25.10	3
71:22	PSA.56.4	3
71:22	PSA.78.41	3
71:22	PSA.89.1	3
71:22	PSA.138.2	3
71:22	PSA.144.9	3
71:22	PSA.150.3-PSA.150.5	3
71:22	ISA.5.16	3
71:22	ISA.5.19	3
71:22	ISA.30.11-ISA.30.12	3
71:22	ISA.43.3	3
71:22	MIC.7.20	3
71:22	ROM.15.8	2
71:23	PSA.103.4	9
71:23	PSA.104.33	9
71:23	LUK.1.46-LUK.1.47	7
71:23	REV.5.9	6
71:23	PSA.34.22	5
71:23	2SA.4.9	4
71:23	GEN.48.16	3
71:23	PSA.63.5	3
71:24	PSA.71.13	7
71:24	PSA.18.37-PSA.18.43	4
71:24	1CO.15.25	4
71:24	PSA.35.28	3
71:24	PSA.92.11	3
71:24	DEU.11.19	2
71:24	PSA.37.30	2
71:24	PSA.71.8	2
71:24	PSA.71.15	2
71:24	PRO.10.20-PRO.10.21	2
71:24	MAT.12.35	2
71:24	EPH.4.29	2
72:1	2CH.1.10	9
72:1	JER.23.5-JER.23.6	9
72:1	1CH.22.12-1CH.22.13	8
72:1	1CH.29.19	7
72:1	1KI.1.39-1KI.2.4	6
72:1	PSA.127.1	6
72:1	ISA.11.2	6
72:1	JHN.3.34	4
72:1	HEB.1.8-HEB.1.9	4
72:2	ISA.32.1	7
72:2	PSA.72.12-PSA.72.14	3
72:2	ISA.32.17	3
72:2	1KI.3.5-1KI.3.10	2
72:2	JOB.34.19	2
72:2	PSA.12.5	2
72:2	PSA.45.6-PSA.45.7	2
72:2	PSA.82.3-PSA.82.4	2
72:2	ISA.9.7	2
72:2	ISA.11.2-ISA.11.5	2
72:2	REV.19.11	2
72:2	JER.33.15	1
72:3	ISA.52.7	5
72:3	2CO.5.19-2CO.5.21	3
72:3	PSA.65.12	2
72:3	PSA.72.16	2
72:3	PSA.85.10-PSA.85.11	2
72:3	PSA.96.11-PSA.96.13	2
72:3	PSA.98.8-PSA.98.9	2
72:3	ISA.32.16-ISA.32.17	2
72:3	EZK.34.13-EZK.34.14	2
72:3	DAN.9.24	2
72:3	JOL.3.18	2
72:4	ISA.11.4	9
72:4	EZK.34.15-EZK.34.16	8
72:4	PSA.109.31	6
72:4	ZEC.9.8-ZEC.9.10	5
72:4	JOB.34.24	4
72:4	PSA.2.9	4
72:4	PSA.72.12-PSA.72.14	4
72:4	PSA.94.5	4
72:4	PRO.20.26	4
72:4	ISA.9.4	4
72:4	DAN.2.34-DAN.2.35	4
72:4	ZEC.11.7	4
72:4	MAT.11.5	4
72:4	REV.18.6-REV.18.8	4
72:4	REV.18.20	4
72:4	REV.18.24	4
72:4	REV.19.2	4
72:4	JOB.19.2	3
72:4	ISA.51.12-ISA.51.13	3
72:4	JER.51.20-JER.51.23	3
72:4	ZEC.11.11	3
72:5	PSA.89.36-PSA.89.37	5
72:5	DAN.7.14	4
72:5	PSA.72.17	3
72:5	REV.11.15	3
72:5	1SA.12.18	2
72:5	1KI.3.28	2
72:5	PSA.72.7	2
72:5	PSA.89.29	2
72:5	ISA.9.7	2
72:5	DAN.2.44	2
72:5	DAN.7.27	2
72:5	LUK.1.32-LUK.1.33	2
72:5	1CO.15.24-1CO.15.25	2
72:5	EPH.3.21	2
72:6	HOS.6.3	8
72:6	DEU.32.2	6
72:6	2SA.23.4	5
72:6	PSA.65.10	3
72:6	ISA.14.3-ISA.14.5	3
72:6	HOS.14.5-HOS.14.7	3
72:6	PRO.16.15	2
72:6	PRO.19.12	2
72:6	ISA.5.6	2
72:6	EZK.34.23-EZK.34.26	2
72:7	ISA.2.4	10
72:7	MAL.4.2	8
72:7	PSA.92.12	7
72:7	ISA.60.22	4
72:7	ISA.54.11-ISA.54.17	3
72:7	LUK.2.14	3
72:7	1KI.4.25	2
72:7	1CH.22.8-1CH.22.9	2
72:7	PSA.132.15-PSA.132.18	2
72:7	ISA.9.6-ISA.9.7	2
72:7	ISA.11.6-ISA.11.9	2
72:7	ISA.32.3-ISA.32.8	2
72:7	ISA.32.15-ISA.32.20	2
72:7	ISA.35.1-ISA.35.10	2
72:7	ISA.55.10-ISA.55.13	2
72:7	ISA.60.1	2
72:7	ISA.61.3-ISA.61.6	2
72:7	ISA.61.10-ISA.61.11	2
72:7	DAN.2.44	2
72:7	LUK.1.33	2
72:7	ACT.4.32	2
72:7	EPH.2.14-EPH.2.17	2
72:8	EXO.23.31	7
72:8	ZEC.9.10	7
72:8	1KI.4.21-1KI.4.24	4
72:8	PSA.2.8	3
72:8	PSA.80.11	3
72:8	PSA.89.25	3
72:8	PSA.22.27-PSA.22.28	2
72:8	PSA.89.36	2
72:8	REV.11.15	2
72:9	ISA.49.23	8
72:9	MIC.7.17	5
72:9	LUK.19.27	2
72:9	1KI.9.18	1
72:9	1KI.9.20-1KI.9.21	1
72:9	PSA.2.9	1
72:9	PSA.21.8-PSA.21.9	1
72:9	PSA.22.29	1
72:9	PSA.110.1	1
72:9	PSA.110.6	1
72:9	ISA.35.1-ISA.35.2	1
72:10	PSA.68.29	7
72:10	ISA.60.6	7
72:10	ISA.49.7	6
72:10	1KI.10.1	5
72:10	PSA.45.12	5
72:10	2CH.9.21	4
72:10	ISA.60.9	4
72:10	GEN.10.7	3
72:10	1KI.10.10	2
72:10	1KI.10.25	2
72:10	ISA.42.4	2
72:10	ISA.42.10	2
72:10	ISA.43.3	2
72:10	ISA.43.6	2
72:10	ISA.60.3	2
72:10	MAT.2.11	2
72:11	PSA.86.9	7
72:11	ISA.49.22-ISA.49.23	5
72:11	REV.11.15	5
72:11	REV.17.14	4
72:11	PSA.138.4-PSA.138.5	3
72:11	ISA.54.5	3
72:11	REV.20.1-REV.20.6	3
72:11	REV.21.24	3
72:11	REV.21.26	3
72:11	PSA.2.10-PSA.2.12	2
72:11	ISA.11.9	2
72:11	ISA.49.7	2
72:11	ROM.11.25	2
72:12	JOB.29.12	17
72:12	PSA.102.17	14
72:12	REV.3.17-REV.3.18	14
72:12	PSA.10.17	13
72:12	ECC.4.1	13
72:12	HEB.7.25	13
72:12	PSA.82.3-PSA.82.4	11
72:12	ISA.41.17	11
72:12	PSA.72.4	10
72:12	LUK.4.18	10
72:12	2CO.8.9	10
72:12	PSA.102.20	9
72:12	LUK.7.22	9
72:12	ISA.63.4-ISA.63.5	8
72:13	EZK.34.16	6
72:13	PSA.109.31	5
72:13	MAT.5.3	5
72:13	JOB.5.15-JOB.5.16	4
72:13	JAS.2.5-JAS.2.6	3
72:13	MAT.18.10	2
72:14	PSA.116.15	11
72:14	LUK.1.68-LUK.1.75	6
72:14	1TH.2.15-1TH.2.16	6
72:14	REV.19.2	6
72:14	2SA.4.9	5
72:14	PSA.69.18	5
72:14	PSA.130.8	4
72:14	REV.17.6	4
72:14	GEN.48.16	3
72:14	1SA.26.21	3
72:14	PSA.25.22	3
72:14	TIT.2.14	3
72:14	REV.6.9-REV.6.11	3
72:14	MAT.23.30-MAT.23.36	2
72:14	REV.18.20-REV.18.24	2
72:15	1KI.10.14	7
72:15	ISA.60.6	5
72:15	PHP.2.11	5
72:15	JUD.1.25	5
72:15	REV.1.18	5
72:15	REV.5.8-REV.5.14	5
72:15	2CH.2.11-2CH.2.12	4
72:15	2CH.9.1	4
72:15	2CH.9.4-2CH.9.8	4
72:15	2CH.9.23-2CH.9.24	4
72:15	1CO.1.2-1CO.1.3	4
72:15	2CO.13.14	4
72:15	1TH.3.11	4
72:15	2TI.4.22	4
72:15	HEB.10.19-HEB.10.22	4
72:15	2PE.3.18	4
72:15	1JN.1.2	4
72:15	REV.1.5-REV.1.6	4
72:15	PSA.21.4	3
72:15	PSA.45.4	3
72:15	PSA.72.19	3
72:15	MAT.2.11	3
72:15	MAT.6.10	3
72:15	MAT.21.9	3
72:15	JHN.5.23	3
72:15	JHN.11.25	3
72:15	JHN.14.19	3
72:15	JHN.16.23-JHN.16.24	3
72:16	1KI.4.20	3
72:16	REV.7.9	3
72:16	JOB.5.25	2
72:16	JOB.8.7	2
72:16	PSA.72.6	2
72:16	PSA.92.12-PSA.92.14	2
72:16	PSA.104.16	2
72:16	ISA.2.2-ISA.2.3	2
72:16	ISA.29.17	2
72:16	ISA.30.23	2
72:16	ISA.32.15	2
72:16	ISA.32.20	2
72:16	ISA.35.2	2
72:16	ISA.44.3-ISA.44.5	2
72:16	JER.33.22	2
72:16	HOS.14.5-HOS.14.7	2
72:16	MAT.13.31-MAT.13.33	2
72:16	MRK.16.15-MRK.16.16	2
72:16	ACT.1.15	2
72:16	ACT.2.41	2
72:16	ACT.4.4	2
72:16	1CO.3.6-1CO.3.9	2
72:16	REV.7.14	1
72:17	ISA.7.14	17
72:17	MAT.1.23	14
72:17	PSA.89.36	11
72:17	GEN.12.3	10
72:17	LUK.1.48	7
72:17	GEN.22.18	6
72:17	LUK.1.31-LUK.1.33	6
72:17	PHP.2.10	4
72:17	COL.1.3	4
72:17	1PE.1.3	4
72:17	EXO.3.15	3
72:17	PSA.45.17	3
72:17	JER.4.2	3
72:17	MAT.1.21	2
72:17	ACT.3.16	2
72:17	GAL.3.14	2
72:17	EPH.1.3	2
72:17	EPH.3.14	2
72:17	REV.15.4	1
72:18	PSA.41.13	16
72:18	PSA.106.48	14
72:18	EXO.15.11	13
72:18	1CH.29.10	13
72:18	PSA.86.10	12
72:18	PSA.136.4	11
72:18	PSA.77.14	10
72:18	JOB.5.9	9
72:18	PSA.68.35	9
72:18	1CH.29.20	8
72:18	DAN.4.2-DAN.4.3	5
72:18	JOB.9.10	4
72:19	NUM.14.21	21
72:19	MAT.6.10	15
72:19	PSA.41.13	13
72:19	HAB.2.14	13
72:19	MAT.6.13	12
72:19	REV.5.13	12
72:19	ISA.6.3	11
72:19	NEH.9.5	10
72:19	PSA.89.52	10
72:19	ISA.11.9	10
72:19	REV.22.20	10
72:19	ZEC.14.9	7
72:19	REV.1.18	6
72:19	MAL.1.11	5
72:19	JER.28.6	4
72:19	NUM.5.22	3
72:19	1KI.1.36	3
72:20	2SA.23.1	7
72:20	JOB.31.40	4
72:20	JER.51.64	4
72:20	LUK.24.51	4
73:1	MAT.5.8	21
73:1	PSA.51.10	13
73:1	PSA.84.11	9
73:1	LUK.12.32	9
73:1	JAS.4.8	7
73:1	JHN.1.47	6
73:1	ROM.2.28-ROM.2.29	4
73:1	1CH.25.1-1CH.25.6	3
73:1	2CH.29.30	3
73:1	PSA.24.4	3
73:1	PSA.50.1	3
73:1	PSA.83.1	3
73:1	JER.4.14	3
73:1	ROM.4.16	3
73:1	TIT.3.5	3
73:1	1CH.6.39	2
73:1	1CH.15.17	2
73:1	1CH.16.7	2
73:1	1CH.16.37	2
73:1	PSA.2.6	2
73:1	PSA.42.11	2
73:1	PSA.73.18-PSA.74.1	2
73:1	ISA.63.7-ISA.63.9	2
73:1	ROM.9.6-ROM.9.7	1
73:2	PSA.94.18	12
73:2	1SA.2.9	8
73:2	PSA.116.8	8
73:2	PSA.38.16	5
73:2	JOS.24.15	4
73:2	PSA.17.5	4
73:2	1SA.12.23	3
73:2	PSA.5.7	3
73:2	PSA.17.15	3
73:2	1CH.22.7	2
73:2	JOB.12.5	2
73:2	JOB.21.4	2
73:2	PSA.35.13	2
73:2	ROM.7.23-ROM.7.24	2
73:3	JOB.21.7	12
73:3	JER.12.1	11
73:3	PSA.37.7	10
73:3	PRO.23.17	10
73:3	PSA.37.1	8
73:3	PRO.24.1	6
73:3	PRO.3.31	3
73:3	JAS.4.5	3
73:4	JOB.21.23-JOB.21.24	5
73:4	ECC.2.16	5
73:4	LUK.16.22	5
73:4	PSA.17.14	4
73:4	ECC.7.15	4
73:4	JOB.24.20	3
73:4	PSA.17.10	3
73:5	JOB.21.9	4
73:5	PSA.73.12	4
73:5	JER.12.1-JER.12.2	3
73:5	REV.3.19	3
73:5	JOB.21.6	2
73:5	PRO.3.11-PRO.3.12	2
73:5	1CO.11.32	2
73:5	HEB.12.8	2
73:6	PSA.109.18	7
73:6	1PE.5.5	5
73:6	JDG.8.26	3
73:6	PRO.1.9	3
73:6	PRO.3.31	3
73:6	DAN.4.30	3
73:6	GEN.41.42	2
73:6	DEU.8.13-DEU.8.14	2
73:6	DEU.32.15	2
73:6	EST.3.1	2
73:6	EST.3.5-EST.3.6	2
73:6	EST.5.9-EST.5.11	2
73:6	JOB.21.7-JOB.21.15	2
73:6	PSA.109.29	2
73:6	PRO.4.17	2
73:6	ECC.8.11	2
73:6	SNG.4.9	2
73:6	ISA.3.19	2
73:6	JER.48.11	2
73:6	JER.48.29	2
73:6	EZK.16.11	2
73:6	EZK.28.2-EZK.28.5	2
73:6	MIC.2.1-MIC.2.2	2
73:6	MIC.3.5	2
73:6	JAS.5.4-JAS.5.6	2
73:7	JOB.15.27	4
73:7	PSA.17.10	4
73:7	JER.5.28	4
73:7	PSA.73.12	3
73:7	1SA.25.2	2
73:7	1SA.25.36	2
73:7	PSA.17.14	2
73:7	PSA.119.70	2
73:7	ISA.3.9	2
73:7	EZK.16.49	2
73:7	LUK.12.16-LUK.12.19	2
73:8	JUD.1.16	8
73:8	PSA.17.10	5
73:8	PSA.10.2	4
73:8	PSA.10.10-PSA.10.11	3
73:8	PSA.12.4-PSA.12.5	3
73:8	PSA.53.1-PSA.53.4	3
73:8	PRO.30.13-PRO.30.14	3
73:8	JER.7.9-JER.7.11	3
73:8	2PE.2.10	3
73:8	2PE.2.18	3
73:8	EXO.1.9-EXO.1.10	2
73:8	1SA.13.19	2
73:8	1KI.21.7-1KI.21.29	2
73:8	HOS.7.16	2
73:9	REV.13.6	8
73:9	EXO.5.2	5
73:9	JAS.3.6	5
73:9	DAN.7.25	4
73:9	2CH.32.15	3
73:9	DAN.3.15	3
73:9	LUK.18.4	2
73:9	JOB.21.14	1
73:9	PSA.52.4	1
73:10	PSA.75.8	2
73:11	HOS.7.2	8
73:11	ZEP.1.12	5
73:11	PSA.94.7	4
73:11	JOB.22.13-JOB.22.14	3
73:11	PSA.44.21	3
73:11	PSA.73.9	3
73:11	PSA.139.1-PSA.139.6	3
73:11	EZK.8.12	3
73:11	PSA.10.11	2
73:12	PSA.52.7	4
73:12	JER.5.28	3
73:12	HOS.12.7-HOS.12.8	3
73:12	PSA.17.14	2
73:12	PSA.37.35	2
73:12	PSA.49.6	2
73:12	PSA.62.10	2
73:12	JER.5.17	2
73:12	JER.12.1-JER.12.2	2
73:12	LUK.16.19	2
73:12	JAS.5.1-JAS.5.3	2
73:13	JOB.21.15	8
73:13	PSA.26.6	8
73:13	JOB.34.9	6
73:13	JOB.35.3	4
73:13	PSA.51.10	4
73:13	MAL.3.14	4
73:13	JAS.4.8	4
73:13	HEB.10.19-HEB.10.22	3
73:13	JOB.9.27	2
73:13	JOB.9.31	2
73:13	PSA.24.4	2
73:14	HEB.12.5	5
73:14	PSA.94.12	4
73:14	JOB.7.3-JOB.7.4	3
73:14	PSA.34.19	3
73:14	JER.15.18	3
73:14	AMO.3.2	3
73:14	1PE.1.6	3
73:14	JOB.7.18	2
73:14	JOB.10.3	2
73:14	JOB.10.17	2
73:15	MAT.18.6-MAT.18.7	5
73:15	PSA.24.6	4
73:15	MAL.2.8	4
73:15	ROM.14.15	4
73:15	PSA.14.5	3
73:15	PSA.22.30	3
73:15	ROM.14.21	3
73:15	1PE.2.9	3
73:15	1SA.2.24	2
73:15	1CO.8.11-1CO.8.13	1
73:16	ECC.8.17	6
73:16	PSA.36.6	2
73:16	PSA.39.6	2
73:16	PSA.77.19	2
73:16	PSA.97.2	2
73:16	PRO.30.2-PRO.30.3	2
73:16	LUK.18.32-LUK.18.34	2
73:16	JHN.16.18-JHN.16.19	2
73:16	ROM.11.33	2
73:17	PSA.77.13	6
73:17	LUK.12.20	6
73:17	PSA.27.4	5
73:17	ECC.8.12-ECC.8.13	5
73:17	PSA.37.37-PSA.37.38	4
73:17	PSA.63.2	4
73:17	PSA.119.24	4
73:17	JOB.27.8	3
73:17	PSA.119.130	3
73:17	JER.5.31	3
73:17	LUK.16.22-LUK.16.23	1
73:18	JER.23.12	9
73:18	PSA.35.6	8
73:18	DEU.32.35	5
73:18	PSA.55.23	4
73:18	PSA.94.23	4
73:18	2TH.1.9	4
73:18	PSA.37.20	3
73:18	PSA.37.35-PSA.37.38	3
73:18	PSA.92.7	3
73:18	PSA.37.24	2
73:19	ISA.47.11	6
73:19	PRO.28.1	4
73:19	DAN.5.6	4
73:19	JOB.15.21	3
73:19	JOB.20.5	3
73:19	ISA.30.13	3
73:19	1TH.5.3	3
73:19	REV.18.10	3
73:19	NUM.16.21	2
73:19	NUM.17.12-NUM.17.13	2
73:19	1SA.28.20	2
73:19	JOB.18.11	2
73:19	JOB.20.23-JOB.20.25	2
73:19	PSA.58.9	2
73:19	ISA.21.3-ISA.21.4	2
73:19	ACT.2.23	2
73:20	JOB.20.8	5
73:20	PSA.78.65	4
73:20	PSA.7.6	2
73:20	PSA.39.6	2
73:20	PSA.90.5	2
73:20	ISA.29.7-ISA.29.8	2
73:21	PSA.37.7	5
73:21	PSA.73.3	5
73:21	LAM.3.13	4
73:21	JOB.16.13	3
73:21	PSA.37.1	3
73:22	ECC.3.18	9
73:22	PSA.92.6	6
73:22	PSA.49.10	5
73:22	ISA.1.3	5
73:22	PSA.32.9	4
73:22	PRO.30.2	4
73:22	JOB.18.3	3
73:22	PSA.69.5	2
73:23	ISA.41.13	29
73:23	PSA.63.8	19
73:23	MAT.28.20	17
73:23	HEB.13.5	14
73:23	PSA.16.8	13
73:23	PSA.23.4	12
73:23	MAT.1.23	10
73:23	ISA.41.10	9
73:23	PSA.37.24	7
73:23	ISA.42.1	7
73:23	GEN.17.1	6
73:23	PSA.37.17	6
73:23	PSA.139.1-PSA.139.12	6
73:23	PSA.139.18	5
73:24	PSA.32.8	28
73:24	ISA.58.11	22
73:24	PRO.3.5-PRO.3.6	20
73:24	PSA.48.14	17
73:24	ISA.48.17	17
73:24	PSA.25.9	15
73:24	ISA.30.21	14
73:24	PSA.16.7	13
73:24	JHN.16.13	13
73:24	JAS.1.5	13
73:24	PSA.84.11	12
73:24	ISA.58.8	12
73:24	PSA.49.15	11
73:24	PSA.143.8-PSA.143.10	11
73:24	LUK.11.13	11
73:24	JHN.17.24	11
73:24	PRO.8.20	10
73:24	JHN.14.3	10
73:24	2CO.5.1	10
73:24	JHN.17.5	9
73:24	1PE.1.4-1PE.1.5	9
73:24	LUK.23.46	8
73:24	ACT.7.59	7
73:25	PHP.3.8	31
73:25	PSA.16.2	21
73:25	PSA.63.3	17
73:25	PSA.16.5	11
73:25	ISA.26.8-ISA.26.9	8
73:25	PSA.37.4	6
73:25	PSA.104.34	6
73:25	MAT.10.37	6
73:25	PSA.16.11	5
73:25	PSA.43.4	5
73:25	PSA.143.6-PSA.143.8	5
73:25	PSA.42.1-PSA.42.2	4
73:25	HAB.3.17-HAB.3.18	4
73:25	PSA.89.6	3
73:25	1JN.3.2	3
73:25	REV.21.3	3
73:25	MAT.5.8	2
73:25	PSA.17.15	1
73:25	REV.21.22-REV.21.23	1
73:26	2CO.12.9-2CO.12.10	58
73:26	ISA.40.29-ISA.40.31	48
73:26	PSA.138.3	34
73:26	PSA.18.2	30
73:26	2CO.4.8-2CO.4.10	29
73:26	2CO.4.16-2CO.4.18	23
73:26	PSA.16.5-PSA.16.6	19
73:26	PSA.84.2	17
73:26	PSA.63.1	15
73:26	LAM.3.24	15
73:26	PSA.142.5	14
73:26	PSA.27.14	13
73:26	PHP.1.21	11
73:26	REV.21.3-REV.21.4	11
73:26	JOB.13.15	10
73:26	PSA.40.12	10
73:26	PSA.119.57	10
73:26	PSA.119.81-PSA.119.82	10
73:26	2TI.4.6-2TI.4.8	10
73:26	2PE.1.14	9
73:26	REV.21.7	9
73:27	JAS.4.4	13
73:27	PSA.119.155	7
73:27	EXO.34.15	5
73:27	NUM.15.39	4
73:27	PSA.106.39	3
73:27	REV.17.1-REV.17.5	3
73:27	JOB.21.14-JOB.21.15	2
73:27	ISA.29.13	2
73:27	JER.12.2	1
73:27	MAT.15.7-MAT.15.8	1
73:27	EPH.2.13	1
73:27	EPH.2.17	1
73:28	JAS.4.8	20
73:28	PSA.40.5	16
73:28	LAM.3.25-LAM.3.26	13
73:28	HEB.10.19-HEB.10.22	13
73:28	PSA.65.4	10
73:28	1PE.3.18	6
73:28	PSA.71.24	5
73:28	PSA.84.10	5
73:28	PSA.118.17	5
73:28	LUK.15.17-LUK.15.20	4
73:28	PSA.14.6	3
73:28	PSA.66.16	3
73:28	PSA.71.17	3
73:28	PSA.107.22	3
73:28	PSA.116.7	3
74:1	DEU.29.20	11
74:1	PSA.79.13	8
74:1	PSA.100.3	8
74:1	JHN.10.26-JHN.10.30	7
74:1	PSA.44.9	6
74:1	EZK.34.31	6
74:1	PSA.42.11	5
74:1	PSA.79.5	5
74:1	PSA.95.7	5
74:1	JER.23.1	5
74:1	JER.31.37	5
74:1	LUK.12.32	5
74:1	ROM.11.1-ROM.11.2	5
74:1	PSA.10.1	4
74:1	PSA.42.9	4
74:1	PSA.60.1	4
74:1	PSA.60.10	4
74:1	PSA.77.7	4
74:1	JER.33.24-JER.33.26	4
74:1	EZK.34.8	4
74:1	PSA.18.8	3
74:1	PSA.78.1	3
74:2	JER.10.16	7
74:2	EXO.15.13	5
74:2	EXO.15.16	5
74:2	DEU.32.9	5
74:2	DEU.4.20	4
74:2	PSA.78.68-PSA.78.69	4
74:2	PSA.135.4	4
74:2	PSA.132.13-PSA.132.14	3
74:2	ISA.51.11	3
74:2	ISA.62.12	3
74:2	ISA.63.9	3
74:2	ISA.63.17	3
74:2	JER.51.19	3
74:2	ACT.20.28	3
74:2	TIT.2.14	3
74:2	REV.5.9	3
74:2	DEU.9.29	2
74:2	PSA.33.12	2
74:2	PSA.48.1-PSA.48.2	2
74:2	PSA.68.16	2
74:2	PSA.77.15	2
74:2	PSA.106.40	2
74:2	PSA.9.11	1
74:3	LAM.1.10	5
74:3	PSA.79.1	4
74:3	DAN.9.17	4
74:3	ISA.64.10-ISA.64.11	3
74:3	MRK.11.17	3
74:3	LUK.21.24	3
74:3	JOS.10.24	2
74:3	2SA.22.39-2SA.22.43	2
74:3	NEH.1.3	2
74:3	NEH.2.3	2
74:3	NEH.2.13	2
74:3	PSA.44.23	2
74:3	PSA.44.26	2
74:3	PSA.102.13-PSA.102.14	2
74:3	ISA.10.6	2
74:3	ISA.25.10	2
74:3	ISA.61.4	2
74:3	ISA.63.3-ISA.63.6	2
74:3	JER.52.13	2
74:3	DAN.8.11-DAN.8.14	2
74:3	DAN.9.27	2
74:3	DAN.11.31	2
74:3	MIC.1.3	2
74:3	MIC.3.12	2
74:3	REV.11.2	2
74:4	LAM.2.7	9
74:4	MAT.24.15	5
74:4	NUM.2.2	4
74:4	2CH.36.17	4
74:4	DAN.6.27	4
74:4	JER.6.1-JER.6.5	3
74:4	LUK.13.1	3
74:4	LUK.21.20	3
74:4	REV.13.6	3
74:5	1KI.5.6	2
74:5	2CH.2.14	2
74:5	JER.46.22-JER.46.23	2
74:6	1KI.6.18	5
74:6	1KI.6.29	4
74:6	1KI.6.32	4
74:6	1KI.6.35	4
74:7	2KI.25.9	6
74:7	DEU.12.5	3
74:7	PSA.89.39	3
74:7	ISA.64.11	3
74:7	EZK.24.21	3
74:7	MAT.22.7	3
74:7	EXO.20.24	2
74:7	1KI.8.20	2
74:7	LAM.2.2	2
74:8	PSA.83.4	5
74:8	2KI.2.3	2
74:8	2KI.2.5	2
74:8	2KI.4.23	2
74:8	EST.3.8-EST.3.9	2
74:8	PSA.137.7	2
74:8	MAT.4.23	2
74:8	2CH.17.9	1
74:9	AMO.8.11	7
74:9	EZK.7.26	6
74:9	1SA.3.1	5
74:9	LAM.2.9	4
74:9	EXO.12.13	3
74:9	EXO.13.9-EXO.13.10	3
74:9	EZK.20.12	3
74:9	MIC.3.6	3
74:9	JDG.6.17	2
74:9	HEB.2.4	2
74:10	PSA.89.50-PSA.89.51	3
74:10	REV.6.10	3
74:10	PSA.13.1-PSA.13.2	2
74:10	PSA.44.16	2
74:10	PSA.79.4-PSA.79.5	2
74:10	PSA.79.12	2
74:10	PSA.89.46	2
74:10	DAN.12.6	2
74:11	LAM.2.3	7
74:11	PSA.78.65-PSA.78.66	3
74:11	ISA.64.12	3
74:11	PSA.44.23	2
74:12	ISA.33.22	6
74:12	PSA.44.4	5
74:12	EXO.19.5-EXO.19.6	3
74:12	EXO.15.2-EXO.15.15	2
74:12	NUM.23.21-NUM.23.22	2
74:12	JDG.4.23-JDG.4.24	2
74:12	1SA.19.5	2
74:12	ISA.63.8	2
74:12	HAB.3.12-HAB.3.14	2
74:13	EXO.14.21	8
74:13	PSA.78.13	5
74:13	ISA.51.9-ISA.51.10	4
74:13	EZK.29.3	4
74:13	EZK.32.2	3
74:13	EXO.14.28	2
74:13	NEH.9.11	2
74:13	PSA.66.6	2
74:13	PSA.106.8-PSA.106.9	2
74:13	PSA.136.13-PSA.136.18	2
74:13	ISA.11.15-ISA.11.16	2
74:14	ISA.27.1	12
74:14	JOB.41.1-JOB.41.34	7
74:14	PSA.72.9	7
74:14	PSA.104.25-PSA.104.26	6
74:14	NUM.14.9	5
74:14	JOB.3.8	5
74:14	EXO.12.35-EXO.12.36	4
74:14	EXO.14.30	4
74:14	REV.20.2	4
74:15	NUM.20.11	6
74:15	EXO.17.5-EXO.17.6	4
74:15	JOS.3.13-JOS.3.17	4
74:15	PSA.105.41	4
74:15	ISA.48.21	4
74:15	JOS.2.10	3
74:15	ISA.44.27	3
74:15	EXO.14.21-EXO.14.22	2
74:15	2KI.2.8	2
74:15	2KI.2.14	2
74:15	PSA.78.15	2
74:15	ISA.11.16	2
74:15	HAB.3.9	2
74:15	REV.16.12	2
74:16	GEN.1.3-GEN.1.5	7
74:16	PSA.136.7-PSA.136.9	6
74:16	MAT.5.45	6
74:16	GEN.1.14-GEN.1.18	5
74:16	PSA.104.19	5
74:16	PSA.19.1-PSA.19.6	3
74:16	PSA.8.3	2
74:17	DEU.32.8	10
74:17	ACT.17.26	9
74:17	GEN.8.22	8
74:17	ACT.14.17	8
74:17	PSA.24.1-PSA.24.2	3
74:18	PSA.39.8	5
74:18	DEU.32.6	3
74:18	REV.16.19	3
74:18	DEU.32.27	2
74:18	PSA.41.1	2
74:18	PSA.74.22	2
74:18	PSA.89.50-PSA.89.51	2
74:18	PSA.94.2-PSA.94.8	2
74:18	PSA.137.7	2
74:18	ISA.37.23-ISA.37.24	2
74:18	ISA.62.6-ISA.62.7	2
74:18	EZK.20.14	2
74:19	SNG.2.14	7
74:19	JAS.2.5-JAS.2.6	5
74:19	PSA.9.18	4
74:19	MAT.10.16	4
74:19	PSA.68.10	3
74:19	PSA.68.13	3
74:19	PSA.72.2	3
74:19	SNG.4.1	3
74:19	ISA.60.8	3
74:19	ZEP.3.12	3
74:19	SNG.6.9	1
74:20	GEN.17.7-GEN.17.8	7
74:20	PSA.106.45	7
74:20	HEB.8.10	5
74:20	PSA.89.28	4
74:20	PSA.89.34-PSA.89.36	4
74:20	PSA.105.8	4
74:20	JER.33.20-JER.33.26	4
74:20	DEU.12.31	3
74:20	EPH.4.17-EPH.4.18	3
74:20	GEN.49.5-GEN.49.7	2
74:20	EXO.24.6-EXO.24.8	2
74:20	LEV.26.40-LEV.26.45	2
74:20	DEU.9.27	2
74:20	2SA.23.5	2
74:20	PSA.5.8	2
74:20	PSA.89.39	2
74:20	LUK.1.72-LUK.1.75	2
74:20	ROM.1.29-ROM.1.31	2
74:21	PSA.12.5	4
74:21	EZR.3.11	3
74:21	PSA.9.18	3
74:21	PSA.35.10	3
74:21	PSA.103.6	3
74:21	PSA.102.19-PSA.102.21	2
74:21	PSA.109.22	2
74:21	ISA.45.17	2
74:21	JER.33.11	2
74:22	PSA.74.18	5
74:22	PSA.53.1	4
74:22	ISA.52.5	4
74:22	PSA.9.19-PSA.9.20	3
74:22	PSA.75.4-PSA.75.5	3
74:22	PSA.79.9-PSA.79.10	3
74:22	PSA.89.50-PSA.89.51	1
74:23	PSA.65.7	3
74:23	ISA.37.29	3
74:23	REV.17.14	3
74:23	PSA.2.1-PSA.2.2	2
74:23	PSA.10.11-PSA.10.12	2
74:23	PSA.13.1	2
74:23	PSA.74.4	2
74:23	LAM.2.16	2
74:23	JON.1.2	2
75:1	PSA.145.18	11
75:1	PSA.138.2	9
75:1	JER.10.6	9
75:1	DEU.4.7	6
75:1	EXO.23.21	4
75:1	EXO.34.6-EXO.34.7	4
75:1	PSA.57.1	4
75:1	PSA.76.1	4
75:1	PSA.44.1	3
75:1	DEU.4.33-DEU.4.34	2
75:1	PSA.58.1	2
75:2	ECC.3.17	10
75:2	ACT.17.31	9
75:2	JHN.7.6	7
75:2	ACT.1.7	7
75:2	PSA.102.13	6
75:2	2SA.2.4	4
75:2	2SA.5.3	4
75:2	2SA.8.15	4
75:2	2SA.23.3-2SA.23.4	4
75:2	PSA.78.70-PSA.78.72	4
75:2	PSA.101.2	4
75:3	1SA.2.8	12
75:3	ISA.24.19	6
75:3	HEB.1.3	4
75:3	ISA.49.8	3
75:3	1SA.18.7	2
75:3	1SA.25.28	2
75:3	1SA.31.1-1SA.31.7	2
75:3	2SA.5.2	2
75:3	PSA.60.1-PSA.60.3	2
75:3	PSA.78.60-PSA.78.72	2
75:3	ISA.24.1-ISA.24.12	2
75:4	ZEC.1.21	10
75:4	PRO.1.22	3
75:4	PRO.8.5	3
75:4	PSA.82.2-PSA.82.8	2
75:4	PSA.89.17	2
75:4	PSA.94.8	2
75:4	PSA.148.14	2
75:4	PRO.9.6	1
75:4	DAN.7.20-DAN.7.21	1
75:5	2CH.30.8	5
75:5	ISA.48.4	5
75:5	ACT.7.51	5
75:5	EXO.32.9	3
75:5	DEU.31.27	3
75:5	EZK.2.4	3
75:6	PSA.3.3	6
75:7	LUK.1.52	19
75:7	DAN.2.21-DAN.2.22	15
75:7	PSA.113.7-PSA.113.8	12
75:7	PSA.147.6	12
75:7	2SA.6.21	11
75:7	PSA.50.6	10
75:7	1SA.2.7-1SA.2.8	9
75:7	JHN.15.16	9
75:7	JER.27.4-JER.27.8	8
75:7	1SA.16.1	7
75:7	1SA.15.28	5
75:7	PSA.58.11	5
75:7	1SA.15.23	4
75:7	GAL.1.15	4
75:7	2SA.3.17-2SA.3.18	3
75:7	2SA.5.2	3
75:7	DAN.2.37	3
75:7	DAN.5.18	3
75:7	ROM.11.15	2
75:8	JOB.21.20	18
75:8	JER.25.15	17
75:8	PSA.11.6	15
75:8	REV.16.19	13
75:8	REV.14.9-REV.14.10	12
75:8	JER.25.17	10
75:8	PSA.60.3	9
75:8	ISA.5.22	9
75:8	PRO.23.30	8
75:8	ISA.51.22	8
75:8	JER.25.27-JER.25.28	7
75:8	ISA.51.17	5
75:8	PSA.73.10	2
75:9	PSA.9.14	2
75:9	PSA.40.10	2
75:9	PSA.104.33	2
75:9	PSA.145.1-PSA.145.2	2
75:10	PSA.89.17	8
75:10	PSA.92.10	8
75:10	JER.48.25	7
75:10	PSA.101.8	6
75:10	PSA.148.14	6
75:10	ZEC.1.20-ZEC.1.21	6
75:10	1SA.2.1	5
75:10	LUK.1.69	5
76:1	DAN.4.1-DAN.4.2	5
76:1	ACT.17.23	5
76:1	1CH.29.10-1CH.29.12	4
76:1	DAN.3.29	4
76:1	DEU.4.7-DEU.4.8	3
76:1	PSA.4.1	3
76:1	PSA.48.1-PSA.48.3	3
76:1	PSA.98.2-PSA.98.3	3
76:1	ROM.2.17-ROM.3.2	3
76:1	DEU.4.34-DEU.4.36	2
76:1	2CH.2.5-2CH.2.6	2
76:1	PSA.54.1	2
76:1	PSA.61.1	2
76:1	PSA.147.19-PSA.147.20	2
76:1	PSA.67.1	1
76:1	PSA.148.13-PSA.148.14	1
76:2	GEN.14.18	8
76:2	ISA.12.6	6
76:2	2CH.6.6	4
76:2	PSA.132.13-PSA.132.14	4
76:2	PSA.9.11	3
76:2	PSA.27.5	3
76:2	LAM.2.6	3
76:2	HEB.7.1-HEB.7.2	3
76:3	PSA.46.9	7
76:3	ISA.37.35-ISA.37.36	2
76:3	EZK.39.3-EZK.39.4	2
76:3	EZK.39.9-EZK.39.10	2
76:3	2CH.14.12-2CH.14.13	1
76:3	2CH.20.25	1
76:3	2CH.32.21	1
76:4	EZK.19.1-EZK.19.4	4
76:4	DAN.7.17-DAN.7.28	3
76:4	JER.4.7	2
76:4	EZK.19.6	2
76:4	EZK.38.12-EZK.38.13	2
76:4	DAN.7.4-DAN.7.8	2
76:5	NAM.3.18	6
76:5	PSA.13.3	5
76:5	ISA.46.12	4
76:5	JER.51.39	4
76:5	JOB.40.10-JOB.40.12	3
76:5	ISA.31.8	3
76:5	ISA.37.36	3
76:5	EZK.30.21-EZK.30.25	3
76:5	DAN.4.37	3
76:5	LUK.1.51-LUK.1.52	3
76:6	EXO.15.1	6
76:6	EXO.15.21	4
76:6	PSA.80.16	4
76:6	EXO.14.27-EXO.14.28	3
76:6	EXO.15.10	3
76:6	EZK.39.20	3
76:6	EXO.15.4-EXO.15.6	2
76:6	1SA.26.12	2
76:6	2SA.10.18	2
76:6	PSA.18.15	2
76:6	PSA.104.7	2
76:6	ISA.37.36	2
76:6	JER.51.39	2
76:6	JER.51.57	2
76:6	NAM.1.6	2
76:6	NAM.2.13	2
76:6	NAM.3.18	2
76:6	ZEC.12.4	2
76:7	NAM.1.6	10
76:7	PSA.2.12	4
76:7	PSA.89.7	3
76:7	REV.14.7	3
76:7	1CH.16.25	2
76:7	EZR.9.15	2
76:7	PSA.90.11	2
76:7	PSA.130.3	2
76:7	JER.10.7-JER.10.10	2
76:7	MAT.10.28	2
76:7	1CO.10.22	2
76:7	REV.6.16-REV.6.17	2
76:7	REV.15.4	2
76:8	2CH.20.29-2CH.20.30	6
76:8	HAB.2.20	3
76:8	ZEC.2.13	3
76:8	EXO.19.10	2
76:8	JDG.5.20	2
76:8	1CH.16.30	2
76:8	2CH.32.20-2CH.32.22	2
76:8	PSA.46.10	2
76:8	EZK.38.20-EZK.38.23	2
76:9	ZEP.2.3	5
76:9	MAT.5.5	5
76:9	PSA.9.7-PSA.9.9	3
76:9	ISA.11.4	3
76:9	PSA.25.9	2
76:9	PSA.72.4	2
76:9	PSA.82.2-PSA.82.5	2
76:9	PSA.149.4	2
76:9	JER.5.28	2
76:9	1PE.3.4	2
76:10	ROM.9.17	5
76:10	DAN.3.19-DAN.3.20	4
76:10	MAT.24.22	4
76:10	ACT.4.26-ACT.4.28	4
76:10	GEN.37.18-GEN.37.20	3
76:10	GEN.37.26-GEN.37.28	3
76:10	GEN.50.20	3
76:10	EXO.9.16-EXO.9.17	3
76:10	EXO.15.9-EXO.15.11	3
76:10	EXO.18.11	3
76:10	PSA.46.6	3
76:10	PSA.65.7	3
76:10	MAT.2.13-MAT.2.16	3
76:10	ACT.12.3-ACT.12.19	3
76:10	REV.11.18	3
76:10	PSA.104.9	2
76:11	ECC.5.4-ECC.5.6	11
76:11	PSA.50.14	6
76:11	PSA.68.29	5
76:11	GEN.31.42	4
76:11	NUM.30.2	4
76:11	PSA.89.7	4
76:11	DEU.16.16	3
76:11	2CH.32.22-2CH.32.23	3
76:11	PSA.119.106	3
76:12	ZEP.3.6	8
76:12	ISA.13.6-ISA.13.8	6
76:12	PSA.68.12	5
76:12	2CH.32.21	4
76:12	PSA.2.5	4
76:12	ISA.24.21	4
76:12	REV.6.15	4
76:12	PSA.2.10	3
76:12	PSA.47.2	3
76:12	PSA.48.4-PSA.48.6	3
76:12	PSA.68.35	3
76:12	JOS.5.1	2
76:12	REV.19.17-REV.19.21	1
77:1	PSA.3.4	12
77:1	PSA.50.1	5
77:1	PSA.142.1-PSA.142.3	5
77:1	PSA.39.1	4
77:1	PSA.62.1	4
77:1	PSA.34.6	3
77:1	1CH.25.3	2
77:1	1CH.25.6	2
77:1	PSA.55.16-PSA.55.17	2
77:1	PSA.116.1-PSA.116.2	2
77:1	1CH.16.41-1CH.16.42	0
77:2	PSA.50.15	10
77:2	ISA.26.9	10
77:2	GEN.37.35	9
77:2	ISA.26.16	9
77:2	HEB.5.7	7
77:2	EST.4.1-EST.4.4	5
77:2	JON.2.1-JON.2.2	5
77:2	PSA.102.1-PSA.102.2	4
77:2	JER.31.15	4
77:2	HOS.5.13	4
77:2	GEN.32.7-GEN.32.12	3
77:2	GEN.32.28	3
77:2	2KI.19.3-2KI.19.4	3
77:2	2KI.19.15-2KI.19.20	3
77:2	2CH.6.28	3
77:2	JOB.11.13	3
77:2	PSA.6.2-PSA.6.3	3
77:2	PSA.18.6	3
77:2	PSA.38.3-PSA.38.8	3
77:2	PSA.63.6	3
77:2	PSA.86.7	3
77:2	PSA.88.1-PSA.88.3	3
77:2	PSA.130.1-PSA.130.2	3
77:2	PRO.18.14	3
77:2	ISA.1.5-ISA.1.6	3
77:2	HOS.6.1	3
77:2	JHN.11.31	3
77:2	2CO.12.7-2CO.12.8	3
77:3	PSA.61.2	6
77:3	PSA.142.2-PSA.142.3	6
77:3	JOB.7.11	5
77:3	JOB.31.23	5
77:3	JOB.6.4	4
77:3	JOB.23.15-JOB.23.16	4
77:3	PSA.42.5	4
77:3	PSA.42.11	4
77:3	PSA.43.5	4
77:3	PSA.55.4-PSA.55.5	4
77:3	PSA.102.3-PSA.102.28	4
77:3	PSA.143.4-PSA.143.5	4
77:3	JER.17.17	4
77:3	LAM.3.39	4
77:3	PSA.88.3-PSA.88.18	3
77:3	LAM.3.17	3
77:4	JOB.7.13-JOB.7.15	5
77:4	PSA.6.6	4
77:4	JOB.2.13	3
77:4	EST.6.1	2
77:4	JOB.6.3	2
77:5	DEU.32.7	7
77:5	ISA.51.9	6
77:5	PSA.143.5	4
77:5	PSA.44.1	3
77:5	PSA.74.12-PSA.74.18	2
77:5	ISA.63.9-ISA.63.15	2
77:5	MIC.7.14-MIC.7.15	2
77:6	PSA.42.8	14
77:6	PSA.4.4	13
77:6	PSA.139.23-PSA.139.24	10
77:6	LAM.3.40	8
77:6	JOB.10.2	6
77:6	JOB.35.10	6
77:6	ECC.1.16	6
77:6	ACT.16.25	6
77:6	JON.1.2	5
77:6	HAB.3.17-HAB.3.18	4
77:6	1CO.11.28-1CO.11.32	4
77:7	PSA.85.1	8
77:7	LAM.3.31-LAM.3.32	7
77:7	PSA.89.46	6
77:7	ROM.11.1-ROM.11.2	6
77:7	PSA.85.5	5
77:7	PSA.13.1-PSA.13.2	3
77:7	PSA.37.24	3
77:7	PSA.89.38	3
77:7	PSA.44.9	2
77:7	PSA.74.1	2
77:7	PSA.79.5	2
77:7	JER.23.24-JER.23.26	1
77:8	NUM.23.19	5
77:8	ROM.9.6	4
77:8	2PE.3.9	4
77:8	NUM.14.34	3
77:8	JER.15.18	3
77:8	LUK.16.25-LUK.16.26	3
77:8	ISA.27.11	2
77:9	ISA.49.14-ISA.49.15	4
77:9	PSA.40.11	3
77:9	PSA.25.6	2
77:9	PSA.51.1	2
77:9	ISA.40.27	2
77:9	ISA.63.15	2
77:9	LUK.13.25-LUK.13.28	2
77:9	ROM.11.32	2
77:9	1JN.3.17	2
77:10	JOB.42.3	5
77:10	EXO.15.6	4
77:10	PSA.31.22	4
77:10	MRK.9.24	4
77:10	PSA.77.5	3
77:10	HAB.3.2-HAB.3.13	3
77:10	NUM.23.21-NUM.23.22	2
77:10	DEU.4.34	2
77:10	PSA.73.22	2
77:10	LAM.3.18-LAM.3.23	2
77:10	PSA.116.11	1
77:11	PSA.143.5	22
77:11	1CH.16.12	18
77:11	PSA.105.5	18
77:11	ISA.5.12	12
77:11	PSA.28.5	11
77:11	PSA.78.11	11
77:11	PSA.111.4	10
77:11	PSA.77.10	7
77:12	PSA.71.24	8
77:12	PSA.145.11	7
77:12	DEU.6.7	5
77:12	PSA.105.2	5
77:12	PSA.104.34	4
77:12	PSA.143.5	4
77:12	PSA.145.4	4
77:12	LUK.24.14-LUK.24.32	4
77:13	EXO.15.11	9
77:13	PSA.73.17	8
77:13	ISA.40.25	7
77:13	DEU.32.31	6
77:13	PSA.89.6-PSA.89.8	6
77:13	ISA.40.18	6
77:13	PSA.27.4	5
77:13	PSA.63.2	5
77:13	ISA.46.5	5
77:13	PSA.71.19	4
77:13	PSA.86.8	4
77:13	PSA.68.25	3
77:14	DAN.6.27	15
77:14	PSA.136.4	13
77:14	EXO.15.11	11
77:14	EXO.13.14	9
77:14	PSA.72.18	9
77:14	ISA.51.9	9
77:14	JOS.9.9-JOS.9.10	8
77:14	REV.15.3	8
77:14	EXO.15.6	7
77:14	ISA.52.10	7
77:14	PSA.86.10	6
77:14	PSA.105.5	6
77:14	PSA.106.8	6
77:14	DAN.3.29	6
77:15	EXO.6.6	7
77:15	DEU.9.29	7
77:15	ISA.63.9	5
77:15	DEU.9.26	4
77:15	PSA.74.2	4
77:15	GEN.48.3-GEN.48.20	3
77:15	PSA.136.11-PSA.136.12	3
77:16	EXO.14.21	10
77:16	JOS.3.15-JOS.3.16	6
77:16	HAB.3.15	6
77:16	PSA.114.3-PSA.114.6	5
77:16	HAB.3.8-HAB.3.10	4
77:17	PSA.18.14	4
77:17	2SA.22.15	3
77:17	JDG.5.4	2
77:17	PSA.68.8-PSA.68.9	2
77:17	PSA.68.33	2
77:17	PSA.144.6	2
77:17	HAB.3.11	1
77:18	PSA.97.4	5
77:18	REV.11.19	4
77:18	EXO.19.16	3
77:18	JDG.5.4	3
77:18	2SA.22.14	3
77:18	HAB.3.4	3
77:18	MAT.27.51	3
77:18	MAT.28.2	3
77:18	EXO.19.18	2
77:18	2SA.22.8	2
77:18	JOB.37.1-JOB.37.5	2
77:18	PSA.18.7	2
77:18	PSA.29.3-PSA.29.9	2
77:18	PSA.104.7	2
77:18	REV.18.1	2
77:18	REV.20.11	2
77:19	EXO.14.28	6
77:19	NEH.9.11	5
77:19	PSA.29.10	5
77:19	HAB.3.15	5
77:19	PSA.97.2	4
77:19	NAM.1.3-NAM.1.4	4
77:19	ROM.11.33	4
77:20	EXO.13.21	10
77:20	PSA.78.52	8
77:20	EXO.14.19	7
77:20	ISA.63.11-ISA.63.12	7
77:20	PSA.80.1	5
77:20	HOS.12.13	4
77:20	ACT.7.35-ACT.7.36	3
78:1	ISA.51.4	11
78:1	ISA.55.3	10
78:1	JDG.5.3	6
78:1	2CH.15.1-2CH.15.16	6
78:1	PSA.49.1-PSA.49.3	6
78:1	PSA.50.7	6
78:1	PSA.74.1	6
78:1	PRO.8.4-PRO.8.6	6
78:1	MAT.13.9	5
78:1	PSA.51.4	4
78:2	MAT.13.34-MAT.13.35	20
78:2	MAT.13.11-MAT.13.13	10
78:2	MRK.4.34	10
78:2	PSA.49.4	9
78:2	PRO.1.6	5
78:3	PSA.44.1	6
78:3	EXO.12.26-EXO.12.27	5
78:3	EXO.13.8	5
78:3	EXO.13.14-EXO.13.15	5
78:3	PSA.48.8	4
78:4	DEU.11.19	21
78:4	DEU.4.9	13
78:4	JOL.1.3	13
78:4	PSA.145.4-PSA.145.6	12
78:4	DEU.6.7	10
78:4	PSA.71.17-PSA.71.18	9
78:4	PSA.10.1-PSA.10.5	6
78:4	JOS.4.6-JOS.4.7	5
78:4	EXO.13.14	4
78:4	JOS.4.21-JOS.4.24	4
78:4	EXO.12.26	3
78:4	EXO.13.8	3
78:4	PSA.9.14	2
78:4	PSA.26.7	2
78:4	ISA.63.7-ISA.63.19	2
78:4	JOB.15.18	1
78:5	EPH.6.4	8
78:5	GEN.18.19	7
78:5	DEU.4.45	7
78:5	DEU.6.7	7
78:5	PSA.81.5	7
78:5	DEU.11.19	4
78:5	ISA.8.20	4
78:5	ISA.38.19	4
78:5	ROM.3.2	4
78:5	EXO.25.21	3
78:5	EXO.40.3	3
78:5	PSA.19.7	3
78:5	PSA.78.3-PSA.78.4	3
78:5	1JN.5.9-1JN.5.12	3
78:5	EXO.25.16	2
78:5	PSA.119.152	2
78:5	PSA.147.19	2
78:5	EXO.40.20	1
78:6	JOL.1.3	7
78:6	PSA.102.18	6
78:6	DEU.4.10	3
78:6	EST.9.28	3
78:6	PSA.22.31	3
78:6	PSA.90.16	3
78:6	PSA.145.4	3
78:6	JOS.22.24-JOS.22.25	2
78:6	PSA.48.13	2
78:6	PSA.71.18	2
78:7	DEU.5.29	13
78:7	REV.14.12	11
78:7	DEU.4.9	6
78:7	1JN.5.3	6
78:7	JHN.14.21-JHN.14.24	5
78:7	JER.17.7-JER.17.8	4
78:7	1JN.3.22-1JN.3.24	4
78:7	DEU.8.2	3
78:7	DEU.8.11	3
78:7	PSA.40.4	3
78:7	PSA.77.10-PSA.77.12	3
78:7	PSA.91.14	3
78:7	PSA.103.2	3
78:7	PSA.130.6-PSA.130.7	3
78:7	EXO.12.24-EXO.12.27	2
78:7	DEU.6.12	2
78:7	DEU.7.18-DEU.7.19	2
78:7	EST.9.27-EST.9.28	2
78:7	PSA.62.5	2
78:7	PSA.105.5	2
78:7	PSA.146.5	2
78:7	1CO.11.24	2
78:7	1PE.1.21	2
78:8	PSA.78.37	9
78:8	EXO.32.9	8
78:8	2KI.17.14	7
78:8	EZK.20.18	6
78:8	DEU.31.27	5
78:8	ACT.7.51	4
78:8	EXO.33.3	3
78:8	EXO.33.5	3
78:8	DEU.9.13	3
78:8	DEU.9.24	3
78:8	2CH.30.7	3
78:8	EZK.2.3-EZK.2.8	3
78:8	EZK.20.8	3
78:8	MAT.23.31-MAT.23.33	3
78:8	EXO.34.9	2
78:8	DEU.4.4	2
78:8	DEU.9.6-DEU.9.7	2
78:8	JOS.14.8-JOS.14.9	2
78:8	2CH.12.14	2
78:8	2CH.19.3	2
78:8	2CH.20.33	2
78:8	2CH.30.19	2
78:8	JOB.11.13	2
78:8	PSA.68.6	2
78:8	PSA.106.7	2
78:8	ACT.11.23	2
78:8	ISA.30.9	1
78:9	1SA.31.1	7
78:9	DEU.1.41-DEU.1.44	6
78:9	JOS.17.16-JOS.17.18	4
78:9	PSA.78.57	4
78:9	JDG.9.28	3
78:9	JDG.20.39	3
78:9	1SA.4.10	3
78:9	1CH.12.2	2
78:9	JDG.9.38-JDG.9.40	1
78:9	LUK.22.33	1
78:10	DEU.31.20	6
78:10	DEU.31.16	4
78:10	JDG.2.10-JDG.2.12	4
78:10	NEH.9.26-NEH.9.29	4
78:10	2KI.17.14-2KI.17.15	3
78:10	JER.31.32	3
78:11	PSA.106.13	5
78:11	DEU.32.18	4
78:11	PSA.78.7	3
78:11	PSA.106.21-PSA.106.22	3
78:11	JER.2.32	3
78:12	NUM.13.22	6
78:12	ISA.19.11	4
78:12	EZK.30.14	4
78:12	EXO.7.1-EXO.12.51	3
78:12	DEU.6.22	3
78:12	PSA.135.9	3
78:12	ISA.19.13	3
78:12	GEN.32.3	2
78:12	DEU.4.34	2
78:12	NEH.9.10	2
78:12	PSA.78.42-PSA.78.50	2
78:12	PSA.105.27-PSA.105.38	2
78:12	PSA.106.22	2
78:13	EXO.14.21	6
78:13	EXO.15.8	4
78:13	JOS.3.16	3
78:13	PSA.66.6	3
78:13	PSA.106.9-PSA.106.10	3
78:13	PSA.136.13-PSA.136.15	3
78:13	PSA.38.7	2
78:13	ISA.63.13	2
78:13	HAB.3.15	2
78:13	1CO.10.2-1CO.10.3	2
78:13	EXO.14.1-EXO.14.15	1
78:14	PSA.105.39	7
78:14	EXO.13.21-EXO.13.22	5
78:14	EXO.14.24	4
78:14	EXO.40.35-EXO.40.38	3
78:14	NEH.9.12	3
78:14	NEH.9.19	3
78:15	EXO.17.6	10
78:15	NUM.20.11	9
78:15	PSA.105.41	9
78:15	1CO.10.4	7
78:15	PSA.114.8	6
78:15	ISA.41.18	4
78:15	ISA.43.20	4
78:15	ISA.48.21	4
78:15	REV.22.1	4
78:15	REV.22.17	4
78:15	JHN.7.37-JHN.7.38	2
78:16	NUM.20.10-NUM.20.11	4
78:16	NUM.20.8	3
78:16	DEU.8.15	3
78:16	PSA.105.41	2
78:16	DEU.9.21	1
78:17	ISA.63.10	4
78:17	DEU.9.8	3
78:17	HEB.3.16-HEB.3.19	3
78:17	DEU.9.12-DEU.9.22	2
78:17	PSA.95.8-PSA.95.10	2
78:17	PSA.106.13-PSA.106.32	2
78:17	PSA.78.32	1
78:18	NUM.11.4	7
78:18	DEU.6.16	6
78:18	1CO.10.9	5
78:18	PSA.106.14-PSA.106.15	4
78:18	1CO.10.6	3
78:18	EXO.16.2-EXO.16.3	2
78:18	PSA.95.9	2
78:18	JAS.4.2-JAS.4.3	2
78:19	NUM.21.5	8
78:19	NUM.11.4	6
78:19	EXO.16.3	5
78:19	EXO.16.8-EXO.16.10	4
78:19	PSA.23.5	4
78:19	NUM.11.13	3
78:19	NUM.20.3	3
78:19	JOB.34.37	2
78:19	2CH.32.19	1
78:19	ROM.9.20	1
78:19	REV.13.6	1
78:20	NUM.20.11	7
78:20	NUM.11.21-NUM.11.23	4
78:20	GEN.18.12-GEN.18.14	3
78:20	NUM.11.18	3
78:20	PSA.78.41	3
78:20	EXO.17.6-EXO.17.7	2
78:21	NUM.11.1-NUM.11.3	4
78:21	1CO.10.11	4
78:21	JUD.1.5	4
78:21	NUM.11.10	2
78:21	HEB.12.29	2
78:21	DEU.32.22	1
78:21	PSA.78.31	1
78:21	1CO.10.5	1
78:22	HEB.3.18-HEB.3.19	6
78:22	JUD.1.5	5
78:22	DEU.1.32	4
78:22	HEB.3.12	4
78:22	HEB.11.6	4
78:22	PSA.106.24	3
78:22	ISA.7.9	3
78:22	1JN.5.10	3
78:23	GEN.7.11	6
78:23	MAL.3.10	4
78:23	2KI.7.19	2
78:23	PSA.33.9	2
78:23	2KI.7.2	1
78:23	ISA.5.6	1
78:24	EXO.16.4	9
78:24	PSA.105.40	5
78:24	DEU.8.3	4
78:24	JHN.6.31-JHN.6.71	4
78:24	EXO.16.14	3
78:24	NEH.9.15	3
78:24	NEH.9.20	2
78:24	PSA.68.9	2
78:24	1CO.10.3	1
78:25	EXO.16.8	5
78:25	PSA.103.20	4
78:25	MAT.14.20	4
78:25	MAT.15.37	4
78:26	NUM.11.31	8
78:26	PSA.135.7	1
78:27	EXO.16.12-EXO.16.13	4
78:27	NUM.11.18-NUM.11.19	3
78:27	NUM.11.32	2
78:29	NUM.11.19-NUM.11.20	3
78:29	PSA.106.15	2
78:30	NUM.11.33-NUM.11.34	4
78:30	NUM.22.20-NUM.22.22	1
78:30	PRO.1.32	1
78:30	LUK.16.19-LUK.16.23	1
78:31	ISA.10.16	0
78:32	JHN.12.37	8
78:32	PSA.78.22	4
78:32	EZK.20.13	4
78:32	LUK.16.31	4
78:32	NUM.14.1-NUM.14.45	3
78:32	PSA.78.11	3
78:32	NUM.16.1-NUM.16.17	2
78:32	NUM.21.1-NUM.21.6	2
78:32	NUM.25.1-NUM.25.18	2
78:33	NUM.14.35	6
78:33	NUM.14.29	5
78:33	NUM.26.64-NUM.26.65	5
78:33	DEU.2.14-DEU.2.16	3
78:33	ECC.12.13-ECC.12.14	3
78:33	GEN.3.16-GEN.3.19	2
78:33	JOB.5.6-JOB.5.7	2
78:33	JOB.14.1	2
78:33	PSA.90.7-PSA.90.9	2
78:33	ECC.1.2	2
78:33	ECC.1.13-ECC.1.14	2
78:33	ECC.12.8	2
78:34	HOS.5.15	6
78:34	NUM.21.7	4
78:34	JDG.3.12-JDG.3.15	3
78:34	JDG.3.8-JDG.3.9	2
78:34	JDG.4.3	2
78:34	JDG.10.7-JDG.10.10	2
78:34	ISA.26.6	2
78:34	JER.22.23	2
78:34	HOS.7.14	2
78:35	DEU.32.4	8
78:35	ISA.41.14	6
78:35	EXO.15.13	5
78:35	TIT.2.14	4
78:35	DEU.7.8	3
78:35	DEU.32.15	3
78:35	ISA.48.17	3
78:35	EXO.6.6	2
78:35	DEU.9.26	2
78:35	DEU.15.15	2
78:35	DEU.32.30-DEU.32.31	2
78:35	PSA.74.2	2
78:35	PSA.78.7	2
78:35	PSA.78.11	2
78:35	PSA.78.42	2
78:35	PSA.106.13	2
78:35	PSA.106.21	2
78:35	ISA.44.6	2
78:35	ISA.63.8-ISA.63.9	2
78:36	ISA.29.13	5
78:36	EZK.33.31	5
78:36	DEU.5.28-DEU.5.29	2
78:36	PSA.18.44	2
78:36	PSA.106.12-PSA.106.13	2
78:36	ISA.57.11	2
78:36	HOS.11.12	2
78:37	PSA.78.8	6
78:37	ACT.8.21	6
78:37	PSA.51.10	4
78:37	DEU.31.20	3
78:37	PSA.119.80	3
78:37	HOS.7.14	3
78:37	HOS.7.16-HOS.8.1	3
78:37	HOS.10.2	3
78:37	PSA.44.17-PSA.44.18	2
78:38	NUM.14.18-NUM.14.20	7
78:38	ISA.48.9	7
78:38	EZK.20.17	7
78:38	EXO.34.6-EXO.34.9	5
78:38	2KI.21.20	5
78:38	ISA.44.21-ISA.44.22	5
78:38	EZK.20.13-EZK.20.14	5
78:38	EZK.20.21-EZK.20.22	5
78:38	NUM.16.44-NUM.16.48	4
78:38	PSA.106.43-PSA.106.45	4
78:38	EZK.20.8-EZK.20.9	4
78:39	GEN.6.3	8
78:39	JAS.4.14	8
78:39	JOB.7.7	7
78:39	JOB.7.16	5
78:39	JOB.10.9	4
78:39	PSA.103.14-PSA.103.16	4
78:39	JHN.3.6	3
78:40	EPH.4.30	6
78:40	PSA.95.8-PSA.95.10	4
78:40	NUM.14.11	3
78:40	ISA.63.10	3
78:40	HEB.3.15-HEB.3.17	3
78:40	DEU.9.21-DEU.9.22	2
78:40	PSA.78.17	2
78:40	PSA.106.14-PSA.106.33	2
78:40	PSA.107.11	2
78:40	ISA.7.13	2
78:41	NUM.14.22	13
78:41	HEB.3.8-HEB.3.11	12
78:41	ACT.7.39	11
78:41	DEU.6.16	9
78:41	NUM.14.4	6
78:41	PSA.78.19-PSA.78.20	6
78:41	2PE.2.21-2PE.2.22	6
78:41	2KI.19.22	4
78:41	PSA.89.18	3
78:41	MRK.5.35-MRK.5.36	3
78:42	JDG.8.34	11
78:42	JER.32.21	10
78:42	EXO.14.12	9
78:42	PSA.78.11	9
78:42	PSA.106.7-PSA.106.10	7
78:42	PSA.136.10-PSA.136.15	7
78:42	EXO.13.9	6
78:42	ISA.11.11	4
78:42	PSA.78.21-PSA.78.22	3
78:42	EXO.14.30-EXO.14.31	2
78:43	EXO.4.21	4
78:43	EXO.3.19-EXO.3.20	3
78:43	DEU.6.22	3
78:43	EXO.7.3	2
78:43	DEU.4.34	2
78:43	NEH.9.10	2
78:43	PSA.105.27-PSA.105.38	2
78:43	PSA.135.9	2
78:44	PSA.105.29	4
78:44	EXO.7.17-EXO.7.21	3
78:44	REV.16.3-REV.16.6	3
78:45	EXO.8.21-EXO.8.24	5
78:45	EXO.8.2-EXO.8.15	3
78:45	PSA.105.30-PSA.105.31	3
78:45	REV.16.3	2
78:46	EXO.10.12-EXO.10.15	6
78:46	PSA.105.34-PSA.105.35	3
78:46	JOL.1.4-JOL.1.7	2
78:46	JOL.2.25	2
78:46	AMO.7.1-AMO.7.2	2
78:46	REV.9.2-REV.9.11	2
78:47	EXO.9.18-EXO.9.34	2
78:47	PSA.105.32-PSA.105.33	2
78:48	EXO.9.19	4
78:48	EXO.9.28	2
78:49	EXO.12.13	3
78:49	EXO.15.7	3
78:49	2SA.24.16	3
78:49	1KI.22.21-1KI.22.22	3
78:49	PSA.11.6	3
78:49	LAM.4.11	3
78:49	JOB.1.12	2
78:49	JOB.2.6-JOB.2.7	2
78:49	JOB.20.23	2
78:49	ISA.42.25	2
78:49	ZEP.3.8	2
78:49	ROM.2.8-ROM.2.9	2
78:50	EZK.7.4	5
78:50	2PE.2.4-2PE.2.5	4
78:50	EXO.9.3-EXO.9.6	3
78:50	EZK.8.18	3
78:50	EZK.9.10	3
78:50	ROM.8.32	3
78:50	JOB.27.22	2
78:50	EZK.5.11	2
78:50	EZK.7.9	2
78:51	PSA.105.23	7
78:51	PSA.106.22	6
78:51	PSA.135.8	6
78:51	PSA.105.36	5
78:51	PSA.136.10	5
78:51	EXO.12.29-EXO.12.30	4
78:51	EXO.13.15	4
78:51	GEN.49.3	3
78:51	EXO.12.12	3
78:51	GEN.9.22-GEN.9.25	2
78:51	GEN.10.6	2
78:51	PSA.105.27	2
78:51	HEB.11.28	2
78:52	NEH.9.12	5
78:52	PSA.77.20	5
78:52	ISA.63.11-ISA.63.14	4
78:52	JHN.10.11-JHN.10.42	4
78:52	PSA.95.7	3
78:52	PSA.100.3	3
78:52	PSA.105.37	3
78:52	ISA.40.11	3
78:52	LUK.15.4-LUK.15.6	3
78:52	JER.23.2-JER.23.4	2
78:52	EZK.34.11-EZK.34.31	2
78:53	EXO.14.19-EXO.14.20	8
78:53	EXO.15.10	7
78:53	EXO.14.27-EXO.14.28	6
78:53	EXO.14.15	5
78:53	PSA.136.15	5
78:53	HEB.11.29	5
78:54	EXO.15.17	5
78:54	PSA.44.3	5
78:54	EXO.15.13	2
78:54	PSA.68.16	2
78:54	ISA.11.9	2
78:54	DAN.9.16-DAN.9.20	2
78:54	DAN.11.45	2
78:54	EPH.1.14	2
78:55	JOS.13.7	7
78:55	PSA.44.2	6
78:55	NEH.9.22-NEH.9.25	5
78:55	DEU.6.10-DEU.6.12	4
78:55	NUM.33.54	3
78:55	JOS.6.1-JOS.6.21	3
78:55	PSA.105.44-PSA.105.45	3
78:55	PSA.136.18-PSA.136.22	3
78:55	JOS.19.51	2
78:55	JOS.23.4	2
78:55	PSA.135.10-PSA.135.12	2
78:56	JDG.2.11-JDG.2.12	8
78:56	DEU.31.16-DEU.31.20	2
78:56	DEU.32.15-DEU.32.21	2
78:56	2KI.17.7-2KI.17.23	2
78:56	NEH.9.25-NEH.9.26	2
78:56	PSA.78.40-PSA.78.41	2
78:56	EZK.16.15-EZK.16.26	2
78:57	HOS.7.16	6
78:57	EZK.20.27-EZK.20.28	4
78:57	JDG.3.5-JDG.3.7	3
78:57	PSA.78.8	3
78:57	JDG.3.12	2
78:57	PSA.78.10-PSA.78.37	2
78:57	PSA.78.41	2
78:58	DEU.32.21	7
78:58	LEV.26.30	5
78:58	1KI.12.31	4
78:58	1CO.10.22	4
78:58	EXO.20.4-EXO.20.5	3
78:58	DEU.12.2	3
78:58	DEU.32.16-DEU.32.17	3
78:58	JDG.2.11-JDG.2.12	3
78:58	1KI.11.7	3
78:58	EXO.34.14	2
78:58	NUM.33.52	2
78:58	DEU.4.16-DEU.4.25	2
78:58	DEU.12.4	2
78:58	DEU.27.15	2
78:58	JDG.2.17	2
78:58	JDG.2.20	2
78:58	JDG.10.6	2
78:58	1KI.11.10	2
78:58	PSA.79.5	2
78:58	PSA.97.7	2
78:58	JER.8.19	2
78:58	EZK.8.3-EZK.8.5	2
78:58	EZK.20.28-EZK.20.29	2
78:58	HOS.13.2	2
78:59	PSA.106.40	5
78:59	LAM.2.7	4
78:59	DEU.32.19	3
78:59	GEN.18.20-GEN.18.21	2
78:59	LEV.20.23	2
78:59	LEV.26.44	2
78:59	PSA.11.4	2
78:59	PSA.14.2-PSA.14.5	2
78:59	ZEC.11.8	2
78:60	JOS.18.1	7
78:60	1SA.4.4-1SA.4.11	4
78:60	JER.26.6-JER.26.9	4
78:60	1SA.1.3	3
78:60	JER.7.12-JER.7.14	3
78:61	PSA.132.8	4
78:61	JDG.18.30	3
78:61	1SA.4.17	3
78:61	1SA.4.21-1SA.5.2	3
78:61	EXO.40.34	2
78:61	2CH.6.41	2
78:61	PSA.24.7	2
78:61	PSA.63.2	1
78:62	1SA.4.2	3
78:62	PSA.89.38	3
78:62	1SA.4.10-1SA.4.11	2
78:62	ISA.64.9	2
78:63	JER.7.34	4
78:63	JER.16.9	3
78:63	NUM.11.1	2
78:63	DEU.29.20	1
78:63	DEU.32.22	1
78:63	PSA.78.21	1
78:63	ISA.4.1	1
78:63	JER.25.10	1
78:64	1SA.4.17	4
78:64	JOB.27.15	4
78:64	1SA.4.11	3
78:64	1SA.22.18-1SA.22.19	3
78:64	EZK.24.23	3
78:64	1SA.2.33-1SA.2.34	2
78:64	1SA.4.19-1SA.4.20	2
78:65	PSA.44.23	7
78:65	PSA.7.6	4
78:65	ISA.51.9	4
78:65	PSA.73.20	3
78:65	ISA.42.13-ISA.42.14	3
78:66	1SA.5.6	7
78:66	JER.23.40	4
78:66	JOB.40.12	3
78:66	1SA.6.4	2
78:67	1SA.6.21-1SA.7.1	2
78:67	2SA.6.2	1
78:67	2SA.6.17	1
78:68	PSA.87.2	7
78:68	GEN.49.8-GEN.49.10	3
78:68	PSA.132.12-PSA.132.14	3
78:68	RUT.4.17-RUT.4.22	2
78:68	1SA.16.1	2
78:68	2CH.6.6	2
78:69	1KI.6.1-1KI.6.38	3
78:69	ISA.51.6	3
78:69	1SA.2.8	2
78:69	1KI.9.8	2
78:69	1CH.29.1	2
78:69	1CH.29.19	2
78:69	2CH.2.9	2
78:69	2CH.3.4	2
78:69	JOB.26.7	2
78:69	PSA.102.25	2
78:69	PSA.104.5	2
78:69	PSA.119.90-PSA.119.91	2
78:69	ISA.48.13	2
78:69	COL.1.16-COL.1.17	2
78:69	REV.20.11	2
78:70	1SA.16.11-1SA.16.12	7
78:70	ACT.13.22	3
78:70	EXO.3.1	2
78:70	EXO.3.10	2
78:70	1SA.17.15-1SA.17.54	2
78:70	2SA.3.18	2
78:70	2SA.6.21	2
78:70	2SA.7.8	2
78:70	1KI.19.19-1KI.19.20	2
78:70	PSA.89.19-PSA.89.20	2
78:70	AMO.7.14-AMO.7.15	2
78:70	MAT.4.18-MAT.4.22	1
78:71	2SA.5.2	5
78:71	1CH.11.2	4
78:71	GEN.33.13	3
78:71	1SA.2.7-1SA.2.8	3
78:71	1SA.10.1	3
78:71	PSA.28.9	3
78:71	PSA.75.6-PSA.75.7	3
78:71	ISA.40.11	3
78:71	EZK.34.23-EZK.34.24	3
78:71	1PE.5.2	3
78:71	2SA.7.8	2
78:71	PSA.113.7-PSA.113.8	2
78:71	JER.27.5-JER.27.6	2
78:71	MIC.5.2-MIC.5.4	2
78:71	ZEC.11.4-ZEC.11.17	2
78:71	JHN.21.15-JHN.21.17	2
78:71	MAT.2.6	1
78:72	1KI.9.4	10
78:72	2TI.2.15	6
78:72	ISA.11.2-ISA.11.4	4
78:72	1KI.15.5	3
78:72	PSA.101.1-PSA.101.8	3
78:72	ACT.13.22	3
78:72	2SA.8.15	2
78:72	1KI.3.6-1KI.3.9	2
78:72	1KI.3.28	2
78:72	PSA.75.2	2
78:72	ZEC.11.15-ZEC.11.17	2
78:72	ACT.13.36	2
78:72	JAS.1.5	2
78:72	2CO.3.5-2CO.3.6	1
79:1	2CH.36.19	6
79:1	LAM.1.10	6
79:1	PSA.74.1-PSA.74.4	5
79:1	MIC.3.12	5
79:1	PSA.74.7-PSA.74.8	4
79:1	JER.26.18	4
79:1	2KI.21.12-2KI.21.16	3
79:1	2KI.24.13	3
79:1	2KI.25.4-2KI.25.10	3
79:1	2CH.36.3-2CH.36.4	3
79:1	2CH.36.6-2CH.36.7	3
79:1	2CH.36.17	3
79:1	JER.52.13	3
79:1	EXO.15.17	2
79:1	JER.39.8	2
79:1	PSA.78.71	1
79:1	PSA.80.12-PSA.80.13	1
79:1	ISA.47.6	1
79:1	EZK.7.20-EZK.7.21	1
79:1	EZK.9.7	1
79:1	LUK.21.24	1
79:1	REV.11.2	1
79:2	JER.7.33	8
79:2	JER.34.20	6
79:2	JER.16.4	5
79:2	DEU.28.26	3
79:2	JER.19.7	3
79:2	JER.15.3	2
79:3	JER.14.16	4
79:3	JER.16.4	4
79:3	REV.11.9	3
79:3	PSA.79.10	2
79:3	PSA.141.7	2
79:3	JER.8.1-JER.8.2	2
79:3	JER.15.3	2
79:3	JER.25.33	2
79:3	JER.34.20	2
79:3	MAT.23.35	2
79:3	ROM.8.36	2
79:3	REV.16.6	2
79:3	REV.17.6	2
79:3	REV.18.24	2
79:4	PSA.80.6	5
79:4	PSA.89.41	3
79:4	LAM.5.1	3
79:4	EZK.36.15	3
79:4	DEU.28.37	2
79:4	1KI.9.7	2
79:4	NEH.2.19	2
79:4	NEH.4.1-NEH.4.4	2
79:4	PSA.44.13-PSA.44.14	2
79:4	JER.24.9	2
79:4	JER.25.18	2
79:4	JER.42.18	2
79:4	LAM.2.15-LAM.2.16	2
79:4	EZK.35.12	2
79:4	EZK.36.3	2
79:4	DAN.9.16	2
79:5	PSA.89.46	8
79:5	PSA.74.1	5
79:5	PSA.85.5	5
79:5	DEU.29.20	4
79:5	ZEP.3.8	4
79:5	PSA.13.1-PSA.13.2	3
79:5	PSA.74.9-PSA.74.10	3
79:5	PSA.80.4	3
79:5	EZK.36.5	3
79:5	DEU.32.16	2
79:5	DEU.32.22	2
79:5	PSA.103.9	2
79:5	ISA.64.9	2
79:5	MIC.7.18	2
79:5	ZEP.1.18	2
79:5	REV.6.10	2
79:6	JER.10.25	8
79:6	2TH.1.8	6
79:6	PSA.14.4	5
79:6	PSA.53.4	4
79:6	PSA.69.24	4
79:6	ISA.45.4-ISA.45.5	3
79:6	ROM.1.28	3
79:6	PSA.9.16-PSA.9.17	2
79:6	PSA.145.18	2
79:6	ISA.13.1-ISA.13.22	2
79:6	ISA.21.1-ISA.21.17	2
79:6	ISA.23.1-ISA.23.18	2
79:6	ISA.42.25	2
79:6	JER.25.29	2
79:6	JER.46.1-JER.46.28	2
79:6	ZEP.3.8	2
79:6	JHN.16.3	2
79:6	ACT.17.23	2
79:6	ROM.10.12-ROM.10.14	2
79:6	REV.16.1-REV.16.21	2
79:6	JHN.17.25	1
79:6	1CO.1.2	1
79:7	JER.51.34-JER.51.35	5
79:7	ZEC.1.15	5
79:7	ISA.24.1-ISA.24.12	3
79:7	ISA.64.10-ISA.64.11	3
79:7	JER.50.7	3
79:7	2CH.36.21	2
79:7	PSA.80.13	2
79:7	ISA.9.12	1
79:8	ISA.64.9	10
79:8	PSA.116.6	7
79:8	PSA.142.6	7
79:8	REV.18.5	6
79:8	PSA.21.3	5
79:8	HOS.9.9	4
79:8	MAT.23.32-MAT.23.36	4
79:8	GEN.15.16	3
79:8	EXO.32.34	3
79:8	DEU.28.43	3
79:8	1KI.17.18	3
79:8	PSA.25.7	3
79:8	PSA.69.16-PSA.69.17	3
79:8	PSA.106.43	3
79:8	PSA.130.3	3
79:8	EZK.2.3	3
79:8	DAN.9.16	3
79:8	HOS.8.13	3
79:9	JER.14.7	14
79:9	2CH.14.11	9
79:9	PSA.25.11	9
79:9	JER.14.21	8
79:9	ISA.48.9	7
79:9	EZK.20.14	7
79:9	PSA.31.3	5
79:9	PSA.65.3	5
79:9	ISA.43.25	5
79:9	EZK.20.9	5
79:9	DAN.9.19	5
79:9	JOS.7.9	3
79:9	PSA.115.1	3
79:9	MAL.2.2	3
79:9	EPH.1.6	3
79:9	DAN.9.9	2
79:10	PSA.42.10	4
79:10	EXO.6.7	3
79:10	EXO.7.5	3
79:10	PSA.42.3	3
79:10	PSA.94.1	3
79:10	PSA.115.2	3
79:10	EZK.39.21-EZK.39.22	3
79:10	MIC.7.10	3
79:10	REV.18.20	3
79:10	PSA.9.16	2
79:10	PSA.58.11	2
79:10	PSA.83.17-PSA.83.18	2
79:10	JER.51.35	2
79:10	EZK.36.23	2
79:10	JOL.2.17	2
79:10	ROM.12.19	2
79:11	PSA.102.20	14
79:11	ISA.42.7	8
79:11	PSA.146.6-PSA.146.7	6
79:11	ISA.33.2	6
79:11	EXO.2.23-EXO.2.24	5
79:11	PSA.12.5	5
79:11	PSA.69.33	5
79:11	EPH.3.20	4
79:11	NUM.14.17-NUM.14.19	3
79:11	MAT.6.13	3
79:12	GEN.4.15	6
79:12	JER.32.18	6
79:12	LEV.26.21	5
79:12	LEV.26.28	4
79:12	PSA.74.18-PSA.74.22	4
79:12	PRO.6.31	4
79:12	LUK.6.38	3
79:12	PSA.44.16	2
79:12	ISA.65.5-ISA.65.7	2
79:12	PSA.74.10	1
79:13	PSA.95.7	7
79:13	ISA.43.21	7
79:13	PSA.74.1	5
79:13	PSA.100.3	5
79:13	PSA.145.4	4
79:13	PSA.44.8	3
79:13	PSA.45.17	3
79:13	PSA.74.18	3
79:13	PSA.74.22	3
80:1	REV.21.23	9
80:1	PSA.50.2	7
80:1	PSA.77.20	7
80:1	PSA.99.1	6
80:1	ISA.63.11	5
80:1	1PE.2.25	5
80:1	1SA.4.4	4
80:1	2SA.6.2	4
80:1	PSA.80.7	4
80:1	EZK.34.23	4
80:1	EXO.25.20-EXO.25.22	3
80:1	PSA.23.1-PSA.23.2	3
80:1	ISA.60.1	3
80:1	EZK.10.4	3
80:1	HEB.13.20	3
80:1	DEU.33.2	2
80:1	2KI.19.15	2
80:1	JOB.10.3	2
80:1	PSA.5.1	2
80:1	PSA.45.1	2
80:1	PSA.55.1	2
80:1	PSA.60.1	2
80:1	PSA.69.1	2
80:1	PSA.78.52	2
80:1	PSA.78.67	2
80:1	PSA.80.3	2
80:1	PSA.80.19	2
80:1	PSA.94.1	2
80:1	ISA.40.11	2
80:1	ISA.49.9-ISA.49.10	2
80:1	EZK.1.13	2
80:1	EZK.43.2	2
80:1	DAN.9.17	2
80:1	JHN.10.3-JHN.10.4	2
80:1	JHN.10.14	2
80:1	1PE.5.4	2
80:2	PSA.35.23	7
80:2	NUM.2.18-NUM.2.24	6
80:2	PSA.44.23-PSA.44.26	3
80:2	ISA.42.13-ISA.42.14	3
80:2	NUM.10.22-NUM.10.24	2
80:2	PSA.78.38	2
80:2	ISA.25.9	2
80:2	ISA.33.22	2
80:3	LAM.5.21	12
80:3	NUM.6.25-NUM.6.26	10
80:3	PSA.85.4	8
80:3	PSA.4.6	7
80:3	PSA.80.7	7
80:3	PSA.80.19	7
80:3	1KI.18.37	6
80:3	PSA.67.1	4
80:3	PSA.80.1	4
80:3	PSA.60.1	3
80:3	PSA.119.135	3
80:3	JER.31.18-JER.31.19	2
80:4	PSA.85.5	5
80:4	DEU.29.20	2
80:4	PSA.59.5	2
80:4	PSA.74.1	2
80:4	PSA.79.5	2
80:4	ISA.58.2-ISA.58.3	2
80:4	ISA.58.6-ISA.58.9	2
80:4	LAM.3.44	2
80:4	MAT.15.22-MAT.15.28	2
80:4	LUK.18.1-LUK.18.8	2
80:5	PSA.42.3	6
80:5	ISA.30.20	6
80:5	PSA.102.9	5
80:5	JOB.6.7	3
80:5	EZK.4.16-EZK.4.17	3
80:6	PSA.79.4	5
80:6	JDG.16.25	2
80:6	PSA.44.13-PSA.44.14	2
80:6	ISA.36.8	2
80:6	ISA.36.12-ISA.36.20	2
80:6	ISA.37.23	2
80:6	JER.15.10	2
80:6	JER.48.27	2
80:6	EZK.36.4	2
80:6	REV.11.10	2
80:7	PSA.51.10	7
80:7	PSA.80.19	5
80:7	ISA.64.5	5
80:7	JER.4.14	5
80:7	PSA.80.3	4
80:7	ISA.30.15	3
80:7	MRK.4.12	3
80:7	2TI.2.25-2TI.2.26	3
80:7	LUK.1.16	2
80:8	JER.2.21	9
80:8	PSA.44.2	7
80:8	EZK.17.6	7
80:8	ISA.5.1-ISA.5.7	6
80:8	JER.12.10	6
80:8	JHN.15.1-JHN.15.8	6
80:8	JER.18.9-JER.18.10	5
80:8	ISA.27.2-ISA.27.3	4
80:8	EZK.19.10	4
80:8	ACT.7.45	4
80:8	JOS.13.6	3
80:8	PSA.78.55	3
80:8	EZK.15.6	3
80:8	MAT.21.33-MAT.21.41	3
80:9	JOS.24.12	5
80:9	EXO.23.28-EXO.23.30	3
80:9	ISA.27.6	3
80:9	JOS.23.13-JOS.23.15	2
80:9	1KI.4.20	2
80:9	1KI.4.25	2
80:9	1CH.21.5	2
80:9	1CH.27.23-1CH.27.24	2
80:9	NEH.9.22-NEH.9.25	2
80:9	PSA.105.44	2
80:9	ISA.37.31	2
80:9	JER.12.2	2
80:10	PSA.104.16	2
80:11	PSA.72.8	5
80:11	GEN.15.18	2
80:11	EXO.23.31	2
80:11	1KI.4.21	2
80:11	1KI.4.24	2
80:11	1CH.18.3	2
80:12	ISA.5.5	8
80:12	PSA.89.40-PSA.89.41	4
80:12	LUK.20.16	4
80:12	ISA.18.5-ISA.18.6	3
80:12	NAM.2.2	3
80:13	JER.4.7	3
80:13	JER.5.6	3
80:13	2KI.18.1-2KI.18.19	2
80:13	2KI.24.1-2KI.24.20	2
80:13	2CH.32.1-2CH.32.33	2
80:13	2CH.36.1-2CH.36.23	2
80:13	JER.39.1-JER.39.3	2
80:13	JER.51.34	2
80:13	JER.52.7	2
80:13	JER.52.12-JER.52.14	2
80:14	ISA.63.15	10
80:14	PSA.90.13	3
80:14	ISA.63.17	3
80:14	DAN.9.16-DAN.9.19	3
80:14	MAL.3.7	3
80:14	PSA.7.7	2
80:14	PSA.33.13	2
80:14	LAM.3.50	2
80:14	JOL.2.14	2
80:14	ACT.15.16	2
80:15	JHN.15.1	6
80:15	ZEC.3.8	5
80:15	ZEC.6.12	5
80:15	PSA.80.8	4
80:15	ISA.11.1	4
80:15	JER.2.21	4
80:15	JER.23.5-JER.23.6	4
80:15	MRK.12.1	4
80:15	PSA.89.21	2
80:15	ISA.5.1-ISA.5.2	2
80:15	ISA.49.5	2
80:15	EZK.17.22-EZK.17.24	2
80:16	PSA.39.11	7
80:16	JHN.15.6	6
80:16	2TH.1.9	3
80:16	PSA.76.6-PSA.76.7	2
80:16	PSA.79.5	2
80:16	PSA.90.7	2
80:16	ISA.27.11	2
80:16	EZK.20.47-EZK.20.48	2
80:17	PSA.110.1	6
80:17	DAN.7.13-DAN.7.14	6
80:17	PSA.89.21	4
80:17	PSA.80.15	3
80:17	ISA.53.5	2
80:17	JHN.5.21-JHN.5.29	2
80:18	PSA.119.25	5
80:18	PSA.119.40	5
80:18	PSA.119.107	5
80:18	PSA.119.154	5
80:18	JHN.6.66-JHN.6.69	5
80:18	PHP.2.12-PHP.2.13	5
80:18	SNG.1.4	4
80:18	HEB.10.38-HEB.10.39	4
80:18	PSA.79.13	3
80:18	PSA.85.6	3
80:18	PSA.119.37	3
80:18	EPH.2.1-EPH.2.5	3
80:18	PSA.71.20	2
80:18	PSA.119.156	1
80:19	JER.3.22-JER.3.23	8
80:19	PSA.27.4	6
80:19	PSA.80.3	6
80:19	PSA.44.3	4
80:19	PSA.80.1	4
80:19	PSA.27.9	3
80:19	PSA.31.16	3
80:19	PSA.80.7	2
81:1	JER.31.7	8
81:1	PSA.66.1	7
81:1	PSA.100.1-PSA.100.2	5
81:1	PSA.8.1	4
81:1	PSA.46.11	4
81:1	PHP.4.13	4
81:1	PSA.28.7	3
81:1	GEN.50.17	2
81:1	PSA.18.1-PSA.18.2	2
81:1	PSA.33.1-PSA.33.3	2
81:1	PSA.46.1-PSA.46.7	2
81:1	PSA.52.7	2
81:1	PSA.67.4	2
81:1	MAT.22.32	2
81:2	PSA.149.1-PSA.149.3	5
81:2	PSA.92.3	4
81:2	COL.3.16	4
81:2	EXO.15.20	3
81:2	MRK.14.26	3
81:2	EPH.5.19	3
81:2	PSA.95.1-PSA.95.2	2
81:2	JAS.5.13	2
81:3	LEV.23.24-LEV.23.25	5
81:3	NUM.15.3	5
81:3	2CH.2.4	4
81:3	NUM.10.1-NUM.10.10	3
81:3	DEU.16.15	3
81:3	2CH.13.14	3
81:3	NUM.28.11	2
81:3	2KI.4.23	2
81:3	1CH.15.24	2
81:3	1CH.16.6	2
81:3	1CH.16.42	2
81:3	2CH.5.12	2
81:3	2CH.13.12	2
81:3	PSA.98.6	2
81:3	NAM.1.15	2
81:3	LAM.2.6	1
81:3	COL.2.16	1
81:3	2CH.8.13	0
81:5	DEU.28.49	6
81:5	PSA.114.1	6
81:5	JER.5.15	6
81:5	1CO.14.21-1CO.14.22	5
81:5	EXO.11.4	4
81:5	EXO.13.8-EXO.13.9	4
81:5	PSA.77.15	4
81:5	ISA.28.11	4
81:5	EXO.12.12	3
81:5	EXO.12.27	3
81:5	EXO.12.29	2
81:5	EXO.13.14-EXO.13.16	2
81:5	DEU.4.45	2
81:5	PSA.78.6	2
81:5	PSA.80.1-PSA.80.2	2
81:5	EZK.20.20	2
81:5	AMO.6.6	2
81:6	ISA.9.4	12
81:6	ISA.10.27	11
81:6	EXO.6.6	7
81:6	MAT.11.29	6
81:6	EXO.1.14	4
81:6	PSA.68.13	3
81:7	EXO.19.19	13
81:7	NUM.20.13	9
81:7	EXO.2.23	8
81:7	PSA.50.15	7
81:7	EXO.14.10	6
81:7	EXO.14.30-EXO.14.31	6
81:7	PSA.91.14-PSA.91.15	6
81:7	EXO.14.24	5
81:7	EXO.17.2-EXO.17.7	4
81:7	DEU.33.8	4
81:7	EXO.20.18-EXO.20.21	3
81:7	NUM.20.24	3
81:8	PSA.50.7	7
81:8	EXO.15.26	6
81:8	JHN.3.11	6
81:8	ISA.1.19	5
81:8	ISA.55.3-ISA.55.4	5
81:8	JHN.3.32-JHN.3.33	5
81:8	1JN.5.9	5
81:8	PSA.81.13	4
81:8	DEU.5.27	3
81:8	DEU.32.46	3
81:8	ACT.20.21	3
81:9	ISA.43.12	10
81:9	DEU.32.12	7
81:9	1CO.8.5-1CO.8.6	6
81:9	EXO.20.3-EXO.20.5	4
81:9	DEU.6.14	4
81:9	MAL.2.11	4
81:9	PSA.44.20	3
81:10	JHN.15.7	24
81:10	EXO.20.2	23
81:10	PSA.107.9	23
81:10	JHN.7.37	19
81:10	REV.21.6	18
81:10	EPH.3.19-EPH.3.20	15
81:10	PSA.37.3-PSA.37.4	13
81:10	REV.22.17	13
81:10	JHN.16.23	12
81:10	JER.11.4	10
81:10	JER.31.31-JER.31.33	10
81:11	JER.7.23-JER.7.24	9
81:11	DEU.32.18	7
81:11	EXO.32.1	6
81:11	JER.2.11-JER.2.13	6
81:11	DEU.32.15	5
81:11	PRO.1.30	5
81:11	ZEC.7.11	5
81:11	HEB.10.29	5
81:11	PSA.106.12-PSA.106.13	4
81:12	JER.7.24	22
81:12	ROM.1.24	21
81:12	ISA.30.1	15
81:12	ACT.7.42	14
81:12	2TH.2.9-2TH.2.11	11
81:12	ACT.14.16	10
81:12	ROM.1.26-ROM.1.27	10
81:12	JER.44.16-JER.44.17	8
81:12	JOB.8.4	5
81:12	GEN.6.3	3
81:12	EXO.11.9	2
81:13	DEU.5.29	17
81:13	ISA.48.18	17
81:13	DEU.10.12-DEU.10.13	11
81:13	LUK.19.41-LUK.19.42	7
81:13	MAT.23.37	5
81:13	DEU.32.29	0
81:14	JDG.2.20-JDG.2.23	6
81:14	AMO.1.8	6
81:14	JOS.23.13	5
81:14	NUM.14.9	4
81:14	NUM.14.45	3
81:14	PSA.47.3	3
81:14	ZEC.13.7	2
81:15	DEU.7.10	7
81:15	PSA.63.3	4
81:15	ROM.1.30	4
81:15	ROM.8.7	4
81:15	EXO.20.5	3
81:15	JOL.3.20	3
81:15	PSA.18.44-PSA.18.45	2
81:15	PSA.83.2-PSA.83.18	2
81:15	PSA.102.28	2
81:15	JHN.15.22-JHN.15.23	2
81:15	ISA.65.22	1
81:16	DEU.32.13-DEU.32.14	16
81:16	PSA.147.14	11
81:16	1SA.14.25-1SA.14.26	8
81:16	JOL.2.24	7
81:16	JDG.14.18	6
81:16	JDG.14.8-JDG.14.9	5
81:16	JOB.29.6	5
82:1	JHN.10.35	16
82:1	2CH.19.6-2CH.19.7	15
82:1	PSA.82.6-PSA.82.7	13
82:1	ISA.3.13	8
82:1	PSA.58.11	7
82:1	ECC.5.8	7
82:1	PSA.138.1	6
82:1	EXO.21.6	2
82:1	EXO.22.28	2
82:1	EXO.18.21	1
82:2	DEU.1.17	8
82:2	PRO.18.5	8
82:2	PSA.58.1-PSA.58.2	4
82:2	EXO.10.3	3
82:2	GAL.2.6	3
82:2	EXO.23.6-EXO.23.7	2
82:2	LEV.19.15	2
82:2	1KI.18.21	2
82:2	2CH.19.7	2
82:2	JOB.34.19	2
82:2	PSA.62.3	2
82:2	MIC.3.1-MIC.3.3	2
82:2	MIC.3.9-MIC.3.12	2
82:2	MAT.17.17	2
82:3	JAS.1.27	9
82:3	PSA.10.18	8
82:3	JER.22.3	8
82:3	ISA.1.17	7
82:3	JER.5.28	7
82:3	DEU.10.18	6
82:3	DEU.24.17	6
82:3	JER.22.16	6
82:3	ISA.1.23	4
82:4	PRO.24.11-PRO.24.12	10
82:4	JOB.5.15-JOB.5.16	8
82:4	JOB.29.12	8
82:4	PSA.72.12-PSA.72.14	7
82:4	PSA.140.12	7
82:4	JOB.29.16-JOB.29.17	6
82:4	NEH.5.1-NEH.5.13	4
82:5	PSA.11.3	11
82:5	PRO.2.13	11
82:5	ROM.1.28	11
82:5	MIC.3.1	9
82:5	PRO.1.29	7
82:5	JHN.3.19	7
82:5	JHN.12.35	7
82:5	PSA.14.4	6
82:5	1JN.2.11	6
82:5	PSA.53.4	5
82:5	PSA.75.3	5
82:5	ISA.5.7	5
82:5	ISA.59.9	5
82:5	2TI.2.19	5
82:5	PRO.4.19	4
82:5	ECC.2.14	4
82:5	ECC.3.16	4
82:6	JHN.10.34-JHN.10.36	98
82:6	PSA.82.1	30
82:7	PSA.49.12	8
82:7	EZK.31.14	6
82:7	JOB.21.32	4
82:7	PSA.83.11	4
82:8	REV.11.15	15
82:8	PSA.2.8	11
82:8	PSA.96.13	7
82:8	PSA.22.28	6
82:8	PSA.102.13	5
82:8	ZEP.3.8	4
82:8	PSA.12.5	3
82:8	PSA.44.26	3
82:8	MIC.7.2	3
82:8	MIC.7.7	3
82:8	ISA.51.9	2
82:8	PSA.7.6	1
83:1	PSA.28.1	6
83:1	PSA.35.22	5
83:1	PSA.50.3	4
83:1	PSA.109.1-PSA.109.2	3
83:1	ISA.42.14	3
83:1	PSA.44.23	1
83:2	PSA.81.15	5
83:2	ISA.17.12	4
83:2	MAT.27.24	4
83:2	JDG.8.28	3
83:2	ISA.37.23	3
83:2	JER.1.19	3
83:2	2KI.19.28	2
83:2	PSA.2.1-PSA.2.2	2
83:2	PSA.74.4	2
83:2	PSA.74.23	2
83:2	PSA.75.4-PSA.75.5	2
83:2	PSA.93.3	2
83:2	ISA.37.29	2
83:2	DAN.5.20-DAN.5.23	2
83:2	ACT.4.25-ACT.4.27	2
83:2	ACT.16.22	2
83:2	ACT.17.5	2
83:2	ACT.19.28-ACT.19.41	2
83:2	ACT.21.30	2
83:2	ACT.22.22	2
83:2	ACT.23.10	2
83:3	PSA.64.2	9
83:3	PSA.27.5	8
83:3	PSA.31.20	7
83:3	ISA.7.6-ISA.7.7	6
83:3	PSA.10.9	4
83:3	PSA.91.1	4
83:3	LUK.20.20-LUK.20.23	4
83:3	PSA.56.6	3
83:3	1SA.13.19	2
83:3	COL.3.3	2
83:4	JER.48.2	9
83:4	JER.11.19	8
83:4	EST.3.6-EST.3.9	7
83:4	PSA.74.8	7
83:4	EXO.1.10	5
83:4	DAN.7.25	5
83:4	ACT.9.1-ACT.9.2	5
83:4	PRO.1.12	3
83:4	JER.31.36	3
83:4	MAT.27.62-MAT.27.66	3
83:4	ACT.4.17	2
83:5	PSA.2.2	8
83:5	ISA.8.9-ISA.8.10	4
83:5	REV.17.13	4
83:5	ISA.7.5-ISA.7.7	3
83:5	REV.19.19	3
83:5	JOS.10.3-JOS.10.5	2
83:5	2SA.10.6-2SA.10.8	2
83:5	PRO.21.30	2
83:5	ISA.7.2	2
83:5	JHN.11.47-JHN.11.53	2
83:5	ACT.23.12-ACT.23.13	1
83:6	1CH.5.10	4
83:6	2CH.20.1	3
83:6	2CH.20.10-2CH.20.11	3
83:6	PSA.137.7	3
83:6	GEN.25.12-GEN.25.18	2
83:6	1CH.5.19-1CH.5.20	2
83:7	JOS.13.5	5
83:7	EZK.27.3	3
83:7	EZK.27.9	3
83:7	1SA.4.1	2
83:7	1SA.15.2	2
83:7	AMO.1.9	2
83:8	DEU.2.9	5
83:8	GEN.10.11	2
83:8	GEN.19.37-GEN.19.38	2
83:8	GEN.25.3	2
83:8	2KI.15.19	2
83:8	ISA.33.2	2
83:9	ISA.9.4	4
83:9	NUM.31.7-NUM.31.8	3
83:9	JDG.4.15-JDG.4.24	3
83:9	JDG.5.21	3
83:9	JDG.4.7	2
83:9	JDG.7.1-JDG.7.25	2
83:9	ISA.10.26	2
83:10	ZEP.1.17	4
83:10	JOS.17.11	3
83:10	1SA.28.7	3
83:10	2KI.9.37	2
83:10	JER.8.2	2
83:10	JER.16.4	2
83:11	JDG.7.25	9
83:11	JDG.8.12-JDG.8.21	3
83:12	2CH.20.11	5
83:12	PSA.74.7-PSA.74.8	2
83:12	PSA.83.4	2
83:13	JOB.21.18	5
83:13	PSA.35.5	5
83:13	ISA.40.24	4
83:13	JOB.13.25	3
83:13	PSA.74.11-PSA.74.12	3
83:13	ISA.17.12-ISA.17.14	3
83:13	JER.13.24	3
83:13	EXO.15.7	2
83:13	PSA.22.1	2
83:13	PSA.44.4	2
83:13	PSA.68.1-PSA.68.2	2
83:13	ISA.41.2	2
83:13	MAT.3.12	2
83:14	DEU.32.22	6
83:14	MAL.4.1	4
83:14	ISA.9.18	3
83:14	ISA.30.33	2
83:14	ISA.33.11-ISA.33.12	2
83:14	ISA.64.1-ISA.64.2	2
83:14	EZK.20.47-EZK.20.48	2
83:14	NAM.1.6	2
83:14	NAM.1.10	2
83:15	JOB.9.17	5
83:15	PSA.50.3	4
83:15	PSA.58.9	3
83:15	ISA.28.17	3
83:15	JOB.27.20-JOB.27.23	2
83:15	PSA.11.6	2
83:15	MAT.7.27	2
83:15	HEB.12.18	2
83:15	ISA.30.30	1
83:15	EZK.13.11-EZK.13.14	1
83:16	PSA.6.10	2
83:16	PSA.9.19-PSA.9.20	2
83:16	JOB.10.15	1
83:16	PSA.34.5	1
83:16	PSA.109.29	1
83:16	PSA.132.18	1
83:17	PSA.35.4	7
83:17	PSA.35.26	2
83:17	PSA.40.14-PSA.40.15	2
83:17	PSA.109.29	2
83:18	EXO.6.3	12
83:18	EZK.38.23	10
83:18	PSA.59.13	9
83:18	JER.16.21	9
83:18	2KI.19.19	8
83:18	PSA.97.9	8
83:18	ISA.42.8	5
83:18	EZK.30.19	5
83:18	DAN.4.32	5
83:18	1KI.18.37	4
83:18	PSA.92.8	3
83:18	ISA.54.5	3
83:18	MIC.4.13	3
83:18	GEN.22.14	2
83:18	PSA.9.2	2
83:18	PSA.9.16	1
83:18	PSA.18.13	0
83:18	ISA.5.16	0
83:18	DAN.4.25	0
83:18	ZEC.4.14	0
84:1	PSA.27.4	24
84:1	PSA.43.3	20
84:1	PSA.36.8	11
84:1	PSA.122.1	10
84:1	PSA.8.1	9
84:1	PSA.132.5	9
84:1	REV.21.22-REV.21.23	9
84:1	NEH.9.6	6
84:1	REV.21.2-REV.21.3	5
84:1	HEB.9.23-HEB.9.24	4
84:1	ISA.6.2-ISA.6.3	3
84:1	1KI.22.19	2
84:1	PSA.48.1-PSA.48.2	2
84:1	PSA.81.1	1
84:1	PSA.87.2-PSA.87.3	1
84:1	PSA.103.20-PSA.103.21	1
84:2	ISA.26.9	16
84:2	PSA.42.1-PSA.42.2	15
84:2	PSA.63.1-PSA.63.2	10
84:2	PSA.73.26	9
84:2	PSA.119.81	9
84:2	PSA.143.6	8
84:2	PSA.119.20	7
84:2	SNG.5.8	6
84:2	JOB.23.3	5
84:2	SNG.2.4-SNG.2.5	5
84:2	ISA.64.1	5
84:3	PSA.91.1	12
84:3	PSA.90.1	11
84:3	MAT.8.20	9
84:3	PSA.43.4	7
84:3	PSA.116.7	4
84:3	PSA.5.2	3
84:3	MAT.23.37	1
84:4	PSA.23.6	22
84:4	PSA.65.4	20
84:4	PSA.27.4	19
84:4	ISA.12.4-ISA.12.5	13
84:4	PSA.71.8	12
84:4	PSA.42.11	11
84:4	PSA.71.15	8
84:4	PSA.134.1-PSA.134.3	8
84:4	PSA.145.21	8
84:4	REV.7.15	8
84:4	PSA.42.5	7
84:4	PSA.145.1-PSA.145.2	7
84:5	PSA.28.7-PSA.28.8	23
84:5	2CO.12.9	19
84:5	ZEC.10.12	16
84:5	PHP.4.13	15
84:5	PSA.40.8	14
84:5	MIC.4.2	13
84:5	PSA.55.14	12
84:5	JER.31.33	12
84:5	JER.50.4-JER.50.5	11
84:5	PSA.42.4	10
84:5	PSA.81.1	9
84:5	PSA.122.1	9
84:5	ISA.26.9	9
84:5	ISA.45.24	9
84:5	JER.31.6	9
84:6	2CO.4.17	18
84:6	JOL.2.23	17
84:6	JHN.16.33	17
84:6	ROM.5.3-ROM.5.5	17
84:6	ROM.8.37	14
84:6	REV.7.14	13
84:6	PSA.68.9	12
84:6	PSA.66.10-PSA.66.12	10
84:6	2SA.5.22-2SA.5.24	8
84:6	ACT.14.22	8
84:6	2KI.3.9-2KI.3.20	5
84:7	PRO.4.18	26
84:7	2CO.3.18	21
84:7	ISA.40.31	20
84:7	JOB.17.9	15
84:7	JHN.1.16	11
84:7	2PE.3.18	11
84:7	DEU.16.16	9
84:7	PSA.42.2	9
84:7	PSA.43.3	8
84:7	JHN.14.3	8
84:7	JHN.15.2	7
84:7	JER.31.6	6
84:7	ZEC.14.16	4
84:7	JHN.6.39	4
84:7	1TH.4.17	4
84:7	ISA.46.13	3
84:9	PSA.2.2	5
84:9	GEN.15.1	4
84:9	PSA.98.1	4
84:9	DEU.33.29	3
84:9	1SA.2.10	3
84:9	1SA.16.6	3
84:9	2CH.6.42	3
84:9	PSA.2.6	3
84:9	PSA.59.11	3
84:9	PSA.84.11	3
84:9	PSA.89.20	3
84:9	PSA.132.17	3
84:9	2SA.23.1	2
84:9	PSA.3.3	2
84:9	ACT.4.27	2
84:10	PSA.27.4	56
84:10	PSA.26.8-PSA.26.10	34
84:10	PSA.63.2	29
84:10	PHP.3.20	20
84:10	ROM.8.5-ROM.8.6	19
84:10	PSA.84.1-PSA.84.2	18
84:10	PSA.141.4-PSA.141.5	15
84:10	PSA.17.14-PSA.17.15	13
84:10	PSA.43.3-PSA.43.4	11
84:10	LUK.2.46	7
84:10	JAS.2.3	4
84:11	PSA.34.9-PSA.34.10	110
84:11	PRO.2.7	99
84:11	MAT.6.33	79
84:11	PHP.4.19	72
84:11	PSA.85.12	55
84:11	PRO.10.9	51
84:11	JHN.8.12	47
84:11	PSA.3.3	44
84:11	GEN.15.1	42
84:11	REV.21.23	42
84:11	ISA.60.19-ISA.60.20	37
84:11	MAL.4.2	36
84:11	PSA.27.1	31
84:11	PRO.28.18	31
84:11	PHP.1.6	30
84:11	PSA.15.2	25
84:11	JHN.1.16	24
84:11	PRO.28.6	22
84:11	PSA.119.114	21
84:11	ROM.8.16-ROM.8.18	19
84:11	2CO.4.17	19
84:11	MIC.2.7	17
84:11	PSA.84.9	16
84:11	2CO.3.18	15
84:11	PSA.115.9-PSA.115.11	13
84:11	JHN.1.9	13
84:11	GAL.2.14	13
84:11	PSA.47.9	10
84:12	JER.17.7-JER.17.8	15
84:12	PSA.62.8	14
84:12	ISA.30.18	11
84:12	ISA.50.10	11
84:12	PSA.2.12	8
84:12	PSA.34.8	7
84:12	PSA.146.5-PSA.146.6	7
85:1	JER.30.18	12
85:1	PSA.14.7	11
85:1	EZK.39.25	10
85:1	PSA.77.7	7
85:1	LEV.26.42	6
85:1	PSA.42.1	6
85:1	PSA.126.1-PSA.126.2	6
85:1	JOL.2.18	6
85:1	JOL.3.1	6
85:1	JER.31.23	5
85:1	ZEC.1.16	5
85:1	EZR.1.11-EZR.2.1	4
85:2	MIC.7.18	14
85:2	PSA.32.1	12
85:2	COL.2.13	12
85:2	NUM.14.19	7
85:2	JER.50.20	7
85:2	ACT.13.39	7
85:2	PSA.79.8-PSA.79.9	6
85:2	PSA.78.38	5
85:3	DEU.13.17	6
85:3	PSA.106.23	6
85:3	ISA.12.1	5
85:3	JON.3.9	4
85:3	PSA.78.38	3
85:3	ISA.6.7	3
85:3	JHN.1.29	3
85:3	EXO.32.11-EXO.32.12	2
85:3	EXO.32.22	2
85:3	ISA.54.7-ISA.54.10	2
85:4	PSA.80.3	7
85:4	LAM.5.21	7
85:4	PSA.80.7	6
85:4	MIC.7.7	5
85:4	PSA.25.2	3
85:4	PSA.27.1	3
85:4	PSA.80.19	3
85:4	JER.31.18	3
85:4	MIC.7.18-MIC.7.20	3
85:4	MAL.4.6	3
85:4	DAN.9.16	2
85:4	PSA.78.38	1
85:4	ISA.10.25	1
85:4	JHN.4.22	1
85:5	PSA.79.5	5
85:5	PSA.80.4	4
85:5	PSA.74.1	3
85:5	ISA.64.9-ISA.64.12	3
85:5	PSA.77.9	2
85:5	PSA.89.46	2
85:5	MIC.7.18	2
85:5	LUK.21.24	2
85:5	REV.18.21-REV.18.23	2
85:6	PSA.80.18	18
85:6	HAB.3.2	18
85:6	PSA.90.14	16
85:6	ISA.57.15	16
85:6	HOS.6.2	14
85:6	PSA.71.20	12
85:6	PSA.53.6	10
85:6	PSA.138.7	9
85:6	EZR.9.8-EZR.9.9	7
85:6	EZR.3.11-EZR.3.13	6
85:6	PSA.149.2	5
85:6	JER.33.11	4
85:7	PSA.91.16	6
85:7	PSA.50.23	5
85:7	JER.42.12	4
85:8	PSA.29.11	13
85:8	REV.3.19	12
85:8	JHN.14.27	10
85:8	HAB.2.1	9
85:8	ZEC.9.10	9
85:8	2TI.2.19	8
85:8	HEB.10.26-HEB.10.29	8
85:8	GEN.34.7	6
85:8	PSA.130.4	6
85:8	HAG.2.9	5
85:8	GAL.4.9	5
85:8	EPH.2.17	5
85:8	2TH.3.16	5
85:8	HEB.12.25	5
85:8	PSA.50.5	4
85:8	PRO.25.11	4
85:8	ISA.57.19	4
85:8	JHN.5.14	4
85:8	JHN.8.11	4
85:8	JHN.20.19	4
85:8	JHN.20.26	4
85:8	ACT.3.26	4
85:8	ACT.10.36	4
85:8	EPH.1.1-EPH.1.2	4
85:8	REV.2.4-REV.2.5	4
85:8	2CO.5.18-2CO.5.20	3
85:8	PRO.27.22	2
85:8	1SA.25.25	1
85:8	2PE.2.20-2PE.2.22	0
85:9	ISA.46.13	16
85:9	ZEC.2.5	13
85:9	JHN.7.17	10
85:9	ZEC.2.8	9
85:9	PSA.24.4-PSA.24.5	8
85:9	LUK.2.32	8
85:9	PSA.50.23	7
85:9	HAG.2.7-HAG.2.9	7
85:9	ACT.11.13-ACT.11.14	7
85:9	PSA.119.155	6
85:9	ISA.4.5	6
85:9	EZK.26.20	6
85:9	JHN.1.14	6
85:9	ACT.13.16	6
85:9	MRK.12.32-MRK.12.34	5
85:9	ACT.10.2-ACT.10.4	5
85:10	PRO.3.3	15
85:10	PSA.89.14	12
85:10	PSA.100.5	11
85:10	ISA.32.16-ISA.32.18	11
85:10	JHN.1.17	11
85:10	PSA.72.3	8
85:10	ROM.5.21	8
85:10	ISA.45.24	7
85:10	MIC.7.20	7
85:10	ROM.3.25-ROM.3.26	6
85:10	HEB.7.2	6
85:10	EXO.34.6-EXO.34.7	5
85:10	LUK.1.54-LUK.1.55	5
85:10	ROM.5.1	5
85:10	JER.23.5-JER.23.6	4
85:10	LUK.2.14	3
85:11	ISA.45.8	11
85:11	JHN.14.6	11
85:11	1JN.5.20-1JN.5.21	9
85:11	ISA.42.21	5
85:11	MAT.17.5	5
85:11	ISA.4.2	4
85:11	ISA.53.2	4
85:11	MAT.3.17	4
85:11	LUK.2.14	4
85:11	2CO.5.21	4
85:11	EPH.1.6	4
85:12	JAS.1.17	17
85:12	PSA.84.11	15
85:12	PSA.67.6	10
85:12	LEV.26.4	8
85:12	ISA.30.23-ISA.30.24	7
85:12	1CO.1.30	6
85:12	EPH.1.3	4
85:12	PSA.72.16	3
85:12	MIC.6.8	3
85:12	ZEC.8.12	3
85:12	MAT.13.23	3
85:12	ACT.21.20	3
85:12	ISA.32.15	2
85:12	MAT.13.8	2
85:12	ACT.2.41	2
85:12	1CO.3.6-1CO.3.9	2
85:13	PSA.89.14	6
85:13	JHN.13.34	6
85:13	1JN.2.6	5
85:13	ISA.58.8	4
85:13	2CO.3.18	4
85:13	GAL.2.20	4
85:13	1PE.2.18-1PE.2.24	4
85:13	1PE.4.1	4
85:13	PSA.119.35	3
85:13	MAT.20.27-MAT.20.28	3
85:13	JHN.13.14-JHN.13.16	3
85:13	EPH.5.1-EPH.5.2	3
85:13	PHP.2.5-PHP.2.8	3
85:13	HEB.12.1-HEB.12.2	3
85:13	PSA.72.2-PSA.72.3	1
86:1	PSA.31.2	14
86:1	PSA.40.17	11
86:1	DAN.9.18	11
86:1	MAT.5.3	10
86:1	PSA.34.6	8
86:1	JAS.1.9-JAS.1.10	7
86:1	JAS.2.5	7
86:1	LUK.4.18	6
86:1	ISA.66.2	5
86:1	PSA.17.6	4
86:1	PSA.102.17	4
86:1	PSA.119.22	4
86:1	PSA.142.1	4
86:1	ISA.37.17	4
86:1	PSA.10.14	3
86:1	PSA.72.12-PSA.72.14	3
86:1	PSA.102.1	3
86:1	PSA.140.12	3
86:2	PSA.4.3	5
86:2	PSA.25.2	5
86:2	PSA.13.5	4
86:2	PSA.18.19	4
86:2	PSA.31.1	4
86:2	PSA.119.94	4
86:2	ISA.26.3-ISA.26.4	4
86:2	JHN.17.11	4
86:2	PSA.16.1	3
86:2	DEU.7.7-DEU.7.8	2
86:2	1SA.2.9	2
86:2	PSA.31.14	2
86:2	PSA.37.28	2
86:2	PSA.50.5	2
86:2	PSA.119.124-PSA.119.125	2
86:2	PSA.143.12	2
86:2	JHN.10.27-JHN.10.29	2
86:2	JHN.12.26	2
86:2	ROM.9.18	2
86:2	ROM.9.23-ROM.9.24	2
86:2	ROM.15.12-ROM.15.13	2
86:2	EPH.1.12-EPH.1.13	2
86:2	1PE.5.3-1PE.5.5	1
86:3	PSA.57.1	9
86:3	PSA.88.9	9
86:3	EPH.6.18	8
86:3	PSA.25.5	6
86:3	PSA.4.1	5
86:3	PSA.55.17	5
86:3	PSA.56.1	5
86:3	LUK.2.37	5
86:3	LUK.11.8-LUK.11.13	4
86:3	LUK.18.7	3
86:4	PSA.143.8	8
86:4	PSA.25.1	6
86:4	ISA.66.13-ISA.66.14	5
86:4	PSA.51.12	4
86:4	PSA.62.8	3
86:4	ISA.61.3	3
86:4	ISA.65.18	2
86:5	PSA.145.8-PSA.145.9	18
86:5	JOL.2.13	16
86:5	EXO.34.6	15
86:5	PSA.103.8	11
86:5	NEH.9.17	10
86:5	ACT.2.21	7
86:5	PSA.25.8	6
86:5	PSA.145.18	6
86:5	EZK.36.37	6
86:5	1JN.4.8-1JN.4.9	6
86:5	PSA.86.15	5
86:5	EPH.1.6-EPH.1.8	5
86:5	PSA.130.7	4
86:5	MIC.7.18	4
86:5	ROM.10.12-ROM.10.13	4
86:5	PSA.119.68	3
86:5	JER.33.3	3
86:5	EZK.36.33	3
86:5	DAN.9.9	3
86:5	LUK.11.9-LUK.11.10	3
86:5	JHN.4.10	3
86:5	ROM.5.20-ROM.5.21	3
86:5	PSA.36.7	2
86:5	PSA.52.1	2
86:5	PSA.69.16	2
86:5	PSA.130.4	2
86:5	ISA.55.7	2
86:5	JON.4.2	2
86:5	EPH.2.4	1
86:6	PSA.5.1-PSA.5.2	6
86:6	PSA.17.1	5
86:6	PSA.55.1	4
86:6	PSA.130.2	4
86:7	JON.2.2	11
86:7	PSA.34.4-PSA.34.6	10
86:7	PSA.17.6	9
86:7	PSA.50.15	9
86:7	HEB.5.7	8
86:7	ISA.26.16	7
86:7	LAM.3.55-LAM.3.57	7
86:7	PSA.18.6	6
86:7	PSA.142.1	6
86:7	PSA.91.15	5
86:7	PSA.77.1-PSA.77.2	4
86:7	PSA.142.3	4
86:7	PSA.55.16-PSA.55.18	3
86:7	LUK.22.44	3
86:8	EXO.15.11	18
86:8	DEU.3.24	15
86:8	PSA.89.6	12
86:8	DAN.3.29	9
86:8	PSA.89.8	8
86:8	ISA.40.25	8
86:8	JER.10.16	7
86:8	DEU.4.34	6
86:8	ISA.40.18	6
86:8	PSA.136.4	5
86:8	JER.10.6-JER.10.7	3
86:9	REV.15.4	16
86:9	ISA.66.23	13
86:9	PSA.66.4	10
86:9	ISA.2.2-ISA.2.4	7
86:9	PSA.102.15	6
86:9	REV.11.15	6
86:9	ROM.15.9	4
86:9	PSA.22.27-PSA.22.31	3
86:9	PSA.67.7	3
86:9	PSA.72.19	3
86:9	PSA.102.18	3
86:9	ISA.11.9	3
86:9	ISA.43.7	3
86:9	ISA.59.19	3
86:9	ZEC.14.9	3
86:9	ROM.11.25	3
86:9	PSA.72.8	2
86:9	EPH.1.12	2
86:9	1PE.2.9	2
86:9	REV.20.3	2
86:10	ISA.37.16	11
86:10	MRK.12.29	11
86:10	PSA.72.18	10
86:10	1CO.8.4	8
86:10	EXO.15.11	7
86:10	DEU.32.39	7
86:10	ISA.37.20	6
86:10	ISA.44.6-ISA.44.8	6
86:10	ROM.15.18-ROM.15.19	5
86:10	EPH.4.6	5
86:10	DEU.6.3-DEU.6.4	4
86:10	JOB.11.7	4
86:10	PSA.77.13-PSA.77.15	4
86:10	PSA.86.8	4
86:10	PSA.145.3-PSA.145.5	4
86:10	DAN.6.26-DAN.6.27	4
86:10	ACT.2.19-ACT.2.22	4
86:10	ACT.4.30	4
86:10	HEB.2.4	3
86:11	JER.32.38-JER.32.39	38
86:11	PSA.25.4-PSA.25.5	25
86:11	PSA.5.8	22
86:11	PSA.119.33	19
86:11	PSA.143.8-PSA.143.10	19
86:11	JOB.34.32	14
86:11	PSA.25.12	14
86:11	PSA.26.3	13
86:11	PSA.27.11	13
86:11	2JN.1.4	11
86:11	JHN.17.20-JHN.17.21	10
86:11	PSA.119.73	8
86:11	COL.3.22-COL.3.23	8
86:11	COL.3.17	6
86:11	3JN.1.3-3JN.1.4	6
86:11	1CO.10.21	5
86:11	MAL.2.6	4
86:11	EPH.4.21	4
86:11	PSA.119.30	3
86:11	HOS.14.8	2
86:11	ZEP.1.5	2
86:11	MAT.6.22-MAT.6.24	2
86:11	JHN.6.45-JHN.6.46	2
86:11	ACT.2.46	2
86:11	1CO.6.17	2
86:11	HOS.10.2	1
86:11	2CO.11.3	1
86:12	DEU.6.5	20
86:12	PSA.146.1-PSA.146.2	10
86:12	ROM.15.6	8
86:12	REV.19.5-REV.19.6	8
86:12	ISA.12.1	6
86:12	1CO.10.31	6
86:12	PRO.3.5-PRO.3.6	5
86:12	1CO.6.20	5
86:12	EPH.5.19	5
86:12	PSA.104.33	4
86:12	1CH.29.13	3
86:12	PSA.9.1	3
86:12	PSA.103.1-PSA.103.3	3
86:12	PSA.145.1-PSA.145.5	3
86:12	REV.5.9-REV.5.13	3
86:12	1CH.29.20	1
86:12	PSA.34.1	1
86:12	ACT.8.36	1
86:13	PSA.103.8-PSA.103.12	13
86:13	PSA.57.10	11
86:13	PSA.116.8	11
86:13	PSA.56.13	10
86:13	LUK.1.58	10
86:13	1TH.1.10	10
86:13	JOB.33.28	9
86:13	PSA.30.3	9
86:13	JOB.33.24	8
86:13	PSA.16.10	8
86:13	PSA.88.6	7
86:13	JOB.33.18	6
86:13	PSA.108.4	6
86:13	ISA.38.17	6
86:13	JOB.33.22	5
86:13	JON.2.3-JON.2.6	4
86:14	PSA.54.3	7
86:14	MAT.27.1-MAT.27.2	4
86:14	PSA.14.4	3
86:14	PSA.36.1	3
86:14	MAT.26.3-MAT.26.4	3
86:14	2SA.15.1-2SA.15.12	2
86:14	2SA.16.20-2SA.17.1	2
86:14	2SA.17.14	2
86:14	PSA.10.4	2
86:14	PSA.10.11	2
86:14	PSA.10.13	2
86:14	PSA.36.11	2
86:14	PSA.119.51	2
86:14	PSA.119.69	2
86:14	PSA.119.85	2
86:14	PSA.140.5	2
86:14	EZK.8.12	2
86:14	EZK.9.9	2
86:14	ACT.4.27-ACT.4.28	2
86:15	EPH.2.4-EPH.2.7	23
86:15	PSA.103.8	19
86:15	PSA.130.7	19
86:15	EPH.1.7	18
86:15	PSA.86.5	13
86:15	PSA.145.8	13
86:15	NEH.9.17	12
86:15	JOL.2.13	12
86:15	PSA.85.10	10
86:15	MIC.7.18	10
86:15	PSA.111.4	9
86:15	NUM.14.18	8
86:15	PSA.98.3	7
86:15	PSA.130.4	4
86:15	EXO.31.6-EXO.31.7	3
86:15	ROM.5.20-ROM.5.21	3
86:15	JHN.1.17	2
86:15	ROM.15.8-ROM.15.9	2
86:16	EPH.6.10	13
86:16	PHP.4.13	13
86:16	ISA.40.29-ISA.40.31	12
86:16	PSA.25.16	7
86:16	PSA.116.16	7
86:16	PSA.138.3	5
86:16	EPH.3.16	5
86:16	COL.1.11	5
86:16	PSA.28.7-PSA.28.8	4
86:16	PSA.69.16	4
86:16	PSA.84.5	4
86:16	PSA.90.13	4
86:16	PSA.119.94	4
86:16	PSA.119.132	4
86:16	ZEC.10.12	4
86:16	LUK.1.38	3
86:16	ISA.45.24	2
86:17	PSA.41.10-PSA.41.11	30
86:17	JDG.6.17	26
86:17	PSA.71.20-PSA.71.21	21
86:17	PSA.71.9-PSA.71.13	16
86:17	PSA.40.1	15
86:17	MIC.7.8-MIC.7.10	15
86:17	PSA.109.29	12
86:17	1CO.5.5	12
86:17	ISA.38.22	10
86:17	PSA.74.9	9
87:1	ISA.28.16	13
87:1	ISA.56.7	12
87:1	ISA.2.2-ISA.2.3	9
87:1	EPH.2.20-EPH.2.22	9
87:1	MAT.16.18	8
87:1	PSA.48.1-PSA.48.2	7
87:1	ZEC.8.3	7
87:1	1CO.3.10-1CO.3.11	7
87:1	PSA.68.16	6
87:1	2CH.3.1	5
87:1	PSA.121.1	5
87:1	2PE.1.18	5
87:1	1PE.2.4-1PE.2.8	4
87:2	DEU.12.5	7
87:2	PSA.132.13-PSA.132.14	7
87:2	PSA.78.67-PSA.78.69	6
87:2	2CH.6.6	3
87:2	ISA.14.32	3
87:2	JOL.2.32	3
87:3	EZK.37.27-EZK.37.28	8
87:3	EZK.36.11-EZK.36.38	6
87:3	REV.21.10-REV.21.27	5
87:3	PSA.48.2-PSA.48.3	4
87:3	HEB.12.22-HEB.12.23	4
87:3	JER.31.12-JER.31.13	3
87:3	REV.14.1	3
87:3	PSA.46.4	2
87:3	PSA.48.11-PSA.48.13	2
87:3	PSA.125.1-PSA.125.2	2
87:3	ISA.12.6	2
87:3	ISA.49.14-ISA.49.26	2
87:3	ISA.54.2-ISA.54.10	2
87:3	ISA.59.20-ISA.60.22	2
87:3	ISA.61.3-ISA.62.12	2
87:3	JER.3.14-JER.3.17	2
87:3	EZK.36.2	1
87:3	EZK.40.1-EZK.40.49	1
87:3	EZK.48.1-EZK.48.35	1
87:4	PSA.45.12	5
87:4	ISA.19.23-ISA.19.25	5
87:4	PSA.68.31	4
87:4	JOB.9.13	3
87:4	PSA.89.10	3
87:4	2SA.21.16-2SA.21.22	2
87:4	1KI.10.1-1KI.10.29	2
87:4	2KI.20.17-2KI.20.18	2
87:4	PSA.137.1	2
87:4	PSA.137.8-PSA.137.9	2
87:4	ISA.13.1-ISA.13.22	2
87:4	ISA.14.4-ISA.14.6	2
87:4	ISA.19.11	2
87:4	ISA.23.1-ISA.23.18	2
87:4	ISA.51.9	2
87:4	JER.25.9	2
87:4	JER.50.1-JER.50.46	2
87:4	EZK.27.1-EZK.27.28	2
87:4	EZK.28.2	2
87:4	DAN.2.47-DAN.2.48	2
87:4	DAN.4.30	2
87:4	ACT.8.27	2
87:4	REV.17.5	2
87:4	REV.18.2	2
87:4	1SA.17.8	1
87:5	ROM.8.31	6
87:5	ISA.60.1-ISA.60.9	5
87:5	EZK.48.35	5
87:5	JHN.1.12-JHN.1.14	5
87:5	GAL.3.26-GAL.3.28	5
87:5	1PE.1.23-1PE.1.24	5
87:5	ISA.44.4-ISA.44.5	4
87:5	JHN.3.3-JHN.3.5	4
87:5	HEB.11.32-HEB.12.2	4
87:5	HEB.12.22-HEB.12.24	4
87:5	PSA.48.8	3
87:5	MAT.16.18	3
87:6	ISA.4.3	9
87:6	LUK.10.20	6
87:6	EZK.13.9	5
87:6	REV.20.15	5
87:6	PSA.69.28	4
87:6	PHP.4.3	4
87:6	PSA.22.30	3
87:6	JER.3.19	3
87:6	REV.13.8	3
87:6	EZK.9.4	2
87:6	GAL.4.26-GAL.4.31	2
87:7	PSA.36.9	12
87:7	JHN.1.16	11
87:7	ISA.12.3	10
87:7	REV.22.17	10
87:7	JHN.4.14	9
87:7	REV.21.6	9
87:7	REV.22.1	8
87:7	2SA.6.14	7
87:7	1CH.23.5	7
87:7	JHN.7.37-JHN.7.39	7
87:7	REV.14.1-REV.14.3	7
87:7	PSA.46.4	6
87:7	JHN.4.10	6
87:7	JAS.1.17	6
87:7	PSA.68.24-PSA.68.25	4
87:7	1CH.25.1-1CH.25.6	3
87:7	1CH.15.16-1CH.15.29	2
87:7	PSA.149.3	1
88:1	ISA.12.2	8
88:1	PSA.22.2	7
88:1	LUK.18.7	6
88:1	PSA.86.3	5
88:1	GEN.49.18	4
88:1	1KI.4.31	4
88:1	PSA.27.9	4
88:1	PSA.53.1	4
88:1	TIT.3.4-TIT.3.7	4
88:1	PSA.51.14	3
88:1	LUK.2.30	3
88:1	LUK.2.37	3
88:1	TIT.2.13	3
88:1	NEH.1.6	2
88:1	PSA.24.5	2
88:1	PSA.27.1	2
88:1	PSA.62.7	2
88:1	PSA.65.5	2
88:1	PSA.68.19	2
88:1	PSA.79.9	2
88:1	PSA.140.7	2
88:1	ISA.62.6	2
88:1	LUK.1.47	2
88:1	1CH.2.6	1
88:1	1TH.3.10	1
88:1	2TI.1.3	0
88:1	TIT.2.10	0
88:2	PSA.31.2	7
88:2	PSA.141.1-PSA.141.2	5
88:2	LAM.3.8	4
88:2	PSA.79.11	3
88:2	1KI.8.31	2
88:3	PSA.107.18	6
88:3	LAM.3.15-LAM.3.19	4
88:3	MRK.14.33-MRK.14.34	4
88:3	JOB.6.2-JOB.6.4	3
88:3	JOB.33.22	3
88:3	PSA.69.17-PSA.69.21	3
88:3	PSA.77.2	3
88:3	PSA.88.14-PSA.88.15	3
88:3	PSA.107.26	3
88:3	PSA.143.3-PSA.143.4	3
88:3	ISA.53.3	3
88:3	ISA.53.10-ISA.53.11	3
88:3	MAT.26.37-MAT.26.39	3
88:3	PSA.22.11-PSA.22.21	2
88:4	PSA.28.1	8
88:4	2CO.1.9	6
88:4	PSA.31.12	4
88:4	PSA.143.7	4
88:4	ISA.38.17-ISA.38.18	4
88:4	JOB.17.1	3
88:4	PSA.30.9	3
88:4	2CO.13.4	3
88:4	PSA.109.22-PSA.109.24	2
88:4	EZK.26.20	2
88:4	JON.2.6	2
88:4	ROM.5.6	2
88:5	ISA.53.8	6
88:5	PSA.31.22	5
88:5	PSA.136.23	3
88:5	ISA.14.9-ISA.14.12	3
88:5	GEN.8.1	2
88:5	GEN.19.29	2
88:5	JOB.6.9	2
88:5	JOB.11.10	2
88:5	PSA.31.12	2
88:5	PSA.88.16	2
88:5	ISA.38.10-ISA.38.12	2
88:5	EZK.32.18-EZK.32.32	2
88:6	PSA.69.15	5
88:6	PSA.86.13	4
88:6	PSA.40.2	3
88:6	PSA.143.3	3
88:6	LAM.3.2	3
88:6	JHN.12.46	3
88:6	DEU.32.22	2
88:6	PSA.130.1	2
88:6	PRO.4.19	2
88:6	LAM.3.55	2
88:6	JUD.1.6	2
88:6	JUD.1.13	2
88:7	PSA.42.7	5
88:7	JOB.6.4	3
88:7	ROM.2.5-ROM.2.9	3
88:7	1PE.2.24	3
88:7	JOB.10.16	2
88:7	PSA.32.4	2
88:7	PSA.38.1	2
88:7	PSA.90.7	2
88:7	PSA.102.10	2
88:7	JON.2.3	2
88:7	JHN.3.36	2
88:7	REV.6.16-REV.6.17	2
88:8	PSA.31.11	5
88:8	JOB.30.10	4
88:8	ISA.49.7	4
88:8	JOB.19.13-JOB.19.19	3
88:8	ISA.63.3	3
88:8	JER.32.2	3
88:8	LAM.3.7-LAM.3.9	3
88:8	ZEC.11.8	3
88:8	JHN.15.23-JHN.15.24	3
88:8	1SA.23.18-1SA.23.20	2
88:8	JOB.12.14	2
88:8	JOB.19.8	2
88:8	PSA.88.18	2
88:8	PSA.142.4	2
88:8	PSA.143.4	2
88:8	MAT.27.21-MAT.27.25	2
88:8	JHN.11.57	2
88:9	JOB.11.13	7
88:9	PSA.38.10	5
88:9	PSA.86.3	5
88:9	PSA.143.6	4
88:9	PSA.42.3	3
88:9	JOB.16.20	2
88:9	JOB.17.7	2
88:9	PSA.6.7	2
88:9	PSA.44.20	2
88:9	PSA.55.17	2
88:9	PSA.68.31	2
88:9	PSA.88.1	2
88:9	PSA.102.9	2
88:9	LAM.3.48-LAM.3.49	2
88:9	EZK.17.11	2
88:9	JHN.11.35	2
88:10	PSA.6.5	7
88:10	ISA.26.19	7
88:10	PSA.30.9	5
88:10	ISA.38.18-ISA.38.19	5
88:10	1CO.15.52-1CO.15.57	4
88:10	MRK.5.35-MRK.5.36	3
88:10	JOB.14.7-JOB.14.12	2
88:10	PSA.115.17	2
88:10	PSA.118.17	2
88:10	EZK.37.1-EZK.37.14	2
88:10	LUK.7.12-LUK.7.16	2
88:11	PRO.15.11	3
88:11	JOB.21.30	2
88:11	JOB.26.6	2
88:11	PSA.55.23	2
88:11	PSA.73.18	2
88:11	MAT.7.13	2
88:11	ROM.9.22	2
88:11	2PE.2.1	2
88:12	ECC.9.5	6
88:12	MAT.8.12	3
88:12	JOB.10.21-JOB.10.22	2
88:12	PSA.31.12	2
88:12	PSA.88.5	2
88:12	PSA.143.3	2
88:12	ECC.2.16	2
88:12	ECC.8.10	2
88:12	ISA.8.22	2
88:12	JUD.1.13	2
88:13	PSA.5.3	12
88:13	MRK.1.35	9
88:13	PSA.30.2	8
88:13	PSA.119.147-PSA.119.148	6
88:14	JOB.13.24	7
88:14	PSA.13.1	5
88:14	PSA.43.2	4
88:14	PSA.44.24	4
88:14	MAT.27.46	3
88:14	PSA.44.9	2
88:14	PSA.69.17	2
88:14	PSA.77.7-PSA.77.9	2
88:15	JOB.6.4	7
88:15	LUK.22.44	5
88:15	JOB.7.11-JOB.7.16	4
88:15	PSA.73.14	4
88:15	ISA.53.10	4
88:15	ZEC.13.7	3
88:15	JOB.17.1	2
88:15	JOB.17.11-JOB.17.16	2
88:15	PSA.22.14-PSA.22.15	2
88:15	ISA.53.3	2
88:16	GAL.3.13	3
88:16	REV.6.17	3
88:16	PSA.38.1-PSA.38.2	2
88:16	PSA.89.46	2
88:16	PSA.90.7	2
88:16	PSA.90.11	2
88:16	PSA.102.10	2
88:16	ISA.53.4-ISA.53.6	2
88:16	ISA.53.8	2
88:16	DAN.9.26	2
88:16	ROM.8.32	2
88:17	PSA.22.16	6
88:17	PSA.69.1-PSA.69.2	3
88:17	PSA.116.3	3
88:17	JOB.16.12-JOB.16.13	2
88:17	JOB.30.14-JOB.30.15	2
88:17	PSA.42.7	2
88:17	PSA.118.10-PSA.118.12	2
88:17	PSA.124.4	2
88:17	LAM.3.5-LAM.3.7	2
88:17	MAT.27.39-MAT.27.44	2
88:18	PSA.88.8	6
88:18	PSA.38.11	5
88:18	JOB.19.12-JOB.19.15	4
88:18	PSA.31.11	3
89:1	PSA.101.1	12
89:1	PSA.89.8	9
89:1	PSA.119.90	7
89:1	LAM.3.23	7
89:1	PSA.89.33	6
89:1	PSA.36.5	5
89:1	PSA.89.4-PSA.89.5	5
89:1	PSA.59.16	4
89:1	PSA.86.12-PSA.86.13	4
89:1	PSA.88.11	4
89:1	PSA.89.24	4
89:1	PSA.89.49	4
89:1	PSA.92.2	4
89:1	PSA.106.1	4
89:1	TIT.1.2	4
89:1	PSA.71.8	3
89:1	ISA.25.1	2
89:1	PSA.40.9-PSA.40.10	1
89:1	PSA.71.15-PSA.71.19	1
89:1	MIC.7.20	1
89:1	1KI.4.31	0
89:1	1CH.2.6	0
89:1	PSA.136.1-PSA.136.26	0
89:2	PSA.36.5	7
89:2	NEH.9.31	5
89:2	NUM.23.19	3
89:2	PSA.89.5	3
89:2	PSA.103.17	3
89:2	HEB.6.18	3
89:2	NEH.1.5	2
89:2	NEH.9.17	2
89:2	PSA.42.1	2
89:2	PSA.89.37	2
89:2	PSA.119.89	2
89:2	PSA.146.6	2
89:2	LUK.1.50	2
89:2	EPH.1.6-EPH.1.7	2
89:2	MAT.24.35	1
89:3	PSA.132.11	7
89:3	2SA.7.10-2SA.7.16	6
89:3	1KI.8.16	5
89:3	PSA.89.28	5
89:3	ACT.2.30	5
89:3	HEB.7.21	5
89:3	2SA.23.5	4
89:3	PSA.89.34-PSA.89.35	4
89:3	JER.30.9	4
89:3	JER.33.20-JER.33.21	4
89:3	EZK.34.23-EZK.34.24	4
89:3	2SA.3.9	3
89:3	ISA.42.1	3
89:3	ISA.55.3	3
89:3	HOS.3.5	3
89:3	MAT.12.18-MAT.12.21	3
89:3	LUK.1.32-LUK.1.33	3
89:3	PSA.78.70	2
89:3	PSA.89.39	2
89:3	MAT.3.17	2
89:3	PSA.89.19	1
89:4	2SA.7.12-2SA.7.16	6
89:4	LUK.1.32-LUK.1.33	6
89:4	PSA.132.12	4
89:4	ISA.9.6-ISA.9.7	4
89:4	1KI.9.5	3
89:4	1CH.17.10-1CH.17.14	3
89:4	1CH.22.10	3
89:4	ROM.1.3-ROM.1.4	3
89:4	PHP.2.9-PHP.2.11	3
89:4	PSA.72.17	2
89:4	PSA.89.1	2
89:4	PSA.89.29	2
89:4	PSA.89.36	2
89:4	ZEC.12.8	2
89:4	LUK.20.41-LUK.20.44	2
89:4	ACT.13.32-ACT.13.37	2
89:4	ROM.15.12	2
89:4	2SA.7.29	1
89:4	REV.22.16	1
89:5	PSA.19.1	7
89:5	PSA.97.6	7
89:5	ISA.44.23	4
89:5	PSA.50.6	3
89:5	2TH.1.7	3
89:5	REV.7.10-REV.7.12	3
89:5	DEU.33.2	2
89:5	JOB.5.1	2
89:5	PSA.89.7	2
89:5	DAN.7.10	2
89:5	LUK.2.10-LUK.2.15	2
89:5	EPH.3.10	2
89:5	HEB.12.22-HEB.12.23	2
89:5	1PE.1.12	2
89:5	JUD.1.14-JUD.1.15	2
89:5	REV.5.11-REV.5.14	2
89:5	REV.19.1-REV.19.6	2
89:6	PSA.86.8	9
89:6	PSA.71.19	8
89:6	JER.10.6	8
89:6	EXO.15.11	7
89:6	PSA.29.1	7
89:6	PSA.113.5	7
89:6	PSA.73.25	5
89:6	PSA.40.5	4
89:6	PSA.52.1	4
89:6	PSA.89.8	4
89:7	PSA.47.2	8
89:7	PSA.76.7-PSA.76.11	7
89:7	HEB.12.28-HEB.12.29	6
89:7	JER.10.7	5
89:7	ISA.6.2-ISA.6.7	4
89:7	JER.10.10	4
89:7	MAT.10.28	4
89:7	LUK.12.4-LUK.12.5	4
89:7	ACT.5.11	4
89:7	REV.15.3-REV.15.4	4
89:7	LEV.10.3	3
89:7	ISA.66.2	3
89:8	PSA.71.19	7
89:8	1SA.2.2	6
89:8	JER.32.17	6
89:8	PSA.147.5	4
89:8	ISA.40.25-ISA.40.26	4
89:8	PSA.24.8	3
89:8	PSA.35.10	3
89:8	PSA.84.12	3
89:8	PSA.89.6	3
89:8	DEU.32.31	2
89:8	JOS.22.22	2
89:8	JOB.9.19	2
89:8	PSA.89.13	2
89:8	ISA.28.22	2
89:8	1SA.15.19	1
89:8	MAT.6.13	1
89:9	PSA.65.7	34
89:9	PSA.107.25-PSA.107.29	29
89:9	MRK.4.41	23
89:9	MAT.8.24-MAT.8.27	18
89:9	MRK.4.39	18
89:9	PSA.93.3-PSA.93.4	16
89:9	JOB.38.8-JOB.38.11	14
89:9	PSA.29.10	14
89:9	NAM.1.4	12
89:9	MAT.14.32	10
89:9	PSA.66.5-PSA.66.6	8
89:10	PSA.68.30	3
89:10	PSA.87.4	3
89:10	PSA.144.6	3
89:10	EXO.3.19-EXO.3.20	2
89:10	EXO.7.1-EXO.7.15	2
89:10	DEU.4.34	2
89:10	PSA.59.11	2
89:10	PSA.68.1	2
89:10	PSA.78.43-PSA.78.72	2
89:10	PSA.105.27-PSA.105.45	2
89:10	ISA.24.1	2
89:11	1CH.29.11	18
89:11	GEN.1.1	11
89:11	PSA.115.16	9
89:11	PSA.24.1-PSA.24.2	8
89:11	1CO.10.26	7
89:11	PSA.50.12	6
89:11	GEN.2.1	4
89:11	JOB.41.11	3
89:11	1CO.10.28	3
89:12	JOS.12.1	4
89:12	JOS.19.22	4
89:12	JOB.26.7	4
89:12	DEU.3.8-DEU.3.9	3
89:12	JDG.4.6	3
89:12	JDG.4.12	3
89:12	PSA.98.8	3
89:12	PSA.133.3	3
89:12	PSA.65.12-PSA.65.13	2
89:12	ISA.35.1-ISA.35.2	2
89:12	ISA.49.13	2
89:12	ISA.55.12-ISA.55.13	2
89:12	JER.46.18	2
89:13	PSA.62.11	5
89:13	PSA.89.10	3
89:13	DAN.4.34-DAN.4.35	3
89:13	MAT.6.13	2
89:14	PSA.97.2	20
89:14	PRO.16.12	18
89:14	PSA.45.6-PSA.45.7	16
89:14	PSA.85.13	14
89:14	PSA.145.17	14
89:14	DEU.32.4	13
89:14	PSA.99.4	12
89:14	REV.15.3	12
89:14	PSA.89.2	10
89:14	JHN.1.17	8
89:15	PSA.44.3	9
89:15	JOB.29.3	8
89:15	PSA.4.6	8
89:15	ISA.2.5	8
89:15	PSA.100.1	7
89:15	ISA.52.7-ISA.52.8	7
89:15	ACT.2.28	7
89:15	NUM.6.26	6
89:15	LEV.25.9	5
89:15	NUM.10.10	5
89:15	NUM.23.21	5
89:15	JHN.14.21-JHN.14.23	5
89:15	PSA.90.6	4
89:15	PSA.98.4-PSA.98.6	4
89:15	PRO.16.15	4
89:15	NAM.1.15	4
89:15	ROM.10.15	4
89:15	ROM.10.18	4
89:15	REV.21.23	4
89:15	LUK.2.10-LUK.2.14	3
89:16	PHP.3.9	8
89:16	PHP.4.4	8
89:16	PSA.29.7	7
89:16	PSA.89.12	6
89:16	LUK.1.47	6
89:16	2CO.5.21	6
89:16	PSA.40.10	5
89:16	PSA.29.5	4
89:16	PSA.33.21	4
89:16	PSA.44.8	4
89:16	PSA.105.3	4
89:16	ISA.46.13	4
89:16	ROM.1.17	4
89:16	ROM.3.21-ROM.3.26	4
89:16	PSA.71.15-PSA.71.16	3
89:16	JER.23.6	3
89:16	ISA.45.24-ISA.45.25	1
89:17	PSA.75.10	9
89:17	PSA.92.10	7
89:17	PSA.148.14	5
89:17	1SA.2.10	4
89:17	PSA.112.9	4
89:17	1CO.1.30-1CO.1.31	4
89:17	2CO.12.9-2CO.12.10	4
89:17	1SA.2.1	3
89:17	PSA.28.7	3
89:17	PSA.89.24	3
89:17	PSA.132.17	3
89:17	PHP.4.13	2
89:18	PSA.47.9	8
89:18	PSA.71.22	5
89:18	ISA.33.22	4
89:18	PSA.84.11	3
89:18	PSA.91.1-PSA.91.2	3
89:18	ISA.1.4	3
89:18	ISA.12.6	3
89:18	ISA.43.3	3
89:18	GEN.15.1	2
89:18	DEU.33.27-DEU.33.29	2
89:18	PSA.44.4	2
89:18	PSA.62.1-PSA.62.2	2
89:18	ISA.29.19	2
89:18	ISA.43.14	2
89:18	PSA.62.6	1
89:18	ISA.30.11	1
89:19	1SA.16.18	6
89:19	1KI.11.34	5
89:19	2SA.7.8-2SA.7.17	3
89:19	ISA.9.6	3
89:19	PHP.2.6-PHP.2.11	3
89:19	HEB.2.9-HEB.2.17	3
89:19	1SA.16.1	2
89:19	2SA.17.10	2
89:19	PSA.42.3	2
89:19	PSA.89.3	2
89:19	JER.30.21	2
89:19	MRK.1.24	2
89:19	LUK.1.70	2
89:19	2PE.1.21	2
89:19	2PE.3.2	2
89:19	REV.3.7	2
89:20	1SA.16.12-1SA.16.13	12
89:20	ISA.61.1-ISA.61.3	10
89:20	1SA.16.1	9
89:20	JHN.3.34	7
89:20	ACT.13.22	6
89:21	PSA.18.32-PSA.18.39	6
89:21	ISA.42.1	6
89:21	PSA.89.13	5
89:21	ISA.41.10	5
89:21	PSA.80.15-PSA.80.17	4
89:21	EZK.30.24-EZK.30.25	4
89:21	2SA.7.8-2SA.7.16	3
89:21	ISA.49.8	3
89:21	ZEC.10.12	3
89:22	2SA.7.10	9
89:22	1CH.17.9	8
89:22	MAT.4.1-MAT.4.10	3
89:22	JHN.17.12	3
89:22	2TH.2.3	2
89:23	2SA.7.9	7
89:23	2SA.22.40-2SA.22.44	4
89:23	2SA.3.1	3
89:23	2SA.7.1	3
89:23	PSA.18.40	3
89:23	PSA.21.8-PSA.21.9	3
89:23	PSA.132.18	3
89:23	JHN.15.23	3
89:23	PSA.2.1-PSA.2.6	2
89:23	PSA.109.3-PSA.110.1	2
89:23	LUK.19.14	2
89:23	LUK.19.27	2
89:24	2CO.1.20	6
89:24	PSA.89.16-PSA.89.17	5
89:24	PSA.91.14	5
89:24	1SA.2.1	4
89:24	PSA.20.1	4
89:24	PSA.20.5	4
89:24	PSA.89.28	4
89:24	PSA.89.33	4
89:24	JHN.1.17	4
89:24	JHN.17.6	4
89:24	JHN.17.11	4
89:24	PSA.61.7	3
89:24	PSA.89.2-PSA.89.5	3
89:24	JHN.17.26	2
89:25	PSA.80.11	4
89:25	1KI.4.21	3
89:25	PSA.2.8	3
89:25	PSA.72.8-PSA.72.11	3
89:25	REV.11.15	3
89:26	2SA.7.14	11
89:26	2SA.22.47	8
89:26	PSA.95.1	6
89:26	PSA.62.6-PSA.62.7	5
89:26	PSA.62.2	4
89:26	MAT.26.42	4
89:26	1CH.22.10	3
89:26	PSA.18.46	3
89:26	LUK.23.46	3
89:26	JHN.11.41	3
89:26	PSA.43.4	2
89:26	MRK.15.34	2
89:26	JHN.20.17	2
89:26	ISA.50.7-ISA.50.9	1
89:26	MAT.26.39	1
89:26	HEB.1.5	1
89:27	COL.1.15	13
89:27	COL.1.18	13
89:27	PSA.2.7	7
89:27	ROM.8.29	7
89:27	REV.19.16	7
89:27	PSA.72.11	6
89:27	NUM.24.7	5
89:27	EXO.4.22	3
89:27	PSA.2.10-PSA.2.12	3
89:27	ISA.49.7	3
89:27	2CH.1.12	2
89:27	2CH.9.23-2CH.9.24	2
89:27	REV.21.24	2
89:28	ISA.55.3	5
89:28	ISA.54.10	3
89:28	JER.33.20-JER.33.21	3
89:28	ACT.13.32-ACT.13.34	3
89:28	2SA.7.15-2SA.7.16	2
89:28	2SA.23.5	2
89:28	PSA.89.33-PSA.89.34	2
89:28	PSA.111.5	2
89:28	PSA.111.9	2
89:29	PSA.89.4	7
89:29	DEU.11.21	6
89:29	PSA.89.36	5
89:29	ISA.9.7	5
89:29	DAN.2.44	3
89:29	LUK.1.32-LUK.1.33	3
89:29	1CH.17.11-1CH.17.12	2
89:29	1CH.22.10	2
89:29	PSA.21.4	2
89:29	PSA.45.6	2
89:29	PSA.132.11	2
89:29	ISA.59.21	2
89:29	JER.33.17-JER.33.26	2
89:29	EZK.37.24-EZK.37.25	2
89:30	2SA.7.14	6
89:30	1CH.28.9	4
89:30	PSA.119.53	3
89:30	PSA.132.12	3
89:30	PRO.28.4	3
89:30	2CH.7.17-2CH.7.22	2
89:30	PRO.4.2	2
89:30	JER.9.13-JER.9.16	2
89:30	EZK.18.17	2
89:30	EZK.20.19	2
89:30	LUK.1.6	2
89:30	EZK.18.9	1
89:31	PSA.55.20	3
89:32	2SA.7.14	9
89:32	PRO.3.11-PRO.3.12	6
89:32	HEB.12.6-HEB.12.11	6
89:32	1KI.11.39	5
89:32	1KI.11.14	3
89:32	AMO.3.2	3
89:32	EXO.32.34	2
89:32	1KI.11.6	2
89:32	1KI.11.31	2
89:32	JOB.9.34	2
89:32	1CO.11.31-1CO.11.32	2
89:33	ISA.54.8-ISA.54.10	10
89:33	2SA.7.15	9
89:33	LAM.3.31-LAM.3.32	9
89:33	JER.33.20-JER.33.26	7
89:33	HEB.6.18	7
89:33	1SA.15.29	5
89:33	1KI.11.36	4
89:33	2SA.7.13	3
89:33	1KI.11.13	3
89:33	1KI.11.32	3
89:33	1CO.15.25	2
89:33	PSA.89.39	1
89:34	NUM.23.19	35
89:34	MAT.24.35	33
89:34	JAS.1.17	31
89:34	MAL.3.6	27
89:34	ROM.11.29	26
89:34	JER.14.21	20
89:34	LEV.26.44	16
89:34	JER.33.20	13
89:35	PSA.132.11	11
89:35	TIT.1.2	9
89:35	HEB.6.13	9
89:35	HEB.6.17	8
89:35	PSA.110.4	6
89:35	AMO.4.2	6
89:35	AMO.8.7	4
89:35	2TH.2.13	3
89:36	PSA.72.5	8
89:36	PSA.89.29	6
89:36	PSA.72.17	5
89:36	ISA.59.21	5
89:36	LUK.1.33	4
89:36	2SA.7.16	3
89:36	PSA.89.4	3
89:36	ISA.9.7	3
89:36	JER.33.20	2
89:36	JHN.12.34	2
89:36	ISA.53.10	1
89:37	JER.31.35-JER.31.36	7
89:37	GEN.1.14-GEN.1.18	5
89:37	PSA.104.19	5
89:37	GEN.9.13-GEN.9.16	4
89:37	ISA.54.9-ISA.54.10	3
89:37	PSA.72.7	1
89:38	1CH.28.9	6
89:38	DEU.32.19	4
89:38	PSA.89.51	3
89:38	PSA.106.40	3
89:38	2SA.1.21	2
89:38	2SA.15.26	2
89:38	2CH.12.1-2CH.12.12	2
89:38	PSA.44.9-PSA.44.26	2
89:38	PSA.60.1	2
89:38	PSA.60.10	2
89:38	PSA.77.7	2
89:38	PSA.78.59	2
89:38	PSA.84.9	2
89:38	JER.12.1	2
89:38	LAM.2.7	2
89:38	LAM.4.20	2
89:38	HOS.9.17	2
89:38	ZEC.11.8	2
89:38	ZEC.13.7	2
89:39	LAM.5.16	6
89:39	PSA.74.7	4
89:39	PSA.89.34-PSA.89.36	3
89:39	ISA.43.28	3
89:39	PSA.77.10	2
89:39	PSA.89.44	2
89:39	PSA.116.11	2
89:39	PSA.143.3	2
89:39	ISA.25.12	2
89:39	JHN.13.7	2
89:40	PSA.80.12	5
89:40	LAM.2.2	4
89:40	LAM.2.5	4
89:40	JOB.1.10	3
89:40	ISA.5.5-ISA.5.6	3
89:40	2CH.12.2-2CH.12.5	2
89:40	2CH.15.5	2
89:40	REV.13.1-REV.13.7	1
89:41	PSA.79.4	3
89:41	DEU.28.37	2
89:41	NEH.5.9	2
89:41	PSA.44.10-PSA.44.14	2
89:41	PSA.74.10	2
89:41	PSA.80.13	2
89:41	ISA.10.6	2
89:41	JER.24.9	2
89:41	JER.29.18	2
89:41	JER.42.18	2
89:41	JER.44.8	2
89:41	JER.50.17	2
89:41	LAM.5.1	2
89:41	EZK.5.14-EZK.5.15	2
89:41	DAN.9.16	2
89:41	JER.44.12	1
89:42	PSA.80.6	3
89:42	REV.11.10	3
89:42	LEV.26.17	2
89:42	LEV.26.25	2
89:42	DEU.28.25	2
89:42	DEU.28.43	2
89:42	PSA.13.2	2
89:42	LAM.2.17	2
89:42	JHN.16.20	2
89:43	2CH.25.8	3
89:43	LEV.26.36-LEV.26.37	2
89:43	NUM.14.42	2
89:43	NUM.14.45	2
89:43	JOS.7.4-JOS.7.5	2
89:43	JOS.7.8-JOS.7.12	2
89:43	EZK.30.21-EZK.30.25	2
89:43	PSA.44.10	1
89:44	1SA.4.21-1SA.4.22	2
89:44	1KI.12.16-1KI.12.20	2
89:44	1KI.14.25-1KI.14.28	2
89:44	PSA.89.39	2
89:44	LAM.4.1-LAM.4.2	2
89:44	DAN.7.20-DAN.7.25	2
89:44	2TH.2.3-2TH.2.10	2
89:45	PSA.109.29	7
89:45	PSA.44.15	5
89:45	PSA.102.23	3
89:45	MIC.7.10	3
89:45	2CH.10.19	2
89:45	PSA.71.13	2
89:45	PSA.89.28-PSA.89.29	2
89:45	ISA.63.18	2
89:46	PSA.79.5	8
89:46	PSA.78.63	4
89:46	PSA.88.14	3
89:46	PSA.90.13	3
89:46	ISA.8.17	3
89:46	ISA.45.15	3
89:46	JOB.23.9	2
89:46	PSA.10.1	2
89:46	PSA.13.1-PSA.13.2	2
89:46	PSA.85.5	2
89:46	JER.4.4	2
89:46	JER.21.12	2
89:46	HOS.5.15	2
89:46	2TH.1.8	2
89:46	HEB.12.29	2
89:47	JOB.14.1	6
89:47	JOB.7.7	4
89:47	JOB.10.9	4
89:47	JOB.9.25-JOB.9.26	3
89:47	PSA.144.4	3
89:47	JAS.4.14	3
89:47	PSA.39.5-PSA.39.6	2
89:47	PSA.119.84	2
89:48	PSA.49.15	10
89:48	ECC.9.5	10
89:48	HEB.11.5	10
89:48	PSA.49.7-PSA.49.9	9
89:48	ECC.8.8	9
89:48	ECC.12.7	9
89:48	JOB.30.23	8
89:48	JHN.8.51	8
89:48	PSA.22.29	7
89:48	ACT.2.27	7
89:48	ECC.3.19-ECC.3.20	4
89:48	2CO.4.14	4
89:48	HEB.9.27	4
89:49	2SA.7.15	7
89:49	ISA.55.3	3
89:49	HEB.7.21	3
89:49	2SA.3.9	2
89:49	PSA.54.5	2
89:49	PSA.77.9-PSA.77.10	2
89:49	PSA.89.3-PSA.89.4	2
89:49	PSA.89.35	2
89:49	PSA.132.11-PSA.132.12	2
89:49	ISA.63.7-ISA.63.15	2
89:50	PSA.74.18	6
89:50	PSA.74.22	6
89:50	PSA.69.9	4
89:50	ROM.15.3	3
89:50	PSA.44.13-PSA.44.16	2
89:50	PSA.69.19-PSA.69.20	2
89:50	PSA.79.10-PSA.79.12	2
89:51	PSA.74.10	3
89:51	1PE.4.14-1PE.4.16	3
89:51	2SA.16.7-2SA.16.8	2
89:51	PSA.56.5-PSA.56.6	2
89:51	PSA.57.3	2
89:51	MAT.5.10-MAT.5.12	2
89:51	MAT.12.24	2
89:51	MAT.26.61	2
89:51	JHN.8.48	2
89:51	ACT.5.41	2
89:51	1CO.4.12-1CO.4.13	2
89:51	HEB.10.33	2
89:51	HEB.11.36	2
89:51	1PE.2.20-1PE.2.21	2
89:51	1PE.3.16	2
89:52	PSA.41.13	6
89:52	PSA.72.18-PSA.72.19	6
89:52	1TI.1.17	5
89:52	PSA.106.48	4
89:52	HAB.3.17-HAB.3.19	4
89:52	NEH.9.5	2
89:52	MAT.6.13	2
90:1	DEU.33.27	22
90:1	PSA.71.3	17
90:1	1JN.4.16	17
90:1	PSA.91.1	11
90:1	EZK.11.16	11
90:1	PSA.91.9	8
90:1	EXO.33.14-EXO.33.19	7
90:1	PSA.89.1	7
90:1	JHN.6.56	7
90:1	NUM.13.1-NUM.13.14	5
90:1	DEU.33.1	5
90:1	1KI.13.1	5
90:1	ISA.8.14	5
90:1	1TI.6.11	5
90:2	HEB.13.8	30
90:2	GEN.1.1	22
90:2	PSA.102.24-PSA.102.27	13
90:2	REV.1.8	11
90:2	PSA.93.2	10
90:2	PSA.33.9	7
90:2	1TI.6.15-1TI.6.16	7
90:2	HEB.1.10-HEB.1.12	7
90:2	ISA.44.6	6
90:2	HAB.1.12	6
90:2	PSA.146.6	5
90:2	JOB.15.7	4
90:2	JOB.38.28-JOB.38.29	4
90:2	ISA.57.15	4
90:2	JOB.38.4-JOB.38.6	3
90:2	PSA.103.17	3
90:2	PRO.8.25-PRO.8.26	3
90:2	ISA.45.22	3
90:2	MIC.5.2	2
90:3	GEN.3.19	10
90:3	ECC.12.7	9
90:3	NUM.14.35	4
90:3	JOB.34.14-JOB.34.15	4
90:3	PSA.104.29	4
90:3	PSA.146.4	4
90:3	GEN.6.6-GEN.6.7	3
90:3	JOB.12.10	3
90:4	2PE.3.8	29
90:4	PSA.39.5	17
90:4	MAT.24.43	7
90:4	LUK.12.38	5
90:4	MAT.14.25	4
90:5	ISA.40.6	7
90:5	JOB.22.16	5
90:5	PSA.73.20	5
90:5	PSA.103.15-PSA.103.16	5
90:5	1PE.1.24	5
90:5	JOB.27.20-JOB.27.21	3
90:5	JOB.9.26	2
90:5	JOB.20.8	2
90:5	ISA.8.7-ISA.8.8	2
90:5	ISA.29.7-ISA.29.8	2
90:5	JAS.1.10-JAS.1.11	2
90:5	JER.46.7-JER.46.8	1
90:6	JOB.14.2	5
90:6	PSA.92.7	4
90:6	MAT.6.30	3
90:6	JAS.1.11	3
90:7	PSA.39.11	4
90:7	EXO.14.24	2
90:7	NUM.17.12-NUM.17.13	2
90:7	DEU.2.14-DEU.2.16	2
90:7	PSA.59.13	2
90:7	PSA.90.11	2
90:7	ROM.2.8-ROM.2.9	2
90:7	HEB.3.10-HEB.3.11	2
90:7	HEB.3.17-HEB.4.2	2
90:7	PSA.90.9	1
90:8	JER.16.17	9
90:8	ECC.12.14	7
90:8	PSA.19.12	6
90:8	JER.23.24	6
90:8	HEB.4.12-HEB.4.13	6
90:8	PSA.10.11	4
90:8	PSA.139.1-PSA.139.4	4
90:8	JER.9.13-JER.9.16	4
90:8	1JN.3.20	4
90:8	REV.20.12	4
90:8	JOB.34.21	3
90:8	PSA.50.21	3
90:8	PSA.80.16	3
90:8	PRO.5.21	3
90:8	EZK.8.12	3
90:8	LUK.12.1-LUK.12.2	3
90:8	ROM.2.16	3
90:8	1CO.4.5	3
90:9	PSA.78.33	8
90:9	PSA.39.5	4
90:9	PSA.90.4	2
90:10	JAS.4.14	18
90:10	PSA.78.39	13
90:10	2SA.19.35	12
90:10	GEN.47.9	9
90:10	DEU.34.7	9
90:10	1KI.1.1	8
90:10	JOB.14.10	7
90:10	JOB.24.24	7
90:10	ECC.12.2-ECC.12.7	5
90:10	ISA.38.12	5
90:10	LUK.12.20	1
90:11	LEV.26.24	3
90:11	ISA.33.14	3
90:11	NAM.1.6	3
90:11	LEV.26.18	2
90:11	LEV.26.21	2
90:11	DEU.28.59	2
90:11	DEU.29.20-DEU.29.29	2
90:11	2CO.5.11	2
90:11	REV.6.17	2
90:11	LEV.26.28	1
90:11	PSA.76.7	1
90:11	LUK.12.5	1
90:12	EPH.5.16-EPH.5.17	121
90:12	PSA.39.4	76
90:12	JHN.9.4	60
90:12	DEU.32.29	45
90:12	PRO.4.7	33
90:12	PRO.3.13-PRO.3.18	27
90:12	PRO.16.16	22
90:12	PRO.23.12	22
90:12	ECC.9.10	21
90:12	LUK.12.35-LUK.12.40	21
90:12	PRO.2.2-PRO.2.6	20
90:12	PRO.4.5	20
90:12	PRO.7.1-PRO.7.4	20
90:12	PRO.18.1-PRO.18.2	20
90:12	PRO.22.17	19
90:12	JOB.28.28	18
90:12	PRO.23.23	16
90:12	PRO.8.32-PRO.8.36	13
90:13	DEU.32.36	6
90:13	PSA.106.45	6
90:13	PSA.135.14	5
90:13	PSA.80.14	4
90:13	PSA.89.46	3
90:13	HOS.11.8	3
90:13	JOL.2.13-JOL.2.14	3
90:13	AMO.7.3	3
90:13	AMO.7.6	3
90:13	JON.3.9	3
90:13	EXO.32.12	2
90:13	EXO.32.14	2
90:13	PSA.6.3-PSA.6.4	2
90:13	PSA.74.10	2
90:13	JER.12.15	2
90:13	ZEC.1.16	2
90:14	PSA.23.6	16
90:14	PSA.85.6	14
90:14	PSA.31.7	13
90:14	PSA.86.4	13
90:14	PSA.103.3-PSA.103.5	12
90:14	PSA.149.2	10
90:14	PHP.4.4	10
90:14	PSA.36.7-PSA.36.8	7
90:14	PSA.65.4	7
90:14	PSA.63.3-PSA.63.5	6
90:14	ZEC.9.17	3
90:15	PSA.30.5	9
90:15	PSA.126.5-PSA.126.6	9
90:15	ISA.40.1-ISA.40.2	7
90:15	JHN.16.20	7
90:15	ISA.12.1	6
90:15	JER.31.12-JER.31.13	6
90:15	ISA.61.3	5
90:15	ISA.65.18-ISA.65.19	5
90:15	REV.7.14-REV.7.17	5
90:15	MAT.5.4	4
90:15	DEU.2.14-DEU.2.16	3
90:16	HAB.3.2	10
90:16	PSA.44.1	6
90:16	DEU.32.4	4
90:16	NUM.14.15-NUM.14.24	3
90:16	DEU.1.39	3
90:16	NUM.14.30-NUM.14.31	2
90:16	JOS.4.22-JOS.4.24	2
90:16	JOS.23.14	2
90:16	PSA.77.12	2
90:16	PSA.92.4	2
90:17	PRO.16.3	43
90:17	1CO.3.7	26
90:17	2TH.2.16-2TH.3.1	14
90:17	JOB.22.28	13
90:17	ISA.26.12	12
90:17	PSA.118.25	11
90:17	PSA.68.28	8
90:17	PSA.80.3	8
90:17	PSA.80.7	8
90:17	PSA.50.2	5
90:17	1JN.3.2	5
90:17	PSA.27.4	4
90:17	PSA.110.3	4
90:17	2CO.3.18	4
91:1	PSA.32.7	264
91:1	PSA.27.5	214
91:1	PSA.36.7	192
91:1	PSA.17.8	177
91:1	1JN.4.15-1JN.4.16	164
91:1	PSA.31.20	160
91:1	ISA.25.4	152
91:1	PSA.61.3-PSA.61.4	140
91:1	PSA.121.5	127
91:1	ISA.32.2	113
91:1	PSA.90.1	98
91:1	PSA.57.1	86
91:1	LAM.4.20	77
91:1	PSA.52.8	71
91:1	PSA.25.13	68
91:1	HOS.14.5-HOS.14.6	68
91:1	ISA.4.5-ISA.4.6	67
91:1	SNG.2.3	62
91:1	EZK.11.16	56
91:1	ISA.8.14	49
91:1	JDG.9.15	48
91:1	1CH.28.1-1CH.28.21	36
91:2	PSA.18.2	66
91:2	ISA.26.3-ISA.26.4	62
91:2	PRO.18.10	50
91:2	ISA.12.2	41
91:2	PSA.142.5	40
91:2	PSA.62.5-PSA.62.8	36
91:2	PSA.46.1	29
91:2	PSA.71.3	27
91:2	PSA.14.6	24
91:2	PSA.91.9	21
91:2	DEU.33.27-DEU.33.29	18
91:2	GEN.17.7	17
91:2	PSA.48.14	17
91:2	HEB.11.16	17
91:2	PSA.67.6-PSA.67.7	16
91:2	LUK.20.38	16
91:2	DEU.26.17-DEU.26.19	13
91:2	PSA.43.4	12
91:2	JER.31.1	12
91:2	DEU.32.30-DEU.32.31	8
91:3	PSA.124.7	38
91:3	PSA.141.9	37
91:3	JOB.5.10-JOB.5.22	17
91:3	PRO.7.23	14
91:3	PRO.6.5	13
91:3	ECC.9.12	12
91:3	2TI.2.26	12
91:3	NUM.16.46-NUM.16.48	11
91:3	2SA.24.15	11
91:3	PSA.91.6	11
91:3	1TI.6.9	11
91:3	NUM.14.37-NUM.14.38	10
91:3	HOS.9.8	10
91:3	AMO.3.5	10
91:3	1KI.8.37	9
91:4	PSA.61.4	38
91:4	PSA.57.1	36
91:4	PSA.17.8	33
91:4	DEU.32.11	31
91:4	ISA.43.1-ISA.43.2	29
91:4	MAT.23.37	26
91:4	PSA.35.2	25
91:4	GEN.15.1	24
91:4	RUT.2.12	22
91:4	HEB.6.17-HEB.6.18	19
91:4	TIT.1.2	15
91:4	PSA.138.2	9
91:4	MRK.13.31	9
91:4	PSA.89.23-PSA.89.24	8
91:5	ISA.43.2	27
91:5	JOB.5.19-JOB.5.27	24
91:5	PRO.3.23-PRO.3.25	22
91:5	PSA.3.5-PSA.3.6	18
91:5	HEB.13.6	16
91:5	PSA.112.7	15
91:5	PSA.27.1-PSA.27.3	9
91:5	PRO.28.1	8
91:5	ISA.21.4	7
91:5	JOB.4.13-JOB.4.15	6
91:5	JOB.24.14-JOB.24.16	6
91:5	PSA.46.2	6
91:5	SNG.3.8	5
91:5	MAT.8.26	5
91:5	LUK.12.20	5
91:5	LUK.12.39	5
91:5	2KI.7.6	4
91:5	LAM.3.12-LAM.3.13	4
91:5	JOB.6.4	3
91:6	PSA.121.5-PSA.121.6	14
91:6	NUM.16.48	12
91:6	MAT.24.6-MAT.24.7	9
91:6	EXO.12.29-EXO.12.30	8
91:6	2KI.19.35	6
91:6	1CO.10.3-1CO.10.10	5
91:6	2SA.24.15	4
91:7	EXO.12.12-EXO.12.13	17
91:7	GEN.7.23	15
91:7	PSA.32.6	13
91:7	NUM.14.37-NUM.14.38	12
91:7	JOS.14.10	9
91:8	PSA.37.34	19
91:8	PRO.3.25-PRO.3.26	18
91:8	PSA.92.11	13
91:8	MAL.1.5	12
91:8	PSA.58.10-PSA.58.11	11
91:8	ISA.3.11	10
91:8	HEB.2.2	7
91:9	PSA.71.3	30
91:9	PSA.90.1	20
91:9	PSA.91.1-PSA.91.2	20
91:9	PSA.142.4-PSA.142.5	17
91:9	PSA.146.5-PSA.146.6	11
91:10	PRO.12.21	45
91:10	PSA.121.7	40
91:10	DEU.7.15	37
91:10	ROM.8.25	29
91:10	JOB.5.24	27
91:11	LUK.4.10-LUK.4.11	74
91:11	PSA.34.7	66
91:11	HEB.1.14	42
91:11	PRO.3.6	33
91:11	MAT.4.6	26
91:11	PSA.71.3	18
91:11	ISA.31.1	15
91:11	2KI.6.16-2KI.6.17	12
91:12	PSA.37.24	13
91:12	PRO.3.23	12
91:12	LUK.4.11	10
91:12	ISA.63.9	9
91:12	MAT.4.6	8
91:12	ISA.46.3	7
91:12	JOB.5.23	6
91:13	LUK.10.19	33
91:13	DAN.6.22	22
91:13	MRK.16.18	22
91:13	1SA.17.37	19
91:13	JDG.14.5-JDG.14.6	18
91:13	ROM.16.20	18
91:13	ACT.28.3-ACT.28.6	16
91:13	2TI.4.17	16
91:13	REV.20.1-REV.20.2	15
91:13	ISA.27.1	14
91:13	JOB.5.23	13
91:13	PSA.58.4	13
91:13	REV.12.9	13
91:13	ROM.3.13	12
91:14	PSA.9.10	73
91:14	JHN.14.23	67
91:14	JAS.1.12	48
91:14	JHN.16.27	43
91:14	ROM.8.28	40
91:14	JAS.2.5	29
91:14	PHP.2.9-PHP.2.11	27
91:14	PSA.91.9	23
91:14	ISA.33.16	23
91:14	GAL.4.9	23
91:14	JHN.17.3	22
91:14	PSA.89.16-PSA.89.17	21
91:14	1CH.29.3	13
91:14	PSA.59.1	12
91:15	JER.33.3	39
91:15	ISA.65.24	32
91:15	PSA.50.15	31
91:15	PSA.138.7	27
91:15	JHN.12.26	24
91:15	1SA.2.30	22
91:15	PSA.10.17	22
91:15	ISA.41.10	18
91:15	ACT.18.9-ACT.18.10	17
91:15	2CO.1.9-2CO.1.10	17
91:15	PSA.18.3-PSA.18.4	16
91:15	PSA.23.4	14
91:15	HEB.5.7	14
91:15	JER.29.12-JER.29.13	13
91:15	ROM.10.12-ROM.10.13	13
91:15	1PE.1.21	13
91:15	ISA.43.1-ISA.43.2	12
91:15	MAT.28.20	12
91:15	PSA.37.40	11
91:15	JHN.16.32	11
91:15	2TI.4.17	11
91:15	1PE.5.4	11
91:15	1PE.3.22	10
91:15	ISA.58.9	8
91:15	REV.3.21	8
91:15	JOB.12.4	7
91:15	JHN.5.44	7
91:15	JHN.12.43	7
91:15	PSA.18.15	6
91:16	PRO.3.2	34
91:16	PRO.3.16	31
91:16	PSA.21.4	25
91:16	PSA.50.23	21
91:16	ISA.65.20-ISA.65.22	19
91:16	DEU.6.2	17
91:16	JOB.5.26	17
91:16	LUK.2.30	16
91:16	PRO.22.4	13
91:16	GEN.25.8	11
91:16	ISA.45.17	11
91:16	PSA.16.11	10
91:16	LUK.3.6	8
92:1	PSA.147.1	18
92:1	PSA.107.1	15
92:1	PSA.107.21-PSA.107.22	12
92:1	EPH.5.19	10
92:1	PSA.135.3	9
92:1	PSA.33.1	8
92:1	PSA.73.28	8
92:1	PSA.107.8	7
92:1	DAN.4.34-DAN.4.37	7
92:1	PSA.54.6	5
92:1	DAN.5.18	5
92:1	PSA.52.9	4
92:1	PSA.107.15	4
92:1	ISA.57.15	4
92:1	ISA.58.13-ISA.58.14	4
92:1	PSA.50.23	3
92:1	PSA.92.8	3
92:1	REV.4.8-REV.4.11	3
92:1	PSA.82.6	2
92:1	ACT.7.48-ACT.7.49	1
92:1	HEB.13.15	1
92:1	HEB.4.9	0
92:2	LAM.3.22-LAM.3.23	91
92:2	PSA.89.1-PSA.89.2	25
92:2	JHN.1.17	21
92:2	ISA.63.7	19
92:2	PSA.42.8	16
92:2	ACT.16.25	14
92:2	PSA.71.15	11
92:2	PSA.145.2	10
92:2	JOB.35.10	9
92:2	PSA.77.2	8
92:3	PSA.33.2	9
92:3	1CH.13.8	4
92:3	2CH.23.5	4
92:3	NEH.12.27	4
92:3	PSA.68.25	4
92:3	1SA.10.5	3
92:3	PSA.9.16	3
92:3	1CH.15.16	2
92:3	1CH.25.6	2
92:3	2CH.29.25	2
92:3	PSA.81.2-PSA.81.3	2
92:3	PSA.149.3	2
92:3	PSA.150.3-PSA.150.5	2
92:3	PSA.57.8	1
92:4	2CO.2.14	12
92:4	PSA.8.6	11
92:4	PSA.126.3	11
92:4	ISA.65.13-ISA.65.14	10
92:4	LUK.1.47	10
92:4	JHN.16.22	10
92:4	PSA.143.5	7
92:4	ZEP.3.14-ZEP.3.16	7
92:4	REV.18.20	7
92:4	JER.31.7	6
92:4	PSA.64.10	5
92:4	PSA.90.16	5
92:4	PSA.104.31	5
92:4	ISA.61.2-ISA.61.11	5
92:4	ISA.66.10-ISA.66.11	5
92:4	JER.31.11-JER.31.13	5
92:4	PSA.106.47-PSA.106.48	4
92:4	PSA.145.6-PSA.145.7	4
92:4	PSA.104.34	3
92:5	ROM.11.33-ROM.11.34	54
92:5	ISA.55.8-ISA.55.9	41
92:5	PSA.40.5	34
92:5	PSA.139.17	31
92:5	PSA.145.3-PSA.145.4	30
92:5	1CO.2.10	19
92:5	PSA.111.2	17
92:5	REV.15.3	16
92:5	PSA.104.24	12
92:5	ISA.28.29	12
92:5	PSA.66.3	11
92:5	JER.23.20	10
92:5	ECC.7.24	9
92:5	PSA.36.6	8
92:5	PSA.64.6	7
92:6	1CO.2.14	11
92:6	PSA.73.22	10
92:6	PSA.94.8	10
92:6	PSA.49.10	9
92:6	PRO.1.22	9
92:6	PSA.14.1	8
92:6	PRO.24.7	8
92:6	PRO.30.2	7
92:6	JER.10.14	7
92:6	LUK.12.20	7
92:6	PSA.32.9	6
92:6	ISA.1.3	6
92:6	PSA.75.4	3
92:7	PSA.37.38	15
92:7	PSA.73.18-PSA.73.20	14
92:7	PSA.37.1-PSA.37.2	12
92:7	PSA.37.35-PSA.37.36	12
92:7	JER.12.1-JER.12.2	12
92:7	1PE.1.24	12
92:7	MAL.4.1	11
92:7	JAS.1.10-JAS.1.11	11
92:7	PSA.73.12	10
92:7	MAL.3.15	10
92:7	JOB.12.6	9
92:7	JOB.21.7-JOB.21.12	8
92:7	PSA.94.4	7
92:7	LUK.16.19-LUK.16.25	7
92:7	ISA.37.27	6
92:7	PSA.90.5-PSA.90.6	5
92:7	PSA.103.15-PSA.103.16	5
92:7	PRO.1.32	5
92:7	ISA.40.6-ISA.40.7	5
92:7	1SA.25.36-1SA.25.38	4
92:8	PSA.83.18	6
92:8	EXO.18.11	3
92:8	ACT.12.1	3
92:8	ACT.12.22-ACT.12.24	3
92:8	PSA.56.2	2
92:8	PSA.93.4	2
92:8	PSA.102.26-PSA.102.27	2
92:8	ECC.5.8	2
92:8	DAN.4.34-DAN.4.35	2
92:9	PSA.37.20	7
92:9	PSA.89.10	4
92:9	PSA.21.8-PSA.21.9	3
92:9	PSA.68.1-PSA.68.2	3
92:9	MAT.7.23	3
92:9	2TH.1.7-2TH.1.9	3
92:9	LEV.26.33	2
92:9	NUM.10.35	2
92:9	DEU.28.64	2
92:9	JDG.5.31	2
92:9	PSA.1.4	2
92:9	PSA.59.11	2
92:9	PSA.68.30	2
92:9	PSA.73.27	2
92:9	ISA.17.13	2
92:9	EZK.5.12	2
92:9	LUK.19.27	2
92:9	LUK.21.24	2
92:10	PSA.23.5	33
92:10	PSA.89.17	26
92:10	PSA.45.7	23
92:10	2CO.1.21	22
92:10	PSA.75.10	20
92:10	1JN.2.20	19
92:10	1SA.2.10	17
92:10	NUM.24.8	15
92:10	PSA.89.24	15
92:10	PSA.112.9	15
92:10	1SA.2.1	14
92:10	NUM.23.22	13
92:10	PSA.132.17	13
92:10	PSA.148.14	12
92:10	LUK.1.69	11
92:11	PSA.54.7	10
92:11	PSA.91.8	10
92:11	PSA.59.10	8
92:11	PSA.112.8	8
92:11	PSA.37.34	7
92:12	PSA.1.3	35
92:12	JER.17.8	35
92:12	PSA.104.16	26
92:12	PSA.52.8	25
92:12	HOS.14.5-HOS.14.6	20
92:12	NUM.24.6	17
92:12	AMO.2.9	15
92:12	PSA.72.7	14
92:12	ISA.65.22	14
92:12	ISA.55.13	12
92:12	1KI.6.29	10
92:12	PSA.92.7	10
92:12	1KI.4.33	9
92:12	PSA.148.9	7
92:13	2PE.3.18	14
92:13	ISA.61.3	12
92:13	EPH.3.17	12
92:13	ISA.60.21	6
92:13	ROM.6.5	6
92:13	PSA.100.4	5
92:13	ROM.11.17	5
92:13	PSA.116.19	4
92:13	2CH.4.9	3
92:13	PSA.135.2	3
92:14	ISA.46.4	24
92:14	JER.17.8	22
92:14	PSA.71.18	21
92:14	JHN.15.2-JHN.15.5	10
92:14	PHP.1.11	10
92:14	JOB.17.9	9
92:14	PSA.1.3	9
92:14	MAT.3.10	7
92:14	PRO.4.18	6
92:14	EZK.47.12	4
92:14	1CH.29.1-1CH.29.30	3
92:14	GAL.5.22-GAL.5.23	3
92:14	JUD.1.12	2
92:15	PSA.18.2	10
92:15	ROM.9.14	7
92:15	DEU.32.4	6
92:15	JOB.34.10	6
92:15	PSA.62.6	6
92:15	PSA.145.17	5
92:15	ZEP.3.5	3
92:15	JHN.15.1-JHN.15.3	3
92:15	1CO.1.8-1CO.1.9	3
92:15	1TH.5.23-1TH.5.24	3
92:15	2TH.1.6-2TH.1.7	3
92:15	1PE.1.4-1PE.1.5	3
92:15	JHN.10.27-JHN.10.29	2
92:15	TIT.1.2	1
93:1	PSA.96.10	20
93:1	1CH.29.12	14
93:1	PSA.99.1	13
93:1	REV.19.6	13
93:1	PSA.103.19	11
93:1	PSA.65.6	9
93:1	PSA.18.32	8
93:1	PSA.59.13	8
93:1	PSA.97.1	8
93:1	PSA.104.1-PSA.104.2	8
93:1	ISA.45.12	8
93:1	ISA.45.18	8
93:1	DAN.4.32-DAN.4.34	8
93:1	JOB.40.10	7
93:1	PSA.145.13	7
93:1	ISA.11.5	7
93:1	ISA.49.8	7
93:1	ISA.59.17	7
93:1	HEB.1.8	7
93:1	MAT.6.13	6
93:1	REV.11.15-REV.11.17	6
93:1	ISA.52.7	5
93:1	ISA.63.1	5
93:1	HEB.1.2-HEB.1.3	5
93:1	PSA.75.3	4
93:1	ISA.51.9	4
93:1	ISA.51.16	3
93:2	PSA.45.6	13
93:2	PSA.90.2	9
93:2	PRO.8.22-PRO.8.23	7
93:2	HEB.13.8	7
93:2	REV.1.8	7
93:2	REV.2.8	5
93:2	REV.1.17-REV.1.18	4
93:2	PSA.102.24-PSA.102.27	3
93:2	PSA.145.13	3
93:2	DAN.4.34	3
93:2	MIC.5.2	3
93:2	HEB.1.10-HEB.1.12	3
93:2	REV.1.11	3
93:3	PSA.96.11	10
93:3	PSA.69.1-PSA.69.2	8
93:3	ISA.17.12-ISA.17.13	7
93:3	PSA.18.4	6
93:3	PSA.98.7-PSA.98.8	6
93:3	PSA.124.3-PSA.124.5	6
93:3	ISA.55.12	6
93:3	JER.46.7-JER.46.8	6
93:3	REV.17.15	5
93:3	PSA.2.1-PSA.2.3	4
93:3	PSA.69.14-PSA.69.16	4
93:3	PSA.107.25-PSA.107.26	4
93:3	JON.2.3	4
93:3	REV.12.15	4
93:3	ACT.4.25-ACT.4.27	2
93:4	PSA.65.7	6
93:4	JOB.38.11	5
93:4	PSA.89.9	5
93:4	PSA.114.3-PSA.114.5	4
93:4	JER.5.22	4
93:4	MRK.4.37-MRK.4.39	4
93:4	PSA.89.6	2
93:4	PSA.92.8	2
93:5	PSA.19.7-PSA.19.8	10
93:5	PSA.29.2	10
93:5	PSA.119.111	10
93:5	LEV.19.2	9
93:5	PSA.119.129	9
93:5	1CO.3.16-1CO.3.17	8
93:5	PSA.119.138	7
93:5	PSA.119.144	7
93:5	HEB.12.14	7
93:5	PSA.99.5	6
93:5	PSA.99.9	6
93:5	ISA.8.20	6
93:5	LEV.10.3	5
93:5	MAT.24.35	5
93:5	JHN.4.24	5
93:5	1JN.5.9-1JN.5.13	5
93:5	REV.21.27	5
93:5	PSA.5.4-PSA.5.7	4
93:5	ISA.52.11	4
93:5	HEB.6.17-HEB.6.18	4
93:5	ZEC.14.20-ZEC.14.21	2
94:1	ISA.35.4	11
94:1	NAM.1.2	9
94:1	DEU.32.35	7
94:1	HEB.10.30	7
94:1	DEU.32.41-DEU.32.42	6
94:1	ROM.12.19	6
94:1	2TH.1.8	6
94:1	ISA.59.17	5
94:1	JER.50.28	5
94:1	PSA.80.1	3
94:1	PSA.50.2	2
94:2	PSA.7.6	7
94:2	PSA.31.23	5
94:2	2CO.5.10	5
94:2	GEN.18.25	4
94:2	MIC.5.9	4
94:2	JHN.5.22-JHN.5.23	4
94:2	ISA.2.11-ISA.2.12	3
94:2	ISA.2.17	3
94:2	1PE.5.5	3
94:2	JOB.40.11-JOB.40.12	2
94:2	PSA.50.6	2
94:2	PSA.68.1	2
94:2	PSA.74.22	2
94:2	ISA.10.12	2
94:2	ISA.37.23	2
94:2	ISA.37.29	2
94:2	ISA.37.36-ISA.37.38	2
94:2	JER.50.31-JER.50.32	2
94:2	DAN.4.37	2
94:2	DAN.5.22-DAN.5.24	2
94:2	REV.18.6-REV.18.8	2
94:3	REV.6.10	9
94:3	JOB.20.5	7
94:3	JER.12.1-JER.12.2	7
94:3	PSA.43.2	4
94:3	PSA.73.8	4
94:3	PSA.80.4	4
94:3	EST.7.10	3
94:3	PSA.74.9-PSA.74.10	3
94:3	PSA.79.5	3
94:3	PSA.89.46	3
94:3	ACT.12.22-ACT.12.23	3
94:3	EST.5.11-EST.5.12	2
94:3	EST.6.6-EST.6.10	2
94:3	EST.7.6	2
94:3	JER.47.6	2
94:4	PSA.31.18	5
94:4	PSA.52.1	4
94:4	EXO.15.9-EXO.15.10	3
94:4	JOB.21.14-JOB.21.15	3
94:4	PSA.140.3	3
94:4	DAN.7.25	3
94:4	JUD.1.14-JUD.1.15	3
94:4	REV.13.5-REV.13.6	3
94:4	PSA.10.2-PSA.10.7	2
94:4	PSA.59.7	2
94:4	PSA.59.12	2
94:4	PSA.64.3-PSA.64.4	2
94:4	PSA.73.8-PSA.73.9	2
94:4	PRO.30.14	2
94:4	ISA.10.13-ISA.10.15	2
94:4	ISA.37.24-ISA.37.25	2
94:4	JER.18.18	2
94:4	DAN.7.8	2
94:4	DAN.7.11	2
94:4	DAN.8.11	2
94:4	DAN.11.36-DAN.11.37	2
94:4	MAT.12.24	2
94:4	MAT.12.34	2
94:5	ISA.3.15	5
94:5	PSA.79.2-PSA.79.3	3
94:5	EXO.2.23-EXO.2.24	2
94:5	PSA.7.2	2
94:5	PSA.14.4	2
94:5	PSA.44.22	2
94:5	PSA.74.8	2
94:5	PSA.74.19-PSA.74.20	2
94:5	PSA.79.7	2
94:5	PSA.129.2-PSA.129.3	2
94:5	ISA.52.5	2
94:5	JER.22.17	2
94:5	JER.50.11	2
94:5	JER.51.20-JER.51.23	2
94:5	JER.51.34	2
94:5	MIC.3.2-MIC.3.3	2
94:5	REV.11.3	2
94:5	REV.17.6	2
94:6	ISA.10.2	8
94:6	EZK.22.7	6
94:6	JER.7.6	3
94:6	MAL.3.5	3
94:6	ISA.13.15-ISA.13.18	2
94:6	JER.22.3	2
94:7	LUK.18.3-LUK.18.4	6
94:7	PSA.10.11-PSA.10.13	5
94:7	ISA.29.15	4
94:7	JOB.22.12-JOB.22.13	3
94:7	EZK.8.12	3
94:7	ZEP.1.12	3
94:7	PSA.59.7	2
94:7	EZK.9.9	2
94:8	PSA.92.6	8
94:8	TIT.3.3	7
94:8	PSA.49.10	6
94:8	DEU.32.29	4
94:8	PRO.12.1	4
94:8	ISA.27.11	4
94:8	ROM.3.11	4
94:8	PSA.73.22	3
94:8	PRO.8.5	3
94:8	JER.8.6-JER.8.8	3
94:8	JER.10.8	3
94:8	PRO.1.22	2
94:9	EXO.4.11	11
94:9	JER.23.23-JER.23.24	10
94:9	PRO.20.12	8
94:9	PSA.11.4	7
94:9	PSA.44.21	7
94:9	PSA.139.1-PSA.139.12	6
94:9	PSA.17.3	4
94:9	PRO.20.1	1
94:10	JOB.35.11	6
94:10	ISA.28.26	4
94:10	JER.10.25	4
94:10	PSA.44.2	3
94:10	PRO.2.6	3
94:10	ISA.2.3	3
94:10	JHN.6.45	3
94:10	PSA.9.5	2
94:10	PSA.10.16	2
94:10	PSA.25.8-PSA.25.9	2
94:10	PSA.119.66	2
94:10	PSA.135.8-PSA.135.12	2
94:10	ISA.10.5-ISA.10.6	2
94:10	ISA.10.12	2
94:10	ISA.37.36	2
94:10	ISA.54.13	2
94:10	EZK.39.21	2
94:10	AMO.3.2	2
94:10	HAB.1.12	2
94:10	HAB.3.12	2
94:10	PSA.149.7	1
94:11	1CO.3.20	11
94:11	1CO.1.19	9
94:11	JOB.11.11-JOB.11.12	6
94:11	ROM.1.21-ROM.1.22	6
94:11	1CO.1.21	6
94:11	1CO.1.25	6
94:11	PSA.49.10-PSA.49.13	5
94:12	PRO.3.11-PRO.3.12	20
94:12	JOB.5.17	17
94:12	1CO.11.32	15
94:12	HEB.12.5-HEB.12.11	15
94:12	REV.3.19	12
94:12	PSA.119.71	11
94:12	PSA.119.67	10
94:12	DEU.8.5	9
94:12	JOB.33.16-JOB.33.25	8
94:12	MIC.6.9	5
94:13	PSA.55.23	10
94:13	2PE.2.9	9
94:13	PSA.9.15	6
94:13	ISA.26.20-ISA.26.21	5
94:13	HAB.3.16	5
94:13	2TH.1.7-2TH.1.8	5
94:13	REV.14.13	5
94:13	PSA.49.5	4
94:13	JER.18.22	4
94:13	2CO.4.17-2CO.4.18	4
94:13	2PE.3.3-2PE.3.7	4
94:13	REV.6.10-REV.6.11	4
94:13	REV.11.18	4
94:13	JOB.34.29	3
94:13	JER.18.20	3
94:13	HEB.4.9	3
94:14	1SA.12.22	17
94:14	ROM.11.1-ROM.11.2	13
94:14	PSA.37.28	12
94:14	DEU.32.9	8
94:14	JHN.10.27-JHN.10.31	8
94:14	ROM.8.30	8
94:14	EPH.1.18	7
94:14	HEB.13.5	7
94:14	ISA.49.14-ISA.49.15	6
94:14	JER.32.39-JER.32.40	6
94:14	ROM.8.38-ROM.8.39	6
94:14	PSA.34.12	4
94:14	JER.10.16	3
94:14	PSA.94.5	1
94:15	MIC.7.9	6
94:15	PSA.37.34	5
94:15	PSA.97.2	5
94:15	PSA.125.3-PSA.125.5	4
94:15	MAL.3.18	4
94:15	DEU.32.35-DEU.32.36	3
94:15	JOB.23.11-JOB.23.12	3
94:15	JOB.35.14	3
94:15	PSA.7.8-PSA.7.9	3
94:15	PSA.9.16	3
94:15	PSA.58.11	3
94:15	PSA.94.2-PSA.94.3	3
94:15	ISA.42.3	3
94:15	JAS.5.7-JAS.5.11	3
94:15	2PE.3.8-2PE.3.10	3
94:15	1JN.2.19	3
94:15	REV.15.3-REV.15.4	3
94:15	JOB.17.9	1
94:15	PSA.37.5-PSA.37.7	1
94:16	JDG.5.23	4
94:16	JHN.7.50-JHN.7.51	4
94:16	3JN.1.8	4
94:16	NUM.25.6-NUM.25.13	3
94:16	PSA.59.2	3
94:16	ISA.63.5	3
94:16	JER.5.1	3
94:16	EXO.32.26-EXO.32.29	2
94:16	NUM.10.35	2
94:16	1KI.18.39-1KI.18.40	2
94:16	2KI.9.32	2
94:16	2KI.10.15	2
94:16	NEH.5.7	2
94:16	PSA.17.13	2
94:16	ISA.59.16	2
94:16	JER.26.16-JER.26.19	2
94:16	EZK.22.30	2
94:16	MAT.12.30	2
94:17	PSA.124.1-PSA.124.2	6
94:17	PSA.31.17	5
94:17	PSA.118.13	4
94:17	2TI.4.16-2TI.4.17	4
94:17	PSA.13.3	3
94:17	PSA.115.17	3
94:17	PSA.125.1	2
94:17	PSA.142.4-PSA.142.5	2
94:17	JHN.16.32	2
94:17	2CO.1.8-2CO.1.10	2
94:18	PSA.121.3	21
94:18	ISA.41.10	20
94:18	PSA.119.116-PSA.119.117	17
94:18	PSA.37.23-PSA.37.24	13
94:18	PSA.38.16	11
94:18	1SA.2.9	8
94:18	PSA.17.5	8
94:18	LUK.22.32	8
94:18	PSA.73.2	7
94:18	1PE.1.5	6
94:19	PSA.61.2	42
94:19	2CO.1.4-2CO.1.5	34
94:19	PSA.77.2-PSA.77.10	23
94:19	ROM.5.2-ROM.5.5	20
94:19	PSA.63.5-PSA.63.6	17
94:19	HAB.3.16-HAB.3.18	17
94:19	1PE.1.7-1PE.1.8	14
94:19	PSA.43.2-PSA.43.5	13
94:19	PSA.73.12-PSA.73.16	7
94:19	JER.20.7-JER.20.11	7
94:20	PSA.58.2	9
94:20	ISA.10.1	9
94:20	ECC.3.16	6
94:20	JHN.11.57	6
94:20	REV.13.15-REV.13.17	6
94:20	EST.3.6-EST.3.12	5
94:20	PSA.50.16	5
94:20	DAN.3.4-DAN.3.7	5
94:20	DAN.6.7-DAN.6.9	5
94:20	AMO.6.3	5
94:20	MIC.6.16	5
94:20	ECC.5.8	4
94:20	ISA.1.11-ISA.1.20	4
94:20	JER.7.4-JER.7.11	4
94:20	JHN.9.22	4
94:20	1JN.1.5-1JN.1.6	4
94:20	1KI.12.32	3
94:20	2CH.6.14-2CH.6.16	3
94:20	PSA.52.1	3
94:20	JHN.18.28	3
94:20	PSA.82.1	2
94:20	1SA.22.12	0
94:21	PRO.17.15	6
94:21	MAT.27.1	6
94:21	EXO.23.7	5
94:21	PSA.59.3	5
94:21	REV.17.6	4
94:21	1KI.21.19	3
94:21	PSA.2.1-PSA.2.3	3
94:21	PSA.22.16	3
94:21	PRO.1.11	3
94:21	EZK.22.12	3
94:21	EZK.22.27	3
94:21	MAT.27.4	3
94:21	ACT.7.58-ACT.7.60	3
94:21	JAS.5.6	3
94:21	PSA.56.6	2
94:21	PSA.106.38	2
94:21	PRO.1.16	2
94:21	JER.26.15	2
94:21	EZK.22.6	2
94:21	MAT.23.32-MAT.23.36	2
94:21	ACT.4.5-ACT.4.7	2
94:21	ACT.4.27-ACT.4.28	2
94:21	ACT.7.52	2
94:22	PSA.18.2	15
94:22	PSA.27.1-PSA.27.3	12
94:22	PSA.59.9	9
94:22	PSA.59.16-PSA.59.17	9
94:22	PSA.62.6	8
94:22	PSA.62.2	7
94:22	ISA.33.16	7
94:22	PSA.9.9	6
94:22	PSA.94.10	3
94:23	PSA.7.16	10
94:23	PRO.14.32	8
94:23	PRO.2.22	7
94:23	PSA.55.23	6
94:23	PRO.5.22	6
94:23	1SA.26.10-1SA.26.11	5
94:23	EST.7.10	4
94:23	PSA.64.8	4
94:23	PSA.9.16-PSA.9.17	3
94:23	PSA.12.3	3
94:23	EZK.18.24	3
94:23	PRO.1.31	2
94:23	DAN.7.24	2
94:23	DAN.9.26	2
95:1	1CO.10.4	24
95:1	PSA.81.1	21
95:1	2SA.22.47	19
95:1	PSA.150.6	19
95:1	PSA.96.1-PSA.96.2	18
95:1	1CH.16.9	16
95:1	EXO.15.21	15
95:1	PSA.47.6-PSA.47.7	14
95:1	REV.15.3	14
95:1	PSA.34.3	13
95:1	PSA.100.1	13
95:1	COL.3.16	13
95:1	PSA.66.8	12
95:1	PSA.66.1-PSA.66.2	11
95:1	EPH.5.19	11
95:1	EXO.15.1	10
95:1	DEU.32.15	10
95:1	EZR.3.11-EZR.3.13	10
95:1	PSA.117.1	10
95:1	PSA.118.1	10
95:1	PSA.136.1-PSA.136.3	10
95:1	MAT.21.9	10
95:1	REV.5.9	10
95:1	ISA.12.4-ISA.12.6	9
95:1	JER.33.11	9
95:1	REV.19.6	9
95:1	PSA.89.26	8
95:1	PSA.98.4-PSA.98.8	8
95:1	PSA.101.1	8
95:1	PSA.107.8	8
95:1	PSA.107.15	8
95:1	PSA.107.21	8
95:1	PSA.148.11-PSA.148.13	7
95:1	REV.14.3	7
95:2	EPH.5.19	14
95:2	PSA.100.4	13
95:2	PSA.105.2	9
95:2	JER.31.12-JER.31.13	9
95:2	MIC.6.6	7
95:2	PSA.17.13	5
95:2	PSA.100.2	5
95:2	PSA.7.7	4
95:2	JAS.5.13	4
95:2	PSA.81.2	2
95:3	PSA.96.4	15
95:3	JER.10.6-JER.10.7	14
95:3	PSA.145.3	12
95:3	PSA.97.9	11
95:3	PSA.135.5	11
95:3	EXO.18.11	9
95:3	MAT.5.35	8
95:3	PSA.47.2	7
95:3	PSA.48.1-PSA.48.2	7
95:3	PSA.86.8-PSA.86.10	7
95:3	ISA.44.8	6
95:3	DAN.4.37	6
95:3	MAL.1.11	6
95:3	JER.10.10-JER.10.16	5
95:3	JER.46.18	5
95:3	MAL.1.14	5
95:3	JER.48.15	4
95:4	PSA.135.6	8
95:4	HAB.3.6	6
95:4	NAM.1.5	5
95:4	HAB.3.10	5
95:4	JOB.9.5	4
95:4	MIC.1.4	4
95:4	JOB.11.10	3
95:4	PSA.65.6	3
95:4	PSA.97.5	3
95:4	PSA.21.2	2
95:5	GEN.1.9-GEN.1.10	7
95:5	PRO.8.29	4
95:5	JOB.38.10-JOB.38.11	3
95:5	PSA.33.7	3
95:5	PSA.146.6	3
95:5	JER.5.22	3
95:5	JON.1.9	3
95:5	PRO.8.26	2
95:6	PHP.2.10	39
95:6	PSA.100.3	36
95:6	PSA.95.1	25
95:6	EPH.3.14	25
95:6	DAN.6.10	22
95:6	1CO.6.20	22
95:6	ISA.54.5	19
95:6	2CH.6.13	16
95:6	LUK.22.41	15
95:6	1PE.4.19	15
95:6	EZR.9.5	14
95:6	ISA.17.7	13
95:6	1KI.8.54	12
95:6	ACT.7.60	11
95:6	ACT.10.25-ACT.10.26	11
95:6	EXO.20.5	10
95:6	MRK.14.35	10
95:6	JHN.1.3	10
95:6	ACT.21.5	10
95:6	REV.22.8	10
95:6	PSA.72.9	9
95:6	REV.22.17	9
95:6	ECC.12.1	8
95:6	HOS.8.14	8
95:6	ACT.20.36	8
95:6	JOB.35.10	7
95:6	PSA.149.2	7
95:6	MAT.4.2	7
95:6	HOS.6.1	6
95:6	MAT.4.9	6
95:7	HEB.4.7	19
95:7	HEB.3.15	18
95:7	REV.3.20	15
95:7	HEB.3.7-HEB.3.11	11
95:7	PSA.48.14	10
95:7	JHN.10.14-JHN.10.16	10
95:7	1PE.2.25	8
95:7	PSA.74.1	7
95:7	EXO.15.2	6
95:7	PSA.23.1	6
95:7	PSA.79.13-PSA.80.1	6
95:7	EZK.34.30-EZK.34.31	6
95:7	ACT.20.28	6
95:7	PSA.100.3	5
95:7	ISA.40.10-ISA.40.11	5
95:7	PSA.115.3	4
95:7	MAT.3.2-MAT.3.3	4
95:7	MAT.17.5	4
95:7	HEB.3.13	4
95:7	HEB.11.16	4
95:7	EXO.20.2	3
95:7	JER.31.33	3
95:7	JHN.10.3-JHN.10.4	3
95:7	PSA.67.6	2
95:7	ISA.55.3	2
95:7	PRO.8.6	1
95:8	EXO.17.7	22
95:8	HEB.3.8-HEB.3.9	18
95:8	NUM.20.13	13
95:8	NUM.14.11	12
95:8	NUM.14.22	11
95:8	HEB.3.15-HEB.3.19	11
95:8	DEU.6.16	9
95:8	1SA.6.6	9
95:8	ROM.2.5	7
95:8	HEB.12.25	7
95:8	JUD.1.5	5
95:8	EXO.17.2	4
95:8	ACT.19.9	4
95:8	HEB.3.13	4
95:8	EXO.8.15	3
95:8	NUM.14.27	3
95:8	DEU.1.34-DEU.1.35	3
95:8	DAN.5.20	3
95:9	NUM.14.22	7
95:9	1CO.10.9	6
95:9	PSA.78.56	4
95:9	PSA.78.17-PSA.78.18	3
95:9	PSA.78.40-PSA.78.41	3
95:9	MAT.11.20-MAT.11.22	2
95:9	JHN.15.24	2
95:10	HEB.3.17	9
95:10	HEB.3.9-HEB.3.10	7
95:10	PRO.1.22-PRO.1.29	5
95:10	ISA.63.17	4
95:10	ACT.13.18	4
95:10	NUM.32.13	3
95:10	DEU.2.14-DEU.2.16	3
95:10	PRO.1.7	3
95:10	JER.9.6	3
95:10	ACT.7.36	3
95:10	GEN.6.6	2
95:10	NUM.14.33-NUM.14.34	2
95:10	DEU.1.3	2
95:10	ROM.1.28	2
95:10	EPH.4.30	2
95:10	JHN.3.19-JHN.3.21	1
95:11	HEB.4.3	20
95:11	NUM.14.23	13
95:11	HEB.3.11	12
95:11	HEB.4.5	12
95:11	HEB.3.18	10
95:11	JER.6.16	7
95:11	MAT.11.28-MAT.11.29	7
95:11	DEU.1.34-DEU.1.35	6
95:11	NUM.14.28-NUM.14.30	4
95:11	DEU.12.9	4
95:11	REV.14.13	4
95:11	GEN.2.2-GEN.2.3	1
96:1	1CH.16.23-1CH.16.33	16
96:1	PSA.98.1	12
96:1	PSA.33.3	11
96:1	PSA.149.1	11
96:1	REV.14.3	11
96:1	PSA.67.3-PSA.67.6	8
96:1	REV.5.9	8
96:1	ROM.15.11	7
96:1	PSA.68.32	6
96:2	MRK.16.15	9
96:2	PSA.71.15	6
96:2	PSA.40.10	4
96:2	PSA.103.1-PSA.103.2	4
96:2	PSA.145.1	4
96:2	PSA.72.17-PSA.72.18	3
96:2	ISA.40.9	3
96:2	1CH.29.20	2
96:2	PSA.103.20-PSA.104.1	2
96:2	PSA.145.10	2
96:2	ISA.52.7-ISA.52.8	2
96:2	ACT.13.26	2
96:2	ROM.10.14-ROM.10.18	2
96:2	EPH.1.3	2
96:2	REV.5.13	1
96:3	PSA.22.27	6
96:3	DAN.4.1-DAN.4.3	6
96:3	LUK.24.47	6
96:3	ISA.19.23-ISA.19.25	5
96:3	ISA.49.6	5
96:3	PSA.72.18-PSA.72.19	3
96:3	PSA.117.1-PSA.117.2	3
96:3	MIC.4.2	3
96:3	ZEC.9.10	3
96:3	MAT.28.19	3
96:3	DAN.6.26-DAN.6.27	2
96:3	REV.14.6-REV.14.7	2
96:4	PSA.145.3	13
96:4	JER.10.6-JER.10.7	13
96:4	PSA.18.3	12
96:4	REV.15.4	12
96:4	PSA.95.3	11
96:4	PSA.66.3	9
96:4	PSA.89.7	9
96:4	PSA.86.10	6
96:4	PSA.48.1	5
96:4	EXO.18.11	4
96:4	PSA.66.5	4
96:4	LUK.12.5	4
96:4	NEH.9.5	3
96:4	PSA.76.7	3
96:4	JER.5.22	3
96:4	1SA.4.8	2
96:5	PSA.115.15	9
96:5	ISA.42.5	7
96:5	1CO.8.4	4
96:5	PSA.135.18	3
96:5	JER.10.3-JER.10.5	3
96:5	JER.10.11-JER.10.12	3
96:5	JER.10.14-JER.10.15	3
96:5	GEN.1.1	2
96:5	PSA.115.3-PSA.115.8	2
96:5	PSA.135.15	2
96:5	ISA.44.8-ISA.44.28	2
96:5	ISA.46.1-ISA.46.2	2
96:5	ACT.19.26	2
96:6	PSA.63.2-PSA.63.3	11
96:6	1CH.16.27	7
96:6	PSA.93.1	7
96:6	PSA.104.1	7
96:6	HEB.1.3	7
96:6	PSA.29.1-PSA.29.2	6
96:6	2PE.1.16-2PE.1.17	6
96:6	PSA.27.4	5
96:6	PSA.8.1	4
96:6	PSA.19.1	4
96:6	PSA.29.9	4
96:6	PSA.50.2	4
96:7	REV.19.1	32
96:7	MAT.6.13	12
96:7	1CH.29.11-1CH.29.13	9
96:7	REV.5.9	9
96:7	PSA.22.27	8
96:7	REV.7.12	8
96:7	JUD.1.24-JUD.1.25	4
96:7	PSA.29.1-PSA.29.2	3
96:7	REV.5.13	3
96:7	PSA.67.3-PSA.67.4	2
96:7	PSA.68.32-PSA.68.34	2
96:7	LUK.2.14	2
96:7	ROM.15.9-ROM.15.10	2
96:7	1PE.5.11	2
96:7	REV.14.7	2
96:7	REV.19.6	2
96:7	PSA.66.1-PSA.66.2	1
96:8	PSA.100.4	26
96:8	ROM.12.1	8
96:8	EXO.34.5-EXO.34.9	7
96:8	HEB.13.15-HEB.13.16	4
96:8	PSA.45.12	3
96:8	PSA.72.10	3
96:8	PSA.108.3-PSA.108.5	3
96:8	MAL.1.11	3
96:8	PSA.111.9	2
96:8	PSA.148.13-PSA.148.14	2
96:8	ISA.60.6-ISA.60.7	2
96:8	ROM.15.16	2
96:8	PHP.2.17	2
96:8	PHP.4.18	2
96:8	HEB.13.13	2
96:8	1PE.2.5	2
96:8	REV.8.3-REV.8.4	2
96:8	REV.15.4	2
96:9	PSA.29.2	15
96:9	PSA.114.7	7
96:9	PSA.110.3	5
96:9	PSA.33.8	4
96:9	DAN.11.45	3
96:9	EZR.7.27	2
96:9	PSA.76.11	2
96:9	EZK.7.20	2
96:9	LUK.21.5-LUK.21.6	2
96:9	PSA.76.7	1
96:10	PSA.93.1	15
96:10	PSA.67.4	13
96:10	PSA.9.8	11
96:10	ACT.17.31	9
96:10	PSA.98.9-PSA.99.1	8
96:10	MAL.1.11	6
96:10	PSA.96.13-PSA.97.1	5
96:10	REV.11.15	5
96:10	REV.19.11	5
96:10	PSA.18.49	4
96:10	PSA.46.10	4
96:10	PSA.58.11	4
96:10	PSA.126.2	4
96:10	DAN.2.44	4
96:10	MAL.1.14	4
96:10	GAL.1.16	4
96:10	HEB.1.3	4
96:10	REV.19.6	4
96:10	PSA.59.13	3
96:10	ISA.11.3-ISA.11.5	3
96:10	ROM.2.5-ROM.2.6	3
96:10	COL.2.7	3
96:10	PSA.2.8-PSA.2.12	2
96:10	PSA.46.6	2
96:10	ISA.49.8	2
96:10	MAT.3.2	2
96:10	ROM.3.5-ROM.3.6	2
96:11	PSA.69.34	9
96:11	ISA.49.13	9
96:11	PSA.97.1	7
96:11	PSA.98.7-PSA.98.9	7
96:11	PSA.148.1-PSA.148.4	5
96:11	ISA.44.23	4
96:11	LUK.2.10	3
96:11	LUK.2.13-LUK.2.14	3
96:11	LUK.15.10	3
96:11	REV.12.12	3
96:11	REV.19.1-REV.19.7	3
96:12	ISA.55.12-ISA.55.13	11
96:12	ISA.35.1	8
96:12	ISA.42.10-ISA.42.11	7
96:12	ISA.44.23	7
96:12	PSA.65.12-PSA.65.13	6
96:13	REV.19.11	12
96:13	2TI.4.8	7
96:13	ISA.25.8-ISA.25.9	6
96:13	PSA.67.4	3
96:13	PSA.96.10	3
96:13	PSA.98.9	3
96:13	1TH.4.16-1TH.4.18	3
96:13	TIT.2.13	3
96:13	MAL.3.1-MAL.3.2	2
96:13	2TH.1.10	2
96:13	2PE.3.12-2PE.3.14	2
96:13	REV.11.18	2
96:13	REV.22.10	2
97:1	PSA.96.10-PSA.96.11	12
97:1	PSA.99.1	8
97:1	COL.1.13	7
97:1	PSA.93.1	6
97:1	PSA.98.4-PSA.98.6	6
97:1	REV.11.17	5
97:1	ISA.24.14-ISA.24.16	4
97:1	ISA.49.13	4
97:1	MRK.11.10	4
97:1	ISA.41.5	3
97:1	ISA.42.4	3
97:1	ISA.51.5	3
97:1	ISA.60.9	3
97:1	ISA.66.19	3
97:1	OBA.1.21	3
97:1	MAT.6.10	3
97:1	GEN.10.5	2
97:1	PSA.2.11	2
97:1	ISA.11.11	2
97:1	ISA.42.10-ISA.42.12	2
97:1	ZEP.2.11	2
97:1	ISA.49.1	1
97:1	MAT.3.3	1
97:1	MAT.6.13	1
97:1	LUK.2.10-LUK.2.11	1
97:2	PSA.89.14	13
97:2	EXO.19.9	10
97:2	PRO.16.12	7
97:2	HEB.1.8-HEB.1.9	6
97:2	GEN.18.25	5
97:2	PSA.99.4	5
97:2	NAM.1.3	5
97:2	EXO.24.16-EXO.24.18	4
97:2	DEU.4.11-DEU.4.12	4
97:2	1KI.8.10-1KI.8.12	4
97:2	PSA.18.11-PSA.18.12	4
97:2	PSA.45.6-PSA.45.7	4
97:2	EXO.20.21	3
97:2	PSA.77.19	2
97:2	ROM.11.33	2
97:3	PSA.50.3	12
97:3	HEB.12.29	10
97:3	PSA.18.8	9
97:3	MAL.4.1	9
97:3	2TH.1.8	8
97:3	DAN.7.10	6
97:3	PSA.21.8-PSA.21.9	5
97:3	DEU.32.22	4
97:3	NAM.1.5-NAM.1.6	4
97:3	2PE.3.10-2PE.3.12	3
97:3	DEU.4.11	2
97:3	DEU.5.4	2
97:3	DEU.5.23-DEU.5.24	2
97:3	HAB.3.5	1
97:3	REV.11.5	1
97:3	DEU.4.36	0
97:4	PSA.77.18	7
97:4	REV.11.19	7
97:4	EXO.19.16-EXO.19.18	5
97:4	JOB.9.6	4
97:4	PSA.104.32	4
97:4	JER.10.10	4
97:4	PSA.96.9	3
97:4	PSA.114.7	3
97:4	PSA.144.5-PSA.144.6	3
97:4	MAT.27.50-MAT.27.51	3
97:4	REV.19.11	3
97:4	MAT.28.2-MAT.28.3	1
97:5	NAM.1.5	16
97:5	MIC.1.3-MIC.1.4	14
97:5	ISA.24.19-ISA.24.20	11
97:5	ISA.64.1-ISA.64.2	10
97:5	HAB.3.6	9
97:5	PSA.47.2	8
97:5	PSA.46.6	7
97:5	JOS.3.11	3
97:5	JDG.5.4-JDG.5.5	3
97:5	PSA.83.18	3
97:5	MIC.4.13	2
97:5	1CO.1.2	2
97:5	ISA.54.5	1
97:5	ZEC.4.14	1
97:6	ISA.66.18	8
97:6	PSA.19.1	7
97:6	PSA.50.6	7
97:6	2SA.22.47	5
97:6	PSA.67.4	4
97:6	ISA.6.3	4
97:6	ISA.40.5	4
97:6	ISA.45.6	4
97:6	REV.19.2	4
97:6	HAB.2.14	3
97:6	MAT.6.9	3
97:6	NUM.14.21	2
97:6	PSA.36.5-PSA.36.6	2
97:6	PSA.89.2	2
97:6	PSA.89.5	2
97:6	PSA.98.3	2
97:6	ISA.1.2	2
97:6	ISA.60.2-ISA.60.3	2
97:7	JER.10.14	9
97:7	HEB.1.6	7
97:7	ISA.42.17	6
97:7	LEV.26.1	4
97:7	REV.5.11-REV.5.14	4
97:7	EXO.20.4	3
97:7	ISA.41.29	3
97:7	ISA.44.9-ISA.44.11	3
97:7	EXO.25.20	2
97:7	DEU.5.8	2
97:7	DEU.27.15	2
97:7	2CH.3.13	2
97:7	ISA.37.18-ISA.37.19	2
97:7	1PE.1.12	2
97:7	REV.14.8-REV.14.10	2
97:8	PSA.48.11	6
97:8	REV.18.20	5
97:8	ZEC.9.9	4
97:8	ISA.52.7-ISA.52.10	3
97:8	ISA.62.11	3
97:8	MAT.21.4-MAT.21.9	3
97:8	PSA.52.6	2
97:8	PSA.58.10	2
97:8	ISA.51.3	2
97:8	ZEP.3.14-ZEP.3.17	2
97:8	REV.19.1-REV.19.7	2
97:9	PSA.95.3	7
97:9	EXO.18.11	6
97:9	PSA.83.18	6
97:9	JER.10.10	5
97:9	PHP.2.9-PHP.2.11	5
97:9	PSA.135.5	4
97:9	PSA.96.4	3
97:9	EPH.1.21	3
97:9	PSA.115.3-PSA.115.8	2
97:9	JER.10.8	2
97:10	PRO.8.13	25
97:10	ROM.12.9	19
97:10	PSA.34.14	16
97:10	JER.15.21	16
97:10	PSA.145.20	15
97:10	DAN.3.28	14
97:10	AMO.5.15	14
97:10	PSA.31.23	13
97:10	2TH.3.2	13
97:10	PRO.2.8	11
97:10	1JN.5.18	10
97:10	PSA.37.39-PSA.37.40	9
97:10	DAN.6.27	9
97:10	1PE.1.5	9
97:10	PSA.91.14	8
97:10	PRO.3.7	8
97:10	PSA.125.3	7
97:10	ISA.45.17	7
97:10	JAS.1.12	7
97:10	JAS.2.5	7
97:10	PSA.37.27-PSA.37.28	6
97:10	DAN.6.22	6
97:10	2TH.2.8-2TH.2.12	6
97:10	1JN.4.19	6
97:10	REV.13.8	6
97:10	PSA.119.104	5
97:10	PSA.119.163	5
97:10	1CO.8.3	5
97:10	PSA.101.3	4
97:10	ROM.7.15	4
97:10	ROM.8.28-ROM.8.30	4
97:10	1PE.1.8	4
97:10	PSA.36.4	3
97:10	JHN.20.28-JHN.20.30	3
97:10	ROM.7.24	3
97:10	1JN.5.2-1JN.5.3	3
97:11	JHN.12.46	26
97:11	JAS.5.7-JAS.5.11	25
97:11	PRO.4.18	18
97:11	ISA.60.1-ISA.60.2	16
97:11	JOB.22.28	14
97:11	PSA.112.4	13
97:11	PSA.126.5-PSA.126.6	12
97:11	MIC.7.9	11
97:11	PSA.18.28	10
97:11	REV.21.23	10
97:11	EST.8.16	9
97:11	GAL.6.8	9
97:11	REV.22.5	7
97:11	ISA.62.1	5
97:12	PSA.30.4	14
97:12	PHP.4.4	12
97:12	PSA.32.11-PSA.33.1	11
97:12	HEB.12.10	6
97:12	PSA.60.6	5
97:12	HAB.3.17-HAB.3.18	5
97:12	ZEP.3.14-ZEP.3.17	5
97:12	HAB.1.12-HAB.1.13	3
98:1	EXO.15.6	17
98:1	ISA.52.10	16
98:1	REV.14.3	10
98:1	PSA.33.3	9
98:1	PSA.96.3	9
98:1	PSA.96.1	8
98:1	REV.5.9	6
98:1	COL.2.15	5
98:1	EXO.15.11	4
98:1	JHN.16.33	4
98:1	PSA.86.10	3
98:1	PSA.149.1	3
98:1	ISA.42.10	3
98:1	ISA.63.5	3
98:1	JER.31.22	3
98:1	LUK.1.49	3
98:1	LUK.2.10-LUK.2.14	3
98:1	ACT.2.11	3
98:1	REV.3.21	3
98:1	REV.15.3-REV.15.4	3
98:1	GEN.3.15	2
98:1	PSA.2.5-PSA.2.6	2
98:1	PSA.45.3-PSA.45.5	2
98:1	PSA.77.14	2
98:1	PSA.105.5	2
98:1	PSA.110.2-PSA.110.6	2
98:1	PSA.136.4	2
98:1	PSA.139.14	2
98:1	ISA.59.16	2
98:1	HEB.2.14-HEB.2.15	2
98:1	ISA.43.18-ISA.43.20	1
98:1	ACT.19.20	1
98:1	REV.17.14	1
98:1	REV.19.11-REV.19.21	1
98:1	REV.6.2	0
98:2	ISA.52.10	13
98:2	ISA.62.2	9
98:2	PSA.22.31	6
98:2	ROM.1.17	5
98:2	ROM.3.21-ROM.3.26	5
98:2	ISA.49.6	4
98:2	ISA.46.13	3
98:2	JER.23.6	3
98:2	ROM.10.18	3
98:2	PSA.24.5	2
98:2	MAT.28.19	2
98:2	MRK.16.15	2
98:2	LUK.2.30-LUK.2.32	2
98:2	LUK.3.6	2
98:2	JHN.16.8-JHN.16.10	2
98:2	ROM.9.30	2
98:2	ROM.10.3-ROM.10.4	2
98:2	PHP.3.9	2
98:2	2PE.1.1	2
98:2	ISA.45.21-ISA.45.25	1
98:2	2CO.5.21	1
98:2	TIT.2.13	1
98:3	PSA.22.27	6
98:3	ACT.13.47	6
98:3	DEU.4.31	5
98:3	LUK.1.72	4
98:3	ACT.28.28	4
98:3	PSA.98.2	3
98:3	ISA.45.22	3
98:3	ISA.52.10	3
98:3	MIC.7.20	3
98:3	LUK.3.6	3
98:3	PSA.67.7	2
98:3	PSA.106.45	2
98:3	ISA.49.6	2
98:3	LUK.1.54-LUK.1.55	2
98:3	LUK.2.30-LUK.2.31	2
98:3	ROM.10.12	2
98:3	ROM.15.8-ROM.15.9	2
98:3	REV.5.9	2
98:3	ROM.10.18	1
98:3	LEV.26.42	0
98:4	ISA.44.23	15
98:4	REV.19.6	12
98:4	PSA.66.1	10
98:4	PSA.95.1	10
98:4	PSA.100.1	10
98:4	ISA.12.6	10
98:4	JER.33.11	9
98:4	PSA.47.1-PSA.47.5	8
98:4	MAT.21.9	8
98:4	ZEP.3.14	7
98:4	REV.19.1	7
98:4	PSA.67.4	6
98:4	ISA.42.11	5
98:4	PSA.66.4	4
98:5	PSA.33.2	4
98:5	ISA.51.3	4
98:5	REV.5.8	4
98:5	REV.14.2-REV.14.3	4
98:5	1CH.25.1-1CH.25.6	3
98:5	2CH.29.25	3
98:5	PSA.92.3-PSA.92.4	3
98:5	1CH.15.16	2
98:6	2CH.15.14	4
98:6	PSA.81.2-PSA.81.4	4
98:6	REV.19.16	4
98:6	1CH.15.28	3
98:6	2CH.29.27	3
98:6	NUM.10.1-NUM.10.10	2
98:6	2CH.5.12-2CH.5.13	2
98:6	PSA.47.5-PSA.47.7	2
98:6	MAT.25.34	2
98:7	ISA.49.13	5
98:7	PSA.24.1	4
98:7	PSA.96.11-PSA.97.1	4
98:7	ISA.61.11	3
98:8	ISA.55.12	12
98:8	PSA.65.12-PSA.65.13	7
98:8	PSA.89.12	7
98:8	PSA.47.1	6
98:8	PSA.93.3	6
98:8	2KI.11.12	5
98:9	PSA.96.13	9
98:9	ACT.17.31	8
98:9	PSA.96.10	7
98:9	PSA.72.2	4
98:9	REV.1.7	4
98:9	PSA.67.4	3
98:9	ISA.5.16	3
98:9	ACT.24.25	2
98:9	ROM.2.5-ROM.2.6	2
99:1	EXO.25.22	8
99:1	PSA.97.1	8
99:1	PSA.80.1	6
99:1	PSA.93.1	6
99:1	PSA.97.4	6
99:1	REV.20.11	5
99:1	PSA.2.6	4
99:1	PSA.2.11-PSA.2.12	4
99:1	PSA.18.10	4
99:1	PSA.21.8-PSA.21.9	4
99:1	PSA.96.10	4
99:1	ISA.19.14	4
99:1	ISA.24.19-ISA.24.20	4
99:1	JER.4.24	4
99:1	JER.5.22	4
99:1	JER.49.21	4
99:1	JER.50.46	4
99:1	LUK.19.12	4
99:1	LUK.19.14	4
99:1	LUK.19.27	4
99:1	PHP.2.12	4
99:1	REV.6.14	4
99:1	REV.11.17	4
99:1	PSA.82.5	3
99:1	EZK.10.1-EZK.10.22	3
99:2	PSA.97.9	10
99:2	ISA.14.32	4
99:2	PSA.48.1-PSA.48.3	3
99:2	PSA.50.2	3
99:2	PSA.66.7	3
99:2	PSA.113.4	3
99:2	ISA.12.6	3
99:2	JAS.4.6-JAS.4.7	3
99:2	PSA.76.1-PSA.76.2	2
99:2	DAN.4.34-DAN.4.35	2
99:2	HEB.12.22-HEB.12.24	2
99:2	REV.14.1-REV.14.5	2
99:3	ISA.6.3	10
99:3	DEU.28.58	7
99:3	PSA.111.9	4
99:3	REV.15.3-REV.15.4	4
99:3	DEU.7.21	3
99:3	NEH.1.5	3
99:3	NEH.4.14	3
99:3	PSA.66.3	3
99:3	PSA.145.17	3
99:3	JHN.17.11	3
99:3	REV.4.8	3
99:3	JOS.24.19	2
99:3	1SA.2.2	2
99:3	PSA.76.1	2
99:3	NEH.9.32	1
99:3	PSA.76.12	1
99:3	JER.20.11	1
99:4	PSA.11.7	6
99:4	JER.23.5	6
99:4	JOB.36.5-JOB.36.7	5
99:4	PSA.45.6-PSA.45.7	4
99:4	DEU.10.18	3
99:4	DEU.32.3-DEU.32.4	3
99:4	ISA.11.3-ISA.11.5	3
99:4	REV.19.16	3
99:4	2SA.23.3-2SA.23.4	2
99:4	JOB.37.23	2
99:4	PSA.72.1-PSA.72.2	2
99:4	ISA.9.7	2
99:4	PSA.98.9	1
99:4	ISA.42.4	1
99:4	ISA.61.11	1
99:4	JUD.1.15	1
99:4	REV.19.11	1
99:5	PSA.132.7	11
99:5	ISA.66.1	8
99:5	EXO.15.2	6
99:5	PSA.34.3	6
99:5	PSA.108.5	6
99:5	ISA.12.4	5
99:5	ISA.25.1	5
99:5	1CH.28.2	4
99:5	PSA.99.3	4
99:5	PSA.99.9	4
99:5	LEV.19.2	3
99:5	PSA.21.13	3
99:5	PSA.107.32	3
99:5	PSA.118.28	3
99:5	HOS.11.7	1
99:6	JER.15.1	9
99:6	EXO.15.25	4
99:6	EXO.24.6-EXO.24.8	4
99:6	EXO.14.15	3
99:6	1SA.7.9-1SA.7.12	3
99:6	1SA.12.18-1SA.12.24	3
99:6	EXO.29.11-EXO.29.37	2
99:6	EXO.32.11-EXO.32.14	2
99:6	EXO.32.30	2
99:6	EXO.33.12-EXO.33.15	2
99:6	LEV.8.1-LEV.8.30	2
99:6	NUM.14.13-NUM.14.20	2
99:6	NUM.16.21-NUM.16.22	2
99:6	NUM.16.47-NUM.16.48	2
99:6	EXO.40.23-EXO.40.29	1
99:7	EXO.33.9	8
99:7	NUM.12.5	6
99:7	DEU.4.5	4
99:7	EXO.19.9	3
99:7	HEB.3.2	3
99:7	1JN.3.21-1JN.3.22	3
99:7	EXO.40.16	2
99:7	DEU.33.9	2
99:7	1SA.12.3-1SA.12.5	2
99:7	PSA.105.28	2
99:7	PRO.28.9	2
99:7	NUM.16.15	1
99:8	NUM.20.12	6
99:8	PSA.89.33	4
99:8	JER.46.28	3
99:8	ECC.7.29	2
99:8	NUM.14.20-NUM.14.34	1
99:8	NUM.20.24	1
99:8	DEU.9.19-DEU.9.20	1
99:8	EXO.32.2	0
99:8	EXO.32.34-EXO.32.35	0
99:8	NUM.11.33-NUM.11.34	0
99:8	DEU.3.26	0
99:8	ZEP.3.7	0
99:8	ROM.1.21	0
99:9	LUK.1.49	9
99:9	ISA.5.16	5
99:9	ISA.57.15	5
99:9	REV.4.8	5
99:9	1PE.1.15-1PE.1.16	4
99:9	1SA.2.2	3
99:9	PSA.2.6	3
99:9	PSA.99.5	3
99:9	ISA.6.3	3
99:9	PSA.48.1-PSA.48.2	2
99:9	PSA.87.1-PSA.87.3	2
99:9	PSA.99.3	2
99:9	HAB.1.12	2
99:9	REV.3.7	2
100:1	PSA.98.4	43
100:1	LUK.19.37	25
100:1	ZEP.3.14	20
100:1	PSA.32.11	19
100:1	PSA.95.1-PSA.95.2	19
100:1	ROM.15.10	15
100:1	ISA.42.10-ISA.42.12	13
100:1	PSA.66.1	11
100:1	PSA.117.1-PSA.117.2	11
100:1	DEU.32.43	8
100:1	PSA.47.1	8
100:1	PSA.47.5	8
100:1	PSA.66.4	8
100:1	PSA.67.4	8
100:1	PSA.145.1	8
100:1	ZEC.14.9	8
100:1	PSA.68.32	7
100:1	ISA.24.14-ISA.24.16	7
100:2	PHP.4.4	47
100:2	PSA.95.2	24
100:2	PSA.71.23	21
100:2	DEU.28.47	18
100:2	2CH.20.27-2CH.20.28	18
100:2	ACT.2.46-ACT.2.47	18
100:2	PSA.107.21-PSA.107.22	17
100:2	PSA.42.4	15
100:2	DEU.12.12	12
100:2	DEU.16.11	11
100:2	DEU.16.14	9
100:2	1KI.8.66	7
100:2	2CH.31.2	6
100:2	PSA.63.4-PSA.63.5	6
100:3	PSA.95.6-PSA.95.7	45
100:3	PSA.46.10	44
100:3	PSA.119.73	36
100:3	JHN.17.3	33
100:3	EPH.2.10	31
100:3	1JN.5.20	23
100:3	EZK.34.30-EZK.34.31	21
100:3	1PE.4.19	20
100:3	PSA.149.2	16
100:3	JHN.10.26-JHN.10.28	16
100:3	DEU.4.35	15
100:3	DEU.4.39	13
100:3	PSA.79.13	13
100:3	1PE.2.25	13
100:3	PSA.139.13-PSA.139.24	12
100:3	1CO.6.19-1CO.6.20	10
100:3	GAL.4.8-GAL.4.9	10
100:3	PSA.78.52	9
100:3	2CO.4.6	9
100:3	JOB.10.8-JOB.10.13	8
100:3	EZK.34.11	8
100:3	1PE.5.2-1PE.5.4	8
100:3	1SA.17.46-1SA.17.47	7
100:3	1KI.18.36-1KI.18.39	7
100:3	JER.10.10	7
100:3	ACT.17.23-ACT.17.24	7
100:3	DEU.7.9	6
100:3	2KI.19.19	6
100:3	PSA.74.1-PSA.74.2	6
100:3	ISA.40.9-ISA.40.11	6
100:3	ISA.63.11	6
100:3	ISA.63.19	6
100:3	ECC.12.1	5
100:3	ACT.20.28-ACT.20.29	5
100:3	1PE.2.9	5
100:3	PSA.12.4	4
100:3	PSA.95.3	4
100:3	JHN.10.14-JHN.10.16	4
100:3	JOB.10.3	2
100:4	COL.3.16-COL.3.17	70
100:4	HEB.13.15	48
100:4	1CH.29.13	33
100:4	PSA.103.1-PSA.103.2	32
100:4	PSA.116.17-PSA.116.19	30
100:4	PSA.66.13	23
100:4	PSA.145.1-PSA.145.2	23
100:4	PSA.96.2	22
100:4	ISA.35.10	21
100:4	PSA.103.20-PSA.103.22	16
100:4	1CH.29.20	13
100:4	PSA.65.1	13
100:5	PSA.106.1	37
100:5	PSA.86.5	34
100:5	PSA.107.1	32
100:5	1CH.16.34	31
100:5	PSA.36.5	28
100:5	PSA.136.1-PSA.136.26	27
100:5	JER.33.11	27
100:5	PSA.103.17	25
100:5	NAM.1.7	19
100:5	LUK.1.50	19
100:5	PSA.118.1-PSA.118.4	13
100:5	PSA.119.68	11
100:5	EXO.34.6-EXO.34.7	8
100:5	2CH.5.13	8
100:5	PSA.89.1-PSA.89.2	7
100:5	EZR.3.11	6
100:5	PSA.85.10	6
100:5	JER.33.20-JER.33.21	6
100:5	PSA.107.8	5
100:5	PSA.107.22	5
100:5	PSA.119.90-PSA.119.91	5
100:5	ROM.15.8-ROM.15.9	4
100:5	TIT.1.2	4
100:5	DEU.7.9	3
100:5	PSA.52.1	3
100:5	HEB.6.13-HEB.6.18	3
100:5	PSA.25.8	2
100:5	PSA.107.15	2
100:5	MIC.7.20	2
100:5	PSA.146.6	1
101:1	PSA.89.1	9
101:1	PSA.71.22-PSA.71.23	7
101:1	PSA.145.7	6
101:1	REV.19.1-REV.19.3	6
101:1	PSA.51.14	5
101:1	PSA.97.8	4
101:1	PSA.103.6-PSA.103.8	4
101:1	PSA.136.10-PSA.136.22	4
101:1	ROM.9.15-ROM.9.18	4
101:1	REV.15.3-REV.15.4	4
101:1	ROM.9.22-ROM.9.23	2
101:1	ROM.11.22	2
101:2	PSA.119.106	10
101:2	1KI.9.4	8
101:2	1TI.3.4-1TI.3.5	7
101:2	1KI.11.4	4
101:2	PSA.40.17	4
101:2	PSA.119.115	4
101:2	DEU.6.7	3
101:2	PSA.75.1-PSA.75.2	3
101:2	PSA.101.6	3
101:2	JER.23.5-JER.23.6	3
101:2	GEN.18.19	2
101:2	JOS.24.15	2
101:2	1SA.18.14-1SA.18.15	2
101:2	1SA.22.14	2
101:2	2CH.15.17	2
101:2	2CH.30.12	2
101:2	2CH.31.20-2CH.31.21	2
101:2	PSA.143.7-PSA.143.8	2
101:2	ISA.38.3	1
101:2	2SA.8.15	0
101:3	PSA.119.37	27
101:3	JOB.31.1	17
101:3	JAS.1.13-JAS.1.15	15
101:3	2SA.11.2-2SA.11.3	14
101:3	PRO.6.25	13
101:3	MAT.5.28	12
101:3	PSA.40.4	11
101:3	EXO.20.17	10
101:3	1SA.12.20-1SA.12.21	10
101:3	ROM.12.9	9
101:3	DEU.15.9	8
101:3	JOS.23.6	7
101:3	ECC.6.9	7
101:3	JER.22.17	7
101:3	GAL.4.9	7
101:3	EXO.32.8	6
101:3	PSA.26.4-PSA.26.5	6
101:3	PSA.78.41	6
101:3	HEB.10.39	6
101:3	2PE.2.21	6
101:3	PSA.14.3	5
101:3	PSA.119.113	5
101:3	ISA.30.11	5
101:3	ISA.33.15	5
101:3	1KI.21.2-1KI.21.29	4
101:3	PSA.39.1	4
101:3	PSA.78.57	4
101:3	PSA.97.10	4
101:3	PSA.125.5	4
101:3	HOS.7.6-HOS.7.7	4
101:3	MIC.2.2	4
101:3	ZEP.1.5-ZEP.1.6	4
101:3	DEU.13.17	3
101:3	1SA.15.11	3
101:3	PSA.18.20-PSA.18.23	3
101:3	PSA.36.3	3
101:3	PRO.23.31-PRO.23.35	3
101:3	1JN.2.19	0
101:4	PRO.11.20	7
101:4	PRO.8.13	4
101:4	2CO.6.14-2CO.6.16	4
101:4	PSA.119.115	3
101:4	PRO.9.6	3
101:4	PRO.22.24	3
101:4	MAT.7.23	3
101:4	2TI.2.19	3
101:4	PSA.6.8	2
101:4	PRO.2.12-PRO.2.15	2
101:4	PRO.3.32	2
101:4	2CO.11.33	1
101:5	PSA.15.3	7
101:5	PSA.18.27	7
101:5	LUK.18.14	5
101:5	1CO.5.11	5
101:5	PSA.50.20	4
101:5	PRO.6.16-PRO.6.19	4
101:5	PRO.20.19	4
101:5	PRO.30.13	4
101:5	OBA.1.3-OBA.1.4	4
101:5	TIT.2.3	4
101:5	DAN.4.37	3
101:5	1PE.5.5-1PE.5.6	3
101:5	EXO.20.16	2
101:5	EXO.23.1	2
101:5	LEV.19.16	2
101:5	1SA.2.3	2
101:5	JOB.40.11-JOB.40.12	2
101:5	PSA.138.6	2
101:5	PRO.10.18	2
101:5	PRO.25.23	2
101:5	ISA.2.11	2
101:5	EZK.22.9	2
101:5	PSA.10.2-PSA.10.4	1
101:5	1TI.3.11	1
101:6	PSA.119.63	15
101:6	LUK.12.43-LUK.12.44	15
101:6	REV.21.3	14
101:6	PSA.119.1-PSA.119.3	9
101:6	JHN.12.26	9
101:6	ROM.13.1-ROM.13.4	8
101:6	PRO.29.2	7
101:6	MAT.24.45	7
101:6	JHN.17.24	7
101:6	PHP.3.12-PHP.3.15	7
101:6	PSA.15.4	6
101:6	PSA.34.15	6
101:6	PRO.28.28	6
101:6	JHN.14.3	5
101:6	REV.3.20-REV.3.21	5
101:7	ACT.5.1-ACT.5.10	5
101:7	2SA.4.10-2SA.4.12	4
101:7	PRO.29.12	4
101:7	PSA.52.2	3
101:7	ACT.1.16-ACT.1.20	3
101:7	2KI.5.26-2KI.5.27	2
101:7	ACT.1.25	2
101:8	PSA.75.10	12
101:8	JER.21.12	11
101:8	PRO.16.12	10
101:8	PSA.48.8	8
101:8	PRO.20.26	8
101:8	REV.22.14-REV.22.15	8
101:8	PSA.46.4	7
101:8	PRO.20.8	7
101:8	PSA.48.2	6
101:8	HOS.9.3	6
101:8	MIC.3.9	6
101:8	REV.21.27	6
101:8	MIC.2.8-MIC.2.10	5
101:8	MIC.3.1-MIC.3.4	4
101:8	PSA.118.10-PSA.118.12	3
102:1	PSA.18.6	9
102:1	PSA.130.1-PSA.130.2	8
102:1	EXO.2.23	6
102:1	PSA.61.2	6
102:1	PSA.142.2-PSA.142.3	6
102:1	PSA.39.12	5
102:1	LUK.22.44	4
102:1	HEB.5.7	4
102:1	JDG.10.16	3
102:1	1SA.1.15-1SA.1.16	3
102:1	1SA.9.16	3
102:1	2CH.30.27	3
102:1	PSA.5.2	3
102:1	PSA.41.1-PSA.41.2	3
102:1	PSA.55.1-PSA.55.5	3
102:1	PSA.69.1-PSA.69.2	3
102:1	PSA.143.4	3
102:1	PSA.143.7	3
102:1	LAM.3.8	3
102:1	LAM.3.44	3
102:1	PSA.62.8	2
102:1	PSA.145.19	2
102:1	LAM.3.18-LAM.3.20	2
102:1	PSA.12.5	1
102:1	PSA.42.4	1
102:1	PSA.57.1-PSA.57.3	1
102:1	PSA.77.3	1
102:1	MRK.14.33-MRK.14.34	1
102:2	PSA.69.17	10
102:2	PSA.27.9	7
102:2	ISA.8.17	6
102:2	PSA.70.1	5
102:2	PSA.71.2	4
102:2	PSA.88.2-PSA.88.18	4
102:2	PSA.104.29	4
102:2	PSA.143.7	4
102:2	ACT.12.5-ACT.12.25	4
102:2	1CO.10.13	4
102:2	JOB.34.29	3
102:2	PSA.22.19	3
102:2	PSA.31.2	3
102:2	PSA.40.13	3
102:2	ISA.43.2	3
102:2	JOB.7.21	2
102:2	ISA.65.24	2
102:2	PSA.13.1	1
102:3	JAS.4.14	8
102:3	PSA.31.10	5
102:3	LAM.1.13	5
102:3	JOB.30.30	4
102:3	PSA.37.20	4
102:3	PSA.22.14-PSA.22.15	3
102:3	PSA.119.83	2
102:3	LAM.3.4	2
102:3	PSA.38.3	1
102:4	ISA.40.7	6
102:4	PSA.37.2	5
102:4	EZR.10.6	4
102:4	1SA.1.7-1SA.1.8	3
102:4	2SA.12.17	3
102:4	PSA.77.3	3
102:4	MAT.26.37-MAT.26.38	3
102:4	ACT.9.9	3
102:4	JOB.6.4	2
102:4	JOB.10.1	2
102:4	JOB.33.20	2
102:4	PSA.6.2-PSA.6.3	2
102:4	PSA.42.6	2
102:4	PSA.55.4-PSA.55.5	2
102:4	PSA.69.20	2
102:4	PSA.102.9	2
102:4	PSA.102.11	2
102:4	PSA.143.3-PSA.143.4	2
102:4	LAM.3.13	2
102:4	LAM.3.20	2
102:5	JOB.19.20	7
102:5	PRO.17.22	5
102:5	LAM.4.8	4
102:5	PSA.6.8	3
102:5	PSA.32.3-PSA.32.4	3
102:5	PSA.38.8-PSA.38.10	3
102:5	PSA.6.6	2
102:6	ISA.38.14	5
102:6	ZEP.2.14	5
102:6	REV.18.2	4
102:6	JOB.30.29-JOB.30.30	3
102:6	ISA.34.11-ISA.34.15	3
102:6	MIC.1.8	2
102:7	PSA.77.4	5
102:7	LAM.3.28-LAM.3.30	4
102:7	MRK.14.33-MRK.14.37	3
102:7	DEU.28.66-DEU.28.67	2
102:7	JOB.7.13-JOB.7.16	2
102:7	PSA.22.2	2
102:7	PSA.38.11	2
102:7	PSA.130.6	2
102:8	ACT.26.11	5
102:8	PSA.69.9-PSA.69.10	4
102:8	ISA.65.15	4
102:8	ACT.23.12-ACT.23.35	4
102:8	ROM.15.3	4
102:8	PSA.2.1	3
102:8	PSA.31.11-PSA.31.13	3
102:8	PSA.69.20	3
102:8	PSA.89.51	3
102:8	ACT.7.54	3
102:8	PSA.55.3	2
102:8	JER.29.22	2
102:8	LUK.6.11	2
102:9	PSA.42.3	6
102:9	JOB.3.24	3
102:9	PSA.80.5	3
102:9	ISA.44.20	3
102:9	PSA.69.21	2
102:9	LAM.3.15-LAM.3.16	2
102:9	LAM.3.48-LAM.3.49	2
102:9	MIC.1.10	2
102:9	MIC.7.17	2
102:10	PSA.38.3	5
102:10	2CO.4.9	4
102:10	PSA.90.7-PSA.90.9	3
102:10	PSA.147.6	3
102:10	LAM.1.18	3
102:10	LAM.3.39-LAM.3.42	3
102:10	ROM.3.19	3
102:10	1SA.2.7-1SA.2.8	2
102:10	2CH.25.8	2
102:10	PSA.30.6-PSA.30.7	2
102:10	PSA.38.18	2
102:10	PSA.39.11	2
102:10	PSA.73.18-PSA.73.20	2
102:10	LAM.5.16	2
102:10	DAN.9.8-DAN.9.14	2
102:11	JOB.14.2	6
102:11	PSA.109.23	5
102:11	PSA.144.4	4
102:11	1PE.1.24	4
102:11	ISA.40.6-ISA.40.8	3
102:11	JAS.1.10	3
102:11	JAS.4.14	3
102:11	PSA.39.5-PSA.39.6	2
102:11	PSA.102.3-PSA.102.4	2
102:11	ECC.6.12	2
102:12	EXO.3.15	9
102:12	PSA.135.13	9
102:12	LAM.5.19	9
102:12	HEB.13.8	8
102:12	PSA.9.7	6
102:12	REV.1.17-REV.1.18	6
102:12	ISA.44.6	5
102:12	ISA.60.15	4
102:12	PSA.90.1-PSA.90.2	3
102:12	PSA.102.24-PSA.102.27	3
102:12	DEU.33.27	0
102:13	GAL.4.4	25
102:13	PSA.44.26	22
102:13	ISA.40.2	22
102:13	ISA.60.1	22
102:13	ZEC.2.10-ZEC.2.12	16
102:13	PSA.69.35-PSA.69.36	15
102:13	ISA.60.10-ISA.60.14	14
102:13	2PE.3.8	14
102:13	ACT.1.7	13
102:13	REV.11.15-REV.11.18	13
102:13	EZR.1.1-EZR.1.11	12
102:13	JER.31.10-JER.31.12	12
102:13	DAN.9.2-DAN.9.27	12
102:13	PSA.7.6	11
102:13	JER.31.23	11
102:13	DAN.12.12-DAN.12.13	11
102:13	2PE.3.12	11
102:13	PSA.51.18	10
102:13	PSA.75.2	10
102:13	DAN.12.9	10
102:13	ZEC.1.12-ZEC.1.13	10
102:13	ISA.14.32	9
102:14	NEH.4.2	5
102:14	EZR.1.5	3
102:14	EZR.3.1-EZR.3.3	2
102:14	EZR.7.27	2
102:14	NEH.1.3	2
102:14	NEH.2.3	2
102:14	NEH.2.17	2
102:14	NEH.4.6	2
102:14	NEH.4.10	2
102:14	PSA.79.1	2
102:14	PSA.79.7-PSA.79.10	2
102:14	PSA.137.5-PSA.137.6	2
102:14	DAN.9.16	1
102:15	1KI.8.43	10
102:15	PSA.138.4	7
102:15	ISA.60.3-ISA.60.22	6
102:15	ZEC.8.20-ZEC.8.23	4
102:15	PSA.86.9	3
102:15	REV.11.15	3
102:15	PSA.67.2-PSA.67.4	2
102:15	PSA.68.31-PSA.68.32	2
102:15	PSA.72.11	2
102:15	ISA.55.5	1
102:15	REV.21.24	1
102:16	ISA.60.1-ISA.60.2	6
102:16	JER.33.7	6
102:16	PSA.147.2	4
102:16	ISA.2.2-ISA.2.3	3
102:16	ISA.66.18	3
102:16	JER.31.4	3
102:16	ZEC.2.6-ZEC.2.13	3
102:16	PSA.51.18	2
102:16	PSA.69.35	2
102:16	PSA.97.6	2
102:16	ISA.14.26	2
102:16	ISA.60.7	2
102:16	ISA.61.3	2
102:16	MIC.2.9	2
102:17	NEH.1.6	13
102:17	PSA.22.24	9
102:17	DEU.4.29	8
102:17	PSA.9.18	8
102:17	PSA.72.12	8
102:17	JER.29.11-JER.29.14	8
102:17	DEU.32.36	7
102:17	NEH.1.11-NEH.2.8	6
102:17	DAN.9.3-DAN.9.21	6
102:17	PSA.69.23	5
102:18	PSA.22.30-PSA.22.31	13
102:18	ROM.15.4	13
102:18	ISA.43.21	9
102:18	PSA.78.4-PSA.78.6	8
102:18	1PE.2.9-1PE.2.10	6
102:18	EPH.2.10	5
102:18	2PE.1.15	5
102:18	DEU.31.19-DEU.31.30	4
102:18	1CO.10.11	4
102:18	2CO.5.17-2CO.5.18	4
102:18	JOB.19.23-JOB.19.24	3
102:18	PSA.45.16-PSA.45.17	3
102:18	PSA.48.13	3
102:18	PSA.71.18	3
102:18	ISA.43.7	3
102:18	ISA.65.17-ISA.65.19	3
102:18	DAN.9.2	3
102:18	JHN.20.31	3
102:18	2TI.3.16-2TI.3.17	3
102:18	EXO.17.14	2
102:19	DEU.26.15	10
102:19	PSA.14.2	6
102:19	1KI.8.39	3
102:19	1KI.8.43	3
102:19	2CH.16.9	3
102:19	JOB.22.12	3
102:19	PSA.33.13-PSA.33.14	3
102:19	HEB.8.1-HEB.8.2	3
102:19	HEB.9.23-HEB.9.24	3
102:20	PSA.79.11	12
102:20	PSA.146.7	10
102:20	ISA.61.1-ISA.61.3	9
102:20	EXO.3.7	8
102:20	2KI.13.22-2KI.13.23	6
102:20	2CH.33.11-2CH.33.13	6
102:20	ISA.14.17	6
102:20	ZEC.9.9-ZEC.9.12	6
102:20	EPH.2.2-EPH.2.3	6
102:20	EXO.2.23-EXO.2.25	5
102:20	2KI.13.4	5
102:20	ACT.12.6-ACT.12.11	5
102:20	JER.51.32-JER.51.35	4
102:20	JOB.24.12	3
102:21	PSA.22.22	5
102:21	ISA.51.11	3
102:21	PSA.9.13-PSA.9.14	2
102:21	PSA.51.14-PSA.51.15	2
102:21	PSA.79.13	2
102:21	EPH.3.21	2
102:21	1PE.2.9	2
102:21	EPH.2.4-EPH.2.7	1
102:22	ZEC.8.20-ZEC.8.23	5
102:22	ISA.49.22-ISA.49.23	4
102:22	ISA.60.3-ISA.60.22	4
102:22	MAT.24.14	4
102:22	PSA.22.27	3
102:22	PSA.72.8-PSA.72.11	3
102:22	ROM.15.19	3
102:22	GEN.49.10	2
102:22	HOS.1.9-HOS.1.11	2
102:23	JOB.21.21	2
102:23	PSA.89.38-PSA.89.47	2
102:23	2TH.2.3-2TH.2.12	2
102:23	1TI.4.1-1TI.4.3	2
102:23	2TI.3.1-2TI.3.17	2
102:23	REV.11.2-REV.11.19	2
102:23	REV.12.13-REV.12.17	0
102:24	PSA.39.13	5
102:24	HAB.1.12	5
102:24	PSA.102.12	3
102:24	ISA.38.10-ISA.38.22	3
102:24	REV.1.8	3
102:24	JOB.36.26	2
102:24	PSA.9.7	2
102:24	PSA.90.1-PSA.90.2	2
102:24	REV.1.4	2
102:25	GEN.1.1	27
102:25	EXO.20.11	22
102:25	JER.32.17	14
102:25	HEB.1.10-HEB.1.12	14
102:25	HEB.3.3-HEB.3.4	6
102:25	GEN.2.1	5
102:25	JOB.38.4-JOB.38.7	4
102:25	PSA.96.5	4
102:25	PRO.8.23-PRO.8.36	4
102:26	ISA.51.6	27
102:26	MAT.24.35	22
102:26	LUK.21.33	11
102:26	ISA.34.4	7
102:26	REV.20.11	5
102:26	ISA.66.22	4
102:26	PSA.102.12	3
102:26	ISA.65.17	3
102:26	ROM.8.20	3
102:26	REV.21.1	3
102:26	2PE.3.7-2PE.3.12	2
102:26	EXO.3.14	1
102:27	HEB.13.8	17
102:27	MAL.3.6	14
102:27	JAS.1.17	14
102:27	REV.1.8	9
102:27	JOB.36.26	6
102:27	PSA.90.4	6
102:27	REV.1.17-REV.1.18	6
102:27	JHN.8.58	5
102:28	PSA.69.35-PSA.69.36	5
102:28	PSA.45.16-PSA.45.17	4
102:28	PSA.89.4	3
102:28	PSA.90.16-PSA.90.17	3
102:28	ISA.66.22	3
102:28	PSA.22.30-PSA.22.31	2
102:28	ISA.53.10	2
102:28	ISA.59.20-ISA.59.21	2
102:28	ISA.65.22	2
103:1	PSA.146.1-PSA.146.2	33
103:1	PSA.57.7-PSA.57.11	29
103:1	JHN.4.24	27
103:1	PSA.111.1	26
103:1	1CO.14.15	26
103:1	PSA.103.22-PSA.104.1	22
103:1	COL.3.16	20
103:1	PSA.99.3	19
103:1	MRK.12.30-MRK.12.33	16
103:1	LUK.1.46-LUK.1.47	15
103:1	PSA.47.7	14
103:1	PSA.63.5	14
103:1	PHP.1.9	13
103:1	PSA.138.1	12
103:1	ISA.6.3	11
103:1	PSA.86.12-PSA.86.13	10
103:1	REV.4.8	10
103:2	ISA.63.7	40
103:2	PSA.116.12	39
103:2	PSA.105.5	26
103:2	LUK.17.15-LUK.17.18	22
103:2	DEU.6.12	16
103:2	DEU.32.18	13
103:2	DEU.32.6	12
103:2	2CH.32.25	11
103:2	PSA.106.21	11
103:2	DEU.8.10-DEU.8.14	10
103:2	DEU.8.2-DEU.8.4	9
103:2	PSA.106.7	9
103:2	JER.2.31-JER.2.32	7
103:2	EPH.2.11-EPH.2.13	7
103:2	ISA.63.1	5
103:3	EXO.15.26	81
103:3	ISA.53.5	72
103:3	JER.17.14	48
103:3	PSA.30.2	46
103:3	PSA.41.3-PSA.41.4	38
103:3	PSA.147.3	37
103:3	MRK.2.10-MRK.2.11	33
103:3	JAS.5.15	29
103:3	ISA.43.25	23
103:3	MRK.2.5	21
103:3	LUK.7.47-LUK.7.48	19
103:3	PSA.107.17-PSA.107.22	18
103:3	NUM.12.13	17
103:3	ISA.33.24	13
103:3	EPH.1.7	13
103:3	PSA.130.8	12
103:3	2SA.12.13	11
103:3	MAT.9.2-MAT.9.6	10
103:3	NUM.21.7-NUM.21.9	9
103:3	PSA.38.1-PSA.38.7	6
103:3	PSA.32.1-PSA.32.5	5
103:3	PSA.51.1-PSA.51.3	4
103:3	EXO.34.7	1
103:4	PSA.56.13	22
103:4	PSA.71.23	19
103:4	PSA.103.12	18
103:4	PSA.34.22	14
103:4	PSA.8.5	13
103:4	1PE.5.4	13
103:4	PSA.5.12	12
103:4	JAS.1.12	12
103:4	REV.5.9	10
103:4	PSA.21.3	8
103:4	GEN.48.16	7
103:4	JOB.33.19-JOB.33.30	6
103:4	PSA.65.11	3
103:5	ISA.40.31	58
103:5	PSA.107.9	45
103:5	1TI.6.17	24
103:5	2CO.4.16	23
103:5	PSA.63.5	22
103:5	PSA.104.28	20
103:5	PSA.23.5	14
103:5	PSA.65.4	13
103:5	HOS.2.15	8
103:5	PSA.115.15-PSA.115.16	3
103:6	PSA.12.5	17
103:6	PSA.9.9	15
103:6	PSA.146.7	11
103:6	PSA.72.12	10
103:6	PRO.14.31	10
103:6	DEU.24.14-DEU.24.15	8
103:6	PSA.109.31	8
103:6	PRO.22.22-PRO.22.23	8
103:6	MIC.2.1-MIC.2.3	7
103:6	JAS.2.6	7
103:6	MIC.3.2-MIC.3.4	4
103:6	JAS.5.1-JAS.5.6	4
103:6	JOB.27.13-JOB.27.23	3
103:6	PSA.10.14-PSA.10.18	3
103:6	PSA.72.4	3
103:6	JER.7.6-JER.7.15	3
103:6	EZK.22.7	2
103:6	EZK.22.12-EZK.22.14	2
103:6	ISA.14.4-ISA.14.32	1
103:6	ISA.58.6-ISA.58.7	1
103:6	PRO.23.10	0
103:7	EXO.33.13	17
103:7	PSA.147.19	12
103:7	PSA.78.11	9
103:7	NEH.9.14	7
103:7	DEU.34.10	6
103:7	PSA.77.20	6
103:7	PSA.99.7	5
103:7	JHN.5.45-JHN.5.47	5
103:7	EXO.19.8	3
103:7	EXO.19.20	3
103:7	EXO.20.21	3
103:7	EXO.24.2-EXO.24.4	3
103:7	PSA.78.5	3
103:7	ACT.7.35-ACT.7.60	3
103:7	NUM.12.7	2
103:7	PSA.105.26-PSA.105.45	2
103:7	PSA.106.22	2
103:7	ISA.63.11-ISA.63.12	2
103:8	PSA.86.15	43
103:8	JOL.2.13	35
103:8	EXO.34.6-EXO.34.7	34
103:8	PSA.145.8	29
103:8	NAM.1.3	27
103:8	PSA.86.5	25
103:8	NUM.14.18	21
103:8	JON.4.2	21
103:8	EPH.1.7-EPH.1.8	21
103:8	JAS.5.11	20
103:8	NEH.9.17	19
103:8	PSA.130.7	19
103:8	ISA.55.7	19
103:8	DEU.5.10	18
103:8	JER.32.18	13
103:8	ROM.5.20-ROM.5.21	12
103:9	ISA.57.16	16
103:9	PSA.30.5	13
103:9	JER.3.5	10
103:9	MIC.7.18-MIC.7.19	10
103:9	JER.3.12	6
103:10	EZR.9.13	25
103:10	NEH.9.31	19
103:10	LAM.3.22	19
103:10	PSA.130.3	18
103:10	JOB.11.6	14
103:10	DAN.9.18-DAN.9.19	14
103:10	HAB.3.2	10
103:11	PSA.57.10	17
103:11	LUK.1.50	13
103:11	PSA.36.5	12
103:11	PSA.103.17	12
103:11	EPH.2.4-EPH.2.7	12
103:11	PRO.25.3	9
103:11	ISA.55.9	8
103:11	PSA.89.2	7
103:11	EPH.3.18-EPH.3.19	6
103:11	JOB.22.12	4
103:12	ISA.43.25	61
103:12	1JN.1.7	43
103:12	MIC.7.18	39
103:12	ISA.38.17	36
103:12	JER.31.34	26
103:12	HEB.10.2	18
103:12	2SA.12.13	17
103:12	JER.50.20	9
103:12	ISA.45.6	3
103:12	PSA.113.3	1
103:13	LUK.11.11-LUK.11.12	33
103:13	HEB.12.5-HEB.12.11	29
103:13	LUK.15.21-LUK.15.22	27
103:13	PSA.103.17	26
103:13	JER.31.20	25
103:13	PRO.3.12	24
103:13	JER.31.9	19
103:13	MAL.4.2	13
103:13	PSA.147.11	12
103:13	MAL.3.16-MAL.3.17	12
103:13	MAT.6.32	11
103:13	PSA.103.11	9
103:13	ISA.63.15-ISA.63.16	9
103:13	DEU.3.5	7
103:13	MAT.6.9	5
103:13	JHN.20.17	5
103:13	ACT.13.26	5
103:13	NUM.11.12	3
103:14	ECC.12.7	12
103:14	JOB.10.9	11
103:14	PSA.78.38-PSA.78.39	11
103:14	PSA.89.47	10
103:14	GEN.3.19	9
103:14	JOB.7.5-JOB.7.7	6
103:14	JOB.7.21	6
103:14	JOB.13.25	5
103:14	ISA.29.16	4
103:15	1PE.1.24	16
103:15	JAS.1.10-JAS.1.11	12
103:15	ISA.51.12	9
103:15	ISA.28.1	8
103:15	ISA.40.6-ISA.40.8	8
103:15	JOB.14.1-JOB.14.3	7
103:15	PSA.90.5-PSA.90.6	6
103:15	ISA.28.4	6
103:15	NAM.1.4	6
103:16	ISA.40.7	12
103:16	JOB.20.9	6
103:16	JOB.14.10	5
103:16	GEN.5.24	3
103:16	JOB.7.6-JOB.7.10	3
103:16	JOB.8.18-JOB.8.19	1
103:16	JOB.27.20-JOB.27.21	1
103:17	PSA.100.5	17
103:17	EPH.2.4-EPH.2.7	11
103:17	2TI.1.9	11
103:17	EXO.20.6	9
103:17	ROM.1.17	6
103:17	ISA.51.6	5
103:17	ROM.8.28-ROM.8.30	4
103:17	EPH.1.4-EPH.1.8	4
103:17	2TH.2.13-2TH.2.14	4
103:17	PSA.25.6	3
103:17	PSA.118.1	3
103:17	JER.31.3	3
103:17	JER.33.24-JER.33.26	3
103:17	MIC.6.5	3
103:17	ACT.13.32-ACT.13.34	3
103:17	ROM.3.21-ROM.3.25	3
103:17	ROM.15.8	3
103:17	2PE.1.1	3
103:17	DEU.10.15	2
103:17	PSA.22.31	2
103:17	PSA.90.16	2
103:17	PSA.136.1-PSA.136.26	2
103:17	ISA.41.8	2
103:17	ISA.46.13	2
103:17	PSA.89.1-PSA.89.2	1
103:17	DAN.9.24	1
103:18	DEU.7.9	8
103:18	PSA.132.12	6
103:18	MAT.28.20	6
103:18	LUK.1.6	6
103:18	EXO.24.8	5
103:18	PSA.25.10	5
103:18	PRO.3.1	5
103:18	EXO.19.5	4
103:18	DEU.6.6-DEU.6.9	4
103:18	PSA.119.9-PSA.119.11	4
103:18	ACT.24.16	4
103:18	GEN.17.9-GEN.17.10	3
103:18	DEU.4.23	3
103:18	2CH.34.31	3
103:18	HEB.8.6-HEB.8.13	3
103:18	1TH.4.1	1
103:19	PSA.47.2	21
103:19	PHP.2.9-PHP.2.10	18
103:19	PSA.9.7	16
103:19	PSA.11.4	13
103:19	1PE.3.22	13
103:19	DAN.4.34-DAN.4.35	12
103:19	PSA.115.3	10
103:19	ISA.66.1	10
103:19	HEB.8.1	10
103:19	PSA.2.4	7
103:19	DAN.4.25	7
103:19	EPH.1.21-EPH.1.22	6
103:19	DAN.4.17	5
103:20	HEB.1.14	25
103:20	PSA.148.2	17
103:20	LUK.1.19	15
103:20	MAT.26.53	10
103:20	2KI.19.35	8
103:20	LUK.2.13-LUK.2.14	8
103:20	PSA.78.25	7
103:20	PSA.29.1	6
103:20	JOL.2.11	6
103:20	MAT.6.10	6
103:20	ISA.6.2	5
103:20	REV.19.5-REV.19.6	5
103:21	1KI.22.19	9
103:21	NEH.9.6	8
103:21	LUK.2.13	6
103:21	PSA.104.4	5
103:21	JOS.5.14	4
103:21	HEB.1.14	4
103:21	REV.22.8-REV.22.9	4
103:21	GEN.32.2	3
103:21	2CH.18.18	2
103:21	PSA.33.6	2
103:21	PSA.68.17	2
103:21	DAN.7.9-DAN.7.10	2
103:21	MAT.13.41	2
103:21	MAT.24.30-MAT.24.31	2
103:21	2TH.1.7-2TH.1.8	2
103:21	HEB.1.6-HEB.1.7	1
103:22	ISA.42.10-ISA.42.12	9
103:22	ISA.49.13	9
103:22	PSA.145.10	8
103:22	PSA.148.3-PSA.148.12	6
103:22	PSA.150.6	6
103:22	ISA.44.23	5
103:22	ISA.43.20	4
103:22	REV.5.12-REV.5.14	4
103:22	PSA.103.1	1
103:22	PSA.104.1	1
103:22	PSA.104.35	1
103:22	PSA.146.1	1
104:1	PSA.103.22	12
104:1	PSA.145.3	12
104:1	PSA.96.6	10
104:1	PSA.93.1	9
104:1	PSA.103.1-PSA.103.2	9
104:1	ISA.59.17	9
104:1	DAN.9.4	9
104:1	PSA.104.35	8
104:1	JER.32.17-JER.32.19	8
104:1	PSA.29.1-PSA.29.4	6
104:1	JER.23.24	6
104:1	PSA.7.1	5
104:1	DAN.7.9	5
104:1	HAB.1.12	5
104:1	REV.1.13-REV.1.20	5
104:2	ISA.40.22	10
104:2	ISA.45.12	5
104:2	DAN.7.9	5
104:2	1JN.1.5	4
104:2	ZEC.12.1	2
104:2	MAT.17.2	2
104:2	1TI.6.16	2
104:2	HEB.1.10-HEB.1.12	2
104:3	AMO.9.6	9
104:3	2SA.22.11	7
104:3	PSA.18.10-PSA.18.11	6
104:3	ISA.19.1	6
104:3	NAM.1.3	5
104:3	PSA.139.9	4
104:3	MAT.26.64	2
104:3	REV.1.7	2
104:4	HEB.1.7	17
104:4	2KI.2.11	9
104:4	2KI.6.17	9
104:4	HEB.1.14	8
104:4	PSA.148.8	6
104:4	EZK.1.13	5
104:4	ACT.23.8	3
104:5	JOB.26.7	13
104:5	PSA.24.2	10
104:5	PSA.33.9	9
104:5	PSA.96.10	8
104:5	REV.20.11	6
104:5	PSA.93.1	5
104:5	PSA.136.6	5
104:5	ECC.1.4	5
104:5	2PE.3.10	5
104:5	JOB.38.4-JOB.38.7	4
104:5	REV.6.14	4
104:6	GEN.7.19	9
104:6	2PE.3.5	4
104:6	GEN.1.2-GEN.1.10	3
104:7	PSA.18.15	7
104:7	GEN.8.1	5
104:7	MRK.4.39	5
104:7	PSA.106.9	4
104:7	PSA.114.3-PSA.114.7	4
104:7	PRO.8.28	4
104:7	PSA.77.18	3
104:8	GEN.8.5	4
104:8	PSA.33.7	3
104:9	JOB.38.10-JOB.38.11	9
104:9	GEN.9.11-GEN.9.15	7
104:9	JOB.26.10	5
104:9	ISA.54.9	5
104:9	JER.5.22	5
104:9	PSA.33.7	2
104:10	ISA.41.18	9
104:10	PSA.107.35	7
104:10	ISA.35.7	6
104:10	DEU.8.7	3
104:11	PSA.145.16	6
104:11	JOB.39.5-JOB.39.8	3
104:11	PSA.104.13	2
104:12	PSA.50.11	4
104:12	PSA.148.10	3
104:12	PSA.84.3	2
104:12	PSA.104.16-PSA.104.17	2
104:12	PSA.147.9	2
104:12	MAT.6.26	2
104:12	MAT.8.20	2
104:13	PSA.147.8	8
104:13	JER.10.13	7
104:13	JER.14.22	6
104:13	DEU.11.11	5
104:13	JOB.38.25-JOB.38.28	4
104:13	JOB.38.37	4
104:13	PSA.65.9-PSA.65.13	4
104:13	PSA.104.3	3
104:13	AMO.9.6	3
104:13	MAT.5.45	3
104:13	ACT.14.17	3
104:14	PSA.136.25	12
104:14	PSA.147.8-PSA.147.9	11
104:14	JOB.28.5	8
104:14	PSA.145.15-PSA.145.16	8
104:14	GEN.9.3	7
104:14	1CO.3.7	7
104:14	GEN.1.11-GEN.1.12	6
104:14	GEN.3.18	6
104:14	GEN.1.29-GEN.1.30	4
104:14	JOB.38.27	4
104:14	JER.14.5-JER.14.6	3
104:14	JOL.2.22	3
104:14	1KI.18.5	2
104:14	GEN.2.5	1
104:14	GEN.2.9	1
104:14	GEN.4.12	1
104:15	PSA.23.5	13
104:15	ECC.9.7	9
104:15	ECC.10.19	9
104:15	JDG.9.13	7
104:15	PSA.92.10	4
104:15	EPH.5.18	4
104:15	HEB.1.9	4
104:15	JDG.9.9	3
104:15	JER.31.12	3
104:15	EZK.4.16	3
104:15	ZEC.9.15-ZEC.9.17	3
104:15	1JN.2.20	3
104:15	LEV.26.26	2
104:15	DEU.8.3	2
104:15	DEU.28.40	2
104:15	PSA.105.16	2
104:15	PRO.31.6	2
104:15	ECC.8.1	2
104:15	SNG.1.2-SNG.1.4	2
104:15	ISA.3.1	2
104:15	LUK.7.46	2
104:15	GEN.18.5	1
104:15	EZK.5.16	1
104:15	EZK.14.13	1
104:15	MRK.14.23	1
104:16	NUM.24.6	9
104:16	PSA.29.5	7
104:16	PSA.92.2	7
104:16	EZK.17.23	6
104:17	PSA.104.12	6
104:17	LEV.11.19	3
104:17	JER.8.7	2
104:17	JER.22.23	2
104:17	EZK.31.6	2
104:17	DAN.4.21	2
104:17	OBA.1.4	2
104:17	MAT.13.32	2
104:18	PRO.30.26	7
104:18	JOB.39.1	5
104:18	LEV.11.5	3
104:18	1SA.24.2	3
104:18	DEU.14.7	2
104:19	GEN.1.14-GEN.1.18	7
104:19	JER.31.35	7
104:19	PSA.136.7-PSA.136.9	6
104:19	JOB.38.12	3
104:19	PSA.8.3	3
104:19	PSA.19.6	3
104:19	JOB.31.26-JOB.31.28	2
104:19	DEU.4.19	1
104:20	ISA.45.7	6
104:20	PSA.74.16	5
104:20	GEN.1.4-GEN.1.5	2
104:20	GEN.8.22	2
104:20	PSA.50.10	2
104:20	PSA.139.10-PSA.139.12	2
104:20	AMO.1.13	2
104:21	JOB.38.39	5
104:21	JOL.1.20	5
104:21	PSA.34.10	4
104:21	EZK.19.2-EZK.19.14	3
104:21	JOL.2.22	3
104:21	JOB.38.41	2
104:21	PSA.145.15	2
104:21	PSA.147.9	2
104:21	ISA.31.4	2
104:21	JOL.1.18	2
104:21	AMO.3.4	2
104:22	JOB.37.8	4
104:22	JOB.24.13-JOB.24.17	2
104:22	NAM.3.17	2
104:22	JHN.3.20	2
104:23	GEN.3.19	8
104:23	ECC.5.12	4
104:23	EPH.4.28	4
104:23	JDG.19.16	3
104:23	2TH.3.8-2TH.3.12	2
104:24	JER.10.12	13
104:24	PSA.40.5	11
104:24	PSA.50.10-PSA.50.12	10
104:24	ROM.11.33	9
104:24	EPH.3.10	9
104:24	PSA.107.31	8
104:24	GEN.1.24-GEN.1.25	7
104:24	PSA.24.1	7
104:24	PSA.8.3	6
104:24	PSA.136.5	6
104:24	NEH.9.6	5
104:24	PRO.3.19-PRO.3.20	5
104:24	PRO.8.22-PRO.8.36	5
104:24	GEN.1.31	4
104:24	EPH.1.8	4
104:24	JOB.5.9	3
104:24	PSA.65.11	2
104:24	1TI.6.17	2
104:24	GEN.1.11-GEN.1.12	1
104:25	PSA.69.34	7
104:25	PSA.95.4-PSA.95.5	5
104:25	GEN.1.28	3
104:25	ACT.28.5	3
104:25	GEN.1.20-GEN.1.22	2
104:25	GEN.3.1	2
104:25	DEU.33.14-DEU.33.16	2
104:25	DEU.33.19	1
104:26	PSA.107.23	5
104:26	PSA.74.14	4
104:26	ISA.27.1	4
104:26	GEN.49.13	2
104:26	JOB.3.8	2
104:26	JOB.41.1-JOB.41.34	2
104:26	EZK.27.9	2
104:27	PSA.136.25	8
104:27	PSA.147.9	8
104:27	JOB.38.41	7
104:27	LUK.12.24-LUK.12.28	7
104:27	PSA.145.15-PSA.145.16	5
104:27	JOB.36.31	4
104:27	PSA.36.6	2
104:28	PSA.145.16	5
104:29	JOB.34.14-JOB.34.15	8
104:29	ECC.12.7	8
104:29	PSA.146.4	5
104:29	GEN.3.19	4
104:29	PSA.30.7	4
104:29	PSA.90.3	4
104:29	ACT.17.25	4
104:29	JOB.10.9	3
104:29	DEU.31.17	2
104:29	JOB.13.24	2
104:29	JOB.34.29	2
104:29	ROM.8.20-ROM.8.22	1
104:30	JOB.33.4	19
104:30	EZK.37.9	9
104:30	REV.21.5	9
104:30	JOB.26.13	8
104:30	PSA.33.6	8
104:30	ISA.65.17	8
104:30	TIT.3.5	7
104:30	ISA.66.22	5
104:30	EPH.2.1	5
104:30	EPH.2.4-EPH.2.5	5
104:30	ISA.32.14-ISA.32.15	4
104:31	GEN.1.31	7
104:31	2TI.4.18	7
104:31	JER.32.41	5
104:31	EPH.3.21	5
104:31	EXO.31.17	4
104:31	ISA.62.5	4
104:31	ISA.65.18-ISA.65.19	4
104:31	ZEP.3.17	4
104:31	LUK.15.5-LUK.15.6	4
104:31	LUK.15.22-LUK.15.24	4
104:31	ROM.11.36	4
104:31	REV.5.12-REV.5.13	4
104:31	PSA.102.16	3
104:31	GAL.1.5	3
104:31	HEB.13.21	3
104:31	1PE.5.11	3
104:31	2PE.3.18	2
104:32	PSA.144.5	6
104:32	EXO.19.18	5
104:32	PSA.97.4-PSA.97.5	5
104:32	HAB.3.10	4
104:32	PSA.114.7	3
104:32	PSA.50.3	2
104:32	PSA.77.16	2
104:32	ISA.64.1-ISA.64.2	2
104:32	JER.4.23-JER.4.26	2
104:32	JER.5.22	2
104:32	AMO.8.8	2
104:32	NAM.1.5-NAM.1.6	2
104:32	HAB.3.5-HAB.3.6	2
104:32	REV.20.11	2
104:32	REV.19.3	1
104:33	PSA.63.4	16
104:33	PSA.146.2	14
104:33	PSA.145.1-PSA.145.2	8
104:34	HAB.3.17-HAB.3.18	16
104:34	PHP.4.4	15
104:34	PSA.1.2	13
104:34	PSA.119.15-PSA.119.16	13
104:34	PSA.119.127-PSA.119.128	13
104:34	PSA.9.2	12
104:34	LUK.1.47	12
104:34	PSA.63.5-PSA.63.6	11
104:34	PSA.119.111	11
104:34	PSA.139.17-PSA.139.18	10
104:34	PSA.32.11	9
104:34	PSA.77.12	9
104:34	PSA.119.167	8
104:34	PRO.24.14	5
104:35	PSA.103.22-PSA.104.1	7
104:35	PSA.37.38	6
104:35	PSA.68.1-PSA.68.2	6
104:35	PSA.106.48	6
104:35	PRO.2.22	6
104:35	REV.19.1-REV.19.2	6
104:35	PSA.1.4	5
104:35	PSA.59.13	5
104:35	PSA.101.8	5
104:35	PSA.105.45	5
104:35	PSA.103.1-PSA.103.2	4
104:35	JDG.5.31	3
104:35	PSA.73.27	3
105:1	ISA.12.4	31
105:1	PSA.106.1	16
105:1	PSA.145.11-PSA.145.12	16
105:1	ROM.10.13	16
105:1	1CH.16.34	13
105:1	PSA.145.4-PSA.145.6	12
105:1	PSA.96.3	11
105:1	1CH.29.13	10
105:1	DAN.4.1-DAN.4.3	9
105:1	PSA.136.1-PSA.136.3	8
105:1	ACT.9.14	8
105:1	1CH.29.20	7
105:1	PSA.99.6	7
105:1	ISA.51.10	7
105:1	DAN.3.29	7
105:1	JOL.2.32	7
105:1	1CH.25.3	6
105:1	DAN.6.26-DAN.6.27	6
105:1	1CO.1.2	6
105:1	NUM.23.23	5
105:1	1CH.16.7-1CH.16.22	5
105:1	PSA.89.1	5
105:2	PSA.119.27	8
105:2	ISA.12.5-ISA.12.6	8
105:2	PSA.77.12	7
105:2	PSA.98.5	7
105:2	PSA.98.1	5
105:2	PSA.78.4-PSA.78.6	4
105:2	EPH.5.19	4
105:2	EXO.13.8-EXO.13.9	2
105:2	DEU.6.6-DEU.6.9	2
105:2	JDG.5.3	2
105:2	PSA.47.6-PSA.47.7	2
105:2	PSA.96.1-PSA.96.2	2
105:2	ISA.42.10-ISA.42.12	2
105:2	LUK.24.14-LUK.24.53	2
105:2	REV.15.3-REV.15.4	2
105:2	EXO.13.14	1
105:3	LAM.3.25	16
105:3	GAL.6.14	12
105:3	PRO.8.17	11
105:3	1CO.1.29	11
105:3	1CO.1.31	9
105:3	PSA.34.2	8
105:3	ISA.45.25	8
105:3	JER.9.23-JER.9.24	8
105:3	LUK.11.9-LUK.11.10	8
105:3	ISA.55.6-ISA.55.7	7
105:3	ISA.45.19	6
105:3	PSA.9.10	4
105:4	PSA.27.8	27
105:4	ZEP.2.2-ZEP.2.3	21
105:4	2CH.6.41	12
105:4	AMO.5.4-AMO.5.6	12
105:4	PSA.132.8	5
105:4	PSA.78.61	1
105:5	PSA.77.11	14
105:5	PSA.119.13	9
105:5	DEU.32.7	7
105:5	LUK.22.19	7
105:5	ISA.43.18-ISA.43.19	6
105:5	DEU.8.2	5
105:5	PSA.40.5	5
105:5	REV.16.7	5
105:5	DEU.7.18-DEU.7.19	4
105:5	PSA.103.2	3
105:5	1CO.11.24-1CO.11.26	2
105:5	REV.19.2	1
105:6	ISA.44.1-ISA.44.2	6
105:6	JHN.15.16	5
105:6	1PE.2.9	4
105:6	ISA.41.8	3
105:6	EXO.3.6	2
105:6	DEU.7.6-DEU.7.8	2
105:6	PSA.105.42	2
105:6	PSA.106.5	2
105:6	PSA.135.4	2
105:6	ISA.41.14	2
105:6	ROM.9.4-ROM.9.29	1
105:7	ISA.26.9	6
105:7	EXO.20.2	4
105:7	DEU.26.17-DEU.26.18	4
105:7	PSA.95.7	3
105:7	REV.15.4	3
105:7	GEN.17.7	2
105:7	DEU.29.10-DEU.29.15	2
105:7	JOS.24.15-JOS.24.24	2
105:7	PSA.48.10-PSA.48.11	2
105:7	PSA.100.3	2
105:8	DEU.7.9	10
105:8	PSA.106.45	8
105:8	PSA.111.5	8
105:8	LUK.1.72-LUK.1.74	8
105:8	1CH.16.15	7
105:8	PSA.105.42	7
105:8	NEH.1.5	5
105:8	PSA.111.9	5
105:8	DAN.9.4	5
105:9	GEN.17.2	8
105:9	GEN.22.16-GEN.22.18	6
105:9	GEN.26.3	6
105:9	HEB.6.17	4
105:9	ACT.7.8	3
105:9	GAL.3.17	3
105:9	GEN.12.7	2
105:9	GEN.28.13	2
105:9	GEN.35.11	2
105:9	NEH.9.8	2
105:10	GEN.17.7-GEN.17.8	4
105:10	2SA.23.5	4
105:10	GEN.28.13-GEN.28.15	2
105:10	HEB.13.20	1
105:11	GEN.13.15	8
105:11	GEN.15.18	8
105:11	PSA.78.55	7
105:11	GEN.12.7	5
105:11	GEN.26.3-GEN.26.4	5
105:11	GEN.28.13	5
105:12	GEN.34.30	8
105:12	DEU.7.7	8
105:12	HEB.11.9	6
105:12	GEN.23.4	5
105:12	DEU.26.5	3
105:12	GEN.17.8	1
105:12	ISA.51.2	1
105:12	EZK.33.24-EZK.33.33	1
105:12	ACT.7.5	1
105:12	HEB.11.12	1
105:14	GEN.35.5	11
105:14	EXO.7.16-EXO.7.17	4
105:14	GEN.12.14-GEN.12.17	3
105:14	GEN.20.1-GEN.20.7	3
105:14	GEN.26.14-GEN.26.33	3
105:14	GEN.31.24-GEN.31.29	3
105:15	ZEC.2.8	26
105:15	GEN.26.11	24
105:15	GEN.20.7	17
105:15	1JN.2.27	12
105:15	GEN.49.8-GEN.49.33	10
105:15	GEN.48.19-GEN.48.20	5
105:15	GEN.27.39-GEN.27.40	1
105:16	EZK.4.16	8
105:16	ISA.3.1	7
105:16	GEN.41.54	6
105:16	LEV.26.26	5
105:16	ACT.7.11	4
105:16	GEN.47.13	3
105:16	2KI.8.1	3
105:16	PSA.104.15	3
105:16	GEN.41.25-GEN.41.32	2
105:16	GEN.42.5-GEN.42.6	2
105:16	GEN.47.19	2
105:16	AMO.3.6	2
105:16	AMO.7.1-AMO.7.4	2
105:16	HAG.1.10-HAG.1.11	2
105:16	HAG.2.17	2
105:16	MAT.8.8-MAT.8.9	2
105:16	REV.6.8	1
105:17	ACT.7.9	8
105:17	GEN.37.36	7
105:17	GEN.45.4-GEN.45.5	5
105:17	GEN.50.20	5
105:17	GEN.37.27-GEN.37.28	4
105:17	GEN.39.1	4
105:17	GEN.45.7-GEN.45.8	3
105:18	GEN.39.20	5
105:18	GEN.40.15	5
105:18	ACT.16.24	5
105:18	PSA.107.10	1
105:19	ACT.7.10	11
105:19	PRO.21.1	8
105:19	GEN.40.20-GEN.40.21	7
105:19	GEN.41.11-GEN.41.16	6
105:19	GEN.41.25	6
105:19	DAN.2.30	6
105:19	PSA.44.4	2
105:20	GEN.41.14	11
105:21	GEN.41.40-GEN.41.44	6
105:21	GEN.41.55	2
105:21	GEN.45.8	2
105:21	GEN.45.26	2
105:22	GEN.41.33	3
105:22	GEN.41.38	3
105:22	GEN.41.44	3
105:22	ISA.19.11	3
105:23	ACT.7.11-ACT.7.15	6
105:23	ACT.13.17	6
105:23	PSA.78.51	4
105:23	PSA.106.22	4
105:23	GEN.45.9-GEN.45.11	3
105:23	GEN.46.2-GEN.46.7	3
105:23	GEN.47.6-GEN.47.9	3
105:23	GEN.10.6	2
105:23	GEN.47.28	2
105:23	JOS.24.4	2
105:23	PSA.105.27	2
105:24	DEU.26.5	4
105:24	ACT.7.17	4
105:24	GEN.46.3	3
105:24	EXO.1.7-EXO.1.9	3
105:24	EXO.12.37	3
105:24	HEB.11.12	3
105:24	GEN.13.16	2
105:25	ACT.7.19	6
105:25	GEN.15.13	5
105:25	EXO.9.16	4
105:25	EXO.1.16	3
105:25	ROM.9.17-ROM.9.19	3
105:25	EXO.1.8-EXO.1.14	2
105:25	EXO.2.23	2
105:25	EXO.4.21	2
105:25	EXO.10.1	2
105:25	DEU.2.30	2
105:26	EXO.3.10	5
105:26	EXO.7.1	3
105:26	EXO.28.1-EXO.28.2	3
105:26	EXO.28.12	3
105:26	EXO.28.29-EXO.28.38	3
105:26	EXO.29.5-EXO.29.46	3
105:26	NUM.16.40	3
105:26	EXO.4.12-EXO.4.14	2
105:26	EXO.6.11	2
105:26	EXO.6.26-EXO.6.27	2
105:26	EXO.7.12	2
105:26	LEV.8.7-LEV.8.36	2
105:26	NUM.16.5-NUM.16.11	2
105:26	NUM.16.47-NUM.16.48	2
105:26	NUM.17.5-NUM.17.8	2
105:26	JOS.24.5	2
105:26	1SA.12.6	2
105:26	PSA.77.20	2
105:26	MIC.6.4	2
105:26	ACT.7.34-ACT.7.35	2
105:27	PSA.78.43-PSA.78.51	6
105:27	NEH.9.10-NEH.9.11	4
105:27	ISA.63.11-ISA.63.12	3
105:27	JER.32.20-JER.32.21	3
105:27	EXO.7.1-EXO.7.11	2
105:27	DEU.4.34	2
105:27	PSA.105.23	2
105:27	PSA.105.28	2
105:27	PSA.106.22	2
105:27	PSA.135.8-PSA.135.9	2
105:28	PSA.99.7	4
105:28	JOL.2.31	3
105:28	LUK.23.44-LUK.23.45	3
105:28	2PE.2.4	3
105:28	2PE.2.17	3
105:28	EXO.10.21-EXO.10.23	2
105:28	EZK.2.4-EZK.2.8	2
105:28	JOL.2.2	2
105:29	EXO.7.20-EXO.7.21	4
105:29	PSA.78.44	3
105:29	REV.16.3	3
105:29	ISA.50.2	2
105:29	EZK.29.4-EZK.29.5	2
105:30	EXO.8.3-EXO.8.14	3
105:30	REV.16.13-REV.16.14	3
105:30	PSA.78.45	2
105:31	EXO.8.21-EXO.8.24	4
105:31	EXO.8.16-EXO.8.18	3
105:31	PSA.78.45	3
105:31	ISA.7.18	3
105:32	PSA.78.47-PSA.78.48	5
105:32	EXO.9.18-EXO.9.28	3
105:32	REV.11.19	3
105:32	REV.16.21	3
105:32	REV.8.7	2
105:33	PSA.78.47	2
105:33	REV.9.4	2
105:34	EXO.10.12-EXO.10.15	6
105:34	PSA.78.46	4
105:34	JOL.2.25	4
105:34	JOL.1.4-JOL.1.7	3
105:34	REV.9.3-REV.9.10	2
105:36	GEN.49.3	3
105:36	PSA.136.10	3
105:36	HEB.11.28	3
105:36	EXO.4.23	2
105:36	EXO.11.4-EXO.11.5	2
105:36	EXO.12.12	2
105:36	EXO.12.29-EXO.12.30	2
105:36	PSA.78.51	2
105:36	PSA.135.8	2
105:37	EXO.12.35-EXO.12.36	12
105:37	EXO.3.22	10
105:37	ACT.13.17	8
105:37	GEN.15.14	6
105:38	EXO.12.33	7
105:38	EXO.15.16	5
105:38	JOS.2.9	4
105:38	GEN.35.5	3
105:38	EXO.10.7	2
105:39	NEH.9.12	11
105:39	PSA.78.14	8
105:39	ISA.4.5	8
105:39	EXO.13.21-EXO.13.22	6
105:39	EXO.14.24	6
105:39	NEH.9.19	6
105:39	NUM.9.15-NUM.9.22	4
105:39	1CO.10.1-1CO.10.2	4
105:40	PSA.78.18	6
105:40	NUM.11.31-NUM.11.33	3
105:40	DEU.8.3	3
105:40	JOS.5.12	3
105:40	NEH.9.20	3
105:40	PSA.78.23-PSA.78.28	3
105:40	JHN.6.31-JHN.6.33	3
105:40	JHN.6.48-JHN.6.58	3
105:40	EXO.16.12-EXO.16.35	2
105:40	NUM.11.4-NUM.11.9	2
105:41	NUM.20.11	8
105:41	1CO.10.4	8
105:41	EXO.17.6	6
105:41	PSA.114.8	5
105:41	ISA.48.21	5
105:41	PSA.78.15-PSA.78.16	4
105:41	PSA.78.20	3
105:41	NEH.9.15	2
105:42	EXO.2.24	8
105:42	LUK.1.72-LUK.1.73	7
105:42	GEN.12.7	5
105:42	LUK.1.54-LUK.1.55	5
105:42	GEN.13.14-GEN.13.17	4
105:42	EXO.32.13	4
105:42	MIC.7.20	4
105:42	GEN.15.13-GEN.15.14	3
105:42	DEU.9.5	3
105:42	DEU.9.27	3
105:42	PSA.105.8-PSA.105.11	3
105:43	ISA.35.10	7
105:43	ACT.13.17	5
105:43	ISA.55.12	4
105:43	JER.31.11-JER.31.12	4
105:43	ACT.7.36	4
105:43	EXO.15.1-EXO.15.21	3
105:43	DEU.4.37-DEU.4.38	3
105:43	PSA.106.8-PSA.106.12	3
105:43	ISA.51.10-ISA.51.11	3
105:43	ISA.63.11-ISA.63.14	3
105:43	PSA.78.52-PSA.78.53	2
105:44	JOS.24.13	6
105:44	PSA.78.55	6
105:44	DEU.6.10-DEU.6.11	5
105:44	JOS.11.23	4
105:44	JOS.24.8	4
105:44	PSA.44.2-PSA.44.3	4
105:44	JOS.23.4	3
105:44	NEH.9.22-NEH.9.25	3
105:44	PSA.80.8	3
105:44	PSA.135.10-PSA.135.12	3
105:44	PSA.136.21-PSA.136.22	3
105:44	JOS.5.11	2
105:44	JOS.13.7-JOS.13.33	2
105:44	JOS.21.43	2
105:45	DEU.4.40	11
105:45	TIT.2.14	8
105:45	EPH.2.8-EPH.2.10	6
105:45	DEU.4.1	4
105:45	PSA.106.1	3
105:45	REV.19.3-REV.19.4	3
105:45	DEU.5.33-DEU.6.2	2
105:45	DEU.6.21-DEU.6.25	2
105:45	PSA.150.1	2
105:45	EZK.36.24-EZK.36.28	2
106:1	1TH.5.18	17
106:1	1CH.16.34	13
106:1	PSA.105.1	13
106:1	PSA.136.1	8
106:1	PSA.118.1	6
106:1	JER.33.11	6
106:1	PSA.105.45	5
106:1	PSA.107.1	5
106:1	EZR.3.11	4
106:1	ROM.5.20-ROM.5.21	4
106:1	PSA.100.4-PSA.100.5	3
106:1	PSA.103.17	3
106:1	PSA.119.68	3
106:1	MAT.19.17	3
106:1	1CH.16.41	2
106:2	ROM.11.33	4
106:2	EPH.1.19	4
106:2	PSA.139.17-PSA.139.18	3
106:2	PSA.145.3-PSA.145.12	3
106:2	NEH.9.5	2
106:2	JOB.5.9	2
106:2	JOB.26.14	2
106:2	PSA.40.5	2
106:2	EPH.3.18	2
106:3	PSA.15.2	9
106:3	JAS.1.25	5
106:3	JHN.13.17	4
106:3	JHN.15.14	4
106:3	GAL.6.9	4
106:3	DEU.11.1	3
106:3	PSA.119.1-PSA.119.3	3
106:3	PSA.119.20	3
106:3	PSA.119.44	3
106:3	PSA.119.106	3
106:3	PSA.119.112	3
106:3	MRK.3.35	3
106:3	JHN.14.21-JHN.14.23	3
106:3	ROM.2.7	3
106:3	REV.22.14	3
106:3	DEU.5.19	2
106:3	PSA.1.1-PSA.1.3	2
106:3	PSA.84.11-PSA.84.12	2
106:3	ISA.56.1-ISA.56.2	2
106:3	JER.22.15-JER.22.16	2
106:3	EZK.18.21-EZK.18.22	2
106:3	LUK.1.74-LUK.1.75	2
106:3	LUK.6.47-LUK.6.49	2
106:3	LUK.11.28	2
106:3	ACT.24.16	2
106:3	REV.7.15	2
106:3	ISA.64.5	1
106:3	LUK.11.42	1
106:4	PSA.119.132	16
106:4	LUK.23.42	14
106:4	NEH.13.14	11
106:4	NEH.13.31	11
106:4	PSA.25.7	11
106:4	NEH.13.22	9
106:4	NEH.5.19	8
106:4	ACT.15.14	8
106:4	LUK.1.68-LUK.1.69	7
106:5	PSA.105.43	5
106:5	JHN.15.16	5
106:5	PSA.1.3	4
106:5	PSA.105.6	4
106:5	ISA.12.6	4
106:5	ISA.66.10	4
106:5	ZEP.3.14	4
106:5	ZEC.9.9	4
106:5	EPH.1.18	4
106:5	DEU.7.6	3
106:5	PSA.14.7	3
106:5	PSA.48.11	3
106:5	PSA.118.15	3
106:5	ISA.35.10	3
106:5	ISA.45.25	3
106:5	JOL.2.23	3
106:5	JHN.16.22	3
106:5	EPH.1.4	3
106:5	PHP.3.3	3
106:5	2TH.2.13	3
106:5	JAS.2.5	3
106:5	REV.17.14	3
106:5	ACT.9.15	2
106:5	1PE.2.9	2
106:6	NEH.9.16	6
106:6	PSA.78.8	5
106:6	1KI.8.47	4
106:6	EZR.9.6-EZR.9.7	4
106:6	NEH.9.32-NEH.9.34	4
106:6	LEV.26.40	3
106:6	DAN.9.5-DAN.9.8	3
106:6	NUM.32.14	2
106:6	NEH.1.7	2
106:6	JER.3.25	2
106:6	MAT.23.32	2
106:6	ACT.7.51-ACT.7.52	2
106:7	EXO.14.11-EXO.14.12	8
106:7	PSA.78.42	5
106:7	PSA.78.11	3
106:7	PRO.1.22	3
106:7	2TH.2.10-2TH.2.12	3
106:7	DEU.15.15	2
106:7	DEU.29.4	2
106:7	DEU.32.28-DEU.32.29	2
106:7	PSA.5.7	2
106:7	PSA.51.1	2
106:7	PSA.105.5	2
106:7	PSA.106.45	2
106:7	ISA.44.18	2
106:7	ISA.63.7	2
106:7	LAM.3.32	2
106:7	MRK.4.12	2
106:7	MRK.8.17-MRK.8.21	2
106:7	EPH.2.11	2
106:8	EXO.9.16	11
106:8	EZK.20.9	9
106:8	EZK.20.14	8
106:8	JER.14.21	7
106:8	EZK.20.22	7
106:8	EZK.20.44	7
106:8	ROM.9.17	7
106:8	EXO.15.6	6
106:8	NUM.14.13-NUM.14.16	6
106:8	DEU.32.26-DEU.32.27	6
106:8	JOS.7.9	6
106:8	DAN.9.17-DAN.9.19	6
106:8	PSA.111.6	5
106:8	PSA.143.11	5
106:8	JER.14.7	5
106:9	PSA.18.15	9
106:9	PSA.78.13	8
106:9	ISA.51.10	8
106:9	ISA.63.11-ISA.63.14	8
106:9	NAM.1.4	8
106:9	EXO.14.21-EXO.14.22	7
106:9	EXO.14.27-EXO.14.29	7
106:9	NEH.9.11	7
106:9	PSA.66.6	7
106:9	PSA.77.19-PSA.77.20	7
106:9	PSA.136.13-PSA.136.16	7
106:9	PSA.78.52-PSA.78.53	6
106:9	PSA.114.3-PSA.114.7	5
106:9	ISA.50.2	5
106:9	ISA.11.14-ISA.11.16	4
106:9	MAT.8.26	4
106:10	EXO.14.30	7
106:10	PSA.107.2	7
106:10	MIC.6.4	4
106:10	JOB.6.22-JOB.6.23	3
106:10	PSA.136.24	3
106:10	EXO.15.9-EXO.15.10	2
106:10	EXO.15.13	2
106:10	DEU.11.4	2
106:10	NEH.9.11	2
106:11	EXO.15.5	6
106:11	EXO.14.13	4
106:11	EXO.14.27-EXO.14.28	4
106:11	PSA.78.53	4
106:11	EXO.15.10	3
106:11	EXO.15.19	3
106:12	EXO.14.31-EXO.15.21	8
106:12	LUK.8.13	3
106:12	JHN.8.30-JHN.8.31	3
106:13	PSA.78.11	11
106:13	EXO.15.24	10
106:13	EXO.16.2	9
106:13	ISA.48.17-ISA.48.18	9
106:13	PSA.107.11	7
106:13	PRO.1.25	7
106:13	EXO.17.2	6
106:13	PRO.1.30	5
106:13	EXO.17.7	4
106:13	EXO.15.17	3
106:14	1CO.10.9	6
106:14	EXO.17.2	5
106:14	NUM.11.4	5
106:14	1CO.10.6	5
106:14	HEB.3.8-HEB.3.10	3
106:14	NUM.11.33-NUM.11.34	2
106:14	NUM.14.22	2
106:14	DEU.9.22	2
106:14	PSA.78.18-PSA.78.20	2
106:14	PSA.78.30	2
106:14	PSA.78.40-PSA.78.41	2
106:14	PSA.95.8-PSA.95.9	2
106:15	NUM.11.31-NUM.11.34	6
106:15	ISA.10.16	4
106:15	PSA.78.29-PSA.78.31	3
106:15	ISA.24.16	1
106:16	NUM.16.1-NUM.16.50	8
106:16	LEV.21.10-LEV.21.12	3
106:16	EXO.28.36	2
106:16	LEV.21.6-LEV.21.8	2
106:17	DEU.11.6	7
106:17	NUM.16.29-NUM.16.33	6
106:17	NUM.26.10	6
106:18	NUM.16.35-NUM.16.40	4
106:18	HEB.12.29	4
106:18	NUM.16.46	3
106:19	EXO.32.4-EXO.32.8	3
106:19	EXO.32.35	3
106:19	DEU.9.8	2
106:19	DEU.9.12-DEU.9.16	2
106:19	DEU.9.21	2
106:19	NEH.9.18	2
106:19	ACT.7.41	2
106:19	1CO.10.7	2
106:20	JER.2.11	6
106:20	EXO.20.4-EXO.20.5	5
106:20	ROM.1.22-ROM.1.23	5
106:20	PSA.89.17	4
106:20	ISA.40.18-ISA.40.25	4
106:21	PSA.78.42-PSA.78.51	5
106:21	DEU.32.17-DEU.32.18	4
106:21	PSA.78.11-PSA.78.12	4
106:21	PSA.106.13	4
106:21	JER.2.32	4
106:21	DEU.4.34	3
106:21	DEU.10.21	3
106:21	PSA.135.9	3
106:21	TIT.3.4-TIT.3.6	3
106:21	DEU.6.22	2
106:21	DEU.7.18-DEU.7.19	2
106:21	NEH.9.10-NEH.9.11	2
106:21	PSA.74.13-PSA.74.14	2
106:21	ISA.12.2	2
106:21	ISA.45.21	2
106:21	ISA.63.8	2
106:21	HOS.1.7	2
106:21	TIT.1.3	2
106:21	TIT.2.10	2
106:21	LUK.1.47	1
106:22	PSA.78.51	4
106:22	PSA.105.23	4
106:22	EXO.14.25-EXO.14.28	3
106:22	EXO.15.10	2
106:22	PSA.105.27-PSA.105.36	2
106:23	DEU.9.13-DEU.9.14	6
106:23	DEU.9.25	6
106:23	EZK.22.30	4
106:23	JAS.5.16	4
106:23	EXO.32.32	3
106:23	NUM.16.5	3
106:23	PSA.105.6	3
106:23	EZK.13.5	3
106:23	EZK.20.8	3
106:23	MAT.12.18	3
106:23	EXO.32.10-EXO.32.14	2
106:23	DEU.9.19	2
106:23	PSA.105.26	2
106:23	JER.5.1	2
106:23	DEU.10.10	1
106:23	JHN.15.16	1
106:23	JHN.15.19	1
106:23	EZK.20.13-EZK.20.14	0
106:24	DEU.1.32	7
106:24	NUM.14.31	6
106:24	EZK.20.6	6
106:24	HEB.3.18-HEB.3.19	6
106:24	HEB.4.6	5
106:24	DEU.8.7-DEU.8.9	3
106:24	DEU.11.11-DEU.11.12	3
106:24	JER.3.19	3
106:24	MAT.22.5	3
106:24	HEB.3.12	3
106:24	HEB.4.2	3
106:24	HEB.12.16	3
106:24	JUD.1.5	3
106:24	GEN.25.34	2
106:24	NUM.14.11	2
106:24	DEU.9.23	2
106:24	NUM.13.32	1
106:24	HEB.4.14	1
106:25	NUM.14.22	4
106:25	DEU.1.26-DEU.1.27	4
106:25	PSA.95.7-PSA.95.9	4
106:25	HEB.3.7-HEB.3.8	4
106:25	HEB.3.15	4
106:25	NUM.14.1-NUM.14.4	2
106:25	NUM.14.27-NUM.14.29	1
106:26	EZK.20.15	8
106:26	NUM.14.28-NUM.14.35	7
106:26	PSA.95.11	5
106:26	HEB.3.11	5
106:26	EXO.6.8	3
106:26	DEU.1.34-DEU.1.35	3
106:26	HEB.3.18	3
106:26	GEN.14.22-GEN.14.23	2
106:26	DEU.32.40-DEU.32.42	2
106:26	REV.10.5-REV.10.6	2
106:27	LEV.26.33	5
106:27	PSA.44.11	5
106:27	DEU.28.64-DEU.28.65	3
106:27	EZK.20.23	3
106:27	DEU.4.26-DEU.4.27	2
106:27	DEU.28.37	2
106:27	DEU.32.26-DEU.32.27	2
106:28	NUM.25.1-NUM.25.3	5
106:28	NUM.25.5	5
106:28	HOS.9.10	5
106:28	DEU.4.3	4
106:28	JER.10.8-JER.10.10	4
106:28	1CO.10.19-1CO.10.20	4
106:28	DEU.32.17	3
106:28	REV.2.14	3
106:28	NUM.31.16	2
106:28	JOS.22.17	2
106:28	PSA.115.4-PSA.115.8	2
106:29	1CO.10.8	5
106:29	DEU.32.16-DEU.32.21	3
106:29	ECC.7.29	3
106:29	NUM.25.9	2
106:29	PSA.99.8	2
106:29	PSA.106.39	2
106:29	ROM.1.21-ROM.1.24	2
106:30	NUM.25.6-NUM.25.8	11
106:30	NUM.25.14-NUM.25.15	7
106:30	JOS.7.12	7
106:30	DEU.13.9-DEU.13.11	5
106:30	1KI.18.40-1KI.18.41	5
106:30	JON.1.12-JON.1.15	5
106:30	DEU.13.15-DEU.13.17	3
106:31	NUM.25.11-NUM.25.13	6
106:31	GEN.15.6	2
106:31	DEU.24.13	2
106:31	MRK.14.3-MRK.14.9	2
106:32	NUM.20.2-NUM.20.13	6
106:32	NUM.20.23-NUM.20.24	5
106:32	DEU.1.37	5
106:32	DEU.4.21	5
106:32	PSA.81.7	5
106:32	NUM.27.13-NUM.27.14	4
106:32	DEU.3.26	4
106:32	PSA.78.40	3
106:33	NUM.20.10-NUM.20.11	5
106:33	PSA.39.1	3
106:33	PSA.78.40	3
106:33	PSA.107.11	3
106:33	JAS.3.2	3
106:33	JOB.2.10	2
106:33	PSA.141.3	2
106:33	GEN.30.1	1
106:33	GEN.35.16-GEN.35.18	1
106:33	JOB.38.2	1
106:33	JOB.40.4-JOB.40.5	1
106:33	JOB.42.7-JOB.42.8	1
106:34	DEU.7.2	9
106:34	DEU.7.16	7
106:34	JDG.1.21	6
106:34	JOS.23.12-JOS.23.13	4
106:34	NUM.33.55-NUM.33.56	3
106:34	1SA.15.22-1SA.15.23	3
106:34	MAT.17.19-MAT.17.20	3
106:34	NUM.33.52	2
106:34	DEU.7.23-DEU.7.24	2
106:34	DEU.20.16-DEU.20.17	2
106:34	JOS.15.63	2
106:34	JOS.16.10	2
106:34	JOS.17.12-JOS.17.16	2
106:34	JDG.1.19	2
106:34	JDG.1.27-JDG.1.36	2
106:34	1SA.15.3	2
106:35	JDG.3.5-JDG.3.6	9
106:35	1CO.15.33	7
106:35	1CO.5.6	6
106:35	JDG.1.27-JDG.1.36	4
106:35	JDG.2.2-JDG.2.3	4
106:35	ISA.2.6	3
106:35	JOS.15.63	2
106:36	DEU.7.16	6
106:36	JDG.2.3	5
106:36	EXO.23.33	4
106:36	JDG.2.12-JDG.2.15	3
106:36	PSA.78.58	3
106:36	EXO.34.15-EXO.34.16	2
106:36	JOS.23.13	2
106:36	JDG.2.17	2
106:36	JDG.2.19	2
106:36	JDG.3.5-JDG.3.7	2
106:36	JDG.10.6	2
106:36	2KI.17.8-2KI.17.11	2
106:36	2KI.17.16-2KI.17.17	2
106:36	2CH.33.2-2CH.33.9	2
106:36	EZK.16.15-EZK.16.63	2
106:36	EZK.20.28-EZK.20.32	2
106:37	2KI.16.3	7
106:37	2KI.17.17	7
106:37	DEU.32.17	6
106:37	JER.7.31	6
106:37	DEU.12.30-DEU.12.31	4
106:37	EZK.23.37	4
106:37	LEV.17.7	3
106:37	DEU.18.10	3
106:37	2KI.21.6	3
106:37	ISA.57.5	3
106:37	JER.32.35	3
106:37	EZK.16.20-EZK.16.21	3
106:37	EZK.20.26	3
106:37	1CO.10.20	3
106:37	2CH.11.15	2
106:37	EZK.23.47	2
106:37	ROM.9.20	2
106:38	NUM.35.33	6
106:38	DEU.21.9	5
106:38	2KI.21.16	5
106:38	ISA.26.21	5
106:38	2KI.24.4	4
106:38	ISA.1.15	4
106:38	ISA.24.5	4
106:38	JER.2.34	4
106:38	EZK.7.23	4
106:38	EZK.22.3	4
106:39	EZK.20.18	6
106:39	LEV.17.7	4
106:39	NUM.15.39	4
106:39	ISA.24.5-ISA.24.6	3
106:39	ISA.59.3	3
106:39	EZK.20.30-EZK.20.31	3
106:39	EZK.20.43	3
106:39	HOS.9.1	3
106:39	REV.17.1-REV.17.6	3
106:39	EXO.34.16	2
106:39	LEV.20.5-LEV.20.6	2
106:39	JER.3.1-JER.3.2	2
106:39	JER.3.6-JER.3.9	2
106:39	EZK.16.15-EZK.16.63	2
106:39	EZK.23.3-EZK.23.49	2
106:40	JDG.2.14	5
106:40	DEU.9.29	4
106:40	DEU.32.19	3
106:40	JDG.2.20	3
106:40	JDG.3.8	3
106:40	LEV.20.23	2
106:40	NEH.9.27-NEH.9.38	2
106:40	PSA.74.1	2
106:40	LAM.2.7	2
106:40	ZEC.11.8	2
106:40	PSA.78.59-PSA.78.62	1
106:41	JDG.2.14	4
106:41	NEH.9.27-NEH.9.38	4
106:41	JDG.3.8	3
106:41	JDG.3.12	3
106:41	JDG.4.1-JDG.4.2	3
106:41	DEU.28.25	2
106:41	DEU.28.29	2
106:41	DEU.28.33	2
106:41	DEU.28.48	2
106:41	DEU.32.30	2
106:41	JDG.6.1-JDG.6.6	2
106:41	JDG.10.7-JDG.10.18	2
106:42	JDG.4.3	2
106:42	JDG.10.12	2
106:43	JDG.2.16-JDG.2.18	7
106:43	PSA.81.12	7
106:43	PSA.1.1	4
106:43	1SA.12.9-1SA.12.11	3
106:43	PSA.106.29	2
106:43	JDG.5.8	1
106:43	JDG.6.5	1
106:43	1SA.13.19	1
106:44	JDG.3.9	7
106:44	JDG.4.3	5
106:44	JDG.2.18	3
106:44	JDG.6.6-JDG.6.10	3
106:44	JDG.10.10-JDG.10.16	3
106:44	1SA.7.8-1SA.7.12	3
106:44	2KI.14.26-2KI.14.27	3
106:44	NEH.9.27-NEH.9.38	3
106:45	PSA.105.8	7
106:45	2KI.13.23	6
106:45	EXO.32.14	5
106:45	JDG.2.18	5
106:45	LAM.3.32	5
106:45	LEV.26.40-LEV.26.42	4
106:45	PSA.51.1	4
106:45	PSA.69.16	4
106:45	ISA.63.7	4
106:45	LUK.1.71-LUK.1.72	4
106:45	PSA.90.13	3
106:45	HOS.11.8	3
106:45	DEU.32.36	2
106:45	2SA.24.16	2
106:45	PSA.135.14	2
106:45	AMO.7.3	2
106:45	AMO.7.6	2
106:46	EZR.9.9	5
106:46	JER.42.12	5
106:46	1KI.8.50	4
106:46	JER.15.11	4
106:46	NEH.1.11	3
106:46	2CH.30.9	2
106:47	1CH.16.35-1CH.16.36	6
106:47	2CO.2.14	4
106:47	REV.7.10-REV.7.12	4
106:47	PSA.14.7	3
106:47	PSA.107.1-PSA.107.3	3
106:47	EZK.36.24-EZK.36.28	3
106:47	PSA.126.1	2
106:47	PSA.147.2	2
106:47	JER.32.37-JER.32.41	2
106:47	EZK.37.21-EZK.37.28	2
106:47	EZK.39.25-EZK.39.29	2
106:48	PSA.41.13	7
106:48	PSA.89.52	5
106:48	1CH.29.10	3
106:48	PSA.72.18-PSA.72.19	3
106:48	PSA.105.45-PSA.106.1	2
106:48	1CO.14.16	2
107:1	1CH.16.34	27
107:1	PSA.106.1	25
107:1	2CH.7.3	20
107:1	PSA.105.1	19
107:1	PSA.100.5	18
107:1	LUK.1.50	16
107:1	PSA.118.1	15
107:1	2CH.7.6	14
107:1	PSA.136.1-PSA.136.26	14
107:1	1CH.16.41	11
107:1	2CH.20.21	11
107:1	PSA.103.17	11
107:1	PSA.119.68	11
107:1	2CH.5.13	10
107:1	MAT.19.17	8
107:2	1PE.1.18-1PE.1.19	30
107:2	LUK.1.74	18
107:2	GAL.3.13	15
107:2	PSA.31.5	13
107:2	PSA.106.10	13
107:2	TIT.2.14	11
107:2	ISA.44.22	9
107:2	ISA.35.9	8
107:2	ISA.43.1	8
107:2	LUK.1.68	8
107:2	DEU.7.8	7
107:2	ISA.62.12	6
107:2	JER.15.21	6
107:2	JER.31.11	6
107:2	EXO.15.16	5
107:2	DEU.15.15	5
107:2	PSA.130.8	4
107:2	ISA.63.4	4
107:2	LUK.24.21	4
107:2	MIC.4.10	1
107:3	PSA.106.47	10
107:3	ISA.43.5-ISA.43.6	8
107:3	JER.29.14	7
107:3	REV.5.9	7
107:3	DEU.30.3	3
107:3	JER.31.8	3
107:3	JER.31.10	3
107:3	EZK.36.24	3
107:3	EZK.39.27	3
107:3	ISA.11.11-ISA.11.16	2
107:3	ISA.49.12	2
107:3	ISA.56.8	2
107:3	EZK.20.34	2
107:4	DEU.32.10	9
107:4	EZK.34.6	6
107:4	EZK.34.12	6
107:4	NUM.14.33	5
107:4	GEN.21.14-GEN.21.16	3
107:4	JOB.12.24	3
107:4	PSA.107.40	3
107:4	HEB.11.38	3
107:4	NUM.32.13	2
107:4	DEU.8.15	2
107:4	REV.12.6	2
107:5	MRK.8.2-MRK.8.3	4
107:5	JDG.15.18-JDG.15.19	3
107:5	1SA.30.11-1SA.30.12	3
107:5	ISA.44.12	3
107:5	LAM.2.19	3
107:5	JER.14.18	2
107:6	PSA.50.15	14
107:6	PSA.91.15	11
107:6	JER.29.12-JER.29.14	10
107:6	HEB.4.15-HEB.4.16	10
107:6	PSA.107.13	8
107:6	PSA.107.19	8
107:6	PSA.107.28	8
107:6	2CO.1.8-2CO.1.10	8
107:6	HOS.5.15	7
107:6	2TI.3.11	7
107:6	2CO.12.8-2CO.12.10	5
107:6	ISA.41.17-ISA.41.18	4
107:7	JER.31.9	5
107:7	EZR.8.21-EZR.8.23	4
107:7	PSA.77.20	4
107:7	HEB.11.9-HEB.11.10	4
107:7	HEB.12.22	4
107:7	NEH.11.3	3
107:7	PSA.78.52	3
107:7	PSA.107.4	3
107:7	PSA.107.36	3
107:7	ISA.30.21	3
107:7	ISA.49.8-ISA.49.11	3
107:7	JER.33.10-JER.33.13	3
107:7	HEB.11.16	3
107:7	2PE.2.15	3
107:7	ISA.48.17	2
107:7	ISA.63.13-ISA.63.14	2
107:7	JER.6.16	2
107:7	JER.31.24	2
107:7	JER.31.38-JER.31.40	2
107:7	2PE.2.21	2
107:7	REV.21.2-REV.21.4	2
107:7	REV.21.10-REV.21.27	2
107:7	PSA.136.16	1
107:7	ISA.35.8-ISA.35.10	1
107:8	PSA.107.31	12
107:8	PSA.147.1	12
107:8	DAN.4.2-DAN.4.3	11
107:8	PSA.78.4	9
107:8	PSA.107.15	9
107:8	PSA.107.21	9
107:8	DEU.32.29	7
107:8	PSA.34.3	7
107:8	PSA.92.1-PSA.92.2	7
107:8	DAN.6.27	7
107:8	PSA.111.4	6
107:8	PSA.81.13-PSA.81.16	5
107:8	ISA.48.18	5
107:8	ISA.63.7	5
107:8	DEU.5.29	4
107:8	PSA.40.5	4
107:9	MAT.5.6	27
107:9	JER.31.25	24
107:9	PSA.34.10	21
107:9	LUK.1.53	19
107:9	PSA.146.7	18
107:9	PSA.22.26	15
107:9	ISA.55.1-ISA.55.3	14
107:9	REV.7.16-REV.7.17	14
107:9	PSA.132.15	13
107:9	JER.31.14	12
107:10	LUK.1.79	9
107:10	MIC.7.8	7
107:10	ISA.42.7	5
107:10	MAT.4.16	5
107:10	ROM.6.20-ROM.6.21	5
107:10	EXO.2.23-EXO.2.24	4
107:10	JOB.36.8-JOB.36.9	4
107:10	PSA.105.18	4
107:10	MAT.22.13	4
107:10	JOB.3.5	3
107:10	LAM.3.6-LAM.3.7	3
107:10	2CH.33.11	2
107:10	ISA.9.2	2
107:11	PSA.106.43	7
107:11	PSA.78.40	6
107:11	PRO.1.25	6
107:11	ROM.1.28	6
107:11	1SA.2.5-1SA.2.8	5
107:11	2CH.33.10	5
107:11	2CH.36.16	5
107:11	PSA.73.24	5
107:11	PRO.1.30-PRO.1.31	5
107:11	JER.44.16	5
107:11	LUK.7.30	5
107:11	ACT.20.27	5
107:11	PSA.68.6	4
107:11	PSA.113.7-PSA.113.9	4
107:11	LUK.16.14	4
107:11	2CH.25.15-2CH.25.16	3
107:11	PSA.68.18	3
107:11	PSA.119.24	3
107:11	ISA.5.19	3
107:11	ISA.63.10-ISA.63.11	3
107:11	LAM.3.39-LAM.3.42	3
107:11	PSA.106.7	1
107:11	LAM.5.15-LAM.5.17	1
107:12	PSA.22.11	7
107:12	EXO.5.18-EXO.5.19	5
107:12	EXO.2.23	4
107:12	LUK.15.14-LUK.15.17	4
107:12	ISA.51.23	3
107:12	JDG.10.16-JDG.10.18	2
107:12	JDG.16.30	2
107:12	2KI.6.26-2KI.6.27	2
107:12	2KI.6.33	2
107:12	NEH.9.37	2
107:12	JOB.9.13	2
107:12	ISA.51.19-ISA.51.20	2
107:12	ISA.52.5	2
107:12	ISA.63.5	2
107:12	LAM.5.5-LAM.5.6	2
107:12	JDG.16.21	1
107:12	PSA.18.40-PSA.18.41	1
107:12	PSA.142.4	1
107:13	PSA.107.28	13
107:13	PSA.107.6	12
107:13	JDG.4.3	10
107:13	JDG.6.6-JDG.6.10	10
107:13	PSA.18.6	10
107:13	EXO.3.7-EXO.3.8	9
107:13	2CH.33.12-2CH.33.13	9
107:13	PSA.116.3-PSA.116.6	9
107:13	PSA.107.19	8
107:13	JDG.10.10-JDG.10.18	7
107:13	2CH.33.18-2CH.33.19	7
107:13	JER.31.18-JER.31.20	7
107:14	ISA.42.16	16
107:14	PSA.116.16	14
107:14	EPH.5.8	13
107:14	1PE.2.9	12
107:14	ZEC.9.11-ZEC.9.12	11
107:14	PSA.107.10	9
107:14	ISA.61.1	8
107:14	JER.52.31-JER.52.34	8
107:14	ACT.5.19	7
107:14	JOB.36.8	6
107:14	JOB.42.10-JOB.42.12	6
107:14	PSA.68.6	6
107:14	PSA.102.20	6
107:14	PSA.105.19-PSA.105.20	6
107:14	LUK.13.16	6
107:14	ACT.5.25	6
107:14	JOB.3.5	5
107:14	JOB.10.21-JOB.10.22	5
107:14	JOB.33.30	5
107:14	PSA.146.7	5
107:14	ISA.49.9	5
107:14	ISA.60.1-ISA.60.3	5
107:14	ACT.12.7-ACT.12.10	5
107:14	ACT.16.26-ACT.16.40	5
107:14	JOB.15.30	4
107:14	JOB.19.8	4
107:14	JOB.15.22	1
107:15	PSA.107.21	4
107:15	PSA.107.8	3
107:15	PSA.107.31	3
107:15	PSA.116.17-PSA.116.19	3
107:16	ISA.45.1-ISA.45.2	10
107:16	JDG.16.3	5
107:16	MIC.2.13	4
107:17	LAM.3.39	5
107:17	PRO.1.22	3
107:17	NUM.11.33-NUM.11.34	2
107:17	NUM.21.5-NUM.21.9	2
107:17	PSA.14.1	2
107:17	PSA.38.1-PSA.38.8	2
107:17	PSA.92.6	2
107:17	PRO.7.7	2
107:17	ISA.57.17-ISA.57.18	2
107:17	ISA.65.6-ISA.65.7	2
107:17	JER.2.19	2
107:17	NUM.12.10-NUM.12.13	1
107:17	PRO.7.22	1
107:18	PSA.9.13	5
107:18	PSA.88.3	5
107:18	JOB.33.19-JOB.33.22	4
107:18	ISA.38.10	3
107:18	JOB.38.17	2
107:19	PSA.34.4-PSA.34.6	5
107:19	PSA.78.34-PSA.78.35	5
107:19	PSA.30.8-PSA.30.12	3
107:19	PSA.107.6	3
107:19	PSA.107.13	3
107:19	PSA.116.4-PSA.116.8	3
107:19	JER.33.3	3
107:19	PSA.107.28	2
107:20	MAT.8.8	68
107:20	PSA.103.3-PSA.103.4	62
107:20	PSA.147.15	54
107:20	PSA.147.3	50
107:20	2KI.20.4-2KI.20.5	45
107:20	JOB.33.28-JOB.33.30	41
107:20	PSA.56.13	38
107:20	PSA.147.18-PSA.147.19	33
107:20	PSA.30.2-PSA.30.3	32
107:20	JOB.33.23-JOB.33.26	30
107:20	PSA.49.15	26
107:20	NUM.21.8-NUM.21.9	25
107:21	PSA.107.8	4
107:21	LUK.17.18	3
107:21	2CH.32.25	2
107:21	PSA.66.5	2
107:21	PSA.107.15	2
107:21	PSA.107.31	2
107:22	PSA.50.14	8
107:22	PSA.9.11	7
107:22	PSA.118.17	7
107:22	HEB.13.15	6
107:22	PSA.105.1-PSA.105.2	5
107:22	PSA.116.17	5
107:22	LEV.7.12	4
107:22	PSA.73.28	4
107:22	ISA.12.4	4
107:22	PSA.116.12	3
107:22	1PE.2.5	3
107:22	1PE.2.9	1
107:23	PSA.48.7	3
107:23	REV.18.17	3
107:23	ISA.42.10	2
107:23	EZK.27.26	2
107:23	ACT.27.9-ACT.27.28	2
107:24	PSA.95.5	3
107:24	JOB.38.8-JOB.38.11	2
107:24	PSA.104.24-PSA.104.27	2
107:25	JON.1.4	11
107:25	MAT.8.24	8
107:25	PSA.148.8	6
107:25	PSA.93.3	5
107:25	PSA.105.34	5
107:25	PSA.105.31	3
107:25	PSA.135.7	3
107:25	JHN.6.18	3
107:26	PSA.22.14	6
107:26	PSA.119.28	5
107:26	2SA.17.10	2
107:26	ISA.13.7	2
107:26	NAM.2.10	2
107:27	JOB.12.25	7
107:27	ISA.19.14	5
107:27	ISA.19.3	4
107:27	ISA.29.9	4
107:27	JOB.37.20	3
107:27	ISA.24.20	3
107:27	ACT.27.15-ACT.27.20	3
107:28	MAT.8.25	9
107:28	PSA.107.13	8
107:28	PSA.107.19	8
107:28	PSA.107.6	6
107:28	ACT.27.23-ACT.27.25	5
107:28	JON.1.5-JON.1.6	3
107:28	JON.1.14	3
107:29	MAT.8.26	18
107:29	PSA.65.7	16
107:29	LUK.8.23-LUK.8.25	16
107:29	PSA.89.9	13
107:29	MRK.4.39-MRK.4.41	13
107:29	JON.1.15	7
107:30	JHN.6.21	8
107:31	PSA.103.2	4
107:31	PSA.107.8	4
107:31	PSA.107.15	3
107:31	PSA.107.21	3
107:31	REV.15.3	3
107:31	PSA.71.17	2
107:31	PSA.72.18-PSA.72.19	2
107:31	PSA.77.11	2
107:31	PSA.77.14	2
107:31	PSA.105.1-PSA.105.2	2
107:31	HOS.2.8	2
107:31	JON.1.16	2
107:31	JON.2.9	2
107:31	MIC.6.4-MIC.6.5	2
107:31	ROM.1.20-ROM.1.21	2
107:31	2TI.3.2	2
107:31	HEB.13.15	2
107:32	PSA.22.22	6
107:32	PSA.22.25	6
107:32	PSA.46.10	4
107:32	PSA.99.5	4
107:32	PSA.40.9-PSA.40.10	3
107:32	PSA.119.46	3
107:32	ISA.25.1	3
107:32	EXO.15.2	2
107:32	PSA.18.46	2
107:32	PSA.35.18	2
107:32	PSA.66.16	2
107:32	PSA.99.9	2
107:32	PSA.111.1	2
107:32	ISA.12.4	2
107:32	ACT.4.8-ACT.4.12	2
107:33	ISA.42.15	5
107:33	ISA.50.2	5
107:33	AMO.4.7-AMO.4.8	3
107:33	1KI.17.1-1KI.17.7	2
107:33	1KI.18.5	2
107:33	PSA.74.15	2
107:33	ISA.13.19-ISA.13.21	2
107:33	ISA.19.5-ISA.19.10	2
107:33	ISA.34.9-ISA.34.10	2
107:33	ISA.44.27	2
107:33	JER.14.3	2
107:33	EZK.30.12	2
107:33	JOL.1.20	2
107:33	NAM.1.4	2
107:33	ZEP.2.9	2
107:33	ZEP.2.13	2
107:34	GEN.13.10	5
107:34	GEN.14.3	5
107:34	DEU.29.23-DEU.29.28	3
107:34	EZK.47.11	3
107:34	GEN.13.13	2
107:34	GEN.19.24-GEN.19.25	2
107:34	ISA.32.13-ISA.32.15	2
107:35	PSA.114.8	13
107:35	ISA.35.6-ISA.35.7	11
107:35	ISA.41.17-ISA.41.19	10
107:35	ISA.44.3-ISA.44.5	9
107:35	2KI.3.16-2KI.3.20	4
107:35	NUM.21.16-NUM.21.18	3
107:35	EZK.47.6-EZK.47.12	3
107:36	PSA.107.7	6
107:36	LUK.1.53	6
107:36	ACT.17.26	4
107:36	PSA.146.7	3
107:37	1CO.3.7	7
107:37	2CO.9.10	6
107:37	ISA.37.30	4
107:37	JER.29.5	4
107:37	ZEC.8.12	4
107:37	GEN.26.12	3
107:37	EZK.28.26	3
107:37	HAG.1.10-HAG.1.11	3
107:37	PSA.65.9-PSA.65.13	2
107:37	ISA.65.21	2
107:37	JER.31.5	2
107:37	JOL.1.10-JOL.1.12	2
107:37	HAG.1.5-HAG.1.6	2
107:37	HAG.2.16-HAG.2.19	2
107:37	ACT.14.17	2
107:37	AMO.9.13-AMO.9.15	1
107:38	EXO.1.7	13
107:38	GEN.12.2	12
107:38	GEN.17.20	12
107:38	DEU.7.14	10
107:38	DEU.30.9	10
107:38	PSA.128.1-PSA.128.6	10
107:38	GEN.17.16	8
107:38	DEU.28.11	8
107:38	PSA.144.13-PSA.144.14	8
107:38	GEN.1.28	7
107:38	GEN.30.43	7
107:38	DEU.28.4	7
107:38	PRO.10.22	7
107:38	JER.30.19	7
107:38	GEN.31.9	6
107:38	EXO.9.3-EXO.9.7	6
107:38	EZK.37.26	6
107:38	GEN.9.1	5
107:38	EXO.12.38	4
107:39	EXO.2.23-EXO.2.24	4
107:39	2KI.10.32	4
107:39	JDG.6.3-JDG.6.6	3
107:39	2KI.14.26	3
107:39	2CH.15.5-2CH.15.6	3
107:39	GEN.45.11	2
107:39	EXO.1.13-EXO.1.14	2
107:39	RUT.1.20-RUT.1.21	2
107:39	1SA.2.5-1SA.2.7	2
107:39	2KI.4.8	2
107:39	2KI.8.3	2
107:39	2KI.13.7	2
107:39	2KI.13.22	2
107:39	JOB.1.10-JOB.1.17	2
107:39	PSA.30.6-PSA.30.7	2
107:39	JER.51.33-JER.51.34	2
107:40	JOB.12.24	9
107:40	JOB.12.21	8
107:40	DAN.4.33	5
107:40	ISA.23.8-ISA.23.9	4
107:40	EXO.8.3	3
107:40	EXO.8.17	3
107:40	EXO.8.24	3
107:40	DEU.32.10	3
107:40	JOS.10.24-JOS.10.26	3
107:40	JDG.1.6-JDG.1.7	3
107:40	JDG.4.21	3
107:40	1SA.5.9	3
107:40	1SA.6.4	3
107:40	1KI.21.19	3
107:40	2KI.9.35-2KI.9.37	3
107:40	PSA.78.66	3
107:40	PSA.107.4	3
107:40	JER.13.15-JER.13.18	3
107:40	DAN.5.5-DAN.5.6	3
107:40	DAN.5.18-DAN.5.30	3
107:40	ACT.12.23	3
107:40	REV.19.18	3
107:41	1SA.2.8	8
107:41	JOB.21.11	7
107:41	1SA.2.21	5
107:41	EST.8.15-EST.8.17	5
107:41	JOB.8.7	5
107:41	PSA.78.52	5
107:41	ISA.49.20-ISA.49.22	5
107:41	RUT.4.14-RUT.4.17	4
107:41	JOB.5.11	4
107:41	JOB.11.15-JOB.11.19	4
107:41	JOB.42.10-JOB.42.12	4
107:41	JAS.5.11	4
107:41	GEN.23.5-GEN.23.7	3
107:41	GEN.48.11	3
107:41	JOB.42.16	3
107:41	PSA.113.7-PSA.113.9	3
107:41	PSA.128.6	3
107:41	PRO.17.6	3
107:41	JER.52.31-JER.52.34	3
107:42	JOB.22.19	7
107:42	PSA.63.11	7
107:42	ROM.3.19	6
107:42	PSA.52.6	5
107:42	JOB.5.15-JOB.5.16	4
107:42	EXO.11.7	3
107:42	PSA.58.10-PSA.58.11	3
107:42	PSA.112.10	3
107:42	PRO.10.11	3
107:42	ISA.66.10-ISA.66.11	3
107:42	ISA.66.14	3
107:43	HOS.14.9	8
107:43	PSA.64.9	7
107:43	JER.9.12	7
107:43	DAN.10.12	6
107:43	EPH.3.18-EPH.3.19	6
107:43	JER.9.24	5
107:43	PSA.50.23	4
107:43	PSA.28.5	3
107:43	ISA.5.12	3
108:1	PSA.57.7-PSA.57.11	13
108:1	PSA.145.21-PSA.146.2	12
108:1	PSA.104.33	11
108:1	PSA.71.15	10
108:1	PSA.68.1	9
108:1	PSA.71.23-PSA.71.24	9
108:1	PSA.71.8	8
108:1	EXO.15.1	7
108:1	PSA.34.1	7
108:1	PSA.145.1-PSA.145.2	5
108:1	PSA.16.9	4
108:1	PSA.30.12	4
108:1	PSA.138.1	3
108:2	PSA.69.30	7
108:2	PSA.81.2	7
108:2	PSA.33.2	6
108:2	PSA.57.8	6
108:2	PSA.92.1-PSA.92.4	5
108:2	PSA.103.22	5
108:2	JDG.5.12	4
108:3	PSA.22.22	8
108:3	PSA.22.27	8
108:3	PSA.117.1	6
108:3	ZEP.3.14	6
108:3	ZEP.3.20	5
108:3	PSA.96.10	3
108:3	PSA.138.4-PSA.138.5	3
108:4	PSA.36.5	9
108:4	PSA.103.11	4
108:4	EPH.2.4-EPH.2.7	4
108:4	PSA.89.2	3
108:4	PSA.85.10	2
108:4	PSA.89.5	2
108:4	ISA.55.9	2
108:4	PSA.113.4	1
108:4	MIC.7.18-MIC.7.20	1
108:5	PSA.57.5	8
108:5	PSA.148.13	5
108:5	MAT.6.9-MAT.6.10	5
108:5	1CH.29.10-1CH.29.13	4
108:5	PSA.8.1	4
108:5	PSA.21.13	4
108:5	PSA.57.11	4
108:5	PSA.72.19	4
108:5	ISA.6.3	3
108:5	MAT.6.13	3
108:6	2CH.32.20-2CH.32.22	9
108:6	PSA.60.5-PSA.60.12	8
108:6	DEU.33.12	7
108:6	COL.3.12	7
108:6	PSA.35.1-PSA.35.3	6
108:6	EPH.1.6	6
108:6	1KI.18.24	5
108:6	1KI.18.29	5
108:6	1KI.18.36-1KI.18.37	5
108:6	PSA.54.1	5
108:6	PSA.144.5-PSA.144.7	5
108:6	ISA.51.2-ISA.51.11	5
108:6	ISA.65.24	5
108:6	JER.33.3	5
108:6	MAT.3.17	5
108:6	MAT.17.5	5
108:6	ROM.1.7	5
108:6	EXO.15.6	4
108:6	2SA.12.25	4
108:6	1KI.18.26	3
108:6	PSA.98.1-PSA.98.2	2
108:7	1PE.1.8	4
108:7	JOS.20.7	3
108:7	2PE.1.3-2PE.1.4	3
108:7	JOS.17.7	2
108:7	JOS.24.1	2
108:7	JDG.8.5-JDG.8.6	2
108:7	2SA.7.20-2SA.7.29	2
108:7	PSA.16.9-PSA.16.11	2
108:7	1PE.1.3	2
108:7	GEN.33.17	1
108:7	PSA.89.35-PSA.89.36	1
108:7	AMO.4.2	1
108:8	GEN.49.10	3
108:8	PSA.122.5	2
108:8	JOS.13.8-JOS.13.11	1
108:8	1SA.28.4	1
108:8	2SA.2.8	1
108:8	DEU.33.17	0
108:8	2SA.5.5	0
108:9	RUT.4.7-RUT.4.8	3
108:9	ISA.14.29-ISA.14.32	3
108:9	JHN.13.8	3
108:9	JHN.13.14	3
108:9	2SA.21.15-2SA.21.22	2
108:9	PSA.60.8-PSA.60.10	2
108:9	2SA.8.1-2SA.8.2	1
108:10	ISA.63.1-ISA.63.6	4
108:10	PSA.20.6-PSA.20.8	2
108:10	OBA.1.3-OBA.1.4	2
108:10	PSA.60.1	1
108:10	JER.49.7-JER.49.16	1
108:11	2CH.13.12	5
108:11	PSA.44.9	4
108:11	1SA.17.36	3
108:11	1SA.29.1-1SA.29.11	3
108:11	2CH.20.15	3
108:11	NUM.10.9	2
108:11	DEU.20.3-DEU.20.4	2
108:11	1SA.17.26	2
108:11	2CH.14.11	2
108:12	JER.17.5-JER.17.8	6
108:12	PSA.146.3-PSA.146.5	5
108:12	ISA.2.22	4
108:12	ISA.31.3	4
108:12	LAM.4.17	4
108:12	PSA.20.1-PSA.20.9	3
108:12	ISA.30.3-ISA.30.5	3
108:12	JOB.16.2	2
108:12	JOB.9.13	1
108:13	PSA.118.6-PSA.118.13	8
108:13	PSA.60.12	6
108:13	PSA.18.29-PSA.18.34	5
108:13	ISA.63.3	5
108:13	ROM.16.20	5
108:13	2CO.2.14	4
108:13	PSA.18.42	3
108:13	PSA.144.1	3
108:13	JDG.15.8	2
108:13	2CH.20.12	2
108:13	ISA.25.10	2
108:13	1CO.15.10	2
108:13	EPH.6.10-EPH.6.18	2
109:1	PSA.28.1	6
109:1	PSA.83.1	6
109:1	DEU.10.21	5
109:1	EXO.15.2	4
109:1	PSA.35.22-PSA.35.23	4
109:1	ISA.42.14	4
109:1	JER.17.14	3
109:1	PSA.118.28	2
109:2	PSA.52.4	6
109:2	PSA.120.2-PSA.120.3	5
109:2	PRO.6.17	5
109:2	2SA.17.1	4
109:2	PSA.31.13	4
109:2	PSA.31.18	4
109:2	PRO.12.19	4
109:2	JER.9.5	4
109:2	ACT.6.13	4
109:2	2SA.15.3-2SA.15.8	3
109:2	PSA.64.3-PSA.64.4	3
109:2	PRO.15.28	3
109:2	JER.9.3	3
109:2	MAT.26.59-MAT.26.62	3
109:2	PSA.140.3	2
109:3	PSA.69.4	7
109:3	PSA.35.7	5
109:3	PSA.35.20	3
109:3	PSA.88.17	3
109:3	JHN.15.24-JHN.15.25	3
109:3	1SA.19.4-1SA.19.5	2
109:3	1SA.26.18	2
109:3	2SA.15.12	2
109:3	2SA.16.7-2SA.16.8	2
109:3	PSA.17.11	2
109:3	PSA.22.12	2
109:3	PSA.59.3-PSA.59.4	2
109:3	HOS.11.12	2
109:4	PSA.38.20	11
109:4	PSA.35.7	8
109:4	PSA.69.12-PSA.69.13	8
109:4	LUK.23.34	8
109:4	PSA.55.16-PSA.55.17	7
109:4	PSA.35.12	5
109:4	LUK.6.11-LUK.6.12	5
109:4	JHN.10.32	4
109:4	2CO.12.15	4
109:4	DAN.6.10	3
109:4	2SA.15.31-2SA.15.32	2
109:4	2SA.13.39	1
109:5	PSA.38.20	4
109:5	PRO.17.13	4
109:5	GEN.44.4	3
109:5	2SA.15.31	3
109:5	PSA.35.7-PSA.35.12	3
109:5	PSA.55.12-PSA.55.15	3
109:5	2SA.15.12	2
109:5	MRK.14.44-MRK.14.45	2
109:5	LUK.6.16	2
109:5	LUK.22.47-LUK.22.48	2
109:5	JHN.13.18	2
109:6	ZEC.3.1	9
109:6	MAT.5.25	6
109:6	MAT.27.4	4
109:6	JHN.13.2	3
109:6	JHN.13.27	1
109:7	PRO.28.9	10
109:7	PRO.21.27	7
109:7	PRO.15.8	5
109:7	GAL.3.10	5
109:7	2SA.15.7-2SA.15.8	3
109:7	ISA.1.15	3
109:7	ISA.66.3	3
109:7	MAT.23.13	3
109:7	ROM.3.19	3
109:8	PSA.55.23	6
109:8	ACT.1.16-ACT.1.26	6
109:8	MAT.27.5	2
109:9	EXO.22.24	7
109:9	JER.18.21	4
109:9	LAM.5.3	3
109:10	GEN.4.12-GEN.4.14	5
109:10	PSA.37.25	5
109:10	2KI.5.27	3
109:10	PSA.59.15	3
109:10	ISA.16.2	3
109:10	2SA.3.29	2
109:10	JOB.24.8-JOB.24.12	2
109:10	JOB.30.3-JOB.30.9	2
109:11	JOB.5.5	4
109:11	DEU.28.29	2
109:11	DEU.28.33-DEU.28.34	2
109:11	DEU.28.50-DEU.28.51	2
109:11	JOB.18.9-JOB.18.19	2
109:11	JOB.20.18	2
109:11	JDG.6.3-JDG.6.6	1
109:12	PSA.137.8-PSA.137.9	3
109:12	MAT.27.25	3
109:12	LUK.6.38	3
109:12	JAS.2.13	3
109:12	JOB.5.4	2
109:12	ISA.9.17	2
109:12	ISA.13.18	2
109:12	ISA.27.11	2
109:12	LUK.11.50-LUK.11.51	2
109:13	PRO.10.7	6
109:13	JOB.18.19	5
109:13	PSA.37.28	5
109:13	DEU.9.14	2
109:13	DEU.25.19	2
109:13	DEU.29.20	2
109:13	1SA.2.31-1SA.2.33	2
109:13	1SA.3.13	2
109:13	2KI.10.10-2KI.10.11	2
109:13	PSA.21.10	2
109:13	ISA.14.20-ISA.14.22	2
109:13	JER.22.30	2
109:14	EXO.20.5	8
109:14	NEH.4.5	7
109:14	JER.18.23	6
109:14	LEV.26.39	3
109:14	2SA.3.29	3
109:14	2SA.21.1	3
109:14	2SA.21.8-2SA.21.9	3
109:14	2KI.8.27	3
109:14	2KI.9.27	3
109:14	2KI.10.13-2KI.10.14	3
109:14	2KI.11.1	3
109:14	2CH.22.3-2CH.22.4	3
109:14	ISA.43.25	3
109:14	MAT.23.31-MAT.23.36	3
109:15	PSA.34.16	6
109:15	JOB.18.17	5
109:15	PSA.90.8	5
109:15	PSA.51.9	3
109:15	DEU.32.34	2
109:15	PSA.109.13	2
109:15	ISA.65.15	2
109:15	JER.2.22	2
109:15	AMO.8.7	2
109:15	HOS.7.2	1
109:16	PSA.34.18	4
109:16	PSA.37.14	3
109:16	MAT.18.33-MAT.18.35	3
109:16	JAS.2.13	3
109:16	GEN.42.21	2
109:16	2SA.16.11-2SA.16.12	2
109:16	2SA.17.1-2SA.17.2	2
109:16	JOB.19.2-JOB.19.3	2
109:16	JOB.19.21-JOB.19.22	2
109:16	PSA.10.2	2
109:16	PSA.10.14	2
109:16	PSA.37.32	2
109:16	PSA.69.20-PSA.69.29	2
109:16	MAT.5.7	2
109:16	MAT.27.35-MAT.27.46	2
109:16	MRK.14.34-MRK.14.36	2
109:17	MAT.7.2	10
109:17	PRO.14.14	7
109:17	PSA.52.4-PSA.52.5	6
109:17	PSA.59.12-PSA.59.13	6
109:17	EZK.35.6	6
109:17	2TH.2.10-2TH.2.11	5
109:17	REV.16.6	4
109:18	PSA.73.6	6
109:18	NUM.5.22	5
109:18	MAT.27.3-MAT.27.5	3
109:18	COL.3.12	3
109:18	NUM.5.27	2
109:18	JOB.20.12-JOB.20.16	2
109:18	JOB.20.20-JOB.20.23	2
109:18	JOB.29.14	2
109:18	MAT.26.24	2
109:18	ACT.1.18	2
109:18	ACT.1.25	2
109:18	COL.3.8	2
109:18	1PE.5.5	2
109:19	PSA.109.29	5
109:19	PSA.35.26	4
109:19	PSA.132.18	4
109:19	PSA.109.18	3
109:20	2TI.4.14	4
109:20	1KI.2.44	3
109:20	PSA.94.23	3
109:20	2SA.17.23	2
109:20	2SA.18.32	2
109:20	PSA.2.5-PSA.2.6	2
109:20	PSA.2.12	2
109:20	PSA.21.8-PSA.21.12	2
109:20	PSA.40.14-PSA.40.15	2
109:20	PSA.71.10	2
109:20	PSA.110.1	2
109:20	PSA.110.5-PSA.110.6	2
109:20	MAT.11.19	2
109:20	MAT.12.24	2
109:20	MAT.26.66-MAT.26.67	2
109:20	MRK.9.39	2
109:20	LUK.19.27	2
109:20	1CO.12.3	2
109:20	1TH.2.15-1TH.2.16	2
109:21	PSA.31.3	9
109:21	PSA.69.16	8
109:21	PSA.25.11	7
109:21	PSA.63.3	7
109:21	PSA.79.9-PSA.79.10	7
109:21	PSA.86.15	6
109:21	PSA.143.11-PSA.143.12	6
109:21	PHP.2.8-PHP.2.11	6
109:21	PSA.36.7-PSA.36.9	5
109:21	PSA.69.29	5
109:21	PSA.86.5	5
109:21	JHN.17.1	5
109:21	PSA.23.3	4
109:22	PSA.40.17	6
109:22	PSA.86.1	6
109:22	PSA.102.4	5
109:22	2KI.4.27	4
109:22	PSA.22.6	4
109:22	JHN.12.27	4
109:22	2CO.8.9	4
109:22	JOB.6.4	3
109:22	PSA.88.15-PSA.88.16	3
109:22	PSA.102.17-PSA.102.20	3
109:22	PSA.109.16	3
109:22	ISA.53.3	3
109:22	MAT.8.20	3
109:22	LUK.22.44	3
109:23	EXO.10.19	4
109:23	1CH.29.15	3
109:23	JOB.14.2	3
109:23	PSA.102.10-PSA.102.11	3
109:23	EXO.10.13	2
109:23	PSA.144.4	2
109:23	ECC.6.12	2
109:23	ECC.8.13	2
109:23	JAS.4.14	2
109:24	PSA.22.14	4
109:24	PSA.32.3-PSA.32.4	4
109:24	MAT.4.2	4
109:24	HEB.12.12	4
109:24	JOB.19.20	3
109:24	PSA.35.13-PSA.35.14	3
109:24	PSA.38.5-PSA.38.8	3
109:24	PSA.69.10	3
109:24	PSA.102.4-PSA.102.5	3
109:24	2CO.11.27	3
109:25	PSA.22.6-PSA.22.7	7
109:25	PSA.69.19-PSA.69.20	4
109:25	ROM.15.3	4
109:25	PSA.69.9-PSA.69.12	3
109:25	JOB.16.4	2
109:25	PSA.31.11-PSA.31.13	2
109:25	PSA.35.15-PSA.35.16	2
109:25	ISA.37.22	2
109:25	MAT.27.39-MAT.27.40	2
109:25	MRK.15.29	2
109:25	HEB.12.2	2
109:25	HEB.13.13	2
109:26	PSA.119.86	7
109:26	PSA.57.1	5
109:26	PSA.69.13	4
109:26	HEB.5.7	4
109:26	PSA.40.12	3
109:26	PSA.69.16	3
109:27	JOB.37.7	13
109:27	1KI.18.36-1KI.18.37	12
109:27	EXO.8.19	11
109:27	1SA.17.46-1SA.17.47	10
109:27	PSA.17.13-PSA.17.14	10
109:27	PSA.64.8-PSA.64.9	10
109:27	PSA.126.2	10
109:27	ACT.2.32-ACT.2.36	10
109:27	ACT.4.16	10
109:27	NUM.16.28-NUM.16.30	9
109:28	NUM.23.20	7
109:28	JHN.16.22	5
109:28	NUM.22.12	4
109:28	PSA.109.17	4
109:28	HEB.12.2	4
109:28	NUM.23.23	2
109:28	2SA.16.10-2SA.16.13	2
109:28	ISA.65.13-ISA.65.16	2
109:29	PSA.35.26	7
109:29	PSA.132.18	7
109:29	JOB.8.22	5
109:29	JER.20.11	4
109:29	PSA.6.10	3
109:29	PSA.109.17-PSA.109.19	3
109:29	PSA.140.9	3
109:29	DAN.12.2	3
109:29	MIC.7.10	3
109:30	PSA.111.1	7
109:30	PSA.35.18	6
109:30	PSA.22.22-PSA.22.25	4
109:30	PSA.138.1	4
109:30	PSA.107.32	3
109:30	PSA.108.1-PSA.108.3	3
109:30	PSA.116.12-PSA.116.18	3
109:30	PSA.138.4	3
109:30	HEB.2.12	3
109:30	PSA.7.17	2
109:30	PSA.9.1	2
109:30	PSA.71.22-PSA.71.23	2
109:31	PSA.121.5	13
109:31	PSA.16.8	12
109:31	PSA.73.23	10
109:31	PSA.110.5	10
109:31	PSA.140.12	10
109:31	ISA.54.17	10
109:31	PRO.22.22-PRO.22.23	8
109:31	PSA.68.5	7
109:31	PSA.72.4	7
109:31	ECC.5.8	7
109:31	PSA.10.14	6
109:31	PSA.72.12-PSA.72.13	6
109:31	PSA.109.16	6
109:31	EXO.22.22-EXO.22.24	5
109:31	ACT.5.30-ACT.5.31	5
109:31	ACT.4.10-ACT.4.12	2
110:1	HEB.10.12-HEB.10.13	80
110:1	1CO.15.25	64
110:1	LUK.20.42-LUK.20.43	56
110:1	HEB.1.13	55
110:1	MRK.12.35-MRK.12.37	53
110:1	HEB.1.3	52
110:1	EPH.1.20-EPH.1.22	50
110:1	HEB.12.2	41
110:1	ACT.2.34-ACT.2.35	40
110:1	MAT.22.42-MAT.22.46	39
110:1	MAT.26.64	39
110:1	1PE.3.22	37
110:1	PSA.8.6	33
110:1	HEB.8.1	32
110:1	COL.3.1	29
110:1	MRK.16.19	23
110:1	PSA.45.6-PSA.45.7	15
110:1	PSA.2.6-PSA.2.9	14
110:2	JER.48.17	4
110:2	2CO.10.4-2CO.10.5	4
110:2	MAT.28.18-MAT.28.20	3
110:2	PSA.2.8-PSA.2.9	2
110:2	PSA.45.5-PSA.45.6	2
110:2	PSA.72.8	2
110:2	EXO.8.5	1
110:2	PSA.22.28-PSA.22.29	1
110:2	ISA.2.3	1
110:2	EZK.19.14	1
110:2	EZK.47.1	1
110:2	MIC.4.2	1
110:2	ACT.2.34-ACT.2.37	1
110:2	ROM.1.16	1
110:2	1CO.1.23-1CO.1.24	1
110:2	1TH.2.13	1
110:2	1PE.1.12	1
110:2	DAN.7.13-DAN.7.14	0
110:2	MIC.7.14	0
110:3	JDG.5.2	13
110:3	HEB.13.21	12
110:3	TIT.2.14	11
110:3	1TH.4.7	10
110:3	EPH.1.4	9
110:3	REV.7.9	7
110:3	PSA.96.9	6
110:3	ACT.2.33	6
110:3	ACT.4.30-ACT.4.35	6
110:3	ACT.21.20	6
110:3	2CO.8.1-2CO.8.3	6
110:3	2CO.8.12	6
110:3	2CO.8.16	6
110:3	2CO.13.4	6
110:3	1CH.16.29	5
110:3	NEH.11.2	5
110:3	PSA.22.27-PSA.22.28	5
110:3	ACT.1.8	5
110:3	ACT.2.41	5
110:3	ACT.19.20	5
110:3	ROM.11.2-ROM.11.6	5
110:3	GAL.1.15-GAL.1.16	5
110:3	PHP.2.13	5
110:3	ACT.4.4	4
110:3	EZK.43.12	3
110:4	HEB.7.17	27
110:4	HEB.5.6	26
110:4	HEB.7.21	22
110:4	GEN.14.18	17
110:4	HEB.6.20-HEB.7.3	16
110:4	HEB.7.11	16
110:4	HEB.7.28	16
110:4	NUM.23.19	15
110:4	ZEC.6.13	11
110:4	REV.1.6	11
110:4	HEB.6.13-HEB.6.18	9
110:4	PSA.89.34-PSA.89.36	8
110:4	PSA.132.11	8
110:5	ROM.2.5	7
110:5	PSA.16.8	6
110:5	REV.6.15-REV.6.17	5
110:5	REV.17.12-REV.17.14	5
110:5	PSA.68.14	4
110:5	PSA.2.2-PSA.2.6	3
110:5	MRK.16.19	3
110:5	ACT.2.34-ACT.2.36	3
110:5	ACT.7.55-ACT.7.56	3
110:5	REV.11.18	3
110:5	REV.19.11-REV.19.21	3
110:5	PSA.2.9-PSA.2.12	2
110:5	PSA.21.8-PSA.21.9	2
110:5	PSA.68.30	2
110:5	PSA.110.1	2
110:5	PSA.149.7-PSA.149.9	2
110:5	EZK.38.18-EZK.38.19	2
110:5	ZEC.9.13-ZEC.9.15	2
110:5	REV.20.8-REV.20.9	2
110:5	PSA.45.4-PSA.45.5	1
110:5	ZEC.9.9-ZEC.9.10	1
110:6	PSA.68.21	6
110:6	ISA.2.4	4
110:6	MIC.4.3	4
110:6	JHN.5.22	4
110:6	REV.19.11	4
110:6	ISA.42.4	3
110:6	REV.14.20	3
110:6	GEN.3.15	2
110:6	1SA.2.10	2
110:6	ISA.11.3	2
110:6	ISA.34.2-ISA.34.8	2
110:6	ISA.42.1	2
110:6	ISA.43.2-ISA.43.4	2
110:6	ISA.51.5	2
110:6	ISA.66.16-ISA.66.17	2
110:6	ISA.66.24	2
110:6	EZK.38.21-EZK.38.22	2
110:6	EZK.39.4	2
110:6	EZK.39.11-EZK.39.20	2
110:6	JOL.3.12-JOL.3.16	2
110:6	HAB.3.13	2
110:7	PSA.27.6	6
110:7	JDG.7.5-JDG.7.6	4
110:7	HEB.2.9-HEB.2.10	4
110:7	MAT.26.42	3
110:7	JHN.18.11	2
110:7	PHP.2.7-PHP.2.11	2
110:7	1PE.1.11	2
110:7	PSA.3.3	1
110:7	ISA.53.11-ISA.53.12	1
110:7	JER.23.15	1
110:7	JER.52.31	1
110:7	MAT.20.22	1
110:7	LUK.24.26	1
110:7	JOB.21.20	0
111:1	PSA.138.1	13
111:1	PSA.149.1	10
111:1	PSA.106.1	9
111:1	PSA.109.30	9
111:1	PSA.35.18	8
111:1	PSA.108.3	8
111:1	PSA.40.9-PSA.40.10	7
111:1	1CH.29.10-1CH.29.20	6
111:1	2CH.6.3-2CH.6.4	6
111:1	PSA.22.25	6
111:1	PSA.89.5	6
111:1	PSA.89.7	6
111:1	PSA.106.48	6
111:1	PSA.9.1	5
111:1	PSA.107.32	5
111:1	2CH.20.26-2CH.20.28	4
111:1	PSA.103.1	3
111:2	PSA.104.24	14
111:2	PRO.24.14	13
111:2	PSA.139.14	8
111:2	PSA.143.5	8
111:2	EPH.1.19	7
111:2	JER.32.17-JER.32.19	6
111:2	REV.15.3	6
111:2	EPH.2.7-EPH.2.10	5
111:2	PSA.77.11-PSA.77.12	4
111:2	PRO.17.16	4
111:2	ECC.3.11	4
111:2	DAN.4.3	4
111:2	JOB.5.9	3
111:2	JOB.9.10	3
111:2	JOB.37.7	3
111:2	PRO.18.1-PRO.18.2	3
111:2	ROM.1.28	3
111:2	ROM.8.6	3
111:2	1PE.1.10-1PE.1.12	3
111:2	JOB.26.12-JOB.26.14	2
111:2	JOB.38.1-JOB.38.41	2
111:2	JOB.41.1-JOB.41.34	2
111:2	PSA.92.4-PSA.92.5	2
111:2	PSA.104.34	2
111:2	PSA.107.43	2
111:2	ISA.40.12	2
111:3	PSA.145.4-PSA.145.5	7
111:3	PSA.145.10-PSA.145.12	6
111:3	EPH.3.10	5
111:3	REV.5.12-REV.5.14	5
111:3	PSA.119.142	4
111:3	EXO.15.11	3
111:3	PSA.19.1	3
111:3	PSA.103.17	3
111:3	ISA.51.8	3
111:3	EPH.1.6-EPH.1.8	3
111:3	EXO.15.6-EXO.15.7	2
111:3	PSA.112.3	2
111:3	PSA.112.9	2
111:3	PSA.119.144	2
111:3	PSA.145.17	2
111:3	ISA.51.5-ISA.51.6	2
111:3	DAN.9.24	2
111:4	PSA.103.8	8
111:4	ISA.63.7	7
111:4	PSA.86.5	6
111:4	PSA.145.8	6
111:4	EPH.1.6-EPH.1.8	6
111:4	DEU.31.19-DEU.31.30	5
111:4	PSA.78.38	4
111:4	PSA.112.4	4
111:4	ROM.5.20-ROM.5.21	4
111:4	1CO.11.24-1CO.11.26	4
111:4	EXO.12.26-EXO.12.27	3
111:4	EXO.34.6-EXO.34.7	3
111:4	JOS.4.6-JOS.4.7	3
111:4	JOS.4.21-JOS.4.24	3
111:4	PSA.78.4-PSA.78.8	3
111:4	PSA.86.15	3
111:4	EXO.13.14-EXO.13.15	2
111:4	DEU.4.9	2
111:4	1TI.1.14	2
111:4	MIC.7.18-MIC.7.19	1
111:5	PSA.105.8	7
111:5	LUK.1.72	4
111:5	NEH.1.5	3
111:5	PSA.89.34	3
111:5	PSA.106.45	3
111:5	DAN.9.4	3
111:5	MAT.6.26-MAT.6.33	3
111:5	PSA.34.9-PSA.34.10	2
111:5	PSA.37.3	2
111:5	ISA.33.16	2
111:5	LUK.12.30	2
111:6	PSA.2.8	10
111:6	PSA.80.8	9
111:6	JOS.10.13-JOS.10.14	7
111:6	PSA.44.2	7
111:6	JOS.3.14-JOS.3.17	6
111:6	JOS.6.20	6
111:6	PSA.78.12-PSA.78.72	6
111:6	PSA.105.27-PSA.105.45	5
111:6	DEU.4.32-DEU.4.38	4
111:7	PSA.19.7	11
111:7	PSA.89.14	7
111:7	DEU.32.4	4
111:7	PSA.98.3	3
111:7	PSA.105.8	3
111:7	PSA.119.151	3
111:7	PSA.119.160	3
111:7	REV.15.3-REV.15.4	3
111:7	PSA.85.10	2
111:7	PSA.93.5	2
111:7	PSA.119.86	2
111:7	2TI.2.13	1
111:8	MAT.5.18	7
111:8	PSA.19.9	5
111:8	ISA.40.8	3
111:8	ROM.7.12	3
111:8	REV.15.3	3
111:8	PSA.119.127-PSA.119.128	2
111:8	ROM.3.31	2
111:9	PSA.99.3	10
111:9	LUK.1.49	9
111:9	LUK.1.68	9
111:9	TIT.2.14	9
111:9	REV.5.9	7
111:9	HEB.9.12	6
111:9	HEB.13.20	6
111:9	DEU.28.58	5
111:9	JER.33.20-JER.33.21	5
111:9	EPH.1.7	5
111:9	EPH.1.14	5
111:9	REV.4.8	5
111:9	ISA.55.3	4
111:9	MAL.1.11	4
111:9	MAT.1.21	4
111:9	1PE.1.18-1PE.1.20	4
111:9	EXO.15.11	3
111:9	2SA.23.5	3
111:9	1CH.16.15	3
111:9	PSA.111.5	3
111:9	ISA.44.6	3
111:9	ISA.63.9	3
111:9	GAL.3.15-GAL.3.17	3
111:9	EXO.15.13	2
111:9	DEU.15.15	2
111:9	PSA.89.7	2
111:9	PSA.99.5	2
111:9	PSA.99.9	2
111:9	PSA.130.7-PSA.130.8	2
111:9	ISA.6.3	2
111:9	MAL.2.2	2
111:10	PRO.1.7	30
111:10	PRO.9.10	28
111:10	JOB.28.28	24
111:10	ECC.12.13	18
111:10	DEU.4.6	10
111:10	JHN.5.44	9
111:10	MAT.25.21	8
111:10	MAT.25.23	8
111:10	JHN.13.17	8
111:10	2CO.4.17	7
111:10	ROM.2.7	6
111:10	PRO.3.4	5
111:10	PSA.1.3	4
111:10	1CO.4.5	4
111:10	REV.22.14	4
111:10	JOS.1.7-JOS.1.8	3
111:10	JHN.12.43	3
111:10	ROM.2.29	3
111:10	2TI.3.15-2TI.3.17	2
111:10	PSA.145.2	1
111:10	1PE.1.7	1
112:1	PSA.128.1	23
112:1	LUK.1.50	18
112:1	PSA.119.47-PSA.119.48	15
112:1	ISA.50.10	15
112:1	PSA.119.35	14
112:1	PSA.115.7-PSA.115.13	12
112:1	PSA.111.10	10
112:1	PSA.145.19	10
112:1	PSA.150.1	10
112:1	PSA.119.97	9
112:1	PSA.119.143	9
112:1	PSA.147.1	9
112:1	ROM.7.22	9
112:1	PSA.1.1-PSA.1.2	8
112:1	PSA.40.8	8
112:1	PSA.148.11-PSA.148.14	8
112:1	PSA.111.1	7
112:1	ROM.8.6	7
112:1	PSA.119.14	5
112:1	PSA.119.16	5
112:1	PSA.119.70-PSA.119.72	5
112:2	GEN.17.7	21
112:2	PSA.37.26	19
112:2	PRO.20.7	19
112:2	ACT.2.39	15
112:2	PSA.25.13	14
112:2	PSA.102.28	12
112:2	JER.32.39	12
112:2	GEN.22.17-GEN.22.18	11
112:3	PRO.15.6	27
112:3	PRO.3.16	24
112:3	MAT.6.33	19
112:3	ISA.33.6	14
112:3	PHP.4.18-PHP.4.19	11
112:3	PSA.112.9	10
112:3	PSA.111.10	9
112:3	2CO.6.10	9
112:3	1TI.6.6-1TI.6.8	9
112:3	PSA.111.3	8
112:3	ISA.32.17	6
112:3	ISA.51.8	5
112:3	MAT.24.22-MAT.24.24	2
112:4	JOB.11.17	13
112:4	PSA.97.11	11
112:4	COL.3.12-COL.3.13	11
112:4	ISA.58.10	10
112:4	LUK.6.36	9
112:4	1JN.3.7	9
112:4	PSA.106.1	8
112:4	EPH.4.32-EPH.5.2	8
112:4	1JN.2.29	8
112:4	PSA.37.6	7
112:4	JHN.12.46	7
112:4	EPH.5.9	7
112:4	TIT.2.11-TIT.2.12	7
112:4	MAL.4.2	6
112:4	2CO.8.8-2CO.8.9	6
112:4	ISA.50.10	5
112:4	MIC.7.8-MIC.7.9	5
112:4	EPH.5.15	5
112:4	1JN.3.10	4
112:5	PSA.37.21	10
112:5	PRO.2.20	6
112:5	EPH.5.15	6
112:5	DEU.15.7-DEU.15.10	5
112:5	PSA.37.25-PSA.37.26	5
112:5	PRO.24.30-PRO.24.34	5
112:5	JHN.6.12	5
112:5	PHP.1.9	5
112:5	LUK.6.35	4
112:5	LUK.23.50	4
112:5	ROM.5.7	4
112:5	ROM.12.11	4
112:5	PRO.12.2	3
112:5	PRO.17.18	3
112:5	PRO.22.26-PRO.22.27	3
112:5	JOB.31.16-JOB.31.20	2
112:5	PRO.18.9	2
112:5	PRO.24.27	2
112:5	PRO.27.23-PRO.27.27	2
112:5	ACT.11.24	2
112:5	COL.4.5	2
112:6	PRO.10.7	12
112:6	PSA.62.2	7
112:6	PSA.125.1	7
112:6	HEB.6.10	7
112:6	PSA.15.5	5
112:6	PSA.55.22	5
112:6	NEH.13.31	4
112:6	PSA.62.6	4
112:6	MAT.25.34-MAT.25.40	4
112:6	2PE.1.5-2PE.1.11	4
112:6	NEH.13.22	3
112:7	ISA.26.3-ISA.26.4	27
112:7	PRO.1.33	23
112:7	PSA.57.7	19
112:7	PSA.118.6	14
112:7	PRO.3.25-PRO.3.26	13
112:7	JHN.14.1	13
112:7	PSA.34.4	12
112:7	PSA.56.3-PSA.56.4	9
112:7	PSA.64.10	9
112:7	PSA.118.8-PSA.118.9	9
112:7	PSA.27.1-PSA.27.3	8
112:7	PSA.62.8	7
112:7	DAN.3.16	6
112:7	LUK.21.9	5
112:7	ACT.27.25	5
112:7	LUK.21.19	3
112:7	ACT.20.24	0
112:7	ACT.21.13	0
112:8	PSA.31.24	5
112:8	PSA.59.10	5
112:8	PSA.91.8	5
112:8	PSA.118.7	5
112:8	HEB.13.9	4
112:8	PSA.92.11	3
112:8	PRO.3.33	3
112:8	PSA.27.14	2
112:9	HEB.13.16	10
112:9	PSA.75.10	9
112:9	2CO.9.9-2CO.9.15	7
112:9	JAS.2.15-JAS.2.16	7
112:9	ISA.58.7	6
112:9	ISA.58.10	6
112:9	ROM.12.13	6
112:9	1TI.6.18	6
112:9	HEB.6.10	6
112:9	1JN.3.16-1JN.3.18	6
112:9	PRO.11.24-PRO.11.25	5
112:9	ECC.11.1-ECC.11.2	5
112:9	ECC.11.6	5
112:9	LUK.14.12-LUK.14.14	5
112:9	ACT.20.35	5
112:9	REV.22.11	5
112:9	DEU.15.11	4
112:9	PSA.92.10	4
112:9	PRO.19.17	4
112:9	DEU.24.13	3
112:9	1SA.2.1	3
112:9	1SA.2.30	3
112:9	PSA.112.3	3
112:9	MRK.14.7	3
112:9	LUK.12.33	3
112:9	LUK.16.9	3
112:9	JHN.13.29	3
112:9	2CO.8.9	3
112:9	ISA.32.8	2
112:9	MAT.6.4	2
112:9	LUK.11.41	2
112:9	LUK.18.22	2
112:9	ACT.4.35	2
112:10	PSA.58.7-PSA.58.8	6
112:10	PRO.10.28	6
112:10	JOB.8.13	5
112:10	PSA.37.12	5
112:10	PSA.86.17	5
112:10	PRO.11.7	5
112:10	LUK.13.28	5
112:10	MAT.22.13	3
112:10	LUK.16.23-LUK.16.26	3
112:10	REV.16.10-REV.16.11	3
112:10	EST.6.11-EST.6.12	2
112:10	ISA.65.13-ISA.65.14	2
112:10	MAT.8.12	2
113:1	EPH.5.19-EPH.5.20	7
113:1	PSA.135.1-PSA.135.3	5
113:1	PSA.135.20	4
113:1	PSA.33.1-PSA.33.2	3
113:1	PSA.34.22	3
113:1	PSA.69.36	3
113:1	PSA.103.20-PSA.103.21	3
113:1	PSA.112.1	3
113:1	PSA.134.1	3
113:1	PSA.145.10	3
113:1	REV.19.5	3
113:2	DAN.2.20	6
113:2	1CH.16.36	3
113:2	PSA.41.13	3
113:2	REV.5.13	3
113:2	1CH.29.10-1CH.29.13	2
113:2	PSA.106.48	1
113:2	EPH.3.21	1
113:3	MAL.1.11	29
113:3	PSA.18.3	22
113:3	PSA.86.9	20
113:3	ISA.59.19	20
113:3	PSA.48.10	18
113:3	ISA.49.13	18
113:3	PSA.72.11	13
113:3	REV.11.15	13
113:3	PSA.72.17-PSA.72.19	11
113:3	PSA.50.1	10
113:3	HAB.2.14	10
113:3	ROM.15.9-ROM.15.10	10
113:3	ISA.24.16	9
113:3	ISA.42.10-ISA.42.12	9
113:4	PSA.8.1	9
113:4	PSA.99.2	8
113:4	PSA.97.9	6
113:4	PSA.148.13	5
113:4	ISA.40.17	5
113:4	PSA.57.10-PSA.57.11	4
113:4	ISA.40.15	4
113:4	ISA.40.22	4
113:4	ISA.66.1	4
113:4	1KI.8.27	3
113:5	PSA.89.6	9
113:5	ISA.40.25	9
113:5	JER.10.6	9
113:5	DEU.33.26	8
113:5	EXO.15.11	7
113:5	PSA.89.8	6
113:5	ISA.40.18	5
113:5	PSA.35.10	4
113:5	PSA.103.19	4
113:5	ISA.16.5	3
113:6	ISA.57.15	9
113:6	PSA.11.4	8
113:6	PSA.138.6	8
113:6	ISA.6.2	3
113:6	ISA.66.2	3
113:6	JOB.4.18	2
113:6	JOB.15.15	2
113:7	1SA.2.7-1SA.2.8	22
113:7	LUK.1.52-LUK.1.53	19
113:7	PSA.107.41	17
113:7	JOB.5.11	11
113:7	2SA.7.8-2SA.7.9	10
113:7	EZK.17.24	9
113:7	DAN.12.2-DAN.12.3	8
113:7	PSA.75.6-PSA.75.7	7
113:7	JOB.5.15-JOB.5.16	6
113:7	JOB.36.6-JOB.36.7	5
113:7	ISA.26.19	5
113:7	EZK.21.26-EZK.21.27	5
113:7	JAS.2.5	5
113:7	1PE.3.21-1PE.3.22	5
113:7	EPH.1.20-EPH.1.21	4
113:7	JOB.2.8	2
113:7	1SA.24.14	1
113:7	PSA.22.15	1
113:7	ACT.2.31-ACT.2.33	1
113:8	JOB.36.7	10
113:8	PHP.2.8-PHP.2.11	5
113:8	GEN.41.41	4
113:8	PSA.45.16	4
113:8	PSA.68.13	3
113:8	REV.5.9-REV.5.10	2
113:9	PSA.68.6	15
113:9	GEN.21.5-GEN.21.7	14
113:9	GEN.30.22-GEN.30.23	14
113:9	1SA.2.5	14
113:9	ISA.54.1	12
113:9	LUK.1.13-LUK.1.15	12
113:9	GEN.25.21	10
113:9	GAL.4.27	10
114:1	EXO.12.41-EXO.12.42	7
114:1	EXO.13.3	7
114:1	GEN.42.23	6
114:1	PSA.81.5	6
114:1	DEU.16.1	5
114:1	ISA.11.16	5
114:1	EXO.20.2	3
114:1	DEU.26.8	3
114:2	EXO.15.17	5
114:2	EXO.25.8	5
114:2	PSA.78.68-PSA.78.69	4
114:2	EXO.6.7	3
114:2	EXO.19.5-EXO.19.6	3
114:2	EXO.29.45-EXO.29.46	3
114:2	EZK.37.26-EZK.37.28	3
114:2	LEV.11.45	2
114:2	DEU.23.14	2
114:2	DEU.27.9	2
114:2	2CO.6.16-2CO.6.17	1
114:2	REV.21.3	1
114:2	DEU.27.12	0
114:3	EXO.14.21	10
114:3	PSA.77.16	9
114:3	HAB.3.8-HAB.3.9	7
114:3	JOS.3.13-JOS.3.16	6
114:3	ISA.63.12	5
114:3	HAB.3.15	5
114:3	EXO.15.8	4
114:3	PSA.74.15	4
114:3	PSA.104.7	4
114:3	PSA.106.9	4
114:4	JDG.5.4-JDG.5.5	11
114:4	EXO.19.18	10
114:4	EXO.20.18	9
114:4	HAB.3.6	8
114:4	JER.4.23-JER.4.24	7
114:4	HAB.3.8	5
114:4	2PE.3.7-2PE.3.11	5
114:4	REV.20.11	5
114:4	PSA.18.7	4
114:4	PSA.29.6	4
114:4	MIC.1.3-MIC.1.4	4
114:4	NAM.1.5	3
114:4	PSA.68.16	2
114:4	PSA.39.6	1
114:5	HAB.3.8	5
114:5	JER.47.6-JER.47.7	2
114:6	PSA.29.6	2
114:6	PSA.114.4	0
114:7	JER.5.22	10
114:7	JOB.26.11	9
114:7	PSA.104.32	9
114:7	ISA.64.1-ISA.64.3	9
114:7	PSA.96.9	7
114:7	PSA.97.4-PSA.97.5	7
114:7	MIC.6.1-MIC.6.2	7
114:7	JOB.9.6	6
114:7	PSA.77.18	6
114:8	DEU.8.15	11
114:8	PSA.107.35	11
114:8	NUM.20.11	10
114:8	EXO.17.6	8
114:8	PSA.105.41	8
114:8	1CO.10.4	7
114:8	PSA.78.15-PSA.78.16	6
114:8	NEH.9.15	5
115:1	PSA.79.9-PSA.79.10	18
115:1	ISA.48.11	17
115:1	PSA.96.8	11
115:1	EZK.20.14	8
115:1	EZK.36.32	6
115:1	EZK.36.22	4
115:1	EPH.1.6	4
115:1	JOS.7.9	3
115:1	PSA.61.7	3
115:1	PSA.89.1-PSA.89.2	3
115:1	DAN.9.19	3
115:1	REV.4.10-REV.4.11	3
115:1	MIC.7.20	2
115:1	JHN.1.17	2
115:1	ROM.15.8-ROM.15.9	2
115:1	PSA.74.22	0
115:2	PSA.42.3	9
115:2	PSA.79.10	9
115:2	PSA.42.10	6
115:2	EXO.32.12	5
115:2	NUM.14.15-NUM.14.16	3
115:2	DEU.32.26-DEU.32.27	3
115:2	JOL.2.17	3
115:2	2KI.19.10-2KI.19.19	2
115:3	PSA.135.6	33
115:3	DAN.4.35	28
115:3	ISA.46.10	26
115:3	EPH.1.11	19
115:3	PSA.103.19	17
115:3	ROM.9.19	11
115:3	PSA.2.4	9
115:3	PSA.123.1	8
115:3	MAT.6.9	7
115:3	1CH.16.25	6
115:3	PSA.68.4	5
115:4	DEU.4.28	13
115:4	ISA.46.6-ISA.46.7	8
115:4	JER.10.3-JER.10.5	8
115:4	ISA.40.19-ISA.40.20	6
115:4	HAB.2.18-HAB.2.20	5
115:4	ISA.44.10	4
115:4	ISA.46.1-ISA.46.2	4
115:4	PSA.135.15-PSA.135.18	3
115:4	ISA.37.19	3
115:4	ACT.19.26	3
115:4	PSA.97.7	2
115:4	HOS.8.6	2
115:4	ACT.19.35	2
115:4	1CO.10.19-1CO.10.20	2
115:4	2KI.19.18	1
115:4	ISA.42.17	1
115:4	ISA.44.20	1
115:5	JER.10.5	7
115:8	PSA.135.18	12
115:8	JER.10.8	7
115:8	HAB.2.18-HAB.2.19	7
115:8	JON.2.8	5
115:8	ISA.44.9-ISA.44.20	1
115:9	PSA.62.8	8
115:9	PSA.37.3	7
115:9	PRO.30.5	6
115:9	PSA.118.2-PSA.118.4	5
115:9	PSA.135.19-PSA.135.20	4
115:9	DEU.33.29	3
115:9	PSA.33.20-PSA.33.21	3
115:9	PSA.146.5-PSA.146.6	3
115:9	EXO.19.5	2
115:9	PSA.84.11	2
115:9	PSA.130.7	2
115:9	JER.17.17-JER.17.18	2
115:9	EPH.1.12	2
115:9	PSA.125.1	1
115:10	PSA.118.3	5
115:10	EXO.28.1	2
115:10	NUM.16.5	2
115:10	NUM.16.40	2
115:10	NUM.18.7	2
115:11	PRO.14.26	7
115:11	ACT.10.35	6
115:11	PSA.103.11	5
115:11	PSA.147.11	5
115:11	PRO.30.5	5
115:11	REV.19.5	5
115:11	PSA.22.23	4
115:11	PSA.33.18	4
115:11	PSA.118.4	3
115:12	PSA.136.23	14
115:12	EPH.1.3	14
115:12	ISA.44.21	12
115:12	GEN.12.2-GEN.12.3	11
115:12	ISA.49.14-ISA.49.16	11
115:12	PSA.25.7	9
115:12	PSA.67.7	9
115:12	EXO.2.24-EXO.2.25	8
115:12	GAL.3.29	8
115:12	GEN.2.17-GEN.2.18	7
115:12	GEN.8.1	7
115:12	ACT.3.26	7
115:12	GAL.3.14	7
115:12	ACT.10.4	6
115:13	PSA.112.1	13
115:13	PSA.128.1	12
115:13	LUK.1.50	12
115:13	REV.19.5	9
115:13	PSA.29.11	8
115:13	PSA.128.4-PSA.128.5	8
115:13	MAL.4.2	6
115:13	REV.11.18	6
115:13	MAL.3.16-MAL.3.17	5
115:13	ACT.13.26	5
115:13	ACT.26.22	4
115:13	REV.20.12	4
115:13	COL.3.11	3
115:14	DEU.1.11	17
115:14	ACT.2.39	13
115:14	ACT.3.25	12
115:14	JER.33.22	10
115:14	GEN.17.7	9
115:14	GEN.13.16	7
115:14	2SA.24.3	7
115:14	JER.30.19	6
115:14	JER.32.38-JER.32.39	6
115:14	REV.7.4	6
115:14	REV.7.9	6
115:14	ZEC.8.20-ZEC.8.23	5
115:14	HOS.1.10	4
115:14	ZEC.10.8	4
115:14	ISA.19.20-ISA.19.21	3
115:14	ISA.27.6	3
115:14	ISA.60.4-ISA.60.22	3
115:14	ISA.2.2-ISA.2.3	2
115:14	ISA.56.8	0
115:15	PSA.134.3	10
115:15	REV.14.7	9
115:15	GEN.1.1	8
115:15	GEN.14.19	8
115:15	PSA.121.2	7
115:15	PSA.96.5	4
115:15	GEN.32.26-GEN.32.29	3
115:15	PSA.124.8	3
115:15	PSA.146.5-PSA.146.6	3
115:15	ACT.14.15	3
115:15	EPH.1.3-EPH.1.4	3
115:15	1PE.3.9	3
115:15	PSA.3.8	1
115:16	PSA.8.6	29
115:16	PSA.89.11	25
115:16	GEN.1.28-GEN.1.30	23
115:16	JER.27.5-JER.27.6	20
115:16	GEN.9.1-GEN.9.3	13
115:16	DEU.32.8	11
115:16	PSA.144.5	6
115:16	ISA.66.1	6
115:16	PSA.148.4	3
115:16	LAM.3.66	3
115:16	JHN.14.2	3
115:17	PSA.6.5	14
115:17	ISA.38.18-ISA.38.19	13
115:17	PSA.88.10-PSA.88.12	11
115:17	PSA.30.9	9
115:17	PSA.31.17	8
115:17	1SA.2.9	6
115:18	PSA.113.2	7
115:18	DAN.2.20	6
115:18	PSA.145.21	4
115:18	REV.5.13	4
115:18	PSA.145.2	3
115:18	PSA.118.17-PSA.118.19	2
116:1	1JN.4.19	30
116:1	PSA.66.19-PSA.66.20	25
116:1	1JN.5.2-1JN.5.3	13
116:1	PSA.34.3-PSA.34.4	12
116:1	JHN.16.24	12
116:1	PSA.69.33	10
116:1	MRK.12.33	10
116:1	PSA.40.1	9
116:1	GEN.35.2	8
116:1	PSA.119.132	8
116:1	PSA.18.1-PSA.18.6	7
116:1	PSA.31.22-PSA.31.23	7
116:1	JHN.21.17	7
116:1	1SA.1.26	5
116:2	PSA.145.18-PSA.145.19	15
116:2	PSA.40.1	11
116:2	PSA.55.16-PSA.55.17	9
116:2	PHP.4.6	9
116:2	PSA.31.2	8
116:2	PSA.86.6-PSA.86.7	8
116:2	LUK.18.1	8
116:2	COL.4.2	6
116:2	PSA.88.1	4
116:2	JOB.27.10	3
116:3	PSA.18.4-PSA.18.6	8
116:3	PSA.38.6	8
116:3	PSA.32.3-PSA.32.4	6
116:3	PSA.88.6-PSA.88.7	6
116:3	LUK.22.44	5
116:3	JON.2.2-JON.2.3	4
116:3	HEB.5.7	4
116:3	ISA.53.3-ISA.53.4	3
116:3	MRK.14.33-MRK.14.36	3
116:4	PSA.118.5	8
116:4	PSA.22.20	6
116:4	PSA.143.6-PSA.143.9	4
116:4	LUK.23.42-LUK.23.43	4
116:4	PSA.30.7-PSA.30.8	3
116:4	PSA.50.15	3
116:4	PSA.142.4-PSA.142.6	3
116:4	LUK.18.13	3
116:4	2CH.33.12-2CH.33.13	2
116:4	PSA.6.4	2
116:4	PSA.18.6	2
116:4	PSA.22.1-PSA.22.3	2
116:4	PSA.25.17	2
116:4	PSA.34.6	2
116:4	PSA.40.12-PSA.40.13	2
116:4	PSA.130.1-PSA.130.2	2
116:4	ISA.37.15-ISA.37.20	2
116:4	ISA.38.1-ISA.38.3	2
116:4	JHN.2.2	1
116:5	PSA.103.8	7
116:5	PSA.145.17	7
116:5	PSA.119.137	6
116:5	EZR.9.15	5
116:5	NEH.9.8	4
116:5	PSA.86.15	4
116:5	EPH.1.6-EPH.1.8	4
116:5	1TI.1.14	4
116:5	EXO.34.6-EXO.34.7	3
116:5	PSA.112.4	3
116:5	DAN.9.7	3
116:5	DAN.9.14	3
116:5	EPH.2.4	3
116:5	NEH.9.17	2
116:5	NEH.9.31	2
116:5	NEH.9.33	2
116:5	PSA.86.5	2
116:5	PSA.115.1	2
116:5	PSA.145.4-PSA.145.8	2
116:5	ISA.45.21	2
116:5	JER.12.1	2
116:5	DAN.9.9	2
116:5	ROM.3.25-ROM.3.26	2
116:5	ROM.5.20-ROM.5.21	2
116:5	TIT.3.4-TIT.3.7	2
116:5	1JN.1.9	2
116:6	PSA.19.7	9
116:6	PSA.142.6	9
116:6	MAT.11.25	9
116:6	PSA.79.8	8
116:6	PSA.25.21	7
116:6	PSA.106.43	6
116:6	ISA.35.8	6
116:6	ROM.16.19	5
116:6	2CO.1.12	5
116:6	2CO.11.3	5
116:6	COL.3.22	5
116:7	PSA.13.6	12
116:7	MAT.11.28-MAT.11.29	8
116:7	PSA.119.17	6
116:7	JER.6.16	6
116:7	JER.30.10	6
116:7	PSA.95.11	5
116:7	HEB.4.8-HEB.4.10	4
116:7	HOS.2.7	3
116:8	PSA.56.13	20
116:8	REV.21.4	15
116:8	PSA.86.13	9
116:8	REV.7.17	9
116:8	ISA.25.8	7
116:8	PSA.37.24	6
116:8	PSA.49.15	5
116:8	PSA.94.18	5
116:8	ISA.38.5	5
116:8	JDG.1.24	4
116:9	PSA.27.13	9
116:9	LUK.1.75	4
116:9	GEN.17.1	3
116:9	1KI.2.4	3
116:9	1KI.8.25	3
116:9	1KI.9.4	3
116:9	ISA.53.8	3
116:9	PSA.61.7	2
116:9	LUK.1.6	2
116:10	2CO.4.13	19
116:10	HEB.11.1	11
116:10	PRO.21.28	7
116:10	2PE.1.21	7
116:10	2PE.1.16	6
116:10	NUM.14.6-NUM.14.9	5
116:11	JER.9.4-JER.9.5	9
116:11	ROM.3.4	9
116:11	PSA.31.22	8
116:11	PSA.62.9	7
116:11	1SA.27.1	5
116:11	2KI.4.16	5
116:12	1CO.6.20	28
116:12	PSA.103.2	27
116:12	2CO.5.14-2CO.5.15	18
116:12	ROM.12.1	17
116:12	2CH.32.25	16
116:12	PSA.51.12-PSA.51.14	14
116:12	ISA.6.5-ISA.6.8	8
116:13	PSA.16.5	12
116:13	PSA.105.1	9
116:13	PSA.116.2	9
116:13	PSA.80.18	8
116:13	1CO.10.21	7
116:13	PSA.116.17	6
116:13	ISA.12.4	5
116:13	LUK.22.20	5
116:13	1CO.10.16	5
116:13	1CO.11.25-1CO.11.27	5
116:13	LUK.22.17-LUK.22.18	4
116:14	PSA.22.25	6
116:14	PSA.116.18	5
116:14	JON.2.9	5
116:14	PSA.50.14	4
116:14	PSA.66.13-PSA.66.15	4
116:14	PSA.56.12	3
116:14	MAT.5.33	3
116:14	JON.1.16	2
116:14	NAM.1.15	2
116:15	PSA.72.14	32
116:15	1SA.25.29	13
116:15	PSA.37.32-PSA.37.33	12
116:15	LUK.16.22	12
116:15	REV.14.3	12
116:15	REV.1.18	8
116:15	JOB.5.26	3
116:16	PSA.86.16	13
116:16	PSA.143.12	7
116:16	PSA.119.125	6
116:16	JAS.1.1	3
116:16	2CH.33.11-2CH.33.13	2
116:16	PSA.107.14-PSA.107.16	2
116:16	ISA.61.1	2
116:16	JHN.12.26	2
116:16	ACT.27.23	2
116:16	ROM.6.22	2
116:17	PSA.50.14	8
116:17	LEV.7.12	6
116:17	PSA.107.22	5
116:17	HEB.13.15	4
116:17	PSA.116.13	3
116:17	ACT.2.42	2
116:18	PSA.116.14	6
116:18	PSA.22.25	5
116:18	PSA.76.11	4
116:18	ECC.5.5	3
116:19	PSA.96.8	5
116:19	PSA.135.2	5
116:19	2CH.6.6	2
116:19	PSA.100.4	2
116:19	PSA.118.19-PSA.118.20	2
116:19	PSA.122.3-PSA.122.4	2
117:1	REV.15.4	13
117:1	ROM.15.11	10
117:1	PSA.67.3	9
117:1	REV.5.9	7
117:1	PSA.66.1	4
117:1	PSA.86.9	4
117:1	PSA.66.4	3
117:1	PSA.148.11-PSA.148.14	3
117:1	REV.7.9-REV.7.10	3
117:1	PSA.150.6	2
117:1	ISA.24.15-ISA.24.16	2
117:1	ISA.42.10-ISA.42.12	1
117:2	ISA.25.1	18
117:2	PSA.103.11	15
117:2	PSA.89.1	11
117:2	PSA.100.4-PSA.100.5	11
117:2	1JN.5.6	11
117:2	MIC.7.20	9
117:2	JHN.14.6	9
117:2	PSA.85.10	8
117:2	ROM.15.8-ROM.15.9	7
117:2	LUK.1.54-LUK.1.55	5
118:1	1CH.16.34	20
118:1	PSA.107.1	16
118:1	PSA.106.1	14
118:1	JER.33.11	13
118:1	PSA.118.29	11
118:1	1CH.16.8	10
118:1	PSA.103.17	9
118:1	PSA.136.1	9
118:1	PSA.100.5	7
118:2	PSA.115.9-PSA.115.11	6
118:2	PSA.145.10	3
118:2	PSA.135.19-PSA.135.20	2
118:2	PSA.147.19-PSA.147.20	2
118:2	1PE.2.9-1PE.2.10	1
118:2	GAL.6.16	0
118:2	HEB.13.15	0
118:3	PSA.134.1-PSA.134.3	3
118:3	1PE.2.5	2
118:3	REV.1.6	2
118:3	REV.4.7-REV.4.11	2
118:3	REV.5.8-REV.5.10	2
118:4	PSA.22.23	6
118:4	REV.19.5	4
118:5	PSA.18.19	27
118:5	PSA.18.6	24
118:5	PSA.120.1	19
118:5	PSA.107.19	17
118:5	PSA.130.1-PSA.130.2	15
118:5	PSA.31.8	13
118:5	1SA.30.6-1SA.30.8	12
118:5	PSA.40.1-PSA.40.3	12
118:5	PSA.107.13	12
118:5	PSA.116.3-PSA.116.4	11
118:5	MRK.14.31-MRK.14.36	10
118:5	PSA.77.2	9
118:5	GEN.32.7	7
118:5	GEN.32.9-GEN.32.11	5
118:6	HEB.13.6	60
118:6	ROM.8.31	47
118:6	PSA.56.4	41
118:6	PSA.56.11	33
118:6	MIC.7.8-MIC.7.10	30
118:6	PSA.27.1-PSA.27.3	28
118:6	PSA.56.9	27
118:6	PSA.23.4	25
118:6	JER.20.11	25
118:6	ISA.51.12	23
118:6	PSA.46.11	20
118:6	PSA.146.5	17
118:6	PSA.46.1	14
118:7	PSA.59.10	12
118:7	PSA.54.4	11
118:7	PSA.54.7	7
118:7	PSA.55.18	5
118:7	PSA.92.11	4
118:7	PSA.112.8	4
118:7	1CH.12.18	3
118:8	PSA.40.4	46
118:8	JER.17.5-JER.17.7	40
118:8	PSA.62.8-PSA.62.9	33
118:8	MIC.7.5-MIC.7.7	32
118:9	PSA.146.3-PSA.146.5	7
118:9	ISA.31.1	4
118:9	EZK.29.7	4
118:9	ISA.30.2-ISA.30.3	3
118:9	ISA.31.8	3
118:9	ISA.30.15-ISA.30.17	2
118:9	ISA.36.6-ISA.36.7	1
118:10	PSA.88.17	4
118:10	REV.20.8-REV.20.9	3
118:10	2SA.8.1-2SA.8.18	2
118:10	2SA.10.1-2SA.10.19	2
118:10	PSA.18.40	2
118:10	ZEC.14.1-ZEC.14.3	2
118:10	2SA.5.1-2SA.5.25	1
118:10	ZEC.12.3	1
118:10	REV.19.19-REV.19.21	1
118:11	PSA.88.17	8
118:11	1SA.23.26	5
118:11	PSA.22.12-PSA.22.16	5
118:11	1CH.19.10	2
118:12	DEU.1.44	9
118:12	1SA.17.45	7
118:12	PSA.20.5	6
118:12	PSA.20.1	5
118:12	ECC.7.6	5
118:12	2SA.23.6	4
118:12	PSA.8.9	4
118:12	PSA.58.9	4
118:12	1CH.14.10-1CH.14.11	3
118:12	1CH.14.14-1CH.14.16	3
118:12	2CH.14.11-2CH.14.12	3
118:12	2CH.16.7-2CH.16.9	3
118:12	2CH.20.17-2CH.20.22	3
118:12	PSA.83.14-PSA.83.15	3
118:12	ISA.27.4	3
118:12	NAM.1.10	3
118:12	2CH.22.7-2CH.22.8	1
118:13	PSA.140.4	13
118:13	PSA.86.17	11
118:13	MIC.7.8	8
118:13	PSA.18.17-PSA.18.18	6
118:13	MAT.4.1-MAT.4.11	5
118:13	1SA.25.29	4
118:13	2SA.17.1-2SA.17.3	3
118:13	PSA.56.1-PSA.56.3	3
118:13	1SA.20.3	2
118:13	HEB.2.14	2
118:14	ISA.12.2	18
118:14	PSA.18.2	10
118:14	EXO.15.2-EXO.15.6	8
118:14	PSA.27.1	8
118:14	MAT.1.21-MAT.1.23	7
118:14	ISA.45.17	5
118:14	ISA.45.22-ISA.45.25	5
118:15	PSA.89.13	10
118:15	ACT.2.46-ACT.2.47	10
118:15	PSA.60.12	8
118:15	EXO.15.6	7
118:15	PSA.98.1	7
118:15	LUK.1.51	6
118:15	PSA.44.3	5
118:15	ISA.65.13	5
118:15	ACT.16.34	5
118:15	REV.18.20	5
118:15	PSA.32.11-PSA.33.1	4
118:15	PSA.68.3	4
118:15	PSA.119.111	4
118:15	DEU.12.12	3
118:15	PSA.30.11-PSA.30.12	3
118:15	PSA.45.4	3
118:15	ISA.51.9-ISA.51.11	3
118:15	REV.19.1-REV.19.5	3
118:15	PSA.119.54	2
118:16	EXO.15.6	7
118:16	ACT.2.32-ACT.2.36	3
118:17	JHN.11.4	39
118:17	PSA.71.17-PSA.71.18	26
118:17	ISA.38.16-ISA.38.20	23
118:17	PSA.6.5	22
118:17	PSA.73.28	21
118:17	HAB.1.12	20
118:17	ROM.14.7-ROM.14.9	17
118:17	PSA.145.4	15
118:17	PSA.40.5	14
118:17	PSA.107.22	14
118:17	PSA.40.10	13
118:17	JER.51.10	12
118:17	PSA.119.13	11
118:18	1CO.11.32	15
118:18	2CO.6.9	13
118:18	JOB.5.17-JOB.5.18	12
118:18	PRO.3.11-PRO.3.12	8
118:18	PSA.66.10-PSA.66.12	7
118:18	PSA.94.12-PSA.94.13	7
118:18	2CO.1.9-2CO.1.11	7
118:18	JON.2.6	6
118:18	JOB.33.16-JOB.33.30	4
118:18	2SA.12.10	3
118:18	2SA.13.1-2SA.13.39	3
118:18	HEB.12.10-HEB.12.11	3
118:18	2SA.16.1-2SA.16.23	2
118:19	ISA.26.2	13
118:19	REV.22.14	8
118:19	PSA.9.13-PSA.9.14	4
118:19	PSA.100.4	4
118:19	PSA.66.13-PSA.66.15	3
118:19	PSA.95.2	3
118:19	PSA.116.18-PSA.116.19	3
118:19	ISA.38.20	3
118:19	ISA.38.22	3
118:20	REV.21.24-REV.21.27	7
118:20	ISA.26.2	6
118:20	PSA.24.7	5
118:20	PSA.24.3-PSA.24.4	4
118:20	PSA.24.9	4
118:20	ISA.35.8-ISA.35.10	4
118:20	REV.22.14-REV.22.15	4
118:21	PSA.116.1	8
118:21	EXO.15.2	5
118:21	PSA.118.14	4
118:21	ISA.12.2	4
118:21	ISA.49.8	4
118:21	PSA.22.23-PSA.22.24	2
118:21	PSA.69.33-PSA.69.34	2
118:22	LUK.20.17	62
118:22	MAT.21.42	59
118:22	1PE.2.4-1PE.2.8	54
118:22	ACT.4.11	53
118:22	MRK.12.10-MRK.12.11	46
118:22	EPH.2.20-EPH.2.22	42
118:22	ZEC.4.7	22
118:23	JOB.5.9	8
118:23	ACT.13.41	7
118:23	EPH.1.19-EPH.1.22	7
118:23	ACT.4.13	6
118:23	ACT.5.31-ACT.5.32	2
118:23	ACT.2.32-ACT.2.36	1
118:23	ACT.3.14-ACT.3.15	1
118:24	PSA.84.10	78
118:24	ISA.58.13	25
118:24	NEH.8.10	20
118:24	2CH.20.26-2CH.20.28	19
118:24	1KI.8.66	17
118:24	REV.1.10	17
118:24	JHN.20.19-JHN.20.20	12
118:24	ACT.20.7	12
118:24	MAT.28.1-MAT.28.8	9
118:24	ZEC.3.9	8
118:25	PSA.90.17	18
118:25	PSA.20.9	10
118:25	PSA.69.13	9
118:25	PSA.22.21	7
118:25	PSA.69.1	4
118:26	LUK.19.38	21
118:26	MAT.21.9	19
118:26	MAT.23.39	15
118:26	JHN.12.13	15
118:26	MRK.11.9-MRK.11.10	11
118:26	LUK.13.35	11
118:26	PSA.129.8	6
118:26	PSA.134.3	6
118:26	NUM.6.23-NUM.6.26	2
118:26	ZEC.4.7	2
118:27	PSA.18.28	11
118:27	JHN.8.12	11
118:27	1PE.2.9	9
118:27	EST.8.16	8
118:27	ISA.9.2	8
118:27	ISA.60.1	8
118:27	1KI.18.39	7
118:27	PSA.37.6	7
118:27	1KI.8.63-1KI.8.64	6
118:27	MAL.4.2	6
118:27	EXO.38.2	5
118:27	1KI.18.21	5
118:27	PSA.51.18-PSA.51.19	5
118:27	EXO.27.2	4
118:27	1CH.29.21	3
118:27	HEB.13.15	3
118:27	MIC.7.9	2
118:28	ISA.25.1	14
118:28	PSA.146.2	11
118:28	EXO.15.2	10
118:28	ISA.12.2	8
118:28	ISA.25.9	7
118:28	PSA.145.1	6
118:29	EZR.3.11	8
118:29	PSA.118.1	5
118:29	PSA.103.17	4
118:29	ISA.63.7	2
119:1	LUK.11.28	65
119:1	EZK.11.20	61
119:1	JAS.1.25	51
119:1	PSA.128.1	40
119:1	JHN.13.17	38
119:1	LUK.1.6	32
119:1	PSA.1.1-PSA.1.3	31
119:1	TIT.2.11-TIT.2.12	30
119:1	1TH.4.1-1TH.4.2	27
119:1	PSA.112.1	24
119:1	PRO.11.20	23
119:1	ACT.24.16	23
119:1	PSA.101.2	21
119:1	MAT.5.3-MAT.5.12	21
119:1	PSA.32.1-PSA.32.2	19
119:1	HOS.14.9	19
119:1	REV.22.14	19
119:1	PSA.101.6	18
119:1	2CO.1.12	17
119:1	2CH.31.20-2CH.31.21	16
119:1	JOB.1.8	16
119:1	JOB.1.1	15
119:1	JHN.1.47	15
119:1	2KI.20.3	11
119:1	PRO.13.6	9
119:2	JER.29.13	33
119:2	DEU.4.29	27
119:2	PSA.119.10	27
119:2	JHN.14.23	21
119:2	PSA.25.10	18
119:2	EZK.36.27	15
119:2	DEU.6.17	12
119:2	PRO.23.26	12
119:2	1KI.2.3	11
119:2	2CH.31.21	11
119:2	DEU.6.5	10
119:2	PSA.105.45	9
119:2	1JN.3.20	9
119:2	PSA.119.22	8
119:2	PSA.119.146	7
119:3	1JN.5.18	13
119:3	1JN.3.9	11
119:4	1JN.5.3	21
119:4	JHN.14.21	19
119:4	MAT.28.20	18
119:4	JER.7.23	15
119:4	DEU.28.1-DEU.28.14	14
119:4	DEU.12.32	11
119:4	JHN.14.15	11
119:4	PHP.4.8-PHP.4.9	9
119:4	DEU.30.16	8
119:4	JOS.1.7	8
119:4	DEU.4.1	7
119:4	DEU.6.17	7
119:4	DEU.11.22	7
119:4	DEU.4.9	6
119:4	DEU.11.13	6
119:4	DEU.5.29-DEU.5.33	5
119:5	PSA.51.10	59
119:5	2TH.3.5	54
119:5	HEB.13.21	47
119:5	JER.31.33	42
119:5	PSA.119.36	37
119:5	ROM.7.22-ROM.7.24	37
119:5	PSA.119.32	36
119:5	PSA.119.173	34
119:5	PSA.119.159	32
119:5	PSA.119.44-PSA.119.45	29
119:5	PSA.119.131	23
119:6	1JN.2.28	14
119:6	JOB.22.26	9
119:6	PSA.119.80	9
119:6	JHN.15.14	9
119:6	PSA.119.31	7
119:6	PSA.119.128	7
119:6	DAN.12.2-DAN.12.3	7
119:6	JAS.2.10	7
119:6	1JN.3.20-1JN.3.21	7
119:7	PSA.119.171	13
119:7	JHN.6.45	11
119:7	PSA.25.4-PSA.25.5	10
119:7	PSA.119.12	10
119:7	1CH.29.13-1CH.29.17	9
119:7	PSA.9.1	8
119:7	PSA.25.8-PSA.25.10	8
119:7	ISA.48.17	8
119:7	PSA.119.27	6
119:7	PSA.119.33-PSA.119.34	6
119:7	PSA.119.73	5
119:7	PSA.86.12-PSA.86.13	4
119:7	PSA.119.64	4
119:7	PSA.143.10	4
119:7	PSA.119.18-PSA.119.19	3
119:7	PSA.119.124	3
119:8	PSA.71.9	13
119:8	PSA.51.11	12
119:8	PHP.4.13	10
119:8	PSA.38.21-PSA.38.22	7
119:8	PSA.71.18	6
119:8	PSA.119.176	6
119:8	JOS.24.15	5
119:8	PSA.119.16	5
119:8	PSA.119.106	5
119:8	PSA.119.115-PSA.119.117	3
119:9	2TI.2.22	88
119:9	JAS.1.21-JAS.1.25	67
119:9	2TI.3.15-2TI.3.17	50
119:9	JOS.1.7	45
119:9	PSA.25.7	36
119:9	PSA.119.11	36
119:9	TIT.2.4-TIT.2.6	32
119:9	PSA.1.1-PSA.1.3	28
119:9	PRO.1.10	26
119:9	PSA.34.11	25
119:9	PSA.19.7-PSA.19.11	23
119:9	PSA.119.97-PSA.119.105	22
119:9	PRO.6.20-PRO.6.35	19
119:9	JHN.15.3	19
119:9	PRO.4.10-PRO.4.17	18
119:9	ECC.11.9-ECC.12.1	18
119:9	DEU.6.6-DEU.6.9	17
119:9	PRO.1.4	17
119:9	PRO.4.1	16
119:9	JOB.1.5	13
119:9	PSA.78.4-PSA.78.8	13
119:9	PRO.7.7	13
119:9	LUK.15.13	13
119:9	PRO.5.7-PRO.5.23	12
119:9	DEU.17.18	10
119:9	2CH.6.16	10
119:9	JOB.13.26	10
119:10	PSA.119.34	26
119:10	2CH.15.15	19
119:10	PSA.119.2	17
119:10	PSA.23.3	16
119:10	PSA.119.133	14
119:10	ISA.35.8	13
119:10	PSA.78.37	12
119:10	PSA.119.118	12
119:10	PSA.125.5	12
119:10	JER.3.10	12
119:10	PSA.119.21	11
119:10	PRO.21.16	11
119:10	PRO.2.13	10
119:10	HOS.10.2	10
119:10	COL.3.22	10
119:10	1SA.7.3	9
119:10	PSA.119.176	9
119:10	PSA.143.8-PSA.143.10	9
119:10	1JN.2.15	9
119:10	PSA.119.58	8
119:10	PSA.119.69	8
119:10	EZK.34.6	8
119:10	ZEP.1.5-ZEP.1.6	8
119:10	MAT.6.24	8
119:10	2PE.2.15-2PE.2.22	6
119:11	PSA.37.31	95
119:11	COL.3.16	82
119:11	PSA.40.8	77
119:11	JER.15.16	68
119:11	PSA.1.2	56
119:11	JOB.22.22	54
119:11	PRO.2.10-PRO.2.11	49
119:11	PSA.119.97	39
119:11	ISA.51.7	36
119:11	PRO.2.1	33
119:11	LUK.2.19	26
119:11	LUK.2.51	19
119:11	PSA.19.13	18
119:12	PSA.119.64	10
119:12	PSA.25.4-PSA.25.5	8
119:12	LUK.24.45	8
119:12	1JN.2.27	8
119:12	PSA.86.11	6
119:12	PSA.119.108	6
119:12	PSA.143.10	5
119:12	JHN.14.26	5
119:12	PSA.119.66	4
119:12	PSA.119.71-PSA.119.72	4
119:12	1TI.1.11	4
119:12	1TI.6.15	4
119:12	PSA.119.26-PSA.119.27	3
119:12	PSA.119.124	2
119:12	PSA.119.33	1
119:12	PSA.119.68	1
119:13	PSA.71.15-PSA.71.18	10
119:13	PSA.37.30	8
119:13	PSA.40.9-PSA.40.10	8
119:13	PSA.34.11	7
119:13	PSA.118.17	7
119:13	PSA.119.46	6
119:13	PSA.119.172	6
119:13	MAT.12.34	6
119:13	ACT.4.20	6
119:13	MAT.10.27	4
119:14	MAT.13.44	17
119:14	JER.15.16	16
119:14	PSA.119.162	14
119:14	PSA.19.9-PSA.19.10	11
119:14	PSA.112.1	11
119:14	JOB.23.12	10
119:14	PSA.119.127	9
119:14	PSA.119.111	8
119:14	PSA.119.72	7
119:14	PSA.119.77	6
119:14	PSA.119.47	3
119:14	ACT.2.41-ACT.2.47	3
119:15	PSA.1.2	10
119:15	JAS.1.25	10
119:15	PSA.119.148	9
119:15	PSA.119.97	7
119:15	PSA.119.48	6
119:15	PSA.119.78	6
119:15	PSA.119.6	5
119:15	PSA.119.117	5
119:15	PSA.119.131	5
119:15	PSA.119.23	4
119:16	PSA.119.24	7
119:16	PSA.119.47	6
119:16	PRO.3.1	6
119:16	PSA.119.35	5
119:16	ROM.7.22	5
119:16	PSA.119.70	4
119:16	PSA.119.77	4
119:16	PSA.119.83	4
119:16	PSA.119.92-PSA.119.93	4
119:16	PSA.119.109	4
119:16	PSA.119.141	4
119:16	PSA.119.176	4
119:16	HEB.10.16-HEB.10.17	4
119:16	JAS.1.23-JAS.1.24	4
119:16	PSA.1.2	3
119:16	PSA.40.8	2
119:16	PSA.119.14	2
119:16	PSA.119.11	1
119:17	PSA.13.6	10
119:17	TIT.2.11-TIT.2.12	8
119:17	EPH.2.4-EPH.2.5	6
119:17	PSA.116.7	4
119:17	PSA.119.65	3
119:17	PSA.119.124	3
119:17	PSA.119.132	2
119:17	JHN.1.16	2
119:17	2CO.9.7-2CO.9.11	2
119:17	EPH.2.10	2
119:17	PHP.4.19	2
119:17	1JN.2.29	2
119:17	1JN.5.3-1JN.5.4	2
119:17	ROM.8.2-ROM.8.4	1
119:18	EPH.1.17-EPH.1.18	39
119:18	ACT.26.18	31
119:18	ISA.32.3	19
119:18	ISA.35.5	19
119:18	MAT.13.13	18
119:18	ISA.29.18	16
119:18	2CO.4.4-2CO.4.6	16
119:18	MAT.16.17	15
119:18	JHN.9.39	15
119:18	2CO.3.13-2CO.3.18	12
119:18	REV.3.18	12
119:18	ISA.29.10-ISA.29.12	7
119:18	PSA.119.96	6
119:18	HEB.8.5	6
119:18	HEB.10.1	4
119:18	HOS.8.12	3
119:19	1CH.29.15	19
119:19	PSA.39.12	14
119:19	HEB.11.13-HEB.11.16	11
119:19	PSA.119.10	9
119:19	2CO.5.6	8
119:19	1PE.2.11	8
119:19	GEN.47.9	7
119:19	LUK.24.45	7
119:19	ISA.63.17	6
119:19	LUK.9.45	4
119:19	JOB.39.17	2
119:20	PSA.42.1-PSA.42.2	9
119:20	PSA.84.2	9
119:20	PSA.63.1	8
119:20	JOB.23.11-JOB.23.12	7
119:20	PSA.119.131	7
119:20	PSA.119.40	6
119:20	PSA.119.174	6
119:20	JOB.27.10	5
119:20	PRO.17.17	5
119:20	REV.3.15-REV.3.16	5
119:20	PSA.106.3	4
119:20	PRO.13.12	4
119:20	SNG.5.8	4
119:21	PSA.119.10	6
119:21	1PE.5.5	6
119:21	PSA.119.118	5
119:21	LUK.18.14	4
119:21	DEU.28.15	3
119:21	DEU.30.19	3
119:21	PSA.119.110	3
119:21	JER.44.28-JER.44.29	3
119:21	MAL.4.1	3
119:21	LUK.14.11	3
119:21	EXO.10.3	2
119:21	EXO.18.11	2
119:21	DEU.27.15-DEU.27.26	2
119:21	NEH.9.16	2
119:21	NEH.9.29	2
119:21	JOB.40.11-JOB.40.12	2
119:21	PSA.119.78	2
119:21	PSA.138.6	2
119:21	ISA.2.11-ISA.2.12	2
119:21	ISA.10.12	2
119:21	ISA.42.24	2
119:21	ISA.43.28	2
119:21	JER.44.9-JER.44.11	2
119:21	JER.44.16	2
119:21	EZK.28.2-EZK.28.10	2
119:21	DAN.4.37	2
119:21	DAN.5.22-DAN.5.24	2
119:21	GAL.3.13	2
119:21	JAS.4.6	2
119:22	PSA.39.8	8
119:22	PSA.119.39	7
119:22	1PE.2.20	6
119:22	1PE.3.16-1PE.3.17	4
119:22	1PE.4.14-1PE.4.16	4
119:22	1SA.25.10	3
119:22	1SA.25.39	3
119:22	2SA.16.7-2SA.16.8	3
119:22	JOB.16.20	3
119:22	PSA.37.3	3
119:22	PSA.37.6	3
119:22	PSA.42.10	3
119:22	PSA.68.9-PSA.68.11	3
119:22	PSA.68.19-PSA.68.20	3
119:22	PSA.119.42	3
119:22	PSA.123.3-PSA.123.4	3
119:22	HEB.13.13	3
119:22	JOB.19.2-JOB.19.3	2
119:23	PSA.2.1-PSA.2.2	7
119:23	1SA.22.7-1SA.22.13	3
119:23	LUK.23.10-LUK.23.11	3
119:23	1SA.20.31	1
119:23	LUK.22.66	1
119:23	LUK.23.1-LUK.23.2	0
119:24	PSA.119.92	9
119:24	2TI.3.15-2TI.3.17	9
119:24	COL.3.16	8
119:24	PSA.119.16	7
119:24	JOS.1.8	6
119:24	PSA.19.11	5
119:24	PSA.119.97-PSA.119.100	5
119:24	PRO.6.20-PRO.6.23	5
119:24	PSA.119.77	4
119:24	PSA.119.104-PSA.119.105	4
119:24	PSA.119.143	4
119:24	PSA.119.162	4
119:24	DEU.17.18-DEU.17.20	3
119:24	JOB.27.10	3
119:24	ISA.8.20	3
119:24	JER.6.10	3
119:25	DEU.30.6	11
119:25	PSA.71.20	10
119:25	PSA.119.159	10
119:25	COL.3.2	10
119:25	PSA.44.25	9
119:25	PSA.143.11	9
119:25	ROM.7.22-ROM.7.24	9
119:25	PSA.119.40	8
119:25	PSA.119.88	8
119:25	PSA.119.93	8
119:25	PSA.119.156	8
119:25	PSA.80.18	7
119:25	PSA.119.37	7
119:25	PSA.119.107	6
119:25	PSA.119.149	6
119:25	PHP.3.19	6
119:25	2SA.7.27-2SA.7.29	5
119:25	ISA.65.25	5
119:25	PSA.22.15	4
119:25	ROM.8.2-ROM.8.3	4
119:25	MAT.16.23	1
119:26	PSA.86.11	11
119:26	PSA.25.4	10
119:26	PSA.27.11	8
119:26	PSA.32.5	6
119:26	PSA.25.8-PSA.25.9	5
119:26	PRO.28.13	5
119:26	PSA.38.18	4
119:26	PSA.119.12	4
119:26	PSA.143.8-PSA.143.10	4
119:26	1KI.8.36	3
119:26	PSA.51.1-PSA.51.19	2
119:26	PSA.119.106	2
119:27	PSA.145.5-PSA.145.6	8
119:27	PSA.105.2	6
119:27	PSA.71.17	5
119:27	REV.15.3	5
119:27	PSA.78.4	4
119:27	PSA.111.4	4
119:27	ACT.2.11	4
119:27	EXO.13.14-EXO.13.15	2
119:27	JOS.4.6-JOS.4.7	1
119:28	PHP.4.13	12
119:28	PSA.22.14	10
119:28	PSA.27.14	10
119:28	1PE.5.10	10
119:28	ISA.40.29	8
119:28	ZEC.10.12	8
119:28	PSA.29.11	7
119:28	PSA.107.26	7
119:28	ISA.40.31	6
119:28	EPH.3.16	6
119:28	JOS.2.11	5
119:28	JOS.2.24	5
119:28	PSA.20.2	5
119:28	DEU.33.25	4
119:29	1JN.2.4	9
119:29	PRO.30.8	8
119:29	1JN.1.8	8
119:29	PSA.119.37	7
119:29	HEB.8.10-HEB.8.11	7
119:29	EPH.4.22-EPH.4.25	6
119:29	REV.22.15	5
119:29	PSA.119.5	4
119:29	PSA.119.163	4
119:29	PSA.141.3-PSA.141.4	4
119:29	JER.16.19	4
119:29	JON.2.8	4
119:29	PSA.119.104	3
119:29	PSA.119.128	3
119:29	ISA.44.20	3
119:29	JER.31.33-JER.31.34	2
119:30	JHN.3.19-JHN.3.21	12
119:30	PSA.119.29	10
119:30	PRO.1.29	10
119:30	LUK.10.42	8
119:30	DEU.11.18-DEU.11.20	7
119:30	JOS.24.15	7
119:30	PSA.119.24	7
119:30	1PE.2.2	7
119:30	PSA.119.111	6
119:30	2JN.1.4	6
119:30	JHN.8.45	5
119:30	PSA.119.173	4
119:30	PSA.119.52	3
119:31	PRO.23.23	6
119:31	JHN.8.31	6
119:31	ROM.5.5	6
119:31	ACT.11.23	5
119:31	ISA.45.17	4
119:31	PSA.25.2	3
119:31	PSA.25.20	3
119:31	1JN.2.28	3
119:31	DEU.4.4	2
119:31	DEU.10.20	2
119:31	DEU.11.22	2
119:31	PSA.119.6	2
119:31	PSA.119.48	2
119:31	PSA.119.80	2
119:31	PSA.119.115	2
119:31	ISA.49.23	2
119:31	JER.17.18	2
119:32	1KI.4.29	15
119:32	2CO.3.17	11
119:32	PSA.18.36	9
119:32	JHN.8.32	9
119:32	JHN.8.36	9
119:32	HEB.12.1	9
119:32	PSA.119.45	8
119:32	ISA.61.1	8
119:32	LUK.1.74-LUK.1.75	7
119:32	1CO.9.24-1CO.9.26	7
119:32	2CO.6.11	7
119:32	1PE.2.16	7
119:32	JOB.36.15-JOB.36.16	6
119:32	ISA.60.5	5
119:32	SNG.1.4	4
119:32	ISA.40.31	4
119:33	PSA.119.26-PSA.119.27	16
119:33	1JN.2.27	12
119:33	ISA.54.13	11
119:33	PHP.1.6	11
119:33	PSA.119.12	10
119:33	MAT.24.13	8
119:33	JHN.6.45	7
119:33	MAT.10.22	5
119:33	1CO.1.7-1CO.1.8	5
119:33	REV.2.26	5
119:33	PSA.119.8	4
119:33	PSA.119.112	4
119:33	1JN.2.19-1JN.2.20	1
119:34	MAT.7.24	15
119:34	JAS.1.5	15
119:34	PRO.2.5-PRO.2.6	10
119:34	PSA.119.73	9
119:34	JAS.1.25	7
119:34	PSA.111.10	4
119:34	PSA.119.10	4
119:34	PSA.119.69	4
119:34	JHN.7.17	4
119:34	JAS.2.8-JAS.2.12	4
119:34	MAT.5.19	3
119:34	JAS.3.13-JAS.3.18	3
119:34	JOB.28.28	2
119:34	PSA.119.58	2
119:34	JAS.4.11	2
119:34	DEU.4.6	0
119:35	EZK.36.26-EZK.36.27	11
119:35	PSA.23.3	10
119:35	PSA.25.4	9
119:35	PRO.4.11	8
119:35	PHP.2.13	6
119:35	1JN.5.3	6
119:35	PSA.119.16	5
119:35	PSA.119.27	5
119:35	PRO.8.20	5
119:35	ROM.7.22	5
119:35	HEB.13.21	5
119:35	ISA.48.17	4
119:35	PSA.119.36	3
119:35	PSA.119.173	3
119:35	PRO.3.17	3
119:35	PRO.4.18	3
119:35	ISA.2.3	3
119:35	ISA.58.13-ISA.58.14	2
119:36	LUK.12.15	14
119:36	HEB.13.5	14
119:36	MRK.7.21-MRK.7.22	11
119:36	1KI.8.58	8
119:36	PSA.51.10	8
119:36	EXO.18.21	6
119:36	COL.3.5	6
119:36	2PE.2.3	6
119:36	PSA.10.3	5
119:36	EZK.11.19-EZK.11.20	5
119:36	1TI.6.17	5
119:36	2PE.2.14	5
119:36	PSA.141.4	4
119:36	EZK.33.31	4
119:36	JER.32.39	3
119:36	LUK.16.14	3
119:36	1TI.6.9-1TI.6.10	3
119:36	HAB.2.9	2
119:36	EPH.5.3	1
119:37	1JN.2.16	30
119:37	PRO.4.25	22
119:37	ISA.33.15	21
119:37	NUM.15.39	15
119:37	JOB.31.1	15
119:37	PSA.119.40	13
119:37	PRO.23.5	13
119:37	MAT.5.28	13
119:37	PSA.71.20	11
119:37	2SA.11.2	9
119:37	JOS.7.21	8
119:37	PSA.119.25	8
119:38	JER.32.39-JER.32.41	11
119:38	PSA.147.11	10
119:38	PSA.103.17	8
119:38	2CO.1.20	8
119:38	2SA.7.25-2SA.7.29	7
119:38	PSA.103.11	7
119:38	PSA.103.13	7
119:38	PSA.119.49	5
119:38	PSA.145.19	5
119:39	PSA.119.22	5
119:39	1TI.3.7	5
119:39	TIT.2.8	5
119:39	PSA.39.8	3
119:39	PSA.57.3	3
119:39	ROM.2.2	3
119:39	REV.19.2	3
119:39	DEU.4.8	2
119:39	2SA.12.14	2
119:39	PSA.19.9	2
119:39	PSA.119.20	2
119:39	PSA.119.31	2
119:39	PSA.119.43	2
119:39	PSA.119.75	2
119:39	PSA.119.123	2
119:39	PSA.119.131	2
119:39	ISA.26.8	2
119:39	1TI.5.14	2
119:40	PSA.119.20	10
119:40	JHN.10.10	10
119:40	PSA.119.159	5
119:40	2CO.7.1	5
119:40	PHP.3.13-PHP.3.14	5
119:40	PSA.119.25	4
119:40	PSA.119.37	4
119:40	PSA.119.88	3
119:40	PSA.119.107	3
119:40	PSA.119.149	3
119:40	PSA.119.156	3
119:40	MAT.26.41	3
119:40	1CO.15.45	3
119:40	GAL.5.17	3
119:40	EPH.2.5	3
119:40	PSA.119.5	2
119:40	MRK.9.24	2
119:40	JHN.5.21	2
119:40	ROM.7.24	2
119:40	3JN.1.2	2
119:41	PSA.69.16	8
119:41	PSA.119.58	7
119:41	PSA.119.76-PSA.119.77	7
119:41	PSA.119.132	6
119:41	LUK.2.28-LUK.2.32	6
119:41	PSA.106.4-PSA.106.5	4
119:42	ACT.27.25	8
119:42	PRO.27.11	5
119:42	MAT.27.63	5
119:42	2SA.16.7-2SA.16.8	4
119:42	PSA.56.10-PSA.56.11	4
119:42	PSA.119.49	4
119:42	PSA.119.74	4
119:42	PSA.119.81	4
119:42	2SA.7.12-2SA.7.16	3
119:42	2SA.19.18-2SA.19.20	3
119:42	1CH.28.3-1CH.28.6	3
119:42	PSA.3.2	3
119:42	PSA.42.10	3
119:42	PSA.56.4	3
119:42	PSA.71.10-PSA.71.11	3
119:42	PSA.89.19-PSA.89.37	3
119:42	MAT.27.40-MAT.27.43	3
119:42	PSA.109.25	2
119:43	PSA.9.4	6
119:43	EPH.1.13	5
119:43	1PE.2.23	5
119:43	PSA.71.17-PSA.71.18	4
119:43	PSA.119.13	4
119:43	PSA.119.175	4
119:43	PSA.50.16	3
119:43	PSA.119.52	3
119:43	JAS.1.18	3
119:43	PSA.7.6-PSA.7.9	2
119:43	PSA.9.16	2
119:43	PSA.43.1	2
119:43	PSA.51.14-PSA.51.15	2
119:43	PSA.119.120	2
119:43	ISA.59.21	2
119:44	PSA.119.33-PSA.119.34	5
119:44	REV.22.11	5
119:44	REV.7.15	4
119:45	PSA.119.133	16
119:45	PSA.119.94	14
119:45	PRO.4.12	14
119:45	JAS.1.25	14
119:45	JHN.8.30-JHN.8.36	12
119:45	JHN.5.39	10
119:45	2PE.2.19	9
119:45	EPH.5.17	8
119:45	JAS.2.12	8
119:45	PSA.119.162	7
119:45	LUK.4.18	7
119:45	PSA.119.19	6
119:45	PSA.119.71	6
119:45	PSA.119.148	6
119:45	PRO.18.1	6
119:45	ECC.1.13	6
119:45	PRO.2.4-PRO.2.5	5
119:46	ROM.1.16	8
119:46	MAT.10.18-MAT.10.19	6
119:46	ACT.26.1-ACT.26.2	6
119:46	MRK.8.38	4
119:46	PSA.138.1	3
119:46	DAN.3.16-DAN.3.18	3
119:46	DAN.4.1-DAN.4.3	3
119:46	DAN.4.25-DAN.4.27	3
119:46	ACT.26.24-ACT.26.29	3
119:46	PHP.1.20	3
119:46	2TI.1.8	3
119:46	1PE.4.14-1PE.4.16	3
119:46	2TI.1.16	2
119:46	1JN.2.28	2
119:47	PSA.119.48	12
119:47	PSA.119.97	11
119:47	PSA.119.127	10
119:47	PSA.19.7-PSA.19.10	8
119:47	PSA.119.16	7
119:47	JHN.4.34	7
119:47	PSA.119.174	6
119:47	JOB.23.11-JOB.23.12	5
119:47	PSA.112.1	5
119:47	PSA.119.140	5
119:47	PSA.119.167	5
119:47	ROM.7.22	5
119:47	PSA.119.24	4
119:47	ROM.7.12	4
119:47	1PE.2.21	4
119:47	ROM.7.16	3
119:47	PHP.2.5	3
119:48	PSA.119.15	8
119:48	PSA.1.2	6
119:48	MAT.7.21	6
119:48	JHN.15.14	5
119:48	JHN.13.17	4
119:48	EZK.44.12	2
119:48	JAS.1.22-JAS.1.25	2
119:48	PSA.10.12	0
119:48	MIC.5.9	0
119:49	2SA.7.25	10
119:49	PSA.106.45	9
119:49	PSA.106.4	8
119:49	PSA.105.42	7
119:49	PSA.119.81	7
119:49	1PE.1.13	7
119:49	PSA.71.14	6
119:49	PSA.119.74	6
119:49	ISA.62.6	5
119:49	GEN.8.1	4
119:49	GEN.32.9	4
119:49	2SA.5.2	4
119:49	JOB.7.7	4
119:49	PSA.105.2	4
119:49	PSA.119.43	4
119:49	PSA.119.147	4
119:49	ROM.15.13	4
119:49	1PE.1.21	3
119:50	ROM.15.4	22
119:50	JHN.6.63	15
119:50	PSA.94.19	12
119:50	PSA.28.7	11
119:50	PSA.42.11	9
119:50	HEB.6.17-HEB.6.19	8
119:50	PSA.27.13	7
119:50	JER.15.16	7
119:50	PSA.119.25	6
119:50	PSA.42.8	5
119:50	ROM.5.3-ROM.5.5	5
119:50	EZK.37.10	3
119:50	JAS.1.18	3
119:50	HEB.12.11-HEB.12.12	2
119:50	1PE.1.3	2
119:50	1PE.2.2	2
119:51	JOB.23.11	7
119:51	JER.20.7	6
119:51	PSA.44.18	4
119:51	PSA.119.157	4
119:51	PSA.119.21	2
119:51	PSA.119.31	2
119:51	PSA.119.69	2
119:51	PSA.123.3-PSA.123.4	2
119:51	ISA.38.3	2
119:51	ISA.42.4	2
119:51	LUK.16.14-LUK.16.15	2
119:51	LUK.23.35	2
119:51	ACT.20.23-ACT.20.24	2
119:51	HEB.12.1-HEB.12.3	2
119:52	PSA.77.11-PSA.77.12	4
119:52	PSA.103.18	4
119:52	PSA.105.5	4
119:52	DEU.1.35-DEU.1.36	3
119:52	DEU.4.3-DEU.4.4	3
119:52	2PE.2.4-2PE.2.9	3
119:52	EXO.14.29-EXO.14.30	2
119:52	NUM.16.3-NUM.16.35	2
119:52	PSA.77.5	2
119:52	PSA.143.5	1
119:53	EZR.9.3	7
119:53	PSA.119.158	6
119:53	EZR.10.6	5
119:53	JER.13.17	5
119:53	PHP.3.18	5
119:53	NEH.13.25	4
119:53	PSA.119.136	4
119:53	HAB.3.16	4
119:53	LUK.19.41-LUK.19.42	4
119:53	ROM.9.1-ROM.9.3	4
119:53	2CO.12.21	4
119:53	EZR.9.14	3
119:53	DAN.4.19	3
119:53	PSA.89.30	2
119:54	HEB.11.13-HEB.11.16	7
119:54	GEN.47.9	5
119:54	PSA.10.1	3
119:54	PSA.89.1	3
119:55	PSA.63.6	8
119:55	PSA.42.8	6
119:55	ISA.26.9	5
119:55	JOB.35.9-JOB.35.10	3
119:55	PSA.139.18	3
119:55	ACT.16.25	3
119:55	GEN.32.24-GEN.32.28	2
119:55	PSA.77.6	2
119:55	PSA.119.17	2
119:55	PSA.119.34	2
119:55	LUK.6.12	2
119:55	JHN.14.21	2
119:55	JHN.15.10	2
119:56	PSA.119.165	5
119:56	1JN.3.19-1JN.3.24	4
119:56	PSA.18.18-PSA.18.22	3
119:57	LAM.3.24	18
119:57	PSA.16.5	13
119:57	PSA.142.5	10
119:57	PSA.73.26	8
119:57	JER.10.16	8
119:57	PSA.119.115	6
119:57	JOS.24.15	5
119:57	JOS.24.18	5
119:57	JOS.24.21	5
119:57	JOS.24.24-JOS.24.27	5
119:57	DEU.26.17-DEU.26.18	4
119:57	PSA.66.14	4
119:57	PSA.119.106	4
119:57	NEH.10.29-NEH.10.39	3
119:58	PSA.119.41	7
119:58	HEB.10.22	5
119:58	PSA.119.10	4
119:58	PSA.119.170	4
119:58	1KI.13.6	3
119:58	PSA.4.6	3
119:58	PSA.27.8	3
119:58	JOB.11.19	2
119:58	PSA.51.1-PSA.51.3	2
119:58	PSA.56.4	2
119:58	PSA.56.10	2
119:58	PSA.86.1-PSA.86.3	2
119:58	PSA.119.65	2
119:58	PSA.119.76	2
119:58	PSA.138.2	2
119:58	HOS.7.14	2
119:58	MAT.24.35	2
119:59	2CO.13.5	12
119:59	LAM.3.40	10
119:59	EZK.18.28	10
119:59	2CO.12.21	7
119:59	LUK.15.17-LUK.15.20	6
119:59	HAG.1.7	5
119:59	EZK.18.30	4
119:59	HAG.1.5	4
119:59	DEU.4.30-DEU.4.31	3
119:59	JER.8.4-JER.8.6	3
119:59	EZK.33.14-EZK.33.16	3
119:59	JOL.2.13	3
119:59	JER.31.18-JER.31.19	2
119:59	EZK.33.19	2
119:60	PSA.95.7-PSA.95.8	8
119:60	ECC.9.10	7
119:60	GAL.1.16	6
119:60	PRO.27.1	5
119:60	EZK.10.6-EZK.10.8	3
119:61	ROM.12.17-ROM.12.21	7
119:61	PSA.119.176	6
119:61	HOS.6.9	5
119:61	1SA.26.9-1SA.26.11	4
119:61	JOB.1.17	4
119:61	PSA.3.1	4
119:61	PSA.119.95	4
119:61	PSA.140.5	4
119:61	PRO.24.29	4
119:61	1SA.24.9-1SA.24.11	3
119:61	1SA.30.3-1SA.30.5	3
119:62	ACT.16.25	14
119:62	PSA.42.8	10
119:62	MRK.1.35	10
119:62	PSA.119.164	8
119:62	PSA.119.7	7
119:62	PSA.119.75	6
119:62	PSA.119.137	6
119:62	PSA.119.147	6
119:62	ROM.7.12	6
119:62	DEU.4.8	5
119:62	PSA.19.9	5
119:62	PSA.119.106	4
119:63	PSA.101.6	11
119:63	PRO.13.20	9
119:63	MAL.3.16-MAL.3.18	7
119:63	1JN.1.3	7
119:63	PSA.119.79	6
119:63	PSA.16.3	5
119:63	PSA.119.115	5
119:63	PSA.142.7	5
119:63	2CO.6.14-2CO.6.17	4
119:63	1JN.3.14	4
119:64	PSA.33.5	9
119:64	PSA.119.12	5
119:64	MAT.11.29	5
119:64	PSA.119.26	3
119:64	PSA.145.9	3
119:64	ISA.48.17-ISA.48.18	3
119:64	PSA.27.11	2
119:64	PSA.104.13	2
119:64	ISA.2.3	2
119:65	PSA.13.6	9
119:65	PSA.30.11	9
119:65	PSA.119.17	9
119:65	PSA.16.5-PSA.16.6	7
119:65	PSA.116.7	7
119:65	PSA.18.35	6
119:65	1CH.29.14	4
119:65	PSA.23.5-PSA.23.6	4
119:66	PHP.1.9	14
119:66	PRO.2.1-PRO.2.9	12
119:66	1KI.3.9	10
119:66	JAS.3.13-JAS.3.18	10
119:66	PSA.119.34	9
119:66	PSA.119.128	8
119:66	PSA.119.160	8
119:66	PSA.119.172	8
119:66	ISA.11.2-ISA.11.4	8
119:66	MAT.13.11	8
119:66	NEH.9.13-NEH.9.14	7
119:66	PSA.72.1-PSA.72.2	7
119:66	PRO.8.20	7
119:66	JDG.3.15	6
119:66	1KI.3.28	6
119:67	JER.31.18-JER.31.19	25
119:67	PSA.119.71	23
119:67	HOS.5.15-HOS.6.1	17
119:67	PSA.119.75	14
119:67	PSA.119.176	11
119:67	HEB.12.5-HEB.12.11	8
119:67	HOS.2.6-HOS.2.7	7
119:67	REV.3.10	7
119:67	JER.22.21	6
119:67	DEU.32.15	5
119:67	2SA.11.2-2SA.11.27	5
119:67	2CH.33.9-2CH.33.13	5
119:67	PRO.1.32	5
119:67	2SA.10.19	4
119:67	PSA.73.5-PSA.73.28	3
119:68	PSA.119.12	12
119:68	PSA.106.1	9
119:68	EXO.34.6-EXO.34.7	6
119:68	PSA.86.5	6
119:68	MAT.19.17	5
119:68	PSA.107.1	4
119:68	EXO.33.18-EXO.33.19	3
119:68	PSA.25.8-PSA.25.9	2
119:68	ISA.63.7	2
119:68	MAT.5.45	2
119:68	MRK.10.18	2
119:68	LUK.18.19	2
119:68	PSA.119.26	1
119:68	PSA.145.7-PSA.145.9	1
119:69	JOB.13.4	9
119:69	MAT.5.11-MAT.5.12	9
119:69	PSA.109.2-PSA.109.3	7
119:69	PSA.119.157	7
119:69	MAT.26.59-MAT.26.68	6
119:69	PSA.119.34	5
119:69	PSA.119.51	5
119:69	PSA.119.58	5
119:69	ACT.24.5	5
119:69	ACT.24.13	5
119:69	JAS.1.8	5
119:69	PSA.35.11	4
119:69	JER.43.2-JER.43.3	4
119:69	MAT.6.24	4
119:70	PSA.17.10	9
119:70	ACT.28.27	7
119:70	PSA.73.7	6
119:70	PSA.119.16	5
119:70	ISA.6.10	5
119:70	PSA.40.8	4
119:70	PSA.119.35	4
119:70	ROM.7.22	4
119:71	HEB.12.10-HEB.12.11	49
119:71	PSA.119.67	46
119:71	1CO.11.32	39
119:71	PSA.94.12-PSA.94.13	35
119:71	ISA.27.9	4
119:72	PRO.8.10-PRO.8.11	16
119:72	PSA.19.10	12
119:72	PSA.119.127	11
119:72	PRO.16.16	9
119:72	PSA.119.162	8
119:72	MAT.13.44-MAT.13.46	8
119:72	PSA.119.14	7
119:72	PSA.119.111	7
119:72	PRO.8.19	7
119:72	PRO.3.14-PRO.3.15	5
119:73	PSA.139.14-PSA.139.16	20
119:73	JOB.31.15	15
119:73	PSA.138.8	15
119:73	PSA.111.10	10
119:73	2TI.2.7	9
119:73	JOB.32.8	8
119:73	PSA.119.125	8
119:73	1JN.5.20	7
119:73	PSA.100.3	6
119:73	PSA.119.34	6
119:73	2CH.2.12	5
119:73	PSA.119.169	5
119:73	JAS.3.18	5
119:73	1CH.22.12	3
119:73	JOB.10.8-JOB.10.11	3
119:73	PSA.119.144	3
119:74	PSA.66.16	8
119:74	PSA.34.2-PSA.34.6	7
119:74	PSA.119.79	6
119:74	PSA.119.42	5
119:74	GEN.32.11-GEN.32.12	3
119:74	LUK.21.33	3
119:74	PSA.108.7	2
119:74	MAL.3.16	2
119:74	PSA.119.147	1
119:75	REV.3.19	11
119:75	HEB.12.10-HEB.12.11	7
119:75	PSA.89.30-PSA.89.33	4
119:75	ROM.3.4-ROM.3.5	4
119:75	GEN.18.25	3
119:75	DEU.32.4	3
119:75	JOB.34.23	3
119:75	PSA.25.10	3
119:75	PSA.119.7	3
119:75	PSA.119.62	3
119:75	PSA.119.128	3
119:75	PSA.119.160	3
119:75	JER.12.1	2
119:76	PSA.106.4-PSA.106.5	14
119:76	PSA.86.5	11
119:76	2CO.1.3-2CO.1.5	11
119:77	PSA.119.174	7
119:77	LAM.3.22-LAM.3.23	7
119:77	PSA.1.2	5
119:77	PSA.119.41	5
119:77	PSA.119.24	4
119:77	PSA.119.47	4
119:77	DAN.9.18	2
119:77	HEB.8.10-HEB.8.12	2
119:77	PSA.51.1-PSA.51.3	1
119:78	PSA.25.3	5
119:78	PSA.119.23	5
119:78	PSA.119.51	5
119:78	JHN.15.25	5
119:78	1PE.2.20	5
119:78	1SA.24.10-1SA.24.12	4
119:78	1SA.24.17	4
119:78	1SA.26.18	4
119:78	PSA.1.2	4
119:78	PSA.7.3-PSA.7.5	4
119:78	PSA.35.7	4
119:78	PSA.35.26	4
119:78	PSA.69.4	4
119:78	PSA.109.3	4
119:78	PSA.119.21	4
119:78	PSA.119.85-PSA.119.86	4
119:78	JER.50.32	4
119:79	PSA.119.74	5
119:79	PSA.142.7	4
119:79	PSA.7.7	3
119:79	PSA.119.63	3
119:80	DEU.26.16	10
119:80	1JN.2.28	8
119:80	2CH.12.14	5
119:80	PSA.119.6	5
119:80	JHN.1.47	5
119:80	2CO.1.12	5
119:80	PSA.32.2	4
119:80	PRO.4.23	4
119:80	2CH.15.17	3
119:80	2CH.25.2	3
119:80	2CH.31.20-2CH.31.21	3
119:80	PSA.25.2-PSA.25.3	3
119:80	PSA.25.21	3
119:80	EZK.11.9	3
119:81	PSA.84.2	8
119:81	PSA.119.40	5
119:81	PSA.73.26	4
119:81	PSA.119.114	4
119:81	PSA.119.77	3
119:81	SNG.5.8	3
119:81	REV.3.15-REV.3.16	3
119:81	PSA.42.1-PSA.42.2	2
119:81	PSA.119.42	2
119:81	PSA.119.74	2
119:81	PSA.119.20	1
119:82	PSA.69.3	7
119:82	PSA.119.123	6
119:82	PRO.13.12	5
119:82	PSA.86.17	4
119:82	PSA.90.13-PSA.90.15	4
119:82	DEU.28.32	3
119:82	ISA.38.11	3
119:82	LAM.2.11	3
119:83	JOB.30.30	6
119:83	PSA.119.176	4
119:83	PSA.102.3-PSA.102.4	3
119:83	PSA.119.16	3
119:83	PSA.119.61	3
119:83	PSA.22.15	2
119:84	PSA.90.12	5
119:84	REV.6.10-REV.6.11	5
119:84	PSA.7.6	3
119:84	PSA.39.4-PSA.39.5	3
119:84	PSA.89.47-PSA.89.48	3
119:84	JOB.7.6-JOB.7.8	2
119:85	PSA.35.7	6
119:85	PRO.16.27	6
119:85	JER.18.20	5
119:85	PSA.7.15	4
119:85	PSA.119.78	4
119:85	PSA.36.11	3
119:85	PSA.58.1-PSA.58.2	2
119:85	JER.18.22	2
119:86	PSA.35.19	6
119:86	PSA.70.5	6
119:86	PSA.35.7	5
119:86	PSA.109.26	5
119:86	PSA.119.78	5
119:86	PSA.119.128	4
119:86	PSA.119.138	4
119:86	PSA.119.151	4
119:86	ROM.7.12	4
119:86	PSA.19.9	3
119:86	PSA.119.142	3
119:86	JER.18.20	3
119:86	PSA.7.1-PSA.7.5	2
119:86	PSA.38.19	2
119:86	PSA.59.3-PSA.59.4	2
119:86	PSA.142.4-PSA.142.6	2
119:86	PSA.143.9	2
119:87	MAT.10.28	8
119:87	PSA.119.61	4
119:87	ISA.58.2	4
119:87	1SA.26.24	3
119:87	PSA.119.51	3
119:87	1SA.20.3	2
119:87	1SA.23.26-1SA.23.27	2
119:87	1SA.24.6-1SA.24.7	2
119:87	1SA.26.9	2
119:87	2SA.17.16	2
119:88	PSA.25.10	8
119:88	PSA.119.25	5
119:88	PSA.119.40	5
119:88	PSA.119.2	4
119:88	PSA.119.146	4
119:88	PSA.119.159	4
119:88	PSA.78.5	3
119:88	PSA.132.12	2
119:89	1PE.1.25	34
119:89	MAT.5.18	17
119:89	MAT.24.34-MAT.24.35	17
119:89	PSA.119.160	15
119:89	PSA.119.152	11
119:89	PSA.89.2	8
119:89	2PE.3.13	3
119:90	PSA.100.5	12
119:90	PSA.36.5	9
119:90	PSA.148.6	8
119:90	MIC.7.20	8
119:90	PSA.89.1-PSA.89.2	7
119:90	PSA.93.1	7
119:90	DEU.7.9	6
119:90	PSA.89.11	6
119:90	PSA.104.5	6
119:90	2PE.3.5-2PE.3.7	4
119:90	JOB.38.4-JOB.38.7	3
119:90	ECC.1.4	2
119:91	PSA.148.5-PSA.148.6	7
119:91	ISA.48.13	7
119:91	JER.33.25	5
119:91	MAT.8.9	5
119:91	GEN.8.22	3
119:91	MAT.5.45	2
119:91	JDG.5.20	1
119:91	DEU.4.19	0
119:91	JOS.10.12-JOS.10.13	0
119:92	ROM.15.4	15
119:92	PRO.6.22-PRO.6.23	13
119:92	PSA.119.143	11
119:92	PSA.94.18-PSA.94.19	10
119:92	PSA.119.77	10
119:92	PSA.119.24	8
119:92	PSA.27.13	6
119:93	PSA.119.50	11
119:93	PSA.119.16	8
119:93	JHN.6.63	8
119:93	1PE.1.23	8
119:94	ZEP.3.17	7
119:94	PSA.86.2	6
119:94	PSA.119.27	6
119:94	ISA.44.2	6
119:94	ISA.64.8-ISA.64.10	6
119:94	ACT.27.23-ACT.27.24	6
119:94	ISA.44.5	5
119:94	JOS.10.4-JOS.10.6	4
119:94	PSA.119.40	4
119:94	PSA.119.173	4
119:94	ISA.41.8-ISA.41.10	2
119:95	PSA.119.167	7
119:95	PSA.119.31	6
119:95	PSA.119.69	5
119:95	PSA.119.85-PSA.119.87	5
119:95	PSA.10.8-PSA.10.10	4
119:95	ACT.23.21	4
119:95	ACT.25.3	4
119:95	1SA.23.20-1SA.23.23	3
119:95	PSA.27.2	3
119:95	PSA.37.32	3
119:95	PSA.38.12	3
119:95	PSA.119.24	3
119:95	PSA.119.61	3
119:95	PSA.119.125	3
119:95	PSA.119.129	3
119:95	MAT.26.3-MAT.26.5	3
119:95	ACT.12.11	3
119:95	2SA.17.1-2SA.17.4	2
119:95	PSA.119.111	2
119:96	ECC.2.11	5
119:96	MAT.24.35	5
119:96	MAT.5.18	3
119:96	1SA.9.2	2
119:96	1SA.17.8	2
119:96	1SA.17.49-1SA.17.51	2
119:96	1SA.31.4-1SA.31.5	2
119:96	2SA.17.23	2
119:96	PSA.39.5-PSA.39.6	2
119:96	ECC.1.2-ECC.1.3	2
119:96	ECC.12.8	2
119:96	MAT.22.37-MAT.22.40	2
119:96	ROM.7.14	2
119:96	2SA.14.25	1
119:96	2SA.16.23	1
119:96	2SA.18.14	1
119:96	2SA.18.17	1
119:96	PSA.19.7-PSA.19.8	1
119:96	ECC.7.20	1
119:96	MAT.5.28	1
119:96	MRK.12.29-MRK.12.34	1
119:96	ROM.7.7-ROM.7.12	1
119:96	HEB.4.12-HEB.4.13	1
119:97	PSA.1.2	13
119:97	PRO.2.10	12
119:97	PSA.119.159	11
119:97	JOS.1.8	9
119:97	PSA.119.48	9
119:97	DEU.17.19	7
119:97	PSA.119.167	7
119:97	DEU.6.6-DEU.6.9	6
119:97	PSA.119.127	6
119:97	PSA.119.165	6
119:97	PSA.119.113	5
119:97	PRO.18.1	5
119:98	PRO.2.6	12
119:98	PSA.119.104-PSA.119.105	6
119:98	COL.3.16	6
119:98	JAS.1.25	6
119:98	DEU.4.6	5
119:98	PSA.119.11	5
119:98	DEU.4.8	4
119:98	PSA.119.30	4
119:98	1SA.18.5	3
119:98	1SA.18.14	3
119:98	1SA.18.30	3
119:99	MAT.11.25	11
119:99	MAT.13.11	11
119:99	PSA.119.24	10
119:99	2TI.3.15-2TI.3.17	10
119:99	MAT.23.24-MAT.23.36	9
119:99	2CH.29.15-2CH.29.36	8
119:99	2CH.30.22	6
119:99	JER.2.8	6
119:99	JER.8.8-JER.8.9	6
119:99	HEB.5.12	6
119:99	1CH.15.11-1CH.15.13	5
119:99	MAT.15.6-MAT.15.9	5
119:99	DEU.4.6-DEU.4.8	4
119:99	2SA.15.24-2SA.15.26	4
119:99	MAT.15.14	1
119:100	PSA.111.10	6
119:100	JAS.3.13	6
119:100	JOB.12.12	4
119:100	JOB.15.9-JOB.15.10	4
119:100	JOB.28.28	4
119:100	JER.8.8-JER.8.9	4
119:100	1KI.12.6-1KI.12.15	3
119:100	JOB.32.4	3
119:100	MAT.7.24	3
119:100	JOB.32.7-JOB.32.10	1
119:101	PRO.1.15	9
119:101	1PE.3.10-1PE.3.11	9
119:101	PSA.119.104	5
119:101	ISA.55.7	5
119:101	PSA.119.59-PSA.119.60	4
119:101	ISA.53.6	4
119:101	TIT.2.11-TIT.2.12	4
119:101	1PE.2.1-1PE.2.2	4
119:101	PSA.18.23	3
119:101	PSA.119.126	1
119:101	JER.2.36	1
119:102	1JN.2.27	8
119:102	PSA.18.21	7
119:102	PRO.5.7	7
119:102	1TH.2.13	7
119:102	JER.32.40	6
119:102	EPH.4.20-EPH.4.24	4
119:102	1JN.2.19	4
119:103	PRO.8.11	18
119:103	PSA.19.10	17
119:103	PRO.24.13-PRO.24.14	17
119:103	JOB.23.12	9
119:103	PSA.63.5	9
119:103	PRO.3.17	4
119:103	SNG.5.1	3
119:103	SNG.1.2-SNG.1.4	1
119:104	PSA.119.128	12
119:104	PRO.8.13	11
119:104	PRO.14.12	7
119:104	PSA.97.10	6
119:104	PSA.119.98	6
119:104	PSA.101.3	5
119:104	PSA.119.100	5
119:104	ROM.12.9	5
119:104	AMO.5.15	4
119:104	MAT.7.13	4
119:104	PSA.36.4	3
119:104	PSA.119.29-PSA.119.30	3
119:105	PRO.6.23	201
119:105	PSA.43.3	173
119:105	PSA.18.28	154
119:105	2PE.1.19	142
119:105	JOB.29.3	117
119:105	PSA.19.8	111
119:105	EPH.5.13	109
119:106	NEH.10.29	6
119:106	PSA.56.12	5
119:106	2KI.23.3	4
119:106	PSA.66.13-PSA.66.14	4
119:106	2CO.8.5	4
119:106	ECC.5.4-ECC.5.5	3
119:106	PSA.119.115	2
119:106	2CH.15.13-2CH.15.14	1
119:106	MAT.5.33	1
119:107	PSA.34.19	5
119:107	PSA.143.11	5
119:107	PSA.119.25	4
119:107	PSA.22.14-PSA.22.18	3
119:107	PSA.119.88	3
119:107	PSA.6.1	2
119:108	HEB.13.15	9
119:108	HOS.14.2	6
119:108	NUM.29.39	4
119:108	PSA.119.12	4
119:108	PSA.119.169	3
119:108	PSA.119.130	2
119:108	PSA.119.26	1
119:109	JDG.12.3	5
119:109	JOB.13.14	3
119:109	1CO.15.31	3
119:109	1SA.19.5	2
119:109	1SA.20.3	2
119:109	PSA.119.83	2
119:109	PSA.119.117	2
119:109	PSA.119.152	2
119:109	ROM.8.36	2
119:109	2CO.11.23	2
119:110	PSA.119.95	7
119:110	PSA.140.5	7
119:110	PSA.141.9	7
119:110	PSA.119.10	6
119:110	PSA.119.85	6
119:110	PSA.10.8-PSA.10.18	5
119:110	PSA.124.6-PSA.124.7	5
119:110	PSA.119.51	4
119:110	PSA.119.87	4
119:110	JER.18.22	4
119:110	PSA.119.21	3
119:110	DAN.6.10	3
119:110	LUK.20.19-LUK.20.26	3
119:110	PRO.1.11-PRO.1.12	2
119:111	JER.15.16	14
119:111	PSA.16.5	10
119:111	PSA.119.92	10
119:111	PSA.119.174	10
119:111	1PE.1.4	10
119:111	DEU.33.4	9
119:111	PSA.19.8	9
119:111	PSA.119.74	9
119:111	PSA.119.127	9
119:111	PSA.119.14	8
119:111	HEB.9.15	8
119:111	ISA.54.17	7
119:111	PSA.119.162	6
119:111	1PE.1.8	6
119:111	ACT.26.18	5
119:111	COL.1.12	3
119:112	PSA.119.33	10
119:112	JOS.24.23	7
119:112	1KI.8.58	7
119:112	PSA.119.36	7
119:112	PSA.141.4	7
119:112	PSA.119.44	6
119:112	PHP.2.13	4
119:112	1PE.1.13	4
119:112	2CH.19.3	2
119:112	REV.2.10	2
119:113	JAS.1.8	10
119:113	JER.4.14	6
119:113	ISA.55.7	5
119:113	PSA.119.97	3
119:113	MRK.7.21	3
119:113	2CO.10.5	3
119:113	PSA.94.11	2
119:113	PSA.119.103	2
119:114	PSA.91.1-PSA.91.2	45
119:114	PSA.32.7	35
119:114	PSA.3.3	27
119:114	ISA.32.2	27
119:114	PSA.119.81	21
119:114	PSA.130.5-PSA.130.6	20
119:114	PSA.84.11	17
119:114	PSA.119.74	17
119:115	1CO.15.33	12
119:115	PSA.6.8	8
119:115	MAT.7.23	8
119:115	PSA.26.5	5
119:115	PSA.119.106	5
119:115	PSA.139.19	5
119:115	PSA.26.9	4
119:115	MAT.25.41	4
119:115	JOS.24.15	3
119:116	ROM.5.5	20
119:116	PSA.25.2	14
119:116	1PE.2.6	12
119:116	PSA.37.24	10
119:116	ISA.41.10	10
119:116	ROM.10.11	10
119:116	PSA.37.17	9
119:116	PSA.54.4	9
119:116	PSA.63.8	8
119:116	PSA.94.18	7
119:116	ISA.42.1	7
119:116	ISA.45.17	7
119:116	PSA.41.12	6
119:116	ROM.9.32-ROM.9.33	5
119:117	PSA.119.6	6
119:117	JUD.1.24	5
119:117	PSA.71.6	4
119:117	JHN.10.28-JHN.10.29	4
119:117	PSA.17.5	3
119:117	PSA.139.10	3
119:117	PSA.73.23	2
119:117	PSA.119.48	2
119:117	PSA.119.111-PSA.119.112	2
119:117	ISA.41.13	2
119:117	ROM.14.4	2
119:117	1PE.1.5	1
119:118	PSA.119.10	6
119:118	PSA.119.21	4
119:118	PSA.119.29	3
119:118	ISA.44.20	3
119:118	ISA.63.3	3
119:118	EPH.4.22	3
119:118	EPH.5.6	3
119:118	2TI.3.13	3
119:118	REV.18.23	3
119:118	PSA.78.36-PSA.78.37	2
119:118	PSA.78.57	2
119:118	PSA.95.10	2
119:118	ISA.25.10	2
119:118	MAL.4.3	2
119:118	LUK.21.24	2
119:118	2TH.2.9-2TH.2.11	2
119:118	1JN.2.21	2
119:118	REV.14.20	0
119:119	MAL.3.2-MAL.3.3	3
119:119	MAT.7.23	3
119:119	1SA.15.23	2
119:119	PSA.119.111	2
119:119	PSA.119.126-PSA.119.128	2
119:119	ISA.1.25	2
119:119	JER.6.30	2
119:119	EZK.22.18-EZK.22.22	2
119:119	MAT.3.12	2
119:119	MAT.13.49-MAT.13.50	2
119:119	MAT.13.40-MAT.13.42	1
119:120	ISA.66.2	12
119:120	HAB.3.16	11
119:120	DAN.10.8-DAN.10.11	10
119:120	HEB.12.21	10
119:120	HEB.12.28-HEB.12.29	10
119:120	PHP.2.12	9
119:120	2CH.34.21	6
119:120	2CH.34.27	6
119:120	LEV.10.1-LEV.10.3	5
119:120	2SA.6.8-2SA.6.9	5
119:120	REV.1.17-REV.1.18	5
119:120	1SA.6.20	4
119:120	PSA.119.53	4
119:120	1CH.24.16-1CH.24.17	1
119:120	1CH.24.30	0
119:121	2SA.8.15	4
119:121	PSA.18.20-PSA.18.24	4
119:121	PSA.37.33	3
119:121	2CO.1.12	3
119:121	1SA.24.11-1SA.24.15	2
119:121	1SA.25.28	2
119:121	PSA.7.3-PSA.7.5	2
119:121	PSA.57.3-PSA.57.4	2
119:121	PSA.75.2	2
119:121	ACT.21.16	2
119:121	ACT.25.10-ACT.25.11	2
119:121	2PE.2.9	2
119:122	HEB.7.22	6
119:122	PSA.119.21	4
119:122	JOB.17.3	3
119:122	PRO.22.26-PRO.22.27	3
119:122	ISA.38.14	3
119:122	GEN.43.9	2
119:122	PSA.36.11	2
119:122	PHM.1.18-PHM.1.19	2
119:123	PSA.130.6	4
119:123	PSA.69.3	3
119:123	PSA.119.81-PSA.119.82	3
119:123	PSA.143.7	3
119:123	LAM.4.17	3
119:124	PSA.119.12	11
119:124	DAN.9.18	10
119:124	PSA.103.10	9
119:124	PSA.119.76-PSA.119.77	9
119:124	PSA.130.7	8
119:124	PSA.51.1	7
119:124	PSA.69.13	7
119:124	PSA.119.26	7
119:124	PSA.119.132	7
119:124	PSA.69.16	6
119:124	LUK.18.13	5
119:124	2TI.1.16-2TI.1.18	5
119:124	NEH.9.20	4
119:124	PSA.79.8	4
119:124	PSA.119.41	4
119:124	PSA.143.10-PSA.143.12	4
119:124	PSA.130.3-PSA.130.4	3
119:125	JAS.3.13-JAS.3.17	5
119:125	PSA.116.16	4
119:125	PSA.119.34	4
119:125	PRO.14.8	4
119:125	2CO.3.5-2CO.3.6	4
119:125	JAS.1.5	4
119:125	PSA.119.11	3
119:125	PSA.119.18-PSA.119.19	3
119:125	PSA.119.29	3
119:125	PSA.119.66	3
119:125	PRO.9.10	3
119:125	ROM.6.22	3
119:125	2CH.1.7-2CH.1.10	2
119:125	PSA.86.16	2
119:125	PSA.119.94	2
119:125	2TI.2.7	2
119:126	JER.8.8	8
119:126	HAB.1.4	7
119:126	MAL.2.8	6
119:126	PSA.9.19	5
119:126	MAT.15.6	4
119:126	ROM.3.31	4
119:126	ROM.4.14	4
119:126	PSA.102.13	3
119:126	ISA.42.14	3
119:126	GEN.22.14	2
119:126	DEU.32.36	2
119:126	GEN.22.10-GEN.22.11	0
119:127	PSA.19.10	7
119:127	MAT.13.45-MAT.13.46	6
119:127	PRO.3.13-PRO.3.18	5
119:127	PRO.8.11	5
119:127	PRO.16.16	5
119:127	PSA.119.72	4
119:127	EPH.3.8	3
119:128	PSA.119.104	9
119:128	ROM.7.22	7
119:128	PSA.19.7-PSA.19.8	6
119:128	PSA.119.6	5
119:128	PRO.30.5	5
119:128	DEU.4.8	4
119:128	JOB.33.27	3
119:128	ROM.7.16	3
119:128	PSA.119.118	2
119:128	ROM.7.12	2
119:128	ROM.7.14	2
119:129	PSA.25.10	5
119:129	PSA.139.6	5
119:129	PSA.119.18	4
119:129	ISA.25.1	4
119:129	PSA.119.2	3
119:129	PSA.119.31	3
119:129	PSA.119.146	3
119:129	ISA.9.6	2
119:129	REV.19.10	2
119:130	PSA.119.105	41
119:130	PRO.6.23	40
119:130	2CO.4.6	32
119:130	ACT.26.18	27
119:130	PSA.19.7	25
119:130	LUK.1.77-LUK.1.79	23
119:130	2PE.1.19	20
119:130	PRO.1.22-PRO.1.23	16
119:130	EPH.5.13-EPH.5.14	14
119:130	2CO.4.4	12
119:130	ISA.8.20	11
119:130	2TI.3.15-2TI.3.17	11
119:130	PRO.1.4	9
119:130	PRO.9.4-PRO.9.6	8
119:130	ROM.16.18-ROM.16.19	7
119:131	PSA.42.1	10
119:131	PSA.119.20	7
119:131	1PE.2.2	5
119:131	PSA.81.10	4
119:131	ISA.26.8-ISA.26.9	4
119:131	HEB.12.14	4
119:131	JOB.29.23	3
119:131	PSA.119.162	3
119:131	PSA.119.174	3
119:131	PSA.119.40	1
119:132	PSA.106.4	7
119:132	PSA.119.124	7
119:132	1SA.1.11	4
119:132	PSA.25.16	4
119:132	PSA.25.18	4
119:132	EXO.4.31	3
119:132	2SA.16.12	3
119:132	ISA.63.7-ISA.63.9	2
119:132	2TH.1.6-2TH.1.7	2
119:133	PSA.17.5	22
119:133	PSA.19.13	18
119:133	PSA.119.116	16
119:133	PSA.32.8	14
119:133	ROM.6.12-ROM.6.14	14
119:133	1SA.2.9	12
119:133	PSA.121.3	12
119:133	ROM.7.23-ROM.7.24	8
119:134	PSA.56.1-PSA.56.2	4
119:134	PSA.119.122	4
119:134	EZK.11.17-EZK.11.20	3
119:134	LUK.1.74-LUK.1.75	3
119:134	PSA.56.13	2
119:134	PSA.105.43-PSA.105.45	2
119:134	PSA.142.6	2
119:134	EZK.36.24-EZK.36.27	2
119:134	ACT.9.31	2
119:135	NUM.6.25-NUM.6.26	8
119:135	PSA.4.6	6
119:135	PSA.80.7	5
119:135	PSA.80.3	4
119:135	PSA.80.19	4
119:135	LUK.24.45	4
119:135	JOB.33.26	3
119:135	JOB.34.32	3
119:135	JOB.36.22	3
119:135	JOB.35.11	2
119:135	PSA.80.1	2
119:135	PSA.119.12	2
119:135	PSA.119.26	2
119:135	REV.22.4-REV.22.5	2
119:136	JER.9.1	9
119:136	EZK.9.4	8
119:136	1SA.15.11	7
119:136	PSA.119.53	7
119:136	PSA.119.158	7
119:136	JER.9.18	7
119:136	JER.14.17	7
119:136	LUK.19.41	6
119:136	ROM.9.2-ROM.9.3	6
119:136	JER.13.17	5
119:137	EZR.9.15	5
119:137	JER.12.1	5
119:137	PSA.145.17	4
119:137	DAN.9.7	4
119:137	DEU.32.4	3
119:137	NEH.9.33	3
119:137	PSA.99.4	3
119:137	PSA.103.6	3
119:137	DAN.9.14	3
119:137	REV.16.7	3
119:137	ROM.2.5	2
119:137	ROM.3.5-ROM.3.6	2
119:137	REV.15.3-REV.15.4	2
119:137	REV.19.2	2
119:137	ROM.9.14	1
119:138	PSA.19.7-PSA.19.9	5
119:138	PSA.119.144	5
119:138	PSA.119.86	4
119:138	DEU.4.8	2
119:138	DEU.4.45	2
119:139	PSA.69.9	6
119:139	JHN.2.17	6
119:139	1KI.19.10	3
119:139	ACT.13.27	3
119:139	1KI.19.14	2
119:139	PSA.53.4	2
119:139	MAT.9.13	2
119:139	MAT.12.3-MAT.12.5	2
119:139	MAT.15.4-MAT.15.6	2
119:139	MAT.21.13	2
119:139	MAT.21.16	2
119:139	MAT.21.42	2
119:139	MAT.22.29	2
119:139	ACT.28.23-ACT.28.27	2
119:140	PSA.19.8	7
119:140	PRO.30.5	7
119:140	PSA.12.6	6
119:140	2PE.1.21	6
119:140	PSA.119.128	5
119:140	ROM.7.12	5
119:140	ROM.7.22	5
119:140	PSA.18.30	4
119:140	1PE.2.2	4
119:140	ROM.7.16	3
119:141	PSA.22.6	7
119:141	2CO.8.9	6
119:141	JAS.2.5	5
119:141	LUK.6.20	4
119:141	LUK.9.58	4
119:141	PSA.40.17	3
119:141	PSA.119.109	3
119:141	PRO.3.1	3
119:141	PRO.15.16	3
119:141	PRO.16.8	3
119:141	PSA.119.176	2
119:141	PRO.19.1	2
119:141	ISA.53.3	2
119:142	PSA.19.9	9
119:142	PSA.119.151	8
119:142	JHN.17.17	8
119:142	ISA.51.8	6
119:142	ISA.51.6	5
119:142	PSA.119.144	4
119:142	PSA.36.6	3
119:142	EPH.4.21	3
119:142	DAN.9.24	2
119:142	2TH.1.6-2TH.1.10	2
119:143	JOB.23.12	7
119:143	PSA.119.107	6
119:143	PSA.18.4-PSA.18.5	2
119:143	PSA.88.3-PSA.88.18	2
119:143	PSA.116.3	2
119:143	PSA.119.16	2
119:143	PSA.119.47	2
119:143	PSA.119.77	2
119:143	PSA.130.1	2
119:143	MRK.14.33-MRK.14.34	2
119:143	JHN.4.34	1
119:144	PSA.119.169	5
119:144	JER.4.22	5
119:144	DAN.12.10	5
119:144	2CO.4.6	5
119:144	1PE.1.23-1PE.1.25	5
119:144	PSA.119.73	4
119:144	PRO.10.21	4
119:144	ISA.27.11	4
119:144	1JN.5.20-1JN.5.21	4
119:144	PSA.19.9	3
119:144	PSA.119.66	3
119:144	PSA.119.138	3
119:144	PSA.119.152	3
119:144	ISA.6.9-ISA.6.10	3
119:144	MAT.5.18	3
119:144	MAT.13.19	3
119:144	PSA.119.34	2
119:144	HOS.4.6	2
119:144	JHN.17.3	2
119:145	PSA.119.10	8
119:145	JER.29.13	5
119:145	PSA.102.1	4
119:145	PSA.119.106	4
119:145	1SA.1.10	3
119:145	1SA.1.15	3
119:145	PSA.61.1-PSA.61.2	3
119:145	PSA.62.8	3
119:145	PSA.86.4	3
119:145	PSA.119.44	3
119:145	PSA.119.115	3
119:145	PSA.142.1-PSA.142.2	3
119:146	PSA.119.134	3
119:146	TIT.2.14	3
119:146	JDG.10.15-JDG.10.16	2
119:146	MAT.1.21	2
119:146	TIT.3.4-TIT.3.8	2
119:147	MRK.1.35	10
119:147	PSA.5.3	9
119:147	PSA.130.5-PSA.130.6	7
119:147	PSA.88.13	6
119:147	PSA.42.8	4
119:147	PSA.56.4	4
119:147	PSA.119.74	4
119:147	PSA.119.81	4
119:147	PSA.57.8	3
119:147	PSA.108.2	3
119:147	ISA.26.9	3
119:147	HEB.6.17-HEB.6.19	3
119:147	PSA.21.3	2
119:148	PSA.63.6	9
119:148	LAM.2.19	6
119:148	LUK.6.12	6
119:148	PSA.63.1	3
119:148	PSA.139.17-PSA.139.18	3
119:148	PSA.119.62	2
119:149	ISA.63.7	7
119:149	PSA.5.2-PSA.5.3	5
119:149	PSA.51.1	5
119:149	PSA.55.2	5
119:149	PSA.109.21	5
119:149	PSA.119.40	5
119:149	PSA.69.16	3
119:149	PSA.119.25	3
119:149	PSA.119.156	3
119:149	PSA.64.1	2
119:149	PSA.119.154	2
119:150	PSA.27.2	4
119:150	PRO.28.9	3
119:150	1SA.23.16	2
119:150	2SA.17.16	2
119:150	JOB.21.14	2
119:150	PSA.22.11-PSA.22.13	2
119:150	PSA.22.16	2
119:150	PSA.50.17	2
119:150	PRO.1.7	1
119:150	PRO.1.22	1
119:150	MAT.26.46-MAT.26.47	1
119:150	EPH.2.13-EPH.2.14	1
119:151	PSA.145.18	8
119:151	PSA.119.142	6
119:151	PSA.34.18	4
119:151	PSA.139.2	4
119:151	DEU.4.7	3
119:151	PSA.46.1	3
119:151	PSA.75.1	3
119:151	PSA.119.138	3
119:151	MAT.1.23	3
119:152	LUK.21.33	6
119:152	PSA.111.7-PSA.111.8	4
119:152	ECC.3.14	4
119:152	PSA.119.144	2
119:152	PSA.119.160	2
119:152	PSA.89.34-PSA.89.37	1
119:153	PSA.119.176	5
119:153	LAM.5.1	5
119:153	PSA.9.13	4
119:153	PSA.25.19	3
119:153	PSA.119.16	3
119:153	PSA.119.141	3
119:153	PSA.119.159	3
119:153	PRO.3.1	3
119:153	EXO.3.7-EXO.3.8	2
119:153	NEH.9.32	2
119:153	PSA.13.3-PSA.13.4	2
119:153	PSA.119.98	2
119:153	PSA.119.109	2
119:153	LAM.2.20	2
119:154	PSA.35.1	6
119:154	1SA.24.15	5
119:154	JER.50.34	5
119:154	MIC.7.9	5
119:154	PSA.119.25	4
119:154	PSA.119.40	4
119:154	JER.11.20	4
119:154	JOB.5.8	3
119:154	PSA.43.1	3
119:154	PRO.22.23	3
119:154	JER.51.36	3
119:154	1JN.2.1	3
119:155	JOB.5.4	5
119:155	EPH.2.17-EPH.2.18	5
119:155	ROM.3.11	4
119:155	PSA.10.4	3
119:155	PSA.18.27	3
119:155	PRO.1.7	3
119:155	ISA.46.12	3
119:155	ISA.57.19	3
119:155	LUK.16.24	3
119:155	JOB.21.14-JOB.21.15	2
119:156	PSA.86.15	6
119:156	PSA.86.13	4
119:156	PSA.51.1	3
119:156	ISA.63.7	3
119:156	2SA.24.14	2
119:156	1CH.21.13	2
119:156	PSA.86.5	2
119:156	ISA.55.7	2
119:157	1CO.15.58	7
119:157	PSA.119.51	4
119:157	JOB.17.9	3
119:157	JOB.23.11	3
119:157	ISA.42.4	3
119:157	ACT.20.23-ACT.20.24	3
119:157	PSA.3.1-PSA.3.2	2
119:157	PSA.7.1	2
119:157	PSA.22.12	2
119:157	PSA.22.16	2
119:157	PSA.25.19	2
119:157	PSA.44.17	2
119:157	PSA.56.2	2
119:157	PSA.118.10-PSA.118.12	2
119:157	PSA.119.110	2
119:157	MAT.24.9	2
119:157	ACT.4.27	2
119:157	MAT.26.47	1
119:158	PSA.119.53	6
119:158	PSA.139.21	6
119:158	PSA.119.136	3
119:158	EZK.9.4	2
119:158	MRK.3.5	1
119:159	PSA.119.97	6
119:159	PSA.119.153	4
119:159	2KI.20.3	3
119:159	NEH.5.19	3
119:159	NEH.13.22	3
119:160	PRO.30.5	23
119:160	2TI.3.16	19
119:160	PSA.119.144	17
119:160	MAT.5.18	13
119:160	PSA.119.142	9
119:160	ECC.3.14	8
119:160	PSA.119.152	7
119:160	PSA.119.75	6
119:160	PSA.119.86	6
119:160	PSA.119.138	4
119:161	1SA.24.9-1SA.24.15	5
119:161	1SA.26.18	5
119:161	PSA.119.157	5
119:161	ISA.66.2	5
119:161	PSA.4.4	4
119:161	PSA.119.23	4
119:161	JHN.15.25	4
119:161	GEN.39.9	3
119:161	JOB.31.23	3
119:161	JER.36.23-JER.36.25	3
119:161	GEN.42.18	2
119:161	1SA.21.15	2
119:161	2KI.22.19	2
119:161	NEH.5.15	2
119:162	JER.15.16	19
119:162	PSA.119.72	13
119:162	PSA.119.111	11
119:162	1SA.30.16	5
119:162	ISA.9.3	2
119:162	PRO.16.19	1
119:163	PSA.119.128	5
119:163	PRO.6.16-PRO.6.19	4
119:163	ROM.12.9	4
119:163	PSA.119.29	3
119:163	AMO.5.15	3
119:163	PSA.101.7	2
119:163	PSA.119.113	2
119:163	PRO.30.8	2
119:163	EPH.4.25	2
119:163	REV.22.15	2
119:164	PSA.119.62	15
119:164	PSA.55.17	10
119:164	PSA.97.8	5
119:164	PSA.48.11	3
119:164	REV.19.2	2
119:165	PRO.3.1-PRO.3.2	33
119:165	ISA.32.17	28
119:165	ISA.26.3	27
119:165	JHN.14.27	26
119:165	PHP.4.7	16
119:165	GAL.5.22-GAL.5.23	15
119:165	PRO.3.23	12
119:165	1PE.2.6-1PE.2.8	12
119:165	PRO.3.17	10
119:165	ISA.57.21	10
119:165	1JN.2.10	10
119:165	MAT.13.21	7
119:165	ISA.28.13	6
119:165	GAL.6.15-GAL.6.16	6
119:165	ISA.8.13-ISA.8.15	4
119:165	ISA.57.14	4
119:165	MAT.24.24	2
119:166	GEN.49.18	7
119:166	PSA.119.81	5
119:166	PSA.119.174	5
119:166	PSA.50.23	4
119:166	PSA.130.5-PSA.130.7	4
119:166	JHN.7.17	4
119:166	1JN.2.3-1JN.2.4	4
119:166	PSA.4.5	3
119:166	PSA.24.3-PSA.24.5	3
119:167	PSA.40.8	5
119:167	ROM.7.22	5
119:167	HEB.10.16	5
119:167	JHN.14.21-JHN.14.24	4
119:167	PSA.119.97	3
119:167	PSA.119.111	3
119:167	PSA.119.159	3
119:167	JHN.15.9-JHN.15.10	3
119:167	PSA.119.6-PSA.119.8	2
119:168	PRO.5.21	9
119:168	PSA.139.3	7
119:168	PSA.44.20-PSA.44.21	5
119:168	JOB.34.21	4
119:168	JER.23.24	4
119:168	PSA.98.8	3
119:168	REV.2.23	3
119:168	HEB.4.13	2
119:169	JAS.1.5	10
119:169	PSA.119.144-PSA.119.145	8
119:169	PSA.18.6	6
119:169	PRO.2.3-PRO.2.5	6
119:169	2CH.1.10	4
119:169	1CH.22.12	2
119:169	2CH.30.27	2
119:169	DAN.2.21	2
119:170	PSA.119.41	6
119:170	PSA.28.2	5
119:170	GEN.32.9-GEN.32.12	3
119:170	2SA.7.25	3
119:170	PSA.89.20-PSA.89.25	3
119:170	PSA.31.2	2
119:171	PSA.71.23-PSA.71.24	5
119:171	PSA.94.12	5
119:171	PSA.51.15	4
119:171	PSA.71.17	4
119:171	PSA.119.7	4
119:171	PSA.50.23	3
119:172	ROM.7.14	6
119:172	EPH.4.29	6
119:172	PSA.37.30	5
119:172	MAT.12.34-MAT.12.35	5
119:172	ROM.7.12	5
119:172	PSA.119.138	4
119:172	PSA.119.142	4
119:172	PSA.40.9-PSA.40.10	3
119:172	PSA.78.4	3
119:172	PSA.119.13	3
119:172	PSA.119.86	3
119:172	COL.4.6	3
119:172	PSA.119.46	2
119:172	DEU.6.7	1
119:173	ISA.41.10-ISA.41.14	4
119:173	JOS.24.22	3
119:173	DEU.30.19	2
119:173	JOS.24.15	1
119:173	1KI.3.11-1KI.3.12	1
119:173	PSA.37.24	1
119:173	PSA.119.30	1
119:173	PSA.119.35	1
119:173	PSA.119.40	1
119:173	PSA.119.94	1
119:173	PSA.119.111	1
119:173	PSA.119.117	1
119:173	PRO.1.29	1
119:173	MRK.9.24	1
119:173	LUK.10.42	1
119:173	2CO.12.9	1
119:173	PHP.4.13	1
119:173	EPH.6.10-EPH.6.20	0
119:174	PSA.119.166-PSA.119.167	7
119:174	PSA.119.16	5
119:174	PSA.1.2	4
119:174	PSA.119.47	4
119:174	PSA.119.111	4
119:174	PSA.119.162	4
119:174	ROM.7.22-ROM.7.25	3
119:174	ROM.8.23-ROM.8.25	3
119:174	PHP.1.23	3
119:174	GEN.49.18	2
119:174	2SA.23.5	2
119:174	PSA.119.24	2
119:174	PSA.119.77	2
119:174	PSA.119.81	2
119:174	PRO.13.12	2
119:174	SNG.5.8	1
119:175	ISA.55.3	6
119:175	PSA.51.14-PSA.51.15	5
119:175	PSA.118.18-PSA.118.19	4
119:175	ISA.26.8-ISA.26.9	4
119:175	ISA.38.19	4
119:175	PSA.30.9	3
119:175	ROM.8.28	3
119:175	1CO.11.31-1CO.11.32	3
119:175	PSA.9.13-PSA.9.14	2
119:175	PSA.119.75	2
119:175	2CO.4.17	2
119:176	LUK.19.10	14
119:176	ISA.53.6	13
119:176	LUK.15.4-LUK.15.7	10
119:176	JHN.10.16	8
119:176	MAT.15.24	7
119:176	1PE.2.25	7
119:176	PSA.119.93	6
119:176	EZK.34.6	6
119:176	MAT.18.12-MAT.18.13	6
119:176	PSA.119.61	5
119:176	SNG.1.4	5
119:176	EZK.34.16	5
119:176	GAL.4.9	5
119:176	PHP.2.13	5
119:176	JAS.1.17	5
119:176	JER.31.18	4
119:176	HOS.4.6	4
119:176	MAT.10.6	4
120:1	PSA.18.6	24
120:1	JON.2.2	20
120:1	PSA.118.5	15
120:1	HEB.5.7	14
120:1	PSA.50.15	13
120:1	PSA.130.1	11
120:1	PSA.107.13	10
120:1	PSA.125.1	10
120:1	PSA.131.1	10
120:1	ISA.37.3-ISA.37.4	10
120:1	LUK.22.44	10
120:1	PSA.134.1	9
120:1	ISA.37.14-ISA.37.20	9
120:1	PSA.102.2	8
120:1	PSA.121.1	8
120:1	PSA.122.1	8
120:1	PSA.124.1	8
120:1	PSA.127.1	8
120:1	PSA.132.1	8
120:1	PSA.133.1	8
120:1	PSA.30.7-PSA.30.8	7
120:1	PSA.116.3-PSA.116.4	7
120:1	ISA.38.2-ISA.38.5	7
120:1	PSA.123.1	6
120:1	PSA.126.1	6
120:1	PSA.128.1	6
120:1	PSA.129.1	6
120:2	PSA.140.1-PSA.140.3	5
120:2	PRO.12.22	4
120:2	PSA.52.2-PSA.52.4	3
120:2	PSA.109.1-PSA.109.2	3
120:2	PSA.35.11	2
120:2	MAT.26.59-MAT.26.62	2
120:3	JOB.27.8	3
120:3	MAT.16.26	2
120:3	ROM.6.21	2
120:4	JAS.3.5-JAS.3.8	7
120:4	PRO.18.21	4
120:4	PRO.19.9	4
120:4	PSA.45.5	3
120:4	PRO.12.22	3
120:4	PRO.16.27	3
120:4	PRO.19.5	3
120:4	DEU.32.23-DEU.32.24	2
120:4	PSA.7.13	2
120:4	PSA.52.5	2
120:4	PSA.57.4	2
120:4	PSA.59.7	2
120:4	PSA.140.9-PSA.140.11	2
120:4	PRO.11.9	2
120:4	PRO.11.12	2
120:4	PRO.11.18	2
120:4	REV.21.8	2
120:4	PRO.18.8	1
120:5	GEN.10.2	7
120:5	GEN.25.13	5
120:5	EZK.27.13	5
120:5	SNG.1.5	4
120:5	ISA.60.6-ISA.60.7	3
120:5	JER.9.2-JER.9.3	3
120:5	EZK.27.21	3
120:5	EZK.38.2-EZK.38.3	3
120:5	EZK.39.1	3
120:5	MIC.7.1-MIC.7.2	3
120:5	2PE.2.7-2PE.2.8	3
120:5	1SA.25.1	2
120:5	JER.9.6	2
120:5	JER.15.10	2
120:5	JER.49.28-JER.49.29	2
120:5	REV.2.13	2
120:6	MAT.10.16	8
120:6	PSA.57.4	7
120:6	EZK.2.6	6
120:6	MAT.10.36	5
120:6	1SA.20.30-1SA.20.33	3
120:6	TIT.3.3	1
120:7	MAT.5.9	30
120:7	PSA.109.4	10
120:7	PSA.34.14	8
120:7	HEB.12.14	6
120:7	PSA.35.20	5
120:7	ROM.12.18	5
120:7	EPH.2.14-EPH.2.17	4
120:7	1SA.24.9-1SA.24.11	3
120:7	1SA.26.2-1SA.26.4	3
120:7	2SA.20.19	3
120:7	PSA.55.20	3
121:1	PSA.120.1	83
121:1	PSA.123.1	56
121:1	JER.3.23	36
121:1	ISA.2.3	35
121:1	PSA.2.6	27
121:1	PSA.87.1	15
121:1	PSA.68.15-PSA.68.16	13
121:1	PSA.78.68	10
121:2	ISA.41.13	88
121:2	PSA.124.8	70
121:2	HEB.13.6	66
121:2	ISA.40.28-ISA.40.29	50
121:2	PSA.146.5-PSA.146.6	42
121:2	PSA.46.1	36
121:2	PSA.115.15	34
121:2	JER.20.11	33
121:2	HOS.13.9	24
121:3	PRO.3.26	42
121:3	PRO.3.23	33
121:3	1SA.2.9	28
121:3	PSA.91.12	21
121:3	PSA.66.9	20
121:3	PSA.127.1	19
121:3	ISA.27.3	19
121:3	1PE.1.5	19
121:3	PSA.41.2	15
121:3	PRO.2.8	15
121:4	PSA.127.1	16
121:4	ISA.27.3	12
121:4	PSA.32.7-PSA.32.8	8
121:4	1KI.18.27	4
121:4	ECC.8.16	4
121:4	PSA.27.1	3
121:4	REV.7.15	2
121:5	ISA.25.4	25
121:5	PSA.91.1	22
121:5	EXO.13.21	18
121:5	PSA.16.8	18
121:5	ISA.4.5-ISA.4.6	17
121:5	PSA.109.31	15
121:5	ISA.32.2	14
121:5	MAT.23.37	9
121:6	REV.7.16	24
121:6	ISA.49.10	21
121:6	PSA.91.5-PSA.91.10	19
121:6	JON.4.8	10
121:7	2TI.4.18	44
121:7	PSA.91.9-PSA.91.12	38
121:7	PSA.41.2	29
121:7	PRO.12.21	26
121:7	PSA.145.20	19
121:7	JOB.5.19-JOB.5.27	16
121:7	PSA.34.22	16
121:7	ROM.8.35-ROM.8.39	15
121:7	MAT.6.13	13
121:7	PSA.97.10	12
121:7	ROM.8.28	9
121:8	DEU.28.6	43
121:8	PRO.2.8	26
121:8	PRO.3.6	26
121:8	PSA.113.2	20
121:8	EZR.8.31	19
121:8	PSA.115.18	18
121:8	EZR.8.21	15
121:8	JAS.4.13-JAS.4.16	15
121:8	2SA.5.2	13
121:8	DEU.28.19	1
122:1	PSA.84.10	40
122:1	MIC.4.2	26
122:1	ISA.2.3	21
122:1	PSA.84.1-PSA.84.2	15
122:1	PSA.128.1	14
122:1	PSA.134.1	14
122:1	PSA.120.1	13
122:1	PSA.121.1	10
122:1	ZEC.8.21-ZEC.8.23	10
122:1	PSA.123.1	9
122:1	PSA.55.14	8
122:1	PSA.119.111	8
122:1	JER.31.6	8
122:1	PSA.63.1-PSA.63.3	6
122:1	PSA.124.1	6
122:1	PSA.125.1	6
122:1	PSA.127.1	6
122:1	PSA.130.1	6
122:1	PSA.131.1	6
122:1	PSA.133.1	6
122:1	JER.50.4-JER.50.5	6
122:1	PSA.42.4	5
122:1	PSA.126.1	5
122:1	PSA.129.1	5
122:1	PSA.132.1	4
122:2	2CH.6.6	4
122:2	PSA.84.7	4
122:2	PSA.100.4	4
122:2	EXO.20.24	1
122:2	PSA.87.1-PSA.87.3	1
122:3	2SA.5.9	5
122:3	EPH.2.20-EPH.2.21	5
122:3	NEH.4.6	4
122:3	PSA.147.2	4
122:3	EPH.4.4-EPH.4.7	4
122:3	REV.21.10-REV.21.27	3
122:4	DEU.16.16	6
122:4	PSA.66.13-PSA.66.16	5
122:4	EXO.23.17	4
122:4	EXO.34.23-EXO.34.24	4
122:4	PSA.107.1-PSA.107.3	4
122:4	PSA.118.19	4
122:4	PSA.132.13	4
122:4	EXO.16.34	3
122:4	EXO.26.33-EXO.26.34	3
122:4	EXO.32.15	3
122:4	DEU.12.5	3
122:4	DEU.12.11	3
122:4	PSA.78.68	3
122:4	PSA.116.17-PSA.116.19	2
122:5	DEU.17.8	6
122:5	2CH.19.8	4
122:5	DEU.17.18	2
122:5	2SA.8.18	2
122:5	2CH.11.22	2
122:6	PSA.51.18	21
122:6	GEN.12.3	15
122:6	JER.29.7	14
122:6	PSA.137.6-PSA.137.7	13
122:6	NUM.24.9	11
122:6	JER.51.50	9
122:6	2TH.3.16	8
122:6	1JN.3.14	8
122:6	JHN.17.21	7
122:6	EPH.4.3	7
122:7	JHN.14.27	7
122:7	ISA.54.13	6
122:7	JAS.3.18	5
122:7	PSA.48.3	4
122:7	PSA.48.13	3
122:7	ISA.9.7	3
122:7	1CH.12.18	1
122:8	1SA.25.6	5
122:8	PSA.16.3	5
122:8	PSA.42.4	5
122:8	PSA.119.63	5
122:8	PHP.2.2-PHP.2.5	5
122:8	EPH.4.4-EPH.4.6	3
122:8	JAS.3.13-JAS.3.18	3
122:9	NEH.2.10	9
122:9	PSA.84.10	7
122:9	1CH.29.3	5
122:9	NEH.13.14	5
122:9	EST.10.3	5
122:9	PSA.26.8	5
122:9	PSA.69.9	5
122:9	PSA.84.1-PSA.84.2	5
122:9	JHN.2.17	5
122:9	PSA.102.13-PSA.102.14	4
122:9	PSA.137.5-PSA.137.6	4
123:1	PSA.121.1	27
123:1	PSA.141.8	21
123:1	PSA.25.15	16
123:1	PSA.2.4	14
123:1	PSA.11.4	10
123:1	MAT.6.9	10
123:1	LUK.18.13	10
123:1	PSA.120.1	8
123:1	PSA.125.1	8
123:1	PSA.132.1	8
123:1	ISA.57.15	8
123:1	PSA.115.3	7
123:1	PSA.126.1	7
123:1	PSA.130.1	7
123:1	PSA.127.1	6
123:1	PSA.129.1	6
123:1	PSA.128.1	5
123:1	PSA.133.1	5
123:1	PSA.134.1	5
123:1	ISA.66.1	5
123:1	PSA.124.1	4
123:1	PSA.113.5-PSA.113.6	2
123:1	PSA.131.1	2
123:1	PSA.122.1	1
123:2	PSA.130.5-PSA.130.6	19
123:2	LAM.3.25-LAM.3.26	15
123:2	PSA.25.15	14
123:2	PSA.40.1-PSA.40.3	12
123:2	GEN.49.18	11
123:2	PSA.119.123-PSA.119.125	10
123:2	LUK.18.1	9
123:2	GEN.32.26	8
123:2	JOS.10.6	4
123:2	JOS.9.27	3
123:2	PSA.119.82	3
123:2	JOS.9.23	1
123:3	PSA.57.1	5
123:3	LUK.18.11-LUK.18.13	5
123:3	PSA.89.50-PSA.89.51	4
123:3	NEH.4.2-NEH.4.4	3
123:3	PSA.4.1	2
123:3	PSA.56.1-PSA.56.2	2
123:3	PSA.69.13-PSA.69.16	2
123:3	ISA.53.3	2
123:3	LUK.16.14	2
123:3	LUK.23.35	2
123:3	PSA.44.13-PSA.44.16	1
123:4	JOB.12.5	7
123:4	PSA.119.51	7
123:4	ACT.17.32	5
123:4	ISA.32.11	4
123:4	1CO.4.13	4
123:4	NEH.2.19	3
123:4	JOB.16.4	3
123:4	PSA.73.5-PSA.73.9	3
123:4	ISA.32.9	3
123:4	JER.48.11	3
123:4	JER.48.29	3
123:4	AMO.6.1	3
123:4	ACT.26.24	3
123:4	JER.48.27	2
123:4	ACT.17.21	2
124:1	ROM.8.31	45
124:1	PSA.56.9	29
124:1	PSA.54.4	26
124:1	PSA.120.1	23
124:1	HEB.13.5-HEB.13.6	21
124:1	PSA.94.17	20
124:1	PSA.118.6-PSA.118.7	20
124:1	PSA.125.1	18
124:1	ISA.8.9-ISA.8.10	18
124:1	PSA.121.1	17
124:1	PSA.27.1	15
124:1	PSA.46.7	15
124:1	PSA.127.1	13
124:1	PSA.128.1	12
124:1	PSA.130.1	10
124:1	PSA.129.1	9
124:1	EXO.15.1	8
124:1	PSA.126.1	8
124:1	PSA.133.1	8
124:1	PSA.46.11	6
124:1	PSA.123.1	6
124:1	PSA.132.1	6
124:1	PSA.134.1	6
124:1	PSA.122.1	5
124:1	PSA.131.1	5
124:2	PSA.22.12-PSA.22.13	5
124:2	PSA.22.16	4
124:2	PSA.37.32	4
124:2	PSA.3.1	3
124:2	PSA.21.1-PSA.21.2	3
124:2	NUM.16.2-NUM.16.3	2
124:3	NUM.16.30-NUM.16.34	4
124:3	EST.3.12-EST.3.13	4
124:3	PSA.35.25	4
124:3	PSA.57.3	4
124:3	MAT.2.16	4
124:3	ACT.9.2	4
124:3	PSA.27.2	3
124:3	DAN.3.19	3
124:3	1SA.20.30-1SA.20.33	2
124:3	EST.3.6	2
124:3	PSA.56.1-PSA.56.2	2
124:3	PSA.74.8	2
124:3	PSA.76.10	2
124:3	PSA.83.4	2
124:3	PRO.1.12	2
124:3	JER.51.34	2
124:3	JON.1.17	1
124:4	PSA.69.15	5
124:4	REV.17.15	5
124:4	REV.12.15-REV.12.16	4
124:4	PSA.32.6	3
124:4	PSA.69.2	3
124:4	ISA.8.7-ISA.8.8	3
124:4	ISA.59.19	3
124:4	JER.46.7-JER.46.8	3
124:4	JOB.22.11	2
124:4	PSA.18.4	2
124:4	PSA.42.7	2
124:4	ISA.28.2	2
124:4	DAN.9.26	2
124:4	REV.17.1	2
124:5	JOB.38.11	3
124:5	JER.5.22	3
124:5	PSA.93.3-PSA.93.4	2
124:6	EXO.15.9-EXO.15.10	8
124:6	PSA.118.13	8
124:6	PSA.145.5-PSA.145.6	7
124:6	ISA.10.14-ISA.10.19	6
124:6	PSA.17.9	5
124:6	1SA.26.20	4
124:6	JDG.5.30-JDG.5.31	3
124:7	PSA.91.3	30
124:7	PRO.6.5	18
124:7	2TI.2.26	15
124:7	PSA.25.15	14
124:7	1SA.25.29	13
124:7	1SA.23.26-1SA.23.27	12
124:7	2SA.17.21-2SA.17.22	10
124:7	JER.18.22	8
124:7	1SA.24.14-1SA.24.15	6
124:7	2SA.17.2	6
124:7	JER.5.26	6
124:8	PSA.121.2	15
124:8	ACT.4.24	11
124:8	PSA.146.5-PSA.146.6	9
124:8	JER.32.17	8
124:8	GEN.1.1	7
124:8	PSA.115.15	7
124:8	PSA.134.3	7
124:8	ISA.37.16-ISA.37.20	5
125:1	JER.17.7-JER.17.8	42
125:1	PSA.62.2	28
125:1	PRO.3.5-PRO.3.6	26
125:1	PSA.118.8-PSA.118.9	21
125:1	PSA.25.2	15
125:1	PSA.120.1	15
125:1	ZEC.1.17	15
125:1	PSA.34.22	14
125:1	1CH.5.20	13
125:1	PSA.121.1	12
125:1	PSA.27.1	10
125:1	PSA.62.6	10
125:1	ISA.12.6	9
125:1	EPH.1.12-EPH.1.13	9
125:1	PSA.122.1	8
125:1	PSA.123.1	8
125:1	PSA.132.13-PSA.132.14	8
125:1	ISA.51.16	8
125:1	MIC.4.2	8
125:1	REV.14.1	8
125:1	PSA.25.8	7
125:1	PSA.124.1	7
125:1	OBA.1.21	7
125:1	ZEC.1.14	7
125:1	ISA.14.32	6
125:1	ISA.51.8	6
125:1	ISA.52.1	6
125:1	ISA.52.7-ISA.52.8	6
125:1	MAT.16.16-MAT.16.18	6
125:1	1PE.1.21	6
125:1	PSA.46.5	5
125:1	PSA.147.11	5
125:1	ISA.51.11	4
125:2	ZEC.2.5	20
125:2	PSA.121.8	18
125:2	ISA.4.5	18
125:2	JHN.10.28-JHN.10.29	17
125:2	DEU.33.27	16
125:2	PSA.34.7	16
125:2	LAM.4.12	15
125:3	ISA.14.5-ISA.14.6	19
125:3	PSA.89.22	18
125:3	PRO.22.8	17
125:3	1CO.10.13	12
125:3	REV.2.10	9
125:3	ISA.27.8	8
125:3	1SA.24.10	6
125:3	PSA.103.9	4
125:3	ISA.10.5	4
125:3	PSA.103.14	2
125:3	PSA.55.20	0
125:4	PSA.7.10	8
125:4	PSA.84.11	7
125:4	PSA.94.15	5
125:4	PSA.119.68	5
125:4	PSA.36.10	4
125:4	PSA.51.18	4
125:4	PSA.119.80	4
125:4	PSA.32.2	3
125:4	PSA.73.1	3
125:4	ISA.58.10-ISA.58.11	3
125:4	LAM.3.25	3
125:4	JHN.1.47	3
125:4	HEB.6.10	3
125:4	1JN.3.17-1JN.3.24	3
125:4	REV.14.5	3
125:4	PSA.41.1-PSA.41.3	2
125:5	ISA.59.8	12
125:5	PRO.2.15	9
125:5	PSA.128.6	8
125:5	PSA.40.4	7
125:5	GAL.6.16	7
125:5	PSA.101.3	5
125:5	MAT.7.23	5
125:5	JHN.14.27	5
125:5	PHP.2.15	4
125:5	1CH.10.13-1CH.10.14	3
125:5	JOB.23.11	3
125:5	PSA.92.7	3
125:5	PSA.94.4	3
125:5	PRO.14.14	3
125:5	ISA.54.10	3
125:5	ISA.54.13	3
125:5	JER.2.19	3
125:5	EZK.37.26	3
125:5	HOS.2.18	3
125:5	ZEP.1.6	3
125:5	MAT.24.48-MAT.24.51	3
125:5	HEB.10.38	3
125:5	1PE.1.2	3
126:1	HOS.6.11	28
126:1	JOL.3.1	20
126:1	PSA.85.1	16
126:1	JER.31.8-JER.31.10	15
126:1	PSA.53.6	13
126:1	PSA.120.1	13
126:1	PSA.123.1	13
126:1	ACT.12.9	13
126:1	JOB.42.10	11
126:1	PSA.124.1	11
126:1	PSA.125.1	11
126:1	PSA.121.1	9
126:1	PSA.122.1	9
126:1	EZR.1.1-EZR.1.11	8
126:1	LUK.24.41	8
126:1	JOB.9.16	5
126:1	ACT.12.14-ACT.12.16	5
126:1	LUK.24.11	4
126:1	MRK.16.11	3
126:2	JOB.8.21	11
126:2	PSA.71.19	7
126:2	ISA.35.10	7
126:2	ZEC.8.22-ZEC.8.23	7
126:2	PSA.106.47-PSA.106.48	5
126:2	NEH.6.16	4
126:2	PSA.53.6	4
126:2	JER.33.11	4
126:2	JOS.2.9-JOS.2.11	3
126:2	JER.31.12-JER.31.13	3
126:2	REV.11.15-REV.11.17	3
126:2	NUM.23.23	2
126:2	JOS.9.9-JOS.9.10	2
126:2	EZR.3.11	2
126:2	PSA.14.7	2
126:2	ROM.11.15	2
126:2	PSA.51.14	1
126:2	ISA.49.9-ISA.49.13	1
126:3	LUK.1.49	16
126:3	ISA.51.9-ISA.51.11	9
126:3	ISA.66.14	9
126:3	ISA.12.4-ISA.12.6	8
126:3	PSA.66.5-PSA.66.6	5
126:3	PSA.68.7-PSA.68.8	5
126:3	REV.12.10	5
126:3	REV.19.1-REV.19.7	5
126:3	PSA.31.19	4
126:3	ISA.11.11-ISA.11.16	4
126:3	EPH.1.18-EPH.1.22	4
126:3	PSA.18.50	3
126:3	EZR.7.27-EZR.7.28	2
126:3	PSA.68.22	2
126:3	ISA.25.9	2
126:3	ISA.52.9-ISA.52.10	2
126:3	LUK.1.46	2
126:4	PSA.85.4	7
126:4	JOS.3.16	5
126:4	PSA.126.1	5
126:4	ISA.35.6	5
126:4	ISA.41.18	5
126:4	ISA.43.19	5
126:4	HOS.1.11	5
126:5	GAL.6.9	51
126:5	ISA.35.10	43
126:5	JHN.16.20-JHN.16.22	27
126:5	JOL.2.23	26
126:5	MAT.5.4	24
126:5	JER.31.9-JER.31.13	17
126:5	ISA.12.1-ISA.12.3	16
126:5	PSA.137.1	14
126:5	JOL.2.17	13
126:5	2CO.7.8-2CO.7.11	11
126:6	ISA.9.2-ISA.9.3	17
126:6	GAL.6.7-GAL.6.8	16
126:6	PSA.30.5	14
126:6	ISA.61.3	10
126:6	JOB.11.13-JOB.11.17	9
126:6	JER.50.4-JER.50.5	9
126:6	REV.7.15-REV.7.17	9
126:6	LUK.15.18-LUK.15.24	6
126:6	ACT.16.29-ACT.16.34	6
127:1	PRO.16.9	132
127:1	1CO.3.7	119
127:1	PRO.21.30-PRO.21.31	92
127:1	1CO.3.9-1CO.3.15	87
127:1	PSA.33.16-PSA.33.18	68
127:1	PSA.121.3-PSA.121.5	45
127:1	PSA.124.1	42
127:1	1CH.28.10	38
127:1	ISA.62.6	37
127:1	1CH.28.20	32
127:1	JER.51.12	30
127:1	1CO.15.14	24
127:1	PSA.121.1	21
127:1	PSA.123.1	21
127:1	PSA.120.1	20
127:1	ECC.9.11	19
127:1	PSA.78.69	17
127:1	PSA.125.1	17
127:1	ISA.56.10	17
127:1	1CH.22.10-1CH.22.11	16
127:1	PSA.126.1	16
127:1	PSA.122.1	15
127:1	ZEC.2.4-ZEC.2.5	14
127:1	ISA.21.5-ISA.21.12	13
127:1	ISA.27.3	13
127:1	1CH.29.19	10
127:1	EZK.33.2-EZK.33.9	10
127:1	GAL.4.11	10
127:1	SNG.3.3	8
127:1	SNG.5.7	6
127:1	JER.51.31	6
127:1	PSA.72.1	5
127:2	ECC.5.12	24
127:2	PSA.4.8	23
127:2	JOB.11.18	19
127:2	PSA.3.5	16
127:2	JER.31.26	10
127:2	ECC.2.20-ECC.2.23	9
127:2	ECC.1.14	8
127:2	EZK.34.25	8
127:2	PRO.31.15-PRO.31.18	7
127:2	PSA.39.5-PSA.39.6	4
127:2	ECC.4.8	4
127:2	ECC.6.7	4
127:2	PSA.60.5	3
127:2	ECC.2.1-ECC.2.11	3
127:2	ACT.12.5-ACT.12.6	0
127:3	PSA.128.3-PSA.128.4	43
127:3	DEU.28.4	36
127:3	1SA.1.27	32
127:3	GEN.48.4	25
127:3	GEN.33.5	24
127:3	ISA.8.18	24
127:3	GEN.1.28	21
127:3	1SA.1.19-1SA.1.20	18
127:3	JOS.24.3-JOS.24.4	17
127:3	GEN.24.60	16
127:3	GEN.15.4-GEN.15.5	15
127:3	GEN.30.1-GEN.30.2	15
127:3	GEN.41.51-GEN.41.52	15
127:3	1SA.2.20-1SA.2.21	13
127:3	1CH.28.5	11
127:4	PRO.17.6	11
127:4	PRO.31.28	10
127:4	JER.50.9	5
127:4	PSA.120.4	3
127:5	PRO.27.11	6
127:5	JOB.42.12-JOB.42.16	4
127:5	GEN.50.23	1
127:5	JOB.5.4	1
128:1	PSA.112.1	39
128:1	PSA.119.1	36
128:1	PSA.103.13	30
128:1	LUK.1.50	28
128:1	PSA.1.1-PSA.1.3	22
128:1	PSA.147.11	22
128:1	ACT.9.31	22
128:1	PSA.127.1	20
128:1	PSA.103.17	17
128:1	PSA.115.13	14
128:1	PSA.120.1	12
128:1	1TH.4.1	12
128:1	LUK.1.6	10
128:1	PSA.103.1	9
128:1	PSA.119.3	9
128:1	PSA.121.1	9
128:1	PSA.125.1	9
128:1	PSA.124.1	6
128:1	PSA.126.1	6
128:1	PSA.81.13	5
128:1	PSA.123.1	4
128:1	PSA.122.1	3
128:2	ISA.3.10	52
128:2	ISA.62.8	30
128:2	ISA.65.21-ISA.65.23	26
128:2	ECC.5.18-ECC.5.19	24
128:2	DEU.28.4	23
128:2	DEU.28.11	20
128:2	ECC.8.12	18
128:2	1CO.15.58	18
128:2	EPH.6.3	15
128:2	ISA.65.13	13
128:2	JER.22.15	12
128:2	DEU.28.51	3
128:2	GEN.3.19	2
128:2	DEU.28.39	2
128:2	JDG.6.3-JDG.6.6	2
128:2	PSA.109.11	1
128:3	EZK.19.10	19
128:3	PSA.52.8	17
128:3	GEN.49.22	14
128:3	PRO.5.15-PRO.5.18	14
128:3	ROM.11.24	14
128:3	JER.11.16	13
128:3	PSA.127.5	11
128:3	PSA.144.12	11
128:3	HOS.14.6-HOS.14.7	11
128:5	PSA.20.2	12
128:5	PSA.134.3	12
128:5	PSA.118.26	7
128:5	PSA.122.6	7
128:5	ISA.33.20	7
128:5	EPH.1.3	6
128:5	ISA.2.3	5
128:5	PSA.135.21	4
128:6	JOB.42.16	19
128:6	GEN.50.23	17
128:6	ISA.66.12	14
128:6	PSA.125.5	13
128:6	PRO.17.6	13
128:6	GAL.1.16	11
129:1	PSA.124.1	9
129:1	JER.2.2	7
129:1	HOS.11.1	7
129:1	EXO.1.12-EXO.1.14	6
129:1	PSA.120.1	6
129:1	PSA.122.1	6
129:1	PSA.126.1	6
129:1	PSA.127.1	6
129:1	JDG.10.8-JDG.10.12	5
129:1	ISA.47.12	5
129:1	EXO.1.22	4
129:1	EXO.5.7-EXO.5.19	4
129:1	JDG.2.15	4
129:1	PSA.125.1	4
129:1	JDG.3.8	3
129:1	PSA.88.15	3
129:1	PSA.121.1	3
129:1	PSA.123.1	3
129:1	JER.22.21	3
129:1	LAM.1.3	3
129:1	EZK.23.3	3
129:1	1SA.13.19	2
129:1	HOS.2.15	2
129:1	EZR.4.1-EZR.4.23	1
129:1	PSA.128.1	1
129:2	PSA.34.19	8
129:2	MAT.16.18	8
129:2	2CO.4.8-2CO.4.9	8
129:2	REV.12.8-REV.12.9	8
129:2	PSA.42.1	7
129:2	PSA.118.13	7
129:2	PSA.125.1	7
129:2	JHN.16.33	7
129:2	JOB.5.19	6
129:2	ROM.8.35-ROM.8.39	6
129:3	ISA.51.23	8
129:3	PSA.141.7	4
129:4	PSA.119.137	8
129:4	LAM.3.22	7
129:4	DAN.9.7	5
129:4	NEH.9.33	4
129:4	PSA.124.6-PSA.124.7	4
129:4	EZR.9.15	3
129:4	PSA.140.5-PSA.140.11	3
129:4	LAM.1.18	2
129:5	PSA.71.13	4
129:5	ISA.37.35	4
129:5	EST.6.13	3
129:5	PSA.83.4-PSA.83.11	3
129:5	ISA.10.12	3
129:5	ISA.37.22	3
129:5	ZEC.12.3	3
129:5	EST.9.5	2
129:5	PSA.122.6	2
129:5	ISA.37.28-ISA.37.29	2
129:5	MIC.4.11	2
129:5	ZEC.1.14-ZEC.1.17	2
129:5	ZEC.12.6	2
129:5	1CO.16.22	2
129:6	PSA.37.2	5
129:6	2KI.19.26	2
129:6	PSA.92.7	2
129:6	ISA.37.27	2
129:6	JER.17.5-JER.17.6	2
129:6	MAT.13.6	2
129:7	GAL.6.8	6
129:7	ISA.17.10-ISA.17.11	4
129:7	PSA.126.6	3
129:7	HOS.8.7	2
129:8	RUT.2.4	7
129:8	PSA.118.26	6
130:1	HEB.5.7	12
130:1	PSA.42.7	11
130:1	PSA.69.14-PSA.69.15	7
130:1	JON.2.2-JON.2.4	7
130:1	PSA.25.16-PSA.25.18	6
130:1	PSA.69.1-PSA.69.2	6
130:1	PSA.71.20	6
130:1	PSA.116.3-PSA.116.4	6
130:1	LAM.3.53-LAM.3.55	6
130:1	PSA.18.16	4
130:1	PSA.40.2	4
130:1	PSA.18.4-PSA.18.6	3
130:1	PSA.88.6-PSA.88.7	3
130:1	PSA.121.1	3
130:1	PSA.122.1	3
130:1	PSA.123.1	3
130:1	PSA.124.1	3
130:1	PSA.125.1	3
130:1	PSA.127.1	3
130:1	PSA.128.1	3
130:1	PSA.129.1	3
130:1	PSA.126.1	2
130:2	2CH.6.40	9
130:2	NEH.1.11	7
130:2	PSA.61.1-PSA.61.2	7
130:2	ISA.37.17	7
130:2	NEH.1.6	5
130:2	PSA.55.1-PSA.55.2	5
130:2	PSA.140.6	5
130:2	DAN.9.17-DAN.9.19	5
130:2	PSA.5.1-PSA.5.2	4
130:2	PSA.17.1	4
130:2	PSA.28.2	4
130:2	PSA.64.1	4
130:3	PSA.143.2	17
130:3	PSA.76.7	12
130:3	ROM.3.20-ROM.3.24	11
130:3	JHN.8.7-JHN.8.9	9
130:3	JOB.10.14	8
130:3	NAM.1.6	8
130:3	REV.6.17	8
130:3	JOB.15.14	7
130:3	MAL.3.2	7
130:3	JOB.9.20	6
130:3	ISA.53.6	6
130:3	JOB.9.2-JOB.9.3	5
130:4	JER.33.8-JER.33.9	21
130:4	ISA.55.7	20
130:4	PSA.86.5	18
130:4	1KI.8.39-1KI.8.40	16
130:4	DAN.9.9	16
130:4	2CO.5.19	12
130:4	MIC.7.18-MIC.7.20	11
130:4	COL.1.14	11
130:4	ISA.1.18	10
130:4	HOS.3.5	9
130:4	ROM.8.1	9
130:4	EPH.1.7	9
130:4	PSA.103.2-PSA.103.3	8
130:4	PSA.25.11	7
130:4	ACT.9.31	7
130:4	2TI.2.19	7
130:4	HEB.12.24-HEB.12.28	7
130:4	EXO.34.5-EXO.34.7	6
130:4	JER.31.34	6
130:4	PSA.2.11-PSA.2.12	5
130:5	ISA.30.18	41
130:5	PSA.33.20	39
130:5	PSA.62.5	28
130:5	PSA.119.81	28
130:5	PSA.27.14	23
130:5	ISA.8.17	23
130:5	PSA.40.1	21
130:5	PSA.62.1	20
130:5	PSA.119.74	20
130:5	GEN.49.18	19
130:5	ISA.26.8	18
130:5	PSA.119.114	17
130:5	PSA.119.49	16
130:5	LUK.2.38	14
130:5	PSA.119.42	13
130:5	HEB.6.18	10
130:5	LUK.2.25	9
130:6	PSA.63.6	9
130:6	PSA.119.147	7
130:6	PSA.134.1	2
130:6	ISA.21.8	2
130:6	ACT.27.29	2
130:7	EPH.1.7-EPH.1.8	25
130:7	PSA.40.3	18
130:7	REV.5.9	14
130:7	PSA.86.15	12
130:7	PSA.86.5	10
130:7	1JN.2.1-1JN.2.2	10
130:7	PSA.131.3	8
130:7	ROM.8.24	8
130:7	PSA.71.5	5
130:7	ISA.55.7	5
130:7	ROM.5.20-ROM.5.21	4
130:7	PSA.130.4	3
130:7	PSA.131.1	3
130:7	ZEP.3.12	3
130:7	1TI.2.5-1TI.2.6	3
130:7	HEB.10.35	3
130:7	PSA.115.9-PSA.115.13	2
130:8	LUK.1.68	6
130:8	TIT.2.14	5
130:8	MAT.1.21	4
130:8	ROM.6.14	4
130:8	PSA.103.3-PSA.103.4	3
130:8	1JN.3.5-1JN.3.8	3
131:1	ROM.12.16	20
131:1	PSA.139.6	14
131:1	JOB.42.3	11
131:1	PSA.101.5	9
131:1	JER.45.5	9
131:1	MAT.11.29	9
131:1	1TH.2.6-1TH.2.7	8
131:1	PSA.122.1	7
131:1	NUM.12.3	6
131:1	DEU.17.20	6
131:1	AMO.7.14-AMO.7.15	6
131:1	1SA.16.13	5
131:1	1SA.16.18	5
131:1	1SA.16.22	5
131:1	1SA.18.23	5
131:1	PSA.124.1	5
131:1	PSA.133.1	5
131:1	ROM.11.33	5
131:1	ACT.20.19	4
131:1	1SA.17.15	3
131:1	PSA.78.70-PSA.78.72	3
131:1	JER.17.16	3
131:1	1SA.17.28-1SA.17.29	1
131:1	1TH.2.10	1
131:2	MRK.10.15	13
131:2	1CO.14.20	13
131:2	PSA.42.11	12
131:2	PSA.43.5	12
131:2	LAM.3.26	12
131:2	MAT.18.3-MAT.18.4	11
131:2	JHN.14.1-JHN.14.2	10
131:2	PSA.62.1	9
131:2	ISA.30.15	9
131:2	PSA.42.5	8
131:2	LUK.21.19	8
131:2	1SA.30.6	6
131:2	1SA.24.10	5
131:2	2SA.15.25-2SA.15.26	5
131:2	2SA.16.11-2SA.16.12	4
131:2	1SA.25.32-1SA.25.33	3
131:3	PSA.130.7	10
131:3	ISA.26.4	7
131:3	PSA.146.5	6
131:3	JER.17.7-JER.17.8	5
131:3	PSA.115.9-PSA.115.11	4
131:3	PSA.115.18	4
132:1	PSA.120.1	7
132:1	PSA.129.1	6
132:1	PSA.121.1	5
132:1	PSA.126.1	5
132:1	LAM.5.1	5
132:1	GEN.8.1	4
132:1	EXO.2.24	4
132:1	PSA.125.1	4
132:1	PSA.128.1	4
132:1	LAM.3.19	4
132:1	PSA.25.6-PSA.25.7	3
132:1	PSA.127.1	3
132:1	PSA.130.1	3
132:1	PSA.131.1	3
132:1	1SA.18.1-1SA.18.30	2
132:1	2SA.15.1-2SA.15.20	2
132:1	PSA.122.1	2
132:1	PSA.123.1	2
132:1	PSA.124.1	2
132:2	GEN.49.24	6
132:2	PSA.65.1	3
132:2	2SA.7.1	2
132:2	PSA.46.11	2
132:2	PSA.50.1	2
132:2	PSA.56.12	2
132:2	PSA.66.13-PSA.66.14	2
132:2	PSA.116.14-PSA.116.18	2
132:2	PSA.119.106	2
132:2	PSA.132.5	2
132:2	PSA.146.5-PSA.146.6	2
132:2	ISA.49.26	2
132:2	ISA.60.16	2
132:3	HAG.1.4	4
132:3	MAT.6.33	4
132:3	ECC.9.10	3
132:4	PRO.6.4	5
132:4	RUT.3.18	3
132:4	GEN.24.33	2
132:5	EPH.2.22	7
132:5	1CH.22.7	3
132:5	2CH.2.6	3
132:5	ACT.7.46-ACT.7.49	3
132:5	2SA.6.17	2
132:5	1KI.8.27	2
132:5	1CH.15.3	2
132:5	1CH.15.12	2
132:5	ISA.66.1	2
132:6	1SA.7.1	5
132:6	1SA.17.12	5
132:6	MIC.5.2	4
132:6	GEN.35.19	2
132:6	RUT.1.2	2
132:6	1CH.13.5-1CH.13.6	2
132:7	PSA.99.5	10
132:7	PSA.5.7	7
132:7	LAM.2.1	6
132:7	PSA.95.6	4
132:7	PSA.118.19	4
132:7	PSA.122.1	4
132:7	PSA.66.13-PSA.66.14	3
132:7	ISA.2.3	3
132:7	PSA.99.9	1
132:8	2CH.6.41-2CH.6.42	6
132:8	NUM.10.35-NUM.10.36	4
132:8	PSA.68.1	4
132:8	PSA.78.61	4
132:9	JOB.29.14	6
132:9	REV.19.8	4
132:9	PSA.93.1	3
132:9	PSA.104.1	3
132:9	PSA.132.16	3
132:9	ISA.61.10	3
132:9	ZEC.9.9	3
132:9	1PE.5.5	3
132:9	JDG.5.31	2
132:9	EZR.3.11-EZR.3.12	2
132:9	PSA.35.26-PSA.35.27	2
132:9	PSA.47.1	2
132:9	PSA.68.3	2
132:9	PSA.70.4	2
132:9	PSA.149.5	2
132:9	ISA.65.14	2
132:9	ZEP.3.14	2
132:9	ROM.13.14	2
132:10	2CH.6.42	3
132:10	1KI.11.12-1KI.11.13	2
132:10	1KI.11.34	2
132:10	1KI.15.4-1KI.15.5	2
132:10	2KI.19.34	2
132:10	PSA.84.9	2
132:10	HOS.3.5	2
132:10	PSA.89.38-PSA.89.39	1
132:11	2SA.7.12	11
132:11	PSA.89.3-PSA.89.4	8
132:11	ACT.2.30	8
132:11	PSA.110.4	7
132:11	2CH.6.16	6
132:11	HEB.6.18	5
132:11	LUK.1.32	4
132:11	LUK.1.69-LUK.1.70	4
132:11	2SA.7.16	3
132:11	JER.33.20-JER.33.26	3
132:11	1SA.15.29	2
132:11	2SA.7.14	2
132:11	1KI.8.25	2
132:11	1CH.17.11-1CH.17.13	2
132:11	PSA.89.33	2
132:11	PSA.89.35	2
132:11	PSA.89.37	2
132:12	PSA.89.30-PSA.89.35	3
132:12	ISA.59.21	3
132:12	LUK.1.32-LUK.1.33	3
132:12	ACT.2.30	3
132:12	PSA.102.28	2
132:12	PSA.115.14	2
132:12	ISA.9.7	2
132:13	PSA.78.68-PSA.78.69	8
132:13	HEB.12.22	8
132:13	PSA.68.16	7
132:13	PSA.87.2	7
132:13	PSA.76.1-PSA.76.2	6
132:13	PSA.48.1-PSA.48.3	5
132:13	ISA.14.32	5
132:14	PSA.132.8	7
132:14	1KI.8.13	6
132:14	PSA.76.2	6
132:14	PSA.87.2	6
132:14	PSA.135.21	6
132:14	ISA.12.6	6
132:14	PSA.68.18	5
132:14	ISA.8.18	5
132:14	ZEP.3.17	5
132:14	ISA.11.10	4
132:14	ISA.57.15	4
132:14	ISA.66.1	4
132:14	MAT.23.21	4
132:14	EPH.2.22	4
132:14	1KI.8.27	3
132:14	PSA.68.16	3
132:14	JOL.3.21	3
132:14	HEB.12.22	3
132:14	REV.21.23	3
132:15	PSA.147.14	10
132:15	LEV.26.4-LEV.26.5	9
132:15	PRO.3.9-PRO.3.10	7
132:15	MRK.8.6-MRK.8.9	6
132:15	2CO.9.10-2CO.9.11	6
132:15	MAT.5.6	5
132:15	EXO.23.25	4
132:15	DEU.14.29	4
132:15	PSA.107.9	4
132:15	ISA.33.16	4
132:15	JER.31.14	4
132:15	HAG.1.6	4
132:15	HAG.1.9	4
132:15	HAG.2.16-HAG.2.19	4
132:15	MAL.2.2	4
132:15	MAT.6.32-MAT.6.33	4
132:15	LUK.1.53	4
132:15	DEU.28.2-DEU.28.5	3
132:15	PSA.22.26	3
132:15	PSA.33.18-PSA.33.19	3
132:15	PSA.36.8	3
132:15	PSA.37.3	3
132:15	PSA.37.19	3
132:15	MAT.14.19-MAT.14.21	3
132:16	2CH.6.41	7
132:16	PSA.132.9	5
132:16	ISA.61.10	4
132:16	JHN.16.24	3
132:16	PSA.140.4	2
132:16	HOS.11.12	2
132:16	ZEC.9.9	2
132:16	ZEC.9.15-ZEC.9.17	2
132:16	GAL.3.27	2
132:17	LUK.1.69	12
132:17	EZK.29.21	9
132:17	2CH.21.7	8
132:17	1KI.11.36	6
132:17	1KI.15.4	5
132:17	PSA.92.10	4
132:17	2KI.8.19	3
132:17	PSA.148.14	3
132:17	LUK.2.30-LUK.2.32	3
132:18	PSA.35.26	10
132:18	JOB.8.22	8
132:18	LUK.1.32-LUK.1.33	6
132:18	PSA.21.8-PSA.21.9	5
132:18	MAT.28.18	5
132:18	PSA.72.8-PSA.72.11	4
132:18	PSA.109.29	4
132:18	ISA.58.10-ISA.58.12	4
132:18	REV.11.15	4
132:18	ISA.9.6-ISA.9.7	3
132:18	DAN.12.2	3
132:18	REV.17.14	2
133:1	1CO.1.10	98
133:1	1PE.3.8	97
133:1	JHN.13.35	89
133:1	HEB.13.1	80
133:1	PHP.2.2-PHP.2.5	70
133:1	EPH.4.3-EPH.4.6	58
133:1	JHN.17.21	52
133:1	JER.32.39	43
133:1	1JN.3.14-1JN.3.19	39
133:1	GEN.13.8	33
133:1	PSA.122.6-PSA.122.8	30
133:1	GEN.45.24	26
133:1	2SA.2.26-2SA.2.27	23
133:1	ISA.11.6	23
133:1	PSA.122.1	22
133:1	PSA.131.1	21
133:1	ISA.11.13	20
133:1	PSA.124.1	13
133:1	ISA.11.9	12
133:2	LEV.8.12	14
133:2	EXO.30.25-EXO.30.30	13
133:2	EXO.29.7	8
133:2	PRO.27.9	7
133:2	EXO.39.24	6
133:2	SNG.1.3	5
133:2	JHN.12.3	5
133:2	PSA.141.5	4
133:2	EXO.28.33	3
133:3	DEU.28.8	21
133:3	LEV.25.21	20
133:3	PSA.42.8	19
133:3	DEU.4.48	14
133:3	1JN.5.11	11
133:3	MIC.5.7	10
133:3	ROM.5.21	10
133:3	PSA.16.11	9
133:3	DEU.3.8-DEU.3.9	7
133:3	JOS.13.11	7
133:3	JHN.5.29	7
133:3	JHN.6.68	7
133:3	JHN.11.25-JHN.11.26	7
133:3	ROM.6.23	7
133:3	REV.1.18	7
133:3	PSA.21.4	6
133:3	PRO.19.12	6
133:3	JHN.6.50-JHN.6.51	6
133:3	1JN.2.25	6
133:3	JHN.4.14	5
133:3	JHN.5.24	5
134:1	PSA.120.1	9
134:1	1CH.9.33	8
134:1	PSA.135.1-PSA.135.2	8
134:1	2CH.29.11	7
134:1	REV.19.5	7
134:1	LEV.8.35	6
134:1	PSA.122.1	6
134:1	PSA.121.1	5
134:1	PSA.135.19-PSA.135.21	5
134:1	LUK.2.37	5
134:1	PSA.131.1	4
134:1	PSA.132.1	4
134:1	DEU.10.8	3
134:1	1CH.23.30-1CH.23.32	3
134:1	PSA.123.1	3
134:1	PSA.126.1	3
134:1	PSA.128.1	3
134:1	PSA.129.1	3
134:1	PSA.130.6	3
134:1	PSA.103.21	2
134:1	PSA.133.1	2
134:1	1CH.9.23	1
134:1	PSA.124.1	1
134:1	PSA.125.1	1
134:1	PSA.127.1	1
134:1	REV.7.15	0
134:2	PSA.28.2	11
134:2	1TI.2.8	10
134:2	PSA.63.4	9
134:2	PSA.141.2	8
134:2	LAM.3.41	7
134:2	LAM.2.19	6
134:2	PSA.26.6	5
134:2	PSA.63.2	5
134:3	PSA.128.5	12
134:3	PSA.20.2	8
134:3	PSA.124.8	7
134:3	PSA.135.21	6
134:3	PSA.146.5-PSA.146.6	6
134:3	ROM.11.26	6
134:3	PSA.110.2	4
134:3	PSA.14.7	3
135:1	PSA.96.1-PSA.96.4	10
135:1	PSA.7.17	8
135:1	PSA.33.1-PSA.33.2	7
135:1	PSA.111.1	7
135:1	PSA.106.1	6
135:1	PSA.107.8	6
135:1	PSA.112.1	6
135:1	PSA.148.13	6
135:1	PSA.149.1-PSA.149.3	6
135:1	PSA.150.6	6
135:1	EXO.34.5-EXO.34.7	5
135:1	NEH.9.5	5
135:1	PSA.102.21	5
135:1	PSA.134.1	5
135:1	PSA.107.15	4
135:1	PSA.113.1-PSA.113.3	3
135:1	PSA.117.1-PSA.117.2	3
135:2	PSA.116.19	5
135:2	PSA.92.13	4
135:2	PSA.96.8	3
135:2	LUK.2.37	3
135:2	1CH.16.37-1CH.16.42	2
135:2	1CH.23.30	2
135:2	NEH.9.5	2
135:3	PSA.147.1	9
135:3	PSA.119.68	7
135:3	PSA.33.1	6
135:3	PSA.106.1	6
135:3	PSA.118.1	5
135:3	PSA.145.7-PSA.145.8	5
135:3	MAT.19.17	5
135:3	PSA.63.5	4
135:3	PSA.100.5	4
135:3	PSA.92.1-PSA.92.2	3
135:3	PSA.107.1	3
135:3	PSA.136.1	3
135:4	1PE.2.9	10
135:4	DEU.10.15	7
135:4	DEU.7.6-DEU.7.7	5
135:4	MAL.3.17	5
135:4	DEU.32.9	4
135:4	1SA.12.22	4
135:4	PSA.33.12	4
135:4	PSA.105.6	4
135:4	ISA.41.8	4
135:4	ISA.43.20-ISA.43.21	4
135:4	ZEC.2.10-ZEC.2.12	4
135:4	TIT.2.14	3
135:4	EXO.19.5-EXO.19.6	2
135:5	PSA.95.3	7
135:5	DEU.10.17	6
135:5	PSA.48.1	6
135:5	PSA.97.9	6
135:5	PSA.86.8-PSA.86.10	5
135:5	DAN.6.26-DAN.6.27	5
135:5	PSA.89.6	3
135:5	PSA.96.4-PSA.96.5	3
135:5	ISA.40.22	3
135:5	ISA.40.25	3
135:5	DAN.3.29	3
135:5	JER.10.10-JER.10.11	2
135:6	PSA.115.3	13
135:6	DAN.4.35	13
135:6	MAT.28.18	11
135:6	PSA.33.9	9
135:6	ISA.46.10	9
135:6	MAT.8.26-MAT.8.27	9
135:6	PSA.33.11	8
135:6	AMO.4.13	6
135:6	AMO.9.6	6
135:6	PSA.136.13-PSA.136.15	3
135:6	MAT.14.25	1
135:7	JER.10.13	7
135:7	JOB.28.25-JOB.28.26	6
135:7	JER.51.16	6
135:7	ZEC.10.1	6
135:7	PSA.148.8	4
135:7	JHN.3.8	4
135:7	GEN.2.5-GEN.2.6	3
135:7	1KI.18.1	3
135:7	1KI.18.41-1KI.18.45	3
135:7	JOB.5.10	3
135:7	JOB.38.22-JOB.38.28	3
135:7	PSA.107.25	3
135:7	JER.14.22	3
135:7	JON.1.4	3
135:8	PSA.78.51	6
135:8	EXO.12.12	4
135:8	PSA.105.36	4
135:8	EXO.13.15	3
135:8	PSA.136.10	3
135:8	EXO.12.29-EXO.12.30	2
135:9	PSA.136.15	4
135:9	DEU.6.22	3
135:9	EXO.7.1-EXO.7.15	2
135:9	DEU.4.34	2
135:9	NEH.9.10	2
135:9	PSA.78.43-PSA.78.50	2
135:9	ISA.51.9-ISA.51.10	2
135:9	JER.32.20-JER.32.21	2
135:9	ACT.7.36	2
135:9	PSA.105.27-PSA.105.29	1
135:10	PSA.136.17-PSA.136.22	3
135:10	NUM.21.24	2
135:10	PSA.44.2-PSA.44.3	2
135:11	JOS.12.7-JOS.12.24	4
135:11	DEU.29.7	3
135:11	NEH.9.22	3
135:11	NUM.21.21-NUM.21.35	2
135:11	DEU.2.30-DEU.3.11	2
135:11	JOS.10.1-JOS.10.12	2
135:12	PSA.78.55	5
135:12	PSA.136.21-PSA.136.22	3
135:12	NUM.33.54	2
135:12	DEU.29.8	2
135:12	JOS.11.23	2
135:12	JOS.12.7	2
135:12	PSA.44.1-PSA.44.3	2
135:13	PSA.102.12	6
135:13	EXO.3.15	5
135:13	PSA.8.1	3
135:13	PSA.8.9	3
135:13	PSA.72.17	3
135:13	EXO.34.5-EXO.34.7	2
135:13	PSA.89.1	2
135:13	PSA.102.21	2
135:13	HOS.12.5	2
135:13	MAT.6.9	2
135:13	MAT.6.13	0
135:14	DEU.32.36	11
135:14	PSA.7.8	4
135:14	PSA.50.4	4
135:14	JON.4.2	4
135:14	JDG.10.16	3
135:14	1CH.21.15	3
135:14	HOS.11.8-HOS.11.9	3
135:14	AMO.7.3	3
135:14	AMO.7.6	3
135:14	PSA.90.13	2
135:14	PSA.96.13	1
135:15	PSA.115.4-PSA.115.8	9
135:15	ISA.37.19	7
135:15	JER.10.3-JER.10.11	7
135:15	HAB.2.18-HAB.2.19	7
135:15	ACT.17.29	7
135:15	ISA.44.9-ISA.44.20	6
135:15	ISA.46.6-ISA.46.7	6
135:15	DEU.4.28	5
135:15	ISA.40.19-ISA.40.20	4
135:16	MAT.13.14-MAT.13.16	5
135:16	ISA.6.10	3
135:18	PSA.115.8	5
135:18	ISA.44.18-ISA.44.20	4
135:18	JER.10.8	4
135:18	2CO.4.4	4
135:18	PSA.97.7	3
135:19	PSA.115.9-PSA.115.11	2
135:19	PSA.118.1-PSA.118.4	2
135:19	PSA.145.10	2
135:19	PSA.147.19-PSA.147.20	2
135:19	PSA.148.14	2
135:19	REV.19.5	2
135:21	PSA.134.3	5
135:21	PSA.132.13-PSA.132.14	4
135:21	2CH.6.6	3
135:21	PSA.76.2	3
135:21	PSA.128.5	3
135:21	ISA.12.6	3
135:21	PSA.48.1	2
135:21	PSA.48.9	2
136:1	1CH.16.34	26
136:1	PSA.118.1	24
136:1	1CH.16.41	20
136:1	PSA.106.1	19
136:1	PSA.107.1	19
136:1	2CH.20.21	17
136:1	EZR.3.11	15
136:1	2CH.7.3	14
136:1	LUK.1.50	13
136:1	JER.33.11	9
136:1	2CH.7.6	8
136:1	PSA.105.1	8
136:1	PSA.119.68	6
136:1	JUD.1.21	4
136:1	PSA.103.17	3
136:2	DEU.10.17	7
136:2	PSA.97.9	5
136:2	2CH.2.5	4
136:2	DAN.2.47	4
136:2	EXO.18.11	3
136:2	JOS.22.22	3
136:2	PSA.82.1	1
136:2	PSA.97.7	1
136:3	REV.17.14	5
136:3	1TI.6.15	3
136:3	REV.19.16	3
136:4	PSA.72.18	10
136:4	JOB.5.9	6
136:4	PSA.86.10	6
136:4	EXO.15.11	5
136:4	REV.15.3	5
136:5	GEN.1.1	8
136:5	PSA.104.24	5
136:5	PSA.33.6	4
136:5	JER.51.15	4
136:5	PRO.3.19-PRO.3.20	3
136:5	PRO.8.22-PRO.8.29	3
136:5	JER.10.12	3
136:6	PSA.24.2	7
136:6	GEN.1.9	6
136:6	JER.10.12	6
136:6	JOB.26.7	5
136:6	PSA.104.2-PSA.104.3	5
136:6	ISA.42.5	5
136:6	ISA.44.24	5
136:6	ZEC.12.1	4
136:6	2PE.3.5-2PE.3.7	3
136:6	JOB.37.18	2
136:6	ISA.40.22	2
136:7	GEN.1.14-GEN.1.19	2
136:7	DEU.4.19	2
136:7	PSA.74.16-PSA.74.17	2
136:7	PSA.104.19	2
136:8	PSA.148.3	3
136:8	GEN.1.16	2
136:8	JER.31.35	2
136:8	MAT.5.45	2
136:9	JOB.31.26	3
136:9	PSA.89.36-PSA.89.37	3
136:9	PSA.8.3	2
136:10	EXO.12.29	5
136:10	PSA.78.51	5
136:10	PSA.135.8	4
136:10	EXO.12.12	3
136:10	PSA.105.36	3
136:10	EXO.11.5-EXO.11.6	2
136:10	HEB.11.28	2
136:11	EXO.12.51	6
136:11	EXO.13.3	5
136:11	EXO.13.17	3
136:11	1SA.12.6-1SA.12.8	3
136:11	PSA.78.52	3
136:11	PSA.105.37	3
136:12	JER.32.21	5
136:12	DEU.4.34	4
136:12	EXO.6.6	3
136:12	PSA.44.3	3
136:12	EXO.13.14	2
136:12	EXO.15.6	2
136:12	DEU.11.2-DEU.11.4	2
136:12	ISA.51.9-ISA.51.10	2
136:12	ACT.7.36	0
136:13	PSA.78.13	7
136:13	PSA.106.9-PSA.106.11	3
136:13	EXO.14.21-EXO.14.22	2
136:13	EXO.14.29	2
136:13	PSA.66.5-PSA.66.6	2
136:13	PSA.74.13	2
136:13	ISA.63.12-ISA.63.13	2
136:13	HEB.11.29	2
136:14	EXO.14.22	5
136:14	PSA.106.9	3
136:14	PSA.78.13	2
136:15	PSA.78.53	5
136:15	NEH.9.10-NEH.9.11	3
136:15	PSA.135.9	3
136:15	EXO.14.27-EXO.14.28	2
136:15	EXO.15.4-EXO.15.5	2
136:15	EXO.15.10-EXO.15.13	2
136:15	PSA.65.5	2
136:15	PSA.79.6-PSA.79.9	2
136:15	PSA.143.12	2
136:15	LUK.1.71-LUK.1.74	2
136:16	DEU.8.15	5
136:16	EXO.13.18	4
136:16	EXO.15.22	4
136:16	DEU.8.2	3
136:16	PSA.77.20	3
136:16	NUM.9.17-NUM.9.22	2
136:16	NEH.9.12	2
136:16	NEH.9.19	2
136:16	ISA.49.10	2
136:16	ISA.63.11-ISA.63.14	2
136:17	PSA.135.10-PSA.135.12	4
136:17	JOS.12.1-JOS.12.24	3
136:18	DEU.29.7	2
136:19	DEU.29.7	4
136:19	DEU.2.30-DEU.2.36	3
136:19	NUM.21.21-NUM.21.24	2
136:20	NUM.21.33	4
136:20	DEU.3.1-DEU.3.29	3
136:21	NUM.32.33-NUM.32.42	2
136:21	DEU.3.12-DEU.3.17	2
136:21	JOS.12.1-JOS.12.7	2
136:21	JOS.13.1-JOS.13.21	2
136:21	NEH.9.22-NEH.9.24	2
136:21	PSA.44.2-PSA.44.3	2
136:21	PSA.78.55	2
136:21	PSA.105.44	2
136:21	PSA.135.12	2
136:22	PSA.47.4	3
136:22	PSA.105.6	3
136:23	ISA.63.9	10
136:23	LUK.1.48	8
136:23	DEU.32.36	6
136:23	1SA.2.7-1SA.2.8	6
136:23	PSA.113.7	6
136:23	PSA.116.6	6
136:23	PSA.142.6	6
136:23	PSA.72.12-PSA.72.14	4
136:23	PSA.102.17	4
136:23	EZK.16.3-EZK.16.13	4
136:23	GEN.8.1	3
136:23	LUK.1.52	3
136:23	PSA.106.43-PSA.106.45	2
136:24	EXO.15.13	4
136:24	PSA.107.2	4
136:24	DEU.15.15	3
136:24	ISA.63.9	3
136:24	LUK.1.68-LUK.1.74	3
136:24	TIT.2.14	3
136:24	PRO.23.10-PRO.23.11	1
136:25	PSA.104.27	7
136:25	PSA.145.15	7
136:25	PSA.147.9	4
136:26	PSA.136.1-PSA.136.3	9
136:26	JON.1.9	4
136:26	NEH.1.4	3
136:26	PSA.115.3	3
136:26	PSA.123.1	3
137:1	EZK.1.1	9
137:1	EZK.3.15	6
137:1	LAM.2.10-LAM.2.11	4
137:1	LAM.2.18	4
137:1	LAM.3.48	4
137:1	EZK.1.3	4
137:1	EZR.8.21	3
137:1	EZR.8.31	3
137:1	NEH.1.3-NEH.1.4	3
137:1	NEH.2.3	3
137:1	JOB.2.12-JOB.2.13	3
137:1	PSA.42.4	3
137:1	PSA.102.9-PSA.102.14	3
137:1	JER.13.17-JER.13.18	3
137:1	JER.15.17	3
137:1	JER.51.50-JER.51.51	3
137:1	LAM.1.16	3
137:1	LUK.19.41	3
137:1	ISA.66.10	2
137:1	LAM.3.51	2
137:1	DAN.9.3	2
137:1	DAN.10.2-DAN.10.3	2
137:1	REV.11.3	2
137:1	GEN.2.10-GEN.2.14	1
137:2	EZK.26.13	5
137:2	ISA.24.8	4
137:2	REV.18.22	3
137:2	PSA.33.2	2
137:2	PSA.81.2	2
137:2	AMO.8.10	2
137:3	LUK.21.6	6
137:3	PSA.9.14	4
137:3	LAM.2.15-LAM.2.16	4
137:3	MIC.3.12	4
137:3	1CH.16.7	3
137:3	NEH.4.2	3
137:3	PSA.65.1	3
137:3	PSA.79.1	3
137:3	PSA.80.6	3
137:3	PSA.123.3-PSA.123.4	3
137:3	ISA.35.10	3
137:3	JER.9.11	3
137:3	JER.26.18	3
137:3	JER.31.12-JER.31.13	3
137:3	REV.14.1-REV.14.3	3
137:3	1CH.15.27	2
137:3	ISA.51.11	2
137:4	ISA.22.12	6
137:4	AMO.8.3	6
137:4	HOS.9.4	5
137:4	LAM.5.14-LAM.5.15	4
137:4	ECC.3.4	1
137:4	ISA.49.21	1
137:5	JER.51.50	4
137:5	DAN.6.10-DAN.6.11	4
137:5	PSA.84.10	3
137:5	PSA.122.5-PSA.122.9	3
137:5	ISA.62.1	3
137:5	ZEC.11.17	3
137:5	NEH.1.2-NEH.1.4	2
137:5	NEH.2.2-NEH.2.3	2
137:5	PSA.84.1-PSA.84.2	2
137:5	PSA.102.13-PSA.102.14	2
137:5	ISA.62.6-ISA.62.7	2
137:6	EZK.3.26	6
137:6	PSA.22.15	5
137:6	JOB.29.10	4
137:6	ISA.41.17	4
137:6	PSA.84.10	3
137:6	LAM.4.4	3
137:6	1TH.3.7-1TH.3.9	2
137:6	MAT.6.33	1
137:6	ACT.20.24	1
137:6	PHP.1.20	1
137:7	LAM.4.21-LAM.4.22	10
137:7	JER.49.7-JER.49.22	7
137:7	EZK.25.12-EZK.25.14	7
137:7	OBA.1.10-OBA.1.14	7
137:7	1SA.15.2	6
137:7	PSA.74.18	6
137:7	EZK.35.2	6
137:7	AMO.1.11	6
137:7	HAB.3.13	6
137:7	EXO.17.14	5
137:7	ISA.34.5-ISA.34.6	5
137:7	ISA.63.1-ISA.63.6	5
137:7	OBA.1.18-OBA.1.21	5
137:7	HOS.7.2	4
137:7	PSA.79.8-PSA.79.12	3
137:8	REV.18.6	12
137:8	ISA.14.4-ISA.14.24	5
137:8	JER.25.12-JER.25.14	5
137:8	ISA.21.1	4
137:8	ISA.47.1-ISA.47.15	4
137:8	REV.14.8-REV.14.11	4
137:8	PSA.149.6-PSA.149.9	3
137:8	ISA.13.1-ISA.13.22	3
137:8	ISA.44.28	3
137:8	JER.50.1-JER.51.64	3
137:8	ZEC.2.7	2
137:8	REV.17.1-REV.17.18	2
137:8	REV.18.20	2
137:9	ISA.13.16	13
137:9	HOS.13.16	9
137:9	NAM.3.10	9
137:9	2KI.8.12	7
137:9	HOS.10.14	7
138:1	PSA.111.1	10
138:1	PSA.95.3	6
138:1	1CO.14.15	6
138:1	PSA.82.6	4
138:1	PSA.86.12-PSA.86.13	4
138:1	PSA.96.4	4
138:1	PSA.119.46	4
138:1	JHN.10.34-JHN.10.36	4
138:1	PSA.9.1	3
138:1	PSA.103.1-PSA.103.2	3
138:1	EXO.22.28	2
138:1	PSA.82.1	2
138:1	ACT.23.5	2
138:1	EPH.5.19	2
138:1	HEB.1.14	2
138:2	MAT.5.18	23
138:2	PSA.56.10	19
138:2	ISA.42.21	16
138:2	MAT.24.35	16
138:2	PSA.56.4	10
138:2	1KI.8.29-1KI.8.30	8
138:2	PSA.5.7	8
138:2	PSA.28.2	8
138:2	JHN.1.17	7
138:2	PSA.115.1	5
138:2	PSA.36.5-PSA.36.6	4
138:2	PSA.86.15	4
138:2	PSA.89.1-PSA.89.2	4
138:2	PSA.99.5	4
138:2	PSA.99.9	4
138:2	PSA.100.4-PSA.100.5	3
138:2	ISA.63.7	3
138:2	ROM.15.8-ROM.15.9	3
138:2	PSA.85.10	2
138:2	DAN.6.10	2
138:2	JHN.10.35	1
138:2	MIC.7.18-MIC.7.20	0
138:3	1PE.5.10	21
138:3	PSA.18.6	20
138:3	PSA.34.4-PSA.34.6	20
138:3	ISA.40.29-ISA.40.31	18
138:3	ZEC.10.12	18
138:3	PHP.4.13	18
138:3	ISA.12.2	17
138:3	PSA.27.14	14
138:3	ISA.41.10	14
138:3	PSA.29.11	13
138:3	EPH.6.10	13
138:3	COL.1.11	13
138:3	2CO.12.8-2CO.12.10	12
138:3	EPH.3.16	12
138:3	PSA.28.7	11
138:3	PSA.63.8	11
138:3	PSA.77.1-PSA.77.2	8
138:3	ISA.65.24	6
138:4	PSA.102.15	9
138:4	PSA.72.11	6
138:4	PSA.22.22	4
138:4	PSA.22.27	4
138:4	PSA.102.22	3
138:4	ISA.49.23	3
138:4	ISA.60.3-ISA.60.5	3
138:4	ISA.60.16	3
138:4	REV.11.15	3
138:4	REV.21.24	3
138:4	PSA.51.13	2
138:4	PSA.69.30-PSA.69.32	2
138:4	PSA.71.18	2
138:5	PSA.21.5	8
138:5	REV.4.11	8
138:5	REV.7.12	7
138:5	MAL.1.11	6
138:5	EXO.15.11	5
138:5	ISA.6.1-ISA.6.3	5
138:5	REV.5.12-REV.5.14	5
138:5	EXO.33.18-EXO.33.19	4
138:5	JHN.17.1	4
138:5	REV.19.1	4
138:5	ISA.52.7-ISA.52.10	3
138:5	ISA.66.10-ISA.66.14	3
138:5	JER.31.11-JER.31.12	3
138:5	ZEP.3.14-ZEP.3.15	3
138:5	MAT.21.5-MAT.21.9	3
138:5	JHN.13.31-JHN.13.32	3
138:5	2CO.4.6	3
138:5	EPH.1.12	3
138:5	ISA.65.14	2
138:5	LUK.19.37-LUK.19.38	2
138:5	EPH.1.6	1
138:6	PSA.113.5-PSA.113.6	43
138:6	1SA.2.7-1SA.2.8	31
138:6	ISA.57.15	31
138:6	PRO.3.34	25
138:6	JAS.4.6	20
138:6	ISA.66.2	19
138:6	LUK.14.11	15
138:6	DAN.4.37	12
138:6	PSA.51.17	10
138:6	LUK.1.48	10
138:6	LUK.18.14	10
138:6	ISA.2.17	9
138:6	ACT.12.22-ACT.12.23	9
138:6	2TH.1.9	9
138:6	1PE.5.5-1PE.5.6	9
138:6	ISA.2.11	7
138:6	EZK.28.2-EZK.28.9	6
138:6	DAN.5.20-DAN.5.24	6
138:6	LUK.1.51-LUK.1.53	6
138:6	JOB.40.11-JOB.40.12	5
138:6	PSA.139.2	3
138:6	MAT.25.41	3
138:7	ISA.41.10	38
138:7	PSA.23.3-PSA.23.4	34
138:7	PSA.71.20-PSA.71.21	30
138:7	PSA.85.6	22
138:7	ISA.5.25	19
138:7	ACT.2.33	19
138:7	MIC.7.8-MIC.7.10	18
138:7	PSA.144.1-PSA.144.2	17
138:7	JOB.13.15	16
138:7	JOB.19.25-JOB.19.26	16
138:7	ISA.10.4	16
138:7	PSA.119.49-PSA.119.50	15
138:7	PSA.44.5-PSA.44.7	14
138:7	PSA.66.10-PSA.66.12	14
138:7	PSA.17.7	13
138:7	PSA.60.5	13
138:7	JER.51.25	13
138:7	PSA.18.35	12
138:7	PSA.35.1-PSA.35.3	12
138:7	PSA.44.3	12
138:7	PSA.64.7-PSA.64.8	12
138:7	PSA.20.6	11
138:7	PSA.77.10	11
138:7	PSA.41.7-PSA.41.8	10
138:7	PSA.56.1-PSA.56.2	10
138:7	PSA.56.9	10
138:7	ISA.9.12	8
138:7	ISA.9.17	8
138:7	ISA.9.21	8
138:7	ISA.57.16	6
138:8	PHP.1.6	102
138:8	PSA.57.2	90
138:8	1TH.5.24	61
138:8	ISA.26.12	43
138:8	PSA.136.1	39
138:8	PSA.103.17	33
138:8	JER.32.39-JER.32.40	29
138:8	1PE.4.19	28
138:8	PSA.71.17-PSA.71.18	25
138:8	PSA.100.5	23
138:8	ISA.43.21	23
138:8	PSA.71.6-PSA.71.9	20
138:8	PSA.100.3	20
138:8	ROM.8.28-ROM.8.30	20
138:8	ISA.42.16	19
138:8	1PE.1.3-1PE.1.5	19
138:8	JOB.14.15	17
138:8	JHN.15.2	16
138:8	ROM.5.10	16
138:8	JOB.10.3	15
138:8	JOB.10.8	14
138:8	JUD.1.1	10
139:1	HEB.4.13	87
139:1	JER.12.3	56
139:1	JER.17.9-JER.17.10	45
139:1	PSA.44.21	43
139:1	PSA.17.3	37
139:1	PSA.139.23	36
139:1	1CH.28.9	33
139:1	1KI.8.39	27
139:1	PSA.11.4-PSA.11.5	27
139:1	REV.2.23	27
139:1	JHN.21.17	19
139:1	REV.2.18	6
139:2	MAT.9.4	15
139:2	2KI.19.27	14
139:2	ISA.37.28	12
139:2	PSA.94.11	11
139:2	LUK.9.47	11
139:2	PRO.15.3	10
139:2	JHN.2.24-JHN.2.25	10
139:2	PSA.56.8	6
139:2	ZEC.4.10	6
139:2	GEN.16.13	4
139:2	2KI.6.12	4
139:2	1CO.4.5	2
139:2	EZK.38.10-EZK.38.11	1
139:3	JER.23.24	12
139:3	JOB.31.4	11
139:3	GEN.28.10-GEN.28.17	5
139:3	PRO.5.20-PRO.5.21	5
139:3	2SA.11.27	4
139:3	2SA.12.9-2SA.12.12	4
139:3	PSA.121.3-PSA.121.8	4
139:3	PSA.139.18	4
139:3	ECC.12.14	4
139:3	JOB.14.16-JOB.14.17	3
139:3	ISA.29.15	3
139:3	JHN.6.70-JHN.6.71	3
139:3	ACT.5.3-ACT.5.4	3
139:3	JHN.13.2	2
139:3	JHN.13.21	2
139:3	2SA.8.14	1
139:3	2SA.11.2-2SA.11.5	1
139:3	JOB.13.26-JOB.13.27	0
139:3	MAT.3.12	0
139:4	HEB.4.12-HEB.4.13	10
139:4	PSA.19.14	9
139:4	PSA.50.19-PSA.50.21	8
139:4	JOB.42.3	7
139:4	MAT.12.35-MAT.12.37	7
139:4	JOB.42.6-JOB.42.8	6
139:4	JER.29.23	6
139:4	MAL.3.13-MAL.3.16	6
139:4	JAS.1.26	6
139:4	JOB.8.2	4
139:4	JAS.3.2-JAS.3.10	4
139:4	JOB.38.2	3
139:4	ZEP.1.12	2
139:5	PSA.34.7	15
139:5	DEU.33.27	14
139:5	REV.1.17	9
139:5	JOB.23.8-JOB.23.9	5
139:5	EXO.24.11	4
139:5	JOB.9.33	3
139:6	ROM.11.33	18
139:6	JOB.42.3	11
139:6	JOB.11.7-JOB.11.9	8
139:6	JOB.26.14	8
139:6	PSA.40.5	8
139:6	PRO.30.2-PRO.30.4	5
139:6	PSA.13.1	2
139:7	JER.23.23-JER.23.24	40
139:7	JON.1.3	16
139:7	JON.1.10	11
139:8	AMO.9.2-AMO.9.4	14
139:8	JOB.34.21-JOB.34.22	11
139:8	JON.2.2	11
139:8	PRO.15.11	7
139:8	OBA.1.4	7
139:8	JOB.26.6	6
139:8	EZK.28.12-EZK.28.17	0
139:9	PSA.19.6	6
139:9	PSA.74.16-PSA.74.17	3
139:9	MAL.4.2	2
139:9	PSA.18.10	0
139:9	ISA.24.14-ISA.24.16	0
139:10	PSA.23.3	45
139:10	ISA.41.13	23
139:10	PSA.73.23	21
139:10	PSA.63.8	20
139:10	PSA.143.9-PSA.143.10	13
139:11	JOB.12.22	13
139:11	JER.23.24	12
139:11	PSA.94.7	8
139:11	JOB.22.12-JOB.22.14	6
139:11	PSA.10.11-PSA.10.13	6
139:11	ISA.29.15	2
139:12	DAN.2.22	14
139:12	JOB.34.22	8
139:12	EXO.20.21	5
139:12	HEB.4.13	4
139:12	JOB.26.6	3
139:12	EXO.14.20	1
139:13	JER.1.5	80
139:13	PSA.119.73	56
139:13	ISA.44.2	53
139:13	JOB.31.15	45
139:13	JOB.10.9-JOB.10.12	38
139:13	PSA.22.9-PSA.22.10	31
139:13	PSA.71.6	30
139:13	ISA.46.3	27
139:14	GEN.1.26-GEN.1.27	81
139:14	PSA.111.2	73
139:14	PSA.104.24	62
139:14	PSA.92.4-PSA.92.5	50
139:14	PSA.40.5	40
139:14	JOB.5.9	38
139:14	REV.15.3	19
139:15	ECC.11.5	20
139:15	PSA.139.13	18
139:15	JOB.10.8-JOB.10.11	12
139:15	PSA.63.9	4
139:16	PSA.56.8	36
139:16	MAL.3.16	32
139:16	REV.20.12	29
139:17	PSA.40.5	33
139:17	JER.29.11	25
139:17	ISA.55.8-ISA.55.9	24
139:17	PSA.92.5	19
139:17	PSA.36.7	15
139:17	EPH.3.9-EPH.3.10	12
139:17	PSA.31.19	11
139:17	PRO.8.31	3
139:18	PSA.3.5	15
139:18	PSA.139.3	12
139:18	PSA.40.5	9
139:18	1TH.5.10	8
139:18	PSA.16.8-PSA.16.11	7
139:18	PSA.17.15	7
139:18	PSA.63.6-PSA.63.7	7
139:18	ISA.26.19	4
139:18	DAN.12.2	4
139:18	PSA.40.12	2
139:19	PSA.5.6	7
139:19	PSA.119.115	7
139:19	ISA.11.4	6
139:19	PSA.6.8	5
139:19	PSA.9.17	5
139:19	PSA.55.23	4
139:19	PSA.64.7	4
139:19	2CO.6.17	4
139:19	PSA.94.23	3
139:19	MAT.25.41	3
139:19	MAT.7.23	1
139:20	JUD.1.15	8
139:20	EXO.20.7	7
139:20	PSA.74.18	5
139:20	PSA.2.1-PSA.2.3	3
139:20	PSA.73.8-PSA.73.9	3
139:20	PSA.74.22-PSA.74.23	3
139:20	ISA.37.23	3
139:20	ISA.37.28-ISA.37.29	3
139:20	REV.13.6	3
139:20	JOB.21.14-JOB.21.15	1
139:21	PSA.119.158	10
139:21	PSA.31.6	9
139:21	REV.2.2	9
139:21	2CH.19.2	8
139:21	PSA.26.5	8
139:21	REV.2.6	7
139:21	PSA.15.4	3
139:21	PSA.119.136	3
139:21	JER.13.17	3
139:21	MRK.3.5	3
139:21	LUK.19.41	3
139:21	ROM.9.1-ROM.9.3	3
139:22	PSA.101.3-PSA.101.8	3
139:22	LUK.14.26	3
139:23	PSA.26.2	100
139:23	JOB.31.6	61
139:23	1PE.1.7	60
139:23	PRO.17.3	53
139:23	DEU.8.2	46
139:23	PSA.139.1	39
139:23	ZEC.13.9	28
139:23	JER.11.20	26
139:23	MAL.3.2-MAL.3.3	24
139:23	DEU.8.16	21
139:24	PSA.143.10	49
139:24	JER.17.9-JER.17.10	33
139:24	PSA.25.8-PSA.25.9	30
139:24	PSA.16.11	26
139:24	PSA.119.32	26
139:24	PSA.5.8	25
139:24	PRO.28.26	22
139:24	PSA.143.8	21
139:24	JHN.14.6	19
139:24	PSA.17.3	18
139:24	MAT.7.14	18
139:24	PSA.7.3-PSA.7.4	17
139:24	PSA.119.1	17
139:24	COL.2.6	17
139:24	PRO.15.9	16
139:24	HEB.12.15-HEB.12.16	13
140:1	PSA.18.48	11
140:1	PSA.71.4	10
140:1	PSA.140.4	10
140:1	HAB.1.2-HAB.1.3	8
140:1	PSA.17.13	7
140:1	PSA.140.11	7
140:1	PSA.43.1	5
140:1	PSA.59.1-PSA.59.3	4
140:2	PSA.36.4	6
140:2	PSA.56.6	6
140:2	PSA.64.5-PSA.64.6	5
140:2	PSA.120.7	4
140:2	PRO.12.20	4
140:2	HOS.7.6	4
140:2	MIC.2.1-MIC.2.3	4
140:2	NAM.1.11	4
140:2	1SA.23.19-1SA.23.24	3
140:2	1SA.24.11-1SA.24.12	3
140:2	1SA.26.1-1SA.26.25	3
140:2	PSA.2.1-PSA.2.2	3
140:2	PSA.21.11	3
140:2	PSA.38.12	3
140:2	PSA.62.3	3
140:3	PSA.58.4	7
140:3	ROM.3.13-ROM.3.14	6
140:3	2CO.11.3	6
140:3	PRO.23.32	5
140:3	PSA.57.4	4
140:3	ISA.59.3-ISA.59.5	4
140:3	JER.9.3	4
140:3	JER.9.5	4
140:3	MAT.12.34	4
140:3	JAS.3.6-JAS.3.8	4
140:3	GEN.3.13	3
140:3	PSA.52.2-PSA.52.3	3
140:3	PSA.64.3-PSA.64.4	3
140:3	PRO.12.18	3
140:3	ISA.59.13	3
140:3	PSA.59.7	1
140:4	PSA.36.11	7
140:4	PSA.17.5	6
140:4	PSA.71.4	6
140:4	PSA.17.8-PSA.17.9	4
140:4	PSA.37.32-PSA.37.40	4
140:4	PSA.55.1-PSA.55.3	4
140:4	PRO.18.5	2
140:5	PSA.35.7	7
140:5	PSA.142.3	7
140:5	JER.18.22	6
140:5	PSA.57.6	4
140:5	PSA.119.85	4
140:5	PSA.123.3-PSA.123.4	4
140:5	JER.18.20	4
140:5	LUK.20.20-LUK.20.23	4
140:5	JOB.18.9	3
140:5	PSA.10.4-PSA.10.12	3
140:5	PSA.17.8-PSA.17.13	3
140:5	PSA.31.4	3
140:5	PSA.36.11	3
140:5	PSA.119.69	3
140:5	PSA.119.110	3
140:5	PSA.141.9-PSA.141.10	3
140:5	PRO.29.5	3
140:5	LUK.11.53-LUK.11.54	3
140:5	JER.18.18	2
140:6	PSA.16.2	6
140:6	PSA.31.14	6
140:6	PSA.119.57	5
140:6	PSA.142.5	5
140:6	ZEC.13.9	4
140:6	PSA.16.5-PSA.16.6	3
140:6	PSA.27.7-PSA.27.8	3
140:6	PSA.28.1-PSA.28.2	3
140:6	PSA.55.1-PSA.55.2	3
140:6	PSA.64.1	3
140:6	PSA.91.2	3
140:6	PSA.116.1	3
140:6	PSA.130.2	3
140:6	PSA.143.1	3
140:6	LAM.3.24	3
140:7	PSA.62.7	8
140:7	PSA.18.1-PSA.18.2	7
140:7	PSA.89.26	7
140:7	DEU.33.27-DEU.33.29	6
140:7	PSA.62.2	6
140:7	PSA.27.1	5
140:7	PSA.28.7-PSA.28.8	5
140:7	PSA.59.17	5
140:7	PSA.144.10	5
140:7	1SA.17.45-1SA.17.51	4
140:7	PSA.18.35	4
140:7	PSA.95.1	4
140:7	ISA.12.2	4
140:7	1SA.17.36-1SA.17.37	3
140:7	2SA.8.6	3
140:7	2SA.8.14	3
140:8	PSA.10.2-PSA.10.3	9
140:8	DEU.32.27	6
140:8	2SA.15.31	6
140:8	JOB.5.12-JOB.5.13	6
140:8	PSA.27.12	6
140:8	PSA.94.20-PSA.94.21	5
140:9	PSA.7.16	7
140:9	PRO.18.7	6
140:9	PSA.94.23	4
140:9	PRO.12.13	4
140:9	EST.7.10	3
140:9	PSA.64.8	3
140:9	PRO.10.6	3
140:9	PRO.10.11	3
140:9	EST.5.14	1
140:9	MAT.27.25	1
140:10	PSA.11.6	9
140:10	PSA.21.9	7
140:10	REV.20.15	4
140:10	REV.21.8	4
140:10	GEN.19.24	3
140:10	EXO.9.23-EXO.9.24	3
140:10	PSA.18.13-PSA.18.14	3
140:10	PSA.55.23	3
140:10	PSA.120.4	3
140:10	PRO.28.10	3
140:10	PRO.28.17	3
140:10	MAT.13.42	3
140:10	MAT.13.50	3
140:10	REV.16.8-REV.16.9	3
140:10	DAN.3.20-DAN.3.25	1
140:11	PSA.34.21	6
140:11	PRO.18.21	5
140:11	PRO.13.21	4
140:11	PRO.17.20	4
140:11	ISA.3.11	4
140:11	PSA.7.14-PSA.7.16	3
140:11	PSA.9.16	3
140:11	PSA.12.3-PSA.12.4	3
140:11	PRO.6.17	3
140:11	PRO.12.13	3
140:12	PSA.9.4	12
140:12	1KI.8.49	9
140:12	1KI.8.45	8
140:12	PRO.23.10-PRO.23.11	8
140:12	JER.22.16	7
140:12	PSA.35.10	6
140:12	PSA.102.17	6
140:12	MAT.11.5	6
140:12	PSA.10.17-PSA.10.18	5
140:12	PSA.22.24	5
140:12	PSA.72.4	5
140:12	PSA.72.12-PSA.72.14	5
140:12	PRO.22.22	5
140:12	ISA.11.4	5
140:13	PSA.11.7	6
140:13	PSA.16.11	6
140:13	ISA.3.10	5
140:13	JHN.17.24	5
140:13	1TH.4.17	5
140:13	JHN.14.3	4
140:13	REV.7.14-REV.7.17	4
140:13	PSA.23.6	3
140:13	PSA.32.11-PSA.33.1	3
140:13	PSA.73.24	3
140:13	PSA.97.12	3
140:13	REV.21.24-REV.21.27	2
141:1	PSA.70.5	11
141:1	PSA.40.13	9
141:1	PSA.71.12	9
141:1	PSA.69.17-PSA.69.18	7
141:1	PSA.143.7	7
141:1	JOB.7.21	6
141:1	PSA.22.19	6
141:1	PSA.143.1	5
141:2	REV.8.3-REV.8.4	22
141:2	REV.5.8	18
141:2	1TI.2.8	15
141:2	DAN.9.21	12
141:2	MAL.1.11	12
141:2	PRO.15.8	11
141:2	PSA.63.4	10
141:2	LUK.1.9-LUK.1.10	10
141:2	EXO.30.7-EXO.30.9	9
141:2	PSA.134.2	9
141:2	EXO.30.34-EXO.30.38	8
141:2	PSA.28.2	8
141:2	PSA.5.3	7
141:2	EXO.29.39	6
141:2	EXO.29.41-EXO.29.42	6
141:2	LEV.16.11-LEV.16.13	6
141:2	EZR.9.4	6
141:2	LEV.10.1-LEV.10.2	5
141:2	ACT.3.1	5
141:2	NUM.16.35	4
141:2	NUM.16.46-NUM.16.48	4
141:2	1KI.18.36	4
141:3	JAS.1.26	38
141:3	PSA.39.1	30
141:3	MIC.7.5	24
141:3	PSA.34.13	22
141:3	JAS.3.2	20
141:3	PSA.71.8	14
141:3	PSA.17.3-PSA.17.5	12
141:4	PSA.119.36	15
141:4	MAT.6.13	15
141:4	ISA.63.17	12
141:4	1CO.15.33	12
141:4	2CO.6.17	12
141:4	1KI.8.58	11
141:4	1CO.10.31	9
141:4	JAS.1.13	9
141:4	DEU.29.4	8
141:4	REV.18.4	8
141:4	DAN.1.5-DAN.1.8	7
141:4	1KI.22.22	3
141:4	PRO.23.1-PRO.23.3	3
141:4	NUM.25.2	2
141:4	DEU.2.30	2
141:4	PRO.23.6-PRO.23.8	2
141:4	1CO.10.27-1CO.10.28	1
141:4	ACT.10.13-ACT.10.14	0
141:5	ECC.7.5	22
141:5	REV.3.19	16
141:5	GAL.6.1	14
141:5	PRO.27.5-PRO.27.6	12
141:5	PRO.25.12	10
141:5	PRO.19.25	9
141:5	PRO.9.8-PRO.9.9	8
141:5	PRO.15.5	7
141:5	GAL.2.11-GAL.2.14	7
141:5	1SA.25.31-1SA.25.34	6
141:5	2CH.25.16	6
141:5	2SA.12.7-2SA.12.13	5
141:5	2CH.16.7-2CH.16.10	5
141:5	PSA.23.5	5
141:5	PSA.51.18	5
141:5	PSA.125.4	5
141:5	PRO.6.23	5
141:5	JAS.5.14-JAS.5.16	5
141:5	MAT.5.44	4
141:5	2TI.1.16-2TI.1.18	4
141:5	PRO.15.22	3
141:6	2CH.25.12	3
141:6	1SA.31.1-1SA.31.8	1
141:6	2SA.1.17-2SA.1.27	1
141:6	2SA.2.4-2SA.2.6	1
141:6	2SA.5.1-2SA.5.3	1
141:6	2SA.23.1	1
141:6	1CH.10.1-1CH.10.7	1
141:6	1CH.11.1-1CH.11.3	1
141:6	1CH.12.38	1
141:6	1CH.13.2	1
141:6	PSA.45.2	1
141:6	LUK.4.22	1
141:7	PSA.53.5	5
141:7	ROM.8.36	5
141:7	PSA.44.22	3
141:7	REV.11.8-REV.11.9	3
141:7	1SA.22.18-1SA.22.19	1
141:7	2CO.1.9	1
141:7	HEB.11.37	1
141:8	PSA.123.1-PSA.123.2	10
141:8	2CH.20.12	8
141:8	ISA.41.17	7
141:8	PSA.102.17	6
141:8	PSA.25.15-PSA.25.17	5
141:8	PSA.2.12	4
141:8	JHN.14.18	4
141:8	PSA.143.3-PSA.143.4	3
141:8	PSA.11.1	2
141:9	PSA.119.110	7
141:9	PSA.140.5	7
141:9	LUK.20.20	7
141:9	PRO.13.14	6
141:9	PSA.38.12	5
141:9	PSA.142.3	4
141:9	JER.18.22	4
141:10	PSA.35.8	9
141:10	PSA.140.9	6
141:10	EST.7.10	5
141:10	PSA.7.15-PSA.7.16	5
141:10	PSA.64.7-PSA.64.8	5
141:10	PRO.11.8	5
141:10	PSA.37.14-PSA.37.15	4
142:1	PSA.30.8	9
142:1	PSA.57.1	9
142:1	PSA.141.1	8
142:1	1SA.24.3	7
142:1	1CH.4.10	7
142:1	PSA.77.1-PSA.77.2	7
142:1	PSA.28.2	6
142:1	PSA.32.1	6
142:1	PSA.54.1	6
142:1	1SA.22.1-1SA.22.2	4
142:1	HEB.11.38	4
142:2	ROM.8.26	12
142:2	ISA.26.16	11
142:2	PHP.4.6-PHP.4.7	8
142:2	PSA.62.8	7
142:2	HEB.5.7	7
142:2	1SA.1.15-1SA.1.16	6
142:2	PSA.18.4-PSA.18.6	6
142:2	PSA.102.1-PSA.102.28	6
142:2	PSA.42.4	5
142:3	PSA.140.5	7
142:3	PSA.141.9	7
142:3	PSA.61.2	6
142:3	PSA.139.2-PSA.139.4	6
142:3	PSA.143.4	6
142:3	JER.18.22	6
142:3	MRK.14.33-MRK.14.36	6
142:3	JOB.23.10	5
142:3	PSA.1.6	5
142:3	PSA.22.14	5
142:3	PSA.31.4	5
142:3	PSA.35.7-PSA.35.8	5
142:3	PSA.56.6	5
142:3	PSA.77.3	5
142:3	PSA.102.4	5
142:3	PSA.17.3	4
142:3	MAT.22.15	4
142:4	JER.30.17	8
142:4	PSA.31.11	7
142:4	PSA.88.18	7
142:4	JOB.19.13-JOB.19.19	6
142:4	MAT.26.56	6
142:4	1SA.27.1	4
142:4	PSA.69.20	4
142:4	PSA.88.8	4
142:4	2TI.4.16	4
142:4	1SA.23.11-1SA.23.13	3
142:4	1SA.23.19-1SA.23.20	3
142:4	JOB.11.20	2
142:4	JER.25.35	2
142:5	2TI.4.17	7
142:5	PSA.16.5	6
142:5	PSA.27.13	6
142:5	PSA.73.26	5
142:5	PSA.91.2	5
142:5	PSA.91.9-PSA.91.10	5
142:5	LAM.3.24	5
142:5	JHN.16.32	5
142:5	PSA.56.13	4
142:5	PSA.119.57	4
142:5	PSA.46.1	3
142:5	PSA.62.6-PSA.62.7	3
142:5	PSA.46.7	2
142:5	PSA.46.11	2
142:6	PSA.79.8	6
142:6	PSA.116.6	4
142:6	PSA.136.23	4
142:6	PSA.17.1	3
142:6	PSA.18.17	3
142:6	PSA.57.3-PSA.57.4	3
142:6	ROM.8.33	3
142:6	ROM.8.37	3
142:6	1SA.24.14	2
142:6	PSA.3.1	2
142:6	PSA.38.19	2
142:6	PSA.59.3	2
142:6	PSA.143.7	2
142:6	PSA.44.24-PSA.44.26	1
142:6	PSA.143.3	1
142:7	PSA.143.11	12
142:7	PSA.146.7	11
142:7	PSA.7.6-PSA.7.7	9
142:7	PSA.13.6	7
142:7	ISA.61.1	6
142:7	ACT.2.24	6
142:7	JAS.5.11	6
142:7	PSA.9.14	5
142:7	PSA.116.7	4
142:7	PSA.119.17	4
142:7	PSA.142.1	4
142:7	PSA.9.3	3
142:7	PSA.31.8	3
142:7	PSA.34.2	3
142:7	PSA.22.21-PSA.22.27	2
142:7	PSA.88.4-PSA.88.8	2
142:7	PSA.119.74	2
142:7	PSA.107.41-PSA.107.42	1
143:1	PSA.71.2	16
143:1	PSA.31.1	10
143:1	PSA.140.6	10
143:1	DAN.9.16	7
143:1	1JN.1.9	6
143:1	2SA.7.25	3
143:1	PSA.89.1-PSA.89.2	3
143:2	ECC.7.20	16
143:2	JOB.25.4	11
143:2	ROM.3.20	11
143:2	PSA.130.3	9
143:2	1JN.1.10	8
143:2	JOB.15.14	7
143:2	GAL.2.16	7
143:2	JOB.14.3	6
143:2	JOB.4.17	5
143:2	EXO.34.7	4
143:2	1KI.8.46	4
143:2	JOB.9.2-JOB.9.3	4
143:3	LAM.3.6	9
143:3	PSA.7.1-PSA.7.2	7
143:3	PSA.7.5	7
143:3	2SA.2.22	6
143:3	PSA.17.9-PSA.17.13	6
143:3	PSA.88.4-PSA.88.6	6
143:3	PSA.142.6	6
143:3	2SA.18.11	5
143:3	PSA.35.4	5
143:3	PSA.54.3	5
143:3	PSA.31.12-PSA.31.13	4
143:3	EZK.37.11	4
143:4	PSA.77.3	4
143:4	PSA.142.3	4
143:4	PSA.55.5	3
143:4	PSA.102.3-PSA.102.4	3
143:4	LUK.22.44	3
143:4	JOB.6.27	2
143:4	PSA.25.16	2
143:4	PSA.61.2	2
143:4	PSA.102.1	2
143:4	PSA.119.81-PSA.119.83	2
143:4	PSA.124.4	2
143:5	PSA.77.10-PSA.77.12	9
143:5	PSA.77.5-PSA.77.6	8
143:5	1SA.17.45-1SA.17.50	5
143:5	PSA.111.4	5
143:5	MIC.6.5	5
143:5	1SA.17.34-1SA.17.37	4
143:5	ISA.63.7-ISA.63.14	4
143:5	DEU.8.2-DEU.8.3	3
143:5	PSA.42.6	3
143:6	JOB.11.13	10
143:6	PSA.63.1	10
143:6	PSA.84.2	8
143:6	PSA.88.9	8
143:6	PSA.42.1-PSA.42.2	7
143:6	PSA.44.20	6
143:6	ISA.26.8-ISA.26.9	5
143:6	ISA.35.7	4
143:6	JHN.7.37	3
143:7	PSA.69.17	11
143:7	PSA.28.1	8
143:7	PSA.27.9	7
143:7	PSA.71.12	5
143:7	PSA.69.3	4
143:7	PSA.70.5	4
143:7	PSA.88.4-PSA.88.6	4
143:7	PSA.102.2	4
143:7	ISA.38.18	4
143:7	PSA.13.1-PSA.13.4	3
143:7	PSA.22.24	3
143:7	PSA.40.12-PSA.40.13	3
143:7	PSA.40.17	3
143:7	PSA.88.10-PSA.88.11	3
143:7	ISA.8.17	3
143:7	ISA.57.16	3
143:7	LUK.21.26	3
143:7	PSA.84.2	2
143:8	PSA.25.4-PSA.25.5	57
143:8	PRO.3.5-PRO.3.6	46
143:8	PSA.32.8	38
143:8	ISA.48.17	35
143:8	ISA.30.21	33
143:8	PSA.46.5	31
143:8	PSA.143.10	30
143:8	PSA.27.11	28
143:8	PSA.59.16	28
143:8	PSA.90.14	27
143:8	PSA.86.4	24
143:8	LAM.3.41	24
143:8	PSA.25.1-PSA.25.2	22
143:8	PSA.30.5	22
143:8	PSA.119.34	22
143:8	GEN.32.24-GEN.32.29	21
143:8	PSA.119.73	20
143:8	PSA.5.8	19
143:8	PSA.42.8	17
143:8	HOS.6.3	15
143:9	PRO.18.10	8
143:9	PSA.61.3-PSA.61.4	6
143:9	PSA.59.1	4
143:9	PSA.142.5	4
143:9	PSA.31.15	3
143:9	PSA.34.2-PSA.34.4	3
143:9	PSA.56.9	3
143:9	HEB.6.18	2
143:10	PSA.25.4-PSA.25.5	56
143:10	JHN.14.26	31
143:10	HEB.13.21	24
143:10	PSA.23.3	21
143:10	PSA.119.12	19
143:10	NEH.9.20	17
143:10	JHN.16.13-JHN.16.15	15
143:10	2TI.1.7	15
143:10	PSA.25.8-PSA.25.9	14
143:10	ROM.15.13	14
143:10	1JN.2.27	13
143:10	ROM.8.26	11
143:10	COL.1.9-COL.1.10	11
143:10	PSA.31.14	10
143:10	PSA.119.35	10
143:10	ROM.5.5	10
143:10	PSA.25.12	9
143:10	PSA.140.6	9
143:10	ROM.8.2	9
143:10	ISA.63.14	8
143:10	GAL.5.22-GAL.5.23	8
143:10	EPH.4.30	8
143:10	PSA.63.1	7
143:10	PSA.119.5-PSA.119.7	7
143:10	MIC.4.2	7
143:10	PSA.22.1	6
143:10	PSA.118.28	6
143:10	PSA.139.24	6
143:10	EPH.5.9	6
143:10	1TH.4.1-1TH.4.2	6
143:10	MAT.28.20	5
143:10	ROM.8.14-ROM.8.16	5
143:10	ROM.15.30	5
143:10	ISA.29.10	2
143:11	PSA.31.1	7
143:11	EPH.2.4-EPH.2.5	6
143:11	PSA.71.2	5
143:11	PSA.119.25	5
143:11	PSA.25.11	4
143:11	PSA.34.19	4
143:11	PSA.138.7	4
143:11	REV.7.14-REV.7.17	4
143:11	PSA.91.15-PSA.91.16	3
143:11	PSA.119.37	3
143:11	HAB.3.2	3
143:11	PSA.25.17	2
143:11	PSA.37.39-PSA.37.40	2
143:11	PSA.85.6	2
143:11	PSA.119.88	2
143:11	PSA.119.107	2
143:11	PSA.143.1	2
143:11	PSA.119.40	1
143:11	PSA.9.7-PSA.9.8	0
143:12	PSA.54.5	7
143:12	PSA.116.16	6
143:12	PSA.119.94	5
143:12	1SA.24.12-1SA.24.15	3
143:12	1SA.25.29	3
143:12	1SA.26.10	3
143:12	PSA.52.5	3
143:12	PSA.55.23	3
143:12	PSA.136.15-PSA.136.20	3
144:1	PSA.18.34	30
144:1	2SA.22.35	26
144:1	PSA.18.2	26
144:1	PSA.44.3-PSA.44.4	22
144:1	EPH.6.10-EPH.6.11	18
144:1	2CO.10.4	17
144:1	DEU.32.30-DEU.32.31	14
144:1	ISA.45.24	13
144:1	PSA.60.12	12
144:1	PSA.18.31	10
144:1	PSA.71.3	9
144:1	PSA.95.1	9
144:1	ISA.26.4	7
144:2	2SA.22.2-2SA.22.3	11
144:2	PSA.18.2	9
144:2	PSA.91.2	9
144:2	PSA.59.9	7
144:2	PSA.18.47	4
144:2	PSA.84.9	4
144:2	JER.16.19	4
144:2	2SA.22.40-2SA.22.48	3
144:2	PSA.110.3	3
144:3	PSA.8.4	19
144:3	JOB.7.17	16
144:3	HEB.2.6	11
144:3	JOB.15.14	6
144:3	PSA.146.3-PSA.146.4	6
144:4	PSA.102.11	7
144:4	JOB.8.9	5
144:4	PSA.39.5-PSA.39.6	5
144:4	PSA.109.23	5
144:4	2SA.14.14	3
144:4	ECC.12.8	3
144:4	1CH.29.15	2
144:4	JOB.14.1-JOB.14.3	2
144:4	PSA.39.11	2
144:4	PSA.62.9	2
144:4	PSA.89.47	2
144:4	PSA.103.15-PSA.103.16	2
144:4	ECC.1.2	2
144:4	ECC.1.14	2
144:4	ECC.8.13	2
144:4	JOB.4.19	1
144:5	PSA.18.9	6
144:5	PSA.104.32	6
144:5	EXO.19.18	3
144:5	HAB.3.3-HAB.3.6	3
144:5	ISA.64.1-ISA.64.2	2
144:5	NAM.1.3-NAM.1.6	2
144:5	HEB.12.18	2
144:6	DEU.32.23	6
144:6	PSA.18.13-PSA.18.14	5
144:6	DEU.32.42	4
144:6	2SA.22.12-2SA.22.15	3
144:6	PSA.7.12-PSA.7.13	3
144:6	PSA.21.12	3
144:6	PSA.45.5	3
144:6	PSA.77.17-PSA.77.18	2
144:7	PSA.18.16	5
144:7	PSA.69.1-PSA.69.2	5
144:7	PSA.54.3	4
144:7	REV.17.15	4
144:7	2SA.22.17	3
144:7	PSA.18.44	3
144:7	PSA.93.3-PSA.93.4	3
144:7	MAT.27.43	3
144:7	REV.12.15-REV.12.16	3
144:7	NEH.9.2	2
144:7	PSA.69.14-PSA.69.15	2
144:7	PSA.144.11	2
144:7	MAL.2.11	2
144:8	PSA.12.2	6
144:8	PSA.41.6	4
144:8	PSA.62.4	4
144:8	ISA.44.20	4
144:8	GEN.14.22	2
144:8	DEU.32.40	2
144:8	PSA.10.7	2
144:8	PSA.58.3	2
144:8	PSA.106.26	2
144:8	PSA.109.2-PSA.109.3	2
144:8	ISA.59.5-ISA.59.7	2
144:8	MAT.5.30	2
144:8	REV.13.16-REV.13.17	2
144:9	PSA.33.2-PSA.33.3	6
144:9	PSA.40.3	5
144:9	PSA.81.1-PSA.81.3	4
144:9	PSA.149.1	4
144:9	PSA.150.3-PSA.150.5	4
144:9	1CH.25.1-1CH.25.6	3
144:9	PSA.98.1	3
144:9	PSA.108.2-PSA.108.3	3
144:9	REV.5.9-REV.5.10	2
144:9	REV.14.3	2
144:10	PSA.18.50	7
144:10	PSA.140.7	6
144:10	PSA.33.16-PSA.33.18	5
144:10	1SA.17.45-1SA.17.46	2
144:10	2SA.5.19-2SA.5.25	2
144:10	2SA.8.6-2SA.8.14	2
144:10	2SA.21.16-2SA.21.17	2
144:10	ISA.45.1-ISA.45.6	2
144:10	2KI.5.1	1
144:10	JER.27.6-JER.27.8	1
144:11	PSA.144.7-PSA.144.8	6
144:11	ISA.44.20	4
144:11	PSA.12.2	3
144:11	2SA.10.6-2SA.10.19	2
144:11	2SA.16.5-2SA.16.14	2
144:11	2SA.17.1-2SA.17.14	2
144:12	PSA.128.3	14
144:12	ISA.44.3-ISA.44.5	9
144:12	1PE.3.3-1PE.3.6	9
144:12	PSA.115.14-PSA.115.15	8
144:12	JOB.42.15	7
144:12	SNG.8.8-SNG.8.9	5
144:12	LAM.4.2	4
144:12	PSA.127.4-PSA.127.5	2
144:12	PRO.31.10-PRO.31.27	2
144:12	ISA.3.16-ISA.3.24	2
144:13	DEU.7.13-DEU.7.14	7
144:13	DEU.28.8	6
144:13	LEV.26.10	5
144:13	DEU.28.4	5
144:13	GEN.30.29-GEN.30.31	4
144:13	LEV.26.5	4
144:13	DEU.8.3	4
144:13	PSA.107.37-PSA.107.38	4
144:13	MAL.3.10	4
144:13	LUK.12.16-LUK.12.20	4
144:14	ZEC.8.3-ZEC.8.5	4
144:14	DEU.28.7	3
144:14	DEU.28.25	2
144:14	JDG.5.8	2
144:14	JDG.6.3	2
144:14	JDG.6.6	2
144:14	1SA.13.17-1SA.13.23	2
144:14	1SA.31.7	2
144:14	ISA.24.11	2
144:14	JER.13.17-JER.13.19	2
144:14	JER.14.2	2
144:14	JER.14.18	2
144:14	LAM.1.4-LAM.1.6	2
144:15	PSA.33.12	17
144:15	PSA.146.5	12
144:15	EPH.1.3	12
144:15	DEU.33.29	10
144:15	PSA.65.4	7
144:15	PSA.89.15	3
145:1	PSA.47.6-PSA.47.8	11
145:1	PSA.34.1	10
145:1	PSA.45.6	10
145:1	MAT.25.34	9
145:1	PSA.30.12	8
145:1	DAN.4.37	7
145:1	PSA.44.4	6
145:1	REV.19.16	6
145:1	PSA.30.1	5
145:1	PSA.45.1	5
145:1	PSA.48.2-PSA.48.3	5
145:1	PSA.52.9	5
145:1	PSA.145.21-PSA.146.2	5
145:1	PSA.68.4	4
145:1	PSA.71.14-PSA.71.24	4
145:1	PSA.95.3	4
145:1	PSA.100.1	4
145:1	PSA.103.1-PSA.103.2	4
145:1	PSA.113.1-PSA.113.2	4
145:1	PSA.149.2	4
145:1	ISA.33.22	4
145:1	MAL.1.14	4
145:1	PSA.5.2	3
145:2	REV.7.15	5
145:2	PSA.71.6	4
145:2	PSA.72.15	3
145:2	PSA.119.164	3
145:3	PSA.147.5	21
145:3	ROM.11.33	19
145:3	JOB.5.9	18
145:3	ISA.40.28	17
145:3	JOB.9.10	12
145:3	PSA.139.6	12
145:3	PSA.48.1	10
145:3	PSA.96.4	9
145:3	JOB.11.7-JOB.11.9	6
145:3	JOB.26.14	6
145:3	REV.15.3	6
145:4	PSA.71.18	12
145:4	PSA.78.3-PSA.78.7	12
145:4	DEU.6.7	9
145:4	ISA.38.19	9
145:4	JOS.4.21-JOS.4.24	6
145:4	PSA.44.1-PSA.44.2	6
145:4	EXO.12.26-EXO.12.27	5
145:4	EXO.13.14-EXO.13.15	4
145:5	ISA.12.4	9
145:5	PSA.119.27	6
145:5	PSA.72.18	4
145:5	PSA.40.9-PSA.40.10	3
145:5	PSA.71.24	3
145:5	PSA.104.1-PSA.104.2	3
145:5	PSA.105.2	3
145:5	DAN.4.1-DAN.4.3	3
145:5	DAN.4.37	3
145:5	PSA.71.17-PSA.71.19	2
145:5	PSA.66.3-PSA.66.4	1
145:5	PSA.96.3	1
145:6	HAB.2.14	8
145:6	PSA.107.31-PSA.107.32	7
145:6	DAN.3.28-DAN.3.29	7
145:6	PSA.22.27	5
145:6	PSA.22.31	5
145:6	PSA.113.3	5
145:6	PSA.126.2-PSA.126.3	5
145:6	PSA.66.3	4
145:6	PSA.92.1-PSA.92.2	4
145:6	JER.50.28	4
145:6	JOS.9.9-JOS.9.10	3
145:6	PSA.22.22-PSA.22.23	3
145:6	PSA.107.21-PSA.107.22	3
145:6	DAN.6.25-DAN.6.27	3
145:6	DEU.32.3	2
145:6	JOS.2.9-JOS.2.11	2
145:6	EZR.1.2	2
145:6	PSA.98.2-PSA.98.3	2
145:7	ISA.63.7	9
145:7	PSA.36.10	6
145:7	PSA.51.14	5
145:7	PSA.71.15-PSA.71.16	5
145:7	2CO.9.11-2CO.9.12	5
145:7	PSA.71.19	4
145:7	PSA.72.1-PSA.72.3	4
145:7	ISA.45.24-ISA.45.25	4
145:7	REV.19.1-REV.19.3	4
145:7	PSA.36.5-PSA.36.8	3
145:7	PSA.89.16	3
145:7	MAT.12.34-MAT.12.35	3
145:7	PHP.3.7-PHP.3.9	3
145:7	1PE.2.9-1PE.2.10	3
145:7	REV.15.3-REV.15.4	3
145:7	JER.23.6	1
145:8	NUM.14.18	21
145:8	PSA.103.8	17
145:8	PSA.86.5	14
145:8	PSA.100.5	10
145:8	PSA.116.5	10
145:8	PSA.86.15	9
145:8	MIC.7.18-MIC.7.20	9
145:8	ROM.5.20-ROM.5.21	9
145:8	EXO.34.6-EXO.34.7	6
145:8	EPH.2.4	5
145:8	JON.4.2	4
145:8	EPH.1.8	4
145:8	DAN.9.9	3
145:8	EPH.1.6	0
145:9	NAM.1.7	16
145:9	PSA.100.5	14
145:9	MAT.5.45	8
145:9	JON.4.11	7
145:9	PSA.104.27	6
145:9	ACT.17.25	6
145:9	PSA.65.9-PSA.65.13	5
145:9	PSA.36.6-PSA.36.7	4
145:9	ACT.14.17	3
145:9	PSA.25.8	1
145:10	PSA.19.1	11
145:10	PSA.103.22	9
145:10	PSA.148.1-PSA.148.14	3
145:10	ISA.43.20-ISA.43.21	3
145:10	1PE.2.9	3
145:10	REV.7.9-REV.7.12	3
145:10	PSA.22.23	2
145:10	PSA.30.4	2
145:10	PSA.32.11	2
145:10	PSA.68.26	2
145:10	PSA.96.11-PSA.96.13	2
145:10	PSA.97.12	2
145:10	PSA.98.3-PSA.98.9	2
145:10	PSA.104.24	2
145:10	PSA.135.19-PSA.135.21	2
145:10	ISA.44.23	2
145:10	ROM.1.19-ROM.1.20	2
145:10	HEB.13.15	2
145:10	1PE.2.5	2
145:10	REV.19.5-REV.19.6	1
145:11	1CH.29.11-1CH.29.12	4
145:11	PSA.45.6-PSA.45.7	4
145:11	PSA.93.1-PSA.93.2	4
145:11	ISA.9.6-ISA.9.7	4
145:11	DAN.7.13-DAN.7.14	3
145:11	REV.11.15-REV.11.17	3
145:11	PSA.2.6-PSA.2.8	2
145:11	PSA.72.1-PSA.72.20	2
145:11	PSA.96.10-PSA.97.12	2
145:11	PSA.99.1-PSA.99.4	2
145:11	ISA.24.23	2
145:11	ISA.33.21-ISA.33.22	2
145:11	ZEC.9.9	2
145:11	MRK.11.9-MRK.11.10	2
145:11	REV.5.12-REV.5.13	2
145:11	MAT.6.13	1
145:12	REV.12.10	5
145:12	PSA.105.1	4
145:12	PSA.98.1	3
145:12	PSA.105.5	3
145:12	MAT.28.18	3
145:12	PSA.106.2	2
145:12	PSA.110.2-PSA.110.3	2
145:12	PSA.136.4-PSA.136.26	2
145:12	PSA.145.6-PSA.145.12	2
145:12	DAN.4.34-DAN.4.35	2
145:12	ACT.2.8-ACT.2.11	2
145:12	EPH.1.19-EPH.1.21	2
145:12	EPH.3.7-EPH.3.8	2
145:12	REV.19.15-REV.19.16	2
145:13	1TI.1.17	10
145:13	DAN.7.14	7
145:13	PSA.10.16	5
145:13	ISA.9.7	5
145:13	REV.11.15	5
145:13	DAN.2.44	3
145:13	PSA.146.10	2
145:13	DAN.7.27	2
145:13	1CO.15.21-1CO.15.28	2
145:13	2PE.1.11	2
145:14	PSA.146.8	34
145:14	PSA.37.24	31
145:14	PSA.94.18	29
145:14	PSA.119.117	14
145:14	LUK.22.31-LUK.22.32	14
145:14	PSA.42.5	11
145:14	LUK.13.11-LUK.13.13	11
145:14	PSA.38.6	9
145:15	PSA.136.25	17
145:15	PSA.104.27	16
145:15	ACT.17.25	14
145:15	MAT.6.26	10
145:15	PSA.147.8-PSA.147.9	8
145:15	JOB.38.39-JOB.38.41	7
145:15	LUK.12.24	7
145:15	GEN.1.30	6
145:15	PSA.104.21	5
145:15	PSA.145.9	5
145:15	JOL.2.22	5
145:16	PSA.104.28	18
145:16	PSA.107.9	14
145:16	PSA.132.15	9
145:16	JOB.38.27	6
145:17	DEU.32.4	13
145:17	ZEP.3.5	8
145:17	PSA.103.6	7
145:17	PSA.116.5	6
145:17	ISA.45.21	6
145:17	ROM.3.25-ROM.3.26	5
145:17	PSA.50.6	4
145:17	PSA.89.14	4
145:17	PSA.99.3-PSA.99.4	4
145:17	REV.19.11	4
145:17	GEN.18.25	3
145:17	ZEC.9.9	3
145:17	REV.15.3-REV.15.4	3
145:17	1SA.2.2-1SA.2.3	2
145:17	ROM.3.5-ROM.3.6	2
145:17	REV.4.8	2
145:17	REV.16.5-REV.16.7	2
145:17	REV.19.2	2
145:17	PSA.97.2	1
145:18	JER.29.12-JER.29.13	121
145:18	PSA.34.18	74
145:18	DEU.4.7	54
145:18	JHN.4.24	52
145:18	ISA.58.9	42
145:18	JAS.4.8	36
145:18	1JN.3.20-1JN.3.22	36
145:18	JHN.14.23	35
145:18	PSA.46.5	29
145:18	PSA.46.1	27
145:18	MAT.6.5-MAT.6.8	27
145:18	PSA.119.2	25
145:18	PSA.17.1	23
145:18	HOS.7.14	21
145:18	PSA.119.151	20
145:18	PRO.15.8	20
145:18	1KI.18.27-1KI.18.28	16
145:18	ISA.1.15-ISA.1.16	13
145:18	MAT.23.13	7
145:19	PSA.37.4	61
145:19	EPH.3.16-EPH.3.20	48
145:19	JHN.15.7	38
145:19	MAT.5.6	33
145:19	1JN.5.15	29
145:19	PSA.91.15	24
145:19	JHN.16.24	23
145:19	JHN.15.16	22
145:19	PSA.20.4	21
145:19	PSA.34.17	21
145:19	PSA.34.9	20
145:19	PSA.37.19	20
145:19	PRO.15.29	19
145:19	PSA.36.7-PSA.36.8	14
145:19	PSA.37.39-PSA.37.40	13
145:19	LUK.1.53	11
145:20	EXO.20.6	28
145:20	JHN.10.27-JHN.10.29	25
145:20	ROM.8.28-ROM.8.30	24
145:20	PSA.97.10	13
145:20	PSA.31.23	10
145:20	PSA.1.6	7
145:20	PSA.9.5	7
145:20	PSA.9.17	7
145:20	JAS.2.5	5
145:20	PSA.37.28	4
145:20	MAT.25.41	4
145:20	1PE.1.5-1PE.1.8	4
145:21	PSA.71.8	8
145:21	PSA.51.15	5
145:21	PSA.150.6	4
145:21	PSA.30.12	3
145:21	PSA.71.15	3
145:21	PSA.71.23-PSA.71.24	3
145:21	PSA.117.1-PSA.117.2	3
145:21	PSA.145.1-PSA.145.2	3
145:21	REV.5.11-REV.5.14	3
145:21	PSA.65.2	2
145:21	PSA.67.3-PSA.67.4	2
145:21	PSA.86.9	2
145:21	PSA.89.1	2
145:21	PSA.103.22	2
145:21	PSA.145.5	2
146:1	PSA.103.22-PSA.104.1	13
146:1	PSA.103.1	8
146:1	PSA.104.35	4
146:1	PSA.105.45	3
146:2	PSA.63.4	18
146:2	PSA.104.33	13
146:2	PSA.145.1-PSA.145.2	11
146:2	PSA.71.14-PSA.71.15	10
146:2	REV.7.9-REV.7.17	5
146:3	PSA.118.8-PSA.118.9	24
146:3	JER.17.5-JER.17.6	20
146:3	ISA.2.22	19
146:3	PSA.108.12	14
146:3	ISA.31.3	11
146:3	PSA.62.9	8
146:3	PSA.60.11	7
146:3	ISA.37.6	7
146:4	ECC.12.7	17
146:4	PSA.104.29	11
146:4	GEN.2.7	9
146:4	GEN.3.19	7
146:4	1CO.2.6	6
146:4	JOB.27.3	5
146:4	PSA.33.10	5
146:4	DAN.5.23	5
146:4	JOB.14.10	4
146:4	JOB.14.21	4
146:4	JOB.17.11	4
146:4	ISA.2.22	4
146:4	JOB.17.1	3
146:4	PSA.90.3	3
146:4	LAM.4.20	3
146:4	GEN.6.17	2
146:5	JER.17.7-JER.17.8	24
146:5	PSA.144.15	14
146:5	PSA.71.5	10
146:5	PSA.33.12	7
146:5	PSA.46.11	6
146:5	PSA.84.12	6
146:5	EXO.3.6	5
146:5	GEN.32.24-GEN.32.29	4
146:5	PSA.46.7	4
146:5	PSA.39.7	2
146:5	PSA.84.8	2
146:5	1PE.1.21	2
146:5	GEN.50.17	1
146:5	DEU.33.29	1
146:6	EXO.20.11	9
146:6	REV.14.7	9
146:6	PSA.100.5	8
146:6	PSA.136.5-PSA.136.6	8
146:6	GEN.1.1	7
146:6	JER.32.17	7
146:6	COL.1.16	7
146:6	PSA.89.2	6
146:6	PSA.95.5	6
146:6	PRO.8.28-PRO.8.29	6
146:6	PSA.33.6	5
146:6	PSA.117.2	5
146:6	TIT.1.2	5
146:6	HEB.6.18	5
146:6	JOB.38.8-JOB.38.11	4
146:6	PSA.115.15	4
146:6	JER.10.11-JER.10.12	4
146:6	JHN.1.3	4
146:6	ACT.14.15	4
146:6	DEU.7.9	3
146:6	PSA.89.33	3
146:6	PSA.98.3	3
146:6	PSA.148.5-PSA.148.6	3
146:6	DAN.9.4	3
146:6	JHN.10.34	3
146:6	MIC.7.20	2
146:7	PSA.103.6	13
146:7	PSA.68.6	12
146:7	ISA.61.1	9
146:7	PRO.22.22-PRO.22.23	7
146:7	ZEC.9.11-ZEC.9.12	7
146:7	LUK.4.18	6
146:7	PSA.10.18	5
146:7	PSA.142.7	5
146:7	PSA.107.9-PSA.107.10	3
146:7	PSA.9.16	2
146:7	PSA.10.14-PSA.10.15	2
146:7	PSA.12.5	2
146:7	PSA.72.4	2
146:7	PSA.105.17-PSA.105.20	2
146:7	PSA.107.14-PSA.107.16	2
146:7	PSA.136.25	2
146:7	PSA.145.15-PSA.145.16	2
146:7	PRO.23.10-PRO.23.11	2
146:7	ISA.9.4	2
146:7	JER.31.14	2
146:7	MAL.3.5	2
146:7	LUK.1.53	2
146:7	LUK.9.17	2
146:7	ACT.5.19	2
146:7	ACT.16.26	2
146:8	PSA.11.7	18
146:8	PSA.145.14	18
146:8	MAT.9.30	13
146:8	ACT.26.18	13
146:8	ISA.35.5	8
146:8	EPH.1.18	8
146:8	MAT.11.5	6
146:8	LUK.13.11-LUK.13.13	6
146:8	JHN.16.27	6
146:8	2CO.7.6	6
146:8	PSA.147.6	5
146:8	ISA.42.16	5
146:8	JHN.14.21-JHN.14.23	5
146:8	1PE.2.9	5
146:8	DEU.33.3	4
146:8	ISA.42.18	3
146:8	JHN.9.7-JHN.9.33	3
146:8	LUK.18.41-LUK.18.42	2
146:9	PSA.68.5	9
146:9	DEU.10.18-DEU.10.19	8
146:9	PSA.147.6	8
146:9	EXO.22.21-EXO.22.22	5
146:9	PRO.15.25	5
146:9	MAL.3.5	5
146:9	JER.49.11	4
146:9	JAS.1.27	3
146:9	PSA.83.13-PSA.83.17	1
146:9	PSA.145.20	1
146:9	PRO.4.19	1
146:9	DEU.16.11	0
146:9	2SA.15.31	0
146:9	2SA.17.23	0
146:9	EST.5.14	0
146:9	EST.7.10	0
146:9	EST.9.25	0
146:9	JOB.5.12-JOB.5.14	0
146:9	PSA.18.26	0
146:9	HOS.14.3	0
146:9	1CO.3.19	0
146:10	PSA.10.16	11
146:10	EXO.15.18	9
146:10	REV.11.15	7
146:10	ISA.12.6	6
146:10	DAN.6.26	6
146:10	DAN.7.14	6
146:10	ISA.9.7	5
146:10	JOL.3.17	5
146:10	ISA.40.9	4
146:10	DAN.2.44	4
146:10	PSA.145.13	3
146:10	ISA.52.7	3
146:10	PSA.147.12	2
147:1	PSA.135.3	10
147:1	PSA.33.1	3
147:1	PSA.42.4	3
147:1	PSA.92.1	3
147:1	PSA.63.3-PSA.63.5	2
147:1	REV.5.9-REV.5.14	2
147:1	PSA.122.1-PSA.122.4	1
147:1	REV.19.1-REV.19.6	1
147:2	DEU.30.3	9
147:2	ISA.56.8	9
147:2	PSA.51.18	8
147:2	PSA.102.20-PSA.102.22	7
147:2	ISA.62.7	7
147:2	ISA.14.32	6
147:2	JER.32.37	6
147:2	EZK.38.8	6
147:2	EZK.39.27-EZK.39.28	6
147:2	EPH.2.12-EPH.2.19	6
147:2	ISA.27.13	5
147:2	JER.31.4	5
147:2	EZK.36.24-EZK.36.38	5
147:2	EZR.2.64-EZR.2.65	4
147:2	NEH.3.1-NEH.3.16	4
147:2	NEH.7.4	4
147:2	PSA.102.13-PSA.102.16	4
147:2	ISA.11.11-ISA.11.12	4
147:2	EZR.8.1-EZR.8.14	3
147:2	EZK.37.21-EZK.37.28	3
147:2	DAN.9.25	3
147:2	MAT.16.18	1
147:3	PSA.34.18	86
147:3	JOB.5.18	64
147:3	JER.33.6	51
147:3	ISA.61.1	49
147:3	LUK.4.18	49
147:3	HOS.6.1-HOS.6.2	44
147:3	PSA.51.17	37
147:3	ISA.57.15	36
147:3	MAL.4.2	36
147:3	EZK.34.16	35
147:3	ISA.1.5-ISA.1.6	23
147:4	ISA.40.26	14
147:4	PSA.8.3	8
147:4	PSA.148.3	8
147:4	GEN.15.5	7
147:5	ISA.40.28	17
147:5	PSA.139.17-PSA.139.18	12
147:5	PSA.96.4	11
147:5	ROM.11.33	9
147:5	PSA.40.5	8
147:5	PSA.48.1	8
147:5	NAM.1.3	8
147:5	JER.10.6	6
147:5	JER.32.17-JER.32.19	6
147:5	1CH.16.25	5
147:5	PSA.99.2	3
147:5	PSA.145.3	3
147:5	REV.15.3	3
147:5	PSA.135.5	2
147:6	PSA.25.9	12
147:6	PSA.146.8-PSA.146.9	10
147:6	1PE.5.6	10
147:6	JAS.4.10	8
147:6	ZEP.2.3	6
147:6	PSA.145.14	5
147:6	PSA.149.4	5
147:6	1SA.2.8	4
147:6	PSA.55.23	3
147:6	PSA.73.18-PSA.73.19	3
147:6	PSA.37.11	2
147:6	MAT.5.5	2
147:6	1PE.3.4	2
147:6	2PE.2.4-2PE.2.9	2
147:7	PSA.95.1-PSA.95.2	10
147:7	PSA.47.6-PSA.47.7	7
147:7	PSA.68.32	7
147:7	PSA.92.1-PSA.92.3	5
147:7	PSA.107.21-PSA.107.22	5
147:7	REV.5.8-REV.5.10	3
147:7	EXO.15.20-EXO.15.21	2
147:8	JOB.5.10	6
147:8	PSA.65.9-PSA.65.13	4
147:8	GEN.9.14	3
147:8	JOB.26.8-JOB.26.9	3
147:8	MAT.5.45	3
147:8	ACT.14.17	3
147:8	1KI.18.44-1KI.18.45	2
147:8	JOB.36.27-JOB.36.33	2
147:8	JOB.38.24-JOB.38.27	2
147:8	PSA.104.13-PSA.104.14	2
147:8	PSA.135.1	2
147:8	ISA.5.6	2
147:8	JER.14.22	2
147:8	JOL.2.23	2
147:8	AMO.5.7-AMO.5.8	2
147:8	JAS.5.17-JAS.5.18	2
147:9	PSA.104.27-PSA.104.28	15
147:9	JOB.38.41	13
147:9	MAT.6.26	11
147:9	PSA.136.25	10
147:9	PSA.145.15-PSA.145.16	6
147:9	LUK.12.24	6
147:10	1SA.16.7	10
147:10	PSA.20.7	9
147:10	PSA.33.16-PSA.33.18	9
147:10	PRO.21.31	9
147:10	ISA.31.1	9
147:10	ECC.9.11	8
147:10	HOS.1.7	7
147:10	2SA.1.23	4
147:10	JOB.39.19-JOB.39.25	4
147:10	2SA.2.18-2SA.2.23	2
147:11	PSA.33.18	36
147:11	MAL.3.16-MAL.3.17	21
147:11	ZEP.3.17	16
147:11	PSA.149.4	15
147:11	PSA.35.27	13
147:11	ISA.62.4	13
147:11	PSA.33.22	12
147:11	PRO.11.20	8
147:11	1PE.1.17	6
147:11	1PE.3.4	5
147:11	1PE.1.13	4
147:11	PRO.31.30	3
147:12	ISA.12.6	5
147:12	JOL.2.23	5
147:12	PSA.135.19-PSA.135.21	4
147:12	PSA.146.10	4
147:12	ISA.52.7	4
147:12	PSA.149.2	3
147:13	PSA.128.3-PSA.128.6	46
147:13	PSA.115.14-PSA.115.15	32
147:13	ISA.44.3-ISA.44.5	32
147:13	JER.30.19-JER.30.20	23
147:13	PSA.144.12	20
147:13	PSA.125.2	15
147:13	NEH.12.30	9
147:13	LAM.2.8-LAM.2.9	9
147:13	NEH.3.1-NEH.3.16	8
147:13	PSA.48.11-PSA.48.14	8
147:13	ZEC.8.3-ZEC.8.5	8
147:13	NEH.6.1	7
147:13	NEH.7.1	7
147:13	PSA.51.18	7
147:13	LAM.4.12	7
147:13	NEH.7.3	6
147:13	LUK.19.42-LUK.19.44	5
147:13	DAN.9.25	4
147:14	PSA.29.11	15
147:14	ISA.60.17-ISA.60.18	14
147:14	PSA.81.16	13
147:14	PSA.132.15	11
147:14	DEU.32.14	7
147:14	LEV.26.6	5
147:14	DEU.8.7-DEU.8.8	5
147:14	1CH.22.9	5
147:14	PSA.122.6	5
147:14	ISA.66.12	5
147:14	ZEC.9.8	5
147:14	PSA.132.11	4
147:14	ISA.9.6-ISA.9.7	4
147:14	EZK.27.17	2
147:15	JOB.37.12	10
147:15	PSA.107.20	8
147:15	JOB.34.29	7
147:15	PSA.33.9	7
147:15	MAT.8.8-MAT.8.9	7
147:15	MAT.8.13	7
147:15	2TH.3.1	7
147:15	PSA.68.11	6
147:15	PSA.107.25	6
147:15	JON.1.4	6
147:16	JOB.37.6	7
147:16	JOB.38.29	7
147:16	PSA.148.8	5
147:16	ISA.55.10	3
147:16	JOB.37.9-JOB.37.10	2
147:17	JOB.38.29-JOB.38.30	7
147:17	JOB.38.22-JOB.38.23	6
147:17	JOB.37.9-JOB.37.10	5
147:17	PSA.78.47-PSA.78.48	5
147:17	EXO.9.23-EXO.9.25	4
147:17	JOS.10.11	3
147:18	PSA.33.9	7
147:18	PSA.147.15	7
147:18	JOB.37.10	6
147:18	JOB.6.16-JOB.6.17	5
147:18	PSA.107.20	5
147:18	JOB.37.17	4
147:19	MAL.4.4	10
147:19	PSA.78.5	9
147:19	DEU.33.2-DEU.33.4	8
147:19	DEU.4.45	7
147:19	DEU.5.22	7
147:19	DEU.5.31	7
147:19	ROM.3.2	7
147:19	ROM.9.4	7
147:19	EXO.20.1-EXO.20.21	6
147:19	DEU.4.1	6
147:19	PSA.76.1	6
147:19	PSA.103.7	6
147:19	EXO.21.1-EXO.21.23	5
147:19	DEU.4.8	5
147:19	DEU.4.12-DEU.4.13	5
147:19	DEU.6.1	5
147:19	2TI.3.15-2TI.3.17	3
147:20	DEU.4.32-DEU.4.34	9
147:20	DEU.4.7-DEU.4.8	7
147:20	ROM.3.1-ROM.3.2	6
147:20	EPH.2.12	6
147:20	1PE.2.9-1PE.2.10	6
147:20	EPH.5.8	5
147:20	PRO.29.18	4
147:20	ISA.5.1-ISA.5.7	4
147:20	ACT.14.16	4
147:20	ACT.26.27	4
147:20	MAT.21.33-MAT.21.41	3
147:20	ACT.26.18	3
148:1	PSA.69.34	11
148:1	PSA.89.5	11
148:1	REV.19.1-REV.19.6	10
148:1	LUK.2.13-LUK.2.14	8
148:1	PSA.146.1	7
148:1	ISA.49.13	7
148:1	MAT.21.9	7
148:2	PSA.103.20-PSA.103.21	5
148:2	ISA.6.2-ISA.6.4	4
148:2	GEN.2.1	3
148:2	JOB.38.7	3
148:2	EZK.3.12	3
148:2	REV.5.11-REV.5.13	3
148:3	PSA.19.1-PSA.19.6	6
148:3	PSA.8.1-PSA.8.3	4
148:3	PSA.136.7-PSA.136.9	4
148:3	GEN.1.14-GEN.1.16	3
148:3	GEN.8.22	2
148:3	DEU.4.19	2
148:3	PSA.89.36-PSA.89.37	2
148:3	JER.33.20	1
148:4	1KI.8.27	8
148:4	GEN.1.7	7
148:4	DEU.10.14	5
148:4	NEH.9.6	3
148:4	GEN.7.11	2
148:4	PSA.68.33	2
148:4	PSA.104.3	2
148:4	PSA.113.6	2
148:4	2CO.12.2	2
148:5	REV.4.11	12
148:5	GEN.1.6	9
148:5	PSA.33.6-PSA.33.9	8
148:5	GEN.1.1-GEN.1.2	7
148:5	JER.10.11-JER.10.13	6
148:5	PSA.95.5	5
148:5	AMO.9.6	5
148:6	JER.33.25	9
148:6	JER.31.35-JER.31.36	8
148:6	JOB.38.33	6
148:6	PSA.89.37	6
148:6	PSA.119.90-PSA.119.91	5
148:6	JOB.38.10-JOB.38.11	4
148:6	PSA.93.1	3
148:6	PRO.8.27-PRO.8.29	3
148:6	ISA.54.9	3
148:7	GEN.1.21	8
148:7	PSA.74.13-PSA.74.14	8
148:7	JOB.41.1-JOB.41.34	5
148:7	PSA.104.25-PSA.104.26	5
148:7	ISA.43.20	5
148:7	ISA.27.1	4
148:7	ISA.51.9-ISA.51.10	4
148:8	PSA.147.15-PSA.147.18	7
148:8	REV.16.8-REV.16.9	3
148:8	REV.16.21	3
148:8	GEN.19.24	2
148:8	EXO.9.23-EXO.9.25	2
148:8	EXO.10.13	2
148:8	EXO.10.19	2
148:8	EXO.14.21	2
148:8	LEV.10.2	2
148:8	NUM.16.35	2
148:8	JOS.10.11	2
148:8	JOB.37.2-JOB.37.6	2
148:8	JOB.38.22-JOB.38.37	2
148:8	PSA.18.12	2
148:8	PSA.103.20	2
148:8	PSA.107.25-PSA.107.29	2
148:8	ISA.66.16	2
148:8	JOL.2.30	2
148:8	AMO.7.4	2
148:8	JON.1.4	2
148:8	MAT.8.24-MAT.8.27	2
148:8	AMO.4.13	1
148:9	ISA.44.23	10
148:9	ISA.49.13	7
148:9	ISA.55.12-ISA.55.13	4
148:9	PSA.97.4-PSA.97.5	3
148:9	PSA.98.7-PSA.98.9	3
148:9	PSA.65.12-PSA.65.13	2
148:9	PSA.96.11-PSA.96.13	2
148:9	PSA.114.3-PSA.114.7	2
148:9	ISA.42.11	2
148:9	ISA.64.1	2
148:9	EZK.36.1-EZK.36.15	2
148:10	GEN.1.20-GEN.1.25	5
148:10	PSA.150.6	5
148:10	PSA.103.22	4
148:10	GEN.7.14	3
148:10	EZK.17.23	3
148:10	PSA.50.10-PSA.50.11	2
148:11	ISA.60.3	5
148:11	PSA.102.15	4
148:11	REV.21.24	4
148:11	PSA.2.10-PSA.2.12	3
148:11	PSA.22.27-PSA.22.29	3
148:11	PSA.66.1-PSA.66.4	3
148:11	PSA.68.31-PSA.68.32	3
148:11	PSA.72.10-PSA.72.11	3
148:11	PSA.86.9	3
148:11	PSA.138.4-PSA.138.5	3
148:11	PRO.8.15-PRO.8.16	3
148:11	ISA.49.23	3
148:12	JER.31.13	4
148:12	TIT.2.4-TIT.2.6	4
148:12	PSA.68.25	3
148:12	MAT.21.15-MAT.21.16	3
148:12	PSA.8.2	2
148:12	ZEC.9.17	2
148:12	LUK.19.37	2
148:13	PSA.8.1	8
148:13	PSA.113.4	8
148:13	PSA.8.9	6
148:13	ISA.12.4	5
148:13	PSA.99.3-PSA.99.4	4
148:13	PSA.99.9	3
148:13	SNG.5.16	3
148:13	ISA.6.3	3
148:13	ISA.33.5	3
148:13	PHP.3.8	3
148:13	1PE.3.22	3
148:13	1CH.29.11	2
148:13	PSA.72.19	2
148:13	PSA.108.4	2
148:13	SNG.5.9	2
148:13	ZEC.9.17	2
148:13	EPH.4.10	2
148:13	MAT.6.13	1
148:13	PSA.57.6	0
148:14	PSA.75.10	13
148:14	DEU.4.7	8
148:14	1SA.2.1	8
148:14	EPH.2.17	8
148:14	PSA.112.9	7
148:14	DEU.10.21	5
148:14	1PE.2.9	5
148:14	REV.5.8-REV.5.14	5
148:14	PSA.92.10	4
148:14	PSA.145.10	4
148:14	PSA.149.9	4
148:14	JER.17.14	4
148:14	EPH.2.13	4
148:14	EPH.2.19	4
148:14	PSA.89.17	3
148:14	LUK.1.52	3
148:14	EXO.19.5-EXO.19.6	2
148:14	LUK.2.32	2
149:1	PSA.33.3	13
149:1	REV.5.9	10
149:1	PSA.148.1	9
149:1	HEB.2.12	8
149:1	PSA.98.1	7
149:1	ISA.42.10	7
149:1	PSA.22.22	6
149:1	PSA.22.25	6
149:1	PSA.68.26	6
149:1	PSA.89.5	6
149:1	PSA.116.18	6
149:1	PSA.144.9	6
149:1	PSA.96.1	5
149:1	PSA.111.1	3
149:1	PSA.35.18	2
149:2	PSA.95.6	9
149:2	PSA.100.1-PSA.100.3	9
149:2	ISA.52.7	8
149:2	ISA.54.5	8
149:2	DEU.7.6-DEU.7.7	7
149:2	JOL.2.23	7
149:2	JOB.35.10	6
149:2	PSA.135.3-PSA.135.4	6
149:2	ZEC.9.9	6
149:2	LUK.19.38	6
149:2	DEU.12.7	5
149:2	1SA.12.22	5
149:2	PSA.47.6	5
149:2	JHN.19.19-JHN.19.22	5
149:2	ISA.62.11-ISA.62.12	4
149:2	MAT.25.34	4
149:2	LUK.19.27	4
149:2	JHN.19.15	4
149:2	PHP.3.3	4
149:2	REV.19.6	4
149:2	MAT.21.5	3
149:3	JER.31.13	8
149:3	EXO.15.20	6
149:3	2SA.6.14	6
149:3	2SA.6.16	6
149:3	1CH.15.28-1CH.15.29	6
149:3	PSA.81.2	6
149:3	JDG.11.34	5
149:3	PSA.30.11	5
149:3	PSA.150.3-PSA.150.5	5
149:3	1CH.16.42	4
149:3	EZR.3.10	4
149:3	PSA.33.2	4
149:3	PSA.137.2-PSA.137.4	4
149:3	2CH.29.25	3
149:3	1CH.25.6	2
149:4	PSA.147.11	28
149:4	PSA.35.27	20
149:4	1PE.3.4	20
149:4	PSA.132.16	16
149:4	ZEP.3.17	14
149:4	PSA.22.8	12
149:4	PSA.117.2	10
149:4	JER.32.41	9
149:4	PRO.11.20	8
149:4	ISA.61.10	8
149:4	PSA.90.17	7
149:4	HEB.12.10	7
149:4	1PE.5.5	7
149:4	ISA.61.1-ISA.61.3	6
149:4	ISA.62.4-ISA.62.5	4
149:4	REV.7.14	4
149:5	JOB.35.10	9
149:5	PSA.42.8	7
149:5	1PE.1.8	5
149:5	PSA.118.15	4
149:5	PSA.145.10	4
149:5	PSA.23.1	3
149:5	PSA.63.5-PSA.63.6	3
149:5	PSA.92.2	3
149:5	PSA.132.16	3
149:5	ROM.5.2	3
149:6	PSA.66.17	15
149:6	HEB.4.12	15
149:6	REV.1.16	13
149:6	REV.19.6	12
149:6	NEH.9.5	10
149:6	PSA.96.4	9
149:6	LUK.2.14	6
149:6	PSA.145.3-PSA.145.5	5
149:6	PSA.115.7	4
149:6	DAN.4.37	4
149:7	ZEC.14.17-ZEC.14.19	5
149:7	1SA.15.2-1SA.15.3	4
149:7	REV.19.11-REV.19.21	4
149:7	NUM.31.2-NUM.31.3	3
149:7	JDG.5.23	3
149:7	1SA.15.18-1SA.15.23	3
149:7	PSA.137.8-PSA.137.9	3
149:7	ZEC.9.13-ZEC.9.16	2
149:8	JOS.10.23-JOS.10.24	4
149:8	JOS.12.7	4
149:8	JDG.1.6-JDG.1.7	4
149:8	JOB.36.8	2
149:9	1CO.6.2-1CO.6.3	8
149:9	PSA.148.14	6
149:9	PSA.137.8	3
149:9	DEU.7.1-DEU.7.2	2
149:9	DEU.32.42-DEU.32.43	2
149:9	ISA.14.22-ISA.14.23	2
149:9	EZK.28.26	2
149:9	REV.3.21	2
149:9	REV.17.14-REV.17.16	2
150:1	PSA.149.1	12
150:1	PSA.134.2	11
150:1	PSA.116.18-PSA.116.19	7
150:1	PSA.29.9	5
150:1	EZK.10.1	4
150:1	DAN.12.3	4
150:1	PSA.102.19	3
150:1	PSA.118.19-PSA.118.20	3
150:1	GEN.1.6-GEN.1.8	2
150:1	PSA.19.1	2
150:1	EZK.1.22-EZK.1.26	2
150:1	PSA.66.13-PSA.66.16	1
150:2	DEU.3.24	10
150:2	JER.32.17-JER.32.19	8
150:2	PSA.145.3	6
150:2	PSA.145.5-PSA.145.6	5
150:2	REV.15.3-REV.15.4	5
150:2	PSA.96.4	4
150:2	PSA.145.12	3
150:3	PSA.33.2	9
150:3	PSA.149.3	7
150:3	PSA.81.2-PSA.81.3	6
150:3	PSA.98.5-PSA.98.6	6
150:3	PSA.92.3	3
150:3	NUM.10.10	2
150:3	1CH.15.24	2
150:3	1CH.15.28	2
150:3	1CH.16.42	2
150:3	PSA.108.2	2
150:3	DAN.3.5	1
150:4	PSA.149.3	10
150:4	ISA.38.20	10
150:4	EXO.15.20	9
150:4	PSA.144.9	5
150:4	JOB.30.31	3
150:4	PSA.92.3	3
150:4	JOB.21.12	2
150:4	PSA.33.2	2
150:4	PSA.45.8	2
150:4	HAB.3.19	1
150:5	1CH.15.16	7
150:5	1CH.25.1	6
150:5	1CH.15.19	5
150:5	1CH.15.28	5
150:5	1CH.25.6	4
150:5	2SA.6.5	3
150:5	1CH.16.5	3
150:5	1CH.13.8	2
150:6	PSA.145.21	28
150:6	REV.5.13	27
150:6	PSA.103.22	24
150:6	PSA.145.10	22
150:6	PSA.148.7-PSA.148.11	18
