# chapter:verse	to	votes (most first)
1:1	ACT.9.15	33
1:1	ROM.15.16	24
1:1	1CO.1.1	21
1:1	JER.1.5	18
1:1	COL.1.1	17
1:1	TIT.1.1	16
1:1	ROM.1.9	11
1:1	2CO.1.1	11
1:1	1CO.9.1	10
1:1	1TI.1.1	8
1:1	GAL.1.1	7
1:1	EPH.3.5-EPH.3.7	7
1:1	1TI.1.11-1TI.1.12	7
1:1	2TI.1.11	7
1:1	ROM.1.5	6
1:1	1TH.2.2	6
1:1	1TI.2.7	6
1:1	JAS.1.1	5
1:1	2PE.1.1	5
1:1	JUD.1.1	5
1:1	NUM.16.9-NUM.16.10	4
1:1	JHN.15.15	4
1:1	ACT.20.24	4
1:1	ACT.22.7	4
1:1	ACT.22.21	4
1:1	ROM.1.16	4
1:1	1CO.15.8-1CO.15.10	4
1:1	2CO.4.5	4
1:1	2CO.11.5	4
1:1	2CO.12.11	4
1:1	GAL.1.10-GAL.1.17	4
1:1	EPH.1.13	4
1:1	EPH.4.11	4
1:1	PHP.1.1	4
1:1	PHP.2.11	4
1:1	HEB.5.4	4
1:1	REV.1.1	4
1:1	REV.22.9	4
1:1	DEU.10.8	3
1:1	1CH.23.13	3
1:1	ISA.49.1	3
1:1	MRK.16.15-MRK.16.16	3
1:1	LUK.2.10-LUK.2.11	3
1:1	JHN.12.26	3
1:1	JHN.13.14-JHN.13.16	3
1:1	ACT.13.2-ACT.13.4	3
1:1	ACT.22.13-ACT.22.15	3
1:1	ACT.26.1	3
1:1	ACT.26.16-ACT.26.18	3
1:1	ACT.27.23	3
1:1	ROM.11.13	3
1:1	ROM.15.29	3
1:1	ROM.16.18	3
1:1	ROM.16.25	3
1:1	1CO.9.16-1CO.9.18	3
1:1	EPH.1.1	3
1:1	PHP.3.6-PHP.3.7	3
1:1	COL.1.25	3
1:1	1TI.1.15-1TI.1.16	3
1:1	LEV.20.24-LEV.20.26	2
1:1	JHN.15.20	2
1:1	ACT.13.9	2
1:1	ACT.26.14	2
1:1	2TH.2.13-2TH.2.14	2
1:1	HEB.7.26	2
1:1	REV.22.6	2
1:1	ACT.21.40	1
1:2	TIT.1.2	30
1:2	LUK.1.70	18
1:2	ROM.3.21	13
1:2	ROM.16.26	13
1:2	ACT.10.43	12
1:2	ROM.3.2	12
1:2	LUK.24.26-LUK.24.27	10
1:2	ACT.26.6	8
1:3	GAL.4.4	21
1:3	MAT.1.1	19
1:3	JER.23.5-JER.23.6	18
1:3	JHN.1.14	14
1:3	LUK.1.31-LUK.1.33	11
1:3	MAT.1.20-MAT.1.23	9
1:3	ISA.9.6-ISA.9.7	8
1:3	AMO.9.11	8
1:3	GEN.3.15	7
1:3	PSA.2.7	7
1:3	JHN.1.49	7
1:3	1JN.4.9-1JN.4.10	7
1:3	PSA.89.36-PSA.89.37	6
1:3	LUK.1.35	6
1:3	JER.33.15-JER.33.17	5
1:3	JER.33.26	5
1:3	MAT.1.16	5
1:3	JHN.10.30	5
1:3	JHN.20.28	5
1:3	ROM.9.5	5
1:3	1TH.1.10	5
1:3	1CO.1.9	4
1:3	2TI.2.8	4
1:3	MAT.1.6	3
1:3	MAT.3.17	3
1:3	MAT.9.27	3
1:3	MAT.12.23	3
1:3	MAT.15.22	3
1:3	MAT.22.42-MAT.22.45	3
1:3	MAT.26.63	3
1:3	MAT.27.43	3
1:3	LUK.1.69	3
1:3	LUK.2.4-LUK.2.6	3
1:3	JHN.5.25	3
1:3	JHN.10.36	3
1:3	JHN.20.31	3
1:3	ACT.2.30	3
1:3	2SA.7.12-2SA.7.16	2
1:3	JHN.1.34	2
1:3	JHN.3.16-JHN.3.18	2
1:3	JHN.3.35-JHN.3.36	2
1:3	JHN.7.42	2
1:3	ACT.3.13	2
1:3	ACT.8.36	2
1:3	ACT.9.20	2
1:3	ACT.13.22-ACT.13.23	2
1:3	ROM.1.9	2
1:3	ROM.8.2-ROM.8.3	2
1:3	ROM.8.29-ROM.8.32	2
1:3	COL.1.13-COL.1.15	2
1:3	1TI.3.16	2
1:3	1JN.1.3	2
1:3	1JN.3.8	2
1:3	1JN.3.23	2
1:3	1JN.4.2-1JN.4.3	2
1:3	1JN.4.15	2
1:3	1JN.5.1	2
1:3	1JN.5.5	2
1:3	1JN.5.10-1JN.5.13	2
1:3	1JN.5.20	2
1:3	2JN.1.7	2
1:3	REV.2.18	2
1:4	HEB.5.5-HEB.5.6	14
1:4	EPH.1.19-EPH.1.23	13
1:4	HEB.9.14	13
1:4	ACT.13.33-ACT.13.35	12
1:4	2CO.13.4	12
1:4	ACT.5.30-ACT.5.32	10
1:4	JHN.2.18-JHN.2.21	7
1:4	ACT.2.24	6
1:4	ACT.2.32	6
1:4	ACT.3.15	6
1:4	ACT.4.10-ACT.4.12	6
1:4	ACT.17.31	6
1:4	ROM.1.3	6
1:4	1PE.1.11	6
1:4	2PE.1.21	6
1:4	LUK.18.31-LUK.18.33	5
1:4	LUK.24.26-LUK.24.27	5
1:4	REV.1.18	5
1:4	REV.19.10	4
1:5	ACT.9.15	19
1:5	ROM.16.26	13
1:5	ACT.6.7	12
1:5	MAL.1.11	11
1:5	1CO.15.10	8
1:5	HEB.5.9	7
1:5	ROM.12.3	6
1:5	ACT.1.25	5
1:5	GAL.1.15-GAL.1.16	5
1:5	1PE.2.9-1PE.2.10	5
1:5	GAL.2.8-GAL.2.9	4
1:5	JHN.1.16	3
1:5	ROM.3.29	3
1:5	ROM.15.15-ROM.15.16	3
1:5	1CO.9.2	3
1:5	2CO.3.5-2CO.3.6	3
1:5	2CO.10.4-2CO.10.6	3
1:5	MAL.1.14	2
1:5	ACT.15.14	2
1:5	ROM.15.18-ROM.15.19	2
1:5	EPH.1.6	2
1:5	EPH.1.12	2
1:5	EPH.3.2-EPH.3.9	2
1:5	1TI.1.11-1TI.1.12	2
1:6	1PE.2.9	11
1:6	REV.17.14	10
1:6	2PE.1.10	9
1:6	HEB.3.1	8
1:6	1CO.1.9	7
1:6	ROM.8.28-ROM.8.30	4
1:6	EPH.1.11	4
1:6	2TI.1.9	4
1:6	1PE.2.21	4
1:6	ROM.9.24	3
1:6	GAL.1.6	3
1:6	1TH.2.12	3
1:6	2TH.2.14	3
1:6	COL.1.21	2
1:6	COL.1.6	1
1:7	COL.1.2	12
1:7	JUD.1.1-JUD.1.2	10
1:7	EPH.1.2	8
1:7	2CO.13.14	7
1:7	1TH.1.1	7
1:7	2TH.3.16	6
1:7	2JN.1.3	6
1:7	2TH.2.16-2TH.2.17	5
1:7	2TH.3.18	5
1:7	PHM.1.3	5
1:7	2PE.1.2-2PE.1.3	5
1:7	1CO.1.2-1CO.1.9	4
1:7	PHM.1.25	4
1:7	REV.22.21	4
1:7	ACT.15.23	3
1:7	ROM.5.1	3
1:7	ROM.9.25	3
1:7	1CO.16.23	3
1:7	2CO.1.1-2CO.1.2	3
1:7	2CO.12.8-2CO.12.10	3
1:7	GAL.1.3-GAL.1.4	3
1:7	GAL.6.18	3
1:7	EPH.6.23-PHP.1.2	3
1:7	PHP.4.20	3
1:7	PHP.4.23	3
1:7	COL.3.12	3
1:7	1TH.1.3	3
1:7	1TH.3.11-1TH.3.13	3
1:7	1TH.4.7	3
1:7	1TH.5.28-2TH.1.2	3
1:7	1TI.1.2	3
1:7	2TI.1.2	3
1:7	2TI.4.22	3
1:7	TIT.1.4	3
1:7	1PE.1.1-1PE.1.2	3
1:7	1PE.1.15	3
1:7	1JN.3.1	3
1:7	MAT.6.8-MAT.6.9	2
1:7	ROM.1.6	2
1:7	ROM.8.39	2
1:7	PHP.4.13	2
1:7	COL.3.15	2
1:7	DEU.33.12	1
1:7	PSA.60.5	1
1:7	MAT.5.16	1
1:7	JHN.20.17	1
1:7	ACT.7.59-ACT.7.60	1
1:7	JAS.1.1	1
1:7	REV.1.4-REV.1.5	1
1:7	REV.2.1	1
1:7	SNG.5.1	0
1:7	1TI.6.2	0
1:7	REV.2.8	0
1:7	REV.2.12	0
1:7	REV.2.18	0
1:7	REV.2.29-REV.3.1	0
1:7	REV.3.7	0
1:7	REV.3.14	0
1:7	REV.3.22	0
1:8	ROM.16.19	10
1:8	1CO.1.4	9
1:8	1TH.1.8-1TH.1.9	8
1:8	ROM.6.17	6
1:8	EPH.1.15	5
1:8	PHP.1.3	5
1:8	COL.1.3	5
1:8	1PE.4.11	5
1:8	PHP.1.11	4
1:8	HEB.13.15	4
1:8	1PE.2.5	4
1:8	MAT.24.14	3
1:8	EPH.5.20	3
1:8	LUK.2.1	2
1:8	ACT.11.28	2
1:8	EPH.3.21	2
1:9	EPH.6.18	10
1:9	ROM.9.1	7
1:9	EPH.1.16-EPH.1.19	7
1:9	2TI.1.3	7
1:9	2CO.1.23	4
1:9	1TH.5.17	4
1:9	JHN.4.23-JHN.4.24	3
1:9	ACT.19.21	3
1:9	ACT.27.23	3
1:9	1CO.14.14-1CO.14.15	3
1:9	2CO.11.10-2CO.11.11	3
1:9	EPH.3.14-EPH.3.21	3
1:9	PHP.1.4	3
1:9	PHP.3.3	3
1:9	1TH.1.2	3
1:9	1TH.3.10	3
1:9	1SA.12.23	2
1:9	JOB.16.19	2
1:9	MRK.1.1	2
1:9	LUK.18.1	2
1:9	ACT.3.26	2
1:9	ACT.12.5	2
1:9	ACT.24.14	2
1:9	2CO.11.31	2
1:9	GAL.1.20	2
1:9	PHP.1.8-PHP.1.11	2
1:9	PHP.2.22	2
1:9	COL.1.9-COL.1.13	2
1:9	COL.1.28-COL.1.29	2
1:9	1TH.2.5-1TH.2.10	2
1:9	1TI.2.7	2
1:9	1JN.5.9-1JN.5.12	2
1:9	PHM.1.4	1
1:10	ROM.15.30-ROM.15.32	8
1:10	ACT.18.21	7
1:10	PHM.1.22	6
1:10	JAS.4.15	6
1:10	1TH.2.18	4
1:10	1TH.3.10-1TH.3.11	4
1:10	ACT.19.21	3
1:10	ROM.15.22-ROM.15.24	3
1:10	PHP.4.6	3
1:10	HEB.13.19	3
1:10	ACT.21.14	2
1:10	1CO.4.19	2
1:10	ACT.27.1-ACT.27.28	1
1:11	ROM.16.25	8
1:11	2TH.3.3	8
1:11	2PE.1.12	8
1:11	ROM.15.29	7
1:11	2PE.3.17-2PE.3.18	5
1:11	ACT.8.15-ACT.8.19	4
1:11	2TH.2.17	4
1:11	1PE.5.10	4
1:11	2CH.20.20	3
1:11	ACT.16.5	3
1:11	ACT.19.6	3
1:11	1TH.3.13	3
1:11	1PE.5.12	3
1:11	2SA.13.39	2
1:11	ACT.19.21	2
1:11	ROM.15.23	2
1:11	ROM.15.32	2
1:11	2CO.9.14	2
1:11	GAL.3.2-GAL.3.5	2
1:11	EPH.4.8-EPH.4.12	2
1:11	PHP.1.8	2
1:11	PHP.2.26	2
1:11	PHP.4.1	2
1:11	1TH.3.2	2
1:11	2SA.23.15	1
1:11	1CO.12.1-1CO.12.11	1
1:11	2CO.1.21	1
1:11	2CO.11.4	1
1:11	HEB.13.9	1
1:11	GEN.31.30	0
1:12	1TH.3.7-1TH.3.10	4
1:12	3JN.1.3-3JN.1.4	3
1:12	ROM.15.32	2
1:12	2CO.7.4-2CO.7.7	2
1:12	2CO.7.13	2
1:12	TIT.1.4	2
1:12	2PE.1.1	2
1:12	ACT.11.23	1
1:12	2CO.2.1-2CO.2.3	1
1:12	1TH.2.17-1TH.2.20	1
1:12	2TI.1.4	0
1:12	2JN.1.4	0
1:12	JUD.1.3	0
1:13	ACT.19.21	11
1:13	PHP.4.17	9
1:13	2TI.4.17	8
1:13	1TH.2.18	7
1:13	1TH.4.13	6
1:13	2CO.1.8	5
1:13	ACT.16.6-ACT.16.7	4
1:13	ROM.15.22-ROM.15.28	4
1:13	1CO.10.1	4
1:13	1CO.12.1	4
1:13	JHN.4.36	3
1:13	JHN.15.16	3
1:13	ROM.11.25	3
1:13	COL.1.6	3
1:13	ISA.27.6	2
1:13	JHN.12.24	2
1:13	ACT.14.27	2
1:13	ACT.15.12	2
1:13	ACT.21.19	2
1:13	ROM.15.18-ROM.15.20	2
1:13	1CO.9.2	2
1:13	2CO.1.15-2CO.1.16	2
1:13	2CO.2.14	2
1:13	2CO.10.13-2CO.10.16	2
1:13	1TH.1.8-1TH.1.10	2
1:13	1TH.2.13-1TH.2.14	2
1:13	2TH.2.7	2
1:14	1CO.9.16-1CO.9.23	9
1:14	ACT.9.15	7
1:14	COL.3.11	7
1:14	ACT.22.21	6
1:14	ACT.26.17-ACT.26.18	6
1:14	JAS.3.17-JAS.3.18	6
1:14	ROM.12.16	4
1:14	ISA.35.8	3
1:14	ACT.13.2-ACT.13.4	3
1:14	ROM.1.22	3
1:14	ROM.8.12	3
1:14	ROM.13.8	3
1:14	ROM.16.19	3
1:14	2CO.11.19	3
1:14	EPH.5.15-EPH.5.17	3
1:14	LUK.10.21	2
1:14	ACT.28.2	2
1:14	ACT.28.4	2
1:14	ROM.11.25	2
1:14	1CO.1.19-1CO.1.22	2
1:14	1CO.2.13	2
1:14	1CO.3.18	2
1:14	1CO.14.11	2
1:14	1CO.14.16	2
1:14	2CO.10.12	2
1:14	2TI.2.10	2
1:14	TIT.3.3	2
1:14	PRO.1.22	1
1:14	PRO.8.5	1
1:14	MAT.11.25	1
1:14	1CO.14.23-1CO.14.24	1
1:15	ROM.15.20	6
1:15	ISA.6.8	5
1:15	1CO.9.17	5
1:15	2CO.10.15-2CO.10.16	4
1:15	1KI.8.18	3
1:15	MAT.9.38	3
1:15	JHN.4.34	2
1:15	ACT.21.13	2
1:15	2CO.8.12	2
1:15	MRK.14.8	1
1:15	ROM.12.18	1
1:16	MRK.8.38	117
1:16	2TI.1.8	88
1:16	1PE.4.16	70
1:16	2TI.1.12	64
1:16	PSA.40.9-PSA.40.10	58
1:16	LUK.9.26	57
1:16	1TH.1.5-1TH.1.6	32
1:16	ROM.10.17	29
1:16	1CO.1.18-1CO.1.24	29
1:16	2CO.4.4	29
1:16	1CO.2.2	26
1:16	1CO.2.4	23
1:16	JER.23.29	22
1:16	1CO.15.2	20
1:16	HEB.4.12	20
1:16	2CO.2.14-2CO.2.16	18
1:16	2CO.10.4-2CO.10.5	18
1:16	GAL.1.7	16
1:16	PSA.119.46	15
1:16	ACT.3.26	15
1:16	ROM.2.9	14
1:16	ISA.53.1	13
1:16	LUK.2.10-LUK.2.11	13
1:16	COL.1.5-COL.1.6	11
1:16	1TH.2.13	11
1:16	1TI.1.11	11
1:16	PSA.71.15-PSA.71.16	10
1:16	ROM.15.29	10
1:16	ROM.15.19	9
1:16	1CO.9.12	9
1:16	1CO.9.18	9
1:16	1CO.14.24-1CO.14.25	9
1:16	2CO.2.12	9
1:16	2CO.9.13	9
1:16	ROM.4.11	8
1:16	2TI.1.16	8
1:16	PSA.110.2	5
1:16	JHN.7.35	1
1:17	HAB.2.4	106
1:17	GAL.3.11	76
1:17	HEB.10.38	52
1:17	PHP.3.9	50
1:17	HEB.11.6-HEB.11.7	37
1:17	ROM.9.30	30
1:17	ROM.3.21	28
1:17	ROM.3.3	18
1:17	JHN.3.36	16
1:18	EPH.5.6	39
1:18	1TI.4.1-1TI.4.2	28
1:18	ROM.1.32	24
1:18	COL.3.6	23
1:18	2TH.2.10	18
1:18	ROM.4.15	12
1:18	ROM.5.9	12
1:18	ROM.6.13	12
1:18	JHN.3.19-JHN.3.21	10
1:18	ROM.2.3	9
1:18	ROM.1.19	7
1:18	ROM.1.28	7
1:18	LUK.12.46-LUK.12.47	6
1:18	ACT.24.24-ACT.24.25	6
1:18	ROM.2.15-ROM.2.23	6
1:18	ROM.5.6	5
1:19	ACT.14.16-ACT.14.17	18
1:19	PSA.19.1-PSA.19.6	16
1:19	ROM.1.20	16
1:19	ACT.17.23-ACT.17.30	14
1:19	ISA.40.26	7
1:19	JHN.1.9	5
1:19	JER.10.10-JER.10.13	2
1:20	ROM.1.19	57
1:20	ISA.40.26	44
1:20	PSA.19.1-PSA.19.6	43
1:20	PSA.8.3	41
1:20	PSA.33.6-PSA.33.9	26
1:20	ROM.2.15	17
1:20	JHN.15.22	16
1:20	PSA.104.5	14
1:20	JHN.1.18	14
1:20	PSA.139.13	13
1:20	1TI.1.17	13
1:20	DEU.4.19	12
1:20	PSA.119.90	12
1:20	COL.2.9	12
1:20	ROM.2.1	11
1:20	COL.1.15	11
1:20	HEB.9.14	11
1:20	JER.5.21	10
1:20	ISA.9.6	9
1:20	ISA.26.4	9
1:20	PSA.90.2	8
1:20	ACT.17.29	8
1:20	1TI.6.16	8
1:20	PSA.104.31	7
1:20	PSA.148.8-PSA.148.12	7
1:20	ROM.16.26	7
1:20	DEU.33.27	5
1:20	JOB.31.26-JOB.31.28	3
1:20	HEB.11.27	3
1:21	EPH.4.17-EPH.4.18	31
1:21	2KI.17.15	19
1:21	JER.2.5	14
1:21	2TI.3.2	13
1:21	PSA.50.23	12
1:21	JHN.3.19	9
1:21	REV.14.7	8
1:21	PSA.81.12	7
1:21	1PE.2.9	7
1:21	REV.15.4	7
1:21	JER.16.19	6
1:21	ROM.1.19	6
1:21	HAB.1.15-HAB.1.16	5
1:21	LUK.17.15-LUK.17.18	5
1:21	ROM.1.28	5
1:21	ROM.11.10	5
1:21	PSA.86.9	4
1:21	ISA.60.2	4
1:21	JER.10.3-JER.10.8	4
1:21	JER.10.14-JER.10.15	4
1:21	HOS.2.8	4
1:21	ACT.26.18	4
1:21	GEN.6.5	3
1:21	GEN.8.21	3
1:21	DEU.28.29	3
1:21	ECC.7.29	3
1:21	ISA.44.9-ISA.44.20	3
1:21	ROM.15.9	3
1:21	1PE.1.18	3
1:22	1CO.1.19-1CO.1.21	11
1:22	PRO.26.12	10
1:22	ROM.11.25	8
1:22	PRO.25.14	7
1:22	JER.8.8-JER.8.9	5
1:22	JER.10.14	4
1:22	1CO.3.18-1CO.3.19	4
1:22	ISA.47.10	3
1:22	MAT.6.23	3
1:23	PSA.106.20	19
1:23	JER.2.11	11
1:23	ACT.17.29	10
1:23	1PE.4.3	9
1:23	PSA.115.5-PSA.115.8	8
1:23	ROM.1.25	8
1:23	DEU.5.8	7
1:23	PSA.135.15-PSA.135.18	7
1:23	EZK.8.10	7
1:23	DEU.4.15-DEU.4.18	6
1:23	ISA.40.18	5
1:23	ISA.44.13	5
1:23	ISA.40.26	4
1:23	1CO.12.2	4
1:23	REV.9.20	3
1:24	PSA.81.11-PSA.81.12	41
1:24	ACT.7.42	23
1:24	MAT.15.14	20
1:24	ACT.14.16	20
1:24	2TH.2.10-2TH.2.12	19
1:24	EPH.4.18-EPH.4.19	18
1:24	ROM.1.26-ROM.1.28	16
1:24	LEV.18.22	13
1:24	1CO.6.13	11
1:24	1CO.6.18	11
1:24	1TH.4.4	11
1:24	ACT.17.29-ACT.17.30	9
1:24	HOS.4.17-HOS.4.18	7
1:24	ROM.6.12	7
1:24	2TI.2.20-2TI.2.22	6
1:25	HAB.2.18	19
1:25	JER.13.25	18
1:25	1JN.2.15-1JN.2.16	14
1:25	ISA.44.20	11
1:25	AMO.2.4	10
1:25	2CO.11.31	9
1:25	JER.10.14-JER.10.15	8
1:25	ROM.9.5	8
1:25	ROM.1.23	7
1:25	1JN.5.20	7
1:25	2TI.3.4	6
1:25	MAT.6.24	5
1:25	ROM.1.18	5
1:25	1TH.1.9	4
1:25	PSA.145.1-PSA.145.2	3
1:25	JER.16.19	3
1:25	MAT.10.37	1
1:25	EPH.3.21	1
1:25	1TI.1.11	1
1:25	1TI.1.17	1
1:25	PSA.72.19	0
1:26	JUD.1.7	26
1:26	1TI.1.10	19
1:26	LEV.18.22-LEV.18.28	18
1:26	ROM.1.24	17
1:26	1CO.6.9	16
1:26	EPH.4.19	14
1:26	GEN.19.5	10
1:26	JDG.19.22	9
1:26	EPH.5.12	8
1:26	DEU.23.17-DEU.23.18	6
1:26	ROM.1.28	6
1:26	1TH.4.5	6
1:26	JUD.1.10	4
1:27	LEV.20.13	25
1:27	LEV.18.22	20
1:27	ROM.1.23-ROM.1.24	17
1:28	2TH.2.10-2TH.2.12	35
1:28	ROM.1.21	31
1:28	TIT.1.16	30
1:28	JER.9.6	19
1:28	ROM.1.24	17
1:28	ROM.8.7-ROM.8.8	11
1:28	2TI.3.8	11
1:28	PRO.5.12-PRO.5.13	10
1:28	JOB.21.14-JOB.21.15	9
1:28	JER.4.22	9
1:28	JER.6.30	9
1:28	PRO.1.7	8
1:28	PRO.1.22	8
1:28	PRO.1.29	8
1:28	HOS.4.6	8
1:28	1CO.15.34	8
1:28	2CO.4.4-2CO.4.6	8
1:28	2CO.13.5-2CO.13.7	8
1:28	ROM.1.18	7
1:28	EPH.5.4	7
1:28	2TH.1.8	7
1:28	PRO.17.16	6
1:28	ROM.1.26	6
1:28	ACT.17.23	5
1:28	2PE.3.5	5
1:28	ACT.17.32	4
1:28	2CO.10.5	4
1:28	PHM.1.8	4
1:29	2CO.12.20	7
1:29	PRO.16.28	5
1:29	PSA.41.7	4
1:29	PRO.26.20	4
1:30	2TI.3.2	10
1:30	JUD.1.16	5
1:30	2PE.2.18	4
1:30	ROM.8.7-ROM.8.8	3
1:30	TIT.3.3	3
1:30	JAS.3.5	3
1:30	JAS.4.16	3
1:30	NUM.10.35	2
1:30	DEU.7.10	2
1:30	DEU.21.18-DEU.21.21	2
1:30	DEU.27.16	2
1:30	1KI.20.11	2
1:30	2CH.19.2	2
1:30	2CH.25.19	2
1:30	PSA.49.6	2
1:30	PSA.52.1	2
1:30	PSA.81.15	2
1:30	PSA.94.4	2
1:30	PSA.97.7	2
1:30	PSA.99.8	2
1:30	PSA.106.39	2
1:30	PRO.8.36	2
1:30	PRO.25.23	2
1:30	ECC.7.29	2
1:30	EZK.22.7	2
1:30	MAT.15.4	2
1:30	MAT.16.21	2
1:30	LUK.21.16	2
1:30	JHN.15.23-JHN.15.24	2
1:30	ACT.5.36	2
1:30	ROM.2.17	2
1:30	ROM.2.23	2
1:30	ROM.3.27	2
1:30	2CO.10.15	2
1:30	2TH.2.4	2
1:30	PSA.10.3	1
1:30	PRO.30.17	1
1:30	JHN.7.7	1
1:31	PRO.18.2	6
1:31	2TI.3.3	6
1:31	ROM.3.11	5
1:31	ISA.33.8	3
1:31	JER.4.22	3
1:31	MAT.15.16	3
1:31	2KI.18.14-2KI.18.37	2
1:31	ISA.27.11	2
1:31	ROM.1.20-ROM.1.21	1
1:32	ROM.1.21	16
1:32	ROM.2.1-ROM.2.5	16
1:32	ROM.6.21	14
1:32	PSA.50.18	12
1:32	ROM.1.18	12
1:32	LUK.11.48	10
1:32	ROM.2.21-ROM.2.23	10
1:32	ACT.22.20	9
1:32	HOS.7.3	7
1:32	MRK.14.10-MRK.14.11	7
1:32	ACT.8.1	6
2:1	LUK.6.37	29
2:1	ROM.2.3	26
2:1	JHN.8.7-JHN.8.9	23
2:1	ROM.2.21-ROM.2.23	22
2:1	MAT.7.1-MAT.7.5	18
2:1	ROM.1.18-ROM.1.20	17
2:1	2SA.12.5-2SA.12.7	14
2:1	PSA.50.16-PSA.50.20	12
2:1	ROM.9.20	12
2:1	MAT.23.29-MAT.23.31	10
2:1	JAS.4.11	9
2:1	LUK.19.22	7
2:1	JAS.2.20	7
2:1	ROM.2.26-ROM.2.27	4
2:1	1CO.7.16	4
2:2	PSA.9.7-PSA.9.8	10
2:2	ZEP.3.5	8
2:2	PSA.145.17	7
2:2	PSA.98.9	6
2:2	JER.12.1	6
2:2	PSA.96.13	5
2:2	2TH.1.5-2TH.1.10	5
2:2	REV.16.5	5
2:2	JOB.34.17-JOB.34.19	4
2:2	PSA.9.4	4
2:2	PSA.11.5-PSA.11.7	4
2:2	PSA.36.5-PSA.36.6	4
2:2	ISA.45.19	4
2:2	ISA.45.21	4
2:2	EZK.18.25	4
2:2	EZK.18.29	4
2:2	DAN.4.37	4
2:2	ACT.17.31	4
2:2	ROM.2.5	4
2:2	ROM.3.4-ROM.3.5	4
2:2	ROM.9.14	4
2:2	REV.15.3-REV.15.4	4
2:2	REV.19.2	4
2:2	JOB.34.23	3
2:2	GEN.18.25	2
2:3	PRO.16.5	7
2:3	LUK.12.14	5
2:3	ROM.1.32-ROM.2.1	5
2:3	MAT.23.33	4
2:3	2SA.10.3	3
2:3	JOB.35.2	3
2:3	PSA.50.21	3
2:3	PRO.11.21	3
2:3	EZK.17.15	3
2:3	DAN.10.19	3
2:3	MAT.26.53	3
2:3	LUK.22.58	3
2:3	1TH.5.3	3
2:3	PSA.56.7	2
2:3	EZK.17.18	2
2:3	LUK.22.60	2
2:3	HEB.2.3	2
2:3	HEB.12.25	2
2:4	2PE.3.9	36
2:4	ISA.30.18	23
2:4	EXO.34.6	17
2:4	ROM.9.22-ROM.9.23	16
2:4	TIT.3.4-TIT.3.6	16
2:4	EPH.1.18	12
2:4	PSA.86.15	11
2:4	EPH.2.7	11
2:4	EPH.1.7	10
2:4	ROM.3.25	9
2:4	PSA.86.5	8
2:4	MAT.24.48-MAT.24.49	6
2:4	ROM.11.22	6
2:4	ROM.11.33	6
2:4	2PE.3.15	6
2:4	PSA.78.38	5
2:4	PSA.130.3-PSA.130.4	5
2:4	ECC.8.11	4
2:4	EPH.2.4	4
2:4	PSA.10.11	3
2:4	JER.3.22-JER.3.23	3
2:4	LUK.15.17-LUK.15.19	3
2:4	LUK.19.5-LUK.19.8	3
2:4	PHP.4.19	3
2:4	1TI.6.17	3
2:4	1PE.3.20	3
2:4	2PE.3.3	3
2:4	PSA.104.24	2
2:4	ISA.63.7-ISA.63.10	2
2:4	ROM.6.1	2
2:4	ROM.6.15	2
2:4	COL.1.27	2
2:4	1TI.1.16	2
2:4	REV.3.20	2
2:4	NUM.14.18	1
2:4	JOB.33.27-JOB.33.30	1
2:4	JER.3.12-JER.3.13	1
2:4	JER.7.10	1
2:4	EZK.12.22-EZK.12.23	1
2:4	EZK.16.63	1
2:4	ROM.10.12	1
2:4	EPH.3.8	1
2:4	EPH.3.16	1
2:4	COL.2.2	1
2:4	JON.4.2	0
2:5	ECC.12.14	11
2:5	ROM.1.18	10
2:5	ROM.2.2-ROM.2.3	8
2:5	HEB.3.15	7
2:5	2PE.3.7	6
2:5	JUD.1.6	6
2:5	DEU.32.34	5
2:5	ROM.9.22	5
2:5	1SA.6.6	4
2:5	2CH.30.8	4
2:5	PSA.110.5	4
2:5	ZEC.7.11-ZEC.7.12	4
2:5	HEB.3.13	4
2:5	HEB.4.7	4
2:5	2PE.2.9	4
2:5	EXO.8.15	3
2:5	DEU.2.30	3
2:5	JOS.11.20	3
2:5	2CH.36.13	3
2:5	JOB.21.30	3
2:5	PSA.95.8	3
2:5	PRO.11.4	3
2:5	PRO.29.1	3
2:5	ISA.48.4	3
2:5	EZK.3.7	3
2:5	DAN.5.20	3
2:5	ROM.11.25	3
2:5	JAS.5.3	3
2:5	REV.6.17	3
2:5	EXO.14.17	2
2:5	AMO.3.10	2
2:6	PSA.62.12	32
2:6	JER.32.19	24
2:6	MAT.16.27	19
2:6	2CO.5.10	17
2:6	JER.17.10	16
2:6	REV.20.12	13
2:6	REV.22.12	13
2:6	JOB.34.11	11
2:6	ISA.3.10-ISA.3.11	11
2:6	1CO.3.8	11
2:6	EZK.18.30	10
2:6	GAL.6.7-GAL.6.8	10
2:6	REV.2.23	10
2:6	MAT.25.34-MAT.25.46	9
2:6	1CO.4.5	8
2:6	PRO.24.12	7
2:6	ROM.14.22	6
2:6	PRO.24.2	5
2:7	2TI.4.7-2TI.4.8	14
2:7	LUK.8.15	12
2:7	1CO.15.58	10
2:7	2TI.1.10	10
2:7	1PE.1.7-1PE.1.8	9
2:7	REV.2.10-REV.2.11	9
2:7	ROM.6.23	8
2:7	HEB.10.35-HEB.10.36	8
2:7	2CO.4.16-2CO.4.18	7
2:7	JAS.5.7-JAS.5.8	7
2:7	JOB.17.9	6
2:7	GAL.6.9	6
2:7	PSA.27.14	5
2:7	PSA.37.3	5
2:7	LAM.3.25-LAM.3.26	5
2:7	MAT.24.12-MAT.24.13	5
2:7	ROM.2.10	5
2:7	ROM.8.18	5
2:7	1CO.15.53-1CO.15.54	5
2:7	COL.1.27	5
2:7	PSA.37.34	4
2:7	JHN.5.44	4
2:7	JHN.6.66-JHN.6.69	4
2:7	ROM.8.24-ROM.8.25	4
2:7	ROM.9.23	4
2:7	1JN.2.25	4
2:7	HEB.6.12	3
2:7	HEB.6.15	3
2:7	1PE.4.13-1PE.4.14	3
2:8	2TH.1.8	6
2:8	1TI.6.3-1TI.6.4	6
2:8	JHN.3.18-JHN.3.21	4
2:8	1PE.4.17	4
2:8	PRO.13.10	3
2:8	2TH.2.10-2TH.2.12	3
2:8	REV.16.19	3
2:8	JOB.24.13	2
2:8	PSA.90.11	2
2:8	ISA.50.10	2
2:8	NAM.1.6	2
2:8	ROM.1.18	2
2:8	ROM.6.17	2
2:8	ROM.9.22	2
2:8	ROM.10.16	2
2:8	ROM.15.18	2
2:8	1CO.11.16	2
2:8	TIT.3.9	2
2:8	HEB.3.12-HEB.3.13	2
2:8	HEB.5.9	2
2:8	HEB.10.27	2
2:8	HEB.11.8	2
2:8	REV.14.10	2
2:8	1PE.3.1	1
2:9	1PE.4.17	6
2:9	EZK.18.4	4
2:9	ROM.1.16	4
2:9	ROM.3.29-ROM.3.30	4
2:9	LUK.24.47	3
2:9	ACT.3.26	3
2:9	ACT.13.46-ACT.13.47	3
2:9	ACT.18.5-ACT.18.6	3
2:9	ROM.2.10	3
2:9	ROM.9.24	3
2:9	ROM.15.8-ROM.15.9	3
2:9	EPH.2.11-EPH.2.17	3
2:9	2TH.1.6	3
2:9	PRO.1.27-PRO.1.28	2
2:9	AMO.3.2	2
2:9	MAT.11.20-MAT.11.24	2
2:9	MAT.16.26	2
2:9	LUK.2.30-LUK.2.32	2
2:9	LUK.12.47-LUK.12.48	2
2:9	ACT.11.18	2
2:9	ACT.13.26	2
2:9	ACT.20.21	2
2:9	ACT.26.20	2
2:9	ACT.28.17	2
2:9	ACT.28.28	2
2:9	ROM.4.9-ROM.4.12	2
2:9	ROM.10.12	2
2:9	GAL.2.15-GAL.2.16	2
2:9	GAL.3.28	2
2:9	COL.3.11	2
2:10	ISA.32.17	8
2:10	ISA.26.12	6
2:10	NUM.6.26	5
2:10	1PE.1.7	5
2:10	JOB.22.21	4
2:10	LUK.1.79	4
2:10	ROM.2.7	4
2:10	ROM.8.6	4
2:10	JAS.3.13	4
2:10	JHN.16.33	3
2:10	ROM.2.9	3
2:10	ROM.5.1	3
2:10	GAL.5.6	3
2:10	JAS.2.22	3
2:10	1SA.2.30	2
2:10	PSA.15.2	2
2:10	PSA.29.11	2
2:10	PSA.37.37	2
2:10	PSA.112.6-PSA.112.9	2
2:10	PRO.3.16-PRO.3.17	2
2:10	PRO.4.7-PRO.4.9	2
2:10	PRO.8.18	2
2:10	ISA.48.18	2
2:10	ISA.48.22	2
2:10	ISA.57.19	2
2:10	JER.33.6	2
2:10	MAT.10.13	2
2:10	LUK.9.48	2
2:10	LUK.12.37	2
2:10	LUK.19.42	2
2:10	LUK.22.14	2
2:10	JHN.12.26	2
2:10	ACT.10.35	2
2:10	ROM.9.21	2
2:10	ROM.9.23	2
2:10	ROM.14.17	2
2:10	ROM.15.13	2
2:10	GAL.5.22	2
2:10	PHP.4.7	2
2:10	PRO.11.18	1
2:10	ISA.55.12	1
2:10	JHN.14.27	1
2:10	1PE.5.4	1
2:11	DEU.10.17	35
2:11	ACT.10.34	33
2:11	2CH.19.7	21
2:11	GAL.2.6	19
2:11	DEU.16.19	17
2:11	JOB.34.19	17
2:11	GAL.6.7-GAL.6.8	16
2:11	EPH.6.9	16
2:11	COL.3.25	16
2:11	MAT.22.16	13
2:11	LUK.20.21	11
2:11	1PE.1.17	10
2:11	PRO.24.23-PRO.24.24	9
2:12	1CO.9.21	9
2:12	GAL.3.10	9
2:12	ACT.17.30-ACT.17.31	5
2:12	ROM.2.14-ROM.2.16	5
2:12	GAL.2.16-GAL.2.19	5
2:12	ROM.7.7-ROM.7.11	4
2:12	ROM.8.3	4
2:12	EZK.16.49-EZK.16.50	3
2:12	MAT.11.24	3
2:12	LUK.10.12-LUK.10.15	3
2:12	LUK.12.47-LUK.12.48	3
2:12	ROM.1.32	3
2:12	ROM.3.19-ROM.3.20	3
2:12	2CO.3.7-2CO.3.9	3
2:12	DEU.27.26	2
2:12	MAT.11.22	2
2:12	ROM.1.18-ROM.1.21	2
2:12	ROM.4.15	2
2:12	JAS.2.10	2
2:12	REV.20.12-REV.20.15	2
2:12	JHN.19.11	1
2:12	GAL.3.22	1
2:13	JAS.1.22-JAS.1.25	24
2:13	1JN.3.7	14
2:13	JAS.2.21-JAS.2.25	11
2:13	ROM.2.25	9
2:13	LUK.8.21	8
2:13	GAL.2.16	8
2:13	ROM.10.5	7
2:13	GAL.3.11-GAL.3.12	7
2:13	1JN.2.29	7
2:13	DEU.4.1	4
2:13	DEU.5.1	4
2:13	PSA.143.2	4
2:13	EZK.20.11	4
2:13	MAT.7.21-MAT.7.27	4
2:13	LUK.10.25-LUK.10.29	4
2:13	ACT.13.39	4
2:13	ROM.3.30	4
2:13	ROM.4.2-ROM.4.5	4
2:13	DEU.6.3	3
2:13	DEU.30.12-DEU.30.14	3
2:13	EZK.33.30-EZK.33.33	3
2:13	LUK.18.14	3
2:13	ROM.3.20	3
2:13	ROM.3.23	3
2:13	GAL.5.4	3
2:14	ROM.1.19-ROM.1.20	10
2:14	ROM.2.12	9
2:14	ROM.2.27	8
2:14	ACT.17.30	7
2:14	PSA.147.19-PSA.147.20	6
2:14	ACT.10.35	6
2:14	EPH.2.12	6
2:14	DEU.4.7	4
2:14	ROM.1.32	4
2:14	ROM.3.1-ROM.3.2	4
2:14	ACT.14.16	2
2:14	1CO.11.14	2
2:14	PHP.4.8	2
2:15	2CO.5.11	9
2:15	ROM.1.18-ROM.1.19	7
2:15	2CO.1.12	7
2:15	TIT.1.15	7
2:15	JOB.27.6	6
2:15	ROM.9.1	6
2:15	1TI.4.2	6
2:15	1JN.3.19-1JN.3.21	6
2:15	GEN.3.8-GEN.3.11	4
2:15	GEN.20.5	4
2:15	GEN.42.21-GEN.42.22	4
2:15	1KI.2.44	4
2:15	ECC.7.22	4
2:15	ACT.24.16	4
2:15	JHN.8.9	3
2:15	ACT.23.1	3
2:16	ECC.12.14	18
2:16	1CO.4.5	13
2:16	ACT.17.31	8
2:16	LUK.8.17	7
2:16	ACT.10.42	7
2:16	JHN.5.22-JHN.5.29	6
2:16	ROM.3.6	5
2:16	ROM.14.10-ROM.14.12	5
2:16	1PE.4.5	5
2:16	PSA.98.9	4
2:16	MAT.25.31-MAT.25.46	4
2:16	JHN.12.48	4
2:16	ROM.16.25	4
2:16	2CO.5.10	4
2:16	1TI.1.11	4
2:16	2TI.2.8	4
2:16	2TI.4.1	4
2:16	2PE.2.9	4
2:16	REV.20.11-REV.20.15	4
2:16	PSA.9.7-PSA.9.8	3
2:16	PSA.50.6	3
2:16	PSA.96.13	3
2:16	ECC.3.17	3
2:16	ECC.11.9	3
2:16	MAT.16.27	3
2:16	ROM.2.5	3
2:16	2TI.4.8	3
2:16	HEB.9.27	3
2:16	GEN.18.25	2
2:16	GAL.1.11	2
2:17	ROM.2.23	9
2:17	MIC.3.11	8
2:17	ISA.48.1-ISA.48.2	5
2:17	REV.2.9	4
2:17	MAT.3.9	3
2:17	JHN.5.45	3
2:17	ROM.2.28-ROM.2.29	3
2:17	ROM.9.4-ROM.9.7	3
2:17	ROM.9.32	3
2:17	PSA.135.4	2
2:17	ISA.45.25	2
2:17	JER.7.4-JER.7.10	2
2:17	ZEP.3.11	2
2:17	MAT.8.11-MAT.8.12	2
2:17	LUK.10.28	2
2:17	JHN.7.19	2
2:17	JHN.8.33	2
2:17	JHN.8.41	2
2:17	JHN.9.28-JHN.9.29	2
2:17	2CO.11.22	2
2:17	GAL.2.15	2
2:17	EPH.2.11	2
2:17	PHP.3.3-PHP.3.7	2
2:17	REV.3.1	2
2:17	REV.3.9	2
2:18	1TH.5.21	5
2:18	JAS.4.17	4
2:18	DEU.4.8	3
2:18	PHP.1.10	3
2:18	NEH.9.13-NEH.9.14	2
2:18	PSA.19.8	2
2:18	PSA.119.98-PSA.119.100	2
2:18	PSA.119.104-PSA.119.105	2
2:18	PSA.119.130	2
2:18	PSA.147.19-PSA.147.20	2
2:18	PRO.6.23	2
2:18	LUK.12.47	2
2:18	JHN.13.17	2
2:18	ROM.15.4	2
2:18	1CO.8.1-1CO.8.2	2
2:18	2TI.3.15-2TI.3.17	2
2:18	HEB.5.14	2
2:19	REV.3.17-REV.3.18	4
2:19	PRO.26.12	3
2:19	ISA.5.21	3
2:19	ISA.49.6	3
2:19	ISA.56.10	3
2:19	MAT.5.14	3
2:19	MAT.6.23	3
2:19	MAT.15.14	3
2:19	JHN.9.34	3
2:19	JHN.9.40-JHN.9.41	3
2:19	1CO.4.10	3
2:19	1CO.8.1-1CO.8.2	3
2:19	ISA.49.9-ISA.49.10	2
2:19	MAT.4.16	2
2:19	MAT.23.16-MAT.23.26	2
2:19	MRK.10.15	2
2:19	LUK.1.79	2
2:19	JHN.7.46-JHN.7.49	2
2:19	ACT.26.18	2
2:19	1CO.3.18	2
2:19	PHP.2.15	2
2:20	2TI.3.5	7
2:20	TIT.1.16	6
2:20	2TI.1.13	4
2:20	ROM.6.17	3
2:20	1CO.3.1	3
2:20	MAT.11.25	2
2:20	HEB.5.13	2
2:20	1PE.2.2	2
2:21	1CO.9.27	10
2:21	MAT.23.3-MAT.23.28	9
2:21	LUK.12.47	6
2:21	MIC.3.11	5
2:21	TIT.2.1-TIT.2.7	5
2:21	PSA.50.16-PSA.50.21	4
2:21	LUK.11.46	4
2:21	ISA.56.11	2
2:21	EZK.22.12-EZK.22.13	2
2:21	EZK.22.27	2
2:21	AMO.8.4-AMO.8.6	2
2:21	MAT.21.13	2
2:21	LUK.4.23	2
2:21	LUK.19.22	2
2:21	GAL.6.13	2
2:22	MAL.3.8	4
2:22	MAT.12.39	3
2:22	JER.5.7	2
2:22	JER.7.9-JER.7.10	2
2:22	JER.9.2	2
2:22	EZK.22.11	2
2:22	MAL.1.8	2
2:22	MAL.1.14	2
2:22	MAT.16.4	2
2:22	MRK.11.17	2
2:22	ACT.19.37	2
2:22	JAS.4.4	2
2:23	JAS.4.16-JAS.4.17	6
2:23	ROM.2.17	5
2:23	JHN.5.45	4
2:23	ROM.3.2	4
2:23	ROM.9.4	4
2:23	JER.8.8-JER.8.9	2
2:23	MAT.19.17-MAT.19.20	2
2:23	LUK.10.26-LUK.10.29	2
2:23	LUK.18.11	2
2:23	JHN.9.28-JHN.9.29	2
2:23	JAS.1.22-JAS.1.27	2
2:24	EZK.36.20-EZK.36.23	49
2:24	ISA.52.5	22
2:24	2PE.2.2	14
2:24	LAM.2.15-LAM.2.16	4
2:24	2SA.12.14	3
2:24	TIT.2.8	3
2:24	1TI.6.1	1
2:24	TIT.2.5	1
2:24	MAT.18.7	0
2:25	JER.4.4	7
2:25	GAL.5.3-GAL.5.6	7
2:25	ACT.7.51	6
2:25	GAL.6.15	6
2:25	DEU.30.6	4
2:25	JER.9.25-JER.9.26	4
2:25	ROM.2.23	3
2:25	ROM.2.28-ROM.3.2	3
2:25	EPH.2.11-EPH.2.12	2
2:25	ROM.4.11-ROM.4.12	1
2:26	COL.2.11	9
2:26	1CO.7.18-1CO.7.19	6
2:26	ROM.8.4	5
2:26	ISA.56.6-ISA.56.7	2
2:26	MAT.8.11-MAT.8.12	2
2:26	MAT.15.28	2
2:26	ACT.10.2-ACT.10.4	2
2:26	ACT.10.34-ACT.10.35	2
2:26	ACT.11.3-ACT.11.18	2
2:26	ROM.3.30	2
2:26	EPH.2.11	2
2:26	PHP.3.3	2
2:27	MAT.12.41-MAT.12.42	4
2:27	ROM.2.29	3
2:27	ROM.7.6-ROM.7.8	3
2:27	ROM.8.4	3
2:27	2CO.3.6	3
2:27	EZK.16.48-EZK.16.52	2
2:27	MAT.3.15	2
2:27	MAT.5.17-MAT.5.20	2
2:27	ACT.13.22	2
2:27	ROM.2.20	2
2:27	ROM.13.10	2
2:27	GAL.5.14	2
2:27	HEB.11.3	2
2:28	GAL.6.15	14
2:28	MAT.3.9	8
2:28	ROM.9.6-ROM.9.8	6
2:28	REV.2.9	6
2:28	ISA.48.1-ISA.48.2	5
2:28	ROM.4.10-ROM.4.12	5
2:28	HOS.1.6-HOS.1.9	4
2:28	PSA.73.1	3
2:28	ISA.1.9-ISA.1.15	3
2:28	JER.9.26	3
2:28	JHN.1.47	3
2:28	JHN.8.37-JHN.8.39	3
2:28	1PE.3.21	3
2:28	ROM.2.17	2
2:29	DEU.30.6	33
2:29	PHP.3.3	29
2:29	DEU.10.16	26
2:29	COL.2.11-COL.2.12	20
2:29	JER.4.4	16
2:29	1TH.2.4	11
2:29	1CO.4.5	10
2:29	2CO.10.18	10
2:29	1PE.3.4	10
2:29	ROM.7.6	7
2:29	ROM.2.27	6
2:29	1CH.29.17	5
2:29	JER.4.14	5
2:29	LUK.11.39	5
2:29	JHN.5.44	5
2:29	JHN.12.43	5
2:29	ROM.14.17	5
2:29	2CO.3.6	5
2:29	1SA.16.7	4
2:29	MAT.23.25-MAT.23.28	4
2:29	LUK.17.21	4
2:29	JHN.3.5-JHN.3.8	3
2:29	JHN.4.23	3
2:29	PSA.45.13	0
3:1	GEN.25.32	4
3:1	ROM.2.25-ROM.2.29	4
3:1	ECC.6.8	3
3:1	ECC.6.11	3
3:1	HEB.13.9	2
3:1	ISA.1.11-ISA.1.15	1
3:1	MAL.3.14	1
3:1	1CO.15.32	1
3:2	ACT.7.38	8
3:2	ROM.9.4	8
3:2	NEH.9.13-NEH.9.14	7
3:2	PSA.147.19-PSA.147.20	7
3:2	1CO.9.17	6
3:2	HEB.5.12	6
3:2	1PE.4.11	6
3:2	PSA.78.4-PSA.78.7	5
3:2	EZK.20.11-EZK.20.12	5
3:2	ROM.11.15-ROM.11.23	5
3:2	2TI.3.15-2TI.3.17	5
3:2	2PE.1.19-2PE.1.21	5
3:2	DEU.4.7-DEU.4.8	4
3:2	REV.22.6	4
3:2	ISA.8.20	3
3:2	DAN.10.21	3
3:2	LUK.16.29-LUK.16.31	3
3:2	JHN.5.39	3
3:2	ROM.1.2	3
3:2	ROM.2.18	3
3:2	ROM.3.3	3
3:2	ROM.11.1-ROM.11.2	3
3:2	ROM.11.28-ROM.11.29	3
3:2	2CO.5.19	3
3:2	GAL.2.7	3
3:2	1TI.6.20	3
3:2	REV.19.10	3
3:2	PSA.119.140	2
3:3	2TI.2.13	27
3:3	HEB.4.2	17
3:3	ROM.9.6	12
3:3	ISA.55.11	6
3:3	TIT.1.1-TIT.1.2	6
3:3	NUM.23.19	5
3:3	1SA.15.29	5
3:3	PSA.84.7	5
3:3	ROM.10.16	5
3:3	ROM.11.1-ROM.11.7	5
3:3	2TH.1.3	5
3:3	ISA.54.9-ISA.54.10	4
3:3	JER.33.24-JER.33.26	4
3:3	MAT.24.35	4
3:3	2CO.3.18	4
3:3	ISA.65.15-ISA.65.16	3
3:3	JHN.1.16	3
3:3	ROM.11.29	3
3:3	HEB.6.13-HEB.6.18	2
3:4	PSA.51.4	97
3:4	PSA.116.11	30
3:4	GAL.2.17	16
3:4	HEB.6.18	14
3:4	DEU.32.4	13
3:4	TIT.1.2	13
3:4	JHN.3.33	11
3:4	JOB.36.3	10
3:4	PSA.119.160	8
3:4	PSA.138.2	8
3:4	REV.3.7	8
3:4	ROM.9.14	7
3:4	GAL.2.21	7
3:4	1JN.5.20	7
3:4	JOB.40.8	6
3:4	PSA.100.5	6
3:4	MIC.7.20	6
3:4	1JN.5.10	6
3:4	MAT.11.19	5
3:4	ROM.3.31	5
3:4	ROM.6.15	4
3:4	ROM.11.1	4
3:4	GAL.6.14	4
3:4	LUK.20.16	3
3:4	ROM.3.6-ROM.3.7	3
3:4	ROM.6.2	3
3:4	ROM.7.7	3
3:4	ROM.11.11	3
3:4	2CO.1.18	3
3:4	PSA.62.9	2
3:4	ROM.7.13	2
3:5	ROM.6.19	8
3:5	GAL.3.15	7
3:5	ROM.2.5	4
3:5	ROM.9.18-ROM.9.20	4
3:5	1CO.9.8	4
3:5	DEU.32.39-DEU.32.43	3
3:5	NAM.1.2	3
3:5	ROM.4.1	3
3:5	ROM.7.7	3
3:5	PSA.94.1-PSA.94.2	2
3:5	NAM.1.6-NAM.1.8	2
3:5	ROM.3.7	2
3:5	ROM.3.19	2
3:5	ROM.3.25-ROM.3.26	2
3:5	ROM.6.1	2
3:5	ROM.8.20-ROM.8.21	2
3:5	ROM.9.13-ROM.9.14	2
3:5	ROM.12.19	2
3:5	1CO.15.32	2
3:5	2TH.1.6-2TH.1.9	2
3:5	REV.15.3	2
3:5	REV.16.5-REV.16.7	2
3:5	REV.18.20	2
3:5	PSA.58.10-PSA.58.11	1
3:6	GEN.18.25	7
3:6	ACT.17.31	5
3:6	JOB.8.3	4
3:6	JOB.34.17-JOB.34.19	2
3:6	PSA.9.8	2
3:6	PSA.50.6	2
3:6	PSA.96.13	2
3:6	PSA.98.9	2
3:6	ROM.2.16	2
3:6	PSA.11.5-PSA.11.7	1
3:7	ROM.3.4	5
3:7	ROM.9.19-ROM.9.20	3
3:7	ACT.13.27-ACT.13.29	2
3:7	2KI.8.10-2KI.8.15	1
3:7	ISA.10.6-ISA.10.7	1
3:7	MAT.26.34	1
3:7	MAT.26.69-MAT.26.75	1
3:7	GEN.37.8-GEN.37.9	0
3:7	GEN.37.20	0
3:7	GEN.44.1-GEN.44.14	0
3:7	GEN.50.18-GEN.50.20	0
3:7	EXO.3.19	0
3:7	EXO.14.5	0
3:7	EXO.14.30	0
3:7	1KI.13.17-1KI.13.18	0
3:7	1KI.13.26-1KI.13.32	0
3:7	ACT.2.23	0
3:8	ROM.6.1	11
3:8	ROM.6.15	7
3:8	ROM.5.20	3
3:8	ROM.7.7	3
3:8	1PE.3.16-1PE.3.17	2
3:8	JUD.1.4	2
3:8	MAT.5.11	1
3:9	GAL.3.22	10
3:9	ROM.6.15	6
3:9	ISA.65.5	5
3:9	ROM.3.22-ROM.3.23	4
3:9	ROM.11.32	4
3:9	ROM.3.19	3
3:9	LUK.7.39	2
3:9	LUK.18.9-LUK.18.14	2
3:9	ROM.1.18-ROM.2.29	2
3:9	ROM.3.5	2
3:9	ROM.11.7	2
3:9	1CO.4.7	2
3:9	1CO.14.15	2
3:9	GAL.3.10	2
3:9	PHP.1.18	2
3:9	1CO.10.19	1
3:10	PSA.53.1-PSA.53.3	58
3:10	PSA.14.1-PSA.14.3	50
3:10	ROM.3.23	35
3:10	1JN.1.8-1JN.1.10	30
3:10	JOB.15.14	25
3:10	JOB.25.4	19
3:10	MRK.7.21-MRK.7.22	18
3:10	MRK.10.18	17
3:10	MAT.15.19	16
3:10	JER.17.9	15
3:10	TIT.3.3	15
3:10	EPH.5.3-EPH.5.6	12
3:10	1TI.1.9-1TI.1.10	10
3:10	JOB.14.4	9
3:10	GAL.5.19-GAL.5.21	9
3:10	COL.3.5-COL.3.9	9
3:10	2TI.3.2-2TI.3.5	9
3:10	1PE.1.16	9
3:10	ROM.3.4	6
3:10	EPH.2.1-EPH.2.3	6
3:10	JOB.15.16	5
3:10	1CO.6.9-1CO.6.10	5
3:10	REV.22.15	4
3:10	REV.21.8	3
3:10	ISA.8.20	2
3:10	ROM.11.8	1
3:10	ROM.15.3-ROM.15.4	1
3:11	PSA.14.2-PSA.14.4	32
3:11	PSA.53.2	25
3:11	TIT.3.3	9
3:11	HOS.4.6	8
3:11	ROM.8.7	7
3:11	HOS.7.10	6
3:11	ISA.31.1	5
3:11	ISA.55.6	5
3:11	ISA.65.1	5
3:11	JER.4.22	5
3:11	PRO.1.22	4
3:11	PRO.1.29-PRO.1.30	4
3:11	MAT.13.19	4
3:11	1JN.5.20	4
3:11	PRO.1.7	3
3:11	ISA.9.13	3
3:11	MAT.13.13-MAT.13.14	3
3:11	ROM.1.22	3
3:11	JOB.21.15-JOB.21.16	2
3:11	PSA.94.8	2
3:11	ISA.27.11	2
3:11	ROM.1.28	2
3:11	PSA.53.4	1
3:12	PSA.14.3	17
3:12	ECC.7.20	11
3:12	ISA.59.8	9
3:12	ISA.64.6	9
3:12	ISA.53.6	8
3:12	ECC.7.29	7
3:12	EPH.2.3	4
3:12	1PE.2.25	4
3:12	PHM.1.11	3
3:12	GEN.1.31	2
3:12	EPH.2.8-EPH.2.10	2
3:12	GEN.6.6-GEN.6.7	1
3:12	EXO.32.8	1
3:12	PSA.53.1	1
3:12	JER.2.13	1
3:12	MAT.25.30	1
3:12	PHP.2.12-PHP.2.13	1
3:12	TIT.2.13-TIT.2.14	1
3:12	JAS.1.16-JAS.1.17	1
3:13	PSA.5.9	27
3:13	PSA.140.3	23
3:13	MAT.23.27-MAT.23.28	8
3:13	PSA.57.4	7
3:13	JER.9.3-JER.9.5	7
3:13	PSA.52.2	6
3:13	ISA.59.3	6
3:13	EZK.13.7	6
3:13	MAT.12.34-MAT.12.35	6
3:13	JAS.3.5-JAS.3.8	6
3:13	PSA.36.3	5
3:13	JER.5.16	5
3:13	ROM.3.4	5
3:13	DEU.32.33	4
3:13	PSA.12.3-PSA.12.4	4
3:13	JOB.20.14-JOB.20.16	3
3:14	PSA.10.7	20
3:14	PSA.109.17-PSA.109.18	5
3:14	PSA.59.12	4
3:14	JAS.3.10	2
3:15	ISA.59.7-ISA.59.8	20
3:15	PRO.1.16	16
3:15	PRO.6.18	9
3:17	ISA.59.8	16
3:17	ROM.5.1	6
3:17	LUK.1.79	4
3:17	MAT.7.14	2
3:17	ISA.57.21	1
3:18	PSA.36.1	20
3:18	PRO.23.17	5
3:18	PRO.16.6	4
3:18	PRO.8.13	3
3:18	GEN.20.11	2
3:18	LUK.23.40	2
3:18	REV.19.5	2
3:19	GAL.3.10	16
3:19	GAL.3.22-GAL.3.23	14
3:19	ROM.2.12-ROM.2.18	11
3:19	ROM.3.9	11
3:19	GAL.5.18	10
3:19	EZK.16.63	9
3:19	ROM.3.23	8
3:19	1CO.1.29	8
3:19	JOB.9.2-JOB.9.3	7
3:19	PSA.107.42	6
3:19	GAL.4.5	6
3:19	1SA.2.9	5
3:19	JOB.5.16	5
3:19	JHN.8.9	5
3:19	ROM.1.20	5
3:19	ROM.2.1-ROM.2.2	5
3:19	ROM.3.4	5
3:19	GAL.4.21	5
3:19	MAT.22.12-MAT.22.13	4
3:19	JHN.10.34-JHN.10.35	4
3:19	JHN.15.25	4
3:19	ROM.3.2	4
3:19	1CO.9.20-1CO.9.21	4
3:20	GAL.2.16	31
3:20	ACT.13.39	23
3:20	ROM.3.28	21
3:20	GAL.2.19	18
3:20	ROM.4.15	17
3:20	ROM.4.13	12
3:20	ROM.5.20	12
3:20	ROM.9.32	12
3:20	GAL.3.10-GAL.3.13	10
3:20	PSA.143.2	9
3:20	ROM.7.7-ROM.7.9	9
3:20	EPH.2.8-EPH.2.9	8
3:20	GAL.5.4	7
3:20	JOB.25.4-JOB.25.5	6
3:20	PSA.130.3	6
3:20	TIT.3.5-TIT.3.7	6
3:20	ROM.5.13	5
3:20	JAS.2.9-JAS.2.10	5
3:20	JAS.2.20-JAS.2.26	5
3:20	ROM.2.13	4
3:20	JOB.15.15	3
3:21	ACT.10.43	18
3:21	JER.33.16	13
3:21	PHP.3.9	12
3:21	JER.23.5-JER.23.6	10
3:21	ISA.51.8	8
3:21	ISA.61.10	8
3:21	GAL.3.8	8
3:21	ISA.46.13	7
3:21	ROM.5.19	7
3:21	ROM.10.3-ROM.10.4	7
3:21	HEB.10.1-HEB.10.14	7
3:21	ACT.15.11	6
3:21	ROM.1.17	6
3:21	DEU.18.15-DEU.18.19	5
3:21	JHN.3.14-JHN.3.15	5
3:21	JHN.5.46-JHN.5.47	5
3:21	ROM.1.2	5
3:21	HEB.11.4-HEB.11.40	5
3:21	ISA.45.24-ISA.45.25	4
3:21	LUK.24.44	4
3:21	GEN.15.6	3
3:21	ISA.54.17	3
3:21	DAN.9.24	3
3:21	JHN.1.45	3
3:21	ACT.3.21-ACT.3.25	3
3:21	ACT.26.22	3
3:21	ROM.16.26	3
3:21	GAL.5.5	3
3:21	1PE.1.10	3
3:21	2PE.1.1	3
3:21	ACT.28.23	2
3:21	ROM.5.21	2
3:21	ROM.9.30	2
3:21	1CO.1.30	2
3:21	2CO.5.21	2
3:22	ROM.10.12	22
3:22	GAL.3.28	18
3:22	ROM.8.1	14
3:22	GAL.2.16	14
3:22	ROM.5.1-ROM.5.11	11
3:22	COL.3.11	10
3:22	GAL.3.6-GAL.3.9	8
3:22	PHP.3.9	7
3:22	MAT.22.11-MAT.22.12	5
3:22	ROM.2.1	5
3:22	ROM.4.20-ROM.4.22	5
3:22	ISA.61.10	4
3:22	ACT.15.9	3
3:22	JAS.2.23	3
3:22	ROM.4.3-ROM.4.13	2
3:22	LUK.15.22	1
3:22	ROM.9.30	1
3:22	1CO.4.7	0
3:23	ECC.7.20	250
3:23	1JN.1.8-1JN.1.10	148
3:23	ROM.3.9	65
3:23	GAL.3.22	64
3:23	ROM.11.32	42
3:23	ROM.3.19	29
3:23	1TH.2.12	26
3:23	2TH.2.14	22
3:23	ROM.5.2	19
3:23	1PE.4.13	19
3:23	ROM.1.28-ROM.2.16	18
3:23	1PE.5.10	14
3:23	HEB.4.1	10
3:23	1PE.5.1	8
3:24	1PE.1.18-1PE.1.19	36
3:24	TIT.3.5-TIT.3.7	23
3:24	COL.1.14	20
3:24	EPH.1.6-EPH.1.7	17
3:24	ROM.5.9	13
3:24	TIT.2.14	13
3:24	ROM.4.16	12
3:24	1CO.1.30	11
3:24	MAT.20.28	8
3:24	EPH.2.7-EPH.2.10	7
3:24	ROM.5.16-ROM.5.19	6
3:24	1CO.6.11	6
3:24	1TI.2.6	6
3:24	REV.5.9	5
3:24	HEB.9.2-HEB.9.15	3
3:24	ISA.53.11	2
3:24	REV.7.14	1
3:24	ROM.4.4	0
3:25	ROM.3.23-ROM.3.24	35
3:25	1PE.1.18-1PE.1.20	33
3:25	1JN.4.10	19
3:25	1JN.2.2	17
3:25	ROM.5.9	12
3:25	COL.1.20-COL.1.23	12
3:25	HEB.9.14-HEB.9.22	12
3:25	ACT.13.38-ACT.13.39	11
3:25	ACT.17.30	11
3:25	HEB.10.4	10
3:25	EXO.25.17-EXO.25.22	9
3:25	LEV.16.15	9
3:25	PSA.22.31	9
3:25	HEB.10.19-HEB.10.20	9
3:25	HEB.11.7	9
3:25	HEB.11.39-HEB.11.40	9
3:25	REV.13.8	9
3:25	ROM.5.1	8
3:25	PSA.119.142	7
3:25	JHN.6.53-JHN.6.58	7
3:25	ROM.4.1-ROM.4.8	7
3:25	HEB.9.25-HEB.9.26	7
3:25	HEB.11.14	7
3:25	REV.5.9	7
3:25	REV.20.15	7
3:25	ACT.3.18	6
3:25	ACT.4.28	6
3:25	ROM.2.4	6
3:25	ROM.3.26	6
3:25	ROM.5.11	6
3:25	HEB.9.5	6
3:25	HEB.11.17	6
3:25	1JN.1.10	6
3:25	ACT.2.23	5
3:25	ACT.15.18	5
3:25	1TI.1.15	5
3:25	PSA.40.10	4
3:25	PSA.50.6	4
3:25	PSA.97.6	4
3:25	ISA.53.11	3
3:25	JHN.6.47	3
3:26	DEU.32.4	11
3:26	ROM.4.5	8
3:26	ACT.13.38-ACT.13.39	5
3:26	ROM.3.30	4
3:26	PSA.85.10-PSA.85.11	3
3:26	ISA.42.21	3
3:26	ZEP.3.5	3
3:26	ROM.8.33	3
3:26	ZEP.3.15	2
3:26	REV.15.3	2
3:26	ISA.45.21	1
3:26	ZEC.9.9	1
3:26	GAL.3.8-GAL.3.14	1
3:27	ROM.4.2	11
3:27	ROM.2.23	10
3:27	1CO.1.29-1CO.1.31	8
3:27	ROM.2.17	4
3:27	GAL.3.22	4
3:27	EPH.2.8-EPH.2.10	4
3:27	ZEP.3.11	3
3:27	ROM.7.21	3
3:27	1JN.5.11-1JN.5.12	3
3:27	EZK.16.62-EZK.16.63	2
3:27	EZK.36.31-EZK.36.32	2
3:27	MRK.16.16	2
3:27	LUK.18.9-LUK.18.14	2
3:27	JHN.3.36	2
3:27	ROM.3.19	2
3:27	ROM.7.23	2
3:27	ROM.7.25	2
3:27	ROM.8.2	2
3:27	ROM.9.11	2
3:27	ROM.9.32	2
3:27	ROM.11.6	2
3:27	1CO.4.7	2
3:27	GAL.2.16	2
3:27	ROM.10.5	1
3:28	TIT.3.7	11
3:28	GAL.2.16	10
3:28	GAL.3.8	10
3:28	GAL.3.24	10
3:28	ROM.3.26	7
3:28	ROM.4.5	6
3:28	ROM.8.3	6
3:28	PHP.3.9	6
3:28	JAS.2.24	6
3:28	JHN.5.24	4
3:28	JHN.6.40	4
3:28	ACT.13.38-ACT.13.39	4
3:28	ROM.3.20-ROM.3.22	4
3:28	ROM.5.1	4
3:28	1CO.6.11	4
3:28	GAL.3.11-GAL.3.14	4
3:28	EPH.2.9	4
3:28	JHN.3.14-JHN.3.18	2
3:29	COL.3.11	10
3:29	ZEC.2.11	7
3:29	EPH.3.6	7
3:29	ROM.9.24-ROM.9.26	6
3:29	GAL.3.14	6
3:29	GAL.3.25-GAL.3.29	6
3:29	ZEC.8.20-ZEC.8.23	4
3:29	JER.16.19	3
3:29	MRK.16.15-MRK.16.16	3
3:29	LUK.24.46-LUK.24.47	3
3:29	ROM.1.16	3
3:29	ROM.10.12	3
3:29	ROM.15.9-ROM.15.13	3
3:29	ROM.15.16	3
3:29	GEN.17.7-GEN.17.8	2
3:29	GEN.17.18	2
3:29	PSA.22.7	2
3:29	PSA.67.2	2
3:29	PSA.72.17	2
3:29	ISA.19.23-ISA.19.25	2
3:29	ISA.54.5	2
3:29	JER.31.33	2
3:29	HOS.1.10	2
3:29	MAL.1.11	2
3:29	MAT.22.32	2
3:29	MAT.28.19	2
3:29	ACT.9.15	2
3:29	ACT.22.21	2
3:29	ACT.26.17	2
3:29	ROM.11.12-ROM.11.13	2
3:30	GAL.3.8	9
3:30	GAL.3.20	8
3:30	PHP.3.3	6
3:30	COL.2.10-COL.2.11	5
3:30	ROM.4.11-ROM.4.12	4
3:30	GAL.2.14-GAL.2.16	4
3:30	GAL.5.6	4
3:30	GAL.6.15	4
3:30	ROM.3.28	3
3:30	GAL.3.28	3
3:30	ROM.10.12-ROM.10.13	2
3:31	GAL.2.21	13
3:31	MAT.5.17	12
3:31	ROM.10.4	8
3:31	ROM.13.8-ROM.13.10	8
3:31	ROM.8.4	7
3:31	1CO.9.21	7
3:31	ROM.7.7-ROM.7.14	6
3:31	JER.8.8-JER.8.9	5
3:31	GAL.3.17-GAL.3.19	5
3:31	ROM.4.14	4
3:31	JAS.2.8-JAS.2.12	4
3:31	PSA.40.8	3
3:31	PSA.119.126	3
3:31	ISA.42.21	3
3:31	JER.31.33-JER.31.34	3
3:31	MAT.3.15	3
3:31	MAT.5.20	3
3:31	MAT.15.6	3
3:31	ROM.3.4	3
3:31	ROM.7.22	3
3:31	ROM.7.25	3
3:31	GAL.2.19	3
3:31	GAL.5.18-GAL.5.23	2
3:31	HEB.10.15-HEB.10.16	2
4:1	ISA.51.2	12
4:1	ROM.4.16	8
4:1	JHN.8.56	4
4:1	ACT.13.26	4
4:1	2CO.11.22	4
4:1	MAT.3.9	3
4:1	LUK.3.8	3
4:1	ROM.7.7	3
4:1	LUK.16.24-LUK.16.25	2
4:1	LUK.16.29-LUK.16.31	2
4:1	JHN.8.33	2
4:1	JHN.8.37-JHN.8.41	2
4:1	JHN.8.53	2
4:1	ROM.8.31	2
4:1	ROM.6.1	1
4:1	HEB.12.9	1
4:2	1CO.1.31	11
4:2	2CO.11.30	9
4:2	PHP.3.9	8
4:2	GAL.3.22	6
4:2	EPH.2.9	6
4:2	ROM.3.20-ROM.3.28	5
4:2	1CO.1.29	5
4:2	1CO.9.16	5
4:2	2CO.12.1-2CO.12.9	5
4:2	GAL.6.13-GAL.6.14	5
4:2	GEN.12.12-GEN.12.13	3
4:2	GEN.12.18	3
4:2	JER.9.23-JER.9.24	3
4:2	ROM.15.17	3
4:2	2CO.5.12	3
4:2	GEN.12.20	2
4:2	GEN.20.9-GEN.20.13	2
4:2	JOS.24.2	2
4:2	EZK.8.9	2
4:2	1CO.4.7	2
4:2	2CO.11.12	2
4:3	GEN.15.6	35
4:3	JAS.2.23	21
4:3	GAL.3.6-GAL.3.8	16
4:3	ROM.4.9	15
4:3	ROM.4.22-ROM.4.25	13
4:3	ROM.4.5	10
4:3	PSA.106.31	7
4:3	ROM.4.11	7
4:3	ROM.11.2	5
4:3	ROM.10.11	4
4:3	ROM.9.17	2
4:3	MRK.12.10	1
4:3	2PE.1.20-2PE.1.21	1
4:3	ISA.8.20	0
4:3	JAS.4.5	0
4:4	ROM.11.6	12
4:4	ROM.9.32	6
4:4	ROM.11.35	4
4:4	MAT.20.1-MAT.20.16	2
4:5	PHP.3.9	24
4:5	ROM.3.22	20
4:5	TIT.3.3-TIT.3.7	17
4:5	ROM.10.9-ROM.10.10	12
4:5	GAL.3.8-GAL.3.14	11
4:5	ROM.10.3	10
4:5	GAL.2.16-GAL.2.17	9
4:5	1CO.6.9-1CO.6.11	7
4:5	JHN.5.24	6
4:5	JHN.6.29	6
4:5	ROM.1.17-ROM.1.18	6
4:5	ACT.13.38-ACT.13.39	5
4:5	ROM.4.3	5
4:5	ROM.4.24-ROM.5.2	5
4:5	ROM.3.26-ROM.3.30	4
4:5	ROM.5.6-ROM.5.8	4
4:5	ROM.8.30-ROM.8.34	3
4:5	HAB.2.4	2
4:5	1TI.1.13-1TI.1.15	2
4:5	JOS.24.2	0
4:5	ZEC.3.3-ZEC.3.4	0
4:6	EPH.2.8-EPH.2.10	8
4:6	PHP.3.9	8
4:6	2TI.1.9	8
4:6	GAL.3.8-GAL.3.9	7
4:6	1CO.1.30	6
4:6	2CO.5.21	5
4:6	ISA.45.24-ISA.45.25	4
4:6	ROM.3.20-ROM.3.22	4
4:6	ROM.5.18-ROM.5.19	4
4:6	PSA.112.1	3
4:6	PSA.146.5-PSA.146.6	3
4:6	ISA.54.17	3
4:6	JER.22.6	3
4:6	JER.33.16	3
4:6	ROM.1.17	3
4:6	ROM.4.11	3
4:6	GAL.3.14	3
4:6	EPH.1.3	3
4:6	PSA.1.1-PSA.1.3	2
4:6	MAT.5.3-MAT.5.12	2
4:6	ROM.3.27	2
4:6	ROM.4.9	2
4:6	ROM.4.24	2
4:6	GAL.4.15	2
4:6	2PE.1.1	2
4:6	DEU.33.29	1
4:6	DAN.9.24	1
4:7	PSA.32.1-PSA.32.2	53
4:7	PSA.130.3-PSA.130.4	17
4:7	LUK.7.47-LUK.7.50	14
4:7	PSA.85.2	11
4:7	MIC.7.18-MIC.7.20	11
4:7	PSA.51.8-PSA.51.9	10
4:7	ISA.40.1-ISA.40.2	10
4:7	JER.33.8-JER.33.9	9
4:7	MAT.9.2	9
4:8	PSA.32.2	15
4:8	1PE.2.24	10
4:8	2CO.5.19-2CO.5.20	7
4:8	1PE.3.18	3
4:8	ISA.53.10-ISA.53.12	2
4:8	PHM.1.18-PHM.1.19	0
4:9	GAL.3.14	6
4:9	COL.3.11	4
4:9	ROM.4.3	3
4:9	GAL.3.26-GAL.3.28	3
4:9	EPH.3.8	3
4:9	ROM.3.29-ROM.3.30	2
4:9	ROM.10.12-ROM.10.13	2
4:9	ROM.15.8-ROM.15.19	2
4:9	EPH.2.11-EPH.2.13	2
4:9	ISA.49.6	1
4:9	LUK.2.32	1
4:9	ROM.9.23-ROM.9.24	1
4:10	GAL.6.15	4
4:10	GAL.5.6	3
4:10	GEN.15.5-GEN.15.6	2
4:10	GEN.15.16	2
4:10	GEN.16.1-GEN.16.3	2
4:10	GEN.17.1	2
4:10	GEN.17.10	2
4:10	GEN.17.23-GEN.17.27	2
4:10	1CO.7.18-1CO.7.19	2
4:11	LUK.19.9	9
4:11	ROM.3.22	9
4:11	2CO.1.22	5
4:11	HEB.11.7	5
4:11	JHN.6.35	4
4:11	ROM.10.4	4
4:11	ROM.10.6	4
4:11	ROM.10.11	4
4:11	GAL.3.7	4
4:11	GAL.3.22	4
4:11	GAL.3.29	4
4:11	GAL.5.5	4
4:11	GAL.6.16	4
4:11	EPH.1.13	4
4:11	EPH.4.30	4
4:11	PHP.3.9	4
4:11	GEN.17.10-GEN.17.11	3
4:11	EXO.12.13	3
4:11	EXO.31.13	3
4:11	EXO.31.17	3
4:11	DEU.30.6	3
4:11	EZK.20.12	3
4:11	EZK.20.20	3
4:11	MAT.8.11	3
4:11	MAT.16.16	3
4:11	JHN.3.15-JHN.3.16	3
4:11	JHN.3.36	3
4:11	JHN.6.40	3
4:11	JHN.6.47	3
4:11	JHN.7.38-JHN.7.39	3
4:11	JHN.8.33	3
4:11	JHN.11.25-JHN.11.26	3
4:11	ROM.2.28-ROM.2.29	3
4:11	ROM.3.26	3
4:11	ROM.9.6	3
4:11	ROM.9.30	3
4:11	2PE.1.1	3
4:11	REV.9.4	3
4:11	ROM.4.12-ROM.4.13	2
4:11	ROM.4.16-ROM.4.18	2
4:11	ROM.9.33	2
4:12	PRO.2.20	3
4:12	SNG.1.8	3
4:12	JHN.8.39-JHN.8.40	3
4:12	2CO.12.18	2
4:12	GAL.4.22-GAL.4.31	2
4:12	1PE.2.21	2
4:12	JOB.33.11	1
4:12	LUK.16.23-LUK.16.31	1
4:12	ROM.9.6-ROM.9.7	1
4:12	MAT.3.9	0
4:13	GAL.3.29	25
4:13	GEN.28.14	13
4:13	GEN.22.17-GEN.22.18	12
4:13	ROM.9.8	12
4:13	PSA.2.8	11
4:13	GEN.17.4-GEN.17.6	10
4:13	GEN.17.16	8
4:13	GAL.3.16-GAL.3.18	8
4:13	GEN.12.3	7
4:13	GEN.49.10	2
4:13	PSA.72.11	1
4:14	GAL.3.18-GAL.3.24	5
4:14	PHP.3.9	4
4:14	HEB.7.19	4
4:14	ISA.55.11	3
4:14	ROM.3.31	3
4:14	ROM.4.16	3
4:14	GAL.2.21	3
4:14	HEB.7.28	3
4:14	NUM.30.12	2
4:14	NUM.30.15	2
4:14	PSA.119.126	2
4:14	JER.19.7	2
4:14	GAL.5.4	2
4:15	ROM.5.13	21
4:15	GAL.3.10	16
4:15	ROM.3.19-ROM.3.20	13
4:15	1CO.15.56	13
4:15	ROM.7.7-ROM.7.25	10
4:15	JHN.3.36	8
4:15	GAL.3.19	8
4:15	2CO.3.7-2CO.3.9	6
4:15	EPH.5.6	6
4:15	1JN.3.4	6
4:15	JHN.15.22	5
4:15	ACT.17.30-ACT.17.31	5
4:15	ROM.2.5-ROM.2.6	5
4:15	ROM.2.12-ROM.2.13	5
4:15	ROM.5.20-ROM.5.21	5
4:15	EZK.7.19	4
4:15	ZEP.1.18	4
4:15	NUM.32.14	3
4:15	DEU.29.20-DEU.29.28	3
4:15	2KI.22.13	3
4:15	JER.4.8	3
4:15	LAM.2.22	3
4:15	ROM.1.17	3
4:15	COL.3.6	3
4:15	REV.6.16-REV.6.17	2
4:15	REV.19.15	1
4:16	ROM.3.24-ROM.3.26	16
4:16	EPH.2.8	13
4:16	ROM.9.8	5
4:16	GAL.3.22	4
4:16	TIT.3.7	3
4:16	ISA.51.2	2
4:16	ROM.5.1	2
4:16	ROM.15.8	2
4:16	EPH.2.5	2
4:16	GAL.3.7-GAL.3.12	1
4:16	HEB.6.13-HEB.6.19	1
4:16	2PE.1.10	1
4:16	ROM.4.11	0
4:17	1CO.1.28	50
4:17	GEN.17.4-GEN.17.5	44
4:17	JHN.5.21	31
4:17	ROM.8.29-ROM.8.30	30
4:17	JHN.6.63	24
4:17	1PE.2.10	23
4:17	ROM.8.11	18
4:17	EPH.2.1-EPH.2.5	18
4:17	JHN.5.25	15
4:17	ROM.3.29	10
4:17	HEB.11.7	10
4:17	HEB.11.12	10
4:17	ISA.44.7	9
4:17	ISA.48.13	9
4:17	ISA.55.12	9
4:17	GEN.17.16	8
4:17	1TI.6.13	8
4:17	2PE.3.8	8
4:17	GEN.28.3	7
4:17	ISA.43.6	7
4:17	ISA.49.12	7
4:17	ROM.9.26	7
4:17	GEN.25.1-GEN.25.34	5
4:17	MAT.3.9	4
4:17	ACT.15.18	4
4:17	ROM.4.2	4
4:17	1CO.15.45	4
4:17	GEN.17.20	3
4:18	ROM.8.24	13
4:18	GEN.15.5-GEN.15.6	10
4:18	ROM.5.5	9
4:18	ACT.27.25	8
4:18	PRO.13.12	6
4:18	MRK.5.35-MRK.5.36	6
4:18	EZK.37.11	4
4:18	ROM.4.17	4
4:18	RUT.1.11-RUT.1.13	3
4:18	LUK.1.18	3
4:18	ROM.4.19	2
4:19	HEB.11.11-HEB.11.19	10
4:19	GEN.17.17	9
4:19	ROM.4.20-ROM.4.21	9
4:19	GEN.18.11-GEN.18.14	4
4:19	MAT.6.30	4
4:19	MAT.8.26	4
4:19	MAT.14.31	4
4:19	MRK.9.23-MRK.9.24	4
4:19	JHN.20.27-JHN.20.28	4
4:19	ROM.14.21	2
4:20	LUK.1.45	12
4:20	1CO.16.13	11
4:20	DAN.10.19	9
4:20	2CO.12.10	9
4:20	2TI.2.1	8
4:20	ISA.7.9	7
4:20	ISA.35.4	7
4:20	2KI.7.19	6
4:20	2CH.20.15-2CH.20.20	6
4:20	JER.32.16-JER.32.27	6
4:20	HAG.2.4	6
4:20	ZEC.8.9	6
4:20	ZEC.8.13	6
4:20	NUM.11.13-NUM.11.23	5
4:20	2KI.7.2	5
4:20	DAN.11.32	5
4:20	LUK.1.18	5
4:20	EPH.6.10	4
4:20	MAT.9.8	3
4:21	LUK.1.37	25
4:21	JER.32.27	18
4:21	JER.32.17	17
4:21	LUK.1.45	17
4:21	HEB.11.19	17
4:21	GEN.18.14	16
4:21	2TI.1.12	15
4:21	MAT.19.26	13
4:21	PSA.115.3	11
4:21	ROM.8.38	11
4:21	ROM.14.4	11
4:21	2CO.9.8	11
4:21	HEB.11.13	8
4:22	ROM.4.3	7
4:22	ROM.4.6	7
4:23	1CO.10.11	9
4:23	ROM.15.4	8
4:23	1CO.10.6	7
4:23	2TI.3.16-2TI.3.17	7
4:23	1CO.9.9-1CO.9.10	4
4:24	ACT.2.24	6
4:24	1PE.1.21	5
4:24	ACT.13.30	3
4:24	ROM.10.9-ROM.10.10	3
4:24	MRK.16.16	2
4:24	JHN.3.14-JHN.3.16	2
4:24	ACT.2.39	2
4:24	EPH.1.18-EPH.1.20	2
4:24	HEB.13.20-HEB.13.21	2
4:25	1JN.4.9-1JN.4.10	17
4:25	ISA.53.5-ISA.53.6	13
4:25	2CO.5.21	9
4:25	GAL.1.4	9
4:25	1PE.2.24	9
4:25	1PE.3.18	9
4:25	EPH.5.2	8
4:25	1JN.2.2	8
4:25	ROM.5.6-ROM.5.8	7
4:25	1CO.15.17	7
4:25	ZEC.13.7	6
4:25	MAT.20.28	6
4:25	ROM.8.3	6
4:25	ROM.3.25	5
4:25	ROM.8.32-ROM.8.34	5
4:25	TIT.2.14	5
4:25	HEB.9.28	5
4:25	HEB.10.12-HEB.10.14	5
4:25	1PE.1.21	5
4:25	REV.1.5	5
4:25	ISA.53.10-ISA.53.12	4
4:25	ROM.5.18	4
4:25	1CO.15.3-1CO.15.4	4
4:25	HEB.4.14-HEB.4.16	4
4:25	1PE.1.18-1PE.1.19	4
4:25	REV.5.9	3
4:25	GAL.3.13	2
4:25	DAN.9.24	1
4:25	DAN.9.26	1
4:25	REV.7.14	0
5:1	ISA.32.17	73
5:1	JHN.16.33	41
5:1	ROM.15.13	41
5:1	ACT.13.38-ACT.13.39	34
5:1	COL.1.20	34
5:1	ROM.6.23	27
5:1	JHN.14.27	24
5:1	EPH.2.14-EPH.2.17	23
5:1	ROM.14.17	20
5:1	COL.3.15	18
5:1	2TH.3.16	18
5:1	ROM.4.5	17
5:1	ISA.54.13	15
5:1	ROM.15.33	15
5:1	2CO.5.18-2CO.5.20	14
5:1	ACT.10.36	13
5:1	ROM.5.9-ROM.5.10	13
5:1	PHP.3.9	13
5:1	1TH.5.23	12
5:1	PSA.85.8-PSA.85.10	11
5:1	ISA.27.5	11
5:1	LUK.19.38	11
5:1	LUK.19.42	11
5:1	ROM.5.18	11
5:1	ROM.1.7	10
5:1	JAS.2.23-JAS.2.26	10
5:1	ISA.55.12	9
5:1	LUK.10.5-LUK.10.6	9
5:1	JHN.3.16-JHN.3.18	8
5:1	JHN.20.31	8
5:1	ROM.1.17	8
5:1	ROM.10.10	8
5:1	GAL.2.16	8
5:1	ISA.57.19-ISA.57.21	7
5:1	HAB.2.4	7
5:1	GAL.3.11-GAL.3.14	7
5:1	LUK.2.14	6
5:1	ROM.3.30	6
5:1	ROM.4.24-ROM.4.25	6
5:1	ZEC.6.13	5
5:1	ROM.9.30	5
5:1	ROM.10.15	5
5:1	GAL.3.25	5
5:1	GAL.5.4-GAL.5.6	5
5:1	EPH.2.7	5
5:1	HEB.13.20	5
5:1	JHN.5.24	4
5:1	ROM.3.22	4
5:1	ROM.3.26-ROM.3.28	4
5:1	JOB.21.21	3
5:1	PSA.122.6	3
5:2	EPH.2.18	37
5:2	EPH.3.12	30
5:2	ROM.12.12	16
5:2	1CO.15.1	15
5:2	1PE.3.18	14
5:2	2TH.2.16	12
5:2	HEB.3.6	11
5:2	JHN.10.9	10
5:2	2CO.4.17	10
5:2	JHN.5.24	9
5:2	PSA.17.15	7
5:2	HEB.10.19-HEB.10.20	7
5:2	ROM.15.13	6
5:2	1PE.1.3-1PE.1.9	6
5:2	1JN.3.1-1JN.3.3	5
5:2	PSA.16.9-PSA.16.11	4
5:2	JHN.14.6	4
5:2	ROM.8.17-ROM.8.18	4
5:2	PSA.73.24	3
5:2	JHN.10.7	3
5:2	ROM.2.7	3
5:2	ROM.3.23	3
5:2	ROM.5.5	3
5:2	ROM.5.9-ROM.5.10	3
5:2	ROM.8.24	3
5:2	REV.21.3	3
5:2	REV.21.23	3
5:2	REV.22.4-REV.22.5	3
5:2	EXO.33.18-EXO.33.20	2
5:2	MAT.25.21	2
5:2	ACT.14.27	2
5:2	ROM.8.30-ROM.8.39	2
5:2	HEB.6.18	2
5:2	REV.3.21	2
5:2	REV.21.11	2
5:2	JOB.19.25-JOB.19.27	1
5:2	PRO.14.32	1
5:2	ROM.8.1	1
5:2	ROM.14.4	1
5:2	2CO.3.18	1
5:2	EPH.6.13	1
5:3	JAS.1.2-JAS.1.3	97
5:3	JAS.1.12	65
5:3	1PE.3.14	52
5:3	2CO.12.9-2CO.12.10	44
5:3	2CO.4.17	40
5:3	LUK.6.22-LUK.6.23	22
5:3	ROM.8.35-ROM.8.37	16
5:3	LUK.21.19	14
5:3	HEB.12.10-HEB.12.11	13
5:3	MAT.5.10-MAT.5.12	8
5:3	PHP.2.17-PHP.2.18	8
5:3	ACT.5.41	7
5:3	2CO.11.23-2CO.11.30	7
5:3	EPH.3.13	7
5:3	1PE.4.16-1PE.4.17	4
5:3	PHP.1.29	3
5:4	1PE.5.10	26
5:4	JAS.1.12	23
5:4	2CO.4.8-2CO.4.12	14
5:4	PSA.71.18-PSA.71.24	11
5:4	2TI.4.16-2TI.4.18	11
5:4	1PE.1.6-1PE.1.7	11
5:4	PSA.27.2-PSA.27.3	9
5:4	PSA.42.4-PSA.42.5	8
5:4	2CO.1.4-2CO.1.6	8
5:4	2CO.6.9-2CO.6.10	8
5:4	JOS.10.24-JOS.10.25	6
5:4	1SA.17.34-1SA.17.37	6
5:4	PSA.71.14	6
5:4	ROM.15.4	5
5:5	GAL.4.6	57
5:5	EPH.3.16-EPH.3.19	33
5:5	PHP.1.20	32
5:5	2TI.1.12	30
5:5	2CO.1.22	29
5:5	ISA.44.3-ISA.44.5	25
5:5	ACT.2.33	22
5:5	1JN.4.19	22
5:5	HEB.8.10-HEB.8.12	17
5:5	ROM.8.14-ROM.8.17	16
5:5	GAL.5.22	16
5:5	EPH.1.13	16
5:5	EPH.4.30	16
5:5	2TH.2.16	16
5:5	TIT.3.5-TIT.3.6	16
5:5	JOB.27.8	14
5:5	ACT.2.17	14
5:5	2CO.4.6	14
5:5	PSA.119.116	13
5:5	2CO.3.18	12
5:5	MAT.22.36-MAT.22.37	10
5:5	HEB.6.18-HEB.6.19	10
5:5	PSA.22.4-PSA.22.5	9
5:5	ISA.28.15-ISA.28.18	9
5:5	ISA.45.16-ISA.45.17	9
5:5	JER.17.5-JER.17.8	9
5:5	EZK.36.25	9
5:5	ROM.8.28	9
5:5	1CO.8.3	9
5:5	ISA.49.23	7
5:6	EPH.2.1-EPH.2.5	62
5:6	ROM.5.8	55
5:6	COL.2.13	52
5:6	TIT.3.3-TIT.3.5	35
5:6	ROM.5.10	32
5:6	ROM.4.25	26
5:6	TIT.2.12	17
5:6	1TH.5.9	15
5:6	ROM.4.5	14
5:6	GAL.4.4	14
5:6	HEB.9.26	14
5:6	1TI.1.9	12
5:6	1PE.1.20	7
5:6	EZK.16.4-EZK.16.8	6
5:6	2PE.2.5-2PE.2.6	6
5:6	JUD.1.4	6
5:6	PSA.1.1	5
5:6	JUD.1.15	5
5:6	DAN.11.15	4
5:6	ROM.11.26	4
5:6	2PE.3.7	4
5:6	LAM.1.6	2
5:6	JUD.1.18	2
5:7	JHN.15.13	13
5:7	1JN.3.16	11
5:7	ROM.16.4	8
5:7	ACT.11.24	7
5:7	PSA.112.5	3
5:7	2SA.18.27	2
5:7	2SA.23.14-2SA.23.17	1
5:7	2SA.18.3	0
5:8	JHN.15.13	180
5:8	JHN.3.16	160
5:8	ROM.5.6	137
5:8	1PE.3.18	124
5:8	1JN.4.9-1JN.4.10	97
5:8	1JN.3.16	96
5:8	ISA.53.6	87
5:8	EPH.2.7	61
5:8	ROM.4.25	57
5:8	EPH.1.6-EPH.1.8	47
5:8	ROM.5.20	39
5:8	1TI.1.16	37
5:8	ROM.3.5	19
5:9	1TH.1.10	28
5:9	ROM.8.1	25
5:9	EPH.2.13	23
5:9	ROM.3.24-ROM.3.26	20
5:9	JHN.5.24	18
5:9	ROM.1.18	13
5:9	ROM.5.1	13
5:9	HEB.9.22	10
5:9	ROM.8.30	9
5:9	HEB.9.14	9
5:9	ROM.5.10	7
5:9	1JN.1.7	7
5:10	2CO.5.18-2CO.5.19	30
5:10	2CO.4.10-2CO.4.11	23
5:10	ROM.8.32	17
5:10	COL.1.20-COL.1.21	14
5:10	EPH.2.16	12
5:10	HEB.7.25	12
5:10	REV.1.18	11
5:10	COL.3.3-COL.3.4	8
5:10	JHN.10.28-JHN.10.29	7
5:10	ROM.8.34	6
5:10	DAN.9.24	5
5:10	2CO.5.21	5
5:10	LEV.6.30	4
5:10	JHN.11.25-JHN.11.26	4
5:10	ROM.8.7	4
5:10	HEB.2.17	4
5:10	2CH.29.24	3
5:10	EZK.45.20	3
5:10	JHN.5.26	3
5:10	JHN.6.40	3
5:10	JHN.14.19	3
5:10	JHN.6.57	2
5:10	ROM.5.11	2
5:10	ROM.11.28	2
5:11	2CO.5.18-2CO.5.19	13
5:11	ROM.5.10	8
5:11	ISA.61.10	6
5:11	HAB.3.17-HAB.3.18	5
5:11	PHP.4.4	5
5:11	PSA.149.2	4
5:11	GAL.4.9	4
5:11	COL.2.6	4
5:11	1SA.2.1	3
5:11	PSA.32.11-PSA.33.1	3
5:11	PSA.43.4	3
5:11	PHP.3.3	3
5:11	1PE.1.8	3
5:11	PSA.104.34	2
5:11	LUK.1.46	2
5:11	JHN.1.12	2
5:11	JHN.6.50-JHN.6.58	2
5:11	ROM.2.17	2
5:11	ROM.3.29-ROM.3.30	2
5:11	ROM.11.15	2
5:11	1CO.10.16	2
5:11	GAL.5.22	2
5:11	PHP.3.1	2
5:12	1CO.15.21-1CO.15.22	76
5:12	ROM.5.19	45
5:12	ROM.6.23	36
5:12	ROM.3.23	32
5:12	JAS.1.15	27
5:12	GEN.2.17	24
5:12	PSA.51.5	22
5:12	GEN.3.19	19
5:12	1JN.1.8-1JN.1.10	18
5:12	GEN.3.6	14
5:12	EZK.18.4	12
5:12	ROM.5.21	12
5:12	JAS.3.2	11
5:12	REV.20.14-REV.20.15	9
5:12	ROM.5.14-ROM.5.17	7
5:12	GEN.3.22-GEN.3.24	5
5:13	ROM.4.15	19
5:13	1CO.15.56	15
5:13	1JN.3.4	7
5:13	GEN.4.7-GEN.4.11	5
5:13	GEN.38.7	3
5:13	GEN.38.10	3
5:13	GEN.6.5-GEN.6.6	2
5:13	GEN.6.11	2
5:13	GEN.8.21	2
5:13	GEN.13.13	2
5:13	GEN.18.20	2
5:13	GEN.19.4	2
5:13	GEN.19.32	1
5:13	1JN.3.14	1
5:13	GEN.19.36	0
5:14	1CO.15.45	7
5:14	ROM.5.17	5
5:14	HEB.9.27	5
5:14	GEN.7.22	4
5:14	ROM.5.21	4
5:14	ROM.8.22	4
5:14	GEN.19.25	3
5:14	HOS.6.7	3
5:14	JON.4.11	3
5:14	ROM.8.20	3
5:14	GEN.4.8	2
5:14	GEN.5.5-GEN.5.31	2
5:14	EXO.1.6	2
5:14	EXO.1.22	2
5:14	EXO.12.29-EXO.12.30	1
5:15	ROM.5.12	10
5:15	ROM.6.23	10
5:15	EPH.2.8	10
5:15	1JN.5.11	7
5:15	ISA.53.11	4
5:15	ROM.5.16-ROM.5.20	4
5:15	2CO.9.15	4
5:15	ISA.55.7-ISA.55.9	2
5:15	DAN.12.2	2
5:15	MAT.20.28	2
5:15	MAT.26.28	2
5:15	JHN.3.16	2
5:15	JHN.4.10	2
5:15	1JN.2.2	2
5:15	1JN.4.9-1JN.4.10	2
5:15	ACT.15.11	1
5:15	HEB.2.9	1
5:15	REV.7.9-REV.7.10	1
5:15	REV.7.14-REV.7.17	1
5:16	ACT.13.38-ACT.13.39	7
5:16	ISA.1.18	5
5:16	ISA.44.22	5
5:16	ISA.43.25	4
5:16	1CO.6.9-1CO.6.11	3
5:16	1CO.11.32	3
5:16	GAL.3.10	3
5:16	1TI.1.13-1TI.1.16	3
5:16	JAS.2.10	3
5:16	GEN.3.6-GEN.3.19	2
5:16	LUK.7.47-LUK.7.50	2
5:17	1CO.15.21-1CO.15.22	49
5:17	1CO.15.49	22
5:17	ROM.5.12	21
5:17	JHN.10.10	16
5:17	2TI.2.12	13
5:17	REV.22.5	10
5:17	GEN.3.6	9
5:17	REV.20.4	8
5:17	REV.20.6	8
5:17	PHP.3.9	7
5:17	REV.3.21	7
5:17	ISA.61.10	6
5:17	1TI.1.14	5
5:17	1PE.2.9	5
5:17	REV.5.9-REV.5.10	5
5:17	MAT.25.34	4
5:17	ROM.5.20	4
5:17	ROM.6.23	4
5:17	JAS.2.5	4
5:17	1CO.4.8	3
5:17	REV.1.6	3
5:17	GEN.3.19	2
5:17	ROM.8.39	1
5:18	1CO.15.22	20
5:18	ROM.5.12	19
5:18	ROM.5.15	12
5:18	ACT.13.39	11
5:18	ROM.5.19	11
5:18	ROM.4.25	10
5:18	1TI.2.4-1TI.2.6	9
5:18	HEB.2.9	9
5:18	JHN.1.7	8
5:18	ROM.3.19-ROM.3.22	8
5:18	JHN.12.32	6
5:18	JHN.3.26	4
5:18	2PE.1.1	4
5:18	1JN.2.20	4
5:19	ROM.5.18	25
5:19	2CO.5.21	24
5:19	PHP.2.8	20
5:19	ROM.5.12	18
5:19	EPH.1.6	12
5:19	ROM.5.15	11
5:19	ISA.53.10-ISA.53.12	4
5:19	DAN.9.24	4
5:19	REV.7.9-REV.7.17	0
5:20	ROM.6.1	14
5:20	PSA.25.11	13
5:20	TIT.3.3-TIT.3.7	13
5:20	ROM.6.14	12
5:20	GAL.3.19-GAL.3.25	10
5:20	ROM.4.15	8
5:20	ISA.1.18	6
5:20	LUK.7.47	6
5:20	ROM.3.19-ROM.3.20	6
5:20	EPH.2.1-EPH.2.5	6
5:20	JHN.10.10	5
5:20	ISA.43.24-ISA.43.25	4
5:20	EZK.16.60-EZK.16.63	4
5:20	EZK.36.25-EZK.36.32	4
5:20	MIC.7.18-MIC.7.19	4
5:20	MAT.9.13	4
5:20	JHN.15.22	4
5:20	2CO.3.7-2CO.3.9	4
5:20	EPH.1.6-EPH.1.8	4
5:20	2CH.33.9-2CH.33.13	3
5:20	JER.3.8-JER.3.14	3
5:20	EZK.16.52	2
5:20	LUK.23.39-LUK.23.43	2
5:20	ROM.7.5-ROM.7.13	2
5:20	1CO.6.9-1CO.6.11	2
5:20	1TI.1.13-1TI.1.16	2
5:21	TIT.2.11	14
5:21	JHN.1.16-JHN.1.17	8
5:21	ROM.5.14	8
5:21	ROM.6.14	8
5:21	ROM.6.23	7
5:21	ROM.8.10	7
5:21	ROM.5.12	6
5:21	ROM.5.17	6
5:21	HEB.4.16	3
5:21	JHN.10.28	2
5:21	ROM.4.13	2
5:21	ROM.6.12	2
5:21	ROM.6.16	2
5:21	1PE.5.10	2
5:21	2PE.1.1	2
5:21	1JN.2.25	2
5:21	1JN.5.11-1JN.5.13	2
6:1	1PE.2.16	47
6:1	GAL.5.13	42
6:1	ROM.6.15	35
6:1	ROM.2.4	23
6:1	ROM.3.5-ROM.3.8	20
6:1	ROM.5.20-ROM.5.21	14
6:1	JUD.1.4	11
6:1	ROM.3.31	7
6:1	2PE.2.18-2PE.2.19	4
6:2	1JN.3.9	21
6:2	COL.3.3	19
6:2	1PE.2.24	16
6:2	ROM.7.4	14
6:2	GAL.2.19	11
6:2	ROM.7.6	10
6:2	1PE.1.14	9
6:2	1PE.4.1-1PE.4.3	8
6:2	2CO.5.14-2CO.5.17	7
6:2	COL.2.20	7
6:2	PSA.119.104	6
6:2	GAL.6.14	5
6:2	GEN.39.9	4
6:2	ROM.3.1-ROM.3.4	4
6:2	ROM.5.11	4
6:2	ROM.6.5-ROM.6.11	4
6:3	GAL.3.27	29
6:3	GAL.2.20-GAL.2.21	23
6:3	ROM.6.8	19
6:3	1CO.12.13	14
6:3	ROM.6.4-ROM.6.5	13
6:3	1PE.3.21	12
6:3	ACT.2.38	8
6:3	MAT.28.19	7
6:3	JAS.4.4	7
6:3	ACT.19.5	5
6:3	ROM.6.16	5
6:3	ROM.7.1	5
6:3	1CO.9.13	5
6:3	ACT.8.16	4
6:3	1CO.5.6	4
6:3	1CO.6.9	4
6:3	1CO.3.16	3
6:3	1CO.15.29	3
6:3	2CO.13.5	3
6:3	1CO.6.2-1CO.6.3	2
6:3	1CO.6.15-1CO.6.16	2
6:3	1CO.6.19	2
6:3	1CO.9.24	1
6:4	2CO.5.17	56
6:4	COL.3.10	39
6:4	EPH.4.22-EPH.4.24	35
6:4	ROM.7.6	28
6:4	1PE.3.21	28
6:4	ROM.6.9	22
6:4	2CO.13.4	21
6:4	ROM.6.3	16
6:4	ROM.13.13-ROM.13.14	14
6:4	2PE.1.4-2PE.1.9	14
6:4	1JN.2.6	14
6:4	COL.2.11-COL.2.13	13
6:4	ROM.8.11	12
6:4	COL.3.1-COL.3.3	12
6:4	GAL.6.15-GAL.6.16	11
6:4	1CO.6.14	10
6:4	EPH.4.17	8
6:4	PHP.3.17-PHP.3.18	8
6:4	1PE.4.1-1PE.4.2	8
6:4	JHN.11.40	7
6:4	ROM.6.19	7
6:4	ROM.12.1-ROM.12.2	7
6:4	ACT.2.24	6
6:4	EPH.1.19-EPH.1.20	6
6:4	COL.1.9-COL.1.12	6
6:4	JHN.2.19-JHN.2.20	4
6:4	EPH.2.5-EPH.2.6	4
6:4	EPH.5.8	4
6:4	COL.4.1	4
6:4	JHN.2.11	3
6:4	MAT.28.2-MAT.28.3	1
6:5	PHP.3.10-PHP.3.11	23
6:5	COL.2.12	18
6:5	2CO.4.10	16
6:5	ROM.6.8-ROM.6.12	11
6:5	COL.3.1	11
6:5	EPH.2.5-EPH.2.6	8
6:5	JHN.15.1-JHN.15.8	6
6:5	PSA.92.13	5
6:5	ISA.5.2	5
6:5	MAT.15.13	5
6:5	JHN.12.24	4
6:5	JER.2.21	3
6:6	GAL.2.20	47
6:6	GAL.5.24	32
6:6	EPH.4.22	29
6:6	GAL.6.14	27
6:6	JHN.8.34-JHN.8.36	23
6:6	COL.3.5	21
6:6	COL.3.9-COL.3.10	17
6:6	ROM.8.13	16
6:6	ROM.7.24-ROM.7.25	15
6:6	COL.2.11-COL.2.12	13
6:6	ROM.6.12	8
6:6	ISA.26.13	7
6:6	ROM.8.3-ROM.8.4	7
6:6	ROM.6.22	6
6:6	2KI.5.17	1
6:7	1PE.4.1	13
6:7	ROM.8.1	11
6:7	ROM.7.4	10
6:7	COL.3.1-COL.3.3	10
6:7	ROM.6.2	8
6:7	ROM.6.8	8
6:7	ROM.7.2	8
6:8	2TI.2.11-2TI.2.12	14
6:8	COL.3.3-COL.3.4	10
6:8	2CO.4.10-2CO.4.14	7
6:8	2CO.13.4	6
6:8	JHN.14.19	5
6:8	ROM.6.3-ROM.6.5	4
6:8	1TH.4.14-1TH.4.17	1
6:9	ROM.6.14	14
6:9	REV.1.18	12
6:9	ACT.2.24-ACT.2.28	8
6:9	HEB.10.12-HEB.10.13	6
6:9	PSA.16.9-PSA.16.11	5
6:9	HEB.2.14-HEB.2.15	5
6:9	ROM.5.14	4
6:9	HEB.7.25	4
6:9	HEB.7.16	1
6:10	2CO.5.21	15
6:10	1PE.3.18	12
6:10	1PE.4.6	12
6:10	2CO.5.15	11
6:10	HEB.9.26-HEB.9.28	8
6:10	ROM.8.3	7
6:10	ROM.14.7-ROM.14.9	7
6:10	LUK.20.38	6
6:10	ROM.6.11	6
6:11	COL.3.3-COL.3.5	34
6:11	1CO.6.20	19
6:11	ROM.6.2	18
6:11	ROM.6.13	15
6:11	COL.3.17	15
6:11	GAL.2.19-GAL.2.20	12
6:11	ROM.8.18	7
6:11	JHN.20.31	6
6:11	ROM.6.23	6
6:11	EPH.2.7	6
6:11	ROM.5.1	5
6:11	PHP.1.11	5
6:11	1PE.2.5	5
6:11	1PE.4.11	5
6:11	PHP.4.7	4
6:11	ROM.16.27	3
6:12	GAL.5.16	25
6:12	ROM.6.16	14
6:12	ROM.8.13	12
6:12	GAL.5.24	12
6:12	1JN.2.15-1JN.2.17	12
6:12	2TI.2.22	10
6:12	PSA.19.13	9
6:12	1PE.2.11	7
6:12	2CO.4.11	6
6:12	ROM.2.8	5
6:12	ROM.13.14	5
6:12	EPH.2.3	5
6:12	EPH.4.22	5
6:12	TIT.2.12	5
6:12	1PE.4.2-1PE.4.3	5
6:12	1CO.15.53-1CO.15.54	4
6:12	NUM.33.55	3
6:12	PSA.119.133	3
6:12	1TH.4.5	3
6:12	JAS.1.14-JAS.1.15	3
6:12	1PE.1.14	3
6:12	JUD.1.18	3
6:12	DEU.7.2	2
6:12	JOS.23.12-JOS.23.13	2
6:12	JDG.2.3	2
6:12	ROM.5.21	2
6:12	ROM.6.14	2
6:12	ROM.7.23-ROM.7.24	2
6:12	ROM.8.11	2
6:12	TIT.3.3	2
6:12	JAS.4.1-JAS.4.3	2
6:12	JUD.1.16	1
6:12	2CO.5.4	0
6:13	ROM.12.1	26
6:13	ROM.6.16	21
6:13	COL.3.5	18
6:13	1PE.2.24	17
6:13	ROM.7.5	11
6:13	1CO.6.20	11
6:13	COL.2.13	11
6:13	1PE.4.2	11
6:13	1JN.1.9	8
6:13	1CO.6.15	7
6:13	JAS.3.5-JAS.3.6	7
6:13	1CO.6.9	6
6:13	2CO.10.4	6
6:13	EPH.2.5	6
6:13	2CH.30.8	5
6:13	ROM.6.19	5
6:13	PHP.1.20	5
6:13	DEU.25.16	4
6:13	ISA.55.7	4
6:13	LUK.15.32	4
6:13	ROM.6.11	4
6:13	ROM.7.23	4
6:13	2CO.5.15	4
6:13	PRO.12.18	3
6:13	EZK.18.4	3
6:13	LUK.15.24	3
6:13	JHN.5.24	3
6:13	ROM.2.8-ROM.2.9	3
6:13	2CO.8.5	3
6:13	EPH.5.14	3
6:13	2PE.2.13-2PE.2.15	3
6:13	ISA.3.10-ISA.3.11	2
6:13	DAN.3.28	2
6:13	ROM.1.29	2
6:13	2TH.2.12	2
6:13	JAS.4.1	2
6:13	PSA.37.30	1
6:14	GAL.5.18	35
6:14	ROM.8.2	31
6:14	ROM.7.4-ROM.7.11	22
6:14	HEB.8.10	20
6:14	ROM.6.12	18
6:14	GAL.4.4-GAL.4.5	18
6:14	ROM.3.19-ROM.3.20	16
6:14	PSA.130.7-PSA.130.8	15
6:14	JHN.8.36	15
6:14	JHN.1.17	14
6:14	2CO.3.6-2CO.3.9	14
6:14	GAL.3.23	14
6:14	ROM.5.20-ROM.5.21	11
6:14	ROM.11.6	11
6:14	GAL.4.21	11
6:14	TIT.2.14	11
6:14	MIC.7.19	10
6:14	MAT.1.21	10
6:14	ROM.8.12	10
6:14	ROM.4.16	8
6:14	ROM.6.15	8
6:15	TIT.2.11-TIT.2.14	15
6:15	EPH.2.8-EPH.2.10	13
6:15	ROM.6.1-ROM.6.2	10
6:15	2CO.7.1	10
6:15	JUD.1.4	7
6:15	1CO.9.20-1CO.9.21	5
6:15	GAL.2.17-GAL.2.18	3
6:15	ROM.3.9	1
6:16	JHN.8.34	40
6:16	MAT.6.24	30
6:16	JOS.24.15	29
6:16	2PE.2.19	29
6:16	ROM.6.12-ROM.6.13	26
6:16	ROM.6.19-ROM.6.23	17
6:16	ROM.6.17	15
6:17	1PE.2.9	11
6:17	2CO.2.14	8
6:17	2TI.1.13	8
6:17	ROM.1.8	7
6:17	ROM.16.26	7
6:17	EPH.2.5-EPH.2.10	7
6:17	3JN.1.3	7
6:17	ACT.11.18	6
6:17	ROM.15.18	6
6:17	PHM.1.4	5
6:17	HEB.5.9	5
6:17	1PE.4.17	5
6:17	2JN.1.4	5
6:17	PHP.1.3-PHP.1.5	4
6:17	COL.1.3-COL.1.4	4
6:17	1TH.1.2-1TH.1.3	4
6:17	2TH.1.3	4
6:17	1TI.1.13-1TI.1.16	4
6:17	2TI.1.3-2TI.1.5	4
6:17	TIT.3.3-TIT.3.7	4
6:17	1PE.4.2-1PE.4.5	4
6:17	1CH.29.12-1CH.29.16	3
6:17	EZR.7.27	3
6:17	PSA.18.44	3
6:17	MAT.11.25-MAT.11.26	3
6:17	ROM.1.5	3
6:17	1CO.1.4	3
6:17	1CO.6.9-1CO.6.11	3
6:17	2CO.10.5-2CO.10.6	3
6:17	EPH.1.16	3
6:17	1TH.3.9	3
6:17	HEB.11.8	3
6:17	1PE.1.22	3
6:17	1PE.3.1	3
6:17	ACT.28.15	2
6:17	ROM.2.8	2
6:18	ROM.6.22	17
6:18	ROM.8.2	13
6:18	GAL.5.1	13
6:18	JHN.8.32	12
6:18	ISA.54.17	9
6:18	ROM.6.7	9
6:18	ROM.6.14	9
6:18	1PE.2.16	8
6:18	PSA.119.32	5
6:18	PSA.119.45	5
6:18	ISA.26.13	5
6:18	PSA.116.16	4
6:18	JHN.8.36	3
6:18	1CO.7.21-1CO.7.22	3
6:18	LUK.1.74-LUK.1.75	2
6:18	ROM.6.19-ROM.6.20	2
6:19	ROM.6.13	11
6:19	1PE.4.2-1PE.4.4	11
6:19	COL.3.5-COL.3.7	10
6:19	EPH.2.2-EPH.2.3	9
6:19	1CO.6.11	7
6:19	ROM.3.5	5
6:19	ROM.6.16-ROM.6.17	5
6:19	GAL.3.15	3
6:19	ROM.8.26	2
6:19	ROM.15.1	2
6:19	1CO.5.6	2
6:19	1CO.9.8	2
6:19	2TI.2.16-2TI.2.17	2
6:19	HEB.12.15	2
6:19	1CO.15.32-1CO.15.33	1
6:19	HEB.4.15	1
6:20	ROM.6.16-ROM.6.17	9
6:20	JHN.8.34	8
6:21	ROM.1.32	12
6:21	ROM.7.5	9
6:21	ROM.6.23	7
6:21	PRO.14.12	6
6:21	GAL.6.7-GAL.6.8	6
6:21	PRO.16.25	4
6:21	JER.8.12	4
6:21	JER.17.10	3
6:21	DAN.12.2	3
6:21	ROM.8.6	3
6:21	ROM.8.13	3
6:21	HEB.6.8	3
6:21	1JN.2.28	3
6:21	DEU.17.6	2
6:21	DEU.21.22	2
6:21	2SA.12.5-2SA.12.7	2
6:21	1KI.2.26	2
6:21	EZR.9.6	2
6:21	JOB.40.4	2
6:21	JOB.42.6	2
6:21	PSA.73.17	2
6:21	PRO.1.31	2
6:21	PRO.5.10-PRO.5.13	2
6:21	PRO.9.17-PRO.9.18	2
6:21	ISA.3.10	2
6:21	JER.3.3	2
6:21	JER.12.13	2
6:21	JER.31.19	2
6:21	JER.44.20-JER.44.24	2
6:21	EZK.16.61-EZK.16.63	2
6:21	EZK.36.31-EZK.36.32	2
6:21	EZK.43.11	2
6:21	DAN.9.7-DAN.9.8	2
6:21	LUK.15.17-LUK.15.21	2
6:21	2CO.7.11	2
6:21	PHP.3.19	2
6:21	HEB.10.29	2
6:21	JAS.1.15	2
6:21	JAS.5.20	2
6:21	1PE.4.17	2
6:21	REV.16.6	2
6:21	REV.20.14	2
6:22	1PE.2.16	21
6:22	ROM.6.18	15
6:22	ROM.8.2	14
6:22	GAL.5.13	11
6:22	JHN.8.32	10
6:22	ISA.54.17	8
6:22	ROM.6.14	7
6:22	1CO.7.22	7
6:22	GAL.5.22	6
6:22	1PE.1.9	6
6:22	GAL.1.10	5
6:22	ROM.6.21	4
6:22	ROM.7.4	4
6:22	PSA.92.14	3
6:22	PSA.143.12	3
6:22	DAN.3.26	3
6:22	MAT.25.46	3
6:22	JHN.4.36	3
6:22	JHN.15.2	3
6:22	GEN.50.17	2
6:22	NUM.23.10	2
6:22	JOB.1.8	2
6:22	PSA.37.37-PSA.37.38	2
6:22	MAT.13.40	2
6:22	MAT.13.43	2
6:22	MAT.19.29	2
6:22	JHN.15.16	2
6:22	ROM.7.25	2
6:22	2CO.3.17	2
6:22	EPH.5.9	2
6:22	PHP.1.11	2
6:22	PHP.4.17	2
6:22	COL.1.10	2
6:22	TIT.1.1	2
6:22	REV.7.13	2
6:22	PSA.86.2	1
6:22	DAN.6.20	1
6:22	JAS.1.1	1
6:22	COL.4.12	0
6:23	JHN.3.36	113
6:23	ROM.5.12	71
6:23	JAS.1.15	59
6:23	JHN.6.40	54
6:23	EZK.18.20	44
6:23	MAT.25.46	42
6:23	JHN.5.24	41
6:23	EZK.18.4	40
6:23	ROM.2.7	30
6:23	ROM.5.21	30
6:23	GEN.2.17	27
6:23	JHN.10.28	27
6:23	GAL.6.7-GAL.6.8	24
6:23	REV.21.8	24
6:23	TIT.1.2	21
6:23	ROM.5.17	18
6:23	ROM.6.16	16
6:23	1JN.5.11-1JN.5.12	16
6:23	JHN.17.2	13
6:23	1PE.1.3-1PE.1.4	12
6:23	ISA.3.11	11
6:23	JHN.3.14-JHN.3.17	11
6:23	JHN.5.39-JHN.5.40	11
6:23	JHN.6.32-JHN.6.33	11
6:23	GEN.3.19	10
6:23	JHN.6.27	10
6:23	JHN.6.68	10
6:23	1CO.6.9-1CO.6.10	10
6:23	1JN.2.25	10
6:23	JHN.6.50-JHN.6.58	8
6:23	JHN.4.14	6
6:23	GAL.3.10	5
7:1	ROM.6.14	16
7:1	ROM.7.6	12
7:1	ROM.6.3	10
7:1	PRO.6.23	7
7:1	ROM.10.1	7
7:1	ROM.9.3	4
7:1	GAL.4.21	4
7:1	ROM.2.17-ROM.2.18	3
7:1	1CO.9.8	3
7:1	ROM.1.13	1
7:1	EZR.7.25	0
7:2	GEN.2.23-GEN.2.24	54
7:2	1CO.7.4	24
7:2	1CO.7.39	22
7:2	NUM.30.7-NUM.30.8	6
7:3	EXO.20.14	42
7:3	MAT.5.32	14
7:3	MRK.10.6-MRK.10.12	6
7:3	LEV.20.10	2
7:3	DEU.22.22-DEU.22.24	2
7:3	JHN.8.3-JHN.8.5	2
7:3	1TI.5.11-1TI.5.14	2
7:3	NUM.5.13-NUM.5.31	1
7:3	RUT.2.13	1
7:3	1SA.25.39-1SA.25.42	0
7:4	1PE.2.24	48
7:4	GAL.5.22-GAL.5.23	41
7:4	ISA.54.5	39
7:4	ROM.8.2	16
7:4	EPH.5.23-EPH.5.27	16
7:4	ROM.7.6	12
7:4	GAL.2.19-GAL.2.20	12
7:4	EPH.2.15	10
7:4	GAL.3.13	9
7:4	GAL.5.18	9
7:4	ROM.6.22	8
7:4	COL.1.22	8
7:4	ROM.6.14	7
7:4	COL.2.14	6
7:4	HOS.2.19-HOS.2.20	5
7:4	PHP.1.11	5
7:4	COL.1.10	5
7:4	ROM.6.2	4
7:4	REV.19.7	4
7:4	PSA.45.10-PSA.45.16	3
7:4	MAT.26.26	3
7:4	JHN.3.29	3
7:4	PHP.4.17	3
7:4	COL.1.6	3
7:4	COL.2.20	3
7:4	ISA.62.5	2
7:4	JHN.6.51	2
7:4	JHN.15.8	2
7:4	1CO.10.16	2
7:4	2CO.11.2	2
7:4	HEB.10.10	2
7:4	REV.21.9	2
7:5	EPH.2.3	14
7:5	GAL.5.16-GAL.5.17	9
7:5	GAL.5.24	9
7:5	GAL.3.10	7
7:5	ROM.6.13	5
7:5	ROM.6.21	5
7:5	ROM.7.7-ROM.7.13	4
7:5	1CO.15.56	4
7:5	COL.3.5	4
7:5	1JN.3.4	4
7:5	ROM.3.20	3
7:5	ROM.4.15	3
7:5	ROM.5.20	3
7:5	ROM.6.19	3
7:5	ROM.6.23	3
7:5	ROM.7.23	3
7:5	ROM.8.8-ROM.8.9	3
7:5	EPH.2.11	3
7:5	TIT.3.3	3
7:5	JAS.4.1	3
7:5	MAT.15.19	2
7:5	JHN.3.6	2
7:5	ROM.1.26	2
7:5	2CO.3.6-2CO.3.9	2
7:5	GAL.5.19-GAL.5.21	2
7:5	JAS.1.15	2
7:5	JAS.2.9-JAS.2.10	2
7:6	GAL.3.23-GAL.3.25	24
7:6	2CO.3.6	22
7:6	ROM.7.4	18
7:6	ROM.6.4	14
7:6	GAL.2.19-GAL.2.20	11
7:6	GAL.4.4-GAL.4.5	11
7:6	ROM.6.14-ROM.6.15	9
7:6	GAL.3.13	8
7:6	2CO.5.17	7
7:6	GAL.6.15	7
7:6	ROM.6.22	6
7:6	ROM.12.2	6
7:6	COL.3.10	6
7:6	ROM.6.2	5
7:6	ROM.7.1	5
7:6	ROM.2.27-ROM.2.29	4
7:6	EZK.11.19	3
7:6	ROM.1.9	3
7:6	ROM.6.11	3
7:6	ROM.6.19	3
7:6	PHP.3.3	3
7:6	EZK.36.26	2
7:7	ROM.3.20	15
7:7	ROM.4.15	11
7:7	EXO.20.17	9
7:7	1CO.15.56	9
7:7	DEU.5.21	6
7:7	ROM.13.9	6
7:7	ROM.7.8	5
7:7	PSA.19.7-PSA.19.12	4
7:7	LUK.12.15	3
7:7	ROM.3.5	3
7:7	ROM.7.13	3
7:7	1TH.4.5	3
7:7	1JN.2.15-1JN.2.16	3
7:7	GEN.3.6	2
7:7	2SA.11.2	2
7:7	1KI.21.1-1KI.21.4	2
7:7	PSA.119.96	2
7:7	MIC.2.2	2
7:7	MAT.5.28	2
7:7	ROM.6.15	2
7:7	ROM.7.5	2
7:7	ROM.7.11	2
7:7	EPH.5.3	2
7:7	COL.3.5	2
7:7	JOS.7.21	1
7:7	ROM.4.1	1
7:7	ACT.20.33	0
7:8	ROM.7.11	12
7:8	1CO.15.56	10
7:8	ROM.4.15	9
7:8	JAS.1.14-JAS.1.15	6
7:8	ROM.7.13	5
7:8	JHN.15.22	4
7:8	ROM.5.20	4
7:8	JHN.15.24	3
7:8	ROM.7.17	3
7:9	GAL.3.10	11
7:9	ROM.8.7	8
7:9	ROM.7.4	6
7:9	JAS.2.10-JAS.2.11	6
7:9	GAL.2.19	5
7:9	ROM.7.6	4
7:9	ROM.7.11	4
7:9	ROM.7.21-ROM.7.23	4
7:9	ROM.10.5	4
7:9	MRK.7.8-MRK.7.13	3
7:9	LUK.18.9-LUK.18.12	3
7:9	ROM.3.19-ROM.3.20	3
7:9	PHP.3.5-PHP.3.6	3
7:9	PSA.40.12	2
7:9	MAT.5.21-MAT.5.26	2
7:9	MAT.19.20	2
7:9	LUK.10.25-LUK.10.29	2
7:9	LUK.15.29	2
7:9	LUK.18.21	2
7:9	MAT.15.4-MAT.15.6	1
7:10	LEV.18.5	6
7:10	2CO.3.7	6
7:10	ROM.10.5	5
7:10	GAL.3.12	5
7:10	EZK.20.11	2
7:10	EZK.20.21	2
7:10	LUK.10.27-LUK.10.29	2
7:10	EZK.20.13	1
7:11	GEN.3.13	5
7:11	ROM.7.8	4
7:11	JER.17.9	2
7:11	HEB.3.13	2
7:11	ISA.44.20	1
7:11	JER.49.16	1
7:11	ROM.7.13	1
7:11	JAS.1.22	1
7:11	JAS.1.26	1
7:11	OBA.1.3	0
7:11	EPH.4.22	0
7:12	1TI.1.8	16
7:12	PSA.119.137	11
7:12	PSA.19.7-PSA.19.12	10
7:12	ROM.7.14	9
7:12	PSA.119.172	8
7:12	NEH.9.13	6
7:12	ROM.3.31	6
7:12	DEU.4.8	5
7:12	PSA.119.127	4
7:12	PSA.119.140	4
7:12	PSA.119.86	3
7:12	ROM.7.16	3
7:12	ROM.12.2	3
7:12	DEU.10.12	2
7:12	PSA.119.38	2
7:13	JAS.1.13-JAS.1.15	9
7:13	GAL.3.21	7
7:13	ROM.7.8-ROM.7.11	4
7:13	ROM.8.3	4
7:13	ROM.5.20	3
7:14	1KI.21.25	6
7:14	2KI.17.17	6
7:14	1KI.21.20	5
7:14	ISA.52.3	5
7:14	ROM.7.18	5
7:14	PSA.51.6	4
7:14	PSA.119.25	4
7:14	PRO.30.5	4
7:14	ISA.50.1	4
7:14	MAT.5.22	4
7:14	LUK.7.6	4
7:14	ROM.7.22-ROM.7.24	4
7:14	EPH.3.8	4
7:14	PRO.30.2	3
7:14	ISA.6.5	3
7:14	ISA.64.5-ISA.64.6	3
7:14	AMO.2.6	3
7:14	MAT.5.28	3
7:14	MAT.16.23	3
7:14	MAT.18.25	3
7:14	MAT.22.37-MAT.22.40	3
7:14	LUK.5.8	3
7:14	LUK.18.11-LUK.18.14	3
7:14	GEN.37.27	2
7:14	GEN.37.36	2
7:14	GEN.40.15	2
7:14	EXO.21.2-EXO.21.6	2
7:14	EXO.22.3	2
7:14	LEV.19.18	2
7:14	DEU.6.5	2
7:14	JOB.42.6	2
7:14	1CO.3.1-1CO.3.3	2
7:14	HEB.4.12	1
7:15	GAL.5.17	55
7:15	ROM.7.19-ROM.7.20	23
7:15	ECC.7.20	20
7:15	NAM.1.7	19
7:15	JAS.3.2	19
7:15	PHP.3.12-PHP.3.14	17
7:15	ROM.12.9	14
7:15	1JN.1.7-1JN.1.8	14
7:15	PSA.19.12	12
7:15	ROM.14.22	11
7:15	JUD.1.23	11
7:15	2TI.2.19	10
7:15	PRO.8.13	8
7:15	PSA.1.6	7
7:15	PSA.101.3	7
7:15	AMO.5.15	7
7:15	ROM.7.16	7
7:15	HEB.1.9	7
7:15	1KI.8.46	6
7:15	PSA.65.3	6
7:15	PSA.119.113	6
7:15	PSA.119.128	5
7:15	PSA.119.163	5
7:15	PRO.13.5	5
7:15	PSA.97.10	4
7:15	PSA.119.1-PSA.119.6	4
7:15	PSA.119.32	4
7:15	PSA.119.40	4
7:15	PSA.119.104	3
7:15	LUK.11.48	3
7:15	PSA.36.4	1
7:16	ROM.7.12	5
7:16	ROM.7.14	4
7:16	1TI.1.8	4
7:16	PSA.119.127-PSA.119.128	1
7:16	ROM.7.22	1
7:17	ROM.7.20	10
7:17	ROM.7.18	6
7:17	PHP.3.8-PHP.3.9	6
7:17	JAS.4.5-JAS.4.6	4
7:17	ROM.4.7-ROM.4.8	3
7:17	ROM.7.23	3
7:17	2CO.8.12	3
7:18	JHN.3.6	19
7:18	PSA.51.5	18
7:18	GAL.5.17	16
7:18	PSA.119.115-PSA.119.117	14
7:18	ROM.7.25	14
7:18	JOB.14.4	13
7:18	JOB.15.14-JOB.15.16	10
7:18	GAL.5.24	10
7:18	GEN.6.5	9
7:18	PHP.2.13	9
7:18	MRK.7.21-MRK.7.23	8
7:18	ROM.8.3-ROM.8.13	8
7:18	TIT.3.3	8
7:18	ROM.7.15	7
7:18	ROM.7.19	7
7:18	EPH.2.1-EPH.2.5	7
7:18	GEN.8.21	6
7:18	MAT.15.19	6
7:18	PHP.3.12	6
7:18	JOB.25.4	5
7:18	PSA.119.40	5
7:18	PSA.119.176	5
7:18	LUK.11.13	5
7:18	ROM.13.14	5
7:18	1PE.4.2	5
7:18	PSA.119.173	4
7:18	ROM.7.5	4
7:18	GAL.5.19-GAL.5.21	4
7:18	PSA.119.5	3
7:18	PSA.119.32	3
7:18	ISA.64.6	3
7:19	ROM.7.15	18
7:20	ROM.7.17	6
7:21	ROM.6.14	8
7:21	ROM.7.23	8
7:21	ROM.8.2	8
7:21	EPH.6.11-EPH.6.13	8
7:21	PSA.119.133	7
7:21	ROM.6.12	7
7:21	HEB.2.17	7
7:21	PSA.119.37	6
7:21	ZEC.3.1-ZEC.3.4	6
7:21	JHN.8.34	6
7:21	HEB.4.15	6
7:21	2PE.2.19	6
7:21	PSA.19.12-PSA.19.13	5
7:21	PSA.40.12	5
7:21	PSA.65.3	5
7:21	LUK.4.1	5
7:21	2CH.30.18-2CH.30.19	4
7:21	ISA.6.5-ISA.6.7	4
7:21	ROM.7.25	4
7:22	PSA.1.2	32
7:22	PSA.40.8	28
7:22	PSA.119.35	25
7:22	PSA.119.47-PSA.119.48	23
7:22	JOB.23.12	20
7:22	HEB.8.10	20
7:22	PSA.119.97-PSA.119.104	19
7:22	2CO.4.16	17
7:22	PSA.119.92	15
7:22	PSA.119.16	14
7:22	PSA.19.8-PSA.19.10	13
7:22	PSA.119.167	12
7:22	PSA.119.174	12
7:22	ROM.8.7	11
7:22	EPH.3.16	11
7:22	1PE.3.4	11
7:22	PSA.119.24	10
7:22	PSA.119.72	10
7:22	PSA.119.111	10
7:22	PSA.119.113	9
7:22	PSA.119.127	9
7:22	ISA.51.7	9
7:22	JHN.4.34	7
7:22	COL.3.9	7
7:22	ROM.2.29	6
7:23	GAL.5.17	24
7:23	JAS.4.1	16
7:23	ROM.8.2	13
7:23	ROM.6.19	11
7:23	ROM.7.25	9
7:23	1PE.2.11	9
7:23	HEB.12.4	6
7:23	1TI.6.11-1TI.6.12	5
7:23	2TI.2.25-2TI.2.26	5
7:23	PSA.142.7	4
7:23	ECC.7.20	4
7:23	ROM.6.13	4
7:23	ROM.7.5	4
7:23	ROM.7.21	4
7:23	ROM.7.14	3
7:23	JAS.3.2	2
7:24	ROM.6.6	14
7:24	2TI.4.18	13
7:24	TIT.2.14	11
7:24	ROM.8.2	8
7:24	ROM.8.26	7
7:24	2CO.12.7-2CO.12.9	7
7:24	PSA.102.20	6
7:24	ROM.8.13	5
7:24	HEB.2.15	5
7:24	REV.21.4	5
7:24	PSA.38.8-PSA.38.10	4
7:24	PSA.72.12	4
7:24	PSA.91.14-PSA.91.15	4
7:24	LUK.4.18	4
7:24	1KI.8.38	3
7:24	PSA.6.6	3
7:24	PSA.71.11	3
7:24	PSA.119.20	3
7:24	PSA.119.81-PSA.119.83	3
7:24	MIC.7.19	3
7:24	MAT.5.6	3
7:24	COL.2.11	3
7:24	DEU.22.26-DEU.22.27	2
7:24	PSA.32.3-PSA.32.4	2
7:24	PSA.38.2	2
7:24	PSA.77.3-PSA.77.9	2
7:24	PSA.88.5	2
7:24	PSA.119.131	2
7:24	PSA.119.143	2
7:24	PSA.119.176	2
7:24	PSA.130.1-PSA.130.3	2
7:24	EZK.9.4	2
7:24	ZEC.9.11-ZEC.9.12	2
7:24	MAT.5.4	2
7:24	2CO.1.8-2CO.1.10	1
7:25	GAL.5.17-GAL.5.24	17
7:25	COL.3.17	8
7:25	2CO.12.9-2CO.12.10	7
7:25	1PE.2.5	5
7:25	PSA.107.15-PSA.107.16	4
7:25	ISA.49.13	4
7:25	ROM.6.17	4
7:25	1CO.15.57	4
7:25	ROM.6.14	3
7:25	ROM.7.15-ROM.7.24	3
7:25	1PE.2.9	3
7:25	PSA.116.16-PSA.116.17	2
7:25	ISA.12.1	2
7:25	ISA.49.9	2
7:25	MAT.1.21	2
7:25	2CO.9.15	2
7:25	EPH.5.20	2
7:25	PHP.3.3	2
7:25	PHP.4.6	1
8:1	JHN.3.18-JHN.3.19	191
8:1	2CO.5.17	137
8:1	GAL.3.13	116
8:1	ROM.5.1	111
8:1	1CO.1.30	82
8:1	JHN.5.24	72
8:1	TIT.2.11-TIT.2.14	72
8:1	ROM.4.7-ROM.4.8	71
8:1	ROM.8.34	67
8:1	JHN.15.4	58
8:1	ISA.54.17	57
8:1	PHP.3.9	56
8:1	GAL.5.16	50
8:1	ROM.8.14	49
8:1	1CO.15.22	47
8:1	ROM.8.39	43
8:1	ROM.8.4	42
8:1	GAL.3.28	38
8:1	ROM.7.20	35
8:1	GAL.5.25	35
8:1	JHN.14.20	34
8:1	ROM.7.17	31
8:1	2CO.12.2	23
8:2	ROM.6.14	85
8:2	2CO.3.17	65
8:2	ROM.6.18	49
8:2	2CO.3.6	41
8:2	ROM.8.10-ROM.8.11	39
8:2	1CO.15.45	36
8:2	JHN.8.36	34
8:2	JHN.8.32	33
8:2	ROM.6.22	22
8:2	ROM.7.4	20
8:2	JHN.6.63	19
8:2	JHN.4.10	18
8:2	JHN.4.14	17
8:2	JHN.7.38-JHN.7.39	17
8:2	GAL.5.1	16
8:2	GAL.2.19	15
8:2	ROM.5.21	14
8:2	PSA.51.12	13
8:2	ROM.7.21	13
8:2	ROM.7.24-ROM.7.25	12
8:2	ROM.3.27	11
8:2	REV.22.1	11
8:2	REV.11.11	6
8:3	ACT.13.39	32
8:3	GAL.4.4-GAL.4.5	23
8:3	HEB.7.18-HEB.7.19	22
8:3	2CO.5.21	20
8:3	GAL.3.13	17
8:3	HEB.10.14	14
8:3	1PE.2.24	14
8:3	ROM.6.6	12
8:3	HEB.10.1-HEB.10.10	10
8:3	1PE.4.1-1PE.4.2	10
8:3	GAL.3.21	9
8:3	ROM.3.20	8
8:3	ROM.8.32	8
8:3	HEB.2.14	5
8:3	PHP.2.7	4
8:3	JHN.1.14	3
8:3	JHN.3.14-JHN.3.17	3
8:3	ROM.7.5-ROM.7.11	3
8:3	ROM.9.3	3
8:3	HEB.2.17	3
8:3	HEB.4.15	3
8:3	HEB.10.12	3
8:3	1JN.4.10-1JN.4.14	3
8:3	MRK.15.27	2
8:3	JHN.9.24	2
8:4	GAL.5.16	16
8:4	GAL.5.22-GAL.5.25	16
8:4	COL.1.22	9
8:4	EPH.5.26-EPH.5.27	7
8:4	HEB.12.23	7
8:4	JUD.1.24	5
8:4	REV.14.5	4
8:4	ROM.2.26	3
8:4	1JN.3.2	3
8:5	1CO.2.14	54
8:5	GAL.5.19-GAL.5.25	47
8:5	JHN.3.6	41
8:5	COL.3.1-COL.3.3	37
8:5	ROM.8.6-ROM.8.7	29
8:5	PHP.3.18-PHP.3.19	23
8:5	ROM.8.9	21
8:5	MRK.8.33	18
8:5	ROM.8.12-ROM.8.14	15
8:5	2CO.10.3	11
8:5	2PE.2.10	9
8:5	EPH.5.9	6
8:5	1CO.15.48	5
8:6	GAL.6.8	96
8:6	ROM.8.7	60
8:6	ROM.8.13	56
8:6	ROM.13.14	45
8:6	ROM.6.23	35
8:6	JAS.1.14-JAS.1.15	32
8:6	JHN.14.27	30
8:6	GAL.5.22	30
8:6	ROM.6.21	27
8:6	JHN.14.6	22
8:6	ROM.14.17	22
8:6	ROM.7.5	21
8:6	ROM.7.11	19
8:6	JHN.17.5	18
8:6	ROM.5.1	18
8:6	ROM.5.10	17
8:7	1CO.2.14	35
8:7	1JN.2.15-1JN.2.16	21
8:7	JAS.4.4	19
8:7	EPH.4.18-EPH.4.19	15
8:7	ROM.7.22	12
8:7	COL.1.21	12
8:7	2TI.3.4	12
8:7	HEB.8.10	12
8:7	ROM.8.4	10
8:7	ROM.5.10	9
8:7	ROM.1.28	8
8:7	JHN.7.7	7
8:7	MAT.12.34	5
8:7	ROM.1.30	5
8:7	ROM.3.31	5
8:7	ROM.7.7-ROM.7.14	5
8:7	2CH.19.2	4
8:7	JER.13.23	4
8:7	MAT.5.19	4
8:7	GAL.5.22-GAL.5.23	4
8:7	2PE.2.14	4
8:7	PSA.53.1	3
8:7	JHN.15.23-JHN.15.24	3
8:7	EXO.20.5	2
8:7	1CO.9.21	1
8:8	JHN.3.5-JHN.3.6	26
8:8	ROM.8.9	16
8:8	HEB.11.5-HEB.11.6	16
8:8	ROM.7.5	15
8:8	COL.1.10	10
8:8	JHN.3.3	5
8:8	HEB.13.21	5
8:8	1JN.3.22	4
8:8	JHN.8.29	3
8:8	1CO.7.32	2
8:8	1TH.4.1	1
8:8	MAT.3.17	0
8:8	HEB.13.16	0
8:9	GAL.4.6	44
8:9	1CO.3.16	43
8:9	2TI.1.14	34
8:9	1CO.6.19	30
8:9	JHN.14.17	26
8:9	ROM.8.11	23
8:9	GAL.5.24	23
8:9	EPH.1.13	23
8:9	JHN.3.6	14
8:9	ROM.8.2	14
8:9	EZK.36.26-EZK.36.27	13
8:9	EPH.2.22	13
8:9	1JN.4.4	11
8:9	1JN.4.13	11
8:9	EZK.11.19	10
8:9	PHP.1.19	10
8:9	JHN.17.9-JHN.17.10	9
8:9	1JN.3.24	9
8:9	LUK.11.13	8
8:9	2CO.6.16	8
8:9	JHN.3.34	7
8:9	1CO.15.23	7
8:9	EPH.1.17-EPH.1.18	7
8:9	JUD.1.19-JUD.1.21	7
8:9	1CO.3.21-1CO.3.23	5
8:9	2CO.10.7	5
8:9	1PE.1.11	5
8:9	REV.13.8	4
8:9	REV.20.15	4
8:10	GAL.2.20	19
8:10	EPH.3.17	17
8:10	2CO.5.21	11
8:10	JHN.11.25-JHN.11.26	10
8:10	JHN.17.23	10
8:10	ROM.8.11	10
8:10	2CO.5.1-2CO.5.4	10
8:10	PHP.1.23	9
8:10	COL.1.27	9
8:10	COL.3.3-COL.3.4	8
8:10	JHN.14.19-JHN.14.20	6
8:10	PHP.3.9	6
8:10	JHN.14.23	5
8:10	1CO.15.45	5
8:10	JHN.15.5	4
8:10	ROM.5.21	4
8:10	2CO.4.11	4
8:10	2CO.5.6-2CO.5.8	4
8:10	HEB.9.27	4
8:10	REV.14.13	4
8:10	2CO.13.5	3
8:10	1TH.4.16	3
8:10	HEB.12.23	3
8:10	JHN.4.14	2
8:10	JHN.6.56	2
8:10	ROM.5.12	2
8:10	2PE.1.13-2PE.1.14	2
8:10	REV.7.14-REV.7.17	2
8:10	JHN.6.54	1
8:11	2CO.4.14	81
8:11	ROM.6.4-ROM.6.5	65
8:11	2CO.4.11	54
8:11	EPH.1.19-EPH.1.20	50
8:11	ROM.8.9	47
8:11	1CO.6.14	45
8:11	ROM.8.2	34
8:11	JHN.5.21	31
8:11	ACT.2.24	31
8:11	PHP.3.21	31
8:11	1CO.15.20-1CO.15.22	27
8:11	EPH.2.5	22
8:11	EZK.37.14	20
8:11	JHN.7.38-JHN.7.39	20
8:11	ACT.2.32-ACT.2.33	19
8:11	REV.11.11	19
8:11	1TH.4.14-1TH.4.17	18
8:11	JHN.14.17	17
8:11	ROM.4.24-ROM.4.25	17
8:11	1PE.1.21	15
8:11	1PE.3.18	15
8:11	1CO.15.51-1CO.15.57	14
8:11	JHN.5.28-JHN.5.29	13
8:11	REV.1.18	13
8:11	REV.20.11-REV.20.13	13
8:11	ISA.26.19	12
8:11	ROM.6.12	12
8:11	1CO.15.16	12
8:11	HEB.13.20	12
8:11	2CO.5.4	10
8:12	ROM.6.2-ROM.6.15	16
8:12	1CO.6.19-1CO.6.20	11
8:12	1PE.4.2-1PE.4.3	10
8:12	PSA.116.16	6
8:13	GAL.6.8	42
8:13	1PE.2.11	34
8:13	COL.3.5-COL.3.8	29
8:13	1CO.9.27	28
8:13	TIT.2.12	24
8:13	GAL.5.24	20
8:13	EPH.4.22	18
8:13	ROM.8.4-ROM.8.6	15
8:13	1PE.1.22	15
8:13	ROM.7.5	13
8:13	GAL.5.19-GAL.5.21	12
8:13	EPH.5.18	12
8:13	JAS.1.14-JAS.1.15	12
8:13	ROM.6.21	11
8:13	EPH.5.3-EPH.5.5	10
8:13	ROM.6.23	9
8:13	ROM.8.1-ROM.8.2	9
8:13	EPH.4.30	9
8:14	GAL.5.18	66
8:14	JHN.1.12	58
8:14	GAL.3.26	49
8:14	GAL.5.16	45
8:14	PSA.143.10	44
8:14	REV.21.7	38
8:14	GAL.5.22-GAL.5.25	37
8:14	ROM.8.16-ROM.8.17	35
8:14	1JN.3.1	32
8:14	2CO.6.18	30
8:14	ROM.8.5	29
8:14	GAL.4.6	27
8:14	ISA.48.16-ISA.48.17	25
8:14	ROM.8.9	24
8:14	HOS.1.10	23
8:14	EPH.5.9	21
8:14	ROM.8.19	20
8:14	PRO.8.20	19
8:14	ROM.9.26	18
8:14	EPH.1.5	18
8:14	ROM.9.8	17
8:15	GAL.4.5-GAL.4.7	58
8:15	2TI.1.7	57
8:15	1CO.2.12	40
8:15	ROM.8.16	35
8:15	EPH.1.5	27
8:15	HEB.2.15	24
8:15	MRK.14.36	16
8:15	1JN.4.18	14
8:15	ISA.56.5	11
8:15	JER.3.19	11
8:15	LUK.11.2	9
8:15	ROM.8.23	9
8:15	EPH.1.11-EPH.1.14	7
8:15	JHN.20.17	5
8:15	LUK.22.42	3
8:15	HEB.12.18-HEB.12.24	1
8:15	JHN.16.8	0
8:16	1JN.4.13	48
8:16	2CO.1.22	47
8:16	2CO.5.5	30
8:16	EPH.1.13	25
8:16	ROM.8.26	21
8:16	1JN.3.19-1JN.3.22	19
8:16	EPH.4.30	15
8:16	2CO.1.12	13
8:16	ROM.8.23	9
8:16	1JN.5.10	6
8:17	GAL.4.7	48
8:17	GAL.3.29	31
8:17	EPH.3.6	28
8:17	1PE.4.13	24
8:17	REV.21.7	20
8:17	1PE.1.4	17
8:17	2TI.2.10-2TI.2.14	14
8:17	PHP.1.29	13
8:17	JHN.17.24	12
8:17	TIT.3.7	12
8:17	JAS.2.5	11
8:17	HEB.6.17	10
8:17	2CO.1.7	9
8:17	JHN.12.25-JHN.12.26	8
8:17	ROM.5.17	8
8:17	MAT.16.24	7
8:17	ACT.14.22	7
8:17	LUK.12.32	6
8:17	ROM.5.9-ROM.5.10	6
8:17	2CO.4.8-2CO.4.12	6
8:17	HEB.1.14	6
8:17	ACT.20.32	5
8:17	REV.3.21	5
8:17	MAT.25.21	4
8:17	LUK.24.26	4
8:17	ROM.8.3	4
8:17	ROM.8.29-ROM.8.30	4
8:17	1CO.2.9	4
8:17	LUK.22.29-LUK.22.30	3
8:17	1CO.3.22-1CO.3.23	3
8:17	ACT.26.18	2
8:18	2CO.4.17-2CO.4.18	148
8:18	1PE.4.13	88
8:18	1PE.1.5-1PE.1.7	63
8:18	MAT.5.11-MAT.5.12	48
8:18	ACT.20.24	42
8:18	COL.3.4	41
8:18	1JN.3.2	41
8:18	1PE.1.13	38
8:18	HEB.11.25-HEB.11.26	35
8:18	2TH.1.7-2TH.1.12	32
8:18	2TH.2.14	30
8:18	1PE.5.1	25
8:18	HEB.11.35	18
8:19	MAL.3.17-MAL.3.18	24
8:19	ROM.8.23	22
8:19	1JN.3.2	21
8:19	2PE.3.11-2PE.3.13	18
8:19	PHP.1.20	17
8:19	ISA.65.17	13
8:19	REV.21.1-REV.21.5	13
8:19	ACT.3.21	11
8:19	MAT.25.31-MAT.25.46	10
8:20	GEN.3.17-GEN.3.19	18
8:20	GEN.5.29	14
8:20	ROM.8.22	11
8:20	JER.12.4	10
8:20	ISA.24.5-ISA.24.6	8
8:20	JER.14.5-JER.14.6	7
8:20	HOS.4.3	7
8:20	ECC.1.2	6
8:20	GEN.6.13	5
8:20	JOB.12.6-JOB.12.10	5
8:20	JOL.1.18	5
8:20	JER.12.11	4
8:21	REV.22.3-REV.22.5	7
8:21	ACT.3.21	5
8:21	2PE.3.13	4
8:21	REV.21.1	4
8:21	ROM.8.19	3
8:22	JER.12.4	14
8:22	JER.12.11	10
8:22	JHN.16.21	8
8:22	ROM.8.20	5
8:22	COL.1.23	5
8:22	MRK.16.15	1
8:22	PSA.48.6	0
8:22	REV.12.2	0
8:23	PHP.3.20-PHP.3.21	31
8:23	2CO.5.2-2CO.5.5	23
8:23	HEB.9.28	21
8:23	TIT.2.13	15
8:23	EPH.1.14	14
8:23	EPH.4.30	14
8:23	ROM.7.24	12
8:23	GAL.5.5	12
8:23	1JN.3.2	12
8:23	LUK.20.36	10
8:23	ROM.8.19	10
8:23	PHP.1.21-PHP.1.23	9
8:23	LUK.21.28	8
8:23	ROM.8.15-ROM.8.16	8
8:23	ROM.8.25-ROM.8.26	8
8:23	GAL.5.22-GAL.5.23	8
8:23	EPH.5.9	7
8:23	1PE.1.7	7
8:23	ROM.5.5	6
8:23	2TI.4.8	6
8:23	2CO.7.5	5
8:24	2CO.5.7	26
8:24	HEB.11.1	26
8:24	2CO.4.18	22
8:24	1PE.1.21	14
8:24	ROM.12.12	12
8:24	1TH.5.8	12
8:24	ROM.5.2	11
8:24	ROM.15.13	11
8:24	1PE.1.3	10
8:24	HEB.6.18-HEB.6.19	8
8:24	PSA.146.5	7
8:24	ROM.15.4	7
8:24	COL.1.27	7
8:24	PSA.33.18	6
8:24	GAL.5.5	6
8:24	PSA.33.22	5
8:24	JER.17.7	5
8:24	ZEC.9.12	5
8:24	1CO.13.13	5
8:24	COL.1.5	5
8:24	COL.1.23	5
8:24	2TH.2.16	5
8:24	1JN.3.3	5
8:24	TIT.2.11-TIT.2.13	4
8:24	1PE.1.10-1PE.1.11	3
8:24	PRO.14.32	2
8:25	ROM.12.12	32
8:25	HEB.10.36	22
8:25	PSA.27.14	21
8:25	LAM.3.25-LAM.3.26	16
8:25	JAS.5.7-JAS.5.11	13
8:25	1TH.1.3	12
8:25	HEB.12.1-HEB.12.3	12
8:25	PSA.130.5-PSA.130.7	9
8:25	LUK.21.19	8
8:25	COL.1.11	8
8:25	GEN.49.18	7
8:25	2TH.3.5	7
8:25	PSA.37.7-PSA.37.9	6
8:25	ISA.25.9	6
8:25	PSA.62.5-PSA.62.6	5
8:25	ROM.8.23	5
8:25	PSA.62.1	4
8:25	ISA.26.8	4
8:25	LUK.8.15	4
8:25	ROM.2.7	4
8:25	HEB.6.12	4
8:25	REV.1.9	4
8:25	JAS.1.3-JAS.1.4	3
8:25	REV.14.12	3
8:25	HEB.6.15	2
8:25	REV.13.10	2
8:26	MAT.10.20	97
8:26	EPH.6.18	80
8:26	GAL.4.6	70
8:26	JHN.14.16	63
8:26	JUD.1.20-JUD.1.21	57
8:26	EPH.2.18	49
8:26	ROM.8.15	40
8:26	PSA.6.9	33
8:26	HEB.4.15	29
8:26	JAS.4.3	24
8:26	2CO.12.5-2CO.12.10	19
8:26	ROM.15.1	18
8:26	LUK.22.44	17
8:26	PSA.10.17	15
8:26	ZEC.12.10	15
8:26	2CO.5.4	14
8:26	PSA.119.81-PSA.119.82	13
8:26	PSA.143.4-PSA.143.7	13
8:26	PSA.55.1-PSA.55.2	12
8:26	PSA.77.1-PSA.77.3	12
8:26	PSA.88.1-PSA.88.3	12
8:26	PSA.42.1-PSA.42.5	11
8:26	2CO.5.2	11
8:26	PSA.102.5	10
8:26	MAT.20.22	10
8:26	LUK.11.1-LUK.11.13	10
8:26	PSA.6.3	9
8:26	PSA.69.3	7
8:26	ROM.7.24	7
8:26	HEB.5.2	7
8:26	PSA.102.20	5
8:27	JER.17.10	33
8:27	1JN.5.14-1JN.5.15	17
8:27	EPH.2.18	15
8:27	ACT.1.24	12
8:27	ROM.8.34	12
8:27	1CH.28.9	11
8:27	PSA.44.21	11
8:27	JER.11.20	11
8:27	1JN.3.21-1JN.3.22	11
8:27	PRO.17.3	10
8:27	MAT.6.8	10
8:27	ACT.15.8	10
8:27	1TH.2.4	10
8:27	JER.20.12	9
8:27	JHN.14.13	8
8:27	HEB.4.13	8
8:27	REV.2.23	8
8:27	PSA.7.9	7
8:27	LUK.16.15	7
8:27	1CH.29.17	6
8:27	PSA.38.9	6
8:27	PSA.66.18-PSA.66.19	6
8:27	JER.29.12-JER.29.13	6
8:27	JAS.5.16	6
8:27	JAS.1.5-JAS.1.6	5
8:27	JHN.21.17	4
8:27	ROM.8.6	4
8:28	1PE.5.10	576
8:28	JAS.1.12	468
8:28	GEN.50.20	384
8:28	ROM.5.3-ROM.5.5	314
8:28	1CO.2.9	269
8:28	ROM.8.35-ROM.8.39	218
8:28	JAS.1.3-JAS.1.4	214
8:28	ROM.8.30	169
8:28	2TI.1.9	165
8:28	1PE.1.7-1PE.1.8	136
8:28	1CO.1.9	132
8:28	DEU.8.2-DEU.8.3	116
8:28	REV.3.19	111
8:28	EPH.1.9-EPH.1.11	105
8:28	HEB.12.6-HEB.12.12	98
8:28	2CO.4.15-2CO.4.17	92
8:28	EXO.20.6	87
8:28	GAL.1.15	84
8:28	ZEC.13.9	80
8:28	1TH.5.9	73
8:28	PSA.46.1-PSA.46.2	71
8:28	NEH.1.5	66
8:28	DEU.6.5	63
8:28	MRK.12.30	63
8:28	JAS.2.5	62
8:28	1JN.4.19	60
8:28	EPH.3.11	58
8:28	DEU.8.16	57
8:28	1JN.5.2-1JN.5.3	56
8:28	PSA.69.36	52
8:28	ROM.9.11	51
8:28	ROM.9.23-ROM.9.24	51
8:28	2TI.2.19	51
8:28	1JN.4.10	50
8:28	ROM.1.6-ROM.1.7	47
8:28	PHP.1.19-PHP.1.23	47
8:28	2TH.2.13-2TH.2.14	46
8:28	JER.24.5-JER.24.7	43
8:28	2CO.5.1	41
8:28	2TH.1.5-2TH.1.7	40
8:28	ACT.13.48	31
8:28	GAL.5.8	30
8:28	JER.51.29	19
8:29	EPH.1.4-EPH.1.5	1280
8:29	JER.1.5	1154
8:29	EPH.1.11	765
8:29	2TI.1.9	739
8:29	1PE.1.20	581
8:29	REV.13.8	420
8:29	2TI.2.19	384
8:29	1CO.2.7	325
8:29	1PE.1.2	319
8:29	1CO.15.49	317
8:29	COL.1.15-COL.1.18	286
8:29	ROM.9.23	278
8:29	1JN.3.2	277
8:29	2CO.3.18	230
8:29	ROM.11.2	213
8:29	JHN.17.22-JHN.17.23	197
8:29	JHN.17.16	193
8:29	PHP.3.21	187
8:29	EPH.4.24	180
8:29	REV.1.5-REV.1.6	157
8:29	EXO.33.17	155
8:29	MAT.12.50	152
8:29	EXO.33.12	150
8:29	HEB.1.5-HEB.1.6	148
8:29	PSA.1.6	146
8:29	JHN.17.26	142
8:29	ROM.13.14	139
8:29	MAT.7.23	128
8:29	JHN.17.19	124
8:29	HEB.2.11-HEB.2.15	124
8:29	JHN.20.17	123
8:29	PSA.89.27	120
8:29	MAT.25.40	117
8:30	REV.17.14	51
8:30	ROM.8.28	50
8:30	EPH.1.11	39
8:30	ROM.9.23-ROM.9.24	34
8:30	EPH.1.5	29
8:30	HEB.9.15	26
8:30	1PE.2.9	26
8:30	1CO.6.11	23
8:30	JHN.17.22	18
8:30	1PE.3.9	18
8:30	2PE.1.10	17
8:30	ROM.5.8-ROM.5.10	13
8:30	1CO.1.9	13
8:30	1CO.1.2	11
8:30	1TH.2.12	11
8:30	2TI.2.11	10
8:30	TIT.3.4-TIT.3.7	10
8:30	1PE.5.10	10
8:30	JHN.6.39-JHN.6.40	8
8:30	JHN.17.24	8
8:30	REV.19.9	8
8:30	ISA.41.9	7
8:30	ROM.3.22-ROM.3.26	7
8:30	EPH.4.4	7
8:30	2TH.1.10-2TH.1.12	7
8:30	2TH.2.13-2TH.2.14	7
8:30	1PE.4.13-1PE.4.14	7
8:30	JHN.5.24	6
8:30	ROM.8.17-ROM.8.18	6
8:30	ROM.8.33-ROM.8.35	6
8:30	2CO.4.17	6
8:30	EPH.2.6	6
8:30	COL.3.4	6
8:30	ROM.1.6	5
8:30	ROM.8.1	5
8:31	PSA.118.6	294
8:31	JER.1.19	242
8:31	PSA.56.11	194
8:31	1JN.4.4	185
8:31	ISA.54.17	154
8:31	JER.20.11	141
8:31	PSA.56.4	113
8:31	PSA.27.1-PSA.27.3	109
8:31	PSA.84.11-PSA.84.12	102
8:31	NUM.14.9	84
8:31	JHN.10.28-JHN.10.30	78
8:31	ISA.50.7-ISA.50.9	76
8:31	GEN.15.1	74
8:31	DEU.33.29	73
8:31	PSA.46.7	68
8:31	1SA.17.45-1SA.17.47	59
8:31	JOS.10.42	53
8:31	PSA.46.1-PSA.46.3	53
8:31	PSA.46.11	53
8:31	1SA.14.6	43
8:31	ROM.4.1	21
8:32	JHN.3.16	80
8:32	ROM.8.28	65
8:32	PSA.84.11	44
8:32	1JN.4.10	32
8:32	2CO.5.21	29
8:32	1CO.2.12	26
8:32	ROM.5.6-ROM.5.10	22
8:32	1CO.3.21-1CO.3.23	18
8:32	ROM.4.25	15
8:32	ROM.6.23	15
8:32	2PE.2.4-2PE.2.5	14
8:32	ISA.53.10	13
8:32	MAT.3.17	10
8:32	GEN.22.12	6
8:32	REV.21.7	6
8:32	ROM.11.21	5
8:32	2CO.4.15	3
8:33	ISA.50.8-ISA.50.9	22
8:33	REV.12.10-REV.12.11	22
8:33	ISA.54.17	20
8:33	ROM.8.1	16
8:33	LUK.18.7	15
8:33	1TH.1.4	13
8:33	ZEC.3.1-ZEC.3.4	10
8:33	ROM.3.26	9
8:33	JOB.42.7-JOB.42.9	8
8:33	ISA.42.1	8
8:33	1PE.1.2	8
8:33	MAT.24.24	6
8:33	JOB.1.9-JOB.1.11	5
8:33	GAL.3.8	4
8:33	JOB.2.4-JOB.2.6	2
8:33	JOB.22.6-JOB.22.30	2
8:33	JOB.34.8-JOB.34.9	2
8:33	PSA.35.11	2
8:33	TIT.1.1	1
8:34	HEB.7.25	36
8:34	ROM.8.27	25
8:34	HEB.9.24	19
8:34	ROM.8.1	17
8:34	1PE.3.22	17
8:34	COL.3.1	14
8:34	MRK.16.19	13
8:34	HEB.10.19-HEB.10.22	13
8:34	HEB.8.1-HEB.8.2	12
8:34	1JN.2.1-1JN.2.2	11
8:34	PSA.109.31	10
8:34	ISA.53.12	9
8:34	HEB.4.14-HEB.4.15	9
8:34	ROM.5.6-ROM.5.10	8
8:34	ROM.14.9	8
8:34	ROM.4.25	6
8:34	REV.1.18	6
8:34	PSA.37.33	5
8:34	JER.50.20	5
8:34	HEB.12.1-HEB.12.2	5
8:34	JHN.16.23	4
8:34	JHN.16.26-JHN.16.27	4
8:34	ROM.14.13	4
8:34	HEB.1.3	4
8:34	HEB.9.10-HEB.9.14	4
8:34	1PE.3.18	4
8:34	JOB.33.24	3
8:34	MAT.20.28	3
8:34	JHN.14.19	3
8:34	JHN.17.20-JHN.17.24	3
8:34	ACT.7.56-ACT.7.60	2
8:34	GAL.3.13-GAL.3.14	2
8:34	HEB.10.10-HEB.10.14	2
8:34	JOB.34.29	1
8:35	JHN.10.28	60
8:35	PSA.103.17	49
8:35	JHN.16.33	40
8:35	ROM.5.3-ROM.5.5	38
8:35	2CO.4.17	34
8:35	1PE.4.12-1PE.4.14	28
8:35	ROM.8.39	24
8:35	2TI.4.16-2TI.4.18	21
8:35	MAT.10.28-MAT.10.31	17
8:35	2TI.1.12	16
8:35	1CO.4.11	15
8:35	ROM.8.17	14
8:35	2CO.6.4-2CO.6.10	13
8:35	HEB.12.3-HEB.12.11	12
8:35	REV.7.14-REV.7.17	12
8:35	JER.31.3	11
8:35	1PE.1.5-1PE.1.7	10
8:35	MAT.5.10-MAT.5.12	9
8:35	JHN.13.1	9
8:35	ACT.14.22	9
8:35	ACT.20.23-ACT.20.24	9
8:35	2TH.2.13-2TH.2.14	9
8:35	JAS.1.2-JAS.1.4	9
8:35	LUK.21.12-LUK.21.18	8
8:35	2TH.2.16	8
8:35	2CO.11.23-2CO.11.27	7
8:35	REV.1.5	7
8:36	PSA.44.22	62
8:36	ISA.53.7	25
8:36	1CO.15.30	16
8:36	ACT.8.32	12
8:36	1CO.4.9	12
8:36	2CO.4.10-2CO.4.11	12
8:36	ACT.20.24	9
8:36	JER.11.19	7
8:36	JHN.16.2	7
8:36	JER.12.3	6
8:36	JER.51.40	5
8:36	PSA.141.7	0
8:37	1CO.15.57	102
8:37	1JN.4.4	81
8:37	2CO.2.14	63
8:37	1JN.5.4-1JN.5.5	63
8:37	REV.21.7	37
8:37	REV.12.11	29
8:37	JUD.1.24	28
8:37	2CO.12.9	24
8:37	GAL.2.20	22
8:37	JHN.16.33	20
8:37	REV.17.14	17
8:37	EPH.5.2	16
8:37	1JN.4.19	16
8:37	REV.1.5	12
8:37	2CH.20.25-2CH.20.27	10
8:37	1CO.15.54	9
8:37	ISA.25.8	8
8:37	2TH.2.16	8
8:37	REV.7.9-REV.7.10	8
8:37	1JN.4.10	7
8:37	REV.3.9	7
8:37	REV.11.7-REV.11.12	7
8:37	2CO.12.19	6
8:37	EPH.5.25-EPH.5.27	5
8:38	JHN.10.28	66
8:38	ROM.14.8	37
8:38	2TI.1.12	30
8:38	1PE.5.8-1PE.5.10	20
8:38	1PE.3.22	18
8:38	COL.1.16	17
8:38	1CO.3.22-1CO.3.23	14
8:38	COL.2.15	12
8:38	EPH.6.11-EPH.6.12	11
8:38	ROM.4.21	10
8:38	1CO.15.54-1CO.15.58	10
8:38	2CO.4.13	10
8:38	EPH.1.21	10
8:38	2CO.5.4-2CO.5.8	8
8:38	2CO.11.14	7
8:38	PHP.1.20-PHP.1.23	7
8:38	HEB.11.13	7
8:39	JHN.10.28-JHN.10.30	47
8:39	ROM.8.35	42
8:39	ROM.5.8	29
8:39	EPH.3.18-EPH.3.19	26
8:39	1JN.4.19	26
8:39	JHN.3.16	19
8:39	1JN.4.9-1JN.4.10	19
8:39	EPH.1.4	17
8:39	JHN.16.27	12
8:39	JHN.17.26	12
8:39	COL.3.3-COL.3.4	10
8:39	1JN.4.16	10
8:39	TIT.3.4-TIT.3.7	8
8:39	EPH.2.4-EPH.2.7	7
8:39	EXO.9.16-EXO.9.17	4
8:39	ISA.24.21	4
8:39	ROM.11.33	4
8:39	PSA.64.6	3
8:39	PRO.20.5	3
8:39	2TH.2.9-2TH.2.12	3
8:39	ISA.10.10-ISA.10.14	2
8:39	ISA.10.33	2
8:39	DAN.4.11	2
8:39	DAN.5.18-DAN.5.23	2
8:39	MAT.24.24	2
8:39	2CO.2.11	2
8:39	2CO.11.3	2
8:39	PSA.93.3-PSA.93.4	1
8:39	2TH.2.4	1
8:39	REV.2.24	1
8:39	REV.12.9	1
8:39	REV.13.1-REV.13.8	1
8:39	REV.13.14	1
8:39	REV.19.20	1
8:39	REV.20.3	1
8:39	REV.20.7	1
9:1	1TI.2.7	9
9:1	ROM.1.9	8
9:1	GAL.1.20	7
9:1	2CO.11.10	6
9:1	PHP.1.8	5
9:1	ROM.8.16	4
9:1	2CO.1.12	4
9:1	2CO.12.19	4
9:1	1TH.2.5	4
9:1	1TI.1.5	4
9:1	ROM.2.15	3
9:1	2CO.1.23	3
9:1	2CO.11.31	3
9:1	1TI.5.21	3
9:1	1JN.3.19-1JN.3.21	3
9:2	PHP.3.18	8
9:2	PSA.119.136	6
9:2	JER.13.17	6
9:2	LAM.3.51	6
9:2	ROM.10.1	6
9:2	LUK.19.41-LUK.19.44	5
9:2	JER.9.1	4
9:2	LAM.3.48-LAM.3.49	4
9:2	EZK.9.4	4
9:2	1SA.15.35	3
9:2	ISA.66.10	3
9:2	LAM.1.12	3
9:2	REV.11.3	3
9:3	EXO.32.32	13
9:3	EST.8.6	7
9:3	ROM.11.14	6
9:3	GAL.3.10	4
9:3	1CO.16.22	3
9:3	GEN.29.14	2
9:3	DEU.21.23	2
9:3	JOS.6.17-JOS.6.18	2
9:3	1SA.14.24	2
9:3	1SA.14.44	2
9:3	ACT.7.23-ACT.7.26	2
9:3	ACT.13.26	2
9:3	ROM.11.1	2
9:3	1CO.12.3	2
9:3	GAL.3.13	2
9:3	GAL.1.8	1
9:4	EPH.2.12	15
9:4	PSA.147.19	12
9:4	GEN.17.2	9
9:4	ROM.9.6	8
9:4	DEU.7.6	7
9:4	ACT.2.39	7
9:4	EXO.4.22	6
9:4	HEB.9.1	6
9:4	1KI.8.11	4
9:4	PSA.89.3	4
9:4	ACT.3.25-ACT.3.26	4
9:4	ROM.8.15	4
9:4	HEB.6.13-HEB.6.17	4
9:4	GEN.17.7	3
9:4	DEU.14.1	3
9:4	JER.31.33	3
9:4	LUK.1.69-LUK.1.75	3
9:4	JHN.1.17	3
9:4	HEB.9.10	3
9:4	GEN.15.18	2
9:4	GEN.17.10	2
9:4	GEN.32.28	2
9:4	EXO.12.25	2
9:4	EXO.19.3-EXO.19.6	2
9:4	EXO.24.7-EXO.24.8	2
9:4	EXO.34.27	2
9:4	EXO.40.34	2
9:4	NUM.7.89	2
9:4	DEU.29.1	2
9:4	DEU.29.14	2
9:4	DEU.31.16	2
9:4	1SA.4.21-1SA.4.22	2
9:4	NEH.9.13-NEH.9.14	2
9:4	NEH.13.29	2
9:4	PSA.63.2	2
9:4	PSA.73.1	2
9:4	PSA.78.61	2
9:4	PSA.89.34	2
9:4	PSA.90.16	2
9:4	ISA.5.2	2
9:4	ISA.41.8	2
9:4	ISA.46.3	2
9:4	ISA.60.19	2
9:4	JER.31.9	2
9:4	JER.31.20	2
9:4	JER.33.20-JER.33.25	2
9:4	EZK.20.11-EZK.20.12	2
9:4	HOS.11.1	2
9:4	MAT.21.33	2
9:4	LUK.1.54-LUK.1.55	2
9:4	JHN.1.47	2
9:4	ACT.13.32-ACT.13.33	2
9:4	HEB.8.6-HEB.8.10	2
9:4	HEB.9.3	2
9:4	ROM.3.2	1
9:5	JHN.10.30	13
9:5	JHN.1.1-JHN.1.3	11
9:5	COL.1.16-COL.1.19	11
9:5	ROM.1.25	10
9:5	1JN.5.20	9
9:5	ROM.1.3	7
9:5	PHP.2.6-PHP.2.11	6
9:5	1TI.3.16	6
9:5	ISA.9.6-ISA.9.7	5
9:5	ISA.11.1	5
9:5	MAT.1.1-MAT.1.17	5
9:5	REV.1.18	5
9:5	PSA.41.13	4
9:5	PSA.45.6	4
9:5	PSA.72.19	4
9:5	PSA.103.19	4
9:5	PSA.106.48	4
9:5	ISA.7.14	4
9:5	JER.23.5-JER.23.6	4
9:5	MIC.5.2	4
9:5	ROM.10.12	4
9:5	ROM.11.28	4
9:5	2CO.11.31	4
9:5	HEB.1.8-HEB.1.13	4
9:5	REV.22.16	4
9:5	DEU.27.15-DEU.27.26	3
9:5	1KI.1.36	3
9:5	1CH.16.36	3
9:5	PSA.89.52	3
9:5	MAT.28.20	3
9:5	LUK.3.23-LUK.3.38	3
9:5	1CO.14.16	3
9:5	1TI.6.15	3
9:5	2TI.2.8	3
9:5	REV.22.20	3
9:5	JER.28.6	2
9:5	MAT.6.13	2
9:5	ACT.20.28	2
9:5	REV.5.14	2
9:5	GEN.12.3	1
9:5	GEN.49.10	1
9:5	DEU.10.15	1
9:6	ROM.2.28-ROM.2.29	13
9:6	GAL.6.16	13
9:6	ROM.11.1-ROM.11.2	9
9:6	ROM.3.3	6
9:6	ROM.4.12-ROM.4.16	6
9:6	NUM.23.19	4
9:6	JHN.1.47	4
9:6	ISA.55.11	3
9:6	MAT.24.35	3
9:6	JHN.10.35	3
9:6	2TI.2.13	3
9:6	HEB.6.17-HEB.6.18	3
9:7	GEN.21.12	21
9:7	HEB.11.18	13
9:7	JHN.8.37-JHN.8.39	7
9:7	GAL.4.23	5
9:7	LUK.3.8	2
9:7	PHP.3.3	2
9:7	LUK.16.24-LUK.16.25	1
9:7	LUK.16.30	1
9:7	JHN.8.33	1
9:8	JHN.1.13	12
9:8	ROM.4.11-ROM.4.16	11
9:8	GAL.3.26-GAL.3.29	10
9:8	ROM.8.14	8
9:8	GAL.4.22-GAL.4.31	7
9:8	1JN.3.1-1JN.3.2	6
9:8	PSA.87.6	4
9:8	GEN.31.15	3
9:8	PSA.22.30	3
9:9	GEN.18.10	20
9:9	GEN.18.14	12
9:9	GEN.17.21	10
9:9	GEN.21.2	7
9:9	HEB.11.11-HEB.11.12	7
9:9	HEB.11.17	4
9:10	GEN.25.21-GEN.25.23	5
9:10	LUK.16.26	2
9:10	ROM.5.3	1
9:10	ROM.5.11	1
9:11	2TI.1.9	13
9:11	EPH.1.4-EPH.1.5	12
9:11	2PE.1.10	10
9:11	ROM.8.28-ROM.8.30	8
9:11	EPH.1.9-EPH.1.11	8
9:11	TIT.3.5	6
9:11	ISA.14.24	5
9:11	ROM.11.5-ROM.11.7	5
9:11	2TH.2.13-2TH.2.14	5
9:11	1PE.5.10	5
9:11	REV.17.14	5
9:11	ROM.4.17	4
9:11	PSA.51.5	3
9:11	ISA.14.26-ISA.14.27	3
9:11	ISA.46.10-ISA.46.11	3
9:11	EPH.2.9	3
9:11	ISA.23.9	2
9:11	EPH.2.3	2
9:11	1TH.1.4	2
9:11	EPH.3.11	1
9:11	1TH.2.12	1
9:11	JER.51.29	0
9:12	GEN.25.22-GEN.25.23	10
9:12	2SA.8.14	0
9:12	1KI.22.47	0
9:13	MAL.1.2-MAL.1.3	43
9:14	2CH.19.7	13
9:14	PSA.145.17	12
9:14	DEU.32.4	9
9:14	JOB.34.10-JOB.34.12	8
9:14	PSA.92.15	8
9:14	REV.16.7	8
9:14	JOB.8.3	7
9:14	GEN.18.25	6
9:14	JOB.34.18-JOB.34.19	4
9:14	JOB.35.2	4
9:14	JER.12.1	4
9:14	ROM.2.5	4
9:14	ROM.3.1	4
9:14	ROM.3.5-ROM.3.6	4
9:14	REV.15.3-REV.15.4	4
9:15	EXO.33.19	51
9:15	ROM.9.16	21
9:15	MIC.7.18	20
9:15	ROM.9.18-ROM.9.19	19
9:15	EXO.34.6-EXO.34.7	16
9:15	ISA.27.11	7
9:16	EPH.2.8	21
9:16	MAT.11.25-MAT.11.26	12
9:16	PHP.2.13	12
9:16	EPH.2.4-EPH.2.5	11
9:16	1PE.2.9-1PE.2.10	11
9:16	TIT.3.3-TIT.3.5	9
9:16	ROM.9.11	8
9:16	1CO.1.26-1CO.1.31	8
9:16	LUK.10.21	7
9:16	JAS.1.18	7
9:16	ISA.65.1	6
9:16	2TH.2.13-2TH.2.14	6
9:16	JHN.1.12-JHN.1.13	5
9:16	JHN.3.8	4
9:16	PSA.110.3	0
9:17	EXO.9.16	38
9:17	PRO.16.4	15
9:17	EXO.10.1-EXO.10.2	9
9:17	EXO.14.17-EXO.14.18	9
9:17	JHN.17.26	6
9:17	EXO.15.14-EXO.15.15	5
9:17	JOS.9.9	5
9:17	1SA.2.7-1SA.2.8	5
9:17	EST.4.14	5
9:17	ISA.37.20	5
9:17	ISA.45.1-ISA.45.3	5
9:17	EXO.18.10-EXO.18.11	4
9:17	JOS.2.9-JOS.2.10	4
9:17	1SA.4.8	4
9:17	PSA.83.17-PSA.83.18	4
9:17	GAL.3.22	4
9:17	ISA.10.5-ISA.10.6	3
9:17	JER.27.6-JER.27.7	3
9:17	ROM.11.4	3
9:17	GAL.3.8	3
9:17	GAL.4.30	3
9:17	DAN.4.22	2
9:17	DAN.5.18-DAN.5.21	2
9:18	EXO.4.21	11
9:18	JOS.11.20	11
9:18	ROM.9.15-ROM.9.16	10
9:18	ROM.11.7-ROM.11.8	8
9:18	2TH.2.10-2TH.2.12	8
9:18	DEU.2.30	5
9:18	ROM.5.20-ROM.5.21	4
9:18	EXO.7.13	3
9:18	ISA.63.17	3
9:18	ACT.28.26-ACT.28.28	3
9:18	ROM.1.24-ROM.1.28	3
9:18	MAT.13.14-MAT.13.15	2
9:18	EPH.1.6	0
9:19	DAN.4.35	12
9:19	2CH.20.6	8
9:19	1CO.15.12	4
9:19	1CO.15.35	4
9:19	GEN.50.20	3
9:19	JOB.9.12-JOB.9.15	3
9:19	JOB.9.19	3
9:19	JOB.23.13-JOB.23.14	3
9:19	PSA.76.10	3
9:19	ISA.10.6-ISA.10.7	3
9:19	ISA.46.10-ISA.46.11	3
9:19	MRK.14.21	3
9:19	ACT.2.23	2
9:19	ACT.4.27-ACT.4.28	2
9:19	ROM.3.5-ROM.3.8	2
9:19	ROM.11.19	2
9:19	JAS.1.13	2
9:20	ISA.29.16	26
9:20	ISA.45.9-ISA.45.11	20
9:20	ISA.64.8	15
9:20	JOB.33.13	7
9:20	JOB.36.23	5
9:20	JOB.40.2	5
9:20	MAT.20.15	5
9:20	JOB.16.3	4
9:20	1TI.6.5	4
9:20	JOB.38.2-JOB.38.3	3
9:20	JOB.40.8	3
9:20	JOB.42.2-JOB.42.6	3
9:20	1CO.1.20	3
9:20	JOB.40.5	2
9:20	MIC.6.8	2
9:20	ROM.2.1	2
9:20	TIT.2.9	2
9:20	JAS.2.20	2
9:20	1CO.7.16	0
9:21	ISA.64.8	20
9:21	PRO.16.4	14
9:21	2TI.2.20-2TI.2.21	14
9:21	JER.18.3-JER.18.6	11
9:21	ACT.9.15	10
9:21	ROM.9.22-ROM.9.23	9
9:21	ROM.9.11	8
9:21	ROM.9.18	5
9:21	JER.22.28	4
9:21	HOS.8.8	4
9:22	PRO.16.4	21
9:22	JUD.1.4	13
9:22	ROM.9.21	11
9:22	1PE.2.8	11
9:22	2TI.2.20	10
9:22	EXO.9.16	9
9:22	1TH.2.16	8
9:22	ROM.9.17	7
9:22	ROM.2.4-ROM.2.5	6
9:22	2PE.2.3	6
9:22	PSA.90.11	5
9:22	ECC.8.11-ECC.8.12	5
9:22	MAT.23.31-MAT.23.33	5
9:22	PSA.50.21-PSA.50.22	4
9:22	NUM.14.11	3
9:22	NUM.14.18	3
9:22	GEN.15.16	2
9:22	1TH.5.9	2
9:22	2PE.3.8-2PE.3.9	2
9:22	LAM.3.22	1
9:22	ROM.1.18	1
9:22	1PE.3.20	1
9:22	2PE.2.9	1
9:22	2PE.3.15	1
9:22	REV.6.9-REV.6.11	1
9:22	REV.6.16-REV.6.17	1
9:23	ROM.2.4	5
9:23	COL.1.27	4
9:23	1PE.1.2-1PE.1.5	4
9:23	ROM.5.20-ROM.5.21	3
9:23	EPH.2.10	3
9:23	EPH.3.16	3
9:23	1CH.29.18	2
9:23	LUK.1.17	2
9:23	ROM.8.29	2
9:23	EPH.1.6-EPH.1.8	2
9:23	EPH.1.18	2
9:23	EPH.2.3-EPH.2.5	2
9:23	EPH.2.7	2
9:23	2TI.2.21	2
9:23	EPH.3.8	1
9:23	COL.1.12	1
9:23	1TH.5.9	1
9:23	2TH.1.10-2TH.1.12	1
9:23	2TH.2.13-2TH.2.14	1
9:23	TIT.3.3-TIT.3.7	1
9:24	COL.3.11	3
9:24	GEN.49.10	2
9:24	PSA.22.27	2
9:24	ACT.13.47-ACT.13.48	2
9:24	ACT.15.14	2
9:24	ACT.21.17-ACT.21.20	2
9:24	ROM.3.29-ROM.3.30	2
9:24	ROM.8.28-ROM.8.30	2
9:24	ROM.10.12	2
9:24	ROM.11.11-ROM.11.13	2
9:24	ROM.15.8-ROM.15.16	2
9:24	1CO.1.9	2
9:24	GAL.3.28	2
9:24	EPH.2.11-EPH.2.13	2
9:24	EPH.3.6-EPH.3.8	2
9:24	HEB.3.1	2
9:24	1PE.5.10	2
9:24	REV.19.9	2
9:24	ROM.4.11-ROM.4.12	1
9:25	HOS.2.23	28
9:25	1PE.2.10	15
9:25	EZK.16.8	5
9:25	JHN.16.27	5
9:25	ROM.1.7	4
9:25	HOS.1.1-HOS.1.2	3
9:26	HOS.1.9-HOS.1.10	14
9:26	1JN.3.1-1JN.3.3	7
9:26	ISA.43.6	5
9:26	ROM.8.16	5
9:26	GAL.3.26	5
9:26	2CO.6.18	3
9:26	MAT.16.16	2
9:26	JHN.11.52	2
9:27	ISA.10.20-ISA.10.23	28
9:27	ROM.11.4-ROM.11.6	16
9:27	ISA.1.9	9
9:27	HOS.1.10	7
9:27	JER.5.10	6
9:27	EZK.6.8	6
9:27	ISA.11.11	5
9:27	GEN.22.17	4
9:27	ISA.1.1	3
9:27	MIC.5.3-MIC.5.8	3
9:27	EZR.9.8	2
9:27	EZR.9.14	2
9:27	ISA.24.13	2
9:28	ISA.10.23	10
9:28	ACT.17.31	4
9:28	PSA.9.8	3
9:28	ISA.30.12-ISA.30.14	3
9:28	REV.19.11	3
9:28	PSA.65.5	2
9:28	ISA.5.16	2
9:28	ISA.28.22	2
9:28	DAN.9.26-DAN.9.27	2
9:28	MAT.24.21	2
9:29	ISA.1.9	21
9:29	ISA.13.19	7
9:29	AMO.4.11	6
9:29	JAS.5.4	6
9:29	JER.49.18	5
9:29	JER.50.40	5
9:29	GEN.19.24-GEN.19.25	4
9:29	DEU.29.23	4
9:29	2PE.2.6	4
9:29	JUD.1.7	4
9:29	ISA.6.13	2
9:29	LAM.3.22	2
9:29	LAM.4.6	2
9:29	ZEP.2.6	2
9:30	PHP.3.9	12
9:30	GAL.2.16	9
9:30	HEB.11.7	9
9:30	ROM.4.11	6
9:30	ROM.10.20	4
9:30	GAL.5.5	4
9:30	ISA.51.1	3
9:30	ROM.9.14	3
9:30	ROM.10.6	3
9:30	ROM.10.10	3
9:30	EPH.2.12	3
9:30	PRO.15.9	2
9:30	PRO.21.21	2
9:30	ISA.65.1-ISA.65.2	2
9:30	ROM.1.17-ROM.1.32	2
9:30	ROM.3.5	2
9:30	ROM.3.21-ROM.3.22	2
9:30	ROM.4.9	2
9:30	ROM.4.13	2
9:30	ROM.4.22	2
9:30	ROM.5.1	2
9:30	ROM.9.31	2
9:30	1CO.6.9-1CO.6.11	2
9:30	GAL.3.8	2
9:30	GAL.3.24	2
9:30	EPH.4.17-EPH.4.19	2
9:30	1TI.6.11	2
9:30	1PE.4.3	2
9:31	ROM.11.7	6
9:31	ROM.3.20	4
9:31	JAS.2.10-JAS.2.11	4
9:31	ROM.10.2-ROM.10.4	3
9:31	GAL.5.3-GAL.5.4	3
9:31	ISA.51.1	2
9:31	ROM.4.14-ROM.4.15	2
9:31	GAL.3.10-GAL.3.11	2
9:31	GAL.3.21	2
9:31	PHP.3.6	2
9:31	ROM.9.30-ROM.9.32	0
9:32	1CO.1.23	7
9:32	LUK.7.23	6
9:32	LUK.2.34	4
9:32	ROM.4.16	4
9:32	ROM.11.11	4
9:32	1PE.2.8	4
9:32	MAT.13.57	3
9:32	JHN.6.27-JHN.6.29	3
9:32	ACT.16.30-ACT.16.34	3
9:32	ROM.10.3	3
9:32	MAT.19.16-MAT.19.20	2
9:32	1JN.5.9-1JN.5.12	2
9:33	ISA.28.16	54
9:33	ISA.8.14-ISA.8.15	26
9:33	ROM.10.11	21
9:33	JOL.2.26-JOL.2.27	20
9:33	1PE.2.6-1PE.2.8	18
9:33	PSA.118.22	17
9:33	PSA.25.2-PSA.25.3	15
9:33	ROM.5.5	15
9:33	PSA.25.20	10
9:33	ISA.45.17	9
9:33	1JN.2.28	9
9:33	ISA.54.4	8
9:33	MAT.21.42	8
9:33	PHP.1.20	8
9:33	2TI.1.12	8
9:33	MAT.21.44	7
10:1	1CO.9.20-1CO.9.22	9
10:1	JHN.5.34	8
10:1	ROM.9.1-ROM.9.3	7
10:1	EXO.32.13	3
10:1	JER.17.16	3
10:1	JER.18.20	3
10:1	EXO.32.10	2
10:1	1SA.12.23	2
10:1	LUK.13.34	2
10:1	1SA.15.11	1
10:1	1SA.15.35-1SA.16.1	1
10:2	ACT.21.20	15
10:2	ROM.9.31-ROM.9.32	13
10:2	PRO.19.2	12
10:2	PHP.1.9	11
10:2	PHP.3.6	11
10:2	ROM.10.3	10
10:2	GAL.1.14	9
10:2	2CO.4.4	8
10:2	2KI.10.16	7
10:2	PSA.14.4	6
10:2	ACT.22.3	6
10:2	ACT.26.9-ACT.26.10	6
10:2	2CO.4.6	6
10:2	ACT.21.28	5
10:2	2CO.8.3	5
10:2	GAL.4.15	4
10:2	ISA.27.1	3
10:2	ACT.22.22	3
10:2	GAL.4.17-GAL.4.18	3
10:2	COL.4.13	3
10:2	JHN.16.2	1
10:3	LUK.16.15	19
10:3	PHP.3.9	19
10:3	2CO.5.21	12
10:3	LUK.18.9-LUK.18.12	10
10:3	ROM.5.19	10
10:3	REV.3.17-REV.3.18	10
10:3	ROM.1.17	9
10:3	ISA.51.8	8
10:3	ISA.57.12	8
10:3	ROM.3.22	8
10:3	NEH.9.33	6
10:3	ISA.56.1	6
10:3	LUK.10.29	6
10:3	LEV.26.41	5
10:3	JOB.33.27	5
10:3	PSA.71.19	5
10:3	ISA.64.6	5
10:3	PSA.71.15-PSA.71.16	4
10:3	LAM.3.22	4
10:3	JHN.16.9-JHN.16.10	4
10:3	ROM.3.26	4
10:3	ROM.9.30-ROM.9.32	4
10:3	GAL.5.3-GAL.5.4	4
10:3	2PE.1.1	4
10:3	ISA.51.6	3
10:3	JER.23.5-JER.23.6	3
10:3	DAN.9.6-DAN.9.9	3
10:3	DAN.9.24	3
10:3	LUK.15.17-LUK.15.21	1
10:4	GAL.3.24	38
10:4	ROM.8.3-ROM.8.4	31
10:4	MAT.5.17-MAT.5.18	24
10:4	ACT.13.38-ACT.13.39	21
10:4	JHN.1.17	19
10:4	ISA.53.11	11
10:4	HEB.10.14	11
10:4	ROM.7.1-ROM.7.4	8
10:4	COL.2.10	8
10:4	COL.2.17	8
10:4	ROM.3.22	7
10:4	ROM.3.25-ROM.3.31	7
10:4	1CO.1.30	7
10:4	HEB.10.8-HEB.10.12	6
10:4	MAT.3.15	5
10:4	HEB.9.7-HEB.9.14	3
10:5	LEV.18.5	26
10:5	NEH.9.29	12
10:5	EZK.20.11	12
10:5	EZK.20.13	11
10:5	EZK.20.21	11
10:5	GAL.3.12	10
10:5	LUK.10.27-LUK.10.28	7
10:5	ROM.7.10	7
10:6	DEU.30.11-DEU.30.14	27
10:6	PRO.30.4	12
10:6	EPH.4.8-EPH.4.10	9
10:6	JHN.3.12-JHN.3.13	8
10:6	JHN.6.58	6
10:6	ROM.3.22	5
10:6	ROM.4.13	5
10:6	ROM.9.30-ROM.9.31	5
10:6	PHP.3.9	5
10:6	JHN.6.33	4
10:6	JHN.6.38	4
10:6	JHN.6.50-JHN.6.51	4
10:6	ROM.3.25	4
10:6	HEB.1.3	4
10:6	HEB.11.7	4
10:7	HEB.13.20	7
10:7	REV.1.18	3
10:7	ROM.4.25	2
10:7	1PE.3.18	0
10:7	1PE.3.22	0
10:8	DEU.30.14	53
10:8	ROM.1.16-ROM.1.17	13
10:8	1TI.4.6	12
10:8	1PE.1.25	10
10:8	GAL.3.2	8
10:8	ACT.10.43	7
10:8	ROM.10.17	7
10:8	GAL.3.5	7
10:8	1PE.1.23	6
10:8	MRK.16.15-MRK.16.16	5
10:8	ACT.13.38-ACT.13.39	5
10:8	ISA.57.19	4
10:8	ACT.16.31	3
10:9	LUK.12.8	132
10:9	ACT.16.31	106
10:9	PHP.2.11	91
10:9	MAT.10.32-MAT.10.33	62
10:9	1JN.4.2-1JN.4.3	48
10:9	1PE.1.21	43
10:9	ROM.8.34	37
10:9	1CO.15.14-1CO.15.18	35
10:9	ROM.14.11	33
10:9	1CO.12.3	26
10:9	JHN.12.42-JHN.12.43	25
10:9	2JN.1.7	23
10:9	JHN.9.22	18
10:9	JHN.20.26-JHN.20.29	18
10:9	ACT.2.24	16
10:9	ACT.8.36	15
10:9	JHN.6.69-JHN.6.71	12
10:10	1JN.4.15	41
10:10	ROM.10.9	33
10:10	GAL.2.16	23
10:10	JHN.1.12-JHN.1.13	20
10:10	JHN.3.19-JHN.3.21	19
10:10	HEB.10.22	16
10:10	LUK.8.15	13
10:10	HEB.3.12	13
10:10	PHP.3.9	10
10:10	REV.2.13	9
10:11	ISA.28.16	67
10:11	ROM.9.33	48
10:11	1PE.2.6	42
10:11	ISA.49.23	36
10:11	JER.17.7	34
10:12	PHP.4.19	22
10:12	REV.17.14	20
10:12	GAL.3.28	17
10:12	ROM.3.22	15
10:12	PSA.86.5	12
10:12	COL.3.11	12
10:12	PSA.145.18	9
10:12	EPH.1.7	7
10:12	ROM.3.29-ROM.3.30	6
10:12	1TI.2.5	6
10:12	ACT.10.34-ACT.10.36	5
10:12	ROM.14.9	5
10:12	EPH.3.6	5
10:12	ISA.55.6	4
10:12	ACT.15.8-ACT.15.9	4
10:12	ROM.2.4	4
10:12	ROM.4.11-ROM.4.12	4
10:12	PHP.2.11	4
10:12	COL.1.27	4
10:12	COL.2.2-COL.2.3	4
10:12	REV.19.16	4
10:12	ROM.9.23-ROM.9.24	3
10:12	1CO.1.2	3
10:12	1CO.15.47	3
10:12	2CO.8.9	3
10:12	EPH.2.18-EPH.2.22	3
10:12	ACT.9.14	1
10:12	ROM.15.12	1
10:12	EPH.2.4	1
10:12	EPH.2.7	1
10:12	EPH.3.8	0
10:12	EPH.3.16	0
10:13	JOL.2.32	131
10:13	ACT.2.21	131
10:14	MRK.16.15-MRK.16.16	30
10:14	ACT.26.17-ACT.26.18	19
10:14	TIT.1.3	15
10:14	ACT.8.31	13
10:14	HEB.11.6	12
10:14	LUK.24.46-LUK.24.47	10
10:14	EPH.4.21	10
10:14	2TI.4.17	10
10:14	JAS.5.15	10
10:14	JON.3.5-JON.3.9	9
10:14	JHN.20.31	9
10:14	ACT.19.2	9
10:14	1KI.8.41-1KI.8.43	7
10:14	ROM.1.5	7
10:14	ROM.16.25-ROM.16.26	7
10:14	JON.1.5	6
10:14	JON.1.9-JON.1.11	6
10:14	JON.1.16	6
10:15	ISA.52.7	85
10:15	NAM.1.15	50
10:15	EPH.2.17	28
10:15	MAT.28.18-MAT.28.20	20
10:15	ISA.61.1	17
10:15	EPH.6.15	16
10:15	ISA.40.9	12
10:15	EPH.3.8	10
10:15	EPH.4.11-EPH.4.12	10
10:15	1PE.1.12	9
10:15	JER.23.32	8
10:15	ISA.57.19	7
10:15	LUK.2.14	7
10:15	ACT.9.15	7
10:15	LUK.2.10	6
10:15	LUK.10.1	6
10:15	JHN.20.21	6
10:15	ACT.13.2-ACT.13.4	6
10:15	2CO.5.18-2CO.5.20	6
10:15	MAT.9.38-MAT.10.6	5
10:15	LUK.8.1	5
10:15	ACT.13.26	5
10:15	ACT.22.21	5
10:15	1CO.12.28-1CO.12.29	5
10:15	ACT.10.36	4
10:16	ISA.53.1	22
10:16	ROM.3.3	7
10:16	JHN.12.38-JHN.12.40	6
10:16	HEB.4.2	5
10:16	GAL.5.7	4
10:16	2TH.1.8	4
10:16	ROM.2.8	3
10:16	ROM.6.17	3
10:16	HEB.5.9	3
10:16	HEB.11.8	3
10:16	1PE.2.8	3
10:16	ISA.50.10	2
10:16	JHN.10.26	2
10:16	ACT.28.24	2
10:16	ROM.1.5	2
10:16	ROM.11.17	2
10:16	ROM.16.26	2
10:16	GAL.3.1	2
10:16	1PE.1.22	2
10:16	1PE.3.1	2
10:17	GAL.3.2	82
10:17	GAL.3.5	62
10:17	LUK.11.28	55
10:17	COL.3.16	55
10:17	1TH.2.13	52
10:17	MRK.4.24	41
10:17	LUK.8.21	39
10:17	ROM.1.16	34
10:17	ROM.10.14	29
10:17	HEB.4.12-HEB.4.13	28
10:17	1CO.1.18-1CO.1.24	22
10:17	2TH.2.13-2TH.2.14	20
10:17	LUK.8.11	18
10:17	LUK.16.29-LUK.16.31	18
10:17	JAS.1.18-JAS.1.21	18
10:17	1PE.1.23-1PE.2.2	17
10:17	REV.1.9	17
10:17	2CO.2.17	16
10:17	JER.23.28-JER.23.29	14
10:17	COL.1.4-COL.1.6	13
10:18	PSA.19.4	27
10:18	MAT.24.14	11
10:18	ROM.1.8	11
10:18	1TH.1.8	9
10:18	COL.1.6	8
10:18	COL.1.23	8
10:18	MRK.16.15	7
10:18	MAT.28.19	6
10:18	MAT.26.13	5
10:18	PSA.22.27	4
10:18	PSA.98.3	4
10:18	ISA.49.6	4
10:18	ISA.52.10	4
10:18	JER.16.19	4
10:18	ACT.2.5-ACT.2.11	4
10:18	ISA.24.16	3
10:18	MAT.4.8	3
10:18	1KI.18.10	2
10:18	ROM.15.19	2
10:18	MRK.16.20	1
10:18	ACT.28.23	1
10:18	ACT.26.20	0
10:19	DEU.32.21	38
10:19	ROM.11.11	13
10:19	ROM.11.14	10
10:19	TIT.3.3	6
10:19	1PE.2.10	6
10:19	PSA.115.5-PSA.115.8	4
10:19	ISA.44.18-ISA.44.20	4
10:19	1CO.1.12	4
10:19	JER.10.8	2
10:19	JER.10.14	2
10:19	HOS.2.23	2
10:19	ROM.1.21-ROM.1.22	2
10:19	ROM.3.26	2
10:19	ROM.10.18	2
10:19	1CO.7.29	2
10:19	1CO.10.19	2
10:19	1CO.11.22	2
10:19	1CO.12.2	2
10:19	1CO.15.50	2
10:20	ISA.65.1-ISA.65.2	34
10:20	ROM.9.30	17
10:20	ISA.55.4-ISA.55.5	12
10:20	MAT.22.9-MAT.22.10	10
10:20	ISA.49.6	7
10:20	EPH.6.19-EPH.6.20	6
10:20	ISA.52.15	5
10:20	LUK.14.23	5
10:20	ISA.58.1	4
10:20	1JN.4.19	4
10:20	PRO.28.1	3
10:20	MAT.20.16	3
10:21	ISA.65.2-ISA.65.5	20
10:21	NEH.9.26	4
10:21	PRO.1.24	4
10:21	JER.35.15	4
10:21	MAT.21.33-MAT.21.43	4
10:21	1PE.2.8	4
10:21	DEU.9.13	3
10:21	DEU.31.27	3
10:21	JER.25.4	3
10:21	MAT.22.3-MAT.22.7	3
10:21	ACT.7.51-ACT.7.52	3
10:21	ACT.13.46-ACT.13.47	3
10:21	1TH.2.16	3
10:21	1SA.8.7-1SA.8.8	2
10:21	JER.44.4-JER.44.6	2
10:21	MAT.20.1-MAT.20.15	2
10:21	LUK.24.47	2
10:21	MAT.23.34-MAT.23.37	1
11:1	2CO.11.22	19
11:1	1SA.12.22	18
11:1	JER.33.24-JER.33.26	12
11:1	PHP.3.5	11
11:1	ACT.26.4	10
11:1	AMO.9.8-AMO.9.9	9
11:1	PSA.94.14	8
11:1	HOS.9.17	7
11:1	ACT.22.3	7
11:1	JER.31.36-JER.31.37	6
11:1	2KI.23.27	5
11:1	ROM.3.4	5
11:1	ROM.9.3	5
11:1	PSA.77.7	4
11:1	PSA.89.31-PSA.89.37	4
11:2	PSA.94.14	11
11:2	ROM.8.29-ROM.8.30	10
11:2	1PE.1.2	3
11:2	GEN.44.15	2
11:2	EXO.32.1	2
11:2	NUM.16.15	2
11:2	ACT.3.17	2
11:2	ROM.9.23	2
11:2	NEH.9.30	1
11:2	JER.18.19-JER.18.23	1
11:2	LUK.4.1	1
11:2	JHN.4.1-JHN.4.3	1
11:2	JHN.4.11	1
11:2	ACT.7.40	1
11:2	ACT.13.48	1
11:2	ACT.15.18	1
11:2	ROM.9.6	1
11:2	PHP.1.22	1
11:2	HEB.1.1	1
11:2	1CO.6.2	0
11:3	1KI.19.10-1KI.19.18	27
11:3	1KI.18.13	6
11:3	NEH.9.26	5
11:3	1KI.18.4	4
11:3	JER.2.30	4
11:3	1KI.18.30-1KI.18.31	3
11:4	1KI.19.18	20
11:4	NUM.25.3	8
11:4	2KI.10.19-2KI.10.20	6
11:4	ZEP.1.4	6
11:4	JDG.2.13	5
11:4	HOS.13.1	5
11:4	1KI.16.31	4
11:4	JER.19.5	4
11:4	HOS.2.8	4
11:4	DEU.4.3	3
11:5	ROM.9.27	12
11:5	EPH.1.5-EPH.1.6	9
11:5	ROM.9.11	8
11:5	ROM.11.6-ROM.11.7	6
11:5	ROM.11.28	5
11:6	GAL.2.21	12
11:6	2TI.1.9	11
11:6	ROM.3.27-ROM.3.28	10
11:6	ROM.4.4-ROM.4.5	10
11:6	TIT.3.5	10
11:6	GAL.5.4	8
11:6	EPH.2.4-EPH.2.9	8
11:6	1CO.15.10	7
11:6	DEU.9.4-DEU.9.6	6
11:6	ROM.5.20-ROM.5.21	5
11:7	ROM.9.18	7
11:7	ROM.11.5	5
11:7	ROM.11.25	5
11:7	2CO.4.4	5
11:7	ROM.9.31-ROM.9.32	4
11:7	2TH.2.10-2TH.2.14	4
11:7	ROM.8.28-ROM.8.30	3
11:7	ROM.9.23	3
11:7	2CO.3.14	3
11:7	EPH.1.4	3
11:7	PRO.1.28	2
11:7	ISA.6.10	2
11:7	ISA.44.18	2
11:7	MAT.13.14-MAT.13.15	2
11:7	LUK.13.24	2
11:7	JHN.12.40	2
11:7	ROM.3.9	2
11:7	ROM.6.15	2
11:7	ROM.10.3	2
11:7	1CO.10.19	2
11:7	PHP.1.18	2
11:7	HEB.12.17	1
11:7	1PE.1.2	1
11:8	DEU.29.4	42
11:8	ISA.29.10	38
11:8	EZK.12.2	19
11:8	JER.5.21	17
11:8	2CO.3.14-2CO.3.15	16
11:8	LUK.8.10	14
11:8	MAT.13.13-MAT.13.14	12
11:8	MRK.4.11-MRK.4.12	12
11:8	ACT.28.26	12
11:8	ISA.6.9	11
11:8	2KI.17.41	5
11:8	2KI.17.34	4
11:9	PSA.69.22-PSA.69.23	36
11:9	PSA.28.4	4
11:9	DEU.32.13-DEU.32.15	3
11:9	1SA.25.36-1SA.25.38	3
11:9	JOB.20.20-JOB.20.23	3
11:9	PRO.1.32	3
11:9	ISA.8.13-ISA.8.14	3
11:9	ISA.59.18	3
11:9	LUK.12.20	3
11:9	LUK.16.19-LUK.16.25	3
11:9	1TI.6.17-1TI.6.19	3
11:9	DEU.32.35	2
11:9	ISA.66.9	2
11:9	HEB.2.2	2
11:9	DEU.6.10-DEU.6.12	1
11:10	PSA.69.23	8
11:10	DEU.28.64-DEU.28.68	5
11:10	ROM.1.21	3
11:10	ROM.11.8	3
11:10	EPH.4.18	3
11:10	2PE.2.4	3
11:10	ISA.65.12	2
11:10	ZEC.11.17	2
11:10	2PE.2.17	2
11:10	JUD.1.6	2
11:10	JUD.1.13	2
11:10	ISA.51.23	1
11:11	ACT.13.46-ACT.13.48	12
11:11	ROM.11.31	11
11:11	ROM.10.19	10
11:11	ROM.11.12	8
11:11	ROM.11.14	8
11:11	EZK.18.23	7
11:11	EZK.18.32	5
11:11	ACT.28.24-ACT.28.28	5
11:11	ROM.11.1	3
11:11	ACT.18.6	2
11:11	EZK.33.11	1
11:11	ACT.13.42	0
11:11	ACT.22.18-ACT.22.21	0
11:12	ROM.11.25	7
11:12	ROM.11.15	6
11:12	COL.1.27	6
11:12	ISA.11.11-ISA.12.6	4
11:12	MIC.5.7	4
11:12	ROM.9.23	4
11:12	EPH.3.8	4
11:12	ISA.66.8-ISA.66.20	3
11:12	ZEC.2.11	3
11:12	ISA.60.1-ISA.60.22	2
11:12	ZEC.8.20-ZEC.8.23	2
11:12	ROM.11.33	2
11:12	REV.11.15-REV.11.19	2
11:12	MIC.4.1-MIC.4.2	1
11:13	ACT.9.15	8
11:13	2TI.1.11-2TI.1.12	7
11:13	ROM.15.16-ROM.15.19	4
11:13	GAL.1.16	4
11:13	EPH.3.8	4
11:13	1TI.2.7	4
11:13	ACT.13.2	3
11:13	ACT.22.21	3
11:13	ACT.26.17-ACT.26.18	3
11:13	GAL.2.2	3
11:13	GAL.2.7-GAL.2.9	3
11:14	1CO.7.16	8
11:14	ROM.9.3	6
11:14	1TI.4.16	6
11:14	TIT.3.5	5
11:14	ROM.11.11	4
11:14	1CO.1.21	4
11:14	1CO.9.20-1CO.9.22	4
11:14	1TI.2.4	4
11:14	2TI.2.10	4
11:14	PHM.1.12	3
11:14	JAS.5.20	3
11:15	EPH.1.10	6
11:15	ROM.5.10-ROM.5.11	5
11:15	LUK.15.24	4
11:15	LUK.15.32	4
11:15	ROM.11.11-ROM.11.12	4
11:15	2CO.5.18-2CO.5.20	4
11:15	COL.1.20-COL.1.21	4
11:15	REV.11.11	3
11:15	EZK.37.1-EZK.37.14	2
11:15	DAN.9.24	2
11:15	ROM.11.1-ROM.11.2	2
11:15	REV.20.4-REV.20.6	1
11:16	PRO.3.9	6
11:16	EZK.44.30	6
11:16	LEV.23.10	4
11:16	NUM.15.17-NUM.15.21	4
11:16	JER.2.21	4
11:16	JAS.1.18	4
11:16	ROM.11.17	3
11:16	GEN.17.7	2
11:16	EXO.23.16	2
11:16	DEU.18.4	2
11:16	DEU.26.10	2
11:16	EXO.22.29	1
11:16	EXO.23.19	1
11:16	1CO.7.14	1
11:16	REV.14.4	1
11:16	NEH.10.35-NEH.10.37	0
11:17	EPH.2.11-EPH.2.13	13
11:17	EPH.3.6	13
11:17	JHN.15.2	10
11:17	PSA.52.8	9
11:17	JER.11.16	9
11:17	MAT.21.43	9
11:17	ACT.2.39	6
11:17	COL.2.13	6
11:17	JDG.9.8-JDG.9.9	5
11:17	ISA.27.11	5
11:17	EZK.15.6-EZK.15.8	5
11:17	MAT.8.11-MAT.8.12	4
11:17	GAL.2.15	4
11:17	DEU.8.8	3
11:17	ISA.6.13	3
11:17	JON.1.16	3
11:17	ZEC.4.3	3
11:17	REV.11.4	3
11:17	PSA.80.11-PSA.80.16	1
11:17	JHN.15.6	1
11:18	ROM.11.20	7
11:18	1CO.10.12	7
11:18	ROM.3.27	4
11:18	EPH.2.19-EPH.2.20	4
11:18	PRO.16.18	3
11:18	JHN.10.16	3
11:18	1KI.20.11	2
11:18	ZEC.8.20-ZEC.8.23	2
11:18	MAT.26.33	2
11:18	LUK.18.9-LUK.18.11	2
11:18	ROM.4.16	2
11:18	GAL.3.29	2
11:18	JHN.4.22	1
11:19	ROM.11.23-ROM.11.24	4
11:19	ROM.11.17	3
11:19	ROM.11.11-ROM.11.12	2
11:20	ROM.12.16	10
11:20	2CO.1.24	9
11:20	1CO.10.12	7
11:20	PHP.2.12	6
11:20	1PE.1.17	6
11:20	HAB.2.4	5
11:20	ROM.5.1-ROM.5.2	5
11:20	ROM.11.18	5
11:20	COL.2.7	5
11:20	1TI.6.17	5
11:20	HEB.3.12	5
11:20	PRO.28.14	4
11:20	ISA.66.2	4
11:20	2CO.10.5	4
11:20	2TI.3.3-2TI.3.5	4
11:20	PSA.138.6	3
11:20	PRO.28.26	3
11:20	ISA.2.11	3
11:20	ISA.2.17	3
11:20	ISA.7.9	3
11:20	ZEP.3.11	3
11:20	LUK.18.14	3
11:20	JHN.4.17-JHN.4.18	3
11:20	ACT.13.46-ACT.13.47	3
11:20	ACT.18.6	3
11:20	ROM.3.3	3
11:20	1CO.16.13	3
11:20	2TH.2.4	3
11:20	HEB.3.19-HEB.4.1	3
11:20	HEB.4.6	3
11:20	HEB.4.11	3
11:20	JAS.4.6	3
11:20	1PE.5.5-1PE.5.6	3
11:20	1PE.5.9	3
11:20	1PE.5.12	3
11:20	REV.3.17	3
11:20	REV.18.7	3
11:20	2CH.20.20	2
11:20	JAS.2.19	2
11:21	JER.25.29	4
11:21	JER.49.12	4
11:21	2PE.2.4-2PE.2.9	4
11:21	ROM.8.32	3
11:21	ROM.11.19	3
11:21	JUD.1.5	3
11:21	ROM.11.17	2
11:21	1CO.10.1-1CO.10.12	2
11:22	HEB.3.14	15
11:22	JHN.15.2	14
11:22	1CO.15.2	14
11:22	HEB.3.6	14
11:22	REV.2.5	10
11:22	GAL.6.9	8
11:22	ROM.2.4-ROM.2.5	6
11:22	HEB.10.35-HEB.10.39	6
11:22	ROM.2.7	5
11:22	ISA.66.14	4
11:22	JHN.8.31	4
11:22	ACT.14.22	4
11:22	ROM.9.22-ROM.9.23	4
11:22	HEB.10.23	4
11:22	JUD.1.20-JUD.1.21	4
11:22	EZK.33.17-EZK.33.19	3
11:22	MAT.3.9-MAT.3.10	3
11:22	LUK.8.15	3
11:22	ACT.11.23	3
11:22	1TH.3.8	3
11:22	NUM.14.18-NUM.14.22	2
11:22	DEU.32.39-DEU.32.43	2
11:22	JOS.23.15-JOS.23.16	2
11:22	PSA.58.10-PSA.58.11	2
11:22	PSA.78.49-PSA.78.52	2
11:22	PSA.136.15-PSA.136.22	2
11:22	EZK.3.20	2
11:22	EZK.18.24	2
11:22	JHN.15.4-JHN.15.10	2
11:22	1TH.3.5	2
11:22	1JN.2.19	1
11:23	2CO.3.16	7
11:23	ZEC.12.10	6
11:23	MAT.23.39	1
11:24	ROM.11.17-ROM.11.18	4
11:24	ROM.11.30	0
11:25	LUK.21.24	23
11:25	2CO.3.14-2CO.3.16	14
11:25	ROM.16.25	12
11:25	ROM.12.16	10
11:25	ZEC.8.20-ZEC.8.23	6
11:25	ZEC.14.9-ZEC.14.21	6
11:25	ROM.11.7-ROM.11.8	6
11:25	ISA.2.1-ISA.2.8	5
11:25	ISA.60.1-ISA.60.22	4
11:25	MIC.4.1-MIC.4.2	4
11:25	EPH.3.9	4
11:25	PSA.22.27	3
11:25	HOS.14.9	3
11:25	ROM.1.13	3
11:25	1CO.10.1	3
11:25	EPH.3.3-EPH.3.4	3
11:25	REV.7.9	3
11:25	REV.10.7	3
11:25	PSA.72.8-PSA.72.14	2
11:25	PSA.72.17	2
11:25	PRO.3.5-PRO.3.7	2
11:25	ISA.5.21	2
11:25	ISA.66.18-ISA.66.23	2
11:25	2PE.3.8	2
11:25	REV.11.15	2
11:25	REV.20.2-REV.20.4	2
11:25	PSA.107.43	1
11:25	PSA.127.1	1
11:25	PRO.26.12	1
11:25	PRO.26.16	1
11:25	1CO.12.1	1
11:26	ISA.59.20	56
11:26	JER.31.31-JER.31.37	23
11:26	PSA.14.7	16
11:26	HOS.3.5	14
11:26	ZEC.10.6-ZEC.10.12	14
11:26	AMO.9.14-AMO.9.15	12
11:26	ISA.45.17	9
11:26	JOL.3.16-JOL.3.21	9
11:26	EZK.37.21-EZK.37.28	8
11:26	ACT.3.26	6
11:26	ISA.11.11-ISA.11.16	4
11:26	ISA.54.6-ISA.54.10	4
11:26	ZEP.3.12-ZEP.3.20	4
11:26	TIT.2.14	4
11:26	EZK.34.22-EZK.34.31	3
11:26	MAT.1.21	3
11:26	JER.3.17-JER.3.23	2
11:26	JER.32.37-JER.32.41	2
11:26	JER.33.24-JER.33.26	2
11:26	EZK.39.25-EZK.40.48	2
11:26	MIC.7.15-MIC.7.20	2
11:26	PSA.106.47	1
11:26	JER.30.17-JER.30.22	1
11:27	JER.31.31-JER.31.34	23
11:27	ISA.59.21	11
11:27	JER.32.38-JER.32.40	10
11:27	EZK.36.25-EZK.36.29	10
11:27	ISA.27.9	9
11:27	ISA.43.25	9
11:27	JHN.1.29	7
11:27	HEB.8.8-HEB.8.12	7
11:27	HEB.10.16	7
11:27	JER.50.20	6
11:27	ISA.55.3	3
11:27	HOS.14.2	2
11:28	DEU.10.15	7
11:28	DEU.7.7-DEU.7.8	6
11:28	MAT.21.43	5
11:28	ROM.9.5	5
11:28	ROM.11.7	5
11:28	LUK.1.68-LUK.1.75	4
11:28	ACT.13.45-ACT.13.46	4
11:28	ROM.11.11	4
11:28	LEV.26.40-LEV.26.42	3
11:28	DEU.4.31	3
11:28	DEU.8.18	3
11:28	DEU.9.5	3
11:28	PSA.105.8-PSA.105.11	3
11:28	ISA.41.8-ISA.41.9	3
11:28	JER.31.3	3
11:28	MIC.7.20	3
11:28	1TH.2.15-1TH.2.16	3
11:28	GEN.26.4	2
11:28	GEN.28.14	2
11:28	LUK.1.54	2
11:28	ACT.14.2	2
11:28	ACT.18.6	2
11:28	ROM.5.10	2
11:28	ROM.11.30	2
11:29	NUM.23.19	41
11:29	HEB.7.21	40
11:29	MAL.3.6	29
11:29	ROM.8.28	25
11:29	HOS.13.14	10
11:30	COL.3.7	5
11:30	1CO.7.25	4
11:30	EPH.2.1-EPH.2.2	4
11:30	ROM.11.31	3
11:30	1CO.6.9-1CO.6.11	3
11:30	2CO.4.1	3
11:30	TIT.3.3-TIT.3.7	3
11:30	EPH.2.12-EPH.2.13	2
11:30	EPH.2.19-EPH.2.21	2
11:30	1PE.2.10	2
11:30	1TI.1.18	1
11:31	ROM.10.16	4
11:31	ROM.11.15	4
11:31	ROM.11.25	4
11:32	GAL.3.22	14
11:32	ROM.3.9	9
11:32	ROM.3.22	6
11:32	1TI.2.4-1TI.2.6	6
11:32	JHN.1.7	4
11:32	JHN.12.32	4
11:33	JOB.11.7-JOB.11.9	34
11:33	JOB.5.9	33
11:33	PSA.92.5	26
11:33	COL.2.2-COL.2.3	20
11:33	ROM.2.4	18
11:33	JOB.37.23	15
11:33	EPH.1.7	13
11:33	EPH.3.10	13
11:33	PSA.36.6	12
11:33	ECC.3.11	12
11:33	JOB.26.14	11
11:33	ROM.9.23	11
11:33	EPH.2.7	11
11:33	PSA.77.19	10
11:33	COL.1.27	10
11:33	PSA.40.5	9
11:33	PSA.97.2	9
11:33	EPH.3.16	9
11:33	JOB.9.10	8
11:33	DAN.4.35	8
11:33	EPH.3.8	6
11:33	PSA.107.8-PSA.107.43	5
11:33	PRO.25.3	5
11:33	EPH.3.18	5
11:33	JOB.33.13	4
11:33	JOB.37.19	4
11:34	ISA.40.13	25
11:34	1CO.2.16	20
11:34	JOB.15.8	12
11:34	JOB.36.22	8
11:34	JER.23.18	6
11:35	JOB.41.11	19
11:35	JOB.35.7	8
11:35	1CO.4.7	2
11:36	COL.1.15-COL.1.17	43
11:36	1CO.8.6	42
11:36	HEB.2.10	25
11:36	1TI.1.17	22
11:36	ROM.16.27	15
11:36	ACT.17.28	13
11:36	1CH.29.11-1CH.29.12	12
11:36	ACT.17.25-ACT.17.26	11
11:36	JUD.1.25	11
11:36	PSA.115.1	10
11:36	2PE.3.18	10
11:36	REV.21.6	10
11:36	EPH.4.6-EPH.4.10	9
11:36	2TI.4.18	9
11:36	REV.5.12-REV.5.14	9
11:36	PRO.16.4	8
11:36	REV.4.10-REV.4.11	8
11:36	PSA.33.6	7
11:36	DAN.2.20-DAN.2.23	6
11:36	1CO.11.12	6
11:36	PHP.4.20	6
11:36	1PE.5.11	6
11:36	PSA.29.1-PSA.29.2	5
11:36	GAL.1.5	5
11:36	EPH.3.21	5
11:36	PSA.96.7-PSA.96.8	4
11:36	REV.1.5-REV.1.6	4
11:36	REV.19.1	4
11:36	ISA.42.12	3
11:36	DAN.4.34	3
11:36	LUK.19.38	3
11:36	HEB.13.21	3
11:36	1PE.4.11	3
11:36	REV.7.10	3
11:36	REV.19.6-REV.19.7	3
11:36	DAN.4.3	2
11:36	MAT.6.13	2
11:36	LUK.2.14	2
11:36	1TI.6.16	2
12:1	1PE.2.5	286
12:1	ROM.6.13	238
12:1	ROM.6.19	185
12:1	HEB.13.15-HEB.13.16	185
12:1	EPH.4.1	149
12:1	ROM.12.2	145
12:1	PSA.19.14	121
12:1	1PE.2.10-1PE.2.12	106
12:1	ROM.6.16	84
12:1	PSA.116.12	83
12:1	2CO.4.16	80
12:1	1CO.6.13-1CO.6.20	67
12:1	TIT.3.4-TIT.3.8	52
12:1	1CO.5.7-1CO.5.8	50
12:1	1TH.4.1	48
12:1	2CO.5.14-2CO.5.15	45
12:1	2CO.5.20	41
12:1	EPH.2.4-EPH.2.10	40
12:1	HEB.10.20-HEB.10.22	39
12:1	EPH.5.10	35
12:1	ISA.56.7	33
12:1	PSA.69.30-PSA.69.31	32
12:1	1CO.1.10	31
12:1	PHP.2.17	31
12:1	ROM.11.30-ROM.11.31	30
12:1	ROM.2.4	29
12:1	ROM.15.30	27
12:1	PHP.4.18	26
12:1	2CO.6.1	25
12:1	1PE.2.20	25
12:1	ROM.15.16	24
12:1	PHP.1.20	24
12:1	PSA.50.13-PSA.50.14	23
12:1	JER.6.20	22
12:1	PHP.2.1-PHP.2.5	22
12:1	1TI.2.3	20
12:1	LUK.7.47	19
12:1	2CO.4.1	18
12:1	1TH.5.12	18
12:1	ROM.9.23	17
12:1	1TI.5.4	17
12:1	HOS.14.2	15
12:1	1TH.4.10	15
12:1	HEB.13.22	15
12:1	2CO.10.1	13
12:2	1PE.1.14	583
12:2	EPH.4.22-EPH.4.24	556
12:2	2CO.5.17	461
12:2	COL.3.10	421
12:2	1JN.2.15-1JN.2.17	388
12:2	EPH.5.17	276
12:2	EZK.36.26	261
12:2	1PE.4.2	218
12:2	ROM.12.1	205
12:2	JHN.15.19	191
12:2	PSA.51.10	188
12:2	ROM.13.14	182
12:2	TIT.3.5	158
12:2	JAS.4.4	149
12:2	2CO.4.4	131
12:2	PRO.3.1-PRO.3.4	127
12:2	EPH.4.17-EPH.4.20	120
12:2	JHN.17.14	111
12:2	COL.1.21-COL.1.22	107
12:2	GAL.5.22-GAL.5.23	102
12:2	PSA.19.7-PSA.19.11	97
12:2	2PE.1.4	93
12:2	JAS.1.27	88
12:2	PSA.34.8	87
12:2	1JN.4.4-1JN.4.5	86
12:2	EZK.18.31	85
12:2	EPH.5.9-EPH.5.10	83
12:2	1JN.3.13	82
12:2	1TH.4.3	81
12:2	2TI.3.16-2TI.3.17	80
12:2	EPH.1.18	78
12:2	PRO.3.13-PRO.3.18	77
12:2	1JN.5.19	77
12:2	PSA.119.174	76
12:2	2PE.2.20	74
12:2	2CO.6.14-2CO.6.17	71
12:2	EPH.2.2	70
12:2	ROM.7.22	67
12:2	PSA.119.128	66
12:2	GAL.1.4	66
12:2	1CO.3.19	65
12:2	PSA.119.97	64
12:2	PSA.119.103	64
12:2	EXO.23.2	63
12:2	LEV.18.29-LEV.18.30	63
12:2	PSA.119.47-PSA.119.48	63
12:2	PSA.119.72	63
12:2	JHN.7.7	62
12:2	1PE.2.3	62
12:2	ROM.7.12	61
12:2	DEU.18.9-DEU.18.14	59
12:2	COL.4.12	59
12:2	REV.13.8	59
12:2	1PE.1.18	57
12:2	JHN.14.30	56
12:2	ROM.7.14	55
12:2	REV.12.9	54
12:3	GAL.6.3	59
12:3	PHP.2.3-PHP.2.8	52
12:3	PRO.26.12	36
12:3	ROM.12.16	28
12:3	1PE.5.5	28
12:3	ECC.7.16	26
12:3	1PE.5.8	23
12:3	JAS.4.6	20
12:3	PRO.16.18-PRO.16.19	17
12:3	1PE.4.7	17
12:3	1PE.4.11	17
12:3	MIC.6.8	14
12:3	1CO.7.17	13
12:3	EPH.4.7-EPH.4.13	12
12:3	TIT.2.12	12
12:3	TIT.2.2	11
12:3	ROM.12.6-ROM.12.8	10
12:3	MAT.18.1-MAT.18.4	9
12:3	2CO.12.7	8
12:3	ROM.11.20	7
12:3	1CO.12.7-1CO.12.11	7
12:3	TIT.2.4	7
12:3	1PE.1.13	7
12:3	ROM.1.5	6
12:3	JHN.3.34	5
12:3	1CO.15.10	5
12:3	1CO.4.7-1CO.4.8	4
12:3	EPH.3.7-EPH.3.8	4
12:3	LUK.18.11	2
12:3	EPH.4.16	2
12:3	TIT.2.6	2
12:3	PRO.25.27	1
12:3	ROM.11.25	1
12:3	1CO.3.10	1
12:3	EPH.3.4	1
12:3	1TI.1.14	1
12:3	1TI.2.9	1
12:3	1TI.2.15	1
12:3	2CO.12.13	0
12:3	GAL.2.8-GAL.2.9	0
12:3	EPH.3.2	0
12:3	COL.1.29	0
12:3	COL.2.13	0
12:3	3JN.1.9	0
12:4	1CO.12.27	21
12:4	1CO.12.12-1CO.12.14	19
12:4	EPH.4.15-EPH.4.16	15
12:4	1CO.12.4	8
12:4	EPH.4.4	6
12:5	1CO.12.20	16
12:5	1CO.12.27-1CO.12.28	11
12:5	1CO.10.17	9
12:5	EPH.4.25	9
12:5	EPH.5.30	7
12:5	COL.2.19	6
12:5	1CO.10.33	5
12:5	1CO.12.12-1CO.12.14	5
12:5	COL.1.24	4
12:5	ROM.12.4	3
12:5	EPH.1.23	3
12:5	EPH.5.23	0
12:6	1PE.4.10-1PE.4.11	23
12:6	1CO.7.7	22
12:6	1CO.12.28-1CO.12.31	19
12:6	1CO.12.4-1CO.12.11	18
12:6	ROM.12.3	15
12:6	1CO.13.2	12
12:6	ROM.1.11	11
12:6	1CO.14.1	11
12:6	1CO.14.3-1CO.14.5	11
12:6	1CO.1.5-1CO.1.7	9
12:6	EPH.4.11	8
12:6	2CO.8.12	6
12:6	1CO.4.6-1CO.4.7	5
12:6	1CO.14.31-1CO.14.32	5
12:6	1TH.5.20	5
12:6	ACT.15.32	4
12:6	1CO.14.29	4
12:6	MAT.23.34	3
12:6	LUK.11.49	3
12:6	ACT.2.17	3
12:6	PHP.3.15	3
12:6	ACT.21.9	2
12:6	1CO.14.24	2
12:6	EPH.3.5	2
12:6	ACT.11.27-ACT.11.28	1
12:6	ACT.18.24-ACT.18.28	1
12:6	ACT.13.1	0
12:7	ACT.13.1	7
12:7	EPH.4.11	7
12:7	1TI.5.17	7
12:7	2TI.4.2	7
12:7	PSA.34.11	6
12:7	PSA.51.13	6
12:7	EZK.3.17-EZK.3.21	6
12:7	MAT.24.45-MAT.24.47	6
12:7	MAT.28.19	6
12:7	LUK.12.42-LUK.12.44	6
12:7	ACT.20.28	6
12:7	GAL.6.6	6
12:7	COL.1.28-COL.1.29	6
12:7	COL.4.17	6
12:7	1TI.2.7	6
12:7	1TI.3.2	6
12:7	1TI.4.16	6
12:7	2TI.2.2	6
12:7	2TI.2.24	6
12:7	DEU.33.10	5
12:7	1SA.12.23	5
12:7	ECC.12.9	5
12:7	ISA.21.8	5
12:7	EZK.33.7-EZK.33.9	5
12:7	JHN.3.2	5
12:7	ACT.6.1	5
12:7	ACT.20.20	5
12:7	1CO.12.28	5
12:7	1PE.5.1-1PE.5.4	4
12:8	2CO.9.7	11
12:8	1TI.5.17	9
12:8	1CO.12.28	7
12:8	1TI.3.4-1TI.3.5	7
12:8	ACT.15.32	6
12:8	ACT.13.15	5
12:8	ACT.20.2	5
12:8	ACT.20.28	5
12:8	1TH.5.12-1TH.5.14	5
12:8	HEB.13.7	5
12:8	HEB.13.17	5
12:8	HEB.13.22	5
12:8	ACT.11.28-ACT.11.30	4
12:8	1CO.14.3	4
12:8	2CO.8.12	4
12:8	HEB.10.25	4
12:8	HEB.13.24	4
12:8	PSA.37.21	3
12:8	PSA.101.1-PSA.101.8	3
12:8	PSA.112.9	3
12:8	PRO.22.9	3
12:8	ECC.9.10	3
12:8	ECC.11.1-ECC.11.2	3
12:8	ECC.11.6	3
12:8	ISA.64.5	3
12:8	MAT.6.2-MAT.6.4	3
12:8	MAT.25.40	3
12:8	LUK.21.1-LUK.21.4	3
12:8	ROM.12.13	3
12:8	2CO.1.12	3
12:8	2CO.9.11	3
12:8	2CO.9.13	3
12:8	1TH.2.3	3
12:8	1TH.2.8	3
12:8	1TI.4.13	3
12:8	GEN.18.19	2
12:8	DEU.15.8-DEU.15.11	2
12:8	DEU.15.14	2
12:8	DEU.16.11	2
12:8	DEU.16.14-DEU.16.15	2
12:8	JOB.31.16-JOB.31.20	2
12:8	ISA.32.5	2
12:8	ISA.32.8	2
12:8	ISA.58.7-ISA.58.11	2
12:8	ACT.2.44-ACT.2.46	2
12:8	ACT.4.33-ACT.4.35	2
12:8	ACT.13.12	2
12:8	ROM.13.6	2
12:8	2CO.8.1-2CO.8.9	2
12:8	2CO.11.3	2
12:8	EPH.6.5	2
12:8	COL.3.22	2
12:8	1PE.4.9-1PE.4.11	2
12:8	1PE.5.2-1PE.5.3	2
12:9	PSA.34.14	46
12:9	1PE.4.8	38
12:9	1TI.1.5	30
12:9	1JN.3.18-1JN.3.20	27
12:9	1PE.3.10-1PE.3.11	19
12:9	1TH.5.21	18
12:9	PSA.101.3	15
12:9	AMO.5.15	15
12:9	1PE.1.22	15
12:9	PSA.97.10	14
12:9	HEB.12.14	14
12:9	PRO.8.13	11
12:9	2CO.8.8	10
12:9	2CO.6.6	9
12:9	1TH.5.15	9
12:9	HEB.1.9	8
12:9	PSA.119.163	7
12:9	EZK.33.31	7
12:9	PSA.119.104	6
12:9	PRO.26.25	6
12:9	PSA.36.4	5
12:9	PSA.55.21	5
12:9	PSA.45.7	4
12:9	JHN.12.6	4
12:9	ACT.11.23	4
12:9	1TH.2.3	4
12:9	JAS.2.15-JAS.2.16	4
12:9	MAT.26.49	2
12:10	PHP.2.3	46
12:10	JHN.13.34-JHN.13.35	44
12:10	HEB.13.1	36
12:10	1JN.4.11	33
12:10	1PE.3.8-1PE.3.9	27
12:10	1PE.1.22	26
12:10	1PE.2.17	22
12:10	1TH.4.9	21
12:10	GAL.5.13	20
12:10	EPH.4.1-EPH.4.3	20
12:10	PSA.133.1	18
12:10	GAL.5.22	18
12:10	2PE.1.7	16
12:10	1JN.4.20-1JN.5.2	16
12:10	JHN.15.17	14
12:10	1PE.5.5	13
12:10	ACT.4.32	12
12:10	LUK.14.10	11
12:10	ROM.13.7	11
12:10	2TH.1.3	11
12:10	MAT.20.26	10
12:10	JHN.17.21	10
12:10	1JN.2.9-1JN.2.11	10
12:10	GEN.13.9	9
12:10	GAL.5.6	9
12:10	COL.1.4	9
12:10	1JN.3.10-1JN.3.18	9
12:10	JOB.1.4	5
12:11	HEB.6.10-HEB.6.11	43
12:11	ACT.18.25	25
12:11	REV.3.15-REV.3.16	23
12:11	PRO.13.4	22
12:11	COL.3.22-COL.3.24	18
12:11	1PE.4.8	18
12:11	HEB.12.28	16
12:11	PRO.26.13-PRO.26.16	13
12:11	EPH.4.28	13
12:11	1PE.1.22	12
12:11	PRO.10.26	11
12:11	MAT.24.12	10
12:11	EPH.6.5-EPH.6.8	10
12:11	PRO.22.29	9
12:11	ACT.20.19	9
12:11	PRO.6.6-PRO.6.9	8
12:11	PRO.18.9	8
12:11	PRO.24.30-PRO.24.34	8
12:11	2TH.3.6-2TH.3.12	8
12:11	EXO.5.17	7
12:11	1TH.4.11-1TH.4.12	7
12:11	1TI.5.13	7
12:11	TIT.2.9-TIT.2.10	7
12:11	REV.2.4	6
12:11	ECC.9.10	5
12:11	ISA.56.10	5
12:11	MAT.25.26	5
12:11	ACT.20.34-ACT.20.35	5
12:11	COL.4.1	5
12:11	1CO.7.22	4
12:11	COL.4.12-COL.4.13	4
12:11	JAS.5.16	3
12:12	ROM.15.13	85
12:12	HEB.10.36	64
12:12	PSA.62.8	63
12:12	ROM.5.2-ROM.5.4	57
12:12	PHP.4.6-PHP.4.7	41
12:12	JAS.5.7	40
12:12	1PE.4.13	39
12:12	JER.29.12-JER.29.13	36
12:12	1TH.5.16-1TH.5.17	36
12:12	HEB.6.15	35
12:12	JAS.1.3-JAS.1.4	32
12:12	PHP.4.4	31
12:12	PSA.16.9-PSA.16.11	30
12:12	HEB.6.12	27
12:12	1PE.2.19-1PE.2.20	24
12:12	PSA.37.7	22
12:12	2TH.3.5	22
12:12	COL.4.2	21
12:12	1TH.5.8	19
12:12	HEB.12.1	19
12:12	LAM.3.24-LAM.3.26	16
12:12	ACT.1.14	16
12:12	EPH.6.18-EPH.6.19	16
12:12	1PE.1.3-1PE.1.8	15
12:12	PRO.10.28	14
12:12	COL.4.12	13
12:12	1TI.6.11	13
12:12	PSA.109.4	12
12:12	JAS.5.10-JAS.5.11	12
12:12	1JN.5.14-1JN.5.15	12
12:12	GEN.32.24-GEN.32.26	11
12:12	COL.1.11	11
12:12	HEB.5.7	11
12:12	HEB.10.32	11
12:12	PSA.40.1	10
12:12	PSA.55.16-PSA.55.17	10
12:12	DAN.9.18-DAN.9.19	10
12:12	LUK.21.19	10
12:12	JOB.27.8-JOB.27.10	9
12:12	PRO.14.32	9
12:12	HAB.3.17-HAB.3.18	9
12:12	LUK.8.15	9
12:12	ROM.15.4	9
12:12	1CO.13.13	9
12:12	PHP.3.1	9
12:12	2TH.1.4	9
12:12	2TH.2.16-2TH.2.17	9
12:12	TIT.2.13	9
12:12	HEB.3.6	9
12:12	2PE.1.6	9
12:12	1JN.3.1-1JN.3.3	9
12:12	REV.13.10	9
12:12	LUK.10.20	8
12:12	LUK.11.5-LUK.11.13	8
12:12	ROM.8.25	8
12:12	JAS.5.15-JAS.5.16	8
12:12	1PE.4.7	8
12:12	PSA.71.20-PSA.71.23	7
12:12	PSA.73.24-PSA.73.26	7
12:12	MAT.5.12	7
12:12	LUK.18.1-LUK.18.43	7
12:12	ACT.2.42	7
12:12	ACT.6.4	7
12:12	ACT.12.5	7
12:12	ROM.2.7	7
12:12	2CO.12.8	7
12:12	1TH.1.3	7
12:12	2TI.3.10	7
12:12	TIT.3.7	7
12:12	HEB.6.17-HEB.6.19	7
12:12	COL.1.27	6
12:13	HEB.13.16	28
12:13	2CO.9.12	20
12:13	1JN.3.17	19
12:13	GAL.6.10	17
12:13	HEB.6.10	17
12:13	1PE.4.9	14
12:13	HEB.13.2	12
12:13	1TI.3.2	11
12:13	MAT.25.35	9
12:13	1TI.5.10	9
12:13	TIT.1.8	9
12:13	ACT.4.35	7
12:13	PHM.1.7	7
12:13	ACT.10.4	6
12:13	ACT.20.34-ACT.20.35	6
12:13	1CO.16.1-1CO.16.2	6
12:13	2CO.8.1-2CO.8.4	6
12:13	PSA.41.1	5
12:13	1CO.16.15	5
12:13	2CO.9.1	5
12:13	ROM.12.8	3
12:13	ACT.9.36-ACT.9.41	2
12:13	ROM.15.25-ROM.15.28	2
12:13	GEN.18.2-GEN.18.8	1
12:13	GEN.19.1-GEN.19.3	0
12:14	1PE.3.9	27
12:14	MAT.5.44	23
12:14	1TH.5.15	20
12:14	ROM.12.21	18
12:14	1CO.4.12-1CO.4.13	18
12:14	LUK.6.28	17
12:14	JAS.3.10	16
12:14	LUK.23.34	15
12:14	ACT.7.60	12
12:14	1PE.2.21-1PE.2.23	12
12:14	JOB.31.29-JOB.31.30	7
12:15	1CO.12.26	55
12:15	HEB.13.3	22
12:15	PSA.35.13-PSA.35.14	21
12:15	JHN.11.33-JHN.11.36	18
12:15	JOB.30.25	16
12:15	LUK.1.58	13
12:15	PHP.2.17-PHP.2.18	11
12:15	ACT.11.23	10
12:15	JER.9.1	9
12:15	ISA.66.10-ISA.66.14	5
12:15	LUK.15.5-LUK.15.10	5
12:15	JHN.11.19	5
12:15	2CO.2.3	5
12:15	JOB.2.11	4
12:15	NEH.1.4	3
12:15	2CO.11.29	2
12:15	PHP.2.26	2
12:15	PHP.2.28	1
12:16	1PE.3.8	26
12:16	PRO.3.7	24
12:16	JAS.3.13-JAS.3.17	16
12:16	PHP.2.2-PHP.2.3	15
12:16	ROM.12.3	13
12:16	HEB.13.5	13
12:16	ROM.15.5	12
12:16	1CO.3.18	12
12:16	ISA.5.21	11
12:16	MAT.18.1-MAT.18.4	10
12:16	1CO.8.2	10
12:16	LUK.14.13	9
12:16	LUK.22.24-LUK.22.27	7
12:16	2CO.13.11	7
12:16	PHP.4.11-PHP.4.13	7
12:16	PSA.131.1-PSA.131.2	6
12:16	MAT.6.25-MAT.6.26	6
12:16	LUK.6.20	6
12:16	1CO.6.5	6
12:16	1TI.6.6-1TI.6.9	6
12:16	JOB.31.13-JOB.31.16	5
12:16	PRO.26.12	5
12:16	ROM.11.25	5
12:16	1CO.4.10	5
12:16	JOB.36.5	4
12:16	PRO.19.7	4
12:16	PRO.19.17	4
12:16	JER.45.5	4
12:16	MAT.11.5	4
12:16	MAT.20.21-MAT.20.28	4
12:16	LUK.4.6-LUK.4.11	4
12:16	PHP.3.16	4
12:16	1PE.5.3	4
12:16	PRO.17.5	3
12:16	PRO.19.22	3
12:16	MAT.26.11	3
12:16	PHP.4.2	3
12:16	JAS.2.5-JAS.2.6	3
12:16	ACT.4.32	2
12:16	3JN.1.9	2
12:16	2CH.30.12	1
12:16	JER.32.39	1
12:16	ROM.6.2	1
12:16	PHP.1.27	1
12:16	1CO.1.10	0
12:16	REV.13.7-REV.13.8	0
12:17	PRO.20.22	33
12:17	1TH.5.15	32
12:17	1PE.3.9	26
12:17	MAT.5.39	23
12:17	2CO.8.20-2CO.8.21	20
12:17	ROM.12.19	16
12:17	PHP.4.8-PHP.4.9	16
12:17	1TH.5.22	13
12:17	1PE.2.12	13
12:17	1PE.3.16	13
12:17	ROM.14.16	11
12:17	1CO.13.4-1CO.13.5	11
12:17	COL.4.5	10
12:17	TIT.2.4-TIT.2.5	7
12:17	1TH.4.12	6
12:17	1CO.6.6-1CO.6.7	5
12:17	1TI.5.14	5
12:18	HEB.12.14	53
12:18	MAT.5.9	42
12:18	ROM.14.19	42
12:18	2CO.13.11	40
12:18	JAS.3.16-JAS.3.18	34
12:18	GAL.5.22	31
12:18	MRK.9.50	30
12:18	PRO.12.20	29
12:18	1PE.3.11	26
12:18	2TI.2.22	22
12:18	PSA.34.14	20
12:18	ROM.14.17	19
12:18	EPH.4.3	18
12:18	COL.3.14-COL.3.15	18
12:18	1TH.5.13	15
12:18	MAT.5.5	14
12:18	PSA.120.5-PSA.120.7	11
12:18	1CO.7.15	11
12:18	2SA.20.19	5
12:19	DEU.32.35	89
12:19	HEB.10.30	55
12:19	PRO.24.29	51
12:19	PRO.20.22	50
12:19	ROM.12.17	42
12:19	1TH.4.6	34
12:19	ROM.12.14	30
12:19	LEV.19.18	28
12:19	DEU.32.43	23
12:19	PSA.94.1-PSA.94.3	20
12:19	NAM.1.2-NAM.1.3	20
12:19	LUK.6.27-LUK.6.29	19
12:19	MAT.5.39	17
12:19	ROM.13.4	15
12:19	PRO.24.17-PRO.24.19	14
12:19	1SA.25.33	9
12:19	1SA.25.26	6
12:19	EZK.25.12	6
12:19	LUK.9.55-LUK.9.56	4
12:20	PRO.25.21-PRO.25.22	65
12:20	MAT.5.44	38
12:20	LUK.6.27	32
12:20	EXO.23.4-EXO.23.5	27
12:20	2KI.6.22	18
12:20	1SA.24.16-1SA.24.19	14
12:20	1SA.26.21	11
12:20	SNG.8.6-SNG.8.7	9
12:20	PSA.140.10	7
12:20	PSA.120.4	5
12:21	1PE.3.9	82
12:21	LUK.6.27-LUK.6.30	60
12:21	PRO.16.32	49
13:1	TIT.3.1	85
13:1	1PE.2.13-1PE.2.17	66
13:1	DAN.2.21	53
13:1	JHN.19.11	34
13:1	PRO.8.15-PRO.8.16	31
13:1	JER.27.5-JER.27.8	24
13:1	JUD.1.8	15
13:1	DAN.5.18-DAN.5.23	14
13:1	PSA.62.11	13
13:1	EPH.5.21	12
13:1	1CH.28.4-1CH.28.5	10
13:1	1SA.2.8	7
13:1	REV.1.5	7
13:1	REV.19.16	7
13:1	DAN.4.32	6
13:1	2PE.2.10-2PE.2.11	6
13:1	DEU.17.12	2
13:1	MAT.6.13	2
13:1	REV.17.14	1
13:2	1PE.2.13	16
13:2	TIT.3.1	12
13:2	ROM.13.5	9
13:2	JAS.3.1	9
13:2	MRK.12.40	8
13:2	LUK.20.47	8
13:2	MAT.23.13	7
13:2	JER.23.8-JER.23.17	6
13:2	JER.44.14-JER.44.17	6
13:2	ISA.58.2	5
13:3	ECC.10.4-ECC.10.6	9
13:3	PRO.14.35	8
13:3	PRO.20.2	8
13:3	1PE.2.13-1PE.2.14	8
13:3	DEU.25.1	7
13:3	JER.22.15-JER.22.18	6
13:3	1PE.3.13-1PE.3.14	6
13:3	ROM.13.4	5
13:4	ROM.12.19	9
13:4	2CH.19.6	7
13:4	PRO.24.23-PRO.24.24	6
13:4	PRO.16.14	5
13:4	PRO.20.2	5
13:4	PSA.82.2-PSA.82.4	4
13:4	ISA.1.17	4
13:4	ROM.13.6	4
13:4	1TH.4.6	4
13:4	PRO.31.8-PRO.31.9	3
13:4	JER.5.28	3
13:4	EZK.22.27	3
13:4	EZK.25.14	3
13:4	MIC.3.1-MIC.3.4	3
13:4	MIC.3.9	3
13:4	NUM.35.19-NUM.35.27	2
13:4	JOS.20.9	2
13:4	1KI.10.9	2
13:4	PRO.20.8	2
13:4	PRO.20.26	2
13:4	ECC.8.2-ECC.8.5	2
13:4	JOS.20.5	1
13:5	ECC.8.2	5
13:5	ACT.24.16	5
13:5	1PE.2.19	5
13:5	1SA.24.5-1SA.24.6	4
13:5	TIT.3.1-TIT.3.2	4
13:5	1PE.2.13-1PE.2.15	4
13:5	HEB.13.18	3
13:5	1PE.3.16	3
13:6	MAT.22.17-MAT.22.21	9
13:6	LUK.20.21-LUK.20.26	7
13:6	LUK.23.2	7
13:6	MAT.17.24-MAT.17.27	6
13:6	MRK.12.14-MRK.12.17	6
13:6	1CH.18.14	5
13:6	EXO.18.13-EXO.18.27	4
13:6	DEU.1.9-DEU.1.17	4
13:6	2SA.8.5	4
13:6	EZR.4.13	4
13:6	EZR.4.20	4
13:6	EZR.6.8	4
13:6	NEH.5.4	4
13:6	JOB.29.7-JOB.29.17	4
13:6	ROM.12.8	4
13:6	1SA.7.16-1SA.7.17	3
13:7	LUK.20.25	15
13:7	PRO.24.21	13
13:7	1PE.2.17-1PE.2.18	13
13:7	MAT.17.25	12
13:7	MAT.22.21	9
13:7	1TI.5.17	9
13:7	EPH.6.5	7
13:7	LEV.19.3	6
13:7	LEV.19.32	6
13:7	EPH.6.2-EPH.6.3	6
13:7	1PE.3.7	6
13:7	1SA.12.18	5
13:7	MRK.12.17	5
13:7	LUK.23.2	5
13:7	EPH.5.33	5
13:7	1TI.6.1	5
13:7	EXO.20.12	4
13:7	1TI.5.13	3
13:8	ROM.13.10	73
13:8	MAT.22.39-MAT.22.40	67
13:8	GAL.5.14	38
13:8	MAT.7.12	30
13:8	PRO.3.27-PRO.3.28	27
13:8	JHN.13.34	22
13:8	ROM.13.7	22
13:8	JAS.2.8	20
13:8	COL.3.14	19
13:8	DEU.24.14-DEU.24.15	17
13:8	1TI.1.5	16
13:9	EXO.20.12-EXO.20.17	60
13:9	MAT.22.39	57
13:9	MRK.12.31	56
13:9	LUK.10.27	55
13:9	DEU.5.16-DEU.5.21	51
13:9	LEV.19.18	36
13:9	MAT.19.18-MAT.19.19	11
13:9	ROM.7.7-ROM.7.8	9
13:9	LEV.19.34	8
13:9	GAL.5.13	8
13:9	LUK.18.20	5
13:9	MRK.10.19	4
13:9	JAS.2.8-JAS.2.10	4
13:10	ROM.13.8	70
13:10	MAT.22.39-MAT.22.40	68
13:10	1CO.13.4-1CO.13.7	63
13:11	1TH.5.5-1TH.5.8	47
13:11	1PE.4.7	43
13:11	EPH.5.14	36
13:11	MAT.24.42-MAT.24.44	32
13:11	MRK.13.35-MRK.13.37	32
13:11	1CO.15.34	32
13:11	1TH.5.1-1TH.5.3	29
13:11	2PE.3.13-2PE.3.15	24
13:11	REV.22.20	23
13:11	LUK.21.28	21
13:11	REV.22.12	19
13:11	MAT.25.5-MAT.25.7	18
13:11	MAT.26.40-MAT.26.41	17
13:11	1CO.7.29-1CO.7.31	14
13:11	1CO.10.11	14
13:11	ECC.9.10	13
13:11	ISA.21.11-ISA.21.12	12
13:11	JON.1.6	12
13:11	MAT.16.3	12
13:12	EZK.18.31-EZK.18.32	32
13:12	EPH.5.11	29
13:12	2CO.6.7	23
13:12	COL.3.8-COL.3.17	21
13:12	EPH.6.11-EPH.6.18	20
13:12	JAS.1.21	20
13:12	ROM.13.14	17
13:12	EPH.4.22	17
13:12	ISA.30.22	16
13:12	1TH.5.5-1TH.5.8	15
13:12	JHN.3.19-JHN.3.21	12
13:12	1PE.2.1	11
13:12	1JN.2.8-1JN.2.9	11
13:12	SNG.2.17	10
13:12	1JN.1.5-1JN.1.7	10
13:12	JOB.24.14-JOB.24.17	9
13:12	REV.1.3	9
13:12	ISA.2.20	8
13:12	REV.22.10	7
13:13	GAL.5.21	25
13:13	EPH.5.18	15
13:13	1TH.4.3-1TH.4.5	13
13:13	1PE.4.3-1PE.4.5	10
13:13	EPH.5.15	9
13:13	1TH.4.12	9
13:13	1JN.2.6	8
13:13	LUK.21.34	7
13:13	1PE.2.1-1PE.2.2	6
13:13	GAL.5.25-GAL.5.26	5
13:13	PHP.1.27	5
13:13	COL.1.10	5
13:13	COL.3.5	5
13:13	1TH.2.12	5
13:13	1TH.5.17	5
13:13	GAL.5.19	4
13:13	EPH.5.2-EPH.5.5	4
13:13	2PE.2.18-2PE.2.20	4
13:13	1CO.6.9-1CO.6.10	3
13:13	GAL.5.15-GAL.5.16	3
13:13	EPH.5.8	3
13:13	PHP.2.3	3
13:13	JAS.3.14-JAS.3.16	3
13:13	JAS.4.5	3
13:13	1PE.2.11-1PE.2.12	3
13:13	2JN.1.4	3
13:13	JUD.1.23	3
13:13	PRO.23.20	2
13:13	ISA.22.12-ISA.22.13	2
13:13	ISA.28.7-ISA.28.8	2
13:13	AMO.6.4-AMO.6.6	2
13:13	MAT.24.48-MAT.24.51	2
13:13	LUK.1.6	2
13:13	LUK.16.19	2
13:13	LUK.17.27-LUK.17.28	2
13:13	ACT.2.15	2
13:13	EPH.4.1	2
13:13	EPH.4.17	2
13:13	PHP.3.16-PHP.3.20	2
13:13	PHP.4.8-PHP.4.9	2
13:13	2PE.2.13-2PE.2.14	2
13:14	EPH.4.24	62
13:14	GAL.5.16-GAL.5.17	50
13:14	GAL.3.27	46
13:14	GAL.5.24	37
13:14	1PE.2.11	37
13:14	COL.3.10-COL.3.12	31
13:14	ROM.8.12-ROM.8.13	30
13:14	1JN.2.15-1JN.2.17	26
13:14	COL.3.5-COL.3.8	25
13:14	JOB.29.14	16
14:1	ROM.15.1	32
14:1	1CO.8.7-1CO.8.13	24
14:1	1CO.9.22	20
14:1	ROM.15.7	19
14:1	ROM.14.21	12
14:1	1CO.3.1-1CO.3.2	11
14:1	ISA.35.3-ISA.35.4	8
14:1	ISA.40.11	7
14:1	ISA.42.3	7
14:1	MAT.10.40-MAT.10.42	7
14:1	MAT.12.20	7
14:1	LUK.17.2	7
14:1	ROM.4.19	7
14:1	JOB.4.3	6
14:1	EZK.34.4	6
14:1	EZK.34.16	6
14:1	MAT.18.5-MAT.18.6	6
14:1	2JN.1.10	6
14:1	3JN.1.8-3JN.1.10	6
14:1	MAT.14.31	5
14:1	MAT.18.10	5
14:1	PHP.2.29	5
14:1	ZEC.11.16	4
14:1	JHN.13.20	4
14:2	1TI.4.4	10
14:2	PRO.15.17	8
14:2	ROM.14.14	8
14:2	ROM.14.22-ROM.14.23	7
14:2	GAL.2.12	7
14:2	GEN.9.3	6
14:2	1CO.10.25	5
14:2	TIT.1.15	5
14:2	HEB.13.9	5
14:2	HEB.9.10	4
14:2	DAN.1.12	3
14:2	GEN.1.29	2
14:2	DAN.1.16	2
14:3	ROM.14.10	13
14:3	COL.2.16-COL.2.17	11
14:3	LUK.18.9	9
14:3	ROM.14.13	7
14:3	1CO.10.29-1CO.10.30	7
14:3	ACT.10.34	6
14:3	MAT.7.1-MAT.7.2	5
14:3	MAT.11.18-MAT.11.19	5
14:3	MAT.18.10	5
14:3	ACT.10.44	5
14:3	ROM.14.15	5
14:3	ROM.14.21	5
14:3	1CO.8.11-1CO.8.13	5
14:3	ZEC.4.10	4
14:3	MAT.9.14	4
14:3	ACT.15.8-ACT.15.9	4
14:4	JAS.4.11-JAS.4.12	15
14:4	ROM.9.20	11
14:4	ROM.8.31-ROM.8.39	10
14:4	JUD.1.24	9
14:4	1CO.4.4-1CO.4.5	8
14:4	PSA.37.24	7
14:4	JHN.10.28-JHN.10.30	7
14:4	ROM.14.3	6
14:4	HEB.7.25	6
14:4	DEU.33.27-DEU.33.29	5
14:4	PSA.17.5	5
14:4	PSA.37.28	5
14:4	ISA.40.29	5
14:4	ROM.16.25	5
14:4	PSA.37.17	4
14:4	PSA.119.116-PSA.119.117	4
14:4	ACT.11.17	4
14:4	1PE.1.5	4
14:4	ROM.11.23	3
14:5	COL.2.16-COL.2.17	19
14:5	GAL.4.9-GAL.4.10	10
14:5	ROM.14.23	7
14:5	1CO.8.7	5
14:5	1JN.3.19-1JN.3.21	4
14:5	ROM.14.14	3
14:5	1CO.8.11	1
14:6	1CO.10.30-1CO.10.31	11
14:6	1TI.4.3-1TI.4.5	7
14:6	EXO.12.14	3
14:6	EXO.12.42	3
14:6	EXO.16.25	3
14:6	ISA.58.5	3
14:6	ZEC.7.5-ZEC.7.6	3
14:6	MAT.14.19	3
14:6	MAT.15.36	3
14:6	JHN.6.28	3
14:6	GAL.4.10	3
14:7	1PE.4.2	18
14:7	2CO.5.15	17
14:7	1CO.6.19-1CO.6.20	14
14:7	1TH.5.10	12
14:7	TIT.2.14	12
14:7	GAL.2.19-GAL.2.20	10
14:7	PHP.1.20-PHP.1.24	10
14:7	ROM.14.9	9
14:8	PHP.1.20	21
14:8	1TH.5.10	18
14:8	ACT.21.13	12
14:8	1CO.15.23	11
14:8	REV.14.13	8
14:8	PHP.2.17	5
14:8	ACT.13.36	4
14:8	ACT.20.24	4
14:8	JHN.21.19	3
14:8	1CO.3.22-1CO.3.23	3
14:8	PHP.2.30	3
14:8	1TH.4.14-1TH.4.18	3
14:9	REV.1.18	10
14:9	LUK.24.26	8
14:9	JHN.5.22-JHN.5.23	7
14:9	HEB.12.2	7
14:9	MAT.28.18	5
14:9	ACT.10.42	5
14:9	EPH.1.20-EPH.1.23	5
14:9	PHP.2.9-PHP.2.11	5
14:9	2TI.4.1	5
14:9	1PE.1.21	5
14:9	1PE.4.5	5
14:9	JHN.5.27-JHN.5.29	4
14:9	ACT.10.36	4
14:9	2CO.5.14	4
14:9	ISA.53.10-ISA.53.12	3
14:9	REV.2.8	3
14:10	2CO.5.10	16
14:10	ECC.12.14	14
14:10	1CO.4.5	14
14:10	ROM.2.16	11
14:10	ROM.14.3-ROM.14.4	9
14:10	MAT.25.31-MAT.25.32	8
14:10	JHN.5.22	8
14:10	ACT.10.42	5
14:10	JUD.1.14-JUD.1.15	5
14:10	ACT.4.11	4
14:10	REV.20.11-REV.20.15	4
14:10	LUK.23.11	3
14:10	ACT.17.31	3
14:11	ISA.45.22-ISA.45.25	66
14:11	PHP.2.10-PHP.2.11	48
14:11	PSA.72.11	21
14:11	ROM.10.9	14
14:11	MAT.10.32	11
14:11	1JN.4.15	11
14:11	ISA.49.18	10
14:11	ROM.15.9	9
14:11	NUM.14.21	8
14:11	REV.5.14	8
14:11	2JN.1.7	7
14:11	NUM.14.28	6
14:11	ZEP.2.9	6
14:11	EZK.5.11	4
14:11	JER.22.24	2
14:12	MAT.12.36	33
14:12	1PE.4.5	32
14:12	MAT.16.27	25
14:12	GAL.6.5	19
14:12	ECC.11.9	18
14:12	LUK.16.2	11
14:12	MAT.18.23-MAT.18.35	4
14:13	2CO.6.3	17
14:13	1CO.8.9-1CO.8.13	12
14:13	JAS.4.11	11
14:13	LUK.17.2	10
14:13	ROM.16.17	9
14:13	ROM.14.10	8
14:13	JAS.2.4	8
14:13	ISA.57.14	7
14:13	LUK.12.57	7
14:13	MAT.7.1	6
14:13	ROM.14.4	6
14:13	REV.2.14	6
14:13	MAT.16.23	5
14:13	MAT.18.7	5
14:13	ROM.9.32-ROM.9.33	5
14:13	ROM.11.9	5
14:13	1CO.10.32	5
14:13	1CO.11.13	4
14:13	2CO.5.14	4
14:13	PHP.1.10	4
14:13	1TI.5.14	4
14:13	1JN.2.10	4
14:13	LEV.19.14	3
14:13	2SA.12.14	3
14:13	EZK.14.3	2
14:14	TIT.1.15	14
14:14	1TI.4.4	13
14:14	ROM.14.2	11
14:14	1CO.8.7	10
14:14	ACT.10.14-ACT.10.15	9
14:14	ACT.11.8-ACT.11.9	7
14:14	ACT.10.28	5
14:14	1CO.8.10	5
14:14	ROM.14.20	4
14:14	ROM.14.23	4
14:14	1CO.10.25	4
14:15	1CO.8.11-1CO.8.12	10
14:15	GAL.5.13	8
14:15	PHP.2.2-PHP.2.4	7
14:15	ROM.14.20	6
14:15	1CO.8.1	6
14:15	1CO.13.4-1CO.13.5	6
14:15	EPH.5.2	6
14:15	ROM.15.2	5
14:15	EZK.13.22	4
14:15	ROM.13.10	4
14:15	1CO.13.1	4
14:15	2PE.2.1	3
14:15	1JN.2.2	3
14:16	1CO.10.29-1CO.10.30	7
14:16	ROM.12.17	6
14:16	1TH.5.22	6
14:16	2CO.8.20-2CO.8.21	4
14:17	MAT.6.33	56
14:17	ROM.15.13	54
14:17	1CO.4.20	49
14:17	1CO.8.8	41
14:17	GAL.5.22	40
14:17	ROM.8.6	35
14:17	1TH.2.12	27
14:17	DAN.2.44	24
14:17	JHN.3.3	24
14:17	PHP.3.9	24
14:17	LUK.17.20-LUK.17.21	22
14:17	1CO.6.9	22
14:17	ACT.13.52	20
14:17	ISA.61.3	19
14:17	PHP.4.7	16
14:17	ROM.5.1-ROM.5.5	15
14:17	JHN.3.5	13
14:17	MAT.3.2	12
14:17	COL.2.16-COL.2.17	12
14:17	JER.23.5-JER.23.6	11
14:17	2CO.5.21	11
14:17	PHP.4.4	10
14:17	COL.1.11	10
14:17	JHN.16.33	9
14:17	ACT.9.31	9
14:17	1CO.1.30	9
14:17	PHP.3.3	9
14:17	1PE.1.8	9
14:17	ISA.55.12	8
14:17	PHP.2.1	8
14:17	1TH.1.6	8
14:17	HEB.13.9	8
14:17	ISA.45.24	7
14:17	LUK.14.15	6
14:17	ROM.8.15-ROM.8.16	6
14:17	DAN.9.24	5
14:17	2PE.1.1	5
14:18	2CO.8.21	14
14:18	1PE.2.5	6
14:18	2CO.5.11	5
14:18	1PE.2.20	5
14:18	1TH.1.3-1TH.1.4	4
14:18	ECC.9.7	3
14:18	MRK.13.34	3
14:18	JHN.12.26	3
14:18	ACT.10.35	3
14:18	ROM.6.22	3
14:18	ROM.12.1-ROM.12.2	3
14:18	ROM.12.11	3
14:18	ROM.14.4	3
14:18	ROM.16.18	3
14:18	1CO.7.22	3
14:18	2CO.4.2	3
14:18	2CO.6.4	3
14:18	GAL.6.15-GAL.6.16	3
14:18	PHP.4.18	3
14:18	COL.3.24	3
14:18	1TI.2.3	3
14:18	1TI.5.4	3
14:18	JAS.2.18-JAS.2.26	3
14:18	1PE.3.16	3
14:18	GEN.4.7	2
14:18	TIT.2.11-TIT.2.14	2
14:19	ROM.12.18	23
14:19	EPH.4.29	23
14:19	PSA.34.14	20
14:19	ROM.15.2	16
14:19	HEB.12.14	14
14:19	2CO.13.11	10
14:19	COL.3.12-COL.3.15	10
14:19	1TH.5.11-1TH.5.12	10
14:19	MAT.5.9	9
14:19	MRK.9.50	8
14:19	1CO.14.26	7
14:19	PHP.2.1-PHP.2.4	7
14:19	1CO.10.33	6
14:19	JAS.3.13-JAS.3.18	6
14:19	1PE.3.11	6
14:19	PSA.133.1	5
14:19	1CO.14.12-1CO.14.17	5
14:19	EPH.4.3-EPH.4.7	5
14:19	1CO.7.15	4
14:19	2CO.12.19	4
14:19	1TI.1.4	4
14:19	2TI.2.22	4
14:20	ROM.14.14-ROM.14.15	11
14:20	MAT.18.6	10
14:20	TIT.1.15	9
14:20	ACT.10.15	8
14:20	1CO.10.31-1CO.10.33	7
14:20	ROM.14.21	6
14:20	1CO.6.12-1CO.6.13	6
14:20	MAT.15.11	5
14:20	1TI.4.3-1TI.4.5	5
14:20	EPH.2.10	4
14:20	1CO.8.8-1CO.8.13	3
14:20	PHP.1.6	3
14:21	1CO.8.13	10
14:21	ROM.14.13	8
14:21	ROM.15.1-ROM.15.2	5
14:21	LUK.17.1-LUK.17.2	4
14:21	MAL.2.8	3
14:21	MAT.16.23	3
14:21	MAT.18.7-MAT.18.10	3
14:21	ROM.14.17	2
14:21	PHP.1.10	2
14:21	HEB.12.13	2
14:21	REV.2.14	2
14:22	1JN.3.21	15
14:22	ROM.14.5	12
14:22	JAS.3.13	10
14:22	GAL.6.1	9
14:22	ROM.14.23	8
14:22	ROM.14.2	7
14:22	ROM.14.14	7
14:22	ACT.24.16	6
14:22	2CO.1.12	6
14:22	ROM.7.15	4
14:22	ROM.7.24	4
14:23	HEB.11.6	21
14:23	TIT.1.15	20
14:23	1CO.8.7	14
14:23	1CO.11.29-1CO.11.31	14
14:23	ROM.14.5	9
14:23	ROM.13.2	5
15:1	1TH.5.14	53
15:1	ROM.14.1	43
15:1	1CO.9.22	29
15:1	GAL.6.1-GAL.6.2	29
15:1	1CO.12.22-1CO.12.24	14
15:1	ROM.4.20	11
15:1	2TI.2.1	11
15:1	1JN.2.14	11
15:1	EPH.6.10	10
15:1	2CO.12.10	6
15:1	1CO.4.10	5
15:2	ROM.14.19	23
15:2	1CO.10.24	23
15:2	PHP.2.4-PHP.2.5	20
15:2	1CO.10.33-1CO.11.1	14
15:2	1CO.9.19-1CO.9.22	11
15:2	1CO.13.5	9
15:2	TIT.2.9-TIT.2.10	5
15:3	PSA.69.9	52
15:3	PHP.2.8	15
15:3	PSA.89.50-PSA.89.51	11
15:3	JHN.4.34	11
15:3	JHN.5.30	11
15:3	JHN.6.38	11
15:3	2CO.8.9	6
15:3	PSA.69.20	4
15:3	MAT.10.25	4
15:3	MAT.26.42	4
15:3	JHN.8.29	4
15:3	JHN.12.27-JHN.12.28	4
15:3	PSA.40.6-PSA.40.8	3
15:3	MAT.26.39	2
15:3	JHN.14.30-JHN.14.31	2
15:3	JHN.15.10	2
15:3	JHN.15.24	2
15:4	1CO.10.11	99
15:4	2TI.3.16-2TI.3.17	71
15:4	ROM.4.23-ROM.4.24	36
15:4	2PE.1.20-2PE.1.21	28
15:4	HEB.10.35-HEB.10.36	24
15:4	ROM.12.12	15
15:4	1CO.9.9-1CO.9.10	13
15:4	ROM.8.24-ROM.8.25	10
15:4	1PE.1.13	7
15:4	ROM.5.3-ROM.5.5	6
15:4	JAS.5.7-JAS.5.11	5
15:4	PSA.119.81-PSA.119.83	2
15:5	ROM.15.13	36
15:5	PHP.2.4-PHP.2.5	36
15:5	1PE.3.8	29
15:5	EPH.5.2	27
15:5	ROM.12.16	26
15:5	2CO.13.11	22
15:5	PSA.86.5	19
15:5	1CO.1.10	19
15:5	EXO.34.6	17
15:5	PHP.2.2	16
15:5	PHP.1.27	15
15:5	PHP.4.2	15
15:5	2CO.1.3-2CO.1.4	14
15:5	EZK.11.19	13
15:5	2CH.30.12	12
15:5	PHP.3.16	12
15:5	2PE.3.15	12
15:5	ACT.4.32	11
15:5	ROM.15.3	11
15:5	2PE.3.9	11
15:5	JER.32.39	10
15:5	2CO.7.6	10
15:5	1PE.3.20	9
15:6	JHN.10.29-JHN.10.30	25
15:6	ACT.4.24	11
15:6	EPH.1.3	11
15:6	REV.1.6	10
15:6	2CO.11.31	8
15:6	ROM.15.9-ROM.15.11	6
15:6	2CO.1.3	6
15:6	1PE.1.3	6
15:6	ACT.4.32	5
15:6	JHN.20.17	4
15:6	ZEP.3.9	3
15:6	ZEC.13.9	2
15:7	MAT.10.40	16
15:7	JHN.13.34	10
15:7	ROM.14.1-ROM.14.3	9
15:7	MRK.9.37	8
15:7	LUK.9.48	8
15:7	ROM.5.2	8
15:7	EPH.1.6-EPH.1.8	7
15:7	LUK.15.2	6
15:7	EPH.1.18	6
15:7	2TH.1.10-2TH.1.12	6
15:7	MAT.11.28-MAT.11.30	5
15:7	JHN.6.37	4
15:7	EPH.1.12	4
15:7	ROM.15.9	3
15:8	MAT.15.24	15
15:8	GAL.4.4-GAL.4.5	15
15:8	JHN.1.11	10
15:8	2CO.1.20	10
15:8	ACT.3.25-ACT.3.26	9
15:8	JHN.10.16	7
15:8	ROM.3.3	6
15:8	ROM.9.4-ROM.9.5	5
15:8	ROM.15.16	5
15:8	LUK.1.70-LUK.1.73	4
15:8	ROM.4.16	4
15:8	ROM.9.23-ROM.9.24	4
15:8	ROM.11.22	4
15:8	ROM.11.30	4
15:8	EPH.2.12-EPH.3.8	4
15:8	PSA.98.2-PSA.98.3	3
15:8	ISA.24.15-ISA.24.16	3
15:8	MIC.7.20	3
15:8	LUK.1.54-LUK.1.56	3
15:8	ACT.13.46	3
15:8	ROM.3.26	3
15:8	1PE.2.9-1PE.2.10	3
15:8	MAT.20.28	2
15:8	1CO.1.12	2
15:8	1CO.10.19	2
15:8	1CO.10.29	2
15:8	1CO.15.50	2
15:9	2SA.22.50	34
15:9	PSA.18.49	32
15:9	ROM.3.29	12
15:9	MAT.9.8	5
15:10	PSA.67.3-PSA.67.4	17
15:10	DEU.32.43	12
15:10	ISA.42.10-ISA.42.12	7
15:10	PSA.138.4-PSA.138.5	6
15:10	PSA.68.32	5
15:10	ISA.24.14-ISA.24.16	2
15:10	PSA.66.1-PSA.66.4	1
15:10	PSA.98.3-PSA.98.4	1
15:11	PSA.117.1	24
15:12	ISA.11.10	34
15:12	ISA.11.1	17
15:12	MAT.12.21	10
15:12	REV.22.16	10
15:12	REV.5.5	8
15:12	MIC.4.1-MIC.4.3	4
15:12	1CO.15.19	4
15:12	GEN.49.10	3
15:12	PSA.2.4-PSA.2.12	3
15:12	JER.17.5-JER.17.7	3
15:12	DAN.7.14	3
15:12	EPH.1.12-EPH.1.13	3
15:12	PSA.22.27-PSA.22.28	2
15:12	PSA.72.8-PSA.72.10	2
15:12	PSA.72.17	2
15:12	ISA.42.1-ISA.42.4	2
15:12	ISA.49.6	2
15:12	JER.16.19	2
15:12	MIC.5.4	2
15:12	2TI.1.12	2
15:12	1PE.1.21	2
15:12	DAN.2.44	1
15:13	2TH.2.16-2TH.2.17	155
15:13	ROM.12.12	139
15:13	2CO.9.8	67
15:13	GAL.5.22	60
15:13	ROM.14.17	59
15:13	JHN.14.1	52
15:13	ROM.15.5	51
15:13	JHN.14.27	49
15:13	ISA.55.12	39
15:13	1PE.1.8	34
15:13	HEB.6.11	32
15:13	ROM.5.4-ROM.5.5	25
15:13	1TI.1.1	21
15:13	JOL.3.16	20
15:13	1TH.1.5	19
15:13	JER.14.8	17
15:13	EPH.1.2	17
15:13	1CO.2.4	15
15:13	EPH.5.18-EPH.5.19	11
15:14	COL.3.16	6
15:14	2PE.1.12	6
15:14	1CO.8.1	5
15:14	1JN.2.21	5
15:14	1CO.1.5	4
15:14	1CO.8.7	4
15:14	1CO.8.10	4
15:14	1TH.5.11	4
15:14	EPH.5.9	3
15:14	1TH.5.14	3
15:14	TIT.2.3-TIT.2.4	3
15:14	PHM.1.21	3
15:14	1CO.12.8	2
15:14	1CO.13.2	2
15:14	PHP.1.7	2
15:14	PHP.1.11	2
15:14	COL.1.8-COL.1.10	2
15:14	2TI.1.5	2
15:14	HEB.5.12	2
15:14	HEB.6.9	2
15:14	HEB.10.24-HEB.10.25	2
15:14	2PE.1.5-2PE.1.8	2
15:14	JUD.1.20-JUD.1.23	1
15:15	ROM.12.3	9
15:15	1CO.15.10	6
15:15	ROM.1.5	4
15:15	ROM.12.6	4
15:15	1PE.4.10-1PE.4.11	3
15:15	2PE.3.15	3
15:15	1JN.5.13	3
15:15	1CO.3.10	2
15:15	GAL.1.15-GAL.1.16	2
15:15	GAL.2.9	2
15:15	EPH.3.7-EPH.3.8	2
15:15	1TI.1.11-1TI.1.14	2
15:15	1TI.4.6	2
15:15	2TI.1.6	2
15:15	2TI.2.14	2
15:15	TIT.3.1	2
15:15	HEB.13.22	2
15:15	1PE.5.12	2
15:15	2PE.1.12-2PE.1.15	2
15:15	2PE.3.1-2PE.3.2	2
15:15	1JN.2.12-1JN.2.14	2
15:15	JUD.1.3-JUD.1.5	2
15:16	ROM.11.13	9
15:16	ROM.1.1	8
15:16	ACT.9.15	7
15:16	PHP.2.17	6
15:16	1TI.1.11	6
15:16	2TI.1.11	6
15:16	ISA.66.19-ISA.66.20	5
15:16	ACT.20.24	5
15:16	ROM.15.18	5
15:16	ROM.12.1-ROM.12.2	4
15:16	1TI.2.7	4
15:16	HEB.13.16	4
15:16	ROM.8.26-ROM.8.27	3
15:16	1CO.4.1	3
15:16	2CO.5.20	3
15:16	ACT.13.2	2
15:16	ACT.20.32	2
15:16	ACT.22.21	2
15:16	ACT.26.17-ACT.26.18	2
15:16	ROM.5.5	2
15:16	ROM.15.29	2
15:16	1CO.3.5	2
15:16	1CO.6.19	2
15:16	2CO.8.5	2
15:16	2CO.11.23	2
15:16	GAL.2.7-GAL.2.8	2
15:16	GAL.3.5	2
15:16	EPH.2.18	2
15:16	EPH.2.22-EPH.3.1	2
15:16	PHP.4.18	2
15:16	1TH.2.2	2
15:16	1TH.2.9	2
15:16	1TH.5.23	2
15:16	1PE.1.12	2
15:16	1PE.2.5	2
15:17	2CO.2.14-2CO.2.16	8
15:17	2CO.7.4	5
15:17	2CO.12.11-2CO.12.21	5
15:17	2CO.3.4-2CO.3.6	4
15:17	2CO.12.1	4
15:17	PHP.3.3	4
15:17	HEB.5.1	4
15:17	2CO.11.16-2CO.11.30	3
15:17	HEB.2.17	3
15:17	ROM.4.2	2
15:18	ACT.15.12	9
15:18	ROM.1.5	8
15:18	ACT.21.19	6
15:18	PRO.25.14	5
15:18	GAL.2.8	4
15:18	ROM.16.26	3
15:18	2TH.2.17	3
15:18	MAT.28.18-MAT.28.20	2
15:18	MRK.16.20	2
15:18	ACT.14.27	2
15:18	ACT.15.4	2
15:18	ACT.26.20	2
15:18	ROM.6.17	2
15:18	1CO.3.6-1CO.3.9	2
15:18	2CO.3.1-2CO.3.3	2
15:18	2CO.11.31	2
15:18	2CO.12.6	2
15:18	COL.3.17	2
15:18	HEB.5.9	2
15:18	HEB.11.8	2
15:18	JAS.1.22	2
15:18	1JN.3.18	2
15:18	JUD.1.9	2
15:18	2CO.6.1	1
15:18	2CO.10.4-2CO.10.5	1
15:18	2CO.10.13-2CO.10.18	1
15:19	2CO.12.12	11
15:19	HEB.2.4	8
15:19	ACT.19.11-ACT.19.12	7
15:19	GAL.3.5	7
15:19	2TI.4.17	5
15:19	ACT.20.6	4
15:19	1CO.12.4-1CO.12.11	4
15:19	ACT.17.10	3
15:19	MAT.12.28	2
15:19	JHN.4.48	2
15:19	ACT.1.8	2
15:19	ACT.9.28-ACT.9.29	2
15:19	ACT.13.4-ACT.13.5	2
15:19	ACT.13.14	2
15:19	ACT.13.51	2
15:19	ACT.14.6	2
15:19	ACT.14.10	2
15:19	ACT.14.20	2
15:19	ACT.14.25	2
15:19	ACT.15.12	2
15:19	ACT.16.6-ACT.16.12	2
15:19	ACT.16.18	2
15:19	ACT.17.15	2
15:19	ACT.18.1	2
15:19	ACT.18.19	2
15:19	ACT.19.1	2
15:19	ACT.20.1-ACT.20.2	2
15:19	ACT.20.20	2
15:19	ACT.22.17-ACT.22.21	2
15:19	ROM.1.14-ROM.1.16	2
15:19	ROM.15.24	1
15:19	COL.1.25	1
15:19	1PE.1.12	1
15:20	2CO.10.13-2CO.10.16	12
15:20	1CO.3.9-1CO.3.15	8
15:20	EPH.2.20-EPH.2.22	5
15:21	ISA.52.15	37
15:21	ISA.65.1	13
15:22	ROM.1.13	8
15:22	1TH.2.17-1TH.2.18	6
15:23	ROM.15.32	7
15:23	ACT.19.21	5
15:23	ROM.1.10-ROM.1.12	5
15:23	ROM.15.29	5
15:23	1TH.3.10	4
15:23	2TI.1.4	4
15:24	ROM.15.28	7
15:24	ROM.1.12	6
15:24	ACT.15.3	4
15:24	ACT.19.21	3
15:24	ACT.21.5	3
15:24	1CO.16.5-1CO.16.7	3
15:24	2CO.1.16	3
15:24	3JN.1.6	2
15:25	ACT.19.21	8
15:25	ACT.24.17	8
15:25	ACT.20.22	6
15:25	ACT.20.16	5
15:25	1CO.16.1-1CO.16.3	4
15:25	ACT.18.21	3
15:25	ROM.15.26-ROM.15.31	2
15:25	GAL.2.10	2
15:26	2CO.8.1-2CO.8.9	6
15:26	ACT.11.27-ACT.11.30	3
15:26	2CO.9.2	3
15:26	2CO.9.12	2
15:26	JAS.2.5-JAS.2.6	2
15:26	PRO.14.21	1
15:26	PRO.14.31	1
15:26	PRO.17.5	1
15:26	ZEC.11.7	1
15:26	ZEC.11.11	1
15:26	MAT.25.40	1
15:26	MAT.26.11	1
15:26	LUK.6.20	1
15:26	LUK.14.13	1
15:26	ACT.16.9	1
15:26	ACT.18.12	1
15:26	1CO.16.15	1
15:26	GAL.6.6-GAL.6.10	1
15:26	PHM.1.5	1
15:27	1CO.9.11	9
15:27	GAL.6.6	9
15:27	PHM.1.19	5
15:27	ROM.11.17	3
15:28	ROM.15.24	5
15:28	PHP.4.17	5
15:28	COL.1.6	4
15:28	PRO.19.21	3
15:28	LAM.3.37	2
15:28	JAS.4.13-JAS.4.15	1
15:29	ROM.1.10-ROM.1.12	5
15:29	EPH.4.13	5
15:29	PSA.16.11	4
15:29	EPH.1.3	4
15:29	EPH.3.19	3
15:29	EZK.34.26	2
15:29	EPH.3.8	2
15:30	COL.4.12	7
15:30	2CO.1.11	6
15:30	2CO.4.11	5
15:30	PHP.2.1	5
15:30	1TH.5.25	5
15:30	GEN.32.24-GEN.32.29	4
15:30	2TH.3.1	4
15:30	2CO.4.5	3
15:30	COL.1.8	3
15:30	COL.2.1	3
15:30	1TI.6.13-1TI.6.14	3
15:30	PSA.143.10	2
15:30	2CO.12.10	2
15:30	GAL.5.22	2
15:30	EPH.6.19	2
15:30	2TI.4.1	2
15:31	2TH.3.2	10
15:31	2CO.8.4	7
15:31	ROM.15.25	4
15:31	2CO.9.1	4
15:31	ACT.21.17-ACT.21.31	3
15:31	ACT.22.24	2
15:31	ACT.23.12-ACT.23.24	2
15:31	ACT.24.1-ACT.24.9	2
15:31	ACT.25.2	2
15:31	ACT.25.24	2
15:31	1TH.2.15	2
15:31	2TI.3.11	2
15:31	2TI.4.17	2
15:32	1CO.16.18	7
15:32	ACT.18.21	6
15:32	2CO.7.13	6
15:32	PHM.1.7	6
15:32	PHM.1.20	6
15:32	2TI.1.16	4
15:32	PRO.25.13	2
15:32	ACT.27.1	2
15:32	ACT.27.41-ACT.27.43	2
15:32	ACT.28.15-ACT.28.16	2
15:32	ACT.28.30-ACT.28.31	2
15:32	ROM.15.23-ROM.15.24	2
15:32	1CO.4.19	2
15:32	PHP.1.12-PHP.1.14	2
15:32	JAS.4.15	2
15:32	ROM.1.10-ROM.1.13	1
15:32	1TH.3.6-1TH.3.10	1
15:33	2CO.13.11	11
15:33	PHP.4.9	8
15:33	1TH.5.23	6
15:33	ROM.16.20	5
15:33	2TH.3.16	5
15:33	HEB.13.20	5
15:33	2CO.13.14	4
15:33	1CO.14.33	3
15:33	RUT.2.4	2
15:33	MAT.1.23	2
15:33	MAT.28.20	2
15:33	ROM.16.23	2
15:33	2TI.4.22	2
15:33	2CO.5.19-2CO.5.20	1
16:1	ACT.18.18	5
16:1	1TI.5.9-1TI.5.10	4
16:1	1PE.1.22-1PE.1.23	4
16:1	MAT.12.50	3
16:1	1TI.5.2	3
16:1	JAS.2.15	3
16:1	MRK.10.30	2
16:1	LUK.8.3	2
16:1	2CO.3.1	2
16:2	PHP.2.29	6
16:2	PHP.1.27	4
16:2	MAT.10.40-MAT.10.42	3
16:2	MAT.25.40	2
16:2	ACT.9.36	2
16:2	ACT.9.39	2
16:2	ACT.9.41	2
16:2	ROM.15.7	2
16:2	ROM.16.3-ROM.16.4	2
16:2	ROM.16.6	2
16:2	ROM.16.9	2
16:2	ROM.16.23	2
16:2	EPH.5.3	2
16:2	COL.4.10	2
16:2	1TI.2.10	2
16:2	2TI.1.18	2
16:2	TIT.2.3	2
16:2	PHM.1.12	2
16:2	PHM.1.17	2
16:2	2JN.1.10	2
16:2	PHP.4.14-PHP.4.19	1
16:2	3JN.1.5-3JN.1.10	1
16:3	ACT.18.26	6
16:3	1CO.16.19	5
16:3	2TI.4.19	5
16:3	ROM.16.9	4
16:3	1CO.16.16	4
16:3	ACT.18.2-ACT.18.17	3
16:4	1JN.3.16	4
16:4	PHP.2.30	3
16:4	JOS.10.24	2
16:4	2SA.22.41	2
16:4	MIC.2.3	2
16:4	JHN.15.13	2
16:4	ACT.15.41	2
16:4	ACT.16.5	2
16:4	ROM.5.7	2
16:4	1CO.7.17	2
16:4	1CO.16.1	2
16:4	1TH.2.14	2
16:4	REV.1.4	1
16:5	COL.4.15	8
16:5	1CO.16.19	7
16:5	PHM.1.2	7
16:5	1CO.16.15	4
16:5	MAT.18.20	3
16:5	ACT.18.12	1
16:5	ACT.18.27	1
16:5	ROM.11.16	1
16:5	ROM.15.26	1
16:5	ROM.16.8	1
16:5	ROM.16.12	1
16:5	2CO.9.2	1
16:5	JAS.1.18	1
16:5	3JN.1.1	1
16:5	REV.14.4	1
16:5	2CO.1.1	0
16:6	MAT.27.55	3
16:6	ROM.16.12	3
16:6	1TI.5.10	3
16:7	ROM.16.11	5
16:7	ROM.16.21	5
16:7	COL.4.10	4
16:7	PHM.1.23	4
16:7	2CO.5.17	3
16:7	GAL.1.22	3
16:7	EPH.2.10	3
16:7	ISA.45.17	2
16:7	ISA.45.25	2
16:7	JHN.6.56	2
16:7	JHN.14.20	2
16:7	JHN.15.2	2
16:7	ROM.8.1	2
16:7	1CO.1.30	2
16:7	2CO.5.21	2
16:7	2CO.11.23	2
16:7	GAL.2.6	2
16:7	GAL.5.6	2
16:7	GAL.6.15	2
16:7	1JN.4.13	2
16:7	1JN.5.20	2
16:7	REV.1.9	2
16:7	GAL.2.2	1
16:8	ROM.16.5	2
16:8	PHP.4.1	2
16:8	1JN.3.14	2
16:9	ROM.16.2-ROM.16.3	2
16:9	ROM.16.21	2
16:10	ROM.14.18	6
16:10	DEU.8.2	5
16:10	1PE.1.7	5
16:10	1CO.11.19	4
16:10	2CO.2.9	4
16:10	2CO.8.22	4
16:10	PHP.2.22	4
16:10	1TI.3.10	4
16:10	2TI.4.19	3
16:11	ROM.16.21	3
16:11	ROM.16.7	1
16:12	1TH.5.12-1TH.5.13	5
16:12	1CO.15.58	4
16:12	1CO.16.16	4
16:12	HEB.6.10-HEB.6.11	4
16:12	MAT.9.38	2
16:12	1CO.15.10	2
16:12	COL.1.29	2
16:12	COL.4.12	2
16:12	1TH.1.3	2
16:12	1TI.4.10	2
16:12	1TI.5.17-1TI.5.18	2
16:13	MRK.15.21	4
16:13	1TI.5.2	4
16:13	2JN.1.1	4
16:13	JHN.15.16	3
16:13	MAT.12.49-MAT.12.50	2
16:13	MAT.20.16	2
16:13	MRK.3.35	2
16:13	JHN.19.27	2
16:13	EPH.1.4	2
16:13	2TH.2.13	2
16:14	ROM.8.29	2
16:14	COL.1.2	2
16:14	HEB.3.1	2
16:14	1PE.1.22-1PE.1.23	2
16:15	ROM.16.2	5
16:15	ROM.1.7	3
16:15	ISA.60.21	2
16:15	ROM.16.14	2
16:15	EPH.1.1	2
16:15	1PE.1.2	2
16:16	1CO.16.20	9
16:16	1TH.5.26	9
16:16	2CO.13.12	7
16:16	1PE.5.14	6
16:16	ACT.20.37	4
16:17	JUD.1.19	27
16:17	2TH.3.6	24
16:17	1TI.6.3-1TI.6.5	22
16:17	2TI.3.5	22
16:17	COL.2.8	20
16:17	TIT.3.10	17
16:17	2TH.3.14-2TH.3.15	15
16:17	2JN.1.7-2JN.1.11	15
16:17	GAL.2.4	14
16:17	PHP.3.17	12
16:17	1TI.1.3	12
16:17	GAL.1.7-GAL.1.9	11
16:17	MAT.18.7	9
16:17	1CO.1.10-1CO.1.13	9
16:17	1CO.3.3	9
16:17	1CO.5.9-1CO.5.11	9
16:17	2PE.2.1-2PE.2.2	9
16:17	ACT.15.24	8
16:17	PHP.3.2-PHP.3.3	7
16:17	MAT.18.17	6
16:17	ACT.15.1-ACT.15.5	6
16:17	LUK.17.1	5
16:17	1CO.11.18	5
16:17	1JN.2.19	5
16:18	COL.2.4	15
16:18	MAT.7.15	13
16:18	MIC.3.5	10
16:18	1TI.6.5	10
16:18	PHP.3.19	9
16:18	2TI.3.2-2TI.3.6	9
16:18	2PE.2.3	9
16:18	2TH.2.10	6
16:18	JUD.1.16	6
16:18	HOS.4.8-HOS.4.11	5
16:18	2CO.11.13-2CO.11.15	5
16:18	GAL.1.10	5
16:18	TIT.1.10-TIT.1.12	5
16:18	2PE.2.18-2PE.2.20	5
16:18	PRO.22.3	4
16:18	ISA.30.10-ISA.30.11	4
16:18	ISA.56.10-ISA.56.12	4
16:18	JER.8.10-JER.8.11	4
16:18	EZK.13.19	4
16:18	MAT.24.24	4
16:18	PHP.2.21	4
16:18	2TI.2.16-2TI.2.18	4
16:18	2PE.2.10-2PE.2.15	4
16:18	JUD.1.12	4
16:18	1SA.2.12-1SA.2.17	3
16:18	1SA.2.29	3
16:18	2CH.18.5	3
16:18	2CH.18.12-2CH.18.17	3
16:18	PSA.19.7	3
16:18	PSA.119.130	3
16:18	PRO.8.5	3
16:18	JER.23.17	3
16:18	JER.28.1-JER.28.9	3
16:18	JER.28.15-JER.28.17	3
16:18	EZK.13.16	3
16:18	MAT.6.24	3
16:18	MAT.24.11	3
16:18	MAT.24.48-MAT.24.51	3
16:18	JHN.12.26	3
16:18	ROM.16.19	3
16:18	2CO.2.17	3
16:18	COL.3.24	3
16:18	1JN.4.1-1JN.4.3	3
16:18	PRO.14.15	2
16:18	MAL.1.10	2
16:18	2CO.4.2	2
16:18	2CO.11.3	2
16:18	JAS.1.1	2
16:18	JUD.1.1	2
16:18	REV.1.1	2
16:19	MAT.10.16	23
16:19	1CO.14.20	22
16:19	PHP.2.15	12
16:19	JAS.3.13-JAS.3.18	12
16:19	ROM.1.8	8
16:19	JER.4.22	7
16:19	EPH.5.17	7
16:19	PHP.1.9	7
16:19	PSA.101.2	6
16:19	COL.3.16	6
16:19	2TI.3.15-2TI.3.17	6
16:19	ISA.11.2-ISA.11.3	5
16:19	EPH.1.15-EPH.1.18	4
16:19	1TH.3.6-1TH.3.10	4
16:19	1KI.3.9-1KI.3.12	3
16:19	LUK.10.3	3
16:19	COL.1.3-COL.1.9	3
16:19	1TH.1.2-1TH.1.3	3
16:19	1TH.1.8-1TH.1.9	1
16:20	LUK.10.19	42
16:20	1JN.3.8	30
16:20	GEN.3.15	20
16:20	ZEC.10.5	18
16:20	MAL.4.3	18
16:20	REV.12.10	14
16:20	ROM.15.33	9
16:20	HEB.2.14-HEB.2.15	9
16:20	REV.22.21	9
16:20	1TH.5.28	7
16:20	ROM.8.37	6
16:20	ISA.25.8-ISA.25.12	5
16:20	2CO.13.14	5
16:20	GAL.6.18	5
16:20	PHP.4.23	5
16:20	2TH.3.18	5
16:20	REV.20.1-REV.20.3	5
16:20	JOB.40.12	4
16:20	1CO.16.23	4
16:20	2TI.4.22	4
16:20	PHM.1.25	4
16:20	ISA.63.3	2
16:20	1CO.16.2-1CO.16.4	0
16:21	ACT.20.4	5
16:21	ACT.13.1	4
16:21	ACT.17.5	3
16:21	ROM.16.7	3
16:21	ROM.16.11	3
16:21	ACT.16.1-ACT.16.3	2
16:21	ACT.17.14	2
16:21	ACT.18.5	2
16:21	ACT.19.22	2
16:21	2CO.1.1	2
16:21	2CO.1.19	2
16:21	PHP.1.1	2
16:21	PHP.2.19-PHP.2.23	2
16:21	COL.1.1	2
16:21	1TH.1.1	2
16:21	1TH.3.2	2
16:21	1TH.3.6	2
16:21	2TH.1.1	2
16:21	1TI.1.2	2
16:21	1TI.6.11	2
16:21	1TI.6.20	2
16:21	2TI.1.2	2
16:21	HEB.13.23	2
16:22	GAL.6.11	3
16:22	ROM.16.8	2
16:22	1CO.16.21	2
16:22	COL.3.17	1
16:23	ACT.19.22	7
16:23	1CO.1.14	6
16:23	2TI.4.20	3
16:23	3JN.1.1-3JN.1.6	3
16:23	ACT.19.29	2
16:23	ACT.20.4	2
16:25	1CO.2.7	13
16:25	COL.1.26-COL.1.27	10
16:25	ROM.2.16	9
16:25	EPH.1.9	8
16:25	2TH.2.14	7
16:25	2CO.4.3	5
16:25	EPH.3.3-EPH.3.5	5
16:25	EPH.3.9	5
16:25	EPH.3.20-EPH.3.21	5
16:25	DAN.2.22	4
16:25	AMO.3.7	4
16:25	1PE.5.10	4
16:25	MAT.13.17	3
16:25	MAT.13.35	3
16:25	LUK.10.23-LUK.10.24	3
16:25	ACT.9.20	3
16:25	ACT.20.32	3
16:25	1CO.1.23	3
16:25	1CO.2.1-1CO.2.2	3
16:25	1CO.4.1	3
16:25	2CO.4.5	3
16:25	GAL.2.2	3
16:25	EPH.3.11	3
16:25	EPH.6.19	3
16:25	2TH.3.3	3
16:25	2TI.1.9	3
16:25	2TI.2.8	3
16:25	HEB.7.25	3
16:25	1PE.1.10-1PE.1.12	3
16:25	ROM.14.4	2
16:25	1TH.3.13	2
16:25	2TH.2.16-2TH.2.17	2
16:25	TIT.1.2	2
16:25	1PE.1.20	2
16:25	JUD.1.24-JUD.1.25	2
16:25	PSA.78.2	1
16:26	ROM.1.5	9
16:26	ROM.15.18	9
16:26	GAL.3.8	8
16:26	ISA.40.28	7
16:26	1TI.1.17	6
16:26	GEN.21.33	5
16:26	2TI.1.10	5
16:26	TIT.1.2-TIT.1.3	5
16:26	ACT.13.46-ACT.13.47	4
16:26	ROM.1.2	4
16:26	ROM.15.4	4
16:26	EPH.1.9	4
16:26	COL.1.26	4
16:26	1JN.5.20	4
16:26	MIC.5.2	3
16:26	MAT.28.19-MAT.28.20	3
16:26	MRK.16.15	3
16:26	LUK.24.44-LUK.24.47	3
16:26	ACT.26.17-ACT.26.18	3
16:26	ACT.26.22-ACT.26.23	3
16:26	EPH.2.20	3
16:26	DEU.33.27	2
16:26	ISA.9.6	2
16:26	ACT.6.7	2
16:26	ACT.8.32-ACT.8.35	2
16:26	ACT.10.43	2
16:26	ROM.1.20	2
16:26	ROM.3.21	2
16:26	HEB.9.14	2
16:26	REV.1.8-REV.1.11	2
16:26	HEB.13.8	1
16:26	REV.1.17	1
16:26	REV.19.10	1
16:27	ROM.11.36	7
16:27	1TI.1.17	7
16:27	REV.7.10-REV.7.12	5
16:27	ROM.11.33-ROM.11.34	4
16:27	REV.19.1-REV.19.6	4
16:27	1PE.2.5	3
16:27	REV.1.5-REV.1.6	3
16:27	REV.5.9-REV.5.14	3
16:27	PSA.147.5	2
16:27	GAL.1.4-GAL.1.5	2
16:27	EPH.1.7-EPH.1.8	2
16:27	EPH.3.10	2
16:27	EPH.3.20-EPH.3.21	2
16:27	PHP.4.20	2
16:27	COL.2.2-COL.2.3	2
16:27	1TI.6.16	2
16:27	2TI.4.18	2
16:27	HEB.13.15	2
16:27	HEB.13.21	2
16:27	1PE.5.10-1PE.5.11	2
16:27	2PE.3.18	2
16:27	JUD.1.25	1
16:27	REV.4.9-REV.4.11	1
